index,session_id,episode_id,causal_norad,retrospective_norad,identity_changed,identical_tle,material_improvement,pipeline_causal_heldout_hz,pipeline_retrospective_heldout_hz,causal_age_h,retrospective_age_h
0,scan-fw-8699866a15184946,sha256:9172ffd35a64469ef817ad5ff096700e9bb97cac7e9c2353468af899b2314420,63567,63567,False,False,True,163.57549502253977,39.993329058509595,26.937246530451944,4.967407250451944
1,scan-fw-8699866a15184946,sha256:83fe6a5c63d678b993cee3a9e41cee80c139927e817821969ec0b4546f449620,67830,67830,False,False,True,235.4268149071839,103.72502174806478,20.615785490451945,-2.9234269895480556
2,scan-fw-8699866a15184946,sha256:ce33183981b89ee70863159a9c06d76acebeba3c7b0347aa79977611f1d18583,67830,67830,False,False,True,140.34911052363586,98.23114181893354,20.615785490451945,-2.9234269895480556
3,scan-fw-39187e04fd26143a,sha256:1dbda9caa70a8ff22772adc0e2931e72f5f8e109e113db3ebcf1dba8651559a0,59790,59790,False,False,True,90.42229000531417,60.58946633500031,25.590375110335,0.481991270335
4,scan-fw-39187e04fd26143a,sha256:5332b192a3cb85ab84b252cac1e7989b2dcbeb57931957c67401529b179585d0,59790,59790,False,False,True,86.3676953766261,51.95149722292416,25.590375110335,0.481991270335
5,scan-fw-39187e04fd26143a,sha256:eefbf6635fcff0bbfbc228a100cd50ba47c92fe0362f7844bc2f3a6cc357a8aa,66011,66011,False,True,False,75.83760816425425,93.8807754175829,20.538075830335,20.538075830335
6,scan-fw-39187e04fd26143a,sha256:6ebb2973b9ecda724cf379f40d20d60259568606a45f38a3d9c51e15ac6022cb,66011,66011,False,True,False,105.60322598295886,119.77162911384275,20.538075830335,20.538075830335
7,scan-fw-39187e04fd26143a,sha256:d48e138025b2422ee4fe42ae75078225438408d289039f3962c40f249980d1e3,61931,61931,False,False,True,66.15714833363654,13.343201786521519,26.884987430335,4.915114070263889
8,scan-fw-39187e04fd26143a,sha256:cfeaabbf0b4907fd1b99807acad8982f39c31f9d129e58f0fac2b7104a079f88,66439,66439,False,False,False,151.29727739991782,114.4679663024543,20.679461030263887,4.986709430335
9,scan-fw-8f3d5e4f98298739,sha256:1aafe8836f7d62c89698240f200b24cfa18a52f57aa9307618a107ba6f2d39e6,58377,58377,False,False,True,418.8147084970467,117.91973664261317,27.133571239439167,-5.694887320631945
10,scan-fw-8f3d5e4f98298739,sha256:807fcb1a611ada32aa7ae22c03db3ba022eb4f6d20e99d8bdd2f1022dc2cbfa3,58377,58377,False,False,True,385.4401735504007,59.302656126862594,27.133571239439167,-5.694887320631945
11,scan-fw-8f3d5e4f98298739,sha256:f403a80c57237836525a2e3db8fc829d46ef5d584e8a523fbd79709bc3d153eb,66539,66539,False,False,True,60.2115432206936,33.573562964295846,22.246586599439166,-1.2925757205608333
12,scan-fw-8f3d5e4f98298739,sha256:eddf8468b4f85adbf3d6193139bc712c9ccc73a3f28533ae8769bcb6a11391f3,66539,66539,False,False,False,46.602862642325356,37.05534681792404,22.246586599439166,-1.2925757205608333
13,scan-fw-8f3d5e4f98298739,sha256:a054498f8d0d0497c01c59d7e3616a4bc2fb5cbe30922ef26b06cd30b0acf771,56505,56505,False,False,False,33.084958058079216,41.68541119276558,16.171887799439165,0.47900011936805553
14,scan-fw-8f3d5e4f98298739,sha256:c767bf9f0a94a7f8aa7e7de6fd84d0c39a725cf6d3536c690103fe9df9d72948,58377,58377,False,False,True,178.78664263328267,43.267442343142925,27.133571239439167,-5.694887320631945
15,scan-fw-8f3d5e4f98298739,sha256:c828d7f3fa682ae56d570985549801fb68fbe6465490b613706302a9a3dab540,58377,58377,False,False,True,325.26436383511225,124.88309077956418,27.133571239439167,-5.694887320631945
16,scan-fw-cac2852c8b997373,sha256:c59fe8b48f32fcc52907abb5a082e25a7961fdf571d3a60dbb2fb34d23b43e7d,61929,61929,False,False,True,95.7032097905869,23.616744475973327,22.177421248258888,-1.3617153917411111
17,scan-fw-cac2852c8b997373,sha256:b74d050170720ff3f9fed93fc3ef6bd64567b574d1d0f2da66e4d499d9b88c3e,61929,61929,False,False,False,49.54415282579038,31.93860827498217,22.177421248258888,-1.3617153917411111
18,scan-fw-cac2852c8b997373,sha256:0b8918adb1f0d253bb313eaba733955fd5dcbb72875fd1c7aa3237fd145cc778,61929,61929,False,False,True,86.04099730373076,22.049202544657724,22.177421248258888,-1.3617153917411111
19,scan-fw-cac2852c8b997373,sha256:259567ab899a51514cb75b0cba126a1410b7df280d8b7be75a3673cde97fc7ab,61929,61929,False,False,True,79.13759760733102,10.796477321266444,22.177421248258888,-1.3617153917411111
20,scan-fw-cac2852c8b997373,sha256:31fbb974803330efc0aa71d9042c1649b30dde87bffc08a538716e089c21ff37,61929,61929,False,False,True,85.1407288370365,29.17124653708119,22.177421248258888,-1.3617153917411111
21,scan-fw-2cc439088902d3cb,sha256:c734841cd80ed459cc4f5dccfa4e25cb4a21b3e8799aa89b97bb986f776dcecb,64264,64264,False,False,True,142.38616004435866,92.68206910505447,20.49424770107722,3.2983677010772223
22,scan-fw-2cc439088902d3cb,sha256:6ba7bfa155ac5324723ef5a91376f2af49ba463fea74abd1d5e041885354fc60,64264,64264,False,False,True,184.05398629587745,112.43105804016899,20.49424770107722,3.2983677010772223
23,scan-fw-2cc439088902d3cb,sha256:03cc92343a916c78430055d4f66137e3cf5cb22fc784406e6c05e2dfad1c6989,67555,67555,False,False,False,134.15764003684006,104.5024829661575,19.370710981077224,3.709505701077222
24,scan-fw-2cc439088902d3cb,sha256:8c722151d1b2f9bd14ceb33f9312532dc4a914e2e8e79705ec2611bf91c7da31,61912,61912,False,False,True,203.20236227182306,33.80746961540326,22.245492421006112,-2.8629403788516665
25,scan-fw-84018161c4854b96,sha256:f961c60c216605517cb9474ea652dbe6cbb44371d0a11e942f7954c03066254d,64257,64257,False,False,True,138.68920178793485,20.370815678505117,20.497406076655277,3.301555116655278
26,scan-fw-84018161c4854b96,sha256:fcc7fd812a2a65920616381def9c568edfa79ee14d43b6f5cc6c07ea26368253,64257,64257,False,False,True,259.99035979940373,114.60085713699009,20.497406076655277,3.301555116655278
27,scan-fw-84018161c4854b96,sha256:695d62f47256d48e73ba52e37c545d627c935d9cb6161d4f9a3a504e31707847,64257,64257,False,False,True,304.064450680004,108.13341055422744,20.497406076655277,3.301555116655278
28,scan-fw-84018161c4854b96,sha256:6b3902295818cfdbc5d9e8cd47ae39109c05fb9f683837536e1551ae877c629a,62285,62285,False,False,True,323.6164097704943,52.71314003055612,30.247068156655278,0.43095255665527776
29,scan-fw-84018161c4854b96,sha256:fb28ebb901cbba8752a7ad3c2258caae05efd7f484986cd4e820a26d902ae6f3,64257,64257,False,False,True,285.27698154111437,57.33975744073486,20.497406076655277,3.301555116655278
30,scan-fw-84018161c4854b96,sha256:074af9e4c5a0c123117d49306d289aa1b724d0e30bf4a3cb34e751cd62b933cd,64257,64257,False,False,True,508.2766037171366,30.343648973860752,20.497406076655277,3.301555116655278
31,scan-fw-339f6cd315644713,sha256:e50ddc6646d98feaf2e50f83d6915ef361e4ab27e0cec9123d924a62dccdce38,58747,58747,False,False,False,82.06025712653806,70.65646600842591,24.000885933446668,2.0311815334466665
32,scan-fw-339f6cd315644713,sha256:f0936745d75008435766fe7743c14e7e1393feb4ee6c11f38060c14944870553,64272,64272,False,False,True,221.62362041082292,111.91443088403612,20.520616893446668,-10.744645346624445
33,scan-fw-339f6cd315644713,sha256:dd4c30c4193b28ddd88d1c163b36c11bef1ab8210ba3fc8a913d4c64924e751c,64272,64272,False,False,False,246.2603481216115,242.72876892646602,20.520616893446668,-10.744645346624445
34,scan-fw-99d253498c148c7e,sha256:7a76304dbfc038bd15c27ab14b1c3979b32de8cc58a0dee5d0c683c354d29c73,62492,62492,False,False,False,161.22053467855358,164.3536027043867,22.21246057167222,-1.3266244682566666
35,scan-fw-99d253498c148c7e,sha256:7633073878a8a79384b6529064d8502be8c5317b6fe34d63fc585986130e0c90,62492,62492,False,False,True,153.4173601658722,55.754682640105436,22.21246057167222,-1.3266244682566666
36,scan-fw-99d253498c148c7e,sha256:425462b93938d6725d5442c0e9943f5ed8e5cdb64497916571ed02957d3a57b7,62492,62492,False,False,True,192.12186844955212,125.05657797588539,22.21246057167222,-1.3266244682566666
37,scan-fw-99d253498c148c7e,sha256:f7f3aa51d5c6d01f7c28ed329aa4e89b8db9c88e89390a6b65fa486014d8efea,61547,61547,False,False,False,93.58785100106684,175.01190810360748,17.70811249167222,2.0752094516722224
38,scan-fw-99d253498c148c7e,sha256:66face50909026e40d267ff7a8ba02093e478f0c4f9a6732c1ef720c1f23bf91,61547,61547,False,False,False,105.220173772309,137.4655411529702,17.70811249167222,2.0752094516722224
39,scan-fw-99d253498c148c7e,sha256:2c055ac8c884a08fde573239ea15024aec1b80ace4d689eacf1b4c45a0378930,67356,67356,False,False,False,43.949269882082966,36.83163136216053,9.842395691672222,0.4267576916722222
40,scan-fw-99d253498c148c7e,sha256:021c97ca1de73f441ca959a06d8ffeb8aef55b7c135d0258bd40782128d068e1,67356,67356,False,False,True,93.05458243988744,49.66734688240532,9.842395691672222,0.4267576916722222
41,scan-fw-f5c5c846a92fc5e7,sha256:b60e613d30fa77f5e621acc4d4f620cece9748cc5356833a2cb00fac33cf1b56,66474,66474,False,False,True,164.87388272328369,75.88696249209255,22.218519386959724,-20.15234085304028
42,scan-fw-f5c5c846a92fc5e7,sha256:2035daa283be6cd4dba30c084204b50f581e13d7250b6cbfd1a906c2419cc5d0,66474,66474,False,False,True,446.96989512979457,130.2859600514323,22.218519386959724,-20.15234085304028
43,scan-fw-f5c5c846a92fc5e7,sha256:0a6caa235e07bd5b93f696d9b8eb4d2176e9df9c7a4d20785e0ce6e6536e9f1a,62570,62570,False,False,True,305.8258791207379,107.43085282515932,26.94347066688861,-1.3034565330402779
44,scan-fw-f5c5c846a92fc5e7,sha256:ee878bb95d542d8d89f2f43da7b250e0608a74e0c16a6d787afd469eb801276b,67360,67360,False,False,True,201.73357712635595,34.220114076847295,25.578713306959724,2.0394343469597223
45,scan-fw-c278e7656221ad52,sha256:f100a063dac4ee550ea6551acd9cf277ada45c93d61a620789181ca331c85cb8,59085,59085,False,False,True,390.13758621310984,75.60165118686749,52.02630101864417,-1.3290611413558333
46,scan-fw-c278e7656221ad52,sha256:ba53043b82ad328432e515ebd58374574db1a74a86d811d1a109067580f84d26,57826,57826,False,False,True,79.9970940619382,38.61518103261476,23.965123738644166,0.42583853864416665
47,scan-fw-ccbbacd514abeb9f,sha256:d3dfb18a700f015ff83c36441d73b63f1f3f38f392d20ea15f0c859ce1e0a7af,61863,61863,False,False,False,37.96141123446498,33.80463951467713,16.134101700193334,2.0105488201933333
48,scan-fw-7c0ab729e74bedf6,sha256:8dd599b8f84b912debbb665368b98df4e7f76927a967fc6b1cf5bac809c79f27,64247,64247,False,False,True,97.60054147256302,70.76220450786205,22.192354988541943,4.930324988541944
49,scan-fw-7c0ab729e74bedf6,sha256:9d14c53497616c5d59966c2ce3cb9809107810b3f21f56d6a52603a5a49e4c53,63494,63494,False,False,False,59.39733572302286,39.91813089213086,20.463965948541944,3.2680137085419445
50,scan-fw-7c0ab729e74bedf6,sha256:9af2429433bc5978af9de5bf179e47989f20199bda2a0518844103ba229b286e,63494,63494,False,False,True,103.43156739267937,71.1601420925932,20.463965948541944,3.2680137085419445
51,scan-fw-7c0ab729e74bedf6,sha256:5878eff14a1b9e123bc5c1aedfaf27869315420237a541cb8782547c46e61fe4,64247,64247,False,False,True,140.58854365432296,64.73318632078954,22.192354988541943,4.930324988541944
52,scan-fw-7c0ab729e74bedf6,sha256:19daddff2f064c7b6150279e0c810ddcec865daaa726c3334e2c245576349025,64247,64247,False,False,False,148.90423707100317,117.59123323107288,22.192354988541943,4.930324988541944
53,scan-fw-7c0ab729e74bedf6,sha256:150312edb3858c23fd4c8d8b061f400d110a8b655c73a972b67df791d634198e,63494,63494,False,False,False,87.3323202779175,82.35941426640969,20.463965948541944,3.2680137085419445
54,scan-fw-7c0ab729e74bedf6,sha256:5e8597ca91df0cb3be88f12efa2bd5c486b9536cd8eb99cae518c5bf6d16fd16,61953,61953,False,False,False,189.56966934541705,301.05224766816633,14.224014428541944,4.844378828613055
55,scan-fw-9c432e95cfac4f8b,sha256:0fa8fcaf1e12d349b4aabce272fbe4484b566feca9518b229f5f56e6e89c6794,63513,63513,False,False,False,25.560495534564897,24.052532432889297,22.095833426675,-2.960275293325
56,scan-fw-9c432e95cfac4f8b,sha256:545513054b8310239c0e6cba172e43d0ec0755fcdc79520775fb6b94f4e292f7,67913,67913,False,False,True,71.39680883001056,18.391141005815822,16.111257266675,1.987777826675
57,scan-fw-9c432e95cfac4f8b,sha256:7e0ce82e513580ee148d2a69db6fa174f8516924da15de50b1616fbf57703279,67913,67913,False,False,True,72.6417934026352,41.164192407514406,16.111257266675,1.987777826675
58,scan-fw-9c432e95cfac4f8b,sha256:254f4e3bb9614d687869e8e384cb69b55827bb1da02aa4c7f6d025ce11ca40da,66624,66624,False,False,True,92.32521828210659,21.841299082641882,20.468327666675,-9.233659773325
59,scan-fw-9c432e95cfac4f8b,sha256:20e8511c760398ef182eb75fa5048c825453c3c351c14811c9312852b88906c7,66624,66624,False,False,True,122.55786197703374,53.8915113296354,20.468327666675,-9.233659773325
60,scan-fw-0a4527c2676967c7,sha256:774f6602979c931fd25fc7e41c7c742d35887c703952f342b19c222d5d4ef449,66626,66626,False,True,True,74.69176058158536,53.58830485212682,3.338272585533889,3.338272585533889
61,scan-fw-0a4527c2676967c7,sha256:1f2600f45e1272b7703b977b6b8a72bbdde43a10060e925f654f06fcdfac8183,66618,66618,False,True,False,149.005622818049,130.20077198530225,3.287416105533889,3.287416105533889
62,scan-fw-0a4527c2676967c7,sha256:b56a4d025556709095ed2f24b45cba532181f8d0ad70905d0c72e528ca1d21a7,66618,66618,False,True,True,194.4990508263363,116.02156765011163,3.287416105533889,3.287416105533889
63,scan-fw-0a4527c2676967c7,sha256:f5005db9160241be05bf3dcef07327b02a2118eca5c0257b1cde9f47a03516b2,66618,66618,False,True,True,156.79336676322492,21.214343064192654,3.287416105533889,3.287416105533889
64,scan-fw-0a4527c2676967c7,sha256:0528227ebf4b87b3e446a8db494ce563e410275c2d416b19f8bb318676c08473,66618,66618,False,True,False,75.69690586348007,85.98065075399609,3.287416105533889,3.287416105533889
65,scan-fw-268cf33c4b083540,sha256:853f4429882421241e9b0a0fcc050640403b0c0f71f8c853822c8d239a743158,58069,58069,False,False,True,188.28822240175907,39.75406977498351,22.44842752057889,-1.090589839421111
66,scan-fw-268cf33c4b083540,sha256:e586c16a0a5576843e14855228d35af4f1982f61bb05fe3b3c45b2557c479333,58069,58069,False,False,True,277.7001790705173,100.50282752397199,22.44842752057889,-1.090589839421111
67,scan-fw-268cf33c4b083540,sha256:508a4df554e0277e4a139d33f00c54d3899bf10a3a0f1a62cc066e7df280ca22,61523,61523,False,False,True,416.581832351324,85.0574998641324,22.04994592057889,4.854255280507778
68,scan-fw-268cf33c4b083540,sha256:d5136fa6381302c63fe13a59fbd49a02a3df87675fa86e55be5ded5326d2a9dc,64025,64025,False,False,False,67.0296409164748,47.656978529735376,20.533741600507778,17.39467888057889
69,scan-fw-268cf33c4b083540,sha256:39f1064fd5c59cf8cb34b33240938e9ecbf0b3e7e8e7e07ea86b8799838b6367,57409,57409,False,False,False,72.16404155292356,53.36106091815509,9.87423280057889,-7.3877763194211115
70,scan-fw-268cf33c4b083540,sha256:04d7eac703d22df78abb9f3a812ac976ae56c6ac021d2ef829b121a50745283b,57409,57409,False,False,True,93.98922263675189,52.5740122152228,9.87423280057889,-7.3877763194211115
71,scan-fw-494cdb3ae1f42bec,sha256:95c52fed6733cd596ee8277a239eff0afc3242f4d311e7f96d70c8f609a4e51a,59369,59369,False,False,False,42.971342184875155,44.71194009620152,31.822466996627778,-7.409466123372222
72,scan-fw-494cdb3ae1f42bec,sha256:1025fa8cb2028d7e5ea12442ca39f071535a02ddf0105733196f7fc57c99fef7,59369,59369,False,False,False,47.387394810170626,52.31842661360919,31.822466996627778,-7.409466123372222
73,scan-fw-494cdb3ae1f42bec,sha256:db5cf6e98d02b05812f39fa73ff3906b7e9a63ec0285e0e43f818ff23773c71a,67704,67704,False,False,True,531.5044187841969,68.71494784317173,25.16255243669889,1.6705102766277777
74,scan-fw-494cdb3ae1f42bec,sha256:f206346103d006e911a1b8d741c3af6601dbbd9041dd5972fcbc0c22e376f900,67704,67704,False,False,True,306.8237082567846,41.46143266142111,25.16255243669889,1.6705102766277777
75,scan-fw-f56ff9b54a60fc9c,sha256:6ae95f66636d064806030e23c3268a4a9226acd73ca7dddf5361a6cd9ef2f9ad,58859,58859,False,False,True,131.5746290857313,90.9112688061598,24.018473147682222,3.617691227682222
76,scan-fw-f56ff9b54a60fc9c,sha256:5bbe2d8a95b29cce8a50004d1411a3bb2919e320c1b2e6eba6a3450b6888cd22,58859,58859,False,False,True,119.4595095142516,80.35524856880824,24.018473147682222,3.617691227682222
77,scan-fw-f56ff9b54a60fc9c,sha256:3f0fe00320e9ae24bff47be61fd25a755efec055a814dc9c2979e8627dbdb497,58859,58859,False,False,False,110.01770281203856,99.03161771388555,24.018473147682222,3.617691227682222
78,scan-fw-f56ff9b54a60fc9c,sha256:113abd40786005d5d222a2c4686963f73ba10f3da4544b3af09048e84308cfd4,58859,58859,False,False,False,87.17811411070421,68.06706752067687,24.018473147682222,3.617691227682222
79,scan-fw-f56ff9b54a60fc9c,sha256:6a6517c7f897a995cf913eddaf9e8b97a77cea46ef2f26c3aa586cb1172697dd,65207,65207,False,False,True,131.83722171495157,40.70048697193639,23.652806267682223,-2.9227266123177778
80,scan-fw-f56ff9b54a60fc9c,sha256:1923c87a4fa36181c3ddd82bc57fd44ac44493bf1d4763a272a9d4c9b1ab1b48,65207,65207,False,False,True,135.6951393068828,22.274381890862248,23.652806267682223,-2.9227266123177778
81,scan-fw-8cc2bf3afeb44437,sha256:23b31aac8a37867bc4b461295cace39393d9ed3662253250c054abc51f852028,65211,65211,False,False,False,120.73151763565075,125.49435492278855,20.530011633990277,-2.9190244460097223
82,scan-fw-8cc2bf3afeb44437,sha256:a723a5a3125bf48a918b15830d104f33699d6d58088326efab877f7f5a5e1faa,63572,63572,False,False,False,32.4260892993329,27.187387887201638,28.494524913919168,4.955361873990277
83,scan-fw-8cc2bf3afeb44437,sha256:8d26847799dda8f7709348aeef54fb98f17d12d05103af0cc6730d88f7744e83,63572,63572,False,False,False,39.87496689596848,24.39548032217577,28.494524913919168,4.955361873990277
84,scan-fw-8cc2bf3afeb44437,sha256:7bbccbf9d1d82862f220201427efd437085afc5167bc645cff55f9ffb1230057,63572,63572,False,False,False,22.897235500987897,21.83759158310075,28.494524913919168,4.955361873990277
85,scan-fw-1f8c05375035758c,sha256:a33207cee0e8fe930a676eee08e2893f2527fb27fb7f7200cd25706a3c4eeb93,59366,59366,False,False,False,42.12598228374621,40.08385896910434,9.863190573564166,0.4475700936352778
86,scan-fw-1f8c05375035758c,sha256:9f56d26ecc624dcd08341c84ee52db1ebad17d0ec45381a065b978f27e1565dc,59366,59366,False,False,False,120.22080647237962,106.9612731391456,9.863190573564166,0.4475700936352778
87,scan-fw-6f09c0e970553e7b,sha256:32f3730e72492b0a71d2eb80f494b91fa2b91169c6c6954587a550ff84d921d6,63468,63468,False,False,False,50.28192292941609,36.2811694074176,9.87750454292139,8.30823910292139
88,scan-fw-6f09c0e970553e7b,sha256:6a6feaaaee861fd747a933a6954bb0c32df8312f28955d999da694e0e7826e66,54779,54779,False,False,False,33.59947295081971,19.85185110434559,25.57369006292139,2.124696702921389
89,scan-fw-6f09c0e970553e7b,sha256:9264b01107609a69b67b5824745bfe1d015b4af9812132528864a449535b264a,59353,59353,False,False,False,142.8303569749942,121.5858448908412,9.84757486292139,-7.414395857149723
90,scan-fw-b623e058c7e3a4c4,sha256:33b4cfd95ef6504136a5c61cab9a9061dd7895659337795840c64177f9b1d6b0,63483,63483,False,False,False,51.01847368605911,57.80757609471622,9.8563897236675,2.0099550036675
91,scan-fw-b623e058c7e3a4c4,sha256:2aaacea4b2be37fdf40838f50ed4400e82033df8e4aa7d9ee4f6b6eae51ca051,63483,63483,False,False,False,48.89348353566993,56.82594853986262,9.8563897236675,2.0099550036675
92,scan-fw-b623e058c7e3a4c4,sha256:202d086a4556827d9a0dd7afaaac5aab3d34422e77b932ca732b0fd58dd30ee2,59367,59367,False,False,False,25.3933837889289,44.53238317915621,27.1810585236675,0.5032846837386111
93,scan-fw-b06315212ddf5fc7,sha256:a2d5e38ccf4949d6792315d092c763586225831f034709918d3780f1822fefe2,60262,60262,False,False,True,221.10331602609114,136.75455309831386,11.4638131558725,2.0678052358725
94,scan-fw-b06315212ddf5fc7,sha256:7ef6a0c5757767df155cb42d375421e79e522599d4ea280af5ec2fec6031050c,69956,69956,False,False,False,119.75188316733343,111.09945075850388,4.8691101958725,-2.9471534041275
95,scan-fw-b06315212ddf5fc7,sha256:09da21aed5ea5f484bfdefc08a0bb4c4fb5639954a7a21b5bf9793bbafbe228f,69956,69956,False,False,False,109.66111050575846,142.57773450117068,4.8691101958725,-2.9471534041275
96,scan-fw-58e52b6878d5b070,sha256:5ed29b25fe8eb3df6dafe8b97c9e400740728a985318906747f037e8b51b2a33,65915,65915,False,False,True,58.05050308691803,18.076164083492014,20.506607724153888,-2.942293475775
97,scan-fw-58e52b6878d5b070,sha256:9a5fdd91d1395ed997dfeb319b6b322ebaee2d422fe5e1d605a88763d7ef71b8,69526,69526,False,False,True,101.96558192042563,49.41207215271336,28.65694268415389,-5.734929875846111
98,scan-fw-58e52b6878d5b070,sha256:3520b4911cbc4a5f670ab953a8b5c2bfceb96466df0b99ecb2c06db12b29c486,65915,65915,False,False,False,70.05709974297653,68.34562616224662,20.506607724153888,-2.942293475775
99,scan-fw-219c32625329e76d,sha256:a5fd249f60e7c593c8e3ed95608def02d261c466862f1af631a6909c4fb200c6,62200,62200,False,True,False,32.38384388802162,101.78305890735986,9.848192592082222,9.848192592082222
100,scan-fw-219c32625329e76d,sha256:0600fcb5c06ab1a03e49ce9a58cac441e816a0139c087fd46ba7132eea6f7a4b,62200,62200,False,True,False,25.954507446729977,57.08614791536398,9.848192592082222,9.848192592082222
101,scan-fw-219c32625329e76d,sha256:8f873029302b9e1fb8d4ea1398d4c4c954ddbef53efafafc797771f88e4b8ea3,59846,59846,False,False,True,199.24494214647163,124.56165553029753,9.860631792082222,9.860631552082221
102,scan-fw-219c32625329e76d,sha256:895b9f5a8d6c9fc6dc8feb0e9ea60410cd411316615e3b8dbf1a0ac9b5e241a1,59846,59846,False,False,True,172.5550831863291,120.97625884662823,9.860631792082222,9.860631552082221
103,scan-fw-219c32625329e76d,sha256:5bc63e8b900cec1a2996662ff5f372e48ee6281938e9ebc8fc9b36a81f4cb466,65364,65364,False,False,True,124.21395027125753,55.2379683107934,4.875242592082222,3.3119903520822223
104,scan-fw-219c32625329e76d,sha256:f02127d3f2312070262486340c0e91cfd1cd8858c15fc0e8017600250e383193,65364,65364,False,False,True,70.80992116802705,36.39603055551675,4.875242592082222,3.3119903520822223
105,scan-fw-219c32625329e76d,sha256:85863edcc0ec4c1009f74a635b9afb4d6f74324d88ea8de2d77e786f8131d086,65364,65364,False,False,True,56.39793333577139,29.494267906741847,4.875242592082222,3.3119903520822223
106,scan-fw-ae29339ef0a8b774,sha256:26f7dab91cab2dee0f4f3ffc0b0b396b6c05b0a41c8c2b43ef303d311bf139c2,63087,63087,False,False,True,101.0639091201869,50.21970597484356,13.127221549721112,2.1406030697922223
107,scan-fw-ae29339ef0a8b774,sha256:c140806cb71ba870dbb02e1204a21da59aef1e2d7cdebc0bf43975820691aa2a,59877,59877,False,False,False,84.55643665341873,84.26577739077531,8.272513069792222,3.5646896297922224
108,scan-fw-ae29339ef0a8b774,sha256:bef9edf8069a3ff3e88c608ed4e3b16dc0a455a603f4a19c5f56b22828828e17,59958,59958,False,False,True,221.01736131813445,107.3925103192693,11.451795469792222,2.0721901097922224
109,scan-fw-ae29339ef0a8b774,sha256:fdd21309feda8aeddee1ac0ba99e5d02caa6ab3913a085bb1af4eb1f6cff5f67,63091,63091,False,False,True,71.51497357263949,47.25847815908269,13.136080189792223,11.566562509792222
110,scan-fw-ae29339ef0a8b774,sha256:c2fb623d37e22eeb73668ab5c9389a8c9e22d352b18a3b2105b5f1484500682e,63087,63087,False,False,True,150.8068258413165,36.274398911270765,13.127221549721112,2.1406030697922223
111,scan-fw-ae29339ef0a8b774,sha256:f529e8fbcdf8885b93a7dff63449d7656df9d42c1e09f550fdc44c364903e30d,59877,59877,False,False,False,28.624676326929293,31.05271462150888,8.272513069792222,3.5646896297922224
112,scan-fw-ae29339ef0a8b774,sha256:9da0f559bc5bfbacf25f502aaf52814134a86e556ce4cfe3d4b3bdfc6898288d,66853,66853,False,True,True,131.79554190758427,78.59184778792236,4.910216029863333,4.910216029863333
113,scan-fw-7bd15a039c17b925,sha256:c24363f701f5680c1f60123a08b9b432a7e623f4565c4e5099e4efefb9d53fd8,66875,66875,False,False,True,213.5290645672812,104.7047031628735,17.50769613960222,4.9534607796022225
114,scan-fw-7bd15a039c17b925,sha256:6548e5394e07fcddef05e3bb5aaf60a25bff7e9d5202a99ad9c5501b9280f66b,66875,66875,False,False,True,179.0653180349255,122.17731533844628,17.50769613960222,4.9534607796022225
115,scan-fw-7bd15a039c17b925,sha256:ee8a065165a6a692d7993fb873487ea1276248345c1f87f72aa04ee5ffcc2dec,62604,62604,False,False,True,442.0477616186977,81.9113041214411,9.866746779602222,-7.395224420397778
116,scan-fw-7bd15a039c17b925,sha256:d65c8c1bff269fe9ee50d14ae07aa4dff32189e8d8ada8b54c6dbec54e06bf7f,62604,62604,False,False,True,343.6727028397631,117.56065323970967,9.866746779602222,-7.395224420397778
117,scan-fw-7bd15a039c17b925,sha256:9d457d37b2ded70d29c0908793b629d86bc4c10e26ebed493326a5edd186a2df,59849,59849,False,False,True,64.35565056881805,30.56353949325969,8.285445339602223,2.008344459602222
118,scan-fw-7bd15a039c17b925,sha256:9df0ca861bc4a8daa419aaeace2b0a6c56ab206903a1f5e7fce39961bd65f54d,59849,59849,False,False,True,69.25068290538051,28.2122292238707,8.285445339602223,2.008344459602222
119,scan-fw-7bd15a039c17b925,sha256:cb328f9536962a1f0e34fe790f515a2128ca8576f0678b97f5afec74274f6ae0,66875,66875,False,False,True,182.10245014548372,79.31630775819093,17.50769613960222,4.9534607796022225
120,scan-fw-55e1cd429ff192a6,sha256:3916ab92f1504e38c370cfe54076ed28dc7faae9376fc6ef381a3c93595b2cb6,66493,66493,False,False,False,114.81444857690387,91.00153780443769,26.894878102193054,3.3558993821930554
121,scan-fw-55e1cd429ff192a6,sha256:263d848fd127e197642c354d08cdb87b6375d294142a5cf69d25b7f81e2e0a82,59850,59850,False,False,True,155.49603384218415,16.77264226999769,8.359602982193056,2.0825369021930555
122,scan-fw-55e1cd429ff192a6,sha256:effc21ff8ff5f2b605efed67d5c1d1b48fb47b015c556cd7c5e4c3cefe51b511,66502,66502,False,False,True,69.04634429892212,25.274928937394602,22.156253062193056,-1.3828442178069444
123,scan-fw-55e1cd429ff192a6,sha256:44da204c47e227e532abb4af30afcb7405b19751d226b99ee0ae44fd739faf44,66502,66502,False,False,False,30.68369943276227,25.88035536069911,22.156253062193056,-1.3828442178069444
124,scan-fw-e5e0b73da2340d1f,sha256:69ecfc10ffca545ab6875f9dd2740213c97f05d1b8ff0725c28c1a8cc39ab315,64725,64725,False,False,True,100.2980894333483,21.274266310605313,23.596349889688888,-2.9791685903822223
125,scan-fw-e5e0b73da2340d1f,sha256:1ff0134dce4a6e73d2566390f8f133addfad8633a478c29bc9bfe15d3f9286d0,57984,57984,False,False,True,238.1019901806527,118.26104072428372,22.19495052968889,-1.344136190311111
126,scan-fw-e5e0b73da2340d1f,sha256:1084169ab561937ccfdf81c47cdcaa7606358a80ea415a5f3ca2fc019f4d5788,61931,61931,False,False,True,151.93484537454555,53.62281826764859,9.915156129688889,9.915155889617777
127,scan-fw-e5e0b73da2340d1f,sha256:c6e59eb758186cbb5ac3cc48707811958693668d750f029dbf3945c9b932a217,61931,61931,False,False,True,162.22695766577874,74.94753402543851,9.915156129688889,9.915155889617777
128,scan-fw-e5e0b73da2340d1f,sha256:e3c63ee07706f7a13619c5d3a72ba4908b29ccc8ba0134de64dfb0bb4f6cbaf0,61931,61931,False,False,True,141.6450107415757,40.82230151297945,9.915156129688889,9.915155889617777
129,scan-fw-e5e0b73da2340d1f,sha256:faa983003ff6e2c32164b3b0af4985d47923b6ec1a283a3d45ed3f2b0180d90e,61931,61931,False,False,True,140.9089898080368,89.09163699000787,9.915156129688889,9.915155889617777
130,scan-fw-a8f2afc6e2bd2358,sha256:ea149a95a42cf949a8bc6785498f3d37a07cc61ded7837e6ad951629b12c3e17,64748,64748,False,False,True,126.23571682840736,14.906825171326451,23.66178898622,3.33944530622
131,scan-fw-a8f2afc6e2bd2358,sha256:a5b4814de8a283413a6a98a875ec04be55b8729edefbf1943aaf4eac62e817b6,57876,57876,False,False,True,158.22166294276317,49.925277623056296,8.30638978622,3.59858650622
132,scan-fw-a8f2afc6e2bd2358,sha256:bcd1f85ee28d27b5038ceed4330c8595ca50db3d4c9a51fc0caea40de77e20d7,62181,62181,False,False,True,82.57905991718779,48.57716879006697,23.68862746622,17.41048018622
133,scan-fw-a8f2afc6e2bd2358,sha256:db6c9019feec47e1f6fe8ae8cd037296f153ae0252f40c12b7f788b85dfd4934,62181,62181,False,False,True,106.47074749217671,57.32660219108724,23.68862746622,17.41048018622
134,scan-fw-a8f2afc6e2bd2358,sha256:9ecf70f843c0051e48d26c54b497e6d63e13e3da8fae3225719a97990833ada3,100045,100045,False,False,True,186.16262732048438,72.09503988274614,28.28672410622,-2.97835309378
135,scan-fw-a8f2afc6e2bd2358,sha256:31b3f9a6c0c1b0007f4740a71026fde7bab9608424748017c4ee8fe63be53f7c,58248,58248,False,False,True,166.527732910441,87.36278307096134,8.33786578622,8.33786554622
136,scan-fw-021518da1ab8aaa4,sha256:7ae8f2b3d58391dcf50d489cc98a759f4e56a10c6355b51a1bf18f459fbb2dbe,63994,63994,False,False,True,185.2192789496596,21.337665658406628,26.90619636225139,4.936388042251389
137,scan-fw-021518da1ab8aaa4,sha256:528ce175d9439cdb24af5eb14b1f798f2b01e0f2f5f8c7662b08bbf03b566fa3,63994,63994,False,False,True,133.78059703966468,69.606078903202,26.90619636225139,4.936388042251389
138,scan-fw-021518da1ab8aaa4,sha256:220611864d239145b66814c57cb54091ce9817b7d87edefc9ffcac026d5b8bb2,60341,60341,False,False,True,119.56446663909574,83.35617203249443,28.68887316225139,-5.703081237748611
139,scan-fw-021518da1ab8aaa4,sha256:7d65584e0bc8ea7e62346201589a3e3645f4dc7e3605a1868918efe355687016,60341,60341,False,False,False,62.003925292713475,69.00420162182904,28.68887316225139,-5.703081237748611
140,scan-fw-021518da1ab8aaa4,sha256:0f8dd3033bcf1c67d34b783adb1cf5fd644f4c573693e7acd53c6f25b41ff716,62491,62491,False,False,False,34.15396383464003,33.0671787791424,8.33136516225139,-7.361317557748611
141,scan-fw-2c570fb935c75a7e,sha256:960856c618616c953af81c411e8e5722cb05fd5b8a1616b7c0eccb0f2192c167,60053,60053,False,False,True,124.33360508201491,87.07609997468197,19.31162690953361,-11.953820370466389
142,scan-fw-2c570fb935c75a7e,sha256:e33adbeb429a6b613754a57e91cf8b679873462900ff724752b56f8358e45f81,60053,60053,False,False,False,123.30737562227979,112.80586597022376,19.31162690953361,-11.953820370466389
143,scan-fw-2c570fb935c75a7e,sha256:3ed2a07437cdcf844c59de9fb9f16b41df466d942c03159965925a6e79a29c6b,66274,66274,False,False,True,159.23587073792774,83.75501444864116,14.224048589533611,3.281106749533611
144,scan-fw-2c570fb935c75a7e,sha256:b21a78e4f4da73d454b032b726551484b1ac54b2d4804ad83204a987adc88e66,66274,66274,False,False,False,162.31071131371684,139.33631385566986,14.224048589533611,3.281106749533611
145,scan-fw-bb9e21d60e3f0a83,sha256:aa19774a3ba90622ce400813b2f7c9b215bc71b0d6db192a4d82822da74d9edb,66288,66288,False,False,True,106.08328720717658,25.269467964076565,15.81398885881361,3.307854298884722
146,scan-fw-bb9e21d60e3f0a83,sha256:dd7ab5019c8b10f3af987415a859d0b08d811cd096691a037d2e7e988ec11848,66479,66479,False,False,True,83.14694996380383,19.783188330270033,8.318608858955834,-7.374173941115278
147,scan-fw-bb9e21d60e3f0a83,sha256:a638ec65f668b8c75b1dbb30ab726970287646ba043ab6416a765e22f6edb04b,66479,66479,False,False,False,122.91172329221166,170.61820895780951,8.318608858955834,-7.374173941115278
148,scan-fw-bb9e21d60e3f0a83,sha256:18ba643c14e60ad597c9fc3b3db500f36956920b282dcc3a11df6e3bf5935bc7,66479,66479,False,False,False,151.3477541035945,135.12224135761488,8.318608858955834,-7.374173941115278
149,scan-fw-bb9e21d60e3f0a83,sha256:a389a90f2fb6549a3801e2b30213d5f48e392eaaeb70db0f04d534452f9efaa3,63648,63648,False,True,False,23.36330407451524,40.60211383884664,22.217357578884723,22.217357578884723
150,scan-fw-bb9e21d60e3f0a83,sha256:7391d4f44b18f273c5b6b5e7d303c04aac6af13507616fa8dd078ea8bc5fbbb6,63648,63648,False,True,False,16.28141698348514,37.90704877860595,22.217357578884723,22.217357578884723
151,scan-fw-bb9e21d60e3f0a83,sha256:b83b861a74ccf722906d81bf461c222d5c6ba2a501d01c465feb6244abd7271f,66282,66282,False,False,True,202.59751445212612,68.1499668921259,23.618650858884724,3.296229898884722
152,scan-fw-1d6ca9d4aa8febda,sha256:a7a46c75e763dbc0be76e0f006cfceb9bfd69324d9cf6a0dc41fd0bb59796c3b,65830,65830,False,False,False,93.21267103409194,75.5383846692891,27.07034354525111,-5.758371814748889
153,scan-fw-1d6ca9d4aa8febda,sha256:9b74f438ed2b898b71707ea7c4c8d6b94060fe7a363dca434153903995bfafe6,65842,65842,False,False,True,644.3380391769858,123.19338037798342,28.69762346518,-5.69442957482
154,scan-fw-1d6ca9d4aa8febda,sha256:adc6fc40472d1f4adc32470688eb31522530bc113e17739ce91c373b2d80a262,64465,64465,False,False,False,98.21771315091458,98.8462554091447,28.64597738518,-5.74593477482
155,scan-fw-1d6ca9d4aa8febda,sha256:db0715d1012898c396cf3cc313b506fce7a94e0d2e3941b4a9fb0c8c3f4e5d78,62169,62169,False,False,False,39.41327730308265,31.730062741542607,16.20375818525111,-14.23891293482
156,scan-fw-1d6ca9d4aa8febda,sha256:a63fbff198288ec37c96121c3dd5b673e6715197dc8815351f79271e71c73393,64465,64465,False,False,False,51.41183385415954,138.60581188901432,28.64597738518,-5.74593477482
157,scan-fw-1d6ca9d4aa8febda,sha256:5dfe0d225a0ad65961c4c7723c2f75e8bd3e501118bad0d1ed892d7001c7b14b,64465,64465,False,False,False,94.59508490785566,76.52514493134801,28.64597738518,-5.74593477482
158,scan-fw-f72b01c8dcc297be,sha256:cf9c47525e86fca11ced97c2cbe82f15186df1729886865631b06fc6a08c9bd7,62176,62176,False,False,True,41.96272994734421,19.727465779435775,16.16999861248833,-3.0569464275116665
159,scan-fw-f72b01c8dcc297be,sha256:680fe445c8ce93083dda69f28728527bec0b4435751c1baec145d7a3d473a17a,61069,61069,False,False,True,66.86554292104412,42.12395341579201,27.156624532488333,-24.521764747511668
160,scan-fw-f72b01c8dcc297be,sha256:97fe293599eece9b4c66c2abdab94511c440c49e375cf18cdad8a39939e30bc5,61069,61069,False,False,False,103.18209846901225,100.44793693028316,27.156624532488333,-24.521764747511668
161,scan-fw-f72b01c8dcc297be,sha256:3abd4d8b227adb75a359aa2060e293d54c53c12dd71eeb553234f219eba72a51,59522,59522,False,False,False,48.08589766105801,54.13405964453753,8.303002372417222,8.303002372417222
162,scan-fw-f72b01c8dcc297be,sha256:3aaae2aa0810cf63d062d21e6c4f478ce3f84b2bfe3c10408f3d5a3e0c576f9c,61674,61674,False,False,False,29.54257931786278,54.069091477622855,27.173377252488333,-24.505064347582778
163,scan-fw-f72b01c8dcc297be,sha256:716f37f9fae9058748d16931dd3c73fdaca9bdb0cba42127edd0d5d2be015fef,59579,59579,False,False,True,367.08006254311886,123.57583122839773,28.481909812488333,-1.3340437875827778
164,scan-fw-f72b01c8dcc297be,sha256:7d83754ced0dfd5bf13d47bdd9f4568d208d92b4066b36f8658b727b70b2a1a7,59579,59579,False,False,True,366.5841868467907,118.88678802285254,28.481909812488333,-1.3340437875827778
165,scan-fw-e3095c843bd69659,sha256:0ab6705fab8f1fb2cc19d08805c06532f09f05276c0dba40fc07d8de72be8acb,67851,67851,False,False,True,292.21478244843286,21.38082036470761,18.940607479803887,-2.945099800196111
166,scan-fw-e3095c843bd69659,sha256:6a39294da892917cb44dd37949e831e2f1a70622c2e215bf972ade180dd1cdd3,67851,67851,False,False,True,296.0632398057802,12.936671388695894,18.940607479803887,-2.945099800196111
167,scan-fw-e3095c843bd69659,sha256:27997b45072d3c4304bf875d7f64026fbdd65cf42719d4ccf5d2e5b751bf92d1,59032,59032,False,False,True,142.0613901444224,65.9314313501127,4.9276888398038885,-1.349340520196111
168,scan-fw-e3095c843bd69659,sha256:44f1814beabff489397d2de5925c5b0872ed224dbe08462fb7f66484d25f2937,59032,59032,False,False,True,180.55831751364474,59.498337216238234,4.9276888398038885,-1.349340520196111
169,scan-fw-e3095c843bd69659,sha256:da1c2bfa729ae50f3a7a3dbcd7bf3cc562dac664353847da8344dc86a4c2d343,59032,59032,False,False,True,158.5914005776349,74.3291581192866,4.9276888398038885,-1.349340520196111
170,scan-fw-5158a3b49ae6d14c,sha256:d5addac881be839e96d2126201db669b20d6f9b94c5482e8010eb7d22c11ca7c,62425,62425,False,True,True,41.76531842853864,21.64387468975607,8.345854374215556,8.345854374215556
171,scan-fw-5158a3b49ae6d14c,sha256:6c3aa365533b2066ecd506a0622693a4a463a401d131aaef5b3403b5360d2c82,62425,62425,False,True,False,89.8992052318617,92.92837685852938,8.345854374215556,8.345854374215556
172,scan-fw-5158a3b49ae6d14c,sha256:758fdd078fadeae273a0697134e2a987a1ea911bc6ea7b8e19d3fcf8426758d7,62478,62233,True,False,True,141.97200413138245,82.45438709441011,4.909057974144444,-2.9990867458555557
173,scan-fw-5158a3b49ae6d14c,sha256:8969c091261e32a9e0e126b129badf24898198025811f0c60a94c1741544962f,62478,62233,True,False,True,214.2031714183949,115.25066150849794,4.909057974144444,-2.9990867458555557
174,scan-fw-201fa5d5e0fdb1b0,sha256:3b1538c2504f585f1c145503e4daf6ae11e52555bd2d746eb92b0a0454150af8,66961,66961,False,False,True,271.0190353711151,126.76191871226018,28.454318132195834,4.915270772195833
175,scan-fw-201fa5d5e0fdb1b0,sha256:c405fc4570481d529a111efbac1590dcae18aa8a44ce4b01e242280897d7d6bf,66961,66961,False,False,True,229.81869785382193,28.587422456450643,28.454318132195834,4.915270772195833
176,scan-fw-201fa5d5e0fdb1b0,sha256:5a5139ef924b47c750ddd64aaeecc5387cc258e7e5860d0d7431c4892e59d71f,57904,57904,False,True,False,117.35050299516563,104.28443352665776,8.275901252195833,8.275901252195833
177,scan-fw-201fa5d5e0fdb1b0,sha256:2bcac950b2a45ff4c7d3cc63dbf2da96e34d6b1ff57244e07810fd5fcca2cf50,57904,57904,False,True,True,143.3026098939866,85.71941167207136,8.275901252195833,8.275901252195833
178,scan-fw-201fa5d5e0fdb1b0,sha256:5de59acf43acd1e3f08ef92ab7a3961baf2bfb666c3038a5a524ae43921f9867,66961,66961,False,False,True,200.1520055315496,101.14581570960651,28.454318132195834,4.915270772195833
179,scan-fw-201fa5d5e0fdb1b0,sha256:515ca5bc86c58c6c69588e53f378ea803cfe6fc1c6aa2be57c0b6f1ba27461a7,66961,66961,False,False,True,218.93942120729898,93.72882272601927,28.454318132195834,4.915270772195833
180,scan-fw-aad53cf772dc4baf,sha256:aaeeb3db133d18645a2e1c0dea56ee5d4b943b1b1b5562c69142fbcb91e3fb6f,66103,66103,False,False,False,78.39550897818627,101.26605415015497,11.465108287108333,-4.167500032891667
181,scan-fw-aad53cf772dc4baf,sha256:6a9ff4a7faebe5bb3a7122472d172478ec655928c7a43e456b67993ff4909e14,64362,64362,False,False,True,277.2709825941827,113.87790209393232,27.249282847108333,-10.419348112891667
182,scan-fw-aad53cf772dc4baf,sha256:f70aefa32db408b910c1bea788c8ddd3262b656f23b1e9df2a9eb87b56c42eab,57900,57900,False,False,True,152.36204473567366,47.47017618112824,8.288512927108334,3.580757887037222
183,scan-fw-34a8c6d47c38e873,sha256:81b219054fc0f8af849ffc02f129e184d083fcbcac3a6c99c23c102a2ce6336e,59533,59533,False,False,False,54.72159285304412,61.044606272208114,22.403869394646943,-1.1353366053530556
184,scan-fw-34a8c6d47c38e873,sha256:385988947fbe1419d2bbd83eedba1be0ec57e8141fb3296cc69f9045264e4116,59533,59533,False,False,False,91.60393580319676,96.45214016277743,22.403869394646943,-1.1353366053530556
185,scan-fw-34a8c6d47c38e873,sha256:17bbe3c0c17cce05b5661176f61b71f8ab142bea7a3e631f53e91b2bca5c77de,66965,66965,False,False,True,330.42479601919825,75.44758652580863,22.233092354646946,-1.3060190853530556
186,scan-fw-34a8c6d47c38e873,sha256:538228c5fb661c387c252c33a5077a8146349ae06ce05b9bed5d30080dc00456,66965,66965,False,False,True,321.3482760927408,104.91601901538878,22.233092354646946,-1.3060190853530556
187,scan-fw-34a8c6d47c38e873,sha256:f73c00c16e62fd4c2e2f85031b2f34c5fb5effb14549286765f1b7bd35394281,66396,66396,False,False,True,64.03191694773399,15.146077855830761,20.512602194646945,-2.9363326053530554
188,scan-fw-34a8c6d47c38e873,sha256:4e650755d6ad17eb361ac90a756fb8a922c7a7246c435335bd79e8ad1f8ae86d,66396,66396,False,False,False,54.12340047031937,34.4074660539645,20.512602194646945,-2.9363326053530554
189,scan-fw-34a8c6d47c38e873,sha256:5dc42f280f22512ed89ca8f508d6c18c2067fa3726f00e4ff7a486c2c56b320a,66396,66396,False,False,True,144.09817990828293,52.169077889271186,20.512602194646945,-2.9363326053530554
190,scan-fw-f18c43720f58f08b,sha256:e1c795d7f7457966cf8233444a2a0c23b497a2e7eca8de57b88d1f988adc88bf,60431,60431,False,False,True,90.35215086629469,26.858400213964092,17.33787600019139,-2.984607119808611
191,scan-fw-f18c43720f58f08b,sha256:ca955f0a90f362a433ced96d0ad27b2a0fccd8299858bbd9d65ce8e36f0acd29,52098,52098,False,True,False,41.225982017757374,42.87446207774347,11.4684309602625,11.4684309602625
192,scan-fw-f18c43720f58f08b,sha256:0ab2b027ca293dd61c5085f817ec15b063e8957a8e9091fd32f6cf0fa6e935aa,52098,52098,False,True,False,141.77018992547042,133.08805082087014,11.4684309602625,11.4684309602625
193,scan-fw-238918c2fc5adbd2,sha256:b63357c0c4ea99af52015347f3d0e039a208a53a514d8a75c8843fca55778ecb,63323,63323,False,False,True,60.39677693996404,28.50658449731678,22.217545320985835,-1.3215257990852778
194,scan-fw-238918c2fc5adbd2,sha256:c0cf349b39451ab6bb32dc9eb8b005002d45d53dee9b04b2c00d245c7d9cd9b6,63686,63686,False,False,False,61.707754407272134,80.61535472410374,28.462672200985832,-24.892530598943054
195,scan-fw-238918c2fc5adbd2,sha256:048e9dd0cf1e5612e6623f0c7c3eb28b33649c105490a77656e8127a542d7aa5,63686,63686,False,False,False,50.91860507034411,149.0163827457638,28.462672200985832,-24.892530598943054
196,scan-fw-238918c2fc5adbd2,sha256:4c6d19f6419fe9c5591288e09035d63ff35027dcc9efc2a21b39e3b40dfaca5c,58170,58170,False,False,True,84.29909404234785,26.051241344525234,20.467149000985835,-2.9818354789430557
197,scan-fw-238918c2fc5adbd2,sha256:b0ecb9185f61d3fa7a2f19b039edf0ef6dcd2ae4bd5548dd6d0d3dbca3879a2a,58170,58170,False,False,True,198.12164024958523,66.97442127001551,20.467149000985835,-2.9818354789430557
198,scan-fw-238918c2fc5adbd2,sha256:85e36d04f14a714af52690288203ea702e883f1e29d28ec480b4131a754d317e,63698,63698,False,False,True,539.2839491095003,22.700070006506344,39.27697836098584,-7.620801959014167
199,scan-fw-0e051aa4840732c4,sha256:480cc0710392988a0dd3edb6f71ddbb7b1e20c870a506f15d1dce93266494cbd,57919,57919,False,False,True,129.07517093107225,29.345189771186558,22.404554540585835,-1.1346437794141666
200,scan-fw-0e051aa4840732c4,sha256:265768fafce5736e38dbed5708f873e0145c83fe9e730adce88de14efc481ebf,57919,57919,False,False,True,129.61849273149383,13.196505498684456,22.404554540585835,-1.1346437794141666
201,scan-fw-0e051aa4840732c4,sha256:f14726070572636340e9d40a9ce7bcaa004bd4fee16d395403c45a1ab3562bd3,57919,57919,False,False,True,139.18089919867745,29.077707855961435,22.404554540585835,-1.1346437794141666
202,scan-fw-0e051aa4840732c4,sha256:8181647314f7d2da0761660606a2dd0c14850e6fddcabafe77ccd56644240cc9,57919,57919,False,False,True,176.1897206313858,17.883135554013272,22.404554540585835,-1.1346437794141666
203,scan-fw-0e051aa4840732c4,sha256:445a64e2e561be1dfe38916a76883c9a38971c96b8687c5a8199c9807d933177,67333,67333,False,True,False,20.723578739276128,22.33525375893562,9.880600460585834,9.880600460585834
204,scan-fw-0e051aa4840732c4,sha256:8abfb84c7c3acfc73caf272d1f63b7645e59824ec6f80ce3eb5a599ab72a826c,67037,67037,False,False,False,34.031179694558475,23.842289412612654,19.020340940585832,-1.3801611394852777
205,scan-fw-058d6084382f51ba,sha256:1f043839c1b25d47c614299c948de8c5b1612f9a02fab97bacc45db6854ecf1d,64308,64308,False,False,False,77.27568922773092,82.95487150888701,15.813718460769444,-14.007289299159444
206,scan-fw-058d6084382f51ba,sha256:1975c9d265769dd2c561968249b42491454b13203d4c7762b8cd92b22ec5feef,57931,57931,False,True,False,41.29614320770457,24.72125033357686,8.274604940698334,8.274604940698334
207,scan-fw-058d6084382f51ba,sha256:cc038de0b0bf7966b6f1ea2c9851c777ac96e568d8ad02e725f8f4e9c42e69b6,57931,57931,False,True,True,89.12347052957244,50.04870556409738,8.274604940698334,8.274604940698334
208,scan-fw-058d6084382f51ba,sha256:cc1e30c30740fa8efc1a3ec3b74b674f4d26d24352a882988665f586657d654c,57931,57931,False,True,True,75.97024133647786,20.72647397240986,8.274604940698334,8.274604940698334
209,scan-fw-058d6084382f51ba,sha256:584b514d8a877fd2d094d72b3027dd32063540196cba014d4ef8958b2103834e,57931,57931,False,True,False,141.464711672467,117.47119692498688,8.274604940698334,8.274604940698334
210,scan-fw-73af001a36ff7af2,sha256:370314417795b57967de81b7fe97ca9953ac3890bf1b02c8b5e9e43d59503cc3,66215,66215,False,False,True,246.88366337098688,50.08633466969318,15.833470972094723,-2.9257342279052776
211,scan-fw-73af001a36ff7af2,sha256:4b718cd4042f1f669510db6a982cc1f9a4e46cfc8fa5aa84b85a971817ce8777,59496,64312,True,False,True,140.65942978731522,23.518942306615415,25.550657692094724,-2.9959877479052777
212,scan-fw-73af001a36ff7af2,sha256:b30d480ac989e5a0ac2dd6e8db24226703a755ff36918192ab8ef94b06f4e9bd,59925,59925,False,False,True,197.55338303464603,116.85146501576936,9.918163372094723,-7.343827507905278
213,scan-fw-73af001a36ff7af2,sha256:c98ec97e8dcbbad06234350170d58c69b455098f9b563cfa7eed33a7653d7b3a,59925,59925,False,False,True,157.67057922234764,74.13517460742167,9.918163372094723,-7.343827507905278
214,scan-fw-73af001a36ff7af2,sha256:121873c7a82f3ce29e179f1226db192c8796af7aad08e9ed9127755e50efefbb,59925,59925,False,False,True,200.35873022572468,98.31621890513857,9.918163372094723,-7.343827507905278
215,scan-fw-73af001a36ff7af2,sha256:a31ae99580e93a2891bef3ea40c2edc15bf9bfe9b5274c0d185d4bd2ab0576a0,59925,59925,False,False,True,270.57509242072115,169.11718411870604,9.918163372094723,-7.343827507905278
216,scan-fw-696d33fa7ed976b2,sha256:e133d60a3c7a5dbeb36ce93a47bf23d382231e7ced18b4a5b63df63aab86aef3,66206,66206,False,False,False,64.89887756052983,56.32216668574627,20.490285686731667,4.8573588868027775
217,scan-fw-696d33fa7ed976b2,sha256:31817a4ea635f536977e4f80112613e3e45e207b6e96a00329a76e986f7113ed,65407,65407,False,False,True,87.19235721845331,43.47912578199839,15.773246966802779,-7.675689273197222
218,scan-fw-696d33fa7ed976b2,sha256:9d114a018ec672f71bfce4af9efc35e7355a18da0c701ea47aa9d9fb3858a098,66217,66217,False,False,True,334.945218887756,47.601451599922775,15.786460166802778,-2.9727764731261113
219,scan-fw-696d33fa7ed976b2,sha256:dd8981e093725b44027da1ab4beeecd5ea88485678846badd51aec9c2991fd21,66217,66217,False,False,True,246.8318623242445,102.41356101867252,15.786460166802778,-2.9727764731261113
220,scan-fw-696d33fa7ed976b2,sha256:c7c3f75e03b4c552aab8471aa576b3b7a6741cd316b8f5ffe7d9b666f0ac4b93,58715,58715,False,False,False,35.79816605173078,38.050420214512116,15.850003046802778,4.907211206802778
221,scan-fw-b9c1f4be7b8da272,sha256:2e97ebb5ceb92a2cabf916fffd943aa2de1e1eb279febbd770ad17ec33db00cd,63796,63796,False,False,True,138.70164476850792,45.71484301456152,19.018333093726667,-1.3822066662022223
222,scan-fw-b9c1f4be7b8da272,sha256:7e955f514eb1802f13c494c662a69fb1e31deecd930eff3134364e52aff08687,68525,68525,False,False,False,46.750485885086604,50.4258639386092,11.500690933797777,-2.5685180262022222
223,scan-fw-b9c1f4be7b8da272,sha256:2c881da5e1173cb309a1be90e32caa04519be3a79205761453ad6f83138af68e,68525,68525,False,False,False,83.30552671012785,62.612913131645435,11.500690933797777,-2.5685180262022222
224,scan-fw-e07879366dab5aa9,sha256:70a219a8ed234874603c95b385c08f142bbc1700cf3d995c59345695a7fca3d6,63791,63791,False,False,True,286.4501165674999,113.81205407864067,19.104848017161945,-18.557743582766946
225,scan-fw-e07879366dab5aa9,sha256:3c81e645e95580c5b958841d58b5979d019bb1df4d646f88d2bb08def4343bf4,66606,66606,False,False,False,73.08963131583398,63.34158924987503,22.163937697233056,-1.3751418227669445
226,scan-fw-e07879366dab5aa9,sha256:9ae8bb47a22fe85972e420468fb9b9f072e82719cccafb8ff37f5c5aa2d66ec9,66606,66606,False,False,True,67.89699670023951,29.458019690308408,22.163937697233056,-1.3751418227669445
227,scan-fw-e07879366dab5aa9,sha256:eb8a87f43211278a720328e0750daab99e2591e09826551eaed9911a57019a07,66855,66855,False,True,False,55.732704215967274,79.2893136326942,9.915952897233055,9.915952897233055
228,scan-fw-31b23a81448b7528,sha256:859bf436ede70e6fdb541b0a2ebdeff663a499c156929bd7d85405334b261b44,66576,66576,False,False,False,182.55567921509623,285.86779725512724,8.307100947154723,-7.385457692916389
229,scan-fw-31b23a81448b7528,sha256:cc3c34a772826495ccea792fd8a198e46bce7be81550e3e1c8b916a6952ca5f1,66576,66576,False,False,False,95.79505055154308,156.8216587740341,8.307100947154723,-7.385457692916389
230,scan-fw-31b23a81448b7528,sha256:d37350b39868f2664b0b484fa8db781b5c4e5588d3aae9fa781d3b34552c1916,66184,66184,False,False,True,151.1857037796858,61.289624749440044,17.377167267225833,-2.945374172845278
231,scan-fw-31b23a81448b7528,sha256:95dcf7dd3028f5929388379cadcbdff552e41c64160b802bed143e3a5006a2ff,66071,66071,False,False,True,130.00630486982595,61.31732801232262,18.926934387154724,-6.085223132845278
232,scan-fw-dcbd47f699e46b9a,sha256:1bfad3a5e047c512fa96e9fe68458f521cd6d1f77c509333a05cd4b3357503ea,66599,66599,False,False,True,129.42353690652394,69.18824543108008,17.542665158715554,-1.2885102812133333
233,scan-fw-dcbd47f699e46b9a,sha256:53f6ca353ec8a78582f7e098271573d652226b313954f248ebd2393c154d72eb,58363,58363,False,False,True,104.75778735049728,69.41774345180049,22.424158358786666,-1.1148966812133334
234,scan-fw-dcbd47f699e46b9a,sha256:5327f564f39cf17073bc1cbf677b5272c6a8f3a92c51657f514d87861b41c164,66599,66599,False,False,True,103.5770419259658,37.96840953199803,17.542665158715554,-1.2885102812133333
235,scan-fw-dcbd47f699e46b9a,sha256:78c210efe12ef3ad3c4c96554e085f47e03d2b9eff3501ccbb269e5d77544082,66574,66574,False,False,True,107.15443305130799,55.59094823318881,8.288730998786667,3.580928198786667
236,scan-fw-f94fe74916477d90,sha256:f3a818e60e8bdd9025e8ec12c424e522c82d1979806e034930f5551854156692,66627,64413,True,False,True,214.41972981284087,90.40778264129013,11.46310683247861,-10.428446367521389
237,scan-fw-f94fe74916477d90,sha256:356e452b13d0d7d18a2f340bd9223cecec9c8a34e958a3575fc2e2ac3c4a859e,66498,66498,False,True,True,196.76234562321395,112.38445462911055,9.913778432478612,9.913778432478612
238,scan-fw-f94fe74916477d90,sha256:0666ce8a8c2fb3a184b4be4a4e64a4da13e82d1b9df411877bed939dcc62b3cd,69165,69165,False,False,True,170.15744023914263,94.5778151420023,9.5010038724075,7.501003952478611
239,scan-fw-237429fd9b922bb3,sha256:20fe0bd6ad184250d608f35ac2a521d6a748285e222e24a8912ab80a566f9527,69162,69162,False,False,False,72.76031040832271,76.16678511024158,11.130250468221112,-7.62918009185
240,scan-fw-237429fd9b922bb3,sha256:fb6823b00ebed95870201dd73e65fd01acaab648bc75decdefffa1588415d85f,66493,66493,False,True,False,192.3825071833247,235.29201544297732,8.355798868221111,8.355798868221111
241,scan-fw-237429fd9b922bb3,sha256:d4af30ae58331f8ade7ddd5f2d92b1ca3e002c4048087d76ce35b82edd81f186,69495,69495,False,False,True,53.42303911704108,26.739921099540457,14.667659908221111,-8.824541611778889
242,scan-fw-237429fd9b922bb3,sha256:28570c15005e390713ea4e436d260753fcc83e171031a8b03b7ca1b710f3a5ad,69162,69162,False,False,False,55.36835271677889,50.78013706271635,11.130250468221112,-7.62918009185
243,scan-fw-5b85fe8e43a3fc5e,sha256:17eb3a799febd2cd7af6c53bf8115a27a3339935a1015c3109794775756dd912,69552,69552,False,False,True,154.24926735349638,97.83994695764618,8.395109651618888,-4.133925948452222
244,scan-fw-5b85fe8e43a3fc5e,sha256:792867bbfd187837ea0174782755a75df096e8af9912844bd78d6666726d13b2,58746,58746,False,False,False,97.68320525864564,99.16718019767211,20.67089413154778,-10.714439628381111
245,scan-fw-5b85fe8e43a3fc5e,sha256:38b0ac4e006dabcc019a7d4bc75756b37f39a98f7f943576f32e7d8e89183614,55761,55761,False,False,False,80.76150115260695,73.2395775904388,41.81655829161889,-3.045914748452222
246,scan-fw-5b85fe8e43a3fc5e,sha256:86d8ecff96ab4e5b395fc3ce349bc92e18fd72a4ccc5ed7718bc640ba6dfc478,58746,58746,False,False,False,139.3169819033052,127.36919920015629,20.67089413154778,-10.714439628381111
247,scan-fw-c75b23216abb79ea,sha256:410ca37f569e6871b0154b3e99f57bbc51ca3b57c3a1e237fb7dac33517896f4,100157,100157,False,False,True,92.59883153479218,46.61933272817103,9.936244835630555,0.5395610756305556
248,scan-fw-c75b23216abb79ea,sha256:6c2964cd183d268b1172dd9951f5297eb97187322a87ddfa2eccb5bbbd4f37b9,65474,65474,False,False,False,68.04644264955763,56.550900379610844,11.148746915630555,-6.077296044369445
249,scan-fw-c75b23216abb79ea,sha256:47269d41809fa7433bb686be7b13985bbd6b387411fba01600b9dbd230ed1325,69336,69336,False,True,True,177.8801779490453,125.98817032131443,8.395360595630555,8.395360595630555
250,scan-fw-c75b23216abb79ea,sha256:433fe6992096bdf390883ef00c4d38c35353a39fcb720426c339dc781a415ce8,65474,65474,False,False,False,90.55439855989088,85.28297842554855,11.148746915630555,-6.077296044369445
251,scan-fw-9455472536b56785,sha256:ec93ad4583b6b37e19a74cb4fe47b95ce76df2776712c2e5bc7364f2597d4851,63842,63842,False,False,False,228.34236825480733,217.28428996527333,17.468830227270832,-4.500969452729167
252,scan-fw-9455472536b56785,sha256:bffda54ebc399ed5130eb0f905987e2371798f92bb19ad04be89cc002f355257,63842,63842,False,False,False,270.4387808083077,289.5162129016959,17.468830227270832,-4.500969452729167
253,scan-fw-9455472536b56785,sha256:f989fc26f49b2ecc498f62b6042567c514548650275b2fac1b99438725197a5b,67668,67668,False,False,True,540.2331798798724,96.5302851545032,27.235861347199723,-4.086901292729166
254,scan-fw-5277275caed556a0,sha256:edb40e5997b5c1c52b45c56e10c3d337ecba261ddd02e8e38118e152a72c8bf1,59223,59223,False,False,False,36.555872749150645,130.41696795460965,28.671274592764167,-24.479608527235833
255,scan-fw-5277275caed556a0,sha256:821a5f5259a2f991e1a89be4fb6d459c03f2239bc3a1f4f57df6ebc2814df50d,63850,63850,False,False,True,342.56403048109246,104.165469392123,42.589723472835274,-4.488444687235833
256,scan-fw-5277275caed556a0,sha256:5eadd55163dcdcc58eafb44bfe373d35c6079af140db1984fd76ccd10fcf6ffc,63884,63884,False,False,False,78.52638245615024,119.53971669377404,9.528852272764167,-7.7359132471647225
257,scan-fw-1115e1fbd0e794b2,sha256:fa26a2dce75052bdf540a030b4c299b8727c5ea7b458f8e71498ae164fcc13db,50169,63044,True,False,True,191.3387027141338,56.09319313931109,18.972337640459724,-2.9257322795402776
258,scan-fw-1115e1fbd0e794b2,sha256:7698282d886065fced7f98dc4572335747376f360872bd8132d1afae794921e9,65190,65190,False,False,True,306.7874257406979,228.8307586593418,10.666512440388612,-1.3334875596113889
259,scan-fw-1115e1fbd0e794b2,sha256:b6baec049c41fc0b6e51df5fd7d4ad73b0e0461609d7fe1dd568ff542ca39948,63051,63051,False,False,True,167.54184577284855,106.24795109834749,11.093224280388611,-7.666013319540278
260,scan-fw-eb906a4f2646f979,sha256:e2c851d48490a8533af0b5794f33211118464f49570723b13f6e7dfd256dc7db,63151,63151,False,False,False,42.837328325471965,38.196442888346596,9.906948191526666,8.337650831526666
261,scan-fw-eb906a4f2646f979,sha256:02480be058f6ddd3e0987d369b52d2547844a165711ac2cae682bcb495430c01,67021,67021,False,False,False,38.42807108457454,37.83836880024576,27.806360351526667,-20.260747968473332
262,scan-fw-6f7e9e36fe903ede,sha256:ebacdac75b39270c2fd1a4b760a144b911ed3e51e3225f8f72da90df7324d191,67006,67006,False,False,False,125.43267364283848,134.14651490010445,29.45429344681111,-4.192584553188889
263,scan-fw-6f7e9e36fe903ede,sha256:4608db2573b285d93b853e089a31e020d4ee02117dbf40964d670b6f0698c281,67023,67023,False,False,False,179.28914948981216,154.93891897668908,29.45080408681111,-17.014506553188887
264,scan-fw-6f7e9e36fe903ede,sha256:d158db59bcb035b1986219e1942c0434c09c9f424cc893dbbbec7a56c91ce1ba,62482,62482,False,False,False,43.64824762965703,173.84553108335245,22.43739424681111,-15.225031513188888
265,scan-fw-6f7e9e36fe903ede,sha256:c3051b7cee2d60525dc9a602b9aa2fc30b62e5d32c8581221bcb7db0ab52bf5e,62849,62849,False,False,True,152.68777794043757,75.92425308847518,20.643931606811112,-1.3258212731177779
266,scan-fw-61cdad43d64350d3,sha256:8bda6d26a7d702ae6bdd96e62a6d5c2578e3c40fbde69b7cf24ce1bc50eabe26,62475,62475,False,False,True,109.96161957860896,33.175965259495065,9.8953879499775,3.6184807499775
267,scan-fw-61cdad43d64350d3,sha256:a178204c8a69fa1743f014cb5083d818917d1d28e96425e4f97163a973c9cc01,59439,59439,False,False,True,97.70031107210691,48.948985289783785,11.08890410990639,-2.9804118900225
268,scan-fw-61cdad43d64350d3,sha256:37e220dd116268cd4ed3d58f2d182d839afe8a0fd368b14241bea7acf3d2b0ea,66968,66968,False,False,False,120.46240507648653,115.77154327695709,9.87414195004861,-7.3877421300225
269,scan-fw-28c64db3ed2cd49a,sha256:cac94e82ccca8925e41d7ce8439cafa3a67d096732317af9f1f6831035d2279b,63146,63146,False,False,True,147.44981771798717,79.21776641186248,9.859047806627222,8.289805646698333
270,scan-fw-28c64db3ed2cd49a,sha256:aa5c4f6c9b3acc53826f46c0f4c0e0cac25016b86dc8645c799b3d31dc1a57a8,63146,63146,False,False,True,177.61470555478277,38.197506883794006,9.859047806627222,8.289805646698333
271,scan-fw-28c64db3ed2cd49a,sha256:2ea523d62efaa1ffe8758848fd70dbfe317e0245838dcefccdecdddb5e03329e,65296,65296,False,False,True,280.988428090243,90.0219684148367,31.920332846698333,-8.798993553372778
272,scan-fw-28c64db3ed2cd49a,sha256:5023aaec793291b5cc0221f25f9d34a680796eb0112c4b1ae0ed2812bf741a84,63146,63146,False,False,True,195.51342443497114,120.91528416106452,9.859047806627222,8.289805646698333
273,scan-fw-821d7f224993f340,sha256:9d628ebc95449d70d4813defeead90591adcd92ccb277ff5355b81251784c609,66975,66975,False,False,True,315.0542156029958,96.3390011592561,9.868210689519723,3.5912041295908335
274,scan-fw-821d7f224993f340,sha256:013880abf74d6d3d175160e03bb658b9a22629667ef06ccff5a0d5002c2dc5b4,59027,59027,False,False,True,129.99779728297653,69.25599357516987,9.910095969590833,-7.351777310551389
275,scan-fw-821d7f224993f340,sha256:dbccbe4542a99f0a0e46619df896c87d71bce55026053ee00d3cb2476c23bdb9,66979,66979,False,False,False,53.28423167450022,36.861254110482726,9.899151489448611,-1.0856948304802778
276,scan-fw-821d7f224993f340,sha256:3aa6683f256816b017d4d275d2abe739e8e34b359955365218bd08901f981150,66240,66240,False,True,False,108.54910570224713,237.28447566302034,17.361374529519722,17.361374529519722
277,scan-fw-6ff985ae6095569d,sha256:422c5291ef9ac6f781f9d7f3fcc84baddbdd56ecf7adff70c396168123a1aac9,59456,59456,False,False,False,38.76985996651615,56.01581691401005,33.37348044282389,-7.427495637176111
278,scan-fw-6ff985ae6095569d,sha256:428cd55f0b61b4e53e3b044254c75de1614e1bc971e6a5ff1dcf780aa9120f02,64730,64730,False,False,True,147.25113314629746,63.457033959630486,24.00340020282389,-5.698579317176111
279,scan-fw-6ff985ae6095569d,sha256:f562625c9603e7408f605ef37b25e73e26b08c91f8ec0b7840cceb085ef7fd4e,57228,57228,False,False,False,101.06389384176127,106.13659433097516,27.15006156282389,3.610972682823889
280,scan-fw-a0c27bd0aafbc09e,sha256:1c8f922bb2c570131c022b0e776a35acbc34a9444868d1c6a845ec863c322e82,59467,59467,False,False,True,220.58777922010793,78.80151601078396,33.447786045791666,-7.353865634208334
281,scan-fw-a0c27bd0aafbc09e,sha256:d4730d1d31f5e0de6e51ba38bea6d18d40786700c9a68cab316a6b5a909c15ac,56834,56834,False,False,True,131.54291293501157,93.00037281499087,19.07032756579167,-4.468674914208333
282,scan-fw-a0c27bd0aafbc09e,sha256:9f9a6ce3fe136d1282f909f05ab832f38081b4552640b604823140dda00aa022,59267,59267,False,False,False,110.07975437812132,101.59216360354853,11.499706845791666,-5.696215394208333
283,scan-fw-bb6e6788d7ceda8b,sha256:49f4667b768f0646e1a4b2fb7aac86edbb864154c0b28b3733dbee70fea0631a,64023,64023,False,False,True,114.02013023837708,55.11674552457099,31.931647706860833,-10.445355573139167
284,scan-fw-bb6e6788d7ceda8b,sha256:4bdcd2d19bd6f409893a08d30a72d23cc4a367b2985de0a8d0e8d1c4230751f2,59623,59623,False,False,False,122.18268266448608,93.52650448509134,33.38844506686083,-1.1353161331391666
285,scan-fw-bb6e6788d7ceda8b,sha256:9a05becca1ed6011ec4291cc1b365d0675c158fb3c7fb2a8aea7f861f9de93bb,67041,67041,False,False,False,84.09441896951533,87.51107475585832,22.465554506860833,-7.350361413139167
286,scan-fw-bb6e6788d7ceda8b,sha256:d0bc8bfdebe8a8256a71362bf6ec2bbb2533469e8f63108b7616f74626e235c2,64025,64025,False,False,True,109.04554873217059,68.37818051552311,30.37367930678972,-10.433752773139167
287,scan-fw-adf042843aa506f0,sha256:5e03afe05bb88ac393f945d9ac1cc3b017ab531aad1e4ff524f187f09282fe41,67053,67053,False,False,False,88.47373490081647,127.75087213719318,27.177105330131944,-7.346694029796945
288,scan-fw-adf042843aa506f0,sha256:df3448eb326c341ef0b0205d3d46455581aa66ed894bb128257d9a883cc778db,59167,59167,False,False,False,76.68086193557436,100.38891180000958,36.308460930203054,-1.3542525897969444
289,scan-fw-adf042843aa506f0,sha256:e47b14fb2f4de6811fb8d696a66eb983e8227c42cda1ca2c04842328c7a12b95,58413,58413,False,False,False,99.88897247615837,125.0017977975521,55.37577453020305,-21.518657309725832
290,scan-fw-90078d48510c04f2,sha256:5f5f439321f4f7ee48616f89c10b9a0371412c4c6087aaf997a27362fe597b8d,69206,69206,False,False,True,74.13899146385381,47.34994978098109,15.81172792807889,-1.384155911921111
291,scan-fw-90078d48510c04f2,sha256:02166146dd87c9bc974b2ae10845b859ffd25e76e620aa8deae2e0162ab5a87e,63404,63404,False,False,True,162.40489069592445,117.36702452232957,20.66052592807889,-1.3089951119211112
292,scan-fw-90078d48510c04f2,sha256:dc251ab2f718a65e92c5385176431dc6ebcfd3dd54fbe8603ca1ce7873737584,58445,58445,False,False,True,212.65589748119984,61.18369297897902,33.44900176807889,-13.629026471921112
293,scan-fw-ad2d4b4fedfe9f26,sha256:35a0a4c9047367c9912627b5a1ba0f927bc2fadb84e49d688fd746edb3370321,67993,67993,False,False,True,258.73187364583777,28.119229229050184,22.39997932441139,0.43008700441138886
294,scan-fw-ad2d4b4fedfe9f26,sha256:579072c0531724a2ffef947eb229eeeb3aa872bcc88afca883d958ae2f860773,65629,65629,False,False,True,207.28255642384178,125.98710591144979,18.956112524411388,-9.182740035588612
295,scan-fw-8b2d288d474419eb,sha256:b0e52b408679c698d382997561f0e043615f6fde42036aa8050863f0c78d2f3a,66598,66598,False,False,False,29.96277885800949,22.937570234880457,24.000544303358332,9.877035823358334
296,scan-fw-2b63d0cb7547aa3b,sha256:600d67f886e0134d4b65b8446152904cbd7724fb0dedca72464f3609c888a926,59174,59174,False,False,False,115.08639692878972,121.35782644899506,13.95648302891639,-0.0435166510125
297,scan-fw-2b63d0cb7547aa3b,sha256:ce791de5ade462fd41df8e3807ed6c73145b8aad52f8412d6bd2c9ce36d5ba59,51140,51140,False,False,False,93.02112844494303,94.19976139057552,34.6254008689875,-7.6569063310125
298,scan-fw-1e6e4601793af106,sha256:359c54715841bb65ae5d57cc5dfc19c37b90d8205b3e06975a5f9f326adb8563,58887,58887,False,False,False,82.36143872353423,224.27499329701965,15.845541662753055,-9.166344177246945
299,scan-fw-1e6e4601793af106,sha256:55cf080adbf90d772810e1e57d8f2a33f0fb9893ce3513f73f30a765d695c051,58137,58137,False,False,False,89.29942626886803,110.79165057727147,19.066648622753057,-2.9033072972469443
300,scan-fw-ab858991e99e0693,sha256:e68bf048de88f7f20183b4e82df2f4569124378bc731592fae068baff93b5f1a,61216,61216,False,False,True,112.01340414233363,33.54217795637852,34.6365164055375,-2.9479151144625
301,scan-fw-ab858991e99e0693,sha256:498376f6d220d18fa0f74118361ab917b2f3dc92e4ae80e899dad53c3526d446,62135,62135,False,False,False,135.55222805140897,149.0221101105904,19.08769256560861,-4.451533594391389
302,scan-fw-0bf630e4b9b09edc,sha256:b03e99b7626a6759d226bf845e8ebc49af7aea3fac9b24df17fab59b9b4c424a,58473,58473,False,True,True,129.47111181285416,83.22227337680707,24.003019803965277,24.003019803965277
303,scan-fw-0bf630e4b9b09edc,sha256:b6d950112e7c4ec444a4c137325fb439de0ca16f6eb16110f0516b5377fe05d5,67625,67625,False,False,True,200.3831328574004,38.16112193908944,22.190014683965277,-4.487590916105833
304,scan-fw-0bf630e4b9b09edc,sha256:9dd2b4235d492016f3cdf6c88c20c8bf3e308df5bbb4c85cb0c273d89f8b8007,66388,66388,False,False,True,292.9393283647603,19.50258897494957,22.436152683894168,11.493243003965278
305,scan-fw-0bf630e4b9b09edc,sha256:572caa3e5a9f16dab83455891cf5530cfece40eb218efd5b1876d52402225f63,58473,58473,False,True,True,79.7404961224419,34.18333300985781,24.003019803965277,24.003019803965277
306,scan-fw-e69759741a2fb730,sha256:7699e3c763b709085acd1113e90e7c84fa6c478a24cd2250d9d3bfeb87e08785,59650,59650,False,False,True,230.34127831411394,124.29264080898866,19.077446452759165,1.8156055727591667
307,scan-fw-e69759741a2fb730,sha256:578b80faec950f12c071432ae3431fb48e96bd88fa36f182dca6f603ccb1cc27,59650,59650,False,False,True,241.26682293258125,87.22086797830302,19.077446452759165,1.8156055727591667
308,scan-fw-e69759741a2fb730,sha256:a5e0d003fb40e21cc019eb21433df2f89e8da65ef8b5faec5cb91f52d6688863,65759,65759,False,False,False,32.215067066191374,68.32825166073476,15.782569012688056,-7.666430107240833
309,scan-fw-e69759741a2fb730,sha256:fa70619a35a544524951524c0ef2437c8c43c4c9df8d7bc0660f449d0655dc7a,59650,59650,False,False,True,84.67316800589612,26.459772681051852,19.077446452759165,1.8156055727591667
310,scan-fw-a8deff7b7fa80c35,sha256:82ce6e6f1564ae795de93811f7af21aac0c26d548c8b6300bd4fa8ce7236c232,67619,67619,False,False,False,56.886876334614854,53.167454987954976,12.799358481231666,-4.462627598768333
311,scan-fw-a8deff7b7fa80c35,sha256:bd29743e9e6169bce2e36dd1b47a2b6ba39a20111705fdab1e104eb8a3338b79,65742,65742,False,False,True,451.9500113024618,100.45611298606248,40.816762161231665,-7.644200798768333
312,scan-fw-cbaa70cfaff36586,sha256:66f740d57e1367bff8683edb20080d5220d4e50af464b39d0eb3fbec4a5c1794,62453,62453,False,False,True,185.04798212860769,30.034405533250094,39.25559123808556,-7.642667401914444
313,scan-fw-cbaa70cfaff36586,sha256:0c2418637311e8119808440955d516c67c6e6b56b04f0324b7bcb7a9e62da4da,57610,57610,False,False,False,18.682917989026492,20.639810504684533,22.384249318085555,1.9837213180855555
314,scan-fw-cbaa70cfaff36586,sha256:f273a38768b3af6002786617c05cbbb7a20565b035429e4e9bd143793b493512,56832,56832,False,False,False,28.559920332126694,29.855118218656262,16.168454278156666,2.0450417980855558
315,scan-fw-483997e3b0f41dba,sha256:e26eca1ea446776d6b6b51924e788147de92a733725b237b336cd2814677313c,57612,57612,False,False,False,88.28508698881116,82.2152135759705,24.038364742094444,-21.470437417834443
316,scan-fw-56ba8f7213881110,sha256:b1833d243b2bd4d274cb42e842ab81827f30f3fb5e1aa9a9881f46b25fc2b187,58717,58717,False,False,True,107.44896062689826,65.96699087127753,28.699593510303057,-5.692193849625833
317,scan-fw-56ba8f7213881110,sha256:941a89374295e5e2884d4ff9986957a516aa9f5da780a2f4f856081c9f1639ef,57602,61643,True,False,True,307.75442647283313,20.1083538464045,25.544912310374166,-1.3782908096969444
318,scan-fw-56ba8f7213881110,sha256:aee3dff1ccb30527df10886b659862be9791cecc6c01928fcb8062a25b4cb48e,69257,69257,False,False,True,103.32983833144002,66.81817616336497,18.935875830374165,-6.076302569625834
319,scan-fw-56ba8f7213881110,sha256:ae13c13de3be594cc85849b9bd19cbb00a71a991273881810ba1d8b9d853ce64,69257,69257,False,False,False,121.83451885685034,108.61535999570806,18.935875830374165,-6.076302569625834
320,scan-fw-6fc86fefa3a9661e,sha256:3534f097df3cb32db726bca3132829039a767a18319e89dafb7c92d644101d7f,63202,63202,False,False,False,89.36719947540584,93.42152171828761,16.194382357370557,-7.344720682629444
321,scan-fw-6fc86fefa3a9661e,sha256:af82e7515a6f80c423701f2bfbc30b44ac64da19ca7ea036c55f8b6e0d96f427,58718,64911,True,False,True,158.9321279641711,74.42161645240688,5.217612277299445,-7.649959882629444
322,scan-fw-6fc86fefa3a9661e,sha256:e32affa89908f9824769d9b360d9931defccdaa2e4c5a5f7970d0205263a1c31,58668,58668,False,False,False,45.13095709320107,33.89050231851303,23.981933797370555,0.44303355737055555
323,scan-fw-81f3e8b8122c997f,sha256:14aa42b4678541034b47e393b57fe1717ca7801b726fa499ec587acac18cebac,58677,58677,False,False,True,110.51540600018544,58.73912991319681,23.999227225194723,0.46005122519472225
324,scan-fw-81f3e8b8122c997f,sha256:344a8e7bd2cc2af9c957ad5a194ae83232bb945849a3696ea869b55d8f8ea1d5,53999,61639,True,False,True,110.54806899926032,36.61892433309659,25.51982138519472,-4.473473254805278
325,scan-fw-ff31c55557ef77ce,sha256:c9c5807a4c77bdf74157f4034522c270dcd55c07525aa7aa913bf04e834e9b21,64780,64780,False,False,True,109.95208451504234,78.3318478940284,28.660851345634445,-11.984009534365555
326,scan-fw-854ea340c90c965a,sha256:b070f01e72e899bb581ce0e977ad07555266b39b69930591f6ea86e01c12e93d,59196,59196,False,False,False,33.15926460230959,35.923629281963855,16.196192774385,0.503519894385
327,scan-fw-a37981b1b45e9276,sha256:a22930f1c62c0fe533b574b54706863fc947d978988ce71c60e29e2f163d15a0,66933,66933,False,False,True,220.55493154985493,151.0869138634927,11.13474490787,-6.061734132058889
328,scan-fw-a37981b1b45e9276,sha256:4e94af9f86d765393f61f9f32d23f90de94a4efe0188eba6cf15b80f050d7ac4,66181,66181,False,False,True,205.95876917116536,51.19685748382535,17.68485034794111,-1.074106932058889
329,scan-fw-a37981b1b45e9276,sha256:0f6d824d31c0bc893467b6cdb53bdeca1043570068d11b21ff45284b33fcca9b,58796,58796,False,False,True,166.28711662019344,107.74123217439544,19.040588027941112,-1.359927252058889
330,scan-fw-5d1fcb12ab73c075,sha256:1282f4d4a04b8d111678548d9aeb52d32e4fb7832ee0b042c0f4e01f4e45c916,68296,68296,False,False,False,126.67183568508294,129.69897982741605,14.6850067757575,-8.8069497042425
331,scan-fw-5d1fcb12ab73c075,sha256:63ceecd46bc043baf182d4842b714535deb50b6e52a8b5e0b51671b3537695dd,66076,66076,False,False,False,121.1663784269139,175.55814880365216,17.737069015686387,-5.7118660242425
332,scan-fw-5d1fcb12ab73c075,sha256:1a540f18f7e8acf8f0ade557c1bb30204a863f25fc7d5a279dc49b1d4a267ef0,66076,66076,False,False,False,116.09513080982971,129.3685138673421,17.737069015686387,-5.7118660242425
333,scan-fw-a6984e2071268bd9,sha256:a2785134d3a2194745e5a881d5f2a9e5c9ffe9670cff4c8f3cd7241156af7745,57738,57738,False,False,False,99.51688427041394,117.74191939926479,19.037746242891387,19.037746242891387
334,scan-fw-a6984e2071268bd9,sha256:77c7bbe58652ffc4542310b0116457bce55ec5b80b31633d45d7c18d1f6bd43e,58527,58527,False,False,False,80.83204817965543,117.06464763494421,23.968486002820278,0.4293592028202778
335,scan-fw-a6984e2071268bd9,sha256:8a4ca432bbee22a52f8cc09e44ee90710736929bfd8d708a4b8360c950cc6fe4,69153,69153,False,False,True,126.30172206038546,71.4060075226532,17.703510642891388,-1.056170237108611
336,scan-fw-a6984e2071268bd9,sha256:6b1deca5680ea3aaa7361e61a1ddd923e96e77fad1bf77628b3124c88db79c4c,58611,58611,False,False,True,244.2529480580891,123.74743761123177,20.625388002891388,-2.913815837108611
337,scan-fw-1a67294623b55199,sha256:70d91cbaa1aaba7716520d942137c3fea944ee00cd9359b8b3136f00d0deb71a,63893,63893,False,False,True,435.5258986308347,23.22247594207677,20.616974206755,-4.491629953245
338,scan-fw-0e60d5cd2b17f060,sha256:3992aca43925242b608d7d3d8ebad941cb9464a972bedddbd5edb64489e0765a,66825,66825,False,False,False,42.428250472034364,34.954356534029316,16.1657335967725,-12.6746032032275
339,scan-fw-0e60d5cd2b17f060,sha256:7fb1de0b721dd113af868a857de8585dd7e6c20048ae271c337e7cb79b9f5b46,59751,59751,False,False,True,185.8764813395743,60.829448922749194,20.6400641567725,3.3777027167725
340,scan-fw-2a556a3951e8c2d4,sha256:818b9015b4ddf2ae7099978752a26810f80ba7dd2413ee8c772e781d675401ec,64293,64293,False,False,True,224.5302141296731,85.71566626118992,28.783798066339724,0.5478995863397222
341,scan-fw-2a556a3951e8c2d4,sha256:0de7d3dcf61762a7cefd955e8639e7e4c3e8a17231277b789f3bbb5ebd6a5d2a,65884,65884,False,False,True,123.08744202618836,50.347427853009044,11.112783346339722,-7.646379373660277
342,scan-fw-2a556a3951e8c2d4,sha256:5810f300a72e3a3ba252f33b2f1500d209b87163c582f0d1a030fb668ebd3e22,64293,64293,False,False,True,216.23655129232966,60.618108714893374,28.783798066339724,0.5478995863397222
343,scan-fw-0782f3b060eb5c5b,sha256:006e2321fd1c138fbb65d7e5fddbf975f780add7889596e3706b3b2b104b36d5,59887,59887,False,False,True,95.59022490670618,61.15721375004929,12.991308708545834,0.43715590854583336
344,scan-fw-1be2dad4c21118c5,sha256:a6c0b4a83caf6b976ce5cbdba5b7589bf8ca5fabf7d7eca47982816746fb5d9b,59903,59903,False,False,False,17.248297668532945,22.06458884089374,23.982980040396388,0.4438023603963889
345,scan-fw-1be2dad4c21118c5,sha256:12ac16fec23e1db04e4a7cb604cb8d4bfdb78d0f3992cd1a221a645dc7dde9d1,59332,66886,True,False,False,82.66878003304524,117.46031102295927,44.13744204039639,-2.9792437196036112
346,scan-fw-1be2dad4c21118c5,sha256:5ad3a64a6c250562c213347ed3fc799cbc7740a1fd05f1bd11cbff4dd0c7749f,63096,63096,False,False,True,58.554451701964204,26.876505061250196,42.54785580039639,-7.6764687595325
347,scan-fw-847d3b4358405790,sha256:9ca3a3c56fe504d3b4d37888ac60c6cf7b858c2f392ea3e1cdfbf1ecbb1396fc,58135,58135,False,False,True,97.80592773560497,63.21167829635896,23.997204660530834,0.45809754053083335
348,scan-fw-847d3b4358405790,sha256:fbfd1082f1d00d2b6d7d830531d494f9723c74894f4994b9029dc98752aeb614,64103,64103,False,False,False,52.156532008835086,64.44486105742547,11.169603780530833,-2.9244254994691667
349,scan-fw-36250ca449cdb6e8,sha256:a5830f01fdbd86a6d2d98fa4b8a2ed68907468744952e4cc89e76ee66dab5cee,62128,62128,False,False,True,211.73532301666867,153.21703531508197,16.188462498006388,0.4956422579352778
350,scan-fw-36250ca449cdb6e8,sha256:1848bd4e34f1b06bd754bd57be47d98329c7323a3533c4871e9f062945b2a5a3,62128,62128,False,False,False,25.716556755819326,18.77639870602933,16.188462498006388,0.4956422579352778
351,scan-fw-e89f3e1df66396e2,sha256:ced495c5288aa6595a5cd9294ca8265b06e65e311118638c20db405d1d068b27,59631,59631,False,False,True,74.88651243856849,36.31620853203381,96.17035122841556,-1.1246484515844444
352,scan-fw-e89f3e1df66396e2,sha256:7047ce4186f4d2031a02736f3edf9f46d4396046e4ca4e0e352ce8a2ed3b844b,67470,67470,False,False,True,269.3870599946951,94.5721063162926,20.609657468415556,-2.9297136515844446
353,scan-fw-e89f3e1df66396e2,sha256:4700f4fda4a5717407fbaf647064ea9a96942019a19fe9f3d02550918ff18924,67470,67470,False,False,True,303.58134831102063,136.96943815531992,20.609657468415556,-2.9297136515844446
354,scan-fw-78e75ea0dc7b5c8b,sha256:ea67ae144828ea6f9519c62162b590bc9f9f31d127fab880cbaa3a0d72bf406f,58179,58179,False,False,False,95.76188082534135,79.3021506805388,39.69892182098833,0.46717254105944445
355,scan-fw-78e75ea0dc7b5c8b,sha256:7aea92f7351a909cd431da264db7edd71ca62a410ee3a12aa20834e854e5ad52,58179,58179,False,False,False,152.03883480807337,144.77291115212554,39.69892182098833,0.46717254105944445
356,scan-fw-78e75ea0dc7b5c8b,sha256:859acd3b958471ee81760979709a9ba006b587d5ea272a3adb1e95033941dd2c,58192,58192,False,False,True,119.21381528781976,77.42224358074249,39.668404381059446,0.4363042209883333
357,scan-fw-a499c83a3d020a55,sha256:dab7bceac3d24282773bf353fe8ddd6b4d69122942b00375d6f7797993bb5358,64221,64221,False,False,False,68.91536704234389,60.53146670642271,11.101618479006667,-2.9677695210644446
358,scan-fw-a499c83a3d020a55,sha256:f343e6a17568f4c1accbb3a29f02c14a1fc32915462f38810c28138c98dca6d3,66130,66130,False,False,True,175.1129483544195,101.47627011001707,18.905512239006665,0.14629671893555554
359,scan-fw-a499c83a3d020a55,sha256:d291a6b61f2f294d13d5fc9efe7e372a963e5ffcb3990e227bdc21790ecc44c1,66119,66119,False,False,True,86.28530745847674,31.223361036656833,11.150893119006666,-9.171431840922223
360,scan-fw-655821e89b4fef6d,sha256:9b94b71dffaf21f7f6be72c870c31991fd45494f895335219664122567932efd,59240,59240,False,False,True,126.7497006693711,74.35134930023078,25.573098095079168,0.46472769500805555
361,scan-fw-b96bd99374df7636,sha256:ea28c2c0a26a5af6c10274cf9d0a6f0183ea0224ec2b13f1c64339cf0047f053,68046,68046,False,False,True,168.73340068331058,51.96348940351788,20.475175168458055,3.2791730084580557
362,scan-fw-b96bd99374df7636,sha256:6d35369116fdc5a0ec9406055556a87e86d0f8237586d64bfb10c365115e1b9e,62281,62281,False,False,False,48.379547779407986,35.07923737487087,12.795962608386944,-2.8967409914708333
363,scan-fw-b96bd99374df7636,sha256:9941cb95e2bde0d61bc86774a45f32d3ff6f4c422f377a1d849237e1f4385c27,68046,68046,False,False,True,133.87559857810072,43.706933283307066,20.475175168458055,3.2791730084580557
364,scan-fw-b96bd99374df7636,sha256:45edf91561837c1cba4c8cd7d05f18ecc95af69901f1b9ca23ac69457ddaf11f,62281,62281,False,False,False,184.6339808486859,152.3763992002494,12.795962608386944,-2.8967409914708333
365,scan-fw-d1147df1da924456,sha256:fa600c52caea9bbd4af796ed08039e1f743708bd942154f0f1b55bbd26604b6e,63869,63869,False,False,False,32.370883528713705,30.19813392242021,6.166528943159166,2.1665286230880554
366,scan-fw-d1147df1da924456,sha256:987ad291935ff6434922efd1d71d53b98f88ae62e7514db178baa6a659e32dfb,61641,61641,False,False,False,152.85539448717776,169.88430083161575,23.992686383159167,0.4537664631591667
367,scan-fw-228e95f8726c7caa,sha256:a723c62943fba1ca7721f92f7fcbc11ffdcf5f4bdca6ba1c71ea4b3440ff7368,68855,68855,False,False,False,126.74372228255285,142.07114436881085,36.151804214816664,1.6970926948166667
368,scan-fw-228e95f8726c7caa,sha256:20c7bb288fad3e1a2061863525267840a1d3c8cc035dd0927482377394103c4d,69534,69534,False,False,False,44.51744368711175,26.08740914899141,11.101280534745555,-2.968171305183333
369,scan-fw-228e95f8726c7caa,sha256:6235cfb94148beede65566a8645642c9d1860bbc4d2bf083d7f465d7aefbffb5,69509,69509,False,False,True,47.82142973011227,19.922614846135016,17.404712054816667,-2.9178293851833335
370,scan-fw-76de27b80cc1e288,sha256:14291a8d18d70e6b042676e76971bcba0c625583cb0cd8a240f387ead3f6e8cc,67362,67362,False,False,False,67.73805165364679,56.48801179026186,20.667006629533056,-2.8721417704669445
371,scan-fw-76de27b80cc1e288,sha256:3b9023aadfce9831e1d72218d321f13967765ccf69a69be9f6765c56b9de1d46,67362,67362,False,False,False,102.22855977002118,78.01765208173262,20.667006629533056,-2.8721417704669445
372,scan-fw-76de27b80cc1e288,sha256:2e1ebc7ba293318622967d39f5618e9e7df6a1cfcdb6a70a956efd9e383b3205,67362,67362,False,False,True,97.81481799164114,57.152023527390334,20.667006629533056,-2.8721417704669445
373,scan-fw-7307e459e9c1c11b,sha256:f6c743c11faae7d77c5e9601dd3bc4a95e6393b51e4a5e24fa0012b0c9e8e2d5,66169,66169,False,False,False,49.11394112792148,59.856891237641385,11.107140183511667,-2.962280456417222
374,scan-fw-c27cb71443315620,sha256:df21924e86f34a3c2a3e5ca7ded35c749eff04114153efeba18d833489b90af3,67415,67415,False,False,True,98.89025630113294,26.10042700173029,19.08095193184,-2.88896678816
375,scan-fw-c27cb71443315620,sha256:562decbce56d68d827c668d78bde9f2411e4dd94ae9347e717fb573fc7b91c54,62157,62157,False,False,False,28.974736807935074,41.85727140085535,24.03289809184,0.4938281719111111
376,scan-fw-ec8dc35c6aa55a05,sha256:4df73b0fbf2dda9db635631f8af9e7bcb7e7c8d9b81bd8f5dba6988a0f4fc5d9,58601,58601,False,False,True,73.96980063331846,26.848867989610945,16.19330828566778,0.5007105255966666
377,scan-fw-ec8dc35c6aa55a05,sha256:63209fe1c3df67786767170052e6757a0a830896b76935f7b638c6f9fee26ff3,57364,58601,True,False,True,167.92505186433067,40.73213385248733,17.51822468566778,0.5007105255966666
378,scan-fw-ec8dc35c6aa55a05,sha256:58c19c014f982e48045cba285ea0badaf7a777c369fec49e234ffc6c3406771c,61850,61850,False,False,True,106.70043112944057,64.94626409402714,19.077482365738888,-2.892396994332222
379,scan-fw-ec8dc35c6aa55a05,sha256:4f8b6419b244c8a01fc0372a67dada9a79ea60ecf31bf410bc895371b3b0709e,67432,67432,False,False,True,92.15826986822701,55.95097338486009,19.04356220573889,-2.9263622743322224
380,scan-fw-171de8838408d501,sha256:affd60dad9dbbad6172c8d0e6ab3b1dbbf6a08aa64f42cf31fb3a00927c8338f,67920,67920,False,False,False,118.70909831247036,165.7833126009005,20.597497914710278,-2.941669445289722
381,scan-fw-171de8838408d501,sha256:decbae4ed4af0489da32647dab7118f3a106b226f7b82aa2d7d043b053181025,59734,59734,False,False,False,34.08214968793145,21.161430847151486,16.14412199471028,-7.394882165289722
382,scan-fw-bf41043ead1c9de3,sha256:72cc53bcdb6d22cde0578d7c8a4f2ca8e28e6e3520a75b28211878904ff2165a,56289,56289,False,False,True,86.61193073656285,59.93875167939937,24.006853216140833,0.46764241606972223
383,scan-fw-bf41043ead1c9de3,sha256:33278c94fa1fb689e78964907ff7d1b3ab0f97173e47b65e60027f90d7c829b5,62054,62054,False,False,False,33.02988756758194,25.532246871676495,17.51420497614083,3.390691936140833
384,scan-fw-bf41043ead1c9de3,sha256:5dbb40f6c78a18a1ef921079ee4aaef4feb8e3d9a0dc5d8935aa7e9ca6f5402e,65253,65253,False,False,True,58.518578886424606,31.985134972607344,6.4200168161408335,-4.542891823859167
385,scan-fw-bf41043ead1c9de3,sha256:1092560baa6583a2dd6633d9e88ae644db10a35fb20d68d4e0091b4295f80826,56289,56289,False,False,True,95.99656486775983,68.27107932840396,24.006853216140833,0.46764241606972223
386,scan-fw-ad107441f55ccacc,sha256:e257c24a288e1b60f26d81037290cc9c2a1d217a0d0bcc204f77fa1777764ebd,64596,64596,False,False,False,36.93731545471212,39.050949560122106,17.677753137125,-1.081364702875
387,scan-fw-ad107441f55ccacc,sha256:d182ddffe3685b11664ddf856d65acef3dacb10cdc9ba732030218080f67bc12,65435,65435,False,False,True,131.15894900190085,21.04103328396844,6.845680257125,-4.117224782946111
388,scan-fw-11ad489650a948bc,sha256:b850b5a9f103919b4da2a95bceb57a9e18b42a33ac04ddddf61c9e313a8fc284,69247,69247,False,False,True,114.87364103086783,24.99511524207643,25.554684261721388,2.105767221721389
389,scan-fw-11ad489650a948bc,sha256:446ace6d0497f83e6954dbcf9c7aa954e4d0eee7ae68a3b88c34aa02c0c0752a,64168,64168,False,False,False,25.32816577245748,14.97015075680119,6.418234821721389,1.7198119417213888
390,scan-fw-11ad489650a948bc,sha256:8fc81b994010c03e9b39440fca8f1c557859cf0bffdf095290e488cb42e38126,63464,63464,False,False,True,100.66480879889225,39.6255809783745,4.921722981721389,-2.924659178278611
391,scan-fw-11ad489650a948bc,sha256:34190de925cf05752748a7019e788b54c6cc5a1a77510fb77c0a5ab4e423fb82,59355,59355,False,False,True,126.59128768448673,39.64011196303344,4.953572421721389,-1.323445898278611
392,scan-fw-57a9b32fc950036e,sha256:308cd8373e4157615cc449b0cf28d6009d44747b3fd84348e5f7628b3b651564,64933,64933,False,False,True,52.03506737874718,25.15097536580403,6.8676229507625,3.7353711907625
393,scan-fw-57a9b32fc950036e,sha256:c19e5adf5a178fa1e394d776468f75bef6a07505a5bf44ec5a8282ddf2fce3c6,63946,63674,True,False,True,218.47766066513876,50.02768081565813,25.7112349507625,0.4542865506913889
394,scan-fw-57a9b32fc950036e,sha256:de03ad7556cb0fe13c17ecfaf15fb2103464f693d4682db410f0651f1d31f1a8,63470,63470,False,False,True,40.47445386717057,20.367041391396306,20.6833671907625,-1.2866264092375
395,scan-fw-57a9b32fc950036e,sha256:2bfdb89c67d33fb5af636db28211c641665be1a6aa8c93083bc3a090204669d7,64933,64933,False,False,True,104.59753832295709,60.06338843408986,6.8676229507625,3.7353711907625
396,scan-fw-92807dcc78cf5d6a,sha256:cf76f8cffda284b5232780f2121d84e21412bb922c515b713a1be9db0fb81233,64191,64191,False,False,False,69.61397075171385,178.51853155778142,11.091509629395,-2.978966770676111
397,scan-fw-92807dcc78cf5d6a,sha256:c19b72de01f8736dcfe85959c4a802f54bc37020e518dc826966e5f96acdbe43,58410,58410,False,False,False,127.93240692223728,124.69198802651734,44.164940269252774,-1.3438743706761112
398,scan-fw-92807dcc78cf5d6a,sha256:e069e83a0840f1521305a9e28445c2887c5717416d70ef350e45559af335af72,64181,64181,False,False,True,193.2391404036557,65.99400780088763,20.52164026932389,3.3256894693238888
399,scan-fw-d8e6d060118ee225,sha256:2804276b7e017d28840395cabf53fa10ebed579c0153fb3e394df38d124358d1,62212,62212,False,False,False,35.867632538286834,20.1523398410405,12.761145484002778,-1.362348115926111
400,scan-fw-d8e6d060118ee225,sha256:06bda3ee6c7ad65580997fc48297bab8a029067a6acd23ff646109b8f090b703,62212,62212,False,False,False,59.0202216888006,52.168955443107635,12.761145484002778,-1.362348115926111
401,scan-fw-d8e6d060118ee225,sha256:c8333e3a12acbeb00c7f527da3ca72ad234364de5cda35759bd2ea06fed38bdc,58378,58378,False,False,True,393.09084390373954,43.340795738709794,72.45512844400278,0.5443815640027778
402,scan-fw-8cd26e195b762814,sha256:5f30c6d8a5ec835f762f4dc5a5b915b17f520df47ed2070fbe77b51ca071113f,65384,65384,False,False,True,167.6707746017864,111.70660951986918,20.890744479706665,-4.167452000293333
403,scan-fw-8cd26e195b762814,sha256:3f3c9ee1f25c05e3b26ef3265878855a4094ec259abc0d12b8599923ccda9be4,62213,62213,False,False,False,45.965297135685894,40.68628026323506,20.631545439706667,-1.3378640002933333
404,scan-fw-8cd26e195b762814,sha256:c899d5823c8704435d25c2e1f028f92856fe6844fd55356dd0446d2e5803df33,62213,62213,False,False,False,40.355288621948304,39.21446076557843,20.631545439706667,-1.3378640002933333
405,scan-fw-96bb535863ddc61e,sha256:ef57a6ec53be71b7e0b917fd2b7a5e644287d952e57b19a4d881df2ce19ea2e1,66447,66447,False,False,True,196.88683917709784,66.7824926694252,28.496463227404444,-1.3197822126666667
406,scan-fw-96bb535863ddc61e,sha256:babd37608386c8eb8e914a49b54a8a6c8c33ad63b5e504c8dc10a879b082d1c2,59871,59871,False,False,False,25.289527691558174,15.325150535875293,12.823971707404445,-1.2995564525955556
407,scan-fw-96bb535863ddc61e,sha256:c818f6de6813e3a36054090b62a2cdaaada23ae52c3130fe95827fa8a3253b9c,65193,65193,False,False,True,89.70339383124,34.60547202994369,8.364967307333334,3.6665876274044447
408,scan-fw-b2e05cbef9cef064,sha256:6db02dd813c6863b8f2176ea54fe9d14a196ed122de9ed9e920fc7f7fa065ae8,67598,67598,False,False,True,396.354773070129,24.271636493445705,26.758342522996667,1.7002914830677778
409,scan-fw-b2e05cbef9cef064,sha256:cf3e88a328fe34b1546e69924a311c06f39e632b1c398802b76328f68e931c21,66929,66929,False,False,True,371.3899896359538,46.84723071178621,25.528598123067777,-1.0468022769322223
410,scan-fw-b2e05cbef9cef064,sha256:c349ee3d6eaec256e30347e3e913c09f12b1b22da7788463e3ce38c880cc5fa2,64427,64427,False,False,True,521.4248063563623,22.224514674124915,40.943708843138886,3.2749487630677776
411,scan-fw-4c394692cb098185,sha256:246f2c95474f7fa8fd202a9931c016a6e5e069712c7a7bc60beacb664faf9eb1,65536,65536,False,False,True,323.13233742205404,89.09062973367355,26.739460794789444,1.6814671147894444
412,scan-fw-4c394692cb098185,sha256:5a7a287a05203fad927c924b3986991f3c6ed0b0c8cbec5f472fb0518e32d945,59876,59876,False,False,False,113.47338242308571,95.91769701149266,12.766047354789444,-1.3573893652105555
413,scan-fw-b568a0c1b40b119c,sha256:86ec2ce62b943006abfb14511c2761738f1852e2f9a9e04cc3754eaf5d3b0240,64259,64259,False,False,True,90.01465351388063,41.43692632042306,12.678354279626944,3.2986368396269445
414,scan-fw-b568a0c1b40b119c,sha256:639d1797f9c2fc6765bb6be7188f136cdc0d6ea82fa97c6569e0c7bd67fdf5dc,61912,61912,False,False,True,261.8536093869799,22.412694585218244,20.636942439698057,4.944148839698055
415,scan-fw-c0de8ee05fb54d71,sha256:cea98d234778fcdae77c79ce18e7a49b16d4684d34d6321ca5594ced313457a9,58745,58745,False,False,True,97.89377022358926,68.66156540025754,16.126513357997222,0.43383543799722224
416,scan-fw-c0de8ee05fb54d71,sha256:8ac61e3026ec743a4ba5edc783eab2335b6c8eb7635b65a615704c454ecc7c69,58745,58745,False,False,False,102.42802582704938,91.88743110363765,16.126513357997222,0.43383543799722224
417,scan-fw-4fe4d9ee254edb00,sha256:1235d99d2d91afe410cb5f3cabb6e63128da890bb62926976a13744b79e96f8d,62500,62500,False,False,False,37.93784831045456,20.90214688444935,22.24753278119611,-1.2915841788038889
418,scan-fw-4fe4d9ee254edb00,sha256:162cbdfd4f27183b16702ad5875bb19e4180ccf51798e8e09f51974f1bbc3e1e,56546,66474,True,False,False,44.08008669704646,26.971059484397237,8.297402461267222,-1.3601939388038888
419,scan-fw-4fe4d9ee254edb00,sha256:83924580f32d5cad11a3102de6d080671cc6c405407f84a2c9d83732753f9952,59296,59296,False,False,True,96.13400105905146,34.235584749255096,16.18811118119611,0.49545342119611113
420,scan-fw-b3dbf793ce4251af,sha256:51554d383d462cab5eacff0fee0feb254a40b529bd45806f1e19fc2206388f8b,67028,67028,False,False,False,100.29189851202109,103.15326525315078,9.7373967042475,3.328459024176389
421,scan-fw-b3dbf793ce4251af,sha256:5c4212e9e970234ab82324124b0d5f570826f64bc376bdb4d8c132ba6fc39416,67013,67013,False,False,False,90.21771631766016,96.91149967932579,19.35480750417639,3.3324139841763887
422,scan-fw-b3dbf793ce4251af,sha256:466fdbebe69641a3e1d30d3ab16d5e50e2455b7afda442abcd31107b16c9eaa1,64684,64684,False,False,False,158.23035107724255,144.48910639223146,11.1048120642475,3.2884968642475
423,scan-fw-87e4ac2be754ce20,sha256:57a2d2f8819b71797bc1fc2562e62fd00b12babb5b72928d314aa723dfdfff5e,68528,68528,False,False,True,286.10429822734096,91.93432651119811,28.29018191058861,-2.9750328093402776
424,scan-fw-87e4ac2be754ce20,sha256:688e35750610a91fa5c6718e2c8ef8b069f2def21b5fce85feb03e0ac076d442,68528,68528,False,False,True,334.292546130445,36.01318777788941,28.29018191058861,-2.9750328093402776
425,scan-fw-87e4ac2be754ce20,sha256:ff2f59cb64c0792383f17b5a168121b2f142e48317f931dc831b802cef3a82ec,62859,62859,False,False,False,33.66405677597967,38.244932788794046,12.708201830659723,3.328552310659722
426,scan-fw-41f86ae9c08f33fb,sha256:958b09380e79f70c8edbd146b32e43c00cd0e15f20deea815e134e0b5b77caa7,52283,64706,True,False,True,297.42384172011896,30.27540300243047,11.089529267340279,2.1024515873402776
427,scan-fw-41f86ae9c08f33fb,sha256:99f86caf95067b8365b403ccdb7bfe45e4e4602ffcf968e4e464d9906a6f78a2,64247,64247,False,False,True,187.30254237895966,49.39239196463164,28.441394387340278,-1.3748037726597222
428,scan-fw-54dd4f7f249a5cd6,sha256:a84583942d02e76d2aa167c52273923d044477ddd1842e3d11f54919828af3b7,67172,67172,False,False,True,319.82299961379283,26.04290908771301,28.502103945426946,-2.8833517345730555
429,scan-fw-dc044366963f57e1,sha256:1a7b15f807a19b66f1d21996a545b8e59350df8b0239a53486330226ee8671f6,67926,67926,False,False,False,38.76507144955354,32.61726329248361,8.281397583191389,-7.411307696808611
430,scan-fw-2916f41f6a7c1766,sha256:3015399c972fc0bc176250c496745ab339fb8dfc502f9f169e8b2fa887c834bf,67925,67925,False,False,True,75.81575640396142,41.91148287920716,25.605201831544722,8.343172551544722
431,scan-fw-2916f41f6a7c1766,sha256:ba8b911e1bbc501805e7ffc729e171720c4ebdc6e63300c63581b105e0314e67,63516,63516,False,False,False,38.7095904782782,44.72628540107506,14.272999191544722,-2.953035128455278
432,scan-fw-2916f41f6a7c1766,sha256:8b7e2e03d6bcae6d87b8ff155243fc6fabc7773c0a6298c5e0154095a74702cd,63516,63516,False,False,False,39.87111991614368,45.46673250410707,14.272999191544722,-2.953035128455278
433,scan-fw-78052ab28dddda91,sha256:53e0fed9ba7cd504db9b511f885f12589732bdb172cd80ed81b302c3743c35ee,60112,60112,False,False,False,122.94552614513088,107.55421620642953,17.6950119976125,2.0624463976125
434,scan-fw-78052ab28dddda91,sha256:40d49c485b93c0db3e3c4dc8695db9230c104e30c1288e8bacba582a06cf84d5,58874,58874,False,False,False,32.330944030385965,30.03293608345772,16.1821043176125,-7.3571081623875
435,scan-fw-3e89e3cdbcc7a7e2,sha256:1d6494856376076f94ae4a9751688df6bf03384f0ffca8b61dfa15398cf57447,58859,58859,False,False,False,76.46434723522961,62.63354747609016,9.857782148349166,3.580715828420278
436,scan-fw-3e89e3cdbcc7a7e2,sha256:5f7587d9d45829ec07413e52dd42d496baf0a998f8a4656e627a29229a0a52bd,64044,64044,False,False,False,123.08252676899588,109.10651040869143,26.821710308278057,-13.985591931650834
437,scan-fw-3e89e3cdbcc7a7e2,sha256:5cde299d743376c425658b8085cbb750deacc6fa5ae46b2f3c5812bf7c08e0b6,67847,67847,False,False,False,41.16872097936108,44.41630740120801,9.839510948349167,8.270232068278055
438,scan-fw-3e89e3cdbcc7a7e2,sha256:a1d4bcd9ab27d10b54063c6ded5188cd4d356724c9e4bcbefcfe846bee05f12c,59525,59525,False,False,False,37.882266327034145,85.9547170870665,22.220341268349166,-1.3189247316508332
439,scan-fw-6039329e939bef95,sha256:2ece480a0cdc8688bf3c25a9064bf0d74f176b9f8c50cd20bb394fb422c714a0,63572,63572,False,True,False,104.35200476871977,170.0431651114296,28.455262487522223,28.455262487522223
440,scan-fw-f0af018448538a4c,sha256:dd82aa19e87868f1b759fadb65b460f509c2db146dc616f119ba223e5fb4478d,63584,63584,False,False,True,235.25974993767124,96.56137461115125,28.47147587484,-1.34470572516
441,scan-fw-f0af018448538a4c,sha256:0c74a9b77af5bd9ebde2f9cd80455e13e4aa928c14907b7e9b92d828bb6914dc,65204,65204,False,False,True,359.28090883525425,180.98846318977692,11.12891603484,-2.94069420516
442,scan-fw-f0af018448538a4c,sha256:2b75a49942af9cf97681cc0045dc14ed70434e8162fe8872af57b1588590ff0f,63584,63584,False,False,True,292.3333407865518,112.83596787050573,28.47147587484,-1.34470572516
443,scan-fw-f0af018448538a4c,sha256:2807453f686c4475c19b1ddec248184f049acfaa3d2d3d0fbcfee5c62958846d,67330,67330,False,False,True,113.14674032117424,69.44575977944613,26.94116219484,3.40213955484
444,scan-fw-f4a84f0ce507a746,sha256:99bff81e68c849d71f35a53277e51360d8df4293c11036c252e5b9ba5fb51021,59353,59353,False,False,False,17.554853317488224,16.133615851928543,16.145898940874165,8.299546300945277
445,scan-fw-f4a84f0ce507a746,sha256:69a8b69edc28972415c7f99221809786c54918eb3860c75e0e3d5e8e85730eae,63487,63487,False,False,False,66.14210079520615,58.750470551818104,16.114150780874166,8.267767420874167
446,scan-fw-f4a84f0ce507a746,sha256:cf474c7d48d58570825cc93ab69d34892fc8157284cefe038c33d3c4a4fc3dc2,59353,59353,False,False,False,103.22681158262802,88.39648432920352,16.145898940874165,8.299546300945277
447,scan-fw-f4a84f0ce507a746,sha256:289afc2b816a708037c97fbc79f43c4181cf1b8cf59253cf20f4d1eec1774758,67320,67320,False,False,False,104.97303085082632,90.42270705055392,26.924193580874167,-1.3227072191258333
448,scan-fw-5ed0353f3b186252,sha256:80ddd83138493a7aa755138a38ac1f31715a6f47b6d95ffb40155b395a7da0e0,59367,59367,False,False,True,89.02374279465278,27.51581867568354,9.879865254178611,0.4642418941786111
449,scan-fw-5ed0353f3b186252,sha256:b49e902a47af2af5682909ade8b507ebc0ac5cc240d769075d3173d7419a5266,59367,59367,False,False,True,97.78068037691654,38.28246902757029,9.879865254178611,0.4642418941786111
450,scan-fw-c07daaf71742e73f,sha256:306451f41cf762e546650488543a5f3ee485ddf9960b9b6c1b280f1f6e7aa01d,59368,59368,False,False,False,190.4594517229361,152.04623858883076,8.327935521013611,2.0508941609425
451,scan-fw-4c6e56afcc79a719,sha256:ffb5a8b742c8a8a697fdd48f5bdaa5e3d690531fff0b6c3831b7426731920653,60300,60300,False,False,True,107.94481887939757,60.3666607004069,25.542534262163333,2.0935368222344444
452,scan-fw-4c6e56afcc79a719,sha256:ffdcaaeaedd5635ed58cc91ac0dd7cf6318f82a697ebfdb4631da03677728d90,59923,59923,False,False,True,79.76148165328509,43.48161738186581,17.537783782163334,-1.2934746978366667
453,scan-fw-4c6e56afcc79a719,sha256:8e177d7cbfa5b90a541c25313d0ec6301c46bf22ca51bb20ace0523b33154172,69955,69955,False,False,True,338.7530276064799,86.61478550939744,15.827653942234445,-7.621088377765555
454,scan-fw-4c6e56afcc79a719,sha256:60aa896eb79bd5ff0328c3a51f2fb8dd44a48f0643d7566fefe3a3ca7a25ecd5,63389,63389,False,False,False,141.89806656424125,177.66920633943883,17.792236822234443,2.1321031422344445
455,scan-fw-893ebcf66d7b21c2,sha256:62e2b691e9e33bc4811cebaecf213ecc10c06b2d81f421ebed229a8989066c0f,67900,67900,False,False,True,125.04726917935622,27.816426875595077,27.208839380356387,3.717044420356389
456,scan-fw-cc07d11d831aab47,sha256:329b1098bcc93489a978897618ef6cbd6280ceafa174bf6f26eb5e59fe90256f,69521,69521,False,False,True,203.68528914321433,125.31663162222232,17.729758974681946,-1.0294613453180557
457,scan-fw-60c26b0bcf4fc991,sha256:32e36d5caf8624f203d2fa8cf3e69c3039e252ba299af550f88f04ed5287d09b,64804,64804,False,False,False,98.19453974487999,99.73508008382639,27.386926351391665,-3.0555645285372224
458,scan-fw-60c26b0bcf4fc991,sha256:acdf1b54cf28e89d3f3a05e27e0a37e345557173392eb8a0984f64847a91feb7,64804,64804,False,False,False,26.8103156105341,22.301682353033524,27.386926351391665,-3.0555645285372224
459,scan-fw-60c26b0bcf4fc991,sha256:0346cefc7a323f90b744f0cc3cb45e907368a843513007e3bbd5f948a17929db,66854,66854,False,False,True,123.8252226805422,18.975112742742024,4.970309311462778,-2.160383728608333
460,scan-fw-7956b9c412c28a6e,sha256:4d7cc63ba186058d91e78b5892bcc58be90bbe1609fc605bfcbc7503e803485f,66517,66517,False,False,False,47.23907741186364,40.7678278384843,8.316750660033334,8.316750420033333
461,scan-fw-7956b9c412c28a6e,sha256:b7e46c74054aeda5362fa54f076c5cfcb82a02d06f9837ced9d5a6bab63fa5a6,66852,66852,False,False,False,53.85733875043223,42.62555205267825,4.945175460104444,-1.3318814999666666
462,scan-fw-0c2871b5c7ffe0a8,sha256:add7b5ba58353836cf1dae7b72f35e51fdf0639965d84470dca5328327bfa200,56688,56688,False,False,False,47.45331547317707,76.72703103613627,22.42352000860889,-1.115587111391111
463,scan-fw-3e0db0230903d2cb,sha256:e951bfd2676d182163ef03096df07f823abe1b7ba4bf66ae78f6baba055805b7,58242,58242,False,False,False,29.064069952583107,34.46212427356423,8.316765736229723,8.316765496300834
464,scan-fw-3e0db0230903d2cb,sha256:774d5b900ff70b5148a4ac3c6d4b89b4c9cf9d65b574a19b47b2bb4a7577a464,57871,57871,False,False,False,54.45557770474656,40.049029831728745,16.131345736300833,-7.407925543699166
465,scan-fw-5989d26e3b81b96c,sha256:ccb28b39be9ba77478961d87494b65eb569d5e72262a7b9ec40dcf79b60846fc,68088,58246,True,False,False,52.2283983679236,42.52979059529449,45.55795379697222,9.917358836972221
466,scan-fw-5989d26e3b81b96c,sha256:739c1f1915a98ea7abcb86c29b46e2140d199f80d9c51f3232785590579e077d,59491,59491,False,False,False,134.88286458479274,128.20445641662243,22.172870276972223,-1.3662526830277777
467,scan-fw-399889ee9e8af924,sha256:ff120521abb84d24d81f4bd50776b0fdcc95b0356120322cbdbb06997869ee86,58245,58245,False,False,False,71.07464542293538,78.69946302559246,8.331103464241112,8.331103224312223
468,scan-fw-bd22778a9bda4bad,sha256:d957e9ed01baa9df6a41329e3fd4c06678df2a67887e3499ff8ffade6f6f1c7d,64002,64002,False,True,False,46.88596232560377,74.52204827663029,22.2232794619675,22.2232794619675
469,scan-fw-b61cb0d2a0d1ec91,sha256:c843d21c7bd1a2e2ca494bd5e09c19d060f9d8fffe0e9001cbced30a38d390c2,66277,66277,False,False,False,110.59418284537995,93.0105643200793,11.124778872370833,3.3084775924419443
470,scan-fw-7156da925530db62,sha256:571d5850c17c67bc5f5ba283dccf44ebf807f009906763e1efbf5cb5f4ebaa84,61262,61262,False,False,False,29.871088453062622,35.552663492657544,11.118126253988056,3.3018376939880554
471,scan-fw-7156da925530db62,sha256:1f05217893891e69b29aeffd6b5e3769272e82c4864de598a2e6eefabe402d03,63641,63641,False,False,True,69.34601910813612,36.736527275476256,4.930873213988056,3.361611134059167
472,scan-fw-7156da925530db62,sha256:f06b95c2d9307d84fff27c7bb3b65981cd41a9f7bd9bc7ab7f4d1662763ab870,63657,63657,False,False,True,123.23888550967071,49.85043974202722,4.900131613988056,3.3308599339880556
473,scan-fw-fb95f5b1692d9f66,sha256:0422e0ca4d04094c3950de9c32a990ace42ae3b0a6e46a6ea039c5e17796b21a,67082,67082,False,False,False,34.499331035016674,44.113624278382375,5.353683210522778,-4.259714549477223
474,scan-fw-fb95f5b1692d9f66,sha256:817ebb3ffe5df3eefe42c7d5cb076af9580a11cd2709ed477f6f8dc2a29e2698,67082,67082,False,False,False,82.58315974770952,75.90577010096018,5.353683210522778,-4.259714549477223
475,scan-fw-e6d9b0b4adde2354,sha256:c361b41e1cc8f32eb92b8d61b96d77676b72891b01a28d43d12c963868a3b9d0,67098,67098,False,True,False,15.528479419937572,14.74934743661201,13.429140542158612,13.429140542158612
476,scan-fw-41e4ad56e061dabf,sha256:762e3de76cdbac180812c67dde9cb095fd387341edcbdc78e8cc724756c9c708,67868,67868,False,False,True,108.43628325101636,28.35079605136436,17.378061268466112,-7.634162731605
477,scan-fw-41e4ad56e061dabf,sha256:da66b35bce2d5bace6c96f6f9c8846598d75bc9e7fbf9ec1a2af939343196c47,59076,59076,False,False,False,32.201372542520154,29.964098507196162,8.29460294846611,-7.398145291533889
478,scan-fw-9759c9a7b98ccfd9,sha256:fd21af2a7df898ba8ed1de262d64253b686cb787dbb619ac15cf660c463fd6ce,67176,67176,False,True,False,82.99647709183942,68.19211232715962,8.336663078196944,8.336663078196944
479,scan-fw-9759c9a7b98ccfd9,sha256:e2877af3f836b917e44094b1b0e76ac5b115cf1d37ead49cfa1f485e3b0642ab,59081,59081,False,False,False,92.22949964122316,88.75198960139477,8.276260838196944,8.276260838196944
480,scan-fw-9759c9a7b98ccfd9,sha256:ad563f8c6b0ed4439b5e4956bcfd9d2b1f0e5b44b62d544f52b62607ecc27e73,59081,59081,False,False,True,142.19787473507375,101.94187417281188,8.276260838196944,8.276260838196944
481,scan-fw-f4834e04408f338f,sha256:d5b4c6f3fef4cc175a0563ea6d7f78d949a6effeab02cc0ef76cd0c69777ee70,67201,67201,False,False,False,42.87277743368105,26.492905918925622,9.768843562166388,3.359879482166389
482,scan-fw-f4834e04408f338f,sha256:cf8f52fb686452bf6e4793150a1d7a15198242a93f5072b028d5f14a7b3097a2,67502,67502,False,False,False,34.14105480417247,99.06938231849306,8.331140122166389,-7.361637397833611
483,scan-fw-f4834e04408f338f,sha256:ff3f3e35d93cb6396a7b8cc59820289b5da0c84349f63e7b07f8bcedd716a738,67201,67201,False,False,True,87.37500892617588,57.44405263607762,9.768843562166388,3.359879482166389
484,scan-fw-2b7f28cc54d1cb69,sha256:11eb003250d668bc9fa2ae7eb0db2a955f465264a68217bd00878f9a62251b7b,57908,57908,False,False,False,36.540406267587905,39.521786300698764,8.304396565583055,2.0272913655830553
485,scan-fw-2b7f28cc54d1cb69,sha256:6faae7400cf47b26e9d08fbbc2e847c3d16cb4f5a55957b83b301b2319676dc0,57908,57908,False,False,False,29.689619388699857,24.203608092614544,8.304396565583055,2.0272913655830553
486,scan-fw-2b7f28cc54d1cb69,sha256:bb5382722204f4a59ccfc4235671b015a98c78659c7815f6f57cf625837f8f95,64367,64367,False,False,True,49.71199161294967,23.534560469776636,13.140295765583055,3.7231539255830555
487,scan-fw-9446756526bf47f9,sha256:d312319c9f1e2ddf3bd8f03ae26ff49bb0bb0e3d2e62e713171f0533e9e5a69b,59924,59924,False,False,False,121.5031557421527,97.22121827149203,31.85880685331361,-1.095914506686389
488,scan-fw-9446756526bf47f9,sha256:88b4163c514f9fbafd2eb0747a92c6f42f7dd4e2600ac74963d6602eb0205321,66406,66406,False,False,False,15.513651519234637,25.72877645155827,11.151251413313611,3.334880773313611
489,scan-fw-7041e04665ccf72e,sha256:62e1cb43dc518d676169f8d1736b1457d6c85a301d739ca8fd665e31c2277c94,63323,63323,False,False,True,123.61596404957929,27.761965968744015,22.178356558364445,-6.068514241564444
490,scan-fw-7041e04665ccf72e,sha256:16cdd43267d78de372af972b164ec7a906ed8adcb6c83fae4b9f447d7e05c581,63323,63323,False,False,False,32.88060882528266,26.394910717871948,22.178356558364445,-6.068514241564444
491,scan-fw-7041e04665ccf72e,sha256:4f98bedd6759c2b1942237d614e5c70d67356b76b42b7d395daa861d0bb4207d,66382,66382,False,False,True,49.59213165997099,29.311434266223728,11.150255518435555,3.3339921584355556
492,scan-fw-7041e04665ccf72e,sha256:7140c3ed436f1f0a29fab102b62b57c58fd780c5a6e725cbe9527488657a3de9,63682,63682,False,False,False,73.41184748532231,72.34769650823696,17.500279918435556,3.3767527184355557
493,scan-fw-7e6a9f15e94bd52d,sha256:92f8646f603119a9e4d6f91497fd00620f7a70665a8fbd75cc21d991f7df6f5f,63713,63713,False,False,False,16.863161160555546,17.7381079119012,11.145536791135278,-2.948535928864722
494,scan-fw-7e6a9f15e94bd52d,sha256:5cf5c840873a80ff36d3cc1b2a1f59d314a8d6a5494285f85c7627fb0a5f6af6,52311,67331,True,False,True,111.59257096893876,27.00393824259812,34.96575063113528,2.056809031135278
495,scan-fw-7e6a9f15e94bd52d,sha256:df92407cadd884af202758e6e2211126a600dcd5e5a355367d0c3eaaf152282d,63709,63709,False,False,True,135.97376348479574,84.56279897972738,11.103341671135277,-2.965943368864722
496,scan-fw-b8afcb22dcde7385,sha256:4446f0aaa3d5ada313e768faf0a6a53d9cb89520d2b31692edcdf36682372263,59925,59925,False,False,False,43.793126745880755,42.680682906615516,16.128979291086665,2.005380331157778
497,scan-fw-b8afcb22dcde7385,sha256:bd0455e639d188ecce8bcad4ebade7838f711981b03498a742c76f1beba14bf9,59925,59925,False,False,False,63.908837972183285,80.03337421100272,16.128979291086665,2.005380331157778
498,scan-fw-b8afcb22dcde7385,sha256:88640efa2d748dd2885a4b7e2fc971556728f0a2deaa9aad38aa5f3afe864c96,59925,59925,False,False,False,31.307298352618197,25.2781109347554,16.128979291086665,2.005380331157778
499,scan-fw-93ee223ece1a0ba3,sha256:9932396e712ec0b498761af0a626c0efa65fee0405289e841c4ce95a12ec2907,66216,66216,False,False,True,96.67707978619814,26.489781323906183,11.097225942361112,-4.535337017638889
500,scan-fw-93ee223ece1a0ba3,sha256:1a93b168b8a8791ba6c29d35abc9d08a534f25e6297553ff06277a7d6f2279e2,66216,66216,False,False,True,65.51494622486236,21.310385945190557,11.097225942361112,-4.535337017638889
501,scan-fw-93ee223ece1a0ba3,sha256:a60d05f9f1d9aa1c97a5f4b4ea41aa59f702a005a54713570c1d0c9ec1d606df,66210,66210,False,True,False,64.23067107203175,93.20430374319761,14.23761346236111,14.23761346236111
502,scan-fw-f529b0106f4fd51a,sha256:1f2805a22ce2de41aefa335f61caf5e4f023f862b0c2cefce2655d65947a9dde,63774,63774,False,False,True,218.48362341932724,106.7215039340444,22.186331660544724,-1.3523964994552777
503,scan-fw-f529b0106f4fd51a,sha256:d1541b5572cf6879e8de0c8a035d457c9b817edc3676bab2354949b325a1187d,57462,57462,False,False,False,47.33732215441516,62.70982149375858,9.865353020544722,2.018872940473611
504,scan-fw-f529b0106f4fd51a,sha256:36a02869903931464d263bac301cadabb4fa8481d8791226de19e13bbb17d438,63774,63774,False,False,True,193.32230817071962,97.63707013766088,22.186331660544724,-1.3523964994552777
505,scan-fw-8b3ad96be4c27d8a,sha256:4f1131c6ef770adc8c6a85b3c1f234dabd410b0145447b9b30dcce13346e163d,57964,57964,False,False,True,257.2283743171408,102.47642739976114,8.280669222168333,2.0036211421683334
506,scan-fw-8b3ad96be4c27d8a,sha256:e1a76eb42c9b81c98ce130d09923d341a54e49aee9bdf95eb5da67eed1ee3fbc,57972,57972,False,False,False,54.69941161379684,77.26038588150288,9.911768022239444,2.0654091421683334
507,scan-fw-8b3ad96be4c27d8a,sha256:0d11802c12056704b9d9d61afe4162e4adcb8f2f29d5b7121255d5e78d3d92ba,62950,62950,False,False,True,81.94178945355827,61.035430993388644,12.683724102168334,-2.9763870178316667
508,scan-fw-8b3ad96be4c27d8a,sha256:2547916219e7fd38d8b4c048c3edd77e13bd8c2c938b533f683be54219e27478,57972,57972,False,False,False,28.680762849796285,54.837306593026824,9.911768022239444,2.0654091421683334
509,scan-fw-ee8741ede6515520,sha256:b70c300e65bc980480264c549d51b92d3c19f9b17f421796695959279703f943,63773,63773,False,False,True,86.40010567227584,35.54923976268626,28.498134213040554,-1.3179607469594445
510,scan-fw-ee8741ede6515520,sha256:396c52bb6ab70e92dddd507545b1b9d3b0fe4eed6ccac8d534d6a99a65511881,61509,61509,False,False,True,130.34322944439748,60.31333067841368,34.887903333040555,-5.757483146959444
511,scan-fw-9b7493c84ab97255,sha256:155fdaa80e341901393b0a9733166b5f2fe845f9981362edbd57f13a2d6f2e1f,63780,63780,False,False,True,126.55314039726348,42.58331065157672,22.212885291531943,-2.8956478284680554
512,scan-fw-9b7493c84ab97255,sha256:ad2de049ea1c68ec402b918333b6a27b835940d40cbe7e898d657bf8a2045655,68004,68004,False,False,True,177.10640554409102,83.03209201500984,12.816574731531944,-1.3068883884680556
513,scan-fw-9b7493c84ab97255,sha256:b8b31b0b0c5043c298e00500ad1673ffbb3dd7020c474d480d90946e14be40b1,68004,68004,False,False,True,136.51331877334943,83.39702995097271,12.816574731531944,-1.3068883884680556
514,scan-fw-9b7493c84ab97255,sha256:4f00775d5aeecf865b8a254675081c7a06cf1014f03c189a5d077a9d0ef727e6,60418,60418,False,False,True,83.53572785516779,20.267169516398685,11.107093611531944,-4.525423028468055
515,scan-fw-ea1a100f40bc2e16,sha256:65f1801cb5723c4f51e459d84f3bbe3c20c94fe3a73b7a130b8441bc63b51361,66562,66562,False,False,True,207.15574806864254,68.02966489853723,33.394850673507776,2.0094821135788887
516,scan-fw-ea1a100f40bc2e16,sha256:f4dbb7c94ce224cb89460f01d5a2c62c3a4fd1c2d40e96c5bee13e0cfc07220c,64759,64759,False,False,False,59.68056262943467,45.07996809346486,15.810089313436666,-2.949113486492222
517,scan-fw-5b49721cacc7d8a6,sha256:2bf58ad70e1696ae7cb5b33688791f6b38d233b335f66836a6f9f3a7f73624b0,58361,58361,False,False,True,92.6598832353169,59.32148021538395,8.280181598334167,2.0029542383341665
518,scan-fw-5b49721cacc7d8a6,sha256:2d95eb2d5cb3aaddb13ab81ba0b0a2709b888243d608876141ef4b164c35d4f6,63779,63779,False,False,True,153.32384208882925,42.379999136275956,12.832142078263056,-1.2914607218080556
519,scan-fw-5b49721cacc7d8a6,sha256:d8761f3dc50dcad12f53d33279d082e5c1a5a9dd9abbd227238864f5240573db,66595,66595,False,False,True,69.90560182390402,35.856636664659796,17.522169998263056,-6.016922481736945
520,scan-fw-5b49721cacc7d8a6,sha256:0040d8d9b955a880c62c32ba4b7e16a977560308af308a550d7d161979380026,66595,66595,False,False,False,72.82008680713867,56.157989359484496,17.522169998263056,-6.016922481736945
521,scan-fw-88eac04f079e5ad0,sha256:b34052bb7c324fd2afdaac92be111f12752a71879129da028bce9cf21e809e7c,66601,66601,False,False,True,81.27940555239563,48.746129832826824,12.826361052528611,-1.2971481474002777
522,scan-fw-88eac04f079e5ad0,sha256:3ee42e60da9bce1ecd0837c620f7830078f530a4455e6f5b45b69534d9a9af8d,66601,66601,False,False,False,39.4228229875793,27.656567562201623,12.826361052528611,-1.2971481474002777
523,scan-fw-6762e26558d3741a,sha256:07d218db0db19938b7185ca40b83a9109dc63183bc6c295ac3419bcaf5f23476,68862,68862,False,False,True,231.16186132450727,116.93112148935907,38.18202525171861,-13.500218908210277
524,scan-fw-6762e26558d3741a,sha256:86c791b80b3e427f505dd7cbad77d63fe56393589f40120b32b1b442965fd2a5,66061,66061,False,False,True,58.55831537535858,18.7443541499175,15.831405331718612,-2.927712028281389
525,scan-fw-6762e26558d3741a,sha256:929d563a232a4138667959afd2a1d736f4e84b2f87150ea03b4b3e592b251d6f,59689,59689,False,False,False,117.81552754335213,102.89232047196647,75.5604227717186,-1.3340131482813888
526,scan-fw-a512b0d2e66ff094,sha256:09d1e3d1ed03c4ae88d47bc596fe8082f6cc91cd051b8e97c85463d1afb11c6d,68768,68768,False,False,False,95.75318596839041,112.58965225058479,8.383676291833611,-4.1452613881663884
527,scan-fw-a512b0d2e66ff094,sha256:d4d9b4bbcae765f234e29676bb339e8f0f9708ca11f3e0c319b7e00d4cc45a24,53588,53588,False,False,False,102.97507683254811,111.24264339104131,15.76133293183361,-6.110067228166389
528,scan-fw-1e3eb69ae7c881f2,sha256:256c7108463b4b29a891f9985cea437c67da2928e97177c5a6fc4c87e8a21d6a,67008,67008,False,False,False,54.23464991322683,83.61225887653319,5.373601394065,-4.239385725935
529,scan-fw-1e3eb69ae7c881f2,sha256:ac915daaaf1a3915a996fa2e1eedc5367aa91b1f5795be0444ca6f1fecdd3601,67008,67008,False,False,True,129.73087464426828,33.06656751123588,5.373601394065,-4.239385725935
530,scan-fw-1e3eb69ae7c881f2,sha256:ca4aab17f0bf4589a94e0fc1d6aa46e479cee70014de0e42adb466315eacdf9e,58671,58671,False,False,False,130.18473212074616,129.0703803465324,12.770365634065,-4.491458445935
531,scan-fw-1e3eb69ae7c881f2,sha256:a7599d2b86dfc075024ec7dad3961681cc778f57092ffe73eb488b68df371828,67024,67024,False,True,False,52.002917132918256,48.855021573897716,3.767641394065,3.767641394065
532,scan-fw-3b39ee01fdf58bb4,sha256:66933d771a60025d3a7759a14670eeaea780ca29f95e75a21605099aec971e23,59027,59027,False,False,False,122.27459611672914,118.32218335650869,9.871173851624167,2.0247864116241665
533,scan-fw-3b39ee01fdf58bb4,sha256:f8caf2e8f4c7b8b76cf8fdbb8a0524bcb8944593586080ca001bcec296d6b137,66979,68074,True,False,False,76.83397634236964,57.34281490218775,8.290975451624167,-1.0776287883758333
534,scan-fw-47b14a92eb94f9a0,sha256:1aead185ca4268dbe878a6a0728dffb09044dc18d8006e2d69586943a8faca90,59469,59469,False,False,False,41.301188976766916,30.528399313021772,8.263646183234723,1.9864049032347222
535,scan-fw-47b14a92eb94f9a0,sha256:684b13ed99ad4103c9b2b1a59dffbc601b69d6d2198a84eaf657b7f106302829,66236,66236,False,False,True,458.0532216214331,48.017949161609806,15.814405223234722,-2.9451256566941666
536,scan-fw-771671abb6589a15,sha256:a24eb988988d08379a49ffe66c458574b8fd2bb8e1ab8747413af1e9fea4b8fe,59467,59467,False,False,True,245.8000375486057,141.11081297153422,16.146084148798057,2.0231271887980555
537,scan-fw-771671abb6589a15,sha256:b760f6d81373e3b8efa399bcdca1a249c90373ce62e60173a4b5f971b7fc18ba,59610,59610,False,False,False,18.01848705867087,94.74351362516613,31.870561588798054,2.0543079887980555
538,scan-fw-01ede191d2da6359,sha256:319b1ebc3efa00ecbf499bb52f990a694ae19eeaf7ec4158a2a8642125e7c546,59659,59659,False,False,True,191.3147728061296,50.253178594242854,9.8463401916825,2.0000458716825
539,scan-fw-01ede191d2da6359,sha256:93ffefdda323c87db4be38e25a7f45d2e7da322680c0a59a69623ea8aeba23b0,65036,65036,False,False,True,160.30303456530362,107.68553971043006,15.8223353916825,-2.9368227683175
540,scan-fw-01ede191d2da6359,sha256:a674c2c68f2318adf9aa339c7ab4e44cb1b5c89f5ec5d5680e60824e9371ea1d,63426,63426,False,False,True,213.62125745625656,68.34193709640975,19.03685843161139,-1.3639722083175
541,scan-fw-0f11319b19cf5ba3,sha256:789a02ac13af6234ae49aad87a528c3cec8d9cc94b08fca792001ccd83141dfd,58445,58445,False,False,False,76.99640385226648,79.46346171636186,9.870971289607223,2.0245420896072224
542,scan-fw-0f11319b19cf5ba3,sha256:8b1504030c98ff9d99d80001e15d07c1ea6d18289056c29b20a3a10ef4584bba,59658,59658,False,False,True,114.93221831535682,62.86634931666807,9.839611209607222,-1.1452377503927778
543,scan-fw-0f11319b19cf5ba3,sha256:eddd2a89e817a54d9ab039920ede1f7b1cfe09566f4bc307e22afb377057915a,60318,60318,False,False,False,91.68672880255207,90.79981812273503,14.210207529607223,-6.112346630392778
544,scan-fw-70c34e9e17107f06,sha256:6ddf4430f72e9d5fe4ae1518cef4dbf4b00b76bda75951b550d425fc144ad28e,59157,59157,False,False,False,24.63251950874456,17.727127643333894,22.24650487379722,-4.4312207261316665
545,scan-fw-70c34e9e17107f06,sha256:447b4efe20a293eb0b043df014e6af75565bed1642c2b458a80501c18cf0c158,59157,59157,False,False,False,38.72851513917823,34.62520935815212,22.24650487379722,-4.4312207261316665
546,scan-fw-3d679248b9074103,sha256:73c1a55101f3fba834543f91c1d244810f14384ae2ab94dd23e7f200ff4b8866,69199,69199,False,True,False,84.66611912999811,104.42939232400879,11.152565614742223,11.152565614742223
547,scan-fw-3d679248b9074103,sha256:e28b3f17a97d602fd52a728ced20ee9a5c902acea30191658dd7cacb52f51e29,62074,62074,False,False,False,65.89601093650175,77.1600434590286,11.474501134671112,-1.0315230252577778
548,scan-fw-3d679248b9074103,sha256:701450d73c9733e29235a6e799708de91e039cff4816c601630229aa4c74abd2,66813,66813,False,False,True,175.31076663267484,119.56094812968182,20.606812174742224,-1.3628699052577777
549,scan-fw-9159f3214daec077,sha256:75e722896b89b46804dd2bed3f0ad7b84e0f70437134832070c1fbe7cbf3c6e8,65541,65541,False,False,True,288.56967920384506,25.59840877374315,14.64524130976361,-8.84661965023639
550,scan-fw-9159f3214daec077,sha256:15e16fc14e8ec62c3094abd6e723924a7829d652c11ee7fa9e00ad8aa554d152,68008,68008,False,False,True,259.8704731328039,104.97629529269815,33.40752378983472,2.022126909763611
551,scan-fw-247132319f655229,sha256:33462a8545c9640c301325f9a2e510261e67a31b2f7e6bb17eba6861bab71a9c,58936,58936,False,False,False,118.26974808933768,131.1509887021958,15.797564305760833,-2.961926734239167
552,scan-fw-247132319f655229,sha256:042fd8dc948513b77c6fc85e25ea4d28133ecee1c607474635ae068a82e6785c,65632,65632,False,False,True,137.7319691107625,42.601189352970216,11.119946065760834,-6.075973774168055
553,scan-fw-247132319f655229,sha256:86b2641f786c8eb47cd50da6814f5180db03da3e1f1314bfc83711841572c54b,63797,63797,False,False,True,103.33272512869306,36.79299815415039,22.38908726568972,1.9881757457608333
554,scan-fw-247132319f655229,sha256:1c3a3ab6618d6d43276ab5d3522ee0a629c721103c18c01f4cf924435ea6b1c6,65632,65632,False,False,True,139.33934563202834,71.97651657954658,11.119946065760834,-6.075973774168055
555,scan-fw-6f8ab737878e0ea0,sha256:608c5f468f2db5e5143a500777b7e67a34e1462cb8e221640a04727d6116f3a0,58408,58408,False,True,False,58.93307657037758,63.9297448291372,22.45179669636389,22.45179669636389
556,scan-fw-6f8ab737878e0ea0,sha256:a6e8fe188c361231119a78f45db37f4a05cb5b4848640aacb0a0dc4a8eaa56d6,60365,60365,False,False,True,193.66242912282493,19.280127740348977,11.12345325636389,-2.970589703636111
557,scan-fw-6f8ab737878e0ea0,sha256:18dfd1606afd48769695641aa79595e053a3f6916e05c3fe80099701906803e7,64333,64333,False,False,False,98.84811868252966,99.08984088167615,12.83167893636389,-2.861166023636111
558,scan-fw-6f8ab737878e0ea0,sha256:683553f1cf2c1267f8ffef69a457f65560f1e4068375770dfdecaab16a01abaf,60365,60365,False,False,True,274.4740640701391,27.70583970073254,11.12345325636389,-2.970589703636111
559,scan-fw-edfdbf96c564b086,sha256:85b4e5da644e77e4429a09da7781448f9acd1e6592d30f4e314ff5fff5c66dea,57993,57993,False,False,False,160.03485247107352,129.19970719804263,47.50888189596139,1.9999594959613889
560,scan-fw-d95eb41ad24ad386,sha256:b4b608a18d45db80d2e04e02b36c94fa0fa92a5031634c261ec6fc30bca29c34,61216,61216,False,False,False,97.14259805372888,96.59984717172155,11.158402642990556,11.158402403061666
561,scan-fw-7e25f69f72cd4d6f,sha256:a42e15774708244cfc6a4a0eebe74b950c5477b0cabff6cd618afd207589a007,59644,58634,True,False,False,91.29573080121342,198.14952073743066,19.074606315745278,2.0572174357452777
562,scan-fw-7e25f69f72cd4d6f,sha256:969cec5121d99b4e1f407b94270959ab1536638621036f62e41a4c8d002c6d77,60442,60442,False,False,False,43.39279059314362,28.54124400418101,11.507749035745277,3.691280235745278
563,scan-fw-7e25f69f72cd4d6f,sha256:798febefa829c6bba384b7e67c121366a01b4b95ae86d09b6fac3b788b7f8328,62118,62118,False,False,False,22.464663953534487,23.08842397015452,12.75683023581639,-2.935953764254722
564,scan-fw-e600ac9f4277cbe1,sha256:acd4944768c1d4e8f8e062280703983ca502c7c8d5de1026d7440ec2ba8732b3,64145,64145,False,False,True,112.72572754196737,64.46837991066862,16.18904019505361,2.0654765151247223
565,scan-fw-567bae61c861bf62,sha256:ca9fb66a0407fda84bb4e1b39bfde74491dcc31d3aa20b3bec08215c5aaaea11,63861,63861,False,False,True,76.23399642254044,17.902273194078184,22.41724638696917,2.016753186969167
566,scan-fw-567bae61c861bf62,sha256:2fccde3be029fdfac78e2003e99d883d6f5baf660f256d8f926ecc882b71ba29,63861,63861,False,False,True,371.43746931652527,46.84146260997018,22.41724638696917,2.016753186969167
567,scan-fw-c0e63a90663e67fe,sha256:1eef228d3a0cd6410d4164a8cb4768f2ab4f013d2b7fc70ca25cbec4a67fe281,58721,58721,False,False,False,149.51690775907952,156.21982465592467,17.710418342536943,-5.737745337463055
568,scan-fw-15654253cc41118a,sha256:18f6bcef3dc91fba2b976a9b2b14c5d95cbcd9c969949fb30dd1c452dd8a0f28,58670,58670,False,False,True,80.50455718479708,53.57874989656038,16.18912559536528,2.0658427153652776
569,scan-fw-15654253cc41118a,sha256:8e6aaacd7c979237c0f89198fefc9ae85007ff1e23b75ff63997f0e0c906cf79,63202,63202,False,False,False,47.967591298290635,56.60728775953679,16.15535495536528,-7.383774484634722
570,scan-fw-37f35e7dc933570c,sha256:d6f5cb33a6ebcec7dabbadcccb2fa621461cb6cb7e4fe890d908b7484a1f6ee2,68322,68322,False,True,False,70.73968901045214,80.26727999195505,15.779110458281666,15.779110458281666
571,scan-fw-c5d49207f25ca4e2,sha256:7af59e05d8cca23e43e43ca31e8c94053be027be4c339f085885a50f5bba5af2,64917,64917,False,False,False,62.1694010111435,67.94027306843269,15.8282843193825,-4.5299110406175
572,scan-fw-c5d49207f25ca4e2,sha256:cf283640388ab1956b98a9d548bfeda11a57c56fed4060df50fe8f70d8565d1b,65698,59184,True,False,False,111.8576940750091,104.69178500173547,15.85067607931139,0.4988418393825
573,scan-fw-f6c184cd03fbc4c2,sha256:e3157d302c6486a8085f16a0a4c066a09eb37cc0d660c71e9bb3476c019fcdb6,62743,62743,False,False,False,49.391301283364236,63.38620976619281,20.648527610039444,-2.8905900699605556
574,scan-fw-f6c184cd03fbc4c2,sha256:119fa144a9d83ff5d71f23de423ea705463213400fff93872229b697feb80e82,62743,62743,False,False,False,111.30218048208357,119.82336753022773,20.648527610039444,-2.8905900699605556
575,scan-fw-ab40677ea6f28b2d,sha256:179d3ecbcb7c8054fdb9dfd8175090353bc43a16d9a57d4542d4baa42e918776,66083,66083,False,False,False,171.2761383478343,202.56915614330404,22.427465881580833,-5.711252038348055
576,scan-fw-ab40677ea6f28b2d,sha256:ca61ad1cdabeb6b320645f96c5fc385d5921d3cbf235cb57a23b7122a9595687,67116,67116,False,False,True,92.63787924823349,44.40282175735849,20.608419961651943,-4.499407078348056
577,scan-fw-ad50d8462a371a53,sha256:fb6563deb255ef03d398eadc6435d86e9af91f0b9358faded750af2da6da4715,58609,58609,False,True,False,181.14221078597978,186.41760829526783,12.773491432856112,12.773491432856112
578,scan-fw-ad50d8462a371a53,sha256:f4b11c900d7604a93a9d2be85954aafdb782ed7d401a80d0b01bb2daa0687dfa,58514,58514,False,False,False,39.743026669210515,28.920650744416598,23.993675272856112,0.45445919285611114
579,scan-fw-f5d74dc978b1649c,sha256:432f415084ca88640cd3a67e3b8251fb26c29c9e4d7f22524490c5962098f100,63814,63814,False,False,False,49.6487074219838,30.606281132712397,12.774379812713333,-4.487567867286667
580,scan-fw-f5d74dc978b1649c,sha256:17b91527acd621028331ecb902279c667b5629414476bc48bfd8d06614dece5b,63972,63972,False,False,False,42.087849892421715,41.33163566872948,19.080900372784445,0.24956389271333335
581,scan-fw-a1dcbc03bf604dbd,sha256:492f0b444c6aa992e6708e3499e609ab337d0f411ee3c3c2da5d8e29c06155da,68317,63909,True,False,True,121.57169438770597,18.815852317423982,20.906609574317223,-4.490245385611667
582,scan-fw-b9f073d302d65e12,sha256:7aa4828bf907cc88da25c8b9a060323f41afbb117f4d0778dbbd983ada77159f,59745,59745,False,True,False,108.32712329524337,116.9529927456848,20.597133881368332,20.597133881368332
583,scan-fw-71fe03e8aa13773d,sha256:01195dbb2806b1b77c891b43669aad824a97bf3756a757696595324698e8c5da,59731,59731,False,False,False,46.462309994982135,50.58420312219116,20.618378850208888,-2.920812989791111
584,scan-fw-5f3708e20b2f15db,sha256:4da73c13ed8ee836ef684d7d3653d92bb54c0ae146983972a89629a087919a8b,59632,59632,False,False,False,39.17546899517144,127.7474281151004,16.145764509244167,2.0221120292441666
585,scan-fw-b43c06c322ffc878,sha256:4f8124558595dc29da57fe02fbb48e18c694978e6fab17f89d25a6a2a28090bf,59333,59333,False,False,False,60.22673430891004,77.11316699205027,66.17421608139833,-1.3046871986016666
586,scan-fw-52c10f8dff26bdc3,sha256:ff34049c218410112a128fe0e2e8ce1bfb3396630646b7847cd66d0de9cf8b56,63080,63080,False,False,False,95.99994297451642,114.23036205941642,9.559060109889723,9.559059869889722
587,scan-fw-52c10f8dff26bdc3,sha256:39f5a25acfd8d43a03ab1e6a1c41d7b3bc14384183c13c1f6266ea3656f486c2,63080,63080,False,False,False,63.87154771549762,87.25685214340756,9.559060109889723,9.559059869889722
588,scan-fw-52c10f8dff26bdc3,sha256:072a4c5f5fc24e66ca5cfa63fc0c802a8f2aed1c88cef326d260ca14bbb9cd0d,63080,63080,False,False,False,60.72946848284044,66.33325259969513,9.559060109889723,9.559059869889722
589,scan-fw-0e0aae67f5769fe4,sha256:3792c8bc73cb708cec6b61aa1b41d58e0a5be360a673766c061fe2a252d234fd,68713,68713,False,False,False,68.85735423446543,60.758253771922924,11.106940439718889,-2.962327560281111
590,scan-fw-0e0aae67f5769fe4,sha256:e71d09d1b8c85c219067c43bb6114536e488e6aa5a691e486a13c8e297854654,62103,62103,False,True,False,55.07715470127758,57.34244585093207,12.794790359718888,12.794790359718888
591,scan-fw-eeb5e703b5901f5e,sha256:a09c073bf36acc57f2fb88c6089a055b57112275412f8c89dbe2ab00643bdeda,68252,68252,False,False,True,108.13289553054162,20.67364101869907,22.363027701669168,2.0405743416691666
592,scan-fw-eeb5e703b5901f5e,sha256:f0fb17f0c1d78a2e0aac0ceb9f250fcc4bc3a2320a4473517a5d3d18f0c5970b,67456,67456,False,True,False,56.54045058490752,70.92630128057375,20.67578546174028,20.67578546174028
593,scan-fw-9ed060e1f5b5a682,sha256:193ae61305fccf5ecf13fe21e8a88dfeeee57c3e54301ae3a0ec70f4bf0c5b6d,66135,66135,False,False,False,23.971673684191707,22.409556588624785,12.677482828593888,-2.9551766114061113
594,scan-fw-9ed060e1f5b5a682,sha256:a4b4c1aadd6a303206c73600478a80cc93ab3c54597dcab3923c3dd164b84026,59240,59240,False,True,False,37.12504439324183,52.880969588743376,23.969870188522776,23.969870188522776
595,scan-fw-9ed060e1f5b5a682,sha256:c0a97096f39aac9ca84c8849f6bd1f7ab9adc2b50ac039a6c0348a950d1e33aa,63066,63066,False,False,False,17.767883126776496,14.524793427408488,23.983129708522778,0.4441572285938889
596,scan-fw-9ed060e1f5b5a682,sha256:0a523f2bed0de5c017ae7d808ea770f5ee7d831da3d2fac1593ef6a5c6a62d00,66135,66135,False,False,False,49.08501140596324,38.502601172039334,12.677482828593888,-2.9551766114061113
597,scan-fw-d25974dcbdfbdfc8,sha256:64f47d254b2f135d1a140a1e4ca13efcd62e9ad471f1ef02235cfc8d03ab781b,58845,58845,False,False,True,118.3061527116199,44.06373763523225,20.821201747519446,-1.0642676924805556
598,scan-fw-0dffa0108b6c66c5,sha256:1e9a4328eb159dd4c678788f33a5c7bc863690d44f53dae081b48c261312ca47,62281,62281,False,False,False,29.831695251885986,24.84176846804872,12.759205736158055,-2.9335657838419444
599,scan-fw-0dffa0108b6c66c5,sha256:5d16a5c34909a6f120559c1fc027041d3b4751634e138d5df9864e8540de47fb,62530,62530,False,True,False,55.58766544579603,70.58528844961778,19.079755976158054,19.079755976158054
600,scan-fw-0ab75ea0586e9421,sha256:08f20ac44f3d1259e05e009dd551a042d7ac547c85b452036794386030bbee62,62527,62527,False,False,False,56.23683765580218,41.51388042509573,19.05903430115611,-2.9107502588438887
601,scan-fw-4ddae62decbd1c61,sha256:2810c272cc86842bcdf5e99e82ffdaa0e70fc72832da13ce5067001b2b5d0ac1,62146,62146,False,False,True,73.86986667629293,19.232408987561943,23.994095571829444,2.0243309318294442
602,scan-fw-b6b69bc6b34fbef0,sha256:0e4a92df5c2550a1b2df9899fae13295787ac48f0d15a809ea0a451f161f42b7,67361,67361,False,False,False,38.458234252095245,22.958401315467597,19.042679501077224,12.765579341077222
603,scan-fw-b6b69bc6b34fbef0,sha256:ea5a8b981d88efdfceb54522901a5df039a9d87ff2095a5fe5b001a6c1c1ba2f,69530,69530,False,False,True,45.4352679237935,25.11723659739725,11.114345261077222,-2.955012978922778
604,scan-fw-68816fd4b9bd01df,sha256:a09bae839c8ec3f0c376761b38718c5f53c4629b8ee23ca75fd4c23bb9b361e1,61853,61853,False,True,True,265.1852687009111,142.78140682673398,20.676579813425278,20.676579813425278
605,scan-fw-68816fd4b9bd01df,sha256:771b3e86c15ea6f2e75fc01a6d2063b899bfeeb495a37e354ec8da85407be082,64344,64344,False,True,False,72.41181879211437,123.35729289377603,26.834912853425276,26.834912853425276
606,scan-fw-7d4671b6677694cb,sha256:1d3102dcead532b4bdd71732f5fb08a2eba7d70e6d82dcefed7242d6494818c8,64365,64365,False,True,False,62.7935140323824,125.25031713303868,20.579959973718335,20.579959973718335
607,scan-fw-89ea2432bee57395,sha256:66ed7e6fdd14ccf0cccfdd3d868e87f66aaa1cb31b931d07b7fb29bd67eb0918,59746,59746,False,True,False,161.31652454410172,130.35310269242385,39.72014445030139,39.72014445030139
608,scan-fw-89ea2432bee57395,sha256:770fba3d309a5801160775fcd091763eeac98f8bf701a394f0999ddfb6e2c40f,62763,62763,False,False,True,136.36119658622,50.08330161512805,22.45444869030139,-1.035801149698611
609,scan-fw-8f727a1e8435c80f,sha256:62a9808f46b455ffca2ed794c92824efd051ce9305e3b1cf14b48eab7f786ad1,68904,68904,False,False,True,139.58207642231667,34.92133971226717,31.90437307706639,3.7141549970663887
610,scan-fw-8f727a1e8435c80f,sha256:1aca1f55e4f708857e84e1a7740b45db9782cc01682eecd04fdecff192521ff3,61963,61963,False,False,False,87.79206994128886,80.43543679022409,23.96006131706639,0.42129427699527777
611,scan-fw-33676a797773cca1,sha256:c564efa0df8e1f9ef921731429fdb232b87c1e6eae046f0247a9552fc22ae6b8,59741,59741,False,False,False,66.04847443454204,74.52280573738182,23.986071400443333,0.4470077204433333
612,scan-fw-cdba62ba6aff7b31,sha256:1dead195bfc66bd9f7da8eb2b98c04c133c5a64842405835f685d04ddf6d57b8,56289,56289,False,False,True,86.37153362709356,36.74776381200682,5.136510147025278,3.5672478270252777
613,scan-fw-16cc188051aa3a6c,sha256:eff6599cc5e036821f66c004bdffdf40b824fdf9eb53b3c8439ec9c38566b680,68784,68784,False,True,False,25.27924054365859,24.111944261635184,26.718148494861666,26.718148494861666
614,scan-fw-16cc188051aa3a6c,sha256:58e2a287ffb5c7fd14034d3112ee548011b4f7fead0ab6bc14d3a7e81110f063,68784,68784,False,True,False,26.91322649762483,54.979895277742564,26.718148494861666,26.718148494861666
615,scan-fw-16cc188051aa3a6c,sha256:3d9ea6cde321818d5b61f0c211879bb89b291d05d7e9ed296b8e7aac67bcdbdb,100162,100162,False,True,False,91.1968087039874,97.39062524411162,18.943076574861667,18.943076574861667
616,scan-fw-ebbc8ef303acf34e,sha256:17e1df738ce814b2abc975cd2599c49217e35fd87df718a359c669ed55243f97,65239,65239,False,True,False,22.61230411236761,60.90166992430817,9.531190743273333,9.531190743273333
617,scan-fw-4f2ab8b2ffd60b4b,sha256:734de23d45e10be12353b00394965472ac939fa423dfac5ffd3bfec981c7e8a1,63470,63470,False,True,False,21.131127095229367,66.58147373606016,20.64410525899111,20.64410525899111
618,scan-fw-4f2ab8b2ffd60b4b,sha256:2c30d8fc36ad3bcace9b88c5d44127e1892807ee7b871646a70a4e46e342271b,59351,51731,True,False,False,51.30627460129658,51.64329085129104,17.537446618991112,5.252021818991111
619,scan-fw-3984983fc89cc2bd,sha256:6702706ec9294e7ba4ef9844496eebc1fc27969aff90791303f4c0497565f658,64937,64937,False,False,True,105.90344753263231,48.9609074420522,27.2137529184975,3.7218216384975
620,scan-fw-d583cfe407630dd8,sha256:af6e19c229a6dcfa26322e9b6b3b109d6c3730c19bb80e8005214c128b4824ac,66439,66439,False,False,False,34.844580516255895,38.802488935157136,12.754771225385833,4.908413785385833
621,scan-fw-d8dc5bc285fc2054,sha256:0e09ecebaa371dd726c0dd955144055e4100e5aeed1c95c355e174f372e834c7,66014,66014,False,True,False,28.060973502264652,40.26401962623285,28.282313763302778,28.282313763302778
