{
  "rows": [
    {
      "decay_s": 0,
      "unit_id": "all24",
      "source_datasets": [
        "DS7",
        "DS8",
        "DS9"
      ],
      "excluded_dataset": null,
      "planned_starts": 1,
      "qualified_starts": 1,
      "selected": {
        "initial": [
          0.7693196980721727,
          -0.7108225465805316,
          -0.3814238780241277,
          -0.2161100114044182,
          0.2028197460133785,
          -0.032720433665794385,
          -0.2840841195137169,
          -1.3859528595885784,
          -0.5678726568491594,
          0.3699641996010572,
          -0.25625290968248016,
          -0.558405503177783,
          -0.33871593779220865,
          -1.2709286011505265,
          -0.678435285399755,
          -1.030504167317139,
          0.008367691072414642,
          -0.2429508526336607,
          0.21702808705868606,
          0.5663371769716082,
          0.4296900971481915,
          -0.2274042925818566,
          -1.3296135023023787,
          -0.6204626289446126,
          -1.0866331444493011,
          -0.9582822188089434
        ],
        "x": [
          0.7693194249705385,
          -0.7108252944604988,
          -0.3814250901637683,
          -0.2161101983210766,
          0.20281965433780347,
          -0.0327206418240613,
          -0.2840840616639093,
          -1.3859518558997423,
          -0.567873177573061,
          0.3699634967374405,
          -0.25625272001594585,
          -0.5584042421258176,
          -0.33871566103680445,
          -1.2709289150517218,
          -0.6784363005374056,
          -1.030509689841277,
          0.0083676506254828,
          -0.24295066012722158,
          0.21702855453602177,
          0.5663369128477012,
          0.42969202434302545,
          -0.2274045682168114,
          -1.3296147055752339,
          -0.6204624977980782,
          -1.0866335493000907,
          -0.9582829191492697
        ],
        "success": true,
        "message": "CONVERGENCE: RELATIVE REDUCTION OF F <= FACTR*EPSMCH",
        "boundary_hit": false,
        "gradient": [
          6.904091198922657e-05,
          -0.0006075255745091601,
          -0.00017082170490584359,
          7.276031932068605e-05,
          1.9041909780526112e-05,
          0.00025865809744862744,
          0.00019359444750577381,
          -3.1184030235387183e-05,
          0.0001675842884409917,
          4.427420993502462e-05,
          -7.475717249705305e-05,
          -5.970051446979596e-05,
          4.523838572811911e-05,
          1.6123917863541948e-05,
          3.812274953851613e-05,
          0.00021308459740687624,
          -2.341411038564445e-05,
          -9.219172510066542e-06,
          0.00010531212653552835,
          -5.9223541041930616e-05,
          -0.00011210815981721467,
          -0.00020424155168541347,
          9.133800967386918e-05,
          6.263699211439544e-05,
          -7.25156067673538e-05,
          -8.424659506012233e-05
        ],
        "training_log_score": -277584.7648269865,
        "evaluations": 5,
        "iterations": 3,
        "qualified": true,
        "estimate": {
          "latitude_deg": 37.84985739876378,
          "longitude_deg": -122.4756122544747
        },
        "decay_s": 0,
        "unit_id": "all24",
        "stage": "source_fit",
        "start_id": "refine",
        "session_ids": [
          "scan-fw-5f7bf896e4552887",
          "scan-fw-a40658642d9ade6a",
          "scan-fw-3b5aa99026fbf2cc",
          "scan-fw-4461e9a2d9d598cb",
          "scan-fw-534e7fb34771526d",
          "scan-fw-c8c8eac794484395",
          "scan-fw-1a8fada20483c159",
          "scan-fw-319730ab74ce43e7",
          "scan-fw-aadcd44b66085469",
          "scan-fw-ac05824a99b22ffd",
          "scan-fw-226485b45dd0d0cf",
          "scan-fw-23ca8538647774b2",
          "scan-fw-9c5f3143152db63d",
          "scan-fw-5579ea7efd8c20da",
          "scan-fw-ae6175dd0600ae77",
          "scan-fw-6234d5440f90806e",
          "scan-fw-98cb28475c2059b9",
          "scan-fw-779025cb04154412",
          "scan-fw-c69d8adb846ccee8",
          "scan-fw-2ab18976d4eb3bf8",
          "scan-fw-237e4e5d4ce58dd7",
          "scan-fw-7b332587ba122e45",
          "scan-fw-bf15d314e729e447",
          "scan-fw-0121767995aabdb0"
        ]
      },
      "source_runs": [
        {
          "start_id": "refine",
          "exit_code": 0,
          "result": {
            "initial": [
              0.7693196980721727,
              -0.7108225465805316,
              -0.3814238780241277,
              -0.2161100114044182,
              0.2028197460133785,
              -0.032720433665794385,
              -0.2840841195137169,
              -1.3859528595885784,
              -0.5678726568491594,
              0.3699641996010572,
              -0.25625290968248016,
              -0.558405503177783,
              -0.33871593779220865,
              -1.2709286011505265,
              -0.678435285399755,
              -1.030504167317139,
              0.008367691072414642,
              -0.2429508526336607,
              0.21702808705868606,
              0.5663371769716082,
              0.4296900971481915,
              -0.2274042925818566,
              -1.3296135023023787,
              -0.6204626289446126,
              -1.0866331444493011,
              -0.9582822188089434
            ],
            "x": [
              0.7693194249705385,
              -0.7108252944604988,
              -0.3814250901637683,
              -0.2161101983210766,
              0.20281965433780347,
              -0.0327206418240613,
              -0.2840840616639093,
              -1.3859518558997423,
              -0.567873177573061,
              0.3699634967374405,
              -0.25625272001594585,
              -0.5584042421258176,
              -0.33871566103680445,
              -1.2709289150517218,
              -0.6784363005374056,
              -1.030509689841277,
              0.0083676506254828,
              -0.24295066012722158,
              0.21702855453602177,
              0.5663369128477012,
              0.42969202434302545,
              -0.2274045682168114,
              -1.3296147055752339,
              -0.6204624977980782,
              -1.0866335493000907,
              -0.9582829191492697
            ],
            "success": true,
            "message": "CONVERGENCE: RELATIVE REDUCTION OF F <= FACTR*EPSMCH",
            "boundary_hit": false,
            "gradient": [
              6.904091198922657e-05,
              -0.0006075255745091601,
              -0.00017082170490584359,
              7.276031932068605e-05,
              1.9041909780526112e-05,
              0.00025865809744862744,
              0.00019359444750577381,
              -3.1184030235387183e-05,
              0.0001675842884409917,
              4.427420993502462e-05,
              -7.475717249705305e-05,
              -5.970051446979596e-05,
              4.523838572811911e-05,
              1.6123917863541948e-05,
              3.812274953851613e-05,
              0.00021308459740687624,
              -2.341411038564445e-05,
              -9.219172510066542e-06,
              0.00010531212653552835,
              -5.9223541041930616e-05,
              -0.00011210815981721467,
              -0.00020424155168541347,
              9.133800967386918e-05,
              6.263699211439544e-05,
              -7.25156067673538e-05,
              -8.424659506012233e-05
            ],
            "training_log_score": -277584.7648269865,
            "evaluations": 5,
            "iterations": 3,
            "qualified": true,
            "estimate": {
              "latitude_deg": 37.84985739876378,
              "longitude_deg": -122.4756122544747
            },
            "decay_s": 0,
            "unit_id": "all24",
            "stage": "source_fit",
            "start_id": "refine",
            "session_ids": [
              "scan-fw-5f7bf896e4552887",
              "scan-fw-a40658642d9ade6a",
              "scan-fw-3b5aa99026fbf2cc",
              "scan-fw-4461e9a2d9d598cb",
              "scan-fw-534e7fb34771526d",
              "scan-fw-c8c8eac794484395",
              "scan-fw-1a8fada20483c159",
              "scan-fw-319730ab74ce43e7",
              "scan-fw-aadcd44b66085469",
              "scan-fw-ac05824a99b22ffd",
              "scan-fw-226485b45dd0d0cf",
              "scan-fw-23ca8538647774b2",
              "scan-fw-9c5f3143152db63d",
              "scan-fw-5579ea7efd8c20da",
              "scan-fw-ae6175dd0600ae77",
              "scan-fw-6234d5440f90806e",
              "scan-fw-98cb28475c2059b9",
              "scan-fw-779025cb04154412",
              "scan-fw-c69d8adb846ccee8",
              "scan-fw-2ab18976d4eb3bf8",
              "scan-fw-237e4e5d4ce58dd7",
              "scan-fw-7b332587ba122e45",
              "scan-fw-bf15d314e729e447",
              "scan-fw-0121767995aabdb0"
            ]
          }
        }
      ],
      "higher_score_unqualified_starts": [],
      "error_m": 894.9934827262625,
      "start_separation_m": 0.0,
      "source_held": {
        "state": "returned",
        "datasets": [
          {
            "dataset": "DS7",
            "tracks": 486,
            "held_observations": 8622,
            "held_delta_vs_same_model_panel": -4.287893160965101,
            "held_delta_vs_original_iid_panel": 2912.9095450485097,
            "positive_records_vs_same_model": 3,
            "record_deltas": [
              {
                "session_id": "scan-fw-5f7bf896e4552887",
                "vs_same_model_panel": -29.61744962159438,
                "vs_original_iid_panel": 127.07503423547038
              },
              {
                "session_id": "scan-fw-a40658642d9ade6a",
                "vs_same_model_panel": -14.018525383977291,
                "vs_original_iid_panel": 133.9881907407483
              },
              {
                "session_id": "scan-fw-3b5aa99026fbf2cc",
                "vs_same_model_panel": 68.08308535560147,
                "vs_original_iid_panel": 578.5753039801674
              },
              {
                "session_id": "scan-fw-4461e9a2d9d598cb",
                "vs_same_model_panel": 22.76848932975829,
                "vs_original_iid_panel": 1198.1713003832747
              },
              {
                "session_id": "scan-fw-534e7fb34771526d",
                "vs_same_model_panel": -55.17425689629876,
                "vs_original_iid_panel": 167.13930211121124
              },
              {
                "session_id": "scan-fw-c8c8eac794484395",
                "vs_same_model_panel": -7.497960300492423,
                "vs_original_iid_panel": 170.57908271511
              },
              {
                "session_id": "scan-fw-1a8fada20483c159",
                "vs_same_model_panel": -3.240079706041435,
                "vs_original_iid_panel": 136.59037184671286
              },
              {
                "session_id": "scan-fw-319730ab74ce43e7",
                "vs_same_model_panel": 14.408804062079426,
                "vs_original_iid_panel": 400.7909590358148
              }
            ],
            "held_change_from_previous_selection": 0.00010042894269091107
          },
          {
            "dataset": "DS8",
            "tracks": 485,
            "held_observations": 8959,
            "held_delta_vs_same_model_panel": -48.77332525154611,
            "held_delta_vs_original_iid_panel": 2801.7469106272283,
            "positive_records_vs_same_model": 3,
            "record_deltas": [
              {
                "session_id": "scan-fw-aadcd44b66085469",
                "vs_same_model_panel": 55.43439270423333,
                "vs_original_iid_panel": 538.3783528379429
              },
              {
                "session_id": "scan-fw-ac05824a99b22ffd",
                "vs_same_model_panel": 29.448736347408023,
                "vs_original_iid_panel": 326.8176128875547
              },
              {
                "session_id": "scan-fw-226485b45dd0d0cf",
                "vs_same_model_panel": -43.213346804987815,
                "vs_original_iid_panel": 226.15308842723107
              },
              {
                "session_id": "scan-fw-23ca8538647774b2",
                "vs_same_model_panel": -12.935333667108367,
                "vs_original_iid_panel": 676.4935581379566
              },
              {
                "session_id": "scan-fw-9c5f3143152db63d",
                "vs_same_model_panel": -80.52850637371401,
                "vs_original_iid_panel": 345.8812972684204
              },
              {
                "session_id": "scan-fw-5579ea7efd8c20da",
                "vs_same_model_panel": -14.640939488706124,
                "vs_original_iid_panel": 255.95811217956904
              },
              {
                "session_id": "scan-fw-ae6175dd0600ae77",
                "vs_same_model_panel": 22.448594789789826,
                "vs_original_iid_panel": 187.59360251022812
              },
              {
                "session_id": "scan-fw-6234d5440f90806e",
                "vs_same_model_panel": -4.786922758460975,
                "vs_original_iid_panel": 244.4712863783255
              }
            ],
            "held_change_from_previous_selection": -0.00021104892343259962
          },
          {
            "dataset": "DS9",
            "tracks": 491,
            "held_observations": 8484,
            "held_delta_vs_same_model_panel": -4.88930002042617,
            "held_delta_vs_original_iid_panel": 3856.885919634552,
            "positive_records_vs_same_model": 2,
            "record_deltas": [
              {
                "session_id": "scan-fw-98cb28475c2059b9",
                "vs_same_model_panel": -1.2564097734569515,
                "vs_original_iid_panel": 685.9728430050473
              },
              {
                "session_id": "scan-fw-779025cb04154412",
                "vs_same_model_panel": 1.8679829659828613,
                "vs_original_iid_panel": 250.84082194930386
              },
              {
                "session_id": "scan-fw-c69d8adb846ccee8",
                "vs_same_model_panel": -2.71649122688563,
                "vs_original_iid_panel": 354.3012975179512
              },
              {
                "session_id": "scan-fw-2ab18976d4eb3bf8",
                "vs_same_model_panel": 8.232452229013951,
                "vs_original_iid_panel": 30.746567438323403
              },
              {
                "session_id": "scan-fw-237e4e5d4ce58dd7",
                "vs_same_model_panel": -1.2403450813937127,
                "vs_original_iid_panel": 837.7956893349452
              },
              {
                "session_id": "scan-fw-7b332587ba122e45",
                "vs_same_model_panel": -2.2898913211007326,
                "vs_original_iid_panel": 313.14733465969687
              },
              {
                "session_id": "scan-fw-bf15d314e729e447",
                "vs_same_model_panel": -4.44745187916342,
                "vs_original_iid_panel": 943.094678355421
              },
              {
                "session_id": "scan-fw-0121767995aabdb0",
                "vs_same_model_panel": -3.0391459334225353,
                "vs_original_iid_panel": 440.9866873738632
              }
            ],
            "held_change_from_previous_selection": -1.550251372606226e-05
          }
        ],
        "gradient_check": [
          {
            "axis": 0,
            "step_km": 0.001,
            "numerical": 6.504706107079983e-05,
            "analytic": 6.904091198922657e-05,
            "absolute_difference": 3.9938509184267446e-06
          },
          {
            "axis": 1,
            "step_km": 0.001,
            "numerical": -0.0006152258720248938,
            "analytic": -0.0006075255745091601,
            "absolute_difference": 7.700297515733645e-06
          },
          {
            "axis": 0,
            "step_km": 0.0005,
            "numerical": 6.752088665962219e-05,
            "analytic": 6.904091198922657e-05,
            "absolute_difference": 1.5200253296043797e-06
          },
          {
            "axis": 1,
            "step_km": 0.0005,
            "numerical": -0.0006104237399995327,
            "analytic": -0.0006075255745091601,
            "absolute_difference": 2.898165490372584e-06
          }
        ],
        "offset_stationarity": 2.8623887305302827e-12
      },
      "refinement_seed": {
        "initial": [
          0.5205414139384943,
          -0.5661579999640609,
          -0.32848822384233306,
          -0.05604751874254148,
          0.25869084915188695,
          0.2147443738694642,
          -0.21259529110527278,
          -1.1838711782454245,
          -0.43994088664107234,
          0.398582625869424,
          -0.20947319425681118,
          -0.7414799997209173,
          -0.3635406046375926,
          -1.2637546963347124,
          -0.6410368856866636,
          -1.1372901489717269,
          0.008684746169091793,
          -0.3782368328144978,
          0.17484805478577942,
          0.5453016404790278,
          0.41674549735942706,
          -0.22373015533911228,
          -1.3562984933711668,
          -0.6548364373451815,
          -1.103961093081766,
          -0.9591247804107575
        ],
        "x": [
          0.7693196980721727,
          -0.7108225465805316,
          -0.3814238780241277,
          -0.2161100114044182,
          0.2028197460133785,
          -0.032720433665794385,
          -0.2840841195137169,
          -1.3859528595885784,
          -0.5678726568491594,
          0.3699641996010572,
          -0.25625290968248016,
          -0.558405503177783,
          -0.33871593779220865,
          -1.2709286011505265,
          -0.678435285399755,
          -1.030504167317139,
          0.008367691072414642,
          -0.2429508526336607,
          0.21702808705868606,
          0.5663371769716082,
          0.4296900971481915,
          -0.2274042925818566,
          -1.3296135023023787,
          -0.6204626289446126,
          -1.0866331444493011,
          -0.9582822188089434
        ],
        "success": true,
        "message": "CONVERGENCE: RELATIVE REDUCTION OF F <= FACTR*EPSMCH",
        "boundary_hit": false,
        "gradient": [
          -0.00044868457581781485,
          -0.002314133940190477,
          -0.0009458636988658453,
          -0.0002978187313393832,
          0.000620363081860198,
          -0.00043920794920682127,
          0.0012932423710800833,
          0.0009188773198811617,
          -0.0008084534175836211,
          -0.0008027853002765539,
          0.00047482945499632834,
          0.0012067518451672754,
          0.00020991743738862922,
          -0.0008064044637035028,
          -0.0009433088709549509,
          -0.0049700740390772324,
          3.3139808250481906e-05,
          -0.0002014576112936428,
          0.00032667818852938346,
          -0.00016566550357666188,
          0.0017688750374417195,
          0.00031899977181382155,
          -0.0011323188553324925,
          7.676656123845049e-05,
          -0.0002795867424918441,
          -0.000554917705660074
        ],
        "training_log_score": -277584.76482700976,
        "evaluations": 25,
        "iterations": 21,
        "qualified": true,
        "estimate": {
          "latitude_deg": 37.849857423476045,
          "longitude_deg": -122.475612251364
        },
        "decay_s": 0,
        "unit_id": "all24",
        "stage": "source_fit",
        "start_id": "DS9",
        "session_ids": [
          "scan-fw-5f7bf896e4552887",
          "scan-fw-a40658642d9ade6a",
          "scan-fw-3b5aa99026fbf2cc",
          "scan-fw-4461e9a2d9d598cb",
          "scan-fw-534e7fb34771526d",
          "scan-fw-c8c8eac794484395",
          "scan-fw-1a8fada20483c159",
          "scan-fw-319730ab74ce43e7",
          "scan-fw-aadcd44b66085469",
          "scan-fw-ac05824a99b22ffd",
          "scan-fw-226485b45dd0d0cf",
          "scan-fw-23ca8538647774b2",
          "scan-fw-9c5f3143152db63d",
          "scan-fw-5579ea7efd8c20da",
          "scan-fw-ae6175dd0600ae77",
          "scan-fw-6234d5440f90806e",
          "scan-fw-98cb28475c2059b9",
          "scan-fw-779025cb04154412",
          "scan-fw-c69d8adb846ccee8",
          "scan-fw-2ab18976d4eb3bf8",
          "scan-fw-237e4e5d4ce58dd7",
          "scan-fw-7b332587ba122e45",
          "scan-fw-bf15d314e729e447",
          "scan-fw-0121767995aabdb0"
        ]
      },
      "previous_qualified_error_m": 894.9940278546125,
      "movement_from_seed_m": 0.0027614228520663328,
      "movement_from_previous_selection_m": 0.0027614228520663328,
      "training_gain_from_seed": 2.3283064365386963e-08,
      "error_change_from_previous_selection_m": -0.0005451283499269266
    },
    {
      "decay_s": 0,
      "unit_id": "exclude_DS7",
      "source_datasets": [
        "DS8",
        "DS9"
      ],
      "excluded_dataset": "DS7",
      "planned_starts": 1,
      "qualified_starts": 1,
      "selected": {
        "initial": [
          0.4293848356082588,
          -0.06499365146928787,
          -0.2386413516965077,
          -0.6468391952142797,
          -0.3523095547888886,
          -1.2769285976948583,
          -0.6670282530279188,
          -1.1038033749968212,
          -0.00679082836428243,
          -0.3182982473008199,
          0.09899156413381788,
          0.5609619026509565,
          0.4338098472000393,
          -0.17335875364598946,
          -1.342652960596172,
          -0.6769003005119314,
          -1.067439515912495,
          -0.8953122224208153
        ],
        "x": [
          0.4293850118596406,
          -0.0649934040190758,
          -0.23864139757936673,
          -0.6468391328735354,
          -0.35230940105257674,
          -1.276928884802692,
          -0.6670282842503932,
          -1.10380329483345,
          -0.00679094945695941,
          -0.3182981776087966,
          0.09899168995614344,
          0.5609617265535591,
          0.4338099435991529,
          -0.17335902309641982,
          -1.3426531562121153,
          -0.6769002248150623,
          -1.0674398132018705,
          -0.8953125340277127
        ],
        "success": true,
        "message": "CONVERGENCE: RELATIVE REDUCTION OF F <= FACTR*EPSMCH",
        "boundary_hit": false,
        "gradient": [
          4.837110306099568e-05,
          5.7414529889165955e-05,
          -2.7305945684341637e-05,
          -1.3561662209227165e-05,
          0.00021870865776474346,
          0.00026092818276302054,
          5.107544568971889e-05,
          4.9650230121045524e-05,
          -3.544112604370042e-05,
          -0.00012239886017861856,
          6.054418298839792e-05,
          -0.00013189360418941476,
          0.0001662028641770119,
          0.0007531327925534015,
          -0.00021684516879916238,
          9.560565456201431e-05,
          -0.0002917326808304921,
          -0.00011735226195241921
        ],
        "training_log_score": -185751.51927993115,
        "evaluations": 3,
        "iterations": 1,
        "qualified": true,
        "estimate": {
          "latitude_deg": 37.85566550066083,
          "longitude_deg": -122.47948419460866
        },
        "decay_s": 0,
        "unit_id": "exclude_DS7",
        "stage": "source_fit",
        "start_id": "refine",
        "session_ids": [
          "scan-fw-aadcd44b66085469",
          "scan-fw-ac05824a99b22ffd",
          "scan-fw-226485b45dd0d0cf",
          "scan-fw-23ca8538647774b2",
          "scan-fw-9c5f3143152db63d",
          "scan-fw-5579ea7efd8c20da",
          "scan-fw-ae6175dd0600ae77",
          "scan-fw-6234d5440f90806e",
          "scan-fw-98cb28475c2059b9",
          "scan-fw-779025cb04154412",
          "scan-fw-c69d8adb846ccee8",
          "scan-fw-2ab18976d4eb3bf8",
          "scan-fw-237e4e5d4ce58dd7",
          "scan-fw-7b332587ba122e45",
          "scan-fw-bf15d314e729e447",
          "scan-fw-0121767995aabdb0"
        ]
      },
      "source_runs": [
        {
          "start_id": "refine",
          "exit_code": 0,
          "result": {
            "initial": [
              0.4293848356082588,
              -0.06499365146928787,
              -0.2386413516965077,
              -0.6468391952142797,
              -0.3523095547888886,
              -1.2769285976948583,
              -0.6670282530279188,
              -1.1038033749968212,
              -0.00679082836428243,
              -0.3182982473008199,
              0.09899156413381788,
              0.5609619026509565,
              0.4338098472000393,
              -0.17335875364598946,
              -1.342652960596172,
              -0.6769003005119314,
              -1.067439515912495,
              -0.8953122224208153
            ],
            "x": [
              0.4293850118596406,
              -0.0649934040190758,
              -0.23864139757936673,
              -0.6468391328735354,
              -0.35230940105257674,
              -1.276928884802692,
              -0.6670282842503932,
              -1.10380329483345,
              -0.00679094945695941,
              -0.3182981776087966,
              0.09899168995614344,
              0.5609617265535591,
              0.4338099435991529,
              -0.17335902309641982,
              -1.3426531562121153,
              -0.6769002248150623,
              -1.0674398132018705,
              -0.8953125340277127
            ],
            "success": true,
            "message": "CONVERGENCE: RELATIVE REDUCTION OF F <= FACTR*EPSMCH",
            "boundary_hit": false,
            "gradient": [
              4.837110306099568e-05,
              5.7414529889165955e-05,
              -2.7305945684341637e-05,
              -1.3561662209227165e-05,
              0.00021870865776474346,
              0.00026092818276302054,
              5.107544568971889e-05,
              4.9650230121045524e-05,
              -3.544112604370042e-05,
              -0.00012239886017861856,
              6.054418298839792e-05,
              -0.00013189360418941476,
              0.0001662028641770119,
              0.0007531327925534015,
              -0.00021684516879916238,
              9.560565456201431e-05,
              -0.0002917326808304921,
              -0.00011735226195241921
            ],
            "training_log_score": -185751.51927993115,
            "evaluations": 3,
            "iterations": 1,
            "qualified": true,
            "estimate": {
              "latitude_deg": 37.85566550066083,
              "longitude_deg": -122.47948419460866
            },
            "decay_s": 0,
            "unit_id": "exclude_DS7",
            "stage": "source_fit",
            "start_id": "refine",
            "session_ids": [
              "scan-fw-aadcd44b66085469",
              "scan-fw-ac05824a99b22ffd",
              "scan-fw-226485b45dd0d0cf",
              "scan-fw-23ca8538647774b2",
              "scan-fw-9c5f3143152db63d",
              "scan-fw-5579ea7efd8c20da",
              "scan-fw-ae6175dd0600ae77",
              "scan-fw-6234d5440f90806e",
              "scan-fw-98cb28475c2059b9",
              "scan-fw-779025cb04154412",
              "scan-fw-c69d8adb846ccee8",
              "scan-fw-2ab18976d4eb3bf8",
              "scan-fw-237e4e5d4ce58dd7",
              "scan-fw-7b332587ba122e45",
              "scan-fw-bf15d314e729e447",
              "scan-fw-0121767995aabdb0"
            ]
          }
        }
      ],
      "higher_score_unqualified_starts": [],
      "error_m": 918.2672808093706,
      "start_separation_m": 0.0,
      "source_held": {
        "state": "returned",
        "datasets": [
          {
            "dataset": "DS8",
            "tracks": 485,
            "held_observations": 8959,
            "held_delta_vs_same_model_panel": -8.707217568566033,
            "held_delta_vs_original_iid_panel": 2841.8130183102085,
            "positive_records_vs_same_model": 3,
            "record_deltas": [
              {
                "session_id": "scan-fw-aadcd44b66085469",
                "vs_same_model_panel": 33.090049020625784,
                "vs_original_iid_panel": 516.0340091543354
              },
              {
                "session_id": "scan-fw-ac05824a99b22ffd",
                "vs_same_model_panel": 20.302884654726512,
                "vs_original_iid_panel": 317.67176119487317
              },
              {
                "session_id": "scan-fw-226485b45dd0d0cf",
                "vs_same_model_panel": -18.243715624268393,
                "vs_original_iid_panel": 251.12271960795047
              },
              {
                "session_id": "scan-fw-23ca8538647774b2",
                "vs_same_model_panel": -1.5302000365217054,
                "vs_original_iid_panel": 687.8986917685432
              },
              {
                "session_id": "scan-fw-9c5f3143152db63d",
                "vs_same_model_panel": -40.33239419190536,
                "vs_original_iid_panel": 386.077409450229
              },
              {
                "session_id": "scan-fw-5579ea7efd8c20da",
                "vs_same_model_panel": -8.035729042116053,
                "vs_original_iid_panel": 262.5633226261591
              },
              {
                "session_id": "scan-fw-ae6175dd0600ae77",
                "vs_same_model_panel": 11.228609972920744,
                "vs_original_iid_panel": 176.37361769335905
              },
              {
                "session_id": "scan-fw-6234d5440f90806e",
                "vs_same_model_panel": -5.186722322027563,
                "vs_original_iid_panel": 244.07148681475888
              }
            ],
            "held_change_from_previous_selection": 0.00011634892693379584
          },
          {
            "dataset": "DS9",
            "tracks": 491,
            "held_observations": 8484,
            "held_delta_vs_same_model_panel": -11.168621997807044,
            "held_delta_vs_original_iid_panel": 3850.6065976571713,
            "positive_records_vs_same_model": 3,
            "record_deltas": [
              {
                "session_id": "scan-fw-98cb28475c2059b9",
                "vs_same_model_panel": -6.045112696312103,
                "vs_original_iid_panel": 681.1841400821921
              },
              {
                "session_id": "scan-fw-779025cb04154412",
                "vs_same_model_panel": -8.130977200053437,
                "vs_original_iid_panel": 240.84186178326755
              },
              {
                "session_id": "scan-fw-c69d8adb846ccee8",
                "vs_same_model_panel": -6.670012236471955,
                "vs_original_iid_panel": 350.34777650836486
              },
              {
                "session_id": "scan-fw-2ab18976d4eb3bf8",
                "vs_same_model_panel": -14.687565302171045,
                "vs_original_iid_panel": 7.826549907138407
              },
              {
                "session_id": "scan-fw-237e4e5d4ce58dd7",
                "vs_same_model_panel": 5.1916873842812805,
                "vs_original_iid_panel": 844.2277218006202
              },
              {
                "session_id": "scan-fw-7b332587ba122e45",
                "vs_same_model_panel": -0.41636984952786804,
                "vs_original_iid_panel": 315.0208561312697
              },
              {
                "session_id": "scan-fw-bf15d314e729e447",
                "vs_same_model_panel": 8.645282599010304,
                "vs_original_iid_panel": 956.1874128335947
              },
              {
                "session_id": "scan-fw-0121767995aabdb0",
                "vs_same_model_panel": 10.944445303437778,
                "vs_original_iid_panel": 454.97027861072354
              }
            ],
            "held_change_from_previous_selection": -3.837097324321803e-06
          }
        ],
        "gradient_check": [
          {
            "axis": 0,
            "step_km": 0.001,
            "numerical": 4.655157681554556e-05,
            "analytic": 4.837110306099568e-05,
            "absolute_difference": 1.8195262454501204e-06
          },
          {
            "axis": 1,
            "step_km": 0.001,
            "numerical": 7.62083800509572e-05,
            "analytic": 5.7414529889165955e-05,
            "absolute_difference": 1.8793850161791248e-05
          },
          {
            "axis": 0,
            "step_km": 0.0005,
            "numerical": 4.7497451305389404e-05,
            "analytic": 4.837110306099568e-05,
            "absolute_difference": 8.736517556062751e-07
          },
          {
            "axis": 1,
            "step_km": 0.0005,
            "numerical": 6.225309334695339e-05,
            "analytic": 5.7414529889165955e-05,
            "absolute_difference": 4.838563457787437e-06
          }
        ],
        "offset_stationarity": 4.08608244997419e-12
      },
      "target_qualified_starts": 3,
      "target_selected": {
        "initial": [
          0.0,
          0.0,
          0.0,
          0.0,
          0.0,
          0.0,
          0.0,
          0.0
        ],
        "x": [
          0.4293850118596406,
          -0.0649934040190758,
          -0.43127959203074673,
          -0.23956614836600781,
          0.2160577625526543,
          -0.14132394427570444,
          -0.27822408600314386,
          -1.4712513355417596,
          -0.5959095071208649,
          0.3968683542049297
        ],
        "success": true,
        "message": "CONVERGENCE: RELATIVE REDUCTION OF F <= FACTR*EPSMCH",
        "boundary_hit": false,
        "gradient": [
          -1.9125510498096965e-05,
          -6.479917059265539e-05,
          -2.1697373675522158e-08,
          0.00018313256036428527,
          4.984084992720739e-05,
          5.521252655649178e-05,
          -0.00019083443833167735,
          2.1297763926453328e-05
        ],
        "training_log_score": -91926.4126505864,
        "evaluations": 44,
        "iterations": 16,
        "qualified": true,
        "estimate": {
          "latitude_deg": 37.85566550066083,
          "longitude_deg": -122.47948419460866
        },
        "decay_s": 0,
        "unit_id": "exclude_DS7",
        "stage": "target_fit",
        "start_id": "0",
        "session_ids": [
          "scan-fw-5f7bf896e4552887",
          "scan-fw-a40658642d9ade6a",
          "scan-fw-3b5aa99026fbf2cc",
          "scan-fw-4461e9a2d9d598cb",
          "scan-fw-534e7fb34771526d",
          "scan-fw-c8c8eac794484395",
          "scan-fw-1a8fada20483c159",
          "scan-fw-319730ab74ce43e7"
        ]
      },
      "target_held": {
        "state": "returned",
        "datasets": [
          {
            "dataset": "DS7",
            "tracks": 486,
            "held_observations": 8622,
            "held_delta_vs_same_model_panel": -74.07084573985563,
            "held_delta_vs_original_iid_panel": 2843.126592469619,
            "positive_records_vs_same_model": 3,
            "record_deltas": [
              {
                "session_id": "scan-fw-5f7bf896e4552887",
                "vs_same_model_panel": -43.54798626250741,
                "vs_original_iid_panel": 113.14449759455735
              },
              {
                "session_id": "scan-fw-a40658642d9ade6a",
                "vs_same_model_panel": -42.990276254346256,
                "vs_original_iid_panel": 105.01643987037934
              },
              {
                "session_id": "scan-fw-3b5aa99026fbf2cc",
                "vs_same_model_panel": 91.62705057077494,
                "vs_original_iid_panel": 602.1192691953408
              },
              {
                "session_id": "scan-fw-4461e9a2d9d598cb",
                "vs_same_model_panel": 35.59662020300155,
                "vs_original_iid_panel": 1210.999431256518
              },
              {
                "session_id": "scan-fw-534e7fb34771526d",
                "vs_same_model_panel": -98.10254673777052,
                "vs_original_iid_panel": 124.21101226973947
              },
              {
                "session_id": "scan-fw-c8c8eac794484395",
                "vs_same_model_panel": -14.329185027193539,
                "vs_original_iid_panel": 163.74785798840887
              },
              {
                "session_id": "scan-fw-1a8fada20483c159",
                "vs_same_model_panel": -11.763336381181539,
                "vs_original_iid_panel": 128.06711517157274
              },
              {
                "session_id": "scan-fw-319730ab74ce43e7",
                "vs_same_model_panel": 9.438814149367147,
                "vs_original_iid_panel": 395.82096912310254
              }
            ],
            "held_change_from_previous_selection": -1.8343483503713287e-05
          }
        ],
        "gradient_check": [],
        "offset_stationarity": 2.303873003178843e-12
      },
      "refinement_seed": {
        "initial": [
          0.3059677014957771,
          0.5237643326282604,
          -0.20947319425681118,
          -0.7414799997209173,
          -0.3635406046375926,
          -1.2637546963347124,
          -0.6410368856866636,
          -1.1372901489717269,
          0.008684746169091793,
          -0.3782368328144978,
          0.17484805478577942,
          0.5453016404790278,
          0.41674549735942706,
          -0.22373015533911228,
          -1.3562984933711668,
          -0.6548364373451815,
          -1.103961093081766,
          -0.9591247804107575
        ],
        "x": [
          0.4293848356082588,
          -0.06499365146928787,
          -0.2386413516965077,
          -0.6468391952142797,
          -0.3523095547888886,
          -1.2769285976948583,
          -0.6670282530279188,
          -1.1038033749968212,
          -0.00679082836428243,
          -0.3182982473008199,
          0.09899156413381788,
          0.5609619026509565,
          0.4338098472000393,
          -0.17335875364598946,
          -1.342652960596172,
          -0.6769003005119314,
          -1.067439515912495,
          -0.8953122224208153
        ],
        "success": true,
        "message": "CONVERGENCE: RELATIVE REDUCTION OF F <= FACTR*EPSMCH",
        "boundary_hit": false,
        "gradient": [
          0.00042642280867122295,
          0.0005986813457022899,
          -0.00011100904529648403,
          0.00015082727275483876,
          0.0003719498209155958,
          -0.0006946290439522329,
          -7.553969268947469e-05,
          0.00019394735832101162,
          -0.00029297177077669545,
          0.00016861296649062218,
          0.0003044146883195431,
          -0.00042605025844633104,
          0.00023322813348347626,
          -0.0006519087007674784,
          -0.0004732734530057403,
          0.00018314109775952048,
          -0.0007192622786131864,
          -0.0007539021085349873
        ],
        "training_log_score": -185751.51927993182,
        "evaluations": 21,
        "iterations": 16,
        "qualified": true,
        "estimate": {
          "latitude_deg": 37.85566549843546,
          "longitude_deg": -122.47948419661621
        },
        "decay_s": 0,
        "unit_id": "exclude_DS7",
        "stage": "source_fit",
        "start_id": "DS8",
        "session_ids": [
          "scan-fw-aadcd44b66085469",
          "scan-fw-ac05824a99b22ffd",
          "scan-fw-226485b45dd0d0cf",
          "scan-fw-23ca8538647774b2",
          "scan-fw-9c5f3143152db63d",
          "scan-fw-5579ea7efd8c20da",
          "scan-fw-ae6175dd0600ae77",
          "scan-fw-6234d5440f90806e",
          "scan-fw-98cb28475c2059b9",
          "scan-fw-779025cb04154412",
          "scan-fw-c69d8adb846ccee8",
          "scan-fw-2ab18976d4eb3bf8",
          "scan-fw-237e4e5d4ce58dd7",
          "scan-fw-7b332587ba122e45",
          "scan-fw-bf15d314e729e447",
          "scan-fw-0121767995aabdb0"
        ]
      },
      "previous_qualified_error_m": 918.2669770934104,
      "movement_from_seed_m": 0.0003038039868838358,
      "movement_from_previous_selection_m": 0.0003038039868838358,
      "training_gain_from_seed": 6.693881005048752e-10,
      "error_change_from_previous_selection_m": 0.0003037159601717576
    },
    {
      "decay_s": 0,
      "unit_id": "exclude_DS8",
      "source_datasets": [
        "DS7",
        "DS9"
      ],
      "excluded_dataset": "DS8",
      "planned_starts": 1,
      "qualified_starts": 1,
      "selected": {
        "initial": [
          1.4615518311162472,
          -1.5305443595888883,
          -0.31381662797474114,
          -0.12000663537536015,
          0.2117369272156541,
          0.13424810220544864,
          -0.25967667559344565,
          -1.2545280930874512,
          -0.49589629469433805,
          0.36254182771528815,
          0.38967899887624136,
          0.5942878343820365,
          0.45420887443462776,
          -0.3519507206008451,
          -1.2587814206577363,
          -0.46773037690918745,
          -1.0734805623806238,
          -1.045531346127867
        ],
        "x": [
          1.4615519749129446,
          -1.5305445028770912,
          -0.31381588855834597,
          -0.12000649010309146,
          0.21173667018430375,
          0.1342485563614189,
          -0.2596763036909017,
          -1.2545283405752607,
          -0.4958964857604765,
          0.36254179293214966,
          0.3896781524508819,
          0.5942876668978788,
          0.4542083424915329,
          -0.3519511583039069,
          -1.2587817400656176,
          -0.4677302075638891,
          -1.0734804142894718,
          -1.0455315497230329
        ],
        "success": true,
        "message": "CONVERGENCE: RELATIVE REDUCTION OF F <= FACTR*EPSMCH",
        "boundary_hit": false,
        "gradient": [
          -5.571114382241227e-05,
          -0.0002920517008528356,
          0.0005910678027081229,
          2.5704826842165573e-05,
          0.0001445623951239483,
          0.00012618954946130856,
          -0.0003489607175080067,
          -8.460119244135811e-05,
          1.492455806584303e-05,
          -1.386262500346902e-07,
          6.801914414422683e-05,
          -7.90427469077315e-06,
          -0.0002402555878020518,
          0.00033391981001784643,
          -0.00010419660922345031,
          0.000131919123602664,
          4.317901862904705e-05,
          1.702074836806844e-05
        ],
        "training_log_score": -180059.8067509838,
        "evaluations": 4,
        "iterations": 2,
        "qualified": true,
        "estimate": {
          "latitude_deg": 37.842485491677884,
          "longitude_deg": -122.46772754822318
        },
        "decay_s": 0,
        "unit_id": "exclude_DS8",
        "stage": "source_fit",
        "start_id": "refine",
        "session_ids": [
          "scan-fw-5f7bf896e4552887",
          "scan-fw-a40658642d9ade6a",
          "scan-fw-3b5aa99026fbf2cc",
          "scan-fw-4461e9a2d9d598cb",
          "scan-fw-534e7fb34771526d",
          "scan-fw-c8c8eac794484395",
          "scan-fw-1a8fada20483c159",
          "scan-fw-319730ab74ce43e7",
          "scan-fw-98cb28475c2059b9",
          "scan-fw-779025cb04154412",
          "scan-fw-c69d8adb846ccee8",
          "scan-fw-2ab18976d4eb3bf8",
          "scan-fw-237e4e5d4ce58dd7",
          "scan-fw-7b332587ba122e45",
          "scan-fw-bf15d314e729e447",
          "scan-fw-0121767995aabdb0"
        ]
      },
      "source_runs": [
        {
          "start_id": "refine",
          "exit_code": 0,
          "result": {
            "initial": [
              1.4615518311162472,
              -1.5305443595888883,
              -0.31381662797474114,
              -0.12000663537536015,
              0.2117369272156541,
              0.13424810220544864,
              -0.25967667559344565,
              -1.2545280930874512,
              -0.49589629469433805,
              0.36254182771528815,
              0.38967899887624136,
              0.5942878343820365,
              0.45420887443462776,
              -0.3519507206008451,
              -1.2587814206577363,
              -0.46773037690918745,
              -1.0734805623806238,
              -1.045531346127867
            ],
            "x": [
              1.4615519749129446,
              -1.5305445028770912,
              -0.31381588855834597,
              -0.12000649010309146,
              0.21173667018430375,
              0.1342485563614189,
              -0.2596763036909017,
              -1.2545283405752607,
              -0.4958964857604765,
              0.36254179293214966,
              0.3896781524508819,
              0.5942876668978788,
              0.4542083424915329,
              -0.3519511583039069,
              -1.2587817400656176,
              -0.4677302075638891,
              -1.0734804142894718,
              -1.0455315497230329
            ],
            "success": true,
            "message": "CONVERGENCE: RELATIVE REDUCTION OF F <= FACTR*EPSMCH",
            "boundary_hit": false,
            "gradient": [
              -5.571114382241227e-05,
              -0.0002920517008528356,
              0.0005910678027081229,
              2.5704826842165573e-05,
              0.0001445623951239483,
              0.00012618954946130856,
              -0.0003489607175080067,
              -8.460119244135811e-05,
              1.492455806584303e-05,
              -1.386262500346902e-07,
              6.801914414422683e-05,
              -7.90427469077315e-06,
              -0.0002402555878020518,
              0.00033391981001784643,
              -0.00010419660922345031,
              0.000131919123602664,
              4.317901862904705e-05,
              1.702074836806844e-05
            ],
            "training_log_score": -180059.8067509838,
            "evaluations": 4,
            "iterations": 2,
            "qualified": true,
            "estimate": {
              "latitude_deg": 37.842485491677884,
              "longitude_deg": -122.46772754822318
            },
            "decay_s": 0,
            "unit_id": "exclude_DS8",
            "stage": "source_fit",
            "start_id": "refine",
            "session_ids": [
              "scan-fw-5f7bf896e4552887",
              "scan-fw-a40658642d9ade6a",
              "scan-fw-3b5aa99026fbf2cc",
              "scan-fw-4461e9a2d9d598cb",
              "scan-fw-534e7fb34771526d",
              "scan-fw-c8c8eac794484395",
              "scan-fw-1a8fada20483c159",
              "scan-fw-319730ab74ce43e7",
              "scan-fw-98cb28475c2059b9",
              "scan-fw-779025cb04154412",
              "scan-fw-c69d8adb846ccee8",
              "scan-fw-2ab18976d4eb3bf8",
              "scan-fw-237e4e5d4ce58dd7",
              "scan-fw-7b332587ba122e45",
              "scan-fw-bf15d314e729e447",
              "scan-fw-0121767995aabdb0"
            ]
          }
        }
      ],
      "higher_score_unqualified_starts": [],
      "error_m": 1743.4122538044687,
      "start_separation_m": 0.0,
      "source_held": {
        "state": "returned",
        "datasets": [
          {
            "dataset": "DS7",
            "tracks": 486,
            "held_observations": 8622,
            "held_delta_vs_same_model_panel": 11.611640316584445,
            "held_delta_vs_original_iid_panel": 2928.8090785260592,
            "positive_records_vs_same_model": 5,
            "record_deltas": [
              {
                "session_id": "scan-fw-5f7bf896e4552887",
                "vs_same_model_panel": -11.162729988125239,
                "vs_original_iid_panel": 145.52975386893954
              },
              {
                "session_id": "scan-fw-a40658642d9ade6a",
                "vs_same_model_panel": 1.0077363606804042,
                "vs_original_iid_panel": 149.014452485406
              },
              {
                "session_id": "scan-fw-3b5aa99026fbf2cc",
                "vs_same_model_panel": 20.16966201387759,
                "vs_original_iid_panel": 530.6618806384436
              },
              {
                "session_id": "scan-fw-4461e9a2d9d598cb",
                "vs_same_model_panel": 2.187247215306762,
                "vs_original_iid_panel": 1177.5900582688232
              },
              {
                "session_id": "scan-fw-534e7fb34771526d",
                "vs_same_model_panel": -7.627596708315082,
                "vs_original_iid_panel": 214.6859622991949
              },
              {
                "session_id": "scan-fw-c8c8eac794484395",
                "vs_same_model_panel": -1.730198545715755,
                "vs_original_iid_panel": 176.34684446988666
              },
              {
                "session_id": "scan-fw-1a8fada20483c159",
                "vs_same_model_panel": 0.31264616503083786,
                "vs_original_iid_panel": 140.1430977177851
              },
              {
                "session_id": "scan-fw-319730ab74ce43e7",
                "vs_same_model_panel": 8.454873803844926,
                "vs_original_iid_panel": 394.8370287775803
              }
            ],
            "held_change_from_previous_selection": -3.580752539988907e-05
          },
          {
            "dataset": "DS9",
            "tracks": 491,
            "held_observations": 8484,
            "held_delta_vs_same_model_panel": -33.0727011596477,
            "held_delta_vs_original_iid_panel": 3828.7025184953304,
            "positive_records_vs_same_model": 3,
            "record_deltas": [
              {
                "session_id": "scan-fw-98cb28475c2059b9",
                "vs_same_model_panel": 1.9348711100301585,
                "vs_original_iid_panel": 689.1641238885344
              },
              {
                "session_id": "scan-fw-779025cb04154412",
                "vs_same_model_panel": 5.498072290530359,
                "vs_original_iid_panel": 254.47091127385136
              },
              {
                "session_id": "scan-fw-c69d8adb846ccee8",
                "vs_same_model_panel": -13.79475775173627,
                "vs_original_iid_panel": 343.22303099310056
              },
              {
                "session_id": "scan-fw-2ab18976d4eb3bf8",
                "vs_same_model_panel": 52.75343213814226,
                "vs_original_iid_panel": 75.26754734745171
              },
              {
                "session_id": "scan-fw-237e4e5d4ce58dd7",
                "vs_same_model_panel": -15.00881452985675,
                "vs_original_iid_panel": 824.0272198864823
              },
              {
                "session_id": "scan-fw-7b332587ba122e45",
                "vs_same_model_panel": -8.183029588099942,
                "vs_original_iid_panel": 307.2541963926976
              },
              {
                "session_id": "scan-fw-bf15d314e729e447",
                "vs_same_model_panel": -29.39032050999356,
                "vs_original_iid_panel": 918.1518097245909
              },
              {
                "session_id": "scan-fw-0121767995aabdb0",
                "vs_same_model_panel": -26.882154318663954,
                "vs_original_iid_panel": 417.1436789886218
              }
            ],
            "held_change_from_previous_selection": 2.4768020701060323e-05
          }
        ],
        "gradient_check": [
          {
            "axis": 0,
            "step_km": 0.001,
            "numerical": -5.740730557590723e-05,
            "analytic": -5.571114382241227e-05,
            "absolute_difference": 1.6961617534949625e-06
          },
          {
            "axis": 1,
            "step_km": 0.001,
            "numerical": -0.00029563670977950096,
            "analytic": -0.0002920517008528356,
            "absolute_difference": 3.585008926665356e-06
          },
          {
            "axis": 0,
            "step_km": 0.0005,
            "numerical": -5.596666596829891e-05,
            "analytic": -5.571114382241227e-05,
            "absolute_difference": 2.555221458866441e-07
          },
          {
            "axis": 1,
            "step_km": 0.0005,
            "numerical": -0.0002949673216789961,
            "analytic": -0.0002920517008528356,
            "absolute_difference": 2.915620826160481e-06
          }
        ],
        "offset_stationarity": 8.81394369909366e-12
      },
      "target_qualified_starts": 3,
      "target_selected": {
        "initial": [
          -2.0,
          -2.0,
          -2.0,
          -2.0,
          -2.0,
          -2.0,
          -2.0,
          -2.0
        ],
        "x": [
          1.4615519749129446,
          -1.5305445028770912,
          -0.27410529348166923,
          -0.501239341733385,
          -0.3979568927239936,
          -1.226108502501628,
          -0.6588387022008529,
          -1.0251195214741475,
          0.07178144534879062,
          -0.1882968613891115
        ],
        "success": true,
        "message": "CONVERGENCE: RELATIVE REDUCTION OF F <= FACTR*EPSMCH",
        "boundary_hit": false,
        "gradient": [
          1.0437161942045137e-05,
          1.0354438515491893e-05,
          -1.3604114014409419e-05,
          0.00014714952850125584,
          0.00011359852000625281,
          6.021701956626657e-06,
          8.902508845665125e-05,
          -0.00011702438258631709
        ],
        "training_log_score": -97687.6857636797,
        "evaluations": 25,
        "iterations": 18,
        "qualified": true,
        "estimate": {
          "latitude_deg": 37.842485491677884,
          "longitude_deg": -122.46772754822318
        },
        "decay_s": 0,
        "unit_id": "exclude_DS8",
        "stage": "target_fit",
        "start_id": "-2",
        "session_ids": [
          "scan-fw-aadcd44b66085469",
          "scan-fw-ac05824a99b22ffd",
          "scan-fw-226485b45dd0d0cf",
          "scan-fw-23ca8538647774b2",
          "scan-fw-9c5f3143152db63d",
          "scan-fw-5579ea7efd8c20da",
          "scan-fw-ae6175dd0600ae77",
          "scan-fw-6234d5440f90806e"
        ]
      },
      "target_held": {
        "state": "returned",
        "datasets": [
          {
            "dataset": "DS8",
            "tracks": 485,
            "held_observations": 8959,
            "held_delta_vs_same_model_panel": -193.27091372554824,
            "held_delta_vs_original_iid_panel": 2657.2493221532263,
            "positive_records_vs_same_model": 3,
            "record_deltas": [
              {
                "session_id": "scan-fw-aadcd44b66085469",
                "vs_same_model_panel": 53.14123447633916,
                "vs_original_iid_panel": 536.0851946100488
              },
              {
                "session_id": "scan-fw-ac05824a99b22ffd",
                "vs_same_model_panel": 15.66627992206044,
                "vs_original_iid_panel": 313.0351564622071
              },
              {
                "session_id": "scan-fw-226485b45dd0d0cf",
                "vs_same_model_panel": -84.22000872245266,
                "vs_original_iid_panel": 185.1464265097662
              },
              {
                "session_id": "scan-fw-23ca8538647774b2",
                "vs_same_model_panel": -37.195079789404666,
                "vs_original_iid_panel": 652.2338120156603
              },
              {
                "session_id": "scan-fw-9c5f3143152db63d",
                "vs_same_model_panel": -129.43777502592525,
                "vs_original_iid_panel": 296.9720286162092
              },
              {
                "session_id": "scan-fw-5579ea7efd8c20da",
                "vs_same_model_panel": -21.205602411074707,
                "vs_original_iid_panel": 249.39344925720047
              },
              {
                "session_id": "scan-fw-ae6175dd0600ae77",
                "vs_same_model_panel": 30.484703607668425,
                "vs_original_iid_panel": 195.6297113281067
              },
              {
                "session_id": "scan-fw-6234d5440f90806e",
                "vs_same_model_panel": -20.50466578275899,
                "vs_original_iid_panel": 228.75354335402744
              }
            ],
            "held_change_from_previous_selection": -4.1953659575710844e-05
          }
        ],
        "gradient_check": [],
        "offset_stationarity": 4.9632104793267436e-12
      },
      "refinement_seed": {
        "initial": [
          1.9748566790983073,
          -1.7145950324377153,
          -0.32848822384233306,
          -0.05604751874254148,
          0.25869084915188695,
          0.2147443738694642,
          -0.21259529110527278,
          -1.1838711782454245,
          -0.43994088664107234,
          0.398582625869424,
          0.17484805478577942,
          0.5453016404790278,
          0.41674549735942706,
          -0.22373015533911228,
          -1.3562984933711668,
          -0.6548364373451815,
          -1.103961093081766,
          -0.9591247804107575
        ],
        "x": [
          1.4615518311162472,
          -1.5305443595888883,
          -0.31381662797474114,
          -0.12000663537536015,
          0.2117369272156541,
          0.13424810220544864,
          -0.25967667559344565,
          -1.2545280930874512,
          -0.49589629469433805,
          0.36254182771528815,
          0.38967899887624136,
          0.5942878343820365,
          0.45420887443462776,
          -0.3519507206008451,
          -1.2587814206577363,
          -0.46773037690918745,
          -1.0734805623806238,
          -1.045531346127867
        ],
        "success": true,
        "message": "CONVERGENCE: RELATIVE REDUCTION OF F <= FACTR*EPSMCH",
        "boundary_hit": false,
        "gradient": [
          0.00030811834020538775,
          -1.2184343848420376e-05,
          0.0010783986330664963,
          0.00023667326384657628,
          -0.0005510174730032347,
          0.0007411303595850072,
          0.0008738699531907201,
          -0.0003983913464939981,
          -0.0003479829940609136,
          -7.589186251899527e-05,
          -0.0014874507214455157,
          -0.0002977282382961022,
          -0.0008360135105980326,
          -0.0017145689045037216,
          -0.0005193242934549147,
          0.0002516555304286072,
          0.0002289476683792202,
          -0.0003866653144637411
        ],
        "training_log_score": -180059.806750986,
        "evaluations": 25,
        "iterations": 20,
        "qualified": true,
        "estimate": {
          "latitude_deg": 37.8424854929665,
          "longitude_deg": -122.46772754986107
        },
        "decay_s": 0,
        "unit_id": "exclude_DS8",
        "stage": "source_fit",
        "start_id": "DS7",
        "session_ids": [
          "scan-fw-5f7bf896e4552887",
          "scan-fw-a40658642d9ade6a",
          "scan-fw-3b5aa99026fbf2cc",
          "scan-fw-4461e9a2d9d598cb",
          "scan-fw-534e7fb34771526d",
          "scan-fw-c8c8eac794484395",
          "scan-fw-1a8fada20483c159",
          "scan-fw-319730ab74ce43e7",
          "scan-fw-98cb28475c2059b9",
          "scan-fw-779025cb04154412",
          "scan-fw-c69d8adb846ccee8",
          "scan-fw-2ab18976d4eb3bf8",
          "scan-fw-237e4e5d4ce58dd7",
          "scan-fw-7b332587ba122e45",
          "scan-fw-bf15d314e729e447",
          "scan-fw-0121767995aabdb0"
        ]
      },
      "previous_qualified_error_m": 1743.4120631633373,
      "movement_from_seed_m": 0.00020301896676446784,
      "movement_from_previous_selection_m": 0.00020301896676446784,
      "training_gain_from_seed": 2.2118911147117615e-09,
      "error_change_from_previous_selection_m": 0.0001906411314394063
    },
    {
      "decay_s": 0,
      "unit_id": "exclude_DS9",
      "source_datasets": [
        "DS7",
        "DS8"
      ],
      "excluded_dataset": "DS9",
      "planned_starts": 1,
      "qualified_starts": 1,
      "selected": {
        "initial": [
          0.8257565908685488,
          -0.7699038525109483,
          -0.37598537240796015,
          -0.20881885226687896,
          0.20446236383625313,
          -0.01996507865005302,
          -0.28152916900728997,
          -1.3753145321320814,
          -0.5613362731331631,
          0.37006168158511143,
          -0.2578185059354163,
          -0.5525454769971953,
          -0.3376511635555317,
          -1.2676064202880488,
          -0.6758813339308893,
          -1.0293311741483755,
          0.013322481520958551,
          -0.23669087935213623
        ],
        "x": [
          0.8257597386517319,
          -0.7699055580236795,
          -0.37598391735611814,
          -0.2088184208875998,
          0.20446204413399066,
          -0.019965201721366007,
          -0.2815290274293518,
          -1.3753139676671065,
          -0.561335922887269,
          0.3700619913600912,
          -0.257818638549565,
          -0.5525444815981844,
          -0.33765274458408195,
          -1.267606041559907,
          -0.6758812442035269,
          -1.0293274158590686,
          0.013322787577335692,
          -0.23669133345590596
        ],
        "success": true,
        "message": "CONVERGENCE: RELATIVE REDUCTION OF F <= FACTR*EPSMCH",
        "boundary_hit": false,
        "gradient": [
          0.0004967661268838741,
          -0.00037927204862142627,
          3.9031083940488376e-05,
          3.303373977958657e-05,
          0.00013579421017118065,
          0.0001835788213186973,
          -0.0009619142068917341,
          7.887303425135883e-05,
          2.3060649901651686e-05,
          -4.753599642426387e-05,
          -2.0438114437748567e-05,
          -2.3580499991737724e-05,
          0.00019601866754692665,
          -1.0237393787804194e-05,
          5.872591085420709e-06,
          -0.0006174394877227485,
          1.1422747997258398e-05,
          -4.148914293056194e-05
        ],
        "training_log_score": -189240.0537719861,
        "evaluations": 6,
        "iterations": 4,
        "qualified": true,
        "estimate": {
          "latitude_deg": 37.84932607753924,
          "longitude_deg": -122.47496938482901
        },
        "decay_s": 0,
        "unit_id": "exclude_DS9",
        "stage": "source_fit",
        "start_id": "refine",
        "session_ids": [
          "scan-fw-5f7bf896e4552887",
          "scan-fw-a40658642d9ade6a",
          "scan-fw-3b5aa99026fbf2cc",
          "scan-fw-4461e9a2d9d598cb",
          "scan-fw-534e7fb34771526d",
          "scan-fw-c8c8eac794484395",
          "scan-fw-1a8fada20483c159",
          "scan-fw-319730ab74ce43e7",
          "scan-fw-aadcd44b66085469",
          "scan-fw-ac05824a99b22ffd",
          "scan-fw-226485b45dd0d0cf",
          "scan-fw-23ca8538647774b2",
          "scan-fw-9c5f3143152db63d",
          "scan-fw-5579ea7efd8c20da",
          "scan-fw-ae6175dd0600ae77",
          "scan-fw-6234d5440f90806e"
        ]
      },
      "source_runs": [
        {
          "start_id": "refine",
          "exit_code": 0,
          "result": {
            "initial": [
              0.8257565908685488,
              -0.7699038525109483,
              -0.37598537240796015,
              -0.20881885226687896,
              0.20446236383625313,
              -0.01996507865005302,
              -0.28152916900728997,
              -1.3753145321320814,
              -0.5613362731331631,
              0.37006168158511143,
              -0.2578185059354163,
              -0.5525454769971953,
              -0.3376511635555317,
              -1.2676064202880488,
              -0.6758813339308893,
              -1.0293311741483755,
              0.013322481520958551,
              -0.23669087935213623
            ],
            "x": [
              0.8257597386517319,
              -0.7699055580236795,
              -0.37598391735611814,
              -0.2088184208875998,
              0.20446204413399066,
              -0.019965201721366007,
              -0.2815290274293518,
              -1.3753139676671065,
              -0.561335922887269,
              0.3700619913600912,
              -0.257818638549565,
              -0.5525444815981844,
              -0.33765274458408195,
              -1.267606041559907,
              -0.6758812442035269,
              -1.0293274158590686,
              0.013322787577335692,
              -0.23669133345590596
            ],
            "success": true,
            "message": "CONVERGENCE: RELATIVE REDUCTION OF F <= FACTR*EPSMCH",
            "boundary_hit": false,
            "gradient": [
              0.0004967661268838741,
              -0.00037927204862142627,
              3.9031083940488376e-05,
              3.303373977958657e-05,
              0.00013579421017118065,
              0.0001835788213186973,
              -0.0009619142068917341,
              7.887303425135883e-05,
              2.3060649901651686e-05,
              -4.753599642426387e-05,
              -2.0438114437748567e-05,
              -2.3580499991737724e-05,
              0.00019601866754692665,
              -1.0237393787804194e-05,
              5.872591085420709e-06,
              -0.0006174394877227485,
              1.1422747997258398e-05,
              -4.148914293056194e-05
            ],
            "training_log_score": -189240.0537719861,
            "evaluations": 6,
            "iterations": 4,
            "qualified": true,
            "estimate": {
              "latitude_deg": 37.84932607753924,
              "longitude_deg": -122.47496938482901
            },
            "decay_s": 0,
            "unit_id": "exclude_DS9",
            "stage": "source_fit",
            "start_id": "refine",
            "session_ids": [
              "scan-fw-5f7bf896e4552887",
              "scan-fw-a40658642d9ade6a",
              "scan-fw-3b5aa99026fbf2cc",
              "scan-fw-4461e9a2d9d598cb",
              "scan-fw-534e7fb34771526d",
              "scan-fw-c8c8eac794484395",
              "scan-fw-1a8fada20483c159",
              "scan-fw-319730ab74ce43e7",
              "scan-fw-aadcd44b66085469",
              "scan-fw-ac05824a99b22ffd",
              "scan-fw-226485b45dd0d0cf",
              "scan-fw-23ca8538647774b2",
              "scan-fw-9c5f3143152db63d",
              "scan-fw-5579ea7efd8c20da",
              "scan-fw-ae6175dd0600ae77",
              "scan-fw-6234d5440f90806e"
            ]
          }
        }
      ],
      "higher_score_unqualified_starts": [],
      "error_m": 947.4733168668718,
      "start_separation_m": 0.0,
      "source_held": {
        "state": "returned",
        "datasets": [
          {
            "dataset": "DS7",
            "tracks": 486,
            "held_observations": 8622,
            "held_delta_vs_same_model_panel": 0.3550245743282048,
            "held_delta_vs_original_iid_panel": 2917.552462783803,
            "positive_records_vs_same_model": 3,
            "record_deltas": [
              {
                "session_id": "scan-fw-5f7bf896e4552887",
                "vs_same_model_panel": -27.7589951515474,
                "vs_original_iid_panel": 128.93348870551736
              },
              {
                "session_id": "scan-fw-a40658642d9ade6a",
                "vs_same_model_panel": -11.984684127443572,
                "vs_original_iid_panel": 136.02203199728203
              },
              {
                "session_id": "scan-fw-3b5aa99026fbf2cc",
                "vs_same_model_panel": 64.91935483329013,
                "vs_original_iid_panel": 575.4115734578561
              },
              {
                "session_id": "scan-fw-4461e9a2d9d598cb",
                "vs_same_model_panel": 21.510056471855286,
                "vs_original_iid_panel": 1196.9128675253717
              },
              {
                "session_id": "scan-fw-534e7fb34771526d",
                "vs_same_model_panel": -51.48201306746952,
                "vs_original_iid_panel": 170.83154594004048
              },
              {
                "session_id": "scan-fw-c8c8eac794484395",
                "vs_same_model_panel": -6.886787012910446,
                "vs_original_iid_panel": 171.19025600269197
              },
              {
                "session_id": "scan-fw-1a8fada20483c159",
                "vs_same_model_panel": -2.2801946151510784,
                "vs_original_iid_panel": 137.5502569376032
              },
              {
                "session_id": "scan-fw-319730ab74ce43e7",
                "vs_same_model_panel": 14.318287243704809,
                "vs_original_iid_panel": 400.70044221744024
              }
            ],
            "held_change_from_previous_selection": 0.00015634370557648936
          },
          {
            "dataset": "DS8",
            "tracks": 485,
            "held_observations": 8959,
            "held_delta_vs_same_model_panel": -55.57467291238598,
            "held_delta_vs_original_iid_panel": 2794.9455629663885,
            "positive_records_vs_same_model": 3,
            "record_deltas": [
              {
                "session_id": "scan-fw-aadcd44b66085469",
                "vs_same_model_panel": 55.953055731078926,
                "vs_original_iid_panel": 538.8970158647885
              },
              {
                "session_id": "scan-fw-ac05824a99b22ffd",
                "vs_same_model_panel": 29.008023965248213,
                "vs_original_iid_panel": 326.3769005053949
              },
              {
                "session_id": "scan-fw-226485b45dd0d0cf",
                "vs_same_model_panel": -45.99860544007318,
                "vs_original_iid_panel": 223.3678297921457
              },
              {
                "session_id": "scan-fw-23ca8538647774b2",
                "vs_same_model_panel": -14.735415549196297,
                "vs_original_iid_panel": 674.6934762558686
              },
              {
                "session_id": "scan-fw-9c5f3143152db63d",
                "vs_same_model_panel": -83.90961900409303,
                "vs_original_iid_panel": 342.50018463804133
              },
              {
                "session_id": "scan-fw-5579ea7efd8c20da",
                "vs_same_model_panel": -15.226146674089037,
                "vs_original_iid_panel": 255.37290499418614
              },
              {
                "session_id": "scan-fw-ae6175dd0600ae77",
                "vs_same_model_panel": 23.51141735622103,
                "vs_original_iid_panel": 188.65642507665933
              },
              {
                "session_id": "scan-fw-6234d5440f90806e",
                "vs_same_model_panel": -4.177383297482606,
                "vs_original_iid_panel": 245.08082583930383
              }
            ],
            "held_change_from_previous_selection": -0.0001821390148251112
          }
        ],
        "gradient_check": [
          {
            "axis": 0,
            "step_km": 0.001,
            "numerical": 0.0004950998118147254,
            "analytic": 0.0004967661268838741,
            "absolute_difference": 1.666315069148716e-06
          },
          {
            "axis": 1,
            "step_km": 0.001,
            "numerical": -0.0003834575181826949,
            "analytic": -0.00037927204862142627,
            "absolute_difference": 4.18546956126864e-06
          },
          {
            "axis": 0,
            "step_km": 0.0005,
            "numerical": 0.0004984613042324781,
            "analytic": 0.0004967661268838741,
            "absolute_difference": 1.6951773486040267e-06
          },
          {
            "axis": 1,
            "step_km": 0.0005,
            "numerical": -0.0003792811185121536,
            "analytic": -0.00037927204862142627,
            "absolute_difference": 9.069890727353425e-09
          }
        ],
        "offset_stationarity": 2.475672545303112e-12
      },
      "target_qualified_starts": 3,
      "target_selected": {
        "initial": [
          -2.0,
          -2.0,
          -2.0,
          -2.0,
          -2.0,
          -2.0,
          -2.0,
          -2.0
        ],
        "x": [
          0.8257597386517319,
          -0.7699055580236795,
          0.23010286002240357,
          0.5694900295256959,
          0.4313675466682744,
          -0.23240382871439402,
          -1.3245894650765624,
          -0.6108154400721781,
          -1.0848862450479086,
          -0.9623078091074779
        ],
        "success": true,
        "message": "CONVERGENCE: RELATIVE REDUCTION OF F <= FACTR*EPSMCH",
        "boundary_hit": false,
        "gradient": [
          1.1170490150202994e-05,
          -1.8805552146616833e-05,
          -3.6728313043132843e-06,
          -8.17037598466186e-06,
          1.673144293068418e-05,
          4.964767636117529e-06,
          2.566285128047241e-05,
          -3.089750037332806e-05
        ],
        "training_log_score": -88345.71766259789,
        "evaluations": 21,
        "iterations": 17,
        "qualified": true,
        "estimate": {
          "latitude_deg": 37.84932607753924,
          "longitude_deg": -122.47496938482901
        },
        "decay_s": 0,
        "unit_id": "exclude_DS9",
        "stage": "target_fit",
        "start_id": "-2",
        "session_ids": [
          "scan-fw-98cb28475c2059b9",
          "scan-fw-779025cb04154412",
          "scan-fw-c69d8adb846ccee8",
          "scan-fw-2ab18976d4eb3bf8",
          "scan-fw-237e4e5d4ce58dd7",
          "scan-fw-7b332587ba122e45",
          "scan-fw-bf15d314e729e447",
          "scan-fw-0121767995aabdb0"
        ]
      },
      "target_held": {
        "state": "returned",
        "datasets": [
          {
            "dataset": "DS9",
            "tracks": 491,
            "held_observations": 8484,
            "held_delta_vs_same_model_panel": -6.329983820977034,
            "held_delta_vs_original_iid_panel": 3855.4452358340013,
            "positive_records_vs_same_model": 2,
            "record_deltas": [
              {
                "session_id": "scan-fw-98cb28475c2059b9",
                "vs_same_model_panel": -1.1682629707867704,
                "vs_original_iid_panel": 686.0609898077175
              },
              {
                "session_id": "scan-fw-779025cb04154412",
                "vs_same_model_panel": 2.460485066316945,
                "vs_original_iid_panel": 251.43332404963795
              },
              {
                "session_id": "scan-fw-c69d8adb846ccee8",
                "vs_same_model_panel": -3.210932745515315,
                "vs_original_iid_panel": 353.8068559993215
              },
              {
                "session_id": "scan-fw-2ab18976d4eb3bf8",
                "vs_same_model_panel": 10.764555916369488,
                "vs_original_iid_panel": 33.27867112567894
              },
              {
                "session_id": "scan-fw-237e4e5d4ce58dd7",
                "vs_same_model_panel": -1.9706510204061516,
                "vs_original_iid_panel": 837.0653833959328
              },
              {
                "session_id": "scan-fw-7b332587ba122e45",
                "vs_same_model_panel": -2.7482839698816193,
                "vs_original_iid_panel": 312.688942010916
              },
              {
                "session_id": "scan-fw-bf15d314e729e447",
                "vs_same_model_panel": -6.053661508560893,
                "vs_original_iid_panel": 941.4884687260236
              },
              {
                "session_id": "scan-fw-0121767995aabdb0",
                "vs_same_model_panel": -4.403232588512719,
                "vs_original_iid_panel": 439.62260071877307
              }
            ],
            "held_change_from_previous_selection": -0.00018322368878642692
          }
        ],
        "gradient_check": [],
        "offset_stationarity": 2.4997176215190095e-12
      },
      "refinement_seed": {
        "initial": [
          1.9748566790983073,
          -1.7145950324377153,
          -0.32848822384233306,
          -0.05604751874254148,
          0.25869084915188695,
          0.2147443738694642,
          -0.21259529110527278,
          -1.1838711782454245,
          -0.43994088664107234,
          0.398582625869424,
          -0.20947319425681118,
          -0.7414799997209173,
          -0.3635406046375926,
          -1.2637546963347124,
          -0.6410368856866636,
          -1.1372901489717269,
          0.008684746169091793,
          -0.3782368328144978
        ],
        "x": [
          0.8257565908685488,
          -0.7699038525109483,
          -0.37598537240796015,
          -0.20881885226687896,
          0.20446236383625313,
          -0.01996507865005302,
          -0.28152916900728997,
          -1.3753145321320814,
          -0.5613362731331631,
          0.37006168158511143,
          -0.2578185059354163,
          -0.5525454769971953,
          -0.3376511635555317,
          -1.2676064202880488,
          -0.6758813339308893,
          -1.0293311741483755,
          0.013322481520958551,
          -0.23669087935213623
        ],
        "success": true,
        "message": "CONVERGENCE: RELATIVE REDUCTION OF F <= FACTR*EPSMCH",
        "boundary_hit": false,
        "gradient": [
          0.0020051750219148845,
          -0.00022958518970306319,
          0.0007185879044344645,
          0.00010782066302938986,
          -0.001591753832197007,
          -0.0008094255111541493,
          -0.0013932300061103575,
          0.0001559199475007489,
          -2.294674641234451e-05,
          0.00026046689341097107,
          -0.00018223187319699186,
          0.0013309153343925573,
          -0.0010267868679139092,
          0.0005067704233439052,
          -0.00029019092592719176,
          0.0031803665165810457,
          2.163019273737632e-05,
          -0.002432948651748257
        ],
        "training_log_score": -189240.05377199835,
        "evaluations": 26,
        "iterations": 20,
        "qualified": true,
        "estimate": {
          "latitude_deg": 37.84932609287728,
          "longitude_deg": -122.47496942068307
        },
        "decay_s": 0,
        "unit_id": "exclude_DS9",
        "stage": "source_fit",
        "start_id": "DS7",
        "session_ids": [
          "scan-fw-5f7bf896e4552887",
          "scan-fw-a40658642d9ade6a",
          "scan-fw-3b5aa99026fbf2cc",
          "scan-fw-4461e9a2d9d598cb",
          "scan-fw-534e7fb34771526d",
          "scan-fw-c8c8eac794484395",
          "scan-fw-1a8fada20483c159",
          "scan-fw-319730ab74ce43e7",
          "scan-fw-aadcd44b66085469",
          "scan-fw-ac05824a99b22ffd",
          "scan-fw-226485b45dd0d0cf",
          "scan-fw-23ca8538647774b2",
          "scan-fw-9c5f3143152db63d",
          "scan-fw-5579ea7efd8c20da",
          "scan-fw-ae6175dd0600ae77",
          "scan-fw-6234d5440f90806e"
        ]
      },
      "previous_qualified_error_m": 947.4702242638665,
      "movement_from_seed_m": 0.0035803902992422106,
      "movement_from_previous_selection_m": 0.0035803902992422106,
      "training_gain_from_seed": 1.225271262228489e-08,
      "error_change_from_previous_selection_m": 0.003092603005256933
    },
    {
      "decay_s": 10,
      "unit_id": "all24",
      "source_datasets": [
        "DS7",
        "DS8",
        "DS9"
      ],
      "excluded_dataset": null,
      "planned_starts": 1,
      "qualified_starts": 1,
      "selected": {
        "initial": [
          0.338094403377161,
          -0.8306116061423217,
          -0.4484905681603622,
          -0.15416633368133473,
          0.03395461607683,
          -0.49694510340822146,
          -0.5374353577293024,
          -1.3198251383300998,
          -0.4217184857619945,
          0.16716058946481857,
          -0.37641752373636767,
          -0.5343051416115359,
          -0.3287195488852534,
          -0.9627825965777282,
          -0.6746696896298022,
          -0.2532323526667841,
          -0.0087542919339696,
          -0.24615007145901474,
          -0.01775737223629824,
          0.4828820232373619,
          0.43616079114139095,
          -0.25397392065925406,
          -1.1151736199054851,
          -0.5888386855281259,
          -1.2037785748248668,
          -1.0480244254136706
        ],
        "x": [
          0.3380927497577739,
          -0.8306210272673418,
          -0.4484944439711073,
          -0.1541679334280056,
          0.03394101001618589,
          -0.496941555930327,
          -0.5374361033140581,
          -1.3198209900542754,
          -0.42171703644225705,
          0.16715776762864246,
          -0.3764179393464856,
          -0.5343050976207425,
          -0.32871698251199644,
          -0.9627831710492025,
          -0.67466898862854,
          -0.2532335661236786,
          -0.008754741831993165,
          -0.24614986287161106,
          -0.017753771669736625,
          0.48288379600743353,
          0.43615942257406126,
          -0.2539827309208595,
          -1.1151750000857736,
          -0.5888419906794109,
          -1.2037655502026265,
          -1.0480279240613075
        ],
        "success": true,
        "message": "CONVERGENCE: RELATIVE REDUCTION OF F <= FACTR*EPSMCH",
        "boundary_hit": false,
        "gradient": [
          -0.00016771380742430786,
          -0.0003702422348446782,
          0.0001223231500340205,
          -2.9586185455121594e-05,
          7.721985726938385e-05,
          7.669828559553338e-05,
          3.3660779642730176e-05,
          -2.5756769999829565e-05,
          -3.012554864412209e-05,
          -6.0974283413672836e-05,
          1.7145911535669522e-05,
          3.014901604814213e-06,
          2.8726647638199765e-05,
          -2.9632882986518894e-05,
          2.5750220370657217e-05,
          -2.108432260428117e-05,
          4.412325330482858e-05,
          2.5041675027592802e-05,
          1.643273911960952e-05,
          7.895103593025254e-05,
          -4.9899805299458144e-06,
          -0.00020410022189221166,
          1.9068265360466796e-05,
          9.762214406006109e-05,
          -0.0003236098199401738,
          -4.776059037947533e-05
        ],
        "training_log_score": -260254.86218126983,
        "evaluations": 6,
        "iterations": 4,
        "qualified": true,
        "estimate": {
          "latitude_deg": 37.84878005056641,
          "longitude_deg": -122.48052403688388
        },
        "decay_s": 10,
        "unit_id": "all24",
        "stage": "source_fit",
        "start_id": "refine",
        "session_ids": [
          "scan-fw-5f7bf896e4552887",
          "scan-fw-a40658642d9ade6a",
          "scan-fw-3b5aa99026fbf2cc",
          "scan-fw-4461e9a2d9d598cb",
          "scan-fw-534e7fb34771526d",
          "scan-fw-c8c8eac794484395",
          "scan-fw-1a8fada20483c159",
          "scan-fw-319730ab74ce43e7",
          "scan-fw-aadcd44b66085469",
          "scan-fw-ac05824a99b22ffd",
          "scan-fw-226485b45dd0d0cf",
          "scan-fw-23ca8538647774b2",
          "scan-fw-9c5f3143152db63d",
          "scan-fw-5579ea7efd8c20da",
          "scan-fw-ae6175dd0600ae77",
          "scan-fw-6234d5440f90806e",
          "scan-fw-98cb28475c2059b9",
          "scan-fw-779025cb04154412",
          "scan-fw-c69d8adb846ccee8",
          "scan-fw-2ab18976d4eb3bf8",
          "scan-fw-237e4e5d4ce58dd7",
          "scan-fw-7b332587ba122e45",
          "scan-fw-bf15d314e729e447",
          "scan-fw-0121767995aabdb0"
        ]
      },
      "source_runs": [
        {
          "start_id": "refine",
          "exit_code": 0,
          "result": {
            "initial": [
              0.338094403377161,
              -0.8306116061423217,
              -0.4484905681603622,
              -0.15416633368133473,
              0.03395461607683,
              -0.49694510340822146,
              -0.5374353577293024,
              -1.3198251383300998,
              -0.4217184857619945,
              0.16716058946481857,
              -0.37641752373636767,
              -0.5343051416115359,
              -0.3287195488852534,
              -0.9627825965777282,
              -0.6746696896298022,
              -0.2532323526667841,
              -0.0087542919339696,
              -0.24615007145901474,
              -0.01775737223629824,
              0.4828820232373619,
              0.43616079114139095,
              -0.25397392065925406,
              -1.1151736199054851,
              -0.5888386855281259,
              -1.2037785748248668,
              -1.0480244254136706
            ],
            "x": [
              0.3380927497577739,
              -0.8306210272673418,
              -0.4484944439711073,
              -0.1541679334280056,
              0.03394101001618589,
              -0.496941555930327,
              -0.5374361033140581,
              -1.3198209900542754,
              -0.42171703644225705,
              0.16715776762864246,
              -0.3764179393464856,
              -0.5343050976207425,
              -0.32871698251199644,
              -0.9627831710492025,
              -0.67466898862854,
              -0.2532335661236786,
              -0.008754741831993165,
              -0.24614986287161106,
              -0.017753771669736625,
              0.48288379600743353,
              0.43615942257406126,
              -0.2539827309208595,
              -1.1151750000857736,
              -0.5888419906794109,
              -1.2037655502026265,
              -1.0480279240613075
            ],
            "success": true,
            "message": "CONVERGENCE: RELATIVE REDUCTION OF F <= FACTR*EPSMCH",
            "boundary_hit": false,
            "gradient": [
              -0.00016771380742430786,
              -0.0003702422348446782,
              0.0001223231500340205,
              -2.9586185455121594e-05,
              7.721985726938385e-05,
              7.669828559553338e-05,
              3.3660779642730176e-05,
              -2.5756769999829565e-05,
              -3.012554864412209e-05,
              -6.0974283413672836e-05,
              1.7145911535669522e-05,
              3.014901604814213e-06,
              2.8726647638199765e-05,
              -2.9632882986518894e-05,
              2.5750220370657217e-05,
              -2.108432260428117e-05,
              4.412325330482858e-05,
              2.5041675027592802e-05,
              1.643273911960952e-05,
              7.895103593025254e-05,
              -4.9899805299458144e-06,
              -0.00020410022189221166,
              1.9068265360466796e-05,
              9.762214406006109e-05,
              -0.0003236098199401738,
              -4.776059037947533e-05
            ],
            "training_log_score": -260254.86218126983,
            "evaluations": 6,
            "iterations": 4,
            "qualified": true,
            "estimate": {
              "latitude_deg": 37.84878005056641,
              "longitude_deg": -122.48052403688388
            },
            "decay_s": 10,
            "unit_id": "all24",
            "stage": "source_fit",
            "start_id": "refine",
            "session_ids": [
              "scan-fw-5f7bf896e4552887",
              "scan-fw-a40658642d9ade6a",
              "scan-fw-3b5aa99026fbf2cc",
              "scan-fw-4461e9a2d9d598cb",
              "scan-fw-534e7fb34771526d",
              "scan-fw-c8c8eac794484395",
              "scan-fw-1a8fada20483c159",
              "scan-fw-319730ab74ce43e7",
              "scan-fw-aadcd44b66085469",
              "scan-fw-ac05824a99b22ffd",
              "scan-fw-226485b45dd0d0cf",
              "scan-fw-23ca8538647774b2",
              "scan-fw-9c5f3143152db63d",
              "scan-fw-5579ea7efd8c20da",
              "scan-fw-ae6175dd0600ae77",
              "scan-fw-6234d5440f90806e",
              "scan-fw-98cb28475c2059b9",
              "scan-fw-779025cb04154412",
              "scan-fw-c69d8adb846ccee8",
              "scan-fw-2ab18976d4eb3bf8",
              "scan-fw-237e4e5d4ce58dd7",
              "scan-fw-7b332587ba122e45",
              "scan-fw-bf15d314e729e447",
              "scan-fw-0121767995aabdb0"
            ]
          }
        }
      ],
      "higher_score_unqualified_starts": [],
      "error_m": 460.3118405227066,
      "start_separation_m": 0.0,
      "source_held": {
        "state": "returned",
        "datasets": [
          {
            "dataset": "DS7",
            "tracks": 486,
            "held_observations": 8622,
            "held_delta_vs_same_model_panel": -3.154499360144154,
            "held_delta_vs_original_iid_panel": 7967.656079621934,
            "positive_records_vs_same_model": 3,
            "record_deltas": [
              {
                "session_id": "scan-fw-5f7bf896e4552887",
                "vs_same_model_panel": 0.8776107741807238,
                "vs_original_iid_panel": 660.780273246719
              },
              {
                "session_id": "scan-fw-a40658642d9ade6a",
                "vs_same_model_panel": 2.5071216765438393,
                "vs_original_iid_panel": 587.7631580220726
              },
              {
                "session_id": "scan-fw-3b5aa99026fbf2cc",
                "vs_same_model_panel": 2.968786073981903,
                "vs_original_iid_panel": 1143.225415008399
              },
              {
                "session_id": "scan-fw-4461e9a2d9d598cb",
                "vs_same_model_panel": -0.0781930037057279,
                "vs_original_iid_panel": 2354.816283403085
              },
              {
                "session_id": "scan-fw-534e7fb34771526d",
                "vs_same_model_panel": -2.9602583999662926,
                "vs_original_iid_panel": 1045.4788089273611
              },
              {
                "session_id": "scan-fw-c8c8eac794484395",
                "vs_same_model_panel": -1.557279323247581,
                "vs_original_iid_panel": 819.2084505698016
              },
              {
                "session_id": "scan-fw-1a8fada20483c159",
                "vs_same_model_panel": -0.039393432964430986,
                "vs_original_iid_panel": 475.14617803209757
              },
              {
                "session_id": "scan-fw-319730ab74ce43e7",
                "vs_same_model_panel": -4.872893724966588,
                "vs_original_iid_panel": 881.2375124123981
              }
            ],
            "held_change_from_previous_selection": -0.6765668929212794
          },
          {
            "dataset": "DS8",
            "tracks": 485,
            "held_observations": 8959,
            "held_delta_vs_same_model_panel": -2.164942594063227,
            "held_delta_vs_original_iid_panel": 9037.528070681567,
            "positive_records_vs_same_model": 4,
            "record_deltas": [
              {
                "session_id": "scan-fw-aadcd44b66085469",
                "vs_same_model_panel": -3.1564440993945055,
                "vs_original_iid_panel": 1287.1771820550398
              },
              {
                "session_id": "scan-fw-ac05824a99b22ffd",
                "vs_same_model_panel": 1.0388963875902846,
                "vs_original_iid_panel": 1006.9949641176714
              },
              {
                "session_id": "scan-fw-226485b45dd0d0cf",
                "vs_same_model_panel": -3.4247692702170625,
                "vs_original_iid_panel": 823.9161944316584
              },
              {
                "session_id": "scan-fw-23ca8538647774b2",
                "vs_same_model_panel": 3.7078902779115808,
                "vs_original_iid_panel": 1971.6676726919243
              },
              {
                "session_id": "scan-fw-9c5f3143152db63d",
                "vs_same_model_panel": -2.4168365840898147,
                "vs_original_iid_panel": 1373.0368050143347
              },
              {
                "session_id": "scan-fw-5579ea7efd8c20da",
                "vs_same_model_panel": -0.3084716646055341,
                "vs_original_iid_panel": 948.9475457287537
              },
              {
                "session_id": "scan-fw-ae6175dd0600ae77",
                "vs_same_model_panel": 2.2065023500551604,
                "vs_original_iid_panel": 445.9678027008407
              },
              {
                "session_id": "scan-fw-6234d5440f90806e",
                "vs_same_model_panel": 0.18829000868666412,
                "vs_original_iid_panel": 1179.8199039413435
              }
            ],
            "held_change_from_previous_selection": -21.912450311453835
          },
          {
            "dataset": "DS9",
            "tracks": 491,
            "held_observations": 8484,
            "held_delta_vs_same_model_panel": 11.598341778296174,
            "held_delta_vs_original_iid_panel": 10186.633111192963,
            "positive_records_vs_same_model": 5,
            "record_deltas": [
              {
                "session_id": "scan-fw-98cb28475c2059b9",
                "vs_same_model_panel": -1.7316423178084008,
                "vs_original_iid_panel": 1337.5542111091725
              },
              {
                "session_id": "scan-fw-779025cb04154412",
                "vs_same_model_panel": 2.6773374647875556,
                "vs_original_iid_panel": 939.7694729410862
              },
              {
                "session_id": "scan-fw-c69d8adb846ccee8",
                "vs_same_model_panel": 4.004120847221529,
                "vs_original_iid_panel": 1088.4046680970869
              },
              {
                "session_id": "scan-fw-2ab18976d4eb3bf8",
                "vs_same_model_panel": 5.724798216908937,
                "vs_original_iid_panel": 779.4296696654101
              },
              {
                "session_id": "scan-fw-237e4e5d4ce58dd7",
                "vs_same_model_panel": -1.854052143535874,
                "vs_original_iid_panel": 1838.9450921009015
              },
              {
                "session_id": "scan-fw-7b332587ba122e45",
                "vs_same_model_panel": 3.3540776158883077,
                "vs_original_iid_panel": 973.6850823500473
              },
              {
                "session_id": "scan-fw-bf15d314e729e447",
                "vs_same_model_panel": 0.31198337003052146,
                "vs_original_iid_panel": 2035.65666064498
              },
              {
                "session_id": "scan-fw-0121767995aabdb0",
                "vs_same_model_panel": -0.8882812751964018,
                "vs_original_iid_panel": 1193.188254284279
              }
            ],
            "held_change_from_previous_selection": 2.116741585875637
          }
        ],
        "gradient_check": [
          {
            "axis": 0,
            "step_km": 0.001,
            "numerical": -0.00016718695405870676,
            "analytic": -0.00016771380742430786,
            "absolute_difference": 5.268533656010987e-07
          },
          {
            "axis": 1,
            "step_km": 0.001,
            "numerical": -0.0003699969965964556,
            "analytic": -0.0003702422348446782,
            "absolute_difference": 2.452382482226456e-07
          },
          {
            "axis": 0,
            "step_km": 0.0005,
            "numerical": -0.000167434336617589,
            "analytic": -0.00016771380742430786,
            "absolute_difference": 2.7947080671886226e-07
          },
          {
            "axis": 1,
            "step_km": 0.0005,
            "numerical": -0.0003699969965964556,
            "analytic": -0.0003702422348446782,
            "absolute_difference": 2.452382482226456e-07
          }
        ],
        "offset_stationarity": 1.927858587008209e-13
      },
      "refinement_seed": {
        "initial": [
          -0.7129035310266764,
          -0.23349307650755752,
          -0.2981031974144234,
          0.09106933160651637,
          0.20000180499131473,
          -0.13465926463676994,
          -0.34210141791932075,
          -0.9795559974636506,
          -0.23366320490051218,
          0.2782040414316191,
          -0.3686408407714736,
          -0.5910930060664029,
          -0.411004647050523,
          -0.9955498085251336,
          -0.7468991679394428,
          -0.33040833115630297,
          -0.1003917087118704,
          -0.278914552757306,
          -0.002177643525759163,
          0.6491748732719087,
          0.582973731290425,
          -0.11060754293144912,
          -1.0064222715235027,
          -0.48251262105756204,
          -1.0752920592893445,
          -0.8672997520836145
        ],
        "x": [
          0.338094403377161,
          -0.8306116061423217,
          -0.4484905681603622,
          -0.15416633368133473,
          0.03395461607683,
          -0.49694510340822146,
          -0.5374353577293024,
          -1.3198251383300998,
          -0.4217184857619945,
          0.16716058946481857,
          -0.37641752373636767,
          -0.5343051416115359,
          -0.3287195488852534,
          -0.9627825965777282,
          -0.6746696896298022,
          -0.2532323526667841,
          -0.0087542919339696,
          -0.24615007145901474,
          -0.01775737223629824,
          0.4828820232373619,
          0.43616079114139095,
          -0.25397392065925406,
          -1.1151736199054851,
          -0.5888386855281259,
          -1.2037785748248668,
          -1.0480244254136706
        ],
        "success": true,
        "message": "CONVERGENCE: RELATIVE REDUCTION OF F <= FACTR*EPSMCH",
        "boundary_hit": false,
        "gradient": [
          0.0012522479121279684,
          -2.5860980994316107e-05,
          -0.0013394886529684014,
          -0.0008230913944816676,
          -0.010272056474700975,
          0.0006456216961066019,
          -0.00016303894707903055,
          0.0016524405694966493,
          0.0006797819666282123,
          -0.0007416831656224532,
          5.465156320774017e-05,
          -0.00018884138923258575,
          0.0006166084850556253,
          -0.00018834747638951654,
          0.0006149616997577212,
          -0.00029493077882447594,
          -0.0001490707596039087,
          4.383223381942969e-05,
          0.0009899669331489558,
          0.0015989317469551345,
          -0.0005007764567453998,
          -0.009297750713654018,
          -0.00041118002909845686,
          -0.001177418212790382,
          0.003486391882045581,
          -0.000892137174245633
        ],
        "training_log_score": -260254.8621814193,
        "evaluations": 17,
        "iterations": 14,
        "qualified": false,
        "estimate": {
          "latitude_deg": 37.84878013529257,
          "longitude_deg": -122.48052401804873
        },
        "decay_s": 10,
        "unit_id": "all24",
        "stage": "source_fit",
        "start_id": "DS8",
        "session_ids": [
          "scan-fw-5f7bf896e4552887",
          "scan-fw-a40658642d9ade6a",
          "scan-fw-3b5aa99026fbf2cc",
          "scan-fw-4461e9a2d9d598cb",
          "scan-fw-534e7fb34771526d",
          "scan-fw-c8c8eac794484395",
          "scan-fw-1a8fada20483c159",
          "scan-fw-319730ab74ce43e7",
          "scan-fw-aadcd44b66085469",
          "scan-fw-ac05824a99b22ffd",
          "scan-fw-226485b45dd0d0cf",
          "scan-fw-23ca8538647774b2",
          "scan-fw-9c5f3143152db63d",
          "scan-fw-5579ea7efd8c20da",
          "scan-fw-ae6175dd0600ae77",
          "scan-fw-6234d5440f90806e",
          "scan-fw-98cb28475c2059b9",
          "scan-fw-779025cb04154412",
          "scan-fw-c69d8adb846ccee8",
          "scan-fw-2ab18976d4eb3bf8",
          "scan-fw-237e4e5d4ce58dd7",
          "scan-fw-7b332587ba122e45",
          "scan-fw-bf15d314e729e447",
          "scan-fw-0121767995aabdb0"
        ]
      },
      "previous_qualified_error_m": 713.523430525583,
      "movement_from_seed_m": 0.009565184127742902,
      "movement_from_previous_selection_m": 266.79886576951355,
      "training_gain_from_seed": 1.494772732257843e-07,
      "error_change_from_previous_selection_m": -253.2115900028764
    },
    {
      "decay_s": 10,
      "unit_id": "exclude_DS7",
      "source_datasets": [
        "DS8",
        "DS9"
      ],
      "excluded_dataset": "DS7",
      "planned_starts": 1,
      "qualified_starts": 1,
      "selected": {
        "initial": [
          -0.29311501284007924,
          -0.23639998421921551,
          -0.36131651397890907,
          -0.5799212638230027,
          -0.3968887383770274,
          -0.981264690976411,
          -0.7182785238269285,
          -0.2891591508958069,
          -0.06350958947180034,
          -0.27359644078619866,
          -0.1547291296475778,
          0.43704678498109,
          0.36650665159439816,
          -0.2508727700271086,
          -1.187161036303985,
          -0.6713288950468734,
          -1.2439515054439425,
          -1.0504106948996061
        ],
        "x": [
          -0.29311511801620554,
          -0.2364011777668715,
          -0.36131665271947133,
          -0.5799209202967043,
          -0.39688786304428036,
          -0.9812648589339732,
          -0.7182782885163004,
          -0.2891636469819846,
          -0.06350982484754844,
          -0.27359621955966434,
          -0.15472790998535824,
          0.4370463931239146,
          0.3665059407629359,
          -0.2508730221770799,
          -1.1871603319797441,
          -0.6713296278390255,
          -1.2439438311780737,
          -1.0504123500271914
        ],
        "success": true,
        "message": "CONVERGENCE: RELATIVE REDUCTION OF F <= FACTR*EPSMCH",
        "boundary_hit": false,
        "gradient": [
          6.924279051345739e-05,
          -0.00016229860178423872,
          -1.8803839228899444e-05,
          1.622918941013296e-05,
          -2.234990546523541e-05,
          -2.0077236576376833e-05,
          -0.0006847071823083972,
          0.00018488857778264922,
          -8.81902326401729e-05,
          8.651892351574375e-05,
          -2.62325730074342e-05,
          -0.00011262342605666831,
          -2.385395876475238e-05,
          0.00024282941139119885,
          -4.153798931461061e-05,
          1.6034789060093146e-05,
          -8.253929283164041e-05,
          4.1450218875027645e-05
        ],
        "training_log_score": -173437.62162341818,
        "evaluations": 4,
        "iterations": 2,
        "qualified": true,
        "estimate": {
          "latitude_deg": 37.85412399453422,
          "longitude_deg": -122.48771365635707
        },
        "decay_s": 10,
        "unit_id": "exclude_DS7",
        "stage": "source_fit",
        "start_id": "refine",
        "session_ids": [
          "scan-fw-aadcd44b66085469",
          "scan-fw-ac05824a99b22ffd",
          "scan-fw-226485b45dd0d0cf",
          "scan-fw-23ca8538647774b2",
          "scan-fw-9c5f3143152db63d",
          "scan-fw-5579ea7efd8c20da",
          "scan-fw-ae6175dd0600ae77",
          "scan-fw-6234d5440f90806e",
          "scan-fw-98cb28475c2059b9",
          "scan-fw-779025cb04154412",
          "scan-fw-c69d8adb846ccee8",
          "scan-fw-2ab18976d4eb3bf8",
          "scan-fw-237e4e5d4ce58dd7",
          "scan-fw-7b332587ba122e45",
          "scan-fw-bf15d314e729e447",
          "scan-fw-0121767995aabdb0"
        ]
      },
      "source_runs": [
        {
          "start_id": "refine",
          "exit_code": 0,
          "result": {
            "initial": [
              -0.29311501284007924,
              -0.23639998421921551,
              -0.36131651397890907,
              -0.5799212638230027,
              -0.3968887383770274,
              -0.981264690976411,
              -0.7182785238269285,
              -0.2891591508958069,
              -0.06350958947180034,
              -0.27359644078619866,
              -0.1547291296475778,
              0.43704678498109,
              0.36650665159439816,
              -0.2508727700271086,
              -1.187161036303985,
              -0.6713288950468734,
              -1.2439515054439425,
              -1.0504106948996061
            ],
            "x": [
              -0.29311511801620554,
              -0.2364011777668715,
              -0.36131665271947133,
              -0.5799209202967043,
              -0.39688786304428036,
              -0.9812648589339732,
              -0.7182782885163004,
              -0.2891636469819846,
              -0.06350982484754844,
              -0.27359621955966434,
              -0.15472790998535824,
              0.4370463931239146,
              0.3665059407629359,
              -0.2508730221770799,
              -1.1871603319797441,
              -0.6713296278390255,
              -1.2439438311780737,
              -1.0504123500271914
            ],
            "success": true,
            "message": "CONVERGENCE: RELATIVE REDUCTION OF F <= FACTR*EPSMCH",
            "boundary_hit": false,
            "gradient": [
              6.924279051345739e-05,
              -0.00016229860178423872,
              -1.8803839228899444e-05,
              1.622918941013296e-05,
              -2.234990546523541e-05,
              -2.0077236576376833e-05,
              -0.0006847071823083972,
              0.00018488857778264922,
              -8.81902326401729e-05,
              8.651892351574375e-05,
              -2.62325730074342e-05,
              -0.00011262342605666831,
              -2.385395876475238e-05,
              0.00024282941139119885,
              -4.153798931461061e-05,
              1.6034789060093146e-05,
              -8.253929283164041e-05,
              4.1450218875027645e-05
            ],
            "training_log_score": -173437.62162341818,
            "evaluations": 4,
            "iterations": 2,
            "qualified": true,
            "estimate": {
              "latitude_deg": 37.85412399453422,
              "longitude_deg": -122.48771365635707
            },
            "decay_s": 10,
            "unit_id": "exclude_DS7",
            "stage": "source_fit",
            "start_id": "refine",
            "session_ids": [
              "scan-fw-aadcd44b66085469",
              "scan-fw-ac05824a99b22ffd",
              "scan-fw-226485b45dd0d0cf",
              "scan-fw-23ca8538647774b2",
              "scan-fw-9c5f3143152db63d",
              "scan-fw-5579ea7efd8c20da",
              "scan-fw-ae6175dd0600ae77",
              "scan-fw-6234d5440f90806e",
              "scan-fw-98cb28475c2059b9",
              "scan-fw-779025cb04154412",
              "scan-fw-c69d8adb846ccee8",
              "scan-fw-2ab18976d4eb3bf8",
              "scan-fw-237e4e5d4ce58dd7",
              "scan-fw-7b332587ba122e45",
              "scan-fw-bf15d314e729e447",
              "scan-fw-0121767995aabdb0"
            ]
          }
        }
      ],
      "higher_score_unqualified_starts": [],
      "error_m": 589.1641938375284,
      "start_separation_m": 0.0,
      "source_held": {
        "state": "returned",
        "datasets": [
          {
            "dataset": "DS8",
            "tracks": 485,
            "held_observations": 8959,
            "held_delta_vs_same_model_panel": -1.25310225204991,
            "held_delta_vs_original_iid_panel": 9038.439911023579,
            "positive_records_vs_same_model": 3,
            "record_deltas": [
              {
                "session_id": "scan-fw-aadcd44b66085469",
                "vs_same_model_panel": -2.3382498057637235,
                "vs_original_iid_panel": 1287.9953763486706
              },
              {
                "session_id": "scan-fw-ac05824a99b22ffd",
                "vs_same_model_panel": -1.2312446950672324,
                "vs_original_iid_panel": 1004.7248230350139
              },
              {
                "session_id": "scan-fw-226485b45dd0d0cf",
                "vs_same_model_panel": -0.44302911384309596,
                "vs_original_iid_panel": 826.8979345880323
              },
              {
                "session_id": "scan-fw-23ca8538647774b2",
                "vs_same_model_panel": -0.8496980569689114,
                "vs_original_iid_panel": 1967.110084357044
              },
              {
                "session_id": "scan-fw-9c5f3143152db63d",
                "vs_same_model_panel": 1.0313571095997247,
                "vs_original_iid_panel": 1376.4849987080242
              },
              {
                "session_id": "scan-fw-5579ea7efd8c20da",
                "vs_same_model_panel": -0.6714576969469377,
                "vs_original_iid_panel": 948.5845596964123
              },
              {
                "session_id": "scan-fw-ae6175dd0600ae77",
                "vs_same_model_panel": 1.0328903070762898,
                "vs_original_iid_panel": 444.79419065786186
              },
              {
                "session_id": "scan-fw-6234d5440f90806e",
                "vs_same_model_panel": 2.2163296998639765,
                "vs_original_iid_panel": 1181.8479436325208
              }
            ],
            "held_change_from_previous_selection": 0.000135025432783209
          },
          {
            "dataset": "DS9",
            "tracks": 491,
            "held_observations": 8484,
            "held_delta_vs_same_model_panel": 15.953272268816725,
            "held_delta_vs_original_iid_panel": 10190.988041683484,
            "positive_records_vs_same_model": 7,
            "record_deltas": [
              {
                "session_id": "scan-fw-98cb28475c2059b9",
                "vs_same_model_panel": -0.8686357192161154,
                "vs_original_iid_panel": 1338.4172177077648
              },
              {
                "session_id": "scan-fw-779025cb04154412",
                "vs_same_model_panel": 1.5450786307029247,
                "vs_original_iid_panel": 938.6372141070016
              },
              {
                "session_id": "scan-fw-c69d8adb846ccee8",
                "vs_same_model_panel": 4.519234525363473,
                "vs_original_iid_panel": 1088.9197817752288
              },
              {
                "session_id": "scan-fw-2ab18976d4eb3bf8",
                "vs_same_model_panel": 2.03933093787748,
                "vs_original_iid_panel": 775.7442023863787
              },
              {
                "session_id": "scan-fw-237e4e5d4ce58dd7",
                "vs_same_model_panel": 1.9485242474234497,
                "vs_original_iid_panel": 1842.7476684918608
              },
              {
                "session_id": "scan-fw-7b332587ba122e45",
                "vs_same_model_panel": 2.356851374854479,
                "vs_original_iid_panel": 972.6878561090135
              },
              {
                "session_id": "scan-fw-bf15d314e729e447",
                "vs_same_model_panel": 2.5436025536513682,
                "vs_original_iid_panel": 2037.888279828601
              },
              {
                "session_id": "scan-fw-0121767995aabdb0",
                "vs_same_model_panel": 1.8692857181596665,
                "vs_original_iid_panel": 1195.945821277635
              }
            ],
            "held_change_from_previous_selection": -2.6597840740549827e-05
          }
        ],
        "gradient_check": [
          {
            "axis": 0,
            "step_km": 0.001,
            "numerical": 6.990740075707436e-05,
            "analytic": 6.924279051345739e-05,
            "absolute_difference": 6.646102436169699e-07
          },
          {
            "axis": 1,
            "step_km": 0.001,
            "numerical": -0.00016285048332065344,
            "analytic": -0.00016229860178423872,
            "absolute_difference": 5.518815364147223e-07
          },
          {
            "axis": 0,
            "step_km": 0.0005,
            "numerical": 6.973277777433395e-05,
            "analytic": 6.924279051345739e-05,
            "absolute_difference": 4.899872608765676e-07
          },
          {
            "axis": 1,
            "step_km": 0.0005,
            "numerical": -0.00016205012798309326,
            "analytic": -0.00016229860178423872,
            "absolute_difference": 2.484738011454546e-07
          }
        ],
        "offset_stationarity": 2.3600752780261606e-13
      },
      "target_qualified_starts": 3,
      "target_selected": {
        "initial": [
          0.0,
          0.0,
          0.0,
          0.0,
          0.0,
          0.0,
          0.0,
          0.0
        ],
        "x": [
          -0.29311511801620554,
          -0.2364011777668715,
          -0.504152097490704,
          -0.20548804505365342,
          -0.0007982621896648622,
          -0.609152912627969,
          -0.5923765341536945,
          -1.433356736396789,
          -0.4837941730178938,
          0.1500547004280427
        ],
        "success": true,
        "message": "CONVERGENCE: RELATIVE REDUCTION OF F <= FACTR*EPSMCH",
        "boundary_hit": false,
        "gradient": [
          -0.00013188167505706616,
          -1.379944352786211e-05,
          -8.875072002112461e-05,
          1.0157698677737415e-05,
          -1.3251554705107083e-05,
          3.570573684918976e-05,
          -3.433704472399768e-05,
          -8.65920956137356e-05
        ],
        "training_log_score": -86857.0365813821,
        "evaluations": 18,
        "iterations": 15,
        "qualified": true,
        "estimate": {
          "latitude_deg": 37.85412399453422,
          "longitude_deg": -122.48771365635707
        },
        "decay_s": 10,
        "unit_id": "exclude_DS7",
        "stage": "target_fit",
        "start_id": "0",
        "session_ids": [
          "scan-fw-5f7bf896e4552887",
          "scan-fw-a40658642d9ade6a",
          "scan-fw-3b5aa99026fbf2cc",
          "scan-fw-4461e9a2d9d598cb",
          "scan-fw-534e7fb34771526d",
          "scan-fw-c8c8eac794484395",
          "scan-fw-1a8fada20483c159",
          "scan-fw-319730ab74ce43e7"
        ]
      },
      "target_held": {
        "state": "returned",
        "datasets": [
          {
            "dataset": "DS7",
            "tracks": 486,
            "held_observations": 8622,
            "held_delta_vs_same_model_panel": -9.828182564782704,
            "held_delta_vs_original_iid_panel": 7960.982396417296,
            "positive_records_vs_same_model": 3,
            "record_deltas": [
              {
                "session_id": "scan-fw-5f7bf896e4552887",
                "vs_same_model_panel": -0.02356135496254197,
                "vs_original_iid_panel": 659.8791011175758
              },
              {
                "session_id": "scan-fw-a40658642d9ade6a",
                "vs_same_model_panel": 1.9777013168755424,
                "vs_original_iid_panel": 587.2337376624043
              },
              {
                "session_id": "scan-fw-3b5aa99026fbf2cc",
                "vs_same_model_panel": 3.4431022515055574,
                "vs_original_iid_panel": 1143.6997311859227
              },
              {
                "session_id": "scan-fw-4461e9a2d9d598cb",
                "vs_same_model_panel": 0.2768955727251239,
                "vs_original_iid_panel": 2355.171371979516
              },
              {
                "session_id": "scan-fw-534e7fb34771526d",
                "vs_same_model_panel": -5.409448858362595,
                "vs_original_iid_panel": 1043.0296184689648
              },
              {
                "session_id": "scan-fw-c8c8eac794484395",
                "vs_same_model_panel": -2.434572663810151,
                "vs_original_iid_panel": 818.331157229239
              },
              {
                "session_id": "scan-fw-1a8fada20483c159",
                "vs_same_model_panel": -0.17939442438580855,
                "vs_original_iid_panel": 475.00617704067616
              },
              {
                "session_id": "scan-fw-319730ab74ce43e7",
                "vs_same_model_panel": -7.478904404367832,
                "vs_original_iid_panel": 878.6315017329969
              }
            ],
            "held_change_from_previous_selection": 6.440692782661017e-06
          }
        ],
        "gradient_check": [],
        "offset_stationarity": 1.467100557555614e-13
      },
      "refinement_seed": {
        "initial": [
          -0.7129035310266764,
          -0.23349307650755752,
          -0.3686408407714736,
          -0.5910930060664029,
          -0.411004647050523,
          -0.9955498085251336,
          -0.7468991679394428,
          -0.33040833115630297,
          -0.1003917087118704,
          -0.278914552757306,
          -0.002177643525759163,
          0.6491748732719087,
          0.582973731290425,
          -0.11060754293144912,
          -1.0064222715235027,
          -0.48251262105756204,
          -1.0752920592893445,
          -0.8672997520836145
        ],
        "x": [
          -0.29311501284007924,
          -0.23639998421921551,
          -0.36131651397890907,
          -0.5799212638230027,
          -0.3968887383770274,
          -0.981264690976411,
          -0.7182785238269285,
          -0.2891591508958069,
          -0.06350958947180034,
          -0.27359644078619866,
          -0.1547291296475778,
          0.43704678498109,
          0.36650665159439816,
          -0.2508727700271086,
          -1.187161036303985,
          -0.6713288950468734,
          -1.2439515054439425,
          -1.0504106948996061
        ],
        "success": true,
        "message": "CONVERGENCE: RELATIVE REDUCTION OF F <= FACTR*EPSMCH",
        "boundary_hit": false,
        "gradient": [
          0.00010381161249262139,
          -0.00016006425886991305,
          -7.893896417177082e-05,
          0.00017761385188208578,
          0.0002756794598637313,
          -8.872609268184561e-05,
          -0.0004982389741043924,
          -0.0013946555693662432,
          -0.00022394950759574428,
          0.00019496604258906203,
          0.00034792098485320055,
          -0.000294190120582849,
          -0.0003645002507878248,
          8.04902733140267e-05,
          0.00022703654636146986,
          -0.00029139682643952725,
          0.0019564622912948693,
          -0.0005467298435979373
        ],
        "training_log_score": -173437.62162342973,
        "evaluations": 20,
        "iterations": 15,
        "qualified": true,
        "estimate": {
          "latitude_deg": 37.85412400526805,
          "longitude_deg": -122.48771365515908
        },
        "decay_s": 10,
        "unit_id": "exclude_DS7",
        "stage": "source_fit",
        "start_id": "DS8",
        "session_ids": [
          "scan-fw-aadcd44b66085469",
          "scan-fw-ac05824a99b22ffd",
          "scan-fw-226485b45dd0d0cf",
          "scan-fw-23ca8538647774b2",
          "scan-fw-9c5f3143152db63d",
          "scan-fw-5579ea7efd8c20da",
          "scan-fw-ae6175dd0600ae77",
          "scan-fw-6234d5440f90806e",
          "scan-fw-98cb28475c2059b9",
          "scan-fw-779025cb04154412",
          "scan-fw-c69d8adb846ccee8",
          "scan-fw-2ab18976d4eb3bf8",
          "scan-fw-237e4e5d4ce58dd7",
          "scan-fw-7b332587ba122e45",
          "scan-fw-bf15d314e729e447",
          "scan-fw-0121767995aabdb0"
        ]
      },
      "previous_qualified_error_m": 589.1653046982683,
      "movement_from_seed_m": 0.0011981746833409214,
      "movement_from_previous_selection_m": 0.0011981746833409214,
      "training_gain_from_seed": 1.155422069132328e-08,
      "error_change_from_previous_selection_m": -0.0011108607399137327
    },
    {
      "decay_s": 10,
      "unit_id": "exclude_DS8",
      "source_datasets": [
        "DS7",
        "DS9"
      ],
      "excluded_dataset": "DS8",
      "planned_starts": 1,
      "qualified_starts": 1,
      "selected": {
        "initial": [
          1.8337663558575017,
          -1.1360859863604995,
          -0.3521712660486618,
          0.015463254540654893,
          0.1966154588778491,
          -0.31787922817912173,
          -0.37802927674304443,
          -1.1251527276280526,
          -0.2800195000362968,
          0.3064445255171897,
          0.17463825545994577,
          0.6457207019752902,
          0.622750811604427,
          -0.16869042746354046,
          -0.9512190746546163,
          -0.4051484879460997,
          -1.057369553873701,
          -0.9357224141435966
        ],
        "x": [
          1.8337662482509562,
          -1.1360860636362722,
          -0.3521712999739338,
          0.015462758538189247,
          0.1966159208327657,
          -0.31787761911442347,
          -0.3780289682431684,
          -1.1251529229197705,
          -0.2800195396474547,
          0.3064445036589344,
          0.1746384730380624,
          0.6457208540821452,
          0.622750464673849,
          -0.16869003814729236,
          -0.9512191285501155,
          -0.40514918661505583,
          -1.0573700072563137,
          -0.9357219611485149
        ],
        "success": true,
        "message": "CONVERGENCE: RELATIVE REDUCTION OF F <= FACTR*EPSMCH",
        "boundary_hit": false,
        "gradient": [
          4.2391000333541484e-05,
          5.797516097709454e-05,
          -5.131513290512757e-06,
          0.00011437890020538077,
          -0.000231997368290493,
          0.00020464891040905542,
          -0.00012033481030115922,
          3.4317581915743745e-05,
          2.540866738343084e-06,
          -4.676846932949452e-06,
          -3.727050213730987e-06,
          -5.079691994724911e-05,
          4.169359804856443e-05,
          -0.00032664960588668635,
          -1.290233260764495e-05,
          -1.3069671413568074e-05,
          -4.605231382370789e-05,
          5.804817464039047e-06
        ],
        "training_log_score": -169168.9000863976,
        "evaluations": 3,
        "iterations": 1,
        "qualified": true,
        "estimate": {
          "latitude_deg": 37.84603293930809,
          "longitude_deg": -122.46348793220378
        },
        "decay_s": 10,
        "unit_id": "exclude_DS8",
        "stage": "source_fit",
        "start_id": "refine",
        "session_ids": [
          "scan-fw-5f7bf896e4552887",
          "scan-fw-a40658642d9ade6a",
          "scan-fw-3b5aa99026fbf2cc",
          "scan-fw-4461e9a2d9d598cb",
          "scan-fw-534e7fb34771526d",
          "scan-fw-c8c8eac794484395",
          "scan-fw-1a8fada20483c159",
          "scan-fw-319730ab74ce43e7",
          "scan-fw-98cb28475c2059b9",
          "scan-fw-779025cb04154412",
          "scan-fw-c69d8adb846ccee8",
          "scan-fw-2ab18976d4eb3bf8",
          "scan-fw-237e4e5d4ce58dd7",
          "scan-fw-7b332587ba122e45",
          "scan-fw-bf15d314e729e447",
          "scan-fw-0121767995aabdb0"
        ]
      },
      "source_runs": [
        {
          "start_id": "refine",
          "exit_code": 0,
          "result": {
            "initial": [
              1.8337663558575017,
              -1.1360859863604995,
              -0.3521712660486618,
              0.015463254540654893,
              0.1966154588778491,
              -0.31787922817912173,
              -0.37802927674304443,
              -1.1251527276280526,
              -0.2800195000362968,
              0.3064445255171897,
              0.17463825545994577,
              0.6457207019752902,
              0.622750811604427,
              -0.16869042746354046,
              -0.9512190746546163,
              -0.4051484879460997,
              -1.057369553873701,
              -0.9357224141435966
            ],
            "x": [
              1.8337662482509562,
              -1.1360860636362722,
              -0.3521712999739338,
              0.015462758538189247,
              0.1966159208327657,
              -0.31787761911442347,
              -0.3780289682431684,
              -1.1251529229197705,
              -0.2800195396474547,
              0.3064445036589344,
              0.1746384730380624,
              0.6457208540821452,
              0.622750464673849,
              -0.16869003814729236,
              -0.9512191285501155,
              -0.40514918661505583,
              -1.0573700072563137,
              -0.9357219611485149
            ],
            "success": true,
            "message": "CONVERGENCE: RELATIVE REDUCTION OF F <= FACTR*EPSMCH",
            "boundary_hit": false,
            "gradient": [
              4.2391000333541484e-05,
              5.797516097709454e-05,
              -5.131513290512757e-06,
              0.00011437890020538077,
              -0.000231997368290493,
              0.00020464891040905542,
              -0.00012033481030115922,
              3.4317581915743745e-05,
              2.540866738343084e-06,
              -4.676846932949452e-06,
              -3.727050213730987e-06,
              -5.079691994724911e-05,
              4.169359804856443e-05,
              -0.00032664960588668635,
              -1.290233260764495e-05,
              -1.3069671413568074e-05,
              -4.605231382370789e-05,
              5.804817464039047e-06
            ],
            "training_log_score": -169168.9000863976,
            "evaluations": 3,
            "iterations": 1,
            "qualified": true,
            "estimate": {
              "latitude_deg": 37.84603293930809,
              "longitude_deg": -122.46348793220378
            },
            "decay_s": 10,
            "unit_id": "exclude_DS8",
            "stage": "source_fit",
            "start_id": "refine",
            "session_ids": [
              "scan-fw-5f7bf896e4552887",
              "scan-fw-a40658642d9ade6a",
              "scan-fw-3b5aa99026fbf2cc",
              "scan-fw-4461e9a2d9d598cb",
              "scan-fw-534e7fb34771526d",
              "scan-fw-c8c8eac794484395",
              "scan-fw-1a8fada20483c159",
              "scan-fw-319730ab74ce43e7",
              "scan-fw-98cb28475c2059b9",
              "scan-fw-779025cb04154412",
              "scan-fw-c69d8adb846ccee8",
              "scan-fw-2ab18976d4eb3bf8",
              "scan-fw-237e4e5d4ce58dd7",
              "scan-fw-7b332587ba122e45",
              "scan-fw-bf15d314e729e447",
              "scan-fw-0121767995aabdb0"
            ]
          }
        }
      ],
      "higher_score_unqualified_starts": [],
      "error_m": 1983.8376962942464,
      "start_separation_m": 0.0,
      "source_held": {
        "state": "returned",
        "datasets": [
          {
            "dataset": "DS7",
            "tracks": 486,
            "held_observations": 8622,
            "held_delta_vs_same_model_panel": 1.7357867367715478,
            "held_delta_vs_original_iid_panel": 7972.54636571885,
            "positive_records_vs_same_model": 4,
            "record_deltas": [
              {
                "session_id": "scan-fw-5f7bf896e4552887",
                "vs_same_model_panel": 0.519060603425789,
                "vs_original_iid_panel": 660.4217230759641
              },
              {
                "session_id": "scan-fw-a40658642d9ade6a",
                "vs_same_model_panel": 1.9424531319616776,
                "vs_original_iid_panel": 587.1984894774905
              },
              {
                "session_id": "scan-fw-3b5aa99026fbf2cc",
                "vs_same_model_panel": 2.039260226709537,
                "vs_original_iid_panel": 1142.2958891611268
              },
              {
                "session_id": "scan-fw-4461e9a2d9d598cb",
                "vs_same_model_panel": 2.2339838263343452,
                "vs_original_iid_panel": 2357.128460233125
              },
              {
                "session_id": "scan-fw-534e7fb34771526d",
                "vs_same_model_panel": -1.4148394242848212,
                "vs_original_iid_panel": 1047.0242279030426
              },
              {
                "session_id": "scan-fw-c8c8eac794484395",
                "vs_same_model_panel": -0.4965317104907925,
                "vs_original_iid_panel": 820.2691981825583
              },
              {
                "session_id": "scan-fw-1a8fada20483c159",
                "vs_same_model_panel": -0.08694104647133827,
                "vs_original_iid_panel": 475.09863041859063
              },
              {
                "session_id": "scan-fw-319730ab74ce43e7",
                "vs_same_model_panel": -3.000658870412849,
                "vs_original_iid_panel": 883.1097472669519
              }
            ],
            "held_change_from_previous_selection": 3.985606452872048e-05
          },
          {
            "dataset": "DS9",
            "tracks": 491,
            "held_observations": 8484,
            "held_delta_vs_same_model_panel": -0.308789554738091,
            "held_delta_vs_original_iid_panel": 10174.72597985993,
            "positive_records_vs_same_model": 4,
            "record_deltas": [
              {
                "session_id": "scan-fw-98cb28475c2059b9",
                "vs_same_model_panel": -1.7411575292631198,
                "vs_original_iid_panel": 1337.544695897718
              },
              {
                "session_id": "scan-fw-779025cb04154412",
                "vs_same_model_panel": 2.162905451010296,
                "vs_original_iid_panel": 939.2550409273089
              },
              {
                "session_id": "scan-fw-c69d8adb846ccee8",
                "vs_same_model_panel": 0.9666846371277629,
                "vs_original_iid_panel": 1085.367231886993
              },
              {
                "session_id": "scan-fw-2ab18976d4eb3bf8",
                "vs_same_model_panel": 8.78814776680722,
                "vs_original_iid_panel": 782.4930192153084
              },
              {
                "session_id": "scan-fw-237e4e5d4ce58dd7",
                "vs_same_model_panel": -5.111518278483906,
                "vs_original_iid_panel": 1835.6876259659537
              },
              {
                "session_id": "scan-fw-7b332587ba122e45",
                "vs_same_model_panel": 2.5597699380984373,
                "vs_original_iid_panel": 972.8907746722575
              },
              {
                "session_id": "scan-fw-bf15d314e729e447",
                "vs_same_model_panel": -3.4901480868548482,
                "vs_original_iid_panel": 2031.8545291880948
              },
              {
                "session_id": "scan-fw-0121767995aabdb0",
                "vs_same_model_panel": -4.443473453179934,
                "vs_original_iid_panel": 1189.6330621062955
              }
            ],
            "held_change_from_previous_selection": -7.382220029938935e-06
          }
        ],
        "gradient_check": [
          {
            "axis": 0,
            "step_km": 0.001,
            "numerical": 4.3335603550076485e-05,
            "analytic": 4.2391000333541484e-05,
            "absolute_difference": 9.446032165350005e-07
          },
          {
            "axis": 1,
            "step_km": 0.001,
            "numerical": 5.592301022261381e-05,
            "analytic": 5.797516097709454e-05,
            "absolute_difference": 2.0521507544807305e-06
          },
          {
            "axis": 0,
            "step_km": 0.0005,
            "numerical": 4.2782630771398544e-05,
            "analytic": 4.2391000333541484e-05,
            "absolute_difference": 3.916304378570601e-07
          },
          {
            "axis": 1,
            "step_km": 0.0005,
            "numerical": 5.736364983022213e-05,
            "analytic": 5.797516097709454e-05,
            "absolute_difference": 6.115111468724121e-07
          }
        ],
        "offset_stationarity": 2.5947236262684263e-13
      },
      "target_qualified_starts": 3,
      "target_selected": {
        "initial": [
          2.0,
          2.0,
          2.0,
          2.0,
          2.0,
          2.0,
          2.0,
          2.0
        ],
        "x": [
          1.8337662482509562,
          -1.1360860636362722,
          -0.36442716533111186,
          -0.4963950776247286,
          -0.2818301013679946,
          -0.8828839355834134,
          -0.5858243415032973,
          -0.8490151673564743,
          0.11959854688411384,
          -0.2091510780712327
        ],
        "success": true,
        "message": "CONVERGENCE: RELATIVE REDUCTION OF F <= FACTR*EPSMCH",
        "boundary_hit": false,
        "gradient": [
          -3.708361551045883e-05,
          0.00011625189512987077,
          8.899215389490678e-06,
          9.704890713280179e-08,
          -4.244306032680223e-05,
          7.564460255959915e-06,
          -1.4171922264161196e-05,
          -2.320566647640021e-05
        ],
        "training_log_score": -91159.17344265743,
        "evaluations": 24,
        "iterations": 18,
        "qualified": true,
        "estimate": {
          "latitude_deg": 37.84603293930809,
          "longitude_deg": -122.46348793220378
        },
        "decay_s": 10,
        "unit_id": "exclude_DS8",
        "stage": "target_fit",
        "start_id": "2",
        "session_ids": [
          "scan-fw-aadcd44b66085469",
          "scan-fw-ac05824a99b22ffd",
          "scan-fw-226485b45dd0d0cf",
          "scan-fw-23ca8538647774b2",
          "scan-fw-9c5f3143152db63d",
          "scan-fw-5579ea7efd8c20da",
          "scan-fw-ae6175dd0600ae77",
          "scan-fw-6234d5440f90806e"
        ]
      },
      "target_held": {
        "state": "returned",
        "datasets": [
          {
            "dataset": "DS8",
            "tracks": 485,
            "held_observations": 8959,
            "held_delta_vs_same_model_panel": -3.270671082101103,
            "held_delta_vs_original_iid_panel": 9036.422342193528,
            "positive_records_vs_same_model": 2,
            "record_deltas": [
              {
                "session_id": "scan-fw-aadcd44b66085469",
                "vs_same_model_panel": -13.541771580004031,
                "vs_original_iid_panel": 1276.79185457443
              },
              {
                "session_id": "scan-fw-ac05824a99b22ffd",
                "vs_same_model_panel": -5.844581645879501,
                "vs_original_iid_panel": 1000.1114860842016
              },
              {
                "session_id": "scan-fw-226485b45dd0d0cf",
                "vs_same_model_panel": -6.618817684404387,
                "vs_original_iid_panel": 820.722146017471
              },
              {
                "session_id": "scan-fw-23ca8538647774b2",
                "vs_same_model_panel": -1.466053303399967,
                "vs_original_iid_panel": 1966.4937291106128
              },
              {
                "session_id": "scan-fw-9c5f3143152db63d",
                "vs_same_model_panel": -6.227232837616199,
                "vs_original_iid_panel": 1369.2264087608082
              },
              {
                "session_id": "scan-fw-5579ea7efd8c20da",
                "vs_same_model_panel": 28.740789760384544,
                "vs_original_iid_panel": 977.9968071537437
              },
              {
                "session_id": "scan-fw-ae6175dd0600ae77",
                "vs_same_model_panel": 4.673928962756744,
                "vs_original_iid_panel": 448.4352293135423
              },
              {
                "session_id": "scan-fw-6234d5440f90806e",
                "vs_same_model_panel": -2.986932753938305,
                "vs_original_iid_panel": 1176.6446811787184
              }
            ],
            "held_change_from_previous_selection": 3.4365495089616616e-05
          }
        ],
        "gradient_check": [],
        "offset_stationarity": 2.415330876240858e-13
      },
      "refinement_seed": {
        "initial": [
          2.4836797023135375,
          -2.193903690064111,
          -0.2981031974144234,
          0.09106933160651637,
          0.20000180499131473,
          -0.13465926463676994,
          -0.34210141791932075,
          -0.9795559974636506,
          -0.23366320490051218,
          0.2782040414316191,
          -0.002177643525759163,
          0.6491748732719087,
          0.582973731290425,
          -0.11060754293144912,
          -1.0064222715235027,
          -0.48251262105756204,
          -1.0752920592893445,
          -0.8672997520836145
        ],
        "x": [
          1.8337663558575017,
          -1.1360859863604995,
          -0.3521712660486618,
          0.015463254540654893,
          0.1966154588778491,
          -0.31787922817912173,
          -0.37802927674304443,
          -1.1251527276280526,
          -0.2800195000362968,
          0.3064445255171897,
          0.17463825545994577,
          0.6457207019752902,
          0.622750811604427,
          -0.16869042746354046,
          -0.9512190746546163,
          -0.4051484879460997,
          -1.057369553873701,
          -0.9357224141435966
        ],
        "success": true,
        "message": "CONVERGENCE: RELATIVE REDUCTION OF F <= FACTR*EPSMCH",
        "boundary_hit": false,
        "gradient": [
          -3.806588164112501e-05,
          -2.7336352113369045e-05,
          -1.2001085861301775e-05,
          -0.00017546117735700584,
          0.00016341683593523726,
          0.0005692076268930535,
          0.0001091320209347657,
          -6.908456532450646e-05,
          -1.4012471474700305e-05,
          -7.732371258672988e-06,
          7.696839260673549e-05,
          5.3807893527935136e-05,
          -0.00012272690540288123,
          0.0001377208622681536,
          -1.9065565981080113e-05,
          -0.00024715457304269606,
          -0.00016038437821208618,
          0.00016024728880825734
        ],
        "training_log_score": -169168.90008639861,
        "evaluations": 19,
        "iterations": 17,
        "qualified": true,
        "estimate": {
          "latitude_deg": 37.84603294000305,
          "longitude_deg": -122.46348793097812
        },
        "decay_s": 10,
        "unit_id": "exclude_DS8",
        "stage": "source_fit",
        "start_id": "DS7",
        "session_ids": [
          "scan-fw-5f7bf896e4552887",
          "scan-fw-a40658642d9ade6a",
          "scan-fw-3b5aa99026fbf2cc",
          "scan-fw-4461e9a2d9d598cb",
          "scan-fw-534e7fb34771526d",
          "scan-fw-c8c8eac794484395",
          "scan-fw-1a8fada20483c159",
          "scan-fw-319730ab74ce43e7",
          "scan-fw-98cb28475c2059b9",
          "scan-fw-779025cb04154412",
          "scan-fw-c69d8adb846ccee8",
          "scan-fw-2ab18976d4eb3bf8",
          "scan-fw-237e4e5d4ce58dd7",
          "scan-fw-7b332587ba122e45",
          "scan-fw-bf15d314e729e447",
          "scan-fw-0121767995aabdb0"
        ]
      },
      "previous_qualified_error_m": 1983.837789252138,
      "movement_from_seed_m": 0.00013249073910525847,
      "movement_from_previous_selection_m": 0.00013249073910525847,
      "training_gain_from_seed": 1.0186340659856796e-09,
      "error_change_from_previous_selection_m": -9.295789163843438e-05
    },
    {
      "decay_s": 10,
      "unit_id": "exclude_DS9",
      "source_datasets": [
        "DS7",
        "DS8"
      ],
      "excluded_dataset": "DS9",
      "planned_starts": 1,
      "qualified_starts": 1,
      "selected": {
        "initial": [
          0.21949893660322217,
          -1.083190917688675,
          -0.4508114709708251,
          -0.17072238074647922,
          0.0006087030028797784,
          -0.4855922011020623,
          -0.5583228240225697,
          -1.3177077837593545,
          -0.43294596594543405,
          0.13086833118166769,
          -0.3920032187412592,
          -0.5263731241027901,
          -0.30894540269705895,
          -0.9708969455492092,
          -0.6819370866182968,
          -0.27131086453317943,
          -0.019251009095978246,
          -0.24391773732521074
        ],
        "x": [
          0.21949862336215692,
          -1.0831901791080103,
          -0.45081174038953975,
          -0.1707214437659964,
          0.0006091203031166268,
          -0.4855908320956779,
          -0.5583232089078621,
          -1.3177068540763004,
          -0.43294760910115787,
          0.13086852271307586,
          -0.39200455919771077,
          -0.5263717997342395,
          -0.30894535911978593,
          -0.9708972961985034,
          -0.6819346453867127,
          -0.2713099679984423,
          -0.019252900254626504,
          -0.24391827053569862
        ],
        "success": true,
        "message": "CONVERGENCE: RELATIVE REDUCTION OF F <= FACTR*EPSMCH",
        "boundary_hit": false,
        "gradient": [
          -3.837580305532384e-05,
          0.00011177679257956541,
          -1.828269979509134e-05,
          -3.320309742949057e-05,
          3.6854652188722525e-05,
          0.0002348078299805323,
          1.514661342305601e-05,
          3.6657946368423566e-06,
          -6.018389122885992e-05,
          1.8794852002179674e-05,
          4.2598693561962664e-05,
          -3.306734243313514e-05,
          -1.0979564217139526e-05,
          3.605602076905967e-06,
          -5.602532352511069e-05,
          5.5195783167150125e-05,
          4.2514559859263557e-05,
          1.0928437590207452e-05
        ],
        "training_log_score": -177832.99225541664,
        "evaluations": 4,
        "iterations": 2,
        "qualified": true,
        "estimate": {
          "latitude_deg": 37.84650864311247,
          "longitude_deg": -122.48187485439436
        },
        "decay_s": 10,
        "unit_id": "exclude_DS9",
        "stage": "source_fit",
        "start_id": "refine",
        "session_ids": [
          "scan-fw-5f7bf896e4552887",
          "scan-fw-a40658642d9ade6a",
          "scan-fw-3b5aa99026fbf2cc",
          "scan-fw-4461e9a2d9d598cb",
          "scan-fw-534e7fb34771526d",
          "scan-fw-c8c8eac794484395",
          "scan-fw-1a8fada20483c159",
          "scan-fw-319730ab74ce43e7",
          "scan-fw-aadcd44b66085469",
          "scan-fw-ac05824a99b22ffd",
          "scan-fw-226485b45dd0d0cf",
          "scan-fw-23ca8538647774b2",
          "scan-fw-9c5f3143152db63d",
          "scan-fw-5579ea7efd8c20da",
          "scan-fw-ae6175dd0600ae77",
          "scan-fw-6234d5440f90806e"
        ]
      },
      "source_runs": [
        {
          "start_id": "refine",
          "exit_code": 0,
          "result": {
            "initial": [
              0.21949893660322217,
              -1.083190917688675,
              -0.4508114709708251,
              -0.17072238074647922,
              0.0006087030028797784,
              -0.4855922011020623,
              -0.5583228240225697,
              -1.3177077837593545,
              -0.43294596594543405,
              0.13086833118166769,
              -0.3920032187412592,
              -0.5263731241027901,
              -0.30894540269705895,
              -0.9708969455492092,
              -0.6819370866182968,
              -0.27131086453317943,
              -0.019251009095978246,
              -0.24391773732521074
            ],
            "x": [
              0.21949862336215692,
              -1.0831901791080103,
              -0.45081174038953975,
              -0.1707214437659964,
              0.0006091203031166268,
              -0.4855908320956779,
              -0.5583232089078621,
              -1.3177068540763004,
              -0.43294760910115787,
              0.13086852271307586,
              -0.39200455919771077,
              -0.5263717997342395,
              -0.30894535911978593,
              -0.9708972961985034,
              -0.6819346453867127,
              -0.2713099679984423,
              -0.019252900254626504,
              -0.24391827053569862
            ],
            "success": true,
            "message": "CONVERGENCE: RELATIVE REDUCTION OF F <= FACTR*EPSMCH",
            "boundary_hit": false,
            "gradient": [
              -3.837580305532384e-05,
              0.00011177679257956541,
              -1.828269979509134e-05,
              -3.320309742949057e-05,
              3.6854652188722525e-05,
              0.0002348078299805323,
              1.514661342305601e-05,
              3.6657946368423566e-06,
              -6.018389122885992e-05,
              1.8794852002179674e-05,
              4.2598693561962664e-05,
              -3.306734243313514e-05,
              -1.0979564217139526e-05,
              3.605602076905967e-06,
              -5.602532352511069e-05,
              5.5195783167150125e-05,
              4.2514559859263557e-05,
              1.0928437590207452e-05
            ],
            "training_log_score": -177832.99225541664,
            "evaluations": 4,
            "iterations": 2,
            "qualified": true,
            "estimate": {
              "latitude_deg": 37.84650864311247,
              "longitude_deg": -122.48187485439436
            },
            "decay_s": 10,
            "unit_id": "exclude_DS9",
            "stage": "source_fit",
            "start_id": "refine",
            "session_ids": [
              "scan-fw-5f7bf896e4552887",
              "scan-fw-a40658642d9ade6a",
              "scan-fw-3b5aa99026fbf2cc",
              "scan-fw-4461e9a2d9d598cb",
              "scan-fw-534e7fb34771526d",
              "scan-fw-c8c8eac794484395",
              "scan-fw-1a8fada20483c159",
              "scan-fw-319730ab74ce43e7",
              "scan-fw-aadcd44b66085469",
              "scan-fw-ac05824a99b22ffd",
              "scan-fw-226485b45dd0d0cf",
              "scan-fw-23ca8538647774b2",
              "scan-fw-9c5f3143152db63d",
              "scan-fw-5579ea7efd8c20da",
              "scan-fw-ae6175dd0600ae77",
              "scan-fw-6234d5440f90806e"
            ]
          }
        }
      ],
      "higher_score_unqualified_starts": [],
      "error_m": 443.07634324715116,
      "start_separation_m": 0.0,
      "source_held": {
        "state": "returned",
        "datasets": [
          {
            "dataset": "DS7",
            "tracks": 486,
            "held_observations": 8622,
            "held_delta_vs_same_model_panel": -2.855668745318983,
            "held_delta_vs_original_iid_panel": 7967.954910236759,
            "positive_records_vs_same_model": 3,
            "record_deltas": [
              {
                "session_id": "scan-fw-5f7bf896e4552887",
                "vs_same_model_panel": 1.2700446274801998,
                "vs_original_iid_panel": 661.1727071000186
              },
              {
                "session_id": "scan-fw-a40658642d9ade6a",
                "vs_same_model_panel": 2.5762416593571764,
                "vs_original_iid_panel": 587.832278004886
              },
              {
                "session_id": "scan-fw-3b5aa99026fbf2cc",
                "vs_same_model_panel": 2.7048302512606526,
                "vs_original_iid_panel": 1142.9614591856778
              },
              {
                "session_id": "scan-fw-4461e9a2d9d598cb",
                "vs_same_model_panel": -1.1252907218526431,
                "vs_original_iid_panel": 2353.7691856849383
              },
              {
                "session_id": "scan-fw-534e7fb34771526d",
                "vs_same_model_panel": -2.4611466991572826,
                "vs_original_iid_panel": 1045.97792062817
              },
              {
                "session_id": "scan-fw-c8c8eac794484395",
                "vs_same_model_panel": -1.5764815893157333,
                "vs_original_iid_panel": 819.1892483037334
              },
              {
                "session_id": "scan-fw-1a8fada20483c159",
                "vs_same_model_panel": -0.0391037677117545,
                "vs_original_iid_panel": 475.1464676973502
              },
              {
                "session_id": "scan-fw-319730ab74ce43e7",
                "vs_same_model_panel": -4.204762505379598,
                "vs_original_iid_panel": 881.9056436319851
              }
            ],
            "held_change_from_previous_selection": 2.717228797521898e-05
          },
          {
            "dataset": "DS8",
            "tracks": 485,
            "held_observations": 8959,
            "held_delta_vs_same_model_panel": -0.7335867061902803,
            "held_delta_vs_original_iid_panel": 9038.95942656944,
            "positive_records_vs_same_model": 4,
            "record_deltas": [
              {
                "session_id": "scan-fw-aadcd44b66085469",
                "vs_same_model_panel": -1.0574424865125778,
                "vs_original_iid_panel": 1289.2761836679217
              },
              {
                "session_id": "scan-fw-ac05824a99b22ffd",
                "vs_same_model_panel": 2.9330236002180996,
                "vs_original_iid_panel": 1008.8890913302992
              },
              {
                "session_id": "scan-fw-226485b45dd0d0cf",
                "vs_same_model_panel": -4.350956157284099,
                "vs_original_iid_panel": 822.9900075445913
              },
              {
                "session_id": "scan-fw-23ca8538647774b2",
                "vs_same_model_panel": 6.507705268995018,
                "vs_original_iid_panel": 1974.467487683008
              },
              {
                "session_id": "scan-fw-9c5f3143152db63d",
                "vs_same_model_panel": -4.635429707689575,
                "vs_original_iid_panel": 1370.818211890735
              },
              {
                "session_id": "scan-fw-5579ea7efd8c20da",
                "vs_same_model_panel": 0.13213430273424365,
                "vs_original_iid_panel": 949.3881516960935
              },
              {
                "session_id": "scan-fw-ae6175dd0600ae77",
                "vs_same_model_panel": 1.8432737123514151,
                "vs_original_iid_panel": 445.60457406313697
              },
              {
                "session_id": "scan-fw-6234d5440f90806e",
                "vs_same_model_panel": -2.1058952390028054,
                "vs_original_iid_panel": 1177.525718693654
              }
            ],
            "held_change_from_previous_selection": -7.829952527060868e-05
          }
        ],
        "gradient_check": [
          {
            "axis": 0,
            "step_km": 0.001,
            "numerical": -3.8024154491722584e-05,
            "analytic": -3.837580305532384e-05,
            "absolute_difference": 3.5164856360125896e-07
          },
          {
            "axis": 1,
            "step_km": 0.001,
            "numerical": 0.00011248630471527576,
            "analytic": 0.00011177679257956541,
            "absolute_difference": 7.095121357103551e-07
          },
          {
            "axis": 0,
            "step_km": 0.0005,
            "numerical": -3.864988684654236e-05,
            "analytic": -3.837580305532384e-05,
            "absolute_difference": 2.7408379121851567e-07
          },
          {
            "axis": 1,
            "step_km": 0.0005,
            "numerical": 0.00011263182386755943,
            "analytic": 0.00011177679257956541,
            "absolute_difference": 8.550312879940236e-07
          }
        ],
        "offset_stationarity": 1.7919968866663658e-13
      },
      "target_qualified_starts": 3,
      "target_selected": {
        "initial": [
          -2.0,
          -2.0,
          -2.0,
          -2.0,
          -2.0,
          -2.0,
          -2.0,
          -2.0
        ],
        "x": [
          0.21949862336215692,
          -1.0831901791080103,
          -0.0009092856290015124,
          0.4541012291884674,
          0.4159496424381621,
          -0.28592860234469136,
          -1.1246946071820298,
          -0.5953672462390106,
          -1.2270583598644342,
          -1.0872415283994517
        ],
        "success": true,
        "message": "CONVERGENCE: RELATIVE REDUCTION OF F <= FACTR*EPSMCH",
        "boundary_hit": false,
        "gradient": [
          3.5045168609471045e-05,
          -1.0062034120128516e-05,
          -2.093708193640076e-05,
          9.25019603847943e-06,
          -1.4406947018930083e-05,
          -1.7797240130512648e-06,
          5.79666419397995e-06,
          2.4828240196228535e-05
        ],
        "training_log_score": -82427.28898429955,
        "evaluations": 19,
        "iterations": 16,
        "qualified": true,
        "estimate": {
          "latitude_deg": 37.84650864311247,
          "longitude_deg": -122.48187485439436
        },
        "decay_s": 10,
        "unit_id": "exclude_DS9",
        "stage": "target_fit",
        "start_id": "-2",
        "session_ids": [
          "scan-fw-98cb28475c2059b9",
          "scan-fw-779025cb04154412",
          "scan-fw-c69d8adb846ccee8",
          "scan-fw-2ab18976d4eb3bf8",
          "scan-fw-237e4e5d4ce58dd7",
          "scan-fw-7b332587ba122e45",
          "scan-fw-bf15d314e729e447",
          "scan-fw-0121767995aabdb0"
        ]
      },
      "target_held": {
        "state": "returned",
        "datasets": [
          {
            "dataset": "DS9",
            "tracks": 491,
            "held_observations": 8484,
            "held_delta_vs_same_model_panel": 12.305617181560041,
            "held_delta_vs_original_iid_panel": 10187.340386596228,
            "positive_records_vs_same_model": 4,
            "record_deltas": [
              {
                "session_id": "scan-fw-98cb28475c2059b9",
                "vs_same_model_panel": -2.5193651323816724,
                "vs_original_iid_panel": 1336.7664882945992
              },
              {
                "session_id": "scan-fw-779025cb04154412",
                "vs_same_model_panel": 3.245676140792188,
                "vs_original_iid_panel": 940.3378116170908
              },
              {
                "session_id": "scan-fw-c69d8adb846ccee8",
                "vs_same_model_panel": 4.463806715223477,
                "vs_original_iid_panel": 1088.8643539650889
              },
              {
                "session_id": "scan-fw-2ab18976d4eb3bf8",
                "vs_same_model_panel": 7.506129272451055,
                "vs_original_iid_panel": 781.2110007209523
              },
              {
                "session_id": "scan-fw-237e4e5d4ce58dd7",
                "vs_same_model_panel": -2.9063518523982736,
                "vs_original_iid_panel": 1837.8927923920392
              },
              {
                "session_id": "scan-fw-7b332587ba122e45",
                "vs_same_model_panel": 4.230498849182737,
                "vs_original_iid_panel": 974.5615035833417
              },
              {
                "session_id": "scan-fw-bf15d314e729e447",
                "vs_same_model_panel": -0.14726127770831,
                "vs_original_iid_panel": 2035.1974159972413
              },
              {
                "session_id": "scan-fw-0121767995aabdb0",
                "vs_same_model_panel": -1.56751553360116,
                "vs_original_iid_panel": 1192.5090200258744
              }
            ],
            "held_change_from_previous_selection": 3.22398999301754e-05
          }
        ],
        "gradient_check": [],
        "offset_stationarity": 2.1152739545385546e-13
      },
      "refinement_seed": {
        "initial": [
          -0.7129035310266764,
          -0.23349307650755752,
          -0.2981031974144234,
          0.09106933160651637,
          0.20000180499131473,
          -0.13465926463676994,
          -0.34210141791932075,
          -0.9795559974636506,
          -0.23366320490051218,
          0.2782040414316191,
          -0.3686408407714736,
          -0.5910930060664029,
          -0.411004647050523,
          -0.9955498085251336,
          -0.7468991679394428,
          -0.33040833115630297,
          -0.1003917087118704,
          -0.278914552757306
        ],
        "x": [
          0.21949893660322217,
          -1.083190917688675,
          -0.4508114709708251,
          -0.17072238074647922,
          0.0006087030028797784,
          -0.4855922011020623,
          -0.5583228240225697,
          -1.3177077837593545,
          -0.43294596594543405,
          0.13086833118166769,
          -0.3920032187412592,
          -0.5263731241027901,
          -0.30894540269705895,
          -0.9708969455492092,
          -0.6819370866182968,
          -0.27131086453317943,
          -0.019251009095978246,
          -0.24391773732521074
        ],
        "success": true,
        "message": "CONVERGENCE: RELATIVE REDUCTION OF F <= FACTR*EPSMCH",
        "boundary_hit": false,
        "gradient": [
          -0.00015818429504288467,
          0.0002894404232004488,
          -0.0001069880103341525,
          0.0005631666514922529,
          0.000354510309600542,
          0.0004962953443543583,
          -0.0002543690442475821,
          0.0004461892138782897,
          -0.0007751618397584537,
          7.711932900744678e-05,
          -0.0009080030206851525,
          0.0007587759611036304,
          2.6980569332257787e-05,
          -0.00016407944129959162,
          0.0016503605422109047,
          0.00038696846150854114,
          -0.0011321730499003202,
          -0.0003479278601354885
        ],
        "training_log_score": -177832.99225542345,
        "evaluations": 17,
        "iterations": 15,
        "qualified": true,
        "estimate": {
          "latitude_deg": 37.84650863647026,
          "longitude_deg": -122.48187485082646
        },
        "decay_s": 10,
        "unit_id": "exclude_DS9",
        "stage": "source_fit",
        "start_id": "DS8",
        "session_ids": [
          "scan-fw-5f7bf896e4552887",
          "scan-fw-a40658642d9ade6a",
          "scan-fw-3b5aa99026fbf2cc",
          "scan-fw-4461e9a2d9d598cb",
          "scan-fw-534e7fb34771526d",
          "scan-fw-c8c8eac794484395",
          "scan-fw-1a8fada20483c159",
          "scan-fw-319730ab74ce43e7",
          "scan-fw-aadcd44b66085469",
          "scan-fw-ac05824a99b22ffd",
          "scan-fw-226485b45dd0d0cf",
          "scan-fw-23ca8538647774b2",
          "scan-fw-9c5f3143152db63d",
          "scan-fw-5579ea7efd8c20da",
          "scan-fw-ae6175dd0600ae77",
          "scan-fw-6234d5440f90806e"
        ]
      },
      "previous_qualified_error_m": 443.0770563593859,
      "movement_from_seed_m": 0.0008022767660847696,
      "movement_from_previous_selection_m": 0.0008022767660847696,
      "training_gain_from_seed": 6.810296326875687e-09,
      "error_change_from_previous_selection_m": -0.0007131122347345809
    }
  ],
  "reference": [
    37.849056280893684,
    -122.48575489722863
  ],
  "execution_bindings_verified": 314,
  "reference_bindings": {
    "reports/2026_09_27_ds7_post_ds6/manifest.json": "47007b1c18e8182f6a005dfd05c237cb3edb9bf85ae6376c99ccf29d54434109",
    "reports/2026_09_27_ds7_post_ds6/pose/scan-fw-5f7bf896e4552887.json": "220f12484d396321b33752b96b3289a3ece274651493eced98aef0a65df2a8ea",
    "reports/2026_09_27_ds7_post_ds6/pose/scan-fw-a40658642d9ade6a.json": "c2300734c145dea8f6076c9b165307846ff5bb6becaad722afa8c39726732ab1",
    "reports/2026_09_27_ds7_post_ds6/pose/scan-fw-3b5aa99026fbf2cc.json": "a496aec81d602d9428c9910b6f69d56de3a6a26bf5d3d215aabbb7d0095c40cf",
    "reports/2026_09_27_ds7_post_ds6/pose/scan-fw-4461e9a2d9d598cb.json": "0db3f59998e42171e0dd37ef858f2e2b5713ff706d1269109a1fddbee664da0a",
    "reports/2026_09_27_ds7_post_ds6/pose/scan-fw-534e7fb34771526d.json": "eee97dbe95129086e7dc0dc5ecf57468bff43cbe67bdd27a1ccccafbe5c70d87",
    "reports/2026_09_27_ds7_post_ds6/pose/scan-fw-c8c8eac794484395.json": "1b8e59619140fd2f2bacb1cd6bb32d8801ff998e524bd27737a36c97ecab9c5a",
    "reports/2026_09_27_ds7_post_ds6/pose/scan-fw-1a8fada20483c159.json": "6ed1a28c5da67a232000ab45aaa427dd1ce9b2b875a958a178df3a0982ec0077",
    "reports/2026_09_27_ds7_post_ds6/pose/scan-fw-319730ab74ce43e7.json": "4a8efa10227d88f7582d8e4d8d40fc5b166ac55eb2a1a7b1f676f681b6532376",
    "reports/2026_09_28_ds8_post_ds7/manifest.json": "33689ed731c176bff865d703ea0aaa2e5f2ef60168f3f150276ffc125fbbbc9b",
    "reports/2026_09_28_ds8_post_ds7/pose/scan-fw-aadcd44b66085469.json": "702465a74370d580ff54455ac9065cbe7052acede2e13074a23dcdb6521bf810",
    "reports/2026_09_28_ds8_post_ds7/pose/scan-fw-ac05824a99b22ffd.json": "b3bc7efeee00f7f62bda213dcb03426ae734de9ef7339014ee62cdbfcea2242b",
    "reports/2026_09_28_ds8_post_ds7/pose/scan-fw-226485b45dd0d0cf.json": "5edfce81291567d6ac26bf465d58288bfcd55d0373393ddf8a9a2c9de17416df",
    "reports/2026_09_28_ds8_post_ds7/pose/scan-fw-23ca8538647774b2.json": "76ae39400aec61272def928f1d19aea67219fe99015c811fe9b1390dba3d4c66",
    "reports/2026_09_28_ds8_post_ds7/pose/scan-fw-9c5f3143152db63d.json": "4bea7099e2bff1e1811648677850d0965cf3faedda1b1bb5aed582f21ca3356c",
    "reports/2026_09_28_ds8_post_ds7/pose/scan-fw-5579ea7efd8c20da.json": "72d609209ea7a2f18bceff08d5f465ec6c8da9fe2f5b38d113229249d333aa38",
    "reports/2026_09_28_ds8_post_ds7/pose/scan-fw-ae6175dd0600ae77.json": "12ca29114cdd91e55edc12e5fafa1d837c35c8c6322a770d655b6d883f99804b",
    "reports/2026_09_28_ds8_post_ds7/pose/scan-fw-6234d5440f90806e.json": "e88bdc35654595342d5ccd1383c36031901a8f8ad3d96eb3c795cfa6145f04be",
    "reports/2026_09_28_ds9_post_ds8/manifest.json": "ac208acf413462178e88073857ced0de4cae49ebde35a7338781459865c97f0d",
    "reports/2026_09_28_ds9_post_ds8/pose/scan-fw-98cb28475c2059b9.json": "ccb894439d99f71aea9bbbb0986540bf5c733cd5635a67d7d17fe800bc2295d0",
    "reports/2026_09_28_ds9_post_ds8/pose/scan-fw-779025cb04154412.json": "95f5f4fb23dac2f3915ca85d4710272d2f14585698ffbcb41df482b5cca069c8",
    "reports/2026_09_28_ds9_post_ds8/pose/scan-fw-c69d8adb846ccee8.json": "fdbfc9f9745c5c8fd2081fd5f402a2548628960a865498a1ace4488dba1ba6a3",
    "reports/2026_09_28_ds9_post_ds8/pose/scan-fw-2ab18976d4eb3bf8.json": "ae727ea1666034d2e513cd38e57a89fd8f4d61ab921a8b4caf7327578c8bc2d2",
    "reports/2026_09_28_ds9_post_ds8/pose/scan-fw-237e4e5d4ce58dd7.json": "15b0e3ed2614937189b3f2040fead0758a5cca76e4f82f056216bcae57138ac0",
    "reports/2026_09_28_ds9_post_ds8/pose/scan-fw-7b332587ba122e45.json": "f62ab34c79e2fd058b470736a062267a29698dc7d1bb3e99d3c13fee80102cf6",
    "reports/2026_09_28_ds9_post_ds8/pose/scan-fw-bf15d314e729e447.json": "b82e36339cd3bf44d255f7f119b72109854ab818546717c2261db4a29cad3aad",
    "reports/2026_09_28_ds9_post_ds8/pose/scan-fw-0121767995aabdb0.json": "e335b74802223eef2cdfb063300a201ddc147c998b61a20950410c70418bc83c"
  },
  "iid_cross_dataset_errors": {
    "all24": 862.3185333830778,
    "exclude_DS7": 988.6758367754601,
    "exclude_DS8": 1968.4286370641657,
    "exclude_DS9": 795.5988529833908
  }
}
