session_id,rate_msps,tracklet_id,channel,edge,start_s,span_s,observations,norad,runner_norad,fit_rms_hz,evaluation_rms_hz,runner_evaluation_rms_hz,runner_ratio,tau_s,production_norad,production_accepted,png
scan-fw-ca412a042c7f030b,15.0,sha256:686729d151d347c18ac371caaf710cec58ddac463a333595add7f0fd037669a3,2,upper,57.1565551,28.344599232,28,66345,67627,166.6475963050438,122.4889708006702,134.44491616063362,1.097608342055708,-2.0,66345,False,http://gauss:8090/api/v1/scanner/tracking/scan-fw-ca412a042c7f030b/tle-review-01.png?sha256=sha256:f357745cb716001dc42bbc8dd3c8d16e651ffb72394289bb5ccb02511fbe2abf
scan-fw-ca412a042c7f030b,15.0,sha256:6b1c70ca28a9e27f438678f77fc21443340cab0ef60caa7bef9385d7b697287f,4,lower,74.55527654,21.75057790800001,22,67627,66345,30.625668503689536,78.40834366062973,98.69728500208717,1.2587599787756376,-5.0,,,http://gauss:8090/api/v1/scanner/tracking/scan-fw-ca412a042c7f030b/tle-review-02.png?sha256=sha256:ac42f8f280b9ebbacc9af594f74c688e9d16fc6d1a9cc979f0da173b567e423f
scan-fw-ca412a042c7f030b,15.0,sha256:004e9b6122f216443c3c012d847e7f9664e8c1c0d74fe6c224ed8fafd221b7a9,4,lower,130.676582906,29.044136683999994,20,68240,59799,34.52697052923428,50.24769031914993,531.8171486768913,10.583912321124343,-1.0,,,http://gauss:8090/api/v1/scanner/tracking/scan-fw-ca412a042c7f030b/tle-review-03.png?sha256=sha256:bed314269d039838eb80a3c88e130292bfbade39a12210fe8f05bb7dce6596fa
scan-fw-ca412a042c7f030b,15.0,sha256:b7ca1cf92f7305efa3a6e16bbff252b4e4e8582079ecdb29c1fd49f0751559a7,4,upper,149.478032626,23.996196924000003,24,58985,53072,40.92219672517272,42.57527219092974,84.20175209358219,1.977714944862304,0.0,,,http://gauss:8090/api/v1/scanner/tracking/scan-fw-ca412a042c7f030b/tle-review-04.png?sha256=sha256:86391a70d8fcd8368f8a8dbf577023333d9e3d6438c9e5ec8da87a5d49f81366
scan-fw-ca412a042c7f030b,15.0,sha256:e59e09d942b9a5a81726d0f9783fff470b4cdd86949918d19c1c732cae65e888,4,lower,149.618033682,25.53965780499999,32,58985,53072,33.826851915989046,105.24231868503755,156.54826477586036,1.4875030000466634,0.0,,,http://gauss:8090/api/v1/scanner/tracking/scan-fw-ca412a042c7f030b/tle-review-05.png?sha256=sha256:4dfb6075e1ff8453969419e2c8ab7f5f76df1df994467ec750bacd489561e880
scan-fw-ca412a042c7f030b,15.0,sha256:610b8fd0c7e8cf35e44197c3e1c3b0015d353cd0ec797ac7f1b8f5eca9834e27,2,upper,153.688577435,21.32921901199998,20,59637,56512,75.87111481330021,91.36628537141964,205.51721652147515,2.2493769521876956,0.0,54159,False,http://gauss:8090/api/v1/scanner/tracking/scan-fw-ca412a042c7f030b/tle-review-06.png?sha256=sha256:91a376a041e00bcaee884466231412eaf5735045555b53f25e07aa2e2eefd244
scan-fw-ca412a042c7f030b,15.0,sha256:cda3b31acc90206d1fcf8ff744e78b208fc12f96e410839b85b668588799007e,1,lower,160.282118234,28.909264081000003,27,58985,53072,88.94591130766317,79.88262613947782,155.15203032924532,1.9422499963677273,1.0,53072,False,http://gauss:8090/api/v1/scanner/tracking/scan-fw-ca412a042c7f030b/tle-review-07.png?sha256=sha256:ccd9edace7c901227ff69f4a175fcf2e88048e87a129d9ee4c40615e46141ece
scan-fw-ca412a042c7f030b,15.0,sha256:07b361641a4a5b6bc9fd678fadc071297e95704b411c5e92b7d4a678d03c0409,1,upper,161.124537166,28.486841980999998,23,58985,53072,108.79984628807085,78.86562370685157,120.29815431870871,1.525356025406766,1.0,,,http://gauss:8090/api/v1/scanner/tracking/scan-fw-ca412a042c7f030b/tle-review-08.png?sha256=sha256:6b45df41de882677c7d9b051d467088a450b9717c916d0bece8c9b6412ab7124
scan-fw-ca412a042c7f030b,15.0,sha256:51b35b6556002657caad8ea7c057cf07151330b9cfb5a1dc29ca0e9863641ef6,2,upper,179.367383739,21.046632331000012,19,59637,56512,68.15449527019013,73.68058466869837,181.55356087002653,2.4640624349871056,0.0,,,http://gauss:8090/api/v1/scanner/tracking/scan-fw-ca412a042c7f030b/tle-review-09.png?sha256=sha256:7435219cd3e2ccce54bd2d34c01df2443c9d6a04a2627df775636061b2a5818b
scan-fw-ca412a042c7f030b,15.0,sha256:15815410afa94415ab6f787156ecbbbadf7b53203dafa116638d349e689a1483,2,upper,197.328727389,16.413398258,16,58187,65036,74.08288428979033,131.99196595189773,960.6923332533279,7.278415215085411,0.0,,,http://gauss:8090/api/v1/scanner/tracking/scan-fw-ca412a042c7f030b/tle-review-10.png?sha256=sha256:e0437653d62b4f78b5e2a3a497f419d1c8f309227a714cd1a93822b23cabd340
scan-fw-41baafbb4271e426,10.0,sha256:4207254e99b64bdb912b89328cbbfc1972976601ab7a45462af8b2ba98baaad4,2,lower,10.160087299,25.396163145,28,66328,53081,64.03902426737218,67.18931476566945,1591.787161764701,23.691075989035518,-2.0,,,http://gauss:8090/api/v1/scanner/tracking/scan-fw-41baafbb4271e426/tle-review-01.png?sha256=sha256:d47193fa4b5052265c6ea8a9aef6e88f291042d2794c52e511efec94ad5ce4c6
scan-fw-41baafbb4271e426,10.0,sha256:65c479c588f2f9553b9040088f3a6934f0bb7bbab91869f822a4292933a8a70a,2,upper,11.14276131,24.553489232000004,37,66328,53081,76.77591694908179,84.93390601207491,944.5999453309738,11.121588417194443,-2.0,,,http://gauss:8090/api/v1/scanner/tracking/scan-fw-41baafbb4271e426/tle-review-02.png?sha256=sha256:cbba2937725021cd6842685bbb6038adf29d55514b5b872ceb80855f9268ae75
scan-fw-41baafbb4271e426,10.0,sha256:56685852024b7b4e66ab3d8b9d924d82790c2aab55f2eda87d2edb45efccf933,2,lower,31.626686825,24.554377699,36,59240,66115,111.85898199610257,88.26403094960816,252.33409333028547,2.858855307371453,1.0,,,http://gauss:8090/api/v1/scanner/tracking/scan-fw-41baafbb4271e426/tle-review-03.png?sha256=sha256:7c92ee9595a46022c2ca3a04663caf259628ee6a92a50cabdfbe13965a1f5cf5
scan-fw-41baafbb4271e426,10.0,sha256:34208e7c643f128477a0a4d716ee2f25b788dd24b57377cae0d55ccaa57d8267,2,upper,42.429523224,27.358754807999993,23,59240,54770,52.16979753500783,38.94416046204402,1237.4538114379059,31.775079928708703,1.0,59240,False,http://gauss:8090/api/v1/scanner/tracking/scan-fw-41baafbb4271e426/tle-review-04.png?sha256=sha256:edfbeef9933f65764c6fe0bda703574b61d4f51c8b6a3650de1b7fb0088d206f
scan-fw-41baafbb4271e426,10.0,sha256:a55684d9beee524e9f920eca947434b5820927d9935a46d8943e2196323cec25,4,upper,85.082519931,29.88321083800001,30,68050,57414,66.90426958372393,47.0648421059712,881.853682663527,18.736994393350884,-2.0,68050,False,http://gauss:8090/api/v1/scanner/tracking/scan-fw-41baafbb4271e426/tle-review-05.png?sha256=sha256:a4993549cb721063a41320fa272111656f637ed8503950a4c2109d0c6ac87239
scan-fw-41baafbb4271e426,10.0,sha256:edf1750b7df7701468e0c5698a72e66a9a1bab4cdb9f0e617f167dd3d4b506bc,4,lower,92.517613125,24.973471161000006,22,68050,57414,52.492257529313726,29.477194517270036,1220.9309649973777,41.41951040429106,-2.0,,,http://gauss:8090/api/v1/scanner/tracking/scan-fw-41baafbb4271e426/tle-review-06.png?sha256=sha256:55421ca1e5c0b1d24c93fddf87fe2c4f025b998acb0ba29558635d5bf44fcdd4
scan-fw-41baafbb4271e426,10.0,sha256:f353897a43e2d31205947528bc624211f0ad5338effc645f9ef82c3eab29fa0f,3,upper,96.307014763,29.179740984999995,35,67976,57414,54.38921821247112,75.44448746184123,2093.1719737212834,27.74453169663298,-4.0,67976,False,http://gauss:8090/api/v1/scanner/tracking/scan-fw-41baafbb4271e426/tle-review-07.png?sha256=sha256:52b10ab08b437100564bc712bb58970ecef96d8ab7ab2eda0e17da29581f1682
scan-fw-41baafbb4271e426,10.0,sha256:9a761696e25189933db900fa5ab70633ea46e04ec75e3cb160d95c74f531fd3c,4,lower,159.303061745,38.44539846399999,39,62284,62998,75.85408464308212,53.40348971033509,2265.2222225456553,42.417119833037255,-3.0,62284,False,http://gauss:8090/api/v1/scanner/tracking/scan-fw-41baafbb4271e426/tle-review-08.png?sha256=sha256:5f076acc502a0217a3a493333d4cf31506c6e885b409471838c30df5c373c0cf
scan-fw-41baafbb4271e426,10.0,sha256:276c864984ef68361e5a4e454dd2e2206ef650e18de30de83aa5a36f72f1234a,4,upper,162.531058345,34.93606962200002,26,62284,62998,127.49626906618658,59.75267923514933,1900.0877054848388,31.7992051537518,-3.0,,,http://gauss:8090/api/v1/scanner/tracking/scan-fw-41baafbb4271e426/tle-review-09.png?sha256=sha256:0228cd4a34e19a00e1daee5a1f578602f3e499b6f13bc05cbac74293f7149cfc
scan-fw-6bff1fff37cc8ff2,15.0,sha256:f1943533397b72fe68c0b55a8053a7ffcb2f92c1270976f6c046992d33bae702,2,upper,58.118431803,33.253227996,38,67086,56288,67.38998275231988,51.77139221847466,361.3373795134452,6.97947967071478,-1.0,67086,False,http://gauss:8090/api/v1/scanner/tracking/scan-fw-6bff1fff37cc8ff2/tle-review-01.png?sha256=sha256:5e91580b1242a5bed0b5aada2b059b4caec86b3ad62234222bd15ccd2473b9e8
scan-fw-6bff1fff37cc8ff2,15.0,sha256:518bda1e8da5decd5aac7d187af7093cd9022948ddd93499370edea9ac1efe21,2,lower,58.678687357,32.27206932,24,67086,56288,46.28178317963516,52.08468509103273,374.7565538231186,7.1951390925782786,0.0,,,http://gauss:8090/api/v1/scanner/tracking/scan-fw-6bff1fff37cc8ff2/tle-review-02.png?sha256=sha256:e5c4c0d72732643898e3975b394ddbd1d9d524de2338812c2acfb934506d0d64
scan-fw-6bff1fff37cc8ff2,15.0,sha256:edde68a4c0b52a74b9f86a245010daead66c0fd5f1e0b28c6b4b359a5e68d402,3,lower,59.380025214,22.452074397999993,30,67086,56288,31.200074443143958,48.49706910883719,156.24223076548594,3.2216839828989854,-1.0,,,http://gauss:8090/api/v1/scanner/tracking/scan-fw-6bff1fff37cc8ff2/tle-review-03.png?sha256=sha256:fa2ff21a6bc7ab49191f29bc4f58741259d67118c45fe74684abc86b132033c7
scan-fw-6bff1fff37cc8ff2,15.0,sha256:5c0f13ffc8e5e897dd2ba237a8c2751d9ef0c36696bb329c0c1158bb38722cfd,3,lower,63.168403547,13.892095870000006,16,63373,58749,59.2069925906411,197.86499595048443,429.56634833227844,2.1710072884229463,-3.0,,,http://gauss:8090/api/v1/scanner/tracking/scan-fw-6bff1fff37cc8ff2/tle-review-04.png?sha256=sha256:76f65178148869712bcda83c52d6d49062d367c9d727d88330e4db4d2028db75
scan-fw-6bff1fff37cc8ff2,15.0,sha256:d21e33975dfc79d56a3783baf5ecdbb78825b9fad78c0ba9cf0c987c1b1f187f,3,lower,73.554714652,31.846746749000005,30,67092,67086,59.1678299198908,71.4710301434076,462.5201082139464,6.471434751757369,-1.0,,,http://gauss:8090/api/v1/scanner/tracking/scan-fw-6bff1fff37cc8ff2/tle-review-05.png?sha256=sha256:7fc232891df0f58b0a7cd700a5ee68689c88bbab2074999a31a677465eb4bbb4
scan-fw-6bff1fff37cc8ff2,15.0,sha256:dda61a63f41eaeeadd15727a23a8b87dd0e4a5495fe3c271279560d96afbb8bc,2,lower,89.548105478,13.187996718000008,14,67092,56288,18.100409641308833,24.80136718894639,90.36667520841374,3.6436166812887985,-2.0,,,http://gauss:8090/api/v1/scanner/tracking/scan-fw-6bff1fff37cc8ff2/tle-review-06.png?sha256=sha256:945085422aa26cc28581f822dbbe9d9221fd1da9bee4fc11ee5a28544a805037
scan-fw-6bff1fff37cc8ff2,15.0,sha256:724fa6887e1f5a8f6d4d756dc3db08a7f456bcb5f577f84b2ae1c27a8676e4f1,2,upper,103.437849696,13.330709717000005,20,69199,58970,45.91394838999614,30.923096264657136,41.27368485650919,1.3347203172433295,5.0,63664,False,http://gauss:8090/api/v1/scanner/tracking/scan-fw-6bff1fff37cc8ff2/tle-review-07.png?sha256=sha256:8cd84082f33b1bea1b24dd28f30fcf029a4af2ab4e8dbfe5ce865d33646abbd1
scan-fw-6bff1fff37cc8ff2,15.0,sha256:40d9753465d08b6198c12aa0af93396c8080f3cd101708307e6f33b61e4758d2,2,lower,105.681861338,12.069365433000002,16,58970,69199,28.536815418927503,38.3737899572129,47.47921136217398,1.2372823068848215,1.0,,,http://gauss:8090/api/v1/scanner/tracking/scan-fw-6bff1fff37cc8ff2/tle-review-08.png?sha256=sha256:f3270700a52d7fd01f2d77fc15d61b1a50e87bbb1e1be239bd322a215e9a5066
scan-fw-6bff1fff37cc8ff2,15.0,sha256:c72239934b136d80c4cc4e2d10a4c668fcf367c8c5615450294654c18a696d94,4,upper,219.064575019,31.43204876500002,25,68063,56504,72.34324887009821,73.6826744992663,3468.3132294654038,47.07094650181217,-2.0,,,http://gauss:8090/api/v1/scanner/tracking/scan-fw-6bff1fff37cc8ff2/tle-review-09.png?sha256=sha256:97488d1997d3eca00d041cead37d27c735a078c44dd95ecbd32890df823320f9
scan-fw-6bff1fff37cc8ff2,15.0,sha256:0a740ffe0c3f0fb986cd795de7384172c2620f159fb02fa1edbccaacca4df10e,4,lower,220.467255355,34.51880216800001,30,68063,56504,33.30519854338576,39.386212607954526,5342.5973086291515,135.64638371830017,-2.0,68063,False,http://gauss:8090/api/v1/scanner/tracking/scan-fw-6bff1fff37cc8ff2/tle-review-10.png?sha256=sha256:45bdff68c0c6478c8549798d722c5dfd3f4e173bf7a5521c24d595884f199e6f
scan-fw-6bff1fff37cc8ff2,15.0,sha256:f9bd51c5468c066b337d6e85bc6e9019fa86b1f7774caf04afb05741bb427ee4,2,lower,246.145826687,21.46820321199999,18,62289,63107,64.48213551351267,81.17981041054577,148.4594894843355,1.8287735427508425,0.0,,,http://gauss:8090/api/v1/scanner/tracking/scan-fw-6bff1fff37cc8ff2/tle-review-11.png?sha256=sha256:e9be909082d05e46e4c45a2a600d6f701e2374b6019fbefb69b6985358e35831
scan-fw-6bff1fff37cc8ff2,15.0,sha256:547261d4bfc8412f47daaf34a7c8215567ac9b3974d6363dc68a0f5454894467,3,lower,254.845997343,26.240894002000033,26,61589,46384,46.74571198384778,72.97001982855322,2617.324841435609,35.868495686107075,-1.0,61589,False,http://gauss:8090/api/v1/scanner/tracking/scan-fw-6bff1fff37cc8ff2/tle-review-12.png?sha256=sha256:dc167bf6839eaf9e13438c1801415f5453b5559c664699e723e452123f3f7ef5
scan-fw-b2f704c15e95d366,10.0,sha256:3217a259b18fd1745edcf3730e8e4390eb0ba69a6bbb0d75f01422420ac5b5cd,3,upper,120.428936141,27.92578310400002,26,62749,69500,136.81055177676717,131.761908147365,931.1125637732329,7.066629323035144,-5.0,69500,False,http://gauss:8090/api/v1/scanner/tracking/scan-fw-b2f704c15e95d366/tle-review-01.png?sha256=sha256:6c3ab23db5ade55a53c99b4f09e1e486d598651e82f509150a9b359bfb81e9bc
scan-fw-b2f704c15e95d366,10.0,sha256:be2ddccc9446a1aec57d023b32b5c15e793b1b36e11f1a640896b1ebb01cf310,3,lower,120.849431567,23.577371821,31,62749,69500,97.1749120984411,106.30955702598277,893.0383961847741,8.400358548822751,-5.0,,,http://gauss:8090/api/v1/scanner/tracking/scan-fw-b2f704c15e95d366/tle-review-02.png?sha256=sha256:24f8bdeefa433aef451c3302f07ca8e442dada291387e268722e3b59197d1b17
scan-fw-b2f704c15e95d366,10.0,sha256:12ed9041c01bdfc06eb9990dbecbdf18211ca3547d584e79ad01c42f004bd203,1,lower,192.274733333,14.17349050499999,19,68145,61592,27.578183636656842,132.476963871329,335.9449070576084,2.5358741417406114,0.0,,,http://gauss:8090/api/v1/scanner/tracking/scan-fw-b2f704c15e95d366/tle-review-03.png?sha256=sha256:3e42cd92c022559d31da03cfe976f83938e3c00b9143a96de1752d3a38ca7d0e
scan-fw-b2f704c15e95d366,10.0,sha256:4f1b57e450ded2ecb91f0a3c7a073daaae6afdd974969ba2aab7deed190f56ae,4,lower,205.184199922,36.902826224999984,30,68145,63378,91.39573100524068,138.59010326588128,240.49890426651726,1.7353252403970487,1.0,,,http://gauss:8090/api/v1/scanner/tracking/scan-fw-b2f704c15e95d366/tle-review-04.png?sha256=sha256:a2d33e1cd33e78d678776da34158baf3f34cb751693132aaf21f16d1f6d89efa
scan-fw-b2f704c15e95d366,10.0,sha256:1597db9ae2ec854d743b178678ce222bcca0f8f113793e1ec9e7750f560dd469,1,upper,205.325477291,37.60285765500001,40,68145,63378,147.09202990677318,202.3211867192017,241.38085432241138,1.19305772290383,2.0,63378,False,http://gauss:8090/api/v1/scanner/tracking/scan-fw-b2f704c15e95d366/tle-review-05.png?sha256=sha256:e3e28f6a7858f63e31d59ef003ac06d34c1696595b0d1bbe9bf959010f54a575
scan-fw-b2f704c15e95d366,10.0,sha256:bb5d12ac5390b51def5f55f1d6a592ad24532130d2f63ea2cb43029ff5da1484,1,lower,206.448223858,36.198778731999994,49,68145,63378,111.389444729417,117.59901366133822,215.34135043156667,1.83114929051792,1.0,,,http://gauss:8090/api/v1/scanner/tracking/scan-fw-b2f704c15e95d366/tle-review-06.png?sha256=sha256:01baab66f0971733166eb1258499c40468dc6e3df11af1883fd0c95d915858c7
scan-fw-e902dc59d3ff9b05,15.0,sha256:ab09d244cf155df70e49a2a3fe6d406354360003acf6f1bbb8736e8347bea089,3,lower,67.813993057,17.257256511999998,23,65642,68143,74.07465972820289,66.38319754293941,203.73841254736226,3.0691262260389878,-2.0,,,http://gauss:8090/api/v1/scanner/tracking/scan-fw-e902dc59d3ff9b05/tle-review-01.png?sha256=sha256:29bb2a39ce7242172c5d2142bfc2a68a944b9b96330a517b1d47ad06aef23720
scan-fw-e902dc59d3ff9b05,15.0,sha256:514baa2d377f4f50ea56197eef23ab638621367cec6ca013a28506306a6b020a,3,lower,86.334666177,31.006190176000004,31,68143,65642,95.43790834503658,138.83137625805156,4518.419756564439,32.54609929217922,-5.0,68143,False,http://gauss:8090/api/v1/scanner/tracking/scan-fw-e902dc59d3ff9b05/tle-review-02.png?sha256=sha256:85dcccd8a3a171dbb78f0d41be9c2992cdaa4c1087d2bf688e26efa1aa15703a
scan-fw-e902dc59d3ff9b05,15.0,sha256:51cf33fbf071a61b9f0340075acf99f4646c01ce6c9d56aaea2cbbe27f0e1732,3,upper,87.878649483,29.042074375,38,68143,65642,142.9839042084553,117.77880998152293,2803.7819526382405,23.80548719313853,-5.0,,,http://gauss:8090/api/v1/scanner/tracking/scan-fw-e902dc59d3ff9b05/tle-review-03.png?sha256=sha256:a33ac7f4bf04d6a32d59d2da8205465c7cf83ecf8393a51327c1d07ead6d403a
scan-fw-e902dc59d3ff9b05,15.0,sha256:7f68bc51583ced71f9d6343b00faac947511cb566b43e0d15ffd4e59096b2570,2,upper,178.660316104,23.852330223999985,17,67335,60272,91.45814884523759,161.0295538366157,196.7918844265382,1.2220855100064911,-5.0,,,http://gauss:8090/api/v1/scanner/tracking/scan-fw-e902dc59d3ff9b05/tle-review-04.png?sha256=sha256:eb03972c55e18f04236d5681627914088ef0cd924cd8c33e094d5a1c7e3acd7b
scan-fw-e902dc59d3ff9b05,15.0,sha256:0651d3b950082f88ca46e35263d2cb7fe22cb0e118030955fd57cb872673ce34,2,lower,179.362170239,28.201457680999994,26,67335,60272,67.33178605349559,53.352377047963465,200.8103139650251,3.7638494304480163,-5.0,67335,False,http://gauss:8090/api/v1/scanner/tracking/scan-fw-e902dc59d3ff9b05/tle-review-05.png?sha256=sha256:d446058b500e1bd4e0d1c689d87c70f8a78e63d514388218d7b9a0df8240a507
scan-fw-e902dc59d3ff9b05,15.0,sha256:8a3e0f510c89d8ec7551f3a0c15a930d72596cc1b063605100cd2a2cfc7deb6b,1,upper,191.989996499,26.37896037499999,25,67335,52607,31.16165637857836,46.02279775213407,504.589671743829,10.963906941542493,-5.0,,,http://gauss:8090/api/v1/scanner/tracking/scan-fw-e902dc59d3ff9b05/tle-review-06.png?sha256=sha256:5d3879bc1a837ff9e36dd080631c5f0f4f5b0b74aed8821276a56e89a28f89bd
scan-fw-e902dc59d3ff9b05,15.0,sha256:237593be691f8de18c615b6973f24fd904838e6975fec6b5597a61aea23f7c20,2,upper,223.979566594,17.259973580999997,16,67814,51991,74.77359914630937,109.34019318070894,149.18151900040965,1.3643795082184835,-5.0,,,http://gauss:8090/api/v1/scanner/tracking/scan-fw-e902dc59d3ff9b05/tle-review-07.png?sha256=sha256:134d843329e4621a4cf8ba488c8426ebc6a9b97c676c655fd4e674e1b3ac0a82
scan-fw-e902dc59d3ff9b05,15.0,sha256:7e4723ae331121044174c8a4a9c19c44b8d57f2eab737c1e2398a009a364aeb4,2,lower,225.242967251,20.62588187,14,51991,67814,64.11428628629817,157.10432090183713,228.52143784326796,1.4545840402827246,-3.0,67814,False,http://gauss:8090/api/v1/scanner/tracking/scan-fw-e902dc59d3ff9b05/tle-review-08.png?sha256=sha256:809becdd9fd1c2257f2dfce03d26be2a60a33cef3dd4cc1fcc69025ba04c3687
scan-fw-e902dc59d3ff9b05,15.0,sha256:676d30ebfe73d325b4b480c1582ef27e6607f73f4b7f052f7f5eb62d862909cc,2,lower,279.683000508,18.803343232999964,22,58936,62742,128.3310982694638,81.73859914242462,165.17160068638617,2.0207295258215097,-1.0,68162,False,http://gauss:8090/api/v1/scanner/tracking/scan-fw-e902dc59d3ff9b05/tle-review-09.png?sha256=sha256:c57632d49bcd8047d233c0c8933007e3a11db8d5e5470a8f5749993a8df567b6
scan-fw-e902dc59d3ff9b05,15.0,sha256:33c88a8bfa1dfa6de9036e73f36c66a18d01502e4a4b33a4fb90bfd143558dff,2,upper,282.628853453,15.71748922200004,20,58936,62742,31.467002237951483,55.89877734234344,144.70697936741004,2.5887324597669545,-1.0,,,http://gauss:8090/api/v1/scanner/tracking/scan-fw-e902dc59d3ff9b05/tle-review-10.png?sha256=sha256:30c3532a8b7bbb51e74ae7dcf7d7b943fcf944f9260b5c324ff1f98a228ae7fc
scan-fw-1043f994f9abb964,10.0,sha256:2cd507b42bb369e837547db0499ff3d3634a5f52a86d5a82fb82e1f577c3f18a,3,upper,25.452359672,15.160130361999997,16,59083,63757,68.39899862320426,55.33533649733959,143.81958722965572,2.5990550764351146,-1.0,69319,False,http://gauss:8090/api/v1/scanner/tracking/scan-fw-1043f994f9abb964/tle-review-01.png?sha256=sha256:b357e7714c9fe212b0fd97c5235f9bc50d0718a084b1811f7569f4ba3e1b5a76
scan-fw-1043f994f9abb964,10.0,sha256:8e71e5041e3e2eeaf9ce87d42ec8273e94c8ee4509c94b8517bbb83626e4b4cc,2,upper,32.756245235,25.533614274,26,59083,63757,123.31677202179671,69.19514615687136,238.61019195890347,3.448366037380044,-1.0,63757,False,http://gauss:8090/api/v1/scanner/tracking/scan-fw-1043f994f9abb964/tle-review-02.png?sha256=sha256:8d51a51765a97b0661d41d95c55d93e2f05b27dd21c5244580fd2114d25b0437
scan-fw-1043f994f9abb964,10.0,sha256:c047a4c54487ad0a4296b2d769d0b570c25f9b3a8f2e6a8dcb140a71eef26b7c,3,lower,131.108380179,14.877323332999993,17,47367,67361,119.25670470448652,60.580399563264464,58.107784480579625,0.9591845695883423,4.0,,,http://gauss:8090/api/v1/scanner/tracking/scan-fw-1043f994f9abb964/tle-review-03.png?sha256=sha256:1e2b73455a595fb0a6b8ab666bdf516b6ae1e5de0348c399383214320192cb8b
scan-fw-1043f994f9abb964,10.0,sha256:14a67631e6d662a987d375091ff4d333aebf56cd91a9852124a0bff4df0e986c,3,upper,145.70469576,14.313139196000009,15,68905,63106,201.2959736308599,146.0693956934002,1228.0725368507203,8.407459557294574,-5.0,,,http://gauss:8090/api/v1/scanner/tracking/scan-fw-1043f994f9abb964/tle-review-04.png?sha256=sha256:d97ef990aa198757ba994366797de7b32e9327430bb6e85b4728e149b261004e
scan-fw-1043f994f9abb964,10.0,sha256:b294e6158ba741f3698419046f2152d9874425ad9ba527d4e8ba10f2315ba05e,3,lower,145.98547338,13.189936450000005,17,68905,63106,128.13679653261966,159.76362640974685,687.5659761267083,4.3036452763240565,-5.0,,,http://gauss:8090/api/v1/scanner/tracking/scan-fw-1043f994f9abb964/tle-review-05.png?sha256=sha256:f70ef36ea821391aff30a20ea909babd51c768ef9b49bc925ba7665d5ad6c972
scan-fw-1043f994f9abb964,10.0,sha256:73bdb641dbd8186cd24fc17e6847be536982a61748b7d7fd656e893b59970825,2,upper,208.41801395,37.322784977,38,66149,56111,424.1721458217142,360.18658743844395,2094.1969905668466,5.814200371702475,-5.0,66149,False,http://gauss:8090/api/v1/scanner/tracking/scan-fw-1043f994f9abb964/tle-review-06.png?sha256=sha256:f98eb441824577546c165f0d88dd30cb2f91a301242c373ed9f9c4ed3454193e
scan-fw-1043f994f9abb964,10.0,sha256:6fd821d1ebc0654d00aefff3552e5df4b654c6fbe00eee555832158a2a5208d1,1,lower,216.836603345,20.765396975000016,14,58943,57818,61.32269170055239,146.6773212846512,161.0664664387921,1.0981006813331178,-2.0,,,http://gauss:8090/api/v1/scanner/tracking/scan-fw-1043f994f9abb964/tle-review-07.png?sha256=sha256:251f06af41c9e3796d794e68440a2bd3c8883766e3902b702308017c3746e346
scan-fw-1043f994f9abb964,10.0,sha256:4803997f92d8a07ba29b074df21980d40b12476d71abdeb759ece8f152808d9d,3,upper,280.528780237,16.556237228000043,19,60373,69147,53.87999802638144,73.17715431550853,1001.4689272144241,13.685540748093581,-2.0,67341,False,http://gauss:8090/api/v1/scanner/tracking/scan-fw-1043f994f9abb964/tle-review-08.png?sha256=sha256:7b6c73653e9d0f0e6aa0f81e7f04b84af56aae8e1ef91ddf07faf60a32027bbd
scan-fw-1043f994f9abb964,10.0,sha256:1f2cda42a5f7762a7d3b77513382fa8782f8fa310bbc002239fc40e6a72489c7,3,lower,281.932789543,13.328196623999986,15,60373,69147,26.092245106048694,51.63080329924759,671.1544922951492,12.999110015879413,-2.0,,,http://gauss:8090/api/v1/scanner/tracking/scan-fw-1043f994f9abb964/tle-review-09.png?sha256=sha256:696846d381c30f69bdf07e44533cd622096460f9513af00c32891426eddd253f
scan-fw-530f9e29db0f3554,15.0,sha256:c42693e1d9ffdca8f35bacb1d77299c2ae9583c1613743e2bb6de255841d73f0,2,lower,134.31925762,25.680076705000005,20,69145,69316,175.12269431936184,200.35418284877105,2807.188733785175,14.011131157187089,-5.0,69145,False,http://gauss:8090/api/v1/scanner/tracking/scan-fw-530f9e29db0f3554/tle-review-01.png?sha256=sha256:598eb0f3d6f2dfc53433e2e40b2f089657839438aa0fca464b98a262a059ffef
scan-fw-530f9e29db0f3554,15.0,sha256:28443a217f896af18ee790a3a2af26ffb4d8b7d5a126e0dbd16256bacd4928d3,1,lower,140.354644582,18.80275353800002,16,64361,51980,70.35461623268417,85.30756560491118,130.92043361407383,1.5346872541224728,5.0,,,http://gauss:8090/api/v1/scanner/tracking/scan-fw-530f9e29db0f3554/tle-review-02.png?sha256=sha256:b05331d15be45d808c6e2104254a662967a0f9f7d9bbcb9a4e56f896e3b698cb
scan-fw-530f9e29db0f3554,15.0,sha256:9d13179a7262db3deb5fb2f79ccdd6f5e5613e4a3078d537314d2f1be7fe84b6,4,lower,145.826657362,11.786871007000002,15,51980,58540,42.63940042961292,153.0912252926849,127.36414451831611,0.831949344417468,-4.0,,,http://gauss:8090/api/v1/scanner/tracking/scan-fw-530f9e29db0f3554/tle-review-03.png?sha256=sha256:a6bf504ce1124fc4917820089bbad1a8e56c0174bf560ad5e0db47847beea260
scan-fw-530f9e29db0f3554,15.0,sha256:d8e1c3509736a81eb4ad5eac667a81d658d51356a5b89f061928f742098cd1f2,4,upper,152.56136861,21.188978503000016,14,64361,69316,89.4096372730305,92.57261942800803,458.7576024746416,4.955651091102685,5.0,58540,False,http://gauss:8090/api/v1/scanner/tracking/scan-fw-530f9e29db0f3554/tle-review-04.png?sha256=sha256:58b618c1d58b4ba8d62ae68cb23d4cf0cb796495b0d8070686a33446864e75e8
scan-fw-530f9e29db0f3554,15.0,sha256:ef49c7bf4946d2c5651b996d1abe7dbe16e964f85a6c6d485cec06efa98afc41,4,lower,160.560058049,12.769323063000002,17,64361,69145,38.352502139461926,64.76618752232133,175.84905864995662,2.715136792471398,5.0,,,http://gauss:8090/api/v1/scanner/tracking/scan-fw-530f9e29db0f3554/tle-review-05.png?sha256=sha256:84fd53016a4013b3f70d41f70680bcf9f56db924a93fda58a1b438d2497a4d63
scan-fw-530f9e29db0f3554,15.0,sha256:d1dd336babbb29520723ca28539001706dbb994a6acb770279b4ef2057373bdf,2,lower,162.102848426,18.23998537,18,64361,51980,20.473916603806973,17.425696249572322,157.9944228061294,9.066749502764175,-2.0,,,http://gauss:8090/api/v1/scanner/tracking/scan-fw-530f9e29db0f3554/tle-review-06.png?sha256=sha256:cb71518548a3b287ffa8f024a3afaf97b42fa8d38a3148a1b46c9469c9bafd45
scan-fw-530f9e29db0f3554,15.0,sha256:09504f53e4d82fe0785ea28cafb24f0600bf2ae32ffece3afacd088b7e9c59f2,1,upper,174.310817961,34.37613822200001,27,66162,59305,304.6655139709468,223.5410271579434,2497.1766253345786,11.170999154308229,-5.0,66162,False,http://gauss:8090/api/v1/scanner/tracking/scan-fw-530f9e29db0f3554/tle-review-07.png?sha256=sha256:a0a2ead908418bd5044e7c85bcc79da3286dd2a05953ed4b5f325ef59ee4aa06
scan-fw-530f9e29db0f3554,15.0,sha256:cdec9da92c27d22537e5960454c8a455922ea2ce1a3333b734ffc1d408a8ca6f,1,lower,175.994707645,31.570913585,31,66162,59305,236.36876010479327,193.3261142147686,2906.8862294087276,15.036179882969293,-5.0,,,http://gauss:8090/api/v1/scanner/tracking/scan-fw-530f9e29db0f3554/tle-review-08.png?sha256=sha256:9d10fa44e469aa9e3154be0bc74aeb2aecfce746958ed038be4ea031c9519851
scan-fw-530f9e29db0f3554,15.0,sha256:dc712a8a8253206a46498bb66bdcefbe67a5711978b738c8586c948142976c77,1,lower,236.613491799,19.64402979999997,20,67416,58809,156.922752864972,28.16145043889649,662.4108847961528,23.52190226257783,-5.0,59959,False,http://gauss:8090/api/v1/scanner/tracking/scan-fw-530f9e29db0f3554/tle-review-09.png?sha256=sha256:37a46268104e0d2a7b2a5c7db3e6f7d3a59bce21b7bfe4fe4d41004606a05fde
scan-fw-530f9e29db0f3554,15.0,sha256:e727e389c29d6f13e7fc80ad5f761f5e65bd4c6711860df217e17a7367073f77,1,upper,245.592183382,13.751997564999982,17,67416,58809,49.0305663339797,64.50996405870316,220.3326407516242,3.415482305200552,-4.0,,,http://gauss:8090/api/v1/scanner/tracking/scan-fw-530f9e29db0f3554/tle-review-10.png?sha256=sha256:269b30aa57b2e2b08be1300cb07e40ede69c60cac34076e50ef30480f214c122
scan-fw-0f8d349f23ffa78a,20.0,sha256:55e6f756eba6c06ad25f3548b2ea08249ff2f6abb9fab7b813e1a3c2b757610f,2,lower,162.17315805,14.317460593999982,14,59531,53280,24.069656795615806,28.34170393645285,163.93050280023854,5.7840736452472985,0.0,56472,True,http://gauss:8090/api/v1/scanner/tracking/scan-fw-0f8d349f23ffa78a/tle-review-01.png?sha256=sha256:6fbb0110500b8ab1d7a131c967588026828f916554f8fc72b0a1e30b263c0f98
scan-fw-0f8d349f23ffa78a,20.0,sha256:a755f67abdd1df75cdab0df9be6381ea45b0426baaf84ff7ec57e26c1f547b31,2,lower,199.931906539,17.698540926999982,19,65207,57877,42.77413789272499,203.05563444986274,1013.3622661105422,4.99056462459679,-1.0,,,http://gauss:8090/api/v1/scanner/tracking/scan-fw-0f8d349f23ffa78a/tle-review-02.png?sha256=sha256:bdf3e8343bf21cdb1226347a36591342fe8d7fb6da466d43b635514fe8824da3
scan-fw-0f8d349f23ffa78a,20.0,sha256:87c23252cd2593d2de219c4774e8ad2609ec63703a107fb7893580cf81b6811b,2,upper,200.493247063,18.962861903999993,20,65207,57877,164.5996859409145,185.74081467004183,591.0747655699907,3.182255696573755,-2.0,65207,False,http://gauss:8090/api/v1/scanner/tracking/scan-fw-0f8d349f23ffa78a/tle-review-03.png?sha256=sha256:233eaffd1dfce8e8761aeac7539dab6fe0c109afed238404ed7d03de54546428
scan-fw-0f8d349f23ffa78a,20.0,sha256:77767e07cbb6fc0530e9f3799b8485092de2b625170b9cd3a3f964e926ff6273,3,lower,221.562446295,25.406359965999997,21,66841,60102,45.89357015549973,19.45816564707722,94.70449193526765,4.867082213861874,-1.0,60102,False,http://gauss:8090/api/v1/scanner/tracking/scan-fw-0f8d349f23ffa78a/tle-review-04.png?sha256=sha256:a3dcb2c6a3a0b9c5d50b7088afc6770ee948e206ab3ea137452c6b8912b31724
scan-fw-0f8d349f23ffa78a,20.0,sha256:321daf3144a6ebcd1fedf5d478e9f11e9ef8bed351d71973cc973c5f44c623e0,3,upper,221.843781009,17.54537825700001,16,66841,60102,56.399759114101094,38.99019090594143,92.61581643779233,2.3753619637620003,-2.0,,,http://gauss:8090/api/v1/scanner/tracking/scan-fw-0f8d349f23ffa78a/tle-review-05.png?sha256=sha256:824e620ca8b2e0384e0e9f84c55a670ead6e64a2223f7af9f6de0719c4b915bf
scan-fw-0f8d349f23ffa78a,20.0,sha256:1a5c46151778ebdd4a31a863f2e90d791d45930c61041d5db2b8ea5fac7e366e,4,lower,271.11072912,28.078613285000017,33,66118,54804,95.70270766868475,58.94197187051758,718.6600152727232,12.192670052699622,-3.0,66118,False,http://gauss:8090/api/v1/scanner/tracking/scan-fw-0f8d349f23ffa78a/tle-review-06.png?sha256=sha256:96bb782c8504808895af4221374dac5cac21c461d018707750def76b3507cce0
scan-fw-0f8d349f23ffa78a,20.0,sha256:42f89a4a2f113df198dacfd8170e265cdec2aba5f19150e87f863d1a4177cf62,2,upper,280.797491271,18.67204742199999,21,66118,54804,35.766110724731384,61.28887614062293,207.09537323826734,3.3790042545910266,-4.0,,,http://gauss:8090/api/v1/scanner/tracking/scan-fw-0f8d349f23ffa78a/tle-review-07.png?sha256=sha256:c366415c9f9dd06a78bdce8ad5d296e41c275dc4131cb53e6f5dce90fce56d95
scan-fw-0f8d349f23ffa78a,20.0,sha256:d35a263769297f48297453d84d479c3a9d4d1e8f9c476b40ba588174a8a8291f,2,lower,281.638829366,17.129376486000012,17,66118,54804,21.462400946917505,40.095139434117606,198.27307492468466,4.945065105721291,-3.0,,,http://gauss:8090/api/v1/scanner/tracking/scan-fw-0f8d349f23ffa78a/tle-review-08.png?sha256=sha256:f13399b7cf50b57d6572f40e75cfff8856a3986d93b7556b9cdf470490334590
scan-fw-16df08681cce3379,15.0,sha256:6c341487bf86e4c32b1c067fd454c86b982fe840695f744050ad4eab68fec180,2,lower,43.269617282,19.925372389000003,15,62231,58171,29.118939079426855,33.047402327088186,179.09841770646446,5.419440110113031,-1.0,,,http://gauss:8090/api/v1/scanner/tracking/scan-fw-16df08681cce3379/tle-review-01.png?sha256=sha256:21388cbe6360b04b8fadf70b9a9ac4509f1523004bea1a8e8fd28dbe24a02321
scan-fw-16df08681cce3379,15.0,sha256:cb1cb0765789b91e34b52a4ad979c6f6d3206f65476a78be0b504e352aadd8ff,2,upper,43.550952176,14.452038533999996,17,62231,58171,29.246798980804375,16.472439096079796,67.91984104313764,4.123241290921002,-1.0,,,http://gauss:8090/api/v1/scanner/tracking/scan-fw-16df08681cce3379/tle-review-02.png?sha256=sha256:fba46a750b7254b422bd43d241f6b1283dbd4b1e15bec37d03d24d68c93c464a
scan-fw-16df08681cce3379,15.0,sha256:2ab2e1452689fe07d5ccd5360634a2563a5767391615ddea62c2d5c41f484614,1,lower,90.694941268,23.851963063,24,63074,53259,61.27652904996142,77.66799040390308,707.7742328206486,9.11281763748429,-2.0,53259,False,http://gauss:8090/api/v1/scanner/tracking/scan-fw-16df08681cce3379/tle-review-03.png?sha256=sha256:f0555b11cee5b3c638fe9b9ef78aba0674bb3128b03299b8a30a0978ac311d14
scan-fw-16df08681cce3379,15.0,sha256:a8f7216e89d161123789393e78117a84e5dfaa578f50c6f1b2dea8f105f18e21,1,lower,130.261634491,27.358792202000018,39,59650,53981,129.2459182111365,53.50373583554439,1396.2253799114937,26.095848413335144,2.0,,,http://gauss:8090/api/v1/scanner/tracking/scan-fw-16df08681cce3379/tle-review-04.png?sha256=sha256:9440064f65944d9f4d3dfbfc4b2b209182928cf4a58eb4a818080f90a6171e9a
scan-fw-16df08681cce3379,15.0,sha256:63a69fba064b86f7fbb044d5a4a5e06a83d823919bc8aa72a9bab1a5f04f83a6,1,upper,130.962973887,28.762785852999997,30,59650,64144,60.32388087937268,89.322848321373,2412.0440102782636,27.003662059678344,2.0,59650,False,http://gauss:8090/api/v1/scanner/tracking/scan-fw-16df08681cce3379/tle-review-05.png?sha256=sha256:b613579e67f190c0a5924008c82a9b98877339fbd525cdeb510030b94a3e6d3b
scan-fw-16df08681cce3379,15.0,sha256:c0669573464a539d056513fe95aab2da20faa133bbe78d8705164ab91aa6cf7d,4,lower,135.032367484,25.114745735000014,15,59650,53981,47.29807107919581,19.370999421093742,950.7670879163684,49.081984220238304,2.0,,,http://gauss:8090/api/v1/scanner/tracking/scan-fw-16df08681cce3379/tle-review-06.png?sha256=sha256:86b7e0f40610031076e91be2203ca4d0c54209bcca84afb9175437921aeaec96
scan-fw-16df08681cce3379,15.0,sha256:8b021ce4bbee4ddb442dcfc30b7cb0800107f757eb73ae923677604c6974a4a4,2,lower,144.152419964,17.117358604000003,14,59650,62565,40.92898378158784,76.0639774671408,862.9006177236744,11.344405676082905,4.0,,,http://gauss:8090/api/v1/scanner/tracking/scan-fw-16df08681cce3379/tle-review-07.png?sha256=sha256:73a180a537f7bde03a5dd08fbefe8a149ef153e33deea0f5fe48cb221a07c2a6
scan-fw-16df08681cce3379,15.0,sha256:fc008a57a6f466d719e991b47b060707425bcf3c584042ca0cf1d20890859b97,2,upper,205.465919233,19.925097891999997,18,65750,64239,299.17862930679536,215.94916351293162,1015.9581450687824,4.704617181848653,-5.0,,,http://gauss:8090/api/v1/scanner/tracking/scan-fw-16df08681cce3379/tle-review-08.png?sha256=sha256:a5b1d8a54ba7874b3381f0ca79e0b272592c5c5318be8da6b7b84a06f4c6a8ce
scan-fw-16df08681cce3379,15.0,sha256:b9b0ae816b415ba964a788ffe1e83a3ca421af0e3778c0719d9d91819f028d5f,2,lower,205.605919803,20.766659403999995,20,65750,64239,275.0841787176345,252.65843530817105,946.283538952405,3.7453075247545553,-5.0,,,http://gauss:8090/api/v1/scanner/tracking/scan-fw-16df08681cce3379/tle-review-09.png?sha256=sha256:c1ca82e9502023e9a9b984f7779a16d0dce68fbae7a12c87aa4e48c2490464de
scan-fw-16df08681cce3379,15.0,sha256:d192d028c353e177b7ec502f05eb03d6f73f84dacbce915c2a5365490691d398,2,lower,210.517668444,22.58818229299999,20,64778,62440,31.321910505981446,35.982366243274654,55.01380958927916,1.5289102783661876,0.0,64778,True,http://gauss:8090/api/v1/scanner/tracking/scan-fw-16df08681cce3379/tle-review-10.png?sha256=sha256:c6570121ddb99f59a3ee55ddc777c7556fb60e04dbf22897395c865bead7ad49
scan-fw-16df08681cce3379,15.0,sha256:5675f6342c15cf7f5a999cce0d66edbdd452a1ec62e11a822bef20e8f8a10463,2,upper,212.481690022,20.062824777000003,26,64778,62440,36.217785412736944,131.47429035031888,125.47688471903136,0.9543834340896066,0.0,,,http://gauss:8090/api/v1/scanner/tracking/scan-fw-16df08681cce3379/tle-review-11.png?sha256=sha256:ee5a20313f851e10fd6e225a57d465a573fd5935c679d6b9259d10502998778d
scan-fw-16df08681cce3379,15.0,sha256:5ed0872e208874427c097014e05d0820ccb0cac103ca96d5aa4bde9ae11e8d89,2,upper,244.891542825,33.67304782900004,30,67623,67717,70.87654333786145,44.501572221266294,880.0928030766484,19.776667635487986,0.0,67623,False,http://gauss:8090/api/v1/scanner/tracking/scan-fw-16df08681cce3379/tle-review-12.png?sha256=sha256:8dd7f050ab1c72e90d59772e2837398d620a782d34c9103e78d57d8980d7ed8c
scan-fw-16df08681cce3379,15.0,sha256:f1635980141ffec32a615451da7e24f6fd27c9405afb54ee27626c088c728933,2,lower,247.556895687,31.429027544000007,44,67623,67717,51.16499089608762,39.586199531307756,827.4839051023565,20.903342955363012,0.0,,,http://gauss:8090/api/v1/scanner/tracking/scan-fw-16df08681cce3379/tle-review-13.png?sha256=sha256:696762dc7dc7ed60e3d0abdaf04ab5495ad2617db05978814d5d16aec5249dac
scan-fw-16df08681cce3379,15.0,sha256:9863074ebf5d9d1d1b4dc78c4e22e3124d146fb419dd933351b0ca21a55027be,1,lower,279.827892095,20.06209449100004,19,49437,62996,138.35810835446114,210.27887379937619,256.46987471060334,1.2196654379806944,-5.0,,,http://gauss:8090/api/v1/scanner/tracking/scan-fw-16df08681cce3379/tle-review-14.png?sha256=sha256:d3ea8191486fbfc65f20396af5a739dc2ffd14fd83a7d821d965d70b4ae42a8c
scan-fw-18a6e9e8c81a5725,20.0,sha256:f4a5a86e22fe523187daf6e5155a04cf4d6c2ac0c23d4941a33c2b9b2e160811,4,lower,20.403375328,27.370002874000004,21,66641,69563,34.33909724922278,32.827385220958234,172.8071366049433,5.2641151721891255,-5.0,69563,False,http://gauss:8090/api/v1/scanner/tracking/scan-fw-18a6e9e8c81a5725/tle-review-01.png?sha256=sha256:6a054aa86317c7e85c0f3593a1c0acdf554c56ef4dd1676c5110471be6fcc096
scan-fw-18a6e9e8c81a5725,20.0,sha256:16fa4abfa9e62cb578738ac414b16911f39eea8d82c7899567813f8006df044f,2,lower,33.178731511,14.173311295999994,18,66641,69563,36.13030399956488,136.45815445896204,116.1462929721792,0.8511495222303379,-5.0,,,http://gauss:8090/api/v1/scanner/tracking/scan-fw-18a6e9e8c81a5725/tle-review-02.png?sha256=sha256:ea38cf5215d2f3a3313dfcd6734595cd3a28a250f99f898c943cdb738ed473d0
scan-fw-18a6e9e8c81a5725,20.0,sha256:53e879d369a7d3e3bca4ca8ed1ea427bb4f58984bc3e60e5dd531304e3abc550,2,lower,43.421310301,32.71206244900001,32,69305,62521,84.17734297237624,74.67789241100616,1965.0494156905352,26.31366997980413,-1.0,,,http://gauss:8090/api/v1/scanner/tracking/scan-fw-18a6e9e8c81a5725/tle-review-03.png?sha256=sha256:6b69393a3200177f37402708a2b33a064d46c0c790a62b03959c8ae4dae26a8d
scan-fw-18a6e9e8c81a5725,20.0,sha256:59848acb18aa5e86e48bbaad8823ccbb02a3cf014335108a27a8e07f02829b2b,2,upper,46.930669509,22.173394764000008,16,69305,62521,54.209348983290596,48.010676804001655,1191.3156235624092,24.813556126813733,-2.0,,,http://gauss:8090/api/v1/scanner/tracking/scan-fw-18a6e9e8c81a5725/tle-review-04.png?sha256=sha256:809a9b256862938115762bb9a1e7e703d26b1c3d404465ff292d71feecf87259
scan-fw-18a6e9e8c81a5725,20.0,sha256:b1fd5f1543e9d9b5fceb0b793c1c5e280ec647726db5617739fbea98a3cffc81,1,upper,48.19429258,14.033711179999997,15,58363,65814,74.26894378134513,90.31585988116689,697.9367546777477,7.7277319354104375,1.0,,,http://gauss:8090/api/v1/scanner/tracking/scan-fw-18a6e9e8c81a5725/tle-review-05.png?sha256=sha256:f9ceca0aa2e52e55e06807229c1f34a052e616ead4305235eb3deb61b95d2bdd
scan-fw-18a6e9e8c81a5725,20.0,sha256:cd0685964c583a9d8518690346aa48a5e1085527c469263b994c852b56ba9101,4,lower,50.440047132,25.83361925100001,41,69305,62521,31.125819725479136,63.21774703255045,2380.4999196083295,37.65556400456068,-1.0,69305,False,http://gauss:8090/api/v1/scanner/tracking/scan-fw-18a6e9e8c81a5725/tle-review-06.png?sha256=sha256:bf18d52dbce6d51e284748e0565be6f1462ab2f9c5616573d5a55ad238265fd4
scan-fw-18a6e9e8c81a5725,20.0,sha256:6550abc5ebacac9085ab4c129029ac489363092670d35decdfb8f244cf465408,4,lower,70.086387095,16.153200719999987,14,66589,66860,162.82975297605668,110.55084704186913,219.75762873779226,1.987842107212105,-1.0,,,http://gauss:8090/api/v1/scanner/tracking/scan-fw-18a6e9e8c81a5725/tle-review-07.png?sha256=sha256:6ff16efd79f148a8b8ae77356e9189272351064765959b4955faed6d8ee212b2
scan-fw-18a6e9e8c81a5725,20.0,sha256:b0efb9d3477445cb6d3c19c634faa225df67047f2342d1c7e61b07efafe63c64,3,lower,70.649097429,21.20419948300001,16,66589,66860,58.74213076252484,66.48802594677076,490.4756780438473,7.376902397982371,-1.0,,,http://gauss:8090/api/v1/scanner/tracking/scan-fw-18a6e9e8c81a5725/tle-review-08.png?sha256=sha256:17119887963f5748b59799faf6f4a88bd626f25b7804ba443056ff074c4aae3a
scan-fw-18a6e9e8c81a5725,20.0,sha256:fc597183f952066e32ce6aa8363c929e791463c07a4c4a5e1566d73d101b8f21,3,upper,71.782364786,20.210933002999994,17,66589,66860,51.37452016884421,64.04856187453277,514.6246076549129,8.034912769205203,-1.0,,,http://gauss:8090/api/v1/scanner/tracking/scan-fw-18a6e9e8c81a5725/tle-review-09.png?sha256=sha256:19889fa2fb56dde611d39935782b61e3021f428e7c18620964fbad04720d22be
scan-fw-18a6e9e8c81a5725,20.0,sha256:e6c522b16adab8ca4db08ec9be0a98507809e84294829f54d2ef6e8be56c65ef,2,lower,76.133198403,24.42142304500001,24,64419,62558,207.4578829913566,163.72467715851678,1014.0568214439697,6.193671223197276,-5.0,,,http://gauss:8090/api/v1/scanner/tracking/scan-fw-18a6e9e8c81a5725/tle-review-10.png?sha256=sha256:ed2ea22d38fb622fe8a53064e0112bad84cf839a058c96348cab009f18d513c3
scan-fw-18a6e9e8c81a5725,20.0,sha256:72f54965664f30cdc0707125fb9f03641050058d92280dd770bc887f548977ea,2,upper,77.961367421,30.454538400999994,31,64419,55608,189.19915434797073,188.34945109869471,2231.249225328713,11.846327198264799,-5.0,62558,False,http://gauss:8090/api/v1/scanner/tracking/scan-fw-18a6e9e8c81a5725/tle-review-11.png?sha256=sha256:0e3f239c94f0cf076a12d8e55b8d250f338a66bf63d9d559a7dcdc84fdb9e26a
scan-fw-18a6e9e8c81a5725,20.0,sha256:f67b05fd725cbe1e0689d136ad82ac1b67527fdd68ae14cb4676e55530483887,3,lower,99.150488777,15.021540459999997,17,66589,61579,93.29188151261194,39.48755634759825,121.83094534089938,3.085299689564343,-2.0,,,http://gauss:8090/api/v1/scanner/tracking/scan-fw-18a6e9e8c81a5725/tle-review-12.png?sha256=sha256:d5db3a99ee4b1d79f5a8bd6202cecb955bfe264a5144712cb518eb95e9183f35
scan-fw-18a6e9e8c81a5725,20.0,sha256:2588eee053da37756bea67b523aaf81f599ae56ace75f400618dedfd5c6c71bb,1,lower,122.87405722,15.019293677000007,16,59703,53624,32.367846018417104,691.1154618412852,1160.5062900655194,1.6791785948091404,0.0,,,http://gauss:8090/api/v1/scanner/tracking/scan-fw-18a6e9e8c81a5725/tle-review-13.png?sha256=sha256:ee5fbd4c6d1a32bd7b3f6c0d9d5de8cd583b55329099a34e4ffaa3f9e64170a4
scan-fw-18a6e9e8c81a5725,20.0,sha256:431466b218a93aae18ad73d64795f6cdddee242e2f696d9defc6c51597573655,1,lower,198.254811013,21.618331240999993,14,66635,63497,66.13406390090998,74.11157185447459,115.99075071236021,1.5650828583169107,-3.0,,,http://gauss:8090/api/v1/scanner/tracking/scan-fw-18a6e9e8c81a5725/tle-review-14.png?sha256=sha256:7930cbca9484d3531d1c49edf9ce5ebcc7d54097bdd4e8744664ca8593b3d686
scan-fw-18a6e9e8c81a5725,20.0,sha256:fdad015c5dbc5ca9f471360fafebf9819b109216cf3274f6c609e414f0262903,4,lower,199.096178591,30.741423351999998,29,66635,63497,56.510474090018555,72.80484798589306,286.8682349109904,3.940235339363322,-3.0,63497,False,http://gauss:8090/api/v1/scanner/tracking/scan-fw-18a6e9e8c81a5725/tle-review-15.png?sha256=sha256:8a18ee3d3cfe7a01ef664cd772e3baa63ad51c1709fe5189e03b0d5ceb5ee010
scan-fw-18a6e9e8c81a5725,20.0,sha256:b74347e62cfc8c21b2309416244c8897f60067ee958224b6df361935c6c0aa76,1,upper,200.500165021,23.162444945000004,19,66635,63497,78.82288162197108,45.798187560889325,159.21494991476243,3.476446523196665,-3.0,,,http://gauss:8090/api/v1/scanner/tracking/scan-fw-18a6e9e8c81a5725/tle-review-16.png?sha256=sha256:796f458116a85000a574bc3918d527cb30d8f2fbb8de72f87419f28b50b3fdb3
scan-fw-18a6e9e8c81a5725,20.0,sha256:8c9435aebbf44d1f2139f4934b2b2fcbbd99ddfc79149e6e3bd5bc4470c551e9,2,upper,213.696240673,16.564021918999998,16,63497,66635,31.117977503088607,139.45021321883908,146.2147279454111,1.048508457394443,-1.0,,,http://gauss:8090/api/v1/scanner/tracking/scan-fw-18a6e9e8c81a5725/tle-review-17.png?sha256=sha256:7b220a879e670d6a4f6c6e42b7e81a8685983a0900f52d1614eb4ea1aec0ea3d
scan-fw-18a6e9e8c81a5725,20.0,sha256:6be75f8fc32d11b2312baf03a9deeaa4b3a5a209f2845bcfc06c49e89d91a624,2,lower,213.976241798,10.949355192000013,15,63497,100393,23.158253141269842,29.54987958820805,78.90787217485259,2.6703280444615065,-1.0,,,http://gauss:8090/api/v1/scanner/tracking/scan-fw-18a6e9e8c81a5725/tle-review-18.png?sha256=sha256:c404252d9ef1d99b8f87b13efd6ba1f1cf383e387a0edc7ed978edddffbfabe6
scan-fw-18a6e9e8c81a5725,20.0,sha256:4a44d32764191112620831509b1a508a532a25bf0049265fc4c0832001a25c82,1,upper,257.924259704,24.279964661999998,20,69562,65803,83.40211240369524,93.90978921032931,935.4919219287727,9.961601764791059,-1.0,,,http://gauss:8090/api/v1/scanner/tracking/scan-fw-18a6e9e8c81a5725/tle-review-19.png?sha256=sha256:21cc9bf7cf0d3e98643d497791233a447bb3eefc284dd3f994224c91aa0f4fac
scan-fw-18a6e9e8c81a5725,20.0,sha256:be0fdd3397ce38b8fff754c92c486ceac7c32f60646fd4d9d3e42b51ae89a65d,1,lower,258.344260966,22.034640074000038,19,69562,65803,103.9351863149609,61.038712097509354,709.3937523034476,11.622030149820183,-1.0,,,http://gauss:8090/api/v1/scanner/tracking/scan-fw-18a6e9e8c81a5725/tle-review-20.png?sha256=sha256:7647f28ec09ffcaeb3f6b69ddb93f46181ca006ee9d1ad1e3b9ec57239c42436
scan-fw-18a6e9e8c81a5725,20.0,sha256:45fb73599c834865c4b2922e8abb73ff39d662e7f8c8c7ae3d0e7b212fcb7993,2,lower,260.72964519,10.38535117500004,15,65803,69562,25.737870277130476,15.772336195074793,361.0961698367897,22.894272945408606,-3.0,,,http://gauss:8090/api/v1/scanner/tracking/scan-fw-18a6e9e8c81a5725/tle-review-21.png?sha256=sha256:07b0fedcc684cb115bfee55720c06460d7271a730376f5ec555daead0ca47027
scan-fw-19883ea08af9a7ce,20.0,sha256:d66cf226ed15c118ad5a8b248b7e0d43cfe4bb8c1e8adc245ae50eb350147c6e,1,lower,42.725223279,19.937457316,18,59653,57994,83.65224877551779,82.50347647477359,81.66484449435922,0.9898351922094968,1.0,,,http://gauss:8090/api/v1/scanner/tracking/scan-fw-19883ea08af9a7ce/tle-review-01.png?sha256=sha256:3f3eef42d6093f56e16298f1bc02253f9be28b1efe6db743465ebd888a8e597d
scan-fw-19883ea08af9a7ce,20.0,sha256:de96a9deb296f1a60bb308f504644e5793affe93c9ead5b72defda063f99769f,4,lower,43.286573588,26.253490304999993,48,57994,59653,99.81373189694817,86.89194395230203,235.42921755493347,2.7094481587863735,0.0,,,http://gauss:8090/api/v1/scanner/tracking/scan-fw-19883ea08af9a7ce/tle-review-02.png?sha256=sha256:de0787775a33d88681754e1727cb4d296e4ca06348a530f28e123d61a9d4f52c
scan-fw-19883ea08af9a7ce,20.0,sha256:eac1b9c9c2ab667ea46677e065d5c772eee6927e8243f652dd9d10b9e8cdf10e,4,upper,44.129027334,25.832370233000006,23,57994,59653,110.06748900624214,105.5586249161596,363.836993938176,3.4467765587810106,0.0,,,http://gauss:8090/api/v1/scanner/tracking/scan-fw-19883ea08af9a7ce/tle-review-03.png?sha256=sha256:e08551182d2bcf68512d781186afa3acf8745029a6c50cc3e07dd27a607255ad
scan-fw-19883ea08af9a7ce,20.0,sha256:ed9d82efcfb626d8441b815ee691916ca0fd7f165d74663aed4b3b9c0f6c77ac,1,upper,44.831245372,24.288807694,17,57994,59653,48.679149537735064,98.23921774237645,163.01534655422043,1.659371382432152,0.0,,,http://gauss:8090/api/v1/scanner/tracking/scan-fw-19883ea08af9a7ce/tle-review-04.png?sha256=sha256:5f74f19f0c1785e4ace576d9ebcfe0fd0e3fb26231b8688651e5a15fa54171ca
scan-fw-19883ea08af9a7ce,20.0,sha256:36c275cdbb07e0559af763a12bf50654a6e5a7bf7d31d80c5f17945bac79ab67,2,lower,44.971429951,32.42998313100001,35,57994,69363,114.74509859937095,76.58546754527909,377.95640508033483,4.935093003863668,0.0,,,http://gauss:8090/api/v1/scanner/tracking/scan-fw-19883ea08af9a7ce/tle-review-05.png?sha256=sha256:406e463fd01e677900b329973304e0c214eeadd5bf36e50e7f23246c8d7b6425
scan-fw-19883ea08af9a7ce,20.0,sha256:7d0c48bba51d63de1b7a57f153958fc171da5f643123fe4b982f1e5864da9cb9,2,upper,46.515937134,35.23746979800001,42,57994,60441,116.95255203113699,64.75370584103052,501.8317418348849,7.749853623310379,0.0,60441,False,http://gauss:8090/api/v1/scanner/tracking/scan-fw-19883ea08af9a7ce/tle-review-06.png?sha256=sha256:707b33a2c9f357567dd6c50c19c2dc75625fbbdab06c7d273814fe54b6ecf924
scan-fw-19883ea08af9a7ce,20.0,sha256:0a7ed20265f7b7b84ca834be80d5b2c3a742719eb53cffac67a1bc743e9c1345,1,upper,100.709453782,12.774721384000003,22,67879,63697,65.48577384269073,89.1619661167615,1495.4793615287447,16.772615350028833,-5.0,,,http://gauss:8090/api/v1/scanner/tracking/scan-fw-19883ea08af9a7ce/tle-review-07.png?sha256=sha256:80c01de50203b74979597f88d21111a11d0b79ff160aaa8d810bf25b916de11f
scan-fw-19883ea08af9a7ce,20.0,sha256:4077e2feb49fb107d6883a280d70b41bf81f671bb317ffa8a1824654bbe0f646,4,lower,115.449527138,13.905130585999999,29,63697,67879,21.082223914861334,23.294639607742514,281.3395955054746,12.077439284013,-5.0,63697,False,http://gauss:8090/api/v1/scanner/tracking/scan-fw-19883ea08af9a7ce/tle-review-08.png?sha256=sha256:b310e2dbab76a53928c3a77036414f9380ed6ae9bf9068ea3ffe8557d230568b
scan-fw-19883ea08af9a7ce,20.0,sha256:b3f7de5c6c1eeae9115a9d581e28ec303cf9ac88dbe19bb59132bec895703e22,2,upper,117.41577844,14.606820634999991,14,58489,56142,32.26709578561687,191.0649947101478,292.95026140435647,1.5332492581844839,-1.0,56142,False,http://gauss:8090/api/v1/scanner/tracking/scan-fw-19883ea08af9a7ce/tle-review-09.png?sha256=sha256:0b8cb9455eac8d7f39ebad7dac0f55c896eae4f2b8c03df6d72b83c251ce3a75
scan-fw-19883ea08af9a7ce,20.0,sha256:6ff3bbf458fcc4a4f07fd0f4dc143e942047a256fd6cce3397e0855fb40fb5b1,2,upper,136.091965643,8.42272063499999,16,58489,63722,26.22911573940744,24.69087325582464,480.11372644608605,19.444987687214585,-1.0,,,http://gauss:8090/api/v1/scanner/tracking/scan-fw-19883ea08af9a7ce/tle-review-10.png?sha256=sha256:1c17cd511c22bcc793fcca39ace157990e40fbc707c761aac1a2961e3957963d
scan-fw-19883ea08af9a7ce,20.0,sha256:ef7100de0981348ae07c6a560d786f63bbb0f363ab6bb050ccaabd4429f4ef42,1,lower,242.064198221,39.86277096500001,44,62132,66394,95.2426936532687,695.8892365904458,654.7690552361004,0.9409098758937322,-2.0,66394,False,http://gauss:8090/api/v1/scanner/tracking/scan-fw-19883ea08af9a7ce/tle-review-11.png?sha256=sha256:8b3a577d0c22757ac72a9c9b91b843e710eb58ae4ee20aa55237185a81634d18
scan-fw-19883ea08af9a7ce,20.0,sha256:a7830a737b6606d5ce603b8931708f34c1437917bda7d3a38efd23fd63e41e07,1,upper,245.012228486,39.02006922799998,42,66394,62132,367.8884084315023,775.2789829224672,805.3826426500527,1.0388294541586922,-2.0,,,http://gauss:8090/api/v1/scanner/tracking/scan-fw-19883ea08af9a7ce/tle-review-12.png?sha256=sha256:c06f4415159383310b065a5ec92480f17141f252a49f8b331cfdd5e3aae1a708
scan-fw-19883ea08af9a7ce,20.0,sha256:3f2dd79b4f87f953023a4b41bdf5458ece63d2067d21b69b0ae81c1fc21732b8,4,lower,261.716428471,15.29927148400003,18,62132,66394,509.68506998336767,871.8363925549959,899.5676303362507,1.0318078460799116,-5.0,,,http://gauss:8090/api/v1/scanner/tracking/scan-fw-19883ea08af9a7ce/tle-review-13.png?sha256=sha256:a49e5176e05cab53b3a2aaa4f13291d2483eb1331d5f02f2425379bb6b57fcb6
scan-fw-19883ea08af9a7ce,20.0,sha256:d0f24e83d5142d165130b31d267d532b699a52822ca142d488e15e7c5fa11da2,1,lower,269.15704721,15.998466833999998,20,69379,62132,22.061901498329497,84.67489298027806,874.5999182680879,10.328916724722571,-1.0,,,http://gauss:8090/api/v1/scanner/tracking/scan-fw-19883ea08af9a7ce/tle-review-14.png?sha256=sha256:da14e1c848b7be1dd9db3a945dc27714d5086f0c8839dc03f3d537fa1a67f87d
scan-fw-1ad1415dc1edc749,20.0,sha256:fdcb01b6f8b0e65fa823a8a2bc27a0b5dd040d011ba8900a8c9718638a12e50d,4,lower,141.969109192,41.134760062,50,60940,59586,15.749302667778549,54.47851196931261,987.6592681819817,18.129336365470547,1.0,59586,False,http://gauss:8090/api/v1/scanner/tracking/scan-fw-1ad1415dc1edc749/tle-review-01.png?sha256=sha256:b55fed5bf05e65691d33122b06b75f43936800cbeaffef594c9cd4eab28c06a2
scan-fw-1ad1415dc1edc749,20.0,sha256:2b187e721c505f7f7f8de35c630356f6f2a0a0cdb00e4bb64f949572c6c3460c,1,lower,146.041822939,15.440837137999978,17,60940,46029,52.24625455848126,44.6732994264499,540.4213849802258,12.097189863264415,1.0,52265,False,http://gauss:8090/api/v1/scanner/tracking/scan-fw-1ad1415dc1edc749/tle-review-02.png?sha256=sha256:012e4c6a0149b25df221411f4a27800680ffd0a2dd876cce1c53c28a8b9c328f
scan-fw-1ad1415dc1edc749,20.0,sha256:c2b2f493f568cf04c27b5cd84266d448303d4b3c1ad06e76e73c0f2139a87c6d,1,upper,163.729328848,16.84787577,17,60940,59586,53.89499615772739,15.604786740009933,156.95436804888135,10.058091191112391,1.0,,,http://gauss:8090/api/v1/scanner/tracking/scan-fw-1ad1415dc1edc749/tle-review-03.png?sha256=sha256:7b1f8af5e4662272be11959aed2249088732a24e96ed9843782cdbcfb9f7fa4c
scan-fw-1ad1415dc1edc749,20.0,sha256:1659087e9b0dd72074b042700e496dae0469ad5de2ae4bb1b2da5f1b49255e12,1,lower,167.23866613,14.179867871999988,16,60940,59586,102.5442358927748,36.04101791077417,73.48026150377245,2.038795399333217,1.0,,,http://gauss:8090/api/v1/scanner/tracking/scan-fw-1ad1415dc1edc749/tle-review-04.png?sha256=sha256:7a0c556b840e7bf015c9707b0d05267aaa33b8d89c9d4cd64431a50c4052cbdb
scan-fw-26c297ddc7becba0,15.0,sha256:a84453058967cb25efbe3c5a00ddd9f5696339dfbce7e2704f79ec95bef40493,1,lower,11.810977998,12.350662228,18,65400,53190,37.118268620656565,32.72244136414508,697.6395084861375,21.31991011069734,-3.0,,,http://gauss:8090/api/v1/scanner/tracking/scan-fw-26c297ddc7becba0/tle-review-01.png?sha256=sha256:73065c0d7ad97864c0891b88c74565c23c519a61ffcfc511c904b26871163d87
scan-fw-26c297ddc7becba0,15.0,sha256:2d77506f4e440c87d60451f36539bdc15ac543a703018776293c06b5b4cf540d,3,upper,22.758886317,36.760115689,44,61070,64917,126.67401631315414,127.4719100490031,2226.500536267119,17.466597428493866,0.0,61070,False,http://gauss:8090/api/v1/scanner/tracking/scan-fw-26c297ddc7becba0/tle-review-02.png?sha256=sha256:669cda0adb961bfaf79ccc278d0a397bf43f3fd30e71ee6c5af90c5f06ebc5ab
scan-fw-26c297ddc7becba0,15.0,sha256:d7700de702d30ce2657a8d9e2b6fcea02a5c4717ad45df9861151b2bd1daa320,3,lower,23.740228628,33.392113436,42,61070,64917,130.4909731822338,165.79013747513807,1566.9852048284772,9.451618948464064,-1.0,,,http://gauss:8090/api/v1/scanner/tracking/scan-fw-26c297ddc7becba0/tle-review-03.png?sha256=sha256:0a504a0b0f3156f0fd0368f3e8a5532a5155be60b7a88a2593fb1e1e7957e316
scan-fw-26c297ddc7becba0,15.0,sha256:94dc71040d6c6265675e3e4a4e0828f4f6f7a15576bee6aed8fb8c58b9e93a5e,2,lower,26.545522291,30.446711355,24,58218,67822,72.74361009699982,54.74394380732024,687.235197554196,12.553629675878419,1.0,,,http://gauss:8090/api/v1/scanner/tracking/scan-fw-26c297ddc7becba0/tle-review-04.png?sha256=sha256:bd10528faf3ddb4b6207b290b66ec28ccc55f34876e0cf38ace9e95a0f788edd
scan-fw-26c297ddc7becba0,15.0,sha256:1dddc34c19c64078298b49ef90ee1c06ac1e0a1222f3c5ae8cf6cce76f9ac231,2,upper,26.686747129,28.200196324999997,24,58218,67822,66.56181521539064,70.68521371126332,430.7007786691904,6.093223123417685,1.0,,,http://gauss:8090/api/v1/scanner/tracking/scan-fw-26c297ddc7becba0/tle-review-05.png?sha256=sha256:ca00d381cfb4f7eca909139e785e7f16ee864623890ac349d384e71d6ba12f82
scan-fw-26c297ddc7becba0,15.0,sha256:f627f110f685668878b763af85fae68d45b61632e1c7c3987c8f4be7836bbf0a,3,lower,118.464388227,33.81609372700001,30,65698,100307,67.25681470449142,135.2532018712904,3063.035824725536,22.646678838999915,0.0,65698,False,http://gauss:8090/api/v1/scanner/tracking/scan-fw-26c297ddc7becba0/tle-review-06.png?sha256=sha256:27d43ca3c00cfa6ad839d01fbaccde08399f30d02ed6d945d48351cf3a965a13
scan-fw-26c297ddc7becba0,15.0,sha256:a14155977fe9f3c1042f7bce33a26b7acbd943fd7b2dd88cde2d80b283963617,3,upper,118.885724917,28.482756285999983,22,65698,100307,93.05593575933457,136.1936542528713,2558.2003942832475,18.783550586971007,-1.0,,,http://gauss:8090/api/v1/scanner/tracking/scan-fw-26c297ddc7becba0/tle-review-07.png?sha256=sha256:c87e3b76ec1827bfe2ca40b9789db0e8b85fe34e21d9001a3f89e8ebd1e91600
scan-fw-26c297ddc7becba0,15.0,sha256:978cf6f0f3c3f44ec4288e8c59646b614f5d3ab6c16f6be710d469eb9a7f7a95,2,upper,125.619855894,18.943299986000014,18,65698,100307,69.32795481353827,130.42784151934507,764.7021713459916,5.86302864816306,-1.0,,,http://gauss:8090/api/v1/scanner/tracking/scan-fw-26c297ddc7becba0/tle-review-08.png?sha256=sha256:e15279e3bac11e4f59e607059310d9250a0f3967f5c2950df16bcdb5246b4f29
scan-fw-26c297ddc7becba0,15.0,sha256:90894fa4935a37903e85820dfb38e7dc67dca2c9d5a525df13d475794aad8e95,2,lower,211.351045176,23.99464111499998,19,67580,65183,47.23306513601847,38.41802766009432,1299.0830375197652,33.814412572490085,-4.0,,,http://gauss:8090/api/v1/scanner/tracking/scan-fw-26c297ddc7becba0/tle-review-09.png?sha256=sha256:6b1078ef4d3ed44aa0e56e467a06c6e3b27fc7eeb0a9c68331d7181c18964add
scan-fw-26c297ddc7becba0,15.0,sha256:014b044586ac8f68820e15ab900ad5d9211c386dbd047e04b9a2d86b14f86e2d,2,upper,218.224445919,16.278761900000006,16,67580,65183,23.598607924992155,22.725125161691295,1454.04898956604,63.98420159274599,-4.0,,,http://gauss:8090/api/v1/scanner/tracking/scan-fw-26c297ddc7becba0/tle-review-10.png?sha256=sha256:d5e9ff3f1f205050fdc07c541e98e43d418b9a812841018de15a436940f3f33d
scan-fw-26c297ddc7becba0,15.0,sha256:287e6197c9fd20d810b9dffc545fd7dfb336300a64bf969640676420629beed0,1,lower,236.187616515,26.65826928399997,19,62035,61675,110.82767745039523,83.89713058737169,240.52550516554444,2.8669097915697805,-2.0,61675,False,http://gauss:8090/api/v1/scanner/tracking/scan-fw-26c297ddc7becba0/tle-review-11.png?sha256=sha256:02b448a8a5911949c90ca0eb28dae6160f08af11a1224919f14f9df72bbfd971
scan-fw-26c297ddc7becba0,15.0,sha256:fdae303f68a72b1c8f2a63eb941f815ff4ef89a3479d710f3127b3c378907b1b,1,upper,242.643352114,22.16652566999997,21,62035,61675,21.644996686482422,117.71617371494443,101.87428137411642,0.8654229759523959,-3.0,,,http://gauss:8090/api/v1/scanner/tracking/scan-fw-26c297ddc7becba0/tle-review-12.png?sha256=sha256:4b393ba22ca6449c38e22b7c9ef839978dd26f8bd9c89fa0b9f696a730100c7b
scan-fw-26c297ddc7becba0,15.0,sha256:79c635b6b4f60834eb808be612c007835ebebff21b90756f26edf2d56a3fe2ed,1,lower,265.791836997,17.678072574999987,14,67828,58215,19.41992692757809,64.66694382399596,65.74568665750594,1.0166815187129608,2.0,,,http://gauss:8090/api/v1/scanner/tracking/scan-fw-26c297ddc7becba0/tle-review-13.png?sha256=sha256:18af152674e3ef1fbb150b0848a37bff7f2b6ebc2580f0fa0770d6440431f9a4
scan-fw-26c297ddc7becba0,15.0,sha256:adcae6c779071a4b42c61b0e4bfc6fd8bb54d84a3c9ac1d3780d1462b168fb92,2,lower,266.21321253,32.975104888999965,40,67828,58215,30.569164345784177,48.004913681043064,53.74064437322436,1.1194821582284464,-2.0,64194,False,http://gauss:8090/api/v1/scanner/tracking/scan-fw-26c297ddc7becba0/tle-review-14.png?sha256=sha256:762e22e189ce52a10021fec4f1ef96d1c16f48c0872c4de93dcdea4846c9b5e9
scan-fw-26c297ddc7becba0,15.0,sha256:9217d87f32e8a0fe0b25c392d413c21da4c78cfcea1ea0777cfd29bf2065af5e,2,upper,266.493815503,31.43163913500001,30,58215,67828,83.31082525508279,76.70635143557912,79.86441741296001,1.0411708537595241,-4.0,,,http://gauss:8090/api/v1/scanner/tracking/scan-fw-26c297ddc7becba0/tle-review-15.png?sha256=sha256:cc4fdbc63f409d5b15b457cf158051c2e181bdd8ed31645e9c849ac492ee35b4
scan-fw-59e0bb0b56be4127,10.0,sha256:83b7f0ab42e52b6361d8ef83b696fd4182fff0667d7b5ef1e5e002158b60efde,1,lower,10.434668869,24.836101298000003,18,67945,56705,64.7461206552237,57.69424078856085,47.82256271364013,0.8288966465284002,0.0,62020,True,http://gauss:8090/api/v1/scanner/tracking/scan-fw-59e0bb0b56be4127/tle-review-01.png?sha256=sha256:3c6c31ba657060174adb920beb5c8bff66a757e116bcaf2b3ec6d4f0b7b908fb
scan-fw-59e0bb0b56be4127,10.0,sha256:326631d8bdb19a16ab891fd9dcea6648e3ff8a6f64f01c15869ce383a4fb6818,2,lower,45.796843462,19.644677227000003,16,68734,53213,25.053577588108595,20.828086449664625,847.6771396515287,40.69875270107581,0.0,,,http://gauss:8090/api/v1/scanner/tracking/scan-fw-59e0bb0b56be4127/tle-review-02.png?sha256=sha256:a1530efdeecb0c3916b32722dce0e089152a9fbc8ce732122597568820837f7d
scan-fw-59e0bb0b56be4127,10.0,sha256:92031c2c535308444a87ebeb3a59a584767ce05ff3bf055a0137ea867f875eaf,2,upper,46.357459575,17.961394770000005,16,68734,53213,76.84544448949019,29.589211221383547,826.7145263780768,27.939728443339725,0.0,,,http://gauss:8090/api/v1/scanner/tracking/scan-fw-59e0bb0b56be4127/tle-review-03.png?sha256=sha256:63c57c33c1962e611cc2d98c84c4376ca2a498d448db8adc7177688ca1b2467b
scan-fw-59e0bb0b56be4127,10.0,sha256:073fe598cdf403bbcd8ca53602ee93847c6a0503d40fd6bdf76273aa1370e48a,4,upper,55.898805634,16.277390342000004,19,64179,67721,122.23384234732622,98.34566755374374,128.78149372662656,1.3094780576505856,-1.0,,,http://gauss:8090/api/v1/scanner/tracking/scan-fw-59e0bb0b56be4127/tle-review-04.png?sha256=sha256:650160d0c1fa6a59aed084ca0350b3bba13cd70a316fee65d3351d5a8535f023
scan-fw-59e0bb0b56be4127,10.0,sha256:4a77072a9b14f3f50b090bd99099366619d49f8e112e1b6235f01601cf63e96a,2,lower,103.88550763,26.239241942999996,24,63464,68348,34.856667093648646,25.845180764155764,568.567390494009,21.998971323990325,-1.0,63464,False,http://gauss:8090/api/v1/scanner/tracking/scan-fw-59e0bb0b56be4127/tle-review-05.png?sha256=sha256:05d58fb9914940c30544202620e0c791d2257eb906b53dbd01e55e5b371289f5
scan-fw-59e0bb0b56be4127,10.0,sha256:e324248334767fd1fee51a75391fc9b0f572f528941f0bc974e6df5cb51a833a,4,upper,214.021600054,34.51747353799999,31,63475,64926,87.48231060705481,83.99615011037798,2029.173318523246,24.157932427340327,-1.0,63475,False,http://gauss:8090/api/v1/scanner/tracking/scan-fw-59e0bb0b56be4127/tle-review-06.png?sha256=sha256:35a3cb92519329ed05ec7d152c09dd91791ac389d90cf9f9723893162a8091b9
scan-fw-59e0bb0b56be4127,10.0,sha256:fe5831cadac8a05c6429530b230cb32ba014cfd31969eec7e91fd11dec250dd4,3,upper,273.37101243,21.607870726999977,15,58209,67739,34.20676207556724,59.98356176162314,285.44824920202996,4.758774584550542,0.0,58209,False,http://gauss:8090/api/v1/scanner/tracking/scan-fw-59e0bb0b56be4127/tle-review-07.png?sha256=sha256:9d7ac8110913ac19599b5730151001ec70746c608fe2e5e92171c796c8f21193
scan-fw-59e0bb0b56be4127,10.0,sha256:8199e7565a3af4404c44daee518a62110fa2f7a9a34a6178734f0d82c13cebb3,3,lower,275.335030384,16.977439934000017,22,58209,67739,44.05125017400014,50.84950432063865,135.97000900080874,2.6739692120385454,0.0,,,http://gauss:8090/api/v1/scanner/tracking/scan-fw-59e0bb0b56be4127/tle-review-08.png?sha256=sha256:68ece4297da626bf205bfbb8d25a7d945a311642a9e4606f21d4c964da3c1c8d
scan-fw-59e0bb0b56be4127,10.0,sha256:09a157ac95a8ccb3a63d017dc32b33fc54f5b89aa65b223b5f561ac1333e2a5d,3,lower,280.386425486,19.503418803999978,23,69247,58209,77.28298704680067,75.8580386172208,516.0691110467753,6.803090621033018,-5.0,,,http://gauss:8090/api/v1/scanner/tracking/scan-fw-59e0bb0b56be4127/tle-review-09.png?sha256=sha256:110540b2f923ad5cce276941952bcb2b0553cdb25febc8886de23d92cbb1fdb2
scan-fw-59e0bb0b56be4127,10.0,sha256:dd8cc162566a578fc2a2feaaf2d9ca3d8f6f5219721804daa6aaea395b8fec05,2,lower,280.947092203,18.802642179999964,19,69247,58209,69.42053438279684,64.71623645699499,280.7094424870955,4.337542753643153,-4.0,,,http://gauss:8090/api/v1/scanner/tracking/scan-fw-59e0bb0b56be4127/tle-review-10.png?sha256=sha256:ead154a1f1ed941f4329f8638053026996fb010d368bd73dc6ed8dd8a2219efd
scan-fw-59e0bb0b56be4127,10.0,sha256:05ad65822fc5c193cb102cefe7a75640741cdd8651f00dd4cda1ff55877994a1,3,upper,283.333779878,15.573396557000024,15,69247,53228,28.699528949444993,73.68529885430989,1516.9192244915218,20.586456838436185,-4.0,,,http://gauss:8090/api/v1/scanner/tracking/scan-fw-59e0bb0b56be4127/tle-review-11.png?sha256=sha256:8c0944cb60eb04ba8cb0e58412c2807958e2085c48078c0ef6de90e81de0323f
scan-fw-8699866a15184946,10.0,sha256:01b5d14daf0c2e22913fee2ae0f3992f9fcc9d55f8260cda8ee6687366f1dfed,4,upper,0.869438726,30.036005036000002,24,67849,51724,60.966148604127575,42.76419385948202,1446.1287392383886,33.81634514122242,-1.0,67849,False,http://gauss:8090/api/v1/scanner/tracking/scan-fw-8699866a15184946/tle-review-01.png?sha256=sha256:13cb78701e02eac5bab00e7984a0f54f1753a36c57a228b93b19c15e603a5dd4
scan-fw-8699866a15184946,10.0,sha256:84289a34cef1cba9c419a205382a8a585def44cc7941d3ea127c1a2eb44def68,4,lower,1.710338121,29.75644307,29,67849,51724,113.60947481974313,66.35755015673833,764.3824213950719,11.51914770195072,0.0,,,http://gauss:8090/api/v1/scanner/tracking/scan-fw-8699866a15184946/tle-review-02.png?sha256=sha256:42a05efc1b7c42d0a9cd72d9cd3694289f3e5e6ca65e077d135dc5f875e35007
scan-fw-8699866a15184946,10.0,sha256:9172ffd35a64469ef817ad5ff096700e9bb97cac7e9c2353468af899b2314420,1,lower,23.596086109,27.653457155999998,27,63567,48105,78.66320404367119,92.24219858297877,290.09190338663683,3.1448936370014793,-2.0,48105,False,http://gauss:8090/api/v1/scanner/tracking/scan-fw-8699866a15184946/tle-review-03.png?sha256=sha256:cf68ae4cb9a04c7627a9901088300c8dc0cf0fcfa3e44af4ddd362cb2a6446fb
scan-fw-8699866a15184946,10.0,sha256:e0141b45a2e64dbdc5998d20b9eecdfaaddaee72a29a55cd46ef8956accb2e97,1,lower,57.144204168,10.942626567999994,21,48105,63567,35.83310185359043,40.93928180818039,51.235990437755376,1.2515117064783858,-2.0,,,http://gauss:8090/api/v1/scanner/tracking/scan-fw-8699866a15184946/tle-review-04.png?sha256=sha256:525c00bbd99790c0eb1e946d5165f61bea98f7821cc8f4929e63e2242625b019
scan-fw-8699866a15184946,10.0,sha256:a080056cbfe1a04ac705cd0f2bf8ea0400cbd720a75757e835007f6683f889f1,1,lower,86.749597898,21.329304629999996,21,68676,64134,26.111891873283902,28.43937529244801,210.41315604049848,7.398656049114169,-1.0,68676,True,http://gauss:8090/api/v1/scanner/tracking/scan-fw-8699866a15184946/tle-review-05.png?sha256=sha256:a60c119dc4e529135cbd5978f82c84649216a0fa03e20a04c2627041b38caa9e
scan-fw-8699866a15184946,10.0,sha256:b12893f7862c5698ccaa7ecd6ed1e8aa32118f6d6a6c1541029f9682f5a97c1a,4,lower,185.245642472,19.506345614000026,14,65175,60305,26.33906429898065,25.761452839223256,537.2766062841024,20.855834864486706,-2.0,,,http://gauss:8090/api/v1/scanner/tracking/scan-fw-8699866a15184946/tle-review-06.png?sha256=sha256:177e809c0954c2078e87800fb13fa00c396bebb235e5392c595d91edcb6b0f60
scan-fw-8699866a15184946,10.0,sha256:83fe6a5c63d678b993cee3a9e41cee80c139927e817821969ec0b4546f449620,4,lower,223.554985872,39.29079570999997,40,67830,52454,110.86000287894446,110.79983573043904,768.363567118064,6.934699515145385,-1.0,67830,False,http://gauss:8090/api/v1/scanner/tracking/scan-fw-8699866a15184946/tle-review-07.png?sha256=sha256:8f4e746de7f5343972f76c17b979258b42017a3cf5bd70d852ed6dfb371b5bc9
scan-fw-8699866a15184946,10.0,sha256:ce33183981b89ee70863159a9c06d76acebeba3c7b0347aa79977611f1d18583,4,upper,223.694987177,37.748131717999996,44,67830,52454,110.69827550485408,96.14011551882928,660.5894365315789,6.871111325034771,-1.0,,,http://gauss:8090/api/v1/scanner/tracking/scan-fw-8699866a15184946/tle-review-08.png?sha256=sha256:70b8c26fd6934e158bc28149af15c43b894adde2b6427ac8a1dae0753e344d54
scan-fw-8699866a15184946,10.0,sha256:0440d4f00eeddfd3cb3d94aaa5eee38e09a6ac0f0d0b8bc3a35be7a4f5fa5e12,4,upper,283.332418066,15.854765197999996,14,64085,68679,62.0372503561369,90.7740903799304,271.8399632559338,2.9946867230303416,0.0,,,http://gauss:8090/api/v1/scanner/tracking/scan-fw-8699866a15184946/tle-review-09.png?sha256=sha256:23bcfdd1c819504ecb767a8d236f25397911797f76980113dbd7e79ac3a7fcf8
scan-fw-39187e04fd26143a,10.0,sha256:eefbf6635fcff0bbfbc228a100cd50ba47c92fe0362f7844bc2f3a6cc357a8aa,2,lower,0.034805748,19.503311178,21,66011,65526,33.732804024814875,53.78868503226231,1678.0220609294834,31.196562249532782,-1.0,,,http://gauss:8090/api/v1/scanner/tracking/scan-fw-39187e04fd26143a/tle-review-01.png?sha256=sha256:4b4e91c049bf022dfe10b7593516bd9241ec99a9719a54e1f4297b6da9e81ebb
scan-fw-39187e04fd26143a,10.0,sha256:cfeaabbf0b4907fd1b99807acad8982f39c31f9d129e58f0fac2b7104a079f88,4,upper,0.175328256,30.023997067,29,66439,68217,108.81467808783246,107.59944850388705,1927.3013594854144,17.911814477523,-1.0,66439,False,http://gauss:8090/api/v1/scanner/tracking/scan-fw-39187e04fd26143a/tle-review-02.png?sha256=sha256:7262385344cb942c7d4fadbaa6372ce29d29c93e14a071241e9f6b04112a73f0
scan-fw-39187e04fd26143a,10.0,sha256:cd40c53e650dfc984987aad40f777651a55d111b8d296c850715387c91cf7ccb,1,lower,0.315329401,24.694773244,28,66439,66327,91.71573432933273,108.18246109130824,959.2657044755173,8.86710927814701,-1.0,,,http://gauss:8090/api/v1/scanner/tracking/scan-fw-39187e04fd26143a/tle-review-03.png?sha256=sha256:1a6373463b0932d33d1a939d8f8c8e0a8bbac7903ed591d9e02dd8c414dfe0b6
scan-fw-39187e04fd26143a,10.0,sha256:d6db2d91410cb10c7e76484f3d37f865487001de9cbd506e19e17da66588ae68,4,lower,1.157531098,28.48045909,26,66439,66327,110.3271468612948,77.95081465187133,2006.5592651188617,25.741350800247105,-1.0,,,http://gauss:8090/api/v1/scanner/tracking/scan-fw-39187e04fd26143a/tle-review-04.png?sha256=sha256:0ed960f11f469e1a8af3d185dab3d3ee15d6cd8e55138cab6b20bd4dca7872c6
scan-fw-39187e04fd26143a,10.0,sha256:6ebb2973b9ecda724cf379f40d20d60259568606a45f38a3d9c51e15ac6022cb,2,upper,1.578113824,17.258671057,16,66011,65526,87.94080832740906,31.11504065580114,1260.1046830138375,40.498249607104455,-1.0,,,http://gauss:8090/api/v1/scanner/tracking/scan-fw-39187e04fd26143a/tle-review-05.png?sha256=sha256:dde81f520dbf4df411d618674c9e8b25c36935197c40d65dd44acd76ac6ddf59
scan-fw-39187e04fd26143a,10.0,sha256:e41e82c04281e085517e17e403cc9797b045c4ea38c28f58a892e1b7b8a7da6e,1,upper,1.859341654,23.290761047,24,66439,66327,112.00008551261308,115.08126010678833,959.4032710156727,8.336746314086286,-2.0,,,http://gauss:8090/api/v1/scanner/tracking/scan-fw-39187e04fd26143a/tle-review-06.png?sha256=sha256:17709426cc6ab49f80eb27aae659d1f822cd7f3c0d91d4228efccd2406590024
scan-fw-39187e04fd26143a,10.0,sha256:a66f5fe357b7bc736ed56619e6f7992c82b9de943a93e65a9a5db34fde0ae2a8,1,lower,55.738143382,13.467980636,26,59880,67452,34.02012232971246,43.97559595771581,46.8417741986165,1.0651765639209672,0.0,,,http://gauss:8090/api/v1/scanner/tracking/scan-fw-39187e04fd26143a/tle-review-07.png?sha256=sha256:5ed32cc2e2704e3953e9509ab3df6ddffb308c41c01bc0b28ab516cd7de05408
scan-fw-39187e04fd26143a,10.0,sha256:68befa779e825ad5cc9f06676f6d3ab7c6fc8abfad9a4f37f992595f6bd89f7f,1,upper,56.440620061,13.748107441999998,20,59880,67452,32.5682073850278,37.74998443178421,58.59194542888685,1.5521051547654259,-1.0,,,http://gauss:8090/api/v1/scanner/tracking/scan-fw-39187e04fd26143a/tle-review-08.png?sha256=sha256:095ff2d4107cd3573149b62b435ce853de410f0470d1fded991693dece365b90
scan-fw-39187e04fd26143a,10.0,sha256:5332b192a3cb85ab84b252cac1e7989b2dcbeb57931957c67401529b179585d0,1,upper,61.911844437,37.603647067,39,59790,51768,61.58175623014826,118.8502140373201,1437.565445109302,12.095606699184343,0.0,,,http://gauss:8090/api/v1/scanner/tracking/scan-fw-39187e04fd26143a/tle-review-09.png?sha256=sha256:ab91544b30347978559830bfcaf615db4f12f6fe93ad933abe190c36ffbba17c
scan-fw-39187e04fd26143a,10.0,sha256:1dbda9caa70a8ff22772adc0e2931e72f5f8e109e113db3ebcf1dba8651559a0,1,lower,62.191847732,38.024974240000006,44,59790,51768,64.35016262281333,77.39237089233421,1643.199644558987,21.232062354633815,0.0,59790,False,http://gauss:8090/api/v1/scanner/tracking/scan-fw-39187e04fd26143a/tle-review-10.png?sha256=sha256:fe23084a9cd79e3171d78db256cb3e12080fd50237e4413759e7af427af5ade3
scan-fw-39187e04fd26143a,10.0,sha256:94e9b59485aec4bde22405657bfdd8f59dfdec05d6649f0d01d54a0596e233a7,1,lower,112.28609214,30.868145978,35,66435,61252,80.00070313081015,63.68502430181959,319.0580105963729,5.009937800828584,-2.0,61252,False,http://gauss:8090/api/v1/scanner/tracking/scan-fw-39187e04fd26143a/tle-review-11.png?sha256=sha256:3fcf50677fe60f535bec23fc7a98d65b58575f2dc30db55438d154e789fb3551
scan-fw-39187e04fd26143a,10.0,sha256:f2a258cde5af1d6669638f2e5ebcb8e439d3fa20944b546607eef9268021b429,1,upper,114.95144955,28.76412171999999,36,66435,61252,101.79322871035475,118.8570146994165,393.0226768012447,3.3066847404436297,-2.0,,,http://gauss:8090/api/v1/scanner/tracking/scan-fw-39187e04fd26143a/tle-review-12.png?sha256=sha256:8fc4759d8028f893498558b5d37c6d2f5e16df3add23bc940ea839cbc5964f16
scan-fw-39187e04fd26143a,10.0,sha256:c492d4c820005a4859ff5bf0cc34d39cbe9b77ddc97c9e0fca6736009641f5df,1,upper,158.170012759,19.221556343000003,15,56294,66094,85.54473118720593,69.94233832731206,69.21302008853269,0.989572578552259,2.0,,,http://gauss:8090/api/v1/scanner/tracking/scan-fw-39187e04fd26143a/tle-review-13.png?sha256=sha256:d51fc0c5077824f03908acc37f1fc5ac185ac2234a353c874848286e9d9e6e5d
scan-fw-39187e04fd26143a,10.0,sha256:b113b1d6b9f02fa7142e44333b7dccc8fb0555ebffabb9b9d021b5a8a1cda11a,1,lower,163.082079308,13.328147497999993,26,53687,66094,53.8053982700142,83.11868844392531,127.1185009757956,1.5293612466172883,1.0,,,http://gauss:8090/api/v1/scanner/tracking/scan-fw-39187e04fd26143a/tle-review-14.png?sha256=sha256:c6a2ae90d80a084aa88d8fb8b8ddf3b417710d8ba166e51e28eaade7de06108c
scan-fw-39187e04fd26143a,10.0,sha256:bd6a21037526517c91dfa2194694ee0d08f7b12edf0bb3b6c5ea66c992f4310c,1,lower,176.410226825,35.36667172900002,42,66094,53687,96.25389271211729,94.42007053247482,895.601117077597,9.485283288043766,0.0,66094,False,http://gauss:8090/api/v1/scanner/tracking/scan-fw-39187e04fd26143a/tle-review-15.png?sha256=sha256:d57618f9e19694aa762eb5237df96169490b7bb3b70a3acb2a70d6d0dd1ecd32
scan-fw-39187e04fd26143a,10.0,sha256:59e25586d80f1e9625a257604f670f36516d6ead7ce12462f7f9f697c95ad1fd,1,upper,177.391569124,35.085447192000004,40,66094,53687,102.50571325880722,93.6249658377293,1377.2165074570503,14.709928010484303,0.0,,,http://gauss:8090/api/v1/scanner/tracking/scan-fw-39187e04fd26143a/tle-review-16.png?sha256=sha256:8b6c85d816d2c7500cee9845dccb3383d6c0ecfecd7a5e838d070411a81ff431
scan-fw-39187e04fd26143a,10.0,sha256:d48e138025b2422ee4fe42ae75078225438408d289039f3962c40f249980d1e3,4,lower,192.2714197,29.044968995000005,20,61931,56294,35.129575072937364,57.379452251555826,929.5881960002206,16.20071575317304,-1.0,,,http://gauss:8090/api/v1/scanner/tracking/scan-fw-39187e04fd26143a/tle-review-17.png?sha256=sha256:5832ea50e6ea1ddc88a13497de892c7a3df8df8ff567713853f9b0c028283274
scan-fw-39187e04fd26143a,10.0,sha256:ee978325d920cad16935a6dc5285dd3cc1a3ff2e4f6547b88f67d710f3ea5415,4,upper,230.575586785,29.46812785199998,26,59842,58374,53.2891281887897,62.13105108392738,784.6736772403048,12.629332090010163,0.0,,,http://gauss:8090/api/v1/scanner/tracking/scan-fw-39187e04fd26143a/tle-review-18.png?sha256=sha256:de619b8f58430249190fb5644f4f2bd9b9e099ef8b86797303c885ef387b01db
scan-fw-39187e04fd26143a,10.0,sha256:e30f0d0cc50368d62da620c1913f338e0d2168c092e8d708279e8a5b10657745,4,lower,232.820819686,28.345451411,22,59842,58374,84.77581199586044,59.70761165509116,735.2607031610855,12.314354615428519,0.0,,,http://gauss:8090/api/v1/scanner/tracking/scan-fw-39187e04fd26143a/tle-review-19.png?sha256=sha256:8e0dc6958e287c5f4a87b1aea087cd2ce4733a7b16db62d46c92fc9af0c54056
scan-fw-8f3d5e4f98298739,15.0,sha256:eddf8468b4f85adbf3d6193139bc712c9ccc73a3f28533ae8769bcb6a11391f3,2,upper,5.247088594,24.834747292,19,66539,58377,27.32659191689846,39.30595872371554,1768.0612041732816,44.9820144726939,-1.0,,,http://gauss:8090/api/v1/scanner/tracking/scan-fw-8f3d5e4f98298739/tle-review-01.png?sha256=sha256:e02b8efbf89ef2acb1c3497dd9618e5194fd6c42f986a72197d294bc1073a3ec
scan-fw-8f3d5e4f98298739,15.0,sha256:f403a80c57237836525a2e3db8fc829d46ef5d584e8a523fbd79709bc3d153eb,2,lower,5.527089212,21.607680769,25,66539,58377,33.30836835546234,33.78485561444269,751.3889600591638,22.240407614409115,-1.0,,,http://gauss:8090/api/v1/scanner/tracking/scan-fw-8f3d5e4f98298739/tle-review-02.png?sha256=sha256:4807f39c482cf569e98520e5fb3a3be3ec30bb78ebefb945772a24b0fc1b62ca
scan-fw-8f3d5e4f98298739,15.0,sha256:807fcb1a611ada32aa7ae22c03db3ba022eb4f6d20e99d8bdd2f1022dc2cbfa3,1,upper,6.088498685,26.94145448,26,58377,66539,84.88899506418383,78.7584769718142,1461.2476019101564,18.553527926055533,2.0,,,http://gauss:8090/api/v1/scanner/tracking/scan-fw-8f3d5e4f98298739/tle-review-03.png?sha256=sha256:ebc9047049359a8360746721b97fb032fc220a7151f8343dc0a6ae9c0c200d33
scan-fw-8f3d5e4f98298739,15.0,sha256:1aafe8836f7d62c89698240f200b24cfa18a52f57aa9307618a107ba6f2d39e6,1,lower,7.069840894,22.309423273999997,23,58377,66539,92.22504636415809,100.15369748575198,781.1062948096604,7.799075964427392,2.0,,,http://gauss:8090/api/v1/scanner/tracking/scan-fw-8f3d5e4f98298739/tle-review-04.png?sha256=sha256:ee10198d4734a567e1f88610f39065bf4d456577ca44c497a2c7de2b70f063f8
scan-fw-8f3d5e4f98298739,15.0,sha256:c828d7f3fa682ae56d570985549801fb68fbe6465490b613706302a9a3dab540,4,upper,9.595222587,35.369403864999995,31,58377,65066,57.13607041543399,130.65729224642007,5177.28648811401,39.62493328232787,2.0,58377,False,http://gauss:8090/api/v1/scanner/tracking/scan-fw-8f3d5e4f98298739/tle-review-05.png?sha256=sha256:80ca8b1afc55b98da5666ce5d90a8b6e25e16f9e6cdde5994eb78e8a5bba2926
scan-fw-8f3d5e4f98298739,15.0,sha256:c767bf9f0a94a7f8aa7e7de6fd84d0c39a725cf6d3536c690103fe9df9d72948,4,lower,12.681908047,34.526719342,32,58377,65066,55.6159461784521,96.35710196906578,3537.486226138709,36.712252172905465,1.0,,,http://gauss:8090/api/v1/scanner/tracking/scan-fw-8f3d5e4f98298739/tle-review-06.png?sha256=sha256:c4677c601301e43473d3a8a01b7f9ec444425df065a057c5da036000e73f3a7c
scan-fw-8f3d5e4f98298739,15.0,sha256:e15a072b35e3d9d47769904739198901a836016b745f59cfeccd77f4982a9a97,2,lower,44.684567426,19.217870329999997,14,68565,57127,35.99625523601955,26.996362190981234,2110.835167003158,78.18961503295921,-3.0,,,http://gauss:8090/api/v1/scanner/tracking/scan-fw-8f3d5e4f98298739/tle-review-07.png?sha256=sha256:123feede81ec7cff512ffeae310da44a64c331b9aba8efdde24d2ef69486a656
scan-fw-8f3d5e4f98298739,15.0,sha256:a054498f8d0d0497c01c59d7e3616a4bc2fb5cbe30922ef26b06cd30b0acf771,3,lower,61.797775781,27.640147966,26,56505,68565,44.22836429316579,33.54700502276303,1227.928672550356,36.60322796974441,0.0,56505,False,http://gauss:8090/api/v1/scanner/tracking/scan-fw-8f3d5e4f98298739/tle-review-08.png?sha256=sha256:f3dbe5fee012a14e78ac799977ae38bf0e325553839c01893853e0e37ea6e76b
scan-fw-8f3d5e4f98298739,15.0,sha256:77542e0e43db7fa03bb662fa2f51922de5874cc0ec704351c9fd9b5ffc375912,1,lower,211.080549041,21.472162026999996,17,66526,51809,52.54685410289148,208.05527605446807,490.7753390262695,2.3588699519342464,-2.0,51809,False,http://gauss:8090/api/v1/scanner/tracking/scan-fw-8f3d5e4f98298739/tle-review-09.png?sha256=sha256:783580d6a7825272831ab05c49d4c8bb0067ce5800fdc1ff0f2556bbbc7301e7
scan-fw-8f3d5e4f98298739,15.0,sha256:ab75545f75827f861161505f67772a9203f4ee4630edf5323eb19283f810ade6,4,lower,249.247318984,23.14928336700001,23,61921,58742,74.05584420415894,60.64732234896655,867.846290438357,14.309721465438209,-1.0,61921,False,http://gauss:8090/api/v1/scanner/tracking/scan-fw-8f3d5e4f98298739/tle-review-10.png?sha256=sha256:fabe8d01df59dd29e70b13ba460793f9c856d67efeb0c15de09e09ac306757fc
scan-fw-8f3d5e4f98298739,15.0,sha256:99fae05445dfaad4245ab17491815ce3d2c03b7025cbe4686df3d6fed2ad7431,4,upper,250.509999061,20.76415173000001,14,61921,51798,33.69581665314932,149.07505094717575,1065.9922225835414,7.150708423780933,-1.0,,,http://gauss:8090/api/v1/scanner/tracking/scan-fw-8f3d5e4f98298739/tle-review-11.png?sha256=sha256:5b19fa7509c6ed8cc5e7381a3963369981e39add8082f685e552fab1c6429eab
scan-fw-8f3d5e4f98298739,15.0,sha256:50cc76361c7b0a56efb5186b49d49ae8b8021ecfa5d5d1d4db744c96c24566df,3,lower,259.066832772,14.872054229000014,18,61921,51798,16.532734074550522,27.697262702918334,509.52931630872195,18.39637807439488,-1.0,,,http://gauss:8090/api/v1/scanner/tracking/scan-fw-8f3d5e4f98298739/tle-review-12.png?sha256=sha256:193cd46dbea7b08bc7db3736f42e363c2668545374c0e37d20a6b8ba9bdec08d
scan-fw-cac2852c8b997373,20.0,sha256:7ff183d867f95be1dc0cbad9685c9a7aaf53caf65b8baadc9d9567fb5399fa3d,3,lower,0.046361601,32.849432556,34,68563,67553,66.1571269128089,107.9397969946986,132.31014942857948,1.225777267628897,-4.0,67553,True,http://gauss:8090/api/v1/scanner/tracking/scan-fw-cac2852c8b997373/tle-review-01.png?sha256=sha256:052d0e74a27ba53fb06a5168e79cd06d1587b7ea32ad5112f5fdb3cfdc51e39f
scan-fw-cac2852c8b997373,20.0,sha256:5b36776ef1c0c5698dc08d7b77a5681e3a971aaadad23ad616252a5c28de60f5,2,upper,85.11432327,31.442848916000003,23,59876,51781,116.68175754376757,34.93594216452229,205.65378379693843,5.8865961830501705,-1.0,51781,False,http://gauss:8090/api/v1/scanner/tracking/scan-fw-cac2852c8b997373/tle-review-02.png?sha256=sha256:f29068f94f4e0b654f8f023117aead14538c776cdbbb2f6c40b5fe57f5916120
scan-fw-cac2852c8b997373,20.0,sha256:5d24f080e0e8f8f26f37186c1144e45861aff5490272cc67235e385a0fae2423,2,lower,105.889144484,13.054695469999999,19,59876,57115,13.661462771652424,117.20143912358624,96.20364385884481,0.8208401243042781,-1.0,,,http://gauss:8090/api/v1/scanner/tracking/scan-fw-cac2852c8b997373/tle-review-03.png?sha256=sha256:4dc778ec7c92add560a3dad5d090a5f9ec99567ae7aab10792e7daa10f32c156
scan-fw-cac2852c8b997373,20.0,sha256:09903281b1e61812dd225e104e67fccea9ac2e05b762cbb42526341ff72fac2f,2,lower,155.01823732,18.526992551999996,17,58244,56523,79.57637234919477,58.55396939199928,102.79454466748433,1.7555521126041715,1.0,,,http://gauss:8090/api/v1/scanner/tracking/scan-fw-cac2852c8b997373/tle-review-04.png?sha256=sha256:572ed8fb2c1f031122d2ff9ef074dcc66704035172eca4df91cdaa4394fe1d69
scan-fw-cac2852c8b997373,20.0,sha256:9e7c2197f196cd4777a6ccde3acf7cd2c0d7632aa426d4054575146c49e13628,2,lower,179.43990369,21.757264456,18,58376,58244,74.40129700338636,71.17921291405041,79.74398831801118,1.1203269192411949,4.0,56523,True,http://gauss:8090/api/v1/scanner/tracking/scan-fw-cac2852c8b997373/tle-review-05.png?sha256=sha256:94cb25ab9f72dadb973f278a36e87138821330126133cef84d0139bc82137872
scan-fw-cac2852c8b997373,20.0,sha256:0b8918adb1f0d253bb313eaba733955fd5dcbb72875fd1c7aa3237fd145cc778,2,lower,235.594564603,42.11879081700002,40,61929,62525,42.47894250614448,54.922091509731096,4057.2363778862573,73.87257597732592,-1.0,61929,False,http://gauss:8090/api/v1/scanner/tracking/scan-fw-cac2852c8b997373/tle-review-06.png?sha256=sha256:1d409100b19399d6af186b834a139e49da22f3340287fd3f3779d7e21e58ec61
scan-fw-cac2852c8b997373,20.0,sha256:31fbb974803330efc0aa71d9042c1649b30dde87bffc08a538716e089c21ff37,4,upper,236.577240463,34.39746712300001,35,61929,62525,66.78030885059665,55.87466066072718,3049.0506117419836,54.56946987572634,-1.0,,,http://gauss:8090/api/v1/scanner/tracking/scan-fw-cac2852c8b997373/tle-review-07.png?sha256=sha256:a3547c445d4cd29a0511b0767c20f85ca61b535d98b1032fd47f5ff94f6a7624
scan-fw-cac2852c8b997373,20.0,sha256:259567ab899a51514cb75b0cba126a1410b7df280d8b7be75a3673cde97fc7ab,2,upper,236.998577628,36.784123881,30,61929,62525,39.98031044866926,85.22365118592266,3912.894477714749,45.913246185362745,-1.0,,,http://gauss:8090/api/v1/scanner/tracking/scan-fw-cac2852c8b997373/tle-review-08.png?sha256=sha256:9a82cb8df78bacf7f0757c55f357a5ef54ee99718386b29056739218ad7dec50
scan-fw-cac2852c8b997373,20.0,sha256:c59fe8b48f32fcc52907abb5a082e25a7961fdf571d3a60dbb2fb34d23b43e7d,1,lower,240.229209032,34.53614988899997,35,61929,67538,33.15232139684404,29.56380582687349,4815.565806944241,162.88720860718456,-1.0,,,http://gauss:8090/api/v1/scanner/tracking/scan-fw-cac2852c8b997373/tle-review-09.png?sha256=sha256:e9ae6a67b536b6f5ba2f05db94e9855b8bace1f350223f811b3cbc20c6ca4ffd
scan-fw-cac2852c8b997373,20.0,sha256:105452cc751371336f56943305a11f351a1ac1dda58ccbbbff9276040146b182,3,lower,245.843993632,28.501378442999993,15,61929,67538,35.30068291325846,38.55831015993137,1876.3093085306873,48.6616062983095,-1.0,,,http://gauss:8090/api/v1/scanner/tracking/scan-fw-cac2852c8b997373/tle-review-10.png?sha256=sha256:fde24bc3188f4de1d412c1a7bb1d0ff9b972f567bb597287a75dfc3d58870884
scan-fw-cac2852c8b997373,20.0,sha256:b74d050170720ff3f9fed93fc3ef6bd64567b574d1d0f2da66e4d499d9b88c3e,1,upper,246.265316073,28.781376600999977,27,61929,67538,35.234819569026676,35.9185755282945,2377.5582425950097,66.1929992385726,-1.0,,,http://gauss:8090/api/v1/scanner/tracking/scan-fw-cac2852c8b997373/tle-review-11.png?sha256=sha256:c32281fdac01a0ad02c2006b554d5d9d6358dc5aca8f32ac5d569909d7806682
scan-fw-cac2852c8b997373,20.0,sha256:d788f521bae39bb754589555447352f59dc122124c49a47daa65f0ce16ce2be5,4,upper,270.833306815,17.54675157700001,19,66339,61929,46.801331238286394,41.20271048355721,675.3660555465633,16.391301630898337,-2.0,,,http://gauss:8090/api/v1/scanner/tracking/scan-fw-cac2852c8b997373/tle-review-12.png?sha256=sha256:7d256f3700602288a44344a4cf0001775e6c0cf0e0b1668b57fdbede5f5df793
scan-fw-2cc439088902d3cb,10.0,sha256:8c722151d1b2f9bd14ceb33f9312532dc4a914e2e8e79705ec2611bf91c7da31,4,lower,10.710664707,31.569632091000003,29,61912,48671,85.30703040030393,105.0287155957163,1378.4325594696647,13.124339868875683,-1.0,61912,False,http://gauss:8090/api/v1/scanner/tracking/scan-fw-2cc439088902d3cb/tle-review-01.png?sha256=sha256:e1a11faf942fae802ffdc63e9d5af58a4dbe06f31b3d6e58f59d68ce84a8f814
scan-fw-2cc439088902d3cb,10.0,sha256:03cc92343a916c78430055d4f66137e3cf5cb22fc784406e6c05e2dfad1c6989,3,lower,124.225788475,17.256402487999992,19,67555,61248,88.91928997488934,45.94766546508733,2176.515051104749,47.36943714275413,0.0,67555,False,http://gauss:8090/api/v1/scanner/tracking/scan-fw-2cc439088902d3cb/tle-review-02.png?sha256=sha256:bc1ea8ba07ed59f9b5e3eb693aae5f4dae54d09ed62709a82a1eba51ba1cabe1
scan-fw-2cc439088902d3cb,10.0,sha256:c734841cd80ed459cc4f5dccfa4e25cb4a21b3e8799aa89b97bb986f776dcecb,2,lower,147.656398564,36.199678705999986,40,64264,64271,185.00395572658033,115.0823651039206,1437.1810088998504,12.488281828428368,-1.0,64264,False,http://gauss:8090/api/v1/scanner/tracking/scan-fw-2cc439088902d3cb/tle-review-03.png?sha256=sha256:34a8e34b7e48f25a0db7f0561eb2f2b7c25f735e5815541446c3ab912c0e4606
scan-fw-2cc439088902d3cb,10.0,sha256:6ba7bfa155ac5324723ef5a91376f2af49ba463fea74abd1d5e041885354fc60,2,upper,149.620445177,29.46527391700002,35,64264,54065,101.6368984194022,132.38652133542354,1783.173105152829,13.4694460369939,-1.0,,,http://gauss:8090/api/v1/scanner/tracking/scan-fw-2cc439088902d3cb/tle-review-04.png?sha256=sha256:c0aa0d4c33ab2041708542fad51ac4c4a7355e49fae471122fc17c027c650b7c
scan-fw-84018161c4854b96,15.0,sha256:eca53113339521ccc299b2782031fa427b41eeccca5194098cae93930873bd54,2,upper,116.925458758,8.280064312999997,19,64257,51769,20.58098841256652,23.812320504295247,370.2942346506672,15.55053127156901,1.0,,,http://gauss:8090/api/v1/scanner/tracking/scan-fw-84018161c4854b96/tle-review-01.png?sha256=sha256:3c329d148bc47161826f2b1a468cec60813e8c2d97239973d29a37c93ade31ce
scan-fw-84018161c4854b96,15.0,sha256:074af9e4c5a0c123117d49306d289aa1b724d0e30bf4a3cb34e751cd62b933cd,4,upper,120.85604811,23.289737294000005,21,64257,64267,42.04177507878134,36.29882388089664,771.2328353005236,21.24677201198269,1.0,,,http://gauss:8090/api/v1/scanner/tracking/scan-fw-84018161c4854b96/tle-review-02.png?sha256=sha256:d48ce4e864135f6fcde8928dd6e98fafe1e8f1695c7218af8afcb65a585814e9
scan-fw-84018161c4854b96,15.0,sha256:fb28ebb901cbba8752a7ad3c2258caae05efd7f484986cd4e820a26d902ae6f3,4,lower,124.784328776,35.21955965500001,34,64257,54068,54.71861473900101,40.59735280200421,1397.5672899956853,34.42508423669167,1.0,,,http://gauss:8090/api/v1/scanner/tracking/scan-fw-84018161c4854b96/tle-review-03.png?sha256=sha256:49e5f33427b85003363b14df1ee5af7bf16562a249d79ac475c92216138c071d
scan-fw-84018161c4854b96,15.0,sha256:695d62f47256d48e73ba52e37c545d627c935d9cb6161d4f9a3a504e31707847,2,upper,125.205523071,39.008245382,47,64257,54068,95.50425691901009,114.22514750343854,1017.588485493695,8.908620454730096,1.0,64257,False,http://gauss:8090/api/v1/scanner/tracking/scan-fw-84018161c4854b96/tle-review-04.png?sha256=sha256:ac94c97cfbf3fd86c85678ca6ac6f962b26a6729e8a15ea66c445f293d0e5092
scan-fw-84018161c4854b96,15.0,sha256:fcc7fd812a2a65920616381def9c568edfa79ee14d43b6f5cc6c07ea26368253,2,lower,125.486575442,37.744530432999994,32,64257,54068,66.36631645026088,87.39805101507956,862.6147157395899,9.869953685703532,1.0,,,http://gauss:8090/api/v1/scanner/tracking/scan-fw-84018161c4854b96/tle-review-05.png?sha256=sha256:7ca1cced9fcc16ae04d33d64b970d0b6eded73b238577f347350b9463ebe1afc
scan-fw-84018161c4854b96,15.0,sha256:f961c60c216605517cb9474ea652dbe6cbb44371d0a11e942f7954c03066254d,1,upper,129.554974828,32.69346663599998,24,64257,54068,35.749910534917476,48.89409650846001,814.5528430928495,16.65953358912992,1.0,,,http://gauss:8090/api/v1/scanner/tracking/scan-fw-84018161c4854b96/tle-review-06.png?sha256=sha256:9bb147b6f8add803965d4e4cea2b2df312d8c355f8aa26bcd3a9df0cc9b8ef67
scan-fw-84018161c4854b96,15.0,sha256:e6ac89b996798913cad2eb1af2d5532c9969a944738aefecce54a7c6f3038a7d,2,lower,238.718814612,16.555966176,22,67539,56549,23.34210679452865,15.008350628581258,328.97593052182975,21.919525913483266,-1.0,56549,False,http://gauss:8090/api/v1/scanner/tracking/scan-fw-84018161c4854b96/tle-review-07.png?sha256=sha256:7efafae1fe5a464a4c9e36a2ccfe9a652923c711f251d062f93ef93c31073922
scan-fw-84018161c4854b96,15.0,sha256:5c80b8a0fbef32254c9b0332c78785d7f2e16bb38447117767c20bc0b3340188,4,lower,265.51509241,12.76809426699998,19,58236,56549,21.424418599056057,22.376893499159678,723.1676038575699,32.31760493853748,0.0,58236,False,http://gauss:8090/api/v1/scanner/tracking/scan-fw-84018161c4854b96/tle-review-08.png?sha256=sha256:77d3e451594b539f2cb572b82f2012a2d6772f9fc6217fc2e54a97f30504ceb7
scan-fw-84018161c4854b96,15.0,sha256:6b3902295818cfdbc5d9e8cd47ae39109c05fb9f683837536e1551ae877c629a,3,lower,285.15928522,13.467891565999992,16,62285,56540,51.92800343581693,69.82424489501477,348.7261549987375,4.994341944163802,-2.0,58236,False,http://gauss:8090/api/v1/scanner/tracking/scan-fw-84018161c4854b96/tle-review-09.png?sha256=sha256:5210cd6444910d449ff9c5878b75ea5359984d247b37977733e0011cc587836a
scan-fw-339f6cd315644713,20.0,sha256:dd4c30c4193b28ddd88d1c163b36c11bef1ab8210ba3fc8a913d4c64924e751c,4,upper,57.445823446,24.702834114000005,18,64272,64276,104.27091577385954,148.02704139227367,2261.3346641358676,15.276497070175846,-1.0,,,http://gauss:8090/api/v1/scanner/tracking/scan-fw-339f6cd315644713/tle-review-01.png?sha256=sha256:485648acf83d4def70d368359a7a3db9fd1b58cdccc5880d52c8f266e662ea6b
scan-fw-339f6cd315644713,20.0,sha256:f0936745d75008435766fe7743c14e7e1393feb4ee6c11f38060c14944870553,4,lower,62.217870269,26.106627801000002,23,64272,57102,127.1690901572602,237.2763604139907,2409.2039761802043,10.1535777604508,-1.0,64272,False,http://gauss:8090/api/v1/scanner/tracking/scan-fw-339f6cd315644713/tle-review-02.png?sha256=sha256:ab79c4f10085721b93f4e7ef64504045660e4165a7e595c7044ae29186d72dd4
scan-fw-339f6cd315644713,20.0,sha256:e50ddc6646d98feaf2e50f83d6915ef361e4ab27e0cec9123d924a62dccdce38,3,upper,165.955674794,30.882424643999997,20,58747,57938,67.65841234456373,57.177421536717816,887.7229610646302,15.525760644777558,0.0,58747,False,http://gauss:8090/api/v1/scanner/tracking/scan-fw-339f6cd315644713/tle-review-03.png?sha256=sha256:e5b479833de097b50a7a73285246be64a6adacc566838172d7f6680c8deb8b3b
scan-fw-99d253498c148c7e,10.0,sha256:7a76304dbfc038bd15c27ab14b1c3979b32de8cc58a0dee5d0c683c354d29c73,1,lower,124.094126213,17.120368630000016,20,62492,62918,43.82046665851966,185.4726411976606,835.2564580395108,4.503394423274359,-1.0,62492,False,http://gauss:8090/api/v1/scanner/tracking/scan-fw-99d253498c148c7e/tle-review-01.png?sha256=sha256:c590ea48c4cde3b08b82f9543601a90cbb8900fd0cea8ab60a9f31c8b7a31527
scan-fw-99d253498c148c7e,10.0,sha256:7633073878a8a79384b6529064d8502be8c5317b6fe34d63fc585986130e0c90,1,upper,130.828194011,30.869484590000013,35,62492,68510,37.64374897337077,41.37154112909082,1253.0109516204602,30.28678452443225,-1.0,62492,False,http://gauss:8090/api/v1/scanner/tracking/scan-fw-99d253498c148c7e/tle-review-02.png?sha256=sha256:b8ec14170c39aeb08604405679fa2c9b9ce02f07aeaecd46e5d813b21590c914
scan-fw-99d253498c148c7e,10.0,sha256:425462b93938d6725d5442c0e9943f5ed8e5cdb64497916571ed02957d3a57b7,2,upper,134.056230982,30.16680982700001,45,62492,68510,79.06250679164549,117.85944230070668,1051.8106008010036,8.92427946602202,-1.0,,,http://gauss:8090/api/v1/scanner/tracking/scan-fw-99d253498c148c7e/tle-review-03.png?sha256=sha256:2a3221d61cb2073131e1de1a3ea89c47ecfa806aa6e618f36297783557ce78d6
scan-fw-99d253498c148c7e,10.0,sha256:f7f3aa51d5c6d01f7c28ed329aa4e89b8db9c88e89390a6b65fa486014d8efea,3,lower,166.327800219,23.846048963999976,22,61547,65904,60.80206746885904,65.204126556285,2648.0525464405887,40.611732512891756,1.0,61547,False,http://gauss:8090/api/v1/scanner/tracking/scan-fw-99d253498c148c7e/tle-review-04.png?sha256=sha256:3cb3e681fe91fb8a585dc55bcd7ded5e32022089859ff1066058dc2e729dcd3b
scan-fw-99d253498c148c7e,10.0,sha256:66face50909026e40d267ff7a8ba02093e478f0c4f9a6732c1ef720c1f23bf91,3,upper,169.413798363,20.05871829999998,22,61547,65904,66.58453639357069,104.85985155199864,2651.5107949570256,25.286234490253648,1.0,,,http://gauss:8090/api/v1/scanner/tracking/scan-fw-99d253498c148c7e/tle-review-05.png?sha256=sha256:a4a228d765e1df22419328ba20313f885fd77a71a879d414727399c3c028b84d
scan-fw-99d253498c148c7e,10.0,sha256:2c055ac8c884a08fde573239ea15024aec1b80ace4d689eacf1b4c45a0378930,4,lower,240.259146961,21.466698296999994,20,67356,62057,24.043286267425934,25.525864294107475,3111.1120098632136,121.88077057909452,0.0,67356,False,http://gauss:8090/api/v1/scanner/tracking/scan-fw-99d253498c148c7e/tle-review-06.png?sha256=sha256:3c0e06179f4d57a872f7d3c5a35892f75f05a8b1ac3c9cdf6d11332ea055ffde
scan-fw-99d253498c148c7e,10.0,sha256:021c97ca1de73f441ca959a06d8ffeb8aef55b7c135d0258bd40782128d068e1,4,upper,240.679156202,20.625356205000003,19,67356,57864,21.067379352515957,116.50595825435416,2046.7589938765066,17.567848241787356,0.0,,,http://gauss:8090/api/v1/scanner/tracking/scan-fw-99d253498c148c7e/tle-review-07.png?sha256=sha256:1ef02f05eb92dc2f8cef08ac9f6d086cf154850e1c931ea1c1d1dd7d06a15cdc
scan-fw-f5c5c846a92fc5e7,15.0,sha256:0a6caa235e07bd5b93f696d9b8eb4d2176e9df9c7a4d20785e0ce6e6536e9f1a,2,lower,31.03455754,42.935418441,50,62570,53436,93.01800140518775,120.4714291898724,856.814372853912,7.112179033781574,-2.0,62570,False,http://gauss:8090/api/v1/scanner/tracking/scan-fw-f5c5c846a92fc5e7/tle-review-01.png?sha256=sha256:ea21649a59a0932b891559cbff74081bcc29ca0e6e94c6b80ae36eedac8805d4
scan-fw-f5c5c846a92fc5e7,15.0,sha256:b60e613d30fa77f5e621acc4d4f620cece9748cc5356833a2cb00fac33cf1b56,1,lower,69.060656636,29.185357875999998,32,66474,56546,54.33880482573884,82.94542536077421,356.2750492303693,4.295294739652461,-3.0,,,http://gauss:8090/api/v1/scanner/tracking/scan-fw-f5c5c846a92fc5e7/tle-review-02.png?sha256=sha256:1d73673398f5c091f757191c8883c67d5bfa6ec691976f7495903f460feacce0
scan-fw-f5c5c846a92fc5e7,15.0,sha256:2035daa283be6cd4dba30c084204b50f581e13d7250b6cbfd1a906c2419cc5d0,1,upper,72.005986033,35.358799270999995,31,66474,56546,34.84641534383334,51.79999141026162,357.7822871631203,6.906995106030912,-3.0,66474,False,http://gauss:8090/api/v1/scanner/tracking/scan-fw-f5c5c846a92fc5e7/tle-review-03.png?sha256=sha256:67234c6cc886e1722d7907ddbfe8cd12c0fbce0ed7715278a89b41eb8fcd2743
scan-fw-f5c5c846a92fc5e7,15.0,sha256:ee878bb95d542d8d89f2f43da7b250e0608a74e0c16a6d787afd469eb801276b,4,lower,102.735357017,27.78310511299999,29,67360,47723,45.0559287481224,44.28901841997771,1690.3757768254907,38.16692799095775,-3.0,67360,False,http://gauss:8090/api/v1/scanner/tracking/scan-fw-f5c5c846a92fc5e7/tle-review-04.png?sha256=sha256:d2fb9e3cf5aba5b065eb123feda1060358b258c524eebcfb8c28bf2e862d6971
scan-fw-f5c5c846a92fc5e7,15.0,sha256:89307293c085bc769fd57ec5c03fb2a990492f12e2e46224beb773e07249f4e8,1,upper,146.935423193,17.398654308000005,17,58775,62870,29.52177869931332,15.535457536775532,84.17864547596038,5.418485118748046,1.0,,,http://gauss:8090/api/v1/scanner/tracking/scan-fw-f5c5c846a92fc5e7/tle-review-05.png?sha256=sha256:c403d92e45a6f9ddd9593437fa237434e49bc52e329e4395c1f0455afea708f8
scan-fw-f5c5c846a92fc5e7,15.0,sha256:a06dd2a5d204ebdbec034d432f906f06298fc28f0a79365f2400e3af209cf25a,1,lower,169.948643295,19.641496069999988,17,56554,66460,69.35132001659831,67.55742417971294,83.46400341515209,1.2354527193506557,2.0,,,http://gauss:8090/api/v1/scanner/tracking/scan-fw-f5c5c846a92fc5e7/tle-review-06.png?sha256=sha256:60afddb6673090866f4cb70228c6014d3e8bbf2ba0bc4866054f3492406d8842
scan-fw-f5c5c846a92fc5e7,15.0,sha256:03b87c32a3cdf0a537256bcc3b190a74c65bdd0fcd52351855df9c40a19c262d,1,upper,175.700549145,13.748786638000013,15,67012,67029,30.39223137884004,53.20888249077674,180.54469299532772,3.393130705697934,0.0,,,http://gauss:8090/api/v1/scanner/tracking/scan-fw-f5c5c846a92fc5e7/tle-review-07.png?sha256=sha256:ce7f752bf3e84bd715c42c18dbda8595afd9ab9975034d44e396b2d2f2cdcc55
scan-fw-f5c5c846a92fc5e7,15.0,sha256:cf95fd4e0ae606f227423734d299b4f2fceab8e626976f577a14c228d9dae1e9,1,lower,175.980920419,13.609079401000002,17,67012,67029,60.54859073592993,173.32714495399813,158.0492515138924,0.9118551601126265,1.0,,,http://gauss:8090/api/v1/scanner/tracking/scan-fw-f5c5c846a92fc5e7/tle-review-08.png?sha256=sha256:20382d4327437e8dfedae16ea0219b477793acdd19f32c3df89990620ccfe2f3
scan-fw-f5c5c846a92fc5e7,15.0,sha256:70479be912e935cfa3767228e1858c5e5cff9cb0e04b1af6831c587316a70299,4,lower,179.208128875,10.802944061000005,19,67012,67029,20.900182288117342,21.97550760202606,123.15020714213117,5.603975542789154,0.0,,,http://gauss:8090/api/v1/scanner/tracking/scan-fw-f5c5c846a92fc5e7/tle-review-09.png?sha256=sha256:2908197c9d7e45dd9a59c88f86641a67becc047ec6e76791bda4a63490b3d37f
scan-fw-f5c5c846a92fc5e7,15.0,sha256:c4580951bee90a2dec923cc9fc5ce4675c974a102f23613378dd269159333d4a,4,lower,190.713281011,15.435167647000014,15,67029,57810,16.839155305625386,18.596796318503863,296.5945563735936,15.94869090857769,0.0,,,http://gauss:8090/api/v1/scanner/tracking/scan-fw-f5c5c846a92fc5e7/tle-review-10.png?sha256=sha256:28a30a5a0f8f91b981577f96564dca84134f2e8a4b00c2981945ade968004d4e
scan-fw-f5c5c846a92fc5e7,15.0,sha256:a27acdf5890216bc403e30c42965860bf572b6ee8543b3956d96859c35097dca,1,lower,196.043430969,21.75054888699998,35,66460,45573,21.201689233966004,73.6020862884474,224.24232567536248,3.046684367023977,-1.0,56554,False,http://gauss:8090/api/v1/scanner/tracking/scan-fw-f5c5c846a92fc5e7/tle-review-11.png?sha256=sha256:ec4d453709a5bb67f39d8993987d9a9ad166dfdda34ce3564226f5fc0b358318
scan-fw-f5c5c846a92fc5e7,15.0,sha256:612fbe31c34e1283674d017e471b4a47e06c3caef9cf11fbba9235b8d62c298d,1,upper,201.235432206,20.066755812999986,26,66460,56554,16.9100591567816,23.426899093945657,210.62524027119963,8.990743479389156,-1.0,,,http://gauss:8090/api/v1/scanner/tracking/scan-fw-f5c5c846a92fc5e7/tle-review-12.png?sha256=sha256:9e641b551914570e4bd615b29278034e4170e28fdc6d54e14788e5c9ffd51d7e
scan-fw-c278e7656221ad52,20.0,sha256:5611b2e807bad94823c0da93f2111f7f9e886bc2d067617eca1e0e5268fa8cc2,1,lower,117.926552679,10.668042907,14,68513,62837,153.2832586425965,87.76178394186658,432.648435540475,4.929804478758789,-5.0,68513,False,http://gauss:8090/api/v1/scanner/tracking/scan-fw-c278e7656221ad52/tle-review-01.png?sha256=sha256:9dda2d75e3491396e7897c64a85a4ccc3f2a1a2f81c95c0e08955afb83cc3a8e
scan-fw-c278e7656221ad52,20.0,sha256:40d008773fc82f9135aa988c4bbc74f86eb640d96ac262a94754a3ca082370dd,1,upper,135.19309026,30.596145111,29,59085,58774,75.88464050786554,118.30170674209346,1169.5937613285923,9.886533284582224,-2.0,,,http://gauss:8090/api/v1/scanner/tracking/scan-fw-c278e7656221ad52/tle-review-02.png?sha256=sha256:52efb0051a2b6715803e0d9a6d4975e6f5790bba5b9d0705567ff982f102eac5
scan-fw-c278e7656221ad52,20.0,sha256:f100a063dac4ee550ea6551acd9cf277ada45c93d61a620789181ca331c85cb8,1,lower,137.155774473,33.68642022,31,59085,58774,133.84138629320688,121.98101463199063,1944.4048406793029,15.940225178036558,-2.0,59085,False,http://gauss:8090/api/v1/scanner/tracking/scan-fw-c278e7656221ad52/tle-review-03.png?sha256=sha256:3329ee39424aaa1210187ecca92c4a4551934d91a44f50a29f1d3a00f769bdca
scan-fw-c278e7656221ad52,20.0,sha256:ba53043b82ad328432e515ebd58374574db1a74a86d811d1a109067580f84d26,2,upper,241.463925196,18.281385534000037,20,57826,54200,29.03036419429789,90.99213818475249,1164.4048232035523,12.796762955930527,-1.0,57826,False,http://gauss:8090/api/v1/scanner/tracking/scan-fw-c278e7656221ad52/tle-review-04.png?sha256=sha256:02d460a8be744f0a9c50704e50fc378e34cb79738b993aec70ae826f0aa8731e
scan-fw-ccbbacd514abeb9f,20.0,sha256:d3dfb18a700f015ff83c36441d73b63f1f3f38f392d20ea15f0c859ce1e0a7af,2,upper,204.297132699,21.336089294000004,14,61863,64121,27.808215481572105,30.262817105374364,486.427367125907,16.073433131891825,0.0,61863,False,http://gauss:8090/api/v1/scanner/tracking/scan-fw-ccbbacd514abeb9f/tle-review-01.png?sha256=sha256:28c9f9ca6300a27e088555f49a08ca69c903bffcd9fdc88664c04e30b01fc027
scan-fw-7c0ab729e74bedf6,10.0,sha256:f5e55a04e6bf8baf02e021dceab96c518cf3662274ef74e2611f5d62823a4913,4,lower,2.865764514,17.959716255,20,64096,61866,27.278942727544365,43.15854475958174,745.301778135453,17.26892744616897,0.0,,,http://gauss:8090/api/v1/scanner/tracking/scan-fw-7c0ab729e74bedf6/tle-review-01.png?sha256=sha256:9b0eb1abb7d0cbed2dbf373516dcb2c05e671f22cfc303bd31731ecbd0f28f9c
scan-fw-7c0ab729e74bedf6,10.0,sha256:e87f8723a85ecd70418155a7285dd290fb3ab70914374fbf4351728a9b0a8dda,1,upper,36.959767641,23.992652581,31,61955,64107,33.864473680465096,67.68691244185331,1181.5138143041331,17.455572601558934,-1.0,,,http://gauss:8090/api/v1/scanner/tracking/scan-fw-7c0ab729e74bedf6/tle-review-02.png?sha256=sha256:d246c5311ccda614ca199bb8ff07ed3706e231260505ca8ff4942e36b59d955a
scan-fw-7c0ab729e74bedf6,10.0,sha256:59dda23ec8f057a1b6c63956cf988afc8f58e02bf92bd80662c0d5b44fc38461,1,upper,89.290981949,9.540095136999994,14,67173,62196,22.554215510653876,49.6811462996437,67.57381054152867,1.3601499879646153,2.0,,,http://gauss:8090/api/v1/scanner/tracking/scan-fw-7c0ab729e74bedf6/tle-review-03.png?sha256=sha256:297cfafe0161e2d7afb1536eb99dddcd7b8ffcb0abd13672a6be131e6df13946
scan-fw-7c0ab729e74bedf6,10.0,sha256:8749d46f1e01810c433662bc8f30957419f7a895a2c28728c0529a9a8c402d15,1,upper,98.831077087,30.4441154,24,62196,67173,36.09900735489161,94.571400661248,632.2290856280329,6.6852037847325425,-1.0,62196,False,http://gauss:8090/api/v1/scanner/tracking/scan-fw-7c0ab729e74bedf6/tle-review-04.png?sha256=sha256:32059c45cca2c654789ab3c50ca03d305755a8179548f194e6103fc7262ae9f6
scan-fw-7c0ab729e74bedf6,10.0,sha256:7bae24c84a01ee2feed983bd0a7d62122cd938b3655f2ca5af161868a2cb2caf,2,lower,115.667173044,14.028032506999992,14,62196,60132,25.095859276610025,45.615752204602046,154.44034587787473,3.385680130520651,-1.0,,,http://gauss:8090/api/v1/scanner/tracking/scan-fw-7c0ab729e74bedf6/tle-review-05.png?sha256=sha256:dcf764796f27612e543a49de82706bf13065aecc976542cc97ca509d2ef5b304
scan-fw-7c0ab729e74bedf6,10.0,sha256:359f7217e39b5194bc9f8ddd6e696e50a790116bbca6cf086ac0c38d7548b7f2,3,lower,117.071026574,27.637482930999994,29,57942,51864,47.359756999716694,89.21821443441637,729.2897896398422,8.174225344712964,1.0,,,http://gauss:8090/api/v1/scanner/tracking/scan-fw-7c0ab729e74bedf6/tle-review-06.png?sha256=sha256:5ba52b715cd5bca23d6950b53667922e7ef6d4d9f24aa354b02a5a114a2eef7f
scan-fw-7c0ab729e74bedf6,10.0,sha256:9ccb0a781af6af98607e7be38ee8d1f941b16e7695485bceba9728484dd63ff3,3,lower,162.386938183,20.627837398999986,14,64247,64324,74.37680003659165,33.013196414759555,304.3128872135089,9.217916477710608,-1.0,,,http://gauss:8090/api/v1/scanner/tracking/scan-fw-7c0ab729e74bedf6/tle-review-07.png?sha256=sha256:2d4f75514dd1048c5e718a3fc727edcc46759a1dcf0a2aad098d89ec2f0fdc7d
scan-fw-7c0ab729e74bedf6,10.0,sha256:19daddff2f064c7b6150279e0c810ddcec865daaa726c3334e2c245576349025,3,upper,180.909820726,42.375831266000006,45,64247,64324,103.2060310967415,127.95677097845522,2789.5187581413406,21.800477902111385,-1.0,64247,False,http://gauss:8090/api/v1/scanner/tracking/scan-fw-7c0ab729e74bedf6/tle-review-08.png?sha256=sha256:62a6566ed5eb146d22da9777c6518d3e24820da1c95468f55dc2a7aa1d7aaf34
scan-fw-7c0ab729e74bedf6,10.0,sha256:5878eff14a1b9e123bc5c1aedfaf27869315420237a541cb8782547c46e61fe4,3,lower,183.014775582,41.67236226200001,53,64247,64324,77.4878410633194,104.93506961141507,2716.61902051294,25.88857119524339,-1.0,,,http://gauss:8090/api/v1/scanner/tracking/scan-fw-7c0ab729e74bedf6/tle-review-09.png?sha256=sha256:21e38de3e4d33c1a410c4c4e6a8c3ba7451f0aa9bdc4cf09a5e09c7495323f0e
scan-fw-7c0ab729e74bedf6,10.0,sha256:8dd599b8f84b912debbb665368b98df4e7f76927a967fc6b1cf5bac809c79f27,1,upper,188.767204226,31.430583936000005,38,64247,64324,82.12802284227502,80.34602041978043,2439.0258881402956,30.356523887520762,-1.0,,,http://gauss:8090/api/v1/scanner/tracking/scan-fw-7c0ab729e74bedf6/tle-review-10.png?sha256=sha256:6c8525ccfa7d988df0e9dae2b9296ac0f06ab2373d4275467563767b875a2b76
scan-fw-7c0ab729e74bedf6,10.0,sha256:5e8597ca91df0cb3be88f12efa2bd5c486b9536cd8eb99cae518c5bf6d16fd16,4,upper,220.477896812,25.81474874699998,23,61953,61864,137.69562137799022,72.24456839571678,377.0776820503974,5.219460651837093,-1.0,61953,False,http://gauss:8090/api/v1/scanner/tracking/scan-fw-7c0ab729e74bedf6/tle-review-11.png?sha256=sha256:f95714f8b4aeb467da7879952bc8755723c8edd2f748db585291bd0a0c3c9966
scan-fw-7c0ab729e74bedf6,10.0,sha256:b6f453db654fc4022d3f61e6a93bee95e8e82d36b91ccccaf3599ff124f5adc1,4,lower,221.319237247,28.761405517000014,26,61953,61864,239.48646893366725,515.5362234675385,512.1504127851903,0.993432448529853,-1.0,,,http://gauss:8090/api/v1/scanner/tracking/scan-fw-7c0ab729e74bedf6/tle-review-12.png?sha256=sha256:1cda9f27ec2f7bd466490d8e5f4c68f5812faa1052eacd36ca234cc09892994a
scan-fw-7c0ab729e74bedf6,10.0,sha256:93e2e94b44f54cb55da8f5f5282c5204656ee7ce64d9e5dae02ddb6b7047d242,2,lower,223.004577521,14.870736956000002,16,61953,61864,36.921797881359055,44.316157945079844,124.85257407228897,2.817314944743548,-1.0,,,http://gauss:8090/api/v1/scanner/tracking/scan-fw-7c0ab729e74bedf6/tle-review-13.png?sha256=sha256:4cea06107e3fffdf903badc0d7b6b8a732601d0b9673e0a11c1a65a86b556ad5
scan-fw-7c0ab729e74bedf6,10.0,sha256:917b9917ff31a1c34de381f6b1e2096657571d31f3adf02ab4e097733132c420,4,upper,247.133961956,15.296060549000003,17,63494,61864,86.24395477048289,101.00483860109931,758.0512690108723,7.505098562700162,0.0,,,http://gauss:8090/api/v1/scanner/tracking/scan-fw-7c0ab729e74bedf6/tle-review-14.png?sha256=sha256:936ae024a97ab50cf75d2dfc24769a331abc1368532395b800dee26b7b4032f1
scan-fw-7c0ab729e74bedf6,10.0,sha256:150312edb3858c23fd4c8d8b061f400d110a8b655c73a972b67df791d634198e,4,lower,249.239073705,30.444805916000007,31,63494,51865,104.12560172153724,129.64146124602712,2197.971912421601,16.954235869421428,-1.0,,,http://gauss:8090/api/v1/scanner/tracking/scan-fw-7c0ab729e74bedf6/tle-review-15.png?sha256=sha256:10ecdd49322f962454096f6c46251bd6effa45137f659485dfa535054c511fe5
scan-fw-7c0ab729e74bedf6,10.0,sha256:9af2429433bc5978af9de5bf179e47989f20199bda2a0518844103ba229b286e,2,upper,250.361646491,34.79509676500004,39,63494,51865,89.52410786459696,104.23281051996464,2210.193348967171,21.20439176437474,-1.0,63494,False,http://gauss:8090/api/v1/scanner/tracking/scan-fw-7c0ab729e74bedf6/tle-review-16.png?sha256=sha256:d9d7e6d027081615d36448e8db4c542882d28c21e0b1a3da043a860cc791ef95
scan-fw-7c0ab729e74bedf6,10.0,sha256:9d14c53497616c5d59966c2ce3cb9809107810b3f21f56d6a52603a5a49e4c53,2,lower,255.834050715,29.884959234999997,31,63494,51865,74.42479860855488,69.8888583792415,1616.7611868510478,23.133318018702404,0.0,,,http://gauss:8090/api/v1/scanner/tracking/scan-fw-7c0ab729e74bedf6/tle-review-17.png?sha256=sha256:df6970d82c6243db0bac14524fb0dcb6db095851eb4d2ab0f0bba6545a33fda7
scan-fw-7c0ab729e74bedf6,10.0,sha256:1a203c83b4d8d8283e6e72541d7144bae7398f4fa03bfeb9f63a6c3b9c57f9ad,1,upper,277.72067674,22.16927757900004,15,63502,51865,81.23207043812712,74.0035041028414,280.740665595156,3.7936131403320505,-1.0,,,http://gauss:8090/api/v1/scanner/tracking/scan-fw-7c0ab729e74bedf6/tle-review-18.png?sha256=sha256:0bd1fe23e044826c5116e01ad2fa453cc4ec490a160e3134e6eddd41712363d7
scan-fw-9c432e95cfac4f8b,15.0,sha256:0fa8fcaf1e12d349b4aabce272fbe4484b566feca9518b229f5f56e6e89c6794,1,lower,126.607784506,37.60267553599999,43,63513,68714,86.83852002764368,97.0230978267322,514.706968594261,5.304994172763331,-1.0,68714,False,http://gauss:8090/api/v1/scanner/tracking/scan-fw-9c432e95cfac4f8b/tle-review-01.png?sha256=sha256:eb16b2a20458811e6c80b136f7c32d9ac86fdd2fac4c2c77d3f6620fd33b24c8
scan-fw-9c432e95cfac4f8b,15.0,sha256:20e8511c760398ef182eb75fa5048c825453c3c351c14811c9312852b88906c7,3,upper,225.386615203,30.166671994000012,19,66624,65092,43.85309945222714,54.729765420359236,1067.036629437828,19.496459033622955,-1.0,66624,False,http://gauss:8090/api/v1/scanner/tracking/scan-fw-9c432e95cfac4f8b/tle-review-02.png?sha256=sha256:c4e68496ec79137c3a77726d1488df2319b2faf62b2c29a2c33d7314f24a0f67
scan-fw-9c432e95cfac4f8b,15.0,sha256:254f4e3bb9614d687869e8e384cb69b55827bb1da02aa4c7f6d025ce11ca40da,3,lower,226.93062785,22.868806003999993,34,66624,65092,41.66858290860838,27.568465276163526,656.1790949909129,23.8017999340088,-1.0,,,http://gauss:8090/api/v1/scanner/tracking/scan-fw-9c432e95cfac4f8b/tle-review-03.png?sha256=sha256:53cf0e7d4bcb8decfc289519aed9da6cbba714591722156732465dff631b4e1e
scan-fw-9c432e95cfac4f8b,15.0,sha256:7e0ce82e513580ee148d2a69db6fa174f8516924da15de50b1616fbf57703279,2,upper,270.846623003,21.605386404,27,67913,63447,50.18027515729793,75.25999509861798,557.3365977889662,7.405482780840637,0.0,,,http://gauss:8090/api/v1/scanner/tracking/scan-fw-9c432e95cfac4f8b/tle-review-04.png?sha256=sha256:03dc82832a649cfe832cc9085272c78f8615b3d35a5d032dc15d81a94d82a3bb
scan-fw-9c432e95cfac4f8b,15.0,sha256:545513054b8310239c0e6cba172e43d0ec0755fcdc79520775fb6b94f4e292f7,2,lower,271.68929456,22.586712322999972,35,67913,63447,28.425269588270538,19.788176321246034,342.1783687274078,17.292061844022488,-1.0,67913,False,http://gauss:8090/api/v1/scanner/tracking/scan-fw-9c432e95cfac4f8b/tle-review-05.png?sha256=sha256:127c505e94d9efda174127a37d4aa8ee12af019e38af31195514b12e71858128
scan-fw-9c432e95cfac4f8b,15.0,sha256:9d1a13cb20e5a9471b56637226611e4bbb30d2962c71f58072ed06affcd78665,1,lower,282.35198546,9.538674356000001,14,67913,63447,25.82490525509941,68.76545260625306,152.3817693255729,2.2159640277233676,2.0,,,http://gauss:8090/api/v1/scanner/tracking/scan-fw-9c432e95cfac4f8b/tle-review-06.png?sha256=sha256:dd058cfbf3efa0a139d163d93887808cf27ace90b4ae3ff5bf9d202131607b16
scan-fw-0a4527c2676967c7,20.0,sha256:774f6602979c931fd25fc7e41c7c742d35887c703952f342b19c222d5d4ef449,2,upper,2.537517314,33.830762532,45,66626,67912,32.61969205838688,36.5598338258331,3503.628231065826,95.83271761454697,0.0,66626,True,http://gauss:8090/api/v1/scanner/tracking/scan-fw-0a4527c2676967c7/tle-review-01.png?sha256=sha256:601d15584e20064509e32295449212acc1389e73ed04dbd892a761a1c3da04b4
scan-fw-0a4527c2676967c7,20.0,sha256:f5005db9160241be05bf3dcef07327b02a2118eca5c0257b1cde9f47a03516b2,4,lower,190.68701634,32.702185198999985,39,66618,59078,61.0098935838271,65.25160481704157,1643.5339102942473,25.187639674189445,0.0,66618,True,http://gauss:8090/api/v1/scanner/tracking/scan-fw-0a4527c2676967c7/tle-review-02.png?sha256=sha256:984fd052b16f4c8ba330f2aa35be067865e80ce610012c3ff5307afd12e1531c
scan-fw-0a4527c2676967c7,20.0,sha256:b56a4d025556709095ed2f24b45cba532181f8d0ad70905d0c72e528ca1d21a7,3,upper,191.528369772,29.754781881000014,29,66618,59078,63.30763547170473,126.75052822574408,1189.2456321281536,9.382569436003408,0.0,,,http://gauss:8090/api/v1/scanner/tracking/scan-fw-0a4527c2676967c7/tle-review-03.png?sha256=sha256:377b74b79b90203de25a4f1f91d5b59027c72f4ad15614889b51f4af61ee863b
scan-fw-0a4527c2676967c7,20.0,sha256:1f2600f45e1272b7703b977b6b8a72bbdde43a10060e925f654f06fcdfac8183,3,lower,192.511045375,27.509275623999997,21,66618,59078,104.99681337524765,64.79183808363423,974.2030599576391,15.035891692100536,0.0,,,http://gauss:8090/api/v1/scanner/tracking/scan-fw-0a4527c2676967c7/tle-review-04.png?sha256=sha256:8df8ee3761dbc1d89d6a791c06b707d48dc306e34bca6ebb66c9e3273deb37cc
scan-fw-0a4527c2676967c7,20.0,sha256:0528227ebf4b87b3e446a8db494ce563e410275c2d416b19f8bb318676c08473,4,upper,201.493761777,21.19337529699999,19,66618,59078,85.69854997106015,97.95358607828979,991.4189139115615,10.121313099442485,1.0,,,http://gauss:8090/api/v1/scanner/tracking/scan-fw-0a4527c2676967c7/tle-review-05.png?sha256=sha256:f0a231c3dd4622c591c57475860201ef035346511fa90168cd5dd916a6493a7d
scan-fw-268cf33c4b083540,10.0,sha256:e586c16a0a5576843e14855228d35af4f1982f61bb05fe3b3c45b2557c479333,1,upper,86.485363005,24.833532750000003,18,58069,55386,116.78863823531698,137.32515981671793,473.9052094675844,3.450971476021478,1.0,55386,False,http://gauss:8090/api/v1/scanner/tracking/scan-fw-268cf33c4b083540/tle-review-01.png?sha256=sha256:64b9e899c8ad2d6a90d8241ee56f84e60a45b7fbe329aea31a372f76ac4abb75
scan-fw-268cf33c4b083540,10.0,sha256:a364c2ed5d857267cc422bf7d3ab74d1b8149e08bd7a0a93d2fcdcfc11a77329,2,lower,92.940244577,15.152997232999994,14,64035,67705,29.258626456259528,15.114751824631778,723.1846075557537,47.846277328696516,0.0,,,http://gauss:8090/api/v1/scanner/tracking/scan-fw-268cf33c4b083540/tle-review-02.png?sha256=sha256:025c948d9dd6a66cb6e0281057a050d9e496177ed3e196282fb92ce5fc5f1a66
scan-fw-268cf33c4b083540,10.0,sha256:853f4429882421241e9b0a0fcc050640403b0c0f71f8c853822c8d239a743158,1,lower,99.394822183,38.16084914999999,39,58069,64221,113.22708267152841,58.969745326648855,463.0264243954564,7.851931898817467,1.0,64221,False,http://gauss:8090/api/v1/scanner/tracking/scan-fw-268cf33c4b083540/tle-review-03.png?sha256=sha256:fdd8caae04593d9ca013334ed5ebeff7a7fd28469e4da48d3b879846f4ffc592
scan-fw-268cf33c4b083540,10.0,sha256:c47e6eba8c43caaf98bedc3702e55d25f4c412f8863e2645aa4ff7fa198ea5e6,1,upper,119.033585819,22.309291613,24,58069,55386,42.802814947171214,42.652890523219476,255.27436136098882,5.984925247258963,0.0,,,http://gauss:8090/api/v1/scanner/tracking/scan-fw-268cf33c4b083540/tle-review-04.png?sha256=sha256:9c58b5aa37cb4af299050a5def1654b60ff3b72b72aa38e5b8b615a07a19cf3a
scan-fw-268cf33c4b083540,10.0,sha256:04d7eac703d22df78abb9f3a812ac976ae56c6ac021d2ef829b121a50745283b,4,upper,139.800231284,18.521410978999995,18,57409,64025,87.99981815172058,47.16304669870909,266.56568393721415,5.652003053155393,1.0,,,http://gauss:8090/api/v1/scanner/tracking/scan-fw-268cf33c4b083540/tle-review-05.png?sha256=sha256:4823fd2a3367d66082cf63a0e25affc1b9591e059d8cfa3595d623bc12986d90
scan-fw-268cf33c4b083540,10.0,sha256:39f1064fd5c59cf8cb34b33240938e9ecbf0b3e7e8e7e07ea86b8799838b6367,4,lower,140.361568485,14.172066255000004,19,57409,64025,42.616459946087495,57.39570878018825,186.8149325524579,3.2548588827069653,1.0,,,http://gauss:8090/api/v1/scanner/tracking/scan-fw-268cf33c4b083540/tle-review-06.png?sha256=sha256:754ab3b48a86c62a41a5e42b2cb07e0869d09324d706dfbd58333c821f624dea
scan-fw-268cf33c4b083540,10.0,sha256:d5136fa6381302c63fe13a59fbd49a02a3df87675fa86e55be5ded5326d2a9dc,3,upper,142.044184335,23.995539054999995,26,64025,57409,80.66432161411421,78.0325153294331,699.9150024502964,8.969530195142836,0.0,,,http://gauss:8090/api/v1/scanner/tracking/scan-fw-268cf33c4b083540/tle-review-07.png?sha256=sha256:5c7fda48c9f89bcc59b5f9de9e0bb9bfe02b15557bf0380ac19fcaaadc227072
scan-fw-268cf33c4b083540,10.0,sha256:7a548f5dca556ca12bcb45f947ac3fb8e5d303edfaa45f409fa7ce72f5956c44,1,upper,179.649579624,21.325305931999992,24,61523,64023,65.51052874133292,66.35857250583923,162.71703462566552,2.4520876275834174,2.0,,,http://gauss:8090/api/v1/scanner/tracking/scan-fw-268cf33c4b083540/tle-review-08.png?sha256=sha256:9546677aafcc58c3adc29519c3eb7f0122bec147718731ce66171f4a9f3d4277
scan-fw-268cf33c4b083540,10.0,sha256:508a4df554e0277e4a139d33f00c54d3899bf10a3a0f1a62cc066e7df280ca22,2,lower,181.052258721,30.444025046000007,26,61523,64023,53.97582641405274,60.28820441032204,302.8229195127042,5.022921522951468,2.0,61523,False,http://gauss:8090/api/v1/scanner/tracking/scan-fw-268cf33c4b083540/tle-review-09.png?sha256=sha256:504c687c75d6d16aadc4a1626893566d6ac68ed2d1eed2f4e065695bf7e395c2
scan-fw-268cf33c4b083540,10.0,sha256:42a8c079cecab9c901a021755903a7a245a289d3c168e0e88bd94e06433a9ced,1,lower,182.31493608,30.162768905000007,31,61523,64023,118.98777130935794,86.53998288957432,390.7266888303853,4.514984586130038,2.0,,,http://gauss:8090/api/v1/scanner/tracking/scan-fw-268cf33c4b083540/tle-review-10.png?sha256=sha256:3f5725cb06841c6f7abfa6cdf3d257135a0d68883bbde493a4ee56c99a2db7eb
scan-fw-268cf33c4b083540,10.0,sha256:7cca2b0cd6677c0c556bfadcc26f8a2432223b4ad7bc20d2acc6d557797eb114,2,lower,239.279623638,29.323065139000022,23,61524,68708,44.8217311383727,35.694620653036715,74.60152294531783,2.089993438240143,0.0,68708,True,http://gauss:8090/api/v1/scanner/tracking/scan-fw-268cf33c4b083540/tle-review-11.png?sha256=sha256:27a1c789325eea35d1aff13f3907927e8d4b62fff774990d13baea3ca172e309
scan-fw-268cf33c4b083540,10.0,sha256:01e4063df40f7051d64db3525c03c6d63c6338ca337d34e964e054f1a96111ec,1,upper,242.927682425,13.610038039000017,14,68708,61524,24.739579896656036,34.505925360587355,22.181768173320307,0.642839394727733,0.0,,,http://gauss:8090/api/v1/scanner/tracking/scan-fw-268cf33c4b083540/tle-review-12.png?sha256=sha256:05d79b5c29354ef34ff0e436cba2d9f9247510de409468c00067268a2381afad
scan-fw-268cf33c4b083540,10.0,sha256:875b3a38f4da5205a06e3ad0ad870c433e3fb24cd3541b804bdcc00aac30253b,2,lower,272.813764345,23.851688688000024,22,58858,61524,42.637132197841964,36.67317603588952,333.9949730291315,9.10733700027163,-1.0,,,http://gauss:8090/api/v1/scanner/tracking/scan-fw-268cf33c4b083540/tle-review-13.png?sha256=sha256:5642f56f8a1e61892913b9a4e122b883d554975e35f9a402d902dd40ca66b932
scan-fw-494cdb3ae1f42bec,15.0,sha256:26e4ef6fe76d46e7e92468572a8d8e5c045266e130319d3b7eeb37ca36c50952,1,upper,36.635998445,20.765438577000005,23,64042,57328,91.36101999018145,147.29178057025968,124.03625839551928,0.8421125599493499,0.0,68705,False,http://gauss:8090/api/v1/scanner/tracking/scan-fw-494cdb3ae1f42bec/tle-review-01.png?sha256=sha256:8b0b5566cf313dedc21f7e02875e6a5b67b35b29e51a15c4b16732e67e8752a1
scan-fw-494cdb3ae1f42bec,15.0,sha256:dd017bd4cbbafc0854ad35c2c7e96e17b545c7eee4f7be754512de1edd052ec8,1,lower,43.510715294,14.172055501000003,22,64042,57328,17.327990592803918,103.75219405712151,177.0781083918828,1.7067408549875214,-1.0,,,http://gauss:8090/api/v1/scanner/tracking/scan-fw-494cdb3ae1f42bec/tle-review-02.png?sha256=sha256:db0a767903f9a78842a4e49a4c5c45ab955f84e968dddb1779d5ee9c85886c56
scan-fw-494cdb3ae1f42bec,15.0,sha256:77857b7c06384b665f8ddd0cedf58de9e15cb1835329892ae77c633d1d742512,1,lower,71.154782785,24.136053984,20,67495,52560,108.07250734971801,157.01491018265207,1063.4604495869517,6.77299021061026,-2.0,64220,False,http://gauss:8090/api/v1/scanner/tracking/scan-fw-494cdb3ae1f42bec/tle-review-03.png?sha256=sha256:69a3dbb0b8d07aebec5d7d8f4b7bf9b7468c73545b4d216ca3f2801fbc4004db
scan-fw-494cdb3ae1f42bec,15.0,sha256:1c1b2fe02364b253632b93f5d02937b94771269debef4dbebfe069fe6bcec2a8,1,upper,72.417456888,16.417383940999997,24,67495,64220,20.93117902544043,35.05624436696158,334.37379594925267,9.538209297296548,-2.0,,,http://gauss:8090/api/v1/scanner/tracking/scan-fw-494cdb3ae1f42bec/tle-review-04.png?sha256=sha256:1e77d2bf8961bb5bfcf8410c3f2c4757cb0e0d2196a81d95ca34b823d460cbf5
scan-fw-494cdb3ae1f42bec,15.0,sha256:db5cf6e98d02b05812f39fa73ff3906b7e9a63ec0285e0e43f818ff23773c71a,2,lower,197.738976109,20.488111398,22,67704,51990,96.1447469698589,54.20457326662573,1767.0229548661246,32.59914889790485,-3.0,,,http://gauss:8090/api/v1/scanner/tracking/scan-fw-494cdb3ae1f42bec/tle-review-05.png?sha256=sha256:c65d1bbc803a3770c3d731f8206f26af51dde522afe39fc16a6f7d248fe4a074
scan-fw-494cdb3ae1f42bec,15.0,sha256:f206346103d006e911a1b8d741c3af6601dbbd9041dd5972fcbc0c22e376f900,2,upper,199.984329234,24.133429449999994,32,67704,51990,80.75064867821182,52.33662245636268,2226.3070253088745,42.53822506725818,-3.0,67704,False,http://gauss:8090/api/v1/scanner/tracking/scan-fw-494cdb3ae1f42bec/tle-review-06.png?sha256=sha256:8c8f5bd9aaf1ed8b902d6d0da885f6df79f85c0a959140134cc75249128fe230
scan-fw-494cdb3ae1f42bec,15.0,sha256:5337e50726f1ae3a33af97cba2f62a41b9ef16f0e7c6f90147f0dc003ba9e980,2,lower,205.738699225,15.573575917,21,59515,67923,357.87673246423685,131.17503873195346,206.97437417149038,1.5778487749824666,0.0,,,http://gauss:8090/api/v1/scanner/tracking/scan-fw-494cdb3ae1f42bec/tle-review-07.png?sha256=sha256:277c2cfc2acdf767d867b56d4fd4199cc1965545aaabe94f42f67d62527e4e1f
scan-fw-494cdb3ae1f42bec,15.0,sha256:c5786d32178814ae69884824b2ec4a1c91f198a4242cd68804f41b17ef9e8b2f,2,upper,206.159985253,14.451033676999998,26,59515,67923,47.71346145878425,56.43042285357503,93.53999886658501,1.6576164794884038,-1.0,,,http://gauss:8090/api/v1/scanner/tracking/scan-fw-494cdb3ae1f42bec/tle-review-08.png?sha256=sha256:a1dbade09abbc614c481430ffa03e589222f76ab22e32ae9da2d13bfb508d822
scan-fw-494cdb3ae1f42bec,15.0,sha256:54395b82642df1371d3a68a71f9d1a372537e76dcd1f20e487b6b34168474103,3,upper,214.158571347,22.727126376,19,67704,51990,109.41529746337162,87.55513470464575,2367.416026701178,27.039145501715055,-4.0,,,http://gauss:8090/api/v1/scanner/tracking/scan-fw-494cdb3ae1f42bec/tle-review-09.png?sha256=sha256:f464067f54f4b9f7fcb156c3daad4dbd3639181c8a93003110e67579771e1005
scan-fw-494cdb3ae1f42bec,15.0,sha256:95c52fed6733cd596ee8277a239eff0afc3242f4d311e7f96d70c8f609a4e51a,1,lower,237.167355952,28.347732063999985,25,59369,64134,92.72469431025368,107.8386109201993,620.6760982379552,5.75560175471155,0.0,65214,False,http://gauss:8090/api/v1/scanner/tracking/scan-fw-494cdb3ae1f42bec/tle-review-10.png?sha256=sha256:58d956b3b46e22046d11148c5c5932ba00aeb2417a0255951aa6ea545bef68db
scan-fw-494cdb3ae1f42bec,15.0,sha256:1025fa8cb2028d7e5ea12442ca39f071535a02ddf0105733196f7fc57c99fef7,1,upper,241.096227868,23.296192537999985,26,59369,64134,81.17745479323526,93.9237762843124,424.8780759328833,4.523647714576064,0.0,,,http://gauss:8090/api/v1/scanner/tracking/scan-fw-494cdb3ae1f42bec/tle-review-11.png?sha256=sha256:093496a463af0a151a8dfaec2fd105fc74191ba9e43ad647958302604ff6037e
scan-fw-f56ff9b54a60fc9c,20.0,sha256:6a6517c7f897a995cf913eddaf9e8b97a77cea46ef2f26c3aa586cb1172697dd,3,lower,4.664696696,44.224058846,45,65207,60102,60.81297669988077,49.99257558130526,1358.767742648501,27.179390676495025,-1.0,65207,False,http://gauss:8090/api/v1/scanner/tracking/scan-fw-f56ff9b54a60fc9c/tle-review-01.png?sha256=sha256:fe573bcb981cb2c5c5a537caff735d73f9a4aa41113c1673ae2e774e1bcd0b06
scan-fw-f56ff9b54a60fc9c,20.0,sha256:1923c87a4fa36181c3ddd82bc57fd44ac44493bf1d4763a272a9d4c9b1ab1b48,4,lower,15.895196306,32.712338838,25,65207,60102,55.12593896688973,41.66860477780998,1417.9907135374408,34.03019422173145,-1.0,,,http://gauss:8090/api/v1/scanner/tracking/scan-fw-f56ff9b54a60fc9c/tle-review-02.png?sha256=sha256:867aa4ed5b51501c5d6f209a8734cd4851886eefc4df9c97e072e5861fd552c5
scan-fw-f56ff9b54a60fc9c,20.0,sha256:3f0fe00320e9ae24bff47be61fd25a755efec055a814dc9c2979e8627dbdb497,2,lower,100.684548216,33.84967516200001,28,58859,55477,102.91208842331649,107.97977316507888,251.19035189141977,2.3262722686720347,-1.0,55477,False,http://gauss:8090/api/v1/scanner/tracking/scan-fw-f56ff9b54a60fc9c/tle-review-03.png?sha256=sha256:be44dfea49ea8181ba343ccbc00be8a5a67cd607a2670549663c35d143f4bd47
scan-fw-f56ff9b54a60fc9c,20.0,sha256:113abd40786005d5d222a2c4686963f73ba10f3da4544b3af09048e84308cfd4,2,upper,100.824699557,16.420142244000004,17,55477,58859,32.44009974450421,88.93736898188575,83.10775663465695,0.9344526107083723,-3.0,,,http://gauss:8090/api/v1/scanner/tracking/scan-fw-f56ff9b54a60fc9c/tle-review-04.png?sha256=sha256:1421505c4354da1ebcfe56633d0ecc41bc5e5bf390bf28a7adaa592709ebeeaf
scan-fw-f56ff9b54a60fc9c,20.0,sha256:5bbe2d8a95b29cce8a50004d1411a3bb2919e320c1b2e6eba6a3450b6888cd22,1,upper,102.369454535,45.922051464000006,54,58859,55477,95.76154812468856,103.53419841269047,725.1409170980739,7.003878218167491,-1.0,,,http://gauss:8090/api/v1/scanner/tracking/scan-fw-f56ff9b54a60fc9c/tle-review-05.png?sha256=sha256:445b7bce1f48576568965248b84458f35c3211a54e53b9112d8cc4de188133cf
scan-fw-f56ff9b54a60fc9c,20.0,sha256:6ae95f66636d064806030e23c3268a4a9226acd73ca7dddf5361a6cd9ef2f9ad,1,lower,105.736752856,48.310721172000015,45,58859,55477,61.690389762081494,95.63635179627761,904.0852080803464,9.45336361226125,-1.0,58859,False,http://gauss:8090/api/v1/scanner/tracking/scan-fw-f56ff9b54a60fc9c/tle-review-06.png?sha256=sha256:cc24c9909b0fecb3096ae8f3983af2187051d682e13c999c2b68c404d7539688
scan-fw-f56ff9b54a60fc9c,20.0,sha256:5ea2b7f10ad1ecea296784c64aed9b53421b312c6e31b4f478fcb425943ec6ac,3,lower,145.624919984,25.12789657799999,30,67847,53497,111.61738201834402,31.535443203900254,629.1420672384578,19.950316320927637,-2.0,,,http://gauss:8090/api/v1/scanner/tracking/scan-fw-f56ff9b54a60fc9c/tle-review-07.png?sha256=sha256:941ac1f6acb9ccf6b4f49a15682e805142e793aa9e4a619c2f8c80e413dc3f61
scan-fw-8cc2bf3afeb44437,10.0,sha256:23b31aac8a37867bc4b461295cace39393d9ed3662253250c054abc51f852028,1,lower,17.179603879,18.799424304,17,65211,62226,169.35722318920693,20.141367284223687,458.7478090214548,22.776398570556946,-1.0,65211,False,http://gauss:8090/api/v1/scanner/tracking/scan-fw-8cc2bf3afeb44437/tle-review-01.png?sha256=sha256:6e12ae5391ce461925d3bb6d174f3b47b46bad18f45a12ebd98c1f72990955f0
scan-fw-8cc2bf3afeb44437,10.0,sha256:bc8d329a921b07db8ae1148047c45bf7ad1e133df12f8938b6a2fbc536f902ee,4,upper,24.47561494,14.590514575999997,14,65211,62226,18.9365899942713,114.38149507737964,262.226166249537,2.2925576035891098,-1.0,,,http://gauss:8090/api/v1/scanner/tracking/scan-fw-8cc2bf3afeb44437/tle-review-02.png?sha256=sha256:46a9ee19a50a29a0f003cd30a17549887cfe5c9212c36e15afbf20dd5bff6d26
scan-fw-8cc2bf3afeb44437,10.0,sha256:a723a5a3125bf48a918b15830d104f33699d6d58088326efab877f7f5a5e1faa,2,lower,90.136570715,38.02041594400001,49,63572,62090,59.0417320944966,62.34959377909146,2449.897262018541,39.292914572926996,-1.0,63572,False,http://gauss:8090/api/v1/scanner/tracking/scan-fw-8cc2bf3afeb44437/tle-review-03.png?sha256=sha256:652dc10036cffef59eb726ca2ee3e5df595625d2e33ccbc8e6b32ca943ae2edd
scan-fw-8cc2bf3afeb44437,10.0,sha256:8d26847799dda8f7709348aeef54fb98f17d12d05103af0cc6730d88f7744e83,2,upper,91.11822631,37.178759846000005,39,63572,54791,63.7627609202505,46.884645392694374,2504.646445823175,53.42146506270584,-1.0,,,http://gauss:8090/api/v1/scanner/tracking/scan-fw-8cc2bf3afeb44437/tle-review-04.png?sha256=sha256:326f09dc2fbbcd484677a76f22dd9390ed2480509c678c89621e3386fd273b66
scan-fw-8cc2bf3afeb44437,10.0,sha256:7bbccbf9d1d82862f220201427efd437085afc5167bc645cff55f9ffb1230057,4,upper,94.486252952,30.724922878,19,63572,62090,39.03140162103241,46.36435139045614,2204.8185807136606,47.554177176896964,-1.0,,,http://gauss:8090/api/v1/scanner/tracking/scan-fw-8cc2bf3afeb44437/tle-review-05.png?sha256=sha256:fa39b952498fd1397a95aae44757ab99388587e2955fa41614dee953c6c03c55
scan-fw-8cc2bf3afeb44437,10.0,sha256:45e83b3a17c6af18db8f538c82e843d25cd9ae4460cc671f54d47351a89e1689,4,upper,162.527712831,27.358346498999992,34,65223,52866,117.12025774037654,103.72584558164164,344.27020351926114,3.3190397396981384,-3.0,65223,False,http://gauss:8090/api/v1/scanner/tracking/scan-fw-8cc2bf3afeb44437/tle-review-06.png?sha256=sha256:02000309a0b4bb5e935c348162ab63323a6e0661c431bfc44c3e7967e0f5b440
scan-fw-8cc2bf3afeb44437,10.0,sha256:5e8474f361305f0a5b2e8f03b366fe5eadf9a147213f4b756a2baaf4cf28ab49,4,upper,235.764959662,13.74797373300001,15,52865,48432,36.36059073269652,36.952105645046245,317.31591402567943,8.587221444800628,0.0,,,http://gauss:8090/api/v1/scanner/tracking/scan-fw-8cc2bf3afeb44437/tle-review-07.png?sha256=sha256:669b1588a91ab96ebd129faf820a7a96262d32892588568945c0c31c3564fb73
scan-fw-8cc2bf3afeb44437,10.0,sha256:e4095ca33da1a910c23ba0ef61bc0d17d65d604acbf51c1b013340219bbdb6f5,2,lower,250.775794861,34.65810080799997,31,67310,57331,20.375437740030765,25.65663310546977,147.58290445153676,5.752231941145597,-1.0,57331,True,http://gauss:8090/api/v1/scanner/tracking/scan-fw-8cc2bf3afeb44437/tle-review-08.png?sha256=sha256:be08e961552abb01264e2d3e06dacff11f8456f5e1899be420ef47443cd402b5
scan-fw-1f8c05375035758c,15.0,sha256:e20e61c4132fc21aca560959bfbf351bf203740a1ade1ad0abf8e4c8c55585de,1,lower,56.15304042,21.609299213999996,26,53397,56482,204.56700613350995,227.1018105944097,275.94888312995477,1.2150888731696774,4.0,56482,False,http://gauss:8090/api/v1/scanner/tracking/scan-fw-1f8c05375035758c/tle-review-01.png?sha256=sha256:1c6c825073da033957d6199d81d590ab3fd75ac527a0fd650b8714679ead57ec
scan-fw-1f8c05375035758c,15.0,sha256:ceb8e870bdf701fd192667fad0e1d84996a8110c05a76790d5b0400341baf58f,4,lower,64.571453375,32.83117802699999,22,63584,68055,639.8797364530203,461.3870793129342,1059.041912014017,2.295343670202185,-5.0,63584,False,http://gauss:8090/api/v1/scanner/tracking/scan-fw-1f8c05375035758c/tle-review-02.png?sha256=sha256:33e3f83f256145f7c8568831c59715b47c9cf5a118acb1f2d68f5fb838ebd2fc
scan-fw-1f8c05375035758c,15.0,sha256:9b854fa1426b6435609a69ffb75cf262405211e7e1adf0c07d8c14ee4e410931,1,upper,172.470724945,28.20366501000001,28,59366,49758,42.87738169958979,36.05688579731986,1361.3405857944956,37.75535672844174,-1.0,,,http://gauss:8090/api/v1/scanner/tracking/scan-fw-1f8c05375035758c/tle-review-03.png?sha256=sha256:02817a0a2363a99a84243acde334f7b4b30a8af028908d6cf9aa8261b6ed080d
scan-fw-1f8c05375035758c,15.0,sha256:deda7eaa741d282c09f48e9c0016e03872a6169ee2c8b94b75ac1f006b0d2186,1,lower,173.033101752,23.43233639600001,20,59366,49758,21.55659064316681,24.42901961148604,1063.7964531567598,43.546424296805746,-1.0,,,http://gauss:8090/api/v1/scanner/tracking/scan-fw-1f8c05375035758c/tle-review-04.png?sha256=sha256:cf915751dd5c7088439610b1baf3f6438d2a1d57496188d171665c89b7d524fa
scan-fw-1f8c05375035758c,15.0,sha256:9f56d26ecc624dcd08341c84ee52db1ebad17d0ec45381a065b978f27e1565dc,2,upper,174.155986124,36.066710365999995,41,59366,49758,114.76538564568328,118.43754861510727,1796.7159042752182,15.170154442440381,-1.0,59366,False,http://gauss:8090/api/v1/scanner/tracking/scan-fw-1f8c05375035758c/tle-review-05.png?sha256=sha256:f171518f9f44d42ba0b2a0374505e8bd60d578debffe8c1b51042f5a5dab61bc
scan-fw-1f8c05375035758c,15.0,sha256:a33207cee0e8fe930a676eee08e2893f2527fb27fb7f7200cd25706a3c4eeb93,2,lower,177.384108696,33.260595318000014,27,59366,49758,92.28791294527916,83.25574102102908,1978.4469944842165,23.763490303743644,-1.0,,,http://gauss:8090/api/v1/scanner/tracking/scan-fw-1f8c05375035758c/tle-review-06.png?sha256=sha256:a89556912c192d1bb3d44f4ac485d619bca1dfd3dab062c6020b8ddb0456de54
scan-fw-1f8c05375035758c,15.0,sha256:9c13efcfc790b6991e00097756ef6ffc7bd8457c135f031712b66af973d33552,1,lower,199.551336027,16.003279612,14,63569,54790,80.86364177443082,79.8896707911989,145.05332185038483,1.815670541808826,-3.0,,,http://gauss:8090/api/v1/scanner/tracking/scan-fw-1f8c05375035758c/tle-review-07.png?sha256=sha256:71cb4a3116e5b92954bc7d380e352262d08e416cf912185b1405ba84e7b9aef9
scan-fw-1f8c05375035758c,15.0,sha256:35c4a339173f3a7e1e88b0d4bd4a9f5375cfcd375fbb090e119ff547f337d57e,1,upper,205.865114961,14.038737541000017,14,66824,57353,24.40700448077664,130.62359865659096,194.4957443242821,1.4889786097197553,-2.0,,,http://gauss:8090/api/v1/scanner/tracking/scan-fw-1f8c05375035758c/tle-review-08.png?sha256=sha256:772903a6bf477ae220245459eb24e722522d42c6f3d50e43dcad6281c60d9151
scan-fw-1f8c05375035758c,15.0,sha256:7b91d7df28f68d69316c38b32052e8bf1cebeeb89aba2aad36f83ea108a4290f,1,lower,206.006207687,12.916308318000006,16,66824,57353,24.770975955716906,44.20382279737068,180.92941810150577,4.093071744742126,-2.0,,,http://gauss:8090/api/v1/scanner/tracking/scan-fw-1f8c05375035758c/tle-review-09.png?sha256=sha256:32262489e449c4ee077f783dc898ad706ce2cac72ae94dae9590af32d324baaa
scan-fw-1f8c05375035758c,15.0,sha256:21fa74d55ec60d6e1bddd11517f8e3e0b9974451ade31ae8c8518826a1eb2014,2,upper,206.146475674,14.458717468000003,15,57353,66824,85.24633376264363,205.43286990250297,110.24487396771691,0.5366467110158095,-5.0,,,http://gauss:8090/api/v1/scanner/tracking/scan-fw-1f8c05375035758c/tle-review-10.png?sha256=sha256:6bbab7e6cb28ef77d0b396c5548c6e19067cbb405ff835509cc6368eab093521
scan-fw-1f8c05375035758c,15.0,sha256:c8b5dac67eb393e317783f2ca81fe5881bc1429ac43f9f3194385c6dc794ded8,1,lower,214.993386404,47.56949160799999,45,63569,54790,93.00485270369985,105.77941231625007,1952.4671336739589,18.45791247011888,-3.0,63569,False,http://gauss:8090/api/v1/scanner/tracking/scan-fw-1f8c05375035758c/tle-review-11.png?sha256=sha256:0af875a730376ae99dcd5de4e6f38c0d1babfa17ed34df6b3787e11a7d175cbb
scan-fw-1f8c05375035758c,15.0,sha256:6737838d18adb501c3907ba4067f1e1a0cf71621a0679452271061ada9cc7ed5,1,upper,216.817403862,42.79880116300001,37,63569,54790,95.47187126479464,117.020616998863,1503.5506562059131,12.848596211217396,-3.0,,,http://gauss:8090/api/v1/scanner/tracking/scan-fw-1f8c05375035758c/tle-review-12.png?sha256=sha256:3ded90583b49cb1b9cd83d6d0043c97211517b4495e0f62f92f9fe637bd4321f
scan-fw-6f09c0e970553e7b,20.0,sha256:18cb18e699dff8d53a3fd88aa5fd0232d421a397af5233fa694dbb7d93c19fef,3,upper,0.61297768,33.408030494,32,54779,55462,47.236104543166036,86.04237193776963,2052.3869458669915,23.853212081965683,-5.0,54779,False,http://gauss:8090/api/v1/scanner/tracking/scan-fw-6f09c0e970553e7b/tle-review-01.png?sha256=sha256:50125b716097b5e263e5a7f20f848deda147367cd9ab36d3d38b2d5db911c156
scan-fw-6f09c0e970553e7b,20.0,sha256:6a6feaaaee861fd747a933a6954bb0c32df8312f28955d999da694e0e7826e66,3,lower,1.034313613,22.318232824000003,26,54779,55462,61.65515811314488,70.5972410294452,1407.2554763541052,19.933576097784858,-5.0,,,http://gauss:8090/api/v1/scanner/tracking/scan-fw-6f09c0e970553e7b/tle-review-02.png?sha256=sha256:aebe23f96a3dfdd27684dd377a9cd73a1eb7a99f530af390429780e128653926
scan-fw-6f09c0e970553e7b,20.0,sha256:134ac1f627021690fd85f46b780f66cd75efe9c347c17709239c10915be63ce2,2,upper,70.64633115,28.78500895900001,20,62892,57135,132.42875516578883,131.16319082235648,1626.731597876028,12.402348461308971,-3.0,,,http://gauss:8090/api/v1/scanner/tracking/scan-fw-6f09c0e970553e7b/tle-review-03.png?sha256=sha256:ef564c32421dee17c954dbfc064b94ec3c9323a5aa30ff48e55e972da42efbee
scan-fw-6f09c0e970553e7b,20.0,sha256:499aebe30a7ee051aafed5775d94e80c2fa69d268540cc8d34976f6750589a85,2,lower,71.770337028,38.46938351199999,37,62892,54783,114.5186842236311,134.03621379404274,3041.256372729694,22.68981110883082,-3.0,62892,False,http://gauss:8090/api/v1/scanner/tracking/scan-fw-6f09c0e970553e7b/tle-review-04.png?sha256=sha256:977a694710b78d08c4edee07c13efc2af7262520849ef4543ecbf0d5eae623c6
scan-fw-6f09c0e970553e7b,20.0,sha256:12052967414e28bc91919d80bd7df54a0503618dfb4c437d26c4bfc4e099a747,1,upper,91.99268717,13.335015339999998,16,62892,54783,113.59926110954297,79.4747296307554,159.90509617573468,2.012024412271219,-1.0,,,http://gauss:8090/api/v1/scanner/tracking/scan-fw-6f09c0e970553e7b/tle-review-05.png?sha256=sha256:584fff8824ae9b3e7cc8289127ad78bd3b4a6533f9e16ef5be46cc91d31c33f7
scan-fw-6f09c0e970553e7b,20.0,sha256:32f3730e72492b0a71d2eb80f494b91fa2b91169c6c6954587a550ff84d921d6,1,upper,136.345031372,28.916123819999996,35,64323,63468,37.66280349567215,56.00015053486843,220.71379659456372,3.9413072016143333,-2.0,,,http://gauss:8090/api/v1/scanner/tracking/scan-fw-6f09c0e970553e7b/tle-review-06.png?sha256=sha256:2ad53d3581d4804b9071843093da960a358b2fc65f9d0a3f2581ce514eee8267
scan-fw-6f09c0e970553e7b,20.0,sha256:c6ebe8f1f769db27529a1fad568ff70df8e4a603ba72992d16049683678fd794,4,lower,153.751785465,40.289389504999974,29,69822,67903,156.20185271678463,171.96287393379185,2539.945104784078,14.77031086234342,-5.0,69822,False,http://gauss:8090/api/v1/scanner/tracking/scan-fw-6f09c0e970553e7b/tle-review-07.png?sha256=sha256:9157b0d3d19b05c4e6df7edcf963a268e0d4de3835e476957951273e6ad89bf1
scan-fw-6f09c0e970553e7b,20.0,sha256:cad6b39bb1e63da7d371773fa91f4cb7b1e63c8b3ce06a601293574c5a779c78,2,upper,165.962482741,20.497257424999987,19,64323,63468,36.473854081591895,31.72923404097948,408.5003243978101,12.874572511590316,-2.0,,,http://gauss:8090/api/v1/scanner/tracking/scan-fw-6f09c0e970553e7b/tle-review-08.png?sha256=sha256:1843ce52769c491ce067252b036eb2eeda619376438dc3e7f6f77043f326e106
scan-fw-6f09c0e970553e7b,20.0,sha256:6bd2e5784d6aca6c0cc2cd69c92343e4e34e6559d4e4c26bf01742a6c397ba41,2,lower,166.243815854,25.409217576000003,24,64323,63468,38.150907085283805,74.29261166526611,612.2321093228367,8.240820932252573,-2.0,,,http://gauss:8090/api/v1/scanner/tracking/scan-fw-6f09c0e970553e7b/tle-review-09.png?sha256=sha256:811f958d8efd10271c68eccbac33f5d7c8d4c31d9715d07b7581685a8cf3d4be
scan-fw-6f09c0e970553e7b,20.0,sha256:7bc3d50157e82f1db7fe934dc9113eaf82d042004f61038e67f98c913e14a35b,4,upper,167.647201651,24.708648763000014,26,69822,67903,126.68865034559819,122.81393688013479,1880.880524432424,15.314878524480044,-5.0,,,http://gauss:8090/api/v1/scanner/tracking/scan-fw-6f09c0e970553e7b/tle-review-10.png?sha256=sha256:36bc6d186961f31c3e1c64d8c1bbe377e4407573a0a01fc661d31860d3090aff
scan-fw-6f09c0e970553e7b,20.0,sha256:6bdd88d83b4e4d813f4aa9feae0725b90559f1055259fab0022b32d1bebc08ca,4,lower,195.8664235,27.949439280000007,20,67320,69949,139.22014302301397,328.1746611623072,496.84205781698034,1.5139561843601763,-5.0,,,http://gauss:8090/api/v1/scanner/tracking/scan-fw-6f09c0e970553e7b/tle-review-11.png?sha256=sha256:498bd09e168b812b9bca112a67ff788b2dd8eaf2827b764ff152644c94b708a9
scan-fw-6f09c0e970553e7b,20.0,sha256:737cb5825df73582a34f58b6b6c71b86d323602e9e0cbc4169dfab21f8ca00c9,4,upper,210.043843517,14.61468470700001,21,67320,68044,86.16183495465367,81.56880524616156,290.80380392608515,3.565135017590192,-5.0,,,http://gauss:8090/api/v1/scanner/tracking/scan-fw-6f09c0e970553e7b/tle-review-12.png?sha256=sha256:3f8773c78fbe2ef90c7425509288a66feaa9feb7b59142c75027422aa0d76093
scan-fw-6f09c0e970553e7b,20.0,sha256:3fc6f9c70ee44e78672ec6a52bddbac56a79c9eac933aad92953cdc80a0d317c,4,lower,217.76463424,31.319969498999995,22,63481,60260,38.04016792353191,34.84573105991055,228.51383425464257,6.557871719257572,-2.0,,,http://gauss:8090/api/v1/scanner/tracking/scan-fw-6f09c0e970553e7b/tle-review-13.png?sha256=sha256:cde495516c53dfb9ea3932b7d8df28cea0884a6940da8095b3e47d7f62bca6a6
scan-fw-6f09c0e970553e7b,20.0,sha256:8c1a574cde04b83c0fb9b209ee12b20c0f6a8bb4bd434359329aa6d870951d29,1,upper,244.733133023,9.824078731000014,14,59421,59353,50.987444899621366,137.95481417177032,81.10629091989675,0.5879192502764685,-2.0,,,http://gauss:8090/api/v1/scanner/tracking/scan-fw-6f09c0e970553e7b/tle-review-14.png?sha256=sha256:1455e78e8f37aa9486b4b06a6f151b9847ab0badc1c6823d5c1b6e5702cfbb2f
scan-fw-6f09c0e970553e7b,20.0,sha256:98f6fb049a967cf932f848fe07c97f8689817fb5a99e128f06d53549094047be,3,upper,247.259713841,23.718375599000012,26,59353,59421,109.50195053289296,115.41392078876596,1020.0785645432194,8.838436105209508,0.0,,,http://gauss:8090/api/v1/scanner/tracking/scan-fw-6f09c0e970553e7b/tle-review-15.png?sha256=sha256:bc1b8b71bf6232265db4f0ad625b035fb51cc302935b487c09bd1c5e4203e54f
scan-fw-6f09c0e970553e7b,20.0,sha256:4755ef6d1d7804af3a22444cabee378070a6fe76e7bb930cec2b2f9f45b6e584,3,lower,248.24115558,17.125200415999984,16,59353,59421,84.1668321301781,104.43143210995679,460.52439925140806,4.409825566372755,0.0,,,http://gauss:8090/api/v1/scanner/tracking/scan-fw-6f09c0e970553e7b/tle-review-16.png?sha256=sha256:d4a5a8e9f67a0d91ad65b0574fba10741c617130eccdadd5e600b9b8546c1b13
scan-fw-6f09c0e970553e7b,20.0,sha256:2fcf3875e19bd840e43c83a92ca7ee28e1badd1227e1c5ce2326ec8c77d90ef5,4,lower,255.819849673,33.40143295100003,30,59353,64128,29.41032326501696,63.670939805648814,6057.807782640806,95.14242763075039,0.0,59353,False,http://gauss:8090/api/v1/scanner/tracking/scan-fw-6f09c0e970553e7b/tle-review-17.png?sha256=sha256:399a9f0e52c8bf05c5f6708844206bfec5d71da8413e18e5171354049d93e2ed
scan-fw-6f09c0e970553e7b,20.0,sha256:9264b01107609a69b67b5824745bfe1d015b4af9812132528864a449535b264a,4,upper,256.942525476,30.594760925000003,40,59353,64128,107.40687131338527,110.07567184354005,3490.632195190439,31.711204998611976,-1.0,,,http://gauss:8090/api/v1/scanner/tracking/scan-fw-6f09c0e970553e7b/tle-review-18.png?sha256=sha256:c808d5ed0c766013e222c2dc3cd91092c199bc97b29b412479375cf3e6418608
scan-fw-b623e058c7e3a4c4,10.0,sha256:202d086a4556827d9a0dd7afaaac5aab3d34422e77b932ca732b0fd58dd30ee2,4,upper,42.287416204,11.642625323999994,15,59367,60258,16.33013359610425,59.3723766129265,141.1108993897326,2.3767096323210017,-1.0,,,http://gauss:8090/api/v1/scanner/tracking/scan-fw-b623e058c7e3a4c4/tle-review-01.png?sha256=sha256:c6cd8058e29eb1476a1a9648c7778eebe8291f32e8f41029ce1c3729ab81133c
scan-fw-b623e058c7e3a4c4,10.0,sha256:76260c52a8925a135f250b9dd41849b97b61208b7937acd28ef168cc0eb2b24a,1,lower,138.674174433,29.882693488,30,59930,63465,605.3621842306399,607.5261424336351,752.4884996060723,1.2386108959718924,-5.0,59930,False,http://gauss:8090/api/v1/scanner/tracking/scan-fw-b623e058c7e3a4c4/tle-review-02.png?sha256=sha256:c703df505129981cc830738f7e7e5fc43672aa99b2fa560658584d7c7ec63747
scan-fw-b623e058c7e3a4c4,10.0,sha256:e712a00ed4c9ce6b65582a6d32414d45ce4ee68ed2bbaf4fd47fd0236e232d66,3,upper,139.936916866,23.428951310000002,16,59930,63465,2036.9804034547767,1888.4992114714782,1975.256236752177,1.0459396671990664,3.0,59930,False,http://gauss:8090/api/v1/scanner/tracking/scan-fw-b623e058c7e3a4c4/tle-review-03.png?sha256=sha256:d877bba83fe961179f84b5c5cea6a3211856a422fdd46eff19da6aa4f1b151c9
scan-fw-b623e058c7e3a4c4,10.0,sha256:d6f7636adfa292ed5e44c0eea1bd616f20133600869d09a62dfa4f6fab6b9b78,3,lower,140.498253273,15.994653400000004,14,69831,59930,1075.9730821570906,1194.9922369916467,1867.4871791024282,1.5627609295636642,-5.0,,,http://gauss:8090/api/v1/scanner/tracking/scan-fw-b623e058c7e3a4c4/tle-review-04.png?sha256=sha256:82fe2a52aef84b4c5e3a28751e55fa6584807b63a43fc64aab679f3a15c9fe93
scan-fw-b623e058c7e3a4c4,10.0,sha256:39791c86fab0ab49e8cbdb8a12ea5cf1fc506cc774aa02fdbca03244a72243d1,2,upper,145.830295969,19.78087264200002,21,62098,68296,960.1383680530536,2635.6102732341583,1827.7225910847271,0.6934722518143505,2.0,,,http://gauss:8090/api/v1/scanner/tracking/scan-fw-b623e058c7e3a4c4/tle-review-05.png?sha256=sha256:39f78bdd60661690dffb86b5327ee1c9a6d2c7681372070f194618a270656b0c
scan-fw-b623e058c7e3a4c4,10.0,sha256:757af441b11d05a1cf27de935f7cac445ec786f5d6b0a05130d3f61005834c5a,2,lower,146.81296537,20.34132625800001,17,69966,68296,1049.025233446725,2034.7533770775888,1711.0427490325283,0.8409091579884785,5.0,,,http://gauss:8090/api/v1/scanner/tracking/scan-fw-b623e058c7e3a4c4/tle-review-06.png?sha256=sha256:b9a026a384649fe335a3cf58d5f9ec6c6e2c4b6ee6fa0dfc2a55e0d2021738b0
scan-fw-b623e058c7e3a4c4,10.0,sha256:f39e6397cd174731cd982c4f188532973c47ba37aa2c8097ca925cbdb2dfc347,1,lower,235.907665922,12.485266556,18,60286,52837,115.62192373538359,51.4390626683344,364.7017820586511,7.089977210707602,0.0,49763,False,http://gauss:8090/api/v1/scanner/tracking/scan-fw-b623e058c7e3a4c4/tle-review-07.png?sha256=sha256:6280b0ea948e3f9d6a7f4c113fb4e9506d5eaf84dd194ffd71c0a36c17ad6a6a
scan-fw-b623e058c7e3a4c4,10.0,sha256:2aaacea4b2be37fdf40838f50ed4400e82033df8e4aa7d9ee4f6b6eae51ca051,3,upper,250.778863453,26.94081639099997,23,63483,52837,114.79318835659588,114.38933459424736,1138.220960580366,9.950411588788166,-5.0,,,http://gauss:8090/api/v1/scanner/tracking/scan-fw-b623e058c7e3a4c4/tle-review-08.png?sha256=sha256:4c142c9538997249a20e0bb2ddbd0b6685391e2224d92a23112348c6ba179438
scan-fw-b623e058c7e3a4c4,10.0,sha256:33b4cfd95ef6504136a5c61cab9a9061dd7895659337795840c64177f9b1d6b0,3,lower,251.200195765,28.203480087000003,32,63483,52837,96.30386663652956,69.13365248695975,1188.3948376922822,17.189817041945552,-5.0,49763,False,http://gauss:8090/api/v1/scanner/tracking/scan-fw-b623e058c7e3a4c4/tle-review-09.png?sha256=sha256:1101b131224fffc354c7c5a91288189c77181dbd130d350e4348cc4e6801ee8f
scan-fw-b06315212ddf5fc7,15.0,sha256:7ae559758cacbe6c2f14be836e9c1881806843d0a174a2b8da31531a647eb91f,2,upper,0.460650587,20.626887539,30,60273,68307,91.74719844638288,65.30098889849717,1021.3098868987895,15.640037067222636,0.0,,,http://gauss:8090/api/v1/scanner/tracking/scan-fw-b06315212ddf5fc7/tle-review-01.png?sha256=sha256:a99651a5b92ce5956926b64dae28cad2e8332715b916f8b8eeaf61ad42605eb0
scan-fw-b06315212ddf5fc7,15.0,sha256:6246c85017edf8c190babe8c94f20cf77f909e274ba273587b1646042861193c,3,upper,0.600895726,23.713292175,33,60273,68307,25.75667751776234,32.72267309507576,1979.6084168907032,60.49653740508756,0.0,,,http://gauss:8090/api/v1/scanner/tracking/scan-fw-b06315212ddf5fc7/tle-review-02.png?sha256=sha256:fb325424206128c6006fe3894a3fa9c8ff57f6bdabe6c62fd77019ac9613fb94
scan-fw-b06315212ddf5fc7,15.0,sha256:64a5268e0f5e720914721c09c2193560eace4a2c9abfac50f7605ac390fccbf7,3,lower,1.724902342,19.503972511,20,60273,68307,20.598359234478217,20.648985531804875,797.6745954792484,38.63020748649465,0.0,,,http://gauss:8090/api/v1/scanner/tracking/scan-fw-b06315212ddf5fc7/tle-review-03.png?sha256=sha256:0143af077fad48c1211061421e98476d6a518a9ec6607a3e2f03d17046b72a15
scan-fw-b06315212ddf5fc7,15.0,sha256:ab80ff73466adcebcbbebd85e9208a4a3fd8148609ece414a0c56b480ed9d9e4,4,lower,2.146263365,19.64392727,15,60273,68307,26.61438459159958,14.910282178884495,859.6895666158482,57.657498114510226,0.0,,,http://gauss:8090/api/v1/scanner/tracking/scan-fw-b06315212ddf5fc7/tle-review-04.png?sha256=sha256:26970e3238d720549828839b87a0864dca2d3bd224542a9f71238ee21afdec89
scan-fw-b06315212ddf5fc7,15.0,sha256:40f194aae36f04375b85f5c7dcf721f4fa9f8cb06817ef48b90deeff3ed4787b,4,upper,2.567456523,13.750766976999998,14,60273,68307,72.08688206553735,19.984650943567438,515.5947476817126,25.799537311792268,0.0,,,http://gauss:8090/api/v1/scanner/tracking/scan-fw-b06315212ddf5fc7/tle-review-05.png?sha256=sha256:ac50734ee44b17f75bf0ed79f8cd8dac824c92135b004271cb62635851baacf0
scan-fw-b06315212ddf5fc7,15.0,sha256:099d80a871d1bd0d6ac22b6068bdefb5cc863c520688b8bffb956458b112d16e,2,upper,78.058216237,16.696032554,27,67840,52564,66.7001208068723,107.78655600242227,255.45437211083953,2.3700021745299917,-5.0,,,http://gauss:8090/api/v1/scanner/tracking/scan-fw-b06315212ddf5fc7/tle-review-06.png?sha256=sha256:3e223495c19e765968e8540bfb42b3de8ef6de0c91776e09607d804c134ef936
scan-fw-b06315212ddf5fc7,15.0,sha256:7ef6a0c5757767df155cb42d375421e79e522599d4ea280af5ec2fec6031050c,4,lower,124.360945445,32.829460208,31,69956,65921,64.8134553034923,135.93439014494544,378.84491177958705,2.7869688558990013,-2.0,,,http://gauss:8090/api/v1/scanner/tracking/scan-fw-b06315212ddf5fc7/tle-review-07.png?sha256=sha256:f4ae15b4252586bde7035ce6de9c83d9c2f630b1352482505ad9174ccd58001d
scan-fw-b06315212ddf5fc7,15.0,sha256:09da21aed5ea5f484bfdefc08a0bb4c4fb5639954a7a21b5bf9793bbafbe228f,4,upper,126.464964219,32.97076997300002,32,69956,65921,88.87115933357049,157.2061361667509,369.0661030183145,2.3476571081604636,-2.0,,,http://gauss:8090/api/v1/scanner/tracking/scan-fw-b06315212ddf5fc7/tle-review-08.png?sha256=sha256:247d7124c67a0844785fca71ab1065f85971e8e8d31813cb59a35677df685ca0
scan-fw-b06315212ddf5fc7,15.0,sha256:3eecd5fbb8a76ffd342e90d3bd45ca4d5b21dc45b81cdd61ab7816ae475f1b69,3,upper,146.666293533,35.924124409,29,62044,60121,326.4234587069663,387.1687747365551,692.7204077648654,1.7891949272929348,-5.0,,,http://gauss:8090/api/v1/scanner/tracking/scan-fw-b06315212ddf5fc7/tle-review-09.png?sha256=sha256:89eb0df749ed338828dbe0ada5aac60c415ea370ae39779ffd3cb13155df557d
scan-fw-b06315212ddf5fc7,15.0,sha256:b03b6d8584f45a092a972c5409ba8a3b165f347584874af4d073b3eb2b24422c,3,lower,147.36748244,37.888218981999984,40,62044,60121,351.1816642210028,327.3480216975193,700.7539601160903,2.140700152951011,-5.0,60121,False,http://gauss:8090/api/v1/scanner/tracking/scan-fw-b06315212ddf5fc7/tle-review-10.png?sha256=sha256:b1ee05771510f030f7f229d6c8cdca6e1363b47dc06af59f38d01cdbe330a339
scan-fw-b06315212ddf5fc7,15.0,sha256:df5b6fc4d6a3027dadfc39ec3108a978653e1d0d5206281bdea2a6bfd738cb78,4,lower,161.399708039,24.557282294000004,22,67884,60121,1838.739567313054,1468.395315895451,1335.8324450069076,0.9097226275148499,-5.0,67884,False,http://gauss:8090/api/v1/scanner/tracking/scan-fw-b06315212ddf5fc7/tle-review-11.png?sha256=sha256:04728ef303566e614f0a1a20dc0ab8d11f686d3b5c0eb3f0151f64d86ebccd87
scan-fw-b06315212ddf5fc7,15.0,sha256:ac8d7b8247d46106160fac9ec00c127de5f1377353b58c5bbf506792f0d0833e,3,upper,161.680297298,21.19004442299999,23,67884,60121,1610.7345018494518,1553.778772469654,1712.7127251540026,1.1022886626464403,-5.0,,,http://gauss:8090/api/v1/scanner/tracking/scan-fw-b06315212ddf5fc7/tle-review-12.png?sha256=sha256:92635b836b6cf8446ce3cf4978e8ba0ea06fb44d5432de5fec07b17004105ce9
scan-fw-b06315212ddf5fc7,15.0,sha256:29e7152074b1b072ad3a0eddc54d112151727e04879821801be6576205ebf5fc,1,lower,161.819683854,13.473339772000003,23,67884,60121,684.7313723960018,704.4993762725222,1422.506236324328,2.0191731664132213,-5.0,,,http://gauss:8090/api/v1/scanner/tracking/scan-fw-b06315212ddf5fc7/tle-review-13.png?sha256=sha256:48455058993c1da02d3ce05195e8285bb612982c3e80b6d5088228d5c848f93a
scan-fw-b06315212ddf5fc7,15.0,sha256:1dc08afba2d6aadd7266e6d6d5b0e14eb478da25a5d67545c718b92950f9b06f,4,upper,162.38104356,23.01461697100001,16,60271,67884,1702.8722826844287,1986.0992693854073,2446.5289710372085,1.2318261270970006,5.0,,,http://gauss:8090/api/v1/scanner/tracking/scan-fw-b06315212ddf5fc7/tle-review-14.png?sha256=sha256:8dec0e9bfd993f8bbceb34c88ca73158530293b037e56aa0ce250a81c74bf49f
scan-fw-b06315212ddf5fc7,15.0,sha256:a2d5e38ccf4949d6792315d092c763586225831f034709918d3780f1822fefe2,2,upper,213.599100952,21.46475358500001,17,60262,62220,89.84459535834019,71.87532191170664,326.96438192458726,4.549049287406853,0.0,,,http://gauss:8090/api/v1/scanner/tracking/scan-fw-b06315212ddf5fc7/tle-review-15.png?sha256=sha256:5341f392f5bb63c6fbff4db60674bca06bb7e55a96506dd151aec64b5ad4aa8c
scan-fw-b06315212ddf5fc7,15.0,sha256:f5eb2264cad3887ec0f8405f0437157b4d87f6f0f6990372e3c9efbc51f3e99f,3,upper,214.862416193,29.46144528900001,25,60262,62220,72.41687326512755,74.78015917902333,776.2101170339499,10.379893885699103,0.0,62220,False,http://gauss:8090/api/v1/scanner/tracking/scan-fw-b06315212ddf5fc7/tle-review-16.png?sha256=sha256:7cc22911f28cc34761710d47a3f33352377c7a91edb9f1c70da2a4ec723b5c8b
scan-fw-b06315212ddf5fc7,15.0,sha256:e95a088992a7e876131c59857a6275af3b639ddc79f01958fae897149ef89660,1,lower,271.967830317,27.78133760100002,21,63023,52838,385.2288323587181,597.3082813256949,448.330049635743,0.7505840177549483,-5.0,52838,False,http://gauss:8090/api/v1/scanner/tracking/scan-fw-b06315212ddf5fc7/tle-review-17.png?sha256=sha256:464a57a79122139c16c824c39342add4a8d2fd3968c5537e7c41adf90eb9614a
scan-fw-58e52b6878d5b070,10.0,sha256:7cc96c411928c77249fc8164d827e3174a24bb8483f64599f72063cb9795f71e,3,upper,98.286870643,14.030751898000005,15,65915,59856,54.98509804826499,69.51541567627467,465.57699814596566,6.697464060548878,-5.0,65915,False,http://gauss:8090/api/v1/scanner/tracking/scan-fw-58e52b6878d5b070/tle-review-01.png?sha256=sha256:c84cac77920ef1d189a3fc3402ba393b94aa0731b7c627736af7593ac452e958
scan-fw-58e52b6878d5b070,10.0,sha256:5ed29b25fe8eb3df6dafe8b97c9e400740728a985318906747f037e8b51b2a33,1,upper,111.054951852,22.448036614000003,20,65915,60728,40.41372114399567,77.07218247220679,1403.1402354870127,18.20553396153019,-5.0,65915,False,http://gauss:8090/api/v1/scanner/tracking/scan-fw-58e52b6878d5b070/tle-review-02.png?sha256=sha256:76c032dcc4dc26aaa0b61cc4ee3776918cb8d7904d37a2c21eed9828010f349c
scan-fw-58e52b6878d5b070,10.0,sha256:3520b4911cbc4a5f670ab953a8b5c2bfceb96466df0b99ecb2c06db12b29c486,3,upper,118.20965895,16.135370421000005,14,65915,60728,82.27517464935762,63.41366661964656,462.2880317754008,7.290037880133816,-4.0,,,http://gauss:8090/api/v1/scanner/tracking/scan-fw-58e52b6878d5b070/tle-review-03.png?sha256=sha256:864f554e9679dc8b7776550769ba855b453c530cd44789d51851a1042d0eab83
scan-fw-58e52b6878d5b070,10.0,sha256:1abc5146c68fa4259271eef35c24c7385786e0dc3cfe06583245185d915527ee,2,lower,160.721647228,36.193381165000005,28,69526,66171,446.51280887204865,430.8839080186848,526.864562741907,1.2227529339969228,-5.0,48116,False,http://gauss:8090/api/v1/scanner/tracking/scan-fw-58e52b6878d5b070/tle-review-04.png?sha256=sha256:7e65b7f9efd8c25d4ef8465f5ccc3312bf1ac36f610aed6ef5de3bbc032ba1f1
scan-fw-58e52b6878d5b070,10.0,sha256:9a5fdd91d1395ed997dfeb319b6b322ebaee2d422fe5e1d605a88763d7ef71b8,2,upper,167.734885574,19.217498312999993,16,66171,69526,172.05035378524084,213.97953891581543,163.05100636461407,0.7619934466199694,3.0,,,http://gauss:8090/api/v1/scanner/tracking/scan-fw-58e52b6878d5b070/tle-review-05.png?sha256=sha256:9193c6ff5dd558dc3352759ff6361d590b700faa98d19a87406a7e92641b3750
scan-fw-58e52b6878d5b070,10.0,sha256:3f522b2a6d2d4bce79e6fe22acbec07b4f9c46e78e958ad569145ea9564f44d1,4,upper,221.745630095,33.67077392800002,27,64123,57477,231.44829883291453,201.12561339459978,709.7769029432134,3.5290229372758293,3.0,64123,False,http://gauss:8090/api/v1/scanner/tracking/scan-fw-58e52b6878d5b070/tle-review-06.png?sha256=sha256:30d2f2c60453d8987f876b0e0678f5b38d2d3bf1c93bd955b1af6092ec96880a
scan-fw-58e52b6878d5b070,10.0,sha256:57be5a2dacd8f48688d52436bca8fb3a5dffc5da33571cdda3a1ccba8e809b9f,4,lower,222.026965679,33.529438037999995,34,64123,57477,219.75928335541474,292.17301731860397,751.802522781255,2.573141523063514,2.0,,,http://gauss:8090/api/v1/scanner/tracking/scan-fw-58e52b6878d5b070/tle-review-07.png?sha256=sha256:f25be8abd18327fbff45d8ea742803944e9d70b32709ba99949612dafdf900bf
scan-fw-219c32625329e76d,15.0,sha256:f402286630c5aa7ca3d7801c2a8eac2d22e158c179847b205a3124cf46717834,2,upper,20.100016333,19.644000126999998,20,59486,49744,122.39314852954759,61.411490970214565,70.2303667073833,1.1436030227868268,0.0,59486,True,http://gauss:8090/api/v1/scanner/tracking/scan-fw-219c32625329e76d/tle-review-01.png?sha256=sha256:d597161ee07fdc37778f97adcc0463579f7b30e198ba4f74e706143ca5775b3e
scan-fw-219c32625329e76d,15.0,sha256:7ddeb1b250715fdebef5e538a0a53d4ecda8d480fda97deacbcb8b3c9cae3da0,2,lower,28.239859725,12.486657063,14,59549,45676,27.777614428104883,38.42418406572541,158.64375105030217,4.12874742581231,1.0,,,http://gauss:8090/api/v1/scanner/tracking/scan-fw-219c32625329e76d/tle-review-02.png?sha256=sha256:51d54ba9fe3e2f3b651566b7f7f07df83e93b5f6e88e009bbcdf51ee3ba34b14
scan-fw-219c32625329e76d,15.0,sha256:67ae1b67e9d8635706ba9b3681b458bc0a07b59055ee89d4c8e1711be7d036f3,2,lower,28.240027665,12.906651084000003,18,59486,49744,26.957730896028078,45.07799990738481,66.96093681343318,1.485446047983674,0.0,,,http://gauss:8090/api/v1/scanner/tracking/scan-fw-219c32625329e76d/tle-review-03.png?sha256=sha256:0758ea99b2bbb0f98d87b1b3a3a7c1c74f683525f2de79dd98b4530523872d06
scan-fw-219c32625329e76d,15.0,sha256:5bc63e8b900cec1a2996662ff5f372e48ee6281938e9ebc8fc9b36a81f4cb466,3,lower,95.312071029,37.322803312999994,26,65364,63018,49.73317890013771,30.542892017975344,2582.894150150987,84.56612912198628,0.0,65364,True,http://gauss:8090/api/v1/scanner/tracking/scan-fw-219c32625329e76d/tle-review-04.png?sha256=sha256:25646bae210aa54e4cb0145687f1408ffee0ccb0856f1039e186c8958ee67f5d
scan-fw-219c32625329e76d,15.0,sha256:f02127d3f2312070262486340c0e91cfd1cd8858c15fc0e8017600250e383193,4,lower,98.81876614,33.95741948800001,39,65364,63018,39.99964958250238,59.26179661816698,3368.058685983027,56.83355683061645,0.0,,,http://gauss:8090/api/v1/scanner/tracking/scan-fw-219c32625329e76d/tle-review-05.png?sha256=sha256:3a30c1ed6cd4cd84a788d942941c67fbea4b4137db1816671fe7f2dff5454fbd
scan-fw-219c32625329e76d,15.0,sha256:4e0dcec92206b665ac27e84707f6a9913936ab909ae5f1419c726ab47a931e9e,4,lower,102.326721861,13.470350913000004,17,63018,65364,22.291841367400522,118.99355685910203,255.524826222685,2.1473837152817192,-2.0,,,http://gauss:8090/api/v1/scanner/tracking/scan-fw-219c32625329e76d/tle-review-06.png?sha256=sha256:b93304cc10f06cd050ceab4af42346651168060db0038cc53befdea63b79ff7d
scan-fw-219c32625329e76d,15.0,sha256:85863edcc0ec4c1009f74a635b9afb4d6f74324d88ea8de2d77e786f8131d086,4,upper,112.006854238,18.10267248199999,16,65364,63018,44.17243558215355,41.178198520455574,2618.0453305921314,63.578432876115215,0.0,,,http://gauss:8090/api/v1/scanner/tracking/scan-fw-219c32625329e76d/tle-review-07.png?sha256=sha256:d6c17e2931690891455a9fadc26884d8ab9aaba40947f443bc90c58cac07bc33
scan-fw-219c32625329e76d,15.0,sha256:8f873029302b9e1fb8d4ea1398d4c4c954ddbef53efafafc797771f88e4b8ea3,2,lower,189.324202293,44.34262470499999,56,59846,47405,124.5372589228471,117.60768813229323,915.3509131469027,7.783087378754125,1.0,59846,True,http://gauss:8090/api/v1/scanner/tracking/scan-fw-219c32625329e76d/tle-review-08.png?sha256=sha256:40798d2d90aa8b2c627250144dc482b0b8bab1faeef1ad5865049123ec63dcd5
scan-fw-219c32625329e76d,15.0,sha256:895b9f5a8d6c9fc6dc8feb0e9ea60410cd411316615e3b8dbf1a0ac9b5e241a1,2,upper,189.604990555,40.835193231000005,41,59846,47405,111.79617703300994,111.85278943411053,836.4685451825738,7.478298479764914,1.0,,,http://gauss:8090/api/v1/scanner/tracking/scan-fw-219c32625329e76d/tle-review-09.png?sha256=sha256:203bbc2bb11a3038dcb53039e8e3f51a218e312a03dda0fa49defa4bd416f38d
scan-fw-219c32625329e76d,15.0,sha256:54ae35cfe83146eb0752ccc234fba304d94e50a469ea47f6ba5bdbbedb242831,2,lower,250.081371593,14.032152632999981,16,62200,55450,51.75418703538212,47.85196024953769,218.7889866178637,4.572205307304573,0.0,,,http://gauss:8090/api/v1/scanner/tracking/scan-fw-219c32625329e76d/tle-review-10.png?sha256=sha256:cc402af4a0f0f7f054de10f803ed5937975991c8f34717e57099142a4a367a12
scan-fw-219c32625329e76d,15.0,sha256:a5fd249f60e7c593c8e3ed95608def02d261c466862f1af631a6909c4fb200c6,1,lower,261.166850334,17.538561311000024,19,62200,57105,68.1572737639039,72.47363026186962,486.53695100337956,6.713296260244881,0.0,62200,False,http://gauss:8090/api/v1/scanner/tracking/scan-fw-219c32625329e76d/tle-review-11.png?sha256=sha256:8a35c86c2502bbd1bb60f61d98700cee0e9627e96622930239e28f7bcf2371b8
scan-fw-219c32625329e76d,15.0,sha256:0600fcb5c06ab1a03e49ce9a58cac441e816a0139c087fd46ba7132eea6f7a4b,1,upper,269.585144279,12.347074985000006,15,62200,58040,78.35773770783445,34.543118341311924,204.72210104225798,5.926566878515426,0.0,,,http://gauss:8090/api/v1/scanner/tracking/scan-fw-219c32625329e76d/tle-review-12.png?sha256=sha256:6e19ce77bb8d5e1a3def12985fb69f669f8ad14718b89cb6c730dd70307adbc0
scan-fw-ae29339ef0a8b774,20.0,sha256:e9a8bdc2d4c5afa795a53c5ea2b7104db2b71bafc3ca2a9e53daa22d7f06a4b6,4,upper,63.074569184,14.18127177000001,14,63097,66437,92.0120756172985,61.043131745779874,744.2952935816842,12.192940832088615,-3.0,,,http://gauss:8090/api/v1/scanner/tracking/scan-fw-ae29339ef0a8b774/tle-review-01.png?sha256=sha256:e728e82a16f64497888e5851c42b0cf7d01455db3335b8f9ddd88c96f382357d
scan-fw-ae29339ef0a8b774,20.0,sha256:be34fa7678570748b24f21d423ea0ffe3e6130cdb8d149c8ef97b7035f662c25,1,lower,63.355888075,27.793397250999995,28,63097,66437,69.83044446745868,61.69942460921283,1717.4591139738914,27.83590162877214,-3.0,63097,False,http://gauss:8090/api/v1/scanner/tracking/scan-fw-ae29339ef0a8b774/tle-review-02.png?sha256=sha256:05c4f8bdeb2f183ffe8066859b9412eea5dccbdd887e1b0383d37510b3553ef9
scan-fw-ae29339ef0a8b774,20.0,sha256:c396f80a0f39706eafaaf487fe1e88e11f308df8cbe70849af46f78fe6f40fc9,1,upper,63.777224634,23.301418781000002,31,63097,66437,48.66418951377112,65.32635454999014,1622.7430842747665,24.840557772636515,-3.0,,,http://gauss:8090/api/v1/scanner/tracking/scan-fw-ae29339ef0a8b774/tle-review-03.png?sha256=sha256:10930a7884250c43a95dc82128288e451705508bbc9a32d6f5e9571046f25f06
scan-fw-ae29339ef0a8b774,20.0,sha256:71ec2266bb0adb2378d37b47aeb951f574be338fc2ebace06a1930f69a008ceb,2,lower,66.726509096,18.388012447999998,14,66575,62024,20.26633858970615,12.880993921211084,486.6387514760077,37.77959639237633,0.0,,,http://gauss:8090/api/v1/scanner/tracking/scan-fw-ae29339ef0a8b774/tle-review-04.png?sha256=sha256:07b908fdb4f4d0d2ebdd7f6b46de2cebe9e9b9b8ec39c01684e35a0435ce1c2b
scan-fw-ae29339ef0a8b774,20.0,sha256:e4664c1e7e5b21f506a8d3448f760fc0e89e5d222819f1fbd8f960699fd30d40,2,lower,83.851913407,21.893421482000008,21,63091,63097,48.39329885012579,153.75349195816102,2215.666622883265,14.41051253317997,-2.0,,,http://gauss:8090/api/v1/scanner/tracking/scan-fw-ae29339ef0a8b774/tle-review-05.png?sha256=sha256:9ee66f3124428dfb4429d060a0b9a7a0e972368d6d14991eb7b930364a6b29e6
scan-fw-ae29339ef0a8b774,20.0,sha256:ecbc724cc197dabd4b3cf3a3fbc007da0c6fb798cd0039f03af6fbbfe15aee7e,4,upper,85.255924016,17.822742446000007,14,63091,63097,37.27945930063333,32.60297329761388,1256.9544408910353,38.55336841266034,-2.0,,,http://gauss:8090/api/v1/scanner/tracking/scan-fw-ae29339ef0a8b774/tle-review-06.png?sha256=sha256:303949ea4391c5a9cba1f204e3b9d8dc68def9be9d6f906ae9c0c767ab840f6b
scan-fw-ae29339ef0a8b774,20.0,sha256:fdd21309feda8aeddee1ac0ba99e5d02caa6ab3913a085bb1af4eb1f6cff5f67,2,upper,91.007960452,18.105373027,18,63091,62092,38.13954765665673,100.24519834612332,2121.3887575380886,21.16199870455069,0.0,,,http://gauss:8090/api/v1/scanner/tracking/scan-fw-ae29339ef0a8b774/tle-review-07.png?sha256=sha256:266bf6ece8ab9004de080691d87885b047f13fb73c21e2b45a40355c4f7b2234
scan-fw-ae29339ef0a8b774,20.0,sha256:c2fb623d37e22eeb73668ab5c9389a8c9e22d352b18a3b2105b5f1484500682e,3,lower,113.606587959,29.901450417999996,22,63087,66173,86.16437831576347,125.7245974117637,1728.5893362341683,13.749014686225824,-1.0,,,http://gauss:8090/api/v1/scanner/tracking/scan-fw-ae29339ef0a8b774/tle-review-08.png?sha256=sha256:393ae349b98d773929658255f4f8b5c741e2eb21ba6da80fc7fc9fa94f6d80a1
scan-fw-ae29339ef0a8b774,20.0,sha256:53f861063433cd25f64a2d2d27c177e38cacf6b84cce07866cf3d3e2d0d06395,4,upper,115.009299553,35.80003218599998,24,63087,66173,113.3070881844839,91.61736787329538,1971.662568461095,21.520620098886237,0.0,63087,True,http://gauss:8090/api/v1/scanner/tracking/scan-fw-ae29339ef0a8b774/tle-review-09.png?sha256=sha256:fe32f9ba466faeeab489235782136a21f9d93dac014296844c8b418caa5429af
scan-fw-ae29339ef0a8b774,20.0,sha256:26f7dab91cab2dee0f4f3ffc0b0b396b6c05b0a41c8c2b43ef303d311bf139c2,1,lower,117.675963592,35.24004419800001,23,63087,66173,151.14958332336553,94.04548328237166,1266.282724684696,13.464577781823724,0.0,,,http://gauss:8090/api/v1/scanner/tracking/scan-fw-ae29339ef0a8b774/tle-review-10.png?sha256=sha256:c17bf694d06a1d510657b554119e5b30e9b45cfb14161b41f7365d1ad2e01c5b
scan-fw-ae29339ef0a8b774,20.0,sha256:4cbf1b3b6bdc7ef3ce5966dfbd24db96df3db1ac91184cfd79c3cbbf4b35aa4c,1,upper,119.501309715,19.934732391999987,18,63087,66173,47.02609750230065,53.08789338594746,715.7804987107245,13.482932794244082,-1.0,,,http://gauss:8090/api/v1/scanner/tracking/scan-fw-ae29339ef0a8b774/tle-review-11.png?sha256=sha256:f99db2397f6249339e760cab1679b7ca5fe7b8a18a1026124cefb90694b1a483
scan-fw-ae29339ef0a8b774,20.0,sha256:ae28f7296584cfee2c341aca38d0f370de74da5cd47d9ffda2ecdf46f3253566,2,lower,131.295927384,14.037433951999986,19,59550,56700,36.719519401074486,77.4066026863527,178.84910361913796,2.310514832227229,0.0,,,http://gauss:8090/api/v1/scanner/tracking/scan-fw-ae29339ef0a8b774/tle-review-12.png?sha256=sha256:8f740997f5e4e1486423d1e99d6c60b48a77e2875d719db9a1fa8fc1b1bc4ccb
scan-fw-ae29339ef0a8b774,20.0,sha256:c019457083524516c97148b6bbb2701039941a2f7e816e3a370e75c382c5ed65,2,upper,132.13844176,11.088241667999995,16,59550,56700,32.19953166688083,40.74205334392589,45.64001289983742,1.1202187703836424,0.0,,,http://gauss:8090/api/v1/scanner/tracking/scan-fw-ae29339ef0a8b774/tle-review-13.png?sha256=sha256:bdc54a76d947a07bd2e8b50bd50ade11ff2acae745348d9da3fe0c234cd97b31
scan-fw-ae29339ef0a8b774,20.0,sha256:bef9edf8069a3ff3e88c608ed4e3b16dc0a455a603f4a19c5f56b22828828e17,2,lower,191.520163344,22.881248921000008,21,59958,59835,21.415874488182133,21.916833060698167,434.7511005973086,19.836401518105987,1.0,,,http://gauss:8090/api/v1/scanner/tracking/scan-fw-ae29339ef0a8b774/tle-review-14.png?sha256=sha256:a96ed51e630f16aa80c8baf4bff834e308e98dc1f4e9e0cd380dfbe28d009aa3
scan-fw-ae29339ef0a8b774,20.0,sha256:9da0f559bc5bfbacf25f502aaf52814134a86e556ce4cfe3d4b3bdfc6898288d,4,upper,249.918751322,39.44144979800001,28,66853,52686,92.44061143262492,117.35900627125231,693.6670851547323,5.910642115965578,0.0,66853,True,http://gauss:8090/api/v1/scanner/tracking/scan-fw-ae29339ef0a8b774/tle-review-15.png?sha256=sha256:423702bdffe87364b5f117f128f2618addc86b1e63af64e8c743b70ec6142c7f
scan-fw-ae29339ef0a8b774,20.0,sha256:f8b6856b5cb86aec3bfa6978d2870a3a0e35589b5455028a1a748069e53abe37,3,lower,261.006747446,19.088113213999975,26,66853,52686,26.410122087516406,119.41936771519345,151.40080999230426,1.267807834600031,0.0,,,http://gauss:8090/api/v1/scanner/tracking/scan-fw-ae29339ef0a8b774/tle-review-16.png?sha256=sha256:afe01b7f73dbf74bf45addb615674fe16e541937fef91cc5a40fe092235d7bbb
scan-fw-ae29339ef0a8b774,20.0,sha256:c140806cb71ba870dbb02e1204a21da59aef1e2d7cdebc0bf43975820691aa2a,1,upper,270.552032278,23.86285692199999,31,59877,59492,84.30632878384924,49.83824991653158,103.97278325533246,2.0862045402770897,0.0,,,http://gauss:8090/api/v1/scanner/tracking/scan-fw-ae29339ef0a8b774/tle-review-17.png?sha256=sha256:251cb068ab04c969d78d73f39f1815582030d35fac17b639de66896e2f5d1e4d
scan-fw-ae29339ef0a8b774,20.0,sha256:5b8c5f16eb3d4c88b1a2f091cda4719950b6a970c806dfb85f611466cc2780ef,1,lower,271.393375047,23.722850474999973,30,59877,59492,84.20173180081747,32.96837250253064,90.80179827749909,2.754209303796515,0.0,,,http://gauss:8090/api/v1/scanner/tracking/scan-fw-ae29339ef0a8b774/tle-review-18.png?sha256=sha256:ad3c81935b84c5ae304123d2023ebd4fb9164a45f77ff936ca64dbfe568e99b8
scan-fw-ae29339ef0a8b774,20.0,sha256:f529e8fbcdf8885b93a7dff63449d7656df9d42c1e09f550fdc44c364903e30d,3,upper,274.622741029,24.846828388000006,28,59877,59492,96.65970950609687,61.73461951296463,279.6905574845701,4.530530190209295,0.0,59877,False,http://gauss:8090/api/v1/scanner/tracking/scan-fw-ae29339ef0a8b774/tle-review-19.png?sha256=sha256:09289eeaf0a4c0cdfb114db135a0bfb07d49c8b35482919c8f82f45c46cd1daf
scan-fw-ae29339ef0a8b774,20.0,sha256:c787a410af90a5880c52e6b7b86a1666105c75e9581e92d749b59333c577cccd,3,lower,288.236186482,11.513383680999993,16,59877,52669,28.622001051799984,34.5216499072663,67.40050653101511,1.9524126660246413,0.0,,,http://gauss:8090/api/v1/scanner/tracking/scan-fw-ae29339ef0a8b774/tle-review-20.png?sha256=sha256:879216f7651ba555561da89984c2b6b16bc4488463805abded0219f502fe9ceb
scan-fw-7bd15a039c17b925,10.0,sha256:9bd3236717b0ad4a847fe09cc079ecbe51af9dbe56e6ea64ef5ed2a50e07d5d7,4,lower,35.842592567,19.504091687000006,20,66450,59494,53.499471924848415,61.935355218014095,89.56074424002566,1.4460358534276498,-1.0,,,http://gauss:8090/api/v1/scanner/tracking/scan-fw-7bd15a039c17b925/tle-review-01.png?sha256=sha256:29a0a39773953540ed3ef080f73094f74be8b2014a268d4e1e4cd2ca696bfc60
scan-fw-7bd15a039c17b925,10.0,sha256:94ef53eb8489a3f4133287833a63775dd01567af4ad3647461e01ea5cd1bb823,1,lower,38.931711496,20.342963868,17,59494,66450,36.37641345882964,29.168147396751095,48.010503889507426,1.6459908555884182,2.0,,,http://gauss:8090/api/v1/scanner/tracking/scan-fw-7bd15a039c17b925/tle-review-02.png?sha256=sha256:14169aec8369d8a7ff8360a3e3246e6bb4914ae5653a3e42a3bc808da5d3a338
scan-fw-7bd15a039c17b925,10.0,sha256:7912f3e9bd525d6b8ea9b4ffc58e12880de7fd1953a85bd68e52baf629d4beb2,2,upper,90.138544215,23.149513025000005,19,63376,68073,133.71484256971797,122.5139821586786,226.63180338758266,1.849844396487349,1.0,,,http://gauss:8090/api/v1/scanner/tracking/scan-fw-7bd15a039c17b925/tle-review-03.png?sha256=sha256:e29c43dfca7dc38ab008a683ec22a59b4cd520f0da961a8474a4d12a07c85f31
scan-fw-7bd15a039c17b925,10.0,sha256:01c68f0bd11cef41fdedc7c7078bbe32b62eb10a3979ca5574b134e918d38c8b,2,lower,103.466667209,11.084837477000008,14,63376,68073,34.64035704411659,38.444928888882,76.78524597773009,1.9972789181029238,1.0,,,http://gauss:8090/api/v1/scanner/tracking/scan-fw-7bd15a039c17b925/tle-review-04.png?sha256=sha256:7c2496c591e5c62c368ffcf2e367a60a6e45b1681fae665c368c8bab6179eb7e
scan-fw-7bd15a039c17b925,10.0,sha256:5e7deab1a180b1dfd354a7b516c06d8c45303738b993761c6c3bdbe55f62926d,2,lower,115.954027561,26.235428829,29,66875,62985,39.89569901332342,68.24541108968357,628.5197966492432,9.209700500203367,-1.0,,,http://gauss:8090/api/v1/scanner/tracking/scan-fw-7bd15a039c17b925/tle-review-05.png?sha256=sha256:68f7c704f403e835907dbdbfd803e2d8f42bc666e6ee50bcfdc218e79f90e818
scan-fw-7bd15a039c17b925,10.0,sha256:cb328f9536962a1f0e34fe790f515a2128ca8576f0678b97f5afec74274f6ae0,4,lower,116.094662546,30.86412677199999,27,66875,62985,44.86364246451147,67.99535417913471,1110.0499970058477,16.325380026426593,-1.0,,,http://gauss:8090/api/v1/scanner/tracking/scan-fw-7bd15a039c17b925/tle-review-06.png?sha256=sha256:0d66652a09752f695d45c6b2f0cdae7e20f44afc6170d10291dbfb856c16bb31
scan-fw-7bd15a039c17b925,10.0,sha256:c24363f701f5680c1f60123a08b9b432a7e623f4565c4e5099e4efefb9d53fd8,1,lower,116.234715422,31.565364898000013,29,66875,62985,72.19834812453594,78.98381065079428,839.2180452027296,10.625190634484666,-1.0,66875,False,http://gauss:8090/api/v1/scanner/tracking/scan-fw-7bd15a039c17b925/tle-review-07.png?sha256=sha256:fa5f3651f09d7ef2a9201916d2d759dcef849b3a30dae80df0ad65ef0de99257
scan-fw-7bd15a039c17b925,10.0,sha256:6548e5394e07fcddef05e3bb5aaf60a25bff7e9d5202a99ad9c5501b9280f66b,1,upper,116.656051761,28.620085070000002,34,66875,62985,97.03393977008527,109.19215482962167,684.7090582236373,6.2706799704797955,-1.0,,,http://gauss:8090/api/v1/scanner/tracking/scan-fw-7bd15a039c17b925/tle-review-08.png?sha256=sha256:07b53525811427bce7a15de97c132465ba7622e862bac642b877078886515f02
scan-fw-7bd15a039c17b925,10.0,sha256:bf5d6d8f823d67d91c475ad1747a321bd88f0587ef97b9f0ee2fda709aa7261c,2,upper,117.076004415,31.005384808000002,32,66875,62985,54.052849894447455,46.54857721075575,745.4758203893947,16.01500765563982,-1.0,,,http://gauss:8090/api/v1/scanner/tracking/scan-fw-7bd15a039c17b925/tle-review-09.png?sha256=sha256:f8fffa014d77771b8a7efe2aecb38082075cd6d9aeefdb8a41df7d1d7a099f7e
scan-fw-7bd15a039c17b925,10.0,sha256:ee8a065165a6a692d7993fb873487ea1276248345c1f87f72aa04ee5ffcc2dec,2,lower,175.156086319,48.82808987500002,48,62604,48444,323.1738606223943,299.8346160116777,1409.375352191845,4.700509137133632,1.0,62604,False,http://gauss:8090/api/v1/scanner/tracking/scan-fw-7bd15a039c17b925/tle-review-10.png?sha256=sha256:69ef971a03ea06f7d5f8f8f61a82b01bcac30030e199fb24e5d1e92eb9a00a67
scan-fw-7bd15a039c17b925,10.0,sha256:d65c8c1bff269fe9ee50d14ae07aa4dff32189e8d8ada8b54c6dbec54e06bf7f,2,upper,176.978769843,37.746224179999984,48,62604,48444,193.32661286571255,215.65224924731865,856.1387397072591,3.969996801310451,1.0,,,http://gauss:8090/api/v1/scanner/tracking/scan-fw-7bd15a039c17b925/tle-review-11.png?sha256=sha256:9a3bd15ba06194bc3a33fda031b4a5cb717758670df1dcba89ec9e48ba1e897d
scan-fw-7bd15a039c17b925,10.0,sha256:9eee7073d5216e232d8475474d78398bba738df4b329bf86fb65bf1ccf49afb0,1,lower,179.083286967,14.732888878000011,15,66573,66446,28.03211134937164,38.82546854194164,82.12503123993339,2.115236063441628,-2.0,,,http://gauss:8090/api/v1/scanner/tracking/scan-fw-7bd15a039c17b925/tle-review-12.png?sha256=sha256:0b60fdccfc5609fe6f9f42ded0c6ed774babd82ef6cf253bdf3459c1b96d8983
scan-fw-7bd15a039c17b925,10.0,sha256:fce49e8565dd2d1f007950dc18e431ae077db6974f3631c6829d0264d3bced6a,1,upper,231.83881622,27.785080176000008,19,59542,61933,76.00496052854032,112.34042638176999,1161.533544114709,10.339408363712572,-1.0,59542,False,http://gauss:8090/api/v1/scanner/tracking/scan-fw-7bd15a039c17b925/tle-review-13.png?sha256=sha256:dcbd84d77572af451aea384d0f9d9d0d32fdd61d96a8c2a616a9395239604aca
scan-fw-7bd15a039c17b925,10.0,sha256:9d457d37b2ded70d29c0908793b629d86bc4c10e26ebed493326a5edd186a2df,3,lower,258.641162449,35.77644494200001,24,59849,47357,28.688084614453363,16.554060600545974,425.9279950447695,25.729517688893917,0.0,59849,True,http://gauss:8090/api/v1/scanner/tracking/scan-fw-7bd15a039c17b925/tle-review-14.png?sha256=sha256:27e2c6858d8efd43d10c93ade0664a59fd416c417299499150a4c4b92322eab9
scan-fw-7bd15a039c17b925,10.0,sha256:9df0ca861bc4a8daa419aaeace2b0a6c56ab206903a1f5e7fce39961bd65f54d,3,upper,260.044145418,33.95279597899997,25,59849,47357,21.819878120287285,26.057880287225863,552.0665271610819,21.186164073050747,0.0,,,http://gauss:8090/api/v1/scanner/tracking/scan-fw-7bd15a039c17b925/tle-review-15.png?sha256=sha256:1bcf8114628f601a69d4064e69a5ffe92f7a885a3484928d1e297a1f339623bd
scan-fw-55e1cd429ff192a6,15.0,sha256:263d848fd127e197642c354d08cdb87b6375d294142a5cf69d25b7f81e2e0a82,2,lower,9.010341431,36.214347339,43,59850,57868,56.2524080288767,87.2549814063125,1674.7138342338876,19.193332085367103,0.0,59850,True,http://gauss:8090/api/v1/scanner/tracking/scan-fw-55e1cd429ff192a6/tle-review-01.png?sha256=sha256:422492068ebb4cdc05ca35973ee0bcde94ce7d98479811f4980ef90caa476214
scan-fw-55e1cd429ff192a6,15.0,sha256:3916ab92f1504e38c370cfe54076ed28dc7faae9376fc6ef381a3c93595b2cb6,1,upper,160.987297758,43.354082834999986,33,66531,66493,51.90852684259073,90.04205767727241,73.00979718641013,0.8108410566103554,-4.0,66531,True,http://gauss:8090/api/v1/scanner/tracking/scan-fw-55e1cd429ff192a6/tle-review-02.png?sha256=sha256:c76cda5e7dfd21ec21cd814ed7883c2fe7e3f5519384e8ffedfb71dfbbf60ef8
scan-fw-55e1cd429ff192a6,15.0,sha256:effc21ff8ff5f2b605efed67d5c1d1b48fb47b015c556cd7c5e4c3cefe51b511,4,lower,280.950663837,18.65890183700003,30,66502,56702,29.087199388373335,30.59657420750525,128.2744915236885,4.19244620831515,-1.0,56702,False,http://gauss:8090/api/v1/scanner/tracking/scan-fw-55e1cd429ff192a6/tle-review-03.png?sha256=sha256:f08b156ff01eba692da9eab7bd8f90881b2ded9b6e69b3ae464c1817d71f4273
scan-fw-55e1cd429ff192a6,15.0,sha256:6a24c591077b0581e1ea721dcc7399bd8d9f354c5ac917b0a66d157b5ae4e2f3,1,upper,281.230805817,17.256086254000024,15,66502,56702,25.722393609656677,103.43660037332407,98.34228468177209,0.9507493897405218,-1.0,,,http://gauss:8090/api/v1/scanner/tracking/scan-fw-55e1cd429ff192a6/tle-review-04.png?sha256=sha256:f90a3ca1ea4598e8353a25e6a44f74a3fed2c4d4707859ba03cf0a5edcc29c1c
scan-fw-55e1cd429ff192a6,15.0,sha256:44da204c47e227e532abb4af30afcb7405b19751d226b99ee0ae44fd739faf44,4,upper,281.650809094,17.678462886999966,16,66502,56702,30.42995246238673,33.45261900124117,70.60738781150675,2.1106684594377216,-1.0,,,http://gauss:8090/api/v1/scanner/tracking/scan-fw-55e1cd429ff192a6/tle-review-05.png?sha256=sha256:a720b8392d602f63da1dbc8921c3f97c94cdcbbe584270eb51dabb655fb06a23
scan-fw-e5e0b73da2340d1f,10.0,sha256:dbd001916738821216d20980372abbd4601353172289ce49e18f68cbfd5b30db,3,lower,23.479174615,14.872158814999995,29,61931,64729,104.29150620379886,47.612508668556956,111.40951015069245,2.339921026347152,0.0,,,http://gauss:8090/api/v1/scanner/tracking/scan-fw-e5e0b73da2340d1f/tle-review-01.png?sha256=sha256:03688af68f1cc0abe07aec91752c891cb1d8a454e24a86d04ed1a9b65f0bbe73
scan-fw-e5e0b73da2340d1f,10.0,sha256:e3c63ee07706f7a13619c5d3a72ba4908b29ccc8ba0134de64dfb0bb4f6cbaf0,4,lower,34.984143574,30.589976285000006,28,61931,68398,57.68876800812385,194.72567512663008,601.0587756568901,3.0866950404255715,1.0,,,http://gauss:8090/api/v1/scanner/tracking/scan-fw-e5e0b73da2340d1f/tle-review-02.png?sha256=sha256:9bcbdac3529c67b1ad5960b506b3d379a6d5356876ce875c47ffe8d991fa0797
scan-fw-e5e0b73da2340d1f,10.0,sha256:c6e59eb758186cbb5ac3cc48707811958693668d750f029dbf3945c9b932a217,3,upper,36.807319699,34.518802161,23,61931,68398,96.35344430855672,134.03539754199568,245.50368296836427,1.8316331914593202,0.0,,,http://gauss:8090/api/v1/scanner/tracking/scan-fw-e5e0b73da2340d1f/tle-review-03.png?sha256=sha256:45296ee6855e7448fd71f101b0e4868deec6da8ec61f501a1ff9a9731a3fcc55
scan-fw-e5e0b73da2340d1f,10.0,sha256:1084169ab561937ccfdf81c47cdcaa7606358a80ea415a5f3ca2fc019f4d5788,3,lower,38.351333461,37.044033268,40,61931,68398,84.78122534540287,122.15195061500931,399.0624399846942,3.2669346496351386,0.0,61931,True,http://gauss:8090/api/v1/scanner/tracking/scan-fw-e5e0b73da2340d1f/tle-review-04.png?sha256=sha256:03cddbae8bf5178b64905316989f11bf2136119657017128898310d302a2e145
scan-fw-e5e0b73da2340d1f,10.0,sha256:faa983003ff6e2c32164b3b0af4985d47923b6ec1a283a3d45ed3f2b0180d90e,4,upper,38.631354351,18.94409081,17,61931,68398,100.69906776883751,48.422098427670036,323.16028770434565,6.673818322579776,0.0,,,http://gauss:8090/api/v1/scanner/tracking/scan-fw-e5e0b73da2340d1f/tle-review-05.png?sha256=sha256:6e6df89b1e46c029759b47b494166011dded1eecbedd2483c30893feac0ca266
scan-fw-e5e0b73da2340d1f,10.0,sha256:1ff0134dce4a6e73d2566390f8f133addfad8633a478c29bc9bfe15d3f9286d0,2,upper,153.824827667,46.300939837000016,54,57984,57130,112.77197703254107,130.46226704245404,1871.178607928322,14.34268045732654,0.0,57984,False,http://gauss:8090/api/v1/scanner/tracking/scan-fw-e5e0b73da2340d1f/tle-review-06.png?sha256=sha256:85226f1ca7d4a03edda282bb8bbfb3391c178503eecf7ec292cb53e7515d4d1b
scan-fw-e5e0b73da2340d1f,10.0,sha256:69ecfc10ffca545ab6875f9dd2740213c97f05d1b8ff0725c28c1a8cc39ab315,1,lower,241.803705643,24.408073564000006,30,64725,60905,22.09039098702606,17.04740826906035,862.2250025722303,50.578069637547074,-2.0,64725,False,http://gauss:8090/api/v1/scanner/tracking/scan-fw-e5e0b73da2340d1f/tle-review-07.png?sha256=sha256:5bf942717da4f9b2a533d8fcb4761de529b3d623fcacaf01b0955e4efc09aece
scan-fw-a8f2afc6e2bd2358,15.0,sha256:ea149a95a42cf949a8bc6785498f3d37a07cc61ded7837e6ad951629b12c3e17,1,lower,1.016438556,21.202833236,23,64748,100482,20.45515849597033,20.44055649352057,29.67862338236085,1.4519479150075314,-1.0,,,http://gauss:8090/api/v1/scanner/tracking/scan-fw-a8f2afc6e2bd2358/tle-review-01.png?sha256=sha256:421a10774e905d17919032f27be809b25e1bdc02a0a77142f9167232899b5fbc
scan-fw-a8f2afc6e2bd2358,15.0,sha256:5f6e8a209882b16f5f7c66f2840d0f93948ce23cfc975777ca4c3d351eaf19d9,3,lower,1.577777725,19.237477707,14,64748,100482,48.11043850657656,55.99953260496695,66.85571044199632,1.193861936555993,-1.0,,,http://gauss:8090/api/v1/scanner/tracking/scan-fw-a8f2afc6e2bd2358/tle-review-02.png?sha256=sha256:68bb088cdd894e39182348639d7f913a0f9ab63db506187d55308127ad85e07b
scan-fw-a8f2afc6e2bd2358,15.0,sha256:59b1762613eb62b459d8c797775b174e0b25943383bcbdd60afb43e6e9d4a2d7,3,upper,13.228147842,10.253784992999998,16,64748,100482,24.364738698256808,24.194783489540537,32.19948567230134,1.3308441336629964,-1.0,,,http://gauss:8090/api/v1/scanner/tracking/scan-fw-a8f2afc6e2bd2358/tle-review-03.png?sha256=sha256:c26d1a5a7462d6c14b6b2b3a317d8733a6664d5e11b91a0684f356e2aed7e2aa
scan-fw-a8f2afc6e2bd2358,15.0,sha256:6cdf139e21b8a0a78fba54c7176dc997d525a3a8755ffcddd18837e2601773fe,2,lower,41.021745969,23.013536593000005,35,63998,58248,36.62628277711961,60.213501282390546,136.8498683143654,2.272743909585394,1.0,,,http://gauss:8090/api/v1/scanner/tracking/scan-fw-a8f2afc6e2bd2358/tle-review-04.png?sha256=sha256:a9c5775b3e099fe86e3a06341a024021cd101a20c538d7479b8b76e7d4c08b0e
scan-fw-a8f2afc6e2bd2358,15.0,sha256:31b3f9a6c0c1b0007f4740a71026fde7bab9608424748017c4ee8fe63be53f7c,4,upper,56.599022296,29.040315665999998,25,58248,63998,73.32554973443517,103.79134275158098,146.800375859193,1.414379773566971,1.0,58248,True,http://gauss:8090/api/v1/scanner/tracking/scan-fw-a8f2afc6e2bd2358/tle-review-05.png?sha256=sha256:85af9ce698260549eafc34c849b0a4d1bbc068d579e0d1009383d897647204ad
scan-fw-a8f2afc6e2bd2358,15.0,sha256:0404f1983cc7a66427f73ac194dc1bb0492e0fec02338ca616c335862c0488eb,4,lower,68.664630758,22.166700566999992,15,58248,63998,98.88865348133491,129.2417489741736,175.6577647679789,1.359141037336787,0.0,,,http://gauss:8090/api/v1/scanner/tracking/scan-fw-a8f2afc6e2bd2358/tle-review-06.png?sha256=sha256:643a5d3c206b825406145f3d42b326c7f6ff34d4147a7d0e1d7ddf7489467d91
scan-fw-a8f2afc6e2bd2358,15.0,sha256:db6c9019feec47e1f6fe8ae8cd037296f153ae0252f40c12b7f788b85dfd4934,3,upper,100.651354814,26.943472725999996,26,62181,48293,45.436997156425406,45.620354503821595,1891.4063507566962,41.4597030498361,-2.0,62181,False,http://gauss:8090/api/v1/scanner/tracking/scan-fw-a8f2afc6e2bd2358/tle-review-07.png?sha256=sha256:6a2610c374988e38f1dddf8cd8a6cbbe08d406f2b0465982707cb090216b6980
scan-fw-a8f2afc6e2bd2358,15.0,sha256:bcd1f85ee28d27b5038ceed4330c8595ca50db3d4c9a51fc0caea40de77e20d7,3,lower,102.47536344,26.803992396000012,27,62181,60329,35.027245963142924,81.04923446436969,1121.6221803923706,13.83877574914604,-1.0,,,http://gauss:8090/api/v1/scanner/tracking/scan-fw-a8f2afc6e2bd2358/tle-review-08.png?sha256=sha256:37520a72e4981fdcbdabef763568b7451fc69ca1bb9854e4aa5acf220ffabe32
scan-fw-a8f2afc6e2bd2358,15.0,sha256:a5b4814de8a283413a6a98a875ec04be55b8729edefbf1943aaf4eac62e817b6,2,lower,170.94737791,39.005377046999996,44,57876,48287,91.01981996112362,100.01181257710213,3671.0016115990475,36.70568022921254,1.0,57876,True,http://gauss:8090/api/v1/scanner/tracking/scan-fw-a8f2afc6e2bd2358/tle-review-09.png?sha256=sha256:97c0097b9f4c96d60957b0bf1b45afffe134c2892f5845653adc6a630e4a627c
scan-fw-a8f2afc6e2bd2358,15.0,sha256:eba2b0ba9bb8bb7ff96cdeb49a41b7ba82165b697c4c17dbeb23cc27e684ad90,2,lower,224.404245603,13.469854439000017,17,100045,64735,26.17799955692217,26.76558505113398,462.64857699159984,17.285203223009646,-2.0,,,http://gauss:8090/api/v1/scanner/tracking/scan-fw-a8f2afc6e2bd2358/tle-review-10.png?sha256=sha256:2a35a8fbe74dc966234ea275c890b6410c0db35c25328ef34a7eed3170037471
scan-fw-a8f2afc6e2bd2358,15.0,sha256:fc338b4696fc2b5c7e00119dc79e50b42026fe5bfd3209307b338101229cc525,4,upper,235.910042368,28.341559245999974,29,100045,66280,114.61577043710233,83.48820289151607,2835.1461393499276,33.958643750349914,-1.0,100045,False,http://gauss:8090/api/v1/scanner/tracking/scan-fw-a8f2afc6e2bd2358/tle-review-11.png?sha256=sha256:e33400cad0981d82181c331a1142c2799b453a4848547486d52aa2ea0ace0536
scan-fw-a8f2afc6e2bd2358,15.0,sha256:9ecf70f843c0051e48d26c54b497e6d63e13e3da8fae3225719a97990833ada3,4,lower,236.891384354,27.78123510499998,29,100045,66280,107.1758546891239,129.5007923530425,2893.4687810135133,22.34325156193173,-2.0,,,http://gauss:8090/api/v1/scanner/tracking/scan-fw-a8f2afc6e2bd2358/tle-review-12.png?sha256=sha256:3dcd3002f67431130de8611ffd848b30178026cf87f0d136c40190f824e1d399
scan-fw-a8f2afc6e2bd2358,15.0,sha256:77787c6533839f88e5566cc1d995ea39799313aabce0a0e5bcd7d50ede04e877,1,lower,276.74068325,17.538253483999995,16,64011,58243,86.85916322103493,81.29467482881958,95.88328740102457,1.17945348330532,1.0,,,http://gauss:8090/api/v1/scanner/tracking/scan-fw-a8f2afc6e2bd2358/tle-review-13.png?sha256=sha256:8150dbfbd03f57c3c37e0cb32f66e7622181504e9d4ab31061ccd5b69eb629ea
scan-fw-021518da1ab8aaa4,20.0,sha256:220611864d239145b66814c57cb54091ce9817b7d87edefc9ffcac026d5b8bb2,2,lower,41.037564232,48.846273776,34,60341,53135,80.74702409422994,66.95751209220145,2391.324597358735,35.714059896159924,0.0,60341,False,http://gauss:8090/api/v1/scanner/tracking/scan-fw-021518da1ab8aaa4/tle-review-01.png?sha256=sha256:ea6c0894114375c9c0862ed82c0586bdc0c2d59c52c255238a293dfec65fa4a7
scan-fw-021518da1ab8aaa4,20.0,sha256:7d65584e0bc8ea7e62346201589a3e3645f4dc7e3605a1868918efe355687016,2,upper,41.880159271,38.73752199500001,40,60341,53135,55.31473933138339,58.91934829585524,1852.2346326287307,31.43678072147021,0.0,,,http://gauss:8090/api/v1/scanner/tracking/scan-fw-021518da1ab8aaa4/tle-review-02.png?sha256=sha256:a5059720af507ccd4ee7f3d76824865ae578caeda81724d766479b3829f9e978
scan-fw-021518da1ab8aaa4,20.0,sha256:0f8dd3033bcf1c67d34b783adb1cf5fd644f4c573693e7acd53c6f25b41ff716,3,upper,56.19344139,13.19452140500001,17,62491,58032,32.43016622576561,30.42063335699437,86.78884478924454,2.8529598240363354,0.0,62491,True,http://gauss:8090/api/v1/scanner/tracking/scan-fw-021518da1ab8aaa4/tle-review-03.png?sha256=sha256:d0b98be095b9371c7a1b6a56dc59759c261400dbf6f157c1bc1e635136b18d3d
scan-fw-021518da1ab8aaa4,20.0,sha256:06f8df115f8aa8ec89d41907b1f6bc6ce9a4629a406261e320e10939ec379f0a,2,lower,85.252344798,14.736018994000005,16,62491,58032,25.401309561279135,48.66260724552219,921.0807754016497,18.92789613089227,1.0,,,http://gauss:8090/api/v1/scanner/tracking/scan-fw-021518da1ab8aaa4/tle-review-04.png?sha256=sha256:21b35cf20ef129f01d4039dcbef23c424430542d6e9677c087b47412ff0f669c
scan-fw-021518da1ab8aaa4,20.0,sha256:7ae8f2b3d58391dcf50d489cc98a759f4e56a10c6355b51a1bf18f459fbb2dbe,1,lower,150.244318251,43.509804199,27,63994,63058,66.3692475284535,39.678182266518945,2115.8353772610267,53.32490694883472,-1.0,63994,False,http://gauss:8090/api/v1/scanner/tracking/scan-fw-021518da1ab8aaa4/tle-review-05.png?sha256=sha256:b250f7adb89c8f8f01b4658b658d8b298c02dd19c12d79f4e3a9253ae10311c0
scan-fw-021518da1ab8aaa4,20.0,sha256:528ce175d9439cdb24af5eb14b1f798f2b01e0f2f5f8c7662b08bbf03b566fa3,1,upper,153.332346185,36.913757145000005,52,63994,52489,67.28106383270554,103.03388519960554,1371.29251013755,13.30914104113391,-1.0,,,http://gauss:8090/api/v1/scanner/tracking/scan-fw-021518da1ab8aaa4/tle-review-06.png?sha256=sha256:74334fc8595c6ecfbe967202fdd4433362095a911e66864c340d420e2b2d282d
scan-fw-021518da1ab8aaa4,20.0,sha256:e324a298a8a3de050431b838d6451633754105ddd7fca5c1f20ecee54cc10ebc,1,upper,222.813053666,13.896741547000005,14,60029,66266,34.45024456723633,28.59368363313613,31.902026948751555,1.1157018926998798,0.0,55587,False,http://gauss:8090/api/v1/scanner/tracking/scan-fw-021518da1ab8aaa4/tle-review-07.png?sha256=sha256:84cb754cf59a14089c264a00f1cd333da67098b01265443423e0bcaae7593958
scan-fw-2c570fb935c75a7e,10.0,sha256:f5757b38ce2a3822262ec891d1304a4551bbe4abc1478395cf6dbcaecdc3d1ee,1,lower,20.68037018,18.801493285000003,27,66279,63055,79.35683857233914,52.1364009453333,277.7960710611371,5.328255614583279,-2.0,63055,False,http://gauss:8090/api/v1/scanner/tracking/scan-fw-2c570fb935c75a7e/tle-review-01.png?sha256=sha256:bef6bd6304b530360ac212097f2c143ca6eec56869353d1e57b4f8c5dc6da7d0
scan-fw-2c570fb935c75a7e,10.0,sha256:e33adbeb429a6b613754a57e91cf8b679873462900ff724752b56f8358e45f81,1,upper,40.0430894,31.148071844,32,60053,62072,69.72727734880908,73.38348976279204,509.8276438370293,6.947443430191426,0.0,,,http://gauss:8090/api/v1/scanner/tracking/scan-fw-2c570fb935c75a7e/tle-review-02.png?sha256=sha256:707fa084b7a0474732089ec7afc6ddc0a2c1af9fa7e416fae27d6f90f4b791d7
scan-fw-2c570fb935c75a7e,10.0,sha256:960856c618616c953af81c411e8e5722cb05fd5b8a1616b7c0eccb0f2192c167,1,lower,41.165737119,39.565389571,55,60053,62072,60.21313227501205,64.14858232436018,693.0023597612055,10.803081450142049,0.0,60053,False,http://gauss:8090/api/v1/scanner/tracking/scan-fw-2c570fb935c75a7e/tle-review-03.png?sha256=sha256:75c7b4457d3307694712f60f82fdaef32ccba956ad25c65656fd8407649a376b
scan-fw-2c570fb935c75a7e,10.0,sha256:b21a78e4f4da73d454b032b726551484b1ac54b2d4804ad83204a987adc88e66,2,upper,198.176630082,41.10409719199998,43,66274,46563,70.5596842832302,149.63816676321005,4559.025993155928,30.466999775332766,-1.0,,,http://gauss:8090/api/v1/scanner/tracking/scan-fw-2c570fb935c75a7e/tle-review-04.png?sha256=sha256:ebb7d903b970ab2cfb86500a07ed34369ee91729ae1dc58b2f8a7ac6c572f4f1
scan-fw-2c570fb935c75a7e,10.0,sha256:3ed2a07437cdcf844c59de9fb9f16b41df466d942c03159965925a6e79a29c6b,2,lower,199.299306979,42.22540891,42,66274,60915,42.89931027658132,85.40246177568417,5058.750031895364,59.23424134051946,-1.0,66274,False,http://gauss:8090/api/v1/scanner/tracking/scan-fw-2c570fb935c75a7e/tle-review-05.png?sha256=sha256:66ba9dacdfbd4f2f81681d32aadc6c04f4d057839ad5a33358817d0ea53c0709
scan-fw-bb9e21d60e3f0a83,15.0,sha256:a389a90f2fb6549a3801e2b30213d5f48e392eaaeb70db0f04d534452f9efaa3,3,lower,78.335597105,21.751080586,18,63648,65844,38.58262499391981,69.210855115657,402.8102262410301,5.8200440605437,-1.0,,,http://gauss:8090/api/v1/scanner/tracking/scan-fw-bb9e21d60e3f0a83/tle-review-01.png?sha256=sha256:43400a4bc57f6ac8fff759101e975abcbdec873cdd7108ddbae6575d3fd4181c
scan-fw-bb9e21d60e3f0a83,15.0,sha256:7391d4f44b18f273c5b6b5e7d303c04aac6af13507616fa8dd078ea8bc5fbbb6,3,upper,83.246795522,15.857358024000007,16,63648,65844,35.078494657443926,44.71922451627687,235.96778665711088,5.276652026271688,0.0,,,http://gauss:8090/api/v1/scanner/tracking/scan-fw-bb9e21d60e3f0a83/tle-review-02.png?sha256=sha256:eff06d6e784236316ef9bc4cc057b1df1224f7f9179f700270f2bedfc0a03537
scan-fw-bb9e21d60e3f0a83,15.0,sha256:18ba643c14e60ad597c9fc3b3db500f36956920b282dcc3a11df6e3bf5935bc7,2,upper,91.245422499,23.713284234,16,66479,65844,123.56124097044689,118.36708862742265,1930.4137974241662,16.30870387883257,-1.0,66479,True,http://gauss:8090/api/v1/scanner/tracking/scan-fw-bb9e21d60e3f0a83/tle-review-03.png?sha256=sha256:e5beb47d3fd313bbd953501d4c0c03bf54ae8868f756cb59142cf0a8cb3d0090
scan-fw-bb9e21d60e3f0a83,15.0,sha256:a638ec65f668b8c75b1dbb30ab726970287646ba043ab6416a765e22f6edb04b,2,lower,91.666759517,23.432117747999996,23,66479,65844,64.80968237188229,201.54154249152393,1234.3739381601636,6.124662552942784,-1.0,,,http://gauss:8090/api/v1/scanner/tracking/scan-fw-bb9e21d60e3f0a83/tle-review-04.png?sha256=sha256:c0f7434d09d58ce1425a5ca84ac52be2a36ce39a2b0c2b6d2d2130020ff5ec59
scan-fw-bb9e21d60e3f0a83,15.0,sha256:dd7ab5019c8b10f3af987415a859d0b08d811cd096691a037d2e7e988ec11848,1,upper,98.823549996,22.868585416000002,17,66479,65844,30.97931950624917,22.32293546813131,348.6912456431773,15.620313293517164,-1.0,,,http://gauss:8090/api/v1/scanner/tracking/scan-fw-bb9e21d60e3f0a83/tle-review-05.png?sha256=sha256:603ae6e625a706162145f8c1cb207bea2ac14a75300ce93c35ff0b9079ee0996
scan-fw-bb9e21d60e3f0a83,15.0,sha256:aa19774a3ba90622ce400813b2f7c9b215bc71b0d6db192a4d82822da74d9edb,1,lower,130.674743473,12.488081631,17,66288,48309,20.49038950589447,31.736669316704276,416.0080603926241,13.108119703464359,-1.0,58236,False,http://gauss:8090/api/v1/scanner/tracking/scan-fw-bb9e21d60e3f0a83/tle-review-06.png?sha256=sha256:f9cfef35b681b2801b238137e5c8f250dcdef8a49cd960d6f8ec499e0070e279
scan-fw-bb9e21d60e3f0a83,15.0,sha256:b83b861a74ccf722906d81bf461c222d5c6ba2a501d01c465feb6244abd7271f,4,upper,160.981463863,23.43749948300001,18,66282,66288,48.71046951593126,74.4717654931009,1564.4606418810251,21.0074332402655,-1.0,66282,False,http://gauss:8090/api/v1/scanner/tracking/scan-fw-bb9e21d60e3f0a83/tle-review-07.png?sha256=sha256:4d96c1ee3b60aa7ccc7c27f18bc20352b70f944f7e4d991b8ab2e8aceccd974d
scan-fw-bb9e21d60e3f0a83,15.0,sha256:23d903a9d6c05628997054d2c71bcc5575584d61f9e0253935dade99fae6625b,3,lower,161.684139656,17.398312712999996,14,66282,66288,21.312883596898143,31.69664930048486,1603.5484939950406,50.59047342176043,-1.0,,,http://gauss:8090/api/v1/scanner/tracking/scan-fw-bb9e21d60e3f0a83/tle-review-08.png?sha256=sha256:c566d473d7e94f348cfe10894bd66ce01c63883b2c1f4962918d83992a8243ff
scan-fw-bb9e21d60e3f0a83,15.0,sha256:f02e3ffe4599082e4f439ecd96a484615565336ef771c4a21e3319d935c5e0c5,2,upper,163.087797418,18.520458469999994,16,66282,66288,42.65732634021066,32.08619092607643,1134.1045802989097,35.34556603841759,-1.0,,,http://gauss:8090/api/v1/scanner/tracking/scan-fw-bb9e21d60e3f0a83/tle-review-09.png?sha256=sha256:4a94f188bbc21720671dd0298d297210848f5f652f4d3de8810a665500c5143a
scan-fw-1d6ca9d4aa8febda,10.0,sha256:db0715d1012898c396cf3cc313b506fce7a94e0d2e3941b4a9fb0c8c3f4e5d78,3,lower,0.045317439,13.612010789000001,15,62169,65842,20.92023759050825,24.22289515678855,614.0436303035032,25.349720845875655,0.0,,,http://gauss:8090/api/v1/scanner/tracking/scan-fw-1d6ca9d4aa8febda/tle-review-01.png?sha256=sha256:ab8b0fee0f373258bf9cebbe7ab6074f064654dcc94143e84dbda4f87fedcde8
scan-fw-1d6ca9d4aa8febda,10.0,sha256:4cbf3491c86404f2f68c9e0104edbc95af32de9616787e4ee675c284c0254b22,4,upper,0.746649845,16.981298526,21,62169,64007,77.9698845672291,178.37733036699063,741.5170631697551,4.157014019910322,1.0,62169,False,http://gauss:8090/api/v1/scanner/tracking/scan-fw-1d6ca9d4aa8febda/tle-review-02.png?sha256=sha256:aedfa298c6e85cdd9b59a1ad9a8425cdfeb3fd7b42afa87e4f5ff634b0707738
scan-fw-1d6ca9d4aa8febda,10.0,sha256:2f6a33390026d0cf78a2c66ab1a6f0f0dae3cdd86f6f8e67d7a1463c01106a7d,4,lower,1.58931671,16.699962472000003,17,62169,64007,103.30271951594695,92.37146380320705,566.5079410059673,6.132932376311424,0.0,,,http://gauss:8090/api/v1/scanner/tracking/scan-fw-1d6ca9d4aa8febda/tle-review-03.png?sha256=sha256:de96dad7641af0f9d0731948c01a80d5589f0d22aba11ca1bb8635b9ab60e259
scan-fw-1d6ca9d4aa8febda,10.0,sha256:9b74f438ed2b898b71707ea7c4c8d6b94060fe7a363dca434153903995bfafe6,2,lower,7.202906923,17.260113072,15,65842,53561,72.79169727010539,103.65406189532372,1322.1533541976212,12.755441803455936,-3.0,65842,False,http://gauss:8090/api/v1/scanner/tracking/scan-fw-1d6ca9d4aa8febda/tle-review-04.png?sha256=sha256:ec5eb6d0a9667e8b4e27528c899fd00dda3b33adc5caa1031c011dd238f23c6e
scan-fw-1d6ca9d4aa8febda,10.0,sha256:53b082b0bae7fb3fafca7fa4f5dce4ac375a09b32c3b783f7d3cf26738187a7e,1,upper,82.128385443,15.290649349999995,15,59571,66466,39.42283864168577,47.11051218537216,641.3015798744656,13.612706594041024,0.0,,,http://gauss:8090/api/v1/scanner/tracking/scan-fw-1d6ca9d4aa8febda/tle-review-05.png?sha256=sha256:4541d39d32c7b060c662995a2299d3ef2faa4870c952c2c7cd34e3a24eb39dd2
scan-fw-1d6ca9d4aa8febda,10.0,sha256:a63fbff198288ec37c96121c3dd5b673e6715197dc8815351f79271e71c73393,4,lower,197.736414061,24.416147316000007,24,64465,61662,34.4572350220124,41.259055965893566,261.7309198390894,6.34359933139156,0.0,,,http://gauss:8090/api/v1/scanner/tracking/scan-fw-1d6ca9d4aa8febda/tle-review-06.png?sha256=sha256:48b826b94d33db6406fa1faafb02f9df13c3ef8f4623526011b1382f0d750ad1
scan-fw-1d6ca9d4aa8febda,10.0,sha256:5dfe0d225a0ad65961c4c7723c2f75e8bd3e501118bad0d1ed892d7001c7b14b,4,upper,205.733816566,27.507878080000012,21,64465,100273,59.76730469807527,63.84420379771212,1384.288082672327,21.682282812366022,0.0,64465,False,http://gauss:8090/api/v1/scanner/tracking/scan-fw-1d6ca9d4aa8febda/tle-review-07.png?sha256=sha256:4794c856e8c4e7e3f42bf9c46a90b4d64b35de3dc2877b85d07b6cf4717515b1
scan-fw-1d6ca9d4aa8febda,10.0,sha256:adc6fc40472d1f4adc32470688eb31522530bc113e17739ce91c373b2d80a262,2,upper,208.68183136,23.016053293,20,64465,100273,56.874410568058295,69.16288438522407,910.2350360208821,13.160744293876563,0.0,,,http://gauss:8090/api/v1/scanner/tracking/scan-fw-1d6ca9d4aa8febda/tle-review-08.png?sha256=sha256:15402863a5376f3ee16a0cad29f7a0c915fc2d14af9128c0aa28189fde4c03f8
scan-fw-1d6ca9d4aa8febda,10.0,sha256:a7a46c75e763dbc0be76e0f006cfceb9bfd69324d9cf6a0dc41fd0bb59796c3b,1,upper,238.013540604,27.08176591,18,65830,48696,38.89757317031038,85.4104786353233,718.6516689991023,8.414092515129505,0.0,65830,False,http://gauss:8090/api/v1/scanner/tracking/scan-fw-1d6ca9d4aa8febda/tle-review-09.png?sha256=sha256:fd15a593327fe840fdaec5bb0b17fdd6bcb83a50518798e12b9cbaf7029875fb
scan-fw-f72b01c8dcc297be,15.0,sha256:25e4428246182a4fec48992e629d1aad8b14ca7d7f0aad571711bb3a265dbc63,2,upper,25.441652415,28.763419556000002,31,61674,64192,42.8331109197631,132.5011088663766,227.3682402723404,1.715972358402181,0.0,64192,False,http://gauss:8090/api/v1/scanner/tracking/scan-fw-f72b01c8dcc297be/tle-review-01.png?sha256=sha256:e75d546d1798cf3b6e2270d06855400ceae4f5c45d80fe1077dba9ee112fe95c
scan-fw-f72b01c8dcc297be,15.0,sha256:83643a6492148a45d04ae10cd46ebecca96edec4faa3fe11f7600bc24976a336,2,lower,25.582320194,16.557417490000002,18,61674,64192,20.778342978460532,19.218056733745417,41.079145128437034,2.1375285596022433,0.0,,,http://gauss:8090/api/v1/scanner/tracking/scan-fw-f72b01c8dcc297be/tle-review-02.png?sha256=sha256:3f47aab383a2a48a8d96be1524f392a900e5a083f39ba3720e636278dca20dbc
scan-fw-f72b01c8dcc297be,15.0,sha256:3aaae2aa0810cf63d062d21e6c4f478ce3f84b2bfe3c10408f3d5a3e0c576f9c,3,upper,28.107699949,15.014714314000003,23,61674,64192,23.47956227728738,49.44404152378315,57.64787461482316,1.1659215719065739,0.0,,,http://gauss:8090/api/v1/scanner/tracking/scan-fw-f72b01c8dcc297be/tle-review-03.png?sha256=sha256:f40a304ed667abe6eddfc08111ea5dcccc66c5d93c3350a14810da7868627581
scan-fw-f72b01c8dcc297be,15.0,sha256:680fe445c8ce93083dda69f28728527bec0b4435751c1baec145d7a3d473a17a,2,lower,85.772572693,43.496338974999986,40,61069,55343,85.5571806649932,35.98633604736838,5341.7606838422635,148.43858171087405,0.0,61069,False,http://gauss:8090/api/v1/scanner/tracking/scan-fw-f72b01c8dcc297be/tle-review-04.png?sha256=sha256:b9f5e2e16a43f30ead51fc3bc7516395f5e51298d8fdc1fc730db9eb5b7434ae
scan-fw-f72b01c8dcc297be,15.0,sha256:97fe293599eece9b4c66c2abdab94511c440c49e375cf18cdad8a39939e30bc5,2,upper,86.474414468,39.847991363999995,43,61069,55343,66.59200851086322,80.51041787685129,4847.040412495409,60.20389087918337,0.0,,,http://gauss:8090/api/v1/scanner/tracking/scan-fw-f72b01c8dcc297be/tle-review-05.png?sha256=sha256:80a3afea5458dca46c48139fc3fcd06d9a29fc924b3811613184058dde496f1d
scan-fw-f72b01c8dcc297be,15.0,sha256:c4de409ffcd765f4cc9de45f2f55a090e47105afa80c2bf2efb4c5fdc6ee2f9e,4,lower,88.157084249,22.590738574000014,22,61069,64196,25.50696038751802,23.780578009706026,3523.9474312334137,148.18594526151202,0.0,,,http://gauss:8090/api/v1/scanner/tracking/scan-fw-f72b01c8dcc297be/tle-review-06.png?sha256=sha256:1b8314096ef2dc8da5553aa5af5bfcd79b2d770c246612da7458fb93e855e416
scan-fw-f72b01c8dcc297be,15.0,sha256:dd01ad93df8ea0a60bd395613fa7a5001f53e69b992bc5f6ddf98deff4811d5d,3,lower,88.718408794,23.43207376000001,23,61069,64196,21.612409655052925,25.42049957619409,5460.710156988257,214.81521795512347,0.0,,,http://gauss:8090/api/v1/scanner/tracking/scan-fw-f72b01c8dcc297be/tle-review-07.png?sha256=sha256:01806d152586c454de0923a5389074e023bacf27a8a9b9418b1759f37b8939fb
scan-fw-f72b01c8dcc297be,15.0,sha256:b99d2a86d178a9dd56c84645c7bf1291bf5b1ec51a02222b75f49c5ea3f5ed01,3,upper,97.1357897,12.910442279999998,14,61069,55343,13.079135282186398,27.23179149444931,2309.423389047871,84.80614980907897,0.0,,,http://gauss:8090/api/v1/scanner/tracking/scan-fw-f72b01c8dcc297be/tle-review-08.png?sha256=sha256:39ee1ccb1910d7e7648d33651097271d50b9ae041b729fee1f069b03b78af58b
scan-fw-f72b01c8dcc297be,15.0,sha256:cf9c47525e86fca11ced97c2cbe82f15186df1729886865631b06fc6a08c9bd7,1,lower,104.575150647,33.25083975700001,28,62176,62305,51.17215949275114,33.55878248309857,651.194832924277,19.40460245398481,0.0,62176,False,http://gauss:8090/api/v1/scanner/tracking/scan-fw-f72b01c8dcc297be/tle-review-09.png?sha256=sha256:9bce98e0a96a3986d10296d24920bf86a29327d9cd994a1d32e2676981fd3a06
scan-fw-f72b01c8dcc297be,15.0,sha256:7d83754ced0dfd5bf13d47bdd9f4568d208d92b4066b36f8658b727b70b2a1a7,4,upper,156.769049275,31.008134154000004,27,59579,53292,104.3492784514239,107.12081448007054,599.9702398027014,5.600874514582073,2.0,53292,False,http://gauss:8090/api/v1/scanner/tracking/scan-fw-f72b01c8dcc297be/tle-review-10.png?sha256=sha256:aeb0c23218ea26291f09310b914ee7a94cb7215fbeb2985d3f9b430e7a2edfff
scan-fw-f72b01c8dcc297be,15.0,sha256:716f37f9fae9058748d16931dd3c73fdaca9bdb0cba42127edd0d5d2be015fef,4,lower,158.873067703,30.728113936,33,59579,53292,106.43511245980494,67.4385954174796,948.565546502746,14.065618369283008,2.0,,,http://gauss:8090/api/v1/scanner/tracking/scan-fw-f72b01c8dcc297be/tle-review-11.png?sha256=sha256:bbe22ead7e47f4c177b9eb03db386813a7b368ac8123d80f4092bf10ef8fb481
scan-fw-f72b01c8dcc297be,15.0,sha256:3abd4d8b227adb75a359aa2060e293d54c53c12dd71eeb553234f219eba72a51,3,lower,194.233134615,26.79607591299998,15,59522,65850,27.612499070199714,18.962839395416406,397.9155948908344,20.983966936249875,0.0,,,http://gauss:8090/api/v1/scanner/tracking/scan-fw-f72b01c8dcc297be/tle-review-12.png?sha256=sha256:a2a054a9b4a484253879ad0545ab5f8a3bfd2a49095f9352385f923d9d418d22
scan-fw-e3095c843bd69659,10.0,sha256:9511ca3865f88b717de43f03c63d08d2a5e31fb4fdd5e0aea0554754ca327bc3,4,lower,23.641352693,26.798704672,24,59076,65342,77.02943489982012,84.75929385950451,797.7626002277339,9.412095876472153,1.0,,,http://gauss:8090/api/v1/scanner/tracking/scan-fw-e3095c843bd69659/tle-review-01.png?sha256=sha256:e07afd4318510169974dc75e822431b9ab968c0997806fa2714aff8a47dbad05
scan-fw-e3095c843bd69659,10.0,sha256:af3816f2b42daee39994194f908cdd36f9ab2e8acf451313f26840d9dfb3e43e,4,upper,24.202683684,30.44535674,30,59076,65342,70.84328359085013,74.2802166000449,1065.6128013322234,14.345849407924039,1.0,59076,False,http://gauss:8090/api/v1/scanner/tracking/scan-fw-e3095c843bd69659/tle-review-02.png?sha256=sha256:bbeca149e239644753e05ae3d32f40d8c346609606c55bee3a7839335147a9d9
scan-fw-e3095c843bd69659,10.0,sha256:dc9c3f716a2b3253864717dc532d042959c72b74faeda8f5197a8af461165e9f,2,lower,25.6052717,17.820150039999998,22,59076,65342,23.59675339386362,25.774083113771848,337.0443022185307,13.07686875729977,0.0,,,http://gauss:8090/api/v1/scanner/tracking/scan-fw-e3095c843bd69659/tle-review-03.png?sha256=sha256:c466bc3bac052d282dbd628c303d1f203ee80ddeb5d443843c01eaf9ae993259
scan-fw-e3095c843bd69659,10.0,sha256:6a39294da892917cb44dd37949e831e2f1a70622c2e215bf972ade180dd1cdd3,1,upper,105.441471108,23.005396853000008,19,67851,57247,90.20554441804019,97.35292530846311,984.4522195577541,10.112199673903106,-2.0,,,http://gauss:8090/api/v1/scanner/tracking/scan-fw-e3095c843bd69659/tle-review-04.png?sha256=sha256:15bb34f8d5e3196492238d5d8d02244b7772830e6b86699a91dca012cce0b36e
scan-fw-e3095c843bd69659,10.0,sha256:0ab6705fab8f1fb2cc19d08805c06532f09f05276c0dba40fc07d8de72be8acb,1,lower,107.967857171,26.93255232099999,36,67851,57247,77.2974430724475,84.86542855119546,1604.7073474566057,18.908846332974782,-2.0,,,http://gauss:8090/api/v1/scanner/tracking/scan-fw-e3095c843bd69659/tle-review-05.png?sha256=sha256:c53ee8c847c696930363215659405ec2bc9a457e7939a1a8b2bf7a46946cdf7e
scan-fw-e3095c843bd69659,10.0,sha256:43e7a0a544632ebcef09987300bfa733ce24a3614890769b31fb3707242cc57d,2,lower,109.930815444,34.64943353599999,34,67851,57247,122.45794955818216,88.07241716608067,3213.1856868543896,36.48345066759317,-2.0,67851,False,http://gauss:8090/api/v1/scanner/tracking/scan-fw-e3095c843bd69659/tle-review-06.png?sha256=sha256:bcc4bd81e8f797c4de62c8ab0493941fa4c958c09532ea6a8afac78ea2cef595
scan-fw-e3095c843bd69659,10.0,sha256:44f1814beabff489397d2de5925c5b0872ed224dbe08462fb7f66484d25f2937,4,lower,185.265512603,41.109391832,33,59032,53531,56.5626130430591,106.18921579759241,2122.1073342130403,19.984207607842173,0.0,59032,True,http://gauss:8090/api/v1/scanner/tracking/scan-fw-e3095c843bd69659/tle-review-07.png?sha256=sha256:4cd629fbddc857abfb793743b9fa10dd3c6a5e940642ef450c0cb2796047cc64
scan-fw-e3095c843bd69659,10.0,sha256:da1c2bfa729ae50f3a7a3dbcd7bf3cc562dac664353847da8344dc86a4c2d343,4,upper,185.406827425,40.686774654000004,35,59032,53029,74.84078755492621,132.72060794971276,1876.8888790066485,14.14165371905012,0.0,,,http://gauss:8090/api/v1/scanner/tracking/scan-fw-e3095c843bd69659/tle-review-08.png?sha256=sha256:8cb6a532e97671002a2801b43ed445eadf2226e4d7ad6884a694e1b3a522fc8a
scan-fw-e3095c843bd69659,10.0,sha256:27997b45072d3c4304bf875d7f64026fbdd65cf42719d4ccf5d2e5b751bf92d1,2,lower,188.913860058,37.601083983999985,48,59032,53531,65.50607756999645,85.86225254267185,809.5680307045408,9.428683813090059,0.0,,,http://gauss:8090/api/v1/scanner/tracking/scan-fw-e3095c843bd69659/tle-review-09.png?sha256=sha256:528558ba9513d850d8176f83fdd9ab00cc0c12fb890dffe3741ef757ce804200
scan-fw-e3095c843bd69659,10.0,sha256:29985039b8c94f585a5335844d54a663fae055ee1471284ce989610eaf517824,4,lower,285.020205013,12.484133949000011,15,67868,60313,77.73109287114266,75.0018615660978,435.54707203372357,5.807150155198264,0.0,67868,True,http://gauss:8090/api/v1/scanner/tracking/scan-fw-e3095c843bd69659/tle-review-10.png?sha256=sha256:f820703f1b25be9b272564287a7772af4604cc503e281ab8e18b23b166ec0ba2
scan-fw-5158a3b49ae6d14c,15.0,sha256:6c3aa365533b2066ecd506a0622693a4a463a401d131aaef5b3403b5360d2c82,2,upper,0.948283474,22.118839437,21,62425,48304,67.2927869734473,237.547299955083,562.7598597601801,2.3690433857450306,-1.0,,,http://gauss:8090/api/v1/scanner/tracking/scan-fw-5158a3b49ae6d14c/tle-review-01.png?sha256=sha256:99dcfeb18692a145f8a923b466ce77f99607a030e110f5293e826e5cfc67a37a
scan-fw-5158a3b49ae6d14c,15.0,sha256:d5addac881be839e96d2126201db669b20d6f9b94c5482e8010eb7d22c11ca7c,2,lower,1.649661056,28.852126357,20,62425,48304,57.36598278841839,36.924373761843746,828.5936687929656,22.440290365850508,0.0,62425,True,http://gauss:8090/api/v1/scanner/tracking/scan-fw-5158a3b49ae6d14c/tle-review-02.png?sha256=sha256:fcd98b7a6d051447cd7b270d636b498c556b738586642ee05c8231e51c5761e2
scan-fw-5158a3b49ae6d14c,15.0,sha256:0277d7fd35d518f83fefea6984a4ba2f29e3116a135d0400deed150a18112727,2,lower,272.952494338,22.30686169500001,21,62478,62233,48.13419254088556,64.35398633011732,232.03990459089468,3.605680359886288,0.0,62478,True,http://gauss:8090/api/v1/scanner/tracking/scan-fw-5158a3b49ae6d14c/tle-review-03.png?sha256=sha256:ea438265cabde162c64aebd69dc242723053b6b3bca0a00ce22154951cd75689
scan-fw-5158a3b49ae6d14c,15.0,sha256:8969c091261e32a9e0e126b129badf24898198025811f0c60a94c1741544962f,4,upper,280.528609722,19.221494715999995,17,62233,62478,146.43356506709316,135.26898922318966,220.60602406528204,1.6308691691433348,-2.0,,,http://gauss:8090/api/v1/scanner/tracking/scan-fw-5158a3b49ae6d14c/tle-review-04.png?sha256=sha256:8490b17feeacfc9fc501b828964c66c46bb829c67361ab4673914df4df9ef8aa
scan-fw-5158a3b49ae6d14c,15.0,sha256:758fdd078fadeae273a0697134e2a987a1ea911bc6ea7b8e19d3fcf8426758d7,4,lower,281.510642438,18.37946277200001,23,62233,62478,87.23533903303127,49.533499357733334,148.74244476544632,3.002865670588326,-2.0,,,http://gauss:8090/api/v1/scanner/tracking/scan-fw-5158a3b49ae6d14c/tle-review-05.png?sha256=sha256:df56616fcc176e2e443b6f5bd944405a4e794c1f595de5b51b0b0e1454a69187
scan-fw-201fa5d5e0fdb1b0,20.0,sha256:db125d3fc482dbdece93dedd0a02a6bdfa7a8006f3372959dcbd9e4bfc3c5c1c,1,lower,99.860175692,14.738791737,15,65332,58163,22.11816666023373,34.885393270527025,641.5188658780659,18.389325896464925,-1.0,59582,False,http://gauss:8090/api/v1/scanner/tracking/scan-fw-201fa5d5e0fdb1b0/tle-review-01.png?sha256=sha256:912bee566efe2d7216fe400f81ea96fdbe29ebab7186e13520a7ed240d07c095
scan-fw-201fa5d5e0fdb1b0,20.0,sha256:5de59acf43acd1e3f08ef92ab7a3961baf2bfb666c3038a5a524ae43921f9867,4,lower,210.755848819,47.44668266399998,53,66961,66025,124.90865185566558,103.62448866448548,771.0852461966535,7.441148864852468,-2.0,59087,False,http://gauss:8090/api/v1/scanner/tracking/scan-fw-201fa5d5e0fdb1b0/tle-review-02.png?sha256=sha256:d63870056888fea8af06d6b35556ff5a37819233b6a893e99418b512a3532753
scan-fw-201fa5d5e0fdb1b0,20.0,sha256:3b1538c2504f585f1c145503e4daf6ae11e52555bd2d746eb92b0a0454150af8,1,lower,212.019114264,33.553426245,31,66961,66025,115.65657678142917,51.250155280647235,600.7250063252706,11.721428023694449,-2.0,,,http://gauss:8090/api/v1/scanner/tracking/scan-fw-201fa5d5e0fdb1b0/tle-review-03.png?sha256=sha256:863ac99f64ac2df5fdfd8d0ed502da3e1987f6fd33cf67a9c6581295896b2690
scan-fw-201fa5d5e0fdb1b0,20.0,sha256:c405fc4570481d529a111efbac1590dcae18aa8a44ce4b01e242280897d7d6bf,1,upper,213.562568797,27.376647561999988,19,66961,59087,27.02723967718014,40.827784508332556,506.69910276984115,12.410644096214154,-2.0,,,http://gauss:8090/api/v1/scanner/tracking/scan-fw-201fa5d5e0fdb1b0/tle-review-04.png?sha256=sha256:55b8c7f7ffa3cb1ba993bcfbc0968734ba76cb03080aebdc2e50c54912c1c235
scan-fw-201fa5d5e0fdb1b0,20.0,sha256:515ca5bc86c58c6c69588e53f378ea803cfe6fc1c6aa2be57c0b6f1ba27461a7,4,upper,214.123160577,45.483984746999994,40,66961,59087,134.31994236873143,151.4374516096829,732.7980307086741,4.838948509232699,-1.0,,,http://gauss:8090/api/v1/scanner/tracking/scan-fw-201fa5d5e0fdb1b0/tle-review-05.png?sha256=sha256:c9d0f08b60cb0f3f25b43e315abd508fdf66ad348640047fb90005233bd93030
scan-fw-201fa5d5e0fdb1b0,20.0,sha256:2bcac950b2a45ff4c7d3cc63dbf2da96e34d6b1ff57244e07810fd5fcca2cf50,2,upper,265.644484303,28.35064097099996,26,57904,64359,80.79464823563252,119.2798836722464,327.81905865030524,2.7483180613344356,0.0,57904,True,http://gauss:8090/api/v1/scanner/tracking/scan-fw-201fa5d5e0fdb1b0/tle-review-06.png?sha256=sha256:30ac08b57a8e73d7c2dffd8e9f236b22bb951d3ed4846a9389ef0d45cb70ee62
scan-fw-201fa5d5e0fdb1b0,20.0,sha256:5a5139ef924b47c750ddd64aaeecc5387cc258e7e5860d0d7431c4892e59d71f,2,lower,265.784584047,26.10522376099999,25,57904,64359,52.1678925432194,103.03806848150448,199.99363340008244,1.9409683852525017,0.0,,,http://gauss:8090/api/v1/scanner/tracking/scan-fw-201fa5d5e0fdb1b0/tle-review-07.png?sha256=sha256:165d140e6df94b9a7818f7e3463eaf41870e7311d3f894e448791049bddea293
scan-fw-aad53cf772dc4baf,10.0,sha256:6a9ff4a7faebe5bb3a7122472d172478ec655928c7a43e456b67993ff4909e14,3,lower,133.352174172,33.11205933100001,18,64362,66103,68.82671371401244,71.33432513938656,1826.2291357477127,25.600987072903248,-1.0,64362,False,http://gauss:8090/api/v1/scanner/tracking/scan-fw-aad53cf772dc4baf/tle-review-01.png?sha256=sha256:03d4ff91f86e5718107404c99fc57841ef0a618615e27168c435591d6f46d444
scan-fw-aad53cf772dc4baf,10.0,sha256:aaeeb3db133d18645a2e1c0dea56ee5d4b943b1b1b5562c69142fbcb91e3fb6f,1,lower,145.279321681,15.992684689000015,17,66103,64362,35.992017672900374,49.07354742879843,683.6895734542453,13.931937047066368,-1.0,,,http://gauss:8090/api/v1/scanner/tracking/scan-fw-aad53cf772dc4baf/tle-review-02.png?sha256=sha256:ff75e2bd624c6994dc24c03e05ec63e2e6d29e247b361cfa95cec7e572ce2028
scan-fw-aad53cf772dc4baf,10.0,sha256:3fa33e6c8d8d951a40746a0ffa55b86898b0d58e8b253b9eed3e0b6c11bfc406,3,upper,170.954295528,16.274048731000022,20,48670,66091,74.66585200969678,90.46886395820869,122.862404857173,1.3580628680595375,-1.0,66103,False,http://gauss:8090/api/v1/scanner/tracking/scan-fw-aad53cf772dc4baf/tle-review-03.png?sha256=sha256:52a2a9e55093bd325308ac45467de2c4b66102347d2eb493f33a73d36549f5df
scan-fw-aad53cf772dc4baf,10.0,sha256:f70aefa32db408b910c1bea788c8ddd3262b656f23b1e9df2a9eb87b56c42eab,3,upper,233.386967478,21.32939731799999,21,57900,58053,48.63233356435603,48.24680617376749,224.9901373726671,4.6633167087233565,1.0,57900,False,http://gauss:8090/api/v1/scanner/tracking/scan-fw-aad53cf772dc4baf/tle-review-04.png?sha256=sha256:6edbae5f916e2ff9ad1185248c75f22d47aa852831ee32b486af787895d809e4
scan-fw-34a8c6d47c38e873,15.0,sha256:2c26999d1d24ef8df8f885b56b6ebc291973ba02d1d0c6818b329455884c3740,2,lower,34.98543305,19.783199625,20,66965,67172,73.509271227761,88.1743613087539,149.45105265744837,1.6949490808799423,-1.0,,,http://gauss:8090/api/v1/scanner/tracking/scan-fw-34a8c6d47c38e873/tle-review-01.png?sha256=sha256:449045558621ca2ff629abc8282d3b4324d6a812873df0c484816da14f1bbc30
scan-fw-34a8c6d47c38e873,15.0,sha256:17bbe3c0c17cce05b5661176f61b71f8ab142bea7a3e631f53e91b2bca5c77de,2,lower,54.768632687,38.865000106000004,41,66965,66396,125.0331780144625,152.56233061245968,1919.5488273417236,12.58206281744463,-2.0,66965,False,http://gauss:8090/api/v1/scanner/tracking/scan-fw-34a8c6d47c38e873/tle-review-02.png?sha256=sha256:5133905c6899bcb05e5fe103f15c7eab6a7f4ac7ee4f444b0b0cd5946a4d0942
scan-fw-34a8c6d47c38e873,15.0,sha256:538228c5fb661c387c252c33a5077a8146349ae06ce05b9bed5d30080dc00456,2,upper,55.750005656,37.742830087,42,66965,66396,135.0341717725082,144.40181476612733,1571.634117169191,10.883755995134855,-2.0,,,http://gauss:8090/api/v1/scanner/tracking/scan-fw-34a8c6d47c38e873/tle-review-03.png?sha256=sha256:e52bb69e661603111cb633afaefb11941b5cdab59d12b03ae658c635134b42fa
scan-fw-34a8c6d47c38e873,15.0,sha256:5dc42f280f22512ed89ca8f508d6c18c2067fa3726f00e4ff7a486c2c56b320a,4,lower,77.779487946,34.23743966799999,23,66396,66965,68.95249040217747,98.56102313172784,3671.220609828513,37.24819906670295,-1.0,66396,False,http://gauss:8090/api/v1/scanner/tracking/scan-fw-34a8c6d47c38e873/tle-review-04.png?sha256=sha256:8959e3af38fb4792f12acb091d7e79e78a15a1dfff7a405816ea8ff1d5ceedd7
scan-fw-34a8c6d47c38e873,15.0,sha256:a0a52eca8417690b36b0bb4c2b8fc63e9aa44be291a01f6428fa0ee7fe7b52f3,1,upper,78.481810172,33.39512277,32,66396,66965,122.2302490990029,111.68188508468273,4066.268652348501,36.409384111534784,-1.0,,,http://gauss:8090/api/v1/scanner/tracking/scan-fw-34a8c6d47c38e873/tle-review-05.png?sha256=sha256:e31c7e0e6aefbfe10b053f1e8c11e5b12d6625715d4cf4d09d866e8652892a33
scan-fw-34a8c6d47c38e873,15.0,sha256:b5ad7667a51408862dda5c370b3d978e70a0bfabe9c0d919ff7785f8217851c9,1,lower,81.006195538,31.291611039000003,34,66396,66965,49.191255632733565,47.41449463310908,4055.296811790703,85.52863092120629,-1.0,,,http://gauss:8090/api/v1/scanner/tracking/scan-fw-34a8c6d47c38e873/tle-review-06.png?sha256=sha256:7b8df9bf9c80eac8a83e09a7771f3458121d31a0190bf7b57ad498af27db1628
scan-fw-34a8c6d47c38e873,15.0,sha256:e0d1291afae02109963333c2d7a275a610b58330b0d7dba2287000961d2e60db,2,upper,81.567519159,30.169409243000004,33,66396,66965,67.17490131100013,70.95386434131686,4255.018238156479,59.96880194837755,-1.0,,,http://gauss:8090/api/v1/scanner/tracking/scan-fw-34a8c6d47c38e873/tle-review-07.png?sha256=sha256:52d5bc1ae2c425c9956f025497a7718402b38e06e11b2bd7ad883004504fcd43
scan-fw-34a8c6d47c38e873,15.0,sha256:f73c00c16e62fd4c2e2f85031b2f34c5fb5effb14549286765f1b7bd35394281,3,lower,85.215535339,27.362718979999997,20,66396,53063,51.402164085365165,44.05034640983902,2183.4730639827085,49.56767067545719,-1.0,,,http://gauss:8090/api/v1/scanner/tracking/scan-fw-34a8c6d47c38e873/tle-review-08.png?sha256=sha256:fcb8c54855e3f395d84abc4a5640b4c6a2e1eff22647e223237ee589186a1d07
scan-fw-34a8c6d47c38e873,15.0,sha256:11b0df75c643ef998ce807d288a462ffd0f41a89cd57b2c10fd3b463d779f8f7,2,lower,88.303112855,24.695145134,26,66396,53063,44.1996498878395,40.42330153279213,3029.0788198639048,74.93397879454898,-1.0,,,http://gauss:8090/api/v1/scanner/tracking/scan-fw-34a8c6d47c38e873/tle-review-09.png?sha256=sha256:65ab44897254153caec94a731d8df5a51881bd63ca2f69c3ecf36beab616f698
scan-fw-34a8c6d47c38e873,15.0,sha256:4e650755d6ad17eb361ac90a756fb8a922c7a7246c435335bd79e8ad1f8ae86d,3,upper,89.986247611,21.609343455,18,66396,53063,26.101436455288226,64.06712025582536,1660.5376293855525,25.918718099937802,-1.0,,,http://gauss:8090/api/v1/scanner/tracking/scan-fw-34a8c6d47c38e873/tle-review-10.png?sha256=sha256:b7d585027ecb42d9a4db4a2beb476e5ad24348fb098e63b475373acea64301f1
scan-fw-34a8c6d47c38e873,15.0,sha256:cb25eb97de5f88f4958f75ce10d2898bd3864dee4cd8cf473a45bf82e9f857dd,2,lower,132.780976387,17.39892918199999,14,60433,53063,23.4417812798915,22.638131590145044,271.303678973771,11.9843670796523,0.0,,,http://gauss:8090/api/v1/scanner/tracking/scan-fw-34a8c6d47c38e873/tle-review-11.png?sha256=sha256:4cba444a99c0da8c4b72579d4af259a0a16247d0eb6ab7174ceecea150df594f
scan-fw-34a8c6d47c38e873,15.0,sha256:0399c9972d4e725634b8f84faad0b218a55b990bd74d313f757fa505076b352f,1,upper,168.982096269,17.818820622000004,15,66966,59467,34.62435087069712,56.31104304974338,681.3065870646899,12.098987164255604,-3.0,,,http://gauss:8090/api/v1/scanner/tracking/scan-fw-34a8c6d47c38e873/tle-review-12.png?sha256=sha256:2952c17cc195074616f48c3a96fbf010e8660f21c76f65212ceaf5816825c1f7
scan-fw-34a8c6d47c38e873,15.0,sha256:c25503b9d4753243fcf0af835145a75bf42e4d40562b235ad8c0c9df64fcb4f9,1,lower,169.544517225,33.812456731,37,66966,63578,88.20553312977577,87.95494642413371,2060.1303169095095,23.42256349034892,-3.0,66966,False,http://gauss:8090/api/v1/scanner/tracking/scan-fw-34a8c6d47c38e873/tle-review-13.png?sha256=sha256:6d089f623fca4a4136f3b620c27df692cb1417a4d9e450ddac700d2a0b017f2d
scan-fw-34a8c6d47c38e873,15.0,sha256:81b219054fc0f8af849ffc02f129e184d083fcbcac3a6c99c23c102a2ce6336e,1,lower,239.835332875,38.305060732000015,35,59533,47730,70.79108262298517,49.616606619770465,1141.6739992941425,23.009916982900354,0.0,,,http://gauss:8090/api/v1/scanner/tracking/scan-fw-34a8c6d47c38e873/tle-review-14.png?sha256=sha256:56bc90f3bdbeef2996b91836388793d8b954e477e579aca0a86f9333132fa70a
scan-fw-34a8c6d47c38e873,15.0,sha256:385988947fbe1419d2bbd83eedba1be0ec57e8141fb3296cc69f9045264e4116,1,upper,241.658268775,38.58678961999999,37,59533,47730,87.02650391304228,76.60105037303795,906.11968347968,11.82907648220208,0.0,59533,False,http://gauss:8090/api/v1/scanner/tracking/scan-fw-34a8c6d47c38e873/tle-review-15.png?sha256=sha256:56223357f5a7455027277b061a3a96710ba118f1982229220ae41e744c0862aa
scan-fw-34a8c6d47c38e873,15.0,sha256:a74dbcf67358734e516e86f339b88e61924e4007014c30836d8ae40b60e59187,4,lower,272.246375372,27.36376554399999,26,66385,53009,78.15821938698186,61.161508735273244,155.5604332566155,2.543436819551514,-2.0,,,http://gauss:8090/api/v1/scanner/tracking/scan-fw-34a8c6d47c38e873/tle-review-16.png?sha256=sha256:82fb0e9c00429407b56f33aff137cf8dcbf8bf40f60ba69319e1d3f68032dbd1
scan-fw-34a8c6d47c38e873,15.0,sha256:acf4cb91356507ca1a7400ac5168f9f14ef6cb884b283881a858e9fc61c5af39,1,lower,283.333062759,15.434673495000027,17,63579,47730,17.943250062604204,16.855362119974348,337.3151673228331,20.012335832470768,0.0,,,http://gauss:8090/api/v1/scanner/tracking/scan-fw-34a8c6d47c38e873/tle-review-17.png?sha256=sha256:ca8c5909c16757b6278486bc0c26b1a44081fbc9b974cfdd2766d6fc0b80475e
scan-fw-f18c43720f58f08b,20.0,sha256:aadef78130ed8d0a225e86cce23a15f63b193f24d6e1496e49ecaf1c6b290906,3,lower,36.744364908,13.894714078,17,66407,57236,41.25790473690322,44.87280739039268,361.54039988074487,8.05700425059991,-1.0,66407,False,http://gauss:8090/api/v1/scanner/tracking/scan-fw-f18c43720f58f08b/tle-review-01.png?sha256=sha256:fac307f20e71d0a1003945cf258f3d368e8b77bccb933cf353a8c91205a431aa
scan-fw-f18c43720f58f08b,20.0,sha256:0ab2b027ca293dd61c5085f817ec15b063e8957a8e9091fd32f6cf0fa6e935aa,3,upper,118.167239845,31.71731991899999,42,52098,63711,54.86450714242658,154.7290087211797,1552.7130476807242,10.035048117439306,0.0,52098,False,http://gauss:8090/api/v1/scanner/tracking/scan-fw-f18c43720f58f08b/tle-review-02.png?sha256=sha256:907ccd5818043f76f522693c8535801c7f9e8117708192c34ccc2f1a29fb1d4a
scan-fw-f18c43720f58f08b,20.0,sha256:ca955f0a90f362a433ced96d0ad27b2a0fccd8299858bbd9d65ce8e36f0acd29,3,lower,119.992324661,27.364207389,25,52098,63711,37.28472620256167,152.9151154348704,1851.8684134131288,12.1104340022022,0.0,,,http://gauss:8090/api/v1/scanner/tracking/scan-fw-f18c43720f58f08b/tle-review-03.png?sha256=sha256:cb496944b7aefae827f5437d02894614eb0ff76a49ec3faf90495053715d0277
scan-fw-f18c43720f58f08b,20.0,sha256:e1c795d7f7457966cf8233444a2a0c23b497a2e7eca8de57b88d1f988adc88bf,2,upper,261.568591817,18.66948730499996,16,60431,53023,20.435163851490543,28.136880518094657,136.00004144901925,4.83351526341232,0.0,63586,False,http://gauss:8090/api/v1/scanner/tracking/scan-fw-f18c43720f58f08b/tle-review-04.png?sha256=sha256:e499fbc1e302372193ea9cb16a5072490cb84a93d715a37731bae3ff88580607
scan-fw-238918c2fc5adbd2,10.0,sha256:fd884451362f7181dca96b7d9a78ee3ba2acf237e3825bb9d4cb29c3162b896c,3,upper,0.050413598,12.067863046,15,63682,54012,106.20776902014738,55.35351197416034,276.769638890132,5.000037558941721,0.0,,,http://gauss:8090/api/v1/scanner/tracking/scan-fw-238918c2fc5adbd2/tle-review-01.png?sha256=sha256:def4e5fb8e2cfdd79161af87b78d9632d0a686d32f674ef5093bb52123d1eaa4
scan-fw-238918c2fc5adbd2,10.0,sha256:72de7f242c55edc42b53a9e9ce78ff8d1d2bac2f23711d041788448cbc5a9eaf,4,lower,51.689158825,35.780057989999996,30,63698,62424,52.267795944164064,51.580029486417644,4085.759835172889,79.21204923406985,-5.0,63698,False,http://gauss:8090/api/v1/scanner/tracking/scan-fw-238918c2fc5adbd2/tle-review-02.png?sha256=sha256:63f3fbc7bf6f43f8e3f1d792e0f51bc3f6dd24086e1a0d5fdf1344af687c0a13
scan-fw-238918c2fc5adbd2,10.0,sha256:85e36d04f14a714af52690288203ea702e883f1e29d28ec480b4131a754d317e,4,upper,62.9145639,24.413986880000003,18,63698,52356,46.83452990542604,66.65907290244334,3233.97025957924,48.515080074879066,-4.0,,,http://gauss:8090/api/v1/scanner/tracking/scan-fw-238918c2fc5adbd2/tle-review-03.png?sha256=sha256:e75bf302d8e8eba393c1ecbf416a87d68361fd9172e11b560e1b93e836761137
scan-fw-238918c2fc5adbd2,10.0,sha256:f438108696a6307df702a034a8c0b5bb3604f81d06fe45a33152b603cbd6272a,1,lower,67.824882479,17.680043451000003,20,63323,58442,69.46397445194864,80.77134024731089,370.46303692749746,4.58656543017845,0.0,,,http://gauss:8090/api/v1/scanner/tracking/scan-fw-238918c2fc5adbd2/tle-review-04.png?sha256=sha256:f4f30376fabe5a83bba8c125e803aa20be8edcbd7467e80e3a189a663e0a7fcc
scan-fw-238918c2fc5adbd2,10.0,sha256:b073cfe8af83649e92e333b916756a6de7f6a0b808ec5904815b0dd3c1421760,2,lower,78.488807161,20.485700017,15,63323,52356,160.38958341007955,117.94881628268965,2139.994634046564,18.143417640729922,0.0,,,http://gauss:8090/api/v1/scanner/tracking/scan-fw-238918c2fc5adbd2/tle-review-05.png?sha256=sha256:bd25efaedaf72263757328e56aadb77fdc2c08144c90c24664bd32bee20f1e97
scan-fw-238918c2fc5adbd2,10.0,sha256:b63357c0c4ea99af52015347f3d0e039a208a53a514d8a75c8843fca55778ecb,1,lower,85.50492593,46.164249792999996,43,63323,53024,103.60242782022964,103.99112976814078,1574.608557735198,15.14175835233211,0.0,63323,False,http://gauss:8090/api/v1/scanner/tracking/scan-fw-238918c2fc5adbd2/tle-review-06.png?sha256=sha256:cc88648529b3c962b200296794c597605e311f5e3cb892ba9824e7866c0eed44
scan-fw-238918c2fc5adbd2,10.0,sha256:1ea8bd26b83398eba150c4c4b493a95a7d59de55b07c3a44bf85abd8f31e4b58,3,lower,88.451543699,24.976268864000005,37,63323,53024,76.32016477278285,82.60353444192579,1111.8590550519032,13.460187418900253,0.0,,,http://gauss:8090/api/v1/scanner/tracking/scan-fw-238918c2fc5adbd2/tle-review-07.png?sha256=sha256:339ce879e67cfe9dd9494f22403023ca3e936cd9775dc1df2cf25c75d3ed91a6
scan-fw-238918c2fc5adbd2,10.0,sha256:551fc513af58d483680fe34d866b2da5919f06dad6cc14289d39beb7ff57619f,2,lower,160.855888472,22.449389088999993,29,67329,48639,46.656123102397984,54.00177099215944,167.2245848551483,3.096650013189896,-1.0,,,http://gauss:8090/api/v1/scanner/tracking/scan-fw-238918c2fc5adbd2/tle-review-08.png?sha256=sha256:2319cd78752f0b8298ad8e1bda8497bd480bf740fceb38bb072c32a2f49a40c2
scan-fw-238918c2fc5adbd2,10.0,sha256:191c45f15b541246da929dad5552d239500cf6be6b6f1b26aa6b767494a50869,4,lower,162.679879232,28.484045616000003,29,67329,48639,38.367991866715094,50.565954144372505,246.50332349911585,4.874887217500459,0.0,48639,False,http://gauss:8090/api/v1/scanner/tracking/scan-fw-238918c2fc5adbd2/tle-review-09.png?sha256=sha256:0c68ec63392e856a7caf4416da298629205041e04c1602d8f4f1648327c164ec
scan-fw-238918c2fc5adbd2,10.0,sha256:c15e3852b3d70e2c83ec18753407033856000c67e1a0deabe23ddaefb823bb09,3,lower,202.947895988,16.694765069,17,63686,48662,67.44629269254068,61.39323270607798,451.07459386240293,7.347301550676385,-1.0,,,http://gauss:8090/api/v1/scanner/tracking/scan-fw-238918c2fc5adbd2/tle-review-10.png?sha256=sha256:737e7b9a67dd9b5476513e317b47c4b203b42f97a2c737de909225261d56ad3d
scan-fw-238918c2fc5adbd2,10.0,sha256:c0cf349b39451ab6bb32dc9eb8b005002d45d53dee9b04b2c00d245c7d9cd9b6,2,lower,213.470631765,28.198712049999983,35,63686,48662,66.15538476537543,48.903022165266925,2819.8561173227677,57.66220557480297,-1.0,,,http://gauss:8090/api/v1/scanner/tracking/scan-fw-238918c2fc5adbd2/tle-review-11.png?sha256=sha256:51d9a8740d394500b876af24ba854470829acda16c5b09745609423b133732d9
scan-fw-238918c2fc5adbd2,10.0,sha256:048e9dd0cf1e5612e6623f0c7c3eb28b33649c105490a77656e8127a542d7aa5,2,upper,229.74381269,15.993118594999999,14,63686,64069,15.331461885755346,26.963388175308925,551.3348496491171,20.447535972277727,-1.0,,,http://gauss:8090/api/v1/scanner/tracking/scan-fw-238918c2fc5adbd2/tle-review-12.png?sha256=sha256:6d110454ed3befe8777988f837fdf787965c9a5c72276ff38fb9a510ff3eacb5
scan-fw-238918c2fc5adbd2,10.0,sha256:b0ecb9185f61d3fa7a2f19b039edf0ef6dcd2ae4bd5548dd6d0d3dbca3879a2a,3,upper,238.863661265,26.794086841999984,24,58170,53019,30.47587780863699,67.60681875306159,772.060329576386,11.41985888134136,0.0,,,http://gauss:8090/api/v1/scanner/tracking/scan-fw-238918c2fc5adbd2/tle-review-13.png?sha256=sha256:4def1e079c397b3e4007759bef9e02f4605a28a47f77f927fd4d7da67672929a
scan-fw-238918c2fc5adbd2,10.0,sha256:4c6d19f6419fe9c5591288e09035d63ff35027dcc9efc2a21b39e3b40dfaca5c,3,lower,239.985349463,30.022582605999986,48,58170,53019,24.85499983833787,28.70989703257488,758.3152850581989,26.413026985007914,0.0,58170,False,http://gauss:8090/api/v1/scanner/tracking/scan-fw-238918c2fc5adbd2/tle-review-14.png?sha256=sha256:f716e6dda11f9d1dfd1040fa803ae1fd326a4c10c3499e6d65eb4a15a17a4b9a
scan-fw-238918c2fc5adbd2,10.0,sha256:eaa94fd644e1331088f661ca3d6ba57a0893793e891aab250b468a8693070a9c,1,lower,247.561338649,26.936116537000032,26,58170,53019,31.026075116517553,21.197861952537433,793.7508461929225,37.44485401264294,0.0,,,http://gauss:8090/api/v1/scanner/tracking/scan-fw-238918c2fc5adbd2/tle-review-15.png?sha256=sha256:d77858ae03f897ab48d0dfc81cd512429eb650b44798a14863e233d06aaf2793
scan-fw-0e051aa4840732c4,15.0,sha256:ce8817a17b730c601edb88e57c50827fd8d94621a3a02afd5b7da9902a33c802,1,upper,133.598773469,14.332455388999989,14,67333,67799,68.52966240810652,32.40180168348558,1178.5397819436698,36.37266203454184,0.0,67333,True,http://gauss:8090/api/v1/scanner/tracking/scan-fw-0e051aa4840732c4/tle-review-01.png?sha256=sha256:e8f944340c92aeaba0d2a370331c50f50420cb2e2ff071b2546cc9413c28d934
scan-fw-0e051aa4840732c4,15.0,sha256:445a64e2e561be1dfe38916a76883c9a38971c96b8687c5a8199c9807d933177,4,lower,160.560576498,12.063951291000024,14,67333,52292,23.05808955323306,27.925073671366757,409.5956402569338,14.66766552085829,0.0,67333,True,http://gauss:8090/api/v1/scanner/tracking/scan-fw-0e051aa4840732c4/tle-review-02.png?sha256=sha256:02666f2eea2453080d88aba1215c43f088087513a2a43a52db9321f489c737cf
scan-fw-0e051aa4840732c4,15.0,sha256:480cc0710392988a0dd3edb6f71ddbb7b1e20c870a506f15d1dce93266494cbd,1,lower,234.215140609,20.769499663000005,19,67037,57919,80.46136463338382,55.603391435111625,83.55709945648478,1.5027338674835102,4.0,,,http://gauss:8090/api/v1/scanner/tracking/scan-fw-0e051aa4840732c4/tle-review-03.png?sha256=sha256:729c228b929809915a10501560b9715ccf10800c07678863e21c7fb4090bb7d1
scan-fw-0e051aa4840732c4,15.0,sha256:265768fafce5736e38dbed5708f873e0145c83fe9e730adce88de14efc481ebf,1,upper,238.566750102,18.243234865000005,16,57919,67037,81.08887238232545,69.51338952326367,105.78175109354274,1.5217464120080253,-1.0,,,http://gauss:8090/api/v1/scanner/tracking/scan-fw-0e051aa4840732c4/tle-review-04.png?sha256=sha256:59b7266ff7f12e0c5fe1184d329f7a849e450f3097e4a321347964498ca0cad4
scan-fw-0e051aa4840732c4,15.0,sha256:8181647314f7d2da0761660606a2dd0c14850e6fddcabafe77ccd56644240cc9,3,upper,238.847176628,26.38016774900001,29,57919,60193,79.81769451425274,126.57364097422345,243.9755588418457,1.9275384429490416,-1.0,67037,False,http://gauss:8090/api/v1/scanner/tracking/scan-fw-0e051aa4840732c4/tle-review-05.png?sha256=sha256:c4b2932a654ccb6be7ea74a788039f5a44e1ec899dcb3fcdd83c041a5852ab07
scan-fw-0e051aa4840732c4,15.0,sha256:f14726070572636340e9d40a9ce7bcaa004bd4fee16d395403c45a1ab3562bd3,3,lower,239.689762972,24.274909014999963,23,57919,67037,100.23362469999475,103.70587387973713,142.95644758476885,1.378479754681483,-1.0,,,http://gauss:8090/api/v1/scanner/tracking/scan-fw-0e051aa4840732c4/tle-review-06.png?sha256=sha256:5d62a2c7f1074fc1cff818ef5c3f09e993d7c3a24699f141384bbe27c9c945a5
scan-fw-0e051aa4840732c4,15.0,sha256:fe47e04f21bcb24002eff4e3ee4299f2c9ee6d74322cebbbbb0be4c0a5fec1f5,3,upper,259.195265732,21.18564582800002,20,67037,53986,161.0613296381054,47.85150111549943,615.9694264786509,12.872520445949691,-1.0,,,http://gauss:8090/api/v1/scanner/tracking/scan-fw-0e051aa4840732c4/tle-review-07.png?sha256=sha256:d97a6adb4f808a698f0861d78b7cf72e2e12f4d5c43b223ff906d17bbf63f138
scan-fw-0e051aa4840732c4,15.0,sha256:8abfb84c7c3acfc73caf272d1f63b7645e59824ec6f80ce3eb5a599ab72a826c,4,upper,267.191313144,13.048914059000026,15,67037,60193,22.160322034151225,25.319801686410955,219.96085585246547,8.687305634408569,-1.0,67037,False,http://gauss:8090/api/v1/scanner/tracking/scan-fw-0e051aa4840732c4/tle-review-08.png?sha256=sha256:ca2d079269ddcc0cb8171c0006a8d9ddbd42fd01d1bd3eacccbf4b07d9281d9b
scan-fw-058d6084382f51ba,20.0,sha256:559170868f91c1af8e37ab0e3493da726159ef4c37a0f4e1c757fd21bebfdb07,2,lower,2.561748939,37.201354084,30,67045,57920,106.10721698033791,56.274795759348656,208.86020887371464,3.7114343296220267,-1.0,57920,True,http://gauss:8090/api/v1/scanner/tracking/scan-fw-058d6084382f51ba/tle-review-01.png?sha256=sha256:0282d7573e742c82cb6cee5ed7c913a934d49a044fa9cb19d063930161fb54f8
scan-fw-058d6084382f51ba,20.0,sha256:038c46372080e2d81dce54fdaaca1270ebd751396a84a6a3d6311847a9ede685,4,lower,58.292506253,20.780044794999995,33,64300,60993,95.31301095917662,88.64955728504553,1331.0418284568245,15.01464721563094,-4.0,,,http://gauss:8090/api/v1/scanner/tracking/scan-fw-058d6084382f51ba/tle-review-02.png?sha256=sha256:55bb544657ce7c1771b5a032cc8dd3a65ead15e83d42bc76c5066a557acbf509
scan-fw-058d6084382f51ba,20.0,sha256:8b688753fddd1c3923fe65ee1cda811598ac45b5e22ec197bc2976806012960d,2,lower,101.276292054,23.86302311300001,23,64280,63272,47.28553735715533,58.237240759673924,1847.6476624851111,31.726222574825442,-4.0,64280,False,http://gauss:8090/api/v1/scanner/tracking/scan-fw-058d6084382f51ba/tle-review-03.png?sha256=sha256:f3dab67f1e84a9f0890225762427f162362606c4edda02d583dad46d372bc3ad
scan-fw-058d6084382f51ba,20.0,sha256:f8b7fb9c43864b3741738ee693f70ad95c275fb73586753e553aa7d0e1ba6090,2,lower,193.212592196,37.060082507000004,46,64308,48650,98.52412593253335,93.5318980772516,1533.348832348776,16.393859890262508,-1.0,64308,False,http://gauss:8090/api/v1/scanner/tracking/scan-fw-058d6084382f51ba/tle-review-04.png?sha256=sha256:df099c6ffabb2884bfa71de2610705f45df156eb7029860426dcd0b90e88dd99
scan-fw-058d6084382f51ba,20.0,sha256:1f043839c1b25d47c614299c948de8c5b1612f9a02fab97bacc45db6854ecf1d,1,lower,196.440611081,33.130711077,35,64308,48650,69.00052093166433,83.61821868133524,1383.484660571632,16.54525392180407,0.0,,,http://gauss:8090/api/v1/scanner/tracking/scan-fw-058d6084382f51ba/tle-review-05.png?sha256=sha256:1c4e2dc3b4228c76bba688b3be6dcde4dd90d2701eb071e885eff9767c7f1ed7
scan-fw-058d6084382f51ba,20.0,sha256:073b7a7abc3acdcc2a40b70446ac14427e901c27a98334ab6b0c81830393f075,4,lower,203.597985617,26.113308658999983,27,64308,52352,657.2949560489375,721.4355606320445,2297.3540166612684,3.1844202615249144,1.0,,,http://gauss:8090/api/v1/scanner/tracking/scan-fw-058d6084382f51ba/tle-review-06.png?sha256=sha256:93849ff2f0bdf51d02c7a6cef5f6de77a242ad3427f31221ea448a70c87cdcea
scan-fw-058d6084382f51ba,20.0,sha256:7e0c89ce2814b0b00877b916df9f054f1f8249f98b053e94b089b3efe52c1531,4,upper,204.019320869,26.113304528999976,22,64308,52352,28.232892987260637,1331.1848010672381,2310.6900435451403,1.735814622952886,0.0,,,http://gauss:8090/api/v1/scanner/tracking/scan-fw-058d6084382f51ba/tle-review-07.png?sha256=sha256:b40b8673ae899d059155a09ec0140180a68d4d6d745e8ddcaaca0a4f8d7849d8
scan-fw-058d6084382f51ba,20.0,sha256:14b86a3f91891d0022353c19ee8ad0f16e00d90fd240a536342047b26f085ae2,1,upper,206.265406462,16.705936691000005,18,64308,48650,22.23354092247387,28.192108003109027,756.9824157601751,26.85086250651051,0.0,,,http://gauss:8090/api/v1/scanner/tracking/scan-fw-058d6084382f51ba/tle-review-08.png?sha256=sha256:92fdda36a3f5740345acaa3b96e52c215deba540511a113c40080c39fbf6fd51
scan-fw-058d6084382f51ba,20.0,sha256:e98f53c4d1eb882068527e1d303b8eb533f1c448462b94843b557dd2832b79d4,4,lower,257.356765923,15.442719699999998,15,64263,52282,41.37692170750611,39.97352754611284,70.66943430335539,1.7679058777545271,-2.0,,,http://gauss:8090/api/v1/scanner/tracking/scan-fw-058d6084382f51ba/tle-review-09.png?sha256=sha256:6d839f46454fd32c483daa2a02d1d40b0a3aeea8168d20e2cc59e0e3a98f0161
scan-fw-058d6084382f51ba,20.0,sha256:1975c9d265769dd2c561968249b42491454b13203d4c7762b8cd92b22ec5feef,1,upper,258.90200441,23.86361139600001,22,57931,64275,39.3221603178636,56.47509550679994,303.94025556098137,5.381845800055091,0.0,,,http://gauss:8090/api/v1/scanner/tracking/scan-fw-058d6084382f51ba/tle-review-10.png?sha256=sha256:abab4e10a50977c241f7dfa20fd8121555e0d877a0a6d977868b70bad08b6378
scan-fw-058d6084382f51ba,20.0,sha256:cc038de0b0bf7966b6f1ea2c9851c777ac96e568d8ad02e725f8f4e9c42e69b6,2,lower,259.181978185,40.70803427300001,43,57931,61206,88.57619778501098,111.67898396600387,896.1186458002359,8.024058009634318,0.0,57931,True,http://gauss:8090/api/v1/scanner/tracking/scan-fw-058d6084382f51ba/tle-review-11.png?sha256=sha256:e7cb49998b9e47f4d1c77e84bb6786c27bd7b3a2f80ac668b06ff7a7f3346736
scan-fw-058d6084382f51ba,20.0,sha256:584b514d8a877fd2d094d72b3027dd32063540196cba014d4ef8958b2103834e,3,upper,259.604442686,37.618994071999964,36,57931,61206,87.15819335887072,96.64739064580702,663.5337939303882,6.8655117276999675,0.0,,,http://gauss:8090/api/v1/scanner/tracking/scan-fw-058d6084382f51ba/tle-review-12.png?sha256=sha256:884a9ac6af312da6355f72cd27da73376e58e436905f3223956bf910d1d87661
scan-fw-058d6084382f51ba,20.0,sha256:cc1e30c30740fa8efc1a3ec3b74b674f4d26d24352a882988665f586657d654c,3,lower,259.745998346,35.230781638999986,38,57931,61206,67.56265001476558,50.927028726283844,772.8149108794494,15.174946000346441,0.0,,,http://gauss:8090/api/v1/scanner/tracking/scan-fw-058d6084382f51ba/tle-review-13.png?sha256=sha256:63782e8e06ec035936a428ae1a765052d4bf3f02bfcac701d9912d907b54115c
scan-fw-73af001a36ff7af2,10.0,sha256:a31ae99580e93a2891bef3ea40c2edc15bf9bfe9b5274c0d185d4bd2ab0576a0,4,upper,0.476443069,24.409025533,22,58447,62272,103.4002373985696,122.73051374694082,135.40248867165434,1.1032504023477159,4.0,62272,True,http://gauss:8090/api/v1/scanner/tracking/scan-fw-73af001a36ff7af2/tle-review-01.png?sha256=sha256:2858a7953dae39a0f29d5d1bcfb5934241eebf408a76d64f0292b38dd3ad0770
scan-fw-73af001a36ff7af2,10.0,sha256:b30d480ac989e5a0ac2dd6e8db24226703a755ff36918192ab8ef94b06f4e9bd,2,upper,1.178529811,17.676427506,18,58447,62272,26.215819026386814,53.55498701316826,56.196243039210515,1.0493185821404982,4.0,,,http://gauss:8090/api/v1/scanner/tracking/scan-fw-73af001a36ff7af2/tle-review-02.png?sha256=sha256:6819479313ded47da20758a20179d893fe5028c69a7e6c36b32a8434e99bc966
scan-fw-73af001a36ff7af2,10.0,sha256:121873c7a82f3ce29e179f1226db192c8796af7aad08e9ed9127755e50efefbb,4,lower,2.160461217,23.005501541999998,22,58447,59925,82.0646053091473,104.9736383673113,105.28324568013207,1.002949381555562,4.0,,,http://gauss:8090/api/v1/scanner/tracking/scan-fw-73af001a36ff7af2/tle-review-03.png?sha256=sha256:9649274df5470a95e770521a85bb37cd6043df18fd8a135cf86fc10c368cf868
scan-fw-73af001a36ff7af2,10.0,sha256:c98ec97e8dcbbad06234350170d58c69b455098f9b563cfa7eed33a7653d7b3a,3,upper,9.175040639,28.900278866999997,26,59925,58447,53.38550773890592,71.74748363820677,271.4937395717595,3.784017582286111,1.0,62272,True,http://gauss:8090/api/v1/scanner/tracking/scan-fw-73af001a36ff7af2/tle-review-04.png?sha256=sha256:3596c39fdc03599fb73dae4324326c61cd8c1e2adf986dba8a8114cad496e22d
scan-fw-73af001a36ff7af2,10.0,sha256:370314417795b57967de81b7fe97ca9953ac3890bf1b02c8b5e9e43d59503cc3,1,lower,28.675348206,30.446924729,29,66215,59925,21.112455659666917,32.18941964808295,2814.373319027042,87.43162659643204,-3.0,66215,False,http://gauss:8090/api/v1/scanner/tracking/scan-fw-73af001a36ff7af2/tle-review-05.png?sha256=sha256:b7cab83e86b2f874c6cfe98e3643c47529a76cbefa8612836a538029f51156d7
scan-fw-73af001a36ff7af2,10.0,sha256:11a19ad866982b91faef02987a70afa1a2a3218154315e698d701fa4760de020,1,upper,44.671412617,12.625524952,15,66215,59925,38.44817719371012,136.45343401435105,1082.617985941409,7.933973913969422,-3.0,,,http://gauss:8090/api/v1/scanner/tracking/scan-fw-73af001a36ff7af2/tle-review-06.png?sha256=sha256:8bd5048e4912ab046ea0dfe3745eac09c11c15154e84c45a32d447398b375390
scan-fw-73af001a36ff7af2,10.0,sha256:4b718cd4042f1f669510db6a982cc1f9a4e46cfc8fa5aa84b85a971817ce8777,1,upper,112.585822349,15.436071906999999,20,64312,59496,42.963803641660185,82.54037164801154,108.22915048628144,1.3112268375506977,-2.0,,,http://gauss:8090/api/v1/scanner/tracking/scan-fw-73af001a36ff7af2/tle-review-07.png?sha256=sha256:1ef2e07231134be1f76a84306fb7570c60dde84a79f2ab6003d7a9b9d49c84ea
scan-fw-73af001a36ff7af2,10.0,sha256:ba86ca8a79c571946d261ef9d1be48744165c05f23a2853e10ed463cd8399891,1,lower,114.550525168,15.715375742000006,17,64312,65429,37.090773094158315,35.98816668768411,766.102160121078,21.28761286368205,-2.0,64312,False,http://gauss:8090/api/v1/scanner/tracking/scan-fw-73af001a36ff7af2/tle-review-08.png?sha256=sha256:aa5782365b9b0487f61e1ebb318b8bc4dd2d0b57986731a649d5c4fdc138b58d
scan-fw-696d33fa7ed976b2,15.0,sha256:c7c3f75e03b4c552aab8471aa576b3b7a6741cd316b8f5ffe7d9b666f0ac4b93,4,lower,0.179790965,20.908909180000002,26,58715,66232,23.134669286351674,31.118079975170236,2022.6887652579896,65.00043598036689,-1.0,58715,False,http://gauss:8090/api/v1/scanner/tracking/scan-fw-696d33fa7ed976b2/tle-review-01.png?sha256=sha256:11405ce8b22d869c6944a25eb84e9a794b6be3fa3cc7704e0b7969c26302ee8e
scan-fw-696d33fa7ed976b2,15.0,sha256:e133d60a3c7a5dbeb36ce93a47bf23d382231e7ced18b4a5b63df63aab86aef3,1,lower,167.431513235,23.14977295099999,30,66206,58357,96.32955079281449,120.22512841473949,177.33966330171333,1.4750632055051451,-1.0,,,http://gauss:8090/api/v1/scanner/tracking/scan-fw-696d33fa7ed976b2/tle-review-02.png?sha256=sha256:ff913fac138ee0d40c22a6611e118763d8e13f31d91acb42370752e9d391c3d1
scan-fw-696d33fa7ed976b2,15.0,sha256:f567e137cb39e008f7f562c4e6e6d574cb1cde6f3f51fcdcc2f094425853c02d,1,upper,167.571776895,23.992179776,26,66206,58357,122.99808775906698,177.73384722393968,187.6427973128658,1.055751620997891,-1.0,58357,False,http://gauss:8090/api/v1/scanner/tracking/scan-fw-696d33fa7ed976b2/tle-review-03.png?sha256=sha256:48284e6ea65928337ef137744d1673d4fad3a5c8a9fdc54bbd8c46658f9dab69
scan-fw-696d33fa7ed976b2,15.0,sha256:c04ce5b6677387583251986434b983457ba5f3e16c355433a3edaa40488db6e4,2,lower,172.343732465,17.677491909000025,14,66206,58357,77.29618703846599,61.25626834827706,138.63912816994602,2.2632643467882008,-1.0,,,http://gauss:8090/api/v1/scanner/tracking/scan-fw-696d33fa7ed976b2/tle-review-04.png?sha256=sha256:8de25abf5717eaa61b4b09893649b9bfdb2192e6afaaceacdb2a809f3cf92e34
scan-fw-696d33fa7ed976b2,15.0,sha256:1125ddaad3619738110500f3d50420a120dde75c3dd5091bfa63801f4bc0b924,2,lower,192.967797579,12.489478141999996,17,66217,59484,44.66885747488536,86.16215568435496,152.31285289118173,1.7677465434959887,-2.0,,,http://gauss:8090/api/v1/scanner/tracking/scan-fw-696d33fa7ed976b2/tle-review-05.png?sha256=sha256:3c0a898b007332c07ff62f0bf01d0a4f405c960b7df21fc6dc1412bea5095154
scan-fw-696d33fa7ed976b2,15.0,sha256:9d114a018ec672f71bfce4af9efc35e7355a18da0c701ea47aa9d9fb3858a098,2,lower,205.17727296,39.853472942999986,41,66217,62955,67.4169093078493,49.53737016773315,4315.642513859297,87.11892656486536,-2.0,66217,False,http://gauss:8090/api/v1/scanner/tracking/scan-fw-696d33fa7ed976b2/tle-review-06.png?sha256=sha256:1475cd41e4e0bc736f8548020f1fe4a0021f573d75d279b3bbb4b3b84e03fc59
scan-fw-696d33fa7ed976b2,15.0,sha256:dd8981e093725b44027da1ab4beeecd5ea88485678846badd51aec9c2991fd21,2,upper,209.247705523,35.643040877000004,38,66217,62955,92.02673691718005,65.10042813080459,3829.1963886030776,58.81983419385774,-2.0,,,http://gauss:8090/api/v1/scanner/tracking/scan-fw-696d33fa7ed976b2/tle-review-07.png?sha256=sha256:712f44e840704ef12b9709233efa4601a19cd6912883b2caf539e0c3fa754812
scan-fw-696d33fa7ed976b2,15.0,sha256:61ab9ecdfdb82f102f1e4f8d708e93eaba856a94a44a74063d66246e2b659111,1,lower,246.294576369,21.32413452199998,29,65407,62955,30.783075097903886,87.62052963820717,1294.9165503446518,14.77868891789944,-2.0,,,http://gauss:8090/api/v1/scanner/tracking/scan-fw-696d33fa7ed976b2/tle-review-08.png?sha256=sha256:4f3aac32b3d18510fc6efaf9619e13819004ec9d81ba2802b0ae646bd2a42be7
scan-fw-696d33fa7ed976b2,15.0,sha256:31817a4ea635f536977e4f80112613e3e45e207b6e96a00329a76e986f7113ed,1,upper,248.258577388,24.69217170400003,15,65407,55486,27.982053873228434,112.73029388819286,1296.4402707360168,11.500371603943838,-2.0,65407,False,http://gauss:8090/api/v1/scanner/tracking/scan-fw-696d33fa7ed976b2/tle-review-09.png?sha256=sha256:6d62b79ea168c01a7b2073866127e12cd4c6dac259ee60e0cd9c570dc7cdca3f
scan-fw-b9c1f4be7b8da272,15.0,sha256:2c881da5e1173cb309a1be90e32caa04519be3a79205761453ad6f83138af68e,3,upper,17.033555989,27.078793828000002,21,68525,59393,89.91251416980701,96.2762771847886,232.6876756653751,2.4168744624261307,0.0,,,http://gauss:8090/api/v1/scanner/tracking/scan-fw-b9c1f4be7b8da272/tle-review-01.png?sha256=sha256:f55556866cc1157fa848436f77fc19a8d02b9cea0ab86903ca3d4d0511e08056
scan-fw-b9c1f4be7b8da272,15.0,sha256:7e955f514eb1802f13c494c662a69fb1e31deecd930eff3134364e52aff08687,3,lower,17.31355848,30.868122187999997,35,68525,59393,54.01256349323185,75.17345230060677,375.2529275213764,4.991827780115767,0.0,68525,False,http://gauss:8090/api/v1/scanner/tracking/scan-fw-b9c1f4be7b8da272/tle-review-02.png?sha256=sha256:30faf89e65b09900b8be4c1704d8d98435600805b3c0f353e5c6a41ca068cdae
scan-fw-b9c1f4be7b8da272,15.0,sha256:dda452381e9eddfa375a6f6eda8cd3df65ab2d7748b79b6a9e7afc3e27aff0bb,1,upper,52.532275743,19.78415081,23,68531,68615,36.19274377593961,182.01188087541638,261.697668704337,1.4378054193256977,0.0,68531,False,http://gauss:8090/api/v1/scanner/tracking/scan-fw-b9c1f4be7b8da272/tle-review-03.png?sha256=sha256:0a983a786e48ae3168f64729878b3dfa87b3d729fe59eda1717af9f8ddccf08b
scan-fw-b9c1f4be7b8da272,15.0,sha256:4b50254e312bf3581aaefe231860d1fd4542340be9b9f86c9154d6acf8e40906,2,upper,75.262968706,20.344069108,28,59556,68531,73.86668252641051,38.03276200622246,865.6506338437664,22.760656554528936,0.0,59556,False,http://gauss:8090/api/v1/scanner/tracking/scan-fw-b9c1f4be7b8da272/tle-review-04.png?sha256=sha256:4a130a233e42de6881b888effb9a75b9867082a3bf9ccff609b6b1661d438888
scan-fw-b9c1f4be7b8da272,15.0,sha256:387197de007e6171ae81f4a68d085316179423f0b6a812c925a5f4d65e7c16f0,2,lower,78.769653722,20.204049346999994,21,59556,68531,17.13248653002775,31.669593735806064,813.3429404180364,25.68214001111293,0.0,,,http://gauss:8090/api/v1/scanner/tracking/scan-fw-b9c1f4be7b8da272/tle-review-05.png?sha256=sha256:7a4819e62261df8d6451463226200bc9b8fc0b70555c5eb0635611d6a35bd67c
scan-fw-b9c1f4be7b8da272,15.0,sha256:e9a1832c35dbf5dde0233173c05367dfdb01033ff73d2aa082b61abebdf083e0,2,lower,264.675089014,31.848167748000037,30,68848,63796,1358.9668041940104,941.5388199826193,1346.1939068005252,1.4297805658457883,5.0,68848,False,http://gauss:8090/api/v1/scanner/tracking/scan-fw-b9c1f4be7b8da272/tle-review-06.png?sha256=sha256:60f18b058d735f11bf0f3a733c6f72a696369636bad4010608528d106b86187b
scan-fw-b9c1f4be7b8da272,15.0,sha256:a2eed8f6c363f174361237ec3a50f2ac4e1901c8b945281a0d558a5d029ddd96,2,upper,265.376461518,31.568128605000027,33,68848,58354,642.8442011051987,923.6368171205429,2385.1814218354057,2.582380192759378,5.0,,,http://gauss:8090/api/v1/scanner/tracking/scan-fw-b9c1f4be7b8da272/tle-review-07.png?sha256=sha256:bb38dad0326f393720005051eaeafeff3e41607f63122df3f2d181e5775b1002
scan-fw-b9c1f4be7b8da272,15.0,sha256:2e97ebb5ceb92a2cabf916fffd943aa2de1e1eb279febbd770ad17ec33db00cd,1,upper,271.972464708,26.796101012999998,27,63796,59502,62.59420093345117,39.343865294638434,199.7278968593598,5.0764686022493475,-2.0,,,http://gauss:8090/api/v1/scanner/tracking/scan-fw-b9c1f4be7b8da272/tle-review-08.png?sha256=sha256:c7c15c8ca3e3a3c77f899ef5ff13692142a6cb277fca7f3c7f9da5b781325f8c
scan-fw-b9c1f4be7b8da272,15.0,sha256:1aa68e5cc39c6a516bd2ee9702db0656a3e05f221e6c5889669ad980cfc9b4fe,3,lower,281.37254975,17.114706669999975,15,63796,59502,22.82815098911501,29.716515877140587,168.37595460911618,5.6660732134697955,-2.0,,,http://gauss:8090/api/v1/scanner/tracking/scan-fw-b9c1f4be7b8da272/tle-review-09.png?sha256=sha256:5e9bc7a0251ab4f59be3887a8507ad0788f59364b892ef148cacb0302c0e55d0
scan-fw-e07879366dab5aa9,10.0,sha256:70a219a8ed234874603c95b385c08f142bbc1700cf3d995c59345695a7fca3d6,1,lower,1.449303462,38.021972786999996,47,63791,68820,91.72323167849825,141.36428724261182,2531.058737761214,17.904513135042144,-2.0,,,http://gauss:8090/api/v1/scanner/tracking/scan-fw-e07879366dab5aa9/tle-review-01.png?sha256=sha256:202232b617b02a00f6744a6d65e403e92e9ead3bf2ee01e17bd9d72ce4ada6b5
scan-fw-e07879366dab5aa9,10.0,sha256:496b25e3b8ba3a8fab1888d3f810161839e83f565815d05b8d66b4d78617d66f,4,lower,28.387268188,25.536111527000003,21,63441,68844,46.6649980575349,53.23367248532806,1870.151016893939,35.13097875051508,-2.0,,,http://gauss:8090/api/v1/scanner/tracking/scan-fw-e07879366dab5aa9/tle-review-02.png?sha256=sha256:a51aa865de6701554f6e516cc342c60b50bed5373c5e933b18cad6b042f85cc4
scan-fw-e07879366dab5aa9,10.0,sha256:eb8a87f43211278a720328e0750daab99e2591e09826551eaed9911a57019a07,4,lower,28.668509553,45.468035937,42,66855,59400,95.19640585721478,57.411175170375685,457.2551009930623,7.964566125603489,0.0,66855,False,http://gauss:8090/api/v1/scanner/tracking/scan-fw-e07879366dab5aa9/tle-review-03.png?sha256=sha256:014c7316d90931ebd5e253af776c66b6470d4132e899012204ef1169d8c8fb84
scan-fw-e07879366dab5aa9,10.0,sha256:b8f0abd6bfddce01a64e4bade2af95b28477d088717a98964cda9a4a6c7a81b1,1,lower,132.785706062,22.593665079000004,30,65404,66179,63.745899813992786,51.24038658251964,223.96488652796046,4.370866448622087,0.0,65404,True,http://gauss:8090/api/v1/scanner/tracking/scan-fw-e07879366dab5aa9/tle-review-04.png?sha256=sha256:c0910ddead85906192d18c46cc1e3fddfa7b3304e77c679267f71fd9afd4bd74
scan-fw-e07879366dab5aa9,10.0,sha256:e35441d269c7e2cbed6229925be1cd451b376715c1892351f4c9c61f802e2cb5,4,lower,136.153501339,18.383196086999988,22,65404,66179,43.62324008224842,47.022756517996726,112.27112897808279,2.387591398116228,0.0,,,http://gauss:8090/api/v1/scanner/tracking/scan-fw-e07879366dab5aa9/tle-review-05.png?sha256=sha256:b32e645ee70ff4f0802ec9318ad30304f8c2b184e4e1404e451de47afb5a75f7
scan-fw-e07879366dab5aa9,10.0,sha256:4cda61dff39b0e5c261eedc27defafa92c1aca0c8898b3c162c572b8d81ed55a,4,lower,183.719891851,44.894169742,51,66577,66193,153.628042033763,172.69568937210104,563.3481531864545,3.262085783581019,1.0,66577,True,http://gauss:8090/api/v1/scanner/tracking/scan-fw-e07879366dab5aa9/tle-review-06.png?sha256=sha256:400b5976cd7c2323ba95bf3af99a0349f8a80bcf6acd99abe24b02c14ccc9eb0
scan-fw-e07879366dab5aa9,10.0,sha256:57ae1e19e0cc26b0e869211672f5f11f9b9e5a3770ff534e41f9a7661f5f6e19,2,lower,188.209839161,17.394978366000004,45,66577,66193,23.887072337309085,48.7063363746465,119.25128034488245,2.4483730294885673,-1.0,,,http://gauss:8090/api/v1/scanner/tracking/scan-fw-e07879366dab5aa9/tle-review-07.png?sha256=sha256:8fa871815c95a13a5cb177f8c272a8c48575131763dd2d13269549b0437b4be2
scan-fw-e07879366dab5aa9,10.0,sha256:5e37201143d4b4d907e690f8f5be9a6f92b76914b1fba4b06ea4249f4894a9f3,2,lower,201.957731584,20.064007912000022,14,66193,66577,60.19797436769919,57.17048633263553,151.9717451329774,2.6582202615657122,0.0,,,http://gauss:8090/api/v1/scanner/tracking/scan-fw-e07879366dab5aa9/tle-review-08.png?sha256=sha256:13e0754ebc7bccbd82b18a253824126e18008274bd0710c011b43e5ff271d38a
scan-fw-e07879366dab5aa9,10.0,sha256:ed5e60cc03f55be21922492d83b079f5671c99ecbedbede1dd18be1e1e738abe,1,lower,205.88588846,7.716244874000012,14,66577,66193,17.012439572389674,10.396012270106668,32.35097987025898,3.1118643408379745,1.0,,,http://gauss:8090/api/v1/scanner/tracking/scan-fw-e07879366dab5aa9/tle-review-09.png?sha256=sha256:c20e391f64bc776eface5024f18f5c8fb51ca8724c9ab4ee27b5c11df0ea7648
scan-fw-e07879366dab5aa9,10.0,sha256:2179610ed81a6f68e8b7d5db104ffa1ffbea3941c773e61b9738cae5749112df,1,lower,221.880875859,12.90671636099998,18,63503,52574,32.57314508453858,26.34290944716485,77.59746589859644,2.9456680194809635,0.0,,,http://gauss:8090/api/v1/scanner/tracking/scan-fw-e07879366dab5aa9/tle-review-10.png?sha256=sha256:6d7beab078a84c747ef2a828d28115b69275df3c995339edf17224f7d004d024
scan-fw-e07879366dab5aa9,10.0,sha256:20adb70f5588d1712e021b143fc2375fc282547f4edb8d30e097782f616df26b,2,lower,235.770222514,14.450667144999983,32,68822,60065,59.69490891656185,139.86013306556043,688.1798716860543,4.92048632159863,-1.0,,,http://gauss:8090/api/v1/scanner/tracking/scan-fw-e07879366dab5aa9/tle-review-11.png?sha256=sha256:cde391ba4d9b08147630d5fb50123603b3c54dcb49973cb28ff92f0ced6b2144
scan-fw-e07879366dab5aa9,10.0,sha256:3b1eba4a20d6210e785e1ca3e881909e00d1af00e67aae2a7dca79ea076151bc,4,lower,237.734095101,20.906347798999974,30,58477,66632,21.290345817161857,118.21461464945163,251.27493490947637,2.125582658748209,0.0,,,http://gauss:8090/api/v1/scanner/tracking/scan-fw-e07879366dab5aa9/tle-review-12.png?sha256=sha256:9d8a9b212c1db4ac5a5c0cbb09211c132a5108726760217e5a5d8c14b21166cd
scan-fw-e07879366dab5aa9,10.0,sha256:888b0adee800d6ec875198d14afe7de73556f26088599333a962d02a3e6f2572,2,lower,249.519285895,15.576302247000001,24,68842,60065,127.33956044502594,43.08989775589116,708.5803188097292,16.444233003844936,0.0,,,http://gauss:8090/api/v1/scanner/tracking/scan-fw-e07879366dab5aa9/tle-review-13.png?sha256=sha256:67ae5b98c36d992e7dd7e91812573bf0f2d4b469a51f43fb5b2a52c4a1e890f5
scan-fw-e07879366dab5aa9,10.0,sha256:3c81e645e95580c5b958841d58b5979d019bb1df4d646f88d2bb08def4343bf4,2,lower,263.131137585,36.477763279000044,73,66606,69976,53.50649010919615,47.81094221812725,778.408515129706,16.280969983364535,-1.0,69976,False,http://gauss:8090/api/v1/scanner/tracking/scan-fw-e07879366dab5aa9/tle-review-14.png?sha256=sha256:d0991f2a005888ccd0025d0d092827b5a9b370ae0798cad4bc3f8d0785ca878e
scan-fw-e07879366dab5aa9,10.0,sha256:9ae8bb47a22fe85972e420468fb9b9f072e82719cccafb8ff37f5c5aa2d66ec9,3,lower,264.394160271,35.496058307,61,66606,59541,45.74404233965111,45.84931182302446,1104.9774075048529,24.100196133150224,-1.0,,,http://gauss:8090/api/v1/scanner/tracking/scan-fw-e07879366dab5aa9/tle-review-15.png?sha256=sha256:8533badb98a9ac84721f9068add2dd609c4f045c9a9bf0c39187085622bfd38d
scan-fw-31b23a81448b7528,15.0,sha256:7dc9820662958fc1b25c05f3704d55b0a3caf6e717262953703737a5010d1abf,2,upper,28.805115263,12.346766108,19,66637,59401,38.693859383969205,111.16967609569312,613.3745666222827,5.517462928418532,-3.0,,,http://gauss:8090/api/v1/scanner/tracking/scan-fw-31b23a81448b7528/tle-review-01.png?sha256=sha256:8fd0d330942bd5a42b899787f151c468631c1fcf6f5657160ae80943bc96db5f
scan-fw-31b23a81448b7528,15.0,sha256:9dd775e603f014a4aaa47d80ad863c278e358f6b23ef213d45ddaeeb2d9a95ce,3,upper,100.920294591,14.597494369000003,18,58361,64845,134.3627193513225,39.65079166459001,154.58680718514518,3.898706701566273,0.0,,,http://gauss:8090/api/v1/scanner/tracking/scan-fw-31b23a81448b7528/tle-review-02.png?sha256=sha256:0004842ef20dcb143af6ba9b6d8a753cbafac9de3b24e703397c5aa312f2a6ee
scan-fw-31b23a81448b7528,15.0,sha256:d37350b39868f2664b0b484fa8db781b5c4e5588d3aae9fa781d3b34552c1916,3,upper,122.813199764,27.500063800999996,53,66184,68840,84.55645096113801,94.49809025249772,1115.1208053635987,11.80045863767204,-2.0,66184,False,http://gauss:8090/api/v1/scanner/tracking/scan-fw-31b23a81448b7528/tle-review-03.png?sha256=sha256:f7ed454a6d49b23281fefc53eef004be73bba3e9ca220a44933c079dd59aa31d
scan-fw-31b23a81448b7528,15.0,sha256:5d875d75f1ded6bf82f428e9d934ef9627472f9bba4687e017d7f093535570c6,4,upper,124.497078252,16.135965118,18,68840,66184,28.88099661886051,68.05215947717551,506.0313631481718,7.435933951778463,-2.0,,,http://gauss:8090/api/v1/scanner/tracking/scan-fw-31b23a81448b7528/tle-review-04.png?sha256=sha256:91ebff5fb5735e54e71172df2b1e019050e1e5fb22bf940a9984147448ab3746
scan-fw-31b23a81448b7528,15.0,sha256:859bf436ede70e6fdb541b0a2ebdeff663a499c156929bd7d85405334b261b44,1,upper,160.696720433,36.060523544999995,55,66576,59153,96.03987706008499,102.18544523552502,631.8610989209355,6.183474539496037,1.0,66576,True,http://gauss:8090/api/v1/scanner/tracking/scan-fw-31b23a81448b7528/tle-review-05.png?sha256=sha256:45ffa49d855f2699b1a92d8fb4cdb7d4fe6b2c772c65f2d411c42524afff4d91
scan-fw-31b23a81448b7528,15.0,sha256:95dcf7dd3028f5929388379cadcbdff552e41c64160b802bed143e3a5006a2ff,4,upper,160.837082548,24.554898030999993,53,66071,66201,51.41660908878428,23.339760236159496,595.6287965897419,25.519919252081884,-2.0,66071,False,http://gauss:8090/api/v1/scanner/tracking/scan-fw-31b23a81448b7528/tle-review-06.png?sha256=sha256:0c92596f33cb890029a10ccfdb1fc24bfcf3fab6d7760a7511e01f2e2036f5e6
scan-fw-31b23a81448b7528,15.0,sha256:87359360c8b7efafbf6657596adf227d38cea10d482b0bfce8b0ea18d290889c,3,upper,161.117168412,24.976094523,22,66576,59153,78.04463346816314,151.22891870695048,187.58330490429782,1.2403930842605204,1.0,,,http://gauss:8090/api/v1/scanner/tracking/scan-fw-31b23a81448b7528/tle-review-07.png?sha256=sha256:2cd3aba7e29135d1602d1b2c5bbf65cd4a213d459933e694ee70f089a25baf20
scan-fw-31b23a81448b7528,15.0,sha256:cc3c34a772826495ccea792fd8a198e46bce7be81550e3e1c8b916a6952ca5f1,2,upper,166.309178487,23.430762689999995,28,66576,59153,46.73710253819097,30.10521296297682,356.21135807416294,11.83221518851998,1.0,,,http://gauss:8090/api/v1/scanner/tracking/scan-fw-31b23a81448b7528/tle-review-08.png?sha256=sha256:3dcd1eb39edfae3192b8a1cc6a131aa9faca648d349a6a94ec204f9de27b5e6a
scan-fw-31b23a81448b7528,15.0,sha256:2334d4ecc423df94e5f3f25781cb99404c66c302d812bac979daf8a93c71bd2c,4,upper,225.662675708,23.15689164700001,22,69683,66628,47.12135239486664,48.757755172818136,1645.7267553652634,33.753128082540115,-2.0,69683,False,http://gauss:8090/api/v1/scanner/tracking/scan-fw-31b23a81448b7528/tle-review-09.png?sha256=sha256:23c6c76af2b1e5104bf43ee0eda9743c423b0f9ac64dc04faf1eb0f36b20b3ab
scan-fw-31b23a81448b7528,15.0,sha256:71c1fe83f0df91fbcf81aaee0fe3ce6ce7442f529324dcff2e5d43919c3a92e4,2,upper,257.235996661,21.469368770000017,16,66611,53623,17.995353799287095,43.10419206398027,2092.0376901306354,48.53443690640086,-1.0,,,http://gauss:8090/api/v1/scanner/tracking/scan-fw-31b23a81448b7528/tle-review-10.png?sha256=sha256:a5e7255fbd4d8f72afffcdf174ac1c7fce39155902b9edce68e7f81c928dfd32
scan-fw-dcbd47f699e46b9a,20.0,sha256:5327f564f39cf17073bc1cbf677b5272c6a8f3a92c51657f514d87861b41c164,3,lower,0.291842098,23.874087841,41,66599,63443,27.484899947155807,32.714559878864364,1249.2237047119936,38.185557419620665,-1.0,,,http://gauss:8090/api/v1/scanner/tracking/scan-fw-dcbd47f699e46b9a/tle-review-01.png?sha256=sha256:f5a44341905c63f954e8032ec7ddc5124146800c838c810f49fada1007349691
scan-fw-dcbd47f699e46b9a,20.0,sha256:1bfad3a5e047c512fa96e9fe68458f521cd6d1f77c509333a05cd4b3357503ea,1,lower,0.712535075,28.786730663999997,76,66599,63443,55.5017332109054,59.677170950851725,1365.0898208522874,22.874573293303953,-1.0,66599,False,http://gauss:8090/api/v1/scanner/tracking/scan-fw-dcbd47f699e46b9a/tle-review-02.png?sha256=sha256:b68c96819166bfcbbb1c849dc5ae3c216dd1131669f730413355dedbbcd5cf38
scan-fw-dcbd47f699e46b9a,20.0,sha256:60c60a2dcbf31e3fcea007013ab4c0340af2c60bf8f2930c9783ff9ab299cab6,2,lower,11.535102023,17.684177569,21,66599,63443,58.56651354462659,68.44904556984612,437.82469926262917,6.396359446909575,-2.0,,,http://gauss:8090/api/v1/scanner/tracking/scan-fw-dcbd47f699e46b9a/tle-review-03.png?sha256=sha256:ceb8518cdc3da14ef8aaff7a31d34594d45f464ca63f7b8bdcb13d47bc5ab998
scan-fw-dcbd47f699e46b9a,20.0,sha256:3892390640de274924fde36c958f3e1fdb544a2294e3531ac4e604dd65916671,3,lower,56.170664687,23.723005948999997,58,66491,58488,107.99101020822751,108.14628090511904,661.232279097971,6.114239653586385,0.0,66491,False,http://gauss:8090/api/v1/scanner/tracking/scan-fw-dcbd47f699e46b9a/tle-review-04.png?sha256=sha256:d5f8a9a21a668d8665b00e40c1c373d2557578093823798f37d9a87daad3b4ed
scan-fw-dcbd47f699e46b9a,20.0,sha256:fcf87113bf5ccc33d94d9e0ac6cbe0d1a99f2c91a1de0c12e593dce635799110,1,lower,98.72414195,13.47905133799999,15,69680,62590,27.281196751971788,187.29513510364774,599.6171165534107,3.201455906591418,0.0,,,http://gauss:8090/api/v1/scanner/tracking/scan-fw-dcbd47f699e46b9a/tle-review-05.png?sha256=sha256:85291dd780b6ba59a615b79a6d93804ae9286790a8c052e654b0de3db2b98178
scan-fw-dcbd47f699e46b9a,20.0,sha256:2d120c719d016a238b6f8cd59d6f3182aeb39b9b011bdb14baa5048de3527b46,2,lower,141.960596186,33.602441123999995,54,69044,59492,81.34668113512224,150.59303883849245,152.55732571882905,1.01304367649054,1.0,,,http://gauss:8090/api/v1/scanner/tracking/scan-fw-dcbd47f699e46b9a/tle-review-06.png?sha256=sha256:e5b60595bb12a1e7cd4b298abcea5eef2b66eec6a246d6b0d093afa0a22a48b7
scan-fw-dcbd47f699e46b9a,20.0,sha256:53f6ca353ec8a78582f7e098271573d652226b313954f248ebd2393c154d72eb,2,lower,172.756208889,45.795258270999994,86,58363,63455,95.05882002436975,83.99198498914653,214.2876464376901,2.5512868455886646,0.0,58363,False,http://gauss:8090/api/v1/scanner/tracking/scan-fw-dcbd47f699e46b9a/tle-review-07.png?sha256=sha256:3de050e15b0f4da479dea620c6a34c3fe9b4d864569059275895c0280375d481
scan-fw-dcbd47f699e46b9a,20.0,sha256:636a4b8b0642d845e2d56caf9ce4275e7d9c3d37c0e0657d7e4558c7f4266262,1,lower,176.124699765,27.404125988000004,39,58363,63455,55.140469017323646,72.7302893960871,101.84379815426838,1.4002941415457586,0.0,,,http://gauss:8090/api/v1/scanner/tracking/scan-fw-dcbd47f699e46b9a/tle-review-08.png?sha256=sha256:c52741670ee481b8aab86bdec55176705cc8ba34f65936aa6dad0db6f90e607d
scan-fw-dcbd47f699e46b9a,20.0,sha256:bd74480f1560eabfd9bdc8946c7c2b7529559d4a19fb59718b94bc4c0d3c17df,3,lower,192.152689818,20.083952549999992,23,69229,59722,35.25212361964743,13.459852199670928,209.22643879393877,15.544482635481987,0.0,,,http://gauss:8090/api/v1/scanner/tracking/scan-fw-dcbd47f699e46b9a/tle-review-09.png?sha256=sha256:e8c679d1bf9ab0657aa493df95feec8a16a3b413da6edd89161b84f60dc36a02
scan-fw-dcbd47f699e46b9a,20.0,sha256:b676e6f9db015047918a9cd83f3a49cf5a0971393a262ac8a5a7b32e40f12d83,3,lower,192.152866093,13.629307211999986,14,62556,64860,449.40102499952803,1014.4283807508959,452.82554303509534,0.4463849312850521,1.0,,,http://gauss:8090/api/v1/scanner/tracking/scan-fw-dcbd47f699e46b9a/tle-review-10.png?sha256=sha256:8fb05ed2c804e4322dab25bfd13224c7d2231e59f9c19236239f9aee4920e421
scan-fw-dcbd47f699e46b9a,20.0,sha256:470ad6622afcd31e836e36360762c7d3105bfb94759e87e4329a185236a1f7ee,2,lower,193.135516106,25.416032145999992,39,66642,69229,53.19363394024459,67.28245839679234,762.1400485284884,11.327470290009842,-2.0,,,http://gauss:8090/api/v1/scanner/tracking/scan-fw-dcbd47f699e46b9a/tle-review-11.png?sha256=sha256:afa3c72504b031c683eaf16e7463425a2bf67e44085d0634be969e082e340718
scan-fw-dcbd47f699e46b9a,20.0,sha256:5151f13582ecdf6f9b134474983a2a76e78399af58c87632a7688e284282787c,1,lower,195.241818962,25.414988565000016,29,59722,69229,60.5708831958079,33.73294235448435,280.627915658364,8.319105778244044,0.0,,,http://gauss:8090/api/v1/scanner/tracking/scan-fw-dcbd47f699e46b9a/tle-review-12.png?sha256=sha256:07c4b9ae6bc512f963741b8accb744985323af4d65db14b4e0e84e5c21784c22
scan-fw-dcbd47f699e46b9a,20.0,sha256:32612638be859f916e0cee51ba1f59116187b78b8b4d315dcf95c45ab8508d7e,1,lower,222.20201798,15.441451795999996,17,66589,66860,75.44868944513956,92.63049870550148,699.5029552286765,7.5515404213961315,0.0,,,http://gauss:8090/api/v1/scanner/tracking/scan-fw-dcbd47f699e46b9a/tle-review-13.png?sha256=sha256:a940e096db0dbdae6b814f77096d49229929971b47f5cd5e47d03ef22dc6d5a3
scan-fw-dcbd47f699e46b9a,20.0,sha256:010599d2e23f98e05eec13ceea875d79cc09bdcefdb0cfa4b4ac9242b11f1994,1,lower,242.188824373,14.604023275000031,33,66589,61518,77.76938677855274,97.62704110240021,168.1650384872899,1.7225251998665303,-3.0,,,http://gauss:8090/api/v1/scanner/tracking/scan-fw-dcbd47f699e46b9a/tle-review-14.png?sha256=sha256:b73314b0f4a68f92a7ee59295cadcbf7659a13bf474603003026a89b0a71f685
scan-fw-dcbd47f699e46b9a,20.0,sha256:78c210efe12ef3ad3c4c96554e085f47e03d2b9eff3501ccbb269e5d77544082,4,lower,255.951337238,23.86147211499997,31,66574,59703,110.12007019329761,33.92941918913755,278.88432979093346,8.219543288858238,0.0,66574,True,http://gauss:8090/api/v1/scanner/tracking/scan-fw-dcbd47f699e46b9a/tle-review-15.png?sha256=sha256:63545a3f3391972a42a5dc2abee772c8b4576135f186afac036cbcb7aa6f82be
scan-fw-f94fe74916477d90,10.0,sha256:8311adf36d0754d9d0819d64e1319f7d428de1756844123a29611a203a813193,4,upper,6.502674395,29.328103039,52,59689,48596,75.55801521018192,81.08945127867594,1259.6885885501658,15.53455558875419,0.0,48596,False,http://gauss:8090/api/v1/scanner/tracking/scan-fw-f94fe74916477d90/tle-review-01.png?sha256=sha256:adfd4f665ec2ce395fb1cc85d3a0e471c28c86a3d4de8e6bb9aeaf9195d0c21b
scan-fw-f94fe74916477d90,10.0,sha256:0710011a81be97a766dc4bab9a895f11e700c71d3ba061bcf49343161334d0f7,2,upper,20.95453909,13.472937337000001,20,66498,69225,81.3385502286273,107.19266854330836,115.5534551116773,1.0779977463196653,0.0,,,http://gauss:8090/api/v1/scanner/tracking/scan-fw-f94fe74916477d90/tle-review-02.png?sha256=sha256:90a470d9eb878bc476dc0c8bab2ddfc6b8d7e2790468ab9746e482fe67281e81
scan-fw-f94fe74916477d90,10.0,sha256:3bbea7afd3285c3a3209fda576f084e4a6e982745d90d76addf637477b6b7d80,3,upper,21.517427636,12.489351436,14,59689,48596,51.7032567684789,58.653015324354946,166.48850797154623,2.838532802633489,0.0,,,http://gauss:8090/api/v1/scanner/tracking/scan-fw-f94fe74916477d90/tle-review-03.png?sha256=sha256:a7dde8bf50f4c061ef65e70641be582fae65059f66d3411d6b7a1c7b8c49caee
scan-fw-f94fe74916477d90,10.0,sha256:3ffc2b39b8bb74d1ab6f5d14815a681c3f74b94589e0eec78b843257fa97e5c6,3,upper,30.918647393,26.09749215,31,66498,69225,99.09270735692671,83.14059903138732,990.0957209905847,11.908691211339514,1.0,,,http://gauss:8090/api/v1/scanner/tracking/scan-fw-f94fe74916477d90/tle-review-04.png?sha256=sha256:dcd9888cd8046a82ac393306656711751c01818da93f7878583c494a7c4d7b9f
scan-fw-f94fe74916477d90,10.0,sha256:356e452b13d0d7d18a2f340bd9223cecec9c8a34e958a3575fc2e2ac3c4a859e,2,upper,35.690689682,43.77602314400001,74,66498,61516,139.70955107818628,115.49224224627032,1435.3598926154818,12.428193138330336,1.0,66498,False,http://gauss:8090/api/v1/scanner/tracking/scan-fw-f94fe74916477d90/tle-review-05.png?sha256=sha256:1ee1beec0c571a4f07f9bd92680282f514876a73330196ec5dcbfdcd03293b07
scan-fw-f94fe74916477d90,10.0,sha256:7c79f508781643a8827f812b3f04a11757fb2833ee94945acd3f10ec15b2113a,4,upper,37.794649744,36.340128058000005,42,61516,66498,149.92685590613445,159.9412495093241,1534.95828382275,9.597013206610383,-3.0,,,http://gauss:8090/api/v1/scanner/tracking/scan-fw-f94fe74916477d90/tle-review-06.png?sha256=sha256:9e3200b9e1c9e4ea4d1ebd81593c5b4fb9781ca922d1922eaaa414a0439096a0
scan-fw-f94fe74916477d90,10.0,sha256:cfe7b4dfc671777286265055bf1433856e3b2d5107c2cbba283e9f7b5cad3163,3,upper,43.548143161,14.871777934,27,61516,62562,70.80232436083645,61.32457642740978,417.7325944681253,6.811830081901952,-2.0,,,http://gauss:8090/api/v1/scanner/tracking/scan-fw-f94fe74916477d90/tle-review-07.png?sha256=sha256:9ca7886c873d4d5a8c08cc19ce05452173a274c685e8d2fb433ecfadfa1c65c2
scan-fw-f94fe74916477d90,10.0,sha256:0666ce8a8c2fb3a184b4be4a4e64a4da13e82d1b9df411877bed939dcc62b3cd,3,upper,118.192180461,40.40807770799999,58,69165,44748,109.79853164682136,159.52721983577015,1795.0657050377654,11.252410133428935,1.0,69165,False,http://gauss:8090/api/v1/scanner/tracking/scan-fw-f94fe74916477d90/tle-review-08.png?sha256=sha256:368e5ae71b535a864b4a482e8d296f9195afe6992bcb077f88c8555d90b480ec
scan-fw-f94fe74916477d90,10.0,sha256:bfc917072ff364aa5bb0afd64c4c841a54fb1cf5c506308b233221c0c42f3c7e,2,upper,133.904325095,26.519958403000004,41,69165,44748,79.68834509099213,42.04622925279237,968.6428387298093,23.037567362012133,0.0,,,http://gauss:8090/api/v1/scanner/tracking/scan-fw-f94fe74916477d90/tle-review-09.png?sha256=sha256:490b40e3c92863140cf5105f748e7862fe817fe9b6fd8437daf2e775c7f3f1da
scan-fw-f94fe74916477d90,10.0,sha256:0fe7e793c9fa5a3e33041f11fb370395da6d5e35475c8df5ee5cfd2b9e1ca574,1,upper,145.550040846,10.382710986000006,18,68145,62560,139.64701617953403,56.86774240593497,204.37930245082703,3.593940849487584,0.0,,,http://gauss:8090/api/v1/scanner/tracking/scan-fw-f94fe74916477d90/tle-review-10.png?sha256=sha256:527d1fcb4dac411b46f636e679d7d9c460ff6e8e299b16ade523f3c5f83c2271
scan-fw-f94fe74916477d90,10.0,sha256:f3a818e60e8bdd9025e8ec12c424e522c82d1979806e034930f5551854156692,1,upper,162.248261575,30.86928618500002,66,64413,66627,116.03312373084006,82.25255298088993,199.75365084415802,2.4285404355846265,-2.0,66627,False,http://gauss:8090/api/v1/scanner/tracking/scan-fw-f94fe74916477d90/tle-review-11.png?sha256=sha256:0f26929ce7c603c9b5e118eeef59e86c64f662949b4a2b32363a5ffac798bcab
scan-fw-f94fe74916477d90,10.0,sha256:ebb534c0b30e5160c0eb1f37c1cfb4ab9844c3a6bea88723fa0403fe76fef486,4,upper,261.308434378,11.502208881000001,20,69043,69496,74.98760409876657,45.574120042140564,574.9671163673568,12.6160881622225,-3.0,,,http://gauss:8090/api/v1/scanner/tracking/scan-fw-f94fe74916477d90/tle-review-12.png?sha256=sha256:1ee23bda9337ea9f97bc02ee903b5ef96435e030aeaa76bdb3605137802a974b
scan-fw-f94fe74916477d90,10.0,sha256:31a185ab80096b7565d86396f3fe28df66c1e2c83a449849d42b2d1cdd70f041,4,upper,266.919074022,22.728060520999975,37,69496,69043,82.99889143047533,125.26045880049523,1529.1324568260875,12.2076229918778,-1.0,,,http://gauss:8090/api/v1/scanner/tracking/scan-fw-f94fe74916477d90/tle-review-13.png?sha256=sha256:a2ae5925a37f648f93122c9d0135e5b9e408206203464ed0776e61130ce3b412
scan-fw-f94fe74916477d90,10.0,sha256:2a3c1237d6ae90f3b2c194d796be8ee669f49fb9c063641b5970d8aa22fccc53,1,upper,267.199055517,11.082654923999996,17,69496,69043,117.46689489237204,121.85269456666097,376.84060205446764,3.09259145556533,-1.0,,,http://gauss:8090/api/v1/scanner/tracking/scan-fw-f94fe74916477d90/tle-review-14.png?sha256=sha256:4d1904a8a5f9f77990cfbfccaafa478854a4585279114eed5d65cd774f36d7bf
scan-fw-f94fe74916477d90,10.0,sha256:9987d83dd228ca0973c30720080ece6a1dd8f35e88a1b2e89067df42172ab01e,2,upper,288.384325666,11.225040921000016,14,64855,69496,28.4299747429296,89.71349712707558,393.58257701362606,4.387105503825495,-4.0,,,http://gauss:8090/api/v1/scanner/tracking/scan-fw-f94fe74916477d90/tle-review-15.png?sha256=sha256:6e7a5dd7089622f60a466b2417b4938ca2ea665fa6560e48d46b9e8bd807588f
scan-fw-237429fd9b922bb3,15.0,sha256:457db1c5144aa9d58c0c12df1210d289836441591774b5f8397aef848b96e2b0,4,lower,12.246669227,11.647734058,14,69300,68143,28.63044633802789,44.40142078517396,1257.9864534875744,28.33212161327116,-2.0,,,http://gauss:8090/api/v1/scanner/tracking/scan-fw-237429fd9b922bb3/tle-review-01.png?sha256=sha256:901c2c0f36634811fd58d6d1120dd4cf1cf76a716777ea64c7f12f7511eca460
scan-fw-237429fd9b922bb3,15.0,sha256:fb6823b00ebed95870201dd73e65fd01acaab648bc75decdefffa1588415d85f,2,lower,15.614698343,22.169479261,39,66493,53708,152.26629676819567,127.5858317957858,151.4190388662631,1.1868013613660864,0.0,66493,False,http://gauss:8090/api/v1/scanner/tracking/scan-fw-237429fd9b922bb3/tle-review-02.png?sha256=sha256:b1c361d251c2cf9868d4b69516e5f160a91712b84c4dd364dd8a330b3e939bea
scan-fw-237429fd9b922bb3,15.0,sha256:b007622461a6f81b7428983a8b00185b18bf74eb3f9d51fd6270eaa8ceed42b8,2,lower,59.10956643,11.502733233,17,58627,53708,33.639680625191325,36.01711370188709,206.16952221250796,5.724209994142475,0.0,,,http://gauss:8090/api/v1/scanner/tracking/scan-fw-237429fd9b922bb3/tle-review-03.png?sha256=sha256:570aa632c74ed3536afbaaa86bd2c136d4a4d5fc6f39249d7174724c2c0a6176
scan-fw-237429fd9b922bb3,15.0,sha256:20fe0bd6ad184250d608f35ac2a521d6a748285e222e24a8912ab80a566f9527,1,lower,92.641661948,30.729967593999987,49,69162,69027,68.49734522302766,84.24086727773957,1382.7612196466225,16.41437540152217,-1.0,69162,False,http://gauss:8090/api/v1/scanner/tracking/scan-fw-237429fd9b922bb3/tle-review-04.png?sha256=sha256:f82197622450fb0291f91b928aae261a045ee8f2cbb1812afc6d344cf9f06397
scan-fw-237429fd9b922bb3,15.0,sha256:28570c15005e390713ea4e436d260753fcc83e171031a8b03b7ca1b710f3a5ad,4,lower,100.357732511,21.050391637000004,37,69162,69027,54.38167419439096,55.88375000628865,680.2599727988124,12.172768876860664,-1.0,,,http://gauss:8090/api/v1/scanner/tracking/scan-fw-237429fd9b922bb3/tle-review-05.png?sha256=sha256:79b1175cea6a838b4157bed6a97550a79b7a5aed360350dba62e13e6300fc16e
scan-fw-237429fd9b922bb3,15.0,sha256:d4af30ae58331f8ade7ddd5f2d92b1ca3e002c4048087d76ce35b82edd81f186,3,lower,149.75061885,11.929697290999997,15,69495,59389,24.863953256209996,52.488651282709455,230.82078265151506,4.397536934380153,0.0,,,http://gauss:8090/api/v1/scanner/tracking/scan-fw-237429fd9b922bb3/tle-review-06.png?sha256=sha256:e2ee0e445af04c317a7d1adb10116b7bc7406bfb66c74ea199ddcea3ebc0f30e
scan-fw-237429fd9b922bb3,15.0,sha256:4315f76c2e48d1423dccc010a5dab1365e953597391c1f9afa28b3e5cd7b2f85,4,lower,151.013694187,16.698640108000006,26,69495,59389,51.00768924916925,52.917054676583724,367.1314117150839,6.937865570162636,-1.0,69495,False,http://gauss:8090/api/v1/scanner/tracking/scan-fw-237429fd9b922bb3/tle-review-07.png?sha256=sha256:a188ca0fbb209054f20723cae4fcee59598a2f69208a146d06edaf23d7ee303e
scan-fw-237429fd9b922bb3,15.0,sha256:1ea072186f7d42b8a7be41770be21099205386d16a561443ba50d7444a71c3b0,4,lower,208.126959791,14.450671752000005,15,63501,69557,126.68613963852685,83.82495648829632,97.98188906095875,1.1688868466593123,-2.0,,,http://gauss:8090/api/v1/scanner/tracking/scan-fw-237429fd9b922bb3/tle-review-08.png?sha256=sha256:b194a399e8c0ea3a913f79af0baf851363f2108b2cbd92cbb771ac446afb11da
scan-fw-237429fd9b922bb3,15.0,sha256:c76399c4c62525373201e5e7169b70272d71d677f6e52d9de928853b3cbe6175,2,lower,284.032589251,14.594726428000001,19,69161,61510,14.611426713360315,26.031017826973642,251.0496664713635,9.644250875631261,0.0,69161,False,http://gauss:8090/api/v1/scanner/tracking/scan-fw-237429fd9b922bb3/tle-review-09.png?sha256=sha256:350d74fda35313f8ff829955d62a92e62296b5a5247c2d4fd58db8d03f4b2a64
scan-fw-5b85fe8e43a3fc5e,10.0,sha256:a9cc76392f70afd5e03ace9e821fa07ae68b3abf236bb92dca0ad5a3ed63415c,2,lower,0.201973253,14.031942716,14,57529,69319,132.31440764054503,171.2120983776452,79.90399717151327,0.4666959749261865,-1.0,,,http://gauss:8090/api/v1/scanner/tracking/scan-fw-5b85fe8e43a3fc5e/tle-review-01.png?sha256=sha256:4b9c22f73bc2543770fb230e2890e7231fc3ba841254d5cc5345b307a05e6d93
scan-fw-5b85fe8e43a3fc5e,10.0,sha256:7a3c3cdb9f4c3efe1232dd4265721772953576afc041d5f474db94b8fa354651,1,lower,19.144556559,21.182793851999996,25,58746,69429,61.51717521330836,31.512690115430072,268.8669180156195,8.532020498115767,0.0,,,http://gauss:8090/api/v1/scanner/tracking/scan-fw-5b85fe8e43a3fc5e/tle-review-02.png?sha256=sha256:8f928403b828b5bfcea7769d20d1c985d7d8282fbaab85a102e4bdb643d8e761
scan-fw-5b85fe8e43a3fc5e,10.0,sha256:86d8ecff96ab4e5b395fc3ce349bc92e18fd72a4ccc5ed7718bc640ba6dfc478,4,lower,26.017358324,29.040516644999997,45,58746,69429,97.77147888696197,88.00267594661605,826.9411104082911,9.396772331217836,0.0,58746,False,http://gauss:8090/api/v1/scanner/tracking/scan-fw-5b85fe8e43a3fc5e/tle-review-03.png?sha256=sha256:598ea2e747ef7122a5b97c07224ac3e3a1f2401ad04a7a1b8f03f79634fd98e8
scan-fw-5b85fe8e43a3fc5e,10.0,sha256:792867bbfd187837ea0174782755a75df096e8af9912844bd78d6666726d13b2,2,lower,30.365975899,24.972605098000002,27,58746,69429,90.264305354884,109.17163307363369,904.7524105410575,8.287431314055945,0.0,,,http://gauss:8090/api/v1/scanner/tracking/scan-fw-5b85fe8e43a3fc5e/tle-review-04.png?sha256=sha256:a6edd409185106aae4612560feff231aa01f43661b65b950cd8e2bdd3e40452d
scan-fw-5b85fe8e43a3fc5e,10.0,sha256:38b0ac4e006dabcc019a7d4bc75756b37f39a98f7f943576f32e7d8e89183614,3,lower,70.489690587,27.359259473999998,63,55761,62598,75.41701947665338,97.41857965173321,520.4952999510447,5.342875063584284,1.0,55767,False,http://gauss:8090/api/v1/scanner/tracking/scan-fw-5b85fe8e43a3fc5e/tle-review-05.png?sha256=sha256:5a410a07aebcd0c22ddfa987fb94c636f5acf5f0af7c81b1787d5e41b7640d0a
scan-fw-5b85fe8e43a3fc5e,10.0,sha256:d10096a5d74be63a1d4eff86f4f6441785df5dd9f338a303a9179c09c1c1f5d6,4,lower,70.911077143,12.206587647999996,23,55767,67655,35.682949874778934,54.87561501280936,142.99304154802047,2.605766541562081,1.0,,,http://gauss:8090/api/v1/scanner/tracking/scan-fw-5b85fe8e43a3fc5e/tle-review-06.png?sha256=sha256:965e957c56ec315214751489f7057488912907815eef22ee3d4946cef6971569
scan-fw-5b85fe8e43a3fc5e,10.0,sha256:f0502e9655fe10af25f76afbceb412972e9462345dba218f87caf505f7361b4d,1,lower,81.011406973,19.082685911,19,64932,69339,47.576430375548576,49.508943351644774,290.32346619999146,5.864061047272308,-1.0,,,http://gauss:8090/api/v1/scanner/tracking/scan-fw-5b85fe8e43a3fc5e/tle-review-07.png?sha256=sha256:f9ab47b135ca1c5c11ece072a83332570668bd482a22b1c20408b938e629fdaf
scan-fw-5b85fe8e43a3fc5e,10.0,sha256:3ffd37a3e139afcc712257d02ee95ccef0aac5fa259035e546839d6a5de4a1d8,2,lower,83.959436248,15.293084765000003,17,64932,69339,26.86947005570077,40.95168990801196,151.0273526188111,3.687939446651834,-1.0,,,http://gauss:8090/api/v1/scanner/tracking/scan-fw-5b85fe8e43a3fc5e/tle-review-08.png?sha256=sha256:91b74036b5ebdc22fe7768eaebb2efc9e496bc9204a2d8f6fd13c1af6be07488
scan-fw-5b85fe8e43a3fc5e,10.0,sha256:b4ddc94194d79241d62f1d2028dca254d56a401b0f0405c67ab6fd02d2abe8cc,3,lower,85.642054318,29.04275531799999,55,63042,64932,69.97987999362365,101.04689938531538,1697.0145261475584,16.79432557031212,0.0,,,http://gauss:8090/api/v1/scanner/tracking/scan-fw-5b85fe8e43a3fc5e/tle-review-09.png?sha256=sha256:5ee3beda97d4613f34085c335c359757e98a2391a460793448cbb82f2def5360
scan-fw-5b85fe8e43a3fc5e,10.0,sha256:74bebb5c50d4c097fa6de62a81e230e9c8c7a9028fb865041c30daa5684536cb,4,lower,132.923376987,27.780781539999992,50,58625,53628,56.01589464981312,34.99893591663875,355.03602619983104,10.144194870537316,-2.0,58625,False,http://gauss:8090/api/v1/scanner/tracking/scan-fw-5b85fe8e43a3fc5e/tle-review-10.png?sha256=sha256:94152a8ded3709001c7da28323ee9d9b2411b7e84c3de6ed69061f41cd23cb42
scan-fw-5b85fe8e43a3fc5e,10.0,sha256:17eb3a799febd2cd7af6c53bf8115a27a3339935a1015c3109794775756dd912,1,lower,169.96486689,33.95867375500001,53,69552,68742,132.28970179214744,148.73836193264145,2753.056726698352,18.509392539532726,0.0,69552,False,http://gauss:8090/api/v1/scanner/tracking/scan-fw-5b85fe8e43a3fc5e/tle-review-11.png?sha256=sha256:19986c72b68eebb47dbfb1535e9bc35dcc674e84621678e010fa773b539d63b5
scan-fw-5b85fe8e43a3fc5e,10.0,sha256:b7fdad79a86dc2202b2f69dd047505e85bdd00df40da03e1b9e63acb062c9d63,4,lower,170.245855854,21.05106248299998,21,69552,68742,83.51602698267548,104.3173223552821,1990.4000907966686,19.080245215821385,-1.0,,,http://gauss:8090/api/v1/scanner/tracking/scan-fw-5b85fe8e43a3fc5e/tle-review-12.png?sha256=sha256:93c4e823708c4021d979611a6bdd1146d98092126de909a044ef7d144e40d3a8
scan-fw-5b85fe8e43a3fc5e,10.0,sha256:f9e2f7c3bbda571e70ff7e2e15c9f465ce442a85ff9e883e39fd535e164fdc10,2,lower,173.471524634,16.281364034999996,25,69552,68742,55.867790305843435,111.17551600807408,1335.8586050397696,12.015762579799974,-2.0,,,http://gauss:8090/api/v1/scanner/tracking/scan-fw-5b85fe8e43a3fc5e/tle-review-13.png?sha256=sha256:7c886d740856f9cb83d669fe8be2c0dea94a59551280bc073f242e77078be082
scan-fw-5b85fe8e43a3fc5e,10.0,sha256:d797cdc2ce60196d738555d2d92aa3f33625b29c5fb182815846f5d9b8049985,1,lower,250.506280291,14.728061990000015,21,63040,64382,41.95956345351772,70.95419017411747,241.45466263575327,3.4029655196294613,0.0,,,http://gauss:8090/api/v1/scanner/tracking/scan-fw-5b85fe8e43a3fc5e/tle-review-14.png?sha256=sha256:c2eddda2240bdcbf33207bbf1851b22cade2ce42cddd253012842ad52550b6b3
scan-fw-5b85fe8e43a3fc5e,10.0,sha256:81600df14b03c835798cba7cbc2aba93fc0a80dfd6d4682c531d4c86b857728a,4,lower,270.00483201,11.926641830000051,15,63035,65467,25.66723346305089,43.16242173019397,62.723426684069395,1.4531952603621325,-1.0,,,http://gauss:8090/api/v1/scanner/tracking/scan-fw-5b85fe8e43a3fc5e/tle-review-15.png?sha256=sha256:c8ddec44ea7b5b8cf3426da0f6cba52cdc46c24bdbf6e1b61e9a6705d5183ce9
scan-fw-5b85fe8e43a3fc5e,10.0,sha256:2831e0df099b543dd3224ea042d1de1d8e3d021b8408e2aac03130dc25e5f019,1,lower,275.336925961,24.41333420000001,63,65467,63035,88.7600658212985,69.65085201739288,355.3169458502307,5.101401283095613,0.0,,,http://gauss:8090/api/v1/scanner/tracking/scan-fw-5b85fe8e43a3fc5e/tle-review-16.png?sha256=sha256:9838af5a6197027e042fada0aae6f859b568495b14bcedb87bc2d8a5cdd9d074
scan-fw-c75b23216abb79ea,15.0,sha256:1e75eb51d0b0f0b6ef0212d7df3f02475293d70a41974fef1a2ca0cd2cc11bb3,3,upper,45.189367082,22.16651541400001,35,68739,62516,37.69321385719248,61.42530595247556,2233.742757768868,36.36518733007375,0.0,,,http://gauss:8090/api/v1/scanner/tracking/scan-fw-c75b23216abb79ea/tle-review-01.png?sha256=sha256:34cc7aa84c0a60cfda183bf4469e7f799d64102c54cdc46755bec4eff3ca2ce7
scan-fw-c75b23216abb79ea,15.0,sha256:33fe1ec429367b7ef077c0654806787715709401a71ace7e4f0739cd9090be2a,2,upper,56.552085884,10.663625872000004,16,58632,69550,123.40249595310195,88.11432487921657,107.39990589660522,1.2188699855991012,-2.0,,,http://gauss:8090/api/v1/scanner/tracking/scan-fw-c75b23216abb79ea/tle-review-02.png?sha256=sha256:645e9f6b7008daab02d1d8234a5b5a1290fb0cfc6b2b29a00d574dd4619640e3
scan-fw-c75b23216abb79ea,15.0,sha256:6c2964cd183d268b1172dd9951f5297eb97187322a87ddfa2eccb5bbbd4f37b9,2,upper,93.454707065,35.244139196000006,59,65474,68965,65.77206622661114,65.32087212518917,591.1851116561684,9.050477931818586,0.0,,,http://gauss:8090/api/v1/scanner/tracking/scan-fw-c75b23216abb79ea/tle-review-03.png?sha256=sha256:1ab2a1613fa691d5518c775ed5d0617a869f0798e8a3190d30d007c0f152a401
scan-fw-c75b23216abb79ea,15.0,sha256:433fe6992096bdf390883ef00c4d38c35353a39fcb720426c339dc781a415ce8,4,upper,95.137319677,35.806848172,51,65474,68965,95.70235206309886,90.97833017026963,559.6215812174808,6.151152479608345,0.0,65474,False,http://gauss:8090/api/v1/scanner/tracking/scan-fw-c75b23216abb79ea/tle-review-04.png?sha256=sha256:4e3e9e0eb377f3233a021f9be95c4ae4baef0b9395700f0dd3facd50e0e85570
scan-fw-c75b23216abb79ea,15.0,sha256:7379d343e1dfa9f3623ba62f737f5096ac7d40c0f18118a64454d3427cb0c808,3,upper,99.908098027,15.436941044000008,33,65474,68965,42.40706693235116,83.68984044301925,266.1320506222555,3.1799803800970703,0.0,,,http://gauss:8090/api/v1/scanner/tracking/scan-fw-c75b23216abb79ea/tle-review-05.png?sha256=sha256:17a2f756732fe9bf61aeca19cab7e6b8a677cbbd89477fd270c2b25416220d6d
scan-fw-c75b23216abb79ea,15.0,sha256:ec3397dc0a3eb93efb412ffee151921189cd44191ee28da9326312c8f3bb692d,3,upper,130.803964155,14.870734908000003,17,63636,65474,32.46996509008593,18.012719498875622,93.4666698896262,5.188926075013854,0.0,,,http://gauss:8090/api/v1/scanner/tracking/scan-fw-c75b23216abb79ea/tle-review-06.png?sha256=sha256:6421442811521d4d77b8034871d229b2f07a6bd545cc8725afb5032149d763ed
scan-fw-c75b23216abb79ea,15.0,sha256:48a5208b18c809f61700ddde1d3c90027729a059f83d30d6e2fb3b040b92fc53,1,upper,146.79757108,9.542649949999998,15,65203,68174,35.5442414279016,34.52800373662509,632.018003362425,18.304504603954875,0.0,,,http://gauss:8090/api/v1/scanner/tracking/scan-fw-c75b23216abb79ea/tle-review-07.png?sha256=sha256:2cc611c943df4bf932bea6a3f0e5a3ab3be53acb1f7db05da3213766190d1be6
scan-fw-c75b23216abb79ea,15.0,sha256:83ad72da2ab6b9738fbcc6bfdbc638c72f579e708cbde3c45936d2e3bfc0c856,4,upper,147.218345151,17.118995927000014,27,67650,69435,31.70360214977061,44.89480403298526,113.0961109736772,2.519135864599895,3.0,,,http://gauss:8090/api/v1/scanner/tracking/scan-fw-c75b23216abb79ea/tle-review-08.png?sha256=sha256:d0712a2859a7529cea47161a3dd345f766af167baa13b5f40ae74051df3b6ef8
scan-fw-c75b23216abb79ea,15.0,sha256:47269d41809fa7433bb686be7b13985bbd6b387411fba01600b9dbd230ed1325,3,upper,178.102765353,25.678056397000006,33,69336,63548,88.251675682726,119.63878672450856,1457.5785323883695,12.183160430611235,-1.0,69336,False,http://gauss:8090/api/v1/scanner/tracking/scan-fw-c75b23216abb79ea/tle-review-09.png?sha256=sha256:e1adb49c12a448bd751cceb4b420812ad53234d8cc1ad86e3c2a2f97bdd9b3d9
scan-fw-c75b23216abb79ea,15.0,sha256:125800b47877100ce829031a80d54fa95ea6271a3f2f4a15b6d4717146c47952,3,upper,267.6242373,12.766743505000022,14,56918,69549,83.26238868088602,22.39050698155703,144.7954265430034,6.466822152007134,0.0,,,http://gauss:8090/api/v1/scanner/tracking/scan-fw-c75b23216abb79ea/tle-review-10.png?sha256=sha256:5cae087905898b19b9cd0f3fdf5875b1b9a6b118afbfb9d519accebac47f9166
scan-fw-c75b23216abb79ea,15.0,sha256:410ca37f569e6871b0154b3e99f57bbc51ca3b57c3a1e237fb7dac33517896f4,1,upper,268.886968537,30.021338797000055,57,100157,63551,49.62201072506974,45.09608506388312,465.7433307585235,10.327799632689874,0.0,100157,False,http://gauss:8090/api/v1/scanner/tracking/scan-fw-c75b23216abb79ea/tle-review-11.png?sha256=sha256:791017f8bd1148f2d99ffed90f1c7e16ea661745aa9f87d2c491a145d0083afb
scan-fw-c75b23216abb79ea,15.0,sha256:6d22938ad6f9ca1ad5154580afa6d3c7aca5aed90b6091c912eb1a76eec373a3,4,upper,277.024289593,22.30510056700001,38,68964,56918,57.368968901104665,59.83590976102392,546.8257736860294,9.138755905441622,0.0,68964,False,http://gauss:8090/api/v1/scanner/tracking/scan-fw-c75b23216abb79ea/tle-review-12.png?sha256=sha256:42d3d7c6d1d48f4222242d22a777b1cd17affaf5c44a92f14e51ff47ece9e11a
scan-fw-c75b23216abb79ea,15.0,sha256:685628be3e5efb680feb91d8910a866250edc69601d57419a6a82f1c40d61ce8,3,upper,287.403064316,8.838648570000032,17,68737,63551,69.79855300904839,26.47806479421113,335.57076208898695,12.673538066209145,-2.0,,,http://gauss:8090/api/v1/scanner/tracking/scan-fw-c75b23216abb79ea/tle-review-13.png?sha256=sha256:554670d1f4db055b5cdd31b27c3aed41459aac738eefc80ead9f392c768e2518
scan-fw-9455472536b56785,20.0,sha256:896ba8c634fb683b1b244b4fe98e41eb53169984c8b0a05fe69f514dea4acf7d,4,lower,0.191352208,35.796106723,56,67668,65395,64.39470259578546,72.78984793958915,2070.7487252353944,28.44831777851743,-3.0,67668,False,http://gauss:8090/api/v1/scanner/tracking/scan-fw-9455472536b56785/tle-review-01.png?sha256=sha256:a7deb91b1f21f156f5bc7bdf7d10b3e6996b04b6b20bc5137270eb87aedda094
scan-fw-9455472536b56785,20.0,sha256:f989fc26f49b2ecc498f62b6042567c514548650275b2fac1b99438725197a5b,3,lower,7.915493404,21.615537424,23,67668,64372,95.44054356189973,28.78962125836933,1302.2571587162038,45.233563409161874,-3.0,,,http://gauss:8090/api/v1/scanner/tracking/scan-fw-9455472536b56785/tle-review-02.png?sha256=sha256:ea5f581dfa02668112ef7c2992c60859d2d378beb9f5c3365965228519174336
scan-fw-9455472536b56785,20.0,sha256:8f3ca65de5f2e55159e3e51ce8bf14492e27c339552a7fa406ee51300c45a689,2,lower,26.162180182,13.895914640999997,25,67668,69426,51.83520322936627,29.004005724881758,337.4432398396266,11.634366750594836,-3.0,,,http://gauss:8090/api/v1/scanner/tracking/scan-fw-9455472536b56785/tle-review-03.png?sha256=sha256:5c4b6854b823f066cbfa1f200fb7b51ea4ac0afe52939983a694f4ce80812108
scan-fw-9455472536b56785,20.0,sha256:80081c85d8d1be2370655bec216afc6b3867aac9a6b2b103e7e6f39d680f1f9e,2,lower,115.720721913,16.422942665999983,21,100321,100165,23.212537674502823,37.61392945198392,2875.199342284178,76.43974942725713,-2.0,,,http://gauss:8090/api/v1/scanner/tracking/scan-fw-9455472536b56785/tle-review-04.png?sha256=sha256:79b084c5bfd56564ca69ef47d0074eaa63a79dec8786725eb13776bff2df4350
scan-fw-9455472536b56785,20.0,sha256:45ca9c5bd528b37af25145a2202ad98cedd219578852dbfb000a08d150deb258,3,lower,116.422350298,13.336000471000006,23,100321,68780,58.28271922859307,136.8259773620022,1231.6568571177677,9.001630252266773,-1.0,,,http://gauss:8090/api/v1/scanner/tracking/scan-fw-9455472536b56785/tle-review-05.png?sha256=sha256:7acc56a24857bd48bb4a3bfe29538f7ee5a8a517702d729e809f6816d1987d62
scan-fw-9455472536b56785,20.0,sha256:0c398e1529b6d2756750f12be8dbd2b2652dbcc14c4ea94c19c94cc526a58653,2,lower,130.880959675,26.666086629999995,41,100165,58099,91.4963419309544,60.77863407267491,2910.6757826174917,47.8897860576647,0.0,,,http://gauss:8090/api/v1/scanner/tracking/scan-fw-9455472536b56785/tle-review-06.png?sha256=sha256:183043e9aad19b58965de1b20ddeee7b8813cdc45d9c58a758a1f737c4a7edf3
scan-fw-9455472536b56785,20.0,sha256:e797a34f545a977513d3cd01afdc016c209564b3174d2276f5360e143de32703,4,lower,132.424485232,33.685791085000005,77,100165,68748,93.52908746419497,86.29451172463315,3731.1610478281796,43.23752430205944,-1.0,100165,False,http://gauss:8090/api/v1/scanner/tracking/scan-fw-9455472536b56785/tle-review-07.png?sha256=sha256:db3dd2092361e3861b401b6411595ab3d1a47b6bb86596fbd38afa2815423040
scan-fw-9455472536b56785,20.0,sha256:1275c92d36fae6f52569cd9d97c45fe81476f472822ac35c62c44c4a212c68ca,1,lower,135.791656337,8.842698041999995,18,100165,100321,28.355265172625337,65.3107354356016,499.9442868411724,7.6548561810964895,0.0,,,http://gauss:8090/api/v1/scanner/tracking/scan-fw-9455472536b56785/tle-review-08.png?sha256=sha256:933ddf89d8aa52226c5899ad108dac7b24076749cceef0393893528a57f29cef
scan-fw-9455472536b56785,20.0,sha256:1f64ce1f7813c11cd0486fd35716aad71f11d5ebb9736920163d3d85a16c6afa,2,lower,145.75686067,23.581296463,30,68748,58099,18.391352863580774,28.597058401229962,36.952607882728444,1.2921821316117992,-2.0,,,http://gauss:8090/api/v1/scanner/tracking/scan-fw-9455472536b56785/tle-review-09.png?sha256=sha256:db0cc9a47be80321ea54bd55cacb84fd703303eb6a8f9717602f552ebc5a2b1e
scan-fw-9455472536b56785,20.0,sha256:bffda54ebc399ed5130eb0f905987e2371798f92bb19ad04be89cc002f355257,2,lower,192.784888052,49.269445585,71,63842,59567,191.13130238387856,205.71575443300472,1017.6849569528131,4.947044331912079,-1.0,63842,False,http://gauss:8090/api/v1/scanner/tracking/scan-fw-9455472536b56785/tle-review-10.png?sha256=sha256:5c4a1dad187fedee241585cf1653d7ec55e89d44c86f5ee4df03b80307e95f3b
scan-fw-9455472536b56785,20.0,sha256:ec93ad4583b6b37e19a74cb4fe47b95ce76df2776712c2e5bc7364f2597d4851,1,lower,202.61032586,39.585345534,42,63842,59567,141.1396985430412,170.2963809863811,591.1849303036288,3.4715061287820723,-2.0,,,http://gauss:8090/api/v1/scanner/tracking/scan-fw-9455472536b56785/tle-review-11.png?sha256=sha256:fef894d1a1f827c623acdca9a47ca8470dfc93d594fc324527d5d83f35daf174
scan-fw-9455472536b56785,20.0,sha256:7943db520fa0c42853fc5eea82b6c53c6c1a6bf062fe78e030b7034def3885a6,4,lower,243.5991299,35.370768338999966,95,68961,67654,121.04987149394606,114.762953071184,1785.4107229186152,15.557378710978087,1.0,68961,False,http://gauss:8090/api/v1/scanner/tracking/scan-fw-9455472536b56785/tle-review-12.png?sha256=sha256:c8c64282df883930fe9c0493288106eab528c9e4c7f2e53a7ea1e0f90ca15814
scan-fw-9455472536b56785,20.0,sha256:801ae154d48623b6f414a6c4ca2325e160cc292a5e3b8d952c36221756b741ab,1,lower,280.653064846,14.464089333999993,28,63849,58108,50.093537196508024,73.9173667469557,446.8187123566536,6.044840773160469,0.0,,,http://gauss:8090/api/v1/scanner/tracking/scan-fw-9455472536b56785/tle-review-13.png?sha256=sha256:a5900c84d6e82a0d472ed2fc905509067fd70d57879e2206137a6f76560d4429
scan-fw-9455472536b56785,20.0,sha256:87ceaa1f162c2e798549717bdf9b07f642b54f0b85f973e9c91a1a59664da311,4,lower,280.934408627,18.674762939000004,29,63849,58108,60.940298912125314,59.50393087019004,733.173922826587,12.321436787529755,0.0,,,http://gauss:8090/api/v1/scanner/tracking/scan-fw-9455472536b56785/tle-review-14.png?sha256=sha256:e01aab21ffca58e97768a76fe0ece36acb37279df12d51ee5812b5f5a764ff5a
scan-fw-9455472536b56785,20.0,sha256:6937928e72c99850399f58c69763e9ff65016a971bc3008fe6e601bfc42fcf8d,2,lower,281.49573209,17.272099905000005,42,63849,68961,53.494129928359875,32.27568615722389,838.4863499358264,25.978885339612148,0.0,,,http://gauss:8090/api/v1/scanner/tracking/scan-fw-9455472536b56785/tle-review-15.png?sha256=sha256:ff9deead7c6d46e003fddfe5b0c8b1cd329daedaa807391f312dc3bc0981d73e
scan-fw-9455472536b56785,20.0,sha256:7d949d8516a0587391b7630bd017f240fc0c5ded5ab1b93e2544782c6a9cd39e,3,lower,282.619671859,16.849495483,27,63849,68961,93.25686421200608,47.757248832786786,939.8434609203305,19.67959804826738,0.0,,,http://gauss:8090/api/v1/scanner/tracking/scan-fw-9455472536b56785/tle-review-16.png?sha256=sha256:c97b556a471901e6439cbce52cf80400d484848aa6102d84795caed691248fb6
scan-fw-5277275caed556a0,10.0,sha256:904312bb35497cca3cc3564cb1fee947a6897b1be4b266456bcecdad85499518,3,upper,1.587920396,37.328358918999996,50,100166,100169,535.6304873058602,597.1829098784101,2554.9355902078823,4.278313307271439,-3.0,100166,False,http://gauss:8090/api/v1/scanner/tracking/scan-fw-5277275caed556a0/tle-review-01.png?sha256=sha256:131965c14ef417b2edb17e62b1aa0d5da7f2e5cc16d876f77f381b91dda16fbb
scan-fw-5277275caed556a0,10.0,sha256:e33ea0b253fdb2531382c6496e3c855f7a2b2b8d4ae698bc4e7050cea4072230,2,upper,73.993666107,26.520008478999998,44,63844,60740,165.5110681479343,179.04522876531314,477.63364807677596,2.667670349947404,-5.0,,,http://gauss:8090/api/v1/scanner/tracking/scan-fw-5277275caed556a0/tle-review-02.png?sha256=sha256:7046b343589e02356a4e43eefc482e991097f218fbe122d5a64a4c9c75d57e11
scan-fw-5277275caed556a0,10.0,sha256:edb40e5997b5c1c52b45c56e10c3d337ecba261ddd02e8e38118e152a72c8bf1,1,upper,98.409700538,33.53208491400001,31,59223,63881,39.261851807707764,53.494457727390106,747.1511032564906,13.966888066498448,0.0,,,http://gauss:8090/api/v1/scanner/tracking/scan-fw-5277275caed556a0/tle-review-03.png?sha256=sha256:9198aa8c81727f961c076512078869d1ccb6c58c42a6684de363fd09e406bf11
scan-fw-5277275caed556a0,10.0,sha256:e11089f3e497a7747998fdc4dc9fac21c195c328e2449d84bc207b78722504a9,2,upper,100.935672446,14.170546774000002,28,69719,65401,86.37876472293301,107.01927512807535,163.91867851462882,1.5316743485550532,-4.0,,,http://gauss:8090/api/v1/scanner/tracking/scan-fw-5277275caed556a0/tle-review-04.png?sha256=sha256:0c80686e89a8754123c577e6f8ff3bfe455c8263254d8133c2cf89b47bb9ba84
scan-fw-5277275caed556a0,10.0,sha256:70f0f5a355772d8baae268dbe0180ecae3453c58f7a9a2ef5f63632cce85c373,2,upper,101.356418335,13.749381420999995,15,63881,59223,108.34363410408052,86.65253983108475,42.98139635761287,0.49602004097512,2.0,,,http://gauss:8090/api/v1/scanner/tracking/scan-fw-5277275caed556a0/tle-review-05.png?sha256=sha256:e80d5797d21d761091ac101ed8ffc1e61468ff1ad31a379b585c42366e92cbb5
scan-fw-5277275caed556a0,10.0,sha256:9c5de7dd6d41fe4b57c9a86ef30f85f0aab38ff51119c3f6846cce1ad8c2114e,3,upper,107.811059645,20.764009468000012,35,65401,69719,22.42291043108764,25.042394551806726,585.8390538318146,23.393891211954738,-1.0,,,http://gauss:8090/api/v1/scanner/tracking/scan-fw-5277275caed556a0/tle-review-06.png?sha256=sha256:dbd5485a4eb3f20ff7e53802545be72f7ef4b0e0de017592e501a9c9caced071
scan-fw-5277275caed556a0,10.0,sha256:599f9e69db966ff32db3ca2b811f330fa12ce937c56d5f010105661c00818329,4,upper,115.947053475,14.311547183999991,23,63881,59223,106.7087338262384,110.08235859710231,204.04491082158899,1.8535659430080564,1.0,,,http://gauss:8090/api/v1/scanner/tracking/scan-fw-5277275caed556a0/tle-review-07.png?sha256=sha256:180267d12b50d4c87b2ae74ccc7761e5b105f9c4ded7779773e3b5f9f95dcf97
scan-fw-5277275caed556a0,10.0,sha256:c950649d597d9e0e296c06e8f62efe7bad7964561d41aacafcfe92b981772ffb,2,upper,119.313800956,10.663977447000008,14,59223,69719,49.99688323648661,42.56555089532555,210.53690018217543,4.946180555724843,0.0,,,http://gauss:8090/api/v1/scanner/tracking/scan-fw-5277275caed556a0/tle-review-08.png?sha256=sha256:19504691e1da071cf3ee26a9a6f029d0ab9cf6808444287b8601507c08326ea5
scan-fw-5277275caed556a0,10.0,sha256:79d636a373abcdcdaf70c04e125189b7e1a541e22ec5e1c770f798142d5fd9eb,1,upper,155.091149845,17.53818893800002,21,69847,69968,17.58247132433271,32.18550884016262,573.714268102786,17.825235293060768,0.0,,,http://gauss:8090/api/v1/scanner/tracking/scan-fw-5277275caed556a0/tle-review-09.png?sha256=sha256:3df2a9959b9bd8ece44ff5c2607fd3d15f832b8544642b7bbf63fade86717e3a
scan-fw-5277275caed556a0,10.0,sha256:821a5f5259a2f991e1a89be4fb6d459c03f2239bc3a1f4f57df6ebc2814df50d,3,upper,175.997707507,44.758744957999994,63,63850,55577,167.01649129036312,163.10747347790564,1768.1688052656502,10.840513727319578,-2.0,63850,False,http://gauss:8090/api/v1/scanner/tracking/scan-fw-5277275caed556a0/tle-review-10.png?sha256=sha256:513871a07fdc247f74f464c834116f047474fc77876c1e426277ea7474bf852e
scan-fw-5277275caed556a0,10.0,sha256:c12dc01a71a0563a90e4ea01a09a4380a60313fc92732d646ef18961f60a872f,3,upper,205.881751164,14.313405645999978,17,63867,100318,36.08841183210578,26.123641615372122,284.2507926406643,10.880978878281677,0.0,,,http://gauss:8090/api/v1/scanner/tracking/scan-fw-5277275caed556a0/tle-review-11.png?sha256=sha256:32597b09992e6883372c04d277089570d1981cd5e0ba9d46dbe56917ff13b3a0
scan-fw-5277275caed556a0,10.0,sha256:5eadd55163dcdcc58eafb44bfe373d35c6079af140db1984fd76ccd10fcf6ffc,4,upper,217.246802719,33.53765176000002,41,63884,59671,109.55113710932665,81.00518923248784,667.318233189607,8.237968943870737,0.0,63884,True,http://gauss:8090/api/v1/scanner/tracking/scan-fw-5277275caed556a0/tle-review-12.png?sha256=sha256:1ab6d5a4fa7164318cdddc30ba713f6e4ffd6e419da20165e6b5a16df2511f88
scan-fw-5277275caed556a0,10.0,sha256:3b61887f3ba55a729b70baede479dc97e14e28cb21af430f714ee4021c6fcb76,2,upper,220.615181997,13.752016057999981,27,59671,63884,106.40293796641359,42.739934122396576,102.81942200290457,2.405699122241397,1.0,,,http://gauss:8090/api/v1/scanner/tracking/scan-fw-5277275caed556a0/tle-review-13.png?sha256=sha256:6be7a90a3f582a87fcb50a65dd3d2d6dc36cb02a306f8b5228bd58bc843c516a
scan-fw-5277275caed556a0,10.0,sha256:185f061fc67ffe24c296f2264f1a5edd2f85323615828171cb9fc839faaccace,3,upper,223.982445412,27.643367460000007,31,63884,59671,69.73548387708345,106.85208808729514,944.393974081411,8.838329610459907,-1.0,,,http://gauss:8090/api/v1/scanner/tracking/scan-fw-5277275caed556a0/tle-review-14.png?sha256=sha256:7624d49b3922914fb27703e8c0115682cbe554d69e4ae7f2486a9834bfe45999
scan-fw-5277275caed556a0,10.0,sha256:efacecf1c83dd25eea8a6df7ba8e701841b591fd66f989939bab16a4d85c4ce7,3,upper,259.622124025,33.53447401599999,52,65493,62559,135.1617405001189,117.80209607368195,1277.513881055379,10.844576825325158,-4.0,62559,False,http://gauss:8090/api/v1/scanner/tracking/scan-fw-5277275caed556a0/tle-review-15.png?sha256=sha256:4763c90515fe01aa85b2fb4d95996ba2339710d229185ba8f8ec849bb8bf78fd
scan-fw-1115e1fbd0e794b2,15.0,sha256:fa26a2dce75052bdf540a030b4c299b8727c5ea7b458f8e71498ae164fcc13db,1,lower,25.714238409,14.450580198,19,63044,50169,70.3693249667794,32.19086639237171,289.1693142534667,8.982961524825296,-2.0,,,http://gauss:8090/api/v1/scanner/tracking/scan-fw-1115e1fbd0e794b2/tle-review-01.png?sha256=sha256:ed1f7b11f92d01b30d0d6453856277dff9c70f631c4cab6eb2f3cf750ee0fd5b
scan-fw-1115e1fbd0e794b2,15.0,sha256:6c53c526671da86791db4dc906dea4f62c02d4a20ed2a24aba3582557be3569c,2,lower,27.818944561,39.146642560000004,79,63044,50169,86.75407455353505,96.0387560968043,3956.5013734114723,41.19692438981022,-2.0,63044,False,http://gauss:8090/api/v1/scanner/tracking/scan-fw-1115e1fbd0e794b2/tle-review-02.png?sha256=sha256:4a4c2cbd2aaafaa642596434d0675353a991e3bdc752fe418f41da87fda8fadf
scan-fw-1115e1fbd0e794b2,15.0,sha256:6da2513629abefd7117cb28b085674a6a74e075fc6a2eda1958fccba70117809,4,lower,29.502673138,25.81717132,43,63044,50169,61.24124770775601,47.84776713910424,1530.4624813550636,31.98607945289619,-2.0,,,http://gauss:8090/api/v1/scanner/tracking/scan-fw-1115e1fbd0e794b2/tle-review-03.png?sha256=sha256:f1f70b9825e2fa4620bb75ed598bd8de4008ca1ca7b3b0b7f35b6e8bf7181c6a
scan-fw-1115e1fbd0e794b2,15.0,sha256:d48fa63f06a48c13a71e2cb5f8f5311fae5b0c4635ff4d0568ff715b445b4ade,2,lower,49.566965461,20.625178752999993,36,58075,68775,52.07938187161873,50.304449739339546,323.3013119263753,6.426892921036054,0.0,,,http://gauss:8090/api/v1/scanner/tracking/scan-fw-1115e1fbd0e794b2/tle-review-04.png?sha256=sha256:66ccfbab0eb9dc952a3781c93e75728ba55f7522bf37bb3a89ad06df9db05f51
scan-fw-1115e1fbd0e794b2,15.0,sha256:0b5d6777b0a84e587a7d931291d293ac37ed6779f6ea6305531d2138b8eab5ae,3,lower,67.525671765,26.381396541,34,68669,65664,275.4938677556141,174.74370963066696,2829.8480632469777,16.194277145815775,-4.0,,,http://gauss:8090/api/v1/scanner/tracking/scan-fw-1115e1fbd0e794b2/tle-review-05.png?sha256=sha256:821c6c4a88a915c88af5b5a9ccb7dee431e2e94df9dacd8599ad269cc343ca59
scan-fw-1115e1fbd0e794b2,15.0,sha256:0028db41d636d49c2e01724eeb4061c3407717e81f02c98c93eeb936fd21ab09,2,lower,75.242918814,23.85592208899999,28,68775,65664,43.79889799668523,39.22876612296888,272.9667060663817,6.958330150143484,-3.0,,,http://gauss:8090/api/v1/scanner/tracking/scan-fw-1115e1fbd0e794b2/tle-review-06.png?sha256=sha256:f6c5f538f35d5ea7b5fef156fb1a2e0d1809b6599ef88b72fc043ccbcf3c35e6
scan-fw-1115e1fbd0e794b2,15.0,sha256:9691bf3246d3aefba54128d8f3d4d2ef62baf555cc70eec3009be7009512fc3c,4,lower,118.322704502,18.520126397000013,24,63883,59759,26.837469947857855,102.9302590315588,185.32976873661505,1.8005372810709845,0.0,,,http://gauss:8090/api/v1/scanner/tracking/scan-fw-1115e1fbd0e794b2/tle-review-07.png?sha256=sha256:3ca48ed1e7a13c8c237a3bf6ed6b73d732e41d0d66cd17efc8f63fd4d0eb90da
scan-fw-1115e1fbd0e794b2,15.0,sha256:7698282d886065fced7f98dc4572335747376f360872bd8132d1afae794921e9,2,lower,161.399077947,40.97075495600001,51,65190,65244,216.2133165940506,249.63275292540897,1208.9107636072956,4.84275700780547,1.0,65190,False,http://gauss:8090/api/v1/scanner/tracking/scan-fw-1115e1fbd0e794b2/tle-review-08.png?sha256=sha256:1020c34c81454412f699f82e6768ee4ad0489a65ae30008f87e3fb0ba894ee2b
scan-fw-1115e1fbd0e794b2,15.0,sha256:7719ec576ffbc1b9faedf87e24c72f7bd5079a261a0308db5dc9d54b478fda37,2,lower,165.047157885,22.589368604000015,29,65244,65190,92.52196889408556,121.71873250535162,300.5370211873352,2.4691106701601697,-3.0,,,http://gauss:8090/api/v1/scanner/tracking/scan-fw-1115e1fbd0e794b2/tle-review-09.png?sha256=sha256:d28709a87d8e38d88331f74a004de4fc32e4cb5a1b606538e9f61043e16687a2
scan-fw-1115e1fbd0e794b2,15.0,sha256:0fb0fabe6a9a1b4e1a25155b6543b1b70f3626a16c1f833abd0e0baf753a49f0,3,lower,202.509695694,23.573375250000026,23,69716,56898,24.828625484975927,21.878354636372297,1579.459767732845,72.19280398293877,-5.0,,,http://gauss:8090/api/v1/scanner/tracking/scan-fw-1115e1fbd0e794b2/tle-review-10.png?sha256=sha256:340c0791b3873234f6c9393a6e01a3e98611d895e57976c0c6ba50029a863917
scan-fw-1115e1fbd0e794b2,15.0,sha256:1eb81a431b148e6221ef1e710628a96fee75a83ab9ebee559d3f3b518e4970bd,4,lower,205.737754807,12.206660432000007,21,69716,69727,124.63680876545529,137.7122957046344,954.6084134771775,6.931904000239916,-5.0,,,http://gauss:8090/api/v1/scanner/tracking/scan-fw-1115e1fbd0e794b2/tle-review-11.png?sha256=sha256:2f8db73ea096c407ef9dce40a7fad9b31db529bfad13761ee904566cbfdc60a8
scan-fw-1115e1fbd0e794b2,15.0,sha256:5fa5aaa96959d023056756940ce114707440ccdd0ff7666cc65e3b3ec84818f7,2,lower,218.085489909,28.62504074100002,41,63051,59574,105.91606293283381,100.46074975533412,2964.9002179869553,29.513021007784477,0.0,63051,False,http://gauss:8090/api/v1/scanner/tracking/scan-fw-1115e1fbd0e794b2/tle-review-12.png?sha256=sha256:e255942e30e3092ffbfe55add24ec7225e0306796c3c95205dd49219999ae2e2
scan-fw-1115e1fbd0e794b2,15.0,sha256:b6baec049c41fc0b6e51df5fd7d4ad73b0e0461609d7fe1dd568ff542ca39948,4,lower,226.924586022,27.78270434999999,25,63051,68170,120.55214174889339,160.19656502083873,6084.287277137387,37.98013569358325,-1.0,63051,False,http://gauss:8090/api/v1/scanner/tracking/scan-fw-1115e1fbd0e794b2/tle-review-13.png?sha256=sha256:9d4db9fcd2eef7265194cef9a2d6f0612d20a83d7cc618f52c4ae545c05b6dcb
scan-fw-eb906a4f2646f979,20.0,sha256:e2c851d48490a8533af0b5794f33211118464f49570723b13f6e7dfd256dc7db,1,upper,33.032543345,29.909426095,35,63151,53706,29.84468124857225,70.35977261252961,817.1462332372266,11.61382709033528,0.0,63151,False,http://gauss:8090/api/v1/scanner/tracking/scan-fw-eb906a4f2646f979/tle-review-01.png?sha256=sha256:89bc535c85a27d4a33f64727a6782f9f5de846db9b158d2b4b0522478f2a478f
scan-fw-eb906a4f2646f979,20.0,sha256:4f4aea94571222b8826783605f1a8d7e7dde3c47d9ab5ab450b370f091ab6c16,2,upper,35.559242099,14.610644422999997,31,69668,59711,90.1943612093069,29.005044247505666,1657.8096706678134,57.155909038490066,-2.0,69668,False,http://gauss:8090/api/v1/scanner/tracking/scan-fw-eb906a4f2646f979/tle-review-02.png?sha256=sha256:a967f56a345d7b746b4e2dd223fd00da02835839246f3ba5571fd6641a12fe71
scan-fw-eb906a4f2646f979,20.0,sha256:02480be058f6ddd3e0987d369b52d2547844a165711ac2cae682bcb495430c01,2,upper,176.919795788,16.565938517000006,37,67021,57648,55.348722564337244,23.838680158241623,191.25128141049515,8.022729452342388,0.0,62477,False,http://gauss:8090/api/v1/scanner/tracking/scan-fw-eb906a4f2646f979/tle-review-03.png?sha256=sha256:f407fc75169ffdb940a46a8c20ac88dac0b711c8c1f4aac1f0be258ea48b7509
scan-fw-6f7e9e36fe903ede,15.0,sha256:ebacdac75b39270c2fd1a4b760a144b911ed3e51e3225f8f72da90df7324d191,1,upper,5.364738745,42.237293777999994,82,67006,58091,140.86973085731339,142.35237116175216,707.5362104182271,4.9703155953353795,0.0,58364,False,http://gauss:8090/api/v1/scanner/tracking/scan-fw-6f7e9e36fe903ede/tle-review-01.png?sha256=sha256:9b48ab5955ab705dd36494bc591dd84d8bb4cfec698958428b6be936ee3e2d17
scan-fw-6f7e9e36fe903ede,15.0,sha256:4608db2573b285d93b853e089a31e020d4ee02117dbf40964d670b6f0698c281,2,upper,20.660765175,33.957380607,74,67023,69962,149.2114926972596,134.01274806527832,313.43600324978223,2.3388521448504727,-2.0,,,http://gauss:8090/api/v1/scanner/tracking/scan-fw-6f7e9e36fe903ede/tle-review-02.png?sha256=sha256:120a7988496f54ef9625dffb9771face1c280aa1ae2dfa260d5c0c18e00396fd
scan-fw-6f7e9e36fe903ede,15.0,sha256:0de848eebd3eb1d8717efff510313695740e3718fc493ac321701a5616157156,4,upper,22.766116989,16.135919709000003,20,67023,69962,11.724255035650685,17.75819678736914,41.6582701530248,2.3458615000062983,-2.0,,,http://gauss:8090/api/v1/scanner/tracking/scan-fw-6f7e9e36fe903ede/tle-review-03.png?sha256=sha256:41704172988934f003189174e48b1160b8a553f130b2bf2bb4a38d3842b226e1
scan-fw-6f7e9e36fe903ede,15.0,sha256:c3051b7cee2d60525dc9a602b9aa2fc30b62e5d32c8581221bcb7db0ab52bf5e,4,upper,89.837192915,38.165331205,52,62849,57514,124.39766250195657,162.22327270073183,780.8819077581963,4.813624424892234,0.0,62849,False,http://gauss:8090/api/v1/scanner/tracking/scan-fw-6f7e9e36fe903ede/tle-review-04.png?sha256=sha256:e24910f16964b49cf34016fc77bb8d88fd20ca02e1f042005e993d90a046c3f2
scan-fw-6f7e9e36fe903ede,15.0,sha256:ba20c9ff6bb5dc5cab13796bd649dd0241be1824bcefb9d97abf6a7ad1347af8,1,upper,100.641237944,28.483960686000003,56,62849,57514,35.010953295964015,43.44389355853633,300.91660850002705,6.926557079755566,0.0,,,http://gauss:8090/api/v1/scanner/tracking/scan-fw-6f7e9e36fe903ede/tle-review-05.png?sha256=sha256:bce6843482521024596b7053149b68323130a995b2e41c24c40fca1a311d06f1
scan-fw-6f7e9e36fe903ede,15.0,sha256:1979945cc38db64a9aef13399a5de75a1cfbc1f3255cf0b13274cd9741dfa232,2,upper,100.922572065,15.294457844999997,27,62849,52635,30.43048610895033,52.80336104091429,236.45887755804154,4.478102774079535,1.0,,,http://gauss:8090/api/v1/scanner/tracking/scan-fw-6f7e9e36fe903ede/tle-review-06.png?sha256=sha256:5fdc95f1dc5d0f8fe59007bd51046ede24b1d5afaee5cee5ab04737d745828f9
scan-fw-6f7e9e36fe903ede,15.0,sha256:ebe2f620e0c631a67dc4c25dfb23978599912a58bca1741f5c6b864d3dd6dbca,3,upper,109.762588674,17.818618584999996,20,62849,57514,22.756450182383922,25.845438310780086,113.94770074672383,4.408812858058455,0.0,,,http://gauss:8090/api/v1/scanner/tracking/scan-fw-6f7e9e36fe903ede/tle-review-07.png?sha256=sha256:73f4e0fd1a27018a988ae4f7252ffbe169a4909226ed135768638c36c32b7317
scan-fw-6f7e9e36fe903ede,15.0,sha256:d158db59bcb035b1986219e1942c0434c09c9f424cc893dbbbec7a56c91ce1ba,3,upper,126.880908989,25.680370009,33,62482,44968,47.818230779189555,55.1373462625533,2443.798879807613,44.322025731356725,-1.0,62482,False,http://gauss:8090/api/v1/scanner/tracking/scan-fw-6f7e9e36fe903ede/tle-review-08.png?sha256=sha256:842ae6820199b32e7bf615e0754a2df8f90e2ef47abb652f9b2ec2e33ff38312
scan-fw-6f7e9e36fe903ede,15.0,sha256:4f8aaf1156b8d9b4844d39c791c5ee18b5b6f6f715ec8af6770d2aeb5b5dd5c4,3,upper,251.06276251,17.678720464999998,23,58044,53176,56.196355463298175,50.02252899419269,168.25823634535638,3.363649134270883,1.0,57244,False,http://gauss:8090/api/v1/scanner/tracking/scan-fw-6f7e9e36fe903ede/tle-review-09.png?sha256=sha256:ff4e857ccd856dae838b514edbe4096c4b25f62eb1487e33cf075cc87a888e2b
scan-fw-61cdad43d64350d3,20.0,sha256:271cfb57a25a5411078d5091c1737b677f7fdf40006cc3ca288aacfc9784106b,4,lower,22.251475937,23.445379185000004,28,66977,65363,67.63451303291593,121.77344088219675,312.25527728282384,2.5642313711484808,-1.0,,,http://gauss:8090/api/v1/scanner/tracking/scan-fw-61cdad43d64350d3/tle-review-01.png?sha256=sha256:f3cfa54d0f2d5c1193a25614aac3eb2a13d33ee5b157a34eb096bb3b181edb66
scan-fw-61cdad43d64350d3,20.0,sha256:e818cf2148ef294ca31da21d10cb63de5f77749b754ec9e09cdc7c8817045147,3,lower,25.199428775,28.218247953000002,51,65363,48138,36.75638993786772,51.62690426214365,545.9449854892789,10.574815462828417,-2.0,,,http://gauss:8090/api/v1/scanner/tracking/scan-fw-61cdad43d64350d3/tle-review-02.png?sha256=sha256:215eb187d33480e34cd9bbdb9cc64315368e390427e69acbee63bf690cc4f808
scan-fw-61cdad43d64350d3,20.0,sha256:158c2946016ccdc18207d69c6a0f76cff7610c82c3f49a5a93e7ec42cc616c1c,4,lower,51.452879362,39.730512018000006,69,64160,49755,119.60242738809504,172.98490559122413,4555.694469139198,26.335791863277564,-2.0,64160,False,http://gauss:8090/api/v1/scanner/tracking/scan-fw-61cdad43d64350d3/tle-review-03.png?sha256=sha256:97fcec223c986c0bbc959652b00f495b77fade36c61f99673ea36236cd255da3
scan-fw-61cdad43d64350d3,20.0,sha256:8bda6d26a7d702ae6bdd96e62a6d5c2578e3c40fbde69b7cf24ce1bc50eabe26,1,lower,78.547306557,25.270929023999997,54,52657,62475,56.49237026442256,55.39031772801475,76.21876297148788,1.3760304345201242,-1.0,,,http://gauss:8090/api/v1/scanner/tracking/scan-fw-61cdad43d64350d3/tle-review-04.png?sha256=sha256:f2aa14119c90dcfcb014b4f7de0971b54029ccc18234f6e7e30e9b1fa25d4846
scan-fw-61cdad43d64350d3,20.0,sha256:a34a9f5bd6153b505bd82853d0efa6b69690e49056b230e1ea0ea0b1398b5a93,1,lower,105.64224766,22.460060740999992,19,62475,52657,20.88429721766614,25.068177543187456,173.0517916126804,6.903245810930882,0.0,,,http://gauss:8090/api/v1/scanner/tracking/scan-fw-61cdad43d64350d3/tle-review-05.png?sha256=sha256:001b9b93aaa616fa55b15eb80913445aff5c45815310fdad4a8c16067ebc3858
scan-fw-61cdad43d64350d3,20.0,sha256:37e220dd116268cd4ed3d58f2d182d839afe8a0fd368b14241bea7acf3d2b0ea,3,lower,131.191212778,30.629808265999998,47,66968,100256,65.84001641563651,77.53251590152131,1251.5684243286237,16.142497244876147,1.0,,,http://gauss:8090/api/v1/scanner/tracking/scan-fw-61cdad43d64350d3/tle-review-06.png?sha256=sha256:ee2687a84bb577a2522eae06175ad10d6ec37c5f23c9f2dc73988cc238f66ffe
scan-fw-61cdad43d64350d3,20.0,sha256:b2b83f38ebcb4e76e86f0ce1b33cf31de9839f31033a2f1024c0bc3e02f23147,1,lower,134.842322737,10.24935326900001,14,66968,62475,35.92812150422833,43.57408768648876,560.3009601636676,12.858581554133215,0.0,,,http://gauss:8090/api/v1/scanner/tracking/scan-fw-61cdad43d64350d3/tle-review-07.png?sha256=sha256:e3a8340d77eb672e2a08109f35d96bb9c93a3d14c7edf0077980af47e58acdf2
scan-fw-61cdad43d64350d3,20.0,sha256:ea41b993ddec3ea0592423d295f69f9e05c6b905fd5fde8fde97a0b84d382800,4,lower,135.403592834,36.26935640900001,40,66968,100256,48.661888890822446,86.2789832849176,1011.0100145256145,11.717917574283108,0.0,66968,False,http://gauss:8090/api/v1/scanner/tracking/scan-fw-61cdad43d64350d3/tle-review-08.png?sha256=sha256:ed6c579ce0f6434150574b1066e9d116a46453193a02cfabf39477e0f87b9c03
scan-fw-61cdad43d64350d3,20.0,sha256:38cb18a581069a669b8ef0c6cabd30dae1f7a625667c357a7135420709492919,2,lower,142.985592095,29.108967036000024,37,67019,48440,75.13153436357551,55.79964220508994,656.9159420794037,11.772762622113751,0.0,48440,False,http://gauss:8090/api/v1/scanner/tracking/scan-fw-61cdad43d64350d3/tle-review-09.png?sha256=sha256:d18f5731f4bd478fa9e91894d53972aabbe69ee5b8acaede1ce159519c660d60
scan-fw-61cdad43d64350d3,20.0,sha256:7f3e4f9c0c9ccde3c874ca33d4d84634e4d9d3959959044fc6f52bbf71687f76,4,lower,176.508389287,12.77245576499999,17,66968,57079,73.18259565790379,87.65095640994937,87.01738967613662,0.9927717076942147,0.0,,,http://gauss:8090/api/v1/scanner/tracking/scan-fw-61cdad43d64350d3/tle-review-10.png?sha256=sha256:2c28b113b25809b9cc37a8a326d50080aa5aa6c9f17469c3984d008a31c09c64
scan-fw-61cdad43d64350d3,20.0,sha256:c15f942c790413c9a153b970e4f6410a16edfcd6c865955aaa87eb57d6bf74cd,2,lower,191.24497903,28.073384997999995,59,65277,100217,80.12734957935572,95.68355699880497,2008.0123838417521,20.985971329084588,-2.0,,,http://gauss:8090/api/v1/scanner/tracking/scan-fw-61cdad43d64350d3/tle-review-11.png?sha256=sha256:22fd9186c3ccfe1341b5d18bf3bb045b1f6dc68eadf1aa052e995d980af1b87b
scan-fw-61cdad43d64350d3,20.0,sha256:a178204c8a69fa1743f014cb5083d818917d1d28e96425e4f97163a973c9cc01,2,lower,221.002458405,36.494703078000015,60,59439,59199,67.1489515184528,52.64683338538173,1922.3621935310905,36.51429858010921,0.0,59439,False,http://gauss:8090/api/v1/scanner/tracking/scan-fw-61cdad43d64350d3/tle-review-12.png?sha256=sha256:7c4d75f06017da11edfda48c0f4f877f253e42251eb886b5f61391172be3a46a
scan-fw-28c64db3ed2cd49a,10.0,sha256:2ea523d62efaa1ffe8758848fd70dbfe317e0245838dcefccdecdddb5e03329e,3,upper,52.103473677,28.05729472600001,31,65296,52690,65.58878296051891,62.26982548686358,1264.3599607890628,20.304536762445107,-2.0,65296,False,http://gauss:8090/api/v1/scanner/tracking/scan-fw-28c64db3ed2cd49a/tle-review-01.png?sha256=sha256:48bfc356a46c387d6d143341a7433194db9a0b356e010dfceb26b387071b57b7
scan-fw-28c64db3ed2cd49a,10.0,sha256:59d6d72090071b7a63a1a10a7d6c2efb6c39f2002aba8f1cf806e15772fbd5ba,1,upper,130.390165658,18.522846549999997,16,66964,56129,97.7733797156144,103.32889427570635,273.87325392874186,2.650500190178965,-1.0,66964,False,http://gauss:8090/api/v1/scanner/tracking/scan-fw-28c64db3ed2cd49a/tle-review-02.png?sha256=sha256:f0962617799ca38b75f6e56e201be85d7e2c34d399735b82eb86246dac5f7f4a
scan-fw-28c64db3ed2cd49a,10.0,sha256:804090572f5721739ec7933cb1ef887e8dbdfd0a10fd58a9a61ad8f41b4fdaba,4,upper,149.333010155,10.804762779999976,20,58055,64153,19.124919827483737,70.54066009026326,318.31499442735804,4.512503767614944,0.0,,,http://gauss:8090/api/v1/scanner/tracking/scan-fw-28c64db3ed2cd49a/tle-review-03.png?sha256=sha256:0607fbdd451762adcad2afb1f9761563cc11bfadf7a46c68ae0131f67aebe09d
scan-fw-28c64db3ed2cd49a,10.0,sha256:97c798fc5ea620745c6dd08b46dfa3c2270b168fa9704737104378330d00cf26,1,upper,151.718379718,8.27869870500001,14,67728,47919,26.62930203312728,29.15650417752937,719.7843796377523,24.68692320777204,-1.0,,,http://gauss:8090/api/v1/scanner/tracking/scan-fw-28c64db3ed2cd49a/tle-review-04.png?sha256=sha256:02459d59bb4c31c2a5f33c608123d3a858e49addf8fc9e24db9654454e0f3bdd
scan-fw-28c64db3ed2cd49a,10.0,sha256:8175c63f8c737e6c7e50924e420bc4d5d90569893b7f9a6b464cd9fbf946400f,3,upper,205.454488129,12.34799248600001,19,59441,100506,17.86024981999224,76.88036999403222,118.90596570437519,1.5466362312460928,0.0,,,http://gauss:8090/api/v1/scanner/tracking/scan-fw-28c64db3ed2cd49a/tle-review-05.png?sha256=sha256:1070121cbadc479b73c6c24a8345161549b77e6bb90dec9a1adaeab3c5ec8dd9
scan-fw-28c64db3ed2cd49a,10.0,sha256:aa5c4f6c9b3acc53826f46c0f4c0e0cac25016b86dc8645c799b3d31dc1a57a8,2,upper,210.506178314,24.55356817499998,31,57081,63146,102.34807850732089,138.15329057116347,130.23090676446168,0.9426551204538923,5.0,63146,False,http://gauss:8090/api/v1/scanner/tracking/scan-fw-28c64db3ed2cd49a/tle-review-06.png?sha256=sha256:4330da5b12b56dce947ba1efae621dd5eaa33bc382fb284523018f547c189c91
scan-fw-28c64db3ed2cd49a,10.0,sha256:cac94e82ccca8925e41d7ce8439cafa3a67d096732317af9f1f6831035d2279b,1,upper,212.7515394,21.60678856199999,51,63146,57081,103.84734629718598,136.05662098793755,110.54988613489537,0.8125285291679886,0.0,,,http://gauss:8090/api/v1/scanner/tracking/scan-fw-28c64db3ed2cd49a/tle-review-07.png?sha256=sha256:5017eda4ee6cb68640ebe58183eed6c8dbf310c7ff10c4102e0e963cf642a077
scan-fw-28c64db3ed2cd49a,10.0,sha256:5023aaec793291b5cc0221f25f9d34a680796eb0112c4b1ae0ed2812bf741a84,4,upper,222.994317351,43.63878882099999,50,63146,57081,159.59920922735526,181.988960546294,774.373609233951,4.2550581469856095,0.0,63146,False,http://gauss:8090/api/v1/scanner/tracking/scan-fw-28c64db3ed2cd49a/tle-review-08.png?sha256=sha256:1c9376d6e72513246e0ca7dfffb305885918543844ec295a85c5c2cca9878ed8
scan-fw-28c64db3ed2cd49a,10.0,sha256:915331f083704495106c65f3ee001919b78aeed91873ba3720f7ed57e9e1978c,4,upper,285.014351234,13.613417425000023,18,68076,53930,48.65891608975359,61.161057440668316,220.34574143975615,3.602713076920084,-4.0,,,http://gauss:8090/api/v1/scanner/tracking/scan-fw-28c64db3ed2cd49a/tle-review-09.png?sha256=sha256:b1f6a5a79affdad7c2f0aa94611ed183a7b41dd78fe623a533743fa031a1fa0f
scan-fw-821d7f224993f340,15.0,sha256:d05222f314bb2f3b90d5ea1806b177f3ffe97c11fec524e713144c098ed5122f,4,lower,12.387913315,21.610659316000003,33,66250,52693,64.84877257674316,75.3034782270847,1105.9391728374865,14.686428819428809,-2.0,,,http://gauss:8090/api/v1/scanner/tracking/scan-fw-821d7f224993f340/tle-review-01.png?sha256=sha256:8ae9f91f80c515e0d6816b7de98c5e15c5a5f5f28a21305b7ca257851d85d457
scan-fw-821d7f224993f340,15.0,sha256:013880abf74d6d3d175160e03bb658b9a22629667ef06ccff5a0d5002c2dc5b4,2,lower,12.528727356,44.480423303,76,59027,66250,118.60534529289161,147.54221082672763,1576.1167832073018,10.682480453395677,0.0,59027,False,http://gauss:8090/api/v1/scanner/tracking/scan-fw-821d7f224993f340/tle-review-02.png?sha256=sha256:2e2064972607a334e2d94d3e94874ba2879ab6412ba0ed0b97b31695320978ca
scan-fw-821d7f224993f340,15.0,sha256:cc9ba1f51e74672406710fd6b5cba6dca5c37051344a69f4793ac2a3914cacff,1,lower,12.809130809,41.674725932,52,59027,66250,78.35199472078317,110.18590148742017,1491.7916290584958,13.538861223809223,1.0,,,http://gauss:8090/api/v1/scanner/tracking/scan-fw-821d7f224993f340/tle-review-03.png?sha256=sha256:e4ffcf03bed704d158add164e210ce7a1997c58868ffabbde99e20d02be8fe64
scan-fw-821d7f224993f340,15.0,sha256:14e536fc758f3a8d0d9f9c3a4a58ad17b22ab8608596b96ed3e11e5324b1d518,1,lower,101.21176668,29.180189123999995,27,66979,53189,80.72169503373317,73.39827988267876,1080.689499348283,14.723635227905588,-1.0,,,http://gauss:8090/api/v1/scanner/tracking/scan-fw-821d7f224993f340/tle-review-04.png?sha256=sha256:96854a6c82ce10aba8e4860bc1a3d5b548f3173dfbca19b38d2864c072ebc341
scan-fw-821d7f224993f340,15.0,sha256:dbccbe4542a99f0a0e46619df896c87d71bce55026053ee00d3cb2476c23bdb9,3,lower,103.876186751,35.21436457599998,66,66979,53189,73.9895643464733,92.13138557393913,2733.408420946426,29.668591261473605,0.0,,,http://gauss:8090/api/v1/scanner/tracking/scan-fw-821d7f224993f340/tle-review-05.png?sha256=sha256:72a003bc5ee53f81aca38adb3b6a6f089c6016c290bcc94215082281520dee07
scan-fw-821d7f224993f340,15.0,sha256:c142dadaeb85789b5bbbb45fb7df20d1389ff76cbf00f74ceee05a4b99ce873b,2,lower,139.793145054,18.378876913,23,63324,66240,78.74044659982899,117.97162873300286,43.97256426981972,0.372738468918996,-2.0,,,http://gauss:8090/api/v1/scanner/tracking/scan-fw-821d7f224993f340/tle-review-06.png?sha256=sha256:b12080e903d3899920a30a7d6773519e48ab93168b93e9594b3e222ab445bb3e
scan-fw-821d7f224993f340,15.0,sha256:0a069e7b3758b57ef0ef3ea0707fe86595949b76bb87b477e0f38b385a7af99b,2,lower,156.488006614,41.81476473399999,75,66240,63324,60.105787789091856,125.95663177411262,4301.74659771774,34.15260107488728,-1.0,66240,False,http://gauss:8090/api/v1/scanner/tracking/scan-fw-821d7f224993f340/tle-review-07.png?sha256=sha256:207571113251e1021e8b0a0b9ee4bea951966dc215590cae221d655e3b3e0811
scan-fw-821d7f224993f340,15.0,sha256:3aa6683f256816b017d4d275d2abe739e8e34b359955365218bd08901f981150,4,lower,157.470553162,39.28892301800002,52,66240,63324,69.36119010610108,51.667718797903184,3329.866400293891,64.4477147001316,-1.0,,,http://gauss:8090/api/v1/scanner/tracking/scan-fw-821d7f224993f340/tle-review-08.png?sha256=sha256:50e6a1898ea1d93c40a622ff4989bdfff863fc34faf396c9d0b6d1f8863747f1
scan-fw-821d7f224993f340,15.0,sha256:103d73ecff18dc9c973dbc17045063aca9431473371eabd9feb69f35a51d588e,3,lower,176.131815318,19.084186899000002,33,66240,60931,34.519891907146445,40.846962973994174,1257.8115428300496,30.793269590957202,-1.0,,,http://gauss:8090/api/v1/scanner/tracking/scan-fw-821d7f224993f340/tle-review-09.png?sha256=sha256:471eb7605a8c88422aab7899161c1aef59752dc2353eaa88377fda438efa30ca
scan-fw-821d7f224993f340,15.0,sha256:9d628ebc95449d70d4813defeead90591adcd92ccb277ff5355b81251784c609,1,lower,206.160072219,43.918250779000005,69,66975,57093,98.49991046079002,105.77810749934388,883.2985735080705,8.350485694911391,1.0,66975,False,http://gauss:8090/api/v1/scanner/tracking/scan-fw-821d7f224993f340/tle-review-10.png?sha256=sha256:e614d35c3e42927f533e9320e134b640fb6959ab2cdc639a186b451e2a7e741c
scan-fw-821d7f224993f340,15.0,sha256:8255a3851fa28ee2e8b3bfc95b3ee3ad71dd47dc79961c12f513df0069aeaa3a,4,lower,206.581096508,32.41365921900001,25,66975,57093,132.33094223585283,156.45918728216782,475.85263387522775,3.0413850547302586,1.0,,,http://gauss:8090/api/v1/scanner/tracking/scan-fw-821d7f224993f340/tle-review-11.png?sha256=sha256:faeb91964bde1b10b1a8c1b431ca429564ed8dc353584f903764ae34d2632588
scan-fw-821d7f224993f340,15.0,sha256:b3505d60f44fc9d5d7be91552a806ec99c3dc883faa353792ddc622de8ec0aa7,3,lower,212.19333213,20.206739849,34,66975,57093,30.53084674091562,32.01872906050927,171.82277417894346,5.366320875954548,1.0,,,http://gauss:8090/api/v1/scanner/tracking/scan-fw-821d7f224993f340/tle-review-12.png?sha256=sha256:341bacab5ee35eb6e56e96b1fb0ca788f5d398aaa0a377739389e7a5a992a7d3
scan-fw-821d7f224993f340,15.0,sha256:97308a65786a83bbd21384916abe4f1808cc3068268259da8023fff1d6270d8c,2,lower,234.785345872,21.889465728000005,35,58057,59254,70.65522393317025,83.30713826328632,782.6589761062872,9.394860901748286,1.0,,,http://gauss:8090/api/v1/scanner/tracking/scan-fw-821d7f224993f340/tle-review-13.png?sha256=sha256:3e2cdd67e0b6551abbb10cc9ccba1b64ec4961331144199c0a3645b594e32795
scan-fw-821d7f224993f340,15.0,sha256:acd2b1f74b733a9a088bc6d68cb69180a45b7834954a3e03133e680039327d5f,3,lower,250.780134547,24.138672598000028,40,58057,59254,61.24439180921245,41.1335130193851,651.7339494812328,15.844354192993155,1.0,,,http://gauss:8090/api/v1/scanner/tracking/scan-fw-821d7f224993f340/tle-review-14.png?sha256=sha256:bf01fb618d2de0984ec24acfbb39f8ef47185240169d4a0bb73e7c7ec6c1d636
scan-fw-821d7f224993f340,15.0,sha256:3edac2c55494ee2cb5e7ac7a733415549e6edeef2de64c69f5eb1d403e84fb84,2,lower,254.149394752,15.156010339999995,19,67725,59254,27.4241249235745,30.395002931646015,718.8719755104058,23.65099214259151,-2.0,,,http://gauss:8090/api/v1/scanner/tracking/scan-fw-821d7f224993f340/tle-review-15.png?sha256=sha256:fa54df5b3847db6cfa6bbf6ede092d81d241ff0e8e9049ee97842052ac6f3f5f
scan-fw-821d7f224993f340,15.0,sha256:92077ad95b6231a9ce448878048c1ce003b43ee8170b313cb32e30f41e07590b,3,lower,255.552079329,10.105347647000002,25,67725,59254,21.12202869907656,25.823230769138025,619.5738604271669,23.992887101006538,-1.0,,,http://gauss:8090/api/v1/scanner/tracking/scan-fw-821d7f224993f340/tle-review-16.png?sha256=sha256:684c14192980b6865a66f0ba77789b17cb33eabf74e6a04dc608c06c93609379
scan-fw-821d7f224993f340,15.0,sha256:be69bd08727acabd8568bbf678f2265662fe9eedddca976caa5c8af44dfeaf10,4,lower,256.113495414,38.58667649400002,51,59254,67725,74.74710370863043,91.6357348901798,1591.0681382424712,17.362965879514967,1.0,59254,False,http://gauss:8090/api/v1/scanner/tracking/scan-fw-821d7f224993f340/tle-review-17.png?sha256=sha256:a2cf5d930ea5ac21efbf10ba85a04d45530b84fa4341b13568eb15682d57afa1
scan-fw-6ff985ae6095569d,10.0,sha256:21e93c883aff8fe008e564e44686f844888fdcf9dbaacf072098982f3271473a,3,lower,1.188487472,9.822722004,18,64730,68069,53.76700011534395,63.49026539636076,79.85688929916198,1.257781626846678,4.0,,,http://gauss:8090/api/v1/scanner/tracking/scan-fw-6ff985ae6095569d/tle-review-01.png?sha256=sha256:dd99fb771b5f7955ee403b2eb8da19a2e50093e87c0b3ca1f1842d95bdc090b3
scan-fw-6ff985ae6095569d,10.0,sha256:428cd55f0b61b4e53e3b044254c75de1614e1bc971e6a5ff1dcf780aa9120f02,3,lower,10.871184851,14.872084679999999,24,64730,68069,66.25293611010977,50.04186560679707,257.22666390351395,5.140229301694449,-2.0,68069,False,http://gauss:8090/api/v1/scanner/tracking/scan-fw-6ff985ae6095569d/tle-review-02.png?sha256=sha256:3867e577da6d44714a57c15e12f13f6470bbc72809e38e00d6d592905f7a65ee
scan-fw-6ff985ae6095569d,10.0,sha256:f562625c9603e7408f605ef37b25e73e26b08c91f8ec0b7840cceb085ef7fd4e,4,lower,144.429844488,10.804025223000025,16,57228,61543,61.462175762614194,165.34749924892415,1207.7087575251749,7.304064246578153,-1.0,57228,False,http://gauss:8090/api/v1/scanner/tracking/scan-fw-6ff985ae6095569d/tle-review-03.png?sha256=sha256:2a7c2027c36513c63c908c38ff0cbe2487a1494a6e62e3e7750c978378bd0bf8
scan-fw-6ff985ae6095569d,10.0,sha256:078c6fbfb6b918b61706b77caf10d5af397d463a6a051b570c0261903cc54f9d,2,lower,257.94478684,10.663905301,18,59259,63679,43.670836260911045,40.2661021055636,59.97230859841091,1.4893994070045458,0.0,100034,False,http://gauss:8090/api/v1/scanner/tracking/scan-fw-6ff985ae6095569d/tle-review-04.png?sha256=sha256:824e7d355ccbabf696ef26a42ded09c5e267489fd7f9c602a2eeb9fc9b6a195b
scan-fw-6ff985ae6095569d,10.0,sha256:6c80dfa5028e14de221b9336e42ab694799c69d796048105cdce68c373bc0acf,2,lower,273.51670375,25.952153698000018,33,59456,48022,656.342316485258,455.6389026332599,475.15937789161205,1.0428419854967126,1.0,48022,False,http://gauss:8090/api/v1/scanner/tracking/scan-fw-6ff985ae6095569d/tle-review-05.png?sha256=sha256:80dbb44dad9971bad4a3f13589a93f9f0ab8046726eff009a5a6ed2fb32c6cf6
scan-fw-6ff985ae6095569d,10.0,sha256:422c5291ef9ac6f781f9d7f3fcc84baddbdd56ecf7adff70c396168123a1aac9,1,lower,277.866067356,21.883909198000026,42,59456,48022,19.63873237690349,26.34965527950826,27.416276404562375,1.0404795096459425,0.0,,,http://gauss:8090/api/v1/scanner/tracking/scan-fw-6ff985ae6095569d/tle-review-06.png?sha256=sha256:118ebdd3e4361167a012c813c17f93b9538e9842979bb4c98dbcecf59dc56b37
scan-fw-a0c27bd0aafbc09e,15.0,sha256:9f9a6ce3fe136d1282f909f05ab832f38081b4552640b604823140dda00aa022,3,upper,3.277977979,21.468088818000002,26,59267,58510,106.02861981851656,108.75089896021119,1279.0913164552403,11.76166200633636,0.0,,,http://gauss:8090/api/v1/scanner/tracking/scan-fw-a0c27bd0aafbc09e/tle-review-01.png?sha256=sha256:756d8c3497e3fcf1daf771104a575833c7102bd0058f064ea3707dff5899308f
scan-fw-a0c27bd0aafbc09e,15.0,sha256:ffef175e8cae4d409d8459f979131da0674724e4f4f386f035638bd8b5d74072,2,upper,8.330276388,30.023608036999995,50,59267,53798,86.85349758146832,72.58599390676969,1636.921683875323,22.551481295107767,0.0,59267,False,http://gauss:8090/api/v1/scanner/tracking/scan-fw-a0c27bd0aafbc09e/tle-review-02.png?sha256=sha256:b946100c022b75d310884ba89081b806e2e84e5df1759f5206d9c5b5279880ca
scan-fw-a0c27bd0aafbc09e,15.0,sha256:1c8f922bb2c570131c022b0e776a35acbc34a9444868d1c6a845ec863c322e82,1,upper,25.025922118,41.668041602,62,59467,53798,74.278868409312,81.15356549648993,1024.2431853234946,12.621049722920619,-2.0,59467,False,http://gauss:8090/api/v1/scanner/tracking/scan-fw-a0c27bd0aafbc09e/tle-review-03.png?sha256=sha256:f4e5983fe5761e38076d647c3a2ed2ff21a40b57b33c2eb90a76c0b4d3f693b3
scan-fw-a0c27bd0aafbc09e,15.0,sha256:d4730d1d31f5e0de6e51ba38bea6d18d40786700c9a68cab316a6b5a909c15ac,2,upper,102.897795841,46.158881441000005,83,56834,63685,92.33383412911843,102.93083566588177,1338.7446991275895,13.006255030059373,0.0,56834,False,http://gauss:8090/api/v1/scanner/tracking/scan-fw-a0c27bd0aafbc09e/tle-review-04.png?sha256=sha256:8bf49f612c2cb199cb3786db9c0e0ca247449a445f23bd083ee5f1351d0c60bd
scan-fw-a0c27bd0aafbc09e,15.0,sha256:2f68413c3ace20a801acee827cb1b6567549dd2ca2282f6e9a086888b849f76c,2,upper,235.908826676,17.81870294800001,17,100056,53206,23.638595893814777,20.077590521329295,2990.6930109366353,148.9567688791886,0.0,100056,False,http://gauss:8090/api/v1/scanner/tracking/scan-fw-a0c27bd0aafbc09e/tle-review-05.png?sha256=sha256:dd5ef46600105a67386f71b14885124a96460278884d454884527cabd0ac685d
scan-fw-bb6e6788d7ceda8b,20.0,sha256:9a05becca1ed6011ec4291cc1b365d0675c158fb3c7fb2a8aea7f861f9de93bb,3,lower,5.94605865,30.462722670999998,36,67041,53147,60.44236012735933,111.69309552287375,4146.9580614603165,37.128150509635184,0.0,67041,False,http://gauss:8090/api/v1/scanner/tracking/scan-fw-bb6e6788d7ceda8b/tle-review-01.png?sha256=sha256:24e2a9fc846c1219fae45be3f83fe35f8e042ebd18edd5a75f3deb0ccfdf35d1
scan-fw-bb6e6788d7ceda8b,20.0,sha256:25f98cc2b1b11609887c17bcb8108f606fa298a6224c2ba8b2b8a88c5ad79578,3,lower,66.031435872,29.761436361999998,63,65029,58512,96.66166102753118,62.736719253411536,1197.945234972045,19.094802043014106,-2.0,,,http://gauss:8090/api/v1/scanner/tracking/scan-fw-bb6e6788d7ceda8b/tle-review-02.png?sha256=sha256:504763291cf8af76ae13510fb91ca3137d0fcc9653e18f04e8443f7d265302b1
scan-fw-bb6e6788d7ceda8b,20.0,sha256:c6a72b5c593b5295f99dcd28eaf253355c7965ba151b91f1f1daebb8eb143daf,4,lower,82.59485876,13.899314023000002,25,65029,65016,22.27936252971345,32.34088422097925,859.5829619997874,26.578833037662694,-1.0,,,http://gauss:8090/api/v1/scanner/tracking/scan-fw-bb6e6788d7ceda8b/tle-review-03.png?sha256=sha256:875c31cf57e4d58153cff012a9d3b96c385f3204bf771ea72e7c75c6e156780e
scan-fw-bb6e6788d7ceda8b,20.0,sha256:b7371b1df102278ad9f60710aa5082ead3ab8b7418c07e8f652759704de8a44f,2,lower,83.296732044,44.781392588,74,59165,59668,64.56351272052832,82.32401082314784,517.8934956270472,6.290916713710771,0.0,59668,False,http://gauss:8090/api/v1/scanner/tracking/scan-fw-bb6e6788d7ceda8b/tle-review-04.png?sha256=sha256:b1f17d8f2fd86d546a40e1e7a4256a8cc4ef9a4e40c3118f5a5b445bd1bdf6ea
scan-fw-bb6e6788d7ceda8b,20.0,sha256:260ad175bdbcef4fec28ddeced51943ddd165f30dd0fc959330d3883d52366cc,2,lower,114.322069082,41.27005971000001,70,64035,67048,124.23156356113344,159.34170338535617,720.8702592863489,4.524052674038367,-2.0,,,http://gauss:8090/api/v1/scanner/tracking/scan-fw-bb6e6788d7ceda8b/tle-review-05.png?sha256=sha256:b2ab286c12a9ebd51f657213442f45a360bc8f3287c0e8b30777391bdc02f998
scan-fw-bb6e6788d7ceda8b,20.0,sha256:8b15219c7fec240ccb688da0aee47ecf43437e92e8eb6e2df0fad7ac110e082a,4,lower,119.796116135,21.616759532999993,18,67048,58986,34.586212771384595,22.483498691055043,260.509374873113,11.58669202034626,-4.0,,,http://gauss:8090/api/v1/scanner/tracking/scan-fw-bb6e6788d7ceda8b/tle-review-06.png?sha256=sha256:f401dd190dac44e50b9c04b6e8d751ac815f4bf25809520d37f45e6f89b91c8c
scan-fw-bb6e6788d7ceda8b,20.0,sha256:3ac69e422b7a18df144589c94608991b01dbe206fc0cad93fd2d658751a8cb1c,1,lower,128.919468457,15.301339740999993,22,64035,58986,23.083895765718637,32.21930830410878,263.39001768581136,8.174912235847795,-1.0,,,http://gauss:8090/api/v1/scanner/tracking/scan-fw-bb6e6788d7ceda8b/tle-review-07.png?sha256=sha256:5dd299ba6b51c26dd2d0f153a030921eaca9bf4670ed6d5cd2043452eb89a97b
scan-fw-bb6e6788d7ceda8b,20.0,sha256:4c0a5be5efa3fef88b49959b46ce10ed18f7f5833d6271d86f9148fc50fcf5f5,2,lower,140.149643206,29.761852581,39,58986,62421,35.08704610293952,34.782019687542174,1789.4878263594233,51.448646238342555,1.0,,,http://gauss:8090/api/v1/scanner/tracking/scan-fw-bb6e6788d7ceda8b/tle-review-08.png?sha256=sha256:019157c3a4aafa2b565329b9af192f961ae9586c37f876c4bfd72a4a34fde4da
scan-fw-bb6e6788d7ceda8b,20.0,sha256:c8a3b2ac9e75422768555dcb7b54f697daabb26f6fec4d72072e922a24273a34,3,lower,184.090060314,28.49563194800001,30,64025,65533,112.0637887439817,22.217401972585048,1787.2002615196313,80.4414604248026,-1.0,,,http://gauss:8090/api/v1/scanner/tracking/scan-fw-bb6e6788d7ceda8b/tle-review-09.png?sha256=sha256:cc00ac781a016c2c63cee8257ef79f77fa99fb7d91ea9de8384d083a1d2f5716
scan-fw-bb6e6788d7ceda8b,20.0,sha256:31f0af1a958f1a9e2e131f6eeec36fb4a1769ec92eadc62d37b49bd87afd31bd,2,lower,185.49273966,32.14409396399998,40,64025,65533,18.393261176818392,39.13239416381448,1157.5056711439433,29.579219362312433,-1.0,64025,False,http://gauss:8090/api/v1/scanner/tracking/scan-fw-bb6e6788d7ceda8b/tle-review-10.png?sha256=sha256:ae36f66f1355d58042e0a6126761d2833e5b984eecfb77da60fb660804d5821b
scan-fw-bb6e6788d7ceda8b,20.0,sha256:a249e5a8a6ac19955d8377067692cfabb1b00c0ed36855e9bd5f418d7b57f3e6,1,lower,185.632739665,30.18143096099999,32,64025,65533,30.675313149972578,114.2235740094798,917.2625158679687,8.030413369764124,-1.0,,,http://gauss:8090/api/v1/scanner/tracking/scan-fw-bb6e6788d7ceda8b/tle-review-11.png?sha256=sha256:ac85604261d17cd6a50339f6c1f9e4e53113dfd1a488bc4147edf1ac0de751ca
scan-fw-bb6e6788d7ceda8b,20.0,sha256:d0bc8bfdebe8a8256a71362bf6ec2bbb2533469e8f63108b7616f74626e235c2,4,lower,186.475273258,22.600234965000027,27,64025,66287,73.89868231950868,39.62418448420503,597.3702507870296,15.075900199918385,-1.0,,,http://gauss:8090/api/v1/scanner/tracking/scan-fw-bb6e6788d7ceda8b/tle-review-12.png?sha256=sha256:2a6869e292e93943901054128c1d18be3cc9f0bdce719c0d11d5476df580a365
scan-fw-bb6e6788d7ceda8b,20.0,sha256:6b65e0815d1c759fd1137a0c9f937d2f65c4fb95738ddeb743e168defa7f254e,1,lower,208.795293357,17.257679126,14,67612,63266,20.698827495466823,30.25300248069537,918.3438752832528,30.35546226756349,-5.0,,,http://gauss:8090/api/v1/scanner/tracking/scan-fw-bb6e6788d7ceda8b/tle-review-13.png?sha256=sha256:0e7c1a929417b7c834b11242021db5418ceae8bc6b6f9765ac93feaa25c53e73
scan-fw-bb6e6788d7ceda8b,20.0,sha256:49f4667b768f0646e1a4b2fb7aac86edbb864154c0b28b3733dbee70fea0631a,1,lower,225.212768765,37.48273767399999,41,64023,59623,50.90430116770683,22.498186198108733,536.6693067688598,23.853892133490024,-1.0,,,http://gauss:8090/api/v1/scanner/tracking/scan-fw-bb6e6788d7ceda8b/tle-review-14.png?sha256=sha256:13edc1409819ebad1d3ec57dcf8631c75675b1f4f929c59e1398af7ad0e78246
scan-fw-bb6e6788d7ceda8b,20.0,sha256:4bdcd2d19bd6f409893a08d30a72d23cc4a367b2985de0a8d0e8d1c4230751f2,2,lower,232.651017569,45.761901881,87,59623,64023,68.13256822683117,53.99677016434549,471.75911081824137,8.73680239359479,1.0,59623,False,http://gauss:8090/api/v1/scanner/tracking/scan-fw-bb6e6788d7ceda8b/tle-review-15.png?sha256=sha256:1c9dda99ac06b4c7b814dd0608191faf8ab24c970a39816475b1012b97e28685
scan-fw-bb6e6788d7ceda8b,20.0,sha256:9a6ad168352175657e748db1b184b58c454dc6ef10c863f046cf0bf25a6b99bb,1,lower,250.75700826,16.84926695300001,21,65874,57058,86.64104424617693,48.74264329267891,366.6436224430368,7.522029944939532,-1.0,,,http://gauss:8090/api/v1/scanner/tracking/scan-fw-bb6e6788d7ceda8b/tle-review-16.png?sha256=sha256:9e721fce15b68d2a2158da8815d3b6efb2c99ffcb5a15fd02d12d995e1897864
scan-fw-bb6e6788d7ceda8b,20.0,sha256:5f2d8b71e2b6e083251384004cc2c3eee984dc545aa9c34c4f705c42ce530523,3,lower,260.023588565,8.425353851000011,20,65874,59623,29.51436976821286,32.85632021411816,183.31546261238728,5.579305942289232,-2.0,,,http://gauss:8090/api/v1/scanner/tracking/scan-fw-bb6e6788d7ceda8b/tle-review-17.png?sha256=sha256:9bb2b46a0348900ba45bf775a039646b492a6fc3e6f18e7c7e7d8abd3cae974e
scan-fw-bb6e6788d7ceda8b,20.0,sha256:3876384007d8f28dcf96d0f1b8f818638457248392e1f755188d7b41db0f893f,4,lower,275.464896387,18.809451437999996,18,65022,100547,90.68378057524798,92.35009518888243,258.365413686446,2.7976734962537355,-2.0,,,http://gauss:8090/api/v1/scanner/tracking/scan-fw-bb6e6788d7ceda8b/tle-review-18.png?sha256=sha256:01ac7ad278b4c4088e1ed5050eaecea23362c5b7b57843a7f071c5891aa664d3
scan-fw-adf042843aa506f0,10.0,sha256:708f10dd64a60819b25e02656cfb17316ac95d94c14c245bae5ba417de4d04d4,3,upper,5.391904209,12.205997920000001,15,57056,67053,30.50047928347974,29.119337778690706,49.734555698247604,1.7079562755250206,1.0,,,http://gauss:8090/api/v1/scanner/tracking/scan-fw-adf042843aa506f0/tle-review-01.png?sha256=sha256:7aea67836e33eab5fc8e2f7681d562a41bcff3593fc4a8e12006fb1d5edde0b6
scan-fw-adf042843aa506f0,10.0,sha256:5e03afe05bb88ac393f945d9ac1cc3b017ab531aad1e4ff524f187f09282fe41,1,upper,12.687602026,31.98501049,42,67053,66283,103.64838598624902,80.93202318638409,318.7283435983875,3.938222857278205,-1.0,66283,False,http://gauss:8090/api/v1/scanner/tracking/scan-fw-adf042843aa506f0/tle-review-02.png?sha256=sha256:0c595e605c69f4a5b039f5ecc32c745bf447dfea5e461db32892acde35a80536
scan-fw-adf042843aa506f0,10.0,sha256:a47dbd784d0f04a6df2109b32dceb4700fd1c93fe619f4137de92c13163a8c3c,3,upper,94.343332422,16.274745328999998,17,65026,63426,76.44730086895596,59.393706460478086,109.37028666907885,1.841445721894058,-1.0,,,http://gauss:8090/api/v1/scanner/tracking/scan-fw-adf042843aa506f0/tle-review-03.png?sha256=sha256:7f5c36ae507c5d9b76b93639b685e432c3fabae1e1323ab1b8a17373f4ff3e66
scan-fw-adf042843aa506f0,10.0,sha256:c363a43ad2e43bc6b496c91e947f4189240b56de85908600aabcc1f819e909d1,1,upper,145.696602485,14.874834799000013,16,59659,57052,33.99217433253191,70.21549850542108,209.20823783402886,2.9795165210979264,0.0,,,http://gauss:8090/api/v1/scanner/tracking/scan-fw-adf042843aa506f0/tle-review-04.png?sha256=sha256:b6490ce8da1bc2ba7fc9dfd9327b774fb9f83e3993f328046b3ada8e3c3d18a2
scan-fw-adf042843aa506f0,10.0,sha256:e47b14fb2f4de6811fb8d696a66eb983e8227c42cda1ca2c04842328c7a12b95,3,upper,166.183410638,37.601316502,48,58413,100549,90.86240874925943,126.7982959498163,3179.9583415870084,25.07887284893449,0.0,58413,False,http://gauss:8090/api/v1/scanner/tracking/scan-fw-adf042843aa506f0/tle-review-05.png?sha256=sha256:9f4f598bbcbc5075710d144764f31ead63f7a73c96762f12904cd3920221bc07
scan-fw-adf042843aa506f0,10.0,sha256:df3448eb326c341ef0b0205d3d46455581aa66ed894bb128257d9a883cc778db,2,upper,212.481615714,39.281702424,59,59167,62310,108.70077099906521,74.18226195624312,2875.9027387574874,38.768064803063794,0.0,59167,False,http://gauss:8090/api/v1/scanner/tracking/scan-fw-adf042843aa506f0/tle-review-06.png?sha256=sha256:114cc0dd35933d5e80f5f98ae92fcb4adcf631e2328504cbb65d710f5777ffa2
scan-fw-adf042843aa506f0,10.0,sha256:e39fd0ba00dd18069527749b523032949fa11c9784cfa7d81a093d3e9a1ba9d9,1,upper,219.776801366,21.326707303999996,18,59167,65598,42.803443674871076,169.2326721344233,1117.6874574925446,6.604442531077885,0.0,,,http://gauss:8090/api/v1/scanner/tracking/scan-fw-adf042843aa506f0/tle-review-07.png?sha256=sha256:17fd15d3c5ffc42921d32c87deb228638551318d6f51271638de23c722b704d8
scan-fw-adf042843aa506f0,10.0,sha256:fffa80146e0fda0ef45f73b81396bb8c5c6524ec9d5625eb67a1bf9578070c93,2,upper,249.098521286,18.09966172999998,31,59167,62310,660.3877993674643,1325.1922493600252,1437.542855698137,1.084780609298288,-3.0,,,http://gauss:8090/api/v1/scanner/tracking/scan-fw-adf042843aa506f0/tle-review-08.png?sha256=sha256:cc9d5f2937219fa7675628389a7115e46a95439cf1e0008ae06a783babd5f764
scan-fw-adf042843aa506f0,10.0,sha256:04d759c96ef0735f4bf6454079ac995a878bf990a254a29c31689f49cf9c3d0b,1,upper,260.744828513,26.09733118099996,21,67055,63408,77.37794516973375,79.72328935411304,108.8476783515983,1.3653184562935083,-4.0,,,http://gauss:8090/api/v1/scanner/tracking/scan-fw-adf042843aa506f0/tle-review-09.png?sha256=sha256:c00515d2e57449ea2a055763a3fed494042b650a7724d5e337ffa2da89eb59cf
scan-fw-adf042843aa506f0,10.0,sha256:6cc5ce39d7ff2e3c0d9327416b24de7a93bd39ba5bbf8d928bd651ba460c3f95,1,upper,280.247229942,19.50298885699999,39,58444,65036,21.7636307943724,43.970998170095974,59.94452070420253,1.3632740487790407,-2.0,45368,False,http://gauss:8090/api/v1/scanner/tracking/scan-fw-adf042843aa506f0/tle-review-10.png?sha256=sha256:283ddcd12576d052a9356acdfc9fd366b38b9997ca5161d401eff6e7ff418fda
scan-fw-adf042843aa506f0,10.0,sha256:96ed4042e46f8e07c13eb0f7aa25a91eb776c22813d5abaa2d7b2877e0aa42da,2,upper,281.931450035,16.976102206999997,29,58444,65036,53.87746660688442,28.69301289269173,51.438156161785315,1.7927066897490886,-2.0,,,http://gauss:8090/api/v1/scanner/tracking/scan-fw-adf042843aa506f0/tle-review-11.png?sha256=sha256:64ecea3eaa12c481aa780895208ed6843826729addf952ce7fd8cf48a393a7aa
scan-fw-90078d48510c04f2,15.0,sha256:dc251ab2f718a65e92c5385176431dc6ebcfd3dd54fbe8603ca1ce7873737584,3,lower,22.782115604,31.005794917999996,56,58445,66809,29.098160888951572,38.995784941485894,1181.9368712073917,30.309349407401754,-1.0,58445,False,http://gauss:8090/api/v1/scanner/tracking/scan-fw-90078d48510c04f2/tle-review-01.png?sha256=sha256:387a189388e87f36e5d95b44a44ea9c96e3768827bcc86e7e9dfc7ed9d1ecb0b
scan-fw-90078d48510c04f2,15.0,sha256:c052103216f7f90700ab4d8c643b3b2e912b683c24ce703fb72aae64c33dd863,2,lower,56.033260527,14.311964350000004,18,58445,51147,53.363641205076895,105.13944086528137,137.63611170799922,1.3090816402985908,-1.0,,,http://gauss:8090/api/v1/scanner/tracking/scan-fw-90078d48510c04f2/tle-review-02.png?sha256=sha256:8b159d4848c66c2a751212d7306d63486354b350478e21c54f3f14d74b156f35
scan-fw-90078d48510c04f2,15.0,sha256:489332e371bdbf4cad1c4c32d5a57786152810dd687ba7926aa1f01b50a0af48,2,lower,62.486308906,12.208067210000003,27,63404,64044,25.470384528859906,23.327794366927726,264.28569587251326,11.329219201588826,1.0,,,http://gauss:8090/api/v1/scanner/tracking/scan-fw-90078d48510c04f2/tle-review-03.png?sha256=sha256:14fed636aa6d363d8e30e6d34fd1f6fa1ed40e97976ae50cabe08d3aeef3d8ca
scan-fw-90078d48510c04f2,15.0,sha256:d71391859251d56638cabaf388155ca46fc8007e79cc14e4af3d98f102f314b5,3,lower,64.872992536,17.959802347999997,23,63404,65603,20.88228554100403,23.700149914071932,657.4181326577612,27.738986252885265,1.0,63404,False,http://gauss:8090/api/v1/scanner/tracking/scan-fw-90078d48510c04f2/tle-review-04.png?sha256=sha256:b0b2e439bc99ac475636fe4e2b5e6b222b84e90024236b4f56dbcccec4cddb02
scan-fw-90078d48510c04f2,15.0,sha256:02166146dd87c9bc974b2ae10845b859ffd25e76e620aa8deae2e0162ab5a87e,2,lower,75.115713872,33.257477312000006,59,63404,68256,129.37386146885214,145.83169225370395,636.2840000374863,4.363139384891321,0.0,68256,False,http://gauss:8090/api/v1/scanner/tracking/scan-fw-90078d48510c04f2/tle-review-05.png?sha256=sha256:71b1c5e02778d69e1856d4de224859b43e8a09937bc059d37a7b79df10c1f8dd
scan-fw-90078d48510c04f2,15.0,sha256:65d8caee1d6ad1f0015bb1567669dd101c10988621a9fc1e99530095694096d8,3,lower,87.322522329,19.08671628500001,20,63404,68256,83.10351200321942,92.0542309684649,377.46195781328265,4.100430298989626,-1.0,,,http://gauss:8090/api/v1/scanner/tracking/scan-fw-90078d48510c04f2/tle-review-06.png?sha256=sha256:33be985ab8629c52e1a6d7b4492a858b5ff043c4e518cfbdce2604c08da47e07
scan-fw-90078d48510c04f2,15.0,sha256:5f5f439321f4f7ee48616f89c10b9a0371412c4c6087aaf997a27362fe597b8d,1,lower,102.900842764,36.196487553,64,69206,53144,31.732634565749134,99.03667908477117,539.2874122391119,5.4453301264020055,0.0,53144,False,http://gauss:8090/api/v1/scanner/tracking/scan-fw-90078d48510c04f2/tle-review-07.png?sha256=sha256:204056d80e11c4c16b26646ce24384d1e20b104db3b17b60bc74f4e80b5eede3
scan-fw-ad2d4b4fedfe9f26,15.0,sha256:8dc088001ea796e1e10a159243ef610e53e5dae76f4adf83ab11b178f23c54c4,2,upper,29.508926717,25.816150582,55,68008,64332,93.46377217826796,90.95361039791261,231.96878701139735,2.5504076858143176,-1.0,64332,False,http://gauss:8090/api/v1/scanner/tracking/scan-fw-ad2d4b4fedfe9f26/tle-review-01.png?sha256=sha256:1be158cb9a64c5e86ffdafbd3df58089139d8e6b62285c735fe2149264c5a559
scan-fw-ad2d4b4fedfe9f26,15.0,sha256:79821a0c3c947402a71c469974ddaa29c799c56612113af8526ccfbe50e5c1d8,1,upper,55.745351197,13.050358756000001,18,63926,68008,26.801677013870023,120.23875445190563,592.3949162239098,4.926821796551978,-5.0,68008,False,http://gauss:8090/api/v1/scanner/tracking/scan-fw-ad2d4b4fedfe9f26/tle-review-02.png?sha256=sha256:6571d4c55fc5530c8ca69096ef9b8ee6406861976343be2e203e82344b17ae38
scan-fw-ad2d4b4fedfe9f26,15.0,sha256:ce2fa7de43a787a8497286d26b38a29da9ba1cee499b9384d6591bb48d536734,2,upper,56.026417119,13.610650167000003,29,63926,68008,54.139246208070276,41.60888395650812,464.4793992137159,11.162986243495864,0.0,,,http://gauss:8090/api/v1/scanner/tracking/scan-fw-ad2d4b4fedfe9f26/tle-review-03.png?sha256=sha256:209a4615a5954d0d1286099d4bc29a35d3375f21bf59520576376437f98c1493
scan-fw-ad2d4b4fedfe9f26,15.0,sha256:579072c0531724a2ffef947eb229eeeb3aa872bcc88afca883d958ae2f860773,2,upper,61.218369979,33.38944336,82,65629,60599,139.37780542120157,145.69972897770958,1090.3853077606404,7.4837840496426535,-1.0,65629,False,http://gauss:8090/api/v1/scanner/tracking/scan-fw-ad2d4b4fedfe9f26/tle-review-04.png?sha256=sha256:c877a01a1acb219e6f4b7b349d9bf6e773268789427f1a152c5f6e33b71cc324
scan-fw-ad2d4b4fedfe9f26,15.0,sha256:35a0a4c9047367c9912627b5a1ba0f927bc2fadb84e49d688fd746edb3370321,1,upper,267.331804753,32.55865179400001,63,67993,65636,93.56120143894567,88.46378333057139,1819.1839384255347,20.564166147265144,-2.0,67993,False,http://gauss:8090/api/v1/scanner/tracking/scan-fw-ad2d4b4fedfe9f26/tle-review-05.png?sha256=sha256:149b5891173568b73917335b2e67386695b5396f23215ef50f5712ed735a54c1
scan-fw-8b2d288d474419eb,15.0,sha256:c8eef1df7daf45d532657a6703283cc4920555d0163d8f7a8c7e2161fb631065,1,lower,11.417116588,21.605230505999998,40,59899,63795,43.825327035051664,25.50797478122388,82.56967362129815,3.2370140840062582,0.0,59899,False,http://gauss:8090/api/v1/scanner/tracking/scan-fw-8b2d288d474419eb/tle-review-01.png?sha256=sha256:7797eee3b3ed6e48ff8b0fc3dec1ed7eae3cff40801d233a70379390d6813ab5
scan-fw-8b2d288d474419eb,15.0,sha256:cb924b0ebe9348aa825d6e4e5f1fa82a2b4ff5cf059da6287a29a41f737b984a,2,lower,37.372139441,13.330576690999997,14,47734,59899,1071.6571936085536,1676.9472609513841,1738.185395410047,1.0365176269311658,-5.0,59899,False,http://gauss:8090/api/v1/scanner/tracking/scan-fw-8b2d288d474419eb/tle-review-02.png?sha256=sha256:22acd883ed5787bbf420fcc931d764a03f1a02b6e55bc70690d5a2ff7a50a96d
scan-fw-8b2d288d474419eb,15.0,sha256:b0e52b408679c698d382997561f0e043615f6fde42036aa8050863f0c78d2f3a,3,lower,176.692222624,9.400010256999991,14,66598,62816,22.27252266532557,23.782366995572914,1597.0665758047373,67.15339041324319,-1.0,66598,False,http://gauss:8090/api/v1/scanner/tracking/scan-fw-8b2d288d474419eb/tle-review-03.png?sha256=sha256:978d063624b3e8b60ee8e3b08895671186b8e332c8172e49f20c99b8a8818e7d
scan-fw-8b2d288d474419eb,15.0,sha256:7d2b3c294f384a022304be3d5ad6672906a46fc949b426437198504f27aa2178,1,lower,257.653596573,23.71708242899996,50,67862,51125,97.47263358233214,63.12681300245049,877.7195991838803,13.904069561531777,-5.0,51125,False,http://gauss:8090/api/v1/scanner/tracking/scan-fw-8b2d288d474419eb/tle-review-04.png?sha256=sha256:275b4beea715f91961a193beac551beb7ba62890f88abbc46731b83bb34bbe56
scan-fw-2b63d0cb7547aa3b,20.0,sha256:6b062f26c3aba4c801cdcbfcee2f1676dbd61be3c30309f97e70409c4678e16f,2,upper,0.856847325,11.795937838,21,56841,62134,29.844394432234708,47.21720875340823,34.00256675177359,0.7201308092850622,-2.0,54864,False,http://gauss:8090/api/v1/scanner/tracking/scan-fw-2b63d0cb7547aa3b/tle-review-01.png?sha256=sha256:e131d09f941f601ad77845ecfda767968e621682eaaddc5d17fc1fc1b6c9416c
scan-fw-2b63d0cb7547aa3b,20.0,sha256:82926066894a19b30b5541ea6d2cb7b319e779bcb950a5d80153c2e53a621560,2,upper,30.762241851,20.914146301000002,47,62236,60045,44.42278999619564,22.652548434243513,452.64935481254696,19.98227069799722,-4.0,46702,False,http://gauss:8090/api/v1/scanner/tracking/scan-fw-2b63d0cb7547aa3b/tle-review-02.png?sha256=sha256:690d83819def92ca33cc2030e0c50a7480251c8b90c637b6ae49711dfdbdd12c
scan-fw-2b63d0cb7547aa3b,20.0,sha256:ce791de5ade462fd41df8e3807ed6c73145b8aad52f8412d6bd2c9ce36d5ba59,3,upper,159.615589538,11.230725379999996,19,60157,51140,30.300071941887335,172.0893966874917,98.99758258183321,0.5752683459144746,0.0,,,http://gauss:8090/api/v1/scanner/tracking/scan-fw-2b63d0cb7547aa3b/tle-review-03.png?sha256=sha256:0bf823cac9e36d393f3415c599fea48557a8d41250f8804ad32d1256932d3d19
scan-fw-2b63d0cb7547aa3b,20.0,sha256:2eb440e37969dc9a1f2d54731b65fe6abb0c2b2d9765413290cdc11714bc39ae,1,upper,172.810309678,23.45455054599998,21,57823,51140,82.11418431401421,68.36934032573964,204.71572018107133,2.994262036253699,2.0,,,http://gauss:8090/api/v1/scanner/tracking/scan-fw-2b63d0cb7547aa3b/tle-review-04.png?sha256=sha256:862910d7a626a3a96c33d299e5b8c6f851caf8b01eb17f58a13d42cc34b0a774
scan-fw-2b63d0cb7547aa3b,20.0,sha256:600d67f886e0134d4b65b8446152904cbd7724fb0dedca72464f3609c888a926,1,upper,188.544835589,22.742846474999993,34,59174,62119,83.30885128088964,56.28266757940522,92.74503625329905,1.647843647823758,0.0,59174,False,http://gauss:8090/api/v1/scanner/tracking/scan-fw-2b63d0cb7547aa3b/tle-review-05.png?sha256=sha256:77e4d95a084f3dbe98a5145240a96c7ece7691e53f60e46339504108f589d9e5
scan-fw-2b63d0cb7547aa3b,20.0,sha256:9c844aa782b24ff08c7fc6a18cde26a69a12fc270649218fb899b9f37df927f1,2,upper,215.777687716,30.179419419,55,57682,59174,69.36823916368552,69.66648695117551,1095.7153729023028,15.728012432580602,-3.0,57682,False,http://gauss:8090/api/v1/scanner/tracking/scan-fw-2b63d0cb7547aa3b/tle-review-06.png?sha256=sha256:b247aaf8e8310218b5c0afc1cd09f0eb6b502de8a493cd142705d46e39825452
scan-fw-2b63d0cb7547aa3b,20.0,sha256:0f61da0e993b7829a2bb663a55430d7504b7f484296d5942ebd06c4284d71743,1,upper,227.146310216,14.180049940000004,18,57682,61949,35.59467419799009,27.791441304604614,708.0110246827581,25.475865642328223,-3.0,,,http://gauss:8090/api/v1/scanner/tracking/scan-fw-2b63d0cb7547aa3b/tle-review-07.png?sha256=sha256:bd9c1f06f97dd7ff009a3465baf7dee47f5dfb6f7a79c9047459f66bfc99a3c1
scan-fw-1e6e4601793af106,15.0,sha256:359c54715841bb65ae5d57cc5dfc19c37b90d8205b3e06975a5f9f326adb8563,1,upper,0.30926294,31.989395853999998,56,58887,58130,44.0965880030167,70.68898129101473,3345.506053099815,47.32712216246158,0.0,58887,False,http://gauss:8090/api/v1/scanner/tracking/scan-fw-1e6e4601793af106/tle-review-01.png?sha256=sha256:e49c0ef82319b38f707cb108e73e7277b766ab99e176ee45db37fb77f328abee
scan-fw-1e6e4601793af106,15.0,sha256:dbda9ffa92f375a2cb3fee13ec38b4c0a5563be7441713dda33a8419255b1086,3,upper,141.322641652,31.993055478000002,40,58137,59172,49.688016172055335,32.76341094099337,2135.4602940411714,65.17820436605693,0.0,,,http://gauss:8090/api/v1/scanner/tracking/scan-fw-1e6e4601793af106/tle-review-02.png?sha256=sha256:391aae440e29bf92dcc10a199837805d6add88168fc663bc377fd11eed226530
scan-fw-1e6e4601793af106,15.0,sha256:55cf080adbf90d772810e1e57d8f2a33f0fb9893ce3513f73f30a765d695c051,2,upper,141.742632542,34.24004315600001,78,58137,59172,94.02841879082033,84.51724146618506,2147.250882207884,25.406069163615435,0.0,58137,False,http://gauss:8090/api/v1/scanner/tracking/scan-fw-1e6e4601793af106/tle-review-03.png?sha256=sha256:e92b92a043cdbe1ac32f739c1b4689f1585c69c30e159223aa06c3671eef4916
scan-fw-1e6e4601793af106,15.0,sha256:3cc5acc77b15837213f529b201d8f83d87ff03f5c5b28b0814240777773fd127,1,upper,178.50667423,12.769377593000002,14,59683,68270,67.57658870656587,210.55295574851218,286.72506286804355,1.3617717302934116,1.0,68270,False,http://gauss:8090/api/v1/scanner/tracking/scan-fw-1e6e4601793af106/tle-review-04.png?sha256=sha256:8a4d24c7ee3f66a6500a50ac51635ca9ff72656d0d2e5b266e55a013bdee23ad
scan-fw-1e6e4601793af106,15.0,sha256:88afe8337b787fa72ea6c528896c2b6ac4d9b10142c2f27d7c168a152d4328e0,3,upper,264.250783412,34.37667081700005,43,66403,61218,395.6325337531476,600.8195719647347,4484.686606056057,7.464281816570528,-5.0,66403,False,http://gauss:8090/api/v1/scanner/tracking/scan-fw-1e6e4601793af106/tle-review-05.png?sha256=sha256:da8ef3e5460b9ea9d2282cdb21f8c3aa60d570e4ec0f462a1ecc19ae9855194f
scan-fw-ab858991e99e0693,20.0,sha256:498376f6d220d18fa0f74118361ab917b2f3dc92e4ae80e899dad53c3526d446,4,lower,37.920591077,44.219512685,72,62135,69379,102.44852500191026,120.17032486423952,3196.0581181445896,26.59606788743631,-1.0,62135,False,http://gauss:8090/api/v1/scanner/tracking/scan-fw-ab858991e99e0693/tle-review-01.png?sha256=sha256:36c138812df94e8d5868c30271f470cc137ab07e2d5bee955d26e3819d87232f
scan-fw-ab858991e99e0693,20.0,sha256:99129232c9a89aa68259eccc51011cdc13f7d4a260c2c5c56e26021960f84292,1,lower,62.344600286,52.786323635,81,58626,67624,47.472194667569994,57.09200492576599,2431.1855612918202,42.583643094212135,-1.0,,,http://gauss:8090/api/v1/scanner/tracking/scan-fw-ab858991e99e0693/tle-review-02.png?sha256=sha256:844a4549c1ea1a601c1064360af517882dd9cc0787a5101d2efb8f866a73df23
scan-fw-ab858991e99e0693,20.0,sha256:4b097abd06c9733671004e91ad8e889994c63d5241e98dd682ab5b01182f094e,2,lower,75.68325367,25.130726425000006,20,67624,53845,425.4583857124319,1126.3036341214963,2786.062007463122,2.4736331510074705,-5.0,67624,False,http://gauss:8090/api/v1/scanner/tracking/scan-fw-ab858991e99e0693/tle-review-03.png?sha256=sha256:79e185194e7c7b37c3556b87f74631db42cb8f75c91ac9992958fd3181650a4e
scan-fw-ab858991e99e0693,20.0,sha256:e68bf048de88f7f20183b4e82df2f4569124378bc731592fae068baff93b5f1a,1,lower,105.866028442,30.605090817000004,61,61216,63558,46.618574690758315,41.7200367199702,1924.1097418534453,46.119560123311885,-1.0,61216,False,http://gauss:8090/api/v1/scanner/tracking/scan-fw-ab858991e99e0693/tle-review-04.png?sha256=sha256:c350e19a82c006d6b2af9d94fb172982e2523a49f28d2681a0706d9686a73f1b
scan-fw-ab858991e99e0693,20.0,sha256:6e57bba514bc7bc8bcdabd05fe6d58eeb4706f3777c20f4bdc90becdbaa6e183,2,lower,109.234051556,23.586723210999992,29,61216,63558,35.502519433663515,34.48556581248333,1386.5582253399582,40.20691534769721,-1.0,,,http://gauss:8090/api/v1/scanner/tracking/scan-fw-ab858991e99e0693/tle-review-05.png?sha256=sha256:405e1b794d7aa5cb1e4d630f887e94bda8956648ba7149599add34e87fb74782
scan-fw-ab858991e99e0693,20.0,sha256:ae4002e974e2deea838d5260a22cd396a9f61ea42ddc14fbc60da9138bd91201,2,lower,252.727429489,12.774684463,18,59633,69371,144.63970160342006,104.18802133095912,139.28041875464726,1.3368179659753319,-1.0,69371,False,http://gauss:8090/api/v1/scanner/tracking/scan-fw-ab858991e99e0693/tle-review-06.png?sha256=sha256:d10f11f23071e7f877aaeed27c7c16998d628d66e724556e3544aa1d581e5c42
scan-fw-0bf630e4b9b09edc,10.0,sha256:9dd2b4235d492016f3cdf6c88c20c8bf3e308df5bbb4c85cb0c273d89f8b8007,3,upper,39.89414219,12.068691451000007,20,66388,63554,21.8082692148926,46.24441917411045,1045.577688861179,22.60981341174541,-3.0,66388,False,http://gauss:8090/api/v1/scanner/tracking/scan-fw-0bf630e4b9b09edc/tle-review-01.png?sha256=sha256:aa408779eaa8a568b71b90a8a881c26ca0df9d5cd81c88b107fc9b980700c716
scan-fw-0bf630e4b9b09edc,10.0,sha256:b6d950112e7c4ec444a4c137325fb439de0ca16f6eb16110f0516b5377fe05d5,2,upper,166.731636977,43.63715031000001,61,67625,58473,80.9848292031339,69.55997441373484,885.9339460230931,12.73626037803951,-2.0,67625,False,http://gauss:8090/api/v1/scanner/tracking/scan-fw-0bf630e4b9b09edc/tle-review-02.png?sha256=sha256:a221856821f1a9b53a66ee15aa6a44bd2e8bc7a725e1d12d4ba8aec54a3c605c
scan-fw-0bf630e4b9b09edc,10.0,sha256:b03e99b7626a6759d226bf845e8ebc49af7aea3fac9b24df17fab59b9b4c424a,1,upper,176.553562894,31.429313162,34,58473,67625,42.98580474014265,142.33178579346415,545.5638503050677,3.833042965516701,1.0,,,http://gauss:8090/api/v1/scanner/tracking/scan-fw-0bf630e4b9b09edc/tle-review-03.png?sha256=sha256:f26306250ed6d22b9466ed5508c02dac95bf4f48d2c56e6a2af392e46dea17a5
scan-fw-0bf630e4b9b09edc,10.0,sha256:572caa3e5a9f16dab83455891cf5530cfece40eb218efd5b1876d52402225f63,4,upper,176.974888889,28.482516443999998,34,58473,67625,38.238653823020634,47.673857702856985,579.267335241612,12.150628523751664,0.0,,,http://gauss:8090/api/v1/scanner/tracking/scan-fw-0bf630e4b9b09edc/tle-review-04.png?sha256=sha256:d9ddd8a1ff8d06da611827f167212bcc4e4a46ab70a41099727e8872f41dba7f
scan-fw-a8deff7b7fa80c35,20.0,sha256:7d86130bef5332662e2a966a95632935c504f978b83018b02bdcd9e623d8e9c0,2,upper,12.40298015,31.733450857,64,59640,64597,118.9513018772646,97.17814830698552,738.4708475134638,7.599145079206863,2.0,59640,False,http://gauss:8090/api/v1/scanner/tracking/scan-fw-a8deff7b7fa80c35/tle-review-01.png?sha256=sha256:e95be6b727b2d9246f2681c1fc0d7bac470753ec6b00986009ef1d36f063ff2d
scan-fw-a8deff7b7fa80c35,20.0,sha256:7fb1cb7822a36dec0ada8bbbadfd0eed94cf9f1e8bad2fdf49efcf1e3c24ea9e,3,upper,12.684315811,30.329449886,59,59640,64597,69.61001887630185,113.78231121376102,969.5157331850814,8.520794865589147,2.0,,,http://gauss:8090/api/v1/scanner/tracking/scan-fw-a8deff7b7fa80c35/tle-review-02.png?sha256=sha256:7892ceaa563754c56f65b5f74b11839fa1d6f9d17725b853de3cfa1fd50889f4
scan-fw-a8deff7b7fa80c35,20.0,sha256:6b6dd4897ccbe3ee286215f6c37713e3caed394f96a962d02934424c34a919e9,1,upper,26.016390374,15.453352366,18,59640,64597,23.147265839013023,83.5291731634037,746.524672125482,8.937292730829446,3.0,,,http://gauss:8090/api/v1/scanner/tracking/scan-fw-a8deff7b7fa80c35/tle-review-03.png?sha256=sha256:f7e07f47eca329157055ab1b96b93a315721948565ef597bc8b410a57f193805
scan-fw-a8deff7b7fa80c35,20.0,sha256:42b19f28bd0ec404592e1b2d355f735b5d8f6a6bc2f24831a9aa250687a29d68,2,upper,114.174928085,17.824162629,26,67619,65742,67.42085312161717,126.38165631392202,175.63819496115042,1.3897443670533882,5.0,,,http://gauss:8090/api/v1/scanner/tracking/scan-fw-a8deff7b7fa80c35/tle-review-04.png?sha256=sha256:9228eef9282a20d58b24a67b3d95c01ef2ee8da434fb01d125ec547a5f8442ac
scan-fw-a8deff7b7fa80c35,20.0,sha256:82ce6e6f1564ae795de93811f7af21aac0c26d548c8b6300bd4fa8ce7236c232,1,upper,123.156343593,19.229476594000005,26,67619,65742,77.11200876843746,134.5834892328866,221.41588284089715,1.6451935085272877,-1.0,67897,False,http://gauss:8090/api/v1/scanner/tracking/scan-fw-a8deff7b7fa80c35/tle-review-05.png?sha256=sha256:3e3772e01736c566989ef4ff8526f332a15f1a5dca05a3c2834cb3a344c3f9ef
scan-fw-a8deff7b7fa80c35,20.0,sha256:f73a44722ede66f0e4541c294f2c20dee110e360ed94bd34d74dbce265cda64f,2,upper,135.649838652,38.46542797500001,65,65742,48404,105.18415914015763,93.51650342459408,2262.7272237938705,24.196020391399617,-4.0,65742,False,http://gauss:8090/api/v1/scanner/tracking/scan-fw-a8deff7b7fa80c35/tle-review-06.png?sha256=sha256:5a2d0bdee5dbfdde9af2fd0c791fd5a1158e387b700486f747a9881e99c55963
scan-fw-a8deff7b7fa80c35,20.0,sha256:bd29743e9e6169bce2e36dd1b47a2b6ba39a20111705fdab1e104eb8a3338b79,4,upper,145.193893049,29.061786712000014,24,65742,64240,89.48840836736971,86.11070933972428,2613.608854070108,30.351728305464178,-4.0,,,http://gauss:8090/api/v1/scanner/tracking/scan-fw-a8deff7b7fa80c35/tle-review-07.png?sha256=sha256:a3ed8a69911b5071a41cc94c6183401804fbffcfddbb3410322b33fe5063350e
scan-fw-a8deff7b7fa80c35,20.0,sha256:409b71c497cea46b328acfe14739a799a5a91e1cec32b9740d7fca55ce0c2dd8,1,upper,147.159838515,13.060678944000017,25,67619,69378,57.84168500833411,26.330213484491086,136.10975229941323,5.169337209498283,-4.0,,,http://gauss:8090/api/v1/scanner/tracking/scan-fw-a8deff7b7fa80c35/tle-review-08.png?sha256=sha256:6778f59b3bcc571f0771c2c0ffaf439c179ed8ad2d5cce8439fbd8c70bdd3c47
scan-fw-a8deff7b7fa80c35,20.0,sha256:ecb35cf16c411c772624a9c0cccab3462378e93aab66d819eb8aef39ef21477d,2,upper,190.54255068,15.719189527999987,30,58183,62438,29.520767171301465,85.72455450816678,107.24358283399367,1.2510252569907123,0.0,,,http://gauss:8090/api/v1/scanner/tracking/scan-fw-a8deff7b7fa80c35/tle-review-09.png?sha256=sha256:9c4814b142d5a8084d3a90000acbf910512798693a52a3563ec00a46034a5f11
scan-fw-a8deff7b7fa80c35,20.0,sha256:61fd7800c3e9353eccf8a12fc6ede1d2ae9d671c1beef5085fa7b71561e7fe83,2,upper,249.353947432,15.72128744899996,30,63858,53258,71.55034296014078,66.55013830787432,372.107255595397,5.591382152715506,-1.0,,,http://gauss:8090/api/v1/scanner/tracking/scan-fw-a8deff7b7fa80c35/tle-review-10.png?sha256=sha256:a935ab6b5a019f3ffa0d1f9daf9e50b6c0a54d5a32dc161eca72da33e99eb6da
scan-fw-a8deff7b7fa80c35,20.0,sha256:2245d98d771d9bb02dfe450219e9889547803d47655848f6d5fb4e5eebc94372,3,upper,281.639233144,18.110644560000026,51,62994,45695,63.69467841665913,92.18779417571723,216.50563494060202,2.348528206759402,-1.0,62994,False,http://gauss:8090/api/v1/scanner/tracking/scan-fw-a8deff7b7fa80c35/tle-review-11.png?sha256=sha256:46803316ee49c78d0ae9bff0322c87ff5de70c9c40c0eba87ee8018f34e38b17
scan-fw-cbaa70cfaff36586,10.0,sha256:c26b5bd22fb488557e2964a9aebe1a2701dc850e299389fdbe046015f7ec9911,1,lower,19.285389533,16.132127609999998,26,63860,66218,20.701929727065686,70.75511508936599,422.73120003467494,5.974567344011127,0.0,63860,False,http://gauss:8090/api/v1/scanner/tracking/scan-fw-cbaa70cfaff36586/tle-review-01.png?sha256=sha256:1d90a86c808832b697ec29373b9390a5d286b8183876c4199babd7272f85c2e3
scan-fw-cbaa70cfaff36586,10.0,sha256:f273a38768b3af6002786617c05cbbb7a20565b035429e4e9bd143793b493512,4,lower,62.776003808,19.222884074000007,29,56832,67888,22.03717691519194,26.332986076615295,100.63275061079241,3.821547253243648,0.0,56832,False,http://gauss:8090/api/v1/scanner/tracking/scan-fw-cbaa70cfaff36586/tle-review-02.png?sha256=sha256:3e116e993c28e727f9612b7fe57f2f11cdc1e0fe9b1ad2270f01e0a24ec615fc
scan-fw-cbaa70cfaff36586,10.0,sha256:66f740d57e1367bff8683edb20080d5220d4e50af464b39d0eb3fbec4a5c1794,1,lower,152.431001033,18.380042578,36,62453,63837,43.28042902519687,39.6682837555867,1020.360642178601,25.72232891308029,-5.0,63837,False,http://gauss:8090/api/v1/scanner/tracking/scan-fw-cbaa70cfaff36586/tle-review-03.png?sha256=sha256:4c7e028b7afc85bdbf4105500ab43f462208c51449781c90e848eb09e548f8a7
scan-fw-cbaa70cfaff36586,10.0,sha256:45c27901e000a4f7041b72a3c7784a41e1d57cb8d46b711e04935961f08c9ee6,3,lower,166.460941945,20.343353129999997,31,64604,63837,410.64819488049795,370.67287982401695,787.9564766042643,2.125746229339356,-5.0,63837,False,http://gauss:8090/api/v1/scanner/tracking/scan-fw-cbaa70cfaff36586/tle-review-04.png?sha256=sha256:a512dccf2777674ee9fa6db1fe0e371408b8b70716692a7fb80c072839c10c58
scan-fw-cbaa70cfaff36586,10.0,sha256:49d910b97eaa91d996cebbc52a626c7df61864ede8cd60b731d448ba0067392c,1,lower,286.421596048,13.328123073999961,22,57610,65761,21.805358179539375,27.386787951008145,202.8611376595178,7.407262875164965,0.0,,,http://gauss:8090/api/v1/scanner/tracking/scan-fw-cbaa70cfaff36586/tle-review-05.png?sha256=sha256:0d58f051f42351ea02ee25fbe0993e7d8c5e4f280e874a0dc53f05a366920b4c
scan-fw-cbaa70cfaff36586,10.0,sha256:0c2418637311e8119808440955d516c67c6e6b56b04f0324b7bcb7a9e62da4da,2,lower,292.873713809,7.016021402000035,19,57610,64138,17.904123324164576,19.908180620664822,224.5472639806121,11.279145405559087,0.0,,,http://gauss:8090/api/v1/scanner/tracking/scan-fw-cbaa70cfaff36586/tle-review-06.png?sha256=sha256:1c488138a455e8acea4cb7dd6b66ebed13577bb2c5e889a41872ee265ac2546e
scan-fw-483997e3b0f41dba,15.0,sha256:e26eca1ea446776d6b6b51924e788147de92a733725b237b336cd2814677313c,4,upper,10.276132259,14.872506604999998,21,57612,66209,88.5084463702748,138.22152737524488,188.69421112451855,1.365157907800064,1.0,57612,False,http://gauss:8090/api/v1/scanner/tracking/scan-fw-483997e3b0f41dba/tle-review-01.png?sha256=sha256:def7a020572d5b6126c5da0a1e67517badb51958c5a8500fc2489cd08c4d1c12
scan-fw-483997e3b0f41dba,15.0,sha256:cb89a20f3ecc2c2538109fe80197033870e8790f209886b5d32672a87eb96a11,2,upper,217.246033134,17.816782426000003,28,59645,53920,61.48090007569038,103.1653946440854,108.51692100180746,1.0518732698710116,2.0,59645,False,http://gauss:8090/api/v1/scanner/tracking/scan-fw-483997e3b0f41dba/tle-review-02.png?sha256=sha256:9ee9bed7f855264acb82b9169cc82ab45539c0ea49dfe3e9d6bacde9de4f920f
scan-fw-483997e3b0f41dba,15.0,sha256:0bc3932749a903a581c4c02843076b43929eb8773344569e306d104cfada4698,2,upper,224.683516085,25.534575200000006,50,58719,59645,82.66322291231745,111.08978619883678,811.5243542123508,7.3051212175332125,-3.0,59645,False,http://gauss:8090/api/v1/scanner/tracking/scan-fw-483997e3b0f41dba/tle-review-03.png?sha256=sha256:fa4bf28a73dd73f3e301a50a89216c04d9c755c7b20364b84860bb2f8a1dc998
scan-fw-483997e3b0f41dba,15.0,sha256:0865cbe2fa8933082c66b166ac6de2edc51b79df62340ade27a356e0ec594c9a,2,upper,250.919498999,14.59398118599998,22,53920,59645,28.699010273358617,60.14591654972144,41.69367712681496,0.6932087749024096,-5.0,59238,False,http://gauss:8090/api/v1/scanner/tracking/scan-fw-483997e3b0f41dba/tle-review-04.png?sha256=sha256:7df7796196a962cc3ade1ca8fceacd19e09579ae1e1277e152dee897093177ef
scan-fw-6fc86fefa3a9661e,10.0,sha256:3534f097df3cb32db726bca3132829039a767a18319e89dafb7c92d644101d7f,1,upper,8.897203594,24.555831147000003,30,63202,57744,40.17893930284506,72.96723615849018,894.1041913424162,12.253502234898365,0.0,63202,False,http://gauss:8090/api/v1/scanner/tracking/scan-fw-6fc86fefa3a9661e/tle-review-01.png?sha256=sha256:138f3de23326ff49dc2144486436258f1373c75506853574f84f1ee7140702fa
scan-fw-6fc86fefa3a9661e,10.0,sha256:b87fdbd135707216db11e2205d2ca284d2e7c038bf2ab6b5ccdf2b2d1420c990,4,upper,82.838496628,18.939059232999995,22,69255,65420,61.6633459696701,135.78022360806244,533.9564512288189,3.9325053166071915,-1.0,69255,False,http://gauss:8090/api/v1/scanner/tracking/scan-fw-6fc86fefa3a9661e/tle-review-02.png?sha256=sha256:b4c9abd94965c0af98c0d03d92163cb1f9fb1da4336ef2509e4b12da85804988
scan-fw-6fc86fefa3a9661e,10.0,sha256:a5300d5420a410b49f36680091c3fa9844821bf638eeb8c2efa1fda04fa26e4d,2,upper,107.669957585,24.55394993199998,34,68342,65420,478.68606296123886,449.5754302765592,1370.2524871026656,3.0478811670374113,-5.0,68342,False,http://gauss:8090/api/v1/scanner/tracking/scan-fw-6fc86fefa3a9661e/tle-review-03.png?sha256=sha256:a655bf83c0f45142c8bfe2f8349ff101a0d984b76098ef1e5b1eea7280cab751
scan-fw-6fc86fefa3a9661e,10.0,sha256:af82e7515a6f80c423701f2bfbc30b44ac64da19ca7ea036c55f8b6e0d96f427,3,upper,134.187773048,15.433120879,19,58718,64911,19.75908079984684,62.067928676469975,531.7614812021122,8.567411423924376,0.0,,,http://gauss:8090/api/v1/scanner/tracking/scan-fw-6fc86fefa3a9661e/tle-review-04.png?sha256=sha256:fc371ba9bdf8e9902168a3177c6d67da3b3dfad92cad74385530fdabbbd7180b
scan-fw-6fc86fefa3a9661e,10.0,sha256:0dfe9be1ad1769264f24f20b4cf72a59fa5711d73cf06c8dbcd835cceb160022,4,upper,162.10923329,17.959847609000008,17,58718,64911,110.19204951950752,93.87698603389559,561.2765351356197,5.978851248302359,-5.0,,,http://gauss:8090/api/v1/scanner/tracking/scan-fw-6fc86fefa3a9661e/tle-review-05.png?sha256=sha256:adb1fbc632b1edc53418817408e3e9c6f1772d7c80d73784d62b09ffd4ca8840
scan-fw-6fc86fefa3a9661e,10.0,sha256:e56c85e507118e0a7d1d8068b92d9f1c372e1491c7b33ade77604e82878c9611,4,upper,179.367720656,27.77746798200002,23,57621,64717,142.85573310234943,52.59104332944466,266.45204888371205,5.066491022332142,1.0,,,http://gauss:8090/api/v1/scanner/tracking/scan-fw-6fc86fefa3a9661e/tle-review-06.png?sha256=sha256:87512aa5709eaae6991152daf389b734b1953f231c2274bb7e8b108e63ba4ec7
scan-fw-6fc86fefa3a9661e,10.0,sha256:3bed96dfda518d268e28ef7a0fee230b4d947517803168fa2e0b52571591a636,4,upper,204.621049671,14.871634347999986,20,58668,54009,46.40164700869082,27.10041676330192,114.94391617793922,4.2414076942754155,1.0,,,http://gauss:8090/api/v1/scanner/tracking/scan-fw-6fc86fefa3a9661e/tle-review-07.png?sha256=sha256:526a097e7cb8dfa0137eb71d60b8371b8888f105fe97f3d88a1c1f1bb43c31cc
scan-fw-6fc86fefa3a9661e,10.0,sha256:e32affa89908f9824769d9b360d9931defccdaa2e4c5a5f7970d0205263a1c31,4,upper,223.981643306,28.623320139000015,20,58668,62154,24.271471866869614,36.018154131649254,1349.9436539843557,37.47953459941903,1.0,58668,False,http://gauss:8090/api/v1/scanner/tracking/scan-fw-6fc86fefa3a9661e/tle-review-08.png?sha256=sha256:d095cc2ab34c23294fbb1de5c5b50468f6bf69446dfb734dacc7b5ecbb715964
scan-fw-56ba8f7213881110,20.0,sha256:b1833d243b2bd4d274cb42e842ab81827f30f3fb5e1aa9a9881f46b25fc2b187,1,lower,0.313849297,34.682682753,51,58717,67714,71.03594422287864,91.89046091505182,1721.8558244084368,18.738134592666885,1.0,58717,False,http://gauss:8090/api/v1/scanner/tracking/scan-fw-56ba8f7213881110/tle-review-01.png?sha256=sha256:ad4401f4c73a33f64b9128216ce7105afb2e58e893ad00f97d67e4b8451de3c9
scan-fw-56ba8f7213881110,20.0,sha256:d81c1eeb0f51933d6aa8b45678ad7095565b7b890305f3a718cc67cfc3397703,4,lower,0.596825449,9.130471219999999,14,68337,66219,27.720501773426292,25.25827231029817,72.59094091688782,2.8739471973818027,-3.0,,,http://gauss:8090/api/v1/scanner/tracking/scan-fw-56ba8f7213881110/tle-review-02.png?sha256=sha256:6a3e64fd75cb78e3cf2744d85a0e0f8344fecf1559c85007ef076f29cec55290
scan-fw-56ba8f7213881110,20.0,sha256:ae13c13de3be594cc85849b9bd19cbb00a71a991273881810ba1d8b9d853ce64,4,lower,120.492923229,39.02276042499999,69,69257,51733,79.96856444033689,94.74317881062035,5193.595908859559,54.81762353826972,-1.0,69257,False,http://gauss:8090/api/v1/scanner/tracking/scan-fw-56ba8f7213881110/tle-review-03.png?sha256=sha256:8eabcc04d11c98b66400bc27cb7f813ed9e048e833148bf094f8e4042c91ea67
scan-fw-56ba8f7213881110,20.0,sha256:aee3dff1ccb30527df10886b659862be9791cecc6c01928fcb8062a25b4cb48e,3,lower,131.302342235,27.933365682000016,39,69257,51733,79.38613480057685,70.01825388909124,3295.2584690909757,47.06284841536691,-1.0,,,http://gauss:8090/api/v1/scanner/tracking/scan-fw-56ba8f7213881110/tle-review-04.png?sha256=sha256:2873e4599b679d10e564ee764a29bceee89c1a6ceb4069f2e172c2250f576f37
scan-fw-56ba8f7213881110,20.0,sha256:8b45979577b7c58478bbe01430cb24a9445a596ac63a4e7795c9565176340ac1,4,lower,153.199581272,28.912021625000023,31,57613,66227,107.94959716456874,90.81964717286185,258.2093293435552,2.8430998950270276,0.0,,,http://gauss:8090/api/v1/scanner/tracking/scan-fw-56ba8f7213881110/tle-review-05.png?sha256=sha256:b8aab9f96b3b5ab73c49c444633766abf633e6db21d83461d252c345db93eb0f
scan-fw-56ba8f7213881110,20.0,sha256:95a65372bc60c510c2e01a2f941efba2f099c9ae2506a2bd9144cbad2c488898,1,lower,177.059550511,24.143685151,41,58685,66373,48.21825016506228,56.48486982271208,383.0900219818727,6.782170573894738,1.0,58685,False,http://gauss:8090/api/v1/scanner/tracking/scan-fw-56ba8f7213881110/tle-review-06.png?sha256=sha256:954272090d678916aa3ea2fba71a05ed85835ecddafa559abf55b0a7caa5d3fb
scan-fw-56ba8f7213881110,20.0,sha256:4666f13b2066ec72635d93fbaca3621ae4f654536a0efd6d56067ce5aa62a0af,1,lower,207.661135879,19.38243884299999,16,58685,64906,61.994482890347165,60.82187552129365,230.54243054105302,3.7904525068507704,0.0,,,http://gauss:8090/api/v1/scanner/tracking/scan-fw-56ba8f7213881110/tle-review-07.png?sha256=sha256:9e24c8afc4a427965806b7a1c0418ef8b9504ae1157cc595c0a6da93b0f8391c
scan-fw-56ba8f7213881110,20.0,sha256:2a4af1b58103d15533a956420cc65a125f3f88cd4a954d62cb6824a16ca6b73d,1,lower,251.186236291,20.778584818000013,47,57602,52337,62.76366587674452,60.00050098617989,659.2475770891504,10.987367876161517,0.0,,,http://gauss:8090/api/v1/scanner/tracking/scan-fw-56ba8f7213881110/tle-review-08.png?sha256=sha256:12e9c98f9dfdbe0c53e2c8da13c9078ac905f738c41fb2093cbb3da3fe6b43e8
scan-fw-56ba8f7213881110,20.0,sha256:941a89374295e5e2884d4ff9986957a516aa9f5da780a2f4f856081c9f1639ef,2,lower,273.369022424,24.836030657000038,32,57602,61643,277.0693892724031,259.3619840073046,600.1884656011977,2.314095752692477,-1.0,57602,False,http://gauss:8090/api/v1/scanner/tracking/scan-fw-56ba8f7213881110/tle-review-09.png?sha256=sha256:363bae9cc8fa4e21d6e57bd95e147344b37f718b0b8004b988632df5ebc04afc
scan-fw-e69759741a2fb730,15.0,sha256:10a5fdd1f0c98d2592e450790be502911ef2dcf75507177163aec033d03673d3,2,lower,31.473130078,25.394118101,47,65757,69358,49.93471136466798,66.36524406985183,1548.1036069762456,23.327023484563853,-1.0,65757,False,http://gauss:8090/api/v1/scanner/tracking/scan-fw-e69759741a2fb730/tle-review-01.png?sha256=sha256:4586bac0d3b328a6741ca856d4ea12382b990a6033397efc16ea3b1b18d37370
scan-fw-e69759741a2fb730,15.0,sha256:5a83d543a73bf14241c4f82a8d4e087d33e4ce9dbd3ee7258e2b6ea393ed3871,2,lower,50.552665722,11.786731007999997,29,58154,65757,33.46734712670894,77.49037736406767,1535.4524216872678,19.81474957172241,1.0,,,http://gauss:8090/api/v1/scanner/tracking/scan-fw-e69759741a2fb730/tle-review-02.png?sha256=sha256:05bdb047330e9295ab4922503460a14f7f31f6474210e78e9b8e21848728c1d8
scan-fw-e69759741a2fb730,15.0,sha256:aa1bae58c8e182be3703e5270363545508f8997276837297d1c401c8df70b8ac,2,lower,77.635135534,14.732138943999999,21,58154,63074,56.41114214843109,53.51224932163004,476.5156727727966,8.904796169354547,1.0,63074,False,http://gauss:8090/api/v1/scanner/tracking/scan-fw-e69759741a2fb730/tle-review-03.png?sha256=sha256:fc13f9699084008819e2301449d2ae7b9f917495f9426a3f3b104e4cd0ac2819
scan-fw-e69759741a2fb730,15.0,sha256:578b80faec950f12c071432ae3431fb48e96bd88fa36f182dca6f603ccb1cc27,2,lower,107.800593783,27.362785836000015,27,59650,67896,78.24048611320647,70.30391359806819,908.4948625260491,12.922393875822763,1.0,59650,False,http://gauss:8090/api/v1/scanner/tracking/scan-fw-e69759741a2fb730/tle-review-04.png?sha256=sha256:5fd8607c20ce8fa434ddb726fecdc5451786da12471a6ea7cf90a1f3021b0963
scan-fw-e69759741a2fb730,15.0,sha256:7699e3c763b709085acd1113e90e7c84fa6c478a24cd2250d9d3bfeb87e08785,1,lower,116.784651114,19.781388750000005,25,59650,67896,81.37805858614563,49.96725191673895,1133.1317082366306,22.67748704941352,2.0,,,http://gauss:8090/api/v1/scanner/tracking/scan-fw-e69759741a2fb730/tle-review-05.png?sha256=sha256:3c2817ff0ffc23637980c9797e9d1c3f69cd8d8d20d3d4f4afc5b204040d6023
scan-fw-e69759741a2fb730,15.0,sha256:fa70619a35a544524951524c0ef2437c8c43c4c9df8d7bc0660f449d0655dc7a,4,lower,123.238720804,20.483305803000007,24,59650,47122,21.202561917570687,19.16049038145215,3624.03512435583,189.14104243720138,1.0,,,http://gauss:8090/api/v1/scanner/tracking/scan-fw-e69759741a2fb730/tle-review-06.png?sha256=sha256:7d73c89842b014c58ff90468e3ea1c9962dad1c09516f46151edd5a99a9fb96a
scan-fw-e69759741a2fb730,15.0,sha256:a5e0d003fb40e21cc019eb21433df2f89e8da65ef8b5faec5cb91f52d6688863,3,lower,213.598120186,27.642679852000015,40,65759,69362,97.26642623620575,117.12844423872244,1467.3565170851155,12.527755547529164,-1.0,65759,False,http://gauss:8090/api/v1/scanner/tracking/scan-fw-e69759741a2fb730/tle-review-07.png?sha256=sha256:a548570d91b02fb5ebc94c8d8ff1336c8137300a9e1ea2995065139915e7519c
scan-fw-81f3e8b8122c997f,15.0,sha256:d7f9b8bdb596cda0df03e536b7d7d27583da24d98a031ba23a1fe9f0d3b422ad,3,lower,86.022525621,37.349426384,67,64928,63549,325.3254388706585,320.6106639579154,1661.935060099252,5.183654965130555,-5.0,64928,False,http://gauss:8090/api/v1/scanner/tracking/scan-fw-81f3e8b8122c997f/tle-review-01.png?sha256=sha256:befd0c23847c1c2c8a56a48cd09b1101998fb538dac81a382412e1e6cbaa3a65
scan-fw-81f3e8b8122c997f,15.0,sha256:d9611376b5a95ba741f176bbf390dcc130c37d01954f5e9d431c279f413d6835,3,lower,121.967903054,20.487970246000003,29,64715,63549,39.73492072504247,35.00317914434057,237.15940089743114,6.775367457894917,-5.0,,,http://gauss:8090/api/v1/scanner/tracking/scan-fw-81f3e8b8122c997f/tle-review-02.png?sha256=sha256:8f22b0c14db20658d2cbad2f755556c9a910d5dcc6142bec1330798714768331
scan-fw-81f3e8b8122c997f,15.0,sha256:344a8e7bd2cc2af9c957ad5a194ae83232bb945849a3696ea869b55d8f8ea1d5,4,lower,157.607874498,14.882719492999996,19,53999,61639,46.55814901836595,131.49249788050426,135.54695535631353,1.03083413533975,1.0,,,http://gauss:8090/api/v1/scanner/tracking/scan-fw-81f3e8b8122c997f/tle-review-03.png?sha256=sha256:56343244c56b4c876864a10cee174aa6f05854844914cea17b74d0d2880169ce
scan-fw-81f3e8b8122c997f,15.0,sha256:400f25acabbd41e1355ce29ae8b1f7451ff2025374afa82440681373d5f94b70,3,lower,159.010492591,27.37341734399999,78,61639,53999,20.49607745466358,138.34022532495496,240.85544790345352,1.7410369784904927,1.0,,,http://gauss:8090/api/v1/scanner/tracking/scan-fw-81f3e8b8122c997f/tle-review-04.png?sha256=sha256:29dc0bf60b096b587faaeb4b68fc96f69e91bda09dc6bd1314e51678f90a75e0
scan-fw-81f3e8b8122c997f,15.0,sha256:77cc77157d8bac40097e4bbf0afe674ca8fead71d241d0a76c20ecde69701df2,1,lower,162.250261197,15.293383423000023,17,58677,64760,25.889549525642412,23.938378733671193,115.16176415135823,4.810758716477914,0.0,69462,False,http://gauss:8090/api/v1/scanner/tracking/scan-fw-81f3e8b8122c997f/tle-review-05.png?sha256=sha256:d833db3256e535ec7f19710ed5b1782bac03084d167731a23f5724bdcdc62616
scan-fw-81f3e8b8122c997f,15.0,sha256:14aa42b4678541034b47e393b57fe1717ca7801b726fa499ec587acac18cebac,1,lower,178.385105155,39.98546749800002,79,58677,64760,51.41685169347396,55.80724794176395,1922.171240596832,34.44303941671983,0.0,58677,False,http://gauss:8090/api/v1/scanner/tracking/scan-fw-81f3e8b8122c997f/tle-review-06.png?sha256=sha256:7ac47c703195bf3e72c2d8606115f7cc295add5dfb242abddfa36316bc0b08a0
scan-fw-81f3e8b8122c997f,15.0,sha256:dc4c5a4bdba263ea01ac254e4c5406047fbe708a4ae7691bdb1932f26af3c778,1,lower,267.758393127,28.202721955000015,43,62755,64922,56.799821992886,53.681625896638934,1094.8006906528842,20.394328084638563,-1.0,62755,False,http://gauss:8090/api/v1/scanner/tracking/scan-fw-81f3e8b8122c997f/tle-review-07.png?sha256=sha256:0d9f75b1332ff4d6bfb70f679acfcb8b5e7609d83b89401431b6706149e62380
scan-fw-854ea340c90c965a,10.0,sha256:68556143b73e3ad1698b2e13c65e0873350af053e0a20c6cca4b08deac3cec1e,3,lower,8.194228729,26.095960548,36,59196,51719,66.47127155522753,52.151232287709206,470.3056892614375,9.018112681726167,1.0,59196,False,http://gauss:8090/api/v1/scanner/tracking/scan-fw-854ea340c90c965a/tle-review-01.png?sha256=sha256:28869ec202cc929418c8a7c266372a650c39be4fee0b8f4704ca79cdba2a5998
scan-fw-854ea340c90c965a,10.0,sha256:b070f01e72e899bb581ce0e977ad07555266b39b69930591f6ea86e01c12e93d,1,lower,10.579104122,12.48663929,25,59196,51719,40.20232497397587,33.44212682275792,190.32958434939903,5.691312199075706,0.0,,,http://gauss:8090/api/v1/scanner/tracking/scan-fw-854ea340c90c965a/tle-review-02.png?sha256=sha256:d8db1527f4a830715078469c765a2a950a1b9025c1e8411404ad46b64ec26503
scan-fw-854ea340c90c965a,10.0,sha256:8df2f129a28fb7610655c4731f17774c06211fc9e7f2c889b35b37e5c639bd11,3,lower,230.157845693,27.642792315999998,49,68326,64917,493.0616752327182,419.9739252961473,2007.4212809542096,4.779871225430635,-5.0,68326,False,http://gauss:8090/api/v1/scanner/tracking/scan-fw-854ea340c90c965a/tle-review-03.png?sha256=sha256:5f179c0cc0049b1208a5fa232aa226b544dee2e32e964085c7566a5cf31c6b5a
scan-fw-ff31c55557ef77ce,20.0,sha256:16afe65f5ec151f1f643ca27696bc68faaa59f5d5d2d50dae927b66d2788650c,3,upper,19.254383947,8.564061164999998,16,64919,58806,27.912780243926022,53.44813203535467,118.40203878275382,2.2152699126030013,-2.0,64919,False,http://gauss:8090/api/v1/scanner/tracking/scan-fw-ff31c55557ef77ce/tle-review-01.png?sha256=sha256:2bbe81352febac840773c2c164c8e22f1af58386a2ef73793410de39ff5f1218
scan-fw-ff31c55557ef77ce,20.0,sha256:c9c5807a4c77bdf74157f4034522c270dcd55c07525aa7aa913bf04e834e9b21,4,upper,134.09837949,19.653605666999994,26,64780,49435,37.152837436674524,65.47671977183163,94.37329533865066,1.4413259501623732,-4.0,49435,False,http://gauss:8090/api/v1/scanner/tracking/scan-fw-ff31c55557ef77ce/tle-review-02.png?sha256=sha256:6e3ff58f05b1598d8aa604414be6f134ac66d088e7750ef4c9178ed1a667071b
scan-fw-ff31c55557ef77ce,20.0,sha256:68ab31fa0e24ad50ec4d34354e667cdf4f39efe9b659e6471de112ba79b1f04b,3,upper,162.315062143,15.299367290999982,16,49435,57648,916.1069470099974,1065.683165123679,1027.857430857914,0.9645056471719952,-5.0,49435,False,http://gauss:8090/api/v1/scanner/tracking/scan-fw-ff31c55557ef77ce/tle-review-03.png?sha256=sha256:0943434be76d289028153d2920be18f11d378831e26de9f7a4a3ab696c3b6255
scan-fw-a37981b1b45e9276,20.0,sha256:d9f0a250dce6a0ac3d1511552a240bae0e11d8b98545231661a15569d7c0aa79,4,lower,62.639886156,19.51641203999999,24,66933,69451,21.22387193024741,29.5358362008848,1420.510976392323,48.09448991831046,-2.0,,,http://gauss:8090/api/v1/scanner/tracking/scan-fw-a37981b1b45e9276/tle-review-01.png?sha256=sha256:8629bc8b64ec6e143ef4eae94fa2475b4f92ef83d2a3a35e570c9cd4c5fc8ba9
scan-fw-a37981b1b45e9276,20.0,sha256:a22930f1c62c0fe533b574b54706863fc947d978988ce71c60e29e2f163d15a0,2,lower,66.850664796,28.078487717,57,66933,61582,67.75126240985257,48.434706161726616,2234.8720039101854,46.14195441689691,-2.0,66933,False,http://gauss:8090/api/v1/scanner/tracking/scan-fw-a37981b1b45e9276/tle-review-02.png?sha256=sha256:9e32bbcfa57193d65d8c12c1171f7233d97385afc566f161bab12bdedd477c30
scan-fw-a37981b1b45e9276,20.0,sha256:d443be16bd037b8aea77372696e1b2fd5909c13ca11c2a2ad13f5d3e179674c7,3,lower,69.238310565,19.793248991,22,67215,61638,42.62023015112804,33.219326013456055,158.7940041851079,4.780169354453058,0.0,67208,False,http://gauss:8090/api/v1/scanner/tracking/scan-fw-a37981b1b45e9276/tle-review-03.png?sha256=sha256:7f44a7173965bc9732eaa3036014e05ddcf3f8864862828aa5d45f4a2d81b39a
scan-fw-a37981b1b45e9276,20.0,sha256:0f6d824d31c0bc893467b6cdb53bdeca1043570068d11b21ff45284b33fcca9b,4,lower,236.569261405,26.544163739000027,34,58796,63139,47.25675290784535,102.84839207810604,146.42173294409028,1.4236657470823013,0.0,63139,False,http://gauss:8090/api/v1/scanner/tracking/scan-fw-a37981b1b45e9276/tle-review-04.png?sha256=sha256:d37d6acad888ed6989d6f0a4722042554936eddb3778db2e75b00debce1a6163
scan-fw-a37981b1b45e9276,20.0,sha256:4e94af9f86d765393f61f9f32d23f90de94a4efe0188eba6cf15b80f050d7ac4,3,lower,264.235941942,20.352147430000002,20,58595,66181,58.32716627909085,64.64796987851376,107.43525873403516,1.6618504639190854,4.0,66181,False,http://gauss:8090/api/v1/scanner/tracking/scan-fw-a37981b1b45e9276/tle-review-05.png?sha256=sha256:40929aa6c68783647f825a6069a9ba0b22d7a5a016ecc1dfbb273119e629e334
scan-fw-5d1fcb12ab73c075,10.0,sha256:dec00a709e6dd227645ad7680db78973320c2f16198b1b0475394ace1da5de57,2,upper,28.540265217,23.289313449,52,66934,53492,147.02004465137063,132.37410504823785,676.7749657840072,5.1125933243317245,-5.0,53492,False,http://gauss:8090/api/v1/scanner/tracking/scan-fw-5d1fcb12ab73c075/tle-review-01.png?sha256=sha256:68cca671ec9052965fd3e1b1ead19e4724fc5715619d2889ac74deb1841c3791
scan-fw-5d1fcb12ab73c075,10.0,sha256:131515ca7fe11529cfa83df2f13eab0d8513a08f368e46706497167d00bfd5e5,2,upper,49.725349628,13.753440789000003,17,61581,59746,143.9691093671133,299.0690416885015,289.15007397017797,0.9668338532724001,5.0,,,http://gauss:8090/api/v1/scanner/tracking/scan-fw-5d1fcb12ab73c075/tle-review-02.png?sha256=sha256:9c80d3c346ef45f6879779e54fda89c4f90903f678bf7d5c3baf6389a31a8036
scan-fw-5d1fcb12ab73c075,10.0,sha256:63ceecd46bc043baf182d4842b714535deb50b6e52a8b5e0b51671b3537695dd,3,upper,73.440185819,25.677449716999988,38,66076,58808,95.29036498001966,78.8642132928419,1160.2071502041736,14.71145278399017,0.0,,,http://gauss:8090/api/v1/scanner/tracking/scan-fw-5d1fcb12ab73c075/tle-review-03.png?sha256=sha256:6d60dc2def0eb302d512cfa0e3ea4f48502994585cabf60971188eeb6658436d
scan-fw-5d1fcb12ab73c075,10.0,sha256:1a540f18f7e8acf8f0ade557c1bb30204a863f25fc7d5a279dc49b1d4a267ef0,4,upper,76.527988395,27.92029894000001,24,66076,53632,85.55540740532464,73.51706865805728,1107.8846030923976,15.069760306213954,0.0,66076,False,http://gauss:8090/api/v1/scanner/tracking/scan-fw-5d1fcb12ab73c075/tle-review-04.png?sha256=sha256:898cc1b1fabecfbeb7058922d196d5638086862627be8e2a273737c82538a2e3
scan-fw-5d1fcb12ab73c075,10.0,sha256:1282f4d4a04b8d111678548d9aeb52d32e4fb7832ee0b042c0f4e01f4e45c916,1,upper,86.066944358,22.592022431999993,35,68296,61581,29.115252497309378,37.11106769940031,1289.9044900066067,34.757946078373024,-1.0,68296,False,http://gauss:8090/api/v1/scanner/tracking/scan-fw-5d1fcb12ab73c075/tle-review-05.png?sha256=sha256:2889a033f016e9ade868e805f872df5a0a4bb613ea08a0677212fe48977d1fca
scan-fw-5d1fcb12ab73c075,10.0,sha256:b3391c39d81ec6edcbd4b0e19f4b7efa802dc383b63ca8547a81c5ff40524182,4,upper,205.889599372,19.221426909,18,67108,53467,75.66237010952044,37.79886294982272,483.10899697855115,12.781045758436418,-1.0,53467,False,http://gauss:8090/api/v1/scanner/tracking/scan-fw-5d1fcb12ab73c075/tle-review-06.png?sha256=sha256:5b1e32cb7fc23f767901a45fd00a798e43b83720d5c527d03e2cb8a9cc6e5767
scan-fw-5d1fcb12ab73c075,10.0,sha256:0bf3b0f25ddfe6446ff51bfc7c25c1ad132d3bc976056b07ecb789d25eba0dea,4,upper,230.723030775,12.206640515999993,18,67108,66925,92.96982830946521,69.89769250613162,82.37515825546659,1.1785104100287775,-2.0,,,http://gauss:8090/api/v1/scanner/tracking/scan-fw-5d1fcb12ab73c075/tle-review-07.png?sha256=sha256:36730a4d2f11ed8c0a087e05027e80bc2a575ea96d52d5bb52288469bb4b6abf
scan-fw-1a67294623b55199,10.0,sha256:7765c9056c2b4a01b1f3c0e8f3424a01abbe72ee930d8de7526d26133701f9ce,1,lower,88.023347349,16.834779811999994,24,58518,63964,25.08050642243585,19.69819128382989,209.3767046035295,10.629235018923053,-1.0,,,http://gauss:8090/api/v1/scanner/tracking/scan-fw-1a67294623b55199/tle-review-01.png?sha256=sha256:44768d8fba723ec26665649a8016f99a59c7bcb66be210d9acd44ed7bdb4a14c
scan-fw-1a67294623b55199,10.0,sha256:bfe5282f5cb4fec9324535a7b5faf589a2a199d746ca9db4ea420f93774ac323,2,lower,90.968729383,29.042824812000006,18,58518,100004,51.88240429075154,1071.4372449671807,994.592947810789,0.9282792365886576,-1.0,100004,False,http://gauss:8090/api/v1/scanner/tracking/scan-fw-1a67294623b55199/tle-review-02.png?sha256=sha256:2e0bc1e9366864feaba2c9e2bfb6548695615e5da2f57645e8434ce4bf4cedb2
scan-fw-1a67294623b55199,10.0,sha256:c631fe353201af8e661fa3db1aab16f290da5df6bd27783df9c55f1a6906531f,4,lower,127.026115762,35.637412556,48,63402,56767,538.7873757564113,578.6752465995004,786.0052513549339,1.3582838664238321,-5.0,56767,False,http://gauss:8090/api/v1/scanner/tracking/scan-fw-1a67294623b55199/tle-review-03.png?sha256=sha256:23bef9530a03759a58d1db4e59f7ba6e914e057decf3926f1601d369879beeb6
scan-fw-1a67294623b55199,10.0,sha256:e1087d06035c07cd54c238b6cbd77c5ba8f3ee9a5abcf81a688651330bec548f,4,lower,174.02911214,18.51997900500001,18,55654,66811,18.77364558865418,39.87309456013657,326.9633285494901,8.20009914345535,-1.0,55654,True,http://gauss:8090/api/v1/scanner/tracking/scan-fw-1a67294623b55199/tle-review-04.png?sha256=sha256:bca0221e03252df316e78cda65d0a48398a8085441b826f7aeaea9786443659e
scan-fw-1a67294623b55199,10.0,sha256:70d91cbaa1aaba7716520d942137c3fea944ee00cd9359b8b3136f00d0deb71a,3,lower,194.092368063,13.611212480999995,17,63893,59749,89.37681181513118,94.24234352248104,518.7724096133317,5.504663723579636,-3.0,,,http://gauss:8090/api/v1/scanner/tracking/scan-fw-1a67294623b55199/tle-review-05.png?sha256=sha256:4e0044b8afcada3baea8ece6837c3583b8fe0b91773cfad0dd6c34ebeffd66be
scan-fw-1a67294623b55199,10.0,sha256:61026914b8a97383f4652fa415c7999b355ab41f8afe7caf7984b434d0c6df9c,3,lower,212.054282441,12.206425002000003,20,63893,66811,32.047188180255986,22.784467650332996,813.3336048740482,35.696844769693854,-2.0,,,http://gauss:8090/api/v1/scanner/tracking/scan-fw-1a67294623b55199/tle-review-06.png?sha256=sha256:dde2f693d2c717206c7a82ed274c5edb50bfc6502eb25048e2104a34a8eb7d19
scan-fw-1a67294623b55199,10.0,sha256:14c91c7a1877cefbf0a2eab21b084c09b00399ebf1b46b07c626d7f653cd9f2c,1,lower,215.420656174,12.349149709000017,16,56428,59162,57.766380354653585,62.64255409539744,299.1525784769955,4.775548870842979,2.0,,,http://gauss:8090/api/v1/scanner/tracking/scan-fw-1a67294623b55199/tle-review-07.png?sha256=sha256:9c1eab6f251ee825ef6054cdce17aca72368930daace18c83ffb7e0799bdc6c5
scan-fw-1a67294623b55199,10.0,sha256:8a7aac7bb8f4b0b30d3c62579b5b21a9b2c49b1463f4ba3dfd8fb10118fc4cff,4,lower,219.068748133,16.136820444999984,19,56428,59162,69.32498392485334,55.1330358299479,313.9853685129367,5.695049506821859,2.0,,,http://gauss:8090/api/v1/scanner/tracking/scan-fw-1a67294623b55199/tle-review-08.png?sha256=sha256:859c297bdb05b0f292aaa6826723842df8df3685ce2a9477ff54b9c8154a77e1
scan-fw-1a67294623b55199,10.0,sha256:ba31939a5069e5866e36a5f5af781157b367dfb0ee6536564872290243ca2db8,1,lower,228.892819135,24.832173006000005,37,56428,59162,54.23825806100971,81.38515184683641,332.17827957241644,4.081558761450278,2.0,,,http://gauss:8090/api/v1/scanner/tracking/scan-fw-1a67294623b55199/tle-review-09.png?sha256=sha256:d56dbff0a70cc04f0dd44fac2176288bfe35c1817675239a68f381dee533396d
scan-fw-1a67294623b55199,10.0,sha256:1e9f707757d3321d408bcd46e4fa94521fa01da3f4fdb41af0dc0e484de5adb1,4,lower,235.205568601,34.37470905500001,40,56428,59162,187.40153423685794,161.2962199761843,179.00797447290805,1.1098088628446403,3.0,56428,False,http://gauss:8090/api/v1/scanner/tracking/scan-fw-1a67294623b55199/tle-review-10.png?sha256=sha256:f6cb68d97a2c262a1aa260ce2c0798534e6c01af602644247f54a869aa889d6b
scan-fw-1a67294623b55199,10.0,sha256:59df0adbc09d4ca500228768d4e167e803bddd1f9507c2f024f342801da0278a,2,lower,247.551616886,20.06403728899997,21,59162,56428,54.49827090717644,178.1722448174224,210.52262822784624,1.181568029541156,-5.0,,,http://gauss:8090/api/v1/scanner/tracking/scan-fw-1a67294623b55199/tle-review-11.png?sha256=sha256:938d9267d6fc1bd20b593a22bad83a2bf46675e017e08ab157c7d26bffe59bb1
scan-fw-a6984e2071268bd9,15.0,sha256:e305f9554731336e7e590db3c69b2b39855ae4f8dede1be6c791021d4af4054b,3,lower,92.504019679,10.949319283000008,21,68309,47555,21.014973529114588,82.7209809293899,124.9517514590144,1.510520669063057,0.0,,,http://gauss:8090/api/v1/scanner/tracking/scan-fw-a6984e2071268bd9/tle-review-01.png?sha256=sha256:ef0d584f590caaf901035feb7654717ee03d2a3cf96566013c4a37a55fe983bc
scan-fw-a6984e2071268bd9,15.0,sha256:42753992981d46271fff08f4d3cf4deec9de3a512fb726ad48da3e294215acde,2,lower,125.484213187,21.324038744000006,25,63812,68542,100.0537990749159,69.9219615969703,569.0067772249989,8.13774047851732,-1.0,63812,False,http://gauss:8090/api/v1/scanner/tracking/scan-fw-a6984e2071268bd9/tle-review-02.png?sha256=sha256:f636a43ee87116371a61af0e4eb91f06014704878bdac1e005455ff6029178d9
scan-fw-a6984e2071268bd9,15.0,sha256:8a4ca432bbee22a52f8cc09e44ee90710736929bfd8d708a4b8360c950cc6fe4,3,lower,188.198327727,16.975208339000005,23,69153,68101,57.270605490474104,106.29256616407419,878.7487366658831,8.267264291177602,-4.0,69153,False,http://gauss:8090/api/v1/scanner/tracking/scan-fw-a6984e2071268bd9/tle-review-03.png?sha256=sha256:1fc35112aa95f871e238decbc6d5ed2d7da03f26b354fcc242654ed5bd950348
scan-fw-a6984e2071268bd9,15.0,sha256:b3c955ea4aef9b2534335e3ade8936cdbe5a047ff5a611f25520d082e5291f85,2,lower,195.074798568,24.549476658000003,65,58611,59388,75.03682159924007,57.53013146762451,371.43442390238175,6.4563458213442315,1.0,,,http://gauss:8090/api/v1/scanner/tracking/scan-fw-a6984e2071268bd9/tle-review-04.png?sha256=sha256:2d08ae62c4749a864737ff24877800205eba0ca0f5088cf1729e943e6e0b3260
scan-fw-a6984e2071268bd9,15.0,sha256:60502f09d6e62b94373cfeb931b338859766081f5cee1c8d2fddf2bcf63c4048,1,lower,197.740140457,33.532160876000006,59,58611,59388,47.674545759218645,50.53043456867011,939.459728032096,18.591958213923217,1.0,58611,False,http://gauss:8090/api/v1/scanner/tracking/scan-fw-a6984e2071268bd9/tle-review-05.png?sha256=sha256:afbec8811f82a1092ff232133082bfc280266eee02135131bc29f0b2e0f45348
scan-fw-a6984e2071268bd9,15.0,sha256:6b1deca5680ea3aaa7361e61a1ddd923e96e77fad1bf77628b3124c88db79c4c,4,lower,201.105143822,29.604465790000006,38,58611,59388,39.75278259450364,28.02328936130495,971.1613035764561,34.655507105366894,1.0,,,http://gauss:8090/api/v1/scanner/tracking/scan-fw-a6984e2071268bd9/tle-review-06.png?sha256=sha256:70a0b3c3599464856833047cd173aec03cc1880945570fd7ce0dfafe9a9ca8cd
scan-fw-a6984e2071268bd9,15.0,sha256:b85769f86783161cffbf5f0feec969caf0239f4c21915318f8ce3144786ca284,2,lower,231.412237136,36.48537288800003,52,57738,65484,84.21202443766795,118.23314450059257,2284.947751952128,19.32578010678449,0.0,,,http://gauss:8090/api/v1/scanner/tracking/scan-fw-a6984e2071268bd9/tle-review-07.png?sha256=sha256:0175c99319be1809a694f7c3fc9469c640529d847c0faaabdf185a3b405dc806
scan-fw-a6984e2071268bd9,15.0,sha256:a2785134d3a2194745e5a881d5f2a9e5c9ffe9670cff4c8f3cd7241156af7745,1,lower,234.358916726,40.274736560000036,72,57738,65484,123.48146463284496,115.2689276725068,2303.6704580002543,19.985181648824437,0.0,57738,False,http://gauss:8090/api/v1/scanner/tracking/scan-fw-a6984e2071268bd9/tle-review-08.png?sha256=sha256:36f903a481f3cf3894dbb5f69437058cbad26e8ab175ac2b217cd548bb93e0a9
scan-fw-a6984e2071268bd9,15.0,sha256:77c7bbe58652ffc4542310b0116457bce55ec5b80b31633d45d7c18d1f6bd43e,2,lower,259.617530023,40.272174984,74,58527,63896,86.64578274912569,98.12953656095021,965.9816123004964,9.843943486887925,0.0,,,http://gauss:8090/api/v1/scanner/tracking/scan-fw-a6984e2071268bd9/tle-review-09.png?sha256=sha256:d15c4fd65423fa6328d9de13da9e4313bea907e3a152495795b19cc3f16a6449
scan-fw-2a556a3951e8c2d4,10.0,sha256:0299d1786a059d3f964e8e5b7850d7d60f09529f2abaef71e7518979cdcff5c7,1,upper,0.610401231,9.25920644,14,59745,64295,27.489078835719557,26.95354373208455,34.10278661095493,1.2652431513248543,1.0,59745,False,http://gauss:8090/api/v1/scanner/tracking/scan-fw-2a556a3951e8c2d4/tle-review-01.png?sha256=sha256:894f9caa697f67c6ec618533b4b0670b031d1acb096a48fc4629ea95966cdc54
scan-fw-2a556a3951e8c2d4,10.0,sha256:476c2bf197e66175bd2a34ba138cfc39700debafd7c7dadb2116f6f79a4500a5,2,upper,25.87229644,22.315929771999997,42,64295,62887,48.71147214985962,79.35263450546768,346.19835582393864,4.362783390639467,-2.0,62887,False,http://gauss:8090/api/v1/scanner/tracking/scan-fw-2a556a3951e8c2d4/tle-review-02.png?sha256=sha256:95a181cbe95f9a907a0529fc16c6447caab8244a3ac6ed2237e9bdcbf725fbfe
scan-fw-2a556a3951e8c2d4,10.0,sha256:0de7d3dcf61762a7cefd955e8639e7e4c3e8a17231277b789f3bbb5ebd6a5d2a,2,upper,148.228175115,34.93628405300001,43,65884,63313,70.50745704248133,48.92043809598312,2980.158523177038,60.91847577754501,0.0,65884,False,http://gauss:8090/api/v1/scanner/tracking/scan-fw-2a556a3951e8c2d4/tle-review-03.png?sha256=sha256:35ea38d439330e626f853f97ed13116a219a71497ee1e136832dffca62d7fd53
scan-fw-2a556a3951e8c2d4,10.0,sha256:818b9015b4ddf2ae7099978752a26810f80ba7dd2413ee8c772e781d675401ec,1,upper,195.934043161,12.346348272,37,64293,61050,75.09464224093234,36.565608340870156,181.43746339235844,4.961970321974978,-2.0,,,http://gauss:8090/api/v1/scanner/tracking/scan-fw-2a556a3951e8c2d4/tle-review-04.png?sha256=sha256:3b1f4d0b4ef12773bf51301da792bff0de5ac5bb4f3d17b29c515fceeb2dd42e
scan-fw-2a556a3951e8c2d4,10.0,sha256:5810f300a72e3a3ba252f33b2f1500d209b87163c582f0d1a030fb668ebd3e22,3,upper,196.63509036,29.181443080999998,37,64293,68973,40.94465588322135,44.619106522034755,1240.8624546718622,27.810114352224268,-2.0,64293,False,http://gauss:8090/api/v1/scanner/tracking/scan-fw-2a556a3951e8c2d4/tle-review-05.png?sha256=sha256:52d7d6e5f4588132a59979337d76bf8cfc11ab0a766c7bae3b55654a539c0eca
scan-fw-0e60d5cd2b17f060,20.0,sha256:3992aca43925242b608d7d3d8ebad941cb9464a972bedddbd5edb64489e0765a,1,lower,129.615548534,12.074714117000013,26,66825,65517,55.80295943078871,21.523924542272226,65.33682122003873,3.0355440566481975,0.0,54082,False,http://gauss:8090/api/v1/scanner/tracking/scan-fw-0e60d5cd2b17f060/tle-review-01.png?sha256=sha256:9d8f478f690486a5f0e90133764aa63cbec33827ed371d07b7e996d4753a2201
scan-fw-0e60d5cd2b17f060,20.0,sha256:7fb1de0b721dd113af868a857de8585dd7e6c20048ae271c337e7cb79b9f5b46,2,lower,130.318287036,14.740590097000023,14,59751,68953,28.006498854860777,35.701313971865844,140.57096696361555,3.9374171795018933,-2.0,68953,False,http://gauss:8090/api/v1/scanner/tracking/scan-fw-0e60d5cd2b17f060/tle-review-02.png?sha256=sha256:8b3f5c9d3efe18e0aca5c76bf4134a40ddb4635b7cf8b407e72816e1bcfb6537
scan-fw-0782f3b060eb5c5b,15.0,sha256:006e2321fd1c138fbb65d7e5fddbf975f780add7889596e3706b3b2b104b36d5,3,upper,204.754208272,30.871982185000007,42,59887,45564,82.55991456313362,65.93384359992963,465.28892729277067,7.056905860304908,1.0,45564,False,http://gauss:8090/api/v1/scanner/tracking/scan-fw-0782f3b060eb5c5b/tle-review-01.png?sha256=sha256:18f2cfc49d61b446e0baa429d47cad6090d46ac8822fd8bf179a0c21944ae63c
scan-fw-1be2dad4c21118c5,20.0,sha256:5ad3a64a6c250562c213347ed3fc799cbc7740a1fd05f1bd11cbff4dd0c7749f,3,lower,3.257182243,28.774713711,47,63096,63010,33.85929525945801,33.928457475815016,3104.762425256728,91.50909461386136,-1.0,63096,False,http://gauss:8090/api/v1/scanner/tracking/scan-fw-1be2dad4c21118c5/tle-review-01.png?sha256=sha256:2941ca2fc7dc1eebeb2fb546778c4af643d987e0a0d51aad33d71febd9a11988
scan-fw-1be2dad4c21118c5,20.0,sha256:a6c0b4a83caf6b976ce5cbdba5b7589bf8ca5fabf7d7eca47982816746fb5d9b,1,lower,257.624053975,16.98672131500001,16,59903,66886,28.62265765550434,23.171464272023126,88.21650989586992,3.807118482468162,0.0,66886,False,http://gauss:8090/api/v1/scanner/tracking/scan-fw-1be2dad4c21118c5/tle-review-02.png?sha256=sha256:51b806b3f5028c66573217a25ac1bf093c0b44f2b93a04b0e8a445451b84b819
scan-fw-1be2dad4c21118c5,20.0,sha256:12ac16fec23e1db04e4a7cb604cb8d4bfdb78d0f3992cd1a221a645dc7dde9d1,2,lower,283.746875358,12.494621429999995,23,59332,66886,19.274527430617056,31.800449408082212,113.65888979958017,3.574128413754219,-1.0,100447,False,http://gauss:8090/api/v1/scanner/tracking/scan-fw-1be2dad4c21118c5/tle-review-03.png?sha256=sha256:80e00aa616c58f684e62b8f0d61119e861cc61567022ba7bec3a753b00170bad
scan-fw-847d3b4358405790,15.0,sha256:fbfd1082f1d00d2b6d7d830531d494f9723c74894f4994b9029dc98752aeb614,4,lower,25.994925957,28.495077427,40,64103,56382,73.53808324400818,90.68054624730475,4694.032704566509,51.764495239859976,0.0,64103,False,http://gauss:8090/api/v1/scanner/tracking/scan-fw-847d3b4358405790/tle-review-01.png?sha256=sha256:69f326e402bf383c59369800f623f786ea984696594f786851eb068b9c2d22a1
scan-fw-847d3b4358405790,15.0,sha256:9ca3a3c56fe504d3b4d37888ac60c6cf7b858c2f392ea3e1cdfbf1ecbb1396fc,3,lower,162.111318381,23.289488027000004,22,58135,58177,62.160822714844414,119.15836596491849,1023.6031673483694,8.590275295061778,0.0,58135,False,http://gauss:8090/api/v1/scanner/tracking/scan-fw-847d3b4358405790/tle-review-02.png?sha256=sha256:d991732d79afcf95fa361614ebbe1700084cd82fc9223c987f0c61175b2ba341
scan-fw-36250ca449cdb6e8,20.0,sha256:1848bd4e34f1b06bd754bd57be47d98329c7323a3533c4871e9f062945b2a5a3,3,upper,17.01454932,19.225364331999998,22,62128,68718,25.95848995926947,30.10413847502574,339.1279032249227,11.26515889189992,0.0,62128,False,http://gauss:8090/api/v1/scanner/tracking/scan-fw-36250ca449cdb6e8/tle-review-01.png?sha256=sha256:b0d35d268d124f2ed7b8f6c314f7f130de9f892341ac0c0538372aa99cd016ba
scan-fw-36250ca449cdb6e8,20.0,sha256:a5830f01fdbd86a6d2d98fa4b8a2ed68907468744952e4cc89e76ee66dab5cee,1,upper,31.047737428,26.526804596999998,30,62128,60098,128.35486848778683,60.33686753257287,1375.105900533147,22.79047548815483,-1.0,62128,False,http://gauss:8090/api/v1/scanner/tracking/scan-fw-36250ca449cdb6e8/tle-review-02.png?sha256=sha256:847ae49d15d060bf008411d46706959dc6e727e91f1a10979c5429f666a6ef01
scan-fw-36250ca449cdb6e8,20.0,sha256:50b1ef4bb53ca04fbc39c243dd9b08a64f0e2656b368274efc212f43c7fa1862,1,upper,287.676711094,12.213235236000003,21,67629,51865,22.342902384149962,68.65188882330929,80.75142547763866,1.1762447743494746,-3.0,60402,False,http://gauss:8090/api/v1/scanner/tracking/scan-fw-36250ca449cdb6e8/tle-review-03.png?sha256=sha256:4f58c95f2e42516a17d657710d4001bf5589924af5beef269f137d96fbfa217d
scan-fw-e89f3e1df66396e2,10.0,sha256:a2330e3b3e47093b7acafc04448145e6dd6bd8d2f51f238255676e3b89cbec20,3,lower,36.527168111,21.605841589,21,62131,68715,40.15304477959161,74.95050474927781,157.6138274232033,2.102905483431344,2.0,68715,True,http://gauss:8090/api/v1/scanner/tracking/scan-fw-e89f3e1df66396e2/tle-review-01.png?sha256=sha256:1a46bd1c865bda8f704d744404d18c6f6b3bfeb55e28780a412572d69adb67d4
scan-fw-e89f3e1df66396e2,10.0,sha256:fae7257fb073aadf59e7021e075cb21aa688004a580bd8bc63c5c5c5513cb035,4,lower,41.158332816,13.887849751000005,21,62103,60936,20.63691313436257,25.871741987913268,756.1954014895553,29.228623331310036,0.0,,,http://gauss:8090/api/v1/scanner/tracking/scan-fw-e89f3e1df66396e2/tle-review-02.png?sha256=sha256:ec147e1df80f362c4ea611b06447669c308fa3fd370cbf9ae186c1414d02e1ed
scan-fw-e89f3e1df66396e2,10.0,sha256:9f5603365ecc7110efb6903d4b72d8983461fbf3611be6f0380277b00a6f7665,1,lower,46.488901985,10.101332550999999,14,62131,68715,20.060689958492848,29.15004883119811,43.79482783701236,1.5023929493435546,2.0,,,http://gauss:8090/api/v1/scanner/tracking/scan-fw-e89f3e1df66396e2/tle-review-03.png?sha256=sha256:96227ecd58607f07248e5c75a4434bb0c0ec65f7c81d1355477d95c984a04053
scan-fw-e89f3e1df66396e2,10.0,sha256:33d2154862a5f2dfd3eeb0de6b728a859e97c947624dc0d046d34854dd56f980,4,lower,141.766406764,18.237406399999998,34,67455,68255,42.047745068441145,38.07123168253041,277.7366941920369,7.295185417378572,0.0,68255,False,http://gauss:8090/api/v1/scanner/tracking/scan-fw-e89f3e1df66396e2/tle-review-04.png?sha256=sha256:024e90454c49ae803e4e5dfd3f7220cf87019b08ec5c4d965dc7c6975ddfc5bb
scan-fw-e89f3e1df66396e2,10.0,sha256:811a042174fe17b58469bebb59800a0401571011be9472b5da042b3921652e06,3,lower,197.886194966,21.188381193999987,27,59631,51857,41.49151536564503,28.066343890510183,345.97360693141843,12.326992367837384,-1.0,51857,False,http://gauss:8090/api/v1/scanner/tracking/scan-fw-e89f3e1df66396e2/tle-review-05.png?sha256=sha256:b374d4ee5c803c1c34c29c70c90409373c95f4d8911e20b3c36eb787546edea1
scan-fw-e89f3e1df66396e2,10.0,sha256:ced495c5288aa6595a5cd9294ca8265b06e65e311118638c20db405d1d068b27,1,lower,221.318582841,13.325329879000009,30,59631,51857,27.17516388115774,20.115260694235786,65.4024610169919,3.2513852050514847,-1.0,,,http://gauss:8090/api/v1/scanner/tracking/scan-fw-e89f3e1df66396e2/tle-review-06.png?sha256=sha256:e0c9b70c475080b684be173f9bc579e9a59c7ac5040d28b3533cd9b8eb5efdd6
scan-fw-e89f3e1df66396e2,10.0,sha256:b8ed5d0ceffc4030752acf7c385e0abff659a4d7b4d267362b695afaf640da21,3,lower,232.959620423,18.243540316000008,21,67470,66254,122.22846053269384,93.78359705454683,45.21986873972391,0.48217247109239075,1.0,,,http://gauss:8090/api/v1/scanner/tracking/scan-fw-e89f3e1df66396e2/tle-review-07.png?sha256=sha256:b2603ca8ae3ea608ac8b82a6086881da8000dfe3320b1d3633f47321272f7906
scan-fw-e89f3e1df66396e2,10.0,sha256:7047ce4186f4d2031a02736f3edf9f46d4396046e4ca4e0e352ce8a2ed3b844b,3,lower,251.203160739,35.78079042899998,68,67470,66254,142.18864411008852,171.3098361271651,416.64586790566386,2.432118769855008,2.0,66254,False,http://gauss:8090/api/v1/scanner/tracking/scan-fw-e89f3e1df66396e2/tle-review-08.png?sha256=sha256:2edf9db6b6000b3b215ba4663bf9495ea2740f18b3bf74fe7f3a902307c16004
scan-fw-e89f3e1df66396e2,10.0,sha256:4700f4fda4a5717407fbaf647064ea9a96942019a19fe9f3d02550918ff18924,4,lower,257.377186234,22.169306224999957,24,67470,66254,113.48113740729858,102.022769419253,134.63787972085765,1.3196846202789883,2.0,,,http://gauss:8090/api/v1/scanner/tracking/scan-fw-e89f3e1df66396e2/tle-review-09.png?sha256=sha256:14cdf3ba79b14fe600903fa9f2ed53ce73d618d71dcfe6c000ee7e2c228122c0
scan-fw-78e75ea0dc7b5c8b,15.0,sha256:22388cb989a0cfd27af7233079c5ce600cb1fc48778bbccc223fa3aeb8850639,2,upper,56.443568043,24.134933649000004,43,66342,67635,119.16876499117036,143.13194375621646,143.0979888701634,0.999762772130651,4.0,66342,False,http://gauss:8090/api/v1/scanner/tracking/scan-fw-78e75ea0dc7b5c8b/tle-review-01.png?sha256=sha256:432d53a50a8d7987f86aa22186a6c8089869babf76fc08d472a1f819a7ed559c
scan-fw-78e75ea0dc7b5c8b,15.0,sha256:7aea92f7351a909cd431da264db7edd71ca62a410ee3a12aa20834e854e5ad52,2,upper,99.938429671,45.462385600000005,87,58179,64216,170.05577908154675,160.02442190905177,1482.7041622208476,9.265486758411958,0.0,58179,False,http://gauss:8090/api/v1/scanner/tracking/scan-fw-78e75ea0dc7b5c8b/tle-review-02.png?sha256=sha256:8d43c7c7dfbd7de92408ade95870bacb4e89dd9318a2b7e455f567b53b492a25
scan-fw-78e75ea0dc7b5c8b,15.0,sha256:ea67ae144828ea6f9519c62162b590bc9f9f31d127fab880cbaa3a0d72bf406f,1,upper,100.640641791,26.659231785000003,39,58179,68253,38.53461672721775,79.15747212537083,696.2898020274762,8.796261216182872,1.0,,,http://gauss:8090/api/v1/scanner/tracking/scan-fw-78e75ea0dc7b5c8b/tle-review-03.png?sha256=sha256:e3ee6085bd5040c7ff32ec72c026fa053d99f85ecd79aadba71ab3629c734457
scan-fw-78e75ea0dc7b5c8b,15.0,sha256:f93588179a5480259e9a713e8994d4a9500524ad734fd815e5c0a14b9b875d7b,4,upper,185.953064271,25.538935878000018,24,67627,66345,120.82884504289666,42.53224612275684,145.75869122582682,3.4270160763468067,-1.0,66345,False,http://gauss:8090/api/v1/scanner/tracking/scan-fw-78e75ea0dc7b5c8b/tle-review-04.png?sha256=sha256:fa4b9e43fafcea00b9966df07774f4e10852e7ba7623e62f6722a3ce653482e9
scan-fw-78e75ea0dc7b5c8b,15.0,sha256:859acd3b958471ee81760979709a9ba006b587d5ea272a3adb1e95033941dd2c,4,upper,214.718619171,35.78000717399999,62,58192,53794,85.14951320781974,78.44777959412866,1144.5693896894684,14.590207595565042,-1.0,60093,False,http://gauss:8090/api/v1/scanner/tracking/scan-fw-78e75ea0dc7b5c8b/tle-review-05.png?sha256=sha256:1be134fecb34d0a11f5be5df93d2ab29f00083047b6f26cda42717f571a8ac8d
scan-fw-78e75ea0dc7b5c8b,15.0,sha256:42ea7832db67a3d2d6df52571e1ec49126b8daff2ae073136db482d7f9166d6c,1,upper,280.946754093,18.241369935000023,19,59799,51994,22.92637227089591,19.30519044289522,738.262868576629,38.24167758201669,1.0,,,http://gauss:8090/api/v1/scanner/tracking/scan-fw-78e75ea0dc7b5c8b/tle-review-06.png?sha256=sha256:d2b881e5f4a22768da25ee93959f7138e2df6db66b7f21727089734cf5bf4743
scan-fw-a499c83a3d020a55,20.0,sha256:d291a6b61f2f294d13d5fc9efe7e372a963e5ffcb3990e227bdc21790ecc44c1,4,lower,20.064508621,32.436778987,47,66119,59804,89.8659649554252,88.09613061106839,1999.9000345616948,22.701337966714597,-1.0,66119,False,http://gauss:8090/api/v1/scanner/tracking/scan-fw-a499c83a3d020a55/tle-review-01.png?sha256=sha256:6dc40a370af67419cf45487296d13d027452053519d41c3af3bed8109a396406
scan-fw-a499c83a3d020a55,20.0,sha256:0088807c865ba782b24352011156901cc215174cbf3cfdfd9107abf802d3bc4c,4,lower,77.765821088,7.305405231000009,17,58175,68257,75.6331212181444,103.60082670572203,106.1117791533875,1.024236799333637,0.0,,,http://gauss:8090/api/v1/scanner/tracking/scan-fw-a499c83a3d020a55/tle-review-02.png?sha256=sha256:25b894a1eeb30bff1ff913a851b1ff55d0135d2eaaf54f6ed39d43a1f1fcf517
scan-fw-a499c83a3d020a55,20.0,sha256:761c8f2885b389b03aca1513d76ef5f2e10a11e2e631f18daed5eeaaf47487e5,4,lower,115.962659355,14.179254794999991,14,56304,59633,56.63348395419622,44.34349349421903,338.7582087372333,7.639411828961931,-1.0,,,http://gauss:8090/api/v1/scanner/tracking/scan-fw-a499c83a3d020a55/tle-review-03.png?sha256=sha256:2866d14f5f31ffa41175c5faca987d4f07991292958ea899a79165d5f9eba100
scan-fw-a499c83a3d020a55,20.0,sha256:6cb54b933157ac4069a68e01703577fcffecd8b7ea24ce25e193e4ac556cbca5,4,lower,143.772683049,16.564017852999996,26,56304,47381,40.77675845819746,29.176642716798995,227.67553267099865,7.803349236610771,-1.0,56304,False,http://gauss:8090/api/v1/scanner/tracking/scan-fw-a499c83a3d020a55/tle-review-04.png?sha256=sha256:131cd9d04d2ef4abdc952dcc52a7ba7bb4fccfa549b52e7d9cce9640939d8d69
scan-fw-a499c83a3d020a55,20.0,sha256:fe05440f039eb16ef32ab47bf2854d7f100b8b41ead28cdd5be928b3c7fac324,3,lower,164.124681187,19.232104246000006,22,66330,67633,33.99452426171345,62.76475207220333,401.8921954981904,6.403151167328145,-1.0,66330,False,http://gauss:8090/api/v1/scanner/tracking/scan-fw-a499c83a3d020a55/tle-review-05.png?sha256=sha256:4d70f34131e03253466a2689cbf13715edbbbc5dcc827a468c90378adaded36d
scan-fw-a499c83a3d020a55,20.0,sha256:68e6796c03b81467fecb7df35f4a4b1c062ded917c8eaabd6efaf31de605bb95,3,lower,201.885938952,16.167859077999992,15,64221,45386,60.55798061676085,45.484100806400555,292.97571092289496,6.441277407459866,-1.0,,,http://gauss:8090/api/v1/scanner/tracking/scan-fw-a499c83a3d020a55/tle-review-06.png?sha256=sha256:ffe08694c2b560e3f783d18facc9da27e4429ab71a142e3af698cd49d647b07b
scan-fw-a499c83a3d020a55,20.0,sha256:dab7bceac3d24282773bf353fe8ddd6b4d69122942b00375d6f7797993bb5358,2,lower,211.011376238,9.850729813000015,16,64221,60101,25.706373450138273,29.84437767569474,441.27254233394876,14.785784683770475,-1.0,,,http://gauss:8090/api/v1/scanner/tracking/scan-fw-a499c83a3d020a55/tle-review-07.png?sha256=sha256:c88eff328c4d0ce997d553ae8481fb50498306bf1d3dea6069984aa475c53436
scan-fw-a499c83a3d020a55,20.0,sha256:f343e6a17568f4c1accbb3a29f02c14a1fc32915462f38810c28138c98dca6d3,3,lower,237.564805919,37.76279651399997,83,66130,64221,102.01382924442075,121.0929422702867,7261.16889342741,59.96360115868723,-1.0,66130,False,http://gauss:8090/api/v1/scanner/tracking/scan-fw-a499c83a3d020a55/tle-review-08.png?sha256=sha256:f4edc9efefc2dbb0054e78418472e913c3dbf9e62124976d0371281c108ad40d
scan-fw-655821e89b4fef6d,10.0,sha256:21cf89d6866cec18eeb7ba07a27d9ac0b3b44e4f5c786bdcdb7b4a6218db8767,1,upper,154.111081047,7.0160644460000015,17,59240,64220,32.35846841445123,24.85104779526438,79.78945293860156,3.210707797753552,1.0,61882,False,http://gauss:8090/api/v1/scanner/tracking/scan-fw-655821e89b4fef6d/tle-review-01.png?sha256=sha256:b4b935fa57c7b87019d47f039c4f92f127458af97b207fd9c4042e7e0f8782b7
scan-fw-655821e89b4fef6d,10.0,sha256:9b94b71dffaf21f7f6be72c870c31991fd45494f895335219664122567932efd,1,upper,165.193843189,20.766473915999995,26,59240,66328,75.28387410769089,33.76512552819475,803.2682776379664,23.789879796751137,1.0,59240,False,http://gauss:8090/api/v1/scanner/tracking/scan-fw-655821e89b4fef6d/tle-review-02.png?sha256=sha256:467f207f1bcf586fd98acaa36bd2cf5fcb16b64ea0bf4c12a05ea4c9380346c0
scan-fw-b96bd99374df7636,20.0,sha256:c40ba341d0639ed8a33308cd344f019076ed3dc472ca608866bc284b4f09786f,1,upper,0.05112348,10.256048558,15,68064,62218,19.538880775754848,32.759051451155116,697.2411171308794,21.28392264869116,-1.0,,,http://gauss:8090/api/v1/scanner/tracking/scan-fw-b96bd99374df7636/tle-review-01.png?sha256=sha256:2e779a8510d83f40232b37c06faf74e754c6c726f1881faef99dfbf19eddc00a
scan-fw-b96bd99374df7636,20.0,sha256:e04eab2289f84b2e3bb6e06b84f65e0722809e2b68f23cf528f62e33e579aadf,3,upper,31.363253257,10.807151860000001,15,58532,100616,82.10027326361399,44.10371732577548,952.6474654853021,21.600162599639816,2.0,,,http://gauss:8090/api/v1/scanner/tracking/scan-fw-b96bd99374df7636/tle-review-02.png?sha256=sha256:4d3f12f0e043ece744c2d2cbf3f59c54f583ac2cb390a323528ae325042d47d7
scan-fw-b96bd99374df7636,20.0,sha256:1e50562ff3d7dfdff57e1d48b239426cb864b1c84d1a7132446e1956b1eb244b,3,upper,126.391269466,24.70203509400001,32,61640,63379,90.84531426820226,112.72896882218234,524.6325109589392,4.653928058070767,1.0,61640,False,http://gauss:8090/api/v1/scanner/tracking/scan-fw-b96bd99374df7636/tle-review-03.png?sha256=sha256:b64d05e00a2836cdaf4d5e814bda453516781065a4c57ea36683836c13287c7d
scan-fw-b96bd99374df7636,20.0,sha256:45edf91561837c1cba4c8cd7d05f18ecc95af69901f1b9ca23ac69457ddaf11f,4,upper,136.3538567,17.265472562000014,18,62281,62149,76.31353997266243,152.72196263621214,170.15742774134506,1.1141647527583487,0.0,,,http://gauss:8090/api/v1/scanner/tracking/scan-fw-b96bd99374df7636/tle-review-04.png?sha256=sha256:c37b84646cc302812c347d1cc5ddb996505573b71cf33cebe45fe92bd8700d75
scan-fw-b96bd99374df7636,20.0,sha256:6d35369116fdc5a0ec9406055556a87e86d0f8237586d64bfb10c365115e1b9e,2,upper,136.493858106,23.862836171999987,32,62281,62149,42.58717616303605,82.55906205715739,255.64262335439898,3.0964816821369916,0.0,62281,False,http://gauss:8090/api/v1/scanner/tracking/scan-fw-b96bd99374df7636/tle-review-05.png?sha256=sha256:4cab8e0b83bdc1ddee8a5a5ca6f329a27ba35f269cfe1105aed11987e32475c6
scan-fw-b96bd99374df7636,20.0,sha256:ea28c2c0a26a5af6c10274cf9d0a6f0183ea0224ec2b13f1c64339cf0047f053,1,upper,210.194141037,25.26517394999999,53,68046,56548,107.44236292311206,88.50412998234295,2546.914813829631,28.77735552383549,-1.0,,,http://gauss:8090/api/v1/scanner/tracking/scan-fw-b96bd99374df7636/tle-review-06.png?sha256=sha256:fb4e188739a8a0669c69f6f92de42234b91b83827d7ab3d445ff4da62ceb4c32
scan-fw-b96bd99374df7636,20.0,sha256:9941cb95e2bde0d61bc86774a45f32d3ff6f4c422f377a1d849237e1f4385c27,3,upper,210.75547073,25.825827466999982,49,68046,56548,92.03172913780034,109.56257263597439,1952.594362718206,17.821727947241357,-1.0,68046,False,http://gauss:8090/api/v1/scanner/tracking/scan-fw-b96bd99374df7636/tle-review-07.png?sha256=sha256:9e47881c3ff7959fe0bdd822361124a1426d79d0af537f4f020a6e6bb2fc585f
scan-fw-b96bd99374df7636,20.0,sha256:f3ffe2f9eba69c26ac5edb7443673861936b084a4489f860063143a72ca31ca8,2,upper,281.644504103,17.964994499,31,67970,61879,23.077235232520103,83.0854583832401,1143.1218307413285,13.758386280648091,-5.0,67970,False,http://gauss:8090/api/v1/scanner/tracking/scan-fw-b96bd99374df7636/tle-review-08.png?sha256=sha256:8397a04e6e487864f90b419dfee73be4678b525d54d7f536f80b024a3110c474
scan-fw-d1147df1da924456,15.0,sha256:853c75e11cb81d235274b1650ff8d38aa76e4236a640cf1be471f28593c2aaa9,2,upper,0.427051181,7.999999556,17,67344,60272,22.902701335255692,27.597427434600146,50.42948207673153,1.8273254706888296,-1.0,60272,False,http://gauss:8090/api/v1/scanner/tracking/scan-fw-d1147df1da924456/tle-review-01.png?sha256=sha256:d06a1bee8faad1178bcc52e2126498c1a516cf199e3319983730c822d76450d5
scan-fw-d1147df1da924456,15.0,sha256:fa600c52caea9bbd4af796ed08039e1f743708bd942154f0f1b55bbd26604b6e,1,upper,166.014568818,20.63809441800001,25,63869,60288,39.30037545892213,40.97011285957328,386.039577659625,9.42246800692962,0.0,63869,True,http://gauss:8090/api/v1/scanner/tracking/scan-fw-d1147df1da924456/tle-review-02.png?sha256=sha256:eff07130597e22f4c2a52bcd3da2f1fab3bf021355f1f9dc442092e0f73a4037
scan-fw-d1147df1da924456,15.0,sha256:987ad291935ff6434922efd1d71d53b98f88ae62e7514db178baa6a659e32dfb,2,upper,191.984482185,17.258798220000017,23,69222,61641,133.46027835647155,97.10861741325088,90.03461946674234,0.9271537569482143,4.0,69222,False,http://gauss:8090/api/v1/scanner/tracking/scan-fw-d1147df1da924456/tle-review-03.png?sha256=sha256:5f1c6901872d5fd53e67b01e0f0935c7258a8bb8451bdea86e2bed3d4eadd3e1
scan-fw-228e95f8726c7caa,20.0,sha256:8cdfcb9b2b0eb18f76e60e3be0a1da55cf6fcf564d2cdb11a4d2311ce5326e11,4,lower,0.117211142,10.406374118999999,30,62153,69509,13.758442753562775,27.475732790132337,132.02010669706547,4.804971270665411,-1.0,,,http://gauss:8090/api/v1/scanner/tracking/scan-fw-228e95f8726c7caa/tle-review-01.png?sha256=sha256:599c0c47246a6ac0bf24ce76825031656f1348861de412641d1822ef7757d1ff
scan-fw-228e95f8726c7caa,20.0,sha256:6235cfb94148beede65566a8645642c9d1860bbc4d2bf083d7f465d7aefbffb5,4,lower,10.804251177,14.321423689000001,19,69509,45677,58.19662936360774,29.224224072625056,1173.7665103179547,40.16416338038711,-1.0,69509,False,http://gauss:8090/api/v1/scanner/tracking/scan-fw-228e95f8726c7caa/tle-review-02.png?sha256=sha256:8b9d16126b583607d74cef00c16a6774480d9ce9937da76c99753afe6684232c
scan-fw-228e95f8726c7caa,20.0,sha256:0e64f7d801ec6b15d56368be7536b3396d1f526eda044e3139234c700f9bd8e0,2,lower,25.827353592,14.608597371999998,16,65631,58948,39.11004601066613,47.605509223180064,229.8882013885606,4.829025151497035,1.0,69509,False,http://gauss:8090/api/v1/scanner/tracking/scan-fw-228e95f8726c7caa/tle-review-03.png?sha256=sha256:8f373691b37efa2dce1a38d5bbdbfa2891b4e41ce3e95d9fcd1da3da237bbee0
scan-fw-228e95f8726c7caa,20.0,sha256:a723c62943fba1ca7721f92f7fcbc11ffdcf5f4bdca6ba1c71ea4b3440ff7368,2,lower,110.782833857,24.84518997900001,22,68855,62139,52.590496017636376,119.68595659785136,3836.018912726924,32.05070186819052,-1.0,68855,False,http://gauss:8090/api/v1/scanner/tracking/scan-fw-228e95f8726c7caa/tle-review-04.png?sha256=sha256:b35189df854df534c45a0416f4e565f06328eb490dcde98fde42d9f9201d8f42
scan-fw-228e95f8726c7caa,20.0,sha256:715b9982ae0fad2ad9be25f127c643072ee817890e8d146c1a05c3705ac71a3b,1,lower,180.10243777,40.849162035999996,73,69534,61848,473.45745963242774,246.58455969203376,2290.9091505090587,9.290562042368906,1.0,69534,False,http://gauss:8090/api/v1/scanner/tracking/scan-fw-228e95f8726c7caa/tle-review-05.png?sha256=sha256:289caf26180795a2eb42a3faa4d7c90b53c2cb6f81ba1a13012b50f57d52412e
scan-fw-228e95f8726c7caa,20.0,sha256:20c7bb288fad3e1a2061863525267840a1d3c8cc035dd0927482377394103c4d,3,lower,182.488119499,36.77873797000001,61,69534,61848,56.6306689494924,51.9995063177821,2641.6884390851155,50.802183061913915,-1.0,,,http://gauss:8090/api/v1/scanner/tracking/scan-fw-228e95f8726c7caa/tle-review-06.png?sha256=sha256:aaa8fcb078762fcd62e87e842467ddd782b31a1978dcced1fc431559bf1efb4e
scan-fw-76de27b80cc1e288,10.0,sha256:3b9023aadfce9831e1d72218d321f13967765ccf69a69be9f6765c56b9de1d46,2,upper,42.2853914,37.462833997,63,67362,52846,119.89608107106937,126.37637585245602,257.03497931719596,2.0338847160586675,-1.0,52846,False,http://gauss:8090/api/v1/scanner/tracking/scan-fw-76de27b80cc1e288/tle-review-01.png?sha256=sha256:9097ad4a5fc4f302ba7cf0598b749148aa285e996e111203ffbbc93248d8d46b
scan-fw-76de27b80cc1e288,10.0,sha256:14291a8d18d70e6b042676e76971bcba0c625583cb0cd8a240f387ead3f6e8cc,1,upper,45.370754472,29.325354485999995,56,67362,52846,110.81168613394954,92.95654864915566,203.1888496174841,2.185847609127318,0.0,,,http://gauss:8090/api/v1/scanner/tracking/scan-fw-76de27b80cc1e288/tle-review-02.png?sha256=sha256:b3ec709684a4697eafb622c358fd17064f66a1a729a1f46c5d0aa48986234df3
scan-fw-76de27b80cc1e288,10.0,sha256:2e1ebc7ba293318622967d39f5618e9e7df6a1cfcdb6a70a956efd9e383b3205,4,upper,45.651823467,33.395064790000006,34,67362,52846,96.12728918017824,104.39844143302439,406.5146101044345,3.8938762353576823,-1.0,,,http://gauss:8090/api/v1/scanner/tracking/scan-fw-76de27b80cc1e288/tle-review-03.png?sha256=sha256:f8a254fed6f2f251aa6df2cb4075f72f35cae40566e762f7b5ff8bb25a3862c2
scan-fw-76de27b80cc1e288,10.0,sha256:9d475b31b48a9d9d6ad5c48807ecdb4d31bb080ad83c27f4e5b997d0c33666a2,4,upper,146.255211567,31.985247112999986,34,69532,63386,59.74743919770151,87.17098953907828,749.6118980285084,8.599327620256755,0.0,69532,False,http://gauss:8090/api/v1/scanner/tracking/scan-fw-76de27b80cc1e288/tle-review-04.png?sha256=sha256:03be3f9ad7cc74166571f4675cda358727420ae0a2815863d97d57474e8107a9
scan-fw-76de27b80cc1e288,10.0,sha256:df037a73d7b05a1f4331cf3b784dde46161d3cf7efddb0b5226337b3a4b80d4f,4,upper,222.156499975,30.872034439999993,31,60362,60373,106.98037526881899,62.361745969934624,508.16535084980563,8.148670999282132,2.0,60362,False,http://gauss:8090/api/v1/scanner/tracking/scan-fw-76de27b80cc1e288/tle-review-05.png?sha256=sha256:d95ae9c08c88fbbdf053c0a9d1a4455c4bfcd4e1cf375c50dd8e2f53e701b484
scan-fw-76de27b80cc1e288,10.0,sha256:5b5579433d8589151e10e6683341b33c14b88b51d3aceb3ebd85d563e8e85a98,2,upper,267.340259339,12.766452528999992,16,67361,60271,74.96878724285118,35.866023035197706,143.42923624038318,3.999028163775687,-1.0,63890,False,http://gauss:8090/api/v1/scanner/tracking/scan-fw-76de27b80cc1e288/tle-review-06.png?sha256=sha256:92d7a0e794ecdc741516b0cbb18b997278d1083a66144e8b69ea65f15b809ee7
scan-fw-7307e459e9c1c11b,15.0,sha256:295a7509889583e5de6f8cc5fa0a8c152e59675d422434c5190db655c943a884,4,lower,0.319936285,9.2612528,24,60363,56100,21.213411997735786,17.138695151162125,319.97674750014954,18.669842988510876,1.0,59959,False,http://gauss:8090/api/v1/scanner/tracking/scan-fw-7307e459e9c1c11b/tle-review-01.png?sha256=sha256:746837cc1f99a8d157d7e9243f304b9db13566ad7faa0f2123d169e1158ba30c
scan-fw-7307e459e9c1c11b,15.0,sha256:616abdefaa0bf2b3c534afc5757b6f8c0fc5ac590679617ec032994b9849f934,4,lower,38.637289374,26.236979748000003,53,67799,69488,20.09127604512623,60.82428205799259,143.99187900009065,2.367342024075226,-2.0,69488,False,http://gauss:8090/api/v1/scanner/tracking/scan-fw-7307e459e9c1c11b/tle-review-02.png?sha256=sha256:79f435461105e090a559ecebe126dc3bba6c221d3f14d396510aafdede295eb1
scan-fw-7307e459e9c1c11b,15.0,sha256:dac6519b68470c874befbe5aeb36afebcdd532038cbda278a8c85e794d9d5cce,4,lower,69.223959627,15.155046428000006,16,53890,48009,34.935633363959695,109.7698322463538,509.37237477631373,4.640367616059953,0.0,53890,False,http://gauss:8090/api/v1/scanner/tracking/scan-fw-7307e459e9c1c11b/tle-review-03.png?sha256=sha256:0f284f21ccea3f66304608eb14411143e8b83c7caa5acc64ec6f791d862a080e
scan-fw-7307e459e9c1c11b,15.0,sha256:f6c743c11faae7d77c5e9601dd3bc4a95e6393b51e4a5e24fa0012b0c9e8e2d5,4,lower,155.512878214,34.937977347999976,55,66169,68156,45.43902705923853,46.366752714127834,2355.4179192605916,50.7997170684524,-1.0,66169,False,http://gauss:8090/api/v1/scanner/tracking/scan-fw-7307e459e9c1c11b/tle-review-04.png?sha256=sha256:f0d9223e68c7539c9a06e09e36e7f8ece1d03da44eecdc98fd1fefb3bc7d3bd4
scan-fw-ec8dc35c6aa55a05,10.0,sha256:4433a338176820ac4992d85c5ff448f42b53c789ebed7d7c2d985eb848570e57,4,lower,1.026160524,21.324362128999997,32,64366,60135,360.9620244366569,315.90814298512146,705.830586873052,2.234290576379017,-5.0,,,http://gauss:8090/api/v1/scanner/tracking/scan-fw-ec8dc35c6aa55a05/tle-review-01.png?sha256=sha256:75c86272e60bc262b383a74132a06b7c8fb80ed3eedd1be2c40dce9a662814c6
scan-fw-ec8dc35c6aa55a05,10.0,sha256:4df73b0fbf2dda9db635631f8af9e7bcb7e7c8d9b81bd8f5dba6988a0f4fc5d9,1,lower,10.566486218,28.341409225,35,58601,60135,39.31635212674117,30.381512903580283,885.5603630114932,29.14800081950939,1.0,58601,False,http://gauss:8090/api/v1/scanner/tracking/scan-fw-ec8dc35c6aa55a05/tle-review-02.png?sha256=sha256:e0efec2000d943359d889b81e5feedd66a8d41294228ec046f27e1ee97f8d4e3
scan-fw-ec8dc35c6aa55a05,10.0,sha256:346cdad22d64d37214fa6f475b7e760d52ae85a1ac003da9bb556966b4efdfe2,3,lower,15.617176419,24.1325842,23,58601,60135,28.704894596850206,42.45484975695663,468.6667770274859,11.039181146806213,0.0,,,http://gauss:8090/api/v1/scanner/tracking/scan-fw-ec8dc35c6aa55a05/tle-review-03.png?sha256=sha256:15e37291dc224febe139b07a7bb52f2bbed1e884156b0f4bbd9da31341902704
scan-fw-ec8dc35c6aa55a05,10.0,sha256:63209fe1c3df67786767170052e6757a0a830896b76935f7b638c6f9fee26ff3,2,lower,40.591871163,12.767927927999999,26,60135,58601,48.29150959902156,160.68813920720805,113.02784802630059,0.7033988232358002,-2.0,58601,False,http://gauss:8090/api/v1/scanner/tracking/scan-fw-ec8dc35c6aa55a05/tle-review-04.png?sha256=sha256:12677dc49634e916f4c294d7d5bc1f8c7280a52b85afcf44dd683b7ec60502ff
scan-fw-ec8dc35c6aa55a05,10.0,sha256:58c19c014f982e48045cba285ea0badaf7a777c369fec49e234ffc6c3406771c,3,lower,86.754558461,43.49835634099999,84,61850,66154,46.35562213391745,73.70432256527542,852.4777152995804,11.56618344255987,0.0,61850,False,http://gauss:8090/api/v1/scanner/tracking/scan-fw-ec8dc35c6aa55a05/tle-review-05.png?sha256=sha256:f90a2a09d9657c441c98afc0a653e75985e3c77dc1efd75bb0a40fb6dea09bbd
scan-fw-ec8dc35c6aa55a05,10.0,sha256:4f8b6419b244c8a01fc0372a67dada9a79ea60ecf31bf410bc895371b3b0709e,4,lower,205.736062646,45.181414984000014,66,67432,54797,53.03555271186955,18.0964139105025,1974.7263908729112,109.1225256362451,-1.0,67432,False,http://gauss:8090/api/v1/scanner/tracking/scan-fw-ec8dc35c6aa55a05/tle-review-06.png?sha256=sha256:cd72c2ca655a2f4c26dcc3ec6f1ebc8b1ee0f9348b0892a4c5b12fea558b397b
scan-fw-c27cb71443315620,20.0,sha256:562decbce56d68d827c668d78bde9f2411e4dd94ae9347e717fb573fc7b91c54,3,upper,56.594921453,11.369362839000004,15,62157,68163,22.820049836985792,36.037432891554516,79.54372482702425,2.207252804781929,-1.0,68163,False,http://gauss:8090/api/v1/scanner/tracking/scan-fw-c27cb71443315620/tle-review-01.png?sha256=sha256:2b586bd4e806240f781a4d4aa0ea78933bb68f3890a44d28acb823905ccc744d
scan-fw-c27cb71443315620,20.0,sha256:df21924e86f34a3c2a3e5ca7ded35c749eff04114153efeba18d833489b90af3,2,upper,72.036280835,16.706681896999996,16,67415,62157,23.851853029383744,18.03073004230362,42.370044488458426,2.3498795882945402,-1.0,69313,False,http://gauss:8090/api/v1/scanner/tracking/scan-fw-c27cb71443315620/tle-review-02.png?sha256=sha256:d16e60caa3d00e5b62bee34a4524f6f6adfe59dae599de81eebb9f5253606d56
scan-fw-171de8838408d501,10.0,sha256:ed22e0ccc93934c1a7e5c2010b01195cfe1d6c7d6f5820b8f27bf5beec29ea1e,1,upper,143.447271463,12.770194610000004,15,57753,57330,52.89159731287059,58.11872760605513,190.771506450538,3.2824446492297668,0.0,62763,False,http://gauss:8090/api/v1/scanner/tracking/scan-fw-171de8838408d501/tle-review-01.png?sha256=sha256:c9cc95b51fcc42949aabde3d27c22a11dadf903c79cb2b6379d0b59c521e9f57
scan-fw-171de8838408d501,10.0,sha256:0e2e9aabea863e2fbaa8e787aea58eb363f7282f9c6d29ec6dd39bf4efb31e18,2,upper,171.3726801,27.501330706999994,39,67662,69751,257.8772586512703,153.346151911128,3214.04179194118,20.95938992850556,-5.0,67662,False,http://gauss:8090/api/v1/scanner/tracking/scan-fw-171de8838408d501/tle-review-02.png?sha256=sha256:ce063b1115add497595568ed616e934b72bddcfce168ca7abeb7164a6f0cdb48
scan-fw-171de8838408d501,10.0,sha256:74114a7331eaa8849bfd5ee03dd62a419634ea7276458cbeff4f1e013101a3dc,1,upper,180.074037647,16.83598730999998,34,67662,45710,154.53074855954785,256.15789969534376,1476.521885594322,5.764108338452156,-5.0,,,http://gauss:8090/api/v1/scanner/tracking/scan-fw-171de8838408d501/tle-review-03.png?sha256=sha256:fbc75fe644789f55b3c0d9467514c20fbfee9fe8b7c93a6c9a99c891c81fc771
scan-fw-171de8838408d501,10.0,sha256:decbae4ed4af0489da32647dab7118f3a106b226f7b82aa2d7d043b053181025,4,upper,195.92868434,31.28802587300001,37,59734,57149,89.55274685082159,42.77540744732189,772.2838871336439,18.05438996892584,1.0,59734,False,http://gauss:8090/api/v1/scanner/tracking/scan-fw-171de8838408d501/tle-review-04.png?sha256=sha256:9f56026324bc490a1fb3ea1121e8f3f9541e675d68768e556e965cf72c120582
scan-fw-171de8838408d501,10.0,sha256:affd60dad9dbbad6172c8d0e6ab3b1dbbf6a08aa64f42cf31fb3a00927c8338f,1,upper,274.636742494,20.624111570000025,21,67920,60054,114.50692728656256,53.51996435138946,450.1682982354798,8.411221937291756,-3.0,67920,False,http://gauss:8090/api/v1/scanner/tracking/scan-fw-171de8838408d501/tle-review-05.png?sha256=sha256:ecba8f2c10e10634f26ff084d740ba83f9f2f607454b424f836e99405c43266c
scan-fw-bf41043ead1c9de3,10.0,sha256:5dbb40f6c78a18a1ef921079ee4aaef4feb8e3d9a0dc5d8935aa7e9ca6f5402e,3,lower,19.991220357,30.730155113,55,65253,65446,49.45833048451481,32.10793573830024,2679.9125300006563,83.46573731315584,-1.0,65253,False,http://gauss:8090/api/v1/scanner/tracking/scan-fw-bf41043ead1c9de3/tle-review-01.png?sha256=sha256:561b51bb9139238169aed927929efd6b4d3ea302743b4e6ae6cd7718e6d559ff
scan-fw-bf41043ead1c9de3,10.0,sha256:33278c94fa1fb689e78964907ff7d1b3ab0f97173e47b65e60027f90d7c829b5,2,lower,28.971177253,20.066761172999996,15,62054,59749,46.02891477852784,55.311215790965264,318.839972121399,5.764472314735839,-4.0,59749,False,http://gauss:8090/api/v1/scanner/tracking/scan-fw-bf41043ead1c9de3/tle-review-02.png?sha256=sha256:e8623cdb068ebedaf8aa557ed700f45d97924639dd946ba1c486b6060d6c0d52
scan-fw-bf41043ead1c9de3,10.0,sha256:ee75927e54eea12096158fb60b46483e38dd672d884a9dbba895ffa1048f13af,1,lower,104.026231564,11.362844800999994,18,65746,69372,124.4322576236102,53.49577634321199,755.9655329580581,14.131312500411662,-2.0,,,http://gauss:8090/api/v1/scanner/tracking/scan-fw-bf41043ead1c9de3/tle-review-03.png?sha256=sha256:4f84b968b5983fd47e7204fcd57d77186dbaa3456b30dd66e6d483cd2b3c3705
scan-fw-bf41043ead1c9de3,10.0,sha256:72cc53bcdb6d22cde0578d7c8a4f2ca8e28e6e3520a75b28211878904ff2165a,1,lower,133.768656997,26.516163618999997,44,56289,62042,50.93465544390729,61.9327600803666,201.15736920179415,3.247996196855489,0.0,56289,False,http://gauss:8090/api/v1/scanner/tracking/scan-fw-bf41043ead1c9de3/tle-review-04.png?sha256=sha256:81f5c4b5a0fc404d529b0d14f5b154dc630c9fad613fb9bb1a296a83d07328fa
scan-fw-bf41043ead1c9de3,10.0,sha256:1092560baa6583a2dd6633d9e88ae644db10a35fb20d68d4e0091b4295f80826,4,lower,135.732455641,24.832353815000005,33,56289,62042,60.905483731918494,45.365946904366304,220.46254373852983,4.859648233580927,0.0,,,http://gauss:8090/api/v1/scanner/tracking/scan-fw-bf41043ead1c9de3/tle-review-05.png?sha256=sha256:af5b3eb5c4bc2078270e3e4d3f90c60506566844b9167d24e5324e2a229f01df
scan-fw-bf41043ead1c9de3,10.0,sha256:fae6293a7639f74ed95d73c634cfe4359a5f4ba00743f3acf4e294b0c8dae47b,4,lower,252.184735702,21.746920219000003,21,65439,65248,27.588905896766995,14.336040085466621,49.380411554144686,3.444494522877683,-3.0,65439,False,http://gauss:8090/api/v1/scanner/tracking/scan-fw-bf41043ead1c9de3/tle-review-06.png?sha256=sha256:75d2e75152e681d6221946f59aeff602621b7963b9a1086c58fd8291b4cb2123
scan-fw-ad107441f55ccacc,15.0,sha256:d182ddffe3685b11664ddf856d65acef3dacb10cdc9ba732030218080f67bc12,3,upper,117.595571534,26.79999444299999,43,65435,64618,69.954396195208,77.99481398100183,2323.699539363043,29.793000595258242,0.0,65435,False,http://gauss:8090/api/v1/scanner/tracking/scan-fw-ad107441f55ccacc/tle-review-01.png?sha256=sha256:8a9562f7ea45fc8e5758ce903359a72e4278a6365bcd0937f69ca0a6502a5300
scan-fw-ad107441f55ccacc,15.0,sha256:ccadad80f9ae1170ae06bcf09f9ab1f9de12908d902002fff3c09a7606a98013,3,upper,118.438126541,11.786258142999998,14,62034,59750,54.540656165279856,86.33481267732265,93.34361439628782,1.0811816404254058,0.0,57337,False,http://gauss:8090/api/v1/scanner/tracking/scan-fw-ad107441f55ccacc/tle-review-02.png?sha256=sha256:f71a7d0af1a5a53d98de8e7967989881aebe549b3db68dd594006d69fece7e58
scan-fw-ad107441f55ccacc,15.0,sha256:e257c24a288e1b60f26d81037290cc9c2a1d217a0d0bcc204f77fa1777764ebd,1,upper,286.981522947,7.858652992000032,15,64596,56400,29.242712112516244,31.033180566940924,77.65027995793099,2.5021695662303594,0.0,64135,True,http://gauss:8090/api/v1/scanner/tracking/scan-fw-ad107441f55ccacc/tle-review-03.png?sha256=sha256:374899ae11020a4747b8c37446827ccbc27deafc9614706d8abfddae4b02ba6b
scan-fw-11ad489650a948bc,10.0,sha256:446ace6d0497f83e6954dbcf9c7aa954e4d0eee7ae68a3b88c34aa02c0c0752a,2,upper,37.650427807,12.770446743,19,64168,100262,35.562164162174064,50.41681690301744,403.83398977117344,8.009906506949747,-1.0,,,http://gauss:8090/api/v1/scanner/tracking/scan-fw-11ad489650a948bc/tle-review-01.png?sha256=sha256:3b52ca685decf5d30f6c9bcac5525e6168f9214b9342a6b93bfb8b9b3edc2cc6
scan-fw-11ad489650a948bc,10.0,sha256:b850b5a9f103919b4da2a95bceb57a9e18b42a33ac04ddddf61c9e313a8fc284,1,upper,57.997129349,17.39717011700001,21,69247,64168,32.516611756076635,26.065962926895075,1108.5743929407286,42.52957759703143,-1.0,69247,False,http://gauss:8090/api/v1/scanner/tracking/scan-fw-11ad489650a948bc/tle-review-02.png?sha256=sha256:e49dcf15eb79301e8859fd6ec25082541ae1bc69dfba02d647eb24886b7e5fc1
scan-fw-11ad489650a948bc,10.0,sha256:34190de925cf05752748a7019e788b54c6cc5a1a77510fb77c0a5ab4e423fb82,4,upper,98.125058479,40.829426626,43,59355,63675,70.81534534068159,97.39733801705012,329.38364456668234,3.38185469205556,0.0,59355,True,http://gauss:8090/api/v1/scanner/tracking/scan-fw-11ad489650a948bc/tle-review-03.png?sha256=sha256:c5a7c5f178380e149b72f749462eeb3a851a9e515d9958af1d085ab536cbe57d
scan-fw-11ad489650a948bc,10.0,sha256:3cf2d4f3b4c5dd61d5a02af63b6f0facb5d6b106e680ed6fe4944545962fd4e9,1,upper,170.38521733,15.153384850999998,29,57776,65844,49.54003137750893,70.17470785554403,100.53133836973458,1.4325864893756346,1.0,65844,True,http://gauss:8090/api/v1/scanner/tracking/scan-fw-11ad489650a948bc/tle-review-04.png?sha256=sha256:1c16955c9eb7c8c1bd24bb9ef78f59b638ccb1a48f95b494ac29abd6ec854ab9
scan-fw-11ad489650a948bc,10.0,sha256:8fc81b994010c03e9b39440fca8f1c557859cf0bffdf095290e488cb42e38126,3,upper,211.353186778,18.098799393999997,22,63464,64614,26.38536189604754,80.37793992082491,1381.3305563328584,17.18544363905715,0.0,63464,True,http://gauss:8090/api/v1/scanner/tracking/scan-fw-11ad489650a948bc/tle-review-05.png?sha256=sha256:83d82c25a9b1e0430e73e1659ad87e8c06c6a95c9623e78fece23b4fd127e7f7
scan-fw-57a9b32fc950036e,15.0,sha256:c19e5adf5a178fa1e394d776468f75bef6a07505a5bf44ec5a8282ddf2fce3c6,2,lower,0.16556088,8.701383115,19,63946,63937,22.558014260587964,13.090841889710033,44.081624702276194,3.367363617532212,4.0,,,http://gauss:8090/api/v1/scanner/tracking/scan-fw-57a9b32fc950036e/tle-review-01.png?sha256=sha256:4a19826a45971c0dcf6135c6d36bec2ba4d28fee5eb1402d7bb40d500c2d65d9
scan-fw-57a9b32fc950036e,15.0,sha256:de03ad7556cb0fe13c17ecfaf15fb2103464f693d4682db410f0651f1d31f1a8,3,lower,0.445591454,13.893357599,26,63470,63937,23.06311489962031,18.20867659379191,95.18301798950768,5.227344090561721,-2.0,63470,False,http://gauss:8090/api/v1/scanner/tracking/scan-fw-57a9b32fc950036e/tle-review-02.png?sha256=sha256:759931c5a6bb2c901c7f12ac38e451a79ff7fe7e8aff0563a41f6a71f42a6798
scan-fw-57a9b32fc950036e,15.0,sha256:308cd8373e4157615cc449b0cf28d6009d44747b3fd84348e5f7628b3b651564,1,lower,36.652204956,18.379892581,24,64933,65293,29.3570848950289,32.873297005173065,871.9737661930915,26.52529090878455,0.0,,,http://gauss:8090/api/v1/scanner/tracking/scan-fw-57a9b32fc950036e/tle-review-03.png?sha256=sha256:78b490f3c64b647000ab99445b21c4f514d12adf493f013ea4370d704ce14e37
scan-fw-57a9b32fc950036e,15.0,sha256:2f5c9b6b1c946379264738ffdf64a65f2ef9fe9d9d2f15249f2c0d00ea31e12e,3,lower,40.580359528,11.646516007999999,26,62048,67960,27.247299574377497,39.4070830154618,504.6589902988172,12.806301600674393,-1.0,,,http://gauss:8090/api/v1/scanner/tracking/scan-fw-57a9b32fc950036e/tle-review-04.png?sha256=sha256:cf67a44d98e53cab90d35d8906b446f447ed5f009e3524a880fe10f41c12599f
scan-fw-57a9b32fc950036e,15.0,sha256:2bfdb89c67d33fb5af636db28211c641665be1a6aa8c93083bc3a090204669d7,4,lower,41.00157425,28.204129228999996,38,64933,65293,56.82666711437318,80.01284716967962,679.9608504060249,8.498145916043491,0.0,64933,False,http://gauss:8090/api/v1/scanner/tracking/scan-fw-57a9b32fc950036e/tle-review-05.png?sha256=sha256:e5c212c50c30d188aba35c5715464d4178a00ef08436cc2dc79cc31a3e4b4030
scan-fw-57a9b32fc950036e,15.0,sha256:ea0e02a1ffc402790cd14d9038a20a4bd6cc236d383c7a2e7b436c5bf2ad91d7,4,lower,149.6056792,19.225501546999993,46,58218,67822,63.84544313703209,76.89187377080317,95.40187120027912,1.2407276155689735,-1.0,58031,False,http://gauss:8090/api/v1/scanner/tracking/scan-fw-57a9b32fc950036e/tle-review-06.png?sha256=sha256:2603f37f260829121300018062b8933bc2e8913373745f93e3076d4a4b289b42
scan-fw-57a9b32fc950036e,15.0,sha256:d26e9ac92d6ca32aa4fea313b0a5cbc73da9ba71bf99cccf5bd8c4b9530446c6,4,lower,194.228613721,23.15067674400001,45,61675,65847,30.089464795737285,18.66587030894044,1492.6995666201972,79.96945987057646,0.0,61675,False,http://gauss:8090/api/v1/scanner/tracking/scan-fw-57a9b32fc950036e/tle-review-07.png?sha256=sha256:86be8c1491413e86c0f196879f0bce7dcab5e02dd0f80562b2767ee16ae7fda0
scan-fw-57a9b32fc950036e,15.0,sha256:267b60e1d0463fe762345f39790b439dddea444eff61da890a1f040a9051476c,3,lower,209.803782781,13.889935548000011,16,59361,69243,86.38588866390312,97.06825005635626,105.36248094807311,1.0854474134117114,0.0,,,http://gauss:8090/api/v1/scanner/tracking/scan-fw-57a9b32fc950036e/tle-review-08.png?sha256=sha256:7a9fb0bb5dd330556951c19ce755bbdfbd99c42486d8b4256498e6fd58d3927c
scan-fw-57a9b32fc950036e,15.0,sha256:1f9e3c80ce44c133220bee5f36914688e9cefba2f8bb923eb0611d153c4ab72b,4,lower,216.256608286,17.680010798000012,28,64194,56378,121.61711385421549,71.37694103951029,1033.431192067205,14.478502118704629,0.0,,,http://gauss:8090/api/v1/scanner/tracking/scan-fw-57a9b32fc950036e/tle-review-09.png?sha256=sha256:92ef9ca085a7d193ddf233c39e801b41ea0f84cfa318c4acb2fb6427d8db95aa
scan-fw-57a9b32fc950036e,15.0,sha256:6aefe057084e0b532cc31efc0383bb7dacaf669ad849e389bca0849f2423ec7e,1,lower,267.056754775,13.050702902000012,36,65682,64180,21.180221103701264,18.309180875736466,286.43212281618685,15.644180084307864,0.0,,,http://gauss:8090/api/v1/scanner/tracking/scan-fw-57a9b32fc950036e/tle-review-10.png?sha256=sha256:05eed4a6452e33cae9bd310b4154421f9dc42b681a835ae8815c80d30fa3f508
scan-fw-d8e6d060118ee225,10.0,sha256:4129610662a6a297ca70b600dda5c03cc512ef0da521f6e81e9f0c16345ad55c,2,lower,42.292334715,35.075412593,52,58378,64927,147.94220663693858,144.83886069516342,1804.957854980416,12.461834112180977,-5.0,64927,False,http://gauss:8090/api/v1/scanner/tracking/scan-fw-d8e6d060118ee225/tle-review-01.png?sha256=sha256:9244ef329cdba3a2ad015f0e0176ef4ec922f5bb5e39c61aecd215b2a952a0fa
scan-fw-d8e6d060118ee225,10.0,sha256:c8333e3a12acbeb00c7f527da3ca72ad234364de5cda35759bd2ea06fed38bdc,4,lower,45.380180738,24.832177815,27,58378,64927,105.69624138202992,110.72846819814139,1451.293371686523,13.10677728413553,-5.0,,,http://gauss:8090/api/v1/scanner/tracking/scan-fw-d8e6d060118ee225/tle-review-02.png?sha256=sha256:090c7bfdb77bec14e2bba2fd6acf6b77ffe8093fb4f0d7b8068f6157f46181fa
scan-fw-d8e6d060118ee225,10.0,sha256:d2f083db5559808a69f86ebb57b6474e579fd67bdbb43f486182140be004adc7,3,lower,53.517966326,12.625024132,17,58378,100302,28.415980845574733,41.01395472271558,530.4256564873958,12.93280933461458,-5.0,,,http://gauss:8090/api/v1/scanner/tracking/scan-fw-d8e6d060118ee225/tle-review-03.png?sha256=sha256:52d2886dc6feb4cb6f0d20ce3e0b3681db8fe119d7ac2bb8d186b2520851a1f8
scan-fw-d8e6d060118ee225,10.0,sha256:5d2b31235e1254f57f9bb72707823cb66b16bf8205ecf1196a0d5f25b6695626,3,lower,146.536257265,13.892587246000005,19,67849,100220,24.199756149128852,76.97528233375195,298.08481691189235,3.872474486283096,-1.0,100220,False,http://gauss:8090/api/v1/scanner/tracking/scan-fw-d8e6d060118ee225/tle-review-04.png?sha256=sha256:627fc1b14ab11683b5c2aabaf4da08f925e53efcbd8bea4347c4187d1197e75c
scan-fw-d8e6d060118ee225,10.0,sha256:2804276b7e017d28840395cabf53fa10ebed579c0153fb3e394df38d124358d1,1,lower,244.611052445,18.65848379999997,25,62212,62914,47.60969186929713,35.892341410756956,770.93339594971,21.47905000476399,0.0,,,http://gauss:8090/api/v1/scanner/tracking/scan-fw-d8e6d060118ee225/tle-review-05.png?sha256=sha256:a273e718f2c5ab03cdfebaf4884c8d6701dd505b6c393ecffcbe5794e60cbb0f
scan-fw-d8e6d060118ee225,10.0,sha256:06bda3ee6c7ad65580997fc48297bab8a029067a6acd23ff646109b8f090b703,3,lower,244.891182329,36.33988497600001,78,62212,62914,67.93157165970062,40.33707529275717,2433.076359725522,60.31861115529115,0.0,62212,False,http://gauss:8090/api/v1/scanner/tracking/scan-fw-d8e6d060118ee225/tle-review-06.png?sha256=sha256:7b1338772db29971f3cf72e897dfb747dfcd0c1aaa9fe914d5fd81db591559a5
scan-fw-d8e6d060118ee225,10.0,sha256:41a389c5ab2d9d0c11be14508f6e72b4cc9c6394cf996d2f17f9a81139b002ac,2,lower,265.655119228,14.594248838999988,24,57772,61674,93.52210026059058,54.57253417216557,443.7123319546057,8.130689525151626,1.0,64196,False,http://gauss:8090/api/v1/scanner/tracking/scan-fw-d8e6d060118ee225/tle-review-07.png?sha256=sha256:ca1f9350172416570303f1c5198920473387c72021eb1720daa68ed84121b5cb
scan-fw-92807dcc78cf5d6a,20.0,sha256:46e4de8e163f4329116f5fe604991c4ca35222f1acac1565591e4d4ccd86d83d,2,upper,41.83415659,15.721320327999997,23,64938,62017,22.55733626383017,33.50981436862502,1129.1911255079822,33.697325597996596,0.0,64938,False,http://gauss:8090/api/v1/scanner/tracking/scan-fw-92807dcc78cf5d6a/tle-review-01.png?sha256=sha256:65817da1802fc3f7f2462170ecc9b6e4044430c19b9865d050a8aa9264caafa6
scan-fw-92807dcc78cf5d6a,20.0,sha256:e069e83a0840f1521305a9e28445c2887c5717416d70ef350e45559af335af72,3,upper,59.379641459,29.626471345,41,64181,67827,121.95302234618347,88.7911837083892,1098.0096257814498,12.366201011437887,-2.0,64181,False,http://gauss:8090/api/v1/scanner/tracking/scan-fw-92807dcc78cf5d6a/tle-review-02.png?sha256=sha256:41f47fc28f2b0bedc3130d0ffac63b8cfe12c18e6200fa9523f392f510362882
scan-fw-92807dcc78cf5d6a,20.0,sha256:c19b72de01f8736dcfe85959c4a802f54bc37020e518dc826966e5f96acdbe43,2,upper,174.355790235,17.829357491999986,28,58410,64904,102.35008431480574,35.581131304835566,422.01233355341105,11.860565363644255,1.0,59313,False,http://gauss:8090/api/v1/scanner/tracking/scan-fw-92807dcc78cf5d6a/tle-review-03.png?sha256=sha256:e6a92cf775f0ce5e7f419d1ffc8e95eed7406f6a0046a31d65b0958b17a3e51f
scan-fw-92807dcc78cf5d6a,20.0,sha256:948b54d6bbad6b412b202cdfbc96a0bb1f2ece6531c51041276e93bd3ebb1cc0,2,upper,229.825213926,13.617962237,25,69431,52127,128.60300161089648,80.22850245366328,1384.6524590472172,17.25885959104043,-1.0,69431,False,http://gauss:8090/api/v1/scanner/tracking/scan-fw-92807dcc78cf5d6a/tle-review-04.png?sha256=sha256:324649229c631fdcacb8be05cd7640e6c4e3e6a80d506ddd20790a8f9aacd50a
scan-fw-92807dcc78cf5d6a,20.0,sha256:cf76f8cffda284b5232780f2121d84e21412bb922c515b713a1be9db0fb81233,1,upper,246.95180893,9.558731112999993,17,64949,62051,35.092653471298206,85.7165622442028,71.42206169369095,0.8332352561015287,4.0,,,http://gauss:8090/api/v1/scanner/tracking/scan-fw-92807dcc78cf5d6a/tle-review-05.png?sha256=sha256:980d6d933986fe8610c36f42d98b5f2ce8bfc11af585a3f12dd09cb030d47ef3
scan-fw-8cd26e195b762814,15.0,sha256:c899d5823c8704435d25c2e1f028f92856fe6844fd55356dd0446d2e5803df33,4,upper,139.76930061,41.392430555000004,50,62213,52111,71.17403014599537,91.41302143999415,1735.3685771717733,18.98382254338802,0.0,62213,False,http://gauss:8090/api/v1/scanner/tracking/scan-fw-8cd26e195b762814/tle-review-01.png?sha256=sha256:fafc8917101a45df9f2f2831448956fe41352b913f23d52cf20808dfbb8460fb
scan-fw-8cd26e195b762814,15.0,sha256:3f3c9ee1f25c05e3b26ef3265878855a4094ec259abc0d12b8599923ccda9be4,3,upper,149.870990486,32.27337621699999,50,62213,52111,31.907838258706214,32.51277193432865,557.1306044581161,17.135746087212855,0.0,,,http://gauss:8090/api/v1/scanner/tracking/scan-fw-8cd26e195b762814/tle-review-02.png?sha256=sha256:13a94cb9fd3c0851dce0d30f484e08434e34aeb1dd42a50757e5e09dde93f649
scan-fw-8cd26e195b762814,15.0,sha256:5adca11272896257a8b9f627496c5c0b4153fc77be8b2ca9ffc5067ffa71ba7b,4,upper,265.793519208,13.470698413999969,25,58422,50813,62.102968908013366,44.42396860814875,101.89877951451687,2.293779297688083,0.0,58422,False,http://gauss:8090/api/v1/scanner/tracking/scan-fw-8cd26e195b762814/tle-review-03.png?sha256=sha256:a720ecb6142bfd19133b131a451f3af4962890f4d22832fa33d43ce3c524902d
scan-fw-8cd26e195b762814,15.0,sha256:5f30c6d8a5ec835f762f4dc5a5b915b17f520df47ed2070fbe77b51ca071113f,1,upper,291.891267045,7.718492553999965,15,65384,67563,13.2443635730987,143.76287232243342,222.78511005530595,1.5496706935267703,-1.0,53036,False,http://gauss:8090/api/v1/scanner/tracking/scan-fw-8cd26e195b762814/tle-review-04.png?sha256=sha256:df26b637a272d8b64c09d5e9e90f0d347dab043107748cfa229dc559408ccb6b
scan-fw-96bb535863ddc61e,20.0,sha256:2ce4a32a8ea33e4390efd632c529eaa956d5a5e93010411b2610a2c7abadabc4,3,lower,47.359504787,17.121404430999995,19,65196,66104,30.500510810775456,159.93180225825253,2434.4034360790015,15.221509429050316,-1.0,,,http://gauss:8090/api/v1/scanner/tracking/scan-fw-96bb535863ddc61e/tle-review-01.png?sha256=sha256:d8200f61c1ba02a10793731d7629e5c3dec58b2721537f07278222343f3854fe
scan-fw-96bb535863ddc61e,20.0,sha256:52880fca37dba64bdb3371d8cea9b22a5bee024c669af83b9719331dfb4b41bb,4,lower,56.623924906,11.646765670000008,25,65196,67575,25.366703422962697,58.95724013980893,823.3389634235402,13.965018740210802,0.0,65196,True,http://gauss:8090/api/v1/scanner/tracking/scan-fw-96bb535863ddc61e/tle-review-02.png?sha256=sha256:094c44ec6dee587b6bf87368a9d5c24ff34298197739a6ec9fb22b931bb49e21
scan-fw-96bb535863ddc61e,20.0,sha256:babd37608386c8eb8e914a49b54a8a6c8c33ad63b5e504c8dc10a879b082d1c2,3,lower,60.132812756,9.541345193999994,22,59871,66011,21.72232070204207,79.24611453379147,220.3229994391738,2.7802372486694664,-1.0,,,http://gauss:8090/api/v1/scanner/tracking/scan-fw-96bb535863ddc61e/tle-review-03.png?sha256=sha256:0b3570840f136a3b61b786ecea0ee0f6c6a591525a9b74ab4b39343fc50e4e10
scan-fw-96bb535863ddc61e,20.0,sha256:ef57a6ec53be71b7e0b917fd2b7a5e644287d952e57b19a4d881df2ce19ea2e1,2,lower,74.027162967,44.637402603,53,66447,48398,87.14907186852056,65.04023674422127,543.9718422610176,8.363620267869777,-2.0,65387,False,http://gauss:8090/api/v1/scanner/tracking/scan-fw-96bb535863ddc61e/tle-review-04.png?sha256=sha256:87093a1186d9828deda8d0d638c33384ac13ab884e7ffbdcc0c53b0cb1ddf4c9
scan-fw-96bb535863ddc61e,20.0,sha256:625ef42f3896852d849e09f42998c8fc5129115450d3b7b2862186766acad342,4,lower,102.102126726,18.386389772,17,67459,66941,80.82530269798431,196.4961157970711,259.4862829040866,1.3205669834820948,0.0,,,http://gauss:8090/api/v1/scanner/tracking/scan-fw-96bb535863ddc61e/tle-review-05.png?sha256=sha256:00da7644dc14163c97816eee74f781763906f035cf27ec9b4907aa0acbbce1d1
scan-fw-96bb535863ddc61e,20.0,sha256:a2d0e42465288a357bca45276df87f26f2b2e9b1adda7dd17d8de6b4acd8ff24,2,lower,235.591548834,22.034952032000007,21,66006,67471,68.66855386084566,101.96286266371649,1430.5744894401137,14.030348423604861,-2.0,66006,False,http://gauss:8090/api/v1/scanner/tracking/scan-fw-96bb535863ddc61e/tle-review-06.png?sha256=sha256:9a30dd35fdff3158760b50a282af3fa18cad39448754822d7e0151b146ac6764
scan-fw-96bb535863ddc61e,20.0,sha256:abf319e88696744dc01725697a233e98fb262ac8cb7dd80e55d7c2ffcaddbbc7,2,lower,280.923874659,17.42266610300004,31,65193,67590,25.809479530948686,74.76002111341826,500.2830851897391,6.69185318220765,-1.0,,,http://gauss:8090/api/v1/scanner/tracking/scan-fw-96bb535863ddc61e/tle-review-07.png?sha256=sha256:221c5300b65c36017ab856890c88a8682188774b2b26fbd074ccf4ac1f23a663
scan-fw-96bb535863ddc61e,20.0,sha256:c818f6de6813e3a36054090b62a2cdaaada23ae52c3130fe95827fa8a3253b9c,4,lower,281.06384242,18.826666023999962,34,65193,67590,37.66198575253568,26.77077013296405,514.9406290765287,19.235181749308705,-1.0,65193,False,http://gauss:8090/api/v1/scanner/tracking/scan-fw-96bb535863ddc61e/tle-review-08.png?sha256=sha256:277f3866a3f53e0227d295efe4a1c3a623e3b25c46e5ed9025fd7f667a71f4a7
scan-fw-b2e05cbef9cef064,15.0,sha256:24aadbaf3b42ce1898ad131daa51b6039ea929a0d648675020530a44f699fa17,2,lower,22.078752815,16.416819169,18,58384,65606,31.840801245953347,33.452101247393514,343.28351903056927,10.26194188794992,-1.0,,,http://gauss:8090/api/v1/scanner/tracking/scan-fw-b2e05cbef9cef064/tle-review-01.png?sha256=sha256:bac53b343378c86583d3bfc7af4bab19a54994c3a60367a8c5d94e13687e5298
scan-fw-b2e05cbef9cef064,15.0,sha256:9bc69b21094ad0669460a3c0bfd008d2244bd02f26851526def73b7af7304e0e,1,lower,53.230036731,17.254833941,28,68564,62606,23.937091517238397,30.614065109288685,92.53608523444,3.0226657225721847,1.0,68564,False,http://gauss:8090/api/v1/scanner/tracking/scan-fw-b2e05cbef9cef064/tle-review-02.png?sha256=sha256:1f6d66f8d6950d3130fd9712c700c29adddb31905f0b55c42839b268b6c77d8f
scan-fw-b2e05cbef9cef064,15.0,sha256:6db02dd813c6863b8f2176ea54fe9d14a196ed122de9ed9e920fc7f7fa065ae8,1,lower,99.247271724,19.927044847999994,25,67598,51809,50.10165558606283,48.464047807222364,1970.4678902614025,40.65834323413145,-5.0,67598,False,http://gauss:8090/api/v1/scanner/tracking/scan-fw-b2e05cbef9cef064/tle-review-03.png?sha256=sha256:abcf1d9f7257203f3f20e628e80decc2889fb90f2f090eea3fa40be3224c98d1
scan-fw-b2e05cbef9cef064,15.0,sha256:c349ee3d6eaec256e30347e3e913c09f12b1b22da7788463e3ce38c880cc5fa2,3,lower,136.991452913,28.905562849000006,31,64427,52095,74.33852452359271,76.87421722179502,830.3509205833791,10.801422773355561,-5.0,52095,False,http://gauss:8090/api/v1/scanner/tracking/scan-fw-b2e05cbef9cef064/tle-review-04.png?sha256=sha256:c8690e3ce8ccfab92a874c6d35933b4b7a9424033d78fb358f4c8ab5016b1a5a
scan-fw-b2e05cbef9cef064,15.0,sha256:cf3e88a328fe34b1546e69924a311c06f39e632b1c398802b76328f68e931c21,2,lower,159.722318776,26.101468901000004,29,66929,66539,41.430694518901355,56.309278781425746,657.7836306387984,11.681620593865176,-2.0,48669,False,http://gauss:8090/api/v1/scanner/tracking/scan-fw-b2e05cbef9cef064/tle-review-05.png?sha256=sha256:124f8d84f85bb84a2bc4ac85cd021a1daf999abc806f0e1cdcb32370477e1bd2
scan-fw-b2e05cbef9cef064,15.0,sha256:ea1e3ed061a66dea49313c657c8f9a72fd218b25b0f3190c132d3e881bcd23cb,1,lower,167.722392153,17.399128622000006,17,66539,48669,130.6151770358075,39.919161599029316,95.50199551580008,2.3923848019423914,-1.0,,,http://gauss:8090/api/v1/scanner/tracking/scan-fw-b2e05cbef9cef064/tle-review-06.png?sha256=sha256:5ff896c5a24a19e599edbee61f5f82488e92675e0f561fcf4e855495f9281ba9
scan-fw-b2e05cbef9cef064,15.0,sha256:c47b04798abd43b1f2c3d0093ca5aa7434d7f7ad369985571a5b75378449eb4a,2,lower,274.071845001,24.836057196000013,21,59867,53682,133.38518967427288,111.08059799960945,654.0843783535358,5.888376459369039,1.0,,,http://gauss:8090/api/v1/scanner/tracking/scan-fw-b2e05cbef9cef064/tle-review-07.png?sha256=sha256:c7ec0fde71ac7b950eb93d71f39ba02557438fb0b4209126dd39c3a05f9c7ac9
scan-fw-b2e05cbef9cef064,15.0,sha256:c0e7a8f029d3d9342380e2ee214878e208bf770c07ccf2175a5f7edca01b6be2,2,lower,282.068979325,16.838811597000017,34,59794,57114,65.22708577080068,52.013871860830186,85.30035470349316,1.6399539517405135,0.0,,,http://gauss:8090/api/v1/scanner/tracking/scan-fw-b2e05cbef9cef064/tle-review-08.png?sha256=sha256:e90700c1150ebd099d129ed4f9c0678aa60474c373bbacbff74f705dfdbd9927
scan-fw-4c394692cb098185,20.0,sha256:246f2c95474f7fa8fd202a9931c016a6e5e069712c7a7bc60beacb664faf9eb1,1,upper,164.967891269,30.622487235999984,38,65536,62918,77.22023064078853,36.973441485244614,847.246695469454,22.915007676728546,-2.0,65536,False,http://gauss:8090/api/v1/scanner/tracking/scan-fw-4c394692cb098185/tle-review-01.png?sha256=sha256:0da4c851f46ca15138e990c857cf959d59fa997638d68cf9f7ae09a18a27f197
scan-fw-4c394692cb098185,20.0,sha256:5a7a287a05203fad927c924b3986991f3c6ed0b0c8cbec5f472fb0518e32d945,3,upper,250.619910047,14.598090804000009,20,59876,61244,95.93800412897747,43.336201541495775,615.7730309688984,14.209206369397105,0.0,59876,False,http://gauss:8090/api/v1/scanner/tracking/scan-fw-4c394692cb098185/tle-review-02.png?sha256=sha256:dd786b16e7f86ceba8464ef52732d2f19a7a6b5e5d8fb9048ea14e52b9c75d78
scan-fw-b568a0c1b40b119c,10.0,sha256:8b11b3e2d06ee9275a106be3557e19dc8443b75098794b391369290358afcc5f,2,lower,34.846625906,22.313256253,27,65520,57124,101.37625146863188,56.91903460005637,536.8746033269348,9.432250689058648,-2.0,65060,False,http://gauss:8090/api/v1/scanner/tracking/scan-fw-b568a0c1b40b119c/tle-review-01.png?sha256=sha256:ed308efd0d0901d11d5c872bcc17c596e5ba0a5292953a4c0b14267bc0684e47
scan-fw-b568a0c1b40b119c,10.0,sha256:86ec2ce62b943006abfb14511c2761738f1852e2f9a9e04cc3754eaf5d3b0240,2,lower,127.310914075,38.58414605799999,83,64259,58732,30.439618782610143,53.0652182636152,4039.8127599052164,76.12920274512773,-1.0,64259,False,http://gauss:8090/api/v1/scanner/tracking/scan-fw-b568a0c1b40b119c/tle-review-02.png?sha256=sha256:3b709a0950e3d306f911874ac17eef1c380cc298ffe97618e201062823ce602b
scan-fw-b568a0c1b40b119c,10.0,sha256:639d1797f9c2fc6765bb6be7188f136cdc0d6ea82fa97c6569e0c7bd67fdf5dc,3,lower,145.272206948,36.89746011600002,82,61912,68556,44.94150655926889,40.597149291430064,684.1429048592482,16.851993718772484,-2.0,61912,False,http://gauss:8090/api/v1/scanner/tracking/scan-fw-b568a0c1b40b119c/tle-review-03.png?sha256=sha256:b6d07d05616088ea01469716833842c3a0ec379f306106f6c711c00d697956ba
scan-fw-b568a0c1b40b119c,10.0,sha256:5c4c80316a5c893ee5fe7c21fb68eee8ea42b1adebbbf76c7e5da9d14249509b,2,lower,170.524921745,25.53408915,24,66335,58353,69.18937779451706,52.20934475413106,1751.2565882791173,33.54297198186057,-2.0,66335,False,http://gauss:8090/api/v1/scanner/tracking/scan-fw-b568a0c1b40b119c/tle-review-04.png?sha256=sha256:2bd63c8050629165bee5e11c069c7ada5a402536f7f9d4e39aebfdf7d7677f13
scan-fw-c0de8ee05fb54d71,15.0,sha256:dfa1f38b944e0f34bed3a4ba957e26f6ab36cfe2375dfee2299f559064fab9b9,4,upper,105.695749949,20.066190034,25,64269,64262,47.79787027502945,37.81574714265096,203.1116715572294,5.371087097421047,-1.0,64269,False,http://gauss:8090/api/v1/scanner/tracking/scan-fw-c0de8ee05fb54d71/tle-review-01.png?sha256=sha256:0ec8b5a47512b777eb561c1fd91b82bd4ff0e26ae34e526b35f8513a73dc3ac3
scan-fw-c0de8ee05fb54d71,15.0,sha256:cea98d234778fcdae77c79ce18e7a49b16d4684d34d6321ca5594ced313457a9,2,upper,223.702491477,22.02941505999999,30,58745,52297,103.06185074558651,60.32150637340419,712.2612992995349,11.807750537436373,0.0,,,http://gauss:8090/api/v1/scanner/tracking/scan-fw-c0de8ee05fb54d71/tle-review-02.png?sha256=sha256:893c2a4116f2ae6afbf6d7391620a7882bb6d679046ddecaedd3ce01ccc6dfb8
scan-fw-c0de8ee05fb54d71,15.0,sha256:8ac61e3026ec743a4ba5edc783eab2335b6c8eb7635b65a615704c454ecc7c69,4,upper,223.842502689,26.238095171999987,40,58745,52297,81.06258564720206,87.4606471791277,809.7809558463631,9.258803610129421,0.0,58745,False,http://gauss:8090/api/v1/scanner/tracking/scan-fw-c0de8ee05fb54d71/tle-review-03.png?sha256=sha256:e54f37de4762e49e2bfca623a66106f7a8168fc4b049f23b4559823134b2f00e
scan-fw-4fe4d9ee254edb00,15.0,sha256:83924580f32d5cad11a3102de6d080671cc6c405407f84a2c9d83732753f9952,4,lower,1.86029038,42.798699223,66,59296,64474,44.744575438759,44.872359819346855,2801.3914195057723,62.43022276483761,0.0,59296,False,http://gauss:8090/api/v1/scanner/tracking/scan-fw-4fe4d9ee254edb00/tle-review-01.png?sha256=sha256:17eaede7653ed982995210a3e5bd5f4f8f16888e1d12716053567a34e020f3cd
scan-fw-4fe4d9ee254edb00,15.0,sha256:1235d99d2d91afe410cb5f3cabb6e63128da890bb62926976a13744b79e96f8d,1,lower,10.978589927,23.995082253,24,62500,67533,116.88027816683007,151.24607826254427,251.1785793003496,1.660727882572499,0.0,67533,True,http://gauss:8090/api/v1/scanner/tracking/scan-fw-4fe4d9ee254edb00/tle-review-02.png?sha256=sha256:77b5510e21bb2be039f064e597c19be09cc47066574306b1c856472353e9d946
scan-fw-4fe4d9ee254edb00,15.0,sha256:b239eaa72e003c5c3ac5af8a9bcf3a53937377998d344354c78818f9384bced2,3,lower,50.693618079,15.854656411,27,67533,68512,22.371720586054778,24.557313630969436,1764.4810655853753,71.8515507070844,0.0,,,http://gauss:8090/api/v1/scanner/tracking/scan-fw-4fe4d9ee254edb00/tle-review-03.png?sha256=sha256:3fdeac52050f8fc2d39d09f7a6c2551f087b6525c34c54b46bc722aedb9296fe
scan-fw-4fe4d9ee254edb00,15.0,sha256:e089e4ca447414349688fb4f354ada4108db1abcd29eb9cffac6e9316e57494a,3,lower,118.041762723,41.812078670999995,53,67355,54196,68.70891105642765,86.47675418863679,1721.869213520851,19.9113533998378,0.0,67355,False,http://gauss:8090/api/v1/scanner/tracking/scan-fw-4fe4d9ee254edb00/tle-review-04.png?sha256=sha256:1788072718ad5a5ecfa944b2e5aa2220a3ee0a1cf5bbb68d2294480ddae96b50
scan-fw-4fe4d9ee254edb00,15.0,sha256:37032bdbe23a66c9a0c6047e8cbdd21c5486fed877cfc43ffad2097c954d90bc,4,lower,149.331267811,13.186704149999997,29,58779,54196,22.29838372610314,20.21322008256788,503.5302420946334,24.910936507780068,1.0,,,http://gauss:8090/api/v1/scanner/tracking/scan-fw-4fe4d9ee254edb00/tle-review-05.png?sha256=sha256:48f9835e9e246ec852688c8c29a8572566462e2692780b7807353343f3c7ab97
scan-fw-4fe4d9ee254edb00,15.0,sha256:162cbdfd4f27183b16702ad5875bb19e4180ccf51798e8e09f51974f1bbc3e1e,3,lower,201.523241751,47.15070846699999,66,56546,66474,39.80405844814211,50.71204620146746,709.7894441088814,13.996466269356375,0.0,56546,True,http://gauss:8090/api/v1/scanner/tracking/scan-fw-4fe4d9ee254edb00/tle-review-06.png?sha256=sha256:9d2f6ef57023b3554093c694ec89501aff917034bfcb747dd2f5ab229ace1f6e
scan-fw-b3dbf793ce4251af,10.0,sha256:7c4b921797d7d0ea5ce06e98e8eedb722a9ed3104b2f93d34b2289f5f2ec710e,1,lower,76.228026334,23.994107344,21,62867,63058,84.07688849054595,63.01069128407856,3491.8120446450766,55.416183721942154,-1.0,62867,False,http://gauss:8090/api/v1/scanner/tracking/scan-fw-b3dbf793ce4251af/tle-review-01.png?sha256=sha256:98ef5c8e12693a04ec8c2e34e30a60bc4d4b06ecfa394e324527b41492dcb02c
scan-fw-b3dbf793ce4251af,10.0,sha256:5c4212e9e970234ab82324124b0d5f570826f64bc376bdb4d8c132ba6fc39416,2,lower,154.100984415,41.95748587,66,67013,60129,63.96538227711889,65.4937655634386,513.7727247854381,7.844605060733412,0.0,67013,False,http://gauss:8090/api/v1/scanner/tracking/scan-fw-b3dbf793ce4251af/tle-review-02.png?sha256=sha256:8d63c0459901d26bdc42a24b631efc0753bef6bd63f7583b454c21c0af022e35
scan-fw-b3dbf793ce4251af,10.0,sha256:51554d383d462cab5eacff0fee0feb254a40b529bd45806f1e19fc2206388f8b,1,lower,184.974480252,28.48001561199999,51,67028,60129,19.835931093363087,101.92312362789717,433.4411497827382,4.252628200104553,0.0,,,http://gauss:8090/api/v1/scanner/tracking/scan-fw-b3dbf793ce4251af/tle-review-03.png?sha256=sha256:ca2181217ae2e44c38498c5d249cbf99cce4d8c94800aabc0fae2c0f79dc76ec
scan-fw-b3dbf793ce4251af,10.0,sha256:466fdbebe69641a3e1d30d3ab16d5e50e2455b7afda442abcd31107b16c9eaa1,3,lower,189.185301631,18.79749638300001,22,64684,55353,184.7901659065296,85.23672930052955,101.39125742219048,1.1895254340966432,0.0,,,http://gauss:8090/api/v1/scanner/tracking/scan-fw-b3dbf793ce4251af/tle-review-04.png?sha256=sha256:c6c52991434b1f8f8e590fffefe44dbb0fe40f1d3d1f64ff08fe1398d5a87e87
scan-fw-b3dbf793ce4251af,10.0,sha256:17910b03423418334ab3057111f6164a71d8e2ab18db9c8dd1079fb9cfcc2ed5,2,lower,248.680312696,8.55734525500003,22,68516,62069,20.132446838956092,20.671568274989923,272.57103269443706,13.185793601553433,-1.0,68516,False,http://gauss:8090/api/v1/scanner/tracking/scan-fw-b3dbf793ce4251af/tle-review-05.png?sha256=sha256:bf5e3e169a86278a0ba6abea086bcd2de0865a659abe6271667422c5362ea445
scan-fw-b3dbf793ce4251af,10.0,sha256:1658413e79246ce0d81d8c560ccce5830563ddf8023ad006b0694c5614b14f13,1,lower,274.776706844,20.202312488000018,20,60941,44741,24.98263495926132,24.037879304219413,1802.5534114950437,74.98803819930315,1.0,60941,False,http://gauss:8090/api/v1/scanner/tracking/scan-fw-b3dbf793ce4251af/tle-review-06.png?sha256=sha256:485269e8b1780988f1d67679feb3701f26e0bbede0b2684931c2c95dce3dab05
scan-fw-b3dbf793ce4251af,10.0,sha256:d0e71548ee2cbe379f501c7a63beac6f631bee86fdb65f210465a1797b106472,3,lower,281.370931526,13.468090630999995,15,60941,44741,25.975756423778314,34.39877877719328,1762.9097141811817,51.249194792636295,1.0,,,http://gauss:8090/api/v1/scanner/tracking/scan-fw-b3dbf793ce4251af/tle-review-07.png?sha256=sha256:f9742962256062c9beac806622e0d257837c3c07d9946a73f5f54d2690dfe0f8
scan-fw-87e4ac2be754ce20,15.0,sha256:ff2f59cb64c0792383f17b5a168121b2f142e48317f931dc831b802cef3a82ec,3,upper,45.060224685,24.972051318999995,39,62859,66463,34.81786894881076,33.25765629724194,3547.6354818695554,106.67124135755054,0.0,62859,False,http://gauss:8090/api/v1/scanner/tracking/scan-fw-87e4ac2be754ce20/tle-review-01.png?sha256=sha256:a507d9a1bb61be1e68fe91ea982df4218b885919eb8ad51ee28324b6d2a91532
scan-fw-87e4ac2be754ce20,15.0,sha256:57a2d2f8819b71797bc1fc2562e62fd00b12babb5b72928d314aa723dfdfff5e,1,upper,222.413658486,12.90946030500001,20,68528,68518,77.347065027286,21.54192680564828,415.7129929302644,19.297855604135872,-2.0,68518,False,http://gauss:8090/api/v1/scanner/tracking/scan-fw-87e4ac2be754ce20/tle-review-02.png?sha256=sha256:bcbfb73c34c5c1272fb166269d766abe32b99d9426672de7444b42857a53b48d
scan-fw-87e4ac2be754ce20,15.0,sha256:688e35750610a91fa5c6718e2c8ef8b069f2def21b5fce85feb03e0ac076d442,2,upper,223.115068483,29.04488723900002,52,68528,55349,64.36229304760975,67.60090856797956,1130.7325931068378,16.726588696212147,-2.0,68528,False,http://gauss:8090/api/v1/scanner/tracking/scan-fw-87e4ac2be754ce20/tle-review-03.png?sha256=sha256:244aec07d0235b8fb7316f7bc03cf15c4d0c2105f152d86d56cc7ab08fa7beff
scan-fw-41f86ae9c08f33fb,10.0,sha256:436ec24114cd6e5ba9a143e00e83dfeeed9ed8f741aae95da4e1b718d14bec7d,2,upper,213.457950885,24.55285548399999,33,64110,52569,29.98408417611099,32.676879307326494,886.639482247179,27.133542157080626,-4.0,52569,False,http://gauss:8090/api/v1/scanner/tracking/scan-fw-41f86ae9c08f33fb/tle-review-01.png?sha256=sha256:54e5537f8156e38d94809e486d19dd6ea23019724b9fe929c87ead6dc43daf8b
scan-fw-41f86ae9c08f33fb,10.0,sha256:958b09380e79f70c8edbd146b32e43c00cd0e15f20deea815e134e0b5b77caa7,1,upper,260.457994976,9.822725234000018,19,52283,64706,39.621514738740416,86.1110454919936,281.1993635642608,3.265543484667203,2.0,52283,False,http://gauss:8090/api/v1/scanner/tracking/scan-fw-41f86ae9c08f33fb/tle-review-02.png?sha256=sha256:97f0b4086e115b08bd29e7a03a6db615d897b748cd5d33dab90408a6ff6483d6
scan-fw-41f86ae9c08f33fb,10.0,sha256:99f86caf95067b8365b403ccdb7bfe45e4e4602ffcf968e4e464d9906a6f78a2,3,upper,282.210056192,16.978769710999984,18,64247,52574,58.76997445128726,146.57229490511702,198.86991768383945,1.3568042842788064,-1.0,52574,False,http://gauss:8090/api/v1/scanner/tracking/scan-fw-41f86ae9c08f33fb/tle-review-03.png?sha256=sha256:3747cb919ff0f9f4aad7a6c01487c46f8edf878a260c446ab119cf58b916605d
scan-fw-dc044366963f57e1,20.0,sha256:1a7b15f807a19b66f1d21996a545b8e59350df8b0239a53486330226ee8671f6,1,upper,229.000474854,7.302156637999985,16,67926,68709,27.829808719660477,33.15820640258034,342.4346729070204,10.327297826349632,1.0,67926,True,http://gauss:8090/api/v1/scanner/tracking/scan-fw-dc044366963f57e1/tle-review-01.png?sha256=sha256:7da9c22ca0444c0ee8fd8d5f736803b6960cbbcfa7d541accb851b32a2f33e1c
scan-fw-54dd4f7f249a5cd6,15.0,sha256:a84583942d02e76d2aa167c52273923d044477ddd1842e3d11f54919828af3b7,4,lower,59.265439474,28.062385834000004,40,67172,67427,105.79565606849798,32.10275707305486,618.9076603912806,19.278956601230828,-3.0,67427,False,http://gauss:8090/api/v1/scanner/tracking/scan-fw-54dd4f7f249a5cd6/tle-review-01.png?sha256=sha256:3b02467a34440266bff57b2e5d45e85b52a638fb5223ae9893eeaa4a177cbf8f
scan-fw-2916f41f6a7c1766,10.0,sha256:1d3c11636b22f57fe11c3be9b0d7b9c7f0b34a510e802113d74fae0201d7fc46,2,lower,0.195467183,24.27600283,43,62427,61523,74.20333477923957,83.95942175558339,559.8555336792842,6.668168050383854,-1.0,,,http://gauss:8090/api/v1/scanner/tracking/scan-fw-2916f41f6a7c1766/tle-review-01.png?sha256=sha256:1bf896282bc7d52feb82d8927eb58eeaef50e6fcabb35ec0bd9e12f4748d2f8b
scan-fw-2916f41f6a7c1766,10.0,sha256:96e762d3842a9812936225fee99027d9ccf35c76bfa8145d2f9d7b95851d5735,3,lower,4.40488053,17.261290543,20,61523,62427,26.156585630563676,28.669961870561686,683.014433635064,23.823346425039485,0.0,,,http://gauss:8090/api/v1/scanner/tracking/scan-fw-2916f41f6a7c1766/tle-review-02.png?sha256=sha256:70b4d42464677bad0148dbe231c4373713a93fced5fe20276bee05530350d244
scan-fw-2916f41f6a7c1766,10.0,sha256:3015399c972fc0bc176250c496745ab339fb8dfc502f9f169e8b2fa887c834bf,2,lower,13.807061064,42.657777802999995,72,67925,59511,91.9383064191769,57.303346022244774,1459.9135672919913,25.476934047189193,-1.0,67925,False,http://gauss:8090/api/v1/scanner/tracking/scan-fw-2916f41f6a7c1766/tle-review-03.png?sha256=sha256:f2bac332e5b9e7d1186cdeb7d6e8aad630d1dfac81270e91e987d18d9a3ee982
scan-fw-2916f41f6a7c1766,10.0,sha256:bd90bc3757fa1db4004eeb9780842df6ed1f85b0d56a2c4c3ff9ec13e0365e50,3,lower,45.659566382,16.699460412,26,68708,51852,19.41892074397744,26.557095661784203,2892.300083982945,108.90874969227075,0.0,,,http://gauss:8090/api/v1/scanner/tracking/scan-fw-2916f41f6a7c1766/tle-review-04.png?sha256=sha256:574d0a168f63207f4e9743cf76c4254ea6c6f6ca2b92ac6bfb7840f1947210d7
scan-fw-2916f41f6a7c1766,10.0,sha256:d11755bdd5c19869e6f43113630fd1a27f610a51210f73f1b42d02fa2c57b048,3,lower,73.442117883,27.36329538400001,46,67188,51852,52.367150028963785,63.26255387965111,934.7231975607261,14.775299766413431,-1.0,67188,False,http://gauss:8090/api/v1/scanner/tracking/scan-fw-2916f41f6a7c1766/tle-review-05.png?sha256=sha256:d97338b926ef25d630ba46ea8532d5b5a3ca6d0a6c1bfc91179b7e631c046f9c
scan-fw-2916f41f6a7c1766,10.0,sha256:f8ae5197e02eade7e44e48e7a4eecaa3eb2ad1e9f9577ace69a4a116c8005278,2,lower,119.605619668,24.834077344999997,33,66617,63516,102.91003882320452,102.55929180539945,120.12127753760174,1.1712373927613031,3.0,,,http://gauss:8090/api/v1/scanner/tracking/scan-fw-2916f41f6a7c1766/tle-review-06.png?sha256=sha256:157181065f2dc66b39766b2a82d998d4301254c9da6780ed93efb8c0dee3c5ce
scan-fw-2916f41f6a7c1766,10.0,sha256:ba8b911e1bbc501805e7ffc729e171720c4ebdc6e63300c63581b105e0314e67,3,lower,128.584931078,32.97213502399998,66,63516,66617,58.49547014890125,62.357459146732666,230.06759519745842,3.689495985654079,0.0,63516,False,http://gauss:8090/api/v1/scanner/tracking/scan-fw-2916f41f6a7c1766/tle-review-07.png?sha256=sha256:b8385ce8df05c03bf5fcea2a4ecd2b661bf18371cf6996acfc6877bd6a9ce5f8
scan-fw-2916f41f6a7c1766,10.0,sha256:8b7e2e03d6bcae6d87b8ff155243fc6fabc7773c0a6298c5e0154095a74702cd,4,lower,129.427577266,30.866804994000006,40,63516,66617,53.14814173781764,47.67028927321812,203.4957947310566,4.2688181220117665,0.0,,,http://gauss:8090/api/v1/scanner/tracking/scan-fw-2916f41f6a7c1766/tle-review-08.png?sha256=sha256:85ab468c77673efb02f893643b329d5740a5853b0cb0d1fcb601f6e2ff10e3e7
scan-fw-2916f41f6a7c1766,10.0,sha256:fa66b84a6a236aaa094e217d329cf95e97141776e10b42bae33b75b6c133166a,2,lower,168.712987274,23.707579355999997,39,57411,51880,74.60770207948258,82.43982441673522,737.50623361404,8.945994715926721,1.0,,,http://gauss:8090/api/v1/scanner/tracking/scan-fw-2916f41f6a7c1766/tle-review-09.png?sha256=sha256:6b6c101e51051e1d0a01d5012d185f0a16620a7e45ad1eed1e0ff7984a2243c6
scan-fw-2916f41f6a7c1766,10.0,sha256:a232954193043076c6de4cc3310ab0aae35a223b8c0a3c332dab48794fc2f572,2,lower,205.607754224,28.06254130100001,55,61524,52878,47.3268766541656,34.50486934355818,1779.1275266855662,51.561636387349985,0.0,61524,False,http://gauss:8090/api/v1/scanner/tracking/scan-fw-2916f41f6a7c1766/tle-review-10.png?sha256=sha256:077a44e4223c71491c41282aa661866e7f9fc6d2c45b9b7dddc157ced2b92179
scan-fw-2916f41f6a7c1766,10.0,sha256:1e0eb983f9a595fe08cce79af38530a24b1a3188fe5ca4e45f502381d974bc63,4,lower,235.492991668,18.660977373999998,18,58069,60108,31.646993356872027,31.922107379948837,255.8618925691168,8.01519428287591,0.0,,,http://gauss:8090/api/v1/scanner/tracking/scan-fw-2916f41f6a7c1766/tle-review-11.png?sha256=sha256:db6bb7e489d86e7e91617b7f390cb5a2ec9d7456ac82917d0fe297c2d4152ee0
scan-fw-2916f41f6a7c1766,10.0,sha256:980f4c923f6412c4dcfd21b13691b110bc4e9fc3e53eb616faae79bee1ab9bb1,3,lower,236.194516534,18.099797623,42,67496,60108,32.362406504846746,24.99914697832317,787.733760425818,31.510425580075356,-1.0,,,http://gauss:8090/api/v1/scanner/tracking/scan-fw-2916f41f6a7c1766/tle-review-12.png?sha256=sha256:32be6b213ced679254d22755d00df50c7ef5d47289b06726795d999fe20e407b
scan-fw-2916f41f6a7c1766,10.0,sha256:08e055b39985c55c5816cb307781738017134afb79015aa00132bca578f44dd9,2,lower,279.127209705,20.622058831999993,33,57409,63060,92.6231829326223,80.01451615158133,232.03003264183474,2.899849224886541,1.0,,,http://gauss:8090/api/v1/scanner/tracking/scan-fw-2916f41f6a7c1766/tle-review-13.png?sha256=sha256:668ceb351ad73494047365a0ccad4c5ca0efb8ab8f72b0d3e3c0ba2bc57e1e32
scan-fw-78052ab28dddda91,15.0,sha256:40d49c485b93c0db3e3c4dc8695db9230c104e30c1288e8bacba582a06cf84d5,4,upper,39.052214687,12.908053822,15,58874,59424,31.651346586176054,36.69933754906621,237.8527911867323,6.481119471672434,0.0,58874,False,http://gauss:8090/api/v1/scanner/tracking/scan-fw-78052ab28dddda91/tle-review-01.png?sha256=sha256:93dafa3e8d20a594339ca5705471f03206a45f46f8a07e9ab92aebb48d80c36b
scan-fw-78052ab28dddda91,15.0,sha256:53e0fed9ba7cd504db9b511f885f12589732bdb172cd80ed81b302c3743c35ee,3,upper,211.347210337,27.081293197999997,47,60112,100017,118.51010078672846,83.5220928841305,1344.817694927307,16.101340956493527,1.0,60112,False,http://gauss:8090/api/v1/scanner/tracking/scan-fw-78052ab28dddda91/tle-review-02.png?sha256=sha256:3bc506ef20be6f2324a5059015409bf28d7e50372676f90f29b88e1f952bb517
scan-fw-3e89e3cdbcc7a7e2,20.0,sha256:eadfad17b0d7a2ddefc4b1e636a4ff7f4c82ec775bd8daf5950bbc27432f255d,4,lower,12.075343453,20.648172019,34,66126,60407,43.775859749834396,48.78625834178756,864.8042928868917,17.726391042908677,-5.0,,,http://gauss:8090/api/v1/scanner/tracking/scan-fw-3e89e3cdbcc7a7e2/tle-review-01.png?sha256=sha256:62650a846113214ae55bbe15e05f007b7a964df78acd6595dc8fd28ef6187821
scan-fw-3e89e3cdbcc7a7e2,20.0,sha256:77b7154a9a073a75ea8f9f336f435a80d14ca4fb751e17a0a43830f44bf2b234,2,lower,86.205977487,41.005482583,54,59525,63379,121.68475251326964,161.30740779357347,2478.8315008364084,15.367127491184975,0.0,,,http://gauss:8090/api/v1/scanner/tracking/scan-fw-3e89e3cdbcc7a7e2/tle-review-02.png?sha256=sha256:0e78a888fea681db3c4987641b561b622b94192c71e4af1a8927018acd2a145e
scan-fw-3e89e3cdbcc7a7e2,20.0,sha256:a1d4bcd9ab27d10b54063c6ded5188cd4d356724c9e4bcbefcfe846bee05f12c,4,lower,88.171193575,33.004613973999994,38,59525,52861,70.64931688545055,98.8299516718798,2215.315552668547,22.41542685382971,0.0,59525,False,http://gauss:8090/api/v1/scanner/tracking/scan-fw-3e89e3cdbcc7a7e2/tle-review-03.png?sha256=sha256:cc20180435c1a09bb55ba156040a00f981d11fae7eb86b28e5bf735348fb80fc
scan-fw-3e89e3cdbcc7a7e2,20.0,sha256:5f7587d9d45829ec07413e52dd42d496baf0a998f8a4656e627a29229a0a52bd,2,lower,123.984359787,29.889733824000004,53,64044,53388,34.87459891937174,111.51309000192255,277.5955867245842,2.4893542697076936,-1.0,64044,False,http://gauss:8090/api/v1/scanner/tracking/scan-fw-3e89e3cdbcc7a7e2/tle-review-04.png?sha256=sha256:8a5240b46f003b9962031fc3e27ae3c35f0baf6085aa145fedeffce4ec1034cd
scan-fw-3e89e3cdbcc7a7e2,20.0,sha256:f408aa082f6f84976243e8717777feb6e6d941e68c62885c2a377ce54c090e74,4,lower,132.683475778,20.06799256299999,22,64044,53388,28.3532054233078,28.500124754853722,112.96891972611468,3.9638043937641174,-1.0,,,http://gauss:8090/api/v1/scanner/tracking/scan-fw-3e89e3cdbcc7a7e2/tle-review-05.png?sha256=sha256:eae841aa024cb6902a088d4f79651b1fd7946cd5a231f53087b26e4cd62ee7bb
scan-fw-3e89e3cdbcc7a7e2,20.0,sha256:51cfd0d0e8a22320224ff0c208f24fd376c7f83107a043461bb3e93204d4a75e,1,lower,219.308677615,11.510367537999997,14,55477,58859,20.26632345169228,21.784480976290666,37.94408157444081,1.7417941522562592,-3.0,,,http://gauss:8090/api/v1/scanner/tracking/scan-fw-3e89e3cdbcc7a7e2/tle-review-06.png?sha256=sha256:39b67184015054684af47963d305a84cdf421c6c08da1fe602a3982e432a87c1
scan-fw-3e89e3cdbcc7a7e2,20.0,sha256:1d6494856376076f94ae4a9751688df6bf03384f0ffca8b61dfa15398cf57447,1,lower,233.487280785,35.23506816899999,47,58859,55477,28.731440136378463,27.376811140997685,169.92191024951313,6.206782425256586,0.0,58859,True,http://gauss:8090/api/v1/scanner/tracking/scan-fw-3e89e3cdbcc7a7e2/tle-review-07.png?sha256=sha256:e3cd9e2ff8f1b0129e9b8c27199b860eda18c61418ceeeab1973343718eebc66
scan-fw-3e89e3cdbcc7a7e2,20.0,sha256:5cde299d743376c425658b8085cbb750deacc6fa5ae46b2f3c5812bf7c08e0b6,3,lower,274.619141731,24.148288078999997,26,67847,62098,30.894750962968576,34.257151398659516,41.14737231267093,1.2011323368317492,0.0,67847,True,http://gauss:8090/api/v1/scanner/tracking/scan-fw-3e89e3cdbcc7a7e2/tle-review-08.png?sha256=sha256:c6a6a80ac7f58c23dae385da170846006369073a710b82ab58b8fc74beab5c4d
scan-fw-6039329e939bef95,10.0,sha256:2ece480a0cdc8688bf3c25a9064bf0d74f176b9f8c50cd20bb394fb422c714a0,4,upper,242.369769089,22.447955363000005,26,63572,59370,18.16794444728671,63.90742942002859,1625.3548175996436,25.432955641465018,-1.0,63572,False,http://gauss:8090/api/v1/scanner/tracking/scan-fw-6039329e939bef95/tle-review-01.png?sha256=sha256:b1d27cbfed7db7c098b6482d1eb1c8f7f8f3f728cc78c22253608c2c351ae1c3
scan-fw-f0af018448538a4c,15.0,sha256:2807453f686c4475c19b1ddec248184f049acfaa3d2d3d0fbcfee5c62958846d,4,lower,4.370625729,49.962768205,78,67330,57332,25.386980937915645,42.75950278012778,884.0917243635209,20.67591218049423,-1.0,67330,False,http://gauss:8090/api/v1/scanner/tracking/scan-fw-f0af018448538a4c/tle-review-01.png?sha256=sha256:28889ad5c15ec651e0e1b906f03e14988431fea7d5c92f9d9fc459a27ba18018
scan-fw-f0af018448538a4c,15.0,sha256:67e6ed08bc4d1338e187266f73097dfc45b7fb84ee57adbc436459858e897862,1,lower,96.004109581,20.906787287,33,65204,57139,31.098009320947718,35.51906432556778,313.7655083539711,8.833721110387259,-2.0,65204,False,http://gauss:8090/api/v1/scanner/tracking/scan-fw-f0af018448538a4c/tle-review-02.png?sha256=sha256:1b2240a52f9717d8447731b56b2bc7eea8c61be0693204a246b18a7e3cdde6e7
scan-fw-f0af018448538a4c,15.0,sha256:0c74a9b77af5bd9ebde2f9cd80455e13e4aa928c14907b7e9b92d828bb6914dc,2,lower,104.705415724,24.41488744099999,26,65204,53400,97.16921472139401,132.88883877590902,1115.9942286777393,8.397953048258966,-2.0,65204,True,http://gauss:8090/api/v1/scanner/tracking/scan-fw-f0af018448538a4c/tle-review-03.png?sha256=sha256:f733778d40d6815e922274f09d5a1953e7f152d7683b81d72ee1bb1addb2af1f
scan-fw-f0af018448538a4c,15.0,sha256:2b75a49942af9cf97681cc0045dc14ed70434e8162fe8872af57b1588590ff0f,3,lower,200.96423505,31.574819668999993,32,63584,68041,127.01374297269545,192.91660858905473,881.9714398221688,4.5717755784361644,-2.0,63584,False,http://gauss:8090/api/v1/scanner/tracking/scan-fw-f0af018448538a4c/tle-review-04.png?sha256=sha256:1f78a5b31c22c44d7ec45626f082746b530b7aedbef816e5ef21485c4c56e1f3
scan-fw-f0af018448538a4c,15.0,sha256:dd82aa19e87868f1b759fadb65b460f509c2db146dc616f119ba223e5fb4478d,1,lower,205.876152618,27.925189180000018,39,63584,57451,75.05677875794143,93.36820055501131,1147.0510634852383,12.285243334098647,-2.0,,,http://gauss:8090/api/v1/scanner/tracking/scan-fw-f0af018448538a4c/tle-review-05.png?sha256=sha256:03eeff0bde7d4b3ccc14eca1f0d3287d6573c01a48187ff49b8a16a268276178
scan-fw-5ed0353f3b186252,10.0,sha256:1e5b5c06ff60a56ca9fbd854f6c3f412b1c6a5e330cc79861ed3031698dd7896,2,lower,131.803884479,13.186798007999982,14,64322,59367,31.45479163234479,118.93042916736094,89.74169986584234,0.7545730768326437,-2.0,,,http://gauss:8090/api/v1/scanner/tracking/scan-fw-5ed0353f3b186252/tle-review-01.png?sha256=sha256:67b944877d3a62af9f0b02618732c4954bfbaf41dc1d9fb6691808888ebb4f3e
scan-fw-5ed0353f3b186252,10.0,sha256:ee8d1865c553373bd977c2d1a2406e6f416614dc07823f369621c6b25aa4a71d,1,lower,132.223849772,13.609482463000006,34,59367,64322,53.220692068815396,150.10721131455995,177.69882901821254,1.1838127393215805,0.0,,,http://gauss:8090/api/v1/scanner/tracking/scan-fw-5ed0353f3b186252/tle-review-02.png?sha256=sha256:8890efb133fa448488e826fabe2b1bc139981fc03f25344ead70f453acee7392
scan-fw-5ed0353f3b186252,10.0,sha256:b49e902a47af2af5682909ade8b507ebc0ac5cc240d769075d3173d7419a5266,2,lower,144.990682511,43.636500790000014,85,59367,64322,55.22437793565145,61.94040617628903,1642.8778410208945,26.523523858482427,0.0,59367,False,http://gauss:8090/api/v1/scanner/tracking/scan-fw-5ed0353f3b186252/tle-review-03.png?sha256=sha256:cb93ab39e5195c5d2c2cd9a02ee24a8573f9d84254f9637397223fc49244f034
scan-fw-5ed0353f3b186252,10.0,sha256:80ddd83138493a7aa755138a38ac1f31715a6f47b6d95ffb40155b395a7da0e0,1,lower,145.833332243,31.849478492999992,71,59367,64322,53.287067475515244,60.837599441073806,571.0541255100892,9.386532847391551,0.0,,,http://gauss:8090/api/v1/scanner/tracking/scan-fw-5ed0353f3b186252/tle-review-04.png?sha256=sha256:61513ab76344ffa57e66260fd1214e29a24cfa7a98a9007e17875242717f90ee
scan-fw-5ed0353f3b186252,10.0,sha256:1e6796eeefc9c87ddc999f74ce941ce460807446e6941f8b88b380e4989444ca,1,lower,207.288580369,9.821306110000023,21,67697,66827,27.65484515205337,31.04810921139415,25.57763577282548,0.8238065512678275,1.0,67841,False,http://gauss:8090/api/v1/scanner/tracking/scan-fw-5ed0353f3b186252/tle-review-05.png?sha256=sha256:09a5c45f2941cda7dbaf4b7dd52c8ca85c5328d1ff253d7c709792a8141dde41
scan-fw-5ed0353f3b186252,10.0,sha256:30b33b841265d981146b70fda3a8f6e3d3eef6f0f49a0321daded5684ef1d875,2,lower,213.882768964,15.712072589999991,14,57923,59760,21.64790649934918,212.42143259393364,993.3964317161976,4.676535788246855,-1.0,64135,False,http://gauss:8090/api/v1/scanner/tracking/scan-fw-5ed0353f3b186252/tle-review-06.png?sha256=sha256:92f8baa02157c4b0c29931bafe76bd8a358012553143c52b942b12f7c5413cb6
scan-fw-5ed0353f3b186252,10.0,sha256:90a2d6f9e78cc7d379b5d0e90231ba8cf53bc4f06e4667848af914a79e157cbe,1,lower,221.738506341,8.838299212999999,20,66827,67697,18.00826929083605,26.532271530131588,88.06524355862126,3.319174668426307,-1.0,,,http://gauss:8090/api/v1/scanner/tracking/scan-fw-5ed0353f3b186252/tle-review-07.png?sha256=sha256:b70388b2c3adccf985494a01abe6ba7ba2fe89ef4eaadb2164879160cbc281d1
scan-fw-5ed0353f3b186252,10.0,sha256:8897fefe9f644fe344f6f5671b3e2327251cedf5980cf009866c8e1af69a07be,2,lower,280.947707253,17.257970295999996,22,59204,63465,21.27823125789342,29.02054170862151,1084.1644087320235,37.3585172743325,-2.0,59204,False,http://gauss:8090/api/v1/scanner/tracking/scan-fw-5ed0353f3b186252/tle-review-08.png?sha256=sha256:bd97b79124937c27188e49de0155843eb0e2955e44962db95e7dd5e6c34fdb5f
scan-fw-f4a84f0ce507a746,20.0,sha256:289afc2b816a708037c97fbc79f43c4181cf1b8cf59253cf20f4d1eec1774758,4,upper,109.110277092,38.59373536599999,44,67320,67698,94.06335356850884,97.76267252725675,147.24853129429428,1.5061835717844212,0.0,67698,False,http://gauss:8090/api/v1/scanner/tracking/scan-fw-f4a84f0ce507a746/tle-review-01.png?sha256=sha256:0d5eb24fb830579cada0b0df5be52d828a87291b61ea99e76b0d6901e4bfaf8a
scan-fw-f4a84f0ce507a746,20.0,sha256:579e6c92b0137554da198623086b0fd424d6cb58092235fcfac58e87d8872490,4,upper,167.636653346,33.974126453999986,54,59353,68051,54.02293931505945,89.11687148410874,2382.9458222606336,26.73955876789906,1.0,59353,False,http://gauss:8090/api/v1/scanner/tracking/scan-fw-f4a84f0ce507a746/tle-review-02.png?sha256=sha256:713c1a87c345830f6064f740e581040af7d00b08ce1fc9d56bce2652b8350db8
scan-fw-f4a84f0ce507a746,20.0,sha256:cf474c7d48d58570825cc93ab69d34892fc8157284cefe038c33d3c4a4fc3dc2,3,upper,171.145351887,30.886780127999998,55,59353,68051,34.08847199497639,103.59346307428389,1956.141803975411,18.882869110888958,1.0,,,http://gauss:8090/api/v1/scanner/tracking/scan-fw-f4a84f0ce507a746/tle-review-03.png?sha256=sha256:89d102e749d7ba97d37c7124589a3ff65c1a120c08b301591afe886124d90f73
scan-fw-f4a84f0ce507a746,20.0,sha256:99bff81e68c849d71f35a53277e51360d8df4293c11036c252e5b9ba5fb51021,1,upper,188.696119228,14.45868166400001,23,59353,68051,29.556516397201598,20.46755192529677,252.7239265450224,12.34754051033673,1.0,,,http://gauss:8090/api/v1/scanner/tracking/scan-fw-f4a84f0ce507a746/tle-review-04.png?sha256=sha256:64685eb1ba3354556a385a9713081ca80c82b63162fa119aeadbd267f9e6b2bd
scan-fw-f4a84f0ce507a746,20.0,sha256:69a8b69edc28972415c7f99221809786c54918eb3860c75e0e3d5e8e85730eae,2,upper,282.042807111,17.28571403899997,27,63487,45542,81.21997070229516,82.18450468257655,75.92353985820732,0.9238181838711431,0.0,45542,False,http://gauss:8090/api/v1/scanner/tracking/scan-fw-f4a84f0ce507a746/tle-review-05.png?sha256=sha256:60c2fc2adab5dbb9ca5e770503591800990b41496dd0ea3c1aeb199439b535c3
scan-fw-c07daaf71742e73f,15.0,sha256:306451f41cf762e546650488543a5f3ee485ddf9960b9b6c1b280f1f6e7aa01d,1,upper,109.622433957,19.64412865700001,24,59368,63388,39.46661906710346,154.02196115354914,145.844680699803,0.9469083474038228,0.0,63388,False,http://gauss:8090/api/v1/scanner/tracking/scan-fw-c07daaf71742e73f/tle-review-01.png?sha256=sha256:4800b112771084ea21f52439372abc92c6e4f0821f5dee204d5f24d4af029987
scan-fw-c07daaf71742e73f,15.0,sha256:0d528abff5677d254badb41cedf8c9a455886ed84604eab799dc09fe219473ec,1,upper,288.385563064,11.224078372000008,15,69948,45386,27.19836701333344,31.101414748833847,427.2297968899109,13.736667619145202,-1.0,69948,False,http://gauss:8090/api/v1/scanner/tracking/scan-fw-c07daaf71742e73f/tle-review-02.png?sha256=sha256:36e74633ae0f14786d56c9a03b67f5f8be6ac4ce0a224c2cdd7e984203373897
scan-fw-4c6e56afcc79a719,20.0,sha256:60aa896eb79bd5ff0328c3a51f2fb8dd44a48f0643d7566fefe3a3ca7a25ecd5,4,lower,0.31194947,9.55921915,17,63389,62091,15.445063781841192,178.48160477787573,844.2580529786151,4.730224462231347,-5.0,62210,False,http://gauss:8090/api/v1/scanner/tracking/scan-fw-4c6e56afcc79a719/tle-review-01.png?sha256=sha256:7bf332af0639338fe70130b95a33ae58e51a9ba719d508da434207082fd27ac0
scan-fw-4c6e56afcc79a719,20.0,sha256:ffdcaaeaedd5635ed58cc91ac0dd7cf6318f82a697ebfdb4631da03677728d90,2,lower,10.993797527,22.47201546,27,59923,52835,56.13575569818182,64.16259437761543,500.8260262181385,7.805576303081394,2.0,59923,False,http://gauss:8090/api/v1/scanner/tracking/scan-fw-4c6e56afcc79a719/tle-review-02.png?sha256=sha256:24e31878d111e87504892569c4f9586b1cdfb5c0a89aedb98a93ea80b485ed6c
scan-fw-4c6e56afcc79a719,20.0,sha256:8e177d7cbfa5b90a541c25313d0ec6301c46bf22ca51bb20ace0523b33154172,3,lower,65.473791467,31.446851754000008,32,69955,65919,94.07578267284966,130.85760943148395,596.2542978001237,4.556512230282778,-1.0,69955,False,http://gauss:8090/api/v1/scanner/tracking/scan-fw-4c6e56afcc79a719/tle-review-03.png?sha256=sha256:e4f46133392ba3fe77c6ae8e3725fb630fd76c99cbe1f1f503a23fb870d1837d
scan-fw-4c6e56afcc79a719,20.0,sha256:ffb5a8b742c8a8a697fdd48f5bdaa5e3d690531fff0b6c3831b7426731920653,1,lower,112.924422157,31.164303048000008,75,60300,62277,63.728979005282554,79.6150760150439,505.0348930884966,6.34345802788741,1.0,67891,False,http://gauss:8090/api/v1/scanner/tracking/scan-fw-4c6e56afcc79a719/tle-review-04.png?sha256=sha256:fe2411ba402fc074597434cabb55a6d91857dcd361ec33486f7e123c7a721887
scan-fw-893ebcf66d7b21c2,10.0,sha256:4cd46222992ee68964583b2876aed642786d357f77c6a9f26568a14be3dffbb5,2,upper,53.376257716,15.995991841999995,23,58100,67836,52.266542069596106,45.041480242095915,612.9903519663478,13.609462847836094,2.0,67836,False,http://gauss:8090/api/v1/scanner/tracking/scan-fw-893ebcf66d7b21c2/tle-review-01.png?sha256=sha256:6b4962cb102bd5365dd31d47eff6995cd846e15c520453e4e29c0bfb8e891a44
scan-fw-893ebcf66d7b21c2,10.0,sha256:62e2b691e9e33bc4811cebaecf213ecc10c06b2d81f421ebed229a8989066c0f,1,upper,109.21492393,15.012094672000003,24,67900,58046,50.06555973986217,58.614189330064136,1598.1065945327591,27.26484171833569,-5.0,67900,False,http://gauss:8090/api/v1/scanner/tracking/scan-fw-893ebcf66d7b21c2/tle-review-02.png?sha256=sha256:64bf8051ab777659633213632074d97962c42149fa26b29c9c4ca2950890867f
scan-fw-893ebcf66d7b21c2,10.0,sha256:49a84843a5cb40917248284726551e331a6bb608aa0d4d948fb3a71a96c6c7d1,2,upper,242.08721156,30.72675984899999,59,65916,52830,71.61611743379275,42.84371662679763,1105.7749624009714,25.809501356596545,-5.0,65916,False,http://gauss:8090/api/v1/scanner/tracking/scan-fw-893ebcf66d7b21c2/tle-review-03.png?sha256=sha256:395dda6db014317422964c588b25e000df59fbb6ddfa7cd85811f1659e77e716
scan-fw-cc07d11d831aab47,15.0,sha256:329b1098bcc93489a978897618ef6cbd6280ceafa174bf6f26eb5e59fe90256f,2,lower,98.957648274,14.872132864000008,28,69521,66152,60.05505812685785,203.4034855479121,167.12288461589188,0.8216323538690085,-5.0,66560,False,http://gauss:8090/api/v1/scanner/tracking/scan-fw-cc07d11d831aab47/tle-review-01.png?sha256=sha256:c1ed41f1cb10bb351bf07cee92b94d28bacbc8696121be6cd5794e092b42f822
scan-fw-cc07d11d831aab47,15.0,sha256:2be8ca7fba53bc7b3d71e0510d698a0c6b5945630d1f5cbcd47b43d47abbb926,2,lower,158.869874821,9.264012699000006,18,59486,51981,82.94751372058967,103.74784540417932,272.98809344974336,2.631265183255039,-5.0,,,http://gauss:8090/api/v1/scanner/tracking/scan-fw-cc07d11d831aab47/tle-review-02.png?sha256=sha256:d8d5aa0f7262138dfd76039345cd25ab03bc110de22a3808a8a423523cec7c7b
scan-fw-cc07d11d831aab47,15.0,sha256:cd9c35ba019d454c36ddfef66015ceef001037a4a616bbbfc5ef8b1b792971ed,2,lower,210.923235543,14.033350641999988,17,67896,60114,98.03070270746635,54.67802311086991,975.143703556287,17.83428968488859,-5.0,67896,False,http://gauss:8090/api/v1/scanner/tracking/scan-fw-cc07d11d831aab47/tle-review-03.png?sha256=sha256:5ace938ff052a116facb0badec2dcefeee9d1d59fb37cccf6b49e18518160b4a
scan-fw-cc07d11d831aab47,15.0,sha256:11e92c93441e2a1685980c819aa40233de49be5397043a256497d35c5cf4f256,4,lower,250.634870247,14.456537240000017,33,62025,53473,22.39687545599665,35.19678147397619,848.0608956302716,24.09484220190165,-3.0,62025,False,http://gauss:8090/api/v1/scanner/tracking/scan-fw-cc07d11d831aab47/tle-review-04.png?sha256=sha256:343e10ad01385b797025b2862f4b63b1886c37accf8b16fbcb51dde0cfd34a63
scan-fw-cc07d11d831aab47,15.0,sha256:34fe72b71df1fdaefea5e240f188e0dad55be2b7a2ba9dbae286892b02ca5404,4,lower,266.073869156,29.186710747999996,61,64746,55499,194.4626302152577,208.08272733335255,1591.894263430059,7.650295071727956,-5.0,64746,False,http://gauss:8090/api/v1/scanner/tracking/scan-fw-cc07d11d831aab47/tle-review-05.png?sha256=sha256:64ba6fa952a0e38642a8346d6bb4e01a6673e95792ec546e100d4d0a28bf1b59
scan-fw-60c26b0bcf4fc991,20.0,sha256:0346cefc7a323f90b744f0cc3cb45e907368a843513007e3bbd5f948a17929db,4,upper,21.5323718,27.510628218,33,66854,56701,26.203436042661913,30.821720598925033,267.43586064270096,8.67686344064868,-2.0,66854,False,http://gauss:8090/api/v1/scanner/tracking/scan-fw-60c26b0bcf4fc991/tle-review-01.png?sha256=sha256:a0d8546afd07d7ed9e460473ed68f91e1a9f10aaa5f547f36c936d7b51fa5257
scan-fw-60c26b0bcf4fc991,20.0,sha256:7a008dba655cff69ca2159d49f251d48b9ba6934fc5eb1787bceb82eaf7dce21,3,upper,31.779122725,18.105368712,37,65355,53466,31.869573566697387,62.84986100133125,572.6116657640063,9.110786509963443,-4.0,,,http://gauss:8090/api/v1/scanner/tracking/scan-fw-60c26b0bcf4fc991/tle-review-02.png?sha256=sha256:0962a1fd9f0380e7231f1ad0ab30a9459c39e422263630816c9f0508545df9f9
scan-fw-60c26b0bcf4fc991,20.0,sha256:c4c7bc75a943a8977d6c91db538ddfa68766444f210bf3bc246357d8ac05570b,1,upper,32.200458168,18.526698804000006,23,65355,53466,28.967114772866182,28.77025327681797,888.7206244593195,30.89026071158777,-3.0,,,http://gauss:8090/api/v1/scanner/tracking/scan-fw-60c26b0bcf4fc991/tle-review-03.png?sha256=sha256:43b01bd20a7eee388ed686ffd42656d385b97898c986c0f0d608342af26da0c2
scan-fw-60c26b0bcf4fc991,20.0,sha256:cd0771797a6fa8592b82b672642109b624cd8090cde5ba135eac947879ba0109,2,upper,35.708473493,13.895756151999997,16,65355,53466,31.709835876577415,37.04278942600151,557.7229490829436,15.056181181956566,-4.0,,,http://gauss:8090/api/v1/scanner/tracking/scan-fw-60c26b0bcf4fc991/tle-review-04.png?sha256=sha256:d27e227880be9ed9cd701a598684c49defec847c55d2156256fea19158094c81
scan-fw-60c26b0bcf4fc991,20.0,sha256:a10d90669b3bc7c72e127b559dca949ea09315a5dd8de3ca247c2083715c6e64,3,upper,47.499050077,13.334753821,22,66423,66148,118.19113165472365,89.03540393310055,231.6102180878317,2.6013272008274266,-4.0,,,http://gauss:8090/api/v1/scanner/tracking/scan-fw-60c26b0bcf4fc991/tle-review-05.png?sha256=sha256:79955bc00c668192a7c0620f4a76a415d80aef9bf55d2596bf7d5122ba685d48
scan-fw-60c26b0bcf4fc991,20.0,sha256:32e36d5caf8624f203d2fa8cf3e69c3039e252ba299af550f88f04ed5287d09b,1,upper,108.14283066,25.269368271999994,53,64804,68095,63.934628564074735,78.37768347724315,406.3382171335791,5.18436114856034,-1.0,62099,False,http://gauss:8090/api/v1/scanner/tracking/scan-fw-60c26b0bcf4fc991/tle-review-06.png?sha256=sha256:188e4c89f41eb12dd32cbd867b6ba1b553d4ff3b20e204b83d84fcd86dc73f91
scan-fw-60c26b0bcf4fc991,20.0,sha256:acdf1b54cf28e89d3f3a05e27e0a37e345557173392eb8a0984f64847a91feb7,3,upper,108.564166026,24.989256424000004,20,64804,68095,62.88674675210677,36.940294406611244,523.4866847483474,14.171156271419928,-1.0,,,http://gauss:8090/api/v1/scanner/tracking/scan-fw-60c26b0bcf4fc991/tle-review-07.png?sha256=sha256:bd870c554388e0b5dc0463bdad22e8652118b348a6957feebb6e776432a3fdd0
scan-fw-60c26b0bcf4fc991,20.0,sha256:3bcc1275f081d331050683f0141dc801ac809724d23a642bf39ed777759488b6,2,upper,248.0900754,24.145448773,31,66165,59550,495.2204782376587,439.59587875816266,883.8539168763451,2.0106055574797246,-5.0,59550,False,http://gauss:8090/api/v1/scanner/tracking/scan-fw-60c26b0bcf4fc991/tle-review-08.png?sha256=sha256:760f50fe0b6859f262123d4e03e89484a7f7a1d31fe364273f639507eb5d26fa
scan-fw-60c26b0bcf4fc991,20.0,sha256:f55c07d7fe8197cad1fd997e6787a19b7db39a295f98fec1676c43470188f4f2,2,upper,272.37536934,14.597440712999969,26,59835,58544,69.66748254677505,88.048565031861,139.73290290786215,1.5869980715449343,2.0,59835,False,http://gauss:8090/api/v1/scanner/tracking/scan-fw-60c26b0bcf4fc991/tle-review-09.png?sha256=sha256:67f3608274e20d1059215d22499da9b761b6e55e9c2cf023f3af4b6eb78649cf
scan-fw-60c26b0bcf4fc991,20.0,sha256:a1cdb2902dc81d2b4c33087f3f955b08d9cc0f21b653d586e362a5cafe59dfc1,4,upper,272.936679774,14.317450765999979,25,59835,58544,40.62323995128195,94.32732221157148,161.48292927359373,1.711942261134007,2.0,,,http://gauss:8090/api/v1/scanner/tracking/scan-fw-60c26b0bcf4fc991/tle-review-10.png?sha256=sha256:50c288274e7b608e3826c880fe5e6b4b2b70e9dea9de412bf0a6ea0c835b6441
scan-fw-60c26b0bcf4fc991,20.0,sha256:c67cfe17ec281ed51d1e42cbe31ebbe2f8f377f5e4eecc76346ace9b70c5b7ef,3,upper,274.760724574,11.089412885999991,14,59835,58544,41.13813315736224,44.82167721103667,146.34082035691634,3.2649563662665013,2.0,,,http://gauss:8090/api/v1/scanner/tracking/scan-fw-60c26b0bcf4fc991/tle-review-11.png?sha256=sha256:c48a1ba030b9339314cad6fcb8db85e7bd4f64cecdb2456747770dcdeefbf60d
scan-fw-60c26b0bcf4fc991,20.0,sha256:b1fa000eec5c6d8229cef4887d15b79a6fbc3d2b02796b138cea2ace95ad7bc0,1,upper,286.411529602,13.478723847000026,19,58544,59835,38.42977843476383,87.29142970300869,831.5236101123695,9.525833325693705,-1.0,,,http://gauss:8090/api/v1/scanner/tracking/scan-fw-60c26b0bcf4fc991/tle-review-12.png?sha256=sha256:6b47b8835b0223854b0a3018323c83826dc0a1dc38d75819cd5c82a371185c83
scan-fw-60c26b0bcf4fc991,20.0,sha256:3d37fc3fa43a4fc51de9f202d44572b7c64a48be2b1dcc3bb00591596fe1b4e5,3,upper,288.376867534,10.810716087999992,21,58544,59835,59.8815170969984,59.73534943076179,620.0275337775324,10.379574903068,-2.0,,,http://gauss:8090/api/v1/scanner/tracking/scan-fw-60c26b0bcf4fc991/tle-review-13.png?sha256=sha256:9e08fbbce0a63ea9e10a3b1974531f416ced4b1c38904bcc8629b371052ed5aa
scan-fw-7956b9c412c28a6e,10.0,sha256:e2350af96ff6ffeea7e06e50201aa3c5e4567e2f28d9abfa7b05939918c06f76,2,lower,41.023062752,15.713317556999996,31,59536,52688,27.53558838471543,29.162093052773674,462.9677785210834,15.875670435701098,1.0,52688,False,http://gauss:8090/api/v1/scanner/tracking/scan-fw-7956b9c412c28a6e/tle-review-01.png?sha256=sha256:bd308e7b3290daf56ffe388807acaa3199d62eae7f93632b7f9162384d03260b
scan-fw-7956b9c412c28a6e,10.0,sha256:4d7cc63ba186058d91e78b5892bcc58be90bbe1609fc605bfcbc7503e803485f,2,lower,94.477788694,18.938901106000003,32,66517,68082,43.97503432648815,34.43634477076253,478.31340532245133,13.889784427078727,-3.0,68082,False,http://gauss:8090/api/v1/scanner/tracking/scan-fw-7956b9c412c28a6e/tle-review-02.png?sha256=sha256:c7e900e0c9a94291949d490d17b2c49ebb909fa727014b577036708b9dd6097f
scan-fw-7956b9c412c28a6e,10.0,sha256:b7e46c74054aeda5362fa54f076c5cfcb82a02d06f9837ced9d5a6bab63fa5a6,4,lower,158.17709523,14.592794443000003,18,66852,66450,46.4717807930781,68.86153544204674,1295.436948936167,18.81219959183738,-4.0,66450,False,http://gauss:8090/api/v1/scanner/tracking/scan-fw-7956b9c412c28a6e/tle-review-03.png?sha256=sha256:5a3b0acf0c3cc979b6aa8c967a7a8a814a0b4f871d1e455af99c0d2725bddd14
scan-fw-7956b9c412c28a6e,10.0,sha256:20ff8dcdba0045355769c52f3663164515cbfbc3b4f70b32425f43d187acd524,2,lower,249.377956193,15.014771423000013,21,66875,62202,140.63291397051123,56.2053523061847,220.99880017938543,3.9319885226494216,-5.0,62983,False,http://gauss:8090/api/v1/scanner/tracking/scan-fw-7956b9c412c28a6e/tle-review-04.png?sha256=sha256:b9c50da97dbeeeba0dadf177f4bfddac09d5c515371cde19cd12b86cad04958e
scan-fw-0c2871b5c7ffe0a8,15.0,sha256:add7b5ba58353836cf1dae7b72f35e51fdf0639965d84470dca5328327bfa200,2,upper,176.829512424,34.238979537000006,35,56688,58365,70.1502728659131,132.68148165015504,339.59372956543825,2.559465912966321,0.0,52502,False,http://gauss:8090/api/v1/scanner/tracking/scan-fw-0c2871b5c7ffe0a8/tle-review-01.png?sha256=sha256:b1944ba420e4f8772ca16a3223429a1a2ca45976868f8644dad3aaff58b6993b
scan-fw-3e0db0230903d2cb,20.0,sha256:1042d83a0c2b94a1f87fd0e3ac2ca27eacfb372654414366336f4c8546ae7e76,2,lower,0.344488556,18.242562774,43,66557,64737,24.563446948923833,26.932611234671718,750.1544172402687,27.853014722707496,-5.0,64737,False,http://gauss:8090/api/v1/scanner/tracking/scan-fw-3e0db0230903d2cb/tle-review-01.png?sha256=sha256:65abf5d0969ac3b88577e5538976ba1e8b80cb48e84d06685a97f5a4b96807f5
scan-fw-3e0db0230903d2cb,20.0,sha256:f5256c3c87d23c573e7569c0c04afe65da4f550359d3d9b92545f3a496a8e5e8,4,lower,0.484466515,13.470696763000001,30,66557,64737,29.406265203296954,24.71844402230384,289.4284525725957,11.709007747876035,-5.0,,,http://gauss:8090/api/v1/scanner/tracking/scan-fw-3e0db0230903d2cb/tle-review-02.png?sha256=sha256:d70f59cb0d69d16325a6a7c6d5be550cfff34dedc2c3c98e0231cd73f1952059
scan-fw-3e0db0230903d2cb,20.0,sha256:e951bfd2676d182163ef03096df07f823abe1b7ba4bf66ae78f6baba055805b7,1,lower,85.828594998,13.619470649999997,18,58242,62919,92.75277959482938,51.26854479255722,403.468578171687,7.869709971371364,1.0,45731,False,http://gauss:8090/api/v1/scanner/tracking/scan-fw-3e0db0230903d2cb/tle-review-03.png?sha256=sha256:762bcb01d30c6e9dab49ffae25a7cb35fdebe21e648f10852da98ac36b33d5a2
scan-fw-3e0db0230903d2cb,20.0,sha256:032a5d83590a143f1a3e2da7e3d3e8fa44d1206ccdb15233cefaeaf0d90eb037,4,lower,94.533805866,25.12681382000001,36,66570,62488,108.39903584491009,69.03356213609149,536.0207678352847,7.764640143856162,-5.0,62488,False,http://gauss:8090/api/v1/scanner/tracking/scan-fw-3e0db0230903d2cb/tle-review-04.png?sha256=sha256:892d0a33c843b0e21bdba4f81b08185a725e44e8b041466079ade0d17e8f5843
scan-fw-3e0db0230903d2cb,20.0,sha256:0a3befc853af1cde6b3860a6e1213cf121fc1ac6db4868a8c92c9bbb3d01e9f5,1,lower,95.937809321,10.949432095999995,14,66570,62488,61.71108494380811,67.38926803731978,70.62885264589599,1.0480727080576413,-5.0,,,http://gauss:8090/api/v1/scanner/tracking/scan-fw-3e0db0230903d2cb/tle-review-05.png?sha256=sha256:b9beda60120e5bfa4d7e21d15233984f0f852e11e98298bce3ccfbf17b8bed75
scan-fw-3e0db0230903d2cb,20.0,sha256:760f4db46464b6eef1f4b25b388182c74358aa5f9ca18cc7b24f8394fc9cf3d5,1,lower,119.099310183,12.072021454000009,25,66570,62269,8.229217580283828,27.866376543239056,409.44431831875505,14.69313090216225,-5.0,,,http://gauss:8090/api/v1/scanner/tracking/scan-fw-3e0db0230903d2cb/tle-review-06.png?sha256=sha256:285d28186760dccc2deaf4c7008165c3b6b442a74364f09fdc9097c5ee6ec000
scan-fw-3e0db0230903d2cb,20.0,sha256:774d5b900ff70b5148a4ac3c6d4b89b4c9cf9d65b574a19b47b2bb4a7577a464,2,lower,205.010384318,26.390017940000007,30,57871,62512,63.4836849125442,29.147955152284908,2328.991560910454,79.90239962777919,-2.0,57871,False,http://gauss:8090/api/v1/scanner/tracking/scan-fw-3e0db0230903d2cb/tle-review-07.png?sha256=sha256:f207b299e5efa90e2b321d368eb730bf68e955897ac6032e77ea04a52aafb225
scan-fw-5989d26e3b81b96c,10.0,sha256:ccb28b39be9ba77478961d87494b65eb569d5e72262a7b9ec40dcf79b60846fc,1,upper,0.336349777,16.837316791000003,23,58246,68088,22.629267551022604,28.152037724321584,30.06535124390724,1.0679635889352577,0.0,58246,False,http://gauss:8090/api/v1/scanner/tracking/scan-fw-5989d26e3b81b96c/tle-review-01.png?sha256=sha256:219d5c089f78e0d1d48f01ae466bb824ae76437ef42b9cde3b7c23a5eb8a5548
scan-fw-5989d26e3b81b96c,10.0,sha256:2c82fbabd0d1359e0dbcc0203283f54ad7f210c98151887bf96253e022c4e31c,2,upper,182.735303051,32.976101809,64,62076,61931,510.3429237155016,389.08626094604426,2758.811108531408,7.0904870858803735,-5.0,62076,False,http://gauss:8090/api/v1/scanner/tracking/scan-fw-5989d26e3b81b96c/tle-review-02.png?sha256=sha256:c1e5178b0a52bfd741419b319be424b117a7b3fa56033e5961f71e04091004e8
scan-fw-5989d26e3b81b96c,10.0,sha256:739c1f1915a98ea7abcb86c29b46e2140d199f80d9c51f3232785590579e077d,4,upper,264.676699556,35.21341602399997,45,59491,68391,92.65628196399481,52.8887188104764,1001.4706313635398,18.93542997235858,2.0,68391,False,http://gauss:8090/api/v1/scanner/tracking/scan-fw-5989d26e3b81b96c/tle-review-03.png?sha256=sha256:9a97905d1ac49ec18d2f47f2649705621957c4be009ce90a3fdae0c57dc06f1c
scan-fw-399889ee9e8af924,15.0,sha256:9f86a64685c3e027c3682fc3cf62364ffa3c7dfec90614713ab0c2d4ad92f028,2,lower,54.19713742,13.33081170500001,23,58245,66849,85.75676213151867,87.78629959821875,173.68173456224233,1.9784605952996162,0.0,62093,False,http://gauss:8090/api/v1/scanner/tracking/scan-fw-399889ee9e8af924/tle-review-01.png?sha256=sha256:2fa5302f472d67893abcb7e95c2523b9c602aa40f8d8319a3cd8d521eddc00f0
scan-fw-399889ee9e8af924,15.0,sha256:ff120521abb84d24d81f4bd50776b0fdcc95b0356120322cbdbb06997869ee86,2,lower,67.949286241,47.85073431400001,82,58245,60023,106.12196664618155,115.83363989646011,1945.9798282330596,16.799781393147164,0.0,58245,False,http://gauss:8090/api/v1/scanner/tracking/scan-fw-399889ee9e8af924/tle-review-02.png?sha256=sha256:2f07fc329ab7af5230ed88c124505cfff59d9ace98c3129c6553b340f297aa8a
scan-fw-399889ee9e8af924,15.0,sha256:4718b3913176d0ef97dedb12c2977251fc5362b394a2dca222f0d4e6a2b29f6f,3,lower,171.218849261,33.82024931199999,46,62075,55597,811.3612347193961,834.3870299097645,2994.633019377384,3.5890215356070923,-5.0,62075,False,http://gauss:8090/api/v1/scanner/tracking/scan-fw-399889ee9e8af924/tle-review-03.png?sha256=sha256:290f1de98b0b8c6bd63900d272f58619d92a484f00dfcb89bf0979701f87e3f1
scan-fw-399889ee9e8af924,15.0,sha256:c910f771d5782f858f99f39b222c009fcd11fd983e48b4f3d85fd38bcc6ef1e0,1,lower,172.200935122,33.117907073,48,62075,55597,592.2997060848605,640.744128711259,2571.364872724877,4.013091587583818,-5.0,,,http://gauss:8090/api/v1/scanner/tracking/scan-fw-399889ee9e8af924/tle-review-04.png?sha256=sha256:7279a18b0297a4ccd07f3291e48b230ffcdaf21f10f469520d67db7f7d09d2fb
scan-fw-bd22778a9bda4bad,20.0,sha256:d957e9ed01baa9df6a41329e3fd4c06678df2a67887e3499ff8ffade6f6f1c7d,3,upper,74.581049322,21.332204579999996,49,64002,66279,63.03786007498093,71.85061688472717,345.1074920990067,4.803124970418508,-5.0,66279,False,http://gauss:8090/api/v1/scanner/tracking/scan-fw-bd22778a9bda4bad/tle-review-01.png?sha256=sha256:9c2530661e41e19b7c55d37d6dc390bc02cbaf98b0d54b22fc1222ca844be7e4
scan-fw-bd22778a9bda4bad,20.0,sha256:189f7f1cc08af86cf51d200f794bf4deae130e29b6b46f8250966ce1bb68b4f6,3,upper,104.613336032,11.092040498999992,14,60053,68399,19.205930717964666,19.204477204257174,989.2640332569257,51.51215639640685,0.0,60053,False,http://gauss:8090/api/v1/scanner/tracking/scan-fw-bd22778a9bda4bad/tle-review-02.png?sha256=sha256:546fbfefb0c09a5814919375adb2287e2d4588d860c26a19bddfba00ac23e082
scan-fw-b61cb0d2a0d1ec91,15.0,sha256:2cbe13f264fbff061eb2fccba1336006760c6c52126d8b34ce8878988b2cf256,3,upper,115.810237305,33.246828839,57,66277,66464,67.3987929580262,64.24594264328718,1571.8289817263094,24.465809311158797,2.0,66277,False,http://gauss:8090/api/v1/scanner/tracking/scan-fw-b61cb0d2a0d1ec91/tle-review-01.png?sha256=sha256:8f5d9df88a99379ab561c05acd39bd7dc01e956c924065545843d70dd67fd716
scan-fw-b61cb0d2a0d1ec91,15.0,sha256:c843d21c7bd1a2e2ca494bd5e09c19d060f9d8fffe0e9001cbced30a38d390c2,1,upper,119.035638593,29.600103540999996,41,66277,66464,74.1283465885028,18.624807030869096,1682.2450084531672,90.32281546138886,2.0,,,http://gauss:8090/api/v1/scanner/tracking/scan-fw-b61cb0d2a0d1ec91/tle-review-02.png?sha256=sha256:b1dd258464a51e3759fa08c650a9c1c5be667ecc6e7ad7faec0ca560475e4291
scan-fw-7156da925530db62,20.0,sha256:0fe3fe15ac2fa1d87c9742b0ebc2e8cb583d0bf38fb9ae2cd5400990360cefd0,4,lower,97.328400416,18.108117065000002,28,66283,55574,38.15614249765148,137.9592138796287,623.1694649015524,4.51705578320616,0.0,66283,True,http://gauss:8090/api/v1/scanner/tracking/scan-fw-7156da925530db62/tle-review-01.png?sha256=sha256:8d30e79c386b297c915bee8154b1c7e2409f5b8a62864b3edd4f5f0063c50a08
scan-fw-7156da925530db62,20.0,sha256:188d86563c4c2ceb5fff051a86e623c29afad0379a75426318225b2c1c605d2e,2,lower,137.755088259,14.597452703000016,31,57523,63997,24.528670909515284,59.69744425301308,838.3391348746101,14.043132756596979,0.0,,,http://gauss:8090/api/v1/scanner/tracking/scan-fw-7156da925530db62/tle-review-02.png?sha256=sha256:b3b467e15a9b62d9a52bf0b742a50bfd61baa9ea8bd1669fb063061391104c07
scan-fw-7156da925530db62,20.0,sha256:571d5850c17c67bc5f5ba283dccf44ebf807f009906763e1efbf5cb5f4ebaa84,2,lower,142.389956261,25.545361017000005,40,61262,48482,37.65216820057558,46.10063906999281,483.684725449688,10.491931027579211,0.0,61262,False,http://gauss:8090/api/v1/scanner/tracking/scan-fw-7156da925530db62/tle-review-03.png?sha256=sha256:303f0dbfae60d041eecd346ecf38cb04a1e315b7c332fd24c7b989a9259df015
scan-fw-7156da925530db62,20.0,sha256:1f05217893891e69b29aeffd6b5e3769272e82c4864de598a2e6eefabe402d03,3,lower,177.199247294,36.355400764999985,59,63641,50844,43.21175286029857,40.975199368009925,546.1689841420354,13.329257515911912,0.0,63641,True,http://gauss:8090/api/v1/scanner/tracking/scan-fw-7156da925530db62/tle-review-04.png?sha256=sha256:9378c8ea178c21492c10f15e08333b3913ec05273f16001006afb1862c1c78a4
scan-fw-7156da925530db62,20.0,sha256:f06b95c2d9307d84fff27c7bb3b65981cd41a9f7bd9bc7ab7f4d1662763ab870,4,lower,277.709939148,20.07431638899999,21,63657,68105,39.34278645486655,31.024320788387815,1963.016494569888,63.27347205952793,0.0,63657,True,http://gauss:8090/api/v1/scanner/tracking/scan-fw-7156da925530db62/tle-review-05.png?sha256=sha256:885308f42dc502d0ea8261c50aa34af23e289f00bd1c00da3caee7408ca7e225
scan-fw-fb95f5b1692d9f66,10.0,sha256:0422e0ca4d04094c3950de9c32a990ace42ae3b0a6e46a6ea039c5e17796b21a,2,upper,242.508911584,17.253400073999984,17,67082,53144,36.67056764820298,17.397048002844496,55.28341043863092,3.177746617103766,0.0,,,http://gauss:8090/api/v1/scanner/tracking/scan-fw-fb95f5b1692d9f66/tle-review-01.png?sha256=sha256:dec4ba6fe88ac109d9e0ee7fa1f87e748679b90d3bbd78a4ddffeaf40e028b36
scan-fw-fb95f5b1692d9f66,10.0,sha256:817ebb3ffe5df3eefe42c7d5cb076af9580a11cd2709ed477f6f8dc2a29e2698,3,upper,246.295548569,25.252097553,29,67082,53144,66.45395475322341,22.4794799558712,377.04823948705086,16.77299653849747,0.0,67082,False,http://gauss:8090/api/v1/scanner/tracking/scan-fw-fb95f5b1692d9f66/tle-review-02.png?sha256=sha256:e0bfef22ae365e9eccd790f8e249ff50f75b620eca4c98eb26e37ff05ab1be4f
scan-fw-e6d9b0b4adde2354,15.0,sha256:c361b41e1cc8f32eb92b8d61b96d77676b72891b01a28d43d12c963868a3b9d0,4,lower,21.509598696,15.711191306999996,29,67098,55583,18.438236652077755,24.626968328604338,246.93611478570836,10.027061045061357,0.0,100623,False,http://gauss:8090/api/v1/scanner/tracking/scan-fw-e6d9b0b4adde2354/tle-review-01.png?sha256=sha256:005bca01c2961d5c7190cc2efd0f578505699d38bc35c3f08460a8f2df4fc32e
scan-fw-41e4ad56e061dabf,10.0,sha256:762e3de76cdbac180812c67dde9cb095fd387341edcbdc78e8cc724756c9c708,2,lower,115.668825432,9.681361565999993,14,67868,57497,11.977569127326353,25.690258941286935,398.4605516212937,15.51018043578089,-2.0,57497,False,http://gauss:8090/api/v1/scanner/tracking/scan-fw-41e4ad56e061dabf/tle-review-01.png?sha256=sha256:8055e7ed66cc82a0a04ea73ad9fcec0406c106793288dccfb3db8037b3c30b1c
scan-fw-41e4ad56e061dabf,10.0,sha256:da66b35bce2d5bace6c96f6f9c8846598d75bc9e7fbf9ec1a2af939343196c47,4,lower,156.638135159,24.27207461200001,26,59076,64068,27.135754146375696,17.784346620982937,1170.5179908163086,65.81731765367573,0.0,59076,False,http://gauss:8090/api/v1/scanner/tracking/scan-fw-41e4ad56e061dabf/tle-review-02.png?sha256=sha256:6cd182e7c71683b60c77af26b67798ba27d62f19260264141ffc92399a432ff2
scan-fw-9759c9a7b98ccfd9,15.0,sha256:021744ea7b5c1ca7ed9f3cf39a31eb35ec22aa87aef3c7013aee76160787680a,4,upper,22.347386135,37.607384085,55,67176,47753,89.60649112242871,107.9011727746956,1641.7189492435339,15.215024146878791,0.0,67176,False,http://gauss:8090/api/v1/scanner/tracking/scan-fw-9759c9a7b98ccfd9/tle-review-01.png?sha256=sha256:ce31e4d9a0110498a23f955963015fde9b18d245632c7a2310f0c9b53227f9a2
scan-fw-9759c9a7b98ccfd9,15.0,sha256:fd21af2a7df898ba8ed1de262d64253b686cb787dbb619ac15cf660c463fd6ce,1,upper,25.576079284,27.644394278000004,33,67176,47753,68.22626843272981,106.83520306187911,624.0515617829208,5.841254042653611,0.0,,,http://gauss:8090/api/v1/scanner/tracking/scan-fw-9759c9a7b98ccfd9/tle-review-02.png?sha256=sha256:e496ffb5e680a9ba889dafe682a0fa73557fd502cac98e36faaebe05a8ec8bd5
scan-fw-9759c9a7b98ccfd9,15.0,sha256:3df16b4fe2fe8fe6052928daf9d7dd780a262555be6bf3e507bc84783ae020dc,1,upper,57.989433521,12.069036500000003,14,67176,66969,23.320595168254954,24.608984067886805,204.9010207191115,8.32626898184288,0.0,66969,True,http://gauss:8090/api/v1/scanner/tracking/scan-fw-9759c9a7b98ccfd9/tle-review-03.png?sha256=sha256:27cd426959eb2fbe67e8151b4fa495ee126c45a16244f1ae90b8365ea59dd2a4
scan-fw-9759c9a7b98ccfd9,15.0,sha256:a65fd1ae45af407c768ad7624efe2a058896c7251c73518686beb6750a1c8ddb,1,upper,74.12690638,9.118672509000007,15,58826,57508,25.618185506805446,162.88716028299135,1117.2414196161774,6.858990098882825,0.0,58826,True,http://gauss:8090/api/v1/scanner/tracking/scan-fw-9759c9a7b98ccfd9/tle-review-04.png?sha256=sha256:dc09ec594566b90d897fb5bdc7377d675c9a2d3317748955e41b54304a816cee
scan-fw-9759c9a7b98ccfd9,15.0,sha256:ad563f8c6b0ed4439b5e4956bcfd9d2b1f0e5b44b62d544f52b62607ecc27e73,4,upper,247.548355411,48.27197953000001,84,59081,67865,112.43199950068686,113.83376509996728,1389.997970444246,12.210770409145024,1.0,59081,False,http://gauss:8090/api/v1/scanner/tracking/scan-fw-9759c9a7b98ccfd9/tle-review-05.png?sha256=sha256:b371de59e33b5bdc5fcb6a80a6962e88917d418974816a2d2f5c661ba77ddfa4
scan-fw-9759c9a7b98ccfd9,15.0,sha256:e2877af3f836b917e44094b1b0e76ac5b115cf1d37ead49cfa1f485e3b0642ab,3,upper,265.652473999,15.996015715999988,23,59081,67865,73.55547154160227,74.7002284726021,327.62639020218717,4.385882036791241,0.0,,,http://gauss:8090/api/v1/scanner/tracking/scan-fw-9759c9a7b98ccfd9/tle-review-06.png?sha256=sha256:58998adec10718beb740dea05b3464c2328525bf1b24672239b03fbd0136206a
scan-fw-f4834e04408f338f,20.0,sha256:cf8f52fb686452bf6e4793150a1d7a15198242a93f5072b028d5f14a7b3097a2,3,lower,52.803997229,27.50954297900001,42,67502,52371,47.77272029559986,37.48277431059258,233.445859178256,6.22808379240713,0.0,67502,False,http://gauss:8090/api/v1/scanner/tracking/scan-fw-f4834e04408f338f/tle-review-01.png?sha256=sha256:d7e7a84fe35ba5d887dacfb86260b095f03e1052794b38f5b85aaf97cc8bbd68
scan-fw-f4834e04408f338f,20.0,sha256:ff3f3e35d93cb6396a7b8cc59820289b5da0c84349f63e7b07f8bcedd716a738,4,lower,72.875768447,29.757487248000004,60,67201,59516,82.5747188029296,71.49221315733486,802.1573522000679,11.220205904589054,0.0,67201,False,http://gauss:8090/api/v1/scanner/tracking/scan-fw-f4834e04408f338f/tle-review-02.png?sha256=sha256:5b81cfd42f3af62472e8ea2d562e0c8b9e9960d05315ec59e213c7d5e4c25a39
scan-fw-f4834e04408f338f,20.0,sha256:d5b4c6f3fef4cc175a0563ea6d7f78d949a6effeab02cc0ef76cd0c69777ee70,2,lower,81.575885682,29.624027137,51,67201,67206,27.96827240360492,84.37330359189387,234.76554042819694,2.7824623480874577,0.0,67201,False,http://gauss:8090/api/v1/scanner/tracking/scan-fw-f4834e04408f338f/tle-review-03.png?sha256=sha256:c11834ff844fa53f78771dcfffc54c7db380d5fc8f45ab1557c48246c2602ad6
scan-fw-f4834e04408f338f,20.0,sha256:a663360aca091a95cfedb747213324458a92984469dfb302e4da8c153c9033c4,4,lower,103.05458856,22.459957619999997,27,67206,60432,94.11578943491021,83.63294621678762,266.89497562543784,3.191265974698666,0.0,,,http://gauss:8090/api/v1/scanner/tracking/scan-fw-f4834e04408f338f/tle-review-04.png?sha256=sha256:7e27e44b1d77672c18bee8286ed510695d6f454a091a5cd41bcc165c382ba36e
scan-fw-f4834e04408f338f,20.0,sha256:b8c79fc83eea0bd883fb3eb6896dceec048686bcfb601e8ed76472412a53b2a2,2,lower,265.778739114,16.14422573799999,17,66973,48670,54.944415441658236,54.12273353912595,160.25378320754604,2.9609329154023,0.0,,,http://gauss:8090/api/v1/scanner/tracking/scan-fw-f4834e04408f338f/tle-review-05.png?sha256=sha256:3bead505f215ee95934f7c29d219acba867ca9fc91a59fa7b2f6a10fb06e9569
scan-fw-f4834e04408f338f,20.0,sha256:be6102ee7170b0821626f8c69e01d81577df9feeedee95d7a3e65d34311ce5e4,3,lower,266.200056865,23.723095978999993,17,66973,48670,30.02994701282229,82.64962671036017,325.0817397971021,3.9332511559468784,0.0,66973,True,http://gauss:8090/api/v1/scanner/tracking/scan-fw-f4834e04408f338f/tle-review-06.png?sha256=sha256:c49e192971db405cca04781a50394aeac727c6926caa1f0c91d29396295078a1
scan-fw-2b7f28cc54d1cb69,15.0,sha256:bb5382722204f4a59ccfc4235671b015a98c78659c7815f6f57cf625837f8f95,4,lower,70.900730407,14.874747116999998,26,64367,66385,20.303826145401306,22.215284553938815,60.63151884257778,2.729270412691054,-1.0,64367,False,http://gauss:8090/api/v1/scanner/tracking/scan-fw-2b7f28cc54d1cb69/tle-review-01.png?sha256=sha256:608df7fa542343b2143428928b6940508a2466a70b9daade6ffb1ef1d214192e
scan-fw-2b7f28cc54d1cb69,15.0,sha256:11eb003250d668bc9fa2ae7eb0db2a955f465264a68217bd00878f9a62251b7b,1,lower,150.176446034,27.775359143999992,42,57908,66022,34.26622268321405,38.759447872283864,1802.7062757635665,46.51011236547173,0.0,57908,False,http://gauss:8090/api/v1/scanner/tracking/scan-fw-2b7f28cc54d1cb69/tle-review-02.png?sha256=sha256:868a94f83cda3c598e1a51ce66bb84b8a50cf4fd448dc932617f2d293af0ba08
scan-fw-2b7f28cc54d1cb69,15.0,sha256:6faae7400cf47b26e9d08fbbc2e847c3d16cb4f5a55957b83b301b2319676dc0,3,lower,151.158208721,26.09246885600001,45,57908,66022,27.792698015350005,27.02300348069757,2475.0592258823935,91.59082659521245,0.0,,,http://gauss:8090/api/v1/scanner/tracking/scan-fw-2b7f28cc54d1cb69/tle-review-03.png?sha256=sha256:0fe0c0c1fe374cd16fd6b263295ddaa77a7a023a1556c48f2d86b75c86029d6e
scan-fw-9446756526bf47f9,20.0,sha256:88b4163c514f9fbafd2eb0747a92c6f42f7dd4e2600ac74963d6602eb0205321,3,upper,32.179413246,13.338665169999999,20,66406,47790,16.429705857596126,11.6275669473802,551.4788092601096,47.42856452736769,-1.0,66406,False,http://gauss:8090/api/v1/scanner/tracking/scan-fw-9446756526bf47f9/tle-review-01.png?sha256=sha256:60202af3ac18e187e4eb19f25b5054ff04fdc2e3b914bdaa6cf4b9882e624c8a
scan-fw-9446756526bf47f9,20.0,sha256:d312319c9f1e2ddf3bd8f03ae26ff49bb0bb0e3d2e62e713171f0533e9e5a69b,1,upper,114.8700613,37.198566712,44,59924,57222,59.56120217992395,75.79947840670013,268.7568267814333,3.5456289730573807,0.0,53000,False,http://gauss:8090/api/v1/scanner/tracking/scan-fw-9446756526bf47f9/tle-review-02.png?sha256=sha256:18def5ac498b5f13cfe011a9b19cfa3f3a6cd0246fcf49a67e18cf9a367e32b6
scan-fw-7041e04665ccf72e,10.0,sha256:4f98bedd6759c2b1942237d614e5c70d67356b76b42b7d395daa861d0bb4207d,3,lower,37.098887809,15.292967931,17,66382,58170,16.186655613804156,30.46929491001654,598.7009843881148,19.649321920846173,1.0,66382,False,http://gauss:8090/api/v1/scanner/tracking/scan-fw-7041e04665ccf72e/tle-review-01.png?sha256=sha256:698bdd5b5656bea5ae4e034c70069e15d1bad4771b2a7413b47c9e381cacd5c5
scan-fw-7041e04665ccf72e,10.0,sha256:7140c3ed436f1f0a29fab102b62b57c58fd780c5a6e725cbe9527488657a3de9,4,lower,122.544142193,30.021485369999994,38,63682,64260,29.538152747227898,31.96498837717359,483.61132071477095,15.129407056506894,-1.0,63682,False,http://gauss:8090/api/v1/scanner/tracking/scan-fw-7041e04665ccf72e/tle-review-02.png?sha256=sha256:f82101695322d73eddc6fb3596636881e9ce7f6dd6727d664b67d775d1d2ee79
scan-fw-7041e04665ccf72e,10.0,sha256:62e1cb43dc518d676169f8d1736b1457d6c85a301d739ca8fd665e31c2277c94,1,lower,223.700229829,20.768119936000005,17,63323,64323,34.4481489934871,41.89483268323468,290.3552838705954,6.930575091824837,-1.0,64323,False,http://gauss:8090/api/v1/scanner/tracking/scan-fw-7041e04665ccf72e/tle-review-03.png?sha256=sha256:c20c722a8af8229351bf3e149bf1a8de52a7eb145dbc4e4f5c71d43c1ef39d4e
scan-fw-7041e04665ccf72e,10.0,sha256:16cdd43267d78de372af972b164ec7a906ed8adcb6c83fae4b9f447d7e05c581,2,lower,240.256502827,9.544017687999997,16,63323,66386,22.76302704745538,28.398159072140995,139.68514193225693,4.918809757259585,-1.0,,,http://gauss:8090/api/v1/scanner/tracking/scan-fw-7041e04665ccf72e/tle-review-04.png?sha256=sha256:33b642f8aee71974f45d1456dcdaea8b0845bb42968e8747112d9aeee97fcaf6
scan-fw-7041e04665ccf72e,10.0,sha256:816b1e2d0b41c158ba011f76850d82346dd61bd766f9d79250eb5341aa29a449,1,lower,248.957856896,12.349317687999985,16,63323,63703,12.79639407902809,35.42374427875105,525.7399480212802,14.841456168049561,-1.0,47760,False,http://gauss:8090/api/v1/scanner/tracking/scan-fw-7041e04665ccf72e/tle-review-05.png?sha256=sha256:c3accb5edd8ddf5db4a49e0dfe95d3c270920b1241986a507c9ec97b816f5aaa
scan-fw-7e6a9f15e94bd52d,15.0,sha256:5cf5c840873a80ff36d3cc1b2a1f59d314a8d6a5494285f85c7627fb0a5f6af6,2,upper,39.044337613,17.118048383999998,23,67331,52311,22.14766024268128,38.49210910175986,77.38685686748373,2.01046029104042,-4.0,60039,False,http://gauss:8090/api/v1/scanner/tracking/scan-fw-7e6a9f15e94bd52d/tle-review-01.png?sha256=sha256:a713e46dfaceab8b61713f26f5089fae470a7c206f12e34af121dc9b1144ee78
scan-fw-7e6a9f15e94bd52d,15.0,sha256:a30693e189327ead18cdf03d4ecd6a2b3ee34914151a410aa96e9993b80d7417,3,upper,108.637771597,31.849385598000012,51,63713,52986,88.42505333629947,76.12072389243106,1535.3749249754924,20.17026174298061,0.0,63713,False,http://gauss:8090/api/v1/scanner/tracking/scan-fw-7e6a9f15e94bd52d/tle-review-02.png?sha256=sha256:2d8cd5b8453f2f1f2988bdbaafbb4e9f171f2dd771ab5b5143b3191bcf7b3bcd
scan-fw-7e6a9f15e94bd52d,15.0,sha256:92f8646f603119a9e4d6f91497fd00620f7a70665a8fbd75cc21d991f7df6f5f,1,upper,121.968516866,8.136023296000005,18,63713,52986,21.687439580062858,20.722584042103776,218.53252653976,10.545621438704243,0.0,,,http://gauss:8090/api/v1/scanner/tracking/scan-fw-7e6a9f15e94bd52d/tle-review-03.png?sha256=sha256:318c7b40aa8a021355775ced4d42592812e66f55d9f59bcd3efb1faccc258a90
scan-fw-7e6a9f15e94bd52d,15.0,sha256:df92407cadd884af202758e6e2211126a600dcd5e5a355367d0c3eaaf152282d,3,upper,185.107249848,34.521466584999985,70,63709,53986,63.874062365955396,62.23361528274171,787.9792796496856,12.661634328484912,0.0,63709,False,http://gauss:8090/api/v1/scanner/tracking/scan-fw-7e6a9f15e94bd52d/tle-review-04.png?sha256=sha256:e277ee063ba4b5fae53614fc734401732e2911abe230593bc550ffda35815f06
scan-fw-b8afcb22dcde7385,20.0,sha256:69f21c97920367a115218715e72d83d91c5301a180fff80e9bf016b405747c25,1,lower,0.424936814,30.883870191,42,67035,67328,37.0640541892406,44.05258678969542,763.4135937758443,17.32959740639836,-1.0,67035,False,http://gauss:8090/api/v1/scanner/tracking/scan-fw-b8afcb22dcde7385/tle-review-01.png?sha256=sha256:e99643562e8b93a8277925cc37f249ba11e436734e6395609a3cd9bc7d18b1cd
scan-fw-b8afcb22dcde7385,20.0,sha256:37f576f044a5ea9df6d1330d9ff622311839f7df0f443605835475be4d901a72,1,lower,54.045536997,23.869367632999996,18,59942,52344,26.58054858363294,24.43761428561812,817.0929413318261,33.43587192194521,0.0,,,http://gauss:8090/api/v1/scanner/tracking/scan-fw-b8afcb22dcde7385/tle-review-02.png?sha256=sha256:e85bd9245eea049834a32577078dbbaf67f43012de659fba0eb83b9d99a1caaa
scan-fw-b8afcb22dcde7385,20.0,sha256:b9dcea20cca5a2dde6c2b5f19450cbd98d57268cef697ebe8d3c308b47898df8,2,lower,63.873453643,29.341473971000006,31,59612,46059,58.41796605691094,68.3880731074937,284.5187792027118,4.160356715351516,0.0,59612,False,http://gauss:8090/api/v1/scanner/tracking/scan-fw-b8afcb22dcde7385/tle-review-03.png?sha256=sha256:25138e55ba4d04e48ea4aca3601f183db01bbc3b8e079f65b6de6b75e5d1d769
scan-fw-b8afcb22dcde7385,20.0,sha256:fa51da209394285e68434db6daff8bbd9045349415eb62542dd5ab1bf1fd68f9,1,lower,137.448412155,11.239979234000003,19,64270,48676,22.52020403749755,38.067703782238965,268.2233850121624,7.045956502827099,0.0,64270,True,http://gauss:8090/api/v1/scanner/tracking/scan-fw-b8afcb22dcde7385/tle-review-04.png?sha256=sha256:3f3dd5a82300fc19dc843d277a712323f6f073d2a6f0a51735d0c5b89fec5d20
scan-fw-b8afcb22dcde7385,20.0,sha256:12311b3e216ecd9205abfe52d4c8d8801cad097e145ab8d783279d51e9282b20,1,lower,228.857373145,12.916025251999997,21,59925,58447,114.132010839448,76.07138889500307,87.85400312457838,1.1548889063382053,0.0,,,http://gauss:8090/api/v1/scanner/tracking/scan-fw-b8afcb22dcde7385/tle-review-05.png?sha256=sha256:56fd9ddb2ae58fe598e8fc199172f35620227352429ee84897b30e24b0f4d28c
scan-fw-b8afcb22dcde7385,20.0,sha256:4446f0aaa3d5ada313e768faf0a6a53d9cb89520d2b31692edcdf36682372263,1,lower,241.7733984,31.584475937000008,50,59925,52355,73.50275006007766,91.70856515899958,346.87748776251703,3.7823892148036418,0.0,,,http://gauss:8090/api/v1/scanner/tracking/scan-fw-b8afcb22dcde7385/tle-review-06.png?sha256=sha256:da60bdd36ca2442121d65e8978ecb7db2ffd655664aa6fb5f15c322b9c40debd
scan-fw-b8afcb22dcde7385,20.0,sha256:bd0455e639d188ecce8bcad4ebade7838f711981b03498a742c76f1beba14bf9,2,lower,243.598194695,43.93964121100001,78,59925,52355,72.29431386298579,93.45503905130195,1019.2657573878148,10.906482600989454,0.0,59925,False,http://gauss:8090/api/v1/scanner/tracking/scan-fw-b8afcb22dcde7385/tle-review-07.png?sha256=sha256:e8e511a22e0aa2fcbe6f81eeb04b3593500c54edbf5d40627f2ac0a07dde4b2e
scan-fw-b8afcb22dcde7385,20.0,sha256:88640efa2d748dd2885a4b7e2fc971556728f0a2deaa9aad38aa5f3afe864c96,3,lower,251.460473042,20.493402447999983,34,59925,52355,43.781819786499135,44.649643847071836,319.57309717089834,7.157349300824405,0.0,,,http://gauss:8090/api/v1/scanner/tracking/scan-fw-b8afcb22dcde7385/tle-review-08.png?sha256=sha256:81d617b3b3a08b90f0d4a3329e62d97aea0ea3438f8b7515bc895fed4594b73d
scan-fw-93ee223ece1a0ba3,15.0,sha256:662b9d12c92fab1e5b7bd2024aff781627892f3eb035ebd871fb1daefe8884e1,3,lower,20.105597328,18.379678360999996,18,66217,64478,58.63901078084253,40.408714523281304,328.8015650105859,8.136897421499224,0.0,66217,False,http://gauss:8090/api/v1/scanner/tracking/scan-fw-93ee223ece1a0ba3/tle-review-01.png?sha256=sha256:6c717f49ee10d16b5116dc603902c8a476c3df93f367eb5b5b8808e12594f8ec
scan-fw-93ee223ece1a0ba3,15.0,sha256:92d8b675da726d83da9c228d9f38a9e1fa4131703dbb07a35e8883921caeeab2,1,lower,102.045603731,12.626746589000007,22,59655,63022,35.23632920331842,88.38402217331306,426.9783291912851,4.830944764586741,0.0,,,http://gauss:8090/api/v1/scanner/tracking/scan-fw-93ee223ece1a0ba3/tle-review-02.png?sha256=sha256:a69c7a6e8ba3a1c65e62205e4965787f5425f13ca766ee2028187382d9258a4b
scan-fw-93ee223ece1a0ba3,15.0,sha256:a60d05f9f1d9aa1c97a5f4b4ea41aa59f702a005a54713570c1d0c9ec1d606df,3,lower,154.241719383,35.084069710999984,68,66210,67805,52.379896614386695,47.89549751089268,1500.142082320839,31.321150427128725,0.0,66210,False,http://gauss:8090/api/v1/scanner/tracking/scan-fw-93ee223ece1a0ba3/tle-review-03.png?sha256=sha256:d6fd29d434654038098f3840d6a2344d1a7edf31ebc0aa3b31210039bd6521f3
scan-fw-93ee223ece1a0ba3,15.0,sha256:9932396e712ec0b498761af0a626c0efa65fee0405289e841c4ce95a12ec2907,1,lower,188.34309736,16.836104019999993,19,66216,64472,25.534977971997655,27.412745424044925,606.0361528886434,22.10782406190744,0.0,,,http://gauss:8090/api/v1/scanner/tracking/scan-fw-93ee223ece1a0ba3/tle-review-04.png?sha256=sha256:a7bf17ce8bb734198c0c4c93de7d3bc19769ac64276a4d6c2d634b589a0142e3
scan-fw-93ee223ece1a0ba3,15.0,sha256:1a93b168b8a8791ba6c29d35abc9d08a534f25e6297553ff06277a7d6f2279e2,2,lower,201.953615863,26.658887194999977,50,66216,45780,21.334258912176523,29.280311357989977,1384.6484199264248,47.289402185560554,0.0,66216,False,http://gauss:8090/api/v1/scanner/tracking/scan-fw-93ee223ece1a0ba3/tle-review-05.png?sha256=sha256:cf82153c1a3a191df901ffb2029ed9cabea4bf9ddefa3693b426e50486d1cadd
scan-fw-93ee223ece1a0ba3,15.0,sha256:91db59a8ac89c7f9a8f14d80bedfc9e9fe09bb2ce3b599a2e73ddaf620950141,2,lower,204.898926093,18.52149773900001,24,66355,67044,52.326608116975464,59.375197180630494,97.7354238900824,1.6460648306186318,1.0,,,http://gauss:8090/api/v1/scanner/tracking/scan-fw-93ee223ece1a0ba3/tle-review-06.png?sha256=sha256:a50b1f80201ff017021bed25bbaa8dec1a9148ec59d099f7440308d5ad59ac65
scan-fw-93ee223ece1a0ba3,15.0,sha256:7ad08f23bdb150377860340124ad347ed4143edf3c8956c458d75964bc12e9e1,1,lower,235.908496757,7.577337569999997,22,67044,66355,91.32244545457861,41.52585379758463,47.15529111646867,1.135564637546633,1.0,,,http://gauss:8090/api/v1/scanner/tracking/scan-fw-93ee223ece1a0ba3/tle-review-07.png?sha256=sha256:a2b177003625c19178004b6f7a0640ad3171d301f2af632ecc5295420aad793c
scan-fw-93ee223ece1a0ba3,15.0,sha256:facb8f9dd131af7da437095770b11ea184af31d6c87f0a3b00d31eaa0181f23b,2,lower,262.848552804,23.85334070099998,23,59676,56339,18.328136356026747,28.415880203166367,397.74831533613275,13.997395558129213,-1.0,56339,False,http://gauss:8090/api/v1/scanner/tracking/scan-fw-93ee223ece1a0ba3/tle-review-08.png?sha256=sha256:6003866703c971f0324b73987bc7279add6879b0f61393b14a9dfb147ce0de03
scan-fw-f529b0106f4fd51a,20.0,sha256:0c99223a1d13350cd303983c0d1817958d756db68bb6cb8db80d2b7e74a5d213,1,upper,4.216652649,22.899496581,42,59669,60416,43.435670298205885,149.8392122362495,395.7035200541599,2.6408542473532193,0.0,60416,False,http://gauss:8090/api/v1/scanner/tracking/scan-fw-f529b0106f4fd51a/tle-review-01.png?sha256=sha256:a89346c23cd4ac1a5b514da37bf15bb39f1f38dc85bb61bd154ef026f6915679
scan-fw-f529b0106f4fd51a,20.0,sha256:d1541b5572cf6879e8de0c8a035d457c9b817edc3676bab2354949b325a1187d,3,upper,171.466149461,26.450753270000007,50,57462,66364,59.15724134820242,35.93183332166552,606.332805518598,16.87453017191312,0.0,57462,False,http://gauss:8090/api/v1/scanner/tracking/scan-fw-f529b0106f4fd51a/tle-review-02.png?sha256=sha256:9989c6e7f0f55e3aaefd1bb2226e2a66e65d71f67cf939b3c178c99c95ed3576
scan-fw-f529b0106f4fd51a,20.0,sha256:1f2805a22ce2de41aefa335f61caf5e4f023f862b0c2cefce2655d65947a9dde,1,upper,219.818174058,34.691635167999976,60,63774,67820,108.17682245143102,96.29965275434601,1382.656331180998,14.357853757874517,-1.0,63774,False,http://gauss:8090/api/v1/scanner/tracking/scan-fw-f529b0106f4fd51a/tle-review-03.png?sha256=sha256:c287f413d04af070000cdb53a20b9ada7eda4b2e09a0a1251409e3c4753f4998
scan-fw-f529b0106f4fd51a,20.0,sha256:36a02869903931464d263bac301cadabb4fa8481d8791226de19e13bbb17d438,4,upper,222.490173374,20.636951232,16,63774,56347,63.468138042314614,109.94850743551096,515.4613758506789,4.688207124166891,-1.0,,,http://gauss:8090/api/v1/scanner/tracking/scan-fw-f529b0106f4fd51a/tle-review-04.png?sha256=sha256:acd4dc08b90928e50dd238b9ad1980790fa73283eb0170c4d143e9088b3dd206
scan-fw-8b3ad96be4c27d8a,10.0,sha256:8587eb213063dd249ae1c340ae8c3e78bcbaeff23c7d5b86b1d765913db75d83,2,lower,15.922885214,15.712129723,15,57972,67991,37.33178865721021,29.428483962293285,106.83442543676992,3.6303067998221334,0.0,,,http://gauss:8090/api/v1/scanner/tracking/scan-fw-8b3ad96be4c27d8a/tle-review-01.png?sha256=sha256:174244a880d5216caddcb5dd636c296472d6b4dd5b0c987345152ae3b74d7365
scan-fw-8b3ad96be4c27d8a,10.0,sha256:2547916219e7fd38d8b4c048c3edd77e13bd8c2c938b533f683be54219e27478,4,lower,23.921602111,36.050796127,63,57972,67991,49.84629957867461,46.62468024346322,925.6647806677524,19.85353627808591,0.0,57972,False,http://gauss:8090/api/v1/scanner/tracking/scan-fw-8b3ad96be4c27d8a/tle-review-02.png?sha256=sha256:88fcfe981ad10429583ffa90039dd3d08fe0ef7a8bda4bffe4cade6223195805
scan-fw-8b3ad96be4c27d8a,10.0,sha256:e1a76eb42c9b81c98ce130d09923d341a54e49aee9bdf95eb5da67eed1ee3fbc,2,lower,35.703036132,26.653341091999998,29,57972,68522,47.88009043203126,47.18308578359686,546.7676307469364,11.588212633117344,0.0,,,http://gauss:8090/api/v1/scanner/tracking/scan-fw-8b3ad96be4c27d8a/tle-review-03.png?sha256=sha256:c988c4dba9be799e0addc84a12353b16e3c6a391484ddf4b9478331040f1359b
scan-fw-8b3ad96be4c27d8a,10.0,sha256:2725f0676956e9ba391160e86884f25ac4c4e8eef8d7de03b7ed5df261baa3ae,1,lower,138.255201056,23.569292130999997,37,62959,63266,18.615383583689898,31.844691859138045,753.9521386297088,23.67591251831684,-1.0,,,http://gauss:8090/api/v1/scanner/tracking/scan-fw-8b3ad96be4c27d8a/tle-review-04.png?sha256=sha256:09322f2bef5e391cce7a0d92ada06257650ff98e63a657e16897c8d2f57652d7
scan-fw-8b3ad96be4c27d8a,10.0,sha256:36e4a76c7795c9f3f8051575683e405b7d97a2a6b8c70c6d87a5020564243add,3,lower,145.41020981,24.411974418,35,62959,63266,21.148310456556526,58.81698182174123,1679.0462648993127,28.546964038176245,-1.0,62959,False,http://gauss:8090/api/v1/scanner/tracking/scan-fw-8b3ad96be4c27d8a/tle-review-05.png?sha256=sha256:ed323cc59b41dfcd2645a29e6f63e47fb3e23b89e014a55eb91e8241a4f44e69
scan-fw-8b3ad96be4c27d8a,10.0,sha256:620a9e10dbd683134c97d4ef8bca0a5c87609450cd3eb484391072abb00c7cc7,4,lower,147.513912348,21.045341500000006,38,62959,63266,46.40396404826245,20.895421080786836,1271.5294248340383,60.85206035896539,-1.0,,,http://gauss:8090/api/v1/scanner/tracking/scan-fw-8b3ad96be4c27d8a/tle-review-06.png?sha256=sha256:237102de7068c782e9541122c1f58baab396195dbd87d2a1d2f473f04470ac49
scan-fw-8b3ad96be4c27d8a,10.0,sha256:0d11802c12056704b9d9d61afe4162e4adcb8f2f29d5b7121255d5e78d3d92ba,3,lower,205.180516086,38.162736142,64,62950,64667,78.20871515357685,81.78292641777504,379.3288500122991,4.638240114746666,0.0,62950,False,http://gauss:8090/api/v1/scanner/tracking/scan-fw-8b3ad96be4c27d8a/tle-review-07.png?sha256=sha256:669b8e2a7f10644f99f0dd5fa2e3a64c04d77adccb84652fab950e5d059cfd6c
scan-fw-8b3ad96be4c27d8a,10.0,sha256:b629d235a338d7e73c5ace6f6b7e3179884d5e17f15c3360b52ed5a6c4b7b972,3,lower,236.467235963,33.675268785000014,39,66351,56038,42.85623046957076,32.48769005040482,688.4343298386731,21.19062108665047,0.0,,,http://gauss:8090/api/v1/scanner/tracking/scan-fw-8b3ad96be4c27d8a/tle-review-08.png?sha256=sha256:eac33acd6b0d06345550ed0a2368f06877163372f2e098cd220afbd220f8b18c
scan-fw-8b3ad96be4c27d8a,10.0,sha256:4f1131c6ef770adc8c6a85b3c1f234dabd410b0145447b9b30dcce13346e163d,1,lower,247.413317553,25.956697157000008,41,67990,57964,59.093125264931786,52.40993454823121,109.37716881350775,2.086954882816184,-5.0,57964,False,http://gauss:8090/api/v1/scanner/tracking/scan-fw-8b3ad96be4c27d8a/tle-review-09.png?sha256=sha256:44b210f596b3e03f374985fab7b98036e82210cc85b9339be53ab323d5aa6039
scan-fw-8b3ad96be4c27d8a,10.0,sha256:c843d42f10bad4fb0b8115230338eaf3b6d30d859b0328441ea07cd698424f1d,2,lower,262.984612227,16.279612227999962,39,57964,67990,35.73695939402243,65.70387687595007,48.650526812566426,0.7404513877380382,1.0,,,http://gauss:8090/api/v1/scanner/tracking/scan-fw-8b3ad96be4c27d8a/tle-review-10.png?sha256=sha256:80c610d6c751abc7ba6db23379874c004942a71a0f830dffc04b5252bd88bad9
scan-fw-ee8741ede6515520,15.0,sha256:ff5008bbaa271e209d5780dfde31d827d853525eb0935bf1e0b97193ba9cc5d0,3,upper,36.110246413,19.081371179999998,28,67989,52334,25.97443610547743,54.882246385850586,211.16267452655296,3.8475588816458077,-2.0,52334,False,http://gauss:8090/api/v1/scanner/tracking/scan-fw-ee8741ede6515520/tle-review-01.png?sha256=sha256:94f9c74b5e88058484bc1c70db76996c0a550d9b9b22aa0a94550129a41722aa
scan-fw-ee8741ede6515520,15.0,sha256:b70c300e65bc980480264c549d51b92d3c19f9b17f421796695959279703f943,2,upper,121.548959776,12.769394970000008,15,63773,53590,21.60466304515816,20.317167144383912,127.67806934301754,6.284245654705381,-2.0,53590,False,http://gauss:8090/api/v1/scanner/tracking/scan-fw-ee8741ede6515520/tle-review-02.png?sha256=sha256:f31e0b2958127beef357ea0eafd1043e3fa48efba5ce9baeb319a2ff00e6a22f
scan-fw-ee8741ede6515520,15.0,sha256:396c52bb6ab70e92dddd507545b1b9d3b0fe4eed6ccac8d534d6a99a65511881,3,upper,224.539895911,24.278698432,49,61509,48568,40.35684387141347,42.9629388354949,292.05066617662584,6.7977348406003575,-1.0,48568,False,http://gauss:8090/api/v1/scanner/tracking/scan-fw-ee8741ede6515520/tle-review-03.png?sha256=sha256:0134b3a486365801419583c00dfb88ab11bc53dac60d1d5d9c15b55fc386db16
scan-fw-ea1a100f40bc2e16,10.0,sha256:b9b009b5e6bf57fe561ba9216830a872bd26154fbc973579106896dacad4af83,3,upper,55.483973894,14.032070707999992,22,49413,59555,31.01059545951625,96.25004165759876,92.9256408911964,0.9654607862069439,-1.0,59555,True,http://gauss:8090/api/v1/scanner/tracking/scan-fw-ea1a100f40bc2e16/tle-review-01.png?sha256=sha256:acff8706cdd9576137f14a3eb3109687d7f1f9e17db77b393c8c32632931f795
scan-fw-ea1a100f40bc2e16,10.0,sha256:f4dbb7c94ce224cb89460f01d5a2c62c3a4fd1c2d40e96c5bee13e0cfc07220c,4,upper,125.357462204,31.429440760000006,43,64759,69744,52.10970239364193,71.67867887135223,926.6874355297983,12.928355406675427,-1.0,64759,False,http://gauss:8090/api/v1/scanner/tracking/scan-fw-ea1a100f40bc2e16/tle-review-02.png?sha256=sha256:5f985bddb96804aafd5de87fb22c982b0ff91f419cc89f9e8dcb4f35e99135fc
scan-fw-ea1a100f40bc2e16,10.0,sha256:75f09bd0b68be6185551a61a45f4d09b1046690560dbbaa97c02587c36542093,2,upper,134.89946437,41.384634403999996,78,63791,68913,118.2905891361216,180.45797507787134,120.50207851161493,0.6677570135629406,-5.0,68913,False,http://gauss:8090/api/v1/scanner/tracking/scan-fw-ea1a100f40bc2e16/tle-review-03.png?sha256=sha256:30fc79a21155d2aa83f7da467ad73bd4dfad048de23ee0f57dcabdf42cf040fb
scan-fw-ea1a100f40bc2e16,10.0,sha256:65f1801cb5723c4f51e459d84f3bbe3c20c94fe3a73b7a130b8441bc63b51361,3,upper,203.498839111,36.902719899999994,42,66562,52275,40.92483778539273,77.65524966577644,1737.3981358601409,22.37322194362646,-2.0,66562,False,http://gauss:8090/api/v1/scanner/tracking/scan-fw-ea1a100f40bc2e16/tle-review-04.png?sha256=sha256:a050d67db11ab48da3af3509f9daeac7b1d1a58857b4ed5b5929ab4f7f025eb6
scan-fw-9b7493c84ab97255,20.0,sha256:ad2de049ea1c68ec402b918333b6a27b835940d40cbe7e898d657bf8a2045655,2,lower,51.097108082,37.753484347000004,57,68004,66579,66.28441455472912,38.54786685985302,3020.0641785323896,78.34581844729098,-1.0,68004,False,http://gauss:8090/api/v1/scanner/tracking/scan-fw-9b7493c84ab97255/tle-review-01.png?sha256=sha256:2a87811d5284013ce7e7f69fc949bdcf62c656553bb132fce609e6e9c7e3a2c0
scan-fw-9b7493c84ab97255,20.0,sha256:b8b31b0b0c5043c298e00500ad1673ffbb3dd7020c474d480d90946e14be40b1,3,lower,54.043817388,32.702447602,58,68004,63434,80.86953300323908,65.12826122727171,2315.8539294707625,35.558356477372456,-1.0,,,http://gauss:8090/api/v1/scanner/tracking/scan-fw-9b7493c84ab97255/tle-review-02.png?sha256=sha256:57d20d1bf3318133a2e8ff47f59ce4536c5feedb74622b97b391aa5a78c451a7
scan-fw-9b7493c84ab97255,20.0,sha256:7c42142c758ec17ec0e8cdc5caba8b3ed3acc464430c3995e203beb344877779,1,lower,55.306472826,14.454743282000003,16,68004,66579,92.83380573009195,33.53647802637006,731.4199922267541,21.80968411923373,-1.0,,,http://gauss:8090/api/v1/scanner/tracking/scan-fw-9b7493c84ab97255/tle-review-03.png?sha256=sha256:fbd0c39d3b6e21561172480482752643386f420657bd305913cac34e4865be15
scan-fw-9b7493c84ab97255,20.0,sha256:7825a968d5b5ee6d57e0a94a5ee2460601b18b2787691b2d4b36dde3286e34ab,1,lower,73.831898724,11.930686109999996,19,68004,68911,11.223532522525394,11.417696943992889,661.4635959909695,57.93318908669936,0.0,,,http://gauss:8090/api/v1/scanner/tracking/scan-fw-9b7493c84ab97255/tle-review-04.png?sha256=sha256:cb2b685e8526a41caff3ca92375651ef547d29c50d2b4dcd994f4ffbff9a75be
scan-fw-9b7493c84ab97255,20.0,sha256:155fdaa80e341901393b0a9733166b5f2fe845f9981362edbd57f13a2d6f2e1f,1,lower,90.113899875,37.76471328699999,54,63780,55501,45.13434152127721,66.51939535718142,803.5459449823073,12.079874458683825,-2.0,63780,False,http://gauss:8090/api/v1/scanner/tracking/scan-fw-9b7493c84ab97255/tle-review-05.png?sha256=sha256:5f17d58dad0f154efc06fa6d3c4b338c0f0ba9829496877707bb75ab03431053
scan-fw-9b7493c84ab97255,20.0,sha256:4f00775d5aeecf865b8a254675081c7a06cf1014f03c189a5d077a9d0ef727e6,4,lower,184.477344978,11.651836977000016,17,60418,47798,49.98201613558104,42.89024283386109,248.786294857623,5.800533604375181,0.0,,,http://gauss:8090/api/v1/scanner/tracking/scan-fw-9b7493c84ab97255/tle-review-06.png?sha256=sha256:f73fb21576875b7e9dcf336cafd045f19eaf980fda8d87f5b5cf629be0c73175
scan-fw-9b7493c84ab97255,20.0,sha256:9160c6e5800b201b5f08a11f1e3225d7db0f9cbdfa71198526e0a4e36e92b5c4,3,lower,230.94282651,21.616037552999984,24,69127,66863,21.789565341375948,30.730339931427025,4021.0060340089035,130.84808182992919,-2.0,69127,False,http://gauss:8090/api/v1/scanner/tracking/scan-fw-9b7493c84ab97255/tle-review-07.png?sha256=sha256:1a0e132beda24c4c41350f8794692fe2700ef15f5171a0e09c253174343305ca
scan-fw-9b7493c84ab97255,20.0,sha256:39bcfaeeaead699cd325b691b3afdd1420ee0697035c3a5150ea36d3a8c0751b,2,lower,241.892189688,10.386173815999996,19,69127,66863,24.15149825536927,25.31583701922619,1894.8778047436954,74.84950244009805,-2.0,,,http://gauss:8090/api/v1/scanner/tracking/scan-fw-9b7493c84ab97255/tle-review-08.png?sha256=sha256:e8ff798fb264eb17c65e9ed8abeda082d389e815f747c60daec5ee0a31955a15
scan-fw-9b7493c84ab97255,20.0,sha256:18b1fb913d2ee87f3d852b818ea4d22b61b094dafb2b8660919798e532f53aad,1,lower,278.253356535,21.074839576999977,26,67986,66082,87.06723367155378,55.50962314974398,469.59075043445773,8.459627786837597,-1.0,67986,True,http://gauss:8090/api/v1/scanner/tracking/scan-fw-9b7493c84ab97255/tle-review-09.png?sha256=sha256:60fe528a609c4b7fc2454c49e98d9d3a33cad14417bb74f8181ef1f7f4348105
scan-fw-9b7493c84ab97255,20.0,sha256:0910e9c69aaa9b988fd2827049c37d8f724983781e2c0a247e23df18ab7ed085,3,lower,287.093368686,12.796139042999982,21,67986,100438,40.40772134317985,41.320464220445515,272.79338296066896,6.601895407208175,-1.0,,,http://gauss:8090/api/v1/scanner/tracking/scan-fw-9b7493c84ab97255/tle-review-10.png?sha256=sha256:9da043a1a57c35b61270d9d3ffb9ab9fd0973864dfbe85078f2cd809782a7611
scan-fw-5b49721cacc7d8a6,15.0,sha256:2d95eb2d5cb3aaddb13ab81ba0b0a2709b888243d608876141ef4b164c35d4f6,2,lower,0.731660252,29.1908167,49,63779,66628,50.95112708082302,69.00144403691607,667.5295910685974,9.674139438465463,-1.0,63779,False,http://gauss:8090/api/v1/scanner/tracking/scan-fw-5b49721cacc7d8a6/tle-review-01.png?sha256=sha256:faedf1023569d0a874c111305b201697a2f3022c8b447f742b086dab8fbbc75f
scan-fw-5b49721cacc7d8a6,15.0,sha256:20bddc01c567833b7cc2ca2509c1d53d35f5cf86e4caf77dfe43279afaf1b9c3,1,lower,14.34516707,26.242644092999996,47,69756,66628,91.45802266926563,130.5932959222479,3969.2428153111528,30.393924797443997,0.0,,,http://gauss:8090/api/v1/scanner/tracking/scan-fw-5b49721cacc7d8a6/tle-review-02.png?sha256=sha256:af4f762ca3ecbb7a1b3aca4d2a32799292271858a0528f387310887b3ae46c0c
scan-fw-5b49721cacc7d8a6,15.0,sha256:0040d8d9b955a880c62c32ba4b7e16a977560308af308a550d7d161979380026,4,lower,33.149101289,43.21740187899999,70,66595,59549,25.085051531340195,32.509233450731905,1939.258346606932,59.65253993287473,-1.0,66595,False,http://gauss:8090/api/v1/scanner/tracking/scan-fw-5b49721cacc7d8a6/tle-review-03.png?sha256=sha256:bad619fc111170b4158126fd36c90de83662dc9c0ee715a4f68ac794ce65da55
scan-fw-5b49721cacc7d8a6,15.0,sha256:d8761f3dc50dcad12f53d33279d082e5c1a5a9dd9abbd227238864f5240573db,3,lower,50.689202584,22.870657885,25,66595,59549,20.87525778706616,22.32428418511629,969.1241290322843,43.41120732007184,-1.0,,,http://gauss:8090/api/v1/scanner/tracking/scan-fw-5b49721cacc7d8a6/tle-review-04.png?sha256=sha256:8772b683dd5e61ef1e49425f3bb212923c6ac7c431fa2331230ae7b13db61a9b
scan-fw-5b49721cacc7d8a6,15.0,sha256:9f36aaa0d4e6aaab637595e67f7500b2a7cdaa6871dd6e96594822ad30b02c1c,4,lower,105.410640647,30.584003947,54,66185,68611,45.54226113623256,78.15498785899075,1367.391633379882,17.49589720168552,-1.0,66185,False,http://gauss:8090/api/v1/scanner/tracking/scan-fw-5b49721cacc7d8a6/tle-review-05.png?sha256=sha256:4623baa996749e7a460af56f24737bfb8a84e5e62f6bb113e7360a63003b7b44
scan-fw-5b49721cacc7d8a6,15.0,sha256:b33ba0c3febb0e4f196d10f11656d29aa8c52affa157661fd903f1237b6e1174,2,lower,117.054695099,17.397292197999988,28,66185,68611,845.304657259949,125.07832142212456,690.4844708149524,5.52041683134401,-5.0,,,http://gauss:8090/api/v1/scanner/tracking/scan-fw-5b49721cacc7d8a6/tle-review-06.png?sha256=sha256:8238f9d4d3c24ab9226f9e99e2c1a34676e511c8d442f245b533d732f671e6ce
scan-fw-5b49721cacc7d8a6,15.0,sha256:2bf58ad70e1696ae7cb5b33688791f6b38d233b335f66836a6f9f3a7f73624b0,1,lower,221.593401592,27.646676474000003,32,58361,69746,77.52171496870511,43.31840953510827,1044.2248923148807,24.10579944004102,0.0,58361,False,http://gauss:8090/api/v1/scanner/tracking/scan-fw-5b49721cacc7d8a6/tle-review-07.png?sha256=sha256:00c9aea5b5e0210ba149ea0c9041b2c84d05e3576d75c37ef52248eb0bd6fcf7
scan-fw-5b49721cacc7d8a6,15.0,sha256:afa75ab9939f0e8ab5f2e88fb9c214928de8515ef962688af98be9e6e961b9c8,4,lower,267.338804429,11.504039782000007,14,66615,55609,14.673763052887766,14.173673131704845,203.4830343968578,14.356408004195476,-3.0,,,http://gauss:8090/api/v1/scanner/tracking/scan-fw-5b49721cacc7d8a6/tle-review-08.png?sha256=sha256:63f1719f7c0fbd2fcbb42d3de2855ef35ab89c0074dcf2c097df7589a249fce4
scan-fw-5b49721cacc7d8a6,15.0,sha256:bb01b1506c841c3c741edeb328c526521b80e90b08b92abae60a981c343fa4c0,1,lower,282.911364731,16.698096335000002,18,59153,66576,50.56073632494697,48.72347273687153,43.77733007954599,0.8984854243859646,4.0,,,http://gauss:8090/api/v1/scanner/tracking/scan-fw-5b49721cacc7d8a6/tle-review-09.png?sha256=sha256:c40368fc15fb7fda12d286227efc932b3630993797573120c31041d1673bcac2
scan-fw-88eac04f079e5ad0,20.0,sha256:b34052bb7c324fd2afdaac92be111f12752a71879129da028bce9cf21e809e7c,2,upper,15.7274624,32.307275034,33,66601,100407,41.115016332979906,67.9659275298885,453.94738112059133,6.679043420998922,0.0,66601,True,http://gauss:8090/api/v1/scanner/tracking/scan-fw-88eac04f079e5ad0/tle-review-01.png?sha256=sha256:5bbc9364b2f632cfb3886ad3ab823bbf423d35f4345d0cf875d55e8afe8cf9d2
scan-fw-88eac04f079e5ad0,20.0,sha256:3ee42e60da9bce1ecd0837c620f7830078f530a4455e6f5b45b69534d9a9af8d,3,upper,26.115896607,27.960233488000004,45,66601,100407,23.252144046461048,56.072970877517214,1126.4106548336224,20.088299892190363,0.0,,,http://gauss:8090/api/v1/scanner/tracking/scan-fw-88eac04f079e5ad0/tle-review-02.png?sha256=sha256:f2e2b12544ab6d667b035bb7ad186cf408272a46c61a85916b2746b3738336e5
scan-fw-88eac04f079e5ad0,20.0,sha256:ace62464f085cc85d00c7e5108879f01e6349395cc460ccd4735741bcd00bf61,3,upper,93.378331041,12.913416920000003,15,66202,100424,82.2301822894801,80.67310274406209,137.29780828904185,1.7019031575446328,-1.0,,,http://gauss:8090/api/v1/scanner/tracking/scan-fw-88eac04f079e5ad0/tle-review-03.png?sha256=sha256:39eca455b0321b0b6031ae7c757bf8d5e1acb2e04db47d337b2438f41a9ee7d4
scan-fw-88eac04f079e5ad0,20.0,sha256:9027bd2a769f8ff6831106b40ae061dcd56aa5674d2f4dad42ca963de07b767d,3,upper,134.784827451,20.634913538999996,34,66599,59722,120.22543008726299,81.85258155583085,235.22576255231306,2.8737732895066705,-2.0,66599,False,http://gauss:8090/api/v1/scanner/tracking/scan-fw-88eac04f079e5ad0/tle-review-04.png?sha256=sha256:cf630c55db0d2f84a596e4245b04a89e4641d4e5049e0c136ff416ff4a5b09c5
scan-fw-88eac04f079e5ad0,20.0,sha256:7eb116272ee2774086ed639f4c6e14fa1fc6901b8671623d97f1e32ff3e02b8a,2,upper,157.666164812,16.00603907499999,23,63450,62598,53.28136532764681,101.08400467109058,433.31578824493084,4.286689963015054,-2.0,62598,False,http://gauss:8090/api/v1/scanner/tracking/scan-fw-88eac04f079e5ad0/tle-review-05.png?sha256=sha256:0a2c09691bc8022caa3f0a3392753a99d246c38db159901a013a72ef0b30cf25
scan-fw-88eac04f079e5ad0,20.0,sha256:065e8d21675beeaaffbe12da6aadb81594af4d0b7b914a8082977b81d8e070be,3,upper,192.486391905,27.94538719799999,57,66491,67970,98.85915308725508,101.15480693163069,539.8964100099755,5.337328263350697,-1.0,66491,False,http://gauss:8090/api/v1/scanner/tracking/scan-fw-88eac04f079e5ad0/tle-review-06.png?sha256=sha256:8c722733570e6dd5aa7365e32323e6e19430c6b46ec177f369b4096a72fd500e
scan-fw-6762e26558d3741a,10.0,sha256:86c791b80b3e427f505dd7cbad77d63fe56393589f40120b32b1b442965fd2a5,2,lower,56.873901079,26.23749763,42,66061,58366,64.25699619891425,61.75492385541775,366.04983440955095,5.927459893992525,-1.0,58366,False,http://gauss:8090/api/v1/scanner/tracking/scan-fw-6762e26558d3741a/tle-review-01.png?sha256=sha256:ecd9f32f8a3893702e9f2ccb2148196a3b6f7d2120d87156e72f1b3f20d96239
scan-fw-6762e26558d3741a,10.0,sha256:5c5c453f4735df9b2e5614704218d3db31348d40cdd6d6441e046e5a1c1ebc3f,1,lower,57.293905372,22.590818620000007,32,66061,58366,52.28802778241185,67.70462235496629,199.13911169871145,2.9412927030986404,-1.0,,,http://gauss:8090/api/v1/scanner/tracking/scan-fw-6762e26558d3741a/tle-review-02.png?sha256=sha256:d9d7d693536f6c91cf465c8d5361d1749566c67aaccda591374d179bfb411175
scan-fw-6762e26558d3741a,10.0,sha256:07d218db0db19938b7185ca40b83a9109dc63183bc6c295ac3419bcaf5f23476,1,lower,64.731365296,19.081409072,36,68862,62599,29.688610222234722,24.374113020239875,595.3950701990051,24.427353303260656,-4.0,62599,False,http://gauss:8090/api/v1/scanner/tracking/scan-fw-6762e26558d3741a/tle-review-03.png?sha256=sha256:3a165927b9cab63896ca98e79fb9c49ee362b1f5a1b91af5cd2b91aba9645985
scan-fw-6762e26558d3741a,10.0,sha256:929d563a232a4138667959afd2a1d736f4e84b2f87150ea03b4b3e592b251d6f,4,lower,153.407459536,19.358706280000007,16,59689,100105,361.59529043962306,183.14365335967145,441.38692428545113,2.410058531586797,0.0,,,http://gauss:8090/api/v1/scanner/tracking/scan-fw-6762e26558d3741a/tle-review-04.png?sha256=sha256:6f38978781138a3dc3cbbcf6d3ce7e9258fc51b13e25b1a7b665d9ed9f06fb37
scan-fw-6762e26558d3741a,10.0,sha256:cd936ba943f7ce11ee5bd0cab6a6628004ae56bb1d4b0925679aaa501bee626d,2,lower,153.548475438,21.463015435000017,48,59689,100105,28.50991643671963,45.196570012171,548.5469149216104,12.136914698922773,-1.0,69700,False,http://gauss:8090/api/v1/scanner/tracking/scan-fw-6762e26558d3741a/tle-review-05.png?sha256=sha256:9b87251117655f6aea3f65e7745980661ac96d9b40b01b5281f9bbda73e1c68c
scan-fw-a512b0d2e66ff094,10.0,sha256:77bb3792b70b00f5d5a9aed63f2c3d7594ddaee63643f73dd307f003253e96c0,2,upper,1.167394111,18.10123768,15,62477,68663,75.31569651001121,88.63483237715208,335.91013486201376,3.789820839652237,-2.0,64142,False,http://gauss:8090/api/v1/scanner/tracking/scan-fw-a512b0d2e66ff094/tle-review-01.png?sha256=sha256:52e0cccb4ef4f44badb037a9c656ef6e7a0a0eba9848b90c178d5e7a0899257a
scan-fw-a512b0d2e66ff094,10.0,sha256:e2fc8c9f379a257f654a2e16d153f1266ef81c6ff7b7938dfe566af545cec187,3,upper,128.286963848,12.771114802999989,20,65385,69711,76.2295648481614,175.6146516331043,143.59023366465573,0.8176438146211498,-2.0,65385,False,http://gauss:8090/api/v1/scanner/tracking/scan-fw-a512b0d2e66ff094/tle-review-02.png?sha256=sha256:5f2dc93c58981d0f284e39f5d3d6b334f7d3e93b6091ae6a3a62d0cdd0e64410
scan-fw-a512b0d2e66ff094,10.0,sha256:09d1e3d1ed03c4ae88d47bc596fe8082f6cc91cd051b8e97c85463d1afb11c6d,2,upper,211.917021101,23.008052252,50,68768,68664,44.88820752143998,105.84516852195871,1151.6128019006158,10.880164092343065,-2.0,68664,False,http://gauss:8090/api/v1/scanner/tracking/scan-fw-a512b0d2e66ff094/tle-review-03.png?sha256=sha256:5a26dc80f71dd8034fa3aabeb9d008c7864131b1f05fdcfccb09a47aeb9001b6
scan-fw-a512b0d2e66ff094,10.0,sha256:d4d9b4bbcae765f234e29676bb339e8f0f9708ca11f3e0c319b7e00d4cc45a24,3,upper,275.616903888,14.45331459099998,14,53588,48113,29.9709715727828,96.89163411009125,674.5460682863669,6.961860788929692,1.0,57604,False,http://gauss:8090/api/v1/scanner/tracking/scan-fw-a512b0d2e66ff094/tle-review-04.png?sha256=sha256:1645efae6a8183f394189610e8e9ebd724fb1056ef403c938f111da5a1eb6f32
scan-fw-1e3eb69ae7c881f2,15.0,sha256:6a16a9d1571b2e00b70ba43fc583887decd1eb3bb6176177f25f81711fab5514,3,lower,113.551530183,9.121359694000006,29,65363,58097,42.690024467384866,50.891133647345185,250.4233859274493,4.920766506456337,-1.0,,,http://gauss:8090/api/v1/scanner/tracking/scan-fw-1e3eb69ae7c881f2/tle-review-01.png?sha256=sha256:1a8a1b672556b3584fdfca23a12282e8bfcb32725759b7cd4020b184e0985ed2
scan-fw-1e3eb69ae7c881f2,15.0,sha256:256c7108463b4b29a891f9985cea437c67da2928e97177c5a6fc4c87e8a21d6a,1,lower,171.776602913,28.061361493999982,27,67008,64141,40.56310734915256,47.97278424788796,259.6785288655288,5.413038516249166,-1.0,64141,False,http://gauss:8090/api/v1/scanner/tracking/scan-fw-1e3eb69ae7c881f2/tle-review-02.png?sha256=sha256:eacf8c8a0ef045eae42558b60b949cf483a9cdfb9d19ab5130095be95bd42355
scan-fw-1e3eb69ae7c881f2,15.0,sha256:ac915daaaf1a3915a996fa2e1eedc5367aa91b1f5795be0444ca6f1fecdd3601,2,lower,183.701956216,20.065332351999984,16,67008,64141,38.490775027679085,46.32086707133117,129.92205723845748,2.804827833606522,0.0,,,http://gauss:8090/api/v1/scanner/tracking/scan-fw-1e3eb69ae7c881f2/tle-review-03.png?sha256=sha256:96c29c5bf356f9b39dc95f9a3c264f9b01d7a9fd17e0133ae6311d157b21d7e9
scan-fw-1e3eb69ae7c881f2,15.0,sha256:a7599d2b86dfc075024ec7dad3961681cc778f57092ffe73eb488b68df371828,4,lower,198.575310655,20.48788246799998,32,67024,52544,34.31330949923006,42.31070925569591,268.35268095055636,6.342429273137992,0.0,53712,False,http://gauss:8090/api/v1/scanner/tracking/scan-fw-1e3eb69ae7c881f2/tle-review-04.png?sha256=sha256:60268be0643f31b9aa6485c78b7914a45563dcb8951613f5ab6052d53335e7dd
scan-fw-1e3eb69ae7c881f2,15.0,sha256:b455cbb4990f64b11e613066705235aaf77e55c14a27f5cfdfedb8d6f5b00813,2,lower,228.04095965,14.029381088999997,22,58671,69663,56.65482374730467,44.579604188531704,131.12089969179618,2.941275546935601,1.0,58671,False,http://gauss:8090/api/v1/scanner/tracking/scan-fw-1e3eb69ae7c881f2/tle-review-05.png?sha256=sha256:8af647af11abe5f798e6e1c9437a032f88b4ea296f1e25c667e604229ec6a9dc
scan-fw-1e3eb69ae7c881f2,15.0,sha256:ca4aab17f0bf4589a94e0fc1d6aa46e479cee70014de0e42adb466315eacdf9e,3,lower,245.438326707,10.94268884600001,16,58671,69663,26.717772303888097,123.68212420743482,185.95777308033553,1.5035137395316271,-1.0,,,http://gauss:8090/api/v1/scanner/tracking/scan-fw-1e3eb69ae7c881f2/tle-review-06.png?sha256=sha256:6734c954963840624280ccc250a792cbe5a57a707ad017fdbab2eae625cae096
scan-fw-1e3eb69ae7c881f2,15.0,sha256:03df7975392cc92c05fa39d49a3bf1a1fbc7026de38b4a25fce014debf5f1fef,2,lower,248.80449308,8.559186876000012,23,58671,69663,15.264324288261019,178.0561684171458,113.45428221769808,0.6371825431618862,-3.0,,,http://gauss:8090/api/v1/scanner/tracking/scan-fw-1e3eb69ae7c881f2/tle-review-07.png?sha256=sha256:79755b784d1ddcb9c6fca43087e1146114f69447d772bbd84766871600fd751d
scan-fw-1e3eb69ae7c881f2,15.0,sha256:028f2c9fb26bf45d2aa8494ddf916408b026ac1186dcc2155ae221e0d923c754,2,lower,273.079175441,14.319219524999994,21,65935,48138,124.96521212883694,74.73220438379703,763.2373543948187,10.2129645537433,1.0,65935,False,http://gauss:8090/api/v1/scanner/tracking/scan-fw-1e3eb69ae7c881f2/tle-review-08.png?sha256=sha256:2aa15701d83266c50387f5e022c0aab4ae69d90312928d2c12587c0b0c63650d
scan-fw-3b39ee01fdf58bb4,15.0,sha256:66933d771a60025d3a7759a14670eeaea780ca29f95e75a21605099aec971e23,2,upper,151.427455262,21.187218470000005,30,59027,69660,87.23674913175911,56.29751008406287,581.1490332544712,10.322819470820384,1.0,69660,False,http://gauss:8090/api/v1/scanner/tracking/scan-fw-3b39ee01fdf58bb4/tle-review-01.png?sha256=sha256:49dce329794dd1279229b197b5fc6fb68043b7f21d99b07439e884f45be56f5e
scan-fw-3b39ee01fdf58bb4,15.0,sha256:f8caf2e8f4c7b8b76cf8fdbb8a0524bcb8944593586080ca001bcec296d6b137,4,upper,224.540718569,24.83671215199999,37,68074,66979,56.96141503953087,51.694228268349576,87.76030392144634,1.6976808990333385,0.0,68074,False,http://gauss:8090/api/v1/scanner/tracking/scan-fw-3b39ee01fdf58bb4/tle-review-02.png?sha256=sha256:66faf5befbbaf6aa7fee1bfd7b7609b87397fdef1d6f08b109db93322680295c
scan-fw-47b14a92eb94f9a0,20.0,sha256:684b13ed99ad4103c9b2b1a59dffbc601b69d6d2198a84eaf657b7f106302829,3,lower,130.876595846,10.385281061,17,66236,64149,18.28902268241848,22.214946314461454,119.31777255016212,5.371058334383136,-5.0,64149,False,http://gauss:8090/api/v1/scanner/tracking/scan-fw-47b14a92eb94f9a0/tle-review-01.png?sha256=sha256:8feebbce191b48ee7a3edd2d3ae5da929f22db692dd9669c94555254c0878928
scan-fw-47b14a92eb94f9a0,20.0,sha256:a7d41fe671cbcab78ae91449b578fe11ba6e95a400df172d84e0a6adf0287492,2,lower,168.213411886,12.068969616000004,15,68080,45062,14.307742469108272,105.86581412910341,434.0398805922146,4.099905943791287,-3.0,45062,False,http://gauss:8090/api/v1/scanner/tracking/scan-fw-47b14a92eb94f9a0/tle-review-02.png?sha256=sha256:b76bf1b8729dc5d0651b44a2f7d5637c22097747eb8f80cb673feab1e462ec40
scan-fw-47b14a92eb94f9a0,20.0,sha256:f9477caf5581643b99ece84479c9eba78a1f9a66e2df247c69fa44771cbe5667,1,lower,230.970810278,28.492087696,41,65295,57841,30.26179439890658,35.792312632157866,3834.4750218589948,107.13124522761021,-5.0,65295,False,http://gauss:8090/api/v1/scanner/tracking/scan-fw-47b14a92eb94f9a0/tle-review-03.png?sha256=sha256:cb3352c0792dfb1fffd4958553aae41714cd1ed768c7b8d7875c3e99f25fe1e3
scan-fw-47b14a92eb94f9a0,20.0,sha256:1aead185ca4268dbe878a6a0728dffb09044dc18d8006e2d69586943a8faca90,2,lower,286.836201525,12.913376934000041,22,59469,66242,26.604960589365742,37.581008678743444,301.3924735586543,8.01980798692952,3.0,66242,False,http://gauss:8090/api/v1/scanner/tracking/scan-fw-47b14a92eb94f9a0/tle-review-04.png?sha256=sha256:1edb4952b798710ba03d1e676ecfa6d9395b6782726e681935a3c31bc341acd3
scan-fw-771671abb6589a15,15.0,sha256:7abe0770ed15f1bb769e5436a3c3a4a2c2b129ff8276f676db4094715e45fe45,4,lower,11.545047755,13.046882391999999,21,63321,48452,32.44087989573435,25.723478090939416,86.32458120488538,3.3558673869725064,-2.0,,,http://gauss:8090/api/v1/scanner/tracking/scan-fw-771671abb6589a15/tle-review-01.png?sha256=sha256:ff8fc1939d06d9cd97e36114e2d594121e9c78c4f50468528e003783182e82c4
scan-fw-771671abb6589a15,15.0,sha256:b760f6d81373e3b8efa399bcdca1a249c90373ce62e60173a4b5f971b7fc18ba,3,lower,45.075728742,16.416055721999996,24,59610,49729,14.632242739070643,34.80929736861011,174.3994505704859,5.010139926804545,0.0,,,http://gauss:8090/api/v1/scanner/tracking/scan-fw-771671abb6589a15/tle-review-02.png?sha256=sha256:480e22b21501d08b021d8ba026ebdf9fdc641ffc940aef196d77b127ada06da4
scan-fw-771671abb6589a15,15.0,sha256:6656036247063473c3bc754dfc5156439f0736c4f823ec0fa4dff3c731b35d83,4,lower,64.017108798,29.893329800000004,50,67743,49729,47.07241317247877,68.41291242582254,3089.5870752030655,45.16087629733619,-3.0,67743,False,http://gauss:8090/api/v1/scanner/tracking/scan-fw-771671abb6589a15/tle-review-03.png?sha256=sha256:9b1569262883d9c257622c435e4dc6e7ed5ddf1ed6422703e86c067512543a0c
scan-fw-771671abb6589a15,15.0,sha256:465a3902e6240711e46c1332879d7f4dd9499ada770be0040d027ddc0f542966,2,lower,103.45042315,29.320142138999984,53,68232,65025,85.86298790662663,154.53240294906507,1159.8314293996045,7.505425446479939,-1.0,68232,False,http://gauss:8090/api/v1/scanner/tracking/scan-fw-771671abb6589a15/tle-review-04.png?sha256=sha256:b5d0a12c3ec46a25f1e78692b7661803b7bc52aa25d73805ed6df973f7699b07
scan-fw-771671abb6589a15,15.0,sha256:0fdb21035eb95684f4dd64e74c2b2bb9346710d05099034cebd1031cae98db55,3,lower,116.495890439,16.416023178000017,16,68232,65025,37.8060902626898,92.90313250554078,716.191612452893,7.70901468161129,0.0,,,http://gauss:8090/api/v1/scanner/tracking/scan-fw-771671abb6589a15/tle-review-05.png?sha256=sha256:ed9a33974033a7365a810d4b4e3e69c708661c0e22961266bdc5efdfa3c4b870
scan-fw-771671abb6589a15,15.0,sha256:a24eb988988d08379a49ffe66c458574b8fd2bb8e1ab8747413af1e9fea4b8fe,2,lower,160.273188463,43.50399607200001,65,59467,62307,46.27310382220399,41.52744686335396,2099.667184271001,50.56095047643923,2.0,59467,False,http://gauss:8090/api/v1/scanner/tracking/scan-fw-771671abb6589a15/tle-review-06.png?sha256=sha256:a140fb3a083a9043f82d2e8b9572cf9b0bd4aed65cf17693b6a4809572abb390
scan-fw-771671abb6589a15,15.0,sha256:120bc5ced9be60ae8cdd11e2ba8c4755c97ef2c3faafcf828a80730048a914e4,4,lower,228.894448283,28.902865429000002,43,63685,56834,76.72829547065471,121.44999823302429,207.5799360269903,1.7091802309351196,-2.0,57848,False,http://gauss:8090/api/v1/scanner/tracking/scan-fw-771671abb6589a15/tle-review-07.png?sha256=sha256:2d6e72e9b44dfe38a0c44024233436b35b3ed27515445235e2cb85fbc12573f0
scan-fw-01ede191d2da6359,10.0,sha256:875300bd03f49ca1f471c4b7b71cada17e8b3dd4cace2c7b3f7fb4b65c09643a,3,lower,35.263398283,19.786744626999997,21,67043,58985,23.495202589438286,28.668379987955046,217.5380326216969,7.588082504595482,-2.0,,,http://gauss:8090/api/v1/scanner/tracking/scan-fw-01ede191d2da6359/tle-review-01.png?sha256=sha256:0c57c45f3ebf42d0c22c1907171bee1c3d5db23528c4b67fa02da6c3a44e25db
scan-fw-01ede191d2da6359,10.0,sha256:93ffefdda323c87db4be38e25a7f45d2e7da322680c0a59a69623ea8aeba23b0,2,lower,76.096218871,32.977413416999994,51,65036,67570,119.74833450154287,152.42030084793893,1514.4903503075698,9.936277135540433,-4.0,65036,False,http://gauss:8090/api/v1/scanner/tracking/scan-fw-01ede191d2da6359/tle-review-02.png?sha256=sha256:b1574169f6055a40700cb6ada6c637ea7fc3b37a1623e4ab6eeb83a034f034a9
scan-fw-01ede191d2da6359,10.0,sha256:ccf8876e6ac61eeebcc9400a9f7f9e324277f50e659b5526a2ee76b8fbd232d3,1,lower,96.86432932,21.608574728999997,33,67570,65036,49.208923569639396,77.99415397239808,3134.6376486304775,40.190674415672454,-4.0,67570,False,http://gauss:8090/api/v1/scanner/tracking/scan-fw-01ede191d2da6359/tle-review-03.png?sha256=sha256:3ab11daf79c30fb5ecd0a5be0fce11a0364c46d736d49ec7fb2b5fcb12e3cef8
scan-fw-01ede191d2da6359,10.0,sha256:0f2fc69db519ef4ca86f78a1bf8d532f5385db99adc7d66391449ca9fee3c094,2,lower,221.456807729,19.505499561000022,37,65024,63426,30.83118870118763,59.27055390108844,66.24080148967546,1.117600513742778,1.0,,,http://gauss:8090/api/v1/scanner/tracking/scan-fw-01ede191d2da6359/tle-review-04.png?sha256=sha256:925713c156afbd000482ccdadc93c83b2a52e1196c4f603f61a674f3b18def64
scan-fw-01ede191d2da6359,10.0,sha256:a674c2c68f2318adf9aa339c7ab4e44cb1b5c89f5ec5d5680e60824e9371ea1d,3,lower,235.627596684,39.145933609000025,67,63426,65024,94.74235755026432,85.97968912982543,255.25438893105368,2.968775434226462,-2.0,63426,False,http://gauss:8090/api/v1/scanner/tracking/scan-fw-01ede191d2da6359/tle-review-05.png?sha256=sha256:dd296333d44279e61a86dc773afc8e4078023d92be3b11a63edacf0c26b1ce4c
scan-fw-01ede191d2da6359,10.0,sha256:a48e48491276925f42120a5b3350a519369d7051553e4f9f1faf3f83af42f9a2,1,lower,241.383639066,30.865292426999986,32,63426,65024,105.5653371578597,109.53498774270945,289.47002856265084,2.6427174962816182,-2.0,,,http://gauss:8090/api/v1/scanner/tracking/scan-fw-01ede191d2da6359/tle-review-06.png?sha256=sha256:3dfebcc0c56fe46be4babb5089c504b5141625948f0e26967911c452bc8924e8
scan-fw-01ede191d2da6359,10.0,sha256:c893719f5fd40f628a4566ac4a96cefc1b98c59c6fbae4242b816b7d2c576559,2,lower,243.908988962,30.72403258099999,64,63426,65024,84.83560573675608,68.28660358574781,279.27174254702896,4.089700290868122,-3.0,,,http://gauss:8090/api/v1/scanner/tracking/scan-fw-01ede191d2da6359/tle-review-07.png?sha256=sha256:69df577617d211c6f49d7a7af86261e6566bc3ed272be01fbc5fc56f27461473
scan-fw-01ede191d2da6359,10.0,sha256:319b1ebc3efa00ecbf499bb52f990a694ae19eeaf7ec4158a2a8642125e7c546,1,lower,258.360898559,23.56815024499997,36,57052,59659,71.59927963162245,118.04699366781861,67.06147463398548,0.5680913384604681,1.0,57052,False,http://gauss:8090/api/v1/scanner/tracking/scan-fw-01ede191d2da6359/tle-review-08.png?sha256=sha256:c2d31ac9143fd8b55b7076ef855746307b90aa4bcbdbfe68ab58bd125b3a2de3
scan-fw-01ede191d2da6359,10.0,sha256:8302142aa992d38c5da2de79c8bdd276722ebd684d0603f9b3a781b860e6b1ad,3,lower,281.78778839,13.333327965000024,31,65030,59659,37.012438305183395,43.59302475004455,924.5126196830848,21.207810767527437,-3.0,,,http://gauss:8090/api/v1/scanner/tracking/scan-fw-01ede191d2da6359/tle-review-09.png?sha256=sha256:88f6eb345b405bf4531c33eec88ecd58e05bc66f82da940f4feb6ff0c6bc160e
scan-fw-0f11319b19cf5ba3,15.0,sha256:e7db235880e7e42e1c2f3e49987117a6f5b34c7fa901e1de18aea61042ca55c7,1,upper,13.362207919,11.504078453000002,18,62413,65038,107.98602518814134,108.23522846074668,108.32650900584801,1.000843353373938,3.0,,,http://gauss:8090/api/v1/scanner/tracking/scan-fw-0f11319b19cf5ba3/tle-review-01.png?sha256=sha256:ffc61eb8401a454089f0672785c3290b0e1d05d7b532321e002d0d9096edc325
scan-fw-0f11319b19cf5ba3,15.0,sha256:8a5b4b3c1733b1dbf4f79bc4e47eb88cedf3a03338c7db728158cf5cfa5d2331,4,upper,31.460853583,19.644147955000005,29,65867,58446,77.51878749374009,75.10841990727602,559.5411561760387,7.449779357185412,-2.0,65867,False,http://gauss:8090/api/v1/scanner/tracking/scan-fw-0f11319b19cf5ba3/tle-review-02.png?sha256=sha256:715194e118cf2cbef07e58476617f5595a06d907ba71b6cba097d6545228480a
scan-fw-0f11319b19cf5ba3,15.0,sha256:bb4ff2f541f72bb042e7609534153beee2a53ad6ffd4c620a3ca18a169b01aea,1,upper,105.126340924,10.384059549,18,59173,56028,82.81549529112729,177.9517498993347,218.87960585942645,1.2299941190982622,2.0,,,http://gauss:8090/api/v1/scanner/tracking/scan-fw-0f11319b19cf5ba3/tle-review-03.png?sha256=sha256:8423029abfcdd94021e8945010f8764c1837098ce3b1d775c5aac488cd4ef36d
scan-fw-0f11319b19cf5ba3,15.0,sha256:86edd139759fea9e7f433055ddf48075fe8b5eef2caa6962979855e53cadfb62,4,upper,157.887683494,25.820261477000003,19,58445,62305,50.44018370229494,32.9744179011824,1188.567967910504,36.045153896951255,-1.0,,,http://gauss:8090/api/v1/scanner/tracking/scan-fw-0f11319b19cf5ba3/tle-review-04.png?sha256=sha256:b9545fa2f36921277fbc226f58bb52ea33ad4d2451c1225df95cb6377aaa707c
scan-fw-0f11319b19cf5ba3,15.0,sha256:789a02ac13af6234ae49aad87a528c3cec8d9cc94b08fca792001ccd83141dfd,1,upper,162.377086287,27.364092794000015,66,58445,67593,82.35299933481981,58.72589520391184,1104.2867928701282,18.804086153744485,-1.0,67593,False,http://gauss:8090/api/v1/scanner/tracking/scan-fw-0f11319b19cf5ba3/tle-review-05.png?sha256=sha256:b3b906bb5464ca309bd702d5add93f91110262eb4ed4351019f1e26a4b02ad4c
scan-fw-0f11319b19cf5ba3,15.0,sha256:eddd2a89e817a54d9ab039920ede1f7b1cfe09566f4bc307e22afb377057915a,4,upper,266.074615003,26.380050684999958,42,60318,69204,89.85482966963058,73.47496402635122,1035.5349369936287,14.093711384768318,2.0,60318,False,http://gauss:8090/api/v1/scanner/tracking/scan-fw-0f11319b19cf5ba3/tle-review-06.png?sha256=sha256:0b7c2429b61e6b60761aa13bd3b0521369266142e4552c2709ea9c91baebb67c
scan-fw-0f11319b19cf5ba3,15.0,sha256:8b1504030c98ff9d99d80001e15d07c1ea6d18289056c29b20a3a10ef4584bba,2,upper,281.370579687,17.537392816000022,25,59658,65601,57.39609103034821,53.068106454691545,495.93230169132073,9.345204395312983,0.0,59658,False,http://gauss:8090/api/v1/scanner/tracking/scan-fw-0f11319b19cf5ba3/tle-review-07.png?sha256=sha256:a6f2a2cc5874f8a304911312caa0eb7ee72ca9218b6aabf44ea701b0821a3472
scan-fw-70c34e9e17107f06,20.0,sha256:447b4efe20a293eb0b043df014e6af75565bed1642c2b458a80501c18cf0c158,4,lower,0.189276645,23.318701231000002,32,59157,63273,35.955781317537046,79.41398736788747,1706.9221745936625,21.4939739354265,-1.0,59157,False,http://gauss:8090/api/v1/scanner/tracking/scan-fw-70c34e9e17107f06/tle-review-01.png?sha256=sha256:58dacfe813af394a89f9d83cdc1d2bd751d87f594855f3407bca81bfa57a1083
scan-fw-70c34e9e17107f06,20.0,sha256:6ddf4430f72e9d5fe4ae1518cef4dbf4b00b76bda75951b550d425fc144ad28e,2,lower,2.015946542,14.754697598999998,15,59157,63273,32.49370326508174,18.409505799122403,497.6523129935608,27.032355915675062,-1.0,,,http://gauss:8090/api/v1/scanner/tracking/scan-fw-70c34e9e17107f06/tle-review-02.png?sha256=sha256:535823377efcf3dbb2dc8788cf25bf776d8a4f39dddd476f71a70337683f9eef
scan-fw-70c34e9e17107f06,20.0,sha256:080712fc2e795536178fb193bfc23de168552bbdb6fbf16161162af4554b36ed,4,lower,96.231268268,22.604390233000004,20,55963,60587,42.937477535788695,33.029363400486204,443.74987882425404,13.435011551500926,0.0,55963,False,http://gauss:8090/api/v1/scanner/tracking/scan-fw-70c34e9e17107f06/tle-review-03.png?sha256=sha256:3eb43ba9d007eba3e7e8a015a74f381b81ba2eb4714f7131be50c2a1fef96104
scan-fw-3d679248b9074103,10.0,sha256:73c1a55101f3fba834543f91c1d244810f14384ae2ab94dd23e7f200ff4b8866,1,upper,19.973921987,20.625374625000003,45,69199,65610,75.94130955721042,77.88887981498483,498.49933187017473,6.400134820969267,-1.0,69199,False,http://gauss:8090/api/v1/scanner/tracking/scan-fw-3d679248b9074103/tle-review-01.png?sha256=sha256:c827fe892d2c1ad56723c98ca48995bdca4b18ced3e88ecc4cae2c0c58d04549
scan-fw-3d679248b9074103,10.0,sha256:e28b3f17a97d602fd52a728ced20ee9a5c902acea30191658dd7cacb52f51e29,2,upper,103.176643711,32.27739522600001,68,62074,63008,61.772972668057534,69.32513848271826,651.6575071626231,9.400017387993705,0.0,62074,False,http://gauss:8090/api/v1/scanner/tracking/scan-fw-3d679248b9074103/tle-review-02.png?sha256=sha256:6350ac6981f7f849593a547fd583cddb37397f109522d7ca0d1b1fc742f62c37
scan-fw-3d679248b9074103,10.0,sha256:52964b77d5395356874887052b0cb6da37b9c6ba5bfc65988938b84e3bc5becd,1,upper,148.081862893,12.067986929,17,63777,44768,18.989464884310344,27.05883646285574,149.54424760349207,5.526632595927572,0.0,44768,True,http://gauss:8090/api/v1/scanner/tracking/scan-fw-3d679248b9074103/tle-review-03.png?sha256=sha256:dab4ad11a93048771a4cfd413801d34f5b0c8af486be3a88dc25d3ad0d4e6d96
scan-fw-3d679248b9074103,10.0,sha256:701450d73c9733e29235a6e799708de91e039cff4816c601630229aa4c74abd2,4,upper,241.108704521,39.421455138,53,66813,53168,147.99788367822174,175.54325043659003,307.98021994680784,1.7544406816031748,-1.0,53168,False,http://gauss:8090/api/v1/scanner/tracking/scan-fw-3d679248b9074103/tle-review-04.png?sha256=sha256:f1c6085a48c35dbe3fb53727adf744eae5fbe0119542023cf4626211e95172f3
scan-fw-3d679248b9074103,10.0,sha256:ca1805b4cbac8d59ccd57b6a44b2e6bfdf56de7969dc5d387cd94ca5006da9a9,2,upper,251.355465852,13.744043019999992,24,66813,53168,80.94264932344915,88.79745224791972,87.21032228429891,0.9821264020144452,-1.0,,,http://gauss:8090/api/v1/scanner/tracking/scan-fw-3d679248b9074103/tle-review-05.png?sha256=sha256:6c8af6b645f6704bcf9e7827d05daeb48caab9401afbb406eb94352ed40d09b6
scan-fw-9159f3214daec077,15.0,sha256:8090e6e02cdd96fbfd78b1ebdceb4549443d9036ad0059a6929790808671740c,1,lower,1.293928414,8.698705312,14,66799,69195,14.403566794178614,19.135167312137504,148.71395271236926,7.7717612961784495,-1.0,69195,False,http://gauss:8090/api/v1/scanner/tracking/scan-fw-9159f3214daec077/tle-review-01.png?sha256=sha256:e50f031c95ef36e2abc19a695aa3b7c0f3200ba166e7d4cb41f4f300faf3d5f4
scan-fw-9159f3214daec077,15.0,sha256:15e16fc14e8ec62c3094abd6e723924a7829d652c11ee7fa9e00ad8aa554d152,3,lower,174.307361355,17.25885115599999,26,68008,63926,87.90378666604956,38.99598618865495,40.75735824821983,1.0451680347573133,-2.0,63926,False,http://gauss:8090/api/v1/scanner/tracking/scan-fw-9159f3214daec077/tle-review-02.png?sha256=sha256:686475bf1d5dff9724a9599073c9d9cb28136fb65b6f859770314271e0225c1f
scan-fw-9159f3214daec077,15.0,sha256:c58a87292d0c4d906373bec51b06f03d4f26b68a534bffd3d5f99774eb9789f0,1,lower,221.17405268,14.173299986000018,20,66792,60594,43.756123438342215,27.2003053562289,127.7485733235053,4.696585999695431,0.0,63275,False,http://gauss:8090/api/v1/scanner/tracking/scan-fw-9159f3214daec077/tle-review-03.png?sha256=sha256:4b9e4dd8be195763892a37e4bfea4af823d83efd61f2f7e744b1b2b48c1e68f8
scan-fw-9159f3214daec077,15.0,sha256:75e722896b89b46804dd2bed3f0ad7b84e0f70437134832070c1fbe7cbf3c6e8,1,lower,236.048687094,15.85607348900001,26,65541,65064,47.0029410538797,30.885279524305552,201.77695429889525,6.533110834891566,-2.0,65064,False,http://gauss:8090/api/v1/scanner/tracking/scan-fw-9159f3214daec077/tle-review-04.png?sha256=sha256:d97ce5ac7090435922b9d7c2452ec8b434521c6811c36b15b5cfba1a2436865d
scan-fw-247132319f655229,10.0,sha256:ae7a3fc355fec51664aad296b20cf7962f56ece71eb41b5ff102d8309e829e9b,2,lower,0.035267571,20.062681422,35,64331,58941,94.62227614144727,48.82607046176961,277.0847572936904,5.674934613274795,-2.0,58941,False,http://gauss:8090/api/v1/scanner/tracking/scan-fw-247132319f655229/tle-review-01.png?sha256=sha256:fb1b40fb986baadb47fb2c604e9555b62cca6fefcfa0290140f2724605167459
scan-fw-247132319f655229,10.0,sha256:af2fc41ada3f08dbbae65b8285f904d6c00fd4f44f4d48069e0ffcad668ae471,4,lower,4.945697567,25.816289191,26,63778,62127,66.99361453787571,52.2012379822374,243.8181082892561,4.670734214621892,0.0,63778,True,http://gauss:8090/api/v1/scanner/tracking/scan-fw-247132319f655229/tle-review-02.png?sha256=sha256:af4c8db077bca814a122af738ba86bdf9c5e67b79722b612dfd44a239cb46757
scan-fw-247132319f655229,10.0,sha256:042fd8dc948513b77c6fc85e25ea4d28133ecee1c607474635ae068a82e6785c,2,lower,128.98865761,21.464165620000017,38,65632,63786,63.102643755504765,51.283116957982095,294.8018497467725,5.748516611974135,-1.0,,,http://gauss:8090/api/v1/scanner/tracking/scan-fw-247132319f655229/tle-review-03.png?sha256=sha256:09b26b41fd7ecbdad6cdcd9b919056ca8a5d201fd3456bbf731b79c41dbbeb8e
scan-fw-247132319f655229,10.0,sha256:1c3a3ab6618d6d43276ab5d3522ee0a629c721103c18c01f4cf924435ea6b1c6,4,lower,132.075112341,32.82971997000001,43,65632,65063,70.2132313044814,43.231611180044624,730.1148180442167,16.88844801558615,-1.0,65632,False,http://gauss:8090/api/v1/scanner/tracking/scan-fw-247132319f655229/tle-review-04.png?sha256=sha256:a30eb18912650c0c48484e2b17dd7ff08c8e548f666597ebf9cb034520e39649
scan-fw-247132319f655229,10.0,sha256:ca0f573552befa8cda1c16c1be5d99bcbb0bf56e71ccbe38ae211bd76c1575af,1,lower,148.49013264,11.924014618000001,15,65632,65063,67.11857890708178,49.005767029860095,199.25089109752423,4.065866186241245,0.0,,,http://gauss:8090/api/v1/scanner/tracking/scan-fw-247132319f655229/tle-review-05.png?sha256=sha256:580c3710f0949efd5241f0a5ada7f8eef5a49447276ac5a897f46b5e0ea7f3a5
scan-fw-247132319f655229,10.0,sha256:de63d55f14538b884c87444b849752c2d48742c345e414891850a79d1be6d63c,2,lower,165.466065952,14.873405023999993,30,59419,50848,129.50328523503543,95.69833918063702,302.99134121703963,3.1661086682510047,1.0,,,http://gauss:8090/api/v1/scanner/tracking/scan-fw-247132319f655229/tle-review-06.png?sha256=sha256:07771c2cf95c909d02b339fd9915d08d881baa81af551c91cc0c80a498a49e66
scan-fw-247132319f655229,10.0,sha256:33462a8545c9640c301325f9a2e510261e67a31b2f7e6bb17eba6861bab71a9c,1,lower,166.307470505,34.238742108,30,58936,59419,102.57883419860462,140.01860847507777,3287.0021804818243,23.475466698891566,-1.0,58936,False,http://gauss:8090/api/v1/scanner/tracking/scan-fw-247132319f655229/tle-review-07.png?sha256=sha256:fcdb4a1af8730935fd93f321c4ffb4892787813ac4f93b68e43badb716c67602
scan-fw-247132319f655229,10.0,sha256:047c0808bfd61b8a0bf0f9192af8fefd4ab604be03c64b3f7860ca46807712cb,3,lower,169.9554111,10.945391523000012,19,59419,65632,23.436810340974077,25.635685564569744,306.4707107501105,11.954847471435436,1.0,,,http://gauss:8090/api/v1/scanner/tracking/scan-fw-247132319f655229/tle-review-08.png?sha256=sha256:d1c5c5e2252d8bf2578e6f40353daa19a181b49531ae704156a65db284842c3c
scan-fw-247132319f655229,10.0,sha256:8b49abc41b0697c8419a9bcc377e8847273e20013ba4b41414ef47d5f8245515,2,lower,188.618638627,11.085770498000016,18,58936,59947,26.368051699894707,14.436095696340187,356.64045833520487,24.704772387011793,-1.0,,,http://gauss:8090/api/v1/scanner/tracking/scan-fw-247132319f655229/tle-review-09.png?sha256=sha256:96b2ddf91cbca319a6af4da797c534f2d8c16d7715db63e9fc557a68cd57c1fb
scan-fw-247132319f655229,10.0,sha256:86b2641f786c8eb47cd50da6814f5180db03da3e1f1314bfc83711841572c54b,3,lower,287.259565436,12.349330323000004,20,63797,48019,37.06013253968983,31.831925834406647,508.9553718614628,15.988833805064369,-2.0,,,http://gauss:8090/api/v1/scanner/tracking/scan-fw-247132319f655229/tle-review-10.png?sha256=sha256:ab4c2ce4f2b82950a47aee389c17026241933e73e903d5a0aab8dddb67d796d1
scan-fw-6f8ab737878e0ea0,15.0,sha256:18dfd1606afd48769695641aa79595e053a3f6916e05c3fe80099701906803e7,3,upper,20.372514081,10.104022335,19,64333,62817,68.78454766119833,84.11291636392507,421.05362453437925,5.005814121491615,-2.0,62595,False,http://gauss:8090/api/v1/scanner/tracking/scan-fw-6f8ab737878e0ea0/tle-review-01.png?sha256=sha256:8512c6df217047561a02a917630579d020dd17cab14ed5c6d9ddd2bbed5c3f34
scan-fw-6f8ab737878e0ea0,15.0,sha256:608c5f468f2db5e5143a500777b7e67a34e1462cb8e221640a04727d6116f3a0,1,upper,71.448595433,36.90125112700001,40,58408,46702,101.93575564495656,80.81366702207036,1209.625744228508,14.968083850200202,0.0,58408,False,http://gauss:8090/api/v1/scanner/tracking/scan-fw-6f8ab737878e0ea0/tle-review-02.png?sha256=sha256:9a331480e203a7d94b5264afc7ba3cae1605d0858e6e4261f06223c1b09bfe6f
scan-fw-6f8ab737878e0ea0,15.0,sha256:a6e8fe188c361231119a78f45db37f4a05cb5b4848640aacb0a0dc4a8eaa56d6,2,upper,192.547219583,15.715840442000001,27,60365,68264,78.57617431481995,102.50720184986675,597.0532661031766,5.824500672427171,0.0,,,http://gauss:8090/api/v1/scanner/tracking/scan-fw-6f8ab737878e0ea0/tle-review-03.png?sha256=sha256:a8350464696100e24b7c3a0c6c39c4f5458d57f7d8e5ca4384ca9067077111f3
scan-fw-6f8ab737878e0ea0,15.0,sha256:683553f1cf2c1267f8ffef69a457f65560f1e4068375770dfdecaab16a01abaf,4,upper,195.352582625,16.698767437000015,14,60365,68264,48.497089019757375,129.0935135279044,853.314018458939,6.610045657131252,0.0,60365,True,http://gauss:8090/api/v1/scanner/tracking/scan-fw-6f8ab737878e0ea0/tle-review-04.png?sha256=sha256:8a92b70f330042f899c1ce27055628c372b888e0390be54a6d1089fbee234d8f
scan-fw-6f8ab737878e0ea0,15.0,sha256:0a1b0700c4f1ec14be517497c36f033a58b8f1c994f670ab7f556746e9c82494,1,upper,285.441979727,12.765049267999984,25,66598,50840,66.45079095390342,80.15084014762937,412.6119066407559,5.147942378155593,-3.0,65070,False,http://gauss:8090/api/v1/scanner/tracking/scan-fw-6f8ab737878e0ea0/tle-review-05.png?sha256=sha256:62a809bf20c831e6dfaaa1a67eac19486ba9be71bc665949a35e159a22ce2993
scan-fw-edfdbf96c564b086,15.0,sha256:85b4e5da644e77e4429a09da7781448f9acd1e6592d30f4e314ff5fff5c66dea,3,lower,242.220706588,9.965918650999981,14,61218,57993,72.80208110073048,105.07718030891678,81.35869354661146,0.7742755687526516,-3.0,52369,True,http://gauss:8090/api/v1/scanner/tracking/scan-fw-edfdbf96c564b086/tle-review-01.png?sha256=sha256:1360fa7e8f340f27187a4a886d7ef2006079e3fa8847d1b38af59ca3e52b0c44
scan-fw-d95eb41ad24ad386,20.0,sha256:b4b608a18d45db80d2e04e02b36c94fa0fa92a5031634c261ec6fc30bca29c34,4,upper,50.958107485,26.951964544999996,44,61216,58488,93.79558945861466,145.85938554483022,1649.4798650240577,11.308698846239732,1.0,61216,False,http://gauss:8090/api/v1/scanner/tracking/scan-fw-d95eb41ad24ad386/tle-review-01.png?sha256=sha256:e9cd77a8ca49747269f787c8e4e9e8e9c9671f33ceb965c38284a92eabb7d8e0
scan-fw-7e25f69f72cd4d6f,10.0,sha256:969cec5121d99b4e1f407b94270959ab1536638621036f62e41a4c8d002c6d77,2,lower,0.892925652,12.909345822999999,19,60442,62558,23.06349187047136,37.15145715000659,1808.675422383378,48.68383533599992,-1.0,60442,False,http://gauss:8090/api/v1/scanner/tracking/scan-fw-7e25f69f72cd4d6f/tle-review-01.png?sha256=sha256:cd4fa297bdbc2036d89ea14580861f6238ff8c4c70f29111d28e6fc1959f4844
scan-fw-7e25f69f72cd4d6f,10.0,sha256:a42e15774708244cfc6a4a0eebe74b950c5477b0cabff6cd618afd207589a007,1,lower,53.233406917,17.11812394199999,20,59644,58634,119.1688733843253,62.09203233719309,100.6726408355098,1.621345558296486,0.0,52358,False,http://gauss:8090/api/v1/scanner/tracking/scan-fw-7e25f69f72cd4d6f/tle-review-02.png?sha256=sha256:91ffd1989e8aa5ea87edf7a5c1488e75e85cf4e421bf27681ee86f939012ca3f
scan-fw-7e25f69f72cd4d6f,10.0,sha256:798febefa829c6bba384b7e67c121366a01b4b95ae86d09b6fac3b788b7f8328,4,lower,267.339652269,12.20543206100001,15,62118,61692,36.86289624439823,87.12068399381586,406.7036654354796,4.668279067509949,0.0,62118,False,http://gauss:8090/api/v1/scanner/tracking/scan-fw-7e25f69f72cd4d6f/tle-review-03.png?sha256=sha256:b1acbef1e0b04527e6838e1425d9138932e72c9b61855713b821e57bf4adaac9
scan-fw-e600ac9f4277cbe1,10.0,sha256:acd4944768c1d4e8f8e062280703983ca502c7c8d5de1026d7440ec2ba8732b3,4,upper,1.597972259,23.713389047,23,64145,53256,34.08153781499692,42.281207785775656,479.84193212295526,11.348822733592412,-1.0,53256,False,http://gauss:8090/api/v1/scanner/tracking/scan-fw-e600ac9f4277cbe1/tle-review-01.png?sha256=sha256:49fe7301646c72202b548c95c22454d680c2b34014def5635649c62ea2826558
scan-fw-567bae61c861bf62,15.0,sha256:b192a9865c0a4a6eac9683422fbf09bd65af2bae33a472433528d834645e0ef0,1,lower,101.353467936,13.613286552000005,25,64598,67889,37.07816445966418,24.390130414528116,261.4285869617391,10.718621939225782,-1.0,64598,False,http://gauss:8090/api/v1/scanner/tracking/scan-fw-567bae61c861bf62/tle-review-01.png?sha256=sha256:37536ca1ec3d3d358b1259c2881a9f2f779efdad2bd4b678d444d427db3cd458
scan-fw-567bae61c861bf62,15.0,sha256:58b8fb8877db7a7eaeceefb3b2235260743bfa29a2a6dd24859608701c73dc44,1,lower,145.975154967,13.887965173999987,22,57612,48405,24.23813854206702,37.768038480524375,76.42326822737719,2.023490530671481,0.0,48405,False,http://gauss:8090/api/v1/scanner/tracking/scan-fw-567bae61c861bf62/tle-review-02.png?sha256=sha256:e22c613d085498c0e5e451d7ad169f19e79c8c2dcd02c3d7215a0e938c6ba1f2
scan-fw-567bae61c861bf62,15.0,sha256:2fccde3be029fdfac78e2003e99d883d6f5baf660f256d8f926ecc882b71ba29,3,lower,198.869705275,24.41377523700001,22,63861,62420,171.77192927790347,138.01159188567567,254.3871197612615,1.8432300960051786,-1.0,63861,False,http://gauss:8090/api/v1/scanner/tracking/scan-fw-567bae61c861bf62/tle-review-03.png?sha256=sha256:35c9fb5789bf6f7bfb69bb7a88a69f4a43c6e97cacb49a7842a9c3a99a43f02f
scan-fw-567bae61c861bf62,15.0,sha256:65dcf99dfd107690fe38e650aa9f6dc7f8e6452648f35da2928fbf3a29b0c640,1,lower,205.884556361,8.97998753600001,16,63069,58712,17.876614777230696,17.46004927583703,146.87598408860975,8.412117386854773,0.0,,,http://gauss:8090/api/v1/scanner/tracking/scan-fw-567bae61c861bf62/tle-review-04.png?sha256=sha256:cc7849a10132947390c8166106744b80ec0fc2feceae1595175c81ff6bd20dfb
scan-fw-567bae61c861bf62,15.0,sha256:ca9fb66a0407fda84bb4e1b39bfde74491dcc31d3aa20b3bec08215c5aaaea11,1,lower,220.757841848,14.170740883000008,23,63861,62420,26.078525215286877,26.21761791139671,914.8120094176295,34.89302546513822,-2.0,63861,False,http://gauss:8090/api/v1/scanner/tracking/scan-fw-567bae61c861bf62/tle-review-05.png?sha256=sha256:6f40936dd15b30d4c2e73a97ea42ff94981930db378ec85b143dc429d4328f03
scan-fw-15654253cc41118a,10.0,sha256:18f6bcef3dc91fba2b976a9b2b14c5d95cbcd9c969949fb30dd1c452dd8a0f28,1,lower,16.32105405,20.220027950000002,33,58670,62147,66.78677494114905,89.07112823746547,2007.3274191313217,22.53622985194198,0.0,58670,False,http://gauss:8090/api/v1/scanner/tracking/scan-fw-15654253cc41118a/tle-review-01.png?sha256=sha256:1a474179eea1b0d266a703ef50fc43c4483315244203971e986c4910bc617c91
scan-fw-15654253cc41118a,10.0,sha256:8e6aaacd7c979237c0f89198fefc9ae85007ff1e23b75ff63997f0e0c906cf79,2,lower,122.969103014,38.165401741,56,63202,66360,86.0154075275191,47.824864236076124,1119.892902231045,23.416541167852742,0.0,63202,False,http://gauss:8090/api/v1/scanner/tracking/scan-fw-15654253cc41118a/tle-review-02.png?sha256=sha256:eb76f63091d2daaf9c11a4d776a795a148e2a25d7f131653380bd8653f8cd07c
scan-fw-15654253cc41118a,10.0,sha256:f60b57d2a02c059aaa1c7bda5151c8f956564692db8d85453f84e06e5a0cfee0,2,lower,148.227893808,27.078534208000008,49,66360,63202,46.44591426712933,41.54877185069102,2773.396128755039,66.75037564820134,-3.0,66360,False,http://gauss:8090/api/v1/scanner/tracking/scan-fw-15654253cc41118a/tle-review-03.png?sha256=sha256:0cb05470c58cc8747d3326675ff73338513ff3e61002c9aad210c7b7a5fb9031
scan-fw-c0e63a90663e67fe,20.0,sha256:1eef228d3a0cd6410d4164a8cb4768f2ab4f013d2b7fc70ca25cbec4a67fe281,4,upper,156.575106686,28.069372676,31,58721,61697,77.86849052737473,108.96107617746551,1572.3275642389895,14.43017653091211,1.0,58721,False,http://gauss:8090/api/v1/scanner/tracking/scan-fw-c0e63a90663e67fe/tle-review-01.png?sha256=sha256:db23c2ffd5a70c1f3a38e7561541f4ae4172453ded5403334c1b899febbc2596
scan-fw-c5d49207f25ca4e2,10.0,sha256:e9736816799c16431ca858013b859b503a02b2f09a1727cf546a549210d57876,2,upper,9.587851298,19.64271823,17,59184,65698,42.34859729459806,34.86099840613822,154.70360476988793,4.437727312555919,1.0,68326,False,http://gauss:8090/api/v1/scanner/tracking/scan-fw-c5d49207f25ca4e2/tle-review-01.png?sha256=sha256:fab6f3a1a42d45c1734296015b1282d3548b777ada9db00e8cd0d99ea7e71276
scan-fw-c5d49207f25ca4e2,10.0,sha256:cf283640388ab1956b98a9d548bfeda11a57c56fed4060df50fe8f70d8565d1b,4,upper,28.249230743,14.871942645000004,23,65698,59184,36.017309549506955,102.91733737224205,95.11186529634739,0.9241578506091445,0.0,45565,False,http://gauss:8090/api/v1/scanner/tracking/scan-fw-c5d49207f25ca4e2/tle-review-02.png?sha256=sha256:1af16c88b7c1e6d287ef39434baf94f3212e0d85880a7e192d8bb42bdef24a11
scan-fw-c5d49207f25ca4e2,10.0,sha256:7af59e05d8cca23e43e43ca31e8c94053be027be4c339f085885a50f5bba5af2,2,upper,169.682641164,31.710752917999997,52,64917,53478,57.04005163216867,46.353043708043664,2301.068672369461,49.64223464726127,-1.0,64917,False,http://gauss:8090/api/v1/scanner/tracking/scan-fw-c5d49207f25ca4e2/tle-review-03.png?sha256=sha256:048cbbff498eecb2fa414d7fc20d189961941afaf66581da80c924c0acc460bf
scan-fw-c5d49207f25ca4e2,10.0,sha256:b52959c3bb1212e9a29bb1749dfa935f694b94bf0527c8c82760e6f80384bf1c,2,upper,248.258538152,22.448720324999982,42,64709,51717,21.511082478419034,27.777857205393204,645.1724938051535,23.22614336428694,-1.0,64709,False,http://gauss:8090/api/v1/scanner/tracking/scan-fw-c5d49207f25ca4e2/tle-review-04.png?sha256=sha256:34b0de101180d3c94b7874abbbaea523094890728bbe37b83ae77ba00cb57f7d
scan-fw-37f35e7dc933570c,15.0,sha256:d6f5cb33a6ebcec7dabbadcccb2fa621461cb6cb7e4fe890d908b7484a1f6ee2,3,upper,259.335405116,15.293363719000013,21,68322,45230,19.59617426982895,76.27300214216625,557.6694841937258,7.3114925141438425,-1.0,68322,False,http://gauss:8090/api/v1/scanner/tracking/scan-fw-37f35e7dc933570c/tle-review-01.png?sha256=sha256:9f29857ec3b71ff68810ea509d5bce365337fbc15506e1a57f5d6df60bbbe216
scan-fw-f6c184cd03fbc4c2,15.0,sha256:e3157d302c6486a8085f16a0a4c066a09eb37cc0d660c71e9bb3476c019fcdb6,1,lower,108.509701787,32.410733210000004,40,62743,58524,81.08202946330151,75.27171583538255,2810.4386532270637,37.33724709256563,-1.0,62743,False,http://gauss:8090/api/v1/scanner/tracking/scan-fw-f6c184cd03fbc4c2/tle-review-01.png?sha256=sha256:031a8c2997b877ac56dd22d3ada3086cd7f257c00fa67f03b9ea33353164408a
scan-fw-f6c184cd03fbc4c2,15.0,sha256:119fa144a9d83ff5d71f23de423ea705463213400fff93872229b697feb80e82,2,lower,116.087064894,14.029370982000003,22,62743,58524,26.511891530375884,112.53433032899801,1686.315488177818,14.984898237256278,0.0,,,http://gauss:8090/api/v1/scanner/tracking/scan-fw-f6c184cd03fbc4c2/tle-review-02.png?sha256=sha256:ccb01beacb89e414a9d4a5189bccc715d83dc53399d6e27958d815e7032038a8
scan-fw-ab40677ea6f28b2d,10.0,sha256:179d3ecbcb7c8054fdb9dfd8175090353bc43a16d9a57d4542d4baa42e918776,1,lower,70.34502834,14.17068261,16,66083,45582,138.10886419759782,112.23613513518855,1267.966601496267,11.29731168993836,0.0,66083,False,http://gauss:8090/api/v1/scanner/tracking/scan-fw-ab40677ea6f28b2d/tle-review-01.png?sha256=sha256:8605cadeebaf80b7ea8e3cb92e30b05b05f90d28c0be2019bfb0ee75668efd01
scan-fw-ab40677ea6f28b2d,10.0,sha256:ca61ad1cdabeb6b320645f96c5fc385d5921d3cbf235cb57a23b7122a9595687,4,lower,231.281103775,17.53738115600001,23,67116,53982,34.0801029982857,22.977857892139724,217.4573705732143,9.46377906913604,1.0,53982,False,http://gauss:8090/api/v1/scanner/tracking/scan-fw-ab40677ea6f28b2d/tle-review-02.png?sha256=sha256:285f796ccb25f369e0914dc39fa222a9d3b8af31850a55001553e755c69d172e
scan-fw-ad50d8462a371a53,15.0,sha256:f4b11c900d7604a93a9d2be85954aafdb782ed7d401a80d0b01bb2daa0687dfa,3,upper,159.301687313,29.049162069999994,43,58514,66948,54.308737867261264,38.51152583911325,1284.630323777157,33.3570352196343,0.0,58514,False,http://gauss:8090/api/v1/scanner/tracking/scan-fw-ad50d8462a371a53/tle-review-01.png?sha256=sha256:d2837281805ac4660a6e80a5b32575b8dcf9d818d5e77b188f89999f3e148474
scan-fw-ad50d8462a371a53,15.0,sha256:fb6563deb255ef03d398eadc6435d86e9af91f0b9358faded750af2da6da4715,1,upper,225.250694468,10.521690855000003,15,58609,68570,30.40919079714744,181.39019473140624,331.7915257053613,1.8291591019936995,0.0,58609,False,http://gauss:8090/api/v1/scanner/tracking/scan-fw-ad50d8462a371a53/tle-review-02.png?sha256=sha256:b493516403590a2202811ac38be1b59c1a88a1b4cb5196429baf53e13f8a36ff
scan-fw-f5d74dc978b1649c,20.0,sha256:17b91527acd621028331ecb902279c667b5629414476bc48bfd8d06614dece5b,4,lower,105.619086064,21.613659690999995,34,63972,51808,47.7298084862391,44.22417631536651,227.2884403315945,5.139461246508709,-1.0,51808,False,http://gauss:8090/api/v1/scanner/tracking/scan-fw-f5d74dc978b1649c/tle-review-01.png?sha256=sha256:cd3e45453c6bc1069200ee5401275ae332dab8e9e48425b42506f78783c9854f
scan-fw-f5d74dc978b1649c,20.0,sha256:e91089bc77225de41b979ba7bac496b0d88833f896d0123789089595a9e78ebc,4,lower,140.846568593,9.683988443999993,14,68566,53475,56.8564071596315,34.785258565476845,83.80835316259972,2.409306603394824,-1.0,53475,False,http://gauss:8090/api/v1/scanner/tracking/scan-fw-f5d74dc978b1649c/tle-review-02.png?sha256=sha256:00366b0bef59c38494d38d436818b6d60480367e2818ab619d5795a11b93a53f
scan-fw-f5d74dc978b1649c,20.0,sha256:432f415084ca88640cd3a67e3b8251fb26c29c9e4d7f22524490c5962098f100,2,lower,212.444313041,25.967246883,40,63814,53620,33.404434210401526,35.849645590249686,864.519852399978,24.11515757453146,-1.0,63814,False,http://gauss:8090/api/v1/scanner/tracking/scan-fw-f5d74dc978b1649c/tle-review-03.png?sha256=sha256:4125fec8274d910913acab80683054c80746cdae33596947b91f5aee7253c1f0
scan-fw-a1dcbc03bf604dbd,15.0,sha256:492f0b444c6aa992e6708e3499e609ab337d0f411ee3c3c2da5d8e29c06155da,3,lower,220.761090075,19.079786439000003,17,63909,53604,11.331379442083383,27.688119401101147,38.35039730291845,1.3850849437392005,-1.0,53604,False,http://gauss:8090/api/v1/scanner/tracking/scan-fw-a1dcbc03bf604dbd/tle-review-01.png?sha256=sha256:96dbb155cde9680ca14a76f73ecfca3b81894f7f4e6b186fb69d602f3c661b8c
scan-fw-b9f073d302d65e12,20.0,sha256:7aa4828bf907cc88da25c8b9a060323f41afbb117f4d0778dbbd983ada77159f,1,upper,281.500354992,18.38936763700002,41,59745,61545,132.49185232960644,36.8363129445759,794.4217617958996,21.56626704174195,-1.0,59745,False,http://gauss:8090/api/v1/scanner/tracking/scan-fw-b9f073d302d65e12/tle-review-01.png?sha256=sha256:84fd6364de039f2686d4787e495234f1aadaf466f4094c5c5b83e89b5616cd08
scan-fw-71fe03e8aa13773d,15.0,sha256:01195dbb2806b1b77c891b43669aad824a97bf3756a757696595324698e8c5da,3,upper,240.258340973,10.384695184000009,14,59731,64300,47.29276429700421,25.572764319396565,158.35444273764034,6.192308377766217,0.0,59731,False,http://gauss:8090/api/v1/scanner/tracking/scan-fw-71fe03e8aa13773d/tle-review-01.png?sha256=sha256:0a9f2fdbd7813df68624b438a552258f52f81f2aaa8ec818e6f6837bd58907a2
scan-fw-5f3708e20b2f15db,15.0,sha256:28d73eb01419c02bbb4ac5b9c5212d488d16d42f6132ed7cd9824ad20677d91c,2,lower,9.160101725,13.470830199999998,14,68401,64332,90.53883896914441,171.34583373020237,129.47955996274962,0.7556621433038487,-4.0,64332,False,http://gauss:8090/api/v1/scanner/tracking/scan-fw-5f3708e20b2f15db/tle-review-01.png?sha256=sha256:5ffaeb816e753042a066d42afe90c424d2b47f13615c13d57714d4d6f88aafd7
scan-fw-5f3708e20b2f15db,15.0,sha256:4da73c13ed8ee836ef684d7d3653d92bb54c0ae146983972a89629a087919a8b,2,lower,168.559261784,14.312078028000002,16,59632,53709,16.601023325630347,15.251057977025189,107.861210830132,7.072375634045748,2.0,53709,False,http://gauss:8090/api/v1/scanner/tracking/scan-fw-5f3708e20b2f15db/tle-review-02.png?sha256=sha256:8cebcc6da4a9ab2f029661dce57cd165b9e3fb23e6879a135991f5104934042e
scan-fw-b43c06c322ffc878,10.0,sha256:4f8124558595dc29da57fe02fbb48e18c694978e6fab17f89d25a6a2a28090bf,1,lower,27.97805262,13.890700392,19,66900,59333,100.97941391017898,174.94423851937373,136.75610530024045,0.7817125414227103,-3.0,66900,False,http://gauss:8090/api/v1/scanner/tracking/scan-fw-b43c06c322ffc878/tle-review-01.png?sha256=sha256:4d3642084b6d520bf86f4474be7df448d690b5af49d48ad59d3d16bd09288172
scan-fw-52c10f8dff26bdc3,15.0,sha256:072a4c5f5fc24e66ca5cfa63fc0c802a8f2aed1c88cef326d260ca14bbb9cd0d,4,upper,115.378567197,27.500002087000013,31,63080,47887,20.467503825765068,30.86369803834298,782.3221034650569,25.34764636736507,-3.0,47887,False,http://gauss:8090/api/v1/scanner/tracking/scan-fw-52c10f8dff26bdc3/tle-review-01.png?sha256=sha256:e5943138ad831a5ccad89a83f16ff82e796fe5b0d3e2cc337f00232ce8f501c9
scan-fw-52c10f8dff26bdc3,15.0,sha256:ff34049c218410112a128fe0e2e8ce1bfb3396630646b7847cd66d0de9cf8b56,1,upper,129.970622211,13.468820354999991,14,63080,47887,109.43130269562907,123.46183835667044,210.57729045481935,1.7056063092668359,-1.0,,,http://gauss:8090/api/v1/scanner/tracking/scan-fw-52c10f8dff26bdc3/tle-review-02.png?sha256=sha256:52f91075f9880d21aa99afbc339c99c75fcd502d105974d8764da69ce339f127
scan-fw-52c10f8dff26bdc3,15.0,sha256:39f5a25acfd8d43a03ab1e6a1c41d7b3bc14384183c13c1f6266ea3656f486c2,3,upper,132.355956557,9.961316381999978,20,63080,66238,15.859605536294742,66.61305722311951,185.27281039616693,2.781328738232179,-3.0,,,http://gauss:8090/api/v1/scanner/tracking/scan-fw-52c10f8dff26bdc3/tle-review-03.png?sha256=sha256:13ce18426050f4bc66c6a03bcbce34aa0e5f49f3b7b0712f518c20059ccd2579
scan-fw-0e0aae67f5769fe4,10.0,sha256:374ea2a4a443ad885902d5a919a936b3779fb6db5ff23654a2dbd532b2bceafe,1,upper,5.821150463,13.606702269000001,25,68714,60932,39.173848801126724,120.84149573460067,757.3480939806766,6.267285003191369,-1.0,60932,False,http://gauss:8090/api/v1/scanner/tracking/scan-fw-0e0aae67f5769fe4/tle-review-01.png?sha256=sha256:c9899b4617a444dcdef552997cb8f548e762effe8824a7418c990e9782ece910
scan-fw-0e0aae67f5769fe4,10.0,sha256:e71d09d1b8c85c219067c43bb6114536e488e6aa5a691e486a13c8e297854654,4,upper,139.668477833,12.628570647999993,15,62103,64240,44.0708048837236,31.836177755703243,951.8638961179159,29.898812081717182,-2.0,64240,False,http://gauss:8090/api/v1/scanner/tracking/scan-fw-0e0aae67f5769fe4/tle-review-02.png?sha256=sha256:f9b66264f193e7481bfd45968a056634a5ebd3f665eebfbb7f4e02feea03cb76
scan-fw-0e0aae67f5769fe4,10.0,sha256:3792c8bc73cb708cec6b61aa1b41d58e0a5be360a673766c061fe2a252d234fd,1,upper,180.920635983,28.335437928999994,31,68713,66254,55.23500162229658,90.61068732691656,612.1200803627818,6.755495388245963,-2.0,68713,False,http://gauss:8090/api/v1/scanner/tracking/scan-fw-0e0aae67f5769fe4/tle-review-03.png?sha256=sha256:0745573a58c98f5f230b8a5994ad020cef8836bf7bb1eae3d5479092aee89988
scan-fw-0e0aae67f5769fe4,10.0,sha256:0413b52fe18b394a9de807b83299b45fcd94a02e3777a84ec64464ff54f84b2d,4,upper,260.468124809,11.78399227899996,17,67455,52630,66.63598145362145,26.968991514410014,179.13234069088975,6.642159407227969,-2.0,52630,False,http://gauss:8090/api/v1/scanner/tracking/scan-fw-0e0aae67f5769fe4/tle-review-04.png?sha256=sha256:607bae82fb1e7e4d739201c6000a4a40981e68cf10350c1f90968bb627a559b4
scan-fw-eeb5e703b5901f5e,15.0,sha256:f0fb17f0c1d78a2e0aac0ceb9f250fcc4bc3a2320a4473517a5d3d18f0c5970b,3,lower,28.519228418,19.361390574,23,67456,57854,39.57678055145048,89.1602712148376,375.8524981383705,4.21547055675424,-4.0,57854,False,http://gauss:8090/api/v1/scanner/tracking/scan-fw-eeb5e703b5901f5e/tle-review-01.png?sha256=sha256:3ad3c310b86460d1fc80d8599660d9c6de47e84d81c57d8d4e08b46230c60676
scan-fw-eeb5e703b5901f5e,15.0,sha256:a09c073bf36acc57f2fb88c6089a055b57112275412f8c89dbe2ab00643bdeda,2,lower,289.647690944,9.401004088000036,15,68252,60930,25.225596037610234,29.824761381731534,231.41909027113664,7.759293940667939,-4.0,60930,False,http://gauss:8090/api/v1/scanner/tracking/scan-fw-eeb5e703b5901f5e/tle-review-02.png?sha256=sha256:f391fbdc3f625a6eece33e5275976e1b5ebe947f10cb0534288cfb08f6387c43
scan-fw-9ed060e1f5b5a682,10.0,sha256:0a523f2bed0de5c017ae7d808ea770f5ee7d831da3d2fac1593ef6a5c6a62d00,4,lower,154.392500918,16.276081215000005,23,66135,56352,20.84793548436928,44.190905081973355,465.77737492504673,10.540118471460085,-2.0,56352,False,http://gauss:8090/api/v1/scanner/tracking/scan-fw-9ed060e1f5b5a682/tle-review-01.png?sha256=sha256:75c9045357b7e87a31c2e48bd31b037e7315fe1c6bb719b49fa750849e715276
scan-fw-9ed060e1f5b5a682,10.0,sha256:193ae61305fccf5ecf13fe21e8a88dfeeee57c3e54301ae3a0ec70f4bf0c5b6d,1,lower,170.528535312,11.926699635999995,22,66135,56352,51.4885172864355,32.27099481050166,137.01049031505963,4.245623387800661,0.0,56352,False,http://gauss:8090/api/v1/scanner/tracking/scan-fw-9ed060e1f5b5a682/tle-review-02.png?sha256=sha256:9bbecfb2634b6b3eb651cc983287fefae7ba17c6c01aa81f1cbe6c1b2b6c0e52
scan-fw-9ed060e1f5b5a682,10.0,sha256:c0a97096f39aac9ca84c8849f6bd1f7ab9adc2b50ac039a6c0348a950d1e33aa,3,lower,200.132534157,15.154725331999998,23,63066,56336,19.35629570702433,22.413976801304564,96.96053697066748,4.325896195494593,1.0,56336,False,http://gauss:8090/api/v1/scanner/tracking/scan-fw-9ed060e1f5b5a682/tle-review-03.png?sha256=sha256:a5396fb763cef9ab728de20cc116903f7c84fd5537a96c1729d5d34931e33af3
scan-fw-9ed060e1f5b5a682,10.0,sha256:a4b4c1aadd6a303206c73600478a80cc93ab3c54597dcab3923c3dd164b84026,2,lower,278.004546629,12.765224999999987,19,59240,66328,35.70648803881385,39.396310568960374,546.7269115861598,13.877617058306871,0.0,59240,False,http://gauss:8090/api/v1/scanner/tracking/scan-fw-9ed060e1f5b5a682/tle-review-04.png?sha256=sha256:e0fc18d2bf488def3a7a692b60f313a78eded324338b927fad2c0bd324411935
scan-fw-d25974dcbdfbdfc8,15.0,sha256:64f47d254b2f135d1a140a1e4ca13efcd62e9ad471f1ef02235cfc8d03ab781b,1,upper,225.248826815,13.32929751200001,18,58845,63074,67.89752798538082,62.19778118068122,477.26861306906034,7.6734025556734995,2.0,58845,False,http://gauss:8090/api/v1/scanner/tracking/scan-fw-d25974dcbdfbdfc8/tle-review-01.png?sha256=sha256:c04e29efbc05048964f84b9e46d52d4dd6f5418108a0bb2edd23e77a71ed9fb1
scan-fw-0dffa0108b6c66c5,20.0,sha256:5d16a5c34909a6f120559c1fc027041d3b4751634e138d5df9864e8540de47fb,3,lower,97.456867668,11.932784846999994,21,56137,62530,117.09351348286732,111.38172935394762,53.51792109656992,0.4804910231416974,-5.0,62530,False,http://gauss:8090/api/v1/scanner/tracking/scan-fw-0dffa0108b6c66c5/tle-review-01.png?sha256=sha256:73bb81e7ab9a0b4bf369360f31548fc59576d49139141dcaddf3d0e71b444678
scan-fw-0dffa0108b6c66c5,20.0,sha256:ea55b1224c7e647bea78fe0411205913d3b588ced9f19f13880a193d9e16c6c0,3,lower,276.032849167,11.225589001000003,18,62281,53902,52.8373942504512,45.89809767697403,25.86845593776823,0.563606276665924,-1.0,62281,True,http://gauss:8090/api/v1/scanner/tracking/scan-fw-0dffa0108b6c66c5/tle-review-02.png?sha256=sha256:1e2001103a240ce8f04b19f9d654ce3e26babff33b7ea67f214691b23a29b7f7
scan-fw-0dffa0108b6c66c5,20.0,sha256:1e9a4328eb159dd4c678788f33a5c7bc863690d44f53dae081b48c261312ca47,1,lower,287.961084858,10.80668456799998,22,62281,53902,17.41674122132218,18.212908495454617,137.52474551526714,7.5509491276250085,-2.0,62281,False,http://gauss:8090/api/v1/scanner/tracking/scan-fw-0dffa0108b6c66c5/tle-review-03.png?sha256=sha256:b2f7a24ac4211e76bea581f3861011ccc655f0c6954e19657fcea7a2eb026266
scan-fw-0ab75ea0586e9421,10.0,sha256:08f20ac44f3d1259e05e009dd551a042d7ac547c85b452036794386030bbee62,2,upper,178.796286035,30.869187085999982,46,62527,60268,92.69964515242138,55.92898085200475,415.2371757023453,7.424365139088018,0.0,60268,False,http://gauss:8090/api/v1/scanner/tracking/scan-fw-0ab75ea0586e9421/tle-review-01.png?sha256=sha256:36fc71b646c8e9be56733f6bec1a2e8dc0ddb6f050d96e2db9e3e43df274707a
