tracking_snapshot GLT1SNAP 00010000 474c5431 0000000e 00000001 8a7be4e8 00000000 00000002 00000000 00000000 00000000 00000000 00000000 00000000 00000000 00000000 00000000 00000000 00000000 00000000 00000000 00000000 01c9c380 00009ab0 b04a2fab 00000001
capture_baseline_snapshot GLI1 00010000 30000000 2500000 1 0 30000000 0 0 0 0 0 0 0 00000000 00000000 00000000 00000000 00000000 00000000 00000000 00000000 00000000 00000000 00000000 00000000 00000000 00000000 00000000 00000000 00000000 00000000 00000000 00000820 008b3199 00000000 00000000 00000001 00000000 00000000 00000000 00000000 00000000 00000000 00000000 00000000 00000000 00000000 00000000 00000000 00000000 00000000 00000000 00000000 cdb3099d 00000001 8a7d4625 00000000 00000000 00000000 00000000 00000000 00000101 00000081 00000000 00000000 00000000 00000000 00000000 00000000 00000000 00003333 00004ccd 00002667 00000001 00000000 01c9c380 0000027c
capture_snapshot GLI1 00010000 30000000 2500000 2 0 30000000 0 0 0 0 0 0 0 8a7d66c4 00000000 8a8076a8 00000000 00004154 00000000 00004154 00000000 0000006a 00000000 00000000 00000000 000314fa 00000000 000041be 00000000 00000000 00000000 00000000 00000039 008b3199 00000001 00000000 00000001 00000000 00000000 00000000 00000000 00000000 00000000 00000000 00000000 00000000 00000000 00000000 00000000 00000000 00000000 00000000 00000000 cdbdab7f 00000001 8a8076bc 00000000 00000000 00000000 00000000 00000000 00000101 00000080 00000000 00000000 00000000 00000000 00000000 00000000 00000000 00003333 00004ccd 00002667 00000001 00000000 01c9c380 0000027c
tracking_snapshot GLT1SNAP 00010000 474c5431 0000000f 00000002 8a80ac4e 00000000 00000033 00000000 00000000 00000000 00000000 00000000 00000000 00000000 00000000 00000000 00000000 00000000 00000000 00000000 00000000 01c9c380 00009ab0 b04a2fab 00000001

epoch_binding 9122201 2 2323688526 193640711
capture_snapshot GLI1 00010000 30000000 2500000 3 0 30000000 0 0 0 0 0 0 0 8a7d66c4 00000000 8a8375e8 00000000 00008144 00000000 00008144 00000000 0000006a 00000000 00000000 00000000 00061438 00000000 000081ae 00000000 00000000 00000000 00000000 00000039 008b3199 00000001 00000000 00000001 00000000 00000000 00000000 00000000 00000000 00000000 00000000 00000000 00000000 00000000 00000000 00000000 00000000 00000000 00000000 00000000 cdc7a8e4 00000001 8a8375fa 00000000 00000000 00000000 00000000 00000000 00000100 00000080 00000000 00000000 00000000 00000000 00000000 00000000 00000000 00003333 00004ccd 00002667 00000001 00000000 01c9c380 0000027c
capture_snapshot GLI1 00010000 30000000 2500000 4 0 30000000 0 0 0 0 0 0 0 8a7d66c4 00000000 8a867f48 00000000 0000c20c 00000000 0000c20c 00000000 0000006a 00000000 00000000 00000000 00091d9e 00000000 0000c276 00000000 00000000 00000000 00000000 00000039 008b3199 00000001 00000000 00000001 00000000 00000000 00000000 00000000 00000000 00000000 00000000 00000000 00000000 00000000 00000000 00000000 00000000 00000000 00000000 00000000 cdd1c825 00000001 8a867f60 00000000 00000000 00000000 00000000 00000000 00000101 00000080 00000000 00000000 00000000 00000000 00000000 00000000 00000000 00003333 00004ccd 00002667 00000001 00000000 01c9c380 0000027c
capture_snapshot GLI1 00010000 30000000 2500000 5 0 30000000 0 0 0 0 0 0 0 8a7d66c4 00000000 8a897af8 00000000 000101b0 00000000 000101b0 00000000 0000006a 00000000 00000000 00000000 000c194a 00000000 0001021a 00000000 00000000 00000000 00000000 00000039 008b3199 00000001 00000000 00000001 00000000 00000000 00000000 00000000 00000000 00000000 00000000 00000000 00000000 00000000 00000000 00000000 00000000 00000000 00000000 00000000 cddbb9a7 00000001 8a897b0c 00000000 00000000 00000000 00000000 00000000 00000100 00000080 00000000 00000000 00000000 00000000 00000000 00000000 00000000 00003333 00004ccd 00002667 00000001 00000000 01c9c380 0000027c
capture_snapshot GLI1 00010000 30000000 2500000 6 0 30000000 0 0 0 0 0 0 0 8a7d66c4 00000000 8a8c7984 00000000 00014191 00000000 00014191 00000000 0000006a 00000000 00000000 00000000 000f17d1 00000000 000141fb 00000000 00000000 00000000 00000000 00000039 008b3199 00000001 00000000 00000001 00000000 00000000 00000000 00000000 00000000 00000000 00000000 00000000 00000000 00000000 00000000 00000000 00000000 00000000 00000000 00000000 cde5b4aa 00000001 8a8c7993 00000000 00000000 00000000 00000000 00000000 00000100 00000081 00000000 00000000 00000000 00000000 00000000 00000000 00000000 00003333 00004ccd 00002667 00000001 00000000 01c9c380 0000027c
capture_snapshot GLI1 00010000 30000000 2500000 7 0 30000000 0 0 0 0 0 0 0 8a7d66c4 00000000 8a8f7960 00000000 0001818e 00000000 0001818e 00000000 0000006a 00000000 00000000 00000000 001217b3 00000000 000181f8 00000000 00000000 00000000 00000000 00000039 008b3199 00000001 00000000 00000001 00000000 00000000 00000000 00000000 00000000 00000000 00000000 00000000 00000000 00000000 00000000 00000000 00000000 00000000 00000000 00000000 cdefb433 00000001 8a8f7975 00000000 00000000 00000000 00000000 00000000 00000100 00000080 00000000 00000000 00000000 00000000 00000000 00000000 00000000 00003333 00004ccd 00002667 00000001 00000000 01c9c380 0000027c
capture_snapshot GLI1 00010000 30000000 2500000 8 0 30000000 0 0 0 0 0 0 0 8a7d66c4 00000000 8a927930 00000000 0001c18a 00000000 0001c18a 00000000 0000006a 00000000 00000000 00000000 0015177e 00000000 0001c1f4 00000000 00000000 00000000 00000000 00000039 008b3199 00000001 00000000 00000001 00000000 00000000 00000000 00000000 00000000 00000000 00000000 00000000 00000000 00000000 00000000 00000000 00000000 00000000 00000000 00000000 cdf9b36f 00000001 8a927940 00000000 00000000 00000000 00000000 00000000 00000100 00000080 00000000 00000000 00000000 00000000 00000000 00000000 00000000 00003333 00004ccd 00002667 00000001 00000000 01c9c380 0000027c
capture_snapshot GLI1 00010000 30000000 2500000 9 0 30000000 0 0 0 0 0 0 0 8a7d66c4 00000000 8a9578d0 00000000 00020182 00000000 00020182 00000000 0000006a 00000000 00000000 00000000 0018171d 00000000 000201ec 00000000 00000000 00000000 00000000 00000039 008b3199 00000001 00000000 00000001 00000000 00000000 00000000 00000000 00000000 00000000 00000000 00000000 00000000 00000000 00000000 00000000 00000000 00000000 00000000 00000000 ce03b215 00000001 8a9578df 00000000 00000000 00000000 00000000 00000000 00000100 00000080 00000000 00000000 00000000 00000000 00000000 00000000 00000000 00003333 00004ccd 00002667 00000001 00000000 01c9c380 0000027c
capture_snapshot GLI1 00010000 30000000 2500000 10 0 30000000 0 0 0 0 0 0 0 8a7d66c4 00000000 8a987894 00000000 0002417d 00000000 0002417d 00000000 0000006a 00000000 00000000 00000000 001b16e7 00000000 000241e7 00000000 00000000 00000000 00000000 00000039 008b3199 00000001 00000000 00000001 00000000 00000000 00000000 00000000 00000000 00000000 00000000 00000000 00000000 00000000 00000000 00000000 00000000 00000000 00000000 00000000 ce0db14e 00000001 8a9878a9 00000000 00000000 00000000 00000000 00000000 00000101 00000080 00000000 00000000 00000000 00000000 00000000 00000000 00000000 00003333 00004ccd 00002667 00000001 00000000 01c9c380 0000027c
capture_snapshot GLI1 00010000 30000000 2500000 11 0 30000000 0 0 0 0 0 0 0 8a7d66c4 00000000 8a9b796c 00000000 0002818f 00000000 0002818f 00000000 0000006a 00000000 00000000 00000000 001e17bb 00000000 000281f9 00000000 00000000 00000000 00000000 00000039 008b3199 00000001 00000000 00000001 00000000 00000000 00000000 00000000 00000000 00000000 00000000 00000000 00000000 00000000 00000000 00000000 00000000 00000000 00000000 00000000 ce17b3ff 00000001 8a9b797d 00000000 00000000 00000000 00000000 00000000 00000100 00000080 00000000 00000000 00000000 00000000 00000000 00000000 00000000 00003333 00004ccd 00002667 00000001 00000000 01c9c380 0000027c
capture_snapshot GLI1 00010000 30000000 2500000 12 0 30000000 0 0 0 0 0 0 0 8a7d66c4 00000000 8a9e7948 00000000 0002c18c 00000000 0002c18c 00000000 0000006a 00000000 00000000 00000000 00211797 00000000 0002c1f6 00000000 00000000 00000000 00000000 00000039 008b3199 00000001 00000000 00000001 00000000 00000000 00000000 00000000 00000000 00000000 00000000 00000000 00000000 00000000 00000000 00000000 00000000 00000000 00000000 00000000 ce21b374 00000001 8a9e7959 00000000 00000000 00000000 00000000 00000000 00000100 00000080 00000000 00000000 00000000 00000000 00000000 00000000 00000000 00003333 00004ccd 00002667 00000001 00000000 01c9c380 0000027c
capture_snapshot GLI1 00010000 30000000 2500000 13 0 30000000 0 0 0 0 0 0 0 8a7d66c4 00000000 8aa179a8 00000000 00030194 00000000 00030194 00000000 0000006a 00000000 00000000 00000000 002417fc 00000000 000301fe 00000000 00000000 00000000 00000000 00000039 008b3199 00000001 00000000 00000001 00000000 00000000 00000000 00000000 00000000 00000000 00000000 00000000 00000000 00000000 00000000 00000000 00000000 00000000 00000000 00000000 ce2bb4ae 00000001 8aa179be 00000000 00000000 00000000 00000000 00000000 00000100 00000080 00000000 00000000 00000000 00000000 00000000 00000000 00000000 00003333 00004ccd 00002667 00000001 00000000 01c9c380 0000027c
capture_snapshot GLI1 00010000 30000000 2500000 14 0 30000000 0 0 0 0 0 0 0 8a7d66c4 00000000 8aa4793c 00000000 0003418b 00000000 0003418a 00000000 0000006a 00000000 00000000 00000000 00271788 00000000 000341f5 00000000 00000000 00000000 00000000 0000003b 008b3199 00000001 00000001 00000001 00000000 00000000 00000000 00000000 00000000 00000000 00000000 00000000 00000000 00000000 00000000 00000000 00000000 00000000 00000000 00000000 ce35b31a 00000001 8aa4794a 00000000 00000000 00000000 00000000 00000000 00000101 00000081 00000000 00000000 00000000 00000000 00000000 00000000 00000000 00003333 00004ccd 00002667 00000001 00000000 01c9c380 0000027c
capture_snapshot GLI1 00010000 30000000 2500000 15 0 30000000 0 0 0 0 0 0 0 8a7d66c4 00000000 8aa779a8 00000000 00038194 00000000 00038194 00000000 0000006a 00000000 00000000 00000000 002a17fe 00000000 000381fe 00000000 00000000 00000000 00000000 00000039 008b3199 00000001 00000000 00000001 00000000 00000000 00000000 00000000 00000000 00000000 00000000 00000000 00000000 00000000 00000000 00000000 00000000 00000000 00000000 00000000 ce3fb48f 00000001 8aa779c0 00000000 00000000 00000000 00000000 00000000 00000101 00000081 00000000 00000000 00000000 00000000 00000000 00000000 00000000 00003333 00004ccd 00002667 00000001 00000000 01c9c380 0000027c
capture_snapshot GLI1 00010000 30000000 2500000 16 0 30000000 0 0 0 0 0 0 0 8a7d66c4 00000000 8aaa78dc 00000000 0003c183 00000000 0003c183 00000000 0000006a 00000000 00000000 00000000 002d172a 00000000 0003c1ed 00000000 00000000 00000000 00000000 00000039 008b3199 00000001 00000000 00000001 00000000 00000000 00000000 00000000 00000000 00000000 00000000 00000000 00000000 00000000 00000000 00000000 00000000 00000000 00000000 00000000 ce49b1b9 00000001 8aaa78ec 00000000 00000000 00000000 00000000 00000000 00000101 00000081 00000000 00000000 00000000 00000000 00000000 00000000 00000000 00003333 00004ccd 00002667 00000001 00000000 01c9c380 0000027c
capture_snapshot GLI1 00010000 30000000 2500000 17 0 30000000 0 0 0 0 0 0 0 8a7d66c4 00000000 8aad7918 00000000 00040188 00000000 00040188 00000000 0000006a 00000000 00000000 00000000 00301770 00000000 000401f2 00000000 00000000 00000000 00000000 00000039 008b3199 00000001 00000000 00000001 00000000 00000000 00000000 00000000 00000000 00000000 00000000 00000000 00000000 00000000 00000000 00000000 00000000 00000000 00000000 00000000 ce53b28e 00000001 8aad7932 00000000 00000000 00000000 00000000 00000000 00000101 00000080 00000000 00000000 00000000 00000000 00000000 00000000 00000000 00003333 00004ccd 00002667 00000001 00000000 01c9c380 0000027c
capture_snapshot GLI1 00010000 30000000 2500000 18 0 30000000 0 0 0 0 0 0 0 8a7d66c4 00000000 8ab078d0 00000000 00044182 00000000 00044182 00000000 0000006a 00000000 00000000 00000000 00331720 00000000 000441ec 00000000 00000000 00000000 00000000 00000039 008b3199 00000001 00000000 00000001 00000000 00000000 00000000 00000000 00000000 00000000 00000000 00000000 00000000 00000000 00000000 00000000 00000000 00000000 00000000 00000000 ce5db171 00000001 8ab078e2 00000000 00000000 00000000 00000000 00000000 00000101 00000081 00000000 00000000 00000000 00000000 00000000 00000000 00000000 00003333 00004ccd 00002667 00000001 00000000 01c9c380 0000027c
capture_snapshot GLI1 00010000 30000000 2500000 19 0 30000000 0 0 0 0 0 0 0 8a7d66c4 00000000 8ab37918 00000000 00048188 00000000 00048188 00000000 0000006a 00000000 00000000 00000000 0036176c 00000000 000481f2 00000000 00000000 00000000 00000000 00000039 008b3199 00000001 00000000 00000001 00000000 00000000 00000000 00000000 00000000 00000000 00000000 00000000 00000000 00000000 00000000 00000000 00000000 00000000 00000000 00000000 ce67b25c 00000001 8ab3792e 00000000 00000000 00000000 00000000 00000000 00000100 00000080 00000000 00000000 00000000 00000000 00000000 00000000 00000000 00003333 00004ccd 00002667 00000001 00000000 01c9c380 0000027c
capture_snapshot GLI1 00010000 30000000 2500000 20 0 30000000 0 0 0 0 0 0 0 8a7d66c4 00000000 8ab6799c 00000000 0004c193 00000000 0004c193 00000000 0000006a 00000000 00000000 00000000 003917f4 00000000 0004c1fd 00000000 00000000 00000000 00000000 00000039 008b3199 00000001 00000000 00000001 00000000 00000000 00000000 00000000 00000000 00000000 00000000 00000000 00000000 00000000 00000000 00000000 00000000 00000000 00000000 00000000 ce71b40c 00000001 8ab679b6 00000000 00000000 00000000 00000000 00000000 00000101 00000080 00000000 00000000 00000000 00000000 00000000 00000000 00000000 00003333 00004ccd 00002667 00000001 00000000 01c9c380 0000027c
capture_snapshot GLI1 00010000 30000000 2500000 21 0 30000000 0 0 0 0 0 0 0 8a7d66c4 00000000 8ab979b4 00000000 00050195 00000000 00050195 00000000 0000006a 00000000 00000000 00000000 003c1806 00000000 000501ff 00000000 00000000 00000000 00000000 00000039 008b3199 00000001 00000000 00000001 00000000 00000000 00000000 00000000 00000000 00000000 00000000 00000000 00000000 00000000 00000000 00000000 00000000 00000000 00000000 00000000 ce7bb434 00000001 8ab979c8 00000000 00000000 00000000 00000000 00000000 00000101 00000080 00000000 00000000 00000000 00000000 00000000 00000000 00000000 00003333 00004ccd 00002667 00000001 00000000 01c9c380 0000027c
capture_snapshot GLI1 00010000 30000000 2500000 22 0 30000000 0 0 0 0 0 0 0 8a7d66c4 00000000 8abc79c0 00000000 00054196 00000000 00054196 00000000 0000006a 00000000 00000000 00000000 003f1815 00000000 00054200 00000000 00000000 00000000 00000000 00000039 008b3199 00000001 00000000 00000001 00000000 00000000 00000000 00000000 00000000 00000000 00000000 00000000 00000000 00000000 00000000 00000000 00000000 00000000 00000000 00000000 ce85b454 00000001 8abc79d7 00000000 00000000 00000000 00000000 00000000 00000101 00000081 00000000 00000000 00000000 00000000 00000000 00000000 00000000 00003333 00004ccd 00002667 00000001 00000000 01c9c380 0000027c
capture_snapshot GLI1 00010000 30000000 2500000 23 0 30000000 0 0 0 0 0 0 0 8a7d66c4 00000000 8abf7a08 00000000 0005819c 00000000 0005819c 00000000 0000006a 00000000 00000000 00000000 00421859 00000000 00058206 00000000 00000000 00000000 00000000 00000039 008b3199 00000001 00000000 00000001 00000000 00000000 00000000 00000000 00000000 00000000 00000000 00000000 00000000 00000000 00000000 00000000 00000000 00000000 00000000 00000000 ce8fb523 00000001 8abf7a1b 00000000 00000000 00000000 00000000 00000000 00000101 00000081 00000000 00000000 00000000 00000000 00000000 00000000 00000000 00003333 00004ccd 00002667 00000001 00000000 01c9c380 0000027c
capture_snapshot GLI1 00010000 30000000 2500000 24 0 30000000 0 0 0 0 0 0 0 8a7d66c4 00000000 8ac279c0 00000000 0005c196 00000000 0005c196 00000000 0000006a 00000000 00000000 00000000 00451813 00000000 0005c200 00000000 00000000 00000000 00000000 00000039 008b3199 00000001 00000000 00000001 00000000 00000000 00000000 00000000 00000000 00000000 00000000 00000000 00000000 00000000 00000000 00000000 00000000 00000000 00000000 00000000 ce99b426 00000001 8ac279d5 00000000 00000000 00000000 00000000 00000000 00000101 00000081 00000000 00000000 00000000 00000000 00000000 00000000 00000000 00003333 00004ccd 00002667 00000001 00000000 01c9c380 0000027c
capture_snapshot GLI1 00010000 30000000 2500000 25 0 30000000 0 0 0 0 0 0 0 8a7d66c4 00000000 8ac57948 00000000 0006018c 00000000 0006018c 00000000 0000006a 00000000 00000000 00000000 0048179a 00000000 000601f6 00000000 00000000 00000000 00000000 00000039 008b3199 00000001 00000000 00000001 00000000 00000000 00000000 00000000 00000000 00000000 00000000 00000000 00000000 00000000 00000000 00000000 00000000 00000000 00000000 00000000 cea3b280 00000001 8ac5795c 00000000 00000000 00000000 00000000 00000000 00000100 00000080 00000000 00000000 00000000 00000000 00000000 00000000 00000000 00003333 00004ccd 00002667 00000001 00000000 01c9c380 0000027c
capture_snapshot GLI1 00010000 30000000 2500000 26 0 30000000 0 0 0 0 0 0 0 8a7d66c4 00000000 8ac87abc 00000000 000641ab 00000000 000641ab 00000000 0000006a 00000000 00000000 00000000 004b1910 00000000 00064215 00000000 00000000 00000000 00000000 00000039 008b3199 00000001 00000000 00000001 00000000 00000000 00000000 00000000 00000000 00000000 00000000 00000000 00000000 00000000 00000000 00000000 00000000 00000000 00000000 00000000 ceadb74a 00000001 8ac87ad2 00000000 00000000 00000000 00000000 00000000 00000101 00000081 00000000 00000000 00000000 00000000 00000000 00000000 00000000 00003333 00004ccd 00002667 00000001 00000000 01c9c380 0000027c
capture_snapshot GLI1 00010000 30000000 2500000 27 0 30000000 0 0 0 0 0 0 0 8a7d66c4 00000000 8acb7948 00000000 0006818c 00000000 0006818c 00000000 0000006a 00000000 00000000 00000000 004e1795 00000000 000681f6 00000000 00000000 00000000 00000000 00000039 008b3199 00000001 00000000 00000001 00000000 00000000 00000000 00000000 00000000 00000000 00000000 00000000 00000000 00000000 00000000 00000000 00000000 00000000 00000000 00000000 ceb7b246 00000001 8acb7957 00000000 00000000 00000000 00000000 00000000 00000100 00000080 00000000 00000000 00000000 00000000 00000000 00000000 00000000 00003333 00004ccd 00002667 00000001 00000000 01c9c380 0000027c
capture_snapshot GLI1 00010000 30000000 2500000 28 0 30000000 0 0 0 0 0 0 0 8a7d66c4 00000000 8ace7a08 00000000 0006c19c 00000000 0006c19c 00000000 0000006a 00000000 00000000 00000000 00511857 00000000 0006c206 00000000 00000000 00000000 00000000 00000039 008b3199 00000001 00000000 00000001 00000000 00000000 00000000 00000000 00000000 00000000 00000000 00000000 00000000 00000000 00000000 00000000 00000000 00000000 00000000 00000000 cec1b4bb 00000001 8ace7a19 00000000 00000000 00000000 00000000 00000000 00000101 00000081 00000000 00000000 00000000 00000000 00000000 00000000 00000000 00003333 00004ccd 00002667 00000001 00000000 01c9c380 0000027c
capture_snapshot GLI1 00010000 30000000 2500000 29 0 30000000 0 0 0 0 0 0 0 8a7d66c4 00000000 8ad179a8 00000000 00070194 00000000 00070194 00000000 0000006a 00000000 00000000 00000000 005417f7 00000000 000701fe 00000000 00000000 00000000 00000000 00000039 008b3199 00000001 00000000 00000001 00000000 00000000 00000000 00000000 00000000 00000000 00000000 00000000 00000000 00000000 00000000 00000000 00000000 00000000 00000000 00000000 cecbb367 00000001 8ad179b9 00000000 00000000 00000000 00000000 00000000 00000101 00000081 00000000 00000000 00000000 00000000 00000000 00000000 00000000 00003333 00004ccd 00002667 00000001 00000000 01c9c380 0000027c
capture_snapshot GLI1 00010000 30000000 2500000 30 0 30000000 0 0 0 0 0 0 0 8a7d66c4 00000000 8ad4796c 00000000 0007418f 00000000 0007418f 00000000 0000006a 00000000 00000000 00000000 005717c0 00000000 000741f9 00000000 00000000 00000000 00000000 00000039 008b3199 00000001 00000000 00000001 00000000 00000000 00000000 00000000 00000000 00000000 00000000 00000000 00000000 00000000 00000000 00000000 00000000 00000000 00000000 00000000 ced5b29d 00000001 8ad47982 00000000 00000000 00000000 00000000 00000000 00000101 00000080 00000000 00000000 00000000 00000000 00000000 00000000 00000000 00003333 00004ccd 00002667 00000001 00000000 01c9c380 0000027c
capture_snapshot GLI1 00010000 30000000 2500000 31 0 30000000 0 0 0 0 0 0 0 8a7d66c4 00000000 8ad7799c 00000000 00078193 00000000 00078193 00000000 0000006a 00000000 00000000 00000000 005a17ef 00000000 000781fd 00000000 00000000 00000000 00000000 00000039 008b3199 00000001 00000000 00000001 00000000 00000000 00000000 00000000 00000000 00000000 00000000 00000000 00000000 00000000 00000000 00000000 00000000 00000000 00000000 00000000 cedfb326 00000001 8ad779b1 00000000 00000000 00000000 00000000 00000000 00000101 00000080 00000000 00000000 00000000 00000000 00000000 00000000 00000000 00003333 00004ccd 00002667 00000001 00000000 01c9c380 0000027c
capture_snapshot GLI1 00010000 30000000 2500000 32 0 30000000 0 0 0 0 0 0 0 8a7d66c4 00000000 8ada79d8 00000000 0007c198 00000000 0007c198 00000000 0000006a 00000000 00000000 00000000 005d1826 00000000 0007c202 00000000 00000000 00000000 00000000 00000039 008b3199 00000001 00000000 00000001 00000000 00000000 00000000 00000000 00000000 00000000 00000000 00000000 00000000 00000000 00000000 00000000 00000000 00000000 00000000 00000000 cee9b3c9 00000001 8ada79e8 00000000 00000000 00000000 00000000 00000000 00000101 00000081 00000000 00000000 00000000 00000000 00000000 00000000 00000000 00003333 00004ccd 00002667 00000001 00000000 01c9c380 0000027c
capture_snapshot GLI1 00010000 30000000 2500000 33 0 30000000 0 0 0 0 0 0 0 8a7d66c4 00000000 8add7888 00000000 0008017c 00000000 0008017c 00000000 0000006a 00000000 00000000 00000000 006016e0 00000000 000801e6 00000000 00000000 00000000 00000000 00000039 008b3199 00000001 00000000 00000001 00000000 00000000 00000000 00000000 00000000 00000000 00000000 00000000 00000000 00000000 00000000 00000000 00000000 00000000 00000000 00000000 cef3af77 00000001 8add78a2 00000000 00000000 00000000 00000000 00000000 00000101 00000081 00000000 00000000 00000000 00000000 00000000 00000000 00000000 00003333 00004ccd 00002667 00000001 00000000 01c9c380 0000027c
capture_snapshot GLI1 00010000 30000000 2500000 34 0 30000000 0 0 0 0 0 0 0 8a7d66c4 00000000 8ae079e4 00000000 00084199 00000000 00084199 00000000 0000006a 00000000 00000000 00000000 00631832 00000000 00084203 00000000 00000000 00000000 00000000 00000039 008b3199 00000001 00000000 00000001 00000000 00000000 00000000 00000000 00000000 00000000 00000000 00000000 00000000 00000000 00000000 00000000 00000000 00000000 00000000 00000000 cefdb3cb 00000001 8ae079f4 00000000 00000000 00000000 00000000 00000000 00000100 00000080 00000000 00000000 00000000 00000000 00000000 00000000 00000000 00003333 00004ccd 00002667 00000001 00000000 01c9c380 0000027c
capture_snapshot GLI1 00010000 30000000 2500000 35 0 30000000 0 0 0 0 0 0 0 8a7d66c4 00000000 8ae379e4 00000000 00088199 00000000 00088198 00000000 0000006a 00000000 00000000 00000000 00661830 00000000 00088203 00000000 00000000 00000000 00000000 0000003b 008b3199 00000001 00000001 00000001 00000000 00000000 00000000 00000000 00000000 00000000 00000000 00000000 00000000 00000000 00000000 00000000 00000000 00000000 00000000 00000000 cf07b3b1 00000001 8ae379f2 00000000 00000000 00000000 00000000 00000000 00000100 00000080 00000000 00000000 00000000 00000000 00000000 00000000 00000000 00003333 00004ccd 00002667 00000001 00000000 01c9c380 0000027c
capture_snapshot GLI1 00010000 30000000 2500000 36 0 30000000 0 0 0 0 0 0 0 8a7d66c4 00000000 8ae67960 00000000 0008c18e 00000000 0008c18e 00000000 0000006a 00000000 00000000 00000000 006917b0 00000000 0008c1f8 00000000 00000000 00000000 00000000 00000039 008b3199 00000001 00000000 00000001 00000000 00000000 00000000 00000000 00000000 00000000 00000000 00000000 00000000 00000000 00000000 00000000 00000000 00000000 00000000 00000000 cf11b1f3 00000001 8ae67972 00000000 00000000 00000000 00000000 00000000 00000100 00000080 00000000 00000000 00000000 00000000 00000000 00000000 00000000 00003333 00004ccd 00002667 00000001 00000000 01c9c380 0000027c
capture_snapshot GLI1 00010000 30000000 2500000 37 0 30000000 0 0 0 0 0 0 0 8a7d66c4 00000000 8ae978e8 00000000 00090184 00000000 00090184 00000000 0000006a 00000000 00000000 00000000 006c1738 00000000 000901ee 00000000 00000000 00000000 00000000 00000039 008b3199 00000001 00000000 00000001 00000000 00000000 00000000 00000000 00000000 00000000 00000000 00000000 00000000 00000000 00000000 00000000 00000000 00000000 00000000 00000000 cf1bb04e 00000001 8ae978fa 00000000 00000000 00000000 00000000 00000000 00000101 00000081 00000000 00000000 00000000 00000000 00000000 00000000 00000000 00003333 00004ccd 00002667 00000001 00000000 01c9c380 0000027c
capture_snapshot GLI1 00010000 30000000 2500000 38 0 30000000 0 0 0 0 0 0 0 8a7d66c4 00000000 8aec79cc 00000000 00094197 00000000 00094197 00000000 0000006a 00000000 00000000 00000000 006f181d 00000000 00094201 00000000 00000000 00000000 00000000 00000039 008b3199 00000001 00000000 00000001 00000000 00000000 00000000 00000000 00000000 00000000 00000000 00000000 00000000 00000000 00000000 00000000 00000000 00000000 00000000 00000000 cf25b336 00000001 8aec79df 00000000 00000000 00000000 00000000 00000000 00000101 00000081 00000000 00000000 00000000 00000000 00000000 00000000 00000000 00003333 00004ccd 00002667 00000001 00000000 01c9c380 0000027c
capture_snapshot GLI1 00010000 30000000 2500000 39 0 30000000 0 0 0 0 0 0 0 8a7d66c4 00000000 8aef793c 00000000 0009818b 00000000 0009818b 00000000 0000006a 00000000 00000000 00000000 00721793 00000000 000981f5 00000000 00000000 00000000 00000000 00000039 008b3199 00000001 00000000 00000001 00000000 00000000 00000000 00000000 00000000 00000000 00000000 00000000 00000000 00000000 00000000 00000000 00000000 00000000 00000000 00000000 cf2fb156 00000001 8aef7955 00000000 00000000 00000000 00000000 00000000 00000101 00000080 00000000 00000000 00000000 00000000 00000000 00000000 00000000 00003333 00004ccd 00002667 00000001 00000000 01c9c380 0000027c
capture_snapshot GLI1 00010000 30000000 2500000 40 0 30000000 0 0 0 0 0 0 0 8a7d66c4 00000000 8af27ab0 00000000 0009c1aa 00000000 0009c1aa 00000000 0000006a 00000000 00000000 00000000 00751904 00000000 0009c214 00000000 00000000 00000000 00000000 00000039 008b3199 00000001 00000000 00000001 00000000 00000000 00000000 00000000 00000000 00000000 00000000 00000000 00000000 00000000 00000000 00000000 00000000 00000000 00000000 00000000 cf39b610 00000001 8af27ac6 00000000 00000000 00000000 00000000 00000000 00000101 00000080 00000000 00000000 00000000 00000000 00000000 00000000 00000000 00003333 00004ccd 00002667 00000001 00000000 01c9c380 0000027c
capture_snapshot GLI1 00010000 30000000 2500000 41 0 30000000 0 0 0 0 0 0 0 8a7d66c4 00000000 8af5799c 00000000 000a0193 00000000 000a0193 00000000 0000006a 00000000 00000000 00000000 007817f1 00000000 000a01fd 00000000 00000000 00000000 00000000 00000039 008b3199 00000001 00000000 00000001 00000000 00000000 00000000 00000000 00000000 00000000 00000000 00000000 00000000 00000000 00000000 00000000 00000000 00000000 00000000 00000000 cf43b26a 00000001 8af579b3 00000000 00000000 00000000 00000000 00000000 00000100 00000081 00000000 00000000 00000000 00000000 00000000 00000000 00000000 00003333 00004ccd 00002667 00000001 00000000 01c9c380 0000027c
capture_snapshot GLI1 00010000 30000000 2500000 42 0 30000000 0 0 0 0 0 0 0 8a7d66c4 00000000 8af87978 00000000 000a4190 00000000 000a4190 00000000 0000006a 00000000 00000000 00000000 007b17c8 00000000 000a41fa 00000000 00000000 00000000 00000000 00000039 008b3199 00000001 00000000 00000001 00000000 00000000 00000000 00000000 00000000 00000000 00000000 00000000 00000000 00000000 00000000 00000000 00000000 00000000 00000000 00000000 cf4db1ce 00000001 8af8798a 00000000 00000000 00000000 00000000 00000000 00000100 00000080 00000000 00000000 00000000 00000000 00000000 00000000 00000000 00003333 00004ccd 00002667 00000001 00000000 01c9c380 0000027c
capture_snapshot GLI1 00010000 30000000 2500000 43 0 30000000 0 0 0 0 0 0 0 8a7d66c4 00000000 8afb78d0 00000000 000a8182 00000000 000a8182 00000000 0000006a 00000000 00000000 00000000 007e1721 00000000 000a81ec 00000000 00000000 00000000 00000000 00000039 008b3199 00000001 00000000 00000001 00000000 00000000 00000000 00000000 00000000 00000000 00000000 00000000 00000000 00000000 00000000 00000000 00000000 00000000 00000000 00000000 cf57af8d 00000001 8afb78e3 00000000 00000000 00000000 00000000 00000000 00000101 00000081 00000000 00000000 00000000 00000000 00000000 00000000 00000000 00003333 00004ccd 00002667 00000001 00000000 01c9c380 0000027c
capture_snapshot GLI1 00010000 30000000 2500000 44 0 30000000 0 0 0 0 0 0 0 8a7d66c4 00000000 8afe7924 00000000 000ac189 00000000 000ac189 00000000 0000006a 00000000 00000000 00000000 00811771 00000000 000ac1f3 00000000 00000000 00000000 00000000 00000039 008b3199 00000001 00000000 00000001 00000000 00000000 00000000 00000000 00000000 00000000 00000000 00000000 00000000 00000000 00000000 00000000 00000000 00000000 00000000 00000000 cf61b082 00000001 8afe7933 00000000 00000000 00000000 00000000 00000000 00000100 00000080 00000000 00000000 00000000 00000000 00000000 00000000 00000000 00003333 00004ccd 00002667 00000001 00000000 01c9c380 0000027c
capture_snapshot GLI1 00010000 30000000 2500000 45 0 30000000 0 0 0 0 0 0 0 8a7d66c4 00000000 8b0178e8 00000000 000b0184 00000000 000b0184 00000000 0000006a 00000000 00000000 00000000 0084173b 00000000 000b01ee 00000000 00000000 00000000 00000000 00000039 008b3199 00000001 00000000 00000001 00000000 00000000 00000000 00000000 00000000 00000000 00000000 00000000 00000000 00000000 00000000 00000000 00000000 00000000 00000000 00000000 cf6bafbc 00000001 8b0178fd 00000000 00000000 00000000 00000000 00000000 00000101 00000081 00000000 00000000 00000000 00000000 00000000 00000000 00000000 00003333 00004ccd 00002667 00000001 00000000 01c9c380 0000027c
capture_snapshot GLI1 00010000 30000000 2500000 46 0 30000000 0 0 0 0 0 0 0 8a7d66c4 00000000 8b0478b8 00000000 000b4180 00000000 000b4180 00000000 0000006a 00000000 00000000 00000000 00871709 00000000 000b41ea 00000000 00000000 00000000 00000000 00000039 008b3199 00000001 00000000 00000001 00000000 00000000 00000000 00000000 00000000 00000000 00000000 00000000 00000000 00000000 00000000 00000000 00000000 00000000 00000000 00000000 cf75af04 00000001 8b0478cb 00000000 00000000 00000000 00000000 00000000 00000100 00000080 00000000 00000000 00000000 00000000 00000000 00000000 00000000 00003333 00004ccd 00002667 00000001 00000000 01c9c380 0000027c
capture_snapshot GLI1 00010000 30000000 2500000 47 0 30000000 0 0 0 0 0 0 0 8a7d66c4 00000000 8b0778dc 00000000 000b8183 00000000 000b8183 00000000 0000006a 00000000 00000000 00000000 008a172f 00000000 000b81ed 00000000 00000000 00000000 00000000 00000039 008b3199 00000001 00000000 00000001 00000000 00000000 00000000 00000000 00000000 00000000 00000000 00000000 00000000 00000000 00000000 00000000 00000000 00000000 00000000 00000000 cf7faf6e 00000001 8b0778f1 00000000 00000000 00000000 00000000 00000000 00000101 00000080 00000000 00000000 00000000 00000000 00000000 00000000 00000000 00003333 00004ccd 00002667 00000001 00000000 01c9c380 0000027c
capture_snapshot GLI1 00010000 30000000 2500000 48 0 30000000 0 0 0 0 0 0 0 8a7d66c4 00000000 8b0a79c0 00000000 000bc196 00000000 000bc196 00000000 0000006a 00000000 00000000 00000000 008d1811 00000000 000bc200 00000000 00000000 00000000 00000000 00000039 008b3199 00000001 00000000 00000001 00000000 00000000 00000000 00000000 00000000 00000000 00000000 00000000 00000000 00000000 00000000 00000000 00000000 00000000 00000000 00000000 cf89b24a 00000001 8b0a79d3 00000000 00000000 00000000 00000000 00000000 00000101 00000080 00000000 00000000 00000000 00000000 00000000 00000000 00000000 00003333 00004ccd 00002667 00000001 00000000 01c9c380 0000027c
capture_snapshot GLI1 00010000 30000000 2500000 49 0 30000000 0 0 0 0 0 0 0 8a7d66c4 00000000 8b0d799c 00000000 000c0193 00000000 000c0193 00000000 0000006a 00000000 00000000 00000000 009017ea 00000000 000c01fd 00000000 00000000 00000000 00000000 00000039 008b3199 00000001 00000000 00000001 00000000 00000000 00000000 00000000 00000000 00000000 00000000 00000000 00000000 00000000 00000000 00000000 00000000 00000000 00000000 00000000 cf93b1b7 00000001 8b0d79ac 00000000 00000000 00000000 00000000 00000000 00000100 00000080 00000000 00000000 00000000 00000000 00000000 00000000 00000000 00003333 00004ccd 00002667 00000001 00000000 01c9c380 0000027c
capture_snapshot GLI1 00010000 30000000 2500000 50 0 30000000 0 0 0 0 0 0 0 8a7d66c4 00000000 8b10793c 00000000 000c418b 00000000 000c418b 00000000 0000006a 00000000 00000000 00000000 00931794 00000000 000c41f5 00000000 00000000 00000000 00000000 00000039 008b3199 00000001 00000000 00000001 00000000 00000000 00000000 00000000 00000000 00000000 00000000 00000000 00000000 00000000 00000000 00000000 00000000 00000000 00000000 00000000 cf9db082 00000001 8b107956 00000000 00000000 00000000 00000000 00000000 00000100 00000080 00000000 00000000 00000000 00000000 00000000 00000000 00000000 00003333 00004ccd 00002667 00000001 00000000 01c9c380 0000027c
capture_snapshot GLI1 00010000 30000000 2500000 51 0 30000000 0 0 0 0 0 0 0 8a7d66c4 00000000 8b137924 00000000 000c8189 00000000 000c8189 00000000 0000006a 00000000 00000000 00000000 0096177b 00000000 000c81f3 00000000 00000000 00000000 00000000 00000039 008b3199 00000001 00000000 00000001 00000000 00000000 00000000 00000000 00000000 00000000 00000000 00000000 00000000 00000000 00000000 00000000 00000000 00000000 00000000 00000000 cfa7b01d 00000001 8b13793d 00000000 00000000 00000000 00000000 00000000 00000101 00000081 00000000 00000000 00000000 00000000 00000000 00000000 00000000 00003333 00004ccd 00002667 00000001 00000000 01c9c380 0000027c
capture_snapshot GLI1 00010000 30000000 2500000 52 0 30000000 0 0 0 0 0 0 0 8a7d66c4 00000000 8b1678c4 00000000 000cc181 00000000 000cc181 00000000 0000006a 00000000 00000000 00000000 00991719 00000000 000cc1eb 00000000 00000000 00000000 00000000 00000039 008b3199 00000001 00000000 00000001 00000000 00000000 00000000 00000000 00000000 00000000 00000000 00000000 00000000 00000000 00000000 00000000 00000000 00000000 00000000 00000000 cfb1aec4 00000001 8b1678db 00000000 00000000 00000000 00000000 00000000 00000100 00000080 00000000 00000000 00000000 00000000 00000000 00000000 00000000 00003333 00004ccd 00002667 00000001 00000000 01c9c380 0000027c
capture_snapshot GLI1 00010000 30000000 2500000 53 0 30000000 0 0 0 0 0 0 0 8a7d66c4 00000000 8b197834 00000000 000d0175 00000000 000d0175 00000000 0000006a 00000000 00000000 00000000 009c1686 00000000 000d01df 00000000 00000000 00000000 00000000 00000039 008b3199 00000001 00000000 00000001 00000000 00000000 00000000 00000000 00000000 00000000 00000000 00000000 00000000 00000000 00000000 00000000 00000000 00000000 00000000 00000000 cfbbacc6 00000001 8b197848 00000000 00000000 00000000 00000000 00000000 00000100 00000080 00000000 00000000 00000000 00000000 00000000 00000000 00000000 00003333 00004ccd 00002667 00000001 00000000 01c9c380 0000027c
capture_snapshot GLI1 00010000 30000000 2500000 54 0 30000000 0 0 0 0 0 0 0 8a7d66c4 00000000 8b1c78dc 00000000 000d4183 00000000 000d4183 00000000 0000006a 00000000 00000000 00000000 009f1730 00000000 000d41ed 00000000 00000000 00000000 00000000 00000039 008b3199 00000001 00000000 00000001 00000000 00000000 00000000 00000000 00000000 00000000 00000000 00000000 00000000 00000000 00000000 00000000 00000000 00000000 00000000 00000000 cfc5aee7 00000001 8b1c78f2 00000000 00000000 00000000 00000000 00000000 00000101 00000080 00000000 00000000 00000000 00000000 00000000 00000000 00000000 00003333 00004ccd 00002667 00000001 00000000 01c9c380 0000027c
capture_snapshot GLI1 00010000 30000000 2500000 55 0 30000000 0 0 0 0 0 0 0 8a7d66c4 00000000 8b1f7954 00000000 000d818d 00000000 000d818d 00000000 0000006a 00000000 00000000 00000000 00a217a5 00000000 000d81f7 00000000 00000000 00000000 00000000 00000039 008b3199 00000001 00000000 00000001 00000000 00000000 00000000 00000000 00000000 00000000 00000000 00000000 00000000 00000000 00000000 00000000 00000000 00000000 00000000 00000000 cfcfb05a 00000001 8b1f7967 00000000 00000000 00000000 00000000 00000000 00000101 00000081 00000000 00000000 00000000 00000000 00000000 00000000 00000000 00003333 00004ccd 00002667 00000001 00000000 01c9c380 0000027c
capture_snapshot GLI1 00010000 30000000 2500000 56 0 30000000 0 0 0 0 0 0 0 8a7d66c4 00000000 8b2279b4 00000000 000dc195 00000000 000dc195 00000000 0000006a 00000000 00000000 00000000 00a5180c 00000000 000dc1ff 00000000 00000000 00000000 00000000 00000039 008b3199 00000001 00000000 00000001 00000000 00000000 00000000 00000000 00000000 00000000 00000000 00000000 00000000 00000000 00000000 00000000 00000000 00000000 00000000 00000000 cfd9b19e 00000001 8b2279ce 00000000 00000000 00000000 00000000 00000000 00000101 00000081 00000000 00000000 00000000 00000000 00000000 00000000 00000000 00003333 00004ccd 00002667 00000001 00000000 01c9c380 0000027c
capture_snapshot GLI1 00010000 30000000 2500000 57 0 30000000 0 0 0 0 0 0 0 8a7d66c4 00000000 8b257a20 00000000 000e019e 00000000 000e019e 00000000 0000006a 00000000 00000000 00000000 00a8186e 00000000 000e0208 00000000 00000000 00000000 00000000 00000039 008b3199 00000001 00000000 00000001 00000000 00000000 00000000 00000000 00000000 00000000 00000000 00000000 00000000 00000000 00000000 00000000 00000000 00000000 00000000 00000000 cfe3b2d1 00000001 8b257a30 00000000 00000000 00000000 00000000 00000000 00000101 00000081 00000000 00000000 00000000 00000000 00000000 00000000 00000000 00003333 00004ccd 00002667 00000001 00000000 01c9c380 0000027c
capture_snapshot GLI1 00010000 30000000 2500000 58 0 30000000 0 0 0 0 0 0 0 8a7d66c4 00000000 8b2879a8 00000000 000e4194 00000000 000e4194 00000000 0000006a 00000000 00000000 00000000 00ab17fc 00000000 000e41fe 00000000 00000000 00000000 00000000 00000039 008b3199 00000001 00000000 00000001 00000000 00000000 00000000 00000000 00000000 00000000 00000000 00000000 00000000 00000000 00000000 00000000 00000000 00000000 00000000 00000000 cfedb141 00000001 8b2879be 00000000 00000000 00000000 00000000 00000000 00000101 00000080 00000000 00000000 00000000 00000000 00000000 00000000 00000000 00003333 00004ccd 00002667 00000001 00000000 01c9c380 0000027c
capture_snapshot GLI1 00010000 30000000 2500000 59 0 30000000 0 0 0 0 0 0 0 8a7d66c4 00000000 8b2b7990 00000000 000e8192 00000000 000e8192 00000000 0000006a 00000000 00000000 00000000 00ae17e4 00000000 000e81fc 00000000 00000000 00000000 00000000 00000039 008b3199 00000001 00000000 00000001 00000000 00000000 00000000 00000000 00000000 00000000 00000000 00000000 00000000 00000000 00000000 00000000 00000000 00000000 00000000 00000000 cff7b0dd 00000001 8b2b79a6 00000000 00000000 00000000 00000000 00000000 00000100 00000080 00000000 00000000 00000000 00000000 00000000 00000000 00000000 00003333 00004ccd 00002667 00000001 00000000 01c9c380 0000027c
capture_snapshot GLI1 00010000 30000000 2500000 60 0 30000000 0 0 0 0 0 0 0 8a7d66c4 00000000 8b2e79b4 00000000 000ec195 00000000 000ec195 00000000 0000006a 00000000 00000000 00000000 00b11806 00000000 000ec1ff 00000000 00000000 00000000 00000000 00000039 008b3199 00000001 00000000 00000001 00000000 00000000 00000000 00000000 00000000 00000000 00000000 00000000 00000000 00000000 00000000 00000000 00000000 00000000 00000000 00000000 d001b13d 00000001 8b2e79c8 00000000 00000000 00000000 00000000 00000000 00000101 00000081 00000000 00000000 00000000 00000000 00000000 00000000 00000000 00003333 00004ccd 00002667 00000001 00000000 01c9c380 0000027c
capture_snapshot GLI1 00010000 30000000 2500000 61 0 30000000 0 0 0 0 0 0 0 8a7d66c4 00000000 8b317990 00000000 000f0192 00000000 000f0192 00000000 0000006a 00000000 00000000 00000000 00b417e5 00000000 000f01fc 00000000 00000000 00000000 00000000 00000039 008b3199 00000001 00000000 00000001 00000000 00000000 00000000 00000000 00000000 00000000 00000000 00000000 00000000 00000000 00000000 00000000 00000000 00000000 00000000 00000000 d00bb0bb 00000001 8b3179a7 00000000 00000000 00000000 00000000 00000000 00000101 00000081 00000000 00000000 00000000 00000000 00000000 00000000 00000000 00003333 00004ccd 00002667 00000001 00000000 01c9c380 0000027c
capture_snapshot GLI1 00010000 30000000 2500000 62 0 30000000 0 0 0 0 0 0 0 8a7d66c4 00000000 8b34796c 00000000 000f418f 00000000 000f418f 00000000 0000006a 00000000 00000000 00000000 00b717bc 00000000 000f41f9 00000000 00000000 00000000 00000000 00000039 008b3199 00000001 00000000 00000001 00000000 00000000 00000000 00000000 00000000 00000000 00000000 00000000 00000000 00000000 00000000 00000000 00000000 00000000 00000000 00000000 d015b01d 00000001 8b34797e 00000000 00000000 00000000 00000000 00000000 00000100 00000080 00000000 00000000 00000000 00000000 00000000 00000000 00000000 00003333 00004ccd 00002667 00000001 00000000 01c9c380 0000027c
capture_snapshot GLI1 00010000 30000000 2500000 63 0 30000000 0 0 0 0 0 0 0 8a7d66c4 00000000 8b377a5c 00000000 000f81a3 00000000 000f81a3 00000000 0000006a 00000000 00000000 00000000 00ba18a9 00000000 000f820d 00000000 00000000 00000000 00000000 00000039 008b3199 00000001 00000000 00000001 00000000 00000000 00000000 00000000 00000000 00000000 00000000 00000000 00000000 00000000 00000000 00000000 00000000 00000000 00000000 00000000 d01fb322 00000001 8b377a6b 00000000 00000000 00000000 00000000 00000000 00000100 00000081 00000000 00000000 00000000 00000000 00000000 00000000 00000000 00003333 00004ccd 00002667 00000001 00000000 01c9c380 0000027c
capture_snapshot GLI1 00010000 30000000 2500000 64 0 30000000 0 0 0 0 0 0 0 8a7d66c4 00000000 8b3a79e4 00000000 000fc199 00000000 000fc199 00000000 0000006a 00000000 00000000 00000000 00bd1839 00000000 000fc203 00000000 00000000 00000000 00000000 00000039 008b3199 00000001 00000000 00000001 00000000 00000000 00000000 00000000 00000000 00000000 00000000 00000000 00000000 00000000 00000000 00000000 00000000 00000000 00000000 00000000 d029b19a 00000001 8b3a79fb 00000000 00000000 00000000 00000000 00000000 00000100 00000080 00000000 00000000 00000000 00000000 00000000 00000000 00000000 00003333 00004ccd 00002667 00000001 00000000 01c9c380 0000027c
capture_snapshot GLI1 00010000 30000000 2500000 65 0 30000000 0 0 0 0 0 0 0 8a7d66c4 00000000 8b3d7c78 00000000 001001d0 00000000 001001d0 00000000 0000006a 00000000 00000000 00000000 00c01acc 00000000 0010023a 00000000 00000000 00000000 00000000 00000039 008b3199 00000001 00000000 00000001 00000000 00000000 00000000 00000000 00000000 00000000 00000000 00000000 00000000 00000000 00000000 00000000 00000000 00000000 00000000 00000000 d033ba1a 00000001 8b3d7c8e 00000000 00000000 00000000 00000000 00000000 00000101 00000080 00000000 00000000 00000000 00000000 00000000 00000000 00000000 00003333 00004ccd 00002667 00000001 00000000 01c9c380 0000027c
capture_snapshot GLI1 00010000 30000000 2500000 66 0 30000000 0 0 0 0 0 0 0 8a7d66c4 00000000 8b407a68 00000000 001041a4 00000000 001041a4 00000000 0000006a 00000000 00000000 00000000 00c318bf 00000000 0010420e 00000000 00000000 00000000 00000000 00000039 008b3199 00000001 00000000 00000001 00000000 00000000 00000000 00000000 00000000 00000000 00000000 00000000 00000000 00000000 00000000 00000000 00000000 00000000 00000000 00000000 d03db331 00000001 8b407a81 00000000 00000000 00000000 00000000 00000000 00000100 00000080 00000000 00000000 00000000 00000000 00000000 00000000 00000000 00003333 00004ccd 00002667 00000001 00000000 01c9c380 0000027c
capture_snapshot GLI1 00010000 30000000 2500000 67 0 30000000 0 0 0 0 0 0 0 8a7d66c4 00000000 8b437954 00000000 0010818d 00000000 0010818d 00000000 0000006a 00000000 00000000 00000000 00c617a6 00000000 001081f7 00000000 00000000 00000000 00000000 00000039 008b3199 00000001 00000000 00000001 00000000 00000000 00000000 00000000 00000000 00000000 00000000 00000000 00000000 00000000 00000000 00000000 00000000 00000000 00000000 00000000 d047af73 00000001 8b437968 00000000 00000000 00000000 00000000 00000000 00000101 00000080 00000000 00000000 00000000 00000000 00000000 00000000 00000000 00003333 00004ccd 00002667 00000001 00000000 01c9c380 0000027c
capture_snapshot GLI1 00010000 30000000 2500000 68 0 30000000 0 0 0 0 0 0 0 8a7d66c4 00000000 8b4678f4 00000000 0010c185 00000000 0010c185 00000000 0000006a 00000000 00000000 00000000 00c91744 00000000 0010c1ef 00000000 00000000 00000000 00000000 00000039 008b3199 00000001 00000000 00000001 00000000 00000000 00000000 00000000 00000000 00000000 00000000 00000000 00000000 00000000 00000000 00000000 00000000 00000000 00000000 00000000 d051ae1b 00000001 8b467906 00000000 00000000 00000000 00000000 00000000 00000100 00000080 00000000 00000000 00000000 00000000 00000000 00000000 00000000 00003333 00004ccd 00002667 00000001 00000000 01c9c380 0000027c
capture_snapshot GLI1 00010000 30000000 2500000 69 0 30000000 0 0 0 0 0 0 0 8a7d66c4 00000000 8b4979cc 00000000 00110197 00000000 00110197 00000000 0000006a 00000000 00000000 00000000 00cc1822 00000000 00110201 00000000 00000000 00000000 00000000 00000039 008b3199 00000001 00000000 00000001 00000000 00000000 00000000 00000000 00000000 00000000 00000000 00000000 00000000 00000000 00000000 00000000 00000000 00000000 00000000 00000000 d05bb0e9 00000001 8b4979e4 00000000 00000000 00000000 00000000 00000000 00000101 00000080 00000000 00000000 00000000 00000000 00000000 00000000 00000000 00003333 00004ccd 00002667 00000001 00000000 01c9c380 0000027c
capture_snapshot GLI1 00010000 30000000 2500000 70 0 30000000 0 0 0 0 0 0 0 8a7d66c4 00000000 8b4c79c0 00000000 00114196 00000000 00114196 00000000 0000006a 00000000 00000000 00000000 00cf1818 00000000 00114200 00000000 00000000 00000000 00000000 00000039 008b3199 00000001 00000000 00000001 00000000 00000000 00000000 00000000 00000000 00000000 00000000 00000000 00000000 00000000 00000000 00000000 00000000 00000000 00000000 00000000 d065b0b5 00000001 8b4c79da 00000000 00000000 00000000 00000000 00000000 00000101 00000081 00000000 00000000 00000000 00000000 00000000 00000000 00000000 00003333 00004ccd 00002667 00000001 00000000 01c9c380 0000027c
capture_snapshot GLI1 00010000 30000000 2500000 71 0 30000000 0 0 0 0 0 0 0 8a7d66c4 00000000 8b4f78b8 00000000 00118180 00000000 00118180 00000000 0000006a 00000000 00000000 00000000 00d2170d 00000000 001181ea 00000000 00000000 00000000 00000000 00000039 008b3199 00000001 00000000 00000001 00000000 00000000 00000000 00000000 00000000 00000000 00000000 00000000 00000000 00000000 00000000 00000000 00000000 00000000 00000000 00000000 d06fad26 00000001 8b4f78cf 00000000 00000000 00000000 00000000 00000000 00000100 00000080 00000000 00000000 00000000 00000000 00000000 00000000 00000000 00003333 00004ccd 00002667 00000001 00000000 01c9c380 0000027c
capture_snapshot GLI1 00010000 30000000 2500000 72 0 30000000 0 0 0 0 0 0 0 8a7d66c4 00000000 8b5279f0 00000000 0011c19a 00000000 0011c19a 00000000 0000006a 00000000 00000000 00000000 00d51840 00000000 0011c204 00000000 00000000 00000000 00000000 00000039 008b3199 00000001 00000000 00000001 00000000 00000000 00000000 00000000 00000000 00000000 00000000 00000000 00000000 00000000 00000000 00000000 00000000 00000000 00000000 00000000 d079b113 00000001 8b527a02 00000000 00000000 00000000 00000000 00000000 00000101 00000081 00000000 00000000 00000000 00000000 00000000 00000000 00000000 00003333 00004ccd 00002667 00000001 00000000 01c9c380 0000027c
capture_snapshot GLI1 00010000 30000000 2500000 73 0 30000000 0 0 0 0 0 0 0 8a7d66c4 00000000 8b557930 00000000 0012018a 00000000 0012018a 00000000 0000006a 00000000 00000000 00000000 00d81784 00000000 001201f4 00000000 00000000 00000000 00000000 00000039 008b3199 00000001 00000000 00000001 00000000 00000000 00000000 00000000 00000000 00000000 00000000 00000000 00000000 00000000 00000000 00000000 00000000 00000000 00000000 00000000 d083ae8d 00000001 8b557946 00000000 00000000 00000000 00000000 00000000 00000101 00000081 00000000 00000000 00000000 00000000 00000000 00000000 00000000 00003333 00004ccd 00002667 00000001 00000000 01c9c380 0000027c
capture_snapshot GLI1 00010000 30000000 2500000 74 0 30000000 0 0 0 0 0 0 0 8a7d66c4 00000000 8b5878f4 00000000 00124185 00000000 00124185 00000000 0000006a 00000000 00000000 00000000 00db1745 00000000 001241ef 00000000 00000000 00000000 00000000 00000039 008b3199 00000001 00000000 00000001 00000000 00000000 00000000 00000000 00000000 00000000 00000000 00000000 00000000 00000000 00000000 00000000 00000000 00000000 00000000 00000000 d08dada9 00000001 8b587907 00000000 00000000 00000000 00000000 00000000 00000100 00000081 00000000 00000000 00000000 00000000 00000000 00000000 00000000 00003333 00004ccd 00002667 00000001 00000000 01c9c380 0000027c
capture_snapshot GLI1 00010000 30000000 2500000 75 0 30000000 0 0 0 0 0 0 0 8a7d66c4 00000000 8b5b79fc 00000000 0012819b 00000000 0012819b 00000000 0000006a 00000000 00000000 00000000 00de184d 00000000 00128205 00000000 00000000 00000000 00000000 00000039 008b3199 00000001 00000000 00000001 00000000 00000000 00000000 00000000 00000000 00000000 00000000 00000000 00000000 00000000 00000000 00000000 00000000 00000000 00000000 00000000 d097b104 00000001 8b5b7a0f 00000000 00000000 00000000 00000000 00000000 00000101 00000081 00000000 00000000 00000000 00000000 00000000 00000000 00000000 00003333 00004ccd 00002667 00000001 00000000 01c9c380 0000027c
capture_snapshot GLI1 00010000 30000000 2500000 76 0 30000000 0 0 0 0 0 0 0 8a7d66c4 00000000 8b5e7930 00000000 0012c18a 00000000 0012c18a 00000000 0000006a 00000000 00000000 00000000 00e11781 00000000 0012c1f4 00000000 00000000 00000000 00000000 00000039 008b3199 00000001 00000000 00000001 00000000 00000000 00000000 00000000 00000000 00000000 00000000 00000000 00000000 00000000 00000000 00000000 00000000 00000000 00000000 00000000 d0a1ae4a 00000001 8b5e7943 00000000 00000000 00000000 00000000 00000000 00000100 00000080 00000000 00000000 00000000 00000000 00000000 00000000 00000000 00003333 00004ccd 00002667 00000001 00000000 01c9c380 0000027c
capture_snapshot GLI1 00010000 30000000 2500000 77 0 30000000 0 0 0 0 0 0 0 8a7d66c4 00000000 8b6178c4 00000000 00130181 00000000 00130181 00000000 0000006a 00000000 00000000 00000000 00e41719 00000000 001301eb 00000000 00000000 00000000 00000000 00000039 008b3199 00000001 00000000 00000001 00000000 00000000 00000000 00000000 00000000 00000000 00000000 00000000 00000000 00000000 00000000 00000000 00000000 00000000 00000000 00000000 d0abacda 00000001 8b6178db 00000000 00000000 00000000 00000000 00000000 00000101 00000080 00000000 00000000 00000000 00000000 00000000 00000000 00000000 00003333 00004ccd 00002667 00000001 00000000 01c9c380 0000027c
capture_snapshot GLI1 00010000 30000000 2500000 78 0 30000000 0 0 0 0 0 0 0 8a7d66c4 00000000 8b648194 00000000 0013423d 00000000 0013423d 00000000 0000006a 00000000 00000000 00000000 00e71fe9 00000000 001342a7 00000000 00000000 00000000 00000000 00000039 008b3199 00000001 00000000 00000001 00000000 00000000 00000000 00000000 00000000 00000000 00000000 00000000 00000000 00000000 00000000 00000000 00000000 00000000 00000000 00000000 d0b5ca26 00000001 8b6481ab 00000000 00000000 00000000 00000000 00000000 00000101 00000080 00000000 00000000 00000000 00000000 00000000 00000000 00000000 00003333 00004ccd 00002667 00000001 00000000 01c9c380 0000027c
capture_snapshot GLI1 00010000 30000000 2500000 79 0 30000000 0 0 0 0 0 0 0 8a7d66c4 00000000 8b678980 00000000 001382e6 00000000 001382e6 00000000 0000006a 00000000 00000000 00000000 00ea27d1 00000000 00138350 00000000 00000000 00000000 00000000 00000039 008b3199 00000001 00000000 00000001 00000000 00000000 00000000 00000000 00000000 00000000 00000000 00000000 00000000 00000000 00000000 00000000 00000000 00000000 00000000 00000000 d0bfe46e 00000001 8b678993 00000000 00000000 00000000 00000000 00000000 00000101 00000081 00000000 00000000 00000000 00000000 00000000 00000000 00000000 00003333 00004ccd 00002667 00000001 00000000 01c9c380 0000027c
capture_snapshot GLI1 00010000 30000000 2500000 80 0 30000000 0 0 0 0 0 0 0 8a7d66c4 00000000 8b6a8470 00000000 0013c27a 00000000 0013c27a 00000000 0000006a 00000000 00000000 00000000 00ed22be 00000000 0013c2e4 00000000 00000000 00000000 00000000 00000039 008b3199 00000001 00000000 00000001 00000000 00000000 00000000 00000000 00000000 00000000 00000000 00000000 00000000 00000000 00000000 00000000 00000000 00000000 00000000 00000000 d0c9d370 00000001 8b6a8480 00000000 00000000 00000000 00000000 00000000 00000101 00000081 00000000 00000000 00000000 00000000 00000000 00000000 00000000 00003333 00004ccd 00002667 00000001 00000000 01c9c380 0000027c
capture_snapshot GLI1 00010000 30000000 2500000 81 0 30000000 0 0 0 0 0 0 0 8a7d66c4 00000000 8b6d847c 00000000 0014027b 00000000 0014027b 00000000 0000006a 00000000 00000000 00000000 00f022ce 00000000 001402e5 00000000 00000000 00000000 00000000 00000039 008b3199 00000001 00000000 00000001 00000000 00000000 00000000 00000000 00000000 00000000 00000000 00000000 00000000 00000000 00000000 00000000 00000000 00000000 00000000 00000000 d0d3d392 00000001 8b6d8490 00000000 00000000 00000000 00000000 00000000 00000101 00000081 00000000 00000000 00000000 00000000 00000000 00000000 00000000 00003333 00004ccd 00002667 00000001 00000000 01c9c380 0000027c
capture_snapshot GLI1 00010000 30000000 2500000 82 0 30000000 0 0 0 0 0 0 0 8a7d66c4 00000000 8b708c68 00000000 00144324 00000000 00144324 00000000 0000006a 00000000 00000000 00000000 00f32abe 00000000 0014438e 00000000 00000000 00000000 00000000 00000039 008b3199 00000001 00000000 00000001 00000000 00000000 00000000 00000000 00000000 00000000 00000000 00000000 00000000 00000000 00000000 00000000 00000000 00000000 00000000 00000000 d0ddedf5 00000001 8b708c80 00000000 00000000 00000000 00000000 00000000 00000100 00000080 00000000 00000000 00000000 00000000 00000000 00000000 00000000 00003333 00004ccd 00002667 00000001 00000000 01c9c380 0000027c
capture_snapshot GLI1 00010000 30000000 2500000 83 0 30000000 0 0 0 0 0 0 0 8a7d66c4 00000000 8b7384dc 00000000 00148283 00000000 00148283 00000000 0000006a 00000000 00000000 00000000 00f6232e 00000000 001482ed 00000000 00000000 00000000 00000000 00000039 008b3199 00000001 00000000 00000001 00000000 00000000 00000000 00000000 00000000 00000000 00000000 00000000 00000000 00000000 00000000 00000000 00000000 00000000 00000000 00000000 d0e7d4ad 00000001 8b7384f0 00000000 00000000 00000000 00000000 00000000 00000100 00000080 00000000 00000000 00000000 00000000 00000000 00000000 00000000 00003333 00004ccd 00002667 00000001 00000000 01c9c380 0000027c
capture_snapshot GLI1 00010000 30000000 2500000 84 0 30000000 0 0 0 0 0 0 0 8a7d66c4 00000000 8b76853c 00000000 0014c28b 00000000 0014c28b 00000000 0000006a 00000000 00000000 00000000 00f9238e 00000000 0014c2f5 00000000 00000000 00000000 00000000 00000039 008b3199 00000001 00000000 00000001 00000000 00000000 00000000 00000000 00000000 00000000 00000000 00000000 00000000 00000000 00000000 00000000 00000000 00000000 00000000 00000000 d0f1d5d7 00000001 8b768550 00000000 00000000 00000000 00000000 00000000 00000101 00000080 00000000 00000000 00000000 00000000 00000000 00000000 00000000 00003333 00004ccd 00002667 00000001 00000000 01c9c380 0000027c
capture_snapshot GLI1 00010000 30000000 2500000 85 0 30000000 0 0 0 0 0 0 0 8a7d66c4 00000000 8b7984ac 00000000 0015027f 00000000 0015027f 00000000 0000006a 00000000 00000000 00000000 00fc22fe 00000000 001502e9 00000000 00000000 00000000 00000000 00000039 008b3199 00000001 00000000 00000001 00000000 00000000 00000000 00000000 00000000 00000000 00000000 00000000 00000000 00000000 00000000 00000000 00000000 00000000 00000000 00000000 d0fbd3e5 00000001 8b7984c0 00000000 00000000 00000000 00000000 00000000 00000101 00000081 00000000 00000000 00000000 00000000 00000000 00000000 00000000 00003333 00004ccd 00002667 00000001 00000000 01c9c380 0000027c
capture_snapshot GLI1 00010000 30000000 2500000 86 0 30000000 0 0 0 0 0 0 0 8a7d66c4 00000000 8b7c8578 00000000 00154290 00000000 00154290 00000000 0000006a 00000000 00000000 00000000 00ff23ca 00000000 001542fa 00000000 00000000 00000000 00000000 00000039 008b3199 00000001 00000000 00000001 00000000 00000000 00000000 00000000 00000000 00000000 00000000 00000000 00000000 00000000 00000000 00000000 00000000 00000000 00000000 00000000 d105d67a 00000001 8b7c858c 00000000 00000000 00000000 00000000 00000000 00000100 00000080 00000000 00000000 00000000 00000000 00000000 00000000 00000000 00003333 00004ccd 00002667 00000001 00000000 01c9c380 0000027c
capture_snapshot GLI1 00010000 30000000 2500000 87 0 30000000 0 0 0 0 0 0 0 8a7d66c4 00000000 8b7f8650 00000000 001582a2 00000000 001582a2 00000000 0000006a 00000000 00000000 00000000 010224a1 00000000 0015830c 00000000 00000000 00000000 00000000 00000039 008b3199 00000001 00000000 00000001 00000000 00000000 00000000 00000000 00000000 00000000 00000000 00000000 00000000 00000000 00000000 00000000 00000000 00000000 00000000 00000000 d10fd932 00000001 8b7f8663 00000000 00000000 00000000 00000000 00000000 00000101 00000081 00000000 00000000 00000000 00000000 00000000 00000000 00000000 00003333 00004ccd 00002667 00000001 00000000 01c9c380 0000027c
capture_snapshot GLI1 00010000 30000000 2500000 88 0 30000000 0 0 0 0 0 0 0 8a7d66c4 00000000 8b8284e8 00000000 0015c284 00000000 0015c284 00000000 0000006a 00000000 00000000 00000000 0105233f 00000000 0015c2ee 00000000 00000000 00000000 00000000 00000039 008b3199 00000001 00000000 00000001 00000000 00000000 00000000 00000000 00000000 00000000 00000000 00000000 00000000 00000000 00000000 00000000 00000000 00000000 00000000 00000000 d119d482 00000001 8b828501 00000000 00000000 00000000 00000000 00000000 00000101 00000081 00000000 00000000 00000000 00000000 00000000 00000000 00000000 00003333 00004ccd 00002667 00000001 00000000 01c9c380 0000027c
capture_snapshot GLI1 00010000 30000000 2500000 89 0 30000000 0 0 0 0 0 0 0 8a7d66c4 00000000 8b858578 00000000 00160290 00000000 00160290 00000000 0000006a 00000000 00000000 00000000 010823ca 00000000 001602fa 00000000 00000000 00000000 00000000 00000039 008b3199 00000001 00000000 00000001 00000000 00000000 00000000 00000000 00000000 00000000 00000000 00000000 00000000 00000000 00000000 00000000 00000000 00000000 00000000 00000000 d123d640 00000001 8b85858c 00000000 00000000 00000000 00000000 00000000 00000100 00000080 00000000 00000000 00000000 00000000 00000000 00000000 00000000 00003333 00004ccd 00002667 00000001 00000000 01c9c380 0000027c
capture_snapshot GLI1 00010000 30000000 2500000 90 0 30000000 0 0 0 0 0 0 0 8a7d66c4 00000000 8b8887b8 00000000 001642c0 00000000 001642c0 00000000 0000006a 00000000 00000000 00000000 010b260f 00000000 0016432a 00000000 00000000 00000000 00000000 00000039 008b3199 00000001 00000000 00000001 00000000 00000000 00000000 00000000 00000000 00000000 00000000 00000000 00000000 00000000 00000000 00000000 00000000 00000000 00000000 00000000 d12dddbb 00000001 8b8887d1 00000000 00000000 00000000 00000000 00000000 00000101 00000081 00000000 00000000 00000000 00000000 00000000 00000000 00000000 00003333 00004ccd 00002667 00000001 00000000 01c9c380 0000027c
capture_snapshot GLI1 00010000 30000000 2500000 91 0 30000000 0 0 0 0 0 0 0 8a7d66c4 00000000 8b8b8854 00000000 001682cd 00000000 001682cd 00000000 0000006a 00000000 00000000 00000000 010e26a7 00000000 00168337 00000000 00000000 00000000 00000000 00000039 008b3199 00000001 00000000 00000001 00000000 00000000 00000000 00000000 00000000 00000000 00000000 00000000 00000000 00000000 00000000 00000000 00000000 00000000 00000000 00000000 d137dfa3 00000001 8b8b8869 00000000 00000000 00000000 00000000 00000000 00000101 00000080 00000000 00000000 00000000 00000000 00000000 00000000 00000000 00003333 00004ccd 00002667 00000001 00000000 01c9c380 0000027c
capture_snapshot GLI1 00010000 30000000 2500000 92 0 30000000 0 0 0 0 0 0 0 8a7d66c4 00000000 8b8e8794 00000000 0016c2bd 00000000 0016c2bd 00000000 0000006a 00000000 00000000 00000000 011125eb 00000000 0016c327 00000000 00000000 00000000 00000000 00000039 008b3199 00000001 00000000 00000001 00000000 00000000 00000000 00000000 00000000 00000000 00000000 00000000 00000000 00000000 00000000 00000000 00000000 00000000 00000000 00000000 d141dd1b 00000001 8b8e87ad 00000000 00000000 00000000 00000000 00000000 00000100 00000080 00000000 00000000 00000000 00000000 00000000 00000000 00000000 00003333 00004ccd 00002667 00000001 00000000 01c9c380 0000027c
capture_snapshot GLI1 00010000 30000000 2500000 93 0 30000000 0 0 0 0 0 0 0 8a7d66c4 00000000 8b918404 00000000 00170271 00000000 00170271 00000000 0000006a 00000000 00000000 00000000 01142252 00000000 001702db 00000000 00000000 00000000 00000000 00000039 008b3199 00000001 00000000 00000001 00000000 00000000 00000000 00000000 00000000 00000000 00000000 00000000 00000000 00000000 00000000 00000000 00000000 00000000 00000000 00000000 d14bd10b 00000001 8b918414 00000000 00000000 00000000 00000000 00000000 00000101 00000081 00000000 00000000 00000000 00000000 00000000 00000000 00000000 00003333 00004ccd 00002667 00000001 00000000 01c9c380 0000027c
capture_snapshot GLI1 00010000 30000000 2500000 94 0 30000000 0 0 0 0 0 0 0 8a7d66c4 00000000 8b948440 00000000 00174276 00000000 00174276 00000000 0000006a 00000000 00000000 00000000 01172293 00000000 001742e0 00000000 00000000 00000000 00000000 00000039 008b3199 00000001 00000000 00000001 00000000 00000000 00000000 00000000 00000000 00000000 00000000 00000000 00000000 00000000 00000000 00000000 00000000 00000000 00000000 00000000 d155d1cf 00000001 8b948455 00000000 00000000 00000000 00000000 00000000 00000101 00000080 00000000 00000000 00000000 00000000 00000000 00000000 00000000 00003333 00004ccd 00002667 00000001 00000000 01c9c380 0000027c
capture_snapshot GLI1 00010000 30000000 2500000 95 0 30000000 0 0 0 0 0 0 0 8a7d66c4 00000000 8b978404 00000000 00178271 00000000 00178271 00000000 0000006a 00000000 00000000 00000000 011a2251 00000000 001782db 00000000 00000000 00000000 00000000 00000039 008b3199 00000001 00000000 00000001 00000000 00000000 00000000 00000000 00000000 00000000 00000000 00000000 00000000 00000000 00000000 00000000 00000000 00000000 00000000 00000000 d15fd0e0 00000001 8b978413 00000000 00000000 00000000 00000000 00000000 00000101 00000080 00000000 00000000 00000000 00000000 00000000 00000000 00000000 00003333 00004ccd 00002667 00000001 00000000 01c9c380 0000027c
capture_snapshot GLI1 00010000 30000000 2500000 96 0 30000000 0 0 0 0 0 0 0 8a7d66c4 00000000 8b9a8518 00000000 0017c288 00000000 0017c288 00000000 0000006a 00000000 00000000 00000000 011d2367 00000000 0017c2f2 00000000 00000000 00000000 00000000 00000039 008b3199 00000001 00000000 00000001 00000000 00000000 00000000 00000000 00000000 00000000 00000000 00000000 00000000 00000000 00000000 00000000 00000000 00000000 00000000 00000000 d169d46c 00000001 8b9a8529 00000000 00000000 00000000 00000000 00000000 00000101 00000081 00000000 00000000 00000000 00000000 00000000 00000000 00000000 00003333 00004ccd 00002667 00000001 00000000 01c9c380 0000027c
capture_snapshot GLI1 00010000 30000000 2500000 97 0 30000000 0 0 0 0 0 0 0 8a7d66c4 00000000 8b9d8914 00000000 001802dd 00000000 001802dd 00000000 0000006a 00000000 00000000 00000000 01202762 00000000 00180347 00000000 00000000 00000000 00000000 00000039 008b3199 00000001 00000000 00000001 00000000 00000000 00000000 00000000 00000000 00000000 00000000 00000000 00000000 00000000 00000000 00000000 00000000 00000000 00000000 00000000 d173e19d 00000001 8b9d8924 00000000 00000000 00000000 00000000 00000000 00000101 00000081 00000000 00000000 00000000 00000000 00000000 00000000 00000000 00003333 00004ccd 00002667 00000001 00000000 01c9c380 0000027c
capture_snapshot GLI1 00010000 30000000 2500000 98 0 30000000 0 0 0 0 0 0 0 8a7d66c4 00000000 8ba08be4 00000000 00184319 00000000 00184319 00000000 0000006a 00000000 00000000 00000000 01232a39 00000000 00184383 00000000 00000000 00000000 00000000 00000039 008b3199 00000001 00000000 00000001 00000000 00000000 00000000 00000000 00000000 00000000 00000000 00000000 00000000 00000000 00000000 00000000 00000000 00000000 00000000 00000000 d17deb00 00000001 8ba08bfb 00000000 00000000 00000000 00000000 00000000 00000101 00000081 00000000 00000000 00000000 00000000 00000000 00000000 00000000 00003333 00004ccd 00002667 00000001 00000000 01c9c380 0000027c
capture_snapshot GLI1 00010000 30000000 2500000 99 0 30000000 0 0 0 0 0 0 0 8a7d66c4 00000000 8ba38da0 00000000 0018833e 00000000 0018833e 00000000 0000006a 00000000 00000000 00000000 01262bf5 00000000 001883a8 00000000 00000000 00000000 00000000 00000039 008b3199 00000001 00000000 00000001 00000000 00000000 00000000 00000000 00000000 00000000 00000000 00000000 00000000 00000000 00000000 00000000 00000000 00000000 00000000 00000000 d187f0b4 00000001 8ba38db7 00000000 00000000 00000000 00000000 00000000 00000101 00000080 00000000 00000000 00000000 00000000 00000000 00000000 00000000 00003333 00004ccd 00002667 00000001 00000000 01c9c380 0000027c
capture_snapshot GLI1 00010000 30000000 2500000 100 0 30000000 0 0 0 0 0 0 0 8a7d66c4 00000000 8ba68f74 00000000 0018c365 00000000 0018c365 00000000 0000006a 00000000 00000000 00000000 01292dc3 00000000 0018c3cf 00000000 00000000 00000000 00000000 00000039 008b3199 00000001 00000000 00000001 00000000 00000000 00000000 00000000 00000000 00000000 00000000 00000000 00000000 00000000 00000000 00000000 00000000 00000000 00000000 00000000 d191f6a4 00000001 8ba68f85 00000000 00000000 00000000 00000000 00000000 00000100 00000080 00000000 00000000 00000000 00000000 00000000 00000000 00000000 00003333 00004ccd 00002667 00000001 00000000 01c9c380 0000027c
capture_snapshot GLI1 00010000 30000000 2500000 101 0 30000000 0 0 0 0 0 0 0 8a7d66c4 00000000 8ba999e8 00000000 00190444 00000000 00190444 00000000 0000006a 00000000 00000000 00000000 012c3835 00000000 001904ae 00000000 00000000 00000000 00000000 00000039 008b3199 00000001 00000000 00000001 00000000 00000000 00000000 00000000 00000000 00000000 00000000 00000000 00000000 00000000 00000000 00000000 00000000 00000000 00000000 00000000 d19c1965 00000001 8ba999f7 00000000 00000000 00000000 00000000 00000000 00000100 00000080 00000000 00000000 00000000 00000000 00000000 00000000 00000000 00003333 00004ccd 00002667 00000001 00000000 01c9c380 0000027c
capture_snapshot GLI1 00010000 30000000 2500000 102 0 30000000 0 0 0 0 0 0 0 8a7d66c4 00000000 8bac8b30 00000000 0019430a 00000000 0019430a 00000000 0000006a 00000000 00000000 00000000 012f2987 00000000 00194374 00000000 00000000 00000000 00000000 00000039 008b3199 00000001 00000000 00000001 00000000 00000000 00000000 00000000 00000000 00000000 00000000 00000000 00000000 00000000 00000000 00000000 00000000 00000000 00000000 00000000 d1a5e860 00000001 8bac8b49 00000000 00000000 00000000 00000000 00000000 00000101 00000080 00000000 00000000 00000000 00000000 00000000 00000000 00000000 00003333 00004ccd 00002667 00000001 00000000 01c9c380 0000027c
capture_snapshot GLI1 00010000 30000000 2500000 103 0 30000000 0 0 0 0 0 0 0 8a7d66c4 00000000 8baf8fc8 00000000 0019836c 00000000 0019836c 00000000 0000006a 00000000 00000000 00000000 01322e1e 00000000 001983d6 00000000 00000000 00000000 00000000 00000039 008b3199 00000001 00000000 00000001 00000000 00000000 00000000 00000000 00000000 00000000 00000000 00000000 00000000 00000000 00000000 00000000 00000000 00000000 00000000 00000000 d1aff79a 00000001 8baf8fe0 00000000 00000000 00000000 00000000 00000000 00000101 00000081 00000000 00000000 00000000 00000000 00000000 00000000 00000000 00003333 00004ccd 00002667 00000001 00000000 01c9c380 0000027c
capture_snapshot GLI1 00010000 30000000 2500000 104 0 30000000 0 0 0 0 0 0 0 8a7d66c4 00000000 8bb28920 00000000 0019c2de 00000000 0019c2de 00000000 0000006a 00000000 00000000 00000000 0135276e 00000000 0019c348 00000000 00000000 00000000 00000000 00000039 008b3199 00000001 00000000 00000001 00000000 00000000 00000000 00000000 00000000 00000000 00000000 00000000 00000000 00000000 00000000 00000000 00000000 00000000 00000000 00000000 d1b9e13d 00000001 8bb28930 00000000 00000000 00000000 00000000 00000000 00000101 00000081 00000000 00000000 00000000 00000000 00000000 00000000 00000000 00003333 00004ccd 00002667 00000001 00000000 01c9c380 0000027c
capture_snapshot GLI1 00010000 30000000 2500000 105 0 30000000 0 0 0 0 0 0 0 8a7d66c4 00000000 8bb58908 00000000 001a02dc 00000000 001a02dc 00000000 0000006a 00000000 00000000 00000000 01382759 00000000 001a0346 00000000 00000000 00000000 00000000 00000039 008b3199 00000001 00000000 00000001 00000000 00000000 00000000 00000000 00000000 00000000 00000000 00000000 00000000 00000000 00000000 00000000 00000000 00000000 00000000 00000000 d1c3e0e1 00000001 8bb5891b 00000000 00000000 00000000 00000000 00000000 00000100 00000080 00000000 00000000 00000000 00000000 00000000 00000000 00000000 00003333 00004ccd 00002667 00000001 00000000 01c9c380 0000027c
capture_snapshot GLI1 00010000 30000000 2500000 106 0 30000000 0 0 0 0 0 0 0 8a7d66c4 00000000 8bb88cd4 00000000 001a432d 00000000 001a432d 00000000 0000006a 00000000 00000000 00000000 013b2b28 00000000 001a4397 00000000 00000000 00000000 00000000 00000039 008b3199 00000001 00000000 00000001 00000000 00000000 00000000 00000000 00000000 00000000 00000000 00000000 00000000 00000000 00000000 00000000 00000000 00000000 00000000 00000000 d1cded81 00000001 8bb88cea 00000000 00000000 00000000 00000000 00000000 00000101 00000081 00000000 00000000 00000000 00000000 00000000 00000000 00000000 00003333 00004ccd 00002667 00000001 00000000 01c9c380 0000027c
capture_snapshot GLI1 00010000 30000000 2500000 107 0 30000000 0 0 0 0 0 0 0 8a7d66c4 00000000 8bbb8b90 00000000 001a8312 00000000 001a8312 00000000 0000006a 00000000 00000000 00000000 013e29e1 00000000 001a837c 00000000 00000000 00000000 00000000 00000039 008b3199 00000001 00000000 00000001 00000000 00000000 00000000 00000000 00000000 00000000 00000000 00000000 00000000 00000000 00000000 00000000 00000000 00000000 00000000 00000000 d1d7e92b 00000001 8bbb8ba3 00000000 00000000 00000000 00000000 00000000 00000101 00000080 00000000 00000000 00000000 00000000 00000000 00000000 00000000 00003333 00004ccd 00002667 00000001 00000000 01c9c380 0000027c
capture_snapshot GLI1 00010000 30000000 2500000 108 0 30000000 0 0 0 0 0 0 0 8a7d66c4 00000000 8bbe8a28 00000000 001ac2f4 00000000 001ac2f3 00000000 0000006a 00000000 00000000 00000000 01412874 00000000 001ac35e 00000000 00000000 00000000 00000000 0000003b 008b3199 00000001 00000001 00000001 00000000 00000000 00000000 00000000 00000000 00000000 00000000 00000000 00000000 00000000 00000000 00000000 00000000 00000000 00000000 00000000 d1e1e458 00000001 8bbe8a36 00000000 00000000 00000000 00000000 00000000 00000101 00000080 00000000 00000000 00000000 00000000 00000000 00000000 00000000 00003333 00004ccd 00002667 00000001 00000000 01c9c380 0000027c
capture_snapshot GLI1 00010000 30000000 2500000 109 0 30000000 0 0 0 0 0 0 0 8a7d66c4 00000000 8bc188c0 00000000 001b02d6 00000000 001b02d6 00000000 0000006a 00000000 00000000 00000000 01442712 00000000 001b0340 00000000 00000000 00000000 00000000 00000039 008b3199 00000001 00000000 00000001 00000000 00000000 00000000 00000000 00000000 00000000 00000000 00000000 00000000 00000000 00000000 00000000 00000000 00000000 00000000 00000000 d1ebdfa9 00000001 8bc188d4 00000000 00000000 00000000 00000000 00000000 00000100 00000080 00000000 00000000 00000000 00000000 00000000 00000000 00000000 00003333 00004ccd 00002667 00000001 00000000 01c9c380 0000027c
capture_snapshot GLI1 00010000 30000000 2500000 110 0 30000000 0 0 0 0 0 0 0 8a7d66c4 00000000 8bc49064 00000000 001b4379 00000000 001b4379 00000000 0000006a 00000000 00000000 00000000 01472eb7 00000000 001b43e3 00000000 00000000 00000000 00000000 00000039 008b3199 00000001 00000000 00000001 00000000 00000000 00000000 00000000 00000000 00000000 00000000 00000000 00000000 00000000 00000000 00000000 00000000 00000000 00000000 00000000 d1f5f910 00000001 8bc49079 00000000 00000000 00000000 00000000 00000000 00000101 00000081 00000000 00000000 00000000 00000000 00000000 00000000 00000000 00003333 00004ccd 00002667 00000001 00000000 01c9c380 0000027c
capture_snapshot GLI1 00010000 30000000 2500000 111 0 30000000 0 0 0 0 0 0 0 8a7d66c4 00000000 8bc79e14 00000000 001b849d 00000000 001b849d 00000000 0000006a 00000000 00000000 00000000 014a3c65 00000000 001b8507 00000000 00000000 00000000 00000000 00000039 008b3199 00000001 00000000 00000001 00000000 00000000 00000000 00000000 00000000 00000000 00000000 00000000 00000000 00000000 00000000 00000000 00000000 00000000 00000000 00000000 d2002694 00000001 8bc79e27 00000000 00000000 00000000 00000000 00000000 00000101 00000080 00000000 00000000 00000000 00000000 00000000 00000000 00000000 00003333 00004ccd 00002667 00000001 00000000 01c9c380 0000027c
capture_snapshot GLI1 00010000 30000000 2500000 112 0 30000000 0 0 0 0 0 0 0 8a7d66c4 00000000 8bca9628 00000000 001bc3f4 00000000 001bc3f4 00000000 0000006a 00000000 00000000 00000000 014d347b 00000000 001bc45e 00000000 00000000 00000000 00000000 00000039 008b3199 00000001 00000000 00000001 00000000 00000000 00000000 00000000 00000000 00000000 00000000 00000000 00000000 00000000 00000000 00000000 00000000 00000000 00000000 00000000 d20a0c20 00000001 8bca963d 00000000 00000000 00000000 00000000 00000000 00000101 00000081 00000000 00000000 00000000 00000000 00000000 00000000 00000000 00003333 00004ccd 00002667 00000001 00000000 01c9c380 0000027c
capture_snapshot GLI1 00010000 30000000 2500000 113 0 30000000 0 0 0 0 0 0 0 8a7d66c4 00000000 8bcd89a4 00000000 001c02e9 00000000 001c02e9 00000000 0000006a 00000000 00000000 00000000 015027f8 00000000 001c0353 00000000 00000000 00000000 00000000 00000039 008b3199 00000001 00000000 00000001 00000000 00000000 00000000 00000000 00000000 00000000 00000000 00000000 00000000 00000000 00000000 00000000 00000000 00000000 00000000 00000000 d213e259 00000001 8bcd89ba 00000000 00000000 00000000 00000000 00000000 00000101 00000081 00000000 00000000 00000000 00000000 00000000 00000000 00000000 00003333 00004ccd 00002667 00000001 00000000 01c9c380 0000027c
capture_snapshot GLI1 00010000 30000000 2500000 114 0 30000000 0 0 0 0 0 0 0 8a7d66c4 00000000 8bd08aa0 00000000 001c42fe 00000000 001c42fe 00000000 0000006a 00000000 00000000 00000000 015328f2 00000000 001c4368 00000000 00000000 00000000 00000000 00000039 008b3199 00000001 00000000 00000001 00000000 00000000 00000000 00000000 00000000 00000000 00000000 00000000 00000000 00000000 00000000 00000000 00000000 00000000 00000000 00000000 d21de587 00000001 8bd08ab4 00000000 00000000 00000000 00000000 00000000 00000101 00000081 00000000 00000000 00000000 00000000 00000000 00000000 00000000 00003333 00004ccd 00002667 00000001 00000000 01c9c380 0000027c
capture_snapshot GLI1 00010000 30000000 2500000 115 0 30000000 0 0 0 0 0 0 0 8a7d66c4 00000000 8bd38f8c 00000000 001c8367 00000000 001c8367 00000000 0000006a 00000000 00000000 00000000 01562de2 00000000 001c83d1 00000000 00000000 00000000 00000000 00000039 008b3199 00000001 00000000 00000001 00000000 00000000 00000000 00000000 00000000 00000000 00000000 00000000 00000000 00000000 00000000 00000000 00000000 00000000 00000000 00000000 d227f5e9 00000001 8bd38fa4 00000000 00000000 00000000 00000000 00000000 00000100 00000080 00000000 00000000 00000000 00000000 00000000 00000000 00000000 00003333 00004ccd 00002667 00000001 00000000 01c9c380 0000027c
capture_snapshot GLI1 00010000 30000000 2500000 116 0 30000000 0 0 0 0 0 0 0 8a7d66c4 00000000 8bd68c98 00000000 001cc328 00000000 001cc328 00000000 0000006a 00000000 00000000 00000000 01592ae5 00000000 001cc392 00000000 00000000 00000000 00000000 00000039 008b3199 00000001 00000000 00000001 00000000 00000000 00000000 00000000 00000000 00000000 00000000 00000000 00000000 00000000 00000000 00000000 00000000 00000000 00000000 00000000 d231ebdd 00000001 8bd68ca7 00000000 00000000 00000000 00000000 00000000 00000100 00000080 00000000 00000000 00000000 00000000 00000000 00000000 00000000 00003333 00004ccd 00002667 00000001 00000000 01c9c380 0000027c
capture_snapshot GLI1 00010000 30000000 2500000 117 0 30000000 0 0 0 0 0 0 0 8a7d66c4 00000000 8bd98b78 00000000 001d0310 00000000 001d0310 00000000 0000006a 00000000 00000000 00000000 015c29c8 00000000 001d037a 00000000 00000000 00000000 00000000 00000039 008b3199 00000001 00000000 00000001 00000000 00000000 00000000 00000000 00000000 00000000 00000000 00000000 00000000 00000000 00000000 00000000 00000000 00000000 00000000 00000000 d23be815 00000001 8bd98b8a 00000000 00000000 00000000 00000000 00000000 00000101 00000081 00000000 00000000 00000000 00000000 00000000 00000000 00000000 00003333 00004ccd 00002667 00000001 00000000 01c9c380 0000027c
capture_snapshot GLI1 00010000 30000000 2500000 118 0 30000000 0 0 0 0 0 0 0 8a7d66c4 00000000 8bdc8938 00000000 001d42e0 00000000 001d42e0 00000000 0000006a 00000000 00000000 00000000 015f2790 00000000 001d434a 00000000 00000000 00000000 00000000 00000039 008b3199 00000001 00000000 00000001 00000000 00000000 00000000 00000000 00000000 00000000 00000000 00000000 00000000 00000000 00000000 00000000 00000000 00000000 00000000 00000000 d245e09b 00000001 8bdc8952 00000000 00000000 00000000 00000000 00000000 00000100 00000080 00000000 00000000 00000000 00000000 00000000 00000000 00000000 00003333 00004ccd 00002667 00000001 00000000 01c9c380 0000027c
capture_snapshot GLI1 00010000 30000000 2500000 119 0 30000000 0 0 0 0 0 0 0 8a7d66c4 00000000 8bdf8914 00000000 001d82dd 00000000 001d82dd 00000000 0000006a 00000000 00000000 00000000 01622761 00000000 001d8347 00000000 00000000 00000000 00000000 00000039 008b3199 00000001 00000000 00000001 00000000 00000000 00000000 00000000 00000000 00000000 00000000 00000000 00000000 00000000 00000000 00000000 00000000 00000000 00000000 00000000 d24fdfec 00000001 8bdf8923 00000000 00000000 00000000 00000000 00000000 00000101 00000081 00000000 00000000 00000000 00000000 00000000 00000000 00000000 00003333 00004ccd 00002667 00000001 00000000 01c9c380 0000027c
capture_snapshot GLI1 00010000 30000000 2500000 120 0 30000000 0 0 0 0 0 0 0 8a7d66c4 00000000 8be28f80 00000000 001dc366 00000000 001dc366 00000000 0000006a 00000000 00000000 00000000 01652dd0 00000000 001dc3d0 00000000 00000000 00000000 00000000 00000039 008b3199 00000001 00000000 00000001 00000000 00000000 00000000 00000000 00000000 00000000 00000000 00000000 00000000 00000000 00000000 00000000 00000000 00000000 00000000 00000000 d259f54c 00000001 8be28f92 00000000 00000000 00000000 00000000 00000000 00000100 00000080 00000000 00000000 00000000 00000000 00000000 00000000 00000000 00003333 00004ccd 00002667 00000001 00000000 01c9c380 0000027c
capture_snapshot GLI1 00010000 30000000 2500000 121 0 30000000 0 0 0 0 0 0 0 8a7d66c4 00000000 8be5961c 00000000 001e03f3 00000000 001e03f3 00000000 0000006a 00000000 00000000 00000000 01683469 00000000 001e045d 00000000 00000000 00000000 00000000 00000039 008b3199 00000001 00000000 00000001 00000000 00000000 00000000 00000000 00000000 00000000 00000000 00000000 00000000 00000000 00000000 00000000 00000000 00000000 00000000 00000000 d2640b35 00000001 8be5962b 00000000 00000000 00000000 00000000 00000000 00000101 00000081 00000000 00000000 00000000 00000000 00000000 00000000 00000000 00003333 00004ccd 00002667 00000001 00000000 01c9c380 0000027c
capture_snapshot GLI1 00010000 30000000 2500000 122 0 30000000 0 0 0 0 0 0 0 8a7d66c4 00000000 8be892f8 00000000 001e43b0 00000000 001e43b0 00000000 0000006a 00000000 00000000 00000000 016b314d 00000000 001e441a 00000000 00000000 00000000 00000000 00000039 008b3199 00000001 00000000 00000001 00000000 00000000 00000000 00000000 00000000 00000000 00000000 00000000 00000000 00000000 00000000 00000000 00000000 00000000 00000000 00000000 d26e00c3 00000001 8be8930f 00000000 00000000 00000000 00000000 00000000 00000101 00000080 00000000 00000000 00000000 00000000 00000000 00000000 00000000 00003333 00004ccd 00002667 00000001 00000000 01c9c380 0000027c
capture_snapshot GLI1 00010000 30000000 2500000 123 0 30000000 0 0 0 0 0 0 0 8a7d66c4 00000000 8beb88fc 00000000 001e82db 00000000 001e82db 00000000 0000006a 00000000 00000000 00000000 016e2751 00000000 001e8345 00000000 00000000 00000000 00000000 00000039 008b3199 00000001 00000000 00000001 00000000 00000000 00000000 00000000 00000000 00000000 00000000 00000000 00000000 00000000 00000000 00000000 00000000 00000000 00000000 00000000 d277df68 00000001 8beb8913 00000000 00000000 00000000 00000000 00000000 00000101 00000080 00000000 00000000 00000000 00000000 00000000 00000000 00000000 00003333 00004ccd 00002667 00000001 00000000 01c9c380 0000027c
capture_snapshot GLI1 00010000 30000000 2500000 124 0 30000000 0 0 0 0 0 0 0 8a7d66c4 00000000 8bee8fbc 00000000 001ec36b 00000000 001ec36b 00000000 0000006a 00000000 00000000 00000000 01712e0d 00000000 001ec3d5 00000000 00000000 00000000 00000000 00000039 008b3199 00000001 00000000 00000001 00000000 00000000 00000000 00000000 00000000 00000000 00000000 00000000 00000000 00000000 00000000 00000000 00000000 00000000 00000000 00000000 d281f5c9 00000001 8bee8fcf 00000000 00000000 00000000 00000000 00000000 00000100 00000081 00000000 00000000 00000000 00000000 00000000 00000000 00000000 00003333 00004ccd 00002667 00000001 00000000 01c9c380 0000027c
capture_snapshot GLI1 00010000 30000000 2500000 125 0 30000000 0 0 0 0 0 0 0 8a7d66c4 00000000 8bf18b54 00000000 001f030d 00000000 001f030d 00000000 0000006a 00000000 00000000 00000000 017429a5 00000000 001f0377 00000000 00000000 00000000 00000000 00000039 008b3199 00000001 00000000 00000001 00000000 00000000 00000000 00000000 00000000 00000000 00000000 00000000 00000000 00000000 00000000 00000000 00000000 00000000 00000000 00000000 d28be704 00000001 8bf18b67 00000000 00000000 00000000 00000000 00000000 00000101 00000081 00000000 00000000 00000000 00000000 00000000 00000000 00000000 00003333 00004ccd 00002667 00000001 00000000 01c9c380 0000027c
capture_snapshot GLI1 00010000 30000000 2500000 126 0 30000000 0 0 0 0 0 0 0 8a7d66c4 00000000 8bf48ee4 00000000 001f4359 00000000 001f4359 00000000 0000006a 00000000 00000000 00000000 01772d3b 00000000 001f43c3 00000000 00000000 00000000 00000000 00000039 008b3199 00000001 00000000 00000001 00000000 00000000 00000000 00000000 00000000 00000000 00000000 00000000 00000000 00000000 00000000 00000000 00000000 00000000 00000000 00000000 d295f2e4 00000001 8bf48efd 00000000 00000000 00000000 00000000 00000000 00000101 00000080 00000000 00000000 00000000 00000000 00000000 00000000 00000000 00003333 00004ccd 00002667 00000001 00000000 01c9c380 0000027c
capture_snapshot GLI1 00010000 30000000 2500000 127 0 30000000 0 0 0 0 0 0 0 8a7d66c4 00000000 8bf78938 00000000 001f82e0 00000000 001f82e0 00000000 0000006a 00000000 00000000 00000000 017a278c 00000000 001f834a 00000000 00000000 00000000 00000000 00000039 008b3199 00000001 00000000 00000001 00000000 00000000 00000000 00000000 00000000 00000000 00000000 00000000 00000000 00000000 00000000 00000000 00000000 00000000 00000000 00000000 d29fdfe1 00000001 8bf7894e 00000000 00000000 00000000 00000000 00000000 00000100 00000080 00000000 00000000 00000000 00000000 00000000 00000000 00000000 00003333 00004ccd 00002667 00000001 00000000 01c9c380 0000027c
capture_snapshot GLI1 00010000 30000000 2500000 128 0 30000000 0 0 0 0 0 0 0 8a7d66c4 00000000 8bfa88c0 00000000 001fc2d6 00000000 001fc2d6 00000000 0000006a 00000000 00000000 00000000 017d2718 00000000 001fc340 00000000 00000000 00000000 00000000 00000039 008b3199 00000001 00000000 00000001 00000000 00000000 00000000 00000000 00000000 00000000 00000000 00000000 00000000 00000000 00000000 00000000 00000000 00000000 00000000 00000000 d2a9de48 00000001 8bfa88da 00000000 00000000 00000000 00000000 00000000 00000100 00000080 00000000 00000000 00000000 00000000 00000000 00000000 00000000 00003333 00004ccd 00002667 00000001 00000000 01c9c380 0000027c
capture_snapshot GLI1 00010000 30000000 2500000 129 0 30000000 0 0 0 0 0 0 0 8a7d66c4 00000000 8bfd8d28 00000000 00200334 00000000 00200334 00000000 0000006a 00000000 00000000 00000000 01802b7a 00000000 0020039e 00000000 00000000 00000000 00000000 00000039 008b3199 00000001 00000000 00000001 00000000 00000000 00000000 00000000 00000000 00000000 00000000 00000000 00000000 00000000 00000000 00000000 00000000 00000000 00000000 00000000 d2b3ecd1 00000001 8bfd8d3c 00000000 00000000 00000000 00000000 00000000 00000101 00000080 00000000 00000000 00000000 00000000 00000000 00000000 00000000 00003333 00004ccd 00002667 00000001 00000000 01c9c380 0000027c
capture_snapshot GLI1 00010000 30000000 2500000 130 0 30000000 0 0 0 0 0 0 0 8a7d66c4 00000000 8c00916c 00000000 0020438f 00000000 0020438f 00000000 0000006a 00000000 00000000 00000000 01832fbe 00000000 002043f9 00000000 00000000 00000000 00000000 00000039 008b3199 00000001 00000000 00000001 00000000 00000000 00000000 00000000 00000000 00000000 00000000 00000000 00000000 00000000 00000000 00000000 00000000 00000000 00000000 00000000 d2bdfaf6 00000001 8c009180 00000000 00000000 00000000 00000000 00000000 00000101 00000081 00000000 00000000 00000000 00000000 00000000 00000000 00000000 00003333 00004ccd 00002667 00000001 00000000 01c9c380 0000027c
capture_snapshot GLI1 00010000 30000000 2500000 131 0 30000000 0 0 0 0 0 0 0 8a7d66c4 00000000 8c039214 00000000 0020839d 00000000 0020839d 00000000 0000006a 00000000 00000000 00000000 0186306c 00000000 00208407 00000000 00000000 00000000 00000000 00000039 008b3199 00000001 00000000 00000001 00000000 00000000 00000000 00000000 00000000 00000000 00000000 00000000 00000000 00000000 00000000 00000000 00000000 00000000 00000000 00000000 d2c7fd26 00000001 8c03922e 00000000 00000000 00000000 00000000 00000000 00000101 00000080 00000000 00000000 00000000 00000000 00000000 00000000 00000000 00003333 00004ccd 00002667 00000001 00000000 01c9c380 0000027c
capture_snapshot GLI1 00010000 30000000 2500000 132 0 30000000 0 0 0 0 0 0 0 8a7d66c4 00000000 8c0692c8 00000000 0020c3ac 00000000 0020c3ac 00000000 0000006a 00000000 00000000 00000000 0189311d 00000000 0020c416 00000000 00000000 00000000 00000000 00000039 008b3199 00000001 00000000 00000001 00000000 00000000 00000000 00000000 00000000 00000000 00000000 00000000 00000000 00000000 00000000 00000000 00000000 00000000 00000000 00000000 d2d1ff63 00000001 8c0692df 00000000 00000000 00000000 00000000 00000000 00000100 00000080 00000000 00000000 00000000 00000000 00000000 00000000 00000000 00003333 00004ccd 00002667 00000001 00000000 01c9c380 0000027c
capture_snapshot GLI1 00010000 30000000 2500000 133 0 30000000 0 0 0 0 0 0 0 8a7d66c4 00000000 8c098ae8 00000000 00210304 00000000 00210304 00000000 0000006a 00000000 00000000 00000000 018c2935 00000000 0021036e 00000000 00000000 00000000 00000000 00000039 008b3199 00000001 00000000 00000001 00000000 00000000 00000000 00000000 00000000 00000000 00000000 00000000 00000000 00000000 00000000 00000000 00000000 00000000 00000000 00000000 d2dbe4f5 00000001 8c098af7 00000000 00000000 00000000 00000000 00000000 00000100 00000080 00000000 00000000 00000000 00000000 00000000 00000000 00000000 00003333 00004ccd 00002667 00000001 00000000 01c9c380 0000027c
capture_snapshot GLI1 00010000 30000000 2500000 134 0 30000000 0 0 0 0 0 0 0 8a7d66c4 00000000 8c0c8b30 00000000 0021430a 00000000 0021430a 00000000 0000006a 00000000 00000000 00000000 018f2987 00000000 00214374 00000000 00000000 00000000 00000000 00000039 008b3199 00000001 00000000 00000001 00000000 00000000 00000000 00000000 00000000 00000000 00000000 00000000 00000000 00000000 00000000 00000000 00000000 00000000 00000000 00000000 d2e5e5f2 00000001 8c0c8b49 00000000 00000000 00000000 00000000 00000000 00000100 00000080 00000000 00000000 00000000 00000000 00000000 00000000 00000000 00003333 00004ccd 00002667 00000001 00000000 01c9c380 0000027c
capture_snapshot GLI1 00010000 30000000 2500000 135 0 30000000 0 0 0 0 0 0 0 8a7d66c4 00000000 8c0f8c8c 00000000 00218327 00000000 00218327 00000000 0000006a 00000000 00000000 00000000 01922add 00000000 00218391 00000000 00000000 00000000 00000000 00000039 008b3199 00000001 00000000 00000001 00000000 00000000 00000000 00000000 00000000 00000000 00000000 00000000 00000000 00000000 00000000 00000000 00000000 00000000 00000000 00000000 d2efea52 00000001 8c0f8c9f 00000000 00000000 00000000 00000000 00000000 00000101 00000081 00000000 00000000 00000000 00000000 00000000 00000000 00000000 00003333 00004ccd 00002667 00000001 00000000 01c9c380 0000027c
capture_snapshot GLI1 00010000 30000000 2500000 136 0 30000000 0 0 0 0 0 0 0 8a7d66c4 00000000 8c128ab8 00000000 0021c300 00000000 0021c300 00000000 0000006a 00000000 00000000 00000000 01952907 00000000 0021c36a 00000000 00000000 00000000 00000000 00000039 008b3199 00000001 00000000 00000001 00000000 00000000 00000000 00000000 00000000 00000000 00000000 00000000 00000000 00000000 00000000 00000000 00000000 00000000 00000000 00000000 d2f9e41f 00000001 8c128ac9 00000000 00000000 00000000 00000000 00000000 00000101 00000081 00000000 00000000 00000000 00000000 00000000 00000000 00000000 00003333 00004ccd 00002667 00000001 00000000 01c9c380 0000027c
capture_snapshot GLI1 00010000 30000000 2500000 137 0 30000000 0 0 0 0 0 0 0 8a7d66c4 00000000 8c158824 00000000 002202c9 00000000 002202c9 00000000 0000006a 00000000 00000000 00000000 01982677 00000000 00220333 00000000 00000000 00000000 00000000 00000039 008b3199 00000001 00000000 00000001 00000000 00000000 00000000 00000000 00000000 00000000 00000000 00000000 00000000 00000000 00000000 00000000 00000000 00000000 00000000 00000000 d303db81 00000001 8c158839 00000000 00000000 00000000 00000000 00000000 00000101 00000081 00000000 00000000 00000000 00000000 00000000 00000000 00000000 00003333 00004ccd 00002667 00000001 00000000 01c9c380 0000027c
capture_snapshot GLI1 00010000 30000000 2500000 138 0 30000000 0 0 0 0 0 0 0 8a7d66c4 00000000 8c188e9c 00000000 00224353 00000000 00224353 00000000 0000006a 00000000 00000000 00000000 019b2cec 00000000 002243bd 00000000 00000000 00000000 00000000 00000039 008b3199 00000001 00000000 00000001 00000000 00000000 00000000 00000000 00000000 00000000 00000000 00000000 00000000 00000000 00000000 00000000 00000000 00000000 00000000 00000000 d30df0f3 00000001 8c188eae 00000000 00000000 00000000 00000000 00000000 00000101 00000081 00000000 00000000 00000000 00000000 00000000 00000000 00000000 00003333 00004ccd 00002667 00000001 00000000 01c9c380 0000027c
capture_snapshot GLI1 00010000 30000000 2500000 139 0 30000000 0 0 0 0 0 0 0 8a7d66c4 00000000 8c1b8eb4 00000000 00228355 00000000 00228355 00000000 0000006a 00000000 00000000 00000000 019e2d09 00000000 002283bf 00000000 00000000 00000000 00000000 00000039 008b3199 00000001 00000000 00000001 00000000 00000000 00000000 00000000 00000000 00000000 00000000 00000000 00000000 00000000 00000000 00000000 00000000 00000000 00000000 00000000 d317f13f 00000001 8c1b8ecb 00000000 00000000 00000000 00000000 00000000 00000100 00000080 00000000 00000000 00000000 00000000 00000000 00000000 00000000 00003333 00004ccd 00002667 00000001 00000000 01c9c380 0000027c
capture_snapshot GLI1 00010000 30000000 2500000 140 0 30000000 0 0 0 0 0 0 0 8a7d66c4 00000000 8c1e9f94 00000000 0022c4bd 00000000 0022c4bd 00000000 0000006a 00000000 00000000 00000000 01a13de6 00000000 0022c527 00000000 00000000 00000000 00000000 00000039 008b3199 00000001 00000000 00000001 00000000 00000000 00000000 00000000 00000000 00000000 00000000 00000000 00000000 00000000 00000000 00000000 00000000 00000000 00000000 00000000 d3222963 00000001 8c1e9fa8 00000000 00000000 00000000 00000000 00000000 00000101 00000081 00000000 00000000 00000000 00000000 00000000 00000000 00000000 00003333 00004ccd 00002667 00000001 00000000 01c9c380 0000027c
capture_snapshot GLI1 00010000 30000000 2500000 141 0 30000000 0 0 0 0 0 0 0 8a7d66c4 00000000 8c2192b0 00000000 002303aa 00000000 002303aa 00000000 0000006a 00000000 00000000 00000000 01a43104 00000000 00230414 00000000 00000000 00000000 00000000 00000039 008b3199 00000001 00000000 00000001 00000000 00000000 00000000 00000000 00000000 00000000 00000000 00000000 00000000 00000000 00000000 00000000 00000000 00000000 00000000 00000000 d32bfe5e 00000001 8c2192c6 00000000 00000000 00000000 00000000 00000000 00000101 00000081 00000000 00000000 00000000 00000000 00000000 00000000 00000000 00003333 00004ccd 00002667 00000001 00000000 01c9c380 0000027c
capture_snapshot GLI1 00010000 30000000 2500000 142 0 30000000 0 0 0 0 0 0 0 8a7d66c4 00000000 8c248adc 00000000 00234303 00000000 00234303 00000000 0000006a 00000000 00000000 00000000 01a7292f 00000000 0023436d 00000000 00000000 00000000 00000000 00000039 008b3199 00000001 00000000 00000001 00000000 00000000 00000000 00000000 00000000 00000000 00000000 00000000 00000000 00000000 00000000 00000000 00000000 00000000 00000000 00000000 d335e430 00000001 8c248af1 00000000 00000000 00000000 00000000 00000000 00000101 00000081 00000000 00000000 00000000 00000000 00000000 00000000 00000000 00003333 00004ccd 00002667 00000001 00000000 01c9c380 0000027c
capture_snapshot GLI1 00010000 30000000 2500000 143 0 30000000 0 0 0 0 0 0 0 8a7d66c4 00000000 8c278c80 00000000 00238326 00000000 00238326 00000000 0000006a 00000000 00000000 00000000 01aa2ad1 00000000 00238390 00000000 00000000 00000000 00000000 00000039 008b3199 00000001 00000000 00000001 00000000 00000000 00000000 00000000 00000000 00000000 00000000 00000000 00000000 00000000 00000000 00000000 00000000 00000000 00000000 00000000 d33fe98e 00000001 8c278c93 00000000 00000000 00000000 00000000 00000000 00000101 00000081 00000000 00000000 00000000 00000000 00000000 00000000 00000000 00003333 00004ccd 00002667 00000001 00000000 01c9c380 0000027c
capture_snapshot GLI1 00010000 30000000 2500000 144 0 30000000 0 0 0 0 0 0 0 8a7d66c4 00000000 8c2a9298 00000000 0023c3a8 00000000 0023c3a8 00000000 0000006a 00000000 00000000 00000000 01ad30e9 00000000 0023c412 00000000 00000000 00000000 00000000 00000039 008b3199 00000001 00000000 00000001 00000000 00000000 00000000 00000000 00000000 00000000 00000000 00000000 00000000 00000000 00000000 00000000 00000000 00000000 00000000 00000000 d349fdcb 00000001 8c2a92ab 00000000 00000000 00000000 00000000 00000000 00000100 00000080 00000000 00000000 00000000 00000000 00000000 00000000 00000000 00003333 00004ccd 00002667 00000001 00000000 01c9c380 0000027c
capture_snapshot GLI1 00010000 30000000 2500000 145 0 30000000 0 0 0 0 0 0 0 8a7d66c4 00000000 8c2d88a8 00000000 002402d4 00000000 002402d4 00000000 0000006a 00000000 00000000 00000000 01b02700 00000000 0024033e 00000000 00000000 00000000 00000000 00000039 008b3199 00000001 00000000 00000001 00000000 00000000 00000000 00000000 00000000 00000000 00000000 00000000 00000000 00000000 00000000 00000000 00000000 00000000 00000000 00000000 d353dcac 00000001 8c2d88c2 00000000 00000000 00000000 00000000 00000000 00000100 00000080 00000000 00000000 00000000 00000000 00000000 00000000 00000000 00003333 00004ccd 00002667 00000001 00000000 01c9c380 0000027c
capture_snapshot GLI1 00010000 30000000 2500000 146 0 30000000 0 0 0 0 0 0 0 8a7d66c4 00000000 8c308fb0 00000000 0024436a 00000000 0024436a 00000000 0000006a 00000000 00000000 00000000 01b32e04 00000000 002443d4 00000000 00000000 00000000 00000000 00000039 008b3199 00000001 00000000 00000001 00000000 00000000 00000000 00000000 00000000 00000000 00000000 00000000 00000000 00000000 00000000 00000000 00000000 00000000 00000000 00000000 d35df3fc 00000001 8c308fc6 00000000 00000000 00000000 00000000 00000000 00000101 00000080 00000000 00000000 00000000 00000000 00000000 00000000 00000000 00003333 00004ccd 00002667 00000001 00000000 01c9c380 0000027c
capture_snapshot GLI1 00010000 30000000 2500000 147 0 30000000 0 0 0 0 0 0 0 8a7d66c4 00000000 8c338c20 00000000 0024831e 00000000 0024831e 00000000 0000006a 00000000 00000000 00000000 01b62a72 00000000 00248388 00000000 00000000 00000000 00000000 00000039 008b3199 00000001 00000000 00000001 00000000 00000000 00000000 00000000 00000000 00000000 00000000 00000000 00000000 00000000 00000000 00000000 00000000 00000000 00000000 00000000 d367e804 00000001 8c338c34 00000000 00000000 00000000 00000000 00000000 00000100 00000080 00000000 00000000 00000000 00000000 00000000 00000000 00000000 00003333 00004ccd 00002667 00000001 00000000 01c9c380 0000027c
capture_snapshot GLI1 00010000 30000000 2500000 148 0 30000000 0 0 0 0 0 0 0 8a7d66c4 00000000 8c368c80 00000000 0024c326 00000000 0024c326 00000000 0000006a 00000000 00000000 00000000 01b92ad4 00000000 0024c390 00000000 00000000 00000000 00000000 00000039 008b3199 00000001 00000000 00000001 00000000 00000000 00000000 00000000 00000000 00000000 00000000 00000000 00000000 00000000 00000000 00000000 00000000 00000000 00000000 00000000 d371e935 00000001 8c368c96 00000000 00000000 00000000 00000000 00000000 00000101 00000080 00000000 00000000 00000000 00000000 00000000 00000000 00000000 00003333 00004ccd 00002667 00000001 00000000 01c9c380 0000027c
capture_snapshot GLI1 00010000 30000000 2500000 149 0 30000000 0 0 0 0 0 0 0 8a7d66c4 00000000 8c3989d4 00000000 002502ed 00000000 002502ed 00000000 0000006a 00000000 00000000 00000000 01bc2828 00000000 00250357 00000000 00000000 00000000 00000000 00000039 008b3199 00000001 00000000 00000001 00000000 00000000 00000000 00000000 00000000 00000000 00000000 00000000 00000000 00000000 00000000 00000000 00000000 00000000 00000000 00000000 d37be03b 00000001 8c3989ea 00000000 00000000 00000000 00000000 00000000 00000101 00000080 00000000 00000000 00000000 00000000 00000000 00000000 00000000 00003333 00004ccd 00002667 00000001 00000000 01c9c380 0000027c
capture_snapshot GLI1 00010000 30000000 2500000 150 0 30000000 0 0 0 0 0 0 0 8a7d66c4 00000000 8c3c8a58 00000000 002542f8 00000000 002542f8 00000000 0000006a 00000000 00000000 00000000 01bf28ab 00000000 00254362 00000000 00000000 00000000 00000000 00000039 008b3199 00000001 00000000 00000001 00000000 00000000 00000000 00000000 00000000 00000000 00000000 00000000 00000000 00000000 00000000 00000000 00000000 00000000 00000000 00000000 d385e1dc 00000001 8c3c8a6d 00000000 00000000 00000000 00000000 00000000 00000101 00000080 00000000 00000000 00000000 00000000 00000000 00000000 00000000 00003333 00004ccd 00002667 00000001 00000000 01c9c380 0000027c
capture_snapshot GLI1 00010000 30000000 2500000 151 0 30000000 0 0 0 0 0 0 0 8a7d66c4 00000000 8c3f8f68 00000000 00258364 00000000 00258364 00000000 0000006a 00000000 00000000 00000000 01c22db5 00000000 002583ce 00000000 00000000 00000000 00000000 00000039 008b3199 00000001 00000000 00000001 00000000 00000000 00000000 00000000 00000000 00000000 00000000 00000000 00000000 00000000 00000000 00000000 00000000 00000000 00000000 00000000 d38ff294 00000001 8c3f8f77 00000000 00000000 00000000 00000000 00000000 00000101 00000081 00000000 00000000 00000000 00000000 00000000 00000000 00000000 00003333 00004ccd 00002667 00000001 00000000 01c9c380 0000027c
capture_snapshot GLI1 00010000 30000000 2500000 152 0 30000000 0 0 0 0 0 0 0 8a7d66c4 00000000 8c428cbc 00000000 0025c32b 00000000 0025c32b 00000000 0000006a 00000000 00000000 00000000 01c52b13 00000000 0025c395 00000000 00000000 00000000 00000000 00000039 008b3199 00000001 00000000 00000001 00000000 00000000 00000000 00000000 00000000 00000000 00000000 00000000 00000000 00000000 00000000 00000000 00000000 00000000 00000000 00000000 d399e9b9 00000001 8c428cd5 00000000 00000000 00000000 00000000 00000000 00000101 00000080 00000000 00000000 00000000 00000000 00000000 00000000 00000000 00003333 00004ccd 00002667 00000001 00000000 01c9c380 0000027c
capture_snapshot GLI1 00010000 30000000 2500000 153 0 30000000 0 0 0 0 0 0 0 8a7d66c4 00000000 8c458f5c 00000000 00260363 00000000 00260363 00000000 0000006a 00000000 00000000 00000000 01c82dab 00000000 002603cd 00000000 00000000 00000000 00000000 00000039 008b3199 00000001 00000000 00000001 00000000 00000000 00000000 00000000 00000000 00000000 00000000 00000000 00000000 00000000 00000000 00000000 00000000 00000000 00000000 00000000 d3a3f24b 00000001 8c458f6d 00000000 00000000 00000000 00000000 00000000 00000101 00000081 00000000 00000000 00000000 00000000 00000000 00000000 00000000 00003333 00004ccd 00002667 00000001 00000000 01c9c380 0000027c
capture_snapshot GLI1 00010000 30000000 2500000 154 0 30000000 0 0 0 0 0 0 0 8a7d66c4 00000000 8c488800 00000000 002642c6 00000000 002642c6 00000000 0000006a 00000000 00000000 00000000 01cb2656 00000000 00264330 00000000 00000000 00000000 00000000 00000039 008b3199 00000001 00000000 00000001 00000000 00000000 00000000 00000000 00000000 00000000 00000000 00000000 00000000 00000000 00000000 00000000 00000000 00000000 00000000 00000000 d3add9c9 00000001 8c488818 00000000 00000000 00000000 00000000 00000000 00000100 00000080 00000000 00000000 00000000 00000000 00000000 00000000 00000000 00003333 00004ccd 00002667 00000001 00000000 01c9c380 0000027c
capture_snapshot GLI1 00010000 30000000 2500000 155 0 30000000 0 0 0 0 0 0 0 8a7d66c4 00000000 8c4b8f5c 00000000 00268363 00000000 00268363 00000000 0000006a 00000000 00000000 00000000 01ce2db2 00000000 002683cd 00000000 00000000 00000000 00000000 00000039 008b3199 00000001 00000000 00000001 00000000 00000000 00000000 00000000 00000000 00000000 00000000 00000000 00000000 00000000 00000000 00000000 00000000 00000000 00000000 00000000 d3b7f23c 00000001 8c4b8f74 00000000 00000000 00000000 00000000 00000000 00000101 00000081 00000000 00000000 00000000 00000000 00000000 00000000 00000000 00003333 00004ccd 00002667 00000001 00000000 01c9c380 0000027c
capture_snapshot GLI1 00010000 30000000 2500000 156 0 30000000 0 0 0 0 0 0 0 8a7d66c4 00000000 8c4e9700 00000000 0026c406 00000000 0026c406 00000000 0000006a 00000000 00000000 00000000 01d13553 00000000 0026c470 00000000 00000000 00000000 00000000 00000039 008b3199 00000001 00000000 00000001 00000000 00000000 00000000 00000000 00000000 00000000 00000000 00000000 00000000 00000000 00000000 00000000 00000000 00000000 00000000 00000000 d3c20b97 00000001 8c4e9715 00000000 00000000 00000000 00000000 00000000 00000100 00000080 00000000 00000000 00000000 00000000 00000000 00000000 00000000 00003333 00004ccd 00002667 00000001 00000000 01c9c380 0000027c
capture_snapshot GLI1 00010000 30000000 2500000 157 0 30000000 0 0 0 0 0 0 0 8a7d66c4 00000000 8c519754 00000000 0027040d 00000000 0027040d 00000000 0000006a 00000000 00000000 00000000 01d435a2 00000000 00270477 00000000 00000000 00000000 00000000 00000039 008b3199 00000001 00000000 00000001 00000000 00000000 00000000 00000000 00000000 00000000 00000000 00000000 00000000 00000000 00000000 00000000 00000000 00000000 00000000 00000000 d3cc0c89 00000001 8c519764 00000000 00000000 00000000 00000000 00000000 00000101 00000080 00000000 00000000 00000000 00000000 00000000 00000000 00000000 00003333 00004ccd 00002667 00000001 00000000 01c9c380 0000027c
capture_snapshot GLI1 00010000 30000000 2500000 158 0 30000000 0 0 0 0 0 0 0 8a7d66c4 00000000 8c548a04 00000000 002742f1 00000000 002742f1 00000000 0000006a 00000000 00000000 00000000 01d72854 00000000 0027435b 00000000 00000000 00000000 00000000 00000039 008b3199 00000001 00000000 00000001 00000000 00000000 00000000 00000000 00000000 00000000 00000000 00000000 00000000 00000000 00000000 00000000 00000000 00000000 00000000 00000000 d3d5e01e 00000001 8c548a16 00000000 00000000 00000000 00000000 00000000 00000101 00000080 00000000 00000000 00000000 00000000 00000000 00000000 00000000 00003333 00004ccd 00002667 00000001 00000000 01c9c380 0000027c
capture_snapshot GLI1 00010000 30000000 2500000 159 0 30000000 0 0 0 0 0 0 0 8a7d66c4 00000000 8c578914 00000000 002782dd 00000000 002782dd 00000000 0000006a 00000000 00000000 00000000 01da2767 00000000 00278347 00000000 00000000 00000000 00000000 00000039 008b3199 00000001 00000000 00000001 00000000 00000000 00000000 00000000 00000000 00000000 00000000 00000000 00000000 00000000 00000000 00000000 00000000 00000000 00000000 00000000 d3dfdcf4 00000001 8c578929 00000000 00000000 00000000 00000000 00000000 00000101 00000081 00000000 00000000 00000000 00000000 00000000 00000000 00000000 00003333 00004ccd 00002667 00000001 00000000 01c9c380 0000027c
capture_snapshot GLI1 00010000 30000000 2500000 160 0 30000000 0 0 0 0 0 0 0 8a7d66c4 00000000 8c5a8b0c 00000000 0027c307 00000000 0027c307 00000000 0000006a 00000000 00000000 00000000 01dd2962 00000000 0027c371 00000000 00000000 00000000 00000000 00000039 008b3199 00000001 00000000 00000001 00000000 00000000 00000000 00000000 00000000 00000000 00000000 00000000 00000000 00000000 00000000 00000000 00000000 00000000 00000000 00000000 d3e9e37c 00000001 8c5a8b24 00000000 00000000 00000000 00000000 00000000 00000100 00000080 00000000 00000000 00000000 00000000 00000000 00000000 00000000 00003333 00004ccd 00002667 00000001 00000000 01c9c380 0000027c
capture_snapshot GLI1 00010000 30000000 2500000 161 0 30000000 0 0 0 0 0 0 0 8a7d66c4 00000000 8c5d8d34 00000000 00280335 00000000 00280335 00000000 0000006a 00000000 00000000 00000000 01e02b81 00000000 0028039f 00000000 00000000 00000000 00000000 00000039 008b3199 00000001 00000000 00000001 00000000 00000000 00000000 00000000 00000000 00000000 00000000 00000000 00000000 00000000 00000000 00000000 00000000 00000000 00000000 00000000 d3f3ea7a 00000001 8c5d8d43 00000000 00000000 00000000 00000000 00000000 00000100 00000080 00000000 00000000 00000000 00000000 00000000 00000000 00000000 00003333 00004ccd 00002667 00000001 00000000 01c9c380 0000027c
capture_snapshot GLI1 00010000 30000000 2500000 162 0 30000000 0 0 0 0 0 0 0 8a7d66c4 00000000 8c608bfc 00000000 0028431b 00000000 0028431b 00000000 0000006a 00000000 00000000 00000000 01e32a4c 00000000 00284385 00000000 00000000 00000000 00000000 00000039 008b3199 00000001 00000000 00000001 00000000 00000000 00000000 00000000 00000000 00000000 00000000 00000000 00000000 00000000 00000000 00000000 00000000 00000000 00000000 00000000 d3fde65e 00000001 8c608c0e 00000000 00000000 00000000 00000000 00000000 00000100 00000080 00000000 00000000 00000000 00000000 00000000 00000000 00000000 00003333 00004ccd 00002667 00000001 00000000 01c9c380 0000027c
capture_snapshot GLI1 00010000 30000000 2500000 163 0 30000000 0 0 0 0 0 0 0 8a7d66c4 00000000 8c638890 00000000 002882d2 00000000 002882d2 00000000 0000006a 00000000 00000000 00000000 01e626e7 00000000 0028833c 00000000 00000000 00000000 00000000 00000039 008b3199 00000001 00000000 00000001 00000000 00000000 00000000 00000000 00000000 00000000 00000000 00000000 00000000 00000000 00000000 00000000 00000000 00000000 00000000 00000000 d407dafc 00000001 8c6388a9 00000000 00000000 00000000 00000000 00000000 00000101 00000080 00000000 00000000 00000000 00000000 00000000 00000000 00000000 00003333 00004ccd 00002667 00000001 00000000 01c9c380 0000027c
capture_snapshot GLI1 00010000 30000000 2500000 164 0 30000000 0 0 0 0 0 0 0 8a7d66c4 00000000 8c668a64 00000000 0028c2f9 00000000 0028c2f8 00000000 0000006a 00000000 00000000 00000000 01e928b0 00000000 0028c363 00000000 00000000 00000000 00000000 0000003b 008b3199 00000001 00000001 00000001 00000000 00000000 00000000 00000000 00000000 00000000 00000000 00000000 00000000 00000000 00000000 00000000 00000000 00000000 00000000 00000000 d411e0dc 00000001 8c668a72 00000000 00000000 00000000 00000000 00000000 00000100 00000080 00000000 00000000 00000000 00000000 00000000 00000000 00000000 00003333 00004ccd 00002667 00000001 00000000 01c9c380 0000027c
capture_snapshot GLI1 00010000 30000000 2500000 165 0 30000000 0 0 0 0 0 0 0 8a7d66c4 00000000 8c698df4 00000000 00290345 00000000 00290345 00000000 0000006a 00000000 00000000 00000000 01ec2c44 00000000 002903af 00000000 00000000 00000000 00000000 00000039 008b3199 00000001 00000000 00000001 00000000 00000000 00000000 00000000 00000000 00000000 00000000 00000000 00000000 00000000 00000000 00000000 00000000 00000000 00000000 00000000 d41becb6 00000001 8c698e06 00000000 00000000 00000000 00000000 00000000 00000100 00000080 00000000 00000000 00000000 00000000 00000000 00000000 00000000 00003333 00004ccd 00002667 00000001 00000000 01c9c380 0000027c
capture_snapshot GLI1 00010000 30000000 2500000 166 0 30000000 0 0 0 0 0 0 0 8a7d66c4 00000000 8c6c8a88 00000000 002942fc 00000000 002942fc 00000000 0000006a 00000000 00000000 00000000 01ef28d8 00000000 00294366 00000000 00000000 00000000 00000000 00000039 008b3199 00000001 00000000 00000001 00000000 00000000 00000000 00000000 00000000 00000000 00000000 00000000 00000000 00000000 00000000 00000000 00000000 00000000 00000000 00000000 d425e138 00000001 8c6c8a9a 00000000 00000000 00000000 00000000 00000000 00000100 00000080 00000000 00000000 00000000 00000000 00000000 00000000 00000000 00003333 00004ccd 00002667 00000001 00000000 01c9c380 0000027c
capture_snapshot GLI1 00010000 30000000 2500000 167 0 30000000 0 0 0 0 0 0 0 8a7d66c4 00000000 8c6f87e8 00000000 002982c4 00000000 002982c4 00000000 0000006a 00000000 00000000 00000000 01f22636 00000000 0029832e 00000000 00000000 00000000 00000000 00000039 008b3199 00000001 00000000 00000001 00000000 00000000 00000000 00000000 00000000 00000000 00000000 00000000 00000000 00000000 00000000 00000000 00000000 00000000 00000000 00000000 d42fd860 00000001 8c6f87f8 00000000 00000000 00000000 00000000 00000000 00000101 00000081 00000000 00000000 00000000 00000000 00000000 00000000 00000000 00003333 00004ccd 00002667 00000001 00000000 01c9c380 0000027c
capture_snapshot GLI1 00010000 30000000 2500000 168 0 30000000 0 0 0 0 0 0 0 8a7d66c4 00000000 8c728c2c 00000000 0029c31f 00000000 0029c31f 00000000 0000006a 00000000 00000000 00000000 01f52a82 00000000 0029c389 00000000 00000000 00000000 00000000 00000039 008b3199 00000001 00000000 00000001 00000000 00000000 00000000 00000000 00000000 00000000 00000000 00000000 00000000 00000000 00000000 00000000 00000000 00000000 00000000 00000000 d439e6a0 00000001 8c728c44 00000000 00000000 00000000 00000000 00000000 00000100 00000080 00000000 00000000 00000000 00000000 00000000 00000000 00000000 00003333 00004ccd 00002667 00000001 00000000 01c9c380 0000027c
capture_snapshot GLI1 00010000 30000000 2500000 169 0 30000000 0 0 0 0 0 0 0 8a7d66c4 00000000 8c759c4c 00000000 002a0477 00000000 002a0477 00000000 0000006a 00000000 00000000 00000000 01f83a99 00000000 002a04e1 00000000 00000000 00000000 00000000 00000039 008b3199 00000001 00000000 00000001 00000000 00000000 00000000 00000000 00000000 00000000 00000000 00000000 00000000 00000000 00000000 00000000 00000000 00000000 00000000 00000000 d4441c2d 00000001 8c759c5b 00000000 00000000 00000000 00000000 00000000 00000101 00000081 00000000 00000000 00000000 00000000 00000000 00000000 00000000 00003333 00004ccd 00002667 00000001 00000000 01c9c380 0000027c
capture_snapshot GLI1 00010000 30000000 2500000 170 0 30000000 0 0 0 0 0 0 0 8a7d66c4 00000000 8c7897f0 00000000 002a441a 00000000 002a441a 00000000 0000006a 00000000 00000000 00000000 01fb3647 00000000 002a4484 00000000 00000000 00000000 00000000 00000039 008b3199 00000001 00000000 00000001 00000000 00000000 00000000 00000000 00000000 00000000 00000000 00000000 00000000 00000000 00000000 00000000 00000000 00000000 00000000 00000000 d44e0db2 00000001 8c789809 00000000 00000000 00000000 00000000 00000000 00000101 00000081 00000000 00000000 00000000 00000000 00000000 00000000 00000000 00003333 00004ccd 00002667 00000001 00000000 01c9c380 0000027c
capture_snapshot GLI1 00010000 30000000 2500000 171 0 30000000 0 0 0 0 0 0 0 8a7d66c4 00000000 8c7b8ba8 00000000 002a8314 00000000 002a8314 00000000 0000006a 00000000 00000000 00000000 01fe29f8 00000000 002a837e 00000000 00000000 00000000 00000000 00000039 008b3199 00000001 00000000 00000001 00000000 00000000 00000000 00000000 00000000 00000000 00000000 00000000 00000000 00000000 00000000 00000000 00000000 00000000 00000000 00000000 d457e496 00000001 8c7b8bba 00000000 00000000 00000000 00000000 00000000 00000100 00000080 00000000 00000000 00000000 00000000 00000000 00000000 00000000 00003333 00004ccd 00002667 00000001 00000000 01c9c380 0000027c
capture_snapshot GLI1 00010000 30000000 2500000 172 0 30000000 0 0 0 0 0 0 0 8a7d66c4 00000000 8c7e8a1c 00000000 002ac2f3 00000000 002ac2f3 00000000 0000006a 00000000 00000000 00000000 0201286a 00000000 002ac35d 00000000 00000000 00000000 00000000 00000039 008b3199 00000001 00000000 00000001 00000000 00000000 00000000 00000000 00000000 00000000 00000000 00000000 00000000 00000000 00000000 00000000 00000000 00000000 00000000 00000000 d461df55 00000001 8c7e8a2c 00000000 00000000 00000000 00000000 00000000 00000101 00000080 00000000 00000000 00000000 00000000 00000000 00000000 00000000 00003333 00004ccd 00002667 00000001 00000000 01c9c380 0000027c
capture_snapshot GLI1 00010000 30000000 2500000 173 0 30000000 0 0 0 0 0 0 0 8a7d66c4 00000000 8c818a70 00000000 002b02fa 00000000 002b02fa 00000000 0000006a 00000000 00000000 00000000 020428bf 00000000 002b0364 00000000 00000000 00000000 00000000 00000039 008b3199 00000001 00000000 00000001 00000000 00000000 00000000 00000000 00000000 00000000 00000000 00000000 00000000 00000000 00000000 00000000 00000000 00000000 00000000 00000000 d46be05e 00000001 8c818a81 00000000 00000000 00000000 00000000 00000000 00000101 00000080 00000000 00000000 00000000 00000000 00000000 00000000 00000000 00003333 00004ccd 00002667 00000001 00000000 01c9c380 0000027c
capture_snapshot GLI1 00010000 30000000 2500000 174 0 30000000 0 0 0 0 0 0 0 8a7d66c4 00000000 8c848efc 00000000 002b435b 00000000 002b435b 00000000 0000006a 00000000 00000000 00000000 02072d49 00000000 002b43c5 00000000 00000000 00000000 00000000 00000039 008b3199 00000001 00000000 00000001 00000000 00000000 00000000 00000000 00000000 00000000 00000000 00000000 00000000 00000000 00000000 00000000 00000000 00000000 00000000 00000000 d475ef6b 00000001 8c848f0b 00000000 00000000 00000000 00000000 00000000 00000101 00000081 00000000 00000000 00000000 00000000 00000000 00000000 00000000 00003333 00004ccd 00002667 00000001 00000000 01c9c380 0000027c
capture_snapshot GLI1 00010000 30000000 2500000 175 0 30000000 0 0 0 0 0 0 0 8a7d66c4 00000000 8c878c44 00000000 002b8321 00000000 002b8321 00000000 0000006a 00000000 00000000 00000000 020a2a98 00000000 002b838b 00000000 00000000 00000000 00000000 00000039 008b3199 00000001 00000000 00000001 00000000 00000000 00000000 00000000 00000000 00000000 00000000 00000000 00000000 00000000 00000000 00000000 00000000 00000000 00000000 00000000 d47fe65e 00000001 8c878c5a 00000000 00000000 00000000 00000000 00000000 00000101 00000080 00000000 00000000 00000000 00000000 00000000 00000000 00000000 00003333 00004ccd 00002667 00000001 00000000 01c9c380 0000027c
capture_snapshot GLI1 00010000 30000000 2500000 176 0 30000000 0 0 0 0 0 0 0 8a7d66c4 00000000 8c8a8d40 00000000 002bc336 00000000 002bc336 00000000 0000006a 00000000 00000000 00000000 020d2b8d 00000000 002bc3a0 00000000 00000000 00000000 00000000 00000039 008b3199 00000001 00000000 00000001 00000000 00000000 00000000 00000000 00000000 00000000 00000000 00000000 00000000 00000000 00000000 00000000 00000000 00000000 00000000 00000000 d489e97b 00000001 8c8a8d4f 00000000 00000000 00000000 00000000 00000000 00000100 00000080 00000000 00000000 00000000 00000000 00000000 00000000 00000000 00003333 00004ccd 00002667 00000001 00000000 01c9c380 0000027c
capture_snapshot GLI1 00010000 30000000 2500000 177 0 30000000 0 0 0 0 0 0 0 8a7d66c4 00000000 8c8d88b4 00000000 002c02d5 00000000 002c02d5 00000000 0000006a 00000000 00000000 00000000 0210270b 00000000 002c033f 00000000 00000000 00000000 00000000 00000039 008b3199 00000001 00000000 00000001 00000000 00000000 00000000 00000000 00000000 00000000 00000000 00000000 00000000 00000000 00000000 00000000 00000000 00000000 00000000 00000000 d493da63 00000001 8c8d88cd 00000000 00000000 00000000 00000000 00000000 00000100 00000080 00000000 00000000 00000000 00000000 00000000 00000000 00000000 00003333 00004ccd 00002667 00000001 00000000 01c9c380 0000027c
capture_snapshot GLI1 00010000 30000000 2500000 178 0 30000000 0 0 0 0 0 0 0 8a7d66c4 00000000 8c9089c8 00000000 002c42ec 00000000 002c42ec 00000000 0000006a 00000000 00000000 00000000 0213281f 00000000 002c4356 00000000 00000000 00000000 00000000 00000039 008b3199 00000001 00000000 00000001 00000000 00000000 00000000 00000000 00000000 00000000 00000000 00000000 00000000 00000000 00000000 00000000 00000000 00000000 00000000 00000000 d49ddde8 00000001 8c9089e1 00000000 00000000 00000000 00000000 00000000 00000100 00000080 00000000 00000000 00000000 00000000 00000000 00000000 00000000 00003333 00004ccd 00002667 00000001 00000000 01c9c380 0000027c
capture_snapshot GLI1 00010000 30000000 2500000 179 0 30000000 0 0 0 0 0 0 0 8a7d66c4 00000000 8c93928c 00000000 002c83a7 00000000 002c83a7 00000000 0000006a 00000000 00000000 00000000 021630e1 00000000 002c8411 00000000 00000000 00000000 00000000 00000039 008b3199 00000001 00000000 00000001 00000000 00000000 00000000 00000000 00000000 00000000 00000000 00000000 00000000 00000000 00000000 00000000 00000000 00000000 00000000 00000000 d4a7fb04 00000001 8c9392a3 00000000 00000000 00000000 00000000 00000000 00000101 00000081 00000000 00000000 00000000 00000000 00000000 00000000 00000000 00003333 00004ccd 00002667 00000001 00000000 01c9c380 0000027c
capture_snapshot GLI1 00010000 30000000 2500000 180 0 30000000 0 0 0 0 0 0 0 8a7d66c4 00000000 8c969670 00000000 002cc3fa 00000000 002cc3fa 00000000 0000006a 00000000 00000000 00000000 021934bd 00000000 002cc464 00000000 00000000 00000000 00000000 00000039 008b3199 00000001 00000000 00000001 00000000 00000000 00000000 00000000 00000000 00000000 00000000 00000000 00000000 00000000 00000000 00000000 00000000 00000000 00000000 00000000 d4b207d0 00000001 8c96967f 00000000 00000000 00000000 00000000 00000000 00000100 00000080 00000000 00000000 00000000 00000000 00000000 00000000 00000000 00003333 00004ccd 00002667 00000001 00000000 01c9c380 0000027c
capture_snapshot GLI1 00010000 30000000 2500000 181 0 30000000 0 0 0 0 0 0 0 8a7d66c4 00000000 8c999454 00000000 002d03cd 00000000 002d03cd 00000000 0000006a 00000000 00000000 00000000 021c32a9 00000000 002d0437 00000000 00000000 00000000 00000000 00000039 008b3199 00000001 00000000 00000001 00000000 00000000 00000000 00000000 00000000 00000000 00000000 00000000 00000000 00000000 00000000 00000000 00000000 00000000 00000000 00000000 d4bc00cd 00000001 8c99946b 00000000 00000000 00000000 00000000 00000000 00000101 00000081 00000000 00000000 00000000 00000000 00000000 00000000 00000000 00003333 00004ccd 00002667 00000001 00000000 01c9c380 0000027c
capture_snapshot GLI1 00010000 30000000 2500000 182 0 30000000 0 0 0 0 0 0 0 8a7d66c4 00000000 8c9c898c 00000000 002d42e7 00000000 002d42e7 00000000 0000006a 00000000 00000000 00000000 021f27e1 00000000 002d4351 00000000 00000000 00000000 00000000 00000039 008b3199 00000001 00000000 00000001 00000000 00000000 00000000 00000000 00000000 00000000 00000000 00000000 00000000 00000000 00000000 00000000 00000000 00000000 00000000 00000000 d4c5dccb 00000001 8c9c89a3 00000000 00000000 00000000 00000000 00000000 00000100 00000081 00000000 00000000 00000000 00000000 00000000 00000000 00000000 00003333 00004ccd 00002667 00000001 00000000 01c9c380 0000027c
capture_snapshot GLI1 00010000 30000000 2500000 183 0 30000000 0 0 0 0 0 0 0 8a7d66c4 00000000 8c9f9004 00000000 002d8371 00000000 002d8371 00000000 0000006a 00000000 00000000 00000000 02222e55 00000000 002d83db 00000000 00000000 00000000 00000000 00000039 008b3199 00000001 00000000 00000001 00000000 00000000 00000000 00000000 00000000 00000000 00000000 00000000 00000000 00000000 00000000 00000000 00000000 00000000 00000000 00000000 d4cff239 00000001 8c9f9017 00000000 00000000 00000000 00000000 00000000 00000101 00000081 00000000 00000000 00000000 00000000 00000000 00000000 00000000 00003333 00004ccd 00002667 00000001 00000000 01c9c380 0000027c
capture_snapshot GLI1 00010000 30000000 2500000 184 0 30000000 0 0 0 0 0 0 0 8a7d66c4 00000000 8ca28cc8 00000000 002dc32c 00000000 002dc32c 00000000 0000006a 00000000 00000000 00000000 02252b1b 00000000 002dc396 00000000 00000000 00000000 00000000 00000039 008b3199 00000001 00000000 00000001 00000000 00000000 00000000 00000000 00000000 00000000 00000000 00000000 00000000 00000000 00000000 00000000 00000000 00000000 00000000 00000000 d4d9e764 00000001 8ca28cdd 00000000 00000000 00000000 00000000 00000000 00000101 00000081 00000000 00000000 00000000 00000000 00000000 00000000 00000000 00003333 00004ccd 00002667 00000001 00000000 01c9c380 0000027c
capture_snapshot GLI1 00010000 30000000 2500000 185 0 30000000 0 0 0 0 0 0 0 8a7d66c4 00000000 8ca58d88 00000000 002e033c 00000000 002e033c 00000000 0000006a 00000000 00000000 00000000 02282bdd 00000000 002e03a6 00000000 00000000 00000000 00000000 00000039 008b3199 00000001 00000000 00000001 00000000 00000000 00000000 00000000 00000000 00000000 00000000 00000000 00000000 00000000 00000000 00000000 00000000 00000000 00000000 00000000 d4e3e9d6 00000001 8ca58d9f 00000000 00000000 00000000 00000000 00000000 00000100 00000080 00000000 00000000 00000000 00000000 00000000 00000000 00000000 00003333 00004ccd 00002667 00000001 00000000 01c9c380 0000027c
capture_snapshot GLI1 00010000 30000000 2500000 186 0 30000000 0 0 0 0 0 0 0 8a7d66c4 00000000 8ca888fc 00000000 002e42db 00000000 002e42db 00000000 0000006a 00000000 00000000 00000000 022b2751 00000000 002e4345 00000000 00000000 00000000 00000000 00000039 008b3199 00000001 00000000 00000001 00000000 00000000 00000000 00000000 00000000 00000000 00000000 00000000 00000000 00000000 00000000 00000000 00000000 00000000 00000000 00000000 d4edda9d 00000001 8ca88913 00000000 00000000 00000000 00000000 00000000 00000100 00000081 00000000 00000000 00000000 00000000 00000000 00000000 00000000 00003333 00004ccd 00002667 00000001 00000000 01c9c380 0000027c
capture_snapshot GLI1 00010000 30000000 2500000 187 0 30000000 0 0 0 0 0 0 0 8a7d66c4 00000000 8cab8a04 00000000 002e82f1 00000000 002e82f1 00000000 0000006a 00000000 00000000 00000000 022e2858 00000000 002e835b 00000000 00000000 00000000 00000000 00000039 008b3199 00000001 00000000 00000001 00000000 00000000 00000000 00000000 00000000 00000000 00000000 00000000 00000000 00000000 00000000 00000000 00000000 00000000 00000000 00000000 d4f7ddf6 00000001 8cab8a1a 00000000 00000000 00000000 00000000 00000000 00000100 00000080 00000000 00000000 00000000 00000000 00000000 00000000 00000000 00003333 00004ccd 00002667 00000001 00000000 01c9c380 0000027c
capture_snapshot GLI1 00010000 30000000 2500000 188 0 30000000 0 0 0 0 0 0 0 8a7d66c4 00000000 8cae80b0 00000000 002ec22a 00000000 002ec22a 00000000 0000006a 00000000 00000000 00000000 02311eff 00000000 002ec294 00000000 00000000 00000000 00000000 00000039 008b3199 00000001 00000000 00000001 00000000 00000000 00000000 00000000 00000000 00000000 00000000 00000000 00000000 00000000 00000000 00000000 00000000 00000000 00000000 00000000 d501beba 00000001 8cae80c1 00000000 00000000 00000000 00000000 00000000 00000100 00000080 00000000 00000000 00000000 00000000 00000000 00000000 00000000 00003333 00004ccd 00002667 00000001 00000000 01c9c380 0000027c
capture_snapshot GLI1 00010000 30000000 2500000 189 0 30000000 0 0 0 0 0 0 0 8a7d66c4 00000000 8cb17cf0 00000000 002f01da 00000000 002f01da 00000000 0000006a 00000000 00000000 00000000 02341b42 00000000 002f0244 00000000 00000000 00000000 00000000 00000039 008b3199 00000001 00000000 00000001 00000000 00000000 00000000 00000000 00000000 00000000 00000000 00000000 00000000 00000000 00000000 00000000 00000000 00000000 00000000 00000000 d50bb230 00000001 8cb17d04 00000000 00000000 00000000 00000000 00000000 00000101 00000081 00000000 00000000 00000000 00000000 00000000 00000000 00000000 00003333 00004ccd 00002667 00000001 00000000 01c9c380 0000027c
capture_snapshot GLI1 00010000 30000000 2500000 190 0 30000000 0 0 0 0 0 0 0 8a7d66c4 00000000 8cb47b70 00000000 002f41ba 00000000 002f41ba 00000000 0000006a 00000000 00000000 00000000 023719bf 00000000 002f4224 00000000 00000000 00000000 00000000 00000039 008b3199 00000001 00000000 00000001 00000000 00000000 00000000 00000000 00000000 00000000 00000000 00000000 00000000 00000000 00000000 00000000 00000000 00000000 00000000 00000000 d515ad13 00000001 8cb47b81 00000000 00000000 00000000 00000000 00000000 00000101 00000080 00000000 00000000 00000000 00000000 00000000 00000000 00000000 00003333 00004ccd 00002667 00000001 00000000 01c9c380 0000027c
capture_snapshot GLI1 00010000 30000000 2500000 191 0 30000000 0 0 0 0 0 0 0 8a7d66c4 00000000 8cb77f54 00000000 002f820d 00000000 002f820d 00000000 0000006a 00000000 00000000 00000000 023a1dab 00000000 002f8277 00000000 00000000 00000000 00000000 00000039 008b3199 00000001 00000000 00000001 00000000 00000000 00000000 00000000 00000000 00000000 00000000 00000000 00000000 00000000 00000000 00000000 00000000 00000000 00000000 00000000 d51fba11 00000001 8cb77f6d 00000000 00000000 00000000 00000000 00000000 00000101 00000081 00000000 00000000 00000000 00000000 00000000 00000000 00000000 00003333 00004ccd 00002667 00000001 00000000 01c9c380 0000027c
capture_snapshot GLI1 00010000 30000000 2500000 192 0 30000000 0 0 0 0 0 0 0 8a7d66c4 00000000 8cba7a5c 00000000 002fc1a3 00000000 002fc1a3 00000000 0000006a 00000000 00000000 00000000 023d18b2 00000000 002fc20d 00000000 00000000 00000000 00000000 00000039 008b3199 00000001 00000000 00000001 00000000 00000000 00000000 00000000 00000000 00000000 00000000 00000000 00000000 00000000 00000000 00000000 00000000 00000000 00000000 00000000 d529a96c 00000001 8cba7a74 00000000 00000000 00000000 00000000 00000000 00000100 00000080 00000000 00000000 00000000 00000000 00000000 00000000 00000000 00003333 00004ccd 00002667 00000001 00000000 01c9c380 0000027c
capture_snapshot GLI1 00010000 30000000 2500000 193 0 30000000 0 0 0 0 0 0 0 8a7d66c4 00000000 8cbd7948 00000000 0030018c 00000000 0030018c 00000000 0000006a 00000000 00000000 00000000 02401796 00000000 003001f6 00000000 00000000 00000000 00000000 00000039 008b3199 00000001 00000000 00000001 00000000 00000000 00000000 00000000 00000000 00000000 00000000 00000000 00000000 00000000 00000000 00000000 00000000 00000000 00000000 00000000 d533a5a4 00000001 8cbd7958 00000000 00000000 00000000 00000000 00000000 00000101 00000081 00000000 00000000 00000000 00000000 00000000 00000000 00000000 00003333 00004ccd 00002667 00000001 00000000 01c9c380 0000027c
capture_snapshot GLI1 00010000 30000000 2500000 194 0 30000000 0 0 0 0 0 0 0 8a7d66c4 00000000 8cc079d8 00000000 00304198 00000000 00304198 00000000 0000006a 00000000 00000000 00000000 0243182c 00000000 00304202 00000000 00000000 00000000 00000000 00000039 008b3199 00000001 00000000 00000001 00000000 00000000 00000000 00000000 00000000 00000000 00000000 00000000 00000000 00000000 00000000 00000000 00000000 00000000 00000000 00000000 d53da786 00000001 8cc079ee 00000000 00000000 00000000 00000000 00000000 00000100 00000080 00000000 00000000 00000000 00000000 00000000 00000000 00000000 00003333 00004ccd 00002667 00000001 00000000 01c9c380 0000027c
capture_snapshot GLI1 00010000 30000000 2500000 195 0 30000000 0 0 0 0 0 0 0 8a7d66c4 00000000 8cc3799c 00000000 00308193 00000000 00308193 00000000 0000006a 00000000 00000000 00000000 024617f3 00000000 003081fd 00000000 00000000 00000000 00000000 00000039 008b3199 00000001 00000000 00000001 00000000 00000000 00000000 00000000 00000000 00000000 00000000 00000000 00000000 00000000 00000000 00000000 00000000 00000000 00000000 00000000 d547a6b3 00000001 8cc379b5 00000000 00000000 00000000 00000000 00000000 00000101 00000081 00000000 00000000 00000000 00000000 00000000 00000000 00000000 00003333 00004ccd 00002667 00000001 00000000 01c9c380 0000027c
capture_snapshot GLI1 00010000 30000000 2500000 196 0 30000000 0 0 0 0 0 0 0 8a7d66c4 00000000 8cc67978 00000000 0030c190 00000000 0030c190 00000000 0000006a 00000000 00000000 00000000 024917c9 00000000 0030c1fa 00000000 00000000 00000000 00000000 00000039 008b3199 00000001 00000000 00000001 00000000 00000000 00000000 00000000 00000000 00000000 00000000 00000000 00000000 00000000 00000000 00000000 00000000 00000000 00000000 00000000 d551a616 00000001 8cc6798b 00000000 00000000 00000000 00000000 00000000 00000100 00000080 00000000 00000000 00000000 00000000 00000000 00000000 00000000 00003333 00004ccd 00002667 00000001 00000000 01c9c380 0000027c
capture_snapshot GLI1 00010000 30000000 2500000 197 0 30000000 0 0 0 0 0 0 0 8a7d66c4 00000000 8cc97a80 00000000 003101a6 00000000 003101a6 00000000 0000006a 00000000 00000000 00000000 024c18d5 00000000 00310210 00000000 00000000 00000000 00000000 00000039 008b3199 00000001 00000000 00000001 00000000 00000000 00000000 00000000 00000000 00000000 00000000 00000000 00000000 00000000 00000000 00000000 00000000 00000000 00000000 00000000 d55ba97f 00000001 8cc97a97 00000000 00000000 00000000 00000000 00000000 00000100 00000080 00000000 00000000 00000000 00000000 00000000 00000000 00000000 00003333 00004ccd 00002667 00000001 00000000 01c9c380 0000027c
capture_snapshot GLI1 00010000 30000000 2500000 198 0 30000000 0 0 0 0 0 0 0 8a7d66c4 00000000 8ccc79c0 00000000 00314196 00000000 00314196 00000000 0000006a 00000000 00000000 00000000 024f180e 00000000 00314200 00000000 00000000 00000000 00000000 00000039 008b3199 00000001 00000000 00000001 00000000 00000000 00000000 00000000 00000000 00000000 00000000 00000000 00000000 00000000 00000000 00000000 00000000 00000000 00000000 00000000 d565a6d2 00000001 8ccc79d0 00000000 00000000 00000000 00000000 00000000 00000101 00000080 00000000 00000000 00000000 00000000 00000000 00000000 00000000 00003333 00004ccd 00002667 00000001 00000000 01c9c380 0000027c
capture_snapshot GLI1 00010000 30000000 2500000 199 0 30000000 0 0 0 0 0 0 0 8a7d66c4 00000000 8ccf799c 00000000 00318193 00000000 00318193 00000000 0000006a 00000000 00000000 00000000 025217f3 00000000 003181fd 00000000 00000000 00000000 00000000 00000039 008b3199 00000001 00000000 00000001 00000000 00000000 00000000 00000000 00000000 00000000 00000000 00000000 00000000 00000000 00000000 00000000 00000000 00000000 00000000 00000000 d56fa666 00000001 8ccf79b5 00000000 00000000 00000000 00000000 00000000 00000101 00000080 00000000 00000000 00000000 00000000 00000000 00000000 00000000 00003333 00004ccd 00002667 00000001 00000000 01c9c380 0000027c
capture_snapshot GLI1 00010000 30000000 2500000 200 0 30000000 0 0 0 0 0 0 0 8a7d66c4 00000000 8cd27a20 00000000 0031c19e 00000000 0031c19e 00000000 0000006a 00000000 00000000 00000000 02551870 00000000 0031c208 00000000 00000000 00000000 00000000 00000039 008b3199 00000001 00000000 00000001 00000000 00000000 00000000 00000000 00000000 00000000 00000000 00000000 00000000 00000000 00000000 00000000 00000000 00000000 00000000 00000000 d579a7f3 00000001 8cd27a32 00000000 00000000 00000000 00000000 00000000 00000101 00000081 00000000 00000000 00000000 00000000 00000000 00000000 00000000 00003333 00004ccd 00002667 00000001 00000000 01c9c380 0000027c
capture_snapshot GLI1 00010000 30000000 2500000 201 0 30000000 0 0 0 0 0 0 0 8a7d66c4 00000000 8cd57a44 00000000 003201a1 00000000 003201a1 00000000 0000006a 00000000 00000000 00000000 0258189c 00000000 0032020b 00000000 00000000 00000000 00000000 00000039 008b3199 00000001 00000000 00000001 00000000 00000000 00000000 00000000 00000000 00000000 00000000 00000000 00000000 00000000 00000000 00000000 00000000 00000000 00000000 00000000 d583a871 00000001 8cd57a5e 00000000 00000000 00000000 00000000 00000000 00000101 00000080 00000000 00000000 00000000 00000000 00000000 00000000 00000000 00003333 00004ccd 00002667 00000001 00000000 01c9c380 0000027c
capture_snapshot GLI1 00010000 30000000 2500000 202 0 30000000 0 0 0 0 0 0 0 8a7d66c4 00000000 8cd879cc 00000000 00324197 00000000 00324197 00000000 0000006a 00000000 00000000 00000000 025b1819 00000000 00324201 00000000 00000000 00000000 00000000 00000039 008b3199 00000001 00000000 00000001 00000000 00000000 00000000 00000000 00000000 00000000 00000000 00000000 00000000 00000000 00000000 00000000 00000000 00000000 00000000 00000000 d58da6a8 00000001 8cd879db 00000000 00000000 00000000 00000000 00000000 00000100 00000080 00000000 00000000 00000000 00000000 00000000 00000000 00000000 00003333 00004ccd 00002667 00000001 00000000 01c9c380 0000027c
capture_snapshot GLI1 00010000 30000000 2500000 203 0 30000000 0 0 0 0 0 0 0 8a7d66c4 00000000 8cdb799c 00000000 00328193 00000000 00328193 00000000 0000006a 00000000 00000000 00000000 025e17ef 00000000 003281fd 00000000 00000000 00000000 00000000 00000039 008b3199 00000001 00000000 00000001 00000000 00000000 00000000 00000000 00000000 00000000 00000000 00000000 00000000 00000000 00000000 00000000 00000000 00000000 00000000 00000000 d597a60b 00000001 8cdb79b1 00000000 00000000 00000000 00000000 00000000 00000100 00000080 00000000 00000000 00000000 00000000 00000000 00000000 00000000 00003333 00004ccd 00002667 00000001 00000000 01c9c380 0000027c
capture_snapshot GLI1 00010000 30000000 2500000 204 0 30000000 0 0 0 0 0 0 0 8a7d66c4 00000000 8cde79c0 00000000 0032c196 00000000 0032c196 00000000 0000006a 00000000 00000000 00000000 02611813 00000000 0032c200 00000000 00000000 00000000 00000000 00000039 008b3199 00000001 00000000 00000001 00000000 00000000 00000000 00000000 00000000 00000000 00000000 00000000 00000000 00000000 00000000 00000000 00000000 00000000 00000000 00000000 d5a1a66f 00000001 8cde79d5 00000000 00000000 00000000 00000000 00000000 00000101 00000081 00000000 00000000 00000000 00000000 00000000 00000000 00000000 00003333 00004ccd 00002667 00000001 00000000 01c9c380 0000027c
capture_snapshot GLI1 00010000 30000000 2500000 205 0 30000000 0 0 0 0 0 0 0 8a7d66c4 00000000 8ce179a8 00000000 00330194 00000000 00330194 00000000 0000006a 00000000 00000000 00000000 026417fe 00000000 003301fe 00000000 00000000 00000000 00000000 00000039 008b3199 00000001 00000000 00000001 00000000 00000000 00000000 00000000 00000000 00000000 00000000 00000000 00000000 00000000 00000000 00000000 00000000 00000000 00000000 00000000 d5aba615 00000001 8ce179c0 00000000 00000000 00000000 00000000 00000000 00000101 00000081 00000000 00000000 00000000 00000000 00000000 00000000 00000000 00003333 00004ccd 00002667 00000001 00000000 01c9c380 0000027c
capture_snapshot GLI1 00010000 30000000 2500000 206 0 30000000 0 0 0 0 0 0 0 8a7d66c4 00000000 8ce4799c 00000000 00334193 00000000 00334193 00000000 0000006a 00000000 00000000 00000000 026717f2 00000000 003341fd 00000000 00000000 00000000 00000000 00000039 008b3199 00000001 00000000 00000001 00000000 00000000 00000000 00000000 00000000 00000000 00000000 00000000 00000000 00000000 00000000 00000000 00000000 00000000 00000000 00000000 d5b5a5d9 00000001 8ce479b4 00000000 00000000 00000000 00000000 00000000 00000101 00000080 00000000 00000000 00000000 00000000 00000000 00000000 00000000 00003333 00004ccd 00002667 00000001 00000000 01c9c380 0000027c
capture_snapshot GLI1 00010000 30000000 2500000 207 0 30000000 0 0 0 0 0 0 0 8a7d66c4 00000000 8ce77930 00000000 0033818a 00000000 0033818a 00000000 0000006a 00000000 00000000 00000000 026a177d 00000000 003381f4 00000000 00000000 00000000 00000000 00000039 008b3199 00000001 00000000 00000001 00000000 00000000 00000000 00000000 00000000 00000000 00000000 00000000 00000000 00000000 00000000 00000000 00000000 00000000 00000000 00000000 d5bfa441 00000001 8ce7793f 00000000 00000000 00000000 00000000 00000000 00000100 00000081 00000000 00000000 00000000 00000000 00000000 00000000 00000000 00003333 00004ccd 00002667 00000001 00000000 01c9c380 0000027c
capture_snapshot GLI1 00010000 30000000 2500000 208 0 30000000 0 0 0 0 0 0 0 8a7d66c4 00000000 8cea7a50 00000000 0033c1a2 00000000 0033c1a2 00000000 0000006a 00000000 00000000 00000000 026d18a7 00000000 0033c20c 00000000 00000000 00000000 00000000 00000039 008b3199 00000001 00000000 00000001 00000000 00000000 00000000 00000000 00000000 00000000 00000000 00000000 00000000 00000000 00000000 00000000 00000000 00000000 00000000 00000000 d5c9a80f 00000001 8cea7a69 00000000 00000000 00000000 00000000 00000000 00000100 00000080 00000000 00000000 00000000 00000000 00000000 00000000 00000000 00003333 00004ccd 00002667 00000001 00000000 01c9c380 0000027c
capture_snapshot GLI1 00010000 30000000 2500000 209 0 30000000 0 0 0 0 0 0 0 8a7d66c4 00000000 8ced7978 00000000 00340190 00000000 00340190 00000000 0000006a 00000000 00000000 00000000 027017cc 00000000 003401fa 00000000 00000000 00000000 00000000 00000039 008b3199 00000001 00000000 00000001 00000000 00000000 00000000 00000000 00000000 00000000 00000000 00000000 00000000 00000000 00000000 00000000 00000000 00000000 00000000 00000000 d5d3a520 00000001 8ced798e 00000000 00000000 00000000 00000000 00000000 00000101 00000081 00000000 00000000 00000000 00000000 00000000 00000000 00000000 00003333 00004ccd 00002667 00000001 00000000 01c9c380 0000027c
capture_snapshot GLI1 00010000 30000000 2500000 210 0 30000000 0 0 0 0 0 0 0 8a7d66c4 00000000 8cf0790c 00000000 00344187 00000000 00344187 00000000 0000006a 00000000 00000000 00000000 02731759 00000000 003441f1 00000000 00000000 00000000 00000000 00000039 008b3199 00000001 00000000 00000001 00000000 00000000 00000000 00000000 00000000 00000000 00000000 00000000 00000000 00000000 00000000 00000000 00000000 00000000 00000000 00000000 d5dda38e 00000001 8cf0791b 00000000 00000000 00000000 00000000 00000000 00000101 00000081 00000000 00000000 00000000 00000000 00000000 00000000 00000000 00003333 00004ccd 00002667 00000001 00000000 01c9c380 0000027c
capture_snapshot GLI1 00010000 30000000 2500000 211 0 30000000 0 0 0 0 0 0 0 8a7d66c4 00000000 8cf379f0 00000000 0034819a 00000000 0034819a 00000000 0000006a 00000000 00000000 00000000 02761844 00000000 00348204 00000000 00000000 00000000 00000000 00000039 008b3199 00000001 00000000 00000001 00000000 00000000 00000000 00000000 00000000 00000000 00000000 00000000 00000000 00000000 00000000 00000000 00000000 00000000 00000000 00000000 d5e7a689 00000001 8cf37a06 00000000 00000000 00000000 00000000 00000000 00000101 00000081 00000000 00000000 00000000 00000000 00000000 00000000 00000000 00003333 00004ccd 00002667 00000001 00000000 01c9c380 0000027c
capture_snapshot GLI1 00010000 30000000 2500000 212 0 30000000 0 0 0 0 0 0 0 8a7d66c4 00000000 8cf679c0 00000000 0034c196 00000000 0034c196 00000000 0000006a 00000000 00000000 00000000 02791811 00000000 0034c200 00000000 00000000 00000000 00000000 00000039 008b3199 00000001 00000000 00000001 00000000 00000000 00000000 00000000 00000000 00000000 00000000 00000000 00000000 00000000 00000000 00000000 00000000 00000000 00000000 00000000 d5f1a5cc 00000001 8cf679d3 00000000 00000000 00000000 00000000 00000000 00000101 00000081 00000000 00000000 00000000 00000000 00000000 00000000 00000000 00003333 00004ccd 00002667 00000001 00000000 01c9c380 0000027c
capture_snapshot GLI1 00010000 30000000 2500000 213 0 30000000 0 0 0 0 0 0 0 8a7d66c4 00000000 8cf97924 00000000 00350189 00000000 00350189 00000000 0000006a 00000000 00000000 00000000 027c1771 00000000 003501f3 00000000 00000000 00000000 00000000 00000039 008b3199 00000001 00000000 00000001 00000000 00000000 00000000 00000000 00000000 00000000 00000000 00000000 00000000 00000000 00000000 00000000 00000000 00000000 00000000 00000000 d5fba3a4 00000001 8cf97933 00000000 00000000 00000000 00000000 00000000 00000100 00000081 00000000 00000000 00000000 00000000 00000000 00000000 00000000 00003333 00004ccd 00002667 00000001 00000000 01c9c380 0000027c
capture_snapshot GLI1 00010000 30000000 2500000 214 0 30000000 0 0 0 0 0 0 0 8a7d66c4 00000000 8cfc7a68 00000000 003541a4 00000000 003541a4 00000000 0000006a 00000000 00000000 00000000 027f18b6 00000000 0035420e 00000000 00000000 00000000 00000000 00000039 008b3199 00000001 00000000 00000001 00000000 00000000 00000000 00000000 00000000 00000000 00000000 00000000 00000000 00000000 00000000 00000000 00000000 00000000 00000000 00000000 d605a7cb 00000001 8cfc7a78 00000000 00000000 00000000 00000000 00000000 00000101 00000081 00000000 00000000 00000000 00000000 00000000 00000000 00000000 00003333 00004ccd 00002667 00000001 00000000 01c9c380 0000027c
capture_snapshot GLI1 00010000 30000000 2500000 215 0 30000000 0 0 0 0 0 0 0 8a7d66c4 00000000 8cff799c 00000000 00358193 00000000 00358193 00000000 0000006a 00000000 00000000 00000000 028217f2 00000000 003581fd 00000000 00000000 00000000 00000000 00000039 008b3199 00000001 00000000 00000001 00000000 00000000 00000000 00000000 00000000 00000000 00000000 00000000 00000000 00000000 00000000 00000000 00000000 00000000 00000000 00000000 d60fa52b 00000001 8cff79b4 00000000 00000000 00000000 00000000 00000000 00000100 00000080 00000000 00000000 00000000 00000000 00000000 00000000 00000000 00003333 00004ccd 00002667 00000001 00000000 01c9c380 0000027c
capture_snapshot GLI1 00010000 30000000 2500000 216 0 30000000 0 0 0 0 0 0 0 8a7d66c4 00000000 8d0279fc 00000000 0035c19b 00000000 0035c19b 00000000 0000006a 00000000 00000000 00000000 0285184b 00000000 0035c205 00000000 00000000 00000000 00000000 00000039 008b3199 00000001 00000000 00000001 00000000 00000000 00000000 00000000 00000000 00000000 00000000 00000000 00000000 00000000 00000000 00000000 00000000 00000000 00000000 00000000 d619a63e 00000001 8d027a0d 00000000 00000000 00000000 00000000 00000000 00000101 00000080 00000000 00000000 00000000 00000000 00000000 00000000 00000000 00003333 00004ccd 00002667 00000001 00000000 01c9c380 0000027c
capture_snapshot GLI1 00010000 30000000 2500000 217 0 30000000 0 0 0 0 0 0 0 8a7d66c4 00000000 8d057990 00000000 00360192 00000000 00360192 00000000 0000006a 00000000 00000000 00000000 028817e6 00000000 003601fc 00000000 00000000 00000000 00000000 00000039 008b3199 00000001 00000000 00000001 00000000 00000000 00000000 00000000 00000000 00000000 00000000 00000000 00000000 00000000 00000000 00000000 00000000 00000000 00000000 00000000 d623a4db 00000001 8d0579a8 00000000 00000000 00000000 00000000 00000000 00000101 00000081 00000000 00000000 00000000 00000000 00000000 00000000 00000000 00003333 00004ccd 00002667 00000001 00000000 01c9c380 0000027c
capture_snapshot GLI1 00010000 30000000 2500000 218 0 30000000 0 0 0 0 0 0 0 8a7d66c4 00000000 8d0879c0 00000000 00364196 00000000 00364196 00000000 0000006a 00000000 00000000 00000000 028b1815 00000000 00364200 00000000 00000000 00000000 00000000 00000039 008b3199 00000001 00000000 00000001 00000000 00000000 00000000 00000000 00000000 00000000 00000000 00000000 00000000 00000000 00000000 00000000 00000000 00000000 00000000 00000000 d62da566 00000001 8d0879d7 00000000 00000000 00000000 00000000 00000000 00000100 00000080 00000000 00000000 00000000 00000000 00000000 00000000 00000000 00003333 00004ccd 00002667 00000001 00000000 01c9c380 0000027c
capture_snapshot GLI1 00010000 30000000 2500000 219 0 30000000 0 0 0 0 0 0 0 8a7d66c4 00000000 8d0b79b4 00000000 00368195 00000000 00368195 00000000 0000006a 00000000 00000000 00000000 028e180b 00000000 003681ff 00000000 00000000 00000000 00000000 00000039 008b3199 00000001 00000000 00000001 00000000 00000000 00000000 00000000 00000000 00000000 00000000 00000000 00000000 00000000 00000000 00000000 00000000 00000000 00000000 00000000 d637a52e 00000001 8d0b79cd 00000000 00000000 00000000 00000000 00000000 00000100 00000080 00000000 00000000 00000000 00000000 00000000 00000000 00000000 00003333 00004ccd 00002667 00000001 00000000 01c9c380 0000027c
capture_snapshot GLI1 00010000 30000000 2500000 220 0 30000000 0 0 0 0 0 0 0 8a7d66c4 00000000 8d0e7a8c 00000000 0036c1a7 00000000 0036c1a7 00000000 0000006a 00000000 00000000 00000000 029118dc 00000000 0036c211 00000000 00000000 00000000 00000000 00000039 008b3199 00000001 00000000 00000001 00000000 00000000 00000000 00000000 00000000 00000000 00000000 00000000 00000000 00000000 00000000 00000000 00000000 00000000 00000000 00000000 d641a7d4 00000001 8d0e7a9e 00000000 00000000 00000000 00000000 00000000 00000101 00000081 00000000 00000000 00000000 00000000 00000000 00000000 00000000 00003333 00004ccd 00002667 00000001 00000000 01c9c380 0000027c
capture_snapshot GLI1 00010000 30000000 2500000 221 0 30000000 0 0 0 0 0 0 0 8a7d66c4 00000000 8d11796c 00000000 0037018f 00000000 0037018f 00000000 0000006a 00000000 00000000 00000000 029417bc 00000000 003701f9 00000000 00000000 00000000 00000000 00000039 008b3199 00000001 00000000 00000001 00000000 00000000 00000000 00000000 00000000 00000000 00000000 00000000 00000000 00000000 00000000 00000000 00000000 00000000 00000000 00000000 d64ba400 00000001 8d11797e 00000000 00000000 00000000 00000000 00000000 00000101 00000080 00000000 00000000 00000000 00000000 00000000 00000000 00000000 00003333 00004ccd 00002667 00000001 00000000 01c9c380 0000027c
capture_snapshot GLI1 00010000 30000000 2500000 222 0 30000000 0 0 0 0 0 0 0 8a7d66c4 00000000 8d147984 00000000 00374191 00000000 00374191 00000000 0000006a 00000000 00000000 00000000 029717d1 00000000 003741fb 00000000 00000000 00000000 00000000 00000039 008b3199 00000001 00000000 00000001 00000000 00000000 00000000 00000000 00000000 00000000 00000000 00000000 00000000 00000000 00000000 00000000 00000000 00000000 00000000 00000000 d655a433 00000001 8d147993 00000000 00000000 00000000 00000000 00000000 00000101 00000081 00000000 00000000 00000000 00000000 00000000 00000000 00000000 00003333 00004ccd 00002667 00000001 00000000 01c9c380 0000027c
capture_snapshot GLI1 00010000 30000000 2500000 223 0 30000000 0 0 0 0 0 0 0 8a7d66c4 00000000 8d1779b4 00000000 00378195 00000000 00378195 00000000 0000006a 00000000 00000000 00000000 029a1807 00000000 003781ff 00000000 00000000 00000000 00000000 00000039 008b3199 00000001 00000000 00000001 00000000 00000000 00000000 00000000 00000000 00000000 00000000 00000000 00000000 00000000 00000000 00000000 00000000 00000000 00000000 00000000 d65fa4d5 00000001 8d1779c9 00000000 00000000 00000000 00000000 00000000 00000100 00000080 00000000 00000000 00000000 00000000 00000000 00000000 00000000 00003333 00004ccd 00002667 00000001 00000000 01c9c380 0000027c
capture_snapshot GLI1 00010000 30000000 2500000 224 0 30000000 0 0 0 0 0 0 0 8a7d66c4 00000000 8d1a79e4 00000000 0037c199 00000000 0037c199 00000000 0000006a 00000000 00000000 00000000 029d1831 00000000 0037c203 00000000 00000000 00000000 00000000 00000039 008b3199 00000001 00000000 00000001 00000000 00000000 00000000 00000000 00000000 00000000 00000000 00000000 00000000 00000000 00000000 00000000 00000000 00000000 00000000 00000000 d669a54e 00000001 8d1a79f3 00000000 00000000 00000000 00000000 00000000 00000100 00000080 00000000 00000000 00000000 00000000 00000000 00000000 00000000 00003333 00004ccd 00002667 00000001 00000000 01c9c380 0000027c
capture_snapshot GLI1 00010000 30000000 2500000 225 0 30000000 0 0 0 0 0 0 0 8a7d66c4 00000000 8d1d79a8 00000000 00380194 00000000 00380194 00000000 0000006a 00000000 00000000 00000000 02a017fc 00000000 003801fe 00000000 00000000 00000000 00000000 00000039 008b3199 00000001 00000000 00000001 00000000 00000000 00000000 00000000 00000000 00000000 00000000 00000000 00000000 00000000 00000000 00000000 00000000 00000000 00000000 00000000 d673a487 00000001 8d1d79be 00000000 00000000 00000000 00000000 00000000 00000100 00000080 00000000 00000000 00000000 00000000 00000000 00000000 00000000 00003333 00004ccd 00002667 00000001 00000000 01c9c380 0000027c
capture_snapshot GLI1 00010000 30000000 2500000 226 0 30000000 0 0 0 0 0 0 0 8a7d66c4 00000000 8d20799c 00000000 00384193 00000000 00384193 00000000 0000006a 00000000 00000000 00000000 02a317ef 00000000 003841fd 00000000 00000000 00000000 00000000 00000039 008b3199 00000001 00000000 00000001 00000000 00000000 00000000 00000000 00000000 00000000 00000000 00000000 00000000 00000000 00000000 00000000 00000000 00000000 00000000 00000000 d67da448 00000001 8d2079b1 00000000 00000000 00000000 00000000 00000000 00000100 00000080 00000000 00000000 00000000 00000000 00000000 00000000 00000000 00003333 00004ccd 00002667 00000001 00000000 01c9c380 0000027c
capture_snapshot GLI1 00010000 30000000 2500000 227 0 30000000 0 0 0 0 0 0 0 8a7d66c4 00000000 8d2379a8 00000000 00388194 00000000 00388194 00000000 0000006a 00000000 00000000 00000000 02a617fb 00000000 003881fe 00000000 00000000 00000000 00000000 00000039 008b3199 00000001 00000000 00000001 00000000 00000000 00000000 00000000 00000000 00000000 00000000 00000000 00000000 00000000 00000000 00000000 00000000 00000000 00000000 00000000 d687a45f 00000001 8d2379bd 00000000 00000000 00000000 00000000 00000000 00000100 00000080 00000000 00000000 00000000 00000000 00000000 00000000 00000000 00003333 00004ccd 00002667 00000001 00000000 01c9c380 0000027c
capture_snapshot GLI1 00010000 30000000 2500000 228 0 30000000 0 0 0 0 0 0 0 8a7d66c4 00000000 8d267924 00000000 0038c189 00000000 0038c189 00000000 0000006a 00000000 00000000 00000000 02a9177a 00000000 0038c1f3 00000000 00000000 00000000 00000000 00000039 008b3199 00000001 00000000 00000001 00000000 00000000 00000000 00000000 00000000 00000000 00000000 00000000 00000000 00000000 00000000 00000000 00000000 00000000 00000000 00000000 d691a29d 00000001 8d26793c 00000000 00000000 00000000 00000000 00000000 00000101 00000081 00000000 00000000 00000000 00000000 00000000 00000000 00000000 00003333 00004ccd 00002667 00000001 00000000 01c9c380 0000027c
capture_snapshot GLI1 00010000 30000000 2500000 229 0 30000000 0 0 0 0 0 0 0 8a7d66c4 00000000 8d297978 00000000 00390190 00000000 00390190 00000000 0000006a 00000000 00000000 00000000 02ac17cf 00000000 003901fa 00000000 00000000 00000000 00000000 00000039 008b3199 00000001 00000000 00000001 00000000 00000000 00000000 00000000 00000000 00000000 00000000 00000000 00000000 00000000 00000000 00000000 00000000 00000000 00000000 00000000 d69ba3a4 00000001 8d297991 00000000 00000000 00000000 00000000 00000000 00000101 00000081 00000000 00000000 00000000 00000000 00000000 00000000 00000000 00003333 00004ccd 00002667 00000001 00000000 01c9c380 0000027c
capture_snapshot GLI1 00010000 30000000 2500000 230 0 30000000 0 0 0 0 0 0 0 8a7d66c4 00000000 8d2c7954 00000000 0039418d 00000000 0039418d 00000000 0000006a 00000000 00000000 00000000 02af17a2 00000000 003941f7 00000000 00000000 00000000 00000000 00000039 008b3199 00000001 00000000 00000001 00000000 00000000 00000000 00000000 00000000 00000000 00000000 00000000 00000000 00000000 00000000 00000000 00000000 00000000 00000000 00000000 d6a5a2fb 00000001 8d2c7964 00000000 00000000 00000000 00000000 00000000 00000101 00000081 00000000 00000000 00000000 00000000 00000000 00000000 00000000 00003333 00004ccd 00002667 00000001 00000000 01c9c380 0000027c
capture_snapshot GLI1 00010000 30000000 2500000 231 0 30000000 0 0 0 0 0 0 0 8a7d66c4 00000000 8d2f7930 00000000 0039818a 00000000 0039818a 00000000 0000006a 00000000 00000000 00000000 02b2177e 00000000 003981f4 00000000 00000000 00000000 00000000 00000039 008b3199 00000001 00000000 00000001 00000000 00000000 00000000 00000000 00000000 00000000 00000000 00000000 00000000 00000000 00000000 00000000 00000000 00000000 00000000 00000000 d6afa270 00000001 8d2f7940 00000000 00000000 00000000 00000000 00000000 00000101 00000081 00000000 00000000 00000000 00000000 00000000 00000000 00000000 00003333 00004ccd 00002667 00000001 00000000 01c9c380 0000027c
capture_snapshot GLI1 00010000 30000000 2500000 232 0 30000000 0 0 0 0 0 0 0 8a7d66c4 00000000 8d3279f0 00000000 0039c19a 00000000 0039c19a 00000000 0000006a 00000000 00000000 00000000 02b51843 00000000 0039c204 00000000 00000000 00000000 00000000 00000039 008b3199 00000001 00000000 00000001 00000000 00000000 00000000 00000000 00000000 00000000 00000000 00000000 00000000 00000000 00000000 00000000 00000000 00000000 00000000 00000000 d6b9a4ed 00000001 8d327a05 00000000 00000000 00000000 00000000 00000000 00000101 00000080 00000000 00000000 00000000 00000000 00000000 00000000 00000000 00003333 00004ccd 00002667 00000001 00000000 01c9c380 0000027c
capture_snapshot GLI1 00010000 30000000 2500000 233 0 30000000 0 0 0 0 0 0 0 8a7d66c4 00000000 8d35799c 00000000 003a0193 00000000 003a0193 00000000 0000006a 00000000 00000000 00000000 02b817ec 00000000 003a01fd 00000000 00000000 00000000 00000000 00000039 008b3199 00000001 00000000 00000001 00000000 00000000 00000000 00000000 00000000 00000000 00000000 00000000 00000000 00000000 00000000 00000000 00000000 00000000 00000000 00000000 d6c3a3b6 00000001 8d3579ae 00000000 00000000 00000000 00000000 00000000 00000101 00000080 00000000 00000000 00000000 00000000 00000000 00000000 00000000 00003333 00004ccd 00002667 00000001 00000000 01c9c380 0000027c
capture_snapshot GLI1 00010000 30000000 2500000 234 0 30000000 0 0 0 0 0 0 0 8a7d66c4 00000000 8d38796c 00000000 003a418f 00000000 003a418f 00000000 0000006a 00000000 00000000 00000000 02bb17c0 00000000 003a41f9 00000000 00000000 00000000 00000000 00000039 008b3199 00000001 00000000 00000001 00000000 00000000 00000000 00000000 00000000 00000000 00000000 00000000 00000000 00000000 00000000 00000000 00000000 00000000 00000000 00000000 d6cda310 00000001 8d387982 00000000 00000000 00000000 00000000 00000000 00000101 00000080 00000000 00000000 00000000 00000000 00000000 00000000 00000000 00003333 00004ccd 00002667 00000001 00000000 01c9c380 0000027c
capture_snapshot GLI1 00010000 30000000 2500000 235 0 30000000 0 0 0 0 0 0 0 8a7d66c4 00000000 8d3b7960 00000000 003a818e 00000000 003a818e 00000000 0000006a 00000000 00000000 00000000 02be17b7 00000000 003a81f8 00000000 00000000 00000000 00000000 00000039 008b3199 00000001 00000000 00000001 00000000 00000000 00000000 00000000 00000000 00000000 00000000 00000000 00000000 00000000 00000000 00000000 00000000 00000000 00000000 00000000 d6d7a2df 00000001 8d3b7979 00000000 00000000 00000000 00000000 00000000 00000101 00000081 00000000 00000000 00000000 00000000 00000000 00000000 00000000 00003333 00004ccd 00002667 00000001 00000000 01c9c380 0000027c
capture_snapshot GLI1 00010000 30000000 2500000 236 0 30000000 0 0 0 0 0 0 0 8a7d66c4 00000000 8d3e78f4 00000000 003ac185 00000000 003ac185 00000000 0000006a 00000000 00000000 00000000 02c11745 00000000 003ac1ef 00000000 00000000 00000000 00000000 00000039 008b3199 00000001 00000000 00000001 00000000 00000000 00000000 00000000 00000000 00000000 00000000 00000000 00000000 00000000 00000000 00000000 00000000 00000000 00000000 00000000 d6e1a150 00000001 8d3e7907 00000000 00000000 00000000 00000000 00000000 00000101 00000081 00000000 00000000 00000000 00000000 00000000 00000000 00000000 00003333 00004ccd 00002667 00000001 00000000 01c9c380 0000027c
capture_snapshot GLI1 00010000 30000000 2500000 237 0 30000000 0 0 0 0 0 0 0 8a7d66c4 00000000 8d417978 00000000 003b0190 00000000 003b0190 00000000 0000006a 00000000 00000000 00000000 02c417ce 00000000 003b01fa 00000000 00000000 00000000 00000000 00000039 008b3199 00000001 00000000 00000001 00000000 00000000 00000000 00000000 00000000 00000000 00000000 00000000 00000000 00000000 00000000 00000000 00000000 00000000 00000000 00000000 d6eba304 00000001 8d417990 00000000 00000000 00000000 00000000 00000000 00000101 00000080 00000000 00000000 00000000 00000000 00000000 00000000 00000000 00003333 00004ccd 00002667 00000001 00000000 01c9c380 0000027c
capture_snapshot GLI1 00010000 30000000 2500000 238 0 30000000 0 0 0 0 0 0 0 8a7d66c4 00000000 8d44799c 00000000 003b4193 00000000 003b4193 00000000 0000006a 00000000 00000000 00000000 02c717f0 00000000 003b41fd 00000000 00000000 00000000 00000000 00000039 008b3199 00000001 00000000 00000001 00000000 00000000 00000000 00000000 00000000 00000000 00000000 00000000 00000000 00000000 00000000 00000000 00000000 00000000 00000000 00000000 d6f5a361 00000001 8d4479b2 00000000 00000000 00000000 00000000 00000000 00000100 00000080 00000000 00000000 00000000 00000000 00000000 00000000 00000000 00003333 00004ccd 00002667 00000001 00000000 01c9c380 0000027c
capture_snapshot GLI1 00010000 30000000 2500000 239 0 30000000 0 0 0 0 0 0 0 8a7d66c4 00000000 8d477978 00000000 003b8190 00000000 003b8190 00000000 0000006a 00000000 00000000 00000000 02ca17c7 00000000 003b81fa 00000000 00000000 00000000 00000000 00000039 008b3199 00000001 00000000 00000001 00000000 00000000 00000000 00000000 00000000 00000000 00000000 00000000 00000000 00000000 00000000 00000000 00000000 00000000 00000000 00000000 d6ffa2c5 00000001 8d477989 00000000 00000000 00000000 00000000 00000000 00000100 00000080 00000000 00000000 00000000 00000000 00000000 00000000 00000000 00003333 00004ccd 00002667 00000001 00000000 01c9c380 0000027c
capture_snapshot GLI1 00010000 30000000 2500000 240 0 30000000 0 0 0 0 0 0 0 8a7d66c4 00000000 8d4a79e4 00000000 003bc199 00000000 003bc199 00000000 0000006a 00000000 00000000 00000000 02cd1835 00000000 003bc203 00000000 00000000 00000000 00000000 00000039 008b3199 00000001 00000000 00000001 00000000 00000000 00000000 00000000 00000000 00000000 00000000 00000000 00000000 00000000 00000000 00000000 00000000 00000000 00000000 00000000 d709a422 00000001 8d4a79f7 00000000 00000000 00000000 00000000 00000000 00000101 00000081 00000000 00000000 00000000 00000000 00000000 00000000 00000000 00003333 00004ccd 00002667 00000001 00000000 01c9c380 0000027c
capture_snapshot GLI1 00010000 30000000 2500000 241 0 30000000 0 0 0 0 0 0 0 8a7d66c4 00000000 8d4d7990 00000000 003c0192 00000000 003c0191 00000000 0000006a 00000000 00000000 00000000 02d017dc 00000000 003c01fc 00000000 00000000 00000000 00000000 0000003b 008b3199 00000001 00000001 00000001 00000000 00000000 00000000 00000000 00000000 00000000 00000000 00000000 00000000 00000000 00000000 00000000 00000000 00000000 00000000 00000000 d713a2e6 00000001 8d4d799e 00000000 00000000 00000000 00000000 00000000 00000101 00000080 00000000 00000000 00000000 00000000 00000000 00000000 00000000 00003333 00004ccd 00002667 00000001 00000000 01c9c380 0000027c
capture_snapshot GLI1 00010000 30000000 2500000 242 0 30000000 0 0 0 0 0 0 0 8a7d66c4 00000000 8d507960 00000000 003c418e 00000000 003c418e 00000000 0000006a 00000000 00000000 00000000 02d317b1 00000000 003c41f8 00000000 00000000 00000000 00000000 00000039 008b3199 00000001 00000000 00000001 00000000 00000000 00000000 00000000 00000000 00000000 00000000 00000000 00000000 00000000 00000000 00000000 00000000 00000000 00000000 00000000 d71da242 00000001 8d507973 00000000 00000000 00000000 00000000 00000000 00000101 00000080 00000000 00000000 00000000 00000000 00000000 00000000 00000000 00003333 00004ccd 00002667 00000001 00000000 01c9c380 0000027c
capture_snapshot GLI1 00010000 30000000 2500000 243 0 30000000 0 0 0 0 0 0 0 8a7d66c4 00000000 8d537954 00000000 003c818d 00000000 003c818d 00000000 0000006a 00000000 00000000 00000000 02d617a4 00000000 003c81f7 00000000 00000000 00000000 00000000 00000039 008b3199 00000001 00000000 00000001 00000000 00000000 00000000 00000000 00000000 00000000 00000000 00000000 00000000 00000000 00000000 00000000 00000000 00000000 00000000 00000000 d727a203 00000001 8d537966 00000000 00000000 00000000 00000000 00000000 00000101 00000080 00000000 00000000 00000000 00000000 00000000 00000000 00000000 00003333 00004ccd 00002667 00000001 00000000 01c9c380 0000027c
capture_snapshot GLI1 00010000 30000000 2500000 244 0 30000000 0 0 0 0 0 0 0 8a7d66c4 00000000 8d567a2c 00000000 003cc19f 00000000 003cc19f 00000000 0000006a 00000000 00000000 00000000 02d91882 00000000 003cc209 00000000 00000000 00000000 00000000 00000039 008b3199 00000001 00000000 00000001 00000000 00000000 00000000 00000000 00000000 00000000 00000000 00000000 00000000 00000000 00000000 00000000 00000000 00000000 00000000 00000000 d731a4d4 00000001 8d567a44 00000000 00000000 00000000 00000000 00000000 00000101 00000081 00000000 00000000 00000000 00000000 00000000 00000000 00000000 00003333 00004ccd 00002667 00000001 00000000 01c9c380 0000027c
capture_snapshot GLI1 00010000 30000000 2500000 245 0 30000000 0 0 0 0 0 0 0 8a7d66c4 00000000 8d5979b4 00000000 003d0195 00000000 003d0195 00000000 0000006a 00000000 00000000 00000000 02dc180b 00000000 003d01ff 00000000 00000000 00000000 00000000 00000039 008b3199 00000001 00000000 00000001 00000000 00000000 00000000 00000000 00000000 00000000 00000000 00000000 00000000 00000000 00000000 00000000 00000000 00000000 00000000 00000000 d73ba333 00000001 8d5979cd 00000000 00000000 00000000 00000000 00000000 00000101 00000080 00000000 00000000 00000000 00000000 00000000 00000000 00000000 00003333 00004ccd 00002667 00000001 00000000 01c9c380 0000027c
capture_snapshot GLI1 00010000 30000000 2500000 246 0 30000000 0 0 0 0 0 0 0 8a7d66c4 00000000 8d5c79fc 00000000 003d419b 00000000 003d419b 00000000 0000006a 00000000 00000000 00000000 02df184a 00000000 003d4205 00000000 00000000 00000000 00000000 00000039 008b3199 00000001 00000000 00000001 00000000 00000000 00000000 00000000 00000000 00000000 00000000 00000000 00000000 00000000 00000000 00000000 00000000 00000000 00000000 00000000 d745a3f2 00000001 8d5c7a0c 00000000 00000000 00000000 00000000 00000000 00000101 00000080 00000000 00000000 00000000 00000000 00000000 00000000 00000000 00003333 00004ccd 00002667 00000001 00000000 01c9c380 0000027c
capture_snapshot GLI1 00010000 30000000 2500000 247 0 30000000 0 0 0 0 0 0 0 8a7d66c4 00000000 8d5f79cc 00000000 003d8197 00000000 003d8197 00000000 0000006a 00000000 00000000 00000000 02e21823 00000000 003d8201 00000000 00000000 00000000 00000000 00000039 008b3199 00000001 00000000 00000001 00000000 00000000 00000000 00000000 00000000 00000000 00000000 00000000 00000000 00000000 00000000 00000000 00000000 00000000 00000000 00000000 d74fa35d 00000001 8d5f79e5 00000000 00000000 00000000 00000000 00000000 00000101 00000081 00000000 00000000 00000000 00000000 00000000 00000000 00000000 00003333 00004ccd 00002667 00000001 00000000 01c9c380 0000027c
capture_snapshot GLI1 00010000 30000000 2500000 248 0 30000000 0 0 0 0 0 0 0 8a7d66c4 00000000 8d627978 00000000 003dc190 00000000 003dc190 00000000 0000006a 00000000 00000000 00000000 02e517ca 00000000 003dc1fa 00000000 00000000 00000000 00000000 00000039 008b3199 00000001 00000000 00000001 00000000 00000000 00000000 00000000 00000000 00000000 00000000 00000000 00000000 00000000 00000000 00000000 00000000 00000000 00000000 00000000 d759a222 00000001 8d62798c 00000000 00000000 00000000 00000000 00000000 00000100 00000080 00000000 00000000 00000000 00000000 00000000 00000000 00000000 00003333 00004ccd 00002667 00000001 00000000 01c9c380 0000027c
capture_snapshot GLI1 00010000 30000000 2500000 249 0 30000000 0 0 0 0 0 0 0 8a7d66c4 00000000 8d657b1c 00000000 003e01b3 00000000 003e01b3 00000000 0000006a 00000000 00000000 00000000 02e8196f 00000000 003e021d 00000000 00000000 00000000 00000000 00000039 008b3199 00000001 00000000 00000001 00000000 00000000 00000000 00000000 00000000 00000000 00000000 00000000 00000000 00000000 00000000 00000000 00000000 00000000 00000000 00000000 d763a789 00000001 8d657b31 00000000 00000000 00000000 00000000 00000000 00000101 00000081 00000000 00000000 00000000 00000000 00000000 00000000 00000000 00003333 00004ccd 00002667 00000001 00000000 01c9c380 0000027c
capture_snapshot GLI1 00010000 30000000 2500000 250 0 30000000 0 0 0 0 0 0 0 8a7d66c4 00000000 8d6879cc 00000000 003e4197 00000000 003e4197 00000000 0000006a 00000000 00000000 00000000 02eb1821 00000000 003e4201 00000000 00000000 00000000 00000000 00000039 008b3199 00000001 00000000 00000001 00000000 00000000 00000000 00000000 00000000 00000000 00000000 00000000 00000000 00000000 00000000 00000000 00000000 00000000 00000000 00000000 d76da31e 00000001 8d6879e3 00000000 00000000 00000000 00000000 00000000 00000100 00000080 00000000 00000000 00000000 00000000 00000000 00000000 00000000 00003333 00004ccd 00002667 00000001 00000000 01c9c380 0000027c
capture_snapshot GLI1 00010000 30000000 2500000 251 0 30000000 0 0 0 0 0 0 0 8a7d66c4 00000000 8d6b78dc 00000000 003e8183 00000000 003e8183 00000000 0000006a 00000000 00000000 00000000 02ee1731 00000000 003e81ed 00000000 00000000 00000000 00000000 00000039 008b3199 00000001 00000000 00000001 00000000 00000000 00000000 00000000 00000000 00000000 00000000 00000000 00000000 00000000 00000000 00000000 00000000 00000000 00000000 00000000 d7779fea 00000001 8d6b78f3 00000000 00000000 00000000 00000000 00000000 00000100 00000080 00000000 00000000 00000000 00000000 00000000 00000000 00000000 00003333 00004ccd 00002667 00000001 00000000 01c9c380 0000027c
capture_snapshot GLI1 00010000 30000000 2500000 252 0 30000000 0 0 0 0 0 0 0 8a7d66c4 00000000 8d6e79a8 00000000 003ec194 00000000 003ec194 00000000 0000006a 00000000 00000000 00000000 02f117f7 00000000 003ec1fe 00000000 00000000 00000000 00000000 00000039 008b3199 00000001 00000000 00000001 00000000 00000000 00000000 00000000 00000000 00000000 00000000 00000000 00000000 00000000 00000000 00000000 00000000 00000000 00000000 00000000 d781a26a 00000001 8d6e79b9 00000000 00000000 00000000 00000000 00000000 00000100 00000080 00000000 00000000 00000000 00000000 00000000 00000000 00000000 00003333 00004ccd 00002667 00000001 00000000 01c9c380 0000027c
capture_snapshot GLI1 00010000 30000000 2500000 253 0 30000000 0 0 0 0 0 0 0 8a7d66c4 00000000 8d7179b4 00000000 003f0195 00000000 003f0195 00000000 0000006a 00000000 00000000 00000000 02f41804 00000000 003f01ff 00000000 00000000 00000000 00000000 00000039 008b3199 00000001 00000000 00000001 00000000 00000000 00000000 00000000 00000000 00000000 00000000 00000000 00000000 00000000 00000000 00000000 00000000 00000000 00000000 00000000 d78ba280 00000001 8d7179c6 00000000 00000000 00000000 00000000 00000000 00000101 00000080 00000000 00000000 00000000 00000000 00000000 00000000 00000000 00003333 00004ccd 00002667 00000001 00000000 01c9c380 0000027c
capture_snapshot GLI1 00010000 30000000 2500000 254 0 30000000 0 0 0 0 0 0 0 8a7d66c4 00000000 8d7478c4 00000000 003f4181 00000000 003f4181 00000000 0000006a 00000000 00000000 00000000 02f71711 00000000 003f41eb 00000000 00000000 00000000 00000000 00000039 008b3199 00000001 00000000 00000001 00000000 00000000 00000000 00000000 00000000 00000000 00000000 00000000 00000000 00000000 00000000 00000000 00000000 00000000 00000000 00000000 d7959f44 00000001 8d7478d3 00000000 00000000 00000000 00000000 00000000 00000101 00000081 00000000 00000000 00000000 00000000 00000000 00000000 00000000 00003333 00004ccd 00002667 00000001 00000000 01c9c380 0000027c
capture_snapshot GLI1 00010000 30000000 2500000 255 0 30000000 0 0 0 0 0 0 0 8a7d66c4 00000000 8d777948 00000000 003f818c 00000000 003f818c 00000000 0000006a 00000000 00000000 00000000 02fa1797 00000000 003f81f6 00000000 00000000 00000000 00000000 00000039 008b3199 00000001 00000000 00000001 00000000 00000000 00000000 00000000 00000000 00000000 00000000 00000000 00000000 00000000 00000000 00000000 00000000 00000000 00000000 00000000 d79fa0ef 00000001 8d777959 00000000 00000000 00000000 00000000 00000000 00000101 00000080 00000000 00000000 00000000 00000000 00000000 00000000 00000000 00003333 00004ccd 00002667 00000001 00000000 01c9c380 0000027c
capture_snapshot GLI1 00010000 30000000 2500000 256 0 30000000 0 0 0 0 0 0 0 8a7d66c4 00000000 8d7a7a2c 00000000 003fc19f 00000000 003fc19f 00000000 0000006a 00000000 00000000 00000000 02fd1884 00000000 003fc209 00000000 00000000 00000000 00000000 00000039 008b3199 00000001 00000000 00000001 00000000 00000000 00000000 00000000 00000000 00000000 00000000 00000000 00000000 00000000 00000000 00000000 00000000 00000000 00000000 00000000 d7a9a3ef 00000001 8d7a7a46 00000000 00000000 00000000 00000000 00000000 00000100 00000080 00000000 00000000 00000000 00000000 00000000 00000000 00000000 00003333 00004ccd 00002667 00000001 00000000 01c9c380 0000027c
capture_snapshot GLI1 00010000 30000000 2500000 257 0 30000000 0 0 0 0 0 0 0 8a7d66c4 00000000 8d7d7888 00000000 0040017c 00000000 0040017c 00000000 0000006a 00000000 00000000 00000000 030016de 00000000 004001e6 00000000 00000000 00000000 00000000 00000039 008b3199 00000001 00000000 00000001 00000000 00000000 00000000 00000000 00000000 00000000 00000000 00000000 00000000 00000000 00000000 00000000 00000000 00000000 00000000 00000000 d7b39e60 00000001 8d7d78a0 00000000 00000000 00000000 00000000 00000000 00000100 00000080 00000000 00000000 00000000 00000000 00000000 00000000 00000000 00003333 00004ccd 00002667 00000001 00000000 01c9c380 0000027c
capture_snapshot GLI1 00010000 30000000 2500000 258 0 30000000 0 0 0 0 0 0 0 8a7d66c4 00000000 8d807954 00000000 0040418d 00000000 0040418d 00000000 0000006a 00000000 00000000 00000000 030317aa 00000000 004041f7 00000000 00000000 00000000 00000000 00000039 008b3199 00000001 00000000 00000001 00000000 00000000 00000000 00000000 00000000 00000000 00000000 00000000 00000000 00000000 00000000 00000000 00000000 00000000 00000000 00000000 d7bda0f3 00000001 8d80796c 00000000 00000000 00000000 00000000 00000000 00000101 00000081 00000000 00000000 00000000 00000000 00000000 00000000 00000000 00003333 00004ccd 00002667 00000001 00000000 01c9c380 0000027c
capture_snapshot GLI1 00010000 30000000 2500000 259 0 30000000 0 0 0 0 0 0 0 8a7d66c4 00000000 8d837960 00000000 0040818e 00000000 0040818e 00000000 0000006a 00000000 00000000 00000000 030617ad 00000000 004081f8 00000000 00000000 00000000 00000000 00000039 008b3199 00000001 00000000 00000001 00000000 00000000 00000000 00000000 00000000 00000000 00000000 00000000 00000000 00000000 00000000 00000000 00000000 00000000 00000000 00000000 d7c7a0e9 00000001 8d83796f 00000000 00000000 00000000 00000000 00000000 00000101 00000080 00000000 00000000 00000000 00000000 00000000 00000000 00000000 00003333 00004ccd 00002667 00000001 00000000 01c9c380 0000027c
capture_snapshot GLI1 00010000 30000000 2500000 260 0 30000000 0 0 0 0 0 0 0 8a7d66c4 00000000 8d867a2c 00000000 0040c19f 00000000 0040c19f 00000000 0000006a 00000000 00000000 00000000 0309187c 00000000 0040c209 00000000 00000000 00000000 00000000 00000039 008b3199 00000001 00000000 00000001 00000000 00000000 00000000 00000000 00000000 00000000 00000000 00000000 00000000 00000000 00000000 00000000 00000000 00000000 00000000 00000000 d7d1a389 00000001 8d867a3e 00000000 00000000 00000000 00000000 00000000 00000100 00000080 00000000 00000000 00000000 00000000 00000000 00000000 00000000 00003333 00004ccd 00002667 00000001 00000000 01c9c380 0000027c
capture_snapshot GLI1 00010000 30000000 2500000 261 0 30000000 0 0 0 0 0 0 0 8a7d66c4 00000000 8d8979b4 00000000 00410195 00000000 00410195 00000000 0000006a 00000000 00000000 00000000 030c1805 00000000 004101ff 00000000 00000000 00000000 00000000 00000039 008b3199 00000001 00000000 00000001 00000000 00000000 00000000 00000000 00000000 00000000 00000000 00000000 00000000 00000000 00000000 00000000 00000000 00000000 00000000 00000000 d7dba1e7 00000001 8d8979c7 00000000 00000000 00000000 00000000 00000000 00000101 00000080 00000000 00000000 00000000 00000000 00000000 00000000 00000000 00003333 00004ccd 00002667 00000001 00000000 01c9c380 0000027c
capture_snapshot GLI1 00010000 30000000 2500000 262 0 30000000 0 0 0 0 0 0 0 8a7d66c4 00000000 8d8c78c4 00000000 00414181 00000000 00414181 00000000 0000006a 00000000 00000000 00000000 030f1716 00000000 004141eb 00000000 00000000 00000000 00000000 00000039 008b3199 00000001 00000000 00000001 00000000 00000000 00000000 00000000 00000000 00000000 00000000 00000000 00000000 00000000 00000000 00000000 00000000 00000000 00000000 00000000 d7e59eb9 00000001 8d8c78d8 00000000 00000000 00000000 00000000 00000000 00000100 00000080 00000000 00000000 00000000 00000000 00000000 00000000 00000000 00003333 00004ccd 00002667 00000001 00000000 01c9c380 0000027c
capture_snapshot GLI1 00010000 30000000 2500000 263 0 30000000 0 0 0 0 0 0 0 8a7d66c4 00000000 8d8f799c 00000000 00418193 00000000 00418193 00000000 0000006a 00000000 00000000 00000000 031217ed 00000000 004181fd 00000000 00000000 00000000 00000000 00000039 008b3199 00000001 00000000 00000001 00000000 00000000 00000000 00000000 00000000 00000000 00000000 00000000 00000000 00000000 00000000 00000000 00000000 00000000 00000000 00000000 d7efa172 00000001 8d8f79af 00000000 00000000 00000000 00000000 00000000 00000100 00000081 00000000 00000000 00000000 00000000 00000000 00000000 00000000 00003333 00004ccd 00002667 00000001 00000000 01c9c380 0000027c
capture_snapshot GLI1 00010000 30000000 2500000 264 0 30000000 0 0 0 0 0 0 0 8a7d66c4 00000000 8d928044 00000000 0041c221 00000000 0041c221 00000000 0000006a 00000000 00000000 00000000 03151e91 00000000 0041c28b 00000000 00000000 00000000 00000000 00000039 008b3199 00000001 00000000 00000001 00000000 00000000 00000000 00000000 00000000 00000000 00000000 00000000 00000000 00000000 00000000 00000000 00000000 00000000 00000000 00000000 d7f9b782 00000001 8d928053 00000000 00000000 00000000 00000000 00000000 00000100 00000080 00000000 00000000 00000000 00000000 00000000 00000000 00000000 00003333 00004ccd 00002667 00000001 00000000 01c9c380 0000027c
capture_snapshot GLI1 00010000 30000000 2500000 265 0 30000000 0 0 0 0 0 0 0 8a7d66c4 00000000 8d957f84 00000000 00420211 00000000 00420211 00000000 0000006a 00000000 00000000 00000000 03181dd1 00000000 0042027b 00000000 00000000 00000000 00000000 00000039 008b3199 00000001 00000000 00000001 00000000 00000000 00000000 00000000 00000000 00000000 00000000 00000000 00000000 00000000 00000000 00000000 00000000 00000000 00000000 00000000 d803b4ee 00000001 8d957f93 00000000 00000000 00000000 00000000 00000000 00000100 00000080 00000000 00000000 00000000 00000000 00000000 00000000 00000000 00003333 00004ccd 00002667 00000001 00000000 01c9c380 0000027c
capture_snapshot GLI1 00010000 30000000 2500000 266 0 30000000 0 0 0 0 0 0 0 8a7d66c4 00000000 8d987c54 00000000 004241cd 00000000 004241cd 00000000 0000006a 00000000 00000000 00000000 031b1aa5 00000000 00424237 00000000 00000000 00000000 00000000 00000039 008b3199 00000001 00000000 00000001 00000000 00000000 00000000 00000000 00000000 00000000 00000000 00000000 00000000 00000000 00000000 00000000 00000000 00000000 00000000 00000000 d80daa47 00000001 8d987c67 00000000 00000000 00000000 00000000 00000000 00000101 00000081 00000000 00000000 00000000 00000000 00000000 00000000 00000000 00003333 00004ccd 00002667 00000001 00000000 01c9c380 0000027c
capture_snapshot GLI1 00010000 30000000 2500000 267 0 30000000 0 0 0 0 0 0 0 8a7d66c4 00000000 8d9b8074 00000000 00428225 00000000 00428225 00000000 0000006a 00000000 00000000 00000000 031e1ec4 00000000 0042828f 00000000 00000000 00000000 00000000 00000039 008b3199 00000001 00000000 00000001 00000000 00000000 00000000 00000000 00000000 00000000 00000000 00000000 00000000 00000000 00000000 00000000 00000000 00000000 00000000 00000000 d817b7ee 00000001 8d9b8086 00000000 00000000 00000000 00000000 00000000 00000100 00000080 00000000 00000000 00000000 00000000 00000000 00000000 00000000 00003333 00004ccd 00002667 00000001 00000000 01c9c380 0000027c
capture_snapshot GLI1 00010000 30000000 2500000 268 0 30000000 0 0 0 0 0 0 0 8a7d66c4 00000000 8d9e8fa4 00000000 0042c369 00000000 0042c369 00000000 0000006a 00000000 00000000 00000000 03212df2 00000000 0042c3d3 00000000 00000000 00000000 00000000 00000039 008b3199 00000001 00000000 00000001 00000000 00000000 00000000 00000000 00000000 00000000 00000000 00000000 00000000 00000000 00000000 00000000 00000000 00000000 00000000 00000000 d821ea75 00000001 8d9e8fb4 00000000 00000000 00000000 00000000 00000000 00000101 00000081 00000000 00000000 00000000 00000000 00000000 00000000 00000000 00003333 00004ccd 00002667 00000001 00000000 01c9c380 0000027c
capture_snapshot GLI1 00010000 30000000 2500000 269 0 30000000 0 0 0 0 0 0 0 8a7d66c4 00000000 8da191c0 00000000 00430396 00000000 00430396 00000000 0000006a 00000000 00000000 00000000 03243011 00000000 00430400 00000000 00000000 00000000 00000000 00000039 008b3199 00000001 00000000 00000001 00000000 00000000 00000000 00000000 00000000 00000000 00000000 00000000 00000000 00000000 00000000 00000000 00000000 00000000 00000000 00000000 d82bf173 00000001 8da191d3 00000000 00000000 00000000 00000000 00000000 00000101 00000081 00000000 00000000 00000000 00000000 00000000 00000000 00000000 00003333 00004ccd 00002667 00000001 00000000 01c9c380 0000027c
capture_snapshot GLI1 00010000 30000000 2500000 270 0 30000000 0 0 0 0 0 0 0 8a7d66c4 00000000 8da4838c 00000000 00434267 00000000 00434267 00000000 0000006a 00000000 00000000 00000000 032721e2 00000000 004342d1 00000000 00000000 00000000 00000000 00000039 008b3199 00000001 00000000 00000001 00000000 00000000 00000000 00000000 00000000 00000000 00000000 00000000 00000000 00000000 00000000 00000000 00000000 00000000 00000000 00000000 d835c21a 00000001 8da483a4 00000000 00000000 00000000 00000000 00000000 00000100 00000080 00000000 00000000 00000000 00000000 00000000 00000000 00000000 00003333 00004ccd 00002667 00000001 00000000 01c9c380 0000027c
capture_snapshot GLI1 00010000 30000000 2500000 271 0 30000000 0 0 0 0 0 0 0 8a7d66c4 00000000 8da784f4 00000000 00438285 00000000 00438285 00000000 0000006a 00000000 00000000 00000000 032a2345 00000000 004382ef 00000000 00000000 00000000 00000000 00000039 008b3199 00000001 00000000 00000001 00000000 00000000 00000000 00000000 00000000 00000000 00000000 00000000 00000000 00000000 00000000 00000000 00000000 00000000 00000000 00000000 d83fc6a6 00000001 8da78507 00000000 00000000 00000000 00000000 00000000 00000100 00000080 00000000 00000000 00000000 00000000 00000000 00000000 00000000 00003333 00004ccd 00002667 00000001 00000000 01c9c380 0000027c
capture_snapshot GLI1 00010000 30000000 2500000 272 0 30000000 0 0 0 0 0 0 0 8a7d66c4 00000000 8daa850c 00000000 0043c287 00000000 0043c287 00000000 0000006a 00000000 00000000 00000000 032d235c 00000000 0043c2f1 00000000 00000000 00000000 00000000 00000039 008b3199 00000001 00000000 00000001 00000000 00000000 00000000 00000000 00000000 00000000 00000000 00000000 00000000 00000000 00000000 00000000 00000000 00000000 00000000 00000000 d849c6dc 00000001 8daa851e 00000000 00000000 00000000 00000000 00000000 00000100 00000080 00000000 00000000 00000000 00000000 00000000 00000000 00000000 00003333 00004ccd 00002667 00000001 00000000 01c9c380 0000027c
capture_snapshot GLI1 00010000 30000000 2500000 273 0 30000000 0 0 0 0 0 0 0 8a7d66c4 00000000 8dad8500 00000000 00440286 00000000 00440286 00000000 0000006a 00000000 00000000 00000000 0330234e 00000000 004402f0 00000000 00000000 00000000 00000000 00000039 008b3199 00000001 00000000 00000001 00000000 00000000 00000000 00000000 00000000 00000000 00000000 00000000 00000000 00000000 00000000 00000000 00000000 00000000 00000000 00000000 d853c69b 00000001 8dad8510 00000000 00000000 00000000 00000000 00000000 00000101 00000080 00000000 00000000 00000000 00000000 00000000 00000000 00000000 00003333 00004ccd 00002667 00000001 00000000 01c9c380 0000027c
capture_snapshot GLI1 00010000 30000000 2500000 274 0 30000000 0 0 0 0 0 0 0 8a7d66c4 00000000 8db0847c 00000000 0044427b 00000000 0044427b 00000000 0000006a 00000000 00000000 00000000 033322d1 00000000 004442e5 00000000 00000000 00000000 00000000 00000039 008b3199 00000001 00000000 00000001 00000000 00000000 00000000 00000000 00000000 00000000 00000000 00000000 00000000 00000000 00000000 00000000 00000000 00000000 00000000 00000000 d85dc4e6 00000001 8db08493 00000000 00000000 00000000 00000000 00000000 00000100 00000080 00000000 00000000 00000000 00000000 00000000 00000000 00000000 00003333 00004ccd 00002667 00000001 00000000 01c9c380 0000027c
capture_snapshot GLI1 00010000 30000000 2500000 275 0 30000000 0 0 0 0 0 0 0 8a7d66c4 00000000 8db38488 00000000 0044827c 00000000 0044827c 00000000 0000006a 00000000 00000000 00000000 033622d9 00000000 004482e6 00000000 00000000 00000000 00000000 00000039 008b3199 00000001 00000000 00000001 00000000 00000000 00000000 00000000 00000000 00000000 00000000 00000000 00000000 00000000 00000000 00000000 00000000 00000000 00000000 00000000 d867c4ee 00000001 8db3849b 00000000 00000000 00000000 00000000 00000000 00000101 00000080 00000000 00000000 00000000 00000000 00000000 00000000 00000000 00003333 00004ccd 00002667 00000001 00000000 01c9c380 0000027c
capture_snapshot GLI1 00010000 30000000 2500000 276 0 30000000 0 0 0 0 0 0 0 8a7d66c4 00000000 8db684b8 00000000 0044c280 00000000 0044c280 00000000 0000006a 00000000 00000000 00000000 03392305 00000000 0044c2ea 00000000 00000000 00000000 00000000 00000039 008b3199 00000001 00000000 00000001 00000000 00000000 00000000 00000000 00000000 00000000 00000000 00000000 00000000 00000000 00000000 00000000 00000000 00000000 00000000 00000000 d871c56d 00000001 8db684c7 00000000 00000000 00000000 00000000 00000000 00000101 00000080 00000000 00000000 00000000 00000000 00000000 00000000 00000000 00003333 00004ccd 00002667 00000001 00000000 01c9c380 0000027c
capture_snapshot GLI1 00010000 30000000 2500000 277 0 30000000 0 0 0 0 0 0 0 8a7d66c4 00000000 8db98530 00000000 0045028a 00000000 0045028a 00000000 0000006a 00000000 00000000 00000000 033c2380 00000000 004502f4 00000000 00000000 00000000 00000000 00000039 008b3199 00000001 00000000 00000001 00000000 00000000 00000000 00000000 00000000 00000000 00000000 00000000 00000000 00000000 00000000 00000000 00000000 00000000 00000000 00000000 d87bc6f4 00000001 8db98542 00000000 00000000 00000000 00000000 00000000 00000101 00000081 00000000 00000000 00000000 00000000 00000000 00000000 00000000 00003333 00004ccd 00002667 00000001 00000000 01c9c380 0000027c
capture_snapshot GLI1 00010000 30000000 2500000 278 0 30000000 0 0 0 0 0 0 0 8a7d66c4 00000000 8dbc86bc 00000000 004542ab 00000000 004542ab 00000000 0000006a 00000000 00000000 00000000 033f250c 00000000 00454315 00000000 00000000 00000000 00000000 00000039 008b3199 00000001 00000000 00000001 00000000 00000000 00000000 00000000 00000000 00000000 00000000 00000000 00000000 00000000 00000000 00000000 00000000 00000000 00000000 00000000 d885cc08 00000001 8dbc86ce 00000000 00000000 00000000 00000000 00000000 00000101 00000080 00000000 00000000 00000000 00000000 00000000 00000000 00000000 00003333 00004ccd 00002667 00000001 00000000 01c9c380 0000027c
capture_snapshot GLI1 00010000 30000000 2500000 279 0 30000000 0 0 0 0 0 0 0 8a7d66c4 00000000 8dbf85c0 00000000 00458296 00000000 00458296 00000000 0000006a 00000000 00000000 00000000 03422416 00000000 00458300 00000000 00000000 00000000 00000000 00000039 008b3199 00000001 00000000 00000001 00000000 00000000 00000000 00000000 00000000 00000000 00000000 00000000 00000000 00000000 00000000 00000000 00000000 00000000 00000000 00000000 d88fc8c2 00000001 8dbf85d8 00000000 00000000 00000000 00000000 00000000 00000101 00000081 00000000 00000000 00000000 00000000 00000000 00000000 00000000 00003333 00004ccd 00002667 00000001 00000000 01c9c380 0000027c
capture_snapshot GLI1 00010000 30000000 2500000 280 0 30000000 0 0 0 0 0 0 0 8a7d66c4 00000000 8dc28578 00000000 0045c290 00000000 0045c28f 00000000 0000006a 00000000 00000000 00000000 034523c4 00000000 0045c2fa 00000000 00000000 00000000 00000000 0000003b 008b3199 00000001 00000001 00000001 00000000 00000000 00000000 00000000 00000000 00000000 00000000 00000000 00000000 00000000 00000000 00000000 00000000 00000000 00000000 00000000 d899c79d 00000001 8dc28586 00000000 00000000 00000000 00000000 00000000 00000101 00000080 00000000 00000000 00000000 00000000 00000000 00000000 00000000 00003333 00004ccd 00002667 00000001 00000000 01c9c380 0000027c
capture_snapshot GLI1 00010000 30000000 2500000 281 0 30000000 0 0 0 0 0 0 0 8a7d66c4 00000000 8dc584e8 00000000 00460284 00000000 00460284 00000000 0000006a 00000000 00000000 00000000 03482336 00000000 004602ee 00000000 00000000 00000000 00000000 00000039 008b3199 00000001 00000000 00000001 00000000 00000000 00000000 00000000 00000000 00000000 00000000 00000000 00000000 00000000 00000000 00000000 00000000 00000000 00000000 00000000 d8a3c5b0 00000001 8dc584f8 00000000 00000000 00000000 00000000 00000000 00000101 00000081 00000000 00000000 00000000 00000000 00000000 00000000 00000000 00003333 00004ccd 00002667 00000001 00000000 01c9c380 0000027c
capture_snapshot GLI1 00010000 30000000 2500000 282 0 30000000 0 0 0 0 0 0 0 8a7d66c4 00000000 8dc887c4 00000000 004642c1 00000000 004642c1 00000000 0000006a 00000000 00000000 00000000 034b261b 00000000 0046432b 00000000 00000000 00000000 00000000 00000039 008b3199 00000001 00000000 00000001 00000000 00000000 00000000 00000000 00000000 00000000 00000000 00000000 00000000 00000000 00000000 00000000 00000000 00000000 00000000 00000000 d8adcf41 00000001 8dc887dd 00000000 00000000 00000000 00000000 00000000 00000101 00000080 00000000 00000000 00000000 00000000 00000000 00000000 00000000 00003333 00004ccd 00002667 00000001 00000000 01c9c380 0000027c
capture_snapshot GLI1 00010000 30000000 2500000 283 0 30000000 0 0 0 0 0 0 0 8a7d66c4 00000000 8dcb88e4 00000000 004682d9 00000000 004682d9 00000000 0000006a 00000000 00000000 00000000 034e2737 00000000 00468343 00000000 00000000 00000000 00000000 00000039 008b3199 00000001 00000000 00000001 00000000 00000000 00000000 00000000 00000000 00000000 00000000 00000000 00000000 00000000 00000000 00000000 00000000 00000000 00000000 00000000 d8b7d2e2 00000001 8dcb88f9 00000000 00000000 00000000 00000000 00000000 00000100 00000080 00000000 00000000 00000000 00000000 00000000 00000000 00000000 00003333 00004ccd 00002667 00000001 00000000 01c9c380 0000027c
capture_snapshot GLI1 00010000 30000000 2500000 284 0 30000000 0 0 0 0 0 0 0 8a7d66c4 00000000 8dce87e8 00000000 0046c2c4 00000000 0046c2c4 00000000 0000006a 00000000 00000000 00000000 0351263d 00000000 0046c32e 00000000 00000000 00000000 00000000 00000039 008b3199 00000001 00000000 00000001 00000000 00000000 00000000 00000000 00000000 00000000 00000000 00000000 00000000 00000000 00000000 00000000 00000000 00000000 00000000 00000000 d8c1cf8e 00000001 8dce87ff 00000000 00000000 00000000 00000000 00000000 00000100 00000080 00000000 00000000 00000000 00000000 00000000 00000000 00000000 00003333 00004ccd 00002667 00000001 00000000 01c9c380 0000027c
capture_snapshot GLI1 00010000 30000000 2500000 285 0 30000000 0 0 0 0 0 0 0 8a7d66c4 00000000 8dd1847c 00000000 0047027b 00000000 0047027b 00000000 0000006a 00000000 00000000 00000000 035422cd 00000000 004702e5 00000000 00000000 00000000 00000000 00000039 008b3199 00000001 00000000 00000001 00000000 00000000 00000000 00000000 00000000 00000000 00000000 00000000 00000000 00000000 00000000 00000000 00000000 00000000 00000000 00000000 d8cbc403 00000001 8dd1848f 00000000 00000000 00000000 00000000 00000000 00000101 00000080 00000000 00000000 00000000 00000000 00000000 00000000 00000000 00003333 00004ccd 00002667 00000001 00000000 01c9c380 0000027c
capture_snapshot GLI1 00010000 30000000 2500000 286 0 30000000 0 0 0 0 0 0 0 8a7d66c4 00000000 8dd484ac 00000000 0047427f 00000000 0047427f 00000000 0000006a 00000000 00000000 00000000 035722fd 00000000 004742e9 00000000 00000000 00000000 00000000 00000039 008b3199 00000001 00000000 00000001 00000000 00000000 00000000 00000000 00000000 00000000 00000000 00000000 00000000 00000000 00000000 00000000 00000000 00000000 00000000 00000000 d8d5c492 00000001 8dd484bf 00000000 00000000 00000000 00000000 00000000 00000100 00000080 00000000 00000000 00000000 00000000 00000000 00000000 00000000 00003333 00004ccd 00002667 00000001 00000000 01c9c380 0000027c
capture_snapshot GLI1 00010000 30000000 2500000 287 0 30000000 0 0 0 0 0 0 0 8a7d66c4 00000000 8dd7844c 00000000 00478277 00000000 00478277 00000000 0000006a 00000000 00000000 00000000 035a229a 00000000 004782e1 00000000 00000000 00000000 00000000 00000039 008b3199 00000001 00000000 00000001 00000000 00000000 00000000 00000000 00000000 00000000 00000000 00000000 00000000 00000000 00000000 00000000 00000000 00000000 00000000 00000000 d8dfc333 00000001 8dd7845c 00000000 00000000 00000000 00000000 00000000 00000101 00000081 00000000 00000000 00000000 00000000 00000000 00000000 00000000 00003333 00004ccd 00002667 00000001 00000000 01c9c380 0000027c
capture_snapshot GLI1 00010000 30000000 2500000 288 0 30000000 0 0 0 0 0 0 0 8a7d66c4 00000000 8dda90e8 00000000 0047c384 00000000 0047c384 00000000 0000006a 00000000 00000000 00000000 035d2f3d 00000000 0047c3ee 00000000 00000000 00000000 00000000 00000039 008b3199 00000001 00000000 00000001 00000000 00000000 00000000 00000000 00000000 00000000 00000000 00000000 00000000 00000000 00000000 00000000 00000000 00000000 00000000 00000000 d8e9ed3e 00000001 8dda90ff 00000000 00000000 00000000 00000000 00000000 00000101 00000081 00000000 00000000 00000000 00000000 00000000 00000000 00000000 00003333 00004ccd 00002667 00000001 00000000 01c9c380 0000027c
capture_snapshot GLI1 00010000 30000000 2500000 289 0 30000000 0 0 0 0 0 0 0 8a7d66c4 00000000 8ddd847c 00000000 0048027b 00000000 0048027b 00000000 0000006a 00000000 00000000 00000000 036022cd 00000000 004802e5 00000000 00000000 00000000 00000000 00000039 008b3199 00000001 00000000 00000001 00000000 00000000 00000000 00000000 00000000 00000000 00000000 00000000 00000000 00000000 00000000 00000000 00000000 00000000 00000000 00000000 d8f3c3b5 00000001 8ddd848f 00000000 00000000 00000000 00000000 00000000 00000101 00000081 00000000 00000000 00000000 00000000 00000000 00000000 00000000 00003333 00004ccd 00002667 00000001 00000000 01c9c380 0000027c
capture_snapshot GLI1 00010000 30000000 2500000 290 0 30000000 0 0 0 0 0 0 0 8a7d66c4 00000000 8de09178 00000000 00484390 00000000 00484390 00000000 0000006a 00000000 00000000 00000000 03632fc8 00000000 004843fa 00000000 00000000 00000000 00000000 00000039 008b3199 00000001 00000000 00000001 00000000 00000000 00000000 00000000 00000000 00000000 00000000 00000000 00000000 00000000 00000000 00000000 00000000 00000000 00000000 00000000 d8fdeee6 00000001 8de0918a 00000000 00000000 00000000 00000000 00000000 00000101 00000081 00000000 00000000 00000000 00000000 00000000 00000000 00000000 00003333 00004ccd 00002667 00000001 00000000 01c9c380 0000027c
capture_snapshot GLI1 00010000 30000000 2500000 291 0 30000000 0 0 0 0 0 0 0 8a7d66c4 00000000 8de3961c 00000000 004883f3 00000000 004883f3 00000000 0000006a 00000000 00000000 00000000 03663472 00000000 0048845d 00000000 00000000 00000000 00000000 00000039 008b3199 00000001 00000000 00000001 00000000 00000000 00000000 00000000 00000000 00000000 00000000 00000000 00000000 00000000 00000000 00000000 00000000 00000000 00000000 00000000 d907fe5e 00000001 8de39634 00000000 00000000 00000000 00000000 00000000 00000101 00000080 00000000 00000000 00000000 00000000 00000000 00000000 00000000 00003333 00004ccd 00002667 00000001 00000000 01c9c380 0000027c
capture_snapshot GLI1 00010000 30000000 2500000 292 0 30000000 0 0 0 0 0 0 0 8a7d66c4 00000000 8de6931c 00000000 0048c3b3 00000000 0048c3b3 00000000 0000006a 00000000 00000000 00000000 0369316f 00000000 0048c41d 00000000 00000000 00000000 00000000 00000039 008b3199 00000001 00000000 00000001 00000000 00000000 00000000 00000000 00000000 00000000 00000000 00000000 00000000 00000000 00000000 00000000 00000000 00000000 00000000 00000000 d911f442 00000001 8de69331 00000000 00000000 00000000 00000000 00000000 00000101 00000080 00000000 00000000 00000000 00000000 00000000 00000000 00000000 00003333 00004ccd 00002667 00000001 00000000 01c9c380 0000027c
capture_snapshot GLI1 00010000 30000000 2500000 293 0 30000000 0 0 0 0 0 0 0 8a7d66c4 00000000 8de9892c 00000000 004902df 00000000 004902df 00000000 0000006a 00000000 00000000 00000000 036c2778 00000000 00490349 00000000 00000000 00000000 00000000 00000039 008b3199 00000001 00000000 00000001 00000000 00000000 00000000 00000000 00000000 00000000 00000000 00000000 00000000 00000000 00000000 00000000 00000000 00000000 00000000 00000000 d91bd2f8 00000001 8de9893a 00000000 00000000 00000000 00000000 00000000 00000100 00000080 00000000 00000000 00000000 00000000 00000000 00000000 00000000 00003333 00004ccd 00002667 00000001 00000000 01c9c380 0000027c
capture_snapshot GLI1 00010000 30000000 2500000 294 0 30000000 0 0 0 0 0 0 0 8a7d66c4 00000000 8dec9058 00000000 00494378 00000000 00494378 00000000 0000006a 00000000 00000000 00000000 036f2eac 00000000 004943e2 00000000 00000000 00000000 00000000 00000039 008b3199 00000001 00000000 00000001 00000000 00000000 00000000 00000000 00000000 00000000 00000000 00000000 00000000 00000000 00000000 00000000 00000000 00000000 00000000 00000000 d925eae6 00000001 8dec906e 00000000 00000000 00000000 00000000 00000000 00000101 00000081 00000000 00000000 00000000 00000000 00000000 00000000 00000000 00003333 00004ccd 00002667 00000001 00000000 01c9c380 0000027c
capture_snapshot GLI1 00010000 30000000 2500000 295 0 30000000 0 0 0 0 0 0 0 8a7d66c4 00000000 8def8cd4 00000000 0049832d 00000000 0049832d 00000000 0000006a 00000000 00000000 00000000 03722b22 00000000 00498397 00000000 00000000 00000000 00000000 00000039 008b3199 00000001 00000000 00000001 00000000 00000000 00000000 00000000 00000000 00000000 00000000 00000000 00000000 00000000 00000000 00000000 00000000 00000000 00000000 00000000 d92fdf07 00000001 8def8ce4 00000000 00000000 00000000 00000000 00000000 00000101 00000081 00000000 00000000 00000000 00000000 00000000 00000000 00000000 00003333 00004ccd 00002667 00000001 00000000 01c9c380 0000027c
capture_snapshot GLI1 00010000 30000000 2500000 296 0 30000000 0 0 0 0 0 0 0 8a7d66c4 00000000 8df28c20 00000000 0049c31e 00000000 0049c31e 00000000 0000006a 00000000 00000000 00000000 03752a72 00000000 0049c388 00000000 00000000 00000000 00000000 00000039 008b3199 00000001 00000000 00000001 00000000 00000000 00000000 00000000 00000000 00000000 00000000 00000000 00000000 00000000 00000000 00000000 00000000 00000000 00000000 00000000 d939dca9 00000001 8df28c34 00000000 00000000 00000000 00000000 00000000 00000100 00000080 00000000 00000000 00000000 00000000 00000000 00000000 00000000 00003333 00004ccd 00002667 00000001 00000000 01c9c380 0000027c
capture_snapshot GLI1 00010000 30000000 2500000 297 0 30000000 0 0 0 0 0 0 0 8a7d66c4 00000000 8df58980 00000000 004a02e6 00000000 004a02e6 00000000 0000006a 00000000 00000000 00000000 037827d4 00000000 004a0350 00000000 00000000 00000000 00000000 00000039 008b3199 00000001 00000000 00000001 00000000 00000000 00000000 00000000 00000000 00000000 00000000 00000000 00000000 00000000 00000000 00000000 00000000 00000000 00000000 00000000 d943d3da 00000001 8df58996 00000000 00000000 00000000 00000000 00000000 00000100 00000080 00000000 00000000 00000000 00000000 00000000 00000000 00000000 00003333 00004ccd 00002667 00000001 00000000 01c9c380 0000027c
capture_snapshot GLI1 00010000 30000000 2500000 298 0 30000000 0 0 0 0 0 0 0 8a7d66c4 00000000 8df88e3c 00000000 004a434b 00000000 004a434b 00000000 0000006a 00000000 00000000 00000000 037b2c8d 00000000 004a43b5 00000000 00000000 00000000 00000000 00000039 008b3199 00000001 00000000 00000001 00000000 00000000 00000000 00000000 00000000 00000000 00000000 00000000 00000000 00000000 00000000 00000000 00000000 00000000 00000000 00000000 d94de386 00000001 8df88e4f 00000000 00000000 00000000 00000000 00000000 00000101 00000081 00000000 00000000 00000000 00000000 00000000 00000000 00000000 00003333 00004ccd 00002667 00000001 00000000 01c9c380 0000027c
capture_snapshot GLI1 00010000 30000000 2500000 299 0 30000000 0 0 0 0 0 0 0 8a7d66c4 00000000 8dfb8a70 00000000 004a82fa 00000000 004a82fa 00000000 0000006a 00000000 00000000 00000000 037e28c5 00000000 004a8364 00000000 00000000 00000000 00000000 00000039 008b3199 00000001 00000000 00000001 00000000 00000000 00000000 00000000 00000000 00000000 00000000 00000000 00000000 00000000 00000000 00000000 00000000 00000000 00000000 00000000 d957d6d8 00000001 8dfb8a87 00000000 00000000 00000000 00000000 00000000 00000101 00000081 00000000 00000000 00000000 00000000 00000000 00000000 00000000 00003333 00004ccd 00002667 00000001 00000000 01c9c380 0000027c
capture_snapshot GLI1 00010000 30000000 2500000 300 0 30000000 0 0 0 0 0 0 0 8a7d66c4 00000000 8dfe8aa0 00000000 004ac2fe 00000000 004ac2fe 00000000 0000006a 00000000 00000000 00000000 038128f4 00000000 004ac368 00000000 00000000 00000000 00000000 00000039 008b3199 00000001 00000000 00000001 00000000 00000000 00000000 00000000 00000000 00000000 00000000 00000000 00000000 00000000 00000000 00000000 00000000 00000000 00000000 00000000 d961d762 00000001 8dfe8ab6 00000000 00000000 00000000 00000000 00000000 00000100 00000080 00000000 00000000 00000000 00000000 00000000 00000000 00000000 00003333 00004ccd 00002667 00000001 00000000 01c9c380 0000027c
capture_snapshot GLI1 00010000 30000000 2500000 301 0 30000000 0 0 0 0 0 0 0 8a7d66c4 00000000 8e018a28 00000000 004b02f4 00000000 004b02f4 00000000 0000006a 00000000 00000000 00000000 0384287b 00000000 004b035e 00000000 00000000 00000000 00000000 00000039 008b3199 00000001 00000000 00000001 00000000 00000000 00000000 00000000 00000000 00000000 00000000 00000000 00000000 00000000 00000000 00000000 00000000 00000000 00000000 00000000 d96bd5bb 00000001 8e018a3d 00000000 00000000 00000000 00000000 00000000 00000100 00000080 00000000 00000000 00000000 00000000 00000000 00000000 00000000 00003333 00004ccd 00002667 00000001 00000000 01c9c380 0000027c
capture_snapshot GLI1 00010000 30000000 2500000 302 0 30000000 0 0 0 0 0 0 0 8a7d66c4 00000000 8e048e18 00000000 004b4348 00000000 004b4348 00000000 0000006a 00000000 00000000 00000000 03872c6b 00000000 004b43b2 00000000 00000000 00000000 00000000 00000039 008b3199 00000001 00000000 00000001 00000000 00000000 00000000 00000000 00000000 00000000 00000000 00000000 00000000 00000000 00000000 00000000 00000000 00000000 00000000 00000000 d975e2c6 00000001 8e048e2d 00000000 00000000 00000000 00000000 00000000 00000101 00000081 00000000 00000000 00000000 00000000 00000000 00000000 00000000 00003333 00004ccd 00002667 00000001 00000000 01c9c380 0000027c
capture_snapshot GLI1 00010000 30000000 2500000 303 0 30000000 0 0 0 0 0 0 0 8a7d66c4 00000000 8e078bc0 00000000 004b8316 00000000 004b8316 00000000 0000006a 00000000 00000000 00000000 038a2a13 00000000 004b8380 00000000 00000000 00000000 00000000 00000039 008b3199 00000001 00000000 00000001 00000000 00000000 00000000 00000000 00000000 00000000 00000000 00000000 00000000 00000000 00000000 00000000 00000000 00000000 00000000 00000000 d97fdae4 00000001 8e078bd5 00000000 00000000 00000000 00000000 00000000 00000100 00000080 00000000 00000000 00000000 00000000 00000000 00000000 00000000 00003333 00004ccd 00002667 00000001 00000000 01c9c380 0000027c
capture_snapshot GLI1 00010000 30000000 2500000 304 0 30000000 0 0 0 0 0 0 0 8a7d66c4 00000000 8e0a8cc8 00000000 004bc32c 00000000 004bc32c 00000000 0000006a 00000000 00000000 00000000 038d2b1d 00000000 004bc396 00000000 00000000 00000000 00000000 00000039 008b3199 00000001 00000000 00000001 00000000 00000000 00000000 00000000 00000000 00000000 00000000 00000000 00000000 00000000 00000000 00000000 00000000 00000000 00000000 00000000 d989de45 00000001 8e0a8cdf 00000000 00000000 00000000 00000000 00000000 00000101 00000080 00000000 00000000 00000000 00000000 00000000 00000000 00000000 00003333 00004ccd 00002667 00000001 00000000 01c9c380 0000027c
capture_snapshot GLI1 00010000 30000000 2500000 305 0 30000000 0 0 0 0 0 0 0 8a7d66c4 00000000 8e0d88fc 00000000 004c02db 00000000 004c02db 00000000 0000006a 00000000 00000000 00000000 0390274b 00000000 004c0345 00000000 00000000 00000000 00000000 00000039 008b3199 00000001 00000000 00000001 00000000 00000000 00000000 00000000 00000000 00000000 00000000 00000000 00000000 00000000 00000000 00000000 00000000 00000000 00000000 00000000 d993d178 00000001 8e0d890d 00000000 00000000 00000000 00000000 00000000 00000100 00000080 00000000 00000000 00000000 00000000 00000000 00000000 00000000 00003333 00004ccd 00002667 00000001 00000000 01c9c380 0000027c
capture_snapshot GLI1 00010000 30000000 2500000 306 0 30000000 0 0 0 0 0 0 0 8a7d66c4 00000000 8e109148 00000000 004c438c 00000000 004c438c 00000000 0000006a 00000000 00000000 00000000 03932f99 00000000 004c43f6 00000000 00000000 00000000 00000000 00000039 008b3199 00000001 00000000 00000001 00000000 00000000 00000000 00000000 00000000 00000000 00000000 00000000 00000000 00000000 00000000 00000000 00000000 00000000 00000000 00000000 d99ded10 00000001 8e10915b 00000000 00000000 00000000 00000000 00000000 00000100 00000080 00000000 00000000 00000000 00000000 00000000 00000000 00000000 00003333 00004ccd 00002667 00000001 00000000 01c9c380 0000027c
capture_snapshot GLI1 00010000 30000000 2500000 307 0 30000000 0 0 0 0 0 0 0 8a7d66c4 00000000 8e13994c 00000000 004c8437 00000000 004c8437 00000000 0000006a 00000000 00000000 00000000 0396379a 00000000 004c84a1 00000000 00000000 00000000 00000000 00000039 008b3199 00000001 00000000 00000001 00000000 00000000 00000000 00000000 00000000 00000000 00000000 00000000 00000000 00000000 00000000 00000000 00000000 00000000 00000000 00000000 d9a807ab 00000001 8e13995c 00000000 00000000 00000000 00000000 00000000 00000101 00000080 00000000 00000000 00000000 00000000 00000000 00000000 00000000 00003333 00004ccd 00002667 00000001 00000000 01c9c380 0000027c
capture_snapshot GLI1 00010000 30000000 2500000 308 0 30000000 0 0 0 0 0 0 0 8a7d66c4 00000000 8e169604 00000000 004cc3f1 00000000 004cc3f1 00000000 0000006a 00000000 00000000 00000000 03993459 00000000 004cc45b 00000000 00000000 00000000 00000000 00000039 008b3199 00000001 00000000 00000001 00000000 00000000 00000000 00000000 00000000 00000000 00000000 00000000 00000000 00000000 00000000 00000000 00000000 00000000 00000000 00000000 d9b1fcbe 00000001 8e16961b 00000000 00000000 00000000 00000000 00000000 00000100 00000080 00000000 00000000 00000000 00000000 00000000 00000000 00000000 00003333 00004ccd 00002667 00000001 00000000 01c9c380 0000027c
capture_snapshot GLI1 00010000 30000000 2500000 309 0 30000000 0 0 0 0 0 0 0 8a7d66c4 00000000 8e198bf0 00000000 004d031a 00000000 004d031a 00000000 0000006a 00000000 00000000 00000000 039c2a3e 00000000 004d0384 00000000 00000000 00000000 00000000 00000039 008b3199 00000001 00000000 00000001 00000000 00000000 00000000 00000000 00000000 00000000 00000000 00000000 00000000 00000000 00000000 00000000 00000000 00000000 00000000 00000000 d9bbdafd 00000001 8e198c00 00000000 00000000 00000000 00000000 00000000 00000101 00000081 00000000 00000000 00000000 00000000 00000000 00000000 00000000 00003333 00004ccd 00002667 00000001 00000000 01c9c380 0000027c
capture_snapshot GLI1 00010000 30000000 2500000 310 0 30000000 0 0 0 0 0 0 0 8a7d66c4 00000000 8e1c89e0 00000000 004d42ee 00000000 004d42ee 00000000 0000006a 00000000 00000000 00000000 039f2837 00000000 004d4358 00000000 00000000 00000000 00000000 00000039 008b3199 00000001 00000000 00000001 00000000 00000000 00000000 00000000 00000000 00000000 00000000 00000000 00000000 00000000 00000000 00000000 00000000 00000000 00000000 00000000 d9c5d429 00000001 8e1c89f9 00000000 00000000 00000000 00000000 00000000 00000100 00000080 00000000 00000000 00000000 00000000 00000000 00000000 00000000 00003333 00004ccd 00002667 00000001 00000000 01c9c380 0000027c
capture_snapshot GLI1 00010000 30000000 2500000 311 0 30000000 0 0 0 0 0 0 0 8a7d66c4 00000000 8e1f88f0 00000000 004d82da 00000000 004d82da 00000000 0000006a 00000000 00000000 00000000 03a22748 00000000 004d8344 00000000 00000000 00000000 00000000 00000039 008b3199 00000001 00000000 00000001 00000000 00000000 00000000 00000000 00000000 00000000 00000000 00000000 00000000 00000000 00000000 00000000 00000000 00000000 00000000 00000000 d9cfd0f6 00000001 8e1f890a 00000000 00000000 00000000 00000000 00000000 00000100 00000080 00000000 00000000 00000000 00000000 00000000 00000000 00000000 00003333 00004ccd 00002667 00000001 00000000 01c9c380 0000027c
capture_snapshot GLI1 00010000 30000000 2500000 312 0 30000000 0 0 0 0 0 0 0 8a7d66c4 00000000 8e228c20 00000000 004dc31e 00000000 004dc31e 00000000 0000006a 00000000 00000000 00000000 03a52a77 00000000 004dc388 00000000 00000000 00000000 00000000 00000039 008b3199 00000001 00000000 00000001 00000000 00000000 00000000 00000000 00000000 00000000 00000000 00000000 00000000 00000000 00000000 00000000 00000000 00000000 00000000 00000000 d9d9db80 00000001 8e228c39 00000000 00000000 00000000 00000000 00000000 00000101 00000080 00000000 00000000 00000000 00000000 00000000 00000000 00000000 00003333 00004ccd 00002667 00000001 00000000 01c9c380 0000027c
capture_snapshot GLI1 00010000 30000000 2500000 313 0 30000000 0 0 0 0 0 0 0 8a7d66c4 00000000 8e258c20 00000000 004e031e 00000000 004e031e 00000000 0000006a 00000000 00000000 00000000 03a82a74 00000000 004e0388 00000000 00000000 00000000 00000000 00000039 008b3199 00000001 00000000 00000001 00000000 00000000 00000000 00000000 00000000 00000000 00000000 00000000 00000000 00000000 00000000 00000000 00000000 00000000 00000000 00000000 d9e3db63 00000001 8e258c36 00000000 00000000 00000000 00000000 00000000 00000101 00000081 00000000 00000000 00000000 00000000 00000000 00000000 00000000 00003333 00004ccd 00002667 00000001 00000000 01c9c380 0000027c
capture_snapshot GLI1 00010000 30000000 2500000 314 0 30000000 0 0 0 0 0 0 0 8a7d66c4 00000000 8e288c8c 00000000 004e4327 00000000 004e4327 00000000 0000006a 00000000 00000000 00000000 03ab2ad9 00000000 004e4391 00000000 00000000 00000000 00000000 00000039 008b3199 00000001 00000000 00000001 00000000 00000000 00000000 00000000 00000000 00000000 00000000 00000000 00000000 00000000 00000000 00000000 00000000 00000000 00000000 00000000 d9eddca0 00000001 8e288c9b 00000000 00000000 00000000 00000000 00000000 00000101 00000081 00000000 00000000 00000000 00000000 00000000 00000000 00000000 00003333 00004ccd 00002667 00000001 00000000 01c9c380 0000027c
capture_snapshot GLI1 00010000 30000000 2500000 315 0 30000000 0 0 0 0 0 0 0 8a7d66c4 00000000 8e2b8878 00000000 004e82d0 00000000 004e82d0 00000000 0000006a 00000000 00000000 00000000 03ae26cb 00000000 004e833a 00000000 00000000 00000000 00000000 00000039 008b3199 00000001 00000000 00000001 00000000 00000000 00000000 00000000 00000000 00000000 00000000 00000000 00000000 00000000 00000000 00000000 00000000 00000000 00000000 00000000 d9f7cf0a 00000001 8e2b888d 00000000 00000000 00000000 00000000 00000000 00000100 00000080 00000000 00000000 00000000 00000000 00000000 00000000 00000000 00003333 00004ccd 00002667 00000001 00000000 01c9c380 0000027c
capture_snapshot GLI1 00010000 30000000 2500000 316 0 30000000 0 0 0 0 0 0 0 8a7d66c4 00000000 8e2e9034 00000000 004ec375 00000000 004ec375 00000000 0000006a 00000000 00000000 00000000 03b12e89 00000000 004ec3df 00000000 00000000 00000000 00000000 00000039 008b3199 00000001 00000000 00000001 00000000 00000000 00000000 00000000 00000000 00000000 00000000 00000000 00000000 00000000 00000000 00000000 00000000 00000000 00000000 00000000 da01e8c5 00000001 8e2e904b 00000000 00000000 00000000 00000000 00000000 00000100 00000081 00000000 00000000 00000000 00000000 00000000 00000000 00000000 00003333 00004ccd 00002667 00000001 00000000 01c9c380 0000027c
capture_snapshot GLI1 00010000 30000000 2500000 317 0 30000000 0 0 0 0 0 0 0 8a7d66c4 00000000 8e3199b8 00000000 004f0440 00000000 004f0440 00000000 0000006a 00000000 00000000 00000000 03b43807 00000000 004f04aa 00000000 00000000 00000000 00000000 00000039 008b3199 00000001 00000000 00000001 00000000 00000000 00000000 00000000 00000000 00000000 00000000 00000000 00000000 00000000 00000000 00000000 00000000 00000000 00000000 00000000 da0c0853 00000001 8e3199c9 00000000 00000000 00000000 00000000 00000000 00000101 00000080 00000000 00000000 00000000 00000000 00000000 00000000 00000000 00003333 00004ccd 00002667 00000001 00000000 01c9c380 0000027c
capture_snapshot GLI1 00010000 30000000 2500000 318 0 30000000 0 0 0 0 0 0 0 8a7d66c4 00000000 8e349760 00000000 004f440e 00000000 004f440e 00000000 0000006a 00000000 00000000 00000000 03b735af 00000000 004f4478 00000000 00000000 00000000 00000000 00000039 008b3199 00000001 00000000 00000001 00000000 00000000 00000000 00000000 00000000 00000000 00000000 00000000 00000000 00000000 00000000 00000000 00000000 00000000 00000000 00000000 da160071 00000001 8e349771 00000000 00000000 00000000 00000000 00000000 00000101 00000081 00000000 00000000 00000000 00000000 00000000 00000000 00000000 00003333 00004ccd 00002667 00000001 00000000 01c9c380 0000027c
capture_snapshot GLI1 00010000 30000000 2500000 319 0 30000000 0 0 0 0 0 0 0 8a7d66c4 00000000 8e3789bc 00000000 004f82eb 00000000 004f82eb 00000000 0000006a 00000000 00000000 00000000 03ba280e 00000000 004f8355 00000000 00000000 00000000 00000000 00000039 008b3199 00000001 00000000 00000001 00000000 00000000 00000000 00000000 00000000 00000000 00000000 00000000 00000000 00000000 00000000 00000000 00000000 00000000 00000000 00000000 da1fd2f0 00000001 8e3789d0 00000000 00000000 00000000 00000000 00000000 00000101 00000081 00000000 00000000 00000000 00000000 00000000 00000000 00000000 00003333 00004ccd 00002667 00000001 00000000 01c9c380 0000027c
capture_snapshot GLI1 00010000 30000000 2500000 320 0 30000000 0 0 0 0 0 0 0 8a7d66c4 00000000 8e3a8968 00000000 004fc2e4 00000000 004fc2e4 00000000 0000006a 00000000 00000000 00000000 03bd27bd 00000000 004fc34e 00000000 00000000 00000000 00000000 00000039 008b3199 00000001 00000000 00000001 00000000 00000000 00000000 00000000 00000000 00000000 00000000 00000000 00000000 00000000 00000000 00000000 00000000 00000000 00000000 00000000 da29d1cf 00000001 8e3a897f 00000000 00000000 00000000 00000000 00000000 00000100 00000081 00000000 00000000 00000000 00000000 00000000 00000000 00000000 00003333 00004ccd 00002667 00000001 00000000 01c9c380 0000027c
capture_snapshot GLI1 00010000 30000000 2500000 321 0 30000000 0 0 0 0 0 0 0 8a7d66c4 00000000 8e3d9088 00000000 0050037c 00000000 0050037c 00000000 0000006a 00000000 00000000 00000000 03c02ede 00000000 005003e6 00000000 00000000 00000000 00000000 00000039 008b3199 00000001 00000000 00000001 00000000 00000000 00000000 00000000 00000000 00000000 00000000 00000000 00000000 00000000 00000000 00000000 00000000 00000000 00000000 00000000 da33e97f 00000001 8e3d90a0 00000000 00000000 00000000 00000000 00000000 00000100 00000080 00000000 00000000 00000000 00000000 00000000 00000000 00000000 00003333 00004ccd 00002667 00000001 00000000 01c9c380 0000027c
capture_snapshot GLI1 00010000 30000000 2500000 322 0 30000000 0 0 0 0 0 0 0 8a7d66c4 00000000 8e408b24 00000000 00504309 00000000 00504309 00000000 0000006a 00000000 00000000 00000000 03c32973 00000000 00504373 00000000 00000000 00000000 00000000 00000039 008b3199 00000001 00000000 00000001 00000000 00000000 00000000 00000000 00000000 00000000 00000000 00000000 00000000 00000000 00000000 00000000 00000000 00000000 00000000 00000000 da3dd75b 00000001 8e408b35 00000000 00000000 00000000 00000000 00000000 00000101 00000081 00000000 00000000 00000000 00000000 00000000 00000000 00000000 00003333 00004ccd 00002667 00000001 00000000 01c9c380 0000027c
capture_snapshot GLI1 00010000 30000000 2500000 323 0 30000000 0 0 0 0 0 0 0 8a7d66c4 00000000 8e438bc0 00000000 00508316 00000000 00508315 00000000 0000006a 00000000 00000000 00000000 03c62a0c 00000000 00508380 00000000 00000000 00000000 00000000 0000003b 008b3199 00000001 00000001 00000001 00000000 00000000 00000000 00000000 00000000 00000000 00000000 00000000 00000000 00000000 00000000 00000000 00000000 00000000 00000000 00000000 da47d946 00000001 8e438bce 00000000 00000000 00000000 00000000 00000000 00000101 00000080 00000000 00000000 00000000 00000000 00000000 00000000 00000000 00003333 00004ccd 00002667 00000001 00000000 01c9c380 0000027c
capture_snapshot GLI1 00010000 30000000 2500000 324 0 30000000 0 0 0 0 0 0 0 8a7d66c4 00000000 8e468a34 00000000 0050c2f5 00000000 0050c2f5 00000000 0000006a 00000000 00000000 00000000 03c92887 00000000 0050c35f 00000000 00000000 00000000 00000000 00000039 008b3199 00000001 00000000 00000001 00000000 00000000 00000000 00000000 00000000 00000000 00000000 00000000 00000000 00000000 00000000 00000000 00000000 00000000 00000000 00000000 da51d421 00000001 8e468a49 00000000 00000000 00000000 00000000 00000000 00000101 00000081 00000000 00000000 00000000 00000000 00000000 00000000 00000000 00003333 00004ccd 00002667 00000001 00000000 01c9c380 0000027c
capture_snapshot GLI1 00010000 30000000 2500000 325 0 30000000 0 0 0 0 0 0 0 8a7d66c4 00000000 8e498a28 00000000 005102f4 00000000 005102f4 00000000 0000006a 00000000 00000000 00000000 03cc287e 00000000 0051035e 00000000 00000000 00000000 00000000 00000039 008b3199 00000001 00000000 00000001 00000000 00000000 00000000 00000000 00000000 00000000 00000000 00000000 00000000 00000000 00000000 00000000 00000000 00000000 00000000 00000000 da5bd3ef 00000001 8e498a40 00000000 00000000 00000000 00000000 00000000 00000101 00000080 00000000 00000000 00000000 00000000 00000000 00000000 00000000 00003333 00004ccd 00002667 00000001 00000000 01c9c380 0000027c
capture_snapshot GLI1 00010000 30000000 2500000 326 0 30000000 0 0 0 0 0 0 0 8a7d66c4 00000000 8e4c940c 00000000 005143c7 00000000 005143c7 00000000 0000006a 00000000 00000000 00000000 03cf325c 00000000 00514431 00000000 00000000 00000000 00000000 00000039 008b3199 00000001 00000000 00000001 00000000 00000000 00000000 00000000 00000000 00000000 00000000 00000000 00000000 00000000 00000000 00000000 00000000 00000000 00000000 00000000 da65f4c1 00000001 8e4c941e 00000000 00000000 00000000 00000000 00000000 00000100 00000080 00000000 00000000 00000000 00000000 00000000 00000000 00000000 00003333 00004ccd 00002667 00000001 00000000 01c9c380 0000027c
capture_snapshot GLI1 00010000 30000000 2500000 327 0 30000000 0 0 0 0 0 0 0 8a7d66c4 00000000 8e4f9580 00000000 005183e6 00000000 005183e6 00000000 0000006a 00000000 00000000 00000000 03d233d1 00000000 00518450 00000000 00000000 00000000 00000000 00000039 008b3199 00000001 00000000 00000001 00000000 00000000 00000000 00000000 00000000 00000000 00000000 00000000 00000000 00000000 00000000 00000000 00000000 00000000 00000000 00000000 da6ff98a 00000001 8e4f9593 00000000 00000000 00000000 00000000 00000000 00000100 00000080 00000000 00000000 00000000 00000000 00000000 00000000 00000000 00003333 00004ccd 00002667 00000001 00000000 01c9c380 0000027c
capture_snapshot GLI1 00010000 30000000 2500000 328 0 30000000 0 0 0 0 0 0 0 8a7d66c4 00000000 8e529b80 00000000 0051c466 00000000 0051c466 00000000 0000006a 00000000 00000000 00000000 03d539cc 00000000 0051c4d0 00000000 00000000 00000000 00000000 00000039 008b3199 00000001 00000000 00000001 00000000 00000000 00000000 00000000 00000000 00000000 00000000 00000000 00000000 00000000 00000000 00000000 00000000 00000000 00000000 00000000 da7a0d65 00000001 8e529b8e 00000000 00000000 00000000 00000000 00000000 00000100 00000080 00000000 00000000 00000000 00000000 00000000 00000000 00000000 00003333 00004ccd 00002667 00000001 00000000 01c9c380 0000027c
capture_snapshot GLI1 00010000 30000000 2500000 329 0 30000000 0 0 0 0 0 0 0 8a7d66c4 00000000 8e5588cc 00000000 005202d7 00000000 005202d7 00000000 0000006a 00000000 00000000 00000000 03d82724 00000000 00520341 00000000 00000000 00000000 00000000 00000039 008b3199 00000001 00000000 00000001 00000000 00000000 00000000 00000000 00000000 00000000 00000000 00000000 00000000 00000000 00000000 00000000 00000000 00000000 00000000 00000000 da83cf20 00000001 8e5588e6 00000000 00000000 00000000 00000000 00000000 00000101 00000081 00000000 00000000 00000000 00000000 00000000 00000000 00000000 00003333 00004ccd 00002667 00000001 00000000 01c9c380 0000027c
capture_snapshot GLI1 00010000 30000000 2500000 330 0 30000000 0 0 0 0 0 0 0 8a7d66c4 00000000 8e588a58 00000000 005242f8 00000000 005242f8 00000000 0000006a 00000000 00000000 00000000 03db28ad 00000000 00524362 00000000 00000000 00000000 00000000 00000039 008b3199 00000001 00000000 00000001 00000000 00000000 00000000 00000000 00000000 00000000 00000000 00000000 00000000 00000000 00000000 00000000 00000000 00000000 00000000 00000000 da8dd42d 00000001 8e588a6f 00000000 00000000 00000000 00000000 00000000 00000100 00000080 00000000 00000000 00000000 00000000 00000000 00000000 00000000 00003333 00004ccd 00002667 00000001 00000000 01c9c380 0000027c
capture_snapshot GLI1 00010000 30000000 2500000 331 0 30000000 0 0 0 0 0 0 0 8a7d66c4 00000000 8e5b8adc 00000000 00528303 00000000 00528303 00000000 0000006a 00000000 00000000 00000000 03de2932 00000000 0052836d 00000000 00000000 00000000 00000000 00000039 008b3199 00000001 00000000 00000001 00000000 00000000 00000000 00000000 00000000 00000000 00000000 00000000 00000000 00000000 00000000 00000000 00000000 00000000 00000000 00000000 da97d5d4 00000001 8e5b8af4 00000000 00000000 00000000 00000000 00000000 00000100 00000080 00000000 00000000 00000000 00000000 00000000 00000000 00000000 00003333 00004ccd 00002667 00000001 00000000 01c9c380 0000027c
capture_snapshot GLI1 00010000 30000000 2500000 332 0 30000000 0 0 0 0 0 0 0 8a7d66c4 00000000 8e5e8c38 00000000 0052c320 00000000 0052c320 00000000 0000006a 00000000 00000000 00000000 03e12a8c 00000000 0052c38a 00000000 00000000 00000000 00000000 00000039 008b3199 00000001 00000000 00000001 00000000 00000000 00000000 00000000 00000000 00000000 00000000 00000000 00000000 00000000 00000000 00000000 00000000 00000000 00000000 00000000 daa1da40 00000001 8e5e8c4e 00000000 00000000 00000000 00000000 00000000 00000101 00000080 00000000 00000000 00000000 00000000 00000000 00000000 00000000 00003333 00004ccd 00002667 00000001 00000000 01c9c380 0000027c
capture_snapshot GLI1 00010000 30000000 2500000 333 0 30000000 0 0 0 0 0 0 0 8a7d66c4 00000000 8e61898c 00000000 005302e7 00000000 005302e7 00000000 0000006a 00000000 00000000 00000000 03e427e1 00000000 00530351 00000000 00000000 00000000 00000000 00000039 008b3199 00000001 00000000 00000001 00000000 00000000 00000000 00000000 00000000 00000000 00000000 00000000 00000000 00000000 00000000 00000000 00000000 00000000 00000000 00000000 daabd14a 00000001 8e6189a3 00000000 00000000 00000000 00000000 00000000 00000100 00000080 00000000 00000000 00000000 00000000 00000000 00000000 00000000 00003333 00004ccd 00002667 00000001 00000000 01c9c380 0000027c
capture_snapshot GLI1 00010000 30000000 2500000 334 0 30000000 0 0 0 0 0 0 0 8a7d66c4 00000000 8e648a88 00000000 005342fc 00000000 005342fc 00000000 0000006a 00000000 00000000 00000000 03e728db 00000000 00534366 00000000 00000000 00000000 00000000 00000039 008b3199 00000001 00000000 00000001 00000000 00000000 00000000 00000000 00000000 00000000 00000000 00000000 00000000 00000000 00000000 00000000 00000000 00000000 00000000 00000000 dab5d476 00000001 8e648a9d 00000000 00000000 00000000 00000000 00000000 00000101 00000081 00000000 00000000 00000000 00000000 00000000 00000000 00000000 00003333 00004ccd 00002667 00000001 00000000 01c9c380 0000027c
capture_snapshot GLI1 00010000 30000000 2500000 335 0 30000000 0 0 0 0 0 0 0 8a7d66c4 00000000 8e6792f8 00000000 005383b0 00000000 005383b0 00000000 0000006a 00000000 00000000 00000000 03ea314a 00000000 0053841a 00000000 00000000 00000000 00000000 00000039 008b3199 00000001 00000000 00000001 00000000 00000000 00000000 00000000 00000000 00000000 00000000 00000000 00000000 00000000 00000000 00000000 00000000 00000000 00000000 00000000 dabff081 00000001 8e67930c 00000000 00000000 00000000 00000000 00000000 00000100 00000080 00000000 00000000 00000000 00000000 00000000 00000000 00000000 00003333 00004ccd 00002667 00000001 00000000 01c9c380 0000027c
capture_snapshot GLI1 00010000 30000000 2500000 336 0 30000000 0 0 0 0 0 0 0 8a7d66c4 00000000 8e6a979c 00000000 0053c413 00000000 0053c413 00000000 0000006a 00000000 00000000 00000000 03ed35f1 00000000 0053c47d 00000000 00000000 00000000 00000000 00000039 008b3199 00000001 00000000 00000001 00000000 00000000 00000000 00000000 00000000 00000000 00000000 00000000 00000000 00000000 00000000 00000000 00000000 00000000 00000000 00000000 dac9ffed 00000001 8e6a97b3 00000000 00000000 00000000 00000000 00000000 00000101 00000080 00000000 00000000 00000000 00000000 00000000 00000000 00000000 00003333 00004ccd 00002667 00000001 00000000 01c9c380 0000027c
capture_snapshot GLI1 00010000 30000000 2500000 337 0 30000000 0 0 0 0 0 0 0 8a7d66c4 00000000 8e6d8af4 00000000 00540305 00000000 00540305 00000000 0000006a 00000000 00000000 00000000 03f02944 00000000 0054036f 00000000 00000000 00000000 00000000 00000039 008b3199 00000001 00000000 00000001 00000000 00000000 00000000 00000000 00000000 00000000 00000000 00000000 00000000 00000000 00000000 00000000 00000000 00000000 00000000 00000000 dad3d59b 00000001 8e6d8b06 00000000 00000000 00000000 00000000 00000000 00000100 00000080 00000000 00000000 00000000 00000000 00000000 00000000 00000000 00003333 00004ccd 00002667 00000001 00000000 01c9c380 0000027c
capture_snapshot GLI1 00010000 30000000 2500000 338 0 30000000 0 0 0 0 0 0 0 8a7d66c4 00000000 8e708b18 00000000 00544308 00000000 00544308 00000000 0000006a 00000000 00000000 00000000 03f3296c 00000000 00544372 00000000 00000000 00000000 00000000 00000039 008b3199 00000001 00000000 00000001 00000000 00000000 00000000 00000000 00000000 00000000 00000000 00000000 00000000 00000000 00000000 00000000 00000000 00000000 00000000 00000000 daddd60c 00000001 8e708b2e 00000000 00000000 00000000 00000000 00000000 00000101 00000081 00000000 00000000 00000000 00000000 00000000 00000000 00000000 00003333 00004ccd 00002667 00000001 00000000 01c9c380 0000027c
capture_snapshot GLI1 00010000 30000000 2500000 339 0 30000000 0 0 0 0 0 0 0 8a7d66c4 00000000 8e7389c8 00000000 005482ec 00000000 005482ec 00000000 0000006a 00000000 00000000 00000000 03f62819 00000000 00548356 00000000 00000000 00000000 00000000 00000039 008b3199 00000001 00000000 00000001 00000000 00000000 00000000 00000000 00000000 00000000 00000000 00000000 00000000 00000000 00000000 00000000 00000000 00000000 00000000 00000000 dae7d18d 00000001 8e7389db 00000000 00000000 00000000 00000000 00000000 00000101 00000080 00000000 00000000 00000000 00000000 00000000 00000000 00000000 00003333 00004ccd 00002667 00000001 00000000 01c9c380 0000027c
capture_snapshot GLI1 00010000 30000000 2500000 340 0 30000000 0 0 0 0 0 0 0 8a7d66c4 00000000 8e768a28 00000000 0054c2f4 00000000 0054c2f4 00000000 0000006a 00000000 00000000 00000000 03f92877 00000000 0054c35e 00000000 00000000 00000000 00000000 00000039 008b3199 00000001 00000000 00000001 00000000 00000000 00000000 00000000 00000000 00000000 00000000 00000000 00000000 00000000 00000000 00000000 00000000 00000000 00000000 00000000 daf1d2b3 00000001 8e768a39 00000000 00000000 00000000 00000000 00000000 00000101 00000080 00000000 00000000 00000000 00000000 00000000 00000000 00000000 00003333 00004ccd 00002667 00000001 00000000 01c9c380 0000027c
capture_snapshot GLI1 00010000 30000000 2500000 341 0 30000000 0 0 0 0 0 0 0 8a7d66c4 00000000 8e798c68 00000000 00550324 00000000 00550324 00000000 0000006a 00000000 00000000 00000000 03fc2abb 00000000 0055038e 00000000 00000000 00000000 00000000 00000039 008b3199 00000001 00000000 00000001 00000000 00000000 00000000 00000000 00000000 00000000 00000000 00000000 00000000 00000000 00000000 00000000 00000000 00000000 00000000 00000000 dafbda2d 00000001 8e798c7d 00000000 00000000 00000000 00000000 00000000 00000101 00000080 00000000 00000000 00000000 00000000 00000000 00000000 00000000 00003333 00004ccd 00002667 00000001 00000000 01c9c380 0000027c
capture_snapshot GLI1 00010000 30000000 2500000 342 0 30000000 0 0 0 0 0 0 0 8a7d66c4 00000000 8e7c8b00 00000000 00554306 00000000 00554306 00000000 0000006a 00000000 00000000 00000000 03ff2955 00000000 00554370 00000000 00000000 00000000 00000000 00000039 008b3199 00000001 00000000 00000001 00000000 00000000 00000000 00000000 00000000 00000000 00000000 00000000 00000000 00000000 00000000 00000000 00000000 00000000 00000000 00000000 db05d573 00000001 8e7c8b17 00000000 00000000 00000000 00000000 00000000 00000100 00000080 00000000 00000000 00000000 00000000 00000000 00000000 00000000 00003333 00004ccd 00002667 00000001 00000000 01c9c380 0000027c
capture_snapshot GLI1 00010000 30000000 2500000 343 0 30000000 0 0 0 0 0 0 0 8a7d66c4 00000000 8e7f88e4 00000000 005582d9 00000000 005582d9 00000000 0000006a 00000000 00000000 00000000 04022731 00000000 00558343 00000000 00000000 00000000 00000000 00000039 008b3199 00000001 00000000 00000001 00000000 00000000 00000000 00000000 00000000 00000000 00000000 00000000 00000000 00000000 00000000 00000000 00000000 00000000 00000000 00000000 db0fce3b 00000001 8e7f88f3 00000000 00000000 00000000 00000000 00000000 00000101 00000081 00000000 00000000 00000000 00000000 00000000 00000000 00000000 00003333 00004ccd 00002667 00000001 00000000 01c9c380 0000027c
capture_snapshot GLI1 00010000 30000000 2500000 344 0 30000000 0 0 0 0 0 0 0 8a7d66c4 00000000 8e8289e0 00000000 0055c2ee 00000000 0055c2ee 00000000 0000006a 00000000 00000000 00000000 04052835 00000000 0055c358 00000000 00000000 00000000 00000000 00000039 008b3199 00000001 00000000 00000001 00000000 00000000 00000000 00000000 00000000 00000000 00000000 00000000 00000000 00000000 00000000 00000000 00000000 00000000 00000000 00000000 db19d18b 00000001 8e8289f7 00000000 00000000 00000000 00000000 00000000 00000100 00000081 00000000 00000000 00000000 00000000 00000000 00000000 00000000 00003333 00004ccd 00002667 00000001 00000000 01c9c380 0000027c
capture_snapshot GLI1 00010000 30000000 2500000 345 0 30000000 0 0 0 0 0 0 0 8a7d66c4 00000000 8e8590c4 00000000 00560381 00000000 00560381 00000000 0000006a 00000000 00000000 00000000 04082f14 00000000 005603eb 00000000 00000000 00000000 00000000 00000039 008b3199 00000001 00000000 00000001 00000000 00000000 00000000 00000000 00000000 00000000 00000000 00000000 00000000 00000000 00000000 00000000 00000000 00000000 00000000 00000000 db23e85c 00000001 8e8590d6 00000000 00000000 00000000 00000000 00000000 00000100 00000080 00000000 00000000 00000000 00000000 00000000 00000000 00000000 00003333 00004ccd 00002667 00000001 00000000 01c9c380 0000027c
capture_snapshot GLI1 00010000 30000000 2500000 346 0 30000000 0 0 0 0 0 0 0 8a7d66c4 00000000 8e88a03c 00000000 005644cb 00000000 005644cb 00000000 0000006a 00000000 00000000 00000000 040b3e8c 00000000 00564535 00000000 00000000 00000000 00000000 00000039 008b3199 00000001 00000000 00000001 00000000 00000000 00000000 00000000 00000000 00000000 00000000 00000000 00000000 00000000 00000000 00000000 00000000 00000000 00000000 00000000 db2e1bda 00000001 8e88a04e 00000000 00000000 00000000 00000000 00000000 00000101 00000081 00000000 00000000 00000000 00000000 00000000 00000000 00000000 00003333 00004ccd 00002667 00000001 00000000 01c9c380 0000027c
capture_snapshot GLI1 00010000 30000000 2500000 347 0 30000000 0 0 0 0 0 0 0 8a7d66c4 00000000 8e8b97b4 00000000 00568415 00000000 00568415 00000000 0000006a 00000000 00000000 00000000 040e3601 00000000 0056847f 00000000 00000000 00000000 00000000 00000039 008b3199 00000001 00000000 00000001 00000000 00000000 00000000 00000000 00000000 00000000 00000000 00000000 00000000 00000000 00000000 00000000 00000000 00000000 00000000 00000000 db37ff4b 00000001 8e8b97c3 00000000 00000000 00000000 00000000 00000000 00000100 00000080 00000000 00000000 00000000 00000000 00000000 00000000 00000000 00003333 00004ccd 00002667 00000001 00000000 01c9c380 0000027c
capture_snapshot GLI1 00010000 30000000 2500000 348 0 30000000 0 0 0 0 0 0 0 8a7d66c4 00000000 8e8e8998 00000000 0056c2e8 00000000 0056c2e8 00000000 0000006a 00000000 00000000 00000000 041127e9 00000000 0056c352 00000000 00000000 00000000 00000000 00000039 008b3199 00000001 00000000 00000001 00000000 00000000 00000000 00000000 00000000 00000000 00000000 00000000 00000000 00000000 00000000 00000000 00000000 00000000 00000000 00000000 db41d03e 00000001 8e8e89ab 00000000 00000000 00000000 00000000 00000000 00000101 00000080 00000000 00000000 00000000 00000000 00000000 00000000 00000000 00003333 00004ccd 00002667 00000001 00000000 01c9c380 0000027c
capture_snapshot GLI1 00010000 30000000 2500000 349 0 30000000 0 0 0 0 0 0 0 8a7d66c4 00000000 8e918b60 00000000 0057030e 00000000 0057030e 00000000 0000006a 00000000 00000000 00000000 041429b1 00000000 00570378 00000000 00000000 00000000 00000000 00000039 008b3199 00000001 00000000 00000001 00000000 00000000 00000000 00000000 00000000 00000000 00000000 00000000 00000000 00000000 00000000 00000000 00000000 00000000 00000000 00000000 db4bd61d 00000001 8e918b73 00000000 00000000 00000000 00000000 00000000 00000100 00000080 00000000 00000000 00000000 00000000 00000000 00000000 00000000 00003333 00004ccd 00002667 00000001 00000000 01c9c380 0000027c
capture_snapshot GLI1 00010000 30000000 2500000 350 0 30000000 0 0 0 0 0 0 0 8a7d66c4 00000000 8e948fa4 00000000 00574369 00000000 00574369 00000000 0000006a 00000000 00000000 00000000 04172dfc 00000000 005743d3 00000000 00000000 00000000 00000000 00000039 008b3199 00000001 00000000 00000001 00000000 00000000 00000000 00000000 00000000 00000000 00000000 00000000 00000000 00000000 00000000 00000000 00000000 00000000 00000000 00000000 db55e455 00000001 8e948fbe 00000000 00000000 00000000 00000000 00000000 00000100 00000080 00000000 00000000 00000000 00000000 00000000 00000000 00000000 00003333 00004ccd 00002667 00000001 00000000 01c9c380 0000027c
capture_snapshot GLI1 00010000 30000000 2500000 351 0 30000000 0 0 0 0 0 0 0 8a7d66c4 00000000 8e978cbc 00000000 0057832b 00000000 0057832b 00000000 0000006a 00000000 00000000 00000000 041a2b0e 00000000 00578395 00000000 00000000 00000000 00000000 00000039 008b3199 00000001 00000000 00000001 00000000 00000000 00000000 00000000 00000000 00000000 00000000 00000000 00000000 00000000 00000000 00000000 00000000 00000000 00000000 00000000 db5fda80 00000001 8e978cd0 00000000 00000000 00000000 00000000 00000000 00000101 00000081 00000000 00000000 00000000 00000000 00000000 00000000 00000000 00003333 00004ccd 00002667 00000001 00000000 01c9c380 0000027c
capture_snapshot GLI1 00010000 30000000 2500000 352 0 30000000 0 0 0 0 0 0 0 8a7d66c4 00000000 8e9a8fbc 00000000 0057c36b 00000000 0057c36b 00000000 0000006a 00000000 00000000 00000000 041d2e09 00000000 0057c3d5 00000000 00000000 00000000 00000000 00000039 008b3199 00000001 00000000 00000001 00000000 00000000 00000000 00000000 00000000 00000000 00000000 00000000 00000000 00000000 00000000 00000000 00000000 00000000 00000000 00000000 db69e45b 00000001 8e9a8fcb 00000000 00000000 00000000 00000000 00000000 00000101 00000081 00000000 00000000 00000000 00000000 00000000 00000000 00000000 00003333 00004ccd 00002667 00000001 00000000 01c9c380 0000027c
capture_snapshot GLI1 00010000 30000000 2500000 353 0 30000000 0 0 0 0 0 0 0 8a7d66c4 00000000 8e9d96d0 00000000 00580402 00000000 00580402 00000000 0000006a 00000000 00000000 00000000 0420351f 00000000 0058046c 00000000 00000000 00000000 00000000 00000039 008b3199 00000001 00000000 00000001 00000000 00000000 00000000 00000000 00000000 00000000 00000000 00000000 00000000 00000000 00000000 00000000 00000000 00000000 00000000 00000000 db73fbe7 00000001 8e9d96e1 00000000 00000000 00000000 00000000 00000000 00000100 00000080 00000000 00000000 00000000 00000000 00000000 00000000 00000000 00003333 00004ccd 00002667 00000001 00000000 01c9c380 0000027c
capture_snapshot GLI1 00010000 30000000 2500000 354 0 30000000 0 0 0 0 0 0 0 8a7d66c4 00000000 8ea088b4 00000000 005842d5 00000000 005842d5 00000000 0000006a 00000000 00000000 00000000 04232709 00000000 0058433f 00000000 00000000 00000000 00000000 00000039 008b3199 00000001 00000000 00000001 00000000 00000000 00000000 00000000 00000000 00000000 00000000 00000000 00000000 00000000 00000000 00000000 00000000 00000000 00000000 00000000 db7dccdf 00000001 8ea088cb 00000000 00000000 00000000 00000000 00000000 00000101 00000081 00000000 00000000 00000000 00000000 00000000 00000000 00000000 00003333 00004ccd 00002667 00000001 00000000 01c9c380 0000027c
capture_snapshot GLI1 00010000 30000000 2500000 355 0 30000000 0 0 0 0 0 0 0 8a7d66c4 00000000 8ea38d70 00000000 0058833a 00000000 0058833a 00000000 0000006a 00000000 00000000 00000000 04262bc3 00000000 005883a4 00000000 00000000 00000000 00000000 00000039 008b3199 00000001 00000000 00000001 00000000 00000000 00000000 00000000 00000000 00000000 00000000 00000000 00000000 00000000 00000000 00000000 00000000 00000000 00000000 00000000 db87dc8e 00000001 8ea38d85 00000000 00000000 00000000 00000000 00000000 00000100 00000080 00000000 00000000 00000000 00000000 00000000 00000000 00000000 00003333 00004ccd 00002667 00000001 00000000 01c9c380 0000027c
capture_snapshot GLI1 00010000 30000000 2500000 356 0 30000000 0 0 0 0 0 0 0 8a7d66c4 00000000 8ea693b8 00000000 0058c3c0 00000000 0058c3c0 00000000 0000006a 00000000 00000000 00000000 04293210 00000000 0058c42a 00000000 00000000 00000000 00000000 00000039 008b3199 00000001 00000000 00000001 00000000 00000000 00000000 00000000 00000000 00000000 00000000 00000000 00000000 00000000 00000000 00000000 00000000 00000000 00000000 00000000 db91f178 00000001 8ea693d2 00000000 00000000 00000000 00000000 00000000 00000100 00000080 00000000 00000000 00000000 00000000 00000000 00000000 00000000 00003333 00004ccd 00002667 00000001 00000000 01c9c380 0000027c
capture_snapshot GLI1 00010000 30000000 2500000 357 0 30000000 0 0 0 0 0 0 0 8a7d66c4 00000000 8ea992d4 00000000 005903ad 00000000 005903ad 00000000 0000006a 00000000 00000000 00000000 042c3125 00000000 00590417 00000000 00000000 00000000 00000000 00000039 008b3199 00000001 00000000 00000001 00000000 00000000 00000000 00000000 00000000 00000000 00000000 00000000 00000000 00000000 00000000 00000000 00000000 00000000 00000000 00000000 db9bee58 00000001 8ea992e7 00000000 00000000 00000000 00000000 00000000 00000100 00000080 00000000 00000000 00000000 00000000 00000000 00000000 00000000 00003333 00004ccd 00002667 00000001 00000000 01c9c380 0000027c
capture_snapshot GLI1 00010000 30000000 2500000 358 0 30000000 0 0 0 0 0 0 0 8a7d66c4 00000000 8eac8974 00000000 005942e5 00000000 005942e5 00000000 0000006a 00000000 00000000 00000000 042f27ca 00000000 0059434f 00000000 00000000 00000000 00000000 00000039 008b3199 00000001 00000000 00000001 00000000 00000000 00000000 00000000 00000000 00000000 00000000 00000000 00000000 00000000 00000000 00000000 00000000 00000000 00000000 00000000 dba5cf13 00000001 8eac898c 00000000 00000000 00000000 00000000 00000000 00000101 00000080 00000000 00000000 00000000 00000000 00000000 00000000 00000000 00003333 00004ccd 00002667 00000001 00000000 01c9c380 0000027c
capture_snapshot GLI1 00010000 30000000 2500000 359 0 30000000 0 0 0 0 0 0 0 8a7d66c4 00000000 8eaf8af4 00000000 00598305 00000000 00598305 00000000 0000006a 00000000 00000000 00000000 04322949 00000000 0059836f 00000000 00000000 00000000 00000000 00000039 008b3199 00000001 00000000 00000001 00000000 00000000 00000000 00000000 00000000 00000000 00000000 00000000 00000000 00000000 00000000 00000000 00000000 00000000 00000000 00000000 dbafd3ff 00000001 8eaf8b0b 00000000 00000000 00000000 00000000 00000000 00000100 00000080 00000000 00000000 00000000 00000000 00000000 00000000 00000000 00003333 00004ccd 00002667 00000001 00000000 01c9c380 0000027c
capture_snapshot GLI1 00010000 30000000 2500000 360 0 30000000 0 0 0 0 0 0 0 8a7d66c4 00000000 8eb28ac4 00000000 0059c301 00000000 0059c301 00000000 0000006a 00000000 00000000 00000000 04352915 00000000 0059c36b 00000000 00000000 00000000 00000000 00000039 008b3199 00000001 00000000 00000001 00000000 00000000 00000000 00000000 00000000 00000000 00000000 00000000 00000000 00000000 00000000 00000000 00000000 00000000 00000000 00000000 dbb9d33c 00000001 8eb28ad7 00000000 00000000 00000000 00000000 00000000 00000101 00000081 00000000 00000000 00000000 00000000 00000000 00000000 00000000 00003333 00004ccd 00002667 00000001 00000000 01c9c380 0000027c
capture_snapshot GLI1 00010000 30000000 2500000 361 0 30000000 0 0 0 0 0 0 0 8a7d66c4 00000000 8eb58c08 00000000 005a031c 00000000 005a031c 00000000 0000006a 00000000 00000000 00000000 04382a55 00000000 005a0386 00000000 00000000 00000000 00000000 00000039 008b3199 00000001 00000000 00000001 00000000 00000000 00000000 00000000 00000000 00000000 00000000 00000000 00000000 00000000 00000000 00000000 00000000 00000000 00000000 00000000 dbc3d754 00000001 8eb58c17 00000000 00000000 00000000 00000000 00000000 00000101 00000081 00000000 00000000 00000000 00000000 00000000 00000000 00000000 00003333 00004ccd 00002667 00000001 00000000 01c9c380 0000027c
capture_snapshot GLI1 00010000 30000000 2500000 362 0 30000000 0 0 0 0 0 0 0 8a7d66c4 00000000 8eb889e0 00000000 005a42ee 00000000 005a42ee 00000000 0000006a 00000000 00000000 00000000 043b282d 00000000 005a4358 00000000 00000000 00000000 00000000 00000039 008b3199 00000001 00000000 00000001 00000000 00000000 00000000 00000000 00000000 00000000 00000000 00000000 00000000 00000000 00000000 00000000 00000000 00000000 00000000 00000000 dbcdd010 00000001 8eb889ef 00000000 00000000 00000000 00000000 00000000 00000101 00000081 00000000 00000000 00000000 00000000 00000000 00000000 00000000 00003333 00004ccd 00002667 00000001 00000000 01c9c380 0000027c
capture_snapshot GLI1 00010000 30000000 2500000 363 0 30000000 0 0 0 0 0 0 0 8a7d66c4 00000000 8ebb8938 00000000 005a82e0 00000000 005a82e0 00000000 0000006a 00000000 00000000 00000000 043e278e 00000000 005a834a 00000000 00000000 00000000 00000000 00000039 008b3199 00000001 00000000 00000001 00000000 00000000 00000000 00000000 00000000 00000000 00000000 00000000 00000000 00000000 00000000 00000000 00000000 00000000 00000000 00000000 dbd7cdeb 00000001 8ebb8950 00000000 00000000 00000000 00000000 00000000 00000101 00000081 00000000 00000000 00000000 00000000 00000000 00000000 00000000 00003333 00004ccd 00002667 00000001 00000000 01c9c380 0000027c
capture_snapshot GLI1 00010000 30000000 2500000 364 0 30000000 0 0 0 0 0 0 0 8a7d66c4 00000000 8ebe8e3c 00000000 005ac34b 00000000 005ac34b 00000000 0000006a 00000000 00000000 00000000 04412c89 00000000 005ac3b5 00000000 00000000 00000000 00000000 00000039 008b3199 00000001 00000000 00000001 00000000 00000000 00000000 00000000 00000000 00000000 00000000 00000000 00000000 00000000 00000000 00000000 00000000 00000000 00000000 00000000 dbe1de72 00000001 8ebe8e4b 00000000 00000000 00000000 00000000 00000000 00000100 00000081 00000000 00000000 00000000 00000000 00000000 00000000 00000000 00003333 00004ccd 00002667 00000001 00000000 01c9c380 0000027c
capture_snapshot GLI1 00010000 30000000 2500000 365 0 30000000 0 0 0 0 0 0 0 8a7d66c4 00000000 8ec19058 00000000 005b0378 00000000 005b0378 00000000 0000006a 00000000 00000000 00000000 04442ea9 00000000 005b03e2 00000000 00000000 00000000 00000000 00000039 008b3199 00000001 00000000 00000001 00000000 00000000 00000000 00000000 00000000 00000000 00000000 00000000 00000000 00000000 00000000 00000000 00000000 00000000 00000000 00000000 dbebe571 00000001 8ec1906b 00000000 00000000 00000000 00000000 00000000 00000100 00000080 00000000 00000000 00000000 00000000 00000000 00000000 00000000 00003333 00004ccd 00002667 00000001 00000000 01c9c380 0000027c
capture_snapshot GLI1 00010000 30000000 2500000 366 0 30000000 0 0 0 0 0 0 0 8a7d66c4 00000000 8ec4958c 00000000 005b43e7 00000000 005b43e7 00000000 0000006a 00000000 00000000 00000000 044733da 00000000 005b4451 00000000 00000000 00000000 00000000 00000039 008b3199 00000001 00000000 00000001 00000000 00000000 00000000 00000000 00000000 00000000 00000000 00000000 00000000 00000000 00000000 00000000 00000000 00000000 00000000 00000000 dbf5f6ac 00000001 8ec4959c 00000000 00000000 00000000 00000000 00000000 00000101 00000080 00000000 00000000 00000000 00000000 00000000 00000000 00000000 00003333 00004ccd 00002667 00000001 00000000 01c9c380 0000027c
capture_snapshot GLI1 00010000 30000000 2500000 367 0 30000000 0 0 0 0 0 0 0 8a7d66c4 00000000 8ec79418 00000000 005b83c8 00000000 005b83c8 00000000 0000006a 00000000 00000000 00000000 044a326f 00000000 005b8432 00000000 00000000 00000000 00000000 00000039 008b3199 00000001 00000000 00000001 00000000 00000000 00000000 00000000 00000000 00000000 00000000 00000000 00000000 00000000 00000000 00000000 00000000 00000000 00000000 00000000 dbfff1e0 00000001 8ec79431 00000000 00000000 00000000 00000000 00000000 00000101 00000081 00000000 00000000 00000000 00000000 00000000 00000000 00000000 00003333 00004ccd 00002667 00000001 00000000 01c9c380 0000027c
capture_snapshot GLI1 00010000 30000000 2500000 368 0 30000000 0 0 0 0 0 0 0 8a7d66c4 00000000 8eca8a58 00000000 005bc2f8 00000000 005bc2f8 00000000 0000006a 00000000 00000000 00000000 044d28aa 00000000 005bc362 00000000 00000000 00000000 00000000 00000039 008b3199 00000001 00000000 00000001 00000000 00000000 00000000 00000000 00000000 00000000 00000000 00000000 00000000 00000000 00000000 00000000 00000000 00000000 00000000 00000000 dc09d13b 00000001 8eca8a6c 00000000 00000000 00000000 00000000 00000000 00000101 00000080 00000000 00000000 00000000 00000000 00000000 00000000 00000000 00003333 00004ccd 00002667 00000001 00000000 01c9c380 0000027c
capture_snapshot GLI1 00010000 30000000 2500000 369 0 30000000 0 0 0 0 0 0 0 8a7d66c4 00000000 8ecd8e48 00000000 005c034c 00000000 005c034c 00000000 0000006a 00000000 00000000 00000000 04502c9d 00000000 005c03b6 00000000 00000000 00000000 00000000 00000039 008b3199 00000001 00000000 00000001 00000000 00000000 00000000 00000000 00000000 00000000 00000000 00000000 00000000 00000000 00000000 00000000 00000000 00000000 00000000 00000000 dc13de53 00000001 8ecd8e5f 00000000 00000000 00000000 00000000 00000000 00000100 00000081 00000000 00000000 00000000 00000000 00000000 00000000 00000000 00003333 00004ccd 00002667 00000001 00000000 01c9c380 0000027c
capture_snapshot GLI1 00010000 30000000 2500000 370 0 30000000 0 0 0 0 0 0 0 8a7d66c4 00000000 8ed08cf8 00000000 005c4330 00000000 005c4330 00000000 0000006a 00000000 00000000 00000000 04532b4c 00000000 005c439a 00000000 00000000 00000000 00000000 00000039 008b3199 00000001 00000000 00000001 00000000 00000000 00000000 00000000 00000000 00000000 00000000 00000000 00000000 00000000 00000000 00000000 00000000 00000000 00000000 00000000 dc1dd9da 00000001 8ed08d0e 00000000 00000000 00000000 00000000 00000000 00000100 00000080 00000000 00000000 00000000 00000000 00000000 00000000 00000000 00003333 00004ccd 00002667 00000001 00000000 01c9c380 0000027c
capture_snapshot GLI1 00010000 30000000 2500000 371 0 30000000 0 0 0 0 0 0 0 8a7d66c4 00000000 8ed38c68 00000000 005c8324 00000000 005c8324 00000000 0000006a 00000000 00000000 00000000 04562abb 00000000 005c838e 00000000 00000000 00000000 00000000 00000039 008b3199 00000001 00000000 00000001 00000000 00000000 00000000 00000000 00000000 00000000 00000000 00000000 00000000 00000000 00000000 00000000 00000000 00000000 00000000 00000000 dc27d7e3 00000001 8ed38c7d 00000000 00000000 00000000 00000000 00000000 00000100 00000080 00000000 00000000 00000000 00000000 00000000 00000000 00000000 00003333 00004ccd 00002667 00000001 00000000 01c9c380 0000027c
capture_snapshot GLI1 00010000 30000000 2500000 372 0 30000000 0 0 0 0 0 0 0 8a7d66c4 00000000 8ed68854 00000000 005cc2cd 00000000 005cc2cd 00000000 0000006a 00000000 00000000 00000000 045926a6 00000000 005cc337 00000000 00000000 00000000 00000000 00000039 008b3199 00000001 00000000 00000001 00000000 00000000 00000000 00000000 00000000 00000000 00000000 00000000 00000000 00000000 00000000 00000000 00000000 00000000 00000000 00000000 dc31ca35 00000001 8ed68868 00000000 00000000 00000000 00000000 00000000 00000101 00000080 00000000 00000000 00000000 00000000 00000000 00000000 00000000 00003333 00004ccd 00002667 00000001 00000000 01c9c380 0000027c
capture_snapshot GLI1 00010000 30000000 2500000 373 0 30000000 0 0 0 0 0 0 0 8a7d66c4 00000000 8ed98aa0 00000000 005d02fe 00000000 005d02fe 00000000 0000006a 00000000 00000000 00000000 045c28ed 00000000 005d0368 00000000 00000000 00000000 00000000 00000039 008b3199 00000001 00000000 00000001 00000000 00000000 00000000 00000000 00000000 00000000 00000000 00000000 00000000 00000000 00000000 00000000 00000000 00000000 00000000 00000000 dc3bd1b8 00000001 8ed98aaf 00000000 00000000 00000000 00000000 00000000 00000100 00000080 00000000 00000000 00000000 00000000 00000000 00000000 00000000 00003333 00004ccd 00002667 00000001 00000000 01c9c380 0000027c
capture_snapshot GLI1 00010000 30000000 2500000 374 0 30000000 0 0 0 0 0 0 0 8a7d66c4 00000000 8edc8ca4 00000000 005d4329 00000000 005d4329 00000000 0000006a 00000000 00000000 00000000 045f2af1 00000000 005d4393 00000000 00000000 00000000 00000000 00000039 008b3199 00000001 00000000 00000001 00000000 00000000 00000000 00000000 00000000 00000000 00000000 00000000 00000000 00000000 00000000 00000000 00000000 00000000 00000000 00000000 dc45d85f 00000001 8edc8cb3 00000000 00000000 00000000 00000000 00000000 00000100 00000081 00000000 00000000 00000000 00000000 00000000 00000000 00000000 00003333 00004ccd 00002667 00000001 00000000 01c9c380 0000027c
capture_snapshot GLI1 00010000 30000000 2500000 375 0 30000000 0 0 0 0 0 0 0 8a7d66c4 00000000 8edf9a6c 00000000 005d844f 00000000 005d844f 00000000 0000006a 00000000 00000000 00000000 046238b9 00000000 005d84b9 00000000 00000000 00000000 00000000 00000039 008b3199 00000001 00000000 00000001 00000000 00000000 00000000 00000000 00000000 00000000 00000000 00000000 00000000 00000000 00000000 00000000 00000000 00000000 00000000 00000000 dc50063b 00000001 8edf9a7b 00000000 00000000 00000000 00000000 00000000 00000100 00000081 00000000 00000000 00000000 00000000 00000000 00000000 00000000 00003333 00004ccd 00002667 00000001 00000000 01c9c380 0000027c
capture_snapshot GLI1 00010000 30000000 2500000 376 0 30000000 0 0 0 0 0 0 0 8a7d66c4 00000000 8ee29334 00000000 005dc3b5 00000000 005dc3b5 00000000 0000006a 00000000 00000000 00000000 04653189 00000000 005dc41f 00000000 00000000 00000000 00000000 00000039 008b3199 00000001 00000000 00000001 00000000 00000000 00000000 00000000 00000000 00000000 00000000 00000000 00000000 00000000 00000000 00000000 00000000 00000000 00000000 00000000 dc59ee31 00000001 8ee2934b 00000000 00000000 00000000 00000000 00000000 00000101 00000081 00000000 00000000 00000000 00000000 00000000 00000000 00000000 00003333 00004ccd 00002667 00000001 00000000 01c9c380 0000027c
capture_snapshot GLI1 00010000 30000000 2500000 377 0 30000000 0 0 0 0 0 0 0 8a7d66c4 00000000 8ee58500 00000000 005e0286 00000000 005e0286 00000000 0000006a 00000000 00000000 00000000 04682353 00000000 005e02f0 00000000 00000000 00000000 00000000 00000039 008b3199 00000001 00000000 00000001 00000000 00000000 00000000 00000000 00000000 00000000 00000000 00000000 00000000 00000000 00000000 00000000 00000000 00000000 00000000 00000000 dc63bec0 00000001 8ee58515 00000000 00000000 00000000 00000000 00000000 00000101 00000081 00000000 00000000 00000000 00000000 00000000 00000000 00000000 00003333 00004ccd 00002667 00000001 00000000 01c9c380 0000027c
capture_snapshot GLI1 00010000 30000000 2500000 378 0 30000000 0 0 0 0 0 0 0 8a7d66c4 00000000 8ee88284 00000000 005e4251 00000000 005e4251 00000000 0000006a 00000000 00000000 00000000 046b20d2 00000000 005e42bb 00000000 00000000 00000000 00000000 00000039 008b3199 00000001 00000000 00000001 00000000 00000000 00000000 00000000 00000000 00000000 00000000 00000000 00000000 00000000 00000000 00000000 00000000 00000000 00000000 00000000 dc6db655 00000001 8ee88294 00000000 00000000 00000000 00000000 00000000 00000100 00000080 00000000 00000000 00000000 00000000 00000000 00000000 00000000 00003333 00004ccd 00002667 00000001 00000000 01c9c380 0000027c
capture_snapshot GLI1 00010000 30000000 2500000 379 0 30000000 0 0 0 0 0 0 0 8a7d66c4 00000000 8eeb8278 00000000 005e8250 00000000 005e8250 00000000 0000006a 00000000 00000000 00000000 046e20cc 00000000 005e82ba 00000000 00000000 00000000 00000000 00000039 008b3199 00000001 00000000 00000001 00000000 00000000 00000000 00000000 00000000 00000000 00000000 00000000 00000000 00000000 00000000 00000000 00000000 00000000 00000000 00000000 dc77b62b 00000001 8eeb828e 00000000 00000000 00000000 00000000 00000000 00000101 00000080 00000000 00000000 00000000 00000000 00000000 00000000 00000000 00003333 00004ccd 00002667 00000001 00000000 01c9c380 0000027c
capture_snapshot GLI1 00010000 30000000 2500000 380 0 30000000 0 0 0 0 0 0 0 8a7d66c4 00000000 8eee7ff0 00000000 005ec21a 00000000 005ec219 00000000 0000006a 00000000 00000000 00000000 04711e3c 00000000 005ec284 00000000 00000000 00000000 00000000 0000003b 008b3199 00000001 00000001 00000001 00000000 00000000 00000000 00000000 00000000 00000000 00000000 00000000 00000000 00000000 00000000 00000000 00000000 00000000 00000000 00000000 dc81ad8f 00000001 8eee7ffe 00000000 00000000 00000000 00000000 00000000 00000100 00000080 00000000 00000000 00000000 00000000 00000000 00000000 00000000 00003333 00004ccd 00002667 00000001 00000000 01c9c380 0000027c
capture_snapshot GLI1 00010000 30000000 2500000 381 0 30000000 0 0 0 0 0 0 0 8a7d66c4 00000000 8ef179c0 00000000 005f0196 00000000 005f0196 00000000 0000006a 00000000 00000000 00000000 04741815 00000000 005f0200 00000000 00000000 00000000 00000000 00000039 008b3199 00000001 00000000 00000001 00000000 00000000 00000000 00000000 00000000 00000000 00000000 00000000 00000000 00000000 00000000 00000000 00000000 00000000 00000000 00000000 dc8b98f8 00000001 8ef179d7 00000000 00000000 00000000 00000000 00000000 00000101 00000080 00000000 00000000 00000000 00000000 00000000 00000000 00000000 00003333 00004ccd 00002667 00000001 00000000 01c9c380 0000027c
capture_snapshot GLI1 00010000 30000000 2500000 382 0 30000000 0 0 0 0 0 0 0 8a7d66c4 00000000 8ef47954 00000000 005f418d 00000000 005f418d 00000000 0000006a 00000000 00000000 00000000 047717ac 00000000 005f41f7 00000000 00000000 00000000 00000000 00000039 008b3199 00000001 00000000 00000001 00000000 00000000 00000000 00000000 00000000 00000000 00000000 00000000 00000000 00000000 00000000 00000000 00000000 00000000 00000000 00000000 dc959786 00000001 8ef4796e 00000000 00000000 00000000 00000000 00000000 00000101 00000080 00000000 00000000 00000000 00000000 00000000 00000000 00000000 00003333 00004ccd 00002667 00000001 00000000 01c9c380 0000027c
capture_snapshot GLI1 00010000 30000000 2500000 383 0 30000000 0 0 0 0 0 0 0 8a7d66c4 00000000 8ef77a5c 00000000 005f81a3 00000000 005f81a3 00000000 0000006a 00000000 00000000 00000000 047a18b0 00000000 005f820d 00000000 00000000 00000000 00000000 00000039 008b3199 00000001 00000000 00000001 00000000 00000000 00000000 00000000 00000000 00000000 00000000 00000000 00000000 00000000 00000000 00000000 00000000 00000000 00000000 00000000 dc9f9ad6 00000001 8ef77a72 00000000 00000000 00000000 00000000 00000000 00000101 00000081 00000000 00000000 00000000 00000000 00000000 00000000 00000000 00003333 00004ccd 00002667 00000001 00000000 01c9c380 0000027c
capture_snapshot GLI1 00010000 30000000 2500000 384 0 30000000 0 0 0 0 0 0 0 8a7d66c4 00000000 8efa78e8 00000000 005fc184 00000000 005fc184 00000000 0000006a 00000000 00000000 00000000 047d1740 00000000 005fc1ee 00000000 00000000 00000000 00000000 00000039 008b3199 00000001 00000000 00000001 00000000 00000000 00000000 00000000 00000000 00000000 00000000 00000000 00000000 00000000 00000000 00000000 00000000 00000000 00000000 00000000 dca995f7 00000001 8efa7902 00000000 00000000 00000000 00000000 00000000 00000101 00000080 00000000 00000000 00000000 00000000 00000000 00000000 00000000 00003333 00004ccd 00002667 00000001 00000000 01c9c380 0000027c
capture_snapshot GLI1 00010000 30000000 2500000 385 0 30000000 0 0 0 0 0 0 0 8a7d66c4 00000000 8efd793c 00000000 0060018b 00000000 0060018b 00000000 0000006a 00000000 00000000 00000000 04801791 00000000 006001f5 00000000 00000000 00000000 00000000 00000039 008b3199 00000001 00000000 00000001 00000000 00000000 00000000 00000000 00000000 00000000 00000000 00000000 00000000 00000000 00000000 00000000 00000000 00000000 00000000 00000000 dcb396f4 00000001 8efd7953 00000000 00000000 00000000 00000000 00000000 00000100 00000080 00000000 00000000 00000000 00000000 00000000 00000000 00000000 00003333 00004ccd 00002667 00000001 00000000 01c9c380 0000027c
capture_snapshot GLI1 00010000 30000000 2500000 386 0 30000000 0 0 0 0 0 0 0 8a7d66c4 00000000 8f0079f0 00000000 0060419a 00000000 0060419a 00000000 0000006a 00000000 00000000 00000000 0483183e 00000000 00604204 00000000 00000000 00000000 00000000 00000039 008b3199 00000001 00000000 00000001 00000000 00000000 00000000 00000000 00000000 00000000 00000000 00000000 00000000 00000000 00000000 00000000 00000000 00000000 00000000 00000000 dcbd991f 00000001 8f007a00 00000000 00000000 00000000 00000000 00000000 00000101 00000080 00000000 00000000 00000000 00000000 00000000 00000000 00000000 00003333 00004ccd 00002667 00000001 00000000 01c9c380 0000027c
capture_snapshot GLI1 00010000 30000000 2500000 387 0 30000000 0 0 0 0 0 0 0 8a7d66c4 00000000 8f037954 00000000 0060818d 00000000 0060818d 00000000 0000006a 00000000 00000000 00000000 048617a7 00000000 006081f7 00000000 00000000 00000000 00000000 00000039 008b3199 00000001 00000000 00000001 00000000 00000000 00000000 00000000 00000000 00000000 00000000 00000000 00000000 00000000 00000000 00000000 00000000 00000000 00000000 00000000 dcc79715 00000001 8f037969 00000000 00000000 00000000 00000000 00000000 00000101 00000081 00000000 00000000 00000000 00000000 00000000 00000000 00000000 00003333 00004ccd 00002667 00000001 00000000 01c9c380 0000027c
capture_snapshot GLI1 00010000 30000000 2500000 388 0 30000000 0 0 0 0 0 0 0 8a7d66c4 00000000 8f06799c 00000000 0060c193 00000000 0060c193 00000000 0000006a 00000000 00000000 00000000 048917eb 00000000 0060c1fd 00000000 00000000 00000000 00000000 00000039 008b3199 00000001 00000000 00000001 00000000 00000000 00000000 00000000 00000000 00000000 00000000 00000000 00000000 00000000 00000000 00000000 00000000 00000000 00000000 00000000 dcd197e4 00000001 8f0679ad 00000000 00000000 00000000 00000000 00000000 00000101 00000081 00000000 00000000 00000000 00000000 00000000 00000000 00000000 00003333 00004ccd 00002667 00000001 00000000 01c9c380 0000027c
capture_snapshot GLI1 00010000 30000000 2500000 389 0 30000000 0 0 0 0 0 0 0 8a7d66c4 00000000 8f0978f4 00000000 00610185 00000000 00610185 00000000 0000006a 00000000 00000000 00000000 048c1749 00000000 006101ef 00000000 00000000 00000000 00000000 00000039 008b3199 00000001 00000000 00000001 00000000 00000000 00000000 00000000 00000000 00000000 00000000 00000000 00000000 00000000 00000000 00000000 00000000 00000000 00000000 00000000 dcdb95b3 00000001 8f09790b 00000000 00000000 00000000 00000000 00000000 00000100 00000080 00000000 00000000 00000000 00000000 00000000 00000000 00000000 00003333 00004ccd 00002667 00000001 00000000 01c9c380 0000027c
capture_snapshot GLI1 00010000 30000000 2500000 390 0 30000000 0 0 0 0 0 0 0 8a7d66c4 00000000 8f0c793c 00000000 0061418b 00000000 0061418b 00000000 0000006a 00000000 00000000 00000000 048f178d 00000000 006141f5 00000000 00000000 00000000 00000000 00000039 008b3199 00000001 00000000 00000001 00000000 00000000 00000000 00000000 00000000 00000000 00000000 00000000 00000000 00000000 00000000 00000000 00000000 00000000 00000000 00000000 dce59684 00000001 8f0c794f 00000000 00000000 00000000 00000000 00000000 00000101 00000081 00000000 00000000 00000000 00000000 00000000 00000000 00000000 00003333 00004ccd 00002667 00000001 00000000 01c9c380 0000027c
capture_snapshot GLI1 00010000 30000000 2500000 391 0 30000000 0 0 0 0 0 0 0 8a7d66c4 00000000 8f0f7954 00000000 0061818d 00000000 0061818d 00000000 0000006a 00000000 00000000 00000000 049217ab 00000000 006181f7 00000000 00000000 00000000 00000000 00000039 008b3199 00000001 00000000 00000001 00000000 00000000 00000000 00000000 00000000 00000000 00000000 00000000 00000000 00000000 00000000 00000000 00000000 00000000 00000000 00000000 dcef96d4 00000001 8f0f796d 00000000 00000000 00000000 00000000 00000000 00000101 00000081 00000000 00000000 00000000 00000000 00000000 00000000 00000000 00003333 00004ccd 00002667 00000001 00000000 01c9c380 0000027c
capture_snapshot GLI1 00010000 30000000 2500000 392 0 30000000 0 0 0 0 0 0 0 8a7d66c4 00000000 8f127984 00000000 0061c191 00000000 0061c191 00000000 0000006a 00000000 00000000 00000000 049517da 00000000 0061c1fb 00000000 00000000 00000000 00000000 00000039 008b3199 00000001 00000000 00000001 00000000 00000000 00000000 00000000 00000000 00000000 00000000 00000000 00000000 00000000 00000000 00000000 00000000 00000000 00000000 00000000 dcf9975e 00000001 8f12799c 00000000 00000000 00000000 00000000 00000000 00000101 00000081 00000000 00000000 00000000 00000000 00000000 00000000 00000000 00003333 00004ccd 00002667 00000001 00000000 01c9c380 0000027c
capture_snapshot GLI1 00010000 30000000 2500000 393 0 30000000 0 0 0 0 0 0 0 8a7d66c4 00000000 8f15799c 00000000 00620193 00000000 00620193 00000000 0000006a 00000000 00000000 00000000 049817ec 00000000 006201fd 00000000 00000000 00000000 00000000 00000039 008b3199 00000001 00000000 00000001 00000000 00000000 00000000 00000000 00000000 00000000 00000000 00000000 00000000 00000000 00000000 00000000 00000000 00000000 00000000 00000000 dd039787 00000001 8f1579ae 00000000 00000000 00000000 00000000 00000000 00000100 00000080 00000000 00000000 00000000 00000000 00000000 00000000 00000000 00003333 00004ccd 00002667 00000001 00000000 01c9c380 0000027c
capture_snapshot GLI1 00010000 30000000 2500000 394 0 30000000 0 0 0 0 0 0 0 8a7d66c4 00000000 8f18796c 00000000 0062418f 00000000 0062418f 00000000 0000006a 00000000 00000000 00000000 049b17bc 00000000 006241f9 00000000 00000000 00000000 00000000 00000039 008b3199 00000001 00000000 00000001 00000000 00000000 00000000 00000000 00000000 00000000 00000000 00000000 00000000 00000000 00000000 00000000 00000000 00000000 00000000 00000000 dd0d96d3 00000001 8f18797e 00000000 00000000 00000000 00000000 00000000 00000101 00000080 00000000 00000000 00000000 00000000 00000000 00000000 00000000 00003333 00004ccd 00002667 00000001 00000000 01c9c380 0000027c
capture_snapshot GLI1 00010000 30000000 2500000 395 0 30000000 0 0 0 0 0 0 0 8a7d66c4 00000000 8f1b79fc 00000000 0062819b 00000000 0062819b 00000000 0000006a 00000000 00000000 00000000 049e184f 00000000 00628205 00000000 00000000 00000000 00000000 00000039 008b3199 00000001 00000000 00000001 00000000 00000000 00000000 00000000 00000000 00000000 00000000 00000000 00000000 00000000 00000000 00000000 00000000 00000000 00000000 00000000 dd1798aa 00000001 8f1b7a11 00000000 00000000 00000000 00000000 00000000 00000100 00000080 00000000 00000000 00000000 00000000 00000000 00000000 00000000 00003333 00004ccd 00002667 00000001 00000000 01c9c380 0000027c
capture_snapshot GLI1 00010000 30000000 2500000 396 0 30000000 0 0 0 0 0 0 0 8a7d66c4 00000000 8f1e7930 00000000 0062c18a 00000000 0062c18a 00000000 0000006a 00000000 00000000 00000000 04a11783 00000000 0062c1f4 00000000 00000000 00000000 00000000 00000039 008b3199 00000001 00000000 00000001 00000000 00000000 00000000 00000000 00000000 00000000 00000000 00000000 00000000 00000000 00000000 00000000 00000000 00000000 00000000 00000000 dd2195ed 00000001 8f1e7945 00000000 00000000 00000000 00000000 00000000 00000101 00000081 00000000 00000000 00000000 00000000 00000000 00000000 00000000 00003333 00004ccd 00002667 00000001 00000000 01c9c380 0000027c
capture_snapshot GLI1 00010000 30000000 2500000 397 0 30000000 0 0 0 0 0 0 0 8a7d66c4 00000000 8f217978 00000000 00630190 00000000 00630190 00000000 0000006a 00000000 00000000 00000000 04a417cb 00000000 006301fa 00000000 00000000 00000000 00000000 00000039 008b3199 00000001 00000000 00000001 00000000 00000000 00000000 00000000 00000000 00000000 00000000 00000000 00000000 00000000 00000000 00000000 00000000 00000000 00000000 00000000 dd2b96ca 00000001 8f21798d 00000000 00000000 00000000 00000000 00000000 00000101 00000081 00000000 00000000 00000000 00000000 00000000 00000000 00000000 00003333 00004ccd 00002667 00000001 00000000 01c9c380 0000027c
capture_snapshot GLI1 00010000 30000000 2500000 398 0 30000000 0 0 0 0 0 0 0 8a7d66c4 00000000 8f2479a8 00000000 00634194 00000000 00634194 00000000 0000006a 00000000 00000000 00000000 04a717fb 00000000 006341fe 00000000 00000000 00000000 00000000 00000039 008b3199 00000001 00000000 00000001 00000000 00000000 00000000 00000000 00000000 00000000 00000000 00000000 00000000 00000000 00000000 00000000 00000000 00000000 00000000 00000000 dd359757 00000001 8f2479bd 00000000 00000000 00000000 00000000 00000000 00000101 00000080 00000000 00000000 00000000 00000000 00000000 00000000 00000000 00003333 00004ccd 00002667 00000001 00000000 01c9c380 0000027c
capture_snapshot GLI1 00010000 30000000 2500000 399 0 30000000 0 0 0 0 0 0 0 8a7d66c4 00000000 8f27793c 00000000 0063818b 00000000 0063818b 00000000 0000006a 00000000 00000000 00000000 04aa1791 00000000 006381f5 00000000 00000000 00000000 00000000 00000039 008b3199 00000001 00000000 00000001 00000000 00000000 00000000 00000000 00000000 00000000 00000000 00000000 00000000 00000000 00000000 00000000 00000000 00000000 00000000 00000000 dd3f95e3 00000001 8f277953 00000000 00000000 00000000 00000000 00000000 00000100 00000080 00000000 00000000 00000000 00000000 00000000 00000000 00000000 00003333 00004ccd 00002667 00000001 00000000 01c9c380 0000027c
capture_snapshot GLI1 00010000 30000000 2500000 400 0 30000000 0 0 0 0 0 0 0 8a7d66c4 00000000 8f2a7990 00000000 0063c192 00000000 0063c192 00000000 0000006a 00000000 00000000 00000000 04ad17e6 00000000 0063c1fc 00000000 00000000 00000000 00000000 00000039 008b3199 00000001 00000000 00000001 00000000 00000000 00000000 00000000 00000000 00000000 00000000 00000000 00000000 00000000 00000000 00000000 00000000 00000000 00000000 00000000 dd4996ea 00000001 8f2a79a8 00000000 00000000 00000000 00000000 00000000 00000101 00000081 00000000 00000000 00000000 00000000 00000000 00000000 00000000 00003333 00004ccd 00002667 00000001 00000000 01c9c380 0000027c
capture_snapshot GLI1 00010000 30000000 2500000 401 0 30000000 0 0 0 0 0 0 0 8a7d66c4 00000000 8f2d7960 00000000 0064018e 00000000 0064018e 00000000 0000006a 00000000 00000000 00000000 04b017b2 00000000 006401f8 00000000 00000000 00000000 00000000 00000039 008b3199 00000001 00000000 00000001 00000000 00000000 00000000 00000000 00000000 00000000 00000000 00000000 00000000 00000000 00000000 00000000 00000000 00000000 00000000 00000000 dd53962a 00000001 8f2d7974 00000000 00000000 00000000 00000000 00000000 00000100 00000080 00000000 00000000 00000000 00000000 00000000 00000000 00000000 00003333 00004ccd 00002667 00000001 00000000 01c9c380 0000027c
capture_snapshot GLI1 00010000 30000000 2500000 402 0 30000000 0 0 0 0 0 0 0 8a7d66c4 00000000 8f307984 00000000 00644191 00000000 00644191 00000000 0000006a 00000000 00000000 00000000 04b317d2 00000000 006441fb 00000000 00000000 00000000 00000000 00000039 008b3199 00000001 00000000 00000001 00000000 00000000 00000000 00000000 00000000 00000000 00000000 00000000 00000000 00000000 00000000 00000000 00000000 00000000 00000000 00000000 dd5d9680 00000001 8f307994 00000000 00000000 00000000 00000000 00000000 00000101 00000081 00000000 00000000 00000000 00000000 00000000 00000000 00000000 00003333 00004ccd 00002667 00000001 00000000 01c9c380 0000027c
capture_snapshot GLI1 00010000 30000000 2500000 403 0 30000000 0 0 0 0 0 0 0 8a7d66c4 00000000 8f337924 00000000 00648189 00000000 00648189 00000000 0000006a 00000000 00000000 00000000 04b6177b 00000000 006481f3 00000000 00000000 00000000 00000000 00000039 008b3199 00000001 00000000 00000001 00000000 00000000 00000000 00000000 00000000 00000000 00000000 00000000 00000000 00000000 00000000 00000000 00000000 00000000 00000000 00000000 dd67954a 00000001 8f33793d 00000000 00000000 00000000 00000000 00000000 00000101 00000081 00000000 00000000 00000000 00000000 00000000 00000000 00000000 00003333 00004ccd 00002667 00000001 00000000 01c9c380 0000027c
capture_snapshot GLI1 00010000 30000000 2500000 404 0 30000000 0 0 0 0 0 0 0 8a7d66c4 00000000 8f367930 00000000 0064c18a 00000000 0064c18a 00000000 0000006a 00000000 00000000 00000000 04b9177f 00000000 0064c1f4 00000000 00000000 00000000 00000000 00000039 008b3199 00000001 00000000 00000001 00000000 00000000 00000000 00000000 00000000 00000000 00000000 00000000 00000000 00000000 00000000 00000000 00000000 00000000 00000000 00000000 dd719543 00000001 8f367941 00000000 00000000 00000000 00000000 00000000 00000101 00000080 00000000 00000000 00000000 00000000 00000000 00000000 00000000 00003333 00004ccd 00002667 00000001 00000000 01c9c380 0000027c
capture_snapshot GLI1 00010000 30000000 2500000 405 0 30000000 0 0 0 0 0 0 0 8a7d66c4 00000000 8f397984 00000000 00650191 00000000 00650191 00000000 0000006a 00000000 00000000 00000000 04bc17db 00000000 006501fb 00000000 00000000 00000000 00000000 00000039 008b3199 00000001 00000000 00000001 00000000 00000000 00000000 00000000 00000000 00000000 00000000 00000000 00000000 00000000 00000000 00000000 00000000 00000000 00000000 00000000 dd7b9663 00000001 8f39799d 00000000 00000000 00000000 00000000 00000000 00000101 00000081 00000000 00000000 00000000 00000000 00000000 00000000 00000000 00003333 00004ccd 00002667 00000001 00000000 01c9c380 0000027c
capture_snapshot GLI1 00010000 30000000 2500000 406 0 30000000 0 0 0 0 0 0 0 8a7d66c4 00000000 8f3c7960 00000000 0065418e 00000000 0065418e 00000000 0000006a 00000000 00000000 00000000 04bf17b3 00000000 006541f8 00000000 00000000 00000000 00000000 00000039 008b3199 00000001 00000000 00000001 00000000 00000000 00000000 00000000 00000000 00000000 00000000 00000000 00000000 00000000 00000000 00000000 00000000 00000000 00000000 00000000 dd8595cb 00000001 8f3c7975 00000000 00000000 00000000 00000000 00000000 00000101 00000080 00000000 00000000 00000000 00000000 00000000 00000000 00000000 00003333 00004ccd 00002667 00000001 00000000 01c9c380 0000027c
capture_snapshot GLI1 00010000 30000000 2500000 407 0 30000000 0 0 0 0 0 0 0 8a7d66c4 00000000 8f3f78d0 00000000 00658182 00000000 00658182 00000000 0000006a 00000000 00000000 00000000 04c21725 00000000 006581ec 00000000 00000000 00000000 00000000 00000039 008b3199 00000001 00000000 00000001 00000000 00000000 00000000 00000000 00000000 00000000 00000000 00000000 00000000 00000000 00000000 00000000 00000000 00000000 00000000 00000000 dd8f93df 00000001 8f3f78e7 00000000 00000000 00000000 00000000 00000000 00000100 00000080 00000000 00000000 00000000 00000000 00000000 00000000 00000000 00003333 00004ccd 00002667 00000001 00000000 01c9c380 0000027c
capture_snapshot GLI1 00010000 30000000 2500000 408 0 30000000 0 0 0 0 0 0 0 8a7d66c4 00000000 8f427978 00000000 0065c190 00000000 0065c190 00000000 0000006a 00000000 00000000 00000000 04c517cd 00000000 0065c1fa 00000000 00000000 00000000 00000000 00000039 008b3199 00000001 00000000 00000001 00000000 00000000 00000000 00000000 00000000 00000000 00000000 00000000 00000000 00000000 00000000 00000000 00000000 00000000 00000000 00000000 dd9995f9 00000001 8f42798f 00000000 00000000 00000000 00000000 00000000 00000101 00000080 00000000 00000000 00000000 00000000 00000000 00000000 00000000 00003333 00004ccd 00002667 00000001 00000000 01c9c380 0000027c
capture_snapshot GLI1 00010000 30000000 2500000 409 0 30000000 0 0 0 0 0 0 0 8a7d66c4 00000000 8f457954 00000000 0066018d 00000000 0066018d 00000000 0000006a 00000000 00000000 00000000 04c817a5 00000000 006601f7 00000000 00000000 00000000 00000000 00000039 008b3199 00000001 00000000 00000001 00000000 00000000 00000000 00000000 00000000 00000000 00000000 00000000 00000000 00000000 00000000 00000000 00000000 00000000 00000000 00000000 dda39560 00000001 8f457967 00000000 00000000 00000000 00000000 00000000 00000101 00000080 00000000 00000000 00000000 00000000 00000000 00000000 00000000 00003333 00004ccd 00002667 00000001 00000000 01c9c380 0000027c
capture_snapshot GLI1 00010000 30000000 2500000 410 0 30000000 0 0 0 0 0 0 0 8a7d66c4 00000000 8f487930 00000000 0066418a 00000000 00664189 00000000 0000006a 00000000 00000000 00000000 04cb177c 00000000 006641f4 00000000 00000000 00000000 00000000 0000003b 008b3199 00000001 00000001 00000001 00000000 00000000 00000000 00000000 00000000 00000000 00000000 00000000 00000000 00000000 00000000 00000000 00000000 00000000 00000000 00000000 ddad94c6 00000001 8f48793e 00000000 00000000 00000000 00000000 00000000 00000100 00000080 00000000 00000000 00000000 00000000 00000000 00000000 00000000 00003333 00004ccd 00002667 00000001 00000000 01c9c380 0000027c
capture_snapshot GLI1 00010000 30000000 2500000 411 0 30000000 0 0 0 0 0 0 0 8a7d66c4 00000000 8f4b790c 00000000 00668187 00000000 00668187 00000000 0000006a 00000000 00000000 00000000 04ce1760 00000000 006681f1 00000000 00000000 00000000 00000000 00000039 008b3199 00000001 00000000 00000001 00000000 00000000 00000000 00000000 00000000 00000000 00000000 00000000 00000000 00000000 00000000 00000000 00000000 00000000 00000000 00000000 ddb79453 00000001 8f4b7922 00000000 00000000 00000000 00000000 00000000 00000101 00000080 00000000 00000000 00000000 00000000 00000000 00000000 00000000 00003333 00004ccd 00002667 00000001 00000000 01c9c380 0000027c
capture_snapshot GLI1 00010000 30000000 2500000 412 0 30000000 0 0 0 0 0 0 0 8a7d66c4 00000000 8f4e793c 00000000 0066c18b 00000000 0066c18b 00000000 0000006a 00000000 00000000 00000000 04d1178d 00000000 0066c1f5 00000000 00000000 00000000 00000000 00000039 008b3199 00000001 00000000 00000001 00000000 00000000 00000000 00000000 00000000 00000000 00000000 00000000 00000000 00000000 00000000 00000000 00000000 00000000 00000000 00000000 ddc194d7 00000001 8f4e794f 00000000 00000000 00000000 00000000 00000000 00000101 00000081 00000000 00000000 00000000 00000000 00000000 00000000 00000000 00003333 00004ccd 00002667 00000001 00000000 01c9c380 0000027c
capture_snapshot GLI1 00010000 30000000 2500000 413 0 30000000 0 0 0 0 0 0 0 8a7d66c4 00000000 8f5178f4 00000000 00670185 00000000 00670184 00000000 0000006a 00000000 00000000 00000000 04d41740 00000000 006701ef 00000000 00000000 00000000 00000000 0000003b 008b3199 00000001 00000001 00000001 00000000 00000000 00000000 00000000 00000000 00000000 00000000 00000000 00000000 00000000 00000000 00000000 00000000 00000000 00000000 00000000 ddcb93c3 00000001 8f517902 00000000 00000000 00000000 00000000 00000000 00000101 00000080 00000000 00000000 00000000 00000000 00000000 00000000 00000000 00003333 00004ccd 00002667 00000001 00000000 01c9c380 0000027c
capture_snapshot GLI1 00010000 30000000 2500000 414 0 30000000 0 0 0 0 0 0 0 8a7d66c4 00000000 8f54796c 00000000 0067418f 00000000 0067418f 00000000 0000006a 00000000 00000000 00000000 04d717bd 00000000 006741f9 00000000 00000000 00000000 00000000 00000039 008b3199 00000001 00000000 00000001 00000000 00000000 00000000 00000000 00000000 00000000 00000000 00000000 00000000 00000000 00000000 00000000 00000000 00000000 00000000 00000000 ddd59550 00000001 8f54797f 00000000 00000000 00000000 00000000 00000000 00000101 00000081 00000000 00000000 00000000 00000000 00000000 00000000 00000000 00003333 00004ccd 00002667 00000001 00000000 01c9c380 0000027c
capture_snapshot GLI1 00010000 30000000 2500000 415 0 30000000 0 0 0 0 0 0 0 8a7d66c4 00000000 8f5779d8 00000000 00678198 00000000 00678198 00000000 0000006a 00000000 00000000 00000000 04da1830 00000000 00678202 00000000 00000000 00000000 00000000 00000039 008b3199 00000001 00000000 00000001 00000000 00000000 00000000 00000000 00000000 00000000 00000000 00000000 00000000 00000000 00000000 00000000 00000000 00000000 00000000 00000000 dddf96ba 00000001 8f5779f2 00000000 00000000 00000000 00000000 00000000 00000100 00000080 00000000 00000000 00000000 00000000 00000000 00000000 00000000 00003333 00004ccd 00002667 00000001 00000000 01c9c380 0000027c
capture_snapshot GLI1 00010000 30000000 2500000 416 0 30000000 0 0 0 0 0 0 0 8a7d66c4 00000000 8f5a796c 00000000 0067c18f 00000000 0067c18f 00000000 0000006a 00000000 00000000 00000000 04dd17c2 00000000 0067c1f9 00000000 00000000 00000000 00000000 00000039 008b3199 00000001 00000000 00000001 00000000 00000000 00000000 00000000 00000000 00000000 00000000 00000000 00000000 00000000 00000000 00000000 00000000 00000000 00000000 00000000 dde9953b 00000001 8f5a7984 00000000 00000000 00000000 00000000 00000000 00000100 00000080 00000000 00000000 00000000 00000000 00000000 00000000 00000000 00003333 00004ccd 00002667 00000001 00000000 01c9c380 0000027c
capture_snapshot GLI1 00010000 30000000 2500000 417 0 30000000 0 0 0 0 0 0 0 8a7d66c4 00000000 8f5d7960 00000000 0068018e 00000000 0068018e 00000000 0000006a 00000000 00000000 00000000 04e017b3 00000000 006801f8 00000000 00000000 00000000 00000000 00000039 008b3199 00000001 00000000 00000001 00000000 00000000 00000000 00000000 00000000 00000000 00000000 00000000 00000000 00000000 00000000 00000000 00000000 00000000 00000000 00000000 ddf394f5 00000001 8f5d7975 00000000 00000000 00000000 00000000 00000000 00000100 00000080 00000000 00000000 00000000 00000000 00000000 00000000 00000000 00003333 00004ccd 00002667 00000001 00000000 01c9c380 0000027c
capture_snapshot GLI1 00010000 30000000 2500000 418 0 30000000 0 0 0 0 0 0 0 8a7d66c4 00000000 8f6078e8 00000000 00684184 00000000 00684184 00000000 0000006a 00000000 00000000 00000000 04e3173b 00000000 006841ee 00000000 00000000 00000000 00000000 00000039 008b3199 00000001 00000000 00000001 00000000 00000000 00000000 00000000 00000000 00000000 00000000 00000000 00000000 00000000 00000000 00000000 00000000 00000000 00000000 00000000 ddfd9350 00000001 8f6078fd 00000000 00000000 00000000 00000000 00000000 00000101 00000081 00000000 00000000 00000000 00000000 00000000 00000000 00000000 00003333 00004ccd 00002667 00000001 00000000 01c9c380 0000027c
capture_snapshot GLI1 00010000 30000000 2500000 419 0 30000000 0 0 0 0 0 0 0 8a7d66c4 00000000 8f637930 00000000 0068818a 00000000 0068818a 00000000 0000006a 00000000 00000000 00000000 04e61786 00000000 006881f4 00000000 00000000 00000000 00000000 00000039 008b3199 00000001 00000000 00000001 00000000 00000000 00000000 00000000 00000000 00000000 00000000 00000000 00000000 00000000 00000000 00000000 00000000 00000000 00000000 00000000 de079436 00000001 8f637948 00000000 00000000 00000000 00000000 00000000 00000101 00000080 00000000 00000000 00000000 00000000 00000000 00000000 00000000 00003333 00004ccd 00002667 00000001 00000000 01c9c380 0000027c
capture_snapshot GLI1 00010000 30000000 2500000 420 0 30000000 0 0 0 0 0 0 0 8a7d66c4 00000000 8f6679b4 00000000 0068c195 00000000 0068c195 00000000 0000006a 00000000 00000000 00000000 04e91801 00000000 0068c1ff 00000000 00000000 00000000 00000000 00000039 008b3199 00000001 00000000 00000001 00000000 00000000 00000000 00000000 00000000 00000000 00000000 00000000 00000000 00000000 00000000 00000000 00000000 00000000 00000000 00000000 de1195bf 00000001 8f6679c3 00000000 00000000 00000000 00000000 00000000 00000100 00000080 00000000 00000000 00000000 00000000 00000000 00000000 00000000 00003333 00004ccd 00002667 00000001 00000000 01c9c380 0000027c
capture_snapshot GLI1 00010000 30000000 2500000 421 0 30000000 0 0 0 0 0 0 0 8a7d66c4 00000000 8f6979f0 00000000 0069019a 00000000 0069019a 00000000 0000006a 00000000 00000000 00000000 04ec183f 00000000 00690204 00000000 00000000 00000000 00000000 00000039 008b3199 00000001 00000000 00000001 00000000 00000000 00000000 00000000 00000000 00000000 00000000 00000000 00000000 00000000 00000000 00000000 00000000 00000000 00000000 00000000 de1b9677 00000001 8f697a01 00000000 00000000 00000000 00000000 00000000 00000100 00000080 00000000 00000000 00000000 00000000 00000000 00000000 00000000 00003333 00004ccd 00002667 00000001 00000000 01c9c380 0000027c
capture_snapshot GLI1 00010000 30000000 2500000 422 0 30000000 0 0 0 0 0 0 0 8a7d66c4 00000000 8f6c78f4 00000000 00694185 00000000 00694185 00000000 0000006a 00000000 00000000 00000000 04ef1744 00000000 006941ef 00000000 00000000 00000000 00000000 00000039 008b3199 00000001 00000000 00000001 00000000 00000000 00000000 00000000 00000000 00000000 00000000 00000000 00000000 00000000 00000000 00000000 00000000 00000000 00000000 00000000 de259321 00000001 8f6c7906 00000000 00000000 00000000 00000000 00000000 00000101 00000080 00000000 00000000 00000000 00000000 00000000 00000000 00000000 00003333 00004ccd 00002667 00000001 00000000 01c9c380 0000027c
capture_snapshot GLI1 00010000 30000000 2500000 423 0 30000000 0 0 0 0 0 0 0 8a7d66c4 00000000 8f6f79a8 00000000 00698194 00000000 00698194 00000000 0000006a 00000000 00000000 00000000 04f217fb 00000000 006981fe 00000000 00000000 00000000 00000000 00000039 008b3199 00000001 00000000 00000001 00000000 00000000 00000000 00000000 00000000 00000000 00000000 00000000 00000000 00000000 00000000 00000000 00000000 00000000 00000000 00000000 de2f956f 00000001 8f6f79bd 00000000 00000000 00000000 00000000 00000000 00000101 00000081 00000000 00000000 00000000 00000000 00000000 00000000 00000000 00003333 00004ccd 00002667 00000001 00000000 01c9c380 0000027c
capture_snapshot GLI1 00010000 30000000 2500000 424 0 30000000 0 0 0 0 0 0 0 8a7d66c4 00000000 8f7278c4 00000000 0069c181 00000000 0069c181 00000000 0000006a 00000000 00000000 00000000 04f51711 00000000 0069c1eb 00000000 00000000 00000000 00000000 00000039 008b3199 00000001 00000000 00000001 00000000 00000000 00000000 00000000 00000000 00000000 00000000 00000000 00000000 00000000 00000000 00000000 00000000 00000000 00000000 00000000 de399250 00000001 8f7278d3 00000000 00000000 00000000 00000000 00000000 00000101 00000081 00000000 00000000 00000000 00000000 00000000 00000000 00000000 00003333 00004ccd 00002667 00000001 00000000 01c9c380 0000027c
capture_snapshot GLI1 00010000 30000000 2500000 425 0 30000000 0 0 0 0 0 0 0 8a7d66c4 00000000 8f757918 00000000 006a0188 00000000 006a0188 00000000 0000006a 00000000 00000000 00000000 04f81769 00000000 006a01f2 00000000 00000000 00000000 00000000 00000039 008b3199 00000001 00000000 00000001 00000000 00000000 00000000 00000000 00000000 00000000 00000000 00000000 00000000 00000000 00000000 00000000 00000000 00000000 00000000 00000000 de439360 00000001 8f75792b 00000000 00000000 00000000 00000000 00000000 00000101 00000080 00000000 00000000 00000000 00000000 00000000 00000000 00000000 00003333 00004ccd 00002667 00000001 00000000 01c9c380 0000027c
capture_snapshot GLI1 00010000 30000000 2500000 426 0 30000000 0 0 0 0 0 0 0 8a7d66c4 00000000 8f787990 00000000 006a4192 00000000 006a4192 00000000 0000006a 00000000 00000000 00000000 04fb17e4 00000000 006a41fc 00000000 00000000 00000000 00000000 00000039 008b3199 00000001 00000000 00000001 00000000 00000000 00000000 00000000 00000000 00000000 00000000 00000000 00000000 00000000 00000000 00000000 00000000 00000000 00000000 00000000 de4d94e6 00000001 8f7879a6 00000000 00000000 00000000 00000000 00000000 00000100 00000080 00000000 00000000 00000000 00000000 00000000 00000000 00000000 00003333 00004ccd 00002667 00000001 00000000 01c9c380 0000027c
capture_snapshot GLI1 00010000 30000000 2500000 427 0 30000000 0 0 0 0 0 0 0 8a7d66c4 00000000 8f7b79cc 00000000 006a8197 00000000 006a8197 00000000 0000006a 00000000 00000000 00000000 04fe1821 00000000 006a8201 00000000 00000000 00000000 00000000 00000039 008b3199 00000001 00000000 00000001 00000000 00000000 00000000 00000000 00000000 00000000 00000000 00000000 00000000 00000000 00000000 00000000 00000000 00000000 00000000 00000000 de5795a1 00000001 8f7b79e3 00000000 00000000 00000000 00000000 00000000 00000100 00000080 00000000 00000000 00000000 00000000 00000000 00000000 00000000 00003333 00004ccd 00002667 00000001 00000000 01c9c380 0000027c
capture_snapshot GLI1 00010000 30000000 2500000 428 0 30000000 0 0 0 0 0 0 0 8a7d66c4 00000000 8f7e78e8 00000000 006ac184 00000000 006ac184 00000000 0000006a 00000000 00000000 00000000 0501173c 00000000 006ac1ee 00000000 00000000 00000000 00000000 00000039 008b3199 00000001 00000000 00000001 00000000 00000000 00000000 00000000 00000000 00000000 00000000 00000000 00000000 00000000 00000000 00000000 00000000 00000000 00000000 00000000 de619291 00000001 8f7e78fe 00000000 00000000 00000000 00000000 00000000 00000101 00000081 00000000 00000000 00000000 00000000 00000000 00000000 00000000 00003333 00004ccd 00002667 00000001 00000000 01c9c380 0000027c
capture_snapshot GLI1 00010000 30000000 2500000 429 0 30000000 0 0 0 0 0 0 0 8a7d66c4 00000000 8f817990 00000000 006b0192 00000000 006b0192 00000000 0000006a 00000000 00000000 00000000 050417df 00000000 006b01fc 00000000 00000000 00000000 00000000 00000039 008b3199 00000001 00000000 00000001 00000000 00000000 00000000 00000000 00000000 00000000 00000000 00000000 00000000 00000000 00000000 00000000 00000000 00000000 00000000 00000000 de6b949d 00000001 8f8179a1 00000000 00000000 00000000 00000000 00000000 00000101 00000080 00000000 00000000 00000000 00000000 00000000 00000000 00000000 00003333 00004ccd 00002667 00000001 00000000 01c9c380 0000027c
capture_snapshot GLI1 00010000 30000000 2500000 430 0 30000000 0 0 0 0 0 0 0 8a7d66c4 00000000 8f84790c 00000000 006b4187 00000000 006b4187 00000000 0000006a 00000000 00000000 00000000 05071760 00000000 006b41f1 00000000 00000000 00000000 00000000 00000039 008b3199 00000001 00000000 00000001 00000000 00000000 00000000 00000000 00000000 00000000 00000000 00000000 00000000 00000000 00000000 00000000 00000000 00000000 00000000 00000000 de7592e2 00000001 8f847922 00000000 00000000 00000000 00000000 00000000 00000101 00000080 00000000 00000000 00000000 00000000 00000000 00000000 00000000 00003333 00004ccd 00002667 00000001 00000000 01c9c380 0000027c
capture_snapshot GLI1 00010000 30000000 2500000 431 0 30000000 0 0 0 0 0 0 0 8a7d66c4 00000000 8f877918 00000000 006b8188 00000000 006b8188 00000000 0000006a 00000000 00000000 00000000 050a176a 00000000 006b81f2 00000000 00000000 00000000 00000000 00000039 008b3199 00000001 00000000 00000001 00000000 00000000 00000000 00000000 00000000 00000000 00000000 00000000 00000000 00000000 00000000 00000000 00000000 00000000 00000000 00000000 de7f92ef 00000001 8f87792c 00000000 00000000 00000000 00000000 00000000 00000101 00000081 00000000 00000000 00000000 00000000 00000000 00000000 00000000 00003333 00004ccd 00002667 00000001 00000000 01c9c380 0000027c
capture_snapshot GLI1 00010000 30000000 2500000 432 0 30000000 0 0 0 0 0 0 0 8a7d66c4 00000000 8f8a7930 00000000 006bc18a 00000000 006bc18a 00000000 0000006a 00000000 00000000 00000000 050d1788 00000000 006bc1f4 00000000 00000000 00000000 00000000 00000039 008b3199 00000001 00000000 00000001 00000000 00000000 00000000 00000000 00000000 00000000 00000000 00000000 00000000 00000000 00000000 00000000 00000000 00000000 00000000 00000000 de89933f 00000001 8f8a794a 00000000 00000000 00000000 00000000 00000000 00000101 00000080 00000000 00000000 00000000 00000000 00000000 00000000 00000000 00003333 00004ccd 00002667 00000001 00000000 01c9c380 0000027c
capture_snapshot GLI1 00010000 30000000 2500000 433 0 30000000 0 0 0 0 0 0 0 8a7d66c4 00000000 8f8d793c 00000000 006c018b 00000000 006c018b 00000000 0000006a 00000000 00000000 00000000 0510178c 00000000 006c01f5 00000000 00000000 00000000 00000000 00000039 008b3199 00000001 00000000 00000001 00000000 00000000 00000000 00000000 00000000 00000000 00000000 00000000 00000000 00000000 00000000 00000000 00000000 00000000 00000000 00000000 de93933b 00000001 8f8d794e 00000000 00000000 00000000 00000000 00000000 00000100 00000080 00000000 00000000 00000000 00000000 00000000 00000000 00000000 00003333 00004ccd 00002667 00000001 00000000 01c9c380 0000027c
capture_snapshot GLI1 00010000 30000000 2500000 434 0 30000000 0 0 0 0 0 0 0 8a7d66c4 00000000 8f90796c 00000000 006c418f 00000000 006c418f 00000000 0000006a 00000000 00000000 00000000 051317c1 00000000 006c41f9 00000000 00000000 00000000 00000000 00000039 008b3199 00000001 00000000 00000001 00000000 00000000 00000000 00000000 00000000 00000000 00000000 00000000 00000000 00000000 00000000 00000000 00000000 00000000 00000000 00000000 de9d93d5 00000001 8f907983 00000000 00000000 00000000 00000000 00000000 00000100 00000080 00000000 00000000 00000000 00000000 00000000 00000000 00000000 00003333 00004ccd 00002667 00000001 00000000 01c9c380 0000027c
capture_snapshot GLI1 00010000 30000000 2500000 435 0 30000000 0 0 0 0 0 0 0 8a7d66c4 00000000 8f937990 00000000 006c8192 00000000 006c8192 00000000 0000006a 00000000 00000000 00000000 051617e4 00000000 006c81fc 00000000 00000000 00000000 00000000 00000039 008b3199 00000001 00000000 00000001 00000000 00000000 00000000 00000000 00000000 00000000 00000000 00000000 00000000 00000000 00000000 00000000 00000000 00000000 00000000 00000000 dea79437 00000001 8f9379a6 00000000 00000000 00000000 00000000 00000000 00000101 00000080 00000000 00000000 00000000 00000000 00000000 00000000 00000000 00003333 00004ccd 00002667 00000001 00000000 01c9c380 0000027c
capture_snapshot GLI1 00010000 30000000 2500000 436 0 30000000 0 0 0 0 0 0 0 8a7d66c4 00000000 8f967978 00000000 006cc190 00000000 006cc18f 00000000 0000006a 00000000 00000000 00000000 051917c4 00000000 006cc1fa 00000000 00000000 00000000 00000000 0000003b 008b3199 00000001 00000001 00000001 00000000 00000000 00000000 00000000 00000000 00000000 00000000 00000000 00000000 00000000 00000000 00000000 00000000 00000000 00000000 00000000 deb193ba 00000001 8f967986 00000000 00000000 00000000 00000000 00000000 00000101 00000081 00000000 00000000 00000000 00000000 00000000 00000000 00000000 00003333 00004ccd 00002667 00000001 00000000 01c9c380 0000027c
capture_snapshot GLI1 00010000 30000000 2500000 437 0 30000000 0 0 0 0 0 0 0 8a7d66c4 00000000 8f997c30 00000000 006d01ca 00000000 006d01ca 00000000 0000006a 00000000 00000000 00000000 051c1a87 00000000 006d0234 00000000 00000000 00000000 00000000 00000039 008b3199 00000001 00000000 00000001 00000000 00000000 00000000 00000000 00000000 00000000 00000000 00000000 00000000 00000000 00000000 00000000 00000000 00000000 00000000 00000000 debb9cda 00000001 8f997c49 00000000 00000000 00000000 00000000 00000000 00000101 00000080 00000000 00000000 00000000 00000000 00000000 00000000 00000000 00003333 00004ccd 00002667 00000001 00000000 01c9c380 0000027c
capture_snapshot GLI1 00010000 30000000 2500000 438 0 30000000 0 0 0 0 0 0 0 8a7d66c4 00000000 8f9c7a2c 00000000 006d419f 00000000 006d419f 00000000 0000006a 00000000 00000000 00000000 051f1880 00000000 006d4209 00000000 00000000 00000000 00000000 00000039 008b3199 00000001 00000000 00000001 00000000 00000000 00000000 00000000 00000000 00000000 00000000 00000000 00000000 00000000 00000000 00000000 00000000 00000000 00000000 00000000 dec59605 00000001 8f9c7a42 00000000 00000000 00000000 00000000 00000000 00000101 00000081 00000000 00000000 00000000 00000000 00000000 00000000 00000000 00003333 00004ccd 00002667 00000001 00000000 01c9c380 0000027c
capture_snapshot GLI1 00010000 30000000 2500000 439 0 30000000 0 0 0 0 0 0 0 8a7d66c4 00000000 8f9f78f4 00000000 006d8185 00000000 006d8185 00000000 0000006a 00000000 00000000 00000000 05221747 00000000 006d81ef 00000000 00000000 00000000 00000000 00000039 008b3199 00000001 00000000 00000001 00000000 00000000 00000000 00000000 00000000 00000000 00000000 00000000 00000000 00000000 00000000 00000000 00000000 00000000 00000000 00000000 decf91de 00000001 8f9f7909 00000000 00000000 00000000 00000000 00000000 00000101 00000080 00000000 00000000 00000000 00000000 00000000 00000000 00000000 00003333 00004ccd 00002667 00000001 00000000 01c9c380 0000027c
capture_snapshot GLI1 00010000 30000000 2500000 440 0 30000000 0 0 0 0 0 0 0 8a7d66c4 00000000 8fa27f90 00000000 006dc212 00000000 006dc212 00000000 0000006a 00000000 00000000 00000000 05251de4 00000000 006dc27c 00000000 00000000 00000000 00000000 00000039 008b3199 00000001 00000000 00000001 00000000 00000000 00000000 00000000 00000000 00000000 00000000 00000000 00000000 00000000 00000000 00000000 00000000 00000000 00000000 00000000 ded9a7d5 00000001 8fa27fa6 00000000 00000000 00000000 00000000 00000000 00000100 00000080 00000000 00000000 00000000 00000000 00000000 00000000 00000000 00003333 00004ccd 00002667 00000001 00000000 01c9c380 0000027c
capture_snapshot GLI1 00010000 30000000 2500000 441 0 30000000 0 0 0 0 0 0 0 8a7d66c4 00000000 8fa58014 00000000 006e021d 00000000 006e021d 00000000 0000006a 00000000 00000000 00000000 05281e61 00000000 006e0287 00000000 00000000 00000000 00000000 00000039 008b3199 00000001 00000000 00000001 00000000 00000000 00000000 00000000 00000000 00000000 00000000 00000000 00000000 00000000 00000000 00000000 00000000 00000000 00000000 00000000 dee3a963 00000001 8fa58023 00000000 00000000 00000000 00000000 00000000 00000101 00000081 00000000 00000000 00000000 00000000 00000000 00000000 00000000 00003333 00004ccd 00002667 00000001 00000000 01c9c380 0000027c
capture_snapshot GLI1 00010000 30000000 2500000 442 0 30000000 0 0 0 0 0 0 0 8a7d66c4 00000000 8fa87e10 00000000 006e41f2 00000000 006e41f2 00000000 0000006a 00000000 00000000 00000000 052b1c67 00000000 006e425c 00000000 00000000 00000000 00000000 00000039 008b3199 00000001 00000000 00000001 00000000 00000000 00000000 00000000 00000000 00000000 00000000 00000000 00000000 00000000 00000000 00000000 00000000 00000000 00000000 00000000 deeda2b9 00000001 8fa87e29 00000000 00000000 00000000 00000000 00000000 00000101 00000081 00000000 00000000 00000000 00000000 00000000 00000000 00000000 00003333 00004ccd 00002667 00000001 00000000 01c9c380 0000027c
capture_snapshot GLI1 00010000 30000000 2500000 443 0 30000000 0 0 0 0 0 0 0 8a7d66c4 00000000 8fab7960 00000000 006e818e 00000000 006e818e 00000000 0000006a 00000000 00000000 00000000 052e17b5 00000000 006e81f8 00000000 00000000 00000000 00000000 00000039 008b3199 00000001 00000000 00000001 00000000 00000000 00000000 00000000 00000000 00000000 00000000 00000000 00000000 00000000 00000000 00000000 00000000 00000000 00000000 00000000 def792fe 00000001 8fab7977 00000000 00000000 00000000 00000000 00000000 00000100 00000080 00000000 00000000 00000000 00000000 00000000 00000000 00000000 00003333 00004ccd 00002667 00000001 00000000 01c9c380 0000027c
capture_snapshot GLI1 00010000 30000000 2500000 444 0 30000000 0 0 0 0 0 0 0 8a7d66c4 00000000 8fae7978 00000000 006ec190 00000000 006ec190 00000000 0000006a 00000000 00000000 00000000 053117c9 00000000 006ec1fa 00000000 00000000 00000000 00000000 00000039 008b3199 00000001 00000000 00000001 00000000 00000000 00000000 00000000 00000000 00000000 00000000 00000000 00000000 00000000 00000000 00000000 00000000 00000000 00000000 00000000 df01932f 00000001 8fae798b 00000000 00000000 00000000 00000000 00000000 00000101 00000081 00000000 00000000 00000000 00000000 00000000 00000000 00000000 00003333 00004ccd 00002667 00000001 00000000 01c9c380 0000027c
capture_snapshot GLI1 00010000 30000000 2500000 445 0 30000000 0 0 0 0 0 0 0 8a7d66c4 00000000 8fb17864 00000000 006f0179 00000000 006f0179 00000000 0000006a 00000000 00000000 00000000 053416b4 00000000 006f01e3 00000000 00000000 00000000 00000000 00000039 008b3199 00000001 00000000 00000001 00000000 00000000 00000000 00000000 00000000 00000000 00000000 00000000 00000000 00000000 00000000 00000000 00000000 00000000 00000000 00000000 df0b8f81 00000001 8fb17876 00000000 00000000 00000000 00000000 00000000 00000100 00000080 00000000 00000000 00000000 00000000 00000000 00000000 00000000 00003333 00004ccd 00002667 00000001 00000000 01c9c380 0000027c
capture_snapshot GLI1 00010000 30000000 2500000 446 0 30000000 0 0 0 0 0 0 0 8a7d66c4 00000000 8fb47984 00000000 006f4191 00000000 006f4191 00000000 0000006a 00000000 00000000 00000000 053717d5 00000000 006f41fb 00000000 00000000 00000000 00000000 00000039 008b3199 00000001 00000000 00000001 00000000 00000000 00000000 00000000 00000000 00000000 00000000 00000000 00000000 00000000 00000000 00000000 00000000 00000000 00000000 00000000 df159331 00000001 8fb47997 00000000 00000000 00000000 00000000 00000000 00000100 00000080 00000000 00000000 00000000 00000000 00000000 00000000 00000000 00003333 00004ccd 00002667 00000001 00000000 01c9c380 0000027c
capture_snapshot GLI1 00010000 30000000 2500000 447 0 30000000 0 0 0 0 0 0 0 8a7d66c4 00000000 8fb77960 00000000 006f818e 00000000 006f818e 00000000 0000006a 00000000 00000000 00000000 053a17b1 00000000 006f81f8 00000000 00000000 00000000 00000000 00000039 008b3199 00000001 00000000 00000001 00000000 00000000 00000000 00000000 00000000 00000000 00000000 00000000 00000000 00000000 00000000 00000000 00000000 00000000 00000000 00000000 df1f92a6 00000001 8fb77973 00000000 00000000 00000000 00000000 00000000 00000100 00000080 00000000 00000000 00000000 00000000 00000000 00000000 00000000 00003333 00004ccd 00002667 00000001 00000000 01c9c380 0000027c
capture_snapshot GLI1 00010000 30000000 2500000 448 0 30000000 0 0 0 0 0 0 0 8a7d66c4 00000000 8fba78dc 00000000 006fc183 00000000 006fc183 00000000 0000006a 00000000 00000000 00000000 053d1731 00000000 006fc1ed 00000000 00000000 00000000 00000000 00000039 008b3199 00000001 00000000 00000001 00000000 00000000 00000000 00000000 00000000 00000000 00000000 00000000 00000000 00000000 00000000 00000000 00000000 00000000 00000000 00000000 df2990e4 00000001 8fba78f3 00000000 00000000 00000000 00000000 00000000 00000100 00000080 00000000 00000000 00000000 00000000 00000000 00000000 00000000 00003333 00004ccd 00002667 00000001 00000000 01c9c380 0000027c
capture_snapshot GLI1 00010000 30000000 2500000 449 0 30000000 0 0 0 0 0 0 0 8a7d66c4 00000000 8fbd7924 00000000 00700189 00000000 00700189 00000000 0000006a 00000000 00000000 00000000 05401778 00000000 007001f3 00000000 00000000 00000000 00000000 00000039 008b3199 00000001 00000000 00000001 00000000 00000000 00000000 00000000 00000000 00000000 00000000 00000000 00000000 00000000 00000000 00000000 00000000 00000000 00000000 00000000 df3391c0 00000001 8fbd793a 00000000 00000000 00000000 00000000 00000000 00000100 00000080 00000000 00000000 00000000 00000000 00000000 00000000 00000000 00003333 00004ccd 00002667 00000001 00000000 01c9c380 0000027c
capture_snapshot GLI1 00010000 30000000 2500000 450 0 30000000 0 0 0 0 0 0 0 8a7d66c4 00000000 8fc07978 00000000 00704190 00000000 00704190 00000000 0000006a 00000000 00000000 00000000 054317cc 00000000 007041fa 00000000 00000000 00000000 00000000 00000039 008b3199 00000001 00000000 00000001 00000000 00000000 00000000 00000000 00000000 00000000 00000000 00000000 00000000 00000000 00000000 00000000 00000000 00000000 00000000 00000000 df3d92c4 00000001 8fc0798e 00000000 00000000 00000000 00000000 00000000 00000101 00000080 00000000 00000000 00000000 00000000 00000000 00000000 00000000 00003333 00004ccd 00002667 00000001 00000000 01c9c380 0000027c
capture_snapshot GLI1 00010000 30000000 2500000 451 0 30000000 0 0 0 0 0 0 0 8a7d66c4 00000000 8fc37888 00000000 0070817c 00000000 0070817c 00000000 0000006a 00000000 00000000 00000000 054616df 00000000 007081e6 00000000 00000000 00000000 00000000 00000039 008b3199 00000001 00000000 00000001 00000000 00000000 00000000 00000000 00000000 00000000 00000000 00000000 00000000 00000000 00000000 00000000 00000000 00000000 00000000 00000000 df478f99 00000001 8fc378a1 00000000 00000000 00000000 00000000 00000000 00000101 00000080 00000000 00000000 00000000 00000000 00000000 00000000 00000000 00003333 00004ccd 00002667 00000001 00000000 01c9c380 0000027c
capture_snapshot GLI1 00010000 30000000 2500000 452 0 30000000 0 0 0 0 0 0 0 8a7d66c4 00000000 8fc68380 00000000 0070c266 00000000 0070c266 00000000 0000006a 00000000 00000000 00000000 054921d0 00000000 0070c2d0 00000000 00000000 00000000 00000000 00000039 008b3199 00000001 00000000 00000001 00000000 00000000 00000000 00000000 00000000 00000000 00000000 00000000 00000000 00000000 00000000 00000000 00000000 00000000 00000000 00000000 df51b400 00000001 8fc68392 00000000 00000000 00000000 00000000 00000000 00000100 00000080 00000000 00000000 00000000 00000000 00000000 00000000 00000000 00003333 00004ccd 00002667 00000001 00000000 01c9c380 0000027c
capture_snapshot GLI1 00010000 30000000 2500000 453 0 30000000 0 0 0 0 0 0 0 8a7d66c4 00000000 8fc97d74 00000000 007101e5 00000000 007101e5 00000000 0000006a 00000000 00000000 00000000 054c1bc5 00000000 0071024f 00000000 00000000 00000000 00000000 00000039 008b3199 00000001 00000000 00000001 00000000 00000000 00000000 00000000 00000000 00000000 00000000 00000000 00000000 00000000 00000000 00000000 00000000 00000000 00000000 00000000 df5b9fc6 00000001 8fc97d87 00000000 00000000 00000000 00000000 00000000 00000101 00000080 00000000 00000000 00000000 00000000 00000000 00000000 00000000 00003333 00004ccd 00002667 00000001 00000000 01c9c380 0000027c
capture_snapshot GLI1 00010000 30000000 2500000 454 0 30000000 0 0 0 0 0 0 0 8a7d66c4 00000000 8fcc790c 00000000 00714187 00000000 00714186 00000000 0000006a 00000000 00000000 00000000 054f1758 00000000 007141f1 00000000 00000000 00000000 00000000 0000003b 008b3199 00000001 00000001 00000001 00000000 00000000 00000000 00000000 00000000 00000000 00000000 00000000 00000000 00000000 00000000 00000000 00000000 00000000 00000000 00000000 df6590f3 00000001 8fcc791a 00000000 00000000 00000000 00000000 00000000 00000101 00000081 00000000 00000000 00000000 00000000 00000000 00000000 00000000 00003333 00004ccd 00002667 00000001 00000000 01c9c380 0000027c
capture_snapshot GLI1 00010000 30000000 2500000 455 0 30000000 0 0 0 0 0 0 0 8a7d66c4 00000000 8fcf8158 00000000 00718238 00000000 00718238 00000000 0000006a 00000000 00000000 00000000 05521fac 00000000 007182a2 00000000 00000000 00000000 00000000 00000039 008b3199 00000001 00000000 00000001 00000000 00000000 00000000 00000000 00000000 00000000 00000000 00000000 00000000 00000000 00000000 00000000 00000000 00000000 00000000 00000000 df6faca3 00000001 8fcf816e 00000000 00000000 00000000 00000000 00000000 00000100 00000080 00000000 00000000 00000000 00000000 00000000 00000000 00000000 00003333 00004ccd 00002667 00000001 00000000 01c9c380 0000027c
capture_snapshot GLI1 00010000 30000000 2500000 456 0 30000000 0 0 0 0 0 0 0 8a7d66c4 00000000 8fd28824 00000000 0071c2c9 00000000 0071c2c9 00000000 0000006a 00000000 00000000 00000000 05552678 00000000 0071c333 00000000 00000000 00000000 00000000 00000039 008b3199 00000001 00000000 00000001 00000000 00000000 00000000 00000000 00000000 00000000 00000000 00000000 00000000 00000000 00000000 00000000 00000000 00000000 00000000 00000000 df79c335 00000001 8fd2883a 00000000 00000000 00000000 00000000 00000000 00000101 00000080 00000000 00000000 00000000 00000000 00000000 00000000 00000000 00003333 00004ccd 00002667 00000001 00000000 01c9c380 0000027c
capture_snapshot GLI1 00010000 30000000 2500000 457 0 30000000 0 0 0 0 0 0 0 8a7d66c4 00000000 8fd58488 00000000 0072027c 00000000 0072027c 00000000 0000006a 00000000 00000000 00000000 055822dd 00000000 007202e6 00000000 00000000 00000000 00000000 00000039 008b3199 00000001 00000000 00000001 00000000 00000000 00000000 00000000 00000000 00000000 00000000 00000000 00000000 00000000 00000000 00000000 00000000 00000000 00000000 00000000 df83b71f 00000001 8fd5849f 00000000 00000000 00000000 00000000 00000000 00000100 00000081 00000000 00000000 00000000 00000000 00000000 00000000 00000000 00003333 00004ccd 00002667 00000001 00000000 01c9c380 0000027c
capture_snapshot GLI1 00010000 30000000 2500000 458 0 30000000 0 0 0 0 0 0 0 8a7d66c4 00000000 8fd884c4 00000000 00724281 00000000 00724281 00000000 0000006a 00000000 00000000 00000000 055b2316 00000000 007242eb 00000000 00000000 00000000 00000000 00000039 008b3199 00000001 00000000 00000001 00000000 00000000 00000000 00000000 00000000 00000000 00000000 00000000 00000000 00000000 00000000 00000000 00000000 00000000 00000000 00000000 df8db7ca 00000001 8fd884d8 00000000 00000000 00000000 00000000 00000000 00000100 00000080 00000000 00000000 00000000 00000000 00000000 00000000 00000000 00003333 00004ccd 00002667 00000001 00000000 01c9c380 0000027c
capture_snapshot GLI1 00010000 30000000 2500000 459 0 30000000 0 0 0 0 0 0 0 8a7d66c4 00000000 8fdb85f0 00000000 0072829a 00000000 0072829a 00000000 0000006a 00000000 00000000 00000000 055e243d 00000000 00728304 00000000 00000000 00000000 00000000 00000039 008b3199 00000001 00000000 00000001 00000000 00000000 00000000 00000000 00000000 00000000 00000000 00000000 00000000 00000000 00000000 00000000 00000000 00000000 00000000 00000000 df97bb8e 00000001 8fdb85ff 00000000 00000000 00000000 00000000 00000000 00000100 00000080 00000000 00000000 00000000 00000000 00000000 00000000 00000000 00003333 00004ccd 00002667 00000001 00000000 01c9c380 0000027c
capture_snapshot GLI1 00010000 30000000 2500000 460 0 30000000 0 0 0 0 0 0 0 8a7d66c4 00000000 8fde8b3c 00000000 0072c30b 00000000 0072c30b 00000000 0000006a 00000000 00000000 00000000 05612994 00000000 0072c375 00000000 00000000 00000000 00000000 00000039 008b3199 00000001 00000000 00000001 00000000 00000000 00000000 00000000 00000000 00000000 00000000 00000000 00000000 00000000 00000000 00000000 00000000 00000000 00000000 00000000 dfa1cd45 00000001 8fde8b56 00000000 00000000 00000000 00000000 00000000 00000101 00000081 00000000 00000000 00000000 00000000 00000000 00000000 00000000 00003333 00004ccd 00002667 00000001 00000000 01c9c380 0000027c
capture_snapshot GLI1 00010000 30000000 2500000 461 0 30000000 0 0 0 0 0 0 0 8a7d66c4 00000000 8fe18d40 00000000 00730336 00000000 00730336 00000000 0000006a 00000000 00000000 00000000 05642b94 00000000 007303a0 00000000 00000000 00000000 00000000 00000039 008b3199 00000001 00000000 00000001 00000000 00000000 00000000 00000000 00000000 00000000 00000000 00000000 00000000 00000000 00000000 00000000 00000000 00000000 00000000 00000000 dfabd3dc 00000001 8fe18d56 00000000 00000000 00000000 00000000 00000000 00000101 00000081 00000000 00000000 00000000 00000000 00000000 00000000 00000000 00003333 00004ccd 00002667 00000001 00000000 01c9c380 0000027c
capture_snapshot GLI1 00010000 30000000 2500000 462 0 30000000 0 0 0 0 0 0 0 8a7d66c4 00000000 8fe48d1c 00000000 00734333 00000000 00734333 00000000 0000006a 00000000 00000000 00000000 05672b6f 00000000 0073439d 00000000 00000000 00000000 00000000 00000039 008b3199 00000001 00000000 00000001 00000000 00000000 00000000 00000000 00000000 00000000 00000000 00000000 00000000 00000000 00000000 00000000 00000000 00000000 00000000 00000000 dfb5d34d 00000001 8fe48d31 00000000 00000000 00000000 00000000 00000000 00000101 00000081 00000000 00000000 00000000 00000000 00000000 00000000 00000000 00003333 00004ccd 00002667 00000001 00000000 01c9c380 0000027c
capture_snapshot GLI1 00010000 30000000 2500000 463 0 30000000 0 0 0 0 0 0 0 8a7d66c4 00000000 8fe78f74 00000000 00738365 00000000 00738365 00000000 0000006a 00000000 00000000 00000000 056a2dc9 00000000 007383cf 00000000 00000000 00000000 00000000 00000039 008b3199 00000001 00000000 00000001 00000000 00000000 00000000 00000000 00000000 00000000 00000000 00000000 00000000 00000000 00000000 00000000 00000000 00000000 00000000 00000000 dfbfdb11 00000001 8fe78f8b 00000000 00000000 00000000 00000000 00000000 00000101 00000081 00000000 00000000 00000000 00000000 00000000 00000000 00000000 00003333 00004ccd 00002667 00000001 00000000 01c9c380 0000027c
capture_snapshot GLI1 00010000 30000000 2500000 464 0 30000000 0 0 0 0 0 0 0 8a7d66c4 00000000 8fea9028 00000000 0073c374 00000000 0073c374 00000000 0000006a 00000000 00000000 00000000 056d2e78 00000000 0073c3de 00000000 00000000 00000000 00000000 00000039 008b3199 00000001 00000000 00000001 00000000 00000000 00000000 00000000 00000000 00000000 00000000 00000000 00000000 00000000 00000000 00000000 00000000 00000000 00000000 00000000 dfc9dd43 00000001 8fea903a 00000000 00000000 00000000 00000000 00000000 00000100 00000080 00000000 00000000 00000000 00000000 00000000 00000000 00000000 00003333 00004ccd 00002667 00000001 00000000 01c9c380 0000027c
capture_snapshot GLI1 00010000 30000000 2500000 465 0 30000000 0 0 0 0 0 0 0 8a7d66c4 00000000 8fed9a90 00000000 00740452 00000000 00740452 00000000 0000006a 00000000 00000000 00000000 057038df 00000000 007404bc 00000000 00000000 00000000 00000000 00000039 008b3199 00000001 00000000 00000001 00000000 00000000 00000000 00000000 00000000 00000000 00000000 00000000 00000000 00000000 00000000 00000000 00000000 00000000 00000000 00000000 dfd3ffde 00000001 8fed9aa1 00000000 00000000 00000000 00000000 00000000 00000101 00000080 00000000 00000000 00000000 00000000 00000000 00000000 00000000 00003333 00004ccd 00002667 00000001 00000000 01c9c380 0000027c
capture_snapshot GLI1 00010000 30000000 2500000 466 0 30000000 0 0 0 0 0 0 0 8a7d66c4 00000000 8ff0865c 00000000 007442a3 00000000 007442a3 00000000 0000006a 00000000 00000000 00000000 057324ac 00000000 0074430d 00000000 00000000 00000000 00000000 00000039 008b3199 00000001 00000000 00000001 00000000 00000000 00000000 00000000 00000000 00000000 00000000 00000000 00000000 00000000 00000000 00000000 00000000 00000000 00000000 00000000 dfddbc76 00000001 8ff0866e 00000000 00000000 00000000 00000000 00000000 00000101 00000081 00000000 00000000 00000000 00000000 00000000 00000000 00000000 00003333 00004ccd 00002667 00000001 00000000 01c9c380 0000027c
capture_snapshot GLI1 00010000 30000000 2500000 467 0 30000000 0 0 0 0 0 0 0 8a7d66c4 00000000 8ff386bc 00000000 007482ab 00000000 007482ab 00000000 0000006a 00000000 00000000 00000000 05762508 00000000 00748315 00000000 00000000 00000000 00000000 00000039 008b3199 00000001 00000000 00000001 00000000 00000000 00000000 00000000 00000000 00000000 00000000 00000000 00000000 00000000 00000000 00000000 00000000 00000000 00000000 00000000 dfe7bd96 00000001 8ff386ca 00000000 00000000 00000000 00000000 00000000 00000100 00000080 00000000 00000000 00000000 00000000 00000000 00000000 00000000 00003333 00004ccd 00002667 00000001 00000000 01c9c380 0000027c
capture_snapshot GLI1 00010000 30000000 2500000 468 0 30000000 0 0 0 0 0 0 0 8a7d66c4 00000000 8ff68614 00000000 0074c29d 00000000 0074c29d 00000000 0000006a 00000000 00000000 00000000 05792463 00000000 0074c307 00000000 00000000 00000000 00000000 00000039 008b3199 00000001 00000000 00000001 00000000 00000000 00000000 00000000 00000000 00000000 00000000 00000000 00000000 00000000 00000000 00000000 00000000 00000000 00000000 00000000 dff1bb5b 00000001 8ff68625 00000000 00000000 00000000 00000000 00000000 00000101 00000081 00000000 00000000 00000000 00000000 00000000 00000000 00000000 00003333 00004ccd 00002667 00000001 00000000 01c9c380 0000027c
capture_snapshot GLI1 00010000 30000000 2500000 469 0 30000000 0 0 0 0 0 0 0 8a7d66c4 00000000 8ff98704 00000000 007502b1 00000000 007502b1 00000000 0000006a 00000000 00000000 00000000 057c255c 00000000 0075031b 00000000 00000000 00000000 00000000 00000039 008b3199 00000001 00000000 00000001 00000000 00000000 00000000 00000000 00000000 00000000 00000000 00000000 00000000 00000000 00000000 00000000 00000000 00000000 00000000 00000000 dffbbe85 00000001 8ff9871e 00000000 00000000 00000000 00000000 00000000 00000101 00000080 00000000 00000000 00000000 00000000 00000000 00000000 00000000 00003333 00004ccd 00002667 00000001 00000000 01c9c380 0000027c
capture_snapshot GLI1 00010000 30000000 2500000 470 0 30000000 0 0 0 0 0 0 0 8a7d66c4 00000000 8ffc88fc 00000000 007542db 00000000 007542db 00000000 0000006a 00000000 00000000 00000000 057f2754 00000000 00754345 00000000 00000000 00000000 00000000 00000039 008b3199 00000001 00000000 00000001 00000000 00000000 00000000 00000000 00000000 00000000 00000000 00000000 00000000 00000000 00000000 00000000 00000000 00000000 00000000 00000000 e005c501 00000001 8ffc8916 00000000 00000000 00000000 00000000 00000000 00000100 00000080 00000000 00000000 00000000 00000000 00000000 00000000 00000000 00003333 00004ccd 00002667 00000001 00000000 01c9c380 0000027c
capture_snapshot GLI1 00010000 30000000 2500000 471 0 30000000 0 0 0 0 0 0 0 8a7d66c4 00000000 8fff8818 00000000 007582c8 00000000 007582c8 00000000 0000006a 00000000 00000000 00000000 05822666 00000000 00758332 00000000 00000000 00000000 00000000 00000039 008b3199 00000001 00000000 00000001 00000000 00000000 00000000 00000000 00000000 00000000 00000000 00000000 00000000 00000000 00000000 00000000 00000000 00000000 00000000 00000000 e00fc1d5 00000001 8fff8828 00000000 00000000 00000000 00000000 00000000 00000101 00000081 00000000 00000000 00000000 00000000 00000000 00000000 00000000 00003333 00004ccd 00002667 00000001 00000000 01c9c380 0000027c
capture_snapshot GLI1 00010000 30000000 2500000 472 0 30000000 0 0 0 0 0 0 0 8a7d66c4 00000000 9002877c 00000000 0075c2bb 00000000 0075c2bb 00000000 0000006a 00000000 00000000 00000000 058525d2 00000000 0075c325 00000000 00000000 00000000 00000000 00000039 008b3199 00000001 00000000 00000001 00000000 00000000 00000000 00000000 00000000 00000000 00000000 00000000 00000000 00000000 00000000 00000000 00000000 00000000 00000000 00000000 e019bfd5 00000001 90028794 00000000 00000000 00000000 00000000 00000000 00000101 00000081 00000000 00000000 00000000 00000000 00000000 00000000 00000000 00003333 00004ccd 00002667 00000001 00000000 01c9c380 0000027c
capture_snapshot GLI1 00010000 30000000 2500000 473 0 30000000 0 0 0 0 0 0 0 8a7d66c4 00000000 9005841c 00000000 00760273 00000000 00760273 00000000 0000006a 00000000 00000000 00000000 05882269 00000000 007602dd 00000000 00000000 00000000 00000000 00000039 008b3199 00000001 00000000 00000001 00000000 00000000 00000000 00000000 00000000 00000000 00000000 00000000 00000000 00000000 00000000 00000000 00000000 00000000 00000000 00000000 e023b464 00000001 9005842b 00000000 00000000 00000000 00000000 00000000 00000100 00000081 00000000 00000000 00000000 00000000 00000000 00000000 00000000 00003333 00004ccd 00002667 00000001 00000000 01c9c380 0000027c
capture_snapshot GLI1 00010000 30000000 2500000 474 0 30000000 0 0 0 0 0 0 0 8a7d66c4 00000000 90088434 00000000 00764275 00000000 00764275 00000000 0000006a 00000000 00000000 00000000 058b2289 00000000 007642df 00000000 00000000 00000000 00000000 00000039 008b3199 00000001 00000000 00000001 00000000 00000000 00000000 00000000 00000000 00000000 00000000 00000000 00000000 00000000 00000000 00000000 00000000 00000000 00000000 00000000 e02db4bc 00000001 9008844b 00000000 00000000 00000000 00000000 00000000 00000100 00000080 00000000 00000000 00000000 00000000 00000000 00000000 00000000 00003333 00004ccd 00002667 00000001 00000000 01c9c380 0000027c
capture_snapshot GLI1 00010000 30000000 2500000 475 0 30000000 0 0 0 0 0 0 0 8a7d66c4 00000000 900b84a0 00000000 0076827e 00000000 0076827e 00000000 0000006a 00000000 00000000 00000000 058e22f5 00000000 007682e8 00000000 00000000 00000000 00000000 00000039 008b3199 00000001 00000000 00000001 00000000 00000000 00000000 00000000 00000000 00000000 00000000 00000000 00000000 00000000 00000000 00000000 00000000 00000000 00000000 00000000 e037b60d 00000001 900b84b7 00000000 00000000 00000000 00000000 00000000 00000100 00000080 00000000 00000000 00000000 00000000 00000000 00000000 00000000 00003333 00004ccd 00002667 00000001 00000000 01c9c380 0000027c
capture_snapshot GLI1 00010000 30000000 2500000 476 0 30000000 0 0 0 0 0 0 0 8a7d66c4 00000000 900e850c 00000000 0076c287 00000000 0076c286 00000000 0000006a 00000000 00000000 00000000 05912358 00000000 0076c2f1 00000000 00000000 00000000 00000000 0000003b 008b3199 00000001 00000001 00000001 00000000 00000000 00000000 00000000 00000000 00000000 00000000 00000000 00000000 00000000 00000000 00000000 00000000 00000000 00000000 00000000 e041b746 00000001 900e851a 00000000 00000000 00000000 00000000 00000000 00000101 00000080 00000000 00000000 00000000 00000000 00000000 00000000 00000000 00003333 00004ccd 00002667 00000001 00000000 01c9c380 0000027c
capture_snapshot GLI1 00010000 30000000 2500000 477 0 30000000 0 0 0 0 0 0 0 8a7d66c4 00000000 901184dc 00000000 00770283 00000000 00770283 00000000 0000006a 00000000 00000000 00000000 05942330 00000000 007702ed 00000000 00000000 00000000 00000000 00000039 008b3199 00000001 00000000 00000001 00000000 00000000 00000000 00000000 00000000 00000000 00000000 00000000 00000000 00000000 00000000 00000000 00000000 00000000 00000000 00000000 e04bb6ab 00000001 901184f2 00000000 00000000 00000000 00000000 00000000 00000100 00000080 00000000 00000000 00000000 00000000 00000000 00000000 00000000 00003333 00004ccd 00002667 00000001 00000000 01c9c380 0000027c
capture_snapshot GLI1 00010000 30000000 2500000 478 0 30000000 0 0 0 0 0 0 0 8a7d66c4 00000000 90148ad0 00000000 00774302 00000000 00774302 00000000 0000006a 00000000 00000000 00000000 05972924 00000000 0077436c 00000000 00000000 00000000 00000000 00000039 008b3199 00000001 00000000 00000001 00000000 00000000 00000000 00000000 00000000 00000000 00000000 00000000 00000000 00000000 00000000 00000000 00000000 00000000 00000000 00000000 e055ca70 00000001 90148ae6 00000000 00000000 00000000 00000000 00000000 00000101 00000080 00000000 00000000 00000000 00000000 00000000 00000000 00000000 00003333 00004ccd 00002667 00000001 00000000 01c9c380 0000027c
capture_snapshot GLI1 00010000 30000000 2500000 479 0 30000000 0 0 0 0 0 0 0 8a7d66c4 00000000 90178b84 00000000 00778311 00000000 00778311 00000000 0000006a 00000000 00000000 00000000 059a29d6 00000000 0077837b 00000000 00000000 00000000 00000000 00000039 008b3199 00000001 00000000 00000001 00000000 00000000 00000000 00000000 00000000 00000000 00000000 00000000 00000000 00000000 00000000 00000000 00000000 00000000 00000000 00000000 e05fccaf 00000001 90178b98 00000000 00000000 00000000 00000000 00000000 00000101 00000081 00000000 00000000 00000000 00000000 00000000 00000000 00000000 00003333 00004ccd 00002667 00000001 00000000 01c9c380 0000027c
capture_snapshot GLI1 00010000 30000000 2500000 480 0 30000000 0 0 0 0 0 0 0 8a7d66c4 00000000 901a8a58 00000000 0077c2f8 00000000 0077c2f8 00000000 0000006a 00000000 00000000 00000000 059d28aa 00000000 0077c362 00000000 00000000 00000000 00000000 00000039 008b3199 00000001 00000000 00000001 00000000 00000000 00000000 00000000 00000000 00000000 00000000 00000000 00000000 00000000 00000000 00000000 00000000 00000000 00000000 00000000 e069c8b4 00000001 901a8a6c 00000000 00000000 00000000 00000000 00000000 00000100 00000080 00000000 00000000 00000000 00000000 00000000 00000000 00000000 00003333 00004ccd 00002667 00000001 00000000 01c9c380 0000027c
capture_snapshot GLI1 00010000 30000000 2500000 481 0 30000000 0 0 0 0 0 0 0 8a7d66c4 00000000 901d8a34 00000000 007802f5 00000000 007802f5 00000000 0000006a 00000000 00000000 00000000 05a02881 00000000 0078035f 00000000 00000000 00000000 00000000 00000039 008b3199 00000001 00000000 00000001 00000000 00000000 00000000 00000000 00000000 00000000 00000000 00000000 00000000 00000000 00000000 00000000 00000000 00000000 00000000 00000000 e073c817 00000001 901d8a43 00000000 00000000 00000000 00000000 00000000 00000101 00000081 00000000 00000000 00000000 00000000 00000000 00000000 00000000 00003333 00004ccd 00002667 00000001 00000000 01c9c380 0000027c
capture_snapshot GLI1 00010000 30000000 2500000 482 0 30000000 0 0 0 0 0 0 0 8a7d66c4 00000000 90208968 00000000 007842e4 00000000 007842e4 00000000 0000006a 00000000 00000000 00000000 05a327bb 00000000 0078434e 00000000 00000000 00000000 00000000 00000039 008b3199 00000001 00000000 00000001 00000000 00000000 00000000 00000000 00000000 00000000 00000000 00000000 00000000 00000000 00000000 00000000 00000000 00000000 00000000 00000000 e07dc56e 00000001 9020897d 00000000 00000000 00000000 00000000 00000000 00000100 00000080 00000000 00000000 00000000 00000000 00000000 00000000 00000000 00003333 00004ccd 00002667 00000001 00000000 01c9c380 0000027c
capture_snapshot GLI1 00010000 30000000 2500000 483 0 30000000 0 0 0 0 0 0 0 8a7d66c4 00000000 90239928 00000000 00788434 00000000 00788434 00000000 0000006a 00000000 00000000 00000000 05a63778 00000000 0078849e 00000000 00000000 00000000 00000000 00000039 008b3199 00000001 00000000 00000001 00000000 00000000 00000000 00000000 00000000 00000000 00000000 00000000 00000000 00000000 00000000 00000000 00000000 00000000 00000000 00000000 e087f9d2 00000001 9023993a 00000000 00000000 00000000 00000000 00000000 00000101 00000081 00000000 00000000 00000000 00000000 00000000 00000000 00000000 00003333 00004ccd 00002667 00000001 00000000 01c9c380 0000027c
capture_snapshot GLI1 00010000 30000000 2500000 484 0 30000000 0 0 0 0 0 0 0 8a7d66c4 00000000 90269598 00000000 0078c3e8 00000000 0078c3e8 00000000 0000006a 00000000 00000000 00000000 05a933ef 00000000 0078c452 00000000 00000000 00000000 00000000 00000039 008b3199 00000001 00000000 00000001 00000000 00000000 00000000 00000000 00000000 00000000 00000000 00000000 00000000 00000000 00000000 00000000 00000000 00000000 00000000 00000000 e091edf6 00000001 902695b1 00000000 00000000 00000000 00000000 00000000 00000101 00000081 00000000 00000000 00000000 00000000 00000000 00000000 00000000 00003333 00004ccd 00002667 00000001 00000000 01c9c380 0000027c
capture_snapshot GLI1 00010000 30000000 2500000 485 0 30000000 0 0 0 0 0 0 0 8a7d66c4 00000000 9029961c 00000000 007903f3 00000000 007903f3 00000000 0000006a 00000000 00000000 00000000 05ac346b 00000000 0079045d 00000000 00000000 00000000 00000000 00000039 008b3199 00000001 00000000 00000001 00000000 00000000 00000000 00000000 00000000 00000000 00000000 00000000 00000000 00000000 00000000 00000000 00000000 00000000 00000000 00000000 e09bef7e 00000001 9029962d 00000000 00000000 00000000 00000000 00000000 00000100 00000080 00000000 00000000 00000000 00000000 00000000 00000000 00000000 00003333 00004ccd 00002667 00000001 00000000 01c9c380 0000027c
capture_snapshot GLI1 00010000 30000000 2500000 486 0 30000000 0 0 0 0 0 0 0 8a7d66c4 00000000 902c8b00 00000000 00794306 00000000 00794306 00000000 0000006a 00000000 00000000 00000000 05af294e 00000000 00794370 00000000 00000000 00000000 00000000 00000039 008b3199 00000001 00000000 00000001 00000000 00000000 00000000 00000000 00000000 00000000 00000000 00000000 00000000 00000000 00000000 00000000 00000000 00000000 00000000 00000000 e0a5ca61 00000001 902c8b10 00000000 00000000 00000000 00000000 00000000 00000101 00000081 00000000 00000000 00000000 00000000 00000000 00000000 00000000 00003333 00004ccd 00002667 00000001 00000000 01c9c380 0000027c
capture_snapshot GLI1 00010000 30000000 2500000 487 0 30000000 0 0 0 0 0 0 0 8a7d66c4 00000000 902f89b0 00000000 007982ea 00000000 007982ea 00000000 0000006a 00000000 00000000 00000000 05b22805 00000000 00798354 00000000 00000000 00000000 00000000 00000039 008b3199 00000001 00000000 00000001 00000000 00000000 00000000 00000000 00000000 00000000 00000000 00000000 00000000 00000000 00000000 00000000 00000000 00000000 00000000 00000000 e0afc603 00000001 902f89c7 00000000 00000000 00000000 00000000 00000000 00000100 00000080 00000000 00000000 00000000 00000000 00000000 00000000 00000000 00003333 00004ccd 00002667 00000001 00000000 01c9c380 0000027c
capture_snapshot GLI1 00010000 30000000 2500000 488 0 30000000 0 0 0 0 0 0 0 8a7d66c4 00000000 90328e6c 00000000 0079c34f 00000000 0079c34f 00000000 0000006a 00000000 00000000 00000000 05b52cbe 00000000 0079c3b9 00000000 00000000 00000000 00000000 00000039 008b3199 00000001 00000000 00000001 00000000 00000000 00000000 00000000 00000000 00000000 00000000 00000000 00000000 00000000 00000000 00000000 00000000 00000000 00000000 00000000 e0b9d5af 00000001 90328e80 00000000 00000000 00000000 00000000 00000000 00000101 00000081 00000000 00000000 00000000 00000000 00000000 00000000 00000000 00003333 00004ccd 00002667 00000001 00000000 01c9c380 0000027c
capture_snapshot GLI1 00010000 30000000 2500000 489 0 30000000 0 0 0 0 0 0 0 8a7d66c4 00000000 90358d04 00000000 007a0331 00000000 007a0331 00000000 0000006a 00000000 00000000 00000000 05b82b5a 00000000 007a039b 00000000 00000000 00000000 00000000 00000039 008b3199 00000001 00000000 00000001 00000000 00000000 00000000 00000000 00000000 00000000 00000000 00000000 00000000 00000000 00000000 00000000 00000000 00000000 00000000 00000000 e0c3d0fa 00000001 90358d1c 00000000 00000000 00000000 00000000 00000000 00000100 00000080 00000000 00000000 00000000 00000000 00000000 00000000 00000000 00003333 00004ccd 00002667 00000001 00000000 01c9c380 0000027c
capture_snapshot GLI1 00010000 30000000 2500000 490 0 30000000 0 0 0 0 0 0 0 8a7d66c4 00000000 90388ecc 00000000 007a4357 00000000 007a4357 00000000 0000006a 00000000 00000000 00000000 05bb2d1f 00000000 007a43c1 00000000 00000000 00000000 00000000 00000039 008b3199 00000001 00000000 00000001 00000000 00000000 00000000 00000000 00000000 00000000 00000000 00000000 00000000 00000000 00000000 00000000 00000000 00000000 00000000 00000000 e0cdd6cc 00000001 90388ee1 00000000 00000000 00000000 00000000 00000000 00000101 00000080 00000000 00000000 00000000 00000000 00000000 00000000 00000000 00003333 00004ccd 00002667 00000001 00000000 01c9c380 0000027c
capture_snapshot GLI1 00010000 30000000 2500000 491 0 30000000 0 0 0 0 0 0 0 8a7d66c4 00000000 903b8848 00000000 007a82cc 00000000 007a82cc 00000000 0000006a 00000000 00000000 00000000 05be2695 00000000 007a8336 00000000 00000000 00000000 00000000 00000039 008b3199 00000001 00000000 00000001 00000000 00000000 00000000 00000000 00000000 00000000 00000000 00000000 00000000 00000000 00000000 00000000 00000000 00000000 00000000 00000000 e0d7c0ee 00000001 903b8857 00000000 00000000 00000000 00000000 00000000 00000100 00000080 00000000 00000000 00000000 00000000 00000000 00000000 00000000 00003333 00004ccd 00002667 00000001 00000000 01c9c380 0000027c
capture_snapshot GLI1 00010000 30000000 2500000 492 0 30000000 0 0 0 0 0 0 0 8a7d66c4 00000000 903e8a64 00000000 007ac2f9 00000000 007ac2f9 00000000 0000006a 00000000 00000000 00000000 05c128b8 00000000 007ac363 00000000 00000000 00000000 00000000 00000039 008b3199 00000001 00000000 00000001 00000000 00000000 00000000 00000000 00000000 00000000 00000000 00000000 00000000 00000000 00000000 00000000 00000000 00000000 00000000 00000000 e0e1c7f8 00000001 903e8a7a 00000000 00000000 00000000 00000000 00000000 00000101 00000081 00000000 00000000 00000000 00000000 00000000 00000000 00000000 00003333 00004ccd 00002667 00000001 00000000 01c9c380 0000027c
capture_snapshot GLI1 00010000 30000000 2500000 493 0 30000000 0 0 0 0 0 0 0 8a7d66c4 00000000 9041922c 00000000 007b039f 00000000 007b039f 00000000 0000006a 00000000 00000000 00000000 05c43080 00000000 007b0409 00000000 00000000 00000000 00000000 00000039 008b3199 00000001 00000000 00000001 00000000 00000000 00000000 00000000 00000000 00000000 00000000 00000000 00000000 00000000 00000000 00000000 00000000 00000000 00000000 00000000 e0ebe1d5 00000001 90419242 00000000 00000000 00000000 00000000 00000000 00000100 00000080 00000000 00000000 00000000 00000000 00000000 00000000 00000000 00003333 00004ccd 00002667 00000001 00000000 01c9c380 0000027c
capture_snapshot GLI1 00010000 30000000 2500000 494 0 30000000 0 0 0 0 0 0 0 8a7d66c4 00000000 9044a06c 00000000 007b44cf 00000000 007b44cf 00000000 0000006a 00000000 00000000 00000000 05c73ec0 00000000 007b4539 00000000 00000000 00000000 00000000 00000039 008b3199 00000001 00000000 00000001 00000000 00000000 00000000 00000000 00000000 00000000 00000000 00000000 00000000 00000000 00000000 00000000 00000000 00000000 00000000 00000000 e0f61141 00000001 9044a082 00000000 00000000 00000000 00000000 00000000 00000101 00000080 00000000 00000000 00000000 00000000 00000000 00000000 00000000 00003333 00004ccd 00002667 00000001 00000000 01c9c380 0000027c
capture_snapshot GLI1 00010000 30000000 2500000 495 0 30000000 0 0 0 0 0 0 0 8a7d66c4 00000000 90479a0c 00000000 007b8447 00000000 007b8447 00000000 0000006a 00000000 00000000 00000000 05ca385a 00000000 007b84b1 00000000 00000000 00000000 00000000 00000039 008b3199 00000001 00000000 00000001 00000000 00000000 00000000 00000000 00000000 00000000 00000000 00000000 00000000 00000000 00000000 00000000 00000000 00000000 00000000 00000000 e0fffbd9 00000001 90479a1c 00000000 00000000 00000000 00000000 00000000 00000101 00000081 00000000 00000000 00000000 00000000 00000000 00000000 00000000 00003333 00004ccd 00002667 00000001 00000000 01c9c380 0000027c
capture_snapshot GLI1 00010000 30000000 2500000 496 0 30000000 0 0 0 0 0 0 0 8a7d66c4 00000000 904a88c0 00000000 007bc2d6 00000000 007bc2d6 00000000 0000006a 00000000 00000000 00000000 05cd2715 00000000 007bc340 00000000 00000000 00000000 00000000 00000039 008b3199 00000001 00000000 00000001 00000000 00000000 00000000 00000000 00000000 00000000 00000000 00000000 00000000 00000000 00000000 00000000 00000000 00000000 00000000 00000000 e109c234 00000001 904a88d7 00000000 00000000 00000000 00000000 00000000 00000101 00000080 00000000 00000000 00000000 00000000 00000000 00000000 00000000 00003333 00004ccd 00002667 00000001 00000000 01c9c380 0000027c
capture_snapshot GLI1 00010000 30000000 2500000 497 0 30000000 0 0 0 0 0 0 0 8a7d66c4 00000000 904d8a7c 00000000 007c02fb 00000000 007c02fb 00000000 0000006a 00000000 00000000 00000000 05d028d0 00000000 007c0365 00000000 00000000 00000000 00000000 00000039 008b3199 00000001 00000000 00000001 00000000 00000000 00000000 00000000 00000000 00000000 00000000 00000000 00000000 00000000 00000000 00000000 00000000 00000000 00000000 00000000 e113c7e7 00000001 904d8a92 00000000 00000000 00000000 00000000 00000000 00000101 00000080 00000000 00000000 00000000 00000000 00000000 00000000 00000000 00003333 00004ccd 00002667 00000001 00000000 01c9c380 0000027c
capture_snapshot GLI1 00010000 30000000 2500000 498 0 30000000 0 0 0 0 0 0 0 8a7d66c4 00000000 90508cb0 00000000 007c432a 00000000 007c432a 00000000 0000006a 00000000 00000000 00000000 05d32b07 00000000 007c4394 00000000 00000000 00000000 00000000 00000039 008b3199 00000001 00000000 00000001 00000000 00000000 00000000 00000000 00000000 00000000 00000000 00000000 00000000 00000000 00000000 00000000 00000000 00000000 00000000 00000000 e11dcf35 00000001 90508cc9 00000000 00000000 00000000 00000000 00000000 00000101 00000081 00000000 00000000 00000000 00000000 00000000 00000000 00000000 00003333 00004ccd 00002667 00000001 00000000 01c9c380 0000027c
capture_snapshot GLI1 00010000 30000000 2500000 499 0 30000000 0 0 0 0 0 0 0 8a7d66c4 00000000 90538ca4 00000000 007c8329 00000000 007c8329 00000000 0000006a 00000000 00000000 00000000 05d62af8 00000000 007c8393 00000000 00000000 00000000 00000000 00000039 008b3199 00000001 00000000 00000001 00000000 00000000 00000000 00000000 00000000 00000000 00000000 00000000 00000000 00000000 00000000 00000000 00000000 00000000 00000000 00000000 e127cef0 00000001 90538cba 00000000 00000000 00000000 00000000 00000000 00000100 00000080 00000000 00000000 00000000 00000000 00000000 00000000 00000000 00003333 00004ccd 00002667 00000001 00000000 01c9c380 0000027c
capture_snapshot GLI1 00010000 30000000 2500000 500 0 30000000 0 0 0 0 0 0 0 8a7d66c4 00000000 90568ae8 00000000 007cc304 00000000 007cc304 00000000 0000006a 00000000 00000000 00000000 05d9293d 00000000 007cc36e 00000000 00000000 00000000 00000000 00000039 008b3199 00000001 00000000 00000001 00000000 00000000 00000000 00000000 00000000 00000000 00000000 00000000 00000000 00000000 00000000 00000000 00000000 00000000 00000000 00000000 e131c919 00000001 90568aff 00000000 00000000 00000000 00000000 00000000 00000100 00000080 00000000 00000000 00000000 00000000 00000000 00000000 00000000 00003333 00004ccd 00002667 00000001 00000000 01c9c380 0000027c
capture_snapshot GLI1 00010000 30000000 2500000 501 0 30000000 0 0 0 0 0 0 0 8a7d66c4 00000000 905989a4 00000000 007d02e9 00000000 007d02e9 00000000 0000006a 00000000 00000000 00000000 05dc27f9 00000000 007d0353 00000000 00000000 00000000 00000000 00000039 008b3199 00000001 00000000 00000001 00000000 00000000 00000000 00000000 00000000 00000000 00000000 00000000 00000000 00000000 00000000 00000000 00000000 00000000 00000000 00000000 e13bc4ca 00000001 905989bb 00000000 00000000 00000000 00000000 00000000 00000100 00000080 00000000 00000000 00000000 00000000 00000000 00000000 00000000 00003333 00004ccd 00002667 00000001 00000000 01c9c380 0000027c
capture_snapshot GLI1 00010000 30000000 2500000 502 0 30000000 0 0 0 0 0 0 0 8a7d66c4 00000000 905c8ae8 00000000 007d4304 00000000 007d4304 00000000 0000006a 00000000 00000000 00000000 05df2939 00000000 007d436e 00000000 00000000 00000000 00000000 00000039 008b3199 00000001 00000000 00000001 00000000 00000000 00000000 00000000 00000000 00000000 00000000 00000000 00000000 00000000 00000000 00000000 00000000 00000000 00000000 00000000 e145c8e4 00000001 905c8afb 00000000 00000000 00000000 00000000 00000000 00000100 00000080 00000000 00000000 00000000 00000000 00000000 00000000 00000000 00003333 00004ccd 00002667 00000001 00000000 01c9c380 0000027c
capture_snapshot GLI1 00010000 30000000 2500000 503 0 30000000 0 0 0 0 0 0 0 8a7d66c4 00000000 905f9604 00000000 007d83f1 00000000 007d83f1 00000000 0000006a 00000000 00000000 00000000 05e2345c 00000000 007d845b 00000000 00000000 00000000 00000000 00000039 008b3199 00000001 00000000 00000001 00000000 00000000 00000000 00000000 00000000 00000000 00000000 00000000 00000000 00000000 00000000 00000000 00000000 00000000 00000000 00000000 e14feded 00000001 905f961e 00000000 00000000 00000000 00000000 00000000 00000100 00000080 00000000 00000000 00000000 00000000 00000000 00000000 00000000 00003333 00004ccd 00002667 00000001 00000000 01c9c380 0000027c
capture_snapshot GLI1 00010000 30000000 2500000 504 0 30000000 0 0 0 0 0 0 0 8a7d66c4 00000000 906295c8 00000000 007dc3ec 00000000 007dc3ec 00000000 0000006a 00000000 00000000 00000000 05e53417 00000000 007dc456 00000000 00000000 00000000 00000000 00000039 008b3199 00000001 00000000 00000001 00000000 00000000 00000000 00000000 00000000 00000000 00000000 00000000 00000000 00000000 00000000 00000000 00000000 00000000 00000000 00000000 e159ecf4 00000001 906295d9 00000000 00000000 00000000 00000000 00000000 00000101 00000080 00000000 00000000 00000000 00000000 00000000 00000000 00000000 00003333 00004ccd 00002667 00000001 00000000 01c9c380 0000027c
capture_snapshot GLI1 00010000 30000000 2500000 505 0 30000000 0 0 0 0 0 0 0 8a7d66c4 00000000 90659280 00000000 007e03a6 00000000 007e03a6 00000000 0000006a 00000000 00000000 00000000 05e830d7 00000000 007e0410 00000000 00000000 00000000 00000000 00000039 008b3199 00000001 00000000 00000001 00000000 00000000 00000000 00000000 00000000 00000000 00000000 00000000 00000000 00000000 00000000 00000000 00000000 00000000 00000000 00000000 e163e20c 00000001 90659299 00000000 00000000 00000000 00000000 00000000 00000101 00000081 00000000 00000000 00000000 00000000 00000000 00000000 00000000 00003333 00004ccd 00002667 00000001 00000000 01c9c380 0000027c
capture_snapshot GLI1 00010000 30000000 2500000 506 0 30000000 0 0 0 0 0 0 0 8a7d66c4 00000000 90688a28 00000000 007e42f4 00000000 007e42f4 00000000 0000006a 00000000 00000000 00000000 05eb287c 00000000 007e435e 00000000 00000000 00000000 00000000 00000039 008b3199 00000001 00000000 00000001 00000000 00000000 00000000 00000000 00000000 00000000 00000000 00000000 00000000 00000000 00000000 00000000 00000000 00000000 00000000 00000000 e16dc61e 00000001 90688a3e 00000000 00000000 00000000 00000000 00000000 00000101 00000080 00000000 00000000 00000000 00000000 00000000 00000000 00000000 00003333 00004ccd 00002667 00000001 00000000 01c9c380 0000027c
capture_snapshot GLI1 00010000 30000000 2500000 507 0 30000000 0 0 0 0 0 0 0 8a7d66c4 00000000 906b8ea8 00000000 007e8354 00000000 007e8354 00000000 0000006a 00000000 00000000 00000000 05ee2cfc 00000000 007e83be 00000000 00000000 00000000 00000000 00000039 008b3199 00000001 00000000 00000001 00000000 00000000 00000000 00000000 00000000 00000000 00000000 00000000 00000000 00000000 00000000 00000000 00000000 00000000 00000000 00000000 e177d50b 00000001 906b8ebe 00000000 00000000 00000000 00000000 00000000 00000101 00000081 00000000 00000000 00000000 00000000 00000000 00000000 00000000 00003333 00004ccd 00002667 00000001 00000000 01c9c380 0000027c
capture_snapshot GLI1 00010000 30000000 2500000 508 0 30000000 0 0 0 0 0 0 0 8a7d66c4 00000000 906e8b3c 00000000 007ec30b 00000000 007ec30b 00000000 0000006a 00000000 00000000 00000000 05f12989 00000000 007ec375 00000000 00000000 00000000 00000000 00000039 008b3199 00000001 00000000 00000001 00000000 00000000 00000000 00000000 00000000 00000000 00000000 00000000 00000000 00000000 00000000 00000000 00000000 00000000 00000000 00000000 e181c978 00000001 906e8b4b 00000000 00000000 00000000 00000000 00000000 00000101 00000081 00000000 00000000 00000000 00000000 00000000 00000000 00000000 00003333 00004ccd 00002667 00000001 00000000 01c9c380 0000027c
capture_snapshot GLI1 00010000 30000000 2500000 509 0 30000000 0 0 0 0 0 0 0 8a7d66c4 00000000 90718cb0 00000000 007f032a 00000000 007f032a 00000000 0000006a 00000000 00000000 00000000 05f42afd 00000000 007f0394 00000000 00000000 00000000 00000000 00000039 008b3199 00000001 00000000 00000001 00000000 00000000 00000000 00000000 00000000 00000000 00000000 00000000 00000000 00000000 00000000 00000000 00000000 00000000 00000000 00000000 e18bce3b 00000001 90718cbf 00000000 00000000 00000000 00000000 00000000 00000100 00000080 00000000 00000000 00000000 00000000 00000000 00000000 00000000 00003333 00004ccd 00002667 00000001 00000000 01c9c380 0000027c
capture_snapshot GLI1 00010000 30000000 2500000 510 0 30000000 0 0 0 0 0 0 0 8a7d66c4 00000000 907489a4 00000000 007f42e9 00000000 007f42e9 00000000 0000006a 00000000 00000000 00000000 05f727f6 00000000 007f4353 00000000 00000000 00000000 00000000 00000039 008b3199 00000001 00000000 00000001 00000000 00000000 00000000 00000000 00000000 00000000 00000000 00000000 00000000 00000000 00000000 00000000 00000000 00000000 00000000 00000000 e195c411 00000001 907489b8 00000000 00000000 00000000 00000000 00000000 00000101 00000080 00000000 00000000 00000000 00000000 00000000 00000000 00000000 00003333 00004ccd 00002667 00000001 00000000 01c9c380 0000027c
capture_snapshot GLI1 00010000 30000000 2500000 511 0 30000000 0 0 0 0 0 0 0 8a7d66c4 00000000 907789bc 00000000 007f82eb 00000000 007f82eb 00000000 0000006a 00000000 00000000 00000000 05fa280f 00000000 007f8355 00000000 00000000 00000000 00000000 00000039 008b3199 00000001 00000000 00000001 00000000 00000000 00000000 00000000 00000000 00000000 00000000 00000000 00000000 00000000 00000000 00000000 00000000 00000000 00000000 00000000 e19fc452 00000001 907789d1 00000000 00000000 00000000 00000000 00000000 00000101 00000081 00000000 00000000 00000000 00000000 00000000 00000000 00000000 00003333 00004ccd 00002667 00000001 00000000 01c9c380 0000027c
capture_snapshot GLI1 00010000 30000000 2500000 512 0 30000000 0 0 0 0 0 0 0 8a7d66c4 00000000 907a9280 00000000 007fc3a6 00000000 007fc3a6 00000000 0000006a 00000000 00000000 00000000 05fd30cd 00000000 007fc410 00000000 00000000 00000000 00000000 00000039 008b3199 00000001 00000000 00000001 00000000 00000000 00000000 00000000 00000000 00000000 00000000 00000000 00000000 00000000 00000000 00000000 00000000 00000000 00000000 00000000 e1a9e162 00000001 907a928f 00000000 00000000 00000000 00000000 00000000 00000101 00000081 00000000 00000000 00000000 00000000 00000000 00000000 00000000 00003333 00004ccd 00002667 00000001 00000000 01c9c380 0000027c
capture_snapshot GLI1 00010000 30000000 2500000 513 0 30000000 0 0 0 0 0 0 0 8a7d66c4 00000000 907d95d4 00000000 008003ed 00000000 008003ed 00000000 0000006a 00000000 00000000 00000000 06003429 00000000 00800457 00000000 00000000 00000000 00000000 00000039 008b3199 00000001 00000000 00000001 00000000 00000000 00000000 00000000 00000000 00000000 00000000 00000000 00000000 00000000 00000000 00000000 00000000 00000000 00000000 00000000 e1b3ec82 00000001 907d95eb 00000000 00000000 00000000 00000000 00000000 00000101 00000081 00000000 00000000 00000000 00000000 00000000 00000000 00000000 00003333 00004ccd 00002667 00000001 00000000 01c9c380 0000027c
capture_snapshot GLI1 00010000 30000000 2500000 514 0 30000000 0 0 0 0 0 0 0 8a7d66c4 00000000 908098d4 00000000 0080442d 00000000 0080442d 00000000 0000006a 00000000 00000000 00000000 06033722 00000000 00804497 00000000 00000000 00000000 00000000 00000039 008b3199 00000001 00000000 00000001 00000000 00000000 00000000 00000000 00000000 00000000 00000000 00000000 00000000 00000000 00000000 00000000 00000000 00000000 00000000 00000000 e1bdf657 00000001 908098e4 00000000 00000000 00000000 00000000 00000000 00000101 00000081 00000000 00000000 00000000 00000000 00000000 00000000 00000000 00003333 00004ccd 00002667 00000001 00000000 01c9c380 0000027c
capture_snapshot GLI1 00010000 30000000 2500000 515 0 30000000 0 0 0 0 0 0 0 8a7d66c4 00000000 908388cc 00000000 008082d7 00000000 008082d7 00000000 0000006a 00000000 00000000 00000000 06062720 00000000 00808341 00000000 00000000 00000000 00000000 00000039 008b3199 00000001 00000000 00000001 00000000 00000000 00000000 00000000 00000000 00000000 00000000 00000000 00000000 00000000 00000000 00000000 00000000 00000000 00000000 00000000 e1c7c0e8 00000001 908388e2 00000000 00000000 00000000 00000000 00000000 00000101 00000080 00000000 00000000 00000000 00000000 00000000 00000000 00000000 00003333 00004ccd 00002667 00000001 00000000 01c9c380 0000027c
capture_snapshot GLI1 00010000 30000000 2500000 516 0 30000000 0 0 0 0 0 0 0 8a7d66c4 00000000 908689e0 00000000 0080c2ee 00000000 0080c2ee 00000000 0000006a 00000000 00000000 00000000 06092837 00000000 0080c358 00000000 00000000 00000000 00000000 00000039 008b3199 00000001 00000000 00000001 00000000 00000000 00000000 00000000 00000000 00000000 00000000 00000000 00000000 00000000 00000000 00000000 00000000 00000000 00000000 00000000 e1d1c476 00000001 908689f9 00000000 00000000 00000000 00000000 00000000 00000101 00000081 00000000 00000000 00000000 00000000 00000000 00000000 00000000 00003333 00004ccd 00002667 00000001 00000000 01c9c380 0000027c
capture_snapshot GLI1 00010000 30000000 2500000 517 0 30000000 0 0 0 0 0 0 0 8a7d66c4 00000000 90898b30 00000000 0081030a 00000000 0081030a 00000000 0000006a 00000000 00000000 00000000 060c297f 00000000 00810374 00000000 00000000 00000000 00000000 00000039 008b3199 00000001 00000000 00000001 00000000 00000000 00000000 00000000 00000000 00000000 00000000 00000000 00000000 00000000 00000000 00000000 00000000 00000000 00000000 00000000 e1dbc8a8 00000001 90898b41 00000000 00000000 00000000 00000000 00000000 00000101 00000080 00000000 00000000 00000000 00000000 00000000 00000000 00000000 00003333 00004ccd 00002667 00000001 00000000 01c9c380 0000027c
capture_snapshot GLI1 00010000 30000000 2500000 518 0 30000000 0 0 0 0 0 0 0 8a7d66c4 00000000 908c8d10 00000000 00814332 00000000 00814332 00000000 0000006a 00000000 00000000 00000000 060f2b61 00000000 0081439c 00000000 00000000 00000000 00000000 00000039 008b3199 00000001 00000000 00000001 00000000 00000000 00000000 00000000 00000000 00000000 00000000 00000000 00000000 00000000 00000000 00000000 00000000 00000000 00000000 00000000 e1e5cedb 00000001 908c8d23 00000000 00000000 00000000 00000000 00000000 00000101 00000081 00000000 00000000 00000000 00000000 00000000 00000000 00000000 00003333 00004ccd 00002667 00000001 00000000 01c9c380 0000027c
capture_snapshot GLI1 00010000 30000000 2500000 519 0 30000000 0 0 0 0 0 0 0 8a7d66c4 00000000 908f8a88 00000000 008182fc 00000000 008182fc 00000000 0000006a 00000000 00000000 00000000 061228d7 00000000 00818366 00000000 00000000 00000000 00000000 00000039 008b3199 00000001 00000000 00000001 00000000 00000000 00000000 00000000 00000000 00000000 00000000 00000000 00000000 00000000 00000000 00000000 00000000 00000000 00000000 00000000 e1efc650 00000001 908f8a99 00000000 00000000 00000000 00000000 00000000 00000101 00000081 00000000 00000000 00000000 00000000 00000000 00000000 00000000 00003333 00004ccd 00002667 00000001 00000000 01c9c380 0000027c
capture_snapshot GLI1 00010000 30000000 2500000 520 0 30000000 0 0 0 0 0 0 0 8a7d66c4 00000000 90928848 00000000 0081c2cc 00000000 0081c2cc 00000000 0000006a 00000000 00000000 00000000 06152697 00000000 0081c336 00000000 00000000 00000000 00000000 00000039 008b3199 00000001 00000000 00000001 00000000 00000000 00000000 00000000 00000000 00000000 00000000 00000000 00000000 00000000 00000000 00000000 00000000 00000000 00000000 00000000 e1f9bebd 00000001 90928859 00000000 00000000 00000000 00000000 00000000 00000101 00000081 00000000 00000000 00000000 00000000 00000000 00000000 00000000 00003333 00004ccd 00002667 00000001 00000000 01c9c380 0000027c
capture_snapshot GLI1 00010000 30000000 2500000 521 0 30000000 0 0 0 0 0 0 0 8a7d66c4 00000000 90958938 00000000 008202e0 00000000 008202e0 00000000 0000006a 00000000 00000000 00000000 06182789 00000000 0082034a 00000000 00000000 00000000 00000000 00000039 008b3199 00000001 00000000 00000001 00000000 00000000 00000000 00000000 00000000 00000000 00000000 00000000 00000000 00000000 00000000 00000000 00000000 00000000 00000000 00000000 e203c1d1 00000001 9095894b 00000000 00000000 00000000 00000000 00000000 00000100 00000081 00000000 00000000 00000000 00000000 00000000 00000000 00000000 00003333 00004ccd 00002667 00000001 00000000 01c9c380 0000027c
capture_snapshot GLI1 00010000 30000000 2500000 522 0 30000000 0 0 0 0 0 0 0 8a7d66c4 00000000 90989298 00000000 008243a8 00000000 008243a8 00000000 0000006a 00000000 00000000 00000000 061b30e4 00000000 00824412 00000000 00000000 00000000 00000000 00000039 008b3199 00000001 00000000 00000001 00000000 00000000 00000000 00000000 00000000 00000000 00000000 00000000 00000000 00000000 00000000 00000000 00000000 00000000 00000000 00000000 e20de0ed 00000001 909892a6 00000000 00000000 00000000 00000000 00000000 00000100 00000080 00000000 00000000 00000000 00000000 00000000 00000000 00000000 00003333 00004ccd 00002667 00000001 00000000 01c9c380 0000027c
capture_snapshot GLI1 00010000 30000000 2500000 523 0 30000000 0 0 0 0 0 0 0 8a7d66c4 00000000 909b9c70 00000000 0082847a 00000000 0082847a 00000000 0000006a 00000000 00000000 00000000 061e3ac4 00000000 008284e4 00000000 00000000 00000000 00000000 00000039 008b3199 00000001 00000000 00000001 00000000 00000000 00000000 00000000 00000000 00000000 00000000 00000000 00000000 00000000 00000000 00000000 00000000 00000000 00000000 00000000 e21801c3 00000001 909b9c86 00000000 00000000 00000000 00000000 00000000 00000101 00000081 00000000 00000000 00000000 00000000 00000000 00000000 00000000 00003333 00004ccd 00002667 00000001 00000000 01c9c380 0000027c
capture_snapshot GLI1 00010000 30000000 2500000 524 0 30000000 0 0 0 0 0 0 0 8a7d66c4 00000000 909e946c 00000000 0082c3cf 00000000 0082c3cf 00000000 0000006a 00000000 00000000 00000000 062132c0 00000000 0082c439 00000000 00000000 00000000 00000000 00000039 008b3199 00000001 00000000 00000001 00000000 00000000 00000000 00000000 00000000 00000000 00000000 00000000 00000000 00000000 00000000 00000000 00000000 00000000 00000000 00000000 e221e6f6 00000001 909e9482 00000000 00000000 00000000 00000000 00000000 00000100 00000080 00000000 00000000 00000000 00000000 00000000 00000000 00000000 00003333 00004ccd 00002667 00000001 00000000 01c9c380 0000027c
capture_snapshot GLI1 00010000 30000000 2500000 525 0 30000000 0 0 0 0 0 0 0 8a7d66c4 00000000 90a189c8 00000000 008302ec 00000000 008302ec 00000000 0000006a 00000000 00000000 00000000 06242816 00000000 00830356 00000000 00000000 00000000 00000000 00000039 008b3199 00000001 00000000 00000001 00000000 00000000 00000000 00000000 00000000 00000000 00000000 00000000 00000000 00000000 00000000 00000000 00000000 00000000 00000000 00000000 e22bc359 00000001 90a189d8 00000000 00000000 00000000 00000000 00000000 00000100 00000080 00000000 00000000 00000000 00000000 00000000 00000000 00000000 00003333 00004ccd 00002667 00000001 00000000 01c9c380 0000027c
capture_snapshot GLI1 00010000 30000000 2500000 526 0 30000000 0 0 0 0 0 0 0 8a7d66c4 00000000 90a48e3c 00000000 0083434b 00000000 0083434b 00000000 0000006a 00000000 00000000 00000000 06272c91 00000000 008343b5 00000000 00000000 00000000 00000000 00000039 008b3199 00000001 00000000 00000001 00000000 00000000 00000000 00000000 00000000 00000000 00000000 00000000 00000000 00000000 00000000 00000000 00000000 00000000 00000000 00000000 e235d234 00000001 90a48e53 00000000 00000000 00000000 00000000 00000000 00000101 00000081 00000000 00000000 00000000 00000000 00000000 00000000 00000000 00003333 00004ccd 00002667 00000001 00000000 01c9c380 0000027c
capture_snapshot GLI1 00010000 30000000 2500000 527 0 30000000 0 0 0 0 0 0 0 8a7d66c4 00000000 90a78ce0 00000000 0083832e 00000000 0083832e 00000000 0000006a 00000000 00000000 00000000 062a2b34 00000000 00838398 00000000 00000000 00000000 00000000 00000039 008b3199 00000001 00000000 00000001 00000000 00000000 00000000 00000000 00000000 00000000 00000000 00000000 00000000 00000000 00000000 00000000 00000000 00000000 00000000 00000000 e23fcd95 00000001 90a78cf6 00000000 00000000 00000000 00000000 00000000 00000101 00000081 00000000 00000000 00000000 00000000 00000000 00000000 00000000 00003333 00004ccd 00002667 00000001 00000000 01c9c380 0000027c
capture_snapshot GLI1 00010000 30000000 2500000 528 0 30000000 0 0 0 0 0 0 0 8a7d66c4 00000000 90aa8e00 00000000 0083c346 00000000 0083c346 00000000 0000006a 00000000 00000000 00000000 062d2c4e 00000000 0083c3b0 00000000 00000000 00000000 00000000 00000039 008b3199 00000001 00000000 00000001 00000000 00000000 00000000 00000000 00000000 00000000 00000000 00000000 00000000 00000000 00000000 00000000 00000000 00000000 00000000 00000000 e249d12f 00000001 90aa8e10 00000000 00000000 00000000 00000000 00000000 00000100 00000080 00000000 00000000 00000000 00000000 00000000 00000000 00000000 00003333 00004ccd 00002667 00000001 00000000 01c9c380 0000027c
capture_snapshot GLI1 00010000 30000000 2500000 529 0 30000000 0 0 0 0 0 0 0 8a7d66c4 00000000 90ad8a1c 00000000 008402f3 00000000 008402f3 00000000 0000006a 00000000 00000000 00000000 0630286b 00000000 0084035d 00000000 00000000 00000000 00000000 00000039 008b3199 00000001 00000000 00000001 00000000 00000000 00000000 00000000 00000000 00000000 00000000 00000000 00000000 00000000 00000000 00000000 00000000 00000000 00000000 00000000 e253c426 00000001 90ad8a2d 00000000 00000000 00000000 00000000 00000000 00000101 00000080 00000000 00000000 00000000 00000000 00000000 00000000 00000000 00003333 00004ccd 00002667 00000001 00000000 01c9c380 0000027c
capture_snapshot GLI1 00010000 30000000 2500000 530 0 30000000 0 0 0 0 0 0 0 8a7d66c4 00000000 90b089bc 00000000 008442eb 00000000 008442eb 00000000 0000006a 00000000 00000000 00000000 0633280f 00000000 00844355 00000000 00000000 00000000 00000000 00000039 008b3199 00000001 00000000 00000001 00000000 00000000 00000000 00000000 00000000 00000000 00000000 00000000 00000000 00000000 00000000 00000000 00000000 00000000 00000000 00000000 e25dc2df 00000001 90b089d1 00000000 00000000 00000000 00000000 00000000 00000101 00000081 00000000 00000000 00000000 00000000 00000000 00000000 00000000 00003333 00004ccd 00002667 00000001 00000000 01c9c380 0000027c
capture_snapshot GLI1 00010000 30000000 2500000 531 0 30000000 0 0 0 0 0 0 0 8a7d66c4 00000000 90b38ef0 00000000 0084835a 00000000 0084835a 00000000 0000006a 00000000 00000000 00000000 06362d41 00000000 008483c4 00000000 00000000 00000000 00000000 00000039 008b3199 00000001 00000000 00000001 00000000 00000000 00000000 00000000 00000000 00000000 00000000 00000000 00000000 00000000 00000000 00000000 00000000 00000000 00000000 00000000 e267d41e 00000001 90b38f03 00000000 00000000 00000000 00000000 00000000 00000100 00000081 00000000 00000000 00000000 00000000 00000000 00000000 00000000 00003333 00004ccd 00002667 00000001 00000000 01c9c380 0000027c
capture_snapshot GLI1 00010000 30000000 2500000 532 0 30000000 0 0 0 0 0 0 0 8a7d66c4 00000000 90b691a8 00000000 0084c394 00000000 0084c394 00000000 0000006a 00000000 00000000 00000000 06392ffa 00000000 0084c3fe 00000000 00000000 00000000 00000000 00000039 008b3199 00000001 00000000 00000001 00000000 00000000 00000000 00000000 00000000 00000000 00000000 00000000 00000000 00000000 00000000 00000000 00000000 00000000 00000000 00000000 e271dd1e 00000001 90b691bc 00000000 00000000 00000000 00000000 00000000 00000100 00000080 00000000 00000000 00000000 00000000 00000000 00000000 00000000 00003333 00004ccd 00002667 00000001 00000000 01c9c380 0000027c
capture_snapshot GLI1 00010000 30000000 2500000 533 0 30000000 0 0 0 0 0 0 0 8a7d66c4 00000000 90b996f4 00000000 00850405 00000000 00850405 00000000 0000006a 00000000 00000000 00000000 063c3544 00000000 0085046f 00000000 00000000 00000000 00000000 00000039 008b3199 00000001 00000000 00000001 00000000 00000000 00000000 00000000 00000000 00000000 00000000 00000000 00000000 00000000 00000000 00000000 00000000 00000000 00000000 00000000 e27beeab 00000001 90b99706 00000000 00000000 00000000 00000000 00000000 00000101 00000080 00000000 00000000 00000000 00000000 00000000 00000000 00000000 00003333 00004ccd 00002667 00000001 00000000 01c9c380 0000027c
capture_snapshot GLI1 00010000 30000000 2500000 534 0 30000000 0 0 0 0 0 0 0 8a7d66c4 00000000 90bc9184 00000000 00854391 00000000 00854391 00000000 0000006a 00000000 00000000 00000000 063f2fdb 00000000 008543fb 00000000 00000000 00000000 00000000 00000039 008b3199 00000001 00000000 00000001 00000000 00000000 00000000 00000000 00000000 00000000 00000000 00000000 00000000 00000000 00000000 00000000 00000000 00000000 00000000 00000000 e285dc8e 00000001 90bc919d 00000000 00000000 00000000 00000000 00000000 00000101 00000081 00000000 00000000 00000000 00000000 00000000 00000000 00000000 00003333 00004ccd 00002667 00000001 00000000 01c9c380 0000027c
capture_snapshot GLI1 00010000 30000000 2500000 535 0 30000000 0 0 0 0 0 0 0 8a7d66c4 00000000 90bf8bfc 00000000 0085831b 00000000 0085831b 00000000 0000006a 00000000 00000000 00000000 06422a4c 00000000 00858385 00000000 00000000 00000000 00000000 00000039 008b3199 00000001 00000000 00000001 00000000 00000000 00000000 00000000 00000000 00000000 00000000 00000000 00000000 00000000 00000000 00000000 00000000 00000000 00000000 00000000 e28fc9f2 00000001 90bf8c0e 00000000 00000000 00000000 00000000 00000000 00000100 00000080 00000000 00000000 00000000 00000000 00000000 00000000 00000000 00003333 00004ccd 00002667 00000001 00000000 01c9c380 0000027c
capture_snapshot GLI1 00010000 30000000 2500000 536 0 30000000 0 0 0 0 0 0 0 8a7d66c4 00000000 90c28ddc 00000000 0085c343 00000000 0085c343 00000000 0000006a 00000000 00000000 00000000 06452c2d 00000000 0085c3ad 00000000 00000000 00000000 00000000 00000039 008b3199 00000001 00000000 00000001 00000000 00000000 00000000 00000000 00000000 00000000 00000000 00000000 00000000 00000000 00000000 00000000 00000000 00000000 00000000 00000000 e299d022 00000001 90c28def 00000000 00000000 00000000 00000000 00000000 00000100 00000080 00000000 00000000 00000000 00000000 00000000 00000000 00000000 00003333 00004ccd 00002667 00000001 00000000 01c9c380 0000027c
capture_snapshot GLI1 00010000 30000000 2500000 537 0 30000000 0 0 0 0 0 0 0 8a7d66c4 00000000 90c58be4 00000000 00860319 00000000 00860319 00000000 0000006a 00000000 00000000 00000000 06482a31 00000000 00860383 00000000 00000000 00000000 00000000 00000039 008b3199 00000001 00000000 00000001 00000000 00000000 00000000 00000000 00000000 00000000 00000000 00000000 00000000 00000000 00000000 00000000 00000000 00000000 00000000 00000000 e2a3c972 00000001 90c58bf3 00000000 00000000 00000000 00000000 00000000 00000101 00000080 00000000 00000000 00000000 00000000 00000000 00000000 00000000 00003333 00004ccd 00002667 00000001 00000000 01c9c380 0000027c
capture_snapshot GLI1 00010000 30000000 2500000 538 0 30000000 0 0 0 0 0 0 0 8a7d66c4 00000000 90c888c0 00000000 008642d6 00000000 008642d6 00000000 0000006a 00000000 00000000 00000000 064b2710 00000000 00864340 00000000 00000000 00000000 00000000 00000039 008b3199 00000001 00000000 00000001 00000000 00000000 00000000 00000000 00000000 00000000 00000000 00000000 00000000 00000000 00000000 00000000 00000000 00000000 00000000 00000000 e2adbef0 00000001 90c888d2 00000000 00000000 00000000 00000000 00000000 00000100 00000080 00000000 00000000 00000000 00000000 00000000 00000000 00000000 00003333 00004ccd 00002667 00000001 00000000 01c9c380 0000027c
capture_snapshot GLI1 00010000 30000000 2500000 539 0 30000000 0 0 0 0 0 0 0 8a7d66c4 00000000 90cb88fc 00000000 008682db 00000000 008682db 00000000 0000006a 00000000 00000000 00000000 064e274f 00000000 00868345 00000000 00000000 00000000 00000000 00000039 008b3199 00000001 00000000 00000001 00000000 00000000 00000000 00000000 00000000 00000000 00000000 00000000 00000000 00000000 00000000 00000000 00000000 00000000 00000000 00000000 e2b7bfb0 00000001 90cb8911 00000000 00000000 00000000 00000000 00000000 00000101 00000081 00000000 00000000 00000000 00000000 00000000 00000000 00000000 00003333 00004ccd 00002667 00000001 00000000 01c9c380 0000027c
capture_snapshot GLI1 00010000 30000000 2500000 540 0 30000000 0 0 0 0 0 0 0 8a7d66c4 00000000 90ce8998 00000000 0086c2e8 00000000 0086c2e8 00000000 0000006a 00000000 00000000 00000000 065127ef 00000000 0086c352 00000000 00000000 00000000 00000000 00000039 008b3199 00000001 00000000 00000001 00000000 00000000 00000000 00000000 00000000 00000000 00000000 00000000 00000000 00000000 00000000 00000000 00000000 00000000 00000000 00000000 e2c1c1b1 00000001 90ce89b1 00000000 00000000 00000000 00000000 00000000 00000101 00000080 00000000 00000000 00000000 00000000 00000000 00000000 00000000 00003333 00004ccd 00002667 00000001 00000000 01c9c380 0000027c
capture_snapshot GLI1 00010000 30000000 2500000 541 0 30000000 0 0 0 0 0 0 0 8a7d66c4 00000000 90d18ba8 00000000 00870314 00000000 00870314 00000000 0000006a 00000000 00000000 00000000 065429f6 00000000 0087037e 00000000 00000000 00000000 00000000 00000039 008b3199 00000001 00000000 00000001 00000000 00000000 00000000 00000000 00000000 00000000 00000000 00000000 00000000 00000000 00000000 00000000 00000000 00000000 00000000 00000000 e2cbc860 00000001 90d18bb8 00000000 00000000 00000000 00000000 00000000 00000101 00000081 00000000 00000000 00000000 00000000 00000000 00000000 00000000 00003333 00004ccd 00002667 00000001 00000000 01c9c380 0000027c
capture_snapshot GLI1 00010000 30000000 2500000 542 0 30000000 0 0 0 0 0 0 0 8a7d66c4 00000000 90d491b4 00000000 00874395 00000000 00874395 00000000 0000006a 00000000 00000000 00000000 06573009 00000000 008743ff 00000000 00000000 00000000 00000000 00000039 008b3199 00000001 00000000 00000001 00000000 00000000 00000000 00000000 00000000 00000000 00000000 00000000 00000000 00000000 00000000 00000000 00000000 00000000 00000000 00000000 e2d5dc8b 00000001 90d491cb 00000000 00000000 00000000 00000000 00000000 00000101 00000080 00000000 00000000 00000000 00000000 00000000 00000000 00000000 00003333 00004ccd 00002667 00000001 00000000 01c9c380 0000027c
capture_snapshot GLI1 00010000 30000000 2500000 543 0 30000000 0 0 0 0 0 0 0 8a7d66c4 00000000 90d794fc 00000000 008783db 00000000 008783db 00000000 0000006a 00000000 00000000 00000000 065a3352 00000000 00878445 00000000 00000000 00000000 00000000 00000039 008b3199 00000001 00000000 00000001 00000000 00000000 00000000 00000000 00000000 00000000 00000000 00000000 00000000 00000000 00000000 00000000 00000000 00000000 00000000 00000000 e2dfe76c 00000001 90d79514 00000000 00000000 00000000 00000000 00000000 00000101 00000081 00000000 00000000 00000000 00000000 00000000 00000000 00000000 00003333 00004ccd 00002667 00000001 00000000 01c9c380 0000027c
capture_snapshot GLI1 00010000 30000000 2500000 544 0 30000000 0 0 0 0 0 0 0 8a7d66c4 00000000 90da8944 00000000 0087c2e1 00000000 0087c2e1 00000000 0000006a 00000000 00000000 00000000 065d279a 00000000 0087c34b 00000000 00000000 00000000 00000000 00000039 008b3199 00000001 00000000 00000001 00000000 00000000 00000000 00000000 00000000 00000000 00000000 00000000 00000000 00000000 00000000 00000000 00000000 00000000 00000000 00000000 e2e9c048 00000001 90da895c 00000000 00000000 00000000 00000000 00000000 00000101 00000081 00000000 00000000 00000000 00000000 00000000 00000000 00000000 00003333 00004ccd 00002667 00000001 00000000 01c9c380 0000027c
capture_snapshot GLI1 00010000 30000000 2500000 545 0 30000000 0 0 0 0 0 0 0 8a7d66c4 00000000 90dd8b48 00000000 0088030c 00000000 0088030c 00000000 0000006a 00000000 00000000 00000000 06602999 00000000 00880376 00000000 00000000 00000000 00000000 00000039 008b3199 00000001 00000000 00000001 00000000 00000000 00000000 00000000 00000000 00000000 00000000 00000000 00000000 00000000 00000000 00000000 00000000 00000000 00000000 00000000 e2f3c6de 00000001 90dd8b5b 00000000 00000000 00000000 00000000 00000000 00000100 00000080 00000000 00000000 00000000 00000000 00000000 00000000 00000000 00003333 00004ccd 00002667 00000001 00000000 01c9c380 0000027c
capture_snapshot GLI1 00010000 30000000 2500000 546 0 30000000 0 0 0 0 0 0 0 8a7d66c4 00000000 90e08b30 00000000 0088430a 00000000 0088430a 00000000 0000006a 00000000 00000000 00000000 06632981 00000000 00884374 00000000 00000000 00000000 00000000 00000039 008b3199 00000001 00000000 00000001 00000000 00000000 00000000 00000000 00000000 00000000 00000000 00000000 00000000 00000000 00000000 00000000 00000000 00000000 00000000 00000000 e2fdc678 00000001 90e08b43 00000000 00000000 00000000 00000000 00000000 00000101 00000081 00000000 00000000 00000000 00000000 00000000 00000000 00000000 00003333 00004ccd 00002667 00000001 00000000 01c9c380 0000027c
capture_snapshot GLI1 00010000 30000000 2500000 547 0 30000000 0 0 0 0 0 0 0 8a7d66c4 00000000 90e38bd8 00000000 00888318 00000000 00888318 00000000 0000006a 00000000 00000000 00000000 06662a25 00000000 00888382 00000000 00000000 00000000 00000000 00000039 008b3199 00000001 00000000 00000001 00000000 00000000 00000000 00000000 00000000 00000000 00000000 00000000 00000000 00000000 00000000 00000000 00000000 00000000 00000000 00000000 e307c886 00000001 90e38be7 00000000 00000000 00000000 00000000 00000000 00000100 00000080 00000000 00000000 00000000 00000000 00000000 00000000 00000000 00003333 00004ccd 00002667 00000001 00000000 01c9c380 0000027c
capture_snapshot GLI1 00010000 30000000 2500000 548 0 30000000 0 0 0 0 0 0 0 8a7d66c4 00000000 90e689c8 00000000 0088c2ec 00000000 0088c2ec 00000000 0000006a 00000000 00000000 00000000 06692816 00000000 0088c356 00000000 00000000 00000000 00000000 00000039 008b3199 00000001 00000000 00000001 00000000 00000000 00000000 00000000 00000000 00000000 00000000 00000000 00000000 00000000 00000000 00000000 00000000 00000000 00000000 00000000 e311c198 00000001 90e689d8 00000000 00000000 00000000 00000000 00000000 00000101 00000081 00000000 00000000 00000000 00000000 00000000 00000000 00000000 00003333 00004ccd 00002667 00000001 00000000 01c9c380 0000027c
capture_snapshot GLI1 00010000 30000000 2500000 549 0 30000000 0 0 0 0 0 0 0 8a7d66c4 00000000 90e989a4 00000000 008902e9 00000000 008902e9 00000000 0000006a 00000000 00000000 00000000 066c27f6 00000000 00890353 00000000 00000000 00000000 00000000 00000039 008b3199 00000001 00000000 00000001 00000000 00000000 00000000 00000000 00000000 00000000 00000000 00000000 00000000 00000000 00000000 00000000 00000000 00000000 00000000 00000000 e31bc119 00000001 90e989b8 00000000 00000000 00000000 00000000 00000000 00000101 00000081 00000000 00000000 00000000 00000000 00000000 00000000 00000000 00003333 00004ccd 00002667 00000001 00000000 01c9c380 0000027c
capture_snapshot GLI1 00010000 30000000 2500000 550 0 30000000 0 0 0 0 0 0 0 8a7d66c4 00000000 90ec8fa4 00000000 00894369 00000000 00894369 00000000 0000006a 00000000 00000000 00000000 066f2df1 00000000 008943d3 00000000 00000000 00000000 00000000 00000039 008b3199 00000001 00000000 00000001 00000000 00000000 00000000 00000000 00000000 00000000 00000000 00000000 00000000 00000000 00000000 00000000 00000000 00000000 00000000 00000000 e325d4f5 00000001 90ec8fb3 00000000 00000000 00000000 00000000 00000000 00000101 00000081 00000000 00000000 00000000 00000000 00000000 00000000 00000000 00003333 00004ccd 00002667 00000001 00000000 01c9c380 0000027c
capture_snapshot GLI1 00010000 30000000 2500000 551 0 30000000 0 0 0 0 0 0 0 8a7d66c4 00000000 90ef8fb0 00000000 0089836a 00000000 0089836a 00000000 0000006a 00000000 00000000 00000000 06722e01 00000000 008983d4 00000000 00000000 00000000 00000000 00000039 008b3199 00000001 00000000 00000001 00000000 00000000 00000000 00000000 00000000 00000000 00000000 00000000 00000000 00000000 00000000 00000000 00000000 00000000 00000000 00000000 e32fd515 00000001 90ef8fc3 00000000 00000000 00000000 00000000 00000000 00000100 00000080 00000000 00000000 00000000 00000000 00000000 00000000 00000000 00003333 00004ccd 00002667 00000001 00000000 01c9c380 0000027c
capture_snapshot GLI1 00010000 30000000 2500000 552 0 30000000 0 0 0 0 0 0 0 8a7d66c4 00000000 90f29fb8 00000000 0089c4c0 00000000 0089c4c0 00000000 0000006a 00000000 00000000 00000000 06753e08 00000000 0089c52a 00000000 00000000 00000000 00000000 00000039 008b3199 00000001 00000000 00000001 00000000 00000000 00000000 00000000 00000000 00000000 00000000 00000000 00000000 00000000 00000000 00000000 00000000 00000000 00000000 00000000 e33a0a70 00000001 90f29fca 00000000 00000000 00000000 00000000 00000000 00000101 00000081 00000000 00000000 00000000 00000000 00000000 00000000 00000000 00003333 00004ccd 00002667 00000001 00000000 01c9c380 0000027c
capture_snapshot GLI1 00010000 30000000 2500000 553 0 30000000 0 0 0 0 0 0 0 8a7d66c4 00000000 90f5943c 00000000 008a03cb 00000000 008a03cb 00000000 0000006a 00000000 00000000 00000000 0678328a 00000000 008a0435 00000000 00000000 00000000 00000000 00000039 008b3199 00000001 00000000 00000001 00000000 00000000 00000000 00000000 00000000 00000000 00000000 00000000 00000000 00000000 00000000 00000000 00000000 00000000 00000000 00000000 e343e40d 00000001 90f5944c 00000000 00000000 00000000 00000000 00000000 00000101 00000080 00000000 00000000 00000000 00000000 00000000 00000000 00000000 00003333 00004ccd 00002667 00000001 00000000 01c9c380 0000027c
capture_snapshot GLI1 00010000 30000000 2500000 554 0 30000000 0 0 0 0 0 0 0 8a7d66c4 00000000 90f88a40 00000000 008a42f6 00000000 008a42f6 00000000 0000006a 00000000 00000000 00000000 067b2895 00000000 008a4360 00000000 00000000 00000000 00000000 00000039 008b3199 00000001 00000000 00000001 00000000 00000000 00000000 00000000 00000000 00000000 00000000 00000000 00000000 00000000 00000000 00000000 00000000 00000000 00000000 00000000 e34dc2c8 00000001 90f88a57 00000000 00000000 00000000 00000000 00000000 00000100 00000080 00000000 00000000 00000000 00000000 00000000 00000000 00000000 00003333 00004ccd 00002667 00000001 00000000 01c9c380 0000027c
capture_snapshot GLI1 00010000 30000000 2500000 555 0 30000000 0 0 0 0 0 0 0 8a7d66c4 00000000 90fb8e84 00000000 008a8351 00000000 008a8351 00000000 0000006a 00000000 00000000 00000000 067e2cdc 00000000 008a83bb 00000000 00000000 00000000 00000000 00000039 008b3199 00000001 00000000 00000001 00000000 00000000 00000000 00000000 00000000 00000000 00000000 00000000 00000000 00000000 00000000 00000000 00000000 00000000 00000000 00000000 e357d0f8 00000001 90fb8e9e 00000000 00000000 00000000 00000000 00000000 00000101 00000081 00000000 00000000 00000000 00000000 00000000 00000000 00000000 00003333 00004ccd 00002667 00000001 00000000 01c9c380 0000027c
capture_snapshot GLI1 00010000 30000000 2500000 556 0 30000000 0 0 0 0 0 0 0 8a7d66c4 00000000 90fe8cb0 00000000 008ac32a 00000000 008ac32a 00000000 0000006a 00000000 00000000 00000000 06812aff 00000000 008ac394 00000000 00000000 00000000 00000000 00000039 008b3199 00000001 00000000 00000001 00000000 00000000 00000000 00000000 00000000 00000000 00000000 00000000 00000000 00000000 00000000 00000000 00000000 00000000 00000000 00000000 e361caaf 00000001 90fe8cc1 00000000 00000000 00000000 00000000 00000000 00000101 00000081 00000000 00000000 00000000 00000000 00000000 00000000 00000000 00003333 00004ccd 00002667 00000001 00000000 01c9c380 0000027c
capture_snapshot GLI1 00010000 30000000 2500000 557 0 30000000 0 0 0 0 0 0 0 8a7d66c4 00000000 9101901c 00000000 008b0373 00000000 008b0373 00000000 0000006a 00000000 00000000 00000000 06842e74 00000000 008b03dd 00000000 00000000 00000000 00000000 00000039 008b3199 00000001 00000000 00000001 00000000 00000000 00000000 00000000 00000000 00000000 00000000 00000000 00000000 00000000 00000000 00000000 00000000 00000000 00000000 00000000 e36bd621 00000001 91019036 00000000 00000000 00000000 00000000 00000000 00000101 00000081 00000000 00000000 00000000 00000000 00000000 00000000 00000000 00003333 00004ccd 00002667 00000001 00000000 01c9c380 0000027c
capture_snapshot GLI1 00010000 30000000 2500000 558 0 30000000 0 0 0 0 0 0 0 8a7d66c4 00000000 9104889c 00000000 008b42d3 00000000 008b42d3 00000000 0000006a 00000000 00000000 00000000 068726ed 00000000 008b433d 00000000 00000000 00000000 00000000 00000039 008b3199 00000001 00000000 00000001 00000000 00000000 00000000 00000000 00000000 00000000 00000000 00000000 00000000 00000000 00000000 00000000 00000000 00000000 00000000 00000000 e375bcf5 00000001 910488af 00000000 00000000 00000000 00000000 00000000 00000100 00000080 00000000 00000000 00000000 00000000 00000000 00000000 00000000 00003333 00004ccd 00002667 00000001 00000000 01c9c380 0000027c
capture_snapshot GLI1 00010000 30000000 2500000 559 0 30000000 0 0 0 0 0 0 0 8a7d66c4 00000000 91078a70 00000000 008b82fa 00000000 008b82fa 00000000 0000006a 00000000 00000000 00000000 068a28c4 00000000 008b8364 00000000 00000000 00000000 00000000 00000039 008b3199 00000001 00000000 00000001 00000000 00000000 00000000 00000000 00000000 00000000 00000000 00000000 00000000 00000000 00000000 00000000 00000000 00000000 00000000 00000000 e37fc304 00000001 91078a86 00000000 00000000 00000000 00000000 00000000 00000101 00000080 00000000 00000000 00000000 00000000 00000000 00000000 00000000 00003333 00004ccd 00002667 00000001 00000000 01c9c380 0000027c
capture_snapshot GLI1 00010000 30000000 2500000 560 0 30000000 0 0 0 0 0 0 0 8a7d66c4 00000000 910a8b30 00000000 008bc30a 00000000 008bc30a 00000000 0000006a 00000000 00000000 00000000 068d2981 00000000 008bc374 00000000 00000000 00000000 00000000 00000039 008b3199 00000001 00000000 00000001 00000000 00000000 00000000 00000000 00000000 00000000 00000000 00000000 00000000 00000000 00000000 00000000 00000000 00000000 00000000 00000000 e389c568 00000001 910a8b43 00000000 00000000 00000000 00000000 00000000 00000101 00000081 00000000 00000000 00000000 00000000 00000000 00000000 00000000 00003333 00004ccd 00002667 00000001 00000000 01c9c380 0000027c
capture_snapshot GLI1 00010000 30000000 2500000 561 0 30000000 0 0 0 0 0 0 0 8a7d66c4 00000000 910d8bb4 00000000 008c0315 00000000 008c0315 00000000 0000006a 00000000 00000000 00000000 06902a03 00000000 008c037f 00000000 00000000 00000000 00000000 00000039 008b3199 00000001 00000000 00000001 00000000 00000000 00000000 00000000 00000000 00000000 00000000 00000000 00000000 00000000 00000000 00000000 00000000 00000000 00000000 00000000 e393c704 00000001 910d8bc5 00000000 00000000 00000000 00000000 00000000 00000100 00000080 00000000 00000000 00000000 00000000 00000000 00000000 00000000 00003333 00004ccd 00002667 00000001 00000000 01c9c380 0000027c
capture_snapshot GLI1 00010000 30000000 2500000 562 0 30000000 0 0 0 0 0 0 0 8a7d66c4 00000000 91109160 00000000 008c438e 00000000 008c438e 00000000 0000006a 00000000 00000000 00000000 06932fad 00000000 008c43f8 00000000 00000000 00000000 00000000 00000039 008b3199 00000001 00000000 00000001 00000000 00000000 00000000 00000000 00000000 00000000 00000000 00000000 00000000 00000000 00000000 00000000 00000000 00000000 00000000 00000000 e39dd9d4 00000001 9110916f 00000000 00000000 00000000 00000000 00000000 00000100 00000081 00000000 00000000 00000000 00000000 00000000 00000000 00000000 00003333 00004ccd 00002667 00000001 00000000 01c9c380 0000027c
capture_snapshot GLI1 00010000 30000000 2500000 563 0 30000000 0 0 0 0 0 0 0 8a7d66c4 00000000 91139208 00000000 008c839c 00000000 008c839c 00000000 0000006a 00000000 00000000 00000000 0696305f 00000000 008c8406 00000000 00000000 00000000 00000000 00000039 008b3199 00000001 00000000 00000001 00000000 00000000 00000000 00000000 00000000 00000000 00000000 00000000 00000000 00000000 00000000 00000000 00000000 00000000 00000000 00000000 e3a7dc12 00000001 91139221 00000000 00000000 00000000 00000000 00000000 00000100 00000080 00000000 00000000 00000000 00000000 00000000 00000000 00000000 00003333 00004ccd 00002667 00000001 00000000 01c9c380 0000027c
capture_snapshot GLI1 00010000 30000000 2500000 564 0 30000000 0 0 0 0 0 0 0 8a7d66c4 00000000 9116880c 00000000 008cc2c7 00000000 008cc2c7 00000000 0000006a 00000000 00000000 00000000 06992662 00000000 008cc331 00000000 00000000 00000000 00000000 00000039 008b3199 00000001 00000000 00000001 00000000 00000000 00000000 00000000 00000000 00000000 00000000 00000000 00000000 00000000 00000000 00000000 00000000 00000000 00000000 00000000 e3b1bab1 00000001 91168824 00000000 00000000 00000000 00000000 00000000 00000101 00000080 00000000 00000000 00000000 00000000 00000000 00000000 00000000 00003333 00004ccd 00002667 00000001 00000000 01c9c380 0000027c
capture_snapshot GLI1 00010000 30000000 2500000 565 0 30000000 0 0 0 0 0 0 0 8a7d66c4 00000000 9119832c 00000000 008d025f 00000000 008d025f 00000000 0000006a 00000000 00000000 00000000 069c2184 00000000 008d02c9 00000000 00000000 00000000 00000000 00000039 008b3199 00000001 00000000 00000001 00000000 00000000 00000000 00000000 00000000 00000000 00000000 00000000 00000000 00000000 00000000 00000000 00000000 00000000 00000000 00000000 e3bbaa65 00000001 91198346 00000000 00000000 00000000 00000000 00000000 00000101 00000081 00000000 00000000 00000000 00000000 00000000 00000000 00000000 00003333 00004ccd 00002667 00000001 00000000 01c9c380 0000027c
capture_snapshot GLI1 00010000 30000000 2500000 566 0 30000000 0 0 0 0 0 0 0 8a7d66c4 00000000 911c8200 00000000 008d4246 00000000 008d4246 00000000 0000006a 00000000 00000000 00000000 069f2057 00000000 008d42b0 00000000 00000000 00000000 00000000 00000039 008b3199 00000001 00000000 00000001 00000000 00000000 00000000 00000000 00000000 00000000 00000000 00000000 00000000 00000000 00000000 00000000 00000000 00000000 00000000 00000000 e3c5a668 00000001 911c8219 00000000 00000000 00000000 00000000 00000000 00000100 00000080 00000000 00000000 00000000 00000000 00000000 00000000 00000000 00003333 00004ccd 00002667 00000001 00000000 01c9c380 0000027c
capture_snapshot GLI1 00010000 30000000 2500000 567 0 30000000 0 0 0 0 0 0 0 8a7d66c4 00000000 911f817c 00000000 008d823b 00000000 008d823b 00000000 0000006a 00000000 00000000 00000000 06a21fce 00000000 008d82a5 00000000 00000000 00000000 00000000 00000039 008b3199 00000001 00000000 00000001 00000000 00000000 00000000 00000000 00000000 00000000 00000000 00000000 00000000 00000000 00000000 00000000 00000000 00000000 00000000 00000000 e3cfa48a 00000001 911f8190 00000000 00000000 00000000 00000000 00000000 00000101 00000081 00000000 00000000 00000000 00000000 00000000 00000000 00000000 00003333 00004ccd 00002667 00000001 00000000 01c9c380 0000027c
capture_snapshot GLI1 00010000 30000000 2500000 568 0 30000000 0 0 0 0 0 0 0 8a7d66c4 00000000 91227a5c 00000000 008dc1a3 00000000 008dc1a3 00000000 0000006a 00000000 00000000 00000000 06a518b3 00000000 008dc20d 00000000 00000000 00000000 00000000 00000039 008b3199 00000001 00000000 00000001 00000000 00000000 00000000 00000000 00000000 00000000 00000000 00000000 00000000 00000000 00000000 00000000 00000000 00000000 00000000 00000000 e3d98cc9 00000001 91227a75 00000000 00000000 00000000 00000000 00000000 00000100 00000080 00000000 00000000 00000000 00000000 00000000 00000000 00000000 00003333 00004ccd 00002667 00000001 00000000 01c9c380 0000027c
capture_snapshot GLI1 00010000 30000000 2500000 569 0 30000000 0 0 0 0 0 0 0 8a7d66c4 00000000 91257930 00000000 008e018a 00000000 008e018a 00000000 0000006a 00000000 00000000 00000000 06a81783 00000000 008e01f4 00000000 00000000 00000000 00000000 00000039 008b3199 00000001 00000000 00000001 00000000 00000000 00000000 00000000 00000000 00000000 00000000 00000000 00000000 00000000 00000000 00000000 00000000 00000000 00000000 00000000 e3e388be 00000001 91257945 00000000 00000000 00000000 00000000 00000000 00000101 00000080 00000000 00000000 00000000 00000000 00000000 00000000 00000000 00003333 00004ccd 00002667 00000001 00000000 01c9c380 0000027c
capture_snapshot GLI1 00010000 30000000 2500000 570 0 30000000 0 0 0 0 0 0 0 8a7d66c4 00000000 9128787c 00000000 008e417b 00000000 008e417b 00000000 0000006a 00000000 00000000 00000000 06ab16cf 00000000 008e41e5 00000000 00000000 00000000 00000000 00000039 008b3199 00000001 00000000 00000001 00000000 00000000 00000000 00000000 00000000 00000000 00000000 00000000 00000000 00000000 00000000 00000000 00000000 00000000 00000000 00000000 e3ed8653 00000001 91287891 00000000 00000000 00000000 00000000 00000000 00000101 00000081 00000000 00000000 00000000 00000000 00000000 00000000 00000000 00003333 00004ccd 00002667 00000001 00000000 01c9c380 0000027c
capture_snapshot GLI1 00010000 30000000 2500000 571 0 30000000 0 0 0 0 0 0 0 8a7d66c4 00000000 912b7930 00000000 008e818a 00000000 008e818a 00000000 0000006a 00000000 00000000 00000000 06ae1781 00000000 008e81f4 00000000 00000000 00000000 00000000 00000039 008b3199 00000001 00000000 00000001 00000000 00000000 00000000 00000000 00000000 00000000 00000000 00000000 00000000 00000000 00000000 00000000 00000000 00000000 00000000 00000000 e3f78890 00000001 912b7943 00000000 00000000 00000000 00000000 00000000 00000100 00000080 00000000 00000000 00000000 00000000 00000000 00000000 00000000 00003333 00004ccd 00002667 00000001 00000000 01c9c380 0000027c
capture_snapshot GLI1 00010000 30000000 2500000 572 0 30000000 0 0 0 0 0 0 0 8a7d66c4 00000000 912e7948 00000000 008ec18c 00000000 008ec18c 00000000 0000006a 00000000 00000000 00000000 06b1179c 00000000 008ec1f6 00000000 00000000 00000000 00000000 00000039 008b3199 00000001 00000000 00000001 00000000 00000000 00000000 00000000 00000000 00000000 00000000 00000000 00000000 00000000 00000000 00000000 00000000 00000000 00000000 00000000 e40188d6 00000001 912e795e 00000000 00000000 00000000 00000000 00000000 00000100 00000080 00000000 00000000 00000000 00000000 00000000 00000000 00000000 00003333 00004ccd 00002667 00000001 00000000 01c9c380 0000027c
capture_snapshot GLI1 00010000 30000000 2500000 573 0 30000000 0 0 0 0 0 0 0 8a7d66c4 00000000 91317900 00000000 008f0186 00000000 008f0186 00000000 0000006a 00000000 00000000 00000000 06b41754 00000000 008f01f0 00000000 00000000 00000000 00000000 00000039 008b3199 00000001 00000000 00000001 00000000 00000000 00000000 00000000 00000000 00000000 00000000 00000000 00000000 00000000 00000000 00000000 00000000 00000000 00000000 00000000 e40b87d4 00000001 91317916 00000000 00000000 00000000 00000000 00000000 00000101 00000081 00000000 00000000 00000000 00000000 00000000 00000000 00000000 00003333 00004ccd 00002667 00000001 00000000 01c9c380 0000027c
capture_snapshot GLI1 00010000 30000000 2500000 574 0 30000000 0 0 0 0 0 0 0 8a7d66c4 00000000 913478f4 00000000 008f4185 00000000 008f4185 00000000 0000006a 00000000 00000000 00000000 06b71741 00000000 008f41ef 00000000 00000000 00000000 00000000 00000039 008b3199 00000001 00000000 00000001 00000000 00000000 00000000 00000000 00000000 00000000 00000000 00000000 00000000 00000000 00000000 00000000 00000000 00000000 00000000 00000000 e4158781 00000001 91347903 00000000 00000000 00000000 00000000 00000000 00000101 00000081 00000000 00000000 00000000 00000000 00000000 00000000 00000000 00003333 00004ccd 00002667 00000001 00000000 01c9c380 0000027c
capture_snapshot GLI1 00010000 30000000 2500000 575 0 30000000 0 0 0 0 0 0 0 8a7d66c4 00000000 9137790c 00000000 008f8187 00000000 008f8187 00000000 0000006a 00000000 00000000 00000000 06ba1761 00000000 008f81f1 00000000 00000000 00000000 00000000 00000039 008b3199 00000001 00000000 00000001 00000000 00000000 00000000 00000000 00000000 00000000 00000000 00000000 00000000 00000000 00000000 00000000 00000000 00000000 00000000 00000000 e41f87d9 00000001 91377923 00000000 00000000 00000000 00000000 00000000 00000101 00000081 00000000 00000000 00000000 00000000 00000000 00000000 00000000 00003333 00004ccd 00002667 00000001 00000000 01c9c380 0000027c
capture_snapshot GLI1 00010000 30000000 2500000 576 0 30000000 0 0 0 0 0 0 0 8a7d66c4 00000000 913a78d0 00000000 008fc182 00000000 008fc182 00000000 0000006a 00000000 00000000 00000000 06bd1727 00000000 008fc1ec 00000000 00000000 00000000 00000000 00000039 008b3199 00000001 00000000 00000001 00000000 00000000 00000000 00000000 00000000 00000000 00000000 00000000 00000000 00000000 00000000 00000000 00000000 00000000 00000000 00000000 e4298703 00000001 913a78e9 00000000 00000000 00000000 00000000 00000000 00000101 00000080 00000000 00000000 00000000 00000000 00000000 00000000 00000000 00003333 00004ccd 00002667 00000001 00000000 01c9c380 0000027c
capture_snapshot GLI1 00010000 30000000 2500000 577 0 30000000 0 0 0 0 0 0 0 8a7d66c4 00000000 913d7990 00000000 00900192 00000000 00900192 00000000 0000006a 00000000 00000000 00000000 06c017e6 00000000 009001fc 00000000 00000000 00000000 00000000 00000039 008b3199 00000001 00000000 00000001 00000000 00000000 00000000 00000000 00000000 00000000 00000000 00000000 00000000 00000000 00000000 00000000 00000000 00000000 00000000 00000000 e433896c 00000001 913d79a8 00000000 00000000 00000000 00000000 00000000 00000101 00000080 00000000 00000000 00000000 00000000 00000000 00000000 00000000 00003333 00004ccd 00002667 00000001 00000000 01c9c380 0000027c
capture_snapshot GLI1 00010000 30000000 2500000 578 0 30000000 0 0 0 0 0 0 0 8a7d66c4 00000000 9140793c 00000000 0090418b 00000000 0090418b 00000000 0000006a 00000000 00000000 00000000 06c31793 00000000 009041f5 00000000 00000000 00000000 00000000 00000039 008b3199 00000001 00000000 00000001 00000000 00000000 00000000 00000000 00000000 00000000 00000000 00000000 00000000 00000000 00000000 00000000 00000000 00000000 00000000 00000000 e43d8845 00000001 91407955 00000000 00000000 00000000 00000000 00000000 00000101 00000081 00000000 00000000 00000000 00000000 00000000 00000000 00000000 00003333 00004ccd 00002667 00000001 00000000 01c9c380 0000027c
capture_snapshot GLI1 00010000 30000000 2500000 579 0 30000000 0 0 0 0 0 0 0 8a7d66c4 00000000 914378e8 00000000 00908184 00000000 00908184 00000000 0000006a 00000000 00000000 00000000 06c61739 00000000 009081ee 00000000 00000000 00000000 00000000 00000039 008b3199 00000001 00000000 00000001 00000000 00000000 00000000 00000000 00000000 00000000 00000000 00000000 00000000 00000000 00000000 00000000 00000000 00000000 00000000 00000000 e4478707 00000001 914378fb 00000000 00000000 00000000 00000000 00000000 00000100 00000080 00000000 00000000 00000000 00000000 00000000 00000000 00000000 00003333 00004ccd 00002667 00000001 00000000 01c9c380 0000027c
capture_snapshot GLI1 00010000 30000000 2500000 580 0 30000000 0 0 0 0 0 0 0 8a7d66c4 00000000 914679cc 00000000 0090c197 00000000 0090c197 00000000 0000006a 00000000 00000000 00000000 06c91824 00000000 0090c201 00000000 00000000 00000000 00000000 00000039 008b3199 00000001 00000000 00000001 00000000 00000000 00000000 00000000 00000000 00000000 00000000 00000000 00000000 00000000 00000000 00000000 00000000 00000000 00000000 00000000 e4518a00 00000001 914679e6 00000000 00000000 00000000 00000000 00000000 00000101 00000080 00000000 00000000 00000000 00000000 00000000 00000000 00000000 00003333 00004ccd 00002667 00000001 00000000 01c9c380 0000027c
capture_snapshot GLI1 00010000 30000000 2500000 581 0 30000000 0 0 0 0 0 0 0 8a7d66c4 00000000 91497924 00000000 00910189 00000000 00910189 00000000 0000006a 00000000 00000000 00000000 06cc177b 00000000 009101f3 00000000 00000000 00000000 00000000 00000039 008b3199 00000001 00000000 00000001 00000000 00000000 00000000 00000000 00000000 00000000 00000000 00000000 00000000 00000000 00000000 00000000 00000000 00000000 00000000 00000000 e45b87bb 00000001 9149793d 00000000 00000000 00000000 00000000 00000000 00000101 00000080 00000000 00000000 00000000 00000000 00000000 00000000 00000000 00003333 00004ccd 00002667 00000001 00000000 01c9c380 0000027c
capture_snapshot GLI1 00010000 30000000 2500000 582 0 30000000 0 0 0 0 0 0 0 8a7d66c4 00000000 914c787c 00000000 0091417b 00000000 0091417b 00000000 0000006a 00000000 00000000 00000000 06cf16cf 00000000 009141e5 00000000 00000000 00000000 00000000 00000039 008b3199 00000001 00000000 00000001 00000000 00000000 00000000 00000000 00000000 00000000 00000000 00000000 00000000 00000000 00000000 00000000 00000000 00000000 00000000 00000000 e4658569 00000001 914c7891 00000000 00000000 00000000 00000000 00000000 00000101 00000081 00000000 00000000 00000000 00000000 00000000 00000000 00000000 00003333 00004ccd 00002667 00000001 00000000 01c9c380 0000027c
capture_snapshot GLI1 00010000 30000000 2500000 583 0 30000000 0 0 0 0 0 0 0 8a7d66c4 00000000 914f7a2c 00000000 0091819f 00000000 0091819f 00000000 0000006a 00000000 00000000 00000000 06d21884 00000000 00918209 00000000 00000000 00000000 00000000 00000039 008b3199 00000001 00000000 00000001 00000000 00000000 00000000 00000000 00000000 00000000 00000000 00000000 00000000 00000000 00000000 00000000 00000000 00000000 00000000 00000000 e46f8b06 00000001 914f7a46 00000000 00000000 00000000 00000000 00000000 00000101 00000080 00000000 00000000 00000000 00000000 00000000 00000000 00000000 00003333 00004ccd 00002667 00000001 00000000 01c9c380 0000027c
capture_snapshot GLI1 00010000 30000000 2500000 584 0 30000000 0 0 0 0 0 0 0 8a7d66c4 00000000 91527930 00000000 0091c18a 00000000 0091c18a 00000000 0000006a 00000000 00000000 00000000 06d51781 00000000 0091c1f4 00000000 00000000 00000000 00000000 00000039 008b3199 00000001 00000000 00000001 00000000 00000000 00000000 00000000 00000000 00000000 00000000 00000000 00000000 00000000 00000000 00000000 00000000 00000000 00000000 00000000 e4798795 00000001 91527943 00000000 00000000 00000000 00000000 00000000 00000100 00000080 00000000 00000000 00000000 00000000 00000000 00000000 00000000 00003333 00004ccd 00002667 00000001 00000000 01c9c380 0000027c
capture_snapshot GLI1 00010000 30000000 2500000 585 0 30000000 0 0 0 0 0 0 0 8a7d66c4 00000000 91557948 00000000 0092018c 00000000 0092018c 00000000 0000006a 00000000 00000000 00000000 06d8179d 00000000 009201f6 00000000 00000000 00000000 00000000 00000039 008b3199 00000001 00000000 00000001 00000000 00000000 00000000 00000000 00000000 00000000 00000000 00000000 00000000 00000000 00000000 00000000 00000000 00000000 00000000 00000000 e48387dd 00000001 9155795f 00000000 00000000 00000000 00000000 00000000 00000101 00000080 00000000 00000000 00000000 00000000 00000000 00000000 00000000 00003333 00004ccd 00002667 00000001 00000000 01c9c380 0000027c
capture_snapshot GLI1 00010000 30000000 2500000 586 0 30000000 0 0 0 0 0 0 0 8a7d66c4 00000000 9158796c 00000000 0092418f 00000000 0092418f 00000000 0000006a 00000000 00000000 00000000 06db17bb 00000000 009241f9 00000000 00000000 00000000 00000000 00000039 008b3199 00000001 00000000 00000001 00000000 00000000 00000000 00000000 00000000 00000000 00000000 00000000 00000000 00000000 00000000 00000000 00000000 00000000 00000000 00000000 e48d882d 00000001 9158797d 00000000 00000000 00000000 00000000 00000000 00000101 00000080 00000000 00000000 00000000 00000000 00000000 00000000 00000000 00003333 00004ccd 00002667 00000001 00000000 01c9c380 0000027c
capture_snapshot GLI1 00010000 30000000 2500000 587 0 30000000 0 0 0 0 0 0 0 8a7d66c4 00000000 915b7954 00000000 0092818d 00000000 0092818d 00000000 0000006a 00000000 00000000 00000000 06de17a4 00000000 009281f7 00000000 00000000 00000000 00000000 00000039 008b3199 00000001 00000000 00000001 00000000 00000000 00000000 00000000 00000000 00000000 00000000 00000000 00000000 00000000 00000000 00000000 00000000 00000000 00000000 00000000 e49787cf 00000001 915b7966 00000000 00000000 00000000 00000000 00000000 00000100 00000080 00000000 00000000 00000000 00000000 00000000 00000000 00000000 00003333 00004ccd 00002667 00000001 00000000 01c9c380 0000027c
capture_snapshot GLI1 00010000 30000000 2500000 588 0 30000000 0 0 0 0 0 0 0 8a7d66c4 00000000 915e7960 00000000 0092c18e 00000000 0092c18e 00000000 0000006a 00000000 00000000 00000000 06e117af 00000000 0092c1f8 00000000 00000000 00000000 00000000 00000039 008b3199 00000001 00000000 00000001 00000000 00000000 00000000 00000000 00000000 00000000 00000000 00000000 00000000 00000000 00000000 00000000 00000000 00000000 00000000 00000000 e4a187de 00000001 915e7971 00000000 00000000 00000000 00000000 00000000 00000101 00000080 00000000 00000000 00000000 00000000 00000000 00000000 00000000 00003333 00004ccd 00002667 00000001 00000000 01c9c380 0000027c
capture_snapshot GLI1 00010000 30000000 2500000 589 0 30000000 0 0 0 0 0 0 0 8a7d66c4 00000000 91617978 00000000 00930190 00000000 00930190 00000000 0000006a 00000000 00000000 00000000 06e417ce 00000000 009301fa 00000000 00000000 00000000 00000000 00000039 008b3199 00000001 00000000 00000001 00000000 00000000 00000000 00000000 00000000 00000000 00000000 00000000 00000000 00000000 00000000 00000000 00000000 00000000 00000000 00000000 e4ab8832 00000001 91617990 00000000 00000000 00000000 00000000 00000000 00000101 00000080 00000000 00000000 00000000 00000000 00000000 00000000 00000000 00003333 00004ccd 00002667 00000001 00000000 01c9c380 0000027c
capture_snapshot GLI1 00010000 30000000 2500000 590 0 30000000 0 0 0 0 0 0 0 8a7d66c4 00000000 91647984 00000000 00934191 00000000 00934191 00000000 0000006a 00000000 00000000 00000000 06e717d5 00000000 009341fb 00000000 00000000 00000000 00000000 00000039 008b3199 00000001 00000000 00000001 00000000 00000000 00000000 00000000 00000000 00000000 00000000 00000000 00000000 00000000 00000000 00000000 00000000 00000000 00000000 00000000 e4b58836 00000001 91647997 00000000 00000000 00000000 00000000 00000000 00000101 00000080 00000000 00000000 00000000 00000000 00000000 00000000 00000000 00003333 00004ccd 00002667 00000001 00000000 01c9c380 0000027c
capture_snapshot GLI1 00010000 30000000 2500000 591 0 30000000 0 0 0 0 0 0 0 8a7d66c4 00000000 91677978 00000000 00938190 00000000 00938190 00000000 0000006a 00000000 00000000 00000000 06ea17cd 00000000 009381fa 00000000 00000000 00000000 00000000 00000039 008b3199 00000001 00000000 00000001 00000000 00000000 00000000 00000000 00000000 00000000 00000000 00000000 00000000 00000000 00000000 00000000 00000000 00000000 00000000 00000000 e4bf8809 00000001 9167798f 00000000 00000000 00000000 00000000 00000000 00000101 00000081 00000000 00000000 00000000 00000000 00000000 00000000 00000000 00003333 00004ccd 00002667 00000001 00000000 01c9c380 0000027c
capture_snapshot GLI1 00010000 30000000 2500000 592 0 30000000 0 0 0 0 0 0 0 8a7d66c4 00000000 916a7990 00000000 0093c192 00000000 0093c192 00000000 0000006a 00000000 00000000 00000000 06ed17e0 00000000 0093c1fc 00000000 00000000 00000000 00000000 00000039 008b3199 00000001 00000000 00000001 00000000 00000000 00000000 00000000 00000000 00000000 00000000 00000000 00000000 00000000 00000000 00000000 00000000 00000000 00000000 00000000 e4c98835 00000001 916a79a2 00000000 00000000 00000000 00000000 00000000 00000101 00000080 00000000 00000000 00000000 00000000 00000000 00000000 00000000 00003333 00004ccd 00002667 00000001 00000000 01c9c380 0000027c
capture_snapshot GLI1 00010000 30000000 2500000 593 0 30000000 0 0 0 0 0 0 0 8a7d66c4 00000000 916d793c 00000000 0094018b 00000000 0094018b 00000000 0000006a 00000000 00000000 00000000 06f01793 00000000 009401f5 00000000 00000000 00000000 00000000 00000039 008b3199 00000001 00000000 00000001 00000000 00000000 00000000 00000000 00000000 00000000 00000000 00000000 00000000 00000000 00000000 00000000 00000000 00000000 00000000 00000000 e4d38721 00000001 916d7955 00000000 00000000 00000000 00000000 00000000 00000101 00000080 00000000 00000000 00000000 00000000 00000000 00000000 00000000 00003333 00004ccd 00002667 00000001 00000000 01c9c380 0000027c
capture_snapshot GLI1 00010000 30000000 2500000 594 0 30000000 0 0 0 0 0 0 0 8a7d66c4 00000000 91707954 00000000 0094418d 00000000 0094418d 00000000 0000006a 00000000 00000000 00000000 06f317a2 00000000 009441f7 00000000 00000000 00000000 00000000 00000039 008b3199 00000001 00000000 00000001 00000000 00000000 00000000 00000000 00000000 00000000 00000000 00000000 00000000 00000000 00000000 00000000 00000000 00000000 00000000 00000000 e4dd873e 00000001 91707964 00000000 00000000 00000000 00000000 00000000 00000101 00000080 00000000 00000000 00000000 00000000 00000000 00000000 00000000 00003333 00004ccd 00002667 00000001 00000000 01c9c380 0000027c
capture_snapshot GLI1 00010000 30000000 2500000 595 0 30000000 0 0 0 0 0 0 0 8a7d66c4 00000000 917378f4 00000000 00948185 00000000 00948185 00000000 0000006a 00000000 00000000 00000000 06f61741 00000000 009481ef 00000000 00000000 00000000 00000000 00000039 008b3199 00000001 00000000 00000001 00000000 00000000 00000000 00000000 00000000 00000000 00000000 00000000 00000000 00000000 00000000 00000000 00000000 00000000 00000000 00000000 e4e785e8 00000001 91737903 00000000 00000000 00000000 00000000 00000000 00000101 00000081 00000000 00000000 00000000 00000000 00000000 00000000 00000000 00003333 00004ccd 00002667 00000001 00000000 01c9c380 0000027c
capture_snapshot GLI1 00010000 30000000 2500000 596 0 30000000 0 0 0 0 0 0 0 8a7d66c4 00000000 91767924 00000000 0094c189 00000000 0094c189 00000000 0000006a 00000000 00000000 00000000 06f91772 00000000 0094c1f3 00000000 00000000 00000000 00000000 00000039 008b3199 00000001 00000000 00000001 00000000 00000000 00000000 00000000 00000000 00000000 00000000 00000000 00000000 00000000 00000000 00000000 00000000 00000000 00000000 00000000 e4f18678 00000001 91767934 00000000 00000000 00000000 00000000 00000000 00000101 00000081 00000000 00000000 00000000 00000000 00000000 00000000 00000000 00003333 00004ccd 00002667 00000001 00000000 01c9c380 0000027c
capture_snapshot GLI1 00010000 30000000 2500000 597 0 30000000 0 0 0 0 0 0 0 8a7d66c4 00000000 9179793c 00000000 0095018b 00000000 0095018b 00000000 0000006a 00000000 00000000 00000000 06fc178b 00000000 009501f5 00000000 00000000 00000000 00000000 00000039 008b3199 00000001 00000000 00000001 00000000 00000000 00000000 00000000 00000000 00000000 00000000 00000000 00000000 00000000 00000000 00000000 00000000 00000000 00000000 00000000 e4fb86b8 00000001 9179794d 00000000 00000000 00000000 00000000 00000000 00000101 00000081 00000000 00000000 00000000 00000000 00000000 00000000 00000000 00003333 00004ccd 00002667 00000001 00000000 01c9c380 0000027c
capture_snapshot GLI1 00010000 30000000 2500000 598 0 30000000 0 0 0 0 0 0 0 8a7d66c4 00000000 917c7948 00000000 0095418c 00000000 0095418c 00000000 0000006a 00000000 00000000 00000000 06ff179b 00000000 009541f6 00000000 00000000 00000000 00000000 00000039 008b3199 00000001 00000000 00000001 00000000 00000000 00000000 00000000 00000000 00000000 00000000 00000000 00000000 00000000 00000000 00000000 00000000 00000000 00000000 00000000 e50586d8 00000001 917c795d 00000000 00000000 00000000 00000000 00000000 00000100 00000080 00000000 00000000 00000000 00000000 00000000 00000000 00000000 00003333 00004ccd 00002667 00000001 00000000 01c9c380 0000027c
capture_snapshot GLI1 00010000 30000000 2500000 599 0 30000000 0 0 0 0 0 0 0 8a7d66c4 00000000 917f799c 00000000 00958193 00000000 00958193 00000000 0000006a 00000000 00000000 00000000 070217e8 00000000 009581fd 00000000 00000000 00000000 00000000 00000039 008b3199 00000001 00000000 00000001 00000000 00000000 00000000 00000000 00000000 00000000 00000000 00000000 00000000 00000000 00000000 00000000 00000000 00000000 00000000 00000000 e50f87c8 00000001 917f79aa 00000000 00000000 00000000 00000000 00000000 00000100 00000080 00000000 00000000 00000000 00000000 00000000 00000000 00000000 00003333 00004ccd 00002667 00000001 00000000 01c9c380 0000027c
capture_snapshot GLI1 00010000 30000000 2500000 600 0 30000000 0 0 0 0 0 0 0 8a7d66c4 00000000 91827924 00000000 0095c189 00000000 0095c189 00000000 0000006a 00000000 00000000 00000000 07051779 00000000 0095c1f3 00000000 00000000 00000000 00000000 00000039 008b3199 00000001 00000000 00000001 00000000 00000000 00000000 00000000 00000000 00000000 00000000 00000000 00000000 00000000 00000000 00000000 00000000 00000000 00000000 00000000 e5198642 00000001 9182793b 00000000 00000000 00000000 00000000 00000000 00000100 00000081 00000000 00000000 00000000 00000000 00000000 00000000 00000000 00003333 00004ccd 00002667 00000001 00000000 01c9c380 0000027c
capture_snapshot GLI1 00010000 30000000 2500000 601 0 30000000 0 0 0 0 0 0 0 8a7d66c4 00000000 91857978 00000000 00960190 00000000 00960190 00000000 0000006a 00000000 00000000 00000000 070817c9 00000000 009601fa 00000000 00000000 00000000 00000000 00000039 008b3199 00000001 00000000 00000001 00000000 00000000 00000000 00000000 00000000 00000000 00000000 00000000 00000000 00000000 00000000 00000000 00000000 00000000 00000000 00000000 e5238738 00000001 9185798b 00000000 00000000 00000000 00000000 00000000 00000101 00000081 00000000 00000000 00000000 00000000 00000000 00000000 00000000 00003333 00004ccd 00002667 00000001 00000000 01c9c380 0000027c
capture_snapshot GLI1 00010000 30000000 2500000 602 0 30000000 0 0 0 0 0 0 0 8a7d66c4 00000000 91887864 00000000 00964179 00000000 00964179 00000000 0000006a 00000000 00000000 00000000 070b16b3 00000000 009641e3 00000000 00000000 00000000 00000000 00000039 008b3199 00000001 00000000 00000001 00000000 00000000 00000000 00000000 00000000 00000000 00000000 00000000 00000000 00000000 00000000 00000000 00000000 00000000 00000000 00000000 e52d8385 00000001 91887875 00000000 00000000 00000000 00000000 00000000 00000101 00000080 00000000 00000000 00000000 00000000 00000000 00000000 00000000 00003333 00004ccd 00002667 00000001 00000000 01c9c380 0000027c
capture_snapshot GLI1 00010000 30000000 2500000 603 0 30000000 0 0 0 0 0 0 0 8a7d66c4 00000000 918b7990 00000000 00968192 00000000 00968192 00000000 0000006a 00000000 00000000 00000000 070e17e3 00000000 009681fc 00000000 00000000 00000000 00000000 00000039 008b3199 00000001 00000000 00000001 00000000 00000000 00000000 00000000 00000000 00000000 00000000 00000000 00000000 00000000 00000000 00000000 00000000 00000000 00000000 00000000 e5378767 00000001 918b79a5 00000000 00000000 00000000 00000000 00000000 00000101 00000080 00000000 00000000 00000000 00000000 00000000 00000000 00000000 00003333 00004ccd 00002667 00000001 00000000 01c9c380 0000027c
capture_snapshot GLI1 00010000 30000000 2500000 604 0 30000000 0 0 0 0 0 0 0 8a7d66c4 00000000 918e78ac 00000000 0096c17f 00000000 0096c17f 00000000 0000006a 00000000 00000000 00000000 07111701 00000000 0096c1e9 00000000 00000000 00000000 00000000 00000039 008b3199 00000001 00000000 00000001 00000000 00000000 00000000 00000000 00000000 00000000 00000000 00000000 00000000 00000000 00000000 00000000 00000000 00000000 00000000 00000000 e5418462 00000001 918e78c3 00000000 00000000 00000000 00000000 00000000 00000101 00000080 00000000 00000000 00000000 00000000 00000000 00000000 00000000 00003333 00004ccd 00002667 00000001 00000000 01c9c380 0000027c
capture_snapshot GLI1 00010000 30000000 2500000 605 0 30000000 0 0 0 0 0 0 0 8a7d66c4 00000000 919178f4 00000000 00970185 00000000 00970185 00000000 0000006a 00000000 00000000 00000000 07141741 00000000 009701ef 00000000 00000000 00000000 00000000 00000039 008b3199 00000001 00000000 00000001 00000000 00000000 00000000 00000000 00000000 00000000 00000000 00000000 00000000 00000000 00000000 00000000 00000000 00000000 00000000 00000000 e54b8524 00000001 91917903 00000000 00000000 00000000 00000000 00000000 00000101 00000080 00000000 00000000 00000000 00000000 00000000 00000000 00000000 00003333 00004ccd 00002667 00000001 00000000 01c9c380 0000027c
capture_snapshot GLI1 00010000 30000000 2500000 606 0 30000000 0 0 0 0 0 0 0 8a7d66c4 00000000 91947c78 00000000 009741d0 00000000 009741d0 00000000 0000006a 00000000 00000000 00000000 07171ac9 00000000 0097423a 00000000 00000000 00000000 00000000 00000039 008b3199 00000001 00000000 00000001 00000000 00000000 00000000 00000000 00000000 00000000 00000000 00000000 00000000 00000000 00000000 00000000 00000000 00000000 00000000 00000000 e55590d8 00000001 91947c8b 00000000 00000000 00000000 00000000 00000000 00000100 00000080 00000000 00000000 00000000 00000000 00000000 00000000 00000000 00003333 00004ccd 00002667 00000001 00000000 01c9c380 0000027c
capture_snapshot GLI1 00010000 30000000 2500000 607 0 30000000 0 0 0 0 0 0 0 8a7d66c4 00000000 9197808c 00000000 00978227 00000000 00978227 00000000 0000006a 00000000 00000000 00000000 071a1ed9 00000000 00978291 00000000 00000000 00000000 00000000 00000039 008b3199 00000001 00000000 00000001 00000000 00000000 00000000 00000000 00000000 00000000 00000000 00000000 00000000 00000000 00000000 00000000 00000000 00000000 00000000 00000000 e55f9e4f 00000001 9197809b 00000000 00000000 00000000 00000000 00000000 00000100 00000080 00000000 00000000 00000000 00000000 00000000 00000000 00000000 00003333 00004ccd 00002667 00000001 00000000 01c9c380 0000027c
capture_snapshot GLI1 00010000 30000000 2500000 608 0 30000000 0 0 0 0 0 0 0 8a7d66c4 00000000 919a7df8 00000000 0097c1f0 00000000 0097c1f0 00000000 0000006a 00000000 00000000 00000000 071d1c4b 00000000 0097c25a 00000000 00000000 00000000 00000000 00000039 008b3199 00000001 00000000 00000001 00000000 00000000 00000000 00000000 00000000 00000000 00000000 00000000 00000000 00000000 00000000 00000000 00000000 00000000 00000000 00000000 e56995b6 00000001 919a7e0d 00000000 00000000 00000000 00000000 00000000 00000101 00000081 00000000 00000000 00000000 00000000 00000000 00000000 00000000 00003333 00004ccd 00002667 00000001 00000000 01c9c380 0000027c
capture_snapshot GLI1 00010000 30000000 2500000 609 0 30000000 0 0 0 0 0 0 0 8a7d66c4 00000000 919d7a08 00000000 0098019c 00000000 0098019c 00000000 0000006a 00000000 00000000 00000000 0720185d 00000000 00980206 00000000 00000000 00000000 00000000 00000039 008b3199 00000001 00000000 00000001 00000000 00000000 00000000 00000000 00000000 00000000 00000000 00000000 00000000 00000000 00000000 00000000 00000000 00000000 00000000 00000000 e5738889 00000001 919d7a1f 00000000 00000000 00000000 00000000 00000000 00000101 00000081 00000000 00000000 00000000 00000000 00000000 00000000 00000000 00003333 00004ccd 00002667 00000001 00000000 01c9c380 0000027c
capture_snapshot GLI1 00010000 30000000 2500000 610 0 30000000 0 0 0 0 0 0 0 8a7d66c4 00000000 91a07f48 00000000 0098420c 00000000 0098420c 00000000 0000006a 00000000 00000000 00000000 07231d97 00000000 00984276 00000000 00000000 00000000 00000000 00000039 008b3199 00000001 00000000 00000001 00000000 00000000 00000000 00000000 00000000 00000000 00000000 00000000 00000000 00000000 00000000 00000000 00000000 00000000 00000000 00000000 e57d99e3 00000001 91a07f59 00000000 00000000 00000000 00000000 00000000 00000100 00000080 00000000 00000000 00000000 00000000 00000000 00000000 00000000 00003333 00004ccd 00002667 00000001 00000000 01c9c380 0000027c
capture_snapshot GLI1 00010000 30000000 2500000 611 0 30000000 0 0 0 0 0 0 0 8a7d66c4 00000000 91a37b40 00000000 009881b6 00000000 009881b6 00000000 0000006a 00000000 00000000 00000000 07261991 00000000 00988220 00000000 00000000 00000000 00000000 00000039 008b3199 00000001 00000000 00000001 00000000 00000000 00000000 00000000 00000000 00000000 00000000 00000000 00000000 00000000 00000000 00000000 00000000 00000000 00000000 00000000 e5878c67 00000001 91a37b53 00000000 00000000 00000000 00000000 00000000 00000100 00000080 00000000 00000000 00000000 00000000 00000000 00000000 00000000 00003333 00004ccd 00002667 00000001 00000000 01c9c380 0000027c
capture_snapshot GLI1 00010000 30000000 2500000 612 0 30000000 0 0 0 0 0 0 0 8a7d66c4 00000000 91a67990 00000000 0098c192 00000000 0098c192 00000000 0000006a 00000000 00000000 00000000 072917e7 00000000 0098c1fc 00000000 00000000 00000000 00000000 00000039 008b3199 00000001 00000000 00000001 00000000 00000000 00000000 00000000 00000000 00000000 00000000 00000000 00000000 00000000 00000000 00000000 00000000 00000000 00000000 00000000 e59186c5 00000001 91a679a9 00000000 00000000 00000000 00000000 00000000 00000101 00000080 00000000 00000000 00000000 00000000 00000000 00000000 00000000 00003333 00004ccd 00002667 00000001 00000000 01c9c380 0000027c
capture_snapshot GLI1 00010000 30000000 2500000 613 0 30000000 0 0 0 0 0 0 0 8a7d66c4 00000000 91a9793c 00000000 0099018b 00000000 0099018b 00000000 0000006a 00000000 00000000 00000000 072c1790 00000000 009901f5 00000000 00000000 00000000 00000000 00000039 008b3199 00000001 00000000 00000001 00000000 00000000 00000000 00000000 00000000 00000000 00000000 00000000 00000000 00000000 00000000 00000000 00000000 00000000 00000000 00000000 e59b8590 00000001 91a97952 00000000 00000000 00000000 00000000 00000000 00000101 00000081 00000000 00000000 00000000 00000000 00000000 00000000 00000000 00003333 00004ccd 00002667 00000001 00000000 01c9c380 0000027c
capture_snapshot GLI1 00010000 30000000 2500000 614 0 30000000 0 0 0 0 0 0 0 8a7d66c4 00000000 91ac7918 00000000 00994188 00000000 00994188 00000000 0000006a 00000000 00000000 00000000 072f1766 00000000 009941f2 00000000 00000000 00000000 00000000 00000039 008b3199 00000001 00000000 00000001 00000000 00000000 00000000 00000000 00000000 00000000 00000000 00000000 00000000 00000000 00000000 00000000 00000000 00000000 00000000 00000000 e5a584f2 00000001 91ac7928 00000000 00000000 00000000 00000000 00000000 00000100 00000080 00000000 00000000 00000000 00000000 00000000 00000000 00000000 00003333 00004ccd 00002667 00000001 00000000 01c9c380 0000027c
capture_snapshot GLI1 00010000 30000000 2500000 615 0 30000000 0 0 0 0 0 0 0 8a7d66c4 00000000 91af79c0 00000000 00998196 00000000 00998196 00000000 0000006a 00000000 00000000 00000000 0732180d 00000000 00998200 00000000 00000000 00000000 00000000 00000039 008b3199 00000001 00000000 00000001 00000000 00000000 00000000 00000000 00000000 00000000 00000000 00000000 00000000 00000000 00000000 00000000 00000000 00000000 00000000 00000000 e5af8708 00000001 91af79cf 00000000 00000000 00000000 00000000 00000000 00000100 00000080 00000000 00000000 00000000 00000000 00000000 00000000 00000000 00003333 00004ccd 00002667 00000001 00000000 01c9c380 0000027c
capture_snapshot GLI1 00010000 30000000 2500000 616 0 30000000 0 0 0 0 0 0 0 8a7d66c4 00000000 91b27930 00000000 0099c18a 00000000 0099c18a 00000000 0000006a 00000000 00000000 00000000 07351787 00000000 0099c1f4 00000000 00000000 00000000 00000000 00000039 008b3199 00000001 00000000 00000001 00000000 00000000 00000000 00000000 00000000 00000000 00000000 00000000 00000000 00000000 00000000 00000000 00000000 00000000 00000000 00000000 e5b98539 00000001 91b27949 00000000 00000000 00000000 00000000 00000000 00000100 00000080 00000000 00000000 00000000 00000000 00000000 00000000 00000000 00003333 00004ccd 00002667 00000001 00000000 01c9c380 0000027c
capture_snapshot GLI1 00010000 30000000 2500000 617 0 30000000 0 0 0 0 0 0 0 8a7d66c4 00000000 91b57984 00000000 009a0191 00000000 009a0191 00000000 0000006a 00000000 00000000 00000000 073817d3 00000000 009a01fb 00000000 00000000 00000000 00000000 00000039 008b3199 00000001 00000000 00000001 00000000 00000000 00000000 00000000 00000000 00000000 00000000 00000000 00000000 00000000 00000000 00000000 00000000 00000000 00000000 00000000 e5c38620 00000001 91b57995 00000000 00000000 00000000 00000000 00000000 00000100 00000080 00000000 00000000 00000000 00000000 00000000 00000000 00000000 00003333 00004ccd 00002667 00000001 00000000 01c9c380 0000027c
capture_snapshot GLI1 00010000 30000000 2500000 618 0 30000000 0 0 0 0 0 0 0 8a7d66c4 00000000 91b87960 00000000 009a418e 00000000 009a418e 00000000 0000006a 00000000 00000000 00000000 073b17ad 00000000 009a41f8 00000000 00000000 00000000 00000000 00000039 008b3199 00000001 00000000 00000001 00000000 00000000 00000000 00000000 00000000 00000000 00000000 00000000 00000000 00000000 00000000 00000000 00000000 00000000 00000000 00000000 e5cd8590 00000001 91b8796f 00000000 00000000 00000000 00000000 00000000 00000101 00000081 00000000 00000000 00000000 00000000 00000000 00000000 00000000 00003333 00004ccd 00002667 00000001 00000000 01c9c380 0000027c
capture_snapshot GLI1 00010000 30000000 2500000 619 0 30000000 0 0 0 0 0 0 0 8a7d66c4 00000000 91bb78f4 00000000 009a8185 00000000 009a8185 00000000 0000006a 00000000 00000000 00000000 073e1748 00000000 009a81ef 00000000 00000000 00000000 00000000 00000039 008b3199 00000001 00000000 00000001 00000000 00000000 00000000 00000000 00000000 00000000 00000000 00000000 00000000 00000000 00000000 00000000 00000000 00000000 00000000 00000000 e5d7842c 00000001 91bb790a 00000000 00000000 00000000 00000000 00000000 00000100 00000080 00000000 00000000 00000000 00000000 00000000 00000000 00000000 00003333 00004ccd 00002667 00000001 00000000 01c9c380 0000027c
capture_snapshot GLI1 00010000 30000000 2500000 620 0 30000000 0 0 0 0 0 0 0 8a7d66c4 00000000 91be7864 00000000 009ac179 00000000 009ac179 00000000 0000006a 00000000 00000000 00000000 074116bb 00000000 009ac1e3 00000000 00000000 00000000 00000000 00000039 008b3199 00000001 00000000 00000001 00000000 00000000 00000000 00000000 00000000 00000000 00000000 00000000 00000000 00000000 00000000 00000000 00000000 00000000 00000000 00000000 e5e18243 00000001 91be787d 00000000 00000000 00000000 00000000 00000000 00000100 00000080 00000000 00000000 00000000 00000000 00000000 00000000 00000000 00003333 00004ccd 00002667 00000001 00000000 01c9c380 0000027c
capture_snapshot GLI1 00010000 30000000 2500000 621 0 30000000 0 0 0 0 0 0 0 8a7d66c4 00000000 91c17930 00000000 009b018a 00000000 009b018a 00000000 0000006a 00000000 00000000 00000000 07441785 00000000 009b01f4 00000000 00000000 00000000 00000000 00000039 008b3199 00000001 00000000 00000001 00000000 00000000 00000000 00000000 00000000 00000000 00000000 00000000 00000000 00000000 00000000 00000000 00000000 00000000 00000000 00000000 e5eb84d1 00000001 91c17947 00000000 00000000 00000000 00000000 00000000 00000100 00000080 00000000 00000000 00000000 00000000 00000000 00000000 00000000 00003333 00004ccd 00002667 00000001 00000000 01c9c380 0000027c
capture_snapshot GLI1 00010000 30000000 2500000 622 0 30000000 0 0 0 0 0 0 0 8a7d66c4 00000000 91c47894 00000000 009b417d 00000000 009b417d 00000000 0000006a 00000000 00000000 00000000 074716e6 00000000 009b41e7 00000000 00000000 00000000 00000000 00000039 008b3199 00000001 00000000 00000001 00000000 00000000 00000000 00000000 00000000 00000000 00000000 00000000 00000000 00000000 00000000 00000000 00000000 00000000 00000000 00000000 e5f582aa 00000001 91c478a8 00000000 00000000 00000000 00000000 00000000 00000101 00000081 00000000 00000000 00000000 00000000 00000000 00000000 00000000 00003333 00004ccd 00002667 00000001 00000000 01c9c380 0000027c
capture_snapshot GLI1 00010000 30000000 2500000 623 0 30000000 0 0 0 0 0 0 0 8a7d66c4 00000000 91c7793c 00000000 009b818b 00000000 009b818b 00000000 0000006a 00000000 00000000 00000000 074a178a 00000000 009b81f5 00000000 00000000 00000000 00000000 00000039 008b3199 00000001 00000000 00000001 00000000 00000000 00000000 00000000 00000000 00000000 00000000 00000000 00000000 00000000 00000000 00000000 00000000 00000000 00000000 00000000 e5ff84b9 00000001 91c7794c 00000000 00000000 00000000 00000000 00000000 00000101 00000081 00000000 00000000 00000000 00000000 00000000 00000000 00000000 00003333 00004ccd 00002667 00000001 00000000 01c9c380 0000027c
capture_snapshot GLI1 00010000 30000000 2500000 624 0 30000000 0 0 0 0 0 0 0 8a7d66c4 00000000 91ca7a2c 00000000 009bc19f 00000000 009bc19f 00000000 0000006a 00000000 00000000 00000000 074d187c 00000000 009bc209 00000000 00000000 00000000 00000000 00000039 008b3199 00000001 00000000 00000001 00000000 00000000 00000000 00000000 00000000 00000000 00000000 00000000 00000000 00000000 00000000 00000000 00000000 00000000 00000000 00000000 e60987cc 00000001 91ca7a3e 00000000 00000000 00000000 00000000 00000000 00000101 00000081 00000000 00000000 00000000 00000000 00000000 00000000 00000000 00003333 00004ccd 00002667 00000001 00000000 01c9c380 0000027c
capture_snapshot GLI1 00010000 30000000 2500000 625 0 30000000 0 0 0 0 0 0 0 8a7d66c4 00000000 91cd78f4 00000000 009c0185 00000000 009c0185 00000000 0000006a 00000000 00000000 00000000 07501745 00000000 009c01ef 00000000 00000000 00000000 00000000 00000039 008b3199 00000001 00000000 00000001 00000000 00000000 00000000 00000000 00000000 00000000 00000000 00000000 00000000 00000000 00000000 00000000 00000000 00000000 00000000 00000000 e61383ac 00000001 91cd7907 00000000 00000000 00000000 00000000 00000000 00000101 00000081 00000000 00000000 00000000 00000000 00000000 00000000 00000000 00003333 00004ccd 00002667 00000001 00000000 01c9c380 0000027c
capture_snapshot GLI1 00010000 30000000 2500000 626 0 30000000 0 0 0 0 0 0 0 8a7d66c4 00000000 91d07a2c 00000000 009c419f 00000000 009c419f 00000000 0000006a 00000000 00000000 00000000 0753187f 00000000 009c4209 00000000 00000000 00000000 00000000 00000039 008b3199 00000001 00000000 00000001 00000000 00000000 00000000 00000000 00000000 00000000 00000000 00000000 00000000 00000000 00000000 00000000 00000000 00000000 00000000 00000000 e61d87af 00000001 91d07a41 00000000 00000000 00000000 00000000 00000000 00000101 00000081 00000000 00000000 00000000 00000000 00000000 00000000 00000000 00003333 00004ccd 00002667 00000001 00000000 01c9c380 0000027c
capture_snapshot GLI1 00010000 30000000 2500000 627 0 30000000 0 0 0 0 0 0 0 8a7d66c4 00000000 91d378dc 00000000 009c8183 00000000 009c8183 00000000 0000006a 00000000 00000000 00000000 07561733 00000000 009c81ed 00000000 00000000 00000000 00000000 00000039 008b3199 00000001 00000000 00000001 00000000 00000000 00000000 00000000 00000000 00000000 00000000 00000000 00000000 00000000 00000000 00000000 00000000 00000000 00000000 00000000 e6278348 00000001 91d378f5 00000000 00000000 00000000 00000000 00000000 00000101 00000080 00000000 00000000 00000000 00000000 00000000 00000000 00000000 00003333 00004ccd 00002667 00000001 00000000 01c9c380 0000027c
capture_snapshot GLI1 00010000 30000000 2500000 628 0 30000000 0 0 0 0 0 0 0 8a7d66c4 00000000 91d67810 00000000 009cc172 00000000 009cc172 00000000 0000006a 00000000 00000000 00000000 0759165e 00000000 009cc1dc 00000000 00000000 00000000 00000000 00000039 008b3199 00000001 00000000 00000001 00000000 00000000 00000000 00000000 00000000 00000000 00000000 00000000 00000000 00000000 00000000 00000000 00000000 00000000 00000000 00000000 e6318071 00000001 91d67820 00000000 00000000 00000000 00000000 00000000 00000100 00000080 00000000 00000000 00000000 00000000 00000000 00000000 00000000 00003333 00004ccd 00002667 00000001 00000000 01c9c380 0000027c
capture_snapshot GLI1 00010000 30000000 2500000 629 0 30000000 0 0 0 0 0 0 0 8a7d66c4 00000000 91d97f30 00000000 009d020a 00000000 009d020a 00000000 0000006a 00000000 00000000 00000000 075c1d85 00000000 009d0274 00000000 00000000 00000000 00000000 00000039 008b3199 00000001 00000000 00000001 00000000 00000000 00000000 00000000 00000000 00000000 00000000 00000000 00000000 00000000 00000000 00000000 00000000 00000000 00000000 00000000 e63b9835 00000001 91d97f47 00000000 00000000 00000000 00000000 00000000 00000100 00000080 00000000 00000000 00000000 00000000 00000000 00000000 00000000 00003333 00004ccd 00002667 00000001 00000000 01c9c380 0000027c
capture_snapshot GLI1 00010000 30000000 2500000 630 0 30000000 0 0 0 0 0 0 0 8a7d66c4 00000000 91dc7f9c 00000000 009d4213 00000000 009d4213 00000000 0000006a 00000000 00000000 00000000 075f1dee 00000000 009d427d 00000000 00000000 00000000 00000000 00000039 008b3199 00000001 00000000 00000001 00000000 00000000 00000000 00000000 00000000 00000000 00000000 00000000 00000000 00000000 00000000 00000000 00000000 00000000 00000000 00000000 e645997f 00000001 91dc7fb0 00000000 00000000 00000000 00000000 00000000 00000100 00000080 00000000 00000000 00000000 00000000 00000000 00000000 00000000 00003333 00004ccd 00002667 00000001 00000000 01c9c380 0000027c
capture_snapshot GLI1 00010000 30000000 2500000 631 0 30000000 0 0 0 0 0 0 0 8a7d66c4 00000000 91df7dbc 00000000 009d81eb 00000000 009d81eb 00000000 0000006a 00000000 00000000 00000000 07621c0a 00000000 009d8255 00000000 00000000 00000000 00000000 00000039 008b3199 00000001 00000000 00000001 00000000 00000000 00000000 00000000 00000000 00000000 00000000 00000000 00000000 00000000 00000000 00000000 00000000 00000000 00000000 00000000 e64f931e 00000001 91df7dcc 00000000 00000000 00000000 00000000 00000000 00000100 00000080 00000000 00000000 00000000 00000000 00000000 00000000 00000000 00003333 00004ccd 00002667 00000001 00000000 01c9c380 0000027c
capture_snapshot GLI1 00010000 30000000 2500000 632 0 30000000 0 0 0 0 0 0 0 8a7d66c4 00000000 91e27954 00000000 009dc18d 00000000 009dc18d 00000000 0000006a 00000000 00000000 00000000 076517ab 00000000 009dc1f7 00000000 00000000 00000000 00000000 00000039 008b3199 00000001 00000000 00000001 00000000 00000000 00000000 00000000 00000000 00000000 00000000 00000000 00000000 00000000 00000000 00000000 00000000 00000000 00000000 00000000 e6598479 00000001 91e2796d 00000000 00000000 00000000 00000000 00000000 00000100 00000080 00000000 00000000 00000000 00000000 00000000 00000000 00000000 00003333 00004ccd 00002667 00000001 00000000 01c9c380 0000027c
capture_snapshot GLI1 00010000 30000000 2500000 633 0 30000000 0 0 0 0 0 0 0 8a7d66c4 00000000 91e57954 00000000 009e018d 00000000 009e018d 00000000 0000006a 00000000 00000000 00000000 076817a3 00000000 009e01f7 00000000 00000000 00000000 00000000 00000039 008b3199 00000001 00000000 00000001 00000000 00000000 00000000 00000000 00000000 00000000 00000000 00000000 00000000 00000000 00000000 00000000 00000000 00000000 00000000 00000000 e6638448 00000001 91e57965 00000000 00000000 00000000 00000000 00000000 00000100 00000080 00000000 00000000 00000000 00000000 00000000 00000000 00000000 00003333 00004ccd 00002667 00000001 00000000 01c9c380 0000027c
capture_snapshot GLI1 00010000 30000000 2500000 634 0 30000000 0 0 0 0 0 0 0 8a7d66c4 00000000 91e8796c 00000000 009e418f 00000000 009e418f 00000000 0000006a 00000000 00000000 00000000 076b17be 00000000 009e41f9 00000000 00000000 00000000 00000000 00000039 008b3199 00000001 00000000 00000001 00000000 00000000 00000000 00000000 00000000 00000000 00000000 00000000 00000000 00000000 00000000 00000000 00000000 00000000 00000000 00000000 e66d848f 00000001 91e87980 00000000 00000000 00000000 00000000 00000000 00000101 00000080 00000000 00000000 00000000 00000000 00000000 00000000 00000000 00003333 00004ccd 00002667 00000001 00000000 01c9c380 0000027c
capture_snapshot GLI1 00010000 30000000 2500000 635 0 30000000 0 0 0 0 0 0 0 8a7d66c4 00000000 91eb7930 00000000 009e818a 00000000 009e818a 00000000 0000006a 00000000 00000000 00000000 076e1783 00000000 009e81f4 00000000 00000000 00000000 00000000 00000039 008b3199 00000001 00000000 00000001 00000000 00000000 00000000 00000000 00000000 00000000 00000000 00000000 00000000 00000000 00000000 00000000 00000000 00000000 00000000 00000000 e67783b9 00000001 91eb7945 00000000 00000000 00000000 00000000 00000000 00000100 00000080 00000000 00000000 00000000 00000000 00000000 00000000 00000000 00003333 00004ccd 00002667 00000001 00000000 01c9c380 0000027c
capture_snapshot GLI1 00010000 30000000 2500000 636 0 30000000 0 0 0 0 0 0 0 8a7d66c4 00000000 91ee7a8c 00000000 009ec1a7 00000000 009ec1a7 00000000 0000006a 00000000 00000000 00000000 077118d9 00000000 009ec211 00000000 00000000 00000000 00000000 00000039 008b3199 00000001 00000000 00000001 00000000 00000000 00000000 00000000 00000000 00000000 00000000 00000000 00000000 00000000 00000000 00000000 00000000 00000000 00000000 00000000 e6818818 00000001 91ee7a9b 00000000 00000000 00000000 00000000 00000000 00000101 00000081 00000000 00000000 00000000 00000000 00000000 00000000 00000000 00003333 00004ccd 00002667 00000001 00000000 01c9c380 0000027c
capture_snapshot GLI1 00010000 30000000 2500000 637 0 30000000 0 0 0 0 0 0 0 8a7d66c4 00000000 91f17894 00000000 009f017d 00000000 009f017d 00000000 0000006a 00000000 00000000 00000000 077416e5 00000000 009f01e7 00000000 00000000 00000000 00000000 00000039 008b3199 00000001 00000000 00000001 00000000 00000000 00000000 00000000 00000000 00000000 00000000 00000000 00000000 00000000 00000000 00000000 00000000 00000000 00000000 00000000 e68b8182 00000001 91f178a7 00000000 00000000 00000000 00000000 00000000 00000101 00000081 00000000 00000000 00000000 00000000 00000000 00000000 00000000 00003333 00004ccd 00002667 00000001 00000000 01c9c380 0000027c
capture_snapshot GLI1 00010000 30000000 2500000 638 0 30000000 0 0 0 0 0 0 0 8a7d66c4 00000000 91f479e4 00000000 009f4199 00000000 009f4199 00000000 0000006a 00000000 00000000 00000000 07771837 00000000 009f4203 00000000 00000000 00000000 00000000 00000039 008b3199 00000001 00000000 00000001 00000000 00000000 00000000 00000000 00000000 00000000 00000000 00000000 00000000 00000000 00000000 00000000 00000000 00000000 00000000 00000000 e69585d4 00000001 91f479f9 00000000 00000000 00000000 00000000 00000000 00000100 00000080 00000000 00000000 00000000 00000000 00000000 00000000 00000000 00003333 00004ccd 00002667 00000001 00000000 01c9c380 0000027c
capture_snapshot GLI1 00010000 30000000 2500000 639 0 30000000 0 0 0 0 0 0 0 8a7d66c4 00000000 91f77954 00000000 009f818d 00000000 009f818d 00000000 0000006a 00000000 00000000 00000000 077a17a7 00000000 009f81f7 00000000 00000000 00000000 00000000 00000039 008b3199 00000001 00000000 00000001 00000000 00000000 00000000 00000000 00000000 00000000 00000000 00000000 00000000 00000000 00000000 00000000 00000000 00000000 00000000 00000000 e69f83e3 00000001 91f77969 00000000 00000000 00000000 00000000 00000000 00000100 00000080 00000000 00000000 00000000 00000000 00000000 00000000 00000000 00003333 00004ccd 00002667 00000001 00000000 01c9c380 0000027c
capture_snapshot GLI1 00010000 30000000 2500000 640 0 30000000 0 0 0 0 0 0 0 8a7d66c4 00000000 91fa78ac 00000000 009fc17f 00000000 009fc17f 00000000 0000006a 00000000 00000000 00000000 077d16fd 00000000 009fc1e9 00000000 00000000 00000000 00000000 00000039 008b3199 00000001 00000000 00000001 00000000 00000000 00000000 00000000 00000000 00000000 00000000 00000000 00000000 00000000 00000000 00000000 00000000 00000000 00000000 00000000 e6a98199 00000001 91fa78bf 00000000 00000000 00000000 00000000 00000000 00000100 00000080 00000000 00000000 00000000 00000000 00000000 00000000 00000000 00003333 00004ccd 00002667 00000001 00000000 01c9c380 0000027c
capture_snapshot GLI1 00010000 30000000 2500000 641 0 30000000 0 0 0 0 0 0 0 8a7d66c4 00000000 91fd7984 00000000 00a00191 00000000 00a00191 00000000 0000006a 00000000 00000000 00000000 078017d5 00000000 00a001fb 00000000 00000000 00000000 00000000 00000039 008b3199 00000001 00000000 00000001 00000000 00000000 00000000 00000000 00000000 00000000 00000000 00000000 00000000 00000000 00000000 00000000 00000000 00000000 00000000 00000000 e6b38454 00000001 91fd7997 00000000 00000000 00000000 00000000 00000000 00000101 00000081 00000000 00000000 00000000 00000000 00000000 00000000 00000000 00003333 00004ccd 00002667 00000001 00000000 01c9c380 0000027c
capture_snapshot GLI1 00010000 30000000 2500000 642 0 30000000 0 0 0 0 0 0 0 8a7d66c4 00000000 92007930 00000000 00a0418a 00000000 00a0418a 00000000 0000006a 00000000 00000000 00000000 0783177f 00000000 00a041f4 00000000 00000000 00000000 00000000 00000039 008b3199 00000001 00000000 00000001 00000000 00000000 00000000 00000000 00000000 00000000 00000000 00000000 00000000 00000000 00000000 00000000 00000000 00000000 00000000 00000000 e6bd8321 00000001 92007941 00000000 00000000 00000000 00000000 00000000 00000101 00000080 00000000 00000000 00000000 00000000 00000000 00000000 00000000 00003333 00004ccd 00002667 00000001 00000000 01c9c380 0000027c
capture_snapshot GLI1 00010000 30000000 2500000 643 0 30000000 0 0 0 0 0 0 0 8a7d66c4 00000000 92038bd8 00000000 00a08318 00000000 00a08318 00000000 0000006a 00000000 00000000 00000000 07862a28 00000000 00a08382 00000000 00000000 00000000 00000000 00000039 008b3199 00000001 00000000 00000001 00000000 00000000 00000000 00000000 00000000 00000000 00000000 00000000 00000000 00000000 00000000 00000000 00000000 00000000 00000000 00000000 e6c7c141 00000001 92038bea 00000000 00000000 00000000 00000000 00000000 00000101 00000081 00000000 00000000 00000000 00000000 00000000 00000000 00000000 00003333 00004ccd 00002667 00000001 00000000 01c9c380 0000027c
capture_snapshot GLI1 00010000 30000000 2500000 644 0 30000000 0 0 0 0 0 0 0 8a7d66c4 00000000 92068584 00000000 00a0c291 00000000 00a0c291 00000000 0000006a 00000000 00000000 00000000 078923d2 00000000 00a0c2fb 00000000 00000000 00000000 00000000 00000039 008b3199 00000001 00000000 00000001 00000000 00000000 00000000 00000000 00000000 00000000 00000000 00000000 00000000 00000000 00000000 00000000 00000000 00000000 00000000 00000000 e6d1ac10 00000001 92068594 00000000 00000000 00000000 00000000 00000000 00000101 00000081 00000000 00000000 00000000 00000000 00000000 00000000 00000000 00003333 00004ccd 00002667 00000001 00000000 01c9c380 0000027c
capture_snapshot GLI1 00010000 30000000 2500000 645 0 30000000 0 0 0 0 0 0 0 8a7d66c4 00000000 92098488 00000000 00a1027c 00000000 00a1027c 00000000 0000006a 00000000 00000000 00000000 078c22db 00000000 00a102e6 00000000 00000000 00000000 00000000 00000039 008b3199 00000001 00000000 00000001 00000000 00000000 00000000 00000000 00000000 00000000 00000000 00000000 00000000 00000000 00000000 00000000 00000000 00000000 00000000 00000000 e6dba8c5 00000001 9209849d 00000000 00000000 00000000 00000000 00000000 00000101 00000080 00000000 00000000 00000000 00000000 00000000 00000000 00000000 00003333 00004ccd 00002667 00000001 00000000 01c9c380 0000027c
capture_snapshot GLI1 00010000 30000000 2500000 646 0 30000000 0 0 0 0 0 0 0 8a7d66c4 00000000 920c8524 00000000 00a14289 00000000 00a14289 00000000 0000006a 00000000 00000000 00000000 078f2372 00000000 00a142f3 00000000 00000000 00000000 00000000 00000039 008b3199 00000001 00000000 00000001 00000000 00000000 00000000 00000000 00000000 00000000 00000000 00000000 00000000 00000000 00000000 00000000 00000000 00000000 00000000 00000000 e6e5aaa8 00000001 920c8534 00000000 00000000 00000000 00000000 00000000 00000101 00000081 00000000 00000000 00000000 00000000 00000000 00000000 00000000 00003333 00004ccd 00002667 00000001 00000000 01c9c380 0000027c
capture_snapshot GLI1 00010000 30000000 2500000 647 0 30000000 0 0 0 0 0 0 0 8a7d66c4 00000000 920f85d8 00000000 00a18298 00000000 00a18298 00000000 0000006a 00000000 00000000 00000000 07922425 00000000 00a18302 00000000 00000000 00000000 00000000 00000039 008b3199 00000001 00000000 00000001 00000000 00000000 00000000 00000000 00000000 00000000 00000000 00000000 00000000 00000000 00000000 00000000 00000000 00000000 00000000 00000000 e6eface9 00000001 920f85e7 00000000 00000000 00000000 00000000 00000000 00000101 00000081 00000000 00000000 00000000 00000000 00000000 00000000 00000000 00003333 00004ccd 00002667 00000001 00000000 01c9c380 0000027c
capture_snapshot GLI1 00010000 30000000 2500000 648 0 30000000 0 0 0 0 0 0 0 8a7d66c4 00000000 92128554 00000000 00a1c28d 00000000 00a1c28d 00000000 0000006a 00000000 00000000 00000000 079523a3 00000000 00a1c2f7 00000000 00000000 00000000 00000000 00000039 008b3199 00000001 00000000 00000001 00000000 00000000 00000000 00000000 00000000 00000000 00000000 00000000 00000000 00000000 00000000 00000000 00000000 00000000 00000000 00000000 e6f9ab24 00000001 92128565 00000000 00000000 00000000 00000000 00000000 00000101 00000080 00000000 00000000 00000000 00000000 00000000 00000000 00000000 00003333 00004ccd 00002667 00000001 00000000 01c9c380 0000027c
capture_snapshot GLI1 00010000 30000000 2500000 649 0 30000000 0 0 0 0 0 0 0 8a7d66c4 00000000 92158590 00000000 00a20292 00000000 00a20292 00000000 0000006a 00000000 00000000 00000000 079823e3 00000000 00a202fc 00000000 00000000 00000000 00000000 00000039 008b3199 00000001 00000000 00000001 00000000 00000000 00000000 00000000 00000000 00000000 00000000 00000000 00000000 00000000 00000000 00000000 00000000 00000000 00000000 00000000 e703abe6 00000001 921585a5 00000000 00000000 00000000 00000000 00000000 00000101 00000081 00000000 00000000 00000000 00000000 00000000 00000000 00000000 00003333 00004ccd 00002667 00000001 00000000 01c9c380 0000027c
capture_snapshot GLI1 00010000 30000000 2500000 650 0 30000000 0 0 0 0 0 0 0 8a7d66c4 00000000 92188584 00000000 00a24291 00000000 00a24291 00000000 0000006a 00000000 00000000 00000000 079b23d5 00000000 00a242fb 00000000 00000000 00000000 00000000 00000039 008b3199 00000001 00000000 00000001 00000000 00000000 00000000 00000000 00000000 00000000 00000000 00000000 00000000 00000000 00000000 00000000 00000000 00000000 00000000 00000000 e70daba5 00000001 92188597 00000000 00000000 00000000 00000000 00000000 00000101 00000081 00000000 00000000 00000000 00000000 00000000 00000000 00000000 00003333 00004ccd 00002667 00000001 00000000 01c9c380 0000027c
capture_snapshot GLI1 00010000 30000000 2500000 651 0 30000000 0 0 0 0 0 0 0 8a7d66c4 00000000 921b8494 00000000 00a2827d 00000000 00a2827d 00000000 0000006a 00000000 00000000 00000000 079e22e2 00000000 00a282e7 00000000 00000000 00000000 00000000 00000039 008b3199 00000001 00000000 00000001 00000000 00000000 00000000 00000000 00000000 00000000 00000000 00000000 00000000 00000000 00000000 00000000 00000000 00000000 00000000 00000000 e717a866 00000001 921b84a4 00000000 00000000 00000000 00000000 00000000 00000101 00000080 00000000 00000000 00000000 00000000 00000000 00000000 00000000 00003333 00004ccd 00002667 00000001 00000000 01c9c380 0000027c
capture_snapshot GLI1 00010000 30000000 2500000 652 0 30000000 0 0 0 0 0 0 0 8a7d66c4 00000000 921e859c 00000000 00a2c293 00000000 00a2c293 00000000 0000006a 00000000 00000000 00000000 07a123f4 00000000 00a2c2fd 00000000 00000000 00000000 00000000 00000039 008b3199 00000001 00000000 00000001 00000000 00000000 00000000 00000000 00000000 00000000 00000000 00000000 00000000 00000000 00000000 00000000 00000000 00000000 00000000 00000000 e721abe3 00000001 921e85b6 00000000 00000000 00000000 00000000 00000000 00000100 00000080 00000000 00000000 00000000 00000000 00000000 00000000 00000000 00003333 00004ccd 00002667 00000001 00000000 01c9c380 0000027c
capture_snapshot GLI1 00010000 30000000 2500000 653 0 30000000 0 0 0 0 0 0 0 8a7d66c4 00000000 92218908 00000000 00a302dc 00000000 00a302dc 00000000 0000006a 00000000 00000000 00000000 07a4275a 00000000 00a30346 00000000 00000000 00000000 00000000 00000039 008b3199 00000001 00000000 00000001 00000000 00000000 00000000 00000000 00000000 00000000 00000000 00000000 00000000 00000000 00000000 00000000 00000000 00000000 00000000 00000000 e72bb725 00000001 9221891c 00000000 00000000 00000000 00000000 00000000 00000101 00000081 00000000 00000000 00000000 00000000 00000000 00000000 00000000 00003333 00004ccd 00002667 00000001 00000000 01c9c380 0000027c
capture_snapshot GLI1 00010000 30000000 2500000 654 0 30000000 0 0 0 0 0 0 0 8a7d66c4 00000000 922486ec 00000000 00a342af 00000000 00a342af 00000000 0000006a 00000000 00000000 00000000 07a72542 00000000 00a34319 00000000 00000000 00000000 00000000 00000039 008b3199 00000001 00000000 00000001 00000000 00000000 00000000 00000000 00000000 00000000 00000000 00000000 00000000 00000000 00000000 00000000 00000000 00000000 00000000 00000000 e735b017 00000001 92248704 00000000 00000000 00000000 00000000 00000000 00000101 00000081 00000000 00000000 00000000 00000000 00000000 00000000 00000000 00003333 00004ccd 00002667 00000001 00000000 01c9c380 0000027c
capture_snapshot GLI1 00010000 30000000 2500000 655 0 30000000 0 0 0 0 0 0 0 8a7d66c4 00000000 92278704 00000000 00a382b1 00000000 00a382b1 00000000 0000006a 00000000 00000000 00000000 07aa2557 00000000 00a3831b 00000000 00000000 00000000 00000000 00000039 008b3199 00000001 00000000 00000001 00000000 00000000 00000000 00000000 00000000 00000000 00000000 00000000 00000000 00000000 00000000 00000000 00000000 00000000 00000000 00000000 e73fb04a 00000001 92278719 00000000 00000000 00000000 00000000 00000000 00000101 00000080 00000000 00000000 00000000 00000000 00000000 00000000 00000000 00003333 00004ccd 00002667 00000001 00000000 01c9c380 0000027c
capture_snapshot GLI1 00010000 30000000 2500000 656 0 30000000 0 0 0 0 0 0 0 8a7d66c4 00000000 922a83e0 00000000 00a3c26e 00000000 00a3c26e 00000000 0000006a 00000000 00000000 00000000 07ad2233 00000000 00a3c2d8 00000000 00000000 00000000 00000000 00000039 008b3199 00000001 00000000 00000001 00000000 00000000 00000000 00000000 00000000 00000000 00000000 00000000 00000000 00000000 00000000 00000000 00000000 00000000 00000000 00000000 e749a5be 00000001 922a83f5 00000000 00000000 00000000 00000000 00000000 00000101 00000081 00000000 00000000 00000000 00000000 00000000 00000000 00000000 00003333 00004ccd 00002667 00000001 00000000 01c9c380 0000027c
capture_snapshot GLI1 00010000 30000000 2500000 657 0 30000000 0 0 0 0 0 0 0 8a7d66c4 00000000 922d8494 00000000 00a4027d 00000000 00a4027d 00000000 0000006a 00000000 00000000 00000000 07b022e9 00000000 00a402e7 00000000 00000000 00000000 00000000 00000039 008b3199 00000001 00000000 00000001 00000000 00000000 00000000 00000000 00000000 00000000 00000000 00000000 00000000 00000000 00000000 00000000 00000000 00000000 00000000 00000000 e753a809 00000001 922d84ab 00000000 00000000 00000000 00000000 00000000 00000101 00000081 00000000 00000000 00000000 00000000 00000000 00000000 00000000 00003333 00004ccd 00002667 00000001 00000000 01c9c380 0000027c
capture_snapshot GLI1 00010000 30000000 2500000 658 0 30000000 0 0 0 0 0 0 0 8a7d66c4 00000000 923084ac 00000000 00a4427f 00000000 00a4427f 00000000 0000006a 00000000 00000000 00000000 07b32302 00000000 00a442e9 00000000 00000000 00000000 00000000 00000039 008b3199 00000001 00000000 00000001 00000000 00000000 00000000 00000000 00000000 00000000 00000000 00000000 00000000 00000000 00000000 00000000 00000000 00000000 00000000 00000000 e75da849 00000001 923084c4 00000000 00000000 00000000 00000000 00000000 00000101 00000081 00000000 00000000 00000000 00000000 00000000 00000000 00000000 00003333 00004ccd 00002667 00000001 00000000 01c9c380 0000027c
capture_snapshot GLI1 00010000 30000000 2500000 659 0 30000000 0 0 0 0 0 0 0 8a7d66c4 00000000 923383d4 00000000 00a4826d 00000000 00a4826d 00000000 0000006a 00000000 00000000 00000000 07b62223 00000000 00a482d7 00000000 00000000 00000000 00000000 00000039 008b3199 00000001 00000000 00000001 00000000 00000000 00000000 00000000 00000000 00000000 00000000 00000000 00000000 00000000 00000000 00000000 00000000 00000000 00000000 00000000 e767a54d 00000001 923383e5 00000000 00000000 00000000 00000000 00000000 00000101 00000080 00000000 00000000 00000000 00000000 00000000 00000000 00000000 00003333 00004ccd 00002667 00000001 00000000 01c9c380 0000027c
capture_snapshot GLI1 00010000 30000000 2500000 660 0 30000000 0 0 0 0 0 0 0 8a7d66c4 00000000 92368464 00000000 00a4c279 00000000 00a4c279 00000000 0000006a 00000000 00000000 00000000 07b922b2 00000000 00a4c2e3 00000000 00000000 00000000 00000000 00000039 008b3199 00000001 00000000 00000001 00000000 00000000 00000000 00000000 00000000 00000000 00000000 00000000 00000000 00000000 00000000 00000000 00000000 00000000 00000000 00000000 e771a716 00000001 92368474 00000000 00000000 00000000 00000000 00000000 00000101 00000080 00000000 00000000 00000000 00000000 00000000 00000000 00000000 00003333 00004ccd 00002667 00000001 00000000 01c9c380 0000027c
capture_snapshot GLI1 00010000 30000000 2500000 661 0 30000000 0 0 0 0 0 0 0 8a7d66c4 00000000 923984c4 00000000 00a50281 00000000 00a50281 00000000 0000006a 00000000 00000000 00000000 07bc2312 00000000 00a502eb 00000000 00000000 00000000 00000000 00000039 008b3199 00000001 00000000 00000001 00000000 00000000 00000000 00000000 00000000 00000000 00000000 00000000 00000000 00000000 00000000 00000000 00000000 00000000 00000000 00000000 e77ba845 00000001 923984d4 00000000 00000000 00000000 00000000 00000000 00000100 00000080 00000000 00000000 00000000 00000000 00000000 00000000 00000000 00003333 00004ccd 00002667 00000001 00000000 01c9c380 0000027c
capture_snapshot GLI1 00010000 30000000 2500000 662 0 30000000 0 0 0 0 0 0 0 8a7d66c4 00000000 923c8758 00000000 00a542b8 00000000 00a542b8 00000000 0000006a 00000000 00000000 00000000 07bf25ab 00000000 00a54322 00000000 00000000 00000000 00000000 00000039 008b3199 00000001 00000000 00000001 00000000 00000000 00000000 00000000 00000000 00000000 00000000 00000000 00000000 00000000 00000000 00000000 00000000 00000000 00000000 00000000 e785b0da 00000001 923c876d 00000000 00000000 00000000 00000000 00000000 00000100 00000080 00000000 00000000 00000000 00000000 00000000 00000000 00000000 00003333 00004ccd 00002667 00000001 00000000 01c9c380 0000027c
capture_snapshot GLI1 00010000 30000000 2500000 663 0 30000000 0 0 0 0 0 0 0 8a7d66c4 00000000 923f8a1c 00000000 00a582f3 00000000 00a582f3 00000000 0000006a 00000000 00000000 00000000 07c2286e 00000000 00a5835d 00000000 00000000 00000000 00000000 00000039 008b3199 00000001 00000000 00000001 00000000 00000000 00000000 00000000 00000000 00000000 00000000 00000000 00000000 00000000 00000000 00000000 00000000 00000000 00000000 00000000 e78fb9fa 00000001 923f8a30 00000000 00000000 00000000 00000000 00000000 00000101 00000081 00000000 00000000 00000000 00000000 00000000 00000000 00000000 00003333 00004ccd 00002667 00000001 00000000 01c9c380 0000027c
capture_snapshot GLI1 00010000 30000000 2500000 664 0 30000000 0 0 0 0 0 0 0 8a7d66c4 00000000 92428b9c 00000000 00a5c313 00000000 00a5c313 00000000 0000006a 00000000 00000000 00000000 07c529f2 00000000 00a5c37d 00000000 00000000 00000000 00000000 00000039 008b3199 00000001 00000000 00000001 00000000 00000000 00000000 00000000 00000000 00000000 00000000 00000000 00000000 00000000 00000000 00000000 00000000 00000000 00000000 00000000 e799bef4 00000001 92428bb4 00000000 00000000 00000000 00000000 00000000 00000101 00000081 00000000 00000000 00000000 00000000 00000000 00000000 00000000 00003333 00004ccd 00002667 00000001 00000000 01c9c380 0000027c
capture_snapshot GLI1 00010000 30000000 2500000 665 0 30000000 0 0 0 0 0 0 0 8a7d66c4 00000000 924594f0 00000000 00a603da 00000000 00a603da 00000000 0000006a 00000000 00000000 00000000 07c83344 00000000 00a60444 00000000 00000000 00000000 00000000 00000039 008b3199 00000001 00000000 00000001 00000000 00000000 00000000 00000000 00000000 00000000 00000000 00000000 00000000 00000000 00000000 00000000 00000000 00000000 00000000 00000000 e7a3ddf2 00000001 92459506 00000000 00000000 00000000 00000000 00000000 00000101 00000080 00000000 00000000 00000000 00000000 00000000 00000000 00000000 00003333 00004ccd 00002667 00000001 00000000 01c9c380 0000027c
capture_snapshot GLI1 00010000 30000000 2500000 666 0 30000000 0 0 0 0 0 0 0 8a7d66c4 00000000 924893c4 00000000 00a643c1 00000000 00a643c1 00000000 0000006a 00000000 00000000 00000000 07cb3211 00000000 00a6442b 00000000 00000000 00000000 00000000 00000039 008b3199 00000001 00000000 00000001 00000000 00000000 00000000 00000000 00000000 00000000 00000000 00000000 00000000 00000000 00000000 00000000 00000000 00000000 00000000 00000000 e7add9de 00000001 924893d3 00000000 00000000 00000000 00000000 00000000 00000101 00000081 00000000 00000000 00000000 00000000 00000000 00000000 00000000 00003333 00004ccd 00002667 00000001 00000000 01c9c380 0000027c
capture_snapshot GLI1 00010000 30000000 2500000 667 0 30000000 0 0 0 0 0 0 0 8a7d66c4 00000000 924b9520 00000000 00a683de 00000000 00a683de 00000000 0000006a 00000000 00000000 00000000 07ce3373 00000000 00a68448 00000000 00000000 00000000 00000000 00000039 008b3199 00000001 00000000 00000001 00000000 00000000 00000000 00000000 00000000 00000000 00000000 00000000 00000000 00000000 00000000 00000000 00000000 00000000 00000000 00000000 e7b7de68 00000001 924b9535 00000000 00000000 00000000 00000000 00000000 00000100 00000080 00000000 00000000 00000000 00000000 00000000 00000000 00000000 00003333 00004ccd 00002667 00000001 00000000 01c9c380 0000027c
capture_snapshot GLI1 00010000 30000000 2500000 668 0 30000000 0 0 0 0 0 0 0 8a7d66c4 00000000 924e8b0c 00000000 00a6c307 00000000 00a6c307 00000000 0000006a 00000000 00000000 00000000 07d12962 00000000 00a6c371 00000000 00000000 00000000 00000000 00000039 008b3199 00000001 00000000 00000001 00000000 00000000 00000000 00000000 00000000 00000000 00000000 00000000 00000000 00000000 00000000 00000000 00000000 00000000 00000000 00000000 e7c1bcc5 00000001 924e8b24 00000000 00000000 00000000 00000000 00000000 00000101 00000080 00000000 00000000 00000000 00000000 00000000 00000000 00000000 00003333 00004ccd 00002667 00000001 00000000 01c9c380 0000027c
capture_snapshot GLI1 00010000 30000000 2500000 669 0 30000000 0 0 0 0 0 0 0 8a7d66c4 00000000 92518bfc 00000000 00a7031b 00000000 00a7031b 00000000 0000006a 00000000 00000000 00000000 07d42a4c 00000000 00a70385 00000000 00000000 00000000 00000000 00000039 008b3199 00000001 00000000 00000001 00000000 00000000 00000000 00000000 00000000 00000000 00000000 00000000 00000000 00000000 00000000 00000000 00000000 00000000 00000000 00000000 e7cbbfbf 00000001 92518c0e 00000000 00000000 00000000 00000000 00000000 00000100 00000080 00000000 00000000 00000000 00000000 00000000 00000000 00000000 00003333 00004ccd 00002667 00000001 00000000 01c9c380 0000027c
capture_snapshot GLI1 00010000 30000000 2500000 670 0 30000000 0 0 0 0 0 0 0 8a7d66c4 00000000 92548ad0 00000000 00a74302 00000000 00a74302 00000000 0000006a 00000000 00000000 00000000 07d7291e 00000000 00a7436c 00000000 00000000 00000000 00000000 00000039 008b3199 00000001 00000000 00000001 00000000 00000000 00000000 00000000 00000000 00000000 00000000 00000000 00000000 00000000 00000000 00000000 00000000 00000000 00000000 00000000 e7d5bbbb 00000001 92548ae0 00000000 00000000 00000000 00000000 00000000 00000101 00000080 00000000 00000000 00000000 00000000 00000000 00000000 00000000 00003333 00004ccd 00002667 00000001 00000000 01c9c380 0000027c
capture_snapshot GLI1 00010000 30000000 2500000 671 0 30000000 0 0 0 0 0 0 0 8a7d66c4 00000000 92579a30 00000000 00a7844a 00000000 00a7844a 00000000 0000006a 00000000 00000000 00000000 07da3885 00000000 00a784b4 00000000 00000000 00000000 00000000 00000039 008b3199 00000001 00000000 00000001 00000000 00000000 00000000 00000000 00000000 00000000 00000000 00000000 00000000 00000000 00000000 00000000 00000000 00000000 00000000 00000000 e7dfeeff 00000001 92579a47 00000000 00000000 00000000 00000000 00000000 00000101 00000081 00000000 00000000 00000000 00000000 00000000 00000000 00000000 00003333 00004ccd 00002667 00000001 00000000 01c9c380 0000027c
capture_snapshot GLI1 00010000 30000000 2500000 672 0 30000000 0 0 0 0 0 0 0 8a7d66c4 00000000 925a8c20 00000000 00a7c31e 00000000 00a7c31e 00000000 0000006a 00000000 00000000 00000000 07dd2a6f 00000000 00a7c388 00000000 00000000 00000000 00000000 00000039 008b3199 00000001 00000000 00000001 00000000 00000000 00000000 00000000 00000000 00000000 00000000 00000000 00000000 00000000 00000000 00000000 00000000 00000000 00000000 00000000 e7e9bff7 00000001 925a8c31 00000000 00000000 00000000 00000000 00000000 00000100 00000080 00000000 00000000 00000000 00000000 00000000 00000000 00000000 00003333 00004ccd 00002667 00000001 00000000 01c9c380 0000027c
capture_snapshot GLI1 00010000 30000000 2500000 673 0 30000000 0 0 0 0 0 0 0 8a7d66c4 00000000 925d8c68 00000000 00a80324 00000000 00a80324 00000000 0000006a 00000000 00000000 00000000 07e02ab9 00000000 00a8038e 00000000 00000000 00000000 00000000 00000039 008b3199 00000001 00000000 00000001 00000000 00000000 00000000 00000000 00000000 00000000 00000000 00000000 00000000 00000000 00000000 00000000 00000000 00000000 00000000 00000000 e7f3c0da 00000001 925d8c7b 00000000 00000000 00000000 00000000 00000000 00000100 00000080 00000000 00000000 00000000 00000000 00000000 00000000 00000000 00003333 00004ccd 00002667 00000001 00000000 01c9c380 0000027c
capture_snapshot GLI1 00010000 30000000 2500000 674 0 30000000 0 0 0 0 0 0 0 8a7d66c4 00000000 92608bf0 00000000 00a8431a 00000000 00a8431a 00000000 0000006a 00000000 00000000 00000000 07e32a40 00000000 00a84384 00000000 00000000 00000000 00000000 00000039 008b3199 00000001 00000000 00000001 00000000 00000000 00000000 00000000 00000000 00000000 00000000 00000000 00000000 00000000 00000000 00000000 00000000 00000000 00000000 00000000 e7fdbf33 00000001 92608c02 00000000 00000000 00000000 00000000 00000000 00000100 00000080 00000000 00000000 00000000 00000000 00000000 00000000 00000000 00003333 00004ccd 00002667 00000001 00000000 01c9c380 0000027c
capture_snapshot GLI1 00010000 30000000 2500000 675 0 30000000 0 0 0 0 0 0 0 8a7d66c4 00000000 92638ab8 00000000 00a88300 00000000 00a88300 00000000 0000006a 00000000 00000000 00000000 07e6290f 00000000 00a8836a 00000000 00000000 00000000 00000000 00000039 008b3199 00000001 00000000 00000001 00000000 00000000 00000000 00000000 00000000 00000000 00000000 00000000 00000000 00000000 00000000 00000000 00000000 00000000 00000000 00000000 e807bb29 00000001 92638ad1 00000000 00000000 00000000 00000000 00000000 00000101 00000080 00000000 00000000 00000000 00000000 00000000 00000000 00000000 00003333 00004ccd 00002667 00000001 00000000 01c9c380 0000027c
capture_snapshot GLI1 00010000 30000000 2500000 676 0 30000000 0 0 0 0 0 0 0 8a7d66c4 00000000 92668950 00000000 00a8c2e2 00000000 00a8c2e2 00000000 0000006a 00000000 00000000 00000000 07e927a2 00000000 00a8c34c 00000000 00000000 00000000 00000000 00000039 008b3199 00000001 00000000 00000001 00000000 00000000 00000000 00000000 00000000 00000000 00000000 00000000 00000000 00000000 00000000 00000000 00000000 00000000 00000000 00000000 e811b654 00000001 92668964 00000000 00000000 00000000 00000000 00000000 00000101 00000081 00000000 00000000 00000000 00000000 00000000 00000000 00000000 00003333 00004ccd 00002667 00000001 00000000 01c9c380 0000027c
capture_snapshot GLI1 00010000 30000000 2500000 677 0 30000000 0 0 0 0 0 0 0 8a7d66c4 00000000 92698e54 00000000 00a9034d 00000000 00a9034d 00000000 0000006a 00000000 00000000 00000000 07ec2caa 00000000 00a903b7 00000000 00000000 00000000 00000000 00000039 008b3199 00000001 00000000 00000001 00000000 00000000 00000000 00000000 00000000 00000000 00000000 00000000 00000000 00000000 00000000 00000000 00000000 00000000 00000000 00000000 e81bc705 00000001 92698e6c 00000000 00000000 00000000 00000000 00000000 00000101 00000080 00000000 00000000 00000000 00000000 00000000 00000000 00000000 00003333 00004ccd 00002667 00000001 00000000 01c9c380 0000027c
capture_snapshot GLI1 00010000 30000000 2500000 678 0 30000000 0 0 0 0 0 0 0 8a7d66c4 00000000 926c90d0 00000000 00a94382 00000000 00a94382 00000000 0000006a 00000000 00000000 00000000 07ef2f1f 00000000 00a943ec 00000000 00000000 00000000 00000000 00000039 008b3199 00000001 00000000 00000001 00000000 00000000 00000000 00000000 00000000 00000000 00000000 00000000 00000000 00000000 00000000 00000000 00000000 00000000 00000000 00000000 e825cf23 00000001 926c90e1 00000000 00000000 00000000 00000000 00000000 00000101 00000081 00000000 00000000 00000000 00000000 00000000 00000000 00000000 00003333 00004ccd 00002667 00000001 00000000 01c9c380 0000027c
capture_snapshot GLI1 00010000 30000000 2500000 679 0 30000000 0 0 0 0 0 0 0 8a7d66c4 00000000 926f982c 00000000 00a9841f 00000000 00a9841f 00000000 0000006a 00000000 00000000 00000000 07f23681 00000000 00a98489 00000000 00000000 00000000 00000000 00000039 008b3199 00000001 00000000 00000001 00000000 00000000 00000000 00000000 00000000 00000000 00000000 00000000 00000000 00000000 00000000 00000000 00000000 00000000 00000000 00000000 e82fe7ab 00000001 926f9843 00000000 00000000 00000000 00000000 00000000 00000101 00000081 00000000 00000000 00000000 00000000 00000000 00000000 00000000 00003333 00004ccd 00002667 00000001 00000000 01c9c380 0000027c
capture_snapshot GLI1 00010000 30000000 2500000 680 0 30000000 0 0 0 0 0 0 0 8a7d66c4 00000000 927292f8 00000000 00a9c3b0 00000000 00a9c3b0 00000000 0000006a 00000000 00000000 00000000 07f53149 00000000 00a9c41a 00000000 00000000 00000000 00000000 00000039 008b3199 00000001 00000000 00000001 00000000 00000000 00000000 00000000 00000000 00000000 00000000 00000000 00000000 00000000 00000000 00000000 00000000 00000000 00000000 00000000 e839d634 00000001 9272930b 00000000 00000000 00000000 00000000 00000000 00000100 00000080 00000000 00000000 00000000 00000000 00000000 00000000 00000000 00003333 00004ccd 00002667 00000001 00000000 01c9c380 0000027c
capture_snapshot GLI1 00010000 30000000 2500000 681 0 30000000 0 0 0 0 0 0 0 8a7d66c4 00000000 92758b6c 00000000 00aa030f 00000000 00aa030f 00000000 0000006a 00000000 00000000 00000000 07f829be 00000000 00aa0379 00000000 00000000 00000000 00000000 00000039 008b3199 00000001 00000000 00000001 00000000 00000000 00000000 00000000 00000000 00000000 00000000 00000000 00000000 00000000 00000000 00000000 00000000 00000000 00000000 00000000 e843bcfc 00000001 92758b80 00000000 00000000 00000000 00000000 00000000 00000100 00000080 00000000 00000000 00000000 00000000 00000000 00000000 00000000 00003333 00004ccd 00002667 00000001 00000000 01c9c380 0000027c
capture_snapshot GLI1 00010000 30000000 2500000 682 0 30000000 0 0 0 0 0 0 0 8a7d66c4 00000000 92788bb4 00000000 00aa4315 00000000 00aa4315 00000000 0000006a 00000000 00000000 00000000 07fb2a0a 00000000 00aa437f 00000000 00000000 00000000 00000000 00000039 008b3199 00000001 00000000 00000001 00000000 00000000 00000000 00000000 00000000 00000000 00000000 00000000 00000000 00000000 00000000 00000000 00000000 00000000 00000000 00000000 e84dbde4 00000001 92788bcc 00000000 00000000 00000000 00000000 00000000 00000101 00000080 00000000 00000000 00000000 00000000 00000000 00000000 00000000 00003333 00004ccd 00002667 00000001 00000000 01c9c380 0000027c
capture_snapshot GLI1 00010000 30000000 2500000 683 0 30000000 0 0 0 0 0 0 0 8a7d66c4 00000000 927b8cc8 00000000 00aa832c 00000000 00aa832c 00000000 0000006a 00000000 00000000 00000000 07fe2b1b 00000000 00aa8396 00000000 00000000 00000000 00000000 00000039 008b3199 00000001 00000000 00000001 00000000 00000000 00000000 00000000 00000000 00000000 00000000 00000000 00000000 00000000 00000000 00000000 00000000 00000000 00000000 00000000 e857c160 00000001 927b8cdd 00000000 00000000 00000000 00000000 00000000 00000100 00000080 00000000 00000000 00000000 00000000 00000000 00000000 00000000 00003333 00004ccd 00002667 00000001 00000000 01c9c380 0000027c
capture_snapshot GLI1 00010000 30000000 2500000 684 0 30000000 0 0 0 0 0 0 0 8a7d66c4 00000000 927e8b60 00000000 00aac30e 00000000 00aac30e 00000000 0000006a 00000000 00000000 00000000 080129b1 00000000 00aac378 00000000 00000000 00000000 00000000 00000039 008b3199 00000001 00000000 00000001 00000000 00000000 00000000 00000000 00000000 00000000 00000000 00000000 00000000 00000000 00000000 00000000 00000000 00000000 00000000 00000000 e861bc95 00000001 927e8b73 00000000 00000000 00000000 00000000 00000000 00000101 00000081 00000000 00000000 00000000 00000000 00000000 00000000 00000000 00003333 00004ccd 00002667 00000001 00000000 01c9c380 0000027c
capture_snapshot GLI1 00010000 30000000 2500000 685 0 30000000 0 0 0 0 0 0 0 8a7d66c4 00000000 9281886c 00000000 00ab02cf 00000000 00ab02cf 00000000 0000006a 00000000 00000000 00000000 080426b9 00000000 00ab0339 00000000 00000000 00000000 00000000 00000039 008b3199 00000001 00000000 00000001 00000000 00000000 00000000 00000000 00000000 00000000 00000000 00000000 00000000 00000000 00000000 00000000 00000000 00000000 00000000 00000000 e86bb29c 00000001 9281887b 00000000 00000000 00000000 00000000 00000000 00000101 00000081 00000000 00000000 00000000 00000000 00000000 00000000 00000000 00003333 00004ccd 00002667 00000001 00000000 01c9c380 0000027c
capture_snapshot GLI1 00010000 30000000 2500000 686 0 30000000 0 0 0 0 0 0 0 8a7d66c4 00000000 92848bfc 00000000 00ab431b 00000000 00ab431b 00000000 0000006a 00000000 00000000 00000000 08072a4b 00000000 00ab4385 00000000 00000000 00000000 00000000 00000039 008b3199 00000001 00000000 00000001 00000000 00000000 00000000 00000000 00000000 00000000 00000000 00000000 00000000 00000000 00000000 00000000 00000000 00000000 00000000 00000000 e875be6e 00000001 92848c0d 00000000 00000000 00000000 00000000 00000000 00000100 00000080 00000000 00000000 00000000 00000000 00000000 00000000 00000000 00003333 00004ccd 00002667 00000001 00000000 01c9c380 0000027c
capture_snapshot GLI1 00010000 30000000 2500000 687 0 30000000 0 0 0 0 0 0 0 8a7d66c4 00000000 92878cc8 00000000 00ab832c 00000000 00ab832c 00000000 0000006a 00000000 00000000 00000000 080a2b19 00000000 00ab8396 00000000 00000000 00000000 00000000 00000039 008b3199 00000001 00000000 00000001 00000000 00000000 00000000 00000000 00000000 00000000 00000000 00000000 00000000 00000000 00000000 00000000 00000000 00000000 00000000 00000000 e87fc109 00000001 92878cdb 00000000 00000000 00000000 00000000 00000000 00000100 00000080 00000000 00000000 00000000 00000000 00000000 00000000 00000000 00003333 00004ccd 00002667 00000001 00000000 01c9c380 0000027c
capture_snapshot GLI1 00010000 30000000 2500000 688 0 30000000 0 0 0 0 0 0 0 8a7d66c4 00000000 928a8ae8 00000000 00abc304 00000000 00abc304 00000000 0000006a 00000000 00000000 00000000 080d293a 00000000 00abc36e 00000000 00000000 00000000 00000000 00000039 008b3199 00000001 00000000 00000001 00000000 00000000 00000000 00000000 00000000 00000000 00000000 00000000 00000000 00000000 00000000 00000000 00000000 00000000 00000000 00000000 e889babc 00000001 928a8afc 00000000 00000000 00000000 00000000 00000000 00000100 00000080 00000000 00000000 00000000 00000000 00000000 00000000 00000000 00003333 00004ccd 00002667 00000001 00000000 01c9c380 0000027c
capture_snapshot GLI1 00010000 30000000 2500000 689 0 30000000 0 0 0 0 0 0 0 8a7d66c4 00000000 928d8ea8 00000000 00ac0354 00000000 00ac0354 00000000 0000006a 00000000 00000000 00000000 08102cf6 00000000 00ac03be 00000000 00000000 00000000 00000000 00000039 008b3199 00000001 00000000 00000001 00000000 00000000 00000000 00000000 00000000 00000000 00000000 00000000 00000000 00000000 00000000 00000000 00000000 00000000 00000000 00000000 e893c719 00000001 928d8eb8 00000000 00000000 00000000 00000000 00000000 00000101 00000081 00000000 00000000 00000000 00000000 00000000 00000000 00000000 00003333 00004ccd 00002667 00000001 00000000 01c9c380 0000027c
capture_snapshot GLI1 00010000 30000000 2500000 690 0 30000000 0 0 0 0 0 0 0 8a7d66c4 00000000 92909298 00000000 00ac43a8 00000000 00ac43a8 00000000 0000006a 00000000 00000000 00000000 081330e9 00000000 00ac4412 00000000 00000000 00000000 00000000 00000039 008b3199 00000001 00000000 00000001 00000000 00000000 00000000 00000000 00000000 00000000 00000000 00000000 00000000 00000000 00000000 00000000 00000000 00000000 00000000 00000000 e89dd430 00000001 929092ab 00000000 00000000 00000000 00000000 00000000 00000101 00000081 00000000 00000000 00000000 00000000 00000000 00000000 00000000 00003333 00004ccd 00002667 00000001 00000000 01c9c380 0000027c
capture_snapshot GLI1 00010000 30000000 2500000 691 0 30000000 0 0 0 0 0 0 0 8a7d66c4 00000000 92939c4c 00000000 00ac8477 00000000 00ac8477 00000000 0000006a 00000000 00000000 00000000 08163a9c 00000000 00ac84e1 00000000 00000000 00000000 00000000 00000039 008b3199 00000001 00000000 00000001 00000000 00000000 00000000 00000000 00000000 00000000 00000000 00000000 00000000 00000000 00000000 00000000 00000000 00000000 00000000 00000000 e8a7f471 00000001 92939c5e 00000000 00000000 00000000 00000000 00000000 00000101 00000081 00000000 00000000 00000000 00000000 00000000 00000000 00000000 00003333 00004ccd 00002667 00000001 00000000 01c9c380 0000027c
capture_snapshot GLI1 00010000 30000000 2500000 692 0 30000000 0 0 0 0 0 0 0 8a7d66c4 00000000 9296988c 00000000 00acc427 00000000 00acc427 00000000 0000006a 00000000 00000000 00000000 081936e4 00000000 00acc491 00000000 00000000 00000000 00000000 00000039 008b3199 00000001 00000000 00000001 00000000 00000000 00000000 00000000 00000000 00000000 00000000 00000000 00000000 00000000 00000000 00000000 00000000 00000000 00000000 00000000 e8b1e7f7 00000001 929698a6 00000000 00000000 00000000 00000000 00000000 00000101 00000080 00000000 00000000 00000000 00000000 00000000 00000000 00000000 00003333 00004ccd 00002667 00000001 00000000 01c9c380 0000027c
capture_snapshot GLI1 00010000 30000000 2500000 693 0 30000000 0 0 0 0 0 0 0 8a7d66c4 00000000 92998d28 00000000 00ad0334 00000000 00ad0334 00000000 0000006a 00000000 00000000 00000000 081c2b76 00000000 00ad039e 00000000 00000000 00000000 00000000 00000039 008b3199 00000001 00000000 00000001 00000000 00000000 00000000 00000000 00000000 00000000 00000000 00000000 00000000 00000000 00000000 00000000 00000000 00000000 00000000 00000000 e8bbc1cd 00000001 92998d38 00000000 00000000 00000000 00000000 00000000 00000100 00000080 00000000 00000000 00000000 00000000 00000000 00000000 00000000 00003333 00004ccd 00002667 00000001 00000000 01c9c380 0000027c
capture_snapshot GLI1 00010000 30000000 2500000 694 0 30000000 0 0 0 0 0 0 0 8a7d66c4 00000000 929c8860 00000000 00ad42ce 00000000 00ad42ce 00000000 0000006a 00000000 00000000 00000000 081f26b7 00000000 00ad4338 00000000 00000000 00000000 00000000 00000039 008b3199 00000001 00000000 00000001 00000000 00000000 00000000 00000000 00000000 00000000 00000000 00000000 00000000 00000000 00000000 00000000 00000000 00000000 00000000 00000000 e8c5b1e6 00000001 929c8879 00000000 00000000 00000000 00000000 00000000 00000101 00000081 00000000 00000000 00000000 00000000 00000000 00000000 00000000 00003333 00004ccd 00002667 00000001 00000000 01c9c380 0000027c
capture_snapshot GLI1 00010000 30000000 2500000 695 0 30000000 0 0 0 0 0 0 0 8a7d66c4 00000000 929f8b00 00000000 00ad8306 00000000 00ad8306 00000000 0000006a 00000000 00000000 00000000 08222952 00000000 00ad8370 00000000 00000000 00000000 00000000 00000039 008b3199 00000001 00000000 00000001 00000000 00000000 00000000 00000000 00000000 00000000 00000000 00000000 00000000 00000000 00000000 00000000 00000000 00000000 00000000 00000000 e8cfba83 00000001 929f8b14 00000000 00000000 00000000 00000000 00000000 00000100 00000080 00000000 00000000 00000000 00000000 00000000 00000000 00000000 00003333 00004ccd 00002667 00000001 00000000 01c9c380 0000027c
capture_snapshot GLI1 00010000 30000000 2500000 696 0 30000000 0 0 0 0 0 0 0 8a7d66c4 00000000 92a28c50 00000000 00adc322 00000000 00adc322 00000000 0000006a 00000000 00000000 00000000 08252a9e 00000000 00adc38c 00000000 00000000 00000000 00000000 00000039 008b3199 00000001 00000000 00000001 00000000 00000000 00000000 00000000 00000000 00000000 00000000 00000000 00000000 00000000 00000000 00000000 00000000 00000000 00000000 00000000 e8d9bec2 00000001 92a28c60 00000000 00000000 00000000 00000000 00000000 00000100 00000080 00000000 00000000 00000000 00000000 00000000 00000000 00000000 00003333 00004ccd 00002667 00000001 00000000 01c9c380 0000027c
capture_snapshot GLI1 00010000 30000000 2500000 697 0 30000000 0 0 0 0 0 0 0 8a7d66c4 00000000 92a58a34 00000000 00ae02f5 00000000 00ae02f5 00000000 0000006a 00000000 00000000 00000000 08282885 00000000 00ae035f 00000000 00000000 00000000 00000000 00000039 008b3199 00000001 00000000 00000001 00000000 00000000 00000000 00000000 00000000 00000000 00000000 00000000 00000000 00000000 00000000 00000000 00000000 00000000 00000000 00000000 e8e3b7b1 00000001 92a58a47 00000000 00000000 00000000 00000000 00000000 00000100 00000080 00000000 00000000 00000000 00000000 00000000 00000000 00000000 00003333 00004ccd 00002667 00000001 00000000 01c9c380 0000027c
capture_snapshot GLI1 00010000 30000000 2500000 698 0 30000000 0 0 0 0 0 0 0 8a7d66c4 00000000 92a88fc8 00000000 00ae436c 00000000 00ae436c 00000000 0000006a 00000000 00000000 00000000 082b2e17 00000000 00ae43d6 00000000 00000000 00000000 00000000 00000039 008b3199 00000001 00000000 00000001 00000000 00000000 00000000 00000000 00000000 00000000 00000000 00000000 00000000 00000000 00000000 00000000 00000000 00000000 00000000 00000000 e8edca2d 00000001 92a88fd9 00000000 00000000 00000000 00000000 00000000 00000101 00000081 00000000 00000000 00000000 00000000 00000000 00000000 00000000 00003333 00004ccd 00002667 00000001 00000000 01c9c380 0000027c
capture_snapshot GLI1 00010000 30000000 2500000 699 0 30000000 0 0 0 0 0 0 0 8a7d66c4 00000000 92ab90d0 00000000 00ae8382 00000000 00ae8382 00000000 0000006a 00000000 00000000 00000000 082e2f20 00000000 00ae83ec 00000000 00000000 00000000 00000000 00000039 008b3199 00000001 00000000 00000001 00000000 00000000 00000000 00000000 00000000 00000000 00000000 00000000 00000000 00000000 00000000 00000000 00000000 00000000 00000000 00000000 e8f7cd8e 00000001 92ab90e2 00000000 00000000 00000000 00000000 00000000 00000100 00000080 00000000 00000000 00000000 00000000 00000000 00000000 00000000 00003333 00004ccd 00002667 00000001 00000000 01c9c380 0000027c
capture_snapshot GLI1 00010000 30000000 2500000 700 0 30000000 0 0 0 0 0 0 0 8a7d66c4 00000000 92ae9a9c 00000000 00aec453 00000000 00aec453 00000000 0000006a 00000000 00000000 00000000 083138ea 00000000 00aec4bd 00000000 00000000 00000000 00000000 00000039 008b3199 00000001 00000000 00000001 00000000 00000000 00000000 00000000 00000000 00000000 00000000 00000000 00000000 00000000 00000000 00000000 00000000 00000000 00000000 00000000 e901ee1b 00000001 92ae9aac 00000000 00000000 00000000 00000000 00000000 00000101 00000081 00000000 00000000 00000000 00000000 00000000 00000000 00000000 00003333 00004ccd 00002667 00000001 00000000 01c9c380 0000027c
capture_snapshot GLI1 00010000 30000000 2500000 701 0 30000000 0 0 0 0 0 0 0 8a7d66c4 00000000 92b1982c 00000000 00af041f 00000000 00af041f 00000000 0000006a 00000000 00000000 00000000 0834367f 00000000 00af0489 00000000 00000000 00000000 00000000 00000039 008b3199 00000001 00000000 00000001 00000000 00000000 00000000 00000000 00000000 00000000 00000000 00000000 00000000 00000000 00000000 00000000 00000000 00000000 00000000 00000000 e90be5f9 00000001 92b19841 00000000 00000000 00000000 00000000 00000000 00000100 00000080 00000000 00000000 00000000 00000000 00000000 00000000 00000000 00003333 00004ccd 00002667 00000001 00000000 01c9c380 0000027c
capture_snapshot GLI1 00010000 30000000 2500000 702 0 30000000 0 0 0 0 0 0 0 8a7d66c4 00000000 92b48bc0 00000000 00af4316 00000000 00af4316 00000000 0000006a 00000000 00000000 00000000 08372a18 00000000 00af4380 00000000 00000000 00000000 00000000 00000039 008b3199 00000001 00000000 00000001 00000000 00000000 00000000 00000000 00000000 00000000 00000000 00000000 00000000 00000000 00000000 00000000 00000000 00000000 00000000 00000000 e915bc8c 00000001 92b48bda 00000000 00000000 00000000 00000000 00000000 00000101 00000080 00000000 00000000 00000000 00000000 00000000 00000000 00000000 00003333 00004ccd 00002667 00000001 00000000 01c9c380 0000027c
capture_snapshot GLI1 00010000 30000000 2500000 703 0 30000000 0 0 0 0 0 0 0 8a7d66c4 00000000 92b78a88 00000000 00af82fc 00000000 00af82fc 00000000 0000006a 00000000 00000000 00000000 083a28db 00000000 00af8366 00000000 00000000 00000000 00000000 00000039 008b3199 00000001 00000000 00000001 00000000 00000000 00000000 00000000 00000000 00000000 00000000 00000000 00000000 00000000 00000000 00000000 00000000 00000000 00000000 00000000 e91fb859 00000001 92b78a9d 00000000 00000000 00000000 00000000 00000000 00000101 00000081 00000000 00000000 00000000 00000000 00000000 00000000 00000000 00003333 00004ccd 00002667 00000001 00000000 01c9c380 0000027c
capture_snapshot GLI1 00010000 30000000 2500000 704 0 30000000 0 0 0 0 0 0 0 8a7d66c4 00000000 92ba8980 00000000 00afc2e6 00000000 00afc2e6 00000000 0000006a 00000000 00000000 00000000 083d27d8 00000000 00afc350 00000000 00000000 00000000 00000000 00000039 008b3199 00000001 00000000 00000001 00000000 00000000 00000000 00000000 00000000 00000000 00000000 00000000 00000000 00000000 00000000 00000000 00000000 00000000 00000000 00000000 e929b4e5 00000001 92ba899a 00000000 00000000 00000000 00000000 00000000 00000100 00000080 00000000 00000000 00000000 00000000 00000000 00000000 00000000 00003333 00004ccd 00002667 00000001 00000000 01c9c380 0000027c
capture_snapshot GLI1 00010000 30000000 2500000 705 0 30000000 0 0 0 0 0 0 0 8a7d66c4 00000000 92bd8aa0 00000000 00b002fe 00000000 00b002fe 00000000 0000006a 00000000 00000000 00000000 084028ed 00000000 00b00368 00000000 00000000 00000000 00000000 00000039 008b3199 00000001 00000000 00000001 00000000 00000000 00000000 00000000 00000000 00000000 00000000 00000000 00000000 00000000 00000000 00000000 00000000 00000000 00000000 00000000 e933b86d 00000001 92bd8aaf 00000000 00000000 00000000 00000000 00000000 00000101 00000080 00000000 00000000 00000000 00000000 00000000 00000000 00000000 00003333 00004ccd 00002667 00000001 00000000 01c9c380 0000027c
capture_snapshot GLI1 00010000 30000000 2500000 706 0 30000000 0 0 0 0 0 0 0 8a7d66c4 00000000 92c08cd4 00000000 00b0432d 00000000 00b0432d 00000000 0000006a 00000000 00000000 00000000 08432b28 00000000 00b04397 00000000 00000000 00000000 00000000 00000039 008b3199 00000001 00000000 00000001 00000000 00000000 00000000 00000000 00000000 00000000 00000000 00000000 00000000 00000000 00000000 00000000 00000000 00000000 00000000 00000000 e93dbfcb 00000001 92c08cea 00000000 00000000 00000000 00000000 00000000 00000100 00000080 00000000 00000000 00000000 00000000 00000000 00000000 00000000 00003333 00004ccd 00002667 00000001 00000000 01c9c380 0000027c
capture_snapshot GLI1 00010000 30000000 2500000 707 0 30000000 0 0 0 0 0 0 0 8a7d66c4 00000000 92c38b84 00000000 00b08311 00000000 00b08311 00000000 0000006a 00000000 00000000 00000000 084629d9 00000000 00b0837b 00000000 00000000 00000000 00000000 00000039 008b3199 00000001 00000000 00000001 00000000 00000000 00000000 00000000 00000000 00000000 00000000 00000000 00000000 00000000 00000000 00000000 00000000 00000000 00000000 00000000 e947bb5b 00000001 92c38b9b 00000000 00000000 00000000 00000000 00000000 00000100 00000080 00000000 00000000 00000000 00000000 00000000 00000000 00000000 00003333 00004ccd 00002667 00000001 00000000 01c9c380 0000027c
capture_snapshot GLI1 00010000 30000000 2500000 708 0 30000000 0 0 0 0 0 0 0 8a7d66c4 00000000 92c68cb0 00000000 00b0c32a 00000000 00b0c32a 00000000 0000006a 00000000 00000000 00000000 08492b00 00000000 00b0c394 00000000 00000000 00000000 00000000 00000039 008b3199 00000001 00000000 00000001 00000000 00000000 00000000 00000000 00000000 00000000 00000000 00000000 00000000 00000000 00000000 00000000 00000000 00000000 00000000 00000000 e951bf1c 00000001 92c68cc2 00000000 00000000 00000000 00000000 00000000 00000100 00000080 00000000 00000000 00000000 00000000 00000000 00000000 00000000 00003333 00004ccd 00002667 00000001 00000000 01c9c380 0000027c
capture_snapshot GLI1 00010000 30000000 2500000 709 0 30000000 0 0 0 0 0 0 0 8a7d66c4 00000000 92c991d8 00000000 00b10398 00000000 00b10398 00000000 0000006a 00000000 00000000 00000000 084c302d 00000000 00b10402 00000000 00000000 00000000 00000000 00000039 008b3199 00000001 00000000 00000001 00000000 00000000 00000000 00000000 00000000 00000000 00000000 00000000 00000000 00000000 00000000 00000000 00000000 00000000 00000000 00000000 e95bd049 00000001 92c991ef 00000000 00000000 00000000 00000000 00000000 00000100 00000080 00000000 00000000 00000000 00000000 00000000 00000000 00000000 00003333 00004ccd 00002667 00000001 00000000 01c9c380 0000027c
capture_snapshot GLI1 00010000 30000000 2500000 710 0 30000000 0 0 0 0 0 0 0 8a7d66c4 00000000 92cc97c0 00000000 00b14416 00000000 00b14416 00000000 0000006a 00000000 00000000 00000000 084f3616 00000000 00b14480 00000000 00000000 00000000 00000000 00000039 008b3199 00000001 00000000 00000001 00000000 00000000 00000000 00000000 00000000 00000000 00000000 00000000 00000000 00000000 00000000 00000000 00000000 00000000 00000000 00000000 e965e3eb 00000001 92cc97d8 00000000 00000000 00000000 00000000 00000000 00000100 00000080 00000000 00000000 00000000 00000000 00000000 00000000 00000000 00003333 00004ccd 00002667 00000001 00000000 01c9c380 0000027c
capture_snapshot GLI1 00010000 30000000 2500000 711 0 30000000 0 0 0 0 0 0 0 8a7d66c4 00000000 92cf8bb4 00000000 00b18315 00000000 00b18315 00000000 0000006a 00000000 00000000 00000000 08522a0c 00000000 00b1837f 00000000 00000000 00000000 00000000 00000039 008b3199 00000001 00000000 00000001 00000000 00000000 00000000 00000000 00000000 00000000 00000000 00000000 00000000 00000000 00000000 00000000 00000000 00000000 00000000 00000000 e96fbbb4 00000001 92cf8bce 00000000 00000000 00000000 00000000 00000000 00000100 00000080 00000000 00000000 00000000 00000000 00000000 00000000 00000000 00003333 00004ccd 00002667 00000001 00000000 01c9c380 0000027c
capture_snapshot GLI1 00010000 30000000 2500000 712 0 30000000 0 0 0 0 0 0 0 8a7d66c4 00000000 92d28c50 00000000 00b1c322 00000000 00b1c322 00000000 0000006a 00000000 00000000 00000000 08552aa3 00000000 00b1c38c 00000000 00000000 00000000 00000000 00000039 008b3199 00000001 00000000 00000001 00000000 00000000 00000000 00000000 00000000 00000000 00000000 00000000 00000000 00000000 00000000 00000000 00000000 00000000 00000000 00000000 e979bd9a 00000001 92d28c65 00000000 00000000 00000000 00000000 00000000 00000101 00000080 00000000 00000000 00000000 00000000 00000000 00000000 00000000 00003333 00004ccd 00002667 00000001 00000000 01c9c380 0000027c
capture_snapshot GLI1 00010000 30000000 2500000 713 0 30000000 0 0 0 0 0 0 0 8a7d66c4 00000000 92d58a28 00000000 00b202f4 00000000 00b202f4 00000000 0000006a 00000000 00000000 00000000 08582877 00000000 00b2035e 00000000 00000000 00000000 00000000 00000039 008b3199 00000001 00000000 00000001 00000000 00000000 00000000 00000000 00000000 00000000 00000000 00000000 00000000 00000000 00000000 00000000 00000000 00000000 00000000 00000000 e983b64a 00000001 92d58a39 00000000 00000000 00000000 00000000 00000000 00000100 00000080 00000000 00000000 00000000 00000000 00000000 00000000 00000000 00003333 00004ccd 00002667 00000001 00000000 01c9c380 0000027c
capture_snapshot GLI1 00010000 30000000 2500000 714 0 30000000 0 0 0 0 0 0 0 8a7d66c4 00000000 92d88a34 00000000 00b242f5 00000000 00b242f5 00000000 0000006a 00000000 00000000 00000000 085b2885 00000000 00b2435f 00000000 00000000 00000000 00000000 00000039 008b3199 00000001 00000000 00000001 00000000 00000000 00000000 00000000 00000000 00000000 00000000 00000000 00000000 00000000 00000000 00000000 00000000 00000000 00000000 00000000 e98db663 00000001 92d88a47 00000000 00000000 00000000 00000000 00000000 00000101 00000080 00000000 00000000 00000000 00000000 00000000 00000000 00000000 00003333 00004ccd 00002667 00000001 00000000 01c9c380 0000027c
capture_snapshot GLI1 00010000 30000000 2500000 715 0 30000000 0 0 0 0 0 0 0 8a7d66c4 00000000 92db8fb0 00000000 00b2836a 00000000 00b2836a 00000000 0000006a 00000000 00000000 00000000 085e2e03 00000000 00b283d4 00000000 00000000 00000000 00000000 00000039 008b3199 00000001 00000000 00000001 00000000 00000000 00000000 00000000 00000000 00000000 00000000 00000000 00000000 00000000 00000000 00000000 00000000 00000000 00000000 00000000 e997c8a0 00000001 92db8fc5 00000000 00000000 00000000 00000000 00000000 00000100 00000080 00000000 00000000 00000000 00000000 00000000 00000000 00000000 00003333 00004ccd 00002667 00000001 00000000 01c9c380 0000027c
capture_snapshot GLI1 00010000 30000000 2500000 716 0 30000000 0 0 0 0 0 0 0 8a7d66c4 00000000 92de8c68 00000000 00b2c324 00000000 00b2c324 00000000 0000006a 00000000 00000000 00000000 08612ab5 00000000 00b2c38e 00000000 00000000 00000000 00000000 00000039 008b3199 00000001 00000000 00000001 00000000 00000000 00000000 00000000 00000000 00000000 00000000 00000000 00000000 00000000 00000000 00000000 00000000 00000000 00000000 00000000 e9a1bd89 00000001 92de8c77 00000000 00000000 00000000 00000000 00000000 00000100 00000080 00000000 00000000 00000000 00000000 00000000 00000000 00000000 00003333 00004ccd 00002667 00000001 00000000 01c9c380 0000027c
capture_snapshot GLI1 00010000 30000000 2500000 717 0 30000000 0 0 0 0 0 0 0 8a7d66c4 00000000 92e18fb0 00000000 00b3036a 00000000 00b3036a 00000000 0000006a 00000000 00000000 00000000 08642e02 00000000 00b303d4 00000000 00000000 00000000 00000000 00000039 008b3199 00000001 00000000 00000001 00000000 00000000 00000000 00000000 00000000 00000000 00000000 00000000 00000000 00000000 00000000 00000000 00000000 00000000 00000000 00000000 e9abc875 00000001 92e18fc4 00000000 00000000 00000000 00000000 00000000 00000101 00000081 00000000 00000000 00000000 00000000 00000000 00000000 00000000 00003333 00004ccd 00002667 00000001 00000000 01c9c380 0000027c
capture_snapshot GLI1 00010000 30000000 2500000 718 0 30000000 0 0 0 0 0 0 0 8a7d66c4 00000000 92e488f0 00000000 00b342da 00000000 00b342da 00000000 0000006a 00000000 00000000 00000000 08672742 00000000 00b34344 00000000 00000000 00000000 00000000 00000039 008b3199 00000001 00000000 00000001 00000000 00000000 00000000 00000000 00000000 00000000 00000000 00000000 00000000 00000000 00000000 00000000 00000000 00000000 00000000 00000000 e9b5b1e2 00000001 92e48904 00000000 00000000 00000000 00000000 00000000 00000100 00000080 00000000 00000000 00000000 00000000 00000000 00000000 00000000 00003333 00004ccd 00002667 00000001 00000000 01c9c380 0000027c
capture_snapshot GLI1 00010000 30000000 2500000 719 0 30000000 0 0 0 0 0 0 0 8a7d66c4 00000000 92e7934c 00000000 00b383b7 00000000 00b383b7 00000000 0000006a 00000000 00000000 00000000 086a319a 00000000 00b38421 00000000 00000000 00000000 00000000 00000039 008b3199 00000001 00000000 00000001 00000000 00000000 00000000 00000000 00000000 00000000 00000000 00000000 00000000 00000000 00000000 00000000 00000000 00000000 00000000 00000000 e9bfd449 00000001 92e7935c 00000000 00000000 00000000 00000000 00000000 00000100 00000080 00000000 00000000 00000000 00000000 00000000 00000000 00000000 00003333 00004ccd 00002667 00000001 00000000 01c9c380 0000027c
capture_snapshot GLI1 00010000 30000000 2500000 720 0 30000000 0 0 0 0 0 0 0 8a7d66c4 00000000 92ea9a9c 00000000 00b3c453 00000000 00b3c453 00000000 0000006a 00000000 00000000 00000000 086d38f1 00000000 00b3c4bd 00000000 00000000 00000000 00000000 00000039 008b3199 00000001 00000000 00000001 00000000 00000000 00000000 00000000 00000000 00000000 00000000 00000000 00000000 00000000 00000000 00000000 00000000 00000000 00000000 00000000 e9c9ecab 00000001 92ea9ab3 00000000 00000000 00000000 00000000 00000000 00000101 00000080 00000000 00000000 00000000 00000000 00000000 00000000 00000000 00003333 00004ccd 00002667 00000001 00000000 01c9c380 0000027c
capture_snapshot GLI1 00010000 30000000 2500000 721 0 30000000 0 0 0 0 0 0 0 8a7d66c4 00000000 92ed9784 00000000 00b40411 00000000 00b40411 00000000 0000006a 00000000 00000000 00000000 087035d6 00000000 00b4047b 00000000 00000000 00000000 00000000 00000039 008b3199 00000001 00000000 00000001 00000000 00000000 00000000 00000000 00000000 00000000 00000000 00000000 00000000 00000000 00000000 00000000 00000000 00000000 00000000 00000000 e9d3e23e 00000001 92ed9798 00000000 00000000 00000000 00000000 00000000 00000101 00000081 00000000 00000000 00000000 00000000 00000000 00000000 00000000 00003333 00004ccd 00002667 00000001 00000000 01c9c380 0000027c
capture_snapshot GLI1 00010000 30000000 2500000 722 0 30000000 0 0 0 0 0 0 0 8a7d66c4 00000000 92f08aac 00000000 00b442ff 00000000 00b442ff 00000000 0000006a 00000000 00000000 00000000 08732901 00000000 00b44369 00000000 00000000 00000000 00000000 00000039 008b3199 00000001 00000000 00000001 00000000 00000000 00000000 00000000 00000000 00000000 00000000 00000000 00000000 00000000 00000000 00000000 00000000 00000000 00000000 00000000 e9ddb764 00000001 92f08ac3 00000000 00000000 00000000 00000000 00000000 00000101 00000080 00000000 00000000 00000000 00000000 00000000 00000000 00000000 00003333 00004ccd 00002667 00000001 00000000 01c9c380 0000027c
capture_snapshot GLI1 00010000 30000000 2500000 723 0 30000000 0 0 0 0 0 0 0 8a7d66c4 00000000 92f38848 00000000 00b482cc 00000000 00b482cc 00000000 0000006a 00000000 00000000 00000000 0876269a 00000000 00b48336 00000000 00000000 00000000 00000000 00000039 008b3199 00000001 00000000 00000001 00000000 00000000 00000000 00000000 00000000 00000000 00000000 00000000 00000000 00000000 00000000 00000000 00000000 00000000 00000000 00000000 e9e7af4f 00000001 92f3885c 00000000 00000000 00000000 00000000 00000000 00000101 00000080 00000000 00000000 00000000 00000000 00000000 00000000 00000000 00003333 00004ccd 00002667 00000001 00000000 01c9c380 0000027c
capture_snapshot GLI1 00010000 30000000 2500000 724 0 30000000 0 0 0 0 0 0 0 8a7d66c4 00000000 92f68ab8 00000000 00b4c300 00000000 00b4c300 00000000 0000006a 00000000 00000000 00000000 0879290f 00000000 00b4c36a 00000000 00000000 00000000 00000000 00000039 008b3199 00000001 00000000 00000001 00000000 00000000 00000000 00000000 00000000 00000000 00000000 00000000 00000000 00000000 00000000 00000000 00000000 00000000 00000000 00000000 e9f1b76d 00000001 92f68ad1 00000000 00000000 00000000 00000000 00000000 00000101 00000081 00000000 00000000 00000000 00000000 00000000 00000000 00000000 00003333 00004ccd 00002667 00000001 00000000 01c9c380 0000027c
capture_snapshot GLI1 00010000 30000000 2500000 725 0 30000000 0 0 0 0 0 0 0 8a7d66c4 00000000 92f98cd4 00000000 00b5032d 00000000 00b5032d 00000000 0000006a 00000000 00000000 00000000 087c2b2a 00000000 00b50397 00000000 00000000 00000000 00000000 00000039 008b3199 00000001 00000000 00000001 00000000 00000000 00000000 00000000 00000000 00000000 00000000 00000000 00000000 00000000 00000000 00000000 00000000 00000000 00000000 00000000 e9fbbe5e 00000001 92f98cec 00000000 00000000 00000000 00000000 00000000 00000101 00000081 00000000 00000000 00000000 00000000 00000000 00000000 00000000 00003333 00004ccd 00002667 00000001 00000000 01c9c380 0000027c
capture_snapshot GLI1 00010000 30000000 2500000 726 0 30000000 0 0 0 0 0 0 0 8a7d66c4 00000000 92fc8ba8 00000000 00b54314 00000000 00b54314 00000000 0000006a 00000000 00000000 00000000 087f29f5 00000000 00b5437e 00000000 00000000 00000000 00000000 00000039 008b3199 00000001 00000000 00000001 00000000 00000000 00000000 00000000 00000000 00000000 00000000 00000000 00000000 00000000 00000000 00000000 00000000 00000000 00000000 00000000 ea05ba44 00000001 92fc8bb7 00000000 00000000 00000000 00000000 00000000 00000101 00000081 00000000 00000000 00000000 00000000 00000000 00000000 00000000 00003333 00004ccd 00002667 00000001 00000000 01c9c380 0000027c
capture_snapshot GLI1 00010000 30000000 2500000 727 0 30000000 0 0 0 0 0 0 0 8a7d66c4 00000000 92ff8998 00000000 00b582e8 00000000 00b582e8 00000000 0000006a 00000000 00000000 00000000 088227e6 00000000 00b58352 00000000 00000000 00000000 00000000 00000039 008b3199 00000001 00000000 00000001 00000000 00000000 00000000 00000000 00000000 00000000 00000000 00000000 00000000 00000000 00000000 00000000 00000000 00000000 00000000 00000000 ea0fb355 00000001 92ff89a8 00000000 00000000 00000000 00000000 00000000 00000101 00000081 00000000 00000000 00000000 00000000 00000000 00000000 00000000 00003333 00004ccd 00002667 00000001 00000000 01c9c380 0000027c
capture_snapshot GLI1 00010000 30000000 2500000 728 0 30000000 0 0 0 0 0 0 0 8a7d66c4 00000000 93028c68 00000000 00b5c324 00000000 00b5c324 00000000 0000006a 00000000 00000000 00000000 08852abc 00000000 00b5c38e 00000000 00000000 00000000 00000000 00000039 008b3199 00000001 00000000 00000001 00000000 00000000 00000000 00000000 00000000 00000000 00000000 00000000 00000000 00000000 00000000 00000000 00000000 00000000 00000000 00000000 ea19bcb3 00000001 93028c7e 00000000 00000000 00000000 00000000 00000000 00000100 00000080 00000000 00000000 00000000 00000000 00000000 00000000 00000000 00003333 00004ccd 00002667 00000001 00000000 01c9c380 0000027c
capture_snapshot GLI1 00010000 30000000 2500000 729 0 30000000 0 0 0 0 0 0 0 8a7d66c4 00000000 93059d6c 00000000 00b6048f 00000000 00b6048e 00000000 0000006a 00000000 00000000 00000000 08883bb8 00000000 00b604f9 00000000 00000000 00000000 00000000 0000003b 008b3199 00000001 00000001 00000001 00000000 00000000 00000000 00000000 00000000 00000000 00000000 00000000 00000000 00000000 00000000 00000000 00000000 00000000 00000000 00000000 ea23f53f 00000001 93059d7a 00000000 00000000 00000000 00000000 00000000 00000100 00000080 00000000 00000000 00000000 00000000 00000000 00000000 00000000 00003333 00004ccd 00002667 00000001 00000000 01c9c380 0000027c
capture_snapshot GLI1 00010000 30000000 2500000 730 0 30000000 0 0 0 0 0 0 0 8a7d66c4 00000000 930896e8 00000000 00b64404 00000000 00b64404 00000000 0000006a 00000000 00000000 00000000 088b3538 00000000 00b6446e 00000000 00000000 00000000 00000000 00000039 008b3199 00000001 00000000 00000001 00000000 00000000 00000000 00000000 00000000 00000000 00000000 00000000 00000000 00000000 00000000 00000000 00000000 00000000 00000000 00000000 ea2ddf80 00000001 930896fa 00000000 00000000 00000000 00000000 00000000 00000101 00000081 00000000 00000000 00000000 00000000 00000000 00000000 00000000 00003333 00004ccd 00002667 00000001 00000000 01c9c380 0000027c
capture_snapshot GLI1 00010000 30000000 2500000 731 0 30000000 0 0 0 0 0 0 0 8a7d66c4 00000000 930b9784 00000000 00b68411 00000000 00b68411 00000000 0000006a 00000000 00000000 00000000 088e35d9 00000000 00b6847b 00000000 00000000 00000000 00000000 00000039 008b3199 00000001 00000000 00000001 00000000 00000000 00000000 00000000 00000000 00000000 00000000 00000000 00000000 00000000 00000000 00000000 00000000 00000000 00000000 00000000 ea37e185 00000001 930b979b 00000000 00000000 00000000 00000000 00000000 00000101 00000081 00000000 00000000 00000000 00000000 00000000 00000000 00000000 00003333 00004ccd 00002667 00000001 00000000 01c9c380 0000027c
capture_snapshot GLI1 00010000 30000000 2500000 732 0 30000000 0 0 0 0 0 0 0 8a7d66c4 00000000 930e8a64 00000000 00b6c2f9 00000000 00b6c2f9 00000000 0000006a 00000000 00000000 00000000 089128b4 00000000 00b6c363 00000000 00000000 00000000 00000000 00000039 008b3199 00000001 00000000 00000001 00000000 00000000 00000000 00000000 00000000 00000000 00000000 00000000 00000000 00000000 00000000 00000000 00000000 00000000 00000000 00000000 ea41b5a1 00000001 930e8a76 00000000 00000000 00000000 00000000 00000000 00000101 00000081 00000000 00000000 00000000 00000000 00000000 00000000 00000000 00003333 00004ccd 00002667 00000001 00000000 01c9c380 0000027c
capture_snapshot GLI1 00010000 30000000 2500000 733 0 30000000 0 0 0 0 0 0 0 8a7d66c4 00000000 93118a10 00000000 00b702f2 00000000 00b702f1 00000000 0000006a 00000000 00000000 00000000 0894285c 00000000 00b7035c 00000000 00000000 00000000 00000000 0000003b 008b3199 00000001 00000001 00000001 00000000 00000000 00000000 00000000 00000000 00000000 00000000 00000000 00000000 00000000 00000000 00000000 00000000 00000000 00000000 00000000 ea4bb469 00000001 93118a1e 00000000 00000000 00000000 00000000 00000000 00000101 00000081 00000000 00000000 00000000 00000000 00000000 00000000 00000000 00003333 00004ccd 00002667 00000001 00000000 01c9c380 0000027c
capture_snapshot GLI1 00010000 30000000 2500000 734 0 30000000 0 0 0 0 0 0 0 8a7d66c4 00000000 93148f98 00000000 00b74368 00000000 00b74368 00000000 0000006a 00000000 00000000 00000000 08972ded 00000000 00b743d2 00000000 00000000 00000000 00000000 00000039 008b3199 00000001 00000000 00000001 00000000 00000000 00000000 00000000 00000000 00000000 00000000 00000000 00000000 00000000 00000000 00000000 00000000 00000000 00000000 00000000 ea55c6e2 00000001 93148faf 00000000 00000000 00000000 00000000 00000000 00000101 00000080 00000000 00000000 00000000 00000000 00000000 00000000 00000000 00003333 00004ccd 00002667 00000001 00000000 01c9c380 0000027c
capture_snapshot GLI1 00010000 30000000 2500000 735 0 30000000 0 0 0 0 0 0 0 8a7d66c4 00000000 93178d10 00000000 00b78332 00000000 00b78332 00000000 0000006a 00000000 00000000 00000000 089a2b60 00000000 00b7839c 00000000 00000000 00000000 00000000 00000039 008b3199 00000001 00000000 00000001 00000000 00000000 00000000 00000000 00000000 00000000 00000000 00000000 00000000 00000000 00000000 00000000 00000000 00000000 00000000 00000000 ea5fbe4e 00000001 93178d22 00000000 00000000 00000000 00000000 00000000 00000101 00000080 00000000 00000000 00000000 00000000 00000000 00000000 00000000 00003333 00004ccd 00002667 00000001 00000000 01c9c380 0000027c
capture_snapshot GLI1 00010000 30000000 2500000 736 0 30000000 0 0 0 0 0 0 0 8a7d66c4 00000000 931a8dd0 00000000 00b7c342 00000000 00b7c342 00000000 0000006a 00000000 00000000 00000000 089d2c28 00000000 00b7c3ac 00000000 00000000 00000000 00000000 00000039 008b3199 00000001 00000000 00000001 00000000 00000000 00000000 00000000 00000000 00000000 00000000 00000000 00000000 00000000 00000000 00000000 00000000 00000000 00000000 00000000 ea69c0d6 00000001 931a8dea 00000000 00000000 00000000 00000000 00000000 00000101 00000081 00000000 00000000 00000000 00000000 00000000 00000000 00000000 00003333 00004ccd 00002667 00000001 00000000 01c9c380 0000027c
capture_snapshot GLI1 00010000 30000000 2500000 737 0 30000000 0 0 0 0 0 0 0 8a7d66c4 00000000 931d8914 00000000 00b802dd 00000000 00b802dd 00000000 0000006a 00000000 00000000 00000000 08a0276b 00000000 00b80347 00000000 00000000 00000000 00000000 00000039 008b3199 00000001 00000000 00000001 00000000 00000000 00000000 00000000 00000000 00000000 00000000 00000000 00000000 00000000 00000000 00000000 00000000 00000000 00000000 00000000 ea73b0f6 00000001 931d892d 00000000 00000000 00000000 00000000 00000000 00000100 00000080 00000000 00000000 00000000 00000000 00000000 00000000 00000000 00003333 00004ccd 00002667 00000001 00000000 01c9c380 0000027c
capture_snapshot GLI1 00010000 30000000 2500000 738 0 30000000 0 0 0 0 0 0 0 8a7d66c4 00000000 93208f50 00000000 00b84362 00000000 00b84362 00000000 0000006a 00000000 00000000 00000000 08a32da5 00000000 00b843cc 00000000 00000000 00000000 00000000 00000039 008b3199 00000001 00000000 00000001 00000000 00000000 00000000 00000000 00000000 00000000 00000000 00000000 00000000 00000000 00000000 00000000 00000000 00000000 00000000 00000000 ea7dc5a5 00000001 93208f67 00000000 00000000 00000000 00000000 00000000 00000101 00000081 00000000 00000000 00000000 00000000 00000000 00000000 00000000 00003333 00004ccd 00002667 00000001 00000000 01c9c380 0000027c
capture_snapshot GLI1 00010000 30000000 2500000 739 0 30000000 0 0 0 0 0 0 0 8a7d66c4 00000000 9323991c 00000000 00b88433 00000000 00b88433 00000000 0000006a 00000000 00000000 00000000 08a63771 00000000 00b8849d 00000000 00000000 00000000 00000000 00000039 008b3199 00000001 00000000 00000001 00000000 00000000 00000000 00000000 00000000 00000000 00000000 00000000 00000000 00000000 00000000 00000000 00000000 00000000 00000000 00000000 ea87e63b 00000001 93239933 00000000 00000000 00000000 00000000 00000000 00000100 00000080 00000000 00000000 00000000 00000000 00000000 00000000 00000000 00003333 00004ccd 00002667 00000001 00000000 01c9c380 0000027c
capture_snapshot GLI1 00010000 30000000 2500000 740 0 30000000 0 0 0 0 0 0 0 8a7d66c4 00000000 93269664 00000000 00b8c3f9 00000000 00b8c3f9 00000000 0000006a 00000000 00000000 00000000 08a934b7 00000000 00b8c463 00000000 00000000 00000000 00000000 00000039 008b3199 00000001 00000000 00000001 00000000 00000000 00000000 00000000 00000000 00000000 00000000 00000000 00000000 00000000 00000000 00000000 00000000 00000000 00000000 00000000 ea91dd0f 00000001 93269679 00000000 00000000 00000000 00000000 00000000 00000101 00000081 00000000 00000000 00000000 00000000 00000000 00000000 00000000 00003333 00004ccd 00002667 00000001 00000000 01c9c380 0000027c
capture_snapshot GLI1 00010000 30000000 2500000 741 0 30000000 0 0 0 0 0 0 0 8a7d66c4 00000000 93299b80 00000000 00b90466 00000000 00b90466 00000000 0000006a 00000000 00000000 00000000 08ac39d6 00000000 00b904d0 00000000 00000000 00000000 00000000 00000039 008b3199 00000001 00000000 00000001 00000000 00000000 00000000 00000000 00000000 00000000 00000000 00000000 00000000 00000000 00000000 00000000 00000000 00000000 00000000 00000000 ea9bee0e 00000001 93299b98 00000000 00000000 00000000 00000000 00000000 00000101 00000081 00000000 00000000 00000000 00000000 00000000 00000000 00000000 00003333 00004ccd 00002667 00000001 00000000 01c9c380 0000027c
capture_snapshot GLI1 00010000 30000000 2500000 742 0 30000000 0 0 0 0 0 0 0 8a7d66c4 00000000 932c892c 00000000 00b942df 00000000 00b942df 00000000 0000006a 00000000 00000000 00000000 08af2784 00000000 00b94349 00000000 00000000 00000000 00000000 00000039 008b3199 00000001 00000000 00000001 00000000 00000000 00000000 00000000 00000000 00000000 00000000 00000000 00000000 00000000 00000000 00000000 00000000 00000000 00000000 00000000 eaa5b0e8 00000001 932c8946 00000000 00000000 00000000 00000000 00000000 00000101 00000080 00000000 00000000 00000000 00000000 00000000 00000000 00000000 00003333 00004ccd 00002667 00000001 00000000 01c9c380 0000027c
capture_snapshot GLI1 00010000 30000000 2500000 743 0 30000000 0 0 0 0 0 0 0 8a7d66c4 00000000 932f8a04 00000000 00b982f1 00000000 00b982f1 00000000 0000006a 00000000 00000000 00000000 08b22850 00000000 00b9835b 00000000 00000000 00000000 00000000 00000039 008b3199 00000001 00000000 00000001 00000000 00000000 00000000 00000000 00000000 00000000 00000000 00000000 00000000 00000000 00000000 00000000 00000000 00000000 00000000 00000000 eaafb37f 00000001 932f8a12 00000000 00000000 00000000 00000000 00000000 00000100 00000080 00000000 00000000 00000000 00000000 00000000 00000000 00000000 00003333 00004ccd 00002667 00000001 00000000 01c9c380 0000027c
capture_snapshot GLI1 00010000 30000000 2500000 744 0 30000000 0 0 0 0 0 0 0 8a7d66c4 00000000 93328e6c 00000000 00b9c34f 00000000 00b9c34f 00000000 0000006a 00000000 00000000 00000000 08b52cbd 00000000 00b9c3b9 00000000 00000000 00000000 00000000 00000039 008b3199 00000001 00000000 00000001 00000000 00000000 00000000 00000000 00000000 00000000 00000000 00000000 00000000 00000000 00000000 00000000 00000000 00000000 00000000 00000000 eab9c22b 00000001 93328e7f 00000000 00000000 00000000 00000000 00000000 00000101 00000081 00000000 00000000 00000000 00000000 00000000 00000000 00000000 00003333 00004ccd 00002667 00000001 00000000 01c9c380 0000027c
capture_snapshot GLI1 00010000 30000000 2500000 745 0 30000000 0 0 0 0 0 0 0 8a7d66c4 00000000 93358b90 00000000 00ba0312 00000000 00ba0312 00000000 0000006a 00000000 00000000 00000000 08b829de 00000000 00ba037c 00000000 00000000 00000000 00000000 00000039 008b3199 00000001 00000000 00000001 00000000 00000000 00000000 00000000 00000000 00000000 00000000 00000000 00000000 00000000 00000000 00000000 00000000 00000000 00000000 00000000 eac3b884 00000001 93358ba0 00000000 00000000 00000000 00000000 00000000 00000101 00000080 00000000 00000000 00000000 00000000 00000000 00000000 00000000 00003333 00004ccd 00002667 00000001 00000000 01c9c380 0000027c
capture_snapshot GLI1 00010000 30000000 2500000 746 0 30000000 0 0 0 0 0 0 0 8a7d66c4 00000000 933887c4 00000000 00ba42c1 00000000 00ba42c1 00000000 0000006a 00000000 00000000 00000000 08bb2618 00000000 00ba432b 00000000 00000000 00000000 00000000 00000039 008b3199 00000001 00000000 00000001 00000000 00000000 00000000 00000000 00000000 00000000 00000000 00000000 00000000 00000000 00000000 00000000 00000000 00000000 00000000 00000000 eacdabdd 00000001 933887da 00000000 00000000 00000000 00000000 00000000 00000101 00000080 00000000 00000000 00000000 00000000 00000000 00000000 00000000 00003333 00004ccd 00002667 00000001 00000000 01c9c380 0000027c
capture_snapshot GLI1 00010000 30000000 2500000 747 0 30000000 0 0 0 0 0 0 0 8a7d66c4 00000000 933b8908 00000000 00ba82dc 00000000 00ba82dc 00000000 0000006a 00000000 00000000 00000000 08be275a 00000000 00ba8346 00000000 00000000 00000000 00000000 00000039 008b3199 00000001 00000000 00000001 00000000 00000000 00000000 00000000 00000000 00000000 00000000 00000000 00000000 00000000 00000000 00000000 00000000 00000000 00000000 00000000 ead7affb 00000001 933b891c 00000000 00000000 00000000 00000000 00000000 00000101 00000080 00000000 00000000 00000000 00000000 00000000 00000000 00000000 00003333 00004ccd 00002667 00000001 00000000 01c9c380 0000027c
capture_snapshot GLI1 00010000 30000000 2500000 748 0 30000000 0 0 0 0 0 0 0 8a7d66c4 00000000 933e90a0 00000000 00bac37e 00000000 00bac37e 00000000 0000006a 00000000 00000000 00000000 08c12eed 00000000 00bac3e8 00000000 00000000 00000000 00000000 00000039 008b3199 00000001 00000000 00000001 00000000 00000000 00000000 00000000 00000000 00000000 00000000 00000000 00000000 00000000 00000000 00000000 00000000 00000000 00000000 00000000 eae1c928 00000001 933e90af 00000000 00000000 00000000 00000000 00000000 00000101 00000081 00000000 00000000 00000000 00000000 00000000 00000000 00000000 00003333 00004ccd 00002667 00000001 00000000 01c9c380 0000027c
capture_snapshot GLI1 00010000 30000000 2500000 749 0 30000000 0 0 0 0 0 0 0 8a7d66c4 00000000 934195a4 00000000 00bb03e9 00000000 00bb03e9 00000000 0000006a 00000000 00000000 00000000 08c433f6 00000000 00bb0453 00000000 00000000 00000000 00000000 00000039 008b3199 00000001 00000000 00000001 00000000 00000000 00000000 00000000 00000000 00000000 00000000 00000000 00000000 00000000 00000000 00000000 00000000 00000000 00000000 00000000 eaebd9de 00000001 934195b8 00000000 00000000 00000000 00000000 00000000 00000100 00000080 00000000 00000000 00000000 00000000 00000000 00000000 00000000 00003333 00004ccd 00002667 00000001 00000000 01c9c380 0000027c
capture_snapshot GLI1 00010000 30000000 2500000 750 0 30000000 0 0 0 0 0 0 0 8a7d66c4 00000000 934497d8 00000000 00bb4418 00000000 00bb4418 00000000 0000006a 00000000 00000000 00000000 08c7362f 00000000 00bb4482 00000000 00000000 00000000 00000000 00000039 008b3199 00000001 00000000 00000001 00000000 00000000 00000000 00000000 00000000 00000000 00000000 00000000 00000000 00000000 00000000 00000000 00000000 00000000 00000000 00000000 eaf5e130 00000001 934497f1 00000000 00000000 00000000 00000000 00000000 00000100 00000080 00000000 00000000 00000000 00000000 00000000 00000000 00000000 00003333 00004ccd 00002667 00000001 00000000 01c9c380 0000027c
capture_snapshot GLI1 00010000 30000000 2500000 751 0 30000000 0 0 0 0 0 0 0 8a7d66c4 00000000 93478ae8 00000000 00bb8304 00000000 00bb8304 00000000 0000006a 00000000 00000000 00000000 08ca293c 00000000 00bb836e 00000000 00000000 00000000 00000000 00000039 008b3199 00000001 00000000 00000001 00000000 00000000 00000000 00000000 00000000 00000000 00000000 00000000 00000000 00000000 00000000 00000000 00000000 00000000 00000000 00000000 eaffb5f3 00000001 93478afe 00000000 00000000 00000000 00000000 00000000 00000101 00000080 00000000 00000000 00000000 00000000 00000000 00000000 00000000 00003333 00004ccd 00002667 00000001 00000000 01c9c380 0000027c
capture_snapshot GLI1 00010000 30000000 2500000 752 0 30000000 0 0 0 0 0 0 0 8a7d66c4 00000000 934a7d5c 00000000 00bbc1e3 00000000 00bbc1e3 00000000 0000006a 00000000 00000000 00000000 08cd1bb0 00000000 00bbc24d 00000000 00000000 00000000 00000000 00000039 008b3199 00000001 00000000 00000001 00000000 00000000 00000000 00000000 00000000 00000000 00000000 00000000 00000000 00000000 00000000 00000000 00000000 00000000 00000000 00000000 eb0988b9 00000001 934a7d72 00000000 00000000 00000000 00000000 00000000 00000101 00000081 00000000 00000000 00000000 00000000 00000000 00000000 00000000 00003333 00004ccd 00002667 00000001 00000000 01c9c380 0000027c
capture_snapshot GLI1 00010000 30000000 2500000 753 0 30000000 0 0 0 0 0 0 0 8a7d66c4 00000000 934d7c48 00000000 00bc01cc 00000000 00bc01cc 00000000 0000006a 00000000 00000000 00000000 08d01a9f 00000000 00bc0236 00000000 00000000 00000000 00000000 00000039 008b3199 00000001 00000000 00000001 00000000 00000000 00000000 00000000 00000000 00000000 00000000 00000000 00000000 00000000 00000000 00000000 00000000 00000000 00000000 00000000 eb138518 00000001 934d7c61 00000000 00000000 00000000 00000000 00000000 00000101 00000081 00000000 00000000 00000000 00000000 00000000 00000000 00000000 00003333 00004ccd 00002667 00000001 00000000 01c9c380 0000027c
capture_snapshot GLI1 00010000 30000000 2500000 754 0 30000000 0 0 0 0 0 0 0 8a7d66c4 00000000 93507c3c 00000000 00bc41cb 00000000 00bc41cb 00000000 0000006a 00000000 00000000 00000000 08d31a8d 00000000 00bc4235 00000000 00000000 00000000 00000000 00000039 008b3199 00000001 00000000 00000001 00000000 00000000 00000000 00000000 00000000 00000000 00000000 00000000 00000000 00000000 00000000 00000000 00000000 00000000 00000000 00000000 eb1d84c8 00000001 93507c4f 00000000 00000000 00000000 00000000 00000000 00000101 00000081 00000000 00000000 00000000 00000000 00000000 00000000 00000000 00003333 00004ccd 00002667 00000001 00000000 01c9c380 0000027c
capture_snapshot GLI1 00010000 30000000 2500000 755 0 30000000 0 0 0 0 0 0 0 8a7d66c4 00000000 93537e40 00000000 00bc81f6 00000000 00bc81f6 00000000 0000006a 00000000 00000000 00000000 08d61c8d 00000000 00bc8260 00000000 00000000 00000000 00000000 00000039 008b3199 00000001 00000000 00000001 00000000 00000000 00000000 00000000 00000000 00000000 00000000 00000000 00000000 00000000 00000000 00000000 00000000 00000000 00000000 00000000 eb278b5e 00000001 93537e4f 00000000 00000000 00000000 00000000 00000000 00000101 00000080 00000000 00000000 00000000 00000000 00000000 00000000 00000000 00003333 00004ccd 00002667 00000001 00000000 01c9c380 0000027c
capture_snapshot GLI1 00010000 30000000 2500000 756 0 30000000 0 0 0 0 0 0 0 8a7d66c4 00000000 935679fc 00000000 00bcc19b 00000000 00bcc19a 00000000 0000006a 00000000 00000000 00000000 08d91848 00000000 00bcc205 00000000 00000000 00000000 00000000 0000003b 008b3199 00000001 00000001 00000001 00000000 00000000 00000000 00000000 00000000 00000000 00000000 00000000 00000000 00000000 00000000 00000000 00000000 00000000 00000000 00000000 eb317d11 00000001 93567a0a 00000000 00000000 00000000 00000000 00000000 00000101 00000080 00000000 00000000 00000000 00000000 00000000 00000000 00000000 00003333 00004ccd 00002667 00000001 00000000 01c9c380 0000027c
capture_snapshot GLI1 00010000 30000000 2500000 757 0 30000000 0 0 0 0 0 0 0 8a7d66c4 00000000 935979f0 00000000 00bd019a 00000000 00bd019a 00000000 0000006a 00000000 00000000 00000000 08dc183e 00000000 00bd0204 00000000 00000000 00000000 00000000 00000039 008b3199 00000001 00000000 00000001 00000000 00000000 00000000 00000000 00000000 00000000 00000000 00000000 00000000 00000000 00000000 00000000 00000000 00000000 00000000 00000000 eb3b7cdc 00000001 93597a00 00000000 00000000 00000000 00000000 00000000 00000101 00000081 00000000 00000000 00000000 00000000 00000000 00000000 00000000 00003333 00004ccd 00002667 00000001 00000000 01c9c380 0000027c
capture_snapshot GLI1 00010000 30000000 2500000 758 0 30000000 0 0 0 0 0 0 0 8a7d66c4 00000000 935c7c48 00000000 00bd41cc 00000000 00bd41cc 00000000 0000006a 00000000 00000000 00000000 08df1a99 00000000 00bd4236 00000000 00000000 00000000 00000000 00000039 008b3199 00000001 00000000 00000001 00000000 00000000 00000000 00000000 00000000 00000000 00000000 00000000 00000000 00000000 00000000 00000000 00000000 00000000 00000000 00000000 eb4584a2 00000001 935c7c5b 00000000 00000000 00000000 00000000 00000000 00000101 00000081 00000000 00000000 00000000 00000000 00000000 00000000 00000000 00003333 00004ccd 00002667 00000001 00000000 01c9c380 0000027c
capture_snapshot GLI1 00010000 30000000 2500000 759 0 30000000 0 0 0 0 0 0 0 8a7d66c4 00000000 935f7948 00000000 00bd818c 00000000 00bd818c 00000000 0000006a 00000000 00000000 00000000 08e21799 00000000 00bd81f6 00000000 00000000 00000000 00000000 00000039 008b3199 00000001 00000000 00000001 00000000 00000000 00000000 00000000 00000000 00000000 00000000 00000000 00000000 00000000 00000000 00000000 00000000 00000000 00000000 00000000 eb4f7a90 00000001 935f795b 00000000 00000000 00000000 00000000 00000000 00000100 00000080 00000000 00000000 00000000 00000000 00000000 00000000 00000000 00003333 00004ccd 00002667 00000001 00000000 01c9c380 0000027c
capture_snapshot GLI1 00010000 30000000 2500000 760 0 30000000 0 0 0 0 0 0 0 8a7d66c4 00000000 9362793c 00000000 00bdc18b 00000000 00bdc18b 00000000 0000006a 00000000 00000000 00000000 08e51793 00000000 00bdc1f5 00000000 00000000 00000000 00000000 00000039 008b3199 00000001 00000000 00000001 00000000 00000000 00000000 00000000 00000000 00000000 00000000 00000000 00000000 00000000 00000000 00000000 00000000 00000000 00000000 00000000 eb597a66 00000001 93627955 00000000 00000000 00000000 00000000 00000000 00000101 00000080 00000000 00000000 00000000 00000000 00000000 00000000 00000000 00003333 00004ccd 00002667 00000001 00000000 01c9c380 0000027c
capture_snapshot GLI1 00010000 30000000 2500000 761 0 30000000 0 0 0 0 0 0 0 8a7d66c4 00000000 936578c4 00000000 00be0181 00000000 00be0181 00000000 0000006a 00000000 00000000 00000000 08e81711 00000000 00be01eb 00000000 00000000 00000000 00000000 00000039 008b3199 00000001 00000000 00000001 00000000 00000000 00000000 00000000 00000000 00000000 00000000 00000000 00000000 00000000 00000000 00000000 00000000 00000000 00000000 00000000 eb6378a4 00000001 936578d3 00000000 00000000 00000000 00000000 00000000 00000100 00000080 00000000 00000000 00000000 00000000 00000000 00000000 00000000 00003333 00004ccd 00002667 00000001 00000000 01c9c380 0000027c
capture_snapshot GLI1 00010000 30000000 2500000 762 0 30000000 0 0 0 0 0 0 0 8a7d66c4 00000000 93687918 00000000 00be4188 00000000 00be4188 00000000 0000006a 00000000 00000000 00000000 08eb176d 00000000 00be41f2 00000000 00000000 00000000 00000000 00000039 008b3199 00000001 00000000 00000001 00000000 00000000 00000000 00000000 00000000 00000000 00000000 00000000 00000000 00000000 00000000 00000000 00000000 00000000 00000000 00000000 eb6d79c1 00000001 9368792f 00000000 00000000 00000000 00000000 00000000 00000101 00000081 00000000 00000000 00000000 00000000 00000000 00000000 00000000 00003333 00004ccd 00002667 00000001 00000000 01c9c380 0000027c
capture_snapshot GLI1 00010000 30000000 2500000 763 0 30000000 0 0 0 0 0 0 0 8a7d66c4 00000000 936b7cb4 00000000 00be81d5 00000000 00be81d5 00000000 0000006a 00000000 00000000 00000000 08ee1b07 00000000 00be823f 00000000 00000000 00000000 00000000 00000039 008b3199 00000001 00000000 00000001 00000000 00000000 00000000 00000000 00000000 00000000 00000000 00000000 00000000 00000000 00000000 00000000 00000000 00000000 00000000 00000000 eb7785af 00000001 936b7cc9 00000000 00000000 00000000 00000000 00000000 00000101 00000081 00000000 00000000 00000000 00000000 00000000 00000000 00000000 00003333 00004ccd 00002667 00000001 00000000 01c9c380 0000027c
capture_snapshot GLI1 00010000 30000000 2500000 764 0 30000000 0 0 0 0 0 0 0 8a7d66c4 00000000 936e7c30 00000000 00bec1ca 00000000 00bec1ca 00000000 0000006a 00000000 00000000 00000000 08f11a7d 00000000 00bec234 00000000 00000000 00000000 00000000 00000039 008b3199 00000001 00000000 00000001 00000000 00000000 00000000 00000000 00000000 00000000 00000000 00000000 00000000 00000000 00000000 00000000 00000000 00000000 00000000 00000000 eb8183d0 00000001 936e7c3f 00000000 00000000 00000000 00000000 00000000 00000101 00000081 00000000 00000000 00000000 00000000 00000000 00000000 00000000 00003333 00004ccd 00002667 00000001 00000000 01c9c380 0000027c
capture_snapshot GLI1 00010000 30000000 2500000 765 0 30000000 0 0 0 0 0 0 0 8a7d66c4 00000000 93717ee8 00000000 00bf0204 00000000 00bf0204 00000000 0000006a 00000000 00000000 00000000 08f41d3d 00000000 00bf026e 00000000 00000000 00000000 00000000 00000039 008b3199 00000001 00000000 00000001 00000000 00000000 00000000 00000000 00000000 00000000 00000000 00000000 00000000 00000000 00000000 00000000 00000000 00000000 00000000 00000000 eb8b8ce8 00000001 93717eff 00000000 00000000 00000000 00000000 00000000 00000100 00000080 00000000 00000000 00000000 00000000 00000000 00000000 00000000 00003333 00004ccd 00002667 00000001 00000000 01c9c380 0000027c
capture_snapshot GLI1 00010000 30000000 2500000 766 0 30000000 0 0 0 0 0 0 0 8a7d66c4 00000000 93747a98 00000000 00bf41a8 00000000 00bf41a8 00000000 0000006a 00000000 00000000 00000000 08f718e9 00000000 00bf4212 00000000 00000000 00000000 00000000 00000039 008b3199 00000001 00000000 00000001 00000000 00000000 00000000 00000000 00000000 00000000 00000000 00000000 00000000 00000000 00000000 00000000 00000000 00000000 00000000 00000000 eb957e67 00000001 93747aab 00000000 00000000 00000000 00000000 00000000 00000100 00000081 00000000 00000000 00000000 00000000 00000000 00000000 00000000 00003333 00004ccd 00002667 00000001 00000000 01c9c380 0000027c
capture_snapshot GLI1 00010000 30000000 2500000 767 0 30000000 0 0 0 0 0 0 0 8a7d66c4 00000000 937778e8 00000000 00bf8184 00000000 00bf8183 00000000 0000006a 00000000 00000000 00000000 08fa1734 00000000 00bf81ee 00000000 00000000 00000000 00000000 0000003b 008b3199 00000001 00000001 00000001 00000000 00000000 00000000 00000000 00000000 00000000 00000000 00000000 00000000 00000000 00000000 00000000 00000000 00000000 00000000 00000000 eb9f78a3 00000001 937778f6 00000000 00000000 00000000 00000000 00000000 00000100 00000080 00000000 00000000 00000000 00000000 00000000 00000000 00000000 00003333 00004ccd 00002667 00000001 00000000 01c9c380 0000027c
capture_snapshot GLI1 00010000 30000000 2500000 768 0 30000000 0 0 0 0 0 0 0 8a7d66c4 00000000 937a7be8 00000000 00bfc1c4 00000000 00bfc1c4 00000000 0000006a 00000000 00000000 00000000 08fd1a37 00000000 00bfc22e 00000000 00000000 00000000 00000000 00000039 008b3199 00000001 00000000 00000001 00000000 00000000 00000000 00000000 00000000 00000000 00000000 00000000 00000000 00000000 00000000 00000000 00000000 00000000 00000000 00000000 eba98299 00000001 937a7bf9 00000000 00000000 00000000 00000000 00000000 00000101 00000080 00000000 00000000 00000000 00000000 00000000 00000000 00000000 00003333 00004ccd 00002667 00000001 00000000 01c9c380 0000027c
capture_snapshot GLI1 00010000 30000000 2500000 769 0 30000000 0 0 0 0 0 0 0 8a7d66c4 00000000 937d79e4 00000000 00c00199 00000000 00c00199 00000000 0000006a 00000000 00000000 00000000 09001836 00000000 00c00203 00000000 00000000 00000000 00000000 00000039 008b3199 00000001 00000000 00000001 00000000 00000000 00000000 00000000 00000000 00000000 00000000 00000000 00000000 00000000 00000000 00000000 00000000 00000000 00000000 00000000 ebb37bd7 00000001 937d79f8 00000000 00000000 00000000 00000000 00000000 00000101 00000081 00000000 00000000 00000000 00000000 00000000 00000000 00000000 00003333 00004ccd 00002667 00000001 00000000 01c9c380 0000027c
capture_snapshot GLI1 00010000 30000000 2500000 770 0 30000000 0 0 0 0 0 0 0 8a7d66c4 00000000 9380790c 00000000 00c04187 00000000 00c04187 00000000 0000006a 00000000 00000000 00000000 09031760 00000000 00c041f1 00000000 00000000 00000000 00000000 00000039 008b3199 00000001 00000000 00000001 00000000 00000000 00000000 00000000 00000000 00000000 00000000 00000000 00000000 00000000 00000000 00000000 00000000 00000000 00000000 00000000 ebbd78fb 00000001 93807922 00000000 00000000 00000000 00000000 00000000 00000100 00000080 00000000 00000000 00000000 00000000 00000000 00000000 00000000 00003333 00004ccd 00002667 00000001 00000000 01c9c380 0000027c
capture_snapshot GLI1 00010000 30000000 2500000 771 0 30000000 0 0 0 0 0 0 0 8a7d66c4 00000000 93837a08 00000000 00c0819c 00000000 00c0819c 00000000 0000006a 00000000 00000000 00000000 0906185a 00000000 00c08206 00000000 00000000 00000000 00000000 00000039 008b3199 00000001 00000000 00000001 00000000 00000000 00000000 00000000 00000000 00000000 00000000 00000000 00000000 00000000 00000000 00000000 00000000 00000000 00000000 00000000 ebc77c29 00000001 93837a1c 00000000 00000000 00000000 00000000 00000000 00000100 00000080 00000000 00000000 00000000 00000000 00000000 00000000 00000000 00003333 00004ccd 00002667 00000001 00000000 01c9c380 0000027c
capture_snapshot GLI1 00010000 30000000 2500000 772 0 30000000 0 0 0 0 0 0 0 8a7d66c4 00000000 93867984 00000000 00c0c191 00000000 00c0c191 00000000 0000006a 00000000 00000000 00000000 090917d2 00000000 00c0c1fb 00000000 00000000 00000000 00000000 00000039 008b3199 00000001 00000000 00000001 00000000 00000000 00000000 00000000 00000000 00000000 00000000 00000000 00000000 00000000 00000000 00000000 00000000 00000000 00000000 00000000 ebd17a4e 00000001 93867994 00000000 00000000 00000000 00000000 00000000 00000101 00000080 00000000 00000000 00000000 00000000 00000000 00000000 00000000 00003333 00004ccd 00002667 00000001 00000000 01c9c380 0000027c
capture_snapshot GLI1 00010000 30000000 2500000 773 0 30000000 0 0 0 0 0 0 0 8a7d66c4 00000000 9389793c 00000000 00c1018b 00000000 00c1018b 00000000 0000006a 00000000 00000000 00000000 090c178c 00000000 00c101f5 00000000 00000000 00000000 00000000 00000039 008b3199 00000001 00000000 00000001 00000000 00000000 00000000 00000000 00000000 00000000 00000000 00000000 00000000 00000000 00000000 00000000 00000000 00000000 00000000 00000000 ebdb7951 00000001 9389794e 00000000 00000000 00000000 00000000 00000000 00000100 00000080 00000000 00000000 00000000 00000000 00000000 00000000 00000000 00003333 00004ccd 00002667 00000001 00000000 01c9c380 0000027c
capture_snapshot GLI1 00010000 30000000 2500000 774 0 30000000 0 0 0 0 0 0 0 8a7d66c4 00000000 938c79c0 00000000 00c14196 00000000 00c14196 00000000 0000006a 00000000 00000000 00000000 090f180f 00000000 00c14200 00000000 00000000 00000000 00000000 00000039 008b3199 00000001 00000000 00000001 00000000 00000000 00000000 00000000 00000000 00000000 00000000 00000000 00000000 00000000 00000000 00000000 00000000 00000000 00000000 00000000 ebe57af2 00000001 938c79d1 00000000 00000000 00000000 00000000 00000000 00000100 00000080 00000000 00000000 00000000 00000000 00000000 00000000 00000000 00003333 00004ccd 00002667 00000001 00000000 01c9c380 0000027c
capture_snapshot GLI1 00010000 30000000 2500000 775 0 30000000 0 0 0 0 0 0 0 8a7d66c4 00000000 938f79b4 00000000 00c18195 00000000 00c18195 00000000 0000006a 00000000 00000000 00000000 09121805 00000000 00c181ff 00000000 00000000 00000000 00000000 00000039 008b3199 00000001 00000000 00000001 00000000 00000000 00000000 00000000 00000000 00000000 00000000 00000000 00000000 00000000 00000000 00000000 00000000 00000000 00000000 00000000 ebef7abd 00000001 938f79c7 00000000 00000000 00000000 00000000 00000000 00000100 00000080 00000000 00000000 00000000 00000000 00000000 00000000 00000000 00003333 00004ccd 00002667 00000001 00000000 01c9c380 0000027c
capture_snapshot GLI1 00010000 30000000 2500000 776 0 30000000 0 0 0 0 0 0 0 8a7d66c4 00000000 93927918 00000000 00c1c188 00000000 00c1c188 00000000 0000006a 00000000 00000000 00000000 09151768 00000000 00c1c1f2 00000000 00000000 00000000 00000000 00000039 008b3199 00000001 00000000 00000001 00000000 00000000 00000000 00000000 00000000 00000000 00000000 00000000 00000000 00000000 00000000 00000000 00000000 00000000 00000000 00000000 ebf978a1 00000001 9392792a 00000000 00000000 00000000 00000000 00000000 00000100 00000080 00000000 00000000 00000000 00000000 00000000 00000000 00000000 00003333 00004ccd 00002667 00000001 00000000 01c9c380 0000027c
capture_snapshot GLI1 00010000 30000000 2500000 777 0 30000000 0 0 0 0 0 0 0 8a7d66c4 00000000 93957954 00000000 00c2018d 00000000 00c2018d 00000000 0000006a 00000000 00000000 00000000 091817a5 00000000 00c201f7 00000000 00000000 00000000 00000000 00000039 008b3199 00000001 00000000 00000001 00000000 00000000 00000000 00000000 00000000 00000000 00000000 00000000 00000000 00000000 00000000 00000000 00000000 00000000 00000000 00000000 ec037956 00000001 93957967 00000000 00000000 00000000 00000000 00000000 00000100 00000080 00000000 00000000 00000000 00000000 00000000 00000000 00000000 00003333 00004ccd 00002667 00000001 00000000 01c9c380 0000027c
capture_snapshot GLI1 00010000 30000000 2500000 778 0 30000000 0 0 0 0 0 0 0 8a7d66c4 00000000 93987984 00000000 00c24191 00000000 00c24191 00000000 0000006a 00000000 00000000 00000000 091b17d5 00000000 00c241fb 00000000 00000000 00000000 00000000 00000039 008b3199 00000001 00000000 00000001 00000000 00000000 00000000 00000000 00000000 00000000 00000000 00000000 00000000 00000000 00000000 00000000 00000000 00000000 00000000 00000000 ec0d79e5 00000001 93987997 00000000 00000000 00000000 00000000 00000000 00000100 00000081 00000000 00000000 00000000 00000000 00000000 00000000 00000000 00003333 00004ccd 00002667 00000001 00000000 01c9c380 0000027c
capture_snapshot GLI1 00010000 30000000 2500000 779 0 30000000 0 0 0 0 0 0 0 8a7d66c4 00000000 939b78c4 00000000 00c28181 00000000 00c28181 00000000 0000006a 00000000 00000000 00000000 091e1715 00000000 00c281eb 00000000 00000000 00000000 00000000 00000039 008b3199 00000001 00000000 00000001 00000000 00000000 00000000 00000000 00000000 00000000 00000000 00000000 00000000 00000000 00000000 00000000 00000000 00000000 00000000 00000000 ec177751 00000001 939b78d7 00000000 00000000 00000000 00000000 00000000 00000101 00000081 00000000 00000000 00000000 00000000 00000000 00000000 00000000 00003333 00004ccd 00002667 00000001 00000000 01c9c380 0000027c
capture_snapshot GLI1 00010000 30000000 2500000 780 0 30000000 0 0 0 0 0 0 0 8a7d66c4 00000000 939e7918 00000000 00c2c188 00000000 00c2c188 00000000 0000006a 00000000 00000000 00000000 0921176f 00000000 00c2c1f2 00000000 00000000 00000000 00000000 00000039 008b3199 00000001 00000000 00000001 00000000 00000000 00000000 00000000 00000000 00000000 00000000 00000000 00000000 00000000 00000000 00000000 00000000 00000000 00000000 00000000 ec217869 00000001 939e7931 00000000 00000000 00000000 00000000 00000000 00000101 00000081 00000000 00000000 00000000 00000000 00000000 00000000 00000000 00003333 00004ccd 00002667 00000001 00000000 01c9c380 0000027c
capture_snapshot GLI1 00010000 30000000 2500000 781 0 30000000 0 0 0 0 0 0 0 8a7d66c4 00000000 93a17990 00000000 00c30192 00000000 00c30192 00000000 0000006a 00000000 00000000 00000000 092417e7 00000000 00c301fc 00000000 00000000 00000000 00000000 00000039 008b3199 00000001 00000000 00000001 00000000 00000000 00000000 00000000 00000000 00000000 00000000 00000000 00000000 00000000 00000000 00000000 00000000 00000000 00000000 00000000 ec2b79e5 00000001 93a179a9 00000000 00000000 00000000 00000000 00000000 00000101 00000081 00000000 00000000 00000000 00000000 00000000 00000000 00000000 00003333 00004ccd 00002667 00000001 00000000 01c9c380 0000027c
capture_snapshot GLI1 00010000 30000000 2500000 782 0 30000000 0 0 0 0 0 0 0 8a7d66c4 00000000 93a47900 00000000 00c34186 00000000 00c34186 00000000 0000006a 00000000 00000000 00000000 09271752 00000000 00c341f0 00000000 00000000 00000000 00000000 00000039 008b3199 00000001 00000000 00000001 00000000 00000000 00000000 00000000 00000000 00000000 00000000 00000000 00000000 00000000 00000000 00000000 00000000 00000000 00000000 00000000 ec3577e3 00000001 93a47914 00000000 00000000 00000000 00000000 00000000 00000100 00000080 00000000 00000000 00000000 00000000 00000000 00000000 00000000 00003333 00004ccd 00002667 00000001 00000000 01c9c380 0000027c
capture_snapshot GLI1 00010000 30000000 2500000 783 0 30000000 0 0 0 0 0 0 0 8a7d66c4 00000000 93a779e4 00000000 00c38199 00000000 00c38199 00000000 0000006a 00000000 00000000 00000000 092a1833 00000000 00c38203 00000000 00000000 00000000 00000000 00000039 008b3199 00000001 00000000 00000001 00000000 00000000 00000000 00000000 00000000 00000000 00000000 00000000 00000000 00000000 00000000 00000000 00000000 00000000 00000000 00000000 ec3f7abc 00000001 93a779f5 00000000 00000000 00000000 00000000 00000000 00000101 00000081 00000000 00000000 00000000 00000000 00000000 00000000 00000000 00003333 00004ccd 00002667 00000001 00000000 01c9c380 0000027c
capture_snapshot GLI1 00010000 30000000 2500000 784 0 30000000 0 0 0 0 0 0 0 8a7d66c4 00000000 93aa7960 00000000 00c3c18e 00000000 00c3c18e 00000000 0000006a 00000000 00000000 00000000 092d17b7 00000000 00c3c1f8 00000000 00000000 00000000 00000000 00000039 008b3199 00000001 00000000 00000001 00000000 00000000 00000000 00000000 00000000 00000000 00000000 00000000 00000000 00000000 00000000 00000000 00000000 00000000 00000000 00000000 ec49790b 00000001 93aa7979 00000000 00000000 00000000 00000000 00000000 00000101 00000081 00000000 00000000 00000000 00000000 00000000 00000000 00000000 00003333 00004ccd 00002667 00000001 00000000 01c9c380 0000027c
capture_snapshot GLI1 00010000 30000000 2500000 785 0 30000000 0 0 0 0 0 0 0 8a7d66c4 00000000 93ad78e8 00000000 00c40184 00000000 00c40184 00000000 0000006a 00000000 00000000 00000000 09301735 00000000 00c401ee 00000000 00000000 00000000 00000000 00000039 008b3199 00000001 00000000 00000001 00000000 00000000 00000000 00000000 00000000 00000000 00000000 00000000 00000000 00000000 00000000 00000000 00000000 00000000 00000000 00000000 ec537745 00000001 93ad78f7 00000000 00000000 00000000 00000000 00000000 00000100 00000080 00000000 00000000 00000000 00000000 00000000 00000000 00000000 00003333 00004ccd 00002667 00000001 00000000 01c9c380 0000027c
capture_snapshot GLI1 00010000 30000000 2500000 786 0 30000000 0 0 0 0 0 0 0 8a7d66c4 00000000 93b07918 00000000 00c44188 00000000 00c44188 00000000 0000006a 00000000 00000000 00000000 09331770 00000000 00c441f2 00000000 00000000 00000000 00000000 00000039 008b3199 00000001 00000000 00000001 00000000 00000000 00000000 00000000 00000000 00000000 00000000 00000000 00000000 00000000 00000000 00000000 00000000 00000000 00000000 00000000 ec5d77f6 00000001 93b07932 00000000 00000000 00000000 00000000 00000000 00000100 00000080 00000000 00000000 00000000 00000000 00000000 00000000 00000000 00003333 00004ccd 00002667 00000001 00000000 01c9c380 0000027c
capture_snapshot GLI1 00010000 30000000 2500000 787 0 30000000 0 0 0 0 0 0 0 8a7d66c4 00000000 93b37bd0 00000000 00c481c2 00000000 00c481c2 00000000 0000006a 00000000 00000000 00000000 09361a1f 00000000 00c4822c 00000000 00000000 00000000 00000000 00000039 008b3199 00000001 00000000 00000001 00000000 00000000 00000000 00000000 00000000 00000000 00000000 00000000 00000000 00000000 00000000 00000000 00000000 00000000 00000000 00000000 ec6780d6 00000001 93b37be1 00000000 00000000 00000000 00000000 00000000 00000101 00000081 00000000 00000000 00000000 00000000 00000000 00000000 00000000 00003333 00004ccd 00002667 00000001 00000000 01c9c380 0000027c
capture_snapshot GLI1 00010000 30000000 2500000 788 0 30000000 0 0 0 0 0 0 0 8a7d66c4 00000000 93b678f4 00000000 00c4c185 00000000 00c4c185 00000000 0000006a 00000000 00000000 00000000 09391744 00000000 00c4c1ef 00000000 00000000 00000000 00000000 00000039 008b3199 00000001 00000000 00000001 00000000 00000000 00000000 00000000 00000000 00000000 00000000 00000000 00000000 00000000 00000000 00000000 00000000 00000000 00000000 00000000 ec71773f 00000001 93b67906 00000000 00000000 00000000 00000000 00000000 00000100 00000080 00000000 00000000 00000000 00000000 00000000 00000000 00000000 00003333 00004ccd 00002667 00000001 00000000 01c9c380 0000027c
capture_snapshot GLI1 00010000 30000000 2500000 789 0 30000000 0 0 0 0 0 0 0 8a7d66c4 00000000 93b97924 00000000 00c50189 00000000 00c50189 00000000 0000006a 00000000 00000000 00000000 093c1773 00000000 00c501f3 00000000 00000000 00000000 00000000 00000039 008b3199 00000001 00000000 00000001 00000000 00000000 00000000 00000000 00000000 00000000 00000000 00000000 00000000 00000000 00000000 00000000 00000000 00000000 00000000 00000000 ec7b77c6 00000001 93b97935 00000000 00000000 00000000 00000000 00000000 00000101 00000080 00000000 00000000 00000000 00000000 00000000 00000000 00000000 00003333 00004ccd 00002667 00000001 00000000 01c9c380 0000027c
capture_snapshot GLI1 00010000 30000000 2500000 790 0 30000000 0 0 0 0 0 0 0 8a7d66c4 00000000 93bc7888 00000000 00c5417c 00000000 00c5417c 00000000 0000006a 00000000 00000000 00000000 093f16de 00000000 00c541e6 00000000 00000000 00000000 00000000 00000039 008b3199 00000001 00000000 00000001 00000000 00000000 00000000 00000000 00000000 00000000 00000000 00000000 00000000 00000000 00000000 00000000 00000000 00000000 00000000 00000000 ec8575c3 00000001 93bc78a0 00000000 00000000 00000000 00000000 00000000 00000101 00000081 00000000 00000000 00000000 00000000 00000000 00000000 00000000 00003333 00004ccd 00002667 00000001 00000000 01c9c380 0000027c
capture_snapshot GLI1 00010000 30000000 2500000 791 0 30000000 0 0 0 0 0 0 0 8a7d66c4 00000000 93bf79a8 00000000 00c58194 00000000 00c58194 00000000 0000006a 00000000 00000000 00000000 094217fd 00000000 00c581fe 00000000 00000000 00000000 00000000 00000039 008b3199 00000001 00000000 00000001 00000000 00000000 00000000 00000000 00000000 00000000 00000000 00000000 00000000 00000000 00000000 00000000 00000000 00000000 00000000 00000000 ec8f796c 00000001 93bf79bf 00000000 00000000 00000000 00000000 00000000 00000101 00000081 00000000 00000000 00000000 00000000 00000000 00000000 00000000 00003333 00004ccd 00002667 00000001 00000000 01c9c380 0000027c
capture_snapshot GLI1 00010000 30000000 2500000 792 0 30000000 0 0 0 0 0 0 0 8a7d66c4 00000000 93c27948 00000000 00c5c18c 00000000 00c5c18c 00000000 0000006a 00000000 00000000 00000000 09451795 00000000 00c5c1f6 00000000 00000000 00000000 00000000 00000039 008b3199 00000001 00000000 00000001 00000000 00000000 00000000 00000000 00000000 00000000 00000000 00000000 00000000 00000000 00000000 00000000 00000000 00000000 00000000 00000000 ec9977fd 00000001 93c27957 00000000 00000000 00000000 00000000 00000000 00000101 00000080 00000000 00000000 00000000 00000000 00000000 00000000 00000000 00003333 00004ccd 00002667 00000001 00000000 01c9c380 0000027c
capture_snapshot GLI1 00010000 30000000 2500000 793 0 30000000 0 0 0 0 0 0 0 8a7d66c4 00000000 93c578a0 00000000 00c6017e 00000000 00c6017e 00000000 0000006a 00000000 00000000 00000000 094816f0 00000000 00c601e8 00000000 00000000 00000000 00000000 00000039 008b3199 00000001 00000000 00000001 00000000 00000000 00000000 00000000 00000000 00000000 00000000 00000000 00000000 00000000 00000000 00000000 00000000 00000000 00000000 00000000 eca375c3 00000001 93c578b2 00000000 00000000 00000000 00000000 00000000 00000101 00000080 00000000 00000000 00000000 00000000 00000000 00000000 00000000 00003333 00004ccd 00002667 00000001 00000000 01c9c380 0000027c
capture_snapshot GLI1 00010000 30000000 2500000 794 0 30000000 0 0 0 0 0 0 0 8a7d66c4 00000000 93c878f4 00000000 00c64185 00000000 00c64185 00000000 0000006a 00000000 00000000 00000000 094b1744 00000000 00c641ef 00000000 00000000 00000000 00000000 00000039 008b3199 00000001 00000000 00000001 00000000 00000000 00000000 00000000 00000000 00000000 00000000 00000000 00000000 00000000 00000000 00000000 00000000 00000000 00000000 00000000 ecad76c7 00000001 93c87906 00000000 00000000 00000000 00000000 00000000 00000100 00000080 00000000 00000000 00000000 00000000 00000000 00000000 00000000 00003333 00004ccd 00002667 00000001 00000000 01c9c380 0000027c
capture_snapshot GLI1 00010000 30000000 2500000 795 0 30000000 0 0 0 0 0 0 0 8a7d66c4 00000000 93cb78a0 00000000 00c6817e 00000000 00c6817e 00000000 0000006a 00000000 00000000 00000000 094e16ef 00000000 00c681e8 00000000 00000000 00000000 00000000 00000039 008b3199 00000001 00000000 00000001 00000000 00000000 00000000 00000000 00000000 00000000 00000000 00000000 00000000 00000000 00000000 00000000 00000000 00000000 00000000 00000000 ecb7759b 00000001 93cb78b1 00000000 00000000 00000000 00000000 00000000 00000100 00000080 00000000 00000000 00000000 00000000 00000000 00000000 00000000 00003333 00004ccd 00002667 00000001 00000000 01c9c380 0000027c
capture_snapshot GLI1 00010000 30000000 2500000 796 0 30000000 0 0 0 0 0 0 0 8a7d66c4 00000000 93ce790c 00000000 00c6c187 00000000 00c6c187 00000000 0000006a 00000000 00000000 00000000 0951175e 00000000 00c6c1f1 00000000 00000000 00000000 00000000 00000039 008b3199 00000001 00000000 00000001 00000000 00000000 00000000 00000000 00000000 00000000 00000000 00000000 00000000 00000000 00000000 00000000 00000000 00000000 00000000 00000000 ecc176f8 00000001 93ce7920 00000000 00000000 00000000 00000000 00000000 00000101 00000081 00000000 00000000 00000000 00000000 00000000 00000000 00000000 00003333 00004ccd 00002667 00000001 00000000 01c9c380 0000027c
capture_snapshot GLI1 00010000 30000000 2500000 797 0 30000000 0 0 0 0 0 0 0 8a7d66c4 00000000 93d17978 00000000 00c70190 00000000 00c70190 00000000 0000006a 00000000 00000000 00000000 095417c9 00000000 00c701fa 00000000 00000000 00000000 00000000 00000039 008b3199 00000001 00000000 00000001 00000000 00000000 00000000 00000000 00000000 00000000 00000000 00000000 00000000 00000000 00000000 00000000 00000000 00000000 00000000 00000000 eccb7848 00000001 93d1798b 00000000 00000000 00000000 00000000 00000000 00000100 00000080 00000000 00000000 00000000 00000000 00000000 00000000 00000000 00003333 00004ccd 00002667 00000001 00000000 01c9c380 0000027c
capture_snapshot GLI1 00010000 30000000 2500000 798 0 30000000 0 0 0 0 0 0 0 8a7d66c4 00000000 93d479b4 00000000 00c74195 00000000 00c74195 00000000 0000006a 00000000 00000000 00000000 09571804 00000000 00c741ff 00000000 00000000 00000000 00000000 00000039 008b3199 00000001 00000000 00000001 00000000 00000000 00000000 00000000 00000000 00000000 00000000 00000000 00000000 00000000 00000000 00000000 00000000 00000000 00000000 00000000 ecd578f9 00000001 93d479c6 00000000 00000000 00000000 00000000 00000000 00000100 00000080 00000000 00000000 00000000 00000000 00000000 00000000 00000000 00003333 00004ccd 00002667 00000001 00000000 01c9c380 0000027c
capture_snapshot GLI1 00010000 30000000 2500000 799 0 30000000 0 0 0 0 0 0 0 8a7d66c4 00000000 93d77870 00000000 00c7817a 00000000 00c7817a 00000000 0000006a 00000000 00000000 00000000 095a16c6 00000000 00c781e4 00000000 00000000 00000000 00000000 00000039 008b3199 00000001 00000000 00000001 00000000 00000000 00000000 00000000 00000000 00000000 00000000 00000000 00000000 00000000 00000000 00000000 00000000 00000000 00000000 00000000 ecdf74c3 00000001 93d77888 00000000 00000000 00000000 00000000 00000000 00000101 00000081 00000000 00000000 00000000 00000000 00000000 00000000 00000000 00003333 00004ccd 00002667 00000001 00000000 01c9c380 0000027c
capture_snapshot GLI1 00010000 30000000 2500000 800 0 30000000 0 0 0 0 0 0 0 8a7d66c4 00000000 93da78f4 00000000 00c7c185 00000000 00c7c185 00000000 0000006a 00000000 00000000 00000000 095d1744 00000000 00c7c1ef 00000000 00000000 00000000 00000000 00000039 008b3199 00000001 00000000 00000001 00000000 00000000 00000000 00000000 00000000 00000000 00000000 00000000 00000000 00000000 00000000 00000000 00000000 00000000 00000000 00000000 ece97654 00000001 93da7906 00000000 00000000 00000000 00000000 00000000 00000101 00000081 00000000 00000000 00000000 00000000 00000000 00000000 00000000 00003333 00004ccd 00002667 00000001 00000000 01c9c380 0000027c
capture_snapshot GLI1 00010000 30000000 2500000 801 0 30000000 0 0 0 0 0 0 0 8a7d66c4 00000000 93dd78d0 00000000 00c80182 00000000 00c80182 00000000 0000006a 00000000 00000000 00000000 09601722 00000000 00c801ec 00000000 00000000 00000000 00000000 00000039 008b3199 00000001 00000000 00000001 00000000 00000000 00000000 00000000 00000000 00000000 00000000 00000000 00000000 00000000 00000000 00000000 00000000 00000000 00000000 00000000 ecf375d0 00000001 93dd78e4 00000000 00000000 00000000 00000000 00000000 00000100 00000080 00000000 00000000 00000000 00000000 00000000 00000000 00000000 00003333 00004ccd 00002667 00000001 00000000 01c9c380 0000027c
capture_snapshot GLI1 00010000 30000000 2500000 802 0 30000000 0 0 0 0 0 0 0 8a7d66c4 00000000 93e07888 00000000 00c8417c 00000000 00c8417c 00000000 0000006a 00000000 00000000 00000000 096316dd 00000000 00c841e6 00000000 00000000 00000000 00000000 00000039 008b3199 00000001 00000000 00000001 00000000 00000000 00000000 00000000 00000000 00000000 00000000 00000000 00000000 00000000 00000000 00000000 00000000 00000000 00000000 00000000 ecfd74d7 00000001 93e0789f 00000000 00000000 00000000 00000000 00000000 00000100 00000080 00000000 00000000 00000000 00000000 00000000 00000000 00000000 00003333 00004ccd 00002667 00000001 00000000 01c9c380 0000027c
capture_snapshot GLI1 00010000 30000000 2500000 803 0 30000000 0 0 0 0 0 0 0 8a7d66c4 00000000 93e37954 00000000 00c8818d 00000000 00c8818d 00000000 0000006a 00000000 00000000 00000000 096617a2 00000000 00c881f7 00000000 00000000 00000000 00000000 00000039 008b3199 00000001 00000000 00000001 00000000 00000000 00000000 00000000 00000000 00000000 00000000 00000000 00000000 00000000 00000000 00000000 00000000 00000000 00000000 00000000 ed077753 00000001 93e37964 00000000 00000000 00000000 00000000 00000000 00000101 00000081 00000000 00000000 00000000 00000000 00000000 00000000 00000000 00003333 00004ccd 00002667 00000001 00000000 01c9c380 0000027c
capture_snapshot GLI1 00010000 30000000 2500000 804 0 30000000 0 0 0 0 0 0 0 8a7d66c4 00000000 93e679b4 00000000 00c8c195 00000000 00c8c195 00000000 0000006a 00000000 00000000 00000000 09691805 00000000 00c8c1ff 00000000 00000000 00000000 00000000 00000039 008b3199 00000001 00000000 00000001 00000000 00000000 00000000 00000000 00000000 00000000 00000000 00000000 00000000 00000000 00000000 00000000 00000000 00000000 00000000 00000000 ed11788a 00000001 93e679c7 00000000 00000000 00000000 00000000 00000000 00000100 00000081 00000000 00000000 00000000 00000000 00000000 00000000 00000000 00003333 00004ccd 00002667 00000001 00000000 01c9c380 0000027c
capture_snapshot GLI1 00010000 30000000 2500000 805 0 30000000 0 0 0 0 0 0 0 8a7d66c4 00000000 93e979d8 00000000 00c90198 00000000 00c90198 00000000 0000006a 00000000 00000000 00000000 096c1826 00000000 00c90202 00000000 00000000 00000000 00000000 00000039 008b3199 00000001 00000000 00000001 00000000 00000000 00000000 00000000 00000000 00000000 00000000 00000000 00000000 00000000 00000000 00000000 00000000 00000000 00000000 00000000 ed1b78e4 00000001 93e979e8 00000000 00000000 00000000 00000000 00000000 00000101 00000081 00000000 00000000 00000000 00000000 00000000 00000000 00000000 00003333 00004ccd 00002667 00000001 00000000 01c9c380 0000027c
capture_snapshot GLI1 00010000 30000000 2500000 806 0 30000000 0 0 0 0 0 0 0 8a7d66c4 00000000 93ec78e8 00000000 00c94184 00000000 00c94184 00000000 0000006a 00000000 00000000 00000000 096f173d 00000000 00c941ee 00000000 00000000 00000000 00000000 00000039 008b3199 00000001 00000000 00000001 00000000 00000000 00000000 00000000 00000000 00000000 00000000 00000000 00000000 00000000 00000000 00000000 00000000 00000000 00000000 00000000 ed2575c8 00000001 93ec78ff 00000000 00000000 00000000 00000000 00000000 00000101 00000081 00000000 00000000 00000000 00000000 00000000 00000000 00000000 00003333 00004ccd 00002667 00000001 00000000 01c9c380 0000027c
capture_snapshot GLI1 00010000 30000000 2500000 807 0 30000000 0 0 0 0 0 0 0 8a7d66c4 00000000 93ef7960 00000000 00c9818e 00000000 00c9818e 00000000 0000006a 00000000 00000000 00000000 097217b5 00000000 00c981f8 00000000 00000000 00000000 00000000 00000039 008b3199 00000001 00000000 00000001 00000000 00000000 00000000 00000000 00000000 00000000 00000000 00000000 00000000 00000000 00000000 00000000 00000000 00000000 00000000 00000000 ed2f7744 00000001 93ef7977 00000000 00000000 00000000 00000000 00000000 00000101 00000081 00000000 00000000 00000000 00000000 00000000 00000000 00000000 00003333 00004ccd 00002667 00000001 00000000 01c9c380 0000027c
capture_snapshot GLI1 00010000 30000000 2500000 808 0 30000000 0 0 0 0 0 0 0 8a7d66c4 00000000 93f27894 00000000 00c9c17d 00000000 00c9c17d 00000000 0000006a 00000000 00000000 00000000 097516e6 00000000 00c9c1e7 00000000 00000000 00000000 00000000 00000039 008b3199 00000001 00000000 00000001 00000000 00000000 00000000 00000000 00000000 00000000 00000000 00000000 00000000 00000000 00000000 00000000 00000000 00000000 00000000 00000000 ed39747f 00000001 93f278a8 00000000 00000000 00000000 00000000 00000000 00000101 00000081 00000000 00000000 00000000 00000000 00000000 00000000 00000000 00003333 00004ccd 00002667 00000001 00000000 01c9c380 0000027c
capture_snapshot GLI1 00010000 30000000 2500000 809 0 30000000 0 0 0 0 0 0 0 8a7d66c4 00000000 93f5799c 00000000 00ca0193 00000000 00ca0193 00000000 0000006a 00000000 00000000 00000000 097817f3 00000000 00ca01fd 00000000 00000000 00000000 00000000 00000039 008b3199 00000001 00000000 00000001 00000000 00000000 00000000 00000000 00000000 00000000 00000000 00000000 00000000 00000000 00000000 00000000 00000000 00000000 00000000 00000000 ed4377ec 00000001 93f579b5 00000000 00000000 00000000 00000000 00000000 00000101 00000080 00000000 00000000 00000000 00000000 00000000 00000000 00000000 00003333 00004ccd 00002667 00000001 00000000 01c9c380 0000027c
capture_snapshot GLI1 00010000 30000000 2500000 810 0 30000000 0 0 0 0 0 0 0 8a7d66c4 00000000 93f8796c 00000000 00ca418f 00000000 00ca418f 00000000 0000006a 00000000 00000000 00000000 097b17bf 00000000 00ca41f9 00000000 00000000 00000000 00000000 00000039 008b3199 00000001 00000000 00000001 00000000 00000000 00000000 00000000 00000000 00000000 00000000 00000000 00000000 00000000 00000000 00000000 00000000 00000000 00000000 00000000 ed4d772b 00000001 93f87981 00000000 00000000 00000000 00000000 00000000 00000101 00000081 00000000 00000000 00000000 00000000 00000000 00000000 00000000 00003333 00004ccd 00002667 00000001 00000000 01c9c380 0000027c
capture_snapshot GLI1 00010000 30000000 2500000 811 0 30000000 0 0 0 0 0 0 0 8a7d66c4 00000000 93fb7894 00000000 00ca817d 00000000 00ca817d 00000000 0000006a 00000000 00000000 00000000 097e16e7 00000000 00ca81e7 00000000 00000000 00000000 00000000 00000039 008b3199 00000001 00000000 00000001 00000000 00000000 00000000 00000000 00000000 00000000 00000000 00000000 00000000 00000000 00000000 00000000 00000000 00000000 00000000 00000000 ed577446 00000001 93fb78a9 00000000 00000000 00000000 00000000 00000000 00000101 00000080 00000000 00000000 00000000 00000000 00000000 00000000 00000000 00003333 00004ccd 00002667 00000001 00000000 01c9c380 0000027c
capture_snapshot GLI1 00010000 30000000 2500000 812 0 30000000 0 0 0 0 0 0 0 8a7d66c4 00000000 93fe78f4 00000000 00cac185 00000000 00cac185 00000000 0000006a 00000000 00000000 00000000 09811746 00000000 00cac1ef 00000000 00000000 00000000 00000000 00000039 008b3199 00000001 00000000 00000001 00000000 00000000 00000000 00000000 00000000 00000000 00000000 00000000 00000000 00000000 00000000 00000000 00000000 00000000 00000000 00000000 ed617572 00000001 93fe7908 00000000 00000000 00000000 00000000 00000000 00000100 00000080 00000000 00000000 00000000 00000000 00000000 00000000 00000000 00003333 00004ccd 00002667 00000001 00000000 01c9c380 0000027c
capture_snapshot GLI1 00010000 30000000 2500000 813 0 30000000 0 0 0 0 0 0 0 8a7d66c4 00000000 94017930 00000000 00cb018a 00000000 00cb018a 00000000 0000006a 00000000 00000000 00000000 09841787 00000000 00cb01f4 00000000 00000000 00000000 00000000 00000039 008b3199 00000001 00000000 00000001 00000000 00000000 00000000 00000000 00000000 00000000 00000000 00000000 00000000 00000000 00000000 00000000 00000000 00000000 00000000 00000000 ed6b7635 00000001 94017949 00000000 00000000 00000000 00000000 00000000 00000101 00000081 00000000 00000000 00000000 00000000 00000000 00000000 00000000 00003333 00004ccd 00002667 00000001 00000000 01c9c380 0000027c
capture_snapshot GLI1 00010000 30000000 2500000 814 0 30000000 0 0 0 0 0 0 0 8a7d66c4 00000000 9404796c 00000000 00cb418f 00000000 00cb418f 00000000 0000006a 00000000 00000000 00000000 098717b9 00000000 00cb41f9 00000000 00000000 00000000 00000000 00000039 008b3199 00000001 00000000 00000001 00000000 00000000 00000000 00000000 00000000 00000000 00000000 00000000 00000000 00000000 00000000 00000000 00000000 00000000 00000000 00000000 ed7576ca 00000001 9404797b 00000000 00000000 00000000 00000000 00000000 00000100 00000080 00000000 00000000 00000000 00000000 00000000 00000000 00000000 00003333 00004ccd 00002667 00000001 00000000 01c9c380 0000027c
capture_snapshot GLI1 00010000 30000000 2500000 815 0 30000000 0 0 0 0 0 0 0 8a7d66c4 00000000 9407793c 00000000 00cb818b 00000000 00cb818b 00000000 0000006a 00000000 00000000 00000000 098a178d 00000000 00cb81f5 00000000 00000000 00000000 00000000 00000039 008b3199 00000001 00000000 00000001 00000000 00000000 00000000 00000000 00000000 00000000 00000000 00000000 00000000 00000000 00000000 00000000 00000000 00000000 00000000 00000000 ed7f7621 00000001 9407794f 00000000 00000000 00000000 00000000 00000000 00000100 00000080 00000000 00000000 00000000 00000000 00000000 00000000 00000000 00003333 00004ccd 00002667 00000001 00000000 01c9c380 0000027c
capture_snapshot GLI1 00010000 30000000 2500000 816 0 30000000 0 0 0 0 0 0 0 8a7d66c4 00000000 940a7930 00000000 00cbc18a 00000000 00cbc18a 00000000 0000006a 00000000 00000000 00000000 098d1784 00000000 00cbc1f4 00000000 00000000 00000000 00000000 00000039 008b3199 00000001 00000000 00000001 00000000 00000000 00000000 00000000 00000000 00000000 00000000 00000000 00000000 00000000 00000000 00000000 00000000 00000000 00000000 00000000 ed8975f1 00000001 940a7946 00000000 00000000 00000000 00000000 00000000 00000101 00000081 00000000 00000000 00000000 00000000 00000000 00000000 00000000 00003333 00004ccd 00002667 00000001 00000000 01c9c380 0000027c
capture_snapshot GLI1 00010000 30000000 2500000 817 0 30000000 0 0 0 0 0 0 0 8a7d66c4 00000000 940d790c 00000000 00cc0187 00000000 00cc0187 00000000 0000006a 00000000 00000000 00000000 09901759 00000000 00cc01f1 00000000 00000000 00000000 00000000 00000039 008b3199 00000001 00000000 00000001 00000000 00000000 00000000 00000000 00000000 00000000 00000000 00000000 00000000 00000000 00000000 00000000 00000000 00000000 00000000 00000000 ed93754e 00000001 940d791b 00000000 00000000 00000000 00000000 00000000 00000101 00000081 00000000 00000000 00000000 00000000 00000000 00000000 00000000 00003333 00004ccd 00002667 00000001 00000000 01c9c380 0000027c
capture_snapshot GLI1 00010000 30000000 2500000 818 0 30000000 0 0 0 0 0 0 0 8a7d66c4 00000000 94107948 00000000 00cc418c 00000000 00cc418c 00000000 0000006a 00000000 00000000 00000000 09931795 00000000 00cc41f6 00000000 00000000 00000000 00000000 00000039 008b3199 00000001 00000000 00000001 00000000 00000000 00000000 00000000 00000000 00000000 00000000 00000000 00000000 00000000 00000000 00000000 00000000 00000000 00000000 00000000 ed9d7602 00000001 94107957 00000000 00000000 00000000 00000000 00000000 00000101 00000080 00000000 00000000 00000000 00000000 00000000 00000000 00000000 00003333 00004ccd 00002667 00000001 00000000 01c9c380 0000027c
capture_snapshot GLI1 00010000 30000000 2500000 819 0 30000000 0 0 0 0 0 0 0 8a7d66c4 00000000 941378dc 00000000 00cc8183 00000000 00cc8183 00000000 0000006a 00000000 00000000 00000000 09961729 00000000 00cc81ed 00000000 00000000 00000000 00000000 00000039 008b3199 00000001 00000000 00000001 00000000 00000000 00000000 00000000 00000000 00000000 00000000 00000000 00000000 00000000 00000000 00000000 00000000 00000000 00000000 00000000 eda77486 00000001 941378eb 00000000 00000000 00000000 00000000 00000000 00000101 00000080 00000000 00000000 00000000 00000000 00000000 00000000 00000000 00003333 00004ccd 00002667 00000001 00000000 01c9c380 0000027c
capture_snapshot GLI1 00010000 30000000 2500000 820 0 30000000 0 0 0 0 0 0 0 8a7d66c4 00000000 941678c4 00000000 00ccc181 00000000 00ccc181 00000000 0000006a 00000000 00000000 00000000 09991717 00000000 00ccc1eb 00000000 00000000 00000000 00000000 00000039 008b3199 00000001 00000000 00000001 00000000 00000000 00000000 00000000 00000000 00000000 00000000 00000000 00000000 00000000 00000000 00000000 00000000 00000000 00000000 00000000 edb17438 00000001 941678d9 00000000 00000000 00000000 00000000 00000000 00000101 00000081 00000000 00000000 00000000 00000000 00000000 00000000 00000000 00003333 00004ccd 00002667 00000001 00000000 01c9c380 0000027c
capture_snapshot GLI1 00010000 30000000 2500000 821 0 30000000 0 0 0 0 0 0 0 8a7d66c4 00000000 94197990 00000000 00cd0192 00000000 00cd0192 00000000 0000006a 00000000 00000000 00000000 099c17e8 00000000 00cd01fc 00000000 00000000 00000000 00000000 00000039 008b3199 00000001 00000000 00000001 00000000 00000000 00000000 00000000 00000000 00000000 00000000 00000000 00000000 00000000 00000000 00000000 00000000 00000000 00000000 00000000 edbb76dc 00000001 941979aa 00000000 00000000 00000000 00000000 00000000 00000101 00000080 00000000 00000000 00000000 00000000 00000000 00000000 00000000 00003333 00004ccd 00002667 00000001 00000000 01c9c380 0000027c
capture_snapshot GLI1 00010000 30000000 2500000 822 0 30000000 0 0 0 0 0 0 0 8a7d66c4 00000000 941c790c 00000000 00cd4187 00000000 00cd4187 00000000 0000006a 00000000 00000000 00000000 099f175a 00000000 00cd41f1 00000000 00000000 00000000 00000000 00000039 008b3199 00000001 00000000 00000001 00000000 00000000 00000000 00000000 00000000 00000000 00000000 00000000 00000000 00000000 00000000 00000000 00000000 00000000 00000000 00000000 edc574ef 00000001 941c791c 00000000 00000000 00000000 00000000 00000000 00000101 00000080 00000000 00000000 00000000 00000000 00000000 00000000 00000000 00003333 00004ccd 00002667 00000001 00000000 01c9c380 0000027c
capture_snapshot GLI1 00010000 30000000 2500000 823 0 30000000 0 0 0 0 0 0 0 8a7d66c4 00000000 941f79cc 00000000 00cd8197 00000000 00cd8197 00000000 0000006a 00000000 00000000 00000000 09a2181c 00000000 00cd8201 00000000 00000000 00000000 00000000 00000039 008b3199 00000001 00000000 00000001 00000000 00000000 00000000 00000000 00000000 00000000 00000000 00000000 00000000 00000000 00000000 00000000 00000000 00000000 00000000 00000000 edcf7762 00000001 941f79de 00000000 00000000 00000000 00000000 00000000 00000101 00000080 00000000 00000000 00000000 00000000 00000000 00000000 00000000 00003333 00004ccd 00002667 00000001 00000000 01c9c380 0000027c
capture_snapshot GLI1 00010000 30000000 2500000 824 0 30000000 0 0 0 0 0 0 0 8a7d66c4 00000000 942279f0 00000000 00cdc19a 00000000 00cdc19a 00000000 0000006a 00000000 00000000 00000000 09a51840 00000000 00cdc204 00000000 00000000 00000000 00000000 00000039 008b3199 00000001 00000000 00000001 00000000 00000000 00000000 00000000 00000000 00000000 00000000 00000000 00000000 00000000 00000000 00000000 00000000 00000000 00000000 00000000 edd977c8 00000001 94227a02 00000000 00000000 00000000 00000000 00000000 00000101 00000081 00000000 00000000 00000000 00000000 00000000 00000000 00000000 00003333 00004ccd 00002667 00000001 00000000 01c9c380 0000027c
capture_snapshot GLI1 00010000 30000000 2500000 825 0 30000000 0 0 0 0 0 0 0 8a7d66c4 00000000 9425790c 00000000 00ce0187 00000000 00ce0187 00000000 0000006a 00000000 00000000 00000000 09a8175d 00000000 00ce01f1 00000000 00000000 00000000 00000000 00000039 008b3199 00000001 00000000 00000001 00000000 00000000 00000000 00000000 00000000 00000000 00000000 00000000 00000000 00000000 00000000 00000000 00000000 00000000 00000000 00000000 ede374c1 00000001 9425791f 00000000 00000000 00000000 00000000 00000000 00000100 00000080 00000000 00000000 00000000 00000000 00000000 00000000 00000000 00003333 00004ccd 00002667 00000001 00000000 01c9c380 0000027c
capture_snapshot GLI1 00010000 30000000 2500000 826 0 30000000 0 0 0 0 0 0 0 8a7d66c4 00000000 94287f54 00000000 00ce420d 00000000 00ce420d 00000000 0000006a 00000000 00000000 00000000 09ab1dac 00000000 00ce4277 00000000 00000000 00000000 00000000 00000039 008b3199 00000001 00000000 00000001 00000000 00000000 00000000 00000000 00000000 00000000 00000000 00000000 00000000 00000000 00000000 00000000 00000000 00000000 00000000 00000000 eded89b2 00000001 94287f6e 00000000 00000000 00000000 00000000 00000000 00000101 00000080 00000000 00000000 00000000 00000000 00000000 00000000 00000000 00003333 00004ccd 00002667 00000001 00000000 01c9c380 0000027c
capture_snapshot GLI1 00010000 30000000 2500000 827 0 30000000 0 0 0 0 0 0 0 8a7d66c4 00000000 942b7fa8 00000000 00ce8214 00000000 00ce8214 00000000 0000006a 00000000 00000000 00000000 09ae1df6 00000000 00ce827e 00000000 00000000 00000000 00000000 00000039 008b3199 00000001 00000000 00000001 00000000 00000000 00000000 00000000 00000000 00000000 00000000 00000000 00000000 00000000 00000000 00000000 00000000 00000000 00000000 00000000 edf78a97 00000001 942b7fb8 00000000 00000000 00000000 00000000 00000000 00000101 00000081 00000000 00000000 00000000 00000000 00000000 00000000 00000000 00003333 00004ccd 00002667 00000001 00000000 01c9c380 0000027c
capture_snapshot GLI1 00010000 30000000 2500000 828 0 30000000 0 0 0 0 0 0 0 8a7d66c4 00000000 942e7c0c 00000000 00cec1c7 00000000 00cec1c7 00000000 0000006a 00000000 00000000 00000000 09b11a5b 00000000 00cec231 00000000 00000000 00000000 00000000 00000039 008b3199 00000001 00000000 00000001 00000000 00000000 00000000 00000000 00000000 00000000 00000000 00000000 00000000 00000000 00000000 00000000 00000000 00000000 00000000 00000000 ee017e7d 00000001 942e7c1d 00000000 00000000 00000000 00000000 00000000 00000101 00000080 00000000 00000000 00000000 00000000 00000000 00000000 00000000 00003333 00004ccd 00002667 00000001 00000000 01c9c380 0000027c
capture_snapshot GLI1 00010000 30000000 2500000 829 0 30000000 0 0 0 0 0 0 0 8a7d66c4 00000000 9431796c 00000000 00cf018f 00000000 00cf018f 00000000 0000006a 00000000 00000000 00000000 09b417c4 00000000 00cf01f9 00000000 00000000 00000000 00000000 00000039 008b3199 00000001 00000000 00000001 00000000 00000000 00000000 00000000 00000000 00000000 00000000 00000000 00000000 00000000 00000000 00000000 00000000 00000000 00000000 00000000 ee0b75c8 00000001 94317986 00000000 00000000 00000000 00000000 00000000 00000101 00000080 00000000 00000000 00000000 00000000 00000000 00000000 00000000 00003333 00004ccd 00002667 00000001 00000000 01c9c380 0000027c
capture_snapshot GLI1 00010000 30000000 2500000 830 0 30000000 0 0 0 0 0 0 0 8a7d66c4 00000000 943479cc 00000000 00cf4197 00000000 00cf4197 00000000 0000006a 00000000 00000000 00000000 09b71819 00000000 00cf4201 00000000 00000000 00000000 00000000 00000039 008b3199 00000001 00000000 00000001 00000000 00000000 00000000 00000000 00000000 00000000 00000000 00000000 00000000 00000000 00000000 00000000 00000000 00000000 00000000 00000000 ee1576d1 00000001 943479db 00000000 00000000 00000000 00000000 00000000 00000101 00000081 00000000 00000000 00000000 00000000 00000000 00000000 00000000 00003333 00004ccd 00002667 00000001 00000000 01c9c380 0000027c
capture_snapshot GLI1 00010000 30000000 2500000 831 0 30000000 0 0 0 0 0 0 0 8a7d66c4 00000000 94378800 00000000 00cf82c6 00000000 00cf82c6 00000000 0000006a 00000000 00000000 00000000 09ba2654 00000000 00cf8330 00000000 00000000 00000000 00000000 00000039 008b3199 00000001 00000000 00000001 00000000 00000000 00000000 00000000 00000000 00000000 00000000 00000000 00000000 00000000 00000000 00000000 00000000 00000000 00000000 00000000 ee1fa62b 00000001 94378816 00000000 00000000 00000000 00000000 00000000 00000101 00000080 00000000 00000000 00000000 00000000 00000000 00000000 00000000 00003333 00004ccd 00002667 00000001 00000000 01c9c380 0000027c
capture_snapshot GLI1 00010000 30000000 2500000 832 0 30000000 0 0 0 0 0 0 0 8a7d66c4 00000000 943a84e8 00000000 00cfc284 00000000 00cfc284 00000000 0000006a 00000000 00000000 00000000 09bd233f 00000000 00cfc2ee 00000000 00000000 00000000 00000000 00000039 008b3199 00000001 00000000 00000001 00000000 00000000 00000000 00000000 00000000 00000000 00000000 00000000 00000000 00000000 00000000 00000000 00000000 00000000 00000000 00000000 ee299bd3 00000001 943a8501 00000000 00000000 00000000 00000000 00000000 00000101 00000081 00000000 00000000 00000000 00000000 00000000 00000000 00000000 00003333 00004ccd 00002667 00000001 00000000 01c9c380 0000027c
capture_snapshot GLI1 00010000 30000000 2500000 833 0 30000000 0 0 0 0 0 0 0 8a7d66c4 00000000 943d8734 00000000 00d002b5 00000000 00d002b4 00000000 0000006a 00000000 00000000 00000000 09c02580 00000000 00d0031f 00000000 00000000 00000000 00000000 0000003b 008b3199 00000001 00000001 00000001 00000000 00000000 00000000 00000000 00000000 00000000 00000000 00000000 00000000 00000000 00000000 00000000 00000000 00000000 00000000 00000000 ee33a343 00000001 943d8742 00000000 00000000 00000000 00000000 00000000 00000101 00000080 00000000 00000000 00000000 00000000 00000000 00000000 00000000 00003333 00004ccd 00002667 00000001 00000000 01c9c380 0000027c
capture_snapshot GLI1 00010000 30000000 2500000 834 0 30000000 0 0 0 0 0 0 0 8a7d66c4 00000000 94408a58 00000000 00d042f8 00000000 00d042f8 00000000 0000006a 00000000 00000000 00000000 09c328a6 00000000 00d04362 00000000 00000000 00000000 00000000 00000039 008b3199 00000001 00000000 00000001 00000000 00000000 00000000 00000000 00000000 00000000 00000000 00000000 00000000 00000000 00000000 00000000 00000000 00000000 00000000 00000000 ee3dadad 00000001 94408a68 00000000 00000000 00000000 00000000 00000000 00000101 00000081 00000000 00000000 00000000 00000000 00000000 00000000 00000000 00003333 00004ccd 00002667 00000001 00000000 01c9c380 0000027c
capture_snapshot GLI1 00010000 30000000 2500000 835 0 30000000 0 0 0 0 0 0 0 8a7d66c4 00000000 94438d04 00000000 00d08331 00000000 00d08331 00000000 0000006a 00000000 00000000 00000000 09c62b5c 00000000 00d0839b 00000000 00000000 00000000 00000000 00000039 008b3199 00000001 00000000 00000001 00000000 00000000 00000000 00000000 00000000 00000000 00000000 00000000 00000000 00000000 00000000 00000000 00000000 00000000 00000000 00000000 ee47b6a3 00000001 94438d1e 00000000 00000000 00000000 00000000 00000000 00000101 00000081 00000000 00000000 00000000 00000000 00000000 00000000 00000000 00003333 00004ccd 00002667 00000001 00000000 01c9c380 0000027c
capture_snapshot GLI1 00010000 30000000 2500000 836 0 30000000 0 0 0 0 0 0 0 8a7d66c4 00000000 94469088 00000000 00d0c37c 00000000 00d0c37c 00000000 0000006a 00000000 00000000 00000000 09c92ed9 00000000 00d0c3e6 00000000 00000000 00000000 00000000 00000039 008b3199 00000001 00000000 00000001 00000000 00000000 00000000 00000000 00000000 00000000 00000000 00000000 00000000 00000000 00000000 00000000 00000000 00000000 00000000 00000000 ee51c230 00000001 9446909b 00000000 00000000 00000000 00000000 00000000 00000101 00000081 00000000 00000000 00000000 00000000 00000000 00000000 00000000 00003333 00004ccd 00002667 00000001 00000000 01c9c380 0000027c
capture_snapshot GLI1 00010000 30000000 2500000 837 0 30000000 0 0 0 0 0 0 0 8a7d66c4 00000000 94499274 00000000 00d103a5 00000000 00d103a5 00000000 0000006a 00000000 00000000 00000000 09cc30c1 00000000 00d1040f 00000000 00000000 00000000 00000000 00000039 008b3199 00000001 00000000 00000001 00000000 00000000 00000000 00000000 00000000 00000000 00000000 00000000 00000000 00000000 00000000 00000000 00000000 00000000 00000000 00000000 ee5bc876 00000001 94499283 00000000 00000000 00000000 00000000 00000000 00000100 00000080 00000000 00000000 00000000 00000000 00000000 00000000 00000000 00003333 00004ccd 00002667 00000001 00000000 01c9c380 0000027c
capture_snapshot GLI1 00010000 30000000 2500000 838 0 30000000 0 0 0 0 0 0 0 8a7d66c4 00000000 944c9154 00000000 00d1438d 00000000 00d1438d 00000000 0000006a 00000000 00000000 00000000 09cf2fab 00000000 00d143f7 00000000 00000000 00000000 00000000 00000039 008b3199 00000001 00000000 00000001 00000000 00000000 00000000 00000000 00000000 00000000 00000000 00000000 00000000 00000000 00000000 00000000 00000000 00000000 00000000 00000000 ee65c4c5 00000001 944c916d 00000000 00000000 00000000 00000000 00000000 00000101 00000081 00000000 00000000 00000000 00000000 00000000 00000000 00000000 00003333 00004ccd 00002667 00000001 00000000 01c9c380 0000027c
capture_snapshot GLI1 00010000 30000000 2500000 839 0 30000000 0 0 0 0 0 0 0 8a7d66c4 00000000 944f8380 00000000 00d18266 00000000 00d18266 00000000 0000006a 00000000 00000000 00000000 09d221d7 00000000 00d182d0 00000000 00000000 00000000 00000000 00000039 008b3199 00000001 00000000 00000001 00000000 00000000 00000000 00000000 00000000 00000000 00000000 00000000 00000000 00000000 00000000 00000000 00000000 00000000 00000000 00000000 ee6f969b 00000001 944f8399 00000000 00000000 00000000 00000000 00000000 00000100 00000080 00000000 00000000 00000000 00000000 00000000 00000000 00000000 00003333 00004ccd 00002667 00000001 00000000 01c9c380 0000027c
capture_snapshot GLI1 00010000 30000000 2500000 840 0 30000000 0 0 0 0 0 0 0 8a7d66c4 00000000 945284d0 00000000 00d1c282 00000000 00d1c282 00000000 0000006a 00000000 00000000 00000000 09d52328 00000000 00d1c2ec 00000000 00000000 00000000 00000000 00000039 008b3199 00000001 00000000 00000001 00000000 00000000 00000000 00000000 00000000 00000000 00000000 00000000 00000000 00000000 00000000 00000000 00000000 00000000 00000000 00000000 ee799ae9 00000001 945284ea 00000000 00000000 00000000 00000000 00000000 00000101 00000080 00000000 00000000 00000000 00000000 00000000 00000000 00000000 00003333 00004ccd 00002667 00000001 00000000 01c9c380 0000027c
capture_snapshot GLI1 00010000 30000000 2500000 841 0 30000000 0 0 0 0 0 0 0 8a7d66c4 00000000 945584a0 00000000 00d2027e 00000000 00d2027e 00000000 0000006a 00000000 00000000 00000000 09d822f2 00000000 00d202e8 00000000 00000000 00000000 00000000 00000039 008b3199 00000001 00000000 00000001 00000000 00000000 00000000 00000000 00000000 00000000 00000000 00000000 00000000 00000000 00000000 00000000 00000000 00000000 00000000 00000000 ee839a24 00000001 945584b4 00000000 00000000 00000000 00000000 00000000 00000100 00000080 00000000 00000000 00000000 00000000 00000000 00000000 00000000 00003333 00004ccd 00002667 00000001 00000000 01c9c380 0000027c
capture_snapshot GLI1 00010000 30000000 2500000 842 0 30000000 0 0 0 0 0 0 0 8a7d66c4 00000000 945883b0 00000000 00d2426a 00000000 00d2426a 00000000 0000006a 00000000 00000000 00000000 09db21fd 00000000 00d242d4 00000000 00000000 00000000 00000000 00000039 008b3199 00000001 00000000 00000001 00000000 00000000 00000000 00000000 00000000 00000000 00000000 00000000 00000000 00000000 00000000 00000000 00000000 00000000 00000000 00000000 ee8d96dd 00000001 945883bf 00000000 00000000 00000000 00000000 00000000 00000100 00000080 00000000 00000000 00000000 00000000 00000000 00000000 00000000 00003333 00004ccd 00002667 00000001 00000000 01c9c380 0000027c
capture_snapshot GLI1 00010000 30000000 2500000 843 0 30000000 0 0 0 0 0 0 0 8a7d66c4 00000000 945b84b8 00000000 00d28280 00000000 00d28280 00000000 0000006a 00000000 00000000 00000000 09de230a 00000000 00d282ea 00000000 00000000 00000000 00000000 00000039 008b3199 00000001 00000000 00000001 00000000 00000000 00000000 00000000 00000000 00000000 00000000 00000000 00000000 00000000 00000000 00000000 00000000 00000000 00000000 00000000 ee979a4b 00000001 945b84cc 00000000 00000000 00000000 00000000 00000000 00000101 00000081 00000000 00000000 00000000 00000000 00000000 00000000 00000000 00003333 00004ccd 00002667 00000001 00000000 01c9c380 0000027c
capture_snapshot GLI1 00010000 30000000 2500000 844 0 30000000 0 0 0 0 0 0 0 8a7d66c4 00000000 945e84dc 00000000 00d2c283 00000000 00d2c283 00000000 0000006a 00000000 00000000 00000000 09e1232f 00000000 00d2c2ed 00000000 00000000 00000000 00000000 00000039 008b3199 00000001 00000000 00000001 00000000 00000000 00000000 00000000 00000000 00000000 00000000 00000000 00000000 00000000 00000000 00000000 00000000 00000000 00000000 00000000 eea19ab4 00000001 945e84f1 00000000 00000000 00000000 00000000 00000000 00000100 00000080 00000000 00000000 00000000 00000000 00000000 00000000 00000000 00003333 00004ccd 00002667 00000001 00000000 01c9c380 0000027c
capture_snapshot GLI1 00010000 30000000 2500000 845 0 30000000 0 0 0 0 0 0 0 8a7d66c4 00000000 94618410 00000000 00d30272 00000000 00d30272 00000000 0000006a 00000000 00000000 00000000 09e42268 00000000 00d302dc 00000000 00000000 00000000 00000000 00000039 008b3199 00000001 00000000 00000001 00000000 00000000 00000000 00000000 00000000 00000000 00000000 00000000 00000000 00000000 00000000 00000000 00000000 00000000 00000000 00000000 eeab9807 00000001 9461842a 00000000 00000000 00000000 00000000 00000000 00000100 00000080 00000000 00000000 00000000 00000000 00000000 00000000 00000000 00003333 00004ccd 00002667 00000001 00000000 01c9c380 0000027c
capture_snapshot GLI1 00010000 30000000 2500000 846 0 30000000 0 0 0 0 0 0 0 8a7d66c4 00000000 946484ac 00000000 00d3427f 00000000 00d3427f 00000000 0000006a 00000000 00000000 00000000 09e72300 00000000 00d342e9 00000000 00000000 00000000 00000000 00000039 008b3199 00000001 00000000 00000001 00000000 00000000 00000000 00000000 00000000 00000000 00000000 00000000 00000000 00000000 00000000 00000000 00000000 00000000 00000000 00000000 eeb599f0 00000001 946484c2 00000000 00000000 00000000 00000000 00000000 00000101 00000080 00000000 00000000 00000000 00000000 00000000 00000000 00000000 00003333 00004ccd 00002667 00000001 00000000 01c9c380 0000027c
capture_snapshot GLI1 00010000 30000000 2500000 847 0 30000000 0 0 0 0 0 0 0 8a7d66c4 00000000 9467868c 00000000 00d382a7 00000000 00d382a7 00000000 0000006a 00000000 00000000 00000000 09ea24e4 00000000 00d38311 00000000 00000000 00000000 00000000 00000039 008b3199 00000001 00000000 00000001 00000000 00000000 00000000 00000000 00000000 00000000 00000000 00000000 00000000 00000000 00000000 00000000 00000000 00000000 00000000 00000000 eebfa029 00000001 946786a6 00000000 00000000 00000000 00000000 00000000 00000101 00000081 00000000 00000000 00000000 00000000 00000000 00000000 00000000 00003333 00004ccd 00002667 00000001 00000000 01c9c380 0000027c
capture_snapshot GLI1 00010000 30000000 2500000 848 0 30000000 0 0 0 0 0 0 0 8a7d66c4 00000000 946a943c 00000000 00d3c3cb 00000000 00d3c3cb 00000000 0000006a 00000000 00000000 00000000 09ed3289 00000000 00d3c435 00000000 00000000 00000000 00000000 00000039 008b3199 00000001 00000000 00000001 00000000 00000000 00000000 00000000 00000000 00000000 00000000 00000000 00000000 00000000 00000000 00000000 00000000 00000000 00000000 00000000 eec9cd90 00000001 946a944b 00000000 00000000 00000000 00000000 00000000 00000101 00000080 00000000 00000000 00000000 00000000 00000000 00000000 00000000 00003333 00004ccd 00002667 00000001 00000000 01c9c380 0000027c
capture_snapshot GLI1 00010000 30000000 2500000 849 0 30000000 0 0 0 0 0 0 0 8a7d66c4 00000000 946d8548 00000000 00d4028c 00000000 00d4028c 00000000 0000006a 00000000 00000000 00000000 09f0239b 00000000 00d402f6 00000000 00000000 00000000 00000000 00000039 008b3199 00000001 00000000 00000001 00000000 00000000 00000000 00000000 00000000 00000000 00000000 00000000 00000000 00000000 00000000 00000000 00000000 00000000 00000000 00000000 eed39bb9 00000001 946d855d 00000000 00000000 00000000 00000000 00000000 00000101 00000080 00000000 00000000 00000000 00000000 00000000 00000000 00000000 00003333 00004ccd 00002667 00000001 00000000 01c9c380 0000027c
capture_snapshot GLI1 00010000 30000000 2500000 850 0 30000000 0 0 0 0 0 0 0 8a7d66c4 00000000 94708584 00000000 00d44291 00000000 00d44291 00000000 0000006a 00000000 00000000 00000000 09f323d4 00000000 00d442fb 00000000 00000000 00000000 00000000 00000039 008b3199 00000001 00000000 00000001 00000000 00000000 00000000 00000000 00000000 00000000 00000000 00000000 00000000 00000000 00000000 00000000 00000000 00000000 00000000 00000000 eedd9c64 00000001 94708596 00000000 00000000 00000000 00000000 00000000 00000101 00000081 00000000 00000000 00000000 00000000 00000000 00000000 00000000 00003333 00004ccd 00002667 00000001 00000000 01c9c380 0000027c
capture_snapshot GLI1 00010000 30000000 2500000 851 0 30000000 0 0 0 0 0 0 0 8a7d66c4 00000000 94738608 00000000 00d4829c 00000000 00d4829c 00000000 0000006a 00000000 00000000 00000000 09f6245c 00000000 00d48306 00000000 00000000 00000000 00000000 00000039 008b3199 00000001 00000000 00000001 00000000 00000000 00000000 00000000 00000000 00000000 00000000 00000000 00000000 00000000 00000000 00000000 00000000 00000000 00000000 00000000 eee79e15 00000001 9473861e 00000000 00000000 00000000 00000000 00000000 00000101 00000080 00000000 00000000 00000000 00000000 00000000 00000000 00000000 00003333 00004ccd 00002667 00000001 00000000 01c9c380 0000027c
capture_snapshot GLI1 00010000 30000000 2500000 852 0 30000000 0 0 0 0 0 0 0 8a7d66c4 00000000 94768758 00000000 00d4c2b8 00000000 00d4c2b8 00000000 0000006a 00000000 00000000 00000000 09f925a7 00000000 00d4c322 00000000 00000000 00000000 00000000 00000039 008b3199 00000001 00000000 00000001 00000000 00000000 00000000 00000000 00000000 00000000 00000000 00000000 00000000 00000000 00000000 00000000 00000000 00000000 00000000 00000000 eef1a251 00000001 94768769 00000000 00000000 00000000 00000000 00000000 00000101 00000080 00000000 00000000 00000000 00000000 00000000 00000000 00000000 00003333 00004ccd 00002667 00000001 00000000 01c9c380 0000027c
capture_snapshot GLI1 00010000 30000000 2500000 853 0 30000000 0 0 0 0 0 0 0 8a7d66c4 00000000 94798bf0 00000000 00d5031a 00000000 00d5031a 00000000 0000006a 00000000 00000000 00000000 09fc2a47 00000000 00d50384 00000000 00000000 00000000 00000000 00000039 008b3199 00000001 00000000 00000001 00000000 00000000 00000000 00000000 00000000 00000000 00000000 00000000 00000000 00000000 00000000 00000000 00000000 00000000 00000000 00000000 eefbb1a8 00000001 94798c09 00000000 00000000 00000000 00000000 00000000 00000101 00000080 00000000 00000000 00000000 00000000 00000000 00000000 00000000 00003333 00004ccd 00002667 00000001 00000000 01c9c380 0000027c
capture_snapshot GLI1 00010000 30000000 2500000 854 0 30000000 0 0 0 0 0 0 0 8a7d66c4 00000000 947c8ac4 00000000 00d54301 00000000 00d54301 00000000 0000006a 00000000 00000000 00000000 09ff2914 00000000 00d5436b 00000000 00000000 00000000 00000000 00000039 008b3199 00000001 00000000 00000001 00000000 00000000 00000000 00000000 00000000 00000000 00000000 00000000 00000000 00000000 00000000 00000000 00000000 00000000 00000000 00000000 ef05ad95 00000001 947c8ad6 00000000 00000000 00000000 00000000 00000000 00000101 00000080 00000000 00000000 00000000 00000000 00000000 00000000 00000000 00003333 00004ccd 00002667 00000001 00000000 01c9c380 0000027c
capture_snapshot GLI1 00010000 30000000 2500000 855 0 30000000 0 0 0 0 0 0 0 8a7d66c4 00000000 947f8a7c 00000000 00d582fb 00000000 00d582fb 00000000 0000006a 00000000 00000000 00000000 0a0228ce 00000000 00d58365 00000000 00000000 00000000 00000000 00000039 008b3199 00000001 00000000 00000001 00000000 00000000 00000000 00000000 00000000 00000000 00000000 00000000 00000000 00000000 00000000 00000000 00000000 00000000 00000000 00000000 ef0fac98 00000001 947f8a90 00000000 00000000 00000000 00000000 00000000 00000101 00000080 00000000 00000000 00000000 00000000 00000000 00000000 00000000 00003333 00004ccd 00002667 00000001 00000000 01c9c380 0000027c
capture_snapshot GLI1 00010000 30000000 2500000 856 0 30000000 0 0 0 0 0 0 0 8a7d66c4 00000000 94829250 00000000 00d5c3a2 00000000 00d5c3a2 00000000 0000006a 00000000 00000000 00000000 0a0530a8 00000000 00d5c40c 00000000 00000000 00000000 00000000 00000039 008b3199 00000001 00000000 00000001 00000000 00000000 00000000 00000000 00000000 00000000 00000000 00000000 00000000 00000000 00000000 00000000 00000000 00000000 00000000 00000000 ef19c6b1 00000001 9482926a 00000000 00000000 00000000 00000000 00000000 00000101 00000081 00000000 00000000 00000000 00000000 00000000 00000000 00000000 00003333 00004ccd 00002667 00000001 00000000 01c9c380 0000027c
capture_snapshot GLI1 00010000 30000000 2500000 857 0 30000000 0 0 0 0 0 0 0 8a7d66c4 00000000 94859598 00000000 00d603e8 00000000 00d603e8 00000000 0000006a 00000000 00000000 00000000 0a0833e7 00000000 00d60452 00000000 00000000 00000000 00000000 00000039 008b3199 00000001 00000000 00000001 00000000 00000000 00000000 00000000 00000000 00000000 00000000 00000000 00000000 00000000 00000000 00000000 00000000 00000000 00000000 00000000 ef23d171 00000001 948595a9 00000000 00000000 00000000 00000000 00000000 00000100 00000080 00000000 00000000 00000000 00000000 00000000 00000000 00000000 00003333 00004ccd 00002667 00000001 00000000 01c9c380 0000027c
capture_snapshot GLI1 00010000 30000000 2500000 858 0 30000000 0 0 0 0 0 0 0 8a7d66c4 00000000 9488982c 00000000 00d6441f 00000000 00d6441f 00000000 0000006a 00000000 00000000 00000000 0a0b367d 00000000 00d64489 00000000 00000000 00000000 00000000 00000039 008b3199 00000001 00000000 00000001 00000000 00000000 00000000 00000000 00000000 00000000 00000000 00000000 00000000 00000000 00000000 00000000 00000000 00000000 00000000 00000000 ef2dd9fa 00000001 9488983f 00000000 00000000 00000000 00000000 00000000 00000101 00000080 00000000 00000000 00000000 00000000 00000000 00000000 00000000 00003333 00004ccd 00002667 00000001 00000000 01c9c380 0000027c
capture_snapshot GLI1 00010000 30000000 2500000 859 0 30000000 0 0 0 0 0 0 0 8a7d66c4 00000000 948b898c 00000000 00d682e7 00000000 00d682e7 00000000 0000006a 00000000 00000000 00000000 0a0e27db 00000000 00d68351 00000000 00000000 00000000 00000000 00000039 008b3199 00000001 00000000 00000001 00000000 00000000 00000000 00000000 00000000 00000000 00000000 00000000 00000000 00000000 00000000 00000000 00000000 00000000 00000000 00000000 ef37a921 00000001 948b899d 00000000 00000000 00000000 00000000 00000000 00000101 00000081 00000000 00000000 00000000 00000000 00000000 00000000 00000000 00003333 00004ccd 00002667 00000001 00000000 01c9c380 0000027c
capture_snapshot GLI1 00010000 30000000 2500000 860 0 30000000 0 0 0 0 0 0 0 8a7d66c4 00000000 948e89ec 00000000 00d6c2ef 00000000 00d6c2ef 00000000 0000006a 00000000 00000000 00000000 0a112839 00000000 00d6c359 00000000 00000000 00000000 00000000 00000039 008b3199 00000001 00000000 00000001 00000000 00000000 00000000 00000000 00000000 00000000 00000000 00000000 00000000 00000000 00000000 00000000 00000000 00000000 00000000 00000000 ef41aa48 00000001 948e89fb 00000000 00000000 00000000 00000000 00000000 00000100 00000081 00000000 00000000 00000000 00000000 00000000 00000000 00000000 00003333 00004ccd 00002667 00000001 00000000 01c9c380 0000027c
capture_snapshot GLI1 00010000 30000000 2500000 861 0 30000000 0 0 0 0 0 0 0 8a7d66c4 00000000 94919028 00000000 00d70374 00000000 00d70374 00000000 0000006a 00000000 00000000 00000000 0a142e75 00000000 00d703de 00000000 00000000 00000000 00000000 00000039 008b3199 00000001 00000000 00000001 00000000 00000000 00000000 00000000 00000000 00000000 00000000 00000000 00000000 00000000 00000000 00000000 00000000 00000000 00000000 00000000 ef4bbefa 00000001 94919037 00000000 00000000 00000000 00000000 00000000 00000100 00000080 00000000 00000000 00000000 00000000 00000000 00000000 00000000 00003333 00004ccd 00002667 00000001 00000000 01c9c380 0000027c
capture_snapshot GLI1 00010000 30000000 2500000 862 0 30000000 0 0 0 0 0 0 0 8a7d66c4 00000000 94948adc 00000000 00d74303 00000000 00d74303 00000000 0000006a 00000000 00000000 00000000 0a17292c 00000000 00d7436d 00000000 00000000 00000000 00000000 00000039 008b3199 00000001 00000000 00000001 00000000 00000000 00000000 00000000 00000000 00000000 00000000 00000000 00000000 00000000 00000000 00000000 00000000 00000000 00000000 00000000 ef55ad49 00000001 94948aee 00000000 00000000 00000000 00000000 00000000 00000101 00000080 00000000 00000000 00000000 00000000 00000000 00000000 00000000 00003333 00004ccd 00002667 00000001 00000000 01c9c380 0000027c
capture_snapshot GLI1 00010000 30000000 2500000 863 0 30000000 0 0 0 0 0 0 0 8a7d66c4 00000000 94978ce0 00000000 00d7832e 00000000 00d7832e 00000000 0000006a 00000000 00000000 00000000 0a1a2b31 00000000 00d78398 00000000 00000000 00000000 00000000 00000039 008b3199 00000001 00000000 00000001 00000000 00000000 00000000 00000000 00000000 00000000 00000000 00000000 00000000 00000000 00000000 00000000 00000000 00000000 00000000 00000000 ef5fb3f1 00000001 94978cf3 00000000 00000000 00000000 00000000 00000000 00000101 00000080 00000000 00000000 00000000 00000000 00000000 00000000 00000000 00003333 00004ccd 00002667 00000001 00000000 01c9c380 0000027c
capture_snapshot GLI1 00010000 30000000 2500000 864 0 30000000 0 0 0 0 0 0 0 8a7d66c4 00000000 949a89bc 00000000 00d7c2eb 00000000 00d7c2eb 00000000 0000006a 00000000 00000000 00000000 0a1d280e 00000000 00d7c355 00000000 00000000 00000000 00000000 00000039 008b3199 00000001 00000000 00000001 00000000 00000000 00000000 00000000 00000000 00000000 00000000 00000000 00000000 00000000 00000000 00000000 00000000 00000000 00000000 00000000 ef69a96a 00000001 949a89d0 00000000 00000000 00000000 00000000 00000000 00000101 00000081 00000000 00000000 00000000 00000000 00000000 00000000 00000000 00003333 00004ccd 00002667 00000001 00000000 01c9c380 0000027c
capture_snapshot GLI1 00010000 30000000 2500000 865 0 30000000 0 0 0 0 0 0 0 8a7d66c4 00000000 949d8ce0 00000000 00d8032e 00000000 00d8032e 00000000 0000006a 00000000 00000000 00000000 0a202b30 00000000 00d80398 00000000 00000000 00000000 00000000 00000039 008b3199 00000001 00000000 00000001 00000000 00000000 00000000 00000000 00000000 00000000 00000000 00000000 00000000 00000000 00000000 00000000 00000000 00000000 00000000 00000000 ef73b3c8 00000001 949d8cf2 00000000 00000000 00000000 00000000 00000000 00000101 00000080 00000000 00000000 00000000 00000000 00000000 00000000 00000000 00003333 00004ccd 00002667 00000001 00000000 01c9c380 0000027c
capture_snapshot GLI1 00010000 30000000 2500000 866 0 30000000 0 0 0 0 0 0 0 8a7d66c4 00000000 94a099c4 00000000 00d84441 00000000 00d84441 00000000 0000006a 00000000 00000000 00000000 0a233816 00000000 00d844ab 00000000 00000000 00000000 00000000 00000039 008b3199 00000001 00000000 00000001 00000000 00000000 00000000 00000000 00000000 00000000 00000000 00000000 00000000 00000000 00000000 00000000 00000000 00000000 00000000 00000000 ef7ddeb3 00000001 94a099d8 00000000 00000000 00000000 00000000 00000000 00000101 00000081 00000000 00000000 00000000 00000000 00000000 00000000 00000000 00003333 00004ccd 00002667 00000001 00000000 01c9c380 0000027c
capture_snapshot GLI1 00010000 30000000 2500000 867 0 30000000 0 0 0 0 0 0 0 8a7d66c4 00000000 94a396ac 00000000 00d883ff 00000000 00d883ff 00000000 0000006a 00000000 00000000 00000000 0a2634fa 00000000 00d88469 00000000 00000000 00000000 00000000 00000039 008b3199 00000001 00000000 00000001 00000000 00000000 00000000 00000000 00000000 00000000 00000000 00000000 00000000 00000000 00000000 00000000 00000000 00000000 00000000 00000000 ef87d441 00000001 94a396bc 00000000 00000000 00000000 00000000 00000000 00000101 00000081 00000000 00000000 00000000 00000000 00000000 00000000 00000000 00003333 00004ccd 00002667 00000001 00000000 01c9c380 0000027c
capture_snapshot GLI1 00010000 30000000 2500000 868 0 30000000 0 0 0 0 0 0 0 8a7d66c4 00000000 94a698bc 00000000 00d8c42b 00000000 00d8c42b 00000000 0000006a 00000000 00000000 00000000 0a293713 00000000 00d8c495 00000000 00000000 00000000 00000000 00000039 008b3199 00000001 00000000 00000001 00000000 00000000 00000000 00000000 00000000 00000000 00000000 00000000 00000000 00000000 00000000 00000000 00000000 00000000 00000000 00000000 ef91db2b 00000001 94a698d5 00000000 00000000 00000000 00000000 00000000 00000101 00000080 00000000 00000000 00000000 00000000 00000000 00000000 00000000 00003333 00004ccd 00002667 00000001 00000000 01c9c380 0000027c
capture_snapshot GLI1 00010000 30000000 2500000 869 0 30000000 0 0 0 0 0 0 0 8a7d66c4 00000000 94a989f8 00000000 00d902f0 00000000 00d902f0 00000000 0000006a 00000000 00000000 00000000 0a2c284c 00000000 00d9035a 00000000 00000000 00000000 00000000 00000039 008b3199 00000001 00000000 00000001 00000000 00000000 00000000 00000000 00000000 00000000 00000000 00000000 00000000 00000000 00000000 00000000 00000000 00000000 00000000 00000000 ef9ba9d5 00000001 94a98a0e 00000000 00000000 00000000 00000000 00000000 00000100 00000080 00000000 00000000 00000000 00000000 00000000 00000000 00000000 00003333 00004ccd 00002667 00000001 00000000 01c9c380 0000027c
capture_snapshot GLI1 00010000 30000000 2500000 870 0 30000000 0 0 0 0 0 0 0 8a7d66c4 00000000 94ac8a10 00000000 00d942f2 00000000 00d942f2 00000000 0000006a 00000000 00000000 00000000 0a2f2860 00000000 00d9435c 00000000 00000000 00000000 00000000 00000039 008b3199 00000001 00000000 00000001 00000000 00000000 00000000 00000000 00000000 00000000 00000000 00000000 00000000 00000000 00000000 00000000 00000000 00000000 00000000 00000000 efa5aa07 00000001 94ac8a22 00000000 00000000 00000000 00000000 00000000 00000100 00000080 00000000 00000000 00000000 00000000 00000000 00000000 00000000 00003333 00004ccd 00002667 00000001 00000000 01c9c380 0000027c
capture_snapshot GLI1 00010000 30000000 2500000 871 0 30000000 0 0 0 0 0 0 0 8a7d66c4 00000000 94af8bcc 00000000 00d98317 00000000 00d98317 00000000 0000006a 00000000 00000000 00000000 0a322a1f 00000000 00d98381 00000000 00000000 00000000 00000000 00000039 008b3199 00000001 00000000 00000001 00000000 00000000 00000000 00000000 00000000 00000000 00000000 00000000 00000000 00000000 00000000 00000000 00000000 00000000 00000000 00000000 efafafc5 00000001 94af8be1 00000000 00000000 00000000 00000000 00000000 00000101 00000080 00000000 00000000 00000000 00000000 00000000 00000000 00000000 00003333 00004ccd 00002667 00000001 00000000 01c9c380 0000027c
capture_snapshot GLI1 00010000 30000000 2500000 872 0 30000000 0 0 0 0 0 0 0 8a7d66c4 00000000 94b28bc0 00000000 00d9c316 00000000 00d9c316 00000000 0000006a 00000000 00000000 00000000 0a352a16 00000000 00d9c380 00000000 00000000 00000000 00000000 00000039 008b3199 00000001 00000000 00000001 00000000 00000000 00000000 00000000 00000000 00000000 00000000 00000000 00000000 00000000 00000000 00000000 00000000 00000000 00000000 00000000 efb9af94 00000001 94b28bd8 00000000 00000000 00000000 00000000 00000000 00000100 00000080 00000000 00000000 00000000 00000000 00000000 00000000 00000000 00003333 00004ccd 00002667 00000001 00000000 01c9c380 0000027c
capture_snapshot GLI1 00010000 30000000 2500000 873 0 30000000 0 0 0 0 0 0 0 8a7d66c4 00000000 94b5898c 00000000 00da02e7 00000000 00da02e7 00000000 0000006a 00000000 00000000 00000000 0a3827da 00000000 00da0351 00000000 00000000 00000000 00000000 00000039 008b3199 00000001 00000000 00000001 00000000 00000000 00000000 00000000 00000000 00000000 00000000 00000000 00000000 00000000 00000000 00000000 00000000 00000000 00000000 00000000 efc3a80e 00000001 94b5899c 00000000 00000000 00000000 00000000 00000000 00000100 00000080 00000000 00000000 00000000 00000000 00000000 00000000 00000000 00003333 00004ccd 00002667 00000001 00000000 01c9c380 0000027c
capture_snapshot GLI1 00010000 30000000 2500000 874 0 30000000 0 0 0 0 0 0 0 8a7d66c4 00000000 94b88878 00000000 00da42d0 00000000 00da42d0 00000000 0000006a 00000000 00000000 00000000 0a3b26ca 00000000 00da433a 00000000 00000000 00000000 00000000 00000039 008b3199 00000001 00000000 00000001 00000000 00000000 00000000 00000000 00000000 00000000 00000000 00000000 00000000 00000000 00000000 00000000 00000000 00000000 00000000 00000000 efcda46e 00000001 94b8888c 00000000 00000000 00000000 00000000 00000000 00000101 00000080 00000000 00000000 00000000 00000000 00000000 00000000 00000000 00003333 00004ccd 00002667 00000001 00000000 01c9c380 0000027c
capture_snapshot GLI1 00010000 30000000 2500000 875 0 30000000 0 0 0 0 0 0 0 8a7d66c4 00000000 94bb8e9c 00000000 00da8353 00000000 00da8353 00000000 0000006a 00000000 00000000 00000000 0a3e2cf2 00000000 00da83bd 00000000 00000000 00000000 00000000 00000039 008b3199 00000001 00000000 00000001 00000000 00000000 00000000 00000000 00000000 00000000 00000000 00000000 00000000 00000000 00000000 00000000 00000000 00000000 00000000 00000000 efd7b8e2 00000001 94bb8eb4 00000000 00000000 00000000 00000000 00000000 00000100 00000080 00000000 00000000 00000000 00000000 00000000 00000000 00000000 00003333 00004ccd 00002667 00000001 00000000 01c9c380 0000027c
capture_snapshot GLI1 00010000 30000000 2500000 876 0 30000000 0 0 0 0 0 0 0 8a7d66c4 00000000 94be961c 00000000 00dac3f3 00000000 00dac3f3 00000000 0000006a 00000000 00000000 00000000 0a413470 00000000 00dac45d 00000000 00000000 00000000 00000000 00000039 008b3199 00000001 00000000 00000001 00000000 00000000 00000000 00000000 00000000 00000000 00000000 00000000 00000000 00000000 00000000 00000000 00000000 00000000 00000000 00000000 efe1d1c5 00000001 94be9632 00000000 00000000 00000000 00000000 00000000 00000101 00000080 00000000 00000000 00000000 00000000 00000000 00000000 00000000 00003333 00004ccd 00002667 00000001 00000000 01c9c380 0000027c
capture_snapshot GLI1 00010000 30000000 2500000 877 0 30000000 0 0 0 0 0 0 0 8a7d66c4 00000000 94c19da8 00000000 00db0494 00000000 00db0494 00000000 0000006a 00000000 00000000 00000000 0a443bf9 00000000 00db04fe 00000000 00000000 00000000 00000000 00000039 008b3199 00000001 00000000 00000001 00000000 00000000 00000000 00000000 00000000 00000000 00000000 00000000 00000000 00000000 00000000 00000000 00000000 00000000 00000000 00000000 efebeacf 00000001 94c19dbb 00000000 00000000 00000000 00000000 00000000 00000100 00000080 00000000 00000000 00000000 00000000 00000000 00000000 00000000 00003333 00004ccd 00002667 00000001 00000000 01c9c380 0000027c
capture_snapshot GLI1 00010000 30000000 2500000 878 0 30000000 0 0 0 0 0 0 0 8a7d66c4 00000000 94c489ec 00000000 00db42ef 00000000 00db42ef 00000000 0000006a 00000000 00000000 00000000 0a47283a 00000000 00db4359 00000000 00000000 00000000 00000000 00000039 008b3199 00000001 00000000 00000001 00000000 00000000 00000000 00000000 00000000 00000000 00000000 00000000 00000000 00000000 00000000 00000000 00000000 00000000 00000000 00000000 eff5a8ed 00000001 94c489fc 00000000 00000000 00000000 00000000 00000000 00000100 00000080 00000000 00000000 00000000 00000000 00000000 00000000 00000000 00003333 00004ccd 00002667 00000001 00000000 01c9c380 0000027c
capture_snapshot GLI1 00010000 30000000 2500000 879 0 30000000 0 0 0 0 0 0 0 8a7d66c4 00000000 94c78980 00000000 00db82e6 00000000 00db82e6 00000000 0000006a 00000000 00000000 00000000 0a4a27cd 00000000 00db8350 00000000 00000000 00000000 00000000 00000039 008b3199 00000001 00000000 00000001 00000000 00000000 00000000 00000000 00000000 00000000 00000000 00000000 00000000 00000000 00000000 00000000 00000000 00000000 00000000 00000000 efffa76d 00000001 94c7898f 00000000 00000000 00000000 00000000 00000000 00000101 00000081 00000000 00000000 00000000 00000000 00000000 00000000 00000000 00003333 00004ccd 00002667 00000001 00000000 01c9c380 0000027c
capture_snapshot GLI1 00010000 30000000 2500000 880 0 30000000 0 0 0 0 0 0 0 8a7d66c4 00000000 94ca8ae8 00000000 00dbc304 00000000 00dbc304 00000000 0000006a 00000000 00000000 00000000 0a4d2936 00000000 00dbc36e 00000000 00000000 00000000 00000000 00000039 008b3199 00000001 00000000 00000001 00000000 00000000 00000000 00000000 00000000 00000000 00000000 00000000 00000000 00000000 00000000 00000000 00000000 00000000 00000000 00000000 f009ac0e 00000001 94ca8af8 00000000 00000000 00000000 00000000 00000000 00000100 00000080 00000000 00000000 00000000 00000000 00000000 00000000 00000000 00003333 00004ccd 00002667 00000001 00000000 01c9c380 0000027c
capture_snapshot GLI1 00010000 30000000 2500000 881 0 30000000 0 0 0 0 0 0 0 8a7d66c4 00000000 94cd8df4 00000000 00dc0345 00000000 00dc0345 00000000 0000006a 00000000 00000000 00000000 0a502c44 00000000 00dc03af 00000000 00000000 00000000 00000000 00000039 008b3199 00000001 00000000 00000001 00000000 00000000 00000000 00000000 00000000 00000000 00000000 00000000 00000000 00000000 00000000 00000000 00000000 00000000 00000000 00000000 f013b627 00000001 94cd8e06 00000000 00000000 00000000 00000000 00000000 00000101 00000081 00000000 00000000 00000000 00000000 00000000 00000000 00000000 00003333 00004ccd 00002667 00000001 00000000 01c9c380 0000027c
capture_snapshot GLI1 00010000 30000000 2500000 882 0 30000000 0 0 0 0 0 0 0 8a7d66c4 00000000 94d08ba8 00000000 00dc4314 00000000 00dc4314 00000000 0000006a 00000000 00000000 00000000 0a5329f8 00000000 00dc437e 00000000 00000000 00000000 00000000 00000039 008b3199 00000001 00000000 00000001 00000000 00000000 00000000 00000000 00000000 00000000 00000000 00000000 00000000 00000000 00000000 00000000 00000000 00000000 00000000 00000000 f01dae6b 00000001 94d08bba 00000000 00000000 00000000 00000000 00000000 00000101 00000080 00000000 00000000 00000000 00000000 00000000 00000000 00000000 00003333 00004ccd 00002667 00000001 00000000 01c9c380 0000027c
capture_snapshot GLI1 00010000 30000000 2500000 883 0 30000000 0 0 0 0 0 0 0 8a7d66c4 00000000 94d38a88 00000000 00dc82fc 00000000 00dc82fc 00000000 0000006a 00000000 00000000 00000000 0a5628db 00000000 00dc8366 00000000 00000000 00000000 00000000 00000039 008b3199 00000001 00000000 00000001 00000000 00000000 00000000 00000000 00000000 00000000 00000000 00000000 00000000 00000000 00000000 00000000 00000000 00000000 00000000 00000000 f027aaa1 00000001 94d38a9d 00000000 00000000 00000000 00000000 00000000 00000100 00000080 00000000 00000000 00000000 00000000 00000000 00000000 00000000 00003333 00004ccd 00002667 00000001 00000000 01c9c380 0000027c
capture_snapshot GLI1 00010000 30000000 2500000 884 0 30000000 0 0 0 0 0 0 0 8a7d66c4 00000000 94d68a88 00000000 00dcc2fc 00000000 00dcc2fc 00000000 0000006a 00000000 00000000 00000000 0a5928e0 00000000 00dcc366 00000000 00000000 00000000 00000000 00000039 008b3199 00000001 00000000 00000001 00000000 00000000 00000000 00000000 00000000 00000000 00000000 00000000 00000000 00000000 00000000 00000000 00000000 00000000 00000000 00000000 f031aa9e 00000001 94d68aa2 00000000 00000000 00000000 00000000 00000000 00000100 00000080 00000000 00000000 00000000 00000000 00000000 00000000 00000000 00003333 00004ccd 00002667 00000001 00000000 01c9c380 0000027c
capture_snapshot GLI1 00010000 30000000 2500000 885 0 30000000 0 0 0 0 0 0 0 8a7d66c4 00000000 94d99604 00000000 00dd03f1 00000000 00dd03f1 00000000 0000006a 00000000 00000000 00000000 0a5c3451 00000000 00dd045b 00000000 00000000 00000000 00000000 00000039 008b3199 00000001 00000000 00000001 00000000 00000000 00000000 00000000 00000000 00000000 00000000 00000000 00000000 00000000 00000000 00000000 00000000 00000000 00000000 00000000 f03bd0b0 00000001 94d99613 00000000 00000000 00000000 00000000 00000000 00000100 00000081 00000000 00000000 00000000 00000000 00000000 00000000 00000000 00003333 00004ccd 00002667 00000001 00000000 01c9c380 0000027c
capture_snapshot GLI1 00010000 30000000 2500000 886 0 30000000 0 0 0 0 0 0 0 8a7d66c4 00000000 94dc9604 00000000 00dd43f1 00000000 00dd43f1 00000000 0000006a 00000000 00000000 00000000 0a5f345b 00000000 00dd445b 00000000 00000000 00000000 00000000 00000039 008b3199 00000001 00000000 00000001 00000000 00000000 00000000 00000000 00000000 00000000 00000000 00000000 00000000 00000000 00000000 00000000 00000000 00000000 00000000 00000000 f045d0bc 00000001 94dc961d 00000000 00000000 00000000 00000000 00000000 00000101 00000080 00000000 00000000 00000000 00000000 00000000 00000000 00000000 00003333 00004ccd 00002667 00000001 00000000 01c9c380 0000027c
capture_snapshot GLI1 00010000 30000000 2500000 887 0 30000000 0 0 0 0 0 0 0 8a7d66c4 00000000 94df96dc 00000000 00dd8403 00000000 00dd8403 00000000 0000006a 00000000 00000000 00000000 0a62352f 00000000 00dd846d 00000000 00000000 00000000 00000000 00000039 008b3199 00000001 00000000 00000001 00000000 00000000 00000000 00000000 00000000 00000000 00000000 00000000 00000000 00000000 00000000 00000000 00000000 00000000 00000000 00000000 f04fd36b 00000001 94df96f1 00000000 00000000 00000000 00000000 00000000 00000101 00000080 00000000 00000000 00000000 00000000 00000000 00000000 00000000 00003333 00004ccd 00002667 00000001 00000000 01c9c380 0000027c
capture_snapshot GLI1 00010000 30000000 2500000 888 0 30000000 0 0 0 0 0 0 0 8a7d66c4 00000000 94e2892c 00000000 00ddc2df 00000000 00ddc2df 00000000 0000006a 00000000 00000000 00000000 0a652780 00000000 00ddc349 00000000 00000000 00000000 00000000 00000039 008b3199 00000001 00000000 00000001 00000000 00000000 00000000 00000000 00000000 00000000 00000000 00000000 00000000 00000000 00000000 00000000 00000000 00000000 00000000 00000000 f059a5bc 00000001 94e28942 00000000 00000000 00000000 00000000 00000000 00000101 00000081 00000000 00000000 00000000 00000000 00000000 00000000 00000000 00003333 00004ccd 00002667 00000001 00000000 01c9c380 0000027c
capture_snapshot GLI1 00010000 30000000 2500000 889 0 30000000 0 0 0 0 0 0 0 8a7d66c4 00000000 94e58aac 00000000 00de02ff 00000000 00de02ff 00000000 0000006a 00000000 00000000 00000000 0a682900 00000000 00de0369 00000000 00000000 00000000 00000000 00000039 008b3199 00000001 00000000 00000001 00000000 00000000 00000000 00000000 00000000 00000000 00000000 00000000 00000000 00000000 00000000 00000000 00000000 00000000 00000000 00000000 f063aaa9 00000001 94e58ac2 00000000 00000000 00000000 00000000 00000000 00000101 00000081 00000000 00000000 00000000 00000000 00000000 00000000 00000000 00003333 00004ccd 00002667 00000001 00000000 01c9c380 0000027c
capture_snapshot GLI1 00010000 30000000 2500000 890 0 30000000 0 0 0 0 0 0 0 8a7d66c4 00000000 94e88dd0 00000000 00de4342 00000000 00de4342 00000000 0000006a 00000000 00000000 00000000 0a6b2c22 00000000 00de43ac 00000000 00000000 00000000 00000000 00000039 008b3199 00000001 00000000 00000001 00000000 00000000 00000000 00000000 00000000 00000000 00000000 00000000 00000000 00000000 00000000 00000000 00000000 00000000 00000000 00000000 f06db506 00000001 94e88de4 00000000 00000000 00000000 00000000 00000000 00000101 00000081 00000000 00000000 00000000 00000000 00000000 00000000 00000000 00003333 00004ccd 00002667 00000001 00000000 01c9c380 0000027c
capture_snapshot GLI1 00010000 30000000 2500000 891 0 30000000 0 0 0 0 0 0 0 8a7d66c4 00000000 94eb8b0c 00000000 00de8307 00000000 00de8307 00000000 0000006a 00000000 00000000 00000000 0a6e295c 00000000 00de8371 00000000 00000000 00000000 00000000 00000039 008b3199 00000001 00000000 00000001 00000000 00000000 00000000 00000000 00000000 00000000 00000000 00000000 00000000 00000000 00000000 00000000 00000000 00000000 00000000 00000000 f077abb3 00000001 94eb8b1e 00000000 00000000 00000000 00000000 00000000 00000100 00000080 00000000 00000000 00000000 00000000 00000000 00000000 00000000 00003333 00004ccd 00002667 00000001 00000000 01c9c380 0000027c
capture_snapshot GLI1 00010000 30000000 2500000 892 0 30000000 0 0 0 0 0 0 0 8a7d66c4 00000000 94ee8ec0 00000000 00dec356 00000000 00dec356 00000000 0000006a 00000000 00000000 00000000 0a712d16 00000000 00dec3c0 00000000 00000000 00000000 00000000 00000039 008b3199 00000001 00000000 00000001 00000000 00000000 00000000 00000000 00000000 00000000 00000000 00000000 00000000 00000000 00000000 00000000 00000000 00000000 00000000 00000000 f081b80d 00000001 94ee8ed8 00000000 00000000 00000000 00000000 00000000 00000101 00000081 00000000 00000000 00000000 00000000 00000000 00000000 00000000 00003333 00004ccd 00002667 00000001 00000000 01c9c380 0000027c
capture_snapshot GLI1 00010000 30000000 2500000 893 0 30000000 0 0 0 0 0 0 0 8a7d66c4 00000000 94f188b4 00000000 00df02d5 00000000 00df02d5 00000000 0000006a 00000000 00000000 00000000 0a742709 00000000 00df033f 00000000 00000000 00000000 00000000 00000039 008b3199 00000001 00000000 00000001 00000000 00000000 00000000 00000000 00000000 00000000 00000000 00000000 00000000 00000000 00000000 00000000 00000000 00000000 00000000 00000000 f08ba3ce 00000001 94f188cb 00000000 00000000 00000000 00000000 00000000 00000101 00000081 00000000 00000000 00000000 00000000 00000000 00000000 00000000 00003333 00004ccd 00002667 00000001 00000000 01c9c380 0000027c
capture_snapshot GLI1 00010000 30000000 2500000 894 0 30000000 0 0 0 0 0 0 0 8a7d66c4 00000000 94f48a7c 00000000 00df42fb 00000000 00df42fb 00000000 0000006a 00000000 00000000 00000000 0a7728d1 00000000 00df4365 00000000 00000000 00000000 00000000 00000039 008b3199 00000001 00000000 00000001 00000000 00000000 00000000 00000000 00000000 00000000 00000000 00000000 00000000 00000000 00000000 00000000 00000000 00000000 00000000 00000000 f095a9aa 00000001 94f48a93 00000000 00000000 00000000 00000000 00000000 00000101 00000080 00000000 00000000 00000000 00000000 00000000 00000000 00000000 00003333 00004ccd 00002667 00000001 00000000 01c9c380 0000027c
capture_snapshot GLI1 00010000 30000000 2500000 895 0 30000000 0 0 0 0 0 0 0 8a7d66c4 00000000 94f791cc 00000000 00df8397 00000000 00df8397 00000000 0000006a 00000000 00000000 00000000 0a7a301d 00000000 00df8401 00000000 00000000 00000000 00000000 00000039 008b3199 00000001 00000000 00000001 00000000 00000000 00000000 00000000 00000000 00000000 00000000 00000000 00000000 00000000 00000000 00000000 00000000 00000000 00000000 00000000 f09fc1ea 00000001 94f791df 00000000 00000000 00000000 00000000 00000000 00000101 00000081 00000000 00000000 00000000 00000000 00000000 00000000 00000000 00003333 00004ccd 00002667 00000001 00000000 01c9c380 0000027c
capture_snapshot GLI1 00010000 30000000 2500000 896 0 30000000 0 0 0 0 0 0 0 8a7d66c4 00000000 94fa9544 00000000 00dfc3e1 00000000 00dfc3e1 00000000 0000006a 00000000 00000000 00000000 0a7d3399 00000000 00dfc44b 00000000 00000000 00000000 00000000 00000039 008b3199 00000001 00000000 00000001 00000000 00000000 00000000 00000000 00000000 00000000 00000000 00000000 00000000 00000000 00000000 00000000 00000000 00000000 00000000 00000000 f0a9cd73 00000001 94fa955b 00000000 00000000 00000000 00000000 00000000 00000101 00000081 00000000 00000000 00000000 00000000 00000000 00000000 00000000 00003333 00004ccd 00002667 00000001 00000000 01c9c380 0000027c
capture_snapshot GLI1 00010000 30000000 2500000 897 0 30000000 0 0 0 0 0 0 0 8a7d66c4 00000000 94fd9430 00000000 00e003ca 00000000 00e003ca 00000000 0000006a 00000000 00000000 00000000 0a803286 00000000 00e00434 00000000 00000000 00000000 00000000 00000039 008b3199 00000001 00000000 00000001 00000000 00000000 00000000 00000000 00000000 00000000 00000000 00000000 00000000 00000000 00000000 00000000 00000000 00000000 00000000 00000000 f0b3c9cb 00000001 94fd9448 00000000 00000000 00000000 00000000 00000000 00000101 00000081 00000000 00000000 00000000 00000000 00000000 00000000 00000000 00003333 00004ccd 00002667 00000001 00000000 01c9c380 0000027c
capture_snapshot GLI1 00010000 30000000 2500000 898 0 30000000 0 0 0 0 0 0 0 8a7d66c4 00000000 950089bc 00000000 00e042eb 00000000 00e042eb 00000000 0000006a 00000000 00000000 00000000 0a83280b 00000000 00e04355 00000000 00000000 00000000 00000000 00000039 008b3199 00000001 00000000 00000001 00000000 00000000 00000000 00000000 00000000 00000000 00000000 00000000 00000000 00000000 00000000 00000000 00000000 00000000 00000000 00000000 f0bda6ca 00000001 950089cd 00000000 00000000 00000000 00000000 00000000 00000100 00000080 00000000 00000000 00000000 00000000 00000000 00000000 00000000 00003333 00004ccd 00002667 00000001 00000000 01c9c380 0000027c
capture_snapshot GLI1 00010000 30000000 2500000 899 0 30000000 0 0 0 0 0 0 0 8a7d66c4 00000000 95038e48 00000000 00e0834c 00000000 00e0834c 00000000 0000006a 00000000 00000000 00000000 0a862c98 00000000 00e083b6 00000000 00000000 00000000 00000000 00000039 008b3199 00000001 00000000 00000001 00000000 00000000 00000000 00000000 00000000 00000000 00000000 00000000 00000000 00000000 00000000 00000000 00000000 00000000 00000000 00000000 f0c7b5e1 00000001 95038e5a 00000000 00000000 00000000 00000000 00000000 00000101 00000080 00000000 00000000 00000000 00000000 00000000 00000000 00000000 00003333 00004ccd 00002667 00000001 00000000 01c9c380 0000027c
capture_snapshot GLI1 00010000 30000000 2500000 900 0 30000000 0 0 0 0 0 0 0 8a7d66c4 00000000 95068c38 00000000 00e0c320 00000000 00e0c31f 00000000 0000006a 00000000 00000000 00000000 0a892a84 00000000 00e0c38a 00000000 00000000 00000000 00000000 0000003b 008b3199 00000001 00000001 00000001 00000000 00000000 00000000 00000000 00000000 00000000 00000000 00000000 00000000 00000000 00000000 00000000 00000000 00000000 00000000 00000000 f0d1aee0 00000001 95068c46 00000000 00000000 00000000 00000000 00000000 00000101 00000080 00000000 00000000 00000000 00000000 00000000 00000000 00000000 00003333 00004ccd 00002667 00000001 00000000 01c9c380 0000027c
capture_snapshot GLI1 00010000 30000000 2500000 901 0 30000000 0 0 0 0 0 0 0 8a7d66c4 00000000 95098c38 00000000 00e10320 00000000 00e10320 00000000 0000006a 00000000 00000000 00000000 0a8c2a8d 00000000 00e1038a 00000000 00000000 00000000 00000000 00000039 008b3199 00000001 00000000 00000001 00000000 00000000 00000000 00000000 00000000 00000000 00000000 00000000 00000000 00000000 00000000 00000000 00000000 00000000 00000000 00000000 f0dbaeeb 00000001 95098c4f 00000000 00000000 00000000 00000000 00000000 00000100 00000081 00000000 00000000 00000000 00000000 00000000 00000000 00000000 00003333 00004ccd 00002667 00000001 00000000 01c9c380 0000027c
capture_snapshot GLI1 00010000 30000000 2500000 902 0 30000000 0 0 0 0 0 0 0 8a7d66c4 00000000 950c8950 00000000 00e142e2 00000000 00e142e2 00000000 0000006a 00000000 00000000 00000000 0a8f27a4 00000000 00e1434c 00000000 00000000 00000000 00000000 00000039 008b3199 00000001 00000000 00000001 00000000 00000000 00000000 00000000 00000000 00000000 00000000 00000000 00000000 00000000 00000000 00000000 00000000 00000000 00000000 00000000 f0e5a523 00000001 950c8966 00000000 00000000 00000000 00000000 00000000 00000101 00000081 00000000 00000000 00000000 00000000 00000000 00000000 00000000 00003333 00004ccd 00002667 00000001 00000000 01c9c380 0000027c
capture_snapshot GLI1 00010000 30000000 2500000 903 0 30000000 0 0 0 0 0 0 0 8a7d66c4 00000000 950f8878 00000000 00e182d0 00000000 00e182d0 00000000 0000006a 00000000 00000000 00000000 0a9226c6 00000000 00e1833a 00000000 00000000 00000000 00000000 00000039 008b3199 00000001 00000000 00000001 00000000 00000000 00000000 00000000 00000000 00000000 00000000 00000000 00000000 00000000 00000000 00000000 00000000 00000000 00000000 00000000 f0efa22c 00000001 950f8888 00000000 00000000 00000000 00000000 00000000 00000101 00000081 00000000 00000000 00000000 00000000 00000000 00000000 00000000 00003333 00004ccd 00002667 00000001 00000000 01c9c380 0000027c
capture_snapshot GLI1 00010000 30000000 2500000 904 0 30000000 0 0 0 0 0 0 0 8a7d66c4 00000000 9512937c 00000000 00e1c3bb 00000000 00e1c3bb 00000000 0000006a 00000000 00000000 00000000 0a9531cc 00000000 00e1c425 00000000 00000000 00000000 00000000 00000039 008b3199 00000001 00000000 00000001 00000000 00000000 00000000 00000000 00000000 00000000 00000000 00000000 00000000 00000000 00000000 00000000 00000000 00000000 00000000 00000000 f0f9c6d8 00000001 9512938e 00000000 00000000 00000000 00000000 00000000 00000100 00000080 00000000 00000000 00000000 00000000 00000000 00000000 00000000 00003333 00004ccd 00002667 00000001 00000000 01c9c380 0000027c
capture_snapshot GLI1 00010000 30000000 2500000 905 0 30000000 0 0 0 0 0 0 0 8a7d66c4 00000000 951595e0 00000000 00e203ee 00000000 00e203ee 00000000 0000006a 00000000 00000000 00000000 0a983438 00000000 00e20458 00000000 00000000 00000000 00000000 00000039 008b3199 00000001 00000000 00000001 00000000 00000000 00000000 00000000 00000000 00000000 00000000 00000000 00000000 00000000 00000000 00000000 00000000 00000000 00000000 00000000 f103ced5 00000001 951595fa 00000000 00000000 00000000 00000000 00000000 00000101 00000080 00000000 00000000 00000000 00000000 00000000 00000000 00000000 00003333 00004ccd 00002667 00000001 00000000 01c9c380 0000027c
capture_snapshot GLI1 00010000 30000000 2500000 906 0 30000000 0 0 0 0 0 0 0 8a7d66c4 00000000 9518a0b4 00000000 00e244d5 00000000 00e244d5 00000000 0000006a 00000000 00000000 00000000 0a9b3f01 00000000 00e2453f 00000000 00000000 00000000 00000000 00000039 008b3199 00000001 00000000 00000001 00000000 00000000 00000000 00000000 00000000 00000000 00000000 00000000 00000000 00000000 00000000 00000000 00000000 00000000 00000000 00000000 f10df2b6 00000001 9518a0c3 00000000 00000000 00000000 00000000 00000000 00000101 00000081 00000000 00000000 00000000 00000000 00000000 00000000 00000000 00003333 00004ccd 00002667 00000001 00000000 01c9c380 0000027c
capture_snapshot GLI1 00010000 30000000 2500000 907 0 30000000 0 0 0 0 0 0 0 8a7d66c4 00000000 951b8a04 00000000 00e282f1 00000000 00e282f1 00000000 0000006a 00000000 00000000 00000000 0a9e2857 00000000 00e2835b 00000000 00000000 00000000 00000000 00000039 008b3199 00000001 00000000 00000001 00000000 00000000 00000000 00000000 00000000 00000000 00000000 00000000 00000000 00000000 00000000 00000000 00000000 00000000 00000000 00000000 f117a717 00000001 951b8a19 00000000 00000000 00000000 00000000 00000000 00000101 00000080 00000000 00000000 00000000 00000000 00000000 00000000 00000000 00003333 00004ccd 00002667 00000001 00000000 01c9c380 0000027c
capture_snapshot GLI1 00010000 30000000 2500000 908 0 30000000 0 0 0 0 0 0 0 8a7d66c4 00000000 951e8a58 00000000 00e2c2f8 00000000 00e2c2f8 00000000 0000006a 00000000 00000000 00000000 0aa128aa 00000000 00e2c362 00000000 00000000 00000000 00000000 00000039 008b3199 00000001 00000000 00000001 00000000 00000000 00000000 00000000 00000000 00000000 00000000 00000000 00000000 00000000 00000000 00000000 00000000 00000000 00000000 00000000 f121a818 00000001 951e8a6c 00000000 00000000 00000000 00000000 00000000 00000101 00000081 00000000 00000000 00000000 00000000 00000000 00000000 00000000 00003333 00004ccd 00002667 00000001 00000000 01c9c380 0000027c
capture_snapshot GLI1 00010000 30000000 2500000 909 0 30000000 0 0 0 0 0 0 0 8a7d66c4 00000000 95218e6c 00000000 00e3034f 00000000 00e3034f 00000000 0000006a 00000000 00000000 00000000 0aa42cc2 00000000 00e303b9 00000000 00000000 00000000 00000000 00000039 008b3199 00000001 00000000 00000001 00000000 00000000 00000000 00000000 00000000 00000000 00000000 00000000 00000000 00000000 00000000 00000000 00000000 00000000 00000000 00000000 f12bb5a9 00000001 95218e84 00000000 00000000 00000000 00000000 00000000 00000101 00000081 00000000 00000000 00000000 00000000 00000000 00000000 00000000 00003333 00004ccd 00002667 00000001 00000000 01c9c380 0000027c
capture_snapshot GLI1 00010000 30000000 2500000 910 0 30000000 0 0 0 0 0 0 0 8a7d66c4 00000000 95248cb0 00000000 00e3432a 00000000 00e3432a 00000000 0000006a 00000000 00000000 00000000 0aa72b01 00000000 00e34394 00000000 00000000 00000000 00000000 00000039 008b3199 00000001 00000000 00000001 00000000 00000000 00000000 00000000 00000000 00000000 00000000 00000000 00000000 00000000 00000000 00000000 00000000 00000000 00000000 00000000 f135afbf 00000001 95248cc3 00000000 00000000 00000000 00000000 00000000 00000100 00000080 00000000 00000000 00000000 00000000 00000000 00000000 00000000 00003333 00004ccd 00002667 00000001 00000000 01c9c380 0000027c
capture_snapshot GLI1 00010000 30000000 2500000 911 0 30000000 0 0 0 0 0 0 0 8a7d66c4 00000000 95278cbc 00000000 00e3832b 00000000 00e3832b 00000000 0000006a 00000000 00000000 00000000 0aaa2b0f 00000000 00e38395 00000000 00000000 00000000 00000000 00000039 008b3199 00000001 00000000 00000001 00000000 00000000 00000000 00000000 00000000 00000000 00000000 00000000 00000000 00000000 00000000 00000000 00000000 00000000 00000000 00000000 f13fafd9 00000001 95278cd1 00000000 00000000 00000000 00000000 00000000 00000101 00000080 00000000 00000000 00000000 00000000 00000000 00000000 00000000 00003333 00004ccd 00002667 00000001 00000000 01c9c380 0000027c
capture_snapshot GLI1 00010000 30000000 2500000 912 0 30000000 0 0 0 0 0 0 0 8a7d66c4 00000000 952a8944 00000000 00e3c2e1 00000000 00e3c2e1 00000000 0000006a 00000000 00000000 00000000 0aad2798 00000000 00e3c34b 00000000 00000000 00000000 00000000 00000039 008b3199 00000001 00000000 00000001 00000000 00000000 00000000 00000000 00000000 00000000 00000000 00000000 00000000 00000000 00000000 00000000 00000000 00000000 00000000 00000000 f149a438 00000001 952a895a 00000000 00000000 00000000 00000000 00000000 00000101 00000081 00000000 00000000 00000000 00000000 00000000 00000000 00000000 00003333 00004ccd 00002667 00000001 00000000 01c9c380 0000027c
capture_snapshot GLI1 00010000 30000000 2500000 913 0 30000000 0 0 0 0 0 0 0 8a7d66c4 00000000 952d8ab8 00000000 00e40300 00000000 00e40300 00000000 0000006a 00000000 00000000 00000000 0ab0290e 00000000 00e4036a 00000000 00000000 00000000 00000000 00000039 008b3199 00000001 00000000 00000001 00000000 00000000 00000000 00000000 00000000 00000000 00000000 00000000 00000000 00000000 00000000 00000000 00000000 00000000 00000000 00000000 f153a905 00000001 952d8ad0 00000000 00000000 00000000 00000000 00000000 00000100 00000080 00000000 00000000 00000000 00000000 00000000 00000000 00000000 00003333 00004ccd 00002667 00000001 00000000 01c9c380 0000027c
capture_snapshot GLI1 00010000 30000000 2500000 914 0 30000000 0 0 0 0 0 0 0 8a7d66c4 00000000 95308bfc 00000000 00e4431b 00000000 00e4431b 00000000 0000006a 00000000 00000000 00000000 0ab32a4f 00000000 00e44385 00000000 00000000 00000000 00000000 00000039 008b3199 00000001 00000000 00000001 00000000 00000000 00000000 00000000 00000000 00000000 00000000 00000000 00000000 00000000 00000000 00000000 00000000 00000000 00000000 00000000 f15dad1d 00000001 95308c11 00000000 00000000 00000000 00000000 00000000 00000101 00000080 00000000 00000000 00000000 00000000 00000000 00000000 00000000 00003333 00004ccd 00002667 00000001 00000000 01c9c380 0000027c
capture_snapshot GLI1 00010000 30000000 2500000 915 0 30000000 0 0 0 0 0 0 0 8a7d66c4 00000000 95338bc0 00000000 00e48316 00000000 00e48316 00000000 0000006a 00000000 00000000 00000000 0ab62a0d 00000000 00e48380 00000000 00000000 00000000 00000000 00000039 008b3199 00000001 00000000 00000001 00000000 00000000 00000000 00000000 00000000 00000000 00000000 00000000 00000000 00000000 00000000 00000000 00000000 00000000 00000000 00000000 f167ac2f 00000001 95338bcf 00000000 00000000 00000000 00000000 00000000 00000101 00000081 00000000 00000000 00000000 00000000 00000000 00000000 00000000 00003333 00004ccd 00002667 00000001 00000000 01c9c380 0000027c
capture_snapshot GLI1 00010000 30000000 2500000 916 0 30000000 0 0 0 0 0 0 0 8a7d66c4 00000000 95368a28 00000000 00e4c2f4 00000000 00e4c2f4 00000000 0000006a 00000000 00000000 00000000 0ab9287f 00000000 00e4c35e 00000000 00000000 00000000 00000000 00000039 008b3199 00000001 00000000 00000001 00000000 00000000 00000000 00000000 00000000 00000000 00000000 00000000 00000000 00000000 00000000 00000000 00000000 00000000 00000000 00000000 f171a6ec 00000001 95368a41 00000000 00000000 00000000 00000000 00000000 00000101 00000081 00000000 00000000 00000000 00000000 00000000 00000000 00000000 00003333 00004ccd 00002667 00000001 00000000 01c9c380 0000027c
capture_snapshot GLI1 00010000 30000000 2500000 917 0 30000000 0 0 0 0 0 0 0 8a7d66c4 00000000 95398fd4 00000000 00e5036d 00000000 00e5036d 00000000 0000006a 00000000 00000000 00000000 0abc2e2a 00000000 00e503d7 00000000 00000000 00000000 00000000 00000039 008b3199 00000001 00000000 00000001 00000000 00000000 00000000 00000000 00000000 00000000 00000000 00000000 00000000 00000000 00000000 00000000 00000000 00000000 00000000 00000000 f17bb9be 00000001 95398fec 00000000 00000000 00000000 00000000 00000000 00000101 00000081 00000000 00000000 00000000 00000000 00000000 00000000 00000000 00003333 00004ccd 00002667 00000001 00000000 01c9c380 0000027c
capture_snapshot GLI1 00010000 30000000 2500000 918 0 30000000 0 0 0 0 0 0 0 8a7d66c4 00000000 953c93f4 00000000 00e543c5 00000000 00e543c5 00000000 0000006a 00000000 00000000 00000000 0abf3248 00000000 00e5442f 00000000 00000000 00000000 00000000 00000039 008b3199 00000001 00000000 00000001 00000000 00000000 00000000 00000000 00000000 00000000 00000000 00000000 00000000 00000000 00000000 00000000 00000000 00000000 00000000 00000000 f185c763 00000001 953c940a 00000000 00000000 00000000 00000000 00000000 00000101 00000081 00000000 00000000 00000000 00000000 00000000 00000000 00000000 00003333 00004ccd 00002667 00000001 00000000 01c9c380 0000027c
capture_snapshot GLI1 00010000 30000000 2500000 919 0 30000000 0 0 0 0 0 0 0 8a7d66c4 00000000 953f98b0 00000000 00e5842a 00000000 00e5842a 00000000 0000006a 00000000 00000000 00000000 0ac23700 00000000 00e58494 00000000 00000000 00000000 00000000 00000039 008b3199 00000001 00000000 00000001 00000000 00000000 00000000 00000000 00000000 00000000 00000000 00000000 00000000 00000000 00000000 00000000 00000000 00000000 00000000 00000000 f18fd709 00000001 953f98c2 00000000 00000000 00000000 00000000 00000000 00000101 00000080 00000000 00000000 00000000 00000000 00000000 00000000 00000000 00003333 00004ccd 00002667 00000001 00000000 01c9c380 0000027c
capture_snapshot GLI1 00010000 30000000 2500000 920 0 30000000 0 0 0 0 0 0 0 8a7d66c4 00000000 95428bb4 00000000 00e5c315 00000000 00e5c315 00000000 0000006a 00000000 00000000 00000000 0ac52a05 00000000 00e5c37f 00000000 00000000 00000000 00000000 00000039 008b3199 00000001 00000000 00000001 00000000 00000000 00000000 00000000 00000000 00000000 00000000 00000000 00000000 00000000 00000000 00000000 00000000 00000000 00000000 00000000 f199abb4 00000001 95428bc7 00000000 00000000 00000000 00000000 00000000 00000100 00000080 00000000 00000000 00000000 00000000 00000000 00000000 00000000 00003333 00004ccd 00002667 00000001 00000000 01c9c380 0000027c
capture_snapshot GLI1 00010000 30000000 2500000 921 0 30000000 0 0 0 0 0 0 0 8a7d66c4 00000000 9545883c 00000000 00e602cb 00000000 00e602cb 00000000 0000006a 00000000 00000000 00000000 0ac8268d 00000000 00e60335 00000000 00000000 00000000 00000000 00000039 008b3199 00000001 00000000 00000001 00000000 00000000 00000000 00000000 00000000 00000000 00000000 00000000 00000000 00000000 00000000 00000000 00000000 00000000 00000000 00000000 f1a3a00e 00000001 9545884f 00000000 00000000 00000000 00000000 00000000 00000101 00000080 00000000 00000000 00000000 00000000 00000000 00000000 00000000 00003333 00004ccd 00002667 00000001 00000000 01c9c380 0000027c
capture_snapshot GLI1 00010000 30000000 2500000 922 0 30000000 0 0 0 0 0 0 0 8a7d66c4 00000000 954891b4 00000000 00e64395 00000000 00e64395 00000000 0000006a 00000000 00000000 00000000 0acb300a 00000000 00e643ff 00000000 00000000 00000000 00000000 00000039 008b3199 00000001 00000000 00000001 00000000 00000000 00000000 00000000 00000000 00000000 00000000 00000000 00000000 00000000 00000000 00000000 00000000 00000000 00000000 00000000 f1adbf9d 00000001 954891cc 00000000 00000000 00000000 00000000 00000000 00000100 00000080 00000000 00000000 00000000 00000000 00000000 00000000 00000000 00003333 00004ccd 00002667 00000001 00000000 01c9c380 0000027c
capture_snapshot GLI1 00010000 30000000 2500000 923 0 30000000 0 0 0 0 0 0 0 8a7d66c4 00000000 954b89d4 00000000 00e682ed 00000000 00e682ed 00000000 0000006a 00000000 00000000 00000000 0ace2821 00000000 00e68357 00000000 00000000 00000000 00000000 00000039 008b3199 00000001 00000000 00000001 00000000 00000000 00000000 00000000 00000000 00000000 00000000 00000000 00000000 00000000 00000000 00000000 00000000 00000000 00000000 00000000 f1b7a52a 00000001 954b89e3 00000000 00000000 00000000 00000000 00000000 00000101 00000081 00000000 00000000 00000000 00000000 00000000 00000000 00000000 00003333 00004ccd 00002667 00000001 00000000 01c9c380 0000027c
capture_snapshot GLI1 00010000 30000000 2500000 924 0 30000000 0 0 0 0 0 0 0 8a7d66c4 00000000 954e97f0 00000000 00e6c41a 00000000 00e6c41a 00000000 0000006a 00000000 00000000 00000000 0ad13644 00000000 00e6c484 00000000 00000000 00000000 00000000 00000039 008b3199 00000001 00000000 00000001 00000000 00000000 00000000 00000000 00000000 00000000 00000000 00000000 00000000 00000000 00000000 00000000 00000000 00000000 00000000 00000000 f1c1d434 00000001 954e9806 00000000 00000000 00000000 00000000 00000000 00000100 00000080 00000000 00000000 00000000 00000000 00000000 00000000 00000000 00003333 00004ccd 00002667 00000001 00000000 01c9c380 0000027c
capture_snapshot GLI1 00010000 30000000 2500000 925 0 30000000 0 0 0 0 0 0 0 8a7d66c4 00000000 9551892c 00000000 00e702df 00000000 00e702df 00000000 0000006a 00000000 00000000 00000000 0ad42779 00000000 00e70349 00000000 00000000 00000000 00000000 00000039 008b3199 00000001 00000000 00000001 00000000 00000000 00000000 00000000 00000000 00000000 00000000 00000000 00000000 00000000 00000000 00000000 00000000 00000000 00000000 00000000 f1cba2d3 00000001 9551893b 00000000 00000000 00000000 00000000 00000000 00000101 00000081 00000000 00000000 00000000 00000000 00000000 00000000 00000000 00003333 00004ccd 00002667 00000001 00000000 01c9c380 0000027c
capture_snapshot GLI1 00010000 30000000 2500000 926 0 30000000 0 0 0 0 0 0 0 8a7d66c4 00000000 9554898c 00000000 00e742e7 00000000 00e742e7 00000000 0000006a 00000000 00000000 00000000 0ad727dd 00000000 00e74351 00000000 00000000 00000000 00000000 00000039 008b3199 00000001 00000000 00000001 00000000 00000000 00000000 00000000 00000000 00000000 00000000 00000000 00000000 00000000 00000000 00000000 00000000 00000000 00000000 00000000 f1d5a40d 00000001 9554899f 00000000 00000000 00000000 00000000 00000000 00000101 00000081 00000000 00000000 00000000 00000000 00000000 00000000 00000000 00003333 00004ccd 00002667 00000001 00000000 01c9c380 0000027c
capture_snapshot GLI1 00010000 30000000 2500000 927 0 30000000 0 0 0 0 0 0 0 8a7d66c4 00000000 95578c80 00000000 00e78326 00000000 00e78326 00000000 0000006a 00000000 00000000 00000000 0ada2ad0 00000000 00e78390 00000000 00000000 00000000 00000000 00000039 008b3199 00000001 00000000 00000001 00000000 00000000 00000000 00000000 00000000 00000000 00000000 00000000 00000000 00000000 00000000 00000000 00000000 00000000 00000000 00000000 f1dfadce 00000001 95578c92 00000000 00000000 00000000 00000000 00000000 00000101 00000081 00000000 00000000 00000000 00000000 00000000 00000000 00000000 00003333 00004ccd 00002667 00000001 00000000 01c9c380 0000027c
capture_snapshot GLI1 00010000 30000000 2500000 928 0 30000000 0 0 0 0 0 0 0 8a7d66c4 00000000 955a8cec 00000000 00e7c32f 00000000 00e7c32f 00000000 0000006a 00000000 00000000 00000000 0add2b39 00000000 00e7c399 00000000 00000000 00000000 00000000 00000039 008b3199 00000001 00000000 00000001 00000000 00000000 00000000 00000000 00000000 00000000 00000000 00000000 00000000 00000000 00000000 00000000 00000000 00000000 00000000 00000000 f1e9af17 00000001 955a8cfb 00000000 00000000 00000000 00000000 00000000 00000100 00000080 00000000 00000000 00000000 00000000 00000000 00000000 00000000 00003333 00004ccd 00002667 00000001 00000000 01c9c380 0000027c
capture_snapshot GLI1 00010000 30000000 2500000 929 0 30000000 0 0 0 0 0 0 0 8a7d66c4 00000000 955d8848 00000000 00e802cc 00000000 00e802cc 00000000 0000006a 00000000 00000000 00000000 0ae0269c 00000000 00e80336 00000000 00000000 00000000 00000000 00000039 008b3199 00000001 00000000 00000001 00000000 00000000 00000000 00000000 00000000 00000000 00000000 00000000 00000000 00000000 00000000 00000000 00000000 00000000 00000000 00000000 f1f39fa3 00000001 955d885e 00000000 00000000 00000000 00000000 00000000 00000100 00000080 00000000 00000000 00000000 00000000 00000000 00000000 00000000 00003333 00004ccd 00002667 00000001 00000000 01c9c380 0000027c
capture_snapshot GLI1 00010000 30000000 2500000 930 0 30000000 0 0 0 0 0 0 0 8a7d66c4 00000000 956089c8 00000000 00e842ec 00000000 00e842ec 00000000 0000006a 00000000 00000000 00000000 0ae3281a 00000000 00e84356 00000000 00000000 00000000 00000000 00000039 008b3199 00000001 00000000 00000001 00000000 00000000 00000000 00000000 00000000 00000000 00000000 00000000 00000000 00000000 00000000 00000000 00000000 00000000 00000000 00000000 f1fda48a 00000001 956089dc 00000000 00000000 00000000 00000000 00000000 00000101 00000081 00000000 00000000 00000000 00000000 00000000 00000000 00000000 00003333 00004ccd 00002667 00000001 00000000 01c9c380 0000027c
capture_snapshot GLI1 00010000 30000000 2500000 931 0 30000000 0 0 0 0 0 0 0 8a7d66c4 00000000 95638a34 00000000 00e882f5 00000000 00e882f5 00000000 0000006a 00000000 00000000 00000000 0ae62886 00000000 00e8835f 00000000 00000000 00000000 00000000 00000039 008b3199 00000001 00000000 00000001 00000000 00000000 00000000 00000000 00000000 00000000 00000000 00000000 00000000 00000000 00000000 00000000 00000000 00000000 00000000 00000000 f207a5df 00000001 95638a48 00000000 00000000 00000000 00000000 00000000 00000101 00000081 00000000 00000000 00000000 00000000 00000000 00000000 00000000 00003333 00004ccd 00002667 00000001 00000000 01c9c380 0000027c
capture_snapshot GLI1 00010000 30000000 2500000 932 0 30000000 0 0 0 0 0 0 0 8a7d66c4 00000000 956689ec 00000000 00e8c2ef 00000000 00e8c2ef 00000000 0000006a 00000000 00000000 00000000 0ae9283c 00000000 00e8c359 00000000 00000000 00000000 00000000 00000039 008b3199 00000001 00000000 00000001 00000000 00000000 00000000 00000000 00000000 00000000 00000000 00000000 00000000 00000000 00000000 00000000 00000000 00000000 00000000 00000000 f211a4d3 00000001 956689fe 00000000 00000000 00000000 00000000 00000000 00000100 00000080 00000000 00000000 00000000 00000000 00000000 00000000 00000000 00003333 00004ccd 00002667 00000001 00000000 01c9c380 0000027c
capture_snapshot GLI1 00010000 30000000 2500000 933 0 30000000 0 0 0 0 0 0 0 8a7d66c4 00000000 9569913c 00000000 00e9038b 00000000 00e9038b 00000000 0000006a 00000000 00000000 00000000 0aec2f94 00000000 00e903f5 00000000 00000000 00000000 00000000 00000039 008b3199 00000001 00000000 00000001 00000000 00000000 00000000 00000000 00000000 00000000 00000000 00000000 00000000 00000000 00000000 00000000 00000000 00000000 00000000 00000000 f21bbd3b 00000001 95699156 00000000 00000000 00000000 00000000 00000000 00000101 00000080 00000000 00000000 00000000 00000000 00000000 00000000 00000000 00003333 00004ccd 00002667 00000001 00000000 01c9c380 0000027c
capture_snapshot GLI1 00010000 30000000 2500000 934 0 30000000 0 0 0 0 0 0 0 8a7d66c4 00000000 956c92f8 00000000 00e943b0 00000000 00e943b0 00000000 0000006a 00000000 00000000 00000000 0aef3145 00000000 00e9441a 00000000 00000000 00000000 00000000 00000039 008b3199 00000001 00000000 00000001 00000000 00000000 00000000 00000000 00000000 00000000 00000000 00000000 00000000 00000000 00000000 00000000 00000000 00000000 00000000 00000000 f225c2cd 00000001 956c9307 00000000 00000000 00000000 00000000 00000000 00000100 00000080 00000000 00000000 00000000 00000000 00000000 00000000 00000000 00003333 00004ccd 00002667 00000001 00000000 01c9c380 0000027c
capture_snapshot GLI1 00010000 30000000 2500000 935 0 30000000 0 0 0 0 0 0 0 8a7d66c4 00000000 956f9a48 00000000 00e9844c 00000000 00e9844c 00000000 0000006a 00000000 00000000 00000000 0af2389a 00000000 00e984b6 00000000 00000000 00000000 00000000 00000039 008b3199 00000001 00000000 00000001 00000000 00000000 00000000 00000000 00000000 00000000 00000000 00000000 00000000 00000000 00000000 00000000 00000000 00000000 00000000 00000000 f22fdb29 00000001 956f9a5c 00000000 00000000 00000000 00000000 00000000 00000101 00000081 00000000 00000000 00000000 00000000 00000000 00000000 00000000 00003333 00004ccd 00002667 00000001 00000000 01c9c380 0000027c
capture_snapshot GLI1 00010000 30000000 2500000 936 0 30000000 0 0 0 0 0 0 0 8a7d66c4 00000000 95729bd4 00000000 00e9c46d 00000000 00e9c46d 00000000 0000006a 00000000 00000000 00000000 0af53a21 00000000 00e9c4d7 00000000 00000000 00000000 00000000 00000039 008b3199 00000001 00000000 00000001 00000000 00000000 00000000 00000000 00000000 00000000 00000000 00000000 00000000 00000000 00000000 00000000 00000000 00000000 00000000 00000000 f239e02b 00000001 95729be3 00000000 00000000 00000000 00000000 00000000 00000100 00000080 00000000 00000000 00000000 00000000 00000000 00000000 00000000 00003333 00004ccd 00002667 00000001 00000000 01c9c380 0000027c
capture_snapshot GLI1 00010000 30000000 2500000 937 0 30000000 0 0 0 0 0 0 0 8a7d66c4 00000000 95758cc8 00000000 00ea032c 00000000 00ea032c 00000000 0000006a 00000000 00000000 00000000 0af82b15 00000000 00ea0396 00000000 00000000 00000000 00000000 00000039 008b3199 00000001 00000000 00000001 00000000 00000000 00000000 00000000 00000000 00000000 00000000 00000000 00000000 00000000 00000000 00000000 00000000 00000000 00000000 00000000 f243adf3 00000001 95758cd7 00000000 00000000 00000000 00000000 00000000 00000100 00000080 00000000 00000000 00000000 00000000 00000000 00000000 00000000 00003333 00004ccd 00002667 00000001 00000000 01c9c380 0000027c
capture_snapshot GLI1 00010000 30000000 2500000 938 0 30000000 0 0 0 0 0 0 0 8a7d66c4 00000000 95788c50 00000000 00ea4322 00000000 00ea4322 00000000 0000006a 00000000 00000000 00000000 0afb2aa0 00000000 00ea438c 00000000 00000000 00000000 00000000 00000039 008b3199 00000001 00000000 00000001 00000000 00000000 00000000 00000000 00000000 00000000 00000000 00000000 00000000 00000000 00000000 00000000 00000000 00000000 00000000 00000000 f24dac59 00000001 95788c62 00000000 00000000 00000000 00000000 00000000 00000100 00000080 00000000 00000000 00000000 00000000 00000000 00000000 00000000 00003333 00004ccd 00002667 00000001 00000000 01c9c380 0000027c
capture_snapshot GLI1 00010000 30000000 2500000 939 0 30000000 0 0 0 0 0 0 0 8a7d66c4 00000000 957b8a10 00000000 00ea82f2 00000000 00ea82f2 00000000 0000006a 00000000 00000000 00000000 0afe285f 00000000 00ea835c 00000000 00000000 00000000 00000000 00000039 008b3199 00000001 00000000 00000001 00000000 00000000 00000000 00000000 00000000 00000000 00000000 00000000 00000000 00000000 00000000 00000000 00000000 00000000 00000000 00000000 f257a4c0 00000001 957b8a21 00000000 00000000 00000000 00000000 00000000 00000101 00000080 00000000 00000000 00000000 00000000 00000000 00000000 00000000 00003333 00004ccd 00002667 00000001 00000000 01c9c380 0000027c
capture_snapshot GLI1 00010000 30000000 2500000 940 0 30000000 0 0 0 0 0 0 0 8a7d66c4 00000000 957e80e0 00000000 00eac22e 00000000 00eac22e 00000000 0000006a 00000000 00000000 00000000 0b011f2e 00000000 00eac298 00000000 00000000 00000000 00000000 00000039 008b3199 00000001 00000000 00000001 00000000 00000000 00000000 00000000 00000000 00000000 00000000 00000000 00000000 00000000 00000000 00000000 00000000 00000000 00000000 00000000 f261860b 00000001 957e80f0 00000000 00000000 00000000 00000000 00000000 00000101 00000081 00000000 00000000 00000000 00000000 00000000 00000000 00000000 00003333 00004ccd 00002667 00000001 00000000 01c9c380 0000027c
capture_snapshot GLI1 00010000 30000000 2500000 941 0 30000000 0 0 0 0 0 0 0 8a7d66c4 00000000 95817be8 00000000 00eb01c4 00000000 00eb01c4 00000000 0000006a 00000000 00000000 00000000 0b041a3b 00000000 00eb022e 00000000 00000000 00000000 00000000 00000039 008b3199 00000001 00000000 00000001 00000000 00000000 00000000 00000000 00000000 00000000 00000000 00000000 00000000 00000000 00000000 00000000 00000000 00000000 00000000 00000000 f26b7577 00000001 95817bfd 00000000 00000000 00000000 00000000 00000000 00000101 00000080 00000000 00000000 00000000 00000000 00000000 00000000 00000000 00003333 00004ccd 00002667 00000001 00000000 01c9c380 0000027c
capture_snapshot GLI1 00010000 30000000 2500000 942 0 30000000 0 0 0 0 0 0 0 8a7d66c4 00000000 95847bf4 00000000 00eb41c5 00000000 00eb41c5 00000000 0000006a 00000000 00000000 00000000 0b071a44 00000000 00eb422f 00000000 00000000 00000000 00000000 00000039 008b3199 00000001 00000000 00000001 00000000 00000000 00000000 00000000 00000000 00000000 00000000 00000000 00000000 00000000 00000000 00000000 00000000 00000000 00000000 00000000 f2757583 00000001 95847c06 00000000 00000000 00000000 00000000 00000000 00000100 00000080 00000000 00000000 00000000 00000000 00000000 00000000 00000000 00003333 00004ccd 00002667 00000001 00000000 01c9c380 0000027c
capture_snapshot GLI1 00010000 30000000 2500000 943 0 30000000 0 0 0 0 0 0 0 8a7d66c4 00000000 95877e7c 00000000 00eb81fb 00000000 00eb81fb 00000000 0000006a 00000000 00000000 00000000 0b0a1cc9 00000000 00eb8265 00000000 00000000 00000000 00000000 00000039 008b3199 00000001 00000000 00000001 00000000 00000000 00000000 00000000 00000000 00000000 00000000 00000000 00000000 00000000 00000000 00000000 00000000 00000000 00000000 00000000 f27f7dd6 00000001 95877e8b 00000000 00000000 00000000 00000000 00000000 00000100 00000080 00000000 00000000 00000000 00000000 00000000 00000000 00000000 00003333 00004ccd 00002667 00000001 00000000 01c9c380 0000027c
capture_snapshot GLI1 00010000 30000000 2500000 944 0 30000000 0 0 0 0 0 0 0 8a7d66c4 00000000 958a79fc 00000000 00ebc19b 00000000 00ebc19b 00000000 0000006a 00000000 00000000 00000000 0b0d1853 00000000 00ebc205 00000000 00000000 00000000 00000000 00000039 008b3199 00000001 00000000 00000001 00000000 00000000 00000000 00000000 00000000 00000000 00000000 00000000 00000000 00000000 00000000 00000000 00000000 00000000 00000000 00000000 f2896ee1 00000001 958a7a15 00000000 00000000 00000000 00000000 00000000 00000100 00000080 00000000 00000000 00000000 00000000 00000000 00000000 00000000 00003333 00004ccd 00002667 00000001 00000000 01c9c380 0000027c
capture_snapshot GLI1 00010000 30000000 2500000 945 0 30000000 0 0 0 0 0 0 0 8a7d66c4 00000000 958d7900 00000000 00ec0186 00000000 00ec0186 00000000 0000006a 00000000 00000000 00000000 0b101751 00000000 00ec01f0 00000000 00000000 00000000 00000000 00000039 008b3199 00000001 00000000 00000001 00000000 00000000 00000000 00000000 00000000 00000000 00000000 00000000 00000000 00000000 00000000 00000000 00000000 00000000 00000000 00000000 f2936b73 00000001 958d7913 00000000 00000000 00000000 00000000 00000000 00000101 00000081 00000000 00000000 00000000 00000000 00000000 00000000 00000000 00003333 00004ccd 00002667 00000001 00000000 01c9c380 0000027c
capture_snapshot GLI1 00010000 30000000 2500000 946 0 30000000 0 0 0 0 0 0 0 8a7d66c4 00000000 95907924 00000000 00ec4189 00000000 00ec4189 00000000 0000006a 00000000 00000000 00000000 0b131772 00000000 00ec41f3 00000000 00000000 00000000 00000000 00000039 008b3199 00000001 00000000 00000001 00000000 00000000 00000000 00000000 00000000 00000000 00000000 00000000 00000000 00000000 00000000 00000000 00000000 00000000 00000000 00000000 f29d6bcf 00000001 95907934 00000000 00000000 00000000 00000000 00000000 00000100 00000080 00000000 00000000 00000000 00000000 00000000 00000000 00000000 00003333 00004ccd 00002667 00000001 00000000 01c9c380 0000027c
capture_snapshot GLI1 00010000 30000000 2500000 947 0 30000000 0 0 0 0 0 0 0 8a7d66c4 00000000 95937900 00000000 00ec8186 00000000 00ec8186 00000000 0000006a 00000000 00000000 00000000 0b161751 00000000 00ec81f0 00000000 00000000 00000000 00000000 00000039 008b3199 00000001 00000000 00000001 00000000 00000000 00000000 00000000 00000000 00000000 00000000 00000000 00000000 00000000 00000000 00000000 00000000 00000000 00000000 00000000 f2a76b4b 00000001 95937913 00000000 00000000 00000000 00000000 00000000 00000101 00000080 00000000 00000000 00000000 00000000 00000000 00000000 00000000 00003333 00004ccd 00002667 00000001 00000000 01c9c380 0000027c
capture_snapshot GLI1 00010000 30000000 2500000 948 0 30000000 0 0 0 0 0 0 0 8a7d66c4 00000000 95967978 00000000 00ecc190 00000000 00ecc190 00000000 0000006a 00000000 00000000 00000000 0b1917cf 00000000 00ecc1fa 00000000 00000000 00000000 00000000 00000039 008b3199 00000001 00000000 00000001 00000000 00000000 00000000 00000000 00000000 00000000 00000000 00000000 00000000 00000000 00000000 00000000 00000000 00000000 00000000 00000000 f2b16cdc 00000001 95967991 00000000 00000000 00000000 00000000 00000000 00000101 00000080 00000000 00000000 00000000 00000000 00000000 00000000 00000000 00003333 00004ccd 00002667 00000001 00000000 01c9c380 0000027c
capture_snapshot GLI1 00010000 30000000 2500000 949 0 30000000 0 0 0 0 0 0 0 8a7d66c4 00000000 959978e8 00000000 00ed0184 00000000 00ed0184 00000000 0000006a 00000000 00000000 00000000 0b1c1735 00000000 00ed01ee 00000000 00000000 00000000 00000000 00000039 008b3199 00000001 00000000 00000001 00000000 00000000 00000000 00000000 00000000 00000000 00000000 00000000 00000000 00000000 00000000 00000000 00000000 00000000 00000000 00000000 f2bb6ac6 00000001 959978f7 00000000 00000000 00000000 00000000 00000000 00000100 00000080 00000000 00000000 00000000 00000000 00000000 00000000 00000000 00003333 00004ccd 00002667 00000001 00000000 01c9c380 0000027c
capture_snapshot GLI1 00010000 30000000 2500000 950 0 30000000 0 0 0 0 0 0 0 8a7d66c4 00000000 959c79a8 00000000 00ed4194 00000000 00ed4194 00000000 0000006a 00000000 00000000 00000000 0b1f17f9 00000000 00ed41fe 00000000 00000000 00000000 00000000 00000039 008b3199 00000001 00000000 00000001 00000000 00000000 00000000 00000000 00000000 00000000 00000000 00000000 00000000 00000000 00000000 00000000 00000000 00000000 00000000 00000000 f2c56d41 00000001 959c79bb 00000000 00000000 00000000 00000000 00000000 00000101 00000080 00000000 00000000 00000000 00000000 00000000 00000000 00000000 00003333 00004ccd 00002667 00000001 00000000 01c9c380 0000027c
capture_snapshot GLI1 00010000 30000000 2500000 951 0 30000000 0 0 0 0 0 0 0 8a7d66c4 00000000 959f79b4 00000000 00ed8195 00000000 00ed8195 00000000 0000006a 00000000 00000000 00000000 0b221802 00000000 00ed81ff 00000000 00000000 00000000 00000000 00000039 008b3199 00000001 00000000 00000001 00000000 00000000 00000000 00000000 00000000 00000000 00000000 00000000 00000000 00000000 00000000 00000000 00000000 00000000 00000000 00000000 f2cf6d4b 00000001 959f79c4 00000000 00000000 00000000 00000000 00000000 00000101 00000080 00000000 00000000 00000000 00000000 00000000 00000000 00000000 00003333 00004ccd 00002667 00000001 00000000 01c9c380 0000027c
capture_snapshot GLI1 00010000 30000000 2500000 952 0 30000000 0 0 0 0 0 0 0 8a7d66c4 00000000 95a2790c 00000000 00edc187 00000000 00edc187 00000000 0000006a 00000000 00000000 00000000 0b251759 00000000 00edc1f1 00000000 00000000 00000000 00000000 00000039 008b3199 00000001 00000000 00000001 00000000 00000000 00000000 00000000 00000000 00000000 00000000 00000000 00000000 00000000 00000000 00000000 00000000 00000000 00000000 00000000 f2d96b07 00000001 95a2791b 00000000 00000000 00000000 00000000 00000000 00000100 00000080 00000000 00000000 00000000 00000000 00000000 00000000 00000000 00003333 00004ccd 00002667 00000001 00000000 01c9c380 0000027c
capture_snapshot GLI1 00010000 30000000 2500000 953 0 30000000 0 0 0 0 0 0 0 8a7d66c4 00000000 95a5781c 00000000 00ee0173 00000000 00ee0173 00000000 0000006a 00000000 00000000 00000000 0b28166f 00000000 00ee01dd 00000000 00000000 00000000 00000000 00000039 008b3199 00000001 00000000 00000001 00000000 00000000 00000000 00000000 00000000 00000000 00000000 00000000 00000000 00000000 00000000 00000000 00000000 00000000 00000000 00000000 f2e367e7 00000001 95a57831 00000000 00000000 00000000 00000000 00000000 00000100 00000080 00000000 00000000 00000000 00000000 00000000 00000000 00000000 00003333 00004ccd 00002667 00000001 00000000 01c9c380 0000027c
capture_snapshot GLI1 00010000 30000000 2500000 954 0 30000000 0 0 0 0 0 0 0 8a7d66c4 00000000 95a8796c 00000000 00ee418f 00000000 00ee418f 00000000 0000006a 00000000 00000000 00000000 0b2b17bd 00000000 00ee41f9 00000000 00000000 00000000 00000000 00000039 008b3199 00000001 00000000 00000001 00000000 00000000 00000000 00000000 00000000 00000000 00000000 00000000 00000000 00000000 00000000 00000000 00000000 00000000 00000000 00000000 f2ed6c2a 00000001 95a8797f 00000000 00000000 00000000 00000000 00000000 00000100 00000080 00000000 00000000 00000000 00000000 00000000 00000000 00000000 00003333 00004ccd 00002667 00000001 00000000 01c9c380 0000027c
capture_snapshot GLI1 00010000 30000000 2500000 955 0 30000000 0 0 0 0 0 0 0 8a7d66c4 00000000 95ab7960 00000000 00ee818e 00000000 00ee818e 00000000 0000006a 00000000 00000000 00000000 0b2e17b8 00000000 00ee81f8 00000000 00000000 00000000 00000000 00000039 008b3199 00000001 00000000 00000001 00000000 00000000 00000000 00000000 00000000 00000000 00000000 00000000 00000000 00000000 00000000 00000000 00000000 00000000 00000000 00000000 f2f76c07 00000001 95ab797a 00000000 00000000 00000000 00000000 00000000 00000101 00000081 00000000 00000000 00000000 00000000 00000000 00000000 00000000 00003333 00004ccd 00002667 00000001 00000000 01c9c380 0000027c
capture_snapshot GLI1 00010000 30000000 2500000 956 0 30000000 0 0 0 0 0 0 0 8a7d66c4 00000000 95ae787c 00000000 00eec17b 00000000 00eec17b 00000000 0000006a 00000000 00000000 00000000 0b3116cb 00000000 00eec1e5 00000000 00000000 00000000 00000000 00000039 008b3199 00000001 00000000 00000001 00000000 00000000 00000000 00000000 00000000 00000000 00000000 00000000 00000000 00000000 00000000 00000000 00000000 00000000 00000000 00000000 f30168df 00000001 95ae788d 00000000 00000000 00000000 00000000 00000000 00000100 00000080 00000000 00000000 00000000 00000000 00000000 00000000 00000000 00003333 00004ccd 00002667 00000001 00000000 01c9c380 0000027c
capture_snapshot GLI1 00010000 30000000 2500000 957 0 30000000 0 0 0 0 0 0 0 8a7d66c4 00000000 95b1796c 00000000 00ef018f 00000000 00ef018f 00000000 0000006a 00000000 00000000 00000000 0b3417bb 00000000 00ef01f9 00000000 00000000 00000000 00000000 00000039 008b3199 00000001 00000000 00000001 00000000 00000000 00000000 00000000 00000000 00000000 00000000 00000000 00000000 00000000 00000000 00000000 00000000 00000000 00000000 00000000 f30b6beb 00000001 95b1797d 00000000 00000000 00000000 00000000 00000000 00000101 00000080 00000000 00000000 00000000 00000000 00000000 00000000 00000000 00003333 00004ccd 00002667 00000001 00000000 01c9c380 0000027c
capture_snapshot GLI1 00010000 30000000 2500000 958 0 30000000 0 0 0 0 0 0 0 8a7d66c4 00000000 95b4793c 00000000 00ef418b 00000000 00ef418b 00000000 0000006a 00000000 00000000 00000000 0b371794 00000000 00ef41f5 00000000 00000000 00000000 00000000 00000039 008b3199 00000001 00000000 00000001 00000000 00000000 00000000 00000000 00000000 00000000 00000000 00000000 00000000 00000000 00000000 00000000 00000000 00000000 00000000 00000000 f3156b55 00000001 95b47956 00000000 00000000 00000000 00000000 00000000 00000101 00000081 00000000 00000000 00000000 00000000 00000000 00000000 00000000 00003333 00004ccd 00002667 00000001 00000000 01c9c380 0000027c
capture_snapshot GLI1 00010000 30000000 2500000 959 0 30000000 0 0 0 0 0 0 0 8a7d66c4 00000000 95b778b8 00000000 00ef8180 00000000 00ef8180 00000000 0000006a 00000000 00000000 00000000 0b3a1708 00000000 00ef81ea 00000000 00000000 00000000 00000000 00000039 008b3199 00000001 00000000 00000001 00000000 00000000 00000000 00000000 00000000 00000000 00000000 00000000 00000000 00000000 00000000 00000000 00000000 00000000 00000000 00000000 f31f696d 00000001 95b778ca 00000000 00000000 00000000 00000000 00000000 00000100 00000080 00000000 00000000 00000000 00000000 00000000 00000000 00000000 00003333 00004ccd 00002667 00000001 00000000 01c9c380 0000027c
capture_snapshot GLI1 00010000 30000000 2500000 960 0 30000000 0 0 0 0 0 0 0 8a7d66c4 00000000 95ba78c4 00000000 00efc181 00000000 00efc180 00000000 0000006a 00000000 00000000 00000000 0b3d1710 00000000 00efc1eb 00000000 00000000 00000000 00000000 0000003b 008b3199 00000001 00000001 00000001 00000000 00000000 00000000 00000000 00000000 00000000 00000000 00000000 00000000 00000000 00000000 00000000 00000000 00000000 00000000 00000000 f3296977 00000001 95ba78d2 00000000 00000000 00000000 00000000 00000000 00000100 00000080 00000000 00000000 00000000 00000000 00000000 00000000 00000000 00003333 00004ccd 00002667 00000001 00000000 01c9c380 0000027c
capture_snapshot GLI1 00010000 30000000 2500000 961 0 30000000 0 0 0 0 0 0 0 8a7d66c4 00000000 95bd7954 00000000 00f0018d 00000000 00f0018d 00000000 0000006a 00000000 00000000 00000000 0b4017a1 00000000 00f001f7 00000000 00000000 00000000 00000000 00000039 008b3199 00000001 00000000 00000001 00000000 00000000 00000000 00000000 00000000 00000000 00000000 00000000 00000000 00000000 00000000 00000000 00000000 00000000 00000000 00000000 f3336b46 00000001 95bd7963 00000000 00000000 00000000 00000000 00000000 00000101 00000081 00000000 00000000 00000000 00000000 00000000 00000000 00000000 00003333 00004ccd 00002667 00000001 00000000 01c9c380 0000027c
capture_snapshot GLI1 00010000 30000000 2500000 962 0 30000000 0 0 0 0 0 0 0 8a7d66c4 00000000 95c078c4 00000000 00f04181 00000000 00f04181 00000000 0000006a 00000000 00000000 00000000 0b431718 00000000 00f041eb 00000000 00000000 00000000 00000000 00000039 008b3199 00000001 00000000 00000001 00000000 00000000 00000000 00000000 00000000 00000000 00000000 00000000 00000000 00000000 00000000 00000000 00000000 00000000 00000000 00000000 f33d696a 00000001 95c078da 00000000 00000000 00000000 00000000 00000000 00000101 00000080 00000000 00000000 00000000 00000000 00000000 00000000 00000000 00003333 00004ccd 00002667 00000001 00000000 01c9c380 0000027c
capture_snapshot GLI1 00010000 30000000 2500000 963 0 30000000 0 0 0 0 0 0 0 8a7d66c4 00000000 95c378f4 00000000 00f08185 00000000 00f08185 00000000 0000006a 00000000 00000000 00000000 0b461741 00000000 00f081ef 00000000 00000000 00000000 00000000 00000039 008b3199 00000001 00000000 00000001 00000000 00000000 00000000 00000000 00000000 00000000 00000000 00000000 00000000 00000000 00000000 00000000 00000000 00000000 00000000 00000000 f34769de 00000001 95c37903 00000000 00000000 00000000 00000000 00000000 00000101 00000080 00000000 00000000 00000000 00000000 00000000 00000000 00000000 00003333 00004ccd 00002667 00000001 00000000 01c9c380 0000027c
capture_snapshot GLI1 00010000 30000000 2500000 964 0 30000000 0 0 0 0 0 0 0 8a7d66c4 00000000 95c67de0 00000000 00f0c1ee 00000000 00f0c1ee 00000000 0000006a 00000000 00000000 00000000 0b491c31 00000000 00f0c258 00000000 00000000 00000000 00000000 00000039 008b3199 00000001 00000000 00000001 00000000 00000000 00000000 00000000 00000000 00000000 00000000 00000000 00000000 00000000 00000000 00000000 00000000 00000000 00000000 00000000 f3517a3f 00000001 95c67df3 00000000 00000000 00000000 00000000 00000000 00000100 00000080 00000000 00000000 00000000 00000000 00000000 00000000 00000000 00003333 00004ccd 00002667 00000001 00000000 01c9c380 0000027c
capture_snapshot GLI1 00010000 30000000 2500000 965 0 30000000 0 0 0 0 0 0 0 8a7d66c4 00000000 95c9793c 00000000 00f1018b 00000000 00f1018b 00000000 0000006a 00000000 00000000 00000000 0b4c1790 00000000 00f101f5 00000000 00000000 00000000 00000000 00000039 008b3199 00000001 00000000 00000001 00000000 00000000 00000000 00000000 00000000 00000000 00000000 00000000 00000000 00000000 00000000 00000000 00000000 00000000 00000000 00000000 f35b6abe 00000001 95c97952 00000000 00000000 00000000 00000000 00000000 00000101 00000080 00000000 00000000 00000000 00000000 00000000 00000000 00000000 00003333 00004ccd 00002667 00000001 00000000 01c9c380 0000027c
capture_snapshot GLI1 00010000 30000000 2500000 966 0 30000000 0 0 0 0 0 0 0 8a7d66c4 00000000 95cc7960 00000000 00f1418e 00000000 00f1418e 00000000 0000006a 00000000 00000000 00000000 0b4f17b5 00000000 00f141f8 00000000 00000000 00000000 00000000 00000039 008b3199 00000001 00000000 00000001 00000000 00000000 00000000 00000000 00000000 00000000 00000000 00000000 00000000 00000000 00000000 00000000 00000000 00000000 00000000 00000000 f3656b28 00000001 95cc7977 00000000 00000000 00000000 00000000 00000000 00000100 00000080 00000000 00000000 00000000 00000000 00000000 00000000 00000000 00003333 00004ccd 00002667 00000001 00000000 01c9c380 0000027c
capture_snapshot GLI1 00010000 30000000 2500000 967 0 30000000 0 0 0 0 0 0 0 8a7d66c4 00000000 95cf784c 00000000 00f18177 00000000 00f18177 00000000 0000006a 00000000 00000000 00000000 0b521699 00000000 00f181e1 00000000 00000000 00000000 00000000 00000039 008b3199 00000001 00000000 00000001 00000000 00000000 00000000 00000000 00000000 00000000 00000000 00000000 00000000 00000000 00000000 00000000 00000000 00000000 00000000 00000000 f36f675f 00000001 95cf785b 00000000 00000000 00000000 00000000 00000000 00000100 00000080 00000000 00000000 00000000 00000000 00000000 00000000 00000000 00003333 00004ccd 00002667 00000001 00000000 01c9c380 0000027c
capture_snapshot GLI1 00010000 30000000 2500000 968 0 30000000 0 0 0 0 0 0 0 8a7d66c4 00000000 95d27864 00000000 00f1c179 00000000 00f1c179 00000000 0000006a 00000000 00000000 00000000 0b5516b8 00000000 00f1c1e3 00000000 00000000 00000000 00000000 00000039 008b3199 00000001 00000000 00000001 00000000 00000000 00000000 00000000 00000000 00000000 00000000 00000000 00000000 00000000 00000000 00000000 00000000 00000000 00000000 00000000 f37967b4 00000001 95d2787a 00000000 00000000 00000000 00000000 00000000 00000101 00000081 00000000 00000000 00000000 00000000 00000000 00000000 00000000 00003333 00004ccd 00002667 00000001 00000000 01c9c380 0000027c
capture_snapshot GLI1 00010000 30000000 2500000 969 0 30000000 0 0 0 0 0 0 0 8a7d66c4 00000000 95d57894 00000000 00f2017d 00000000 00f2017d 00000000 0000006a 00000000 00000000 00000000 0b5816e6 00000000 00f201e7 00000000 00000000 00000000 00000000 00000039 008b3199 00000001 00000000 00000001 00000000 00000000 00000000 00000000 00000000 00000000 00000000 00000000 00000000 00000000 00000000 00000000 00000000 00000000 00000000 00000000 f383683b 00000001 95d578a8 00000000 00000000 00000000 00000000 00000000 00000101 00000081 00000000 00000000 00000000 00000000 00000000 00000000 00000000 00003333 00004ccd 00002667 00000001 00000000 01c9c380 0000027c
capture_snapshot GLI1 00010000 30000000 2500000 970 0 30000000 0 0 0 0 0 0 0 8a7d66c4 00000000 95d878c4 00000000 00f24181 00000000 00f24181 00000000 0000006a 00000000 00000000 00000000 0b5b1712 00000000 00f241eb 00000000 00000000 00000000 00000000 00000039 008b3199 00000001 00000000 00000001 00000000 00000000 00000000 00000000 00000000 00000000 00000000 00000000 00000000 00000000 00000000 00000000 00000000 00000000 00000000 00000000 f38d68ba 00000001 95d878d4 00000000 00000000 00000000 00000000 00000000 00000101 00000081 00000000 00000000 00000000 00000000 00000000 00000000 00000000 00003333 00004ccd 00002667 00000001 00000000 01c9c380 0000027c
capture_snapshot GLI1 00010000 30000000 2500000 971 0 30000000 0 0 0 0 0 0 0 8a7d66c4 00000000 95db7960 00000000 00f2818e 00000000 00f2818e 00000000 0000006a 00000000 00000000 00000000 0b5e17b8 00000000 00f281f8 00000000 00000000 00000000 00000000 00000039 008b3199 00000001 00000000 00000001 00000000 00000000 00000000 00000000 00000000 00000000 00000000 00000000 00000000 00000000 00000000 00000000 00000000 00000000 00000000 00000000 f3976acf 00000001 95db797a 00000000 00000000 00000000 00000000 00000000 00000101 00000081 00000000 00000000 00000000 00000000 00000000 00000000 00000000 00003333 00004ccd 00002667 00000001 00000000 01c9c380 0000027c
capture_snapshot GLI1 00010000 30000000 2500000 972 0 30000000 0 0 0 0 0 0 0 8a7d66c4 00000000 95de7948 00000000 00f2c18c 00000000 00f2c18c 00000000 0000006a 00000000 00000000 00000000 0b611796 00000000 00f2c1f6 00000000 00000000 00000000 00000000 00000039 008b3199 00000001 00000000 00000001 00000000 00000000 00000000 00000000 00000000 00000000 00000000 00000000 00000000 00000000 00000000 00000000 00000000 00000000 00000000 00000000 f3a16a4b 00000001 95de7958 00000000 00000000 00000000 00000000 00000000 00000101 00000081 00000000 00000000 00000000 00000000 00000000 00000000 00000000 00003333 00004ccd 00002667 00000001 00000000 01c9c380 0000027c
capture_snapshot GLI1 00010000 30000000 2500000 973 0 30000000 0 0 0 0 0 0 0 8a7d66c4 00000000 95e17924 00000000 00f30189 00000000 00f30189 00000000 0000006a 00000000 00000000 00000000 0b641774 00000000 00f301f3 00000000 00000000 00000000 00000000 00000039 008b3199 00000001 00000000 00000001 00000000 00000000 00000000 00000000 00000000 00000000 00000000 00000000 00000000 00000000 00000000 00000000 00000000 00000000 00000000 00000000 f3ab69c4 00000001 95e17936 00000000 00000000 00000000 00000000 00000000 00000100 00000080 00000000 00000000 00000000 00000000 00000000 00000000 00000000 00003333 00004ccd 00002667 00000001 00000000 01c9c380 0000027c
capture_snapshot GLI1 00010000 30000000 2500000 974 0 30000000 0 0 0 0 0 0 0 8a7d66c4 00000000 95e47a38 00000000 00f341a0 00000000 00f341a0 00000000 0000006a 00000000 00000000 00000000 0b67188c 00000000 00f3420a 00000000 00000000 00000000 00000000 00000039 008b3199 00000001 00000000 00000001 00000000 00000000 00000000 00000000 00000000 00000000 00000000 00000000 00000000 00000000 00000000 00000000 00000000 00000000 00000000 00000000 f3b56d57 00000001 95e47a4e 00000000 00000000 00000000 00000000 00000000 00000101 00000081 00000000 00000000 00000000 00000000 00000000 00000000 00000000 00003333 00004ccd 00002667 00000001 00000000 01c9c380 0000027c
capture_snapshot GLI1 00010000 30000000 2500000 975 0 30000000 0 0 0 0 0 0 0 8a7d66c4 00000000 95e77984 00000000 00f38191 00000000 00f38191 00000000 0000006a 00000000 00000000 00000000 0b6a17d6 00000000 00f381fb 00000000 00000000 00000000 00000000 00000039 008b3199 00000001 00000000 00000001 00000000 00000000 00000000 00000000 00000000 00000000 00000000 00000000 00000000 00000000 00000000 00000000 00000000 00000000 00000000 00000000 f3bf6ae7 00000001 95e77998 00000000 00000000 00000000 00000000 00000000 00000100 00000080 00000000 00000000 00000000 00000000 00000000 00000000 00000000 00003333 00004ccd 00002667 00000001 00000000 01c9c380 0000027c
capture_snapshot GLI1 00010000 30000000 2500000 976 0 30000000 0 0 0 0 0 0 0 8a7d66c4 00000000 95ea7948 00000000 00f3c18c 00000000 00f3c18c 00000000 0000006a 00000000 00000000 00000000 0b6d1796 00000000 00f3c1f6 00000000 00000000 00000000 00000000 00000039 008b3199 00000001 00000000 00000001 00000000 00000000 00000000 00000000 00000000 00000000 00000000 00000000 00000000 00000000 00000000 00000000 00000000 00000000 00000000 00000000 f3c969fc 00000001 95ea7958 00000000 00000000 00000000 00000000 00000000 00000101 00000081 00000000 00000000 00000000 00000000 00000000 00000000 00000000 00003333 00004ccd 00002667 00000001 00000000 01c9c380 0000027c
capture_snapshot GLI1 00010000 30000000 2500000 977 0 30000000 0 0 0 0 0 0 0 8a7d66c4 00000000 95ed799c 00000000 00f40193 00000000 00f40193 00000000 0000006a 00000000 00000000 00000000 0b7017ee 00000000 00f401fd 00000000 00000000 00000000 00000000 00000039 008b3199 00000001 00000000 00000001 00000000 00000000 00000000 00000000 00000000 00000000 00000000 00000000 00000000 00000000 00000000 00000000 00000000 00000000 00000000 00000000 f3d36b10 00000001 95ed79b0 00000000 00000000 00000000 00000000 00000000 00000100 00000080 00000000 00000000 00000000 00000000 00000000 00000000 00000000 00003333 00004ccd 00002667 00000001 00000000 01c9c380 0000027c
capture_snapshot GLI1 00010000 30000000 2500000 978 0 30000000 0 0 0 0 0 0 0 8a7d66c4 00000000 95f07900 00000000 00f44186 00000000 00f44186 00000000 0000006a 00000000 00000000 00000000 0b73174e 00000000 00f441f0 00000000 00000000 00000000 00000000 00000039 008b3199 00000001 00000000 00000001 00000000 00000000 00000000 00000000 00000000 00000000 00000000 00000000 00000000 00000000 00000000 00000000 00000000 00000000 00000000 00000000 f3dd68e6 00000001 95f07910 00000000 00000000 00000000 00000000 00000000 00000101 00000081 00000000 00000000 00000000 00000000 00000000 00000000 00000000 00003333 00004ccd 00002667 00000001 00000000 01c9c380 0000027c
capture_snapshot GLI1 00010000 30000000 2500000 979 0 30000000 0 0 0 0 0 0 0 8a7d66c4 00000000 95f3790c 00000000 00f48187 00000000 00f48187 00000000 0000006a 00000000 00000000 00000000 0b76175e 00000000 00f481f1 00000000 00000000 00000000 00000000 00000039 008b3199 00000001 00000000 00000001 00000000 00000000 00000000 00000000 00000000 00000000 00000000 00000000 00000000 00000000 00000000 00000000 00000000 00000000 00000000 00000000 f3e76908 00000001 95f37920 00000000 00000000 00000000 00000000 00000000 00000101 00000081 00000000 00000000 00000000 00000000 00000000 00000000 00000000 00003333 00004ccd 00002667 00000001 00000000 01c9c380 0000027c
capture_snapshot GLI1 00010000 30000000 2500000 980 0 30000000 0 0 0 0 0 0 0 8a7d66c4 00000000 95f67978 00000000 00f4c190 00000000 00f4c190 00000000 0000006a 00000000 00000000 00000000 0b7917c5 00000000 00f4c1fa 00000000 00000000 00000000 00000000 00000039 008b3199 00000001 00000000 00000001 00000000 00000000 00000000 00000000 00000000 00000000 00000000 00000000 00000000 00000000 00000000 00000000 00000000 00000000 00000000 00000000 f3f16a4b 00000001 95f67987 00000000 00000000 00000000 00000000 00000000 00000101 00000081 00000000 00000000 00000000 00000000 00000000 00000000 00000000 00003333 00004ccd 00002667 00000001 00000000 01c9c380 0000027c
capture_snapshot GLI1 00010000 30000000 2500000 981 0 30000000 0 0 0 0 0 0 0 8a7d66c4 00000000 95f9793c 00000000 00f5018b 00000000 00f5018b 00000000 0000006a 00000000 00000000 00000000 0b7c178c 00000000 00f501f5 00000000 00000000 00000000 00000000 00000039 008b3199 00000001 00000000 00000001 00000000 00000000 00000000 00000000 00000000 00000000 00000000 00000000 00000000 00000000 00000000 00000000 00000000 00000000 00000000 00000000 f3fb697a 00000001 95f9794e 00000000 00000000 00000000 00000000 00000000 00000101 00000081 00000000 00000000 00000000 00000000 00000000 00000000 00000000 00003333 00004ccd 00002667 00000001 00000000 01c9c380 0000027c
capture_snapshot GLI1 00010000 30000000 2500000 982 0 30000000 0 0 0 0 0 0 0 8a7d66c4 00000000 95fc79a8 00000000 00f54194 00000000 00f54194 00000000 0000006a 00000000 00000000 00000000 0b7f17f6 00000000 00f541fe 00000000 00000000 00000000 00000000 00000039 008b3199 00000001 00000000 00000001 00000000 00000000 00000000 00000000 00000000 00000000 00000000 00000000 00000000 00000000 00000000 00000000 00000000 00000000 00000000 00000000 f4056ac8 00000001 95fc79b8 00000000 00000000 00000000 00000000 00000000 00000101 00000081 00000000 00000000 00000000 00000000 00000000 00000000 00000000 00003333 00004ccd 00002667 00000001 00000000 01c9c380 0000027c
capture_snapshot GLI1 00010000 30000000 2500000 983 0 30000000 0 0 0 0 0 0 0 8a7d66c4 00000000 95ff7984 00000000 00f58191 00000000 00f58191 00000000 0000006a 00000000 00000000 00000000 0b8217d9 00000000 00f581fb 00000000 00000000 00000000 00000000 00000039 008b3199 00000001 00000000 00000001 00000000 00000000 00000000 00000000 00000000 00000000 00000000 00000000 00000000 00000000 00000000 00000000 00000000 00000000 00000000 00000000 f40f6a54 00000001 95ff799b 00000000 00000000 00000000 00000000 00000000 00000101 00000081 00000000 00000000 00000000 00000000 00000000 00000000 00000000 00003333 00004ccd 00002667 00000001 00000000 01c9c380 0000027c
capture_snapshot GLI1 00010000 30000000 2500000 984 0 30000000 0 0 0 0 0 0 0 8a7d66c4 00000000 96027954 00000000 00f5c18d 00000000 00f5c18d 00000000 0000006a 00000000 00000000 00000000 0b8517a6 00000000 00f5c1f7 00000000 00000000 00000000 00000000 00000039 008b3199 00000001 00000000 00000001 00000000 00000000 00000000 00000000 00000000 00000000 00000000 00000000 00000000 00000000 00000000 00000000 00000000 00000000 00000000 00000000 f4196996 00000001 96027968 00000000 00000000 00000000 00000000 00000000 00000101 00000081 00000000 00000000 00000000 00000000 00000000 00000000 00000000 00003333 00004ccd 00002667 00000001 00000000 01c9c380 0000027c
capture_snapshot GLI1 00010000 30000000 2500000 985 0 30000000 0 0 0 0 0 0 0 8a7d66c4 00000000 9605787c 00000000 00f6017b 00000000 00f6017b 00000000 0000006a 00000000 00000000 00000000 0b8816cd 00000000 00f601e5 00000000 00000000 00000000 00000000 00000039 008b3199 00000001 00000000 00000001 00000000 00000000 00000000 00000000 00000000 00000000 00000000 00000000 00000000 00000000 00000000 00000000 00000000 00000000 00000000 00000000 f42366b0 00000001 9605788f 00000000 00000000 00000000 00000000 00000000 00000100 00000081 00000000 00000000 00000000 00000000 00000000 00000000 00000000 00003333 00004ccd 00002667 00000001 00000000 01c9c380 0000027c
capture_snapshot GLI1 00010000 30000000 2500000 986 0 30000000 0 0 0 0 0 0 0 8a7d66c4 00000000 960879e4 00000000 00f64199 00000000 00f64199 00000000 0000006a 00000000 00000000 00000000 0b8b1838 00000000 00f64203 00000000 00000000 00000000 00000000 00000039 008b3199 00000001 00000000 00000001 00000000 00000000 00000000 00000000 00000000 00000000 00000000 00000000 00000000 00000000 00000000 00000000 00000000 00000000 00000000 00000000 f42d6b55 00000001 960879fa 00000000 00000000 00000000 00000000 00000000 00000101 00000081 00000000 00000000 00000000 00000000 00000000 00000000 00000000 00003333 00004ccd 00002667 00000001 00000000 01c9c380 0000027c
capture_snapshot GLI1 00010000 30000000 2500000 987 0 30000000 0 0 0 0 0 0 0 8a7d66c4 00000000 960b7954 00000000 00f6818d 00000000 00f6818d 00000000 0000006a 00000000 00000000 00000000 0b8e17a4 00000000 00f681f7 00000000 00000000 00000000 00000000 00000039 008b3199 00000001 00000000 00000001 00000000 00000000 00000000 00000000 00000000 00000000 00000000 00000000 00000000 00000000 00000000 00000000 00000000 00000000 00000000 00000000 f4376955 00000001 960b7966 00000000 00000000 00000000 00000000 00000000 00000101 00000081 00000000 00000000 00000000 00000000 00000000 00000000 00000000 00003333 00004ccd 00002667 00000001 00000000 01c9c380 0000027c
capture_snapshot GLI1 00010000 30000000 2500000 988 0 30000000 0 0 0 0 0 0 0 8a7d66c4 00000000 960e7960 00000000 00f6c18e 00000000 00f6c18e 00000000 0000006a 00000000 00000000 00000000 0b9117b1 00000000 00f6c1f8 00000000 00000000 00000000 00000000 00000039 008b3199 00000001 00000000 00000001 00000000 00000000 00000000 00000000 00000000 00000000 00000000 00000000 00000000 00000000 00000000 00000000 00000000 00000000 00000000 00000000 f441696b 00000001 960e7973 00000000 00000000 00000000 00000000 00000000 00000100 00000080 00000000 00000000 00000000 00000000 00000000 00000000 00000000 00003333 00004ccd 00002667 00000001 00000000 01c9c380 0000027c
capture_snapshot GLI1 00010000 30000000 2500000 989 0 30000000 0 0 0 0 0 0 0 8a7d66c4 00000000 961179d8 00000000 00f70198 00000000 00f70198 00000000 0000006a 00000000 00000000 00000000 0b94182f 00000000 00f70202 00000000 00000000 00000000 00000000 00000039 008b3199 00000001 00000000 00000001 00000000 00000000 00000000 00000000 00000000 00000000 00000000 00000000 00000000 00000000 00000000 00000000 00000000 00000000 00000000 00000000 f44b6afd 00000001 961179f1 00000000 00000000 00000000 00000000 00000000 00000101 00000081 00000000 00000000 00000000 00000000 00000000 00000000 00000000 00003333 00004ccd 00002667 00000001 00000000 01c9c380 0000027c
capture_snapshot GLI1 00010000 30000000 2500000 990 0 30000000 0 0 0 0 0 0 0 8a7d66c4 00000000 9614790c 00000000 00f74187 00000000 00f74187 00000000 0000006a 00000000 00000000 00000000 0b97175b 00000000 00f741f1 00000000 00000000 00000000 00000000 00000039 008b3199 00000001 00000000 00000001 00000000 00000000 00000000 00000000 00000000 00000000 00000000 00000000 00000000 00000000 00000000 00000000 00000000 00000000 00000000 00000000 f4556828 00000001 9614791d 00000000 00000000 00000000 00000000 00000000 00000100 00000080 00000000 00000000 00000000 00000000 00000000 00000000 00000000 00003333 00004ccd 00002667 00000001 00000000 01c9c380 0000027c
capture_snapshot GLI1 00010000 30000000 2500000 991 0 30000000 0 0 0 0 0 0 0 8a7d66c4 00000000 96177948 00000000 00f7818c 00000000 00f7818c 00000000 0000006a 00000000 00000000 00000000 0b9a179a 00000000 00f781f6 00000000 00000000 00000000 00000000 00000039 008b3199 00000001 00000000 00000001 00000000 00000000 00000000 00000000 00000000 00000000 00000000 00000000 00000000 00000000 00000000 00000000 00000000 00000000 00000000 00000000 f45f68e7 00000001 9617795c 00000000 00000000 00000000 00000000 00000000 00000100 00000080 00000000 00000000 00000000 00000000 00000000 00000000 00000000 00003333 00004ccd 00002667 00000001 00000000 01c9c380 0000027c
capture_snapshot GLI1 00010000 30000000 2500000 992 0 30000000 0 0 0 0 0 0 0 8a7d66c4 00000000 961a7a74 00000000 00f7c1a5 00000000 00f7c1a5 00000000 0000006a 00000000 00000000 00000000 0b9d18c3 00000000 00f7c20f 00000000 00000000 00000000 00000000 00000039 008b3199 00000001 00000000 00000001 00000000 00000000 00000000 00000000 00000000 00000000 00000000 00000000 00000000 00000000 00000000 00000000 00000000 00000000 00000000 00000000 f4696cb1 00000001 961a7a85 00000000 00000000 00000000 00000000 00000000 00000100 00000080 00000000 00000000 00000000 00000000 00000000 00000000 00000000 00003333 00004ccd 00002667 00000001 00000000 01c9c380 0000027c
capture_snapshot GLI1 00010000 30000000 2500000 993 0 30000000 0 0 0 0 0 0 0 8a7d66c4 00000000 961d793c 00000000 00f8018b 00000000 00f8018b 00000000 0000006a 00000000 00000000 00000000 0ba01791 00000000 00f801f5 00000000 00000000 00000000 00000000 00000039 008b3199 00000001 00000000 00000001 00000000 00000000 00000000 00000000 00000000 00000000 00000000 00000000 00000000 00000000 00000000 00000000 00000000 00000000 00000000 00000000 f47368a1 00000001 961d7953 00000000 00000000 00000000 00000000 00000000 00000101 00000081 00000000 00000000 00000000 00000000 00000000 00000000 00000000 00003333 00004ccd 00002667 00000001 00000000 01c9c380 0000027c
capture_snapshot GLI1 00010000 30000000 2500000 994 0 30000000 0 0 0 0 0 0 0 8a7d66c4 00000000 962078a0 00000000 00f8417e 00000000 00f8417e 00000000 0000006a 00000000 00000000 00000000 0ba316f1 00000000 00f841e8 00000000 00000000 00000000 00000000 00000039 008b3199 00000001 00000000 00000001 00000000 00000000 00000000 00000000 00000000 00000000 00000000 00000000 00000000 00000000 00000000 00000000 00000000 00000000 00000000 00000000 f47d6676 00000001 962078b3 00000000 00000000 00000000 00000000 00000000 00000100 00000080 00000000 00000000 00000000 00000000 00000000 00000000 00000000 00003333 00004ccd 00002667 00000001 00000000 01c9c380 0000027c
capture_snapshot GLI1 00010000 30000000 2500000 995 0 30000000 0 0 0 0 0 0 0 8a7d66c4 00000000 96237930 00000000 00f8818a 00000000 00f8818a 00000000 0000006a 00000000 00000000 00000000 0ba6177e 00000000 00f881f4 00000000 00000000 00000000 00000000 00000039 008b3199 00000001 00000000 00000001 00000000 00000000 00000000 00000000 00000000 00000000 00000000 00000000 00000000 00000000 00000000 00000000 00000000 00000000 00000000 00000000 f487683a 00000001 96237940 00000000 00000000 00000000 00000000 00000000 00000101 00000081 00000000 00000000 00000000 00000000 00000000 00000000 00000000 00003333 00004ccd 00002667 00000001 00000000 01c9c380 0000027c
capture_snapshot GLI1 00010000 30000000 2500000 996 0 30000000 0 0 0 0 0 0 0 8a7d66c4 00000000 96267948 00000000 00f8c18c 00000000 00f8c18c 00000000 0000006a 00000000 00000000 00000000 0ba9179b 00000000 00f8c1f6 00000000 00000000 00000000 00000000 00000039 008b3199 00000001 00000000 00000001 00000000 00000000 00000000 00000000 00000000 00000000 00000000 00000000 00000000 00000000 00000000 00000000 00000000 00000000 00000000 00000000 f4916888 00000001 9626795d 00000000 00000000 00000000 00000000 00000000 00000100 00000080 00000000 00000000 00000000 00000000 00000000 00000000 00000000 00003333 00004ccd 00002667 00000001 00000000 01c9c380 0000027c
capture_snapshot GLI1 00010000 30000000 2500000 997 0 30000000 0 0 0 0 0 0 0 8a7d66c4 00000000 9629799c 00000000 00f90193 00000000 00f90193 00000000 0000006a 00000000 00000000 00000000 0bac17f2 00000000 00f901fd 00000000 00000000 00000000 00000000 00000039 008b3199 00000001 00000000 00000001 00000000 00000000 00000000 00000000 00000000 00000000 00000000 00000000 00000000 00000000 00000000 00000000 00000000 00000000 00000000 00000000 f49b6997 00000001 962979b4 00000000 00000000 00000000 00000000 00000000 00000100 00000080 00000000 00000000 00000000 00000000 00000000 00000000 00000000 00003333 00004ccd 00002667 00000001 00000000 01c9c380 0000027c
capture_snapshot GLI1 00010000 30000000 2500000 998 0 30000000 0 0 0 0 0 0 0 8a7d66c4 00000000 962c7a2c 00000000 00f9419f 00000000 00f9419f 00000000 0000006a 00000000 00000000 00000000 0baf1882 00000000 00f94209 00000000 00000000 00000000 00000000 00000039 008b3199 00000001 00000000 00000001 00000000 00000000 00000000 00000000 00000000 00000000 00000000 00000000 00000000 00000000 00000000 00000000 00000000 00000000 00000000 00000000 f4a56b62 00000001 962c7a44 00000000 00000000 00000000 00000000 00000000 00000101 00000081 00000000 00000000 00000000 00000000 00000000 00000000 00000000 00003333 00004ccd 00002667 00000001 00000000 01c9c380 0000027c
capture_snapshot GLI1 00010000 30000000 2500000 999 0 30000000 0 0 0 0 0 0 0 8a7d66c4 00000000 962f78a0 00000000 00f9817e 00000000 00f9817e 00000000 0000006a 00000000 00000000 00000000 0bb216f4 00000000 00f981e8 00000000 00000000 00000000 00000000 00000039 008b3199 00000001 00000000 00000001 00000000 00000000 00000000 00000000 00000000 00000000 00000000 00000000 00000000 00000000 00000000 00000000 00000000 00000000 00000000 00000000 f4af661f 00000001 962f78b6 00000000 00000000 00000000 00000000 00000000 00000101 00000080 00000000 00000000 00000000 00000000 00000000 00000000 00000000 00003333 00004ccd 00002667 00000001 00000000 01c9c380 0000027c
capture_snapshot GLI1 00010000 30000000 2500000 1000 0 30000000 0 0 0 0 0 0 0 8a7d66c4 00000000 96327900 00000000 00f9c186 00000000 00f9c186 00000000 0000006a 00000000 00000000 00000000 0bb51756 00000000 00f9c1f0 00000000 00000000 00000000 00000000 00000039 008b3199 00000001 00000000 00000001 00000000 00000000 00000000 00000000 00000000 00000000 00000000 00000000 00000000 00000000 00000000 00000000 00000000 00000000 00000000 00000000 f4b96752 00000001 96327918 00000000 00000000 00000000 00000000 00000000 00000101 00000080 00000000 00000000 00000000 00000000 00000000 00000000 00000000 00003333 00004ccd 00002667 00000001 00000000 01c9c380 0000027c
capture_snapshot GLI1 00010000 30000000 2500000 1001 0 30000000 0 0 0 0 0 0 0 8a7d66c4 00000000 96357b1c 00000000 00fa01b3 00000000 00fa01b3 00000000 0000006a 00000000 00000000 00000000 0bb8196c 00000000 00fa021d 00000000 00000000 00000000 00000000 00000039 008b3199 00000001 00000000 00000001 00000000 00000000 00000000 00000000 00000000 00000000 00000000 00000000 00000000 00000000 00000000 00000000 00000000 00000000 00000000 00000000 f4c36e34 00000001 96357b2e 00000000 00000000 00000000 00000000 00000000 00000101 00000081 00000000 00000000 00000000 00000000 00000000 00000000 00000000 00003333 00004ccd 00002667 00000001 00000000 01c9c380 0000027c
capture_snapshot GLI1 00010000 30000000 2500000 1002 0 30000000 0 0 0 0 0 0 0 8a7d66c4 00000000 963878d0 00000000 00fa4182 00000000 00fa4182 00000000 0000006a 00000000 00000000 00000000 0bbb171d 00000000 00fa41ec 00000000 00000000 00000000 00000000 00000039 008b3199 00000001 00000000 00000001 00000000 00000000 00000000 00000000 00000000 00000000 00000000 00000000 00000000 00000000 00000000 00000000 00000000 00000000 00000000 00000000 f4cd666d 00000001 963878df 00000000 00000000 00000000 00000000 00000000 00000101 00000080 00000000 00000000 00000000 00000000 00000000 00000000 00000000 00003333 00004ccd 00002667 00000001 00000000 01c9c380 0000027c
capture_snapshot GLI1 00010000 30000000 2500000 1003 0 30000000 0 0 0 0 0 0 0 8a7d66c4 00000000 963b7948 00000000 00fa818c 00000000 00fa818c 00000000 0000006a 00000000 00000000 00000000 0bbe17a0 00000000 00fa81f6 00000000 00000000 00000000 00000000 00000039 008b3199 00000001 00000000 00000001 00000000 00000000 00000000 00000000 00000000 00000000 00000000 00000000 00000000 00000000 00000000 00000000 00000000 00000000 00000000 00000000 f4d7680e 00000001 963b7962 00000000 00000000 00000000 00000000 00000000 00000100 00000080 00000000 00000000 00000000 00000000 00000000 00000000 00000000 00003333 00004ccd 00002667 00000001 00000000 01c9c380 0000027c
capture_snapshot GLI1 00010000 30000000 2500000 1004 0 30000000 0 0 0 0 0 0 0 8a7d66c4 00000000 963e796c 00000000 00fac18f 00000000 00fac18f 00000000 0000006a 00000000 00000000 00000000 0bc117c4 00000000 00fac1f9 00000000 00000000 00000000 00000000 00000039 008b3199 00000001 00000000 00000001 00000000 00000000 00000000 00000000 00000000 00000000 00000000 00000000 00000000 00000000 00000000 00000000 00000000 00000000 00000000 00000000 f4e16872 00000001 963e7986 00000000 00000000 00000000 00000000 00000000 00000100 00000080 00000000 00000000 00000000 00000000 00000000 00000000 00000000 00003333 00004ccd 00002667 00000001 00000000 01c9c380 0000027c
capture_snapshot GLI1 00010000 30000000 2500000 1005 0 30000000 0 0 0 0 0 0 0 8a7d66c4 00000000 96417888 00000000 00fb017c 00000000 00fb017c 00000000 0000006a 00000000 00000000 00000000 0bc416de 00000000 00fb01e6 00000000 00000000 00000000 00000000 00000039 008b3199 00000001 00000000 00000001 00000000 00000000 00000000 00000000 00000000 00000000 00000000 00000000 00000000 00000000 00000000 00000000 00000000 00000000 00000000 00000000 f4eb6563 00000001 964178a0 00000000 00000000 00000000 00000000 00000000 00000100 00000080 00000000 00000000 00000000 00000000 00000000 00000000 00000000 00003333 00004ccd 00002667 00000001 00000000 01c9c380 0000027c
capture_snapshot GLI1 00010000 30000000 2500000 1006 0 30000000 0 0 0 0 0 0 0 8a7d66c4 00000000 96447960 00000000 00fb418e 00000000 00fb418e 00000000 0000006a 00000000 00000000 00000000 0bc717ad 00000000 00fb41f8 00000000 00000000 00000000 00000000 00000039 008b3199 00000001 00000000 00000001 00000000 00000000 00000000 00000000 00000000 00000000 00000000 00000000 00000000 00000000 00000000 00000000 00000000 00000000 00000000 00000000 f4f56802 00000001 9644796f 00000000 00000000 00000000 00000000 00000000 00000100 00000080 00000000 00000000 00000000 00000000 00000000 00000000 00000000 00003333 00004ccd 00002667 00000001 00000000 01c9c380 0000027c
capture_snapshot GLI1 00010000 30000000 2500000 1007 0 30000000 0 0 0 0 0 0 0 8a7d66c4 00000000 9647796c 00000000 00fb818f 00000000 00fb818f 00000000 0000006a 00000000 00000000 00000000 0bca17c3 00000000 00fb81f9 00000000 00000000 00000000 00000000 00000039 008b3199 00000001 00000000 00000001 00000000 00000000 00000000 00000000 00000000 00000000 00000000 00000000 00000000 00000000 00000000 00000000 00000000 00000000 00000000 00000000 f4ff6835 00000001 96477985 00000000 00000000 00000000 00000000 00000000 00000101 00000080 00000000 00000000 00000000 00000000 00000000 00000000 00000000 00003333 00004ccd 00002667 00000001 00000000 01c9c380 0000027c
capture_snapshot GLI1 00010000 30000000 2500000 1008 0 30000000 0 0 0 0 0 0 0 8a7d66c4 00000000 964a790c 00000000 00fbc187 00000000 00fbc187 00000000 0000006a 00000000 00000000 00000000 0bcd1761 00000000 00fbc1f1 00000000 00000000 00000000 00000000 00000039 008b3199 00000001 00000000 00000001 00000000 00000000 00000000 00000000 00000000 00000000 00000000 00000000 00000000 00000000 00000000 00000000 00000000 00000000 00000000 00000000 f50966db 00000001 964a7923 00000000 00000000 00000000 00000000 00000000 00000101 00000080 00000000 00000000 00000000 00000000 00000000 00000000 00000000 00003333 00004ccd 00002667 00000001 00000000 01c9c380 0000027c
capture_snapshot GLI1 00010000 30000000 2500000 1009 0 30000000 0 0 0 0 0 0 0 8a7d66c4 00000000 964d79cc 00000000 00fc0197 00000000 00fc0197 00000000 0000006a 00000000 00000000 00000000 0bd0181d 00000000 00fc0201 00000000 00000000 00000000 00000000 00000039 008b3199 00000001 00000000 00000001 00000000 00000000 00000000 00000000 00000000 00000000 00000000 00000000 00000000 00000000 00000000 00000000 00000000 00000000 00000000 00000000 f513693a 00000001 964d79df 00000000 00000000 00000000 00000000 00000000 00000101 00000080 00000000 00000000 00000000 00000000 00000000 00000000 00000000 00003333 00004ccd 00002667 00000001 00000000 01c9c380 0000027c
capture_snapshot GLI1 00010000 30000000 2500000 1010 0 30000000 0 0 0 0 0 0 0 8a7d66c4 00000000 965079b4 00000000 00fc4195 00000000 00fc4195 00000000 0000006a 00000000 00000000 00000000 0bd31800 00000000 00fc41ff 00000000 00000000 00000000 00000000 00000039 008b3199 00000001 00000000 00000001 00000000 00000000 00000000 00000000 00000000 00000000 00000000 00000000 00000000 00000000 00000000 00000000 00000000 00000000 00000000 00000000 f51d68c8 00000001 965079c2 00000000 00000000 00000000 00000000 00000000 00000100 00000080 00000000 00000000 00000000 00000000 00000000 00000000 00000000 00003333 00004ccd 00002667 00000001 00000000 01c9c380 0000027c
capture_snapshot GLI1 00010000 30000000 2500000 1011 0 30000000 0 0 0 0 0 0 0 8a7d66c4 00000000 965378f4 00000000 00fc8185 00000000 00fc8185 00000000 0000006a 00000000 00000000 00000000 0bd61742 00000000 00fc81ef 00000000 00000000 00000000 00000000 00000039 008b3199 00000001 00000000 00000001 00000000 00000000 00000000 00000000 00000000 00000000 00000000 00000000 00000000 00000000 00000000 00000000 00000000 00000000 00000000 00000000 f527663a 00000001 96537904 00000000 00000000 00000000 00000000 00000000 00000101 00000081 00000000 00000000 00000000 00000000 00000000 00000000 00000000 00003333 00004ccd 00002667 00000001 00000000 01c9c380 0000027c
capture_snapshot GLI1 00010000 30000000 2500000 1012 0 30000000 0 0 0 0 0 0 0 8a7d66c4 00000000 96567900 00000000 00fcc186 00000000 00fcc186 00000000 0000006a 00000000 00000000 00000000 0bd91751 00000000 00fcc1f0 00000000 00000000 00000000 00000000 00000039 008b3199 00000001 00000000 00000001 00000000 00000000 00000000 00000000 00000000 00000000 00000000 00000000 00000000 00000000 00000000 00000000 00000000 00000000 00000000 00000000 f5316657 00000001 96567913 00000000 00000000 00000000 00000000 00000000 00000100 00000080 00000000 00000000 00000000 00000000 00000000 00000000 00000000 00003333 00004ccd 00002667 00000001 00000000 01c9c380 0000027c
capture_snapshot GLI1 00010000 30000000 2500000 1013 0 30000000 0 0 0 0 0 0 0 8a7d66c4 00000000 96597978 00000000 00fd0190 00000000 00fd0190 00000000 0000006a 00000000 00000000 00000000 0bdc17c8 00000000 00fd01fa 00000000 00000000 00000000 00000000 00000039 008b3199 00000001 00000000 00000001 00000000 00000000 00000000 00000000 00000000 00000000 00000000 00000000 00000000 00000000 00000000 00000000 00000000 00000000 00000000 00000000 f53b67d0 00000001 9659798a 00000000 00000000 00000000 00000000 00000000 00000100 00000080 00000000 00000000 00000000 00000000 00000000 00000000 00000000 00003333 00004ccd 00002667 00000001 00000000 01c9c380 0000027c
capture_snapshot GLI1 00010000 30000000 2500000 1014 0 30000000 0 0 0 0 0 0 0 8a7d66c4 00000000 965c7ff0 00000000 00fd421a 00000000 00fd421a 00000000 0000006a 00000000 00000000 00000000 0bdf1e3e 00000000 00fd4284 00000000 00000000 00000000 00000000 00000039 008b3199 00000001 00000000 00000001 00000000 00000000 00000000 00000000 00000000 00000000 00000000 00000000 00000000 00000000 00000000 00000000 00000000 00000000 00000000 00000000 f5457d48 00000001 965c8000 00000000 00000000 00000000 00000000 00000000 00000101 00000081 00000000 00000000 00000000 00000000 00000000 00000000 00000000 00003333 00004ccd 00002667 00000001 00000000 01c9c380 0000027c
capture_snapshot GLI1 00010000 30000000 2500000 1015 0 30000000 0 0 0 0 0 0 0 8a7d66c4 00000000 965f7f3c 00000000 00fd820b 00000000 00fd820b 00000000 0000006a 00000000 00000000 00000000 0be21d91 00000000 00fd8275 00000000 00000000 00000000 00000000 00000039 008b3199 00000001 00000000 00000001 00000000 00000000 00000000 00000000 00000000 00000000 00000000 00000000 00000000 00000000 00000000 00000000 00000000 00000000 00000000 00000000 f54f7af2 00000001 965f7f53 00000000 00000000 00000000 00000000 00000000 00000101 00000080 00000000 00000000 00000000 00000000 00000000 00000000 00000000 00003333 00004ccd 00002667 00000001 00000000 01c9c380 0000027c
capture_snapshot GLI1 00010000 30000000 2500000 1016 0 30000000 0 0 0 0 0 0 0 8a7d66c4 00000000 96627bb8 00000000 00fdc1c0 00000000 00fdc1c0 00000000 0000006a 00000000 00000000 00000000 0be51a0b 00000000 00fdc22a 00000000 00000000 00000000 00000000 00000039 008b3199 00000001 00000000 00000001 00000000 00000000 00000000 00000000 00000000 00000000 00000000 00000000 00000000 00000000 00000000 00000000 00000000 00000000 00000000 00000000 f5596f20 00000001 96627bcd 00000000 00000000 00000000 00000000 00000000 00000101 00000080 00000000 00000000 00000000 00000000 00000000 00000000 00000000 00003333 00004ccd 00002667 00000001 00000000 01c9c380 0000027c
capture_snapshot GLI1 00010000 30000000 2500000 1017 0 30000000 0 0 0 0 0 0 0 8a7d66c4 00000000 966578f4 00000000 00fe0185 00000000 00fe0185 00000000 0000006a 00000000 00000000 00000000 0be81743 00000000 00fe01ef 00000000 00000000 00000000 00000000 00000039 008b3199 00000001 00000000 00000001 00000000 00000000 00000000 00000000 00000000 00000000 00000000 00000000 00000000 00000000 00000000 00000000 00000000 00000000 00000000 00000000 f56365c7 00000001 96657905 00000000 00000000 00000000 00000000 00000000 00000100 00000080 00000000 00000000 00000000 00000000 00000000 00000000 00000000 00003333 00004ccd 00002667 00000001 00000000 01c9c380 0000027c
capture_snapshot GLI1 00010000 30000000 2500000 1018 0 30000000 0 0 0 0 0 0 0 8a7d66c4 00000000 96687ee8 00000000 00fe4204 00000000 00fe4204 00000000 0000006a 00000000 00000000 00000000 0beb1d36 00000000 00fe426e 00000000 00000000 00000000 00000000 00000039 008b3199 00000001 00000000 00000001 00000000 00000000 00000000 00000000 00000000 00000000 00000000 00000000 00000000 00000000 00000000 00000000 00000000 00000000 00000000 00000000 f56d7989 00000001 96687ef8 00000000 00000000 00000000 00000000 00000000 00000101 00000081 00000000 00000000 00000000 00000000 00000000 00000000 00000000 00003333 00004ccd 00002667 00000001 00000000 01c9c380 0000027c
capture_snapshot GLI1 00010000 30000000 2500000 1019 0 30000000 0 0 0 0 0 0 0 8a7d66c4 00000000 966b8a10 00000000 00fe82f2 00000000 00fe82f2 00000000 0000006a 00000000 00000000 00000000 0bee2863 00000000 00fe835c 00000000 00000000 00000000 00000000 00000039 008b3199 00000001 00000000 00000001 00000000 00000000 00000000 00000000 00000000 00000000 00000000 00000000 00000000 00000000 00000000 00000000 00000000 00000000 00000000 00000000 f5779eb6 00000001 966b8a25 00000000 00000000 00000000 00000000 00000000 00000101 00000081 00000000 00000000 00000000 00000000 00000000 00000000 00000000 00003333 00004ccd 00002667 00000001 00000000 01c9c380 0000027c
capture_snapshot GLI1 00010000 30000000 2500000 1020 0 30000000 0 0 0 0 0 0 0 8a7d66c4 00000000 966e8374 00000000 00fec265 00000000 00fec265 00000000 0000006a 00000000 00000000 00000000 0bf121c3 00000000 00fec2cf 00000000 00000000 00000000 00000000 00000039 008b3199 00000001 00000000 00000001 00000000 00000000 00000000 00000000 00000000 00000000 00000000 00000000 00000000 00000000 00000000 00000000 00000000 00000000 00000000 00000000 f581888c 00000001 966e8385 00000000 00000000 00000000 00000000 00000000 00000100 00000080 00000000 00000000 00000000 00000000 00000000 00000000 00000000 00003333 00004ccd 00002667 00000001 00000000 01c9c380 0000027c
capture_snapshot GLI1 00010000 30000000 2500000 1021 0 30000000 0 0 0 0 0 0 0 8a7d66c4 00000000 967185f0 00000000 00ff029a 00000000 00ff029a 00000000 0000006a 00000000 00000000 00000000 0bf4243e 00000000 00ff0304 00000000 00000000 00000000 00000000 00000039 008b3199 00000001 00000000 00000001 00000000 00000000 00000000 00000000 00000000 00000000 00000000 00000000 00000000 00000000 00000000 00000000 00000000 00000000 00000000 00000000 f58b90be 00000001 96718600 00000000 00000000 00000000 00000000 00000000 00000101 00000080 00000000 00000000 00000000 00000000 00000000 00000000 00000000 00003333 00004ccd 00002667 00000001 00000000 01c9c380 0000027c
capture_snapshot GLI1 00010000 30000000 2500000 1022 0 30000000 0 0 0 0 0 0 0 8a7d66c4 00000000 96748b78 00000000 00ff4310 00000000 00ff4310 00000000 0000006a 00000000 00000000 00000000 0bf729cc 00000000 00ff437a 00000000 00000000 00000000 00000000 00000039 008b3199 00000001 00000000 00000001 00000000 00000000 00000000 00000000 00000000 00000000 00000000 00000000 00000000 00000000 00000000 00000000 00000000 00000000 00000000 00000000 f595a32e 00000001 96748b8e 00000000 00000000 00000000 00000000 00000000 00000101 00000080 00000000 00000000 00000000 00000000 00000000 00000000 00000000 00003333 00004ccd 00002667 00000001 00000000 01c9c380 0000027c
capture_snapshot GLI1 00010000 30000000 2500000 1023 0 30000000 0 0 0 0 0 0 0 8a7d66c4 00000000 96778bd8 00000000 00ff8318 00000000 00ff8318 00000000 0000006a 00000000 00000000 00000000 0bfa2a26 00000000 00ff8382 00000000 00000000 00000000 00000000 00000039 008b3199 00000001 00000000 00000001 00000000 00000000 00000000 00000000 00000000 00000000 00000000 00000000 00000000 00000000 00000000 00000000 00000000 00000000 00000000 00000000 f59fa449 00000001 96778be8 00000000 00000000 00000000 00000000 00000000 00000100 00000080 00000000 00000000 00000000 00000000 00000000 00000000 00000000 00003333 00004ccd 00002667 00000001 00000000 01c9c380 0000027c
capture_snapshot GLI1 00010000 30000000 2500000 1024 0 30000000 0 0 0 0 0 0 0 8a7d66c4 00000000 967a8d28 00000000 00ffc334 00000000 00ffc334 00000000 0000006a 00000000 00000000 00000000 0bfd2b7b 00000000 00ffc39e 00000000 00000000 00000000 00000000 00000039 008b3199 00000001 00000000 00000001 00000000 00000000 00000000 00000000 00000000 00000000 00000000 00000000 00000000 00000000 00000000 00000000 00000000 00000000 00000000 00000000 f5a9a8a5 00000001 967a8d3d 00000000 00000000 00000000 00000000 00000000 00000101 00000081 00000000 00000000 00000000 00000000 00000000 00000000 00000000 00003333 00004ccd 00002667 00000001 00000000 01c9c380 0000027c
capture_snapshot GLI1 00010000 30000000 2500000 1025 0 30000000 0 0 0 0 0 0 0 8a7d66c4 00000000 967d9a00 00000000 01000446 00000000 01000446 00000000 0000006a 00000000 00000000 00000000 0c00384d 00000000 010004b0 00000000 00000000 00000000 00000000 00000039 008b3199 00000001 00000000 00000001 00000000 00000000 00000000 00000000 00000000 00000000 00000000 00000000 00000000 00000000 00000000 00000000 00000000 00000000 00000000 00000000 f5b3d34d 00000001 967d9a0f 00000000 00000000 00000000 00000000 00000000 00000101 00000081 00000000 00000000 00000000 00000000 00000000 00000000 00000000 00003333 00004ccd 00002667 00000001 00000000 01c9c380 0000027c
capture_snapshot GLI1 00010000 30000000 2500000 1026 0 30000000 0 0 0 0 0 0 0 8a7d66c4 00000000 96808500 00000000 01004286 00000000 01004286 00000000 0000006a 00000000 00000000 00000000 0c03234d 00000000 010042f0 00000000 00000000 00000000 00000000 00000039 008b3199 00000001 00000000 00000001 00000000 00000000 00000000 00000000 00000000 00000000 00000000 00000000 00000000 00000000 00000000 00000000 00000000 00000000 00000000 00000000 f5bd8d3a 00000001 9680850f 00000000 00000000 00000000 00000000 00000000 00000101 00000081 00000000 00000000 00000000 00000000 00000000 00000000 00000000 00003333 00004ccd 00002667 00000001 00000000 01c9c380 0000027c
capture_snapshot GLI1 00010000 30000000 2500000 1027 0 30000000 0 0 0 0 0 0 0 8a7d66c4 00000000 96838704 00000000 010082b1 00000000 010082b1 00000000 0000006a 00000000 00000000 00000000 0c062554 00000000 0100831b 00000000 00000000 00000000 00000000 00000039 008b3199 00000001 00000000 00000001 00000000 00000000 00000000 00000000 00000000 00000000 00000000 00000000 00000000 00000000 00000000 00000000 00000000 00000000 00000000 00000000 f5c793e8 00000001 96838716 00000000 00000000 00000000 00000000 00000000 00000101 00000081 00000000 00000000 00000000 00000000 00000000 00000000 00000000 00003333 00004ccd 00002667 00000001 00000000 01c9c380 0000027c
capture_snapshot GLI1 00010000 30000000 2500000 1028 0 30000000 0 0 0 0 0 0 0 8a7d66c4 00000000 96868674 00000000 0100c2a5 00000000 0100c2a5 00000000 0000006a 00000000 00000000 00000000 0c0924cb 00000000 0100c30f 00000000 00000000 00000000 00000000 00000039 008b3199 00000001 00000000 00000001 00000000 00000000 00000000 00000000 00000000 00000000 00000000 00000000 00000000 00000000 00000000 00000000 00000000 00000000 00000000 00000000 f5d1920c 00000001 9686868d 00000000 00000000 00000000 00000000 00000000 00000101 00000081 00000000 00000000 00000000 00000000 00000000 00000000 00000000 00003333 00004ccd 00002667 00000001 00000000 01c9c380 0000027c
capture_snapshot GLI1 00010000 30000000 2500000 1029 0 30000000 0 0 0 0 0 0 0 8a7d66c4 00000000 968985fc 00000000 0101029b 00000000 0101029b 00000000 0000006a 00000000 00000000 00000000 0c0c244e 00000000 01010305 00000000 00000000 00000000 00000000 00000039 008b3199 00000001 00000000 00000001 00000000 00000000 00000000 00000000 00000000 00000000 00000000 00000000 00000000 00000000 00000000 00000000 00000000 00000000 00000000 00000000 f5db9058 00000001 96898610 00000000 00000000 00000000 00000000 00000000 00000101 00000081 00000000 00000000 00000000 00000000 00000000 00000000 00000000 00003333 00004ccd 00002667 00000001 00000000 01c9c380 0000027c
capture_snapshot GLI1 00010000 30000000 2500000 1030 0 30000000 0 0 0 0 0 0 0 8a7d66c4 00000000 968c8698 00000000 010142a8 00000000 010142a8 00000000 0000006a 00000000 00000000 00000000 0c0f24e6 00000000 01014312 00000000 00000000 00000000 00000000 00000039 008b3199 00000001 00000000 00000001 00000000 00000000 00000000 00000000 00000000 00000000 00000000 00000000 00000000 00000000 00000000 00000000 00000000 00000000 00000000 00000000 f5e59240 00000001 968c86a8 00000000 00000000 00000000 00000000 00000000 00000100 00000080 00000000 00000000 00000000 00000000 00000000 00000000 00000000 00003333 00004ccd 00002667 00000001 00000000 01c9c380 0000027c
capture_snapshot GLI1 00010000 30000000 2500000 1031 0 30000000 0 0 0 0 0 0 0 8a7d66c4 00000000 968f8668 00000000 010182a4 00000000 010182a3 00000000 0000006a 00000000 00000000 00000000 0c1224b4 00000000 0101830e 00000000 00000000 00000000 00000000 0000003b 008b3199 00000001 00000001 00000001 00000000 00000000 00000000 00000000 00000000 00000000 00000000 00000000 00000000 00000000 00000000 00000000 00000000 00000000 00000000 00000000 f5ef9186 00000001 968f8676 00000000 00000000 00000000 00000000 00000000 00000100 00000080 00000000 00000000 00000000 00000000 00000000 00000000 00000000 00003333 00004ccd 00002667 00000001 00000000 01c9c380 0000027c
capture_snapshot GLI1 00010000 30000000 2500000 1032 0 30000000 0 0 0 0 0 0 0 8a7d66c4 00000000 9692874c 00000000 0101c2b7 00000000 0101c2b7 00000000 0000006a 00000000 00000000 00000000 0c1525a0 00000000 0101c321 00000000 00000000 00000000 00000000 00000039 008b3199 00000001 00000000 00000001 00000000 00000000 00000000 00000000 00000000 00000000 00000000 00000000 00000000 00000000 00000000 00000000 00000000 00000000 00000000 00000000 f5f99484 00000001 96928762 00000000 00000000 00000000 00000000 00000000 00000101 00000081 00000000 00000000 00000000 00000000 00000000 00000000 00000000 00003333 00004ccd 00002667 00000001 00000000 01c9c380 0000027c
capture_snapshot GLI1 00010000 30000000 2500000 1033 0 30000000 0 0 0 0 0 0 0 8a7d66c4 00000000 96958824 00000000 010202c9 00000000 010202c9 00000000 0000006a 00000000 00000000 00000000 0c182676 00000000 01020333 00000000 00000000 00000000 00000000 00000039 008b3199 00000001 00000000 00000001 00000000 00000000 00000000 00000000 00000000 00000000 00000000 00000000 00000000 00000000 00000000 00000000 00000000 00000000 00000000 00000000 f603973b 00000001 96958838 00000000 00000000 00000000 00000000 00000000 00000100 00000080 00000000 00000000 00000000 00000000 00000000 00000000 00000000 00003333 00004ccd 00002667 00000001 00000000 01c9c380 0000027c
capture_snapshot GLI1 00010000 30000000 2500000 1034 0 30000000 0 0 0 0 0 0 0 8a7d66c4 00000000 969888f0 00000000 010242da 00000000 010242da 00000000 0000006a 00000000 00000000 00000000 0c1b273d 00000000 01024344 00000000 00000000 00000000 00000000 00000039 008b3199 00000001 00000000 00000001 00000000 00000000 00000000 00000000 00000000 00000000 00000000 00000000 00000000 00000000 00000000 00000000 00000000 00000000 00000000 00000000 f60d99be 00000001 969888ff 00000000 00000000 00000000 00000000 00000000 00000101 00000081 00000000 00000000 00000000 00000000 00000000 00000000 00000000 00003333 00004ccd 00002667 00000001 00000000 01c9c380 0000027c
capture_snapshot GLI1 00010000 30000000 2500000 1035 0 30000000 0 0 0 0 0 0 0 8a7d66c4 00000000 969b83bc 00000000 0102826b 00000000 0102826b 00000000 0000006a 00000000 00000000 00000000 0c1e2210 00000000 010282d5 00000000 00000000 00000000 00000000 00000039 008b3199 00000001 00000000 00000001 00000000 00000000 00000000 00000000 00000000 00000000 00000000 00000000 00000000 00000000 00000000 00000000 00000000 00000000 00000000 00000000 f617886a 00000001 969b83d2 00000000 00000000 00000000 00000000 00000000 00000101 00000081 00000000 00000000 00000000 00000000 00000000 00000000 00000000 00003333 00004ccd 00002667 00000001 00000000 01c9c380 0000027c
capture_snapshot GLI1 00010000 30000000 2500000 1036 0 30000000 0 0 0 0 0 0 0 8a7d66c4 00000000 969e8470 00000000 0102c27a 00000000 0102c27a 00000000 0000006a 00000000 00000000 00000000 0c2122c0 00000000 0102c2e4 00000000 00000000 00000000 00000000 00000039 008b3199 00000001 00000000 00000001 00000000 00000000 00000000 00000000 00000000 00000000 00000000 00000000 00000000 00000000 00000000 00000000 00000000 00000000 00000000 00000000 f6218aa2 00000001 969e8482 00000000 00000000 00000000 00000000 00000000 00000100 00000080 00000000 00000000 00000000 00000000 00000000 00000000 00000000 00003333 00004ccd 00002667 00000001 00000000 01c9c380 0000027c
capture_snapshot GLI1 00010000 30000000 2500000 1037 0 30000000 0 0 0 0 0 0 0 8a7d66c4 00000000 96a18494 00000000 0103027d 00000000 0103027d 00000000 0000006a 00000000 00000000 00000000 0c2422e7 00000000 010302e7 00000000 00000000 00000000 00000000 00000039 008b3199 00000001 00000000 00000001 00000000 00000000 00000000 00000000 00000000 00000000 00000000 00000000 00000000 00000000 00000000 00000000 00000000 00000000 00000000 00000000 f62b8b10 00000001 96a184a9 00000000 00000000 00000000 00000000 00000000 00000101 00000080 00000000 00000000 00000000 00000000 00000000 00000000 00000000 00003333 00004ccd 00002667 00000001 00000000 01c9c380 0000027c
capture_snapshot GLI1 00010000 30000000 2500000 1038 0 30000000 0 0 0 0 0 0 0 8a7d66c4 00000000 96a48464 00000000 01034279 00000000 01034279 00000000 0000006a 00000000 00000000 00000000 0c2722bc 00000000 010342e3 00000000 00000000 00000000 00000000 00000039 008b3199 00000001 00000000 00000001 00000000 00000000 00000000 00000000 00000000 00000000 00000000 00000000 00000000 00000000 00000000 00000000 00000000 00000000 00000000 00000000 f6358a6c 00000001 96a4847e 00000000 00000000 00000000 00000000 00000000 00000101 00000081 00000000 00000000 00000000 00000000 00000000 00000000 00000000 00003333 00004ccd 00002667 00000001 00000000 01c9c380 0000027c
capture_snapshot GLI1 00010000 30000000 2500000 1039 0 30000000 0 0 0 0 0 0 0 8a7d66c4 00000000 96a78464 00000000 01038279 00000000 01038279 00000000 0000006a 00000000 00000000 00000000 0c2a22b5 00000000 010382e3 00000000 00000000 00000000 00000000 00000039 008b3199 00000001 00000000 00000001 00000000 00000000 00000000 00000000 00000000 00000000 00000000 00000000 00000000 00000000 00000000 00000000 00000000 00000000 00000000 00000000 f63f8a43 00000001 96a78477 00000000 00000000 00000000 00000000 00000000 00000100 00000080 00000000 00000000 00000000 00000000 00000000 00000000 00000000 00003333 00004ccd 00002667 00000001 00000000 01c9c380 0000027c
capture_snapshot GLI1 00010000 30000000 2500000 1040 0 30000000 0 0 0 0 0 0 0 8a7d66c4 00000000 96aa8488 00000000 0103c27c 00000000 0103c27c 00000000 0000006a 00000000 00000000 00000000 0c2d22d9 00000000 0103c2e6 00000000 00000000 00000000 00000000 00000039 008b3199 00000001 00000000 00000001 00000000 00000000 00000000 00000000 00000000 00000000 00000000 00000000 00000000 00000000 00000000 00000000 00000000 00000000 00000000 00000000 f6498aa6 00000001 96aa849b 00000000 00000000 00000000 00000000 00000000 00000101 00000081 00000000 00000000 00000000 00000000 00000000 00000000 00000000 00003333 00004ccd 00002667 00000001 00000000 01c9c380 0000027c
capture_snapshot GLI1 00010000 30000000 2500000 1041 0 30000000 0 0 0 0 0 0 0 8a7d66c4 00000000 96ad8c08 00000000 0104031c 00000000 0104031c 00000000 0000006a 00000000 00000000 00000000 0c302a57 00000000 01040386 00000000 00000000 00000000 00000000 00000039 008b3199 00000001 00000000 00000001 00000000 00000000 00000000 00000000 00000000 00000000 00000000 00000000 00000000 00000000 00000000 00000000 00000000 00000000 00000000 00000000 f653a38c 00000001 96ad8c19 00000000 00000000 00000000 00000000 00000000 00000101 00000081 00000000 00000000 00000000 00000000 00000000 00000000 00000000 00003333 00004ccd 00002667 00000001 00000000 01c9c380 0000027c
capture_snapshot GLI1 00010000 30000000 2500000 1042 0 30000000 0 0 0 0 0 0 0 8a7d66c4 00000000 96b08c68 00000000 01044324 00000000 01044324 00000000 0000006a 00000000 00000000 00000000 0c332abd 00000000 0104438e 00000000 00000000 00000000 00000000 00000039 008b3199 00000001 00000000 00000001 00000000 00000000 00000000 00000000 00000000 00000000 00000000 00000000 00000000 00000000 00000000 00000000 00000000 00000000 00000000 00000000 f65da4ce 00000001 96b08c7f 00000000 00000000 00000000 00000000 00000000 00000100 00000080 00000000 00000000 00000000 00000000 00000000 00000000 00000000 00003333 00004ccd 00002667 00000001 00000000 01c9c380 0000027c
capture_snapshot GLI1 00010000 30000000 2500000 1043 0 30000000 0 0 0 0 0 0 0 8a7d66c4 00000000 96b38968 00000000 010482e4 00000000 010482e4 00000000 0000006a 00000000 00000000 00000000 0c3627be 00000000 0104834e 00000000 00000000 00000000 00000000 00000039 008b3199 00000001 00000000 00000001 00000000 00000000 00000000 00000000 00000000 00000000 00000000 00000000 00000000 00000000 00000000 00000000 00000000 00000000 00000000 00000000 f6679abd 00000001 96b38980 00000000 00000000 00000000 00000000 00000000 00000100 00000080 00000000 00000000 00000000 00000000 00000000 00000000 00000000 00003333 00004ccd 00002667 00000001 00000000 01c9c380 0000027c
capture_snapshot GLI1 00010000 30000000 2500000 1044 0 30000000 0 0 0 0 0 0 0 8a7d66c4 00000000 96b689b0 00000000 0104c2ea 00000000 0104c2ea 00000000 0000006a 00000000 00000000 00000000 0c392800 00000000 0104c354 00000000 00000000 00000000 00000000 00000039 008b3199 00000001 00000000 00000001 00000000 00000000 00000000 00000000 00000000 00000000 00000000 00000000 00000000 00000000 00000000 00000000 00000000 00000000 00000000 00000000 f6719b86 00000001 96b689c2 00000000 00000000 00000000 00000000 00000000 00000100 00000080 00000000 00000000 00000000 00000000 00000000 00000000 00000000 00003333 00004ccd 00002667 00000001 00000000 01c9c380 0000027c
capture_snapshot GLI1 00010000 30000000 2500000 1045 0 30000000 0 0 0 0 0 0 0 8a7d66c4 00000000 96b993dc 00000000 010503c3 00000000 010503c3 00000000 0000006a 00000000 00000000 00000000 0c3c322f 00000000 0105042d 00000000 00000000 00000000 00000000 00000039 008b3199 00000001 00000000 00000001 00000000 00000000 00000000 00000000 00000000 00000000 00000000 00000000 00000000 00000000 00000000 00000000 00000000 00000000 00000000 00000000 f67bbd63 00000001 96b993f1 00000000 00000000 00000000 00000000 00000000 00000101 00000081 00000000 00000000 00000000 00000000 00000000 00000000 00000000 00003333 00004ccd 00002667 00000001 00000000 01c9c380 0000027c
capture_snapshot GLI1 00010000 30000000 2500000 1046 0 30000000 0 0 0 0 0 0 0 8a7d66c4 00000000 96bc95ec 00000000 010543ef 00000000 010543ef 00000000 0000006a 00000000 00000000 00000000 0c3f343c 00000000 01054459 00000000 00000000 00000000 00000000 00000039 008b3199 00000001 00000000 00000001 00000000 00000000 00000000 00000000 00000000 00000000 00000000 00000000 00000000 00000000 00000000 00000000 00000000 00000000 00000000 00000000 f685c426 00000001 96bc95fe 00000000 00000000 00000000 00000000 00000000 00000101 00000080 00000000 00000000 00000000 00000000 00000000 00000000 00000000 00003333 00004ccd 00002667 00000001 00000000 01c9c380 0000027c
capture_snapshot GLI1 00010000 30000000 2500000 1047 0 30000000 0 0 0 0 0 0 0 8a7d66c4 00000000 96bf9910 00000000 01058432 00000000 01058432 00000000 0000006a 00000000 00000000 00000000 0c423765 00000000 0105849c 00000000 00000000 00000000 00000000 00000039 008b3199 00000001 00000000 00000001 00000000 00000000 00000000 00000000 00000000 00000000 00000000 00000000 00000000 00000000 00000000 00000000 00000000 00000000 00000000 00000000 f68fce9b 00000001 96bf9927 00000000 00000000 00000000 00000000 00000000 00000101 00000081 00000000 00000000 00000000 00000000 00000000 00000000 00000000 00003333 00004ccd 00002667 00000001 00000000 01c9c380 0000027c
capture_snapshot GLI1 00010000 30000000 2500000 1048 0 30000000 0 0 0 0 0 0 0 8a7d66c4 00000000 96c287f4 00000000 0105c2c5 00000000 0105c2c5 00000000 0000006a 00000000 00000000 00000000 0c452645 00000000 0105c32f 00000000 00000000 00000000 00000000 00000039 008b3199 00000001 00000000 00000001 00000000 00000000 00000000 00000000 00000000 00000000 00000000 00000000 00000000 00000000 00000000 00000000 00000000 00000000 00000000 00000000 f6999571 00000001 96c28807 00000000 00000000 00000000 00000000 00000000 00000101 00000080 00000000 00000000 00000000 00000000 00000000 00000000 00000000 00003333 00004ccd 00002667 00000001 00000000 01c9c380 0000027c
capture_snapshot GLI1 00010000 30000000 2500000 1049 0 30000000 0 0 0 0 0 0 0 8a7d66c4 00000000 96c58b3c 00000000 0106030b 00000000 0106030b 00000000 0000006a 00000000 00000000 00000000 0c48298a 00000000 01060375 00000000 00000000 00000000 00000000 00000039 008b3199 00000001 00000000 00000001 00000000 00000000 00000000 00000000 00000000 00000000 00000000 00000000 00000000 00000000 00000000 00000000 00000000 00000000 00000000 00000000 f6a3a046 00000001 96c58b4c 00000000 00000000 00000000 00000000 00000000 00000100 00000080 00000000 00000000 00000000 00000000 00000000 00000000 00000000 00003333 00004ccd 00002667 00000001 00000000 01c9c380 0000027c
capture_snapshot GLI1 00010000 30000000 2500000 1050 0 30000000 0 0 0 0 0 0 0 8a7d66c4 00000000 96c88d1c 00000000 01064333 00000000 01064333 00000000 0000006a 00000000 00000000 00000000 0c4b2b6b 00000000 0106439d 00000000 00000000 00000000 00000000 00000039 008b3199 00000001 00000000 00000001 00000000 00000000 00000000 00000000 00000000 00000000 00000000 00000000 00000000 00000000 00000000 00000000 00000000 00000000 00000000 00000000 f6ada675 00000001 96c88d2d 00000000 00000000 00000000 00000000 00000000 00000100 00000080 00000000 00000000 00000000 00000000 00000000 00000000 00000000 00003333 00004ccd 00002667 00000001 00000000 01c9c380 0000027c
capture_snapshot GLI1 00010000 30000000 2500000 1051 0 30000000 0 0 0 0 0 0 0 8a7d66c4 00000000 96cb8c8c 00000000 01068327 00000000 01068327 00000000 0000006a 00000000 00000000 00000000 0c4e2ad9 00000000 01068391 00000000 00000000 00000000 00000000 00000039 008b3199 00000001 00000000 00000001 00000000 00000000 00000000 00000000 00000000 00000000 00000000 00000000 00000000 00000000 00000000 00000000 00000000 00000000 00000000 00000000 f6b7a47c 00000001 96cb8c9b 00000000 00000000 00000000 00000000 00000000 00000100 00000080 00000000 00000000 00000000 00000000 00000000 00000000 00000000 00003333 00004ccd 00002667 00000001 00000000 01c9c380 0000027c
capture_snapshot GLI1 00010000 30000000 2500000 1052 0 30000000 0 0 0 0 0 0 0 8a7d66c4 00000000 96ce8af4 00000000 0106c305 00000000 0106c305 00000000 0000006a 00000000 00000000 00000000 0c512942 00000000 0106c36f 00000000 00000000 00000000 00000000 00000039 008b3199 00000001 00000000 00000001 00000000 00000000 00000000 00000000 00000000 00000000 00000000 00000000 00000000 00000000 00000000 00000000 00000000 00000000 00000000 00000000 f6c19f1a 00000001 96ce8b04 00000000 00000000 00000000 00000000 00000000 00000101 00000081 00000000 00000000 00000000 00000000 00000000 00000000 00000000 00003333 00004ccd 00002667 00000001 00000000 01c9c380 0000027c
capture_snapshot GLI1 00010000 30000000 2500000 1053 0 30000000 0 0 0 0 0 0 0 8a7d66c4 00000000 96d188e4 00000000 010702d9 00000000 010702d9 00000000 0000006a 00000000 00000000 00000000 0c542738 00000000 01070343 00000000 00000000 00000000 00000000 00000039 008b3199 00000001 00000000 00000001 00000000 00000000 00000000 00000000 00000000 00000000 00000000 00000000 00000000 00000000 00000000 00000000 00000000 00000000 00000000 00000000 f6cb983a 00000001 96d188fa 00000000 00000000 00000000 00000000 00000000 00000101 00000081 00000000 00000000 00000000 00000000 00000000 00000000 00000000 00003333 00004ccd 00002667 00000001 00000000 01c9c380 0000027c
capture_snapshot GLI1 00010000 30000000 2500000 1054 0 30000000 0 0 0 0 0 0 0 8a7d66c4 00000000 96d49a6c 00000000 0107444f 00000000 0107444f 00000000 0000006a 00000000 00000000 00000000 0c5738c3 00000000 010744b9 00000000 00000000 00000000 00000000 00000039 008b3199 00000001 00000000 00000001 00000000 00000000 00000000 00000000 00000000 00000000 00000000 00000000 00000000 00000000 00000000 00000000 00000000 00000000 00000000 00000000 f6d5d2a1 00000001 96d49a85 00000000 00000000 00000000 00000000 00000000 00000101 00000080 00000000 00000000 00000000 00000000 00000000 00000000 00000000 00003333 00004ccd 00002667 00000001 00000000 01c9c380 0000027c
capture_snapshot GLI1 00010000 30000000 2500000 1055 0 30000000 0 0 0 0 0 0 0 8a7d66c4 00000000 96d78c8c 00000000 01078327 00000000 01078327 00000000 0000006a 00000000 00000000 00000000 0c5a2ad8 00000000 01078391 00000000 00000000 00000000 00000000 00000039 008b3199 00000001 00000000 00000001 00000000 00000000 00000000 00000000 00000000 00000000 00000000 00000000 00000000 00000000 00000000 00000000 00000000 00000000 00000000 00000000 f6dfa42a 00000001 96d78c9a 00000000 00000000 00000000 00000000 00000000 00000100 00000080 00000000 00000000 00000000 00000000 00000000 00000000 00000000 00003333 00004ccd 00002667 00000001 00000000 01c9c380 0000027c
capture_snapshot GLI1 00010000 30000000 2500000 1056 0 30000000 0 0 0 0 0 0 0 8a7d66c4 00000000 96da8b6c 00000000 0107c30f 00000000 0107c30f 00000000 0000006a 00000000 00000000 00000000 0c5d29c0 00000000 0107c379 00000000 00000000 00000000 00000000 00000039 008b3199 00000001 00000000 00000001 00000000 00000000 00000000 00000000 00000000 00000000 00000000 00000000 00000000 00000000 00000000 00000000 00000000 00000000 00000000 00000000 f6e9a070 00000001 96da8b82 00000000 00000000 00000000 00000000 00000000 00000101 00000081 00000000 00000000 00000000 00000000 00000000 00000000 00000000 00003333 00004ccd 00002667 00000001 00000000 01c9c380 0000027c
capture_snapshot GLI1 00010000 30000000 2500000 1057 0 30000000 0 0 0 0 0 0 0 8a7d66c4 00000000 96dd89ec 00000000 010802ef 00000000 010802ef 00000000 0000006a 00000000 00000000 00000000 0c602844 00000000 01080359 00000000 00000000 00000000 00000000 00000039 008b3199 00000001 00000000 00000001 00000000 00000000 00000000 00000000 00000000 00000000 00000000 00000000 00000000 00000000 00000000 00000000 00000000 00000000 00000000 00000000 f6f39b69 00000001 96dd8a06 00000000 00000000 00000000 00000000 00000000 00000101 00000080 00000000 00000000 00000000 00000000 00000000 00000000 00000000 00003333 00004ccd 00002667 00000001 00000000 01c9c380 0000027c
capture_snapshot GLI1 00010000 30000000 2500000 1058 0 30000000 0 0 0 0 0 0 0 8a7d66c4 00000000 96e09034 00000000 01084375 00000000 01084375 00000000 0000006a 00000000 00000000 00000000 0c632e84 00000000 010843df 00000000 00000000 00000000 00000000 00000039 008b3199 00000001 00000000 00000001 00000000 00000000 00000000 00000000 00000000 00000000 00000000 00000000 00000000 00000000 00000000 00000000 00000000 00000000 00000000 00000000 f6fdb02c 00000001 96e09046 00000000 00000000 00000000 00000000 00000000 00000101 00000080 00000000 00000000 00000000 00000000 00000000 00000000 00000000 00003333 00004ccd 00002667 00000001 00000000 01c9c380 0000027c
capture_snapshot GLI1 00010000 30000000 2500000 1059 0 30000000 0 0 0 0 0 0 0 8a7d66c4 00000000 96e39574 00000000 010883e5 00000000 010883e5 00000000 0000006a 00000000 00000000 00000000 0c6633c4 00000000 0108844f 00000000 00000000 00000000 00000000 00000039 008b3199 00000001 00000000 00000001 00000000 00000000 00000000 00000000 00000000 00000000 00000000 00000000 00000000 00000000 00000000 00000000 00000000 00000000 00000000 00000000 f707c199 00000001 96e39586 00000000 00000000 00000000 00000000 00000000 00000100 00000080 00000000 00000000 00000000 00000000 00000000 00000000 00000000 00003333 00004ccd 00002667 00000001 00000000 01c9c380 0000027c
capture_snapshot GLI1 00010000 30000000 2500000 1060 0 30000000 0 0 0 0 0 0 0 8a7d66c4 00000000 96e69868 00000000 0108c424 00000000 0108c424 00000000 0000006a 00000000 00000000 00000000 0c6936bb 00000000 0108c48e 00000000 00000000 00000000 00000000 00000039 008b3199 00000001 00000000 00000001 00000000 00000000 00000000 00000000 00000000 00000000 00000000 00000000 00000000 00000000 00000000 00000000 00000000 00000000 00000000 00000000 f711cb65 00000001 96e6987d 00000000 00000000 00000000 00000000 00000000 00000100 00000080 00000000 00000000 00000000 00000000 00000000 00000000 00000000 00003333 00004ccd 00002667 00000001 00000000 01c9c380 0000027c
capture_snapshot GLI1 00010000 30000000 2500000 1061 0 30000000 0 0 0 0 0 0 0 8a7d66c4 00000000 96e98c8c 00000000 01090327 00000000 01090327 00000000 0000006a 00000000 00000000 00000000 0c6c2ae1 00000000 01090391 00000000 00000000 00000000 00000000 00000039 008b3199 00000001 00000000 00000001 00000000 00000000 00000000 00000000 00000000 00000000 00000000 00000000 00000000 00000000 00000000 00000000 00000000 00000000 00000000 00000000 f71ba3d0 00000001 96e98ca3 00000000 00000000 00000000 00000000 00000000 00000100 00000080 00000000 00000000 00000000 00000000 00000000 00000000 00000000 00003333 00004ccd 00002667 00000001 00000000 01c9c380 0000027c
capture_snapshot GLI1 00010000 30000000 2500000 1062 0 30000000 0 0 0 0 0 0 0 8a7d66c4 00000000 96ec8944 00000000 010942e1 00000000 010942e1 00000000 0000006a 00000000 00000000 00000000 0c6f279b 00000000 0109434b 00000000 00000000 00000000 00000000 00000039 008b3199 00000001 00000000 00000001 00000000 00000000 00000000 00000000 00000000 00000000 00000000 00000000 00000000 00000000 00000000 00000000 00000000 00000000 00000000 00000000 f72598d4 00000001 96ec895d 00000000 00000000 00000000 00000000 00000000 00000101 00000080 00000000 00000000 00000000 00000000 00000000 00000000 00000000 00003333 00004ccd 00002667 00000001 00000000 01c9c380 0000027c
capture_snapshot GLI1 00010000 30000000 2500000 1063 0 30000000 0 0 0 0 0 0 0 8a7d66c4 00000000 96ef8adc 00000000 01098303 00000000 01098303 00000000 0000006a 00000000 00000000 00000000 0c72292f 00000000 0109836d 00000000 00000000 00000000 00000000 00000039 008b3199 00000001 00000000 00000001 00000000 00000000 00000000 00000000 00000000 00000000 00000000 00000000 00000000 00000000 00000000 00000000 00000000 00000000 00000000 00000000 f72f9e03 00000001 96ef8af1 00000000 00000000 00000000 00000000 00000000 00000101 00000080 00000000 00000000 00000000 00000000 00000000 00000000 00000000 00003333 00004ccd 00002667 00000001 00000000 01c9c380 0000027c
capture_snapshot GLI1 00010000 30000000 2500000 1064 0 30000000 0 0 0 0 0 0 0 8a7d66c4 00000000 96f28ff8 00000000 0109c370 00000000 0109c370 00000000 0000006a 00000000 00000000 00000000 0c752e4e 00000000 0109c3da 00000000 00000000 00000000 00000000 00000039 008b3199 00000001 00000000 00000001 00000000 00000000 00000000 00000000 00000000 00000000 00000000 00000000 00000000 00000000 00000000 00000000 00000000 00000000 00000000 00000000 f739af04 00000001 96f29010 00000000 00000000 00000000 00000000 00000000 00000100 00000080 00000000 00000000 00000000 00000000 00000000 00000000 00000000 00003333 00004ccd 00002667 00000001 00000000 01c9c380 0000027c
capture_snapshot GLI1 00010000 30000000 2500000 1065 0 30000000 0 0 0 0 0 0 0 8a7d66c4 00000000 96f58b48 00000000 010a030c 00000000 010a030c 00000000 0000006a 00000000 00000000 00000000 0c78299f 00000000 010a0376 00000000 00000000 00000000 00000000 00000039 008b3199 00000001 00000000 00000001 00000000 00000000 00000000 00000000 00000000 00000000 00000000 00000000 00000000 00000000 00000000 00000000 00000000 00000000 00000000 00000000 f7439f52 00000001 96f58b61 00000000 00000000 00000000 00000000 00000000 00000101 00000081 00000000 00000000 00000000 00000000 00000000 00000000 00000000 00003333 00004ccd 00002667 00000001 00000000 01c9c380 0000027c
capture_snapshot GLI1 00010000 30000000 2500000 1066 0 30000000 0 0 0 0 0 0 0 8a7d66c4 00000000 96f88f68 00000000 010a4364 00000000 010a4364 00000000 0000006a 00000000 00000000 00000000 0c7b2dbd 00000000 010a43ce 00000000 00000000 00000000 00000000 00000039 008b3199 00000001 00000000 00000001 00000000 00000000 00000000 00000000 00000000 00000000 00000000 00000000 00000000 00000000 00000000 00000000 00000000 00000000 00000000 00000000 f74dacf8 00000001 96f88f7f 00000000 00000000 00000000 00000000 00000000 00000101 00000081 00000000 00000000 00000000 00000000 00000000 00000000 00000000 00003333 00004ccd 00002667 00000001 00000000 01c9c380 0000027c
capture_snapshot GLI1 00010000 30000000 2500000 1067 0 30000000 0 0 0 0 0 0 0 8a7d66c4 00000000 96fb8974 00000000 010a82e5 00000000 010a82e5 00000000 0000006a 00000000 00000000 00000000 0c7e27c9 00000000 010a834f 00000000 00000000 00000000 00000000 00000039 008b3199 00000001 00000000 00000001 00000000 00000000 00000000 00000000 00000000 00000000 00000000 00000000 00000000 00000000 00000000 00000000 00000000 00000000 00000000 00000000 f757990c 00000001 96fb898b 00000000 00000000 00000000 00000000 00000000 00000101 00000080 00000000 00000000 00000000 00000000 00000000 00000000 00000000 00003333 00004ccd 00002667 00000001 00000000 01c9c380 0000027c
capture_snapshot GLI1 00010000 30000000 2500000 1068 0 30000000 0 0 0 0 0 0 0 8a7d66c4 00000000 96fe88fc 00000000 010ac2db 00000000 010ac2db 00000000 0000006a 00000000 00000000 00000000 0c812753 00000000 010ac345 00000000 00000000 00000000 00000000 00000039 008b3199 00000001 00000000 00000001 00000000 00000000 00000000 00000000 00000000 00000000 00000000 00000000 00000000 00000000 00000000 00000000 00000000 00000000 00000000 00000000 f761976f 00000001 96fe8915 00000000 00000000 00000000 00000000 00000000 00000101 00000080 00000000 00000000 00000000 00000000 00000000 00000000 00000000 00003333 00004ccd 00002667 00000001 00000000 01c9c380 0000027c
capture_snapshot GLI1 00010000 30000000 2500000 1069 0 30000000 0 0 0 0 0 0 0 8a7d66c4 00000000 97018e9c 00000000 010b0353 00000000 010b0353 00000000 0000006a 00000000 00000000 00000000 0c842cf0 00000000 010b03bd 00000000 00000000 00000000 00000000 00000039 008b3199 00000001 00000000 00000001 00000000 00000000 00000000 00000000 00000000 00000000 00000000 00000000 00000000 00000000 00000000 00000000 00000000 00000000 00000000 00000000 f76baa13 00000001 97018eb2 00000000 00000000 00000000 00000000 00000000 00000101 00000080 00000000 00000000 00000000 00000000 00000000 00000000 00000000 00003333 00004ccd 00002667 00000001 00000000 01c9c380 0000027c
capture_snapshot GLI1 00010000 30000000 2500000 1070 0 30000000 0 0 0 0 0 0 0 8a7d66c4 00000000 97048bb4 00000000 010b4315 00000000 010b4315 00000000 0000006a 00000000 00000000 00000000 0c872a05 00000000 010b437f 00000000 00000000 00000000 00000000 00000039 008b3199 00000001 00000000 00000001 00000000 00000000 00000000 00000000 00000000 00000000 00000000 00000000 00000000 00000000 00000000 00000000 00000000 00000000 00000000 00000000 f775a046 00000001 97048bc7 00000000 00000000 00000000 00000000 00000000 00000100 00000080 00000000 00000000 00000000 00000000 00000000 00000000 00000000 00003333 00004ccd 00002667 00000001 00000000 01c9c380 0000027c
capture_snapshot GLI1 00010000 30000000 2500000 1071 0 30000000 0 0 0 0 0 0 0 8a7d66c4 00000000 9707874c 00000000 010b82b7 00000000 010b82b7 00000000 0000006a 00000000 00000000 00000000 0c8a25a1 00000000 010b8321 00000000 00000000 00000000 00000000 00000039 008b3199 00000001 00000000 00000001 00000000 00000000 00000000 00000000 00000000 00000000 00000000 00000000 00000000 00000000 00000000 00000000 00000000 00000000 00000000 00000000 f77f918d 00000001 97078763 00000000 00000000 00000000 00000000 00000000 00000100 00000080 00000000 00000000 00000000 00000000 00000000 00000000 00000000 00003333 00004ccd 00002667 00000001 00000000 01c9c380 0000027c
capture_snapshot GLI1 00010000 30000000 2500000 1072 0 30000000 0 0 0 0 0 0 0 8a7d66c4 00000000 970a8fd4 00000000 010bc36d 00000000 010bc36d 00000000 0000006a 00000000 00000000 00000000 0c8d2e27 00000000 010bc3d7 00000000 00000000 00000000 00000000 00000039 008b3199 00000001 00000000 00000001 00000000 00000000 00000000 00000000 00000000 00000000 00000000 00000000 00000000 00000000 00000000 00000000 00000000 00000000 00000000 00000000 f789ade4 00000001 970a8fe9 00000000 00000000 00000000 00000000 00000000 00000101 00000081 00000000 00000000 00000000 00000000 00000000 00000000 00000000 00003333 00004ccd 00002667 00000001 00000000 01c9c380 0000027c
capture_snapshot GLI1 00010000 30000000 2500000 1073 0 30000000 0 0 0 0 0 0 0 8a7d66c4 00000000 970d9538 00000000 010c03e0 00000000 010c03e0 00000000 0000006a 00000000 00000000 00000000 0c903387 00000000 010c044a 00000000 00000000 00000000 00000000 00000039 008b3199 00000001 00000000 00000001 00000000 00000000 00000000 00000000 00000000 00000000 00000000 00000000 00000000 00000000 00000000 00000000 00000000 00000000 00000000 00000000 f793bfbc 00000001 970d9549 00000000 00000000 00000000 00000000 00000000 00000101 00000080 00000000 00000000 00000000 00000000 00000000 00000000 00000000 00003333 00004ccd 00002667 00000001 00000000 01c9c380 0000027c
capture_snapshot GLI1 00010000 30000000 2500000 1074 0 30000000 0 0 0 0 0 0 0 8a7d66c4 00000000 97109718 00000000 010c4408 00000000 010c4408 00000000 0000006a 00000000 00000000 00000000 0c93356a 00000000 010c4472 00000000 00000000 00000000 00000000 00000039 008b3199 00000001 00000000 00000001 00000000 00000000 00000000 00000000 00000000 00000000 00000000 00000000 00000000 00000000 00000000 00000000 00000000 00000000 00000000 00000000 f79dc5f2 00000001 9710972c 00000000 00000000 00000000 00000000 00000000 00000101 00000081 00000000 00000000 00000000 00000000 00000000 00000000 00000000 00003333 00004ccd 00002667 00000001 00000000 01c9c380 0000027c
capture_snapshot GLI1 00010000 30000000 2500000 1075 0 30000000 0 0 0 0 0 0 0 8a7d66c4 00000000 97138c8c 00000000 010c8327 00000000 010c8327 00000000 0000006a 00000000 00000000 00000000 0c962ae1 00000000 010c8391 00000000 00000000 00000000 00000000 00000039 008b3199 00000001 00000000 00000001 00000000 00000000 00000000 00000000 00000000 00000000 00000000 00000000 00000000 00000000 00000000 00000000 00000000 00000000 00000000 00000000 f7a7a2bf 00000001 97138ca3 00000000 00000000 00000000 00000000 00000000 00000100 00000080 00000000 00000000 00000000 00000000 00000000 00000000 00000000 00003333 00004ccd 00002667 00000001 00000000 01c9c380 0000027c
capture_snapshot GLI1 00010000 30000000 2500000 1076 0 30000000 0 0 0 0 0 0 0 8a7d66c4 00000000 971685a8 00000000 010cc294 00000000 010cc294 00000000 0000006a 00000000 00000000 00000000 0c9923f8 00000000 010cc2fe 00000000 00000000 00000000 00000000 00000039 008b3199 00000001 00000000 00000001 00000000 00000000 00000000 00000000 00000000 00000000 00000000 00000000 00000000 00000000 00000000 00000000 00000000 00000000 00000000 00000000 f7b18ba4 00000001 971685ba 00000000 00000000 00000000 00000000 00000000 00000101 00000080 00000000 00000000 00000000 00000000 00000000 00000000 00000000 00003333 00004ccd 00002667 00000001 00000000 01c9c380 0000027c
capture_snapshot GLI1 00010000 30000000 2500000 1077 0 30000000 0 0 0 0 0 0 0 8a7d66c4 00000000 97198e9c 00000000 010d0353 00000000 010d0353 00000000 0000006a 00000000 00000000 00000000 0c9c2ced 00000000 010d03bd 00000000 00000000 00000000 00000000 00000039 008b3199 00000001 00000000 00000001 00000000 00000000 00000000 00000000 00000000 00000000 00000000 00000000 00000000 00000000 00000000 00000000 00000000 00000000 00000000 00000000 f7bba96b 00000001 97198eaf 00000000 00000000 00000000 00000000 00000000 00000100 00000080 00000000 00000000 00000000 00000000 00000000 00000000 00000000 00003333 00004ccd 00002667 00000001 00000000 01c9c380 0000027c
capture_snapshot GLI1 00010000 30000000 2500000 1078 0 30000000 0 0 0 0 0 0 0 8a7d66c4 00000000 971c8d40 00000000 010d4336 00000000 010d4336 00000000 0000006a 00000000 00000000 00000000 0c9f2b8f 00000000 010d43a0 00000000 00000000 00000000 00000000 00000039 008b3199 00000001 00000000 00000001 00000000 00000000 00000000 00000000 00000000 00000000 00000000 00000000 00000000 00000000 00000000 00000000 00000000 00000000 00000000 00000000 f7c5a4cb 00000001 971c8d51 00000000 00000000 00000000 00000000 00000000 00000100 00000080 00000000 00000000 00000000 00000000 00000000 00000000 00000000 00003333 00004ccd 00002667 00000001 00000000 01c9c380 0000027c
capture_snapshot GLI1 00010000 30000000 2500000 1079 0 30000000 0 0 0 0 0 0 0 8a7d66c4 00000000 971f8b78 00000000 010d8310 00000000 010d8310 00000000 0000006a 00000000 00000000 00000000 0ca229cd 00000000 010d837a 00000000 00000000 00000000 00000000 00000039 008b3199 00000001 00000000 00000001 00000000 00000000 00000000 00000000 00000000 00000000 00000000 00000000 00000000 00000000 00000000 00000000 00000000 00000000 00000000 00000000 f7cf9edb 00000001 971f8b8f 00000000 00000000 00000000 00000000 00000000 00000101 00000081 00000000 00000000 00000000 00000000 00000000 00000000 00000000 00003333 00004ccd 00002667 00000001 00000000 01c9c380 0000027c
capture_snapshot GLI1 00010000 30000000 2500000 1080 0 30000000 0 0 0 0 0 0 0 8a7d66c4 00000000 97228974 00000000 010dc2e5 00000000 010dc2e5 00000000 0000006a 00000000 00000000 00000000 0ca527c8 00000000 010dc34f 00000000 00000000 00000000 00000000 00000039 008b3199 00000001 00000000 00000001 00000000 00000000 00000000 00000000 00000000 00000000 00000000 00000000 00000000 00000000 00000000 00000000 00000000 00000000 00000000 00000000 f7d9980c 00000001 9722898a 00000000 00000000 00000000 00000000 00000000 00000101 00000081 00000000 00000000 00000000 00000000 00000000 00000000 00000000 00003333 00004ccd 00002667 00000001 00000000 01c9c380 0000027c
capture_snapshot GLI1 00010000 30000000 2500000 1081 0 30000000 0 0 0 0 0 0 0 8a7d66c4 00000000 97258998 00000000 010e02e8 00000000 010e02e8 00000000 0000006a 00000000 00000000 00000000 0ca827e9 00000000 010e0352 00000000 00000000 00000000 00000000 00000039 008b3199 00000001 00000000 00000001 00000000 00000000 00000000 00000000 00000000 00000000 00000000 00000000 00000000 00000000 00000000 00000000 00000000 00000000 00000000 00000000 f7e39866 00000001 972589ab 00000000 00000000 00000000 00000000 00000000 00000101 00000081 00000000 00000000 00000000 00000000 00000000 00000000 00000000 00003333 00004ccd 00002667 00000001 00000000 01c9c380 0000027c
capture_snapshot GLI1 00010000 30000000 2500000 1082 0 30000000 0 0 0 0 0 0 0 8a7d66c4 00000000 97289004 00000000 010e4371 00000000 010e4371 00000000 0000006a 00000000 00000000 00000000 0cab2e51 00000000 010e43db 00000000 00000000 00000000 00000000 00000039 008b3199 00000001 00000000 00000001 00000000 00000000 00000000 00000000 00000000 00000000 00000000 00000000 00000000 00000000 00000000 00000000 00000000 00000000 00000000 00000000 f7edadae 00000001 97289013 00000000 00000000 00000000 00000000 00000000 00000101 00000081 00000000 00000000 00000000 00000000 00000000 00000000 00000000 00003333 00004ccd 00002667 00000001 00000000 01c9c380 0000027c
capture_snapshot GLI1 00010000 30000000 2500000 1083 0 30000000 0 0 0 0 0 0 0 8a7d66c4 00000000 972b98f8 00000000 010e8430 00000000 010e8430 00000000 0000006a 00000000 00000000 00000000 0cae374a 00000000 010e849a 00000000 00000000 00000000 00000000 00000039 008b3199 00000001 00000000 00000001 00000000 00000000 00000000 00000000 00000000 00000000 00000000 00000000 00000000 00000000 00000000 00000000 00000000 00000000 00000000 00000000 f7f7cb82 00000001 972b990c 00000000 00000000 00000000 00000000 00000000 00000101 00000081 00000000 00000000 00000000 00000000 00000000 00000000 00000000 00003333 00004ccd 00002667 00000001 00000000 01c9c380 0000027c
capture_snapshot GLI1 00010000 30000000 2500000 1084 0 30000000 0 0 0 0 0 0 0 8a7d66c4 00000000 972e8c2c 00000000 010ec31f 00000000 010ec31f 00000000 0000006a 00000000 00000000 00000000 0cb12a81 00000000 010ec389 00000000 00000000 00000000 00000000 00000039 008b3199 00000001 00000000 00000001 00000000 00000000 00000000 00000000 00000000 00000000 00000000 00000000 00000000 00000000 00000000 00000000 00000000 00000000 00000000 00000000 f801a0d0 00000001 972e8c43 00000000 00000000 00000000 00000000 00000000 00000101 00000080 00000000 00000000 00000000 00000000 00000000 00000000 00000000 00003333 00004ccd 00002667 00000001 00000000 01c9c380 0000027c
capture_snapshot GLI1 00010000 30000000 2500000 1085 0 30000000 0 0 0 0 0 0 0 8a7d66c4 00000000 973189bc 00000000 010f02eb 00000000 010f02eb 00000000 0000006a 00000000 00000000 00000000 0cb42811 00000000 010f0355 00000000 00000000 00000000 00000000 00000039 008b3199 00000001 00000000 00000001 00000000 00000000 00000000 00000000 00000000 00000000 00000000 00000000 00000000 00000000 00000000 00000000 00000000 00000000 00000000 00000000 f80b989e 00000001 973189d3 00000000 00000000 00000000 00000000 00000000 00000101 00000081 00000000 00000000 00000000 00000000 00000000 00000000 00000000 00003333 00004ccd 00002667 00000001 00000000 01c9c380 0000027c
capture_snapshot GLI1 00010000 30000000 2500000 1086 0 30000000 0 0 0 0 0 0 0 8a7d66c4 00000000 97348938 00000000 010f42e0 00000000 010f42e0 00000000 0000006a 00000000 00000000 00000000 0cb7278b 00000000 010f434a 00000000 00000000 00000000 00000000 00000039 008b3199 00000001 00000000 00000001 00000000 00000000 00000000 00000000 00000000 00000000 00000000 00000000 00000000 00000000 00000000 00000000 00000000 00000000 00000000 00000000 f81596cc 00000001 9734894d 00000000 00000000 00000000 00000000 00000000 00000101 00000081 00000000 00000000 00000000 00000000 00000000 00000000 00000000 00003333 00004ccd 00002667 00000001 00000000 01c9c380 0000027c
capture_snapshot GLI1 00010000 30000000 2500000 1087 0 30000000 0 0 0 0 0 0 0 8a7d66c4 00000000 97379070 00000000 010f837a 00000000 010f837a 00000000 0000006a 00000000 00000000 00000000 0cba2ec3 00000000 010f83e4 00000000 00000000 00000000 00000000 00000039 008b3199 00000001 00000000 00000001 00000000 00000000 00000000 00000000 00000000 00000000 00000000 00000000 00000000 00000000 00000000 00000000 00000000 00000000 00000000 00000000 f81faec8 00000001 97379085 00000000 00000000 00000000 00000000 00000000 00000101 00000081 00000000 00000000 00000000 00000000 00000000 00000000 00000000 00003333 00004ccd 00002667 00000001 00000000 01c9c380 0000027c
capture_snapshot GLI1 00010000 30000000 2500000 1088 0 30000000 0 0 0 0 0 0 0 8a7d66c4 00000000 973a952c 00000000 010fc3df 00000000 010fc3df 00000000 0000006a 00000000 00000000 00000000 0cbd3381 00000000 010fc449 00000000 00000000 00000000 00000000 00000039 008b3199 00000001 00000000 00000001 00000000 00000000 00000000 00000000 00000000 00000000 00000000 00000000 00000000 00000000 00000000 00000000 00000000 00000000 00000000 00000000 f829be85 00000001 973a9543 00000000 00000000 00000000 00000000 00000000 00000100 00000080 00000000 00000000 00000000 00000000 00000000 00000000 00000000 00003333 00004ccd 00002667 00000001 00000000 01c9c380 0000027c
capture_snapshot GLI1 00010000 30000000 2500000 1089 0 30000000 0 0 0 0 0 0 0 8a7d66c4 00000000 973d99b8 00000000 01100440 00000000 01100440 00000000 0000006a 00000000 00000000 00000000 0cc03808 00000000 011004aa 00000000 00000000 00000000 00000000 00000039 008b3199 00000001 00000000 00000001 00000000 00000000 00000000 00000000 00000000 00000000 00000000 00000000 00000000 00000000 00000000 00000000 00000000 00000000 00000000 00000000 f833cd86 00000001 973d99ca 00000000 00000000 00000000 00000000 00000000 00000101 00000080 00000000 00000000 00000000 00000000 00000000 00000000 00000000 00003333 00004ccd 00002667 00000001 00000000 01c9c380 0000027c
capture_snapshot GLI1 00010000 30000000 2500000 1090 0 30000000 0 0 0 0 0 0 0 8a7d66c4 00000000 9740889c 00000000 011042d3 00000000 011042d3 00000000 0000006a 00000000 00000000 00000000 0cc326f2 00000000 0110433d 00000000 00000000 00000000 00000000 00000039 008b3199 00000001 00000000 00000001 00000000 00000000 00000000 00000000 00000000 00000000 00000000 00000000 00000000 00000000 00000000 00000000 00000000 00000000 00000000 00000000 f83d9481 00000001 974088b4 00000000 00000000 00000000 00000000 00000000 00000100 00000080 00000000 00000000 00000000 00000000 00000000 00000000 00000000 00003333 00004ccd 00002667 00000001 00000000 01c9c380 0000027c
capture_snapshot GLI1 00010000 30000000 2500000 1091 0 30000000 0 0 0 0 0 0 0 8a7d66c4 00000000 974389d4 00000000 011082ed 00000000 011082ed 00000000 0000006a 00000000 00000000 00000000 0cc62829 00000000 01108357 00000000 00000000 00000000 00000000 00000039 008b3199 00000001 00000000 00000001 00000000 00000000 00000000 00000000 00000000 00000000 00000000 00000000 00000000 00000000 00000000 00000000 00000000 00000000 00000000 00000000 f8479879 00000001 974389eb 00000000 00000000 00000000 00000000 00000000 00000101 00000081 00000000 00000000 00000000 00000000 00000000 00000000 00000000 00003333 00004ccd 00002667 00000001 00000000 01c9c380 0000027c
capture_snapshot GLI1 00010000 30000000 2500000 1092 0 30000000 0 0 0 0 0 0 0 8a7d66c4 00000000 97468c14 00000000 0110c31d 00000000 0110c31d 00000000 0000006a 00000000 00000000 00000000 0cc92a61 00000000 0110c387 00000000 00000000 00000000 00000000 00000039 008b3199 00000001 00000000 00000001 00000000 00000000 00000000 00000000 00000000 00000000 00000000 00000000 00000000 00000000 00000000 00000000 00000000 00000000 00000000 00000000 f8519fca 00000001 97468c23 00000000 00000000 00000000 00000000 00000000 00000101 00000081 00000000 00000000 00000000 00000000 00000000 00000000 00000000 00003333 00004ccd 00002667 00000001 00000000 01c9c380 0000027c
capture_snapshot GLI1 00010000 30000000 2500000 1093 0 30000000 0 0 0 0 0 0 0 8a7d66c4 00000000 97498c98 00000000 01110328 00000000 01110328 00000000 0000006a 00000000 00000000 00000000 0ccc2ae5 00000000 01110392 00000000 00000000 00000000 00000000 00000039 008b3199 00000001 00000000 00000001 00000000 00000000 00000000 00000000 00000000 00000000 00000000 00000000 00000000 00000000 00000000 00000000 00000000 00000000 00000000 00000000 f85ba171 00000001 97498ca7 00000000 00000000 00000000 00000000 00000000 00000100 00000080 00000000 00000000 00000000 00000000 00000000 00000000 00000000 00003333 00004ccd 00002667 00000001 00000000 01c9c380 0000027c
capture_snapshot GLI1 00010000 30000000 2500000 1094 0 30000000 0 0 0 0 0 0 0 8a7d66c4 00000000 974c89a4 00000000 011142e9 00000000 011142e9 00000000 0000006a 00000000 00000000 00000000 0ccf27f9 00000000 01114353 00000000 00000000 00000000 00000000 00000039 008b3199 00000001 00000000 00000001 00000000 00000000 00000000 00000000 00000000 00000000 00000000 00000000 00000000 00000000 00000000 00000000 00000000 00000000 00000000 00000000 f865979d 00000001 974c89bb 00000000 00000000 00000000 00000000 00000000 00000100 00000080 00000000 00000000 00000000 00000000 00000000 00000000 00000000 00003333 00004ccd 00002667 00000001 00000000 01c9c380 0000027c
capture_snapshot GLI1 00010000 30000000 2500000 1095 0 30000000 0 0 0 0 0 0 0 8a7d66c4 00000000 974f8920 00000000 011182de 00000000 011182de 00000000 0000006a 00000000 00000000 00000000 0cd22774 00000000 01118348 00000000 00000000 00000000 00000000 00000039 008b3199 00000001 00000000 00000001 00000000 00000000 00000000 00000000 00000000 00000000 00000000 00000000 00000000 00000000 00000000 00000000 00000000 00000000 00000000 00000000 f86f95d0 00000001 974f8936 00000000 00000000 00000000 00000000 00000000 00000101 00000080 00000000 00000000 00000000 00000000 00000000 00000000 00000000 00003333 00004ccd 00002667 00000001 00000000 01c9c380 0000027c
capture_snapshot GLI1 00010000 30000000 2500000 1096 0 30000000 0 0 0 0 0 0 0 8a7d66c4 00000000 97528a7c 00000000 0111c2fb 00000000 0111c2fb 00000000 0000006a 00000000 00000000 00000000 0cd528d3 00000000 0111c365 00000000 00000000 00000000 00000000 00000039 008b3199 00000001 00000000 00000001 00000000 00000000 00000000 00000000 00000000 00000000 00000000 00000000 00000000 00000000 00000000 00000000 00000000 00000000 00000000 00000000 f8799a4d 00000001 97528a95 00000000 00000000 00000000 00000000 00000000 00000101 00000080 00000000 00000000 00000000 00000000 00000000 00000000 00000000 00003333 00004ccd 00002667 00000001 00000000 01c9c380 0000027c
capture_snapshot GLI1 00010000 30000000 2500000 1097 0 30000000 0 0 0 0 0 0 0 8a7d66c4 00000000 97558b54 00000000 0112030d 00000000 0112030d 00000000 0000006a 00000000 00000000 00000000 0cd829a8 00000000 01120377 00000000 00000000 00000000 00000000 00000039 008b3199 00000001 00000000 00000001 00000000 00000000 00000000 00000000 00000000 00000000 00000000 00000000 00000000 00000000 00000000 00000000 00000000 00000000 00000000 00000000 f8839cff 00000001 97558b6a 00000000 00000000 00000000 00000000 00000000 00000100 00000080 00000000 00000000 00000000 00000000 00000000 00000000 00000000 00003333 00004ccd 00002667 00000001 00000000 01c9c380 0000027c
capture_snapshot GLI1 00010000 30000000 2500000 1098 0 30000000 0 0 0 0 0 0 0 8a7d66c4 00000000 97588ad0 00000000 01124302 00000000 01124302 00000000 0000006a 00000000 00000000 00000000 0cdb2920 00000000 0112436c 00000000 00000000 00000000 00000000 00000039 008b3199 00000001 00000000 00000001 00000000 00000000 00000000 00000000 00000000 00000000 00000000 00000000 00000000 00000000 00000000 00000000 00000000 00000000 00000000 00000000 f88d9b28 00000001 97588ae2 00000000 00000000 00000000 00000000 00000000 00000101 00000080 00000000 00000000 00000000 00000000 00000000 00000000 00000000 00003333 00004ccd 00002667 00000001 00000000 01c9c380 0000027c
capture_snapshot GLI1 00010000 30000000 2500000 1099 0 30000000 0 0 0 0 0 0 0 8a7d66c4 00000000 975b8a10 00000000 011282f2 00000000 011282f2 00000000 0000006a 00000000 00000000 00000000 0cde2863 00000000 0112835c 00000000 00000000 00000000 00000000 00000039 008b3199 00000001 00000000 00000001 00000000 00000000 00000000 00000000 00000000 00000000 00000000 00000000 00000000 00000000 00000000 00000000 00000000 00000000 00000000 00000000 f897989f 00000001 975b8a25 00000000 00000000 00000000 00000000 00000000 00000100 00000080 00000000 00000000 00000000 00000000 00000000 00000000 00000000 00003333 00004ccd 00002667 00000001 00000000 01c9c380 0000027c
capture_snapshot GLI1 00010000 30000000 2500000 1100 0 30000000 0 0 0 0 0 0 0 8a7d66c4 00000000 975e8938 00000000 0112c2e0 00000000 0112c2e0 00000000 0000006a 00000000 00000000 00000000 0ce12789 00000000 0112c34a 00000000 00000000 00000000 00000000 00000039 008b3199 00000001 00000000 00000001 00000000 00000000 00000000 00000000 00000000 00000000 00000000 00000000 00000000 00000000 00000000 00000000 00000000 00000000 00000000 00000000 f8a195b3 00000001 975e894b 00000000 00000000 00000000 00000000 00000000 00000101 00000080 00000000 00000000 00000000 00000000 00000000 00000000 00000000 00003333 00004ccd 00002667 00000001 00000000 01c9c380 0000027c
capture_snapshot GLI1 00010000 30000000 2500000 1101 0 30000000 0 0 0 0 0 0 0 8a7d66c4 00000000 976190c4 00000000 01130381 00000000 01130381 00000000 0000006a 00000000 00000000 00000000 0ce42f13 00000000 011303eb 00000000 00000000 00000000 00000000 00000039 008b3199 00000001 00000000 00000001 00000000 00000000 00000000 00000000 00000000 00000000 00000000 00000000 00000000 00000000 00000000 00000000 00000000 00000000 00000000 00000000 f8abaec1 00000001 976190d5 00000000 00000000 00000000 00000000 00000000 00000101 00000080 00000000 00000000 00000000 00000000 00000000 00000000 00000000 00003333 00004ccd 00002667 00000001 00000000 01c9c380 0000027c
capture_snapshot GLI1 00010000 30000000 2500000 1102 0 30000000 0 0 0 0 0 0 0 8a7d66c4 00000000 97649514 00000000 011343dd 00000000 011343dd 00000000 0000006a 00000000 00000000 00000000 0ce7336a 00000000 01134447 00000000 00000000 00000000 00000000 00000039 008b3199 00000001 00000000 00000001 00000000 00000000 00000000 00000000 00000000 00000000 00000000 00000000 00000000 00000000 00000000 00000000 00000000 00000000 00000000 00000000 f8b5bd26 00000001 9764952c 00000000 00000000 00000000 00000000 00000000 00000101 00000081 00000000 00000000 00000000 00000000 00000000 00000000 00000000 00003333 00004ccd 00002667 00000001 00000000 01c9c380 0000027c
capture_snapshot GLI1 00010000 30000000 2500000 1103 0 30000000 0 0 0 0 0 0 0 8a7d66c4 00000000 97679730 00000000 0113840a 00000000 0113840a 00000000 0000006a 00000000 00000000 00000000 0cea3580 00000000 01138474 00000000 00000000 00000000 00000000 00000039 008b3199 00000001 00000000 00000001 00000000 00000000 00000000 00000000 00000000 00000000 00000000 00000000 00000000 00000000 00000000 00000000 00000000 00000000 00000000 00000000 f8bfc407 00000001 97679742 00000000 00000000 00000000 00000000 00000000 00000100 00000080 00000000 00000000 00000000 00000000 00000000 00000000 00000000 00003333 00004ccd 00002667 00000001 00000000 01c9c380 0000027c
capture_snapshot GLI1 00010000 30000000 2500000 1104 0 30000000 0 0 0 0 0 0 0 8a7d66c4 00000000 976a8a88 00000000 0113c2fc 00000000 0113c2fc 00000000 0000006a 00000000 00000000 00000000 0ced28df 00000000 0113c366 00000000 00000000 00000000 00000000 00000039 008b3199 00000001 00000000 00000001 00000000 00000000 00000000 00000000 00000000 00000000 00000000 00000000 00000000 00000000 00000000 00000000 00000000 00000000 00000000 00000000 f8c999d9 00000001 976a8aa1 00000000 00000000 00000000 00000000 00000000 00000101 00000080 00000000 00000000 00000000 00000000 00000000 00000000 00000000 00003333 00004ccd 00002667 00000001 00000000 01c9c380 0000027c
capture_snapshot GLI1 00010000 30000000 2500000 1105 0 30000000 0 0 0 0 0 0 0 8a7d66c4 00000000 976d8a58 00000000 011402f8 00000000 011402f8 00000000 0000006a 00000000 00000000 00000000 0cf028ac 00000000 01140362 00000000 00000000 00000000 00000000 00000039 008b3199 00000001 00000000 00000001 00000000 00000000 00000000 00000000 00000000 00000000 00000000 00000000 00000000 00000000 00000000 00000000 00000000 00000000 00000000 00000000 f8d3991c 00000001 976d8a6e 00000000 00000000 00000000 00000000 00000000 00000101 00000081 00000000 00000000 00000000 00000000 00000000 00000000 00000000 00003333 00004ccd 00002667 00000001 00000000 01c9c380 0000027c
capture_snapshot GLI1 00010000 30000000 2500000 1106 0 30000000 0 0 0 0 0 0 0 8a7d66c4 00000000 97709040 00000000 01144376 00000000 01144376 00000000 0000006a 00000000 00000000 00000000 0cf32e97 00000000 011443e0 00000000 00000000 00000000 00000000 00000039 008b3199 00000001 00000000 00000001 00000000 00000000 00000000 00000000 00000000 00000000 00000000 00000000 00000000 00000000 00000000 00000000 00000000 00000000 00000000 00000000 f8ddacc4 00000001 97709059 00000000 00000000 00000000 00000000 00000000 00000100 00000080 00000000 00000000 00000000 00000000 00000000 00000000 00000000 00003333 00004ccd 00002667 00000001 00000000 01c9c380 0000027c
capture_snapshot GLI1 00010000 30000000 2500000 1107 0 30000000 0 0 0 0 0 0 0 8a7d66c4 00000000 97738ce0 00000000 0114832e 00000000 0114832e 00000000 0000006a 00000000 00000000 00000000 0cf62b31 00000000 01148398 00000000 00000000 00000000 00000000 00000039 008b3199 00000001 00000000 00000001 00000000 00000000 00000000 00000000 00000000 00000000 00000000 00000000 00000000 00000000 00000000 00000000 00000000 00000000 00000000 00000000 f8e7a15b 00000001 97738cf3 00000000 00000000 00000000 00000000 00000000 00000101 00000081 00000000 00000000 00000000 00000000 00000000 00000000 00000000 00003333 00004ccd 00002667 00000001 00000000 01c9c380 0000027c
capture_snapshot GLI1 00010000 30000000 2500000 1108 0 30000000 0 0 0 0 0 0 0 8a7d66c4 00000000 97768e54 00000000 0114c34d 00000000 0114c34d 00000000 0000006a 00000000 00000000 00000000 0cf92ca4 00000000 0114c3b7 00000000 00000000 00000000 00000000 00000039 008b3199 00000001 00000000 00000001 00000000 00000000 00000000 00000000 00000000 00000000 00000000 00000000 00000000 00000000 00000000 00000000 00000000 00000000 00000000 00000000 f8f1a61c 00000001 97768e66 00000000 00000000 00000000 00000000 00000000 00000101 00000081 00000000 00000000 00000000 00000000 00000000 00000000 00000000 00003333 00004ccd 00002667 00000001 00000000 01c9c380 0000027c
capture_snapshot GLI1 00010000 30000000 2500000 1109 0 30000000 0 0 0 0 0 0 0 8a7d66c4 00000000 97798854 00000000 011502cd 00000000 011502cd 00000000 0000006a 00000000 00000000 00000000 0cfc26a1 00000000 01150337 00000000 00000000 00000000 00000000 00000039 008b3199 00000001 00000000 00000001 00000000 00000000 00000000 00000000 00000000 00000000 00000000 00000000 00000000 00000000 00000000 00000000 00000000 00000000 00000000 00000000 f8fb9200 00000001 97798863 00000000 00000000 00000000 00000000 00000000 00000100 00000081 00000000 00000000 00000000 00000000 00000000 00000000 00000000 00003333 00004ccd 00002667 00000001 00000000 01c9c380 0000027c
capture_snapshot GLI1 00010000 30000000 2500000 1110 0 30000000 0 0 0 0 0 0 0 8a7d66c4 00000000 977c89b0 00000000 011542ea 00000000 011542ea 00000000 0000006a 00000000 00000000 00000000 0cff2802 00000000 01154354 00000000 00000000 00000000 00000000 00000039 008b3199 00000001 00000000 00000001 00000000 00000000 00000000 00000000 00000000 00000000 00000000 00000000 00000000 00000000 00000000 00000000 00000000 00000000 00000000 00000000 f9059685 00000001 977c89c4 00000000 00000000 00000000 00000000 00000000 00000101 00000081 00000000 00000000 00000000 00000000 00000000 00000000 00000000 00003333 00004ccd 00002667 00000001 00000000 01c9c380 0000027c
capture_snapshot GLI1 00010000 30000000 2500000 1111 0 30000000 0 0 0 0 0 0 0 8a7d66c4 00000000 977f94f0 00000000 011583da 00000000 011583da 00000000 0000006a 00000000 00000000 00000000 0d02333e 00000000 01158444 00000000 00000000 00000000 00000000 00000039 008b3199 00000001 00000000 00000001 00000000 00000000 00000000 00000000 00000000 00000000 00000000 00000000 00000000 00000000 00000000 00000000 00000000 00000000 00000000 00000000 f90fbbe3 00000001 977f9500 00000000 00000000 00000000 00000000 00000000 00000101 00000081 00000000 00000000 00000000 00000000 00000000 00000000 00000000 00003333 00004ccd 00002667 00000001 00000000 01c9c380 0000027c
capture_snapshot GLI1 00010000 30000000 2500000 1112 0 30000000 0 0 0 0 0 0 0 8a7d66c4 00000000 97829ec8 00000000 0115c4ac 00000000 0115c4ac 00000000 0000006a 00000000 00000000 00000000 0d053d16 00000000 0115c516 00000000 00000000 00000000 00000000 00000039 008b3199 00000001 00000000 00000001 00000000 00000000 00000000 00000000 00000000 00000000 00000000 00000000 00000000 00000000 00000000 00000000 00000000 00000000 00000000 00000000 f919dc9f 00000001 97829ed8 00000000 00000000 00000000 00000000 00000000 00000101 00000081 00000000 00000000 00000000 00000000 00000000 00000000 00000000 00003333 00004ccd 00002667 00000001 00000000 01c9c380 0000027c
capture_snapshot GLI1 00010000 30000000 2500000 1113 0 30000000 0 0 0 0 0 0 0 8a7d66c4 00000000 97859c88 00000000 0116047c 00000000 0116047c 00000000 0000006a 00000000 00000000 00000000 0d083ad7 00000000 011604e6 00000000 00000000 00000000 00000000 00000039 008b3199 00000001 00000000 00000001 00000000 00000000 00000000 00000000 00000000 00000000 00000000 00000000 00000000 00000000 00000000 00000000 00000000 00000000 00000000 00000000 f923d50f 00000001 97859c99 00000000 00000000 00000000 00000000 00000000 00000101 00000081 00000000 00000000 00000000 00000000 00000000 00000000 00000000 00003333 00004ccd 00002667 00000001 00000000 01c9c380 0000027c
capture_snapshot GLI1 00010000 30000000 2500000 1114 0 30000000 0 0 0 0 0 0 0 8a7d66c4 00000000 9788880c 00000000 011642c7 00000000 011642c7 00000000 0000006a 00000000 00000000 00000000 0d0b265a 00000000 01164331 00000000 00000000 00000000 00000000 00000039 008b3199 00000001 00000000 00000001 00000000 00000000 00000000 00000000 00000000 00000000 00000000 00000000 00000000 00000000 00000000 00000000 00000000 00000000 00000000 00000000 f92d90b2 00000001 9788881c 00000000 00000000 00000000 00000000 00000000 00000100 00000080 00000000 00000000 00000000 00000000 00000000 00000000 00000000 00003333 00004ccd 00002667 00000001 00000000 01c9c380 0000027c
capture_snapshot GLI1 00010000 30000000 2500000 1115 0 30000000 0 0 0 0 0 0 0 8a7d66c4 00000000 978b8980 00000000 011682e6 00000000 011682e6 00000000 0000006a 00000000 00000000 00000000 0d0e27d6 00000000 01168350 00000000 00000000 00000000 00000000 00000039 008b3199 00000001 00000000 00000001 00000000 00000000 00000000 00000000 00000000 00000000 00000000 00000000 00000000 00000000 00000000 00000000 00000000 00000000 00000000 00000000 f9379590 00000001 978b8998 00000000 00000000 00000000 00000000 00000000 00000101 00000081 00000000 00000000 00000000 00000000 00000000 00000000 00000000 00003333 00004ccd 00002667 00000001 00000000 01c9c380 0000027c
capture_snapshot GLI1 00010000 30000000 2500000 1116 0 30000000 0 0 0 0 0 0 0 8a7d66c4 00000000 978e8d40 00000000 0116c336 00000000 0116c336 00000000 0000006a 00000000 00000000 00000000 0d112b8d 00000000 0116c3a0 00000000 00000000 00000000 00000000 00000039 008b3199 00000001 00000000 00000001 00000000 00000000 00000000 00000000 00000000 00000000 00000000 00000000 00000000 00000000 00000000 00000000 00000000 00000000 00000000 00000000 f941a1de 00000001 978e8d4f 00000000 00000000 00000000 00000000 00000000 00000101 00000081 00000000 00000000 00000000 00000000 00000000 00000000 00000000 00003333 00004ccd 00002667 00000001 00000000 01c9c380 0000027c
capture_snapshot GLI1 00010000 30000000 2500000 1117 0 30000000 0 0 0 0 0 0 0 8a7d66c4 00000000 97918c20 00000000 0117031e 00000000 0117031e 00000000 0000006a 00000000 00000000 00000000 0d142a72 00000000 01170388 00000000 00000000 00000000 00000000 00000039 008b3199 00000001 00000000 00000001 00000000 00000000 00000000 00000000 00000000 00000000 00000000 00000000 00000000 00000000 00000000 00000000 00000000 00000000 00000000 00000000 f94b9e1d 00000001 97918c34 00000000 00000000 00000000 00000000 00000000 00000100 00000080 00000000 00000000 00000000 00000000 00000000 00000000 00000000 00003333 00004ccd 00002667 00000001 00000000 01c9c380 0000027c
capture_snapshot GLI1 00010000 30000000 2500000 1118 0 30000000 0 0 0 0 0 0 0 8a7d66c4 00000000 979489f8 00000000 011742f0 00000000 011742f0 00000000 0000006a 00000000 00000000 00000000 0d172845 00000000 0117435a 00000000 00000000 00000000 00000000 00000039 008b3199 00000001 00000000 00000001 00000000 00000000 00000000 00000000 00000000 00000000 00000000 00000000 00000000 00000000 00000000 00000000 00000000 00000000 00000000 00000000 f95596c8 00000001 97948a07 00000000 00000000 00000000 00000000 00000000 00000101 00000081 00000000 00000000 00000000 00000000 00000000 00000000 00000000 00003333 00004ccd 00002667 00000001 00000000 01c9c380 0000027c
capture_snapshot GLI1 00010000 30000000 2500000 1119 0 30000000 0 0 0 0 0 0 0 8a7d66c4 00000000 979789ec 00000000 011782ef 00000000 011782ef 00000000 0000006a 00000000 00000000 00000000 0d1a283c 00000000 01178359 00000000 00000000 00000000 00000000 00000039 008b3199 00000001 00000000 00000001 00000000 00000000 00000000 00000000 00000000 00000000 00000000 00000000 00000000 00000000 00000000 00000000 00000000 00000000 00000000 00000000 f95f9695 00000001 979789fe 00000000 00000000 00000000 00000000 00000000 00000101 00000080 00000000 00000000 00000000 00000000 00000000 00000000 00000000 00003333 00004ccd 00002667 00000001 00000000 01c9c380 0000027c
capture_snapshot GLI1 00010000 30000000 2500000 1120 0 30000000 0 0 0 0 0 0 0 8a7d66c4 00000000 979a8e00 00000000 0117c346 00000000 0117c346 00000000 0000006a 00000000 00000000 00000000 0d1d2c4f 00000000 0117c3b0 00000000 00000000 00000000 00000000 00000039 008b3199 00000001 00000000 00000001 00000000 00000000 00000000 00000000 00000000 00000000 00000000 00000000 00000000 00000000 00000000 00000000 00000000 00000000 00000000 00000000 f969a418 00000001 979a8e11 00000000 00000000 00000000 00000000 00000000 00000100 00000080 00000000 00000000 00000000 00000000 00000000 00000000 00000000 00003333 00004ccd 00002667 00000001 00000000 01c9c380 0000027c
capture_snapshot GLI1 00010000 30000000 2500000 1121 0 30000000 0 0 0 0 0 0 0 8a7d66c4 00000000 979d9460 00000000 011803ce 00000000 011803ce 00000000 0000006a 00000000 00000000 00000000 0d2032b1 00000000 01180438 00000000 00000000 00000000 00000000 00000039 008b3199 00000001 00000000 00000001 00000000 00000000 00000000 00000000 00000000 00000000 00000000 00000000 00000000 00000000 00000000 00000000 00000000 00000000 00000000 00000000 f973b94a 00000001 979d9473 00000000 00000000 00000000 00000000 00000000 00000101 00000081 00000000 00000000 00000000 00000000 00000000 00000000 00000000 00003333 00004ccd 00002667 00000001 00000000 01c9c380 0000027c
capture_snapshot GLI1 00010000 30000000 2500000 1122 0 30000000 0 0 0 0 0 0 0 8a7d66c4 00000000 97a097c0 00000000 01184416 00000000 01184416 00000000 0000006a 00000000 00000000 00000000 0d23360d 00000000 01184480 00000000 00000000 00000000 00000000 00000039 008b3199 00000001 00000000 00000001 00000000 00000000 00000000 00000000 00000000 00000000 00000000 00000000 00000000 00000000 00000000 00000000 00000000 00000000 00000000 00000000 f97dc468 00000001 97a097cf 00000000 00000000 00000000 00000000 00000000 00000101 00000080 00000000 00000000 00000000 00000000 00000000 00000000 00000000 00003333 00004ccd 00002667 00000001 00000000 01c9c380 0000027c
capture_snapshot GLI1 00010000 30000000 2500000 1123 0 30000000 0 0 0 0 0 0 0 8a7d66c4 00000000 97a38938 00000000 011882e0 00000000 011882e0 00000000 0000006a 00000000 00000000 00000000 0d26278c 00000000 0118834a 00000000 00000000 00000000 00000000 00000039 008b3199 00000001 00000000 00000001 00000000 00000000 00000000 00000000 00000000 00000000 00000000 00000000 00000000 00000000 00000000 00000000 00000000 00000000 00000000 00000000 f98793fc 00000001 97a3894e 00000000 00000000 00000000 00000000 00000000 00000100 00000080 00000000 00000000 00000000 00000000 00000000 00000000 00000000 00003333 00004ccd 00002667 00000001 00000000 01c9c380 0000027c
capture_snapshot GLI1 00010000 30000000 2500000 1124 0 30000000 0 0 0 0 0 0 0 8a7d66c4 00000000 97a689c8 00000000 0118c2ec 00000000 0118c2ec 00000000 0000006a 00000000 00000000 00000000 0d29281e 00000000 0118c356 00000000 00000000 00000000 00000000 00000039 008b3199 00000001 00000000 00000001 00000000 00000000 00000000 00000000 00000000 00000000 00000000 00000000 00000000 00000000 00000000 00000000 00000000 00000000 00000000 00000000 f99195d0 00000001 97a689e0 00000000 00000000 00000000 00000000 00000000 00000101 00000080 00000000 00000000 00000000 00000000 00000000 00000000 00000000 00003333 00004ccd 00002667 00000001 00000000 01c9c380 0000027c
capture_snapshot GLI1 00010000 30000000 2500000 1125 0 30000000 0 0 0 0 0 0 0 8a7d66c4 00000000 97a98d70 00000000 0119033a 00000000 0119033a 00000000 0000006a 00000000 00000000 00000000 0d2c2bbf 00000000 011903a4 00000000 00000000 00000000 00000000 00000039 008b3199 00000001 00000000 00000001 00000000 00000000 00000000 00000000 00000000 00000000 00000000 00000000 00000000 00000000 00000000 00000000 00000000 00000000 00000000 00000000 f99ba1d5 00000001 97a98d81 00000000 00000000 00000000 00000000 00000000 00000101 00000080 00000000 00000000 00000000 00000000 00000000 00000000 00000000 00003333 00004ccd 00002667 00000001 00000000 01c9c380 0000027c
capture_snapshot GLI1 00010000 30000000 2500000 1126 0 30000000 0 0 0 0 0 0 0 8a7d66c4 00000000 97ac8aac 00000000 011942ff 00000000 011942ff 00000000 0000006a 00000000 00000000 00000000 0d2f28fe 00000000 01194369 00000000 00000000 00000000 00000000 00000039 008b3199 00000001 00000000 00000001 00000000 00000000 00000000 00000000 00000000 00000000 00000000 00000000 00000000 00000000 00000000 00000000 00000000 00000000 00000000 00000000 f9a59895 00000001 97ac8ac0 00000000 00000000 00000000 00000000 00000000 00000100 00000080 00000000 00000000 00000000 00000000 00000000 00000000 00000000 00003333 00004ccd 00002667 00000001 00000000 01c9c380 0000027c
capture_snapshot GLI1 00010000 30000000 2500000 1127 0 30000000 0 0 0 0 0 0 0 8a7d66c4 00000000 97af841c 00000000 01198273 00000000 01198273 00000000 0000006a 00000000 00000000 00000000 0d32226a 00000000 011982dd 00000000 00000000 00000000 00000000 00000039 008b3199 00000001 00000000 00000001 00000000 00000000 00000000 00000000 00000000 00000000 00000000 00000000 00000000 00000000 00000000 00000000 00000000 00000000 00000000 00000000 f9af8295 00000001 97af842c 00000000 00000000 00000000 00000000 00000000 00000100 00000080 00000000 00000000 00000000 00000000 00000000 00000000 00000000 00003333 00004ccd 00002667 00000001 00000000 01c9c380 0000027c
capture_snapshot GLI1 00010000 30000000 2500000 1128 0 30000000 0 0 0 0 0 0 0 8a7d66c4 00000000 97b27cfc 00000000 0119c1db 00000000 0119c1db 00000000 0000006a 00000000 00000000 00000000 0d351b50 00000000 0119c245 00000000 00000000 00000000 00000000 00000039 008b3199 00000001 00000000 00000001 00000000 00000000 00000000 00000000 00000000 00000000 00000000 00000000 00000000 00000000 00000000 00000000 00000000 00000000 00000000 00000000 f9b96ad5 00000001 97b27d12 00000000 00000000 00000000 00000000 00000000 00000100 00000080 00000000 00000000 00000000 00000000 00000000 00000000 00000000 00003333 00004ccd 00002667 00000001 00000000 01c9c380 0000027c
capture_snapshot GLI1 00010000 30000000 2500000 1129 0 30000000 0 0 0 0 0 0 0 8a7d66c4 00000000 97b57c48 00000000 011a01cc 00000000 011a01cc 00000000 0000006a 00000000 00000000 00000000 0d381a95 00000000 011a0236 00000000 00000000 00000000 00000000 00000039 008b3199 00000001 00000000 00000001 00000000 00000000 00000000 00000000 00000000 00000000 00000000 00000000 00000000 00000000 00000000 00000000 00000000 00000000 00000000 00000000 f9c36853 00000001 97b57c57 00000000 00000000 00000000 00000000 00000000 00000100 00000080 00000000 00000000 00000000 00000000 00000000 00000000 00000000 00003333 00004ccd 00002667 00000001 00000000 01c9c380 0000027c
capture_snapshot GLI1 00010000 30000000 2500000 1130 0 30000000 0 0 0 0 0 0 0 8a7d66c4 00000000 97b87bd0 00000000 011a41c2 00000000 011a41c2 00000000 0000006a 00000000 00000000 00000000 0d3b1a1d 00000000 011a422c 00000000 00000000 00000000 00000000 00000039 008b3199 00000001 00000000 00000001 00000000 00000000 00000000 00000000 00000000 00000000 00000000 00000000 00000000 00000000 00000000 00000000 00000000 00000000 00000000 00000000 f9cd66af 00000001 97b87bdf 00000000 00000000 00000000 00000000 00000000 00000100 00000081 00000000 00000000 00000000 00000000 00000000 00000000 00000000 00003333 00004ccd 00002667 00000001 00000000 01c9c380 0000027c
capture_final_snapshot GLI1 00010000 30000000 2500000 1132 0 30000000 0 0 0 0 0 0 0 8a7d66c4 00000000 97b8ed10 00000000 011a4b32 00000000 011a4b32 00000000 0000006a 00000000 00000000 00000000 0d3b8b62 00000000 011a4b9d 00000000 00000000 00000000 00000000 00000038 008b3199 00000001 00000000 00000001 00000000 00000000 00000000 00000000 00000000 00000000 00000000 00000000 00000000 00000000 00000000 00000000 00000000 00000000 00000000 00000000 f9cee9d0 00000001 97b8f004 00000000 00000000 00000000 00000000 00000000 00000101 00000080 00000000 00000000 00000000 00000000 00000000 00000000 00000000 00003333 00004ccd 00002667 00000001 00000000 01c9c380 0000027c
capture_final_extension_snapshot GLI1 00010000 1132 9122201 30000000 00000007 00000000 97b8ed24 00000000 00000000 00000000 00000000 00000000 00000000 00000000 00000000 00000000 00000000 00000000 00000000 00000000
tracking_snapshot GLT1SNAP 00010000 474c5431 00000010 00000002 97b95c46 00000000 00000002 00000008 00000000 00000000 00000000 00000000 00000000 00000000 00000000 00000000 00000000 00000000 00000000 00000000 00000000 01c9c380 00009ab0 b04a2fab 00000001
tracking_snapshot GLT1SNAP 00010000 474c5431 00000012 00000002 97b98a0e 00000000 00000002 00000000 00000000 00000000 00000000 00000000 00000000 00000000 00000000 00000000 00000000 00000000 00000000 00000000 00000000 01c9c380 00009ab0 b04a2fab 00000001
