tracking_snapshot GLT1SNAP 00010000 474c5431 00000043 00000007 3e140268 0000003e 00000002 00000000 00000000 00000000 00000000 00000000 00000000 00000000 00000000 00000000 00000000 00000000 00000000 00000000 00000000 03938700 00013560 b04a2fab 00000001
capture_baseline_snapshot GLI1 00010000 60000000 2500000 1 0 60000000 0 0 0 0 0 0 0 00000000 00000000 00000000 00000000 00000000 00000000 00000000 00000000 00000000 00000000 00000000 00000000 00000000 00000000 00000000 00000000 00000000 00000000 00000000 00000820 008b3199 00000000 00000000 00000001 00000000 00000000 00000000 00000000 00000000 00000000 00000000 00000000 00000000 00000000 00000000 00000000 00000000 00000000 00000000 00000000 5eb19e54 00000068 3e16ca80 0000003e 00000000 00000000 00000000 00000000 00000201 00000080 00000000 00000000 00000000 00000000 00000000 00000000 00000000 00003333 00004ccd 00002667 00000001 00000000 03938700 000004f8
capture_snapshot GLI1 00010000 60000000 2500000 2 0 60000000 0 0 0 0 0 0 0 3e1708d0 0000003e 3e1d2970 0000003e 0000415d 00000000 0000415c 00000000 0000006a 00000000 00000000 00000000 00062aba 00000000 000041c7 00000000 00000000 00000000 00000000 0000003b 008b3199 00000001 00000001 00000001 00000000 00000000 00000000 00000000 00000000 00000000 00000000 00000000 00000000 00000000 00000000 00000000 00000000 00000000 00000000 00000000 5ebc3caa 00000068 3e1d298d 0000003e 00000000 00000000 00000000 00000000 00000202 00000100 00000000 00000000 00000000 00000000 00000000 00000000 00000000 00003333 00004ccd 00002667 00000001 00000000 03938700 000004f8
tracking_snapshot GLT1SNAP 00010000 474c5431 00000044 00000008 3e1d98bb 0000003e 00000033 00000000 00000000 00000000 00000000 00000000 00000000 00000000 00000000 00000000 00000000 00000000 00000000 00000000 00000000 03938700 00013560 b04a2fab 00000001

epoch_binding 9122201 8 267330099387 11138754142
capture_snapshot GLI1 00010000 60000000 2500000 3 0 60000000 0 0 0 0 0 0 0 3e1708d0 0000003e 3e232628 0000003e 0000813a 00000000 0000813a 00000000 0000006a 00000000 00000000 00000000 000c2781 00000000 000081a4 00000000 00000000 00000000 00000000 00000039 008b3199 00000001 00000000 00000001 00000000 00000000 00000000 00000000 00000000 00000000 00000000 00000000 00000000 00000000 00000000 00000000 00000000 00000000 00000000 00000000 5ec63737 00000068 3e232654 0000003e 00000000 00000000 00000000 00000000 00000201 00000101 00000000 00000000 00000000 00000000 00000000 00000000 00000000 00003333 00004ccd 00002667 00000001 00000000 03938700 000004f8
capture_snapshot GLI1 00010000 60000000 2500000 4 0 60000000 0 0 0 0 0 0 0 3e1708d0 0000003e 3e293a38 0000003e 0000c210 00000000 0000c20f 00000000 0000006a 00000000 00000000 00000000 00123b81 00000000 0000c27a 00000000 00000000 00000000 00000000 0000003b 008b3199 00000001 00000001 00000001 00000000 00000000 00000000 00000000 00000000 00000000 00000000 00000000 00000000 00000000 00000000 00000000 00000000 00000000 00000000 00000000 5ed0587a 00000068 3e293a54 0000003e 00000000 00000000 00000000 00000000 00000201 00000101 00000000 00000000 00000000 00000000 00000000 00000000 00000000 00003333 00004ccd 00002667 00000001 00000000 03938700 000004f8
capture_snapshot GLI1 00010000 60000000 2500000 5 0 60000000 0 0 0 0 0 0 0 3e1708d0 0000003e 3e2f2fb8 0000003e 000101a0 00000000 000101a0 00000000 0000006a 00000000 00000000 00000000 00183108 00000000 0001020a 00000000 00000000 00000000 00000000 00000039 008b3199 00000001 00000000 00000001 00000000 00000000 00000000 00000000 00000000 00000000 00000000 00000000 00000000 00000000 00000000 00000000 00000000 00000000 00000000 00000000 5eda46f1 00000068 3e2f2fdb 0000003e 00000000 00000000 00000000 00000000 00000202 00000101 00000000 00000000 00000000 00000000 00000000 00000000 00000000 00003333 00004ccd 00002667 00000001 00000000 03938700 000004f8
capture_snapshot GLI1 00010000 60000000 2500000 6 0 60000000 0 0 0 0 0 0 0 3e1708d0 0000003e 3e352f40 0000003e 0001419b 00000000 0001419b 00000000 0000006a 00000000 00000000 00000000 001e3098 00000000 00014205 00000000 00000000 00000000 00000000 00000039 008b3199 00000001 00000000 00000001 00000000 00000000 00000000 00000000 00000000 00000000 00000000 00000000 00000000 00000000 00000000 00000000 00000000 00000000 00000000 00000000 5ee44622 00000068 3e352f6b 0000003e 00000000 00000000 00000000 00000000 00000201 00000101 00000000 00000000 00000000 00000000 00000000 00000000 00000000 00003333 00004ccd 00002667 00000001 00000000 03938700 000004f8
capture_snapshot GLI1 00010000 60000000 2500000 7 0 60000000 0 0 0 0 0 0 0 3e1708d0 0000003e 3e3b3048 0000003e 000181a6 00000000 000181a6 00000000 0000006a 00000000 00000000 00000000 00243197 00000000 00018210 00000000 00000000 00000000 00000000 00000039 008b3199 00000001 00000000 00000001 00000000 00000000 00000000 00000000 00000000 00000000 00000000 00000000 00000000 00000000 00000000 00000000 00000000 00000000 00000000 00000000 5eee47b8 00000068 3e3b306a 0000003e 00000000 00000000 00000000 00000000 00000202 00000101 00000000 00000000 00000000 00000000 00000000 00000000 00000000 00003333 00004ccd 00002667 00000001 00000000 03938700 000004f8
capture_snapshot GLI1 00010000 60000000 2500000 8 0 60000000 0 0 0 0 0 0 0 3e1708d0 0000003e 3e4139c0 0000003e 0001c20b 00000000 0001c20b 00000000 0000006a 00000000 00000000 00000000 002a3b1c 00000000 0001c275 00000000 00000000 00000000 00000000 00000039 008b3199 00000001 00000000 00000001 00000000 00000000 00000000 00000000 00000000 00000000 00000000 00000000 00000000 00000000 00000000 00000000 00000000 00000000 00000000 00000000 5ef85782 00000068 3e4139ef 0000003e 00000000 00000000 00000000 00000000 00000202 00000101 00000000 00000000 00000000 00000000 00000000 00000000 00000000 00003333 00004ccd 00002667 00000001 00000000 03938700 000004f8
capture_snapshot GLI1 00010000 60000000 2500000 9 0 60000000 0 0 0 0 0 0 0 3e1708d0 0000003e 3e472e98 0000003e 00020194 00000000 00020194 00000000 0000006a 00000000 00000000 00000000 00302fe4 00000000 000201fe 00000000 00000000 00000000 00000000 00000039 008b3199 00000001 00000000 00000001 00000000 00000000 00000000 00000000 00000000 00000000 00000000 00000000 00000000 00000000 00000000 00000000 00000000 00000000 00000000 00000000 5f0244bd 00000068 3e472eb7 0000003e 00000000 00000000 00000000 00000000 00000201 00000101 00000000 00000000 00000000 00000000 00000000 00000000 00000000 00003333 00004ccd 00002667 00000001 00000000 03938700 000004f8
capture_snapshot GLI1 00010000 60000000 2500000 10 0 60000000 0 0 0 0 0 0 0 3e1708d0 0000003e 3e4d2f88 0000003e 0002419e 00000000 0002419e 00000000 0000006a 00000000 00000000 00000000 003630e0 00000000 00024208 00000000 00000000 00000000 00000000 00000039 008b3199 00000001 00000000 00000001 00000000 00000000 00000000 00000000 00000000 00000000 00000000 00000000 00000000 00000000 00000000 00000000 00000000 00000000 00000000 00000000 5f0c464c 00000068 3e4d2fb3 0000003e 00000000 00000000 00000000 00000000 00000201 00000101 00000000 00000000 00000000 00000000 00000000 00000000 00000000 00003333 00004ccd 00002667 00000001 00000000 03938700 000004f8
capture_snapshot GLI1 00010000 60000000 2500000 11 0 60000000 0 0 0 0 0 0 0 3e1708d0 0000003e 3e532f88 0000003e 0002819e 00000000 0002819e 00000000 0000006a 00000000 00000000 00000000 003c30df 00000000 00028208 00000000 00000000 00000000 00000000 00000039 008b3199 00000001 00000000 00000001 00000000 00000000 00000000 00000000 00000000 00000000 00000000 00000000 00000000 00000000 00000000 00000000 00000000 00000000 00000000 00000000 5f164638 00000068 3e532fb2 0000003e 00000000 00000000 00000000 00000000 00000201 00000101 00000000 00000000 00000000 00000000 00000000 00000000 00000000 00003333 00004ccd 00002667 00000001 00000000 03938700 000004f8
capture_snapshot GLI1 00010000 60000000 2500000 12 0 60000000 0 0 0 0 0 0 0 3e1708d0 0000003e 3e592eb0 0000003e 0002c195 00000000 0002c195 00000000 0000006a 00000000 00000000 00000000 00423006 00000000 0002c1ff 00000000 00000000 00000000 00000000 00000039 008b3199 00000001 00000000 00000001 00000000 00000000 00000000 00000000 00000000 00000000 00000000 00000000 00000000 00000000 00000000 00000000 00000000 00000000 00000000 00000000 5f2044bb 00000068 3e592ed9 0000003e 00000000 00000000 00000000 00000000 00000201 00000101 00000000 00000000 00000000 00000000 00000000 00000000 00000000 00003333 00004ccd 00002667 00000001 00000000 03938700 000004f8
capture_snapshot GLI1 00010000 60000000 2500000 13 0 60000000 0 0 0 0 0 0 0 3e1708d0 0000003e 3e5f3000 0000003e 000301a3 00000000 000301a3 00000000 0000006a 00000000 00000000 00000000 00483158 00000000 0003020d 00000000 00000000 00000000 00000000 00000039 008b3199 00000001 00000000 00000001 00000000 00000000 00000000 00000000 00000000 00000000 00000000 00000000 00000000 00000000 00000000 00000000 00000000 00000000 00000000 00000000 5f2a46da 00000068 3e5f302b 0000003e 00000000 00000000 00000000 00000000 00000201 00000100 00000000 00000000 00000000 00000000 00000000 00000000 00000000 00003333 00004ccd 00002667 00000001 00000000 03938700 000004f8
capture_snapshot GLI1 00010000 60000000 2500000 14 0 60000000 0 0 0 0 0 0 0 3e1708d0 0000003e 3e652fa0 0000003e 0003419f 00000000 0003419f 00000000 0000006a 00000000 00000000 00000000 004e30f3 00000000 00034209 00000000 00000000 00000000 00000000 00000039 008b3199 00000001 00000000 00000001 00000000 00000000 00000000 00000000 00000000 00000000 00000000 00000000 00000000 00000000 00000000 00000000 00000000 00000000 00000000 00000000 5f34461e 00000068 3e652fc6 0000003e 00000000 00000000 00000000 00000000 00000201 00000100 00000000 00000000 00000000 00000000 00000000 00000000 00000000 00003333 00004ccd 00002667 00000001 00000000 03938700 000004f8
capture_snapshot GLI1 00010000 60000000 2500000 15 0 60000000 0 0 0 0 0 0 0 3e1708d0 0000003e 3e6b3030 0000003e 000381a5 00000000 000381a5 00000000 0000006a 00000000 00000000 00000000 0054317e 00000000 0003820f 00000000 00000000 00000000 00000000 00000039 008b3199 00000001 00000000 00000001 00000000 00000000 00000000 00000000 00000000 00000000 00000000 00000000 00000000 00000000 00000000 00000000 00000000 00000000 00000000 00000000 5f3e46f2 00000068 3e6b3051 0000003e 00000000 00000000 00000000 00000000 00000202 00000101 00000000 00000000 00000000 00000000 00000000 00000000 00000000 00003333 00004ccd 00002667 00000001 00000000 03938700 000004f8
capture_snapshot GLI1 00010000 60000000 2500000 16 0 60000000 0 0 0 0 0 0 0 3e1708d0 0000003e 3e712fa0 0000003e 0003c19f 00000000 0003c19f 00000000 0000006a 00000000 00000000 00000000 005a3101 00000000 0003c209 00000000 00000000 00000000 00000000 00000039 008b3199 00000001 00000000 00000001 00000000 00000000 00000000 00000000 00000000 00000000 00000000 00000000 00000000 00000000 00000000 00000000 00000000 00000000 00000000 00000000 5f48460e 00000068 3e712fd4 0000003e 00000000 00000000 00000000 00000000 00000202 00000101 00000000 00000000 00000000 00000000 00000000 00000000 00000000 00003333 00004ccd 00002667 00000001 00000000 03938700 000004f8
capture_snapshot GLI1 00010000 60000000 2500000 17 0 60000000 0 0 0 0 0 0 0 3e1708d0 0000003e 3e772f10 0000003e 00040199 00000000 00040199 00000000 0000006a 00000000 00000000 00000000 0060306f 00000000 00040203 00000000 00000000 00000000 00000000 00000039 008b3199 00000001 00000000 00000001 00000000 00000000 00000000 00000000 00000000 00000000 00000000 00000000 00000000 00000000 00000000 00000000 00000000 00000000 00000000 00000000 5f524507 00000068 3e772f42 0000003e 00000000 00000000 00000000 00000000 00000202 00000100 00000000 00000000 00000000 00000000 00000000 00000000 00000000 00003333 00004ccd 00002667 00000001 00000000 03938700 000004f8
capture_snapshot GLI1 00010000 60000000 2500000 18 0 60000000 0 0 0 0 0 0 0 3e1708d0 0000003e 3e7d2f28 0000003e 0004419a 00000000 0004419a 00000000 0000006a 00000000 00000000 00000000 00663079 00000000 00044204 00000000 00000000 00000000 00000000 00000039 008b3199 00000001 00000000 00000001 00000000 00000000 00000000 00000000 00000000 00000000 00000000 00000000 00000000 00000000 00000000 00000000 00000000 00000000 00000000 00000000 5f5c4504 00000068 3e7d2f4c 0000003e 00000000 00000000 00000000 00000000 00000202 00000101 00000000 00000000 00000000 00000000 00000000 00000000 00000000 00003333 00004ccd 00002667 00000001 00000000 03938700 000004f8
capture_snapshot GLI1 00010000 60000000 2500000 19 0 60000000 0 0 0 0 0 0 0 3e1708d0 0000003e 3e832e68 0000003e 00048192 00000000 00048192 00000000 0000006a 00000000 00000000 00000000 006c2fb9 00000000 000481fc 00000000 00000000 00000000 00000000 00000039 008b3199 00000001 00000000 00000001 00000000 00000000 00000000 00000000 00000000 00000000 00000000 00000000 00000000 00000000 00000000 00000000 00000000 00000000 00000000 00000000 5f6643b1 00000068 3e832e8c 0000003e 00000000 00000000 00000000 00000000 00000201 00000101 00000000 00000000 00000000 00000000 00000000 00000000 00000000 00003333 00004ccd 00002667 00000001 00000000 03938700 000004f8
capture_snapshot GLI1 00010000 60000000 2500000 20 0 60000000 0 0 0 0 0 0 0 3e1708d0 0000003e 3e892f88 0000003e 0004c19e 00000000 0004c19e 00000000 0000006a 00000000 00000000 00000000 007230d9 00000000 0004c208 00000000 00000000 00000000 00000000 00000039 008b3199 00000001 00000000 00000001 00000000 00000000 00000000 00000000 00000000 00000000 00000000 00000000 00000000 00000000 00000000 00000000 00000000 00000000 00000000 00000000 5f70457d 00000068 3e892fac 0000003e 00000000 00000000 00000000 00000000 00000202 00000101 00000000 00000000 00000000 00000000 00000000 00000000 00000000 00003333 00004ccd 00002667 00000001 00000000 03938700 000004f8
capture_snapshot GLI1 00010000 60000000 2500000 21 0 60000000 0 0 0 0 0 0 0 3e1708d0 0000003e 3e8f2fb8 0000003e 000501a0 00000000 000501a0 00000000 0000006a 00000000 00000000 00000000 0078310b 00000000 0005020a 00000000 00000000 00000000 00000000 00000039 008b3199 00000001 00000000 00000001 00000000 00000000 00000000 00000000 00000000 00000000 00000000 00000000 00000000 00000000 00000000 00000000 00000000 00000000 00000000 00000000 5f7a45bc 00000068 3e8f2fde 0000003e 00000000 00000000 00000000 00000000 00000201 00000101 00000000 00000000 00000000 00000000 00000000 00000000 00000000 00003333 00004ccd 00002667 00000001 00000000 03938700 000004f8
capture_snapshot GLI1 00010000 60000000 2500000 22 0 60000000 0 0 0 0 0 0 0 3e1708d0 0000003e 3e952f70 0000003e 0005419d 00000000 0005419d 00000000 0000006a 00000000 00000000 00000000 007e30c6 00000000 00054207 00000000 00000000 00000000 00000000 00000039 008b3199 00000001 00000000 00000001 00000000 00000000 00000000 00000000 00000000 00000000 00000000 00000000 00000000 00000000 00000000 00000000 00000000 00000000 00000000 00000000 5f844536 00000068 3e952f99 0000003e 00000000 00000000 00000000 00000000 00000202 00000101 00000000 00000000 00000000 00000000 00000000 00000000 00000000 00003333 00004ccd 00002667 00000001 00000000 03938700 000004f8
capture_snapshot GLI1 00010000 60000000 2500000 23 0 60000000 0 0 0 0 0 0 0 3e1708d0 0000003e 3e9b36d8 0000003e 000581ec 00000000 000581ec 00000000 0000006a 00000000 00000000 00000000 00843823 00000000 00058256 00000000 00000000 00000000 00000000 00000039 008b3199 00000001 00000000 00000001 00000000 00000000 00000000 00000000 00000000 00000000 00000000 00000000 00000000 00000000 00000000 00000000 00000000 00000000 00000000 00000000 5f8e5168 00000068 3e9b36f6 0000003e 00000000 00000000 00000000 00000000 00000202 00000101 00000000 00000000 00000000 00000000 00000000 00000000 00000000 00003333 00004ccd 00002667 00000001 00000000 03938700 000004f8
capture_snapshot GLI1 00010000 60000000 2500000 24 0 60000000 0 0 0 0 0 0 0 3e1708d0 0000003e 3ea15400 0000003e 0005c323 00000000 0005c323 00000000 0000006a 00000000 00000000 00000000 008a555b 00000000 0005c38d 00000000 00000000 00000000 00000000 00000039 008b3199 00000001 00000000 00000001 00000000 00000000 00000000 00000000 00000000 00000000 00000000 00000000 00000000 00000000 00000000 00000000 00000000 00000000 00000000 00000000 5f988206 00000068 3ea1542e 0000003e 00000000 00000000 00000000 00000000 00000201 00000101 00000000 00000000 00000000 00000000 00000000 00000000 00000000 00003333 00004ccd 00002667 00000001 00000000 03938700 000004f8
capture_snapshot GLI1 00010000 60000000 2500000 25 0 60000000 0 0 0 0 0 0 0 3e1708d0 0000003e 3ea73270 0000003e 000601bd 00000000 000601bd 00000000 0000006a 00000000 00000000 00000000 009033cf 00000000 00060227 00000000 00000000 00000000 00000000 00000039 008b3199 00000001 00000000 00000001 00000000 00000000 00000000 00000000 00000000 00000000 00000000 00000000 00000000 00000000 00000000 00000000 00000000 00000000 00000000 00000000 5fa24a0b 00000068 3ea732a2 0000003e 00000000 00000000 00000000 00000000 00000201 00000101 00000000 00000000 00000000 00000000 00000000 00000000 00000000 00003333 00004ccd 00002667 00000001 00000000 03938700 000004f8
capture_snapshot GLI1 00010000 60000000 2500000 26 0 60000000 0 0 0 0 0 0 0 3e1708d0 0000003e 3ead2fa0 0000003e 0006419f 00000000 0006419f 00000000 0000006a 00000000 00000000 00000000 00963101 00000000 00064209 00000000 00000000 00000000 00000000 00000039 008b3199 00000001 00000000 00000001 00000000 00000000 00000000 00000000 00000000 00000000 00000000 00000000 00000000 00000000 00000000 00000000 00000000 00000000 00000000 00000000 5fac454b 00000068 3ead2fd4 0000003e 00000000 00000000 00000000 00000000 00000201 00000101 00000000 00000000 00000000 00000000 00000000 00000000 00000000 00003333 00004ccd 00002667 00000001 00000000 03938700 000004f8
capture_snapshot GLI1 00010000 60000000 2500000 27 0 60000000 0 0 0 0 0 0 0 3e1708d0 0000003e 3eb33528 0000003e 000681da 00000000 000681da 00000000 0000006a 00000000 00000000 00000000 009c3684 00000000 00068244 00000000 00000000 00000000 00000000 00000039 008b3199 00000001 00000000 00000001 00000000 00000000 00000000 00000000 00000000 00000000 00000000 00000000 00000000 00000000 00000000 00000000 00000000 00000000 00000000 00000000 5fb64e67 00000068 3eb33557 0000003e 00000000 00000000 00000000 00000000 00000201 00000101 00000000 00000000 00000000 00000000 00000000 00000000 00000000 00003333 00004ccd 00002667 00000001 00000000 03938700 000004f8
capture_snapshot GLI1 00010000 60000000 2500000 28 0 60000000 0 0 0 0 0 0 0 3e1708d0 0000003e 3eb92fb8 0000003e 0006c1a0 00000000 0006c1a0 00000000 0000006a 00000000 00000000 00000000 00a23107 00000000 0006c20a 00000000 00000000 00000000 00000000 00000039 008b3199 00000001 00000000 00000001 00000000 00000000 00000000 00000000 00000000 00000000 00000000 00000000 00000000 00000000 00000000 00000000 00000000 00000000 00000000 00000000 5fc0452d 00000068 3eb92fda 0000003e 00000000 00000000 00000000 00000000 00000202 00000100 00000000 00000000 00000000 00000000 00000000 00000000 00000000 00003333 00004ccd 00002667 00000001 00000000 03938700 000004f8
capture_snapshot GLI1 00010000 60000000 2500000 29 0 60000000 0 0 0 0 0 0 0 3e1708d0 0000003e 3ebf2ce8 0000003e 00070182 00000000 00070182 00000000 0000006a 00000000 00000000 00000000 00a82e41 00000000 000701ec 00000000 00000000 00000000 00000000 00000039 008b3199 00000001 00000000 00000001 00000000 00000000 00000000 00000000 00000000 00000000 00000000 00000000 00000000 00000000 00000000 00000000 00000000 00000000 00000000 00000000 5fca407a 00000068 3ebf2d14 0000003e 00000000 00000000 00000000 00000000 00000202 00000101 00000000 00000000 00000000 00000000 00000000 00000000 00000000 00003333 00004ccd 00002667 00000001 00000000 03938700 000004f8
capture_snapshot GLI1 00010000 60000000 2500000 30 0 60000000 0 0 0 0 0 0 0 3e1708d0 0000003e 3ec52df0 0000003e 0007418d 00000000 0007418d 00000000 0000006a 00000000 00000000 00000000 00ae2f4e 00000000 000741f7 00000000 00000000 00000000 00000000 00000039 008b3199 00000001 00000000 00000001 00000000 00000000 00000000 00000000 00000000 00000000 00000000 00000000 00000000 00000000 00000000 00000000 00000000 00000000 00000000 00000000 5fd44226 00000068 3ec52e21 0000003e 00000000 00000000 00000000 00000000 00000201 00000101 00000000 00000000 00000000 00000000 00000000 00000000 00000000 00003333 00004ccd 00002667 00000001 00000000 03938700 000004f8
capture_snapshot GLI1 00010000 60000000 2500000 31 0 60000000 0 0 0 0 0 0 0 3e1708d0 0000003e 3ecb2ef8 0000003e 00078198 00000000 00078198 00000000 0000006a 00000000 00000000 00000000 00b43059 00000000 00078202 00000000 00000000 00000000 00000000 00000039 008b3199 00000001 00000000 00000001 00000000 00000000 00000000 00000000 00000000 00000000 00000000 00000000 00000000 00000000 00000000 00000000 00000000 00000000 00000000 00000000 5fde43d1 00000068 3ecb2f2c 0000003e 00000000 00000000 00000000 00000000 00000201 00000101 00000000 00000000 00000000 00000000 00000000 00000000 00000000 00003333 00004ccd 00002667 00000001 00000000 03938700 000004f8
capture_snapshot GLI1 00010000 60000000 2500000 32 0 60000000 0 0 0 0 0 0 0 3e1708d0 0000003e 3ed12e98 0000003e 0007c194 00000000 0007c194 00000000 0000006a 00000000 00000000 00000000 00ba2fec 00000000 0007c1fe 00000000 00000000 00000000 00000000 00000039 008b3199 00000001 00000000 00000001 00000000 00000000 00000000 00000000 00000000 00000000 00000000 00000000 00000000 00000000 00000000 00000000 00000000 00000000 00000000 00000000 5fe84308 00000068 3ed12ebf 0000003e 00000000 00000000 00000000 00000000 00000201 00000101 00000000 00000000 00000000 00000000 00000000 00000000 00000000 00003333 00004ccd 00002667 00000001 00000000 03938700 000004f8
capture_snapshot GLI1 00010000 60000000 2500000 33 0 60000000 0 0 0 0 0 0 0 3e1708d0 0000003e 3ed72f28 0000003e 0008019a 00000000 0008019a 00000000 0000006a 00000000 00000000 00000000 00c03079 00000000 00080204 00000000 00000000 00000000 00000000 00000039 008b3199 00000001 00000000 00000001 00000000 00000000 00000000 00000000 00000000 00000000 00000000 00000000 00000000 00000000 00000000 00000000 00000000 00000000 00000000 00000000 5ff243de 00000068 3ed72f4c 0000003e 00000000 00000000 00000000 00000000 00000201 00000101 00000000 00000000 00000000 00000000 00000000 00000000 00000000 00003333 00004ccd 00002667 00000001 00000000 03938700 000004f8
capture_snapshot GLI1 00010000 60000000 2500000 34 0 60000000 0 0 0 0 0 0 0 3e1708d0 0000003e 3edd2e80 0000003e 00084193 00000000 00084193 00000000 0000006a 00000000 00000000 00000000 00c62fcb 00000000 000841fd 00000000 00000000 00000000 00000000 00000039 008b3199 00000001 00000000 00000001 00000000 00000000 00000000 00000000 00000000 00000000 00000000 00000000 00000000 00000000 00000000 00000000 00000000 00000000 00000000 00000000 5ffc42a8 00000068 3edd2e9e 0000003e 00000000 00000000 00000000 00000000 00000201 00000101 00000000 00000000 00000000 00000000 00000000 00000000 00000000 00003333 00004ccd 00002667 00000001 00000000 03938700 000004f8
capture_snapshot GLI1 00010000 60000000 2500000 35 0 60000000 0 0 0 0 0 0 0 3e1708d0 0000003e 3ee32f70 0000003e 0008819d 00000000 0008819d 00000000 0000006a 00000000 00000000 00000000 00cc30be 00000000 00088207 00000000 00000000 00000000 00000000 00000039 008b3199 00000001 00000000 00000001 00000000 00000000 00000000 00000000 00000000 00000000 00000000 00000000 00000000 00000000 00000000 00000000 00000000 00000000 00000000 00000000 6006442a 00000068 3ee32f91 0000003e 00000000 00000000 00000000 00000000 00000201 00000101 00000000 00000000 00000000 00000000 00000000 00000000 00000000 00003333 00004ccd 00002667 00000001 00000000 03938700 000004f8
capture_snapshot GLI1 00010000 60000000 2500000 36 0 60000000 0 0 0 0 0 0 0 3e1708d0 0000003e 3ee93030 0000003e 0008c1a5 00000000 0008c1a5 00000000 0000006a 00000000 00000000 00000000 00d2317c 00000000 0008c20f 00000000 00000000 00000000 00000000 00000039 008b3199 00000001 00000000 00000001 00000000 00000000 00000000 00000000 00000000 00000000 00000000 00000000 00000000 00000000 00000000 00000000 00000000 00000000 00000000 00000000 60104554 00000068 3ee9304f 0000003e 00000000 00000000 00000000 00000000 00000201 00000101 00000000 00000000 00000000 00000000 00000000 00000000 00000000 00003333 00004ccd 00002667 00000001 00000000 03938700 000004f8
capture_snapshot GLI1 00010000 60000000 2500000 37 0 60000000 0 0 0 0 0 0 0 3e1708d0 0000003e 3eef2f40 0000003e 0009019b 00000000 0009019b 00000000 0000006a 00000000 00000000 00000000 00d8309f 00000000 00090205 00000000 00000000 00000000 00000000 00000039 008b3199 00000001 00000000 00000001 00000000 00000000 00000000 00000000 00000000 00000000 00000000 00000000 00000000 00000000 00000000 00000000 00000000 00000000 00000000 00000000 601a43d0 00000068 3eef2f72 0000003e 00000000 00000000 00000000 00000000 00000201 00000101 00000000 00000000 00000000 00000000 00000000 00000000 00000000 00003333 00004ccd 00002667 00000001 00000000 03938700 000004f8
capture_snapshot GLI1 00010000 60000000 2500000 38 0 60000000 0 0 0 0 0 0 0 3e1708d0 0000003e 3ef52f40 0000003e 0009419b 00000000 0009419b 00000000 0000006a 00000000 00000000 00000000 00de309c 00000000 00094205 00000000 00000000 00000000 00000000 00000039 008b3199 00000001 00000000 00000001 00000000 00000000 00000000 00000000 00000000 00000000 00000000 00000000 00000000 00000000 00000000 00000000 00000000 00000000 00000000 00000000 602443b7 00000068 3ef52f6f 0000003e 00000000 00000000 00000000 00000000 00000201 00000101 00000000 00000000 00000000 00000000 00000000 00000000 00000000 00003333 00004ccd 00002667 00000001 00000000 03938700 000004f8
capture_snapshot GLI1 00010000 60000000 2500000 39 0 60000000 0 0 0 0 0 0 0 3e1708d0 0000003e 3efb2fb8 0000003e 000981a0 00000000 000981a0 00000000 0000006a 00000000 00000000 00000000 00e43106 00000000 0009820a 00000000 00000000 00000000 00000000 00000039 008b3199 00000001 00000000 00000001 00000000 00000000 00000000 00000000 00000000 00000000 00000000 00000000 00000000 00000000 00000000 00000000 00000000 00000000 00000000 00000000 602e4455 00000068 3efb2fd9 0000003e 00000000 00000000 00000000 00000000 00000201 00000101 00000000 00000000 00000000 00000000 00000000 00000000 00000000 00003333 00004ccd 00002667 00000001 00000000 03938700 000004f8
capture_snapshot GLI1 00010000 60000000 2500000 40 0 60000000 0 0 0 0 0 0 0 3e1708d0 0000003e 3f012d48 0000003e 0009c186 00000000 0009c186 00000000 0000006a 00000000 00000000 00000000 00ea2e9b 00000000 0009c1f0 00000000 00000000 00000000 00000000 00000039 008b3199 00000001 00000000 00000001 00000000 00000000 00000000 00000000 00000000 00000000 00000000 00000000 00000000 00000000 00000000 00000000 00000000 00000000 00000000 00000000 60384039 00000068 3f012d6e 0000003e 00000000 00000000 00000000 00000000 00000201 00000100 00000000 00000000 00000000 00000000 00000000 00000000 00000000 00003333 00004ccd 00002667 00000001 00000000 03938700 000004f8
capture_snapshot GLI1 00010000 60000000 2500000 41 0 60000000 0 0 0 0 0 0 0 3e1708d0 0000003e 3f072f40 0000003e 000a019b 00000000 000a019b 00000000 0000006a 00000000 00000000 00000000 00f03093 00000000 000a0205 00000000 00000000 00000000 00000000 00000039 008b3199 00000001 00000000 00000001 00000000 00000000 00000000 00000000 00000000 00000000 00000000 00000000 00000000 00000000 00000000 00000000 00000000 00000000 00000000 00000000 6042436e 00000068 3f072f66 0000003e 00000000 00000000 00000000 00000000 00000201 00000101 00000000 00000000 00000000 00000000 00000000 00000000 00000000 00003333 00004ccd 00002667 00000001 00000000 03938700 000004f8
capture_snapshot GLI1 00010000 60000000 2500000 42 0 60000000 0 0 0 0 0 0 0 3e1708d0 0000003e 3f0d2ef8 0000003e 000a4198 00000000 000a4198 00000000 0000006a 00000000 00000000 00000000 00f63047 00000000 000a4202 00000000 00000000 00000000 00000000 00000039 008b3199 00000001 00000000 00000001 00000000 00000000 00000000 00000000 00000000 00000000 00000000 00000000 00000000 00000000 00000000 00000000 00000000 00000000 00000000 00000000 604c42db 00000068 3f0d2f1a 0000003e 00000000 00000000 00000000 00000000 00000201 00000100 00000000 00000000 00000000 00000000 00000000 00000000 00000000 00003333 00004ccd 00002667 00000001 00000000 03938700 000004f8
capture_snapshot GLI1 00010000 60000000 2500000 43 0 60000000 0 0 0 0 0 0 0 3e1708d0 0000003e 3f132e38 0000003e 000a8190 00000000 000a8190 00000000 0000006a 00000000 00000000 00000000 00fc2f98 00000000 000a81fa 00000000 00000000 00000000 00000000 00000039 008b3199 00000001 00000000 00000001 00000000 00000000 00000000 00000000 00000000 00000000 00000000 00000000 00000000 00000000 00000000 00000000 00000000 00000000 00000000 00000000 605641a3 00000068 3f132e6b 0000003e 00000000 00000000 00000000 00000000 00000201 00000101 00000000 00000000 00000000 00000000 00000000 00000000 00000000 00003333 00004ccd 00002667 00000001 00000000 03938700 000004f8
capture_snapshot GLI1 00010000 60000000 2500000 44 0 60000000 0 0 0 0 0 0 0 3e1708d0 0000003e 3f1930c0 0000003e 000ac1ab 00000000 000ac1ab 00000000 0000006a 00000000 00000000 00000000 0102321d 00000000 000ac215 00000000 00000000 00000000 00000000 00000039 008b3199 00000001 00000000 00000001 00000000 00000000 00000000 00000000 00000000 00000000 00000000 00000000 00000000 00000000 00000000 00000000 00000000 00000000 00000000 00000000 606045c3 00000068 3f1930f0 0000003e 00000000 00000000 00000000 00000000 00000202 00000100 00000000 00000000 00000000 00000000 00000000 00000000 00000000 00003333 00004ccd 00002667 00000001 00000000 03938700 000004f8
capture_snapshot GLI1 00010000 60000000 2500000 45 0 60000000 0 0 0 0 0 0 0 3e1708d0 0000003e 3f1f2fb8 0000003e 000b01a0 00000000 000b01a0 00000000 0000006a 00000000 00000000 00000000 01083109 00000000 000b020a 00000000 00000000 00000000 00000000 00000039 008b3199 00000001 00000000 00000001 00000000 00000000 00000000 00000000 00000000 00000000 00000000 00000000 00000000 00000000 00000000 00000000 00000000 00000000 00000000 00000000 606a43e3 00000068 3f1f2fdc 0000003e 00000000 00000000 00000000 00000000 00000201 00000101 00000000 00000000 00000000 00000000 00000000 00000000 00000000 00003333 00004ccd 00002667 00000001 00000000 03938700 000004f8
capture_snapshot GLI1 00010000 60000000 2500000 46 0 60000000 0 0 0 0 0 0 0 3e1708d0 0000003e 3f252dc0 0000003e 000b418b 00000000 000b418a 00000000 0000006a 00000000 00000000 00000000 010e2f0a 00000000 000b41f5 00000000 00000000 00000000 00000000 0000003b 008b3199 00000001 00000001 00000001 00000000 00000000 00000000 00000000 00000000 00000000 00000000 00000000 00000000 00000000 00000000 00000000 00000000 00000000 00000000 00000000 6074407c 00000068 3f252ddd 0000003e 00000000 00000000 00000000 00000000 00000202 00000100 00000000 00000000 00000000 00000000 00000000 00000000 00000000 00003333 00004ccd 00002667 00000001 00000000 03938700 000004f8
capture_snapshot GLI1 00010000 60000000 2500000 47 0 60000000 0 0 0 0 0 0 0 3e1708d0 0000003e 3f2b2f40 0000003e 000b819b 00000000 000b819b 00000000 0000006a 00000000 00000000 00000000 0114309f 00000000 000b8205 00000000 00000000 00000000 00000000 00000039 008b3199 00000001 00000000 00000001 00000000 00000000 00000000 00000000 00000000 00000000 00000000 00000000 00000000 00000000 00000000 00000000 00000000 00000000 00000000 00000000 607e430c 00000068 3f2b2f72 0000003e 00000000 00000000 00000000 00000000 00000201 00000101 00000000 00000000 00000000 00000000 00000000 00000000 00000000 00003333 00004ccd 00002667 00000001 00000000 03938700 000004f8
capture_snapshot GLI1 00010000 60000000 2500000 48 0 60000000 0 0 0 0 0 0 0 3e1708d0 0000003e 3f312f88 0000003e 000bc19e 00000000 000bc19e 00000000 0000006a 00000000 00000000 00000000 011a30de 00000000 000bc208 00000000 00000000 00000000 00000000 00000039 008b3199 00000001 00000000 00000001 00000000 00000000 00000000 00000000 00000000 00000000 00000000 00000000 00000000 00000000 00000000 00000000 00000000 00000000 00000000 00000000 60884361 00000068 3f312fb1 0000003e 00000000 00000000 00000000 00000000 00000202 00000101 00000000 00000000 00000000 00000000 00000000 00000000 00000000 00003333 00004ccd 00002667 00000001 00000000 03938700 000004f8
capture_snapshot GLI1 00010000 60000000 2500000 49 0 60000000 0 0 0 0 0 0 0 3e1708d0 0000003e 3f372e68 0000003e 000c0192 00000000 000c0192 00000000 0000006a 00000000 00000000 00000000 01202fbf 00000000 000c01fc 00000000 00000000 00000000 00000000 00000039 008b3199 00000001 00000000 00000001 00000000 00000000 00000000 00000000 00000000 00000000 00000000 00000000 00000000 00000000 00000000 00000000 00000000 00000000 00000000 00000000 6092416f 00000068 3f372e92 0000003e 00000000 00000000 00000000 00000000 00000202 00000100 00000000 00000000 00000000 00000000 00000000 00000000 00000000 00003333 00004ccd 00002667 00000001 00000000 03938700 000004f8
capture_snapshot GLI1 00010000 60000000 2500000 50 0 60000000 0 0 0 0 0 0 0 3e1708d0 0000003e 3f3d3198 0000003e 000c41b4 00000000 000c41b4 00000000 0000006a 00000000 00000000 00000000 012632f0 00000000 000c421e 00000000 00000000 00000000 00000000 00000039 008b3199 00000001 00000000 00000001 00000000 00000000 00000000 00000000 00000000 00000000 00000000 00000000 00000000 00000000 00000000 00000000 00000000 00000000 00000000 00000000 609c46ad 00000068 3f3d31c3 0000003e 00000000 00000000 00000000 00000000 00000202 00000101 00000000 00000000 00000000 00000000 00000000 00000000 00000000 00003333 00004ccd 00002667 00000001 00000000 03938700 000004f8
capture_snapshot GLI1 00010000 60000000 2500000 51 0 60000000 0 0 0 0 0 0 0 3e1708d0 0000003e 3f432fb8 0000003e 000c81a0 00000000 000c81a0 00000000 0000006a 00000000 00000000 00000000 012c3116 00000000 000c820a 00000000 00000000 00000000 00000000 00000039 008b3199 00000001 00000000 00000001 00000000 00000000 00000000 00000000 00000000 00000000 00000000 00000000 00000000 00000000 00000000 00000000 00000000 00000000 00000000 00000000 60a64384 00000068 3f432fe9 0000003e 00000000 00000000 00000000 00000000 00000201 00000100 00000000 00000000 00000000 00000000 00000000 00000000 00000000 00003333 00004ccd 00002667 00000001 00000000 03938700 000004f8
capture_snapshot GLI1 00010000 60000000 2500000 52 0 60000000 0 0 0 0 0 0 0 3e1708d0 0000003e 3f492e68 0000003e 000cc192 00000000 000cc192 00000000 0000006a 00000000 00000000 00000000 01322fc8 00000000 000cc1fc 00000000 00000000 00000000 00000000 00000039 008b3199 00000001 00000000 00000001 00000000 00000000 00000000 00000000 00000000 00000000 00000000 00000000 00000000 00000000 00000000 00000000 00000000 00000000 00000000 00000000 60b04143 00000068 3f492e9b 0000003e 00000000 00000000 00000000 00000000 00000201 00000101 00000000 00000000 00000000 00000000 00000000 00000000 00000000 00003333 00004ccd 00002667 00000001 00000000 03938700 000004f8
capture_snapshot GLI1 00010000 60000000 2500000 53 0 60000000 0 0 0 0 0 0 0 3e1708d0 0000003e 3f4f3000 0000003e 000d01a3 00000000 000d01a3 00000000 0000006a 00000000 00000000 00000000 0138314e 00000000 000d020d 00000000 00000000 00000000 00000000 00000039 008b3199 00000001 00000000 00000001 00000000 00000000 00000000 00000000 00000000 00000000 00000000 00000000 00000000 00000000 00000000 00000000 00000000 00000000 00000000 00000000 60ba43ba 00000068 3f4f3021 0000003e 00000000 00000000 00000000 00000000 00000201 00000100 00000000 00000000 00000000 00000000 00000000 00000000 00000000 00003333 00004ccd 00002667 00000001 00000000 03938700 000004f8
capture_snapshot GLI1 00010000 60000000 2500000 54 0 60000000 0 0 0 0 0 0 0 3e1708d0 0000003e 3f552ef8 0000003e 000d4198 00000000 000d4198 00000000 0000006a 00000000 00000000 00000000 013e3051 00000000 000d4202 00000000 00000000 00000000 00000000 00000039 008b3199 00000001 00000000 00000001 00000000 00000000 00000000 00000000 00000000 00000000 00000000 00000000 00000000 00000000 00000000 00000000 00000000 00000000 00000000 00000000 60c44200 00000068 3f552f24 0000003e 00000000 00000000 00000000 00000000 00000201 00000101 00000000 00000000 00000000 00000000 00000000 00000000 00000000 00003333 00004ccd 00002667 00000001 00000000 03938700 000004f8
capture_snapshot GLI1 00010000 60000000 2500000 55 0 60000000 0 0 0 0 0 0 0 3e1708d0 0000003e 3f5b2f40 0000003e 000d819b 00000000 000d819b 00000000 0000006a 00000000 00000000 00000000 01443093 00000000 000d8205 00000000 00000000 00000000 00000000 00000039 008b3199 00000001 00000000 00000001 00000000 00000000 00000000 00000000 00000000 00000000 00000000 00000000 00000000 00000000 00000000 00000000 00000000 00000000 00000000 00000000 60ce425b 00000068 3f5b2f66 0000003e 00000000 00000000 00000000 00000000 00000202 00000101 00000000 00000000 00000000 00000000 00000000 00000000 00000000 00003333 00004ccd 00002667 00000001 00000000 03938700 000004f8
capture_snapshot GLI1 00010000 60000000 2500000 56 0 60000000 0 0 0 0 0 0 0 3e1708d0 0000003e 3f613090 0000003e 000dc1a9 00000000 000dc1a9 00000000 0000006a 00000000 00000000 00000000 014a31dd 00000000 000dc213 00000000 00000000 00000000 00000000 00000039 008b3199 00000001 00000000 00000001 00000000 00000000 00000000 00000000 00000000 00000000 00000000 00000000 00000000 00000000 00000000 00000000 00000000 00000000 00000000 00000000 60d8446e 00000068 3f6130b0 0000003e 00000000 00000000 00000000 00000000 00000201 00000101 00000000 00000000 00000000 00000000 00000000 00000000 00000000 00003333 00004ccd 00002667 00000001 00000000 03938700 000004f8
capture_snapshot GLI1 00010000 60000000 2500000 57 0 60000000 0 0 0 0 0 0 0 3e1708d0 0000003e 3f672ee0 0000003e 000e0197 00000000 000e0197 00000000 0000006a 00000000 00000000 00000000 01503038 00000000 000e0201 00000000 00000000 00000000 00000000 00000039 008b3199 00000001 00000000 00000001 00000000 00000000 00000000 00000000 00000000 00000000 00000000 00000000 00000000 00000000 00000000 00000000 00000000 00000000 00000000 00000000 60e2419c 00000068 3f672f0b 0000003e 00000000 00000000 00000000 00000000 00000202 00000101 00000000 00000000 00000000 00000000 00000000 00000000 00000000 00003333 00004ccd 00002667 00000001 00000000 03938700 000004f8
capture_snapshot GLI1 00010000 60000000 2500000 58 0 60000000 0 0 0 0 0 0 0 3e1708d0 0000003e 3f6d2d00 0000003e 000e4183 00000000 000e4183 00000000 0000006a 00000000 00000000 00000000 01562e5f 00000000 000e41ed 00000000 00000000 00000000 00000000 00000039 008b3199 00000001 00000000 00000001 00000000 00000000 00000000 00000000 00000000 00000000 00000000 00000000 00000000 00000000 00000000 00000000 00000000 00000000 00000000 00000000 60ec3e74 00000068 3f6d2d32 0000003e 00000000 00000000 00000000 00000000 00000202 00000100 00000000 00000000 00000000 00000000 00000000 00000000 00000000 00003333 00004ccd 00002667 00000001 00000000 03938700 000004f8
capture_snapshot GLI1 00010000 60000000 2500000 59 0 60000000 0 0 0 0 0 0 0 3e1708d0 0000003e 3f732fd0 0000003e 000e81a1 00000000 000e81a1 00000000 0000006a 00000000 00000000 00000000 015c311c 00000000 000e820b 00000000 00000000 00000000 00000000 00000039 008b3199 00000001 00000000 00000001 00000000 00000000 00000000 00000000 00000000 00000000 00000000 00000000 00000000 00000000 00000000 00000000 00000000 00000000 00000000 00000000 60f642f2 00000068 3f732fef 0000003e 00000000 00000000 00000000 00000000 00000201 00000101 00000000 00000000 00000000 00000000 00000000 00000000 00000000 00003333 00004ccd 00002667 00000001 00000000 03938700 000004f8
capture_snapshot GLI1 00010000 60000000 2500000 60 0 60000000 0 0 0 0 0 0 0 3e1708d0 0000003e 3f792e08 0000003e 000ec18e 00000000 000ec18e 00000000 0000006a 00000000 00000000 00000000 01622f59 00000000 000ec1f8 00000000 00000000 00000000 00000000 00000039 008b3199 00000001 00000000 00000001 00000000 00000000 00000000 00000000 00000000 00000000 00000000 00000000 00000000 00000000 00000000 00000000 00000000 00000000 00000000 00000000 61003fee 00000068 3f792e2c 0000003e 00000000 00000000 00000000 00000000 00000201 00000101 00000000 00000000 00000000 00000000 00000000 00000000 00000000 00003333 00004ccd 00002667 00000001 00000000 03938700 000004f8
capture_snapshot GLI1 00010000 60000000 2500000 61 0 60000000 0 0 0 0 0 0 0 3e1708d0 0000003e 3f7f2df0 0000003e 000f018d 00000000 000f018d 00000000 0000006a 00000000 00000000 00000000 01682f4c 00000000 000f01f7 00000000 00000000 00000000 00000000 00000039 008b3199 00000001 00000000 00000001 00000000 00000000 00000000 00000000 00000000 00000000 00000000 00000000 00000000 00000000 00000000 00000000 00000000 00000000 00000000 00000000 610a3fc4 00000068 3f7f2e1f 0000003e 00000000 00000000 00000000 00000000 00000201 00000101 00000000 00000000 00000000 00000000 00000000 00000000 00000000 00003333 00004ccd 00002667 00000001 00000000 03938700 000004f8
capture_snapshot GLI1 00010000 60000000 2500000 62 0 60000000 0 0 0 0 0 0 0 3e1708d0 0000003e 3f853150 0000003e 000f41b1 00000000 000f41b1 00000000 0000006a 00000000 00000000 00000000 016e32af 00000000 000f421b 00000000 00000000 00000000 00000000 00000039 008b3199 00000001 00000000 00000001 00000000 00000000 00000000 00000000 00000000 00000000 00000000 00000000 00000000 00000000 00000000 00000000 00000000 00000000 00000000 00000000 61144556 00000068 3f853182 0000003e 00000000 00000000 00000000 00000000 00000201 00000100 00000000 00000000 00000000 00000000 00000000 00000000 00000000 00003333 00004ccd 00002667 00000001 00000000 03938700 000004f8
capture_snapshot GLI1 00010000 60000000 2500000 63 0 60000000 0 0 0 0 0 0 0 3e1708d0 0000003e 3f8b2e98 0000003e 000f8194 00000000 000f8194 00000000 0000006a 00000000 00000000 00000000 01742fe3 00000000 000f81fe 00000000 00000000 00000000 00000000 00000039 008b3199 00000001 00000000 00000001 00000000 00000000 00000000 00000000 00000000 00000000 00000000 00000000 00000000 00000000 00000000 00000000 00000000 00000000 00000000 00000000 611e409a 00000068 3f8b2eb6 0000003e 00000000 00000000 00000000 00000000 00000201 00000101 00000000 00000000 00000000 00000000 00000000 00000000 00000000 00003333 00004ccd 00002667 00000001 00000000 03938700 000004f8
capture_snapshot GLI1 00010000 60000000 2500000 64 0 60000000 0 0 0 0 0 0 0 3e1708d0 0000003e 3f912e20 0000003e 000fc18f 00000000 000fc18f 00000000 0000006a 00000000 00000000 00000000 017a2f7e 00000000 000fc1f9 00000000 00000000 00000000 00000000 00000039 008b3199 00000001 00000000 00000001 00000000 00000000 00000000 00000000 00000000 00000000 00000000 00000000 00000000 00000000 00000000 00000000 00000000 00000000 00000000 00000000 61283fde 00000068 3f912e51 0000003e 00000000 00000000 00000000 00000000 00000201 00000101 00000000 00000000 00000000 00000000 00000000 00000000 00000000 00003333 00004ccd 00002667 00000001 00000000 03938700 000004f8
capture_snapshot GLI1 00010000 60000000 2500000 65 0 60000000 0 0 0 0 0 0 0 3e1708d0 0000003e 3f972e50 0000003e 00100191 00000000 00100191 00000000 0000006a 00000000 00000000 00000000 01802f9b 00000000 001001fb 00000000 00000000 00000000 00000000 00000039 008b3199 00000001 00000000 00000001 00000000 00000000 00000000 00000000 00000000 00000000 00000000 00000000 00000000 00000000 00000000 00000000 00000000 00000000 00000000 00000000 61323ff9 00000068 3f972e6e 0000003e 00000000 00000000 00000000 00000000 00000201 00000101 00000000 00000000 00000000 00000000 00000000 00000000 00000000 00003333 00004ccd 00002667 00000001 00000000 03938700 000004f8
capture_snapshot GLI1 00010000 60000000 2500000 66 0 60000000 0 0 0 0 0 0 0 3e1708d0 0000003e 3f9d2e38 0000003e 00104190 00000000 00104190 00000000 0000006a 00000000 00000000 00000000 01862f8b 00000000 001041fa 00000000 00000000 00000000 00000000 00000039 008b3199 00000001 00000000 00000001 00000000 00000000 00000000 00000000 00000000 00000000 00000000 00000000 00000000 00000000 00000000 00000000 00000000 00000000 00000000 00000000 613c3fcb 00000068 3f9d2e5e 0000003e 00000000 00000000 00000000 00000000 00000201 00000101 00000000 00000000 00000000 00000000 00000000 00000000 00000000 00003333 00004ccd 00002667 00000001 00000000 03938700 000004f8
capture_snapshot GLI1 00010000 60000000 2500000 67 0 60000000 0 0 0 0 0 0 0 3e1708d0 0000003e 3fa32e80 0000003e 00108193 00000000 00108193 00000000 0000006a 00000000 00000000 00000000 018c2fd6 00000000 001081fd 00000000 00000000 00000000 00000000 00000039 008b3199 00000001 00000000 00000001 00000000 00000000 00000000 00000000 00000000 00000000 00000000 00000000 00000000 00000000 00000000 00000000 00000000 00000000 00000000 00000000 61464035 00000068 3fa32ea9 0000003e 00000000 00000000 00000000 00000000 00000202 00000101 00000000 00000000 00000000 00000000 00000000 00000000 00000000 00003333 00004ccd 00002667 00000001 00000000 03938700 000004f8
capture_snapshot GLI1 00010000 60000000 2500000 68 0 60000000 0 0 0 0 0 0 0 3e1708d0 0000003e 3fa92e50 0000003e 0010c191 00000000 0010c191 00000000 0000006a 00000000 00000000 00000000 01922fa7 00000000 0010c1fb 00000000 00000000 00000000 00000000 00000039 008b3199 00000001 00000000 00000001 00000000 00000000 00000000 00000000 00000000 00000000 00000000 00000000 00000000 00000000 00000000 00000000 00000000 00000000 00000000 00000000 61503fd3 00000068 3fa92e7a 0000003e 00000000 00000000 00000000 00000000 00000202 00000100 00000000 00000000 00000000 00000000 00000000 00000000 00000000 00003333 00004ccd 00002667 00000001 00000000 03938700 000004f8
capture_snapshot GLI1 00010000 60000000 2500000 69 0 60000000 0 0 0 0 0 0 0 3e1708d0 0000003e 3faf2d90 0000003e 00110189 00000000 00110189 00000000 0000006a 00000000 00000000 00000000 01982ee9 00000000 001101f3 00000000 00000000 00000000 00000000 00000039 008b3199 00000001 00000000 00000001 00000000 00000000 00000000 00000000 00000000 00000000 00000000 00000000 00000000 00000000 00000000 00000000 00000000 00000000 00000000 00000000 615a3e83 00000068 3faf2dbc 0000003e 00000000 00000000 00000000 00000000 00000201 00000101 00000000 00000000 00000000 00000000 00000000 00000000 00000000 00003333 00004ccd 00002667 00000001 00000000 03938700 000004f8
capture_snapshot GLI1 00010000 60000000 2500000 70 0 60000000 0 0 0 0 0 0 0 3e1708d0 0000003e 3fb52e80 0000003e 00114193 00000000 00114193 00000000 0000006a 00000000 00000000 00000000 019e2fcc 00000000 001141fd 00000000 00000000 00000000 00000000 00000039 008b3199 00000001 00000000 00000001 00000000 00000000 00000000 00000000 00000000 00000000 00000000 00000000 00000000 00000000 00000000 00000000 00000000 00000000 00000000 00000000 61643fe9 00000068 3fb52e9f 0000003e 00000000 00000000 00000000 00000000 00000201 00000101 00000000 00000000 00000000 00000000 00000000 00000000 00000000 00003333 00004ccd 00002667 00000001 00000000 03938700 000004f8
capture_snapshot GLI1 00010000 60000000 2500000 71 0 60000000 0 0 0 0 0 0 0 3e1708d0 0000003e 3fbb2dc0 0000003e 0011818b 00000000 0011818b 00000000 0000006a 00000000 00000000 00000000 01a42f0f 00000000 001181f5 00000000 00000000 00000000 00000000 00000039 008b3199 00000001 00000000 00000001 00000000 00000000 00000000 00000000 00000000 00000000 00000000 00000000 00000000 00000000 00000000 00000000 00000000 00000000 00000000 00000000 616e3e9b 00000068 3fbb2de2 0000003e 00000000 00000000 00000000 00000000 00000202 00000100 00000000 00000000 00000000 00000000 00000000 00000000 00000000 00003333 00004ccd 00002667 00000001 00000000 03938700 000004f8
capture_snapshot GLI1 00010000 60000000 2500000 72 0 60000000 0 0 0 0 0 0 0 3e1708d0 0000003e 3fc12dc0 0000003e 0011c18b 00000000 0011c18b 00000000 0000006a 00000000 00000000 00000000 01aa2f0b 00000000 0011c1f5 00000000 00000000 00000000 00000000 00000039 008b3199 00000001 00000000 00000001 00000000 00000000 00000000 00000000 00000000 00000000 00000000 00000000 00000000 00000000 00000000 00000000 00000000 00000000 00000000 00000000 61783e81 00000068 3fc12dde 0000003e 00000000 00000000 00000000 00000000 00000201 00000100 00000000 00000000 00000000 00000000 00000000 00000000 00000000 00003333 00004ccd 00002667 00000001 00000000 03938700 000004f8
capture_snapshot GLI1 00010000 60000000 2500000 73 0 60000000 0 0 0 0 0 0 0 3e1708d0 0000003e 3fc72d60 0000003e 00120187 00000000 00120187 00000000 0000006a 00000000 00000000 00000000 01b02eab 00000000 001201f1 00000000 00000000 00000000 00000000 00000039 008b3199 00000001 00000000 00000001 00000000 00000000 00000000 00000000 00000000 00000000 00000000 00000000 00000000 00000000 00000000 00000000 00000000 00000000 00000000 00000000 61823dce 00000068 3fc72d7e 0000003e 00000000 00000000 00000000 00000000 00000201 00000101 00000000 00000000 00000000 00000000 00000000 00000000 00000000 00003333 00004ccd 00002667 00000001 00000000 03938700 000004f8
capture_snapshot GLI1 00010000 60000000 2500000 74 0 60000000 0 0 0 0 0 0 0 3e1708d0 0000003e 3fcd2d90 0000003e 00124189 00000000 00124189 00000000 0000006a 00000000 00000000 00000000 01b62eef 00000000 001241f3 00000000 00000000 00000000 00000000 00000039 008b3199 00000001 00000000 00000001 00000000 00000000 00000000 00000000 00000000 00000000 00000000 00000000 00000000 00000000 00000000 00000000 00000000 00000000 00000000 00000000 618c3e2b 00000068 3fcd2dc2 0000003e 00000000 00000000 00000000 00000000 00000201 00000100 00000000 00000000 00000000 00000000 00000000 00000000 00000000 00003333 00004ccd 00002667 00000001 00000000 03938700 000004f8
capture_snapshot GLI1 00010000 60000000 2500000 75 0 60000000 0 0 0 0 0 0 0 3e1708d0 0000003e 3fd32da8 0000003e 0012818a 00000000 0012818a 00000000 0000006a 00000000 00000000 00000000 01bc2f01 00000000 001281f4 00000000 00000000 00000000 00000000 00000039 008b3199 00000001 00000000 00000001 00000000 00000000 00000000 00000000 00000000 00000000 00000000 00000000 00000000 00000000 00000000 00000000 00000000 00000000 00000000 00000000 61963e35 00000068 3fd32dd4 0000003e 00000000 00000000 00000000 00000000 00000201 00000101 00000000 00000000 00000000 00000000 00000000 00000000 00000000 00003333 00004ccd 00002667 00000001 00000000 03938700 000004f8
capture_snapshot GLI1 00010000 60000000 2500000 76 0 60000000 0 0 0 0 0 0 0 3e1708d0 0000003e 3fd92f28 0000003e 0012c19a 00000000 0012c19a 00000000 0000006a 00000000 00000000 00000000 01c23081 00000000 0012c204 00000000 00000000 00000000 00000000 00000039 008b3199 00000001 00000000 00000001 00000000 00000000 00000000 00000000 00000000 00000000 00000000 00000000 00000000 00000000 00000000 00000000 00000000 00000000 00000000 00000000 61a040a3 00000068 3fd92f54 0000003e 00000000 00000000 00000000 00000000 00000201 00000101 00000000 00000000 00000000 00000000 00000000 00000000 00000000 00003333 00004ccd 00002667 00000001 00000000 03938700 000004f8
capture_snapshot GLI1 00010000 60000000 2500000 77 0 60000000 0 0 0 0 0 0 0 3e1708d0 0000003e 3fdf2e08 0000003e 0013018e 00000000 0013018e 00000000 0000006a 00000000 00000000 00000000 01c82f56 00000000 001301f8 00000000 00000000 00000000 00000000 00000039 008b3199 00000001 00000000 00000001 00000000 00000000 00000000 00000000 00000000 00000000 00000000 00000000 00000000 00000000 00000000 00000000 00000000 00000000 00000000 00000000 61aa3e9b 00000068 3fdf2e29 0000003e 00000000 00000000 00000000 00000000 00000201 00000101 00000000 00000000 00000000 00000000 00000000 00000000 00000000 00003333 00004ccd 00002667 00000001 00000000 03938700 000004f8
capture_snapshot GLI1 00010000 60000000 2500000 78 0 60000000 0 0 0 0 0 0 0 3e1708d0 0000003e 3fe52ce8 0000003e 00134182 00000000 00134182 00000000 0000006a 00000000 00000000 00000000 01ce2e44 00000000 001341ec 00000000 00000000 00000000 00000000 00000039 008b3199 00000001 00000000 00000001 00000000 00000000 00000000 00000000 00000000 00000000 00000000 00000000 00000000 00000000 00000000 00000000 00000000 00000000 00000000 00000000 61b43cc0 00000068 3fe52d17 0000003e 00000000 00000000 00000000 00000000 00000201 00000101 00000000 00000000 00000000 00000000 00000000 00000000 00000000 00003333 00004ccd 00002667 00000001 00000000 03938700 000004f8
capture_snapshot GLI1 00010000 60000000 2500000 79 0 60000000 0 0 0 0 0 0 0 3e1708d0 0000003e 3feb3600 0000003e 001381e3 00000000 001381e3 00000000 0000006a 00000000 00000000 00000000 01d43758 00000000 0013824d 00000000 00000000 00000000 00000000 00000039 008b3199 00000001 00000000 00000001 00000000 00000000 00000000 00000000 00000000 00000000 00000000 00000000 00000000 00000000 00000000 00000000 00000000 00000000 00000000 00000000 61be4bce 00000068 3feb362b 0000003e 00000000 00000000 00000000 00000000 00000201 00000101 00000000 00000000 00000000 00000000 00000000 00000000 00000000 00003333 00004ccd 00002667 00000001 00000000 03938700 000004f8
capture_snapshot GLI1 00010000 60000000 2500000 80 0 60000000 0 0 0 0 0 0 0 3e1708d0 0000003e 3ff13300 0000003e 0013c1c3 00000000 0013c1c3 00000000 0000006a 00000000 00000000 00000000 01da3459 00000000 0013c22d 00000000 00000000 00000000 00000000 00000039 008b3199 00000001 00000000 00000001 00000000 00000000 00000000 00000000 00000000 00000000 00000000 00000000 00000000 00000000 00000000 00000000 00000000 00000000 00000000 00000000 61c846bc 00000068 3ff1332c 0000003e 00000000 00000000 00000000 00000000 00000201 00000101 00000000 00000000 00000000 00000000 00000000 00000000 00000000 00003333 00004ccd 00002667 00000001 00000000 03938700 000004f8
capture_snapshot GLI1 00010000 60000000 2500000 81 0 60000000 0 0 0 0 0 0 0 3e1708d0 0000003e 3ff75c28 0000003e 0014037a 00000000 0014037a 00000000 0000006a 00000000 00000000 00000000 01e05d80 00000000 001403e4 00000000 00000000 00000000 00000000 00000039 008b3199 00000001 00000000 00000001 00000000 00000000 00000000 00000000 00000000 00000000 00000000 00000000 00000000 00000000 00000000 00000000 00000000 00000000 00000000 00000000 61d28b3d 00000068 3ff75c53 0000003e 00000000 00000000 00000000 00000000 00000201 00000101 00000000 00000000 00000000 00000000 00000000 00000000 00000000 00003333 00004ccd 00002667 00000001 00000000 03938700 000004f8
capture_snapshot GLI1 00010000 60000000 2500000 82 0 60000000 0 0 0 0 0 0 0 3e1708d0 0000003e 3ffd5340 0000003e 0014431b 00000000 0014431b 00000000 0000006a 00000000 00000000 00000000 01e6548b 00000000 00144385 00000000 00000000 00000000 00000000 00000039 008b3199 00000001 00000000 00000001 00000000 00000000 00000000 00000000 00000000 00000000 00000000 00000000 00000000 00000000 00000000 00000000 00000000 00000000 00000000 00000000 61dc7c3d 00000068 3ffd535e 0000003e 00000000 00000000 00000000 00000000 00000201 00000101 00000000 00000000 00000000 00000000 00000000 00000000 00000000 00003333 00004ccd 00002667 00000001 00000000 03938700 000004f8
capture_snapshot GLI1 00010000 60000000 2500000 83 0 60000000 0 0 0 0 0 0 0 3e1708d0 0000003e 40034ef0 0000003e 001482ed 00000000 001482ed 00000000 0000006a 00000000 00000000 00000000 01ec503c 00000000 00148357 00000000 00000000 00000000 00000000 00000039 008b3199 00000001 00000000 00000001 00000000 00000000 00000000 00000000 00000000 00000000 00000000 00000000 00000000 00000000 00000000 00000000 00000000 00000000 00000000 00000000 61e674fa 00000068 40034f0f 0000003e 00000000 00000000 00000000 00000000 00000201 00000101 00000000 00000000 00000000 00000000 00000000 00000000 00000000 00003333 00004ccd 00002667 00000001 00000000 03938700 000004f8
capture_snapshot GLI1 00010000 60000000 2500000 84 0 60000000 0 0 0 0 0 0 0 3e1708d0 0000003e 40094db8 0000003e 0014c2e0 00000000 0014c2e0 00000000 0000006a 00000000 00000000 00000000 01f24f0b 00000000 0014c34a 00000000 00000000 00000000 00000000 00000039 008b3199 00000001 00000000 00000001 00000000 00000000 00000000 00000000 00000000 00000000 00000000 00000000 00000000 00000000 00000000 00000000 00000000 00000000 00000000 00000000 61f072eb 00000068 40094dde 0000003e 00000000 00000000 00000000 00000000 00000201 00000100 00000000 00000000 00000000 00000000 00000000 00000000 00000000 00003333 00004ccd 00002667 00000001 00000000 03938700 000004f8
capture_snapshot GLI1 00010000 60000000 2500000 85 0 60000000 0 0 0 0 0 0 0 3e1708d0 0000003e 400f5400 0000003e 00150323 00000000 00150323 00000000 0000006a 00000000 00000000 00000000 01f85559 00000000 0015038d 00000000 00000000 00000000 00000000 00000039 008b3199 00000001 00000000 00000001 00000000 00000000 00000000 00000000 00000000 00000000 00000000 00000000 00000000 00000000 00000000 00000000 00000000 00000000 00000000 00000000 61fa7d59 00000068 400f542c 0000003e 00000000 00000000 00000000 00000000 00000202 00000101 00000000 00000000 00000000 00000000 00000000 00000000 00000000 00003333 00004ccd 00002667 00000001 00000000 03938700 000004f8
capture_snapshot GLI1 00010000 60000000 2500000 86 0 60000000 0 0 0 0 0 0 0 3e1708d0 0000003e 40154dd0 0000003e 001542e1 00000000 001542e1 00000000 0000006a 00000000 00000000 00000000 01fe4f2f 00000000 0015434b 00000000 00000000 00000000 00000000 00000039 008b3199 00000001 00000000 00000001 00000000 00000000 00000000 00000000 00000000 00000000 00000000 00000000 00000000 00000000 00000000 00000000 00000000 00000000 00000000 00000000 62047300 00000068 40154e02 0000003e 00000000 00000000 00000000 00000000 00000201 00000101 00000000 00000000 00000000 00000000 00000000 00000000 00000000 00003333 00004ccd 00002667 00000001 00000000 03938700 000004f8
capture_snapshot GLI1 00010000 60000000 2500000 87 0 60000000 0 0 0 0 0 0 0 3e1708d0 0000003e 401b5700 0000003e 00158343 00000000 00158343 00000000 0000006a 00000000 00000000 00000000 02045859 00000000 001583ad 00000000 00000000 00000000 00000000 00000039 008b3199 00000001 00000000 00000001 00000000 00000000 00000000 00000000 00000000 00000000 00000000 00000000 00000000 00000000 00000000 00000000 00000000 00000000 00000000 00000000 620e8233 00000068 401b572c 0000003e 00000000 00000000 00000000 00000000 00000201 00000101 00000000 00000000 00000000 00000000 00000000 00000000 00000000 00003333 00004ccd 00002667 00000001 00000000 03938700 000004f8
capture_snapshot GLI1 00010000 60000000 2500000 88 0 60000000 0 0 0 0 0 0 0 3e1708d0 0000003e 40215178 0000003e 0015c308 00000000 0015c308 00000000 0000006a 00000000 00000000 00000000 020a52c4 00000000 0015c372 00000000 00000000 00000000 00000000 00000039 008b3199 00000001 00000000 00000001 00000000 00000000 00000000 00000000 00000000 00000000 00000000 00000000 00000000 00000000 00000000 00000000 00000000 00000000 00000000 00000000 621878d2 00000068 40215197 0000003e 00000000 00000000 00000000 00000000 00000202 00000101 00000000 00000000 00000000 00000000 00000000 00000000 00000000 00003333 00004ccd 00002667 00000001 00000000 03938700 000004f8
capture_snapshot GLI1 00010000 60000000 2500000 89 0 60000000 0 0 0 0 0 0 0 3e1708d0 0000003e 40274b60 0000003e 001602c7 00000000 001602c7 00000000 0000006a 00000000 00000000 00000000 02104cac 00000000 00160331 00000000 00000000 00000000 00000000 00000039 008b3199 00000001 00000000 00000001 00000000 00000000 00000000 00000000 00000000 00000000 00000000 00000000 00000000 00000000 00000000 00000000 00000000 00000000 00000000 00000000 62226e95 00000068 40274b7f 0000003e 00000000 00000000 00000000 00000000 00000202 00000101 00000000 00000000 00000000 00000000 00000000 00000000 00000000 00003333 00004ccd 00002667 00000001 00000000 03938700 000004f8
capture_snapshot GLI1 00010000 60000000 2500000 90 0 60000000 0 0 0 0 0 0 0 3e1708d0 0000003e 402d4f08 0000003e 001642ee 00000000 001642ee 00000000 0000006a 00000000 00000000 00000000 02165064 00000000 00164358 00000000 00000000 00000000 00000000 00000039 008b3199 00000001 00000000 00000001 00000000 00000000 00000000 00000000 00000000 00000000 00000000 00000000 00000000 00000000 00000000 00000000 00000000 00000000 00000000 00000000 622c74b5 00000068 402d4f37 0000003e 00000000 00000000 00000000 00000000 00000201 00000101 00000000 00000000 00000000 00000000 00000000 00000000 00000000 00003333 00004ccd 00002667 00000001 00000000 03938700 000004f8
capture_snapshot GLI1 00010000 60000000 2500000 91 0 60000000 0 0 0 0 0 0 0 3e1708d0 0000003e 40335838 0000003e 00168350 00000000 00168350 00000000 0000006a 00000000 00000000 00000000 021c5984 00000000 001683ba 00000000 00000000 00000000 00000000 00000039 008b3199 00000001 00000000 00000001 00000000 00000000 00000000 00000000 00000000 00000000 00000000 00000000 00000000 00000000 00000000 00000000 00000000 00000000 00000000 00000000 623683d6 00000068 40335857 0000003e 00000000 00000000 00000000 00000000 00000201 00000101 00000000 00000000 00000000 00000000 00000000 00000000 00000000 00003333 00004ccd 00002667 00000001 00000000 03938700 000004f8
capture_snapshot GLI1 00010000 60000000 2500000 92 0 60000000 0 0 0 0 0 0 0 3e1708d0 0000003e 403953a0 0000003e 0016c31f 00000000 0016c31f 00000000 0000006a 00000000 00000000 00000000 022254ed 00000000 0016c389 00000000 00000000 00000000 00000000 00000039 008b3199 00000001 00000000 00000001 00000000 00000000 00000000 00000000 00000000 00000000 00000000 00000000 00000000 00000000 00000000 00000000 00000000 00000000 00000000 00000000 62407c1c 00000068 403953c0 0000003e 00000000 00000000 00000000 00000000 00000201 00000100 00000000 00000000 00000000 00000000 00000000 00000000 00000000 00003333 00004ccd 00002667 00000001 00000000 03938700 000004f8
capture_snapshot GLI1 00010000 60000000 2500000 93 0 60000000 0 0 0 0 0 0 0 3e1708d0 0000003e 403f5910 0000003e 00170359 00000000 00170359 00000000 0000006a 00000000 00000000 00000000 02285a5d 00000000 001703c3 00000000 00000000 00000000 00000000 00000039 008b3199 00000001 00000000 00000001 00000000 00000000 00000000 00000000 00000000 00000000 00000000 00000000 00000000 00000000 00000000 00000000 00000000 00000000 00000000 00000000 624a8518 00000068 403f5930 0000003e 00000000 00000000 00000000 00000000 00000202 00000100 00000000 00000000 00000000 00000000 00000000 00000000 00000000 00003333 00004ccd 00002667 00000001 00000000 03938700 000004f8
capture_snapshot GLI1 00010000 60000000 2500000 94 0 60000000 0 0 0 0 0 0 0 3e1708d0 0000003e 40455e20 0000003e 0017438f 00000000 0017438f 00000000 0000006a 00000000 00000000 00000000 022e5f72 00000000 001743f9 00000000 00000000 00000000 00000000 00000039 008b3199 00000001 00000000 00000001 00000000 00000000 00000000 00000000 00000000 00000000 00000000 00000000 00000000 00000000 00000000 00000000 00000000 00000000 00000000 00000000 62548d7d 00000068 40455e45 0000003e 00000000 00000000 00000000 00000000 00000201 00000100 00000000 00000000 00000000 00000000 00000000 00000000 00000000 00003333 00004ccd 00002667 00000001 00000000 03938700 000004f8
capture_snapshot GLI1 00010000 60000000 2500000 95 0 60000000 0 0 0 0 0 0 0 3e1708d0 0000003e 404b4da0 0000003e 001782df 00000000 001782df 00000000 0000006a 00000000 00000000 00000000 02344eee 00000000 00178349 00000000 00000000 00000000 00000000 00000039 008b3199 00000001 00000000 00000001 00000000 00000000 00000000 00000000 00000000 00000000 00000000 00000000 00000000 00000000 00000000 00000000 00000000 00000000 00000000 00000000 625e71e2 00000068 404b4dc1 0000003e 00000000 00000000 00000000 00000000 00000201 00000101 00000000 00000000 00000000 00000000 00000000 00000000 00000000 00003333 00004ccd 00002667 00000001 00000000 03938700 000004f8
capture_snapshot GLI1 00010000 60000000 2500000 96 0 60000000 0 0 0 0 0 0 0 3e1708d0 0000003e 40515850 0000003e 0017c351 00000000 0017c351 00000000 0000006a 00000000 00000000 00000000 023a59a4 00000000 0017c3bb 00000000 00000000 00000000 00000000 00000039 008b3199 00000001 00000000 00000001 00000000 00000000 00000000 00000000 00000000 00000000 00000000 00000000 00000000 00000000 00000000 00000000 00000000 00000000 00000000 00000000 626883a9 00000068 40515877 0000003e 00000000 00000000 00000000 00000000 00000202 00000101 00000000 00000000 00000000 00000000 00000000 00000000 00000000 00003333 00004ccd 00002667 00000001 00000000 03938700 000004f8
capture_snapshot GLI1 00010000 60000000 2500000 97 0 60000000 0 0 0 0 0 0 0 3e1708d0 0000003e 40575790 0000003e 00180349 00000000 00180349 00000000 0000006a 00000000 00000000 00000000 024058e6 00000000 001803b3 00000000 00000000 00000000 00000000 00000039 008b3199 00000001 00000000 00000001 00000000 00000000 00000000 00000000 00000000 00000000 00000000 00000000 00000000 00000000 00000000 00000000 00000000 00000000 00000000 00000000 62728258 00000068 405757b9 0000003e 00000000 00000000 00000000 00000000 00000201 00000101 00000000 00000000 00000000 00000000 00000000 00000000 00000000 00003333 00004ccd 00002667 00000001 00000000 03938700 000004f8
capture_snapshot GLI1 00010000 60000000 2500000 98 0 60000000 0 0 0 0 0 0 0 3e1708d0 0000003e 405d7a58 0000003e 001844bc 00000000 001844bc 00000000 0000006a 00000000 00000000 00000000 02467bb5 00000000 00184526 00000000 00000000 00000000 00000000 00000039 008b3199 00000001 00000000 00000001 00000000 00000000 00000000 00000000 00000000 00000000 00000000 00000000 00000000 00000000 00000000 00000000 00000000 00000000 00000000 00000000 627cbc49 00000068 405d7a88 0000003e 00000000 00000000 00000000 00000000 00000201 00000101 00000000 00000000 00000000 00000000 00000000 00000000 00000000 00003333 00004ccd 00002667 00000001 00000000 03938700 000004f8
capture_snapshot GLI1 00010000 60000000 2500000 99 0 60000000 0 0 0 0 0 0 0 3e1708d0 0000003e 406354f0 0000003e 0018832d 00000000 0018832d 00000000 0000006a 00000000 00000000 00000000 024c564c 00000000 00188397 00000000 00000000 00000000 00000000 00000039 008b3199 00000001 00000000 00000001 00000000 00000000 00000000 00000000 00000000 00000000 00000000 00000000 00000000 00000000 00000000 00000000 00000000 00000000 00000000 00000000 62867ddc 00000068 4063551f 0000003e 00000000 00000000 00000000 00000000 00000201 00000101 00000000 00000000 00000000 00000000 00000000 00000000 00000000 00003333 00004ccd 00002667 00000001 00000000 03938700 000004f8
capture_snapshot GLI1 00010000 60000000 2500000 100 0 60000000 0 0 0 0 0 0 0 3e1708d0 0000003e 406954c0 0000003e 0018c32b 00000000 0018c32b 00000000 0000006a 00000000 00000000 00000000 0252560e 00000000 0018c395 00000000 00000000 00000000 00000000 00000039 008b3199 00000001 00000000 00000001 00000000 00000000 00000000 00000000 00000000 00000000 00000000 00000000 00000000 00000000 00000000 00000000 00000000 00000000 00000000 00000000 62907d61 00000068 406954e1 0000003e 00000000 00000000 00000000 00000000 00000201 00000100 00000000 00000000 00000000 00000000 00000000 00000000 00000000 00003333 00004ccd 00002667 00000001 00000000 03938700 000004f8
capture_snapshot GLI1 00010000 60000000 2500000 101 0 60000000 0 0 0 0 0 0 0 3e1708d0 0000003e 406f5ce8 0000003e 00190382 00000000 00190382 00000000 0000006a 00000000 00000000 00000000 02585e35 00000000 001903ec 00000000 00000000 00000000 00000000 00000039 008b3199 00000001 00000000 00000001 00000000 00000000 00000000 00000000 00000000 00000000 00000000 00000000 00000000 00000000 00000000 00000000 00000000 00000000 00000000 00000000 629a8ae4 00000068 406f5d08 0000003e 00000000 00000000 00000000 00000000 00000201 00000101 00000000 00000000 00000000 00000000 00000000 00000000 00000000 00003333 00004ccd 00002667 00000001 00000000 03938700 000004f8
capture_snapshot GLI1 00010000 60000000 2500000 102 0 60000000 0 0 0 0 0 0 0 3e1708d0 0000003e 40755610 0000003e 00194339 00000000 00194339 00000000 0000006a 00000000 00000000 00000000 025e575c 00000000 001943a3 00000000 00000000 00000000 00000000 00000039 008b3199 00000001 00000000 00000001 00000000 00000000 00000000 00000000 00000000 00000000 00000000 00000000 00000000 00000000 00000000 00000000 00000000 00000000 00000000 00000000 62a47f66 00000068 4075562f 0000003e 00000000 00000000 00000000 00000000 00000201 00000101 00000000 00000000 00000000 00000000 00000000 00000000 00000000 00003333 00004ccd 00002667 00000001 00000000 03938700 000004f8
capture_snapshot GLI1 00010000 60000000 2500000 103 0 60000000 0 0 0 0 0 0 0 3e1708d0 0000003e 407b56e8 0000003e 00198342 00000000 00198342 00000000 0000006a 00000000 00000000 00000000 02645844 00000000 001983ac 00000000 00000000 00000000 00000000 00000039 008b3199 00000001 00000000 00000001 00000000 00000000 00000000 00000000 00000000 00000000 00000000 00000000 00000000 00000000 00000000 00000000 00000000 00000000 00000000 00000000 62ae80d5 00000068 407b5717 0000003e 00000000 00000000 00000000 00000000 00000201 00000101 00000000 00000000 00000000 00000000 00000000 00000000 00000000 00003333 00004ccd 00002667 00000001 00000000 03938700 000004f8
capture_snapshot GLI1 00010000 60000000 2500000 104 0 60000000 0 0 0 0 0 0 0 3e1708d0 0000003e 408154c0 0000003e 0019c32b 00000000 0019c32b 00000000 0000006a 00000000 00000000 00000000 026a560f 00000000 0019c395 00000000 00000000 00000000 00000000 00000039 008b3199 00000001 00000000 00000001 00000000 00000000 00000000 00000000 00000000 00000000 00000000 00000000 00000000 00000000 00000000 00000000 00000000 00000000 00000000 00000000 62b87d14 00000068 408154e2 0000003e 00000000 00000000 00000000 00000000 00000202 00000100 00000000 00000000 00000000 00000000 00000000 00000000 00000000 00003333 00004ccd 00002667 00000001 00000000 03938700 000004f8
capture_snapshot GLI1 00010000 60000000 2500000 105 0 60000000 0 0 0 0 0 0 0 3e1708d0 0000003e 40875640 0000003e 001a033b 00000000 001a033b 00000000 0000006a 00000000 00000000 00000000 0270579d 00000000 001a03a5 00000000 00000000 00000000 00000000 00000039 008b3199 00000001 00000000 00000001 00000000 00000000 00000000 00000000 00000000 00000000 00000000 00000000 00000000 00000000 00000000 00000000 00000000 00000000 00000000 00000000 62c27f98 00000068 40875670 0000003e 00000000 00000000 00000000 00000000 00000202 00000100 00000000 00000000 00000000 00000000 00000000 00000000 00000000 00003333 00004ccd 00002667 00000001 00000000 03938700 000004f8
capture_snapshot GLI1 00010000 60000000 2500000 106 0 60000000 0 0 0 0 0 0 0 3e1708d0 0000003e 408d58f8 0000003e 001a4358 00000000 001a4358 00000000 0000006a 00000000 00000000 00000000 02765a4b 00000000 001a43c2 00000000 00000000 00000000 00000000 00000039 008b3199 00000001 00000000 00000001 00000000 00000000 00000000 00000000 00000000 00000000 00000000 00000000 00000000 00000000 00000000 00000000 00000000 00000000 00000000 00000000 62cc83fc 00000068 408d591e 0000003e 00000000 00000000 00000000 00000000 00000201 00000100 00000000 00000000 00000000 00000000 00000000 00000000 00000000 00003333 00004ccd 00002667 00000001 00000000 03938700 000004f8
capture_snapshot GLI1 00010000 60000000 2500000 107 0 60000000 0 0 0 0 0 0 0 3e1708d0 0000003e 40935718 0000003e 001a8344 00000000 001a8344 00000000 0000006a 00000000 00000000 00000000 027c5868 00000000 001a83ae 00000000 00000000 00000000 00000000 00000039 008b3199 00000001 00000000 00000001 00000000 00000000 00000000 00000000 00000000 00000000 00000000 00000000 00000000 00000000 00000000 00000000 00000000 00000000 00000000 00000000 62d680c3 00000068 4093573b 0000003e 00000000 00000000 00000000 00000000 00000202 00000101 00000000 00000000 00000000 00000000 00000000 00000000 00000000 00003333 00004ccd 00002667 00000001 00000000 03938700 000004f8
capture_snapshot GLI1 00010000 60000000 2500000 108 0 60000000 0 0 0 0 0 0 0 3e1708d0 0000003e 40995e20 0000003e 001ac38f 00000000 001ac38f 00000000 0000006a 00000000 00000000 00000000 02825f7b 00000000 001ac3f9 00000000 00000000 00000000 00000000 00000039 008b3199 00000001 00000000 00000001 00000000 00000000 00000000 00000000 00000000 00000000 00000000 00000000 00000000 00000000 00000000 00000000 00000000 00000000 00000000 00000000 62e08c79 00000068 40995e4e 0000003e 00000000 00000000 00000000 00000000 00000201 00000101 00000000 00000000 00000000 00000000 00000000 00000000 00000000 00003333 00004ccd 00002667 00000001 00000000 03938700 000004f8
capture_snapshot GLI1 00010000 60000000 2500000 109 0 60000000 0 0 0 0 0 0 0 3e1708d0 0000003e 409f51a8 0000003e 001b030a 00000000 001b030a 00000000 0000006a 00000000 00000000 00000000 028852fa 00000000 001b0374 00000000 00000000 00000000 00000000 00000039 008b3199 00000001 00000000 00000001 00000000 00000000 00000000 00000000 00000000 00000000 00000000 00000000 00000000 00000000 00000000 00000000 00000000 00000000 00000000 00000000 62ea7790 00000068 409f51cd 0000003e 00000000 00000000 00000000 00000000 00000201 00000101 00000000 00000000 00000000 00000000 00000000 00000000 00000000 00003333 00004ccd 00002667 00000001 00000000 03938700 000004f8
capture_snapshot GLI1 00010000 60000000 2500000 110 0 60000000 0 0 0 0 0 0 0 3e1708d0 0000003e 40a55760 0000003e 001b4347 00000000 001b4347 00000000 0000006a 00000000 00000000 00000000 028e58bf 00000000 001b43b1 00000000 00000000 00000000 00000000 00000039 008b3199 00000001 00000000 00000001 00000000 00000000 00000000 00000000 00000000 00000000 00000000 00000000 00000000 00000000 00000000 00000000 00000000 00000000 00000000 00000000 62f4811a 00000068 40a55792 0000003e 00000000 00000000 00000000 00000000 00000201 00000101 00000000 00000000 00000000 00000000 00000000 00000000 00000000 00003333 00004ccd 00002667 00000001 00000000 03938700 000004f8
capture_snapshot GLI1 00010000 60000000 2500000 111 0 60000000 0 0 0 0 0 0 0 3e1708d0 0000003e 40ab5700 0000003e 001b8343 00000000 001b8343 00000000 0000006a 00000000 00000000 00000000 02945850 00000000 001b83ad 00000000 00000000 00000000 00000000 00000039 008b3199 00000001 00000000 00000001 00000000 00000000 00000000 00000000 00000000 00000000 00000000 00000000 00000000 00000000 00000000 00000000 00000000 00000000 00000000 00000000 62fe804c 00000068 40ab5723 0000003e 00000000 00000000 00000000 00000000 00000201 00000101 00000000 00000000 00000000 00000000 00000000 00000000 00000000 00003333 00004ccd 00002667 00000001 00000000 03938700 000004f8
capture_snapshot GLI1 00010000 60000000 2500000 112 0 60000000 0 0 0 0 0 0 0 3e1708d0 0000003e 40b15508 0000003e 001bc32e 00000000 001bc32e 00000000 0000006a 00000000 00000000 00000000 029a5657 00000000 001bc398 00000000 00000000 00000000 00000000 00000039 008b3199 00000001 00000000 00000001 00000000 00000000 00000000 00000000 00000000 00000000 00000000 00000000 00000000 00000000 00000000 00000000 00000000 00000000 00000000 00000000 63087cef 00000068 40b1552a 0000003e 00000000 00000000 00000000 00000000 00000201 00000101 00000000 00000000 00000000 00000000 00000000 00000000 00000000 00003333 00004ccd 00002667 00000001 00000000 03938700 000004f8
capture_snapshot GLI1 00010000 60000000 2500000 113 0 60000000 0 0 0 0 0 0 0 3e1708d0 0000003e 40b75520 0000003e 001c032f 00000000 001c032f 00000000 0000006a 00000000 00000000 00000000 02a0567e 00000000 001c0399 00000000 00000000 00000000 00000000 00000039 008b3199 00000001 00000000 00000001 00000000 00000000 00000000 00000000 00000000 00000000 00000000 00000000 00000000 00000000 00000000 00000000 00000000 00000000 00000000 00000000 63127d1d 00000068 40b75551 0000003e 00000000 00000000 00000000 00000000 00000202 00000101 00000000 00000000 00000000 00000000 00000000 00000000 00000000 00003333 00004ccd 00002667 00000001 00000000 03938700 000004f8
capture_snapshot GLI1 00010000 60000000 2500000 114 0 60000000 0 0 0 0 0 0 0 3e1708d0 0000003e 40bd53d0 0000003e 001c4321 00000000 001c4321 00000000 0000006a 00000000 00000000 00000000 02a65520 00000000 001c438b 00000000 00000000 00000000 00000000 00000039 008b3199 00000001 00000000 00000001 00000000 00000000 00000000 00000000 00000000 00000000 00000000 00000000 00000000 00000000 00000000 00000000 00000000 00000000 00000000 00000000 631c7ac3 00000068 40bd53f3 0000003e 00000000 00000000 00000000 00000000 00000201 00000101 00000000 00000000 00000000 00000000 00000000 00000000 00000000 00003333 00004ccd 00002667 00000001 00000000 03938700 000004f8
capture_snapshot GLI1 00010000 60000000 2500000 115 0 60000000 0 0 0 0 0 0 0 3e1708d0 0000003e 40c35538 0000003e 001c8330 00000000 001c8330 00000000 0000006a 00000000 00000000 00000000 02ac5689 00000000 001c839a 00000000 00000000 00000000 00000000 00000039 008b3199 00000001 00000000 00000001 00000000 00000000 00000000 00000000 00000000 00000000 00000000 00000000 00000000 00000000 00000000 00000000 00000000 00000000 00000000 00000000 63267d08 00000068 40c3555c 0000003e 00000000 00000000 00000000 00000000 00000202 00000101 00000000 00000000 00000000 00000000 00000000 00000000 00000000 00003333 00004ccd 00002667 00000001 00000000 03938700 000004f8
capture_snapshot GLI1 00010000 60000000 2500000 116 0 60000000 0 0 0 0 0 0 0 3e1708d0 0000003e 40c95778 0000003e 001cc348 00000000 001cc348 00000000 0000006a 00000000 00000000 00000000 02b258d4 00000000 001cc3b2 00000000 00000000 00000000 00000000 00000039 008b3199 00000001 00000000 00000001 00000000 00000000 00000000 00000000 00000000 00000000 00000000 00000000 00000000 00000000 00000000 00000000 00000000 00000000 00000000 00000000 633080c7 00000068 40c957a7 0000003e 00000000 00000000 00000000 00000000 00000201 00000101 00000000 00000000 00000000 00000000 00000000 00000000 00000000 00003333 00004ccd 00002667 00000001 00000000 03938700 000004f8
capture_snapshot GLI1 00010000 60000000 2500000 117 0 60000000 0 0 0 0 0 0 0 3e1708d0 0000003e 40cf56e8 0000003e 001d0342 00000000 001d0342 00000000 0000006a 00000000 00000000 00000000 02b85841 00000000 001d03ac 00000000 00000000 00000000 00000000 00000039 008b3199 00000001 00000000 00000001 00000000 00000000 00000000 00000000 00000000 00000000 00000000 00000000 00000000 00000000 00000000 00000000 00000000 00000000 00000000 00000000 633a7fbf 00000068 40cf5714 0000003e 00000000 00000000 00000000 00000000 00000201 00000101 00000000 00000000 00000000 00000000 00000000 00000000 00000000 00003333 00004ccd 00002667 00000001 00000000 03938700 000004f8
capture_snapshot GLI1 00010000 60000000 2500000 118 0 60000000 0 0 0 0 0 0 0 3e1708d0 0000003e 40d55268 0000003e 001d4312 00000000 001d4312 00000000 0000006a 00000000 00000000 00000000 02be53b6 00000000 001d437c 00000000 00000000 00000000 00000000 00000039 008b3199 00000001 00000000 00000001 00000000 00000000 00000000 00000000 00000000 00000000 00000000 00000000 00000000 00000000 00000000 00000000 00000000 00000000 00000000 00000000 63447819 00000068 40d55289 0000003e 00000000 00000000 00000000 00000000 00000201 00000101 00000000 00000000 00000000 00000000 00000000 00000000 00000000 00003333 00004ccd 00002667 00000001 00000000 03938700 000004f8
capture_snapshot GLI1 00010000 60000000 2500000 119 0 60000000 0 0 0 0 0 0 0 3e1708d0 0000003e 40db5550 0000003e 001d8331 00000000 001d8331 00000000 0000006a 00000000 00000000 00000000 02c4569b 00000000 001d839b 00000000 00000000 00000000 00000000 00000039 008b3199 00000001 00000000 00000001 00000000 00000000 00000000 00000000 00000000 00000000 00000000 00000000 00000000 00000000 00000000 00000000 00000000 00000000 00000000 00000000 634e7cd8 00000068 40db556e 0000003e 00000000 00000000 00000000 00000000 00000201 00000100 00000000 00000000 00000000 00000000 00000000 00000000 00000000 00003333 00004ccd 00002667 00000001 00000000 03938700 000004f8
capture_snapshot GLI1 00010000 60000000 2500000 120 0 60000000 0 0 0 0 0 0 0 3e1708d0 0000003e 40e15ee0 0000003e 001dc397 00000000 001dc397 00000000 0000006a 00000000 00000000 00000000 02ca6036 00000000 001dc401 00000000 00000000 00000000 00000000 00000039 008b3199 00000001 00000000 00000001 00000000 00000000 00000000 00000000 00000000 00000000 00000000 00000000 00000000 00000000 00000000 00000000 00000000 00000000 00000000 00000000 63588cc7 00000068 40e15f09 0000003e 00000000 00000000 00000000 00000000 00000201 00000101 00000000 00000000 00000000 00000000 00000000 00000000 00000000 00003333 00004ccd 00002667 00000001 00000000 03938700 000004f8
capture_snapshot GLI1 00010000 60000000 2500000 121 0 60000000 0 0 0 0 0 0 0 3e1708d0 0000003e 40e752e0 0000003e 001e0317 00000000 001e0317 00000000 0000006a 00000000 00000000 00000000 02d05431 00000000 001e0381 00000000 00000000 00000000 00000000 00000039 008b3199 00000001 00000000 00000001 00000000 00000000 00000000 00000000 00000000 00000000 00000000 00000000 00000000 00000000 00000000 00000000 00000000 00000000 00000000 00000000 636278ab 00000068 40e75304 0000003e 00000000 00000000 00000000 00000000 00000201 00000101 00000000 00000000 00000000 00000000 00000000 00000000 00000000 00003333 00004ccd 00002667 00000001 00000000 03938700 000004f8
capture_snapshot GLI1 00010000 60000000 2500000 122 0 60000000 0 0 0 0 0 0 0 3e1708d0 0000003e 40ed5808 0000003e 001e434e 00000000 001e434e 00000000 0000006a 00000000 00000000 00000000 02d65954 00000000 001e43b8 00000000 00000000 00000000 00000000 00000039 008b3199 00000001 00000000 00000001 00000000 00000000 00000000 00000000 00000000 00000000 00000000 00000000 00000000 00000000 00000000 00000000 00000000 00000000 00000000 00000000 636c8127 00000068 40ed5827 0000003e 00000000 00000000 00000000 00000000 00000201 00000101 00000000 00000000 00000000 00000000 00000000 00000000 00000000 00003333 00004ccd 00002667 00000001 00000000 03938700 000004f8
capture_snapshot GLI1 00010000 60000000 2500000 123 0 60000000 0 0 0 0 0 0 0 3e1708d0 0000003e 40f353e8 0000003e 001e8322 00000000 001e8322 00000000 0000006a 00000000 00000000 00000000 02dc5534 00000000 001e838c 00000000 00000000 00000000 00000000 00000039 008b3199 00000001 00000000 00000001 00000000 00000000 00000000 00000000 00000000 00000000 00000000 00000000 00000000 00000000 00000000 00000000 00000000 00000000 00000000 00000000 63767a34 00000068 40f35407 0000003e 00000000 00000000 00000000 00000000 00000201 00000101 00000000 00000000 00000000 00000000 00000000 00000000 00000000 00003333 00004ccd 00002667 00000001 00000000 03938700 000004f8
capture_snapshot GLI1 00010000 60000000 2500000 124 0 60000000 0 0 0 0 0 0 0 3e1708d0 0000003e 40f95100 0000003e 001ec303 00000000 001ec303 00000000 0000006a 00000000 00000000 00000000 02e25259 00000000 001ec36d 00000000 00000000 00000000 00000000 00000039 008b3199 00000001 00000000 00000001 00000000 00000000 00000000 00000000 00000000 00000000 00000000 00000000 00000000 00000000 00000000 00000000 00000000 00000000 00000000 00000000 6380755d 00000068 40f9512c 0000003e 00000000 00000000 00000000 00000000 00000201 00000101 00000000 00000000 00000000 00000000 00000000 00000000 00000000 00003333 00004ccd 00002667 00000001 00000000 03938700 000004f8
capture_snapshot GLI1 00010000 60000000 2500000 125 0 60000000 0 0 0 0 0 0 0 3e1708d0 0000003e 40ff5c70 0000003e 001f037d 00000000 001f037d 00000000 0000006a 00000000 00000000 00000000 02e85dc1 00000000 001f03e7 00000000 00000000 00000000 00000000 00000039 008b3199 00000001 00000000 00000001 00000000 00000000 00000000 00000000 00000000 00000000 00000000 00000000 00000000 00000000 00000000 00000000 00000000 00000000 00000000 00000000 638a884d 00000068 40ff5c94 0000003e 00000000 00000000 00000000 00000000 00000201 00000101 00000000 00000000 00000000 00000000 00000000 00000000 00000000 00003333 00004ccd 00002667 00000001 00000000 03938700 000004f8
capture_snapshot GLI1 00010000 60000000 2500000 126 0 60000000 0 0 0 0 0 0 0 3e1708d0 0000003e 41055760 0000003e 001f4347 00000000 001f4347 00000000 0000006a 00000000 00000000 00000000 02ee58b9 00000000 001f43b1 00000000 00000000 00000000 00000000 00000039 008b3199 00000001 00000000 00000001 00000000 00000000 00000000 00000000 00000000 00000000 00000000 00000000 00000000 00000000 00000000 00000000 00000000 00000000 00000000 00000000 63947fd6 00000068 4105578c 0000003e 00000000 00000000 00000000 00000000 00000202 00000101 00000000 00000000 00000000 00000000 00000000 00000000 00000000 00003333 00004ccd 00002667 00000001 00000000 03938700 000004f8
capture_snapshot GLI1 00010000 60000000 2500000 127 0 60000000 0 0 0 0 0 0 0 3e1708d0 0000003e 410b6f18 0000003e 001f8444 00000000 001f8444 00000000 0000006a 00000000 00000000 00000000 02f47065 00000000 001f84ae 00000000 00000000 00000000 00000000 00000039 008b3199 00000001 00000000 00000001 00000000 00000000 00000000 00000000 00000000 00000000 00000000 00000000 00000000 00000000 00000000 00000000 00000000 00000000 00000000 00000000 639ea736 00000068 410b6f38 0000003e 00000000 00000000 00000000 00000000 00000202 00000100 00000000 00000000 00000000 00000000 00000000 00000000 00000000 00003333 00004ccd 00002667 00000001 00000000 03938700 000004f8
capture_snapshot GLI1 00010000 60000000 2500000 128 0 60000000 0 0 0 0 0 0 0 3e1708d0 0000003e 41115508 0000003e 001fc32e 00000000 001fc32e 00000000 0000006a 00000000 00000000 00000000 02fa5655 00000000 001fc398 00000000 00000000 00000000 00000000 00000039 008b3199 00000001 00000000 00000001 00000000 00000000 00000000 00000000 00000000 00000000 00000000 00000000 00000000 00000000 00000000 00000000 00000000 00000000 00000000 00000000 63a87bb3 00000068 41115528 0000003e 00000000 00000000 00000000 00000000 00000201 00000100 00000000 00000000 00000000 00000000 00000000 00000000 00000000 00003333 00004ccd 00002667 00000001 00000000 03938700 000004f8
capture_snapshot GLI1 00010000 60000000 2500000 129 0 60000000 0 0 0 0 0 0 0 3e1708d0 0000003e 41175400 0000003e 00200323 00000000 00200323 00000000 0000006a 00000000 00000000 00000000 0300555f 00000000 0020038d 00000000 00000000 00000000 00000000 00000039 008b3199 00000001 00000000 00000001 00000000 00000000 00000000 00000000 00000000 00000000 00000000 00000000 00000000 00000000 00000000 00000000 00000000 00000000 00000000 00000000 63b27a06 00000068 41175432 0000003e 00000000 00000000 00000000 00000000 00000201 00000101 00000000 00000000 00000000 00000000 00000000 00000000 00000000 00003333 00004ccd 00002667 00000001 00000000 03938700 000004f8
capture_snapshot GLI1 00010000 60000000 2500000 130 0 60000000 0 0 0 0 0 0 0 3e1708d0 0000003e 411d5a60 0000003e 00204367 00000000 00204367 00000000 0000006a 00000000 00000000 00000000 03065bbc 00000000 002043d1 00000000 00000000 00000000 00000000 00000039 008b3199 00000001 00000000 00000001 00000000 00000000 00000000 00000000 00000000 00000000 00000000 00000000 00000000 00000000 00000000 00000000 00000000 00000000 00000000 00000000 63bc848d 00000068 411d5a8f 0000003e 00000000 00000000 00000000 00000000 00000201 00000101 00000000 00000000 00000000 00000000 00000000 00000000 00000000 00003333 00004ccd 00002667 00000001 00000000 03938700 000004f8
capture_snapshot GLI1 00010000 60000000 2500000 131 0 60000000 0 0 0 0 0 0 0 3e1708d0 0000003e 41235580 0000003e 00208333 00000000 00208333 00000000 0000006a 00000000 00000000 00000000 030c56d4 00000000 0020839d 00000000 00000000 00000000 00000000 00000039 008b3199 00000001 00000000 00000001 00000000 00000000 00000000 00000000 00000000 00000000 00000000 00000000 00000000 00000000 00000000 00000000 00000000 00000000 00000000 00000000 63c67c4c 00000068 412355a7 0000003e 00000000 00000000 00000000 00000000 00000201 00000101 00000000 00000000 00000000 00000000 00000000 00000000 00000000 00003333 00004ccd 00002667 00000001 00000000 03938700 000004f8
capture_snapshot GLI1 00010000 60000000 2500000 132 0 60000000 0 0 0 0 0 0 0 3e1708d0 0000003e 41295100 0000003e 0020c303 00000000 0020c303 00000000 0000006a 00000000 00000000 00000000 03125258 00000000 0020c36d 00000000 00000000 00000000 00000000 00000039 008b3199 00000001 00000000 00000001 00000000 00000000 00000000 00000000 00000000 00000000 00000000 00000000 00000000 00000000 00000000 00000000 00000000 00000000 00000000 00000000 63d074bf 00000068 4129512b 0000003e 00000000 00000000 00000000 00000000 00000202 00000101 00000000 00000000 00000000 00000000 00000000 00000000 00000000 00003333 00004ccd 00002667 00000001 00000000 03938700 000004f8
capture_snapshot GLI1 00010000 60000000 2500000 133 0 60000000 0 0 0 0 0 0 0 3e1708d0 0000003e 412f55e0 0000003e 00210337 00000000 00210337 00000000 0000006a 00000000 00000000 00000000 0318573a 00000000 002103a1 00000000 00000000 00000000 00000000 00000039 008b3199 00000001 00000000 00000001 00000000 00000000 00000000 00000000 00000000 00000000 00000000 00000000 00000000 00000000 00000000 00000000 00000000 00000000 00000000 00000000 63da7ccf 00000068 412f560d 0000003e 00000000 00000000 00000000 00000000 00000201 00000100 00000000 00000000 00000000 00000000 00000000 00000000 00000000 00003333 00004ccd 00002667 00000001 00000000 03938700 000004f8
capture_snapshot GLI1 00010000 60000000 2500000 134 0 60000000 0 0 0 0 0 0 0 3e1708d0 0000003e 413557a8 0000003e 0021434a 00000000 0021434a 00000000 0000006a 00000000 00000000 00000000 031e5907 00000000 002143b4 00000000 00000000 00000000 00000000 00000039 008b3199 00000001 00000000 00000001 00000000 00000000 00000000 00000000 00000000 00000000 00000000 00000000 00000000 00000000 00000000 00000000 00000000 00000000 00000000 00000000 63e47fbc 00000068 413557da 0000003e 00000000 00000000 00000000 00000000 00000201 00000101 00000000 00000000 00000000 00000000 00000000 00000000 00000000 00003333 00004ccd 00002667 00000001 00000000 03938700 000004f8
capture_snapshot GLI1 00010000 60000000 2500000 135 0 60000000 0 0 0 0 0 0 0 3e1708d0 0000003e 413b54f0 0000003e 0021832d 00000000 0021832d 00000000 0000006a 00000000 00000000 00000000 03245646 00000000 00218397 00000000 00000000 00000000 00000000 00000039 008b3199 00000001 00000000 00000001 00000000 00000000 00000000 00000000 00000000 00000000 00000000 00000000 00000000 00000000 00000000 00000000 00000000 00000000 00000000 00000000 63ee7b10 00000068 413b5519 0000003e 00000000 00000000 00000000 00000000 00000201 00000101 00000000 00000000 00000000 00000000 00000000 00000000 00000000 00003333 00004ccd 00002667 00000001 00000000 03938700 000004f8
capture_snapshot GLI1 00010000 60000000 2500000 136 0 60000000 0 0 0 0 0 0 0 3e1708d0 0000003e 414156d0 0000003e 0021c341 00000000 0021c341 00000000 0000006a 00000000 00000000 00000000 032a582e 00000000 0021c3ab 00000000 00000000 00000000 00000000 00000039 008b3199 00000001 00000000 00000001 00000000 00000000 00000000 00000000 00000000 00000000 00000000 00000000 00000000 00000000 00000000 00000000 00000000 00000000 00000000 00000000 63f87e2b 00000068 41415701 0000003e 00000000 00000000 00000000 00000000 00000201 00000101 00000000 00000000 00000000 00000000 00000000 00000000 00000000 00003333 00004ccd 00002667 00000001 00000000 03938700 000004f8
capture_snapshot GLI1 00010000 60000000 2500000 137 0 60000000 0 0 0 0 0 0 0 3e1708d0 0000003e 414756b8 0000003e 00220340 00000000 00220340 00000000 0000006a 00000000 00000000 00000000 03305811 00000000 002203aa 00000000 00000000 00000000 00000000 00000039 008b3199 00000001 00000000 00000001 00000000 00000000 00000000 00000000 00000000 00000000 00000000 00000000 00000000 00000000 00000000 00000000 00000000 00000000 00000000 00000000 64027de7 00000068 414756e4 0000003e 00000000 00000000 00000000 00000000 00000201 00000101 00000000 00000000 00000000 00000000 00000000 00000000 00000000 00003333 00004ccd 00002667 00000001 00000000 03938700 000004f8
capture_snapshot GLI1 00010000 60000000 2500000 138 0 60000000 0 0 0 0 0 0 0 3e1708d0 0000003e 414d5040 0000003e 002242fb 00000000 002242fb 00000000 0000006a 00000000 00000000 00000000 03365196 00000000 00224365 00000000 00000000 00000000 00000000 00000039 008b3199 00000001 00000000 00000001 00000000 00000000 00000000 00000000 00000000 00000000 00000000 00000000 00000000 00000000 00000000 00000000 00000000 00000000 00000000 00000000 640c7306 00000068 414d5069 0000003e 00000000 00000000 00000000 00000000 00000202 00000101 00000000 00000000 00000000 00000000 00000000 00000000 00000000 00003333 00004ccd 00002667 00000001 00000000 03938700 000004f8
capture_snapshot GLI1 00010000 60000000 2500000 139 0 60000000 0 0 0 0 0 0 0 3e1708d0 0000003e 41535dd8 0000003e 0022838c 00000000 0022838c 00000000 0000006a 00000000 00000000 00000000 033c5f23 00000000 002283f6 00000000 00000000 00000000 00000000 00000039 008b3199 00000001 00000000 00000001 00000000 00000000 00000000 00000000 00000000 00000000 00000000 00000000 00000000 00000000 00000000 00000000 00000000 00000000 00000000 00000000 64168989 00000068 41535df6 0000003e 00000000 00000000 00000000 00000000 00000201 00000101 00000000 00000000 00000000 00000000 00000000 00000000 00000000 00003333 00004ccd 00002667 00000001 00000000 03938700 000004f8
capture_snapshot GLI1 00010000 60000000 2500000 140 0 60000000 0 0 0 0 0 0 0 3e1708d0 0000003e 41595508 0000003e 0022c32e 00000000 0022c32e 00000000 0000006a 00000000 00000000 00000000 0342565c 00000000 0022c398 00000000 00000000 00000000 00000000 00000039 008b3199 00000001 00000000 00000001 00000000 00000000 00000000 00000000 00000000 00000000 00000000 00000000 00000000 00000000 00000000 00000000 00000000 00000000 00000000 00000000 64207ad4 00000068 4159552f 0000003e 00000000 00000000 00000000 00000000 00000201 00000101 00000000 00000000 00000000 00000000 00000000 00000000 00000000 00003333 00004ccd 00002667 00000001 00000000 03938700 000004f8
capture_snapshot GLI1 00010000 60000000 2500000 141 0 60000000 0 0 0 0 0 0 0 3e1708d0 0000003e 415f5bb0 0000003e 00230375 00000000 00230375 00000000 0000006a 00000000 00000000 00000000 03485d08 00000000 002303df 00000000 00000000 00000000 00000000 00000039 008b3199 00000001 00000000 00000001 00000000 00000000 00000000 00000000 00000000 00000000 00000000 00000000 00000000 00000000 00000000 00000000 00000000 00000000 00000000 00000000 642a85de 00000068 415f5bdb 0000003e 00000000 00000000 00000000 00000000 00000201 00000101 00000000 00000000 00000000 00000000 00000000 00000000 00000000 00003333 00004ccd 00002667 00000001 00000000 03938700 000004f8
capture_snapshot GLI1 00010000 60000000 2500000 142 0 60000000 0 0 0 0 0 0 0 3e1708d0 0000003e 41655670 0000003e 0023433d 00000000 0023433d 00000000 0000006a 00000000 00000000 00000000 034e57cb 00000000 002343a7 00000000 00000000 00000000 00000000 00000039 008b3199 00000001 00000000 00000001 00000000 00000000 00000000 00000000 00000000 00000000 00000000 00000000 00000000 00000000 00000000 00000000 00000000 00000000 00000000 00000000 64347d11 00000068 4165569e 0000003e 00000000 00000000 00000000 00000000 00000201 00000101 00000000 00000000 00000000 00000000 00000000 00000000 00000000 00003333 00004ccd 00002667 00000001 00000000 03938700 000004f8
capture_snapshot GLI1 00010000 60000000 2500000 143 0 60000000 0 0 0 0 0 0 0 3e1708d0 0000003e 416b5748 0000003e 00238346 00000000 00238346 00000000 0000006a 00000000 00000000 00000000 03545899 00000000 002383b0 00000000 00000000 00000000 00000000 00000039 008b3199 00000001 00000000 00000001 00000000 00000000 00000000 00000000 00000000 00000000 00000000 00000000 00000000 00000000 00000000 00000000 00000000 00000000 00000000 00000000 643e7e55 00000068 416b576c 0000003e 00000000 00000000 00000000 00000000 00000201 00000101 00000000 00000000 00000000 00000000 00000000 00000000 00000000 00003333 00004ccd 00002667 00000001 00000000 03938700 000004f8
capture_snapshot GLI1 00010000 60000000 2500000 144 0 60000000 0 0 0 0 0 0 0 3e1708d0 0000003e 41715598 0000003e 0023c334 00000000 0023c334 00000000 0000006a 00000000 00000000 00000000 035a56f3 00000000 0023c39e 00000000 00000000 00000000 00000000 00000039 008b3199 00000001 00000000 00000001 00000000 00000000 00000000 00000000 00000000 00000000 00000000 00000000 00000000 00000000 00000000 00000000 00000000 00000000 00000000 00000000 64487b81 00000068 417155c6 0000003e 00000000 00000000 00000000 00000000 00000201 00000100 00000000 00000000 00000000 00000000 00000000 00000000 00000000 00003333 00004ccd 00002667 00000001 00000000 03938700 000004f8
capture_snapshot GLI1 00010000 60000000 2500000 145 0 60000000 0 0 0 0 0 0 0 3e1708d0 0000003e 417757d8 0000003e 0024034c 00000000 0024034b 00000000 0000006a 00000000 00000000 00000000 03605922 00000000 002403b6 00000000 00000000 00000000 00000000 0000003b 008b3199 00000001 00000001 00000001 00000000 00000000 00000000 00000000 00000000 00000000 00000000 00000000 00000000 00000000 00000000 00000000 00000000 00000000 00000000 00000000 64527f11 00000068 417757f5 0000003e 00000000 00000000 00000000 00000000 00000202 00000100 00000000 00000000 00000000 00000000 00000000 00000000 00000000 00003333 00004ccd 00002667 00000001 00000000 03938700 000004f8
capture_snapshot GLI1 00010000 60000000 2500000 146 0 60000000 0 0 0 0 0 0 0 3e1708d0 0000003e 417d5328 0000003e 0024431a 00000000 0024431a 00000000 0000006a 00000000 00000000 00000000 03665484 00000000 00244384 00000000 00000000 00000000 00000000 00000039 008b3199 00000001 00000000 00000001 00000000 00000000 00000000 00000000 00000000 00000000 00000000 00000000 00000000 00000000 00000000 00000000 00000000 00000000 00000000 00000000 645c774b 00000068 417d5357 0000003e 00000000 00000000 00000000 00000000 00000201 00000101 00000000 00000000 00000000 00000000 00000000 00000000 00000000 00003333 00004ccd 00002667 00000001 00000000 03938700 000004f8
capture_snapshot GLI1 00010000 60000000 2500000 147 0 60000000 0 0 0 0 0 0 0 3e1708d0 0000003e 41834ea8 0000003e 002482ea 00000000 002482ea 00000000 0000006a 00000000 00000000 00000000 036c4ff6 00000000 00248354 00000000 00000000 00000000 00000000 00000039 008b3199 00000001 00000000 00000001 00000000 00000000 00000000 00000000 00000000 00000000 00000000 00000000 00000000 00000000 00000000 00000000 00000000 00000000 00000000 00000000 64666fa1 00000068 41834ec9 0000003e 00000000 00000000 00000000 00000000 00000201 00000101 00000000 00000000 00000000 00000000 00000000 00000000 00000000 00003333 00004ccd 00002667 00000001 00000000 03938700 000004f8
capture_snapshot GLI1 00010000 60000000 2500000 148 0 60000000 0 0 0 0 0 0 0 3e1708d0 0000003e 418958c8 0000003e 0024c356 00000000 0024c356 00000000 0000006a 00000000 00000000 00000000 03725a23 00000000 0024c3c0 00000000 00000000 00000000 00000000 00000039 008b3199 00000001 00000000 00000001 00000000 00000000 00000000 00000000 00000000 00000000 00000000 00000000 00000000 00000000 00000000 00000000 00000000 00000000 00000000 00000000 64708082 00000068 418958f6 0000003e 00000000 00000000 00000000 00000000 00000201 00000101 00000000 00000000 00000000 00000000 00000000 00000000 00000000 00003333 00004ccd 00002667 00000001 00000000 03938700 000004f8
capture_snapshot GLI1 00010000 60000000 2500000 149 0 60000000 0 0 0 0 0 0 0 3e1708d0 0000003e 418f55e0 0000003e 00250337 00000000 00250337 00000000 0000006a 00000000 00000000 00000000 0378573b 00000000 002503a1 00000000 00000000 00000000 00000000 00000039 008b3199 00000001 00000000 00000001 00000000 00000000 00000000 00000000 00000000 00000000 00000000 00000000 00000000 00000000 00000000 00000000 00000000 00000000 00000000 00000000 647a7b98 00000068 418f560e 0000003e 00000000 00000000 00000000 00000000 00000201 00000101 00000000 00000000 00000000 00000000 00000000 00000000 00000000 00003333 00004ccd 00002667 00000001 00000000 03938700 000004f8
capture_snapshot GLI1 00010000 60000000 2500000 150 0 60000000 0 0 0 0 0 0 0 3e1708d0 0000003e 41954f38 0000003e 002542f0 00000000 002542f0 00000000 0000006a 00000000 00000000 00000000 037e508b 00000000 0025435a 00000000 00000000 00000000 00000000 00000039 008b3199 00000001 00000000 00000001 00000000 00000000 00000000 00000000 00000000 00000000 00000000 00000000 00000000 00000000 00000000 00000000 00000000 00000000 00000000 00000000 6484705e 00000068 41954f5e 0000003e 00000000 00000000 00000000 00000000 00000202 00000101 00000000 00000000 00000000 00000000 00000000 00000000 00000000 00003333 00004ccd 00002667 00000001 00000000 03938700 000004f8
capture_snapshot GLI1 00010000 60000000 2500000 151 0 60000000 0 0 0 0 0 0 0 3e1708d0 0000003e 419b5370 0000003e 0025831d 00000000 0025831d 00000000 0000006a 00000000 00000000 00000000 038454c0 00000000 00258387 00000000 00000000 00000000 00000000 00000039 008b3199 00000001 00000000 00000001 00000000 00000000 00000000 00000000 00000000 00000000 00000000 00000000 00000000 00000000 00000000 00000000 00000000 00000000 00000000 00000000 648e774d 00000068 419b5393 0000003e 00000000 00000000 00000000 00000000 00000201 00000101 00000000 00000000 00000000 00000000 00000000 00000000 00000000 00003333 00004ccd 00002667 00000001 00000000 03938700 000004f8
capture_snapshot GLI1 00010000 60000000 2500000 152 0 60000000 0 0 0 0 0 0 0 3e1708d0 0000003e 41a155e0 0000003e 0025c337 00000000 0025c337 00000000 0000006a 00000000 00000000 00000000 038a5738 00000000 0025c3a1 00000000 00000000 00000000 00000000 00000039 008b3199 00000001 00000000 00000001 00000000 00000000 00000000 00000000 00000000 00000000 00000000 00000000 00000000 00000000 00000000 00000000 00000000 00000000 00000000 00000000 64987b58 00000068 41a1560b 0000003e 00000000 00000000 00000000 00000000 00000201 00000101 00000000 00000000 00000000 00000000 00000000 00000000 00000000 00003333 00004ccd 00002667 00000001 00000000 03938700 000004f8
capture_snapshot GLI1 00010000 60000000 2500000 153 0 60000000 0 0 0 0 0 0 0 3e1708d0 0000003e 41a75760 0000003e 00260347 00000000 00260347 00000000 0000006a 00000000 00000000 00000000 039058ad 00000000 002603b1 00000000 00000000 00000000 00000000 00000039 008b3199 00000001 00000000 00000001 00000000 00000000 00000000 00000000 00000000 00000000 00000000 00000000 00000000 00000000 00000000 00000000 00000000 00000000 00000000 00000000 64a27db2 00000068 41a75780 0000003e 00000000 00000000 00000000 00000000 00000201 00000101 00000000 00000000 00000000 00000000 00000000 00000000 00000000 00003333 00004ccd 00002667 00000001 00000000 03938700 000004f8
capture_snapshot GLI1 00010000 60000000 2500000 154 0 60000000 0 0 0 0 0 0 0 3e1708d0 0000003e 41ad57c0 0000003e 0026434b 00000000 0026434a 00000000 0000006a 00000000 00000000 00000000 0396590a 00000000 002643b5 00000000 00000000 00000000 00000000 0000003b 008b3199 00000001 00000001 00000001 00000000 00000000 00000000 00000000 00000000 00000000 00000000 00000000 00000000 00000000 00000000 00000000 00000000 00000000 00000000 00000000 64ac7e39 00000068 41ad57dd 0000003e 00000000 00000000 00000000 00000000 00000201 00000100 00000000 00000000 00000000 00000000 00000000 00000000 00000000 00003333 00004ccd 00002667 00000001 00000000 03938700 000004f8
capture_snapshot GLI1 00010000 60000000 2500000 155 0 60000000 0 0 0 0 0 0 0 3e1708d0 0000003e 41b35598 0000003e 00268334 00000000 00268334 00000000 0000006a 00000000 00000000 00000000 039c56e4 00000000 0026839e 00000000 00000000 00000000 00000000 00000039 008b3199 00000001 00000000 00000001 00000000 00000000 00000000 00000000 00000000 00000000 00000000 00000000 00000000 00000000 00000000 00000000 00000000 00000000 00000000 00000000 64b67a90 00000068 41b355b7 0000003e 00000000 00000000 00000000 00000000 00000201 00000101 00000000 00000000 00000000 00000000 00000000 00000000 00000000 00003333 00004ccd 00002667 00000001 00000000 03938700 000004f8
capture_snapshot GLI1 00010000 60000000 2500000 156 0 60000000 0 0 0 0 0 0 0 3e1708d0 0000003e 41b96f90 0000003e 0026c449 00000000 0026c449 00000000 0000006a 00000000 00000000 00000000 03a270e4 00000000 0026c4b3 00000000 00000000 00000000 00000000 00000039 008b3199 00000001 00000000 00000001 00000000 00000000 00000000 00000000 00000000 00000000 00000000 00000000 00000000 00000000 00000000 00000000 00000000 00000000 00000000 00000000 64c0a5d3 00000068 41b96fb7 0000003e 00000000 00000000 00000000 00000000 00000201 00000101 00000000 00000000 00000000 00000000 00000000 00000000 00000000 00003333 00004ccd 00002667 00000001 00000000 03938700 000004f8
capture_snapshot GLI1 00010000 60000000 2500000 157 0 60000000 0 0 0 0 0 0 0 3e1708d0 0000003e 41bf5730 0000003e 00270345 00000000 00270345 00000000 0000006a 00000000 00000000 00000000 03a85885 00000000 002703af 00000000 00000000 00000000 00000000 00000039 008b3199 00000001 00000000 00000001 00000000 00000000 00000000 00000000 00000000 00000000 00000000 00000000 00000000 00000000 00000000 00000000 00000000 00000000 00000000 00000000 64ca7d21 00000068 41bf5758 0000003e 00000000 00000000 00000000 00000000 00000201 00000101 00000000 00000000 00000000 00000000 00000000 00000000 00000000 00003333 00004ccd 00002667 00000001 00000000 03938700 000004f8
capture_snapshot GLI1 00010000 60000000 2500000 158 0 60000000 0 0 0 0 0 0 0 3e1708d0 0000003e 41c55df0 0000003e 0027438d 00000000 0027438d 00000000 0000006a 00000000 00000000 00000000 03ae5f46 00000000 002743f7 00000000 00000000 00000000 00000000 00000039 008b3199 00000001 00000000 00000001 00000000 00000000 00000000 00000000 00000000 00000000 00000000 00000000 00000000 00000000 00000000 00000000 00000000 00000000 00000000 00000000 64d4884f 00000068 41c55e19 0000003e 00000000 00000000 00000000 00000000 00000201 00000101 00000000 00000000 00000000 00000000 00000000 00000000 00000000 00003333 00004ccd 00002667 00000001 00000000 03938700 000004f8
capture_snapshot GLI1 00010000 60000000 2500000 159 0 60000000 0 0 0 0 0 0 0 3e1708d0 0000003e 41cb56e8 0000003e 00278342 00000000 00278342 00000000 0000006a 00000000 00000000 00000000 03b45833 00000000 002783ac 00000000 00000000 00000000 00000000 00000039 008b3199 00000001 00000000 00000001 00000000 00000000 00000000 00000000 00000000 00000000 00000000 00000000 00000000 00000000 00000000 00000000 00000000 00000000 00000000 00000000 64de7c70 00000068 41cb5706 0000003e 00000000 00000000 00000000 00000000 00000201 00000101 00000000 00000000 00000000 00000000 00000000 00000000 00000000 00003333 00004ccd 00002667 00000001 00000000 03938700 000004f8
capture_snapshot GLI1 00010000 60000000 2500000 160 0 60000000 0 0 0 0 0 0 0 3e1708d0 0000003e 41d15730 0000003e 0027c345 00000000 0027c345 00000000 0000006a 00000000 00000000 00000000 03ba588e 00000000 0027c3af 00000000 00000000 00000000 00000000 00000039 008b3199 00000001 00000000 00000001 00000000 00000000 00000000 00000000 00000000 00000000 00000000 00000000 00000000 00000000 00000000 00000000 00000000 00000000 00000000 00000000 64e87cf5 00000068 41d15761 0000003e 00000000 00000000 00000000 00000000 00000201 00000101 00000000 00000000 00000000 00000000 00000000 00000000 00000000 00003333 00004ccd 00002667 00000001 00000000 03938700 000004f8
capture_snapshot GLI1 00010000 60000000 2500000 161 0 60000000 0 0 0 0 0 0 0 3e1708d0 0000003e 41d75178 0000003e 00280308 00000000 00280308 00000000 0000006a 00000000 00000000 00000000 03c052d4 00000000 00280372 00000000 00000000 00000000 00000000 00000039 008b3199 00000001 00000000 00000001 00000000 00000000 00000000 00000000 00000000 00000000 00000000 00000000 00000000 00000000 00000000 00000000 00000000 00000000 00000000 00000000 64f27357 00000068 41d751a7 0000003e 00000000 00000000 00000000 00000000 00000201 00000101 00000000 00000000 00000000 00000000 00000000 00000000 00000000 00003333 00004ccd 00002667 00000001 00000000 03938700 000004f8
capture_snapshot GLI1 00010000 60000000 2500000 162 0 60000000 0 0 0 0 0 0 0 3e1708d0 0000003e 41dd5868 0000003e 00284352 00000000 00284352 00000000 0000006a 00000000 00000000 00000000 03c659b4 00000000 002843bc 00000000 00000000 00000000 00000000 00000039 008b3199 00000001 00000000 00000001 00000000 00000000 00000000 00000000 00000000 00000000 00000000 00000000 00000000 00000000 00000000 00000000 00000000 00000000 00000000 00000000 64fc7eb8 00000068 41dd5887 0000003e 00000000 00000000 00000000 00000000 00000201 00000101 00000000 00000000 00000000 00000000 00000000 00000000 00000000 00003333 00004ccd 00002667 00000001 00000000 03938700 000004f8
capture_snapshot GLI1 00010000 60000000 2500000 163 0 60000000 0 0 0 0 0 0 0 3e1708d0 0000003e 41e35b80 0000003e 00288373 00000000 00288373 00000000 0000006a 00000000 00000000 00000000 03cc5cde 00000000 002883dd 00000000 00000000 00000000 00000000 00000039 008b3199 00000001 00000000 00000001 00000000 00000000 00000000 00000000 00000000 00000000 00000000 00000000 00000000 00000000 00000000 00000000 00000000 00000000 00000000 00000000 650683ea 00000068 41e35bb1 0000003e 00000000 00000000 00000000 00000000 00000201 00000100 00000000 00000000 00000000 00000000 00000000 00000000 00000000 00003333 00004ccd 00002667 00000001 00000000 03938700 000004f8
capture_snapshot GLI1 00010000 60000000 2500000 164 0 60000000 0 0 0 0 0 0 0 3e1708d0 0000003e 41e957a8 0000003e 0028c34a 00000000 0028c34a 00000000 0000006a 00000000 00000000 00000000 03d25902 00000000 0028c3b4 00000000 00000000 00000000 00000000 00000039 008b3199 00000001 00000000 00000001 00000000 00000000 00000000 00000000 00000000 00000000 00000000 00000000 00000000 00000000 00000000 00000000 00000000 00000000 00000000 00000000 65107d68 00000068 41e957d5 0000003e 00000000 00000000 00000000 00000000 00000201 00000101 00000000 00000000 00000000 00000000 00000000 00000000 00000000 00003333 00004ccd 00002667 00000001 00000000 03938700 000004f8
capture_snapshot GLI1 00010000 60000000 2500000 165 0 60000000 0 0 0 0 0 0 0 3e1708d0 0000003e 41ef5e68 0000003e 00290392 00000000 00290392 00000000 0000006a 00000000 00000000 00000000 03d85fbc 00000000 002903fc 00000000 00000000 00000000 00000000 00000039 008b3199 00000001 00000000 00000001 00000000 00000000 00000000 00000000 00000000 00000000 00000000 00000000 00000000 00000000 00000000 00000000 00000000 00000000 00000000 00000000 651a888a 00000068 41ef5e8f 0000003e 00000000 00000000 00000000 00000000 00000201 00000101 00000000 00000000 00000000 00000000 00000000 00000000 00000000 00003333 00004ccd 00002667 00000001 00000000 03938700 000004f8
capture_snapshot GLI1 00010000 60000000 2500000 166 0 60000000 0 0 0 0 0 0 0 3e1708d0 0000003e 41f554a8 0000003e 0029432a 00000000 0029432a 00000000 0000006a 00000000 00000000 00000000 03de55fe 00000000 00294394 00000000 00000000 00000000 00000000 00000039 008b3199 00000001 00000000 00000001 00000000 00000000 00000000 00000000 00000000 00000000 00000000 00000000 00000000 00000000 00000000 00000000 00000000 00000000 00000000 00000000 6524783a 00000068 41f554d1 0000003e 00000000 00000000 00000000 00000000 00000201 00000100 00000000 00000000 00000000 00000000 00000000 00000000 00000000 00003333 00004ccd 00002667 00000001 00000000 03938700 000004f8
capture_snapshot GLI1 00010000 60000000 2500000 167 0 60000000 0 0 0 0 0 0 0 3e1708d0 0000003e 41fb5868 0000003e 00298352 00000000 00298352 00000000 0000006a 00000000 00000000 00000000 03e459b7 00000000 002983bc 00000000 00000000 00000000 00000000 00000039 008b3199 00000001 00000000 00000001 00000000 00000000 00000000 00000000 00000000 00000000 00000000 00000000 00000000 00000000 00000000 00000000 00000000 00000000 00000000 00000000 652e7e5b 00000068 41fb588a 0000003e 00000000 00000000 00000000 00000000 00000201 00000101 00000000 00000000 00000000 00000000 00000000 00000000 00000000 00003333 00004ccd 00002667 00000001 00000000 03938700 000004f8
capture_snapshot GLI1 00010000 60000000 2500000 168 0 60000000 0 0 0 0 0 0 0 3e1708d0 0000003e 42015730 0000003e 0029c345 00000000 0029c345 00000000 0000006a 00000000 00000000 00000000 03ea587f 00000000 0029c3af 00000000 00000000 00000000 00000000 00000039 008b3199 00000001 00000000 00000001 00000000 00000000 00000000 00000000 00000000 00000000 00000000 00000000 00000000 00000000 00000000 00000000 00000000 00000000 00000000 00000000 65387c3f 00000068 42015752 0000003e 00000000 00000000 00000000 00000000 00000201 00000100 00000000 00000000 00000000 00000000 00000000 00000000 00000000 00003333 00004ccd 00002667 00000001 00000000 03938700 000004f8
capture_snapshot GLI1 00010000 60000000 2500000 169 0 60000000 0 0 0 0 0 0 0 3e1708d0 0000003e 420754d8 0000003e 002a032c 00000000 002a032c 00000000 0000006a 00000000 00000000 00000000 03f05636 00000000 002a0396 00000000 00000000 00000000 00000000 00000039 008b3199 00000001 00000000 00000001 00000000 00000000 00000000 00000000 00000000 00000000 00000000 00000000 00000000 00000000 00000000 00000000 00000000 00000000 00000000 00000000 6542785d 00000068 42075509 0000003e 00000000 00000000 00000000 00000000 00000201 00000101 00000000 00000000 00000000 00000000 00000000 00000000 00000000 00003333 00004ccd 00002667 00000001 00000000 03938700 000004f8
capture_snapshot GLI1 00010000 60000000 2500000 170 0 60000000 0 0 0 0 0 0 0 3e1708d0 0000003e 420d5130 0000003e 002a4305 00000000 002a4305 00000000 0000006a 00000000 00000000 00000000 03f65289 00000000 002a436f 00000000 00000000 00000000 00000000 00000039 008b3199 00000001 00000000 00000001 00000000 00000000 00000000 00000000 00000000 00000000 00000000 00000000 00000000 00000000 00000000 00000000 00000000 00000000 00000000 00000000 654c7229 00000068 420d515c 0000003e 00000000 00000000 00000000 00000000 00000201 00000101 00000000 00000000 00000000 00000000 00000000 00000000 00000000 00003333 00004ccd 00002667 00000001 00000000 03938700 000004f8
capture_snapshot GLI1 00010000 60000000 2500000 171 0 60000000 0 0 0 0 0 0 0 3e1708d0 0000003e 421355e0 0000003e 002a8337 00000000 002a8337 00000000 0000006a 00000000 00000000 00000000 03fc572b 00000000 002a83a1 00000000 00000000 00000000 00000000 00000039 008b3199 00000001 00000000 00000001 00000000 00000000 00000000 00000000 00000000 00000000 00000000 00000000 00000000 00000000 00000000 00000000 00000000 00000000 00000000 00000000 655679ce 00000068 421355fe 0000003e 00000000 00000000 00000000 00000000 00000201 00000101 00000000 00000000 00000000 00000000 00000000 00000000 00000000 00003333 00004ccd 00002667 00000001 00000000 03938700 000004f8
capture_snapshot GLI1 00010000 60000000 2500000 172 0 60000000 0 0 0 0 0 0 0 3e1708d0 0000003e 42195e38 0000003e 002ac390 00000000 002ac390 00000000 0000006a 00000000 00000000 00000000 04025f87 00000000 002ac3fa 00000000 00000000 00000000 00000000 00000039 008b3199 00000001 00000000 00000001 00000000 00000000 00000000 00000000 00000000 00000000 00000000 00000000 00000000 00000000 00000000 00000000 00000000 00000000 00000000 00000000 656087a9 00000068 42195e5a 0000003e 00000000 00000000 00000000 00000000 00000201 00000101 00000000 00000000 00000000 00000000 00000000 00000000 00000000 00003333 00004ccd 00002667 00000001 00000000 03938700 000004f8
capture_snapshot GLI1 00010000 60000000 2500000 173 0 60000000 0 0 0 0 0 0 0 3e1708d0 0000003e 421f55c8 0000003e 002b0336 00000000 002b0336 00000000 0000006a 00000000 00000000 00000000 04085713 00000000 002b03a0 00000000 00000000 00000000 00000000 00000039 008b3199 00000001 00000000 00000001 00000000 00000000 00000000 00000000 00000000 00000000 00000000 00000000 00000000 00000000 00000000 00000000 00000000 00000000 00000000 00000000 656a797e 00000068 421f55e6 0000003e 00000000 00000000 00000000 00000000 00000201 00000101 00000000 00000000 00000000 00000000 00000000 00000000 00000000 00003333 00004ccd 00002667 00000001 00000000 03938700 000004f8
capture_snapshot GLI1 00010000 60000000 2500000 174 0 60000000 0 0 0 0 0 0 0 3e1708d0 0000003e 422555c8 0000003e 002b4336 00000000 002b4336 00000000 0000006a 00000000 00000000 00000000 040e5716 00000000 002b43a0 00000000 00000000 00000000 00000000 00000039 008b3199 00000001 00000000 00000001 00000000 00000000 00000000 00000000 00000000 00000000 00000000 00000000 00000000 00000000 00000000 00000000 00000000 00000000 00000000 00000000 65747970 00000068 422555e9 0000003e 00000000 00000000 00000000 00000000 00000201 00000100 00000000 00000000 00000000 00000000 00000000 00000000 00000000 00003333 00004ccd 00002667 00000001 00000000 03938700 000004f8
capture_snapshot GLI1 00010000 60000000 2500000 175 0 60000000 0 0 0 0 0 0 0 3e1708d0 0000003e 422b5520 0000003e 002b832f 00000000 002b832f 00000000 0000006a 00000000 00000000 00000000 04145674 00000000 002b8399 00000000 00000000 00000000 00000000 00000039 008b3199 00000001 00000000 00000001 00000000 00000000 00000000 00000000 00000000 00000000 00000000 00000000 00000000 00000000 00000000 00000000 00000000 00000000 00000000 00000000 657e784f 00000068 422b5547 0000003e 00000000 00000000 00000000 00000000 00000201 00000101 00000000 00000000 00000000 00000000 00000000 00000000 00000000 00003333 00004ccd 00002667 00000001 00000000 03938700 000004f8
capture_snapshot GLI1 00010000 60000000 2500000 176 0 60000000 0 0 0 0 0 0 0 3e1708d0 0000003e 42315358 0000003e 002bc31c 00000000 002bc31c 00000000 0000006a 00000000 00000000 00000000 041a54ab 00000000 002bc386 00000000 00000000 00000000 00000000 00000039 008b3199 00000001 00000000 00000001 00000000 00000000 00000000 00000000 00000000 00000000 00000000 00000000 00000000 00000000 00000000 00000000 00000000 00000000 00000000 00000000 65887542 00000068 4231537e 0000003e 00000000 00000000 00000000 00000000 00000201 00000101 00000000 00000000 00000000 00000000 00000000 00000000 00000000 00003333 00004ccd 00002667 00000001 00000000 03938700 000004f8
capture_snapshot GLI1 00010000 60000000 2500000 177 0 60000000 0 0 0 0 0 0 0 3e1708d0 0000003e 42374320 0000003e 002c026f 00000000 002c026f 00000000 0000006a 00000000 00000000 00000000 0420447b 00000000 002c02d9 00000000 00000000 00000000 00000000 00000039 008b3199 00000001 00000000 00000001 00000000 00000000 00000000 00000000 00000000 00000000 00000000 00000000 00000000 00000000 00000000 00000000 00000000 00000000 00000000 00000000 65925a32 00000068 4237434e 0000003e 00000000 00000000 00000000 00000000 00000201 00000101 00000000 00000000 00000000 00000000 00000000 00000000 00000000 00003333 00004ccd 00002667 00000001 00000000 03938700 000004f8
capture_snapshot GLI1 00010000 60000000 2500000 178 0 60000000 0 0 0 0 0 0 0 3e1708d0 0000003e 423d3708 0000003e 002c41ee 00000000 002c41ee 00000000 0000006a 00000000 00000000 00000000 04263854 00000000 002c4258 00000000 00000000 00000000 00000000 00000039 008b3199 00000001 00000000 00000001 00000000 00000000 00000000 00000000 00000000 00000000 00000000 00000000 00000000 00000000 00000000 00000000 00000000 00000000 00000000 00000000 659c45de 00000068 423d3727 0000003e 00000000 00000000 00000000 00000000 00000201 00000101 00000000 00000000 00000000 00000000 00000000 00000000 00000000 00003333 00004ccd 00002667 00000001 00000000 03938700 000004f8
capture_snapshot GLI1 00010000 60000000 2500000 179 0 60000000 0 0 0 0 0 0 0 3e1708d0 0000003e 424333f0 0000003e 002c81cd 00000000 002c81cd 00000000 0000006a 00000000 00000000 00000000 042c353e 00000000 002c8237 00000000 00000000 00000000 00000000 00000039 008b3199 00000001 00000000 00000001 00000000 00000000 00000000 00000000 00000000 00000000 00000000 00000000 00000000 00000000 00000000 00000000 00000000 00000000 00000000 00000000 65a640a6 00000068 42433411 0000003e 00000000 00000000 00000000 00000000 00000201 00000101 00000000 00000000 00000000 00000000 00000000 00000000 00000000 00003333 00004ccd 00002667 00000001 00000000 03938700 000004f8
capture_snapshot GLI1 00010000 60000000 2500000 180 0 60000000 0 0 0 0 0 0 0 3e1708d0 0000003e 42495220 0000003e 002cc30f 00000000 002cc30f 00000000 0000006a 00000000 00000000 00000000 0432536d 00000000 002cc379 00000000 00000000 00000000 00000000 00000039 008b3199 00000001 00000000 00000001 00000000 00000000 00000000 00000000 00000000 00000000 00000000 00000000 00000000 00000000 00000000 00000000 00000000 00000000 00000000 00000000 65b072e1 00000068 42495240 0000003e 00000000 00000000 00000000 00000000 00000201 00000100 00000000 00000000 00000000 00000000 00000000 00000000 00000000 00003333 00004ccd 00002667 00000001 00000000 03938700 000004f8
capture_snapshot GLI1 00010000 60000000 2500000 181 0 60000000 0 0 0 0 0 0 0 3e1708d0 0000003e 424f3498 0000003e 002d01d4 00000000 002d01d4 00000000 0000006a 00000000 00000000 00000000 043835e6 00000000 002d023e 00000000 00000000 00000000 00000000 00000039 008b3199 00000001 00000000 00000001 00000000 00000000 00000000 00000000 00000000 00000000 00000000 00000000 00000000 00000000 00000000 00000000 00000000 00000000 00000000 00000000 65ba4197 00000068 424f34b9 0000003e 00000000 00000000 00000000 00000000 00000202 00000101 00000000 00000000 00000000 00000000 00000000 00000000 00000000 00003333 00004ccd 00002667 00000001 00000000 03938700 000004f8
capture_snapshot GLI1 00010000 60000000 2500000 182 0 60000000 0 0 0 0 0 0 0 3e1708d0 0000003e 42552e68 0000003e 002d4192 00000000 002d4192 00000000 0000006a 00000000 00000000 00000000 043e2fbf 00000000 002d41fc 00000000 00000000 00000000 00000000 00000039 008b3199 00000001 00000000 00000001 00000000 00000000 00000000 00000000 00000000 00000000 00000000 00000000 00000000 00000000 00000000 00000000 00000000 00000000 00000000 00000000 65c43743 00000068 42552e92 0000003e 00000000 00000000 00000000 00000000 00000201 00000100 00000000 00000000 00000000 00000000 00000000 00000000 00000000 00003333 00004ccd 00002667 00000001 00000000 03938700 000004f8
capture_snapshot GLI1 00010000 60000000 2500000 183 0 60000000 0 0 0 0 0 0 0 3e1708d0 0000003e 425b2e98 0000003e 002d8194 00000000 002d8194 00000000 0000006a 00000000 00000000 00000000 04442ff6 00000000 002d81fe 00000000 00000000 00000000 00000000 00000039 008b3199 00000001 00000000 00000001 00000000 00000000 00000000 00000000 00000000 00000000 00000000 00000000 00000000 00000000 00000000 00000000 00000000 00000000 00000000 00000000 65ce378a 00000068 425b2ec9 0000003e 00000000 00000000 00000000 00000000 00000201 00000101 00000000 00000000 00000000 00000000 00000000 00000000 00000000 00003333 00004ccd 00002667 00000001 00000000 03938700 000004f8
capture_snapshot GLI1 00010000 60000000 2500000 184 0 60000000 0 0 0 0 0 0 0 3e1708d0 0000003e 42612ee0 0000003e 002dc197 00000000 002dc197 00000000 0000006a 00000000 00000000 00000000 044a3036 00000000 002dc201 00000000 00000000 00000000 00000000 00000039 008b3199 00000001 00000000 00000001 00000000 00000000 00000000 00000000 00000000 00000000 00000000 00000000 00000000 00000000 00000000 00000000 00000000 00000000 00000000 00000000 65d837e2 00000068 42612f09 0000003e 00000000 00000000 00000000 00000000 00000201 00000100 00000000 00000000 00000000 00000000 00000000 00000000 00000000 00003333 00004ccd 00002667 00000001 00000000 03938700 000004f8
capture_snapshot GLI1 00010000 60000000 2500000 185 0 60000000 0 0 0 0 0 0 0 3e1708d0 0000003e 42673a20 0000003e 002e020f 00000000 002e020f 00000000 0000006a 00000000 00000000 00000000 04503b6b 00000000 002e0279 00000000 00000000 00000000 00000000 00000039 008b3199 00000001 00000000 00000001 00000000 00000000 00000000 00000000 00000000 00000000 00000000 00000000 00000000 00000000 00000000 00000000 00000000 00000000 00000000 00000000 65e24a7c 00000068 42673a3e 0000003e 00000000 00000000 00000000 00000000 00000201 00000100 00000000 00000000 00000000 00000000 00000000 00000000 00000000 00003333 00004ccd 00002667 00000001 00000000 03938700 000004f8
capture_snapshot GLI1 00010000 60000000 2500000 186 0 60000000 0 0 0 0 0 0 0 3e1708d0 0000003e 426d2e08 0000003e 002e418e 00000000 002e418d 00000000 0000006a 00000000 00000000 00000000 04562f52 00000000 002e41f8 00000000 00000000 00000000 00000000 0000003b 008b3199 00000001 00000001 00000001 00000000 00000000 00000000 00000000 00000000 00000000 00000000 00000000 00000000 00000000 00000000 00000000 00000000 00000000 00000000 00000000 65ec363f 00000068 426d2e25 0000003e 00000000 00000000 00000000 00000000 00000201 00000100 00000000 00000000 00000000 00000000 00000000 00000000 00000000 00003333 00004ccd 00002667 00000001 00000000 03938700 000004f8
capture_snapshot GLI1 00010000 60000000 2500000 187 0 60000000 0 0 0 0 0 0 0 3e1708d0 0000003e 42732f70 0000003e 002e819d 00000000 002e819d 00000000 0000006a 00000000 00000000 00000000 045c30c5 00000000 002e8207 00000000 00000000 00000000 00000000 00000039 008b3199 00000001 00000000 00000001 00000000 00000000 00000000 00000000 00000000 00000000 00000000 00000000 00000000 00000000 00000000 00000000 00000000 00000000 00000000 00000000 65f63896 00000068 42732f98 0000003e 00000000 00000000 00000000 00000000 00000201 00000101 00000000 00000000 00000000 00000000 00000000 00000000 00000000 00003333 00004ccd 00002667 00000001 00000000 03938700 000004f8
capture_snapshot GLI1 00010000 60000000 2500000 188 0 60000000 0 0 0 0 0 0 0 3e1708d0 0000003e 42792e08 0000003e 002ec18e 00000000 002ec18e 00000000 0000006a 00000000 00000000 00000000 04622f5f 00000000 002ec1f8 00000000 00000000 00000000 00000000 00000039 008b3199 00000001 00000000 00000001 00000000 00000000 00000000 00000000 00000000 00000000 00000000 00000000 00000000 00000000 00000000 00000000 00000000 00000000 00000000 00000000 6600362d 00000068 42792e32 0000003e 00000000 00000000 00000000 00000000 00000202 00000100 00000000 00000000 00000000 00000000 00000000 00000000 00000000 00003333 00004ccd 00002667 00000001 00000000 03938700 000004f8
capture_snapshot GLI1 00010000 60000000 2500000 189 0 60000000 0 0 0 0 0 0 0 3e1708d0 0000003e 427f2fa0 0000003e 002f019f 00000000 002f019f 00000000 0000006a 00000000 00000000 00000000 046830f3 00000000 002f0209 00000000 00000000 00000000 00000000 00000039 008b3199 00000001 00000000 00000001 00000000 00000000 00000000 00000000 00000000 00000000 00000000 00000000 00000000 00000000 00000000 00000000 00000000 00000000 00000000 00000000 660a38ba 00000068 427f2fc6 0000003e 00000000 00000000 00000000 00000000 00000201 00000101 00000000 00000000 00000000 00000000 00000000 00000000 00000000 00003333 00004ccd 00002667 00000001 00000000 03938700 000004f8
capture_snapshot GLI1 00010000 60000000 2500000 190 0 60000000 0 0 0 0 0 0 0 3e1708d0 0000003e 42852e08 0000003e 002f418e 00000000 002f418e 00000000 0000006a 00000000 00000000 00000000 046e2f56 00000000 002f41f8 00000000 00000000 00000000 00000000 00000039 008b3199 00000001 00000000 00000001 00000000 00000000 00000000 00000000 00000000 00000000 00000000 00000000 00000000 00000000 00000000 00000000 00000000 00000000 00000000 00000000 661435f8 00000068 42852e29 0000003e 00000000 00000000 00000000 00000000 00000201 00000101 00000000 00000000 00000000 00000000 00000000 00000000 00000000 00003333 00004ccd 00002667 00000001 00000000 03938700 000004f8
capture_snapshot GLI1 00010000 60000000 2500000 191 0 60000000 0 0 0 0 0 0 0 3e1708d0 0000003e 428b2d48 0000003e 002f8186 00000000 002f8186 00000000 0000006a 00000000 00000000 00000000 04742ea5 00000000 002f81f0 00000000 00000000 00000000 00000000 00000039 008b3199 00000001 00000000 00000001 00000000 00000000 00000000 00000000 00000000 00000000 00000000 00000000 00000000 00000000 00000000 00000000 00000000 00000000 00000000 00000000 661e34bd 00000068 428b2d78 0000003e 00000000 00000000 00000000 00000000 00000201 00000101 00000000 00000000 00000000 00000000 00000000 00000000 00000000 00003333 00004ccd 00002667 00000001 00000000 03938700 000004f8
capture_snapshot GLI1 00010000 60000000 2500000 192 0 60000000 0 0 0 0 0 0 0 3e1708d0 0000003e 42912df0 0000003e 002fc18d 00000000 002fc18d 00000000 0000006a 00000000 00000000 00000000 047a2f4b 00000000 002fc1f7 00000000 00000000 00000000 00000000 00000039 008b3199 00000001 00000000 00000001 00000000 00000000 00000000 00000000 00000000 00000000 00000000 00000000 00000000 00000000 00000000 00000000 00000000 00000000 00000000 00000000 662835bd 00000068 42912e1e 0000003e 00000000 00000000 00000000 00000000 00000201 00000101 00000000 00000000 00000000 00000000 00000000 00000000 00000000 00003333 00004ccd 00002667 00000001 00000000 03938700 000004f8
capture_snapshot GLI1 00010000 60000000 2500000 193 0 60000000 0 0 0 0 0 0 0 3e1708d0 0000003e 42972e98 0000003e 00300194 00000000 00300194 00000000 0000006a 00000000 00000000 00000000 04802ff0 00000000 003001fe 00000000 00000000 00000000 00000000 00000039 008b3199 00000001 00000000 00000001 00000000 00000000 00000000 00000000 00000000 00000000 00000000 00000000 00000000 00000000 00000000 00000000 00000000 00000000 00000000 00000000 663236bd 00000068 42972ec3 0000003e 00000000 00000000 00000000 00000000 00000201 00000100 00000000 00000000 00000000 00000000 00000000 00000000 00000000 00003333 00004ccd 00002667 00000001 00000000 03938700 000004f8
capture_snapshot GLI1 00010000 60000000 2500000 194 0 60000000 0 0 0 0 0 0 0 3e1708d0 0000003e 429d2e20 0000003e 0030418f 00000000 0030418f 00000000 0000006a 00000000 00000000 00000000 04862f76 00000000 003041f9 00000000 00000000 00000000 00000000 00000039 008b3199 00000001 00000000 00000001 00000000 00000000 00000000 00000000 00000000 00000000 00000000 00000000 00000000 00000000 00000000 00000000 00000000 00000000 00000000 00000000 663c35de 00000068 429d2e49 0000003e 00000000 00000000 00000000 00000000 00000202 00000101 00000000 00000000 00000000 00000000 00000000 00000000 00000000 00003333 00004ccd 00002667 00000001 00000000 03938700 000004f8
capture_snapshot GLI1 00010000 60000000 2500000 195 0 60000000 0 0 0 0 0 0 0 3e1708d0 0000003e 42a330d8 0000003e 003081ac 00000000 003081ac 00000000 0000006a 00000000 00000000 00000000 048c3229 00000000 00308216 00000000 00000000 00000000 00000000 00000039 008b3199 00000001 00000000 00000001 00000000 00000000 00000000 00000000 00000000 00000000 00000000 00000000 00000000 00000000 00000000 00000000 00000000 00000000 00000000 00000000 66463a4a 00000068 42a330fc 0000003e 00000000 00000000 00000000 00000000 00000202 00000101 00000000 00000000 00000000 00000000 00000000 00000000 00000000 00003333 00004ccd 00002667 00000001 00000000 03938700 000004f8
capture_snapshot GLI1 00010000 60000000 2500000 196 0 60000000 0 0 0 0 0 0 0 3e1708d0 0000003e 42a92ee0 0000003e 0030c197 00000000 0030c197 00000000 0000006a 00000000 00000000 00000000 04923041 00000000 0030c201 00000000 00000000 00000000 00000000 00000039 008b3199 00000001 00000000 00000001 00000000 00000000 00000000 00000000 00000000 00000000 00000000 00000000 00000000 00000000 00000000 00000000 00000000 00000000 00000000 00000000 66503709 00000068 42a92f14 0000003e 00000000 00000000 00000000 00000000 00000202 00000101 00000000 00000000 00000000 00000000 00000000 00000000 00000000 00003333 00004ccd 00002667 00000001 00000000 03938700 000004f8
capture_snapshot GLI1 00010000 60000000 2500000 197 0 60000000 0 0 0 0 0 0 0 3e1708d0 0000003e 42af2ec8 0000003e 00310196 00000000 00310196 00000000 0000006a 00000000 00000000 00000000 04983017 00000000 00310200 00000000 00000000 00000000 00000000 00000039 008b3199 00000001 00000000 00000001 00000000 00000000 00000000 00000000 00000000 00000000 00000000 00000000 00000000 00000000 00000000 00000000 00000000 00000000 00000000 00000000 665a36b0 00000068 42af2eea 0000003e 00000000 00000000 00000000 00000000 00000201 00000101 00000000 00000000 00000000 00000000 00000000 00000000 00000000 00003333 00004ccd 00002667 00000001 00000000 03938700 000004f8
capture_snapshot GLI1 00010000 60000000 2500000 198 0 60000000 0 0 0 0 0 0 0 3e1708d0 0000003e 42b53018 0000003e 003141a4 00000000 003141a4 00000000 0000006a 00000000 00000000 00000000 049e316d 00000000 0031420e 00000000 00000000 00000000 00000000 00000039 008b3199 00000001 00000000 00000001 00000000 00000000 00000000 00000000 00000000 00000000 00000000 00000000 00000000 00000000 00000000 00000000 00000000 00000000 00000000 00000000 666438d6 00000068 42b53040 0000003e 00000000 00000000 00000000 00000000 00000202 00000100 00000000 00000000 00000000 00000000 00000000 00000000 00000000 00003333 00004ccd 00002667 00000001 00000000 03938700 000004f8
capture_snapshot GLI1 00010000 60000000 2500000 199 0 60000000 0 0 0 0 0 0 0 3e1708d0 0000003e 42bb2dd8 0000003e 0031818c 00000000 0031818c 00000000 0000006a 00000000 00000000 00000000 04a42f37 00000000 003181f6 00000000 00000000 00000000 00000000 00000039 008b3199 00000001 00000000 00000001 00000000 00000000 00000000 00000000 00000000 00000000 00000000 00000000 00000000 00000000 00000000 00000000 00000000 00000000 00000000 00000000 666e3513 00000068 42bb2e0a 0000003e 00000000 00000000 00000000 00000000 00000202 00000100 00000000 00000000 00000000 00000000 00000000 00000000 00000000 00003333 00004ccd 00002667 00000001 00000000 03938700 000004f8
capture_snapshot GLI1 00010000 60000000 2500000 200 0 60000000 0 0 0 0 0 0 0 3e1708d0 0000003e 42c12ee0 0000003e 0031c197 00000000 0031c197 00000000 0000006a 00000000 00000000 00000000 04aa3035 00000000 0031c201 00000000 00000000 00000000 00000000 00000039 008b3199 00000001 00000000 00000001 00000000 00000000 00000000 00000000 00000000 00000000 00000000 00000000 00000000 00000000 00000000 00000000 00000000 00000000 00000000 00000000 667836a7 00000068 42c12f08 0000003e 00000000 00000000 00000000 00000000 00000201 00000100 00000000 00000000 00000000 00000000 00000000 00000000 00000000 00003333 00004ccd 00002667 00000001 00000000 03938700 000004f8
capture_snapshot GLI1 00010000 60000000 2500000 201 0 60000000 0 0 0 0 0 0 0 3e1708d0 0000003e 42c72ef8 0000003e 00320198 00000000 00320197 00000000 0000006a 00000000 00000000 00000000 04b03042 00000000 00320202 00000000 00000000 00000000 00000000 0000003b 008b3199 00000001 00000001 00000001 00000000 00000000 00000000 00000000 00000000 00000000 00000000 00000000 00000000 00000000 00000000 00000000 00000000 00000000 00000000 00000000 668236a9 00000068 42c72f15 0000003e 00000000 00000000 00000000 00000000 00000201 00000100 00000000 00000000 00000000 00000000 00000000 00000000 00000000 00003333 00004ccd 00002667 00000001 00000000 03938700 000004f8
capture_snapshot GLI1 00010000 60000000 2500000 202 0 60000000 0 0 0 0 0 0 0 3e1708d0 0000003e 42cd2e80 0000003e 00324193 00000000 00324193 00000000 0000006a 00000000 00000000 00000000 04b62fdb 00000000 003241fd 00000000 00000000 00000000 00000000 00000039 008b3199 00000001 00000000 00000001 00000000 00000000 00000000 00000000 00000000 00000000 00000000 00000000 00000000 00000000 00000000 00000000 00000000 00000000 00000000 00000000 668c35e9 00000068 42cd2eae 0000003e 00000000 00000000 00000000 00000000 00000201 00000101 00000000 00000000 00000000 00000000 00000000 00000000 00000000 00003333 00004ccd 00002667 00000001 00000000 03938700 000004f8
capture_snapshot GLI1 00010000 60000000 2500000 203 0 60000000 0 0 0 0 0 0 0 3e1708d0 0000003e 42d32e80 0000003e 00328193 00000000 00328193 00000000 0000006a 00000000 00000000 00000000 04bc2fd8 00000000 003281fd 00000000 00000000 00000000 00000000 00000039 008b3199 00000001 00000000 00000001 00000000 00000000 00000000 00000000 00000000 00000000 00000000 00000000 00000000 00000000 00000000 00000000 00000000 00000000 00000000 00000000 669635d2 00000068 42d32eab 0000003e 00000000 00000000 00000000 00000000 00000201 00000101 00000000 00000000 00000000 00000000 00000000 00000000 00000000 00003333 00004ccd 00002667 00000001 00000000 03938700 000004f8
capture_snapshot GLI1 00010000 60000000 2500000 204 0 60000000 0 0 0 0 0 0 0 3e1708d0 0000003e 42d92e98 0000003e 0032c194 00000000 0032c194 00000000 0000006a 00000000 00000000 00000000 04c22ff5 00000000 0032c1fe 00000000 00000000 00000000 00000000 00000039 008b3199 00000001 00000000 00000001 00000000 00000000 00000000 00000000 00000000 00000000 00000000 00000000 00000000 00000000 00000000 00000000 00000000 00000000 00000000 00000000 66a035ee 00000068 42d92ec8 0000003e 00000000 00000000 00000000 00000000 00000201 00000100 00000000 00000000 00000000 00000000 00000000 00000000 00000000 00003333 00004ccd 00002667 00000001 00000000 03938700 000004f8
capture_snapshot GLI1 00010000 60000000 2500000 205 0 60000000 0 0 0 0 0 0 0 3e1708d0 0000003e 42df2ee0 0000003e 00330197 00000000 00330197 00000000 0000006a 00000000 00000000 00000000 04c8302c 00000000 00330201 00000000 00000000 00000000 00000000 00000039 008b3199 00000001 00000000 00000001 00000000 00000000 00000000 00000000 00000000 00000000 00000000 00000000 00000000 00000000 00000000 00000000 00000000 00000000 00000000 00000000 66aa3637 00000068 42df2eff 0000003e 00000000 00000000 00000000 00000000 00000201 00000101 00000000 00000000 00000000 00000000 00000000 00000000 00000000 00003333 00004ccd 00002667 00000001 00000000 03938700 000004f8
capture_snapshot GLI1 00010000 60000000 2500000 206 0 60000000 0 0 0 0 0 0 0 3e1708d0 0000003e 42e52d60 0000003e 00334187 00000000 00334187 00000000 0000006a 00000000 00000000 00000000 04ce2eb4 00000000 003341f1 00000000 00000000 00000000 00000000 00000039 008b3199 00000001 00000000 00000001 00000000 00000000 00000000 00000000 00000000 00000000 00000000 00000000 00000000 00000000 00000000 00000000 00000000 00000000 00000000 00000000 66b433b1 00000068 42e52d87 0000003e 00000000 00000000 00000000 00000000 00000201 00000101 00000000 00000000 00000000 00000000 00000000 00000000 00000000 00003333 00004ccd 00002667 00000001 00000000 03938700 000004f8
capture_snapshot GLI1 00010000 60000000 2500000 207 0 60000000 0 0 0 0 0 0 0 3e1708d0 0000003e 42eb2ef8 0000003e 00338198 00000000 00338198 00000000 0000006a 00000000 00000000 00000000 04d43044 00000000 00338202 00000000 00000000 00000000 00000000 00000039 008b3199 00000001 00000000 00000001 00000000 00000000 00000000 00000000 00000000 00000000 00000000 00000000 00000000 00000000 00000000 00000000 00000000 00000000 00000000 00000000 66be3638 00000068 42eb2f17 0000003e 00000000 00000000 00000000 00000000 00000201 00000101 00000000 00000000 00000000 00000000 00000000 00000000 00000000 00003333 00004ccd 00002667 00000001 00000000 03938700 000004f8
capture_snapshot GLI1 00010000 60000000 2500000 208 0 60000000 0 0 0 0 0 0 0 3e1708d0 0000003e 42f12d60 0000003e 0033c187 00000000 0033c187 00000000 0000006a 00000000 00000000 00000000 04da2eb3 00000000 0033c1f1 00000000 00000000 00000000 00000000 00000039 008b3199 00000001 00000000 00000001 00000000 00000000 00000000 00000000 00000000 00000000 00000000 00000000 00000000 00000000 00000000 00000000 00000000 00000000 00000000 00000000 66c83387 00000068 42f12d86 0000003e 00000000 00000000 00000000 00000000 00000201 00000100 00000000 00000000 00000000 00000000 00000000 00000000 00000000 00003333 00004ccd 00002667 00000001 00000000 03938700 000004f8
capture_snapshot GLI1 00010000 60000000 2500000 209 0 60000000 0 0 0 0 0 0 0 3e1708d0 0000003e 42f72eb0 0000003e 00340195 00000000 00340195 00000000 0000006a 00000000 00000000 00000000 04e03008 00000000 003401ff 00000000 00000000 00000000 00000000 00000039 008b3199 00000001 00000000 00000001 00000000 00000000 00000000 00000000 00000000 00000000 00000000 00000000 00000000 00000000 00000000 00000000 00000000 00000000 00000000 00000000 66d235ab 00000068 42f72edb 0000003e 00000000 00000000 00000000 00000000 00000201 00000101 00000000 00000000 00000000 00000000 00000000 00000000 00000000 00003333 00004ccd 00002667 00000001 00000000 03938700 000004f8
capture_snapshot GLI1 00010000 60000000 2500000 210 0 60000000 0 0 0 0 0 0 0 3e1708d0 0000003e 42fd2e98 0000003e 00344194 00000000 00344194 00000000 0000006a 00000000 00000000 00000000 04e62fe8 00000000 003441fe 00000000 00000000 00000000 00000000 00000039 008b3199 00000001 00000000 00000001 00000000 00000000 00000000 00000000 00000000 00000000 00000000 00000000 00000000 00000000 00000000 00000000 00000000 00000000 00000000 00000000 66dc3563 00000068 42fd2ebb 0000003e 00000000 00000000 00000000 00000000 00000201 00000100 00000000 00000000 00000000 00000000 00000000 00000000 00000000 00003333 00004ccd 00002667 00000001 00000000 03938700 000004f8
capture_snapshot GLI1 00010000 60000000 2500000 211 0 60000000 0 0 0 0 0 0 0 3e1708d0 0000003e 43032d48 0000003e 00348186 00000000 00348186 00000000 0000006a 00000000 00000000 00000000 04ec2ea0 00000000 003481f0 00000000 00000000 00000000 00000000 00000039 008b3199 00000001 00000000 00000001 00000000 00000000 00000000 00000000 00000000 00000000 00000000 00000000 00000000 00000000 00000000 00000000 00000000 00000000 00000000 00000000 66e6332c 00000068 43032d73 0000003e 00000000 00000000 00000000 00000000 00000201 00000101 00000000 00000000 00000000 00000000 00000000 00000000 00000000 00003333 00004ccd 00002667 00000001 00000000 03938700 000004f8
capture_snapshot GLI1 00010000 60000000 2500000 212 0 60000000 0 0 0 0 0 0 0 3e1708d0 0000003e 43092e80 0000003e 0034c193 00000000 0034c193 00000000 0000006a 00000000 00000000 00000000 04f22fd6 00000000 0034c1fd 00000000 00000000 00000000 00000000 00000039 008b3199 00000001 00000000 00000001 00000000 00000000 00000000 00000000 00000000 00000000 00000000 00000000 00000000 00000000 00000000 00000000 00000000 00000000 00000000 00000000 66f0351d 00000068 43092ea9 0000003e 00000000 00000000 00000000 00000000 00000201 00000101 00000000 00000000 00000000 00000000 00000000 00000000 00000000 00003333 00004ccd 00002667 00000001 00000000 03938700 000004f8
capture_snapshot GLI1 00010000 60000000 2500000 213 0 60000000 0 0 0 0 0 0 0 3e1708d0 0000003e 430f2e50 0000003e 00350191 00000000 00350191 00000000 0000006a 00000000 00000000 00000000 04f82fa0 00000000 003501fb 00000000 00000000 00000000 00000000 00000039 008b3199 00000001 00000000 00000001 00000000 00000000 00000000 00000000 00000000 00000000 00000000 00000000 00000000 00000000 00000000 00000000 00000000 00000000 00000000 00000000 66fa34af 00000068 430f2e73 0000003e 00000000 00000000 00000000 00000000 00000201 00000101 00000000 00000000 00000000 00000000 00000000 00000000 00000000 00003333 00004ccd 00002667 00000001 00000000 03938700 000004f8
capture_snapshot GLI1 00010000 60000000 2500000 214 0 60000000 0 0 0 0 0 0 0 3e1708d0 0000003e 43153b58 0000003e 0035421c 00000000 0035421c 00000000 0000006a 00000000 00000000 00000000 04fe3cb4 00000000 00354286 00000000 00000000 00000000 00000000 00000039 008b3199 00000001 00000000 00000001 00000000 00000000 00000000 00000000 00000000 00000000 00000000 00000000 00000000 00000000 00000000 00000000 00000000 00000000 00000000 00000000 67044a68 00000068 43153b87 0000003e 00000000 00000000 00000000 00000000 00000202 00000101 00000000 00000000 00000000 00000000 00000000 00000000 00000000 00003333 00004ccd 00002667 00000001 00000000 03938700 000004f8
capture_snapshot GLI1 00010000 60000000 2500000 215 0 60000000 0 0 0 0 0 0 0 3e1708d0 0000003e 431b2e08 0000003e 0035818e 00000000 0035818e 00000000 0000006a 00000000 00000000 00000000 05042f65 00000000 003581f8 00000000 00000000 00000000 00000000 00000039 008b3199 00000001 00000000 00000001 00000000 00000000 00000000 00000000 00000000 00000000 00000000 00000000 00000000 00000000 00000000 00000000 00000000 00000000 00000000 00000000 670e3427 00000068 431b2e38 0000003e 00000000 00000000 00000000 00000000 00000201 00000101 00000000 00000000 00000000 00000000 00000000 00000000 00000000 00003333 00004ccd 00002667 00000001 00000000 03938700 000004f8
capture_snapshot GLI1 00010000 60000000 2500000 216 0 60000000 0 0 0 0 0 0 0 3e1708d0 0000003e 43212d90 0000003e 0035c189 00000000 0035c189 00000000 0000006a 00000000 00000000 00000000 050a2ee4 00000000 0035c1f3 00000000 00000000 00000000 00000000 00000039 008b3199 00000001 00000000 00000001 00000000 00000000 00000000 00000000 00000000 00000000 00000000 00000000 00000000 00000000 00000000 00000000 00000000 00000000 00000000 00000000 6718333c 00000068 43212db7 0000003e 00000000 00000000 00000000 00000000 00000201 00000101 00000000 00000000 00000000 00000000 00000000 00000000 00000000 00003333 00004ccd 00002667 00000001 00000000 03938700 000004f8
capture_snapshot GLI1 00010000 60000000 2500000 217 0 60000000 0 0 0 0 0 0 0 3e1708d0 0000003e 43272cd0 0000003e 00360181 00000000 00360181 00000000 0000006a 00000000 00000000 00000000 05102e22 00000000 003601eb 00000000 00000000 00000000 00000000 00000039 008b3199 00000001 00000000 00000001 00000000 00000000 00000000 00000000 00000000 00000000 00000000 00000000 00000000 00000000 00000000 00000000 00000000 00000000 00000000 00000000 672231e5 00000068 43272cf5 0000003e 00000000 00000000 00000000 00000000 00000202 00000100 00000000 00000000 00000000 00000000 00000000 00000000 00000000 00003333 00004ccd 00002667 00000001 00000000 03938700 000004f8
capture_snapshot GLI1 00010000 60000000 2500000 218 0 60000000 0 0 0 0 0 0 0 3e1708d0 0000003e 432d3030 0000003e 003641a5 00000000 003641a5 00000000 0000006a 00000000 00000000 00000000 0516318a 00000000 0036420f 00000000 00000000 00000000 00000000 00000039 008b3199 00000001 00000000 00000001 00000000 00000000 00000000 00000000 00000000 00000000 00000000 00000000 00000000 00000000 00000000 00000000 00000000 00000000 00000000 00000000 672c377f 00000068 432d305d 0000003e 00000000 00000000 00000000 00000000 00000201 00000100 00000000 00000000 00000000 00000000 00000000 00000000 00000000 00003333 00004ccd 00002667 00000001 00000000 03938700 000004f8
capture_snapshot GLI1 00010000 60000000 2500000 219 0 60000000 0 0 0 0 0 0 0 3e1708d0 0000003e 43332f10 0000003e 00368199 00000000 00368199 00000000 0000006a 00000000 00000000 00000000 051c305b 00000000 00368203 00000000 00000000 00000000 00000000 00000039 008b3199 00000001 00000000 00000001 00000000 00000000 00000000 00000000 00000000 00000000 00000000 00000000 00000000 00000000 00000000 00000000 00000000 00000000 00000000 00000000 67363573 00000068 43332f2e 0000003e 00000000 00000000 00000000 00000000 00000201 00000101 00000000 00000000 00000000 00000000 00000000 00000000 00000000 00003333 00004ccd 00002667 00000001 00000000 03938700 000004f8
capture_snapshot GLI1 00010000 60000000 2500000 220 0 60000000 0 0 0 0 0 0 0 3e1708d0 0000003e 43392f10 0000003e 0036c199 00000000 0036c199 00000000 0000006a 00000000 00000000 00000000 05223060 00000000 0036c203 00000000 00000000 00000000 00000000 00000039 008b3199 00000001 00000000 00000001 00000000 00000000 00000000 00000000 00000000 00000000 00000000 00000000 00000000 00000000 00000000 00000000 00000000 00000000 00000000 00000000 67403566 00000068 43392f33 0000003e 00000000 00000000 00000000 00000000 00000201 00000101 00000000 00000000 00000000 00000000 00000000 00000000 00000000 00003333 00004ccd 00002667 00000001 00000000 03938700 000004f8
capture_snapshot GLI1 00010000 60000000 2500000 221 0 60000000 0 0 0 0 0 0 0 3e1708d0 0000003e 433f2f10 0000003e 00370199 00000000 00370199 00000000 0000006a 00000000 00000000 00000000 05283068 00000000 00370203 00000000 00000000 00000000 00000000 00000039 008b3199 00000001 00000000 00000001 00000000 00000000 00000000 00000000 00000000 00000000 00000000 00000000 00000000 00000000 00000000 00000000 00000000 00000000 00000000 00000000 674a3560 00000068 433f2f3b 0000003e 00000000 00000000 00000000 00000000 00000201 00000101 00000000 00000000 00000000 00000000 00000000 00000000 00000000 00003333 00004ccd 00002667 00000001 00000000 03938700 000004f8
capture_snapshot GLI1 00010000 60000000 2500000 222 0 60000000 0 0 0 0 0 0 0 3e1708d0 0000003e 43452f28 0000003e 0037419a 00000000 0037419a 00000000 0000006a 00000000 00000000 00000000 052e3077 00000000 00374204 00000000 00000000 00000000 00000000 00000039 008b3199 00000001 00000000 00000001 00000000 00000000 00000000 00000000 00000000 00000000 00000000 00000000 00000000 00000000 00000000 00000000 00000000 00000000 00000000 00000000 67543566 00000068 43452f4a 0000003e 00000000 00000000 00000000 00000000 00000202 00000100 00000000 00000000 00000000 00000000 00000000 00000000 00000000 00003333 00004ccd 00002667 00000001 00000000 03938700 000004f8
capture_snapshot GLI1 00010000 60000000 2500000 223 0 60000000 0 0 0 0 0 0 0 3e1708d0 0000003e 434b2e98 0000003e 00378194 00000000 00378194 00000000 0000006a 00000000 00000000 00000000 05342ff0 00000000 003781fe 00000000 00000000 00000000 00000000 00000039 008b3199 00000001 00000000 00000001 00000000 00000000 00000000 00000000 00000000 00000000 00000000 00000000 00000000 00000000 00000000 00000000 00000000 00000000 00000000 00000000 675e3471 00000068 434b2ec3 0000003e 00000000 00000000 00000000 00000000 00000201 00000101 00000000 00000000 00000000 00000000 00000000 00000000 00000000 00003333 00004ccd 00002667 00000001 00000000 03938700 000004f8
capture_snapshot GLI1 00010000 60000000 2500000 224 0 60000000 0 0 0 0 0 0 0 3e1708d0 0000003e 43512e98 0000003e 0037c194 00000000 0037c194 00000000 0000006a 00000000 00000000 00000000 053a2fe9 00000000 0037c1fe 00000000 00000000 00000000 00000000 00000039 008b3199 00000001 00000000 00000001 00000000 00000000 00000000 00000000 00000000 00000000 00000000 00000000 00000000 00000000 00000000 00000000 00000000 00000000 00000000 00000000 67683453 00000068 43512ebc 0000003e 00000000 00000000 00000000 00000000 00000201 00000101 00000000 00000000 00000000 00000000 00000000 00000000 00000000 00003333 00004ccd 00002667 00000001 00000000 03938700 000004f8
capture_snapshot GLI1 00010000 60000000 2500000 225 0 60000000 0 0 0 0 0 0 0 3e1708d0 0000003e 43572e80 0000003e 00380193 00000000 00380193 00000000 0000006a 00000000 00000000 00000000 05402fd9 00000000 003801fd 00000000 00000000 00000000 00000000 00000039 008b3199 00000001 00000000 00000001 00000000 00000000 00000000 00000000 00000000 00000000 00000000 00000000 00000000 00000000 00000000 00000000 00000000 00000000 00000000 00000000 67723424 00000068 43572eac 0000003e 00000000 00000000 00000000 00000000 00000201 00000101 00000000 00000000 00000000 00000000 00000000 00000000 00000000 00003333 00004ccd 00002667 00000001 00000000 03938700 000004f8
capture_snapshot GLI1 00010000 60000000 2500000 226 0 60000000 0 0 0 0 0 0 0 3e1708d0 0000003e 435d2e08 0000003e 0038418e 00000000 0038418e 00000000 0000006a 00000000 00000000 00000000 05462f53 00000000 003841f8 00000000 00000000 00000000 00000000 00000039 008b3199 00000001 00000000 00000001 00000000 00000000 00000000 00000000 00000000 00000000 00000000 00000000 00000000 00000000 00000000 00000000 00000000 00000000 00000000 00000000 677c3331 00000068 435d2e26 0000003e 00000000 00000000 00000000 00000000 00000202 00000101 00000000 00000000 00000000 00000000 00000000 00000000 00000000 00003333 00004ccd 00002667 00000001 00000000 03938700 000004f8
capture_snapshot GLI1 00010000 60000000 2500000 227 0 60000000 0 0 0 0 0 0 0 3e1708d0 0000003e 43632f88 0000003e 0038819e 00000000 0038819e 00000000 0000006a 00000000 00000000 00000000 054c30d4 00000000 00388208 00000000 00000000 00000000 00000000 00000039 008b3199 00000001 00000000 00000001 00000000 00000000 00000000 00000000 00000000 00000000 00000000 00000000 00000000 00000000 00000000 00000000 00000000 00000000 00000000 00000000 6786359f 00000068 43632fa7 0000003e 00000000 00000000 00000000 00000000 00000202 00000101 00000000 00000000 00000000 00000000 00000000 00000000 00000000 00003333 00004ccd 00002667 00000001 00000000 03938700 000004f8
capture_snapshot GLI1 00010000 60000000 2500000 228 0 60000000 0 0 0 0 0 0 0 3e1708d0 0000003e 43692da8 0000003e 0038c18a 00000000 0038c18a 00000000 0000006a 00000000 00000000 00000000 05522eff 00000000 0038c1f4 00000000 00000000 00000000 00000000 00000039 008b3199 00000001 00000000 00000001 00000000 00000000 00000000 00000000 00000000 00000000 00000000 00000000 00000000 00000000 00000000 00000000 00000000 00000000 00000000 00000000 6790327e 00000068 43692dd2 0000003e 00000000 00000000 00000000 00000000 00000201 00000100 00000000 00000000 00000000 00000000 00000000 00000000 00000000 00003333 00004ccd 00002667 00000001 00000000 03938700 000004f8
capture_snapshot GLI1 00010000 60000000 2500000 229 0 60000000 0 0 0 0 0 0 0 3e1708d0 0000003e 436f2dc0 0000003e 0039018b 00000000 0039018b 00000000 0000006a 00000000 00000000 00000000 05582f0c 00000000 003901f5 00000000 00000000 00000000 00000000 00000039 008b3199 00000001 00000000 00000001 00000000 00000000 00000000 00000000 00000000 00000000 00000000 00000000 00000000 00000000 00000000 00000000 00000000 00000000 00000000 00000000 679a3281 00000068 436f2ddf 0000003e 00000000 00000000 00000000 00000000 00000201 00000101 00000000 00000000 00000000 00000000 00000000 00000000 00000000 00003333 00004ccd 00002667 00000001 00000000 03938700 000004f8
capture_snapshot GLI1 00010000 60000000 2500000 230 0 60000000 0 0 0 0 0 0 0 3e1708d0 0000003e 43752e80 0000003e 00394193 00000000 00394193 00000000 0000006a 00000000 00000000 00000000 055e2fcf 00000000 003941fd 00000000 00000000 00000000 00000000 00000039 008b3199 00000001 00000000 00000001 00000000 00000000 00000000 00000000 00000000 00000000 00000000 00000000 00000000 00000000 00000000 00000000 00000000 00000000 00000000 00000000 67a433b2 00000068 43752ea2 0000003e 00000000 00000000 00000000 00000000 00000201 00000101 00000000 00000000 00000000 00000000 00000000 00000000 00000000 00003333 00004ccd 00002667 00000001 00000000 03938700 000004f8
capture_snapshot GLI1 00010000 60000000 2500000 231 0 60000000 0 0 0 0 0 0 0 3e1708d0 0000003e 437b2e38 0000003e 00398190 00000000 00398190 00000000 0000006a 00000000 00000000 00000000 05642f97 00000000 003981fa 00000000 00000000 00000000 00000000 00000039 008b3199 00000001 00000000 00000001 00000000 00000000 00000000 00000000 00000000 00000000 00000000 00000000 00000000 00000000 00000000 00000000 00000000 00000000 00000000 00000000 67ae3340 00000068 437b2e6a 0000003e 00000000 00000000 00000000 00000000 00000201 00000101 00000000 00000000 00000000 00000000 00000000 00000000 00000000 00003333 00004ccd 00002667 00000001 00000000 03938700 000004f8
capture_snapshot GLI1 00010000 60000000 2500000 232 0 60000000 0 0 0 0 0 0 0 3e1708d0 0000003e 43812e38 0000003e 0039c190 00000000 0039c190 00000000 0000006a 00000000 00000000 00000000 056a2f89 00000000 0039c1fa 00000000 00000000 00000000 00000000 00000039 008b3199 00000001 00000000 00000001 00000000 00000000 00000000 00000000 00000000 00000000 00000000 00000000 00000000 00000000 00000000 00000000 00000000 00000000 00000000 00000000 67b83316 00000068 43812e5c 0000003e 00000000 00000000 00000000 00000000 00000201 00000101 00000000 00000000 00000000 00000000 00000000 00000000 00000000 00003333 00004ccd 00002667 00000001 00000000 03938700 000004f8
capture_snapshot GLI1 00010000 60000000 2500000 233 0 60000000 0 0 0 0 0 0 0 3e1708d0 0000003e 43872e98 0000003e 003a0194 00000000 003a0194 00000000 0000006a 00000000 00000000 00000000 05702fe5 00000000 003a01fe 00000000 00000000 00000000 00000000 00000039 008b3199 00000001 00000000 00000001 00000000 00000000 00000000 00000000 00000000 00000000 00000000 00000000 00000000 00000000 00000000 00000000 00000000 00000000 00000000 00000000 67c2339b 00000068 43872eb8 0000003e 00000000 00000000 00000000 00000000 00000202 00000100 00000000 00000000 00000000 00000000 00000000 00000000 00000000 00003333 00004ccd 00002667 00000001 00000000 03938700 000004f8
capture_snapshot GLI1 00010000 60000000 2500000 234 0 60000000 0 0 0 0 0 0 0 3e1708d0 0000003e 438d2fe8 0000003e 003a41a2 00000000 003a41a2 00000000 0000006a 00000000 00000000 00000000 0576313e 00000000 003a420c 00000000 00000000 00000000 00000000 00000039 008b3199 00000001 00000000 00000001 00000000 00000000 00000000 00000000 00000000 00000000 00000000 00000000 00000000 00000000 00000000 00000000 00000000 00000000 00000000 00000000 67cc35c6 00000068 438d3011 0000003e 00000000 00000000 00000000 00000000 00000201 00000101 00000000 00000000 00000000 00000000 00000000 00000000 00000000 00003333 00004ccd 00002667 00000001 00000000 03938700 000004f8
capture_snapshot GLI1 00010000 60000000 2500000 235 0 60000000 0 0 0 0 0 0 0 3e1708d0 0000003e 43932ec8 0000003e 003a8196 00000000 003a8196 00000000 0000006a 00000000 00000000 00000000 057c3021 00000000 003a8200 00000000 00000000 00000000 00000000 00000039 008b3199 00000001 00000000 00000001 00000000 00000000 00000000 00000000 00000000 00000000 00000000 00000000 00000000 00000000 00000000 00000000 00000000 00000000 00000000 00000000 67d633d9 00000068 43932ef4 0000003e 00000000 00000000 00000000 00000000 00000201 00000101 00000000 00000000 00000000 00000000 00000000 00000000 00000000 00003333 00004ccd 00002667 00000001 00000000 03938700 000004f8
capture_snapshot GLI1 00010000 60000000 2500000 236 0 60000000 0 0 0 0 0 0 0 3e1708d0 0000003e 43992eb0 0000003e 003ac195 00000000 003ac195 00000000 0000006a 00000000 00000000 00000000 05823006 00000000 003ac1ff 00000000 00000000 00000000 00000000 00000039 008b3199 00000001 00000000 00000001 00000000 00000000 00000000 00000000 00000000 00000000 00000000 00000000 00000000 00000000 00000000 00000000 00000000 00000000 00000000 00000000 67e03398 00000068 43992ed9 0000003e 00000000 00000000 00000000 00000000 00000201 00000101 00000000 00000000 00000000 00000000 00000000 00000000 00000000 00003333 00004ccd 00002667 00000001 00000000 03938700 000004f8
capture_snapshot GLI1 00010000 60000000 2500000 237 0 60000000 0 0 0 0 0 0 0 3e1708d0 0000003e 439f2ee0 0000003e 003b0197 00000000 003b0197 00000000 0000006a 00000000 00000000 00000000 05883033 00000000 003b0201 00000000 00000000 00000000 00000000 00000039 008b3199 00000001 00000000 00000001 00000000 00000000 00000000 00000000 00000000 00000000 00000000 00000000 00000000 00000000 00000000 00000000 00000000 00000000 00000000 00000000 67ea33cf 00000068 439f2f06 0000003e 00000000 00000000 00000000 00000000 00000201 00000101 00000000 00000000 00000000 00000000 00000000 00000000 00000000 00003333 00004ccd 00002667 00000001 00000000 03938700 000004f8
capture_snapshot GLI1 00010000 60000000 2500000 238 0 60000000 0 0 0 0 0 0 0 3e1708d0 0000003e 43a52dd8 0000003e 003b418c 00000000 003b418c 00000000 0000006a 00000000 00000000 00000000 058e2f2d 00000000 003b41f6 00000000 00000000 00000000 00000000 00000039 008b3199 00000001 00000000 00000001 00000000 00000000 00000000 00000000 00000000 00000000 00000000 00000000 00000000 00000000 00000000 00000000 00000000 00000000 00000000 00000000 67f43207 00000068 43a52e00 0000003e 00000000 00000000 00000000 00000000 00000201 00000100 00000000 00000000 00000000 00000000 00000000 00000000 00000000 00003333 00004ccd 00002667 00000001 00000000 03938700 000004f8
capture_snapshot GLI1 00010000 60000000 2500000 239 0 60000000 0 0 0 0 0 0 0 3e1708d0 0000003e 43ab2f70 0000003e 003b819d 00000000 003b819d 00000000 0000006a 00000000 00000000 00000000 059430c7 00000000 003b8207 00000000 00000000 00000000 00000000 00000039 008b3199 00000001 00000000 00000001 00000000 00000000 00000000 00000000 00000000 00000000 00000000 00000000 00000000 00000000 00000000 00000000 00000000 00000000 00000000 00000000 67fe349e 00000068 43ab2f9a 0000003e 00000000 00000000 00000000 00000000 00000201 00000101 00000000 00000000 00000000 00000000 00000000 00000000 00000000 00003333 00004ccd 00002667 00000001 00000000 03938700 000004f8
capture_snapshot GLI1 00010000 60000000 2500000 240 0 60000000 0 0 0 0 0 0 0 3e1708d0 0000003e 43b12e38 0000003e 003bc190 00000000 003bc190 00000000 0000006a 00000000 00000000 00000000 059a2f8e 00000000 003bc1fa 00000000 00000000 00000000 00000000 00000039 008b3199 00000001 00000000 00000001 00000000 00000000 00000000 00000000 00000000 00000000 00000000 00000000 00000000 00000000 00000000 00000000 00000000 00000000 00000000 00000000 68083281 00000068 43b12e61 0000003e 00000000 00000000 00000000 00000000 00000202 00000101 00000000 00000000 00000000 00000000 00000000 00000000 00000000 00003333 00004ccd 00002667 00000001 00000000 03938700 000004f8
capture_snapshot GLI1 00010000 60000000 2500000 241 0 60000000 0 0 0 0 0 0 0 3e1708d0 0000003e 43b72ec8 0000003e 003c0196 00000000 003c0196 00000000 0000006a 00000000 00000000 00000000 05a03026 00000000 003c0200 00000000 00000000 00000000 00000000 00000039 008b3199 00000001 00000000 00000001 00000000 00000000 00000000 00000000 00000000 00000000 00000000 00000000 00000000 00000000 00000000 00000000 00000000 00000000 00000000 00000000 6812336b 00000068 43b72ef9 0000003e 00000000 00000000 00000000 00000000 00000201 00000101 00000000 00000000 00000000 00000000 00000000 00000000 00000000 00003333 00004ccd 00002667 00000001 00000000 03938700 000004f8
capture_snapshot GLI1 00010000 60000000 2500000 242 0 60000000 0 0 0 0 0 0 0 3e1708d0 0000003e 43bd2eb0 0000003e 003c4195 00000000 003c4195 00000000 0000006a 00000000 00000000 00000000 05a63011 00000000 003c41ff 00000000 00000000 00000000 00000000 00000039 008b3199 00000001 00000000 00000001 00000000 00000000 00000000 00000000 00000000 00000000 00000000 00000000 00000000 00000000 00000000 00000000 00000000 00000000 00000000 00000000 681c3334 00000068 43bd2ee4 0000003e 00000000 00000000 00000000 00000000 00000201 00000101 00000000 00000000 00000000 00000000 00000000 00000000 00000000 00003333 00004ccd 00002667 00000001 00000000 03938700 000004f8
capture_snapshot GLI1 00010000 60000000 2500000 243 0 60000000 0 0 0 0 0 0 0 3e1708d0 0000003e 43c32f40 0000003e 003c819b 00000000 003c819b 00000000 0000006a 00000000 00000000 00000000 05ac309f 00000000 003c8205 00000000 00000000 00000000 00000000 00000039 008b3199 00000001 00000000 00000001 00000000 00000000 00000000 00000000 00000000 00000000 00000000 00000000 00000000 00000000 00000000 00000000 00000000 00000000 00000000 00000000 6826340e 00000068 43c32f72 0000003e 00000000 00000000 00000000 00000000 00000201 00000101 00000000 00000000 00000000 00000000 00000000 00000000 00000000 00003333 00004ccd 00002667 00000001 00000000 03938700 000004f8
capture_snapshot GLI1 00010000 60000000 2500000 244 0 60000000 0 0 0 0 0 0 0 3e1708d0 0000003e 43c92e68 0000003e 003cc192 00000000 003cc192 00000000 0000006a 00000000 00000000 00000000 05b22fc5 00000000 003cc1fc 00000000 00000000 00000000 00000000 00000039 008b3199 00000001 00000000 00000001 00000000 00000000 00000000 00000000 00000000 00000000 00000000 00000000 00000000 00000000 00000000 00000000 00000000 00000000 00000000 00000000 6830328f 00000068 43c92e98 0000003e 00000000 00000000 00000000 00000000 00000201 00000101 00000000 00000000 00000000 00000000 00000000 00000000 00000000 00003333 00004ccd 00002667 00000001 00000000 03938700 000004f8
capture_snapshot GLI1 00010000 60000000 2500000 245 0 60000000 0 0 0 0 0 0 0 3e1708d0 0000003e 43cf2f28 0000003e 003d019a 00000000 003d019a 00000000 0000006a 00000000 00000000 00000000 05b83074 00000000 003d0204 00000000 00000000 00000000 00000000 00000039 008b3199 00000001 00000000 00000001 00000000 00000000 00000000 00000000 00000000 00000000 00000000 00000000 00000000 00000000 00000000 00000000 00000000 00000000 00000000 00000000 683a33a0 00000068 43cf2f47 0000003e 00000000 00000000 00000000 00000000 00000201 00000101 00000000 00000000 00000000 00000000 00000000 00000000 00000000 00003333 00004ccd 00002667 00000001 00000000 03938700 000004f8
capture_snapshot GLI1 00010000 60000000 2500000 246 0 60000000 0 0 0 0 0 0 0 3e1708d0 0000003e 43d52d90 0000003e 003d4189 00000000 003d4189 00000000 0000006a 00000000 00000000 00000000 05be2ee8 00000000 003d41f3 00000000 00000000 00000000 00000000 00000039 008b3199 00000001 00000000 00000001 00000000 00000000 00000000 00000000 00000000 00000000 00000000 00000000 00000000 00000000 00000000 00000000 00000000 00000000 00000000 00000000 684430f7 00000068 43d52dbb 0000003e 00000000 00000000 00000000 00000000 00000202 00000101 00000000 00000000 00000000 00000000 00000000 00000000 00000000 00003333 00004ccd 00002667 00000001 00000000 03938700 000004f8
capture_snapshot GLI1 00010000 60000000 2500000 247 0 60000000 0 0 0 0 0 0 0 3e1708d0 0000003e 43db3ba0 0000003e 003d821f 00000000 003d821f 00000000 0000006a 00000000 00000000 00000000 05c43ced 00000000 003d8289 00000000 00000000 00000000 00000000 00000039 008b3199 00000001 00000000 00000001 00000000 00000000 00000000 00000000 00000000 00000000 00000000 00000000 00000000 00000000 00000000 00000000 00000000 00000000 00000000 00000000 684e4841 00000068 43db3bc0 0000003e 00000000 00000000 00000000 00000000 00000202 00000100 00000000 00000000 00000000 00000000 00000000 00000000 00000000 00003333 00004ccd 00002667 00000001 00000000 03938700 000004f8
capture_snapshot GLI1 00010000 60000000 2500000 248 0 60000000 0 0 0 0 0 0 0 3e1708d0 0000003e 43e13318 0000003e 003dc1c4 00000000 003dc1c4 00000000 0000006a 00000000 00000000 00000000 05ca346e 00000000 003dc22e 00000000 00000000 00000000 00000000 00000039 008b3199 00000001 00000000 00000001 00000000 00000000 00000000 00000000 00000000 00000000 00000000 00000000 00000000 00000000 00000000 00000000 00000000 00000000 00000000 00000000 68583a04 00000068 43e13341 0000003e 00000000 00000000 00000000 00000000 00000201 00000101 00000000 00000000 00000000 00000000 00000000 00000000 00000000 00003333 00004ccd 00002667 00000001 00000000 03938700 000004f8
capture_snapshot GLI1 00010000 60000000 2500000 249 0 60000000 0 0 0 0 0 0 0 3e1708d0 0000003e 43e74b60 0000003e 003e02c7 00000000 003e02c7 00000000 0000006a 00000000 00000000 00000000 05d04cbb 00000000 003e0331 00000000 00000000 00000000 00000000 00000039 008b3199 00000001 00000000 00000001 00000000 00000000 00000000 00000000 00000000 00000000 00000000 00000000 00000000 00000000 00000000 00000000 00000000 00000000 00000000 00000000 68626271 00000068 43e74b8e 0000003e 00000000 00000000 00000000 00000000 00000201 00000100 00000000 00000000 00000000 00000000 00000000 00000000 00000000 00003333 00004ccd 00002667 00000001 00000000 03938700 000004f8
capture_snapshot GLI1 00010000 60000000 2500000 250 0 60000000 0 0 0 0 0 0 0 3e1708d0 0000003e 43ed5568 0000003e 003e4332 00000000 003e4332 00000000 0000006a 00000000 00000000 00000000 05d656c1 00000000 003e439c 00000000 00000000 00000000 00000000 00000039 008b3199 00000001 00000000 00000001 00000000 00000000 00000000 00000000 00000000 00000000 00000000 00000000 00000000 00000000 00000000 00000000 00000000 00000000 00000000 00000000 686c7312 00000068 43ed5594 0000003e 00000000 00000000 00000000 00000000 00000201 00000101 00000000 00000000 00000000 00000000 00000000 00000000 00000000 00003333 00004ccd 00002667 00000001 00000000 03938700 000004f8
capture_snapshot GLI1 00010000 60000000 2500000 251 0 60000000 0 0 0 0 0 0 0 3e1708d0 0000003e 43f351f0 0000003e 003e830d 00000000 003e830d 00000000 0000006a 00000000 00000000 00000000 05dc533e 00000000 003e8377 00000000 00000000 00000000 00000000 00000039 008b3199 00000001 00000000 00000001 00000000 00000000 00000000 00000000 00000000 00000000 00000000 00000000 00000000 00000000 00000000 00000000 00000000 00000000 00000000 00000000 68766d24 00000068 43f35211 0000003e 00000000 00000000 00000000 00000000 00000202 00000101 00000000 00000000 00000000 00000000 00000000 00000000 00000000 00003333 00004ccd 00002667 00000001 00000000 03938700 000004f8
capture_snapshot GLI1 00010000 60000000 2500000 252 0 60000000 0 0 0 0 0 0 0 3e1708d0 0000003e 43f954c0 0000003e 003ec32b 00000000 003ec32b 00000000 0000006a 00000000 00000000 00000000 05e25618 00000000 003ec395 00000000 00000000 00000000 00000000 00000039 008b3199 00000001 00000000 00000001 00000000 00000000 00000000 00000000 00000000 00000000 00000000 00000000 00000000 00000000 00000000 00000000 00000000 00000000 00000000 00000000 688071d1 00000068 43f954eb 0000003e 00000000 00000000 00000000 00000000 00000202 00000101 00000000 00000000 00000000 00000000 00000000 00000000 00000000 00003333 00004ccd 00002667 00000001 00000000 03938700 000004f8
capture_snapshot GLI1 00010000 60000000 2500000 253 0 60000000 0 0 0 0 0 0 0 3e1708d0 0000003e 43ff51d8 0000003e 003f030c 00000000 003f030c 00000000 0000006a 00000000 00000000 00000000 05e8532d 00000000 003f0376 00000000 00000000 00000000 00000000 00000039 008b3199 00000001 00000000 00000001 00000000 00000000 00000000 00000000 00000000 00000000 00000000 00000000 00000000 00000000 00000000 00000000 00000000 00000000 00000000 00000000 688a6ce1 00000068 43ff5200 0000003e 00000000 00000000 00000000 00000000 00000201 00000101 00000000 00000000 00000000 00000000 00000000 00000000 00000000 00003333 00004ccd 00002667 00000001 00000000 03938700 000004f8
capture_snapshot GLI1 00010000 60000000 2500000 254 0 60000000 0 0 0 0 0 0 0 3e1708d0 0000003e 44055400 0000003e 003f4323 00000000 003f4323 00000000 0000006a 00000000 00000000 00000000 05ee554d 00000000 003f438d 00000000 00000000 00000000 00000000 00000039 008b3199 00000001 00000000 00000001 00000000 00000000 00000000 00000000 00000000 00000000 00000000 00000000 00000000 00000000 00000000 00000000 00000000 00000000 00000000 00000000 68947058 00000068 44055420 0000003e 00000000 00000000 00000000 00000000 00000201 00000101 00000000 00000000 00000000 00000000 00000000 00000000 00000000 00003333 00004ccd 00002667 00000001 00000000 03938700 000004f8
capture_snapshot GLI1 00010000 60000000 2500000 255 0 60000000 0 0 0 0 0 0 0 3e1708d0 0000003e 440b5358 0000003e 003f831c 00000000 003f831c 00000000 0000006a 00000000 00000000 00000000 05f454a9 00000000 003f8386 00000000 00000000 00000000 00000000 00000039 008b3199 00000001 00000000 00000001 00000000 00000000 00000000 00000000 00000000 00000000 00000000 00000000 00000000 00000000 00000000 00000000 00000000 00000000 00000000 00000000 689e6f33 00000068 440b537c 0000003e 00000000 00000000 00000000 00000000 00000201 00000101 00000000 00000000 00000000 00000000 00000000 00000000 00000000 00003333 00004ccd 00002667 00000001 00000000 03938700 000004f8
capture_snapshot GLI1 00010000 60000000 2500000 256 0 60000000 0 0 0 0 0 0 0 3e1708d0 0000003e 44115580 0000003e 003fc333 00000000 003fc333 00000000 0000006a 00000000 00000000 00000000 05fa56e0 00000000 003fc39d 00000000 00000000 00000000 00000000 00000039 008b3199 00000001 00000000 00000001 00000000 00000000 00000000 00000000 00000000 00000000 00000000 00000000 00000000 00000000 00000000 00000000 00000000 00000000 00000000 00000000 68a872d0 00000068 441155b3 0000003e 00000000 00000000 00000000 00000000 00000202 00000101 00000000 00000000 00000000 00000000 00000000 00000000 00000000 00003333 00004ccd 00002667 00000001 00000000 03938700 000004f8
capture_snapshot GLI1 00010000 60000000 2500000 257 0 60000000 0 0 0 0 0 0 0 3e1708d0 0000003e 44175820 0000003e 0040034f 00000000 0040034f 00000000 0000006a 00000000 00000000 00000000 06005970 00000000 004003b9 00000000 00000000 00000000 00000000 00000039 008b3199 00000001 00000000 00000001 00000000 00000000 00000000 00000000 00000000 00000000 00000000 00000000 00000000 00000000 00000000 00000000 00000000 00000000 00000000 00000000 68b27701 00000068 44175843 0000003e 00000000 00000000 00000000 00000000 00000201 00000101 00000000 00000000 00000000 00000000 00000000 00000000 00000000 00003333 00004ccd 00002667 00000001 00000000 03938700 000004f8
capture_snapshot GLI1 00010000 60000000 2500000 258 0 60000000 0 0 0 0 0 0 0 3e1708d0 0000003e 441d5130 0000003e 00404305 00000000 00404305 00000000 0000006a 00000000 00000000 00000000 0606528c 00000000 0040436f 00000000 00000000 00000000 00000000 00000039 008b3199 00000001 00000000 00000001 00000000 00000000 00000000 00000000 00000000 00000000 00000000 00000000 00000000 00000000 00000000 00000000 00000000 00000000 00000000 00000000 68bc6b72 00000068 441d515f 0000003e 00000000 00000000 00000000 00000000 00000201 00000101 00000000 00000000 00000000 00000000 00000000 00000000 00000000 00003333 00004ccd 00002667 00000001 00000000 03938700 000004f8
capture_snapshot GLI1 00010000 60000000 2500000 259 0 60000000 0 0 0 0 0 0 0 3e1708d0 0000003e 44235ce8 0000003e 00408382 00000000 00408382 00000000 0000006a 00000000 00000000 00000000 060c5e41 00000000 004083ec 00000000 00000000 00000000 00000000 00000039 008b3199 00000001 00000000 00000001 00000000 00000000 00000000 00000000 00000000 00000000 00000000 00000000 00000000 00000000 00000000 00000000 00000000 00000000 00000000 00000000 68c67ee1 00000068 44235d14 0000003e 00000000 00000000 00000000 00000000 00000201 00000101 00000000 00000000 00000000 00000000 00000000 00000000 00000000 00003333 00004ccd 00002667 00000001 00000000 03938700 000004f8
capture_snapshot GLI1 00010000 60000000 2500000 260 0 60000000 0 0 0 0 0 0 0 3e1708d0 0000003e 442952c8 0000003e 0040c316 00000000 0040c316 00000000 0000006a 00000000 00000000 00000000 06125418 00000000 0040c380 00000000 00000000 00000000 00000000 00000039 008b3199 00000001 00000000 00000001 00000000 00000000 00000000 00000000 00000000 00000000 00000000 00000000 00000000 00000000 00000000 00000000 00000000 00000000 00000000 00000000 68d06ddf 00000068 442952eb 0000003e 00000000 00000000 00000000 00000000 00000202 00000101 00000000 00000000 00000000 00000000 00000000 00000000 00000000 00003333 00004ccd 00002667 00000001 00000000 03938700 000004f8
capture_snapshot GLI1 00010000 60000000 2500000 261 0 60000000 0 0 0 0 0 0 0 3e1708d0 0000003e 442f5790 0000003e 00410349 00000000 00410349 00000000 0000006a 00000000 00000000 00000000 061858f1 00000000 004103b3 00000000 00000000 00000000 00000000 00000039 008b3199 00000001 00000000 00000001 00000000 00000000 00000000 00000000 00000000 00000000 00000000 00000000 00000000 00000000 00000000 00000000 00000000 00000000 00000000 00000000 68da75e0 00000068 442f57c4 0000003e 00000000 00000000 00000000 00000000 00000201 00000101 00000000 00000000 00000000 00000000 00000000 00000000 00000000 00003333 00004ccd 00002667 00000001 00000000 03938700 000004f8
capture_snapshot GLI1 00010000 60000000 2500000 262 0 60000000 0 0 0 0 0 0 0 3e1708d0 0000003e 44355730 0000003e 00414345 00000000 00414345 00000000 0000006a 00000000 00000000 00000000 061e5891 00000000 004143af 00000000 00000000 00000000 00000000 00000039 008b3199 00000001 00000000 00000001 00000000 00000000 00000000 00000000 00000000 00000000 00000000 00000000 00000000 00000000 00000000 00000000 00000000 00000000 00000000 00000000 68e4752c 00000068 44355764 0000003e 00000000 00000000 00000000 00000000 00000202 00000101 00000000 00000000 00000000 00000000 00000000 00000000 00000000 00003333 00004ccd 00002667 00000001 00000000 03938700 000004f8
capture_snapshot GLI1 00010000 60000000 2500000 263 0 60000000 0 0 0 0 0 0 0 3e1708d0 0000003e 443b5478 0000003e 00418328 00000000 00418328 00000000 0000006a 00000000 00000000 00000000 062455cc 00000000 00418392 00000000 00000000 00000000 00000000 00000039 008b3199 00000001 00000000 00000001 00000000 00000000 00000000 00000000 00000000 00000000 00000000 00000000 00000000 00000000 00000000 00000000 00000000 00000000 00000000 00000000 68ee707b 00000068 443b549f 0000003e 00000000 00000000 00000000 00000000 00000202 00000101 00000000 00000000 00000000 00000000 00000000 00000000 00000000 00003333 00004ccd 00002667 00000001 00000000 03938700 000004f8
capture_snapshot GLI1 00010000 60000000 2500000 264 0 60000000 0 0 0 0 0 0 0 3e1708d0 0000003e 44415550 0000003e 0041c331 00000000 0041c331 00000000 0000006a 00000000 00000000 00000000 062a56a6 00000000 0041c39b 00000000 00000000 00000000 00000000 00000039 008b3199 00000001 00000000 00000001 00000000 00000000 00000000 00000000 00000000 00000000 00000000 00000000 00000000 00000000 00000000 00000000 00000000 00000000 00000000 00000000 68f871d3 00000068 44415579 0000003e 00000000 00000000 00000000 00000000 00000201 00000100 00000000 00000000 00000000 00000000 00000000 00000000 00000000 00003333 00004ccd 00002667 00000001 00000000 03938700 000004f8
capture_snapshot GLI1 00010000 60000000 2500000 265 0 60000000 0 0 0 0 0 0 0 3e1708d0 0000003e 444755f8 0000003e 00420338 00000000 00420338 00000000 0000006a 00000000 00000000 00000000 06305751 00000000 004203a2 00000000 00000000 00000000 00000000 00000039 008b3199 00000001 00000000 00000001 00000000 00000000 00000000 00000000 00000000 00000000 00000000 00000000 00000000 00000000 00000000 00000000 00000000 00000000 00000000 00000000 690272dd 00000068 44475624 0000003e 00000000 00000000 00000000 00000000 00000201 00000101 00000000 00000000 00000000 00000000 00000000 00000000 00000000 00003333 00004ccd 00002667 00000001 00000000 03938700 000004f8
capture_snapshot GLI1 00010000 60000000 2500000 266 0 60000000 0 0 0 0 0 0 0 3e1708d0 0000003e 444d5730 0000003e 00424345 00000000 00424345 00000000 0000006a 00000000 00000000 00000000 06365890 00000000 004243af 00000000 00000000 00000000 00000000 00000039 008b3199 00000001 00000000 00000001 00000000 00000000 00000000 00000000 00000000 00000000 00000000 00000000 00000000 00000000 00000000 00000000 00000000 00000000 00000000 00000000 690c74dd 00000068 444d5763 0000003e 00000000 00000000 00000000 00000000 00000201 00000101 00000000 00000000 00000000 00000000 00000000 00000000 00000000 00003333 00004ccd 00002667 00000001 00000000 03938700 000004f8
capture_snapshot GLI1 00010000 60000000 2500000 267 0 60000000 0 0 0 0 0 0 0 3e1708d0 0000003e 44535958 0000003e 0042835c 00000000 0042835c 00000000 0000006a 00000000 00000000 00000000 063c5ab0 00000000 004283c6 00000000 00000000 00000000 00000000 00000039 008b3199 00000001 00000000 00000001 00000000 00000000 00000000 00000000 00000000 00000000 00000000 00000000 00000000 00000000 00000000 00000000 00000000 00000000 00000000 00000000 69167854 00000068 44535983 0000003e 00000000 00000000 00000000 00000000 00000201 00000101 00000000 00000000 00000000 00000000 00000000 00000000 00000000 00003333 00004ccd 00002667 00000001 00000000 03938700 000004f8
capture_snapshot GLI1 00010000 60000000 2500000 268 0 60000000 0 0 0 0 0 0 0 3e1708d0 0000003e 445955f8 0000003e 0042c338 00000000 0042c338 00000000 0000006a 00000000 00000000 00000000 06425757 00000000 0042c3a2 00000000 00000000 00000000 00000000 00000039 008b3199 00000001 00000000 00000001 00000000 00000000 00000000 00000000 00000000 00000000 00000000 00000000 00000000 00000000 00000000 00000000 00000000 00000000 00000000 00000000 692072ac 00000068 4459562a 0000003e 00000000 00000000 00000000 00000000 00000201 00000101 00000000 00000000 00000000 00000000 00000000 00000000 00000000 00003333 00004ccd 00002667 00000001 00000000 03938700 000004f8
capture_snapshot GLI1 00010000 60000000 2500000 269 0 60000000 0 0 0 0 0 0 0 3e1708d0 0000003e 445f4dd0 0000003e 004302e1 00000000 004302e1 00000000 0000006a 00000000 00000000 00000000 06484f2e 00000000 0043034b 00000000 00000000 00000000 00000000 00000039 008b3199 00000001 00000000 00000001 00000000 00000000 00000000 00000000 00000000 00000000 00000000 00000000 00000000 00000000 00000000 00000000 00000000 00000000 00000000 00000000 692a64ff 00000068 445f4e01 0000003e 00000000 00000000 00000000 00000000 00000201 00000101 00000000 00000000 00000000 00000000 00000000 00000000 00000000 00003333 00004ccd 00002667 00000001 00000000 03938700 000004f8
capture_snapshot GLI1 00010000 60000000 2500000 270 0 60000000 0 0 0 0 0 0 0 3e1708d0 0000003e 44655718 0000003e 00434344 00000000 00434344 00000000 0000006a 00000000 00000000 00000000 064e5878 00000000 004343ae 00000000 00000000 00000000 00000000 00000039 008b3199 00000001 00000000 00000001 00000000 00000000 00000000 00000000 00000000 00000000 00000000 00000000 00000000 00000000 00000000 00000000 00000000 00000000 00000000 00000000 69347466 00000068 4465574b 0000003e 00000000 00000000 00000000 00000000 00000201 00000100 00000000 00000000 00000000 00000000 00000000 00000000 00000000 00003333 00004ccd 00002667 00000001 00000000 03938700 000004f8
capture_snapshot GLI1 00010000 60000000 2500000 271 0 60000000 0 0 0 0 0 0 0 3e1708d0 0000003e 446b58f8 0000003e 00438358 00000000 00438358 00000000 0000006a 00000000 00000000 00000000 06545a4b 00000000 004383c2 00000000 00000000 00000000 00000000 00000039 008b3199 00000001 00000000 00000001 00000000 00000000 00000000 00000000 00000000 00000000 00000000 00000000 00000000 00000000 00000000 00000000 00000000 00000000 00000000 00000000 693e775c 00000068 446b591e 0000003e 00000000 00000000 00000000 00000000 00000201 00000101 00000000 00000000 00000000 00000000 00000000 00000000 00000000 00003333 00004ccd 00002667 00000001 00000000 03938700 000004f8
capture_snapshot GLI1 00010000 60000000 2500000 272 0 60000000 0 0 0 0 0 0 0 3e1708d0 0000003e 44715580 0000003e 0043c333 00000000 0043c333 00000000 0000006a 00000000 00000000 00000000 065a56d6 00000000 0043c39d 00000000 00000000 00000000 00000000 00000039 008b3199 00000001 00000000 00000001 00000000 00000000 00000000 00000000 00000000 00000000 00000000 00000000 00000000 00000000 00000000 00000000 00000000 00000000 00000000 00000000 69487186 00000068 447155a9 0000003e 00000000 00000000 00000000 00000000 00000202 00000101 00000000 00000000 00000000 00000000 00000000 00000000 00000000 00003333 00004ccd 00002667 00000001 00000000 03938700 000004f8
capture_snapshot GLI1 00010000 60000000 2500000 273 0 60000000 0 0 0 0 0 0 0 3e1708d0 0000003e 44775d18 0000003e 00440384 00000000 00440384 00000000 0000006a 00000000 00000000 00000000 06605e63 00000000 004403ee 00000000 00000000 00000000 00000000 00000039 008b3199 00000001 00000000 00000001 00000000 00000000 00000000 00000000 00000000 00000000 00000000 00000000 00000000 00000000 00000000 00000000 00000000 00000000 00000000 00000000 69527e08 00000068 44775d36 0000003e 00000000 00000000 00000000 00000000 00000202 00000101 00000000 00000000 00000000 00000000 00000000 00000000 00000000 00003333 00004ccd 00002667 00000001 00000000 03938700 000004f8
capture_snapshot GLI1 00010000 60000000 2500000 274 0 60000000 0 0 0 0 0 0 0 3e1708d0 0000003e 447d5178 0000003e 00444308 00000000 00444308 00000000 0000006a 00000000 00000000 00000000 066652c5 00000000 00444372 00000000 00000000 00000000 00000000 00000039 008b3199 00000001 00000000 00000001 00000000 00000000 00000000 00000000 00000000 00000000 00000000 00000000 00000000 00000000 00000000 00000000 00000000 00000000 00000000 00000000 695c6a98 00000068 447d5198 0000003e 00000000 00000000 00000000 00000000 00000202 00000100 00000000 00000000 00000000 00000000 00000000 00000000 00000000 00003333 00004ccd 00002667 00000001 00000000 03938700 000004f8
capture_snapshot GLI1 00010000 60000000 2500000 275 0 60000000 0 0 0 0 0 0 0 3e1708d0 0000003e 44837830 0000003e 004484a5 00000000 004484a5 00000000 0000006a 00000000 00000000 00000000 066c798b 00000000 0044850f 00000000 00000000 00000000 00000000 00000039 008b3199 00000001 00000000 00000001 00000000 00000000 00000000 00000000 00000000 00000000 00000000 00000000 00000000 00000000 00000000 00000000 00000000 00000000 00000000 00000000 6966ab23 00000068 4483785e 0000003e 00000000 00000000 00000000 00000000 00000202 00000101 00000000 00000000 00000000 00000000 00000000 00000000 00000000 00003333 00004ccd 00002667 00000001 00000000 03938700 000004f8
capture_snapshot GLI1 00010000 60000000 2500000 276 0 60000000 0 0 0 0 0 0 0 3e1708d0 0000003e 448958c8 0000003e 0044c356 00000000 0044c356 00000000 0000006a 00000000 00000000 00000000 06725a20 00000000 0044c3c0 00000000 00000000 00000000 00000000 00000039 008b3199 00000001 00000000 00000001 00000000 00000000 00000000 00000000 00000000 00000000 00000000 00000000 00000000 00000000 00000000 00000000 00000000 00000000 00000000 00000000 697076b3 00000068 448958f3 0000003e 00000000 00000000 00000000 00000000 00000202 00000101 00000000 00000000 00000000 00000000 00000000 00000000 00000000 00003333 00004ccd 00002667 00000001 00000000 03938700 000004f8
capture_snapshot GLI1 00010000 60000000 2500000 277 0 60000000 0 0 0 0 0 0 0 3e1708d0 0000003e 448f5760 0000003e 00450347 00000000 00450347 00000000 0000006a 00000000 00000000 00000000 067858ad 00000000 004503b1 00000000 00000000 00000000 00000000 00000039 008b3199 00000001 00000000 00000001 00000000 00000000 00000000 00000000 00000000 00000000 00000000 00000000 00000000 00000000 00000000 00000000 00000000 00000000 00000000 00000000 697a7435 00000068 448f5780 0000003e 00000000 00000000 00000000 00000000 00000202 00000100 00000000 00000000 00000000 00000000 00000000 00000000 00000000 00003333 00004ccd 00002667 00000001 00000000 03938700 000004f8
capture_snapshot GLI1 00010000 60000000 2500000 278 0 60000000 0 0 0 0 0 0 0 3e1708d0 0000003e 44955460 0000003e 00454327 00000000 00454327 00000000 0000006a 00000000 00000000 00000000 067e55bb 00000000 00454391 00000000 00000000 00000000 00000000 00000039 008b3199 00000001 00000000 00000001 00000000 00000000 00000000 00000000 00000000 00000000 00000000 00000000 00000000 00000000 00000000 00000000 00000000 00000000 00000000 00000000 69846f3a 00000068 4495548e 0000003e 00000000 00000000 00000000 00000000 00000201 00000101 00000000 00000000 00000000 00000000 00000000 00000000 00000000 00003333 00004ccd 00002667 00000001 00000000 03938700 000004f8
capture_snapshot GLI1 00010000 60000000 2500000 279 0 60000000 0 0 0 0 0 0 0 3e1708d0 0000003e 449b5580 0000003e 00458333 00000000 00458333 00000000 0000006a 00000000 00000000 00000000 068456d7 00000000 0045839d 00000000 00000000 00000000 00000000 00000039 008b3199 00000001 00000000 00000001 00000000 00000000 00000000 00000000 00000000 00000000 00000000 00000000 00000000 00000000 00000000 00000000 00000000 00000000 00000000 00000000 698e70ff 00000068 449b55aa 0000003e 00000000 00000000 00000000 00000000 00000201 00000100 00000000 00000000 00000000 00000000 00000000 00000000 00000000 00003333 00004ccd 00002667 00000001 00000000 03938700 000004f8
capture_snapshot GLI1 00010000 60000000 2500000 280 0 60000000 0 0 0 0 0 0 0 3e1708d0 0000003e 44a15a60 0000003e 0045c367 00000000 0045c367 00000000 0000006a 00000000 00000000 00000000 068a5baa 00000000 0045c3d1 00000000 00000000 00000000 00000000 00000039 008b3199 00000001 00000000 00000001 00000000 00000000 00000000 00000000 00000000 00000000 00000000 00000000 00000000 00000000 00000000 00000000 00000000 00000000 00000000 00000000 699878f6 00000068 44a15a7d 0000003e 00000000 00000000 00000000 00000000 00000201 00000101 00000000 00000000 00000000 00000000 00000000 00000000 00000000 00003333 00004ccd 00002667 00000001 00000000 03938700 000004f8
capture_snapshot GLI1 00010000 60000000 2500000 281 0 60000000 0 0 0 0 0 0 0 3e1708d0 0000003e 44a758b0 0000003e 00460355 00000000 00460355 00000000 0000006a 00000000 00000000 00000000 06905a03 00000000 004603bf 00000000 00000000 00000000 00000000 00000039 008b3199 00000001 00000000 00000001 00000000 00000000 00000000 00000000 00000000 00000000 00000000 00000000 00000000 00000000 00000000 00000000 00000000 00000000 00000000 00000000 69a27620 00000068 44a758d6 0000003e 00000000 00000000 00000000 00000000 00000201 00000101 00000000 00000000 00000000 00000000 00000000 00000000 00000000 00003333 00004ccd 00002667 00000001 00000000 03938700 000004f8
capture_snapshot GLI1 00010000 60000000 2500000 282 0 60000000 0 0 0 0 0 0 0 3e1708d0 0000003e 44ad5598 0000003e 00464334 00000000 00464334 00000000 0000006a 00000000 00000000 00000000 069656e8 00000000 0046439e 00000000 00000000 00000000 00000000 00000039 008b3199 00000001 00000000 00000001 00000000 00000000 00000000 00000000 00000000 00000000 00000000 00000000 00000000 00000000 00000000 00000000 00000000 00000000 00000000 00000000 69ac70e0 00000068 44ad55bb 0000003e 00000000 00000000 00000000 00000000 00000202 00000101 00000000 00000000 00000000 00000000 00000000 00000000 00000000 00003333 00004ccd 00002667 00000001 00000000 03938700 000004f8
capture_snapshot GLI1 00010000 60000000 2500000 283 0 60000000 0 0 0 0 0 0 0 3e1708d0 0000003e 44b350b8 0000003e 00468300 00000000 00468300 00000000 0000006a 00000000 00000000 00000000 069c520f 00000000 0046836a 00000000 00000000 00000000 00000000 00000039 008b3199 00000001 00000000 00000001 00000000 00000000 00000000 00000000 00000000 00000000 00000000 00000000 00000000 00000000 00000000 00000000 00000000 00000000 00000000 00000000 69b668b9 00000068 44b350e2 0000003e 00000000 00000000 00000000 00000000 00000201 00000101 00000000 00000000 00000000 00000000 00000000 00000000 00000000 00003333 00004ccd 00002667 00000001 00000000 03938700 000004f8
capture_snapshot GLI1 00010000 60000000 2500000 284 0 60000000 0 0 0 0 0 0 0 3e1708d0 0000003e 44b955e0 0000003e 0046c337 00000000 0046c337 00000000 0000006a 00000000 00000000 00000000 06a25736 00000000 0046c3a1 00000000 00000000 00000000 00000000 00000039 008b3199 00000001 00000000 00000001 00000000 00000000 00000000 00000000 00000000 00000000 00000000 00000000 00000000 00000000 00000000 00000000 00000000 00000000 00000000 00000000 69c0713b 00000068 44b95609 0000003e 00000000 00000000 00000000 00000000 00000202 00000101 00000000 00000000 00000000 00000000 00000000 00000000 00000000 00003333 00004ccd 00002667 00000001 00000000 03938700 000004f8
capture_snapshot GLI1 00010000 60000000 2500000 285 0 60000000 0 0 0 0 0 0 0 3e1708d0 0000003e 44bf5ad8 0000003e 0047036c 00000000 0047036c 00000000 0000006a 00000000 00000000 00000000 06a85c38 00000000 004703d6 00000000 00000000 00000000 00000000 00000039 008b3199 00000001 00000000 00000001 00000000 00000000 00000000 00000000 00000000 00000000 00000000 00000000 00000000 00000000 00000000 00000000 00000000 00000000 00000000 00000000 69ca7980 00000068 44bf5b0b 0000003e 00000000 00000000 00000000 00000000 00000202 00000101 00000000 00000000 00000000 00000000 00000000 00000000 00000000 00003333 00004ccd 00002667 00000001 00000000 03938700 000004f8
capture_snapshot GLI1 00010000 60000000 2500000 286 0 60000000 0 0 0 0 0 0 0 3e1708d0 0000003e 44c55670 0000003e 0047433d 00000000 0047433d 00000000 0000006a 00000000 00000000 00000000 06ae57c0 00000000 004743a7 00000000 00000000 00000000 00000000 00000039 008b3199 00000001 00000000 00000001 00000000 00000000 00000000 00000000 00000000 00000000 00000000 00000000 00000000 00000000 00000000 00000000 00000000 00000000 00000000 00000000 69d471f9 00000068 44c55693 0000003e 00000000 00000000 00000000 00000000 00000201 00000101 00000000 00000000 00000000 00000000 00000000 00000000 00000000 00003333 00004ccd 00002667 00000001 00000000 03938700 000004f8
capture_snapshot GLI1 00010000 60000000 2500000 287 0 60000000 0 0 0 0 0 0 0 3e1708d0 0000003e 44cb5ec8 0000003e 00478396 00000000 00478396 00000000 0000006a 00000000 00000000 00000000 06b46028 00000000 00478400 00000000 00000000 00000000 00000000 00000039 008b3199 00000001 00000000 00000001 00000000 00000000 00000000 00000000 00000000 00000000 00000000 00000000 00000000 00000000 00000000 00000000 00000000 00000000 00000000 00000000 69de7fe8 00000068 44cb5efb 0000003e 00000000 00000000 00000000 00000000 00000201 00000101 00000000 00000000 00000000 00000000 00000000 00000000 00000000 00003333 00004ccd 00002667 00000001 00000000 03938700 000004f8
capture_snapshot GLI1 00010000 60000000 2500000 288 0 60000000 0 0 0 0 0 0 0 3e1708d0 0000003e 44d152c8 0000003e 0047c316 00000000 0047c316 00000000 0000006a 00000000 00000000 00000000 06ba541c 00000000 0047c380 00000000 00000000 00000000 00000000 00000039 008b3199 00000001 00000000 00000001 00000000 00000000 00000000 00000000 00000000 00000000 00000000 00000000 00000000 00000000 00000000 00000000 00000000 00000000 00000000 00000000 69e86bc2 00000068 44d152ef 0000003e 00000000 00000000 00000000 00000000 00000201 00000101 00000000 00000000 00000000 00000000 00000000 00000000 00000000 00003333 00004ccd 00002667 00000001 00000000 03938700 000004f8
capture_snapshot GLI1 00010000 60000000 2500000 289 0 60000000 0 0 0 0 0 0 0 3e1708d0 0000003e 44d752c8 0000003e 00480316 00000000 00480316 00000000 0000006a 00000000 00000000 00000000 06c0541a 00000000 00480380 00000000 00000000 00000000 00000000 00000039 008b3199 00000001 00000000 00000001 00000000 00000000 00000000 00000000 00000000 00000000 00000000 00000000 00000000 00000000 00000000 00000000 00000000 00000000 00000000 00000000 69f26bab 00000068 44d752ed 0000003e 00000000 00000000 00000000 00000000 00000201 00000101 00000000 00000000 00000000 00000000 00000000 00000000 00000000 00003333 00004ccd 00002667 00000001 00000000 03938700 000004f8
capture_snapshot GLI1 00010000 60000000 2500000 290 0 60000000 0 0 0 0 0 0 0 3e1708d0 0000003e 44dd5748 0000003e 00484346 00000000 00484346 00000000 0000006a 00000000 00000000 00000000 06c6589d 00000000 004843b0 00000000 00000000 00000000 00000000 00000039 008b3199 00000001 00000000 00000001 00000000 00000000 00000000 00000000 00000000 00000000 00000000 00000000 00000000 00000000 00000000 00000000 00000000 00000000 00000000 00000000 69fc731c 00000068 44dd5770 0000003e 00000000 00000000 00000000 00000000 00000201 00000100 00000000 00000000 00000000 00000000 00000000 00000000 00000000 00003333 00004ccd 00002667 00000001 00000000 03938700 000004f8
capture_snapshot GLI1 00010000 60000000 2500000 291 0 60000000 0 0 0 0 0 0 0 3e1708d0 0000003e 44e35658 0000003e 0048833c 00000000 0048833c 00000000 0000006a 00000000 00000000 00000000 06cc57a4 00000000 004883a6 00000000 00000000 00000000 00000000 00000039 008b3199 00000001 00000000 00000001 00000000 00000000 00000000 00000000 00000000 00000000 00000000 00000000 00000000 00000000 00000000 00000000 00000000 00000000 00000000 00000000 6a067169 00000068 44e35677 0000003e 00000000 00000000 00000000 00000000 00000201 00000101 00000000 00000000 00000000 00000000 00000000 00000000 00000000 00003333 00004ccd 00002667 00000001 00000000 03938700 000004f8
capture_snapshot GLI1 00010000 60000000 2500000 292 0 60000000 0 0 0 0 0 0 0 3e1708d0 0000003e 44e95160 0000003e 0048c307 00000000 0048c307 00000000 0000006a 00000000 00000000 00000000 06d252bb 00000000 0048c371 00000000 00000000 00000000 00000000 00000039 008b3199 00000001 00000000 00000001 00000000 00000000 00000000 00000000 00000000 00000000 00000000 00000000 00000000 00000000 00000000 00000000 00000000 00000000 00000000 00000000 6a106926 00000068 44e9518e 0000003e 00000000 00000000 00000000 00000000 00000201 00000101 00000000 00000000 00000000 00000000 00000000 00000000 00000000 00003333 00004ccd 00002667 00000001 00000000 03938700 000004f8
capture_snapshot GLI1 00010000 60000000 2500000 293 0 60000000 0 0 0 0 0 0 0 3e1708d0 0000003e 44ef5520 0000003e 0049032f 00000000 0049032f 00000000 0000006a 00000000 00000000 00000000 06d85677 00000000 00490399 00000000 00000000 00000000 00000000 00000039 008b3199 00000001 00000000 00000001 00000000 00000000 00000000 00000000 00000000 00000000 00000000 00000000 00000000 00000000 00000000 00000000 00000000 00000000 00000000 00000000 6a1a6f4c 00000068 44ef554a 0000003e 00000000 00000000 00000000 00000000 00000201 00000101 00000000 00000000 00000000 00000000 00000000 00000000 00000000 00003333 00004ccd 00002667 00000001 00000000 03938700 000004f8
capture_snapshot GLI1 00010000 60000000 2500000 294 0 60000000 0 0 0 0 0 0 0 3e1708d0 0000003e 44f55778 0000003e 00494348 00000000 00494348 00000000 0000006a 00000000 00000000 00000000 06de58d2 00000000 004943b2 00000000 00000000 00000000 00000000 00000039 008b3199 00000001 00000000 00000001 00000000 00000000 00000000 00000000 00000000 00000000 00000000 00000000 00000000 00000000 00000000 00000000 00000000 00000000 00000000 00000000 6a247326 00000068 44f557a5 0000003e 00000000 00000000 00000000 00000000 00000201 00000100 00000000 00000000 00000000 00000000 00000000 00000000 00000000 00003333 00004ccd 00002667 00000001 00000000 03938700 000004f8
capture_snapshot GLI1 00010000 60000000 2500000 295 0 60000000 0 0 0 0 0 0 0 3e1708d0 0000003e 44fb5148 0000003e 00498306 00000000 00498306 00000000 0000006a 00000000 00000000 00000000 06e4529c 00000000 00498370 00000000 00000000 00000000 00000000 00000039 008b3199 00000001 00000000 00000001 00000000 00000000 00000000 00000000 00000000 00000000 00000000 00000000 00000000 00000000 00000000 00000000 00000000 00000000 00000000 00000000 6a2e68b9 00000068 44fb516f 0000003e 00000000 00000000 00000000 00000000 00000201 00000101 00000000 00000000 00000000 00000000 00000000 00000000 00000000 00003333 00004ccd 00002667 00000001 00000000 03938700 000004f8
capture_snapshot GLI1 00010000 60000000 2500000 296 0 60000000 0 0 0 0 0 0 0 3e1708d0 0000003e 450156b8 0000003e 0049c340 00000000 0049c340 00000000 0000006a 00000000 00000000 00000000 06ea580d 00000000 0049c3aa 00000000 00000000 00000000 00000000 00000039 008b3199 00000001 00000000 00000001 00000000 00000000 00000000 00000000 00000000 00000000 00000000 00000000 00000000 00000000 00000000 00000000 00000000 00000000 00000000 00000000 6a3871b7 00000068 450156e0 0000003e 00000000 00000000 00000000 00000000 00000201 00000101 00000000 00000000 00000000 00000000 00000000 00000000 00000000 00003333 00004ccd 00002667 00000001 00000000 03938700 000004f8
capture_snapshot GLI1 00010000 60000000 2500000 297 0 60000000 0 0 0 0 0 0 0 3e1708d0 0000003e 45075268 0000003e 004a0312 00000000 004a0312 00000000 0000006a 00000000 00000000 00000000 06f053bc 00000000 004a037c 00000000 00000000 00000000 00000000 00000039 008b3199 00000001 00000000 00000001 00000000 00000000 00000000 00000000 00000000 00000000 00000000 00000000 00000000 00000000 00000000 00000000 00000000 00000000 00000000 00000000 6a426a72 00000068 4507528f 0000003e 00000000 00000000 00000000 00000000 00000201 00000101 00000000 00000000 00000000 00000000 00000000 00000000 00000000 00003333 00004ccd 00002667 00000001 00000000 03938700 000004f8
capture_snapshot GLI1 00010000 60000000 2500000 298 0 60000000 0 0 0 0 0 0 0 3e1708d0 0000003e 450d5118 0000003e 004a4304 00000000 004a4304 00000000 0000006a 00000000 00000000 00000000 06f65275 00000000 004a436e 00000000 00000000 00000000 00000000 00000039 008b3199 00000001 00000000 00000001 00000000 00000000 00000000 00000000 00000000 00000000 00000000 00000000 00000000 00000000 00000000 00000000 00000000 00000000 00000000 00000000 6a4c683d 00000068 450d5148 0000003e 00000000 00000000 00000000 00000000 00000201 00000100 00000000 00000000 00000000 00000000 00000000 00000000 00000000 00003333 00004ccd 00002667 00000001 00000000 03938700 000004f8
capture_snapshot GLI1 00010000 60000000 2500000 299 0 60000000 0 0 0 0 0 0 0 3e1708d0 0000003e 45135d78 0000003e 004a8388 00000000 004a8388 00000000 0000006a 00000000 00000000 00000000 06fc5ec8 00000000 004a83f2 00000000 00000000 00000000 00000000 00000039 008b3199 00000001 00000000 00000001 00000000 00000000 00000000 00000000 00000000 00000000 00000000 00000000 00000000 00000000 00000000 00000000 00000000 00000000 00000000 00000000 6a567cb4 00000068 45135d9b 0000003e 00000000 00000000 00000000 00000000 00000201 00000101 00000000 00000000 00000000 00000000 00000000 00000000 00000000 00003333 00004ccd 00002667 00000001 00000000 03938700 000004f8
capture_snapshot GLI1 00010000 60000000 2500000 300 0 60000000 0 0 0 0 0 0 0 3e1708d0 0000003e 45195670 0000003e 004ac33d 00000000 004ac33d 00000000 0000006a 00000000 00000000 00000000 070257d1 00000000 004ac3a7 00000000 00000000 00000000 00000000 00000039 008b3199 00000001 00000000 00000001 00000000 00000000 00000000 00000000 00000000 00000000 00000000 00000000 00000000 00000000 00000000 00000000 00000000 00000000 00000000 00000000 6a607105 00000068 451956a4 0000003e 00000000 00000000 00000000 00000000 00000201 00000101 00000000 00000000 00000000 00000000 00000000 00000000 00000000 00003333 00004ccd 00002667 00000001 00000000 03938700 000004f8
capture_snapshot GLI1 00010000 60000000 2500000 301 0 60000000 0 0 0 0 0 0 0 3e1708d0 0000003e 451f58e0 0000003e 004b0357 00000000 004b0357 00000000 0000006a 00000000 00000000 00000000 07085a3e 00000000 004b03c1 00000000 00000000 00000000 00000000 00000039 008b3199 00000001 00000000 00000001 00000000 00000000 00000000 00000000 00000000 00000000 00000000 00000000 00000000 00000000 00000000 00000000 00000000 00000000 00000000 00000000 6a6a74fb 00000068 451f5911 0000003e 00000000 00000000 00000000 00000000 00000201 00000101 00000000 00000000 00000000 00000000 00000000 00000000 00000000 00003333 00004ccd 00002667 00000001 00000000 03938700 000004f8
capture_snapshot GLI1 00010000 60000000 2500000 302 0 60000000 0 0 0 0 0 0 0 3e1708d0 0000003e 45255400 0000003e 004b4323 00000000 004b4323 00000000 0000006a 00000000 00000000 00000000 070e5560 00000000 004b438d 00000000 00000000 00000000 00000000 00000039 008b3199 00000001 00000000 00000001 00000000 00000000 00000000 00000000 00000000 00000000 00000000 00000000 00000000 00000000 00000000 00000000 00000000 00000000 00000000 00000000 6a746ccb 00000068 45255433 0000003e 00000000 00000000 00000000 00000000 00000201 00000101 00000000 00000000 00000000 00000000 00000000 00000000 00000000 00003333 00004ccd 00002667 00000001 00000000 03938700 000004f8
capture_snapshot GLI1 00010000 60000000 2500000 303 0 60000000 0 0 0 0 0 0 0 3e1708d0 0000003e 452b5538 0000003e 004b8330 00000000 004b8330 00000000 0000006a 00000000 00000000 00000000 07145697 00000000 004b839a 00000000 00000000 00000000 00000000 00000039 008b3199 00000001 00000000 00000001 00000000 00000000 00000000 00000000 00000000 00000000 00000000 00000000 00000000 00000000 00000000 00000000 00000000 00000000 00000000 00000000 6a7e6ebe 00000068 452b556a 0000003e 00000000 00000000 00000000 00000000 00000202 00000100 00000000 00000000 00000000 00000000 00000000 00000000 00000000 00003333 00004ccd 00002667 00000001 00000000 03938700 000004f8
capture_snapshot GLI1 00010000 60000000 2500000 304 0 60000000 0 0 0 0 0 0 0 3e1708d0 0000003e 45316c48 0000003e 004bc426 00000000 004bc425 00000000 0000006a 00000000 00000000 00000000 071a6d92 00000000 004bc490 00000000 00000000 00000000 00000000 0000003b 008b3199 00000001 00000001 00000001 00000000 00000000 00000000 00000000 00000000 00000000 00000000 00000000 00000000 00000000 00000000 00000000 00000000 00000000 00000000 00000000 6a8894f7 00000068 45316c65 0000003e 00000000 00000000 00000000 00000000 00000202 00000100 00000000 00000000 00000000 00000000 00000000 00000000 00000000 00003333 00004ccd 00002667 00000001 00000000 03938700 000004f8
capture_snapshot GLI1 00010000 60000000 2500000 305 0 60000000 0 0 0 0 0 0 0 3e1708d0 0000003e 453756b8 0000003e 004c0340 00000000 004c0340 00000000 0000006a 00000000 00000000 00000000 07205818 00000000 004c03aa 00000000 00000000 00000000 00000000 00000039 008b3199 00000001 00000000 00000001 00000000 00000000 00000000 00000000 00000000 00000000 00000000 00000000 00000000 00000000 00000000 00000000 00000000 00000000 00000000 00000000 6a927118 00000068 453756eb 0000003e 00000000 00000000 00000000 00000000 00000201 00000101 00000000 00000000 00000000 00000000 00000000 00000000 00000000 00003333 00004ccd 00002667 00000001 00000000 03938700 000004f8
capture_snapshot GLI1 00010000 60000000 2500000 306 0 60000000 0 0 0 0 0 0 0 3e1708d0 0000003e 453d5280 0000003e 004c4313 00000000 004c4313 00000000 0000006a 00000000 00000000 00000000 072653d6 00000000 004c437d 00000000 00000000 00000000 00000000 00000039 008b3199 00000001 00000000 00000001 00000000 00000000 00000000 00000000 00000000 00000000 00000000 00000000 00000000 00000000 00000000 00000000 00000000 00000000 00000000 00000000 6a9c69ec 00000068 453d52a9 0000003e 00000000 00000000 00000000 00000000 00000201 00000101 00000000 00000000 00000000 00000000 00000000 00000000 00000000 00003333 00004ccd 00002667 00000001 00000000 03938700 000004f8
capture_snapshot GLI1 00010000 60000000 2500000 307 0 60000000 0 0 0 0 0 0 0 3e1708d0 0000003e 454353e8 0000003e 004c8322 00000000 004c8322 00000000 0000006a 00000000 00000000 00000000 072c5536 00000000 004c838c 00000000 00000000 00000000 00000000 00000039 008b3199 00000001 00000000 00000001 00000000 00000000 00000000 00000000 00000000 00000000 00000000 00000000 00000000 00000000 00000000 00000000 00000000 00000000 00000000 00000000 6aa66c23 00000068 45435409 0000003e 00000000 00000000 00000000 00000000 00000201 00000101 00000000 00000000 00000000 00000000 00000000 00000000 00000000 00003333 00004ccd 00002667 00000001 00000000 03938700 000004f8
capture_snapshot GLI1 00010000 60000000 2500000 308 0 60000000 0 0 0 0 0 0 0 3e1708d0 0000003e 45495670 0000003e 004cc33d 00000000 004cc33d 00000000 0000006a 00000000 00000000 00000000 073257d1 00000000 004cc3a7 00000000 00000000 00000000 00000000 00000039 008b3199 00000001 00000000 00000001 00000000 00000000 00000000 00000000 00000000 00000000 00000000 00000000 00000000 00000000 00000000 00000000 00000000 00000000 00000000 00000000 6ab07067 00000068 454956a4 0000003e 00000000 00000000 00000000 00000000 00000201 00000101 00000000 00000000 00000000 00000000 00000000 00000000 00000000 00003333 00004ccd 00002667 00000001 00000000 03938700 000004f8
capture_snapshot GLI1 00010000 60000000 2500000 309 0 60000000 0 0 0 0 0 0 0 3e1708d0 0000003e 454f54c0 0000003e 004d032b 00000000 004d032b 00000000 0000006a 00000000 00000000 00000000 0738561c 00000000 004d0395 00000000 00000000 00000000 00000000 00000039 008b3199 00000001 00000000 00000001 00000000 00000000 00000000 00000000 00000000 00000000 00000000 00000000 00000000 00000000 00000000 00000000 00000000 00000000 00000000 00000000 6aba6d7c 00000068 454f54ef 0000003e 00000000 00000000 00000000 00000000 00000201 00000101 00000000 00000000 00000000 00000000 00000000 00000000 00000000 00003333 00004ccd 00002667 00000001 00000000 03938700 000004f8
capture_snapshot GLI1 00010000 60000000 2500000 310 0 60000000 0 0 0 0 0 0 0 3e1708d0 0000003e 45555718 0000003e 004d4344 00000000 004d4344 00000000 0000006a 00000000 00000000 00000000 073e5869 00000000 004d43ae 00000000 00000000 00000000 00000000 00000039 008b3199 00000001 00000000 00000001 00000000 00000000 00000000 00000000 00000000 00000000 00000000 00000000 00000000 00000000 00000000 00000000 00000000 00000000 00000000 00000000 6ac4713e 00000068 4555573c 0000003e 00000000 00000000 00000000 00000000 00000201 00000101 00000000 00000000 00000000 00000000 00000000 00000000 00000000 00003333 00004ccd 00002667 00000001 00000000 03938700 000004f8
capture_snapshot GLI1 00010000 60000000 2500000 311 0 60000000 0 0 0 0 0 0 0 3e1708d0 0000003e 455b5598 0000003e 004d8334 00000000 004d8334 00000000 0000006a 00000000 00000000 00000000 074456eb 00000000 004d839e 00000000 00000000 00000000 00000000 00000039 008b3199 00000001 00000000 00000001 00000000 00000000 00000000 00000000 00000000 00000000 00000000 00000000 00000000 00000000 00000000 00000000 00000000 00000000 00000000 00000000 6ace6eae 00000068 455b55be 0000003e 00000000 00000000 00000000 00000000 00000201 00000101 00000000 00000000 00000000 00000000 00000000 00000000 00000000 00003333 00004ccd 00002667 00000001 00000000 03938700 000004f8
capture_snapshot GLI1 00010000 60000000 2500000 312 0 60000000 0 0 0 0 0 0 0 3e1708d0 0000003e 45615280 0000003e 004dc313 00000000 004dc313 00000000 0000006a 00000000 00000000 00000000 074a53d0 00000000 004dc37d 00000000 00000000 00000000 00000000 00000039 008b3199 00000001 00000000 00000001 00000000 00000000 00000000 00000000 00000000 00000000 00000000 00000000 00000000 00000000 00000000 00000000 00000000 00000000 00000000 00000000 6ad8696d 00000068 456152a3 0000003e 00000000 00000000 00000000 00000000 00000201 00000100 00000000 00000000 00000000 00000000 00000000 00000000 00000000 00003333 00004ccd 00002667 00000001 00000000 03938700 000004f8
capture_snapshot GLI1 00010000 60000000 2500000 313 0 60000000 0 0 0 0 0 0 0 3e1708d0 0000003e 45675670 0000003e 004e033d 00000000 004e033d 00000000 0000006a 00000000 00000000 00000000 075057bc 00000000 004e03a7 00000000 00000000 00000000 00000000 00000039 008b3199 00000001 00000000 00000001 00000000 00000000 00000000 00000000 00000000 00000000 00000000 00000000 00000000 00000000 00000000 00000000 00000000 00000000 00000000 00000000 6ae26fe2 00000068 4567568f 0000003e 00000000 00000000 00000000 00000000 00000201 00000101 00000000 00000000 00000000 00000000 00000000 00000000 00000000 00003333 00004ccd 00002667 00000001 00000000 03938700 000004f8
capture_snapshot GLI1 00010000 60000000 2500000 314 0 60000000 0 0 0 0 0 0 0 3e1708d0 0000003e 456d58f8 0000003e 004e4358 00000000 004e4358 00000000 0000006a 00000000 00000000 00000000 07565a50 00000000 004e43c2 00000000 00000000 00000000 00000000 00000039 008b3199 00000001 00000000 00000001 00000000 00000000 00000000 00000000 00000000 00000000 00000000 00000000 00000000 00000000 00000000 00000000 00000000 00000000 00000000 00000000 6aec741b 00000068 456d5923 0000003e 00000000 00000000 00000000 00000000 00000201 00000101 00000000 00000000 00000000 00000000 00000000 00000000 00000000 00003333 00004ccd 00002667 00000001 00000000 03938700 000004f8
capture_snapshot GLI1 00010000 60000000 2500000 315 0 60000000 0 0 0 0 0 0 0 3e1708d0 0000003e 457355f8 0000003e 004e8338 00000000 004e8338 00000000 0000006a 00000000 00000000 00000000 075c5759 00000000 004e83a2 00000000 00000000 00000000 00000000 00000039 008b3199 00000001 00000000 00000001 00000000 00000000 00000000 00000000 00000000 00000000 00000000 00000000 00000000 00000000 00000000 00000000 00000000 00000000 00000000 00000000 6af66f17 00000068 4573562c 0000003e 00000000 00000000 00000000 00000000 00000201 00000101 00000000 00000000 00000000 00000000 00000000 00000000 00000000 00003333 00004ccd 00002667 00000001 00000000 03938700 000004f8
capture_snapshot GLI1 00010000 60000000 2500000 316 0 60000000 0 0 0 0 0 0 0 3e1708d0 0000003e 45795640 0000003e 004ec33b 00000000 004ec33b 00000000 0000006a 00000000 00000000 00000000 07625790 00000000 004ec3a5 00000000 00000000 00000000 00000000 00000039 008b3199 00000001 00000000 00000001 00000000 00000000 00000000 00000000 00000000 00000000 00000000 00000000 00000000 00000000 00000000 00000000 00000000 00000000 00000000 00000000 6b006f5e 00000068 45795663 0000003e 00000000 00000000 00000000 00000000 00000201 00000101 00000000 00000000 00000000 00000000 00000000 00000000 00000000 00003333 00004ccd 00002667 00000001 00000000 03938700 000004f8
capture_snapshot GLI1 00010000 60000000 2500000 317 0 60000000 0 0 0 0 0 0 0 3e1708d0 0000003e 457f56b8 0000003e 004f0340 00000000 004f0340 00000000 0000006a 00000000 00000000 00000000 0768580c 00000000 004f03aa 00000000 00000000 00000000 00000000 00000039 008b3199 00000001 00000000 00000001 00000000 00000000 00000000 00000000 00000000 00000000 00000000 00000000 00000000 00000000 00000000 00000000 00000000 00000000 00000000 00000000 6b0a701a 00000068 457f56df 0000003e 00000000 00000000 00000000 00000000 00000201 00000101 00000000 00000000 00000000 00000000 00000000 00000000 00000000 00003333 00004ccd 00002667 00000001 00000000 03938700 000004f8
capture_snapshot GLI1 00010000 60000000 2500000 318 0 60000000 0 0 0 0 0 0 0 3e1708d0 0000003e 45855ad8 0000003e 004f436c 00000000 004f436c 00000000 0000006a 00000000 00000000 00000000 076e5c29 00000000 004f43d6 00000000 00000000 00000000 00000000 00000039 008b3199 00000001 00000000 00000001 00000000 00000000 00000000 00000000 00000000 00000000 00000000 00000000 00000000 00000000 00000000 00000000 00000000 00000000 00000000 00000000 6b1476e2 00000068 45855afc 0000003e 00000000 00000000 00000000 00000000 00000201 00000101 00000000 00000000 00000000 00000000 00000000 00000000 00000000 00003333 00004ccd 00002667 00000001 00000000 03938700 000004f8
capture_snapshot GLI1 00010000 60000000 2500000 319 0 60000000 0 0 0 0 0 0 0 3e1708d0 0000003e 458b55f8 0000003e 004f8338 00000000 004f8338 00000000 0000006a 00000000 00000000 00000000 07745743 00000000 004f83a2 00000000 00000000 00000000 00000000 00000039 008b3199 00000001 00000000 00000001 00000000 00000000 00000000 00000000 00000000 00000000 00000000 00000000 00000000 00000000 00000000 00000000 00000000 00000000 00000000 00000000 6b1e6ea4 00000068 458b5616 0000003e 00000000 00000000 00000000 00000000 00000201 00000101 00000000 00000000 00000000 00000000 00000000 00000000 00000000 00003333 00004ccd 00002667 00000001 00000000 03938700 000004f8
capture_snapshot GLI1 00010000 60000000 2500000 320 0 60000000 0 0 0 0 0 0 0 3e1708d0 0000003e 45915760 0000003e 004fc347 00000000 004fc347 00000000 0000006a 00000000 00000000 00000000 077a58bc 00000000 004fc3b1 00000000 00000000 00000000 00000000 00000039 008b3199 00000001 00000000 00000001 00000000 00000000 00000000 00000000 00000000 00000000 00000000 00000000 00000000 00000000 00000000 00000000 00000000 00000000 00000000 00000000 6b287104 00000068 4591578f 0000003e 00000000 00000000 00000000 00000000 00000202 00000101 00000000 00000000 00000000 00000000 00000000 00000000 00000000 00003333 00004ccd 00002667 00000001 00000000 03938700 000004f8
capture_snapshot GLI1 00010000 60000000 2500000 321 0 60000000 0 0 0 0 0 0 0 3e1708d0 0000003e 45974f20 0000003e 005002ef 00000000 005002ee 00000000 0000006a 00000000 00000000 00000000 0780506a 00000000 00500359 00000000 00000000 00000000 00000000 0000003b 008b3199 00000001 00000001 00000001 00000000 00000000 00000000 00000000 00000000 00000000 00000000 00000000 00000000 00000000 00000000 00000000 00000000 00000000 00000000 00000000 6b326313 00000068 45974f3d 0000003e 00000000 00000000 00000000 00000000 00000201 00000100 00000000 00000000 00000000 00000000 00000000 00000000 00000000 00003333 00004ccd 00002667 00000001 00000000 03938700 000004f8
capture_snapshot GLI1 00010000 60000000 2500000 322 0 60000000 0 0 0 0 0 0 0 3e1708d0 0000003e 459d56e8 0000003e 00504342 00000000 00504342 00000000 0000006a 00000000 00000000 00000000 0786583f 00000000 005043ac 00000000 00000000 00000000 00000000 00000039 008b3199 00000001 00000000 00000001 00000000 00000000 00000000 00000000 00000000 00000000 00000000 00000000 00000000 00000000 00000000 00000000 00000000 00000000 00000000 00000000 6b3c700d 00000068 459d5712 0000003e 00000000 00000000 00000000 00000000 00000201 00000100 00000000 00000000 00000000 00000000 00000000 00000000 00000000 00003333 00004ccd 00002667 00000001 00000000 03938700 000004f8
capture_snapshot GLI1 00010000 60000000 2500000 323 0 60000000 0 0 0 0 0 0 0 3e1708d0 0000003e 45a35c88 0000003e 0050837e 00000000 0050837e 00000000 0000006a 00000000 00000000 00000000 078c5dd8 00000000 005083e8 00000000 00000000 00000000 00000000 00000039 008b3199 00000001 00000000 00000001 00000000 00000000 00000000 00000000 00000000 00000000 00000000 00000000 00000000 00000000 00000000 00000000 00000000 00000000 00000000 00000000 6b46794d 00000068 45a35cab 0000003e 00000000 00000000 00000000 00000000 00000201 00000101 00000000 00000000 00000000 00000000 00000000 00000000 00000000 00003333 00004ccd 00002667 00000001 00000000 03938700 000004f8
capture_snapshot GLI1 00010000 60000000 2500000 324 0 60000000 0 0 0 0 0 0 0 3e1708d0 0000003e 45a951a8 0000003e 0050c30a 00000000 0050c30a 00000000 0000006a 00000000 00000000 00000000 07925304 00000000 0050c374 00000000 00000000 00000000 00000000 00000039 008b3199 00000001 00000000 00000001 00000000 00000000 00000000 00000000 00000000 00000000 00000000 00000000 00000000 00000000 00000000 00000000 00000000 00000000 00000000 00000000 6b50672e 00000068 45a951d7 0000003e 00000000 00000000 00000000 00000000 00000201 00000101 00000000 00000000 00000000 00000000 00000000 00000000 00000000 00003333 00004ccd 00002667 00000001 00000000 03938700 000004f8
capture_snapshot GLI1 00010000 60000000 2500000 325 0 60000000 0 0 0 0 0 0 0 3e1708d0 0000003e 45af5ce8 0000003e 00510382 00000000 00510382 00000000 0000006a 00000000 00000000 00000000 07985e34 00000000 005103ec 00000000 00000000 00000000 00000000 00000039 008b3199 00000001 00000000 00000001 00000000 00000000 00000000 00000000 00000000 00000000 00000000 00000000 00000000 00000000 00000000 00000000 00000000 00000000 00000000 00000000 6b5a79c0 00000068 45af5d07 0000003e 00000000 00000000 00000000 00000000 00000201 00000101 00000000 00000000 00000000 00000000 00000000 00000000 00000000 00003333 00004ccd 00002667 00000001 00000000 03938700 000004f8
capture_snapshot GLI1 00010000 60000000 2500000 326 0 60000000 0 0 0 0 0 0 0 3e1708d0 0000003e 45b552f8 0000003e 00514318 00000000 00514318 00000000 0000006a 00000000 00000000 00000000 079e5451 00000000 00514382 00000000 00000000 00000000 00000000 00000039 008b3199 00000001 00000000 00000001 00000000 00000000 00000000 00000000 00000000 00000000 00000000 00000000 00000000 00000000 00000000 00000000 00000000 00000000 00000000 00000000 6b646932 00000068 45b55324 0000003e 00000000 00000000 00000000 00000000 00000201 00000101 00000000 00000000 00000000 00000000 00000000 00000000 00000000 00003333 00004ccd 00002667 00000001 00000000 03938700 000004f8
capture_snapshot GLI1 00010000 60000000 2500000 327 0 60000000 0 0 0 0 0 0 0 3e1708d0 0000003e 45bb50d0 0000003e 00518301 00000000 00518301 00000000 0000006a 00000000 00000000 00000000 07a4522e 00000000 0051836b 00000000 00000000 00000000 00000000 00000039 008b3199 00000001 00000000 00000001 00000000 00000000 00000000 00000000 00000000 00000000 00000000 00000000 00000000 00000000 00000000 00000000 00000000 00000000 00000000 00000000 6b6e658e 00000068 45bb5101 0000003e 00000000 00000000 00000000 00000000 00000201 00000101 00000000 00000000 00000000 00000000 00000000 00000000 00000000 00003333 00004ccd 00002667 00000001 00000000 03938700 000004f8
capture_snapshot GLI1 00010000 60000000 2500000 328 0 60000000 0 0 0 0 0 0 0 3e1708d0 0000003e 45c158c8 0000003e 0051c356 00000000 0051c356 00000000 0000006a 00000000 00000000 00000000 07aa5a1e 00000000 0051c3c0 00000000 00000000 00000000 00000000 00000039 008b3199 00000001 00000000 00000001 00000000 00000000 00000000 00000000 00000000 00000000 00000000 00000000 00000000 00000000 00000000 00000000 00000000 00000000 00000000 00000000 6b7872b5 00000068 45c158f1 0000003e 00000000 00000000 00000000 00000000 00000201 00000101 00000000 00000000 00000000 00000000 00000000 00000000 00000000 00003333 00004ccd 00002667 00000001 00000000 03938700 000004f8
capture_snapshot GLI1 00010000 60000000 2500000 329 0 60000000 0 0 0 0 0 0 0 3e1708d0 0000003e 45c75778 0000003e 00520348 00000000 00520348 00000000 0000006a 00000000 00000000 00000000 07b058d1 00000000 005203b2 00000000 00000000 00000000 00000000 00000039 008b3199 00000001 00000000 00000001 00000000 00000000 00000000 00000000 00000000 00000000 00000000 00000000 00000000 00000000 00000000 00000000 00000000 00000000 00000000 00000000 6b827077 00000068 45c757a4 0000003e 00000000 00000000 00000000 00000000 00000201 00000101 00000000 00000000 00000000 00000000 00000000 00000000 00000000 00003333 00004ccd 00002667 00000001 00000000 03938700 000004f8
capture_snapshot GLI1 00010000 60000000 2500000 330 0 60000000 0 0 0 0 0 0 0 3e1708d0 0000003e 45cd4ad0 0000003e 005242c1 00000000 005242c1 00000000 0000006a 00000000 00000000 00000000 07b64c31 00000000 0052432b 00000000 00000000 00000000 00000000 00000039 008b3199 00000001 00000000 00000001 00000000 00000000 00000000 00000000 00000000 00000000 00000000 00000000 00000000 00000000 00000000 00000000 00000000 00000000 00000000 00000000 6b8c5b59 00000068 45cd4b04 0000003e 00000000 00000000 00000000 00000000 00000201 00000101 00000000 00000000 00000000 00000000 00000000 00000000 00000000 00003333 00004ccd 00002667 00000001 00000000 03938700 000004f8
capture_snapshot GLI1 00010000 60000000 2500000 331 0 60000000 0 0 0 0 0 0 0 3e1708d0 0000003e 45d353a0 0000003e 0052831f 00000000 0052831f 00000000 0000006a 00000000 00000000 00000000 07bc54f7 00000000 00528389 00000000 00000000 00000000 00000000 00000039 008b3199 00000001 00000000 00000001 00000000 00000000 00000000 00000000 00000000 00000000 00000000 00000000 00000000 00000000 00000000 00000000 00000000 00000000 00000000 00000000 6b9669e4 00000068 45d353ca 0000003e 00000000 00000000 00000000 00000000 00000201 00000101 00000000 00000000 00000000 00000000 00000000 00000000 00000000 00003333 00004ccd 00002667 00000001 00000000 03938700 000004f8
capture_snapshot GLI1 00010000 60000000 2500000 332 0 60000000 0 0 0 0 0 0 0 3e1708d0 0000003e 45d958b0 0000003e 0052c355 00000000 0052c355 00000000 0000006a 00000000 00000000 00000000 07c259fb 00000000 0052c3bf 00000000 00000000 00000000 00000000 00000039 008b3199 00000001 00000000 00000001 00000000 00000000 00000000 00000000 00000000 00000000 00000000 00000000 00000000 00000000 00000000 00000000 00000000 00000000 00000000 00000000 6ba0722c 00000068 45d958ce 0000003e 00000000 00000000 00000000 00000000 00000201 00000101 00000000 00000000 00000000 00000000 00000000 00000000 00000000 00003333 00004ccd 00002667 00000001 00000000 03938700 000004f8
capture_snapshot GLI1 00010000 60000000 2500000 333 0 60000000 0 0 0 0 0 0 0 3e1708d0 0000003e 45df67e0 0000003e 005303f7 00000000 005303f7 00000000 0000006a 00000000 00000000 00000000 07c8693c 00000000 00530461 00000000 00000000 00000000 00000000 00000039 008b3199 00000001 00000000 00000001 00000000 00000000 00000000 00000000 00000000 00000000 00000000 00000000 00000000 00000000 00000000 00000000 00000000 00000000 00000000 00000000 6baa8b86 00000068 45df680f 0000003e 00000000 00000000 00000000 00000000 00000201 00000101 00000000 00000000 00000000 00000000 00000000 00000000 00000000 00003333 00004ccd 00002667 00000001 00000000 03938700 000004f8
capture_snapshot GLI1 00010000 60000000 2500000 334 0 60000000 0 0 0 0 0 0 0 3e1708d0 0000003e 45e565b8 0000003e 005343e0 00000000 005343e0 00000000 0000006a 00000000 00000000 00000000 07ce6704 00000000 0053444a 00000000 00000000 00000000 00000000 00000039 008b3199 00000001 00000000 00000001 00000000 00000000 00000000 00000000 00000000 00000000 00000000 00000000 00000000 00000000 00000000 00000000 00000000 00000000 00000000 00000000 6bb487bf 00000068 45e565d7 0000003e 00000000 00000000 00000000 00000000 00000202 00000101 00000000 00000000 00000000 00000000 00000000 00000000 00000000 00003333 00004ccd 00002667 00000001 00000000 03938700 000004f8
capture_snapshot GLI1 00010000 60000000 2500000 335 0 60000000 0 0 0 0 0 0 0 3e1708d0 0000003e 45eb53e8 0000003e 00538322 00000000 00538322 00000000 0000006a 00000000 00000000 00000000 07d45542 00000000 0053838c 00000000 00000000 00000000 00000000 00000039 008b3199 00000001 00000000 00000001 00000000 00000000 00000000 00000000 00000000 00000000 00000000 00000000 00000000 00000000 00000000 00000000 00000000 00000000 00000000 00000000 6bbe6a13 00000068 45eb5415 0000003e 00000000 00000000 00000000 00000000 00000202 00000100 00000000 00000000 00000000 00000000 00000000 00000000 00000000 00003333 00004ccd 00002667 00000001 00000000 03938700 000004f8
capture_snapshot GLI1 00010000 60000000 2500000 336 0 60000000 0 0 0 0 0 0 0 3e1708d0 0000003e 45f15df0 0000003e 0053c38d 00000000 0053c38d 00000000 0000006a 00000000 00000000 00000000 07da5f47 00000000 0053c3f7 00000000 00000000 00000000 00000000 00000039 008b3199 00000001 00000000 00000001 00000000 00000000 00000000 00000000 00000000 00000000 00000000 00000000 00000000 00000000 00000000 00000000 00000000 00000000 00000000 00000000 6bc87ab3 00000068 45f15e1a 0000003e 00000000 00000000 00000000 00000000 00000201 00000101 00000000 00000000 00000000 00000000 00000000 00000000 00000000 00003333 00004ccd 00002667 00000001 00000000 03938700 000004f8
capture_snapshot GLI1 00010000 60000000 2500000 337 0 60000000 0 0 0 0 0 0 0 3e1708d0 0000003e 45f75790 0000003e 00540349 00000000 00540349 00000000 0000006a 00000000 00000000 00000000 07e058e6 00000000 005403b3 00000000 00000000 00000000 00000000 00000039 008b3199 00000001 00000000 00000001 00000000 00000000 00000000 00000000 00000000 00000000 00000000 00000000 00000000 00000000 00000000 00000000 00000000 00000000 00000000 00000000 6bd26ffd 00000068 45f757b9 0000003e 00000000 00000000 00000000 00000000 00000202 00000101 00000000 00000000 00000000 00000000 00000000 00000000 00000000 00003333 00004ccd 00002667 00000001 00000000 03938700 000004f8
capture_snapshot GLI1 00010000 60000000 2500000 338 0 60000000 0 0 0 0 0 0 0 3e1708d0 0000003e 45fd5610 0000003e 00544339 00000000 00544339 00000000 0000006a 00000000 00000000 00000000 07e6575c 00000000 005443a3 00000000 00000000 00000000 00000000 00000039 008b3199 00000001 00000000 00000001 00000000 00000000 00000000 00000000 00000000 00000000 00000000 00000000 00000000 00000000 00000000 00000000 00000000 00000000 00000000 00000000 6bdc6d59 00000068 45fd562f 0000003e 00000000 00000000 00000000 00000000 00000202 00000101 00000000 00000000 00000000 00000000 00000000 00000000 00000000 00003333 00004ccd 00002667 00000001 00000000 03938700 000004f8
capture_snapshot GLI1 00010000 60000000 2500000 339 0 60000000 0 0 0 0 0 0 0 3e1708d0 0000003e 46035580 0000003e 00548333 00000000 00548333 00000000 0000006a 00000000 00000000 00000000 07ec56d1 00000000 0054839d 00000000 00000000 00000000 00000000 00000039 008b3199 00000001 00000000 00000001 00000000 00000000 00000000 00000000 00000000 00000000 00000000 00000000 00000000 00000000 00000000 00000000 00000000 00000000 00000000 00000000 6be66c5e 00000068 460355a4 0000003e 00000000 00000000 00000000 00000000 00000201 00000101 00000000 00000000 00000000 00000000 00000000 00000000 00000000 00003333 00004ccd 00002667 00000001 00000000 03938700 000004f8
capture_snapshot GLI1 00010000 60000000 2500000 340 0 60000000 0 0 0 0 0 0 0 3e1708d0 0000003e 46095598 0000003e 0054c334 00000000 0054c334 00000000 0000006a 00000000 00000000 00000000 07f256e3 00000000 0054c39e 00000000 00000000 00000000 00000000 00000039 008b3199 00000001 00000000 00000001 00000000 00000000 00000000 00000000 00000000 00000000 00000000 00000000 00000000 00000000 00000000 00000000 00000000 00000000 00000000 00000000 6bf06c68 00000068 460955b6 0000003e 00000000 00000000 00000000 00000000 00000202 00000101 00000000 00000000 00000000 00000000 00000000 00000000 00000000 00003333 00004ccd 00002667 00000001 00000000 03938700 000004f8
capture_snapshot GLI1 00010000 60000000 2500000 341 0 60000000 0 0 0 0 0 0 0 3e1708d0 0000003e 460f5e50 0000003e 00550391 00000000 00550390 00000000 0000006a 00000000 00000000 00000000 07f85f9a 00000000 005503fb 00000000 00000000 00000000 00000000 0000003b 008b3199 00000001 00000001 00000001 00000000 00000000 00000000 00000000 00000000 00000000 00000000 00000000 00000000 00000000 00000000 00000000 00000000 00000000 00000000 00000000 6bfa7adb 00000068 460f5e6d 0000003e 00000000 00000000 00000000 00000000 00000201 00000100 00000000 00000000 00000000 00000000 00000000 00000000 00000000 00003333 00004ccd 00002667 00000001 00000000 03938700 000004f8
capture_snapshot GLI1 00010000 60000000 2500000 342 0 60000000 0 0 0 0 0 0 0 3e1708d0 0000003e 461556d0 0000003e 00554341 00000000 00554341 00000000 0000006a 00000000 00000000 00000000 07fe582a 00000000 005543ab 00000000 00000000 00000000 00000000 00000039 008b3199 00000001 00000000 00000001 00000000 00000000 00000000 00000000 00000000 00000000 00000000 00000000 00000000 00000000 00000000 00000000 00000000 00000000 00000000 00000000 6c046e62 00000068 461556fd 0000003e 00000000 00000000 00000000 00000000 00000202 00000100 00000000 00000000 00000000 00000000 00000000 00000000 00000000 00003333 00004ccd 00002667 00000001 00000000 03938700 000004f8
capture_snapshot GLI1 00010000 60000000 2500000 343 0 60000000 0 0 0 0 0 0 0 3e1708d0 0000003e 461b55b0 0000003e 00558335 00000000 00558335 00000000 0000006a 00000000 00000000 00000000 08045706 00000000 0055839f 00000000 00000000 00000000 00000000 00000039 008b3199 00000001 00000000 00000001 00000000 00000000 00000000 00000000 00000000 00000000 00000000 00000000 00000000 00000000 00000000 00000000 00000000 00000000 00000000 00000000 6c0e6c67 00000068 461b55d9 0000003e 00000000 00000000 00000000 00000000 00000201 00000101 00000000 00000000 00000000 00000000 00000000 00000000 00000000 00003333 00004ccd 00002667 00000001 00000000 03938700 000004f8
capture_snapshot GLI1 00010000 60000000 2500000 344 0 60000000 0 0 0 0 0 0 0 3e1708d0 0000003e 46215280 0000003e 0055c313 00000000 0055c313 00000000 0000006a 00000000 00000000 00000000 080a53d5 00000000 0055c37d 00000000 00000000 00000000 00000000 00000039 008b3199 00000001 00000000 00000001 00000000 00000000 00000000 00000000 00000000 00000000 00000000 00000000 00000000 00000000 00000000 00000000 00000000 00000000 00000000 00000000 6c186703 00000068 462152a8 0000003e 00000000 00000000 00000000 00000000 00000201 00000100 00000000 00000000 00000000 00000000 00000000 00000000 00000000 00003333 00004ccd 00002667 00000001 00000000 03938700 000004f8
capture_snapshot GLI1 00010000 60000000 2500000 345 0 60000000 0 0 0 0 0 0 0 3e1708d0 0000003e 46275568 0000003e 00560332 00000000 00560332 00000000 0000006a 00000000 00000000 00000000 081056bb 00000000 0056039c 00000000 00000000 00000000 00000000 00000039 008b3199 00000001 00000000 00000001 00000000 00000000 00000000 00000000 00000000 00000000 00000000 00000000 00000000 00000000 00000000 00000000 00000000 00000000 00000000 00000000 6c226bc4 00000068 4627558e 0000003e 00000000 00000000 00000000 00000000 00000201 00000100 00000000 00000000 00000000 00000000 00000000 00000000 00000000 00003333 00004ccd 00002667 00000001 00000000 03938700 000004f8
capture_snapshot GLI1 00010000 60000000 2500000 346 0 60000000 0 0 0 0 0 0 0 3e1708d0 0000003e 462d40c8 0000003e 00564256 00000000 00564256 00000000 0000006a 00000000 00000000 00000000 08164224 00000000 005642c0 00000000 00000000 00000000 00000000 00000039 008b3199 00000001 00000000 00000001 00000000 00000000 00000000 00000000 00000000 00000000 00000000 00000000 00000000 00000000 00000000 00000000 00000000 00000000 00000000 00000000 6c2c495f 00000068 462d40f7 0000003e 00000000 00000000 00000000 00000000 00000201 00000101 00000000 00000000 00000000 00000000 00000000 00000000 00000000 00003333 00004ccd 00002667 00000001 00000000 03938700 000004f8
capture_snapshot GLI1 00010000 60000000 2500000 347 0 60000000 0 0 0 0 0 0 0 3e1708d0 0000003e 46333720 0000003e 005681ef 00000000 005681ef 00000000 0000006a 00000000 00000000 00000000 081c387c 00000000 00568259 00000000 00000000 00000000 00000000 00000039 008b3199 00000001 00000000 00000001 00000000 00000000 00000000 00000000 00000000 00000000 00000000 00000000 00000000 00000000 00000000 00000000 00000000 00000000 00000000 00000000 6c363934 00000068 4633374f 0000003e 00000000 00000000 00000000 00000000 00000201 00000101 00000000 00000000 00000000 00000000 00000000 00000000 00000000 00003333 00004ccd 00002667 00000001 00000000 03938700 000004f8
capture_snapshot GLI1 00010000 60000000 2500000 348 0 60000000 0 0 0 0 0 0 0 3e1708d0 0000003e 46393348 0000003e 0056c1c6 00000000 0056c1c6 00000000 0000006a 00000000 00000000 00000000 082234a2 00000000 0056c230 00000000 00000000 00000000 00000000 00000039 008b3199 00000001 00000000 00000001 00000000 00000000 00000000 00000000 00000000 00000000 00000000 00000000 00000000 00000000 00000000 00000000 00000000 00000000 00000000 00000000 6c4032b5 00000068 46393375 0000003e 00000000 00000000 00000000 00000000 00000202 00000100 00000000 00000000 00000000 00000000 00000000 00000000 00000000 00003333 00004ccd 00002667 00000001 00000000 03938700 000004f8
capture_snapshot GLI1 00010000 60000000 2500000 349 0 60000000 0 0 0 0 0 0 0 3e1708d0 0000003e 463f3d68 0000003e 00570232 00000000 00570232 00000000 0000006a 00000000 00000000 00000000 08283eb8 00000000 0057029c 00000000 00000000 00000000 00000000 00000039 008b3199 00000001 00000000 00000001 00000000 00000000 00000000 00000000 00000000 00000000 00000000 00000000 00000000 00000000 00000000 00000000 00000000 00000000 00000000 00000000 6c4a4370 00000068 463f3d8b 0000003e 00000000 00000000 00000000 00000000 00000201 00000101 00000000 00000000 00000000 00000000 00000000 00000000 00000000 00003333 00004ccd 00002667 00000001 00000000 03938700 000004f8
capture_snapshot GLI1 00010000 60000000 2500000 350 0 60000000 0 0 0 0 0 0 0 3e1708d0 0000003e 464531e0 0000003e 005741b7 00000000 005741b7 00000000 0000006a 00000000 00000000 00000000 082e333c 00000000 00574221 00000000 00000000 00000000 00000000 00000039 008b3199 00000001 00000000 00000001 00000000 00000000 00000000 00000000 00000000 00000000 00000000 00000000 00000000 00000000 00000000 00000000 00000000 00000000 00000000 00000000 6c543039 00000068 4645320f 0000003e 00000000 00000000 00000000 00000000 00000202 00000101 00000000 00000000 00000000 00000000 00000000 00000000 00000000 00003333 00004ccd 00002667 00000001 00000000 03938700 000004f8
capture_snapshot GLI1 00010000 60000000 2500000 351 0 60000000 0 0 0 0 0 0 0 3e1708d0 0000003e 464b2e38 0000003e 00578190 00000000 00578190 00000000 0000006a 00000000 00000000 00000000 08342f98 00000000 005781fa 00000000 00000000 00000000 00000000 00000039 008b3199 00000001 00000000 00000001 00000000 00000000 00000000 00000000 00000000 00000000 00000000 00000000 00000000 00000000 00000000 00000000 00000000 00000000 00000000 00000000 6c5e2a15 00000068 464b2e6b 0000003e 00000000 00000000 00000000 00000000 00000201 00000101 00000000 00000000 00000000 00000000 00000000 00000000 00000000 00003333 00004ccd 00002667 00000001 00000000 03938700 000004f8
capture_snapshot GLI1 00010000 60000000 2500000 352 0 60000000 0 0 0 0 0 0 0 3e1708d0 0000003e 46512ef8 0000003e 0057c198 00000000 0057c198 00000000 0000006a 00000000 00000000 00000000 083a3053 00000000 0057c202 00000000 00000000 00000000 00000000 00000039 008b3199 00000001 00000000 00000001 00000000 00000000 00000000 00000000 00000000 00000000 00000000 00000000 00000000 00000000 00000000 00000000 00000000 00000000 00000000 00000000 6c682b39 00000068 46512f26 0000003e 00000000 00000000 00000000 00000000 00000201 00000101 00000000 00000000 00000000 00000000 00000000 00000000 00000000 00003333 00004ccd 00002667 00000001 00000000 03938700 000004f8
capture_snapshot GLI1 00010000 60000000 2500000 353 0 60000000 0 0 0 0 0 0 0 3e1708d0 0000003e 46572e98 0000003e 00580194 00000000 00580194 00000000 0000006a 00000000 00000000 00000000 08402fe9 00000000 005801fe 00000000 00000000 00000000 00000000 00000039 008b3199 00000001 00000000 00000001 00000000 00000000 00000000 00000000 00000000 00000000 00000000 00000000 00000000 00000000 00000000 00000000 00000000 00000000 00000000 00000000 6c722a74 00000068 46572ebc 0000003e 00000000 00000000 00000000 00000000 00000202 00000101 00000000 00000000 00000000 00000000 00000000 00000000 00000000 00003333 00004ccd 00002667 00000001 00000000 03938700 000004f8
capture_snapshot GLI1 00010000 60000000 2500000 354 0 60000000 0 0 0 0 0 0 0 3e1708d0 0000003e 465d2dd8 0000003e 0058418c 00000000 0058418c 00000000 0000006a 00000000 00000000 00000000 08462f23 00000000 005841f6 00000000 00000000 00000000 00000000 00000039 008b3199 00000001 00000000 00000001 00000000 00000000 00000000 00000000 00000000 00000000 00000000 00000000 00000000 00000000 00000000 00000000 00000000 00000000 00000000 00000000 6c7c2917 00000068 465d2df6 0000003e 00000000 00000000 00000000 00000000 00000201 00000101 00000000 00000000 00000000 00000000 00000000 00000000 00000000 00003333 00004ccd 00002667 00000001 00000000 03938700 000004f8
capture_snapshot GLI1 00010000 60000000 2500000 355 0 60000000 0 0 0 0 0 0 0 3e1708d0 0000003e 46632dd8 0000003e 0058818c 00000000 0058818c 00000000 0000006a 00000000 00000000 00000000 084c2f33 00000000 005881f6 00000000 00000000 00000000 00000000 00000039 008b3199 00000001 00000000 00000001 00000000 00000000 00000000 00000000 00000000 00000000 00000000 00000000 00000000 00000000 00000000 00000000 00000000 00000000 00000000 00000000 6c86291d 00000068 46632e06 0000003e 00000000 00000000 00000000 00000000 00000201 00000101 00000000 00000000 00000000 00000000 00000000 00000000 00000000 00003333 00004ccd 00002667 00000001 00000000 03938700 000004f8
capture_snapshot GLI1 00010000 60000000 2500000 356 0 60000000 0 0 0 0 0 0 0 3e1708d0 0000003e 46692f58 0000003e 0058c19c 00000000 0058c19c 00000000 0000006a 00000000 00000000 00000000 085230b7 00000000 0058c206 00000000 00000000 00000000 00000000 00000039 008b3199 00000001 00000000 00000001 00000000 00000000 00000000 00000000 00000000 00000000 00000000 00000000 00000000 00000000 00000000 00000000 00000000 00000000 00000000 00000000 6c902b91 00000068 46692f8a 0000003e 00000000 00000000 00000000 00000000 00000201 00000100 00000000 00000000 00000000 00000000 00000000 00000000 00000000 00003333 00004ccd 00002667 00000001 00000000 03938700 000004f8
capture_snapshot GLI1 00010000 60000000 2500000 357 0 60000000 0 0 0 0 0 0 0 3e1708d0 0000003e 466f2d00 0000003e 00590183 00000000 00590183 00000000 0000006a 00000000 00000000 00000000 08582e4e 00000000 005901ed 00000000 00000000 00000000 00000000 00000039 008b3199 00000001 00000000 00000001 00000000 00000000 00000000 00000000 00000000 00000000 00000000 00000000 00000000 00000000 00000000 00000000 00000000 00000000 00000000 00000000 6c9a2778 00000068 466f2d21 0000003e 00000000 00000000 00000000 00000000 00000201 00000101 00000000 00000000 00000000 00000000 00000000 00000000 00000000 00003333 00004ccd 00002667 00000001 00000000 03938700 000004f8
capture_snapshot GLI1 00010000 60000000 2500000 358 0 60000000 0 0 0 0 0 0 0 3e1708d0 0000003e 46752cd0 0000003e 00594181 00000000 00594181 00000000 0000006a 00000000 00000000 00000000 085e2e26 00000000 005941eb 00000000 00000000 00000000 00000000 00000039 008b3199 00000001 00000000 00000001 00000000 00000000 00000000 00000000 00000000 00000000 00000000 00000000 00000000 00000000 00000000 00000000 00000000 00000000 00000000 00000000 6ca42722 00000068 46752cf9 0000003e 00000000 00000000 00000000 00000000 00000201 00000101 00000000 00000000 00000000 00000000 00000000 00000000 00000000 00003333 00004ccd 00002667 00000001 00000000 03938700 000004f8
capture_snapshot GLI1 00010000 60000000 2500000 359 0 60000000 0 0 0 0 0 0 0 3e1708d0 0000003e 467b2d60 0000003e 00598187 00000000 00598187 00000000 0000006a 00000000 00000000 00000000 08642eb4 00000000 005981f1 00000000 00000000 00000000 00000000 00000039 008b3199 00000001 00000000 00000001 00000000 00000000 00000000 00000000 00000000 00000000 00000000 00000000 00000000 00000000 00000000 00000000 00000000 00000000 00000000 00000000 6cae27fd 00000068 467b2d87 0000003e 00000000 00000000 00000000 00000000 00000201 00000101 00000000 00000000 00000000 00000000 00000000 00000000 00000000 00003333 00004ccd 00002667 00000001 00000000 03938700 000004f8
capture_snapshot GLI1 00010000 60000000 2500000 360 0 60000000 0 0 0 0 0 0 0 3e1708d0 0000003e 46812cb8 0000003e 0059c180 00000000 0059c180 00000000 0000006a 00000000 00000000 00000000 086a2e08 00000000 0059c1ea 00000000 00000000 00000000 00000000 00000039 008b3199 00000001 00000000 00000001 00000000 00000000 00000000 00000000 00000000 00000000 00000000 00000000 00000000 00000000 00000000 00000000 00000000 00000000 00000000 00000000 6cb826ca 00000068 46812cdb 0000003e 00000000 00000000 00000000 00000000 00000201 00000101 00000000 00000000 00000000 00000000 00000000 00000000 00000000 00003333 00004ccd 00002667 00000001 00000000 03938700 000004f8
capture_snapshot GLI1 00010000 60000000 2500000 361 0 60000000 0 0 0 0 0 0 0 3e1708d0 0000003e 46872e68 0000003e 005a0192 00000000 005a0192 00000000 0000006a 00000000 00000000 00000000 08702fbf 00000000 005a01fc 00000000 00000000 00000000 00000000 00000039 008b3199 00000001 00000000 00000001 00000000 00000000 00000000 00000000 00000000 00000000 00000000 00000000 00000000 00000000 00000000 00000000 00000000 00000000 00000000 00000000 6cc22991 00000068 46872e92 0000003e 00000000 00000000 00000000 00000000 00000201 00000101 00000000 00000000 00000000 00000000 00000000 00000000 00000000 00003333 00004ccd 00002667 00000001 00000000 03938700 000004f8
capture_snapshot GLI1 00010000 60000000 2500000 362 0 60000000 0 0 0 0 0 0 0 3e1708d0 0000003e 468d3b40 0000003e 005a421b 00000000 005a421b 00000000 0000006a 00000000 00000000 00000000 08763c97 00000000 005a4285 00000000 00000000 00000000 00000000 00000039 008b3199 00000001 00000000 00000001 00000000 00000000 00000000 00000000 00000000 00000000 00000000 00000000 00000000 00000000 00000000 00000000 00000000 00000000 00000000 00000000 6ccc3ee6 00000068 468d3b6a 0000003e 00000000 00000000 00000000 00000000 00000201 00000100 00000000 00000000 00000000 00000000 00000000 00000000 00000000 00003333 00004ccd 00002667 00000001 00000000 03938700 000004f8
capture_snapshot GLI1 00010000 60000000 2500000 363 0 60000000 0 0 0 0 0 0 0 3e1708d0 0000003e 46932d90 0000003e 005a8189 00000000 005a8189 00000000 0000006a 00000000 00000000 00000000 087c2eeb 00000000 005a81f3 00000000 00000000 00000000 00000000 00000039 008b3199 00000001 00000000 00000001 00000000 00000000 00000000 00000000 00000000 00000000 00000000 00000000 00000000 00000000 00000000 00000000 00000000 00000000 00000000 00000000 6cd6280a 00000068 46932dbe 0000003e 00000000 00000000 00000000 00000000 00000201 00000101 00000000 00000000 00000000 00000000 00000000 00000000 00000000 00003333 00004ccd 00002667 00000001 00000000 03938700 000004f8
capture_snapshot GLI1 00010000 60000000 2500000 364 0 60000000 0 0 0 0 0 0 0 3e1708d0 0000003e 46992df0 0000003e 005ac18d 00000000 005ac18d 00000000 0000006a 00000000 00000000 00000000 08822f3b 00000000 005ac1f7 00000000 00000000 00000000 00000000 00000039 008b3199 00000001 00000000 00000001 00000000 00000000 00000000 00000000 00000000 00000000 00000000 00000000 00000000 00000000 00000000 00000000 00000000 00000000 00000000 00000000 6ce0287a 00000068 46992e0e 0000003e 00000000 00000000 00000000 00000000 00000201 00000101 00000000 00000000 00000000 00000000 00000000 00000000 00000000 00003333 00004ccd 00002667 00000001 00000000 03938700 000004f8
capture_snapshot GLI1 00010000 60000000 2500000 365 0 60000000 0 0 0 0 0 0 0 3e1708d0 0000003e 469f2e50 0000003e 005b0191 00000000 005b0191 00000000 0000006a 00000000 00000000 00000000 08882f9d 00000000 005b01fb 00000000 00000000 00000000 00000000 00000039 008b3199 00000001 00000000 00000001 00000000 00000000 00000000 00000000 00000000 00000000 00000000 00000000 00000000 00000000 00000000 00000000 00000000 00000000 00000000 00000000 6cea290b 00000068 469f2e70 0000003e 00000000 00000000 00000000 00000000 00000201 00000101 00000000 00000000 00000000 00000000 00000000 00000000 00000000 00003333 00004ccd 00002667 00000001 00000000 03938700 000004f8
capture_snapshot GLI1 00010000 60000000 2500000 366 0 60000000 0 0 0 0 0 0 0 3e1708d0 0000003e 46a52e68 0000003e 005b4192 00000000 005b4192 00000000 0000006a 00000000 00000000 00000000 088e2fc4 00000000 005b41fc 00000000 00000000 00000000 00000000 00000039 008b3199 00000001 00000000 00000001 00000000 00000000 00000000 00000000 00000000 00000000 00000000 00000000 00000000 00000000 00000000 00000000 00000000 00000000 00000000 00000000 6cf42939 00000068 46a52e97 0000003e 00000000 00000000 00000000 00000000 00000201 00000101 00000000 00000000 00000000 00000000 00000000 00000000 00000000 00003333 00004ccd 00002667 00000001 00000000 03938700 000004f8
capture_snapshot GLI1 00010000 60000000 2500000 367 0 60000000 0 0 0 0 0 0 0 3e1708d0 0000003e 46ab2eb0 0000003e 005b8195 00000000 005b8195 00000000 0000006a 00000000 00000000 00000000 0894300d 00000000 005b81ff 00000000 00000000 00000000 00000000 00000039 008b3199 00000001 00000000 00000001 00000000 00000000 00000000 00000000 00000000 00000000 00000000 00000000 00000000 00000000 00000000 00000000 00000000 00000000 00000000 00000000 6cfe299e 00000068 46ab2ee0 0000003e 00000000 00000000 00000000 00000000 00000202 00000100 00000000 00000000 00000000 00000000 00000000 00000000 00000000 00003333 00004ccd 00002667 00000001 00000000 03938700 000004f8
capture_snapshot GLI1 00010000 60000000 2500000 368 0 60000000 0 0 0 0 0 0 0 3e1708d0 0000003e 46b12c70 0000003e 005bc17d 00000000 005bc17d 00000000 0000006a 00000000 00000000 00000000 089a2dc3 00000000 005bc1e7 00000000 00000000 00000000 00000000 00000039 008b3199 00000001 00000000 00000001 00000000 00000000 00000000 00000000 00000000 00000000 00000000 00000000 00000000 00000000 00000000 00000000 00000000 00000000 00000000 00000000 6d0825b9 00000068 46b12c96 0000003e 00000000 00000000 00000000 00000000 00000201 00000101 00000000 00000000 00000000 00000000 00000000 00000000 00000000 00003333 00004ccd 00002667 00000001 00000000 03938700 000004f8
capture_snapshot GLI1 00010000 60000000 2500000 369 0 60000000 0 0 0 0 0 0 0 3e1708d0 0000003e 46b72df0 0000003e 005c018d 00000000 005c018d 00000000 0000006a 00000000 00000000 00000000 08a02f49 00000000 005c01f7 00000000 00000000 00000000 00000000 00000039 008b3199 00000001 00000000 00000001 00000000 00000000 00000000 00000000 00000000 00000000 00000000 00000000 00000000 00000000 00000000 00000000 00000000 00000000 00000000 00000000 6d122831 00000068 46b72e1c 0000003e 00000000 00000000 00000000 00000000 00000201 00000101 00000000 00000000 00000000 00000000 00000000 00000000 00000000 00003333 00004ccd 00002667 00000001 00000000 03938700 000004f8
capture_snapshot GLI1 00010000 60000000 2500000 370 0 60000000 0 0 0 0 0 0 0 3e1708d0 0000003e 46bd2e20 0000003e 005c418f 00000000 005c418f 00000000 0000006a 00000000 00000000 00000000 08a62f6a 00000000 005c41f9 00000000 00000000 00000000 00000000 00000039 008b3199 00000001 00000000 00000001 00000000 00000000 00000000 00000000 00000000 00000000 00000000 00000000 00000000 00000000 00000000 00000000 00000000 00000000 00000000 00000000 6d1c2854 00000068 46bd2e3d 0000003e 00000000 00000000 00000000 00000000 00000201 00000101 00000000 00000000 00000000 00000000 00000000 00000000 00000000 00003333 00004ccd 00002667 00000001 00000000 03938700 000004f8
capture_snapshot GLI1 00010000 60000000 2500000 371 0 60000000 0 0 0 0 0 0 0 3e1708d0 0000003e 46c32dc0 0000003e 005c818b 00000000 005c818b 00000000 0000006a 00000000 00000000 00000000 08ac2f0e 00000000 005c81f5 00000000 00000000 00000000 00000000 00000039 008b3199 00000001 00000000 00000001 00000000 00000000 00000000 00000000 00000000 00000000 00000000 00000000 00000000 00000000 00000000 00000000 00000000 00000000 00000000 00000000 6d2627a7 00000068 46c32de1 0000003e 00000000 00000000 00000000 00000000 00000201 00000100 00000000 00000000 00000000 00000000 00000000 00000000 00000000 00003333 00004ccd 00002667 00000001 00000000 03938700 000004f8
capture_snapshot GLI1 00010000 60000000 2500000 372 0 60000000 0 0 0 0 0 0 0 3e1708d0 0000003e 46c92e20 0000003e 005cc18f 00000000 005cc18f 00000000 0000006a 00000000 00000000 00000000 08b22f70 00000000 005cc1f9 00000000 00000000 00000000 00000000 00000039 008b3199 00000001 00000000 00000001 00000000 00000000 00000000 00000000 00000000 00000000 00000000 00000000 00000000 00000000 00000000 00000000 00000000 00000000 00000000 00000000 6d302836 00000068 46c92e43 0000003e 00000000 00000000 00000000 00000000 00000201 00000101 00000000 00000000 00000000 00000000 00000000 00000000 00000000 00003333 00004ccd 00002667 00000001 00000000 03938700 000004f8
capture_snapshot GLI1 00010000 60000000 2500000 373 0 60000000 0 0 0 0 0 0 0 3e1708d0 0000003e 46cf2f28 0000003e 005d019a 00000000 005d019a 00000000 0000006a 00000000 00000000 00000000 08b83078 00000000 005d0204 00000000 00000000 00000000 00000000 00000039 008b3199 00000001 00000000 00000001 00000000 00000000 00000000 00000000 00000000 00000000 00000000 00000000 00000000 00000000 00000000 00000000 00000000 00000000 00000000 00000000 6d3a29db 00000068 46cf2f4b 0000003e 00000000 00000000 00000000 00000000 00000201 00000100 00000000 00000000 00000000 00000000 00000000 00000000 00000000 00003333 00004ccd 00002667 00000001 00000000 03938700 000004f8
capture_snapshot GLI1 00010000 60000000 2500000 374 0 60000000 0 0 0 0 0 0 0 3e1708d0 0000003e 46d52dc0 0000003e 005d418b 00000000 005d418b 00000000 0000006a 00000000 00000000 00000000 08be2f14 00000000 005d41f5 00000000 00000000 00000000 00000000 00000039 008b3199 00000001 00000000 00000001 00000000 00000000 00000000 00000000 00000000 00000000 00000000 00000000 00000000 00000000 00000000 00000000 00000000 00000000 00000000 00000000 6d442777 00000068 46d52de7 0000003e 00000000 00000000 00000000 00000000 00000201 00000101 00000000 00000000 00000000 00000000 00000000 00000000 00000000 00003333 00004ccd 00002667 00000001 00000000 03938700 000004f8
capture_snapshot GLI1 00010000 60000000 2500000 375 0 60000000 0 0 0 0 0 0 0 3e1708d0 0000003e 46db2d00 0000003e 005d8183 00000000 005d8183 00000000 0000006a 00000000 00000000 00000000 08c42e61 00000000 005d81ed 00000000 00000000 00000000 00000000 00000039 008b3199 00000001 00000000 00000001 00000000 00000000 00000000 00000000 00000000 00000000 00000000 00000000 00000000 00000000 00000000 00000000 00000000 00000000 00000000 00000000 6d4e2639 00000068 46db2d34 0000003e 00000000 00000000 00000000 00000000 00000201 00000101 00000000 00000000 00000000 00000000 00000000 00000000 00000000 00003333 00004ccd 00002667 00000001 00000000 03938700 000004f8
capture_snapshot GLI1 00010000 60000000 2500000 376 0 60000000 0 0 0 0 0 0 0 3e1708d0 0000003e 46e12e38 0000003e 005dc190 00000000 005dc190 00000000 0000006a 00000000 00000000 00000000 08ca2f86 00000000 005dc1fa 00000000 00000000 00000000 00000000 00000039 008b3199 00000001 00000000 00000001 00000000 00000000 00000000 00000000 00000000 00000000 00000000 00000000 00000000 00000000 00000000 00000000 00000000 00000000 00000000 00000000 6d58280c 00000068 46e12e59 0000003e 00000000 00000000 00000000 00000000 00000201 00000101 00000000 00000000 00000000 00000000 00000000 00000000 00000000 00003333 00004ccd 00002667 00000001 00000000 03938700 000004f8
capture_snapshot GLI1 00010000 60000000 2500000 377 0 60000000 0 0 0 0 0 0 0 3e1708d0 0000003e 46e72e98 0000003e 005e0194 00000000 005e0194 00000000 0000006a 00000000 00000000 00000000 08d02ff4 00000000 005e01fe 00000000 00000000 00000000 00000000 00000039 008b3199 00000001 00000000 00000001 00000000 00000000 00000000 00000000 00000000 00000000 00000000 00000000 00000000 00000000 00000000 00000000 00000000 00000000 00000000 00000000 6d6228b0 00000068 46e72ec7 0000003e 00000000 00000000 00000000 00000000 00000201 00000101 00000000 00000000 00000000 00000000 00000000 00000000 00000000 00003333 00004ccd 00002667 00000001 00000000 03938700 000004f8
capture_snapshot GLI1 00010000 60000000 2500000 378 0 60000000 0 0 0 0 0 0 0 3e1708d0 0000003e 46ed2da8 0000003e 005e418a 00000000 005e418a 00000000 0000006a 00000000 00000000 00000000 08d62ef6 00000000 005e41f4 00000000 00000000 00000000 00000000 00000039 008b3199 00000001 00000000 00000001 00000000 00000000 00000000 00000000 00000000 00000000 00000000 00000000 00000000 00000000 00000000 00000000 00000000 00000000 00000000 00000000 6d6c26f6 00000068 46ed2dc9 0000003e 00000000 00000000 00000000 00000000 00000201 00000101 00000000 00000000 00000000 00000000 00000000 00000000 00000000 00003333 00004ccd 00002667 00000001 00000000 03938700 000004f8
capture_snapshot GLI1 00010000 60000000 2500000 379 0 60000000 0 0 0 0 0 0 0 3e1708d0 0000003e 46f32eb0 0000003e 005e8195 00000000 005e8195 00000000 0000006a 00000000 00000000 00000000 08dc3008 00000000 005e81ff 00000000 00000000 00000000 00000000 00000039 008b3199 00000001 00000000 00000001 00000000 00000000 00000000 00000000 00000000 00000000 00000000 00000000 00000000 00000000 00000000 00000000 00000000 00000000 00000000 00000000 6d7628ab 00000068 46f32edb 0000003e 00000000 00000000 00000000 00000000 00000201 00000100 00000000 00000000 00000000 00000000 00000000 00000000 00000000 00003333 00004ccd 00002667 00000001 00000000 03938700 000004f8
capture_snapshot GLI1 00010000 60000000 2500000 380 0 60000000 0 0 0 0 0 0 0 3e1708d0 0000003e 46f930c0 0000003e 005ec1ab 00000000 005ec1ab 00000000 0000006a 00000000 00000000 00000000 08e23214 00000000 005ec215 00000000 00000000 00000000 00000000 00000039 008b3199 00000001 00000000 00000001 00000000 00000000 00000000 00000000 00000000 00000000 00000000 00000000 00000000 00000000 00000000 00000000 00000000 00000000 00000000 00000000 6d802c01 00000068 46f930e7 0000003e 00000000 00000000 00000000 00000000 00000201 00000101 00000000 00000000 00000000 00000000 00000000 00000000 00000000 00003333 00004ccd 00002667 00000001 00000000 03938700 000004f8
capture_snapshot GLI1 00010000 60000000 2500000 381 0 60000000 0 0 0 0 0 0 0 3e1708d0 0000003e 46ff2d78 0000003e 005f0188 00000000 005f0188 00000000 0000006a 00000000 00000000 00000000 08e82ec9 00000000 005f01f2 00000000 00000000 00000000 00000000 00000039 008b3199 00000001 00000000 00000001 00000000 00000000 00000000 00000000 00000000 00000000 00000000 00000000 00000000 00000000 00000000 00000000 00000000 00000000 00000000 00000000 6d8a2670 00000068 46ff2d9c 0000003e 00000000 00000000 00000000 00000000 00000201 00000101 00000000 00000000 00000000 00000000 00000000 00000000 00000000 00003333 00004ccd 00002667 00000001 00000000 03938700 000004f8
capture_snapshot GLI1 00010000 60000000 2500000 382 0 60000000 0 0 0 0 0 0 0 3e1708d0 0000003e 47052d90 0000003e 005f4189 00000000 005f4189 00000000 0000006a 00000000 00000000 00000000 08ee2ef1 00000000 005f41f3 00000000 00000000 00000000 00000000 00000039 008b3199 00000001 00000000 00000001 00000000 00000000 00000000 00000000 00000000 00000000 00000000 00000000 00000000 00000000 00000000 00000000 00000000 00000000 00000000 00000000 6d94269f 00000068 47052dc4 0000003e 00000000 00000000 00000000 00000000 00000202 00000101 00000000 00000000 00000000 00000000 00000000 00000000 00000000 00003333 00004ccd 00002667 00000001 00000000 03938700 000004f8
capture_snapshot GLI1 00010000 60000000 2500000 383 0 60000000 0 0 0 0 0 0 0 3e1708d0 0000003e 470b2df0 0000003e 005f818d 00000000 005f818d 00000000 0000006a 00000000 00000000 00000000 08f42f50 00000000 005f81f7 00000000 00000000 00000000 00000000 00000039 008b3199 00000001 00000000 00000001 00000000 00000000 00000000 00000000 00000000 00000000 00000000 00000000 00000000 00000000 00000000 00000000 00000000 00000000 00000000 00000000 6d9e2729 00000068 470b2e23 0000003e 00000000 00000000 00000000 00000000 00000201 00000101 00000000 00000000 00000000 00000000 00000000 00000000 00000000 00003333 00004ccd 00002667 00000001 00000000 03938700 000004f8
capture_snapshot GLI1 00010000 60000000 2500000 384 0 60000000 0 0 0 0 0 0 0 3e1708d0 0000003e 47112da8 0000003e 005fc18a 00000000 005fc18a 00000000 0000006a 00000000 00000000 00000000 08fa2f07 00000000 005fc1f4 00000000 00000000 00000000 00000000 00000039 008b3199 00000001 00000000 00000001 00000000 00000000 00000000 00000000 00000000 00000000 00000000 00000000 00000000 00000000 00000000 00000000 00000000 00000000 00000000 00000000 6da8269c 00000068 47112dda 0000003e 00000000 00000000 00000000 00000000 00000201 00000101 00000000 00000000 00000000 00000000 00000000 00000000 00000000 00003333 00004ccd 00002667 00000001 00000000 03938700 000004f8
capture_snapshot GLI1 00010000 60000000 2500000 385 0 60000000 0 0 0 0 0 0 0 3e1708d0 0000003e 47172e08 0000003e 0060018e 00000000 0060018e 00000000 0000006a 00000000 00000000 00000000 09002f54 00000000 006001f8 00000000 00000000 00000000 00000000 00000039 008b3199 00000001 00000000 00000001 00000000 00000000 00000000 00000000 00000000 00000000 00000000 00000000 00000000 00000000 00000000 00000000 00000000 00000000 00000000 00000000 6db22709 00000068 47172e27 0000003e 00000000 00000000 00000000 00000000 00000202 00000101 00000000 00000000 00000000 00000000 00000000 00000000 00000000 00003333 00004ccd 00002667 00000001 00000000 03938700 000004f8
capture_snapshot GLI1 00010000 60000000 2500000 386 0 60000000 0 0 0 0 0 0 0 3e1708d0 0000003e 471d2e20 0000003e 0060418f 00000000 0060418f 00000000 0000006a 00000000 00000000 00000000 09062f6a 00000000 006041f9 00000000 00000000 00000000 00000000 00000039 008b3199 00000001 00000000 00000001 00000000 00000000 00000000 00000000 00000000 00000000 00000000 00000000 00000000 00000000 00000000 00000000 00000000 00000000 00000000 00000000 6dbc271b 00000068 471d2e3d 0000003e 00000000 00000000 00000000 00000000 00000201 00000101 00000000 00000000 00000000 00000000 00000000 00000000 00000000 00003333 00004ccd 00002667 00000001 00000000 03938700 000004f8
capture_snapshot GLI1 00010000 60000000 2500000 387 0 60000000 0 0 0 0 0 0 0 3e1708d0 0000003e 47232ef8 0000003e 00608198 00000000 00608198 00000000 0000006a 00000000 00000000 00000000 090c3043 00000000 00608202 00000000 00000000 00000000 00000000 00000039 008b3199 00000001 00000000 00000001 00000000 00000000 00000000 00000000 00000000 00000000 00000000 00000000 00000000 00000000 00000000 00000000 00000000 00000000 00000000 00000000 6dc62870 00000068 47232f16 0000003e 00000000 00000000 00000000 00000000 00000201 00000101 00000000 00000000 00000000 00000000 00000000 00000000 00000000 00003333 00004ccd 00002667 00000001 00000000 03938700 000004f8
capture_snapshot GLI1 00010000 60000000 2500000 388 0 60000000 0 0 0 0 0 0 0 3e1708d0 0000003e 47292da8 0000003e 0060c18a 00000000 0060c18a 00000000 0000006a 00000000 00000000 00000000 09122ef3 00000000 0060c1f4 00000000 00000000 00000000 00000000 00000039 008b3199 00000001 00000000 00000001 00000000 00000000 00000000 00000000 00000000 00000000 00000000 00000000 00000000 00000000 00000000 00000000 00000000 00000000 00000000 00000000 6dd0262c 00000068 47292dc6 0000003e 00000000 00000000 00000000 00000000 00000201 00000101 00000000 00000000 00000000 00000000 00000000 00000000 00000000 00003333 00004ccd 00002667 00000001 00000000 03938700 000004f8
capture_snapshot GLI1 00010000 60000000 2500000 389 0 60000000 0 0 0 0 0 0 0 3e1708d0 0000003e 472f2e08 0000003e 0061018e 00000000 0061018e 00000000 0000006a 00000000 00000000 00000000 09182f68 00000000 006101f8 00000000 00000000 00000000 00000000 00000039 008b3199 00000001 00000000 00000001 00000000 00000000 00000000 00000000 00000000 00000000 00000000 00000000 00000000 00000000 00000000 00000000 00000000 00000000 00000000 00000000 6dda26dd 00000068 472f2e3b 0000003e 00000000 00000000 00000000 00000000 00000201 00000101 00000000 00000000 00000000 00000000 00000000 00000000 00000000 00003333 00004ccd 00002667 00000001 00000000 03938700 000004f8
capture_snapshot GLI1 00010000 60000000 2500000 390 0 60000000 0 0 0 0 0 0 0 3e1708d0 0000003e 47352dc0 0000003e 0061418b 00000000 0061418b 00000000 0000006a 00000000 00000000 00000000 091e2f0c 00000000 006141f5 00000000 00000000 00000000 00000000 00000039 008b3199 00000001 00000000 00000001 00000000 00000000 00000000 00000000 00000000 00000000 00000000 00000000 00000000 00000000 00000000 00000000 00000000 00000000 00000000 00000000 6de42630 00000068 47352ddf 0000003e 00000000 00000000 00000000 00000000 00000201 00000101 00000000 00000000 00000000 00000000 00000000 00000000 00000000 00003333 00004ccd 00002667 00000001 00000000 03938700 000004f8
capture_snapshot GLI1 00010000 60000000 2500000 391 0 60000000 0 0 0 0 0 0 0 3e1708d0 0000003e 473b37c8 0000003e 006181f6 00000000 006181f6 00000000 0000006a 00000000 00000000 00000000 09243915 00000000 00618260 00000000 00000000 00000000 00000000 00000039 008b3199 00000001 00000000 00000001 00000000 00000000 00000000 00000000 00000000 00000000 00000000 00000000 00000000 00000000 00000000 00000000 00000000 00000000 00000000 00000000 6dee36d5 00000068 473b37e8 0000003e 00000000 00000000 00000000 00000000 00000202 00000100 00000000 00000000 00000000 00000000 00000000 00000000 00000000 00003333 00004ccd 00002667 00000001 00000000 03938700 000004f8
capture_snapshot GLI1 00010000 60000000 2500000 392 0 60000000 0 0 0 0 0 0 0 3e1708d0 0000003e 47412d78 0000003e 0061c188 00000000 0061c188 00000000 0000006a 00000000 00000000 00000000 092a2ec8 00000000 0061c1f2 00000000 00000000 00000000 00000000 00000039 008b3199 00000001 00000000 00000001 00000000 00000000 00000000 00000000 00000000 00000000 00000000 00000000 00000000 00000000 00000000 00000000 00000000 00000000 00000000 00000000 6df82597 00000068 47412d9b 0000003e 00000000 00000000 00000000 00000000 00000201 00000100 00000000 00000000 00000000 00000000 00000000 00000000 00000000 00003333 00004ccd 00002667 00000001 00000000 03938700 000004f8
capture_snapshot GLI1 00010000 60000000 2500000 393 0 60000000 0 0 0 0 0 0 0 3e1708d0 0000003e 47472e98 0000003e 00620194 00000000 00620194 00000000 0000006a 00000000 00000000 00000000 09302fe8 00000000 006201fe 00000000 00000000 00000000 00000000 00000039 008b3199 00000001 00000000 00000001 00000000 00000000 00000000 00000000 00000000 00000000 00000000 00000000 00000000 00000000 00000000 00000000 00000000 00000000 00000000 00000000 6e022763 00000068 47472ebb 0000003e 00000000 00000000 00000000 00000000 00000202 00000101 00000000 00000000 00000000 00000000 00000000 00000000 00000000 00003333 00004ccd 00002667 00000001 00000000 03938700 000004f8
capture_snapshot GLI1 00010000 60000000 2500000 394 0 60000000 0 0 0 0 0 0 0 3e1708d0 0000003e 474d2d90 0000003e 00624189 00000000 00624189 00000000 0000006a 00000000 00000000 00000000 09362eee 00000000 006241f3 00000000 00000000 00000000 00000000 00000039 008b3199 00000001 00000000 00000001 00000000 00000000 00000000 00000000 00000000 00000000 00000000 00000000 00000000 00000000 00000000 00000000 00000000 00000000 00000000 00000000 6e0c25b0 00000068 474d2dc1 0000003e 00000000 00000000 00000000 00000000 00000201 00000101 00000000 00000000 00000000 00000000 00000000 00000000 00000000 00003333 00004ccd 00002667 00000001 00000000 03938700 000004f8
capture_snapshot GLI1 00010000 60000000 2500000 395 0 60000000 0 0 0 0 0 0 0 3e1708d0 0000003e 47532d18 0000003e 00628184 00000000 00628184 00000000 0000006a 00000000 00000000 00000000 093c2e75 00000000 006281ee 00000000 00000000 00000000 00000000 00000039 008b3199 00000001 00000000 00000001 00000000 00000000 00000000 00000000 00000000 00000000 00000000 00000000 00000000 00000000 00000000 00000000 00000000 00000000 00000000 00000000 6e1624d2 00000068 47532d48 0000003e 00000000 00000000 00000000 00000000 00000201 00000100 00000000 00000000 00000000 00000000 00000000 00000000 00000000 00003333 00004ccd 00002667 00000001 00000000 03938700 000004f8
capture_snapshot GLI1 00010000 60000000 2500000 396 0 60000000 0 0 0 0 0 0 0 3e1708d0 0000003e 47592ef8 0000003e 0062c198 00000000 0062c198 00000000 0000006a 00000000 00000000 00000000 09423054 00000000 0062c202 00000000 00000000 00000000 00000000 00000039 008b3199 00000001 00000000 00000001 00000000 00000000 00000000 00000000 00000000 00000000 00000000 00000000 00000000 00000000 00000000 00000000 00000000 00000000 00000000 00000000 6e2027dc 00000068 47592f27 0000003e 00000000 00000000 00000000 00000000 00000201 00000101 00000000 00000000 00000000 00000000 00000000 00000000 00000000 00003333 00004ccd 00002667 00000001 00000000 03938700 000004f8
capture_snapshot GLI1 00010000 60000000 2500000 397 0 60000000 0 0 0 0 0 0 0 3e1708d0 0000003e 475f2da8 0000003e 0063018a 00000000 0063018a 00000000 0000006a 00000000 00000000 00000000 09482ef9 00000000 006301f4 00000000 00000000 00000000 00000000 00000039 008b3199 00000001 00000000 00000001 00000000 00000000 00000000 00000000 00000000 00000000 00000000 00000000 00000000 00000000 00000000 00000000 00000000 00000000 00000000 00000000 6e2a2586 00000068 475f2dcc 0000003e 00000000 00000000 00000000 00000000 00000201 00000101 00000000 00000000 00000000 00000000 00000000 00000000 00000000 00003333 00004ccd 00002667 00000001 00000000 03938700 000004f8
capture_snapshot GLI1 00010000 60000000 2500000 398 0 60000000 0 0 0 0 0 0 0 3e1708d0 0000003e 47652ca0 0000003e 0063417f 00000000 0063417f 00000000 0000006a 00000000 00000000 00000000 094e2df6 00000000 006341e9 00000000 00000000 00000000 00000000 00000039 008b3199 00000001 00000000 00000001 00000000 00000000 00000000 00000000 00000000 00000000 00000000 00000000 00000000 00000000 00000000 00000000 00000000 00000000 00000000 00000000 6e3423c3 00000068 47652cc9 0000003e 00000000 00000000 00000000 00000000 00000201 00000101 00000000 00000000 00000000 00000000 00000000 00000000 00000000 00003333 00004ccd 00002667 00000001 00000000 03938700 000004f8
capture_snapshot GLI1 00010000 60000000 2500000 399 0 60000000 0 0 0 0 0 0 0 3e1708d0 0000003e 476b2d30 0000003e 00638185 00000000 00638185 00000000 0000006a 00000000 00000000 00000000 09542e7c 00000000 006381ef 00000000 00000000 00000000 00000000 00000039 008b3199 00000001 00000000 00000001 00000000 00000000 00000000 00000000 00000000 00000000 00000000 00000000 00000000 00000000 00000000 00000000 00000000 00000000 00000000 00000000 6e3e2490 00000068 476b2d4f 0000003e 00000000 00000000 00000000 00000000 00000201 00000101 00000000 00000000 00000000 00000000 00000000 00000000 00000000 00003333 00004ccd 00002667 00000001 00000000 03938700 000004f8
capture_snapshot GLI1 00010000 60000000 2500000 400 0 60000000 0 0 0 0 0 0 0 3e1708d0 0000003e 47712d78 0000003e 0063c188 00000000 0063c188 00000000 0000006a 00000000 00000000 00000000 095a2ecc 00000000 0063c1f2 00000000 00000000 00000000 00000000 00000039 008b3199 00000001 00000000 00000001 00000000 00000000 00000000 00000000 00000000 00000000 00000000 00000000 00000000 00000000 00000000 00000000 00000000 00000000 00000000 00000000 6e482502 00000068 47712d9f 0000003e 00000000 00000000 00000000 00000000 00000201 00000101 00000000 00000000 00000000 00000000 00000000 00000000 00000000 00003333 00004ccd 00002667 00000001 00000000 03938700 000004f8
capture_snapshot GLI1 00010000 60000000 2500000 401 0 60000000 0 0 0 0 0 0 0 3e1708d0 0000003e 47772e80 0000003e 00640193 00000000 00640193 00000000 0000006a 00000000 00000000 00000000 09602fe1 00000000 006401fd 00000000 00000000 00000000 00000000 00000039 008b3199 00000001 00000000 00000001 00000000 00000000 00000000 00000000 00000000 00000000 00000000 00000000 00000000 00000000 00000000 00000000 00000000 00000000 00000000 00000000 6e5226bb 00000068 47772eb4 0000003e 00000000 00000000 00000000 00000000 00000201 00000101 00000000 00000000 00000000 00000000 00000000 00000000 00000000 00003333 00004ccd 00002667 00000001 00000000 03938700 000004f8
capture_snapshot GLI1 00010000 60000000 2500000 402 0 60000000 0 0 0 0 0 0 0 3e1708d0 0000003e 477d2f10 0000003e 00644199 00000000 00644199 00000000 0000006a 00000000 00000000 00000000 09663061 00000000 00644203 00000000 00000000 00000000 00000000 00000039 008b3199 00000001 00000000 00000001 00000000 00000000 00000000 00000000 00000000 00000000 00000000 00000000 00000000 00000000 00000000 00000000 00000000 00000000 00000000 00000000 6e5c277d 00000068 477d2f34 0000003e 00000000 00000000 00000000 00000000 00000201 00000101 00000000 00000000 00000000 00000000 00000000 00000000 00000000 00003333 00004ccd 00002667 00000001 00000000 03938700 000004f8
capture_snapshot GLI1 00010000 60000000 2500000 403 0 60000000 0 0 0 0 0 0 0 3e1708d0 0000003e 47833030 0000003e 006481a5 00000000 006481a5 00000000 0000006a 00000000 00000000 00000000 096c3183 00000000 0064820f 00000000 00000000 00000000 00000000 00000039 008b3199 00000001 00000000 00000001 00000000 00000000 00000000 00000000 00000000 00000000 00000000 00000000 00000000 00000000 00000000 00000000 00000000 00000000 00000000 00000000 6e66294d 00000068 47833056 0000003e 00000000 00000000 00000000 00000000 00000201 00000101 00000000 00000000 00000000 00000000 00000000 00000000 00000000 00003333 00004ccd 00002667 00000001 00000000 03938700 000004f8
capture_snapshot GLI1 00010000 60000000 2500000 404 0 60000000 0 0 0 0 0 0 0 3e1708d0 0000003e 47892e80 0000003e 0064c193 00000000 0064c193 00000000 0000006a 00000000 00000000 00000000 09722fdb 00000000 0064c1fd 00000000 00000000 00000000 00000000 00000039 008b3199 00000001 00000000 00000001 00000000 00000000 00000000 00000000 00000000 00000000 00000000 00000000 00000000 00000000 00000000 00000000 00000000 00000000 00000000 00000000 6e702676 00000068 47892eae 0000003e 00000000 00000000 00000000 00000000 00000202 00000101 00000000 00000000 00000000 00000000 00000000 00000000 00000000 00003333 00004ccd 00002667 00000001 00000000 03938700 000004f8
capture_snapshot GLI1 00010000 60000000 2500000 405 0 60000000 0 0 0 0 0 0 0 3e1708d0 0000003e 478f2e38 0000003e 00650190 00000000 00650190 00000000 0000006a 00000000 00000000 00000000 09782f87 00000000 006501fa 00000000 00000000 00000000 00000000 00000039 008b3199 00000001 00000000 00000001 00000000 00000000 00000000 00000000 00000000 00000000 00000000 00000000 00000000 00000000 00000000 00000000 00000000 00000000 00000000 00000000 6e7a25d6 00000068 478f2e5a 0000003e 00000000 00000000 00000000 00000000 00000201 00000101 00000000 00000000 00000000 00000000 00000000 00000000 00000000 00003333 00004ccd 00002667 00000001 00000000 03938700 000004f8
capture_snapshot GLI1 00010000 60000000 2500000 406 0 60000000 0 0 0 0 0 0 0 3e1708d0 0000003e 47952dd8 0000003e 0065418c 00000000 0065418c 00000000 0000006a 00000000 00000000 00000000 097e2f29 00000000 006541f6 00000000 00000000 00000000 00000000 00000039 008b3199 00000001 00000000 00000001 00000000 00000000 00000000 00000000 00000000 00000000 00000000 00000000 00000000 00000000 00000000 00000000 00000000 00000000 00000000 00000000 6e842526 00000068 47952dfc 0000003e 00000000 00000000 00000000 00000000 00000201 00000101 00000000 00000000 00000000 00000000 00000000 00000000 00000000 00003333 00004ccd 00002667 00000001 00000000 03938700 000004f8
capture_snapshot GLI1 00010000 60000000 2500000 407 0 60000000 0 0 0 0 0 0 0 3e1708d0 0000003e 479b2ec8 0000003e 00658196 00000000 00658196 00000000 0000006a 00000000 00000000 00000000 0984301d 00000000 00658200 00000000 00000000 00000000 00000000 00000039 008b3199 00000001 00000000 00000001 00000000 00000000 00000000 00000000 00000000 00000000 00000000 00000000 00000000 00000000 00000000 00000000 00000000 00000000 00000000 00000000 6e8e26aa 00000068 479b2ef0 0000003e 00000000 00000000 00000000 00000000 00000201 00000101 00000000 00000000 00000000 00000000 00000000 00000000 00000000 00003333 00004ccd 00002667 00000001 00000000 03938700 000004f8
capture_snapshot GLI1 00010000 60000000 2500000 408 0 60000000 0 0 0 0 0 0 0 3e1708d0 0000003e 47a12d18 0000003e 0065c184 00000000 0065c184 00000000 0000006a 00000000 00000000 00000000 098a2e62 00000000 0065c1ee 00000000 00000000 00000000 00000000 00000039 008b3199 00000001 00000000 00000001 00000000 00000000 00000000 00000000 00000000 00000000 00000000 00000000 00000000 00000000 00000000 00000000 00000000 00000000 00000000 00000000 6e9823b4 00000068 47a12d35 0000003e 00000000 00000000 00000000 00000000 00000201 00000101 00000000 00000000 00000000 00000000 00000000 00000000 00000000 00003333 00004ccd 00002667 00000001 00000000 03938700 000004f8
capture_snapshot GLI1 00010000 60000000 2500000 409 0 60000000 0 0 0 0 0 0 0 3e1708d0 0000003e 47a72da8 0000003e 0066018a 00000000 0066018a 00000000 0000006a 00000000 00000000 00000000 09902f03 00000000 006601f4 00000000 00000000 00000000 00000000 00000039 008b3199 00000001 00000000 00000001 00000000 00000000 00000000 00000000 00000000 00000000 00000000 00000000 00000000 00000000 00000000 00000000 00000000 00000000 00000000 00000000 6ea224ad 00000068 47a72dd6 0000003e 00000000 00000000 00000000 00000000 00000201 00000101 00000000 00000000 00000000 00000000 00000000 00000000 00000000 00003333 00004ccd 00002667 00000001 00000000 03938700 000004f8
capture_snapshot GLI1 00010000 60000000 2500000 410 0 60000000 0 0 0 0 0 0 0 3e1708d0 0000003e 47ad2e68 0000003e 00664192 00000000 00664192 00000000 0000006a 00000000 00000000 00000000 09962fbf 00000000 006641fc 00000000 00000000 00000000 00000000 00000039 008b3199 00000001 00000000 00000001 00000000 00000000 00000000 00000000 00000000 00000000 00000000 00000000 00000000 00000000 00000000 00000000 00000000 00000000 00000000 00000000 6eac25d2 00000068 47ad2e92 0000003e 00000000 00000000 00000000 00000000 00000202 00000100 00000000 00000000 00000000 00000000 00000000 00000000 00000000 00003333 00004ccd 00002667 00000001 00000000 03938700 000004f8
capture_snapshot GLI1 00010000 60000000 2500000 411 0 60000000 0 0 0 0 0 0 0 3e1708d0 0000003e 47b32df0 0000003e 0066818d 00000000 0066818d 00000000 0000006a 00000000 00000000 00000000 099c2f4e 00000000 006681f7 00000000 00000000 00000000 00000000 00000039 008b3199 00000001 00000000 00000001 00000000 00000000 00000000 00000000 00000000 00000000 00000000 00000000 00000000 00000000 00000000 00000000 00000000 00000000 00000000 00000000 6eb62503 00000068 47b32e21 0000003e 00000000 00000000 00000000 00000000 00000201 00000101 00000000 00000000 00000000 00000000 00000000 00000000 00000000 00003333 00004ccd 00002667 00000001 00000000 03938700 000004f8
capture_snapshot GLI1 00010000 60000000 2500000 412 0 60000000 0 0 0 0 0 0 0 3e1708d0 0000003e 47b92e08 0000003e 0066c18e 00000000 0066c18e 00000000 0000006a 00000000 00000000 00000000 09a22f58 00000000 0066c1f8 00000000 00000000 00000000 00000000 00000039 008b3199 00000001 00000000 00000001 00000000 00000000 00000000 00000000 00000000 00000000 00000000 00000000 00000000 00000000 00000000 00000000 00000000 00000000 00000000 00000000 6ec02500 00000068 47b92e2b 0000003e 00000000 00000000 00000000 00000000 00000201 00000101 00000000 00000000 00000000 00000000 00000000 00000000 00000000 00003333 00004ccd 00002667 00000001 00000000 03938700 000004f8
capture_snapshot GLI1 00010000 60000000 2500000 413 0 60000000 0 0 0 0 0 0 0 3e1708d0 0000003e 47bf2dd8 0000003e 0067018c 00000000 0067018c 00000000 0000006a 00000000 00000000 00000000 09a82f39 00000000 006701f6 00000000 00000000 00000000 00000000 00000039 008b3199 00000001 00000000 00000001 00000000 00000000 00000000 00000000 00000000 00000000 00000000 00000000 00000000 00000000 00000000 00000000 00000000 00000000 00000000 00000000 6eca24b9 00000068 47bf2e0c 0000003e 00000000 00000000 00000000 00000000 00000201 00000101 00000000 00000000 00000000 00000000 00000000 00000000 00000000 00003333 00004ccd 00002667 00000001 00000000 03938700 000004f8
capture_snapshot GLI1 00010000 60000000 2500000 414 0 60000000 0 0 0 0 0 0 0 3e1708d0 0000003e 47c52d30 0000003e 00674185 00000000 00674185 00000000 0000006a 00000000 00000000 00000000 09ae2e80 00000000 006741ef 00000000 00000000 00000000 00000000 00000039 008b3199 00000001 00000000 00000001 00000000 00000000 00000000 00000000 00000000 00000000 00000000 00000000 00000000 00000000 00000000 00000000 00000000 00000000 00000000 00000000 6ed42371 00000068 47c52d53 0000003e 00000000 00000000 00000000 00000000 00000201 00000101 00000000 00000000 00000000 00000000 00000000 00000000 00000000 00003333 00004ccd 00002667 00000001 00000000 03938700 000004f8
capture_snapshot GLI1 00010000 60000000 2500000 415 0 60000000 0 0 0 0 0 0 0 3e1708d0 0000003e 47cb2e50 0000003e 00678191 00000000 00678191 00000000 0000006a 00000000 00000000 00000000 09b42f9b 00000000 006781fb 00000000 00000000 00000000 00000000 00000039 008b3199 00000001 00000000 00000001 00000000 00000000 00000000 00000000 00000000 00000000 00000000 00000000 00000000 00000000 00000000 00000000 00000000 00000000 00000000 00000000 6ede2535 00000068 47cb2e6e 0000003e 00000000 00000000 00000000 00000000 00000201 00000101 00000000 00000000 00000000 00000000 00000000 00000000 00000000 00003333 00004ccd 00002667 00000001 00000000 03938700 000004f8
capture_snapshot GLI1 00010000 60000000 2500000 416 0 60000000 0 0 0 0 0 0 0 3e1708d0 0000003e 47d13cd8 0000003e 0067c22c 00000000 0067c22c 00000000 0000006a 00000000 00000000 00000000 09ba3e33 00000000 0067c296 00000000 00000000 00000000 00000000 00000039 008b3199 00000001 00000000 00000001 00000000 00000000 00000000 00000000 00000000 00000000 00000000 00000000 00000000 00000000 00000000 00000000 00000000 00000000 00000000 00000000 6ee83d73 00000068 47d13d06 0000003e 00000000 00000000 00000000 00000000 00000202 00000101 00000000 00000000 00000000 00000000 00000000 00000000 00000000 00003333 00004ccd 00002667 00000001 00000000 03938700 000004f8
capture_snapshot GLI1 00010000 60000000 2500000 417 0 60000000 0 0 0 0 0 0 0 3e1708d0 0000003e 47d73108 0000003e 006801ae 00000000 006801ae 00000000 0000006a 00000000 00000000 00000000 09c0325a 00000000 00680218 00000000 00000000 00000000 00000000 00000039 008b3199 00000001 00000000 00000001 00000000 00000000 00000000 00000000 00000000 00000000 00000000 00000000 00000000 00000000 00000000 00000000 00000000 00000000 00000000 00000000 6ef229a1 00000068 47d7312d 0000003e 00000000 00000000 00000000 00000000 00000201 00000101 00000000 00000000 00000000 00000000 00000000 00000000 00000000 00003333 00004ccd 00002667 00000001 00000000 03938700 000004f8
capture_snapshot GLI1 00010000 60000000 2500000 418 0 60000000 0 0 0 0 0 0 0 3e1708d0 0000003e 47dd5058 0000003e 006842fc 00000000 006842fc 00000000 0000006a 00000000 00000000 00000000 09c651b2 00000000 00684366 00000000 00000000 00000000 00000000 00000039 008b3199 00000001 00000000 00000001 00000000 00000000 00000000 00000000 00000000 00000000 00000000 00000000 00000000 00000000 00000000 00000000 00000000 00000000 00000000 00000000 6efc5dca 00000068 47dd5085 0000003e 00000000 00000000 00000000 00000000 00000201 00000100 00000000 00000000 00000000 00000000 00000000 00000000 00000000 00003333 00004ccd 00002667 00000001 00000000 03938700 000004f8
capture_snapshot GLI1 00010000 60000000 2500000 419 0 60000000 0 0 0 0 0 0 0 3e1708d0 0000003e 47e34ff8 0000003e 006882f8 00000000 006882f8 00000000 0000006a 00000000 00000000 00000000 09cc5159 00000000 00688362 00000000 00000000 00000000 00000000 00000039 008b3199 00000001 00000000 00000001 00000000 00000000 00000000 00000000 00000000 00000000 00000000 00000000 00000000 00000000 00000000 00000000 00000000 00000000 00000000 00000000 6f065d22 00000068 47e3502c 0000003e 00000000 00000000 00000000 00000000 00000202 00000101 00000000 00000000 00000000 00000000 00000000 00000000 00000000 00003333 00004ccd 00002667 00000001 00000000 03938700 000004f8
capture_snapshot GLI1 00010000 60000000 2500000 420 0 60000000 0 0 0 0 0 0 0 3e1708d0 0000003e 47e96918 0000003e 0068c404 00000000 0068c404 00000000 0000006a 00000000 00000000 00000000 09d26a74 00000000 0068c46e 00000000 00000000 00000000 00000000 00000039 008b3199 00000001 00000000 00000001 00000000 00000000 00000000 00000000 00000000 00000000 00000000 00000000 00000000 00000000 00000000 00000000 00000000 00000000 00000000 00000000 6f1086e6 00000068 47e96947 0000003e 00000000 00000000 00000000 00000000 00000201 00000101 00000000 00000000 00000000 00000000 00000000 00000000 00000000 00003333 00004ccd 00002667 00000001 00000000 03938700 000004f8
capture_snapshot GLI1 00010000 60000000 2500000 421 0 60000000 0 0 0 0 0 0 0 3e1708d0 0000003e 47ef5430 0000003e 00690325 00000000 00690325 00000000 0000006a 00000000 00000000 00000000 09d8558f 00000000 0069038f 00000000 00000000 00000000 00000000 00000039 008b3199 00000001 00000000 00000001 00000000 00000000 00000000 00000000 00000000 00000000 00000000 00000000 00000000 00000000 00000000 00000000 00000000 00000000 00000000 00000000 6f1a63ff 00000068 47ef5462 0000003e 00000000 00000000 00000000 00000000 00000201 00000101 00000000 00000000 00000000 00000000 00000000 00000000 00000000 00003333 00004ccd 00002667 00000001 00000000 03938700 000004f8
capture_snapshot GLI1 00010000 60000000 2500000 422 0 60000000 0 0 0 0 0 0 0 3e1708d0 0000003e 47f55328 0000003e 0069431a 00000000 0069431a 00000000 0000006a 00000000 00000000 00000000 09de5481 00000000 00694384 00000000 00000000 00000000 00000000 00000039 008b3199 00000001 00000000 00000001 00000000 00000000 00000000 00000000 00000000 00000000 00000000 00000000 00000000 00000000 00000000 00000000 00000000 00000000 00000000 00000000 6f24622b 00000068 47f55354 0000003e 00000000 00000000 00000000 00000000 00000201 00000101 00000000 00000000 00000000 00000000 00000000 00000000 00000000 00003333 00004ccd 00002667 00000001 00000000 03938700 000004f8
capture_snapshot GLI1 00010000 60000000 2500000 423 0 60000000 0 0 0 0 0 0 0 3e1708d0 0000003e 47fb50d0 0000003e 00698301 00000000 00698301 00000000 0000006a 00000000 00000000 00000000 09e45222 00000000 0069836b 00000000 00000000 00000000 00000000 00000039 008b3199 00000001 00000000 00000001 00000000 00000000 00000000 00000000 00000000 00000000 00000000 00000000 00000000 00000000 00000000 00000000 00000000 00000000 00000000 00000000 6f2e5e23 00000068 47fb50f5 0000003e 00000000 00000000 00000000 00000000 00000201 00000100 00000000 00000000 00000000 00000000 00000000 00000000 00000000 00003333 00004ccd 00002667 00000001 00000000 03938700 000004f8
capture_snapshot GLI1 00010000 60000000 2500000 424 0 60000000 0 0 0 0 0 0 0 3e1708d0 0000003e 48014cf8 0000003e 0069c2d8 00000000 0069c2d8 00000000 0000006a 00000000 00000000 00000000 09ea4e46 00000000 0069c342 00000000 00000000 00000000 00000000 00000039 008b3199 00000001 00000000 00000001 00000000 00000000 00000000 00000000 00000000 00000000 00000000 00000000 00000000 00000000 00000000 00000000 00000000 00000000 00000000 00000000 6f3857a0 00000068 48014d19 0000003e 00000000 00000000 00000000 00000000 00000201 00000101 00000000 00000000 00000000 00000000 00000000 00000000 00000000 00003333 00004ccd 00002667 00000001 00000000 03938700 000004f8
capture_snapshot GLI1 00010000 60000000 2500000 425 0 60000000 0 0 0 0 0 0 0 3e1708d0 0000003e 480751c0 0000003e 006a030b 00000000 006a030b 00000000 0000006a 00000000 00000000 00000000 09f0531b 00000000 006a0375 00000000 00000000 00000000 00000000 00000039 008b3199 00000001 00000000 00000001 00000000 00000000 00000000 00000000 00000000 00000000 00000000 00000000 00000000 00000000 00000000 00000000 00000000 00000000 00000000 00000000 6f425f9b 00000068 480751ee 0000003e 00000000 00000000 00000000 00000000 00000201 00000101 00000000 00000000 00000000 00000000 00000000 00000000 00000000 00003333 00004ccd 00002667 00000001 00000000 03938700 000004f8
capture_snapshot GLI1 00010000 60000000 2500000 426 0 60000000 0 0 0 0 0 0 0 3e1708d0 0000003e 480d53e8 0000003e 006a4322 00000000 006a4322 00000000 0000006a 00000000 00000000 00000000 09f65540 00000000 006a438c 00000000 00000000 00000000 00000000 00000039 008b3199 00000001 00000000 00000001 00000000 00000000 00000000 00000000 00000000 00000000 00000000 00000000 00000000 00000000 00000000 00000000 00000000 00000000 00000000 00000000 6f4c631a 00000068 480d5413 0000003e 00000000 00000000 00000000 00000000 00000201 00000100 00000000 00000000 00000000 00000000 00000000 00000000 00000000 00003333 00004ccd 00002667 00000001 00000000 03938700 000004f8
capture_snapshot GLI1 00010000 60000000 2500000 427 0 60000000 0 0 0 0 0 0 0 3e1708d0 0000003e 481357c0 0000003e 006a834b 00000000 006a834b 00000000 0000006a 00000000 00000000 00000000 09fc5916 00000000 006a83b5 00000000 00000000 00000000 00000000 00000039 008b3199 00000001 00000000 00000001 00000000 00000000 00000000 00000000 00000000 00000000 00000000 00000000 00000000 00000000 00000000 00000000 00000000 00000000 00000000 00000000 6f56696b 00000068 481357e9 0000003e 00000000 00000000 00000000 00000000 00000201 00000101 00000000 00000000 00000000 00000000 00000000 00000000 00000000 00003333 00004ccd 00002667 00000001 00000000 03938700 000004f8
capture_snapshot GLI1 00010000 60000000 2500000 428 0 60000000 0 0 0 0 0 0 0 3e1708d0 0000003e 48195700 0000003e 006ac343 00000000 006ac343 00000000 0000006a 00000000 00000000 00000000 0a025859 00000000 006ac3ad 00000000 00000000 00000000 00000000 00000039 008b3199 00000001 00000000 00000001 00000000 00000000 00000000 00000000 00000000 00000000 00000000 00000000 00000000 00000000 00000000 00000000 00000000 00000000 00000000 00000000 6f60681d 00000068 4819572c 0000003e 00000000 00000000 00000000 00000000 00000201 00000101 00000000 00000000 00000000 00000000 00000000 00000000 00000000 00003333 00004ccd 00002667 00000001 00000000 03938700 000004f8
capture_snapshot GLI1 00010000 60000000 2500000 429 0 60000000 0 0 0 0 0 0 0 3e1708d0 0000003e 481f5670 0000003e 006b033d 00000000 006b033d 00000000 0000006a 00000000 00000000 00000000 0a0857c4 00000000 006b03a7 00000000 00000000 00000000 00000000 00000039 008b3199 00000001 00000000 00000001 00000000 00000000 00000000 00000000 00000000 00000000 00000000 00000000 00000000 00000000 00000000 00000000 00000000 00000000 00000000 00000000 6f6a6710 00000068 481f5697 0000003e 00000000 00000000 00000000 00000000 00000201 00000101 00000000 00000000 00000000 00000000 00000000 00000000 00000000 00003333 00004ccd 00002667 00000001 00000000 03938700 000004f8
capture_snapshot GLI1 00010000 60000000 2500000 430 0 60000000 0 0 0 0 0 0 0 3e1708d0 0000003e 48255508 0000003e 006b432e 00000000 006b432e 00000000 0000006a 00000000 00000000 00000000 0a0e5659 00000000 006b4398 00000000 00000000 00000000 00000000 00000039 008b3199 00000001 00000000 00000001 00000000 00000000 00000000 00000000 00000000 00000000 00000000 00000000 00000000 00000000 00000000 00000000 00000000 00000000 00000000 00000000 6f7464a0 00000068 4825552c 0000003e 00000000 00000000 00000000 00000000 00000201 00000101 00000000 00000000 00000000 00000000 00000000 00000000 00000000 00003333 00004ccd 00002667 00000001 00000000 03938700 000004f8
capture_snapshot GLI1 00010000 60000000 2500000 431 0 60000000 0 0 0 0 0 0 0 3e1708d0 0000003e 482b5be0 0000003e 006b8377 00000000 006b8377 00000000 0000006a 00000000 00000000 00000000 0a145d38 00000000 006b83e1 00000000 00000000 00000000 00000000 00000039 008b3199 00000001 00000000 00000001 00000000 00000000 00000000 00000000 00000000 00000000 00000000 00000000 00000000 00000000 00000000 00000000 00000000 00000000 00000000 00000000 6f7e7000 00000068 482b5c0b 0000003e 00000000 00000000 00000000 00000000 00000201 00000100 00000000 00000000 00000000 00000000 00000000 00000000 00000000 00003333 00004ccd 00002667 00000001 00000000 03938700 000004f8
capture_snapshot GLI1 00010000 60000000 2500000 432 0 60000000 0 0 0 0 0 0 0 3e1708d0 0000003e 48315940 0000003e 006bc35b 00000000 006bc35b 00000000 0000006a 00000000 00000000 00000000 0a1a5a92 00000000 006bc3c5 00000000 00000000 00000000 00000000 00000039 008b3199 00000001 00000000 00000001 00000000 00000000 00000000 00000000 00000000 00000000 00000000 00000000 00000000 00000000 00000000 00000000 00000000 00000000 00000000 00000000 6f886b83 00000068 48315965 0000003e 00000000 00000000 00000000 00000000 00000201 00000101 00000000 00000000 00000000 00000000 00000000 00000000 00000000 00003333 00004ccd 00002667 00000001 00000000 03938700 000004f8
capture_snapshot GLI1 00010000 60000000 2500000 433 0 60000000 0 0 0 0 0 0 0 3e1708d0 0000003e 483755f8 0000003e 006c0338 00000000 006c0338 00000000 0000006a 00000000 00000000 00000000 0a205756 00000000 006c03a2 00000000 00000000 00000000 00000000 00000039 008b3199 00000001 00000000 00000001 00000000 00000000 00000000 00000000 00000000 00000000 00000000 00000000 00000000 00000000 00000000 00000000 00000000 00000000 00000000 00000000 6f92660a 00000068 48375629 0000003e 00000000 00000000 00000000 00000000 00000201 00000101 00000000 00000000 00000000 00000000 00000000 00000000 00000000 00003333 00004ccd 00002667 00000001 00000000 03938700 000004f8
capture_snapshot GLI1 00010000 60000000 2500000 434 0 60000000 0 0 0 0 0 0 0 3e1708d0 0000003e 483d51f0 0000003e 006c430d 00000000 006c430c 00000000 0000006a 00000000 00000000 00000000 0a26533a 00000000 006c4377 00000000 00000000 00000000 00000000 0000003b 008b3199 00000001 00000001 00000001 00000000 00000000 00000000 00000000 00000000 00000000 00000000 00000000 00000000 00000000 00000000 00000000 00000000 00000000 00000000 00000000 6f9c5f1e 00000068 483d520d 0000003e 00000000 00000000 00000000 00000000 00000202 00000100 00000000 00000000 00000000 00000000 00000000 00000000 00000000 00003333 00004ccd 00002667 00000001 00000000 03938700 000004f8
capture_snapshot GLI1 00010000 60000000 2500000 435 0 60000000 0 0 0 0 0 0 0 3e1708d0 0000003e 48435748 0000003e 006c8346 00000000 006c8346 00000000 0000006a 00000000 00000000 00000000 0a2c5895 00000000 006c83b0 00000000 00000000 00000000 00000000 00000039 008b3199 00000001 00000000 00000001 00000000 00000000 00000000 00000000 00000000 00000000 00000000 00000000 00000000 00000000 00000000 00000000 00000000 00000000 00000000 00000000 6fa667f8 00000068 48435768 0000003e 00000000 00000000 00000000 00000000 00000201 00000101 00000000 00000000 00000000 00000000 00000000 00000000 00000000 00003333 00004ccd 00002667 00000001 00000000 03938700 000004f8
capture_snapshot GLI1 00010000 60000000 2500000 436 0 60000000 0 0 0 0 0 0 0 3e1708d0 0000003e 48495d30 0000003e 006cc385 00000000 006cc385 00000000 0000006a 00000000 00000000 00000000 0a325e89 00000000 006cc3ef 00000000 00000000 00000000 00000000 00000039 008b3199 00000001 00000000 00000001 00000000 00000000 00000000 00000000 00000000 00000000 00000000 00000000 00000000 00000000 00000000 00000000 00000000 00000000 00000000 00000000 6fb071d0 00000068 48495d5c 0000003e 00000000 00000000 00000000 00000000 00000201 00000101 00000000 00000000 00000000 00000000 00000000 00000000 00000000 00003333 00004ccd 00002667 00000001 00000000 03938700 000004f8
capture_snapshot GLI1 00010000 60000000 2500000 437 0 60000000 0 0 0 0 0 0 0 3e1708d0 0000003e 484f5568 0000003e 006d0332 00000000 006d0332 00000000 0000006a 00000000 00000000 00000000 0a3856bb 00000000 006d039c 00000000 00000000 00000000 00000000 00000039 008b3199 00000001 00000000 00000001 00000000 00000000 00000000 00000000 00000000 00000000 00000000 00000000 00000000 00000000 00000000 00000000 00000000 00000000 00000000 00000000 6fba64bb 00000068 484f558e 0000003e 00000000 00000000 00000000 00000000 00000201 00000101 00000000 00000000 00000000 00000000 00000000 00000000 00000000 00003333 00004ccd 00002667 00000001 00000000 03938700 000004f8
capture_snapshot GLI1 00010000 60000000 2500000 438 0 60000000 0 0 0 0 0 0 0 3e1708d0 0000003e 485559a0 0000003e 006d435f 00000000 006d435f 00000000 0000006a 00000000 00000000 00000000 0a3e5af7 00000000 006d43c9 00000000 00000000 00000000 00000000 00000039 008b3199 00000001 00000000 00000001 00000000 00000000 00000000 00000000 00000000 00000000 00000000 00000000 00000000 00000000 00000000 00000000 00000000 00000000 00000000 00000000 6fc46bb5 00000068 485559ca 0000003e 00000000 00000000 00000000 00000000 00000202 00000100 00000000 00000000 00000000 00000000 00000000 00000000 00000000 00003333 00004ccd 00002667 00000001 00000000 03938700 000004f8
capture_snapshot GLI1 00010000 60000000 2500000 439 0 60000000 0 0 0 0 0 0 0 3e1708d0 0000003e 485b5460 0000003e 006d8327 00000000 006d8327 00000000 0000006a 00000000 00000000 00000000 0a4455c1 00000000 006d8391 00000000 00000000 00000000 00000000 00000039 008b3199 00000001 00000000 00000001 00000000 00000000 00000000 00000000 00000000 00000000 00000000 00000000 00000000 00000000 00000000 00000000 00000000 00000000 00000000 00000000 6fce62f2 00000068 485b5494 0000003e 00000000 00000000 00000000 00000000 00000201 00000101 00000000 00000000 00000000 00000000 00000000 00000000 00000000 00003333 00004ccd 00002667 00000001 00000000 03938700 000004f8
capture_snapshot GLI1 00010000 60000000 2500000 440 0 60000000 0 0 0 0 0 0 0 3e1708d0 0000003e 48615508 0000003e 006dc32e 00000000 006dc32e 00000000 0000006a 00000000 00000000 00000000 0a4a5668 00000000 006dc398 00000000 00000000 00000000 00000000 00000039 008b3199 00000001 00000000 00000001 00000000 00000000 00000000 00000000 00000000 00000000 00000000 00000000 00000000 00000000 00000000 00000000 00000000 00000000 00000000 00000000 6fd863f6 00000068 4861553b 0000003e 00000000 00000000 00000000 00000000 00000201 00000101 00000000 00000000 00000000 00000000 00000000 00000000 00000000 00003333 00004ccd 00002667 00000001 00000000 03938700 000004f8
capture_snapshot GLI1 00010000 60000000 2500000 441 0 60000000 0 0 0 0 0 0 0 3e1708d0 0000003e 48675c40 0000003e 006e037b 00000000 006e037b 00000000 0000006a 00000000 00000000 00000000 0a505d9e 00000000 006e03e5 00000000 00000000 00000000 00000000 00000039 008b3199 00000001 00000000 00000001 00000000 00000000 00000000 00000000 00000000 00000000 00000000 00000000 00000000 00000000 00000000 00000000 00000000 00000000 00000000 00000000 6fe26fe7 00000068 48675c71 0000003e 00000000 00000000 00000000 00000000 00000201 00000101 00000000 00000000 00000000 00000000 00000000 00000000 00000000 00003333 00004ccd 00002667 00000001 00000000 03938700 000004f8
capture_snapshot GLI1 00010000 60000000 2500000 442 0 60000000 0 0 0 0 0 0 0 3e1708d0 0000003e 486d5c58 0000003e 006e437c 00000000 006e437c 00000000 0000006a 00000000 00000000 00000000 0a565da5 00000000 006e43e6 00000000 00000000 00000000 00000000 00000039 008b3199 00000001 00000000 00000001 00000000 00000000 00000000 00000000 00000000 00000000 00000000 00000000 00000000 00000000 00000000 00000000 00000000 00000000 00000000 00000000 6fec6fde 00000068 486d5c78 0000003e 00000000 00000000 00000000 00000000 00000202 00000100 00000000 00000000 00000000 00000000 00000000 00000000 00000000 00003333 00004ccd 00002667 00000001 00000000 03938700 000004f8
capture_snapshot GLI1 00010000 60000000 2500000 443 0 60000000 0 0 0 0 0 0 0 3e1708d0 0000003e 48734d28 0000003e 006e82da 00000000 006e82da 00000000 0000006a 00000000 00000000 00000000 0a5c4e89 00000000 006e8344 00000000 00000000 00000000 00000000 00000039 008b3199 00000001 00000000 00000001 00000000 00000000 00000000 00000000 00000000 00000000 00000000 00000000 00000000 00000000 00000000 00000000 00000000 00000000 00000000 00000000 6ff6569d 00000068 48734d5c 0000003e 00000000 00000000 00000000 00000000 00000201 00000101 00000000 00000000 00000000 00000000 00000000 00000000 00000000 00003333 00004ccd 00002667 00000001 00000000 03938700 000004f8
capture_snapshot GLI1 00010000 60000000 2500000 444 0 60000000 0 0 0 0 0 0 0 3e1708d0 0000003e 48795460 0000003e 006ec327 00000000 006ec327 00000000 0000006a 00000000 00000000 00000000 0a6255af 00000000 006ec391 00000000 00000000 00000000 00000000 00000039 008b3199 00000001 00000000 00000001 00000000 00000000 00000000 00000000 00000000 00000000 00000000 00000000 00000000 00000000 00000000 00000000 00000000 00000000 00000000 00000000 70006272 00000068 48795482 0000003e 00000000 00000000 00000000 00000000 00000201 00000101 00000000 00000000 00000000 00000000 00000000 00000000 00000000 00003333 00004ccd 00002667 00000001 00000000 03938700 000004f8
capture_snapshot GLI1 00010000 60000000 2500000 445 0 60000000 0 0 0 0 0 0 0 3e1708d0 0000003e 487f5640 0000003e 006f033b 00000000 006f033b 00000000 0000006a 00000000 00000000 00000000 0a685794 00000000 006f03a5 00000000 00000000 00000000 00000000 00000039 008b3199 00000001 00000000 00000001 00000000 00000000 00000000 00000000 00000000 00000000 00000000 00000000 00000000 00000000 00000000 00000000 00000000 00000000 00000000 00000000 700a6587 00000068 487f5667 0000003e 00000000 00000000 00000000 00000000 00000202 00000101 00000000 00000000 00000000 00000000 00000000 00000000 00000000 00003333 00004ccd 00002667 00000001 00000000 03938700 000004f8
capture_snapshot GLI1 00010000 60000000 2500000 446 0 60000000 0 0 0 0 0 0 0 3e1708d0 0000003e 48855448 0000003e 006f4326 00000000 006f4326 00000000 0000006a 00000000 00000000 00000000 0a6e55a6 00000000 006f4390 00000000 00000000 00000000 00000000 00000039 008b3199 00000001 00000000 00000001 00000000 00000000 00000000 00000000 00000000 00000000 00000000 00000000 00000000 00000000 00000000 00000000 00000000 00000000 00000000 00000000 7014623d 00000068 48855479 0000003e 00000000 00000000 00000000 00000000 00000201 00000101 00000000 00000000 00000000 00000000 00000000 00000000 00000000 00003333 00004ccd 00002667 00000001 00000000 03938700 000004f8
capture_snapshot GLI1 00010000 60000000 2500000 447 0 60000000 0 0 0 0 0 0 0 3e1708d0 0000003e 488b55e0 0000003e 006f8337 00000000 006f8337 00000000 0000006a 00000000 00000000 00000000 0a745738 00000000 006f83a1 00000000 00000000 00000000 00000000 00000039 008b3199 00000001 00000000 00000001 00000000 00000000 00000000 00000000 00000000 00000000 00000000 00000000 00000000 00000000 00000000 00000000 00000000 00000000 00000000 00000000 701e64c6 00000068 488b560b 0000003e 00000000 00000000 00000000 00000000 00000201 00000101 00000000 00000000 00000000 00000000 00000000 00000000 00000000 00003333 00004ccd 00002667 00000001 00000000 03938700 000004f8
capture_snapshot GLI1 00010000 60000000 2500000 448 0 60000000 0 0 0 0 0 0 0 3e1708d0 0000003e 48915310 0000003e 006fc319 00000000 006fc319 00000000 0000006a 00000000 00000000 00000000 0a7a5460 00000000 006fc383 00000000 00000000 00000000 00000000 00000039 008b3199 00000001 00000000 00000001 00000000 00000000 00000000 00000000 00000000 00000000 00000000 00000000 00000000 00000000 00000000 00000000 00000000 00000000 00000000 00000000 70285ff6 00000068 48915333 0000003e 00000000 00000000 00000000 00000000 00000201 00000100 00000000 00000000 00000000 00000000 00000000 00000000 00000000 00003333 00004ccd 00002667 00000001 00000000 03938700 000004f8
capture_snapshot GLI1 00010000 60000000 2500000 449 0 60000000 0 0 0 0 0 0 0 3e1708d0 0000003e 489759e8 0000003e 00700362 00000000 00700362 00000000 0000006a 00000000 00000000 00000000 0a805b40 00000000 007003cc 00000000 00000000 00000000 00000000 00000039 008b3199 00000001 00000000 00000001 00000000 00000000 00000000 00000000 00000000 00000000 00000000 00000000 00000000 00000000 00000000 00000000 00000000 00000000 00000000 00000000 70326b58 00000068 48975a13 0000003e 00000000 00000000 00000000 00000000 00000201 00000101 00000000 00000000 00000000 00000000 00000000 00000000 00000000 00003333 00004ccd 00002667 00000001 00000000 03938700 000004f8
capture_snapshot GLI1 00010000 60000000 2500000 450 0 60000000 0 0 0 0 0 0 0 3e1708d0 0000003e 489d5658 0000003e 0070433c 00000000 0070433c 00000000 0000006a 00000000 00000000 00000000 0a8657b4 00000000 007043a6 00000000 00000000 00000000 00000000 00000039 008b3199 00000001 00000000 00000001 00000000 00000000 00000000 00000000 00000000 00000000 00000000 00000000 00000000 00000000 00000000 00000000 00000000 00000000 00000000 00000000 703c655a 00000068 489d5687 0000003e 00000000 00000000 00000000 00000000 00000201 00000101 00000000 00000000 00000000 00000000 00000000 00000000 00000000 00003333 00004ccd 00002667 00000001 00000000 03938700 000004f8
capture_snapshot GLI1 00010000 60000000 2500000 451 0 60000000 0 0 0 0 0 0 0 3e1708d0 0000003e 48a35538 0000003e 00708330 00000000 00708330 00000000 0000006a 00000000 00000000 00000000 0a8c5693 00000000 0070839a 00000000 00000000 00000000 00000000 00000039 008b3199 00000001 00000000 00000001 00000000 00000000 00000000 00000000 00000000 00000000 00000000 00000000 00000000 00000000 00000000 00000000 00000000 00000000 00000000 00000000 70466366 00000068 48a35566 0000003e 00000000 00000000 00000000 00000000 00000201 00000101 00000000 00000000 00000000 00000000 00000000 00000000 00000000 00003333 00004ccd 00002667 00000001 00000000 03938700 000004f8
capture_snapshot GLI1 00010000 60000000 2500000 452 0 60000000 0 0 0 0 0 0 0 3e1708d0 0000003e 48a97338 0000003e 0070c470 00000000 0070c470 00000000 0000006a 00000000 00000000 00000000 0a927491 00000000 0070c4da 00000000 00000000 00000000 00000000 00000039 008b3199 00000001 00000000 00000001 00000000 00000000 00000000 00000000 00000000 00000000 00000000 00000000 00000000 00000000 00000000 00000000 00000000 00000000 00000000 00000000 7050954f 00000068 48a97364 0000003e 00000000 00000000 00000000 00000000 00000201 00000101 00000000 00000000 00000000 00000000 00000000 00000000 00000000 00003333 00004ccd 00002667 00000001 00000000 03938700 000004f8
capture_snapshot GLI1 00010000 60000000 2500000 453 0 60000000 0 0 0 0 0 0 0 3e1708d0 0000003e 48af55b0 0000003e 00710335 00000000 00710335 00000000 0000006a 00000000 00000000 00000000 0a985710 00000000 0071039f 00000000 00000000 00000000 00000000 00000039 008b3199 00000001 00000000 00000001 00000000 00000000 00000000 00000000 00000000 00000000 00000000 00000000 00000000 00000000 00000000 00000000 00000000 00000000 00000000 00000000 705a640f 00000068 48af55e3 0000003e 00000000 00000000 00000000 00000000 00000201 00000101 00000000 00000000 00000000 00000000 00000000 00000000 00000000 00003333 00004ccd 00002667 00000001 00000000 03938700 000004f8
capture_snapshot GLI1 00010000 60000000 2500000 454 0 60000000 0 0 0 0 0 0 0 3e1708d0 0000003e 48b55508 0000003e 0071432e 00000000 0071432e 00000000 0000006a 00000000 00000000 00000000 0a9e5667 00000000 00714398 00000000 00000000 00000000 00000000 00000039 008b3199 00000001 00000000 00000001 00000000 00000000 00000000 00000000 00000000 00000000 00000000 00000000 00000000 00000000 00000000 00000000 00000000 00000000 00000000 00000000 706462e2 00000068 48b5553a 0000003e 00000000 00000000 00000000 00000000 00000201 00000101 00000000 00000000 00000000 00000000 00000000 00000000 00000000 00003333 00004ccd 00002667 00000001 00000000 03938700 000004f8
capture_snapshot GLI1 00010000 60000000 2500000 455 0 60000000 0 0 0 0 0 0 0 3e1708d0 0000003e 48bb5c88 0000003e 0071837e 00000000 0071837e 00000000 0000006a 00000000 00000000 00000000 0aa45de0 00000000 007183e8 00000000 00000000 00000000 00000000 00000039 008b3199 00000001 00000000 00000001 00000000 00000000 00000000 00000000 00000000 00000000 00000000 00000000 00000000 00000000 00000000 00000000 00000000 00000000 00000000 00000000 706e6f43 00000068 48bb5cb3 0000003e 00000000 00000000 00000000 00000000 00000201 00000101 00000000 00000000 00000000 00000000 00000000 00000000 00000000 00003333 00004ccd 00002667 00000001 00000000 03938700 000004f8
capture_snapshot GLI1 00010000 60000000 2500000 456 0 60000000 0 0 0 0 0 0 0 3e1708d0 0000003e 48c158b0 0000003e 0071c355 00000000 0071c355 00000000 0000006a 00000000 00000000 00000000 0aaa59fe 00000000 0071c3bf 00000000 00000000 00000000 00000000 00000039 008b3199 00000001 00000000 00000001 00000000 00000000 00000000 00000000 00000000 00000000 00000000 00000000 00000000 00000000 00000000 00000000 00000000 00000000 00000000 00000000 707868b6 00000068 48c158d1 0000003e 00000000 00000000 00000000 00000000 00000201 00000100 00000000 00000000 00000000 00000000 00000000 00000000 00000000 00003333 00004ccd 00002667 00000001 00000000 03938700 000004f8
capture_snapshot GLI1 00010000 60000000 2500000 457 0 60000000 0 0 0 0 0 0 0 3e1708d0 0000003e 48c755c8 0000003e 00720336 00000000 00720336 00000000 0000006a 00000000 00000000 00000000 0ab05726 00000000 007203a0 00000000 00000000 00000000 00000000 00000039 008b3199 00000001 00000000 00000001 00000000 00000000 00000000 00000000 00000000 00000000 00000000 00000000 00000000 00000000 00000000 00000000 00000000 00000000 00000000 00000000 708263e4 00000068 48c755f9 0000003e 00000000 00000000 00000000 00000000 00000201 00000101 00000000 00000000 00000000 00000000 00000000 00000000 00000000 00003333 00004ccd 00002667 00000001 00000000 03938700 000004f8
capture_snapshot GLI1 00010000 60000000 2500000 458 0 60000000 0 0 0 0 0 0 0 3e1708d0 0000003e 48cd55c8 0000003e 00724336 00000000 00724336 00000000 0000006a 00000000 00000000 00000000 0ab65729 00000000 007243a0 00000000 00000000 00000000 00000000 00000039 008b3199 00000001 00000000 00000001 00000000 00000000 00000000 00000000 00000000 00000000 00000000 00000000 00000000 00000000 00000000 00000000 00000000 00000000 00000000 00000000 708c63d7 00000068 48cd55fc 0000003e 00000000 00000000 00000000 00000000 00000201 00000101 00000000 00000000 00000000 00000000 00000000 00000000 00000000 00003333 00004ccd 00002667 00000001 00000000 03938700 000004f8
capture_snapshot GLI1 00010000 60000000 2500000 459 0 60000000 0 0 0 0 0 0 0 3e1708d0 0000003e 48d35658 0000003e 0072833c 00000000 0072833c 00000000 0000006a 00000000 00000000 00000000 0abc57b3 00000000 007283a6 00000000 00000000 00000000 00000000 00000039 008b3199 00000001 00000000 00000001 00000000 00000000 00000000 00000000 00000000 00000000 00000000 00000000 00000000 00000000 00000000 00000000 00000000 00000000 00000000 00000000 709664a8 00000068 48d35686 0000003e 00000000 00000000 00000000 00000000 00000201 00000101 00000000 00000000 00000000 00000000 00000000 00000000 00000000 00003333 00004ccd 00002667 00000001 00000000 03938700 000004f8
capture_snapshot GLI1 00010000 60000000 2500000 460 0 60000000 0 0 0 0 0 0 0 3e1708d0 0000003e 48d959b8 0000003e 0072c360 00000000 0072c360 00000000 0000006a 00000000 00000000 00000000 0ac25b13 00000000 0072c3ca 00000000 00000000 00000000 00000000 00000039 008b3199 00000001 00000000 00000001 00000000 00000000 00000000 00000000 00000000 00000000 00000000 00000000 00000000 00000000 00000000 00000000 00000000 00000000 00000000 00000000 70a06a36 00000068 48d959e6 0000003e 00000000 00000000 00000000 00000000 00000201 00000101 00000000 00000000 00000000 00000000 00000000 00000000 00000000 00003333 00004ccd 00002667 00000001 00000000 03938700 000004f8
capture_snapshot GLI1 00010000 60000000 2500000 461 0 60000000 0 0 0 0 0 0 0 3e1708d0 0000003e 48df57f0 0000003e 0073034d 00000000 0073034d 00000000 0000006a 00000000 00000000 00000000 0ac85941 00000000 007303b7 00000000 00000000 00000000 00000000 00000039 008b3199 00000001 00000000 00000001 00000000 00000000 00000000 00000000 00000000 00000000 00000000 00000000 00000000 00000000 00000000 00000000 00000000 00000000 00000000 00000000 70aa6719 00000068 48df5814 0000003e 00000000 00000000 00000000 00000000 00000201 00000101 00000000 00000000 00000000 00000000 00000000 00000000 00000000 00003333 00004ccd 00002667 00000001 00000000 03938700 000004f8
capture_snapshot GLI1 00010000 60000000 2500000 462 0 60000000 0 0 0 0 0 0 0 3e1708d0 0000003e 48e55c10 0000003e 00734379 00000000 00734379 00000000 0000006a 00000000 00000000 00000000 0ace5d68 00000000 007343e3 00000000 00000000 00000000 00000000 00000039 008b3199 00000001 00000000 00000001 00000000 00000000 00000000 00000000 00000000 00000000 00000000 00000000 00000000 00000000 00000000 00000000 00000000 00000000 00000000 00000000 70b46df1 00000068 48e55c3b 0000003e 00000000 00000000 00000000 00000000 00000201 00000100 00000000 00000000 00000000 00000000 00000000 00000000 00000000 00003333 00004ccd 00002667 00000001 00000000 03938700 000004f8
capture_snapshot GLI1 00010000 60000000 2500000 463 0 60000000 0 0 0 0 0 0 0 3e1708d0 0000003e 48eb5178 0000003e 00738308 00000000 00738308 00000000 0000006a 00000000 00000000 00000000 0ad452d1 00000000 00738372 00000000 00000000 00000000 00000000 00000039 008b3199 00000001 00000000 00000001 00000000 00000000 00000000 00000000 00000000 00000000 00000000 00000000 00000000 00000000 00000000 00000000 00000000 00000000 00000000 00000000 70be5c37 00000068 48eb51a4 0000003e 00000000 00000000 00000000 00000000 00000202 00000101 00000000 00000000 00000000 00000000 00000000 00000000 00000000 00003333 00004ccd 00002667 00000001 00000000 03938700 000004f8
capture_snapshot GLI1 00010000 60000000 2500000 464 0 60000000 0 0 0 0 0 0 0 3e1708d0 0000003e 48f15820 0000003e 0073c34f 00000000 0073c34f 00000000 0000006a 00000000 00000000 00000000 0ada597c 00000000 0073c3b9 00000000 00000000 00000000 00000000 00000039 008b3199 00000001 00000000 00000001 00000000 00000000 00000000 00000000 00000000 00000000 00000000 00000000 00000000 00000000 00000000 00000000 00000000 00000000 00000000 00000000 70c86741 00000068 48f1584f 0000003e 00000000 00000000 00000000 00000000 00000201 00000101 00000000 00000000 00000000 00000000 00000000 00000000 00000000 00003333 00004ccd 00002667 00000001 00000000 03938700 000004f8
capture_snapshot GLI1 00010000 60000000 2500000 465 0 60000000 0 0 0 0 0 0 0 3e1708d0 0000003e 48f758c8 0000003e 00740356 00000000 00740356 00000000 0000006a 00000000 00000000 00000000 0ae05a1f 00000000 007403c0 00000000 00000000 00000000 00000000 00000039 008b3199 00000001 00000000 00000001 00000000 00000000 00000000 00000000 00000000 00000000 00000000 00000000 00000000 00000000 00000000 00000000 00000000 00000000 00000000 00000000 70d2683c 00000068 48f758f2 0000003e 00000000 00000000 00000000 00000000 00000201 00000101 00000000 00000000 00000000 00000000 00000000 00000000 00000000 00003333 00004ccd 00002667 00000001 00000000 03938700 000004f8
capture_snapshot GLI1 00010000 60000000 2500000 466 0 60000000 0 0 0 0 0 0 0 3e1708d0 0000003e 48fd5400 0000003e 00744323 00000000 00744323 00000000 0000006a 00000000 00000000 00000000 0ae6555b 00000000 0074438d 00000000 00000000 00000000 00000000 00000039 008b3199 00000001 00000000 00000001 00000000 00000000 00000000 00000000 00000000 00000000 00000000 00000000 00000000 00000000 00000000 00000000 00000000 00000000 00000000 00000000 70dc6037 00000068 48fd542e 0000003e 00000000 00000000 00000000 00000000 00000201 00000101 00000000 00000000 00000000 00000000 00000000 00000000 00000000 00003333 00004ccd 00002667 00000001 00000000 03938700 000004f8
capture_snapshot GLI1 00010000 60000000 2500000 467 0 60000000 0 0 0 0 0 0 0 3e1708d0 0000003e 49035568 0000003e 00748332 00000000 00748332 00000000 0000006a 00000000 00000000 00000000 0aec56b3 00000000 0074839c 00000000 00000000 00000000 00000000 00000039 008b3199 00000001 00000000 00000001 00000000 00000000 00000000 00000000 00000000 00000000 00000000 00000000 00000000 00000000 00000000 00000000 00000000 00000000 00000000 00000000 70e66262 00000068 49035586 0000003e 00000000 00000000 00000000 00000000 00000201 00000101 00000000 00000000 00000000 00000000 00000000 00000000 00000000 00003333 00004ccd 00002667 00000001 00000000 03938700 000004f8
capture_snapshot GLI1 00010000 60000000 2500000 468 0 60000000 0 0 0 0 0 0 0 3e1708d0 0000003e 490953e8 0000003e 0074c322 00000000 0074c322 00000000 0000006a 00000000 00000000 00000000 0af25545 00000000 0074c38c 00000000 00000000 00000000 00000000 00000039 008b3199 00000001 00000000 00000001 00000000 00000000 00000000 00000000 00000000 00000000 00000000 00000000 00000000 00000000 00000000 00000000 00000000 00000000 00000000 00000000 70f05fec 00000068 49095418 0000003e 00000000 00000000 00000000 00000000 00000201 00000100 00000000 00000000 00000000 00000000 00000000 00000000 00000000 00003333 00004ccd 00002667 00000001 00000000 03938700 000004f8
capture_snapshot GLI1 00010000 60000000 2500000 469 0 60000000 0 0 0 0 0 0 0 3e1708d0 0000003e 490f5dd8 0000003e 0075038c 00000000 0075038c 00000000 0000006a 00000000 00000000 00000000 0af85f32 00000000 007503f6 00000000 00000000 00000000 00000000 00000039 008b3199 00000001 00000000 00000001 00000000 00000000 00000000 00000000 00000000 00000000 00000000 00000000 00000000 00000000 00000000 00000000 00000000 00000000 00000000 00000000 70fa7063 00000068 490f5e05 0000003e 00000000 00000000 00000000 00000000 00000202 00000100 00000000 00000000 00000000 00000000 00000000 00000000 00000000 00003333 00004ccd 00002667 00000001 00000000 03938700 000004f8
capture_snapshot GLI1 00010000 60000000 2500000 470 0 60000000 0 0 0 0 0 0 0 3e1708d0 0000003e 49155730 0000003e 00754345 00000000 00754345 00000000 0000006a 00000000 00000000 00000000 0afe588f 00000000 007543af 00000000 00000000 00000000 00000000 00000039 008b3199 00000001 00000000 00000001 00000000 00000000 00000000 00000000 00000000 00000000 00000000 00000000 00000000 00000000 00000000 00000000 00000000 00000000 00000000 00000000 71046540 00000068 49155762 0000003e 00000000 00000000 00000000 00000000 00000202 00000100 00000000 00000000 00000000 00000000 00000000 00000000 00000000 00003333 00004ccd 00002667 00000001 00000000 03938700 000004f8
capture_snapshot GLI1 00010000 60000000 2500000 471 0 60000000 0 0 0 0 0 0 0 3e1708d0 0000003e 491b5610 0000003e 00758339 00000000 00758339 00000000 0000006a 00000000 00000000 00000000 0b045769 00000000 007583a3 00000000 00000000 00000000 00000000 00000039 008b3199 00000001 00000000 00000001 00000000 00000000 00000000 00000000 00000000 00000000 00000000 00000000 00000000 00000000 00000000 00000000 00000000 00000000 00000000 00000000 710e6343 00000068 491b563c 0000003e 00000000 00000000 00000000 00000000 00000201 00000101 00000000 00000000 00000000 00000000 00000000 00000000 00000000 00003333 00004ccd 00002667 00000001 00000000 03938700 000004f8
capture_snapshot GLI1 00010000 60000000 2500000 472 0 60000000 0 0 0 0 0 0 0 3e1708d0 0000003e 492151a8 0000003e 0075c30a 00000000 0075c30a 00000000 0000006a 00000000 00000000 00000000 0b0a52f8 00000000 0075c374 00000000 00000000 00000000 00000000 00000039 008b3199 00000001 00000000 00000001 00000000 00000000 00000000 00000000 00000000 00000000 00000000 00000000 00000000 00000000 00000000 00000000 00000000 00000000 00000000 00000000 71185bc8 00000068 492151cb 0000003e 00000000 00000000 00000000 00000000 00000201 00000100 00000000 00000000 00000000 00000000 00000000 00000000 00000000 00003333 00004ccd 00002667 00000001 00000000 03938700 000004f8
capture_snapshot GLI1 00010000 60000000 2500000 473 0 60000000 0 0 0 0 0 0 0 3e1708d0 0000003e 49275640 0000003e 0076033b 00000000 0076033b 00000000 0000006a 00000000 00000000 00000000 0b10578c 00000000 007603a5 00000000 00000000 00000000 00000000 00000039 008b3199 00000001 00000000 00000001 00000000 00000000 00000000 00000000 00000000 00000000 00000000 00000000 00000000 00000000 00000000 00000000 00000000 00000000 00000000 00000000 71226356 00000068 4927565f 0000003e 00000000 00000000 00000000 00000000 00000201 00000101 00000000 00000000 00000000 00000000 00000000 00000000 00000000 00003333 00004ccd 00002667 00000001 00000000 03938700 000004f8
capture_snapshot GLI1 00010000 60000000 2500000 474 0 60000000 0 0 0 0 0 0 0 3e1708d0 0000003e 492d5d60 0000003e 00764387 00000000 00764387 00000000 0000006a 00000000 00000000 00000000 0b165ebb 00000000 007643f1 00000000 00000000 00000000 00000000 00000039 008b3199 00000001 00000000 00000001 00000000 00000000 00000000 00000000 00000000 00000000 00000000 00000000 00000000 00000000 00000000 00000000 00000000 00000000 00000000 00000000 712c6f3a 00000068 492d5d8e 0000003e 00000000 00000000 00000000 00000000 00000201 00000101 00000000 00000000 00000000 00000000 00000000 00000000 00000000 00003333 00004ccd 00002667 00000001 00000000 03938700 000004f8
capture_snapshot GLI1 00010000 60000000 2500000 475 0 60000000 0 0 0 0 0 0 0 3e1708d0 0000003e 49335370 0000003e 0076831d 00000000 0076831d 00000000 0000006a 00000000 00000000 00000000 0b1c54c0 00000000 00768387 00000000 00000000 00000000 00000000 00000039 008b3199 00000001 00000000 00000001 00000000 00000000 00000000 00000000 00000000 00000000 00000000 00000000 00000000 00000000 00000000 00000000 00000000 00000000 00000000 00000000 71365e85 00000068 49335393 0000003e 00000000 00000000 00000000 00000000 00000202 00000101 00000000 00000000 00000000 00000000 00000000 00000000 00000000 00003333 00004ccd 00002667 00000001 00000000 03938700 000004f8
capture_snapshot GLI1 00010000 60000000 2500000 476 0 60000000 0 0 0 0 0 0 0 3e1708d0 0000003e 49395700 0000003e 0076c343 00000000 0076c343 00000000 0000006a 00000000 00000000 00000000 0b225856 00000000 0076c3ad 00000000 00000000 00000000 00000000 00000039 008b3199 00000001 00000000 00000001 00000000 00000000 00000000 00000000 00000000 00000000 00000000 00000000 00000000 00000000 00000000 00000000 00000000 00000000 00000000 00000000 7140646c 00000068 49395729 0000003e 00000000 00000000 00000000 00000000 00000201 00000101 00000000 00000000 00000000 00000000 00000000 00000000 00000000 00003333 00004ccd 00002667 00000001 00000000 03938700 000004f8
capture_snapshot GLI1 00010000 60000000 2500000 477 0 60000000 0 0 0 0 0 0 0 3e1708d0 0000003e 493f5358 0000003e 0077031c 00000000 0077031c 00000000 0000006a 00000000 00000000 00000000 0b2854b1 00000000 00770386 00000000 00000000 00000000 00000000 00000039 008b3199 00000001 00000000 00000001 00000000 00000000 00000000 00000000 00000000 00000000 00000000 00000000 00000000 00000000 00000000 00000000 00000000 00000000 00000000 00000000 714a5e46 00000068 493f5384 0000003e 00000000 00000000 00000000 00000000 00000201 00000101 00000000 00000000 00000000 00000000 00000000 00000000 00000000 00003333 00004ccd 00002667 00000001 00000000 03938700 000004f8
capture_snapshot GLI1 00010000 60000000 2500000 478 0 60000000 0 0 0 0 0 0 0 3e1708d0 0000003e 49455160 0000003e 00774307 00000000 00774307 00000000 0000006a 00000000 00000000 00000000 0b2e52b8 00000000 00774371 00000000 00000000 00000000 00000000 00000039 008b3199 00000001 00000000 00000001 00000000 00000000 00000000 00000000 00000000 00000000 00000000 00000000 00000000 00000000 00000000 00000000 00000000 00000000 00000000 00000000 71545ae7 00000068 4945518b 0000003e 00000000 00000000 00000000 00000000 00000201 00000101 00000000 00000000 00000000 00000000 00000000 00000000 00000000 00003333 00004ccd 00002667 00000001 00000000 03938700 000004f8
capture_snapshot GLI1 00010000 60000000 2500000 479 0 60000000 0 0 0 0 0 0 0 3e1708d0 0000003e 494b5af0 0000003e 0077836d 00000000 0077836d 00000000 0000006a 00000000 00000000 00000000 0b345c44 00000000 007783d7 00000000 00000000 00000000 00000000 00000039 008b3199 00000001 00000000 00000001 00000000 00000000 00000000 00000000 00000000 00000000 00000000 00000000 00000000 00000000 00000000 00000000 00000000 00000000 00000000 00000000 715e6abe 00000068 494b5b17 0000003e 00000000 00000000 00000000 00000000 00000201 00000101 00000000 00000000 00000000 00000000 00000000 00000000 00000000 00003333 00004ccd 00002667 00000001 00000000 03938700 000004f8
capture_snapshot GLI1 00010000 60000000 2500000 480 0 60000000 0 0 0 0 0 0 0 3e1708d0 0000003e 495154d8 0000003e 0077c32c 00000000 0077c32c 00000000 0000006a 00000000 00000000 00000000 0b3a5628 00000000 0077c396 00000000 00000000 00000000 00000000 00000039 008b3199 00000001 00000000 00000001 00000000 00000000 00000000 00000000 00000000 00000000 00000000 00000000 00000000 00000000 00000000 00000000 00000000 00000000 00000000 00000000 7168607c 00000068 495154fb 0000003e 00000000 00000000 00000000 00000000 00000201 00000101 00000000 00000000 00000000 00000000 00000000 00000000 00000000 00003333 00004ccd 00002667 00000001 00000000 03938700 000004f8
capture_snapshot GLI1 00010000 60000000 2500000 481 0 60000000 0 0 0 0 0 0 0 3e1708d0 0000003e 49577230 0000003e 00780465 00000000 00780465 00000000 0000006a 00000000 00000000 00000000 0b407388 00000000 007804cf 00000000 00000000 00000000 00000000 00000039 008b3199 00000001 00000000 00000001 00000000 00000000 00000000 00000000 00000000 00000000 00000000 00000000 00000000 00000000 00000000 00000000 00000000 00000000 00000000 00000000 7172915c 00000068 4957725b 0000003e 00000000 00000000 00000000 00000000 00000201 00000101 00000000 00000000 00000000 00000000 00000000 00000000 00000000 00003333 00004ccd 00002667 00000001 00000000 03938700 000004f8
capture_snapshot GLI1 00010000 60000000 2500000 482 0 60000000 0 0 0 0 0 0 0 3e1708d0 0000003e 495d5508 0000003e 0078432e 00000000 0078432e 00000000 0000006a 00000000 00000000 00000000 0b465654 00000000 00784398 00000000 00000000 00000000 00000000 00000039 008b3199 00000001 00000000 00000001 00000000 00000000 00000000 00000000 00000000 00000000 00000000 00000000 00000000 00000000 00000000 00000000 00000000 00000000 00000000 00000000 717c609e 00000068 495d5527 0000003e 00000000 00000000 00000000 00000000 00000201 00000101 00000000 00000000 00000000 00000000 00000000 00000000 00000000 00003333 00004ccd 00002667 00000001 00000000 03938700 000004f8
capture_snapshot GLI1 00010000 60000000 2500000 483 0 60000000 0 0 0 0 0 0 0 3e1708d0 0000003e 49635508 0000003e 0078832e 00000000 0078832e 00000000 0000006a 00000000 00000000 00000000 0b4c565c 00000000 00788398 00000000 00000000 00000000 00000000 00000039 008b3199 00000001 00000000 00000001 00000000 00000000 00000000 00000000 00000000 00000000 00000000 00000000 00000000 00000000 00000000 00000000 00000000 00000000 00000000 00000000 71866098 00000068 4963552f 0000003e 00000000 00000000 00000000 00000000 00000201 00000101 00000000 00000000 00000000 00000000 00000000 00000000 00000000 00003333 00004ccd 00002667 00000001 00000000 03938700 000004f8
capture_snapshot GLI1 00010000 60000000 2500000 484 0 60000000 0 0 0 0 0 0 0 3e1708d0 0000003e 49695700 0000003e 0078c343 00000000 0078c343 00000000 0000006a 00000000 00000000 00000000 0b52585c 00000000 0078c3ad 00000000 00000000 00000000 00000000 00000039 008b3199 00000001 00000000 00000001 00000000 00000000 00000000 00000000 00000000 00000000 00000000 00000000 00000000 00000000 00000000 00000000 00000000 00000000 00000000 00000000 719063da 00000068 4969572f 0000003e 00000000 00000000 00000000 00000000 00000201 00000101 00000000 00000000 00000000 00000000 00000000 00000000 00000000 00003333 00004ccd 00002667 00000001 00000000 03938700 000004f8
capture_snapshot GLI1 00010000 60000000 2500000 485 0 60000000 0 0 0 0 0 0 0 3e1708d0 0000003e 496f59a0 0000003e 0079035f 00000000 0079035f 00000000 0000006a 00000000 00000000 00000000 0b585aef 00000000 007903c9 00000000 00000000 00000000 00000000 00000039 008b3199 00000001 00000000 00000001 00000000 00000000 00000000 00000000 00000000 00000000 00000000 00000000 00000000 00000000 00000000 00000000 00000000 00000000 00000000 00000000 719a6810 00000068 496f59c2 0000003e 00000000 00000000 00000000 00000000 00000201 00000101 00000000 00000000 00000000 00000000 00000000 00000000 00000000 00003333 00004ccd 00002667 00000001 00000000 03938700 000004f8
capture_snapshot GLI1 00010000 60000000 2500000 486 0 60000000 0 0 0 0 0 0 0 3e1708d0 0000003e 49755160 0000003e 00794307 00000000 00794307 00000000 0000006a 00000000 00000000 00000000 0b5e52bf 00000000 00794371 00000000 00000000 00000000 00000000 00000039 008b3199 00000001 00000000 00000001 00000000 00000000 00000000 00000000 00000000 00000000 00000000 00000000 00000000 00000000 00000000 00000000 00000000 00000000 00000000 00000000 71a45a57 00000068 49755192 0000003e 00000000 00000000 00000000 00000000 00000201 00000100 00000000 00000000 00000000 00000000 00000000 00000000 00000000 00003333 00004ccd 00002667 00000001 00000000 03938700 000004f8
capture_snapshot GLI1 00010000 60000000 2500000 487 0 60000000 0 0 0 0 0 0 0 3e1708d0 0000003e 497b5538 0000003e 00798330 00000000 00798330 00000000 0000006a 00000000 00000000 00000000 0b64568b 00000000 0079839a 00000000 00000000 00000000 00000000 00000039 008b3199 00000001 00000000 00000001 00000000 00000000 00000000 00000000 00000000 00000000 00000000 00000000 00000000 00000000 00000000 00000000 00000000 00000000 00000000 00000000 71ae6097 00000068 497b555e 0000003e 00000000 00000000 00000000 00000000 00000202 00000101 00000000 00000000 00000000 00000000 00000000 00000000 00000000 00003333 00004ccd 00002667 00000001 00000000 03938700 000004f8
capture_snapshot GLI1 00010000 60000000 2500000 488 0 60000000 0 0 0 0 0 0 0 3e1708d0 0000003e 49815d30 0000003e 0079c385 00000000 0079c385 00000000 0000006a 00000000 00000000 00000000 0b6a5e83 00000000 0079c3ef 00000000 00000000 00000000 00000000 00000039 008b3199 00000001 00000000 00000001 00000000 00000000 00000000 00000000 00000000 00000000 00000000 00000000 00000000 00000000 00000000 00000000 00000000 00000000 00000000 00000000 71b86dcc 00000068 49815d56 0000003e 00000000 00000000 00000000 00000000 00000201 00000101 00000000 00000000 00000000 00000000 00000000 00000000 00000000 00003333 00004ccd 00002667 00000001 00000000 03938700 000004f8
capture_snapshot GLI1 00010000 60000000 2500000 489 0 60000000 0 0 0 0 0 0 0 3e1708d0 0000003e 49875838 0000003e 007a0350 00000000 007a0350 00000000 0000006a 00000000 00000000 00000000 0b705993 00000000 007a03ba 00000000 00000000 00000000 00000000 00000039 008b3199 00000001 00000000 00000001 00000000 00000000 00000000 00000000 00000000 00000000 00000000 00000000 00000000 00000000 00000000 00000000 00000000 00000000 00000000 00000000 71c2657e 00000068 49875866 0000003e 00000000 00000000 00000000 00000000 00000201 00000101 00000000 00000000 00000000 00000000 00000000 00000000 00000000 00003333 00004ccd 00002667 00000001 00000000 03938700 000004f8
capture_snapshot GLI1 00010000 60000000 2500000 490 0 60000000 0 0 0 0 0 0 0 3e1708d0 0000003e 498d55f8 0000003e 007a4338 00000000 007a4338 00000000 0000006a 00000000 00000000 00000000 0b765743 00000000 007a43a2 00000000 00000000 00000000 00000000 00000039 008b3199 00000001 00000000 00000001 00000000 00000000 00000000 00000000 00000000 00000000 00000000 00000000 00000000 00000000 00000000 00000000 00000000 00000000 00000000 00000000 71cc618f 00000068 498d5616 0000003e 00000000 00000000 00000000 00000000 00000202 00000101 00000000 00000000 00000000 00000000 00000000 00000000 00000000 00003333 00004ccd 00002667 00000001 00000000 03938700 000004f8
capture_snapshot GLI1 00010000 60000000 2500000 491 0 60000000 0 0 0 0 0 0 0 3e1708d0 0000003e 49935568 0000003e 007a8332 00000000 007a8332 00000000 0000006a 00000000 00000000 00000000 0b7c56bb 00000000 007a839c 00000000 00000000 00000000 00000000 00000039 008b3199 00000001 00000000 00000001 00000000 00000000 00000000 00000000 00000000 00000000 00000000 00000000 00000000 00000000 00000000 00000000 00000000 00000000 00000000 00000000 71d66098 00000068 4993558e 0000003e 00000000 00000000 00000000 00000000 00000201 00000101 00000000 00000000 00000000 00000000 00000000 00000000 00000000 00003333 00004ccd 00002667 00000001 00000000 03938700 000004f8
capture_snapshot GLI1 00010000 60000000 2500000 492 0 60000000 0 0 0 0 0 0 0 3e1708d0 0000003e 49995d48 0000003e 007ac386 00000000 007ac386 00000000 0000006a 00000000 00000000 00000000 0b825e99 00000000 007ac3f0 00000000 00000000 00000000 00000000 00000039 008b3199 00000001 00000000 00000001 00000000 00000000 00000000 00000000 00000000 00000000 00000000 00000000 00000000 00000000 00000000 00000000 00000000 00000000 00000000 00000000 71e06da3 00000068 49995d6c 0000003e 00000000 00000000 00000000 00000000 00000201 00000101 00000000 00000000 00000000 00000000 00000000 00000000 00000000 00003333 00004ccd 00002667 00000001 00000000 03938700 000004f8
capture_snapshot GLI1 00010000 60000000 2500000 493 0 60000000 0 0 0 0 0 0 0 3e1708d0 0000003e 499f5640 0000003e 007b033b 00000000 007b033b 00000000 0000006a 00000000 00000000 00000000 0b88578b 00000000 007b03a5 00000000 00000000 00000000 00000000 00000039 008b3199 00000001 00000000 00000001 00000000 00000000 00000000 00000000 00000000 00000000 00000000 00000000 00000000 00000000 00000000 00000000 00000000 00000000 00000000 00000000 71ea61cd 00000068 499f565e 0000003e 00000000 00000000 00000000 00000000 00000201 00000101 00000000 00000000 00000000 00000000 00000000 00000000 00000000 00003333 00004ccd 00002667 00000001 00000000 03938700 000004f8
capture_snapshot GLI1 00010000 60000000 2500000 494 0 60000000 0 0 0 0 0 0 0 3e1708d0 0000003e 49a55610 0000003e 007b4339 00000000 007b4339 00000000 0000006a 00000000 00000000 00000000 0b8e576b 00000000 007b43a3 00000000 00000000 00000000 00000000 00000039 008b3199 00000001 00000000 00000001 00000000 00000000 00000000 00000000 00000000 00000000 00000000 00000000 00000000 00000000 00000000 00000000 00000000 00000000 00000000 00000000 71f46184 00000068 49a5563e 0000003e 00000000 00000000 00000000 00000000 00000201 00000101 00000000 00000000 00000000 00000000 00000000 00000000 00000000 00003333 00004ccd 00002667 00000001 00000000 03938700 000004f8
capture_snapshot GLI1 00010000 60000000 2500000 495 0 60000000 0 0 0 0 0 0 0 3e1708d0 0000003e 49ab5058 0000003e 007b82fc 00000000 007b82fc 00000000 0000006a 00000000 00000000 00000000 0b9451a9 00000000 007b8366 00000000 00000000 00000000 00000000 00000039 008b3199 00000001 00000000 00000001 00000000 00000000 00000000 00000000 00000000 00000000 00000000 00000000 00000000 00000000 00000000 00000000 00000000 00000000 00000000 00000000 71fe57d8 00000068 49ab507c 0000003e 00000000 00000000 00000000 00000000 00000201 00000101 00000000 00000000 00000000 00000000 00000000 00000000 00000000 00003333 00004ccd 00002667 00000001 00000000 03938700 000004f8
capture_snapshot GLI1 00010000 60000000 2500000 496 0 60000000 0 0 0 0 0 0 0 3e1708d0 0000003e 49b15658 0000003e 007bc33c 00000000 007bc33c 00000000 0000006a 00000000 00000000 00000000 0b9a57b8 00000000 007bc3a6 00000000 00000000 00000000 00000000 00000039 008b3199 00000001 00000000 00000001 00000000 00000000 00000000 00000000 00000000 00000000 00000000 00000000 00000000 00000000 00000000 00000000 00000000 00000000 00000000 00000000 720861dc 00000068 49b1568b 0000003e 00000000 00000000 00000000 00000000 00000201 00000101 00000000 00000000 00000000 00000000 00000000 00000000 00000000 00003333 00004ccd 00002667 00000001 00000000 03938700 000004f8
capture_snapshot GLI1 00010000 60000000 2500000 497 0 60000000 0 0 0 0 0 0 0 3e1708d0 0000003e 49b75ca0 0000003e 007c037f 00000000 007c037f 00000000 0000006a 00000000 00000000 00000000 0ba05dfe 00000000 007c03e9 00000000 00000000 00000000 00000000 00000039 008b3199 00000001 00000000 00000001 00000000 00000000 00000000 00000000 00000000 00000000 00000000 00000000 00000000 00000000 00000000 00000000 00000000 00000000 00000000 00000000 72126c3e 00000068 49b75cd1 0000003e 00000000 00000000 00000000 00000000 00000201 00000101 00000000 00000000 00000000 00000000 00000000 00000000 00000000 00003333 00004ccd 00002667 00000001 00000000 03938700 000004f8
capture_snapshot GLI1 00010000 60000000 2500000 498 0 60000000 0 0 0 0 0 0 0 3e1708d0 0000003e 49bd5568 0000003e 007c4332 00000000 007c4332 00000000 0000006a 00000000 00000000 00000000 0ba656c0 00000000 007c439c 00000000 00000000 00000000 00000000 00000039 008b3199 00000001 00000000 00000001 00000000 00000000 00000000 00000000 00000000 00000000 00000000 00000000 00000000 00000000 00000000 00000000 00000000 00000000 00000000 00000000 721c6019 00000068 49bd5593 0000003e 00000000 00000000 00000000 00000000 00000201 00000101 00000000 00000000 00000000 00000000 00000000 00000000 00000000 00003333 00004ccd 00002667 00000001 00000000 03938700 000004f8
capture_snapshot GLI1 00010000 60000000 2500000 499 0 60000000 0 0 0 0 0 0 0 3e1708d0 0000003e 49c35ee0 0000003e 007c8397 00000000 007c8397 00000000 0000006a 00000000 00000000 00000000 0bac6036 00000000 007c8401 00000000 00000000 00000000 00000000 00000039 008b3199 00000001 00000000 00000001 00000000 00000000 00000000 00000000 00000000 00000000 00000000 00000000 00000000 00000000 00000000 00000000 00000000 00000000 00000000 00000000 72266fc9 00000068 49c35f09 0000003e 00000000 00000000 00000000 00000000 00000202 00000101 00000000 00000000 00000000 00000000 00000000 00000000 00000000 00003333 00004ccd 00002667 00000001 00000000 03938700 000004f8
capture_snapshot GLI1 00010000 60000000 2500000 500 0 60000000 0 0 0 0 0 0 0 3e1708d0 0000003e 49c95358 0000003e 007cc31c 00000000 007cc31c 00000000 0000006a 00000000 00000000 00000000 0bb254ab 00000000 007cc386 00000000 00000000 00000000 00000000 00000039 008b3199 00000001 00000000 00000001 00000000 00000000 00000000 00000000 00000000 00000000 00000000 00000000 00000000 00000000 00000000 00000000 00000000 00000000 00000000 00000000 72305c78 00000068 49c9537e 0000003e 00000000 00000000 00000000 00000000 00000201 00000101 00000000 00000000 00000000 00000000 00000000 00000000 00000000 00003333 00004ccd 00002667 00000001 00000000 03938700 000004f8
capture_snapshot GLI1 00010000 60000000 2500000 501 0 60000000 0 0 0 0 0 0 0 3e1708d0 0000003e 49cf5088 0000003e 007d02fe 00000000 007d02fe 00000000 0000006a 00000000 00000000 00000000 0bb851d4 00000000 007d0368 00000000 00000000 00000000 00000000 00000039 008b3199 00000001 00000000 00000001 00000000 00000000 00000000 00000000 00000000 00000000 00000000 00000000 00000000 00000000 00000000 00000000 00000000 00000000 00000000 00000000 723a57aa 00000068 49cf50a7 0000003e 00000000 00000000 00000000 00000000 00000201 00000101 00000000 00000000 00000000 00000000 00000000 00000000 00000000 00003333 00004ccd 00002667 00000001 00000000 03938700 000004f8
capture_snapshot GLI1 00010000 60000000 2500000 502 0 60000000 0 0 0 0 0 0 0 3e1708d0 0000003e 49d559e8 0000003e 007d4362 00000000 007d4362 00000000 0000006a 00000000 00000000 00000000 0bbe5b3f 00000000 007d43cc 00000000 00000000 00000000 00000000 00000039 008b3199 00000001 00000000 00000001 00000000 00000000 00000000 00000000 00000000 00000000 00000000 00000000 00000000 00000000 00000000 00000000 00000000 00000000 00000000 00000000 72446748 00000068 49d55a12 0000003e 00000000 00000000 00000000 00000000 00000202 00000100 00000000 00000000 00000000 00000000 00000000 00000000 00000000 00003333 00004ccd 00002667 00000001 00000000 03938700 000004f8
capture_snapshot GLI1 00010000 60000000 2500000 503 0 60000000 0 0 0 0 0 0 0 3e1708d0 0000003e 49db5778 0000003e 007d8348 00000000 007d8348 00000000 0000006a 00000000 00000000 00000000 0bc458c7 00000000 007d83b2 00000000 00000000 00000000 00000000 00000039 008b3199 00000001 00000000 00000001 00000000 00000000 00000000 00000000 00000000 00000000 00000000 00000000 00000000 00000000 00000000 00000000 00000000 00000000 00000000 00000000 724e6317 00000068 49db579a 0000003e 00000000 00000000 00000000 00000000 00000202 00000100 00000000 00000000 00000000 00000000 00000000 00000000 00000000 00003333 00004ccd 00002667 00000001 00000000 03938700 000004f8
capture_snapshot GLI1 00010000 60000000 2500000 504 0 60000000 0 0 0 0 0 0 0 3e1708d0 0000003e 49e14b90 0000003e 007dc2c9 00000000 007dc2c9 00000000 0000006a 00000000 00000000 00000000 0bca4ce8 00000000 007dc333 00000000 00000000 00000000 00000000 00000039 008b3199 00000001 00000000 00000001 00000000 00000000 00000000 00000000 00000000 00000000 00000000 00000000 00000000 00000000 00000000 00000000 00000000 00000000 00000000 00000000 72584f3a 00000068 49e14bbb 0000003e 00000000 00000000 00000000 00000000 00000201 00000101 00000000 00000000 00000000 00000000 00000000 00000000 00000000 00003333 00004ccd 00002667 00000001 00000000 03938700 000004f8
capture_snapshot GLI1 00010000 60000000 2500000 505 0 60000000 0 0 0 0 0 0 0 3e1708d0 0000003e 49e754d8 0000003e 007e032c 00000000 007e032c 00000000 0000006a 00000000 00000000 00000000 0bd0562d 00000000 007e0396 00000000 00000000 00000000 00000000 00000039 008b3199 00000001 00000000 00000001 00000000 00000000 00000000 00000000 00000000 00000000 00000000 00000000 00000000 00000000 00000000 00000000 00000000 00000000 00000000 00000000 72625e9a 00000068 49e75500 0000003e 00000000 00000000 00000000 00000000 00000202 00000100 00000000 00000000 00000000 00000000 00000000 00000000 00000000 00003333 00004ccd 00002667 00000001 00000000 03938700 000004f8
capture_snapshot GLI1 00010000 60000000 2500000 506 0 60000000 0 0 0 0 0 0 0 3e1708d0 0000003e 49ed5730 0000003e 007e4345 00000000 007e4345 00000000 0000006a 00000000 00000000 00000000 0bd65888 00000000 007e43af 00000000 00000000 00000000 00000000 00000039 008b3199 00000001 00000000 00000001 00000000 00000000 00000000 00000000 00000000 00000000 00000000 00000000 00000000 00000000 00000000 00000000 00000000 00000000 00000000 00000000 726c6273 00000068 49ed575b 0000003e 00000000 00000000 00000000 00000000 00000201 00000101 00000000 00000000 00000000 00000000 00000000 00000000 00000000 00003333 00004ccd 00002667 00000001 00000000 03938700 000004f8
capture_snapshot GLI1 00010000 60000000 2500000 507 0 60000000 0 0 0 0 0 0 0 3e1708d0 0000003e 49f351f0 0000003e 007e830d 00000000 007e830d 00000000 0000006a 00000000 00000000 00000000 0bdc534e 00000000 007e8377 00000000 00000000 00000000 00000000 00000039 008b3199 00000001 00000000 00000001 00000000 00000000 00000000 00000000 00000000 00000000 00000000 00000000 00000000 00000000 00000000 00000000 00000000 00000000 00000000 00000000 727659a9 00000068 49f35221 0000003e 00000000 00000000 00000000 00000000 00000201 00000101 00000000 00000000 00000000 00000000 00000000 00000000 00000000 00003333 00004ccd 00002667 00000001 00000000 03938700 000004f8
capture_snapshot GLI1 00010000 60000000 2500000 508 0 60000000 0 0 0 0 0 0 0 3e1708d0 0000003e 49f95448 0000003e 007ec326 00000000 007ec326 00000000 0000006a 00000000 00000000 00000000 0be2559d 00000000 007ec390 00000000 00000000 00000000 00000000 00000039 008b3199 00000001 00000000 00000001 00000000 00000000 00000000 00000000 00000000 00000000 00000000 00000000 00000000 00000000 00000000 00000000 00000000 00000000 00000000 00000000 72805d70 00000068 49f95470 0000003e 00000000 00000000 00000000 00000000 00000201 00000101 00000000 00000000 00000000 00000000 00000000 00000000 00000000 00003333 00004ccd 00002667 00000001 00000000 03938700 000004f8
capture_snapshot GLI1 00010000 60000000 2500000 509 0 60000000 0 0 0 0 0 0 0 3e1708d0 0000003e 49ff5388 0000003e 007f031e 00000000 007f031e 00000000 0000006a 00000000 00000000 00000000 0be854e7 00000000 007f0388 00000000 00000000 00000000 00000000 00000039 008b3199 00000001 00000000 00000001 00000000 00000000 00000000 00000000 00000000 00000000 00000000 00000000 00000000 00000000 00000000 00000000 00000000 00000000 00000000 00000000 728a5c2d 00000068 49ff53ba 0000003e 00000000 00000000 00000000 00000000 00000201 00000101 00000000 00000000 00000000 00000000 00000000 00000000 00000000 00003333 00004ccd 00002667 00000001 00000000 03938700 000004f8
capture_snapshot GLI1 00010000 60000000 2500000 510 0 60000000 0 0 0 0 0 0 0 3e1708d0 0000003e 4a057710 0000003e 007f4499 00000000 007f4499 00000000 0000006a 00000000 00000000 00000000 0bee786a 00000000 007f4503 00000000 00000000 00000000 00000000 00000039 008b3199 00000001 00000000 00000001 00000000 00000000 00000000 00000000 00000000 00000000 00000000 00000000 00000000 00000000 00000000 00000000 00000000 00000000 00000000 00000000 72949748 00000068 4a05773d 0000003e 00000000 00000000 00000000 00000000 00000202 00000100 00000000 00000000 00000000 00000000 00000000 00000000 00000000 00003333 00004ccd 00002667 00000001 00000000 03938700 000004f8
capture_snapshot GLI1 00010000 60000000 2500000 511 0 60000000 0 0 0 0 0 0 0 3e1708d0 0000003e 4a0b5cd0 0000003e 007f8381 00000000 007f8381 00000000 0000006a 00000000 00000000 00000000 0bf45e20 00000000 007f83eb 00000000 00000000 00000000 00000000 00000039 008b3199 00000001 00000000 00000001 00000000 00000000 00000000 00000000 00000000 00000000 00000000 00000000 00000000 00000000 00000000 00000000 00000000 00000000 00000000 00000000 729e6b65 00000068 4a0b5cf3 0000003e 00000000 00000000 00000000 00000000 00000201 00000101 00000000 00000000 00000000 00000000 00000000 00000000 00000000 00003333 00004ccd 00002667 00000001 00000000 03938700 000004f8
capture_snapshot GLI1 00010000 60000000 2500000 512 0 60000000 0 0 0 0 0 0 0 3e1708d0 0000003e 4a115670 0000003e 007fc33d 00000000 007fc33d 00000000 0000006a 00000000 00000000 00000000 0bfa57c3 00000000 007fc3a7 00000000 00000000 00000000 00000000 00000039 008b3199 00000001 00000000 00000001 00000000 00000000 00000000 00000000 00000000 00000000 00000000 00000000 00000000 00000000 00000000 00000000 00000000 00000000 00000000 00000000 72a860b6 00000068 4a115696 0000003e 00000000 00000000 00000000 00000000 00000201 00000101 00000000 00000000 00000000 00000000 00000000 00000000 00000000 00003333 00004ccd 00002667 00000001 00000000 03938700 000004f8
capture_snapshot GLI1 00010000 60000000 2500000 513 0 60000000 0 0 0 0 0 0 0 3e1708d0 0000003e 4a175718 0000003e 00800344 00000000 00800344 00000000 0000006a 00000000 00000000 00000000 0c005869 00000000 008003ae 00000000 00000000 00000000 00000000 00000039 008b3199 00000001 00000000 00000001 00000000 00000000 00000000 00000000 00000000 00000000 00000000 00000000 00000000 00000000 00000000 00000000 00000000 00000000 00000000 00000000 72b261b8 00000068 4a17573c 0000003e 00000000 00000000 00000000 00000000 00000201 00000101 00000000 00000000 00000000 00000000 00000000 00000000 00000000 00003333 00004ccd 00002667 00000001 00000000 03938700 000004f8
capture_snapshot GLI1 00010000 60000000 2500000 514 0 60000000 0 0 0 0 0 0 0 3e1708d0 0000003e 4a1d5640 0000003e 0080433b 00000000 0080433b 00000000 0000006a 00000000 00000000 00000000 0c065796 00000000 008043a5 00000000 00000000 00000000 00000000 00000039 008b3199 00000001 00000000 00000001 00000000 00000000 00000000 00000000 00000000 00000000 00000000 00000000 00000000 00000000 00000000 00000000 00000000 00000000 00000000 00000000 72bc6043 00000068 4a1d5669 0000003e 00000000 00000000 00000000 00000000 00000201 00000101 00000000 00000000 00000000 00000000 00000000 00000000 00000000 00003333 00004ccd 00002667 00000001 00000000 03938700 000004f8
capture_snapshot GLI1 00010000 60000000 2500000 515 0 60000000 0 0 0 0 0 0 0 3e1708d0 0000003e 4a233d68 0000003e 00808232 00000000 00808232 00000000 0000006a 00000000 00000000 00000000 0c0c3eb4 00000000 0080829c 00000000 00000000 00000000 00000000 00000039 008b3199 00000001 00000000 00000001 00000000 00000000 00000000 00000000 00000000 00000000 00000000 00000000 00000000 00000000 00000000 00000000 00000000 00000000 00000000 00000000 72c636b7 00000068 4a233d87 0000003e 00000000 00000000 00000000 00000000 00000201 00000101 00000000 00000000 00000000 00000000 00000000 00000000 00000000 00003333 00004ccd 00002667 00000001 00000000 03938700 000004f8
capture_snapshot GLI1 00010000 60000000 2500000 516 0 60000000 0 0 0 0 0 0 0 3e1708d0 0000003e 4a293540 0000003e 0080c1db 00000000 0080c1db 00000000 0000006a 00000000 00000000 00000000 0c12369d 00000000 0080c245 00000000 00000000 00000000 00000000 00000039 008b3199 00000001 00000000 00000001 00000000 00000000 00000000 00000000 00000000 00000000 00000000 00000000 00000000 00000000 00000000 00000000 00000000 00000000 00000000 00000000 72d02929 00000068 4a293570 0000003e 00000000 00000000 00000000 00000000 00000201 00000101 00000000 00000000 00000000 00000000 00000000 00000000 00000000 00003333 00004ccd 00002667 00000001 00000000 03938700 000004f8
capture_snapshot GLI1 00010000 60000000 2500000 517 0 60000000 0 0 0 0 0 0 0 3e1708d0 0000003e 4a2f3498 0000003e 008101d4 00000000 008101d4 00000000 0000006a 00000000 00000000 00000000 0c1835f9 00000000 0081023e 00000000 00000000 00000000 00000000 00000039 008b3199 00000001 00000000 00000001 00000000 00000000 00000000 00000000 00000000 00000000 00000000 00000000 00000000 00000000 00000000 00000000 00000000 00000000 00000000 00000000 72da2804 00000068 4a2f34cc 0000003e 00000000 00000000 00000000 00000000 00000201 00000101 00000000 00000000 00000000 00000000 00000000 00000000 00000000 00003333 00004ccd 00002667 00000001 00000000 03938700 000004f8
capture_snapshot GLI1 00010000 60000000 2500000 518 0 60000000 0 0 0 0 0 0 0 3e1708d0 0000003e 4a353a80 0000003e 00814213 00000000 00814213 00000000 0000006a 00000000 00000000 00000000 0c1e3bd8 00000000 0081427d 00000000 00000000 00000000 00000000 00000039 008b3199 00000001 00000000 00000001 00000000 00000000 00000000 00000000 00000000 00000000 00000000 00000000 00000000 00000000 00000000 00000000 00000000 00000000 00000000 00000000 72e431b9 00000068 4a353aab 0000003e 00000000 00000000 00000000 00000000 00000201 00000100 00000000 00000000 00000000 00000000 00000000 00000000 00000000 00003333 00004ccd 00002667 00000001 00000000 03938700 000004f8
capture_snapshot GLI1 00010000 60000000 2500000 519 0 60000000 0 0 0 0 0 0 0 3e1708d0 0000003e 4a3b2ec8 0000003e 00818196 00000000 00818196 00000000 0000006a 00000000 00000000 00000000 0c243019 00000000 00818200 00000000 00000000 00000000 00000000 00000039 008b3199 00000001 00000000 00000001 00000000 00000000 00000000 00000000 00000000 00000000 00000000 00000000 00000000 00000000 00000000 00000000 00000000 00000000 00000000 00000000 72ee1e13 00000068 4a3b2eec 0000003e 00000000 00000000 00000000 00000000 00000201 00000101 00000000 00000000 00000000 00000000 00000000 00000000 00000000 00003333 00004ccd 00002667 00000001 00000000 03938700 000004f8
capture_snapshot GLI1 00010000 60000000 2500000 520 0 60000000 0 0 0 0 0 0 0 3e1708d0 0000003e 4a412f10 0000003e 0081c199 00000000 0081c199 00000000 0000006a 00000000 00000000 00000000 0c2a3069 00000000 0081c203 00000000 00000000 00000000 00000000 00000039 008b3199 00000001 00000000 00000001 00000000 00000000 00000000 00000000 00000000 00000000 00000000 00000000 00000000 00000000 00000000 00000000 00000000 00000000 00000000 00000000 72f81e83 00000068 4a412f3c 0000003e 00000000 00000000 00000000 00000000 00000201 00000101 00000000 00000000 00000000 00000000 00000000 00000000 00000000 00003333 00004ccd 00002667 00000001 00000000 03938700 000004f8
capture_snapshot GLI1 00010000 60000000 2500000 521 0 60000000 0 0 0 0 0 0 0 3e1708d0 0000003e 4a473000 0000003e 008201a3 00000000 008201a3 00000000 0000006a 00000000 00000000 00000000 0c303157 00000000 0082020d 00000000 00000000 00000000 00000000 00000039 008b3199 00000001 00000000 00000001 00000000 00000000 00000000 00000000 00000000 00000000 00000000 00000000 00000000 00000000 00000000 00000000 00000000 00000000 00000000 00000000 73021ffd 00000068 4a47302a 0000003e 00000000 00000000 00000000 00000000 00000201 00000101 00000000 00000000 00000000 00000000 00000000 00000000 00000000 00003333 00004ccd 00002667 00000001 00000000 03938700 000004f8
capture_snapshot GLI1 00010000 60000000 2500000 522 0 60000000 0 0 0 0 0 0 0 3e1708d0 0000003e 4a4d2d60 0000003e 00824187 00000000 00824187 00000000 0000006a 00000000 00000000 00000000 0c362ebc 00000000 008241f1 00000000 00000000 00000000 00000000 00000039 008b3199 00000001 00000000 00000001 00000000 00000000 00000000 00000000 00000000 00000000 00000000 00000000 00000000 00000000 00000000 00000000 00000000 00000000 00000000 00000000 730c1b91 00000068 4a4d2d8f 0000003e 00000000 00000000 00000000 00000000 00000201 00000101 00000000 00000000 00000000 00000000 00000000 00000000 00000000 00003333 00004ccd 00002667 00000001 00000000 03938700 000004f8
capture_snapshot GLI1 00010000 60000000 2500000 523 0 60000000 0 0 0 0 0 0 0 3e1708d0 0000003e 4a532f70 0000003e 0082819d 00000000 0082819d 00000000 0000006a 00000000 00000000 00000000 0c3c30c1 00000000 00828207 00000000 00000000 00000000 00000000 00000039 008b3199 00000001 00000000 00000001 00000000 00000000 00000000 00000000 00000000 00000000 00000000 00000000 00000000 00000000 00000000 00000000 00000000 00000000 00000000 00000000 73161edc 00000068 4a532f94 0000003e 00000000 00000000 00000000 00000000 00000201 00000101 00000000 00000000 00000000 00000000 00000000 00000000 00000000 00003333 00004ccd 00002667 00000001 00000000 03938700 000004f8
capture_snapshot GLI1 00010000 60000000 2500000 524 0 60000000 0 0 0 0 0 0 0 3e1708d0 0000003e 4a592ee0 0000003e 0082c197 00000000 0082c197 00000000 0000006a 00000000 00000000 00000000 0c42302e 00000000 0082c201 00000000 00000000 00000000 00000000 00000039 008b3199 00000001 00000000 00000001 00000000 00000000 00000000 00000000 00000000 00000000 00000000 00000000 00000000 00000000 00000000 00000000 00000000 00000000 00000000 00000000 73201dd3 00000068 4a592f01 0000003e 00000000 00000000 00000000 00000000 00000201 00000100 00000000 00000000 00000000 00000000 00000000 00000000 00000000 00003333 00004ccd 00002667 00000001 00000000 03938700 000004f8
capture_snapshot GLI1 00010000 60000000 2500000 525 0 60000000 0 0 0 0 0 0 0 3e1708d0 0000003e 4a5f2ec8 0000003e 00830196 00000000 00830196 00000000 0000006a 00000000 00000000 00000000 0c48301c 00000000 00830200 00000000 00000000 00000000 00000000 00000039 008b3199 00000001 00000000 00000001 00000000 00000000 00000000 00000000 00000000 00000000 00000000 00000000 00000000 00000000 00000000 00000000 00000000 00000000 00000000 00000000 732a1da1 00000068 4a5f2eef 0000003e 00000000 00000000 00000000 00000000 00000202 00000101 00000000 00000000 00000000 00000000 00000000 00000000 00000000 00003333 00004ccd 00002667 00000001 00000000 03938700 000004f8
capture_snapshot GLI1 00010000 60000000 2500000 526 0 60000000 0 0 0 0 0 0 0 3e1708d0 0000003e 4a652f58 0000003e 0083419c 00000000 0083419c 00000000 0000006a 00000000 00000000 00000000 0c4e30a9 00000000 00834206 00000000 00000000 00000000 00000000 00000039 008b3199 00000001 00000000 00000001 00000000 00000000 00000000 00000000 00000000 00000000 00000000 00000000 00000000 00000000 00000000 00000000 00000000 00000000 00000000 00000000 73341e7a 00000068 4a652f7c 0000003e 00000000 00000000 00000000 00000000 00000201 00000101 00000000 00000000 00000000 00000000 00000000 00000000 00000000 00003333 00004ccd 00002667 00000001 00000000 03938700 000004f8
capture_snapshot GLI1 00010000 60000000 2500000 527 0 60000000 0 0 0 0 0 0 0 3e1708d0 0000003e 4a6b2df0 0000003e 0083818d 00000000 0083818d 00000000 0000006a 00000000 00000000 00000000 0c542f46 00000000 008381f7 00000000 00000000 00000000 00000000 00000039 008b3199 00000001 00000000 00000001 00000000 00000000 00000000 00000000 00000000 00000000 00000000 00000000 00000000 00000000 00000000 00000000 00000000 00000000 00000000 00000000 733e1c16 00000068 4a6b2e19 0000003e 00000000 00000000 00000000 00000000 00000201 00000101 00000000 00000000 00000000 00000000 00000000 00000000 00000000 00003333 00004ccd 00002667 00000001 00000000 03938700 000004f8
capture_snapshot GLI1 00010000 60000000 2500000 528 0 60000000 0 0 0 0 0 0 0 3e1708d0 0000003e 4a712da8 0000003e 0083c18a 00000000 0083c18a 00000000 0000006a 00000000 00000000 00000000 0c5a2f00 00000000 0083c1f4 00000000 00000000 00000000 00000000 00000039 008b3199 00000001 00000000 00000001 00000000 00000000 00000000 00000000 00000000 00000000 00000000 00000000 00000000 00000000 00000000 00000000 00000000 00000000 00000000 00000000 73481b8e 00000068 4a712dd3 0000003e 00000000 00000000 00000000 00000000 00000201 00000101 00000000 00000000 00000000 00000000 00000000 00000000 00000000 00003333 00004ccd 00002667 00000001 00000000 03938700 000004f8
capture_snapshot GLI1 00010000 60000000 2500000 529 0 60000000 0 0 0 0 0 0 0 3e1708d0 0000003e 4a772dd8 0000003e 0084018c 00000000 0084018c 00000000 0000006a 00000000 00000000 00000000 0c602f26 00000000 008401f6 00000000 00000000 00000000 00000000 00000039 008b3199 00000001 00000000 00000001 00000000 00000000 00000000 00000000 00000000 00000000 00000000 00000000 00000000 00000000 00000000 00000000 00000000 00000000 00000000 00000000 73521bb9 00000068 4a772df9 0000003e 00000000 00000000 00000000 00000000 00000201 00000100 00000000 00000000 00000000 00000000 00000000 00000000 00000000 00003333 00004ccd 00002667 00000001 00000000 03938700 000004f8
capture_snapshot GLI1 00010000 60000000 2500000 530 0 60000000 0 0 0 0 0 0 0 3e1708d0 0000003e 4a7d2d48 0000003e 00844186 00000000 00844186 00000000 0000006a 00000000 00000000 00000000 0c662e9e 00000000 008441f0 00000000 00000000 00000000 00000000 00000039 008b3199 00000001 00000000 00000001 00000000 00000000 00000000 00000000 00000000 00000000 00000000 00000000 00000000 00000000 00000000 00000000 00000000 00000000 00000000 00000000 735c1ac3 00000068 4a7d2d71 0000003e 00000000 00000000 00000000 00000000 00000201 00000100 00000000 00000000 00000000 00000000 00000000 00000000 00000000 00003333 00004ccd 00002667 00000001 00000000 03938700 000004f8
capture_snapshot GLI1 00010000 60000000 2500000 531 0 60000000 0 0 0 0 0 0 0 3e1708d0 0000003e 4a832dc0 0000003e 0084818b 00000000 0084818b 00000000 0000006a 00000000 00000000 00000000 0c6c2f1e 00000000 008481f5 00000000 00000000 00000000 00000000 00000039 008b3199 00000001 00000000 00000001 00000000 00000000 00000000 00000000 00000000 00000000 00000000 00000000 00000000 00000000 00000000 00000000 00000000 00000000 00000000 00000000 73661b84 00000068 4a832df1 0000003e 00000000 00000000 00000000 00000000 00000201 00000101 00000000 00000000 00000000 00000000 00000000 00000000 00000000 00003333 00004ccd 00002667 00000001 00000000 03938700 000004f8
capture_snapshot GLI1 00010000 60000000 2500000 532 0 60000000 0 0 0 0 0 0 0 3e1708d0 0000003e 4a892e50 0000003e 0084c191 00000000 0084c191 00000000 0000006a 00000000 00000000 00000000 0c722fae 00000000 0084c1fb 00000000 00000000 00000000 00000000 00000039 008b3199 00000001 00000000 00000001 00000000 00000000 00000000 00000000 00000000 00000000 00000000 00000000 00000000 00000000 00000000 00000000 00000000 00000000 00000000 00000000 73701c61 00000068 4a892e81 0000003e 00000000 00000000 00000000 00000000 00000201 00000100 00000000 00000000 00000000 00000000 00000000 00000000 00000000 00003333 00004ccd 00002667 00000001 00000000 03938700 000004f8
capture_snapshot GLI1 00010000 60000000 2500000 533 0 60000000 0 0 0 0 0 0 0 3e1708d0 0000003e 4a8f2d60 0000003e 00850187 00000000 00850187 00000000 0000006a 00000000 00000000 00000000 0c782ec1 00000000 008501f1 00000000 00000000 00000000 00000000 00000039 008b3199 00000001 00000000 00000001 00000000 00000000 00000000 00000000 00000000 00000000 00000000 00000000 00000000 00000000 00000000 00000000 00000000 00000000 00000000 00000000 737a1ac3 00000068 4a8f2d94 0000003e 00000000 00000000 00000000 00000000 00000201 00000101 00000000 00000000 00000000 00000000 00000000 00000000 00000000 00003333 00004ccd 00002667 00000001 00000000 03938700 000004f8
capture_snapshot GLI1 00010000 60000000 2500000 534 0 60000000 0 0 0 0 0 0 0 3e1708d0 0000003e 4a952e68 0000003e 00854192 00000000 00854192 00000000 0000006a 00000000 00000000 00000000 0c7e2fbf 00000000 008541fc 00000000 00000000 00000000 00000000 00000039 008b3199 00000001 00000000 00000001 00000000 00000000 00000000 00000000 00000000 00000000 00000000 00000000 00000000 00000000 00000000 00000000 00000000 00000000 00000000 00000000 73841c56 00000068 4a952e92 0000003e 00000000 00000000 00000000 00000000 00000202 00000100 00000000 00000000 00000000 00000000 00000000 00000000 00000000 00003333 00004ccd 00002667 00000001 00000000 03938700 000004f8
capture_snapshot GLI1 00010000 60000000 2500000 535 0 60000000 0 0 0 0 0 0 0 3e1708d0 0000003e 4a9b2f28 0000003e 0085819a 00000000 0085819a 00000000 0000006a 00000000 00000000 00000000 0c84307c 00000000 00858204 00000000 00000000 00000000 00000000 00000039 008b3199 00000001 00000000 00000001 00000000 00000000 00000000 00000000 00000000 00000000 00000000 00000000 00000000 00000000 00000000 00000000 00000000 00000000 00000000 00000000 738e1d7d 00000068 4a9b2f4f 0000003e 00000000 00000000 00000000 00000000 00000201 00000101 00000000 00000000 00000000 00000000 00000000 00000000 00000000 00003333 00004ccd 00002667 00000001 00000000 03938700 000004f8
capture_snapshot GLI1 00010000 60000000 2500000 536 0 60000000 0 0 0 0 0 0 0 3e1708d0 0000003e 4aa12d90 0000003e 0085c189 00000000 0085c188 00000000 0000006a 00000000 00000000 00000000 0c8a2eda 00000000 0085c1f3 00000000 00000000 00000000 00000000 0000003b 008b3199 00000001 00000001 00000001 00000000 00000000 00000000 00000000 00000000 00000000 00000000 00000000 00000000 00000000 00000000 00000000 00000000 00000000 00000000 00000000 73981ab1 00000068 4aa12dad 0000003e 00000000 00000000 00000000 00000000 00000202 00000100 00000000 00000000 00000000 00000000 00000000 00000000 00000000 00003333 00004ccd 00002667 00000001 00000000 03938700 000004f8
capture_snapshot GLI1 00010000 60000000 2500000 537 0 60000000 0 0 0 0 0 0 0 3e1708d0 0000003e 4aa72eb0 0000003e 00860195 00000000 00860195 00000000 0000006a 00000000 00000000 00000000 0c903007 00000000 008601ff 00000000 00000000 00000000 00000000 00000039 008b3199 00000001 00000000 00000001 00000000 00000000 00000000 00000000 00000000 00000000 00000000 00000000 00000000 00000000 00000000 00000000 00000000 00000000 00000000 00000000 73a21c93 00000068 4aa72eda 0000003e 00000000 00000000 00000000 00000000 00000202 00000100 00000000 00000000 00000000 00000000 00000000 00000000 00000000 00003333 00004ccd 00002667 00000001 00000000 03938700 000004f8
capture_snapshot GLI1 00010000 60000000 2500000 538 0 60000000 0 0 0 0 0 0 0 3e1708d0 0000003e 4aad2e68 0000003e 00864192 00000000 00864192 00000000 0000006a 00000000 00000000 00000000 0c962fc6 00000000 008641fc 00000000 00000000 00000000 00000000 00000039 008b3199 00000001 00000000 00000001 00000000 00000000 00000000 00000000 00000000 00000000 00000000 00000000 00000000 00000000 00000000 00000000 00000000 00000000 00000000 00000000 73ac1c14 00000068 4aad2e99 0000003e 00000000 00000000 00000000 00000000 00000201 00000101 00000000 00000000 00000000 00000000 00000000 00000000 00000000 00003333 00004ccd 00002667 00000001 00000000 03938700 000004f8
capture_snapshot GLI1 00010000 60000000 2500000 539 0 60000000 0 0 0 0 0 0 0 3e1708d0 0000003e 4ab33a68 0000003e 00868212 00000000 00868212 00000000 0000006a 00000000 00000000 00000000 0c9c3bbc 00000000 0086827c 00000000 00000000 00000000 00000000 00000039 008b3199 00000001 00000000 00000001 00000000 00000000 00000000 00000000 00000000 00000000 00000000 00000000 00000000 00000000 00000000 00000000 00000000 00000000 00000000 00000000 73b62fef 00000068 4ab33a8f 0000003e 00000000 00000000 00000000 00000000 00000202 00000101 00000000 00000000 00000000 00000000 00000000 00000000 00000000 00003333 00004ccd 00002667 00000001 00000000 03938700 000004f8
capture_snapshot GLI1 00010000 60000000 2500000 540 0 60000000 0 0 0 0 0 0 0 3e1708d0 0000003e 4ab92f58 0000003e 0086c19c 00000000 0086c19c 00000000 0000006a 00000000 00000000 00000000 0ca230b5 00000000 0086c206 00000000 00000000 00000000 00000000 00000039 008b3199 00000001 00000000 00000001 00000000 00000000 00000000 00000000 00000000 00000000 00000000 00000000 00000000 00000000 00000000 00000000 00000000 00000000 00000000 00000000 73c01d7b 00000068 4ab92f88 0000003e 00000000 00000000 00000000 00000000 00000201 00000101 00000000 00000000 00000000 00000000 00000000 00000000 00000000 00003333 00004ccd 00002667 00000001 00000000 03938700 000004f8
capture_snapshot GLI1 00010000 60000000 2500000 541 0 60000000 0 0 0 0 0 0 0 3e1708d0 0000003e 4abf2d90 0000003e 00870189 00000000 00870189 00000000 0000006a 00000000 00000000 00000000 0ca82ee3 00000000 008701f3 00000000 00000000 00000000 00000000 00000039 008b3199 00000001 00000000 00000001 00000000 00000000 00000000 00000000 00000000 00000000 00000000 00000000 00000000 00000000 00000000 00000000 00000000 00000000 00000000 00000000 73ca1a5e 00000068 4abf2db6 0000003e 00000000 00000000 00000000 00000000 00000201 00000101 00000000 00000000 00000000 00000000 00000000 00000000 00000000 00003333 00004ccd 00002667 00000001 00000000 03938700 000004f8
capture_snapshot GLI1 00010000 60000000 2500000 542 0 60000000 0 0 0 0 0 0 0 3e1708d0 0000003e 4ac52da8 0000003e 0087418a 00000000 0087418a 00000000 0000006a 00000000 00000000 00000000 0cae2efc 00000000 008741f4 00000000 00000000 00000000 00000000 00000039 008b3199 00000001 00000000 00000001 00000000 00000000 00000000 00000000 00000000 00000000 00000000 00000000 00000000 00000000 00000000 00000000 00000000 00000000 00000000 00000000 73d41a75 00000068 4ac52dcf 0000003e 00000000 00000000 00000000 00000000 00000201 00000101 00000000 00000000 00000000 00000000 00000000 00000000 00000000 00003333 00004ccd 00002667 00000001 00000000 03938700 000004f8
capture_snapshot GLI1 00010000 60000000 2500000 543 0 60000000 0 0 0 0 0 0 0 3e1708d0 0000003e 4acb2da8 0000003e 0087818a 00000000 0087818a 00000000 0000006a 00000000 00000000 00000000 0cb42f04 00000000 008781f4 00000000 00000000 00000000 00000000 00000039 008b3199 00000001 00000000 00000001 00000000 00000000 00000000 00000000 00000000 00000000 00000000 00000000 00000000 00000000 00000000 00000000 00000000 00000000 00000000 00000000 73de1a6f 00000068 4acb2dd7 0000003e 00000000 00000000 00000000 00000000 00000201 00000101 00000000 00000000 00000000 00000000 00000000 00000000 00000000 00003333 00004ccd 00002667 00000001 00000000 03938700 000004f8
capture_snapshot GLI1 00010000 60000000 2500000 544 0 60000000 0 0 0 0 0 0 0 3e1708d0 0000003e 4ad12e20 0000003e 0087c18f 00000000 0087c18f 00000000 0000006a 00000000 00000000 00000000 0cba2f79 00000000 0087c1f9 00000000 00000000 00000000 00000000 00000039 008b3199 00000001 00000000 00000001 00000000 00000000 00000000 00000000 00000000 00000000 00000000 00000000 00000000 00000000 00000000 00000000 00000000 00000000 00000000 00000000 73e81b1d 00000068 4ad12e4c 0000003e 00000000 00000000 00000000 00000000 00000201 00000101 00000000 00000000 00000000 00000000 00000000 00000000 00000000 00003333 00004ccd 00002667 00000001 00000000 03938700 000004f8
capture_snapshot GLI1 00010000 60000000 2500000 545 0 60000000 0 0 0 0 0 0 0 3e1708d0 0000003e 4ad72d00 0000003e 00880183 00000000 00880183 00000000 0000006a 00000000 00000000 00000000 0cc02e50 00000000 008801ed 00000000 00000000 00000000 00000000 00000039 008b3199 00000001 00000000 00000001 00000000 00000000 00000000 00000000 00000000 00000000 00000000 00000000 00000000 00000000 00000000 00000000 00000000 00000000 00000000 00000000 73f2191c 00000068 4ad72d23 0000003e 00000000 00000000 00000000 00000000 00000201 00000101 00000000 00000000 00000000 00000000 00000000 00000000 00000000 00003333 00004ccd 00002667 00000001 00000000 03938700 000004f8
capture_snapshot GLI1 00010000 60000000 2500000 546 0 60000000 0 0 0 0 0 0 0 3e1708d0 0000003e 4add2e20 0000003e 0088418f 00000000 0088418f 00000000 0000006a 00000000 00000000 00000000 0cc62f6f 00000000 008841f9 00000000 00000000 00000000 00000000 00000039 008b3199 00000001 00000000 00000001 00000000 00000000 00000000 00000000 00000000 00000000 00000000 00000000 00000000 00000000 00000000 00000000 00000000 00000000 00000000 00000000 73fc1ae6 00000068 4add2e42 0000003e 00000000 00000000 00000000 00000000 00000201 00000100 00000000 00000000 00000000 00000000 00000000 00000000 00000000 00003333 00004ccd 00002667 00000001 00000000 03938700 000004f8
capture_snapshot GLI1 00010000 60000000 2500000 547 0 60000000 0 0 0 0 0 0 0 3e1708d0 0000003e 4ae32f58 0000003e 0088819c 00000000 0088819b 00000000 0000006a 00000000 00000000 00000000 0ccc30a2 00000000 00888206 00000000 00000000 00000000 00000000 0000003b 008b3199 00000001 00000001 00000001 00000000 00000000 00000000 00000000 00000000 00000000 00000000 00000000 00000000 00000000 00000000 00000000 00000000 00000000 00000000 00000000 74061cd2 00000068 4ae32f75 0000003e 00000000 00000000 00000000 00000000 00000201 00000100 00000000 00000000 00000000 00000000 00000000 00000000 00000000 00003333 00004ccd 00002667 00000001 00000000 03938700 000004f8
capture_snapshot GLI1 00010000 60000000 2500000 548 0 60000000 0 0 0 0 0 0 0 3e1708d0 0000003e 4ae92d18 0000003e 0088c184 00000000 0088c184 00000000 0000006a 00000000 00000000 00000000 0cd22e65 00000000 0088c1ee 00000000 00000000 00000000 00000000 00000039 008b3199 00000001 00000000 00000001 00000000 00000000 00000000 00000000 00000000 00000000 00000000 00000000 00000000 00000000 00000000 00000000 00000000 00000000 00000000 00000000 74101903 00000068 4ae92d38 0000003e 00000000 00000000 00000000 00000000 00000202 00000100 00000000 00000000 00000000 00000000 00000000 00000000 00000000 00003333 00004ccd 00002667 00000001 00000000 03938700 000004f8
capture_snapshot GLI1 00010000 60000000 2500000 549 0 60000000 0 0 0 0 0 0 0 3e1708d0 0000003e 4aef2e50 0000003e 00890191 00000000 00890191 00000000 0000006a 00000000 00000000 00000000 0cd82fac 00000000 008901fb 00000000 00000000 00000000 00000000 00000039 008b3199 00000001 00000000 00000001 00000000 00000000 00000000 00000000 00000000 00000000 00000000 00000000 00000000 00000000 00000000 00000000 00000000 00000000 00000000 00000000 741a1b11 00000068 4aef2e7f 0000003e 00000000 00000000 00000000 00000000 00000201 00000101 00000000 00000000 00000000 00000000 00000000 00000000 00000000 00003333 00004ccd 00002667 00000001 00000000 03938700 000004f8
capture_snapshot GLI1 00010000 60000000 2500000 550 0 60000000 0 0 0 0 0 0 0 3e1708d0 0000003e 4af52e68 0000003e 00894192 00000000 00894192 00000000 0000006a 00000000 00000000 00000000 0cde2fc1 00000000 008941fc 00000000 00000000 00000000 00000000 00000039 008b3199 00000001 00000000 00000001 00000000 00000000 00000000 00000000 00000000 00000000 00000000 00000000 00000000 00000000 00000000 00000000 00000000 00000000 00000000 00000000 74241b21 00000068 4af52e94 0000003e 00000000 00000000 00000000 00000000 00000201 00000101 00000000 00000000 00000000 00000000 00000000 00000000 00000000 00003333 00004ccd 00002667 00000001 00000000 03938700 000004f8
capture_snapshot GLI1 00010000 60000000 2500000 551 0 60000000 0 0 0 0 0 0 0 3e1708d0 0000003e 4afb2dd8 0000003e 0089818c 00000000 0089818c 00000000 0000006a 00000000 00000000 00000000 0ce42f2d 00000000 008981f6 00000000 00000000 00000000 00000000 00000039 008b3199 00000001 00000000 00000001 00000000 00000000 00000000 00000000 00000000 00000000 00000000 00000000 00000000 00000000 00000000 00000000 00000000 00000000 00000000 00000000 742e1a16 00000068 4afb2e00 0000003e 00000000 00000000 00000000 00000000 00000201 00000100 00000000 00000000 00000000 00000000 00000000 00000000 00000000 00003333 00004ccd 00002667 00000001 00000000 03938700 000004f8
capture_snapshot GLI1 00010000 60000000 2500000 552 0 60000000 0 0 0 0 0 0 0 3e1708d0 0000003e 4b012f10 0000003e 0089c199 00000000 0089c199 00000000 0000006a 00000000 00000000 00000000 0cea3063 00000000 0089c203 00000000 00000000 00000000 00000000 00000039 008b3199 00000001 00000000 00000001 00000000 00000000 00000000 00000000 00000000 00000000 00000000 00000000 00000000 00000000 00000000 00000000 00000000 00000000 00000000 00000000 74381c06 00000068 4b012f36 0000003e 00000000 00000000 00000000 00000000 00000201 00000101 00000000 00000000 00000000 00000000 00000000 00000000 00000000 00003333 00004ccd 00002667 00000001 00000000 03938700 000004f8
capture_snapshot GLI1 00010000 60000000 2500000 553 0 60000000 0 0 0 0 0 0 0 3e1708d0 0000003e 4b072e98 0000003e 008a0194 00000000 008a0194 00000000 0000006a 00000000 00000000 00000000 0cf02fef 00000000 008a01fe 00000000 00000000 00000000 00000000 00000039 008b3199 00000001 00000000 00000001 00000000 00000000 00000000 00000000 00000000 00000000 00000000 00000000 00000000 00000000 00000000 00000000 00000000 00000000 00000000 00000000 74421b32 00000068 4b072ec2 0000003e 00000000 00000000 00000000 00000000 00000202 00000100 00000000 00000000 00000000 00000000 00000000 00000000 00000000 00003333 00004ccd 00002667 00000001 00000000 03938700 000004f8
capture_snapshot GLI1 00010000 60000000 2500000 554 0 60000000 0 0 0 0 0 0 0 3e1708d0 0000003e 4b0d2ce8 0000003e 008a4182 00000000 008a4182 00000000 0000006a 00000000 00000000 00000000 0cf62e34 00000000 008a41ec 00000000 00000000 00000000 00000000 00000039 008b3199 00000001 00000000 00000001 00000000 00000000 00000000 00000000 00000000 00000000 00000000 00000000 00000000 00000000 00000000 00000000 00000000 00000000 00000000 00000000 744c183d 00000068 4b0d2d07 0000003e 00000000 00000000 00000000 00000000 00000201 00000101 00000000 00000000 00000000 00000000 00000000 00000000 00000000 00003333 00004ccd 00002667 00000001 00000000 03938700 000004f8
capture_snapshot GLI1 00010000 60000000 2500000 555 0 60000000 0 0 0 0 0 0 0 3e1708d0 0000003e 4b132c88 0000003e 008a817e 00000000 008a817e 00000000 0000006a 00000000 00000000 00000000 0cfc2de9 00000000 008a81e8 00000000 00000000 00000000 00000000 00000039 008b3199 00000001 00000000 00000001 00000000 00000000 00000000 00000000 00000000 00000000 00000000 00000000 00000000 00000000 00000000 00000000 00000000 00000000 00000000 00000000 745617ac 00000068 4b132cbc 0000003e 00000000 00000000 00000000 00000000 00000201 00000101 00000000 00000000 00000000 00000000 00000000 00000000 00000000 00003333 00004ccd 00002667 00000001 00000000 03938700 000004f8
capture_snapshot GLI1 00010000 60000000 2500000 556 0 60000000 0 0 0 0 0 0 0 3e1708d0 0000003e 4b192e98 0000003e 008ac194 00000000 008ac194 00000000 0000006a 00000000 00000000 00000000 0d022fe6 00000000 008ac1fe 00000000 00000000 00000000 00000000 00000039 008b3199 00000001 00000000 00000001 00000000 00000000 00000000 00000000 00000000 00000000 00000000 00000000 00000000 00000000 00000000 00000000 00000000 00000000 00000000 00000000 74601ae9 00000068 4b192eb9 0000003e 00000000 00000000 00000000 00000000 00000201 00000101 00000000 00000000 00000000 00000000 00000000 00000000 00000000 00003333 00004ccd 00002667 00000001 00000000 03938700 000004f8
capture_snapshot GLI1 00010000 60000000 2500000 557 0 60000000 0 0 0 0 0 0 0 3e1708d0 0000003e 4b1f2dd8 0000003e 008b018c 00000000 008b018c 00000000 0000006a 00000000 00000000 00000000 0d082f36 00000000 008b01f6 00000000 00000000 00000000 00000000 00000039 008b3199 00000001 00000000 00000001 00000000 00000000 00000000 00000000 00000000 00000000 00000000 00000000 00000000 00000000 00000000 00000000 00000000 00000000 00000000 00000000 746a19af 00000068 4b1f2e09 0000003e 00000000 00000000 00000000 00000000 00000201 00000101 00000000 00000000 00000000 00000000 00000000 00000000 00000000 00003333 00004ccd 00002667 00000001 00000000 03938700 000004f8
capture_snapshot GLI1 00010000 60000000 2500000 558 0 60000000 0 0 0 0 0 0 0 3e1708d0 0000003e 4b252ee0 0000003e 008b4197 00000000 008b4197 00000000 0000006a 00000000 00000000 00000000 0d0e303d 00000000 008b4201 00000000 00000000 00000000 00000000 00000039 008b3199 00000001 00000000 00000001 00000000 00000000 00000000 00000000 00000000 00000000 00000000 00000000 00000000 00000000 00000000 00000000 00000000 00000000 00000000 00000000 74741b52 00000068 4b252f10 0000003e 00000000 00000000 00000000 00000000 00000202 00000100 00000000 00000000 00000000 00000000 00000000 00000000 00000000 00003333 00004ccd 00002667 00000001 00000000 03938700 000004f8
capture_snapshot GLI1 00010000 60000000 2500000 559 0 60000000 0 0 0 0 0 0 0 3e1708d0 0000003e 4b2b2ec8 0000003e 008b8196 00000000 008b8196 00000000 0000006a 00000000 00000000 00000000 0d14301f 00000000 008b8200 00000000 00000000 00000000 00000000 00000039 008b3199 00000001 00000000 00000001 00000000 00000000 00000000 00000000 00000000 00000000 00000000 00000000 00000000 00000000 00000000 00000000 00000000 00000000 00000000 00000000 747e1b0c 00000068 4b2b2ef2 0000003e 00000000 00000000 00000000 00000000 00000201 00000101 00000000 00000000 00000000 00000000 00000000 00000000 00000000 00003333 00004ccd 00002667 00000001 00000000 03938700 000004f8
capture_snapshot GLI1 00010000 60000000 2500000 560 0 60000000 0 0 0 0 0 0 0 3e1708d0 0000003e 4b312d90 0000003e 008bc189 00000000 008bc189 00000000 0000006a 00000000 00000000 00000000 0d1a2eed 00000000 008bc1f3 00000000 00000000 00000000 00000000 00000039 008b3199 00000001 00000000 00000001 00000000 00000000 00000000 00000000 00000000 00000000 00000000 00000000 00000000 00000000 00000000 00000000 00000000 00000000 00000000 00000000 748818fb 00000068 4b312dc0 0000003e 00000000 00000000 00000000 00000000 00000201 00000100 00000000 00000000 00000000 00000000 00000000 00000000 00000000 00003333 00004ccd 00002667 00000001 00000000 03938700 000004f8
capture_snapshot GLI1 00010000 60000000 2500000 561 0 60000000 0 0 0 0 0 0 0 3e1708d0 0000003e 4b372df0 0000003e 008c018d 00000000 008c018d 00000000 0000006a 00000000 00000000 00000000 0d202f3e 00000000 008c01f7 00000000 00000000 00000000 00000000 00000039 008b3199 00000001 00000000 00000001 00000000 00000000 00000000 00000000 00000000 00000000 00000000 00000000 00000000 00000000 00000000 00000000 00000000 00000000 00000000 00000000 7492196f 00000068 4b372e11 0000003e 00000000 00000000 00000000 00000000 00000201 00000101 00000000 00000000 00000000 00000000 00000000 00000000 00000000 00003333 00004ccd 00002667 00000001 00000000 03938700 000004f8
capture_snapshot GLI1 00010000 60000000 2500000 562 0 60000000 0 0 0 0 0 0 0 3e1708d0 0000003e 4b3d2eb0 0000003e 008c4195 00000000 008c4195 00000000 0000006a 00000000 00000000 00000000 0d263008 00000000 008c41ff 00000000 00000000 00000000 00000000 00000039 008b3199 00000001 00000000 00000001 00000000 00000000 00000000 00000000 00000000 00000000 00000000 00000000 00000000 00000000 00000000 00000000 00000000 00000000 00000000 00000000 749c1aab 00000068 4b3d2edb 0000003e 00000000 00000000 00000000 00000000 00000201 00000101 00000000 00000000 00000000 00000000 00000000 00000000 00000000 00003333 00004ccd 00002667 00000001 00000000 03938700 000004f8
capture_snapshot GLI1 00010000 60000000 2500000 563 0 60000000 0 0 0 0 0 0 0 3e1708d0 0000003e 4b432ca0 0000003e 008c817f 00000000 008c817e 00000000 0000006a 00000000 00000000 00000000 0d2c2de9 00000000 008c81e9 00000000 00000000 00000000 00000000 0000003b 008b3199 00000001 00000001 00000001 00000000 00000000 00000000 00000000 00000000 00000000 00000000 00000000 00000000 00000000 00000000 00000000 00000000 00000000 00000000 00000000 74a61710 00000068 4b432cbc 0000003e 00000000 00000000 00000000 00000000 00000201 00000101 00000000 00000000 00000000 00000000 00000000 00000000 00000000 00003333 00004ccd 00002667 00000001 00000000 03938700 000004f8
capture_snapshot GLI1 00010000 60000000 2500000 564 0 60000000 0 0 0 0 0 0 0 3e1708d0 0000003e 4b492d30 0000003e 008cc185 00000000 008cc185 00000000 0000006a 00000000 00000000 00000000 0d322e91 00000000 008cc1ef 00000000 00000000 00000000 00000000 00000039 008b3199 00000001 00000000 00000001 00000000 00000000 00000000 00000000 00000000 00000000 00000000 00000000 00000000 00000000 00000000 00000000 00000000 00000000 00000000 00000000 74b01813 00000068 4b492d64 0000003e 00000000 00000000 00000000 00000000 00000202 00000101 00000000 00000000 00000000 00000000 00000000 00000000 00000000 00003333 00004ccd 00002667 00000001 00000000 03938700 000004f8
capture_snapshot GLI1 00010000 60000000 2500000 565 0 60000000 0 0 0 0 0 0 0 3e1708d0 0000003e 4b4f2f28 0000003e 008d019a 00000000 008d019a 00000000 0000006a 00000000 00000000 00000000 0d383087 00000000 008d0204 00000000 00000000 00000000 00000000 00000039 008b3199 00000001 00000000 00000001 00000000 00000000 00000000 00000000 00000000 00000000 00000000 00000000 00000000 00000000 00000000 00000000 00000000 00000000 00000000 00000000 74ba1b44 00000068 4b4f2f5a 0000003e 00000000 00000000 00000000 00000000 00000201 00000101 00000000 00000000 00000000 00000000 00000000 00000000 00000000 00003333 00004ccd 00002667 00000001 00000000 03938700 000004f8
capture_snapshot GLI1 00010000 60000000 2500000 566 0 60000000 0 0 0 0 0 0 0 3e1708d0 0000003e 4b552d90 0000003e 008d4189 00000000 008d4189 00000000 0000006a 00000000 00000000 00000000 0d3e2ee6 00000000 008d41f3 00000000 00000000 00000000 00000000 00000039 008b3199 00000001 00000000 00000001 00000000 00000000 00000000 00000000 00000000 00000000 00000000 00000000 00000000 00000000 00000000 00000000 00000000 00000000 00000000 00000000 74c41879 00000068 4b552db9 0000003e 00000000 00000000 00000000 00000000 00000201 00000101 00000000 00000000 00000000 00000000 00000000 00000000 00000000 00003333 00004ccd 00002667 00000001 00000000 03938700 000004f8
capture_snapshot GLI1 00010000 60000000 2500000 567 0 60000000 0 0 0 0 0 0 0 3e1708d0 0000003e 4b5b2cd0 0000003e 008d8181 00000000 008d8181 00000000 0000006a 00000000 00000000 00000000 0d442e2b 00000000 008d81eb 00000000 00000000 00000000 00000000 00000039 008b3199 00000001 00000000 00000001 00000000 00000000 00000000 00000000 00000000 00000000 00000000 00000000 00000000 00000000 00000000 00000000 00000000 00000000 00000000 00000000 74ce172e 00000068 4b5b2cfe 0000003e 00000000 00000000 00000000 00000000 00000201 00000101 00000000 00000000 00000000 00000000 00000000 00000000 00000000 00003333 00004ccd 00002667 00000001 00000000 03938700 000004f8
capture_snapshot GLI1 00010000 60000000 2500000 568 0 60000000 0 0 0 0 0 0 0 3e1708d0 0000003e 4b613660 0000003e 008dc1e7 00000000 008dc1e7 00000000 0000006a 00000000 00000000 00000000 0d4a37c0 00000000 008dc251 00000000 00000000 00000000 00000000 00000039 008b3199 00000001 00000000 00000001 00000000 00000000 00000000 00000000 00000000 00000000 00000000 00000000 00000000 00000000 00000000 00000000 00000000 00000000 00000000 00000000 74d82714 00000068 4b613693 0000003e 00000000 00000000 00000000 00000000 00000201 00000101 00000000 00000000 00000000 00000000 00000000 00000000 00000000 00003333 00004ccd 00002667 00000001 00000000 03938700 000004f8
capture_snapshot GLI1 00010000 60000000 2500000 569 0 60000000 0 0 0 0 0 0 0 3e1708d0 0000003e 4b672df0 0000003e 008e018d 00000000 008e018d 00000000 0000006a 00000000 00000000 00000000 0d502f3f 00000000 008e01f7 00000000 00000000 00000000 00000000 00000039 008b3199 00000001 00000000 00000001 00000000 00000000 00000000 00000000 00000000 00000000 00000000 00000000 00000000 00000000 00000000 00000000 00000000 00000000 00000000 00000000 74e218d3 00000068 4b672e12 0000003e 00000000 00000000 00000000 00000000 00000201 00000101 00000000 00000000 00000000 00000000 00000000 00000000 00000000 00003333 00004ccd 00002667 00000001 00000000 03938700 000004f8
capture_snapshot GLI1 00010000 60000000 2500000 570 0 60000000 0 0 0 0 0 0 0 3e1708d0 0000003e 4b6d2c70 0000003e 008e417d 00000000 008e417d 00000000 0000006a 00000000 00000000 00000000 0d562dbc 00000000 008e41e7 00000000 00000000 00000000 00000000 00000039 008b3199 00000001 00000000 00000001 00000000 00000000 00000000 00000000 00000000 00000000 00000000 00000000 00000000 00000000 00000000 00000000 00000000 00000000 00000000 00000000 74ec163b 00000068 4b6d2c8f 0000003e 00000000 00000000 00000000 00000000 00000201 00000101 00000000 00000000 00000000 00000000 00000000 00000000 00000000 00003333 00004ccd 00002667 00000001 00000000 03938700 000004f8
capture_snapshot GLI1 00010000 60000000 2500000 571 0 60000000 0 0 0 0 0 0 0 3e1708d0 0000003e 4b732dd8 0000003e 008e818c 00000000 008e818c 00000000 0000006a 00000000 00000000 00000000 0d5c2f2f 00000000 008e81f6 00000000 00000000 00000000 00000000 00000039 008b3199 00000001 00000000 00000001 00000000 00000000 00000000 00000000 00000000 00000000 00000000 00000000 00000000 00000000 00000000 00000000 00000000 00000000 00000000 00000000 74f61891 00000068 4b732e02 0000003e 00000000 00000000 00000000 00000000 00000201 00000101 00000000 00000000 00000000 00000000 00000000 00000000 00000000 00003333 00004ccd 00002667 00000001 00000000 03938700 000004f8
capture_snapshot GLI1 00010000 60000000 2500000 572 0 60000000 0 0 0 0 0 0 0 3e1708d0 0000003e 4b792f70 0000003e 008ec19d 00000000 008ec19d 00000000 0000006a 00000000 00000000 00000000 0d6230bb 00000000 008ec207 00000000 00000000 00000000 00000000 00000039 008b3199 00000001 00000000 00000001 00000000 00000000 00000000 00000000 00000000 00000000 00000000 00000000 00000000 00000000 00000000 00000000 00000000 00000000 00000000 00000000 75001b11 00000068 4b792f8e 0000003e 00000000 00000000 00000000 00000000 00000201 00000101 00000000 00000000 00000000 00000000 00000000 00000000 00000000 00003333 00004ccd 00002667 00000001 00000000 03938700 000004f8
capture_snapshot GLI1 00010000 60000000 2500000 573 0 60000000 0 0 0 0 0 0 0 3e1708d0 0000003e 4b7f2d60 0000003e 008f0187 00000000 008f0187 00000000 0000006a 00000000 00000000 00000000 0d682ec0 00000000 008f01f1 00000000 00000000 00000000 00000000 00000039 008b3199 00000001 00000000 00000001 00000000 00000000 00000000 00000000 00000000 00000000 00000000 00000000 00000000 00000000 00000000 00000000 00000000 00000000 00000000 00000000 750a17b2 00000068 4b7f2d93 0000003e 00000000 00000000 00000000 00000000 00000201 00000101 00000000 00000000 00000000 00000000 00000000 00000000 00000000 00003333 00004ccd 00002667 00000001 00000000 03938700 000004f8
capture_snapshot GLI1 00010000 60000000 2500000 574 0 60000000 0 0 0 0 0 0 0 3e1708d0 0000003e 4b852df0 0000003e 008f418d 00000000 008f418d 00000000 0000006a 00000000 00000000 00000000 0d6e2f3e 00000000 008f41f7 00000000 00000000 00000000 00000000 00000039 008b3199 00000001 00000000 00000001 00000000 00000000 00000000 00000000 00000000 00000000 00000000 00000000 00000000 00000000 00000000 00000000 00000000 00000000 00000000 00000000 7514186f 00000068 4b852e11 0000003e 00000000 00000000 00000000 00000000 00000201 00000101 00000000 00000000 00000000 00000000 00000000 00000000 00000000 00003333 00004ccd 00002667 00000001 00000000 03938700 000004f8
capture_snapshot GLI1 00010000 60000000 2500000 575 0 60000000 0 0 0 0 0 0 0 3e1708d0 0000003e 4b8b2dc0 0000003e 008f818b 00000000 008f818b 00000000 0000006a 00000000 00000000 00000000 0d742f16 00000000 008f81f5 00000000 00000000 00000000 00000000 00000039 008b3199 00000001 00000000 00000001 00000000 00000000 00000000 00000000 00000000 00000000 00000000 00000000 00000000 00000000 00000000 00000000 00000000 00000000 00000000 00000000 751e181a 00000068 4b8b2de9 0000003e 00000000 00000000 00000000 00000000 00000201 00000101 00000000 00000000 00000000 00000000 00000000 00000000 00000000 00003333 00004ccd 00002667 00000001 00000000 03938700 000004f8
capture_snapshot GLI1 00010000 60000000 2500000 576 0 60000000 0 0 0 0 0 0 0 3e1708d0 0000003e 4b912df0 0000003e 008fc18d 00000000 008fc18d 00000000 0000006a 00000000 00000000 00000000 0d7a2f3b 00000000 008fc1f7 00000000 00000000 00000000 00000000 00000039 008b3199 00000001 00000000 00000001 00000000 00000000 00000000 00000000 00000000 00000000 00000000 00000000 00000000 00000000 00000000 00000000 00000000 00000000 00000000 00000000 75281844 00000068 4b912e0e 0000003e 00000000 00000000 00000000 00000000 00000201 00000100 00000000 00000000 00000000 00000000 00000000 00000000 00000000 00003333 00004ccd 00002667 00000001 00000000 03938700 000004f8
capture_snapshot GLI1 00010000 60000000 2500000 577 0 60000000 0 0 0 0 0 0 0 3e1708d0 0000003e 4b972d78 0000003e 00900188 00000000 00900188 00000000 0000006a 00000000 00000000 00000000 0d802ecb 00000000 009001f2 00000000 00000000 00000000 00000000 00000039 008b3199 00000001 00000000 00000001 00000000 00000000 00000000 00000000 00000000 00000000 00000000 00000000 00000000 00000000 00000000 00000000 00000000 00000000 00000000 00000000 75321776 00000068 4b972d9e 0000003e 00000000 00000000 00000000 00000000 00000201 00000101 00000000 00000000 00000000 00000000 00000000 00000000 00000000 00003333 00004ccd 00002667 00000001 00000000 03938700 000004f8
capture_snapshot GLI1 00010000 60000000 2500000 578 0 60000000 0 0 0 0 0 0 0 3e1708d0 0000003e 4b9d2eb0 0000003e 00904195 00000000 00904195 00000000 0000006a 00000000 00000000 00000000 0d863010 00000000 009041ff 00000000 00000000 00000000 00000000 00000039 008b3199 00000001 00000000 00000001 00000000 00000000 00000000 00000000 00000000 00000000 00000000 00000000 00000000 00000000 00000000 00000000 00000000 00000000 00000000 00000000 753c197f 00000068 4b9d2ee3 0000003e 00000000 00000000 00000000 00000000 00000201 00000101 00000000 00000000 00000000 00000000 00000000 00000000 00000000 00003333 00004ccd 00002667 00000001 00000000 03938700 000004f8
capture_snapshot GLI1 00010000 60000000 2500000 579 0 60000000 0 0 0 0 0 0 0 3e1708d0 0000003e 4ba32d48 0000003e 00908186 00000000 00908186 00000000 0000006a 00000000 00000000 00000000 0d8c2e93 00000000 009081f0 00000000 00000000 00000000 00000000 00000039 008b3199 00000001 00000000 00000001 00000000 00000000 00000000 00000000 00000000 00000000 00000000 00000000 00000000 00000000 00000000 00000000 00000000 00000000 00000000 00000000 754616f0 00000068 4ba32d66 0000003e 00000000 00000000 00000000 00000000 00000201 00000101 00000000 00000000 00000000 00000000 00000000 00000000 00000000 00003333 00004ccd 00002667 00000001 00000000 03938700 000004f8
capture_snapshot GLI1 00010000 60000000 2500000 580 0 60000000 0 0 0 0 0 0 0 3e1708d0 0000003e 4ba92df0 0000003e 0090c18d 00000000 0090c18d 00000000 0000006a 00000000 00000000 00000000 0d922f40 00000000 0090c1f7 00000000 00000000 00000000 00000000 00000039 008b3199 00000001 00000000 00000001 00000000 00000000 00000000 00000000 00000000 00000000 00000000 00000000 00000000 00000000 00000000 00000000 00000000 00000000 00000000 00000000 755017fd 00000068 4ba92e13 0000003e 00000000 00000000 00000000 00000000 00000201 00000101 00000000 00000000 00000000 00000000 00000000 00000000 00000000 00003333 00004ccd 00002667 00000001 00000000 03938700 000004f8
capture_snapshot GLI1 00010000 60000000 2500000 581 0 60000000 0 0 0 0 0 0 0 3e1708d0 0000003e 4baf2ec8 0000003e 00910196 00000000 00910196 00000000 0000006a 00000000 00000000 00000000 0d983018 00000000 00910200 00000000 00000000 00000000 00000000 00000039 008b3199 00000001 00000000 00000001 00000000 00000000 00000000 00000000 00000000 00000000 00000000 00000000 00000000 00000000 00000000 00000000 00000000 00000000 00000000 00000000 755a1953 00000068 4baf2eeb 0000003e 00000000 00000000 00000000 00000000 00000201 00000101 00000000 00000000 00000000 00000000 00000000 00000000 00000000 00003333 00004ccd 00002667 00000001 00000000 03938700 000004f8
capture_snapshot GLI1 00010000 60000000 2500000 582 0 60000000 0 0 0 0 0 0 0 3e1708d0 0000003e 4bb52e98 0000003e 00914194 00000000 00914194 00000000 0000006a 00000000 00000000 00000000 0d9e2ff0 00000000 009141fe 00000000 00000000 00000000 00000000 00000039 008b3199 00000001 00000000 00000001 00000000 00000000 00000000 00000000 00000000 00000000 00000000 00000000 00000000 00000000 00000000 00000000 00000000 00000000 00000000 00000000 756418fb 00000068 4bb52ec3 0000003e 00000000 00000000 00000000 00000000 00000201 00000101 00000000 00000000 00000000 00000000 00000000 00000000 00000000 00003333 00004ccd 00002667 00000001 00000000 03938700 000004f8
capture_snapshot GLI1 00010000 60000000 2500000 583 0 60000000 0 0 0 0 0 0 0 3e1708d0 0000003e 4bbb2d60 0000003e 00918187 00000000 00918187 00000000 0000006a 00000000 00000000 00000000 0da42ead 00000000 009181f1 00000000 00000000 00000000 00000000 00000039 008b3199 00000001 00000000 00000001 00000000 00000000 00000000 00000000 00000000 00000000 00000000 00000000 00000000 00000000 00000000 00000000 00000000 00000000 00000000 00000000 756e16ce 00000068 4bbb2d80 0000003e 00000000 00000000 00000000 00000000 00000201 00000100 00000000 00000000 00000000 00000000 00000000 00000000 00000000 00003333 00004ccd 00002667 00000001 00000000 03938700 000004f8
capture_snapshot GLI1 00010000 60000000 2500000 584 0 60000000 0 0 0 0 0 0 0 3e1708d0 0000003e 4bc12dc0 0000003e 0091c18b 00000000 0091c18b 00000000 0000006a 00000000 00000000 00000000 0daa2f1d 00000000 0091c1f5 00000000 00000000 00000000 00000000 00000039 008b3199 00000001 00000000 00000001 00000000 00000000 00000000 00000000 00000000 00000000 00000000 00000000 00000000 00000000 00000000 00000000 00000000 00000000 00000000 00000000 75781775 00000068 4bc12df0 0000003e 00000000 00000000 00000000 00000000 00000202 00000100 00000000 00000000 00000000 00000000 00000000 00000000 00000000 00003333 00004ccd 00002667 00000001 00000000 03938700 000004f8
capture_snapshot GLI1 00010000 60000000 2500000 585 0 60000000 0 0 0 0 0 0 0 3e1708d0 0000003e 4bc73ba0 0000003e 0092021f 00000000 0092021f 00000000 0000006a 00000000 00000000 00000000 0db03ced 00000000 00920289 00000000 00000000 00000000 00000000 00000039 008b3199 00000001 00000000 00000001 00000000 00000000 00000000 00000000 00000000 00000000 00000000 00000000 00000000 00000000 00000000 00000000 00000000 00000000 00000000 00000000 75822e67 00000068 4bc73bc0 0000003e 00000000 00000000 00000000 00000000 00000201 00000101 00000000 00000000 00000000 00000000 00000000 00000000 00000000 00003333 00004ccd 00002667 00000001 00000000 03938700 000004f8
capture_snapshot GLI1 00010000 60000000 2500000 586 0 60000000 0 0 0 0 0 0 0 3e1708d0 0000003e 4bcd3210 0000003e 009241b9 00000000 009241b9 00000000 0000006a 00000000 00000000 00000000 0db63369 00000000 00924223 00000000 00000000 00000000 00000000 00000039 008b3199 00000001 00000000 00000001 00000000 00000000 00000000 00000000 00000000 00000000 00000000 00000000 00000000 00000000 00000000 00000000 00000000 00000000 00000000 00000000 758c1e78 00000068 4bcd323c 0000003e 00000000 00000000 00000000 00000000 00000201 00000101 00000000 00000000 00000000 00000000 00000000 00000000 00000000 00003333 00004ccd 00002667 00000001 00000000 03938700 000004f8
capture_snapshot GLI1 00010000 60000000 2500000 587 0 60000000 0 0 0 0 0 0 0 3e1708d0 0000003e 4bd354d8 0000003e 0092832c 00000000 0092832c 00000000 0000006a 00000000 00000000 00000000 0dbc5624 00000000 00928396 00000000 00000000 00000000 00000000 00000039 008b3199 00000001 00000000 00000001 00000000 00000000 00000000 00000000 00000000 00000000 00000000 00000000 00000000 00000000 00000000 00000000 00000000 00000000 00000000 00000000 75965846 00000068 4bd354f7 0000003e 00000000 00000000 00000000 00000000 00000201 00000101 00000000 00000000 00000000 00000000 00000000 00000000 00000000 00003333 00004ccd 00002667 00000001 00000000 03938700 000004f8
capture_snapshot GLI1 00010000 60000000 2500000 588 0 60000000 0 0 0 0 0 0 0 3e1708d0 0000003e 4bd954d8 0000003e 0092c32c 00000000 0092c32c 00000000 0000006a 00000000 00000000 00000000 0dc25628 00000000 0092c396 00000000 00000000 00000000 00000000 00000039 008b3199 00000001 00000000 00000001 00000000 00000000 00000000 00000000 00000000 00000000 00000000 00000000 00000000 00000000 00000000 00000000 00000000 00000000 00000000 00000000 75a05839 00000068 4bd954fb 0000003e 00000000 00000000 00000000 00000000 00000201 00000101 00000000 00000000 00000000 00000000 00000000 00000000 00000000 00003333 00004ccd 00002667 00000001 00000000 03938700 000004f8
capture_snapshot GLI1 00010000 60000000 2500000 589 0 60000000 0 0 0 0 0 0 0 3e1708d0 0000003e 4bdf5628 0000003e 0093033a 00000000 0093033a 00000000 0000006a 00000000 00000000 00000000 0dc85775 00000000 009303a4 00000000 00000000 00000000 00000000 00000039 008b3199 00000001 00000000 00000001 00000000 00000000 00000000 00000000 00000000 00000000 00000000 00000000 00000000 00000000 00000000 00000000 00000000 00000000 00000000 00000000 75aa5a50 00000068 4bdf5648 0000003e 00000000 00000000 00000000 00000000 00000201 00000100 00000000 00000000 00000000 00000000 00000000 00000000 00000000 00003333 00004ccd 00002667 00000001 00000000 03938700 000004f8
capture_snapshot GLI1 00010000 60000000 2500000 590 0 60000000 0 0 0 0 0 0 0 3e1708d0 0000003e 4be55478 0000003e 00934328 00000000 00934328 00000000 0000006a 00000000 00000000 00000000 0dce55cd 00000000 00934392 00000000 00000000 00000000 00000000 00000039 008b3199 00000001 00000000 00000001 00000000 00000000 00000000 00000000 00000000 00000000 00000000 00000000 00000000 00000000 00000000 00000000 00000000 00000000 00000000 00000000 75b4577a 00000068 4be554a0 0000003e 00000000 00000000 00000000 00000000 00000201 00000100 00000000 00000000 00000000 00000000 00000000 00000000 00000000 00003333 00004ccd 00002667 00000001 00000000 03938700 000004f8
capture_snapshot GLI1 00010000 60000000 2500000 591 0 60000000 0 0 0 0 0 0 0 3e1708d0 0000003e 4beb54c0 0000003e 0093832b 00000000 0093832b 00000000 0000006a 00000000 00000000 00000000 0dd4561c 00000000 00938395 00000000 00000000 00000000 00000000 00000039 008b3199 00000001 00000000 00000001 00000000 00000000 00000000 00000000 00000000 00000000 00000000 00000000 00000000 00000000 00000000 00000000 00000000 00000000 00000000 00000000 75be57ea 00000068 4beb54ef 0000003e 00000000 00000000 00000000 00000000 00000201 00000101 00000000 00000000 00000000 00000000 00000000 00000000 00000000 00003333 00004ccd 00002667 00000001 00000000 03938700 000004f8
capture_snapshot GLI1 00010000 60000000 2500000 592 0 60000000 0 0 0 0 0 0 0 3e1708d0 0000003e 4bf151c0 0000003e 0093c30b 00000000 0093c30b 00000000 0000006a 00000000 00000000 00000000 0dda5311 00000000 0093c375 00000000 00000000 00000000 00000000 00000039 008b3199 00000001 00000000 00000001 00000000 00000000 00000000 00000000 00000000 00000000 00000000 00000000 00000000 00000000 00000000 00000000 00000000 00000000 00000000 00000000 75c852c5 00000068 4bf151e4 0000003e 00000000 00000000 00000000 00000000 00000201 00000101 00000000 00000000 00000000 00000000 00000000 00000000 00000000 00003333 00004ccd 00002667 00000001 00000000 03938700 000004f8
capture_snapshot GLI1 00010000 60000000 2500000 593 0 60000000 0 0 0 0 0 0 0 3e1708d0 0000003e 4bf75088 0000003e 009402fe 00000000 009402fe 00000000 0000006a 00000000 00000000 00000000 0de051e0 00000000 00940368 00000000 00000000 00000000 00000000 00000039 008b3199 00000001 00000000 00000001 00000000 00000000 00000000 00000000 00000000 00000000 00000000 00000000 00000000 00000000 00000000 00000000 00000000 00000000 00000000 00000000 75d250b5 00000068 4bf750b3 0000003e 00000000 00000000 00000000 00000000 00000201 00000101 00000000 00000000 00000000 00000000 00000000 00000000 00000000 00003333 00004ccd 00002667 00000001 00000000 03938700 000004f8
capture_snapshot GLI1 00010000 60000000 2500000 594 0 60000000 0 0 0 0 0 0 0 3e1708d0 0000003e 4bfd49b0 0000003e 009442b5 00000000 009442b5 00000000 0000006a 00000000 00000000 00000000 0de64b0b 00000000 0094431f 00000000 00000000 00000000 00000000 00000039 008b3199 00000001 00000000 00000001 00000000 00000000 00000000 00000000 00000000 00000000 00000000 00000000 00000000 00000000 00000000 00000000 00000000 00000000 00000000 00000000 75dc453e 00000068 4bfd49de 0000003e 00000000 00000000 00000000 00000000 00000201 00000101 00000000 00000000 00000000 00000000 00000000 00000000 00000000 00003333 00004ccd 00002667 00000001 00000000 03938700 000004f8
capture_snapshot GLI1 00010000 60000000 2500000 595 0 60000000 0 0 0 0 0 0 0 3e1708d0 0000003e 4c0352f8 0000003e 00948318 00000000 00948318 00000000 0000006a 00000000 00000000 00000000 0dec544a 00000000 00948382 00000000 00000000 00000000 00000000 00000039 008b3199 00000001 00000000 00000001 00000000 00000000 00000000 00000000 00000000 00000000 00000000 00000000 00000000 00000000 00000000 00000000 00000000 00000000 00000000 00000000 75e65493 00000068 4c03531d 0000003e 00000000 00000000 00000000 00000000 00000201 00000100 00000000 00000000 00000000 00000000 00000000 00000000 00000000 00003333 00004ccd 00002667 00000001 00000000 03938700 000004f8
capture_snapshot GLI1 00010000 60000000 2500000 596 0 60000000 0 0 0 0 0 0 0 3e1708d0 0000003e 4c095328 0000003e 0094c31a 00000000 0094c31a 00000000 0000006a 00000000 00000000 00000000 0df25476 00000000 0094c384 00000000 00000000 00000000 00000000 00000039 008b3199 00000001 00000000 00000001 00000000 00000000 00000000 00000000 00000000 00000000 00000000 00000000 00000000 00000000 00000000 00000000 00000000 00000000 00000000 00000000 75f054c8 00000068 4c095349 0000003e 00000000 00000000 00000000 00000000 00000201 00000101 00000000 00000000 00000000 00000000 00000000 00000000 00000000 00003333 00004ccd 00002667 00000001 00000000 03938700 000004f8
capture_snapshot GLI1 00010000 60000000 2500000 597 0 60000000 0 0 0 0 0 0 0 3e1708d0 0000003e 4c0f6f78 0000003e 00950448 00000000 00950448 00000000 0000006a 00000000 00000000 00000000 0df870d4 00000000 009504b2 00000000 00000000 00000000 00000000 00000039 008b3199 00000001 00000000 00000001 00000000 00000000 00000000 00000000 00000000 00000000 00000000 00000000 00000000 00000000 00000000 00000000 00000000 00000000 00000000 00000000 75fa83fd 00000068 4c0f6fa7 0000003e 00000000 00000000 00000000 00000000 00000201 00000101 00000000 00000000 00000000 00000000 00000000 00000000 00000000 00003333 00004ccd 00002667 00000001 00000000 03938700 000004f8
capture_snapshot GLI1 00010000 60000000 2500000 598 0 60000000 0 0 0 0 0 0 0 3e1708d0 0000003e 4c1557f0 0000003e 0095434d 00000000 0095434d 00000000 0000006a 00000000 00000000 00000000 0dfe5943 00000000 009543b7 00000000 00000000 00000000 00000000 00000039 008b3199 00000001 00000000 00000001 00000000 00000000 00000000 00000000 00000000 00000000 00000000 00000000 00000000 00000000 00000000 00000000 00000000 00000000 00000000 00000000 76045ca2 00000068 4c155816 0000003e 00000000 00000000 00000000 00000000 00000201 00000100 00000000 00000000 00000000 00000000 00000000 00000000 00000000 00003333 00004ccd 00002667 00000001 00000000 03938700 000004f8
capture_snapshot GLI1 00010000 60000000 2500000 599 0 60000000 0 0 0 0 0 0 0 3e1708d0 0000003e 4c1b5340 0000003e 0095831b 00000000 0095831a 00000000 0000006a 00000000 00000000 00000000 0e04548a 00000000 00958385 00000000 00000000 00000000 00000000 0000003b 008b3199 00000001 00000001 00000001 00000000 00000000 00000000 00000000 00000000 00000000 00000000 00000000 00000000 00000000 00000000 00000000 00000000 00000000 00000000 00000000 760e54af 00000068 4c1b535d 0000003e 00000000 00000000 00000000 00000000 00000202 00000100 00000000 00000000 00000000 00000000 00000000 00000000 00000000 00003333 00004ccd 00002667 00000001 00000000 03938700 000004f8
capture_snapshot GLI1 00010000 60000000 2500000 600 0 60000000 0 0 0 0 0 0 0 3e1708d0 0000003e 4c215778 0000003e 0095c348 00000000 0095c348 00000000 0000006a 00000000 00000000 00000000 0e0a58d9 00000000 0095c3b2 00000000 00000000 00000000 00000000 00000039 008b3199 00000001 00000000 00000001 00000000 00000000 00000000 00000000 00000000 00000000 00000000 00000000 00000000 00000000 00000000 00000000 00000000 00000000 00000000 00000000 76185bca 00000068 4c2157ac 0000003e 00000000 00000000 00000000 00000000 00000201 00000101 00000000 00000000 00000000 00000000 00000000 00000000 00000000 00003333 00004ccd 00002667 00000001 00000000 03938700 000004f8
capture_snapshot GLI1 00010000 60000000 2500000 601 0 60000000 0 0 0 0 0 0 0 3e1708d0 0000003e 4c275b20 0000003e 0096036f 00000000 0096036f 00000000 0000006a 00000000 00000000 00000000 0e105c80 00000000 009603d9 00000000 00000000 00000000 00000000 00000039 008b3199 00000001 00000000 00000001 00000000 00000000 00000000 00000000 00000000 00000000 00000000 00000000 00000000 00000000 00000000 00000000 00000000 00000000 00000000 00000000 762261cd 00000068 4c275b53 0000003e 00000000 00000000 00000000 00000000 00000201 00000101 00000000 00000000 00000000 00000000 00000000 00000000 00000000 00003333 00004ccd 00002667 00000001 00000000 03938700 000004f8
capture_snapshot GLI1 00010000 60000000 2500000 602 0 60000000 0 0 0 0 0 0 0 3e1708d0 0000003e 4c2d55b0 0000003e 00964335 00000000 00964334 00000000 0000006a 00000000 00000000 00000000 0e1656f9 00000000 0096439f 00000000 00000000 00000000 00000000 0000003b 008b3199 00000001 00000001 00000001 00000000 00000000 00000000 00000000 00000000 00000000 00000000 00000000 00000000 00000000 00000000 00000000 00000000 00000000 00000000 00000000 762c5884 00000068 4c2d55cc 0000003e 00000000 00000000 00000000 00000000 00000201 00000101 00000000 00000000 00000000 00000000 00000000 00000000 00000000 00003333 00004ccd 00002667 00000001 00000000 03938700 000004f8
capture_snapshot GLI1 00010000 60000000 2500000 603 0 60000000 0 0 0 0 0 0 0 3e1708d0 0000003e 4c335b50 0000003e 00968371 00000000 00968371 00000000 0000006a 00000000 00000000 00000000 0e1c5cab 00000000 009683db 00000000 00000000 00000000 00000000 00000039 008b3199 00000001 00000000 00000001 00000000 00000000 00000000 00000000 00000000 00000000 00000000 00000000 00000000 00000000 00000000 00000000 00000000 00000000 00000000 00000000 763661ed 00000068 4c335b7e 0000003e 00000000 00000000 00000000 00000000 00000202 00000101 00000000 00000000 00000000 00000000 00000000 00000000 00000000 00003333 00004ccd 00002667 00000001 00000000 03938700 000004f8
capture_snapshot GLI1 00010000 60000000 2500000 604 0 60000000 0 0 0 0 0 0 0 3e1708d0 0000003e 4c395598 0000003e 0096c334 00000000 0096c334 00000000 0000006a 00000000 00000000 00000000 0e2256eb 00000000 0096c39e 00000000 00000000 00000000 00000000 00000039 008b3199 00000001 00000000 00000001 00000000 00000000 00000000 00000000 00000000 00000000 00000000 00000000 00000000 00000000 00000000 00000000 00000000 00000000 00000000 00000000 76405845 00000068 4c3955be 0000003e 00000000 00000000 00000000 00000000 00000201 00000101 00000000 00000000 00000000 00000000 00000000 00000000 00000000 00003333 00004ccd 00002667 00000001 00000000 03938700 000004f8
capture_snapshot GLI1 00010000 60000000 2500000 605 0 60000000 0 0 0 0 0 0 0 3e1708d0 0000003e 4c3f54f0 0000003e 0097032d 00000000 0097032d 00000000 0000006a 00000000 00000000 00000000 0e285643 00000000 00970397 00000000 00000000 00000000 00000000 00000039 008b3199 00000001 00000000 00000001 00000000 00000000 00000000 00000000 00000000 00000000 00000000 00000000 00000000 00000000 00000000 00000000 00000000 00000000 00000000 00000000 764a5719 00000068 4c3f5516 0000003e 00000000 00000000 00000000 00000000 00000201 00000100 00000000 00000000 00000000 00000000 00000000 00000000 00000000 00003333 00004ccd 00002667 00000001 00000000 03938700 000004f8
capture_snapshot GLI1 00010000 60000000 2500000 606 0 60000000 0 0 0 0 0 0 0 3e1708d0 0000003e 4c4557d8 0000003e 0097434c 00000000 0097434c 00000000 0000006a 00000000 00000000 00000000 0e2e5924 00000000 009743b6 00000000 00000000 00000000 00000000 00000039 008b3199 00000001 00000000 00000001 00000000 00000000 00000000 00000000 00000000 00000000 00000000 00000000 00000000 00000000 00000000 00000000 00000000 00000000 00000000 00000000 76545bd1 00000068 4c4557f7 0000003e 00000000 00000000 00000000 00000000 00000201 00000101 00000000 00000000 00000000 00000000 00000000 00000000 00000000 00003333 00004ccd 00002667 00000001 00000000 03938700 000004f8
capture_snapshot GLI1 00010000 60000000 2500000 607 0 60000000 0 0 0 0 0 0 0 3e1708d0 0000003e 4c4b55f8 0000003e 00978338 00000000 00978338 00000000 0000006a 00000000 00000000 00000000 0e34574b 00000000 009783a2 00000000 00000000 00000000 00000000 00000039 008b3199 00000001 00000000 00000001 00000000 00000000 00000000 00000000 00000000 00000000 00000000 00000000 00000000 00000000 00000000 00000000 00000000 00000000 00000000 00000000 765e58aa 00000068 4c4b561e 0000003e 00000000 00000000 00000000 00000000 00000201 00000101 00000000 00000000 00000000 00000000 00000000 00000000 00000000 00003333 00004ccd 00002667 00000001 00000000 03938700 000004f8
capture_snapshot GLI1 00010000 60000000 2500000 608 0 60000000 0 0 0 0 0 0 0 3e1708d0 0000003e 4c515088 0000003e 0097c2fe 00000000 0097c2fe 00000000 0000006a 00000000 00000000 00000000 0e3a51e3 00000000 0097c368 00000000 00000000 00000000 00000000 00000039 008b3199 00000001 00000000 00000001 00000000 00000000 00000000 00000000 00000000 00000000 00000000 00000000 00000000 00000000 00000000 00000000 00000000 00000000 00000000 00000000 76684f93 00000068 4c5150b6 0000003e 00000000 00000000 00000000 00000000 00000201 00000101 00000000 00000000 00000000 00000000 00000000 00000000 00000000 00003333 00004ccd 00002667 00000001 00000000 03938700 000004f8
capture_snapshot GLI1 00010000 60000000 2500000 609 0 60000000 0 0 0 0 0 0 0 3e1708d0 0000003e 4c575400 0000003e 00980323 00000000 00980323 00000000 0000006a 00000000 00000000 00000000 0e40555f 00000000 0098038d 00000000 00000000 00000000 00000000 00000039 008b3199 00000001 00000000 00000001 00000000 00000000 00000000 00000000 00000000 00000000 00000000 00000000 00000000 00000000 00000000 00000000 00000000 00000000 00000000 00000000 7672554f 00000068 4c575432 0000003e 00000000 00000000 00000000 00000000 00000201 00000101 00000000 00000000 00000000 00000000 00000000 00000000 00000000 00003333 00004ccd 00002667 00000001 00000000 03938700 000004f8
capture_snapshot GLI1 00010000 60000000 2500000 610 0 60000000 0 0 0 0 0 0 0 3e1708d0 0000003e 4c5d5778 0000003e 00984348 00000000 00984348 00000000 0000006a 00000000 00000000 00000000 0e4658cc 00000000 009843b2 00000000 00000000 00000000 00000000 00000039 008b3199 00000001 00000000 00000001 00000000 00000000 00000000 00000000 00000000 00000000 00000000 00000000 00000000 00000000 00000000 00000000 00000000 00000000 00000000 00000000 767c5af0 00000068 4c5d579f 0000003e 00000000 00000000 00000000 00000000 00000201 00000101 00000000 00000000 00000000 00000000 00000000 00000000 00000000 00003333 00004ccd 00002667 00000001 00000000 03938700 000004f8
capture_snapshot GLI1 00010000 60000000 2500000 611 0 60000000 0 0 0 0 0 0 0 3e1708d0 0000003e 4c6352b0 0000003e 00988315 00000000 00988315 00000000 0000006a 00000000 00000000 00000000 0e4c5404 00000000 0098837f 00000000 00000000 00000000 00000000 00000039 008b3199 00000001 00000000 00000001 00000000 00000000 00000000 00000000 00000000 00000000 00000000 00000000 00000000 00000000 00000000 00000000 00000000 00000000 00000000 00000000 768652e5 00000068 4c6352d7 0000003e 00000000 00000000 00000000 00000000 00000201 00000101 00000000 00000000 00000000 00000000 00000000 00000000 00000000 00003333 00004ccd 00002667 00000001 00000000 03938700 000004f8
capture_snapshot GLI1 00010000 60000000 2500000 612 0 60000000 0 0 0 0 0 0 0 3e1708d0 0000003e 4c6956a0 0000003e 0098c33f 00000000 0098c33f 00000000 0000006a 00000000 00000000 00000000 0e5257f8 00000000 0098c3a9 00000000 00000000 00000000 00000000 00000039 008b3199 00000001 00000000 00000001 00000000 00000000 00000000 00000000 00000000 00000000 00000000 00000000 00000000 00000000 00000000 00000000 00000000 00000000 00000000 00000000 76905968 00000068 4c6956cb 0000003e 00000000 00000000 00000000 00000000 00000201 00000100 00000000 00000000 00000000 00000000 00000000 00000000 00000000 00003333 00004ccd 00002667 00000001 00000000 03938700 000004f8
capture_snapshot GLI1 00010000 60000000 2500000 613 0 60000000 0 0 0 0 0 0 0 3e1708d0 0000003e 4c6f5478 0000003e 00990328 00000000 00990328 00000000 0000006a 00000000 00000000 00000000 0e5855c9 00000000 00990392 00000000 00000000 00000000 00000000 00000039 008b3199 00000001 00000000 00000001 00000000 00000000 00000000 00000000 00000000 00000000 00000000 00000000 00000000 00000000 00000000 00000000 00000000 00000000 00000000 00000000 769a55b1 00000068 4c6f549c 0000003e 00000000 00000000 00000000 00000000 00000201 00000101 00000000 00000000 00000000 00000000 00000000 00000000 00000000 00003333 00004ccd 00002667 00000001 00000000 03938700 000004f8
capture_snapshot GLI1 00010000 60000000 2500000 614 0 60000000 0 0 0 0 0 0 0 3e1708d0 0000003e 4c754fe0 0000003e 009942f7 00000000 009942f7 00000000 0000006a 00000000 00000000 00000000 0e5e512d 00000000 00994361 00000000 00000000 00000000 00000000 00000039 008b3199 00000001 00000000 00000001 00000000 00000000 00000000 00000000 00000000 00000000 00000000 00000000 00000000 00000000 00000000 00000000 00000000 00000000 00000000 00000000 76a44def 00000068 4c755000 0000003e 00000000 00000000 00000000 00000000 00000201 00000101 00000000 00000000 00000000 00000000 00000000 00000000 00000000 00003333 00004ccd 00002667 00000001 00000000 03938700 000004f8
capture_snapshot GLI1 00010000 60000000 2500000 615 0 60000000 0 0 0 0 0 0 0 3e1708d0 0000003e 4c7b5f40 0000003e 0099839b 00000000 0099839b 00000000 0000006a 00000000 00000000 00000000 0e64608c 00000000 00998405 00000000 00000000 00000000 00000000 00000039 008b3199 00000001 00000000 00000001 00000000 00000000 00000000 00000000 00000000 00000000 00000000 00000000 00000000 00000000 00000000 00000000 00000000 00000000 00000000 00000000 76ae677a 00000068 4c7b5f5f 0000003e 00000000 00000000 00000000 00000000 00000201 00000101 00000000 00000000 00000000 00000000 00000000 00000000 00000000 00003333 00004ccd 00002667 00000001 00000000 03938700 000004f8
capture_snapshot GLI1 00010000 60000000 2500000 616 0 60000000 0 0 0 0 0 0 0 3e1708d0 0000003e 4c815718 0000003e 0099c344 00000000 0099c344 00000000 0000006a 00000000 00000000 00000000 0e6a586c 00000000 0099c3ae 00000000 00000000 00000000 00000000 00000039 008b3199 00000001 00000000 00000001 00000000 00000000 00000000 00000000 00000000 00000000 00000000 00000000 00000000 00000000 00000000 00000000 00000000 00000000 00000000 00000000 76b859db 00000068 4c81573f 0000003e 00000000 00000000 00000000 00000000 00000201 00000101 00000000 00000000 00000000 00000000 00000000 00000000 00000000 00003333 00004ccd 00002667 00000001 00000000 03938700 000004f8
capture_snapshot GLI1 00010000 60000000 2500000 617 0 60000000 0 0 0 0 0 0 0 3e1708d0 0000003e 4c875598 0000003e 009a0334 00000000 009a0334 00000000 0000006a 00000000 00000000 00000000 0e7056ef 00000000 009a039e 00000000 00000000 00000000 00000000 00000039 008b3199 00000001 00000000 00000001 00000000 00000000 00000000 00000000 00000000 00000000 00000000 00000000 00000000 00000000 00000000 00000000 00000000 00000000 00000000 00000000 76c2574d 00000068 4c8755c2 0000003e 00000000 00000000 00000000 00000000 00000201 00000101 00000000 00000000 00000000 00000000 00000000 00000000 00000000 00003333 00004ccd 00002667 00000001 00000000 03938700 000004f8
capture_snapshot GLI1 00010000 60000000 2500000 618 0 60000000 0 0 0 0 0 0 0 3e1708d0 0000003e 4c8d55b0 0000003e 009a4335 00000000 009a4335 00000000 0000006a 00000000 00000000 00000000 0e76570e 00000000 009a439f 00000000 00000000 00000000 00000000 00000039 008b3199 00000001 00000000 00000001 00000000 00000000 00000000 00000000 00000000 00000000 00000000 00000000 00000000 00000000 00000000 00000000 00000000 00000000 00000000 00000000 76cc576d 00000068 4c8d55e1 0000003e 00000000 00000000 00000000 00000000 00000201 00000101 00000000 00000000 00000000 00000000 00000000 00000000 00000000 00003333 00004ccd 00002667 00000001 00000000 03938700 000004f8
capture_snapshot GLI1 00010000 60000000 2500000 619 0 60000000 0 0 0 0 0 0 0 3e1708d0 0000003e 4c9354a8 0000003e 009a832a 00000000 009a832a 00000000 0000006a 00000000 00000000 00000000 0e7c55f3 00000000 009a8394 00000000 00000000 00000000 00000000 00000039 008b3199 00000001 00000000 00000001 00000000 00000000 00000000 00000000 00000000 00000000 00000000 00000000 00000000 00000000 00000000 00000000 00000000 00000000 00000000 00000000 76d65581 00000068 4c9354c6 0000003e 00000000 00000000 00000000 00000000 00000202 00000101 00000000 00000000 00000000 00000000 00000000 00000000 00000000 00003333 00004ccd 00002667 00000001 00000000 03938700 000004f8
capture_snapshot GLI1 00010000 60000000 2500000 620 0 60000000 0 0 0 0 0 0 0 3e1708d0 0000003e 4c995598 0000003e 009ac334 00000000 009ac334 00000000 0000006a 00000000 00000000 00000000 0e8256e9 00000000 009ac39e 00000000 00000000 00000000 00000000 00000039 008b3199 00000001 00000000 00000001 00000000 00000000 00000000 00000000 00000000 00000000 00000000 00000000 00000000 00000000 00000000 00000000 00000000 00000000 00000000 00000000 76e05707 00000068 4c9955bc 0000003e 00000000 00000000 00000000 00000000 00000201 00000101 00000000 00000000 00000000 00000000 00000000 00000000 00000000 00003333 00004ccd 00002667 00000001 00000000 03938700 000004f8
capture_snapshot GLI1 00010000 60000000 2500000 621 0 60000000 0 0 0 0 0 0 0 3e1708d0 0000003e 4c9f5568 0000003e 009b0332 00000000 009b0332 00000000 0000006a 00000000 00000000 00000000 0e8856c1 00000000 009b039c 00000000 00000000 00000000 00000000 00000039 008b3199 00000001 00000000 00000001 00000000 00000000 00000000 00000000 00000000 00000000 00000000 00000000 00000000 00000000 00000000 00000000 00000000 00000000 00000000 00000000 76ea56b1 00000068 4c9f5594 0000003e 00000000 00000000 00000000 00000000 00000201 00000101 00000000 00000000 00000000 00000000 00000000 00000000 00000000 00003333 00004ccd 00002667 00000001 00000000 03938700 000004f8
capture_snapshot GLI1 00010000 60000000 2500000 622 0 60000000 0 0 0 0 0 0 0 3e1708d0 0000003e 4ca559a0 0000003e 009b435f 00000000 009b435f 00000000 0000006a 00000000 00000000 00000000 0e8e5afc 00000000 009b43c9 00000000 00000000 00000000 00000000 00000039 008b3199 00000001 00000000 00000001 00000000 00000000 00000000 00000000 00000000 00000000 00000000 00000000 00000000 00000000 00000000 00000000 00000000 00000000 00000000 00000000 76f45dab 00000068 4ca559cf 0000003e 00000000 00000000 00000000 00000000 00000201 00000101 00000000 00000000 00000000 00000000 00000000 00000000 00000000 00003333 00004ccd 00002667 00000001 00000000 03938700 000004f8
capture_snapshot GLI1 00010000 60000000 2500000 623 0 60000000 0 0 0 0 0 0 0 3e1708d0 0000003e 4cab4b18 0000003e 009b82c4 00000000 009b82c4 00000000 0000006a 00000000 00000000 00000000 0e944c64 00000000 009b832e 00000000 00000000 00000000 00000000 00000039 008b3199 00000001 00000000 00000001 00000000 00000000 00000000 00000000 00000000 00000000 00000000 00000000 00000000 00000000 00000000 00000000 00000000 00000000 00000000 00000000 76fe4546 00000068 4cab4b37 0000003e 00000000 00000000 00000000 00000000 00000201 00000101 00000000 00000000 00000000 00000000 00000000 00000000 00000000 00003333 00004ccd 00002667 00000001 00000000 03938700 000004f8
capture_snapshot GLI1 00010000 60000000 2500000 624 0 60000000 0 0 0 0 0 0 0 3e1708d0 0000003e 4cb15778 0000003e 009bc348 00000000 009bc348 00000000 0000006a 00000000 00000000 00000000 0e9a58c3 00000000 009bc3b2 00000000 00000000 00000000 00000000 00000039 008b3199 00000001 00000000 00000001 00000000 00000000 00000000 00000000 00000000 00000000 00000000 00000000 00000000 00000000 00000000 00000000 00000000 00000000 00000000 00000000 770859d0 00000068 4cb15796 0000003e 00000000 00000000 00000000 00000000 00000201 00000101 00000000 00000000 00000000 00000000 00000000 00000000 00000000 00003333 00004ccd 00002667 00000001 00000000 03938700 000004f8
capture_snapshot GLI1 00010000 60000000 2500000 625 0 60000000 0 0 0 0 0 0 0 3e1708d0 0000003e 4cb75958 0000003e 009c035c 00000000 009c035b 00000000 0000006a 00000000 00000000 00000000 0ea05aa2 00000000 009c03c6 00000000 00000000 00000000 00000000 0000003b 008b3199 00000001 00000001 00000001 00000000 00000000 00000000 00000000 00000000 00000000 00000000 00000000 00000000 00000000 00000000 00000000 00000000 00000000 00000000 00000000 77125cda 00000068 4cb75975 0000003e 00000000 00000000 00000000 00000000 00000202 00000100 00000000 00000000 00000000 00000000 00000000 00000000 00000000 00003333 00004ccd 00002667 00000001 00000000 03938700 000004f8
capture_snapshot GLI1 00010000 60000000 2500000 626 0 60000000 0 0 0 0 0 0 0 3e1708d0 0000003e 4cbd6b88 0000003e 009c441e 00000000 009c441e 00000000 0000006a 00000000 00000000 00000000 0ea66cdb 00000000 009c4488 00000000 00000000 00000000 00000000 00000039 008b3199 00000001 00000000 00000001 00000000 00000000 00000000 00000000 00000000 00000000 00000000 00000000 00000000 00000000 00000000 00000000 00000000 00000000 00000000 00000000 771c7b26 00000068 4cbd6bae 0000003e 00000000 00000000 00000000 00000000 00000201 00000101 00000000 00000000 00000000 00000000 00000000 00000000 00000000 00003333 00004ccd 00002667 00000001 00000000 03938700 000004f8
capture_snapshot GLI1 00010000 60000000 2500000 627 0 60000000 0 0 0 0 0 0 0 3e1708d0 0000003e 4cc35070 0000003e 009c82fd 00000000 009c82fd 00000000 0000006a 00000000 00000000 00000000 0eac51c4 00000000 009c8367 00000000 00000000 00000000 00000000 00000039 008b3199 00000001 00000000 00000001 00000000 00000000 00000000 00000000 00000000 00000000 00000000 00000000 00000000 00000000 00000000 00000000 00000000 00000000 00000000 00000000 77264dec 00000068 4cc35097 0000003e 00000000 00000000 00000000 00000000 00000201 00000101 00000000 00000000 00000000 00000000 00000000 00000000 00000000 00003333 00004ccd 00002667 00000001 00000000 03938700 000004f8
capture_snapshot GLI1 00010000 60000000 2500000 628 0 60000000 0 0 0 0 0 0 0 3e1708d0 0000003e 4cc95478 0000003e 009cc328 00000000 009cc328 00000000 0000006a 00000000 00000000 00000000 0eb255cb 00000000 009cc392 00000000 00000000 00000000 00000000 00000039 008b3199 00000001 00000000 00000001 00000000 00000000 00000000 00000000 00000000 00000000 00000000 00000000 00000000 00000000 00000000 00000000 00000000 00000000 00000000 00000000 7730548f 00000068 4cc9549e 0000003e 00000000 00000000 00000000 00000000 00000201 00000101 00000000 00000000 00000000 00000000 00000000 00000000 00000000 00003333 00004ccd 00002667 00000001 00000000 03938700 000004f8
capture_snapshot GLI1 00010000 60000000 2500000 629 0 60000000 0 0 0 0 0 0 0 3e1708d0 0000003e 4ccf5520 0000003e 009d032f 00000000 009d032f 00000000 0000006a 00000000 00000000 00000000 0eb8567f 00000000 009d0399 00000000 00000000 00000000 00000000 00000039 008b3199 00000001 00000000 00000001 00000000 00000000 00000000 00000000 00000000 00000000 00000000 00000000 00000000 00000000 00000000 00000000 00000000 00000000 00000000 00000000 773a55a7 00000068 4ccf5552 0000003e 00000000 00000000 00000000 00000000 00000201 00000100 00000000 00000000 00000000 00000000 00000000 00000000 00000000 00003333 00004ccd 00002667 00000001 00000000 03938700 000004f8
capture_snapshot GLI1 00010000 60000000 2500000 630 0 60000000 0 0 0 0 0 0 0 3e1708d0 0000003e 4cd55820 0000003e 009d434f 00000000 009d434f 00000000 0000006a 00000000 00000000 00000000 0ebe597b 00000000 009d43b9 00000000 00000000 00000000 00000000 00000039 008b3199 00000001 00000000 00000001 00000000 00000000 00000000 00000000 00000000 00000000 00000000 00000000 00000000 00000000 00000000 00000000 00000000 00000000 00000000 00000000 77445a8d 00000068 4cd5584e 0000003e 00000000 00000000 00000000 00000000 00000201 00000101 00000000 00000000 00000000 00000000 00000000 00000000 00000000 00003333 00004ccd 00002667 00000001 00000000 03938700 000004f8
capture_snapshot GLI1 00010000 60000000 2500000 631 0 60000000 0 0 0 0 0 0 0 3e1708d0 0000003e 4cdb5598 0000003e 009d8334 00000000 009d8334 00000000 0000006a 00000000 00000000 00000000 0ec456e4 00000000 009d839e 00000000 00000000 00000000 00000000 00000039 008b3199 00000001 00000000 00000001 00000000 00000000 00000000 00000000 00000000 00000000 00000000 00000000 00000000 00000000 00000000 00000000 00000000 00000000 00000000 00000000 774e5628 00000068 4cdb55b7 0000003e 00000000 00000000 00000000 00000000 00000201 00000101 00000000 00000000 00000000 00000000 00000000 00000000 00000000 00003333 00004ccd 00002667 00000001 00000000 03938700 000004f8
capture_snapshot GLI1 00010000 60000000 2500000 632 0 60000000 0 0 0 0 0 0 0 3e1708d0 0000003e 4ce15610 0000003e 009dc339 00000000 009dc339 00000000 0000006a 00000000 00000000 00000000 0eca575e 00000000 009dc3a3 00000000 00000000 00000000 00000000 00000039 008b3199 00000001 00000000 00000001 00000000 00000000 00000000 00000000 00000000 00000000 00000000 00000000 00000000 00000000 00000000 00000000 00000000 00000000 00000000 00000000 775856e0 00000068 4ce15631 0000003e 00000000 00000000 00000000 00000000 00000201 00000100 00000000 00000000 00000000 00000000 00000000 00000000 00000000 00003333 00004ccd 00002667 00000001 00000000 03938700 000004f8
capture_snapshot GLI1 00010000 60000000 2500000 633 0 60000000 0 0 0 0 0 0 0 3e1708d0 0000003e 4ce755b0 0000003e 009e0335 00000000 009e0335 00000000 0000006a 00000000 00000000 00000000 0ed0570a 00000000 009e039f 00000000 00000000 00000000 00000000 00000039 008b3199 00000001 00000000 00000001 00000000 00000000 00000000 00000000 00000000 00000000 00000000 00000000 00000000 00000000 00000000 00000000 00000000 00000000 00000000 00000000 77625640 00000068 4ce755dd 0000003e 00000000 00000000 00000000 00000000 00000202 00000100 00000000 00000000 00000000 00000000 00000000 00000000 00000000 00003333 00004ccd 00002667 00000001 00000000 03938700 000004f8
capture_snapshot GLI1 00010000 60000000 2500000 634 0 60000000 0 0 0 0 0 0 0 3e1708d0 0000003e 4ced5f40 0000003e 009e439b 00000000 009e439b 00000000 0000006a 00000000 00000000 00000000 0ed6609a 00000000 009e4405 00000000 00000000 00000000 00000000 00000039 008b3199 00000001 00000000 00000001 00000000 00000000 00000000 00000000 00000000 00000000 00000000 00000000 00000000 00000000 00000000 00000000 00000000 00000000 00000000 00000000 776c661d 00000068 4ced5f6d 0000003e 00000000 00000000 00000000 00000000 00000201 00000101 00000000 00000000 00000000 00000000 00000000 00000000 00000000 00003333 00004ccd 00002667 00000001 00000000 03938700 000004f8
capture_snapshot GLI1 00010000 60000000 2500000 635 0 60000000 0 0 0 0 0 0 0 3e1708d0 0000003e 4cf356b8 0000003e 009e8340 00000000 009e8340 00000000 0000006a 00000000 00000000 00000000 0edc5814 00000000 009e83aa 00000000 00000000 00000000 00000000 00000039 008b3199 00000001 00000000 00000001 00000000 00000000 00000000 00000000 00000000 00000000 00000000 00000000 00000000 00000000 00000000 00000000 00000000 00000000 00000000 00000000 777657d4 00000068 4cf356e7 0000003e 00000000 00000000 00000000 00000000 00000202 00000101 00000000 00000000 00000000 00000000 00000000 00000000 00000000 00003333 00004ccd 00002667 00000001 00000000 03938700 000004f8
capture_snapshot GLI1 00010000 60000000 2500000 636 0 60000000 0 0 0 0 0 0 0 3e1708d0 0000003e 4cf955f8 0000003e 009ec338 00000000 009ec338 00000000 0000006a 00000000 00000000 00000000 0ee25752 00000000 009ec3a2 00000000 00000000 00000000 00000000 00000039 008b3199 00000001 00000000 00000001 00000000 00000000 00000000 00000000 00000000 00000000 00000000 00000000 00000000 00000000 00000000 00000000 00000000 00000000 00000000 00000000 7780567e 00000068 4cf95625 0000003e 00000000 00000000 00000000 00000000 00000201 00000101 00000000 00000000 00000000 00000000 00000000 00000000 00000000 00003333 00004ccd 00002667 00000001 00000000 03938700 000004f8
capture_snapshot GLI1 00010000 60000000 2500000 637 0 60000000 0 0 0 0 0 0 0 3e1708d0 0000003e 4cff51f0 0000003e 009f030d 00000000 009f030d 00000000 0000006a 00000000 00000000 00000000 0ee85351 00000000 009f0377 00000000 00000000 00000000 00000000 00000039 008b3199 00000001 00000000 00000001 00000000 00000000 00000000 00000000 00000000 00000000 00000000 00000000 00000000 00000000 00000000 00000000 00000000 00000000 00000000 00000000 778a4fbd 00000068 4cff5224 0000003e 00000000 00000000 00000000 00000000 00000201 00000101 00000000 00000000 00000000 00000000 00000000 00000000 00000000 00003333 00004ccd 00002667 00000001 00000000 03938700 000004f8
capture_snapshot GLI1 00010000 60000000 2500000 638 0 60000000 0 0 0 0 0 0 0 3e1708d0 0000003e 4d0556e8 0000003e 009f4342 00000000 009f4342 00000000 0000006a 00000000 00000000 00000000 0eee5845 00000000 009f43ac 00000000 00000000 00000000 00000000 00000039 008b3199 00000001 00000000 00000001 00000000 00000000 00000000 00000000 00000000 00000000 00000000 00000000 00000000 00000000 00000000 00000000 00000000 00000000 00000000 00000000 779457eb 00000068 4d055718 0000003e 00000000 00000000 00000000 00000000 00000202 00000100 00000000 00000000 00000000 00000000 00000000 00000000 00000000 00003333 00004ccd 00002667 00000001 00000000 03938700 000004f8
capture_snapshot GLI1 00010000 60000000 2500000 639 0 60000000 0 0 0 0 0 0 0 3e1708d0 0000003e 4d0b5c10 0000003e 009f8379 00000000 009f8379 00000000 0000006a 00000000 00000000 00000000 0ef45d6e 00000000 009f83e3 00000000 00000000 00000000 00000000 00000039 008b3199 00000001 00000000 00000001 00000000 00000000 00000000 00000000 00000000 00000000 00000000 00000000 00000000 00000000 00000000 00000000 00000000 00000000 00000000 00000000 779e6072 00000068 4d0b5c41 0000003e 00000000 00000000 00000000 00000000 00000201 00000101 00000000 00000000 00000000 00000000 00000000 00000000 00000000 00003333 00004ccd 00002667 00000001 00000000 03938700 000004f8
capture_snapshot GLI1 00010000 60000000 2500000 640 0 60000000 0 0 0 0 0 0 0 3e1708d0 0000003e 4d115508 0000003e 009fc32e 00000000 009fc32e 00000000 0000006a 00000000 00000000 00000000 0efa565e 00000000 009fc398 00000000 00000000 00000000 00000000 00000039 008b3199 00000001 00000000 00000001 00000000 00000000 00000000 00000000 00000000 00000000 00000000 00000000 00000000 00000000 00000000 00000000 00000000 00000000 00000000 00000000 77a85499 00000068 4d115531 0000003e 00000000 00000000 00000000 00000000 00000201 00000101 00000000 00000000 00000000 00000000 00000000 00000000 00000000 00003333 00004ccd 00002667 00000001 00000000 03938700 000004f8
capture_snapshot GLI1 00010000 60000000 2500000 641 0 60000000 0 0 0 0 0 0 0 3e1708d0 0000003e 4d175880 0000003e 00a00353 00000000 00a00353 00000000 0000006a 00000000 00000000 00000000 0f0059d2 00000000 00a003bd 00000000 00000000 00000000 00000000 00000039 008b3199 00000001 00000000 00000001 00000000 00000000 00000000 00000000 00000000 00000000 00000000 00000000 00000000 00000000 00000000 00000000 00000000 00000000 00000000 00000000 77b25a46 00000068 4d1758a5 0000003e 00000000 00000000 00000000 00000000 00000202 00000100 00000000 00000000 00000000 00000000 00000000 00000000 00000000 00003333 00004ccd 00002667 00000001 00000000 03938700 000004f8
capture_snapshot GLI1 00010000 60000000 2500000 642 0 60000000 0 0 0 0 0 0 0 3e1708d0 0000003e 4d1d5298 0000003e 00a04314 00000000 00a04314 00000000 0000006a 00000000 00000000 00000000 0f0653f8 00000000 00a0437e 00000000 00000000 00000000 00000000 00000039 008b3199 00000001 00000000 00000001 00000000 00000000 00000000 00000000 00000000 00000000 00000000 00000000 00000000 00000000 00000000 00000000 00000000 00000000 00000000 00000000 77bc5072 00000068 4d1d52cb 0000003e 00000000 00000000 00000000 00000000 00000201 00000100 00000000 00000000 00000000 00000000 00000000 00000000 00000000 00003333 00004ccd 00002667 00000001 00000000 03938700 000004f8
capture_snapshot GLI1 00010000 60000000 2500000 643 0 60000000 0 0 0 0 0 0 0 3e1708d0 0000003e 4d2352c8 0000003e 00a08316 00000000 00a08316 00000000 0000006a 00000000 00000000 00000000 0f0c541c 00000000 00a08380 00000000 00000000 00000000 00000000 00000039 008b3199 00000001 00000000 00000001 00000000 00000000 00000000 00000000 00000000 00000000 00000000 00000000 00000000 00000000 00000000 00000000 00000000 00000000 00000000 00000000 77c6509b 00000068 4d2352ef 0000003e 00000000 00000000 00000000 00000000 00000201 00000101 00000000 00000000 00000000 00000000 00000000 00000000 00000000 00003333 00004ccd 00002667 00000001 00000000 03938700 000004f8
capture_snapshot GLI1 00010000 60000000 2500000 644 0 60000000 0 0 0 0 0 0 0 3e1708d0 0000003e 4d295538 0000003e 00a0c330 00000000 00a0c330 00000000 0000006a 00000000 00000000 00000000 0f125687 00000000 00a0c39a 00000000 00000000 00000000 00000000 00000039 008b3199 00000001 00000000 00000001 00000000 00000000 00000000 00000000 00000000 00000000 00000000 00000000 00000000 00000000 00000000 00000000 00000000 00000000 00000000 00000000 77d0548e 00000068 4d29555a 0000003e 00000000 00000000 00000000 00000000 00000201 00000101 00000000 00000000 00000000 00000000 00000000 00000000 00000000 00003333 00004ccd 00002667 00000001 00000000 03938700 000004f8
capture_snapshot GLI1 00010000 60000000 2500000 645 0 60000000 0 0 0 0 0 0 0 3e1708d0 0000003e 4d2f5a78 0000003e 00a10368 00000000 00a10368 00000000 0000006a 00000000 00000000 00000000 0f185bd7 00000000 00a103d2 00000000 00000000 00000000 00000000 00000039 008b3199 00000001 00000000 00000001 00000000 00000000 00000000 00000000 00000000 00000000 00000000 00000000 00000000 00000000 00000000 00000000 00000000 00000000 00000000 00000000 77da5d56 00000068 4d2f5aaa 0000003e 00000000 00000000 00000000 00000000 00000201 00000101 00000000 00000000 00000000 00000000 00000000 00000000 00000000 00003333 00004ccd 00002667 00000001 00000000 03938700 000004f8
capture_snapshot GLI1 00010000 60000000 2500000 646 0 60000000 0 0 0 0 0 0 0 3e1708d0 0000003e 4d354db8 0000003e 00a142e0 00000000 00a142e0 00000000 0000006a 00000000 00000000 00000000 0f1e4f11 00000000 00a1434a 00000000 00000000 00000000 00000000 00000039 008b3199 00000001 00000000 00000001 00000000 00000000 00000000 00000000 00000000 00000000 00000000 00000000 00000000 00000000 00000000 00000000 00000000 00000000 00000000 00000000 77e447f8 00000068 4d354de4 0000003e 00000000 00000000 00000000 00000000 00000201 00000101 00000000 00000000 00000000 00000000 00000000 00000000 00000000 00003333 00004ccd 00002667 00000001 00000000 03938700 000004f8
capture_snapshot GLI1 00010000 60000000 2500000 647 0 60000000 0 0 0 0 0 0 0 3e1708d0 0000003e 4d3b5850 0000003e 00a18351 00000000 00a18351 00000000 0000006a 00000000 00000000 00000000 0f2459b0 00000000 00a183bb 00000000 00000000 00000000 00000000 00000039 008b3199 00000001 00000000 00000001 00000000 00000000 00000000 00000000 00000000 00000000 00000000 00000000 00000000 00000000 00000000 00000000 00000000 00000000 00000000 00000000 77ee5998 00000068 4d3b5883 0000003e 00000000 00000000 00000000 00000000 00000201 00000100 00000000 00000000 00000000 00000000 00000000 00000000 00000000 00003333 00004ccd 00002667 00000001 00000000 03938700 000004f8
capture_snapshot GLI1 00010000 60000000 2500000 648 0 60000000 0 0 0 0 0 0 0 3e1708d0 0000003e 4d415850 0000003e 00a1c351 00000000 00a1c351 00000000 0000006a 00000000 00000000 00000000 0f2a59ac 00000000 00a1c3bb 00000000 00000000 00000000 00000000 00000039 008b3199 00000001 00000000 00000001 00000000 00000000 00000000 00000000 00000000 00000000 00000000 00000000 00000000 00000000 00000000 00000000 00000000 00000000 00000000 00000000 77f8597f 00000068 4d41587f 0000003e 00000000 00000000 00000000 00000000 00000201 00000101 00000000 00000000 00000000 00000000 00000000 00000000 00000000 00003333 00004ccd 00002667 00000001 00000000 03938700 000004f8
capture_snapshot GLI1 00010000 60000000 2500000 649 0 60000000 0 0 0 0 0 0 0 3e1708d0 0000003e 4d475238 0000003e 00a20310 00000000 00a20310 00000000 0000006a 00000000 00000000 00000000 0f305390 00000000 00a2037a 00000000 00000000 00000000 00000000 00000039 008b3199 00000001 00000000 00000001 00000000 00000000 00000000 00000000 00000000 00000000 00000000 00000000 00000000 00000000 00000000 00000000 00000000 00000000 00000000 00000000 78024f3c 00000068 4d475263 0000003e 00000000 00000000 00000000 00000000 00000201 00000101 00000000 00000000 00000000 00000000 00000000 00000000 00000000 00003333 00004ccd 00002667 00000001 00000000 03938700 000004f8
capture_snapshot GLI1 00010000 60000000 2500000 650 0 60000000 0 0 0 0 0 0 0 3e1708d0 0000003e 4d4d54a8 0000003e 00a2432a 00000000 00a2432a 00000000 0000006a 00000000 00000000 00000000 0f3655f9 00000000 00a24394 00000000 00000000 00000000 00000000 00000039 008b3199 00000001 00000000 00000001 00000000 00000000 00000000 00000000 00000000 00000000 00000000 00000000 00000000 00000000 00000000 00000000 00000000 00000000 00000000 00000000 780c532c 00000068 4d4d54cc 0000003e 00000000 00000000 00000000 00000000 00000202 00000101 00000000 00000000 00000000 00000000 00000000 00000000 00000000 00003333 00004ccd 00002667 00000001 00000000 03938700 000004f8
capture_snapshot GLI1 00010000 60000000 2500000 651 0 60000000 0 0 0 0 0 0 0 3e1708d0 0000003e 4d535298 0000003e 00a28314 00000000 00a28314 00000000 0000006a 00000000 00000000 00000000 0f3c53f6 00000000 00a2837e 00000000 00000000 00000000 00000000 00000039 008b3199 00000001 00000000 00000001 00000000 00000000 00000000 00000000 00000000 00000000 00000000 00000000 00000000 00000000 00000000 00000000 00000000 00000000 00000000 00000000 78164fbf 00000068 4d5352c9 0000003e 00000000 00000000 00000000 00000000 00000201 00000101 00000000 00000000 00000000 00000000 00000000 00000000 00000000 00003333 00004ccd 00002667 00000001 00000000 03938700 000004f8
capture_snapshot GLI1 00010000 60000000 2500000 652 0 60000000 0 0 0 0 0 0 0 3e1708d0 0000003e 4d595310 0000003e 00a2c319 00000000 00a2c319 00000000 0000006a 00000000 00000000 00000000 0f425468 00000000 00a2c383 00000000 00000000 00000000 00000000 00000039 008b3199 00000001 00000000 00000001 00000000 00000000 00000000 00000000 00000000 00000000 00000000 00000000 00000000 00000000 00000000 00000000 00000000 00000000 00000000 00000000 78205068 00000068 4d59533b 0000003e 00000000 00000000 00000000 00000000 00000201 00000101 00000000 00000000 00000000 00000000 00000000 00000000 00000000 00003333 00004ccd 00002667 00000001 00000000 03938700 000004f8
capture_snapshot GLI1 00010000 60000000 2500000 653 0 60000000 0 0 0 0 0 0 0 3e1708d0 0000003e 4d5f59d0 0000003e 00a30361 00000000 00a30361 00000000 0000006a 00000000 00000000 00000000 0f485b31 00000000 00a303cb 00000000 00000000 00000000 00000000 00000039 008b3199 00000001 00000000 00000001 00000000 00000000 00000000 00000000 00000000 00000000 00000000 00000000 00000000 00000000 00000000 00000000 00000000 00000000 00000000 00000000 782a5ba5 00000068 4d5f5a04 0000003e 00000000 00000000 00000000 00000000 00000201 00000101 00000000 00000000 00000000 00000000 00000000 00000000 00000000 00003333 00004ccd 00002667 00000001 00000000 03938700 000004f8
capture_snapshot GLI1 00010000 60000000 2500000 654 0 60000000 0 0 0 0 0 0 0 3e1708d0 0000003e 4d655388 0000003e 00a3431e 00000000 00a3431e 00000000 0000006a 00000000 00000000 00000000 0f4e54d6 00000000 00a34388 00000000 00000000 00000000 00000000 00000039 008b3199 00000001 00000000 00000001 00000000 00000000 00000000 00000000 00000000 00000000 00000000 00000000 00000000 00000000 00000000 00000000 00000000 00000000 00000000 00000000 783450f9 00000068 4d6553a9 0000003e 00000000 00000000 00000000 00000000 00000201 00000100 00000000 00000000 00000000 00000000 00000000 00000000 00000000 00003333 00004ccd 00002667 00000001 00000000 03938700 000004f8
capture_snapshot GLI1 00010000 60000000 2500000 655 0 60000000 0 0 0 0 0 0 0 3e1708d0 0000003e 4d6b5c58 0000003e 00a3837c 00000000 00a3837c 00000000 0000006a 00000000 00000000 00000000 0f545da9 00000000 00a383e6 00000000 00000000 00000000 00000000 00000039 008b3199 00000001 00000000 00000001 00000000 00000000 00000000 00000000 00000000 00000000 00000000 00000000 00000000 00000000 00000000 00000000 00000000 00000000 00000000 00000000 783e5f9a 00000068 4d6b5c7c 0000003e 00000000 00000000 00000000 00000000 00000202 00000101 00000000 00000000 00000000 00000000 00000000 00000000 00000000 00003333 00004ccd 00002667 00000001 00000000 03938700 000004f8
capture_snapshot GLI1 00010000 60000000 2500000 656 0 60000000 0 0 0 0 0 0 0 3e1708d0 0000003e 4d715388 0000003e 00a3c31e 00000000 00a3c31e 00000000 0000006a 00000000 00000000 00000000 0f5a54e9 00000000 00a3c388 00000000 00000000 00000000 00000000 00000039 008b3199 00000001 00000000 00000001 00000000 00000000 00000000 00000000 00000000 00000000 00000000 00000000 00000000 00000000 00000000 00000000 00000000 00000000 00000000 00000000 784850f1 00000068 4d7153bc 0000003e 00000000 00000000 00000000 00000000 00000201 00000101 00000000 00000000 00000000 00000000 00000000 00000000 00000000 00003333 00004ccd 00002667 00000001 00000000 03938700 000004f8
capture_snapshot GLI1 00010000 60000000 2500000 657 0 60000000 0 0 0 0 0 0 0 3e1708d0 0000003e 4d775e68 0000003e 00a40392 00000000 00a40392 00000000 0000006a 00000000 00000000 00000000 0f605fc6 00000000 00a403fc 00000000 00000000 00000000 00000000 00000039 008b3199 00000001 00000000 00000001 00000000 00000000 00000000 00000000 00000000 00000000 00000000 00000000 00000000 00000000 00000000 00000000 00000000 00000000 00000000 00000000 785262f8 00000068 4d775e99 0000003e 00000000 00000000 00000000 00000000 00000201 00000101 00000000 00000000 00000000 00000000 00000000 00000000 00000000 00003333 00004ccd 00002667 00000001 00000000 03938700 000004f8
capture_snapshot GLI1 00010000 60000000 2500000 658 0 60000000 0 0 0 0 0 0 0 3e1708d0 0000003e 4d7d6bd0 0000003e 00a44421 00000000 00a44421 00000000 0000006a 00000000 00000000 00000000 0f666d29 00000000 00a4448b 00000000 00000000 00000000 00000000 00000039 008b3199 00000001 00000000 00000001 00000000 00000000 00000000 00000000 00000000 00000000 00000000 00000000 00000000 00000000 00000000 00000000 00000000 00000000 00000000 00000000 785c7934 00000068 4d7d6bfc 0000003e 00000000 00000000 00000000 00000000 00000201 00000101 00000000 00000000 00000000 00000000 00000000 00000000 00000000 00003333 00004ccd 00002667 00000001 00000000 03938700 000004f8
capture_snapshot GLI1 00010000 60000000 2500000 659 0 60000000 0 0 0 0 0 0 0 3e1708d0 0000003e 4d835688 0000003e 00a4833e 00000000 00a4833e 00000000 0000006a 00000000 00000000 00000000 0f6c57e6 00000000 00a483a8 00000000 00000000 00000000 00000000 00000039 008b3199 00000001 00000000 00000001 00000000 00000000 00000000 00000000 00000000 00000000 00000000 00000000 00000000 00000000 00000000 00000000 00000000 00000000 00000000 00000000 786655b1 00000068 4d8356b9 0000003e 00000000 00000000 00000000 00000000 00000201 00000101 00000000 00000000 00000000 00000000 00000000 00000000 00000000 00003333 00004ccd 00002667 00000001 00000000 03938700 000004f8
capture_snapshot GLI1 00010000 60000000 2500000 660 0 60000000 0 0 0 0 0 0 0 3e1708d0 0000003e 4d895250 0000003e 00a4c311 00000000 00a4c310 00000000 0000006a 00000000 00000000 00000000 0f72539a 00000000 00a4c37b 00000000 00000000 00000000 00000000 0000003b 008b3199 00000001 00000001 00000001 00000000 00000000 00000000 00000000 00000000 00000000 00000000 00000000 00000000 00000000 00000000 00000000 00000000 00000000 00000000 00000000 78704e75 00000068 4d89526d 0000003e 00000000 00000000 00000000 00000000 00000201 00000100 00000000 00000000 00000000 00000000 00000000 00000000 00000000 00003333 00004ccd 00002667 00000001 00000000 03938700 000004f8
capture_snapshot GLI1 00010000 60000000 2500000 661 0 60000000 0 0 0 0 0 0 0 3e1708d0 0000003e 4d8f5718 0000003e 00a50344 00000000 00a50344 00000000 0000006a 00000000 00000000 00000000 0f785873 00000000 00a503ae 00000000 00000000 00000000 00000000 00000039 008b3199 00000001 00000000 00000001 00000000 00000000 00000000 00000000 00000000 00000000 00000000 00000000 00000000 00000000 00000000 00000000 00000000 00000000 00000000 00000000 787a5676 00000068 4d8f5746 0000003e 00000000 00000000 00000000 00000000 00000201 00000101 00000000 00000000 00000000 00000000 00000000 00000000 00000000 00003333 00004ccd 00002667 00000001 00000000 03938700 000004f8
capture_snapshot GLI1 00010000 60000000 2500000 662 0 60000000 0 0 0 0 0 0 0 3e1708d0 0000003e 4d955d00 0000003e 00a54383 00000000 00a54383 00000000 0000006a 00000000 00000000 00000000 0f7e5e50 00000000 00a543ed 00000000 00000000 00000000 00000000 00000039 008b3199 00000001 00000000 00000001 00000000 00000000 00000000 00000000 00000000 00000000 00000000 00000000 00000000 00000000 00000000 00000000 00000000 00000000 00000000 00000000 78846027 00000068 4d955d23 0000003e 00000000 00000000 00000000 00000000 00000201 00000101 00000000 00000000 00000000 00000000 00000000 00000000 00000000 00003333 00004ccd 00002667 00000001 00000000 03938700 000004f8
capture_snapshot GLI1 00010000 60000000 2500000 663 0 60000000 0 0 0 0 0 0 0 3e1708d0 0000003e 4d9b5508 0000003e 00a5832e 00000000 00a5832e 00000000 0000006a 00000000 00000000 00000000 0f845664 00000000 00a58398 00000000 00000000 00000000 00000000 00000039 008b3199 00000001 00000000 00000001 00000000 00000000 00000000 00000000 00000000 00000000 00000000 00000000 00000000 00000000 00000000 00000000 00000000 00000000 00000000 00000000 788e52e0 00000068 4d9b5537 0000003e 00000000 00000000 00000000 00000000 00000202 00000101 00000000 00000000 00000000 00000000 00000000 00000000 00000000 00003333 00004ccd 00002667 00000001 00000000 03938700 000004f8
capture_snapshot GLI1 00010000 60000000 2500000 664 0 60000000 0 0 0 0 0 0 0 3e1708d0 0000003e 4da15958 0000003e 00a5c35c 00000000 00a5c35c 00000000 0000006a 00000000 00000000 00000000 0f8a5ab3 00000000 00a5c3c6 00000000 00000000 00000000 00000000 00000039 008b3199 00000001 00000000 00000001 00000000 00000000 00000000 00000000 00000000 00000000 00000000 00000000 00000000 00000000 00000000 00000000 00000000 00000000 00000000 00000000 789859fa 00000068 4da15986 0000003e 00000000 00000000 00000000 00000000 00000201 00000101 00000000 00000000 00000000 00000000 00000000 00000000 00000000 00003333 00004ccd 00002667 00000001 00000000 03938700 000004f8
capture_snapshot GLI1 00010000 60000000 2500000 665 0 60000000 0 0 0 0 0 0 0 3e1708d0 0000003e 4da75568 0000003e 00a60332 00000000 00a60332 00000000 0000006a 00000000 00000000 00000000 0f9056be 00000000 00a6039c 00000000 00000000 00000000 00000000 00000039 008b3199 00000001 00000000 00000001 00000000 00000000 00000000 00000000 00000000 00000000 00000000 00000000 00000000 00000000 00000000 00000000 00000000 00000000 00000000 00000000 78a2534f 00000068 4da75591 0000003e 00000000 00000000 00000000 00000000 00000201 00000100 00000000 00000000 00000000 00000000 00000000 00000000 00000000 00003333 00004ccd 00002667 00000001 00000000 03938700 000004f8
capture_snapshot GLI1 00010000 60000000 2500000 666 0 60000000 0 0 0 0 0 0 0 3e1708d0 0000003e 4dad52f8 0000003e 00a64318 00000000 00a64318 00000000 0000006a 00000000 00000000 00000000 0f965453 00000000 00a64382 00000000 00000000 00000000 00000000 00000039 008b3199 00000001 00000000 00000001 00000000 00000000 00000000 00000000 00000000 00000000 00000000 00000000 00000000 00000000 00000000 00000000 00000000 00000000 00000000 00000000 78ac4f33 00000068 4dad5326 0000003e 00000000 00000000 00000000 00000000 00000201 00000101 00000000 00000000 00000000 00000000 00000000 00000000 00000000 00003333 00004ccd 00002667 00000001 00000000 03938700 000004f8
capture_snapshot GLI1 00010000 60000000 2500000 667 0 60000000 0 0 0 0 0 0 0 3e1708d0 0000003e 4db35ad8 0000003e 00a6836c 00000000 00a6836c 00000000 0000006a 00000000 00000000 00000000 0f9c5c23 00000000 00a683d6 00000000 00000000 00000000 00000000 00000039 008b3199 00000001 00000000 00000001 00000000 00000000 00000000 00000000 00000000 00000000 00000000 00000000 00000000 00000000 00000000 00000000 00000000 00000000 00000000 00000000 78b65c26 00000068 4db35af6 0000003e 00000000 00000000 00000000 00000000 00000201 00000101 00000000 00000000 00000000 00000000 00000000 00000000 00000000 00003333 00004ccd 00002667 00000001 00000000 03938700 000004f8
capture_snapshot GLI1 00010000 60000000 2500000 668 0 60000000 0 0 0 0 0 0 0 3e1708d0 0000003e 4db95628 0000003e 00a6c33a 00000000 00a6c33a 00000000 0000006a 00000000 00000000 00000000 0fa25779 00000000 00a6c3a4 00000000 00000000 00000000 00000000 00000039 008b3199 00000001 00000000 00000001 00000000 00000000 00000000 00000000 00000000 00000000 00000000 00000000 00000000 00000000 00000000 00000000 00000000 00000000 00000000 00000000 78c0544c 00000068 4db9564c 0000003e 00000000 00000000 00000000 00000000 00000201 00000101 00000000 00000000 00000000 00000000 00000000 00000000 00000000 00003333 00004ccd 00002667 00000001 00000000 03938700 000004f8
capture_snapshot GLI1 00010000 60000000 2500000 669 0 60000000 0 0 0 0 0 0 0 3e1708d0 0000003e 4dbf5100 0000003e 00a70303 00000000 00a70303 00000000 0000006a 00000000 00000000 00000000 0fa8525a 00000000 00a7036d 00000000 00000000 00000000 00000000 00000039 008b3199 00000001 00000000 00000001 00000000 00000000 00000000 00000000 00000000 00000000 00000000 00000000 00000000 00000000 00000000 00000000 00000000 00000000 00000000 00000000 78ca4baf 00000068 4dbf512d 0000003e 00000000 00000000 00000000 00000000 00000202 00000100 00000000 00000000 00000000 00000000 00000000 00000000 00000000 00003333 00004ccd 00002667 00000001 00000000 03938700 000004f8
capture_snapshot GLI1 00010000 60000000 2500000 670 0 60000000 0 0 0 0 0 0 0 3e1708d0 0000003e 4dc552c8 0000003e 00a74316 00000000 00a74316 00000000 0000006a 00000000 00000000 00000000 0fae5428 00000000 00a74380 00000000 00000000 00000000 00000000 00000039 008b3199 00000001 00000000 00000001 00000000 00000000 00000000 00000000 00000000 00000000 00000000 00000000 00000000 00000000 00000000 00000000 00000000 00000000 00000000 00000000 78d44e9e 00000068 4dc552fb 0000003e 00000000 00000000 00000000 00000000 00000201 00000100 00000000 00000000 00000000 00000000 00000000 00000000 00000000 00003333 00004ccd 00002667 00000001 00000000 03938700 000004f8
capture_snapshot GLI1 00010000 60000000 2500000 671 0 60000000 0 0 0 0 0 0 0 3e1708d0 0000003e 4dcb5820 0000003e 00a7834f 00000000 00a7834e 00000000 0000006a 00000000 00000000 00000000 0fb45969 00000000 00a783b9 00000000 00000000 00000000 00000000 0000003b 008b3199 00000001 00000001 00000001 00000000 00000000 00000000 00000000 00000000 00000000 00000000 00000000 00000000 00000000 00000000 00000000 00000000 00000000 00000000 00000000 78de574d 00000068 4dcb583c 0000003e 00000000 00000000 00000000 00000000 00000201 00000101 00000000 00000000 00000000 00000000 00000000 00000000 00000000 00003333 00004ccd 00002667 00000001 00000000 03938700 000004f8
capture_snapshot GLI1 00010000 60000000 2500000 672 0 60000000 0 0 0 0 0 0 0 3e1708d0 0000003e 4dd15250 0000003e 00a7c311 00000000 00a7c311 00000000 0000006a 00000000 00000000 00000000 0fba53a1 00000000 00a7c37b 00000000 00000000 00000000 00000000 00000039 008b3199 00000001 00000000 00000001 00000000 00000000 00000000 00000000 00000000 00000000 00000000 00000000 00000000 00000000 00000000 00000000 00000000 00000000 00000000 00000000 78e84d96 00000068 4dd15274 0000003e 00000000 00000000 00000000 00000000 00000201 00000101 00000000 00000000 00000000 00000000 00000000 00000000 00000000 00003333 00004ccd 00002667 00000001 00000000 03938700 000004f8
capture_snapshot GLI1 00010000 60000000 2500000 673 0 60000000 0 0 0 0 0 0 0 3e1708d0 0000003e 4dd75610 0000003e 00a80339 00000000 00a80339 00000000 0000006a 00000000 00000000 00000000 0fc0575b 00000000 00a803a3 00000000 00000000 00000000 00000000 00000039 008b3199 00000001 00000000 00000001 00000000 00000000 00000000 00000000 00000000 00000000 00000000 00000000 00000000 00000000 00000000 00000000 00000000 00000000 00000000 00000000 78f253b8 00000068 4dd7562e 0000003e 00000000 00000000 00000000 00000000 00000201 00000100 00000000 00000000 00000000 00000000 00000000 00000000 00000000 00003333 00004ccd 00002667 00000001 00000000 03938700 000004f8
capture_snapshot GLI1 00010000 60000000 2500000 674 0 60000000 0 0 0 0 0 0 0 3e1708d0 0000003e 4ddd5538 0000003e 00a84330 00000000 00a84330 00000000 0000006a 00000000 00000000 00000000 0fc6568e 00000000 00a8439a 00000000 00000000 00000000 00000000 00000039 008b3199 00000001 00000000 00000001 00000000 00000000 00000000 00000000 00000000 00000000 00000000 00000000 00000000 00000000 00000000 00000000 00000000 00000000 00000000 00000000 78fc524e 00000068 4ddd5561 0000003e 00000000 00000000 00000000 00000000 00000201 00000101 00000000 00000000 00000000 00000000 00000000 00000000 00000000 00003333 00004ccd 00002667 00000001 00000000 03938700 000004f8
capture_snapshot GLI1 00010000 60000000 2500000 675 0 60000000 0 0 0 0 0 0 0 3e1708d0 0000003e 4de34e90 0000003e 00a882e9 00000000 00a882e9 00000000 0000006a 00000000 00000000 00000000 0fcc4fee 00000000 00a88353 00000000 00000000 00000000 00000000 00000039 008b3199 00000001 00000000 00000001 00000000 00000000 00000000 00000000 00000000 00000000 00000000 00000000 00000000 00000000 00000000 00000000 00000000 00000000 00000000 00000000 79064731 00000068 4de34ec1 0000003e 00000000 00000000 00000000 00000000 00000201 00000101 00000000 00000000 00000000 00000000 00000000 00000000 00000000 00003333 00004ccd 00002667 00000001 00000000 03938700 000004f8
capture_snapshot GLI1 00010000 60000000 2500000 676 0 60000000 0 0 0 0 0 0 0 3e1708d0 0000003e 4de956a0 0000003e 00a8c33f 00000000 00a8c33f 00000000 0000006a 00000000 00000000 00000000 0fd257f5 00000000 00a8c3a9 00000000 00000000 00000000 00000000 00000039 008b3199 00000001 00000000 00000001 00000000 00000000 00000000 00000000 00000000 00000000 00000000 00000000 00000000 00000000 00000000 00000000 00000000 00000000 00000000 00000000 7910547e 00000068 4de956c8 0000003e 00000000 00000000 00000000 00000000 00000201 00000100 00000000 00000000 00000000 00000000 00000000 00000000 00000000 00003333 00004ccd 00002667 00000001 00000000 03938700 000004f8
capture_snapshot GLI1 00010000 60000000 2500000 677 0 60000000 0 0 0 0 0 0 0 3e1708d0 0000003e 4def5880 0000003e 00a90353 00000000 00a90353 00000000 0000006a 00000000 00000000 00000000 0fd859de 00000000 00a903bd 00000000 00000000 00000000 00000000 00000039 008b3199 00000001 00000000 00000001 00000000 00000000 00000000 00000000 00000000 00000000 00000000 00000000 00000000 00000000 00000000 00000000 00000000 00000000 00000000 00000000 791a579a 00000068 4def58b1 0000003e 00000000 00000000 00000000 00000000 00000201 00000101 00000000 00000000 00000000 00000000 00000000 00000000 00000000 00003333 00004ccd 00002667 00000001 00000000 03938700 000004f8
capture_snapshot GLI1 00010000 60000000 2500000 678 0 60000000 0 0 0 0 0 0 0 3e1708d0 0000003e 4df55058 0000003e 00a942fc 00000000 00a942fc 00000000 0000006a 00000000 00000000 00000000 0fde51b8 00000000 00a94366 00000000 00000000 00000000 00000000 00000039 008b3199 00000001 00000000 00000001 00000000 00000000 00000000 00000000 00000000 00000000 00000000 00000000 00000000 00000000 00000000 00000000 00000000 00000000 00000000 00000000 792449f2 00000068 4df5508b 0000003e 00000000 00000000 00000000 00000000 00000201 00000101 00000000 00000000 00000000 00000000 00000000 00000000 00000000 00003333 00004ccd 00002667 00000001 00000000 03938700 000004f8
capture_snapshot GLI1 00010000 60000000 2500000 679 0 60000000 0 0 0 0 0 0 0 3e1708d0 0000003e 4dfb5580 0000003e 00a98333 00000000 00a98333 00000000 0000006a 00000000 00000000 00000000 0fe456cd 00000000 00a9839d 00000000 00000000 00000000 00000000 00000039 008b3199 00000001 00000000 00000001 00000000 00000000 00000000 00000000 00000000 00000000 00000000 00000000 00000000 00000000 00000000 00000000 00000000 00000000 00000000 00000000 792e5256 00000068 4dfb55a0 0000003e 00000000 00000000 00000000 00000000 00000201 00000100 00000000 00000000 00000000 00000000 00000000 00000000 00000000 00003333 00004ccd 00002667 00000001 00000000 03938700 000004f8
capture_snapshot GLI1 00010000 60000000 2500000 680 0 60000000 0 0 0 0 0 0 0 3e1708d0 0000003e 4e0155b0 0000003e 00a9c335 00000000 00a9c335 00000000 0000006a 00000000 00000000 00000000 0fea5705 00000000 00a9c39f 00000000 00000000 00000000 00000000 00000039 008b3199 00000001 00000000 00000001 00000000 00000000 00000000 00000000 00000000 00000000 00000000 00000000 00000000 00000000 00000000 00000000 00000000 00000000 00000000 00000000 793852a0 00000068 4e0155d8 0000003e 00000000 00000000 00000000 00000000 00000201 00000101 00000000 00000000 00000000 00000000 00000000 00000000 00000000 00003333 00004ccd 00002667 00000001 00000000 03938700 000004f8
capture_snapshot GLI1 00010000 60000000 2500000 681 0 60000000 0 0 0 0 0 0 0 3e1708d0 0000003e 4e0756a0 0000003e 00aa033f 00000000 00aa033f 00000000 0000006a 00000000 00000000 00000000 0ff057ec 00000000 00aa03a9 00000000 00000000 00000000 00000000 00000039 008b3199 00000001 00000000 00000001 00000000 00000000 00000000 00000000 00000000 00000000 00000000 00000000 00000000 00000000 00000000 00000000 00000000 00000000 00000000 00000000 7942540e 00000068 4e0756bf 0000003e 00000000 00000000 00000000 00000000 00000201 00000101 00000000 00000000 00000000 00000000 00000000 00000000 00000000 00003333 00004ccd 00002667 00000001 00000000 03938700 000004f8
capture_snapshot GLI1 00010000 60000000 2500000 682 0 60000000 0 0 0 0 0 0 0 3e1708d0 0000003e 4e0d5598 0000003e 00aa4334 00000000 00aa4334 00000000 0000006a 00000000 00000000 00000000 0ff656f1 00000000 00aa439e 00000000 00000000 00000000 00000000 00000039 008b3199 00000001 00000000 00000001 00000000 00000000 00000000 00000000 00000000 00000000 00000000 00000000 00000000 00000000 00000000 00000000 00000000 00000000 00000000 00000000 794c5258 00000068 4e0d55c4 0000003e 00000000 00000000 00000000 00000000 00000201 00000101 00000000 00000000 00000000 00000000 00000000 00000000 00000000 00003333 00004ccd 00002667 00000001 00000000 03938700 000004f8
capture_snapshot GLI1 00010000 60000000 2500000 683 0 60000000 0 0 0 0 0 0 0 3e1708d0 0000003e 4e134e30 0000003e 00aa82e5 00000000 00aa82e5 00000000 0000006a 00000000 00000000 00000000 0ffc4f8c 00000000 00aa834f 00000000 00000000 00000000 00000000 00000039 008b3199 00000001 00000000 00000001 00000000 00000000 00000000 00000000 00000000 00000000 00000000 00000000 00000000 00000000 00000000 00000000 00000000 00000000 00000000 00000000 795645f0 00000068 4e134e5f 0000003e 00000000 00000000 00000000 00000000 00000201 00000101 00000000 00000000 00000000 00000000 00000000 00000000 00000000 00003333 00004ccd 00002667 00000001 00000000 03938700 000004f8
capture_snapshot GLI1 00010000 60000000 2500000 684 0 60000000 0 0 0 0 0 0 0 3e1708d0 0000003e 4e193528 0000003e 00aac1da 00000000 00aac1da 00000000 0000006a 00000000 00000000 00000000 10023688 00000000 00aac244 00000000 00000000 00000000 00000000 00000039 008b3199 00000001 00000000 00000001 00000000 00000000 00000000 00000000 00000000 00000000 00000000 00000000 00000000 00000000 00000000 00000000 00000000 00000000 00000000 00000000 79601c2b 00000068 4e19355b 0000003e 00000000 00000000 00000000 00000000 00000201 00000101 00000000 00000000 00000000 00000000 00000000 00000000 00000000 00003333 00004ccd 00002667 00000001 00000000 03938700 000004f8
capture_snapshot GLI1 00010000 60000000 2500000 685 0 60000000 0 0 0 0 0 0 0 3e1708d0 0000003e 4e1f3468 0000003e 00ab01d2 00000000 00ab01d2 00000000 0000006a 00000000 00000000 00000000 100835be 00000000 00ab023c 00000000 00000000 00000000 00000000 00000039 008b3199 00000001 00000000 00000001 00000000 00000000 00000000 00000000 00000000 00000000 00000000 00000000 00000000 00000000 00000000 00000000 00000000 00000000 00000000 00000000 796a1ac8 00000068 4e1f3491 0000003e 00000000 00000000 00000000 00000000 00000201 00000100 00000000 00000000 00000000 00000000 00000000 00000000 00000000 00003333 00004ccd 00002667 00000001 00000000 03938700 000004f8
capture_snapshot GLI1 00010000 60000000 2500000 686 0 60000000 0 0 0 0 0 0 0 3e1708d0 0000003e 4e253db0 0000003e 00ab4235 00000000 00ab4234 00000000 0000006a 00000000 00000000 00000000 100e3efa 00000000 00ab429f 00000000 00000000 00000000 00000000 0000003b 008b3199 00000001 00000001 00000001 00000000 00000000 00000000 00000000 00000000 00000000 00000000 00000000 00000000 00000000 00000000 00000000 00000000 00000000 00000000 00000000 79742a18 00000068 4e253dcd 0000003e 00000000 00000000 00000000 00000000 00000202 00000100 00000000 00000000 00000000 00000000 00000000 00000000 00000000 00003333 00004ccd 00002667 00000001 00000000 03938700 000004f8
capture_snapshot GLI1 00010000 60000000 2500000 687 0 60000000 0 0 0 0 0 0 0 3e1708d0 0000003e 4e2b2f58 0000003e 00ab819c 00000000 00ab819c 00000000 0000006a 00000000 00000000 00000000 101430ac 00000000 00ab8206 00000000 00000000 00000000 00000000 00000039 008b3199 00000001 00000000 00000001 00000000 00000000 00000000 00000000 00000000 00000000 00000000 00000000 00000000 00000000 00000000 00000000 00000000 00000000 00000000 00000000 797e122d 00000068 4e2b2f7f 0000003e 00000000 00000000 00000000 00000000 00000202 00000101 00000000 00000000 00000000 00000000 00000000 00000000 00000000 00003333 00004ccd 00002667 00000001 00000000 03938700 000004f8
capture_snapshot GLI1 00010000 60000000 2500000 688 0 60000000 0 0 0 0 0 0 0 3e1708d0 0000003e 4e3130f0 0000003e 00abc1ad 00000000 00abc1ac 00000000 0000006a 00000000 00000000 00000000 101a323a 00000000 00abc217 00000000 00000000 00000000 00000000 0000003b 008b3199 00000001 00000001 00000001 00000000 00000000 00000000 00000000 00000000 00000000 00000000 00000000 00000000 00000000 00000000 00000000 00000000 00000000 00000000 00000000 798814b1 00000068 4e31310d 0000003e 00000000 00000000 00000000 00000000 00000202 00000100 00000000 00000000 00000000 00000000 00000000 00000000 00000000 00003333 00004ccd 00002667 00000001 00000000 03938700 000004f8
capture_snapshot GLI1 00010000 60000000 2500000 689 0 60000000 0 0 0 0 0 0 0 3e1708d0 0000003e 4e372e20 0000003e 00ac018f 00000000 00ac018e 00000000 0000006a 00000000 00000000 00000000 10202f69 00000000 00ac01f9 00000000 00000000 00000000 00000000 0000003b 008b3199 00000001 00000001 00000001 00000000 00000000 00000000 00000000 00000000 00000000 00000000 00000000 00000000 00000000 00000000 00000000 00000000 00000000 00000000 00000000 79920fed 00000068 4e372e3c 0000003e 00000000 00000000 00000000 00000000 00000201 00000101 00000000 00000000 00000000 00000000 00000000 00000000 00000000 00003333 00004ccd 00002667 00000001 00000000 03938700 000004f8
capture_snapshot GLI1 00010000 60000000 2500000 690 0 60000000 0 0 0 0 0 0 0 3e1708d0 0000003e 4e3d2f58 0000003e 00ac419c 00000000 00ac419c 00000000 0000006a 00000000 00000000 00000000 102630b4 00000000 00ac4206 00000000 00000000 00000000 00000000 00000039 008b3199 00000001 00000000 00000001 00000000 00000000 00000000 00000000 00000000 00000000 00000000 00000000 00000000 00000000 00000000 00000000 00000000 00000000 00000000 00000000 799c1200 00000068 4e3d2f87 0000003e 00000000 00000000 00000000 00000000 00000201 00000101 00000000 00000000 00000000 00000000 00000000 00000000 00000000 00003333 00004ccd 00002667 00000001 00000000 03938700 000004f8
capture_snapshot GLI1 00010000 60000000 2500000 691 0 60000000 0 0 0 0 0 0 0 3e1708d0 0000003e 4e432fb8 0000003e 00ac81a0 00000000 00ac81a0 00000000 0000006a 00000000 00000000 00000000 102c3105 00000000 00ac820a 00000000 00000000 00000000 00000000 00000039 008b3199 00000001 00000000 00000001 00000000 00000000 00000000 00000000 00000000 00000000 00000000 00000000 00000000 00000000 00000000 00000000 00000000 00000000 00000000 00000000 79a61273 00000068 4e432fd8 0000003e 00000000 00000000 00000000 00000000 00000202 00000100 00000000 00000000 00000000 00000000 00000000 00000000 00000000 00003333 00004ccd 00002667 00000001 00000000 03938700 000004f8
capture_snapshot GLI1 00010000 60000000 2500000 692 0 60000000 0 0 0 0 0 0 0 3e1708d0 0000003e 4e492ee0 0000003e 00acc197 00000000 00acc197 00000000 0000006a 00000000 00000000 00000000 10323035 00000000 00acc201 00000000 00000000 00000000 00000000 00000039 008b3199 00000001 00000000 00000001 00000000 00000000 00000000 00000000 00000000 00000000 00000000 00000000 00000000 00000000 00000000 00000000 00000000 00000000 00000000 00000000 79b01105 00000068 4e492f08 0000003e 00000000 00000000 00000000 00000000 00000202 00000100 00000000 00000000 00000000 00000000 00000000 00000000 00000000 00003333 00004ccd 00002667 00000001 00000000 03938700 000004f8
capture_snapshot GLI1 00010000 60000000 2500000 693 0 60000000 0 0 0 0 0 0 0 3e1708d0 0000003e 4e4f2e80 0000003e 00ad0193 00000000 00ad0193 00000000 0000006a 00000000 00000000 00000000 10382fd4 00000000 00ad01fd 00000000 00000000 00000000 00000000 00000039 008b3199 00000001 00000000 00000001 00000000 00000000 00000000 00000000 00000000 00000000 00000000 00000000 00000000 00000000 00000000 00000000 00000000 00000000 00000000 00000000 79ba1051 00000068 4e4f2ea7 0000003e 00000000 00000000 00000000 00000000 00000201 00000101 00000000 00000000 00000000 00000000 00000000 00000000 00000000 00003333 00004ccd 00002667 00000001 00000000 03938700 000004f8
capture_snapshot GLI1 00010000 60000000 2500000 694 0 60000000 0 0 0 0 0 0 0 3e1708d0 0000003e 4e552f58 0000003e 00ad419c 00000000 00ad419b 00000000 0000006a 00000000 00000000 00000000 103e30a1 00000000 00ad4206 00000000 00000000 00000000 00000000 0000003b 008b3199 00000001 00000001 00000001 00000000 00000000 00000000 00000000 00000000 00000000 00000000 00000000 00000000 00000000 00000000 00000000 00000000 00000000 00000000 00000000 79c41193 00000068 4e552f74 0000003e 00000000 00000000 00000000 00000000 00000201 00000101 00000000 00000000 00000000 00000000 00000000 00000000 00000000 00003333 00004ccd 00002667 00000001 00000000 03938700 000004f8
capture_snapshot GLI1 00010000 60000000 2500000 695 0 60000000 0 0 0 0 0 0 0 3e1708d0 0000003e 4e5b2f28 0000003e 00ad819a 00000000 00ad819a 00000000 0000006a 00000000 00000000 00000000 10443073 00000000 00ad8204 00000000 00000000 00000000 00000000 00000039 008b3199 00000001 00000000 00000001 00000000 00000000 00000000 00000000 00000000 00000000 00000000 00000000 00000000 00000000 00000000 00000000 00000000 00000000 00000000 00000000 79ce1132 00000068 4e5b2f46 0000003e 00000000 00000000 00000000 00000000 00000201 00000101 00000000 00000000 00000000 00000000 00000000 00000000 00000000 00003333 00004ccd 00002667 00000001 00000000 03938700 000004f8
capture_snapshot GLI1 00010000 60000000 2500000 696 0 60000000 0 0 0 0 0 0 0 3e1708d0 0000003e 4e612d18 0000003e 00adc184 00000000 00adc184 00000000 0000006a 00000000 00000000 00000000 104a2e64 00000000 00adc1ee 00000000 00000000 00000000 00000000 00000039 008b3199 00000001 00000000 00000001 00000000 00000000 00000000 00000000 00000000 00000000 00000000 00000000 00000000 00000000 00000000 00000000 00000000 00000000 00000000 00000000 79d80db0 00000068 4e612d37 0000003e 00000000 00000000 00000000 00000000 00000201 00000101 00000000 00000000 00000000 00000000 00000000 00000000 00000000 00003333 00004ccd 00002667 00000001 00000000 03938700 000004f8
capture_snapshot GLI1 00010000 60000000 2500000 697 0 60000000 0 0 0 0 0 0 0 3e1708d0 0000003e 4e672e38 0000003e 00ae0190 00000000 00ae0190 00000000 0000006a 00000000 00000000 00000000 10502f8a 00000000 00ae01fa 00000000 00000000 00000000 00000000 00000039 008b3199 00000001 00000000 00000001 00000000 00000000 00000000 00000000 00000000 00000000 00000000 00000000 00000000 00000000 00000000 00000000 00000000 00000000 00000000 00000000 79e20f86 00000068 4e672e5d 0000003e 00000000 00000000 00000000 00000000 00000202 00000100 00000000 00000000 00000000 00000000 00000000 00000000 00000000 00003333 00004ccd 00002667 00000001 00000000 03938700 000004f8
capture_snapshot GLI1 00010000 60000000 2500000 698 0 60000000 0 0 0 0 0 0 0 3e1708d0 0000003e 4e6d2e38 0000003e 00ae4190 00000000 00ae4190 00000000 0000006a 00000000 00000000 00000000 10562f96 00000000 00ae41fa 00000000 00000000 00000000 00000000 00000039 008b3199 00000001 00000000 00000001 00000000 00000000 00000000 00000000 00000000 00000000 00000000 00000000 00000000 00000000 00000000 00000000 00000000 00000000 00000000 00000000 79ec0f86 00000068 4e6d2e69 0000003e 00000000 00000000 00000000 00000000 00000201 00000101 00000000 00000000 00000000 00000000 00000000 00000000 00000000 00003333 00004ccd 00002667 00000001 00000000 03938700 000004f8
capture_snapshot GLI1 00010000 60000000 2500000 699 0 60000000 0 0 0 0 0 0 0 3e1708d0 0000003e 4e732d78 0000003e 00ae8188 00000000 00ae8188 00000000 0000006a 00000000 00000000 00000000 105c2ed6 00000000 00ae81f2 00000000 00000000 00000000 00000000 00000039 008b3199 00000001 00000000 00000001 00000000 00000000 00000000 00000000 00000000 00000000 00000000 00000000 00000000 00000000 00000000 00000000 00000000 00000000 00000000 00000000 79f60e34 00000068 4e732da9 0000003e 00000000 00000000 00000000 00000000 00000201 00000101 00000000 00000000 00000000 00000000 00000000 00000000 00000000 00003333 00004ccd 00002667 00000001 00000000 03938700 000004f8
capture_snapshot GLI1 00010000 60000000 2500000 700 0 60000000 0 0 0 0 0 0 0 3e1708d0 0000003e 4e792e80 0000003e 00aec193 00000000 00aec193 00000000 0000006a 00000000 00000000 00000000 10622fe1 00000000 00aec1fd 00000000 00000000 00000000 00000000 00000039 008b3199 00000001 00000000 00000001 00000000 00000000 00000000 00000000 00000000 00000000 00000000 00000000 00000000 00000000 00000000 00000000 00000000 00000000 00000000 00000000 7a000fdc 00000068 4e792eb4 0000003e 00000000 00000000 00000000 00000000 00000201 00000101 00000000 00000000 00000000 00000000 00000000 00000000 00000000 00003333 00004ccd 00002667 00000001 00000000 03938700 000004f8
capture_snapshot GLI1 00010000 60000000 2500000 701 0 60000000 0 0 0 0 0 0 0 3e1708d0 0000003e 4e7f2d30 0000003e 00af0185 00000000 00af0185 00000000 0000006a 00000000 00000000 00000000 10682e7c 00000000 00af01ef 00000000 00000000 00000000 00000000 00000039 008b3199 00000001 00000000 00000001 00000000 00000000 00000000 00000000 00000000 00000000 00000000 00000000 00000000 00000000 00000000 00000000 00000000 00000000 00000000 00000000 7a0a0d76 00000068 4e7f2d4f 0000003e 00000000 00000000 00000000 00000000 00000201 00000101 00000000 00000000 00000000 00000000 00000000 00000000 00000000 00003333 00004ccd 00002667 00000001 00000000 03938700 000004f8
capture_snapshot GLI1 00010000 60000000 2500000 702 0 60000000 0 0 0 0 0 0 0 3e1708d0 0000003e 4e852df0 0000003e 00af418d 00000000 00af418d 00000000 0000006a 00000000 00000000 00000000 106e2f49 00000000 00af41f7 00000000 00000000 00000000 00000000 00000039 008b3199 00000001 00000000 00000001 00000000 00000000 00000000 00000000 00000000 00000000 00000000 00000000 00000000 00000000 00000000 00000000 00000000 00000000 00000000 00000000 7a140eb8 00000068 4e852e1c 0000003e 00000000 00000000 00000000 00000000 00000201 00000101 00000000 00000000 00000000 00000000 00000000 00000000 00000000 00003333 00004ccd 00002667 00000001 00000000 03938700 000004f8
capture_snapshot GLI1 00010000 60000000 2500000 703 0 60000000 0 0 0 0 0 0 0 3e1708d0 0000003e 4e8b2f28 0000003e 00af819a 00000000 00af819a 00000000 0000006a 00000000 00000000 00000000 1074307c 00000000 00af8204 00000000 00000000 00000000 00000000 00000039 008b3199 00000001 00000000 00000001 00000000 00000000 00000000 00000000 00000000 00000000 00000000 00000000 00000000 00000000 00000000 00000000 00000000 00000000 00000000 00000000 7a1e10a4 00000068 4e8b2f4f 0000003e 00000000 00000000 00000000 00000000 00000202 00000101 00000000 00000000 00000000 00000000 00000000 00000000 00000000 00003333 00004ccd 00002667 00000001 00000000 03938700 000004f8
capture_snapshot GLI1 00010000 60000000 2500000 704 0 60000000 0 0 0 0 0 0 0 3e1708d0 0000003e 4e912da8 0000003e 00afc18a 00000000 00afc18a 00000000 0000006a 00000000 00000000 00000000 107a2f03 00000000 00afc1f4 00000000 00000000 00000000 00000000 00000039 008b3199 00000001 00000000 00000001 00000000 00000000 00000000 00000000 00000000 00000000 00000000 00000000 00000000 00000000 00000000 00000000 00000000 00000000 00000000 00000000 7a280e1c 00000068 4e912dd6 0000003e 00000000 00000000 00000000 00000000 00000202 00000101 00000000 00000000 00000000 00000000 00000000 00000000 00000000 00003333 00004ccd 00002667 00000001 00000000 03938700 000004f8
capture_snapshot GLI1 00010000 60000000 2500000 705 0 60000000 0 0 0 0 0 0 0 3e1708d0 0000003e 4e972e98 0000003e 00b00194 00000000 00b00194 00000000 0000006a 00000000 00000000 00000000 10802fe6 00000000 00b001fe 00000000 00000000 00000000 00000000 00000039 008b3199 00000001 00000000 00000001 00000000 00000000 00000000 00000000 00000000 00000000 00000000 00000000 00000000 00000000 00000000 00000000 00000000 00000000 00000000 00000000 7a320f82 00000068 4e972eb9 0000003e 00000000 00000000 00000000 00000000 00000201 00000101 00000000 00000000 00000000 00000000 00000000 00000000 00000000 00003333 00004ccd 00002667 00000001 00000000 03938700 000004f8
capture_snapshot GLI1 00010000 60000000 2500000 706 0 60000000 0 0 0 0 0 0 0 3e1708d0 0000003e 4e9d2e98 0000003e 00b04194 00000000 00b04194 00000000 0000006a 00000000 00000000 00000000 10862ff7 00000000 00b041fe 00000000 00000000 00000000 00000000 00000039 008b3199 00000001 00000000 00000001 00000000 00000000 00000000 00000000 00000000 00000000 00000000 00000000 00000000 00000000 00000000 00000000 00000000 00000000 00000000 00000000 7a3c0f8c 00000068 4e9d2eca 0000003e 00000000 00000000 00000000 00000000 00000201 00000101 00000000 00000000 00000000 00000000 00000000 00000000 00000000 00003333 00004ccd 00002667 00000001 00000000 03938700 000004f8
capture_snapshot GLI1 00010000 60000000 2500000 707 0 60000000 0 0 0 0 0 0 0 3e1708d0 0000003e 4ea32d00 0000003e 00b08183 00000000 00b08183 00000000 0000006a 00000000 00000000 00000000 108c2e58 00000000 00b081ed 00000000 00000000 00000000 00000000 00000039 008b3199 00000001 00000000 00000001 00000000 00000000 00000000 00000000 00000000 00000000 00000000 00000000 00000000 00000000 00000000 00000000 00000000 00000000 00000000 00000000 7a460cc4 00000068 4ea32d2b 0000003e 00000000 00000000 00000000 00000000 00000201 00000101 00000000 00000000 00000000 00000000 00000000 00000000 00000000 00003333 00004ccd 00002667 00000001 00000000 03938700 000004f8
capture_snapshot GLI1 00010000 60000000 2500000 708 0 60000000 0 0 0 0 0 0 0 3e1708d0 0000003e 4ea92e38 0000003e 00b0c190 00000000 00b0c190 00000000 0000006a 00000000 00000000 00000000 10922f83 00000000 00b0c1fa 00000000 00000000 00000000 00000000 00000039 008b3199 00000001 00000000 00000001 00000000 00000000 00000000 00000000 00000000 00000000 00000000 00000000 00000000 00000000 00000000 00000000 00000000 00000000 00000000 00000000 7a500ea4 00000068 4ea92e56 0000003e 00000000 00000000 00000000 00000000 00000201 00000101 00000000 00000000 00000000 00000000 00000000 00000000 00000000 00003333 00004ccd 00002667 00000001 00000000 03938700 000004f8
capture_snapshot GLI1 00010000 60000000 2500000 709 0 60000000 0 0 0 0 0 0 0 3e1708d0 0000003e 4eaf2df0 0000003e 00b1018d 00000000 00b1018d 00000000 0000006a 00000000 00000000 00000000 10982f3c 00000000 00b101f7 00000000 00000000 00000000 00000000 00000039 008b3199 00000001 00000000 00000001 00000000 00000000 00000000 00000000 00000000 00000000 00000000 00000000 00000000 00000000 00000000 00000000 00000000 00000000 00000000 00000000 7a5a0e1a 00000068 4eaf2e0f 0000003e 00000000 00000000 00000000 00000000 00000201 00000101 00000000 00000000 00000000 00000000 00000000 00000000 00000000 00003333 00004ccd 00002667 00000001 00000000 03938700 000004f8
capture_snapshot GLI1 00010000 60000000 2500000 710 0 60000000 0 0 0 0 0 0 0 3e1708d0 0000003e 4eb52e68 0000003e 00b14192 00000000 00b14192 00000000 0000006a 00000000 00000000 00000000 109e2fc4 00000000 00b141fc 00000000 00000000 00000000 00000000 00000039 008b3199 00000001 00000000 00000001 00000000 00000000 00000000 00000000 00000000 00000000 00000000 00000000 00000000 00000000 00000000 00000000 00000000 00000000 00000000 00000000 7a640ee9 00000068 4eb52e97 0000003e 00000000 00000000 00000000 00000000 00000201 00000101 00000000 00000000 00000000 00000000 00000000 00000000 00000000 00003333 00004ccd 00002667 00000001 00000000 03938700 000004f8
capture_snapshot GLI1 00010000 60000000 2500000 711 0 60000000 0 0 0 0 0 0 0 3e1708d0 0000003e 4ebb2d30 0000003e 00b18185 00000000 00b18185 00000000 0000006a 00000000 00000000 00000000 10a42e89 00000000 00b181ef 00000000 00000000 00000000 00000000 00000039 008b3199 00000001 00000000 00000001 00000000 00000000 00000000 00000000 00000000 00000000 00000000 00000000 00000000 00000000 00000000 00000000 00000000 00000000 00000000 00000000 7a6e0cc9 00000068 4ebb2d5c 0000003e 00000000 00000000 00000000 00000000 00000201 00000101 00000000 00000000 00000000 00000000 00000000 00000000 00000000 00003333 00004ccd 00002667 00000001 00000000 03938700 000004f8
capture_snapshot GLI1 00010000 60000000 2500000 712 0 60000000 0 0 0 0 0 0 0 3e1708d0 0000003e 4ec12e38 0000003e 00b1c190 00000000 00b1c190 00000000 0000006a 00000000 00000000 00000000 10aa2f8b 00000000 00b1c1fa 00000000 00000000 00000000 00000000 00000039 008b3199 00000001 00000000 00000001 00000000 00000000 00000000 00000000 00000000 00000000 00000000 00000000 00000000 00000000 00000000 00000000 00000000 00000000 00000000 00000000 7a780e62 00000068 4ec12e5e 0000003e 00000000 00000000 00000000 00000000 00000202 00000101 00000000 00000000 00000000 00000000 00000000 00000000 00000000 00003333 00004ccd 00002667 00000001 00000000 03938700 000004f8
capture_snapshot GLI1 00010000 60000000 2500000 713 0 60000000 0 0 0 0 0 0 0 3e1708d0 0000003e 4ec72cb8 0000003e 00b20180 00000000 00b20180 00000000 0000006a 00000000 00000000 00000000 10b02e0e 00000000 00b201ea 00000000 00000000 00000000 00000000 00000039 008b3199 00000001 00000000 00000001 00000000 00000000 00000000 00000000 00000000 00000000 00000000 00000000 00000000 00000000 00000000 00000000 00000000 00000000 00000000 00000000 7a820bd3 00000068 4ec72ce1 0000003e 00000000 00000000 00000000 00000000 00000201 00000101 00000000 00000000 00000000 00000000 00000000 00000000 00000000 00003333 00004ccd 00002667 00000001 00000000 03938700 000004f8
capture_snapshot GLI1 00010000 60000000 2500000 714 0 60000000 0 0 0 0 0 0 0 3e1708d0 0000003e 4ecd2e20 0000003e 00b2418f 00000000 00b2418f 00000000 0000006a 00000000 00000000 00000000 10b62f78 00000000 00b241f9 00000000 00000000 00000000 00000000 00000039 008b3199 00000001 00000000 00000001 00000000 00000000 00000000 00000000 00000000 00000000 00000000 00000000 00000000 00000000 00000000 00000000 00000000 00000000 00000000 00000000 7a8c0e1c 00000068 4ecd2e4b 0000003e 00000000 00000000 00000000 00000000 00000201 00000101 00000000 00000000 00000000 00000000 00000000 00000000 00000000 00003333 00004ccd 00002667 00000001 00000000 03938700 000004f8
capture_snapshot GLI1 00010000 60000000 2500000 715 0 60000000 0 0 0 0 0 0 0 3e1708d0 0000003e 4ed32e20 0000003e 00b2818f 00000000 00b2818f 00000000 0000006a 00000000 00000000 00000000 10bc2f6f 00000000 00b281f9 00000000 00000000 00000000 00000000 00000039 008b3199 00000001 00000000 00000001 00000000 00000000 00000000 00000000 00000000 00000000 00000000 00000000 00000000 00000000 00000000 00000000 00000000 00000000 00000000 00000000 7a960df9 00000068 4ed32e42 0000003e 00000000 00000000 00000000 00000000 00000201 00000100 00000000 00000000 00000000 00000000 00000000 00000000 00000000 00003333 00004ccd 00002667 00000001 00000000 03938700 000004f8
capture_snapshot GLI1 00010000 60000000 2500000 716 0 60000000 0 0 0 0 0 0 0 3e1708d0 0000003e 4ed92fa0 0000003e 00b2c19f 00000000 00b2c19f 00000000 0000006a 00000000 00000000 00000000 10c230f4 00000000 00b2c209 00000000 00000000 00000000 00000000 00000039 008b3199 00000001 00000000 00000001 00000000 00000000 00000000 00000000 00000000 00000000 00000000 00000000 00000000 00000000 00000000 00000000 00000000 00000000 00000000 00000000 7aa0106d 00000068 4ed92fc7 0000003e 00000000 00000000 00000000 00000000 00000201 00000101 00000000 00000000 00000000 00000000 00000000 00000000 00000000 00003333 00004ccd 00002667 00000001 00000000 03938700 000004f8
capture_snapshot GLI1 00010000 60000000 2500000 717 0 60000000 0 0 0 0 0 0 0 3e1708d0 0000003e 4edf2d90 0000003e 00b30189 00000000 00b30189 00000000 0000006a 00000000 00000000 00000000 10c82ee1 00000000 00b301f3 00000000 00000000 00000000 00000000 00000039 008b3199 00000001 00000000 00000001 00000000 00000000 00000000 00000000 00000000 00000000 00000000 00000000 00000000 00000000 00000000 00000000 00000000 00000000 00000000 00000000 7aaa0ce5 00000068 4edf2db4 0000003e 00000000 00000000 00000000 00000000 00000201 00000101 00000000 00000000 00000000 00000000 00000000 00000000 00000000 00003333 00004ccd 00002667 00000001 00000000 03938700 000004f8
capture_snapshot GLI1 00010000 60000000 2500000 718 0 60000000 0 0 0 0 0 0 0 3e1708d0 0000003e 4ee52e80 0000003e 00b34193 00000000 00b34193 00000000 0000006a 00000000 00000000 00000000 10ce2fcc 00000000 00b341fd 00000000 00000000 00000000 00000000 00000039 008b3199 00000001 00000000 00000001 00000000 00000000 00000000 00000000 00000000 00000000 00000000 00000000 00000000 00000000 00000000 00000000 00000000 00000000 00000000 00000000 7ab40e5a 00000068 4ee52e9f 0000003e 00000000 00000000 00000000 00000000 00000201 00000101 00000000 00000000 00000000 00000000 00000000 00000000 00000000 00003333 00004ccd 00002667 00000001 00000000 03938700 000004f8
capture_snapshot GLI1 00010000 60000000 2500000 719 0 60000000 0 0 0 0 0 0 0 3e1708d0 0000003e 4eeb2d18 0000003e 00b38184 00000000 00b38184 00000000 0000006a 00000000 00000000 00000000 10d42e78 00000000 00b381ee 00000000 00000000 00000000 00000000 00000039 008b3199 00000001 00000000 00000001 00000000 00000000 00000000 00000000 00000000 00000000 00000000 00000000 00000000 00000000 00000000 00000000 00000000 00000000 00000000 00000000 7abe0c0e 00000068 4eeb2d4b 0000003e 00000000 00000000 00000000 00000000 00000201 00000101 00000000 00000000 00000000 00000000 00000000 00000000 00000000 00003333 00004ccd 00002667 00000001 00000000 03938700 000004f8
capture_snapshot GLI1 00010000 60000000 2500000 720 0 60000000 0 0 0 0 0 0 0 3e1708d0 0000003e 4ef12e38 0000003e 00b3c190 00000000 00b3c190 00000000 0000006a 00000000 00000000 00000000 10da2f86 00000000 00b3c1fa 00000000 00000000 00000000 00000000 00000039 008b3199 00000001 00000000 00000001 00000000 00000000 00000000 00000000 00000000 00000000 00000000 00000000 00000000 00000000 00000000 00000000 00000000 00000000 00000000 00000000 7ac80dbd 00000068 4ef12e59 0000003e 00000000 00000000 00000000 00000000 00000202 00000101 00000000 00000000 00000000 00000000 00000000 00000000 00000000 00003333 00004ccd 00002667 00000001 00000000 03938700 000004f8
capture_snapshot GLI1 00010000 60000000 2500000 721 0 60000000 0 0 0 0 0 0 0 3e1708d0 0000003e 4ef72ef8 0000003e 00b40198 00000000 00b40198 00000000 0000006a 00000000 00000000 00000000 10e0304b 00000000 00b40202 00000000 00000000 00000000 00000000 00000039 008b3199 00000001 00000000 00000001 00000000 00000000 00000000 00000000 00000000 00000000 00000000 00000000 00000000 00000000 00000000 00000000 00000000 00000000 00000000 00000000 7ad20ef1 00000068 4ef72f1e 0000003e 00000000 00000000 00000000 00000000 00000201 00000101 00000000 00000000 00000000 00000000 00000000 00000000 00000000 00003333 00004ccd 00002667 00000001 00000000 03938700 000004f8
capture_snapshot GLI1 00010000 60000000 2500000 722 0 60000000 0 0 0 0 0 0 0 3e1708d0 0000003e 4efd2f70 0000003e 00b4419d 00000000 00b4419d 00000000 0000006a 00000000 00000000 00000000 10e630cd 00000000 00b44207 00000000 00000000 00000000 00000000 00000039 008b3199 00000001 00000000 00000001 00000000 00000000 00000000 00000000 00000000 00000000 00000000 00000000 00000000 00000000 00000000 00000000 00000000 00000000 00000000 00000000 7adc0fb7 00000068 4efd2fa0 0000003e 00000000 00000000 00000000 00000000 00000201 00000100 00000000 00000000 00000000 00000000 00000000 00000000 00000000 00003333 00004ccd 00002667 00000001 00000000 03938700 000004f8
capture_snapshot GLI1 00010000 60000000 2500000 723 0 60000000 0 0 0 0 0 0 0 3e1708d0 0000003e 4f032e38 0000003e 00b48190 00000000 00b48190 00000000 0000006a 00000000 00000000 00000000 10ec2f92 00000000 00b481fa 00000000 00000000 00000000 00000000 00000039 008b3199 00000001 00000000 00000001 00000000 00000000 00000000 00000000 00000000 00000000 00000000 00000000 00000000 00000000 00000000 00000000 00000000 00000000 00000000 00000000 7ae60d97 00000068 4f032e65 0000003e 00000000 00000000 00000000 00000000 00000201 00000101 00000000 00000000 00000000 00000000 00000000 00000000 00000000 00003333 00004ccd 00002667 00000001 00000000 03938700 000004f8
capture_snapshot GLI1 00010000 60000000 2500000 724 0 60000000 0 0 0 0 0 0 0 3e1708d0 0000003e 4f092e20 0000003e 00b4c18f 00000000 00b4c18f 00000000 0000006a 00000000 00000000 00000000 10f22f6b 00000000 00b4c1f9 00000000 00000000 00000000 00000000 00000039 008b3199 00000001 00000000 00000001 00000000 00000000 00000000 00000000 00000000 00000000 00000000 00000000 00000000 00000000 00000000 00000000 00000000 00000000 00000000 00000000 7af00d42 00000068 4f092e3e 0000003e 00000000 00000000 00000000 00000000 00000201 00000100 00000000 00000000 00000000 00000000 00000000 00000000 00000000 00003333 00004ccd 00002667 00000001 00000000 03938700 000004f8
capture_snapshot GLI1 00010000 60000000 2500000 725 0 60000000 0 0 0 0 0 0 0 3e1708d0 0000003e 4f0f2d48 0000003e 00b50186 00000000 00b50186 00000000 0000006a 00000000 00000000 00000000 10f82e94 00000000 00b501f0 00000000 00000000 00000000 00000000 00000039 008b3199 00000001 00000000 00000001 00000000 00000000 00000000 00000000 00000000 00000000 00000000 00000000 00000000 00000000 00000000 00000000 00000000 00000000 00000000 00000000 7afa0bc8 00000068 4f0f2d67 0000003e 00000000 00000000 00000000 00000000 00000201 00000101 00000000 00000000 00000000 00000000 00000000 00000000 00000000 00003333 00004ccd 00002667 00000001 00000000 03938700 000004f8
capture_snapshot GLI1 00010000 60000000 2500000 726 0 60000000 0 0 0 0 0 0 0 3e1708d0 0000003e 4f152d18 0000003e 00b54184 00000000 00b54184 00000000 0000006a 00000000 00000000 00000000 10fe2e70 00000000 00b541ee 00000000 00000000 00000000 00000000 00000039 008b3199 00000001 00000000 00000001 00000000 00000000 00000000 00000000 00000000 00000000 00000000 00000000 00000000 00000000 00000000 00000000 00000000 00000000 00000000 00000000 7b040b79 00000068 4f152d43 0000003e 00000000 00000000 00000000 00000000 00000201 00000101 00000000 00000000 00000000 00000000 00000000 00000000 00000000 00003333 00004ccd 00002667 00000001 00000000 03938700 000004f8
capture_snapshot GLI1 00010000 60000000 2500000 727 0 60000000 0 0 0 0 0 0 0 3e1708d0 0000003e 4f1b2e20 0000003e 00b5818f 00000000 00b5818f 00000000 0000006a 00000000 00000000 00000000 11042f7c 00000000 00b581f9 00000000 00000000 00000000 00000000 00000039 008b3199 00000001 00000000 00000001 00000000 00000000 00000000 00000000 00000000 00000000 00000000 00000000 00000000 00000000 00000000 00000000 00000000 00000000 00000000 00000000 7b0e0d23 00000068 4f1b2e4f 0000003e 00000000 00000000 00000000 00000000 00000201 00000101 00000000 00000000 00000000 00000000 00000000 00000000 00000000 00003333 00004ccd 00002667 00000001 00000000 03938700 000004f8
capture_snapshot GLI1 00010000 60000000 2500000 728 0 60000000 0 0 0 0 0 0 0 3e1708d0 0000003e 4f212ec8 0000003e 00b5c196 00000000 00b5c196 00000000 0000006a 00000000 00000000 00000000 110a301b 00000000 00b5c200 00000000 00000000 00000000 00000000 00000039 008b3199 00000001 00000000 00000001 00000000 00000000 00000000 00000000 00000000 00000000 00000000 00000000 00000000 00000000 00000000 00000000 00000000 00000000 00000000 00000000 7b180e18 00000068 4f212eee 0000003e 00000000 00000000 00000000 00000000 00000201 00000101 00000000 00000000 00000000 00000000 00000000 00000000 00000000 00003333 00004ccd 00002667 00000001 00000000 03938700 000004f8
capture_snapshot GLI1 00010000 60000000 2500000 729 0 60000000 0 0 0 0 0 0 0 3e1708d0 0000003e 4f272e98 0000003e 00b60194 00000000 00b60194 00000000 0000006a 00000000 00000000 00000000 11102ff0 00000000 00b601fe 00000000 00000000 00000000 00000000 00000039 008b3199 00000001 00000000 00000001 00000000 00000000 00000000 00000000 00000000 00000000 00000000 00000000 00000000 00000000 00000000 00000000 00000000 00000000 00000000 00000000 7b220dbd 00000068 4f272ec3 0000003e 00000000 00000000 00000000 00000000 00000201 00000101 00000000 00000000 00000000 00000000 00000000 00000000 00000000 00003333 00004ccd 00002667 00000001 00000000 03938700 000004f8
capture_snapshot GLI1 00010000 60000000 2500000 730 0 60000000 0 0 0 0 0 0 0 3e1708d0 0000003e 4f2d2ec8 0000003e 00b64196 00000000 00b64195 00000000 0000006a 00000000 00000000 00000000 11163012 00000000 00b64200 00000000 00000000 00000000 00000000 0000003b 008b3199 00000001 00000001 00000001 00000000 00000000 00000000 00000000 00000000 00000000 00000000 00000000 00000000 00000000 00000000 00000000 00000000 00000000 00000000 00000000 7b2c0de3 00000068 4f2d2ee5 0000003e 00000000 00000000 00000000 00000000 00000201 00000100 00000000 00000000 00000000 00000000 00000000 00000000 00000000 00003333 00004ccd 00002667 00000001 00000000 03938700 000004f8
capture_snapshot GLI1 00010000 60000000 2500000 731 0 60000000 0 0 0 0 0 0 0 3e1708d0 0000003e 4f332da8 0000003e 00b6818a 00000000 00b6818a 00000000 0000006a 00000000 00000000 00000000 111c2f08 00000000 00b681f4 00000000 00000000 00000000 00000000 00000039 008b3199 00000001 00000000 00000001 00000000 00000000 00000000 00000000 00000000 00000000 00000000 00000000 00000000 00000000 00000000 00000000 00000000 00000000 00000000 00000000 7b360c14 00000068 4f332ddb 0000003e 00000000 00000000 00000000 00000000 00000201 00000100 00000000 00000000 00000000 00000000 00000000 00000000 00000000 00003333 00004ccd 00002667 00000001 00000000 03938700 000004f8
capture_snapshot GLI1 00010000 60000000 2500000 732 0 60000000 0 0 0 0 0 0 0 3e1708d0 0000003e 4f392e20 0000003e 00b6c18f 00000000 00b6c18f 00000000 0000006a 00000000 00000000 00000000 11222f71 00000000 00b6c1f9 00000000 00000000 00000000 00000000 00000039 008b3199 00000001 00000000 00000001 00000000 00000000 00000000 00000000 00000000 00000000 00000000 00000000 00000000 00000000 00000000 00000000 00000000 00000000 00000000 00000000 7b400caf 00000068 4f392e44 0000003e 00000000 00000000 00000000 00000000 00000202 00000101 00000000 00000000 00000000 00000000 00000000 00000000 00000000 00003333 00004ccd 00002667 00000001 00000000 03938700 000004f8
capture_snapshot GLI1 00010000 60000000 2500000 733 0 60000000 0 0 0 0 0 0 0 3e1708d0 0000003e 4f3f2f88 0000003e 00b7019e 00000000 00b7019e 00000000 0000006a 00000000 00000000 00000000 112830d5 00000000 00b70208 00000000 00000000 00000000 00000000 00000039 008b3199 00000001 00000000 00000001 00000000 00000000 00000000 00000000 00000000 00000000 00000000 00000000 00000000 00000000 00000000 00000000 00000000 00000000 00000000 00000000 7b4a0eed 00000068 4f3f2fa8 0000003e 00000000 00000000 00000000 00000000 00000201 00000100 00000000 00000000 00000000 00000000 00000000 00000000 00000000 00003333 00004ccd 00002667 00000001 00000000 03938700 000004f8
capture_snapshot GLI1 00010000 60000000 2500000 734 0 60000000 0 0 0 0 0 0 0 3e1708d0 0000003e 4f452f40 0000003e 00b7419b 00000000 00b7419b 00000000 0000006a 00000000 00000000 00000000 112e308c 00000000 00b74205 00000000 00000000 00000000 00000000 00000039 008b3199 00000001 00000000 00000001 00000000 00000000 00000000 00000000 00000000 00000000 00000000 00000000 00000000 00000000 00000000 00000000 00000000 00000000 00000000 00000000 7b540e60 00000068 4f452f5f 0000003e 00000000 00000000 00000000 00000000 00000201 00000101 00000000 00000000 00000000 00000000 00000000 00000000 00000000 00003333 00004ccd 00002667 00000001 00000000 03938700 000004f8
capture_snapshot GLI1 00010000 60000000 2500000 735 0 60000000 0 0 0 0 0 0 0 3e1708d0 0000003e 4f4b2e50 0000003e 00b78191 00000000 00b78191 00000000 0000006a 00000000 00000000 00000000 11342f9f 00000000 00b781fb 00000000 00000000 00000000 00000000 00000039 008b3199 00000001 00000000 00000001 00000000 00000000 00000000 00000000 00000000 00000000 00000000 00000000 00000000 00000000 00000000 00000000 00000000 00000000 00000000 00000000 7b5e0cc1 00000068 4f4b2e72 0000003e 00000000 00000000 00000000 00000000 00000202 00000100 00000000 00000000 00000000 00000000 00000000 00000000 00000000 00003333 00004ccd 00002667 00000001 00000000 03938700 000004f8
capture_snapshot GLI1 00010000 60000000 2500000 736 0 60000000 0 0 0 0 0 0 0 3e1708d0 0000003e 4f512e98 0000003e 00b7c194 00000000 00b7c194 00000000 0000006a 00000000 00000000 00000000 113a2fe4 00000000 00b7c1fe 00000000 00000000 00000000 00000000 00000039 008b3199 00000001 00000000 00000001 00000000 00000000 00000000 00000000 00000000 00000000 00000000 00000000 00000000 00000000 00000000 00000000 00000000 00000000 00000000 00000000 7b680d21 00000068 4f512eb7 0000003e 00000000 00000000 00000000 00000000 00000201 00000101 00000000 00000000 00000000 00000000 00000000 00000000 00000000 00003333 00004ccd 00002667 00000001 00000000 03938700 000004f8
capture_snapshot GLI1 00010000 60000000 2500000 737 0 60000000 0 0 0 0 0 0 0 3e1708d0 0000003e 4f572d48 0000003e 00b80186 00000000 00b80186 00000000 0000006a 00000000 00000000 00000000 11402e9c 00000000 00b801f0 00000000 00000000 00000000 00000000 00000039 008b3199 00000001 00000000 00000001 00000000 00000000 00000000 00000000 00000000 00000000 00000000 00000000 00000000 00000000 00000000 00000000 00000000 00000000 00000000 00000000 7b720aea 00000068 4f572d6f 0000003e 00000000 00000000 00000000 00000000 00000202 00000101 00000000 00000000 00000000 00000000 00000000 00000000 00000000 00003333 00004ccd 00002667 00000001 00000000 03938700 000004f8
capture_snapshot GLI1 00010000 60000000 2500000 738 0 60000000 0 0 0 0 0 0 0 3e1708d0 0000003e 4f5d2e20 0000003e 00b8418f 00000000 00b8418f 00000000 0000006a 00000000 00000000 00000000 11462f6d 00000000 00b841f9 00000000 00000000 00000000 00000000 00000039 008b3199 00000001 00000000 00000001 00000000 00000000 00000000 00000000 00000000 00000000 00000000 00000000 00000000 00000000 00000000 00000000 00000000 00000000 00000000 00000000 7b7c0c33 00000068 4f5d2e40 0000003e 00000000 00000000 00000000 00000000 00000202 00000100 00000000 00000000 00000000 00000000 00000000 00000000 00000000 00003333 00004ccd 00002667 00000001 00000000 03938700 000004f8
capture_snapshot GLI1 00010000 60000000 2500000 739 0 60000000 0 0 0 0 0 0 0 3e1708d0 0000003e 4f632e50 0000003e 00b88191 00000000 00b88191 00000000 0000006a 00000000 00000000 00000000 114c2fae 00000000 00b881fb 00000000 00000000 00000000 00000000 00000039 008b3199 00000001 00000000 00000001 00000000 00000000 00000000 00000000 00000000 00000000 00000000 00000000 00000000 00000000 00000000 00000000 00000000 00000000 00000000 00000000 7b860c8c 00000068 4f632e81 0000003e 00000000 00000000 00000000 00000000 00000201 00000100 00000000 00000000 00000000 00000000 00000000 00000000 00000000 00003333 00004ccd 00002667 00000001 00000000 03938700 000004f8
capture_snapshot GLI1 00010000 60000000 2500000 740 0 60000000 0 0 0 0 0 0 0 3e1708d0 0000003e 4f692da8 0000003e 00b8c18a 00000000 00b8c18a 00000000 0000006a 00000000 00000000 00000000 11522f02 00000000 00b8c1f4 00000000 00000000 00000000 00000000 00000039 008b3199 00000001 00000000 00000001 00000000 00000000 00000000 00000000 00000000 00000000 00000000 00000000 00000000 00000000 00000000 00000000 00000000 00000000 00000000 00000000 7b900b5a 00000068 4f692dd5 0000003e 00000000 00000000 00000000 00000000 00000201 00000101 00000000 00000000 00000000 00000000 00000000 00000000 00000000 00003333 00004ccd 00002667 00000001 00000000 03938700 000004f8
capture_snapshot GLI1 00010000 60000000 2500000 741 0 60000000 0 0 0 0 0 0 0 3e1708d0 0000003e 4f6f2f40 0000003e 00b9019b 00000000 00b9019b 00000000 0000006a 00000000 00000000 00000000 1158308e 00000000 00b90205 00000000 00000000 00000000 00000000 00000039 008b3199 00000001 00000000 00000001 00000000 00000000 00000000 00000000 00000000 00000000 00000000 00000000 00000000 00000000 00000000 00000000 00000000 00000000 00000000 00000000 7b9a0dd9 00000068 4f6f2f61 0000003e 00000000 00000000 00000000 00000000 00000201 00000101 00000000 00000000 00000000 00000000 00000000 00000000 00000000 00003333 00004ccd 00002667 00000001 00000000 03938700 000004f8
capture_snapshot GLI1 00010000 60000000 2500000 742 0 60000000 0 0 0 0 0 0 0 3e1708d0 0000003e 4f752e20 0000003e 00b9418f 00000000 00b9418f 00000000 0000006a 00000000 00000000 00000000 115e2f80 00000000 00b941f9 00000000 00000000 00000000 00000000 00000039 008b3199 00000001 00000000 00000001 00000000 00000000 00000000 00000000 00000000 00000000 00000000 00000000 00000000 00000000 00000000 00000000 00000000 00000000 00000000 00000000 7ba40c04 00000068 4f752e53 0000003e 00000000 00000000 00000000 00000000 00000201 00000101 00000000 00000000 00000000 00000000 00000000 00000000 00000000 00003333 00004ccd 00002667 00000001 00000000 03938700 000004f8
capture_snapshot GLI1 00010000 60000000 2500000 743 0 60000000 0 0 0 0 0 0 0 3e1708d0 0000003e 4f7b2d78 0000003e 00b98188 00000000 00b98188 00000000 0000006a 00000000 00000000 00000000 11642ed1 00000000 00b981f2 00000000 00000000 00000000 00000000 00000039 008b3199 00000001 00000000 00000001 00000000 00000000 00000000 00000000 00000000 00000000 00000000 00000000 00000000 00000000 00000000 00000000 00000000 00000000 00000000 00000000 7bae0ace 00000068 4f7b2da4 0000003e 00000000 00000000 00000000 00000000 00000201 00000101 00000000 00000000 00000000 00000000 00000000 00000000 00000000 00003333 00004ccd 00002667 00000001 00000000 03938700 000004f8
capture_snapshot GLI1 00010000 60000000 2500000 744 0 60000000 0 0 0 0 0 0 0 3e1708d0 0000003e 4f812dd8 0000003e 00b9c18c 00000000 00b9c18c 00000000 0000006a 00000000 00000000 00000000 116a2f26 00000000 00b9c1f6 00000000 00000000 00000000 00000000 00000039 008b3199 00000001 00000000 00000001 00000000 00000000 00000000 00000000 00000000 00000000 00000000 00000000 00000000 00000000 00000000 00000000 00000000 00000000 00000000 00000000 7bb80b47 00000068 4f812df9 0000003e 00000000 00000000 00000000 00000000 00000202 00000101 00000000 00000000 00000000 00000000 00000000 00000000 00000000 00003333 00004ccd 00002667 00000001 00000000 03938700 000004f8
capture_snapshot GLI1 00010000 60000000 2500000 745 0 60000000 0 0 0 0 0 0 0 3e1708d0 0000003e 4f873720 0000003e 00ba01ef 00000000 00ba01ef 00000000 0000006a 00000000 00000000 00000000 11703872 00000000 00ba0259 00000000 00000000 00000000 00000000 00000039 008b3199 00000001 00000000 00000001 00000000 00000000 00000000 00000000 00000000 00000000 00000000 00000000 00000000 00000000 00000000 00000000 00000000 00000000 00000000 00000000 7bc21ab2 00000068 4f873745 0000003e 00000000 00000000 00000000 00000000 00000202 00000100 00000000 00000000 00000000 00000000 00000000 00000000 00000000 00003333 00004ccd 00002667 00000001 00000000 03938700 000004f8
capture_snapshot GLI1 00010000 60000000 2500000 746 0 60000000 0 0 0 0 0 0 0 3e1708d0 0000003e 4f8d2d18 0000003e 00ba4184 00000000 00ba4184 00000000 0000006a 00000000 00000000 00000000 11762e6c 00000000 00ba41ee 00000000 00000000 00000000 00000000 00000039 008b3199 00000001 00000000 00000001 00000000 00000000 00000000 00000000 00000000 00000000 00000000 00000000 00000000 00000000 00000000 00000000 00000000 00000000 00000000 00000000 7bcc09ea 00000068 4f8d2d3f 0000003e 00000000 00000000 00000000 00000000 00000202 00000101 00000000 00000000 00000000 00000000 00000000 00000000 00000000 00003333 00004ccd 00002667 00000001 00000000 03938700 000004f8
capture_snapshot GLI1 00010000 60000000 2500000 747 0 60000000 0 0 0 0 0 0 0 3e1708d0 0000003e 4f933090 0000003e 00ba81a9 00000000 00ba81a9 00000000 0000006a 00000000 00000000 00000000 117c31f0 00000000 00ba8213 00000000 00000000 00000000 00000000 00000039 008b3199 00000001 00000000 00000001 00000000 00000000 00000000 00000000 00000000 00000000 00000000 00000000 00000000 00000000 00000000 00000000 00000000 00000000 00000000 00000000 7bd60fb2 00000068 4f9330c3 0000003e 00000000 00000000 00000000 00000000 00000201 00000101 00000000 00000000 00000000 00000000 00000000 00000000 00000000 00003333 00004ccd 00002667 00000001 00000000 03938700 000004f8
capture_snapshot GLI1 00010000 60000000 2500000 748 0 60000000 0 0 0 0 0 0 0 3e1708d0 0000003e 4f992e68 0000003e 00bac192 00000000 00bac192 00000000 0000006a 00000000 00000000 00000000 11822fc3 00000000 00bac1fc 00000000 00000000 00000000 00000000 00000039 008b3199 00000001 00000000 00000001 00000000 00000000 00000000 00000000 00000000 00000000 00000000 00000000 00000000 00000000 00000000 00000000 00000000 00000000 00000000 00000000 7be00bff 00000068 4f992e96 0000003e 00000000 00000000 00000000 00000000 00000201 00000101 00000000 00000000 00000000 00000000 00000000 00000000 00000000 00003333 00004ccd 00002667 00000001 00000000 03938700 000004f8
capture_snapshot GLI1 00010000 60000000 2500000 749 0 60000000 0 0 0 0 0 0 0 3e1708d0 0000003e 4f9f2f88 0000003e 00bb019e 00000000 00bb019e 00000000 0000006a 00000000 00000000 00000000 118830d5 00000000 00bb0208 00000000 00000000 00000000 00000000 00000039 008b3199 00000001 00000000 00000001 00000000 00000000 00000000 00000000 00000000 00000000 00000000 00000000 00000000 00000000 00000000 00000000 00000000 00000000 00000000 00000000 7bea0db4 00000068 4f9f2fa8 0000003e 00000000 00000000 00000000 00000000 00000201 00000100 00000000 00000000 00000000 00000000 00000000 00000000 00000000 00003333 00004ccd 00002667 00000001 00000000 03938700 000004f8
capture_snapshot GLI1 00010000 60000000 2500000 750 0 60000000 0 0 0 0 0 0 0 3e1708d0 0000003e 4fa52d90 0000003e 00bb4189 00000000 00bb4189 00000000 0000006a 00000000 00000000 00000000 118e2eeb 00000000 00bb41f3 00000000 00000000 00000000 00000000 00000039 008b3199 00000001 00000000 00000001 00000000 00000000 00000000 00000000 00000000 00000000 00000000 00000000 00000000 00000000 00000000 00000000 00000000 00000000 00000000 00000000 7bf40a6f 00000068 4fa52dbe 0000003e 00000000 00000000 00000000 00000000 00000201 00000101 00000000 00000000 00000000 00000000 00000000 00000000 00000000 00003333 00004ccd 00002667 00000001 00000000 03938700 000004f8
capture_snapshot GLI1 00010000 60000000 2500000 751 0 60000000 0 0 0 0 0 0 0 3e1708d0 0000003e 4fab2e50 0000003e 00bb8191 00000000 00bb8190 00000000 0000006a 00000000 00000000 00000000 11942f99 00000000 00bb81fb 00000000 00000000 00000000 00000000 0000003b 008b3199 00000001 00000001 00000001 00000000 00000000 00000000 00000000 00000000 00000000 00000000 00000000 00000000 00000000 00000000 00000000 00000000 00000000 00000000 00000000 7bfe0b7f 00000068 4fab2e6c 0000003e 00000000 00000000 00000000 00000000 00000201 00000101 00000000 00000000 00000000 00000000 00000000 00000000 00000000 00003333 00004ccd 00002667 00000001 00000000 03938700 000004f8
capture_snapshot GLI1 00010000 60000000 2500000 752 0 60000000 0 0 0 0 0 0 0 3e1708d0 0000003e 4fb12ce8 0000003e 00bbc182 00000000 00bbc182 00000000 0000006a 00000000 00000000 00000000 119a2e36 00000000 00bbc1ec 00000000 00000000 00000000 00000000 00000039 008b3199 00000001 00000000 00000001 00000000 00000000 00000000 00000000 00000000 00000000 00000000 00000000 00000000 00000000 00000000 00000000 00000000 00000000 00000000 00000000 7c08091b 00000068 4fb12d09 0000003e 00000000 00000000 00000000 00000000 00000201 00000101 00000000 00000000 00000000 00000000 00000000 00000000 00000000 00003333 00004ccd 00002667 00000001 00000000 03938700 000004f8
capture_snapshot GLI1 00010000 60000000 2500000 753 0 60000000 0 0 0 0 0 0 0 3e1708d0 0000003e 4fb72d18 0000003e 00bc0184 00000000 00bc0184 00000000 0000006a 00000000 00000000 00000000 11a02e6c 00000000 00bc01ee 00000000 00000000 00000000 00000000 00000039 008b3199 00000001 00000000 00000001 00000000 00000000 00000000 00000000 00000000 00000000 00000000 00000000 00000000 00000000 00000000 00000000 00000000 00000000 00000000 00000000 7c120962 00000068 4fb72d3f 0000003e 00000000 00000000 00000000 00000000 00000201 00000101 00000000 00000000 00000000 00000000 00000000 00000000 00000000 00003333 00004ccd 00002667 00000001 00000000 03938700 000004f8
capture_snapshot GLI1 00010000 60000000 2500000 754 0 60000000 0 0 0 0 0 0 0 3e1708d0 0000003e 4fbd3ca8 0000003e 00bc422a 00000000 00bc422a 00000000 0000006a 00000000 00000000 00000000 11a63e01 00000000 00bc4294 00000000 00000000 00000000 00000000 00000039 008b3199 00000001 00000000 00000001 00000000 00000000 00000000 00000000 00000000 00000000 00000000 00000000 00000000 00000000 00000000 00000000 00000000 00000000 00000000 00000000 7c1c2346 00000068 4fbd3cd4 0000003e 00000000 00000000 00000000 00000000 00000201 00000101 00000000 00000000 00000000 00000000 00000000 00000000 00000000 00003333 00004ccd 00002667 00000001 00000000 03938700 000004f8
capture_snapshot GLI1 00010000 60000000 2500000 755 0 60000000 0 0 0 0 0 0 0 3e1708d0 0000003e 4fc33318 0000003e 00bc81c4 00000000 00bc81c4 00000000 0000006a 00000000 00000000 00000000 11ac3473 00000000 00bc822e 00000000 00000000 00000000 00000000 00000039 008b3199 00000001 00000000 00000001 00000000 00000000 00000000 00000000 00000000 00000000 00000000 00000000 00000000 00000000 00000000 00000000 00000000 00000000 00000000 00000000 7c261345 00000068 4fc33346 0000003e 00000000 00000000 00000000 00000000 00000201 00000101 00000000 00000000 00000000 00000000 00000000 00000000 00000000 00003333 00004ccd 00002667 00000001 00000000 03938700 000004f8
capture_snapshot GLI1 00010000 60000000 2500000 756 0 60000000 0 0 0 0 0 0 0 3e1708d0 0000003e 4fc951a8 0000003e 00bcc30a 00000000 00bcc30a 00000000 0000006a 00000000 00000000 00000000 11b25303 00000000 00bcc374 00000000 00000000 00000000 00000000 00000039 008b3199 00000001 00000000 00000001 00000000 00000000 00000000 00000000 00000000 00000000 00000000 00000000 00000000 00000000 00000000 00000000 00000000 00000000 00000000 00000000 7c304622 00000068 4fc951d6 0000003e 00000000 00000000 00000000 00000000 00000201 00000101 00000000 00000000 00000000 00000000 00000000 00000000 00000000 00003333 00004ccd 00002667 00000001 00000000 03938700 000004f8
capture_snapshot GLI1 00010000 60000000 2500000 757 0 60000000 0 0 0 0 0 0 0 3e1708d0 0000003e 4fcf5070 0000003e 00bd02fd 00000000 00bd02fd 00000000 0000006a 00000000 00000000 00000000 11b851c6 00000000 00bd0367 00000000 00000000 00000000 00000000 00000039 008b3199 00000001 00000000 00000001 00000000 00000000 00000000 00000000 00000000 00000000 00000000 00000000 00000000 00000000 00000000 00000000 00000000 00000000 00000000 00000000 7c3a43fe 00000068 4fcf5099 0000003e 00000000 00000000 00000000 00000000 00000201 00000101 00000000 00000000 00000000 00000000 00000000 00000000 00000000 00003333 00004ccd 00002667 00000001 00000000 03938700 000004f8
capture_snapshot GLI1 00010000 60000000 2500000 758 0 60000000 0 0 0 0 0 0 0 3e1708d0 0000003e 4fd551f0 0000003e 00bd430d 00000000 00bd430d 00000000 0000006a 00000000 00000000 00000000 11be5344 00000000 00bd4377 00000000 00000000 00000000 00000000 00000039 008b3199 00000001 00000000 00000001 00000000 00000000 00000000 00000000 00000000 00000000 00000000 00000000 00000000 00000000 00000000 00000000 00000000 00000000 00000000 00000000 7c444668 00000068 4fd55217 0000003e 00000000 00000000 00000000 00000000 00000201 00000101 00000000 00000000 00000000 00000000 00000000 00000000 00000000 00003333 00004ccd 00002667 00000001 00000000 03938700 000004f8
capture_snapshot GLI1 00010000 60000000 2500000 759 0 60000000 0 0 0 0 0 0 0 3e1708d0 0000003e 4fdb4ed8 0000003e 00bd82ec 00000000 00bd82ec 00000000 0000006a 00000000 00000000 00000000 11c45032 00000000 00bd8356 00000000 00000000 00000000 00000000 00000039 008b3199 00000001 00000000 00000001 00000000 00000000 00000000 00000000 00000000 00000000 00000000 00000000 00000000 00000000 00000000 00000000 00000000 00000000 00000000 00000000 7c4e4135 00000068 4fdb4f05 0000003e 00000000 00000000 00000000 00000000 00000202 00000100 00000000 00000000 00000000 00000000 00000000 00000000 00000000 00003333 00004ccd 00002667 00000001 00000000 03938700 000004f8
capture_snapshot GLI1 00010000 60000000 2500000 760 0 60000000 0 0 0 0 0 0 0 3e1708d0 0000003e 4fe15460 0000003e 00bdc327 00000000 00bdc327 00000000 0000006a 00000000 00000000 00000000 11ca55b3 00000000 00bdc391 00000000 00000000 00000000 00000000 00000039 008b3199 00000001 00000000 00000001 00000000 00000000 00000000 00000000 00000000 00000000 00000000 00000000 00000000 00000000 00000000 00000000 00000000 00000000 00000000 00000000 7c584a4d 00000068 4fe15486 0000003e 00000000 00000000 00000000 00000000 00000201 00000101 00000000 00000000 00000000 00000000 00000000 00000000 00000000 00003333 00004ccd 00002667 00000001 00000000 03938700 000004f8
capture_snapshot GLI1 00010000 60000000 2500000 761 0 60000000 0 0 0 0 0 0 0 3e1708d0 0000003e 4fe75178 0000003e 00be0308 00000000 00be0308 00000000 0000006a 00000000 00000000 00000000 11d052d4 00000000 00be0372 00000000 00000000 00000000 00000000 00000039 008b3199 00000001 00000000 00000001 00000000 00000000 00000000 00000000 00000000 00000000 00000000 00000000 00000000 00000000 00000000 00000000 00000000 00000000 00000000 00000000 7c624572 00000068 4fe751a7 0000003e 00000000 00000000 00000000 00000000 00000201 00000101 00000000 00000000 00000000 00000000 00000000 00000000 00000000 00003333 00004ccd 00002667 00000001 00000000 03938700 000004f8
capture_snapshot GLI1 00010000 60000000 2500000 762 0 60000000 0 0 0 0 0 0 0 3e1708d0 0000003e 4fed4f08 0000003e 00be42ee 00000000 00be42ee 00000000 0000006a 00000000 00000000 00000000 11d65068 00000000 00be4358 00000000 00000000 00000000 00000000 00000039 008b3199 00000001 00000000 00000001 00000000 00000000 00000000 00000000 00000000 00000000 00000000 00000000 00000000 00000000 00000000 00000000 00000000 00000000 00000000 00000000 7c6c4154 00000068 4fed4f3b 0000003e 00000000 00000000 00000000 00000000 00000201 00000101 00000000 00000000 00000000 00000000 00000000 00000000 00000000 00003333 00004ccd 00002667 00000001 00000000 03938700 000004f8
capture_snapshot GLI1 00010000 60000000 2500000 763 0 60000000 0 0 0 0 0 0 0 3e1708d0 0000003e 4ff351c0 0000003e 00be830b 00000000 00be830b 00000000 0000006a 00000000 00000000 00000000 11dc5310 00000000 00be8375 00000000 00000000 00000000 00000000 00000039 008b3199 00000001 00000000 00000001 00000000 00000000 00000000 00000000 00000000 00000000 00000000 00000000 00000000 00000000 00000000 00000000 00000000 00000000 00000000 00000000 7c7645af 00000068 4ff351e3 0000003e 00000000 00000000 00000000 00000000 00000201 00000101 00000000 00000000 00000000 00000000 00000000 00000000 00000000 00003333 00004ccd 00002667 00000001 00000000 03938700 000004f8
capture_snapshot GLI1 00010000 60000000 2500000 764 0 60000000 0 0 0 0 0 0 0 3e1708d0 0000003e 4ff95370 0000003e 00bec31d 00000000 00bec31d 00000000 0000006a 00000000 00000000 00000000 11e254c1 00000000 00bec387 00000000 00000000 00000000 00000000 00000039 008b3199 00000001 00000000 00000001 00000000 00000000 00000000 00000000 00000000 00000000 00000000 00000000 00000000 00000000 00000000 00000000 00000000 00000000 00000000 00000000 7c80486d 00000068 4ff95394 0000003e 00000000 00000000 00000000 00000000 00000201 00000101 00000000 00000000 00000000 00000000 00000000 00000000 00000000 00003333 00004ccd 00002667 00000001 00000000 03938700 000004f8
capture_snapshot GLI1 00010000 60000000 2500000 765 0 60000000 0 0 0 0 0 0 0 3e1708d0 0000003e 4fff5088 0000003e 00bf02fe 00000000 00bf02fe 00000000 0000006a 00000000 00000000 00000000 11e851e3 00000000 00bf0368 00000000 00000000 00000000 00000000 00000039 008b3199 00000001 00000000 00000001 00000000 00000000 00000000 00000000 00000000 00000000 00000000 00000000 00000000 00000000 00000000 00000000 00000000 00000000 00000000 00000000 7c8a4391 00000068 4fff50b6 0000003e 00000000 00000000 00000000 00000000 00000201 00000101 00000000 00000000 00000000 00000000 00000000 00000000 00000000 00003333 00004ccd 00002667 00000001 00000000 03938700 000004f8
capture_snapshot GLI1 00010000 60000000 2500000 766 0 60000000 0 0 0 0 0 0 0 3e1708d0 0000003e 50055910 0000003e 00bf4359 00000000 00bf4359 00000000 0000006a 00000000 00000000 00000000 11ee5a5e 00000000 00bf43c3 00000000 00000000 00000000 00000000 00000039 008b3199 00000001 00000000 00000001 00000000 00000000 00000000 00000000 00000000 00000000 00000000 00000000 00000000 00000000 00000000 00000000 00000000 00000000 00000000 00000000 7c94519f 00000068 50055931 0000003e 00000000 00000000 00000000 00000000 00000201 00000101 00000000 00000000 00000000 00000000 00000000 00000000 00000000 00003333 00004ccd 00002667 00000001 00000000 03938700 000004f8
capture_snapshot GLI1 00010000 60000000 2500000 767 0 60000000 0 0 0 0 0 0 0 3e1708d0 0000003e 500b5508 0000003e 00bf832e 00000000 00bf832e 00000000 0000006a 00000000 00000000 00000000 11f45667 00000000 00bf8398 00000000 00000000 00000000 00000000 00000039 008b3199 00000001 00000000 00000001 00000000 00000000 00000000 00000000 00000000 00000000 00000000 00000000 00000000 00000000 00000000 00000000 00000000 00000000 00000000 00000000 7c9e4af1 00000068 500b553a 0000003e 00000000 00000000 00000000 00000000 00000201 00000100 00000000 00000000 00000000 00000000 00000000 00000000 00000000 00003333 00004ccd 00002667 00000001 00000000 03938700 000004f8
capture_snapshot GLI1 00010000 60000000 2500000 768 0 60000000 0 0 0 0 0 0 0 3e1708d0 0000003e 50115010 0000003e 00bfc2f9 00000000 00bfc2f9 00000000 0000006a 00000000 00000000 00000000 11fa5170 00000000 00bfc363 00000000 00000000 00000000 00000000 00000039 008b3199 00000001 00000000 00000001 00000000 00000000 00000000 00000000 00000000 00000000 00000000 00000000 00000000 00000000 00000000 00000000 00000000 00000000 00000000 00000000 7ca84297 00000068 50115043 0000003e 00000000 00000000 00000000 00000000 00000201 00000100 00000000 00000000 00000000 00000000 00000000 00000000 00000000 00003333 00004ccd 00002667 00000001 00000000 03938700 000004f8
capture_snapshot GLI1 00010000 60000000 2500000 769 0 60000000 0 0 0 0 0 0 0 3e1708d0 0000003e 501753b8 0000003e 00c00320 00000000 00c00320 00000000 0000006a 00000000 00000000 00000000 12005514 00000000 00c0038a 00000000 00000000 00000000 00000000 00000039 008b3199 00000001 00000000 00000001 00000000 00000000 00000000 00000000 00000000 00000000 00000000 00000000 00000000 00000000 00000000 00000000 00000000 00000000 00000000 00000000 7cb24894 00000068 501753e7 0000003e 00000000 00000000 00000000 00000000 00000201 00000101 00000000 00000000 00000000 00000000 00000000 00000000 00000000 00003333 00004ccd 00002667 00000001 00000000 03938700 000004f8
capture_snapshot GLI1 00010000 60000000 2500000 770 0 60000000 0 0 0 0 0 0 0 3e1708d0 0000003e 501d5c10 0000003e 00c04379 00000000 00c04379 00000000 0000006a 00000000 00000000 00000000 12065d69 00000000 00c043e3 00000000 00000000 00000000 00000000 00000039 008b3199 00000001 00000000 00000001 00000000 00000000 00000000 00000000 00000000 00000000 00000000 00000000 00000000 00000000 00000000 00000000 00000000 00000000 00000000 00000000 7cbc5665 00000068 501d5c3c 0000003e 00000000 00000000 00000000 00000000 00000201 00000101 00000000 00000000 00000000 00000000 00000000 00000000 00000000 00003333 00004ccd 00002667 00000001 00000000 03938700 000004f8
capture_snapshot GLI1 00010000 60000000 2500000 771 0 60000000 0 0 0 0 0 0 0 3e1708d0 0000003e 502351f0 0000003e 00c0830d 00000000 00c0830d 00000000 0000006a 00000000 00000000 00000000 120c533b 00000000 00c08377 00000000 00000000 00000000 00000000 00000039 008b3199 00000001 00000000 00000001 00000000 00000000 00000000 00000000 00000000 00000000 00000000 00000000 00000000 00000000 00000000 00000000 00000000 00000000 00000000 00000000 7cc64559 00000068 5023520e 0000003e 00000000 00000000 00000000 00000000 00000202 00000101 00000000 00000000 00000000 00000000 00000000 00000000 00000000 00003333 00004ccd 00002667 00000001 00000000 03938700 000004f8
capture_snapshot GLI1 00010000 60000000 2500000 772 0 60000000 0 0 0 0 0 0 0 3e1708d0 0000003e 50295748 0000003e 00c0c346 00000000 00c0c346 00000000 0000006a 00000000 00000000 00000000 121258a3 00000000 00c0c3b0 00000000 00000000 00000000 00000000 00000039 008b3199 00000001 00000000 00000001 00000000 00000000 00000000 00000000 00000000 00000000 00000000 00000000 00000000 00000000 00000000 00000000 00000000 00000000 00000000 00000000 7cd04e48 00000068 50295776 0000003e 00000000 00000000 00000000 00000000 00000202 00000101 00000000 00000000 00000000 00000000 00000000 00000000 00000000 00003333 00004ccd 00002667 00000001 00000000 03938700 000004f8
capture_snapshot GLI1 00010000 60000000 2500000 773 0 60000000 0 0 0 0 0 0 0 3e1708d0 0000003e 502f5250 0000003e 00c10311 00000000 00c10311 00000000 0000006a 00000000 00000000 00000000 121853ae 00000000 00c1037b 00000000 00000000 00000000 00000000 00000039 008b3199 00000001 00000000 00000001 00000000 00000000 00000000 00000000 00000000 00000000 00000000 00000000 00000000 00000000 00000000 00000000 00000000 00000000 00000000 00000000 7cda45f1 00000068 502f5281 0000003e 00000000 00000000 00000000 00000000 00000201 00000101 00000000 00000000 00000000 00000000 00000000 00000000 00000000 00003333 00004ccd 00002667 00000001 00000000 03938700 000004f8
capture_snapshot GLI1 00010000 60000000 2500000 774 0 60000000 0 0 0 0 0 0 0 3e1708d0 0000003e 50356660 0000003e 00c143e7 00000000 00c143e7 00000000 0000006a 00000000 00000000 00000000 121e67b4 00000000 00c14451 00000000 00000000 00000000 00000000 00000039 008b3199 00000001 00000000 00000001 00000000 00000000 00000000 00000000 00000000 00000000 00000000 00000000 00000000 00000000 00000000 00000000 00000000 00000000 00000000 00000000 7ce4673e 00000068 50356687 0000003e 00000000 00000000 00000000 00000000 00000201 00000101 00000000 00000000 00000000 00000000 00000000 00000000 00000000 00003333 00004ccd 00002667 00000001 00000000 03938700 000004f8
capture_snapshot GLI1 00010000 60000000 2500000 775 0 60000000 0 0 0 0 0 0 0 3e1708d0 0000003e 503b5d48 0000003e 00c18386 00000000 00c18386 00000000 0000006a 00000000 00000000 00000000 12245e9b 00000000 00c183f0 00000000 00000000 00000000 00000000 00000039 008b3199 00000001 00000000 00000001 00000000 00000000 00000000 00000000 00000000 00000000 00000000 00000000 00000000 00000000 00000000 00000000 00000000 00000000 00000000 00000000 7cee5800 00000068 503b5d6e 0000003e 00000000 00000000 00000000 00000000 00000202 00000101 00000000 00000000 00000000 00000000 00000000 00000000 00000000 00003333 00004ccd 00002667 00000001 00000000 03938700 000004f8
capture_snapshot GLI1 00010000 60000000 2500000 776 0 60000000 0 0 0 0 0 0 0 3e1708d0 0000003e 50415538 0000003e 00c1c330 00000000 00c1c330 00000000 0000006a 00000000 00000000 00000000 122a5688 00000000 00c1c39a 00000000 00000000 00000000 00000000 00000039 008b3199 00000001 00000000 00000001 00000000 00000000 00000000 00000000 00000000 00000000 00000000 00000000 00000000 00000000 00000000 00000000 00000000 00000000 00000000 00000000 7cf84a78 00000068 5041555b 0000003e 00000000 00000000 00000000 00000000 00000201 00000101 00000000 00000000 00000000 00000000 00000000 00000000 00000000 00003333 00004ccd 00002667 00000001 00000000 03938700 000004f8
capture_snapshot GLI1 00010000 60000000 2500000 777 0 60000000 0 0 0 0 0 0 0 3e1708d0 0000003e 50475970 0000003e 00c2035d 00000000 00c2035d 00000000 0000006a 00000000 00000000 00000000 12305acd 00000000 00c203c7 00000000 00000000 00000000 00000000 00000039 008b3199 00000001 00000000 00000001 00000000 00000000 00000000 00000000 00000000 00000000 00000000 00000000 00000000 00000000 00000000 00000000 00000000 00000000 00000000 00000000 7d025182 00000068 504759a0 0000003e 00000000 00000000 00000000 00000000 00000201 00000101 00000000 00000000 00000000 00000000 00000000 00000000 00000000 00003333 00004ccd 00002667 00000001 00000000 03938700 000004f8
capture_snapshot GLI1 00010000 60000000 2500000 778 0 60000000 0 0 0 0 0 0 0 3e1708d0 0000003e 504d5688 0000003e 00c2433e 00000000 00c2433e 00000000 0000006a 00000000 00000000 00000000 123657d8 00000000 00c243a8 00000000 00000000 00000000 00000000 00000039 008b3199 00000001 00000000 00000001 00000000 00000000 00000000 00000000 00000000 00000000 00000000 00000000 00000000 00000000 00000000 00000000 00000000 00000000 00000000 00000000 7d0c4c81 00000068 504d56ab 0000003e 00000000 00000000 00000000 00000000 00000201 00000101 00000000 00000000 00000000 00000000 00000000 00000000 00000000 00003333 00004ccd 00002667 00000001 00000000 03938700 000004f8
capture_snapshot GLI1 00010000 60000000 2500000 779 0 60000000 0 0 0 0 0 0 0 3e1708d0 0000003e 505352f8 0000003e 00c28318 00000000 00c28317 00000000 0000006a 00000000 00000000 00000000 123c5442 00000000 00c28382 00000000 00000000 00000000 00000000 0000003b 008b3199 00000001 00000001 00000001 00000000 00000000 00000000 00000000 00000000 00000000 00000000 00000000 00000000 00000000 00000000 00000000 00000000 00000000 00000000 00000000 7d164673 00000068 50535315 0000003e 00000000 00000000 00000000 00000000 00000201 00000100 00000000 00000000 00000000 00000000 00000000 00000000 00000000 00003333 00004ccd 00002667 00000001 00000000 03938700 000004f8
capture_snapshot GLI1 00010000 60000000 2500000 780 0 60000000 0 0 0 0 0 0 0 3e1708d0 0000003e 50595af0 0000003e 00c2c36d 00000000 00c2c36c 00000000 0000006a 00000000 00000000 00000000 12425c3a 00000000 00c2c3d7 00000000 00000000 00000000 00000000 0000003b 008b3199 00000001 00000001 00000001 00000000 00000000 00000000 00000000 00000000 00000000 00000000 00000000 00000000 00000000 00000000 00000000 00000000 00000000 00000000 00000000 7d2053a7 00000068 50595b0d 0000003e 00000000 00000000 00000000 00000000 00000202 00000100 00000000 00000000 00000000 00000000 00000000 00000000 00000000 00003333 00004ccd 00002667 00000001 00000000 03938700 000004f8
capture_snapshot GLI1 00010000 60000000 2500000 781 0 60000000 0 0 0 0 0 0 0 3e1708d0 0000003e 505f5670 0000003e 00c3033d 00000000 00c3033d 00000000 0000006a 00000000 00000000 00000000 124857cb 00000000 00c303a7 00000000 00000000 00000000 00000000 00000039 008b3199 00000001 00000000 00000001 00000000 00000000 00000000 00000000 00000000 00000000 00000000 00000000 00000000 00000000 00000000 00000000 00000000 00000000 00000000 00000000 7d2a4c30 00000068 505f569e 0000003e 00000000 00000000 00000000 00000000 00000201 00000100 00000000 00000000 00000000 00000000 00000000 00000000 00000000 00003333 00004ccd 00002667 00000001 00000000 03938700 000004f8
capture_snapshot GLI1 00010000 60000000 2500000 782 0 60000000 0 0 0 0 0 0 0 3e1708d0 0000003e 506551f0 0000003e 00c3430d 00000000 00c3430d 00000000 0000006a 00000000 00000000 00000000 124e5349 00000000 00c34377 00000000 00000000 00000000 00000000 00000039 008b3199 00000001 00000000 00000001 00000000 00000000 00000000 00000000 00000000 00000000 00000000 00000000 00000000 00000000 00000000 00000000 00000000 00000000 00000000 00000000 7d344499 00000068 5065521c 0000003e 00000000 00000000 00000000 00000000 00000202 00000101 00000000 00000000 00000000 00000000 00000000 00000000 00000000 00003333 00004ccd 00002667 00000001 00000000 03938700 000004f8
capture_snapshot GLI1 00010000 60000000 2500000 783 0 60000000 0 0 0 0 0 0 0 3e1708d0 0000003e 506b5280 0000003e 00c38313 00000000 00c38313 00000000 0000006a 00000000 00000000 00000000 125453d4 00000000 00c3837d 00000000 00000000 00000000 00000000 00000039 008b3199 00000001 00000000 00000001 00000000 00000000 00000000 00000000 00000000 00000000 00000000 00000000 00000000 00000000 00000000 00000000 00000000 00000000 00000000 00000000 7d3e456d 00000068 506b52a7 0000003e 00000000 00000000 00000000 00000000 00000202 00000101 00000000 00000000 00000000 00000000 00000000 00000000 00000000 00003333 00004ccd 00002667 00000001 00000000 03938700 000004f8
capture_snapshot GLI1 00010000 60000000 2500000 784 0 60000000 0 0 0 0 0 0 0 3e1708d0 0000003e 507156b8 0000003e 00c3c340 00000000 00c3c340 00000000 0000006a 00000000 00000000 00000000 125a5805 00000000 00c3c3aa 00000000 00000000 00000000 00000000 00000039 008b3199 00000001 00000000 00000001 00000000 00000000 00000000 00000000 00000000 00000000 00000000 00000000 00000000 00000000 00000000 00000000 00000000 00000000 00000000 00000000 7d484c56 00000068 507156d8 0000003e 00000000 00000000 00000000 00000000 00000201 00000100 00000000 00000000 00000000 00000000 00000000 00000000 00000000 00003333 00004ccd 00002667 00000001 00000000 03938700 000004f8
capture_snapshot GLI1 00010000 60000000 2500000 785 0 60000000 0 0 0 0 0 0 0 3e1708d0 0000003e 50775358 0000003e 00c4031c 00000000 00c4031c 00000000 0000006a 00000000 00000000 00000000 126054b8 00000000 00c40386 00000000 00000000 00000000 00000000 00000039 008b3199 00000001 00000000 00000001 00000000 00000000 00000000 00000000 00000000 00000000 00000000 00000000 00000000 00000000 00000000 00000000 00000000 00000000 00000000 00000000 7d5246c2 00000068 5077538b 0000003e 00000000 00000000 00000000 00000000 00000202 00000101 00000000 00000000 00000000 00000000 00000000 00000000 00000000 00003333 00004ccd 00002667 00000001 00000000 03938700 000004f8
capture_snapshot GLI1 00010000 60000000 2500000 786 0 60000000 0 0 0 0 0 0 0 3e1708d0 0000003e 507d5748 0000003e 00c44346 00000000 00c44346 00000000 0000006a 00000000 00000000 00000000 12665897 00000000 00c443b0 00000000 00000000 00000000 00000000 00000039 008b3199 00000001 00000000 00000001 00000000 00000000 00000000 00000000 00000000 00000000 00000000 00000000 00000000 00000000 00000000 00000000 00000000 00000000 00000000 00000000 7d5c4d22 00000068 507d576a 0000003e 00000000 00000000 00000000 00000000 00000202 00000100 00000000 00000000 00000000 00000000 00000000 00000000 00000000 00003333 00004ccd 00002667 00000001 00000000 03938700 000004f8
capture_snapshot GLI1 00010000 60000000 2500000 787 0 60000000 0 0 0 0 0 0 0 3e1708d0 0000003e 50835520 0000003e 00c4832f 00000000 00c4832f 00000000 0000006a 00000000 00000000 00000000 126c5673 00000000 00c48399 00000000 00000000 00000000 00000000 00000039 008b3199 00000001 00000000 00000001 00000000 00000000 00000000 00000000 00000000 00000000 00000000 00000000 00000000 00000000 00000000 00000000 00000000 00000000 00000000 00000000 7d66497d 00000068 50835546 0000003e 00000000 00000000 00000000 00000000 00000202 00000101 00000000 00000000 00000000 00000000 00000000 00000000 00000000 00003333 00004ccd 00002667 00000001 00000000 03938700 000004f8
capture_snapshot GLI1 00010000 60000000 2500000 788 0 60000000 0 0 0 0 0 0 0 3e1708d0 0000003e 50894fe0 0000003e 00c4c2f7 00000000 00c4c2f7 00000000 0000006a 00000000 00000000 00000000 1272512b 00000000 00c4c361 00000000 00000000 00000000 00000000 00000039 008b3199 00000001 00000000 00000001 00000000 00000000 00000000 00000000 00000000 00000000 00000000 00000000 00000000 00000000 00000000 00000000 00000000 00000000 00000000 00000000 7d70409c 00000068 50894ffe 0000003e 00000000 00000000 00000000 00000000 00000201 00000101 00000000 00000000 00000000 00000000 00000000 00000000 00000000 00003333 00004ccd 00002667 00000001 00000000 03938700 000004f8
capture_snapshot GLI1 00010000 60000000 2500000 789 0 60000000 0 0 0 0 0 0 0 3e1708d0 0000003e 508f5730 0000003e 00c50345 00000000 00c50345 00000000 0000006a 00000000 00000000 00000000 12785889 00000000 00c503af 00000000 00000000 00000000 00000000 00000039 008b3199 00000001 00000000 00000001 00000000 00000000 00000000 00000000 00000000 00000000 00000000 00000000 00000000 00000000 00000000 00000000 00000000 00000000 00000000 00000000 7d7a4cd0 00000068 508f575c 0000003e 00000000 00000000 00000000 00000000 00000202 00000101 00000000 00000000 00000000 00000000 00000000 00000000 00000000 00003333 00004ccd 00002667 00000001 00000000 03938700 000004f8
capture_snapshot GLI1 00010000 60000000 2500000 790 0 60000000 0 0 0 0 0 0 0 3e1708d0 0000003e 50955868 0000003e 00c54352 00000000 00c54352 00000000 0000006a 00000000 00000000 00000000 127e59c3 00000000 00c543bc 00000000 00000000 00000000 00000000 00000039 008b3199 00000001 00000000 00000001 00000000 00000000 00000000 00000000 00000000 00000000 00000000 00000000 00000000 00000000 00000000 00000000 00000000 00000000 00000000 00000000 7d844ec7 00000068 50955896 0000003e 00000000 00000000 00000000 00000000 00000201 00000101 00000000 00000000 00000000 00000000 00000000 00000000 00000000 00003333 00004ccd 00002667 00000001 00000000 03938700 000004f8
capture_snapshot GLI1 00010000 60000000 2500000 791 0 60000000 0 0 0 0 0 0 0 3e1708d0 0000003e 509b53d0 0000003e 00c58321 00000000 00c58321 00000000 0000006a 00000000 00000000 00000000 1284551e 00000000 00c5838b 00000000 00000000 00000000 00000000 00000039 008b3199 00000001 00000000 00000001 00000000 00000000 00000000 00000000 00000000 00000000 00000000 00000000 00000000 00000000 00000000 00000000 00000000 00000000 00000000 00000000 7d8e46f6 00000068 509b53f1 0000003e 00000000 00000000 00000000 00000000 00000201 00000101 00000000 00000000 00000000 00000000 00000000 00000000 00000000 00003333 00004ccd 00002667 00000001 00000000 03938700 000004f8
capture_snapshot GLI1 00010000 60000000 2500000 792 0 60000000 0 0 0 0 0 0 0 3e1708d0 0000003e 50a15550 0000003e 00c5c331 00000000 00c5c331 00000000 0000006a 00000000 00000000 00000000 128a56a5 00000000 00c5c39b 00000000 00000000 00000000 00000000 00000039 008b3199 00000001 00000000 00000001 00000000 00000000 00000000 00000000 00000000 00000000 00000000 00000000 00000000 00000000 00000000 00000000 00000000 00000000 00000000 00000000 7d98496f 00000068 50a15578 0000003e 00000000 00000000 00000000 00000000 00000201 00000101 00000000 00000000 00000000 00000000 00000000 00000000 00000000 00003333 00004ccd 00002667 00000001 00000000 03938700 000004f8
capture_snapshot GLI1 00010000 60000000 2500000 793 0 60000000 0 0 0 0 0 0 0 3e1708d0 0000003e 50a754c0 0000003e 00c6032b 00000000 00c6032b 00000000 0000006a 00000000 00000000 00000000 12905611 00000000 00c60395 00000000 00000000 00000000 00000000 00000039 008b3199 00000001 00000000 00000001 00000000 00000000 00000000 00000000 00000000 00000000 00000000 00000000 00000000 00000000 00000000 00000000 00000000 00000000 00000000 00000000 7da24865 00000068 50a754e4 0000003e 00000000 00000000 00000000 00000000 00000201 00000101 00000000 00000000 00000000 00000000 00000000 00000000 00000000 00003333 00004ccd 00002667 00000001 00000000 03938700 000004f8
capture_snapshot GLI1 00010000 60000000 2500000 794 0 60000000 0 0 0 0 0 0 0 3e1708d0 0000003e 50ad58c8 0000003e 00c64356 00000000 00c64355 00000000 0000006a 00000000 00000000 00000000 12965a12 00000000 00c643c0 00000000 00000000 00000000 00000000 0000003b 008b3199 00000001 00000001 00000001 00000000 00000000 00000000 00000000 00000000 00000000 00000000 00000000 00000000 00000000 00000000 00000000 00000000 00000000 00000000 00000000 7dac4efd 00000068 50ad58e5 0000003e 00000000 00000000 00000000 00000000 00000202 00000100 00000000 00000000 00000000 00000000 00000000 00000000 00000000 00003333 00004ccd 00002667 00000001 00000000 03938700 000004f8
capture_snapshot GLI1 00010000 60000000 2500000 795 0 60000000 0 0 0 0 0 0 0 3e1708d0 0000003e 50b35670 0000003e 00c6833d 00000000 00c6833d 00000000 0000006a 00000000 00000000 00000000 129c57ca 00000000 00c683a7 00000000 00000000 00000000 00000000 00000039 008b3199 00000001 00000000 00000001 00000000 00000000 00000000 00000000 00000000 00000000 00000000 00000000 00000000 00000000 00000000 00000000 00000000 00000000 00000000 00000000 7db64b1c 00000068 50b3569d 0000003e 00000000 00000000 00000000 00000000 00000202 00000100 00000000 00000000 00000000 00000000 00000000 00000000 00000000 00003333 00004ccd 00002667 00000001 00000000 03938700 000004f8
capture_snapshot GLI1 00010000 60000000 2500000 796 0 60000000 0 0 0 0 0 0 0 3e1708d0 0000003e 50b95220 0000003e 00c6c30f 00000000 00c6c30f 00000000 0000006a 00000000 00000000 00000000 12a2536e 00000000 00c6c379 00000000 00000000 00000000 00000000 00000039 008b3199 00000001 00000000 00000001 00000000 00000000 00000000 00000000 00000000 00000000 00000000 00000000 00000000 00000000 00000000 00000000 00000000 00000000 00000000 00000000 7dc043c4 00000068 50b95241 0000003e 00000000 00000000 00000000 00000000 00000201 00000101 00000000 00000000 00000000 00000000 00000000 00000000 00000000 00003333 00004ccd 00002667 00000001 00000000 03938700 000004f8
capture_snapshot GLI1 00010000 60000000 2500000 797 0 60000000 0 0 0 0 0 0 0 3e1708d0 0000003e 50bf4ab8 0000003e 00c702c0 00000000 00c702c0 00000000 0000006a 00000000 00000000 00000000 12a84c17 00000000 00c7032a 00000000 00000000 00000000 00000000 00000039 008b3199 00000001 00000000 00000001 00000000 00000000 00000000 00000000 00000000 00000000 00000000 00000000 00000000 00000000 00000000 00000000 00000000 00000000 00000000 00000000 7dca3776 00000068 50bf4aea 0000003e 00000000 00000000 00000000 00000000 00000201 00000101 00000000 00000000 00000000 00000000 00000000 00000000 00000000 00003333 00004ccd 00002667 00000001 00000000 03938700 000004f8
capture_snapshot GLI1 00010000 60000000 2500000 798 0 60000000 0 0 0 0 0 0 0 3e1708d0 0000003e 50c55ca0 0000003e 00c7437f 00000000 00c7437f 00000000 0000006a 00000000 00000000 00000000 12ae5df4 00000000 00c743e9 00000000 00000000 00000000 00000000 00000039 008b3199 00000001 00000000 00000001 00000000 00000000 00000000 00000000 00000000 00000000 00000000 00000000 00000000 00000000 00000000 00000000 00000000 00000000 00000000 00000000 7dd45527 00000068 50c55cc7 0000003e 00000000 00000000 00000000 00000000 00000201 00000101 00000000 00000000 00000000 00000000 00000000 00000000 00000000 00003333 00004ccd 00002667 00000001 00000000 03938700 000004f8
capture_snapshot GLI1 00010000 60000000 2500000 799 0 60000000 0 0 0 0 0 0 0 3e1708d0 0000003e 50cb56b8 0000003e 00c78340 00000000 00c78340 00000000 0000006a 00000000 00000000 00000000 12b45811 00000000 00c783aa 00000000 00000000 00000000 00000000 00000039 008b3199 00000001 00000000 00000001 00000000 00000000 00000000 00000000 00000000 00000000 00000000 00000000 00000000 00000000 00000000 00000000 00000000 00000000 00000000 00000000 7dde4b44 00000068 50cb56e4 0000003e 00000000 00000000 00000000 00000000 00000202 00000101 00000000 00000000 00000000 00000000 00000000 00000000 00000000 00003333 00004ccd 00002667 00000001 00000000 03938700 000004f8
capture_snapshot GLI1 00010000 60000000 2500000 800 0 60000000 0 0 0 0 0 0 0 3e1708d0 0000003e 50d14d40 0000003e 00c7c2db 00000000 00c7c2db 00000000 0000006a 00000000 00000000 00000000 12ba4e94 00000000 00c7c345 00000000 00000000 00000000 00000000 00000039 008b3199 00000001 00000000 00000001 00000000 00000000 00000000 00000000 00000000 00000000 00000000 00000000 00000000 00000000 00000000 00000000 00000000 00000000 00000000 00000000 7de83b61 00000068 50d14d67 0000003e 00000000 00000000 00000000 00000000 00000201 00000101 00000000 00000000 00000000 00000000 00000000 00000000 00000000 00003333 00004ccd 00002667 00000001 00000000 03938700 000004f8
capture_snapshot GLI1 00010000 60000000 2500000 801 0 60000000 0 0 0 0 0 0 0 3e1708d0 0000003e 50d754d8 0000003e 00c8032c 00000000 00c8032c 00000000 0000006a 00000000 00000000 00000000 12c05626 00000000 00c80396 00000000 00000000 00000000 00000000 00000039 008b3199 00000001 00000000 00000001 00000000 00000000 00000000 00000000 00000000 00000000 00000000 00000000 00000000 00000000 00000000 00000000 00000000 00000000 00000000 00000000 7df247ea 00000068 50d754f9 0000003e 00000000 00000000 00000000 00000000 00000201 00000101 00000000 00000000 00000000 00000000 00000000 00000000 00000000 00003333 00004ccd 00002667 00000001 00000000 03938700 000004f8
capture_snapshot GLI1 00010000 60000000 2500000 802 0 60000000 0 0 0 0 0 0 0 3e1708d0 0000003e 50dd5880 0000003e 00c84353 00000000 00c84353 00000000 0000006a 00000000 00000000 00000000 12c659d3 00000000 00c843bd 00000000 00000000 00000000 00000000 00000039 008b3199 00000001 00000000 00000001 00000000 00000000 00000000 00000000 00000000 00000000 00000000 00000000 00000000 00000000 00000000 00000000 00000000 00000000 00000000 00000000 7dfc4df8 00000068 50dd58a6 0000003e 00000000 00000000 00000000 00000000 00000201 00000101 00000000 00000000 00000000 00000000 00000000 00000000 00000000 00003333 00004ccd 00002667 00000001 00000000 03938700 000004f8
capture_snapshot GLI1 00010000 60000000 2500000 803 0 60000000 0 0 0 0 0 0 0 3e1708d0 0000003e 50e36fa8 0000003e 00c8844a 00000000 00c8844a 00000000 0000006a 00000000 00000000 00000000 12cc7103 00000000 00c884b4 00000000 00000000 00000000 00000000 00000039 008b3199 00000001 00000000 00000001 00000000 00000000 00000000 00000000 00000000 00000000 00000000 00000000 00000000 00000000 00000000 00000000 00000000 00000000 00000000 00000000 7e067488 00000068 50e36fd6 0000003e 00000000 00000000 00000000 00000000 00000201 00000101 00000000 00000000 00000000 00000000 00000000 00000000 00000000 00003333 00004ccd 00002667 00000001 00000000 03938700 000004f8
capture_snapshot GLI1 00010000 60000000 2500000 804 0 60000000 0 0 0 0 0 0 0 3e1708d0 0000003e 50e958b0 0000003e 00c8c355 00000000 00c8c355 00000000 0000006a 00000000 00000000 00000000 12d25a10 00000000 00c8c3bf 00000000 00000000 00000000 00000000 00000039 008b3199 00000001 00000000 00000001 00000000 00000000 00000000 00000000 00000000 00000000 00000000 00000000 00000000 00000000 00000000 00000000 00000000 00000000 00000000 00000000 7e104e35 00000068 50e958e3 0000003e 00000000 00000000 00000000 00000000 00000201 00000101 00000000 00000000 00000000 00000000 00000000 00000000 00000000 00003333 00004ccd 00002667 00000001 00000000 03938700 000004f8
capture_snapshot GLI1 00010000 60000000 2500000 805 0 60000000 0 0 0 0 0 0 0 3e1708d0 0000003e 50ef5880 0000003e 00c90353 00000000 00c90353 00000000 0000006a 00000000 00000000 00000000 12d859da 00000000 00c903bd 00000000 00000000 00000000 00000000 00000039 008b3199 00000001 00000000 00000001 00000000 00000000 00000000 00000000 00000000 00000000 00000000 00000000 00000000 00000000 00000000 00000000 00000000 00000000 00000000 00000000 7e1a4dc9 00000068 50ef58ad 0000003e 00000000 00000000 00000000 00000000 00000201 00000101 00000000 00000000 00000000 00000000 00000000 00000000 00000000 00003333 00004ccd 00002667 00000001 00000000 03938700 000004f8
capture_snapshot GLI1 00010000 60000000 2500000 806 0 60000000 0 0 0 0 0 0 0 3e1708d0 0000003e 50f552c8 0000003e 00c94316 00000000 00c94316 00000000 0000006a 00000000 00000000 00000000 12de5416 00000000 00c94380 00000000 00000000 00000000 00000000 00000039 008b3199 00000001 00000000 00000001 00000000 00000000 00000000 00000000 00000000 00000000 00000000 00000000 00000000 00000000 00000000 00000000 00000000 00000000 00000000 00000000 7e244419 00000068 50f552e9 0000003e 00000000 00000000 00000000 00000000 00000201 00000100 00000000 00000000 00000000 00000000 00000000 00000000 00000000 00003333 00004ccd 00002667 00000001 00000000 03938700 000004f8
capture_snapshot GLI1 00010000 60000000 2500000 807 0 60000000 0 0 0 0 0 0 0 3e1708d0 0000003e 50fb5730 0000003e 00c98345 00000000 00c98345 00000000 0000006a 00000000 00000000 00000000 12e45887 00000000 00c983af 00000000 00000000 00000000 00000000 00000039 008b3199 00000001 00000000 00000001 00000000 00000000 00000000 00000000 00000000 00000000 00000000 00000000 00000000 00000000 00000000 00000000 00000000 00000000 00000000 00000000 7e2e4b6c 00000068 50fb575a 0000003e 00000000 00000000 00000000 00000000 00000202 00000100 00000000 00000000 00000000 00000000 00000000 00000000 00000000 00003333 00004ccd 00002667 00000001 00000000 03938700 000004f8
capture_snapshot GLI1 00010000 60000000 2500000 808 0 60000000 0 0 0 0 0 0 0 3e1708d0 0000003e 51015298 0000003e 00c9c314 00000000 00c9c314 00000000 0000006a 00000000 00000000 00000000 12ea53f6 00000000 00c9c37e 00000000 00000000 00000000 00000000 00000039 008b3199 00000001 00000000 00000001 00000000 00000000 00000000 00000000 00000000 00000000 00000000 00000000 00000000 00000000 00000000 00000000 00000000 00000000 00000000 00000000 7e3843bd 00000068 510152c9 0000003e 00000000 00000000 00000000 00000000 00000201 00000101 00000000 00000000 00000000 00000000 00000000 00000000 00000000 00003333 00004ccd 00002667 00000001 00000000 03938700 000004f8
capture_snapshot GLI1 00010000 60000000 2500000 809 0 60000000 0 0 0 0 0 0 0 3e1708d0 0000003e 510754d8 0000003e 00ca032c 00000000 00ca032c 00000000 0000006a 00000000 00000000 00000000 12f05633 00000000 00ca0396 00000000 00000000 00000000 00000000 00000039 008b3199 00000001 00000000 00000001 00000000 00000000 00000000 00000000 00000000 00000000 00000000 00000000 00000000 00000000 00000000 00000000 00000000 00000000 00000000 00000000 7e424764 00000068 51075506 0000003e 00000000 00000000 00000000 00000000 00000201 00000100 00000000 00000000 00000000 00000000 00000000 00000000 00000000 00003333 00004ccd 00002667 00000001 00000000 03938700 000004f8
capture_snapshot GLI1 00010000 60000000 2500000 810 0 60000000 0 0 0 0 0 0 0 3e1708d0 0000003e 510d5568 0000003e 00ca4332 00000000 00ca4332 00000000 0000006a 00000000 00000000 00000000 12f656c4 00000000 00ca439c 00000000 00000000 00000000 00000000 00000039 008b3199 00000001 00000000 00000001 00000000 00000000 00000000 00000000 00000000 00000000 00000000 00000000 00000000 00000000 00000000 00000000 00000000 00000000 00000000 00000000 7e4c4843 00000068 510d5597 0000003e 00000000 00000000 00000000 00000000 00000201 00000101 00000000 00000000 00000000 00000000 00000000 00000000 00000000 00003333 00004ccd 00002667 00000001 00000000 03938700 000004f8
capture_snapshot GLI1 00010000 60000000 2500000 811 0 60000000 0 0 0 0 0 0 0 3e1708d0 0000003e 511350d0 0000003e 00ca8301 00000000 00ca8301 00000000 0000006a 00000000 00000000 00000000 12fc521b 00000000 00ca836b 00000000 00000000 00000000 00000000 00000039 008b3199 00000001 00000000 00000001 00000000 00000000 00000000 00000000 00000000 00000000 00000000 00000000 00000000 00000000 00000000 00000000 00000000 00000000 00000000 00000000 7e56406a 00000068 511350ee 0000003e 00000000 00000000 00000000 00000000 00000202 00000101 00000000 00000000 00000000 00000000 00000000 00000000 00000000 00003333 00004ccd 00002667 00000001 00000000 03938700 000004f8
capture_snapshot GLI1 00010000 60000000 2500000 812 0 60000000 0 0 0 0 0 0 0 3e1708d0 0000003e 51195dc0 0000003e 00cac38b 00000000 00cac38b 00000000 0000006a 00000000 00000000 00000000 13025f20 00000000 00cac3f5 00000000 00000000 00000000 00000000 00000039 008b3199 00000001 00000000 00000001 00000000 00000000 00000000 00000000 00000000 00000000 00000000 00000000 00000000 00000000 00000000 00000000 00000000 00000000 00000000 00000000 7e605609 00000068 51195df3 0000003e 00000000 00000000 00000000 00000000 00000202 00000101 00000000 00000000 00000000 00000000 00000000 00000000 00000000 00003333 00004ccd 00002667 00000001 00000000 03938700 000004f8
capture_snapshot GLI1 00010000 60000000 2500000 813 0 60000000 0 0 0 0 0 0 0 3e1708d0 0000003e 511f58f8 0000003e 00cb0358 00000000 00cb0358 00000000 0000006a 00000000 00000000 00000000 13085a59 00000000 00cb03c2 00000000 00000000 00000000 00000000 00000039 008b3199 00000001 00000000 00000001 00000000 00000000 00000000 00000000 00000000 00000000 00000000 00000000 00000000 00000000 00000000 00000000 00000000 00000000 00000000 00000000 7e6a4e00 00000068 511f592c 0000003e 00000000 00000000 00000000 00000000 00000201 00000101 00000000 00000000 00000000 00000000 00000000 00000000 00000000 00003333 00004ccd 00002667 00000001 00000000 03938700 000004f8
capture_snapshot GLI1 00010000 60000000 2500000 814 0 60000000 0 0 0 0 0 0 0 3e1708d0 0000003e 51255448 0000003e 00cb4326 00000000 00cb4326 00000000 0000006a 00000000 00000000 00000000 130e5594 00000000 00cb4390 00000000 00000000 00000000 00000000 00000039 008b3199 00000001 00000000 00000001 00000000 00000000 00000000 00000000 00000000 00000000 00000000 00000000 00000000 00000000 00000000 00000000 00000000 00000000 00000000 00000000 7e7445f9 00000068 51255467 0000003e 00000000 00000000 00000000 00000000 00000201 00000101 00000000 00000000 00000000 00000000 00000000 00000000 00000000 00003333 00004ccd 00002667 00000001 00000000 03938700 000004f8
capture_snapshot GLI1 00010000 60000000 2500000 815 0 60000000 0 0 0 0 0 0 0 3e1708d0 0000003e 512b5370 0000003e 00cb831d 00000000 00cb831d 00000000 0000006a 00000000 00000000 00000000 131454c2 00000000 00cb8387 00000000 00000000 00000000 00000000 00000039 008b3199 00000001 00000000 00000001 00000000 00000000 00000000 00000000 00000000 00000000 00000000 00000000 00000000 00000000 00000000 00000000 00000000 00000000 00000000 00000000 7e7e4488 00000068 512b5395 0000003e 00000000 00000000 00000000 00000000 00000201 00000101 00000000 00000000 00000000 00000000 00000000 00000000 00000000 00003333 00004ccd 00002667 00000001 00000000 03938700 000004f8
capture_snapshot GLI1 00010000 60000000 2500000 816 0 60000000 0 0 0 0 0 0 0 3e1708d0 0000003e 51315568 0000003e 00cbc332 00000000 00cbc332 00000000 0000006a 00000000 00000000 00000000 131a56b9 00000000 00cbc39c 00000000 00000000 00000000 00000000 00000039 008b3199 00000001 00000000 00000001 00000000 00000000 00000000 00000000 00000000 00000000 00000000 00000000 00000000 00000000 00000000 00000000 00000000 00000000 00000000 00000000 7e8847bb 00000068 5131558c 0000003e 00000000 00000000 00000000 00000000 00000201 00000101 00000000 00000000 00000000 00000000 00000000 00000000 00000000 00003333 00004ccd 00002667 00000001 00000000 03938700 000004f8
capture_snapshot GLI1 00010000 60000000 2500000 817 0 60000000 0 0 0 0 0 0 0 3e1708d0 0000003e 513756d0 0000003e 00cc0341 00000000 00cc0341 00000000 0000006a 00000000 00000000 00000000 1320582f 00000000 00cc03ab 00000000 00000000 00000000 00000000 00000039 008b3199 00000001 00000000 00000001 00000000 00000000 00000000 00000000 00000000 00000000 00000000 00000000 00000000 00000000 00000000 00000000 00000000 00000000 00000000 00000000 7e924a16 00000068 51375702 0000003e 00000000 00000000 00000000 00000000 00000201 00000100 00000000 00000000 00000000 00000000 00000000 00000000 00000000 00003333 00004ccd 00002667 00000001 00000000 03938700 000004f8
capture_snapshot GLI1 00010000 60000000 2500000 818 0 60000000 0 0 0 0 0 0 0 3e1708d0 0000003e 513d5340 0000003e 00cc431b 00000000 00cc431b 00000000 0000006a 00000000 00000000 00000000 1326549c 00000000 00cc4385 00000000 00000000 00000000 00000000 00000039 008b3199 00000001 00000000 00000001 00000000 00000000 00000000 00000000 00000000 00000000 00000000 00000000 00000000 00000000 00000000 00000000 00000000 00000000 00000000 00000000 7e9c440e 00000068 513d536f 0000003e 00000000 00000000 00000000 00000000 00000201 00000101 00000000 00000000 00000000 00000000 00000000 00000000 00000000 00003333 00004ccd 00002667 00000001 00000000 03938700 000004f8
capture_snapshot GLI1 00010000 60000000 2500000 819 0 60000000 0 0 0 0 0 0 0 3e1708d0 0000003e 51435808 0000003e 00cc834e 00000000 00cc834e 00000000 0000006a 00000000 00000000 00000000 132c5968 00000000 00cc83b8 00000000 00000000 00000000 00000000 00000039 008b3199 00000001 00000000 00000001 00000000 00000000 00000000 00000000 00000000 00000000 00000000 00000000 00000000 00000000 00000000 00000000 00000000 00000000 00000000 00000000 7ea64bf8 00000068 5143583b 0000003e 00000000 00000000 00000000 00000000 00000202 00000101 00000000 00000000 00000000 00000000 00000000 00000000 00000000 00003333 00004ccd 00002667 00000001 00000000 03938700 000004f8
capture_snapshot GLI1 00010000 60000000 2500000 820 0 60000000 0 0 0 0 0 0 0 3e1708d0 0000003e 51495040 0000003e 00ccc2fb 00000000 00ccc2fb 00000000 0000006a 00000000 00000000 00000000 13325196 00000000 00ccc365 00000000 00000000 00000000 00000000 00000039 008b3199 00000001 00000000 00000001 00000000 00000000 00000000 00000000 00000000 00000000 00000000 00000000 00000000 00000000 00000000 00000000 00000000 00000000 00000000 00000000 7eb03edd 00000068 51495069 0000003e 00000000 00000000 00000000 00000000 00000201 00000101 00000000 00000000 00000000 00000000 00000000 00000000 00000000 00003333 00004ccd 00002667 00000001 00000000 03938700 000004f8
capture_snapshot GLI1 00010000 60000000 2500000 821 0 60000000 0 0 0 0 0 0 0 3e1708d0 0000003e 514f57c0 0000003e 00cd034b 00000000 00cd034b 00000000 0000006a 00000000 00000000 00000000 1338590a 00000000 00cd03b5 00000000 00000000 00000000 00000000 00000039 008b3199 00000001 00000000 00000001 00000000 00000000 00000000 00000000 00000000 00000000 00000000 00000000 00000000 00000000 00000000 00000000 00000000 00000000 00000000 00000000 7eba4b35 00000068 514f57dd 0000003e 00000000 00000000 00000000 00000000 00000201 00000101 00000000 00000000 00000000 00000000 00000000 00000000 00000000 00003333 00004ccd 00002667 00000001 00000000 03938700 000004f8
capture_snapshot GLI1 00010000 60000000 2500000 822 0 60000000 0 0 0 0 0 0 0 3e1708d0 0000003e 51555a48 0000003e 00cd4366 00000000 00cd4366 00000000 0000006a 00000000 00000000 00000000 133e5b9c 00000000 00cd43d0 00000000 00000000 00000000 00000000 00000039 008b3199 00000001 00000000 00000001 00000000 00000000 00000000 00000000 00000000 00000000 00000000 00000000 00000000 00000000 00000000 00000000 00000000 00000000 00000000 00000000 7ec44f69 00000068 51555a6f 0000003e 00000000 00000000 00000000 00000000 00000201 00000101 00000000 00000000 00000000 00000000 00000000 00000000 00000000 00003333 00004ccd 00002667 00000001 00000000 03938700 000004f8
capture_snapshot GLI1 00010000 60000000 2500000 823 0 60000000 0 0 0 0 0 0 0 3e1708d0 0000003e 515b5100 0000003e 00cd8303 00000000 00cd8303 00000000 0000006a 00000000 00000000 00000000 1344524d 00000000 00cd836d 00000000 00000000 00000000 00000000 00000039 008b3199 00000001 00000000 00000001 00000000 00000000 00000000 00000000 00000000 00000000 00000000 00000000 00000000 00000000 00000000 00000000 00000000 00000000 00000000 00000000 7ece3fd3 00000068 515b5120 0000003e 00000000 00000000 00000000 00000000 00000201 00000101 00000000 00000000 00000000 00000000 00000000 00000000 00000000 00003333 00004ccd 00002667 00000001 00000000 03938700 000004f8
capture_snapshot GLI1 00010000 60000000 2500000 824 0 60000000 0 0 0 0 0 0 0 3e1708d0 0000003e 51615c70 0000003e 00cdc37d 00000000 00cdc37d 00000000 0000006a 00000000 00000000 00000000 134a5dd0 00000000 00cdc3e7 00000000 00000000 00000000 00000000 00000039 008b3199 00000001 00000000 00000001 00000000 00000000 00000000 00000000 00000000 00000000 00000000 00000000 00000000 00000000 00000000 00000000 00000000 00000000 00000000 00000000 7ed852ef 00000068 51615ca3 0000003e 00000000 00000000 00000000 00000000 00000201 00000101 00000000 00000000 00000000 00000000 00000000 00000000 00000000 00003333 00004ccd 00002667 00000001 00000000 03938700 000004f8
capture_snapshot GLI1 00010000 60000000 2500000 825 0 60000000 0 0 0 0 0 0 0 3e1708d0 0000003e 51675340 0000003e 00ce031b 00000000 00ce031b 00000000 0000006a 00000000 00000000 00000000 1350549e 00000000 00ce0385 00000000 00000000 00000000 00000000 00000039 008b3199 00000001 00000000 00000001 00000000 00000000 00000000 00000000 00000000 00000000 00000000 00000000 00000000 00000000 00000000 00000000 00000000 00000000 00000000 00000000 7ee24387 00000068 51675371 0000003e 00000000 00000000 00000000 00000000 00000201 00000101 00000000 00000000 00000000 00000000 00000000 00000000 00000000 00003333 00004ccd 00002667 00000001 00000000 03938700 000004f8
capture_snapshot GLI1 00010000 60000000 2500000 826 0 60000000 0 0 0 0 0 0 0 3e1708d0 0000003e 516d50b8 0000003e 00ce4300 00000000 00ce4300 00000000 0000006a 00000000 00000000 00000000 13565203 00000000 00ce436a 00000000 00000000 00000000 00000000 00000039 008b3199 00000001 00000000 00000001 00000000 00000000 00000000 00000000 00000000 00000000 00000000 00000000 00000000 00000000 00000000 00000000 00000000 00000000 00000000 00000000 7eec3f1d 00000068 516d50d6 0000003e 00000000 00000000 00000000 00000000 00000201 00000101 00000000 00000000 00000000 00000000 00000000 00000000 00000000 00003333 00004ccd 00002667 00000001 00000000 03938700 000004f8
capture_snapshot GLI1 00010000 60000000 2500000 827 0 60000000 0 0 0 0 0 0 0 3e1708d0 0000003e 517356a0 0000003e 00ce833f 00000000 00ce833f 00000000 0000006a 00000000 00000000 00000000 135c57eb 00000000 00ce83a9 00000000 00000000 00000000 00000000 00000039 008b3199 00000001 00000000 00000001 00000000 00000000 00000000 00000000 00000000 00000000 00000000 00000000 00000000 00000000 00000000 00000000 00000000 00000000 00000000 00000000 7ef648e0 00000068 517356be 0000003e 00000000 00000000 00000000 00000000 00000201 00000101 00000000 00000000 00000000 00000000 00000000 00000000 00000000 00003333 00004ccd 00002667 00000001 00000000 03938700 000004f8
capture_snapshot GLI1 00010000 60000000 2500000 828 0 60000000 0 0 0 0 0 0 0 3e1708d0 0000003e 517954d8 0000003e 00cec32c 00000000 00cec32c 00000000 0000006a 00000000 00000000 00000000 13625623 00000000 00cec396 00000000 00000000 00000000 00000000 00000039 008b3199 00000001 00000000 00000001 00000000 00000000 00000000 00000000 00000000 00000000 00000000 00000000 00000000 00000000 00000000 00000000 00000000 00000000 00000000 00000000 7f0045d5 00000068 517954f6 0000003e 00000000 00000000 00000000 00000000 00000202 00000101 00000000 00000000 00000000 00000000 00000000 00000000 00000000 00003333 00004ccd 00002667 00000001 00000000 03938700 000004f8
capture_snapshot GLI1 00010000 60000000 2500000 829 0 60000000 0 0 0 0 0 0 0 3e1708d0 0000003e 517f4de8 0000003e 00cf02e2 00000000 00cf02e2 00000000 0000006a 00000000 00000000 00000000 13684f46 00000000 00cf034c 00000000 00000000 00000000 00000000 00000039 008b3199 00000001 00000000 00000001 00000000 00000000 00000000 00000000 00000000 00000000 00000000 00000000 00000000 00000000 00000000 00000000 00000000 00000000 00000000 00000000 7f0a3a52 00000068 517f4e19 0000003e 00000000 00000000 00000000 00000000 00000201 00000101 00000000 00000000 00000000 00000000 00000000 00000000 00000000 00003333 00004ccd 00002667 00000001 00000000 03938700 000004f8
capture_snapshot GLI1 00010000 60000000 2500000 830 0 60000000 0 0 0 0 0 0 0 3e1708d0 0000003e 518553d0 0000003e 00cf4321 00000000 00cf4321 00000000 0000006a 00000000 00000000 00000000 136e5521 00000000 00cf438b 00000000 00000000 00000000 00000000 00000039 008b3199 00000001 00000000 00000001 00000000 00000000 00000000 00000000 00000000 00000000 00000000 00000000 00000000 00000000 00000000 00000000 00000000 00000000 00000000 00000000 7f144400 00000068 518553f4 0000003e 00000000 00000000 00000000 00000000 00000201 00000101 00000000 00000000 00000000 00000000 00000000 00000000 00000000 00003333 00004ccd 00002667 00000001 00000000 03938700 000004f8
capture_snapshot GLI1 00010000 60000000 2500000 831 0 60000000 0 0 0 0 0 0 0 3e1708d0 0000003e 518b55e0 0000003e 00cf8337 00000000 00cf8337 00000000 0000006a 00000000 00000000 00000000 1374573b 00000000 00cf83a1 00000000 00000000 00000000 00000000 00000039 008b3199 00000001 00000000 00000001 00000000 00000000 00000000 00000000 00000000 00000000 00000000 00000000 00000000 00000000 00000000 00000000 00000000 00000000 00000000 00000000 7f1e476e 00000068 518b560e 0000003e 00000000 00000000 00000000 00000000 00000201 00000101 00000000 00000000 00000000 00000000 00000000 00000000 00000000 00003333 00004ccd 00002667 00000001 00000000 03938700 000004f8
capture_snapshot GLI1 00010000 60000000 2500000 832 0 60000000 0 0 0 0 0 0 0 3e1708d0 0000003e 51916c90 0000003e 00cfc429 00000000 00cfc429 00000000 0000006a 00000000 00000000 00000000 137a6ddf 00000000 00cfc493 00000000 00000000 00000000 00000000 00000039 008b3199 00000001 00000000 00000001 00000000 00000000 00000000 00000000 00000000 00000000 00000000 00000000 00000000 00000000 00000000 00000000 00000000 00000000 00000000 00000000 7f286d15 00000068 51916cb2 0000003e 00000000 00000000 00000000 00000000 00000202 00000100 00000000 00000000 00000000 00000000 00000000 00000000 00000000 00003333 00004ccd 00002667 00000001 00000000 03938700 000004f8
capture_snapshot GLI1 00010000 60000000 2500000 833 0 60000000 0 0 0 0 0 0 0 3e1708d0 0000003e 519756e8 0000003e 00d00342 00000000 00d00342 00000000 0000006a 00000000 00000000 00000000 13805845 00000000 00d003ac 00000000 00000000 00000000 00000000 00000039 008b3199 00000001 00000000 00000001 00000000 00000000 00000000 00000000 00000000 00000000 00000000 00000000 00000000 00000000 00000000 00000000 00000000 00000000 00000000 00000000 7f324901 00000068 51975718 0000003e 00000000 00000000 00000000 00000000 00000202 00000100 00000000 00000000 00000000 00000000 00000000 00000000 00000000 00003333 00004ccd 00002667 00000001 00000000 03938700 000004f8
capture_snapshot GLI1 00010000 60000000 2500000 834 0 60000000 0 0 0 0 0 0 0 3e1708d0 0000003e 519d53a0 0000003e 00d0431f 00000000 00d0431f 00000000 0000006a 00000000 00000000 00000000 138654f4 00000000 00d04389 00000000 00000000 00000000 00000000 00000039 008b3199 00000001 00000000 00000001 00000000 00000000 00000000 00000000 00000000 00000000 00000000 00000000 00000000 00000000 00000000 00000000 00000000 00000000 00000000 00000000 7f3c4367 00000068 519d53c7 0000003e 00000000 00000000 00000000 00000000 00000201 00000101 00000000 00000000 00000000 00000000 00000000 00000000 00000000 00003333 00004ccd 00002667 00000001 00000000 03938700 000004f8
capture_snapshot GLI1 00010000 60000000 2500000 835 0 60000000 0 0 0 0 0 0 0 3e1708d0 0000003e 51a35310 0000003e 00d08319 00000000 00d08319 00000000 0000006a 00000000 00000000 00000000 138c546d 00000000 00d08383 00000000 00000000 00000000 00000000 00000039 008b3199 00000001 00000000 00000001 00000000 00000000 00000000 00000000 00000000 00000000 00000000 00000000 00000000 00000000 00000000 00000000 00000000 00000000 00000000 00000000 7f464272 00000068 51a35340 0000003e 00000000 00000000 00000000 00000000 00000202 00000100 00000000 00000000 00000000 00000000 00000000 00000000 00000000 00003333 00004ccd 00002667 00000001 00000000 03938700 000004f8
capture_snapshot GLI1 00010000 60000000 2500000 836 0 60000000 0 0 0 0 0 0 0 3e1708d0 0000003e 51a95d78 0000003e 00d0c388 00000000 00d0c388 00000000 0000006a 00000000 00000000 00000000 13925ec3 00000000 00d0c3f2 00000000 00000000 00000000 00000000 00000039 008b3199 00000001 00000000 00000001 00000000 00000000 00000000 00000000 00000000 00000000 00000000 00000000 00000000 00000000 00000000 00000000 00000000 00000000 00000000 00000000 7f505398 00000068 51a95d96 0000003e 00000000 00000000 00000000 00000000 00000201 00000101 00000000 00000000 00000000 00000000 00000000 00000000 00000000 00003333 00004ccd 00002667 00000001 00000000 03938700 000004f8
capture_snapshot GLI1 00010000 60000000 2500000 837 0 60000000 0 0 0 0 0 0 0 3e1708d0 0000003e 51af5730 0000003e 00d10345 00000000 00d10345 00000000 0000006a 00000000 00000000 00000000 13985888 00000000 00d103af 00000000 00000000 00000000 00000000 00000039 008b3199 00000001 00000000 00000001 00000000 00000000 00000000 00000000 00000000 00000000 00000000 00000000 00000000 00000000 00000000 00000000 00000000 00000000 00000000 00000000 7f5a4923 00000068 51af575b 0000003e 00000000 00000000 00000000 00000000 00000201 00000101 00000000 00000000 00000000 00000000 00000000 00000000 00000000 00003333 00004ccd 00002667 00000001 00000000 03938700 000004f8
capture_snapshot GLI1 00010000 60000000 2500000 838 0 60000000 0 0 0 0 0 0 0 3e1708d0 0000003e 51b55658 0000003e 00d1433c 00000000 00d1433c 00000000 0000006a 00000000 00000000 00000000 139e57a8 00000000 00d143a6 00000000 00000000 00000000 00000000 00000039 008b3199 00000001 00000000 00000001 00000000 00000000 00000000 00000000 00000000 00000000 00000000 00000000 00000000 00000000 00000000 00000000 00000000 00000000 00000000 00000000 7f64479a 00000068 51b5567b 0000003e 00000000 00000000 00000000 00000000 00000201 00000101 00000000 00000000 00000000 00000000 00000000 00000000 00000000 00003333 00004ccd 00002667 00000001 00000000 03938700 000004f8
capture_snapshot GLI1 00010000 60000000 2500000 839 0 60000000 0 0 0 0 0 0 0 3e1708d0 0000003e 51bb5640 0000003e 00d1833b 00000000 00d1833b 00000000 0000006a 00000000 00000000 00000000 13a4579e 00000000 00d183a5 00000000 00000000 00000000 00000000 00000039 008b3199 00000001 00000000 00000001 00000000 00000000 00000000 00000000 00000000 00000000 00000000 00000000 00000000 00000000 00000000 00000000 00000000 00000000 00000000 00000000 7f6e4775 00000068 51bb5671 0000003e 00000000 00000000 00000000 00000000 00000201 00000101 00000000 00000000 00000000 00000000 00000000 00000000 00000000 00003333 00004ccd 00002667 00000001 00000000 03938700 000004f8
capture_snapshot GLI1 00010000 60000000 2500000 840 0 60000000 0 0 0 0 0 0 0 3e1708d0 0000003e 51c15490 0000003e 00d1c329 00000000 00d1c329 00000000 0000006a 00000000 00000000 00000000 13aa55da 00000000 00d1c393 00000000 00000000 00000000 00000000 00000039 008b3199 00000001 00000000 00000001 00000000 00000000 00000000 00000000 00000000 00000000 00000000 00000000 00000000 00000000 00000000 00000000 00000000 00000000 00000000 00000000 7f784471 00000068 51c154ad 0000003e 00000000 00000000 00000000 00000000 00000201 00000101 00000000 00000000 00000000 00000000 00000000 00000000 00000000 00003333 00004ccd 00002667 00000001 00000000 03938700 000004f8
capture_snapshot GLI1 00010000 60000000 2500000 841 0 60000000 0 0 0 0 0 0 0 3e1708d0 0000003e 51c75cd0 0000003e 00d20381 00000000 00d20381 00000000 0000006a 00000000 00000000 00000000 13b05e2e 00000000 00d203eb 00000000 00000000 00000000 00000000 00000039 008b3199 00000001 00000000 00000001 00000000 00000000 00000000 00000000 00000000 00000000 00000000 00000000 00000000 00000000 00000000 00000000 00000000 00000000 00000000 00000000 7f82523e 00000068 51c75d01 0000003e 00000000 00000000 00000000 00000000 00000202 00000101 00000000 00000000 00000000 00000000 00000000 00000000 00000000 00003333 00004ccd 00002667 00000001 00000000 03938700 000004f8
capture_snapshot GLI1 00010000 60000000 2500000 842 0 60000000 0 0 0 0 0 0 0 3e1708d0 0000003e 51cd56a0 0000003e 00d2433f 00000000 00d2433f 00000000 0000006a 00000000 00000000 00000000 13b657ea 00000000 00d243a9 00000000 00000000 00000000 00000000 00000039 008b3199 00000001 00000000 00000001 00000000 00000000 00000000 00000000 00000000 00000000 00000000 00000000 00000000 00000000 00000000 00000000 00000000 00000000 00000000 00000000 7f8c47ba 00000068 51cd56bd 0000003e 00000000 00000000 00000000 00000000 00000201 00000101 00000000 00000000 00000000 00000000 00000000 00000000 00000000 00003333 00004ccd 00002667 00000001 00000000 03938700 000004f8
capture_snapshot GLI1 00010000 60000000 2500000 843 0 60000000 0 0 0 0 0 0 0 3e1708d0 0000003e 51d35b08 0000003e 00d2836e 00000000 00d2836e 00000000 0000006a 00000000 00000000 00000000 13bc5c5b 00000000 00d283d8 00000000 00000000 00000000 00000000 00000039 008b3199 00000001 00000000 00000001 00000000 00000000 00000000 00000000 00000000 00000000 00000000 00000000 00000000 00000000 00000000 00000000 00000000 00000000 00000000 00000000 7f964f0d 00000068 51d35b2e 0000003e 00000000 00000000 00000000 00000000 00000201 00000100 00000000 00000000 00000000 00000000 00000000 00000000 00000000 00003333 00004ccd 00002667 00000001 00000000 03938700 000004f8
capture_snapshot GLI1 00010000 60000000 2500000 844 0 60000000 0 0 0 0 0 0 0 3e1708d0 0000003e 51d95538 0000003e 00d2c330 00000000 00d2c330 00000000 0000006a 00000000 00000000 00000000 13c25687 00000000 00d2c39a 00000000 00000000 00000000 00000000 00000039 008b3199 00000001 00000000 00000001 00000000 00000000 00000000 00000000 00000000 00000000 00000000 00000000 00000000 00000000 00000000 00000000 00000000 00000000 00000000 00000000 7fa04542 00000068 51d9555a 0000003e 00000000 00000000 00000000 00000000 00000201 00000101 00000000 00000000 00000000 00000000 00000000 00000000 00000000 00003333 00004ccd 00002667 00000001 00000000 03938700 000004f8
capture_snapshot GLI1 00010000 60000000 2500000 845 0 60000000 0 0 0 0 0 0 0 3e1708d0 0000003e 51df5790 0000003e 00d30349 00000000 00d30349 00000000 0000006a 00000000 00000000 00000000 13c858f0 00000000 00d303b3 00000000 00000000 00000000 00000000 00000039 008b3199 00000001 00000000 00000001 00000000 00000000 00000000 00000000 00000000 00000000 00000000 00000000 00000000 00000000 00000000 00000000 00000000 00000000 00000000 00000000 7faa4934 00000068 51df57c3 0000003e 00000000 00000000 00000000 00000000 00000201 00000101 00000000 00000000 00000000 00000000 00000000 00000000 00000000 00003333 00004ccd 00002667 00000001 00000000 03938700 000004f8
capture_snapshot GLI1 00010000 60000000 2500000 846 0 60000000 0 0 0 0 0 0 0 3e1708d0 0000003e 51e55820 0000003e 00d3434f 00000000 00d3434f 00000000 0000006a 00000000 00000000 00000000 13ce597f 00000000 00d343b9 00000000 00000000 00000000 00000000 00000039 008b3199 00000001 00000000 00000001 00000000 00000000 00000000 00000000 00000000 00000000 00000000 00000000 00000000 00000000 00000000 00000000 00000000 00000000 00000000 00000000 7fb44a0e 00000068 51e55852 0000003e 00000000 00000000 00000000 00000000 00000201 00000100 00000000 00000000 00000000 00000000 00000000 00000000 00000000 00003333 00004ccd 00002667 00000001 00000000 03938700 000004f8
capture_snapshot GLI1 00010000 60000000 2500000 847 0 60000000 0 0 0 0 0 0 0 3e1708d0 0000003e 51eb5718 0000003e 00d38344 00000000 00d38344 00000000 0000006a 00000000 00000000 00000000 13d4586e 00000000 00d383ae 00000000 00000000 00000000 00000000 00000039 008b3199 00000001 00000000 00000001 00000000 00000000 00000000 00000000 00000000 00000000 00000000 00000000 00000000 00000000 00000000 00000000 00000000 00000000 00000000 00000000 7fbe4833 00000068 51eb5741 0000003e 00000000 00000000 00000000 00000000 00000201 00000101 00000000 00000000 00000000 00000000 00000000 00000000 00000000 00003333 00004ccd 00002667 00000001 00000000 03938700 000004f8
capture_snapshot GLI1 00010000 60000000 2500000 848 0 60000000 0 0 0 0 0 0 0 3e1708d0 0000003e 51f15ac0 0000003e 00d3c36b 00000000 00d3c36b 00000000 0000006a 00000000 00000000 00000000 13da5c19 00000000 00d3c3d5 00000000 00000000 00000000 00000000 00000039 008b3199 00000001 00000000 00000001 00000000 00000000 00000000 00000000 00000000 00000000 00000000 00000000 00000000 00000000 00000000 00000000 00000000 00000000 00000000 00000000 7fc84e3e 00000068 51f15aec 0000003e 00000000 00000000 00000000 00000000 00000201 00000101 00000000 00000000 00000000 00000000 00000000 00000000 00000000 00003333 00004ccd 00002667 00000001 00000000 03938700 000004f8
capture_snapshot GLI1 00010000 60000000 2500000 849 0 60000000 0 0 0 0 0 0 0 3e1708d0 0000003e 51f750e8 0000003e 00d40302 00000000 00d40302 00000000 0000006a 00000000 00000000 00000000 13e05246 00000000 00d4036c 00000000 00000000 00000000 00000000 00000039 008b3199 00000001 00000000 00000001 00000000 00000000 00000000 00000000 00000000 00000000 00000000 00000000 00000000 00000000 00000000 00000000 00000000 00000000 00000000 00000000 7fd23dca 00000068 51f75119 0000003e 00000000 00000000 00000000 00000000 00000201 00000100 00000000 00000000 00000000 00000000 00000000 00000000 00000000 00003333 00004ccd 00002667 00000001 00000000 03938700 000004f8
capture_snapshot GLI1 00010000 60000000 2500000 850 0 60000000 0 0 0 0 0 0 0 3e1708d0 0000003e 51fd57d8 0000003e 00d4434c 00000000 00d4434c 00000000 0000006a 00000000 00000000 00000000 13e65934 00000000 00d443b6 00000000 00000000 00000000 00000000 00000039 008b3199 00000001 00000000 00000001 00000000 00000000 00000000 00000000 00000000 00000000 00000000 00000000 00000000 00000000 00000000 00000000 00000000 00000000 00000000 00000000 7fdc4944 00000068 51fd5807 0000003e 00000000 00000000 00000000 00000000 00000201 00000101 00000000 00000000 00000000 00000000 00000000 00000000 00000000 00003333 00004ccd 00002667 00000001 00000000 03938700 000004f8
capture_snapshot GLI1 00010000 60000000 2500000 851 0 60000000 0 0 0 0 0 0 0 3e1708d0 0000003e 520358b0 0000003e 00d48355 00000000 00d48355 00000000 0000006a 00000000 00000000 00000000 13ec5a0f 00000000 00d483bf 00000000 00000000 00000000 00000000 00000039 008b3199 00000001 00000000 00000001 00000000 00000000 00000000 00000000 00000000 00000000 00000000 00000000 00000000 00000000 00000000 00000000 00000000 00000000 00000000 00000000 7fe64a9c 00000068 520358e2 0000003e 00000000 00000000 00000000 00000000 00000202 00000100 00000000 00000000 00000000 00000000 00000000 00000000 00000000 00003333 00004ccd 00002667 00000001 00000000 03938700 000004f8
capture_snapshot GLI1 00010000 60000000 2500000 852 0 60000000 0 0 0 0 0 0 0 3e1708d0 0000003e 52094458 0000003e 00d4c27c 00000000 00d4c27b 00000000 0000006a 00000000 00000000 00000000 13f245a2 00000000 00d4c2e6 00000000 00000000 00000000 00000000 0000003b 008b3199 00000001 00000001 00000001 00000000 00000000 00000000 00000000 00000000 00000000 00000000 00000000 00000000 00000000 00000000 00000000 00000000 00000000 00000000 00000000 7ff0287e 00000068 52094475 0000003e 00000000 00000000 00000000 00000000 00000201 00000100 00000000 00000000 00000000 00000000 00000000 00000000 00000000 00003333 00004ccd 00002667 00000001 00000000 03938700 000004f8
capture_snapshot GLI1 00010000 60000000 2500000 853 0 60000000 0 0 0 0 0 0 0 3e1708d0 0000003e 520f36d8 0000003e 00d501ec 00000000 00d501ec 00000000 0000006a 00000000 00000000 00000000 13f83835 00000000 00d50256 00000000 00000000 00000000 00000000 00000039 008b3199 00000001 00000000 00000001 00000000 00000000 00000000 00000000 00000000 00000000 00000000 00000000 00000000 00000000 00000000 00000000 00000000 00000000 00000000 00000000 7ffa120a 00000068 520f3708 0000003e 00000000 00000000 00000000 00000000 00000202 00000100 00000000 00000000 00000000 00000000 00000000 00000000 00000000 00003333 00004ccd 00002667 00000001 00000000 03938700 000004f8
capture_snapshot GLI1 00010000 60000000 2500000 854 0 60000000 0 0 0 0 0 0 0 3e1708d0 0000003e 52153b28 0000003e 00d5421a 00000000 00d5421a 00000000 0000006a 00000000 00000000 00000000 13fe3c83 00000000 00d54284 00000000 00000000 00000000 00000000 00000039 008b3199 00000001 00000000 00000001 00000000 00000000 00000000 00000000 00000000 00000000 00000000 00000000 00000000 00000000 00000000 00000000 00000000 00000000 00000000 00000000 80041923 00000068 52153b56 0000003e 00000000 00000000 00000000 00000000 00000202 00000101 00000000 00000000 00000000 00000000 00000000 00000000 00000000 00003333 00004ccd 00002667 00000001 00000000 03938700 000004f8
capture_snapshot GLI1 00010000 60000000 2500000 855 0 60000000 0 0 0 0 0 0 0 3e1708d0 0000003e 521b3b58 0000003e 00d5821c 00000000 00d5821c 00000000 0000006a 00000000 00000000 00000000 14043ca4 00000000 00d58286 00000000 00000000 00000000 00000000 00000039 008b3199 00000001 00000000 00000001 00000000 00000000 00000000 00000000 00000000 00000000 00000000 00000000 00000000 00000000 00000000 00000000 00000000 00000000 00000000 00000000 800e1947 00000068 521b3b77 0000003e 00000000 00000000 00000000 00000000 00000201 00000101 00000000 00000000 00000000 00000000 00000000 00000000 00000000 00003333 00004ccd 00002667 00000001 00000000 03938700 000004f8
capture_snapshot GLI1 00010000 60000000 2500000 856 0 60000000 0 0 0 0 0 0 0 3e1708d0 0000003e 52212f58 0000003e 00d5c19c 00000000 00d5c19c 00000000 0000006a 00000000 00000000 00000000 140a30af 00000000 00d5c206 00000000 00000000 00000000 00000000 00000039 008b3199 00000001 00000000 00000001 00000000 00000000 00000000 00000000 00000000 00000000 00000000 00000000 00000000 00000000 00000000 00000000 00000000 00000000 00000000 00000000 80180545 00000068 52212f82 0000003e 00000000 00000000 00000000 00000000 00000201 00000101 00000000 00000000 00000000 00000000 00000000 00000000 00000000 00003333 00004ccd 00002667 00000001 00000000 03938700 000004f8
capture_snapshot GLI1 00010000 60000000 2500000 857 0 60000000 0 0 0 0 0 0 0 3e1708d0 0000003e 52272ef8 0000003e 00d60198 00000000 00d60198 00000000 0000006a 00000000 00000000 00000000 14103056 00000000 00d60202 00000000 00000000 00000000 00000000 00000039 008b3199 00000001 00000000 00000001 00000000 00000000 00000000 00000000 00000000 00000000 00000000 00000000 00000000 00000000 00000000 00000000 00000000 00000000 00000000 00000000 8022049e 00000068 52272f29 0000003e 00000000 00000000 00000000 00000000 00000201 00000101 00000000 00000000 00000000 00000000 00000000 00000000 00000000 00003333 00004ccd 00002667 00000001 00000000 03938700 000004f8
capture_snapshot GLI1 00010000 60000000 2500000 858 0 60000000 0 0 0 0 0 0 0 3e1708d0 0000003e 522d2df0 0000003e 00d6418d 00000000 00d6418d 00000000 0000006a 00000000 00000000 00000000 14162f3b 00000000 00d641f7 00000000 00000000 00000000 00000000 00000039 008b3199 00000001 00000000 00000001 00000000 00000000 00000000 00000000 00000000 00000000 00000000 00000000 00000000 00000000 00000000 00000000 00000000 00000000 00000000 00000000 802c02b2 00000068 522d2e0e 0000003e 00000000 00000000 00000000 00000000 00000202 00000101 00000000 00000000 00000000 00000000 00000000 00000000 00000000 00003333 00004ccd 00002667 00000001 00000000 03938700 000004f8
capture_snapshot GLI1 00010000 60000000 2500000 859 0 60000000 0 0 0 0 0 0 0 3e1708d0 0000003e 52332d48 0000003e 00d68186 00000000 00d68186 00000000 0000006a 00000000 00000000 00000000 141c2ea6 00000000 00d681f0 00000000 00000000 00000000 00000000 00000039 008b3199 00000001 00000000 00000001 00000000 00000000 00000000 00000000 00000000 00000000 00000000 00000000 00000000 00000000 00000000 00000000 00000000 00000000 00000000 00000000 803601a6 00000068 52332d79 0000003e 00000000 00000000 00000000 00000000 00000201 00000101 00000000 00000000 00000000 00000000 00000000 00000000 00000000 00003333 00004ccd 00002667 00000001 00000000 03938700 000004f8
capture_snapshot GLI1 00010000 60000000 2500000 860 0 60000000 0 0 0 0 0 0 0 3e1708d0 0000003e 52392e98 0000003e 00d6c194 00000000 00d6c194 00000000 0000006a 00000000 00000000 00000000 14222ff5 00000000 00d6c1fe 00000000 00000000 00000000 00000000 00000039 008b3199 00000001 00000000 00000001 00000000 00000000 00000000 00000000 00000000 00000000 00000000 00000000 00000000 00000000 00000000 00000000 00000000 00000000 00000000 00000000 804003c1 00000068 52392ec8 0000003e 00000000 00000000 00000000 00000000 00000202 00000100 00000000 00000000 00000000 00000000 00000000 00000000 00000000 00003333 00004ccd 00002667 00000001 00000000 03938700 000004f8
capture_snapshot GLI1 00010000 60000000 2500000 861 0 60000000 0 0 0 0 0 0 0 3e1708d0 0000003e 523f2f58 0000003e 00d7019c 00000000 00d7019c 00000000 0000006a 00000000 00000000 00000000 142830b6 00000000 00d70206 00000000 00000000 00000000 00000000 00000039 008b3199 00000001 00000000 00000001 00000000 00000000 00000000 00000000 00000000 00000000 00000000 00000000 00000000 00000000 00000000 00000000 00000000 00000000 00000000 00000000 804a04ef 00000068 523f2f89 0000003e 00000000 00000000 00000000 00000000 00000202 00000101 00000000 00000000 00000000 00000000 00000000 00000000 00000000 00003333 00004ccd 00002667 00000001 00000000 03938700 000004f8
capture_snapshot GLI1 00010000 60000000 2500000 862 0 60000000 0 0 0 0 0 0 0 3e1708d0 0000003e 52452d90 0000003e 00d74189 00000000 00d74189 00000000 0000006a 00000000 00000000 00000000 142e2edb 00000000 00d741f3 00000000 00000000 00000000 00000000 00000039 008b3199 00000001 00000000 00000001 00000000 00000000 00000000 00000000 00000000 00000000 00000000 00000000 00000000 00000000 00000000 00000000 00000000 00000000 00000000 00000000 805401c3 00000068 52452dae 0000003e 00000000 00000000 00000000 00000000 00000201 00000101 00000000 00000000 00000000 00000000 00000000 00000000 00000000 00003333 00004ccd 00002667 00000001 00000000 03938700 000004f8
capture_snapshot GLI1 00010000 60000000 2500000 863 0 60000000 0 0 0 0 0 0 0 3e1708d0 0000003e 524b2fa0 0000003e 00d7819f 00000000 00d7819f 00000000 0000006a 00000000 00000000 00000000 143430f0 00000000 00d78209 00000000 00000000 00000000 00000000 00000039 008b3199 00000001 00000000 00000001 00000000 00000000 00000000 00000000 00000000 00000000 00000000 00000000 00000000 00000000 00000000 00000000 00000000 00000000 00000000 00000000 805e0529 00000068 524b2fc3 0000003e 00000000 00000000 00000000 00000000 00000201 00000100 00000000 00000000 00000000 00000000 00000000 00000000 00000000 00003333 00004ccd 00002667 00000001 00000000 03938700 000004f8
capture_snapshot GLI1 00010000 60000000 2500000 864 0 60000000 0 0 0 0 0 0 0 3e1708d0 0000003e 52512dc0 0000003e 00d7c18b 00000000 00d7c18b 00000000 0000006a 00000000 00000000 00000000 143a2f21 00000000 00d7c1f5 00000000 00000000 00000000 00000000 00000039 008b3199 00000001 00000000 00000001 00000000 00000000 00000000 00000000 00000000 00000000 00000000 00000000 00000000 00000000 00000000 00000000 00000000 00000000 00000000 00000000 80680212 00000068 52512df4 0000003e 00000000 00000000 00000000 00000000 00000201 00000101 00000000 00000000 00000000 00000000 00000000 00000000 00000000 00003333 00004ccd 00002667 00000001 00000000 03938700 000004f8
capture_snapshot GLI1 00010000 60000000 2500000 865 0 60000000 0 0 0 0 0 0 0 3e1708d0 0000003e 52573000 0000003e 00d801a3 00000000 00d801a3 00000000 0000006a 00000000 00000000 00000000 14403155 00000000 00d8020d 00000000 00000000 00000000 00000000 00000039 008b3199 00000001 00000000 00000001 00000000 00000000 00000000 00000000 00000000 00000000 00000000 00000000 00000000 00000000 00000000 00000000 00000000 00000000 00000000 00000000 807205aa 00000068 52573028 0000003e 00000000 00000000 00000000 00000000 00000201 00000100 00000000 00000000 00000000 00000000 00000000 00000000 00000000 00003333 00004ccd 00002667 00000001 00000000 03938700 000004f8
capture_snapshot GLI1 00010000 60000000 2500000 866 0 60000000 0 0 0 0 0 0 0 3e1708d0 0000003e 525d2fb8 0000003e 00d841a0 00000000 00d841a0 00000000 0000006a 00000000 00000000 00000000 14463114 00000000 00d8420a 00000000 00000000 00000000 00000000 00000039 008b3199 00000001 00000000 00000001 00000000 00000000 00000000 00000000 00000000 00000000 00000000 00000000 00000000 00000000 00000000 00000000 00000000 00000000 00000000 00000000 807c052a 00000068 525d2fe7 0000003e 00000000 00000000 00000000 00000000 00000201 00000101 00000000 00000000 00000000 00000000 00000000 00000000 00000000 00003333 00004ccd 00002667 00000001 00000000 03938700 000004f8
capture_snapshot GLI1 00010000 60000000 2500000 867 0 60000000 0 0 0 0 0 0 0 3e1708d0 0000003e 52632d60 0000003e 00d88187 00000000 00d88187 00000000 0000006a 00000000 00000000 00000000 144c2eaf 00000000 00d881f1 00000000 00000000 00000000 00000000 00000039 008b3199 00000001 00000000 00000001 00000000 00000000 00000000 00000000 00000000 00000000 00000000 00000000 00000000 00000000 00000000 00000000 00000000 00000000 00000000 00000000 80860119 00000068 52632d82 0000003e 00000000 00000000 00000000 00000000 00000201 00000100 00000000 00000000 00000000 00000000 00000000 00000000 00000000 00003333 00004ccd 00002667 00000001 00000000 03938700 000004f8
capture_snapshot GLI1 00010000 60000000 2500000 868 0 60000000 0 0 0 0 0 0 0 3e1708d0 0000003e 52692ef8 0000003e 00d8c198 00000000 00d8c198 00000000 0000006a 00000000 00000000 00000000 1452304a 00000000 00d8c202 00000000 00000000 00000000 00000000 00000039 008b3199 00000001 00000000 00000001 00000000 00000000 00000000 00000000 00000000 00000000 00000000 00000000 00000000 00000000 00000000 00000000 00000000 00000000 00000000 00000000 809003b2 00000068 52692f1d 0000003e 00000000 00000000 00000000 00000000 00000202 00000100 00000000 00000000 00000000 00000000 00000000 00000000 00000000 00003333 00004ccd 00002667 00000001 00000000 03938700 000004f8
capture_snapshot GLI1 00010000 60000000 2500000 869 0 60000000 0 0 0 0 0 0 0 3e1708d0 0000003e 526f2fd0 0000003e 00d901a1 00000000 00d901a1 00000000 0000006a 00000000 00000000 00000000 14583123 00000000 00d9020b 00000000 00000000 00000000 00000000 00000039 008b3199 00000001 00000000 00000001 00000000 00000000 00000000 00000000 00000000 00000000 00000000 00000000 00000000 00000000 00000000 00000000 00000000 00000000 00000000 00000000 809a0508 00000068 526f2ff6 0000003e 00000000 00000000 00000000 00000000 00000202 00000101 00000000 00000000 00000000 00000000 00000000 00000000 00000000 00003333 00004ccd 00002667 00000001 00000000 03938700 000004f8
capture_snapshot GLI1 00010000 60000000 2500000 870 0 60000000 0 0 0 0 0 0 0 3e1708d0 0000003e 52752e50 0000003e 00d94191 00000000 00d94191 00000000 0000006a 00000000 00000000 00000000 145e2fae 00000000 00d941fb 00000000 00000000 00000000 00000000 00000039 008b3199 00000001 00000000 00000001 00000000 00000000 00000000 00000000 00000000 00000000 00000000 00000000 00000000 00000000 00000000 00000000 00000000 00000000 00000000 00000000 80a40286 00000068 52752e81 0000003e 00000000 00000000 00000000 00000000 00000201 00000101 00000000 00000000 00000000 00000000 00000000 00000000 00000000 00003333 00004ccd 00002667 00000001 00000000 03938700 000004f8
capture_snapshot GLI1 00010000 60000000 2500000 871 0 60000000 0 0 0 0 0 0 0 3e1708d0 0000003e 527b2ef8 0000003e 00d98198 00000000 00d98198 00000000 0000006a 00000000 00000000 00000000 14643056 00000000 00d98202 00000000 00000000 00000000 00000000 00000039 008b3199 00000001 00000000 00000001 00000000 00000000 00000000 00000000 00000000 00000000 00000000 00000000 00000000 00000000 00000000 00000000 00000000 00000000 00000000 00000000 80ae038b 00000068 527b2f29 0000003e 00000000 00000000 00000000 00000000 00000201 00000101 00000000 00000000 00000000 00000000 00000000 00000000 00000000 00003333 00004ccd 00002667 00000001 00000000 03938700 000004f8
capture_snapshot GLI1 00010000 60000000 2500000 872 0 60000000 0 0 0 0 0 0 0 3e1708d0 0000003e 52812f28 0000003e 00d9c19a 00000000 00d9c19a 00000000 0000006a 00000000 00000000 00000000 146a307b 00000000 00d9c204 00000000 00000000 00000000 00000000 00000039 008b3199 00000001 00000000 00000001 00000000 00000000 00000000 00000000 00000000 00000000 00000000 00000000 00000000 00000000 00000000 00000000 00000000 00000000 00000000 00000000 80b803b6 00000068 52812f4e 0000003e 00000000 00000000 00000000 00000000 00000201 00000101 00000000 00000000 00000000 00000000 00000000 00000000 00000000 00003333 00004ccd 00002667 00000001 00000000 03938700 000004f8
capture_snapshot GLI1 00010000 60000000 2500000 873 0 60000000 0 0 0 0 0 0 0 3e1708d0 0000003e 52872e20 0000003e 00da018f 00000000 00da018f 00000000 0000006a 00000000 00000000 00000000 14702f7e 00000000 00da01f9 00000000 00000000 00000000 00000000 00000039 008b3199 00000001 00000000 00000001 00000000 00000000 00000000 00000000 00000000 00000000 00000000 00000000 00000000 00000000 00000000 00000000 00000000 00000000 00000000 00000000 80c201fd 00000068 52872e51 0000003e 00000000 00000000 00000000 00000000 00000201 00000101 00000000 00000000 00000000 00000000 00000000 00000000 00000000 00003333 00004ccd 00002667 00000001 00000000 03938700 000004f8
capture_snapshot GLI1 00010000 60000000 2500000 874 0 60000000 0 0 0 0 0 0 0 3e1708d0 0000003e 528d2ee0 0000003e 00da4197 00000000 00da4197 00000000 0000006a 00000000 00000000 00000000 14763039 00000000 00da4201 00000000 00000000 00000000 00000000 00000039 008b3199 00000001 00000000 00000001 00000000 00000000 00000000 00000000 00000000 00000000 00000000 00000000 00000000 00000000 00000000 00000000 00000000 00000000 00000000 00000000 80cc0321 00000068 528d2f0c 0000003e 00000000 00000000 00000000 00000000 00000201 00000101 00000000 00000000 00000000 00000000 00000000 00000000 00000000 00003333 00004ccd 00002667 00000001 00000000 03938700 000004f8
capture_snapshot GLI1 00010000 60000000 2500000 875 0 60000000 0 0 0 0 0 0 0 3e1708d0 0000003e 52932dd8 0000003e 00da818c 00000000 00da818c 00000000 0000006a 00000000 00000000 00000000 147c2f39 00000000 00da81f6 00000000 00000000 00000000 00000000 00000039 008b3199 00000001 00000000 00000001 00000000 00000000 00000000 00000000 00000000 00000000 00000000 00000000 00000000 00000000 00000000 00000000 00000000 00000000 00000000 00000000 80d60162 00000068 52932e0c 0000003e 00000000 00000000 00000000 00000000 00000202 00000101 00000000 00000000 00000000 00000000 00000000 00000000 00000000 00003333 00004ccd 00002667 00000001 00000000 03938700 000004f8
capture_snapshot GLI1 00010000 60000000 2500000 876 0 60000000 0 0 0 0 0 0 0 3e1708d0 0000003e 52992c88 0000003e 00dac17e 00000000 00dac17e 00000000 0000006a 00000000 00000000 00000000 14822de3 00000000 00dac1e8 00000000 00000000 00000000 00000000 00000039 008b3199 00000001 00000000 00000001 00000000 00000000 00000000 00000000 00000000 00000000 00000000 00000000 00000000 00000000 00000000 00000000 00000000 00000000 00000000 00000000 80dfff15 00000068 52992cb6 0000003e 00000000 00000000 00000000 00000000 00000201 00000101 00000000 00000000 00000000 00000000 00000000 00000000 00000000 00003333 00004ccd 00002667 00000001 00000000 03938700 000004f8
capture_snapshot GLI1 00010000 60000000 2500000 877 0 60000000 0 0 0 0 0 0 0 3e1708d0 0000003e 529f2ee0 0000003e 00db0197 00000000 00db0197 00000000 0000006a 00000000 00000000 00000000 14883033 00000000 00db0201 00000000 00000000 00000000 00000000 00000039 008b3199 00000001 00000000 00000001 00000000 00000000 00000000 00000000 00000000 00000000 00000000 00000000 00000000 00000000 00000000 00000000 00000000 00000000 00000000 00000000 80ea02dc 00000068 529f2f06 0000003e 00000000 00000000 00000000 00000000 00000201 00000101 00000000 00000000 00000000 00000000 00000000 00000000 00000000 00003333 00004ccd 00002667 00000001 00000000 03938700 000004f8
capture_snapshot GLI1 00010000 60000000 2500000 878 0 60000000 0 0 0 0 0 0 0 3e1708d0 0000003e 52a52f28 0000003e 00db419a 00000000 00db419a 00000000 0000006a 00000000 00000000 00000000 148e3089 00000000 00db4204 00000000 00000000 00000000 00000000 00000039 008b3199 00000001 00000000 00000001 00000000 00000000 00000000 00000000 00000000 00000000 00000000 00000000 00000000 00000000 00000000 00000000 00000000 00000000 00000000 00000000 80f40358 00000068 52a52f5c 0000003e 00000000 00000000 00000000 00000000 00000201 00000101 00000000 00000000 00000000 00000000 00000000 00000000 00000000 00003333 00004ccd 00002667 00000001 00000000 03938700 000004f8
capture_snapshot GLI1 00010000 60000000 2500000 879 0 60000000 0 0 0 0 0 0 0 3e1708d0 0000003e 52ab2eb0 0000003e 00db8195 00000000 00db8195 00000000 0000006a 00000000 00000000 00000000 1494300d 00000000 00db81ff 00000000 00000000 00000000 00000000 00000039 008b3199 00000001 00000000 00000001 00000000 00000000 00000000 00000000 00000000 00000000 00000000 00000000 00000000 00000000 00000000 00000000 00000000 00000000 00000000 00000000 80fe0275 00000068 52ab2ee0 0000003e 00000000 00000000 00000000 00000000 00000202 00000100 00000000 00000000 00000000 00000000 00000000 00000000 00000000 00003333 00004ccd 00002667 00000001 00000000 03938700 000004f8
capture_snapshot GLI1 00010000 60000000 2500000 880 0 60000000 0 0 0 0 0 0 0 3e1708d0 0000003e 52b12f28 0000003e 00dbc19a 00000000 00dbc19a 00000000 0000006a 00000000 00000000 00000000 149a3089 00000000 00dbc204 00000000 00000000 00000000 00000000 00000039 008b3199 00000001 00000000 00000001 00000000 00000000 00000000 00000000 00000000 00000000 00000000 00000000 00000000 00000000 00000000 00000000 00000000 00000000 00000000 00000000 81080330 00000068 52b12f5c 0000003e 00000000 00000000 00000000 00000000 00000202 00000101 00000000 00000000 00000000 00000000 00000000 00000000 00000000 00003333 00004ccd 00002667 00000001 00000000 03938700 000004f8
capture_snapshot GLI1 00010000 60000000 2500000 881 0 60000000 0 0 0 0 0 0 0 3e1708d0 0000003e 52b72f40 0000003e 00dc019b 00000000 00dc019b 00000000 0000006a 00000000 00000000 00000000 14a0309e 00000000 00dc0205 00000000 00000000 00000000 00000000 00000039 008b3199 00000001 00000000 00000001 00000000 00000000 00000000 00000000 00000000 00000000 00000000 00000000 00000000 00000000 00000000 00000000 00000000 00000000 00000000 00000000 81120340 00000068 52b72f71 0000003e 00000000 00000000 00000000 00000000 00000201 00000101 00000000 00000000 00000000 00000000 00000000 00000000 00000000 00003333 00004ccd 00002667 00000001 00000000 03938700 000004f8
capture_snapshot GLI1 00010000 60000000 2500000 882 0 60000000 0 0 0 0 0 0 0 3e1708d0 0000003e 52bd2d78 0000003e 00dc4188 00000000 00dc4188 00000000 0000006a 00000000 00000000 00000000 14a62ed1 00000000 00dc41f2 00000000 00000000 00000000 00000000 00000039 008b3199 00000001 00000000 00000001 00000000 00000000 00000000 00000000 00000000 00000000 00000000 00000000 00000000 00000000 00000000 00000000 00000000 00000000 00000000 00000000 811c002d 00000068 52bd2da4 0000003e 00000000 00000000 00000000 00000000 00000201 00000101 00000000 00000000 00000000 00000000 00000000 00000000 00000000 00003333 00004ccd 00002667 00000001 00000000 03938700 000004f8
capture_snapshot GLI1 00010000 60000000 2500000 883 0 60000000 0 0 0 0 0 0 0 3e1708d0 0000003e 52c32fb8 0000003e 00dc81a0 00000000 00dc81a0 00000000 0000006a 00000000 00000000 00000000 14ac3106 00000000 00dc820a 00000000 00000000 00000000 00000000 00000039 008b3199 00000001 00000000 00000001 00000000 00000000 00000000 00000000 00000000 00000000 00000000 00000000 00000000 00000000 00000000 00000000 00000000 00000000 00000000 00000000 812603c6 00000068 52c32fd9 0000003e 00000000 00000000 00000000 00000000 00000201 00000100 00000000 00000000 00000000 00000000 00000000 00000000 00000000 00003333 00004ccd 00002667 00000001 00000000 03938700 000004f8
capture_snapshot GLI1 00010000 60000000 2500000 884 0 60000000 0 0 0 0 0 0 0 3e1708d0 0000003e 52c92f28 0000003e 00dcc19a 00000000 00dcc19a 00000000 0000006a 00000000 00000000 00000000 14b23083 00000000 00dcc204 00000000 00000000 00000000 00000000 00000039 008b3199 00000001 00000000 00000001 00000000 00000000 00000000 00000000 00000000 00000000 00000000 00000000 00000000 00000000 00000000 00000000 00000000 00000000 00000000 00000000 813002d7 00000068 52c92f56 0000003e 00000000 00000000 00000000 00000000 00000201 00000101 00000000 00000000 00000000 00000000 00000000 00000000 00000000 00003333 00004ccd 00002667 00000001 00000000 03938700 000004f8
capture_snapshot GLI1 00010000 60000000 2500000 885 0 60000000 0 0 0 0 0 0 0 3e1708d0 0000003e 52cf2e68 0000003e 00dd0192 00000000 00dd0192 00000000 0000006a 00000000 00000000 00000000 14b82fbc 00000000 00dd01fc 00000000 00000000 00000000 00000000 00000039 008b3199 00000001 00000000 00000001 00000000 00000000 00000000 00000000 00000000 00000000 00000000 00000000 00000000 00000000 00000000 00000000 00000000 00000000 00000000 00000000 813a0179 00000068 52cf2e8f 0000003e 00000000 00000000 00000000 00000000 00000201 00000101 00000000 00000000 00000000 00000000 00000000 00000000 00000000 00003333 00004ccd 00002667 00000001 00000000 03938700 000004f8
capture_snapshot GLI1 00010000 60000000 2500000 886 0 60000000 0 0 0 0 0 0 0 3e1708d0 0000003e 52d52fa0 0000003e 00dd419f 00000000 00dd419f 00000000 0000006a 00000000 00000000 00000000 14be3100 00000000 00dd4209 00000000 00000000 00000000 00000000 00000039 008b3199 00000001 00000000 00000001 00000000 00000000 00000000 00000000 00000000 00000000 00000000 00000000 00000000 00000000 00000000 00000000 00000000 00000000 00000000 00000000 81440381 00000068 52d52fd3 0000003e 00000000 00000000 00000000 00000000 00000202 00000101 00000000 00000000 00000000 00000000 00000000 00000000 00000000 00003333 00004ccd 00002667 00000001 00000000 03938700 000004f8
capture_snapshot GLI1 00010000 60000000 2500000 887 0 60000000 0 0 0 0 0 0 0 3e1708d0 0000003e 52db2e50 0000003e 00dd8191 00000000 00dd8190 00000000 0000006a 00000000 00000000 00000000 14c42f9a 00000000 00dd81fb 00000000 00000000 00000000 00000000 0000003b 008b3199 00000001 00000001 00000001 00000000 00000000 00000000 00000000 00000000 00000000 00000000 00000000 00000000 00000000 00000000 00000000 00000000 00000000 00000000 00000000 814e0119 00000068 52db2e6d 0000003e 00000000 00000000 00000000 00000000 00000201 00000100 00000000 00000000 00000000 00000000 00000000 00000000 00000000 00003333 00004ccd 00002667 00000001 00000000 03938700 000004f8
capture_snapshot GLI1 00010000 60000000 2500000 888 0 60000000 0 0 0 0 0 0 0 3e1708d0 0000003e 52e12d90 0000003e 00ddc189 00000000 00ddc189 00000000 0000006a 00000000 00000000 00000000 14ca2eee 00000000 00ddc1f3 00000000 00000000 00000000 00000000 00000039 008b3199 00000001 00000000 00000001 00000000 00000000 00000000 00000000 00000000 00000000 00000000 00000000 00000000 00000000 00000000 00000000 00000000 00000000 00000000 00000000 8157ffe7 00000068 52e12dc1 0000003e 00000000 00000000 00000000 00000000 00000201 00000101 00000000 00000000 00000000 00000000 00000000 00000000 00000000 00003333 00004ccd 00002667 00000001 00000000 03938700 000004f8
capture_snapshot GLI1 00010000 60000000 2500000 889 0 60000000 0 0 0 0 0 0 0 3e1708d0 0000003e 52e72e68 0000003e 00de0192 00000000 00de0192 00000000 0000006a 00000000 00000000 00000000 14d02fb7 00000000 00de01fc 00000000 00000000 00000000 00000000 00000039 008b3199 00000001 00000000 00000001 00000000 00000000 00000000 00000000 00000000 00000000 00000000 00000000 00000000 00000000 00000000 00000000 00000000 00000000 00000000 00000000 81620122 00000068 52e72e8a 0000003e 00000000 00000000 00000000 00000000 00000201 00000100 00000000 00000000 00000000 00000000 00000000 00000000 00000000 00003333 00004ccd 00002667 00000001 00000000 03938700 000004f8
capture_snapshot GLI1 00010000 60000000 2500000 890 0 60000000 0 0 0 0 0 0 0 3e1708d0 0000003e 52ed2f70 0000003e 00de419d 00000000 00de419d 00000000 0000006a 00000000 00000000 00000000 14d630cb 00000000 00de4207 00000000 00000000 00000000 00000000 00000039 008b3199 00000001 00000000 00000001 00000000 00000000 00000000 00000000 00000000 00000000 00000000 00000000 00000000 00000000 00000000 00000000 00000000 00000000 00000000 00000000 816c02db 00000068 52ed2f9e 0000003e 00000000 00000000 00000000 00000000 00000201 00000101 00000000 00000000 00000000 00000000 00000000 00000000 00000000 00003333 00004ccd 00002667 00000001 00000000 03938700 000004f8
capture_snapshot GLI1 00010000 60000000 2500000 891 0 60000000 0 0 0 0 0 0 0 3e1708d0 0000003e 52f32dd8 0000003e 00de818c 00000000 00de818c 00000000 0000006a 00000000 00000000 00000000 14dc2f24 00000000 00de81f6 00000000 00000000 00000000 00000000 00000039 008b3199 00000001 00000000 00000001 00000000 00000000 00000000 00000000 00000000 00000000 00000000 00000000 00000000 00000000 00000000 00000000 00000000 00000000 00000000 00000000 81760006 00000068 52f32df7 0000003e 00000000 00000000 00000000 00000000 00000201 00000101 00000000 00000000 00000000 00000000 00000000 00000000 00000000 00003333 00004ccd 00002667 00000001 00000000 03938700 000004f8
capture_snapshot GLI1 00010000 60000000 2500000 892 0 60000000 0 0 0 0 0 0 0 3e1708d0 0000003e 52f92fa0 0000003e 00dec19f 00000000 00dec19f 00000000 0000006a 00000000 00000000 00000000 14e230f6 00000000 00dec209 00000000 00000000 00000000 00000000 00000039 008b3199 00000001 00000000 00000001 00000000 00000000 00000000 00000000 00000000 00000000 00000000 00000000 00000000 00000000 00000000 00000000 00000000 00000000 00000000 00000000 818002fb 00000068 52f92fc9 0000003e 00000000 00000000 00000000 00000000 00000201 00000100 00000000 00000000 00000000 00000000 00000000 00000000 00000000 00003333 00004ccd 00002667 00000001 00000000 03938700 000004f8
capture_snapshot GLI1 00010000 60000000 2500000 893 0 60000000 0 0 0 0 0 0 0 3e1708d0 0000003e 52ff2df0 0000003e 00df018d 00000000 00df018d 00000000 0000006a 00000000 00000000 00000000 14e82f4a 00000000 00df01f7 00000000 00000000 00000000 00000000 00000039 008b3199 00000001 00000000 00000001 00000000 00000000 00000000 00000000 00000000 00000000 00000000 00000000 00000000 00000000 00000000 00000000 00000000 00000000 00000000 00000000 818a001e 00000068 52ff2e1d 0000003e 00000000 00000000 00000000 00000000 00000202 00000100 00000000 00000000 00000000 00000000 00000000 00000000 00000000 00003333 00004ccd 00002667 00000001 00000000 03938700 000004f8
capture_snapshot GLI1 00010000 60000000 2500000 894 0 60000000 0 0 0 0 0 0 0 3e1708d0 0000003e 53052f88 0000003e 00df419e 00000000 00df419e 00000000 0000006a 00000000 00000000 00000000 14ee30e3 00000000 00df4208 00000000 00000000 00000000 00000000 00000039 008b3199 00000001 00000000 00000001 00000000 00000000 00000000 00000000 00000000 00000000 00000000 00000000 00000000 00000000 00000000 00000000 00000000 00000000 00000000 00000000 819402b5 00000068 53052fb6 0000003e 00000000 00000000 00000000 00000000 00000201 00000101 00000000 00000000 00000000 00000000 00000000 00000000 00000000 00003333 00004ccd 00002667 00000001 00000000 03938700 000004f8
capture_snapshot GLI1 00010000 60000000 2500000 895 0 60000000 0 0 0 0 0 0 0 3e1708d0 0000003e 530b2f10 0000003e 00df8199 00000000 00df8199 00000000 0000006a 00000000 00000000 00000000 14f43071 00000000 00df8203 00000000 00000000 00000000 00000000 00000039 008b3199 00000001 00000000 00000001 00000000 00000000 00000000 00000000 00000000 00000000 00000000 00000000 00000000 00000000 00000000 00000000 00000000 00000000 00000000 00000000 819e01e3 00000068 530b2f44 0000003e 00000000 00000000 00000000 00000000 00000201 00000101 00000000 00000000 00000000 00000000 00000000 00000000 00000000 00003333 00004ccd 00002667 00000001 00000000 03938700 000004f8
capture_snapshot GLI1 00010000 60000000 2500000 896 0 60000000 0 0 0 0 0 0 0 3e1708d0 0000003e 53112d48 0000003e 00dfc186 00000000 00dfc186 00000000 0000006a 00000000 00000000 00000000 14fa2ea8 00000000 00dfc1f0 00000000 00000000 00000000 00000000 00000039 008b3199 00000001 00000000 00000001 00000000 00000000 00000000 00000000 00000000 00000000 00000000 00000000 00000000 00000000 00000000 00000000 00000000 00000000 00000000 00000000 81a7fed5 00000068 53112d7b 0000003e 00000000 00000000 00000000 00000000 00000202 00000101 00000000 00000000 00000000 00000000 00000000 00000000 00000000 00003333 00004ccd 00002667 00000001 00000000 03938700 000004f8
capture_snapshot GLI1 00010000 60000000 2500000 897 0 60000000 0 0 0 0 0 0 0 3e1708d0 0000003e 53172ee0 0000003e 00e00197 00000000 00e00197 00000000 0000006a 00000000 00000000 00000000 15003034 00000000 00e00201 00000000 00000000 00000000 00000000 00000039 008b3199 00000001 00000000 00000001 00000000 00000000 00000000 00000000 00000000 00000000 00000000 00000000 00000000 00000000 00000000 00000000 00000000 00000000 00000000 00000000 81b20157 00000068 53172f07 0000003e 00000000 00000000 00000000 00000000 00000201 00000101 00000000 00000000 00000000 00000000 00000000 00000000 00000000 00003333 00004ccd 00002667 00000001 00000000 03938700 000004f8
capture_snapshot GLI1 00010000 60000000 2500000 898 0 60000000 0 0 0 0 0 0 0 3e1708d0 0000003e 531d2f40 0000003e 00e0419b 00000000 00e0419b 00000000 0000006a 00000000 00000000 00000000 15063094 00000000 00e04205 00000000 00000000 00000000 00000000 00000039 008b3199 00000001 00000000 00000001 00000000 00000000 00000000 00000000 00000000 00000000 00000000 00000000 00000000 00000000 00000000 00000000 00000000 00000000 00000000 00000000 81bc01e3 00000068 531d2f67 0000003e 00000000 00000000 00000000 00000000 00000201 00000101 00000000 00000000 00000000 00000000 00000000 00000000 00000000 00003333 00004ccd 00002667 00000001 00000000 03938700 000004f8
capture_snapshot GLI1 00010000 60000000 2500000 899 0 60000000 0 0 0 0 0 0 0 3e1708d0 0000003e 53232d30 0000003e 00e08185 00000000 00e08185 00000000 0000006a 00000000 00000000 00000000 150c2e91 00000000 00e081ef 00000000 00000000 00000000 00000000 00000039 008b3199 00000001 00000000 00000001 00000000 00000000 00000000 00000000 00000000 00000000 00000000 00000000 00000000 00000000 00000000 00000000 00000000 00000000 00000000 00000000 81c5fe75 00000068 53232d64 0000003e 00000000 00000000 00000000 00000000 00000201 00000101 00000000 00000000 00000000 00000000 00000000 00000000 00000000 00003333 00004ccd 00002667 00000001 00000000 03938700 000004f8
capture_snapshot GLI1 00010000 60000000 2500000 900 0 60000000 0 0 0 0 0 0 0 3e1708d0 0000003e 53292f10 0000003e 00e0c199 00000000 00e0c199 00000000 0000006a 00000000 00000000 00000000 1512305b 00000000 00e0c203 00000000 00000000 00000000 00000000 00000039 008b3199 00000001 00000000 00000001 00000000 00000000 00000000 00000000 00000000 00000000 00000000 00000000 00000000 00000000 00000000 00000000 00000000 00000000 00000000 00000000 81d0015c 00000068 53292f2e 0000003e 00000000 00000000 00000000 00000000 00000201 00000100 00000000 00000000 00000000 00000000 00000000 00000000 00000000 00003333 00004ccd 00002667 00000001 00000000 03938700 000004f8
capture_snapshot GLI1 00010000 60000000 2500000 901 0 60000000 0 0 0 0 0 0 0 3e1708d0 0000003e 532f2ec8 0000003e 00e10196 00000000 00e10196 00000000 0000006a 00000000 00000000 00000000 1518301f 00000000 00e10200 00000000 00000000 00000000 00000000 00000039 008b3199 00000001 00000000 00000001 00000000 00000000 00000000 00000000 00000000 00000000 00000000 00000000 00000000 00000000 00000000 00000000 00000000 00000000 00000000 00000000 81da00e5 00000068 532f2ef2 0000003e 00000000 00000000 00000000 00000000 00000201 00000101 00000000 00000000 00000000 00000000 00000000 00000000 00000000 00003333 00004ccd 00002667 00000001 00000000 03938700 000004f8
capture_snapshot GLI1 00010000 60000000 2500000 902 0 60000000 0 0 0 0 0 0 0 3e1708d0 0000003e 53352d18 0000003e 00e14184 00000000 00e14184 00000000 0000006a 00000000 00000000 00000000 151e2e67 00000000 00e141ee 00000000 00000000 00000000 00000000 00000039 008b3199 00000001 00000000 00000001 00000000 00000000 00000000 00000000 00000000 00000000 00000000 00000000 00000000 00000000 00000000 00000000 00000000 00000000 00000000 00000000 81e3fdf3 00000068 53352d3a 0000003e 00000000 00000000 00000000 00000000 00000201 00000101 00000000 00000000 00000000 00000000 00000000 00000000 00000000 00003333 00004ccd 00002667 00000001 00000000 03938700 000004f8
capture_snapshot GLI1 00010000 60000000 2500000 903 0 60000000 0 0 0 0 0 0 0 3e1708d0 0000003e 533b2f70 0000003e 00e1819d 00000000 00e1819d 00000000 0000006a 00000000 00000000 00000000 152430c1 00000000 00e18207 00000000 00000000 00000000 00000000 00000039 008b3199 00000001 00000000 00000001 00000000 00000000 00000000 00000000 00000000 00000000 00000000 00000000 00000000 00000000 00000000 00000000 00000000 00000000 00000000 00000000 81ee01cb 00000068 533b2f94 0000003e 00000000 00000000 00000000 00000000 00000202 00000101 00000000 00000000 00000000 00000000 00000000 00000000 00000000 00003333 00004ccd 00002667 00000001 00000000 03938700 000004f8
capture_snapshot GLI1 00010000 60000000 2500000 904 0 60000000 0 0 0 0 0 0 0 3e1708d0 0000003e 53412ef8 0000003e 00e1c198 00000000 00e1c198 00000000 0000006a 00000000 00000000 00000000 152a3048 00000000 00e1c202 00000000 00000000 00000000 00000000 00000039 008b3199 00000001 00000000 00000001 00000000 00000000 00000000 00000000 00000000 00000000 00000000 00000000 00000000 00000000 00000000 00000000 00000000 00000000 00000000 00000000 81f800ed 00000068 53412f1b 0000003e 00000000 00000000 00000000 00000000 00000201 00000101 00000000 00000000 00000000 00000000 00000000 00000000 00000000 00003333 00004ccd 00002667 00000001 00000000 03938700 000004f8
capture_snapshot GLI1 00010000 60000000 2500000 905 0 60000000 0 0 0 0 0 0 0 3e1708d0 0000003e 53472d18 0000003e 00e20184 00000000 00e20184 00000000 0000006a 00000000 00000000 00000000 15302e79 00000000 00e201ee 00000000 00000000 00000000 00000000 00000039 008b3199 00000001 00000000 00000001 00000000 00000000 00000000 00000000 00000000 00000000 00000000 00000000 00000000 00000000 00000000 00000000 00000000 00000000 00000000 00000000 8201fdd7 00000068 53472d4c 0000003e 00000000 00000000 00000000 00000000 00000201 00000101 00000000 00000000 00000000 00000000 00000000 00000000 00000000 00003333 00004ccd 00002667 00000001 00000000 03938700 000004f8
capture_snapshot GLI1 00010000 60000000 2500000 906 0 60000000 0 0 0 0 0 0 0 3e1708d0 0000003e 534d3060 0000003e 00e241a7 00000000 00e241a7 00000000 0000006a 00000000 00000000 00000000 153631b0 00000000 00e24211 00000000 00000000 00000000 00000000 00000039 008b3199 00000001 00000000 00000001 00000000 00000000 00000000 00000000 00000000 00000000 00000000 00000000 00000000 00000000 00000000 00000000 00000000 00000000 00000000 00000000 820c031f 00000068 534d3083 0000003e 00000000 00000000 00000000 00000000 00000201 00000100 00000000 00000000 00000000 00000000 00000000 00000000 00000000 00003333 00004ccd 00002667 00000001 00000000 03938700 000004f8
capture_snapshot GLI1 00010000 60000000 2500000 907 0 60000000 0 0 0 0 0 0 0 3e1708d0 0000003e 53532f10 0000003e 00e28199 00000000 00e28199 00000000 0000006a 00000000 00000000 00000000 153c305e 00000000 00e28203 00000000 00000000 00000000 00000000 00000039 008b3199 00000001 00000000 00000001 00000000 00000000 00000000 00000000 00000000 00000000 00000000 00000000 00000000 00000000 00000000 00000000 00000000 00000000 00000000 00000000 821600d7 00000068 53532f31 0000003e 00000000 00000000 00000000 00000000 00000201 00000101 00000000 00000000 00000000 00000000 00000000 00000000 00000000 00003333 00004ccd 00002667 00000001 00000000 03938700 000004f8
capture_snapshot GLI1 00010000 60000000 2500000 908 0 60000000 0 0 0 0 0 0 0 3e1708d0 0000003e 53592e38 0000003e 00e2c190 00000000 00e2c190 00000000 0000006a 00000000 00000000 00000000 15422f8e 00000000 00e2c1fa 00000000 00000000 00000000 00000000 00000039 008b3199 00000001 00000000 00000001 00000000 00000000 00000000 00000000 00000000 00000000 00000000 00000000 00000000 00000000 00000000 00000000 00000000 00000000 00000000 00000000 821fff6a 00000068 53592e61 0000003e 00000000 00000000 00000000 00000000 00000201 00000101 00000000 00000000 00000000 00000000 00000000 00000000 00000000 00003333 00004ccd 00002667 00000001 00000000 03938700 000004f8
capture_snapshot GLI1 00010000 60000000 2500000 909 0 60000000 0 0 0 0 0 0 0 3e1708d0 0000003e 535f2e68 0000003e 00e30192 00000000 00e30192 00000000 0000006a 00000000 00000000 00000000 15482fb9 00000000 00e301fc 00000000 00000000 00000000 00000000 00000039 008b3199 00000001 00000000 00000001 00000000 00000000 00000000 00000000 00000000 00000000 00000000 00000000 00000000 00000000 00000000 00000000 00000000 00000000 00000000 00000000 8229ff9e 00000068 535f2e8c 0000003e 00000000 00000000 00000000 00000000 00000201 00000101 00000000 00000000 00000000 00000000 00000000 00000000 00000000 00003333 00004ccd 00002667 00000001 00000000 03938700 000004f8
capture_snapshot GLI1 00010000 60000000 2500000 910 0 60000000 0 0 0 0 0 0 0 3e1708d0 0000003e 53652e98 0000003e 00e34194 00000000 00e34194 00000000 0000006a 00000000 00000000 00000000 154e2ff7 00000000 00e341fe 00000000 00000000 00000000 00000000 00000039 008b3199 00000001 00000000 00000001 00000000 00000000 00000000 00000000 00000000 00000000 00000000 00000000 00000000 00000000 00000000 00000000 00000000 00000000 00000000 00000000 8233fff1 00000068 53652eca 0000003e 00000000 00000000 00000000 00000000 00000201 00000101 00000000 00000000 00000000 00000000 00000000 00000000 00000000 00003333 00004ccd 00002667 00000001 00000000 03938700 000004f8
capture_snapshot GLI1 00010000 60000000 2500000 911 0 60000000 0 0 0 0 0 0 0 3e1708d0 0000003e 536b2e98 0000003e 00e38194 00000000 00e38194 00000000 0000006a 00000000 00000000 00000000 15542fe8 00000000 00e381fe 00000000 00000000 00000000 00000000 00000039 008b3199 00000001 00000000 00000001 00000000 00000000 00000000 00000000 00000000 00000000 00000000 00000000 00000000 00000000 00000000 00000000 00000000 00000000 00000000 00000000 823dffc4 00000068 536b2ebb 0000003e 00000000 00000000 00000000 00000000 00000201 00000101 00000000 00000000 00000000 00000000 00000000 00000000 00000000 00003333 00004ccd 00002667 00000001 00000000 03938700 000004f8
capture_snapshot GLI1 00010000 60000000 2500000 912 0 60000000 0 0 0 0 0 0 0 3e1708d0 0000003e 53712e80 0000003e 00e3c193 00000000 00e3c193 00000000 0000006a 00000000 00000000 00000000 155a2fd4 00000000 00e3c1fd 00000000 00000000 00000000 00000000 00000039 008b3199 00000001 00000000 00000001 00000000 00000000 00000000 00000000 00000000 00000000 00000000 00000000 00000000 00000000 00000000 00000000 00000000 00000000 00000000 00000000 8247ff90 00000068 53712ea7 0000003e 00000000 00000000 00000000 00000000 00000202 00000101 00000000 00000000 00000000 00000000 00000000 00000000 00000000 00003333 00004ccd 00002667 00000001 00000000 03938700 000004f8
capture_snapshot GLI1 00010000 60000000 2500000 913 0 60000000 0 0 0 0 0 0 0 3e1708d0 0000003e 537730d8 0000003e 00e401ac 00000000 00e401ac 00000000 0000006a 00000000 00000000 00000000 15603236 00000000 00e40216 00000000 00000000 00000000 00000000 00000039 008b3199 00000001 00000000 00000001 00000000 00000000 00000000 00000000 00000000 00000000 00000000 00000000 00000000 00000000 00000000 00000000 00000000 00000000 00000000 00000000 82520375 00000068 53773109 0000003e 00000000 00000000 00000000 00000000 00000202 00000101 00000000 00000000 00000000 00000000 00000000 00000000 00000000 00003333 00004ccd 00002667 00000001 00000000 03938700 000004f8
capture_snapshot GLI1 00010000 60000000 2500000 914 0 60000000 0 0 0 0 0 0 0 3e1708d0 0000003e 537d2c40 0000003e 00e4417b 00000000 00e4417b 00000000 0000006a 00000000 00000000 00000000 15662d9b 00000000 00e441e5 00000000 00000000 00000000 00000000 00000039 008b3199 00000001 00000000 00000001 00000000 00000000 00000000 00000000 00000000 00000000 00000000 00000000 00000000 00000000 00000000 00000000 00000000 00000000 00000000 00000000 825bfbb4 00000068 537d2c6e 0000003e 00000000 00000000 00000000 00000000 00000201 00000101 00000000 00000000 00000000 00000000 00000000 00000000 00000000 00003333 00004ccd 00002667 00000001 00000000 03938700 000004f8
capture_snapshot GLI1 00010000 60000000 2500000 915 0 60000000 0 0 0 0 0 0 0 3e1708d0 0000003e 53832dd8 0000003e 00e4818c 00000000 00e4818c 00000000 0000006a 00000000 00000000 00000000 156c2f30 00000000 00e481f6 00000000 00000000 00000000 00000000 00000039 008b3199 00000001 00000000 00000001 00000000 00000000 00000000 00000000 00000000 00000000 00000000 00000000 00000000 00000000 00000000 00000000 00000000 00000000 00000000 00000000 8265fe44 00000068 53832e03 0000003e 00000000 00000000 00000000 00000000 00000201 00000100 00000000 00000000 00000000 00000000 00000000 00000000 00000000 00003333 00004ccd 00002667 00000001 00000000 03938700 000004f8
capture_snapshot GLI1 00010000 60000000 2500000 916 0 60000000 0 0 0 0 0 0 0 3e1708d0 0000003e 53892d30 0000003e 00e4c185 00000000 00e4c185 00000000 0000006a 00000000 00000000 00000000 15722e91 00000000 00e4c1ef 00000000 00000000 00000000 00000000 00000039 008b3199 00000001 00000000 00000001 00000000 00000000 00000000 00000000 00000000 00000000 00000000 00000000 00000000 00000000 00000000 00000000 00000000 00000000 00000000 00000000 826ffd27 00000068 53892d64 0000003e 00000000 00000000 00000000 00000000 00000201 00000101 00000000 00000000 00000000 00000000 00000000 00000000 00000000 00003333 00004ccd 00002667 00000001 00000000 03938700 000004f8
capture_snapshot GLI1 00010000 60000000 2500000 917 0 60000000 0 0 0 0 0 0 0 3e1708d0 0000003e 538f2e80 0000003e 00e50193 00000000 00e50193 00000000 0000006a 00000000 00000000 00000000 15782fce 00000000 00e501fd 00000000 00000000 00000000 00000000 00000039 008b3199 00000001 00000000 00000001 00000000 00000000 00000000 00000000 00000000 00000000 00000000 00000000 00000000 00000000 00000000 00000000 00000000 00000000 00000000 00000000 8279ff25 00000068 538f2ea1 0000003e 00000000 00000000 00000000 00000000 00000201 00000101 00000000 00000000 00000000 00000000 00000000 00000000 00000000 00003333 00004ccd 00002667 00000001 00000000 03938700 000004f8
capture_snapshot GLI1 00010000 60000000 2500000 918 0 60000000 0 0 0 0 0 0 0 3e1708d0 0000003e 53952da8 0000003e 00e5418a 00000000 00e5418a 00000000 0000006a 00000000 00000000 00000000 157e2ef9 00000000 00e541f4 00000000 00000000 00000000 00000000 00000039 008b3199 00000001 00000000 00000001 00000000 00000000 00000000 00000000 00000000 00000000 00000000 00000000 00000000 00000000 00000000 00000000 00000000 00000000 00000000 00000000 8283fdad 00000068 53952dcc 0000003e 00000000 00000000 00000000 00000000 00000201 00000101 00000000 00000000 00000000 00000000 00000000 00000000 00000000 00003333 00004ccd 00002667 00000001 00000000 03938700 000004f8
capture_snapshot GLI1 00010000 60000000 2500000 919 0 60000000 0 0 0 0 0 0 0 3e1708d0 0000003e 539b2d30 0000003e 00e58185 00000000 00e58184 00000000 0000006a 00000000 00000000 00000000 15842e7a 00000000 00e581ef 00000000 00000000 00000000 00000000 0000003b 008b3199 00000001 00000001 00000001 00000000 00000000 00000000 00000000 00000000 00000000 00000000 00000000 00000000 00000000 00000000 00000000 00000000 00000000 00000000 00000000 828dfcc6 00000068 539b2d4d 0000003e 00000000 00000000 00000000 00000000 00000202 00000100 00000000 00000000 00000000 00000000 00000000 00000000 00000000 00003333 00004ccd 00002667 00000001 00000000 03938700 000004f8
capture_snapshot GLI1 00010000 60000000 2500000 920 0 60000000 0 0 0 0 0 0 0 3e1708d0 0000003e 53a12cd0 0000003e 00e5c181 00000000 00e5c181 00000000 0000006a 00000000 00000000 00000000 158a2e2b 00000000 00e5c1eb 00000000 00000000 00000000 00000000 00000039 008b3199 00000001 00000000 00000001 00000000 00000000 00000000 00000000 00000000 00000000 00000000 00000000 00000000 00000000 00000000 00000000 00000000 00000000 00000000 00000000 8297fc30 00000068 53a12cfe 0000003e 00000000 00000000 00000000 00000000 00000201 00000101 00000000 00000000 00000000 00000000 00000000 00000000 00000000 00003333 00004ccd 00002667 00000001 00000000 03938700 000004f8
capture_snapshot GLI1 00010000 60000000 2500000 921 0 60000000 0 0 0 0 0 0 0 3e1708d0 0000003e 53a72da8 0000003e 00e6018a 00000000 00e6018a 00000000 0000006a 00000000 00000000 00000000 15902efd 00000000 00e601f4 00000000 00000000 00000000 00000000 00000039 008b3199 00000001 00000000 00000001 00000000 00000000 00000000 00000000 00000000 00000000 00000000 00000000 00000000 00000000 00000000 00000000 00000000 00000000 00000000 00000000 82a1fd7a 00000068 53a72dd0 0000003e 00000000 00000000 00000000 00000000 00000201 00000101 00000000 00000000 00000000 00000000 00000000 00000000 00000000 00003333 00004ccd 00002667 00000001 00000000 03938700 000004f8
capture_snapshot GLI1 00010000 60000000 2500000 922 0 60000000 0 0 0 0 0 0 0 3e1708d0 0000003e 53ad2bc8 0000003e 00e64176 00000000 00e64176 00000000 0000006a 00000000 00000000 00000000 15962d19 00000000 00e641e0 00000000 00000000 00000000 00000000 00000039 008b3199 00000001 00000000 00000001 00000000 00000000 00000000 00000000 00000000 00000000 00000000 00000000 00000000 00000000 00000000 00000000 00000000 00000000 00000000 00000000 82abfa40 00000068 53ad2bec 0000003e 00000000 00000000 00000000 00000000 00000201 00000101 00000000 00000000 00000000 00000000 00000000 00000000 00000000 00003333 00004ccd 00002667 00000001 00000000 03938700 000004f8
capture_snapshot GLI1 00010000 60000000 2500000 923 0 60000000 0 0 0 0 0 0 0 3e1708d0 0000003e 53b32d78 0000003e 00e68188 00000000 00e68188 00000000 0000006a 00000000 00000000 00000000 159c2ece 00000000 00e681f2 00000000 00000000 00000000 00000000 00000039 008b3199 00000001 00000000 00000001 00000000 00000000 00000000 00000000 00000000 00000000 00000000 00000000 00000000 00000000 00000000 00000000 00000000 00000000 00000000 00000000 82b5fd03 00000068 53b32da1 0000003e 00000000 00000000 00000000 00000000 00000201 00000101 00000000 00000000 00000000 00000000 00000000 00000000 00000000 00003333 00004ccd 00002667 00000001 00000000 03938700 000004f8
capture_snapshot GLI1 00010000 60000000 2500000 924 0 60000000 0 0 0 0 0 0 0 3e1708d0 0000003e 53b92d30 0000003e 00e6c185 00000000 00e6c185 00000000 0000006a 00000000 00000000 00000000 15a22e8d 00000000 00e6c1ef 00000000 00000000 00000000 00000000 00000039 008b3199 00000001 00000000 00000001 00000000 00000000 00000000 00000000 00000000 00000000 00000000 00000000 00000000 00000000 00000000 00000000 00000000 00000000 00000000 00000000 82bffc84 00000068 53b92d60 0000003e 00000000 00000000 00000000 00000000 00000202 00000100 00000000 00000000 00000000 00000000 00000000 00000000 00000000 00003333 00004ccd 00002667 00000001 00000000 03938700 000004f8
capture_snapshot GLI1 00010000 60000000 2500000 925 0 60000000 0 0 0 0 0 0 0 3e1708d0 0000003e 53bf2d30 0000003e 00e70185 00000000 00e70185 00000000 0000006a 00000000 00000000 00000000 15a82e80 00000000 00e701ef 00000000 00000000 00000000 00000000 00000039 008b3199 00000001 00000000 00000001 00000000 00000000 00000000 00000000 00000000 00000000 00000000 00000000 00000000 00000000 00000000 00000000 00000000 00000000 00000000 00000000 82c9fc5b 00000068 53bf2d53 0000003e 00000000 00000000 00000000 00000000 00000201 00000100 00000000 00000000 00000000 00000000 00000000 00000000 00000000 00003333 00004ccd 00002667 00000001 00000000 03938700 000004f8
capture_snapshot GLI1 00010000 60000000 2500000 926 0 60000000 0 0 0 0 0 0 0 3e1708d0 0000003e 53c52ca0 0000003e 00e7417f 00000000 00e7417f 00000000 0000006a 00000000 00000000 00000000 15ae2dfc 00000000 00e741e9 00000000 00000000 00000000 00000000 00000039 008b3199 00000001 00000000 00000001 00000000 00000000 00000000 00000000 00000000 00000000 00000000 00000000 00000000 00000000 00000000 00000000 00000000 00000000 00000000 00000000 82d3fb6b 00000068 53c52ccf 0000003e 00000000 00000000 00000000 00000000 00000202 00000101 00000000 00000000 00000000 00000000 00000000 00000000 00000000 00003333 00004ccd 00002667 00000001 00000000 03938700 000004f8
capture_snapshot GLI1 00010000 60000000 2500000 927 0 60000000 0 0 0 0 0 0 0 3e1708d0 0000003e 53cb2ce8 0000003e 00e78182 00000000 00e78182 00000000 0000006a 00000000 00000000 00000000 15b42e3b 00000000 00e781ec 00000000 00000000 00000000 00000000 00000039 008b3199 00000001 00000000 00000001 00000000 00000000 00000000 00000000 00000000 00000000 00000000 00000000 00000000 00000000 00000000 00000000 00000000 00000000 00000000 00000000 82ddfbc1 00000068 53cb2d0e 0000003e 00000000 00000000 00000000 00000000 00000201 00000100 00000000 00000000 00000000 00000000 00000000 00000000 00000000 00003333 00004ccd 00002667 00000001 00000000 03938700 000004f8
capture_snapshot GLI1 00010000 60000000 2500000 928 0 60000000 0 0 0 0 0 0 0 3e1708d0 0000003e 53d12c40 0000003e 00e7c17b 00000000 00e7c17b 00000000 0000006a 00000000 00000000 00000000 15ba2d98 00000000 00e7c1e5 00000000 00000000 00000000 00000000 00000039 008b3199 00000001 00000000 00000001 00000000 00000000 00000000 00000000 00000000 00000000 00000000 00000000 00000000 00000000 00000000 00000000 00000000 00000000 00000000 00000000 82e7fa9d 00000068 53d12c6b 0000003e 00000000 00000000 00000000 00000000 00000201 00000101 00000000 00000000 00000000 00000000 00000000 00000000 00000000 00003333 00004ccd 00002667 00000001 00000000 03938700 000004f8
capture_snapshot GLI1 00010000 60000000 2500000 929 0 60000000 0 0 0 0 0 0 0 3e1708d0 0000003e 53d73990 0000003e 00e80209 00000000 00e80209 00000000 0000006a 00000000 00000000 00000000 15c03ae1 00000000 00e80273 00000000 00000000 00000000 00000000 00000039 008b3199 00000001 00000000 00000001 00000000 00000000 00000000 00000000 00000000 00000000 00000000 00000000 00000000 00000000 00000000 00000000 00000000 00000000 00000000 00000000 82f210ae 00000068 53d739b4 0000003e 00000000 00000000 00000000 00000000 00000202 00000101 00000000 00000000 00000000 00000000 00000000 00000000 00000000 00003333 00004ccd 00002667 00000001 00000000 03938700 000004f8
capture_snapshot GLI1 00010000 60000000 2500000 930 0 60000000 0 0 0 0 0 0 0 3e1708d0 0000003e 53dd31b0 0000003e 00e841b5 00000000 00e841b5 00000000 0000006a 00000000 00000000 00000000 15c632fb 00000000 00e8421f 00000000 00000000 00000000 00000000 00000039 008b3199 00000001 00000000 00000001 00000000 00000000 00000000 00000000 00000000 00000000 00000000 00000000 00000000 00000000 00000000 00000000 00000000 00000000 00000000 00000000 82fc0371 00000068 53dd31ce 0000003e 00000000 00000000 00000000 00000000 00000201 00000101 00000000 00000000 00000000 00000000 00000000 00000000 00000000 00003333 00004ccd 00002667 00000001 00000000 03938700 000004f8
capture_snapshot GLI1 00010000 60000000 2500000 931 0 60000000 0 0 0 0 0 0 0 3e1708d0 0000003e 53e34de8 0000003e 00e882e2 00000000 00e882e2 00000000 0000006a 00000000 00000000 00000000 15cc4f44 00000000 00e8834c 00000000 00000000 00000000 00000000 00000039 008b3199 00000001 00000000 00000001 00000000 00000000 00000000 00000000 00000000 00000000 00000000 00000000 00000000 00000000 00000000 00000000 00000000 00000000 00000000 00000000 83063281 00000068 53e34e17 0000003e 00000000 00000000 00000000 00000000 00000201 00000101 00000000 00000000 00000000 00000000 00000000 00000000 00000000 00003333 00004ccd 00002667 00000001 00000000 03938700 000004f8
capture_snapshot GLI1 00010000 60000000 2500000 932 0 60000000 0 0 0 0 0 0 0 3e1708d0 0000003e 53e951d8 0000003e 00e8c30c 00000000 00e8c30c 00000000 0000006a 00000000 00000000 00000000 15d25329 00000000 00e8c376 00000000 00000000 00000000 00000000 00000039 008b3199 00000001 00000000 00000001 00000000 00000000 00000000 00000000 00000000 00000000 00000000 00000000 00000000 00000000 00000000 00000000 00000000 00000000 00000000 00000000 831038eb 00000068 53e951fc 0000003e 00000000 00000000 00000000 00000000 00000201 00000101 00000000 00000000 00000000 00000000 00000000 00000000 00000000 00003333 00004ccd 00002667 00000001 00000000 03938700 000004f8
capture_snapshot GLI1 00010000 60000000 2500000 933 0 60000000 0 0 0 0 0 0 0 3e1708d0 0000003e 53ef5088 0000003e 00e902fe 00000000 00e902fe 00000000 0000006a 00000000 00000000 00000000 15d851e4 00000000 00e90368 00000000 00000000 00000000 00000000 00000039 008b3199 00000001 00000000 00000001 00000000 00000000 00000000 00000000 00000000 00000000 00000000 00000000 00000000 00000000 00000000 00000000 00000000 00000000 00000000 00000000 831a36bb 00000068 53ef50b7 0000003e 00000000 00000000 00000000 00000000 00000201 00000101 00000000 00000000 00000000 00000000 00000000 00000000 00000000 00003333 00004ccd 00002667 00000001 00000000 03938700 000004f8
capture_snapshot GLI1 00010000 60000000 2500000 934 0 60000000 0 0 0 0 0 0 0 3e1708d0 0000003e 53f55700 0000003e 00e94343 00000000 00e94343 00000000 0000006a 00000000 00000000 00000000 15de584c 00000000 00e943ad 00000000 00000000 00000000 00000000 00000039 008b3199 00000001 00000000 00000001 00000000 00000000 00000000 00000000 00000000 00000000 00000000 00000000 00000000 00000000 00000000 00000000 00000000 00000000 00000000 00000000 83244154 00000068 53f5571f 0000003e 00000000 00000000 00000000 00000000 00000201 00000101 00000000 00000000 00000000 00000000 00000000 00000000 00000000 00003333 00004ccd 00002667 00000001 00000000 03938700 000004f8
capture_snapshot GLI1 00010000 60000000 2500000 935 0 60000000 0 0 0 0 0 0 0 3e1708d0 0000003e 53fb5160 0000003e 00e98307 00000000 00e98307 00000000 0000006a 00000000 00000000 00000000 15e452af 00000000 00e98371 00000000 00000000 00000000 00000000 00000039 008b3199 00000001 00000000 00000001 00000000 00000000 00000000 00000000 00000000 00000000 00000000 00000000 00000000 00000000 00000000 00000000 00000000 00000000 00000000 00000000 832e37e5 00000068 53fb5182 0000003e 00000000 00000000 00000000 00000000 00000201 00000100 00000000 00000000 00000000 00000000 00000000 00000000 00000000 00003333 00004ccd 00002667 00000001 00000000 03938700 000004f8
capture_snapshot GLI1 00010000 60000000 2500000 936 0 60000000 0 0 0 0 0 0 0 3e1708d0 0000003e 54014da0 0000003e 00e9c2df 00000000 00e9c2df 00000000 0000006a 00000000 00000000 00000000 15ea4efb 00000000 00e9c349 00000000 00000000 00000000 00000000 00000039 008b3199 00000001 00000000 00000001 00000000 00000000 00000000 00000000 00000000 00000000 00000000 00000000 00000000 00000000 00000000 00000000 00000000 00000000 00000000 00000000 833831a6 00000068 54014dce 0000003e 00000000 00000000 00000000 00000000 00000201 00000101 00000000 00000000 00000000 00000000 00000000 00000000 00000000 00003333 00004ccd 00002667 00000001 00000000 03938700 000004f8
capture_snapshot GLI1 00010000 60000000 2500000 937 0 60000000 0 0 0 0 0 0 0 3e1708d0 0000003e 54074f50 0000003e 00ea02f1 00000000 00ea02f1 00000000 0000006a 00000000 00000000 00000000 15f0509e 00000000 00ea035b 00000000 00000000 00000000 00000000 00000039 008b3199 00000001 00000000 00000001 00000000 00000000 00000000 00000000 00000000 00000000 00000000 00000000 00000000 00000000 00000000 00000000 00000000 00000000 00000000 00000000 8342344d 00000068 54074f71 0000003e 00000000 00000000 00000000 00000000 00000201 00000101 00000000 00000000 00000000 00000000 00000000 00000000 00000000 00003333 00004ccd 00002667 00000001 00000000 03938700 000004f8
capture_snapshot GLI1 00010000 60000000 2500000 938 0 60000000 0 0 0 0 0 0 0 3e1708d0 0000003e 540d5238 0000003e 00ea4310 00000000 00ea4310 00000000 0000006a 00000000 00000000 00000000 15f65393 00000000 00ea437a 00000000 00000000 00000000 00000000 00000039 008b3199 00000001 00000000 00000001 00000000 00000000 00000000 00000000 00000000 00000000 00000000 00000000 00000000 00000000 00000000 00000000 00000000 00000000 00000000 00000000 834c3927 00000068 540d5266 0000003e 00000000 00000000 00000000 00000000 00000201 00000101 00000000 00000000 00000000 00000000 00000000 00000000 00000000 00003333 00004ccd 00002667 00000001 00000000 03938700 000004f8
capture_snapshot GLI1 00010000 60000000 2500000 939 0 60000000 0 0 0 0 0 0 0 3e1708d0 0000003e 54134f80 0000003e 00ea82f3 00000000 00ea82f3 00000000 0000006a 00000000 00000000 00000000 15fc50e1 00000000 00ea835d 00000000 00000000 00000000 00000000 00000039 008b3199 00000001 00000000 00000001 00000000 00000000 00000000 00000000 00000000 00000000 00000000 00000000 00000000 00000000 00000000 00000000 00000000 00000000 00000000 00000000 83563494 00000068 54134fb4 0000003e 00000000 00000000 00000000 00000000 00000201 00000101 00000000 00000000 00000000 00000000 00000000 00000000 00000000 00003333 00004ccd 00002667 00000001 00000000 03938700 000004f8
capture_snapshot GLI1 00010000 60000000 2500000 940 0 60000000 0 0 0 0 0 0 0 3e1708d0 0000003e 54195478 0000003e 00eac328 00000000 00eac328 00000000 0000006a 00000000 00000000 00000000 160255d0 00000000 00eac392 00000000 00000000 00000000 00000000 00000039 008b3199 00000001 00000000 00000001 00000000 00000000 00000000 00000000 00000000 00000000 00000000 00000000 00000000 00000000 00000000 00000000 00000000 00000000 00000000 00000000 83603cba 00000068 541954a3 0000003e 00000000 00000000 00000000 00000000 00000202 00000101 00000000 00000000 00000000 00000000 00000000 00000000 00000000 00003333 00004ccd 00002667 00000001 00000000 03938700 000004f8
capture_snapshot GLI1 00010000 60000000 2500000 941 0 60000000 0 0 0 0 0 0 0 3e1708d0 0000003e 541f56d0 0000003e 00eb0341 00000000 00eb0341 00000000 0000006a 00000000 00000000 00000000 16085829 00000000 00eb03ab 00000000 00000000 00000000 00000000 00000039 008b3199 00000001 00000000 00000001 00000000 00000000 00000000 00000000 00000000 00000000 00000000 00000000 00000000 00000000 00000000 00000000 00000000 00000000 00000000 00000000 836a4091 00000068 541f56fc 0000003e 00000000 00000000 00000000 00000000 00000201 00000101 00000000 00000000 00000000 00000000 00000000 00000000 00000000 00003333 00004ccd 00002667 00000001 00000000 03938700 000004f8
capture_snapshot GLI1 00010000 60000000 2500000 942 0 60000000 0 0 0 0 0 0 0 3e1708d0 0000003e 54254e48 0000003e 00eb42e6 00000000 00eb42e6 00000000 0000006a 00000000 00000000 00000000 160e4f97 00000000 00eb4350 00000000 00000000 00000000 00000000 00000039 008b3199 00000001 00000000 00000001 00000000 00000000 00000000 00000000 00000000 00000000 00000000 00000000 00000000 00000000 00000000 00000000 00000000 00000000 00000000 00000000 83743234 00000068 54254e6a 0000003e 00000000 00000000 00000000 00000000 00000201 00000100 00000000 00000000 00000000 00000000 00000000 00000000 00000000 00003333 00004ccd 00002667 00000001 00000000 03938700 000004f8
capture_snapshot GLI1 00010000 60000000 2500000 943 0 60000000 0 0 0 0 0 0 0 3e1708d0 0000003e 542b5610 0000003e 00eb8339 00000000 00eb8338 00000000 0000006a 00000000 00000000 00000000 1614575a 00000000 00eb83a3 00000000 00000000 00000000 00000000 0000003b 008b3199 00000001 00000001 00000001 00000000 00000000 00000000 00000000 00000000 00000000 00000000 00000000 00000000 00000000 00000000 00000000 00000000 00000000 00000000 00000000 837e3f10 00000068 542b562d 0000003e 00000000 00000000 00000000 00000000 00000201 00000100 00000000 00000000 00000000 00000000 00000000 00000000 00000000 00003333 00004ccd 00002667 00000001 00000000 03938700 000004f8
capture_snapshot GLI1 00010000 60000000 2500000 944 0 60000000 0 0 0 0 0 0 0 3e1708d0 0000003e 54315dc0 0000003e 00ebc38b 00000000 00ebc38b 00000000 0000006a 00000000 00000000 00000000 161a5f0f 00000000 00ebc3f5 00000000 00000000 00000000 00000000 00000039 008b3199 00000001 00000000 00000001 00000000 00000000 00000000 00000000 00000000 00000000 00000000 00000000 00000000 00000000 00000000 00000000 00000000 00000000 00000000 00000000 83884bd4 00000068 54315de2 0000003e 00000000 00000000 00000000 00000000 00000201 00000101 00000000 00000000 00000000 00000000 00000000 00000000 00000000 00003333 00004ccd 00002667 00000001 00000000 03938700 000004f8
capture_snapshot GLI1 00010000 60000000 2500000 945 0 60000000 0 0 0 0 0 0 0 3e1708d0 0000003e 54374f68 0000003e 00ec02f2 00000000 00ec02f2 00000000 0000006a 00000000 00000000 00000000 162050c0 00000000 00ec035c 00000000 00000000 00000000 00000000 00000039 008b3199 00000001 00000000 00000001 00000000 00000000 00000000 00000000 00000000 00000000 00000000 00000000 00000000 00000000 00000000 00000000 00000000 00000000 00000000 00000000 839233e9 00000068 54374f93 0000003e 00000000 00000000 00000000 00000000 00000201 00000101 00000000 00000000 00000000 00000000 00000000 00000000 00000000 00003333 00004ccd 00002667 00000001 00000000 03938700 000004f8
capture_snapshot GLI1 00010000 60000000 2500000 946 0 60000000 0 0 0 0 0 0 0 3e1708d0 0000003e 543d5970 0000003e 00ec435d 00000000 00ec435d 00000000 0000006a 00000000 00000000 00000000 16265ace 00000000 00ec43c7 00000000 00000000 00000000 00000000 00000039 008b3199 00000001 00000000 00000001 00000000 00000000 00000000 00000000 00000000 00000000 00000000 00000000 00000000 00000000 00000000 00000000 00000000 00000000 00000000 00000000 839c4497 00000068 543d59a1 0000003e 00000000 00000000 00000000 00000000 00000201 00000101 00000000 00000000 00000000 00000000 00000000 00000000 00000000 00003333 00004ccd 00002667 00000001 00000000 03938700 000004f8
capture_snapshot GLI1 00010000 60000000 2500000 947 0 60000000 0 0 0 0 0 0 0 3e1708d0 0000003e 544354d8 0000003e 00ec832c 00000000 00ec832c 00000000 0000006a 00000000 00000000 00000000 162c5622 00000000 00ec8396 00000000 00000000 00000000 00000000 00000039 008b3199 00000001 00000000 00000001 00000000 00000000 00000000 00000000 00000000 00000000 00000000 00000000 00000000 00000000 00000000 00000000 00000000 00000000 00000000 00000000 83a63cba 00000068 544354f5 0000003e 00000000 00000000 00000000 00000000 00000201 00000101 00000000 00000000 00000000 00000000 00000000 00000000 00000000 00003333 00004ccd 00002667 00000001 00000000 03938700 000004f8
capture_snapshot GLI1 00010000 60000000 2500000 948 0 60000000 0 0 0 0 0 0 0 3e1708d0 0000003e 54494ce0 0000003e 00ecc2d7 00000000 00ecc2d7 00000000 0000006a 00000000 00000000 00000000 16324e37 00000000 00ecc341 00000000 00000000 00000000 00000000 00000039 008b3199 00000001 00000000 00000001 00000000 00000000 00000000 00000000 00000000 00000000 00000000 00000000 00000000 00000000 00000000 00000000 00000000 00000000 00000000 00000000 83b02f74 00000068 54494d0a 0000003e 00000000 00000000 00000000 00000000 00000201 00000100 00000000 00000000 00000000 00000000 00000000 00000000 00000000 00003333 00004ccd 00002667 00000001 00000000 03938700 000004f8
capture_snapshot GLI1 00010000 60000000 2500000 949 0 60000000 0 0 0 0 0 0 0 3e1708d0 0000003e 544f5c10 0000003e 00ed0379 00000000 00ed0379 00000000 0000006a 00000000 00000000 00000000 16385d70 00000000 00ed03e3 00000000 00000000 00000000 00000000 00000039 008b3199 00000001 00000000 00000001 00000000 00000000 00000000 00000000 00000000 00000000 00000000 00000000 00000000 00000000 00000000 00000000 00000000 00000000 00000000 00000000 83ba48bf 00000068 544f5c43 0000003e 00000000 00000000 00000000 00000000 00000202 00000101 00000000 00000000 00000000 00000000 00000000 00000000 00000000 00003333 00004ccd 00002667 00000001 00000000 03938700 000004f8
capture_snapshot GLI1 00010000 60000000 2500000 950 0 60000000 0 0 0 0 0 0 0 3e1708d0 0000003e 54555520 0000003e 00ed432f 00000000 00ed432f 00000000 0000006a 00000000 00000000 00000000 163e5681 00000000 00ed4399 00000000 00000000 00000000 00000000 00000039 008b3199 00000001 00000000 00000001 00000000 00000000 00000000 00000000 00000000 00000000 00000000 00000000 00000000 00000000 00000000 00000000 00000000 00000000 00000000 00000000 83c43d1d 00000068 54555554 0000003e 00000000 00000000 00000000 00000000 00000202 00000101 00000000 00000000 00000000 00000000 00000000 00000000 00000000 00003333 00004ccd 00002667 00000001 00000000 03938700 000004f8
capture_snapshot GLI1 00010000 60000000 2500000 951 0 60000000 0 0 0 0 0 0 0 3e1708d0 0000003e 545b5d18 0000003e 00ed8384 00000000 00ed8383 00000000 0000006a 00000000 00000000 00000000 16445e62 00000000 00ed83ee 00000000 00000000 00000000 00000000 0000003b 008b3199 00000001 00000001 00000001 00000000 00000000 00000000 00000000 00000000 00000000 00000000 00000000 00000000 00000000 00000000 00000000 00000000 00000000 00000000 00000000 83ce4a2b 00000068 545b5d35 0000003e 00000000 00000000 00000000 00000000 00000202 00000100 00000000 00000000 00000000 00000000 00000000 00000000 00000000 00003333 00004ccd 00002667 00000001 00000000 03938700 000004f8
capture_snapshot GLI1 00010000 60000000 2500000 952 0 60000000 0 0 0 0 0 0 0 3e1708d0 0000003e 54615838 0000003e 00edc350 00000000 00edc350 00000000 0000006a 00000000 00000000 00000000 164a598b 00000000 00edc3ba 00000000 00000000 00000000 00000000 00000039 008b3199 00000001 00000000 00000001 00000000 00000000 00000000 00000000 00000000 00000000 00000000 00000000 00000000 00000000 00000000 00000000 00000000 00000000 00000000 00000000 83d84207 00000068 5461585e 0000003e 00000000 00000000 00000000 00000000 00000201 00000100 00000000 00000000 00000000 00000000 00000000 00000000 00000000 00003333 00004ccd 00002667 00000001 00000000 03938700 000004f8
capture_snapshot GLI1 00010000 60000000 2500000 953 0 60000000 0 0 0 0 0 0 0 3e1708d0 0000003e 546754f0 0000003e 00ee032d 00000000 00ee032d 00000000 0000006a 00000000 00000000 00000000 16505646 00000000 00ee0397 00000000 00000000 00000000 00000000 00000039 008b3199 00000001 00000000 00000001 00000000 00000000 00000000 00000000 00000000 00000000 00000000 00000000 00000000 00000000 00000000 00000000 00000000 00000000 00000000 00000000 83e23c81 00000068 54675519 0000003e 00000000 00000000 00000000 00000000 00000201 00000101 00000000 00000000 00000000 00000000 00000000 00000000 00000000 00003333 00004ccd 00002667 00000001 00000000 03938700 000004f8
capture_snapshot GLI1 00010000 60000000 2500000 954 0 60000000 0 0 0 0 0 0 0 3e1708d0 0000003e 546d57c0 0000003e 00ee434b 00000000 00ee434b 00000000 0000006a 00000000 00000000 00000000 1656591f 00000000 00ee43b5 00000000 00000000 00000000 00000000 00000039 008b3199 00000001 00000000 00000001 00000000 00000000 00000000 00000000 00000000 00000000 00000000 00000000 00000000 00000000 00000000 00000000 00000000 00000000 00000000 00000000 83ec412b 00000068 546d57f2 0000003e 00000000 00000000 00000000 00000000 00000201 00000101 00000000 00000000 00000000 00000000 00000000 00000000 00000000 00003333 00004ccd 00002667 00000001 00000000 03938700 000004f8
capture_snapshot GLI1 00010000 60000000 2500000 955 0 60000000 0 0 0 0 0 0 0 3e1708d0 0000003e 54735d00 0000003e 00ee8383 00000000 00ee8383 00000000 0000006a 00000000 00000000 00000000 165c5e5c 00000000 00ee83ed 00000000 00000000 00000000 00000000 00000039 008b3199 00000001 00000000 00000001 00000000 00000000 00000000 00000000 00000000 00000000 00000000 00000000 00000000 00000000 00000000 00000000 00000000 00000000 00000000 00000000 83f649d4 00000068 54735d2f 0000003e 00000000 00000000 00000000 00000000 00000201 00000101 00000000 00000000 00000000 00000000 00000000 00000000 00000000 00003333 00004ccd 00002667 00000001 00000000 03938700 000004f8
capture_snapshot GLI1 00010000 60000000 2500000 956 0 60000000 0 0 0 0 0 0 0 3e1708d0 0000003e 54795430 0000003e 00eec325 00000000 00eec325 00000000 0000006a 00000000 00000000 00000000 16625580 00000000 00eec38f 00000000 00000000 00000000 00000000 00000039 008b3199 00000001 00000000 00000001 00000000 00000000 00000000 00000000 00000000 00000000 00000000 00000000 00000000 00000000 00000000 00000000 00000000 00000000 00000000 00000000 84003afb 00000068 54795453 0000003e 00000000 00000000 00000000 00000000 00000201 00000101 00000000 00000000 00000000 00000000 00000000 00000000 00000000 00003333 00004ccd 00002667 00000001 00000000 03938700 000004f8
capture_snapshot GLI1 00010000 60000000 2500000 957 0 60000000 0 0 0 0 0 0 0 3e1708d0 0000003e 547f57a8 0000003e 00ef034a 00000000 00ef034a 00000000 0000006a 00000000 00000000 00000000 166858fa 00000000 00ef03b4 00000000 00000000 00000000 00000000 00000039 008b3199 00000001 00000000 00000001 00000000 00000000 00000000 00000000 00000000 00000000 00000000 00000000 00000000 00000000 00000000 00000000 00000000 00000000 00000000 00000000 840a40b3 00000068 547f57cd 0000003e 00000000 00000000 00000000 00000000 00000202 00000100 00000000 00000000 00000000 00000000 00000000 00000000 00000000 00003333 00004ccd 00002667 00000001 00000000 03938700 000004f8
capture_snapshot GLI1 00010000 60000000 2500000 958 0 60000000 0 0 0 0 0 0 0 3e1708d0 0000003e 54855820 0000003e 00ef434f 00000000 00ef434f 00000000 0000006a 00000000 00000000 00000000 166e5970 00000000 00ef43b9 00000000 00000000 00000000 00000000 00000039 008b3199 00000001 00000000 00000001 00000000 00000000 00000000 00000000 00000000 00000000 00000000 00000000 00000000 00000000 00000000 00000000 00000000 00000000 00000000 00000000 84144165 00000068 54855843 0000003e 00000000 00000000 00000000 00000000 00000201 00000101 00000000 00000000 00000000 00000000 00000000 00000000 00000000 00003333 00004ccd 00002667 00000001 00000000 03938700 000004f8
capture_snapshot GLI1 00010000 60000000 2500000 959 0 60000000 0 0 0 0 0 0 0 3e1708d0 0000003e 548b5460 0000003e 00ef8327 00000000 00ef8327 00000000 0000006a 00000000 00000000 00000000 167455b0 00000000 00ef8391 00000000 00000000 00000000 00000000 00000039 008b3199 00000001 00000000 00000001 00000000 00000000 00000000 00000000 00000000 00000000 00000000 00000000 00000000 00000000 00000000 00000000 00000000 00000000 00000000 00000000 841e3b11 00000068 548b5483 0000003e 00000000 00000000 00000000 00000000 00000201 00000100 00000000 00000000 00000000 00000000 00000000 00000000 00000000 00003333 00004ccd 00002667 00000001 00000000 03938700 000004f8
capture_snapshot GLI1 00010000 60000000 2500000 960 0 60000000 0 0 0 0 0 0 0 3e1708d0 0000003e 549154f0 0000003e 00efc32d 00000000 00efc32d 00000000 0000006a 00000000 00000000 00000000 167a564b 00000000 00efc397 00000000 00000000 00000000 00000000 00000039 008b3199 00000001 00000000 00000001 00000000 00000000 00000000 00000000 00000000 00000000 00000000 00000000 00000000 00000000 00000000 00000000 00000000 00000000 00000000 00000000 84283bff 00000068 5491551e 0000003e 00000000 00000000 00000000 00000000 00000201 00000101 00000000 00000000 00000000 00000000 00000000 00000000 00000000 00003333 00004ccd 00002667 00000001 00000000 03938700 000004f8
capture_snapshot GLI1 00010000 60000000 2500000 961 0 60000000 0 0 0 0 0 0 0 3e1708d0 0000003e 54975430 0000003e 00f00325 00000000 00f00325 00000000 0000006a 00000000 00000000 00000000 1680558e 00000000 00f0038f 00000000 00000000 00000000 00000000 00000039 008b3199 00000001 00000000 00000001 00000000 00000000 00000000 00000000 00000000 00000000 00000000 00000000 00000000 00000000 00000000 00000000 00000000 00000000 00000000 00000000 84323ab1 00000068 54975461 0000003e 00000000 00000000 00000000 00000000 00000201 00000100 00000000 00000000 00000000 00000000 00000000 00000000 00000000 00003333 00004ccd 00002667 00000001 00000000 03938700 000004f8
capture_snapshot GLI1 00010000 60000000 2500000 962 0 60000000 0 0 0 0 0 0 0 3e1708d0 0000003e 549d5c10 0000003e 00f04379 00000000 00f04379 00000000 0000006a 00000000 00000000 00000000 16865d6c 00000000 00f043e3 00000000 00000000 00000000 00000000 00000039 008b3199 00000001 00000000 00000001 00000000 00000000 00000000 00000000 00000000 00000000 00000000 00000000 00000000 00000000 00000000 00000000 00000000 00000000 00000000 00000000 843c47bb 00000068 549d5c3f 0000003e 00000000 00000000 00000000 00000000 00000201 00000101 00000000 00000000 00000000 00000000 00000000 00000000 00000000 00003333 00004ccd 00002667 00000001 00000000 03938700 000004f8
capture_snapshot GLI1 00010000 60000000 2500000 963 0 60000000 0 0 0 0 0 0 0 3e1708d0 0000003e 54a358b0 0000003e 00f08355 00000000 00f08355 00000000 0000006a 00000000 00000000 00000000 168c59ff 00000000 00f083bf 00000000 00000000 00000000 00000000 00000039 008b3199 00000001 00000000 00000001 00000000 00000000 00000000 00000000 00000000 00000000 00000000 00000000 00000000 00000000 00000000 00000000 00000000 00000000 00000000 00000000 844641f0 00000068 54a358d2 0000003e 00000000 00000000 00000000 00000000 00000201 00000101 00000000 00000000 00000000 00000000 00000000 00000000 00000000 00003333 00004ccd 00002667 00000001 00000000 03938700 000004f8
capture_snapshot GLI1 00010000 60000000 2500000 964 0 60000000 0 0 0 0 0 0 0 3e1708d0 0000003e 54a95478 0000003e 00f0c328 00000000 00f0c328 00000000 0000006a 00000000 00000000 00000000 169255d6 00000000 00f0c392 00000000 00000000 00000000 00000000 00000039 008b3199 00000001 00000000 00000001 00000000 00000000 00000000 00000000 00000000 00000000 00000000 00000000 00000000 00000000 00000000 00000000 00000000 00000000 00000000 00000000 84503aef 00000068 54a954a9 0000003e 00000000 00000000 00000000 00000000 00000201 00000101 00000000 00000000 00000000 00000000 00000000 00000000 00000000 00003333 00004ccd 00002667 00000001 00000000 03938700 000004f8
capture_snapshot GLI1 00010000 60000000 2500000 965 0 60000000 0 0 0 0 0 0 0 3e1708d0 0000003e 54af5100 0000003e 00f10303 00000000 00f10303 00000000 0000006a 00000000 00000000 00000000 1698525b 00000000 00f1036d 00000000 00000000 00000000 00000000 00000039 008b3199 00000001 00000000 00000001 00000000 00000000 00000000 00000000 00000000 00000000 00000000 00000000 00000000 00000000 00000000 00000000 00000000 00000000 00000000 00000000 845a350d 00000068 54af512e 0000003e 00000000 00000000 00000000 00000000 00000201 00000101 00000000 00000000 00000000 00000000 00000000 00000000 00000000 00003333 00004ccd 00002667 00000001 00000000 03938700 000004f8
capture_snapshot GLI1 00010000 60000000 2500000 966 0 60000000 0 0 0 0 0 0 0 3e1708d0 0000003e 54b55568 0000003e 00f14332 00000000 00f14332 00000000 0000006a 00000000 00000000 00000000 169e56bc 00000000 00f1439c 00000000 00000000 00000000 00000000 00000039 008b3199 00000001 00000000 00000001 00000000 00000000 00000000 00000000 00000000 00000000 00000000 00000000 00000000 00000000 00000000 00000000 00000000 00000000 00000000 00000000 84643c47 00000068 54b5558f 0000003e 00000000 00000000 00000000 00000000 00000201 00000101 00000000 00000000 00000000 00000000 00000000 00000000 00000000 00003333 00004ccd 00002667 00000001 00000000 03938700 000004f8
capture_snapshot GLI1 00010000 60000000 2500000 967 0 60000000 0 0 0 0 0 0 0 3e1708d0 0000003e 54bb59e8 0000003e 00f18362 00000000 00f18362 00000000 0000006a 00000000 00000000 00000000 16a45b46 00000000 00f183cc 00000000 00000000 00000000 00000000 00000039 008b3199 00000001 00000000 00000001 00000000 00000000 00000000 00000000 00000000 00000000 00000000 00000000 00000000 00000000 00000000 00000000 00000000 00000000 00000000 00000000 846e43c3 00000068 54bb5a19 0000003e 00000000 00000000 00000000 00000000 00000202 00000101 00000000 00000000 00000000 00000000 00000000 00000000 00000000 00003333 00004ccd 00002667 00000001 00000000 03938700 000004f8
capture_snapshot GLI1 00010000 60000000 2500000 968 0 60000000 0 0 0 0 0 0 0 3e1708d0 0000003e 54c15340 0000003e 00f1c31b 00000000 00f1c31b 00000000 0000006a 00000000 00000000 00000000 16aa5490 00000000 00f1c385 00000000 00000000 00000000 00000000 00000039 008b3199 00000001 00000000 00000001 00000000 00000000 00000000 00000000 00000000 00000000 00000000 00000000 00000000 00000000 00000000 00000000 00000000 00000000 00000000 00000000 84783881 00000068 54c15363 0000003e 00000000 00000000 00000000 00000000 00000201 00000101 00000000 00000000 00000000 00000000 00000000 00000000 00000000 00003333 00004ccd 00002667 00000001 00000000 03938700 000004f8
capture_snapshot GLI1 00010000 60000000 2500000 969 0 60000000 0 0 0 0 0 0 0 3e1708d0 0000003e 54c75b68 0000003e 00f20372 00000000 00f20372 00000000 0000006a 00000000 00000000 00000000 16b05cb4 00000000 00f203dc 00000000 00000000 00000000 00000000 00000039 008b3199 00000001 00000000 00000001 00000000 00000000 00000000 00000000 00000000 00000000 00000000 00000000 00000000 00000000 00000000 00000000 00000000 00000000 00000000 00000000 848245ff 00000068 54c75b87 0000003e 00000000 00000000 00000000 00000000 00000201 00000101 00000000 00000000 00000000 00000000 00000000 00000000 00000000 00003333 00004ccd 00002667 00000001 00000000 03938700 000004f8
capture_snapshot GLI1 00010000 60000000 2500000 970 0 60000000 0 0 0 0 0 0 0 3e1708d0 0000003e 54cd5250 0000003e 00f24311 00000000 00f24311 00000000 0000006a 00000000 00000000 00000000 16b6539c 00000000 00f2437b 00000000 00000000 00000000 00000000 00000039 008b3199 00000001 00000000 00000001 00000000 00000000 00000000 00000000 00000000 00000000 00000000 00000000 00000000 00000000 00000000 00000000 00000000 00000000 00000000 00000000 848c36c4 00000068 54cd526f 0000003e 00000000 00000000 00000000 00000000 00000201 00000101 00000000 00000000 00000000 00000000 00000000 00000000 00000000 00003333 00004ccd 00002667 00000001 00000000 03938700 000004f8
capture_snapshot GLI1 00010000 60000000 2500000 971 0 60000000 0 0 0 0 0 0 0 3e1708d0 0000003e 54d35238 0000003e 00f28310 00000000 00f28310 00000000 0000006a 00000000 00000000 00000000 16bc5386 00000000 00f2837a 00000000 00000000 00000000 00000000 00000039 008b3199 00000001 00000000 00000001 00000000 00000000 00000000 00000000 00000000 00000000 00000000 00000000 00000000 00000000 00000000 00000000 00000000 00000000 00000000 00000000 8496368b 00000068 54d35259 0000003e 00000000 00000000 00000000 00000000 00000201 00000101 00000000 00000000 00000000 00000000 00000000 00000000 00000000 00003333 00004ccd 00002667 00000001 00000000 03938700 000004f8
capture_snapshot GLI1 00010000 60000000 2500000 972 0 60000000 0 0 0 0 0 0 0 3e1708d0 0000003e 54d95718 0000003e 00f2c344 00000000 00f2c344 00000000 0000006a 00000000 00000000 00000000 16c2586a 00000000 00f2c3ae 00000000 00000000 00000000 00000000 00000039 008b3199 00000001 00000000 00000001 00000000 00000000 00000000 00000000 00000000 00000000 00000000 00000000 00000000 00000000 00000000 00000000 00000000 00000000 00000000 00000000 84a03e9e 00000068 54d9573d 0000003e 00000000 00000000 00000000 00000000 00000201 00000101 00000000 00000000 00000000 00000000 00000000 00000000 00000000 00003333 00004ccd 00002667 00000001 00000000 03938700 000004f8
capture_snapshot GLI1 00010000 60000000 2500000 973 0 60000000 0 0 0 0 0 0 0 3e1708d0 0000003e 54df5640 0000003e 00f3033b 00000000 00f3033b 00000000 0000006a 00000000 00000000 00000000 16c857a0 00000000 00f303a5 00000000 00000000 00000000 00000000 00000039 008b3199 00000001 00000000 00000001 00000000 00000000 00000000 00000000 00000000 00000000 00000000 00000000 00000000 00000000 00000000 00000000 00000000 00000000 00000000 00000000 84aa3d3a 00000068 54df5673 0000003e 00000000 00000000 00000000 00000000 00000201 00000101 00000000 00000000 00000000 00000000 00000000 00000000 00000000 00003333 00004ccd 00002667 00000001 00000000 03938700 000004f8
capture_snapshot GLI1 00010000 60000000 2500000 974 0 60000000 0 0 0 0 0 0 0 3e1708d0 0000003e 54e551f0 0000003e 00f3430d 00000000 00f3430d 00000000 0000006a 00000000 00000000 00000000 16ce533f 00000000 00f34377 00000000 00000000 00000000 00000000 00000039 008b3199 00000001 00000000 00000001 00000000 00000000 00000000 00000000 00000000 00000000 00000000 00000000 00000000 00000000 00000000 00000000 00000000 00000000 00000000 00000000 84b435da 00000068 54e55212 0000003e 00000000 00000000 00000000 00000000 00000201 00000101 00000000 00000000 00000000 00000000 00000000 00000000 00000000 00003333 00004ccd 00002667 00000001 00000000 03938700 000004f8
capture_snapshot GLI1 00010000 60000000 2500000 975 0 60000000 0 0 0 0 0 0 0 3e1708d0 0000003e 54eb5460 0000003e 00f38327 00000000 00f38327 00000000 0000006a 00000000 00000000 00000000 16d455c1 00000000 00f38391 00000000 00000000 00000000 00000000 00000039 008b3199 00000001 00000000 00000001 00000000 00000000 00000000 00000000 00000000 00000000 00000000 00000000 00000000 00000000 00000000 00000000 00000000 00000000 00000000 00000000 84be39f4 00000068 54eb5494 0000003e 00000000 00000000 00000000 00000000 00000201 00000101 00000000 00000000 00000000 00000000 00000000 00000000 00000000 00003333 00004ccd 00002667 00000001 00000000 03938700 000004f8
capture_snapshot GLI1 00010000 60000000 2500000 976 0 60000000 0 0 0 0 0 0 0 3e1708d0 0000003e 54f15568 0000003e 00f3c332 00000000 00f3c332 00000000 0000006a 00000000 00000000 00000000 16da56c0 00000000 00f3c39c 00000000 00000000 00000000 00000000 00000039 008b3199 00000001 00000000 00000001 00000000 00000000 00000000 00000000 00000000 00000000 00000000 00000000 00000000 00000000 00000000 00000000 00000000 00000000 00000000 00000000 84c83b8a 00000068 54f15593 0000003e 00000000 00000000 00000000 00000000 00000201 00000101 00000000 00000000 00000000 00000000 00000000 00000000 00000000 00003333 00004ccd 00002667 00000001 00000000 03938700 000004f8
capture_snapshot GLI1 00010000 60000000 2500000 977 0 60000000 0 0 0 0 0 0 0 3e1708d0 0000003e 54f753e8 0000003e 00f40322 00000000 00f40322 00000000 0000006a 00000000 00000000 00000000 16e05539 00000000 00f4038c 00000000 00000000 00000000 00000000 00000039 008b3199 00000001 00000000 00000001 00000000 00000000 00000000 00000000 00000000 00000000 00000000 00000000 00000000 00000000 00000000 00000000 00000000 00000000 00000000 00000000 84d238eb 00000068 54f7540c 0000003e 00000000 00000000 00000000 00000000 00000201 00000101 00000000 00000000 00000000 00000000 00000000 00000000 00000000 00003333 00004ccd 00002667 00000001 00000000 03938700 000004f8
capture_snapshot GLI1 00010000 60000000 2500000 978 0 60000000 0 0 0 0 0 0 0 3e1708d0 0000003e 54fd57c0 0000003e 00f4434b 00000000 00f4434b 00000000 0000006a 00000000 00000000 00000000 16e65919 00000000 00f443b5 00000000 00000000 00000000 00000000 00000039 008b3199 00000001 00000000 00000001 00000000 00000000 00000000 00000000 00000000 00000000 00000000 00000000 00000000 00000000 00000000 00000000 00000000 00000000 00000000 00000000 84dc3f4c 00000068 54fd57ec 0000003e 00000000 00000000 00000000 00000000 00000201 00000101 00000000 00000000 00000000 00000000 00000000 00000000 00000000 00003333 00004ccd 00002667 00000001 00000000 03938700 000004f8
capture_snapshot GLI1 00010000 60000000 2500000 979 0 60000000 0 0 0 0 0 0 0 3e1708d0 0000003e 55035238 0000003e 00f48310 00000000 00f48310 00000000 0000006a 00000000 00000000 00000000 16ec5386 00000000 00f4837a 00000000 00000000 00000000 00000000 00000039 008b3199 00000001 00000000 00000001 00000000 00000000 00000000 00000000 00000000 00000000 00000000 00000000 00000000 00000000 00000000 00000000 00000000 00000000 00000000 00000000 84e635ed 00000068 55035259 0000003e 00000000 00000000 00000000 00000000 00000201 00000101 00000000 00000000 00000000 00000000 00000000 00000000 00000000 00003333 00004ccd 00002667 00000001 00000000 03938700 000004f8
capture_snapshot GLI1 00010000 60000000 2500000 980 0 60000000 0 0 0 0 0 0 0 3e1708d0 0000003e 550964c8 0000003e 00f4c3d6 00000000 00f4c3d6 00000000 0000006a 00000000 00000000 00000000 16f26619 00000000 00f4c440 00000000 00000000 00000000 00000000 00000039 008b3199 00000001 00000000 00000001 00000000 00000000 00000000 00000000 00000000 00000000 00000000 00000000 00000000 00000000 00000000 00000000 00000000 00000000 00000000 00000000 84f054d0 00000068 550964ec 0000003e 00000000 00000000 00000000 00000000 00000201 00000101 00000000 00000000 00000000 00000000 00000000 00000000 00000000 00003333 00004ccd 00002667 00000001 00000000 03938700 000004f8
capture_snapshot GLI1 00010000 60000000 2500000 981 0 60000000 0 0 0 0 0 0 0 3e1708d0 0000003e 550f5730 0000003e 00f50345 00000000 00f50345 00000000 0000006a 00000000 00000000 00000000 16f85883 00000000 00f503af 00000000 00000000 00000000 00000000 00000039 008b3199 00000001 00000000 00000001 00000000 00000000 00000000 00000000 00000000 00000000 00000000 00000000 00000000 00000000 00000000 00000000 00000000 00000000 00000000 00000000 84fa3e17 00000068 550f5756 0000003e 00000000 00000000 00000000 00000000 00000201 00000100 00000000 00000000 00000000 00000000 00000000 00000000 00000000 00003333 00004ccd 00002667 00000001 00000000 03938700 000004f8
capture_snapshot GLI1 00010000 60000000 2500000 982 0 60000000 0 0 0 0 0 0 0 3e1708d0 0000003e 551555e0 0000003e 00f54337 00000000 00f54337 00000000 0000006a 00000000 00000000 00000000 16fe573b 00000000 00f543a1 00000000 00000000 00000000 00000000 00000039 008b3199 00000001 00000000 00000001 00000000 00000000 00000000 00000000 00000000 00000000 00000000 00000000 00000000 00000000 00000000 00000000 00000000 00000000 00000000 00000000 85043be0 00000068 5515560e 0000003e 00000000 00000000 00000000 00000000 00000201 00000101 00000000 00000000 00000000 00000000 00000000 00000000 00000000 00003333 00004ccd 00002667 00000001 00000000 03938700 000004f8
capture_snapshot GLI1 00010000 60000000 2500000 983 0 60000000 0 0 0 0 0 0 0 3e1708d0 0000003e 551b55c8 0000003e 00f58336 00000000 00f58336 00000000 0000006a 00000000 00000000 00000000 17045729 00000000 00f583a0 00000000 00000000 00000000 00000000 00000039 008b3199 00000001 00000000 00000001 00000000 00000000 00000000 00000000 00000000 00000000 00000000 00000000 00000000 00000000 00000000 00000000 00000000 00000000 00000000 00000000 850e3baf 00000068 551b55fc 0000003e 00000000 00000000 00000000 00000000 00000202 00000101 00000000 00000000 00000000 00000000 00000000 00000000 00000000 00003333 00004ccd 00002667 00000001 00000000 03938700 000004f8
capture_snapshot GLI1 00010000 60000000 2500000 984 0 60000000 0 0 0 0 0 0 0 3e1708d0 0000003e 55215628 0000003e 00f5c33a 00000000 00f5c33a 00000000 0000006a 00000000 00000000 00000000 170a5779 00000000 00f5c3a4 00000000 00000000 00000000 00000000 00000039 008b3199 00000001 00000000 00000001 00000000 00000000 00000000 00000000 00000000 00000000 00000000 00000000 00000000 00000000 00000000 00000000 00000000 00000000 00000000 00000000 85183c22 00000068 5521564c 0000003e 00000000 00000000 00000000 00000000 00000201 00000101 00000000 00000000 00000000 00000000 00000000 00000000 00000000 00003333 00004ccd 00002667 00000001 00000000 03938700 000004f8
capture_snapshot GLI1 00010000 60000000 2500000 985 0 60000000 0 0 0 0 0 0 0 3e1708d0 0000003e 552751f0 0000003e 00f6030d 00000000 00f6030d 00000000 0000006a 00000000 00000000 00000000 17105349 00000000 00f60377 00000000 00000000 00000000 00000000 00000039 008b3199 00000001 00000000 00000001 00000000 00000000 00000000 00000000 00000000 00000000 00000000 00000000 00000000 00000000 00000000 00000000 00000000 00000000 00000000 00000000 85223514 00000068 5527521c 0000003e 00000000 00000000 00000000 00000000 00000201 00000101 00000000 00000000 00000000 00000000 00000000 00000000 00000000 00003333 00004ccd 00002667 00000001 00000000 03938700 000004f8
capture_snapshot GLI1 00010000 60000000 2500000 986 0 60000000 0 0 0 0 0 0 0 3e1708d0 0000003e 552d5f58 0000003e 00f6439c 00000000 00f6439c 00000000 0000006a 00000000 00000000 00000000 171660ad 00000000 00f64406 00000000 00000000 00000000 00000000 00000039 008b3199 00000001 00000000 00000001 00000000 00000000 00000000 00000000 00000000 00000000 00000000 00000000 00000000 00000000 00000000 00000000 00000000 00000000 00000000 00000000 852c4b50 00000068 552d5f80 0000003e 00000000 00000000 00000000 00000000 00000202 00000100 00000000 00000000 00000000 00000000 00000000 00000000 00000000 00003333 00004ccd 00002667 00000001 00000000 03938700 000004f8
capture_snapshot GLI1 00010000 60000000 2500000 987 0 60000000 0 0 0 0 0 0 0 3e1708d0 0000003e 55335790 0000003e 00f68349 00000000 00f68349 00000000 0000006a 00000000 00000000 00000000 171c58de 00000000 00f683b3 00000000 00000000 00000000 00000000 00000039 008b3199 00000001 00000000 00000001 00000000 00000000 00000000 00000000 00000000 00000000 00000000 00000000 00000000 00000000 00000000 00000000 00000000 00000000 00000000 00000000 85363e3a 00000068 553357b1 0000003e 00000000 00000000 00000000 00000000 00000201 00000101 00000000 00000000 00000000 00000000 00000000 00000000 00000000 00003333 00004ccd 00002667 00000001 00000000 03938700 000004f8
capture_snapshot GLI1 00010000 60000000 2500000 988 0 60000000 0 0 0 0 0 0 0 3e1708d0 0000003e 55395610 0000003e 00f6c339 00000000 00f6c339 00000000 0000006a 00000000 00000000 00000000 1722576a 00000000 00f6c3a3 00000000 00000000 00000000 00000000 00000039 008b3199 00000001 00000000 00000001 00000000 00000000 00000000 00000000 00000000 00000000 00000000 00000000 00000000 00000000 00000000 00000000 00000000 00000000 00000000 00000000 85403bba 00000068 5539563d 0000003e 00000000 00000000 00000000 00000000 00000201 00000101 00000000 00000000 00000000 00000000 00000000 00000000 00000000 00003333 00004ccd 00002667 00000001 00000000 03938700 000004f8
capture_snapshot GLI1 00010000 60000000 2500000 989 0 60000000 0 0 0 0 0 0 0 3e1708d0 0000003e 553f5508 0000003e 00f7032e 00000000 00f7032e 00000000 0000006a 00000000 00000000 00000000 1728565e 00000000 00f70398 00000000 00000000 00000000 00000000 00000039 008b3199 00000001 00000000 00000001 00000000 00000000 00000000 00000000 00000000 00000000 00000000 00000000 00000000 00000000 00000000 00000000 00000000 00000000 00000000 00000000 854a39e8 00000068 553f5531 0000003e 00000000 00000000 00000000 00000000 00000201 00000101 00000000 00000000 00000000 00000000 00000000 00000000 00000000 00003333 00004ccd 00002667 00000001 00000000 03938700 000004f8
capture_snapshot GLI1 00010000 60000000 2500000 990 0 60000000 0 0 0 0 0 0 0 3e1708d0 0000003e 55455700 0000003e 00f74343 00000000 00f74343 00000000 0000006a 00000000 00000000 00000000 172e5861 00000000 00f743ad 00000000 00000000 00000000 00000000 00000039 008b3199 00000001 00000000 00000001 00000000 00000000 00000000 00000000 00000000 00000000 00000000 00000000 00000000 00000000 00000000 00000000 00000000 00000000 00000000 00000000 85543d2f 00000068 55455734 0000003e 00000000 00000000 00000000 00000000 00000201 00000101 00000000 00000000 00000000 00000000 00000000 00000000 00000000 00003333 00004ccd 00002667 00000001 00000000 03938700 000004f8
capture_snapshot GLI1 00010000 60000000 2500000 991 0 60000000 0 0 0 0 0 0 0 3e1708d0 0000003e 554b58b0 0000003e 00f78355 00000000 00f78355 00000000 0000006a 00000000 00000000 00000000 17345a09 00000000 00f783bf 00000000 00000000 00000000 00000000 00000039 008b3199 00000001 00000000 00000001 00000000 00000000 00000000 00000000 00000000 00000000 00000000 00000000 00000000 00000000 00000000 00000000 00000000 00000000 00000000 00000000 855e3fdd 00000068 554b58dc 0000003e 00000000 00000000 00000000 00000000 00000202 00000101 00000000 00000000 00000000 00000000 00000000 00000000 00000000 00003333 00004ccd 00002667 00000001 00000000 03938700 000004f8
capture_snapshot GLI1 00010000 60000000 2500000 992 0 60000000 0 0 0 0 0 0 0 3e1708d0 0000003e 555155c8 0000003e 00f7c336 00000000 00f7c336 00000000 0000006a 00000000 00000000 00000000 173a5720 00000000 00f7c3a0 00000000 00000000 00000000 00000000 00000039 008b3199 00000001 00000000 00000001 00000000 00000000 00000000 00000000 00000000 00000000 00000000 00000000 00000000 00000000 00000000 00000000 00000000 00000000 00000000 00000000 85683af0 00000068 555155f3 0000003e 00000000 00000000 00000000 00000000 00000201 00000100 00000000 00000000 00000000 00000000 00000000 00000000 00000000 00003333 00004ccd 00002667 00000001 00000000 03938700 000004f8
capture_snapshot GLI1 00010000 60000000 2500000 993 0 60000000 0 0 0 0 0 0 0 3e1708d0 0000003e 55576060 0000003e 00f803a7 00000000 00f803a7 00000000 0000006a 00000000 00000000 00000000 174061c0 00000000 00f80411 00000000 00000000 00000000 00000000 00000039 008b3199 00000001 00000000 00000001 00000000 00000000 00000000 00000000 00000000 00000000 00000000 00000000 00000000 00000000 00000000 00000000 00000000 00000000 00000000 00000000 85724c92 00000068 55576093 0000003e 00000000 00000000 00000000 00000000 00000201 00000101 00000000 00000000 00000000 00000000 00000000 00000000 00000000 00003333 00004ccd 00002667 00000001 00000000 03938700 000004f8
capture_snapshot GLI1 00010000 60000000 2500000 994 0 60000000 0 0 0 0 0 0 0 3e1708d0 0000003e 555d4e30 0000003e 00f842e5 00000000 00f842e5 00000000 0000006a 00000000 00000000 00000000 17464f84 00000000 00f8434f 00000000 00000000 00000000 00000000 00000039 008b3199 00000001 00000000 00000001 00000000 00000000 00000000 00000000 00000000 00000000 00000000 00000000 00000000 00000000 00000000 00000000 00000000 00000000 00000000 00000000 857c2e1b 00000068 555d4e57 0000003e 00000000 00000000 00000000 00000000 00000201 00000101 00000000 00000000 00000000 00000000 00000000 00000000 00000000 00003333 00004ccd 00002667 00000001 00000000 03938700 000004f8
capture_snapshot GLI1 00010000 60000000 2500000 995 0 60000000 0 0 0 0 0 0 0 3e1708d0 0000003e 556355e0 0000003e 00f88337 00000000 00f88337 00000000 0000006a 00000000 00000000 00000000 174c5735 00000000 00f883a1 00000000 00000000 00000000 00000000 00000039 008b3199 00000001 00000000 00000001 00000000 00000000 00000000 00000000 00000000 00000000 00000000 00000000 00000000 00000000 00000000 00000000 00000000 00000000 00000000 00000000 85863ad8 00000068 55635608 0000003e 00000000 00000000 00000000 00000000 00000202 00000100 00000000 00000000 00000000 00000000 00000000 00000000 00000000 00003333 00004ccd 00002667 00000001 00000000 03938700 000004f8
capture_snapshot GLI1 00010000 60000000 2500000 996 0 60000000 0 0 0 0 0 0 0 3e1708d0 0000003e 55695910 0000003e 00f8c359 00000000 00f8c359 00000000 0000006a 00000000 00000000 00000000 17525a66 00000000 00f8c3c3 00000000 00000000 00000000 00000000 00000039 008b3199 00000001 00000000 00000001 00000000 00000000 00000000 00000000 00000000 00000000 00000000 00000000 00000000 00000000 00000000 00000000 00000000 00000000 00000000 00000000 85904017 00000068 55695939 0000003e 00000000 00000000 00000000 00000000 00000201 00000101 00000000 00000000 00000000 00000000 00000000 00000000 00000000 00003333 00004ccd 00002667 00000001 00000000 03938700 000004f8
capture_snapshot GLI1 00010000 60000000 2500000 997 0 60000000 0 0 0 0 0 0 0 3e1708d0 0000003e 556f5490 0000003e 00f90329 00000000 00f90329 00000000 0000006a 00000000 00000000 00000000 175855e0 00000000 00f90393 00000000 00000000 00000000 00000000 00000039 008b3199 00000001 00000000 00000001 00000000 00000000 00000000 00000000 00000000 00000000 00000000 00000000 00000000 00000000 00000000 00000000 00000000 00000000 00000000 00000000 859a3878 00000068 556f54b3 0000003e 00000000 00000000 00000000 00000000 00000201 00000101 00000000 00000000 00000000 00000000 00000000 00000000 00000000 00003333 00004ccd 00002667 00000001 00000000 03938700 000004f8
capture_snapshot GLI1 00010000 60000000 2500000 998 0 60000000 0 0 0 0 0 0 0 3e1708d0 0000003e 55755520 0000003e 00f9432f 00000000 00f9432f 00000000 0000006a 00000000 00000000 00000000 175e567e 00000000 00f94399 00000000 00000000 00000000 00000000 00000039 008b3199 00000001 00000000 00000001 00000000 00000000 00000000 00000000 00000000 00000000 00000000 00000000 00000000 00000000 00000000 00000000 00000000 00000000 00000000 00000000 85a4396d 00000068 55755551 0000003e 00000000 00000000 00000000 00000000 00000201 00000101 00000000 00000000 00000000 00000000 00000000 00000000 00000000 00003333 00004ccd 00002667 00000001 00000000 03938700 000004f8
capture_snapshot GLI1 00010000 60000000 2500000 999 0 60000000 0 0 0 0 0 0 0 3e1708d0 0000003e 557b5340 0000003e 00f9831b 00000000 00f9831b 00000000 0000006a 00000000 00000000 00000000 1764549b 00000000 00f98385 00000000 00000000 00000000 00000000 00000039 008b3199 00000001 00000000 00000001 00000000 00000000 00000000 00000000 00000000 00000000 00000000 00000000 00000000 00000000 00000000 00000000 00000000 00000000 00000000 00000000 85ae3634 00000068 557b536e 0000003e 00000000 00000000 00000000 00000000 00000201 00000100 00000000 00000000 00000000 00000000 00000000 00000000 00000000 00003333 00004ccd 00002667 00000001 00000000 03938700 000004f8
capture_snapshot GLI1 00010000 60000000 2500000 1000 0 60000000 0 0 0 0 0 0 0 3e1708d0 0000003e 558153e8 0000003e 00f9c322 00000000 00f9c322 00000000 0000006a 00000000 00000000 00000000 176a5549 00000000 00f9c38c 00000000 00000000 00000000 00000000 00000039 008b3199 00000001 00000000 00000001 00000000 00000000 00000000 00000000 00000000 00000000 00000000 00000000 00000000 00000000 00000000 00000000 00000000 00000000 00000000 00000000 85b83742 00000068 5581541c 0000003e 00000000 00000000 00000000 00000000 00000202 00000101 00000000 00000000 00000000 00000000 00000000 00000000 00000000 00003333 00004ccd 00002667 00000001 00000000 03938700 000004f8
capture_snapshot GLI1 00010000 60000000 2500000 1001 0 60000000 0 0 0 0 0 0 0 3e1708d0 0000003e 558755e0 0000003e 00fa0337 00000000 00fa0337 00000000 0000006a 00000000 00000000 00000000 1770573f 00000000 00fa03a1 00000000 00000000 00000000 00000000 00000039 008b3199 00000001 00000000 00000001 00000000 00000000 00000000 00000000 00000000 00000000 00000000 00000000 00000000 00000000 00000000 00000000 00000000 00000000 00000000 00000000 85c23a73 00000068 55875612 0000003e 00000000 00000000 00000000 00000000 00000201 00000101 00000000 00000000 00000000 00000000 00000000 00000000 00000000 00003333 00004ccd 00002667 00000001 00000000 03938700 000004f8
capture_snapshot GLI1 00010000 60000000 2500000 1002 0 60000000 0 0 0 0 0 0 0 3e1708d0 0000003e 558d5580 0000003e 00fa4333 00000000 00fa4333 00000000 0000006a 00000000 00000000 00000000 177656d5 00000000 00fa439d 00000000 00000000 00000000 00000000 00000039 008b3199 00000001 00000000 00000001 00000000 00000000 00000000 00000000 00000000 00000000 00000000 00000000 00000000 00000000 00000000 00000000 00000000 00000000 00000000 00000000 85cc39af 00000068 558d55a8 0000003e 00000000 00000000 00000000 00000000 00000202 00000100 00000000 00000000 00000000 00000000 00000000 00000000 00000000 00003333 00004ccd 00002667 00000001 00000000 03938700 000004f8
capture_snapshot GLI1 00010000 60000000 2500000 1003 0 60000000 0 0 0 0 0 0 0 3e1708d0 0000003e 55935160 0000003e 00fa8307 00000000 00fa8307 00000000 0000006a 00000000 00000000 00000000 177c52bd 00000000 00fa8371 00000000 00000000 00000000 00000000 00000039 008b3199 00000001 00000000 00000001 00000000 00000000 00000000 00000000 00000000 00000000 00000000 00000000 00000000 00000000 00000000 00000000 00000000 00000000 00000000 00000000 85d632c9 00000068 55935190 0000003e 00000000 00000000 00000000 00000000 00000201 00000100 00000000 00000000 00000000 00000000 00000000 00000000 00000000 00003333 00004ccd 00002667 00000001 00000000 03938700 000004f8
capture_snapshot GLI1 00010000 60000000 2500000 1004 0 60000000 0 0 0 0 0 0 0 3e1708d0 0000003e 559954d8 0000003e 00fac32c 00000000 00fac32c 00000000 0000006a 00000000 00000000 00000000 17825629 00000000 00fac396 00000000 00000000 00000000 00000000 00000039 008b3199 00000001 00000000 00000001 00000000 00000000 00000000 00000000 00000000 00000000 00000000 00000000 00000000 00000000 00000000 00000000 00000000 00000000 00000000 00000000 85e03869 00000068 559954fc 0000003e 00000000 00000000 00000000 00000000 00000201 00000101 00000000 00000000 00000000 00000000 00000000 00000000 00000000 00003333 00004ccd 00002667 00000001 00000000 03938700 000004f8
capture_snapshot GLI1 00010000 60000000 2500000 1005 0 60000000 0 0 0 0 0 0 0 3e1708d0 0000003e 559f5c58 0000003e 00fb037c 00000000 00fb037c 00000000 0000006a 00000000 00000000 00000000 17885dac 00000000 00fb03e6 00000000 00000000 00000000 00000000 00000039 008b3199 00000001 00000000 00000001 00000000 00000000 00000000 00000000 00000000 00000000 00000000 00000000 00000000 00000000 00000000 00000000 00000000 00000000 00000000 00000000 85ea44db 00000068 559f5c7f 0000003e 00000000 00000000 00000000 00000000 00000201 00000101 00000000 00000000 00000000 00000000 00000000 00000000 00000000 00003333 00004ccd 00002667 00000001 00000000 03938700 000004f8
capture_snapshot GLI1 00010000 60000000 2500000 1006 0 60000000 0 0 0 0 0 0 0 3e1708d0 0000003e 55a55340 0000003e 00fb431b 00000000 00fb431b 00000000 0000006a 00000000 00000000 00000000 178e548a 00000000 00fb4385 00000000 00000000 00000000 00000000 00000039 008b3199 00000001 00000000 00000001 00000000 00000000 00000000 00000000 00000000 00000000 00000000 00000000 00000000 00000000 00000000 00000000 00000000 00000000 00000000 00000000 85f4358f 00000068 55a5535d 0000003e 00000000 00000000 00000000 00000000 00000201 00000101 00000000 00000000 00000000 00000000 00000000 00000000 00000000 00003333 00004ccd 00002667 00000001 00000000 03938700 000004f8
capture_snapshot GLI1 00010000 60000000 2500000 1007 0 60000000 0 0 0 0 0 0 0 3e1708d0 0000003e 55ab58e0 0000003e 00fb8357 00000000 00fb8357 00000000 0000006a 00000000 00000000 00000000 17945a2c 00000000 00fb83c1 00000000 00000000 00000000 00000000 00000039 008b3199 00000001 00000000 00000001 00000000 00000000 00000000 00000000 00000000 00000000 00000000 00000000 00000000 00000000 00000000 00000000 00000000 00000000 00000000 00000000 85fe3ede 00000068 55ab58ff 0000003e 00000000 00000000 00000000 00000000 00000202 00000101 00000000 00000000 00000000 00000000 00000000 00000000 00000000 00003333 00004ccd 00002667 00000001 00000000 03938700 000004f8
capture_snapshot GLI1 00010000 60000000 2500000 1008 0 60000000 0 0 0 0 0 0 0 3e1708d0 0000003e 55b15490 0000003e 00fbc329 00000000 00fbc329 00000000 0000006a 00000000 00000000 00000000 179a55e6 00000000 00fbc393 00000000 00000000 00000000 00000000 00000039 008b3199 00000001 00000000 00000001 00000000 00000000 00000000 00000000 00000000 00000000 00000000 00000000 00000000 00000000 00000000 00000000 00000000 00000000 00000000 00000000 860837ac 00000068 55b154b9 0000003e 00000000 00000000 00000000 00000000 00000201 00000101 00000000 00000000 00000000 00000000 00000000 00000000 00000000 00003333 00004ccd 00002667 00000001 00000000 03938700 000004f8
capture_snapshot GLI1 00010000 60000000 2500000 1009 0 60000000 0 0 0 0 0 0 0 3e1708d0 0000003e 55b76ca8 0000003e 00fc042a 00000000 00fc042a 00000000 0000006a 00000000 00000000 00000000 17a06e03 00000000 00fc0494 00000000 00000000 00000000 00000000 00000039 008b3199 00000001 00000000 00000001 00000000 00000000 00000000 00000000 00000000 00000000 00000000 00000000 00000000 00000000 00000000 00000000 00000000 00000000 00000000 00000000 86125fc7 00000068 55b76cd6 0000003e 00000000 00000000 00000000 00000000 00000201 00000101 00000000 00000000 00000000 00000000 00000000 00000000 00000000 00003333 00004ccd 00002667 00000001 00000000 03938700 000004f8
capture_snapshot GLI1 00010000 60000000 2500000 1010 0 60000000 0 0 0 0 0 0 0 3e1708d0 0000003e 55bd5e38 0000003e 00fc4390 00000000 00fc4390 00000000 0000006a 00000000 00000000 00000000 17a65f83 00000000 00fc43fa 00000000 00000000 00000000 00000000 00000039 008b3199 00000001 00000000 00000001 00000000 00000000 00000000 00000000 00000000 00000000 00000000 00000000 00000000 00000000 00000000 00000000 00000000 00000000 00000000 00000000 861c4789 00000068 55bd5e56 0000003e 00000000 00000000 00000000 00000000 00000201 00000101 00000000 00000000 00000000 00000000 00000000 00000000 00000000 00003333 00004ccd 00002667 00000001 00000000 03938700 000004f8
capture_snapshot GLI1 00010000 60000000 2500000 1011 0 60000000 0 0 0 0 0 0 0 3e1708d0 0000003e 55c355c8 0000003e 00fc8336 00000000 00fc8336 00000000 0000006a 00000000 00000000 00000000 17ac5718 00000000 00fc83a0 00000000 00000000 00000000 00000000 00000039 008b3199 00000001 00000000 00000001 00000000 00000000 00000000 00000000 00000000 00000000 00000000 00000000 00000000 00000000 00000000 00000000 00000000 00000000 00000000 00000000 8626396e 00000068 55c355eb 0000003e 00000000 00000000 00000000 00000000 00000201 00000101 00000000 00000000 00000000 00000000 00000000 00000000 00000000 00003333 00004ccd 00002667 00000001 00000000 03938700 000004f8
capture_snapshot GLI1 00010000 60000000 2500000 1012 0 60000000 0 0 0 0 0 0 0 3e1708d0 0000003e 55c95f10 0000003e 00fcc399 00000000 00fcc399 00000000 0000006a 00000000 00000000 00000000 17b26070 00000000 00fcc403 00000000 00000000 00000000 00000000 00000039 008b3199 00000001 00000000 00000001 00000000 00000000 00000000 00000000 00000000 00000000 00000000 00000000 00000000 00000000 00000000 00000000 00000000 00000000 00000000 00000000 863048ee 00000068 55c95f43 0000003e 00000000 00000000 00000000 00000000 00000201 00000101 00000000 00000000 00000000 00000000 00000000 00000000 00000000 00003333 00004ccd 00002667 00000001 00000000 03938700 000004f8
capture_snapshot GLI1 00010000 60000000 2500000 1013 0 60000000 0 0 0 0 0 0 0 3e1708d0 0000003e 55cf52f8 0000003e 00fd0318 00000000 00fd0318 00000000 0000006a 00000000 00000000 00000000 17b85444 00000000 00fd0382 00000000 00000000 00000000 00000000 00000039 008b3199 00000001 00000000 00000001 00000000 00000000 00000000 00000000 00000000 00000000 00000000 00000000 00000000 00000000 00000000 00000000 00000000 00000000 00000000 00000000 863a3491 00000068 55cf5317 0000003e 00000000 00000000 00000000 00000000 00000201 00000101 00000000 00000000 00000000 00000000 00000000 00000000 00000000 00003333 00004ccd 00002667 00000001 00000000 03938700 000004f8
capture_snapshot GLI1 00010000 60000000 2500000 1014 0 60000000 0 0 0 0 0 0 0 3e1708d0 0000003e 55d55508 0000003e 00fd432e 00000000 00fd432e 00000000 0000006a 00000000 00000000 00000000 17be5664 00000000 00fd4398 00000000 00000000 00000000 00000000 00000039 008b3199 00000001 00000000 00000001 00000000 00000000 00000000 00000000 00000000 00000000 00000000 00000000 00000000 00000000 00000000 00000000 00000000 00000000 00000000 00000000 86443809 00000068 55d55537 0000003e 00000000 00000000 00000000 00000000 00000201 00000101 00000000 00000000 00000000 00000000 00000000 00000000 00000000 00003333 00004ccd 00002667 00000001 00000000 03938700 000004f8
capture_snapshot GLI1 00010000 60000000 2500000 1015 0 60000000 0 0 0 0 0 0 0 3e1708d0 0000003e 55db58c8 0000003e 00fd8356 00000000 00fd8356 00000000 0000006a 00000000 00000000 00000000 17c45a26 00000000 00fd83c0 00000000 00000000 00000000 00000000 00000039 008b3199 00000001 00000000 00000001 00000000 00000000 00000000 00000000 00000000 00000000 00000000 00000000 00000000 00000000 00000000 00000000 00000000 00000000 00000000 00000000 864e3e38 00000068 55db58f9 0000003e 00000000 00000000 00000000 00000000 00000201 00000101 00000000 00000000 00000000 00000000 00000000 00000000 00000000 00003333 00004ccd 00002667 00000001 00000000 03938700 000004f8
capture_snapshot GLI1 00010000 60000000 2500000 1016 0 60000000 0 0 0 0 0 0 0 3e1708d0 0000003e 55e159d0 0000003e 00fdc361 00000000 00fdc361 00000000 0000006a 00000000 00000000 00000000 17ca5b21 00000000 00fdc3cb 00000000 00000000 00000000 00000000 00000039 008b3199 00000001 00000000 00000001 00000000 00000000 00000000 00000000 00000000 00000000 00000000 00000000 00000000 00000000 00000000 00000000 00000000 00000000 00000000 00000000 86583fc7 00000068 55e159f4 0000003e 00000000 00000000 00000000 00000000 00000201 00000101 00000000 00000000 00000000 00000000 00000000 00000000 00000000 00003333 00004ccd 00002667 00000001 00000000 03938700 000004f8
capture_snapshot GLI1 00010000 60000000 2500000 1017 0 60000000 0 0 0 0 0 0 0 3e1708d0 0000003e 55e74d88 0000003e 00fe02de 00000000 00fe02de 00000000 0000006a 00000000 00000000 00000000 17d04edc 00000000 00fe0348 00000000 00000000 00000000 00000000 00000039 008b3199 00000001 00000000 00000001 00000000 00000000 00000000 00000000 00000000 00000000 00000000 00000000 00000000 00000000 00000000 00000000 00000000 00000000 00000000 00000000 86622b41 00000068 55e74daf 0000003e 00000000 00000000 00000000 00000000 00000201 00000101 00000000 00000000 00000000 00000000 00000000 00000000 00000000 00003333 00004ccd 00002667 00000001 00000000 03938700 000004f8
capture_snapshot GLI1 00010000 60000000 2500000 1018 0 60000000 0 0 0 0 0 0 0 3e1708d0 0000003e 55ed5538 0000003e 00fe4330 00000000 00fe4330 00000000 0000006a 00000000 00000000 00000000 17d65689 00000000 00fe439a 00000000 00000000 00000000 00000000 00000039 008b3199 00000001 00000000 00000001 00000000 00000000 00000000 00000000 00000000 00000000 00000000 00000000 00000000 00000000 00000000 00000000 00000000 00000000 00000000 00000000 866c37f7 00000068 55ed555c 0000003e 00000000 00000000 00000000 00000000 00000202 00000101 00000000 00000000 00000000 00000000 00000000 00000000 00000000 00003333 00004ccd 00002667 00000001 00000000 03938700 000004f8
capture_snapshot GLI1 00010000 60000000 2500000 1019 0 60000000 0 0 0 0 0 0 0 3e1708d0 0000003e 55f356a0 0000003e 00fe833f 00000000 00fe833f 00000000 0000006a 00000000 00000000 00000000 17dc5800 00000000 00fe83a9 00000000 00000000 00000000 00000000 00000039 008b3199 00000001 00000000 00000001 00000000 00000000 00000000 00000000 00000000 00000000 00000000 00000000 00000000 00000000 00000000 00000000 00000000 00000000 00000000 00000000 86763a55 00000068 55f356d3 0000003e 00000000 00000000 00000000 00000000 00000201 00000101 00000000 00000000 00000000 00000000 00000000 00000000 00000000 00003333 00004ccd 00002667 00000001 00000000 03938700 000004f8
capture_snapshot GLI1 00010000 60000000 2500000 1020 0 60000000 0 0 0 0 0 0 0 3e1708d0 0000003e 55f952c8 0000003e 00fec316 00000000 00fec316 00000000 0000006a 00000000 00000000 00000000 17e25415 00000000 00fec380 00000000 00000000 00000000 00000000 00000039 008b3199 00000001 00000000 00000001 00000000 00000000 00000000 00000000 00000000 00000000 00000000 00000000 00000000 00000000 00000000 00000000 00000000 00000000 00000000 00000000 868033ba 00000068 55f952e8 0000003e 00000000 00000000 00000000 00000000 00000201 00000101 00000000 00000000 00000000 00000000 00000000 00000000 00000000 00003333 00004ccd 00002667 00000001 00000000 03938700 000004f8
capture_snapshot GLI1 00010000 60000000 2500000 1021 0 60000000 0 0 0 0 0 0 0 3e1708d0 0000003e 55ff55c8 0000003e 00ff0336 00000000 00ff0336 00000000 0000006a 00000000 00000000 00000000 17e8571b 00000000 00ff03a0 00000000 00000000 00000000 00000000 00000039 008b3199 00000001 00000000 00000001 00000000 00000000 00000000 00000000 00000000 00000000 00000000 00000000 00000000 00000000 00000000 00000000 00000000 00000000 00000000 00000000 868a38af 00000068 55ff55ee 0000003e 00000000 00000000 00000000 00000000 00000201 00000101 00000000 00000000 00000000 00000000 00000000 00000000 00000000 00003333 00004ccd 00002667 00000001 00000000 03938700 000004f8
capture_snapshot GLI1 00010000 60000000 2500000 1022 0 60000000 0 0 0 0 0 0 0 3e1708d0 0000003e 56055628 0000003e 00ff433a 00000000 00ff433a 00000000 0000006a 00000000 00000000 00000000 17ee5777 00000000 00ff43a4 00000000 00000000 00000000 00000000 00000039 008b3199 00000001 00000000 00000001 00000000 00000000 00000000 00000000 00000000 00000000 00000000 00000000 00000000 00000000 00000000 00000000 00000000 00000000 00000000 00000000 86943935 00000068 5605564a 0000003e 00000000 00000000 00000000 00000000 00000201 00000101 00000000 00000000 00000000 00000000 00000000 00000000 00000000 00003333 00004ccd 00002667 00000001 00000000 03938700 000004f8
capture_snapshot GLI1 00010000 60000000 2500000 1023 0 60000000 0 0 0 0 0 0 0 3e1708d0 0000003e 560b50a0 0000003e 00ff82ff 00000000 00ff82ff 00000000 0000006a 00000000 00000000 00000000 17f451f9 00000000 00ff8369 00000000 00000000 00000000 00000000 00000039 008b3199 00000001 00000000 00000001 00000000 00000000 00000000 00000000 00000000 00000000 00000000 00000000 00000000 00000000 00000000 00000000 00000000 00000000 00000000 00000000 869e2ffc 00000068 560b50cc 0000003e 00000000 00000000 00000000 00000000 00000201 00000101 00000000 00000000 00000000 00000000 00000000 00000000 00000000 00003333 00004ccd 00002667 00000001 00000000 03938700 000004f8
capture_snapshot GLI1 00010000 60000000 2500000 1024 0 60000000 0 0 0 0 0 0 0 3e1708d0 0000003e 56115988 0000003e 00ffc35e 00000000 00ffc35e 00000000 0000006a 00000000 00000000 00000000 17fa5ae7 00000000 00ffc3c8 00000000 00000000 00000000 00000000 00000039 008b3199 00000001 00000000 00000001 00000000 00000000 00000000 00000000 00000000 00000000 00000000 00000000 00000000 00000000 00000000 00000000 00000000 00000000 00000000 00000000 86a83ec9 00000068 561159ba 0000003e 00000000 00000000 00000000 00000000 00000202 00000100 00000000 00000000 00000000 00000000 00000000 00000000 00000000 00003333 00004ccd 00002667 00000001 00000000 03938700 000004f8
capture_snapshot GLI1 00010000 60000000 2500000 1025 0 60000000 0 0 0 0 0 0 0 3e1708d0 0000003e 56175910 0000003e 01000359 00000000 01000359 00000000 0000006a 00000000 00000000 00000000 18005a5e 00000000 010003c3 00000000 00000000 00000000 00000000 00000039 008b3199 00000001 00000000 00000001 00000000 00000000 00000000 00000000 00000000 00000000 00000000 00000000 00000000 00000000 00000000 00000000 00000000 00000000 00000000 00000000 86b23dd2 00000068 56175931 0000003e 00000000 00000000 00000000 00000000 00000201 00000101 00000000 00000000 00000000 00000000 00000000 00000000 00000000 00003333 00004ccd 00002667 00000001 00000000 03938700 000004f8
capture_snapshot GLI1 00010000 60000000 2500000 1026 0 60000000 0 0 0 0 0 0 0 3e1708d0 0000003e 561d5460 0000003e 01004327 00000000 01004327 00000000 0000006a 00000000 00000000 00000000 180655b1 00000000 01004391 00000000 00000000 00000000 00000000 00000039 008b3199 00000001 00000000 00000001 00000000 00000000 00000000 00000000 00000000 00000000 00000000 00000000 00000000 00000000 00000000 00000000 00000000 00000000 00000000 00000000 86bc35f3 00000068 561d5484 0000003e 00000000 00000000 00000000 00000000 00000201 00000101 00000000 00000000 00000000 00000000 00000000 00000000 00000000 00003333 00004ccd 00002667 00000001 00000000 03938700 000004f8
capture_snapshot GLI1 00010000 60000000 2500000 1027 0 60000000 0 0 0 0 0 0 0 3e1708d0 0000003e 56235298 0000003e 01008314 00000000 01008314 00000000 0000006a 00000000 00000000 00000000 180c53f8 00000000 0100837e 00000000 00000000 00000000 00000000 00000039 008b3199 00000001 00000000 00000001 00000000 00000000 00000000 00000000 00000000 00000000 00000000 00000000 00000000 00000000 00000000 00000000 00000000 00000000 00000000 00000000 86c63301 00000068 562352cb 0000003e 00000000 00000000 00000000 00000000 00000201 00000101 00000000 00000000 00000000 00000000 00000000 00000000 00000000 00003333 00004ccd 00002667 00000001 00000000 03938700 000004f8
capture_snapshot GLI1 00010000 60000000 2500000 1028 0 60000000 0 0 0 0 0 0 0 3e1708d0 0000003e 56293d20 0000003e 0100c22f 00000000 0100c22f 00000000 0000006a 00000000 00000000 00000000 18123e6c 00000000 0100c299 00000000 00000000 00000000 00000000 00000039 008b3199 00000001 00000000 00000001 00000000 00000000 00000000 00000000 00000000 00000000 00000000 00000000 00000000 00000000 00000000 00000000 00000000 00000000 00000000 00000000 86d00f03 00000068 56293d3f 0000003e 00000000 00000000 00000000 00000000 00000201 00000101 00000000 00000000 00000000 00000000 00000000 00000000 00000000 00003333 00004ccd 00002667 00000001 00000000 03938700 000004f8
capture_snapshot GLI1 00010000 60000000 2500000 1029 0 60000000 0 0 0 0 0 0 0 3e1708d0 0000003e 562f3360 0000003e 010101c7 00000000 010101c6 00000000 0000006a 00000000 00000000 00000000 181834a9 00000000 01010231 00000000 00000000 00000000 00000000 0000003b 008b3199 00000001 00000001 00000001 00000000 00000000 00000000 00000000 00000000 00000000 00000000 00000000 00000000 00000000 00000000 00000000 00000000 00000000 00000000 00000000 86d9feac 00000068 562f337c 0000003e 00000000 00000000 00000000 00000000 00000201 00000101 00000000 00000000 00000000 00000000 00000000 00000000 00000000 00003333 00004ccd 00002667 00000001 00000000 03938700 000004f8
capture_snapshot GLI1 00010000 60000000 2500000 1030 0 60000000 0 0 0 0 0 0 0 3e1708d0 0000003e 56353450 0000003e 010141d1 00000000 010141d1 00000000 0000006a 00000000 00000000 00000000 181e359b 00000000 0101423b 00000000 00000000 00000000 00000000 00000039 008b3199 00000001 00000000 00000001 00000000 00000000 00000000 00000000 00000000 00000000 00000000 00000000 00000000 00000000 00000000 00000000 00000000 00000000 00000000 00000000 86e4002b 00000068 5635346e 0000003e 00000000 00000000 00000000 00000000 00000201 00000100 00000000 00000000 00000000 00000000 00000000 00000000 00000000 00003333 00004ccd 00002667 00000001 00000000 03938700 000004f8
capture_snapshot GLI1 00010000 60000000 2500000 1031 0 60000000 0 0 0 0 0 0 0 3e1708d0 0000003e 563b32d0 0000003e 010181c1 00000000 010181c1 00000000 0000006a 00000000 00000000 00000000 1824342f 00000000 0101822b 00000000 00000000 00000000 00000000 00000039 008b3199 00000001 00000000 00000001 00000000 00000000 00000000 00000000 00000000 00000000 00000000 00000000 00000000 00000000 00000000 00000000 00000000 00000000 00000000 00000000 86edfdb8 00000068 563b3302 0000003e 00000000 00000000 00000000 00000000 00000201 00000101 00000000 00000000 00000000 00000000 00000000 00000000 00000000 00003333 00004ccd 00002667 00000001 00000000 03938700 000004f8
capture_final_snapshot GLI1 00010000 60000000 2500000 1033 0 60000000 0 0 0 0 0 0 0 3e1708d0 0000003e 563c0f98 0000003e 01018af4 00000000 01018af4 00000000 0000006a 00000000 00000000 00000000 182510e3 00000000 01018b5f 00000000 00000000 00000000 00000000 00000038 008b3199 00000001 00000000 00000001 00000000 00000000 00000000 00000000 00000000 00000000 00000000 00000000 00000000 00000000 00000000 00000000 00000000 00000000 00000000 00000000 86ef772d 00000068 563c157d 0000003e 00000000 00000000 00000000 00000000 00000202 00000100 00000000 00000000 00000000 00000000 00000000 00000000 00000000 00003333 00004ccd 00002667 00000001 00000000 03938700 000004f8
capture_final_extension_snapshot GLI1 00010000 1033 9122201 60000000 00000007 00000000 563c0fb6 0000003e 00000000 00000000 00000000 00000000 00000000 00000000 00000000 00000000 00000000 00000000 00000000 00000000
tracking_snapshot GLT1SNAP 00010000 474c5431 00000045 00000008 563cf7e3 0000003e 00000002 00000008 00000000 00000000 00000000 00000000 00000000 00000000 00000000 00000000 00000000 00000000 00000000 00000000 00000000 03938700 00013560 b04a2fab 00000001
tracking_snapshot GLT1SNAP 00010000 474c5431 00000047 00000008 563d4806 0000003e 00000002 00000000 00000000 00000000 00000000 00000000 00000000 00000000 00000000 00000000 00000000 00000000 00000000 00000000 00000000 03938700 00013560 b04a2fab 00000001
