session_id,capture_start_utc,sample_rate_hz,visit_index,target_index,channel,edge,source_manifest_sha256,chunk_sha256,source_start_counter,source_end_counter,nominal_overlap_hz,comparison_selected,tracking_selected,candidate_count,qualified_mode_count,pss_candidate,maximum_robust_z,best_robust_z,best_cfo_hz,best_frame_phase_ns,timing_windows,linear_fit_rms_ns,alternating_validation_rms_ns
scan-fw-04d50dd83a5fc5df,2026-09-17T17:40:01.327546Z,15000000,46,3,4,lower,sha256:9a7d648183ed36a5d38af426c206fa241ffa9a6ce6656f7e0c07674c0030f270,sha256:8ad95711cb925ef2580a28a6d53362f7627d8c8b7026c01a804f873d7f765bab,1228689738985,1228691538985,12304687.5,True,False,13,1,True,14.177189075947402,14.177189075947402,0.0,1261933.3333333335,90,992.4652291868006,1116.0998639761845
scan-fw-04d50dd83a5fc5df,2026-09-17T17:40:01.327546Z,15000000,242,2,3,lower,sha256:9a7d648183ed36a5d38af426c206fa241ffa9a6ce6656f7e0c07674c0030f270,sha256:6eb50d48ce68f83c67085e82fd1711c262f0bbc8dc9a94163269ff9ea2b0d1ed,1229102324521,1229104124521,12304687.5,True,False,13,0,False,5.444208311745713,,,,0,,
scan-fw-04d50dd83a5fc5df,2026-09-17T17:40:01.327546Z,15000000,846,5,2,upper,sha256:9a7d648183ed36a5d38af426c206fa241ffa9a6ce6656f7e0c07674c0030f270,sha256:449d841d8bc4d0098aa7873a59f8e613c2f6761c2c933fb8ac5af76d2c87e004,1230373569502,1230375369502,12304687.5,True,False,13,0,False,5.371178634536621,,,,0,,
scan-fw-04d50dd83a5fc5df,2026-09-17T17:40:01.327546Z,15000000,1199,7,4,upper,sha256:9a7d648183ed36a5d38af426c206fa241ffa9a6ce6656f7e0c07674c0030f270,sha256:6135bd172fcc72602abc35fcb6ed6f89bce0ea201a15bf1495adb288b6d4625c,1231116495439,1231118295439,12304687.5,True,False,13,0,False,5.963304513884144,,,,0,,
scan-fw-04d50dd83a5fc5df,2026-09-17T17:40:01.327546Z,15000000,1396,6,3,upper,sha256:9a7d648183ed36a5d38af426c206fa241ffa9a6ce6656f7e0c07674c0030f270,sha256:8f9c6f82ac3b60f3116557f57dc374f74673d0e713065ccd0d5ceaeaa715c8a3,1231531142812,1231532942812,12304687.5,True,False,13,0,False,5.096192907081016,,,,0,,
scan-fw-04d50dd83a5fc5df,2026-09-17T17:40:01.327546Z,15000000,1743,0,1,lower,sha256:9a7d648183ed36a5d38af426c206fa241ffa9a6ce6656f7e0c07674c0030f270,sha256:232875c2ff2d4de58f8f399b94d3df785d2b229475f6450b377bede42f4ccaae,1232261513872,1232263313872,12304687.5,True,False,13,0,False,5.235376472655419,,,,0,,
scan-fw-04d50dd83a5fc5df,2026-09-17T17:40:01.327546Z,15000000,1961,4,1,upper,sha256:9a7d648183ed36a5d38af426c206fa241ffa9a6ce6656f7e0c07674c0030f270,sha256:91b79511f28a5e8e4c75539b3585432033b7b8478b0df016bdacdb42faceca10,1232720353267,1232722153267,12304687.5,True,False,13,0,False,5.521423759190436,,,,0,,
scan-fw-0ae4d2e146a1cbac,2026-09-18T00:20:01.532487Z,20000000,43,2,3,lower,sha256:3127931005afd6a6342acfa6e5bc849c083b9df80b2226ba79c1fb6d9f6d59c3,sha256:1df1bddf9072396c372db404b44deca3c1e3ad6029746f81c9468a69db3b074f,1805844865939,1805847265939,14804687.5,True,False,13,0,False,5.38071826627083,,,,0,,
scan-fw-0ae4d2e146a1cbac,2026-09-18T00:20:01.532487Z,20000000,1031,6,3,upper,sha256:3127931005afd6a6342acfa6e5bc849c083b9df80b2226ba79c1fb6d9f6d59c3,sha256:0e8764c94112ffcc2e3f1a434ae5bace705277e416a4be3ce67ee57056bfb2d1,1808619020671,1808621420671,14804687.5,True,False,13,0,False,5.073898760254611,,,,0,,
scan-fw-0ae4d2e146a1cbac,2026-09-18T00:20:01.532487Z,20000000,1085,0,1,lower,sha256:3127931005afd6a6342acfa6e5bc849c083b9df80b2226ba79c1fb6d9f6d59c3,sha256:58227899132fb968de023dd8356cda89eada4aa17d1686090d61624dbac8d4e4,1808770567327,1808772967327,14804687.5,True,False,13,0,False,5.171156253578591,,,,0,,
scan-fw-0ae4d2e146a1cbac,2026-09-18T00:20:01.532487Z,20000000,1271,3,4,lower,sha256:3127931005afd6a6342acfa6e5bc849c083b9df80b2226ba79c1fb6d9f6d59c3,sha256:d966ecad6f98928d8a046b255fd6749a4ac1272d5acce259765059f8488ed0a8,1809292635286,1809295035286,14804687.5,True,False,13,0,False,5.525526021351864,,,,0,,
scan-fw-0ae4d2e146a1cbac,2026-09-18T00:20:01.532487Z,20000000,1421,7,4,upper,sha256:3127931005afd6a6342acfa6e5bc849c083b9df80b2226ba79c1fb6d9f6d59c3,sha256:23e3e11216238dcb95cefbad773879d6a5f09ff9e285c542e7cbbaa3ab7c8a92,1809713686678,1809716086678,14804687.5,True,False,13,0,False,5.862361176693187,,,,0,,
scan-fw-0ae4d2e146a1cbac,2026-09-18T00:20:01.532487Z,20000000,1817,4,1,upper,sha256:3127931005afd6a6342acfa6e5bc849c083b9df80b2226ba79c1fb6d9f6d59c3,sha256:8ed8b4ed6ebf1804880ae0c2bfc2d9c1564c1bc238a40819a7ae7d57df608860,1810825434778,1810827834778,14804687.5,True,False,13,0,False,5.262377441505921,,,,0,,
scan-fw-0ae4d2e146a1cbac,2026-09-18T00:20:01.532487Z,20000000,1822,5,2,upper,sha256:3127931005afd6a6342acfa6e5bc849c083b9df80b2226ba79c1fb6d9f6d59c3,sha256:8ed8b4ed6ebf1804880ae0c2bfc2d9c1564c1bc238a40819a7ae7d57df608860,1810839458740,1810841858740,14804687.5,True,False,13,0,False,5.26586360080445,,,,0,,
scan-fw-0cac677f1231cad8,2026-09-17T16:20:01.484591Z,20000000,54,0,1,lower,sha256:1dd92ed08944394ecc01f8b14aa5d87f2fd56a382d8e4d5256844e9acd97c723,sha256:51efddf8f41b51166fe2906d77af45bd8b63d1e3e7d429be3902ab301cb8194d,1111493937024,1111496337024,14804687.5,True,False,13,0,False,5.5341488166196715,,,,0,,
scan-fw-0cac677f1231cad8,2026-09-17T16:20:01.484591Z,20000000,137,6,3,upper,sha256:1dd92ed08944394ecc01f8b14aa5d87f2fd56a382d8e4d5256844e9acd97c723,sha256:a834d2ebb2b72b84e67ee5053445c98ee1aa0c5a4dc46878f5377dd5366f38c2,1111727008530,1111729408530,14804687.5,True,False,13,0,False,5.056674556348842,,,,0,,
scan-fw-0cac677f1231cad8,2026-09-17T16:20:01.484591Z,20000000,870,5,2,upper,sha256:1dd92ed08944394ecc01f8b14aa5d87f2fd56a382d8e4d5256844e9acd97c723,sha256:46899c2e16507f30587cb4c869675f571aed78323ebbe7305d7fce04a8dcd9a1,1113784872429,1113787272429,14804687.5,True,True,13,0,False,5.254270228667926,,,,0,,
scan-fw-0cac677f1231cad8,2026-09-17T16:20:01.484591Z,20000000,1290,3,4,lower,sha256:1dd92ed08944394ecc01f8b14aa5d87f2fd56a382d8e4d5256844e9acd97c723,sha256:d0a5fcf489cd86515894605368a2431a7c7ed6f2416f211ab25862ea3096e820,1114964047023,1114966447023,14804687.5,True,False,13,0,False,5.371157780529853,,,,0,,
scan-fw-0cac677f1231cad8,2026-09-17T16:20:01.484591Z,20000000,1587,2,3,lower,sha256:1dd92ed08944394ecc01f8b14aa5d87f2fd56a382d8e4d5256844e9acd97c723,sha256:88c116f49e21d44e6d7b273fd6d1336a5a2b15b984f46ed8a56377bdf4cd046a,1115797841796,1115800241796,14804687.5,True,False,13,0,False,5.36709212484322,,,,0,,
scan-fw-0cac677f1231cad8,2026-09-17T16:20:01.484591Z,20000000,1882,7,4,upper,sha256:1dd92ed08944394ecc01f8b14aa5d87f2fd56a382d8e4d5256844e9acd97c723,sha256:20a0927d4027b51ac43e9639027cc255c47dbba24485d32954dda1120e118524,1116626074134,1116628474134,14804687.5,True,False,13,0,False,5.509486667603773,,,,0,,
scan-fw-0cac677f1231cad8,2026-09-17T16:20:01.484591Z,20000000,1900,4,1,upper,sha256:1dd92ed08944394ecc01f8b14aa5d87f2fd56a382d8e4d5256844e9acd97c723,sha256:a091da9aafc49431db78b9dd6c8cb16c4f4eefaa1100bff1f246ec48dd56ea75,1116676620474,1116679020474,14804687.5,True,False,13,0,False,5.59508547475835,,,,0,,
scan-fw-0f339e7b732c4593,2026-09-17T15:30:01.594665Z,10000000,234,1,2,lower,sha256:d7e4e2fc112a2b37d24da0884e39d697142e6d72c425da9eaacbec54a9d55a47,sha256:21251d43bf3190c38288278184f8084055cab14dc3ea0b6003c565f034826d43,1044740589354,1044741789354,9804687.5,True,False,13,0,False,4.723759756305922,,,,0,,
scan-fw-0f339e7b732c4593,2026-09-17T15:30:01.594665Z,10000000,570,4,1,upper,sha256:d7e4e2fc112a2b37d24da0884e39d697142e6d72c425da9eaacbec54a9d55a47,sha256:0bd3c42f12be89e0b85076d53e8fcab981d384b16c9c16c2d3f1aea178838cf9,1045211990241,1045213190241,9804687.5,True,False,13,0,False,4.850963784286727,,,,0,,
scan-fw-0f339e7b732c4593,2026-09-17T15:30:01.594665Z,10000000,609,5,2,upper,sha256:d7e4e2fc112a2b37d24da0884e39d697142e6d72c425da9eaacbec54a9d55a47,sha256:25a9df458068f11504517d9db79c2e3c24ec409f72fe10211563519dffd19628,1045266722307,1045267922307,9804687.5,True,False,13,0,False,4.917131943455177,,,,0,,
scan-fw-0f339e7b732c4593,2026-09-17T15:30:01.594665Z,10000000,936,2,3,lower,sha256:d7e4e2fc112a2b37d24da0884e39d697142e6d72c425da9eaacbec54a9d55a47,sha256:1150f341783089254f4d6fcdf96a83df8525535c925092ada66c5b35546ca920,1045725551667,1045726751667,9804687.5,True,False,13,0,False,5.22179784637548,,,,0,,
scan-fw-0f339e7b732c4593,2026-09-17T15:30:01.594665Z,10000000,1048,3,4,lower,sha256:d7e4e2fc112a2b37d24da0884e39d697142e6d72c425da9eaacbec54a9d55a47,sha256:ac38f3503c190134af96bf2ba69b203b9141b0219597bfd0479dd25589418fc3,1045882667133,1045883867133,9804687.5,True,False,13,0,False,5.133533163927988,,,,0,,
scan-fw-0f339e7b732c4593,2026-09-17T15:30:01.594665Z,10000000,1890,7,4,upper,sha256:d7e4e2fc112a2b37d24da0884e39d697142e6d72c425da9eaacbec54a9d55a47,sha256:b05a6bad10dafb4eace92bd2c92adb11d89d5d76b9b85cca64b04ce5abd71321,1047064143030,1047065343030,9804687.5,True,False,13,0,False,5.101417874279824,,,,0,,
scan-fw-0f339e7b732c4593,2026-09-17T15:30:01.594665Z,10000000,1945,0,1,lower,sha256:d7e4e2fc112a2b37d24da0884e39d697142e6d72c425da9eaacbec54a9d55a47,sha256:80db0c285a1e0230a18eb9180e54b94893df0a6d5c932aece7038823aa282c84,1047141315114,1047142515114,9804687.5,True,False,13,1,True,7.439562818477525,7.439562818477525,200000.0,1118066.6666542548,90,920.5766228276636,852.0246627928375
scan-fw-10a1783c9d67e020,2026-09-17T14:00:01.338293Z,10000000,200,5,2,upper,sha256:4a7d3eb9292bd43c0ee337c2fcd01802e6c2e838fdc3e2c434c9dc3b0b57bbdc,sha256:0b940f4d542a687b608565e659364a05db8972c48f04cce328a4d454887e8517,915853813392,915855013392,9804687.5,True,False,13,0,False,5.640899723822095,,,,0,,
scan-fw-10a1783c9d67e020,2026-09-17T14:00:01.338293Z,10000000,239,0,1,lower,sha256:4a7d3eb9292bd43c0ee337c2fcd01802e6c2e838fdc3e2c434c9dc3b0b57bbdc,sha256:463178a64b78bbec50c6e6e5960657cf8990ba52c65318b2c18909abbfebc1e0,915908514603,915909714603,9804687.5,True,False,13,0,False,5.469675056788456,,,,0,,
scan-fw-10a1783c9d67e020,2026-09-17T14:00:01.338293Z,10000000,607,3,4,lower,sha256:4a7d3eb9292bd43c0ee337c2fcd01802e6c2e838fdc3e2c434c9dc3b0b57bbdc,sha256:09a978e41c9b38f4f5f594a7673d3740b1113368b3ac4a4e6e4c82cc4f481b61,916424808036,916426008036,9804687.5,True,False,13,0,False,4.812152572396576,,,,0,,
scan-fw-10a1783c9d67e020,2026-09-17T14:00:01.338293Z,10000000,806,7,4,upper,sha256:4a7d3eb9292bd43c0ee337c2fcd01802e6c2e838fdc3e2c434c9dc3b0b57bbdc,sha256:c6d59eb148fe0e485f7b24a9df68d791fb8b03b571797e82ca40b18923061cc0,916704020016,916705220016,9804687.5,True,False,13,0,False,4.665084308139164,,,,0,,
scan-fw-10a1783c9d67e020,2026-09-17T14:00:01.338293Z,10000000,1212,1,2,lower,sha256:4a7d3eb9292bd43c0ee337c2fcd01802e6c2e838fdc3e2c434c9dc3b0b57bbdc,sha256:fb364c357c7036868b2932002ee0d834664022f83f5fcddd127fb2d9709a0de7,917273610240,917274810240,9804687.5,True,False,13,0,False,4.829092503530675,,,,0,,
scan-fw-10a1783c9d67e020,2026-09-17T14:00:01.338293Z,10000000,1813,4,1,upper,sha256:4a7d3eb9292bd43c0ee337c2fcd01802e6c2e838fdc3e2c434c9dc3b0b57bbdc,sha256:958f8d6aaed74fa85cd52cbfc45b2046f673b5979f41eb489acb306d00e7d502,918116819235,918118019235,9804687.5,True,False,13,0,False,5.466083465659278,,,,0,,
scan-fw-10a1783c9d67e020,2026-09-17T14:00:01.338293Z,10000000,2059,6,3,upper,sha256:4a7d3eb9292bd43c0ee337c2fcd01802e6c2e838fdc3e2c434c9dc3b0b57bbdc,sha256:fc3fb29b0ce0da1a88051d69a0739ee6395c46faf1992c75489cba7007b62f33,918461972529,918463172529,9804687.5,True,False,13,0,False,5.05706728796643,,,,0,,
scan-fw-10a906cc85830859,2026-09-17T14:10:04.789693Z,15000000,207,1,2,lower,sha256:3721c9abe628ee65b0b29838721d036f35a4b046c57b65f5b649ad5a3bdb9dea,sha256:c6a76afd606ba4edd6a1c03a0c29c2ea2e5d356d21ab1e1aca78a83c75161d7a,928297596916,928299396916,12304687.5,True,False,13,0,False,5.069388741343467,,,,0,,
scan-fw-10a906cc85830859,2026-09-17T14:10:04.789693Z,15000000,243,4,1,upper,sha256:3721c9abe628ee65b0b29838721d036f35a4b046c57b65f5b649ad5a3bdb9dea,sha256:273d433559d5cca5a8478bc6536cd5677b53661419f8a374f747a4607abdb70d,928373400058,928375200058,12304687.5,True,False,13,0,False,5.0397958629626665,,,,0,,
scan-fw-10a906cc85830859,2026-09-17T14:10:04.789693Z,15000000,941,3,4,lower,sha256:3721c9abe628ee65b0b29838721d036f35a4b046c57b65f5b649ad5a3bdb9dea,sha256:8a8d9edb2dd6180936bb55bbc26af013d29ce2db294bcef00a2f253c3bf8abdb,929842523038,929844323038,12304687.5,True,True,13,2,True,19.494405935808516,19.494405935808516,0.0,551466.6666666666,90,761.6610741780136,835.5795482148914
scan-fw-10a906cc85830859,2026-09-17T14:10:04.789693Z,15000000,1061,2,3,lower,sha256:3721c9abe628ee65b0b29838721d036f35a4b046c57b65f5b649ad5a3bdb9dea,sha256:61786de56f9caaa565e6ae507a927a9a9d62c2f694d04c981965f253e34125a4,930095081107,930096881107,12304687.5,True,False,13,0,False,5.77990330783978,,,,0,,
scan-fw-10a906cc85830859,2026-09-17T14:10:04.789693Z,15000000,1320,0,1,lower,sha256:3721c9abe628ee65b0b29838721d036f35a4b046c57b65f5b649ad5a3bdb9dea,sha256:233667e61f8526c1cd39da26a5f36ae7c3f970bd4b770961132dbdc9c971b82b,930640171597,930641971597,12304687.5,True,False,13,0,False,5.437551942884226,,,,0,,
scan-fw-10a906cc85830859,2026-09-17T14:10:04.789693Z,15000000,1505,7,4,upper,sha256:3721c9abe628ee65b0b29838721d036f35a4b046c57b65f5b649ad5a3bdb9dea,sha256:536f93437b3fa3532813a2bfa6548fcab79e4a1f1b171c9bc85068336344b18e,931029518818,931031318818,12304687.5,True,False,13,0,False,5.255400977608921,,,,0,,
scan-fw-10a906cc85830859,2026-09-17T14:10:04.789693Z,15000000,1548,5,2,upper,sha256:3721c9abe628ee65b0b29838721d036f35a4b046c57b65f5b649ad5a3bdb9dea,sha256:16ec9b4f7e6f5bd9ba10d19e0c87937afe873a7682be69f290380ef133dd83db,931120020598,931121820598,12304687.5,True,False,13,0,False,5.221699350975333,,,,0,,
scan-fw-12f09d2e4e1fe26a,2026-09-17T14:40:05.237340Z,15000000,176,7,4,upper,sha256:9884712ed203047277f8cf6a35b4aa9b3ac4212406854689969ea0e57ddfd6e7,sha256:6025fa7da32f669bbb7f90767ac39e864e87eba50f244013ecaaa6564cacf099,969304658252,969306458252,12304687.5,True,False,13,0,False,5.135087818159526,,,,0,,
scan-fw-12f09d2e4e1fe26a,2026-09-17T14:40:05.237340Z,15000000,534,6,3,upper,sha256:9884712ed203047277f8cf6a35b4aa9b3ac4212406854689969ea0e57ddfd6e7,sha256:5876fc63d84944dad438ebd3143f113624a311bc1ef671686ca87c678959ad5b,970058134754,970059934754,12304687.5,True,False,13,0,False,5.125819310942581,,,,0,,
scan-fw-12f09d2e4e1fe26a,2026-09-17T14:40:05.237340Z,15000000,765,3,4,lower,sha256:9884712ed203047277f8cf6a35b4aa9b3ac4212406854689969ea0e57ddfd6e7,sha256:789b2fb3428b404bc2b8fa00d481d286a152027577d2fd9da744b7d763c6d37f,970544301695,970546101695,12304687.5,True,False,13,2,True,9.140287923200548,9.140287923200548,200000.0,469600.0,90,1011.6401144833924,1086.0502496868185
scan-fw-12f09d2e4e1fe26a,2026-09-17T14:40:05.237340Z,15000000,1556,5,2,upper,sha256:9884712ed203047277f8cf6a35b4aa9b3ac4212406854689969ea0e57ddfd6e7,sha256:a5cc7672c2900dbe7b2eef321b7f5ff0a47d2017ecebfa363362e877d61decdb,972208976024,972210776024,12304687.5,True,False,13,0,False,5.2862201116232885,,,,0,,
scan-fw-12f09d2e4e1fe26a,2026-09-17T14:40:05.237340Z,15000000,1765,4,1,upper,sha256:9884712ed203047277f8cf6a35b4aa9b3ac4212406854689969ea0e57ddfd6e7,sha256:b3954e61d13375e50444b0db4fb716c37285b9f9c53f8feae176c734af8be12e,972648858596,972650658596,12304687.5,True,False,13,0,False,4.965113196115279,,,,0,,
scan-fw-12f09d2e4e1fe26a,2026-09-17T14:40:05.237340Z,15000000,1924,1,2,lower,sha256:9884712ed203047277f8cf6a35b4aa9b3ac4212406854689969ea0e57ddfd6e7,sha256:f3432cf21c539dd4e144b78b8c19ab9dae19e0390a739b4c6d8f5196e066bc2b,972983491463,972985291463,12304687.5,True,False,14,2,True,8.363234930568183,8.363234930568183,0.0,549933.3333333334,90,930.1042011330837,978.9188108523753
scan-fw-12f09d2e4e1fe26a,2026-09-17T14:40:05.237340Z,15000000,1990,2,3,lower,sha256:9884712ed203047277f8cf6a35b4aa9b3ac4212406854689969ea0e57ddfd6e7,sha256:f2e8941b7a5f467b0b1480c9d53ae04923faf845185d094c06eb766a0fd20178,973122423383,973124223383,12304687.5,True,False,13,0,False,5.003130910377316,,,,0,,
scan-fw-161adb3956864642,2026-09-17T21:40:01.350678Z,15000000,229,5,2,upper,sha256:65b6b101329c45cb9907045a50c63f8d8bc52d6b6c7e4ed2f3c13776f33031a5,sha256:6d43a5dd9a8857f1c0e6c76bffc685a935b91a9d8abfeca6ce771e54bed8fca3,1574630336191,1574632136191,12304687.5,True,False,13,1,True,10.147166214498663,10.147166214498663,-200000.0,876600.0,90,1137.5013469178975,1170.7065518553732
scan-fw-161adb3956864642,2026-09-17T21:40:01.350678Z,15000000,429,0,1,lower,sha256:65b6b101329c45cb9907045a50c63f8d8bc52d6b6c7e4ed2f3c13776f33031a5,sha256:3b4357362f0fde2e9c1822365426b0db44a483aa8667fa5436c13ee70a645034,1575051182578,1575052982578,12304687.5,True,False,13,1,True,6.781499878169271,6.781499878169271,0.0,920666.6666666666,90,1124.7903942996065,1164.897236615492
scan-fw-161adb3956864642,2026-09-17T21:40:01.350678Z,15000000,431,7,4,upper,sha256:65b6b101329c45cb9907045a50c63f8d8bc52d6b6c7e4ed2f3c13776f33031a5,sha256:3b4357362f0fde2e9c1822365426b0db44a483aa8667fa5436c13ee70a645034,1575055383667,1575057183667,12304687.5,True,False,13,0,False,5.485778547181586,,,,0,,
scan-fw-161adb3956864642,2026-09-17T21:40:01.350678Z,15000000,600,3,4,lower,sha256:65b6b101329c45cb9907045a50c63f8d8bc52d6b6c7e4ed2f3c13776f33031a5,sha256:a8f0de68b02aacb6a76ee260e1c8bdfb0672b07b4328ceebbc6faee53bbcba44,1575411129061,1575412929061,12304687.5,True,False,14,3,True,14.148798410021431,14.148798410021431,0.0,842000.0,90,904.262621019427,983.2332108189382
scan-fw-161adb3956864642,2026-09-17T21:40:01.350678Z,15000000,1342,4,1,upper,sha256:65b6b101329c45cb9907045a50c63f8d8bc52d6b6c7e4ed2f3c13776f33031a5,sha256:c5f77170640962b73fe56b1ba8fb6256694491e814dc8271e92b8d01445f36e9,1576972604575,1576974404575,12304687.5,True,False,13,0,False,5.044521999234926,,,,0,,
scan-fw-161adb3956864642,2026-09-17T21:40:01.350678Z,15000000,1473,6,3,upper,sha256:65b6b101329c45cb9907045a50c63f8d8bc52d6b6c7e4ed2f3c13776f33031a5,sha256:803b02cfe8b323f3c053ffe84d40e9531f77cc92a18b66bc75ba020ba5d55d56,1577248286683,1577250086683,12304687.5,True,False,13,0,False,5.400670717784392,,,,0,,
scan-fw-161adb3956864642,2026-09-17T21:40:01.350678Z,15000000,1983,2,3,lower,sha256:65b6b101329c45cb9907045a50c63f8d8bc52d6b6c7e4ed2f3c13776f33031a5,sha256:3dbf46118851c439b4fd7b9072dd7848a728bbcac586b3c66e0cee8c17452a81,1578321493996,1578323293996,12304687.5,True,False,13,0,False,5.547886140593279,,,,0,,
scan-fw-1a04dd4254fd7849,2026-09-17T22:30:01.708830Z,10000000,513,0,1,lower,sha256:e574362ba1b87ea0aa3233b591a1fd97c78333087dcc36aa0cbc243697d0bc13,sha256:29c9e61ca5acebf806f3384730ff040325ab2dde260a24161c41f7f90aa93f9a,1647927391391,1647928591391,9804687.5,True,False,13,0,False,4.673339010994105,,,,0,,
scan-fw-1a04dd4254fd7849,2026-09-17T22:30:01.708830Z,10000000,659,1,2,lower,sha256:e574362ba1b87ea0aa3233b591a1fd97c78333087dcc36aa0cbc243697d0bc13,sha256:32e692121eaa4135469d00092a808a51e719d6cd14287d5f3f50be57574c0b3c,1648132218629,1648133418629,9804687.5,True,False,13,0,False,5.027144629024076,,,,0,,
scan-fw-1a04dd4254fd7849,2026-09-17T22:30:01.708830Z,10000000,885,4,1,upper,sha256:e574362ba1b87ea0aa3233b591a1fd97c78333087dcc36aa0cbc243697d0bc13,sha256:7d71af7a84fa5535fc239a9245684360efd978e990e17462c5b56db9467d8025,1648449316196,1648450516196,9804687.5,True,True,13,0,False,5.19710815307057,,,,0,,
scan-fw-1a04dd4254fd7849,2026-09-17T22:30:01.708830Z,10000000,897,5,2,upper,sha256:e574362ba1b87ea0aa3233b591a1fd97c78333087dcc36aa0cbc243697d0bc13,sha256:9cda997d8d3321fb111f40b46e0f6e22f6b1f7844cfdc3db6744b75ac7a5c7d4,1648466151920,1648467351920,9804687.5,True,True,13,0,False,5.3143837717696085,,,,0,,
scan-fw-1a04dd4254fd7849,2026-09-17T22:30:01.708830Z,10000000,1648,6,3,upper,sha256:e574362ba1b87ea0aa3233b591a1fd97c78333087dcc36aa0cbc243697d0bc13,sha256:fcc7407b86f0c401486432bf0dbf871f8442b34f5c6d0c917b5cfaf0d9d5a927,1649519809160,1649521009160,9804687.5,True,False,13,0,False,5.688468620304424,,,,0,,
scan-fw-1a04dd4254fd7849,2026-09-17T22:30:01.708830Z,10000000,1797,2,3,lower,sha256:e574362ba1b87ea0aa3233b591a1fd97c78333087dcc36aa0cbc243697d0bc13,sha256:a6799d6be34eb2288cb3ee3dd0f9a6da73d0fc16abb003b4e58bbbdf68f89484,1649728868180,1649730068180,9804687.5,True,False,13,1,True,6.5022963914698835,6.5022963914698835,0.0,196066.66665519896,90,938.9948145947556,950.7717953139304
scan-fw-1a04dd4254fd7849,2026-09-17T22:30:01.708830Z,10000000,2081,3,4,lower,sha256:e574362ba1b87ea0aa3233b591a1fd97c78333087dcc36aa0cbc243697d0bc13,sha256:c3dc95ed9fac2f66cd11691798fd107006793e2922db418fdb692300e21be723,1650127334663,1650128534663,9804687.5,True,False,13,0,False,5.636377747974517,,,,0,,
scan-fw-1a877b7592593f44,2026-09-17T15:00:01.586508Z,10000000,603,0,1,lower,sha256:80089e0749f8e7fffdda5381fca8927f31bf93c2c40bd887f5eec77ddde69c67,sha256:0165cb9dee5d73f353d250208089bdac4c43adef51cbb775fb5b9b85d0d7f3cb,1001030419730,1001031619730,9804687.5,True,False,13,0,False,5.321980412803333,,,,0,,
scan-fw-1a877b7592593f44,2026-09-17T15:00:01.586508Z,10000000,764,5,2,upper,sha256:80089e0749f8e7fffdda5381fca8927f31bf93c2c40bd887f5eec77ddde69c67,sha256:211af86bab4fe7cb5d8c9106454afe8ba55a1e0810d4ca7d20e013e00b3d4d21,1001256281279,1001257481279,9804687.5,True,False,13,0,False,5.304737732329141,,,,0,,
scan-fw-1a877b7592593f44,2026-09-17T15:00:01.586508Z,10000000,765,4,1,upper,sha256:80089e0749f8e7fffdda5381fca8927f31bf93c2c40bd887f5eec77ddde69c67,sha256:211af86bab4fe7cb5d8c9106454afe8ba55a1e0810d4ca7d20e013e00b3d4d21,1001257682843,1001258882843,9804687.5,True,False,13,0,False,5.305040600732889,,,,0,,
scan-fw-1a877b7592593f44,2026-09-17T15:00:01.586508Z,10000000,902,2,3,lower,sha256:80089e0749f8e7fffdda5381fca8927f31bf93c2c40bd887f5eec77ddde69c67,sha256:27b772b6fc7434faa19fb1e842efce050de36284e886a0160cbba868f8c5dbe0,1001449904201,1001451104201,9804687.5,True,True,13,0,False,5.219398614552367,,,,0,,
scan-fw-1a877b7592593f44,2026-09-17T15:00:01.586508Z,10000000,963,3,4,lower,sha256:80089e0749f8e7fffdda5381fca8927f31bf93c2c40bd887f5eec77ddde69c67,sha256:0845faab74798c7b12e16b2956caff3d1cb8cd9fdb66ea039c12f0ec272c5988,1001535514241,1001536714241,9804687.5,True,False,13,0,False,5.7841939369029785,,,,0,,
scan-fw-1a877b7592593f44,2026-09-17T15:00:01.586508Z,10000000,970,6,3,upper,sha256:80089e0749f8e7fffdda5381fca8927f31bf93c2c40bd887f5eec77ddde69c67,sha256:0b91b54ba32fc00277266ac1cdb422e6199b4c0780bde62f465388227099bc93,1001545337714,1001546537714,9804687.5,True,False,13,0,False,5.380965030587453,,,,0,,
scan-fw-1a877b7592593f44,2026-09-17T15:00:01.586508Z,10000000,1630,7,4,upper,sha256:80089e0749f8e7fffdda5381fca8927f31bf93c2c40bd887f5eec77ddde69c67,sha256:fb12e4188d5b6e00c8d909e79debf32abf210093a57d6cea12a3c5c83f8fdfb9,1002471342755,1002472542755,9804687.5,True,False,13,0,False,5.306281922399694,,,,0,,
scan-fw-1b690eba8ad3fab9,2026-09-17T11:30:01.380177Z,10000000,146,7,4,upper,sha256:437d7e65d6d7fedcd0c7493df5a7217698c1d6d9642afc03b2c3e97831f66ad9,sha256:8d1c20a41cead02e5433a5bdf44b9a94548e64c3cb8f075e6be44ced12ad88d0,702268529345,702269729345,9804687.5,True,False,13,1,True,6.352022714231273,6.352022714231273,-400000.0,129133.3333323997,90,1150.4842846971242,1152.6923826339594
scan-fw-1b690eba8ad3fab9,2026-09-17T11:30:01.380177Z,10000000,536,1,2,lower,sha256:437d7e65d6d7fedcd0c7493df5a7217698c1d6d9642afc03b2c3e97831f66ad9,sha256:8a7a9ebc72bb3cc3bbc25dad26128742f50fc1ff581f03fd7e803c3386ecb14e,702815736545,702816936545,9804687.5,True,False,13,1,True,7.43402955303754,7.43402955303754,200000.0,1008433.3333299113,90,938.9926161264397,1012.014055332618
scan-fw-1b690eba8ad3fab9,2026-09-17T11:30:01.380177Z,10000000,748,3,4,lower,sha256:437d7e65d6d7fedcd0c7493df5a7217698c1d6d9642afc03b2c3e97831f66ad9,sha256:ebb967686802d193909b633c99de43cc502efc96c69c2e80d4173cfce5628e0b,703113171809,703114371809,9804687.5,True,False,13,1,True,7.640999090237569,7.640999090237569,200000.0,1190433.3333285586,90,918.7229097550647,907.2372353677945
scan-fw-1b690eba8ad3fab9,2026-09-17T11:30:01.380177Z,10000000,965,2,3,lower,sha256:437d7e65d6d7fedcd0c7493df5a7217698c1d6d9642afc03b2c3e97831f66ad9,sha256:298b9dba35c6f2a20099307da913288ae93687950f55a29b24ed0669a7c0eb05,703417657172,703418857172,9804687.5,True,False,13,0,False,5.556760141846004,,,,0,,
scan-fw-1b690eba8ad3fab9,2026-09-17T11:30:01.380177Z,10000000,1323,5,2,upper,sha256:437d7e65d6d7fedcd0c7493df5a7217698c1d6d9642afc03b2c3e97831f66ad9,sha256:54a934547d92490344dd27f20c2cd144cae687cb8ab4f402229cd135a24fa5bd,703919932631,703921132631,9804687.5,True,False,13,0,False,4.684157771341195,,,,0,,
scan-fw-1b690eba8ad3fab9,2026-09-17T11:30:01.380177Z,10000000,1482,4,1,upper,sha256:437d7e65d6d7fedcd0c7493df5a7217698c1d6d9642afc03b2c3e97831f66ad9,sha256:d11603d5f82bd94bff8c08e036d625389253bf9ac3c12bd96239437c0ec494d3,704143030361,704144230361,9804687.5,True,False,13,0,False,4.804590273205802,,,,0,,
scan-fw-1b690eba8ad3fab9,2026-09-17T11:30:01.380177Z,10000000,1668,0,1,lower,sha256:437d7e65d6d7fedcd0c7493df5a7217698c1d6d9642afc03b2c3e97831f66ad9,sha256:560e9a94886c9c00f765aefaa470d69b220b05ac1a054c37ac7a6e5cee6dc3f2,704404004870,704405204870,9804687.5,True,False,13,0,False,5.823284949696819,,,,0,,
scan-fw-1c8fa5dedf1b778b,2026-09-17T12:30:01.580773Z,10000000,12,4,1,upper,sha256:cd14827ac1f0ebf34b4f1d5755e3d303140070854e1f108bcf3c1c969468eac6,sha256:1696902534fb2d82be9631eae8bbf13e19e2fca5c7336df0bed86ad72b28d758,787371684728,787372884728,9804687.5,True,False,13,0,False,4.906426390761849,,,,0,,
scan-fw-1c8fa5dedf1b778b,2026-09-17T12:30:01.580773Z,10000000,596,0,1,lower,sha256:cd14827ac1f0ebf34b4f1d5755e3d303140070854e1f108bcf3c1c969468eac6,sha256:8bc5e08b5424bd13e7a5f1ffd25359c139ddc2fe2a19087454595c60cee1992f,788191101344,788192301344,9804687.5,True,False,13,0,False,5.847151842519669,,,,0,,
scan-fw-1c8fa5dedf1b778b,2026-09-17T12:30:01.580773Z,10000000,647,6,3,upper,sha256:cd14827ac1f0ebf34b4f1d5755e3d303140070854e1f108bcf3c1c969468eac6,sha256:eac4ebd4c6cb8bc9537d6b7e9f65c105014f3db9b3de09ec0a7399d5e70212d2,788262636848,788263836848,9804687.5,True,False,13,0,False,5.340098913039375,,,,0,,
scan-fw-1c8fa5dedf1b778b,2026-09-17T12:30:01.580773Z,10000000,681,2,3,lower,sha256:cd14827ac1f0ebf34b4f1d5755e3d303140070854e1f108bcf3c1c969468eac6,sha256:e0f6a3cbea7951463860067ce9fea63b829580825804011cec3fc38fc3e5300c,788310329252,788311529252,9804687.5,True,False,13,0,False,5.013173796798611,,,,0,,
scan-fw-1c8fa5dedf1b778b,2026-09-17T12:30:01.580773Z,10000000,723,3,4,lower,sha256:cd14827ac1f0ebf34b4f1d5755e3d303140070854e1f108bcf3c1c969468eac6,sha256:4744044dfce0878b2e21a00f35bc2a4760f6c4db28197e0e01a2f5d5b6eee8ca,788369248778,788370448778,9804687.5,True,False,13,0,False,5.665782556175291,,,,0,,
scan-fw-1c8fa5dedf1b778b,2026-09-17T12:30:01.580773Z,10000000,1167,1,2,lower,sha256:cd14827ac1f0ebf34b4f1d5755e3d303140070854e1f108bcf3c1c969468eac6,sha256:f3c458e67d665b167113d0827c5cfbbcf489fe77dabcf9aa8d513cdef2d67d0f,788992239611,788993439611,9804687.5,True,False,13,0,False,5.412903476546093,,,,0,,
scan-fw-1c8fa5dedf1b778b,2026-09-17T12:30:01.580773Z,10000000,1983,7,4,upper,sha256:cd14827ac1f0ebf34b4f1d5755e3d303140070854e1f108bcf3c1c969468eac6,sha256:b1f6ed2f8763890f8fef97099a7b5d957fee06d4be36064c5f252a1d90e76d37,790137087362,790138287362,9804687.5,True,False,13,0,False,5.018418927824195,,,,0,,
scan-fw-1e7edc9519445256,2026-09-17T14:20:01.294727Z,20000000,126,4,1,upper,sha256:88756b6c0e9d866ef88dfa970f95c75a9e6729f2f3f7006de437b4a505632052,sha256:7c6a60a89079dc971e0c50f9bbdb89c1fc0264d55084977c7d78a59346fe7f12,941801516930,941803916930,14804687.5,True,False,13,0,False,5.580522070820078,,,,0,,
scan-fw-1e7edc9519445256,2026-09-17T14:20:01.294727Z,20000000,168,0,1,lower,sha256:88756b6c0e9d866ef88dfa970f95c75a9e6729f2f3f7006de437b4a505632052,sha256:8e9b22cbb226b7a009da08660f74a64ec9aa4356882a0f5a24290591a79a8c8b,941919416087,941921816087,14804687.5,True,False,13,0,False,5.336244504209998,,,,0,,
scan-fw-1e7edc9519445256,2026-09-17T14:20:01.294727Z,20000000,236,1,2,lower,sha256:88756b6c0e9d866ef88dfa970f95c75a9e6729f2f3f7006de437b4a505632052,sha256:a0fb39866995057518526c38765714c3bfb4e9c747237d9d212897918783c9e0,942110388359,942112788359,14804687.5,True,False,13,0,False,5.051743700209291,,,,0,,
scan-fw-1e7edc9519445256,2026-09-17T14:20:01.294727Z,20000000,264,7,4,upper,sha256:88756b6c0e9d866ef88dfa970f95c75a9e6729f2f3f7006de437b4a505632052,sha256:fefd2534eaa27647fcbe78e00ab290dd626d16179835a22ca17204cf11a41aab,942188977652,942191377652,14804687.5,True,False,13,0,False,5.35347721581211,,,,0,,
scan-fw-1e7edc9519445256,2026-09-17T14:20:01.294727Z,20000000,753,2,3,lower,sha256:88756b6c0e9d866ef88dfa970f95c75a9e6729f2f3f7006de437b4a505632052,sha256:5083dc58886c947ecbe5bdd5f66eb475a3118510e13169b7b3175d814878a427,943561747121,943564147121,14804687.5,True,False,13,0,False,5.507400547606833,,,,0,,
scan-fw-1e7edc9519445256,2026-09-17T14:20:01.294727Z,20000000,783,5,2,upper,sha256:88756b6c0e9d866ef88dfa970f95c75a9e6729f2f3f7006de437b4a505632052,sha256:597745e9bfb940d698b1be3a0cc64a709e41ecdf020173b492a13ada8848c100,943645959782,943648359782,14804687.5,True,False,13,0,False,5.010956773938967,,,,0,,
scan-fw-1e7edc9519445256,2026-09-17T14:20:01.294727Z,20000000,1943,6,3,upper,sha256:88756b6c0e9d866ef88dfa970f95c75a9e6729f2f3f7006de437b4a505632052,sha256:5386add9bde4783357bef807f2c23a58464059083a727273d448c738fd8bedc3,946903399202,946905799202,14804687.5,True,False,13,1,True,6.5390530742848565,6.5390530742848565,-200000.0,471783.3333209217,90,1186.8174865476374,1175.6490524171827
scan-fw-1eb7b9ff15d2402d,2026-09-17T11:10:01.582671Z,15000000,94,0,1,lower,sha256:9841106956f31ab5e6d224439a6396822ae68a57a19e632e50cc92c705ce941f,sha256:046010fde574e9738c8527185b958f964db03fa0a7b4c86123ef8ac0f4516624,673390039051,673391839051,12304687.5,True,False,13,0,False,5.077686777775189,,,,0,,
scan-fw-1eb7b9ff15d2402d,2026-09-17T11:10:01.582671Z,15000000,364,7,4,upper,sha256:9841106956f31ab5e6d224439a6396822ae68a57a19e632e50cc92c705ce941f,sha256:44eea695fc25b6842bc5e369150ca9d1ac0f8181cabb88d9063333464ef89cb7,673958464864,673960264864,12304687.5,True,False,13,1,True,10.768970529029508,10.768970529029508,-200000.0,935133.3333333334,90,1050.8259545882343,1084.1636806701551
scan-fw-1eb7b9ff15d2402d,2026-09-17T11:10:01.582671Z,15000000,606,3,4,lower,sha256:9841106956f31ab5e6d224439a6396822ae68a57a19e632e50cc92c705ce941f,sha256:ab40b66231bdc83abf5ef132335785cd1d4d959c0fc0c0194c695b5033476209,674467819846,674469619846,12304687.5,True,False,13,0,False,5.042298041159826,,,,0,,
scan-fw-1eb7b9ff15d2402d,2026-09-17T11:10:01.582671Z,15000000,1386,6,3,upper,sha256:9841106956f31ab5e6d224439a6396822ae68a57a19e632e50cc92c705ce941f,sha256:a93215b026d6350ab82c85ad7c83ae816bc7482e47fcae4cd9a226bbe2ccb838,676109643157,676111443157,12304687.5,True,False,13,0,False,5.936749593233622,,,,0,,
scan-fw-1eb7b9ff15d2402d,2026-09-17T11:10:01.582671Z,15000000,1498,2,3,lower,sha256:9841106956f31ab5e6d224439a6396822ae68a57a19e632e50cc92c705ce941f,sha256:6d7af129d57d2661e99a895ff325a9603c5542718b58e41d6ae93fd8a8da61c7,676345304779,676347104779,12304687.5,True,False,13,0,False,5.448561981710003,,,,0,,
scan-fw-1eb7b9ff15d2402d,2026-09-17T11:10:01.582671Z,15000000,1863,1,2,lower,sha256:9841106956f31ab5e6d224439a6396822ae68a57a19e632e50cc92c705ce941f,sha256:264ca8af703217af1752cd9a18727355fcb53b41dd9f61e1c8c9c584d846ad9b,677113469239,677115269239,12304687.5,True,False,13,0,False,5.5567818485445075,,,,0,,
scan-fw-1eb7b9ff15d2402d,2026-09-17T11:10:01.582671Z,15000000,2132,4,1,upper,sha256:9841106956f31ab5e6d224439a6396822ae68a57a19e632e50cc92c705ce941f,sha256:8cfa890f5ebffc8df2fe6b8049d1c1bcb4b3e6b9fc5b88eef64d690bd97ce183,677679720103,677681520103,12304687.5,True,False,13,0,False,5.290935348865433,,,,0,,
scan-fw-21908ec249658ee2,2026-09-17T11:00:01.368191Z,10000000,128,4,1,upper,sha256:b9f1d565b70b61bf16d84987e21fcd5ee1342550d4a6e5fe6d092facdc67b3c0,sha256:f119150a80a1d23d21df2b3eb8b68ac50e839a19e07b0db88f2722ec58d26302,661181588423,661182788423,9804687.5,True,False,13,0,False,4.773778125497774,,,,0,,
scan-fw-21908ec249658ee2,2026-09-17T11:00:01.368191Z,10000000,241,6,3,upper,sha256:b9f1d565b70b61bf16d84987e21fcd5ee1342550d4a6e5fe6d092facdc67b3c0,sha256:3e1588442fde83e8cea7e5e0c76f4ee1139b7d9d81fc9683b6242492e990e15e,661340115305,661341315305,9804687.5,True,False,13,0,False,5.100717918965575,,,,0,,
scan-fw-21908ec249658ee2,2026-09-17T11:00:01.368191Z,10000000,355,2,3,lower,sha256:b9f1d565b70b61bf16d84987e21fcd5ee1342550d4a6e5fe6d092facdc67b3c0,sha256:91b7cbaae553ddce875532290dd50518c0ddab28ca225d6fff293b3ca5a068f1,661500057146,661501257146,9804687.5,True,False,13,0,False,5.519456316301105,,,,0,,
scan-fw-21908ec249658ee2,2026-09-17T11:00:01.368191Z,10000000,785,7,4,upper,sha256:b9f1d565b70b61bf16d84987e21fcd5ee1342550d4a6e5fe6d092facdc67b3c0,sha256:0d345f76b5b1d4274a933c272d898eac65a2057a09852733566b90c819bc43d5,662103384026,662104584026,9804687.5,True,False,13,0,False,5.075904916254119,,,,0,,
scan-fw-21908ec249658ee2,2026-09-17T11:00:01.368191Z,10000000,972,0,1,lower,sha256:b9f1d565b70b61bf16d84987e21fcd5ee1342550d4a6e5fe6d092facdc67b3c0,sha256:aad95e129a48b04445622310e26b749f00b8ac4a2d9c02e6375e9a5e568841b7,662365747454,662366947454,9804687.5,True,False,13,0,False,5.15373605549203,,,,0,,
scan-fw-21908ec249658ee2,2026-09-17T11:00:01.368191Z,10000000,1794,3,4,lower,sha256:b9f1d565b70b61bf16d84987e21fcd5ee1342550d4a6e5fe6d092facdc67b3c0,sha256:3d9ab83a9c340e003da78fc10f983435f44aa050e6765a946b99da784d635972,663519079541,663520279541,9804687.5,True,False,13,0,False,4.926070259806695,,,,0,,
scan-fw-21908ec249658ee2,2026-09-17T11:00:01.368191Z,10000000,2094,5,2,upper,sha256:b9f1d565b70b61bf16d84987e21fcd5ee1342550d4a6e5fe6d092facdc67b3c0,sha256:0d1b8593d20576d1d884a3f6650e79f19614078fb3dbee7f055a543351890d8c,663939992183,663941192183,9804687.5,True,False,13,0,False,5.171324497281664,,,,0,,
scan-fw-22b118f8048f0441,2026-09-17T23:40:01.291439Z,15000000,720,7,4,upper,sha256:098bcabc6860bc1574c628f6fbbe69c626c99465eca0320f1ed9b54963f278b8,sha256:9aa6649cac62a349907549c8b621cea8befe9265d6d43c7c8ebff722e011f80d,1749355493732,1749357293732,12304687.5,True,False,13,0,False,5.015996855536703,,,,0,,
scan-fw-22b118f8048f0441,2026-09-17T23:40:01.291439Z,15000000,923,0,1,lower,sha256:098bcabc6860bc1574c628f6fbbe69c626c99465eca0320f1ed9b54963f278b8,sha256:29a624ffa8bddfe0886f7bf762d6fc9b8f0f4cd1310e1463256ef5c84d18f389,1749782737844,1749784537844,12304687.5,True,False,13,0,False,5.228034616982833,,,,0,,
scan-fw-22b118f8048f0441,2026-09-17T23:40:01.291439Z,15000000,1285,1,2,lower,sha256:098bcabc6860bc1574c628f6fbbe69c626c99465eca0320f1ed9b54963f278b8,sha256:5a26de77855536493075de620b3c16f4bd34f53beeb197171230e97497061e9f,1750544602229,1750546402229,12304687.5,True,False,13,0,False,5.50782847407487,,,,0,,
scan-fw-22b118f8048f0441,2026-09-17T23:40:01.291439Z,15000000,1580,6,3,upper,sha256:098bcabc6860bc1574c628f6fbbe69c626c99465eca0320f1ed9b54963f278b8,sha256:2c1105a6445a0d7871e93941c8e07c12442ae9931c6c7233912b8974df4b617c,1751165547689,1751167347689,12304687.5,True,False,13,0,False,4.86603660340792,,,,0,,
scan-fw-22b118f8048f0441,2026-09-17T23:40:01.291439Z,15000000,1675,4,1,upper,sha256:098bcabc6860bc1574c628f6fbbe69c626c99465eca0320f1ed9b54963f278b8,sha256:65f59bb86106ffbff4c73cee7f095d68b1d77ed580aaa3ef6fdd3555a11b3483,1751365455287,1751367255287,12304687.5,True,False,13,0,False,4.807697007928052,,,,0,,
scan-fw-22b118f8048f0441,2026-09-17T23:40:01.291439Z,15000000,1828,2,3,lower,sha256:098bcabc6860bc1574c628f6fbbe69c626c99465eca0320f1ed9b54963f278b8,sha256:502c5f80c96036a361a6c8750e484310954fb041faf9e758b12ce15ba60a49cf,1751687540093,1751689340093,12304687.5,True,False,13,0,False,4.622452571639432,,,,0,,
scan-fw-22b118f8048f0441,2026-09-17T23:40:01.291439Z,15000000,2127,5,2,upper,sha256:098bcabc6860bc1574c628f6fbbe69c626c99465eca0320f1ed9b54963f278b8,sha256:633d18536e1c6080415e0f1e7aa7ec78ffe5d310469c102b6cfadf15e24012ec,1752316826306,1752318626306,12304687.5,True,False,13,0,False,5.04574218408496,,,,0,,
scan-fw-243a58c567f74f48,2026-09-17T21:00:01.315385Z,10000000,897,4,1,upper,sha256:227c399d8aede3453dee764b033ffde37e4482429e7c5289c4895d726d3f8cb8,sha256:38e2914ab237a5b5a23b0c0080e046c06a7ed0539e859c21fdac4758ca0f0f3f,1522163969652,1522165169652,9804687.5,True,True,13,0,False,4.952068953034304,,,,0,,
scan-fw-243a58c567f74f48,2026-09-17T21:00:01.315385Z,10000000,914,6,3,upper,sha256:227c399d8aede3453dee764b033ffde37e4482429e7c5289c4895d726d3f8cb8,sha256:477e092f0d12919a0d91335f7c3d487cfe671f2f53e787aceefdb0d850ee7c03,1522187820486,1522189020486,9804687.5,True,False,13,0,False,5.524303205147054,,,,0,,
scan-fw-243a58c567f74f48,2026-09-17T21:00:01.315385Z,10000000,1132,1,2,lower,sha256:227c399d8aede3453dee764b033ffde37e4482429e7c5289c4895d726d3f8cb8,sha256:19f9bb34f70dc57143ace1f008aac20be73523eeeae88c37be055a6773b4931f,1522493720349,1522494920349,9804687.5,True,False,13,0,False,5.437303930328889,,,,0,,
scan-fw-243a58c567f74f48,2026-09-17T21:00:01.315385Z,10000000,1515,0,1,lower,sha256:227c399d8aede3453dee764b033ffde37e4482429e7c5289c4895d726d3f8cb8,sha256:b4d212d6366a532022f0310db7c148fc81c41b9e0ecdaba7767436e86caf616f,1523031046260,1523032246260,9804687.5,True,False,13,0,False,4.83221715245716,,,,0,,
scan-fw-243a58c567f74f48,2026-09-17T21:00:01.315385Z,10000000,1686,7,4,upper,sha256:227c399d8aede3453dee764b033ffde37e4482429e7c5289c4895d726d3f8cb8,sha256:650c4c9b1c2ac3a52f163630e725f82b54c0ed1684cfbe66f72adb69931e30c6,1523271002010,1523272202010,9804687.5,True,False,13,1,True,8.064607576785827,8.064607576785827,-200000.0,626166.6666559075,90,984.4299149658061,926.5392875296454
scan-fw-243a58c567f74f48,2026-09-17T21:00:01.315385Z,10000000,1755,5,2,upper,sha256:227c399d8aede3453dee764b033ffde37e4482429e7c5289c4895d726d3f8cb8,sha256:6bf43a06a6868eba64896576fb511716343ff63ed28d389888356aa9619c3407,1523367816636,1523369016636,9804687.5,True,False,13,1,True,14.683102059922248,14.683102059922248,-200000.0,624633.3333221339,90,847.7937052973083,840.1903822617754
scan-fw-243a58c567f74f48,2026-09-17T21:00:01.315385Z,10000000,2105,2,3,lower,sha256:227c399d8aede3453dee764b033ffde37e4482429e7c5289c4895d726d3f8cb8,sha256:4b37549b95dc3f8093919f6e42318ad9d863146e2deaaeed8b78c23210d4e07d,1523858936910,1523860136910,9804687.5,True,False,13,0,False,5.039663303407958,,,,0,,
scan-fw-2527f988a321cc59,2026-09-17T12:10:01.534135Z,15000000,197,2,3,lower,sha256:4672b7c87ce4d9561a8095296ca949789ce4a201ee8a8727a35b99e151954986,sha256:451b0b0c1c3bbeea1d62a3124a3ba3fb69bb7ee3da7015aeac8323f099ff3376,758891785580,758893585580,12304687.5,True,False,13,0,False,5.4904833296853806,,,,0,,
scan-fw-2527f988a321cc59,2026-09-17T12:10:01.534135Z,15000000,225,5,2,upper,sha256:4672b7c87ce4d9561a8095296ca949789ce4a201ee8a8727a35b99e151954986,sha256:9eb97ac44c31d33dd8e5cc22871bc044ea8e961b3fc84a4416c46c4a703ecfe6,758950718237,758952518237,12304687.5,True,False,13,0,False,5.0425449542607295,,,,0,,
scan-fw-2527f988a321cc59,2026-09-17T12:10:01.534135Z,15000000,333,3,4,lower,sha256:4672b7c87ce4d9561a8095296ca949789ce4a201ee8a8727a35b99e151954986,sha256:64cf3c502467eee042479657b2840f11e6ba80fd3350b281a658fedd4d621bb1,759177999926,759179799926,12304687.5,True,False,13,0,False,5.472044207367171,,,,0,,
scan-fw-2527f988a321cc59,2026-09-17T12:10:01.534135Z,15000000,417,6,3,upper,sha256:4672b7c87ce4d9561a8095296ca949789ce4a201ee8a8727a35b99e151954986,sha256:96f125c3ef8160635313d0d2c3286a7aecf48ce20ae08b9fd56a49ac22493721,759354780590,759356580590,12304687.5,True,False,13,0,False,5.050966583267034,,,,0,,
scan-fw-2527f988a321cc59,2026-09-17T12:10:01.534135Z,15000000,846,7,4,upper,sha256:4672b7c87ce4d9561a8095296ca949789ce4a201ee8a8727a35b99e151954986,sha256:99b35b5fdecfb651d974d73d9872eafaad45a1c8d972b3d19e63c12eb6a37460,760257583622,760259383622,12304687.5,True,False,13,0,False,5.193800961452394,,,,0,,
scan-fw-2527f988a321cc59,2026-09-17T12:10:01.534135Z,15000000,1467,1,2,lower,sha256:4672b7c87ce4d9561a8095296ca949789ce4a201ee8a8727a35b99e151954986,sha256:6d0b1295d37d8f9d34d5a2ce3180be66c9caddc520737ad1b50c7f1cf034778e,761564468585,761566268585,12304687.5,True,False,13,0,False,5.032185690362961,,,,0,,
scan-fw-2527f988a321cc59,2026-09-17T12:10:01.534135Z,15000000,2078,0,1,lower,sha256:4672b7c87ce4d9561a8095296ca949789ce4a201ee8a8727a35b99e151954986,sha256:c315b309d6f1db9bec065eb7b7ff5b89ed691c7bf646eafa54dce9203916ae76,762850400810,762852200810,12304687.5,True,False,13,0,False,5.134268943635443,,,,0,,
scan-fw-2bffdce1ac68a499,2026-09-17T22:10:15.513195Z,15000000,7,3,4,lower,sha256:ab001825108e9cc5af09e998f4a16e690c1da093405f22fdff6f2a4d71ffdabe,sha256:bd6461d488f11d6e2055035c1bddaf15bc04071e76ad046e2a2ee95b53efc4b3,1618796694150,1618798494150,12304687.5,True,False,13,1,True,7.720954324255522,7.720954324255522,0.0,1098533.3333333335,90,1088.5966518134337,1127.7937322239409
scan-fw-2bffdce1ac68a499,2026-09-17T22:10:15.513195Z,15000000,98,2,3,lower,sha256:ab001825108e9cc5af09e998f4a16e690c1da093405f22fdff6f2a4d71ffdabe,sha256:ad88aa3fd83955a6b7837167bee38992f5ccb71b4838b7bd76494e41f45bd01e,1618988157621,1618989957621,12304687.5,True,False,13,0,False,5.487616720212777,,,,0,,
scan-fw-2bffdce1ac68a499,2026-09-17T22:10:15.513195Z,15000000,662,4,1,upper,sha256:ab001825108e9cc5af09e998f4a16e690c1da093405f22fdff6f2a4d71ffdabe,sha256:9c8a6a339b0412b4a0df4bb9a719ee1496aa330a21a94d3bb100c6b47323767c,1620175254561,1620177054561,12304687.5,True,False,13,0,False,5.071467437616799,,,,0,,
scan-fw-2bffdce1ac68a499,2026-09-17T22:10:15.513195Z,15000000,859,5,2,upper,sha256:ab001825108e9cc5af09e998f4a16e690c1da093405f22fdff6f2a4d71ffdabe,sha256:f37156aaebf0ebb8a11be52e7e06bc463b572acd6d36de8f49deeb7b2ec1c606,1620589904445,1620591704445,12304687.5,True,True,13,0,False,5.031886470814672,,,,0,,
scan-fw-2bffdce1ac68a499,2026-09-17T22:10:15.513195Z,15000000,998,0,1,lower,sha256:ab001825108e9cc5af09e998f4a16e690c1da093405f22fdff6f2a4d71ffdabe,sha256:777be9b3e5a8953962ade6141124a553d197b25da24352974167b741641f320a,1620882402315,1620884202315,12304687.5,True,False,13,0,False,5.1409865917352695,,,,0,,
scan-fw-2bffdce1ac68a499,2026-09-17T22:10:15.513195Z,15000000,1051,1,2,lower,sha256:ab001825108e9cc5af09e998f4a16e690c1da093405f22fdff6f2a4d71ffdabe,sha256:9448f968bcba343954a12a8665db8eef8eb1c837936912e9618ce5bc0df62e16,1620993940731,1620995740731,12304687.5,True,False,13,0,False,5.19288715147158,,,,0,,
scan-fw-2bffdce1ac68a499,2026-09-17T22:10:15.513195Z,15000000,1089,7,4,upper,sha256:ab001825108e9cc5af09e998f4a16e690c1da093405f22fdff6f2a4d71ffdabe,sha256:4538ce90239c83ca9b5c86bec5c2cd39989011ada9c9f1f3570443082c9ecf42,1621073913018,1621075713018,12304687.5,True,False,13,0,False,5.316496824114968,,,,0,,
scan-fw-31415115acbbe1eb,2026-09-17T18:40:01.678108Z,15000000,177,7,4,upper,sha256:49ee17855bb56ef6eac37e769584018ace82cbbcee32b4b10b2b7b0a393cd50a,sha256:7b1c13be9a464388916be7cfce29517d6b887a39ce13686faa596c07d155e5b2,1321887407313,1321889207313,12304687.5,True,False,13,2,True,10.059101409404015,10.059101409404015,0.0,580866.6666666666,90,734.7297465252071,740.5138658795717
scan-fw-31415115acbbe1eb,2026-09-17T18:40:01.678108Z,15000000,767,1,2,lower,sha256:49ee17855bb56ef6eac37e769584018ace82cbbcee32b4b10b2b7b0a393cd50a,sha256:2329191d37e3a496006eb462b153bd3a239d1438b27252f6cf87ba19b585011a,1323129129831,1323130929831,12304687.5,True,False,13,0,False,5.169962096298539,,,,0,,
scan-fw-31415115acbbe1eb,2026-09-17T18:40:01.678108Z,15000000,1199,3,4,lower,sha256:49ee17855bb56ef6eac37e769584018ace82cbbcee32b4b10b2b7b0a393cd50a,sha256:bbcb241478c627f235791f76dd3d585d64e266bd005ea0fd8e99a7201ec5040e,1324038283830,1324040083830,12304687.5,True,False,13,0,False,5.478177201072281,,,,0,,
scan-fw-31415115acbbe1eb,2026-09-17T18:40:01.678108Z,15000000,1417,5,2,upper,sha256:49ee17855bb56ef6eac37e769584018ace82cbbcee32b4b10b2b7b0a393cd50a,sha256:b22f0602c02053c42c7d7577498018bafcbc5185130d7944187ae82e6eae0524,1324497139458,1324498939458,12304687.5,True,False,13,0,False,5.221897934136923,,,,0,,
scan-fw-31415115acbbe1eb,2026-09-17T18:40:01.678108Z,15000000,1877,6,3,upper,sha256:49ee17855bb56ef6eac37e769584018ace82cbbcee32b4b10b2b7b0a393cd50a,sha256:1b7b2212af13c41305cd64a1404855e09590baa7fd5ef490a9276cc0028f32f3,1325465272368,1325467072368,12304687.5,True,False,13,3,True,33.93816835948177,33.93816835948177,-200000.0,1005599.9999999999,90,888.3189961690405,989.3164564439029
scan-fw-31415115acbbe1eb,2026-09-17T18:40:01.678108Z,15000000,1879,2,3,lower,sha256:49ee17855bb56ef6eac37e769584018ace82cbbcee32b4b10b2b7b0a393cd50a,sha256:1b7b2212af13c41305cd64a1404855e09590baa7fd5ef490a9276cc0028f32f3,1325469476874,1325471276874,12304687.5,True,False,13,3,True,30.00844976165507,30.00844976165507,0.0,1005666.6666666666,90,892.2693384542151,922.6683736538085
scan-fw-31415115acbbe1eb,2026-09-17T18:40:01.678108Z,15000000,2033,4,1,upper,sha256:49ee17855bb56ef6eac37e769584018ace82cbbcee32b4b10b2b7b0a393cd50a,sha256:546f73b6cdb37f5cc043480f12f88d7ed325eb4419132579a78db7e73f3cc989,1325793596907,1325795396907,12304687.5,True,False,13,0,False,4.834799903510643,,,,0,,
scan-fw-36922603b4fbdc90,2026-09-17T19:30:01.595232Z,10000000,277,3,4,lower,sha256:6fef40075e4a6a9bfec98b5e93e0240dc6412919045795646393afc715a97044,sha256:26ab5195b7182aeaae591161cf7c9d4efb7b2aa834f81c77faedeea8db534504,1395001698440,1395002898440,9804687.5,True,False,13,0,False,5.157584816934773,,,,0,,
scan-fw-36922603b4fbdc90,2026-09-17T19:30:01.595232Z,10000000,644,1,2,lower,sha256:6fef40075e4a6a9bfec98b5e93e0240dc6412919045795646393afc715a97044,sha256:4ba1ca83391f9b00e1f65e1a5bb5e3bf61782b3c21a0722fa8e5c0f6d2274e91,1395516611636,1395517811636,9804687.5,True,False,13,0,False,4.91334350282153,,,,0,,
scan-fw-36922603b4fbdc90,2026-09-17T19:30:01.595232Z,10000000,694,4,1,upper,sha256:6fef40075e4a6a9bfec98b5e93e0240dc6412919045795646393afc715a97044,sha256:baae306038494f6d20afdbb038d811129c0e4132f995b48497bf0ccc4ed30d83,1395586765616,1395587965616,9804687.5,True,False,13,1,True,6.052303630219763,6.052303630219763,600000.0,1256366.666662237,90,1078.539052876741,1032.1968719978797
scan-fw-36922603b4fbdc90,2026-09-17T19:30:01.595232Z,10000000,1112,7,4,upper,sha256:6fef40075e4a6a9bfec98b5e93e0240dc6412919045795646393afc715a97044,sha256:d76ade4b4a855fa960de409ef328a27f1055608c50410633cedc2ad27a27b034,1396173241433,1396174441433,9804687.5,True,False,14,2,True,13.025493143198817,13.025493143198817,-200000.0,1030666.66665957,90,1055.3038837073454,1040.6820832326543
scan-fw-36922603b4fbdc90,2026-09-17T19:30:01.595232Z,10000000,1691,0,1,lower,sha256:6fef40075e4a6a9bfec98b5e93e0240dc6412919045795646393afc715a97044,sha256:994ae041b5654ed32bde517c9a63ae56c3cafcc3184d86f048d3a98a974353f9,1396985679908,1396986879908,9804687.5,True,False,13,0,False,5.7581377667909575,,,,0,,
scan-fw-36922603b4fbdc90,2026-09-17T19:30:01.595232Z,10000000,1728,2,3,lower,sha256:6fef40075e4a6a9bfec98b5e93e0240dc6412919045795646393afc715a97044,sha256:59a64d8b1a7b3f01ca4497b51cc2b9cdb1a2a93c3dce19cfacb306136ac65ca2,1397037613700,1397038813700,9804687.5,True,False,13,0,False,5.508985619578742,,,,0,,
scan-fw-36922603b4fbdc90,2026-09-17T19:30:01.595232Z,10000000,1854,5,2,upper,sha256:6fef40075e4a6a9bfec98b5e93e0240dc6412919045795646393afc715a97044,sha256:31de094ce7673f5aac76884c99040bf70408583c1ceb63c0e6c4478a8f757a64,1397214396458,1397215596458,9804687.5,True,False,13,1,True,6.064131015873115,6.064131015873115,600000.0,1200399.9999881687,90,1084.3622103485384,1106.6679068151284
scan-fw-369d9f3f7741d36e,2026-09-17T11:40:01.271521Z,15000000,170,6,3,upper,sha256:178e930b3236ac232050e6a4b28005f63961c3ec39a5784efe2dacbf0aafafdb,sha256:d2aac2e5f331e1d48d8816f9f4476438af374210f9e23ec7fc6446b711df7336,714601324168,714603124168,12304687.5,True,False,13,1,True,11.205496190487708,11.205496190487708,-200000.0,312133.3333333334,90,1084.6804673971,1175.652019716163
scan-fw-369d9f3f7741d36e,2026-09-17T11:40:01.271521Z,15000000,291,5,2,upper,sha256:178e930b3236ac232050e6a4b28005f63961c3ec39a5784efe2dacbf0aafafdb,sha256:9b6273eadf80bbb1aac836f137dbfc64a3a0c35b42260385e6c1916f30ef6648,714856045180,714857845180,12304687.5,True,False,13,0,False,4.99849242221392,,,,0,,
scan-fw-369d9f3f7741d36e,2026-09-17T11:40:01.271521Z,15000000,755,2,3,lower,sha256:178e930b3236ac232050e6a4b28005f63961c3ec39a5784efe2dacbf0aafafdb,sha256:eb1a113c64e8e10c72e57af12fe7540f19f943b979fdbaac52f171a9727caee2,715832584849,715834384849,12304687.5,True,False,13,1,True,6.002328724753922,6.002328724753922,-600000.0,1289533.3333333335,90,1164.3363729480498,1123.3576160070502
scan-fw-369d9f3f7741d36e,2026-09-17T11:40:01.271521Z,15000000,1262,4,1,upper,sha256:178e930b3236ac232050e6a4b28005f63961c3ec39a5784efe2dacbf0aafafdb,sha256:8cb7a1c450edfd779973247dad45b35487620691f119279e069f6ed2d97eb081,716899638646,716901438646,12304687.5,True,False,13,0,False,5.487389524589604,,,,0,,
scan-fw-369d9f3f7741d36e,2026-09-17T11:40:01.271521Z,15000000,1337,1,2,lower,sha256:178e930b3236ac232050e6a4b28005f63961c3ec39a5784efe2dacbf0aafafdb,sha256:3137c5dcc65966a3a6f272767625e03a5987ad01f32a264e7d69363176046907,717057477793,717059277793,12304687.5,True,False,13,0,False,4.96976634197711,,,,0,,
scan-fw-369d9f3f7741d36e,2026-09-17T11:40:01.271521Z,15000000,1446,0,1,lower,sha256:178e930b3236ac232050e6a4b28005f63961c3ec39a5784efe2dacbf0aafafdb,sha256:9b9afe50547cd858253696028e39f97ea96b84e3c02b2bac16ab8862832c56af,717286919581,717288719581,12304687.5,True,False,13,0,False,4.829101322891944,,,,0,,
scan-fw-369d9f3f7741d36e,2026-09-17T11:40:01.271521Z,15000000,1621,7,4,upper,sha256:178e930b3236ac232050e6a4b28005f63961c3ec39a5784efe2dacbf0aafafdb,sha256:ccdcd43e65b595e22c3cd2389971704e5cf6212bdbb6d019cc31734c04153017,717655234963,717657034963,12304687.5,True,False,13,0,False,5.542505285009311,,,,0,,
scan-fw-3b4b781c31aeee7e,2026-09-17T13:00:01.386354Z,10000000,390,2,3,lower,sha256:eb340016013002e1674e37da7a8d39edc3ee4562321d3accb12f4b94294ce02b,sha256:0a1c23b0f523d36cd9eacae62cc4fb64c6cf9426022c01259bb0a338b654b5f1,831681036966,831682236966,9804687.5,True,False,13,0,False,5.105548020054975,,,,0,,
scan-fw-3b4b781c31aeee7e,2026-09-17T13:00:01.386354Z,10000000,769,5,2,upper,sha256:eb340016013002e1674e37da7a8d39edc3ee4562321d3accb12f4b94294ce02b,sha256:d8363b8427aa8a98416f0d6c033eb82fe758bed2d2552ae4b356b26c5acae118,832212781470,832213981470,9804687.5,True,False,13,0,False,5.237874917820806,,,,0,,
scan-fw-3b4b781c31aeee7e,2026-09-17T13:00:01.386354Z,10000000,1531,0,1,lower,sha256:eb340016013002e1674e37da7a8d39edc3ee4562321d3accb12f4b94294ce02b,sha256:e9e5150bf038a5843896c4da5ee9ed7faa960210efb0b403ab013dd59f976878,833281851984,833283051984,9804687.5,True,False,13,0,False,4.9310120755106785,,,,0,,
scan-fw-3b4b781c31aeee7e,2026-09-17T13:00:01.386354Z,10000000,1565,1,2,lower,sha256:eb340016013002e1674e37da7a8d39edc3ee4562321d3accb12f4b94294ce02b,sha256:a6e8e1e5c7a674b6a1f79175d931f73a6bd625f567a3f3ad8f3e3abbcd964dae,833329576977,833330776977,9804687.5,True,False,13,0,False,5.237500183922093,,,,0,,
scan-fw-3b4b781c31aeee7e,2026-09-17T13:00:01.386354Z,10000000,1616,6,3,upper,sha256:eb340016013002e1674e37da7a8d39edc3ee4562321d3accb12f4b94294ce02b,sha256:55f8ad88bcdc07c7dd08fda642fdc9038bbafc877e045782fe8c619d7c373e0d,833401145259,833402345259,9804687.5,True,False,13,0,False,5.004981475637411,,,,0,,
scan-fw-3b4b781c31aeee7e,2026-09-17T13:00:01.386354Z,10000000,2089,4,1,upper,sha256:eb340016013002e1674e37da7a8d39edc3ee4562321d3accb12f4b94294ce02b,sha256:8da24db13aed4f28760a88e39fc235e3ff28d3062a877ead94d8d4793951c41b,834064785747,834065985747,9804687.5,True,False,13,0,False,5.139936067640343,,,,0,,
scan-fw-3b4b781c31aeee7e,2026-09-17T13:00:01.386354Z,10000000,2094,7,4,upper,sha256:eb340016013002e1674e37da7a8d39edc3ee4562321d3accb12f4b94294ce02b,sha256:8da24db13aed4f28760a88e39fc235e3ff28d3062a877ead94d8d4793951c41b,834071799264,834072999264,9804687.5,True,False,13,0,False,4.911520797436195,,,,0,,
scan-fw-3b7ab0ade03b6679,2026-09-17T16:00:01.643455Z,10000000,6,6,3,upper,sha256:654b226cd3d7de43cc02aacb7164ddf38581b39e718f94482e5f61ced52815c4,sha256:7f8b5889f2b3cb83f46491a61f427f1396ffd02b0b02c74e3d24edd1a492650c,1085477886501,1085479086501,9804687.5,True,False,13,0,False,5.49261719100786,,,,0,,
scan-fw-3b7ab0ade03b6679,2026-09-17T16:00:01.643455Z,10000000,702,3,4,lower,sha256:654b226cd3d7de43cc02aacb7164ddf38581b39e718f94482e5f61ced52815c4,sha256:948f787ec2324f9fea5a650e20f19dd38de9822c429bbcdc688626bc3b899905,1086454427859,1086455627859,9804687.5,True,False,13,0,False,5.180064357676505,,,,0,,
scan-fw-3b7ab0ade03b6679,2026-09-17T16:00:01.643455Z,10000000,767,4,1,upper,sha256:654b226cd3d7de43cc02aacb7164ddf38581b39e718f94482e5f61ced52815c4,sha256:5de1caad9b598e91cdadfb74bd31918ad0e7be889fad02be8ac3d41366985cd2,1086545626293,1086546826293,9804687.5,True,False,13,1,True,7.344168032870968,7.344168032870968,-200000.0,926633.3333284372,90,1053.0720864459513,1213.1945358418614
scan-fw-3b7ab0ade03b6679,2026-09-17T16:00:01.643455Z,10000000,1449,2,3,lower,sha256:654b226cd3d7de43cc02aacb7164ddf38581b39e718f94482e5f61ced52815c4,sha256:965f25f806c1e5a391077edf5081735e5f28cd6c1b1e1a6e59f1a7f96ba05b18,1087502466393,1087503666393,9804687.5,True,False,13,0,False,4.886884897929774,,,,0,,
scan-fw-3b7ab0ade03b6679,2026-09-17T16:00:01.643455Z,10000000,1608,7,4,upper,sha256:654b226cd3d7de43cc02aacb7164ddf38581b39e718f94482e5f61ced52815c4,sha256:0c376bc4dfa080646e526fb69dd67ab8031f0f292bada9828c08745330741b5d,1087725524424,1087726724424,9804687.5,True,False,13,0,False,4.661427948668054,,,,0,,
scan-fw-3b7ab0ade03b6679,2026-09-17T16:00:01.643455Z,10000000,1668,1,2,lower,sha256:654b226cd3d7de43cc02aacb7164ddf38581b39e718f94482e5f61ced52815c4,sha256:6c636b7b63791f1300cd3a3d6463f7f778d9000e4d098d970ac15b76ee4aa8e1,1087809718074,1087810918074,9804687.5,True,False,13,0,False,5.051240672307649,,,,0,,
scan-fw-3b7ab0ade03b6679,2026-09-17T16:00:01.643455Z,10000000,1980,5,2,upper,sha256:654b226cd3d7de43cc02aacb7164ddf38581b39e718f94482e5f61ced52815c4,sha256:bad2d58029f73a659c7a4b8e1ea91fe20563082e10e3753793b238abd28b5bcd,1088247500343,1088248700343,9804687.5,True,False,13,0,False,5.8753133410068275,,,,0,,
scan-fw-3c965db47d95e0db,2026-09-17T11:20:05.328120Z,20000000,291,1,2,lower,sha256:22d40af3eedb3e2d91802a61afed8f70221ba9e9fc79b84725c92caf5610ec64,sha256:6ed0de800ebcc5eaffde6139d9c9233d16712a34d583f677a7be16c0ad70d118,687819326560,687821726560,14804687.5,True,False,13,1,True,6.277596809837889,6.277596809837889,200000.0,611316.6666648014,90,1157.4934666588938,1177.8895333085873
scan-fw-3c965db47d95e0db,2026-09-17T11:20:05.328120Z,20000000,363,7,4,upper,sha256:22d40af3eedb3e2d91802a61afed8f70221ba9e9fc79b84725c92caf5610ec64,sha256:93d5184a08bdd18a3598bbdcf5062023f198f197432914a511dc3506af577040,688021474522,688023874522,14804687.5,True,False,13,0,False,5.303026621914434,,,,0,,
scan-fw-3c965db47d95e0db,2026-09-17T11:20:05.328120Z,20000000,912,4,1,upper,sha256:22d40af3eedb3e2d91802a61afed8f70221ba9e9fc79b84725c92caf5610ec64,sha256:ca4641734e52fb24bd10841c9fb639baafbae2f766cddf731a91873eb260fade,689562849763,689565249763,14804687.5,True,True,13,1,True,6.02569494517113,6.02569494517113,200000.0,1058366.6666608371,90,1140.891205544665,1332.6998347883284
scan-fw-3c965db47d95e0db,2026-09-17T11:20:05.328120Z,20000000,1149,3,4,lower,sha256:22d40af3eedb3e2d91802a61afed8f70221ba9e9fc79b84725c92caf5610ec64,sha256:67ced4eced5c82174ee31812b80adac0097ccb3959cf08e3930494af2af682cc,690228309250,690230709250,14804687.5,True,False,13,0,False,4.9217172893725625,,,,0,,
scan-fw-3c965db47d95e0db,2026-09-17T11:20:05.328120Z,20000000,1665,6,3,upper,sha256:22d40af3eedb3e2d91802a61afed8f70221ba9e9fc79b84725c92caf5610ec64,sha256:ddbd10b9be4a31b7253890d9e21035406358b417f3a9400543732ec3f23fe8b6,691677060622,691679460622,14804687.5,True,False,13,0,False,5.189887715745756,,,,0,,
scan-fw-3c965db47d95e0db,2026-09-17T11:20:05.328120Z,20000000,1780,0,1,lower,sha256:22d40af3eedb3e2d91802a61afed8f70221ba9e9fc79b84725c92caf5610ec64,sha256:a685a1ad6cfdea4b537cddb3bcf4fbdf736ace095dabeba3f0dba0260a2b0179,691999950694,692002350694,14804687.5,True,False,13,0,False,5.774757905804436,,,,0,,
scan-fw-3c965db47d95e0db,2026-09-17T11:20:05.328120Z,20000000,1868,5,2,upper,sha256:22d40af3eedb3e2d91802a61afed8f70221ba9e9fc79b84725c92caf5610ec64,sha256:d6c17c81977f74abf64e230b6b4ef0a31ccc18f11ae05a6607ffde1315b286fb,692247000280,692249400280,14804687.5,True,False,13,0,False,5.037392435577957,,,,0,,
scan-fw-4c6996e6f3096ea8,2026-09-17T22:20:17.193178Z,20000000,198,0,1,lower,sha256:cecf146b167b0e2fa978294eefabb199743c68f1bf6ba0030bf68729fd798a20,sha256:a8011a288285ffab8927af22b3f72016797c6d26d7aad46df7f5087ddfe5d811,1633056842841,1633059242841,14804687.5,True,False,13,0,False,5.376533669078474,,,,0,,
scan-fw-4c6996e6f3096ea8,2026-09-17T22:20:17.193178Z,20000000,441,7,4,upper,sha256:cecf146b167b0e2fa978294eefabb199743c68f1bf6ba0030bf68729fd798a20,sha256:946bab1aee7f12db152b4746ae09a306d69dd89cdf5da50142d74fe36e16c27a,1633739288670,1633741688670,14804687.5,True,False,13,0,False,5.06297223068148,,,,0,,
scan-fw-4c6996e6f3096ea8,2026-09-17T22:20:17.193178Z,20000000,633,6,3,upper,sha256:cecf146b167b0e2fa978294eefabb199743c68f1bf6ba0030bf68729fd798a20,sha256:b3783966378283e5edfe2dcf318f96719498abf05664042b795ad74b67aa3c72,1634278244103,1634280644103,14804687.5,True,False,13,0,False,5.839632703894158,,,,0,,
scan-fw-4c6996e6f3096ea8,2026-09-17T22:20:17.193178Z,20000000,968,1,2,lower,sha256:cecf146b167b0e2fa978294eefabb199743c68f1bf6ba0030bf68729fd798a20,sha256:1fd665f3c21420f365be814938b0062ce2bd3f41bff6b7b76850d4238f102240,1635218691210,1635221091210,14804687.5,True,False,13,0,False,5.614517672264431,,,,0,,
scan-fw-4c6996e6f3096ea8,2026-09-17T22:20:17.193178Z,20000000,1076,2,3,lower,sha256:cecf146b167b0e2fa978294eefabb199743c68f1bf6ba0030bf68729fd798a20,sha256:79c2791f7263c2599577d69f2f114b303d81dfeab18ed167f794de9217a1bd61,1635521949801,1635524349801,14804687.5,True,False,13,1,True,9.496365476102277,9.496365476102277,200000.0,1036516.6666597897,90,803.7232961995034,803.412950275402
scan-fw-4c6996e6f3096ea8,2026-09-17T22:20:17.193178Z,20000000,1108,5,2,upper,sha256:cecf146b167b0e2fa978294eefabb199743c68f1bf6ba0030bf68729fd798a20,sha256:794267d3db9e1fa9e31c9c1cb5efc5cb4a6289198b135b0b9eee60ab1447dfa9,1635611766210,1635614166210,14804687.5,True,False,13,0,False,5.671324309130228,,,,0,,
scan-fw-4c6996e6f3096ea8,2026-09-17T22:20:17.193178Z,20000000,1924,4,1,upper,sha256:cecf146b167b0e2fa978294eefabb199743c68f1bf6ba0030bf68729fd798a20,sha256:0194932d3cfc61eb012dd6fb22c29000868ca800b9505d17324149914d9daf0f,1637902791438,1637905191438,14804687.5,True,False,13,2,True,6.78677749061562,6.78677749061562,0.0,1132033.333321043,90,877.9692602577619,889.5752612005571
scan-fw-4de4342443509fb0,2026-09-17T10:40:01.520520Z,15000000,104,1,2,lower,sha256:6c680041f05010ca4e926cd3b6d600d8b922e024e2e3eb91b93246b87e67fe59,sha256:61b10f6c23edb62d2c3d427b7c61c37f58c8986b0270e5e7dc613e87cde3cb1b,629254859103,629256659103,12304687.5,True,False,13,0,False,5.731658281906305,,,,0,,
scan-fw-4de4342443509fb0,2026-09-17T10:40:01.520520Z,15000000,819,5,2,upper,sha256:6c680041f05010ca4e926cd3b6d600d8b922e024e2e3eb91b93246b87e67fe59,sha256:4d3ff69511fd7ae716009cdf7aee501b09ee25592c985c57551e46e91f5f7ff7,630759914475,630761714475,12304687.5,True,False,13,0,False,4.986102332121191,,,,0,,
scan-fw-4de4342443509fb0,2026-09-17T10:40:01.520520Z,15000000,1097,4,1,upper,sha256:6c680041f05010ca4e926cd3b6d600d8b922e024e2e3eb91b93246b87e67fe59,sha256:17702faea98e7ed4e53401922ac3fff8c4bd3ecea9f1dd13759b8e840129a42e,631344955440,631346755440,12304687.5,True,False,13,0,False,5.648188995595602,,,,0,,
scan-fw-4de4342443509fb0,2026-09-17T10:40:01.520520Z,15000000,1326,6,3,upper,sha256:6c680041f05010ca4e926cd3b6d600d8b922e024e2e3eb91b93246b87e67fe59,sha256:cc04b0dac6518b69fb7e2c12d8584f4931a9a6a8ea807c611e01acc31e9f3f0c,631826911218,631828711218,12304687.5,True,False,13,0,False,5.7435621044436225,,,,0,,
scan-fw-4de4342443509fb0,2026-09-17T10:40:01.520520Z,15000000,1592,7,4,upper,sha256:6c680041f05010ca4e926cd3b6d600d8b922e024e2e3eb91b93246b87e67fe59,sha256:664b46ad12c7df65f9be5ff75a27f208f3f7abb8653616518048707be0c9709b,632386725906,632388525906,12304687.5,True,False,13,0,False,5.8500176799656165,,,,0,,
scan-fw-4de4342443509fb0,2026-09-17T10:40:01.520520Z,15000000,1630,2,3,lower,sha256:6c680041f05010ca4e926cd3b6d600d8b922e024e2e3eb91b93246b87e67fe59,sha256:9fe3158d821dfbe8645e156a76a6c29ce33d08ce08b1fc9180d62395946e3e97,632466732729,632468532729,12304687.5,True,False,13,1,True,6.796095896947309,6.796095896947309,0.0,1219666.6666666667,90,850.6154117979696,934.9377443467213
scan-fw-4de4342443509fb0,2026-09-17T10:40:01.520520Z,15000000,2116,3,4,lower,sha256:6c680041f05010ca4e926cd3b6d600d8b922e024e2e3eb91b93246b87e67fe59,sha256:a05f28505639a45eef348704abebfe02f3f3520b4cbd7de0006d925818ff103a,633489651210,633491451210,12304687.5,True,False,13,3,True,13.413778047692073,13.413778047692073,200000.0,154400.0,90,795.7353558498783,770.0459616520533
scan-fw-542dcf033d7c6108,2026-09-17T20:00:07.041798Z,10000000,356,1,2,lower,sha256:844372a2fa23fe4cb916aee8bc9e50d23a4c97436998242944d5e879071e1963,sha256:f7c90ea0cd30728dd9cee8d7af27677fb62d24c2d63ec5d5a073963d523469e3,1439525377372,1439526577372,9804687.5,True,False,13,0,False,5.1502140192555945,,,,0,,
scan-fw-542dcf033d7c6108,2026-09-17T20:00:07.041798Z,10000000,585,2,3,lower,sha256:844372a2fa23fe4cb916aee8bc9e50d23a4c97436998242944d5e879071e1963,sha256:5e27d09688701d5e5236323644da38a9f1bb530f9f8866575e4b49b606252c31,1439846691790,1439847891790,9804687.5,True,False,13,1,True,6.691599013539002,6.691599013539002,800000.0,92766.66666293221,90,1161.787052635814,1118.7034731330182
scan-fw-542dcf033d7c6108,2026-09-17T20:00:07.041798Z,10000000,759,3,4,lower,sha256:844372a2fa23fe4cb916aee8bc9e50d23a4c97436998242944d5e879071e1963,sha256:729ca6bb278d7dc96e560debe286e120bf97fb1fa3aff1a2a6d12cb8bfeca4ce,1440090839524,1440092039524,9804687.5,True,False,13,0,False,5.022287989701105,,,,0,,
scan-fw-542dcf033d7c6108,2026-09-17T20:00:07.041798Z,10000000,906,4,1,upper,sha256:844372a2fa23fe4cb916aee8bc9e50d23a4c97436998242944d5e879071e1963,sha256:3e4f556bd0765e7a9ba97e457a0db7e2ff636d769077ee89fbce8c0b32846b9e,1440297061447,1440298261447,9804687.5,True,False,13,0,False,5.179074794763342,,,,0,,
scan-fw-542dcf033d7c6108,2026-09-17T20:00:07.041798Z,10000000,1132,7,4,upper,sha256:844372a2fa23fe4cb916aee8bc9e50d23a4c97436998242944d5e879071e1963,sha256:76af0bbd62ee84806592094fa5156361777b1a8c253c86cbea48b7463d9e16ef,1440614138728,1440615338728,9804687.5,True,False,13,1,True,7.218717185924572,7.218717185924572,-200000.0,292833.33332610887,89,994.2357719314717,946.6835537210812
scan-fw-542dcf033d7c6108,2026-09-17T20:00:07.041798Z,10000000,1357,6,3,upper,sha256:844372a2fa23fe4cb916aee8bc9e50d23a4c97436998242944d5e879071e1963,sha256:b2ce63992da2e3d409e4b354e335ad162627614a2bc4c3c7c6fcf6ec4774e381,1440929816857,1440931016857,9804687.5,True,False,13,1,True,8.053448243290612,8.053448243290612,-200000.0,1330766.6666580068,90,942.313948860136,1067.1163695363603
scan-fw-542dcf033d7c6108,2026-09-17T20:00:07.041798Z,10000000,1612,5,2,upper,sha256:844372a2fa23fe4cb916aee8bc9e50d23a4c97436998242944d5e879071e1963,sha256:e612607f702717f773f902b827555bb55e15439762594d19e854bb3ea30e0d91,1441287622678,1441288822678,9804687.5,True,False,13,0,False,5.410838660229683,,,,0,,
scan-fw-5a5a9ac56b112e16,2026-09-17T20:10:01.519955Z,15000000,118,5,2,upper,sha256:5a0e0de38e812d163b823d5fd58ceebf2c3f527cc275c35ab12024d77a546652,sha256:90fa93517055a7044fce4837ce85cc15a850e742a6a559468de8575c045b3bab,1451286944296,1451288744296,12304687.5,True,False,13,0,False,5.239865446934864,,,,0,,
scan-fw-5a5a9ac56b112e16,2026-09-17T20:10:01.519955Z,15000000,121,1,2,lower,sha256:5a0e0de38e812d163b823d5fd58ceebf2c3f527cc275c35ab12024d77a546652,sha256:0794cb3fe8f5fdb1229919e94ca00f52fd573969edfeab25a65bed804ec37db7,1451293260868,1451295060868,12304687.5,True,False,13,0,False,5.747940882077599,,,,0,,
scan-fw-5a5a9ac56b112e16,2026-09-17T20:10:01.519955Z,15000000,126,7,4,upper,sha256:5a0e0de38e812d163b823d5fd58ceebf2c3f527cc275c35ab12024d77a546652,sha256:0794cb3fe8f5fdb1229919e94ca00f52fd573969edfeab25a65bed804ec37db7,1451303782696,1451305582696,12304687.5,True,False,13,0,False,5.0685236997675895,,,,0,,
scan-fw-5a5a9ac56b112e16,2026-09-17T20:10:01.519955Z,15000000,402,6,3,upper,sha256:5a0e0de38e812d163b823d5fd58ceebf2c3f527cc275c35ab12024d77a546652,sha256:6067d868a4ba6caa1ed28de9f3a7c99455e27abc60e47fcc88565dd1bfae740c,1451884667464,1451886467464,12304687.5,True,False,13,0,False,5.419674224025489,,,,0,,
scan-fw-5a5a9ac56b112e16,2026-09-17T20:10:01.519955Z,15000000,884,3,4,lower,sha256:5a0e0de38e812d163b823d5fd58ceebf2c3f527cc275c35ab12024d77a546652,sha256:bc0c450d8859d4638241e1c1f4f60037259e7f734c534ef6c3e17cf032647ee1,1452899059087,1452900859087,12304687.5,True,True,13,0,False,5.732732110526978,,,,0,,
scan-fw-5a5a9ac56b112e16,2026-09-17T20:10:01.519955Z,15000000,1414,2,3,lower,sha256:5a0e0de38e812d163b823d5fd58ceebf2c3f527cc275c35ab12024d77a546652,sha256:b08b5c3be256992fe7fb0c95106693a2f24ae42d721408a4e81fa0be57854f7d,1454014584139,1454016384139,12304687.5,True,False,13,0,False,5.396064749671837,,,,0,,
scan-fw-5a5a9ac56b112e16,2026-09-17T20:10:01.519955Z,15000000,1603,0,1,lower,sha256:5a0e0de38e812d163b823d5fd58ceebf2c3f527cc275c35ab12024d77a546652,sha256:4126f2bd443c0ff7b3e8c36a1f1246420053cba5d79a1a3940a71347a1b934ca,1454412406996,1454414206996,12304687.5,True,False,13,0,False,5.063274843139963,,,,0,,
scan-fw-5cc12d007bc99130,2026-09-17T10:10:01.518749Z,15000000,169,3,4,lower,sha256:b8b662b065ce09cc29f0edd533488fe46ebf06b125c1d7fd16d917de21b92b02,sha256:2447c2b913f131e2806dae0b2fcc3024981ac461c392af70dd130976a374a012,585151803638,585153603638,12304687.5,True,False,13,0,False,5.66899428986324,,,,0,,
scan-fw-5cc12d007bc99130,2026-09-17T10:10:01.518749Z,15000000,254,1,2,lower,sha256:b8b662b065ce09cc29f0edd533488fe46ebf06b125c1d7fd16d917de21b92b02,sha256:511e838be475c99a3443e8c96f9cd88258aa56e3ed2d9b3ca1d10f6c5a6000bc,585330693293,585332493293,12304687.5,True,False,13,0,False,5.132920011533434,,,,0,,
scan-fw-5cc12d007bc99130,2026-09-17T10:10:01.518749Z,15000000,418,5,2,upper,sha256:b8b662b065ce09cc29f0edd533488fe46ebf06b125c1d7fd16d917de21b92b02,sha256:bede36f5f0a0a46e7d5b1c537dcd8cb590dc7cc76b3d51cc1b8479dbaf194e6b,585675888407,585677688407,12304687.5,True,False,13,0,False,5.1614552991018385,,,,0,,
scan-fw-5cc12d007bc99130,2026-09-17T10:10:01.518749Z,15000000,640,2,3,lower,sha256:b8b662b065ce09cc29f0edd533488fe46ebf06b125c1d7fd16d917de21b92b02,sha256:9461dc588d203fe911b8c76e1c7d66f387f8a6faa0429bd93e629db7a668997c,586143146651,586144946651,12304687.5,True,False,13,0,False,5.342450623677019,,,,0,,
scan-fw-5cc12d007bc99130,2026-09-17T10:10:01.518749Z,15000000,691,0,1,lower,sha256:b8b662b065ce09cc29f0edd533488fe46ebf06b125c1d7fd16d917de21b92b02,sha256:52e1827f10a82b2f7730e6421c63c6591a07df1228cca23299d7cc35d544bbeb,586250478548,586252278548,12304687.5,True,False,13,0,False,5.99667784365343,,,,0,,
scan-fw-5cc12d007bc99130,2026-09-17T10:10:01.518749Z,15000000,1236,4,1,upper,sha256:b8b662b065ce09cc29f0edd533488fe46ebf06b125c1d7fd16d917de21b92b02,sha256:8faecc7a0582bc9b9847fe29ba97ccd7a2d9459c965c8d77451ce21a17cc5a67,587397515225,587399315225,12304687.5,True,False,13,0,False,5.26758172095524,,,,0,,
scan-fw-5cc12d007bc99130,2026-09-17T10:10:01.518749Z,15000000,1979,7,4,upper,sha256:b8b662b065ce09cc29f0edd533488fe46ebf06b125c1d7fd16d917de21b92b02,sha256:a0a374a023a0021ab30d7a1c9107317e6838d570256808c6dfaa1f2660fe6858,588961299287,588963099287,12304687.5,True,False,13,0,False,4.8228628309017125,,,,0,,
scan-fw-606dd496a1243ac2,2026-09-17T20:30:16.717269Z,10000000,1191,2,3,lower,sha256:3abc9bff90845dd96fd32a11209bd77be94699337bd598e6e4044c7db0f0284c,sha256:7432961d0676d52651a2eca24aba31a9d001245c506abe44b9b4f4c6c28f453a,1481995120178,1481996320178,9804687.5,True,False,13,0,False,4.969071420100913,,,,0,,
scan-fw-606dd496a1243ac2,2026-09-17T20:30:16.717269Z,10000000,1500,6,3,upper,sha256:3abc9bff90845dd96fd32a11209bd77be94699337bd598e6e4044c7db0f0284c,sha256:5f94e462e03216c6eb2a5d70185e56b0fe7d4e8e2b68135cbd0c442e87012dc7,1482428688959,1482429888959,9804687.5,True,False,13,0,False,5.342970351320378,,,,0,,
scan-fw-606dd496a1243ac2,2026-09-17T20:30:16.717269Z,10000000,1704,0,1,lower,sha256:3abc9bff90845dd96fd32a11209bd77be94699337bd598e6e4044c7db0f0284c,sha256:192c54d28108594d82b34fa6de1ca80a78a115f2f9dc5ea3484bcfa58c195f92,1482714847754,1482716047754,9804687.5,True,False,13,0,False,4.760785420487956,,,,0,,
scan-fw-606dd496a1243ac2,2026-09-17T20:30:16.717269Z,10000000,1776,3,4,lower,sha256:3abc9bff90845dd96fd32a11209bd77be94699337bd598e6e4044c7db0f0284c,sha256:ed5ce5936ff029d7a098c7a69fae898897ca2ee040f67847a63d6dd4037cd4e0,1482815852792,1482817052792,9804687.5,True,False,13,0,False,4.751778698213519,,,,0,,
scan-fw-606dd496a1243ac2,2026-09-17T20:30:16.717269Z,10000000,1781,1,2,lower,sha256:3abc9bff90845dd96fd32a11209bd77be94699337bd598e6e4044c7db0f0284c,sha256:ed5ce5936ff029d7a098c7a69fae898897ca2ee040f67847a63d6dd4037cd4e0,1482822866309,1482824066309,9804687.5,True,False,13,2,True,14.251340596424548,14.251340596424548,200000.0,1294499.9999886344,90,973.6925710231758,982.09096806657
scan-fw-606dd496a1243ac2,2026-09-17T20:30:16.717269Z,10000000,1790,7,4,upper,sha256:3abc9bff90845dd96fd32a11209bd77be94699337bd598e6e4044c7db0f0284c,sha256:3ec9edcf844b43197e76c966c8c61064894f610d8ddfaa4226ecfe84e7539850,1482835494140,1482836694140,9804687.5,True,False,13,0,False,5.565211892955231,,,,0,,
scan-fw-606dd496a1243ac2,2026-09-17T20:30:16.717269Z,10000000,2067,4,1,upper,sha256:3abc9bff90845dd96fd32a11209bd77be94699337bd598e6e4044c7db0f0284c,sha256:bc87d2d325916f94806f4e5d3491ef9ba2a6589ffcd84c955ca596a648150def,1483224129110,1483225329110,9804687.5,True,False,13,0,False,5.093506255225716,,,,0,,
scan-fw-611f25cc9a4f4f3b,2026-09-17T21:30:01.625606Z,10000000,30,5,2,upper,sha256:680b26998411e66fab4c09273b07f580e8d059cd2580dfa80ab6f69535e46ed2,sha256:59493b3681e5de8d6526070d9e2e760f7cd60972bf6994cfdedaf738c0edc8d6,1562016390191,1562017590191,9804687.5,True,False,13,0,False,5.798054653554093,,,,0,,
scan-fw-611f25cc9a4f4f3b,2026-09-17T21:30:01.625606Z,10000000,330,3,4,lower,sha256:680b26998411e66fab4c09273b07f580e8d059cd2580dfa80ab6f69535e46ed2,sha256:cbbdc9adbfd496e53253ea34ee696d65bf1d99489a2d23625f857c404a8b7982,1562437244270,1562438444270,9804687.5,True,False,13,0,False,5.73498657308087,,,,0,,
scan-fw-611f25cc9a4f4f3b,2026-09-17T21:30:01.625606Z,10000000,431,7,4,upper,sha256:680b26998411e66fab4c09273b07f580e8d059cd2580dfa80ab6f69535e46ed2,sha256:5e0b6dc13206ec93aab32b720fcd92bb8eb96e8e8874209ee54cbde87d0fa1db,1562578953824,1562580153824,9804687.5,True,False,13,0,False,5.274602337273572,,,,0,,
scan-fw-611f25cc9a4f4f3b,2026-09-17T21:30:01.625606Z,10000000,661,1,2,lower,sha256:680b26998411e66fab4c09273b07f580e8d059cd2580dfa80ab6f69535e46ed2,sha256:091eff4e85b865be68031de7a2be607270f93bc115fd484ce3d493d3cdd1391c,1562901688286,1562902888286,9804687.5,True,False,13,0,False,4.992403301207333,,,,0,,
scan-fw-611f25cc9a4f4f3b,2026-09-17T21:30:01.625606Z,10000000,920,2,3,lower,sha256:680b26998411e66fab4c09273b07f580e8d059cd2580dfa80ab6f69535e46ed2,sha256:1c80a5830cf579906047fe67748ed69a5fa42f49d7b3e9a6cc2bf9a90561d037,1563265086704,1563266286704,9804687.5,True,False,13,0,False,5.977688364466098,,,,0,,
scan-fw-611f25cc9a4f4f3b,2026-09-17T21:30:01.625606Z,10000000,984,6,3,upper,sha256:680b26998411e66fab4c09273b07f580e8d059cd2580dfa80ab6f69535e46ed2,sha256:bf8decd5ec7f07089a92549609a2fb5c788eff47130e852463747da89ac7aad6,1563354894335,1563356094335,9804687.5,True,False,13,0,False,5.743794662305322,,,,0,,
scan-fw-611f25cc9a4f4f3b,2026-09-17T21:30:01.625606Z,10000000,1275,0,1,lower,sha256:680b26998411e66fab4c09273b07f580e8d059cd2580dfa80ab6f69535e46ed2,sha256:099cebe59435c92f66f7d6a914ea4ec42625c8b35f0d52a0d16f7fd8d54b7562,1563763134320,1563764334320,9804687.5,True,False,13,0,False,5.01469419942514,,,,0,,
scan-fw-61a62066d401f816,2026-09-17T22:00:01.619998Z,10000000,182,4,1,upper,sha256:04792807a0f8eddccb2948511737a9f896eacc270ec6a056a8e9c2b39b03ae6c,sha256:628ede9de89e738eaa7e20f6573c569e2f3c87cbe541ea241cd536c91bc3d6f4,1606453297775,1606454497775,9804687.5,True,False,13,0,False,5.585992405784621,,,,0,,
scan-fw-61a62066d401f816,2026-09-17T22:00:01.619998Z,10000000,223,6,3,upper,sha256:04792807a0f8eddccb2948511737a9f896eacc270ec6a056a8e9c2b39b03ae6c,sha256:ad46c9ad995945ed499addd7dbd09bd1a3e8fc4ca1de6630ada7302ccb3a2e51,1606510812809,1606512012809,9804687.5,True,False,13,0,False,5.093821154031369,,,,0,,
scan-fw-61a62066d401f816,2026-09-17T22:00:01.619998Z,10000000,509,7,4,upper,sha256:04792807a0f8eddccb2948511737a9f896eacc270ec6a056a8e9c2b39b03ae6c,sha256:29755ce32d5606befea2d70c5e995da9724b4955838b74027db69878bd234cac,1606912084097,1606913284097,9804687.5,True,False,13,0,False,5.392749131718896,,,,0,,
scan-fw-61a62066d401f816,2026-09-17T22:00:01.619998Z,10000000,711,0,1,lower,sha256:04792807a0f8eddccb2948511737a9f896eacc270ec6a056a8e9c2b39b03ae6c,sha256:126dc4f6a01b4a1341e529a88f40731d41b547c93c0fe426bd9dd9b139070db4,1607195508407,1607196708407,9804687.5,True,False,13,0,False,4.72716264057733,,,,0,,
scan-fw-61a62066d401f816,2026-09-17T22:00:01.619998Z,10000000,1060,5,2,upper,sha256:04792807a0f8eddccb2948511737a9f896eacc270ec6a056a8e9c2b39b03ae6c,sha256:df7f7a6facbe691e228a0cf3f3d62876075ce8d808b241d19395df4040b5589c,1607685118799,1607686318799,9804687.5,True,False,13,1,True,8.16950561730956,8.16950561730956,0.0,84399.99999323499,90,907.2330031804174,881.8510617203092
scan-fw-61a62066d401f816,2026-09-17T22:00:01.619998Z,10000000,1463,1,2,lower,sha256:04792807a0f8eddccb2948511737a9f896eacc270ec6a056a8e9c2b39b03ae6c,sha256:8599b971dc5a90be111ce34c993181cd7384c056cceba283f02642ccb096ac5c,1608250555862,1608251755862,9804687.5,True,False,13,0,False,4.932280835565856,,,,0,,
scan-fw-61a62066d401f816,2026-09-17T22:00:01.619998Z,10000000,1541,3,4,lower,sha256:04792807a0f8eddccb2948511737a9f896eacc270ec6a056a8e9c2b39b03ae6c,sha256:997386c30d7e9f2db6c9bffd635ef2ad4d1b10decc4bff033e0fdbd2c67e2693,1608360007142,1608361207142,9804687.5,True,False,13,0,False,4.626086840102895,,,,0,,
scan-fw-66f79be3ab5755cb,2026-09-17T14:30:03.003337Z,10000000,37,1,2,lower,sha256:c9a532f18a20c7a2166445069974121577fa9dccf6b9b6e6ef67c4f5cabde3e5,sha256:57b1343db82df3343b5ac26f69efdd4e35f3144a6368b53545c7b8e15b5c6ceb,956734601759,956735801759,9804687.5,True,False,13,1,True,6.94885925134831,6.94885925134831,200000.0,421466.6666664283,90,1012.7934035996606,1103.7225412886908
scan-fw-66f79be3ab5755cb,2026-09-17T14:30:03.003337Z,10000000,134,5,2,upper,sha256:c9a532f18a20c7a2166445069974121577fa9dccf6b9b6e6ef67c4f5cabde3e5,sha256:dc83a0aab2273a67652930963654fe8cb235d56208c35580d87d96d3811a133b,956870684384,956871884384,9804687.5,True,False,13,1,True,17.478266252115123,17.478266252115123,-200000.0,450966.66666580946,90,1000.7131386611638,1033.6096985534157
scan-fw-66f79be3ab5755cb,2026-09-17T14:30:03.003337Z,10000000,221,6,3,upper,sha256:c9a532f18a20c7a2166445069974121577fa9dccf6b9b6e6ef67c4f5cabde3e5,sha256:1a96d061110273f80d76dc68abbec91f417c5876e52ea1ea6d164a746cd01cf7,956992767491,956993967491,9804687.5,True,False,13,0,False,5.295521561294179,,,,0,,
scan-fw-66f79be3ab5755cb,2026-09-17T14:30:03.003337Z,10000000,1043,4,1,upper,sha256:c9a532f18a20c7a2166445069974121577fa9dccf6b9b6e6ef67c4f5cabde3e5,sha256:cc642f7f0ddd76e0e040c8894c0518bdb063babaac6b36e976ab23419e29cdef,958146063863,958147263863,9804687.5,True,False,13,0,False,5.30886958103439,,,,0,,
scan-fw-66f79be3ab5755cb,2026-09-17T14:30:03.003337Z,10000000,1173,3,4,lower,sha256:c9a532f18a20c7a2166445069974121577fa9dccf6b9b6e6ef67c4f5cabde3e5,sha256:280a95ef81a0dc688dd6fb1a4ee844341495c43d4224760b218717924934a0e8,958328460362,958329660362,9804687.5,True,False,13,0,False,5.5060673825473,,,,0,,
scan-fw-66f79be3ab5755cb,2026-09-17T14:30:03.003337Z,10000000,1305,2,3,lower,sha256:c9a532f18a20c7a2166445069974121577fa9dccf6b9b6e6ef67c4f5cabde3e5,sha256:20b60511ade22e5b387d0f88421b6ab448e677faec66ab1d426a35ecdb61635b,958513663910,958514863910,9804687.5,True,False,13,0,False,4.817481788486169,,,,0,,
scan-fw-66f79be3ab5755cb,2026-09-17T14:30:03.003337Z,10000000,2046,0,1,lower,sha256:c9a532f18a20c7a2166445069974121577fa9dccf6b9b6e6ef67c4f5cabde3e5,sha256:d14f309a28bf44f62dd3f1a761dea40ced7872d9cddc0014e72cddd49c83a5cb,959553286172,959554486172,9804687.5,True,False,13,5,True,12.591385053029311,12.591385053029311,0.0,809666.6666536104,90,1036.3621401969044,1159.4798336890606
scan-fw-7253df2bd4332d69,2026-09-17T19:40:01.333788Z,15000000,20,4,1,upper,sha256:19a6649dd67e8688a421ced3d615a62197d9a7c4d8dea42c1ee6448b8aa5a69c,sha256:e1d7b8095646beae36f003753f105c0f5713ac131e2e865163caf7ba8bd901a7,1406830497802,1406832297802,12304687.5,True,False,13,0,False,5.908774092164784,,,,0,,
scan-fw-7253df2bd4332d69,2026-09-17T19:40:01.333788Z,15000000,30,2,3,lower,sha256:19a6649dd67e8688a421ced3d615a62197d9a7c4d8dea42c1ee6448b8aa5a69c,sha256:2e31a3c7fe9113a8582520c65b8156525049b2936faa114b5d49f9f7475ceedd,1406851545337,1406853345337,12304687.5,True,False,13,0,False,5.666995319900318,,,,0,,
scan-fw-7253df2bd4332d69,2026-09-17T19:40:01.333788Z,15000000,406,0,1,lower,sha256:19a6649dd67e8688a421ced3d615a62197d9a7c4d8dea42c1ee6448b8aa5a69c,sha256:1ff0856d90c88f56dad16643333dac10e7023d1876dd21ce5d88076ac36b9af5,1407642885283,1407644685283,12304687.5,True,False,13,0,False,5.628553652337391,,,,0,,
scan-fw-7253df2bd4332d69,2026-09-17T19:40:01.333788Z,15000000,1067,7,4,upper,sha256:19a6649dd67e8688a421ced3d615a62197d9a7c4d8dea42c1ee6448b8aa5a69c,sha256:41fea50b9cc2b16f7dfc999c2599adc0f55a808a7d88fe1303f2631a0fde12d9,1409034041116,1409035841116,12304687.5,True,False,13,0,False,5.107328009547487,,,,0,,
scan-fw-7253df2bd4332d69,2026-09-17T19:40:01.333788Z,15000000,1189,5,2,upper,sha256:19a6649dd67e8688a421ced3d615a62197d9a7c4d8dea42c1ee6448b8aa5a69c,sha256:051f5f19ca13f455e1e54f8ed0a6c37bf2b0b417e653ee13bd416a69e0b315b9,1409290796449,1409292596449,12304687.5,True,False,13,0,False,4.838452894341681,,,,0,,
scan-fw-7253df2bd4332d69,2026-09-17T19:40:01.333788Z,15000000,1752,1,2,lower,sha256:19a6649dd67e8688a421ced3d615a62197d9a7c4d8dea42c1ee6448b8aa5a69c,sha256:402c4765bfb5ef0ba01cf351dabb0cb7845a0dcc69315611dc56dc2ce99d2236,1410475770940,1410477570940,12304687.5,True,False,13,0,False,5.133934605409396,,,,0,,
scan-fw-7253df2bd4332d69,2026-09-17T19:40:01.333788Z,15000000,2111,6,3,upper,sha256:19a6649dd67e8688a421ced3d615a62197d9a7c4d8dea42c1ee6448b8aa5a69c,sha256:a7dedcf7a079fba47ef169e14b0bf734b714e0c60527c34852cac9974c250171,1411231368337,1411233168337,12304687.5,True,False,13,0,False,5.340569531910775,,,,0,,
scan-fw-732c90485eefd8ff,2026-09-17T15:40:01.557688Z,15000000,111,4,1,upper,sha256:ee040550974f47e776aae9c0f97905f7ef33c85f94fe93bb3f5a092ffe08893a,sha256:adb27f46857a1dc7cff90c2abecba07e60c21d140e88847d0d7392005a6f7dc6,1056827158263,1056828958263,12304687.5,True,False,13,0,False,5.0627232414261645,,,,0,,
scan-fw-732c90485eefd8ff,2026-09-17T15:40:01.557688Z,15000000,443,0,1,lower,sha256:ee040550974f47e776aae9c0f97905f7ef33c85f94fe93bb3f5a092ffe08893a,sha256:e521a447e7e6a1016fc650be2ea256c14cb4936565ddd1e2769cb5471298ade3,1057525912314,1057527712314,12304687.5,True,False,13,0,False,5.161018208084045,,,,0,,
scan-fw-732c90485eefd8ff,2026-09-17T15:40:01.557688Z,15000000,1164,5,2,upper,sha256:ee040550974f47e776aae9c0f97905f7ef33c85f94fe93bb3f5a092ffe08893a,sha256:581018ead02548b17cfd3bdde19ea36160d9d14624fa991cc224b5828af51fd1,1059043436184,1059045236184,12304687.5,True,False,13,0,False,5.1511622051310315,,,,0,,
scan-fw-732c90485eefd8ff,2026-09-17T15:40:01.557688Z,15000000,1207,1,2,lower,sha256:ee040550974f47e776aae9c0f97905f7ef33c85f94fe93bb3f5a092ffe08893a,sha256:704e060e08d8d41046c044455a1de4df823faedd1114e832b495bdf564bce7a7,1059133919973,1059135719973,12304687.5,True,False,13,0,False,5.826391212710532,,,,0,,
scan-fw-732c90485eefd8ff,2026-09-17T15:40:01.557688Z,15000000,1245,7,4,upper,sha256:ee040550974f47e776aae9c0f97905f7ef33c85f94fe93bb3f5a092ffe08893a,sha256:71415e9b589b8fa0da5d18f835f1d3bb4fd0a6c23db01a7f63af31223bf753bf,1059213865458,1059215665458,12304687.5,True,False,13,0,False,5.065201720999108,,,,0,,
scan-fw-732c90485eefd8ff,2026-09-17T15:40:01.557688Z,15000000,1323,6,3,upper,sha256:ee040550974f47e776aae9c0f97905f7ef33c85f94fe93bb3f5a092ffe08893a,sha256:27cb2f59887f56e48154fa04201c10ef77650df24d7ed44d1bd1d7896773854e,1059378023706,1059379823706,12304687.5,True,False,13,0,False,5.6431577011795016,,,,0,,
scan-fw-732c90485eefd8ff,2026-09-17T15:40:01.557688Z,15000000,2131,2,3,lower,sha256:ee040550974f47e776aae9c0f97905f7ef33c85f94fe93bb3f5a092ffe08893a,sha256:60093825a30b1d4b114aa5efe5109b719287034dd25e7aaf49f6f196b4164552,1061078576187,1061080376187,12304687.5,True,False,13,0,False,5.088408499862299,,,,0,,
scan-fw-7367d02117142473,2026-09-17T10:30:01.331120Z,10000000,66,2,3,lower,sha256:5102048d1704c7ff13cc88ddede62f484237a0a088529e5174f1cf965a2bfd7b,sha256:2f6e56360b85acb02095fbae968bb462a3a49c6f216331e0281ffb8f5499c065,616940343008,616941543008,9804687.5,True,False,13,0,False,4.882764596776664,,,,0,,
scan-fw-7367d02117142473,2026-09-17T10:30:01.331120Z,10000000,249,1,2,lower,sha256:5102048d1704c7ff13cc88ddede62f484237a0a088529e5174f1cf965a2bfd7b,sha256:663991a1bebb925c676e8e318c1ddbcccc71d8aa18acb23e0a1b0b37023ce96b,617197067708,617198267708,9804687.5,True,False,13,0,False,5.262685335716159,,,,0,,
scan-fw-7367d02117142473,2026-09-17T10:30:01.331120Z,10000000,478,4,1,upper,sha256:5102048d1704c7ff13cc88ddede62f484237a0a088529e5174f1cf965a2bfd7b,sha256:26438fac3d23c54c738788ce3b44c2d9ddb1133ae3641ffbc105436ffa12141b,617518410968,617519610968,9804687.5,True,False,13,0,False,5.343898726941441,,,,0,,
scan-fw-7367d02117142473,2026-09-17T10:30:01.331120Z,10000000,965,6,3,upper,sha256:5102048d1704c7ff13cc88ddede62f484237a0a088529e5174f1cf965a2bfd7b,sha256:a56a826fae54af4e59cd1096d4d79ae2d6d51de4fd2509789b7b77db5f96a9c3,618201660605,618202860605,9804687.5,True,False,13,0,False,5.097014969970244,,,,0,,
scan-fw-7367d02117142473,2026-09-17T10:30:01.331120Z,10000000,977,5,2,upper,sha256:5102048d1704c7ff13cc88ddede62f484237a0a088529e5174f1cf965a2bfd7b,sha256:9dd8c0c5744f282235274cbb22e32e60e21c539bbb96175ae291d6f7077fa104,618218505842,618219705842,9804687.5,True,False,13,0,False,5.393488545216309,,,,0,,
scan-fw-7367d02117142473,2026-09-17T10:30:01.331120Z,10000000,1134,3,4,lower,sha256:5102048d1704c7ff13cc88ddede62f484237a0a088529e5174f1cf965a2bfd7b,sha256:5fdc6beb957056376a855d1d84072988d1df2a7f2c0ce13fbe8048363be11f66,618438788540,618439988540,9804687.5,True,False,13,0,False,5.431261762900459,,,,0,,
scan-fw-7367d02117142473,2026-09-17T10:30:01.331120Z,10000000,1408,0,1,lower,sha256:5102048d1704c7ff13cc88ddede62f484237a0a088529e5174f1cf965a2bfd7b,sha256:a18bd6e6efe185e86c0ca06c56c7ff8577b93115821269621f9ebbb86e656eca,618823229765,618824429765,9804687.5,True,False,13,0,False,5.3244045932740045,,,,0,,
scan-fw-75519ddd5a7aba8c,2026-09-17T20:20:01.519200Z,20000000,112,0,1,lower,sha256:a1978eb217a7a14145731ab0486dddfc4ecc2a95132c46b9f6a0953d9ea89e80,sha256:21779b219734d079f46b81d963f223feb3371bc6e92c566afe8bb58bbfa992d0,1465045884948,1465048284948,14804687.5,True,False,13,0,False,4.868245298840663,,,,0,,
scan-fw-75519ddd5a7aba8c,2026-09-17T20:20:01.519200Z,20000000,245,5,2,upper,sha256:a1978eb217a7a14145731ab0486dddfc4ecc2a95132c46b9f6a0953d9ea89e80,sha256:b4d515613395f31a7fc0cec63bffd1725a4a6e68a60c9821eabb55be87837d6e,1465419265287,1465421665287,14804687.5,True,False,13,1,True,6.131413247916889,6.131413247916889,0.0,372899.9999984293,90,1041.281674538597,1023.7926944556807
scan-fw-75519ddd5a7aba8c,2026-09-17T20:20:01.519200Z,20000000,395,7,4,upper,sha256:a1978eb217a7a14145731ab0486dddfc4ecc2a95132c46b9f6a0953d9ea89e80,sha256:e078e1b755077a05377c85eb52192db6c26e44bab1b990e7ab537d2d947b9288,1465840372761,1465842772761,14804687.5,True,False,13,0,False,5.184341451457919,,,,0,,
scan-fw-75519ddd5a7aba8c,2026-09-17T20:20:01.519200Z,20000000,515,6,3,upper,sha256:a1978eb217a7a14145731ab0486dddfc4ecc2a95132c46b9f6a0953d9ea89e80,sha256:fe8b0a4b946129cee0302d83e5721c0a8275055ad32f7c9214c3b865e9d9fdfa,1466177393988,1466179793988,14804687.5,True,False,13,0,False,5.155896008180703,,,,0,,
scan-fw-75519ddd5a7aba8c,2026-09-17T20:20:01.519200Z,20000000,702,3,4,lower,sha256:a1978eb217a7a14145731ab0486dddfc4ecc2a95132c46b9f6a0953d9ea89e80,sha256:8f353d327c89c4d7e4ccaf3605774d859884c1902aa5ad23b33d64e32e7fc788,1466702320563,1466704720563,14804687.5,True,False,13,0,False,5.855906150720769,,,,0,,
scan-fw-75519ddd5a7aba8c,2026-09-17T20:20:01.519200Z,20000000,1608,4,1,upper,sha256:a1978eb217a7a14145731ab0486dddfc4ecc2a95132c46b9f6a0953d9ea89e80,sha256:7238986b967c6d6a02a871eb41cb360fab0578c9d0520c83518dca6024100221,1469246452560,1469248852560,14804687.5,True,False,13,0,False,5.562857938008496,,,,0,,
scan-fw-75519ddd5a7aba8c,2026-09-17T20:20:01.519200Z,20000000,1690,2,3,lower,sha256:a1978eb217a7a14145731ab0486dddfc4ecc2a95132c46b9f6a0953d9ea89e80,sha256:9575a52959a3d9754975f0ed58d272a76c903f1be5ff6cf0cee478e62088f16e,1469476644459,1469479044459,14804687.5,True,False,13,0,False,5.2726343990645255,,,,0,,
scan-fw-75d1334d430bd557,2026-09-17T13:30:01.458763Z,10000000,1009,5,2,upper,sha256:fd0c5dec06f79c5079edd6cc1e0bf445024e533462714285e0ff9d3c8ea4a4ab,sha256:c2b14610b06cb7af10fb41fb4821abeb1ff34566db2d96aeb5bfcb8ff831a4a6,875932762099,875933962099,9804687.5,True,False,13,0,False,4.904606336601257,,,,0,,
scan-fw-75d1334d430bd557,2026-09-17T13:30:01.458763Z,10000000,1197,7,4,upper,sha256:fd0c5dec06f79c5079edd6cc1e0bf445024e533462714285e0ff9d3c8ea4a4ab,sha256:44e2e3e0e3e54a77d3ec39bfedf93fd420f98c14b97d0228f56f0305ade0c9e9,876196522300,876197722300,9804687.5,True,False,13,0,False,5.265975948801502,,,,0,,
scan-fw-75d1334d430bd557,2026-09-17T13:30:01.458763Z,10000000,1328,1,2,lower,sha256:fd0c5dec06f79c5079edd6cc1e0bf445024e533462714285e0ff9d3c8ea4a4ab,sha256:cd3f216a7875cc83a2d2a3280ba2eb19ab91ca440ef37d5c77efcd220f7f1567,876380337724,876381537724,9804687.5,True,False,13,0,False,4.937592919125302,,,,0,,
scan-fw-75d1334d430bd557,2026-09-17T13:30:01.458763Z,10000000,1485,2,3,lower,sha256:fd0c5dec06f79c5079edd6cc1e0bf445024e533462714285e0ff9d3c8ea4a4ab,sha256:017175146bda98ba4bef5f3c9787a4e5a7017dbee48ca89db38ded9a088eee2f,876600610807,876601810807,9804687.5,True,False,13,0,False,4.987131827138613,,,,0,,
scan-fw-75d1334d430bd557,2026-09-17T13:30:01.458763Z,10000000,1687,3,4,lower,sha256:fd0c5dec06f79c5079edd6cc1e0bf445024e533462714285e0ff9d3c8ea4a4ab,sha256:5730a85bbaafa3d02319a2dd14a287bdc56cd7c69d3a5c6b98c4415b7f8ab293,876884014870,876885214870,9804687.5,True,False,13,0,False,4.778224545918663,,,,0,,
scan-fw-75d1334d430bd557,2026-09-17T13:30:01.458763Z,10000000,1811,6,3,upper,sha256:fd0c5dec06f79c5079edd6cc1e0bf445024e533462714285e0ff9d3c8ea4a4ab,sha256:ba80f377297cfb141c25cd841bbe7fd9f56748d3f192b0d499c05e1a60f7fc88,877058004661,877059204661,9804687.5,True,False,13,1,True,7.982876304022665,7.982876304022665,-200000.0,8333.333321776263,90,1204.5072578188513,1304.314456712411
scan-fw-75d1334d430bd557,2026-09-17T13:30:01.458763Z,10000000,1849,0,1,lower,sha256:fd0c5dec06f79c5079edd6cc1e0bf445024e533462714285e0ff9d3c8ea4a4ab,sha256:fbe007debd69a7350c8a1f031eee715050e920c9faac47f37159f6aae22df5f4,877111306528,877112506528,9804687.5,True,False,13,0,False,4.5091298159020985,,,,0,,
scan-fw-7851abe2d25a9813,2026-09-18T00:00:17.128490Z,10000000,21,7,4,upper,sha256:b82e00c6e8f8db8921a20fb91f7fe9d5355187f14d57150c629365c21c3c7445,sha256:adca1d8d3346870b1193585d3fa63170bd062645aac4467d54c47808516329c3,1780355615212,1780356815212,9804687.5,True,False,13,0,False,4.8799029437556785,,,,0,,
scan-fw-7851abe2d25a9813,2026-09-18T00:00:17.128490Z,10000000,701,1,2,lower,sha256:b82e00c6e8f8db8921a20fb91f7fe9d5355187f14d57150c629365c21c3c7445,sha256:b4154d08bb50bdf467c81224d73c8b267c27ff7ffdb6d8852019cd2badbc8340,1781309690437,1781310890437,9804687.5,True,False,13,0,False,5.131327368682597,,,,0,,
scan-fw-7851abe2d25a9813,2026-09-18T00:00:17.128490Z,10000000,773,2,3,lower,sha256:b82e00c6e8f8db8921a20fb91f7fe9d5355187f14d57150c629365c21c3c7445,sha256:f97c53342dc23e0036acf871e136135fd37734cb3ff17f1ca4c5756573c1d099,1781410750306,1781411950306,9804687.5,True,False,13,0,False,5.020906704632263,,,,0,,
scan-fw-7851abe2d25a9813,2026-09-18T00:00:17.128490Z,10000000,1080,6,3,upper,sha256:b82e00c6e8f8db8921a20fb91f7fe9d5355187f14d57150c629365c21c3c7445,sha256:b19cda10014071406a8745aff4cd44a2666d41ed55ed453086e6f485fef9f00a,1781841492016,1781842692016,9804687.5,True,False,13,0,False,4.9591724734398275,,,,0,,
scan-fw-7851abe2d25a9813,2026-09-18T00:00:17.128490Z,10000000,1564,4,1,upper,sha256:b82e00c6e8f8db8921a20fb91f7fe9d5355187f14d57150c629365c21c3c7445,sha256:d7ba349729681cd3e8e66bae8c5e375f2a54018196da0a9bab3b8c45d463602e,1782520571812,1782521771812,9804687.5,True,False,13,0,False,4.842253569237351,,,,0,,
scan-fw-7851abe2d25a9813,2026-09-18T00:00:17.128490Z,10000000,1690,5,2,upper,sha256:b82e00c6e8f8db8921a20fb91f7fe9d5355187f14d57150c629365c21c3c7445,sha256:4a42659fb2e03b2036be76de3a49b4ecc41baefa70f76438646698c67325812f,1782697338274,1782698538274,9804687.5,True,False,13,0,False,5.040494889965633,,,,0,,
scan-fw-7851abe2d25a9813,2026-09-18T00:00:17.128490Z,10000000,2117,3,4,lower,sha256:b82e00c6e8f8db8921a20fb91f7fe9d5355187f14d57150c629365c21c3c7445,sha256:7109097e86da2b79c7db6c8539bf3a8f31bd3086a638e71a677fce548e344b2d,1783296516961,1783297716961,9804687.5,True,False,13,0,False,4.79569581019222,,,,0,,
scan-fw-7b78a2ba16003bdc,2026-09-17T16:10:01.242534Z,15000000,12,1,2,lower,sha256:812addc322a2d8d41d10612aa86593eafec13d8cac673125727d87fe6cf90ca2,sha256:5f9c1dd9906c4e5fad5d5433a581333d7b997422bfaa9eaeffc13ad5c14ca618,1097665192463,1097666992463,12304687.5,True,False,13,2,True,9.108445652348944,9.108445652348944,0.0,864666.6666666667,90,1019.3169899023686,1015.5491442315257
scan-fw-7b78a2ba16003bdc,2026-09-17T16:10:01.242534Z,15000000,106,7,4,upper,sha256:812addc322a2d8d41d10612aa86593eafec13d8cac673125727d87fe6cf90ca2,sha256:6ead7e2ac28391bc471e0b839afd2cd7ef64d87a993bb9955aebb6b4562dff4a,1097863295429,1097865095429,12304687.5,True,False,13,0,False,4.840726504131999,,,,0,,
scan-fw-7b78a2ba16003bdc,2026-09-17T16:10:01.242534Z,15000000,788,5,2,upper,sha256:812addc322a2d8d41d10612aa86593eafec13d8cac673125727d87fe6cf90ca2,sha256:bba10ddedd7bfc52d10e9f0115cc50cdfceb413e04d4a79e3ef0e1c3c4c1d2f1,1099298865875,1099300665875,12304687.5,True,False,13,1,True,8.756150646079904,8.756150646079904,-200000.0,982599.9999999999,90,768.103300850835,647.4558531143858
scan-fw-7b78a2ba16003bdc,2026-09-17T16:10:01.242534Z,15000000,1063,0,1,lower,sha256:812addc322a2d8d41d10612aa86593eafec13d8cac673125727d87fe6cf90ca2,sha256:d22297eaabb3a0f50397ddd29d56e9d14e0a02b24a6fac65daa06dfab1603018,1099877594315,1099879394315,12304687.5,True,False,13,0,False,5.2427158342923486,,,,0,,
scan-fw-7b78a2ba16003bdc,2026-09-17T16:10:01.242534Z,15000000,1609,6,3,upper,sha256:812addc322a2d8d41d10612aa86593eafec13d8cac673125727d87fe6cf90ca2,sha256:5b10ceee2454c78f90e6d88e310deb0b084f556509049535ce65577c38f524c9,1101026874668,1101028674668,12304687.5,True,False,13,1,True,16.642881802679657,16.642881802679657,-200000.0,1224466.6666666667,90,763.6787531323458,748.186224929586
scan-fw-7b78a2ba16003bdc,2026-09-17T16:10:01.242534Z,15000000,1650,2,3,lower,sha256:812addc322a2d8d41d10612aa86593eafec13d8cac673125727d87fe6cf90ca2,sha256:f06a76e26fe2b739a11a85fff715656c448fbfdf886523b5a51916bc8f467131,1101113164265,1101114964265,12304687.5,True,False,15,9,True,43.18853066974153,43.18853066974153,0.0,1230333.3333333333,90,747.6244921706449,749.5797555781614
scan-fw-7b78a2ba16003bdc,2026-09-17T16:10:01.242534Z,15000000,1769,3,4,lower,sha256:812addc322a2d8d41d10612aa86593eafec13d8cac673125727d87fe6cf90ca2,sha256:f43eef4f02d5682c1c2699010bcdeaac2b1422b67b22c1f257784503fcae300a,1101363592685,1101365392685,12304687.5,True,False,13,1,True,7.965668486442922,7.965668486442922,0.0,1320866.6666666667,90,906.649867222013,1027.6148486506268
scan-fw-7cb61f9e2e56f342,2026-09-17T13:10:01.565875Z,15000000,137,6,3,upper,sha256:b7db425da6dc2fba53f3621c643884ec7c402ca3d5b3e67848b6b24ef314ed03,sha256:cd7da2309d1ee86a438d8dc710076cf4f748348acb9d2f7ebd0f28cdf9238158,843610479051,843612279051,12304687.5,True,False,13,0,False,5.818646367227756,,,,0,,
scan-fw-7cb61f9e2e56f342,2026-09-17T13:10:01.565875Z,15000000,244,4,1,upper,sha256:b7db425da6dc2fba53f3621c643884ec7c402ca3d5b3e67848b6b24ef314ed03,sha256:78c4b2e32c4f5232f67544165c00fe38e33008b4aef5b2352133e3a87f8ca26b,843835701948,843837501948,12304687.5,True,False,13,0,False,5.9162596704083095,,,,0,,
scan-fw-7cb61f9e2e56f342,2026-09-17T13:10:01.565875Z,15000000,284,1,2,lower,sha256:b7db425da6dc2fba53f3621c643884ec7c402ca3d5b3e67848b6b24ef314ed03,sha256:aa4b11e52fe30fe8effc7a4c55d4e03e472a7354a3a0863d22f87d48dd366aff,843919889271,843921689271,12304687.5,True,False,13,1,True,7.93907914065861,7.93907914065861,0.0,163466.66666666666,90,983.9173284598273,939.5080889899082
scan-fw-7cb61f9e2e56f342,2026-09-17T13:10:01.565875Z,15000000,734,2,3,lower,sha256:b7db425da6dc2fba53f3621c643884ec7c402ca3d5b3e67848b6b24ef314ed03,sha256:c9abec687f88cbea8eb5f9bcbfc487987a348e72845344edf85702915aa34ecc,844867095780,844868895780,12304687.5,True,False,13,0,False,5.370762307601334,,,,0,,
scan-fw-7cb61f9e2e56f342,2026-09-17T13:10:01.565875Z,15000000,917,0,1,lower,sha256:b7db425da6dc2fba53f3621c643884ec7c402ca3d5b3e67848b6b24ef314ed03,sha256:a3d65083a31ef9c84f693fad710ed2efec03498f2452f0ccc347e9e2569b5e7a,845252284281,845254084281,12304687.5,True,False,13,1,True,10.68122897521404,10.68122897521404,0.0,190533.3333333333,90,1064.2234947287732,1120.862372066851
scan-fw-7cb61f9e2e56f342,2026-09-17T13:10:01.565875Z,15000000,1586,3,4,lower,sha256:b7db425da6dc2fba53f3621c643884ec7c402ca3d5b3e67848b6b24ef314ed03,sha256:8bed0dbc8e04b4217db6bc2b6e1ce7a7144c0e85e3ff1ad71aba6bd13db61af5,846660387429,846662187429,12304687.5,True,False,13,1,True,6.153648151667105,6.153648151667105,200000.0,258466.66666666666,90,1076.808450021469,1081.8159525005442
scan-fw-7cb61f9e2e56f342,2026-09-17T13:10:01.565875Z,15000000,1992,5,2,upper,sha256:b7db425da6dc2fba53f3621c643884ec7c402ca3d5b3e67848b6b24ef314ed03,sha256:0958013058daaf39e03be48e378d82ca2a8fbd2da22edc9987e68a82984103c7,847514847009,847516647009,12304687.5,True,False,13,0,False,5.354331420897916,,,,0,,
scan-fw-84ee89a6734ea002,2026-09-17T16:50:01.571701Z,20000000,195,2,3,lower,sha256:576c3e2924baa41f2d40b0221e4834d771ec3fab25f7e6416548c5200a54819b,sha256:c3b4b1a0fb569c068cdd99434817da305d447d18ce77478d10ccd4727f03afd8,1157558004126,1157560404126,14804687.5,True,False,13,0,False,5.147405876344565,,,,0,,
scan-fw-84ee89a6734ea002,2026-09-17T16:50:01.571701Z,20000000,512,5,2,upper,sha256:576c3e2924baa41f2d40b0221e4834d771ec3fab25f7e6416548c5200a54819b,sha256:3d3fee630d88b5e0630bd43d16deecf44e6c45f4ec118f41dd42acbc6dd76fda,1158448123539,1158450523539,14804687.5,True,False,13,0,False,5.126778129841926,,,,0,,
scan-fw-84ee89a6734ea002,2026-09-17T16:50:01.571701Z,20000000,749,0,1,lower,sha256:576c3e2924baa41f2d40b0221e4834d771ec3fab25f7e6416548c5200a54819b,sha256:563f0781a2837891d82d2d6b1ce1a5b97e17b6f2a54ed7b2ba251273328dbc50,1159113413241,1159115813241,14804687.5,True,False,13,0,False,5.384555050531512,,,,0,,
scan-fw-84ee89a6734ea002,2026-09-17T16:50:01.571701Z,20000000,1156,4,1,upper,sha256:576c3e2924baa41f2d40b0221e4834d771ec3fab25f7e6416548c5200a54819b,sha256:e5238d9d85cdb5a538e6af621cd4b8043140aa6e64f487821b387f7943127f36,1160256126828,1160258526828,14804687.5,True,False,13,0,False,5.291457300464912,,,,0,,
scan-fw-84ee89a6734ea002,2026-09-17T16:50:01.571701Z,20000000,1358,1,2,lower,sha256:576c3e2924baa41f2d40b0221e4834d771ec3fab25f7e6416548c5200a54819b,sha256:bb5bd4877724cb3278ba1033ea27d8d59c7a7a9b18cc95d702d39f4163f8037b,1160823248973,1160825648973,14804687.5,True,False,13,1,True,6.4266804398738016,6.4266804398738016,200000.0,1033266.6666579898,89,983.7794231789554,905.0766762649197
scan-fw-84ee89a6734ea002,2026-09-17T16:50:01.571701Z,20000000,1446,7,4,upper,sha256:576c3e2924baa41f2d40b0221e4834d771ec3fab25f7e6416548c5200a54819b,sha256:a8cafd0d3c255005db482a5b4473ac5411de6308787db6391e5da7fc91a29897,1161070307697,1161072707697,14804687.5,True,False,13,0,False,5.806111608511495,,,,0,,
scan-fw-84ee89a6734ea002,2026-09-17T16:50:01.571701Z,20000000,1742,3,4,lower,sha256:576c3e2924baa41f2d40b0221e4834d771ec3fab25f7e6416548c5200a54819b,sha256:d72d2d9b6b238d145f3b19c3b7b90c39be3ee52713a2129401cd8eacb95d72b5,1161901494498,1161903894498,14804687.5,True,False,13,0,False,4.997909780032074,,,,0,,
scan-fw-856a78101d6735d2,2026-09-17T09:40:02.060099Z,15000000,122,4,1,upper,sha256:016ac5f5f6f72538b7104f2db0215b3a8305e7554cdc5ba1b527f12b0d849b4c,sha256:a413e38995434ddcbdd8372e8dde3380915fd0ad1103bcc14d43d7861b2e11e2,534711711105,534713511105,12304687.5,True,False,13,0,False,5.125794619233003,,,,0,,
scan-fw-856a78101d6735d2,2026-09-17T09:40:02.060099Z,15000000,748,0,1,lower,sha256:016ac5f5f6f72538b7104f2db0215b3a8305e7554cdc5ba1b527f12b0d849b4c,sha256:99e14d4edc38653d38e9f1e6b82428806e88174f4c1806dff7f90a319c5f4707,536029368096,536031168096,12304687.5,True,False,13,2,True,9.771225694431196,9.771225694431196,0.0,416333.3333333333,90,914.3450275312706,956.0210367406722
scan-fw-856a78101d6735d2,2026-09-17T09:40:02.060099Z,15000000,801,6,3,upper,sha256:016ac5f5f6f72538b7104f2db0215b3a8305e7554cdc5ba1b527f12b0d849b4c,sha256:37bcdbfd52f2ce643d01ae5ae40d8bf272d5f797f5932101f14cfaf177c3e414,536140913592,536142713592,12304687.5,True,False,13,1,True,11.863581404532287,11.863581404532287,-200000.0,419600.0,90,952.0110291968232,995.8202509266883
scan-fw-856a78101d6735d2,2026-09-17T09:40:02.060099Z,15000000,1037,2,3,lower,sha256:016ac5f5f6f72538b7104f2db0215b3a8305e7554cdc5ba1b527f12b0d849b4c,sha256:78ce626699a9711ccf8a1f1e29e1d56e63df224c5095408fa6d7bd524dec0511,536637592461,536639392461,12304687.5,True,False,13,0,False,5.366058224604948,,,,0,,
scan-fw-856a78101d6735d2,2026-09-17T09:40:02.060099Z,15000000,1219,5,2,upper,sha256:016ac5f5f6f72538b7104f2db0215b3a8305e7554cdc5ba1b527f12b0d849b4c,sha256:9de08b91945295684ad81e38fb184f7fbfdc7a6fb1eb016189f0b30f73b0c26b,537020641209,537022441209,12304687.5,True,False,13,0,False,5.434435442521389,,,,0,,
scan-fw-856a78101d6735d2,2026-09-17T09:40:02.060099Z,15000000,1224,7,4,upper,sha256:016ac5f5f6f72538b7104f2db0215b3a8305e7554cdc5ba1b527f12b0d849b4c,sha256:da819ee118789c522979338244b2ee243f0ad06aa3dcf86fca04877b21225eb0,537031160946,537032960946,12304687.5,True,False,13,2,True,18.244630597179125,18.244630597179125,-200000.0,420866.6666666667,90,1003.8203032344868,997.0117892563393
scan-fw-856a78101d6735d2,2026-09-17T09:40:02.060099Z,15000000,1227,3,4,lower,sha256:016ac5f5f6f72538b7104f2db0215b3a8305e7554cdc5ba1b527f12b0d849b4c,sha256:da819ee118789c522979338244b2ee243f0ad06aa3dcf86fca04877b21225eb0,537037474170,537039274170,12304687.5,True,False,13,2,True,15.515630820643969,15.515630820643969,0.0,421000.0,90,1053.5724658326292,1145.995252082182
scan-fw-96b4e126ec00ff76,2026-09-17T20:40:01.560981Z,15000000,198,3,4,lower,sha256:9f329117e480e5fd911f73e4e23fbc276f07f33a9702b4bdcc2afce7955cd773,sha256:08ee102adc3efc5c2b6702b81cff815684135dbf924cf81e193cf50b21f6fe1a,1492457326854,1492459126854,12304687.5,True,False,13,0,False,5.106309383375159,,,,0,,
scan-fw-96b4e126ec00ff76,2026-09-17T20:40:01.560981Z,15000000,342,0,1,lower,sha256:9f329117e480e5fd911f73e4e23fbc276f07f33a9702b4bdcc2afce7955cd773,sha256:0eb02cde4301cc0784814f628fc50c67af3a684e7fde19dee7c605c33d429d4c,1492760397270,1492762197270,12304687.5,True,False,13,0,False,5.334491004818866,,,,0,,
scan-fw-96b4e126ec00ff76,2026-09-17T20:40:01.560981Z,15000000,381,7,4,upper,sha256:9f329117e480e5fd911f73e4e23fbc276f07f33a9702b4bdcc2afce7955cd773,sha256:e5ef2270ed9dc8e53968903af6f68754cd141bac139c7dcb965ba5d7d9564561,1492842552573,1492844352573,12304687.5,True,False,13,0,False,5.783780979834969,,,,0,,
scan-fw-96b4e126ec00ff76,2026-09-17T20:40:01.560981Z,15000000,1090,5,2,upper,sha256:9f329117e480e5fd911f73e4e23fbc276f07f33a9702b4bdcc2afce7955cd773,sha256:b6942e227f0917bf1754625fa58f6c90734266484c53d6d54cc2f231674e90e0,1494334747935,1494336547935,12304687.5,True,False,13,0,False,5.657932812593614,,,,0,,
scan-fw-96b4e126ec00ff76,2026-09-17T20:40:01.560981Z,15000000,1210,6,3,upper,sha256:9f329117e480e5fd911f73e4e23fbc276f07f33a9702b4bdcc2afce7955cd773,sha256:a9888e2b333b8d8f4d89461bf636e56544a5fcd24366bb0f4191f17d0f32bab8,1494587300196,1494589100196,12304687.5,True,False,13,0,False,5.721538855781894,,,,0,,
scan-fw-96b4e126ec00ff76,2026-09-17T20:40:01.560981Z,15000000,1402,1,2,lower,sha256:9f329117e480e5fd911f73e4e23fbc276f07f33a9702b4bdcc2afce7955cd773,sha256:014df561e413510caf9e5a04c8d2ead1c9a04de76e269e1806278f0cede7ac0c,1494991408530,1494993208530,12304687.5,True,False,13,0,False,5.7587133898824785,,,,0,,
scan-fw-96b4e126ec00ff76,2026-09-17T20:40:01.560981Z,15000000,1551,4,1,upper,sha256:9f329117e480e5fd911f73e4e23fbc276f07f33a9702b4bdcc2afce7955cd773,sha256:e9008f9838a6fb8d1217974189aa832f18523062574947960e19d83cc41fd953,1495305049260,1495306849260,12304687.5,True,False,13,0,False,5.46908788413308,,,,0,,
scan-fw-9af6c64585de4fbb,2026-09-17T13:40:01.273292Z,15000000,151,3,4,lower,sha256:be774af56a4fbf52672983ee68f41fcce88ad44e6226e0d6880ae4b6443ed740,sha256:d76b3bb6ab8ea4d60471f51c1492f3a2605098e7906314a64a76b28c15848643,887011518986,887013318986,12304687.5,True,False,13,1,True,6.041405854267798,6.041405854267798,1200000.0,906666.6666666666,90,1113.4406362151285,1102.7937697397424
scan-fw-9af6c64585de4fbb,2026-09-17T13:40:01.273292Z,15000000,418,5,2,upper,sha256:be774af56a4fbf52672983ee68f41fcce88ad44e6226e0d6880ae4b6443ed740,sha256:eef1226e4dffb5c4daf6b3a77aeb9db5bb583fe784fe4c6b8c37054329c6a8a5,887573514368,887575314368,12304687.5,True,False,13,1,True,7.881699414184405,7.881699414184405,-200000.0,9666.666666666666,90,1013.2940053585936,1030.228207571439
scan-fw-9af6c64585de4fbb,2026-09-17T13:40:01.273292Z,15000000,671,4,1,upper,sha256:be774af56a4fbf52672983ee68f41fcce88ad44e6226e0d6880ae4b6443ed740,sha256:f52359ca9b3cac37597aa053b786a49351bfd7e5e04e80c98ce7d1026e536d98,888106089287,888107889287,12304687.5,True,False,13,0,False,5.196077633875797,,,,0,,
scan-fw-9af6c64585de4fbb,2026-09-17T13:40:01.273292Z,15000000,1073,7,4,upper,sha256:be774af56a4fbf52672983ee68f41fcce88ad44e6226e0d6880ae4b6443ed740,sha256:4ada6a5e57e750a2eabeb71851ab161d4b0f6bd273bd0a1ae12a1aa28c5cbb83,888952162748,888953962748,12304687.5,True,False,13,0,False,5.125904901609895,,,,0,,
scan-fw-9af6c64585de4fbb,2026-09-17T13:40:01.273292Z,15000000,1156,2,3,lower,sha256:be774af56a4fbf52672983ee68f41fcce88ad44e6226e0d6880ae4b6443ed740,sha256:2c3c8b747100532ed0b839bf5b0bf90cf922c21f357a38b3dfd86cf351f13112,889126841852,889128641852,12304687.5,True,False,13,0,False,5.422702337519331,,,,0,,
scan-fw-9af6c64585de4fbb,2026-09-17T13:40:01.273292Z,15000000,1163,0,1,lower,sha256:be774af56a4fbf52672983ee68f41fcce88ad44e6226e0d6880ae4b6443ed740,sha256:e13e25a3d0b1df8a14e0da4f91b7439996241fc3c79ee07b7cbe5ba9be2f4e1e,889141577294,889143377294,12304687.5,True,False,13,2,True,11.976052002978426,11.976052002978426,0.0,431666.6666666667,90,1009.9400587529402,1006.5343220794451
scan-fw-9af6c64585de4fbb,2026-09-17T13:40:01.273292Z,15000000,1650,6,3,upper,sha256:be774af56a4fbf52672983ee68f41fcce88ad44e6226e0d6880ae4b6443ed740,sha256:7f14fd9e1f1b0a0db2fa1de4f16ab5f412f4e9f1c208134031f038133da2576b,890166468449,890168268449,12304687.5,True,False,13,0,False,5.186638263381144,,,,0,,
scan-fw-a1453a551a154915,2026-09-17T23:30:01.623594Z,10000000,166,7,4,upper,sha256:a4f06f43b5499995fa4daa0d30013af5b8caae0364181df75e93a284fa7a9049,sha256:57375b411026f361a435d43b3a5fc41b4d43b14a3e21757a42b624b7c00ec4d8,1735899860646,1735901060646,9804687.5,True,False,13,0,False,5.157769078393582,,,,0,,
scan-fw-a1453a551a154915,2026-09-17T23:30:01.623594Z,10000000,504,2,3,lower,sha256:a4f06f43b5499995fa4daa0d30013af5b8caae0364181df75e93a284fa7a9049,sha256:389acaaebf9de2670d2316d0574b7f07b809b1a5dfbe3144fbc4a1ed52b3f3b6,1736374096086,1736375296086,9804687.5,True,False,13,0,False,5.13330839163441,,,,0,,
scan-fw-a1453a551a154915,2026-09-17T23:30:01.623594Z,10000000,563,0,1,lower,sha256:a4f06f43b5499995fa4daa0d30013af5b8caae0364181df75e93a284fa7a9049,sha256:ce6c2582ae5200407df4f66a0ea5a7650a1557335d9c66735971f4fedeea3dc9,1736456885517,1736458085517,9804687.5,True,False,13,0,False,5.305885303338996,,,,0,,
scan-fw-a1453a551a154915,2026-09-17T23:30:01.623594Z,10000000,1026,4,1,upper,sha256:a4f06f43b5499995fa4daa0d30013af5b8caae0364181df75e93a284fa7a9049,sha256:1ee4383b5d3dbe0d2a49d69bdd34686efb6227ed30959669612ad2e4346db5d4,1737106553088,1737107753088,9804687.5,True,False,13,0,False,5.430394182938474,,,,0,,
scan-fw-a1453a551a154915,2026-09-17T23:30:01.623594Z,10000000,1469,3,4,lower,sha256:a4f06f43b5499995fa4daa0d30013af5b8caae0364181df75e93a284fa7a9049,sha256:1c9989a99f972e2cd1f6371bb5cfc375d0b940c775ad6913a3bd3a7a575b222c,1737728141742,1737729341742,9804687.5,True,False,13,0,False,4.717250797215385,,,,0,,
scan-fw-a1453a551a154915,2026-09-17T23:30:01.623594Z,10000000,1694,1,2,lower,sha256:a4f06f43b5499995fa4daa0d30013af5b8caae0364181df75e93a284fa7a9049,sha256:9451c772974f85d9ffb63131faff11110ef04681733e8d733bb9150267d7603c,1738043845167,1738045045167,9804687.5,True,False,13,0,False,5.440904333199399,,,,0,,
scan-fw-a1453a551a154915,2026-09-17T23:30:01.623594Z,10000000,1718,5,2,upper,sha256:a4f06f43b5499995fa4daa0d30013af5b8caae0364181df75e93a284fa7a9049,sha256:5fceb50294c903cd2389970ac611414949fea72508ec4dcd1f217fe9d1907336,1738077514470,1738078714470,9804687.5,True,False,13,0,False,5.072978024340184,,,,0,,
scan-fw-a65d4f755073c20e,2026-09-17T22:40:01.496657Z,15000000,87,2,3,lower,sha256:572a0bde30d3b7b046288d007fad9065ea2c18c51e3a1528cd4d1fabbb7f550e,sha256:a76199509bcfc8a31eeaec6ecc4f24a9eb565121e07cc574833458cf0585832e,1659567285418,1659569085418,12304687.5,True,False,13,0,False,5.23336979145571,,,,0,,
scan-fw-a65d4f755073c20e,2026-09-17T22:40:01.496657Z,15000000,202,3,4,lower,sha256:572a0bde30d3b7b046288d007fad9065ea2c18c51e3a1528cd4d1fabbb7f550e,sha256:1300f431cc2b668b666e83dd4d6fdfee85f04390d23fe18fdbb299977aad0061,1659809312728,1659811112728,12304687.5,True,False,13,0,False,5.182285652422638,,,,0,,
scan-fw-a65d4f755073c20e,2026-09-17T22:40:01.496657Z,15000000,282,4,1,upper,sha256:572a0bde30d3b7b046288d007fad9065ea2c18c51e3a1528cd4d1fabbb7f550e,sha256:a7dad854b97ffa1712234a35ec62590dd83a5f6b6234bc86e3fe34c5eca93bcd,1659977721073,1659979521073,12304687.5,True,False,13,0,False,5.460548088194648,,,,0,,
scan-fw-a65d4f755073c20e,2026-09-17T22:40:01.496657Z,15000000,299,5,2,upper,sha256:572a0bde30d3b7b046288d007fad9065ea2c18c51e3a1528cd4d1fabbb7f550e,sha256:114c7143793dbd4cebf9f0dafd1883ffb9c4a8c17d4a3dae815db51f86358a97,1660013490643,1660015290643,12304687.5,True,False,13,0,False,5.1240896164693766,,,,0,,
scan-fw-a65d4f755073c20e,2026-09-17T22:40:01.496657Z,15000000,603,1,2,lower,sha256:572a0bde30d3b7b046288d007fad9065ea2c18c51e3a1528cd4d1fabbb7f550e,sha256:35c1ec9022cb7186b7bedf3d252e16f6d651547c65e45752eacaf1c869dbfa7d,1660653363193,1660655163193,12304687.5,True,False,13,0,False,5.283318144848835,,,,0,,
scan-fw-a65d4f755073c20e,2026-09-17T22:40:01.496657Z,15000000,1305,7,4,upper,sha256:572a0bde30d3b7b046288d007fad9065ea2c18c51e3a1528cd4d1fabbb7f550e,sha256:5ea001135a9bf652bd46f4634bd079f648a9826c862503be91629cb2ddabdd4e,1662130790884,1662132590884,12304687.5,True,False,13,2,True,7.105828847128394,7.105828847128394,-200000.0,361866.6666666667,90,1073.0605697954013,1134.9030629960787
scan-fw-a65d4f755073c20e,2026-09-17T22:40:01.496657Z,15000000,1394,6,3,upper,sha256:572a0bde30d3b7b046288d007fad9065ea2c18c51e3a1528cd4d1fabbb7f550e,sha256:ad16b1466dc580fe37f2d70317862bdc94233b455c94cbf2cea0fe825f830e22,1662318098887,1662319898887,12304687.5,True,False,13,0,False,4.895409261068594,,,,0,,
scan-fw-adc3b468b30c9c7b,2026-09-17T09:00:01.596467Z,10000000,110,6,3,upper,sha256:eb50c1f00d216d5df526cb2e4a99f7cf0fee8946120a5791633055fda7454dc2,sha256:5764dd088c8ea2f080ad610fc922f4e8e94acab4a76a38908b6fbab1d02df059,476715389615,476716589615,9804687.5,True,False,13,0,False,5.776754359078982,,,,0,,
scan-fw-adc3b468b30c9c7b,2026-09-17T09:00:01.596467Z,10000000,771,0,1,lower,sha256:eb50c1f00d216d5df526cb2e4a99f7cf0fee8946120a5791633055fda7454dc2,sha256:c8bd12c721eccf717e1819387f357f6256eb4e92bf5b47b82647a08f2e79c57f,477642828668,477644028668,9804687.5,True,False,13,0,False,4.763532283339556,,,,0,,
scan-fw-adc3b468b30c9c7b,2026-09-17T09:00:01.596467Z,10000000,798,2,3,lower,sha256:eb50c1f00d216d5df526cb2e4a99f7cf0fee8946120a5791633055fda7454dc2,sha256:4035afe54794996d5d315baaee89ed3cc08ce9cf32c12ad0ec59ea0913c48366,477680718386,477681918386,9804687.5,True,False,13,0,False,5.4447118492845,,,,0,,
scan-fw-adc3b468b30c9c7b,2026-09-17T09:00:01.596467Z,10000000,1458,1,2,lower,sha256:eb50c1f00d216d5df526cb2e4a99f7cf0fee8946120a5791633055fda7454dc2,sha256:5a6ccfc031ab49a0c6dc3aabbe34e4ba05d1241ef8946836c9e45d00da149a6b,478606756457,478607956457,9804687.5,True,False,13,0,False,5.524158246658255,,,,0,,
scan-fw-adc3b468b30c9c7b,2026-09-17T09:00:01.596467Z,10000000,1498,7,4,upper,sha256:eb50c1f00d216d5df526cb2e4a99f7cf0fee8946120a5791633055fda7454dc2,sha256:03ab038f329402ce91272a03df1c1ff7991bc293832d02bf35803cf6d72ee747,478662895637,478664095637,9804687.5,True,False,13,1,True,21.145154363063803,21.145154363063803,-200000.0,218266.66665710654,90,548.4303309664012,389.0356969590375
scan-fw-adc3b468b30c9c7b,2026-09-17T09:00:01.596467Z,10000000,1792,4,1,upper,sha256:eb50c1f00d216d5df526cb2e4a99f7cf0fee8946120a5791633055fda7454dc2,sha256:362583c8f28eb7f760228a9077ae7ed8ff1c774d31e662eeac48d4fe898720b4,479075355512,479076555512,9804687.5,True,False,13,0,False,5.02839280310253,,,,0,,
scan-fw-adc3b468b30c9c7b,2026-09-17T09:00:01.596467Z,10000000,1883,5,2,upper,sha256:eb50c1f00d216d5df526cb2e4a99f7cf0fee8946120a5791633055fda7454dc2,sha256:55d241c26be9f1db2eb79c7e8e7d618131b4c2d71656160bd9ba728ff8534108,479203037618,479204237618,9804687.5,True,False,13,0,False,5.777257324772869,,,,0,,
scan-fw-ae120ce6c07b3587,2026-09-17T12:00:01.366914Z,10000000,134,4,1,upper,sha256:796a6053f4c8383104260515f470f294be4ba8de6d89013bb1e752b208dd9b75,sha256:9e3c282e9b572765fbb68195cf3cc2d203ef085a7072c00fd58979d8a6a96893,746477525846,746478725846,9804687.5,True,False,13,0,False,5.568979854483561,,,,0,,
scan-fw-ae120ce6c07b3587,2026-09-17T12:00:01.366914Z,10000000,336,5,2,upper,sha256:796a6053f4c8383104260515f470f294be4ba8de6d89013bb1e752b208dd9b75,sha256:97d656077f4cd46a7ac3fcd2d2034f2c5ebf4f12e2fe62a0ae8a2ce777361fe2,746760976790,746762176790,9804687.5,True,False,13,0,False,5.637672463806074,,,,0,,
scan-fw-ae120ce6c07b3587,2026-09-17T12:00:01.366914Z,10000000,1374,1,2,lower,sha256:796a6053f4c8383104260515f470f294be4ba8de6d89013bb1e752b208dd9b75,sha256:ebd416e98d3bdbced7bdc726c9245721f1c85cbff2fde437d09ff4fbdc53a6f0,748217291351,748218491351,9804687.5,True,False,13,0,False,5.337753859800871,,,,0,,
scan-fw-ae120ce6c07b3587,2026-09-17T12:00:01.366914Z,10000000,1469,6,3,upper,sha256:796a6053f4c8383104260515f470f294be4ba8de6d89013bb1e752b208dd9b75,sha256:d01b1f5684d5a195b18e8d41ec1f5ac48f627bf27a2da0d0b3f7e9d65223de86,748350538106,748351738106,9804687.5,True,False,13,0,False,5.570900664984151,,,,0,,
scan-fw-ae120ce6c07b3587,2026-09-17T12:00:01.366914Z,10000000,1768,3,4,lower,sha256:796a6053f4c8383104260515f470f294be4ba8de6d89013bb1e752b208dd9b75,sha256:9e0e409636082bfc72bd9e9b1419fd818388862b27b05350be6652e471c13d36,748770083714,748771283714,9804687.5,True,False,13,0,False,4.767433302765293,,,,0,,
scan-fw-ae120ce6c07b3587,2026-09-17T12:00:01.366914Z,10000000,1777,7,4,upper,sha256:796a6053f4c8383104260515f470f294be4ba8de6d89013bb1e752b208dd9b75,sha256:2cb3b13d80b30027f0d711fd9a42c4fed8015dfdbf506cc79018a8b1906fef47,748782709814,748783909814,9804687.5,True,False,13,0,False,5.101155226959359,,,,0,,
scan-fw-ae120ce6c07b3587,2026-09-17T12:00:01.366914Z,10000000,1946,2,3,lower,sha256:796a6053f4c8383104260515f470f294be4ba8de6d89013bb1e752b208dd9b75,sha256:a2d297eb60c188fafe9d9fc7a80f81ad81b3887c43158e1a3dd9c579c5b5e1e5,749019812249,749021012249,9804687.5,True,False,13,0,False,4.787098453879568,,,,0,,
scan-fw-b1f2e5ba215cfa49,2026-09-17T12:40:01.630030Z,15000000,435,5,2,upper,sha256:f742f16ee7e0d8202b8cf7a18da21c9109597976922c8faef4c0275e9e3b85ff,sha256:b99e915c4729be920fc5ea7776372bcbb360ff6f46facda4f95c222dbb8f65f1,800454704050,800456504050,12304687.5,True,False,13,0,False,5.382898402887659,,,,0,,
scan-fw-b1f2e5ba215cfa49,2026-09-17T12:40:01.630030Z,15000000,492,0,1,lower,sha256:f742f16ee7e0d8202b8cf7a18da21c9109597976922c8faef4c0275e9e3b85ff,sha256:ecd2b523c0d79dc103ca8c854802318c7dbc7fd0efd2d7b940173523ac7e3291,800574683890,800576483890,12304687.5,True,False,13,1,True,6.331438403526607,6.331438403526607,1000000.0,948800.0,90,1068.4321627486916,1097.3765416345666
scan-fw-b1f2e5ba215cfa49,2026-09-17T12:40:01.630030Z,15000000,969,6,3,upper,sha256:f742f16ee7e0d8202b8cf7a18da21c9109597976922c8faef4c0275e9e3b85ff,sha256:aec4ff1812bd92ee7eb0802e9b5ebd81dcc4848b8a984723e634effe004b2f27,801578570833,801580370833,12304687.5,True,False,13,0,False,5.129394862946598,,,,0,,
scan-fw-b1f2e5ba215cfa49,2026-09-17T12:40:01.630030Z,15000000,983,4,1,upper,sha256:f742f16ee7e0d8202b8cf7a18da21c9109597976922c8faef4c0275e9e3b85ff,sha256:6625499ec5fd7a3ea6c7f0430b381534fb931b15afec83b315fc4524238158cf,801608029780,801609829780,12304687.5,True,False,13,1,True,14.025692887550775,14.025692887550775,-200000.0,1139666.6666666667,90,1074.2206285985278,977.5417783221593
scan-fw-b1f2e5ba215cfa49,2026-09-17T12:40:01.630030Z,15000000,1227,7,4,upper,sha256:f742f16ee7e0d8202b8cf7a18da21c9109597976922c8faef4c0275e9e3b85ff,sha256:6359d7ec0af3553c3ea719cd9fdd8008309fba3fbfe84ff0f982b6e641a67ea1,802121522002,802123322002,12304687.5,True,False,13,1,True,7.156464358872857,7.156464358872857,-200000.0,995666.6666666666,90,1005.9959595162336,1087.73574758757
scan-fw-b1f2e5ba215cfa49,2026-09-17T12:40:01.630030Z,15000000,1741,1,2,lower,sha256:f742f16ee7e0d8202b8cf7a18da21c9109597976922c8faef4c0275e9e3b85ff,sha256:217ddd1258cef52e3e5029d1382e6cfd43b6c7363102299a4a43e4e6164d5623,803203342420,803205142420,12304687.5,True,False,13,0,False,4.8156804937037,,,,0,,
scan-fw-b1f2e5ba215cfa49,2026-09-17T12:40:01.630030Z,15000000,2013,3,4,lower,sha256:f742f16ee7e0d8202b8cf7a18da21c9109597976922c8faef4c0275e9e3b85ff,sha256:25135326fb6ccc96d796697c43e31e61ae80e5b0c4f129cb1935baa95cf25717,803775815632,803777615632,12304687.5,True,False,13,0,False,4.930333708699143,,,,0,,
scan-fw-b62904c4cec1dd57,2026-09-17T17:00:01.662720Z,10000000,130,5,2,upper,sha256:592d133d21d99b71b549aa84a7afc717e10ad154ae645b113e7f5fce153be0a7,sha256:1177a72a2c4f025ba481e23be30396049ce98bf511401bfaa564ea4edd0fed5c,1172376882156,1172378082156,9804687.5,True,False,13,0,False,4.992156433327857,,,,0,,
scan-fw-b62904c4cec1dd57,2026-09-17T17:00:01.662720Z,10000000,553,7,4,upper,sha256:592d133d21d99b71b549aa84a7afc717e10ad154ae645b113e7f5fce153be0a7,sha256:ddffd375563a5b97a788d0641422c93f0ad2e8e1d109d7fa2872cd833e9503a9,1172970365607,1172971565607,9804687.5,True,False,13,3,True,14.432886291225675,14.432886291225675,-200000.0,279999.9999964699,90,762.9222910134524,780.7116845317136
scan-fw-b62904c4cec1dd57,2026-09-17T17:00:01.662720Z,10000000,836,1,2,lower,sha256:592d133d21d99b71b549aa84a7afc717e10ad154ae645b113e7f5fce153be0a7,sha256:da475a1d652fbea24426eaae2595d4e02865e6b3422deead91687171ef6b6493,1173367451172,1173368651172,9804687.5,True,False,13,0,False,4.993227149871861,,,,0,,
scan-fw-b62904c4cec1dd57,2026-09-17T17:00:01.662720Z,10000000,896,2,3,lower,sha256:592d133d21d99b71b549aa84a7afc717e10ad154ae645b113e7f5fce153be0a7,sha256:cdc06c4e3a0b8c618388b46e1bac58e1d9a805452fbb7cf870809ae489855fd1,1173451639095,1173452839095,9804687.5,True,False,13,0,False,5.019023697279799,,,,0,,
scan-fw-b62904c4cec1dd57,2026-09-17T17:00:01.662720Z,10000000,935,4,1,upper,sha256:592d133d21d99b71b549aa84a7afc717e10ad154ae645b113e7f5fce153be0a7,sha256:d3a25d3c56064798355555d430cb820eade0903014af0a9af08026cce923c208,1173506354031,1173507554031,9804687.5,True,False,13,0,False,5.089751610025313,,,,0,,
scan-fw-b62904c4cec1dd57,2026-09-17T17:00:01.662720Z,10000000,1894,0,1,lower,sha256:592d133d21d99b71b549aa84a7afc717e10ad154ae645b113e7f5fce153be0a7,sha256:51c350fa8f668adf845eaf8870b255b8adc3f0e1187ff5fc5805f23d4ff4e743,1174851933717,1174853133717,9804687.5,True,False,13,1,True,6.059543651271372,6.059543651271372,-400000.0,1122599.9999879135,90,1090.6345603285479,1110.2360233517006
scan-fw-b62904c4cec1dd57,2026-09-17T17:00:01.662720Z,10000000,1931,6,3,upper,sha256:592d133d21d99b71b549aa84a7afc717e10ad154ae645b113e7f5fce153be0a7,sha256:c367855bdedb44c94eb382116ca69535a63a1c9902e083a4c606dc0fe4f8023c,1174903836378,1174905036378,9804687.5,True,False,13,0,False,5.41262089473492,,,,0,,
scan-fw-b668568d6721d389,2026-09-17T16:30:01.310689Z,10000000,413,0,1,lower,sha256:1b74c8b04203ee682e269fddb312486f2aa1f211e83ea2ee633612431acd454a,sha256:6256169bb4d1282884fe7790850699cc5e61ac2a3d43eb2b6ce7d19b3827c190,1127098619673,1127099819673,9804687.5,True,False,13,0,False,5.458931125784786,,,,0,,
scan-fw-b668568d6721d389,2026-09-17T16:30:01.310689Z,10000000,449,7,4,upper,sha256:1b74c8b04203ee682e269fddb312486f2aa1f211e83ea2ee633612431acd454a,sha256:54363e480dee7811a65bd4d0f4e391c535b8fb8bc736cba48771c7976097d7d9,1127149143198,1127150343198,9804687.5,True,False,13,0,False,5.1781163208612995,,,,0,,
scan-fw-b668568d6721d389,2026-09-17T16:30:01.310689Z,10000000,635,4,1,upper,sha256:1b74c8b04203ee682e269fddb312486f2aa1f211e83ea2ee633612431acd454a,sha256:2c999cc0be507ba3e49a76d7c10483e7f9506e1bad9f414f5c01159014a9c88c,1127410146228,1127411346228,9804687.5,True,False,13,0,False,5.597998184913209,,,,0,,
scan-fw-b668568d6721d389,2026-09-17T16:30:01.310689Z,10000000,889,1,2,lower,sha256:1b74c8b04203ee682e269fddb312486f2aa1f211e83ea2ee633612431acd454a,sha256:794b39df6361c96c96ae70050a7f816191188fbdfa3754d9472327de2514306e,1127766488904,1127767688904,9804687.5,True,False,13,0,False,5.026334430482959,,,,0,,
scan-fw-b668568d6721d389,2026-09-17T16:30:01.310689Z,10000000,1090,3,4,lower,sha256:1b74c8b04203ee682e269fddb312486f2aa1f211e83ea2ee633612431acd454a,sha256:885d84b18cdb22b1d4465f7b31f2f6aeaed4f0168ad3bb8d6f95a6859c4e56a3,1128048526182,1128049726182,9804687.5,True,False,13,2,True,11.924104912192016,11.924104912192016,200000.0,1225466.66665971,90,751.7616447284078,742.4592038384968
scan-fw-b668568d6721d389,2026-09-17T16:30:01.310689Z,10000000,1361,2,3,lower,sha256:1b74c8b04203ee682e269fddb312486f2aa1f211e83ea2ee633612431acd454a,sha256:19a7aad66d24057c786d731e49d169fe8e01826b3d4b041bc22999b3edf37474,1128428760237,1128429960237,9804687.5,True,False,13,0,False,5.604819446788796,,,,0,,
scan-fw-b668568d6721d389,2026-09-17T16:30:01.310689Z,10000000,1606,6,3,upper,sha256:1b74c8b04203ee682e269fddb312486f2aa1f211e83ea2ee633612431acd454a,sha256:8a8f8c08188a6e87b18b4c9b23e347e4326310710814ee76ac9b2c946bce02c8,1128772540467,1128773740467,9804687.5,True,False,13,0,False,5.365106171229345,,,,0,,
scan-fw-c06a6d0069990294,2026-09-17T13:50:01.659181Z,20000000,140,3,4,lower,sha256:a7fbcf3029f8ad1372197c0094a030802b05f33a9bbe0643c5d2e056c11ca945,sha256:6ddb62c766890a685373430906ed0125b1fece0907b1aaae106f4798e818cb5b,900793072644,900795472644,14804687.5,True,False,13,0,False,5.441046952023947,,,,0,,
scan-fw-c06a6d0069990294,2026-09-17T13:50:01.659181Z,20000000,161,2,3,lower,sha256:a7fbcf3029f8ad1372197c0094a030802b05f33a9bbe0643c5d2e056c11ca945,sha256:03ee1b9856ed067ec1bda33a3bdc3a7296bfaf9def34a786180679b37eee2d99,900852018957,900854418957,14804687.5,True,False,13,0,False,5.522110672559235,,,,0,,
scan-fw-c06a6d0069990294,2026-09-17T13:50:01.659181Z,20000000,421,0,1,lower,sha256:a7fbcf3029f8ad1372197c0094a030802b05f33a9bbe0643c5d2e056c11ca945,sha256:11d6a2897f10c710a63bd679eeb5f6514d36821847eb95fe7ab6ca04b773dee2,901582247139,901584647139,14804687.5,True,False,13,0,False,5.361141878790913,,,,0,,
scan-fw-c06a6d0069990294,2026-09-17T13:50:01.659181Z,20000000,1587,7,4,upper,sha256:a7fbcf3029f8ad1372197c0094a030802b05f33a9bbe0643c5d2e056c11ca945,sha256:48a1af9b16957d391d5fef163c1db9f20a1169b772e552d0ad57e541a1ad499d,904856028786,904858428786,14804687.5,True,False,14,4,True,24.424848561545154,24.424848561545154,-200000.0,709533.3333231945,90,771.9611381688288,843.2437429488697
scan-fw-c06a6d0069990294,2026-09-17T13:50:01.659181Z,20000000,1725,4,1,upper,sha256:a7fbcf3029f8ad1372197c0094a030802b05f33a9bbe0643c5d2e056c11ca945,sha256:d5fb6a17f019501d015dbe7cacc86b32352e3ed67a66975328cb471335cce878,905243443899,905245843899,14804687.5,True,False,13,0,False,5.346861295109318,,,,0,,
scan-fw-c06a6d0069990294,2026-09-17T13:50:01.659181Z,20000000,1784,1,2,lower,sha256:a7fbcf3029f8ad1372197c0094a030802b05f33a9bbe0643c5d2e056c11ca945,sha256:735faf842759636bfc5479935c0060a9b5458a235fdeeadcb755beda075ce955,905409100836,905411500836,14804687.5,True,False,13,0,False,5.769997530662074,,,,0,,
scan-fw-c06a6d0069990294,2026-09-17T13:50:01.659181Z,20000000,2040,6,3,upper,sha256:a7fbcf3029f8ad1372197c0094a030802b05f33a9bbe0643c5d2e056c11ca945,sha256:c69aed2b2e2492fc617d87054befe268ed4bbfb59fc9fee2c6c50147d8f579b5,906127800762,906130200762,14804687.5,True,False,13,2,True,6.641036658744021,6.641036658744021,-200000.0,843133.3333203029,90,877.6316006411826,730.0995609915697
scan-fw-c5d2a8fb00b1d4d4,2026-09-17T19:10:01.583730Z,15000000,263,2,3,lower,sha256:498d03d6c712ac97c2845027b832afec0fe6a4814ac22041e0e0a35b033265ce,sha256:5af9beafdcfa56106aa4443ad710f7e823661127c4f6dcfa2092985639ff601b,1363123815528,1363125615528,12304687.5,True,False,13,0,False,5.190441604768478,,,,0,,
scan-fw-c5d2a8fb00b1d4d4,2026-09-17T19:10:01.583730Z,15000000,558,1,2,lower,sha256:498d03d6c712ac97c2845027b832afec0fe6a4814ac22041e0e0a35b033265ce,sha256:acaee4ea6be2ef871d282c528145e69f4a27e94609b0490c3c7b399e6335d814,1363744653345,1363746453345,12304687.5,True,False,13,0,False,5.4656759046721435,,,,0,,
scan-fw-c5d2a8fb00b1d4d4,2026-09-17T19:10:01.583730Z,15000000,908,0,1,lower,sha256:498d03d6c712ac97c2845027b832afec0fe6a4814ac22041e0e0a35b033265ce,sha256:3e0439b4330fa8e22396465504a1c2f4dc1bf378def2e2f7e13ad18e96d6bbef,1364481243078,1364483043078,12304687.5,True,False,13,0,False,5.203446888423946,,,,0,,
scan-fw-c5d2a8fb00b1d4d4,2026-09-17T19:10:01.583730Z,15000000,1523,6,3,upper,sha256:498d03d6c712ac97c2845027b832afec0fe6a4814ac22041e0e0a35b033265ce,sha256:6bd63f18ed04390c646adf2d2b7652492ff49c10a3ae9c023418c746ff7716c7,1365775717926,1365777517926,12304687.5,True,False,13,0,False,4.884143590818244,,,,0,,
scan-fw-c5d2a8fb00b1d4d4,2026-09-17T19:10:01.583730Z,15000000,1666,3,4,lower,sha256:498d03d6c712ac97c2845027b832afec0fe6a4814ac22041e0e0a35b033265ce,sha256:304929b3e12ae9ada6e53525573dcb46147271df4989863119c6d679f6198236,1366076682681,1366078482681,12304687.5,True,False,14,2,True,6.5189283172765995,6.5189283172765995,0.0,6333.333333333333,90,979.2972276079053,1119.5111531705672
scan-fw-c5d2a8fb00b1d4d4,2026-09-17T19:10:01.583730Z,15000000,1714,7,4,upper,sha256:498d03d6c712ac97c2845027b832afec0fe6a4814ac22041e0e0a35b033265ce,sha256:e5e6a7f0303cbb2610586d89a39f8535356f8b6945fe33502bdf244556db5460,1366177720560,1366179520560,12304687.5,True,False,13,1,True,6.373380910816442,6.373380910816442,-200000.0,1533.3333333333335,90,1053.1272444393228,1163.3613955857445
scan-fw-c5d2a8fb00b1d4d4,2026-09-17T19:10:01.583730Z,15000000,1825,4,1,upper,sha256:498d03d6c712ac97c2845027b832afec0fe6a4814ac22041e0e0a35b033265ce,sha256:8310c5fc2f54745cb54bab762befc0f956e3ff2ed2164aa444e9ff40895d893c,1366411331745,1366413131745,12304687.5,True,False,13,0,False,5.625599286980139,,,,0,,
scan-fw-cc1edb68384854df,2026-09-17T15:10:01.348975Z,15000000,633,0,1,lower,sha256:83fcc254801779c6ae321f9237a78397971641b5196e1ed83bfa2c368cf238fe,sha256:2c3dd8b1a003f8a966e860b0be8b4666d5d4aa6e759e88c5f96cbda1e3a5d4f5,1013692699785,1013694499785,12304687.5,True,False,13,0,False,4.868433177323052,,,,0,,
scan-fw-cc1edb68384854df,2026-09-17T15:10:01.348975Z,15000000,635,7,4,upper,sha256:83fcc254801779c6ae321f9237a78397971641b5196e1ed83bfa2c368cf238fe,sha256:2c3dd8b1a003f8a966e860b0be8b4666d5d4aa6e759e88c5f96cbda1e3a5d4f5,1013696910378,1013698710378,12304687.5,True,False,13,1,True,7.81616803082674,7.81616803082674,-200000.0,851800.0,90,1114.6971636622795,1158.7615811527303
scan-fw-cc1edb68384854df,2026-09-17T15:10:01.348975Z,15000000,846,4,1,upper,sha256:83fcc254801779c6ae321f9237a78397971641b5196e1ed83bfa2c368cf238fe,sha256:835a0c502af6e9105d20c94bf9e1eeb37630f4a67ddb3bb4b0a4846350a0bc9e,1014141046452,1014142846452,12304687.5,True,False,13,1,True,7.041420213098581,7.041420213098581,-200000.0,873200.0,90,978.6832124384648,997.6067527505493
scan-fw-cc1edb68384854df,2026-09-17T15:10:01.348975Z,15000000,1262,2,3,lower,sha256:83fcc254801779c6ae321f9237a78397971641b5196e1ed83bfa2c368cf238fe,sha256:4fce8545c2376dc2768ef2574607cd5ae45b8eb7e5a3e2cea124087ea2891575,1015016688159,1015018488159,12304687.5,True,False,13,0,False,5.039951558279901,,,,0,,
scan-fw-cc1edb68384854df,2026-09-17T15:10:01.348975Z,15000000,1336,6,3,upper,sha256:83fcc254801779c6ae321f9237a78397971641b5196e1ed83bfa2c368cf238fe,sha256:c5c3440c7f223ac1dfc753a2e53362dd43357bc0976202c2eb2de81f78ffdd33,1015172411901,1015174211901,12304687.5,True,False,13,1,True,7.793017198498416,7.793017198498416,-200000.0,815133.3333333334,90,1190.866581949541,1215.717512935829
scan-fw-cc1edb68384854df,2026-09-17T15:10:01.348975Z,15000000,1557,3,4,lower,sha256:83fcc254801779c6ae321f9237a78397971641b5196e1ed83bfa2c368cf238fe,sha256:f7bc86fd0d5b33f8526bdf5bf27f4aecbaf8c9487b3ef5fdb9505ad56520d994,1015637531151,1015639331151,12304687.5,True,False,13,1,True,8.336694880500689,8.336694880500689,200000.0,892333.3333333333,90,721.5785300172206,809.3898224418343
scan-fw-cc1edb68384854df,2026-09-17T15:10:01.348975Z,15000000,1705,1,2,lower,sha256:83fcc254801779c6ae321f9237a78397971641b5196e1ed83bfa2c368cf238fe,sha256:6c06a34311ccf82850886799210ab5ffb29378b996804d98693f79223f9b94d7,1015948925895,1015950725895,12304687.5,True,False,13,0,False,5.012966454586382,,,,0,,
scan-fw-d16d9850f0f494bc,2026-09-17T23:10:01.295102Z,15000000,4,0,1,lower,sha256:af1939e83d80a8b027f7026411db94c6cd4a39e4155249e2fb51dff86c6c68aa,sha256:6a479e0243644d8230eacd169193b3eac73028d7dc76c4b770d9309e0bfce106,1703619861300,1703621661300,12304687.5,True,False,13,2,True,7.9246536063413915,7.9246536063413915,0.0,519600.00000000006,90,883.5298505305931,901.9268544848532
scan-fw-d16d9850f0f494bc,2026-09-17T23:10:01.295102Z,15000000,55,2,3,lower,sha256:af1939e83d80a8b027f7026411db94c6cd4a39e4155249e2fb51dff86c6c68aa,sha256:743b49e5149602ce6c98feddd9788855426d19768e65aba6ba83c1b93639f59c,1703727204561,1703729004561,12304687.5,True,False,13,0,False,5.1387155782717,,,,0,,
scan-fw-d16d9850f0f494bc,2026-09-17T23:10:01.295102Z,15000000,299,1,2,lower,sha256:af1939e83d80a8b027f7026411db94c6cd4a39e4155249e2fb51dff86c6c68aa,sha256:525fd4b04c9174e9b2c21823995cc9d917fed148b678cd97f0f5ec833e9bca8e,1704241038156,1704242838156,12304687.5,True,False,13,0,False,5.829901065359513,,,,0,,
scan-fw-d16d9850f0f494bc,2026-09-17T23:10:01.295102Z,15000000,694,3,4,lower,sha256:af1939e83d80a8b027f7026411db94c6cd4a39e4155249e2fb51dff86c6c68aa,sha256:92552d2de9ae1de56df646dd763700e93c08797337d73df3d58c2914ade215be,1705072415493,1705074215493,12304687.5,True,False,13,0,False,5.744591466669096,,,,0,,
scan-fw-d16d9850f0f494bc,2026-09-17T23:10:01.295102Z,15000000,1073,6,3,upper,sha256:af1939e83d80a8b027f7026411db94c6cd4a39e4155249e2fb51dff86c6c68aa,sha256:cf73a6372cb88a1f3422fad62ca413b8b40dee026cf11f6a3d74f3a803946716,1705870109664,1705871909664,12304687.5,True,False,13,0,False,5.541663204314924,,,,0,,
scan-fw-d16d9850f0f494bc,2026-09-17T23:10:01.295102Z,15000000,1514,7,4,upper,sha256:af1939e83d80a8b027f7026411db94c6cd4a39e4155249e2fb51dff86c6c68aa,sha256:00d2ce5a2276379d1fbfe0363e0d7ff40fb4610a73bd17ba564d7b6d5e08f964,1706798090025,1706799890025,12304687.5,True,False,13,0,False,5.639789901361045,,,,0,,
scan-fw-d16d9850f0f494bc,2026-09-17T23:10:01.295102Z,15000000,2039,4,1,upper,sha256:af1939e83d80a8b027f7026411db94c6cd4a39e4155249e2fb51dff86c6c68aa,sha256:7c66c1f88238c7e5abb3afbea6edcc39c1c26e70999a84bf438eff723b4122e6,1707903169500,1707904969500,12304687.5,True,False,13,0,False,5.869172223306795,,,,0,,
scan-fw-d355d83ab1474d34,2026-09-17T18:00:01.344526Z,10000000,18,4,1,upper,sha256:37121d3240dde3aa56f84210e7c9b10b32d44946629ffc012fb8f66536561b43,sha256:56d4e47a1425b7309f2477381b0ee8ef49157fd73603a50d411d6358f58f0e2a,1260541072365,1260542272365,9804687.5,True,False,13,0,False,5.437065153246902,,,,0,,
scan-fw-d355d83ab1474d34,2026-09-17T18:00:01.344526Z,10000000,314,0,1,lower,sha256:37121d3240dde3aa56f84210e7c9b10b32d44946629ffc012fb8f66536561b43,sha256:a7ae682dc325020a336d29117e2b329673c499c19e0b432bbc685ec5cd9855d4,1260956435757,1260957635757,9804687.5,True,False,13,0,False,5.97694490015936,,,,0,,
scan-fw-d355d83ab1474d34,2026-09-17T18:00:01.344526Z,10000000,813,5,2,upper,sha256:37121d3240dde3aa56f84210e7c9b10b32d44946629ffc012fb8f66536561b43,sha256:78279f6947871251cf35d49b9206f1f2db1becdf0f4284f26bf118bfcf40755e,1261656736800,1261657936800,9804687.5,True,False,13,0,False,4.9986084731180815,,,,0,,
scan-fw-d355d83ab1474d34,2026-09-17T18:00:01.344526Z,10000000,1315,7,4,upper,sha256:37121d3240dde3aa56f84210e7c9b10b32d44946629ffc012fb8f66536561b43,sha256:df2ab3576cb04e5b4f9fed817511f8a9ffbc4b54c0efcc117f5d13534479c5b2,1262361035907,1262362235907,9804687.5,True,False,13,0,False,5.120642332461946,,,,0,,
scan-fw-d355d83ab1474d34,2026-09-17T18:00:01.344526Z,10000000,1504,1,2,lower,sha256:37121d3240dde3aa56f84210e7c9b10b32d44946629ffc012fb8f66536561b43,sha256:f5a4970f18d705a5a5114c49f976e7a50d4a1b67e3b51f2991789a8396f6cf7d,1262626247886,1262627447886,9804687.5,True,False,13,2,True,11.841768844353851,11.841768844353851,0.0,250499.9999903957,90,1160.5936462813952,1107.732631518016
scan-fw-d355d83ab1474d34,2026-09-17T18:00:01.344526Z,10000000,1602,6,3,upper,sha256:37121d3240dde3aa56f84210e7c9b10b32d44946629ffc012fb8f66536561b43,sha256:9ed05cfb052de99194f9418a76a6c49bd1748259ee9cb57a727790ad224fc6f4,1262763759672,1262764959672,9804687.5,True,False,13,0,False,5.990853032976305,,,,0,,
scan-fw-d355d83ab1474d34,2026-09-17T18:00:01.344526Z,10000000,1660,3,4,lower,sha256:37121d3240dde3aa56f84210e7c9b10b32d44946629ffc012fb8f66536561b43,sha256:212dc7ddfd324c5da9fa02ac925662bda852a0c6dd72f4c4e7b3c437d3e5500c,1262845142832,1262846342832,9804687.5,True,False,13,1,True,6.1660696338188945,6.1660696338188945,-600000.0,986366.666656067,90,1105.374526816303,1004.1356804318995
scan-fw-d72f88e21eb9e620,2026-09-17T09:30:01.611607Z,10000000,846,1,2,lower,sha256:c32466e3bd005a0c757b0aad67745560e38beea7bb741fbc231f374836920fd4,sha256:0119158dabadf4d552c538a21e1e8a0be0b8150dbd8b344ee8a5789e8fb9652b,523445518316,523446718316,9804687.5,True,False,13,0,False,4.9011053410830145,,,,0,,
scan-fw-d72f88e21eb9e620,2026-09-17T09:30:01.611607Z,10000000,872,7,4,upper,sha256:c32466e3bd005a0c757b0aad67745560e38beea7bb741fbc231f374836920fd4,sha256:c9a46fe22c5acca22cf0acb153c41a27feb32f57ced60757e83c8e8255a0ed25,523482001193,523483201193,9804687.5,True,True,13,0,False,4.762333620279118,,,,0,,
scan-fw-d72f88e21eb9e620,2026-09-17T09:30:01.611607Z,10000000,926,6,3,upper,sha256:c32466e3bd005a0c757b0aad67745560e38beea7bb741fbc231f374836920fd4,sha256:0e1366afa0d8d0ca08637dfedcfb5f01ff47345f57fbc00a34dc8055ae8c0986,523557762212,523558962212,9804687.5,True,False,13,0,False,4.90416201183594,,,,0,,
scan-fw-d72f88e21eb9e620,2026-09-17T09:30:01.611607Z,10000000,952,0,1,lower,sha256:c32466e3bd005a0c757b0aad67745560e38beea7bb741fbc231f374836920fd4,sha256:b2fb4ba327b9fcbbd23270e4eedc116111a8ea9acad44a78c9347688f2df6a1e,523594240763,523595440763,9804687.5,True,False,13,0,False,4.9895169102242445,,,,0,,
scan-fw-d72f88e21eb9e620,2026-09-17T09:30:01.611607Z,10000000,1128,2,3,lower,sha256:c32466e3bd005a0c757b0aad67745560e38beea7bb741fbc231f374836920fd4,sha256:c04ed1737095d66b87835ea1c176c277aa5b4f399899b07af037a59a1947bb6d,523841143541,523842343541,9804687.5,True,False,13,0,False,5.120690077318668,,,,0,,
scan-fw-d72f88e21eb9e620,2026-09-17T09:30:01.611607Z,10000000,1365,3,4,lower,sha256:c32466e3bd005a0c757b0aad67745560e38beea7bb741fbc231f374836920fd4,sha256:1287819eaa894f18ee21d5265358092b95e231138f785bc140e9045e06281ad6,524173721888,524174921888,9804687.5,True,False,13,0,False,4.980167241846348,,,,0,,
scan-fw-d72f88e21eb9e620,2026-09-17T09:30:01.611607Z,10000000,1804,5,2,upper,sha256:c32466e3bd005a0c757b0aad67745560e38beea7bb741fbc231f374836920fd4,sha256:ee7499cd20b1bcab51f96f80af47de502719037ea676a3c1adf079522b1c077b,524789695004,524790895004,9804687.5,True,False,13,0,False,5.523436573308682,,,,0,,
scan-fw-da6805a08345af8c,2026-09-18T00:10:01.302844Z,15000000,730,5,2,upper,sha256:dedc34638ea7be799dfd5e6c0a08ef73e69bacc37a386f9ef112d1d698e31b72,sha256:c386fd8a24cde97c2811336f4ced89788bba40aa4c9b33d17bee5fd643ee1d90,1793558607563,1793560407563,12304687.5,True,False,13,0,False,5.944995708447179,,,,0,,
scan-fw-da6805a08345af8c,2026-09-18T00:10:01.302844Z,15000000,1144,1,2,lower,sha256:dedc34638ea7be799dfd5e6c0a08ef73e69bacc37a386f9ef112d1d698e31b72,sha256:55735b077c926585171724403127288e204aedb0dd7425459e3e8fadd50f77e1,1794430227686,1794432027686,12304687.5,True,False,13,0,False,5.215815179753299,,,,0,,
scan-fw-da6805a08345af8c,2026-09-18T00:10:01.302844Z,15000000,1638,3,4,lower,sha256:dedc34638ea7be799dfd5e6c0a08ef73e69bacc37a386f9ef112d1d698e31b72,sha256:ebc560af5517c9e018b9a5e97c167935bb7c94afcd65b9cf448ed98949b54649,1795469894651,1795471694651,12304687.5,True,False,13,0,False,4.636460254955905,,,,0,,
scan-fw-da6805a08345af8c,2026-09-18T00:10:01.302844Z,15000000,1772,2,3,lower,sha256:dedc34638ea7be799dfd5e6c0a08ef73e69bacc37a386f9ef112d1d698e31b72,sha256:3ee1f25ccc597883384855605b26ef66519c42f624aa0067b2c9771d1a3e6bae,1795751943173,1795753743173,12304687.5,True,False,13,0,False,5.551369069178676,,,,0,,
scan-fw-da6805a08345af8c,2026-09-18T00:10:01.302844Z,15000000,1829,0,1,lower,sha256:dedc34638ea7be799dfd5e6c0a08ef73e69bacc37a386f9ef112d1d698e31b72,sha256:c46427788f3a8bc81c50eec773fed59c37f4409ed326679fd7af6da82eab9cc1,1795871880218,1795873680218,12304687.5,True,False,13,0,False,5.669969247727506,,,,0,,
scan-fw-da6805a08345af8c,2026-09-18T00:10:01.302844Z,15000000,1952,7,4,upper,sha256:dedc34638ea7be799dfd5e6c0a08ef73e69bacc37a386f9ef112d1d698e31b72,sha256:edb04cde87f95be1785f901172e7952fea4a06d4431b76c1444fd461663a284a,1796130789713,1796132589713,12304687.5,True,False,13,0,False,5.114731639065626,,,,0,,
scan-fw-da6805a08345af8c,2026-09-18T00:10:01.302844Z,15000000,1969,6,3,upper,sha256:dedc34638ea7be799dfd5e6c0a08ef73e69bacc37a386f9ef112d1d698e31b72,sha256:1c1a3b3fee693488fb5af6b7245bb7f90dcf154fdff053db6d86a631192e098d,1796166570182,1796168370182,12304687.5,True,False,13,0,False,5.090209518979375,,,,0,,
scan-fw-e6f41401336687f2,2026-09-17T19:00:01.636905Z,10000000,65,4,1,upper,sha256:06b5e80ca88b1ca52bfd6b4ae3da93696b8cf556d885b881673602d1ae4a8e07,sha256:5b9d767b45a7093a3e1650e22c0e8853c85e2fde19d74ac1f4fcf5bcfbcc0bb6,1350480560978,1350481760978,9804687.5,True,False,13,0,False,4.957410456705542,,,,0,,
scan-fw-e6f41401336687f2,2026-09-17T19:00:01.636905Z,10000000,532,2,3,lower,sha256:06b5e80ca88b1ca52bfd6b4ae3da93696b8cf556d885b881673602d1ae4a8e07,sha256:f4a008bb69f4c10801fb524d01ae90ff49f51c56c618be4f403ab187e6679db4,1351135796570,1351136996570,9804687.5,True,False,13,1,True,6.505555614360255,6.505555614360255,0.0,397099.99999660376,90,1008.2750791028845,1025.8748226701096
scan-fw-e6f41401336687f2,2026-09-17T19:00:01.636905Z,10000000,1018,7,4,upper,sha256:06b5e80ca88b1ca52bfd6b4ae3da93696b8cf556d885b881673602d1ae4a8e07,sha256:d58edeac862cc8e2daac1d340708c45d77df0bb8d3fd58f8ade7a56f165bfd92,1351817703710,1351818903710,9804687.5,True,False,13,0,False,5.9662801632121925,,,,0,,
scan-fw-e6f41401336687f2,2026-09-17T19:00:01.636905Z,10000000,1339,3,4,lower,sha256:06b5e80ca88b1ca52bfd6b4ae3da93696b8cf556d885b881673602d1ae4a8e07,sha256:6f7bf9d33afcc686b16803e10feb640e492b302c46c609774a75f1d71fb950ce,1352268130436,1352269330436,9804687.5,True,False,13,0,False,5.122392048655265,,,,0,,
scan-fw-e6f41401336687f2,2026-09-17T19:00:01.636905Z,10000000,1612,5,2,upper,sha256:06b5e80ca88b1ca52bfd6b4ae3da93696b8cf556d885b881673602d1ae4a8e07,sha256:eb914ac05660fa10266a66eb4a1191c962c1e9200432a56122e49a09032f395c,1352651208836,1352652408836,9804687.5,True,False,13,2,True,9.752817814103583,9.752817814103583,-200000.0,697866.6666563791,90,1008.1355247221212,1019.0671076622293
scan-fw-e6f41401336687f2,2026-09-17T19:00:01.636905Z,10000000,1727,0,1,lower,sha256:06b5e80ca88b1ca52bfd6b4ae3da93696b8cf556d885b881673602d1ae4a8e07,sha256:244de93bd051fa3427abc647b126456241b4b6cd370f4c702b5888d7c69bdfd4,1352812560281,1352813760281,9804687.5,True,False,13,0,False,4.907005249367411,,,,0,,
scan-fw-e6f41401336687f2,2026-09-17T19:00:01.636905Z,10000000,1842,6,3,upper,sha256:06b5e80ca88b1ca52bfd6b4ae3da93696b8cf556d885b881673602d1ae4a8e07,sha256:e8bc2563a8180348eca160ff35ba91fd9f30a3b51601c32d5ae38f98ae0caf7d,1352973888908,1352975088908,9804687.5,True,False,13,0,False,5.520701646076079,,,,0,,
scan-fw-ee0580647f45d712,2026-09-17T23:00:01.610518Z,10000000,206,2,3,lower,sha256:2872afc03555f962c6787b38a3b7ae47e00af92fe0ae5e833a1ea8030ee55028,sha256:fa0c9cf1fac8c862891a49b3c5afe0443bd25d11e671a02e162229caa07bec26,1691727337243,1691728537243,9804687.5,True,False,13,0,False,4.71290301308515,,,,0,,
scan-fw-ee0580647f45d712,2026-09-17T23:00:01.610518Z,10000000,300,4,1,upper,sha256:2872afc03555f962c6787b38a3b7ae47e00af92fe0ae5e833a1ea8030ee55028,sha256:68a01f976506745b903e2648bef7fe2344d4185dc5ad23811421fef63d880545,1691859242023,1691860442023,9804687.5,True,False,13,0,False,5.547015874196921,,,,0,,
scan-fw-ee0580647f45d712,2026-09-17T23:00:01.610518Z,10000000,523,0,1,lower,sha256:2872afc03555f962c6787b38a3b7ae47e00af92fe0ae5e833a1ea8030ee55028,sha256:e7bd584a95cb986273d57cf46107a1608d20c170f412709ca5653f1c0e6a725d,1692172144096,1692173344096,9804687.5,True,False,13,0,False,5.041380728168887,,,,0,,
scan-fw-ee0580647f45d712,2026-09-17T23:00:01.610518Z,10000000,615,6,3,upper,sha256:2872afc03555f962c6787b38a3b7ae47e00af92fe0ae5e833a1ea8030ee55028,sha256:48d0baf6d34b3f317ef3a817bd40597205e25b816aede4eae37f105769d128b4,1692301201261,1692302401261,9804687.5,True,False,13,0,False,4.808218459123309,,,,0,,
scan-fw-ee0580647f45d712,2026-09-17T23:00:01.610518Z,10000000,1040,7,4,upper,sha256:2872afc03555f962c6787b38a3b7ae47e00af92fe0ae5e833a1ea8030ee55028,sha256:37a687d0b53ebf38ffd9248ece583c9091d940df614c6f48af7ee4fb8c2d47dc,1692897541957,1692898741957,9804687.5,True,False,13,0,False,5.138029827614693,,,,0,,
scan-fw-ee0580647f45d712,2026-09-17T23:00:01.610518Z,10000000,1126,3,4,lower,sha256:2872afc03555f962c6787b38a3b7ae47e00af92fe0ae5e833a1ea8030ee55028,sha256:282adefa461a932dc6331341352dffb462c948ba5950bc24812ea903f09bafee,1693018229653,1693019429653,9804687.5,True,False,13,0,False,5.8393976202609315,,,,0,,
scan-fw-ee0580647f45d712,2026-09-17T23:00:01.610518Z,10000000,1194,5,2,upper,sha256:2872afc03555f962c6787b38a3b7ae47e00af92fe0ae5e833a1ea8030ee55028,sha256:d08f03256963a3fbe84f263aa29a1bdc6c0098b6c74a467fa734074d10ab248d,1693113652294,1693114852294,9804687.5,True,False,13,0,False,5.23118973812636,,,,0,,
scan-fw-ef47da375ba0d8fe,2026-09-17T17:10:01.325926Z,15000000,408,6,3,upper,sha256:589a602c89cf2511cb1d2a77bb3ee28033c3428fff41a05921356dcfef331656,sha256:0980515627df81139f5f47fe0e5eeb83856721771c949db2790ce2dd7823069d,1185225010129,1185226810129,12304687.5,True,False,13,0,False,5.1926303889191825,,,,0,,
scan-fw-ef47da375ba0d8fe,2026-09-17T17:10:01.325926Z,15000000,518,2,3,lower,sha256:589a602c89cf2511cb1d2a77bb3ee28033c3428fff41a05921356dcfef331656,sha256:42c236d7edcceb1ef40858692cd8b9028939f0db5edb58139c03147cd93e2377,1185456534763,1185458334763,12304687.5,True,False,13,1,True,6.67601481131867,6.67601481131867,200000.0,856400.0,90,971.462052270418,1056.3634350388857
scan-fw-ef47da375ba0d8fe,2026-09-17T17:10:01.325926Z,15000000,536,5,2,upper,sha256:589a602c89cf2511cb1d2a77bb3ee28033c3428fff41a05921356dcfef331656,sha256:703936ff9f9bbe265d93856ecf2a2fab37d3934f8824d898f92d9fac4f5d6d1f,1185494434651,1185496234651,12304687.5,True,False,13,0,False,4.848357197884563,,,,0,,
scan-fw-ef47da375ba0d8fe,2026-09-17T17:10:01.325926Z,15000000,868,4,1,upper,sha256:589a602c89cf2511cb1d2a77bb3ee28033c3428fff41a05921356dcfef331656,sha256:4542a8ba4ff5273a3a1e368ba0e2ef19efc744dd8fcd5c134ba75aa7561f6054,1186193214217,1186195014217,12304687.5,True,True,13,0,False,5.3415965148570415,,,,0,,
scan-fw-ef47da375ba0d8fe,2026-09-17T17:10:01.325926Z,15000000,1188,1,2,lower,sha256:589a602c89cf2511cb1d2a77bb3ee28033c3428fff41a05921356dcfef331656,sha256:ef4056f22cab67215058ff6bc3036781e7adff3145ec4f9d2295300fa214709b,1186866736726,1186868536726,12304687.5,True,False,13,0,False,5.101052130093651,,,,0,,
scan-fw-ef47da375ba0d8fe,2026-09-17T17:10:01.325926Z,15000000,1407,3,4,lower,sha256:589a602c89cf2511cb1d2a77bb3ee28033c3428fff41a05921356dcfef331656,sha256:0f41d5aa8c58318e9f89b1c97f32d82cf3ab51e06f290e805dd4c284df715534,1187327731456,1187329531456,12304687.5,True,False,13,0,False,5.434125388108267,,,,0,,
scan-fw-ef47da375ba0d8fe,2026-09-17T17:10:01.325926Z,15000000,2058,0,1,lower,sha256:589a602c89cf2511cb1d2a77bb3ee28033c3428fff41a05921356dcfef331656,sha256:8eb178188735b15ac4e7d9e71d4a3a18b559d015a3b6c7e05a018e233044ef38,1188697831858,1188699631858,12304687.5,True,False,13,1,True,6.1148713980130935,6.1148713980130935,0.0,1201200.0,90,1032.0869969169573,1139.9469817188635
scan-fw-f0e3c515533afbc9,2026-09-17T18:30:01.380334Z,10000000,186,5,2,upper,sha256:30a7a8b3bec382b527c99c8104846e35154b377c91b51d54bbf7d12e62fedce3,sha256:2f04850dba5a58749d019e55dbc5346679d9768f3f98412d85975fca0b989b41,1309584160488,1309585360488,9804687.5,True,False,13,0,False,5.02055152121345,,,,0,,
scan-fw-f0e3c515533afbc9,2026-09-17T18:30:01.380334Z,10000000,391,3,4,lower,sha256:30a7a8b3bec382b527c99c8104846e35154b377c91b51d54bbf7d12e62fedce3,sha256:1cb690288a00cb4d4b1f7e3c56dcef246e45cd3e923b87a50bd5d8213280ff2b,1309871804130,1309873004130,9804687.5,True,False,13,0,False,5.294426970022913,,,,0,,
scan-fw-f0e3c515533afbc9,2026-09-17T18:30:01.380334Z,10000000,685,2,3,lower,sha256:30a7a8b3bec382b527c99c8104846e35154b377c91b51d54bbf7d12e62fedce3,sha256:fbdba3ecbf5acc28ee0eab4be755fd753abb4bdaf3dc8b237457a24e66576cc6,1310284350036,1310285550036,9804687.5,True,False,13,1,True,13.816959560379669,13.816959560379669,0.0,76133.3333289609,90,955.4903248594923,1081.842738671458
scan-fw-f0e3c515533afbc9,2026-09-17T18:30:01.380334Z,10000000,1047,0,1,lower,sha256:30a7a8b3bec382b527c99c8104846e35154b377c91b51d54bbf7d12e62fedce3,sha256:12da41b5d2c8750e17d01567e643f405a3c6f22d4ee3a2a7b3e552a5e0238510,1310792234490,1310793434490,9804687.5,True,False,13,0,False,5.0509311392707295,,,,0,,
scan-fw-f0e3c515533afbc9,2026-09-17T18:30:01.380334Z,10000000,1408,4,1,upper,sha256:30a7a8b3bec382b527c99c8104846e35154b377c91b51d54bbf7d12e62fedce3,sha256:512d6b16d10991d8f9d87278d58d999f4e5be084368cad5a7a4aabcd55d845c6,1311298771839,1311299971839,9804687.5,True,False,13,0,False,5.039863593255938,,,,0,,
scan-fw-f0e3c515533afbc9,2026-09-17T18:30:01.380334Z,10000000,1548,1,2,lower,sha256:30a7a8b3bec382b527c99c8104846e35154b377c91b51d54bbf7d12e62fedce3,sha256:f34923a2842789ef27d48abb58657bc92ca055e48e6b7068d01c37412bb1728c,1311495207609,1311496407609,9804687.5,True,False,13,0,False,5.543241123075734,,,,0,,
scan-fw-f0e3c515533afbc9,2026-09-17T18:30:01.380334Z,10000000,1765,6,3,upper,sha256:30a7a8b3bec382b527c99c8104846e35154b377c91b51d54bbf7d12e62fedce3,sha256:eab63e78fdc20aef6abe4538d6a740a13e5c17e77257a8261bf337acdebd9da0,1311799674594,1311800874594,9804687.5,True,False,13,0,False,5.368546697833727,,,,0,,
scan-fw-f83f76755271d5e9,2026-09-17T17:30:01.393031Z,10000000,583,2,3,lower,sha256:903cb068f45226d3dee841e45d3c7da9fd6a2c9f97d5438649543f94a9e0b49c,sha256:82bf4a8e02d6b16a3d45f4ddd787d0332f2a043c926f88dfe4c19802eb44a2de,1217230550529,1217231750529,9804687.5,True,False,13,0,False,5.378634403000288,,,,0,,
scan-fw-f83f76755271d5e9,2026-09-17T17:30:01.393031Z,10000000,656,6,3,upper,sha256:903cb068f45226d3dee841e45d3c7da9fd6a2c9f97d5438649543f94a9e0b49c,sha256:0d23d48ce174cbacead1ffdde18b833e7f9b3e3f3a9137631130ec547fbb4c0b,1217332987344,1217334187344,9804687.5,True,False,13,0,False,5.0046197708734494,,,,0,,
scan-fw-f83f76755271d5e9,2026-09-17T17:30:01.393031Z,10000000,1255,1,2,lower,sha256:903cb068f45226d3dee841e45d3c7da9fd6a2c9f97d5438649543f94a9e0b49c,sha256:c87632f75f4ff79353ee0cc2d444ee9f3036e4fd0c3c22cb768e6deb8831643e,1218173401152,1218174601152,9804687.5,True,False,13,1,True,8.747953484040496,8.747953484040496,200000.0,160066.66665865743,90,1084.396806278829,1248.511746077648
scan-fw-f83f76755271d5e9,2026-09-17T17:30:01.393031Z,10000000,1291,7,4,upper,sha256:903cb068f45226d3dee841e45d3c7da9fd6a2c9f97d5438649543f94a9e0b49c,sha256:81a8880654ffbbfae833f85df83186811b7c4862dbd08d4dfdad3d898903ea2a,1218223912164,1218225112164,9804687.5,True,False,13,0,False,5.487132771363737,,,,0,,
scan-fw-f83f76755271d5e9,2026-09-17T17:30:01.393031Z,10000000,1472,3,4,lower,sha256:903cb068f45226d3dee841e45d3c7da9fd6a2c9f97d5438649543f94a9e0b49c,sha256:a3756bbf9a55236360142aa26dbae691244e0f516c101eabaa8b657580d5a8ad,1218477894111,1218479094111,9804687.5,True,False,13,0,False,5.277092615101135,,,,0,,
scan-fw-f83f76755271d5e9,2026-09-17T17:30:01.393031Z,10000000,1517,0,1,lower,sha256:903cb068f45226d3dee841e45d3c7da9fd6a2c9f97d5438649543f94a9e0b49c,sha256:5223f315c5ab69f2f79dc784a197fb15f731cb252cc0aa4b40d04992e6a789a1,1218541052586,1218542252586,9804687.5,True,False,13,0,False,5.182446929756253,,,,0,,
scan-fw-f83f76755271d5e9,2026-09-17T17:30:01.393031Z,10000000,1967,5,2,upper,sha256:903cb068f45226d3dee841e45d3c7da9fd6a2c9f97d5438649543f94a9e0b49c,sha256:ceb3fae57f4c95a7dab7ce1fc32b3697304df75e11eb21ced5a26b48a68f3ba8,1219172443527,1219173643527,9804687.5,True,False,13,1,True,6.0337815897599745,6.0337815897599745,-1200000.0,257066.66665411432,90,1064.7799072247349,1082.6700265020993
