tracking_snapshot GLT1SNAP 00010000 474c5431 0000001e 00000003 6dab7fbf 00000029 00000002 00000000 00000000 00000000 00000000 00000000 00000000 00000000 00000000 00000000 00000000 00000000 00000000 00000000 00000000 01c9c380 00009ab0 b04a2fab 00000001
capture_baseline_snapshot GLI1 00010000 30000000 2500000 1 0 30000000 0 0 0 0 0 0 0 00000000 00000000 00000000 00000000 00000000 00000000 00000000 00000000 00000000 00000000 00000000 00000000 00000000 00000000 00000000 00000000 00000000 00000000 00000000 00000820 008b3199 00000000 00000000 00000001 00000000 00000000 00000000 00000000 00000000 00000000 00000000 00000000 00000000 00000000 00000000 00000000 00000000 00000000 00000000 00000000 177369c2 0000008a 6dacec53 00000029 00000000 00000000 00000000 00000000 00000101 00000080 00000000 00000000 00000000 00000000 00000000 00000000 00000000 00003333 00004ccd 00002667 00000001 00000000 01c9c380 0000027c
capture_snapshot GLI1 00010000 30000000 2500000 2 0 30000000 0 0 0 0 0 0 0 6dad0b20 00000029 6db01bb8 00000029 00004163 00000000 00004163 00000000 0000006a 00000000 00000000 00000000 000315a5 00000000 000041cd 00000000 00000000 00000000 00000000 00000039 008b3199 00000001 00000000 00000001 00000000 00000000 00000000 00000000 00000000 00000000 00000000 00000000 00000000 00000000 00000000 00000000 00000000 00000000 00000000 00000000 177e07e4 0000008a 6db01bca 00000029 00000000 00000000 00000000 00000000 00000100 00000080 00000000 00000000 00000000 00000000 00000000 00000000 00000000 00003333 00004ccd 00002667 00000001 00000000 01c9c380 0000027c
tracking_snapshot GLT1SNAP 00010000 474c5431 0000001f 00000004 6db05260 00000029 00000033 00000000 00000000 00000000 00000000 00000000 00000000 00000000 00000000 00000000 00000000 00000000 00000000 00000000 00000000 01c9c380 00009ab0 b04a2fab 00000001

epoch_binding 9122201 4 177933931104 14827827593
capture_snapshot GLI1 00010000 30000000 2500000 3 0 30000000 0 0 0 0 0 0 0 6dad0b20 00000029 6db31abc 00000029 0000814e 00000000 0000814e 00000000 0000006a 00000000 00000000 00000000 000614ae 00000000 000081b8 00000000 00000000 00000000 00000000 00000039 008b3199 00000001 00000000 00000001 00000000 00000000 00000000 00000000 00000000 00000000 00000000 00000000 00000000 00000000 00000000 00000000 00000000 00000000 00000000 00000000 1788049c 0000008a 6db31ad3 00000029 00000000 00000000 00000000 00000000 00000100 00000080 00000000 00000000 00000000 00000000 00000000 00000000 00000000 00003333 00004ccd 00002667 00000001 00000000 01c9c380 0000027c
capture_snapshot GLI1 00010000 30000000 2500000 4 0 30000000 0 0 0 0 0 0 0 6dad0b20 00000029 6db62440 00000029 0000c219 00000000 0000c219 00000000 0000006a 00000000 00000000 00000000 00091e35 00000000 0000c283 00000000 00000000 00000000 00000000 00000039 008b3199 00000001 00000000 00000001 00000000 00000000 00000000 00000000 00000000 00000000 00000000 00000000 00000000 00000000 00000000 00000000 00000000 00000000 00000000 00000000 17922448 0000008a 6db6245a 00000029 00000000 00000000 00000000 00000000 00000101 00000080 00000000 00000000 00000000 00000000 00000000 00000000 00000000 00003333 00004ccd 00002667 00000001 00000000 01c9c380 0000027c
capture_snapshot GLI1 00010000 30000000 2500000 5 0 30000000 0 0 0 0 0 0 0 6dad0b20 00000029 6db91ef4 00000029 000101a8 00000000 000101a8 00000000 0000006a 00000000 00000000 00000000 000c18df 00000000 00010212 00000000 00000000 00000000 00000000 00000039 008b3199 00000001 00000000 00000001 00000000 00000000 00000000 00000000 00000000 00000000 00000000 00000000 00000000 00000000 00000000 00000000 00000000 00000000 00000000 00000000 179c126d 0000008a 6db91f04 00000029 00000000 00000000 00000000 00000000 00000101 00000081 00000000 00000000 00000000 00000000 00000000 00000000 00000000 00003333 00004ccd 00002667 00000001 00000000 01c9c380 0000027c
capture_snapshot GLI1 00010000 30000000 2500000 6 0 30000000 0 0 0 0 0 0 0 6dad0b20 00000029 6dbc1e58 00000029 0001419b 00000000 0001419b 00000000 0000006a 00000000 00000000 00000000 000f1845 00000000 00014205 00000000 00000000 00000000 00000000 00000039 008b3199 00000001 00000000 00000001 00000000 00000000 00000000 00000000 00000000 00000000 00000000 00000000 00000000 00000000 00000000 00000000 00000000 00000000 00000000 00000000 17a61057 0000008a 6dbc1e6a 00000029 00000000 00000000 00000000 00000000 00000101 00000080 00000000 00000000 00000000 00000000 00000000 00000000 00000000 00003333 00004ccd 00002667 00000001 00000000 01c9c380 0000027c
capture_snapshot GLI1 00010000 30000000 2500000 7 0 30000000 0 0 0 0 0 0 0 6dad0b20 00000029 6dbf1db0 00000029 0001818d 00000000 0001818d 00000000 0000006a 00000000 00000000 00000000 0012179f 00000000 000181f7 00000000 00000000 00000000 00000000 00000039 008b3199 00000001 00000000 00000001 00000000 00000000 00000000 00000000 00000000 00000000 00000000 00000000 00000000 00000000 00000000 00000000 00000000 00000000 00000000 00000000 17b00e1b 0000008a 6dbf1dc4 00000029 00000000 00000000 00000000 00000000 00000101 00000081 00000000 00000000 00000000 00000000 00000000 00000000 00000000 00003333 00004ccd 00002667 00000001 00000000 01c9c380 0000027c
capture_snapshot GLI1 00010000 30000000 2500000 8 0 30000000 0 0 0 0 0 0 0 6dad0b20 00000029 6dc21dec 00000029 0001c192 00000000 0001c192 00000000 0000006a 00000000 00000000 00000000 001517da 00000000 0001c1fc 00000000 00000000 00000000 00000000 00000039 008b3199 00000001 00000000 00000001 00000000 00000000 00000000 00000000 00000000 00000000 00000000 00000000 00000000 00000000 00000000 00000000 00000000 00000000 00000000 00000000 17ba0ecb 0000008a 6dc21dff 00000029 00000000 00000000 00000000 00000000 00000101 00000080 00000000 00000000 00000000 00000000 00000000 00000000 00000000 00003333 00004ccd 00002667 00000001 00000000 01c9c380 0000027c
capture_snapshot GLI1 00010000 30000000 2500000 9 0 30000000 0 0 0 0 0 0 0 6dad0b20 00000029 6dc51e64 00000029 0002019c 00000000 0002019c 00000000 0000006a 00000000 00000000 00000000 00181859 00000000 00020206 00000000 00000000 00000000 00000000 00000039 008b3199 00000001 00000000 00000001 00000000 00000000 00000000 00000000 00000000 00000000 00000000 00000000 00000000 00000000 00000000 00000000 00000000 00000000 00000000 00000000 17c4105f 0000008a 6dc51e7e 00000029 00000000 00000000 00000000 00000000 00000101 00000080 00000000 00000000 00000000 00000000 00000000 00000000 00000000 00003333 00004ccd 00002667 00000001 00000000 01c9c380 0000027c
capture_snapshot GLI1 00010000 30000000 2500000 10 0 30000000 0 0 0 0 0 0 0 6dad0b20 00000029 6dc81d98 00000029 0002418b 00000000 0002418b 00000000 0000006a 00000000 00000000 00000000 001b178b 00000000 000241f5 00000000 00000000 00000000 00000000 00000039 008b3199 00000001 00000000 00000001 00000000 00000000 00000000 00000000 00000000 00000000 00000000 00000000 00000000 00000000 00000000 00000000 00000000 00000000 00000000 00000000 17ce0d9d 0000008a 6dc81db0 00000029 00000000 00000000 00000000 00000000 00000101 00000080 00000000 00000000 00000000 00000000 00000000 00000000 00000000 00003333 00004ccd 00002667 00000001 00000000 01c9c380 0000027c
capture_snapshot GLI1 00010000 30000000 2500000 11 0 30000000 0 0 0 0 0 0 0 6dad0b20 00000029 6dcb1e94 00000029 000281a0 00000000 000281a0 00000000 0000006a 00000000 00000000 00000000 001e1889 00000000 0002820a 00000000 00000000 00000000 00000000 00000039 008b3199 00000001 00000000 00000001 00000000 00000000 00000000 00000000 00000000 00000000 00000000 00000000 00000000 00000000 00000000 00000000 00000000 00000000 00000000 00000000 17d810d9 0000008a 6dcb1eae 00000029 00000000 00000000 00000000 00000000 00000101 00000081 00000000 00000000 00000000 00000000 00000000 00000000 00000000 00003333 00004ccd 00002667 00000001 00000000 01c9c380 0000027c
capture_snapshot GLI1 00010000 30000000 2500000 12 0 30000000 0 0 0 0 0 0 0 6dad0b20 00000029 6dce1e34 00000029 0002c198 00000000 0002c198 00000000 0000006a 00000000 00000000 00000000 00211823 00000000 0002c202 00000000 00000000 00000000 00000000 00000039 008b3199 00000001 00000000 00000001 00000000 00000000 00000000 00000000 00000000 00000000 00000000 00000000 00000000 00000000 00000000 00000000 00000000 00000000 00000000 00000000 17e20f72 0000008a 6dce1e48 00000029 00000000 00000000 00000000 00000000 00000101 00000081 00000000 00000000 00000000 00000000 00000000 00000000 00000000 00003333 00004ccd 00002667 00000001 00000000 01c9c380 0000027c
capture_snapshot GLI1 00010000 30000000 2500000 13 0 30000000 0 0 0 0 0 0 0 6dad0b20 00000029 6dd11e34 00000029 00030198 00000000 00030198 00000000 0000006a 00000000 00000000 00000000 00241826 00000000 00030202 00000000 00000000 00000000 00000000 00000039 008b3199 00000001 00000000 00000001 00000000 00000000 00000000 00000000 00000000 00000000 00000000 00000000 00000000 00000000 00000000 00000000 00000000 00000000 00000000 00000000 17ec0f6a 0000008a 6dd11e4b 00000029 00000000 00000000 00000000 00000000 00000100 00000080 00000000 00000000 00000000 00000000 00000000 00000000 00000000 00003333 00004ccd 00002667 00000001 00000000 01c9c380 0000027c
capture_snapshot GLI1 00010000 30000000 2500000 14 0 30000000 0 0 0 0 0 0 0 6dad0b20 00000029 6dd41e40 00000029 00034199 00000000 00034199 00000000 0000006a 00000000 00000000 00000000 0027182e 00000000 00034203 00000000 00000000 00000000 00000000 00000039 008b3199 00000001 00000000 00000001 00000000 00000000 00000000 00000000 00000000 00000000 00000000 00000000 00000000 00000000 00000000 00000000 00000000 00000000 00000000 00000000 17f60f6e 0000008a 6dd41e53 00000029 00000000 00000000 00000000 00000000 00000100 00000080 00000000 00000000 00000000 00000000 00000000 00000000 00000000 00003333 00004ccd 00002667 00000001 00000000 01c9c380 0000027c
capture_snapshot GLI1 00010000 30000000 2500000 15 0 30000000 0 0 0 0 0 0 0 6dad0b20 00000029 6dd71dbc 00000029 0003818e 00000000 0003818e 00000000 0000006a 00000000 00000000 00000000 002a17a8 00000000 000381f8 00000000 00000000 00000000 00000000 00000039 008b3199 00000001 00000000 00000001 00000000 00000000 00000000 00000000 00000000 00000000 00000000 00000000 00000000 00000000 00000000 00000000 00000000 00000000 00000000 00000000 18000d9e 0000008a 6dd71dcd 00000029 00000000 00000000 00000000 00000000 00000100 00000080 00000000 00000000 00000000 00000000 00000000 00000000 00000000 00003333 00004ccd 00002667 00000001 00000000 01c9c380 0000027c
capture_snapshot GLI1 00010000 30000000 2500000 16 0 30000000 0 0 0 0 0 0 0 6dad0b20 00000029 6dda1e7c 00000029 0003c19e 00000000 0003c19e 00000000 0000006a 00000000 00000000 00000000 002d1869 00000000 0003c208 00000000 00000000 00000000 00000000 00000039 008b3199 00000001 00000000 00000001 00000000 00000000 00000000 00000000 00000000 00000000 00000000 00000000 00000000 00000000 00000000 00000000 00000000 00000000 00000000 00000000 180a100e 0000008a 6dda1e8e 00000029 00000000 00000000 00000000 00000000 00000100 00000080 00000000 00000000 00000000 00000000 00000000 00000000 00000000 00003333 00004ccd 00002667 00000001 00000000 01c9c380 0000027c
capture_snapshot GLI1 00010000 30000000 2500000 17 0 30000000 0 0 0 0 0 0 0 6dad0b20 00000029 6ddd1e64 00000029 0004019c 00000000 0004019c 00000000 0000006a 00000000 00000000 00000000 00301854 00000000 00040206 00000000 00000000 00000000 00000000 00000039 008b3199 00000001 00000000 00000001 00000000 00000000 00000000 00000000 00000000 00000000 00000000 00000000 00000000 00000000 00000000 00000000 00000000 00000000 00000000 00000000 18140fb3 0000008a 6ddd1e79 00000029 00000000 00000000 00000000 00000000 00000101 00000081 00000000 00000000 00000000 00000000 00000000 00000000 00000000 00003333 00004ccd 00002667 00000001 00000000 01c9c380 0000027c
capture_snapshot GLI1 00010000 30000000 2500000 18 0 30000000 0 0 0 0 0 0 0 6dad0b20 00000029 6de01dc8 00000029 0004418f 00000000 0004418f 00000000 0000006a 00000000 00000000 00000000 003317bb 00000000 000441f9 00000000 00000000 00000000 00000000 00000039 008b3199 00000001 00000000 00000001 00000000 00000000 00000000 00000000 00000000 00000000 00000000 00000000 00000000 00000000 00000000 00000000 00000000 00000000 00000000 00000000 181e0da3 0000008a 6de01de0 00000029 00000000 00000000 00000000 00000000 00000100 00000080 00000000 00000000 00000000 00000000 00000000 00000000 00000000 00003333 00004ccd 00002667 00000001 00000000 01c9c380 0000027c
capture_snapshot GLI1 00010000 30000000 2500000 19 0 30000000 0 0 0 0 0 0 0 6dad0b20 00000029 6de31e94 00000029 000481a0 00000000 000481a0 00000000 0000006a 00000000 00000000 00000000 00361888 00000000 0004820a 00000000 00000000 00000000 00000000 00000039 008b3199 00000001 00000000 00000001 00000000 00000000 00000000 00000000 00000000 00000000 00000000 00000000 00000000 00000000 00000000 00000000 00000000 00000000 00000000 00000000 1828103b 0000008a 6de31ead 00000029 00000000 00000000 00000000 00000000 00000100 00000080 00000000 00000000 00000000 00000000 00000000 00000000 00000000 00003333 00004ccd 00002667 00000001 00000000 01c9c380 0000027c
capture_snapshot GLI1 00010000 30000000 2500000 20 0 30000000 0 0 0 0 0 0 0 6dad0b20 00000029 6de61ea0 00000029 0004c1a1 00000000 0004c1a1 00000000 0000006a 00000000 00000000 00000000 00391891 00000000 0004c20b 00000000 00000000 00000000 00000000 00000039 008b3199 00000001 00000000 00000001 00000000 00000000 00000000 00000000 00000000 00000000 00000000 00000000 00000000 00000000 00000000 00000000 00000000 00000000 00000000 00000000 18321045 0000008a 6de61eb6 00000029 00000000 00000000 00000000 00000000 00000101 00000080 00000000 00000000 00000000 00000000 00000000 00000000 00000000 00003333 00004ccd 00002667 00000001 00000000 01c9c380 0000027c
capture_snapshot GLI1 00010000 30000000 2500000 21 0 30000000 0 0 0 0 0 0 0 6dad0b20 00000029 6de91df8 00000029 00050193 00000000 00050193 00000000 0000006a 00000000 00000000 00000000 003c17e2 00000000 000501fd 00000000 00000000 00000000 00000000 00000039 008b3199 00000001 00000000 00000001 00000000 00000000 00000000 00000000 00000000 00000000 00000000 00000000 00000000 00000000 00000000 00000000 00000000 00000000 00000000 00000000 183c0de9 0000008a 6de91e07 00000029 00000000 00000000 00000000 00000000 00000101 00000080 00000000 00000000 00000000 00000000 00000000 00000000 00000000 00003333 00004ccd 00002667 00000001 00000000 01c9c380 0000027c
capture_snapshot GLI1 00010000 30000000 2500000 22 0 30000000 0 0 0 0 0 0 0 6dad0b20 00000029 6dec1e70 00000029 0005419d 00000000 0005419d 00000000 0000006a 00000000 00000000 00000000 003f185f 00000000 00054207 00000000 00000000 00000000 00000000 00000039 008b3199 00000001 00000000 00000001 00000000 00000000 00000000 00000000 00000000 00000000 00000000 00000000 00000000 00000000 00000000 00000000 00000000 00000000 00000000 00000000 18460f77 0000008a 6dec1e84 00000029 00000000 00000000 00000000 00000000 00000101 00000081 00000000 00000000 00000000 00000000 00000000 00000000 00000000 00003333 00004ccd 00002667 00000001 00000000 01c9c380 0000027c
capture_snapshot GLI1 00010000 30000000 2500000 23 0 30000000 0 0 0 0 0 0 0 6dad0b20 00000029 6def1eac 00000029 000581a2 00000000 000581a2 00000000 0000006a 00000000 00000000 00000000 00421899 00000000 0005820c 00000000 00000000 00000000 00000000 00000039 008b3199 00000001 00000000 00000001 00000000 00000000 00000000 00000000 00000000 00000000 00000000 00000000 00000000 00000000 00000000 00000000 00000000 00000000 00000000 00000000 18501025 0000008a 6def1ebe 00000029 00000000 00000000 00000000 00000000 00000101 00000081 00000000 00000000 00000000 00000000 00000000 00000000 00000000 00003333 00004ccd 00002667 00000001 00000000 01c9c380 0000027c
capture_snapshot GLI1 00010000 30000000 2500000 24 0 30000000 0 0 0 0 0 0 0 6dad0b20 00000029 6df21df8 00000029 0005c193 00000000 0005c193 00000000 0000006a 00000000 00000000 00000000 004517e7 00000000 0005c1fd 00000000 00000000 00000000 00000000 00000039 008b3199 00000001 00000000 00000001 00000000 00000000 00000000 00000000 00000000 00000000 00000000 00000000 00000000 00000000 00000000 00000000 00000000 00000000 00000000 00000000 185a0dc0 0000008a 6df21e0c 00000029 00000000 00000000 00000000 00000000 00000101 00000081 00000000 00000000 00000000 00000000 00000000 00000000 00000000 00003333 00004ccd 00002667 00000001 00000000 01c9c380 0000027c
capture_snapshot GLI1 00010000 30000000 2500000 25 0 30000000 0 0 0 0 0 0 0 6dad0b20 00000029 6df51e58 00000029 0006019b 00000000 0006019b 00000000 0000006a 00000000 00000000 00000000 00481848 00000000 00060205 00000000 00000000 00000000 00000000 00000039 008b3199 00000001 00000000 00000001 00000000 00000000 00000000 00000000 00000000 00000000 00000000 00000000 00000000 00000000 00000000 00000000 00000000 00000000 00000000 00000000 18640ef0 0000008a 6df51e6d 00000029 00000000 00000000 00000000 00000000 00000101 00000081 00000000 00000000 00000000 00000000 00000000 00000000 00000000 00003333 00004ccd 00002667 00000001 00000000 01c9c380 0000027c
capture_snapshot GLI1 00010000 30000000 2500000 26 0 30000000 0 0 0 0 0 0 0 6dad0b20 00000029 6df81f24 00000029 000641ac 00000000 000641ac 00000000 0000006a 00000000 00000000 00000000 004b1910 00000000 00064216 00000000 00000000 00000000 00000000 00000039 008b3199 00000001 00000000 00000001 00000000 00000000 00000000 00000000 00000000 00000000 00000000 00000000 00000000 00000000 00000000 00000000 00000000 00000000 00000000 00000000 186e1176 0000008a 6df81f35 00000029 00000000 00000000 00000000 00000000 00000101 00000080 00000000 00000000 00000000 00000000 00000000 00000000 00000000 00003333 00004ccd 00002667 00000001 00000000 01c9c380 0000027c
capture_snapshot GLI1 00010000 30000000 2500000 27 0 30000000 0 0 0 0 0 0 0 6dad0b20 00000029 6dfb1e34 00000029 00068198 00000000 00068198 00000000 0000006a 00000000 00000000 00000000 004e1821 00000000 00068202 00000000 00000000 00000000 00000000 00000039 008b3199 00000001 00000000 00000001 00000000 00000000 00000000 00000000 00000000 00000000 00000000 00000000 00000000 00000000 00000000 00000000 00000000 00000000 00000000 00000000 18780e46 0000008a 6dfb1e46 00000029 00000000 00000000 00000000 00000000 00000101 00000080 00000000 00000000 00000000 00000000 00000000 00000000 00000000 00003333 00004ccd 00002667 00000001 00000000 01c9c380 0000027c
capture_snapshot GLI1 00010000 30000000 2500000 28 0 30000000 0 0 0 0 0 0 0 6dad0b20 00000029 6dfe1e58 00000029 0006c19b 00000000 0006c19b 00000000 0000006a 00000000 00000000 00000000 00511849 00000000 0006c205 00000000 00000000 00000000 00000000 00000039 008b3199 00000001 00000000 00000001 00000000 00000000 00000000 00000000 00000000 00000000 00000000 00000000 00000000 00000000 00000000 00000000 00000000 00000000 00000000 00000000 18820eba 0000008a 6dfe1e6e 00000029 00000000 00000000 00000000 00000000 00000100 00000080 00000000 00000000 00000000 00000000 00000000 00000000 00000000 00003333 00004ccd 00002667 00000001 00000000 01c9c380 0000027c
capture_snapshot GLI1 00010000 30000000 2500000 29 0 30000000 0 0 0 0 0 0 0 6dad0b20 00000029 6e011e1c 00000029 00070196 00000000 00070196 00000000 0000006a 00000000 00000000 00000000 0054180f 00000000 00070200 00000000 00000000 00000000 00000000 00000039 008b3199 00000001 00000000 00000001 00000000 00000000 00000000 00000000 00000000 00000000 00000000 00000000 00000000 00000000 00000000 00000000 00000000 00000000 00000000 00000000 188c0de4 0000008a 6e011e34 00000029 00000000 00000000 00000000 00000000 00000101 00000081 00000000 00000000 00000000 00000000 00000000 00000000 00000000 00003333 00004ccd 00002667 00000001 00000000 01c9c380 0000027c
capture_snapshot GLI1 00010000 30000000 2500000 30 0 30000000 0 0 0 0 0 0 0 6dad0b20 00000029 6e041e34 00000029 00074198 00000000 00074198 00000000 0000006a 00000000 00000000 00000000 00571822 00000000 00074202 00000000 00000000 00000000 00000000 00000039 008b3199 00000001 00000000 00000001 00000000 00000000 00000000 00000000 00000000 00000000 00000000 00000000 00000000 00000000 00000000 00000000 00000000 00000000 00000000 00000000 18960e0f 0000008a 6e041e47 00000029 00000000 00000000 00000000 00000000 00000101 00000080 00000000 00000000 00000000 00000000 00000000 00000000 00000000 00003333 00004ccd 00002667 00000001 00000000 01c9c380 0000027c
capture_snapshot GLI1 00010000 30000000 2500000 31 0 30000000 0 0 0 0 0 0 0 6dad0b20 00000029 6e071eb8 00000029 000781a3 00000000 000781a3 00000000 0000006a 00000000 00000000 00000000 005a18ad 00000000 0007820d 00000000 00000000 00000000 00000000 00000039 008b3199 00000001 00000000 00000001 00000000 00000000 00000000 00000000 00000000 00000000 00000000 00000000 00000000 00000000 00000000 00000000 00000000 00000000 00000000 00000000 18a00fcb 0000008a 6e071ed2 00000029 00000000 00000000 00000000 00000000 00000101 00000080 00000000 00000000 00000000 00000000 00000000 00000000 00000000 00003333 00004ccd 00002667 00000001 00000000 01c9c380 0000027c
capture_snapshot GLI1 00010000 30000000 2500000 32 0 30000000 0 0 0 0 0 0 0 6dad0b20 00000029 6e0a1ec4 00000029 0007c1a4 00000000 0007c1a4 00000000 0000006a 00000000 00000000 00000000 005d18b6 00000000 0007c20e 00000000 00000000 00000000 00000000 00000039 008b3199 00000001 00000000 00000001 00000000 00000000 00000000 00000000 00000000 00000000 00000000 00000000 00000000 00000000 00000000 00000000 00000000 00000000 00000000 00000000 18aa0fd5 0000008a 6e0a1edb 00000029 00000000 00000000 00000000 00000000 00000100 00000080 00000000 00000000 00000000 00000000 00000000 00000000 00000000 00003333 00004ccd 00002667 00000001 00000000 01c9c380 0000027c
capture_snapshot GLI1 00010000 30000000 2500000 33 0 30000000 0 0 0 0 0 0 0 6dad0b20 00000029 6e0d1df8 00000029 00080193 00000000 00080193 00000000 0000006a 00000000 00000000 00000000 006017ec 00000000 000801fd 00000000 00000000 00000000 00000000 00000039 008b3199 00000001 00000000 00000001 00000000 00000000 00000000 00000000 00000000 00000000 00000000 00000000 00000000 00000000 00000000 00000000 00000000 00000000 00000000 00000000 18b40d20 0000008a 6e0d1e11 00000029 00000000 00000000 00000000 00000000 00000100 00000080 00000000 00000000 00000000 00000000 00000000 00000000 00000000 00003333 00004ccd 00002667 00000001 00000000 01c9c380 0000027c
capture_snapshot GLI1 00010000 30000000 2500000 34 0 30000000 0 0 0 0 0 0 0 6dad0b20 00000029 6e101db0 00000029 0008418d 00000000 0008418d 00000000 0000006a 00000000 00000000 00000000 006317a0 00000000 000841f7 00000000 00000000 00000000 00000000 00000039 008b3199 00000001 00000000 00000001 00000000 00000000 00000000 00000000 00000000 00000000 00000000 00000000 00000000 00000000 00000000 00000000 00000000 00000000 00000000 00000000 18be0c10 0000008a 6e101dc5 00000029 00000000 00000000 00000000 00000000 00000101 00000080 00000000 00000000 00000000 00000000 00000000 00000000 00000000 00003333 00004ccd 00002667 00000001 00000000 01c9c380 0000027c
capture_snapshot GLI1 00010000 30000000 2500000 35 0 30000000 0 0 0 0 0 0 0 6dad0b20 00000029 6e131e04 00000029 00088194 00000000 00088194 00000000 0000006a 00000000 00000000 00000000 006617f4 00000000 000881fe 00000000 00000000 00000000 00000000 00000039 008b3199 00000001 00000000 00000001 00000000 00000000 00000000 00000000 00000000 00000000 00000000 00000000 00000000 00000000 00000000 00000000 00000000 00000000 00000000 00000000 18c80d14 0000008a 6e131e19 00000029 00000000 00000000 00000000 00000000 00000100 00000080 00000000 00000000 00000000 00000000 00000000 00000000 00000000 00003333 00004ccd 00002667 00000001 00000000 01c9c380 0000027c
capture_snapshot GLI1 00010000 30000000 2500000 36 0 30000000 0 0 0 0 0 0 0 6dad0b20 00000029 6e162218 00000029 0008c1eb 00000000 0008c1eb 00000000 0000006a 00000000 00000000 00000000 00691c06 00000000 0008c255 00000000 00000000 00000000 00000000 00000039 008b3199 00000001 00000000 00000001 00000000 00000000 00000000 00000000 00000000 00000000 00000000 00000000 00000000 00000000 00000000 00000000 00000000 00000000 00000000 00000000 18d21a94 0000008a 6e16222b 00000029 00000000 00000000 00000000 00000000 00000100 00000081 00000000 00000000 00000000 00000000 00000000 00000000 00000000 00003333 00004ccd 00002667 00000001 00000000 01c9c380 0000027c
capture_snapshot GLI1 00010000 30000000 2500000 37 0 30000000 0 0 0 0 0 0 0 6dad0b20 00000029 6e192338 00000029 00090203 00000000 00090203 00000000 0000006a 00000000 00000000 00000000 006c1d22 00000000 0009026d 00000000 00000000 00000000 00000000 00000039 008b3199 00000001 00000000 00000001 00000000 00000000 00000000 00000000 00000000 00000000 00000000 00000000 00000000 00000000 00000000 00000000 00000000 00000000 00000000 00000000 18dc1e33 0000008a 6e192347 00000029 00000000 00000000 00000000 00000000 00000101 00000081 00000000 00000000 00000000 00000000 00000000 00000000 00000000 00003333 00004ccd 00002667 00000001 00000000 01c9c380 0000027c
capture_snapshot GLI1 00010000 30000000 2500000 38 0 30000000 0 0 0 0 0 0 0 6dad0b20 00000029 6e1c2428 00000029 00094217 00000000 00094217 00000000 0000006a 00000000 00000000 00000000 006f1e14 00000000 00094281 00000000 00000000 00000000 00000000 00000039 008b3199 00000001 00000000 00000001 00000000 00000000 00000000 00000000 00000000 00000000 00000000 00000000 00000000 00000000 00000000 00000000 00000000 00000000 00000000 00000000 18e62146 0000008a 6e1c2439 00000029 00000000 00000000 00000000 00000000 00000101 00000080 00000000 00000000 00000000 00000000 00000000 00000000 00000000 00003333 00004ccd 00002667 00000001 00000000 01c9c380 0000027c
capture_snapshot GLI1 00010000 30000000 2500000 39 0 30000000 0 0 0 0 0 0 0 6dad0b20 00000029 6e1f1fa8 00000029 000981b7 00000000 000981b7 00000000 0000006a 00000000 00000000 00000000 00721995 00000000 00098221 00000000 00000000 00000000 00000000 00000039 008b3199 00000001 00000000 00000001 00000000 00000000 00000000 00000000 00000000 00000000 00000000 00000000 00000000 00000000 00000000 00000000 00000000 00000000 00000000 00000000 18f01235 0000008a 6e1f1fba 00000029 00000000 00000000 00000000 00000000 00000101 00000081 00000000 00000000 00000000 00000000 00000000 00000000 00000000 00003333 00004ccd 00002667 00000001 00000000 01c9c380 0000027c
capture_snapshot GLI1 00010000 30000000 2500000 40 0 30000000 0 0 0 0 0 0 0 6dad0b20 00000029 6e221e94 00000029 0009c1a0 00000000 0009c1a0 00000000 0000006a 00000000 00000000 00000000 00751883 00000000 0009c20a 00000000 00000000 00000000 00000000 00000039 008b3199 00000001 00000000 00000001 00000000 00000000 00000000 00000000 00000000 00000000 00000000 00000000 00000000 00000000 00000000 00000000 00000000 00000000 00000000 00000000 18fa0e92 0000008a 6e221ea8 00000029 00000000 00000000 00000000 00000000 00000100 00000080 00000000 00000000 00000000 00000000 00000000 00000000 00000000 00003333 00004ccd 00002667 00000001 00000000 01c9c380 0000027c
capture_snapshot GLI1 00010000 30000000 2500000 41 0 30000000 0 0 0 0 0 0 0 6dad0b20 00000029 6e251e34 00000029 000a0198 00000000 000a0198 00000000 0000006a 00000000 00000000 00000000 00781829 00000000 000a0202 00000000 00000000 00000000 00000000 00000039 008b3199 00000001 00000000 00000001 00000000 00000000 00000000 00000000 00000000 00000000 00000000 00000000 00000000 00000000 00000000 00000000 00000000 00000000 00000000 00000000 19040d51 0000008a 6e251e4e 00000029 00000000 00000000 00000000 00000000 00000101 00000081 00000000 00000000 00000000 00000000 00000000 00000000 00000000 00003333 00004ccd 00002667 00000001 00000000 01c9c380 0000027c
capture_snapshot GLI1 00010000 30000000 2500000 42 0 30000000 0 0 0 0 0 0 0 6dad0b20 00000029 6e281e10 00000029 000a4195 00000000 000a4195 00000000 0000006a 00000000 00000000 00000000 007b17fc 00000000 000a41ff 00000000 00000000 00000000 00000000 00000039 008b3199 00000001 00000000 00000001 00000000 00000000 00000000 00000000 00000000 00000000 00000000 00000000 00000000 00000000 00000000 00000000 00000000 00000000 00000000 00000000 190e0ca9 0000008a 6e281e21 00000029 00000000 00000000 00000000 00000000 00000100 00000080 00000000 00000000 00000000 00000000 00000000 00000000 00000000 00003333 00004ccd 00002667 00000001 00000000 01c9c380 0000027c
capture_snapshot GLI1 00010000 30000000 2500000 43 0 30000000 0 0 0 0 0 0 0 6dad0b20 00000029 6e2b1e64 00000029 000a819c 00000000 000a819c 00000000 0000006a 00000000 00000000 00000000 007e1857 00000000 000a8206 00000000 00000000 00000000 00000000 00000039 008b3199 00000001 00000000 00000001 00000000 00000000 00000000 00000000 00000000 00000000 00000000 00000000 00000000 00000000 00000000 00000000 00000000 00000000 00000000 00000000 19180dc4 0000008a 6e2b1e7c 00000029 00000000 00000000 00000000 00000000 00000101 00000081 00000000 00000000 00000000 00000000 00000000 00000000 00000000 00003333 00004ccd 00002667 00000001 00000000 01c9c380 0000027c
capture_snapshot GLI1 00010000 30000000 2500000 44 0 30000000 0 0 0 0 0 0 0 6dad0b20 00000029 6e2e2344 00000029 000ac204 00000000 000ac204 00000000 0000006a 00000000 00000000 00000000 00811d31 00000000 000ac26e 00000000 00000000 00000000 00000000 00000039 008b3199 00000001 00000000 00000001 00000000 00000000 00000000 00000000 00000000 00000000 00000000 00000000 00000000 00000000 00000000 00000000 00000000 00000000 00000000 00000000 19221ddc 0000008a 6e2e2356 00000029 00000000 00000000 00000000 00000000 00000101 00000081 00000000 00000000 00000000 00000000 00000000 00000000 00000000 00003333 00004ccd 00002667 00000001 00000000 01c9c380 0000027c
capture_snapshot GLI1 00010000 30000000 2500000 45 0 30000000 0 0 0 0 0 0 0 6dad0b20 00000029 6e311e58 00000029 000b019b 00000000 000b019b 00000000 0000006a 00000000 00000000 00000000 00841842 00000000 000b0205 00000000 00000000 00000000 00000000 00000039 008b3199 00000001 00000000 00000001 00000000 00000000 00000000 00000000 00000000 00000000 00000000 00000000 00000000 00000000 00000000 00000000 00000000 00000000 00000000 00000000 192c0d55 0000008a 6e311e67 00000029 00000000 00000000 00000000 00000000 00000100 00000080 00000000 00000000 00000000 00000000 00000000 00000000 00000000 00003333 00004ccd 00002667 00000001 00000000 01c9c380 0000027c
capture_snapshot GLI1 00010000 30000000 2500000 46 0 30000000 0 0 0 0 0 0 0 6dad0b20 00000029 6e341eac 00000029 000b41a2 00000000 000b41a2 00000000 0000006a 00000000 00000000 00000000 00871899 00000000 000b420c 00000000 00000000 00000000 00000000 00000039 008b3199 00000001 00000000 00000001 00000000 00000000 00000000 00000000 00000000 00000000 00000000 00000000 00000000 00000000 00000000 00000000 00000000 00000000 00000000 00000000 19360e66 0000008a 6e341ebe 00000029 00000000 00000000 00000000 00000000 00000101 00000080 00000000 00000000 00000000 00000000 00000000 00000000 00000000 00003333 00004ccd 00002667 00000001 00000000 01c9c380 0000027c
capture_snapshot GLI1 00010000 30000000 2500000 47 0 30000000 0 0 0 0 0 0 0 6dad0b20 00000029 6e371e40 00000029 000b8199 00000000 000b8199 00000000 0000006a 00000000 00000000 00000000 008a1834 00000000 000b8203 00000000 00000000 00000000 00000000 00000039 008b3199 00000001 00000000 00000001 00000000 00000000 00000000 00000000 00000000 00000000 00000000 00000000 00000000 00000000 00000000 00000000 00000000 00000000 00000000 00000000 19400d02 0000008a 6e371e59 00000029 00000000 00000000 00000000 00000000 00000100 00000080 00000000 00000000 00000000 00000000 00000000 00000000 00000000 00003333 00004ccd 00002667 00000001 00000000 01c9c380 0000027c
capture_snapshot GLI1 00010000 30000000 2500000 48 0 30000000 0 0 0 0 0 0 0 6dad0b20 00000029 6e3a1e1c 00000029 000bc196 00000000 000bc196 00000000 0000006a 00000000 00000000 00000000 008d1808 00000000 000bc200 00000000 00000000 00000000 00000000 00000039 008b3199 00000001 00000000 00000001 00000000 00000000 00000000 00000000 00000000 00000000 00000000 00000000 00000000 00000000 00000000 00000000 00000000 00000000 00000000 00000000 194a0c5b 0000008a 6e3a1e2d 00000029 00000000 00000000 00000000 00000000 00000101 00000081 00000000 00000000 00000000 00000000 00000000 00000000 00000000 00003333 00004ccd 00002667 00000001 00000000 01c9c380 0000027c
capture_snapshot GLI1 00010000 30000000 2500000 49 0 30000000 0 0 0 0 0 0 0 6dad0b20 00000029 6e3d1e88 00000029 000c019f 00000000 000c019f 00000000 0000006a 00000000 00000000 00000000 00901875 00000000 000c0209 00000000 00000000 00000000 00000000 00000039 008b3199 00000001 00000000 00000001 00000000 00000000 00000000 00000000 00000000 00000000 00000000 00000000 00000000 00000000 00000000 00000000 00000000 00000000 00000000 00000000 19540db2 0000008a 6e3d1e9a 00000029 00000000 00000000 00000000 00000000 00000101 00000080 00000000 00000000 00000000 00000000 00000000 00000000 00000000 00003333 00004ccd 00002667 00000001 00000000 01c9c380 0000027c
capture_snapshot GLI1 00010000 30000000 2500000 50 0 30000000 0 0 0 0 0 0 0 6dad0b20 00000029 6e401dc8 00000029 000c418f 00000000 000c418f 00000000 0000006a 00000000 00000000 00000000 009317b8 00000000 000c41f9 00000000 00000000 00000000 00000000 00000039 008b3199 00000001 00000000 00000001 00000000 00000000 00000000 00000000 00000000 00000000 00000000 00000000 00000000 00000000 00000000 00000000 00000000 00000000 00000000 00000000 195e0b28 0000008a 6e401ddd 00000029 00000000 00000000 00000000 00000000 00000100 00000080 00000000 00000000 00000000 00000000 00000000 00000000 00000000 00003333 00004ccd 00002667 00000001 00000000 01c9c380 0000027c
capture_snapshot GLI1 00010000 30000000 2500000 51 0 30000000 0 0 0 0 0 0 0 6dad0b20 00000029 6e431e94 00000029 000c81a0 00000000 000c81a0 00000000 0000006a 00000000 00000000 00000000 0096187e 00000000 000c820a 00000000 00000000 00000000 00000000 00000039 008b3199 00000001 00000000 00000001 00000000 00000000 00000000 00000000 00000000 00000000 00000000 00000000 00000000 00000000 00000000 00000000 00000000 00000000 00000000 00000000 19680dac 0000008a 6e431ea3 00000029 00000000 00000000 00000000 00000000 00000100 00000080 00000000 00000000 00000000 00000000 00000000 00000000 00000000 00003333 00004ccd 00002667 00000001 00000000 01c9c380 0000027c
capture_snapshot GLI1 00010000 30000000 2500000 52 0 30000000 0 0 0 0 0 0 0 6dad0b20 00000029 6e461e40 00000029 000cc199 00000000 000cc199 00000000 0000006a 00000000 00000000 00000000 0099182e 00000000 000cc203 00000000 00000000 00000000 00000000 00000039 008b3199 00000001 00000000 00000001 00000000 00000000 00000000 00000000 00000000 00000000 00000000 00000000 00000000 00000000 00000000 00000000 00000000 00000000 00000000 00000000 19720c8d 0000008a 6e461e53 00000029 00000000 00000000 00000000 00000000 00000100 00000080 00000000 00000000 00000000 00000000 00000000 00000000 00000000 00003333 00004ccd 00002667 00000001 00000000 01c9c380 0000027c
capture_snapshot GLI1 00010000 30000000 2500000 53 0 30000000 0 0 0 0 0 0 0 6dad0b20 00000029 6e491da4 00000029 000d018c 00000000 000d018c 00000000 0000006a 00000000 00000000 00000000 009c178e 00000000 000d01f6 00000000 00000000 00000000 00000000 00000039 008b3199 00000001 00000000 00000001 00000000 00000000 00000000 00000000 00000000 00000000 00000000 00000000 00000000 00000000 00000000 00000000 00000000 00000000 00000000 00000000 197c0a64 0000008a 6e491db3 00000029 00000000 00000000 00000000 00000000 00000100 00000081 00000000 00000000 00000000 00000000 00000000 00000000 00000000 00003333 00004ccd 00002667 00000001 00000000 01c9c380 0000027c
capture_snapshot GLI1 00010000 30000000 2500000 54 0 30000000 0 0 0 0 0 0 0 6dad0b20 00000029 6e4c1e58 00000029 000d419b 00000000 000d419b 00000000 0000006a 00000000 00000000 00000000 009f1848 00000000 000d4205 00000000 00000000 00000000 00000000 00000039 008b3199 00000001 00000000 00000001 00000000 00000000 00000000 00000000 00000000 00000000 00000000 00000000 00000000 00000000 00000000 00000000 00000000 00000000 00000000 00000000 19860cbd 0000008a 6e4c1e6d 00000029 00000000 00000000 00000000 00000000 00000100 00000080 00000000 00000000 00000000 00000000 00000000 00000000 00000000 00003333 00004ccd 00002667 00000001 00000000 01c9c380 0000027c
capture_snapshot GLI1 00010000 30000000 2500000 55 0 30000000 0 0 0 0 0 0 0 6dad0b20 00000029 6e4f1e70 00000029 000d819d 00000000 000d819d 00000000 0000006a 00000000 00000000 00000000 00a21860 00000000 000d8207 00000000 00000000 00000000 00000000 00000039 008b3199 00000001 00000000 00000001 00000000 00000000 00000000 00000000 00000000 00000000 00000000 00000000 00000000 00000000 00000000 00000000 00000000 00000000 00000000 00000000 19900cf8 0000008a 6e4f1e85 00000029 00000000 00000000 00000000 00000000 00000101 00000081 00000000 00000000 00000000 00000000 00000000 00000000 00000000 00003333 00004ccd 00002667 00000001 00000000 01c9c380 0000027c
capture_snapshot GLI1 00010000 30000000 2500000 56 0 30000000 0 0 0 0 0 0 0 6dad0b20 00000029 6e521d98 00000029 000dc18b 00000000 000dc18b 00000000 0000006a 00000000 00000000 00000000 00a51787 00000000 000dc1f5 00000000 00000000 00000000 00000000 00000039 008b3199 00000001 00000000 00000001 00000000 00000000 00000000 00000000 00000000 00000000 00000000 00000000 00000000 00000000 00000000 00000000 00000000 00000000 00000000 00000000 199a0a12 0000008a 6e521dac 00000029 00000000 00000000 00000000 00000000 00000101 00000081 00000000 00000000 00000000 00000000 00000000 00000000 00000000 00003333 00004ccd 00002667 00000001 00000000 01c9c380 0000027c
capture_snapshot GLI1 00010000 30000000 2500000 57 0 30000000 0 0 0 0 0 0 0 6dad0b20 00000029 6e551e4c 00000029 000e019a 00000000 000e019a 00000000 0000006a 00000000 00000000 00000000 00a8183a 00000000 000e0204 00000000 00000000 00000000 00000000 00000039 008b3199 00000001 00000000 00000001 00000000 00000000 00000000 00000000 00000000 00000000 00000000 00000000 00000000 00000000 00000000 00000000 00000000 00000000 00000000 00000000 19a40c54 0000008a 6e551e5f 00000029 00000000 00000000 00000000 00000000 00000100 00000080 00000000 00000000 00000000 00000000 00000000 00000000 00000000 00003333 00004ccd 00002667 00000001 00000000 01c9c380 0000027c
capture_snapshot GLI1 00010000 30000000 2500000 58 0 30000000 0 0 0 0 0 0 0 6dad0b20 00000029 6e581e94 00000029 000e41a0 00000000 000e41a0 00000000 0000006a 00000000 00000000 00000000 00ab1881 00000000 000e420a 00000000 00000000 00000000 00000000 00000039 008b3199 00000001 00000000 00000001 00000000 00000000 00000000 00000000 00000000 00000000 00000000 00000000 00000000 00000000 00000000 00000000 00000000 00000000 00000000 00000000 19ae0d2a 0000008a 6e581ea6 00000029 00000000 00000000 00000000 00000000 00000100 00000080 00000000 00000000 00000000 00000000 00000000 00000000 00000000 00003333 00004ccd 00002667 00000001 00000000 01c9c380 0000027c
capture_snapshot GLI1 00010000 30000000 2500000 59 0 30000000 0 0 0 0 0 0 0 6dad0b20 00000029 6e5b1e40 00000029 000e8199 00000000 000e8199 00000000 0000006a 00000000 00000000 00000000 00ae1833 00000000 000e8203 00000000 00000000 00000000 00000000 00000039 008b3199 00000001 00000000 00000001 00000000 00000000 00000000 00000000 00000000 00000000 00000000 00000000 00000000 00000000 00000000 00000000 00000000 00000000 00000000 00000000 19b80c14 0000008a 6e5b1e58 00000029 00000000 00000000 00000000 00000000 00000101 00000081 00000000 00000000 00000000 00000000 00000000 00000000 00000000 00003333 00004ccd 00002667 00000001 00000000 01c9c380 0000027c
capture_snapshot GLI1 00010000 30000000 2500000 60 0 30000000 0 0 0 0 0 0 0 6dad0b20 00000029 6e5e1e1c 00000029 000ec196 00000000 000ec196 00000000 0000006a 00000000 00000000 00000000 00b11810 00000000 000ec200 00000000 00000000 00000000 00000000 00000039 008b3199 00000001 00000000 00000001 00000000 00000000 00000000 00000000 00000000 00000000 00000000 00000000 00000000 00000000 00000000 00000000 00000000 00000000 00000000 00000000 19c20b8b 0000008a 6e5e1e35 00000029 00000000 00000000 00000000 00000000 00000101 00000080 00000000 00000000 00000000 00000000 00000000 00000000 00000000 00003333 00004ccd 00002667 00000001 00000000 01c9c380 0000027c
capture_snapshot GLI1 00010000 30000000 2500000 61 0 30000000 0 0 0 0 0 0 0 6dad0b20 00000029 6e611e64 00000029 000f019c 00000000 000f019c 00000000 0000006a 00000000 00000000 00000000 00b41851 00000000 000f0206 00000000 00000000 00000000 00000000 00000039 008b3199 00000001 00000000 00000001 00000000 00000000 00000000 00000000 00000000 00000000 00000000 00000000 00000000 00000000 00000000 00000000 00000000 00000000 00000000 00000000 19cc0c50 0000008a 6e611e76 00000029 00000000 00000000 00000000 00000000 00000100 00000080 00000000 00000000 00000000 00000000 00000000 00000000 00000000 00003333 00004ccd 00002667 00000001 00000000 01c9c380 0000027c
capture_snapshot GLI1 00010000 30000000 2500000 62 0 30000000 0 0 0 0 0 0 0 6dad0b20 00000029 6e641ff0 00000029 000f41bd 00000000 000f41bd 00000000 0000006a 00000000 00000000 00000000 00b719e5 00000000 000f4227 00000000 00000000 00000000 00000000 00000039 008b3199 00000001 00000000 00000001 00000000 00000000 00000000 00000000 00000000 00000000 00000000 00000000 00000000 00000000 00000000 00000000 00000000 00000000 00000000 00000000 19d61180 0000008a 6e64200a 00000029 00000000 00000000 00000000 00000000 00000101 00000081 00000000 00000000 00000000 00000000 00000000 00000000 00000000 00003333 00004ccd 00002667 00000001 00000000 01c9c380 0000027c
capture_snapshot GLI1 00010000 30000000 2500000 63 0 30000000 0 0 0 0 0 0 0 6dad0b20 00000029 6e671db0 00000029 000f818d 00000000 000f818d 00000000 0000006a 00000000 00000000 00000000 00ba179a 00000000 000f81f7 00000000 00000000 00000000 00000000 00000039 008b3199 00000001 00000000 00000001 00000000 00000000 00000000 00000000 00000000 00000000 00000000 00000000 00000000 00000000 00000000 00000000 00000000 00000000 00000000 00000000 19e009ca 0000008a 6e671dbf 00000029 00000000 00000000 00000000 00000000 00000100 00000080 00000000 00000000 00000000 00000000 00000000 00000000 00000000 00003333 00004ccd 00002667 00000001 00000000 01c9c380 0000027c
capture_snapshot GLI1 00010000 30000000 2500000 64 0 30000000 0 0 0 0 0 0 0 6dad0b20 00000029 6e6a1d38 00000029 000fc183 00000000 000fc183 00000000 0000006a 00000000 00000000 00000000 00bd172a 00000000 000fc1ed 00000000 00000000 00000000 00000000 00000039 008b3199 00000001 00000000 00000001 00000000 00000000 00000000 00000000 00000000 00000000 00000000 00000000 00000000 00000000 00000000 00000000 00000000 00000000 00000000 00000000 19ea0841 0000008a 6e6a1d4f 00000029 00000000 00000000 00000000 00000000 00000100 00000080 00000000 00000000 00000000 00000000 00000000 00000000 00000000 00003333 00004ccd 00002667 00000001 00000000 01c9c380 0000027c
capture_snapshot GLI1 00010000 30000000 2500000 65 0 30000000 0 0 0 0 0 0 0 6dad0b20 00000029 6e6d1cb4 00000029 00100178 00000000 00100178 00000000 0000006a 00000000 00000000 00000000 00c0169e 00000000 001001e2 00000000 00000000 00000000 00000000 00000039 008b3199 00000001 00000000 00000001 00000000 00000000 00000000 00000000 00000000 00000000 00000000 00000000 00000000 00000000 00000000 00000000 00000000 00000000 00000000 00000000 19f4065a 0000008a 6e6d1cc3 00000029 00000000 00000000 00000000 00000000 00000101 00000081 00000000 00000000 00000000 00000000 00000000 00000000 00000000 00003333 00004ccd 00002667 00000001 00000000 01c9c380 0000027c
capture_snapshot GLI1 00010000 30000000 2500000 66 0 30000000 0 0 0 0 0 0 0 6dad0b20 00000029 6e701d20 00000029 00104181 00000000 00104181 00000000 0000006a 00000000 00000000 00000000 00c3170a 00000000 001041eb 00000000 00000000 00000000 00000000 00000039 008b3199 00000001 00000000 00000001 00000000 00000000 00000000 00000000 00000000 00000000 00000000 00000000 00000000 00000000 00000000 00000000 00000000 00000000 00000000 00000000 19fe07ad 0000008a 6e701d2f 00000029 00000000 00000000 00000000 00000000 00000101 00000080 00000000 00000000 00000000 00000000 00000000 00000000 00000000 00003333 00004ccd 00002667 00000001 00000000 01c9c380 0000027c
capture_snapshot GLI1 00010000 30000000 2500000 67 0 30000000 0 0 0 0 0 0 0 6dad0b20 00000029 6e731d14 00000029 00108180 00000000 00108180 00000000 0000006a 00000000 00000000 00000000 00c61706 00000000 001081ea 00000000 00000000 00000000 00000000 00000039 008b3199 00000001 00000000 00000001 00000000 00000000 00000000 00000000 00000000 00000000 00000000 00000000 00000000 00000000 00000000 00000000 00000000 00000000 00000000 00000000 1a08078d 0000008a 6e731d2b 00000029 00000000 00000000 00000000 00000000 00000101 00000081 00000000 00000000 00000000 00000000 00000000 00000000 00000000 00003333 00004ccd 00002667 00000001 00000000 01c9c380 0000027c
capture_snapshot GLI1 00010000 30000000 2500000 68 0 30000000 0 0 0 0 0 0 0 6dad0b20 00000029 6e761ce4 00000029 0010c17c 00000000 0010c17c 00000000 0000006a 00000000 00000000 00000000 00c916d2 00000000 0010c1e6 00000000 00000000 00000000 00000000 00000039 008b3199 00000001 00000000 00000001 00000000 00000000 00000000 00000000 00000000 00000000 00000000 00000000 00000000 00000000 00000000 00000000 00000000 00000000 00000000 00000000 1a1206ce 0000008a 6e761cf7 00000029 00000000 00000000 00000000 00000000 00000100 00000080 00000000 00000000 00000000 00000000 00000000 00000000 00000000 00003333 00004ccd 00002667 00000001 00000000 01c9c380 0000027c
capture_snapshot GLI1 00010000 30000000 2500000 69 0 30000000 0 0 0 0 0 0 0 6dad0b20 00000029 6e791ce4 00000029 0011017c 00000000 0011017c 00000000 0000006a 00000000 00000000 00000000 00cc16d2 00000000 001101e6 00000000 00000000 00000000 00000000 00000039 008b3199 00000001 00000000 00000001 00000000 00000000 00000000 00000000 00000000 00000000 00000000 00000000 00000000 00000000 00000000 00000000 00000000 00000000 00000000 00000000 1a1c06ba 0000008a 6e791cf7 00000029 00000000 00000000 00000000 00000000 00000100 00000081 00000000 00000000 00000000 00000000 00000000 00000000 00000000 00003333 00004ccd 00002667 00000001 00000000 01c9c380 0000027c
capture_snapshot GLI1 00010000 30000000 2500000 70 0 30000000 0 0 0 0 0 0 0 6dad0b20 00000029 6e7c1cf0 00000029 0011417d 00000000 0011417d 00000000 0000006a 00000000 00000000 00000000 00cf16db 00000000 001141e7 00000000 00000000 00000000 00000000 00000039 008b3199 00000001 00000000 00000001 00000000 00000000 00000000 00000000 00000000 00000000 00000000 00000000 00000000 00000000 00000000 00000000 00000000 00000000 00000000 00000000 1a2606c5 0000008a 6e7c1d00 00000029 00000000 00000000 00000000 00000000 00000100 00000080 00000000 00000000 00000000 00000000 00000000 00000000 00000000 00003333 00004ccd 00002667 00000001 00000000 01c9c380 0000027c
capture_snapshot GLI1 00010000 30000000 2500000 71 0 30000000 0 0 0 0 0 0 0 6dad0b20 00000029 6e7f1d14 00000029 00118180 00000000 00118180 00000000 0000006a 00000000 00000000 00000000 00d21705 00000000 001181ea 00000000 00000000 00000000 00000000 00000039 008b3199 00000001 00000000 00000001 00000000 00000000 00000000 00000000 00000000 00000000 00000000 00000000 00000000 00000000 00000000 00000000 00000000 00000000 00000000 00000000 1a30073b 0000008a 6e7f1d2a 00000029 00000000 00000000 00000000 00000000 00000101 00000080 00000000 00000000 00000000 00000000 00000000 00000000 00000000 00003333 00004ccd 00002667 00000001 00000000 01c9c380 0000027c
capture_snapshot GLI1 00010000 30000000 2500000 72 0 30000000 0 0 0 0 0 0 0 6dad0b20 00000029 6e821e10 00000029 0011c195 00000000 0011c195 00000000 0000006a 00000000 00000000 00000000 00d517fe 00000000 0011c1ff 00000000 00000000 00000000 00000000 00000039 008b3199 00000001 00000000 00000001 00000000 00000000 00000000 00000000 00000000 00000000 00000000 00000000 00000000 00000000 00000000 00000000 00000000 00000000 00000000 00000000 1a3a0a66 0000008a 6e821e23 00000029 00000000 00000000 00000000 00000000 00000101 00000080 00000000 00000000 00000000 00000000 00000000 00000000 00000000 00003333 00004ccd 00002667 00000001 00000000 01c9c380 0000027c
capture_snapshot GLI1 00010000 30000000 2500000 73 0 30000000 0 0 0 0 0 0 0 6dad0b20 00000029 6e85268c 00000029 0012024a 00000000 0012024a 00000000 0000006a 00000000 00000000 00000000 00d8207d 00000000 001202b4 00000000 00000000 00000000 00000000 00000039 008b3199 00000001 00000000 00000001 00000000 00000000 00000000 00000000 00000000 00000000 00000000 00000000 00000000 00000000 00000000 00000000 00000000 00000000 00000000 00000000 1a4426a5 0000008a 6e8526a2 00000029 00000000 00000000 00000000 00000000 00000101 00000081 00000000 00000000 00000000 00000000 00000000 00000000 00000000 00003333 00004ccd 00002667 00000001 00000000 01c9c380 0000027c
capture_snapshot GLI1 00010000 30000000 2500000 74 0 30000000 0 0 0 0 0 0 0 6dad0b20 00000029 6e881d5c 00000029 00124186 00000000 00124185 00000000 0000006a 00000000 00000000 00000000 00db1745 00000000 001241f0 00000000 00000000 00000000 00000000 0000003b 008b3199 00000001 00000001 00000001 00000000 00000000 00000000 00000000 00000000 00000000 00000000 00000000 00000000 00000000 00000000 00000000 00000000 00000000 00000000 00000000 1a4e07d8 0000008a 6e881d6a 00000029 00000000 00000000 00000000 00000000 00000100 00000080 00000000 00000000 00000000 00000000 00000000 00000000 00000000 00003333 00004ccd 00002667 00000001 00000000 01c9c380 0000027c
capture_snapshot GLI1 00010000 30000000 2500000 75 0 30000000 0 0 0 0 0 0 0 6dad0b20 00000029 6e8b1d74 00000029 00128188 00000000 00128188 00000000 0000006a 00000000 00000000 00000000 00de1766 00000000 001281f2 00000000 00000000 00000000 00000000 00000039 008b3199 00000001 00000000 00000001 00000000 00000000 00000000 00000000 00000000 00000000 00000000 00000000 00000000 00000000 00000000 00000000 00000000 00000000 00000000 00000000 1a580833 0000008a 6e8b1d8b 00000029 00000000 00000000 00000000 00000000 00000100 00000080 00000000 00000000 00000000 00000000 00000000 00000000 00000000 00003333 00004ccd 00002667 00000001 00000000 01c9c380 0000027c
capture_snapshot GLI1 00010000 30000000 2500000 76 0 30000000 0 0 0 0 0 0 0 6dad0b20 00000029 6e8e1d68 00000029 0012c187 00000000 0012c187 00000000 0000006a 00000000 00000000 00000000 00e11759 00000000 0012c1f1 00000000 00000000 00000000 00000000 00000039 008b3199 00000001 00000000 00000001 00000000 00000000 00000000 00000000 00000000 00000000 00000000 00000000 00000000 00000000 00000000 00000000 00000000 00000000 00000000 00000000 1a6207f4 0000008a 6e8e1d7e 00000029 00000000 00000000 00000000 00000000 00000100 00000080 00000000 00000000 00000000 00000000 00000000 00000000 00000000 00003333 00004ccd 00002667 00000001 00000000 01c9c380 0000027c
capture_snapshot GLI1 00010000 30000000 2500000 77 0 30000000 0 0 0 0 0 0 0 6dad0b20 00000029 6e911d44 00000029 00130184 00000000 00130184 00000000 0000006a 00000000 00000000 00000000 00e41732 00000000 001301ee 00000000 00000000 00000000 00000000 00000039 008b3199 00000001 00000000 00000001 00000000 00000000 00000000 00000000 00000000 00000000 00000000 00000000 00000000 00000000 00000000 00000000 00000000 00000000 00000000 00000000 1a6c075e 0000008a 6e911d57 00000029 00000000 00000000 00000000 00000000 00000101 00000081 00000000 00000000 00000000 00000000 00000000 00000000 00000000 00003333 00004ccd 00002667 00000001 00000000 01c9c380 0000027c
capture_snapshot GLI1 00010000 30000000 2500000 78 0 30000000 0 0 0 0 0 0 0 6dad0b20 00000029 6e942908 00000029 0013427f 00000000 0013427f 00000000 0000006a 00000000 00000000 00000000 00e722f9 00000000 001342e9 00000000 00000000 00000000 00000000 00000039 008b3199 00000001 00000000 00000001 00000000 00000000 00000000 00000000 00000000 00000000 00000000 00000000 00000000 00000000 00000000 00000000 00000000 00000000 00000000 00000000 1a762e8b 0000008a 6e94291e 00000029 00000000 00000000 00000000 00000000 00000101 00000080 00000000 00000000 00000000 00000000 00000000 00000000 00000000 00003333 00004ccd 00002667 00000001 00000000 01c9c380 0000027c
capture_snapshot GLI1 00010000 30000000 2500000 79 0 30000000 0 0 0 0 0 0 0 6dad0b20 00000029 6e972d64 00000029 001382dc 00000000 001382dc 00000000 0000006a 00000000 00000000 00000000 00ea2756 00000000 00138346 00000000 00000000 00000000 00000000 00000039 008b3199 00000001 00000000 00000001 00000000 00000000 00000000 00000000 00000000 00000000 00000000 00000000 00000000 00000000 00000000 00000000 00000000 00000000 00000000 00000000 1a803d03 0000008a 6e972d7b 00000029 00000000 00000000 00000000 00000000 00000101 00000081 00000000 00000000 00000000 00000000 00000000 00000000 00000000 00003333 00004ccd 00002667 00000001 00000000 01c9c380 0000027c
capture_snapshot GLI1 00010000 30000000 2500000 80 0 30000000 0 0 0 0 0 0 0 6dad0b20 00000029 6e9a2b48 00000029 0013c2af 00000000 0013c2af 00000000 0000006a 00000000 00000000 00000000 00ed253a 00000000 0013c319 00000000 00000000 00000000 00000000 00000039 008b3199 00000001 00000000 00000001 00000000 00000000 00000000 00000000 00000000 00000000 00000000 00000000 00000000 00000000 00000000 00000000 00000000 00000000 00000000 00000000 1a8a35e8 0000008a 6e9a2b5f 00000029 00000000 00000000 00000000 00000000 00000101 00000081 00000000 00000000 00000000 00000000 00000000 00000000 00000000 00003333 00004ccd 00002667 00000001 00000000 01c9c380 0000027c
capture_snapshot GLI1 00010000 30000000 2500000 81 0 30000000 0 0 0 0 0 0 0 6dad0b20 00000029 6e9d2bb4 00000029 001402b8 00000000 001402b8 00000000 0000006a 00000000 00000000 00000000 00f025a6 00000000 00140322 00000000 00000000 00000000 00000000 00000039 008b3199 00000001 00000000 00000001 00000000 00000000 00000000 00000000 00000000 00000000 00000000 00000000 00000000 00000000 00000000 00000000 00000000 00000000 00000000 00000000 1a94373b 0000008a 6e9d2bcb 00000029 00000000 00000000 00000000 00000000 00000100 00000080 00000000 00000000 00000000 00000000 00000000 00000000 00000000 00003333 00004ccd 00002667 00000001 00000000 01c9c380 0000027c
capture_snapshot GLI1 00010000 30000000 2500000 82 0 30000000 0 0 0 0 0 0 0 6dad0b20 00000029 6ea02b0c 00000029 001442aa 00000000 001442aa 00000000 0000006a 00000000 00000000 00000000 00f324f6 00000000 00144314 00000000 00000000 00000000 00000000 00000039 008b3199 00000001 00000000 00000001 00000000 00000000 00000000 00000000 00000000 00000000 00000000 00000000 00000000 00000000 00000000 00000000 00000000 00000000 00000000 00000000 1a9e34e0 0000008a 6ea02b1b 00000029 00000000 00000000 00000000 00000000 00000100 00000080 00000000 00000000 00000000 00000000 00000000 00000000 00000000 00003333 00004ccd 00002667 00000001 00000000 01c9c380 0000027c
capture_snapshot GLI1 00010000 30000000 2500000 83 0 30000000 0 0 0 0 0 0 0 6dad0b20 00000029 6ea32c5c 00000029 001482c6 00000000 001482c6 00000000 0000006a 00000000 00000000 00000000 00f6264a 00000000 00148330 00000000 00000000 00000000 00000000 00000039 008b3199 00000001 00000000 00000001 00000000 00000000 00000000 00000000 00000000 00000000 00000000 00000000 00000000 00000000 00000000 00000000 00000000 00000000 00000000 00000000 1aa83939 0000008a 6ea32c6f 00000029 00000000 00000000 00000000 00000000 00000100 00000081 00000000 00000000 00000000 00000000 00000000 00000000 00000000 00003333 00004ccd 00002667 00000001 00000000 01c9c380 0000027c
capture_snapshot GLI1 00010000 30000000 2500000 84 0 30000000 0 0 0 0 0 0 0 6dad0b20 00000029 6ea62a88 00000029 0014c29f 00000000 0014c29f 00000000 0000006a 00000000 00000000 00000000 00f92478 00000000 0014c309 00000000 00000000 00000000 00000000 00000039 008b3199 00000001 00000000 00000001 00000000 00000000 00000000 00000000 00000000 00000000 00000000 00000000 00000000 00000000 00000000 00000000 00000000 00000000 00000000 00000000 1ab23312 0000008a 6ea62a9d 00000029 00000000 00000000 00000000 00000000 00000100 00000080 00000000 00000000 00000000 00000000 00000000 00000000 00000000 00003333 00004ccd 00002667 00000001 00000000 01c9c380 0000027c
capture_snapshot GLI1 00010000 30000000 2500000 85 0 30000000 0 0 0 0 0 0 0 6dad0b20 00000029 6ea92ad0 00000029 001502a5 00000000 001502a5 00000000 0000006a 00000000 00000000 00000000 00fc24c0 00000000 0015030f 00000000 00000000 00000000 00000000 00000039 008b3199 00000001 00000000 00000001 00000000 00000000 00000000 00000000 00000000 00000000 00000000 00000000 00000000 00000000 00000000 00000000 00000000 00000000 00000000 00000000 1abc33f0 0000008a 6ea92ae5 00000029 00000000 00000000 00000000 00000000 00000101 00000081 00000000 00000000 00000000 00000000 00000000 00000000 00000000 00003333 00004ccd 00002667 00000001 00000000 01c9c380 0000027c
capture_snapshot GLI1 00010000 30000000 2500000 86 0 30000000 0 0 0 0 0 0 0 6dad0b20 00000029 6eac2c5c 00000029 001542c6 00000000 001542c6 00000000 0000006a 00000000 00000000 00000000 00ff2647 00000000 00154330 00000000 00000000 00000000 00000000 00000039 008b3199 00000001 00000000 00000001 00000000 00000000 00000000 00000000 00000000 00000000 00000000 00000000 00000000 00000000 00000000 00000000 00000000 00000000 00000000 00000000 1ac638f5 0000008a 6eac2c6c 00000029 00000000 00000000 00000000 00000000 00000100 00000080 00000000 00000000 00000000 00000000 00000000 00000000 00000000 00003333 00004ccd 00002667 00000001 00000000 01c9c380 0000027c
capture_snapshot GLI1 00010000 30000000 2500000 87 0 30000000 0 0 0 0 0 0 0 6dad0b20 00000029 6eaf2cf8 00000029 001582d3 00000000 001582d3 00000000 0000006a 00000000 00000000 00000000 010226e3 00000000 0015833d 00000000 00000000 00000000 00000000 00000039 008b3199 00000001 00000000 00000001 00000000 00000000 00000000 00000000 00000000 00000000 00000000 00000000 00000000 00000000 00000000 00000000 00000000 00000000 00000000 00000000 1ad03aea 0000008a 6eaf2d08 00000029 00000000 00000000 00000000 00000000 00000100 00000080 00000000 00000000 00000000 00000000 00000000 00000000 00000000 00003333 00004ccd 00002667 00000001 00000000 01c9c380 0000027c
capture_snapshot GLI1 00010000 30000000 2500000 88 0 30000000 0 0 0 0 0 0 0 6dad0b20 00000029 6eb22dc4 00000029 0015c2e4 00000000 0015c2e4 00000000 0000006a 00000000 00000000 00000000 010527b7 00000000 0015c34e 00000000 00000000 00000000 00000000 00000039 008b3199 00000001 00000000 00000001 00000000 00000000 00000000 00000000 00000000 00000000 00000000 00000000 00000000 00000000 00000000 00000000 00000000 00000000 00000000 00000000 1ada3d98 0000008a 6eb22ddc 00000029 00000000 00000000 00000000 00000000 00000101 00000081 00000000 00000000 00000000 00000000 00000000 00000000 00000000 00003333 00004ccd 00002667 00000001 00000000 01c9c380 0000027c
capture_snapshot GLI1 00010000 30000000 2500000 89 0 30000000 0 0 0 0 0 0 0 6dad0b20 00000029 6eb52da0 00000029 001602e1 00000000 001602e1 00000000 0000006a 00000000 00000000 00000000 01082791 00000000 0016034b 00000000 00000000 00000000 00000000 00000039 008b3199 00000001 00000000 00000001 00000000 00000000 00000000 00000000 00000000 00000000 00000000 00000000 00000000 00000000 00000000 00000000 00000000 00000000 00000000 00000000 1ae43d04 0000008a 6eb52db6 00000029 00000000 00000000 00000000 00000000 00000100 00000080 00000000 00000000 00000000 00000000 00000000 00000000 00000000 00003333 00004ccd 00002667 00000001 00000000 01c9c380 0000027c
capture_snapshot GLI1 00010000 30000000 2500000 90 0 30000000 0 0 0 0 0 0 0 6dad0b20 00000029 6eb82938 00000029 00164283 00000000 00164283 00000000 0000006a 00000000 00000000 00000000 010b2322 00000000 001642ed 00000000 00000000 00000000 00000000 00000039 008b3199 00000001 00000000 00000001 00000000 00000000 00000000 00000000 00000000 00000000 00000000 00000000 00000000 00000000 00000000 00000000 00000000 00000000 00000000 00000000 1aee2e2c 0000008a 6eb82947 00000029 00000000 00000000 00000000 00000000 00000100 00000080 00000000 00000000 00000000 00000000 00000000 00000000 00000000 00003333 00004ccd 00002667 00000001 00000000 01c9c380 0000027c
capture_snapshot GLI1 00010000 30000000 2500000 91 0 30000000 0 0 0 0 0 0 0 6dad0b20 00000029 6ebb2b0c 00000029 001682aa 00000000 001682aa 00000000 0000006a 00000000 00000000 00000000 010e24fa 00000000 00168314 00000000 00000000 00000000 00000000 00000039 008b3199 00000001 00000000 00000001 00000000 00000000 00000000 00000000 00000000 00000000 00000000 00000000 00000000 00000000 00000000 00000000 00000000 00000000 00000000 00000000 1af8343b 0000008a 6ebb2b1f 00000029 00000000 00000000 00000000 00000000 00000100 00000080 00000000 00000000 00000000 00000000 00000000 00000000 00000000 00003333 00004ccd 00002667 00000001 00000000 01c9c380 0000027c
capture_snapshot GLI1 00010000 30000000 2500000 92 0 30000000 0 0 0 0 0 0 0 6dad0b20 00000029 6ebe2b3c 00000029 0016c2ae 00000000 0016c2ae 00000000 0000006a 00000000 00000000 00000000 0111252c 00000000 0016c318 00000000 00000000 00000000 00000000 00000039 008b3199 00000001 00000000 00000001 00000000 00000000 00000000 00000000 00000000 00000000 00000000 00000000 00000000 00000000 00000000 00000000 00000000 00000000 00000000 00000000 1b0234cf 0000008a 6ebe2b51 00000029 00000000 00000000 00000000 00000000 00000101 00000080 00000000 00000000 00000000 00000000 00000000 00000000 00000000 00003333 00004ccd 00002667 00000001 00000000 01c9c380 0000027c
capture_snapshot GLI1 00010000 30000000 2500000 93 0 30000000 0 0 0 0 0 0 0 6dad0b20 00000029 6ec128cc 00000029 0017027a 00000000 0017027a 00000000 0000006a 00000000 00000000 00000000 011422bc 00000000 001702e4 00000000 00000000 00000000 00000000 00000039 008b3199 00000001 00000000 00000001 00000000 00000000 00000000 00000000 00000000 00000000 00000000 00000000 00000000 00000000 00000000 00000000 00000000 00000000 00000000 00000000 1b0c2c9d 0000008a 6ec128e1 00000029 00000000 00000000 00000000 00000000 00000101 00000080 00000000 00000000 00000000 00000000 00000000 00000000 00000000 00003333 00004ccd 00002667 00000001 00000000 01c9c380 0000027c
capture_snapshot GLI1 00010000 30000000 2500000 94 0 30000000 0 0 0 0 0 0 0 6dad0b20 00000029 6ec42b0c 00000029 001742aa 00000000 001742aa 00000000 0000006a 00000000 00000000 00000000 01172501 00000000 00174314 00000000 00000000 00000000 00000000 00000039 008b3199 00000001 00000000 00000001 00000000 00000000 00000000 00000000 00000000 00000000 00000000 00000000 00000000 00000000 00000000 00000000 00000000 00000000 00000000 00000000 1b163419 0000008a 6ec42b26 00000029 00000000 00000000 00000000 00000000 00000101 00000081 00000000 00000000 00000000 00000000 00000000 00000000 00000000 00003333 00004ccd 00002667 00000001 00000000 01c9c380 0000027c
capture_snapshot GLI1 00010000 30000000 2500000 95 0 30000000 0 0 0 0 0 0 0 6dad0b20 00000029 6ec72a64 00000029 0017829c 00000000 0017829c 00000000 0000006a 00000000 00000000 00000000 011a2454 00000000 00178306 00000000 00000000 00000000 00000000 00000039 008b3199 00000001 00000000 00000001 00000000 00000000 00000000 00000000 00000000 00000000 00000000 00000000 00000000 00000000 00000000 00000000 00000000 00000000 00000000 00000000 1b2031c4 0000008a 6ec72a79 00000029 00000000 00000000 00000000 00000000 00000100 00000080 00000000 00000000 00000000 00000000 00000000 00000000 00000000 00003333 00004ccd 00002667 00000001 00000000 01c9c380 0000027c
capture_snapshot GLI1 00010000 30000000 2500000 96 0 30000000 0 0 0 0 0 0 0 6dad0b20 00000029 6eca2a64 00000029 0017c29c 00000000 0017c29c 00000000 0000006a 00000000 00000000 00000000 011d2453 00000000 0017c306 00000000 00000000 00000000 00000000 00000039 008b3199 00000001 00000000 00000001 00000000 00000000 00000000 00000000 00000000 00000000 00000000 00000000 00000000 00000000 00000000 00000000 00000000 00000000 00000000 00000000 1b2a31af 0000008a 6eca2a78 00000029 00000000 00000000 00000000 00000000 00000101 00000081 00000000 00000000 00000000 00000000 00000000 00000000 00000000 00003333 00004ccd 00002667 00000001 00000000 01c9c380 0000027c
capture_snapshot GLI1 00010000 30000000 2500000 97 0 30000000 0 0 0 0 0 0 0 6dad0b20 00000029 6ecd2ae8 00000029 001802a7 00000000 001802a7 00000000 0000006a 00000000 00000000 00000000 012024d6 00000000 00180311 00000000 00000000 00000000 00000000 00000039 008b3199 00000001 00000000 00000001 00000000 00000000 00000000 00000000 00000000 00000000 00000000 00000000 00000000 00000000 00000000 00000000 00000000 00000000 00000000 00000000 1b34334e 0000008a 6ecd2afb 00000029 00000000 00000000 00000000 00000000 00000100 00000080 00000000 00000000 00000000 00000000 00000000 00000000 00000000 00003333 00004ccd 00002667 00000001 00000000 01c9c380 0000027c
capture_snapshot GLI1 00010000 30000000 2500000 98 0 30000000 0 0 0 0 0 0 0 6dad0b20 00000029 6ed02c8c 00000029 001842ca 00000000 001842ca 00000000 0000006a 00000000 00000000 00000000 0123267a 00000000 00184334 00000000 00000000 00000000 00000000 00000039 008b3199 00000001 00000000 00000001 00000000 00000000 00000000 00000000 00000000 00000000 00000000 00000000 00000000 00000000 00000000 00000000 00000000 00000000 00000000 00000000 1b3e38b6 0000008a 6ed02c9f 00000029 00000000 00000000 00000000 00000000 00000100 00000080 00000000 00000000 00000000 00000000 00000000 00000000 00000000 00003333 00004ccd 00002667 00000001 00000000 01c9c380 0000027c
capture_snapshot GLI1 00010000 30000000 2500000 99 0 30000000 0 0 0 0 0 0 0 6dad0b20 00000029 6ed32aac 00000029 001882a2 00000000 001882a2 00000000 0000006a 00000000 00000000 00000000 01262496 00000000 0018830c 00000000 00000000 00000000 00000000 00000039 008b3199 00000001 00000000 00000001 00000000 00000000 00000000 00000000 00000000 00000000 00000000 00000000 00000000 00000000 00000000 00000000 00000000 00000000 00000000 00000000 1b483255 0000008a 6ed32abb 00000029 00000000 00000000 00000000 00000000 00000100 00000080 00000000 00000000 00000000 00000000 00000000 00000000 00000000 00003333 00004ccd 00002667 00000001 00000000 01c9c380 0000027c
capture_snapshot GLI1 00010000 30000000 2500000 100 0 30000000 0 0 0 0 0 0 0 6dad0b20 00000029 6ed62b24 00000029 0018c2ac 00000000 0018c2ac 00000000 0000006a 00000000 00000000 00000000 01292511 00000000 0018c316 00000000 00000000 00000000 00000000 00000039 008b3199 00000001 00000000 00000001 00000000 00000000 00000000 00000000 00000000 00000000 00000000 00000000 00000000 00000000 00000000 00000000 00000000 00000000 00000000 00000000 1b5233da 0000008a 6ed62b36 00000029 00000000 00000000 00000000 00000000 00000101 00000081 00000000 00000000 00000000 00000000 00000000 00000000 00000000 00003333 00004ccd 00002667 00000001 00000000 01c9c380 0000027c
capture_snapshot GLI1 00010000 30000000 2500000 101 0 30000000 0 0 0 0 0 0 0 6dad0b20 00000029 6ed933a0 00000029 00190361 00000000 00190361 00000000 0000006a 00000000 00000000 00000000 012c2d91 00000000 001903cb 00000000 00000000 00000000 00000000 00000039 008b3199 00000001 00000000 00000001 00000000 00000000 00000000 00000000 00000000 00000000 00000000 00000000 00000000 00000000 00000000 00000000 00000000 00000000 00000000 00000000 1b5c501d 0000008a 6ed933b6 00000029 00000000 00000000 00000000 00000000 00000100 00000080 00000000 00000000 00000000 00000000 00000000 00000000 00000000 00003333 00004ccd 00002667 00000001 00000000 01c9c380 0000027c
capture_snapshot GLI1 00010000 30000000 2500000 102 0 30000000 0 0 0 0 0 0 0 6dad0b20 00000029 6edc3bec 00000029 00194412 00000000 00194412 00000000 0000006a 00000000 00000000 00000000 012f35e1 00000000 0019447c 00000000 00000000 00000000 00000000 00000039 008b3199 00000001 00000000 00000001 00000000 00000000 00000000 00000000 00000000 00000000 00000000 00000000 00000000 00000000 00000000 00000000 00000000 00000000 00000000 00000000 1b666bbd 0000008a 6edc3c06 00000029 00000000 00000000 00000000 00000000 00000101 00000081 00000000 00000000 00000000 00000000 00000000 00000000 00000000 00003333 00004ccd 00002667 00000001 00000000 01c9c380 0000027c
capture_snapshot GLI1 00010000 30000000 2500000 103 0 30000000 0 0 0 0 0 0 0 6dad0b20 00000029 6edf3328 00000029 00198357 00000000 00198357 00000000 0000006a 00000000 00000000 00000000 01322d16 00000000 001983c1 00000000 00000000 00000000 00000000 00000039 008b3199 00000001 00000000 00000001 00000000 00000000 00000000 00000000 00000000 00000000 00000000 00000000 00000000 00000000 00000000 00000000 00000000 00000000 00000000 00000000 1b704e5c 0000008a 6edf333b 00000029 00000000 00000000 00000000 00000000 00000100 00000080 00000000 00000000 00000000 00000000 00000000 00000000 00000000 00003333 00004ccd 00002667 00000001 00000000 01c9c380 0000027c
capture_snapshot GLI1 00010000 30000000 2500000 104 0 30000000 0 0 0 0 0 0 0 6dad0b20 00000029 6ee22f68 00000029 0019c307 00000000 0019c307 00000000 0000006a 00000000 00000000 00000000 01352954 00000000 0019c371 00000000 00000000 00000000 00000000 00000039 008b3199 00000001 00000000 00000001 00000000 00000000 00000000 00000000 00000000 00000000 00000000 00000000 00000000 00000000 00000000 00000000 00000000 00000000 00000000 00000000 1b7a41c1 0000008a 6ee22f79 00000029 00000000 00000000 00000000 00000000 00000101 00000081 00000000 00000000 00000000 00000000 00000000 00000000 00000000 00003333 00004ccd 00002667 00000001 00000000 01c9c380 0000027c
capture_snapshot GLI1 00010000 30000000 2500000 105 0 30000000 0 0 0 0 0 0 0 6dad0b20 00000029 6ee531d8 00000029 001a033b 00000000 001a033b 00000000 0000006a 00000000 00000000 00000000 01382bc5 00000000 001a03a5 00000000 00000000 00000000 00000000 00000039 008b3199 00000001 00000000 00000001 00000000 00000000 00000000 00000000 00000000 00000000 00000000 00000000 00000000 00000000 00000000 00000000 00000000 00000000 00000000 00000000 1b8449d0 0000008a 6ee531ea 00000029 00000000 00000000 00000000 00000000 00000101 00000080 00000000 00000000 00000000 00000000 00000000 00000000 00000000 00003333 00004ccd 00002667 00000001 00000000 01c9c380 0000027c
capture_snapshot GLI1 00010000 30000000 2500000 106 0 30000000 0 0 0 0 0 0 0 6dad0b20 00000029 6ee8340c 00000029 001a436a 00000000 001a436a 00000000 0000006a 00000000 00000000 00000000 013b2dfd 00000000 001a43d4 00000000 00000000 00000000 00000000 00000039 008b3199 00000001 00000000 00000001 00000000 00000000 00000000 00000000 00000000 00000000 00000000 00000000 00000000 00000000 00000000 00000000 00000000 00000000 00000000 00000000 1b8e5122 0000008a 6ee83422 00000029 00000000 00000000 00000000 00000000 00000101 00000081 00000000 00000000 00000000 00000000 00000000 00000000 00000000 00003333 00004ccd 00002667 00000001 00000000 01c9c380 0000027c
capture_snapshot GLI1 00010000 30000000 2500000 107 0 30000000 0 0 0 0 0 0 0 6dad0b20 00000029 6eeb3298 00000029 001a834b 00000000 001a834b 00000000 0000006a 00000000 00000000 00000000 013e2c8a 00000000 001a83b5 00000000 00000000 00000000 00000000 00000039 008b3199 00000001 00000000 00000001 00000000 00000000 00000000 00000000 00000000 00000000 00000000 00000000 00000000 00000000 00000000 00000000 00000000 00000000 00000000 00000000 1b984c3b 0000008a 6eeb32af 00000029 00000000 00000000 00000000 00000000 00000101 00000081 00000000 00000000 00000000 00000000 00000000 00000000 00000000 00003333 00004ccd 00002667 00000001 00000000 01c9c380 0000027c
capture_snapshot GLI1 00010000 30000000 2500000 108 0 30000000 0 0 0 0 0 0 0 6dad0b20 00000029 6eee328c 00000029 001ac34a 00000000 001ac34a 00000000 0000006a 00000000 00000000 00000000 01412c77 00000000 001ac3b4 00000000 00000000 00000000 00000000 00000039 008b3199 00000001 00000000 00000001 00000000 00000000 00000000 00000000 00000000 00000000 00000000 00000000 00000000 00000000 00000000 00000000 00000000 00000000 00000000 00000000 1ba24be8 0000008a 6eee329c 00000029 00000000 00000000 00000000 00000000 00000101 00000081 00000000 00000000 00000000 00000000 00000000 00000000 00000000 00003333 00004ccd 00002667 00000001 00000000 01c9c380 0000027c
capture_snapshot GLI1 00010000 30000000 2500000 109 0 30000000 0 0 0 0 0 0 0 6dad0b20 00000029 6ef13214 00000029 001b0340 00000000 001b0340 00000000 0000006a 00000000 00000000 00000000 01442bff 00000000 001b03aa 00000000 00000000 00000000 00000000 00000039 008b3199 00000001 00000000 00000001 00000000 00000000 00000000 00000000 00000000 00000000 00000000 00000000 00000000 00000000 00000000 00000000 00000000 00000000 00000000 00000000 1bac4a45 0000008a 6ef13224 00000029 00000000 00000000 00000000 00000000 00000100 00000080 00000000 00000000 00000000 00000000 00000000 00000000 00000000 00003333 00004ccd 00002667 00000001 00000000 01c9c380 0000027c
capture_snapshot GLI1 00010000 30000000 2500000 110 0 30000000 0 0 0 0 0 0 0 6dad0b20 00000029 6ef42f74 00000029 001b4308 00000000 001b4308 00000000 0000006a 00000000 00000000 00000000 01472962 00000000 001b4372 00000000 00000000 00000000 00000000 00000039 008b3199 00000001 00000000 00000001 00000000 00000000 00000000 00000000 00000000 00000000 00000000 00000000 00000000 00000000 00000000 00000000 00000000 00000000 00000000 00000000 1bb6417c 0000008a 6ef42f87 00000029 00000000 00000000 00000000 00000000 00000100 00000080 00000000 00000000 00000000 00000000 00000000 00000000 00000000 00003333 00004ccd 00002667 00000001 00000000 01c9c380 0000027c
capture_snapshot GLI1 00010000 30000000 2500000 111 0 30000000 0 0 0 0 0 0 0 6dad0b20 00000029 6ef73400 00000029 001b8369 00000000 001b8369 00000000 0000006a 00000000 00000000 00000000 014a2ded 00000000 001b83d3 00000000 00000000 00000000 00000000 00000039 008b3199 00000001 00000000 00000001 00000000 00000000 00000000 00000000 00000000 00000000 00000000 00000000 00000000 00000000 00000000 00000000 00000000 00000000 00000000 00000000 1bc0508c 0000008a 6ef73412 00000029 00000000 00000000 00000000 00000000 00000101 00000081 00000000 00000000 00000000 00000000 00000000 00000000 00000000 00003333 00004ccd 00002667 00000001 00000000 01c9c380 0000027c
capture_snapshot GLI1 00010000 30000000 2500000 112 0 30000000 0 0 0 0 0 0 0 6dad0b20 00000029 6efa33a0 00000029 001bc361 00000000 001bc361 00000000 0000006a 00000000 00000000 00000000 014d2d8c 00000000 001bc3cb 00000000 00000000 00000000 00000000 00000039 008b3199 00000001 00000000 00000001 00000000 00000000 00000000 00000000 00000000 00000000 00000000 00000000 00000000 00000000 00000000 00000000 00000000 00000000 00000000 00000000 1bca4f35 0000008a 6efa33b1 00000029 00000000 00000000 00000000 00000000 00000101 00000081 00000000 00000000 00000000 00000000 00000000 00000000 00000000 00003333 00004ccd 00002667 00000001 00000000 01c9c380 0000027c
capture_snapshot GLI1 00010000 30000000 2500000 113 0 30000000 0 0 0 0 0 0 0 6dad0b20 00000029 6efd3538 00000029 001c0383 00000000 001c0383 00000000 0000006a 00000000 00000000 00000000 01502f25 00000000 001c03ed 00000000 00000000 00000000 00000000 00000039 008b3199 00000001 00000000 00000001 00000000 00000000 00000000 00000000 00000000 00000000 00000000 00000000 00000000 00000000 00000000 00000000 00000000 00000000 00000000 00000000 1bd45474 0000008a 6efd354a 00000029 00000000 00000000 00000000 00000000 00000101 00000080 00000000 00000000 00000000 00000000 00000000 00000000 00000000 00003333 00004ccd 00002667 00000001 00000000 01c9c380 0000027c
capture_snapshot GLI1 00010000 30000000 2500000 114 0 30000000 0 0 0 0 0 0 0 6dad0b20 00000029 6f0030d0 00000029 001c4325 00000000 001c4325 00000000 0000006a 00000000 00000000 00000000 01532abd 00000000 001c438f 00000000 00000000 00000000 00000000 00000039 008b3199 00000001 00000000 00000001 00000000 00000000 00000000 00000000 00000000 00000000 00000000 00000000 00000000 00000000 00000000 00000000 00000000 00000000 00000000 00000000 1bde45b2 0000008a 6f0030e2 00000029 00000000 00000000 00000000 00000000 00000101 00000080 00000000 00000000 00000000 00000000 00000000 00000000 00000000 00003333 00004ccd 00002667 00000001 00000000 01c9c380 0000027c
capture_snapshot GLI1 00010000 30000000 2500000 115 0 30000000 0 0 0 0 0 0 0 6dad0b20 00000029 6f033220 00000029 001c8341 00000000 001c8341 00000000 0000006a 00000000 00000000 00000000 01562c14 00000000 001c83ab 00000000 00000000 00000000 00000000 00000039 008b3199 00000001 00000000 00000001 00000000 00000000 00000000 00000000 00000000 00000000 00000000 00000000 00000000 00000000 00000000 00000000 00000000 00000000 00000000 00000000 1be84a16 0000008a 6f033239 00000029 00000000 00000000 00000000 00000000 00000101 00000080 00000000 00000000 00000000 00000000 00000000 00000000 00000000 00003333 00004ccd 00002667 00000001 00000000 01c9c380 0000027c
capture_snapshot GLI1 00010000 30000000 2500000 116 0 30000000 0 0 0 0 0 0 0 6dad0b20 00000029 6f063100 00000029 001cc329 00000000 001cc329 00000000 0000006a 00000000 00000000 00000000 01592af5 00000000 001cc393 00000000 00000000 00000000 00000000 00000039 008b3199 00000001 00000000 00000001 00000000 00000000 00000000 00000000 00000000 00000000 00000000 00000000 00000000 00000000 00000000 00000000 00000000 00000000 00000000 00000000 1bf24645 0000008a 6f06311a 00000029 00000000 00000000 00000000 00000000 00000101 00000081 00000000 00000000 00000000 00000000 00000000 00000000 00000000 00003333 00004ccd 00002667 00000001 00000000 01c9c380 0000027c
capture_snapshot GLI1 00010000 30000000 2500000 117 0 30000000 0 0 0 0 0 0 0 6dad0b20 00000029 6f09325c 00000029 001d0346 00000000 001d0346 00000000 0000006a 00000000 00000000 00000000 015c2c4f 00000000 001d03b0 00000000 00000000 00000000 00000000 00000039 008b3199 00000001 00000000 00000001 00000000 00000000 00000000 00000000 00000000 00000000 00000000 00000000 00000000 00000000 00000000 00000000 00000000 00000000 00000000 00000000 1bfc4ab4 0000008a 6f093274 00000029 00000000 00000000 00000000 00000000 00000100 00000080 00000000 00000000 00000000 00000000 00000000 00000000 00000000 00003333 00004ccd 00002667 00000001 00000000 01c9c380 0000027c
capture_snapshot GLI1 00010000 30000000 2500000 118 0 30000000 0 0 0 0 0 0 0 6dad0b20 00000029 6f0c32e0 00000029 001d4351 00000000 001d4351 00000000 0000006a 00000000 00000000 00000000 015f2cd0 00000000 001d43bb 00000000 00000000 00000000 00000000 00000039 008b3199 00000001 00000000 00000001 00000000 00000000 00000000 00000000 00000000 00000000 00000000 00000000 00000000 00000000 00000000 00000000 00000000 00000000 00000000 00000000 1c064c4e 0000008a 6f0c32f5 00000029 00000000 00000000 00000000 00000000 00000101 00000081 00000000 00000000 00000000 00000000 00000000 00000000 00000000 00003333 00004ccd 00002667 00000001 00000000 01c9c380 0000027c
capture_snapshot GLI1 00010000 30000000 2500000 119 0 30000000 0 0 0 0 0 0 0 6dad0b20 00000029 6f0f2f5c 00000029 001d8306 00000000 001d8306 00000000 0000006a 00000000 00000000 00000000 0162294f 00000000 001d8370 00000000 00000000 00000000 00000000 00000039 008b3199 00000001 00000000 00000001 00000000 00000000 00000000 00000000 00000000 00000000 00000000 00000000 00000000 00000000 00000000 00000000 00000000 00000000 00000000 00000000 1c10408e 0000008a 6f0f2f74 00000029 00000000 00000000 00000000 00000000 00000100 00000080 00000000 00000000 00000000 00000000 00000000 00000000 00000000 00003333 00004ccd 00002667 00000001 00000000 01c9c380 0000027c
capture_snapshot GLI1 00010000 30000000 2500000 120 0 30000000 0 0 0 0 0 0 0 6dad0b20 00000029 6f1231d8 00000029 001dc33b 00000000 001dc33b 00000000 0000006a 00000000 00000000 00000000 01652bc2 00000000 001dc3a5 00000000 00000000 00000000 00000000 00000039 008b3199 00000001 00000000 00000001 00000000 00000000 00000000 00000000 00000000 00000000 00000000 00000000 00000000 00000000 00000000 00000000 00000000 00000000 00000000 00000000 1c1a48a2 0000008a 6f1231e7 00000029 00000000 00000000 00000000 00000000 00000101 00000080 00000000 00000000 00000000 00000000 00000000 00000000 00000000 00003333 00004ccd 00002667 00000001 00000000 01c9c380 0000027c
capture_snapshot GLI1 00010000 30000000 2500000 121 0 30000000 0 0 0 0 0 0 0 6dad0b20 00000029 6f153274 00000029 001e0348 00000000 001e0348 00000000 0000006a 00000000 00000000 00000000 01682c68 00000000 001e03b2 00000000 00000000 00000000 00000000 00000039 008b3199 00000001 00000000 00000001 00000000 00000000 00000000 00000000 00000000 00000000 00000000 00000000 00000000 00000000 00000000 00000000 00000000 00000000 00000000 00000000 1c244aba 0000008a 6f15328d 00000029 00000000 00000000 00000000 00000000 00000100 00000080 00000000 00000000 00000000 00000000 00000000 00000000 00000000 00003333 00004ccd 00002667 00000001 00000000 01c9c380 0000027c
capture_snapshot GLI1 00010000 30000000 2500000 122 0 30000000 0 0 0 0 0 0 0 6dad0b20 00000029 6f1830b8 00000029 001e4323 00000000 001e4322 00000000 0000006a 00000000 00000000 00000000 016b2aa1 00000000 001e438d 00000000 00000000 00000000 00000000 0000003b 008b3199 00000001 00000001 00000001 00000000 00000000 00000000 00000000 00000000 00000000 00000000 00000000 00000000 00000000 00000000 00000000 00000000 00000000 00000000 00000000 1c2e44b9 0000008a 6f1830c6 00000029 00000000 00000000 00000000 00000000 00000101 00000080 00000000 00000000 00000000 00000000 00000000 00000000 00000000 00003333 00004ccd 00002667 00000001 00000000 01c9c380 0000027c
capture_snapshot GLI1 00010000 30000000 2500000 123 0 30000000 0 0 0 0 0 0 0 6dad0b20 00000029 6f1b3310 00000029 001e8355 00000000 001e8355 00000000 0000006a 00000000 00000000 00000000 016e2d04 00000000 001e83bf 00000000 00000000 00000000 00000000 00000039 008b3199 00000001 00000000 00000001 00000000 00000000 00000000 00000000 00000000 00000000 00000000 00000000 00000000 00000000 00000000 00000000 00000000 00000000 00000000 00000000 1c384c99 0000008a 6f1b3329 00000029 00000000 00000000 00000000 00000000 00000101 00000080 00000000 00000000 00000000 00000000 00000000 00000000 00000000 00003333 00004ccd 00002667 00000001 00000000 01c9c380 0000027c
capture_snapshot GLI1 00010000 30000000 2500000 124 0 30000000 0 0 0 0 0 0 0 6dad0b20 00000029 6f1e3064 00000029 001ec31c 00000000 001ec31c 00000000 0000006a 00000000 00000000 00000000 01712a59 00000000 001ec386 00000000 00000000 00000000 00000000 00000039 008b3199 00000001 00000000 00000001 00000000 00000000 00000000 00000000 00000000 00000000 00000000 00000000 00000000 00000000 00000000 00000000 00000000 00000000 00000000 00000000 1c4243a1 0000008a 6f1e307e 00000029 00000000 00000000 00000000 00000000 00000101 00000080 00000000 00000000 00000000 00000000 00000000 00000000 00000000 00003333 00004ccd 00002667 00000001 00000000 01c9c380 0000027c
capture_snapshot GLI1 00010000 30000000 2500000 125 0 30000000 0 0 0 0 0 0 0 6dad0b20 00000029 6f212efc 00000029 001f02fe 00000000 001f02fe 00000000 0000006a 00000000 00000000 00000000 017428ef 00000000 001f0368 00000000 00000000 00000000 00000000 00000039 008b3199 00000001 00000000 00000001 00000000 00000000 00000000 00000000 00000000 00000000 00000000 00000000 00000000 00000000 00000000 00000000 00000000 00000000 00000000 00000000 1c4c3ed7 0000008a 6f212f14 00000029 00000000 00000000 00000000 00000000 00000101 00000081 00000000 00000000 00000000 00000000 00000000 00000000 00000000 00003333 00004ccd 00002667 00000001 00000000 01c9c380 0000027c
capture_snapshot GLI1 00010000 30000000 2500000 126 0 30000000 0 0 0 0 0 0 0 6dad0b20 00000029 6f243358 00000029 001f435b 00000000 001f435b 00000000 0000006a 00000000 00000000 00000000 01772d48 00000000 001f43c5 00000000 00000000 00000000 00000000 00000039 008b3199 00000001 00000000 00000001 00000000 00000000 00000000 00000000 00000000 00000000 00000000 00000000 00000000 00000000 00000000 00000000 00000000 00000000 00000000 00000000 1c564d43 0000008a 6f24336d 00000029 00000000 00000000 00000000 00000000 00000100 00000080 00000000 00000000 00000000 00000000 00000000 00000000 00000000 00003333 00004ccd 00002667 00000001 00000000 01c9c380 0000027c
capture_snapshot GLI1 00010000 30000000 2500000 127 0 30000000 0 0 0 0 0 0 0 6dad0b20 00000029 6f273220 00000029 001f8341 00000000 001f8341 00000000 0000006a 00000000 00000000 00000000 017a2c0b 00000000 001f83ab 00000000 00000000 00000000 00000000 00000039 008b3199 00000001 00000000 00000001 00000000 00000000 00000000 00000000 00000000 00000000 00000000 00000000 00000000 00000000 00000000 00000000 00000000 00000000 00000000 00000000 1c60490d 0000008a 6f273230 00000029 00000000 00000000 00000000 00000000 00000101 00000080 00000000 00000000 00000000 00000000 00000000 00000000 00000000 00003333 00004ccd 00002667 00000001 00000000 01c9c380 0000027c
capture_snapshot GLI1 00010000 30000000 2500000 128 0 30000000 0 0 0 0 0 0 0 6dad0b20 00000029 6f2a304c 00000029 001fc31a 00000000 001fc31a 00000000 0000006a 00000000 00000000 00000000 017d2a3f 00000000 001fc384 00000000 00000000 00000000 00000000 00000039 008b3199 00000001 00000000 00000001 00000000 00000000 00000000 00000000 00000000 00000000 00000000 00000000 00000000 00000000 00000000 00000000 00000000 00000000 00000000 00000000 1c6a42fd 0000008a 6f2a3064 00000029 00000000 00000000 00000000 00000000 00000101 00000081 00000000 00000000 00000000 00000000 00000000 00000000 00000000 00003333 00004ccd 00002667 00000001 00000000 01c9c380 0000027c
capture_snapshot GLI1 00010000 30000000 2500000 129 0 30000000 0 0 0 0 0 0 0 6dad0b20 00000029 6f2d3124 00000029 0020032c 00000000 0020032c 00000000 0000006a 00000000 00000000 00000000 01802b13 00000000 00200396 00000000 00000000 00000000 00000000 00000039 008b3199 00000001 00000000 00000001 00000000 00000000 00000000 00000000 00000000 00000000 00000000 00000000 00000000 00000000 00000000 00000000 00000000 00000000 00000000 00000000 1c7445ae 0000008a 6f2d3138 00000029 00000000 00000000 00000000 00000000 00000100 00000080 00000000 00000000 00000000 00000000 00000000 00000000 00000000 00003333 00004ccd 00002667 00000001 00000000 01c9c380 0000027c
capture_snapshot GLI1 00010000 30000000 2500000 130 0 30000000 0 0 0 0 0 0 0 6dad0b20 00000029 6f3030ac 00000029 00204322 00000000 00204322 00000000 0000006a 00000000 00000000 00000000 01832aa0 00000000 0020438c 00000000 00000000 00000000 00000000 00000039 008b3199 00000001 00000000 00000001 00000000 00000000 00000000 00000000 00000000 00000000 00000000 00000000 00000000 00000000 00000000 00000000 00000000 00000000 00000000 00000000 1c7e4418 0000008a 6f3030c5 00000029 00000000 00000000 00000000 00000000 00000100 00000080 00000000 00000000 00000000 00000000 00000000 00000000 00000000 00003333 00004ccd 00002667 00000001 00000000 01c9c380 0000027c
capture_snapshot GLI1 00010000 30000000 2500000 131 0 30000000 0 0 0 0 0 0 0 6dad0b20 00000029 6f333994 00000029 002083e0 00000000 002083e0 00000000 0000006a 00000000 00000000 00000000 01863384 00000000 0020844a 00000000 00000000 00000000 00000000 00000039 008b3199 00000001 00000000 00000001 00000000 00000000 00000000 00000000 00000000 00000000 00000000 00000000 00000000 00000000 00000000 00000000 00000000 00000000 00000000 00000000 1c8861a8 0000008a 6f3339a9 00000029 00000000 00000000 00000000 00000000 00000101 00000081 00000000 00000000 00000000 00000000 00000000 00000000 00000000 00003333 00004ccd 00002667 00000001 00000000 01c9c380 0000027c
capture_snapshot GLI1 00010000 30000000 2500000 132 0 30000000 0 0 0 0 0 0 0 6dad0b20 00000029 6f36337c 00000029 0020c35e 00000000 0020c35e 00000000 0000006a 00000000 00000000 00000000 01892d69 00000000 0020c3c8 00000000 00000000 00000000 00000000 00000039 008b3199 00000001 00000000 00000001 00000000 00000000 00000000 00000000 00000000 00000000 00000000 00000000 00000000 00000000 00000000 00000000 00000000 00000000 00000000 00000000 1c924d3a 0000008a 6f36338e 00000029 00000000 00000000 00000000 00000000 00000101 00000080 00000000 00000000 00000000 00000000 00000000 00000000 00000000 00003333 00004ccd 00002667 00000001 00000000 01c9c380 0000027c
capture_snapshot GLI1 00010000 30000000 2500000 133 0 30000000 0 0 0 0 0 0 0 6dad0b20 00000029 6f392fd4 00000029 00210310 00000000 00210310 00000000 0000006a 00000000 00000000 00000000 018c29c1 00000000 0021037a 00000000 00000000 00000000 00000000 00000039 008b3199 00000001 00000000 00000001 00000000 00000000 00000000 00000000 00000000 00000000 00000000 00000000 00000000 00000000 00000000 00000000 00000000 00000000 00000000 00000000 1c9c40f8 0000008a 6f392fe6 00000029 00000000 00000000 00000000 00000000 00000101 00000081 00000000 00000000 00000000 00000000 00000000 00000000 00000000 00003333 00004ccd 00002667 00000001 00000000 01c9c380 0000027c
capture_snapshot GLI1 00010000 30000000 2500000 134 0 30000000 0 0 0 0 0 0 0 6dad0b20 00000029 6f3c3184 00000029 00214334 00000000 00214334 00000000 0000006a 00000000 00000000 00000000 018f2b75 00000000 0021439e 00000000 00000000 00000000 00000000 00000039 008b3199 00000001 00000000 00000001 00000000 00000000 00000000 00000000 00000000 00000000 00000000 00000000 00000000 00000000 00000000 00000000 00000000 00000000 00000000 00000000 1ca64693 0000008a 6f3c319a 00000029 00000000 00000000 00000000 00000000 00000100 00000080 00000000 00000000 00000000 00000000 00000000 00000000 00000000 00003333 00004ccd 00002667 00000001 00000000 01c9c380 0000027c
capture_snapshot GLI1 00010000 30000000 2500000 135 0 30000000 0 0 0 0 0 0 0 6dad0b20 00000029 6f3f31d8 00000029 0021833b 00000000 0021833b 00000000 0000006a 00000000 00000000 00000000 01922bc8 00000000 002183a5 00000000 00000000 00000000 00000000 00000039 008b3199 00000001 00000000 00000001 00000000 00000000 00000000 00000000 00000000 00000000 00000000 00000000 00000000 00000000 00000000 00000000 00000000 00000000 00000000 00000000 1cb04794 0000008a 6f3f31ed 00000029 00000000 00000000 00000000 00000000 00000100 00000080 00000000 00000000 00000000 00000000 00000000 00000000 00000000 00003333 00004ccd 00002667 00000001 00000000 01c9c380 0000027c
capture_snapshot GLI1 00010000 30000000 2500000 136 0 30000000 0 0 0 0 0 0 0 6dad0b20 00000029 6f4231f0 00000029 0021c33d 00000000 0021c33d 00000000 0000006a 00000000 00000000 00000000 01952bdb 00000000 0021c3a7 00000000 00000000 00000000 00000000 00000039 008b3199 00000001 00000000 00000001 00000000 00000000 00000000 00000000 00000000 00000000 00000000 00000000 00000000 00000000 00000000 00000000 00000000 00000000 00000000 00000000 1cba47be 0000008a 6f423200 00000029 00000000 00000000 00000000 00000000 00000101 00000080 00000000 00000000 00000000 00000000 00000000 00000000 00000000 00003333 00004ccd 00002667 00000001 00000000 01c9c380 0000027c
capture_snapshot GLI1 00010000 30000000 2500000 137 0 30000000 0 0 0 0 0 0 0 6dad0b20 00000029 6f453790 00000029 002203b5 00000000 002203b5 00000000 0000006a 00000000 00000000 00000000 0198317f 00000000 0022041f 00000000 00000000 00000000 00000000 00000039 008b3199 00000001 00000000 00000001 00000000 00000000 00000000 00000000 00000000 00000000 00000000 00000000 00000000 00000000 00000000 00000000 00000000 00000000 00000000 00000000 1cc45a78 0000008a 6f4537a4 00000029 00000000 00000000 00000000 00000000 00000101 00000081 00000000 00000000 00000000 00000000 00000000 00000000 00000000 00003333 00004ccd 00002667 00000001 00000000 01c9c380 0000027c
capture_snapshot GLI1 00010000 30000000 2500000 138 0 30000000 0 0 0 0 0 0 0 6dad0b20 00000029 6f483184 00000029 00224334 00000000 00224334 00000000 0000006a 00000000 00000000 00000000 019b2b6e 00000000 0022439e 00000000 00000000 00000000 00000000 00000039 008b3199 00000001 00000000 00000001 00000000 00000000 00000000 00000000 00000000 00000000 00000000 00000000 00000000 00000000 00000000 00000000 00000000 00000000 00000000 00000000 1cce462c 0000008a 6f483193 00000029 00000000 00000000 00000000 00000000 00000101 00000081 00000000 00000000 00000000 00000000 00000000 00000000 00000000 00003333 00004ccd 00002667 00000001 00000000 01c9c380 0000027c
capture_snapshot GLI1 00010000 30000000 2500000 139 0 30000000 0 0 0 0 0 0 0 6dad0b20 00000029 6f4b2ee4 00000029 002282fc 00000000 002282fc 00000000 0000006a 00000000 00000000 00000000 019e28cf 00000000 00228366 00000000 00000000 00000000 00000000 00000039 008b3199 00000001 00000000 00000001 00000000 00000000 00000000 00000000 00000000 00000000 00000000 00000000 00000000 00000000 00000000 00000000 00000000 00000000 00000000 00000000 1cd83d5c 0000008a 6f4b2ef4 00000029 00000000 00000000 00000000 00000000 00000101 00000081 00000000 00000000 00000000 00000000 00000000 00000000 00000000 00003333 00004ccd 00002667 00000001 00000000 01c9c380 0000027c
capture_snapshot GLI1 00010000 30000000 2500000 140 0 30000000 0 0 0 0 0 0 0 6dad0b20 00000029 6f4e31d8 00000029 0022c33b 00000000 0022c33a 00000000 0000006a 00000000 00000000 00000000 01a12bc1 00000000 0022c3a5 00000000 00000000 00000000 00000000 0000003b 008b3199 00000001 00000001 00000001 00000000 00000000 00000000 00000000 00000000 00000000 00000000 00000000 00000000 00000000 00000000 00000000 00000000 00000000 00000000 00000000 1ce2471b 0000008a 6f4e31e6 00000029 00000000 00000000 00000000 00000000 00000101 00000080 00000000 00000000 00000000 00000000 00000000 00000000 00000000 00003333 00004ccd 00002667 00000001 00000000 01c9c380 0000027c
capture_snapshot GLI1 00010000 30000000 2500000 141 0 30000000 0 0 0 0 0 0 0 6dad0b20 00000029 6f513298 00000029 0023034b 00000000 0023034b 00000000 0000006a 00000000 00000000 00000000 01a42c8c 00000000 002303b5 00000000 00000000 00000000 00000000 00000039 008b3199 00000001 00000000 00000001 00000000 00000000 00000000 00000000 00000000 00000000 00000000 00000000 00000000 00000000 00000000 00000000 00000000 00000000 00000000 00000000 1cec49ac 0000008a 6f5132b1 00000029 00000000 00000000 00000000 00000000 00000101 00000080 00000000 00000000 00000000 00000000 00000000 00000000 00000000 00003333 00004ccd 00002667 00000001 00000000 01c9c380 0000027c
capture_snapshot GLI1 00010000 30000000 2500000 142 0 30000000 0 0 0 0 0 0 0 6dad0b20 00000029 6f5432a4 00000029 0023434c 00000000 0023434c 00000000 0000006a 00000000 00000000 00000000 01a72c96 00000000 002343b6 00000000 00000000 00000000 00000000 00000039 008b3199 00000001 00000000 00000001 00000000 00000000 00000000 00000000 00000000 00000000 00000000 00000000 00000000 00000000 00000000 00000000 00000000 00000000 00000000 00000000 1cf649bb 0000008a 6f5432bb 00000029 00000000 00000000 00000000 00000000 00000100 00000080 00000000 00000000 00000000 00000000 00000000 00000000 00000000 00003333 00004ccd 00002667 00000001 00000000 01c9c380 0000027c
capture_snapshot GLI1 00010000 30000000 2500000 143 0 30000000 0 0 0 0 0 0 0 6dad0b20 00000029 6f573130 00000029 0023832d 00000000 0023832d 00000000 0000006a 00000000 00000000 00000000 01aa2b1d 00000000 00238397 00000000 00000000 00000000 00000000 00000039 008b3199 00000001 00000000 00000001 00000000 00000000 00000000 00000000 00000000 00000000 00000000 00000000 00000000 00000000 00000000 00000000 00000000 00000000 00000000 00000000 1d0044bc 0000008a 6f573142 00000029 00000000 00000000 00000000 00000000 00000101 00000080 00000000 00000000 00000000 00000000 00000000 00000000 00000000 00003333 00004ccd 00002667 00000001 00000000 01c9c380 0000027c
capture_snapshot GLI1 00010000 30000000 2500000 144 0 30000000 0 0 0 0 0 0 0 6dad0b20 00000029 6f5a30e8 00000029 0023c327 00000000 0023c327 00000000 0000006a 00000000 00000000 00000000 01ad2ad2 00000000 0023c391 00000000 00000000 00000000 00000000 00000039 008b3199 00000001 00000000 00000001 00000000 00000000 00000000 00000000 00000000 00000000 00000000 00000000 00000000 00000000 00000000 00000000 00000000 00000000 00000000 00000000 1d0a43af 0000008a 6f5a30f7 00000029 00000000 00000000 00000000 00000000 00000101 00000080 00000000 00000000 00000000 00000000 00000000 00000000 00000000 00003333 00004ccd 00002667 00000001 00000000 01c9c380 0000027c
capture_snapshot GLI1 00010000 30000000 2500000 145 0 30000000 0 0 0 0 0 0 0 6dad0b20 00000029 6f5d3250 00000029 00240345 00000000 00240345 00000000 0000006a 00000000 00000000 00000000 01b02c3c 00000000 002403af 00000000 00000000 00000000 00000000 00000039 008b3199 00000001 00000000 00000001 00000000 00000000 00000000 00000000 00000000 00000000 00000000 00000000 00000000 00000000 00000000 00000000 00000000 00000000 00000000 00000000 1d144854 0000008a 6f5d3261 00000029 00000000 00000000 00000000 00000000 00000100 00000080 00000000 00000000 00000000 00000000 00000000 00000000 00000000 00003333 00004ccd 00002667 00000001 00000000 01c9c380 0000027c
capture_snapshot GLI1 00010000 30000000 2500000 146 0 30000000 0 0 0 0 0 0 0 6dad0b20 00000029 6f603418 00000029 0024436b 00000000 0024436b 00000000 0000006a 00000000 00000000 00000000 01b32e03 00000000 002443d5 00000000 00000000 00000000 00000000 00000039 008b3199 00000001 00000000 00000001 00000000 00000000 00000000 00000000 00000000 00000000 00000000 00000000 00000000 00000000 00000000 00000000 00000000 00000000 00000000 00000000 1d1e4e2d 0000008a 6f603428 00000029 00000000 00000000 00000000 00000000 00000100 00000080 00000000 00000000 00000000 00000000 00000000 00000000 00000000 00003333 00004ccd 00002667 00000001 00000000 01c9c380 0000027c
capture_snapshot GLI1 00010000 30000000 2500000 147 0 30000000 0 0 0 0 0 0 0 6dad0b20 00000029 6f63331c 00000029 00248356 00000000 00248356 00000000 0000006a 00000000 00000000 00000000 01b62d0b 00000000 002483c0 00000000 00000000 00000000 00000000 00000039 008b3199 00000001 00000000 00000001 00000000 00000000 00000000 00000000 00000000 00000000 00000000 00000000 00000000 00000000 00000000 00000000 00000000 00000000 00000000 00000000 1d284adf 0000008a 6f633330 00000029 00000000 00000000 00000000 00000000 00000100 00000080 00000000 00000000 00000000 00000000 00000000 00000000 00000000 00003333 00004ccd 00002667 00000001 00000000 01c9c380 0000027c
capture_snapshot GLI1 00010000 30000000 2500000 148 0 30000000 0 0 0 0 0 0 0 6dad0b20 00000029 6f662e9c 00000029 0024c2f6 00000000 0024c2f6 00000000 0000006a 00000000 00000000 00000000 01b92885 00000000 0024c360 00000000 00000000 00000000 00000000 00000039 008b3199 00000001 00000000 00000001 00000000 00000000 00000000 00000000 00000000 00000000 00000000 00000000 00000000 00000000 00000000 00000000 00000000 00000000 00000000 00000000 1d323bb8 0000008a 6f662eaa 00000029 00000000 00000000 00000000 00000000 00000100 00000080 00000000 00000000 00000000 00000000 00000000 00000000 00000000 00003333 00004ccd 00002667 00000001 00000000 01c9c380 0000027c
capture_snapshot GLI1 00010000 30000000 2500000 149 0 30000000 0 0 0 0 0 0 0 6dad0b20 00000029 6f693178 00000029 00250333 00000000 00250333 00000000 0000006a 00000000 00000000 00000000 01bc2b6d 00000000 0025039d 00000000 00000000 00000000 00000000 00000039 008b3199 00000001 00000000 00000001 00000000 00000000 00000000 00000000 00000000 00000000 00000000 00000000 00000000 00000000 00000000 00000000 00000000 00000000 00000000 00000000 1d3c4553 0000008a 6f693192 00000029 00000000 00000000 00000000 00000000 00000101 00000081 00000000 00000000 00000000 00000000 00000000 00000000 00000000 00003333 00004ccd 00002667 00000001 00000000 01c9c380 0000027c
capture_snapshot GLI1 00010000 30000000 2500000 150 0 30000000 0 0 0 0 0 0 0 6dad0b20 00000029 6f6c3238 00000029 00254343 00000000 00254343 00000000 0000006a 00000000 00000000 00000000 01bf2c27 00000000 002543ad 00000000 00000000 00000000 00000000 00000039 008b3199 00000001 00000000 00000001 00000000 00000000 00000000 00000000 00000000 00000000 00000000 00000000 00000000 00000000 00000000 00000000 00000000 00000000 00000000 00000000 1d4647ad 0000008a 6f6c324c 00000029 00000000 00000000 00000000 00000000 00000100 00000080 00000000 00000000 00000000 00000000 00000000 00000000 00000000 00003333 00004ccd 00002667 00000001 00000000 01c9c380 0000027c
capture_snapshot GLI1 00010000 30000000 2500000 151 0 30000000 0 0 0 0 0 0 0 6dad0b20 00000029 6f6f3058 00000029 0025831b 00000000 0025831b 00000000 0000006a 00000000 00000000 00000000 01c22a49 00000000 00258385 00000000 00000000 00000000 00000000 00000039 008b3199 00000001 00000000 00000001 00000000 00000000 00000000 00000000 00000000 00000000 00000000 00000000 00000000 00000000 00000000 00000000 00000000 00000000 00000000 00000000 1d50415d 0000008a 6f6f306e 00000029 00000000 00000000 00000000 00000000 00000100 00000080 00000000 00000000 00000000 00000000 00000000 00000000 00000000 00003333 00004ccd 00002667 00000001 00000000 01c9c380 0000027c
capture_snapshot GLI1 00010000 30000000 2500000 152 0 30000000 0 0 0 0 0 0 0 6dad0b20 00000029 6f7232d4 00000029 0025c350 00000000 0025c350 00000000 0000006a 00000000 00000000 00000000 01c52cc6 00000000 0025c3ba 00000000 00000000 00000000 00000000 00000039 008b3199 00000001 00000000 00000001 00000000 00000000 00000000 00000000 00000000 00000000 00000000 00000000 00000000 00000000 00000000 00000000 00000000 00000000 00000000 00000000 1d5a4995 0000008a 6f7232eb 00000029 00000000 00000000 00000000 00000000 00000100 00000080 00000000 00000000 00000000 00000000 00000000 00000000 00000000 00003333 00004ccd 00002667 00000001 00000000 01c9c380 0000027c
capture_snapshot GLI1 00010000 30000000 2500000 153 0 30000000 0 0 0 0 0 0 0 6dad0b20 00000029 6f7530f4 00000029 00260328 00000000 00260328 00000000 0000006a 00000000 00000000 00000000 01c82ae2 00000000 00260392 00000000 00000000 00000000 00000000 00000039 008b3199 00000001 00000000 00000001 00000000 00000000 00000000 00000000 00000000 00000000 00000000 00000000 00000000 00000000 00000000 00000000 00000000 00000000 00000000 00000000 1d644337 0000008a 6f753107 00000029 00000000 00000000 00000000 00000000 00000100 00000081 00000000 00000000 00000000 00000000 00000000 00000000 00000000 00003333 00004ccd 00002667 00000001 00000000 01c9c380 0000027c
capture_snapshot GLI1 00010000 30000000 2500000 154 0 30000000 0 0 0 0 0 0 0 6dad0b20 00000029 6f782dc4 00000029 002642e4 00000000 002642e4 00000000 0000006a 00000000 00000000 00000000 01cb27b2 00000000 0026434e 00000000 00000000 00000000 00000000 00000039 008b3199 00000001 00000000 00000001 00000000 00000000 00000000 00000000 00000000 00000000 00000000 00000000 00000000 00000000 00000000 00000000 00000000 00000000 00000000 00000000 1d6e3882 0000008a 6f782dd7 00000029 00000000 00000000 00000000 00000000 00000101 00000081 00000000 00000000 00000000 00000000 00000000 00000000 00000000 00003333 00004ccd 00002667 00000001 00000000 01c9c380 0000027c
capture_snapshot GLI1 00010000 30000000 2500000 155 0 30000000 0 0 0 0 0 0 0 6dad0b20 00000029 6f7b3208 00000029 0026833f 00000000 0026833f 00000000 0000006a 00000000 00000000 00000000 01ce2bf2 00000000 002683a9 00000000 00000000 00000000 00000000 00000039 008b3199 00000001 00000000 00000001 00000000 00000000 00000000 00000000 00000000 00000000 00000000 00000000 00000000 00000000 00000000 00000000 00000000 00000000 00000000 00000000 1d78469b 0000008a 6f7b3217 00000029 00000000 00000000 00000000 00000000 00000100 00000080 00000000 00000000 00000000 00000000 00000000 00000000 00000000 00003333 00004ccd 00002667 00000001 00000000 01c9c380 0000027c
capture_snapshot GLI1 00010000 30000000 2500000 156 0 30000000 0 0 0 0 0 0 0 6dad0b20 00000029 6f7e32b0 00000029 0026c34d 00000000 0026c34d 00000000 0000006a 00000000 00000000 00000000 01d12c9a 00000000 0026c3b7 00000000 00000000 00000000 00000000 00000039 008b3199 00000001 00000000 00000001 00000000 00000000 00000000 00000000 00000000 00000000 00000000 00000000 00000000 00000000 00000000 00000000 00000000 00000000 00000000 00000000 1d8248b8 0000008a 6f7e32bf 00000029 00000000 00000000 00000000 00000000 00000100 00000080 00000000 00000000 00000000 00000000 00000000 00000000 00000000 00003333 00004ccd 00002667 00000001 00000000 01c9c380 0000027c
capture_snapshot GLI1 00010000 30000000 2500000 157 0 30000000 0 0 0 0 0 0 0 6dad0b20 00000029 6f812f08 00000029 002702ff 00000000 002702ff 00000000 0000006a 00000000 00000000 00000000 01d428f2 00000000 00270369 00000000 00000000 00000000 00000000 00000039 008b3199 00000001 00000000 00000001 00000000 00000000 00000000 00000000 00000000 00000000 00000000 00000000 00000000 00000000 00000000 00000000 00000000 00000000 00000000 00000000 1d8c3c73 0000008a 6f812f17 00000029 00000000 00000000 00000000 00000000 00000101 00000081 00000000 00000000 00000000 00000000 00000000 00000000 00000000 00003333 00004ccd 00002667 00000001 00000000 01c9c380 0000027c
capture_snapshot GLI1 00010000 30000000 2500000 158 0 30000000 0 0 0 0 0 0 0 6dad0b20 00000029 6f8431d8 00000029 0027433b 00000000 0027433b 00000000 0000006a 00000000 00000000 00000000 01d72bc3 00000000 002743a5 00000000 00000000 00000000 00000000 00000039 008b3199 00000001 00000000 00000001 00000000 00000000 00000000 00000000 00000000 00000000 00000000 00000000 00000000 00000000 00000000 00000000 00000000 00000000 00000000 00000000 1d9645c2 0000008a 6f8431e8 00000029 00000000 00000000 00000000 00000000 00000101 00000080 00000000 00000000 00000000 00000000 00000000 00000000 00000000 00003333 00004ccd 00002667 00000001 00000000 01c9c380 0000027c
capture_snapshot GLI1 00010000 30000000 2500000 159 0 30000000 0 0 0 0 0 0 0 6dad0b20 00000029 6f873208 00000029 0027833f 00000000 0027833f 00000000 0000006a 00000000 00000000 00000000 01da2bfc 00000000 002783a9 00000000 00000000 00000000 00000000 00000039 008b3199 00000001 00000000 00000001 00000000 00000000 00000000 00000000 00000000 00000000 00000000 00000000 00000000 00000000 00000000 00000000 00000000 00000000 00000000 00000000 1da0466d 0000008a 6f873221 00000029 00000000 00000000 00000000 00000000 00000101 00000081 00000000 00000000 00000000 00000000 00000000 00000000 00000000 00003333 00004ccd 00002667 00000001 00000000 01c9c380 0000027c
capture_snapshot GLI1 00010000 30000000 2500000 160 0 30000000 0 0 0 0 0 0 0 6dad0b20 00000029 6f8a3694 00000029 0027c3a0 00000000 0027c3a0 00000000 0000006a 00000000 00000000 00000000 01dd3089 00000000 0027c40a 00000000 00000000 00000000 00000000 00000039 008b3199 00000001 00000000 00000001 00000000 00000000 00000000 00000000 00000000 00000000 00000000 00000000 00000000 00000000 00000000 00000000 00000000 00000000 00000000 00000000 1daa5585 0000008a 6f8a36ae 00000029 00000000 00000000 00000000 00000000 00000101 00000081 00000000 00000000 00000000 00000000 00000000 00000000 00000000 00003333 00004ccd 00002667 00000001 00000000 01c9c380 0000027c
capture_snapshot GLI1 00010000 30000000 2500000 161 0 30000000 0 0 0 0 0 0 0 6dad0b20 00000029 6f8d3328 00000029 00280357 00000000 00280357 00000000 0000006a 00000000 00000000 00000000 01e02d1d 00000000 002803c1 00000000 00000000 00000000 00000000 00000039 008b3199 00000001 00000000 00000001 00000000 00000000 00000000 00000000 00000000 00000000 00000000 00000000 00000000 00000000 00000000 00000000 00000000 00000000 00000000 00000000 1db44a09 0000008a 6f8d3342 00000029 00000000 00000000 00000000 00000000 00000101 00000081 00000000 00000000 00000000 00000000 00000000 00000000 00000000 00003333 00004ccd 00002667 00000001 00000000 01c9c380 0000027c
capture_snapshot GLI1 00010000 30000000 2500000 162 0 30000000 0 0 0 0 0 0 0 6dad0b20 00000029 6f9032d4 00000029 00284350 00000000 00284350 00000000 0000006a 00000000 00000000 00000000 01e32cbe 00000000 002843ba 00000000 00000000 00000000 00000000 00000039 008b3199 00000001 00000000 00000001 00000000 00000000 00000000 00000000 00000000 00000000 00000000 00000000 00000000 00000000 00000000 00000000 00000000 00000000 00000000 00000000 1dbe48bb 0000008a 6f9032e3 00000029 00000000 00000000 00000000 00000000 00000100 00000080 00000000 00000000 00000000 00000000 00000000 00000000 00000000 00003333 00004ccd 00002667 00000001 00000000 01c9c380 0000027c
capture_snapshot GLI1 00010000 30000000 2500000 163 0 30000000 0 0 0 0 0 0 0 6dad0b20 00000029 6f934210 00000029 00288495 00000000 00288495 00000000 0000006a 00000000 00000000 00000000 01e63bfa 00000000 002884ff 00000000 00000000 00000000 00000000 00000039 008b3199 00000001 00000000 00000001 00000000 00000000 00000000 00000000 00000000 00000000 00000000 00000000 00000000 00000000 00000000 00000000 00000000 00000000 00000000 00000000 1dc87b6f 0000008a 6f93421f 00000029 00000000 00000000 00000000 00000000 00000100 00000080 00000000 00000000 00000000 00000000 00000000 00000000 00000000 00003333 00004ccd 00002667 00000001 00000000 01c9c380 0000027c
capture_snapshot GLI1 00010000 30000000 2500000 164 0 30000000 0 0 0 0 0 0 0 6dad0b20 00000029 6f9631a8 00000029 0028c337 00000000 0028c337 00000000 0000006a 00000000 00000000 00000000 01e92b95 00000000 0028c3a1 00000000 00000000 00000000 00000000 00000039 008b3199 00000001 00000000 00000001 00000000 00000000 00000000 00000000 00000000 00000000 00000000 00000000 00000000 00000000 00000000 00000000 00000000 00000000 00000000 00000000 1dd244b4 0000008a 6f9631ba 00000029 00000000 00000000 00000000 00000000 00000101 00000081 00000000 00000000 00000000 00000000 00000000 00000000 00000000 00003333 00004ccd 00002667 00000001 00000000 01c9c380 0000027c
capture_snapshot GLI1 00010000 30000000 2500000 165 0 30000000 0 0 0 0 0 0 0 6dad0b20 00000029 6f993100 00000029 00290329 00000000 00290329 00000000 0000006a 00000000 00000000 00000000 01ec2aec 00000000 00290393 00000000 00000000 00000000 00000000 00000039 008b3199 00000001 00000000 00000001 00000000 00000000 00000000 00000000 00000000 00000000 00000000 00000000 00000000 00000000 00000000 00000000 00000000 00000000 00000000 00000000 1ddc426f 0000008a 6f993111 00000029 00000000 00000000 00000000 00000000 00000100 00000080 00000000 00000000 00000000 00000000 00000000 00000000 00000000 00003333 00004ccd 00002667 00000001 00000000 01c9c380 0000027c
capture_snapshot GLI1 00010000 30000000 2500000 166 0 30000000 0 0 0 0 0 0 0 6dad0b20 00000029 6f9c3400 00000029 00294369 00000000 00294369 00000000 0000006a 00000000 00000000 00000000 01ef2dec 00000000 002943d3 00000000 00000000 00000000 00000000 00000039 008b3199 00000001 00000000 00000001 00000000 00000000 00000000 00000000 00000000 00000000 00000000 00000000 00000000 00000000 00000000 00000000 00000000 00000000 00000000 00000000 1de64c59 0000008a 6f9c3411 00000029 00000000 00000000 00000000 00000000 00000101 00000080 00000000 00000000 00000000 00000000 00000000 00000000 00000000 00003333 00004ccd 00002667 00000001 00000000 01c9c380 0000027c
capture_snapshot GLI1 00010000 30000000 2500000 167 0 30000000 0 0 0 0 0 0 0 6dad0b20 00000029 6f9f32ec 00000029 00298352 00000000 00298352 00000000 0000006a 00000000 00000000 00000000 01f22cd9 00000000 002983bc 00000000 00000000 00000000 00000000 00000039 008b3199 00000001 00000000 00000001 00000000 00000000 00000000 00000000 00000000 00000000 00000000 00000000 00000000 00000000 00000000 00000000 00000000 00000000 00000000 00000000 1df048b1 0000008a 6f9f32fe 00000029 00000000 00000000 00000000 00000000 00000101 00000080 00000000 00000000 00000000 00000000 00000000 00000000 00000000 00003333 00004ccd 00002667 00000001 00000000 01c9c380 0000027c
capture_snapshot GLI1 00010000 30000000 2500000 168 0 30000000 0 0 0 0 0 0 0 6dad0b20 00000029 6fa2307c 00000029 0029c31e 00000000 0029c31e 00000000 0000006a 00000000 00000000 00000000 01f52a66 00000000 0029c388 00000000 00000000 00000000 00000000 00000039 008b3199 00000001 00000000 00000001 00000000 00000000 00000000 00000000 00000000 00000000 00000000 00000000 00000000 00000000 00000000 00000000 00000000 00000000 00000000 00000000 1dfa4074 0000008a 6fa2308b 00000029 00000000 00000000 00000000 00000000 00000101 00000080 00000000 00000000 00000000 00000000 00000000 00000000 00000000 00003333 00004ccd 00002667 00000001 00000000 01c9c380 0000027c
capture_snapshot GLI1 00010000 30000000 2500000 169 0 30000000 0 0 0 0 0 0 0 6dad0b20 00000029 6fa53130 00000029 002a032d 00000000 002a032d 00000000 0000006a 00000000 00000000 00000000 01f82b1d 00000000 002a0397 00000000 00000000 00000000 00000000 00000039 008b3199 00000001 00000000 00000001 00000000 00000000 00000000 00000000 00000000 00000000 00000000 00000000 00000000 00000000 00000000 00000000 00000000 00000000 00000000 00000000 1e0442c2 0000008a 6fa53142 00000029 00000000 00000000 00000000 00000000 00000100 00000080 00000000 00000000 00000000 00000000 00000000 00000000 00000000 00003333 00004ccd 00002667 00000001 00000000 01c9c380 0000027c
capture_snapshot GLI1 00010000 30000000 2500000 170 0 30000000 0 0 0 0 0 0 0 6dad0b20 00000029 6fa831fc 00000029 002a433e 00000000 002a433e 00000000 0000006a 00000000 00000000 00000000 01fb2bef 00000000 002a43a8 00000000 00000000 00000000 00000000 00000039 008b3199 00000001 00000000 00000001 00000000 00000000 00000000 00000000 00000000 00000000 00000000 00000000 00000000 00000000 00000000 00000000 00000000 00000000 00000000 00000000 1e0e456c 0000008a 6fa83214 00000029 00000000 00000000 00000000 00000000 00000101 00000081 00000000 00000000 00000000 00000000 00000000 00000000 00000000 00003333 00004ccd 00002667 00000001 00000000 01c9c380 0000027c
capture_snapshot GLI1 00010000 30000000 2500000 171 0 30000000 0 0 0 0 0 0 0 6dad0b20 00000029 6fab32bc 00000029 002a834e 00000000 002a834e 00000000 0000006a 00000000 00000000 00000000 01fe2ca9 00000000 002a83b8 00000000 00000000 00000000 00000000 00000039 008b3199 00000001 00000000 00000001 00000000 00000000 00000000 00000000 00000000 00000000 00000000 00000000 00000000 00000000 00000000 00000000 00000000 00000000 00000000 00000000 1e1847c5 0000008a 6fab32ce 00000029 00000000 00000000 00000000 00000000 00000101 00000080 00000000 00000000 00000000 00000000 00000000 00000000 00000000 00003333 00004ccd 00002667 00000001 00000000 01c9c380 0000027c
capture_snapshot GLI1 00010000 30000000 2500000 172 0 30000000 0 0 0 0 0 0 0 6dad0b20 00000029 6fae3334 00000029 002ac358 00000000 002ac358 00000000 0000006a 00000000 00000000 00000000 02012d1f 00000000 002ac3c2 00000000 00000000 00000000 00000000 00000039 008b3199 00000001 00000000 00000001 00000000 00000000 00000000 00000000 00000000 00000000 00000000 00000000 00000000 00000000 00000000 00000000 00000000 00000000 00000000 00000000 1e224939 0000008a 6fae3344 00000029 00000000 00000000 00000000 00000000 00000101 00000080 00000000 00000000 00000000 00000000 00000000 00000000 00000000 00003333 00004ccd 00002667 00000001 00000000 01c9c380 0000027c
capture_snapshot GLI1 00010000 30000000 2500000 173 0 30000000 0 0 0 0 0 0 0 6dad0b20 00000029 6fb130a0 00000029 002b0321 00000000 002b0321 00000000 0000006a 00000000 00000000 00000000 02042a94 00000000 002b038b 00000000 00000000 00000000 00000000 00000039 008b3199 00000001 00000000 00000001 00000000 00000000 00000000 00000000 00000000 00000000 00000000 00000000 00000000 00000000 00000000 00000000 00000000 00000000 00000000 00000000 1e2c40ad 0000008a 6fb130b9 00000029 00000000 00000000 00000000 00000000 00000101 00000081 00000000 00000000 00000000 00000000 00000000 00000000 00000000 00003333 00004ccd 00002667 00000001 00000000 01c9c380 0000027c
capture_snapshot GLI1 00010000 30000000 2500000 174 0 30000000 0 0 0 0 0 0 0 6dad0b20 00000029 6fb4307c 00000029 002b431e 00000000 002b431e 00000000 0000006a 00000000 00000000 00000000 02072a6f 00000000 002b4388 00000000 00000000 00000000 00000000 00000039 008b3199 00000001 00000000 00000001 00000000 00000000 00000000 00000000 00000000 00000000 00000000 00000000 00000000 00000000 00000000 00000000 00000000 00000000 00000000 00000000 1e36401e 0000008a 6fb43094 00000029 00000000 00000000 00000000 00000000 00000101 00000081 00000000 00000000 00000000 00000000 00000000 00000000 00000000 00003333 00004ccd 00002667 00000001 00000000 01c9c380 0000027c
capture_snapshot GLI1 00010000 30000000 2500000 175 0 30000000 0 0 0 0 0 0 0 6dad0b20 00000029 6fb731f0 00000029 002b833d 00000000 002b833d 00000000 0000006a 00000000 00000000 00000000 020a2be2 00000000 002b83a7 00000000 00000000 00000000 00000000 00000039 008b3199 00000001 00000000 00000001 00000000 00000000 00000000 00000000 00000000 00000000 00000000 00000000 00000000 00000000 00000000 00000000 00000000 00000000 00000000 00000000 1e4044e1 0000008a 6fb73207 00000029 00000000 00000000 00000000 00000000 00000100 00000080 00000000 00000000 00000000 00000000 00000000 00000000 00000000 00003333 00004ccd 00002667 00000001 00000000 01c9c380 0000027c
capture_snapshot GLI1 00010000 30000000 2500000 176 0 30000000 0 0 0 0 0 0 0 6dad0b20 00000029 6fba3400 00000029 002bc369 00000000 002bc369 00000000 0000006a 00000000 00000000 00000000 020d2df0 00000000 002bc3d3 00000000 00000000 00000000 00000000 00000039 008b3199 00000001 00000000 00000001 00000000 00000000 00000000 00000000 00000000 00000000 00000000 00000000 00000000 00000000 00000000 00000000 00000000 00000000 00000000 00000000 1e4a4ba4 0000008a 6fba3415 00000029 00000000 00000000 00000000 00000000 00000101 00000080 00000000 00000000 00000000 00000000 00000000 00000000 00000000 00003333 00004ccd 00002667 00000001 00000000 01c9c380 0000027c
capture_snapshot GLI1 00010000 30000000 2500000 177 0 30000000 0 0 0 0 0 0 0 6dad0b20 00000029 6fbd3238 00000029 002c0343 00000000 002c0343 00000000 0000006a 00000000 00000000 00000000 02102c29 00000000 002c03ad 00000000 00000000 00000000 00000000 00000039 008b3199 00000001 00000000 00000001 00000000 00000000 00000000 00000000 00000000 00000000 00000000 00000000 00000000 00000000 00000000 00000000 00000000 00000000 00000000 00000000 1e5445a6 0000008a 6fbd324e 00000029 00000000 00000000 00000000 00000000 00000100 00000080 00000000 00000000 00000000 00000000 00000000 00000000 00000000 00003333 00004ccd 00002667 00000001 00000000 01c9c380 0000027c
capture_snapshot GLI1 00010000 30000000 2500000 178 0 30000000 0 0 0 0 0 0 0 6dad0b20 00000029 6fc03190 00000029 002c4335 00000000 002c4335 00000000 0000006a 00000000 00000000 00000000 02132b7d 00000000 002c439f 00000000 00000000 00000000 00000000 00000039 008b3199 00000001 00000000 00000001 00000000 00000000 00000000 00000000 00000000 00000000 00000000 00000000 00000000 00000000 00000000 00000000 00000000 00000000 00000000 00000000 1e5e4353 0000008a 6fc031a2 00000029 00000000 00000000 00000000 00000000 00000101 00000080 00000000 00000000 00000000 00000000 00000000 00000000 00000000 00003333 00004ccd 00002667 00000001 00000000 01c9c380 0000027c
capture_snapshot GLI1 00010000 30000000 2500000 179 0 30000000 0 0 0 0 0 0 0 6dad0b20 00000029 6fc33118 00000029 002c832b 00000000 002c832b 00000000 0000006a 00000000 00000000 00000000 02162b05 00000000 002c8395 00000000 00000000 00000000 00000000 00000039 008b3199 00000001 00000000 00000001 00000000 00000000 00000000 00000000 00000000 00000000 00000000 00000000 00000000 00000000 00000000 00000000 00000000 00000000 00000000 00000000 1e6841af 0000008a 6fc3312a 00000029 00000000 00000000 00000000 00000000 00000100 00000080 00000000 00000000 00000000 00000000 00000000 00000000 00000000 00003333 00004ccd 00002667 00000001 00000000 01c9c380 0000027c
capture_snapshot GLI1 00010000 30000000 2500000 180 0 30000000 0 0 0 0 0 0 0 6dad0b20 00000029 6fc63220 00000029 002cc341 00000000 002cc341 00000000 0000006a 00000000 00000000 00000000 02192c0d 00000000 002cc3ab 00000000 00000000 00000000 00000000 00000039 008b3199 00000001 00000000 00000001 00000000 00000000 00000000 00000000 00000000 00000000 00000000 00000000 00000000 00000000 00000000 00000000 00000000 00000000 00000000 00000000 1e72450c 0000008a 6fc63232 00000029 00000000 00000000 00000000 00000000 00000101 00000080 00000000 00000000 00000000 00000000 00000000 00000000 00000000 00003333 00004ccd 00002667 00000001 00000000 01c9c380 0000027c
capture_snapshot GLI1 00010000 30000000 2500000 181 0 30000000 0 0 0 0 0 0 0 6dad0b20 00000029 6fc932c8 00000029 002d034f 00000000 002d034f 00000000 0000006a 00000000 00000000 00000000 021c2cb4 00000000 002d03b9 00000000 00000000 00000000 00000000 00000039 008b3199 00000001 00000000 00000001 00000000 00000000 00000000 00000000 00000000 00000000 00000000 00000000 00000000 00000000 00000000 00000000 00000000 00000000 00000000 00000000 1e7c4726 0000008a 6fc932d9 00000029 00000000 00000000 00000000 00000000 00000101 00000081 00000000 00000000 00000000 00000000 00000000 00000000 00000000 00003333 00004ccd 00002667 00000001 00000000 01c9c380 0000027c
capture_snapshot GLI1 00010000 30000000 2500000 182 0 30000000 0 0 0 0 0 0 0 6dad0b20 00000029 6fcc328c 00000029 002d434a 00000000 002d434a 00000000 0000006a 00000000 00000000 00000000 021f2c7b 00000000 002d43b4 00000000 00000000 00000000 00000000 00000039 008b3199 00000001 00000000 00000001 00000000 00000000 00000000 00000000 00000000 00000000 00000000 00000000 00000000 00000000 00000000 00000000 00000000 00000000 00000000 00000000 1e864654 0000008a 6fcc32a0 00000029 00000000 00000000 00000000 00000000 00000101 00000080 00000000 00000000 00000000 00000000 00000000 00000000 00000000 00003333 00004ccd 00002667 00000001 00000000 01c9c380 0000027c
capture_snapshot GLI1 00010000 30000000 2500000 183 0 30000000 0 0 0 0 0 0 0 6dad0b20 00000029 6fcf2f08 00000029 002d82ff 00000000 002d82ff 00000000 0000006a 00000000 00000000 00000000 022228fd 00000000 002d8369 00000000 00000000 00000000 00000000 00000039 008b3199 00000001 00000000 00000001 00000000 00000000 00000000 00000000 00000000 00000000 00000000 00000000 00000000 00000000 00000000 00000000 00000000 00000000 00000000 00000000 1e903a9d 0000008a 6fcf2f22 00000029 00000000 00000000 00000000 00000000 00000101 00000081 00000000 00000000 00000000 00000000 00000000 00000000 00000000 00003333 00004ccd 00002667 00000001 00000000 01c9c380 0000027c
capture_snapshot GLI1 00010000 30000000 2500000 184 0 30000000 0 0 0 0 0 0 0 6dad0b20 00000029 6fd2322c 00000029 002dc342 00000000 002dc342 00000000 0000006a 00000000 00000000 00000000 02252c1e 00000000 002dc3ac 00000000 00000000 00000000 00000000 00000039 008b3199 00000001 00000000 00000001 00000000 00000000 00000000 00000000 00000000 00000000 00000000 00000000 00000000 00000000 00000000 00000000 00000000 00000000 00000000 00000000 1e9a44f8 0000008a 6fd23243 00000029 00000000 00000000 00000000 00000000 00000101 00000081 00000000 00000000 00000000 00000000 00000000 00000000 00000000 00003333 00004ccd 00002667 00000001 00000000 01c9c380 0000027c
capture_snapshot GLI1 00010000 30000000 2500000 185 0 30000000 0 0 0 0 0 0 0 6dad0b20 00000029 6fd53490 00000029 002e0375 00000000 002e0375 00000000 0000006a 00000000 00000000 00000000 02282e7f 00000000 002e03df 00000000 00000000 00000000 00000000 00000039 008b3199 00000001 00000000 00000001 00000000 00000000 00000000 00000000 00000000 00000000 00000000 00000000 00000000 00000000 00000000 00000000 00000000 00000000 00000000 00000000 1ea44cd3 0000008a 6fd534a4 00000029 00000000 00000000 00000000 00000000 00000101 00000081 00000000 00000000 00000000 00000000 00000000 00000000 00000000 00003333 00004ccd 00002667 00000001 00000000 01c9c380 0000027c
capture_snapshot GLI1 00010000 30000000 2500000 186 0 30000000 0 0 0 0 0 0 0 6dad0b20 00000029 6fd826e0 00000029 002e4251 00000000 002e4251 00000000 0000006a 00000000 00000000 00000000 022b20cd 00000000 002e42bb 00000000 00000000 00000000 00000000 00000039 008b3199 00000001 00000000 00000001 00000000 00000000 00000000 00000000 00000000 00000000 00000000 00000000 00000000 00000000 00000000 00000000 00000000 00000000 00000000 00000000 1eae1f17 0000008a 6fd826f2 00000029 00000000 00000000 00000000 00000000 00000100 00000080 00000000 00000000 00000000 00000000 00000000 00000000 00000000 00003333 00004ccd 00002667 00000001 00000000 01c9c380 0000027c
capture_snapshot GLI1 00010000 30000000 2500000 187 0 30000000 0 0 0 0 0 0 0 6dad0b20 00000029 6fdb21a0 00000029 002e81e1 00000000 002e81e1 00000000 0000006a 00000000 00000000 00000000 022e1b8e 00000000 002e824b 00000000 00000000 00000000 00000000 00000039 008b3199 00000001 00000000 00000001 00000000 00000000 00000000 00000000 00000000 00000000 00000000 00000000 00000000 00000000 00000000 00000000 00000000 00000000 00000000 00000000 1eb80d89 0000008a 6fdb21b3 00000029 00000000 00000000 00000000 00000000 00000101 00000081 00000000 00000000 00000000 00000000 00000000 00000000 00000000 00003333 00004ccd 00002667 00000001 00000000 01c9c380 0000027c
capture_snapshot GLI1 00010000 30000000 2500000 188 0 30000000 0 0 0 0 0 0 0 6dad0b20 00000029 6fde2188 00000029 002ec1df 00000000 002ec1df 00000000 0000006a 00000000 00000000 00000000 02311b72 00000000 002ec249 00000000 00000000 00000000 00000000 00000039 008b3199 00000001 00000000 00000001 00000000 00000000 00000000 00000000 00000000 00000000 00000000 00000000 00000000 00000000 00000000 00000000 00000000 00000000 00000000 00000000 1ec20d19 0000008a 6fde2197 00000029 00000000 00000000 00000000 00000000 00000100 00000081 00000000 00000000 00000000 00000000 00000000 00000000 00000000 00003333 00004ccd 00002667 00000001 00000000 01c9c380 0000027c
capture_snapshot GLI1 00010000 30000000 2500000 189 0 30000000 0 0 0 0 0 0 0 6dad0b20 00000029 6fe12530 00000029 002f022d 00000000 002f022d 00000000 0000006a 00000000 00000000 00000000 02341f23 00000000 002f0297 00000000 00000000 00000000 00000000 00000039 008b3199 00000001 00000000 00000001 00000000 00000000 00000000 00000000 00000000 00000000 00000000 00000000 00000000 00000000 00000000 00000000 00000000 00000000 00000000 00000000 1ecc1954 0000008a 6fe12548 00000029 00000000 00000000 00000000 00000000 00000100 00000080 00000000 00000000 00000000 00000000 00000000 00000000 00000000 00003333 00004ccd 00002667 00000001 00000000 01c9c380 0000027c
capture_snapshot GLI1 00010000 30000000 2500000 190 0 30000000 0 0 0 0 0 0 0 6dad0b20 00000029 6fe41f00 00000029 002f41a9 00000000 002f41a9 00000000 0000006a 00000000 00000000 00000000 023718eb 00000000 002f4213 00000000 00000000 00000000 00000000 00000039 008b3199 00000001 00000000 00000001 00000000 00000000 00000000 00000000 00000000 00000000 00000000 00000000 00000000 00000000 00000000 00000000 00000000 00000000 00000000 00000000 1ed60485 0000008a 6fe41f10 00000029 00000000 00000000 00000000 00000000 00000101 00000081 00000000 00000000 00000000 00000000 00000000 00000000 00000000 00003333 00004ccd 00002667 00000001 00000000 01c9c380 0000027c
capture_snapshot GLI1 00010000 30000000 2500000 191 0 30000000 0 0 0 0 0 0 0 6dad0b20 00000029 6fe721f4 00000029 002f81e8 00000000 002f81e8 00000000 0000006a 00000000 00000000 00000000 023a1be8 00000000 002f8252 00000000 00000000 00000000 00000000 00000039 008b3199 00000001 00000000 00000001 00000000 00000000 00000000 00000000 00000000 00000000 00000000 00000000 00000000 00000000 00000000 00000000 00000000 00000000 00000000 00000000 1ee00e66 0000008a 6fe7220d 00000029 00000000 00000000 00000000 00000000 00000101 00000080 00000000 00000000 00000000 00000000 00000000 00000000 00000000 00003333 00004ccd 00002667 00000001 00000000 01c9c380 0000027c
capture_snapshot GLI1 00010000 30000000 2500000 192 0 30000000 0 0 0 0 0 0 0 6dad0b20 00000029 6fea1de0 00000029 002fc191 00000000 002fc191 00000000 0000006a 00000000 00000000 00000000 023d17d5 00000000 002fc1fb 00000000 00000000 00000000 00000000 00000039 008b3199 00000001 00000000 00000001 00000000 00000000 00000000 00000000 00000000 00000000 00000000 00000000 00000000 00000000 00000000 00000000 00000000 00000000 00000000 00000000 1eea00be 0000008a 6fea1dfa 00000029 00000000 00000000 00000000 00000000 00000101 00000080 00000000 00000000 00000000 00000000 00000000 00000000 00000000 00003333 00004ccd 00002667 00000001 00000000 01c9c380 0000027c
capture_snapshot GLI1 00010000 30000000 2500000 193 0 30000000 0 0 0 0 0 0 0 6dad0b20 00000029 6fed226c 00000029 003001f2 00000000 003001f2 00000000 0000006a 00000000 00000000 00000000 02401c5c 00000000 0030025c 00000000 00000000 00000000 00000000 00000039 008b3199 00000001 00000000 00000001 00000000 00000000 00000000 00000000 00000000 00000000 00000000 00000000 00000000 00000000 00000000 00000000 00000000 00000000 00000000 00000000 1ef40fc3 0000008a 6fed2281 00000029 00000000 00000000 00000000 00000000 00000101 00000081 00000000 00000000 00000000 00000000 00000000 00000000 00000000 00003333 00004ccd 00002667 00000001 00000000 01c9c380 0000027c
capture_snapshot GLI1 00010000 30000000 2500000 194 0 30000000 0 0 0 0 0 0 0 6dad0b20 00000029 6ff02110 00000029 003041d5 00000000 003041d5 00000000 0000006a 00000000 00000000 00000000 02431b04 00000000 0030423f 00000000 00000000 00000000 00000000 00000039 008b3199 00000001 00000000 00000001 00000000 00000000 00000000 00000000 00000000 00000000 00000000 00000000 00000000 00000000 00000000 00000000 00000000 00000000 00000000 00000000 1efe0b34 0000008a 6ff02129 00000029 00000000 00000000 00000000 00000000 00000101 00000081 00000000 00000000 00000000 00000000 00000000 00000000 00000000 00003333 00004ccd 00002667 00000001 00000000 01c9c380 0000027c
capture_snapshot GLI1 00010000 30000000 2500000 195 0 30000000 0 0 0 0 0 0 0 6dad0b20 00000029 6ff31e40 00000029 00308199 00000000 00308199 00000000 0000006a 00000000 00000000 00000000 02461835 00000000 00308203 00000000 00000000 00000000 00000000 00000039 008b3199 00000001 00000000 00000001 00000000 00000000 00000000 00000000 00000000 00000000 00000000 00000000 00000000 00000000 00000000 00000000 00000000 00000000 00000000 00000000 1f0801c3 0000008a 6ff31e5a 00000029 00000000 00000000 00000000 00000000 00000100 00000080 00000000 00000000 00000000 00000000 00000000 00000000 00000000 00003333 00004ccd 00002667 00000001 00000000 01c9c380 0000027c
capture_snapshot GLI1 00010000 30000000 2500000 196 0 30000000 0 0 0 0 0 0 0 6dad0b20 00000029 6ff61e10 00000029 0030c195 00000000 0030c195 00000000 0000006a 00000000 00000000 00000000 024917fa 00000000 0030c1ff 00000000 00000000 00000000 00000000 00000039 008b3199 00000001 00000000 00000001 00000000 00000000 00000000 00000000 00000000 00000000 00000000 00000000 00000000 00000000 00000000 00000000 00000000 00000000 00000000 00000000 1f1200ed 0000008a 6ff61e1f 00000029 00000000 00000000 00000000 00000000 00000101 00000081 00000000 00000000 00000000 00000000 00000000 00000000 00000000 00003333 00004ccd 00002667 00000001 00000000 01c9c380 0000027c
capture_snapshot GLI1 00010000 30000000 2500000 197 0 30000000 0 0 0 0 0 0 0 6dad0b20 00000029 6ff91e64 00000029 0031019c 00000000 0031019c 00000000 0000006a 00000000 00000000 00000000 024c1851 00000000 00310206 00000000 00000000 00000000 00000000 00000039 008b3199 00000001 00000000 00000001 00000000 00000000 00000000 00000000 00000000 00000000 00000000 00000000 00000000 00000000 00000000 00000000 00000000 00000000 00000000 00000000 1f1c01fa 0000008a 6ff91e76 00000029 00000000 00000000 00000000 00000000 00000101 00000080 00000000 00000000 00000000 00000000 00000000 00000000 00000000 00003333 00004ccd 00002667 00000001 00000000 01c9c380 0000027c
capture_snapshot GLI1 00010000 30000000 2500000 198 0 30000000 0 0 0 0 0 0 0 6dad0b20 00000029 6ffc1dc8 00000029 0031418f 00000000 0031418f 00000000 0000006a 00000000 00000000 00000000 024f17b3 00000000 003141f9 00000000 00000000 00000000 00000000 00000039 008b3199 00000001 00000000 00000001 00000000 00000000 00000000 00000000 00000000 00000000 00000000 00000000 00000000 00000000 00000000 00000000 00000000 00000000 00000000 00000000 1f25ffda 0000008a 6ffc1dd8 00000029 00000000 00000000 00000000 00000000 00000100 00000080 00000000 00000000 00000000 00000000 00000000 00000000 00000000 00003333 00004ccd 00002667 00000001 00000000 01c9c380 0000027c
capture_snapshot GLI1 00010000 30000000 2500000 199 0 30000000 0 0 0 0 0 0 0 6dad0b20 00000029 6fff1dec 00000029 00318192 00000000 00318192 00000000 0000006a 00000000 00000000 00000000 025217df 00000000 003181fc 00000000 00000000 00000000 00000000 00000039 008b3199 00000001 00000000 00000001 00000000 00000000 00000000 00000000 00000000 00000000 00000000 00000000 00000000 00000000 00000000 00000000 00000000 00000000 00000000 00000000 1f300058 0000008a 6fff1e04 00000029 00000000 00000000 00000000 00000000 00000101 00000081 00000000 00000000 00000000 00000000 00000000 00000000 00000000 00003333 00004ccd 00002667 00000001 00000000 01c9c380 0000027c
capture_snapshot GLI1 00010000 30000000 2500000 200 0 30000000 0 0 0 0 0 0 0 6dad0b20 00000029 70021da4 00000029 0031c18c 00000000 0031c18c 00000000 0000006a 00000000 00000000 00000000 02551793 00000000 0031c1f6 00000000 00000000 00000000 00000000 00000039 008b3199 00000001 00000000 00000001 00000000 00000000 00000000 00000000 00000000 00000000 00000000 00000000 00000000 00000000 00000000 00000000 00000000 00000000 00000000 00000000 1f39ff48 0000008a 70021db8 00000029 00000000 00000000 00000000 00000000 00000100 00000080 00000000 00000000 00000000 00000000 00000000 00000000 00000000 00003333 00004ccd 00002667 00000001 00000000 01c9c380 0000027c
capture_snapshot GLI1 00010000 30000000 2500000 201 0 30000000 0 0 0 0 0 0 0 6dad0b20 00000029 70051d8c 00000029 0032018a 00000000 0032018a 00000000 0000006a 00000000 00000000 00000000 02581781 00000000 003201f4 00000000 00000000 00000000 00000000 00000039 008b3199 00000001 00000000 00000001 00000000 00000000 00000000 00000000 00000000 00000000 00000000 00000000 00000000 00000000 00000000 00000000 00000000 00000000 00000000 00000000 1f43fef6 0000008a 70051da6 00000029 00000000 00000000 00000000 00000000 00000100 00000080 00000000 00000000 00000000 00000000 00000000 00000000 00000000 00003333 00004ccd 00002667 00000001 00000000 01c9c380 0000027c
capture_snapshot GLI1 00010000 30000000 2500000 202 0 30000000 0 0 0 0 0 0 0 6dad0b20 00000029 70081e4c 00000029 0032419a 00000000 0032419a 00000000 0000006a 00000000 00000000 00000000 025b1839 00000000 00324204 00000000 00000000 00000000 00000000 00000039 008b3199 00000001 00000000 00000001 00000000 00000000 00000000 00000000 00000000 00000000 00000000 00000000 00000000 00000000 00000000 00000000 00000000 00000000 00000000 00000000 1f4e0149 0000008a 70081e5e 00000029 00000000 00000000 00000000 00000000 00000101 00000081 00000000 00000000 00000000 00000000 00000000 00000000 00000000 00003333 00004ccd 00002667 00000001 00000000 01c9c380 0000027c
capture_snapshot GLI1 00010000 30000000 2500000 203 0 30000000 0 0 0 0 0 0 0 6dad0b20 00000029 700b1d2c 00000029 00328182 00000000 00328182 00000000 0000006a 00000000 00000000 00000000 025e171f 00000000 003281ec 00000000 00000000 00000000 00000000 00000039 008b3199 00000001 00000000 00000001 00000000 00000000 00000000 00000000 00000000 00000000 00000000 00000000 00000000 00000000 00000000 00000000 00000000 00000000 00000000 00000000 1f57fd8a 0000008a 700b1d44 00000029 00000000 00000000 00000000 00000000 00000101 00000081 00000000 00000000 00000000 00000000 00000000 00000000 00000000 00003333 00004ccd 00002667 00000001 00000000 01c9c380 0000027c
capture_snapshot GLI1 00010000 30000000 2500000 204 0 30000000 0 0 0 0 0 0 0 6dad0b20 00000029 700e1d50 00000029 0032c185 00000000 0032c185 00000000 0000006a 00000000 00000000 00000000 02611744 00000000 0032c1ef 00000000 00000000 00000000 00000000 00000039 008b3199 00000001 00000000 00000001 00000000 00000000 00000000 00000000 00000000 00000000 00000000 00000000 00000000 00000000 00000000 00000000 00000000 00000000 00000000 00000000 1f61fdf3 0000008a 700e1d69 00000029 00000000 00000000 00000000 00000000 00000100 00000080 00000000 00000000 00000000 00000000 00000000 00000000 00000000 00003333 00004ccd 00002667 00000001 00000000 01c9c380 0000027c
capture_snapshot GLI1 00010000 30000000 2500000 205 0 30000000 0 0 0 0 0 0 0 6dad0b20 00000029 70111dec 00000029 00330192 00000000 00330192 00000000 0000006a 00000000 00000000 00000000 026417db 00000000 003301fc 00000000 00000000 00000000 00000000 00000039 008b3199 00000001 00000000 00000001 00000000 00000000 00000000 00000000 00000000 00000000 00000000 00000000 00000000 00000000 00000000 00000000 00000000 00000000 00000000 00000000 1f6bffd5 0000008a 70111e00 00000029 00000000 00000000 00000000 00000000 00000101 00000080 00000000 00000000 00000000 00000000 00000000 00000000 00000000 00003333 00004ccd 00002667 00000001 00000000 01c9c380 0000027c
capture_snapshot GLI1 00010000 30000000 2500000 206 0 30000000 0 0 0 0 0 0 0 6dad0b20 00000029 70141e28 00000029 00334197 00000000 00334197 00000000 0000006a 00000000 00000000 00000000 0267181a 00000000 00334201 00000000 00000000 00000000 00000000 00000039 008b3199 00000001 00000000 00000001 00000000 00000000 00000000 00000000 00000000 00000000 00000000 00000000 00000000 00000000 00000000 00000000 00000000 00000000 00000000 00000000 1f760093 0000008a 70141e3f 00000029 00000000 00000000 00000000 00000000 00000100 00000080 00000000 00000000 00000000 00000000 00000000 00000000 00000000 00003333 00004ccd 00002667 00000001 00000000 01c9c380 0000027c
capture_snapshot GLI1 00010000 30000000 2500000 207 0 30000000 0 0 0 0 0 0 0 6dad0b20 00000029 70171dc8 00000029 0033818f 00000000 0033818f 00000000 0000006a 00000000 00000000 00000000 026a17b4 00000000 003381f9 00000000 00000000 00000000 00000000 00000039 008b3199 00000001 00000000 00000001 00000000 00000000 00000000 00000000 00000000 00000000 00000000 00000000 00000000 00000000 00000000 00000000 00000000 00000000 00000000 00000000 1f7fff2d 0000008a 70171dd9 00000029 00000000 00000000 00000000 00000000 00000101 00000081 00000000 00000000 00000000 00000000 00000000 00000000 00000000 00003333 00004ccd 00002667 00000001 00000000 01c9c380 0000027c
capture_snapshot GLI1 00010000 30000000 2500000 208 0 30000000 0 0 0 0 0 0 0 6dad0b20 00000029 701a1e58 00000029 0033c19b 00000000 0033c19b 00000000 0000006a 00000000 00000000 00000000 026d1845 00000000 0033c205 00000000 00000000 00000000 00000000 00000039 008b3199 00000001 00000000 00000001 00000000 00000000 00000000 00000000 00000000 00000000 00000000 00000000 00000000 00000000 00000000 00000000 00000000 00000000 00000000 00000000 1f8a00fe 0000008a 701a1e6a 00000029 00000000 00000000 00000000 00000000 00000100 00000080 00000000 00000000 00000000 00000000 00000000 00000000 00000000 00003333 00004ccd 00002667 00000001 00000000 01c9c380 0000027c
capture_snapshot GLI1 00010000 30000000 2500000 209 0 30000000 0 0 0 0 0 0 0 6dad0b20 00000029 701d1e1c 00000029 00340196 00000000 00340196 00000000 0000006a 00000000 00000000 00000000 02701807 00000000 00340200 00000000 00000000 00000000 00000000 00000039 008b3199 00000001 00000000 00000001 00000000 00000000 00000000 00000000 00000000 00000000 00000000 00000000 00000000 00000000 00000000 00000000 00000000 00000000 00000000 00000000 1f94001a 0000008a 701d1e2c 00000029 00000000 00000000 00000000 00000000 00000101 00000080 00000000 00000000 00000000 00000000 00000000 00000000 00000000 00003333 00004ccd 00002667 00000001 00000000 01c9c380 0000027c
capture_snapshot GLI1 00010000 30000000 2500000 210 0 30000000 0 0 0 0 0 0 0 6dad0b20 00000029 70201d80 00000029 00344189 00000000 00344189 00000000 0000006a 00000000 00000000 00000000 02731772 00000000 003441f3 00000000 00000000 00000000 00000000 00000039 008b3199 00000001 00000000 00000001 00000000 00000000 00000000 00000000 00000000 00000000 00000000 00000000 00000000 00000000 00000000 00000000 00000000 00000000 00000000 00000000 1f9dfe16 0000008a 70201d97 00000029 00000000 00000000 00000000 00000000 00000101 00000081 00000000 00000000 00000000 00000000 00000000 00000000 00000000 00003333 00004ccd 00002667 00000001 00000000 01c9c380 0000027c
capture_snapshot GLI1 00010000 30000000 2500000 211 0 30000000 0 0 0 0 0 0 0 6dad0b20 00000029 70231db0 00000029 0034818d 00000000 0034818d 00000000 0000006a 00000000 00000000 00000000 0276179e 00000000 003481f7 00000000 00000000 00000000 00000000 00000039 008b3199 00000001 00000000 00000001 00000000 00000000 00000000 00000000 00000000 00000000 00000000 00000000 00000000 00000000 00000000 00000000 00000000 00000000 00000000 00000000 1fa7fe95 0000008a 70231dc3 00000029 00000000 00000000 00000000 00000000 00000101 00000080 00000000 00000000 00000000 00000000 00000000 00000000 00000000 00003333 00004ccd 00002667 00000001 00000000 01c9c380 0000027c
capture_snapshot GLI1 00010000 30000000 2500000 212 0 30000000 0 0 0 0 0 0 0 6dad0b20 00000029 70261d80 00000029 0034c189 00000000 0034c189 00000000 0000006a 00000000 00000000 00000000 02791771 00000000 0034c1f3 00000000 00000000 00000000 00000000 00000039 008b3199 00000001 00000000 00000001 00000000 00000000 00000000 00000000 00000000 00000000 00000000 00000000 00000000 00000000 00000000 00000000 00000000 00000000 00000000 00000000 1fb1fded 0000008a 70261d96 00000029 00000000 00000000 00000000 00000000 00000101 00000080 00000000 00000000 00000000 00000000 00000000 00000000 00000000 00003333 00004ccd 00002667 00000001 00000000 01c9c380 0000027c
capture_snapshot GLI1 00010000 30000000 2500000 213 0 30000000 0 0 0 0 0 0 0 6dad0b20 00000029 70291e10 00000029 00350195 00000000 00350195 00000000 0000006a 00000000 00000000 00000000 027c17ff 00000000 003501ff 00000000 00000000 00000000 00000000 00000039 008b3199 00000001 00000000 00000001 00000000 00000000 00000000 00000000 00000000 00000000 00000000 00000000 00000000 00000000 00000000 00000000 00000000 00000000 00000000 00000000 1fbbffb1 0000008a 70291e24 00000029 00000000 00000000 00000000 00000000 00000101 00000080 00000000 00000000 00000000 00000000 00000000 00000000 00000000 00003333 00004ccd 00002667 00000001 00000000 01c9c380 0000027c
capture_snapshot GLI1 00010000 30000000 2500000 214 0 30000000 0 0 0 0 0 0 0 6dad0b20 00000029 702c1e34 00000029 00354198 00000000 00354198 00000000 0000006a 00000000 00000000 00000000 027f1829 00000000 00354202 00000000 00000000 00000000 00000000 00000039 008b3199 00000001 00000000 00000001 00000000 00000000 00000000 00000000 00000000 00000000 00000000 00000000 00000000 00000000 00000000 00000000 00000000 00000000 00000000 00000000 1fc60029 0000008a 702c1e4e 00000029 00000000 00000000 00000000 00000000 00000100 00000080 00000000 00000000 00000000 00000000 00000000 00000000 00000000 00003333 00004ccd 00002667 00000001 00000000 01c9c380 0000027c
capture_snapshot GLI1 00010000 30000000 2500000 215 0 30000000 0 0 0 0 0 0 0 6dad0b20 00000029 702f1dc8 00000029 0035818f 00000000 0035818f 00000000 0000006a 00000000 00000000 00000000 028217b4 00000000 003581f9 00000000 00000000 00000000 00000000 00000039 008b3199 00000001 00000000 00000001 00000000 00000000 00000000 00000000 00000000 00000000 00000000 00000000 00000000 00000000 00000000 00000000 00000000 00000000 00000000 00000000 1fcffe91 0000008a 702f1dd9 00000029 00000000 00000000 00000000 00000000 00000101 00000081 00000000 00000000 00000000 00000000 00000000 00000000 00000000 00003333 00004ccd 00002667 00000001 00000000 01c9c380 0000027c
capture_snapshot GLI1 00010000 30000000 2500000 216 0 30000000 0 0 0 0 0 0 0 6dad0b20 00000029 70321e94 00000029 0035c1a0 00000000 0035c1a0 00000000 0000006a 00000000 00000000 00000000 02851887 00000000 0035c20a 00000000 00000000 00000000 00000000 00000039 008b3199 00000001 00000000 00000001 00000000 00000000 00000000 00000000 00000000 00000000 00000000 00000000 00000000 00000000 00000000 00000000 00000000 00000000 00000000 00000000 1fda013c 0000008a 70321eac 00000029 00000000 00000000 00000000 00000000 00000101 00000080 00000000 00000000 00000000 00000000 00000000 00000000 00000000 00003333 00004ccd 00002667 00000001 00000000 01c9c380 0000027c
capture_snapshot GLI1 00010000 30000000 2500000 217 0 30000000 0 0 0 0 0 0 0 6dad0b20 00000029 70351df8 00000029 00360193 00000000 00360193 00000000 0000006a 00000000 00000000 00000000 028817e2 00000000 003601fd 00000000 00000000 00000000 00000000 00000039 008b3199 00000001 00000000 00000001 00000000 00000000 00000000 00000000 00000000 00000000 00000000 00000000 00000000 00000000 00000000 00000000 00000000 00000000 00000000 00000000 1fe3ff02 0000008a 70351e07 00000029 00000000 00000000 00000000 00000000 00000100 00000080 00000000 00000000 00000000 00000000 00000000 00000000 00000000 00003333 00004ccd 00002667 00000001 00000000 01c9c380 0000027c
capture_snapshot GLI1 00010000 30000000 2500000 218 0 30000000 0 0 0 0 0 0 0 6dad0b20 00000029 70381db0 00000029 0036418d 00000000 0036418d 00000000 0000006a 00000000 00000000 00000000 028b179e 00000000 003641f7 00000000 00000000 00000000 00000000 00000039 008b3199 00000001 00000000 00000001 00000000 00000000 00000000 00000000 00000000 00000000 00000000 00000000 00000000 00000000 00000000 00000000 00000000 00000000 00000000 00000000 1fedfe0c 0000008a 70381dc3 00000029 00000000 00000000 00000000 00000000 00000100 00000080 00000000 00000000 00000000 00000000 00000000 00000000 00000000 00003333 00004ccd 00002667 00000001 00000000 01c9c380 0000027c
capture_snapshot GLI1 00010000 30000000 2500000 219 0 30000000 0 0 0 0 0 0 0 6dad0b20 00000029 703b1da4 00000029 0036818c 00000000 0036818c 00000000 0000006a 00000000 00000000 00000000 028e1796 00000000 003681f6 00000000 00000000 00000000 00000000 00000039 008b3199 00000001 00000000 00000001 00000000 00000000 00000000 00000000 00000000 00000000 00000000 00000000 00000000 00000000 00000000 00000000 00000000 00000000 00000000 00000000 1ff7fde1 0000008a 703b1dbb 00000029 00000000 00000000 00000000 00000000 00000100 00000080 00000000 00000000 00000000 00000000 00000000 00000000 00000000 00003333 00004ccd 00002667 00000001 00000000 01c9c380 0000027c
capture_snapshot GLI1 00010000 30000000 2500000 220 0 30000000 0 0 0 0 0 0 0 6dad0b20 00000029 703e1de0 00000029 0036c191 00000000 0036c191 00000000 0000006a 00000000 00000000 00000000 029117cb 00000000 0036c1fb 00000000 00000000 00000000 00000000 00000039 008b3199 00000001 00000000 00000001 00000000 00000000 00000000 00000000 00000000 00000000 00000000 00000000 00000000 00000000 00000000 00000000 00000000 00000000 00000000 00000000 2001fe7c 0000008a 703e1df0 00000029 00000000 00000000 00000000 00000000 00000101 00000080 00000000 00000000 00000000 00000000 00000000 00000000 00000000 00003333 00004ccd 00002667 00000001 00000000 01c9c380 0000027c
capture_snapshot GLI1 00010000 30000000 2500000 221 0 30000000 0 0 0 0 0 0 0 6dad0b20 00000029 70411fd8 00000029 003701bb 00000000 003701bb 00000000 0000006a 00000000 00000000 00000000 029419c2 00000000 00370225 00000000 00000000 00000000 00000000 00000039 008b3199 00000001 00000000 00000001 00000000 00000000 00000000 00000000 00000000 00000000 00000000 00000000 00000000 00000000 00000000 00000000 00000000 00000000 00000000 00000000 200c04f7 0000008a 70411fe7 00000029 00000000 00000000 00000000 00000000 00000100 00000080 00000000 00000000 00000000 00000000 00000000 00000000 00000000 00003333 00004ccd 00002667 00000001 00000000 01c9c380 0000027c
capture_snapshot GLI1 00010000 30000000 2500000 222 0 30000000 0 0 0 0 0 0 0 6dad0b20 00000029 70441f00 00000029 003741a9 00000000 003741a9 00000000 0000006a 00000000 00000000 00000000 029718ef 00000000 00374213 00000000 00000000 00000000 00000000 00000039 008b3199 00000001 00000000 00000001 00000000 00000000 00000000 00000000 00000000 00000000 00000000 00000000 00000000 00000000 00000000 00000000 00000000 00000000 00000000 00000000 20160223 0000008a 70441f14 00000029 00000000 00000000 00000000 00000000 00000101 00000081 00000000 00000000 00000000 00000000 00000000 00000000 00000000 00003333 00004ccd 00002667 00000001 00000000 01c9c380 0000027c
capture_snapshot GLI1 00010000 30000000 2500000 223 0 30000000 0 0 0 0 0 0 0 6dad0b20 00000029 70471dc8 00000029 0037818f 00000000 0037818f 00000000 0000006a 00000000 00000000 00000000 029a17b9 00000000 003781f9 00000000 00000000 00000000 00000000 00000039 008b3199 00000001 00000000 00000001 00000000 00000000 00000000 00000000 00000000 00000000 00000000 00000000 00000000 00000000 00000000 00000000 00000000 00000000 00000000 00000000 201ffe05 0000008a 70471dde 00000029 00000000 00000000 00000000 00000000 00000100 00000080 00000000 00000000 00000000 00000000 00000000 00000000 00000000 00003333 00004ccd 00002667 00000001 00000000 01c9c380 0000027c
capture_snapshot GLI1 00010000 30000000 2500000 224 0 30000000 0 0 0 0 0 0 0 6dad0b20 00000029 704a1e04 00000029 0037c194 00000000 0037c194 00000000 0000006a 00000000 00000000 00000000 029d17ee 00000000 0037c1fe 00000000 00000000 00000000 00000000 00000039 008b3199 00000001 00000000 00000001 00000000 00000000 00000000 00000000 00000000 00000000 00000000 00000000 00000000 00000000 00000000 00000000 00000000 00000000 00000000 00000000 2029fea3 0000008a 704a1e13 00000029 00000000 00000000 00000000 00000000 00000101 00000081 00000000 00000000 00000000 00000000 00000000 00000000 00000000 00003333 00004ccd 00002667 00000001 00000000 01c9c380 0000027c
capture_snapshot GLI1 00010000 30000000 2500000 225 0 30000000 0 0 0 0 0 0 0 6dad0b20 00000029 704d1e58 00000029 0038019b 00000000 0038019b 00000000 0000006a 00000000 00000000 00000000 02a01848 00000000 00380205 00000000 00000000 00000000 00000000 00000039 008b3199 00000001 00000000 00000001 00000000 00000000 00000000 00000000 00000000 00000000 00000000 00000000 00000000 00000000 00000000 00000000 00000000 00000000 00000000 00000000 2033ffbd 0000008a 704d1e6d 00000029 00000000 00000000 00000000 00000000 00000100 00000080 00000000 00000000 00000000 00000000 00000000 00000000 00000000 00003333 00004ccd 00002667 00000001 00000000 01c9c380 0000027c
capture_snapshot GLI1 00010000 30000000 2500000 226 0 30000000 0 0 0 0 0 0 0 6dad0b20 00000029 70501dec 00000029 00384192 00000000 00384192 00000000 0000006a 00000000 00000000 00000000 02a317da 00000000 003841fc 00000000 00000000 00000000 00000000 00000039 008b3199 00000001 00000000 00000001 00000000 00000000 00000000 00000000 00000000 00000000 00000000 00000000 00000000 00000000 00000000 00000000 00000000 00000000 00000000 00000000 203dfe3b 0000008a 70501dff 00000029 00000000 00000000 00000000 00000000 00000100 00000080 00000000 00000000 00000000 00000000 00000000 00000000 00000000 00003333 00004ccd 00002667 00000001 00000000 01c9c380 0000027c
capture_snapshot GLI1 00010000 30000000 2500000 227 0 30000000 0 0 0 0 0 0 0 6dad0b20 00000029 70531df8 00000029 00388193 00000000 00388193 00000000 0000006a 00000000 00000000 00000000 02a617e6 00000000 003881fd 00000000 00000000 00000000 00000000 00000039 008b3199 00000001 00000000 00000001 00000000 00000000 00000000 00000000 00000000 00000000 00000000 00000000 00000000 00000000 00000000 00000000 00000000 00000000 00000000 00000000 2047fe4e 0000008a 70531e0b 00000029 00000000 00000000 00000000 00000000 00000101 00000081 00000000 00000000 00000000 00000000 00000000 00000000 00000000 00003333 00004ccd 00002667 00000001 00000000 01c9c380 0000027c
capture_snapshot GLI1 00010000 30000000 2500000 228 0 30000000 0 0 0 0 0 0 0 6dad0b20 00000029 70561d74 00000029 0038c188 00000000 0038c188 00000000 0000006a 00000000 00000000 00000000 02a91764 00000000 0038c1f2 00000000 00000000 00000000 00000000 00000039 008b3199 00000001 00000000 00000001 00000000 00000000 00000000 00000000 00000000 00000000 00000000 00000000 00000000 00000000 00000000 00000000 00000000 00000000 00000000 00000000 2051fc89 0000008a 70561d89 00000029 00000000 00000000 00000000 00000000 00000101 00000080 00000000 00000000 00000000 00000000 00000000 00000000 00000000 00003333 00004ccd 00002667 00000001 00000000 01c9c380 0000027c
capture_snapshot GLI1 00010000 30000000 2500000 229 0 30000000 0 0 0 0 0 0 0 6dad0b20 00000029 70591e10 00000029 00390195 00000000 00390195 00000000 0000006a 00000000 00000000 00000000 02ac1802 00000000 003901ff 00000000 00000000 00000000 00000000 00000039 008b3199 00000001 00000000 00000001 00000000 00000000 00000000 00000000 00000000 00000000 00000000 00000000 00000000 00000000 00000000 00000000 00000000 00000000 00000000 00000000 205bfe85 0000008a 70591e27 00000029 00000000 00000000 00000000 00000000 00000101 00000081 00000000 00000000 00000000 00000000 00000000 00000000 00000000 00003333 00004ccd 00002667 00000001 00000000 01c9c380 0000027c
capture_snapshot GLI1 00010000 30000000 2500000 230 0 30000000 0 0 0 0 0 0 0 6dad0b20 00000029 705c1dec 00000029 00394192 00000000 00394192 00000000 0000006a 00000000 00000000 00000000 02af17d6 00000000 003941fc 00000000 00000000 00000000 00000000 00000039 008b3199 00000001 00000000 00000001 00000000 00000000 00000000 00000000 00000000 00000000 00000000 00000000 00000000 00000000 00000000 00000000 00000000 00000000 00000000 00000000 2065fde0 0000008a 705c1dfb 00000029 00000000 00000000 00000000 00000000 00000100 00000080 00000000 00000000 00000000 00000000 00000000 00000000 00000000 00003333 00004ccd 00002667 00000001 00000000 01c9c380 0000027c
capture_snapshot GLI1 00010000 30000000 2500000 231 0 30000000 0 0 0 0 0 0 0 6dad0b20 00000029 705f1df8 00000029 00398193 00000000 00398193 00000000 0000006a 00000000 00000000 00000000 02b217ec 00000000 003981fd 00000000 00000000 00000000 00000000 00000039 008b3199 00000001 00000000 00000001 00000000 00000000 00000000 00000000 00000000 00000000 00000000 00000000 00000000 00000000 00000000 00000000 00000000 00000000 00000000 00000000 206ffe14 0000008a 705f1e11 00000029 00000000 00000000 00000000 00000000 00000101 00000081 00000000 00000000 00000000 00000000 00000000 00000000 00000000 00003333 00004ccd 00002667 00000001 00000000 01c9c380 0000027c
capture_snapshot GLI1 00010000 30000000 2500000 232 0 30000000 0 0 0 0 0 0 0 6dad0b20 00000029 70621ea0 00000029 0039c1a1 00000000 0039c1a1 00000000 0000006a 00000000 00000000 00000000 02b51892 00000000 0039c20b 00000000 00000000 00000000 00000000 00000039 008b3199 00000001 00000000 00000001 00000000 00000000 00000000 00000000 00000000 00000000 00000000 00000000 00000000 00000000 00000000 00000000 00000000 00000000 00000000 00000000 207a002b 0000008a 70621eb7 00000029 00000000 00000000 00000000 00000000 00000101 00000081 00000000 00000000 00000000 00000000 00000000 00000000 00000000 00003333 00004ccd 00002667 00000001 00000000 01c9c380 0000027c
capture_snapshot GLI1 00010000 30000000 2500000 233 0 30000000 0 0 0 0 0 0 0 6dad0b20 00000029 70651e10 00000029 003a0195 00000000 003a0195 00000000 0000006a 00000000 00000000 00000000 02b81801 00000000 003a01ff 00000000 00000000 00000000 00000000 00000039 008b3199 00000001 00000000 00000001 00000000 00000000 00000000 00000000 00000000 00000000 00000000 00000000 00000000 00000000 00000000 00000000 00000000 00000000 00000000 00000000 2083fe34 0000008a 70651e26 00000029 00000000 00000000 00000000 00000000 00000101 00000081 00000000 00000000 00000000 00000000 00000000 00000000 00000000 00003333 00004ccd 00002667 00000001 00000000 01c9c380 0000027c
capture_snapshot GLI1 00010000 30000000 2500000 234 0 30000000 0 0 0 0 0 0 0 6dad0b20 00000029 70681e04 00000029 003a4194 00000000 003a4194 00000000 0000006a 00000000 00000000 00000000 02bb17f4 00000000 003a41fe 00000000 00000000 00000000 00000000 00000039 008b3199 00000001 00000000 00000001 00000000 00000000 00000000 00000000 00000000 00000000 00000000 00000000 00000000 00000000 00000000 00000000 00000000 00000000 00000000 00000000 208dfdf6 0000008a 70681e19 00000029 00000000 00000000 00000000 00000000 00000100 00000080 00000000 00000000 00000000 00000000 00000000 00000000 00000000 00003333 00004ccd 00002667 00000001 00000000 01c9c380 0000027c
capture_snapshot GLI1 00010000 30000000 2500000 235 0 30000000 0 0 0 0 0 0 0 6dad0b20 00000029 706b1e34 00000029 003a8198 00000000 003a8198 00000000 0000006a 00000000 00000000 00000000 02be1824 00000000 003a8202 00000000 00000000 00000000 00000000 00000039 008b3199 00000001 00000000 00000001 00000000 00000000 00000000 00000000 00000000 00000000 00000000 00000000 00000000 00000000 00000000 00000000 00000000 00000000 00000000 00000000 2097fe81 0000008a 706b1e49 00000029 00000000 00000000 00000000 00000000 00000101 00000081 00000000 00000000 00000000 00000000 00000000 00000000 00000000 00003333 00004ccd 00002667 00000001 00000000 01c9c380 0000027c
capture_snapshot GLI1 00010000 30000000 2500000 236 0 30000000 0 0 0 0 0 0 0 6dad0b20 00000029 706e5230 00000029 003ac5ed 00000000 003ac5ed 00000000 0000006a 00000000 00000000 00000000 02c14c1b 00000000 003ac657 00000000 00000000 00000000 00000000 00000039 008b3199 00000001 00000000 00000001 00000000 00000000 00000000 00000000 00000000 00000000 00000000 00000000 00000000 00000000 00000000 00000000 00000000 00000000 00000000 00000000 20a2aba3 0000008a 706e5240 00000029 00000000 00000000 00000000 00000000 00000101 00000080 00000000 00000000 00000000 00000000 00000000 00000000 00000000 00003333 00004ccd 00002667 00000001 00000000 01c9c380 0000027c
capture_snapshot GLI1 00010000 30000000 2500000 237 0 30000000 0 0 0 0 0 0 0 6dad0b20 00000029 70711e7c 00000029 003b019e 00000000 003b019e 00000000 0000006a 00000000 00000000 00000000 02c41867 00000000 003b0208 00000000 00000000 00000000 00000000 00000039 008b3199 00000001 00000000 00000001 00000000 00000000 00000000 00000000 00000000 00000000 00000000 00000000 00000000 00000000 00000000 00000000 00000000 00000000 00000000 00000000 20abff3b 0000008a 70711e8c 00000029 00000000 00000000 00000000 00000000 00000100 00000080 00000000 00000000 00000000 00000000 00000000 00000000 00000000 00003333 00004ccd 00002667 00000001 00000000 01c9c380 0000027c
capture_snapshot GLI1 00010000 30000000 2500000 238 0 30000000 0 0 0 0 0 0 0 6dad0b20 00000029 70741e28 00000029 003b4197 00000000 003b4197 00000000 0000006a 00000000 00000000 00000000 02c71816 00000000 003b4201 00000000 00000000 00000000 00000000 00000039 008b3199 00000001 00000000 00000001 00000000 00000000 00000000 00000000 00000000 00000000 00000000 00000000 00000000 00000000 00000000 00000000 00000000 00000000 00000000 00000000 20b5fe17 0000008a 70741e3b 00000029 00000000 00000000 00000000 00000000 00000100 00000080 00000000 00000000 00000000 00000000 00000000 00000000 00000000 00003333 00004ccd 00002667 00000001 00000000 01c9c380 0000027c
capture_snapshot GLI1 00010000 30000000 2500000 239 0 30000000 0 0 0 0 0 0 0 6dad0b20 00000029 70771d98 00000029 003b818b 00000000 003b818b 00000000 0000006a 00000000 00000000 00000000 02ca1787 00000000 003b81f5 00000000 00000000 00000000 00000000 00000039 008b3199 00000001 00000000 00000001 00000000 00000000 00000000 00000000 00000000 00000000 00000000 00000000 00000000 00000000 00000000 00000000 00000000 00000000 00000000 00000000 20bffc27 0000008a 70771dac 00000029 00000000 00000000 00000000 00000000 00000101 00000080 00000000 00000000 00000000 00000000 00000000 00000000 00000000 00003333 00004ccd 00002667 00000001 00000000 01c9c380 0000027c
capture_snapshot GLI1 00010000 30000000 2500000 240 0 30000000 0 0 0 0 0 0 0 6dad0b20 00000029 707a1d8c 00000029 003bc18a 00000000 003bc18a 00000000 0000006a 00000000 00000000 00000000 02cd177c 00000000 003bc1f4 00000000 00000000 00000000 00000000 00000039 008b3199 00000001 00000000 00000001 00000000 00000000 00000000 00000000 00000000 00000000 00000000 00000000 00000000 00000000 00000000 00000000 00000000 00000000 00000000 00000000 20c9fbf1 0000008a 707a1da1 00000029 00000000 00000000 00000000 00000000 00000100 00000080 00000000 00000000 00000000 00000000 00000000 00000000 00000000 00003333 00004ccd 00002667 00000001 00000000 01c9c380 0000027c
capture_snapshot GLI1 00010000 30000000 2500000 241 0 30000000 0 0 0 0 0 0 0 6dad0b20 00000029 707d1de0 00000029 003c0191 00000000 003c0191 00000000 0000006a 00000000 00000000 00000000 02d017d2 00000000 003c01fb 00000000 00000000 00000000 00000000 00000039 008b3199 00000001 00000000 00000001 00000000 00000000 00000000 00000000 00000000 00000000 00000000 00000000 00000000 00000000 00000000 00000000 00000000 00000000 00000000 00000000 20d3fcfa 0000008a 707d1df7 00000029 00000000 00000000 00000000 00000000 00000100 00000080 00000000 00000000 00000000 00000000 00000000 00000000 00000000 00003333 00004ccd 00002667 00000001 00000000 01c9c380 0000027c
capture_snapshot GLI1 00010000 30000000 2500000 242 0 30000000 0 0 0 0 0 0 0 6dad0b20 00000029 70801dd4 00000029 003c4190 00000000 003c4190 00000000 0000006a 00000000 00000000 00000000 02d317c0 00000000 003c41fa 00000000 00000000 00000000 00000000 00000039 008b3199 00000001 00000000 00000001 00000000 00000000 00000000 00000000 00000000 00000000 00000000 00000000 00000000 00000000 00000000 00000000 00000000 00000000 00000000 00000000 20ddfcac 0000008a 70801de5 00000029 00000000 00000000 00000000 00000000 00000101 00000081 00000000 00000000 00000000 00000000 00000000 00000000 00000000 00003333 00004ccd 00002667 00000001 00000000 01c9c380 0000027c
capture_snapshot GLI1 00010000 30000000 2500000 243 0 30000000 0 0 0 0 0 0 0 6dad0b20 00000029 70831db0 00000029 003c818d 00000000 003c818d 00000000 0000006a 00000000 00000000 00000000 02d6179f 00000000 003c81f7 00000000 00000000 00000000 00000000 00000039 008b3199 00000001 00000000 00000001 00000000 00000000 00000000 00000000 00000000 00000000 00000000 00000000 00000000 00000000 00000000 00000000 00000000 00000000 00000000 00000000 20e7fc2b 0000008a 70831dc4 00000029 00000000 00000000 00000000 00000000 00000101 00000081 00000000 00000000 00000000 00000000 00000000 00000000 00000000 00003333 00004ccd 00002667 00000001 00000000 01c9c380 0000027c
capture_snapshot GLI1 00010000 30000000 2500000 244 0 30000000 0 0 0 0 0 0 0 6dad0b20 00000029 70861e1c 00000029 003cc196 00000000 003cc196 00000000 0000006a 00000000 00000000 00000000 02d91810 00000000 003cc200 00000000 00000000 00000000 00000000 00000039 008b3199 00000001 00000000 00000001 00000000 00000000 00000000 00000000 00000000 00000000 00000000 00000000 00000000 00000000 00000000 00000000 00000000 00000000 00000000 00000000 20f1fd90 0000008a 70861e35 00000029 00000000 00000000 00000000 00000000 00000101 00000081 00000000 00000000 00000000 00000000 00000000 00000000 00000000 00003333 00004ccd 00002667 00000001 00000000 01c9c380 0000027c
capture_snapshot GLI1 00010000 30000000 2500000 245 0 30000000 0 0 0 0 0 0 0 6dad0b20 00000029 70891dbc 00000029 003d018e 00000000 003d018e 00000000 0000006a 00000000 00000000 00000000 02dc17af 00000000 003d01f8 00000000 00000000 00000000 00000000 00000039 008b3199 00000001 00000000 00000001 00000000 00000000 00000000 00000000 00000000 00000000 00000000 00000000 00000000 00000000 00000000 00000000 00000000 00000000 00000000 00000000 20fbfc38 0000008a 70891dd4 00000029 00000000 00000000 00000000 00000000 00000101 00000080 00000000 00000000 00000000 00000000 00000000 00000000 00000000 00003333 00004ccd 00002667 00000001 00000000 01c9c380 0000027c
capture_snapshot GLI1 00010000 30000000 2500000 246 0 30000000 0 0 0 0 0 0 0 6dad0b20 00000029 708c1de0 00000029 003d4191 00000000 003d4191 00000000 0000006a 00000000 00000000 00000000 02df17d0 00000000 003d41fb 00000000 00000000 00000000 00000000 00000039 008b3199 00000001 00000000 00000001 00000000 00000000 00000000 00000000 00000000 00000000 00000000 00000000 00000000 00000000 00000000 00000000 00000000 00000000 00000000 00000000 2105fc94 0000008a 708c1df5 00000029 00000000 00000000 00000000 00000000 00000101 00000080 00000000 00000000 00000000 00000000 00000000 00000000 00000000 00003333 00004ccd 00002667 00000001 00000000 01c9c380 0000027c
capture_snapshot GLI1 00010000 30000000 2500000 247 0 30000000 0 0 0 0 0 0 0 6dad0b20 00000029 708f1ee8 00000029 003d81a7 00000000 003d81a7 00000000 0000006a 00000000 00000000 00000000 02e218d5 00000000 003d8211 00000000 00000000 00000000 00000000 00000039 008b3199 00000001 00000000 00000001 00000000 00000000 00000000 00000000 00000000 00000000 00000000 00000000 00000000 00000000 00000000 00000000 00000000 00000000 00000000 00000000 210fffe4 0000008a 708f1efa 00000029 00000000 00000000 00000000 00000000 00000100 00000080 00000000 00000000 00000000 00000000 00000000 00000000 00000000 00003333 00004ccd 00002667 00000001 00000000 01c9c380 0000027c
capture_snapshot GLI1 00010000 30000000 2500000 248 0 30000000 0 0 0 0 0 0 0 6dad0b20 00000029 70921dec 00000029 003dc192 00000000 003dc192 00000000 0000006a 00000000 00000000 00000000 02e517d8 00000000 003dc1fc 00000000 00000000 00000000 00000000 00000039 008b3199 00000001 00000000 00000001 00000000 00000000 00000000 00000000 00000000 00000000 00000000 00000000 00000000 00000000 00000000 00000000 00000000 00000000 00000000 00000000 2119fc87 0000008a 70921dfd 00000029 00000000 00000000 00000000 00000000 00000101 00000081 00000000 00000000 00000000 00000000 00000000 00000000 00000000 00003333 00004ccd 00002667 00000001 00000000 01c9c380 0000027c
capture_snapshot GLI1 00010000 30000000 2500000 249 0 30000000 0 0 0 0 0 0 0 6dad0b20 00000029 70951dc8 00000029 003e018f 00000000 003e018f 00000000 0000006a 00000000 00000000 00000000 02e817bc 00000000 003e01f9 00000000 00000000 00000000 00000000 00000039 008b3199 00000001 00000000 00000001 00000000 00000000 00000000 00000000 00000000 00000000 00000000 00000000 00000000 00000000 00000000 00000000 00000000 00000000 00000000 00000000 2123fc17 0000008a 70951de1 00000029 00000000 00000000 00000000 00000000 00000101 00000080 00000000 00000000 00000000 00000000 00000000 00000000 00000000 00003333 00004ccd 00002667 00000001 00000000 01c9c380 0000027c
capture_snapshot GLI1 00010000 30000000 2500000 250 0 30000000 0 0 0 0 0 0 0 6dad0b20 00000029 70982284 00000029 003e41f4 00000000 003e41f4 00000000 0000006a 00000000 00000000 00000000 02eb1c79 00000000 003e425e 00000000 00000000 00000000 00000000 00000039 008b3199 00000001 00000000 00000001 00000000 00000000 00000000 00000000 00000000 00000000 00000000 00000000 00000000 00000000 00000000 00000000 00000000 00000000 00000000 00000000 212e0bcd 0000008a 7098229e 00000029 00000000 00000000 00000000 00000000 00000101 00000080 00000000 00000000 00000000 00000000 00000000 00000000 00000000 00003333 00004ccd 00002667 00000001 00000000 01c9c380 0000027c
capture_snapshot GLI1 00010000 30000000 2500000 251 0 30000000 0 0 0 0 0 0 0 6dad0b20 00000029 709b1dc8 00000029 003e818f 00000000 003e818f 00000000 0000006a 00000000 00000000 00000000 02ee17bd 00000000 003e81f9 00000000 00000000 00000000 00000000 00000039 008b3199 00000001 00000000 00000001 00000000 00000000 00000000 00000000 00000000 00000000 00000000 00000000 00000000 00000000 00000000 00000000 00000000 00000000 00000000 00000000 2137fbf1 0000008a 709b1de2 00000029 00000000 00000000 00000000 00000000 00000100 00000080 00000000 00000000 00000000 00000000 00000000 00000000 00000000 00003333 00004ccd 00002667 00000001 00000000 01c9c380 0000027c
capture_snapshot GLI1 00010000 30000000 2500000 252 0 30000000 0 0 0 0 0 0 0 6dad0b20 00000029 709e1e7c 00000029 003ec19e 00000000 003ec19e 00000000 0000006a 00000000 00000000 00000000 02f11868 00000000 003ec208 00000000 00000000 00000000 00000000 00000039 008b3199 00000001 00000000 00000001 00000000 00000000 00000000 00000000 00000000 00000000 00000000 00000000 00000000 00000000 00000000 00000000 00000000 00000000 00000000 00000000 2141fe1a 0000008a 709e1e8d 00000029 00000000 00000000 00000000 00000000 00000100 00000080 00000000 00000000 00000000 00000000 00000000 00000000 00000000 00003333 00004ccd 00002667 00000001 00000000 01c9c380 0000027c
capture_snapshot GLI1 00010000 30000000 2500000 253 0 30000000 0 0 0 0 0 0 0 6dad0b20 00000029 70a11de0 00000029 003f0191 00000000 003f0191 00000000 0000006a 00000000 00000000 00000000 02f417d2 00000000 003f01fb 00000000 00000000 00000000 00000000 00000039 008b3199 00000001 00000000 00000001 00000000 00000000 00000000 00000000 00000000 00000000 00000000 00000000 00000000 00000000 00000000 00000000 00000000 00000000 00000000 00000000 214bfc13 0000008a 70a11df7 00000029 00000000 00000000 00000000 00000000 00000100 00000080 00000000 00000000 00000000 00000000 00000000 00000000 00000000 00003333 00004ccd 00002667 00000001 00000000 01c9c380 0000027c
capture_snapshot GLI1 00010000 30000000 2500000 254 0 30000000 0 0 0 0 0 0 0 6dad0b20 00000029 70a41dd4 00000029 003f4190 00000000 003f4190 00000000 0000006a 00000000 00000000 00000000 02f717c0 00000000 003f41fa 00000000 00000000 00000000 00000000 00000039 008b3199 00000001 00000000 00000001 00000000 00000000 00000000 00000000 00000000 00000000 00000000 00000000 00000000 00000000 00000000 00000000 00000000 00000000 00000000 00000000 2155fbc2 0000008a 70a41de5 00000029 00000000 00000000 00000000 00000000 00000101 00000081 00000000 00000000 00000000 00000000 00000000 00000000 00000000 00003333 00004ccd 00002667 00000001 00000000 01c9c380 0000027c
capture_snapshot GLI1 00010000 30000000 2500000 255 0 30000000 0 0 0 0 0 0 0 6dad0b20 00000029 70a71df8 00000029 003f8193 00000000 003f8193 00000000 0000006a 00000000 00000000 00000000 02fa17ea 00000000 003f81fd 00000000 00000000 00000000 00000000 00000039 008b3199 00000001 00000000 00000001 00000000 00000000 00000000 00000000 00000000 00000000 00000000 00000000 00000000 00000000 00000000 00000000 00000000 00000000 00000000 00000000 215ffc3a 0000008a 70a71e0f 00000029 00000000 00000000 00000000 00000000 00000101 00000080 00000000 00000000 00000000 00000000 00000000 00000000 00000000 00003333 00004ccd 00002667 00000001 00000000 01c9c380 0000027c
capture_snapshot GLI1 00010000 30000000 2500000 256 0 30000000 0 0 0 0 0 0 0 6dad0b20 00000029 70aa1e04 00000029 003fc194 00000000 003fc194 00000000 0000006a 00000000 00000000 00000000 02fd17ef 00000000 003fc1fe 00000000 00000000 00000000 00000000 00000039 008b3199 00000001 00000000 00000001 00000000 00000000 00000000 00000000 00000000 00000000 00000000 00000000 00000000 00000000 00000000 00000000 00000000 00000000 00000000 00000000 2169fc37 0000008a 70aa1e14 00000029 00000000 00000000 00000000 00000000 00000101 00000080 00000000 00000000 00000000 00000000 00000000 00000000 00000000 00003333 00004ccd 00002667 00000001 00000000 01c9c380 0000027c
capture_snapshot GLI1 00010000 30000000 2500000 257 0 30000000 0 0 0 0 0 0 0 6dad0b20 00000029 70ad313c 00000029 0040032e 00000000 0040032e 00000000 0000006a 00000000 00000000 00000000 03002b2f 00000000 00400398 00000000 00000000 00000000 00000000 00000039 008b3199 00000001 00000000 00000001 00000000 00000000 00000000 00000000 00000000 00000000 00000000 00000000 00000000 00000000 00000000 00000000 00000000 00000000 00000000 00000000 21743c50 0000008a 70ad3154 00000029 00000000 00000000 00000000 00000000 00000100 00000080 00000000 00000000 00000000 00000000 00000000 00000000 00000000 00003333 00004ccd 00002667 00000001 00000000 01c9c380 0000027c
capture_snapshot GLI1 00010000 30000000 2500000 258 0 30000000 0 0 0 0 0 0 0 6dad0b20 00000029 70b02de8 00000029 004042e7 00000000 004042e7 00000000 0000006a 00000000 00000000 00000000 030327d4 00000000 00404351 00000000 00000000 00000000 00000000 00000039 008b3199 00000001 00000000 00000001 00000000 00000000 00000000 00000000 00000000 00000000 00000000 00000000 00000000 00000000 00000000 00000000 00000000 00000000 00000000 00000000 217e310c 0000008a 70b02df9 00000029 00000000 00000000 00000000 00000000 00000101 00000081 00000000 00000000 00000000 00000000 00000000 00000000 00000000 00003333 00004ccd 00002667 00000001 00000000 01c9c380 0000027c
capture_snapshot GLI1 00010000 30000000 2500000 259 0 30000000 0 0 0 0 0 0 0 6dad0b20 00000029 70b32dd0 00000029 004082e5 00000000 004082e5 00000000 0000006a 00000000 00000000 00000000 030627c3 00000000 0040834f 00000000 00000000 00000000 00000000 00000039 008b3199 00000001 00000000 00000001 00000000 00000000 00000000 00000000 00000000 00000000 00000000 00000000 00000000 00000000 00000000 00000000 00000000 00000000 00000000 00000000 218830c1 0000008a 70b32de8 00000029 00000000 00000000 00000000 00000000 00000100 00000080 00000000 00000000 00000000 00000000 00000000 00000000 00000000 00003333 00004ccd 00002667 00000001 00000000 01c9c380 0000027c
capture_snapshot GLI1 00010000 30000000 2500000 260 0 30000000 0 0 0 0 0 0 0 6dad0b20 00000029 70b62c98 00000029 0040c2cb 00000000 0040c2cb 00000000 0000006a 00000000 00000000 00000000 0309268a 00000000 0040c335 00000000 00000000 00000000 00000000 00000039 008b3199 00000001 00000000 00000001 00000000 00000000 00000000 00000000 00000000 00000000 00000000 00000000 00000000 00000000 00000000 00000000 00000000 00000000 00000000 00000000 21922c99 0000008a 70b62caf 00000029 00000000 00000000 00000000 00000000 00000101 00000081 00000000 00000000 00000000 00000000 00000000 00000000 00000000 00003333 00004ccd 00002667 00000001 00000000 01c9c380 0000027c
capture_snapshot GLI1 00010000 30000000 2500000 261 0 30000000 0 0 0 0 0 0 0 6dad0b20 00000029 70b92b18 00000029 004102ab 00000000 004102ab 00000000 0000006a 00000000 00000000 00000000 030c2502 00000000 00410315 00000000 00000000 00000000 00000000 00000039 008b3199 00000001 00000000 00000001 00000000 00000000 00000000 00000000 00000000 00000000 00000000 00000000 00000000 00000000 00000000 00000000 00000000 00000000 00000000 00000000 219c276a 0000008a 70b92b27 00000029 00000000 00000000 00000000 00000000 00000101 00000080 00000000 00000000 00000000 00000000 00000000 00000000 00000000 00003333 00004ccd 00002667 00000001 00000000 01c9c380 0000027c
capture_snapshot GLI1 00010000 30000000 2500000 262 0 30000000 0 0 0 0 0 0 0 6dad0b20 00000029 70bc2b9c 00000029 004142b6 00000000 004142b6 00000000 0000006a 00000000 00000000 00000000 030f258a 00000000 00414320 00000000 00000000 00000000 00000000 00000039 008b3199 00000001 00000000 00000001 00000000 00000000 00000000 00000000 00000000 00000000 00000000 00000000 00000000 00000000 00000000 00000000 00000000 00000000 00000000 00000000 21a6291c 0000008a 70bc2baf 00000029 00000000 00000000 00000000 00000000 00000101 00000080 00000000 00000000 00000000 00000000 00000000 00000000 00000000 00003333 00004ccd 00002667 00000001 00000000 01c9c380 0000027c
capture_snapshot GLI1 00010000 30000000 2500000 263 0 30000000 0 0 0 0 0 0 0 6dad0b20 00000029 70bf2b6c 00000029 004182b2 00000000 004182b2 00000000 0000006a 00000000 00000000 00000000 0312255b 00000000 0041831c 00000000 00000000 00000000 00000000 00000039 008b3199 00000001 00000000 00000001 00000000 00000000 00000000 00000000 00000000 00000000 00000000 00000000 00000000 00000000 00000000 00000000 00000000 00000000 00000000 00000000 21b0286e 0000008a 70bf2b80 00000029 00000000 00000000 00000000 00000000 00000100 00000080 00000000 00000000 00000000 00000000 00000000 00000000 00000000 00003333 00004ccd 00002667 00000001 00000000 01c9c380 0000027c
capture_snapshot GLI1 00010000 30000000 2500000 264 0 30000000 0 0 0 0 0 0 0 6dad0b20 00000029 70c229ec 00000029 0041c292 00000000 0041c292 00000000 0000006a 00000000 00000000 00000000 031523d9 00000000 0041c2fc 00000000 00000000 00000000 00000000 00000039 008b3199 00000001 00000000 00000001 00000000 00000000 00000000 00000000 00000000 00000000 00000000 00000000 00000000 00000000 00000000 00000000 00000000 00000000 00000000 00000000 21ba2353 0000008a 70c229fe 00000029 00000000 00000000 00000000 00000000 00000101 00000081 00000000 00000000 00000000 00000000 00000000 00000000 00000000 00003333 00004ccd 00002667 00000001 00000000 01c9c380 0000027c
capture_snapshot GLI1 00010000 30000000 2500000 265 0 30000000 0 0 0 0 0 0 0 6dad0b20 00000029 70c52a64 00000029 0042029c 00000000 0042029c 00000000 0000006a 00000000 00000000 00000000 03182456 00000000 00420306 00000000 00000000 00000000 00000000 00000039 008b3199 00000001 00000000 00000001 00000000 00000000 00000000 00000000 00000000 00000000 00000000 00000000 00000000 00000000 00000000 00000000 00000000 00000000 00000000 00000000 21c424e1 0000008a 70c52a7b 00000029 00000000 00000000 00000000 00000000 00000100 00000081 00000000 00000000 00000000 00000000 00000000 00000000 00000000 00003333 00004ccd 00002667 00000001 00000000 01c9c380 0000027c
capture_snapshot GLI1 00010000 30000000 2500000 266 0 30000000 0 0 0 0 0 0 0 6dad0b20 00000029 70c82b78 00000029 004242b3 00000000 004242b3 00000000 0000006a 00000000 00000000 00000000 031b256d 00000000 0042431d 00000000 00000000 00000000 00000000 00000039 008b3199 00000001 00000000 00000001 00000000 00000000 00000000 00000000 00000000 00000000 00000000 00000000 00000000 00000000 00000000 00000000 00000000 00000000 00000000 00000000 21ce286d 0000008a 70c82b92 00000029 00000000 00000000 00000000 00000000 00000100 00000080 00000000 00000000 00000000 00000000 00000000 00000000 00000000 00003333 00004ccd 00002667 00000001 00000000 01c9c380 0000027c
capture_snapshot GLI1 00010000 30000000 2500000 267 0 30000000 0 0 0 0 0 0 0 6dad0b20 00000029 70cb2a04 00000029 00428294 00000000 00428294 00000000 0000006a 00000000 00000000 00000000 031e23f7 00000000 004282fe 00000000 00000000 00000000 00000000 00000039 008b3199 00000001 00000000 00000001 00000000 00000000 00000000 00000000 00000000 00000000 00000000 00000000 00000000 00000000 00000000 00000000 00000000 00000000 00000000 00000000 21d8237e 0000008a 70cb2a1c 00000029 00000000 00000000 00000000 00000000 00000100 00000080 00000000 00000000 00000000 00000000 00000000 00000000 00000000 00003333 00004ccd 00002667 00000001 00000000 01c9c380 0000027c
capture_snapshot GLI1 00010000 30000000 2500000 268 0 30000000 0 0 0 0 0 0 0 6dad0b20 00000029 70ce2a94 00000029 0042c2a0 00000000 0042c2a0 00000000 0000006a 00000000 00000000 00000000 03212480 00000000 0042c30a 00000000 00000000 00000000 00000000 00000039 008b3199 00000001 00000000 00000001 00000000 00000000 00000000 00000000 00000000 00000000 00000000 00000000 00000000 00000000 00000000 00000000 00000000 00000000 00000000 00000000 21e22531 0000008a 70ce2aa5 00000029 00000000 00000000 00000000 00000000 00000101 00000081 00000000 00000000 00000000 00000000 00000000 00000000 00000000 00003333 00004ccd 00002667 00000001 00000000 01c9c380 0000027c
capture_snapshot GLI1 00010000 30000000 2500000 269 0 30000000 0 0 0 0 0 0 0 6dad0b20 00000029 70d12b60 00000029 004302b1 00000000 004302b1 00000000 0000006a 00000000 00000000 00000000 0324254d 00000000 0043031b 00000000 00000000 00000000 00000000 00000039 008b3199 00000001 00000000 00000001 00000000 00000000 00000000 00000000 00000000 00000000 00000000 00000000 00000000 00000000 00000000 00000000 00000000 00000000 00000000 00000000 21ec27c9 0000008a 70d12b72 00000029 00000000 00000000 00000000 00000000 00000101 00000081 00000000 00000000 00000000 00000000 00000000 00000000 00000000 00003333 00004ccd 00002667 00000001 00000000 01c9c380 0000027c
capture_snapshot GLI1 00010000 30000000 2500000 270 0 30000000 0 0 0 0 0 0 0 6dad0b20 00000029 70d4295c 00000029 00434286 00000000 00434286 00000000 0000006a 00000000 00000000 00000000 03272348 00000000 004342f0 00000000 00000000 00000000 00000000 00000039 008b3199 00000001 00000000 00000001 00000000 00000000 00000000 00000000 00000000 00000000 00000000 00000000 00000000 00000000 00000000 00000000 00000000 00000000 00000000 00000000 21f620fa 0000008a 70d4296d 00000029 00000000 00000000 00000000 00000000 00000101 00000080 00000000 00000000 00000000 00000000 00000000 00000000 00000000 00003333 00004ccd 00002667 00000001 00000000 01c9c380 0000027c
capture_snapshot GLI1 00010000 30000000 2500000 271 0 30000000 0 0 0 0 0 0 0 6dad0b20 00000029 70d72af4 00000029 004382a8 00000000 004382a8 00000000 0000006a 00000000 00000000 00000000 032a24de 00000000 00438312 00000000 00000000 00000000 00000000 00000039 008b3199 00000001 00000000 00000001 00000000 00000000 00000000 00000000 00000000 00000000 00000000 00000000 00000000 00000000 00000000 00000000 00000000 00000000 00000000 00000000 22002631 0000008a 70d72b03 00000029 00000000 00000000 00000000 00000000 00000101 00000081 00000000 00000000 00000000 00000000 00000000 00000000 00000000 00003333 00004ccd 00002667 00000001 00000000 01c9c380 0000027c
capture_snapshot GLI1 00010000 30000000 2500000 272 0 30000000 0 0 0 0 0 0 0 6dad0b20 00000029 70da2b6c 00000029 0043c2b2 00000000 0043c2b2 00000000 0000006a 00000000 00000000 00000000 032d2558 00000000 0043c31c 00000000 00000000 00000000 00000000 00000039 008b3199 00000001 00000000 00000001 00000000 00000000 00000000 00000000 00000000 00000000 00000000 00000000 00000000 00000000 00000000 00000000 00000000 00000000 00000000 00000000 220a27b4 0000008a 70da2b7d 00000029 00000000 00000000 00000000 00000000 00000101 00000081 00000000 00000000 00000000 00000000 00000000 00000000 00000000 00003333 00004ccd 00002667 00000001 00000000 01c9c380 0000027c
capture_snapshot GLI1 00010000 30000000 2500000 273 0 30000000 0 0 0 0 0 0 0 6dad0b20 00000029 70dd29bc 00000029 0044028e 00000000 0044028e 00000000 0000006a 00000000 00000000 00000000 033023a7 00000000 004402f8 00000000 00000000 00000000 00000000 00000039 008b3199 00000001 00000000 00000001 00000000 00000000 00000000 00000000 00000000 00000000 00000000 00000000 00000000 00000000 00000000 00000000 00000000 00000000 00000000 00000000 221421fe 0000008a 70dd29cc 00000029 00000000 00000000 00000000 00000000 00000100 00000080 00000000 00000000 00000000 00000000 00000000 00000000 00000000 00003333 00004ccd 00002667 00000001 00000000 01c9c380 0000027c
capture_snapshot GLI1 00010000 30000000 2500000 274 0 30000000 0 0 0 0 0 0 0 6dad0b20 00000029 70e02b30 00000029 004442ad 00000000 004442ad 00000000 0000006a 00000000 00000000 00000000 0333251e 00000000 00444317 00000000 00000000 00000000 00000000 00000039 008b3199 00000001 00000000 00000001 00000000 00000000 00000000 00000000 00000000 00000000 00000000 00000000 00000000 00000000 00000000 00000000 00000000 00000000 00000000 00000000 221e26cc 0000008a 70e02b43 00000029 00000000 00000000 00000000 00000000 00000101 00000081 00000000 00000000 00000000 00000000 00000000 00000000 00000000 00003333 00004ccd 00002667 00000001 00000000 01c9c380 0000027c
capture_snapshot GLI1 00010000 30000000 2500000 275 0 30000000 0 0 0 0 0 0 0 6dad0b20 00000029 70e32c74 00000029 004482c8 00000000 004482c8 00000000 0000006a 00000000 00000000 00000000 03362665 00000000 00448332 00000000 00000000 00000000 00000000 00000039 008b3199 00000001 00000000 00000001 00000000 00000000 00000000 00000000 00000000 00000000 00000000 00000000 00000000 00000000 00000000 00000000 00000000 00000000 00000000 00000000 22282af9 0000008a 70e32c8a 00000029 00000000 00000000 00000000 00000000 00000101 00000080 00000000 00000000 00000000 00000000 00000000 00000000 00000000 00003333 00004ccd 00002667 00000001 00000000 01c9c380 0000027c
capture_snapshot GLI1 00010000 30000000 2500000 276 0 30000000 0 0 0 0 0 0 0 6dad0b20 00000029 70e62950 00000029 0044c285 00000000 0044c285 00000000 0000006a 00000000 00000000 00000000 0339233e 00000000 0044c2ef 00000000 00000000 00000000 00000000 00000039 008b3199 00000001 00000000 00000001 00000000 00000000 00000000 00000000 00000000 00000000 00000000 00000000 00000000 00000000 00000000 00000000 00000000 00000000 00000000 00000000 22322065 0000008a 70e62963 00000029 00000000 00000000 00000000 00000000 00000101 00000081 00000000 00000000 00000000 00000000 00000000 00000000 00000000 00003333 00004ccd 00002667 00000001 00000000 01c9c380 0000027c
capture_snapshot GLI1 00010000 30000000 2500000 277 0 30000000 0 0 0 0 0 0 0 6dad0b20 00000029 70e92b0c 00000029 004502aa 00000000 004502aa 00000000 0000006a 00000000 00000000 00000000 033c24f7 00000000 00450314 00000000 00000000 00000000 00000000 00000039 008b3199 00000001 00000000 00000001 00000000 00000000 00000000 00000000 00000000 00000000 00000000 00000000 00000000 00000000 00000000 00000000 00000000 00000000 00000000 00000000 223c260f 0000008a 70e92b1c 00000029 00000000 00000000 00000000 00000000 00000101 00000081 00000000 00000000 00000000 00000000 00000000 00000000 00000000 00003333 00004ccd 00002667 00000001 00000000 01c9c380 0000027c
capture_snapshot GLI1 00010000 30000000 2500000 278 0 30000000 0 0 0 0 0 0 0 6dad0b20 00000029 70ec2ae8 00000029 004542a7 00000000 004542a7 00000000 0000006a 00000000 00000000 00000000 033f24da 00000000 00454311 00000000 00000000 00000000 00000000 00000039 008b3199 00000001 00000000 00000001 00000000 00000000 00000000 00000000 00000000 00000000 00000000 00000000 00000000 00000000 00000000 00000000 00000000 00000000 00000000 00000000 2246259d 0000008a 70ec2aff 00000029 00000000 00000000 00000000 00000000 00000100 00000080 00000000 00000000 00000000 00000000 00000000 00000000 00000000 00003333 00004ccd 00002667 00000001 00000000 01c9c380 0000027c
capture_snapshot GLI1 00010000 30000000 2500000 279 0 30000000 0 0 0 0 0 0 0 6dad0b20 00000029 70ef4054 00000029 00458470 00000000 00458470 00000000 0000006a 00000000 00000000 00000000 03423a41 00000000 004584da 00000000 00000000 00000000 00000000 00000039 008b3199 00000001 00000000 00000001 00000000 00000000 00000000 00000000 00000000 00000000 00000000 00000000 00000000 00000000 00000000 00000000 00000000 00000000 00000000 00000000 22506cdf 0000008a 70ef4066 00000029 00000000 00000000 00000000 00000000 00000101 00000080 00000000 00000000 00000000 00000000 00000000 00000000 00000000 00003333 00004ccd 00002667 00000001 00000000 01c9c380 0000027c
capture_snapshot GLI1 00010000 30000000 2500000 280 0 30000000 0 0 0 0 0 0 0 6dad0b20 00000029 70f23460 00000029 0045c371 00000000 0045c371 00000000 0000006a 00000000 00000000 00000000 03452e4e 00000000 0045c3db 00000000 00000000 00000000 00000000 00000039 008b3199 00000001 00000000 00000001 00000000 00000000 00000000 00000000 00000000 00000000 00000000 00000000 00000000 00000000 00000000 00000000 00000000 00000000 00000000 00000000 225a44f7 0000008a 70f23473 00000029 00000000 00000000 00000000 00000000 00000101 00000081 00000000 00000000 00000000 00000000 00000000 00000000 00000000 00003333 00004ccd 00002667 00000001 00000000 01c9c380 0000027c
capture_snapshot GLI1 00010000 30000000 2500000 281 0 30000000 0 0 0 0 0 0 0 6dad0b20 00000029 70f5307c 00000029 0046031e 00000000 0046031e 00000000 0000006a 00000000 00000000 00000000 03482a6c 00000000 00460388 00000000 00000000 00000000 00000000 00000039 008b3199 00000001 00000000 00000001 00000000 00000000 00000000 00000000 00000000 00000000 00000000 00000000 00000000 00000000 00000000 00000000 00000000 00000000 00000000 00000000 226437f3 0000008a 70f53091 00000029 00000000 00000000 00000000 00000000 00000100 00000080 00000000 00000000 00000000 00000000 00000000 00000000 00000000 00003333 00004ccd 00002667 00000001 00000000 01c9c380 0000027c
capture_snapshot GLI1 00010000 30000000 2500000 282 0 30000000 0 0 0 0 0 0 0 6dad0b20 00000029 70f83250 00000029 00464345 00000000 00464345 00000000 0000006a 00000000 00000000 00000000 034b2c3e 00000000 004643af 00000000 00000000 00000000 00000000 00000039 008b3199 00000001 00000000 00000001 00000000 00000000 00000000 00000000 00000000 00000000 00000000 00000000 00000000 00000000 00000000 00000000 00000000 00000000 00000000 00000000 226e3df1 0000008a 70f83263 00000029 00000000 00000000 00000000 00000000 00000100 00000080 00000000 00000000 00000000 00000000 00000000 00000000 00000000 00003333 00004ccd 00002667 00000001 00000000 01c9c380 0000027c
capture_snapshot GLI1 00010000 30000000 2500000 283 0 30000000 0 0 0 0 0 0 0 6dad0b20 00000029 70fb34d8 00000029 0046837b 00000000 0046837a 00000000 0000006a 00000000 00000000 00000000 034e2ec1 00000000 004683e5 00000000 00000000 00000000 00000000 0000003b 008b3199 00000001 00000001 00000001 00000000 00000000 00000000 00000000 00000000 00000000 00000000 00000000 00000000 00000000 00000000 00000000 00000000 00000000 00000000 00000000 2278463c 0000008a 70fb34e6 00000029 00000000 00000000 00000000 00000000 00000101 00000080 00000000 00000000 00000000 00000000 00000000 00000000 00000000 00003333 00004ccd 00002667 00000001 00000000 01c9c380 0000027c
capture_snapshot GLI1 00010000 30000000 2500000 284 0 30000000 0 0 0 0 0 0 0 6dad0b20 00000029 70fe3208 00000029 0046c33f 00000000 0046c33f 00000000 0000006a 00000000 00000000 00000000 03512bf7 00000000 0046c3a9 00000000 00000000 00000000 00000000 00000039 008b3199 00000001 00000000 00000001 00000000 00000000 00000000 00000000 00000000 00000000 00000000 00000000 00000000 00000000 00000000 00000000 00000000 00000000 00000000 00000000 22823cdd 0000008a 70fe321c 00000029 00000000 00000000 00000000 00000000 00000100 00000080 00000000 00000000 00000000 00000000 00000000 00000000 00000000 00003333 00004ccd 00002667 00000001 00000000 01c9c380 0000027c
capture_snapshot GLI1 00010000 30000000 2500000 285 0 30000000 0 0 0 0 0 0 0 6dad0b20 00000029 710135b0 00000029 0047038d 00000000 0047038d 00000000 0000006a 00000000 00000000 00000000 03542fa5 00000000 004703f7 00000000 00000000 00000000 00000000 00000039 008b3199 00000001 00000000 00000001 00000000 00000000 00000000 00000000 00000000 00000000 00000000 00000000 00000000 00000000 00000000 00000000 00000000 00000000 00000000 00000000 228c490c 0000008a 710135ca 00000029 00000000 00000000 00000000 00000000 00000101 00000081 00000000 00000000 00000000 00000000 00000000 00000000 00000000 00003333 00004ccd 00002667 00000001 00000000 01c9c380 0000027c
capture_snapshot GLI1 00010000 30000000 2500000 286 0 30000000 0 0 0 0 0 0 0 6dad0b20 00000029 710431b4 00000029 00474338 00000000 00474338 00000000 0000006a 00000000 00000000 00000000 03572ba0 00000000 004743a2 00000000 00000000 00000000 00000000 00000039 008b3199 00000001 00000000 00000001 00000000 00000000 00000000 00000000 00000000 00000000 00000000 00000000 00000000 00000000 00000000 00000000 00000000 00000000 00000000 00000000 22963b93 0000008a 710431c5 00000029 00000000 00000000 00000000 00000000 00000101 00000081 00000000 00000000 00000000 00000000 00000000 00000000 00000000 00003333 00004ccd 00002667 00000001 00000000 01c9c380 0000027c
capture_snapshot GLI1 00010000 30000000 2500000 287 0 30000000 0 0 0 0 0 0 0 6dad0b20 00000029 71073004 00000029 00478314 00000000 00478313 00000000 0000006a 00000000 00000000 00000000 035a29ed 00000000 0047837e 00000000 00000000 00000000 00000000 0000003b 008b3199 00000001 00000001 00000001 00000000 00000000 00000000 00000000 00000000 00000000 00000000 00000000 00000000 00000000 00000000 00000000 00000000 00000000 00000000 00000000 22a035d6 0000008a 71073012 00000029 00000000 00000000 00000000 00000000 00000101 00000081 00000000 00000000 00000000 00000000 00000000 00000000 00000000 00003333 00004ccd 00002667 00000001 00000000 01c9c380 0000027c
capture_snapshot GLI1 00010000 30000000 2500000 288 0 30000000 0 0 0 0 0 0 0 6dad0b20 00000029 710a3514 00000029 0047c380 00000000 0047c380 00000000 0000006a 00000000 00000000 00000000 035d2f07 00000000 0047c3ea 00000000 00000000 00000000 00000000 00000039 008b3199 00000001 00000000 00000001 00000000 00000000 00000000 00000000 00000000 00000000 00000000 00000000 00000000 00000000 00000000 00000000 00000000 00000000 00000000 00000000 22aa46c5 0000008a 710a352c 00000029 00000000 00000000 00000000 00000000 00000100 00000080 00000000 00000000 00000000 00000000 00000000 00000000 00000000 00003333 00004ccd 00002667 00000001 00000000 01c9c380 0000027c
capture_snapshot GLI1 00010000 30000000 2500000 289 0 30000000 0 0 0 0 0 0 0 6dad0b20 00000029 710d32ec 00000029 00480352 00000000 00480352 00000000 0000006a 00000000 00000000 00000000 03602cd7 00000000 004803bc 00000000 00000000 00000000 00000000 00000039 008b3199 00000001 00000000 00000001 00000000 00000000 00000000 00000000 00000000 00000000 00000000 00000000 00000000 00000000 00000000 00000000 00000000 00000000 00000000 00000000 22b43f65 0000008a 710d32fc 00000029 00000000 00000000 00000000 00000000 00000101 00000081 00000000 00000000 00000000 00000000 00000000 00000000 00000000 00003333 00004ccd 00002667 00000001 00000000 01c9c380 0000027c
capture_snapshot GLI1 00010000 30000000 2500000 290 0 30000000 0 0 0 0 0 0 0 6dad0b20 00000029 71103394 00000029 00484360 00000000 00484360 00000000 0000006a 00000000 00000000 00000000 03632d86 00000000 004843ca 00000000 00000000 00000000 00000000 00000039 008b3199 00000001 00000000 00000001 00000000 00000000 00000000 00000000 00000000 00000000 00000000 00000000 00000000 00000000 00000000 00000000 00000000 00000000 00000000 00000000 22be4198 0000008a 711033ab 00000029 00000000 00000000 00000000 00000000 00000101 00000080 00000000 00000000 00000000 00000000 00000000 00000000 00000000 00003333 00004ccd 00002667 00000001 00000000 01c9c380 0000027c
capture_snapshot GLI1 00010000 30000000 2500000 291 0 30000000 0 0 0 0 0 0 0 6dad0b20 00000029 711331a8 00000029 00488337 00000000 00488337 00000000 0000006a 00000000 00000000 00000000 03662b92 00000000 004883a1 00000000 00000000 00000000 00000000 00000039 008b3199 00000001 00000000 00000001 00000000 00000000 00000000 00000000 00000000 00000000 00000000 00000000 00000000 00000000 00000000 00000000 00000000 00000000 00000000 00000000 22c83b05 0000008a 711331b7 00000029 00000000 00000000 00000000 00000000 00000100 00000080 00000000 00000000 00000000 00000000 00000000 00000000 00000000 00003333 00004ccd 00002667 00000001 00000000 01c9c380 0000027c
capture_snapshot GLI1 00010000 30000000 2500000 292 0 30000000 0 0 0 0 0 0 0 6dad0b20 00000029 7116310c 00000029 0048c32a 00000000 0048c32a 00000000 0000006a 00000000 00000000 00000000 03692afa 00000000 0048c394 00000000 00000000 00000000 00000000 00000039 008b3199 00000001 00000000 00000001 00000000 00000000 00000000 00000000 00000000 00000000 00000000 00000000 00000000 00000000 00000000 00000000 00000000 00000000 00000000 00000000 22d238f5 0000008a 7116311f 00000029 00000000 00000000 00000000 00000000 00000101 00000081 00000000 00000000 00000000 00000000 00000000 00000000 00000000 00003333 00004ccd 00002667 00000001 00000000 01c9c380 0000027c
capture_snapshot GLI1 00010000 30000000 2500000 293 0 30000000 0 0 0 0 0 0 0 6dad0b20 00000029 711932b0 00000029 0049034d 00000000 0049034d 00000000 0000006a 00000000 00000000 00000000 036c2c9a 00000000 004903b7 00000000 00000000 00000000 00000000 00000039 008b3199 00000001 00000000 00000001 00000000 00000000 00000000 00000000 00000000 00000000 00000000 00000000 00000000 00000000 00000000 00000000 00000000 00000000 00000000 00000000 22dc3e4c 0000008a 711932bf 00000029 00000000 00000000 00000000 00000000 00000101 00000081 00000000 00000000 00000000 00000000 00000000 00000000 00000000 00003333 00004ccd 00002667 00000001 00000000 01c9c380 0000027c
capture_snapshot GLI1 00010000 30000000 2500000 294 0 30000000 0 0 0 0 0 0 0 6dad0b20 00000029 711c3244 00000029 00494344 00000000 00494344 00000000 0000006a 00000000 00000000 00000000 036f2c34 00000000 004943ae 00000000 00000000 00000000 00000000 00000039 008b3199 00000001 00000000 00000001 00000000 00000000 00000000 00000000 00000000 00000000 00000000 00000000 00000000 00000000 00000000 00000000 00000000 00000000 00000000 00000000 22e63ce6 0000008a 711c3259 00000029 00000000 00000000 00000000 00000000 00000100 00000080 00000000 00000000 00000000 00000000 00000000 00000000 00000000 00003333 00004ccd 00002667 00000001 00000000 01c9c380 0000027c
capture_snapshot GLI1 00010000 30000000 2500000 295 0 30000000 0 0 0 0 0 0 0 6dad0b20 00000029 711f32ec 00000029 00498352 00000000 00498352 00000000 0000006a 00000000 00000000 00000000 03722cde 00000000 004983bc 00000000 00000000 00000000 00000000 00000039 008b3199 00000001 00000000 00000001 00000000 00000000 00000000 00000000 00000000 00000000 00000000 00000000 00000000 00000000 00000000 00000000 00000000 00000000 00000000 00000000 22f03f06 0000008a 711f3303 00000029 00000000 00000000 00000000 00000000 00000100 00000080 00000000 00000000 00000000 00000000 00000000 00000000 00000000 00003333 00004ccd 00002667 00000001 00000000 01c9c380 0000027c
capture_snapshot GLI1 00010000 30000000 2500000 296 0 30000000 0 0 0 0 0 0 0 6dad0b20 00000029 71223070 00000029 0049c31d 00000000 0049c31d 00000000 0000006a 00000000 00000000 00000000 03752a5e 00000000 0049c387 00000000 00000000 00000000 00000000 00000039 008b3199 00000001 00000000 00000001 00000000 00000000 00000000 00000000 00000000 00000000 00000000 00000000 00000000 00000000 00000000 00000000 00000000 00000000 00000000 00000000 22fa36a1 0000008a 71223083 00000029 00000000 00000000 00000000 00000000 00000100 00000080 00000000 00000000 00000000 00000000 00000000 00000000 00000000 00003333 00004ccd 00002667 00000001 00000000 01c9c380 0000027c
capture_snapshot GLI1 00010000 30000000 2500000 297 0 30000000 0 0 0 0 0 0 0 6dad0b20 00000029 71253154 00000029 004a0330 00000000 004a0330 00000000 0000006a 00000000 00000000 00000000 03782b3f 00000000 004a039a 00000000 00000000 00000000 00000000 00000039 008b3199 00000001 00000000 00000001 00000000 00000000 00000000 00000000 00000000 00000000 00000000 00000000 00000000 00000000 00000000 00000000 00000000 00000000 00000000 00000000 2304397b 0000008a 71253164 00000029 00000000 00000000 00000000 00000000 00000100 00000080 00000000 00000000 00000000 00000000 00000000 00000000 00000000 00003333 00004ccd 00002667 00000001 00000000 01c9c380 0000027c
capture_snapshot GLI1 00010000 30000000 2500000 298 0 30000000 0 0 0 0 0 0 0 6dad0b20 00000029 71283610 00000029 004a4395 00000000 004a4395 00000000 0000006a 00000000 00000000 00000000 037b2ffa 00000000 004a43ff 00000000 00000000 00000000 00000000 00000039 008b3199 00000001 00000000 00000001 00000000 00000000 00000000 00000000 00000000 00000000 00000000 00000000 00000000 00000000 00000000 00000000 00000000 00000000 00000000 00000000 230e4929 0000008a 7128361f 00000029 00000000 00000000 00000000 00000000 00000100 00000080 00000000 00000000 00000000 00000000 00000000 00000000 00000000 00003333 00004ccd 00002667 00000001 00000000 01c9c380 0000027c
capture_snapshot GLI1 00010000 30000000 2500000 299 0 30000000 0 0 0 0 0 0 0 6dad0b20 00000029 712b30b8 00000029 004a8323 00000000 004a8323 00000000 0000006a 00000000 00000000 00000000 037e2aa5 00000000 004a838d 00000000 00000000 00000000 00000000 00000039 008b3199 00000001 00000000 00000001 00000000 00000000 00000000 00000000 00000000 00000000 00000000 00000000 00000000 00000000 00000000 00000000 00000000 00000000 00000000 00000000 23183752 0000008a 712b30ca 00000029 00000000 00000000 00000000 00000000 00000101 00000080 00000000 00000000 00000000 00000000 00000000 00000000 00000000 00003333 00004ccd 00002667 00000001 00000000 01c9c380 0000027c
capture_snapshot GLI1 00010000 30000000 2500000 300 0 30000000 0 0 0 0 0 0 0 6dad0b20 00000029 712e32ec 00000029 004ac352 00000000 004ac352 00000000 0000006a 00000000 00000000 00000000 03812cdd 00000000 004ac3bc 00000000 00000000 00000000 00000000 00000039 008b3199 00000001 00000000 00000001 00000000 00000000 00000000 00000000 00000000 00000000 00000000 00000000 00000000 00000000 00000000 00000000 00000000 00000000 00000000 00000000 23223ea2 0000008a 712e3302 00000029 00000000 00000000 00000000 00000000 00000100 00000080 00000000 00000000 00000000 00000000 00000000 00000000 00000000 00003333 00004ccd 00002667 00000001 00000000 01c9c380 0000027c
capture_snapshot GLI1 00010000 30000000 2500000 301 0 30000000 0 0 0 0 0 0 0 6dad0b20 00000029 71312ff8 00000029 004b0313 00000000 004b0313 00000000 0000006a 00000000 00000000 00000000 038429e5 00000000 004b037d 00000000 00000000 00000000 00000000 00000039 008b3199 00000001 00000000 00000001 00000000 00000000 00000000 00000000 00000000 00000000 00000000 00000000 00000000 00000000 00000000 00000000 00000000 00000000 00000000 00000000 232c34aa 0000008a 7131300a 00000029 00000000 00000000 00000000 00000000 00000101 00000081 00000000 00000000 00000000 00000000 00000000 00000000 00000000 00003333 00004ccd 00002667 00000001 00000000 01c9c380 0000027c
capture_snapshot GLI1 00010000 30000000 2500000 302 0 30000000 0 0 0 0 0 0 0 6dad0b20 00000029 71342f5c 00000029 004b4306 00000000 004b4306 00000000 0000006a 00000000 00000000 00000000 0387294c 00000000 004b4370 00000000 00000000 00000000 00000000 00000039 008b3199 00000001 00000000 00000001 00000000 00000000 00000000 00000000 00000000 00000000 00000000 00000000 00000000 00000000 00000000 00000000 00000000 00000000 00000000 00000000 23363298 0000008a 71342f71 00000029 00000000 00000000 00000000 00000000 00000101 00000080 00000000 00000000 00000000 00000000 00000000 00000000 00000000 00003333 00004ccd 00002667 00000001 00000000 01c9c380 0000027c
capture_snapshot GLI1 00010000 30000000 2500000 303 0 30000000 0 0 0 0 0 0 0 6dad0b20 00000029 713734a8 00000029 004b8377 00000000 004b8377 00000000 0000006a 00000000 00000000 00000000 038a2e9a 00000000 004b83e1 00000000 00000000 00000000 00000000 00000039 008b3199 00000001 00000000 00000001 00000000 00000000 00000000 00000000 00000000 00000000 00000000 00000000 00000000 00000000 00000000 00000000 00000000 00000000 00000000 00000000 23404435 0000008a 713734bf 00000029 00000000 00000000 00000000 00000000 00000100 00000081 00000000 00000000 00000000 00000000 00000000 00000000 00000000 00003333 00004ccd 00002667 00000001 00000000 01c9c380 0000027c
capture_snapshot GLI1 00010000 30000000 2500000 304 0 30000000 0 0 0 0 0 0 0 6dad0b20 00000029 713a3274 00000029 004bc348 00000000 004bc348 00000000 0000006a 00000000 00000000 00000000 038d2c5e 00000000 004bc3b2 00000000 00000000 00000000 00000000 00000039 008b3199 00000001 00000000 00000001 00000000 00000000 00000000 00000000 00000000 00000000 00000000 00000000 00000000 00000000 00000000 00000000 00000000 00000000 00000000 00000000 234a3cad 0000008a 713a3283 00000029 00000000 00000000 00000000 00000000 00000101 00000080 00000000 00000000 00000000 00000000 00000000 00000000 00000000 00003333 00004ccd 00002667 00000001 00000000 01c9c380 0000027c
capture_snapshot GLI1 00010000 30000000 2500000 305 0 30000000 0 0 0 0 0 0 0 6dad0b20 00000029 713d2ff8 00000029 004c0313 00000000 004c0313 00000000 0000006a 00000000 00000000 00000000 039029e3 00000000 004c037d 00000000 00000000 00000000 00000000 00000039 008b3199 00000001 00000000 00000001 00000000 00000000 00000000 00000000 00000000 00000000 00000000 00000000 00000000 00000000 00000000 00000000 00000000 00000000 00000000 00000000 23543455 0000008a 713d3008 00000029 00000000 00000000 00000000 00000000 00000101 00000080 00000000 00000000 00000000 00000000 00000000 00000000 00000000 00003333 00004ccd 00002667 00000001 00000000 01c9c380 0000027c
capture_snapshot GLI1 00010000 30000000 2500000 306 0 30000000 0 0 0 0 0 0 0 6dad0b20 00000029 714031f0 00000029 004c433d 00000000 004c433d 00000000 0000006a 00000000 00000000 00000000 03932be2 00000000 004c43a7 00000000 00000000 00000000 00000000 00000039 008b3199 00000001 00000000 00000001 00000000 00000000 00000000 00000000 00000000 00000000 00000000 00000000 00000000 00000000 00000000 00000000 00000000 00000000 00000000 00000000 235e3ae8 0000008a 71403207 00000029 00000000 00000000 00000000 00000000 00000100 00000080 00000000 00000000 00000000 00000000 00000000 00000000 00000000 00003333 00004ccd 00002667 00000001 00000000 01c9c380 0000027c
capture_snapshot GLI1 00010000 30000000 2500000 307 0 30000000 0 0 0 0 0 0 0 6dad0b20 00000029 714330a0 00000029 004c8321 00000000 004c8321 00000000 0000006a 00000000 00000000 00000000 03962a93 00000000 004c838b 00000000 00000000 00000000 00000000 00000039 008b3199 00000001 00000000 00000001 00000000 00000000 00000000 00000000 00000000 00000000 00000000 00000000 00000000 00000000 00000000 00000000 00000000 00000000 00000000 00000000 2368367a 0000008a 714330b8 00000029 00000000 00000000 00000000 00000000 00000101 00000081 00000000 00000000 00000000 00000000 00000000 00000000 00000000 00003333 00004ccd 00002667 00000001 00000000 01c9c380 0000027c
capture_snapshot GLI1 00010000 30000000 2500000 308 0 30000000 0 0 0 0 0 0 0 6dad0b20 00000029 71463b20 00000029 004cc401 00000000 004cc401 00000000 0000006a 00000000 00000000 00000000 03993511 00000000 004cc46b 00000000 00000000 00000000 00000000 00000039 008b3199 00000001 00000000 00000001 00000000 00000000 00000000 00000000 00000000 00000000 00000000 00000000 00000000 00000000 00000000 00000000 00000000 00000000 00000000 00000000 2372595e 0000008a 71463b36 00000029 00000000 00000000 00000000 00000000 00000100 00000080 00000000 00000000 00000000 00000000 00000000 00000000 00000000 00003333 00004ccd 00002667 00000001 00000000 01c9c380 0000027c
capture_snapshot GLI1 00010000 30000000 2500000 309 0 30000000 0 0 0 0 0 0 0 6dad0b20 00000029 7149331c 00000029 004d0356 00000000 004d0356 00000000 0000006a 00000000 00000000 00000000 039c2d10 00000000 004d03c0 00000000 00000000 00000000 00000000 00000039 008b3199 00000001 00000000 00000001 00000000 00000000 00000000 00000000 00000000 00000000 00000000 00000000 00000000 00000000 00000000 00000000 00000000 00000000 00000000 00000000 237c3e9e 0000008a 71493335 00000029 00000000 00000000 00000000 00000000 00000101 00000081 00000000 00000000 00000000 00000000 00000000 00000000 00000000 00003333 00004ccd 00002667 00000001 00000000 01c9c380 0000027c
capture_snapshot GLI1 00010000 30000000 2500000 310 0 30000000 0 0 0 0 0 0 0 6dad0b20 00000029 714c3280 00000029 004d4349 00000000 004d4349 00000000 0000006a 00000000 00000000 00000000 039f2c72 00000000 004d43b3 00000000 00000000 00000000 00000000 00000039 008b3199 00000001 00000000 00000001 00000000 00000000 00000000 00000000 00000000 00000000 00000000 00000000 00000000 00000000 00000000 00000000 00000000 00000000 00000000 00000000 23863c7e 0000008a 714c3297 00000029 00000000 00000000 00000000 00000000 00000100 00000080 00000000 00000000 00000000 00000000 00000000 00000000 00000000 00003333 00004ccd 00002667 00000001 00000000 01c9c380 0000027c
capture_snapshot GLI1 00010000 30000000 2500000 311 0 30000000 0 0 0 0 0 0 0 6dad0b20 00000029 714f30d0 00000029 004d8325 00000000 004d8325 00000000 0000006a 00000000 00000000 00000000 03a22abc 00000000 004d838f 00000000 00000000 00000000 00000000 00000039 008b3199 00000001 00000000 00000001 00000000 00000000 00000000 00000000 00000000 00000000 00000000 00000000 00000000 00000000 00000000 00000000 00000000 00000000 00000000 00000000 239036b6 0000008a 714f30e1 00000029 00000000 00000000 00000000 00000000 00000100 00000080 00000000 00000000 00000000 00000000 00000000 00000000 00000000 00003333 00004ccd 00002667 00000001 00000000 01c9c380 0000027c
capture_snapshot GLI1 00010000 30000000 2500000 312 0 30000000 0 0 0 0 0 0 0 6dad0b20 00000029 715230b8 00000029 004dc323 00000000 004dc323 00000000 0000006a 00000000 00000000 00000000 03a52aa2 00000000 004dc38d 00000000 00000000 00000000 00000000 00000039 008b3199 00000001 00000000 00000001 00000000 00000000 00000000 00000000 00000000 00000000 00000000 00000000 00000000 00000000 00000000 00000000 00000000 00000000 00000000 00000000 239a364c 0000008a 715230c7 00000029 00000000 00000000 00000000 00000000 00000100 00000080 00000000 00000000 00000000 00000000 00000000 00000000 00000000 00003333 00004ccd 00002667 00000001 00000000 01c9c380 0000027c
capture_snapshot GLI1 00010000 30000000 2500000 313 0 30000000 0 0 0 0 0 0 0 6dad0b20 00000029 71553028 00000029 004e0317 00000000 004e0317 00000000 0000006a 00000000 00000000 00000000 03a82a18 00000000 004e0381 00000000 00000000 00000000 00000000 00000039 008b3199 00000001 00000000 00000001 00000000 00000000 00000000 00000000 00000000 00000000 00000000 00000000 00000000 00000000 00000000 00000000 00000000 00000000 00000000 00000000 23a4346c 0000008a 7155303d 00000029 00000000 00000000 00000000 00000000 00000100 00000080 00000000 00000000 00000000 00000000 00000000 00000000 00000000 00003333 00004ccd 00002667 00000001 00000000 01c9c380 0000027c
capture_snapshot GLI1 00010000 30000000 2500000 314 0 30000000 0 0 0 0 0 0 0 6dad0b20 00000029 715832f8 00000029 004e4353 00000000 004e4353 00000000 0000006a 00000000 00000000 00000000 03ab2ce6 00000000 004e43bd 00000000 00000000 00000000 00000000 00000039 008b3199 00000001 00000000 00000001 00000000 00000000 00000000 00000000 00000000 00000000 00000000 00000000 00000000 00000000 00000000 00000000 00000000 00000000 00000000 00000000 23ae3db1 0000008a 7158330b 00000029 00000000 00000000 00000000 00000000 00000101 00000081 00000000 00000000 00000000 00000000 00000000 00000000 00000000 00003333 00004ccd 00002667 00000001 00000000 01c9c380 0000027c
capture_snapshot GLI1 00010000 30000000 2500000 315 0 30000000 0 0 0 0 0 0 0 6dad0b20 00000029 715b3280 00000029 004e8349 00000000 004e8349 00000000 0000006a 00000000 00000000 00000000 03ae2c71 00000000 004e83b3 00000000 00000000 00000000 00000000 00000039 008b3199 00000001 00000000 00000001 00000000 00000000 00000000 00000000 00000000 00000000 00000000 00000000 00000000 00000000 00000000 00000000 00000000 00000000 00000000 00000000 23b83c17 0000008a 715b3296 00000029 00000000 00000000 00000000 00000000 00000101 00000081 00000000 00000000 00000000 00000000 00000000 00000000 00000000 00003333 00004ccd 00002667 00000001 00000000 01c9c380 0000027c
capture_snapshot GLI1 00010000 30000000 2500000 316 0 30000000 0 0 0 0 0 0 0 6dad0b20 00000029 715e2f38 00000029 004ec303 00000000 004ec303 00000000 0000006a 00000000 00000000 00000000 03b12927 00000000 004ec36d 00000000 00000000 00000000 00000000 00000039 008b3199 00000001 00000000 00000001 00000000 00000000 00000000 00000000 00000000 00000000 00000000 00000000 00000000 00000000 00000000 00000000 00000000 00000000 00000000 00000000 23c2310e 0000008a 715e2f4c 00000029 00000000 00000000 00000000 00000000 00000101 00000081 00000000 00000000 00000000 00000000 00000000 00000000 00000000 00003333 00004ccd 00002667 00000001 00000000 01c9c380 0000027c
capture_snapshot GLI1 00010000 30000000 2500000 317 0 30000000 0 0 0 0 0 0 0 6dad0b20 00000029 716130e8 00000029 004f0327 00000000 004f0327 00000000 0000006a 00000000 00000000 00000000 03b42ad5 00000000 004f0391 00000000 00000000 00000000 00000000 00000039 008b3199 00000001 00000000 00000001 00000000 00000000 00000000 00000000 00000000 00000000 00000000 00000000 00000000 00000000 00000000 00000000 00000000 00000000 00000000 00000000 23cc3692 0000008a 716130fa 00000029 00000000 00000000 00000000 00000000 00000101 00000080 00000000 00000000 00000000 00000000 00000000 00000000 00000000 00003333 00004ccd 00002667 00000001 00000000 01c9c380 0000027c
capture_snapshot GLI1 00010000 30000000 2500000 318 0 30000000 0 0 0 0 0 0 0 6dad0b20 00000029 7164310c 00000029 004f432a 00000000 004f432a 00000000 0000006a 00000000 00000000 00000000 03b72af6 00000000 004f4394 00000000 00000000 00000000 00000000 00000039 008b3199 00000001 00000000 00000001 00000000 00000000 00000000 00000000 00000000 00000000 00000000 00000000 00000000 00000000 00000000 00000000 00000000 00000000 00000000 00000000 23d636ef 0000008a 7164311b 00000029 00000000 00000000 00000000 00000000 00000100 00000080 00000000 00000000 00000000 00000000 00000000 00000000 00000000 00003333 00004ccd 00002667 00000001 00000000 01c9c380 0000027c
capture_snapshot GLI1 00010000 30000000 2500000 319 0 30000000 0 0 0 0 0 0 0 6dad0b20 00000029 716730e8 00000029 004f8327 00000000 004f8327 00000000 0000006a 00000000 00000000 00000000 03ba2adc 00000000 004f8391 00000000 00000000 00000000 00000000 00000039 008b3199 00000001 00000000 00000001 00000000 00000000 00000000 00000000 00000000 00000000 00000000 00000000 00000000 00000000 00000000 00000000 00000000 00000000 00000000 00000000 23e03684 0000008a 71673101 00000029 00000000 00000000 00000000 00000000 00000101 00000080 00000000 00000000 00000000 00000000 00000000 00000000 00000000 00003333 00004ccd 00002667 00000001 00000000 01c9c380 0000027c
capture_snapshot GLI1 00010000 30000000 2500000 320 0 30000000 0 0 0 0 0 0 0 6dad0b20 00000029 716a31fc 00000029 004fc33e 00000000 004fc33e 00000000 0000006a 00000000 00000000 00000000 03bd2be8 00000000 004fc3a8 00000000 00000000 00000000 00000000 00000039 008b3199 00000001 00000000 00000001 00000000 00000000 00000000 00000000 00000000 00000000 00000000 00000000 00000000 00000000 00000000 00000000 00000000 00000000 00000000 00000000 23ea39ec 0000008a 716a320d 00000029 00000000 00000000 00000000 00000000 00000100 00000080 00000000 00000000 00000000 00000000 00000000 00000000 00000000 00003333 00004ccd 00002667 00000001 00000000 01c9c380 0000027c
capture_snapshot GLI1 00010000 30000000 2500000 321 0 30000000 0 0 0 0 0 0 0 6dad0b20 00000029 716d310c 00000029 0050032a 00000000 0050032a 00000000 0000006a 00000000 00000000 00000000 03c02aff 00000000 00500394 00000000 00000000 00000000 00000000 00000039 008b3199 00000001 00000000 00000001 00000000 00000000 00000000 00000000 00000000 00000000 00000000 00000000 00000000 00000000 00000000 00000000 00000000 00000000 00000000 00000000 23f436d2 0000008a 716d3124 00000029 00000000 00000000 00000000 00000000 00000101 00000081 00000000 00000000 00000000 00000000 00000000 00000000 00000000 00003333 00004ccd 00002667 00000001 00000000 01c9c380 0000027c
capture_snapshot GLI1 00010000 30000000 2500000 322 0 30000000 0 0 0 0 0 0 0 6dad0b20 00000029 71702da0 00000029 005042e1 00000000 005042e1 00000000 0000006a 00000000 00000000 00000000 03c32794 00000000 0050434b 00000000 00000000 00000000 00000000 00000039 008b3199 00000001 00000000 00000001 00000000 00000000 00000000 00000000 00000000 00000000 00000000 00000000 00000000 00000000 00000000 00000000 00000000 00000000 00000000 00000000 23fe2b59 0000008a 71702db9 00000029 00000000 00000000 00000000 00000000 00000101 00000081 00000000 00000000 00000000 00000000 00000000 00000000 00000000 00003333 00004ccd 00002667 00000001 00000000 01c9c380 0000027c
capture_snapshot GLI1 00010000 30000000 2500000 323 0 30000000 0 0 0 0 0 0 0 6dad0b20 00000029 71733118 00000029 0050832b 00000000 0050832b 00000000 0000006a 00000000 00000000 00000000 03c62b02 00000000 00508395 00000000 00000000 00000000 00000000 00000039 008b3199 00000001 00000000 00000001 00000000 00000000 00000000 00000000 00000000 00000000 00000000 00000000 00000000 00000000 00000000 00000000 00000000 00000000 00000000 00000000 240836b5 0000008a 71733127 00000029 00000000 00000000 00000000 00000000 00000101 00000081 00000000 00000000 00000000 00000000 00000000 00000000 00000000 00003333 00004ccd 00002667 00000001 00000000 01c9c380 0000027c
capture_snapshot GLI1 00010000 30000000 2500000 324 0 30000000 0 0 0 0 0 0 0 6dad0b20 00000029 717632bc 00000029 0050c34e 00000000 0050c34e 00000000 0000006a 00000000 00000000 00000000 03c92cae 00000000 0050c3b8 00000000 00000000 00000000 00000000 00000039 008b3199 00000001 00000000 00000001 00000000 00000000 00000000 00000000 00000000 00000000 00000000 00000000 00000000 00000000 00000000 00000000 00000000 00000000 00000000 00000000 24123c33 0000008a 717632d3 00000029 00000000 00000000 00000000 00000000 00000101 00000081 00000000 00000000 00000000 00000000 00000000 00000000 00000000 00003333 00004ccd 00002667 00000001 00000000 01c9c380 0000027c
capture_snapshot GLI1 00010000 30000000 2500000 325 0 30000000 0 0 0 0 0 0 0 6dad0b20 00000029 71792ff8 00000029 00510313 00000000 00510313 00000000 0000006a 00000000 00000000 00000000 03cc29e6 00000000 0051037d 00000000 00000000 00000000 00000000 00000039 008b3199 00000001 00000000 00000001 00000000 00000000 00000000 00000000 00000000 00000000 00000000 00000000 00000000 00000000 00000000 00000000 00000000 00000000 00000000 00000000 241c32d9 0000008a 7179300b 00000029 00000000 00000000 00000000 00000000 00000100 00000080 00000000 00000000 00000000 00000000 00000000 00000000 00000000 00003333 00004ccd 00002667 00000001 00000000 01c9c380 0000027c
capture_snapshot GLI1 00010000 30000000 2500000 326 0 30000000 0 0 0 0 0 0 0 6dad0b20 00000029 717c32bc 00000029 0051434e 00000000 0051434e 00000000 0000006a 00000000 00000000 00000000 03cf2cb1 00000000 005143b8 00000000 00000000 00000000 00000000 00000039 008b3199 00000001 00000000 00000001 00000000 00000000 00000000 00000000 00000000 00000000 00000000 00000000 00000000 00000000 00000000 00000000 00000000 00000000 00000000 00000000 24263c15 0000008a 717c32d6 00000029 00000000 00000000 00000000 00000000 00000100 00000080 00000000 00000000 00000000 00000000 00000000 00000000 00000000 00003333 00004ccd 00002667 00000001 00000000 01c9c380 0000027c
capture_snapshot GLI1 00010000 30000000 2500000 327 0 30000000 0 0 0 0 0 0 0 6dad0b20 00000029 717f2fbc 00000029 0051830e 00000000 0051830e 00000000 0000006a 00000000 00000000 00000000 03d229b0 00000000 00518378 00000000 00000000 00000000 00000000 00000039 008b3199 00000001 00000000 00000001 00000000 00000000 00000000 00000000 00000000 00000000 00000000 00000000 00000000 00000000 00000000 00000000 00000000 00000000 00000000 00000000 243031ff 0000008a 717f2fd5 00000029 00000000 00000000 00000000 00000000 00000101 00000080 00000000 00000000 00000000 00000000 00000000 00000000 00000000 00003333 00004ccd 00002667 00000001 00000000 01c9c380 0000027c
capture_snapshot GLI1 00010000 30000000 2500000 328 0 30000000 0 0 0 0 0 0 0 6dad0b20 00000029 71822ddc 00000029 0051c2e6 00000000 0051c2e6 00000000 0000006a 00000000 00000000 00000000 03d527cc 00000000 0051c350 00000000 00000000 00000000 00000000 00000039 008b3199 00000001 00000000 00000001 00000000 00000000 00000000 00000000 00000000 00000000 00000000 00000000 00000000 00000000 00000000 00000000 00000000 00000000 00000000 00000000 243a2b9e 0000008a 71822df1 00000029 00000000 00000000 00000000 00000000 00000101 00000080 00000000 00000000 00000000 00000000 00000000 00000000 00000000 00003333 00004ccd 00002667 00000001 00000000 01c9c380 0000027c
capture_snapshot GLI1 00010000 30000000 2500000 329 0 30000000 0 0 0 0 0 0 0 6dad0b20 00000029 7185316c 00000029 00520332 00000000 00520332 00000000 0000006a 00000000 00000000 00000000 03d82b56 00000000 0052039c 00000000 00000000 00000000 00000000 00000039 008b3199 00000001 00000000 00000001 00000000 00000000 00000000 00000000 00000000 00000000 00000000 00000000 00000000 00000000 00000000 00000000 00000000 00000000 00000000 00000000 24443757 0000008a 7185317b 00000029 00000000 00000000 00000000 00000000 00000101 00000080 00000000 00000000 00000000 00000000 00000000 00000000 00000000 00003333 00004ccd 00002667 00000001 00000000 01c9c380 0000027c
capture_snapshot GLI1 00010000 30000000 2500000 330 0 30000000 0 0 0 0 0 0 0 6dad0b20 00000029 71883238 00000029 00524343 00000000 00524343 00000000 0000006a 00000000 00000000 00000000 03db2c26 00000000 005243ad 00000000 00000000 00000000 00000000 00000039 008b3199 00000001 00000000 00000001 00000000 00000000 00000000 00000000 00000000 00000000 00000000 00000000 00000000 00000000 00000000 00000000 00000000 00000000 00000000 00000000 244e39f9 0000008a 7188324b 00000029 00000000 00000000 00000000 00000000 00000101 00000081 00000000 00000000 00000000 00000000 00000000 00000000 00000000 00003333 00004ccd 00002667 00000001 00000000 01c9c380 0000027c
capture_snapshot GLI1 00010000 30000000 2500000 331 0 30000000 0 0 0 0 0 0 0 6dad0b20 00000029 718b3190 00000029 00528335 00000000 00528335 00000000 0000006a 00000000 00000000 00000000 03de2b7f 00000000 0052839f 00000000 00000000 00000000 00000000 00000039 008b3199 00000001 00000000 00000001 00000000 00000000 00000000 00000000 00000000 00000000 00000000 00000000 00000000 00000000 00000000 00000000 00000000 00000000 00000000 00000000 245837b9 0000008a 718b31a4 00000029 00000000 00000000 00000000 00000000 00000101 00000081 00000000 00000000 00000000 00000000 00000000 00000000 00000000 00003333 00004ccd 00002667 00000001 00000000 01c9c380 0000027c
capture_snapshot GLI1 00010000 30000000 2500000 332 0 30000000 0 0 0 0 0 0 0 6dad0b20 00000029 718e30d0 00000029 0052c325 00000000 0052c325 00000000 0000006a 00000000 00000000 00000000 03e12abe 00000000 0052c38f 00000000 00000000 00000000 00000000 00000039 008b3199 00000001 00000000 00000001 00000000 00000000 00000000 00000000 00000000 00000000 00000000 00000000 00000000 00000000 00000000 00000000 00000000 00000000 00000000 00000000 24623523 0000008a 718e30e3 00000029 00000000 00000000 00000000 00000000 00000101 00000081 00000000 00000000 00000000 00000000 00000000 00000000 00000000 00003333 00004ccd 00002667 00000001 00000000 01c9c380 0000027c
capture_snapshot GLI1 00010000 30000000 2500000 333 0 30000000 0 0 0 0 0 0 0 6dad0b20 00000029 71912fc8 00000029 0053030f 00000000 0053030f 00000000 0000006a 00000000 00000000 00000000 03e429b5 00000000 00530379 00000000 00000000 00000000 00000000 00000039 008b3199 00000001 00000000 00000001 00000000 00000000 00000000 00000000 00000000 00000000 00000000 00000000 00000000 00000000 00000000 00000000 00000000 00000000 00000000 00000000 246c319a 0000008a 71912fda 00000029 00000000 00000000 00000000 00000000 00000100 00000080 00000000 00000000 00000000 00000000 00000000 00000000 00000000 00003333 00004ccd 00002667 00000001 00000000 01c9c380 0000027c
capture_snapshot GLI1 00010000 30000000 2500000 334 0 30000000 0 0 0 0 0 0 0 6dad0b20 00000029 71942db8 00000029 005342e3 00000000 005342e3 00000000 0000006a 00000000 00000000 00000000 03e727aa 00000000 0053434d 00000000 00000000 00000000 00000000 00000039 008b3199 00000001 00000000 00000001 00000000 00000000 00000000 00000000 00000000 00000000 00000000 00000000 00000000 00000000 00000000 00000000 00000000 00000000 00000000 00000000 24762ab9 0000008a 71942dcf 00000029 00000000 00000000 00000000 00000000 00000101 00000081 00000000 00000000 00000000 00000000 00000000 00000000 00000000 00003333 00004ccd 00002667 00000001 00000000 01c9c380 0000027c
capture_snapshot GLI1 00010000 30000000 2500000 335 0 30000000 0 0 0 0 0 0 0 6dad0b20 00000029 71973280 00000029 00538349 00000000 00538349 00000000 0000006a 00000000 00000000 00000000 03ea2c6a 00000000 005383b3 00000000 00000000 00000000 00000000 00000039 008b3199 00000001 00000000 00000001 00000000 00000000 00000000 00000000 00000000 00000000 00000000 00000000 00000000 00000000 00000000 00000000 00000000 00000000 00000000 00000000 24803a7a 0000008a 7197328f 00000029 00000000 00000000 00000000 00000000 00000101 00000080 00000000 00000000 00000000 00000000 00000000 00000000 00000000 00003333 00004ccd 00002667 00000001 00000000 01c9c380 0000027c
capture_snapshot GLI1 00010000 30000000 2500000 336 0 30000000 0 0 0 0 0 0 0 6dad0b20 00000029 719a349c 00000029 0053c376 00000000 0053c376 00000000 0000006a 00000000 00000000 00000000 03ed2e91 00000000 0053c3e0 00000000 00000000 00000000 00000000 00000039 008b3199 00000001 00000000 00000001 00000000 00000000 00000000 00000000 00000000 00000000 00000000 00000000 00000000 00000000 00000000 00000000 00000000 00000000 00000000 00000000 248a4194 0000008a 719a34b6 00000029 00000000 00000000 00000000 00000000 00000101 00000081 00000000 00000000 00000000 00000000 00000000 00000000 00000000 00003333 00004ccd 00002667 00000001 00000000 01c9c380 0000027c
capture_snapshot GLI1 00010000 30000000 2500000 337 0 30000000 0 0 0 0 0 0 0 6dad0b20 00000029 719d3b98 00000029 0054040b 00000000 0054040b 00000000 0000006a 00000000 00000000 00000000 03f0358c 00000000 00540475 00000000 00000000 00000000 00000000 00000039 008b3199 00000001 00000000 00000001 00000000 00000000 00000000 00000000 00000000 00000000 00000000 00000000 00000000 00000000 00000000 00000000 00000000 00000000 00000000 00000000 249458c5 0000008a 719d3bb1 00000029 00000000 00000000 00000000 00000000 00000101 00000081 00000000 00000000 00000000 00000000 00000000 00000000 00000000 00003333 00004ccd 00002667 00000001 00000000 01c9c380 0000027c
capture_snapshot GLI1 00010000 30000000 2500000 338 0 30000000 0 0 0 0 0 0 0 6dad0b20 00000029 71a03154 00000029 00544330 00000000 00544330 00000000 0000006a 00000000 00000000 00000000 03f32b42 00000000 0054439a 00000000 00000000 00000000 00000000 00000039 008b3199 00000001 00000000 00000001 00000000 00000000 00000000 00000000 00000000 00000000 00000000 00000000 00000000 00000000 00000000 00000000 00000000 00000000 00000000 00000000 249e3667 0000008a 71a03167 00000029 00000000 00000000 00000000 00000000 00000100 00000080 00000000 00000000 00000000 00000000 00000000 00000000 00000000 00003333 00004ccd 00002667 00000001 00000000 01c9c380 0000027c
capture_snapshot GLI1 00010000 30000000 2500000 339 0 30000000 0 0 0 0 0 0 0 6dad0b20 00000029 71a331f0 00000029 0054833d 00000000 0054833d 00000000 0000006a 00000000 00000000 00000000 03f62bda 00000000 005483a7 00000000 00000000 00000000 00000000 00000039 008b3199 00000001 00000000 00000001 00000000 00000000 00000000 00000000 00000000 00000000 00000000 00000000 00000000 00000000 00000000 00000000 00000000 00000000 00000000 00000000 24a8384e 0000008a 71a331ff 00000029 00000000 00000000 00000000 00000000 00000100 00000081 00000000 00000000 00000000 00000000 00000000 00000000 00000000 00003333 00004ccd 00002667 00000001 00000000 01c9c380 0000027c
capture_snapshot GLI1 00010000 30000000 2500000 340 0 30000000 0 0 0 0 0 0 0 6dad0b20 00000029 71a64270 00000029 0054c49d 00000000 0054c49d 00000000 0000006a 00000000 00000000 00000000 03f93c62 00000000 0054c507 00000000 00000000 00000000 00000000 00000039 008b3199 00000001 00000000 00000001 00000000 00000000 00000000 00000000 00000000 00000000 00000000 00000000 00000000 00000000 00000000 00000000 00000000 00000000 00000000 00000000 24b26f53 0000008a 71a64287 00000029 00000000 00000000 00000000 00000000 00000101 00000080 00000000 00000000 00000000 00000000 00000000 00000000 00000000 00003333 00004ccd 00002667 00000001 00000000 01c9c380 0000027c
capture_snapshot GLI1 00010000 30000000 2500000 341 0 30000000 0 0 0 0 0 0 0 6dad0b20 00000029 71a93484 00000029 00550374 00000000 00550374 00000000 0000006a 00000000 00000000 00000000 03fc2e77 00000000 005503de 00000000 00000000 00000000 00000000 00000039 008b3199 00000001 00000000 00000001 00000000 00000000 00000000 00000000 00000000 00000000 00000000 00000000 00000000 00000000 00000000 00000000 00000000 00000000 00000000 00000000 24bc40dc 0000008a 71a9349c 00000029 00000000 00000000 00000000 00000000 00000101 00000081 00000000 00000000 00000000 00000000 00000000 00000000 00000000 00003333 00004ccd 00002667 00000001 00000000 01c9c380 0000027c
capture_snapshot GLI1 00010000 30000000 2500000 342 0 30000000 0 0 0 0 0 0 0 6dad0b20 00000029 71ac2fc8 00000029 0055430f 00000000 0055430f 00000000 0000006a 00000000 00000000 00000000 03ff29b6 00000000 00554379 00000000 00000000 00000000 00000000 00000039 008b3199 00000001 00000000 00000001 00000000 00000000 00000000 00000000 00000000 00000000 00000000 00000000 00000000 00000000 00000000 00000000 00000000 00000000 00000000 00000000 24c630f1 0000008a 71ac2fdb 00000029 00000000 00000000 00000000 00000000 00000100 00000081 00000000 00000000 00000000 00000000 00000000 00000000 00000000 00003333 00004ccd 00002667 00000001 00000000 01c9c380 0000027c
capture_snapshot GLI1 00010000 30000000 2500000 343 0 30000000 0 0 0 0 0 0 0 6dad0b20 00000029 71af3148 00000029 0055832f 00000000 0055832f 00000000 0000006a 00000000 00000000 00000000 04022b36 00000000 00558399 00000000 00000000 00000000 00000000 00000039 008b3199 00000001 00000000 00000001 00000000 00000000 00000000 00000000 00000000 00000000 00000000 00000000 00000000 00000000 00000000 00000000 00000000 00000000 00000000 00000000 24d035de 0000008a 71af315b 00000029 00000000 00000000 00000000 00000000 00000100 00000080 00000000 00000000 00000000 00000000 00000000 00000000 00000000 00003333 00004ccd 00002667 00000001 00000000 01c9c380 0000027c
capture_snapshot GLI1 00010000 30000000 2500000 344 0 30000000 0 0 0 0 0 0 0 6dad0b20 00000029 71b23370 00000029 0055c35d 00000000 0055c35d 00000000 0000006a 00000000 00000000 00000000 04052d5f 00000000 0055c3c7 00000000 00000000 00000000 00000000 00000039 008b3199 00000001 00000000 00000001 00000000 00000000 00000000 00000000 00000000 00000000 00000000 00000000 00000000 00000000 00000000 00000000 00000000 00000000 00000000 00000000 24da3cfd 0000008a 71b23384 00000029 00000000 00000000 00000000 00000000 00000101 00000081 00000000 00000000 00000000 00000000 00000000 00000000 00000000 00003333 00004ccd 00002667 00000001 00000000 01c9c380 0000027c
capture_snapshot GLI1 00010000 30000000 2500000 345 0 30000000 0 0 0 0 0 0 0 6dad0b20 00000029 71b53118 00000029 0056032b 00000000 0056032b 00000000 0000006a 00000000 00000000 00000000 04082b0c 00000000 00560395 00000000 00000000 00000000 00000000 00000039 008b3199 00000001 00000000 00000001 00000000 00000000 00000000 00000000 00000000 00000000 00000000 00000000 00000000 00000000 00000000 00000000 00000000 00000000 00000000 00000000 24e4352a 0000008a 71b53131 00000029 00000000 00000000 00000000 00000000 00000101 00000081 00000000 00000000 00000000 00000000 00000000 00000000 00000000 00003333 00004ccd 00002667 00000001 00000000 01c9c380 0000027c
capture_snapshot GLI1 00010000 30000000 2500000 346 0 30000000 0 0 0 0 0 0 0 6dad0b20 00000029 71b8313c 00000029 0056432e 00000000 0056432e 00000000 0000006a 00000000 00000000 00000000 040b2b29 00000000 00564398 00000000 00000000 00000000 00000000 00000039 008b3199 00000001 00000000 00000001 00000000 00000000 00000000 00000000 00000000 00000000 00000000 00000000 00000000 00000000 00000000 00000000 00000000 00000000 00000000 00000000 24ee3576 0000008a 71b8314e 00000029 00000000 00000000 00000000 00000000 00000101 00000080 00000000 00000000 00000000 00000000 00000000 00000000 00000000 00003333 00004ccd 00002667 00000001 00000000 01c9c380 0000027c
capture_snapshot GLI1 00010000 30000000 2500000 347 0 30000000 0 0 0 0 0 0 0 6dad0b20 00000029 71bb301c 00000029 00568316 00000000 00568316 00000000 0000006a 00000000 00000000 00000000 040e2a06 00000000 00568380 00000000 00000000 00000000 00000000 00000039 008b3199 00000001 00000000 00000001 00000000 00000000 00000000 00000000 00000000 00000000 00000000 00000000 00000000 00000000 00000000 00000000 00000000 00000000 00000000 00000000 24f83198 0000008a 71bb302b 00000029 00000000 00000000 00000000 00000000 00000100 00000080 00000000 00000000 00000000 00000000 00000000 00000000 00000000 00003333 00004ccd 00002667 00000001 00000000 01c9c380 0000027c
capture_snapshot GLI1 00010000 30000000 2500000 348 0 30000000 0 0 0 0 0 0 0 6dad0b20 00000029 71be3430 00000029 0056c36d 00000000 0056c36d 00000000 0000006a 00000000 00000000 00000000 04112e20 00000000 0056c3d7 00000000 00000000 00000000 00000000 00000039 008b3199 00000001 00000000 00000001 00000000 00000000 00000000 00000000 00000000 00000000 00000000 00000000 00000000 00000000 00000000 00000000 00000000 00000000 00000000 00000000 25023f33 0000008a 71be3445 00000029 00000000 00000000 00000000 00000000 00000100 00000080 00000000 00000000 00000000 00000000 00000000 00000000 00000000 00003333 00004ccd 00002667 00000001 00000000 01c9c380 0000027c
capture_snapshot GLI1 00010000 30000000 2500000 349 0 30000000 0 0 0 0 0 0 0 6dad0b20 00000029 71c131fc 00000029 0057033e 00000000 0057033e 00000000 0000006a 00000000 00000000 00000000 04142be7 00000000 005703a8 00000000 00000000 00000000 00000000 00000039 008b3199 00000001 00000000 00000001 00000000 00000000 00000000 00000000 00000000 00000000 00000000 00000000 00000000 00000000 00000000 00000000 00000000 00000000 00000000 00000000 250c37b6 0000008a 71c1320c 00000029 00000000 00000000 00000000 00000000 00000101 00000081 00000000 00000000 00000000 00000000 00000000 00000000 00000000 00003333 00004ccd 00002667 00000001 00000000 01c9c380 0000027c
capture_snapshot GLI1 00010000 30000000 2500000 350 0 30000000 0 0 0 0 0 0 0 6dad0b20 00000029 71c431cc 00000029 0057433a 00000000 0057433a 00000000 0000006a 00000000 00000000 00000000 04172bbd 00000000 005743a4 00000000 00000000 00000000 00000000 00000039 008b3199 00000001 00000000 00000001 00000000 00000000 00000000 00000000 00000000 00000000 00000000 00000000 00000000 00000000 00000000 00000000 00000000 00000000 00000000 00000000 25163715 0000008a 71c431e2 00000029 00000000 00000000 00000000 00000000 00000100 00000080 00000000 00000000 00000000 00000000 00000000 00000000 00000000 00003333 00004ccd 00002667 00000001 00000000 01c9c380 0000027c
capture_snapshot GLI1 00010000 30000000 2500000 351 0 30000000 0 0 0 0 0 0 0 6dad0b20 00000029 71c72ed8 00000029 005782fb 00000000 005782fb 00000000 0000006a 00000000 00000000 00000000 041a28cc 00000000 00578365 00000000 00000000 00000000 00000000 00000039 008b3199 00000001 00000000 00000001 00000000 00000000 00000000 00000000 00000000 00000000 00000000 00000000 00000000 00000000 00000000 00000000 00000000 00000000 00000000 00000000 25202d36 0000008a 71c72ef1 00000029 00000000 00000000 00000000 00000000 00000100 00000080 00000000 00000000 00000000 00000000 00000000 00000000 00000000 00003333 00004ccd 00002667 00000001 00000000 01c9c380 0000027c
capture_snapshot GLI1 00010000 30000000 2500000 352 0 30000000 0 0 0 0 0 0 0 6dad0b20 00000029 71ca30dc 00000029 0057c326 00000000 0057c326 00000000 0000006a 00000000 00000000 00000000 041d2acd 00000000 0057c390 00000000 00000000 00000000 00000000 00000039 008b3199 00000001 00000000 00000001 00000000 00000000 00000000 00000000 00000000 00000000 00000000 00000000 00000000 00000000 00000000 00000000 00000000 00000000 00000000 00000000 252a33cf 0000008a 71ca30f2 00000029 00000000 00000000 00000000 00000000 00000101 00000081 00000000 00000000 00000000 00000000 00000000 00000000 00000000 00003333 00004ccd 00002667 00000001 00000000 01c9c380 0000027c
capture_snapshot GLI1 00010000 30000000 2500000 353 0 30000000 0 0 0 0 0 0 0 6dad0b20 00000029 71cd340c 00000029 0058036a 00000000 0058036a 00000000 0000006a 00000000 00000000 00000000 04202dfe 00000000 005803d4 00000000 00000000 00000000 00000000 00000039 008b3199 00000001 00000000 00000001 00000000 00000000 00000000 00000000 00000000 00000000 00000000 00000000 00000000 00000000 00000000 00000000 00000000 00000000 00000000 00000000 25343e5f 0000008a 71cd3423 00000029 00000000 00000000 00000000 00000000 00000101 00000081 00000000 00000000 00000000 00000000 00000000 00000000 00000000 00003333 00004ccd 00002667 00000001 00000000 01c9c380 0000027c
capture_snapshot GLI1 00010000 30000000 2500000 354 0 30000000 0 0 0 0 0 0 0 6dad0b20 00000029 71d030e8 00000029 00584327 00000000 00584327 00000000 0000006a 00000000 00000000 00000000 04232adb 00000000 00584391 00000000 00000000 00000000 00000000 00000039 008b3199 00000001 00000000 00000001 00000000 00000000 00000000 00000000 00000000 00000000 00000000 00000000 00000000 00000000 00000000 00000000 00000000 00000000 00000000 00000000 253e33d6 0000008a 71d03100 00000029 00000000 00000000 00000000 00000000 00000101 00000080 00000000 00000000 00000000 00000000 00000000 00000000 00000000 00003333 00004ccd 00002667 00000001 00000000 01c9c380 0000027c
capture_snapshot GLI1 00010000 30000000 2500000 355 0 30000000 0 0 0 0 0 0 0 6dad0b20 00000029 71d3322c 00000029 00588342 00000000 00588342 00000000 0000006a 00000000 00000000 00000000 04262c1d 00000000 005883ac 00000000 00000000 00000000 00000000 00000039 008b3199 00000001 00000000 00000001 00000000 00000000 00000000 00000000 00000000 00000000 00000000 00000000 00000000 00000000 00000000 00000000 00000000 00000000 00000000 00000000 254837f4 0000008a 71d33242 00000029 00000000 00000000 00000000 00000000 00000101 00000080 00000000 00000000 00000000 00000000 00000000 00000000 00000000 00003333 00004ccd 00002667 00000001 00000000 01c9c380 0000027c
capture_snapshot GLI1 00010000 30000000 2500000 356 0 30000000 0 0 0 0 0 0 0 6dad0b20 00000029 71d63010 00000029 0058c315 00000000 0058c315 00000000 0000006a 00000000 00000000 00000000 04292a02 00000000 0058c37f 00000000 00000000 00000000 00000000 00000039 008b3199 00000001 00000000 00000001 00000000 00000000 00000000 00000000 00000000 00000000 00000000 00000000 00000000 00000000 00000000 00000000 00000000 00000000 00000000 00000000 255230de 0000008a 71d63027 00000029 00000000 00000000 00000000 00000000 00000100 00000080 00000000 00000000 00000000 00000000 00000000 00000000 00000000 00003333 00004ccd 00002667 00000001 00000000 01c9c380 0000027c
capture_snapshot GLI1 00010000 30000000 2500000 357 0 30000000 0 0 0 0 0 0 0 6dad0b20 00000029 71d92f2c 00000029 00590302 00000000 00590302 00000000 0000006a 00000000 00000000 00000000 042c291c 00000000 0059036c 00000000 00000000 00000000 00000000 00000039 008b3199 00000001 00000000 00000001 00000000 00000000 00000000 00000000 00000000 00000000 00000000 00000000 00000000 00000000 00000000 00000000 00000000 00000000 00000000 00000000 255c2dcb 0000008a 71d92f41 00000029 00000000 00000000 00000000 00000000 00000101 00000081 00000000 00000000 00000000 00000000 00000000 00000000 00000000 00003333 00004ccd 00002667 00000001 00000000 01c9c380 0000027c
capture_snapshot GLI1 00010000 30000000 2500000 358 0 30000000 0 0 0 0 0 0 0 6dad0b20 00000029 71dc30e8 00000029 00594327 00000000 00594327 00000000 0000006a 00000000 00000000 00000000 042f2adc 00000000 00594391 00000000 00000000 00000000 00000000 00000039 008b3199 00000001 00000000 00000001 00000000 00000000 00000000 00000000 00000000 00000000 00000000 00000000 00000000 00000000 00000000 00000000 00000000 00000000 00000000 00000000 2566338d 0000008a 71dc3101 00000029 00000000 00000000 00000000 00000000 00000101 00000081 00000000 00000000 00000000 00000000 00000000 00000000 00000000 00003333 00004ccd 00002667 00000001 00000000 01c9c380 0000027c
capture_snapshot GLI1 00010000 30000000 2500000 359 0 30000000 0 0 0 0 0 0 0 6dad0b20 00000029 71df3190 00000029 00598335 00000000 00598335 00000000 0000006a 00000000 00000000 00000000 04322b7d 00000000 0059839f 00000000 00000000 00000000 00000000 00000039 008b3199 00000001 00000000 00000001 00000000 00000000 00000000 00000000 00000000 00000000 00000000 00000000 00000000 00000000 00000000 00000000 00000000 00000000 00000000 00000000 25703591 0000008a 71df31a2 00000029 00000000 00000000 00000000 00000000 00000101 00000080 00000000 00000000 00000000 00000000 00000000 00000000 00000000 00003333 00004ccd 00002667 00000001 00000000 01c9c380 0000027c
capture_snapshot GLI1 00010000 30000000 2500000 360 0 30000000 0 0 0 0 0 0 0 6dad0b20 00000029 71e2304c 00000029 0059c31a 00000000 0059c31a 00000000 0000006a 00000000 00000000 00000000 04352a3b 00000000 0059c384 00000000 00000000 00000000 00000000 00000039 008b3199 00000001 00000000 00000001 00000000 00000000 00000000 00000000 00000000 00000000 00000000 00000000 00000000 00000000 00000000 00000000 00000000 00000000 00000000 00000000 257a314e 0000008a 71e23060 00000029 00000000 00000000 00000000 00000000 00000100 00000080 00000000 00000000 00000000 00000000 00000000 00000000 00000000 00003333 00004ccd 00002667 00000001 00000000 01c9c380 0000027c
capture_snapshot GLI1 00010000 30000000 2500000 361 0 30000000 0 0 0 0 0 0 0 6dad0b20 00000029 71e530c4 00000029 005a0324 00000000 005a0324 00000000 0000006a 00000000 00000000 00000000 04382ab9 00000000 005a038e 00000000 00000000 00000000 00000000 00000039 008b3199 00000001 00000000 00000001 00000000 00000000 00000000 00000000 00000000 00000000 00000000 00000000 00000000 00000000 00000000 00000000 00000000 00000000 00000000 00000000 258432dd 0000008a 71e530de 00000029 00000000 00000000 00000000 00000000 00000101 00000081 00000000 00000000 00000000 00000000 00000000 00000000 00000000 00003333 00004ccd 00002667 00000001 00000000 01c9c380 0000027c
capture_snapshot GLI1 00010000 30000000 2500000 362 0 30000000 0 0 0 0 0 0 0 6dad0b20 00000029 71e82f98 00000029 005a430b 00000000 005a430b 00000000 0000006a 00000000 00000000 00000000 043b2987 00000000 005a4375 00000000 00000000 00000000 00000000 00000039 008b3199 00000001 00000000 00000001 00000000 00000000 00000000 00000000 00000000 00000000 00000000 00000000 00000000 00000000 00000000 00000000 00000000 00000000 00000000 00000000 258e2ece 0000008a 71e82fac 00000029 00000000 00000000 00000000 00000000 00000101 00000081 00000000 00000000 00000000 00000000 00000000 00000000 00000000 00003333 00004ccd 00002667 00000001 00000000 01c9c380 0000027c
capture_snapshot GLI1 00010000 30000000 2500000 363 0 30000000 0 0 0 0 0 0 0 6dad0b20 00000029 71eb2ee4 00000029 005a82fc 00000000 005a82fc 00000000 0000006a 00000000 00000000 00000000 043e28d8 00000000 005a8366 00000000 00000000 00000000 00000000 00000039 008b3199 00000001 00000000 00000001 00000000 00000000 00000000 00000000 00000000 00000000 00000000 00000000 00000000 00000000 00000000 00000000 00000000 00000000 00000000 00000000 25982c74 0000008a 71eb2efd 00000029 00000000 00000000 00000000 00000000 00000101 00000080 00000000 00000000 00000000 00000000 00000000 00000000 00000000 00003333 00004ccd 00002667 00000001 00000000 01c9c380 0000027c
capture_snapshot GLI1 00010000 30000000 2500000 364 0 30000000 0 0 0 0 0 0 0 6dad0b20 00000029 71ee274c 00000029 005ac25a 00000000 005ac25a 00000000 0000006a 00000000 00000000 00000000 04412138 00000000 005ac2c4 00000000 00000000 00000000 00000000 00000039 008b3199 00000001 00000000 00000001 00000000 00000000 00000000 00000000 00000000 00000000 00000000 00000000 00000000 00000000 00000000 00000000 00000000 00000000 00000000 00000000 25a212f4 0000008a 71ee275d 00000029 00000000 00000000 00000000 00000000 00000100 00000080 00000000 00000000 00000000 00000000 00000000 00000000 00000000 00003333 00004ccd 00002667 00000001 00000000 01c9c380 0000027c
capture_snapshot GLI1 00010000 30000000 2500000 365 0 30000000 0 0 0 0 0 0 0 6dad0b20 00000029 71f12080 00000029 005b01c9 00000000 005b01c9 00000000 0000006a 00000000 00000000 00000000 04441a71 00000000 005b0233 00000000 00000000 00000000 00000000 00000039 008b3199 00000001 00000000 00000001 00000000 00000000 00000000 00000000 00000000 00000000 00000000 00000000 00000000 00000000 00000000 00000000 00000000 00000000 00000000 00000000 25abfc4c 0000008a 71f12096 00000029 00000000 00000000 00000000 00000000 00000100 00000080 00000000 00000000 00000000 00000000 00000000 00000000 00000000 00003333 00004ccd 00002667 00000001 00000000 01c9c380 0000027c
capture_snapshot GLI1 00010000 30000000 2500000 366 0 30000000 0 0 0 0 0 0 0 6dad0b20 00000029 71f4205c 00000029 005b41c6 00000000 005b41c6 00000000 0000006a 00000000 00000000 00000000 04471a46 00000000 005b4230 00000000 00000000 00000000 00000000 00000039 008b3199 00000001 00000000 00000001 00000000 00000000 00000000 00000000 00000000 00000000 00000000 00000000 00000000 00000000 00000000 00000000 00000000 00000000 00000000 00000000 25b5fbaa 0000008a 71f4206b 00000029 00000000 00000000 00000000 00000000 00000100 00000080 00000000 00000000 00000000 00000000 00000000 00000000 00000000 00003333 00004ccd 00002667 00000001 00000000 01c9c380 0000027c
capture_snapshot GLI1 00010000 30000000 2500000 367 0 30000000 0 0 0 0 0 0 0 6dad0b20 00000029 71f72500 00000029 005b8229 00000000 005b8229 00000000 0000006a 00000000 00000000 00000000 044a1ef4 00000000 005b8293 00000000 00000000 00000000 00000000 00000039 008b3199 00000001 00000000 00000001 00000000 00000000 00000000 00000000 00000000 00000000 00000000 00000000 00000000 00000000 00000000 00000000 00000000 00000000 00000000 00000000 25c00b2d 0000008a 71f72519 00000029 00000000 00000000 00000000 00000000 00000101 00000080 00000000 00000000 00000000 00000000 00000000 00000000 00000000 00003333 00004ccd 00002667 00000001 00000000 01c9c380 0000027c
capture_snapshot GLI1 00010000 30000000 2500000 368 0 30000000 0 0 0 0 0 0 0 6dad0b20 00000029 71fa1f6c 00000029 005bc1b2 00000000 005bc1b2 00000000 0000006a 00000000 00000000 00000000 044d195b 00000000 005bc21c 00000000 00000000 00000000 00000000 00000039 008b3199 00000001 00000000 00000001 00000000 00000000 00000000 00000000 00000000 00000000 00000000 00000000 00000000 00000000 00000000 00000000 00000000 00000000 00000000 00000000 25c9f872 0000008a 71fa1f80 00000029 00000000 00000000 00000000 00000000 00000101 00000081 00000000 00000000 00000000 00000000 00000000 00000000 00000000 00003333 00004ccd 00002667 00000001 00000000 01c9c380 0000027c
capture_snapshot GLI1 00010000 30000000 2500000 369 0 30000000 0 0 0 0 0 0 0 6dad0b20 00000029 71fd1d50 00000029 005c0185 00000000 005c0185 00000000 0000006a 00000000 00000000 00000000 04501740 00000000 005c01ef 00000000 00000000 00000000 00000000 00000039 008b3199 00000001 00000000 00000001 00000000 00000000 00000000 00000000 00000000 00000000 00000000 00000000 00000000 00000000 00000000 00000000 00000000 00000000 00000000 00000000 25d3f15b 0000008a 71fd1d65 00000029 00000000 00000000 00000000 00000000 00000100 00000080 00000000 00000000 00000000 00000000 00000000 00000000 00000000 00003333 00004ccd 00002667 00000001 00000000 01c9c380 0000027c
capture_snapshot GLI1 00010000 30000000 2500000 370 0 30000000 0 0 0 0 0 0 0 6dad0b20 00000029 72001dd4 00000029 005c4190 00000000 005c4190 00000000 0000006a 00000000 00000000 00000000 045317c0 00000000 005c41fa 00000000 00000000 00000000 00000000 00000039 008b3199 00000001 00000000 00000001 00000000 00000000 00000000 00000000 00000000 00000000 00000000 00000000 00000000 00000000 00000000 00000000 00000000 00000000 00000000 00000000 25ddf2f1 0000008a 72001de5 00000029 00000000 00000000 00000000 00000000 00000101 00000081 00000000 00000000 00000000 00000000 00000000 00000000 00000000 00003333 00004ccd 00002667 00000001 00000000 01c9c380 0000027c
capture_snapshot GLI1 00010000 30000000 2500000 371 0 30000000 0 0 0 0 0 0 0 6dad0b20 00000029 72031e58 00000029 005c819b 00000000 005c819b 00000000 0000006a 00000000 00000000 00000000 04561845 00000000 005c8205 00000000 00000000 00000000 00000000 00000039 008b3199 00000001 00000000 00000001 00000000 00000000 00000000 00000000 00000000 00000000 00000000 00000000 00000000 00000000 00000000 00000000 00000000 00000000 00000000 00000000 25e7f497 0000008a 72031e6a 00000029 00000000 00000000 00000000 00000000 00000100 00000080 00000000 00000000 00000000 00000000 00000000 00000000 00000000 00003333 00004ccd 00002667 00000001 00000000 01c9c380 0000027c
capture_snapshot GLI1 00010000 30000000 2500000 372 0 30000000 0 0 0 0 0 0 0 6dad0b20 00000029 72061d68 00000029 005cc187 00000000 005cc187 00000000 0000006a 00000000 00000000 00000000 04591754 00000000 005cc1f1 00000000 00000000 00000000 00000000 00000039 008b3199 00000001 00000000 00000001 00000000 00000000 00000000 00000000 00000000 00000000 00000000 00000000 00000000 00000000 00000000 00000000 00000000 00000000 00000000 00000000 25f1f162 0000008a 72061d79 00000029 00000000 00000000 00000000 00000000 00000101 00000081 00000000 00000000 00000000 00000000 00000000 00000000 00000000 00003333 00004ccd 00002667 00000001 00000000 01c9c380 0000027c
capture_snapshot GLI1 00010000 30000000 2500000 373 0 30000000 0 0 0 0 0 0 0 6dad0b20 00000029 72091da4 00000029 005d018c 00000000 005d018c 00000000 0000006a 00000000 00000000 00000000 045c1792 00000000 005d01f6 00000000 00000000 00000000 00000000 00000039 008b3199 00000001 00000000 00000001 00000000 00000000 00000000 00000000 00000000 00000000 00000000 00000000 00000000 00000000 00000000 00000000 00000000 00000000 00000000 00000000 25fbf21c 0000008a 72091db7 00000029 00000000 00000000 00000000 00000000 00000101 00000080 00000000 00000000 00000000 00000000 00000000 00000000 00000000 00003333 00004ccd 00002667 00000001 00000000 01c9c380 0000027c
capture_snapshot GLI1 00010000 30000000 2500000 374 0 30000000 0 0 0 0 0 0 0 6dad0b20 00000029 720c1e88 00000029 005d419f 00000000 005d419f 00000000 0000006a 00000000 00000000 00000000 045f1872 00000000 005d4209 00000000 00000000 00000000 00000000 00000039 008b3199 00000001 00000000 00000001 00000000 00000000 00000000 00000000 00000000 00000000 00000000 00000000 00000000 00000000 00000000 00000000 00000000 00000000 00000000 00000000 2605f4f5 0000008a 720c1e97 00000029 00000000 00000000 00000000 00000000 00000101 00000081 00000000 00000000 00000000 00000000 00000000 00000000 00000000 00003333 00004ccd 00002667 00000001 00000000 01c9c380 0000027c
capture_snapshot GLI1 00010000 30000000 2500000 375 0 30000000 0 0 0 0 0 0 0 6dad0b20 00000029 720f1fc0 00000029 005d81b9 00000000 005d81b9 00000000 0000006a 00000000 00000000 00000000 046219aa 00000000 005d8223 00000000 00000000 00000000 00000000 00000039 008b3199 00000001 00000000 00000001 00000000 00000000 00000000 00000000 00000000 00000000 00000000 00000000 00000000 00000000 00000000 00000000 00000000 00000000 00000000 00000000 260ff8f2 0000008a 720f1fcf 00000029 00000000 00000000 00000000 00000000 00000100 00000080 00000000 00000000 00000000 00000000 00000000 00000000 00000000 00003333 00004ccd 00002667 00000001 00000000 01c9c380 0000027c
capture_snapshot GLI1 00010000 30000000 2500000 376 0 30000000 0 0 0 0 0 0 0 6dad0b20 00000029 72121da4 00000029 005dc18c 00000000 005dc18c 00000000 0000006a 00000000 00000000 00000000 04651793 00000000 005dc1f6 00000000 00000000 00000000 00000000 00000039 008b3199 00000001 00000000 00000001 00000000 00000000 00000000 00000000 00000000 00000000 00000000 00000000 00000000 00000000 00000000 00000000 00000000 00000000 00000000 00000000 2619f1e5 0000008a 72121db8 00000029 00000000 00000000 00000000 00000000 00000101 00000080 00000000 00000000 00000000 00000000 00000000 00000000 00000000 00003333 00004ccd 00002667 00000001 00000000 01c9c380 0000027c
capture_snapshot GLI1 00010000 30000000 2500000 377 0 30000000 0 0 0 0 0 0 0 6dad0b20 00000029 72151d08 00000029 005e017f 00000000 005e017f 00000000 0000006a 00000000 00000000 00000000 046816fc 00000000 005e01e9 00000000 00000000 00000000 00000000 00000039 008b3199 00000001 00000000 00000001 00000000 00000000 00000000 00000000 00000000 00000000 00000000 00000000 00000000 00000000 00000000 00000000 00000000 00000000 00000000 00000000 2623efdb 0000008a 72151d21 00000029 00000000 00000000 00000000 00000000 00000101 00000081 00000000 00000000 00000000 00000000 00000000 00000000 00000000 00003333 00004ccd 00002667 00000001 00000000 01c9c380 0000027c
capture_snapshot GLI1 00010000 30000000 2500000 378 0 30000000 0 0 0 0 0 0 0 6dad0b20 00000029 72181d74 00000029 005e4188 00000000 005e4188 00000000 0000006a 00000000 00000000 00000000 046b1762 00000000 005e41f2 00000000 00000000 00000000 00000000 00000039 008b3199 00000001 00000000 00000001 00000000 00000000 00000000 00000000 00000000 00000000 00000000 00000000 00000000 00000000 00000000 00000000 00000000 00000000 00000000 00000000 262df11a 0000008a 72181d87 00000029 00000000 00000000 00000000 00000000 00000100 00000080 00000000 00000000 00000000 00000000 00000000 00000000 00000000 00003333 00004ccd 00002667 00000001 00000000 01c9c380 0000027c
capture_snapshot GLI1 00010000 30000000 2500000 379 0 30000000 0 0 0 0 0 0 0 6dad0b20 00000029 721b1dd4 00000029 005e8190 00000000 005e8190 00000000 0000006a 00000000 00000000 00000000 046e17c0 00000000 005e81fa 00000000 00000000 00000000 00000000 00000039 008b3199 00000001 00000000 00000001 00000000 00000000 00000000 00000000 00000000 00000000 00000000 00000000 00000000 00000000 00000000 00000000 00000000 00000000 00000000 00000000 2637f241 0000008a 721b1de5 00000029 00000000 00000000 00000000 00000000 00000101 00000080 00000000 00000000 00000000 00000000 00000000 00000000 00000000 00003333 00004ccd 00002667 00000001 00000000 01c9c380 0000027c
capture_snapshot GLI1 00010000 30000000 2500000 380 0 30000000 0 0 0 0 0 0 0 6dad0b20 00000029 721e1d68 00000029 005ec187 00000000 005ec187 00000000 0000006a 00000000 00000000 00000000 0471175a 00000000 005ec1f1 00000000 00000000 00000000 00000000 00000039 008b3199 00000001 00000000 00000001 00000000 00000000 00000000 00000000 00000000 00000000 00000000 00000000 00000000 00000000 00000000 00000000 00000000 00000000 00000000 00000000 2641f0db 0000008a 721e1d7f 00000029 00000000 00000000 00000000 00000000 00000101 00000081 00000000 00000000 00000000 00000000 00000000 00000000 00000000 00003333 00004ccd 00002667 00000001 00000000 01c9c380 0000027c
capture_snapshot GLI1 00010000 30000000 2500000 381 0 30000000 0 0 0 0 0 0 0 6dad0b20 00000029 72211d74 00000029 005f0188 00000000 005f0187 00000000 0000006a 00000000 00000000 00000000 0474175d 00000000 005f01f2 00000000 00000000 00000000 00000000 0000003b 008b3199 00000001 00000001 00000001 00000000 00000000 00000000 00000000 00000000 00000000 00000000 00000000 00000000 00000000 00000000 00000000 00000000 00000000 00000000 00000000 264bf0d1 0000008a 72211d82 00000029 00000000 00000000 00000000 00000000 00000101 00000081 00000000 00000000 00000000 00000000 00000000 00000000 00000000 00003333 00004ccd 00002667 00000001 00000000 01c9c380 0000027c
capture_snapshot GLI1 00010000 30000000 2500000 382 0 30000000 0 0 0 0 0 0 0 6dad0b20 00000029 72241e04 00000029 005f4194 00000000 005f4194 00000000 0000006a 00000000 00000000 00000000 047717f3 00000000 005f41fe 00000000 00000000 00000000 00000000 00000039 008b3199 00000001 00000000 00000001 00000000 00000000 00000000 00000000 00000000 00000000 00000000 00000000 00000000 00000000 00000000 00000000 00000000 00000000 00000000 00000000 2655f2b2 0000008a 72241e18 00000029 00000000 00000000 00000000 00000000 00000101 00000081 00000000 00000000 00000000 00000000 00000000 00000000 00000000 00003333 00004ccd 00002667 00000001 00000000 01c9c380 0000027c
capture_snapshot GLI1 00010000 30000000 2500000 383 0 30000000 0 0 0 0 0 0 0 6dad0b20 00000029 72271d5c 00000029 005f8186 00000000 005f8186 00000000 0000006a 00000000 00000000 00000000 047a174d 00000000 005f81f0 00000000 00000000 00000000 00000000 00000039 008b3199 00000001 00000000 00000001 00000000 00000000 00000000 00000000 00000000 00000000 00000000 00000000 00000000 00000000 00000000 00000000 00000000 00000000 00000000 00000000 265ff073 0000008a 72271d72 00000029 00000000 00000000 00000000 00000000 00000100 00000080 00000000 00000000 00000000 00000000 00000000 00000000 00000000 00003333 00004ccd 00002667 00000001 00000000 01c9c380 0000027c
capture_snapshot GLI1 00010000 30000000 2500000 384 0 30000000 0 0 0 0 0 0 0 6dad0b20 00000029 722a1cd8 00000029 005fc17b 00000000 005fc17b 00000000 0000006a 00000000 00000000 00000000 047d16cc 00000000 005fc1e5 00000000 00000000 00000000 00000000 00000039 008b3199 00000001 00000000 00000001 00000000 00000000 00000000 00000000 00000000 00000000 00000000 00000000 00000000 00000000 00000000 00000000 00000000 00000000 00000000 00000000 2669eeb4 0000008a 722a1cf1 00000029 00000000 00000000 00000000 00000000 00000100 00000080 00000000 00000000 00000000 00000000 00000000 00000000 00000000 00003333 00004ccd 00002667 00000001 00000000 01c9c380 0000027c
capture_snapshot GLI1 00010000 30000000 2500000 385 0 30000000 0 0 0 0 0 0 0 6dad0b20 00000029 722d1d80 00000029 00600189 00000000 00600189 00000000 0000006a 00000000 00000000 00000000 04801772 00000000 006001f3 00000000 00000000 00000000 00000000 00000039 008b3199 00000001 00000000 00000001 00000000 00000000 00000000 00000000 00000000 00000000 00000000 00000000 00000000 00000000 00000000 00000000 00000000 00000000 00000000 00000000 2673f0cb 0000008a 722d1d97 00000029 00000000 00000000 00000000 00000000 00000100 00000080 00000000 00000000 00000000 00000000 00000000 00000000 00000000 00003333 00004ccd 00002667 00000001 00000000 01c9c380 0000027c
capture_snapshot GLI1 00010000 30000000 2500000 386 0 30000000 0 0 0 0 0 0 0 6dad0b20 00000029 72301d5c 00000029 00604186 00000000 00604186 00000000 0000006a 00000000 00000000 00000000 0483174a 00000000 006041f0 00000000 00000000 00000000 00000000 00000039 008b3199 00000001 00000000 00000001 00000000 00000000 00000000 00000000 00000000 00000000 00000000 00000000 00000000 00000000 00000000 00000000 00000000 00000000 00000000 00000000 267df030 0000008a 72301d6f 00000029 00000000 00000000 00000000 00000000 00000101 00000081 00000000 00000000 00000000 00000000 00000000 00000000 00000000 00003333 00004ccd 00002667 00000001 00000000 01c9c380 0000027c
capture_snapshot GLI1 00010000 30000000 2500000 387 0 30000000 0 0 0 0 0 0 0 6dad0b20 00000029 72331ce4 00000029 0060817c 00000000 0060817c 00000000 0000006a 00000000 00000000 00000000 048616ce 00000000 006081e6 00000000 00000000 00000000 00000000 00000039 008b3199 00000001 00000000 00000001 00000000 00000000 00000000 00000000 00000000 00000000 00000000 00000000 00000000 00000000 00000000 00000000 00000000 00000000 00000000 00000000 2687ee81 0000008a 72331cf3 00000029 00000000 00000000 00000000 00000000 00000100 00000080 00000000 00000000 00000000 00000000 00000000 00000000 00000000 00003333 00004ccd 00002667 00000001 00000000 01c9c380 0000027c
capture_snapshot GLI1 00010000 30000000 2500000 388 0 30000000 0 0 0 0 0 0 0 6dad0b20 00000029 72361dc8 00000029 0060c18f 00000000 0060c18f 00000000 0000006a 00000000 00000000 00000000 048917b5 00000000 0060c1f9 00000000 00000000 00000000 00000000 00000039 008b3199 00000001 00000000 00000001 00000000 00000000 00000000 00000000 00000000 00000000 00000000 00000000 00000000 00000000 00000000 00000000 00000000 00000000 00000000 00000000 2691f16d 0000008a 72361dda 00000029 00000000 00000000 00000000 00000000 00000101 00000080 00000000 00000000 00000000 00000000 00000000 00000000 00000000 00003333 00004ccd 00002667 00000001 00000000 01c9c380 0000027c
capture_snapshot GLI1 00010000 30000000 2500000 389 0 30000000 0 0 0 0 0 0 0 6dad0b20 00000029 72392008 00000029 006101bf 00000000 006101bf 00000000 0000006a 00000000 00000000 00000000 048c19f7 00000000 00610229 00000000 00000000 00000000 00000000 00000039 008b3199 00000001 00000000 00000001 00000000 00000000 00000000 00000000 00000000 00000000 00000000 00000000 00000000 00000000 00000000 00000000 00000000 00000000 00000000 00000000 269bf8e0 0000008a 7239201c 00000029 00000000 00000000 00000000 00000000 00000101 00000080 00000000 00000000 00000000 00000000 00000000 00000000 00000000 00003333 00004ccd 00002667 00000001 00000000 01c9c380 0000027c
capture_snapshot GLI1 00010000 30000000 2500000 390 0 30000000 0 0 0 0 0 0 0 6dad0b20 00000029 723c1d44 00000029 00614184 00000000 00614184 00000000 0000006a 00000000 00000000 00000000 048f172e 00000000 006141ee 00000000 00000000 00000000 00000000 00000039 008b3199 00000001 00000000 00000001 00000000 00000000 00000000 00000000 00000000 00000000 00000000 00000000 00000000 00000000 00000000 00000000 00000000 00000000 00000000 00000000 26a5ef84 0000008a 723c1d53 00000029 00000000 00000000 00000000 00000000 00000101 00000080 00000000 00000000 00000000 00000000 00000000 00000000 00000000 00003333 00004ccd 00002667 00000001 00000000 01c9c380 0000027c
capture_snapshot GLI1 00010000 30000000 2500000 391 0 30000000 0 0 0 0 0 0 0 6dad0b20 00000029 723f1e64 00000029 0061819c 00000000 0061819c 00000000 0000006a 00000000 00000000 00000000 0492184e 00000000 00618206 00000000 00000000 00000000 00000000 00000039 008b3199 00000001 00000000 00000001 00000000 00000000 00000000 00000000 00000000 00000000 00000000 00000000 00000000 00000000 00000000 00000000 00000000 00000000 00000000 00000000 26aff331 0000008a 723f1e73 00000029 00000000 00000000 00000000 00000000 00000101 00000081 00000000 00000000 00000000 00000000 00000000 00000000 00000000 00003333 00004ccd 00002667 00000001 00000000 01c9c380 0000027c
capture_snapshot GLI1 00010000 30000000 2500000 392 0 30000000 0 0 0 0 0 0 0 6dad0b20 00000029 72421d38 00000029 0061c183 00000000 0061c183 00000000 0000006a 00000000 00000000 00000000 0495172d 00000000 0061c1ed 00000000 00000000 00000000 00000000 00000039 008b3199 00000001 00000000 00000001 00000000 00000000 00000000 00000000 00000000 00000000 00000000 00000000 00000000 00000000 00000000 00000000 00000000 00000000 00000000 00000000 26b9ef59 0000008a 72421d52 00000029 00000000 00000000 00000000 00000000 00000100 00000080 00000000 00000000 00000000 00000000 00000000 00000000 00000000 00003333 00004ccd 00002667 00000001 00000000 01c9c380 0000027c
capture_snapshot GLI1 00010000 30000000 2500000 393 0 30000000 0 0 0 0 0 0 0 6dad0b20 00000029 72451e04 00000029 00620194 00000000 00620194 00000000 0000006a 00000000 00000000 00000000 049817f5 00000000 006201fe 00000000 00000000 00000000 00000000 00000039 008b3199 00000001 00000000 00000001 00000000 00000000 00000000 00000000 00000000 00000000 00000000 00000000 00000000 00000000 00000000 00000000 00000000 00000000 00000000 00000000 26c3f1e3 0000008a 72451e1a 00000029 00000000 00000000 00000000 00000000 00000100 00000080 00000000 00000000 00000000 00000000 00000000 00000000 00000000 00003333 00004ccd 00002667 00000001 00000000 01c9c380 0000027c
capture_snapshot GLI1 00010000 30000000 2500000 394 0 30000000 0 0 0 0 0 0 0 6dad0b20 00000029 72481d8c 00000029 0062418a 00000000 0062418a 00000000 0000006a 00000000 00000000 00000000 049b177a 00000000 006241f4 00000000 00000000 00000000 00000000 00000039 008b3199 00000001 00000000 00000001 00000000 00000000 00000000 00000000 00000000 00000000 00000000 00000000 00000000 00000000 00000000 00000000 00000000 00000000 00000000 00000000 26cdf033 0000008a 72481d9f 00000029 00000000 00000000 00000000 00000000 00000100 00000080 00000000 00000000 00000000 00000000 00000000 00000000 00000000 00003333 00004ccd 00002667 00000001 00000000 01c9c380 0000027c
capture_snapshot GLI1 00010000 30000000 2500000 395 0 30000000 0 0 0 0 0 0 0 6dad0b20 00000029 724b1d5c 00000029 00628186 00000000 00628186 00000000 0000006a 00000000 00000000 00000000 049e1749 00000000 006281f0 00000000 00000000 00000000 00000000 00000039 008b3199 00000001 00000000 00000001 00000000 00000000 00000000 00000000 00000000 00000000 00000000 00000000 00000000 00000000 00000000 00000000 00000000 00000000 00000000 00000000 26d7ef7d 0000008a 724b1d6e 00000029 00000000 00000000 00000000 00000000 00000101 00000080 00000000 00000000 00000000 00000000 00000000 00000000 00000000 00003333 00004ccd 00002667 00000001 00000000 01c9c380 0000027c
capture_snapshot GLI1 00010000 30000000 2500000 396 0 30000000 0 0 0 0 0 0 0 6dad0b20 00000029 724e1d8c 00000029 0062c18a 00000000 0062c18a 00000000 0000006a 00000000 00000000 00000000 04a11780 00000000 0062c1f4 00000000 00000000 00000000 00000000 00000039 008b3199 00000001 00000000 00000001 00000000 00000000 00000000 00000000 00000000 00000000 00000000 00000000 00000000 00000000 00000000 00000000 00000000 00000000 00000000 00000000 26e1f023 0000008a 724e1da5 00000029 00000000 00000000 00000000 00000000 00000100 00000080 00000000 00000000 00000000 00000000 00000000 00000000 00000000 00003333 00004ccd 00002667 00000001 00000000 01c9c380 0000027c
capture_snapshot GLI1 00010000 30000000 2500000 397 0 30000000 0 0 0 0 0 0 0 6dad0b20 00000029 72511db0 00000029 0063018d 00000000 0063018d 00000000 0000006a 00000000 00000000 00000000 04a4179f 00000000 006301f7 00000000 00000000 00000000 00000000 00000039 008b3199 00000001 00000000 00000001 00000000 00000000 00000000 00000000 00000000 00000000 00000000 00000000 00000000 00000000 00000000 00000000 00000000 00000000 00000000 00000000 26ebf077 0000008a 72511dc4 00000029 00000000 00000000 00000000 00000000 00000100 00000080 00000000 00000000 00000000 00000000 00000000 00000000 00000000 00003333 00004ccd 00002667 00000001 00000000 01c9c380 0000027c
capture_snapshot GLI1 00010000 30000000 2500000 398 0 30000000 0 0 0 0 0 0 0 6dad0b20 00000029 72541dbc 00000029 0063418e 00000000 0063418e 00000000 0000006a 00000000 00000000 00000000 04a717a6 00000000 006341f8 00000000 00000000 00000000 00000000 00000039 008b3199 00000001 00000000 00000001 00000000 00000000 00000000 00000000 00000000 00000000 00000000 00000000 00000000 00000000 00000000 00000000 00000000 00000000 00000000 00000000 26f5f07b 0000008a 72541dcb 00000029 00000000 00000000 00000000 00000000 00000100 00000080 00000000 00000000 00000000 00000000 00000000 00000000 00000000 00003333 00004ccd 00002667 00000001 00000000 01c9c380 0000027c
capture_snapshot GLI1 00010000 30000000 2500000 399 0 30000000 0 0 0 0 0 0 0 6dad0b20 00000029 72571d68 00000029 00638187 00000000 00638187 00000000 0000006a 00000000 00000000 00000000 04aa1754 00000000 006381f1 00000000 00000000 00000000 00000000 00000039 008b3199 00000001 00000000 00000001 00000000 00000000 00000000 00000000 00000000 00000000 00000000 00000000 00000000 00000000 00000000 00000000 00000000 00000000 00000000 00000000 26ffef53 0000008a 72571d79 00000029 00000000 00000000 00000000 00000000 00000100 00000080 00000000 00000000 00000000 00000000 00000000 00000000 00000000 00003333 00004ccd 00002667 00000001 00000000 01c9c380 0000027c
capture_snapshot GLI1 00010000 30000000 2500000 400 0 30000000 0 0 0 0 0 0 0 6dad0b20 00000029 725a1d80 00000029 0063c189 00000000 0063c189 00000000 0000006a 00000000 00000000 00000000 04ad176c 00000000 0063c1f3 00000000 00000000 00000000 00000000 00000039 008b3199 00000001 00000000 00000001 00000000 00000000 00000000 00000000 00000000 00000000 00000000 00000000 00000000 00000000 00000000 00000000 00000000 00000000 00000000 00000000 2709ef90 0000008a 725a1d91 00000029 00000000 00000000 00000000 00000000 00000101 00000080 00000000 00000000 00000000 00000000 00000000 00000000 00000000 00003333 00004ccd 00002667 00000001 00000000 01c9c380 0000027c
capture_snapshot GLI1 00010000 30000000 2500000 401 0 30000000 0 0 0 0 0 0 0 6dad0b20 00000029 725d1ce4 00000029 0064017c 00000000 0064017c 00000000 0000006a 00000000 00000000 00000000 04b016d4 00000000 006401e6 00000000 00000000 00000000 00000000 00000039 008b3199 00000001 00000000 00000001 00000000 00000000 00000000 00000000 00000000 00000000 00000000 00000000 00000000 00000000 00000000 00000000 00000000 00000000 00000000 00000000 2713ed84 0000008a 725d1cf9 00000029 00000000 00000000 00000000 00000000 00000100 00000080 00000000 00000000 00000000 00000000 00000000 00000000 00000000 00003333 00004ccd 00002667 00000001 00000000 01c9c380 0000027c
capture_snapshot GLI1 00010000 30000000 2500000 402 0 30000000 0 0 0 0 0 0 0 6dad0b20 00000029 72601dd4 00000029 00644190 00000000 00644190 00000000 0000006a 00000000 00000000 00000000 04b317c8 00000000 006441fa 00000000 00000000 00000000 00000000 00000039 008b3199 00000001 00000000 00000001 00000000 00000000 00000000 00000000 00000000 00000000 00000000 00000000 00000000 00000000 00000000 00000000 00000000 00000000 00000000 00000000 271df09c 0000008a 72601ded 00000029 00000000 00000000 00000000 00000000 00000101 00000080 00000000 00000000 00000000 00000000 00000000 00000000 00000000 00003333 00004ccd 00002667 00000001 00000000 01c9c380 0000027c
capture_snapshot GLI1 00010000 30000000 2500000 403 0 30000000 0 0 0 0 0 0 0 6dad0b20 00000029 72631d50 00000029 00648185 00000000 00648185 00000000 0000006a 00000000 00000000 00000000 04b61742 00000000 006481ef 00000000 00000000 00000000 00000000 00000039 008b3199 00000001 00000000 00000001 00000000 00000000 00000000 00000000 00000000 00000000 00000000 00000000 00000000 00000000 00000000 00000000 00000000 00000000 00000000 00000000 2727eecb 0000008a 72631d67 00000029 00000000 00000000 00000000 00000000 00000101 00000081 00000000 00000000 00000000 00000000 00000000 00000000 00000000 00003333 00004ccd 00002667 00000001 00000000 01c9c380 0000027c
capture_snapshot GLI1 00010000 30000000 2500000 404 0 30000000 0 0 0 0 0 0 0 6dad0b20 00000029 72661d2c 00000029 0064c182 00000000 0064c182 00000000 0000006a 00000000 00000000 00000000 04b9171d 00000000 0064c1ec 00000000 00000000 00000000 00000000 00000039 008b3199 00000001 00000000 00000001 00000000 00000000 00000000 00000000 00000000 00000000 00000000 00000000 00000000 00000000 00000000 00000000 00000000 00000000 00000000 00000000 2731ee3a 0000008a 72661d42 00000029 00000000 00000000 00000000 00000000 00000100 00000080 00000000 00000000 00000000 00000000 00000000 00000000 00000000 00003333 00004ccd 00002667 00000001 00000000 01c9c380 0000027c
capture_snapshot GLI1 00010000 30000000 2500000 405 0 30000000 0 0 0 0 0 0 0 6dad0b20 00000029 72691d68 00000029 00650187 00000000 00650187 00000000 0000006a 00000000 00000000 00000000 04bc1755 00000000 006501f1 00000000 00000000 00000000 00000000 00000039 008b3199 00000001 00000000 00000001 00000000 00000000 00000000 00000000 00000000 00000000 00000000 00000000 00000000 00000000 00000000 00000000 00000000 00000000 00000000 00000000 273beee3 0000008a 72691d7a 00000029 00000000 00000000 00000000 00000000 00000101 00000081 00000000 00000000 00000000 00000000 00000000 00000000 00000000 00003333 00004ccd 00002667 00000001 00000000 01c9c380 0000027c
capture_snapshot GLI1 00010000 30000000 2500000 406 0 30000000 0 0 0 0 0 0 0 6dad0b20 00000029 726c1d50 00000029 00654185 00000000 00654185 00000000 0000006a 00000000 00000000 00000000 04bf173c 00000000 006541ef 00000000 00000000 00000000 00000000 00000039 008b3199 00000001 00000000 00000001 00000000 00000000 00000000 00000000 00000000 00000000 00000000 00000000 00000000 00000000 00000000 00000000 00000000 00000000 00000000 00000000 2745ee7b 0000008a 726c1d61 00000029 00000000 00000000 00000000 00000000 00000100 00000080 00000000 00000000 00000000 00000000 00000000 00000000 00000000 00003333 00004ccd 00002667 00000001 00000000 01c9c380 0000027c
capture_snapshot GLI1 00010000 30000000 2500000 407 0 30000000 0 0 0 0 0 0 0 6dad0b20 00000029 726f1cd8 00000029 0065817b 00000000 0065817b 00000000 0000006a 00000000 00000000 00000000 04c216c9 00000000 006581e5 00000000 00000000 00000000 00000000 00000039 008b3199 00000001 00000000 00000001 00000000 00000000 00000000 00000000 00000000 00000000 00000000 00000000 00000000 00000000 00000000 00000000 00000000 00000000 00000000 00000000 274fece9 0000008a 726f1cee 00000029 00000000 00000000 00000000 00000000 00000101 00000081 00000000 00000000 00000000 00000000 00000000 00000000 00000000 00003333 00004ccd 00002667 00000001 00000000 01c9c380 0000027c
capture_snapshot GLI1 00010000 30000000 2500000 408 0 30000000 0 0 0 0 0 0 0 6dad0b20 00000029 72721d44 00000029 0065c184 00000000 0065c184 00000000 0000006a 00000000 00000000 00000000 04c51738 00000000 0065c1ee 00000000 00000000 00000000 00000000 00000039 008b3199 00000001 00000000 00000001 00000000 00000000 00000000 00000000 00000000 00000000 00000000 00000000 00000000 00000000 00000000 00000000 00000000 00000000 00000000 00000000 2759ee48 0000008a 72721d5d 00000029 00000000 00000000 00000000 00000000 00000101 00000081 00000000 00000000 00000000 00000000 00000000 00000000 00000000 00003333 00004ccd 00002667 00000001 00000000 01c9c380 0000027c
capture_snapshot GLI1 00010000 30000000 2500000 409 0 30000000 0 0 0 0 0 0 0 6dad0b20 00000029 72751e04 00000029 00660194 00000000 00660194 00000000 0000006a 00000000 00000000 00000000 04c817ed 00000000 006601fe 00000000 00000000 00000000 00000000 00000039 008b3199 00000001 00000000 00000001 00000000 00000000 00000000 00000000 00000000 00000000 00000000 00000000 00000000 00000000 00000000 00000000 00000000 00000000 00000000 00000000 2763f091 0000008a 72751e12 00000029 00000000 00000000 00000000 00000000 00000100 00000080 00000000 00000000 00000000 00000000 00000000 00000000 00000000 00003333 00004ccd 00002667 00000001 00000000 01c9c380 0000027c
capture_snapshot GLI1 00010000 30000000 2500000 410 0 30000000 0 0 0 0 0 0 0 6dad0b20 00000029 72781ce4 00000029 0066417c 00000000 0066417c 00000000 0000006a 00000000 00000000 00000000 04cb16d9 00000000 006641e6 00000000 00000000 00000000 00000000 00000039 008b3199 00000001 00000000 00000001 00000000 00000000 00000000 00000000 00000000 00000000 00000000 00000000 00000000 00000000 00000000 00000000 00000000 00000000 00000000 00000000 276dece3 0000008a 72781cfe 00000029 00000000 00000000 00000000 00000000 00000100 00000080 00000000 00000000 00000000 00000000 00000000 00000000 00000000 00003333 00004ccd 00002667 00000001 00000000 01c9c380 0000027c
capture_snapshot GLI1 00010000 30000000 2500000 411 0 30000000 0 0 0 0 0 0 0 6dad0b20 00000029 727b1ce4 00000029 0066817c 00000000 0066817c 00000000 0000006a 00000000 00000000 00000000 04ce16d2 00000000 006681e6 00000000 00000000 00000000 00000000 00000039 008b3199 00000001 00000000 00000001 00000000 00000000 00000000 00000000 00000000 00000000 00000000 00000000 00000000 00000000 00000000 00000000 00000000 00000000 00000000 00000000 2777ecba 0000008a 727b1cf7 00000029 00000000 00000000 00000000 00000000 00000101 00000081 00000000 00000000 00000000 00000000 00000000 00000000 00000000 00003333 00004ccd 00002667 00000001 00000000 01c9c380 0000027c
capture_snapshot GLI1 00010000 30000000 2500000 412 0 30000000 0 0 0 0 0 0 0 6dad0b20 00000029 727e1d5c 00000029 0066c186 00000000 0066c186 00000000 0000006a 00000000 00000000 00000000 04d1174d 00000000 0066c1f0 00000000 00000000 00000000 00000000 00000039 008b3199 00000001 00000000 00000001 00000000 00000000 00000000 00000000 00000000 00000000 00000000 00000000 00000000 00000000 00000000 00000000 00000000 00000000 00000000 00000000 2781ee3f 0000008a 727e1d72 00000029 00000000 00000000 00000000 00000000 00000101 00000080 00000000 00000000 00000000 00000000 00000000 00000000 00000000 00003333 00004ccd 00002667 00000001 00000000 01c9c380 0000027c
capture_snapshot GLI1 00010000 30000000 2500000 413 0 30000000 0 0 0 0 0 0 0 6dad0b20 00000029 72811dd4 00000029 00670190 00000000 00670190 00000000 0000006a 00000000 00000000 00000000 04d417be 00000000 006701fa 00000000 00000000 00000000 00000000 00000039 008b3199 00000001 00000000 00000001 00000000 00000000 00000000 00000000 00000000 00000000 00000000 00000000 00000000 00000000 00000000 00000000 00000000 00000000 00000000 00000000 278befa5 0000008a 72811de3 00000029 00000000 00000000 00000000 00000000 00000101 00000081 00000000 00000000 00000000 00000000 00000000 00000000 00000000 00003333 00004ccd 00002667 00000001 00000000 01c9c380 0000027c
capture_snapshot GLI1 00010000 30000000 2500000 414 0 30000000 0 0 0 0 0 0 0 6dad0b20 00000029 72841d50 00000029 00674185 00000000 00674185 00000000 0000006a 00000000 00000000 00000000 04d7173f 00000000 006741ef 00000000 00000000 00000000 00000000 00000039 008b3199 00000001 00000000 00000001 00000000 00000000 00000000 00000000 00000000 00000000 00000000 00000000 00000000 00000000 00000000 00000000 00000000 00000000 00000000 00000000 2795edea 0000008a 72841d64 00000029 00000000 00000000 00000000 00000000 00000101 00000080 00000000 00000000 00000000 00000000 00000000 00000000 00000000 00003333 00004ccd 00002667 00000001 00000000 01c9c380 0000027c
capture_snapshot GLI1 00010000 30000000 2500000 415 0 30000000 0 0 0 0 0 0 0 6dad0b20 00000029 72871d74 00000029 00678188 00000000 00678188 00000000 0000006a 00000000 00000000 00000000 04da175f 00000000 006781f2 00000000 00000000 00000000 00000000 00000039 008b3199 00000001 00000000 00000001 00000000 00000000 00000000 00000000 00000000 00000000 00000000 00000000 00000000 00000000 00000000 00000000 00000000 00000000 00000000 00000000 279fee42 0000008a 72871d84 00000029 00000000 00000000 00000000 00000000 00000101 00000081 00000000 00000000 00000000 00000000 00000000 00000000 00000000 00003333 00004ccd 00002667 00000001 00000000 01c9c380 0000027c
capture_snapshot GLI1 00010000 30000000 2500000 416 0 30000000 0 0 0 0 0 0 0 6dad0b20 00000029 728a1d08 00000029 0067c17f 00000000 0067c17f 00000000 0000006a 00000000 00000000 00000000 04dd16fd 00000000 0067c1e9 00000000 00000000 00000000 00000000 00000039 008b3199 00000001 00000000 00000001 00000000 00000000 00000000 00000000 00000000 00000000 00000000 00000000 00000000 00000000 00000000 00000000 00000000 00000000 00000000 00000000 27a9ece6 0000008a 728a1d22 00000029 00000000 00000000 00000000 00000000 00000100 00000080 00000000 00000000 00000000 00000000 00000000 00000000 00000000 00003333 00004ccd 00002667 00000001 00000000 01c9c380 0000027c
capture_snapshot GLI1 00010000 30000000 2500000 417 0 30000000 0 0 0 0 0 0 0 6dad0b20 00000029 728d1db0 00000029 0068018d 00000000 0068018d 00000000 0000006a 00000000 00000000 00000000 04e017a2 00000000 006801f7 00000000 00000000 00000000 00000000 00000039 008b3199 00000001 00000000 00000001 00000000 00000000 00000000 00000000 00000000 00000000 00000000 00000000 00000000 00000000 00000000 00000000 00000000 00000000 00000000 00000000 27b3eefc 0000008a 728d1dc7 00000029 00000000 00000000 00000000 00000000 00000100 00000080 00000000 00000000 00000000 00000000 00000000 00000000 00000000 00003333 00004ccd 00002667 00000001 00000000 01c9c380 0000027c
capture_snapshot GLI1 00010000 30000000 2500000 418 0 30000000 0 0 0 0 0 0 0 6dad0b20 00000029 72901d68 00000029 00684187 00000000 00684187 00000000 0000006a 00000000 00000000 00000000 04e3175b 00000000 006841f1 00000000 00000000 00000000 00000000 00000039 008b3199 00000001 00000000 00000001 00000000 00000000 00000000 00000000 00000000 00000000 00000000 00000000 00000000 00000000 00000000 00000000 00000000 00000000 00000000 00000000 27bdedfb 0000008a 72901d80 00000029 00000000 00000000 00000000 00000000 00000100 00000080 00000000 00000000 00000000 00000000 00000000 00000000 00000000 00003333 00004ccd 00002667 00000001 00000000 01c9c380 0000027c
capture_snapshot GLI1 00010000 30000000 2500000 419 0 30000000 0 0 0 0 0 0 0 6dad0b20 00000029 72931d44 00000029 00688184 00000000 00688183 00000000 0000006a 00000000 00000000 00000000 04e6172d 00000000 006881ee 00000000 00000000 00000000 00000000 0000003b 008b3199 00000001 00000001 00000001 00000000 00000000 00000000 00000000 00000000 00000000 00000000 00000000 00000000 00000000 00000000 00000000 00000000 00000000 00000000 00000000 27c7ed4e 0000008a 72931d52 00000029 00000000 00000000 00000000 00000000 00000101 00000080 00000000 00000000 00000000 00000000 00000000 00000000 00000000 00003333 00004ccd 00002667 00000001 00000000 01c9c380 0000027c
capture_snapshot GLI1 00010000 30000000 2500000 420 0 30000000 0 0 0 0 0 0 0 6dad0b20 00000029 72961d98 00000029 0068c18b 00000000 0068c18b 00000000 0000006a 00000000 00000000 00000000 04e91783 00000000 0068c1f5 00000000 00000000 00000000 00000000 00000039 008b3199 00000001 00000000 00000001 00000000 00000000 00000000 00000000 00000000 00000000 00000000 00000000 00000000 00000000 00000000 00000000 00000000 00000000 00000000 00000000 27d1ee5a 0000008a 72961da8 00000029 00000000 00000000 00000000 00000000 00000100 00000080 00000000 00000000 00000000 00000000 00000000 00000000 00000000 00003333 00004ccd 00002667 00000001 00000000 01c9c380 0000027c
capture_snapshot GLI1 00010000 30000000 2500000 421 0 30000000 0 0 0 0 0 0 0 6dad0b20 00000029 72991db0 00000029 0069018d 00000000 0069018d 00000000 0000006a 00000000 00000000 00000000 04ec179d 00000000 006901f7 00000000 00000000 00000000 00000000 00000039 008b3199 00000001 00000000 00000001 00000000 00000000 00000000 00000000 00000000 00000000 00000000 00000000 00000000 00000000 00000000 00000000 00000000 00000000 00000000 00000000 27dbee9d 0000008a 72991dc2 00000029 00000000 00000000 00000000 00000000 00000100 00000080 00000000 00000000 00000000 00000000 00000000 00000000 00000000 00003333 00004ccd 00002667 00000001 00000000 01c9c380 0000027c
capture_snapshot GLI1 00010000 30000000 2500000 422 0 30000000 0 0 0 0 0 0 0 6dad0b20 00000029 729c1dbc 00000029 0069418e 00000000 0069418e 00000000 0000006a 00000000 00000000 00000000 04ef17a7 00000000 006941f8 00000000 00000000 00000000 00000000 00000039 008b3199 00000001 00000000 00000001 00000000 00000000 00000000 00000000 00000000 00000000 00000000 00000000 00000000 00000000 00000000 00000000 00000000 00000000 00000000 00000000 27e5eeab 0000008a 729c1dcc 00000029 00000000 00000000 00000000 00000000 00000100 00000080 00000000 00000000 00000000 00000000 00000000 00000000 00000000 00003333 00004ccd 00002667 00000001 00000000 01c9c380 0000027c
capture_snapshot GLI1 00010000 30000000 2500000 423 0 30000000 0 0 0 0 0 0 0 6dad0b20 00000029 729f1d98 00000029 0069818b 00000000 0069818b 00000000 0000006a 00000000 00000000 00000000 04f21789 00000000 006981f5 00000000 00000000 00000000 00000000 00000039 008b3199 00000001 00000000 00000001 00000000 00000000 00000000 00000000 00000000 00000000 00000000 00000000 00000000 00000000 00000000 00000000 00000000 00000000 00000000 00000000 27efee33 0000008a 729f1dae 00000029 00000000 00000000 00000000 00000000 00000100 00000080 00000000 00000000 00000000 00000000 00000000 00000000 00000000 00003333 00004ccd 00002667 00000001 00000000 01c9c380 0000027c
capture_snapshot GLI1 00010000 30000000 2500000 424 0 30000000 0 0 0 0 0 0 0 6dad0b20 00000029 72a21d8c 00000029 0069c18a 00000000 0069c18a 00000000 0000006a 00000000 00000000 00000000 04f5177b 00000000 0069c1f4 00000000 00000000 00000000 00000000 00000039 008b3199 00000001 00000000 00000001 00000000 00000000 00000000 00000000 00000000 00000000 00000000 00000000 00000000 00000000 00000000 00000000 00000000 00000000 00000000 00000000 27f9edf0 0000008a 72a21da0 00000029 00000000 00000000 00000000 00000000 00000101 00000081 00000000 00000000 00000000 00000000 00000000 00000000 00000000 00003333 00004ccd 00002667 00000001 00000000 01c9c380 0000027c
capture_snapshot GLI1 00010000 30000000 2500000 425 0 30000000 0 0 0 0 0 0 0 6dad0b20 00000029 72a51de0 00000029 006a0191 00000000 006a0191 00000000 0000006a 00000000 00000000 00000000 04f817cd 00000000 006a01fb 00000000 00000000 00000000 00000000 00000039 008b3199 00000001 00000000 00000001 00000000 00000000 00000000 00000000 00000000 00000000 00000000 00000000 00000000 00000000 00000000 00000000 00000000 00000000 00000000 00000000 2803eeef 0000008a 72a51df2 00000029 00000000 00000000 00000000 00000000 00000100 00000080 00000000 00000000 00000000 00000000 00000000 00000000 00000000 00003333 00004ccd 00002667 00000001 00000000 01c9c380 0000027c
capture_snapshot GLI1 00010000 30000000 2500000 426 0 30000000 0 0 0 0 0 0 0 6dad0b20 00000029 72a81d98 00000029 006a418b 00000000 006a418b 00000000 0000006a 00000000 00000000 00000000 04fb178c 00000000 006a41f5 00000000 00000000 00000000 00000000 00000039 008b3199 00000001 00000000 00000001 00000000 00000000 00000000 00000000 00000000 00000000 00000000 00000000 00000000 00000000 00000000 00000000 00000000 00000000 00000000 00000000 280dee02 0000008a 72a81db1 00000029 00000000 00000000 00000000 00000000 00000101 00000081 00000000 00000000 00000000 00000000 00000000 00000000 00000000 00003333 00004ccd 00002667 00000001 00000000 01c9c380 0000027c
capture_snapshot GLI1 00010000 30000000 2500000 427 0 30000000 0 0 0 0 0 0 0 6dad0b20 00000029 72ab1df8 00000029 006a8193 00000000 006a8193 00000000 0000006a 00000000 00000000 00000000 04fe17ed 00000000 006a81fd 00000000 00000000 00000000 00000000 00000039 008b3199 00000001 00000000 00000001 00000000 00000000 00000000 00000000 00000000 00000000 00000000 00000000 00000000 00000000 00000000 00000000 00000000 00000000 00000000 00000000 2817ef30 0000008a 72ab1e12 00000029 00000000 00000000 00000000 00000000 00000100 00000080 00000000 00000000 00000000 00000000 00000000 00000000 00000000 00003333 00004ccd 00002667 00000001 00000000 01c9c380 0000027c
capture_snapshot GLI1 00010000 30000000 2500000 428 0 30000000 0 0 0 0 0 0 0 6dad0b20 00000029 72ae1d98 00000029 006ac18b 00000000 006ac18b 00000000 0000006a 00000000 00000000 00000000 05011782 00000000 006ac1f5 00000000 00000000 00000000 00000000 00000039 008b3199 00000001 00000000 00000001 00000000 00000000 00000000 00000000 00000000 00000000 00000000 00000000 00000000 00000000 00000000 00000000 00000000 00000000 00000000 00000000 2821edba 0000008a 72ae1da7 00000029 00000000 00000000 00000000 00000000 00000101 00000081 00000000 00000000 00000000 00000000 00000000 00000000 00000000 00003333 00004ccd 00002667 00000001 00000000 01c9c380 0000027c
capture_snapshot GLI1 00010000 30000000 2500000 429 0 30000000 0 0 0 0 0 0 0 6dad0b20 00000029 72b11d68 00000029 006b0187 00000000 006b0187 00000000 0000006a 00000000 00000000 00000000 05041758 00000000 006b01f1 00000000 00000000 00000000 00000000 00000039 008b3199 00000001 00000000 00000001 00000000 00000000 00000000 00000000 00000000 00000000 00000000 00000000 00000000 00000000 00000000 00000000 00000000 00000000 00000000 00000000 282bed1b 0000008a 72b11d7d 00000029 00000000 00000000 00000000 00000000 00000100 00000080 00000000 00000000 00000000 00000000 00000000 00000000 00000000 00003333 00004ccd 00002667 00000001 00000000 01c9c380 0000027c
capture_snapshot GLI1 00010000 30000000 2500000 430 0 30000000 0 0 0 0 0 0 0 6dad0b20 00000029 72b41cfc 00000029 006b417e 00000000 006b417e 00000000 0000006a 00000000 00000000 00000000 050716e7 00000000 006b41e8 00000000 00000000 00000000 00000000 00000039 008b3199 00000001 00000000 00000001 00000000 00000000 00000000 00000000 00000000 00000000 00000000 00000000 00000000 00000000 00000000 00000000 00000000 00000000 00000000 00000000 2835eb8e 0000008a 72b41d0c 00000029 00000000 00000000 00000000 00000000 00000101 00000081 00000000 00000000 00000000 00000000 00000000 00000000 00000000 00003333 00004ccd 00002667 00000001 00000000 01c9c380 0000027c
capture_snapshot GLI1 00010000 30000000 2500000 431 0 30000000 0 0 0 0 0 0 0 6dad0b20 00000029 72b71d50 00000029 006b8185 00000000 006b8185 00000000 0000006a 00000000 00000000 00000000 050a173b 00000000 006b81ef 00000000 00000000 00000000 00000000 00000039 008b3199 00000001 00000000 00000001 00000000 00000000 00000000 00000000 00000000 00000000 00000000 00000000 00000000 00000000 00000000 00000000 00000000 00000000 00000000 00000000 283fec93 0000008a 72b71d60 00000029 00000000 00000000 00000000 00000000 00000101 00000081 00000000 00000000 00000000 00000000 00000000 00000000 00000000 00003333 00004ccd 00002667 00000001 00000000 01c9c380 0000027c
capture_snapshot GLI1 00010000 30000000 2500000 432 0 30000000 0 0 0 0 0 0 0 6dad0b20 00000029 72ba1d2c 00000029 006bc182 00000000 006bc182 00000000 0000006a 00000000 00000000 00000000 050d171a 00000000 006bc1ec 00000000 00000000 00000000 00000000 00000039 008b3199 00000001 00000000 00000001 00000000 00000000 00000000 00000000 00000000 00000000 00000000 00000000 00000000 00000000 00000000 00000000 00000000 00000000 00000000 00000000 2849ec11 0000008a 72ba1d3f 00000029 00000000 00000000 00000000 00000000 00000101 00000081 00000000 00000000 00000000 00000000 00000000 00000000 00000000 00003333 00004ccd 00002667 00000001 00000000 01c9c380 0000027c
capture_snapshot GLI1 00010000 30000000 2500000 433 0 30000000 0 0 0 0 0 0 0 6dad0b20 00000029 72bd1c30 00000029 006c016d 00000000 006c016d 00000000 0000006a 00000000 00000000 00000000 0510161c 00000000 006c01d7 00000000 00000000 00000000 00000000 00000039 008b3199 00000001 00000000 00000001 00000000 00000000 00000000 00000000 00000000 00000000 00000000 00000000 00000000 00000000 00000000 00000000 00000000 00000000 00000000 00000000 2853e8af 0000008a 72bd1c41 00000029 00000000 00000000 00000000 00000000 00000101 00000081 00000000 00000000 00000000 00000000 00000000 00000000 00000000 00003333 00004ccd 00002667 00000001 00000000 01c9c380 0000027c
capture_snapshot GLI1 00010000 30000000 2500000 434 0 30000000 0 0 0 0 0 0 0 6dad0b20 00000029 72c02a58 00000029 006c429b 00000000 006c429b 00000000 0000006a 00000000 00000000 00000000 0513244b 00000000 006c4305 00000000 00000000 00000000 00000000 00000039 008b3199 00000001 00000000 00000001 00000000 00000000 00000000 00000000 00000000 00000000 00000000 00000000 00000000 00000000 00000000 00000000 00000000 00000000 00000000 00000000 285e17e3 0000008a 72c02a70 00000029 00000000 00000000 00000000 00000000 00000101 00000081 00000000 00000000 00000000 00000000 00000000 00000000 00000000 00003333 00004ccd 00002667 00000001 00000000 01c9c380 0000027c
capture_snapshot GLI1 00010000 30000000 2500000 435 0 30000000 0 0 0 0 0 0 0 6dad0b20 00000029 72c32da0 00000029 006c82e1 00000000 006c82e1 00000000 0000006a 00000000 00000000 00000000 0516278a 00000000 006c834b 00000000 00000000 00000000 00000000 00000039 008b3199 00000001 00000000 00000001 00000000 00000000 00000000 00000000 00000000 00000000 00000000 00000000 00000000 00000000 00000000 00000000 00000000 00000000 00000000 00000000 2868229f 0000008a 72c32daf 00000029 00000000 00000000 00000000 00000000 00000100 00000080 00000000 00000000 00000000 00000000 00000000 00000000 00000000 00003333 00004ccd 00002667 00000001 00000000 01c9c380 0000027c
capture_snapshot GLI1 00010000 30000000 2500000 436 0 30000000 0 0 0 0 0 0 0 6dad0b20 00000029 72c62ae8 00000029 006cc2a7 00000000 006cc2a7 00000000 0000006a 00000000 00000000 00000000 051924d8 00000000 006cc311 00000000 00000000 00000000 00000000 00000039 008b3199 00000001 00000000 00000001 00000000 00000000 00000000 00000000 00000000 00000000 00000000 00000000 00000000 00000000 00000000 00000000 00000000 00000000 00000000 00000000 28721991 0000008a 72c62afd 00000029 00000000 00000000 00000000 00000000 00000101 00000081 00000000 00000000 00000000 00000000 00000000 00000000 00000000 00003333 00004ccd 00002667 00000001 00000000 01c9c380 0000027c
capture_snapshot GLI1 00010000 30000000 2500000 437 0 30000000 0 0 0 0 0 0 0 6dad0b20 00000029 72c92ad0 00000029 006d02a5 00000000 006d02a5 00000000 0000006a 00000000 00000000 00000000 051c24b9 00000000 006d030f 00000000 00000000 00000000 00000000 00000039 008b3199 00000001 00000000 00000001 00000000 00000000 00000000 00000000 00000000 00000000 00000000 00000000 00000000 00000000 00000000 00000000 00000000 00000000 00000000 00000000 287c1918 0000008a 72c92ade 00000029 00000000 00000000 00000000 00000000 00000100 00000080 00000000 00000000 00000000 00000000 00000000 00000000 00000000 00003333 00004ccd 00002667 00000001 00000000 01c9c380 0000027c
capture_snapshot GLI1 00010000 30000000 2500000 438 0 30000000 0 0 0 0 0 0 0 6dad0b20 00000029 72cc28b4 00000029 006d4278 00000000 006d4278 00000000 0000006a 00000000 00000000 00000000 051f22a1 00000000 006d42e2 00000000 00000000 00000000 00000000 00000039 008b3199 00000001 00000000 00000001 00000000 00000000 00000000 00000000 00000000 00000000 00000000 00000000 00000000 00000000 00000000 00000000 00000000 00000000 00000000 00000000 28861208 0000008a 72cc28c6 00000029 00000000 00000000 00000000 00000000 00000101 00000081 00000000 00000000 00000000 00000000 00000000 00000000 00000000 00003333 00004ccd 00002667 00000001 00000000 01c9c380 0000027c
capture_snapshot GLI1 00010000 30000000 2500000 439 0 30000000 0 0 0 0 0 0 0 6dad0b20 00000029 72cf29bc 00000029 006d828e 00000000 006d828e 00000000 0000006a 00000000 00000000 00000000 052223af 00000000 006d82f8 00000000 00000000 00000000 00000000 00000039 008b3199 00000001 00000000 00000001 00000000 00000000 00000000 00000000 00000000 00000000 00000000 00000000 00000000 00000000 00000000 00000000 00000000 00000000 00000000 00000000 2890157a 0000008a 72cf29d4 00000029 00000000 00000000 00000000 00000000 00000100 00000080 00000000 00000000 00000000 00000000 00000000 00000000 00000000 00003333 00004ccd 00002667 00000001 00000000 01c9c380 0000027c
capture_snapshot GLI1 00010000 30000000 2500000 440 0 30000000 0 0 0 0 0 0 0 6dad0b20 00000029 72d22aa0 00000029 006dc2a1 00000000 006dc2a1 00000000 0000006a 00000000 00000000 00000000 05252492 00000000 006dc30b 00000000 00000000 00000000 00000000 00000039 008b3199 00000001 00000000 00000001 00000000 00000000 00000000 00000000 00000000 00000000 00000000 00000000 00000000 00000000 00000000 00000000 00000000 00000000 00000000 00000000 289a185b 0000008a 72d22ab7 00000029 00000000 00000000 00000000 00000000 00000101 00000081 00000000 00000000 00000000 00000000 00000000 00000000 00000000 00003333 00004ccd 00002667 00000001 00000000 01c9c380 0000027c
capture_snapshot GLI1 00010000 30000000 2500000 441 0 30000000 0 0 0 0 0 0 0 6dad0b20 00000029 72d52a88 00000029 006e029f 00000000 006e029f 00000000 0000006a 00000000 00000000 00000000 0528247c 00000000 006e0309 00000000 00000000 00000000 00000000 00000039 008b3199 00000001 00000000 00000001 00000000 00000000 00000000 00000000 00000000 00000000 00000000 00000000 00000000 00000000 00000000 00000000 00000000 00000000 00000000 00000000 28a417fe 0000008a 72d52aa1 00000029 00000000 00000000 00000000 00000000 00000101 00000080 00000000 00000000 00000000 00000000 00000000 00000000 00000000 00003333 00004ccd 00002667 00000001 00000000 01c9c380 0000027c
capture_snapshot GLI1 00010000 30000000 2500000 442 0 30000000 0 0 0 0 0 0 0 6dad0b20 00000029 72d82a88 00000029 006e429f 00000000 006e429f 00000000 0000006a 00000000 00000000 00000000 052b2473 00000000 006e4309 00000000 00000000 00000000 00000000 00000039 008b3199 00000001 00000000 00000001 00000000 00000000 00000000 00000000 00000000 00000000 00000000 00000000 00000000 00000000 00000000 00000000 00000000 00000000 00000000 00000000 28ae17cd 0000008a 72d82a98 00000029 00000000 00000000 00000000 00000000 00000100 00000080 00000000 00000000 00000000 00000000 00000000 00000000 00000000 00003333 00004ccd 00002667 00000001 00000000 01c9c380 0000027c
capture_snapshot GLI1 00010000 30000000 2500000 443 0 30000000 0 0 0 0 0 0 0 6dad0b20 00000029 72db2a70 00000029 006e829d 00000000 006e829d 00000000 0000006a 00000000 00000000 00000000 052e2463 00000000 006e8307 00000000 00000000 00000000 00000000 00000039 008b3199 00000001 00000000 00000001 00000000 00000000 00000000 00000000 00000000 00000000 00000000 00000000 00000000 00000000 00000000 00000000 00000000 00000000 00000000 00000000 28b81784 0000008a 72db2a88 00000029 00000000 00000000 00000000 00000000 00000100 00000080 00000000 00000000 00000000 00000000 00000000 00000000 00000000 00003333 00004ccd 00002667 00000001 00000000 01c9c380 0000027c
capture_snapshot GLI1 00010000 30000000 2500000 444 0 30000000 0 0 0 0 0 0 0 6dad0b20 00000029 72de2b78 00000029 006ec2b3 00000000 006ec2b3 00000000 0000006a 00000000 00000000 00000000 05312563 00000000 006ec31d 00000000 00000000 00000000 00000000 00000039 008b3199 00000001 00000000 00000001 00000000 00000000 00000000 00000000 00000000 00000000 00000000 00000000 00000000 00000000 00000000 00000000 00000000 00000000 00000000 00000000 28c21ac4 0000008a 72de2b88 00000029 00000000 00000000 00000000 00000000 00000101 00000080 00000000 00000000 00000000 00000000 00000000 00000000 00000000 00003333 00004ccd 00002667 00000001 00000000 01c9c380 0000027c
capture_snapshot GLI1 00010000 30000000 2500000 445 0 30000000 0 0 0 0 0 0 0 6dad0b20 00000029 72e12db8 00000029 006f02e3 00000000 006f02e3 00000000 0000006a 00000000 00000000 00000000 053427a9 00000000 006f034d 00000000 00000000 00000000 00000000 00000039 008b3199 00000001 00000000 00000001 00000000 00000000 00000000 00000000 00000000 00000000 00000000 00000000 00000000 00000000 00000000 00000000 00000000 00000000 00000000 00000000 28cc2245 0000008a 72e12dce 00000029 00000000 00000000 00000000 00000000 00000101 00000081 00000000 00000000 00000000 00000000 00000000 00000000 00000000 00003333 00004ccd 00002667 00000001 00000000 01c9c380 0000027c
capture_snapshot GLI1 00010000 30000000 2500000 446 0 30000000 0 0 0 0 0 0 0 6dad0b20 00000029 72e42c5c 00000029 006f42c6 00000000 006f42c6 00000000 0000006a 00000000 00000000 00000000 05372651 00000000 006f4330 00000000 00000000 00000000 00000000 00000039 008b3199 00000001 00000000 00000001 00000000 00000000 00000000 00000000 00000000 00000000 00000000 00000000 00000000 00000000 00000000 00000000 00000000 00000000 00000000 00000000 28d61db6 0000008a 72e42c76 00000029 00000000 00000000 00000000 00000000 00000100 00000080 00000000 00000000 00000000 00000000 00000000 00000000 00000000 00003333 00004ccd 00002667 00000001 00000000 01c9c380 0000027c
capture_snapshot GLI1 00010000 30000000 2500000 447 0 30000000 0 0 0 0 0 0 0 6dad0b20 00000029 72e72824 00000029 006f826c 00000000 006f826c 00000000 0000006a 00000000 00000000 00000000 053a2213 00000000 006f82d6 00000000 00000000 00000000 00000000 00000039 008b3199 00000001 00000000 00000001 00000000 00000000 00000000 00000000 00000000 00000000 00000000 00000000 00000000 00000000 00000000 00000000 00000000 00000000 00000000 00000000 28e00f7f 0000008a 72e72838 00000029 00000000 00000000 00000000 00000000 00000101 00000080 00000000 00000000 00000000 00000000 00000000 00000000 00000000 00003333 00004ccd 00002667 00000001 00000000 01c9c380 0000027c
capture_snapshot GLI1 00010000 30000000 2500000 448 0 30000000 0 0 0 0 0 0 0 6dad0b20 00000029 72ea2980 00000029 006fc289 00000000 006fc289 00000000 0000006a 00000000 00000000 00000000 053d236e 00000000 006fc2f3 00000000 00000000 00000000 00000000 00000039 008b3199 00000001 00000000 00000001 00000000 00000000 00000000 00000000 00000000 00000000 00000000 00000000 00000000 00000000 00000000 00000000 00000000 00000000 00000000 00000000 28ea13f3 0000008a 72ea2993 00000029 00000000 00000000 00000000 00000000 00000100 00000080 00000000 00000000 00000000 00000000 00000000 00000000 00000000 00003333 00004ccd 00002667 00000001 00000000 01c9c380 0000027c
capture_snapshot GLI1 00010000 30000000 2500000 449 0 30000000 0 0 0 0 0 0 0 6dad0b20 00000029 72ed2a28 00000029 00700297 00000000 00700297 00000000 0000006a 00000000 00000000 00000000 05402416 00000000 00700301 00000000 00000000 00000000 00000000 00000039 008b3199 00000001 00000000 00000001 00000000 00000000 00000000 00000000 00000000 00000000 00000000 00000000 00000000 00000000 00000000 00000000 00000000 00000000 00000000 00000000 28f4160c 0000008a 72ed2a3b 00000029 00000000 00000000 00000000 00000000 00000100 00000080 00000000 00000000 00000000 00000000 00000000 00000000 00000000 00003333 00004ccd 00002667 00000001 00000000 01c9c380 0000027c
capture_snapshot GLI1 00010000 30000000 2500000 450 0 30000000 0 0 0 0 0 0 0 6dad0b20 00000029 72f02728 00000029 00704257 00000000 00704257 00000000 0000006a 00000000 00000000 00000000 05432112 00000000 007042c1 00000000 00000000 00000000 00000000 00000039 008b3199 00000001 00000000 00000001 00000000 00000000 00000000 00000000 00000000 00000000 00000000 00000000 00000000 00000000 00000000 00000000 00000000 00000000 00000000 00000000 28fe0bef 0000008a 72f02737 00000029 00000000 00000000 00000000 00000000 00000100 00000080 00000000 00000000 00000000 00000000 00000000 00000000 00000000 00003333 00004ccd 00002667 00000001 00000000 01c9c380 0000027c
capture_snapshot GLI1 00010000 30000000 2500000 451 0 30000000 0 0 0 0 0 0 0 6dad0b20 00000029 72f328cc 00000029 0070827a 00000000 0070827a 00000000 0000006a 00000000 00000000 00000000 054622b8 00000000 007082e4 00000000 00000000 00000000 00000000 00000039 008b3199 00000001 00000000 00000001 00000000 00000000 00000000 00000000 00000000 00000000 00000000 00000000 00000000 00000000 00000000 00000000 00000000 00000000 00000000 00000000 29081159 0000008a 72f328dd 00000029 00000000 00000000 00000000 00000000 00000101 00000080 00000000 00000000 00000000 00000000 00000000 00000000 00000000 00003333 00004ccd 00002667 00000001 00000000 01c9c380 0000027c
capture_snapshot GLI1 00010000 30000000 2500000 452 0 30000000 0 0 0 0 0 0 0 6dad0b20 00000029 72f62a1c 00000029 0070c296 00000000 0070c296 00000000 0000006a 00000000 00000000 00000000 05492411 00000000 0070c300 00000000 00000000 00000000 00000000 00000039 008b3199 00000001 00000000 00000001 00000000 00000000 00000000 00000000 00000000 00000000 00000000 00000000 00000000 00000000 00000000 00000000 00000000 00000000 00000000 00000000 291215c2 0000008a 72f62a36 00000029 00000000 00000000 00000000 00000000 00000101 00000080 00000000 00000000 00000000 00000000 00000000 00000000 00000000 00003333 00004ccd 00002667 00000001 00000000 01c9c380 0000027c
capture_snapshot GLI1 00010000 30000000 2500000 453 0 30000000 0 0 0 0 0 0 0 6dad0b20 00000029 72f9277c 00000029 0071025e 00000000 0071025e 00000000 0000006a 00000000 00000000 00000000 054c2171 00000000 007102c8 00000000 00000000 00000000 00000000 00000039 008b3199 00000001 00000000 00000001 00000000 00000000 00000000 00000000 00000000 00000000 00000000 00000000 00000000 00000000 00000000 00000000 00000000 00000000 00000000 00000000 291c0cee 0000008a 72f92796 00000029 00000000 00000000 00000000 00000000 00000100 00000080 00000000 00000000 00000000 00000000 00000000 00000000 00000000 00003333 00004ccd 00002667 00000001 00000000 01c9c380 0000027c
capture_snapshot GLI1 00010000 30000000 2500000 454 0 30000000 0 0 0 0 0 0 0 6dad0b20 00000029 72fc2980 00000029 00714289 00000000 00714289 00000000 0000006a 00000000 00000000 00000000 054f2371 00000000 007142f3 00000000 00000000 00000000 00000000 00000039 008b3199 00000001 00000000 00000001 00000000 00000000 00000000 00000000 00000000 00000000 00000000 00000000 00000000 00000000 00000000 00000000 00000000 00000000 00000000 00000000 29261387 0000008a 72fc2996 00000029 00000000 00000000 00000000 00000000 00000101 00000080 00000000 00000000 00000000 00000000 00000000 00000000 00000000 00003333 00004ccd 00002667 00000001 00000000 01c9c380 0000027c
capture_snapshot GLI1 00010000 30000000 2500000 455 0 30000000 0 0 0 0 0 0 0 6dad0b20 00000029 72ff2944 00000029 00718284 00000000 00718284 00000000 0000006a 00000000 00000000 00000000 05522331 00000000 007182ee 00000000 00000000 00000000 00000000 00000039 008b3199 00000001 00000000 00000001 00000000 00000000 00000000 00000000 00000000 00000000 00000000 00000000 00000000 00000000 00000000 00000000 00000000 00000000 00000000 00000000 2930129f 0000008a 72ff2956 00000029 00000000 00000000 00000000 00000000 00000100 00000080 00000000 00000000 00000000 00000000 00000000 00000000 00000000 00003333 00004ccd 00002667 00000001 00000000 01c9c380 0000027c
capture_snapshot GLI1 00010000 30000000 2500000 456 0 30000000 0 0 0 0 0 0 0 6dad0b20 00000029 7302382c 00000029 0071c3c2 00000000 0071c3c2 00000000 0000006a 00000000 00000000 00000000 05553218 00000000 0071c42c 00000000 00000000 00000000 00000000 00000039 008b3199 00000001 00000000 00000001 00000000 00000000 00000000 00000000 00000000 00000000 00000000 00000000 00000000 00000000 00000000 00000000 00000000 00000000 00000000 00000000 293a4435 0000008a 7302383d 00000029 00000000 00000000 00000000 00000000 00000100 00000080 00000000 00000000 00000000 00000000 00000000 00000000 00000000 00003333 00004ccd 00002667 00000001 00000000 01c9c380 0000027c
capture_snapshot GLI1 00010000 30000000 2500000 457 0 30000000 0 0 0 0 0 0 0 6dad0b20 00000029 73053178 00000029 00720333 00000000 00720333 00000000 0000006a 00000000 00000000 00000000 05582b63 00000000 0072039d 00000000 00000000 00000000 00000000 00000039 008b3199 00000001 00000000 00000001 00000000 00000000 00000000 00000000 00000000 00000000 00000000 00000000 00000000 00000000 00000000 00000000 00000000 00000000 00000000 00000000 29442dc8 0000008a 73053188 00000029 00000000 00000000 00000000 00000000 00000101 00000081 00000000 00000000 00000000 00000000 00000000 00000000 00000000 00003333 00004ccd 00002667 00000001 00000000 01c9c380 0000027c
capture_snapshot GLI1 00010000 30000000 2500000 458 0 30000000 0 0 0 0 0 0 0 6dad0b20 00000029 73083040 00000029 00724319 00000000 00724319 00000000 0000006a 00000000 00000000 00000000 055b2a2f 00000000 00724383 00000000 00000000 00000000 00000000 00000039 008b3199 00000001 00000000 00000001 00000000 00000000 00000000 00000000 00000000 00000000 00000000 00000000 00000000 00000000 00000000 00000000 00000000 00000000 00000000 00000000 294e29b2 0000008a 73083054 00000029 00000000 00000000 00000000 00000000 00000101 00000081 00000000 00000000 00000000 00000000 00000000 00000000 00000000 00003333 00004ccd 00002667 00000001 00000000 01c9c380 0000027c
capture_snapshot GLI1 00010000 30000000 2500000 459 0 30000000 0 0 0 0 0 0 0 6dad0b20 00000029 730b3190 00000029 00728335 00000000 00728335 00000000 0000006a 00000000 00000000 00000000 055e2b7f 00000000 0072839f 00000000 00000000 00000000 00000000 00000039 008b3199 00000001 00000000 00000001 00000000 00000000 00000000 00000000 00000000 00000000 00000000 00000000 00000000 00000000 00000000 00000000 00000000 00000000 00000000 00000000 29582e00 0000008a 730b31a4 00000029 00000000 00000000 00000000 00000000 00000100 00000080 00000000 00000000 00000000 00000000 00000000 00000000 00000000 00003333 00004ccd 00002667 00000001 00000000 01c9c380 0000027c
capture_snapshot GLI1 00010000 30000000 2500000 460 0 30000000 0 0 0 0 0 0 0 6dad0b20 00000029 730e3400 00000029 0072c369 00000000 0072c369 00000000 0000006a 00000000 00000000 00000000 05612dea 00000000 0072c3d3 00000000 00000000 00000000 00000000 00000039 008b3199 00000001 00000000 00000001 00000000 00000000 00000000 00000000 00000000 00000000 00000000 00000000 00000000 00000000 00000000 00000000 00000000 00000000 00000000 00000000 296235fa 0000008a 730e340f 00000029 00000000 00000000 00000000 00000000 00000101 00000081 00000000 00000000 00000000 00000000 00000000 00000000 00000000 00003333 00004ccd 00002667 00000001 00000000 01c9c380 0000027c
capture_snapshot GLI1 00010000 30000000 2500000 461 0 30000000 0 0 0 0 0 0 0 6dad0b20 00000029 73112f98 00000029 0073030b 00000000 0073030b 00000000 0000006a 00000000 00000000 00000000 0564298b 00000000 00730375 00000000 00000000 00000000 00000000 00000039 008b3199 00000001 00000000 00000001 00000000 00000000 00000000 00000000 00000000 00000000 00000000 00000000 00000000 00000000 00000000 00000000 00000000 00000000 00000000 00000000 296c2755 0000008a 73112fb0 00000029 00000000 00000000 00000000 00000000 00000101 00000081 00000000 00000000 00000000 00000000 00000000 00000000 00000000 00003333 00004ccd 00002667 00000001 00000000 01c9c380 0000027c
capture_snapshot GLI1 00010000 30000000 2500000 462 0 30000000 0 0 0 0 0 0 0 6dad0b20 00000029 7314319c 00000029 00734336 00000000 00734336 00000000 0000006a 00000000 00000000 00000000 05672b88 00000000 007343a0 00000000 00000000 00000000 00000000 00000039 008b3199 00000001 00000000 00000001 00000000 00000000 00000000 00000000 00000000 00000000 00000000 00000000 00000000 00000000 00000000 00000000 00000000 00000000 00000000 00000000 29762de1 0000008a 731431ad 00000029 00000000 00000000 00000000 00000000 00000101 00000080 00000000 00000000 00000000 00000000 00000000 00000000 00000000 00003333 00004ccd 00002667 00000001 00000000 01c9c380 0000027c
capture_snapshot GLI1 00010000 30000000 2500000 463 0 30000000 0 0 0 0 0 0 0 6dad0b20 00000029 73173298 00000029 0073834b 00000000 0073834b 00000000 0000006a 00000000 00000000 00000000 056a2c8b 00000000 007383b5 00000000 00000000 00000000 00000000 00000039 008b3199 00000001 00000000 00000001 00000000 00000000 00000000 00000000 00000000 00000000 00000000 00000000 00000000 00000000 00000000 00000000 00000000 00000000 00000000 00000000 2980312e 0000008a 731732b0 00000029 00000000 00000000 00000000 00000000 00000101 00000081 00000000 00000000 00000000 00000000 00000000 00000000 00000000 00003333 00004ccd 00002667 00000001 00000000 01c9c380 0000027c
capture_snapshot GLI1 00010000 30000000 2500000 464 0 30000000 0 0 0 0 0 0 0 6dad0b20 00000029 731a31e4 00000029 0073c33c 00000000 0073c33c 00000000 0000006a 00000000 00000000 00000000 056d2bd1 00000000 0073c3a6 00000000 00000000 00000000 00000000 00000039 008b3199 00000001 00000000 00000001 00000000 00000000 00000000 00000000 00000000 00000000 00000000 00000000 00000000 00000000 00000000 00000000 00000000 00000000 00000000 00000000 298a2ead 0000008a 731a31f6 00000029 00000000 00000000 00000000 00000000 00000100 00000080 00000000 00000000 00000000 00000000 00000000 00000000 00000000 00003333 00004ccd 00002667 00000001 00000000 01c9c380 0000027c
capture_snapshot GLI1 00010000 30000000 2500000 465 0 30000000 0 0 0 0 0 0 0 6dad0b20 00000029 731d34f0 00000029 0074037d 00000000 0074037d 00000000 0000006a 00000000 00000000 00000000 05702ee2 00000000 007403e7 00000000 00000000 00000000 00000000 00000039 008b3199 00000001 00000000 00000001 00000000 00000000 00000000 00000000 00000000 00000000 00000000 00000000 00000000 00000000 00000000 00000000 00000000 00000000 00000000 00000000 299438d4 0000008a 731d3507 00000029 00000000 00000000 00000000 00000000 00000101 00000081 00000000 00000000 00000000 00000000 00000000 00000000 00000000 00003333 00004ccd 00002667 00000001 00000000 01c9c380 0000027c
capture_snapshot GLI1 00010000 30000000 2500000 466 0 30000000 0 0 0 0 0 0 0 6dad0b20 00000029 73202f98 00000029 0074430b 00000000 0074430b 00000000 0000006a 00000000 00000000 00000000 05732983 00000000 00744375 00000000 00000000 00000000 00000000 00000039 008b3199 00000001 00000000 00000001 00000000 00000000 00000000 00000000 00000000 00000000 00000000 00000000 00000000 00000000 00000000 00000000 00000000 00000000 00000000 00000000 299e26d8 0000008a 73202fa8 00000029 00000000 00000000 00000000 00000000 00000101 00000080 00000000 00000000 00000000 00000000 00000000 00000000 00000000 00003333 00004ccd 00002667 00000001 00000000 01c9c380 0000027c
capture_snapshot GLI1 00010000 30000000 2500000 467 0 30000000 0 0 0 0 0 0 0 6dad0b20 00000029 73233040 00000029 00748319 00000000 00748319 00000000 0000006a 00000000 00000000 00000000 05762a31 00000000 00748383 00000000 00000000 00000000 00000000 00000039 008b3199 00000001 00000000 00000001 00000000 00000000 00000000 00000000 00000000 00000000 00000000 00000000 00000000 00000000 00000000 00000000 00000000 00000000 00000000 00000000 29a82909 0000008a 73233056 00000029 00000000 00000000 00000000 00000000 00000101 00000081 00000000 00000000 00000000 00000000 00000000 00000000 00000000 00003333 00004ccd 00002667 00000001 00000000 01c9c380 0000027c
capture_snapshot GLI1 00010000 30000000 2500000 468 0 30000000 0 0 0 0 0 0 0 6dad0b20 00000029 73263148 00000029 0074c32f 00000000 0074c32e 00000000 0000006a 00000000 00000000 00000000 05792b31 00000000 0074c399 00000000 00000000 00000000 00000000 0000003b 008b3199 00000001 00000001 00000001 00000000 00000000 00000000 00000000 00000000 00000000 00000000 00000000 00000000 00000000 00000000 00000000 00000000 00000000 00000000 00000000 29b22c4c 0000008a 73263156 00000029 00000000 00000000 00000000 00000000 00000100 00000080 00000000 00000000 00000000 00000000 00000000 00000000 00000000 00003333 00004ccd 00002667 00000001 00000000 01c9c380 0000027c
capture_snapshot GLI1 00010000 30000000 2500000 469 0 30000000 0 0 0 0 0 0 0 6dad0b20 00000029 732931cc 00000029 0075033a 00000000 0075033a 00000000 0000006a 00000000 00000000 00000000 057c2bb7 00000000 007503a4 00000000 00000000 00000000 00000000 00000039 008b3199 00000001 00000000 00000001 00000000 00000000 00000000 00000000 00000000 00000000 00000000 00000000 00000000 00000000 00000000 00000000 00000000 00000000 00000000 00000000 29bc2df8 0000008a 732931dc 00000029 00000000 00000000 00000000 00000000 00000100 00000080 00000000 00000000 00000000 00000000 00000000 00000000 00000000 00003333 00004ccd 00002667 00000001 00000000 01c9c380 0000027c
capture_snapshot GLI1 00010000 30000000 2500000 470 0 30000000 0 0 0 0 0 0 0 6dad0b20 00000029 732c3364 00000029 0075435c 00000000 0075435c 00000000 0000006a 00000000 00000000 00000000 057f2d55 00000000 007543c6 00000000 00000000 00000000 00000000 00000039 008b3199 00000001 00000000 00000001 00000000 00000000 00000000 00000000 00000000 00000000 00000000 00000000 00000000 00000000 00000000 00000000 00000000 00000000 00000000 00000000 29c63345 0000008a 732c337a 00000029 00000000 00000000 00000000 00000000 00000100 00000080 00000000 00000000 00000000 00000000 00000000 00000000 00000000 00003333 00004ccd 00002667 00000001 00000000 01c9c380 0000027c
capture_snapshot GLI1 00010000 30000000 2500000 471 0 30000000 0 0 0 0 0 0 0 6dad0b20 00000029 732f2fec 00000029 00758312 00000000 00758312 00000000 0000006a 00000000 00000000 00000000 058229d9 00000000 0075837c 00000000 00000000 00000000 00000000 00000039 008b3199 00000001 00000000 00000001 00000000 00000000 00000000 00000000 00000000 00000000 00000000 00000000 00000000 00000000 00000000 00000000 00000000 00000000 00000000 00000000 29d02796 0000008a 732f2ffe 00000029 00000000 00000000 00000000 00000000 00000101 00000081 00000000 00000000 00000000 00000000 00000000 00000000 00000000 00003333 00004ccd 00002667 00000001 00000000 01c9c380 0000027c
capture_snapshot GLI1 00010000 30000000 2500000 472 0 30000000 0 0 0 0 0 0 0 6dad0b20 00000029 733230e8 00000029 0075c327 00000000 0075c327 00000000 0000006a 00000000 00000000 00000000 05852ad3 00000000 0075c391 00000000 00000000 00000000 00000000 00000039 008b3199 00000001 00000000 00000001 00000000 00000000 00000000 00000000 00000000 00000000 00000000 00000000 00000000 00000000 00000000 00000000 00000000 00000000 00000000 00000000 29da2ac3 0000008a 733230f8 00000029 00000000 00000000 00000000 00000000 00000101 00000080 00000000 00000000 00000000 00000000 00000000 00000000 00000000 00003333 00004ccd 00002667 00000001 00000000 01c9c380 0000027c
capture_snapshot GLI1 00010000 30000000 2500000 473 0 30000000 0 0 0 0 0 0 0 6dad0b20 00000029 73353028 00000029 00760317 00000000 00760316 00000000 0000006a 00000000 00000000 00000000 05882a11 00000000 00760381 00000000 00000000 00000000 00000000 0000003b 008b3199 00000001 00000001 00000001 00000000 00000000 00000000 00000000 00000000 00000000 00000000 00000000 00000000 00000000 00000000 00000000 00000000 00000000 00000000 00000000 29e4282a 0000008a 73353036 00000029 00000000 00000000 00000000 00000000 00000101 00000081 00000000 00000000 00000000 00000000 00000000 00000000 00000000 00003333 00004ccd 00002667 00000001 00000000 01c9c380 0000027c
capture_snapshot GLI1 00010000 30000000 2500000 474 0 30000000 0 0 0 0 0 0 0 6dad0b20 00000029 733832e0 00000029 00764351 00000000 00764351 00000000 0000006a 00000000 00000000 00000000 058b2cd4 00000000 007643bb 00000000 00000000 00000000 00000000 00000039 008b3199 00000001 00000000 00000001 00000000 00000000 00000000 00000000 00000000 00000000 00000000 00000000 00000000 00000000 00000000 00000000 00000000 00000000 00000000 00000000 29ee314a 0000008a 733832f9 00000029 00000000 00000000 00000000 00000000 00000101 00000080 00000000 00000000 00000000 00000000 00000000 00000000 00000000 00003333 00004ccd 00002667 00000001 00000000 01c9c380 0000027c
capture_snapshot GLI1 00010000 30000000 2500000 475 0 30000000 0 0 0 0 0 0 0 6dad0b20 00000029 733b3490 00000029 00768375 00000000 00768375 00000000 0000006a 00000000 00000000 00000000 058e2e81 00000000 007683df 00000000 00000000 00000000 00000000 00000039 008b3199 00000001 00000000 00000001 00000000 00000000 00000000 00000000 00000000 00000000 00000000 00000000 00000000 00000000 00000000 00000000 00000000 00000000 00000000 00000000 29f836cc 0000008a 733b34a6 00000029 00000000 00000000 00000000 00000000 00000100 00000080 00000000 00000000 00000000 00000000 00000000 00000000 00000000 00003333 00004ccd 00002667 00000001 00000000 01c9c380 0000027c
capture_snapshot GLI1 00010000 30000000 2500000 476 0 30000000 0 0 0 0 0 0 0 6dad0b20 00000029 733e2dc4 00000029 0076c2e4 00000000 0076c2e4 00000000 0000006a 00000000 00000000 00000000 059127b2 00000000 0076c34e 00000000 00000000 00000000 00000000 00000039 008b3199 00000001 00000000 00000001 00000000 00000000 00000000 00000000 00000000 00000000 00000000 00000000 00000000 00000000 00000000 00000000 00000000 00000000 00000000 00000000 2a022007 0000008a 733e2dd7 00000029 00000000 00000000 00000000 00000000 00000101 00000080 00000000 00000000 00000000 00000000 00000000 00000000 00000000 00003333 00004ccd 00002667 00000001 00000000 01c9c380 0000027c
capture_snapshot GLI1 00010000 30000000 2500000 477 0 30000000 0 0 0 0 0 0 0 6dad0b20 00000029 734131f0 00000029 0077033d 00000000 0077033d 00000000 0000006a 00000000 00000000 00000000 05942be4 00000000 007703a7 00000000 00000000 00000000 00000000 00000039 008b3199 00000001 00000000 00000001 00000000 00000000 00000000 00000000 00000000 00000000 00000000 00000000 00000000 00000000 00000000 00000000 00000000 00000000 00000000 00000000 2a0c2df1 0000008a 73413209 00000029 00000000 00000000 00000000 00000000 00000101 00000081 00000000 00000000 00000000 00000000 00000000 00000000 00000000 00003333 00004ccd 00002667 00000001 00000000 01c9c380 0000027c
capture_snapshot GLI1 00010000 30000000 2500000 478 0 30000000 0 0 0 0 0 0 0 6dad0b20 00000029 73443244 00000029 00774344 00000000 00774344 00000000 0000006a 00000000 00000000 00000000 05972c38 00000000 007743ae 00000000 00000000 00000000 00000000 00000039 008b3199 00000001 00000000 00000001 00000000 00000000 00000000 00000000 00000000 00000000 00000000 00000000 00000000 00000000 00000000 00000000 00000000 00000000 00000000 00000000 2a162ef4 0000008a 7344325d 00000029 00000000 00000000 00000000 00000000 00000101 00000080 00000000 00000000 00000000 00000000 00000000 00000000 00000000 00003333 00004ccd 00002667 00000001 00000000 01c9c380 0000027c
capture_snapshot GLI1 00010000 30000000 2500000 479 0 30000000 0 0 0 0 0 0 0 6dad0b20 00000029 73472fe0 00000029 00778311 00000000 00778311 00000000 0000006a 00000000 00000000 00000000 059a29ce 00000000 0077837b 00000000 00000000 00000000 00000000 00000039 008b3199 00000001 00000000 00000001 00000000 00000000 00000000 00000000 00000000 00000000 00000000 00000000 00000000 00000000 00000000 00000000 00000000 00000000 00000000 00000000 2a2026d6 0000008a 73472ff3 00000029 00000000 00000000 00000000 00000000 00000101 00000081 00000000 00000000 00000000 00000000 00000000 00000000 00000000 00003333 00004ccd 00002667 00000001 00000000 01c9c380 0000027c
capture_snapshot GLI1 00010000 30000000 2500000 480 0 30000000 0 0 0 0 0 0 0 6dad0b20 00000029 734a32b0 00000029 0077c34d 00000000 0077c34d 00000000 0000006a 00000000 00000000 00000000 059d2ca1 00000000 0077c3b7 00000000 00000000 00000000 00000000 00000039 008b3199 00000001 00000000 00000001 00000000 00000000 00000000 00000000 00000000 00000000 00000000 00000000 00000000 00000000 00000000 00000000 00000000 00000000 00000000 00000000 2a2a302b 0000008a 734a32c6 00000029 00000000 00000000 00000000 00000000 00000100 00000080 00000000 00000000 00000000 00000000 00000000 00000000 00000000 00003333 00004ccd 00002667 00000001 00000000 01c9c380 0000027c
capture_snapshot GLI1 00010000 30000000 2500000 481 0 30000000 0 0 0 0 0 0 0 6dad0b20 00000029 734d2f80 00000029 00780309 00000000 00780309 00000000 0000006a 00000000 00000000 00000000 05a02974 00000000 00780373 00000000 00000000 00000000 00000000 00000039 008b3199 00000001 00000000 00000001 00000000 00000000 00000000 00000000 00000000 00000000 00000000 00000000 00000000 00000000 00000000 00000000 00000000 00000000 00000000 00000000 2a342583 0000008a 734d2f99 00000029 00000000 00000000 00000000 00000000 00000101 00000081 00000000 00000000 00000000 00000000 00000000 00000000 00000000 00003333 00004ccd 00002667 00000001 00000000 01c9c380 0000027c
capture_snapshot GLI1 00010000 30000000 2500000 482 0 30000000 0 0 0 0 0 0 0 6dad0b20 00000029 73502ee4 00000029 007842fc 00000000 007842fc 00000000 0000006a 00000000 00000000 00000000 05a328d5 00000000 00784366 00000000 00000000 00000000 00000000 00000039 008b3199 00000001 00000000 00000001 00000000 00000000 00000000 00000000 00000000 00000000 00000000 00000000 00000000 00000000 00000000 00000000 00000000 00000000 00000000 00000000 2a3e235d 0000008a 73502efa 00000029 00000000 00000000 00000000 00000000 00000101 00000081 00000000 00000000 00000000 00000000 00000000 00000000 00000000 00003333 00004ccd 00002667 00000001 00000000 01c9c380 0000027c
capture_snapshot GLI1 00010000 30000000 2500000 483 0 30000000 0 0 0 0 0 0 0 6dad0b20 00000029 73533298 00000029 0078834b 00000000 0078834b 00000000 0000006a 00000000 00000000 00000000 05a62c8d 00000000 007883b5 00000000 00000000 00000000 00000000 00000039 008b3199 00000001 00000000 00000001 00000000 00000000 00000000 00000000 00000000 00000000 00000000 00000000 00000000 00000000 00000000 00000000 00000000 00000000 00000000 00000000 2a482faf 0000008a 735332b2 00000029 00000000 00000000 00000000 00000000 00000101 00000081 00000000 00000000 00000000 00000000 00000000 00000000 00000000 00003333 00004ccd 00002667 00000001 00000000 01c9c380 0000027c
capture_snapshot GLI1 00010000 30000000 2500000 484 0 30000000 0 0 0 0 0 0 0 6dad0b20 00000029 735631c0 00000029 0078c339 00000000 0078c339 00000000 0000006a 00000000 00000000 00000000 05a92bb1 00000000 0078c3a3 00000000 00000000 00000000 00000000 00000039 008b3199 00000001 00000000 00000001 00000000 00000000 00000000 00000000 00000000 00000000 00000000 00000000 00000000 00000000 00000000 00000000 00000000 00000000 00000000 00000000 2a522cbf 0000008a 735631d6 00000029 00000000 00000000 00000000 00000000 00000101 00000080 00000000 00000000 00000000 00000000 00000000 00000000 00000000 00003333 00004ccd 00002667 00000001 00000000 01c9c380 0000027c
capture_snapshot GLI1 00010000 30000000 2500000 485 0 30000000 0 0 0 0 0 0 0 6dad0b20 00000029 7359391c 00000029 007903d6 00000000 007903d6 00000000 0000006a 00000000 00000000 00000000 05ac330d 00000000 00790440 00000000 00000000 00000000 00000000 00000039 008b3199 00000001 00000000 00000001 00000000 00000000 00000000 00000000 00000000 00000000 00000000 00000000 00000000 00000000 00000000 00000000 00000000 00000000 00000000 00000000 2a5c4534 0000008a 73593932 00000029 00000000 00000000 00000000 00000000 00000100 00000080 00000000 00000000 00000000 00000000 00000000 00000000 00000000 00003333 00004ccd 00002667 00000001 00000000 01c9c380 0000027c
capture_snapshot GLI1 00010000 30000000 2500000 486 0 30000000 0 0 0 0 0 0 0 6dad0b20 00000029 735c30c4 00000029 00794324 00000000 00794324 00000000 0000006a 00000000 00000000 00000000 05af2ab2 00000000 0079438e 00000000 00000000 00000000 00000000 00000039 008b3199 00000001 00000000 00000001 00000000 00000000 00000000 00000000 00000000 00000000 00000000 00000000 00000000 00000000 00000000 00000000 00000000 00000000 00000000 00000000 2a662946 0000008a 735c30d7 00000029 00000000 00000000 00000000 00000000 00000101 00000081 00000000 00000000 00000000 00000000 00000000 00000000 00000000 00003333 00004ccd 00002667 00000001 00000000 01c9c380 0000027c
capture_snapshot GLI1 00010000 30000000 2500000 487 0 30000000 0 0 0 0 0 0 0 6dad0b20 00000029 735f2fe0 00000029 00798311 00000000 00798311 00000000 0000006a 00000000 00000000 00000000 05b229cc 00000000 0079837b 00000000 00000000 00000000 00000000 00000039 008b3199 00000001 00000000 00000001 00000000 00000000 00000000 00000000 00000000 00000000 00000000 00000000 00000000 00000000 00000000 00000000 00000000 00000000 00000000 00000000 2a702633 0000008a 735f2ff1 00000029 00000000 00000000 00000000 00000000 00000101 00000081 00000000 00000000 00000000 00000000 00000000 00000000 00000000 00003333 00004ccd 00002667 00000001 00000000 01c9c380 0000027c
capture_snapshot GLI1 00010000 30000000 2500000 488 0 30000000 0 0 0 0 0 0 0 6dad0b20 00000029 736232d4 00000029 0079c350 00000000 0079c350 00000000 0000006a 00000000 00000000 00000000 05b52cc1 00000000 0079c3ba 00000000 00000000 00000000 00000000 00000039 008b3199 00000001 00000000 00000001 00000000 00000000 00000000 00000000 00000000 00000000 00000000 00000000 00000000 00000000 00000000 00000000 00000000 00000000 00000000 00000000 2a7a2ffc 0000008a 736232e6 00000029 00000000 00000000 00000000 00000000 00000101 00000080 00000000 00000000 00000000 00000000 00000000 00000000 00000000 00003333 00004ccd 00002667 00000001 00000000 01c9c380 0000027c
capture_snapshot GLI1 00010000 30000000 2500000 489 0 30000000 0 0 0 0 0 0 0 6dad0b20 00000029 73653298 00000029 007a034b 00000000 007a034b 00000000 0000006a 00000000 00000000 00000000 05b82c82 00000000 007a03b5 00000000 00000000 00000000 00000000 00000039 008b3199 00000001 00000000 00000001 00000000 00000000 00000000 00000000 00000000 00000000 00000000 00000000 00000000 00000000 00000000 00000000 00000000 00000000 00000000 00000000 2a842f16 0000008a 736532a7 00000029 00000000 00000000 00000000 00000000 00000101 00000081 00000000 00000000 00000000 00000000 00000000 00000000 00000000 00003333 00004ccd 00002667 00000001 00000000 01c9c380 0000027c
capture_snapshot GLI1 00010000 30000000 2500000 490 0 30000000 0 0 0 0 0 0 0 6dad0b20 00000029 7368316c 00000029 007a4332 00000000 007a4332 00000000 0000006a 00000000 00000000 00000000 05bb2b56 00000000 007a439c 00000000 00000000 00000000 00000000 00000039 008b3199 00000001 00000000 00000001 00000000 00000000 00000000 00000000 00000000 00000000 00000000 00000000 00000000 00000000 00000000 00000000 00000000 00000000 00000000 00000000 2a8e2b1b 0000008a 7368317b 00000029 00000000 00000000 00000000 00000000 00000101 00000081 00000000 00000000 00000000 00000000 00000000 00000000 00000000 00003333 00004ccd 00002667 00000001 00000000 01c9c380 0000027c
capture_snapshot GLI1 00010000 30000000 2500000 491 0 30000000 0 0 0 0 0 0 0 6dad0b20 00000029 736b30c4 00000029 007a8324 00000000 007a8324 00000000 0000006a 00000000 00000000 00000000 05be2ab2 00000000 007a838e 00000000 00000000 00000000 00000000 00000039 008b3199 00000001 00000000 00000001 00000000 00000000 00000000 00000000 00000000 00000000 00000000 00000000 00000000 00000000 00000000 00000000 00000000 00000000 00000000 00000000 2a9828e3 0000008a 736b30d7 00000029 00000000 00000000 00000000 00000000 00000101 00000080 00000000 00000000 00000000 00000000 00000000 00000000 00000000 00003333 00004ccd 00002667 00000001 00000000 01c9c380 0000027c
capture_snapshot GLI1 00010000 30000000 2500000 492 0 30000000 0 0 0 0 0 0 0 6dad0b20 00000029 736e316c 00000029 007ac332 00000000 007ac332 00000000 0000006a 00000000 00000000 00000000 05c12b57 00000000 007ac39c 00000000 00000000 00000000 00000000 00000039 008b3199 00000001 00000000 00000001 00000000 00000000 00000000 00000000 00000000 00000000 00000000 00000000 00000000 00000000 00000000 00000000 00000000 00000000 00000000 00000000 2aa22af7 0000008a 736e317c 00000029 00000000 00000000 00000000 00000000 00000101 00000081 00000000 00000000 00000000 00000000 00000000 00000000 00000000 00003333 00004ccd 00002667 00000001 00000000 01c9c380 0000027c
capture_snapshot GLI1 00010000 30000000 2500000 493 0 30000000 0 0 0 0 0 0 0 6dad0b20 00000029 737132bc 00000029 007b034e 00000000 007b034e 00000000 0000006a 00000000 00000000 00000000 05c42cac 00000000 007b03b8 00000000 00000000 00000000 00000000 00000039 008b3199 00000001 00000000 00000001 00000000 00000000 00000000 00000000 00000000 00000000 00000000 00000000 00000000 00000000 00000000 00000000 00000000 00000000 00000000 00000000 2aac2f54 0000008a 737132d1 00000029 00000000 00000000 00000000 00000000 00000101 00000081 00000000 00000000 00000000 00000000 00000000 00000000 00000000 00003333 00004ccd 00002667 00000001 00000000 01c9c380 0000027c
capture_snapshot GLI1 00010000 30000000 2500000 494 0 30000000 0 0 0 0 0 0 0 6dad0b20 00000029 73743220 00000029 007b4341 00000000 007b4341 00000000 0000006a 00000000 00000000 00000000 05c72c10 00000000 007b43ab 00000000 00000000 00000000 00000000 00000039 008b3199 00000001 00000000 00000001 00000000 00000000 00000000 00000000 00000000 00000000 00000000 00000000 00000000 00000000 00000000 00000000 00000000 00000000 00000000 00000000 2ab62d38 0000008a 73743235 00000029 00000000 00000000 00000000 00000000 00000101 00000081 00000000 00000000 00000000 00000000 00000000 00000000 00000000 00003333 00004ccd 00002667 00000001 00000000 01c9c380 0000027c
capture_snapshot GLI1 00010000 30000000 2500000 495 0 30000000 0 0 0 0 0 0 0 6dad0b20 00000029 737731d8 00000029 007b833b 00000000 007b833b 00000000 0000006a 00000000 00000000 00000000 05ca2bc8 00000000 007b83a5 00000000 00000000 00000000 00000000 00000039 008b3199 00000001 00000000 00000001 00000000 00000000 00000000 00000000 00000000 00000000 00000000 00000000 00000000 00000000 00000000 00000000 00000000 00000000 00000000 00000000 2ac02c35 0000008a 737731ed 00000029 00000000 00000000 00000000 00000000 00000101 00000081 00000000 00000000 00000000 00000000 00000000 00000000 00000000 00003333 00004ccd 00002667 00000001 00000000 01c9c380 0000027c
capture_snapshot GLI1 00010000 30000000 2500000 496 0 30000000 0 0 0 0 0 0 0 6dad0b20 00000029 737a2ee4 00000029 007bc2fc 00000000 007bc2fc 00000000 0000006a 00000000 00000000 00000000 05cd28d0 00000000 007bc366 00000000 00000000 00000000 00000000 00000039 008b3199 00000001 00000000 00000001 00000000 00000000 00000000 00000000 00000000 00000000 00000000 00000000 00000000 00000000 00000000 00000000 00000000 00000000 00000000 00000000 2aca223d 0000008a 737a2ef5 00000029 00000000 00000000 00000000 00000000 00000101 00000080 00000000 00000000 00000000 00000000 00000000 00000000 00000000 00003333 00004ccd 00002667 00000001 00000000 01c9c380 0000027c
capture_snapshot GLI1 00010000 30000000 2500000 497 0 30000000 0 0 0 0 0 0 0 6dad0b20 00000029 737d316c 00000029 007c0332 00000000 007c0332 00000000 0000006a 00000000 00000000 00000000 05d02b57 00000000 007c039c 00000000 00000000 00000000 00000000 00000039 008b3199 00000001 00000000 00000001 00000000 00000000 00000000 00000000 00000000 00000000 00000000 00000000 00000000 00000000 00000000 00000000 00000000 00000000 00000000 00000000 2ad42a96 0000008a 737d317c 00000029 00000000 00000000 00000000 00000000 00000101 00000081 00000000 00000000 00000000 00000000 00000000 00000000 00000000 00003333 00004ccd 00002667 00000001 00000000 01c9c380 0000027c
capture_snapshot GLI1 00010000 30000000 2500000 498 0 30000000 0 0 0 0 0 0 0 6dad0b20 00000029 73803424 00000029 007c436c 00000000 007c436c 00000000 0000006a 00000000 00000000 00000000 05d32e17 00000000 007c43d6 00000000 00000000 00000000 00000000 00000039 008b3199 00000001 00000000 00000001 00000000 00000000 00000000 00000000 00000000 00000000 00000000 00000000 00000000 00000000 00000000 00000000 00000000 00000000 00000000 00000000 2ade33ae 0000008a 7380343c 00000029 00000000 00000000 00000000 00000000 00000100 00000080 00000000 00000000 00000000 00000000 00000000 00000000 00000000 00003333 00004ccd 00002667 00000001 00000000 01c9c380 0000027c
capture_snapshot GLI1 00010000 30000000 2500000 499 0 30000000 0 0 0 0 0 0 0 6dad0b20 00000029 73832f80 00000029 007c8309 00000000 007c8309 00000000 0000006a 00000000 00000000 00000000 05d62972 00000000 007c8373 00000000 00000000 00000000 00000000 00000039 008b3199 00000001 00000000 00000001 00000000 00000000 00000000 00000000 00000000 00000000 00000000 00000000 00000000 00000000 00000000 00000000 00000000 00000000 00000000 00000000 2ae8241e 0000008a 73832f97 00000029 00000000 00000000 00000000 00000000 00000101 00000081 00000000 00000000 00000000 00000000 00000000 00000000 00000000 00003333 00004ccd 00002667 00000001 00000000 01c9c380 0000027c
capture_snapshot GLI1 00010000 30000000 2500000 500 0 30000000 0 0 0 0 0 0 0 6dad0b20 00000029 73863238 00000029 007cc343 00000000 007cc343 00000000 0000006a 00000000 00000000 00000000 05d92c22 00000000 007cc3ad 00000000 00000000 00000000 00000000 00000039 008b3199 00000001 00000000 00000001 00000000 00000000 00000000 00000000 00000000 00000000 00000000 00000000 00000000 00000000 00000000 00000000 00000000 00000000 00000000 00000000 2af22d00 0000008a 73863247 00000029 00000000 00000000 00000000 00000000 00000101 00000081 00000000 00000000 00000000 00000000 00000000 00000000 00000000 00003333 00004ccd 00002667 00000001 00000000 01c9c380 0000027c
capture_snapshot GLI1 00010000 30000000 2500000 501 0 30000000 0 0 0 0 0 0 0 6dad0b20 00000029 73892f80 00000029 007d0309 00000000 007d0309 00000000 0000006a 00000000 00000000 00000000 05dc2974 00000000 007d0373 00000000 00000000 00000000 00000000 00000039 008b3199 00000001 00000000 00000001 00000000 00000000 00000000 00000000 00000000 00000000 00000000 00000000 00000000 00000000 00000000 00000000 00000000 00000000 00000000 00000000 2afc23fe 0000008a 73892f99 00000029 00000000 00000000 00000000 00000000 00000101 00000081 00000000 00000000 00000000 00000000 00000000 00000000 00000000 00003333 00004ccd 00002667 00000001 00000000 01c9c380 0000027c
capture_snapshot GLI1 00010000 30000000 2500000 502 0 30000000 0 0 0 0 0 0 0 6dad0b20 00000029 738c325c 00000029 007d4346 00000000 007d4346 00000000 0000006a 00000000 00000000 00000000 05df2c48 00000000 007d43b0 00000000 00000000 00000000 00000000 00000039 008b3199 00000001 00000000 00000001 00000000 00000000 00000000 00000000 00000000 00000000 00000000 00000000 00000000 00000000 00000000 00000000 00000000 00000000 00000000 00000000 2b062d57 0000008a 738c326d 00000029 00000000 00000000 00000000 00000000 00000101 00000081 00000000 00000000 00000000 00000000 00000000 00000000 00000000 00003333 00004ccd 00002667 00000001 00000000 01c9c380 0000027c
capture_snapshot GLI1 00010000 30000000 2500000 503 0 30000000 0 0 0 0 0 0 0 6dad0b20 00000029 738f31c0 00000029 007d8339 00000000 007d8339 00000000 0000006a 00000000 00000000 00000000 05e22bb1 00000000 007d83a3 00000000 00000000 00000000 00000000 00000039 008b3199 00000001 00000000 00000001 00000000 00000000 00000000 00000000 00000000 00000000 00000000 00000000 00000000 00000000 00000000 00000000 00000000 00000000 00000000 00000000 2b102b4e 0000008a 738f31d6 00000029 00000000 00000000 00000000 00000000 00000100 00000080 00000000 00000000 00000000 00000000 00000000 00000000 00000000 00003333 00004ccd 00002667 00000001 00000000 01c9c380 0000027c
capture_snapshot GLI1 00010000 30000000 2500000 504 0 30000000 0 0 0 0 0 0 0 6dad0b20 00000029 739230ac 00000029 007dc322 00000000 007dc322 00000000 0000006a 00000000 00000000 00000000 05e52a9d 00000000 007dc38c 00000000 00000000 00000000 00000000 00000039 008b3199 00000001 00000000 00000001 00000000 00000000 00000000 00000000 00000000 00000000 00000000 00000000 00000000 00000000 00000000 00000000 00000000 00000000 00000000 00000000 2b1a27a1 0000008a 739230c2 00000029 00000000 00000000 00000000 00000000 00000101 00000081 00000000 00000000 00000000 00000000 00000000 00000000 00000000 00003333 00004ccd 00002667 00000001 00000000 01c9c380 0000027c
capture_snapshot GLI1 00010000 30000000 2500000 505 0 30000000 0 0 0 0 0 0 0 6dad0b20 00000029 73952f80 00000029 007e0309 00000000 007e0309 00000000 0000006a 00000000 00000000 00000000 05e8296f 00000000 007e0373 00000000 00000000 00000000 00000000 00000039 008b3199 00000001 00000000 00000001 00000000 00000000 00000000 00000000 00000000 00000000 00000000 00000000 00000000 00000000 00000000 00000000 00000000 00000000 00000000 00000000 2b24239f 0000008a 73952f94 00000029 00000000 00000000 00000000 00000000 00000101 00000081 00000000 00000000 00000000 00000000 00000000 00000000 00000000 00003333 00004ccd 00002667 00000001 00000000 01c9c380 0000027c
capture_snapshot GLI1 00010000 30000000 2500000 506 0 30000000 0 0 0 0 0 0 0 6dad0b20 00000029 73983088 00000029 007e431f 00000000 007e431f 00000000 0000006a 00000000 00000000 00000000 05eb2a71 00000000 007e4389 00000000 00000000 00000000 00000000 00000039 008b3199 00000001 00000000 00000001 00000000 00000000 00000000 00000000 00000000 00000000 00000000 00000000 00000000 00000000 00000000 00000000 00000000 00000000 00000000 00000000 2b2e26e9 0000008a 73983096 00000029 00000000 00000000 00000000 00000000 00000100 00000080 00000000 00000000 00000000 00000000 00000000 00000000 00000000 00003333 00004ccd 00002667 00000001 00000000 01c9c380 0000027c
capture_snapshot GLI1 00010000 30000000 2500000 507 0 30000000 0 0 0 0 0 0 0 6dad0b20 00000029 739b3400 00000029 007e8369 00000000 007e8369 00000000 0000006a 00000000 00000000 00000000 05ee2dea 00000000 007e83d3 00000000 00000000 00000000 00000000 00000039 008b3199 00000001 00000000 00000001 00000000 00000000 00000000 00000000 00000000 00000000 00000000 00000000 00000000 00000000 00000000 00000000 00000000 00000000 00000000 00000000 2b383266 0000008a 739b340f 00000029 00000000 00000000 00000000 00000000 00000100 00000080 00000000 00000000 00000000 00000000 00000000 00000000 00000000 00003333 00004ccd 00002667 00000001 00000000 01c9c380 0000027c
capture_snapshot GLI1 00010000 30000000 2500000 508 0 30000000 0 0 0 0 0 0 0 6dad0b20 00000029 739e2fec 00000029 007ec312 00000000 007ec312 00000000 0000006a 00000000 00000000 00000000 05f129e0 00000000 007ec37c 00000000 00000000 00000000 00000000 00000039 008b3199 00000001 00000000 00000001 00000000 00000000 00000000 00000000 00000000 00000000 00000000 00000000 00000000 00000000 00000000 00000000 00000000 00000000 00000000 00000000 2b4224dd 0000008a 739e3005 00000029 00000000 00000000 00000000 00000000 00000101 00000081 00000000 00000000 00000000 00000000 00000000 00000000 00000000 00003333 00004ccd 00002667 00000001 00000000 01c9c380 0000027c
capture_snapshot GLI1 00010000 30000000 2500000 509 0 30000000 0 0 0 0 0 0 0 6dad0b20 00000029 73a13328 00000029 007f0357 00000000 007f0357 00000000 0000006a 00000000 00000000 00000000 05f42d19 00000000 007f03c1 00000000 00000000 00000000 00000000 00000039 008b3199 00000001 00000000 00000001 00000000 00000000 00000000 00000000 00000000 00000000 00000000 00000000 00000000 00000000 00000000 00000000 00000000 00000000 00000000 00000000 2b4c2f89 0000008a 73a1333e 00000029 00000000 00000000 00000000 00000000 00000100 00000080 00000000 00000000 00000000 00000000 00000000 00000000 00000000 00003333 00004ccd 00002667 00000001 00000000 01c9c380 0000027c
capture_snapshot GLI1 00010000 30000000 2500000 510 0 30000000 0 0 0 0 0 0 0 6dad0b20 00000029 73a42fc8 00000029 007f430f 00000000 007f430f 00000000 0000006a 00000000 00000000 00000000 05f729bb 00000000 007f4379 00000000 00000000 00000000 00000000 00000039 008b3199 00000001 00000000 00000001 00000000 00000000 00000000 00000000 00000000 00000000 00000000 00000000 00000000 00000000 00000000 00000000 00000000 00000000 00000000 00000000 2b56243a 0000008a 73a42fe0 00000029 00000000 00000000 00000000 00000000 00000101 00000080 00000000 00000000 00000000 00000000 00000000 00000000 00000000 00003333 00004ccd 00002667 00000001 00000000 01c9c380 0000027c
capture_snapshot GLI1 00010000 30000000 2500000 511 0 30000000 0 0 0 0 0 0 0 6dad0b20 00000029 73a72f08 00000029 007f82ff 00000000 007f82ff 00000000 0000006a 00000000 00000000 00000000 05fa28f6 00000000 007f8369 00000000 00000000 00000000 00000000 00000039 008b3199 00000001 00000000 00000001 00000000 00000000 00000000 00000000 00000000 00000000 00000000 00000000 00000000 00000000 00000000 00000000 00000000 00000000 00000000 00000000 2b602196 0000008a 73a72f1b 00000029 00000000 00000000 00000000 00000000 00000101 00000080 00000000 00000000 00000000 00000000 00000000 00000000 00000000 00003333 00004ccd 00002667 00000001 00000000 01c9c380 0000027c
capture_snapshot GLI1 00010000 30000000 2500000 512 0 30000000 0 0 0 0 0 0 0 6dad0b20 00000029 73aa3484 00000029 007fc374 00000000 007fc374 00000000 0000006a 00000000 00000000 00000000 05fd2e77 00000000 007fc3de 00000000 00000000 00000000 00000000 00000039 008b3199 00000001 00000000 00000001 00000000 00000000 00000000 00000000 00000000 00000000 00000000 00000000 00000000 00000000 00000000 00000000 00000000 00000000 00000000 00000000 2b6a33db 0000008a 73aa349c 00000029 00000000 00000000 00000000 00000000 00000101 00000080 00000000 00000000 00000000 00000000 00000000 00000000 00000000 00003333 00004ccd 00002667 00000001 00000000 01c9c380 0000027c
capture_snapshot GLI1 00010000 30000000 2500000 513 0 30000000 0 0 0 0 0 0 0 6dad0b20 00000029 73ad316c 00000029 00800332 00000000 00800332 00000000 0000006a 00000000 00000000 00000000 06002b56 00000000 0080039c 00000000 00000000 00000000 00000000 00000039 008b3199 00000001 00000000 00000001 00000000 00000000 00000000 00000000 00000000 00000000 00000000 00000000 00000000 00000000 00000000 00000000 00000000 00000000 00000000 00000000 2b74295b 0000008a 73ad317b 00000029 00000000 00000000 00000000 00000000 00000101 00000081 00000000 00000000 00000000 00000000 00000000 00000000 00000000 00003333 00004ccd 00002667 00000001 00000000 01c9c380 0000027c
capture_snapshot GLI1 00010000 30000000 2500000 514 0 30000000 0 0 0 0 0 0 0 6dad0b20 00000029 73b03bbc 00000029 0080440e 00000000 0080440e 00000000 0000006a 00000000 00000000 00000000 060335ab 00000000 00804478 00000000 00000000 00000000 00000000 00000039 008b3199 00000001 00000000 00000001 00000000 00000000 00000000 00000000 00000000 00000000 00000000 00000000 00000000 00000000 00000000 00000000 00000000 00000000 00000000 00000000 2b7e4bb7 0000008a 73b03bd0 00000029 00000000 00000000 00000000 00000000 00000101 00000080 00000000 00000000 00000000 00000000 00000000 00000000 00000000 00003333 00004ccd 00002667 00000001 00000000 01c9c380 0000027c
capture_snapshot GLI1 00010000 30000000 2500000 515 0 30000000 0 0 0 0 0 0 0 6dad0b20 00000029 73b3310c 00000029 0080832a 00000000 0080832a 00000000 0000006a 00000000 00000000 00000000 06062afd 00000000 00808394 00000000 00000000 00000000 00000000 00000039 008b3199 00000001 00000000 00000001 00000000 00000000 00000000 00000000 00000000 00000000 00000000 00000000 00000000 00000000 00000000 00000000 00000000 00000000 00000000 00000000 2b88280a 0000008a 73b33122 00000029 00000000 00000000 00000000 00000000 00000101 00000080 00000000 00000000 00000000 00000000 00000000 00000000 00000000 00003333 00004ccd 00002667 00000001 00000000 01c9c380 0000027c
capture_snapshot GLI1 00010000 30000000 2500000 516 0 30000000 0 0 0 0 0 0 0 6dad0b20 00000029 73b62fbc 00000029 0080c30e 00000000 0080c30e 00000000 0000006a 00000000 00000000 00000000 060929af 00000000 0080c378 00000000 00000000 00000000 00000000 00000039 008b3199 00000001 00000000 00000001 00000000 00000000 00000000 00000000 00000000 00000000 00000000 00000000 00000000 00000000 00000000 00000000 00000000 00000000 00000000 00000000 2b92239e 0000008a 73b62fd4 00000029 00000000 00000000 00000000 00000000 00000101 00000081 00000000 00000000 00000000 00000000 00000000 00000000 00000000 00003333 00004ccd 00002667 00000001 00000000 01c9c380 0000027c
capture_snapshot GLI1 00010000 30000000 2500000 517 0 30000000 0 0 0 0 0 0 0 6dad0b20 00000029 73b93514 00000029 00810380 00000000 00810380 00000000 0000006a 00000000 00000000 00000000 060c2f07 00000000 008103ea 00000000 00000000 00000000 00000000 00000039 008b3199 00000001 00000000 00000001 00000000 00000000 00000000 00000000 00000000 00000000 00000000 00000000 00000000 00000000 00000000 00000000 00000000 00000000 00000000 00000000 2b9c355a 0000008a 73b9352c 00000029 00000000 00000000 00000000 00000000 00000101 00000080 00000000 00000000 00000000 00000000 00000000 00000000 00000000 00003333 00004ccd 00002667 00000001 00000000 01c9c380 0000027c
capture_snapshot GLI1 00010000 30000000 2500000 518 0 30000000 0 0 0 0 0 0 0 6dad0b20 00000029 73bc3130 00000029 0081432d 00000000 0081432d 00000000 0000006a 00000000 00000000 00000000 060f2b1e 00000000 00814397 00000000 00000000 00000000 00000000 00000039 008b3199 00000001 00000000 00000001 00000000 00000000 00000000 00000000 00000000 00000000 00000000 00000000 00000000 00000000 00000000 00000000 00000000 00000000 00000000 00000000 2ba6283f 0000008a 73bc3143 00000029 00000000 00000000 00000000 00000000 00000101 00000081 00000000 00000000 00000000 00000000 00000000 00000000 00000000 00003333 00004ccd 00002667 00000001 00000000 01c9c380 0000027c
capture_snapshot GLI1 00010000 30000000 2500000 519 0 30000000 0 0 0 0 0 0 0 6dad0b20 00000029 73bf3088 00000029 0081831f 00000000 0081831f 00000000 0000006a 00000000 00000000 00000000 06122a7c 00000000 00818389 00000000 00000000 00000000 00000000 00000039 008b3199 00000001 00000000 00000001 00000000 00000000 00000000 00000000 00000000 00000000 00000000 00000000 00000000 00000000 00000000 00000000 00000000 00000000 00000000 00000000 2bb0260e 0000008a 73bf30a1 00000029 00000000 00000000 00000000 00000000 00000100 00000080 00000000 00000000 00000000 00000000 00000000 00000000 00000000 00003333 00004ccd 00002667 00000001 00000000 01c9c380 0000027c
capture_snapshot GLI1 00010000 30000000 2500000 520 0 30000000 0 0 0 0 0 0 0 6dad0b20 00000029 73c230dc 00000029 0081c326 00000000 0081c326 00000000 0000006a 00000000 00000000 00000000 06152acc 00000000 0081c390 00000000 00000000 00000000 00000000 00000039 008b3199 00000001 00000000 00000001 00000000 00000000 00000000 00000000 00000000 00000000 00000000 00000000 00000000 00000000 00000000 00000000 00000000 00000000 00000000 00000000 2bba2706 0000008a 73c230f1 00000029 00000000 00000000 00000000 00000000 00000101 00000081 00000000 00000000 00000000 00000000 00000000 00000000 00000000 00003333 00004ccd 00002667 00000001 00000000 01c9c380 0000027c
capture_snapshot GLI1 00010000 30000000 2500000 521 0 30000000 0 0 0 0 0 0 0 6dad0b20 00000029 73c5310c 00000029 0082032a 00000000 0082032a 00000000 0000006a 00000000 00000000 00000000 06182b00 00000000 00820394 00000000 00000000 00000000 00000000 00000039 008b3199 00000001 00000000 00000001 00000000 00000000 00000000 00000000 00000000 00000000 00000000 00000000 00000000 00000000 00000000 00000000 00000000 00000000 00000000 00000000 2bc427a0 0000008a 73c53125 00000029 00000000 00000000 00000000 00000000 00000101 00000081 00000000 00000000 00000000 00000000 00000000 00000000 00000000 00003333 00004ccd 00002667 00000001 00000000 01c9c380 0000027c
capture_snapshot GLI1 00010000 30000000 2500000 522 0 30000000 0 0 0 0 0 0 0 6dad0b20 00000029 73c83334 00000029 00824358 00000000 00824358 00000000 0000006a 00000000 00000000 00000000 061b2d23 00000000 008243c2 00000000 00000000 00000000 00000000 00000039 008b3199 00000001 00000000 00000001 00000000 00000000 00000000 00000000 00000000 00000000 00000000 00000000 00000000 00000000 00000000 00000000 00000000 00000000 00000000 00000000 2bce2ead 0000008a 73c83348 00000029 00000000 00000000 00000000 00000000 00000100 00000080 00000000 00000000 00000000 00000000 00000000 00000000 00000000 00003333 00004ccd 00002667 00000001 00000000 01c9c380 0000027c
capture_snapshot GLI1 00010000 30000000 2500000 523 0 30000000 0 0 0 0 0 0 0 6dad0b20 00000029 73cb3184 00000029 00828334 00000000 00828334 00000000 0000006a 00000000 00000000 00000000 061e2b71 00000000 0082839e 00000000 00000000 00000000 00000000 00000039 008b3199 00000001 00000000 00000001 00000000 00000000 00000000 00000000 00000000 00000000 00000000 00000000 00000000 00000000 00000000 00000000 00000000 00000000 00000000 00000000 2bd828f3 0000008a 73cb3196 00000029 00000000 00000000 00000000 00000000 00000100 00000080 00000000 00000000 00000000 00000000 00000000 00000000 00000000 00003333 00004ccd 00002667 00000001 00000000 01c9c380 0000027c
capture_snapshot GLI1 00010000 30000000 2500000 524 0 30000000 0 0 0 0 0 0 0 6dad0b20 00000029 73ce3268 00000029 0082c347 00000000 0082c347 00000000 0000006a 00000000 00000000 00000000 06212c55 00000000 0082c3b1 00000000 00000000 00000000 00000000 00000039 008b3199 00000001 00000000 00000001 00000000 00000000 00000000 00000000 00000000 00000000 00000000 00000000 00000000 00000000 00000000 00000000 00000000 00000000 00000000 00000000 2be22bd6 0000008a 73ce327a 00000029 00000000 00000000 00000000 00000000 00000101 00000080 00000000 00000000 00000000 00000000 00000000 00000000 00000000 00003333 00004ccd 00002667 00000001 00000000 01c9c380 0000027c
capture_snapshot GLI1 00010000 30000000 2500000 525 0 30000000 0 0 0 0 0 0 0 6dad0b20 00000029 73d12f2c 00000029 00830302 00000000 00830302 00000000 0000006a 00000000 00000000 00000000 06242916 00000000 0083036c 00000000 00000000 00000000 00000000 00000039 008b3199 00000001 00000000 00000001 00000000 00000000 00000000 00000000 00000000 00000000 00000000 00000000 00000000 00000000 00000000 00000000 00000000 00000000 00000000 00000000 2bec20f0 0000008a 73d12f3b 00000029 00000000 00000000 00000000 00000000 00000100 00000080 00000000 00000000 00000000 00000000 00000000 00000000 00000000 00003333 00004ccd 00002667 00000001 00000000 01c9c380 0000027c
capture_snapshot GLI1 00010000 30000000 2500000 526 0 30000000 0 0 0 0 0 0 0 6dad0b20 00000029 73d4313c 00000029 0083432e 00000000 0083432e 00000000 0000006a 00000000 00000000 00000000 06272b2e 00000000 00834398 00000000 00000000 00000000 00000000 00000039 008b3199 00000001 00000000 00000001 00000000 00000000 00000000 00000000 00000000 00000000 00000000 00000000 00000000 00000000 00000000 00000000 00000000 00000000 00000000 00000000 2bf627da 0000008a 73d43153 00000029 00000000 00000000 00000000 00000000 00000100 00000080 00000000 00000000 00000000 00000000 00000000 00000000 00000000 00003333 00004ccd 00002667 00000001 00000000 01c9c380 0000027c
capture_snapshot GLI1 00010000 30000000 2500000 527 0 30000000 0 0 0 0 0 0 0 6dad0b20 00000029 73d735f8 00000029 00838393 00000000 00838393 00000000 0000006a 00000000 00000000 00000000 062a2fed 00000000 008383fd 00000000 00000000 00000000 00000000 00000039 008b3199 00000001 00000000 00000001 00000000 00000000 00000000 00000000 00000000 00000000 00000000 00000000 00000000 00000000 00000000 00000000 00000000 00000000 00000000 00000000 2c003796 0000008a 73d73612 00000029 00000000 00000000 00000000 00000000 00000101 00000080 00000000 00000000 00000000 00000000 00000000 00000000 00000000 00003333 00004ccd 00002667 00000001 00000000 01c9c380 0000027c
capture_snapshot GLI1 00010000 30000000 2500000 528 0 30000000 0 0 0 0 0 0 0 6dad0b20 00000029 73da3094 00000029 0083c320 00000000 0083c320 00000000 0000006a 00000000 00000000 00000000 062d2a7e 00000000 0083c38a 00000000 00000000 00000000 00000000 00000039 008b3199 00000001 00000000 00000001 00000000 00000000 00000000 00000000 00000000 00000000 00000000 00000000 00000000 00000000 00000000 00000000 00000000 00000000 00000000 00000000 2c0a2566 0000008a 73da30a3 00000029 00000000 00000000 00000000 00000000 00000101 00000080 00000000 00000000 00000000 00000000 00000000 00000000 00000000 00003333 00004ccd 00002667 00000001 00000000 01c9c380 0000027c
capture_snapshot GLI1 00010000 30000000 2500000 529 0 30000000 0 0 0 0 0 0 0 6dad0b20 00000029 73dd3358 00000029 0084035b 00000000 0084035b 00000000 0000006a 00000000 00000000 00000000 06302d4b 00000000 008403c5 00000000 00000000 00000000 00000000 00000039 008b3199 00000001 00000000 00000001 00000000 00000000 00000000 00000000 00000000 00000000 00000000 00000000 00000000 00000000 00000000 00000000 00000000 00000000 00000000 00000000 2c142eaa 0000008a 73dd3370 00000029 00000000 00000000 00000000 00000000 00000101 00000081 00000000 00000000 00000000 00000000 00000000 00000000 00000000 00003333 00004ccd 00002667 00000001 00000000 01c9c380 0000027c
capture_snapshot GLI1 00010000 30000000 2500000 530 0 30000000 0 0 0 0 0 0 0 6dad0b20 00000029 73e030b8 00000029 00844323 00000000 00844323 00000000 0000006a 00000000 00000000 00000000 06332aac 00000000 0084438d 00000000 00000000 00000000 00000000 00000039 008b3199 00000001 00000000 00000001 00000000 00000000 00000000 00000000 00000000 00000000 00000000 00000000 00000000 00000000 00000000 00000000 00000000 00000000 00000000 00000000 2c1e25da 0000008a 73e030d1 00000029 00000000 00000000 00000000 00000000 00000100 00000080 00000000 00000000 00000000 00000000 00000000 00000000 00000000 00003333 00004ccd 00002667 00000001 00000000 01c9c380 0000027c
capture_snapshot GLI1 00010000 30000000 2500000 531 0 30000000 0 0 0 0 0 0 0 6dad0b20 00000029 73e32dc4 00000029 008482e4 00000000 008482e4 00000000 0000006a 00000000 00000000 00000000 063627ae 00000000 0084834e 00000000 00000000 00000000 00000000 00000039 008b3199 00000001 00000000 00000001 00000000 00000000 00000000 00000000 00000000 00000000 00000000 00000000 00000000 00000000 00000000 00000000 00000000 00000000 00000000 00000000 2c281bcb 0000008a 73e32dd3 00000029 00000000 00000000 00000000 00000000 00000100 00000080 00000000 00000000 00000000 00000000 00000000 00000000 00000000 00003333 00004ccd 00002667 00000001 00000000 01c9c380 0000027c
capture_snapshot GLI1 00010000 30000000 2500000 532 0 30000000 0 0 0 0 0 0 0 6dad0b20 00000029 73e633f4 00000029 0084c368 00000000 0084c368 00000000 0000006a 00000000 00000000 00000000 06392ddf 00000000 0084c3d2 00000000 00000000 00000000 00000000 00000039 008b3199 00000001 00000000 00000001 00000000 00000000 00000000 00000000 00000000 00000000 00000000 00000000 00000000 00000000 00000000 00000000 00000000 00000000 00000000 00000000 2c32305c 0000008a 73e63404 00000029 00000000 00000000 00000000 00000000 00000101 00000081 00000000 00000000 00000000 00000000 00000000 00000000 00000000 00003333 00004ccd 00002667 00000001 00000000 01c9c380 0000027c
capture_snapshot GLI1 00010000 30000000 2500000 533 0 30000000 0 0 0 0 0 0 0 6dad0b20 00000029 73e93160 00000029 00850331 00000000 00850331 00000000 0000006a 00000000 00000000 00000000 063c2b4c 00000000 0085039b 00000000 00000000 00000000 00000000 00000039 008b3199 00000001 00000000 00000001 00000000 00000000 00000000 00000000 00000000 00000000 00000000 00000000 00000000 00000000 00000000 00000000 00000000 00000000 00000000 00000000 2c3c27b5 0000008a 73e93171 00000029 00000000 00000000 00000000 00000000 00000100 00000080 00000000 00000000 00000000 00000000 00000000 00000000 00000000 00003333 00004ccd 00002667 00000001 00000000 01c9c380 0000027c
capture_snapshot GLI1 00010000 30000000 2500000 534 0 30000000 0 0 0 0 0 0 0 6dad0b20 00000029 73ec2f74 00000029 00854308 00000000 00854308 00000000 0000006a 00000000 00000000 00000000 063f2966 00000000 00854372 00000000 00000000 00000000 00000000 00000039 008b3199 00000001 00000000 00000001 00000000 00000000 00000000 00000000 00000000 00000000 00000000 00000000 00000000 00000000 00000000 00000000 00000000 00000000 00000000 00000000 2c46214d 0000008a 73ec2f8b 00000029 00000000 00000000 00000000 00000000 00000101 00000081 00000000 00000000 00000000 00000000 00000000 00000000 00000000 00003333 00004ccd 00002667 00000001 00000000 01c9c380 0000027c
capture_snapshot GLI1 00010000 30000000 2500000 535 0 30000000 0 0 0 0 0 0 0 6dad0b20 00000029 73ef3028 00000029 00858317 00000000 00858317 00000000 0000006a 00000000 00000000 00000000 06422a12 00000000 00858381 00000000 00000000 00000000 00000000 00000039 008b3199 00000001 00000000 00000001 00000000 00000000 00000000 00000000 00000000 00000000 00000000 00000000 00000000 00000000 00000000 00000000 00000000 00000000 00000000 00000000 2c502378 0000008a 73ef3037 00000029 00000000 00000000 00000000 00000000 00000100 00000080 00000000 00000000 00000000 00000000 00000000 00000000 00000000 00003333 00004ccd 00002667 00000001 00000000 01c9c380 0000027c
capture_snapshot GLI1 00010000 30000000 2500000 536 0 30000000 0 0 0 0 0 0 0 6dad0b20 00000029 73f23088 00000029 0085c31f 00000000 0085c31f 00000000 0000006a 00000000 00000000 00000000 06452a79 00000000 0085c389 00000000 00000000 00000000 00000000 00000039 008b3199 00000001 00000000 00000001 00000000 00000000 00000000 00000000 00000000 00000000 00000000 00000000 00000000 00000000 00000000 00000000 00000000 00000000 00000000 00000000 2c5a24bb 0000008a 73f2309e 00000029 00000000 00000000 00000000 00000000 00000101 00000080 00000000 00000000 00000000 00000000 00000000 00000000 00000000 00003333 00004ccd 00002667 00000001 00000000 01c9c380 0000027c
capture_snapshot GLI1 00010000 30000000 2500000 537 0 30000000 0 0 0 0 0 0 0 6dad0b20 00000029 73f5328c 00000029 0086034a 00000000 0086034a 00000000 0000006a 00000000 00000000 00000000 06482c7c 00000000 008603b4 00000000 00000000 00000000 00000000 00000039 008b3199 00000001 00000000 00000001 00000000 00000000 00000000 00000000 00000000 00000000 00000000 00000000 00000000 00000000 00000000 00000000 00000000 00000000 00000000 00000000 2c642b5c 0000008a 73f532a1 00000029 00000000 00000000 00000000 00000000 00000101 00000081 00000000 00000000 00000000 00000000 00000000 00000000 00000000 00003333 00004ccd 00002667 00000001 00000000 01c9c380 0000027c
capture_snapshot GLI1 00010000 30000000 2500000 538 0 30000000 0 0 0 0 0 0 0 6dad0b20 00000029 73f83160 00000029 00864331 00000000 00864331 00000000 0000006a 00000000 00000000 00000000 064b2b4a 00000000 0086439b 00000000 00000000 00000000 00000000 00000039 008b3199 00000001 00000000 00000001 00000000 00000000 00000000 00000000 00000000 00000000 00000000 00000000 00000000 00000000 00000000 00000000 00000000 00000000 00000000 00000000 2c6e274c 0000008a 73f8316f 00000029 00000000 00000000 00000000 00000000 00000101 00000081 00000000 00000000 00000000 00000000 00000000 00000000 00000000 00003333 00004ccd 00002667 00000001 00000000 01c9c380 0000027c
capture_snapshot GLI1 00010000 30000000 2500000 539 0 30000000 0 0 0 0 0 0 0 6dad0b20 00000029 73fb3220 00000029 00868341 00000000 00868341 00000000 0000006a 00000000 00000000 00000000 064e2c13 00000000 008683ab 00000000 00000000 00000000 00000000 00000039 008b3199 00000001 00000000 00000001 00000000 00000000 00000000 00000000 00000000 00000000 00000000 00000000 00000000 00000000 00000000 00000000 00000000 00000000 00000000 00000000 2c7829d7 0000008a 73fb3238 00000029 00000000 00000000 00000000 00000000 00000101 00000081 00000000 00000000 00000000 00000000 00000000 00000000 00000000 00003333 00004ccd 00002667 00000001 00000000 01c9c380 0000027c
capture_snapshot GLI1 00010000 30000000 2500000 540 0 30000000 0 0 0 0 0 0 0 6dad0b20 00000029 73fe2ddc 00000029 0086c2e6 00000000 0086c2e5 00000000 0000006a 00000000 00000000 00000000 065127c5 00000000 0086c350 00000000 00000000 00000000 00000000 0000003b 008b3199 00000001 00000001 00000001 00000000 00000000 00000000 00000000 00000000 00000000 00000000 00000000 00000000 00000000 00000000 00000000 00000000 00000000 00000000 00000000 2c821b6b 0000008a 73fe2dea 00000029 00000000 00000000 00000000 00000000 00000100 00000080 00000000 00000000 00000000 00000000 00000000 00000000 00000000 00003333 00004ccd 00002667 00000001 00000000 01c9c380 0000027c
capture_snapshot GLI1 00010000 30000000 2500000 541 0 30000000 0 0 0 0 0 0 0 6dad0b20 00000029 7401304c 00000029 0087031a 00000000 0087031a 00000000 0000006a 00000000 00000000 00000000 06542a40 00000000 00870384 00000000 00000000 00000000 00000000 00000039 008b3199 00000001 00000000 00000001 00000000 00000000 00000000 00000000 00000000 00000000 00000000 00000000 00000000 00000000 00000000 00000000 00000000 00000000 00000000 00000000 2c8c239a 0000008a 74013065 00000029 00000000 00000000 00000000 00000000 00000101 00000080 00000000 00000000 00000000 00000000 00000000 00000000 00000000 00003333 00004ccd 00002667 00000001 00000000 01c9c380 0000027c
capture_snapshot GLI1 00010000 30000000 2500000 542 0 30000000 0 0 0 0 0 0 0 6dad0b20 00000029 74042548 00000029 0087422f 00000000 0087422f 00000000 0000006a 00000000 00000000 00000000 06571f34 00000000 00874299 00000000 00000000 00000000 00000000 00000039 008b3199 00000001 00000000 00000001 00000000 00000000 00000000 00000000 00000000 00000000 00000000 00000000 00000000 00000000 00000000 00000000 00000000 00000000 00000000 00000000 2c95feb4 0000008a 74042559 00000029 00000000 00000000 00000000 00000000 00000100 00000080 00000000 00000000 00000000 00000000 00000000 00000000 00000000 00003333 00004ccd 00002667 00000001 00000000 01c9c380 0000027c
capture_snapshot GLI1 00010000 30000000 2500000 543 0 30000000 0 0 0 0 0 0 0 6dad0b20 00000029 740725fc 00000029 0087823e 00000000 0087823e 00000000 0000006a 00000000 00000000 00000000 065a1fed 00000000 008782a8 00000000 00000000 00000000 00000000 00000039 008b3199 00000001 00000000 00000001 00000000 00000000 00000000 00000000 00000000 00000000 00000000 00000000 00000000 00000000 00000000 00000000 00000000 00000000 00000000 00000000 2ca00109 0000008a 74072612 00000029 00000000 00000000 00000000 00000000 00000100 00000080 00000000 00000000 00000000 00000000 00000000 00000000 00000000 00003333 00004ccd 00002667 00000001 00000000 01c9c380 0000027c
capture_snapshot GLI1 00010000 30000000 2500000 544 0 30000000 0 0 0 0 0 0 0 6dad0b20 00000029 740a2098 00000029 0087c1cb 00000000 0087c1cb 00000000 0000006a 00000000 00000000 00000000 065d1a82 00000000 0087c235 00000000 00000000 00000000 00000000 00000039 008b3199 00000001 00000000 00000001 00000000 00000000 00000000 00000000 00000000 00000000 00000000 00000000 00000000 00000000 00000000 00000000 00000000 00000000 00000000 00000000 2ca9eee7 0000008a 740a20a7 00000029 00000000 00000000 00000000 00000000 00000101 00000080 00000000 00000000 00000000 00000000 00000000 00000000 00000000 00003333 00004ccd 00002667 00000001 00000000 01c9c380 0000027c
capture_snapshot GLI1 00010000 30000000 2500000 545 0 30000000 0 0 0 0 0 0 0 6dad0b20 00000029 740d24d0 00000029 00880225 00000000 00880225 00000000 0000006a 00000000 00000000 00000000 06601ec4 00000000 0088028f 00000000 00000000 00000000 00000000 00000039 008b3199 00000001 00000000 00000001 00000000 00000000 00000000 00000000 00000000 00000000 00000000 00000000 00000000 00000000 00000000 00000000 00000000 00000000 00000000 00000000 2cb3fd06 0000008a 740d24e9 00000029 00000000 00000000 00000000 00000000 00000101 00000081 00000000 00000000 00000000 00000000 00000000 00000000 00000000 00003333 00004ccd 00002667 00000001 00000000 01c9c380 0000027c
capture_snapshot GLI1 00010000 30000000 2500000 546 0 30000000 0 0 0 0 0 0 0 6dad0b20 00000029 74101e34 00000029 00884198 00000000 00884198 00000000 0000006a 00000000 00000000 00000000 0663181d 00000000 00884202 00000000 00000000 00000000 00000000 00000039 008b3199 00000001 00000000 00000001 00000000 00000000 00000000 00000000 00000000 00000000 00000000 00000000 00000000 00000000 00000000 00000000 00000000 00000000 00000000 00000000 2cbde6c7 0000008a 74101e42 00000029 00000000 00000000 00000000 00000000 00000100 00000080 00000000 00000000 00000000 00000000 00000000 00000000 00000000 00003333 00004ccd 00002667 00000001 00000000 01c9c380 0000027c
capture_snapshot GLI1 00010000 30000000 2500000 547 0 30000000 0 0 0 0 0 0 0 6dad0b20 00000029 74131e64 00000029 0088819c 00000000 0088819c 00000000 0000006a 00000000 00000000 00000000 06661851 00000000 00888206 00000000 00000000 00000000 00000000 00000039 008b3199 00000001 00000000 00000001 00000000 00000000 00000000 00000000 00000000 00000000 00000000 00000000 00000000 00000000 00000000 00000000 00000000 00000000 00000000 00000000 2cc7e75f 0000008a 74131e76 00000029 00000000 00000000 00000000 00000000 00000101 00000081 00000000 00000000 00000000 00000000 00000000 00000000 00000000 00003333 00004ccd 00002667 00000001 00000000 01c9c380 0000027c
capture_snapshot GLI1 00010000 30000000 2500000 548 0 30000000 0 0 0 0 0 0 0 6dad0b20 00000029 74161e04 00000029 0088c194 00000000 0088c194 00000000 0000006a 00000000 00000000 00000000 066917f4 00000000 0088c1fe 00000000 00000000 00000000 00000000 00000039 008b3199 00000001 00000000 00000001 00000000 00000000 00000000 00000000 00000000 00000000 00000000 00000000 00000000 00000000 00000000 00000000 00000000 00000000 00000000 00000000 2cd1e615 0000008a 74161e19 00000029 00000000 00000000 00000000 00000000 00000101 00000080 00000000 00000000 00000000 00000000 00000000 00000000 00000000 00003333 00004ccd 00002667 00000001 00000000 01c9c380 0000027c
capture_snapshot GLI1 00010000 30000000 2500000 549 0 30000000 0 0 0 0 0 0 0 6dad0b20 00000029 74191cf0 00000029 0089017d 00000000 0089017d 00000000 0000006a 00000000 00000000 00000000 066c16dc 00000000 008901e7 00000000 00000000 00000000 00000000 00000039 008b3199 00000001 00000000 00000001 00000000 00000000 00000000 00000000 00000000 00000000 00000000 00000000 00000000 00000000 00000000 00000000 00000000 00000000 00000000 00000000 2cdbe25d 0000008a 74191d01 00000029 00000000 00000000 00000000 00000000 00000101 00000081 00000000 00000000 00000000 00000000 00000000 00000000 00000000 00003333 00004ccd 00002667 00000001 00000000 01c9c380 0000027c
capture_snapshot GLI1 00010000 30000000 2500000 550 0 30000000 0 0 0 0 0 0 0 6dad0b20 00000029 741c1ea0 00000029 008941a1 00000000 008941a1 00000000 0000006a 00000000 00000000 00000000 066f188b 00000000 0089420b 00000000 00000000 00000000 00000000 00000039 008b3199 00000001 00000000 00000001 00000000 00000000 00000000 00000000 00000000 00000000 00000000 00000000 00000000 00000000 00000000 00000000 00000000 00000000 00000000 00000000 2ce5e7e6 0000008a 741c1eb0 00000029 00000000 00000000 00000000 00000000 00000101 00000081 00000000 00000000 00000000 00000000 00000000 00000000 00000000 00003333 00004ccd 00002667 00000001 00000000 01c9c380 0000027c
capture_snapshot GLI1 00010000 30000000 2500000 551 0 30000000 0 0 0 0 0 0 0 6dad0b20 00000029 741f1da4 00000029 0089818c 00000000 0089818c 00000000 0000006a 00000000 00000000 00000000 06721792 00000000 008981f6 00000000 00000000 00000000 00000000 00000039 008b3199 00000001 00000000 00000001 00000000 00000000 00000000 00000000 00000000 00000000 00000000 00000000 00000000 00000000 00000000 00000000 00000000 00000000 00000000 00000000 2cefe496 0000008a 741f1db7 00000029 00000000 00000000 00000000 00000000 00000100 00000081 00000000 00000000 00000000 00000000 00000000 00000000 00000000 00003333 00004ccd 00002667 00000001 00000000 01c9c380 0000027c
capture_snapshot GLI1 00010000 30000000 2500000 552 0 30000000 0 0 0 0 0 0 0 6dad0b20 00000029 74221cfc 00000029 0089c17e 00000000 0089c17e 00000000 0000006a 00000000 00000000 00000000 067516f1 00000000 0089c1e8 00000000 00000000 00000000 00000000 00000039 008b3199 00000001 00000000 00000001 00000000 00000000 00000000 00000000 00000000 00000000 00000000 00000000 00000000 00000000 00000000 00000000 00000000 00000000 00000000 00000000 2cf9e269 0000008a 74221d16 00000029 00000000 00000000 00000000 00000000 00000101 00000081 00000000 00000000 00000000 00000000 00000000 00000000 00000000 00003333 00004ccd 00002667 00000001 00000000 01c9c380 0000027c
capture_snapshot GLI1 00010000 30000000 2500000 553 0 30000000 0 0 0 0 0 0 0 6dad0b20 00000029 74251db0 00000029 008a018d 00000000 008a018d 00000000 0000006a 00000000 00000000 00000000 067817a0 00000000 008a01f7 00000000 00000000 00000000 00000000 00000039 008b3199 00000001 00000000 00000001 00000000 00000000 00000000 00000000 00000000 00000000 00000000 00000000 00000000 00000000 00000000 00000000 00000000 00000000 00000000 00000000 2d03e49c 0000008a 74251dc5 00000029 00000000 00000000 00000000 00000000 00000101 00000080 00000000 00000000 00000000 00000000 00000000 00000000 00000000 00003333 00004ccd 00002667 00000001 00000000 01c9c380 0000027c
capture_snapshot GLI1 00010000 30000000 2500000 554 0 30000000 0 0 0 0 0 0 0 6dad0b20 00000029 74281d44 00000029 008a4184 00000000 008a4184 00000000 0000006a 00000000 00000000 00000000 067b1733 00000000 008a41ee 00000000 00000000 00000000 00000000 00000039 008b3199 00000001 00000000 00000001 00000000 00000000 00000000 00000000 00000000 00000000 00000000 00000000 00000000 00000000 00000000 00000000 00000000 00000000 00000000 00000000 2d0de31d 0000008a 74281d58 00000029 00000000 00000000 00000000 00000000 00000101 00000080 00000000 00000000 00000000 00000000 00000000 00000000 00000000 00003333 00004ccd 00002667 00000001 00000000 01c9c380 0000027c
capture_snapshot GLI1 00010000 30000000 2500000 555 0 30000000 0 0 0 0 0 0 0 6dad0b20 00000029 742b1d44 00000029 008a8184 00000000 008a8184 00000000 0000006a 00000000 00000000 00000000 067e1735 00000000 008a81ee 00000000 00000000 00000000 00000000 00000039 008b3199 00000001 00000000 00000001 00000000 00000000 00000000 00000000 00000000 00000000 00000000 00000000 00000000 00000000 00000000 00000000 00000000 00000000 00000000 00000000 2d17e312 0000008a 742b1d5a 00000029 00000000 00000000 00000000 00000000 00000100 00000080 00000000 00000000 00000000 00000000 00000000 00000000 00000000 00003333 00004ccd 00002667 00000001 00000000 01c9c380 0000027c
capture_snapshot GLI1 00010000 30000000 2500000 556 0 30000000 0 0 0 0 0 0 0 6dad0b20 00000029 742e1d5c 00000029 008ac186 00000000 008ac186 00000000 0000006a 00000000 00000000 00000000 06811746 00000000 008ac1f0 00000000 00000000 00000000 00000000 00000039 008b3199 00000001 00000000 00000001 00000000 00000000 00000000 00000000 00000000 00000000 00000000 00000000 00000000 00000000 00000000 00000000 00000000 00000000 00000000 00000000 2d21e337 0000008a 742e1d6b 00000029 00000000 00000000 00000000 00000000 00000101 00000081 00000000 00000000 00000000 00000000 00000000 00000000 00000000 00003333 00004ccd 00002667 00000001 00000000 01c9c380 0000027c
capture_snapshot GLI1 00010000 30000000 2500000 557 0 30000000 0 0 0 0 0 0 0 6dad0b20 00000029 74311da4 00000029 008b018c 00000000 008b018c 00000000 0000006a 00000000 00000000 00000000 06841794 00000000 008b01f6 00000000 00000000 00000000 00000000 00000039 008b3199 00000001 00000000 00000001 00000000 00000000 00000000 00000000 00000000 00000000 00000000 00000000 00000000 00000000 00000000 00000000 00000000 00000000 00000000 00000000 2d2be426 0000008a 74311db9 00000029 00000000 00000000 00000000 00000000 00000101 00000080 00000000 00000000 00000000 00000000 00000000 00000000 00000000 00003333 00004ccd 00002667 00000001 00000000 01c9c380 0000027c
capture_snapshot GLI1 00010000 30000000 2500000 558 0 30000000 0 0 0 0 0 0 0 6dad0b20 00000029 74341d50 00000029 008b4185 00000000 008b4185 00000000 0000006a 00000000 00000000 00000000 06871740 00000000 008b41ef 00000000 00000000 00000000 00000000 00000039 008b3199 00000001 00000000 00000001 00000000 00000000 00000000 00000000 00000000 00000000 00000000 00000000 00000000 00000000 00000000 00000000 00000000 00000000 00000000 00000000 2d35e2fc 0000008a 74341d65 00000029 00000000 00000000 00000000 00000000 00000101 00000080 00000000 00000000 00000000 00000000 00000000 00000000 00000000 00003333 00004ccd 00002667 00000001 00000000 01c9c380 0000027c
capture_snapshot GLI1 00010000 30000000 2500000 559 0 30000000 0 0 0 0 0 0 0 6dad0b20 00000029 74371e1c 00000029 008b8196 00000000 008b8196 00000000 0000006a 00000000 00000000 00000000 068a180f 00000000 008b8200 00000000 00000000 00000000 00000000 00000039 008b3199 00000001 00000000 00000001 00000000 00000000 00000000 00000000 00000000 00000000 00000000 00000000 00000000 00000000 00000000 00000000 00000000 00000000 00000000 00000000 2d3fe59a 0000008a 74371e34 00000029 00000000 00000000 00000000 00000000 00000101 00000081 00000000 00000000 00000000 00000000 00000000 00000000 00000000 00003333 00004ccd 00002667 00000001 00000000 01c9c380 0000027c
capture_snapshot GLI1 00010000 30000000 2500000 560 0 30000000 0 0 0 0 0 0 0 6dad0b20 00000029 743a1dbc 00000029 008bc18e 00000000 008bc18e 00000000 0000006a 00000000 00000000 00000000 068d17ae 00000000 008bc1f8 00000000 00000000 00000000 00000000 00000039 008b3199 00000001 00000000 00000001 00000000 00000000 00000000 00000000 00000000 00000000 00000000 00000000 00000000 00000000 00000000 00000000 00000000 00000000 00000000 00000000 2d49e445 0000008a 743a1dd3 00000029 00000000 00000000 00000000 00000000 00000100 00000080 00000000 00000000 00000000 00000000 00000000 00000000 00000000 00003333 00004ccd 00002667 00000001 00000000 01c9c380 0000027c
capture_snapshot GLI1 00010000 30000000 2500000 561 0 30000000 0 0 0 0 0 0 0 6dad0b20 00000029 743d1d38 00000029 008c0183 00000000 008c0183 00000000 0000006a 00000000 00000000 00000000 0690172a 00000000 008c01ed 00000000 00000000 00000000 00000000 00000039 008b3199 00000001 00000000 00000001 00000000 00000000 00000000 00000000 00000000 00000000 00000000 00000000 00000000 00000000 00000000 00000000 00000000 00000000 00000000 00000000 2d53e276 0000008a 743d1d4f 00000029 00000000 00000000 00000000 00000000 00000100 00000080 00000000 00000000 00000000 00000000 00000000 00000000 00000000 00003333 00004ccd 00002667 00000001 00000000 01c9c380 0000027c
capture_snapshot GLI1 00010000 30000000 2500000 562 0 30000000 0 0 0 0 0 0 0 6dad0b20 00000029 74401e10 00000029 008c4195 00000000 008c4195 00000000 0000006a 00000000 00000000 00000000 069317fa 00000000 008c41ff 00000000 00000000 00000000 00000000 00000039 008b3199 00000001 00000000 00000001 00000000 00000000 00000000 00000000 00000000 00000000 00000000 00000000 00000000 00000000 00000000 00000000 00000000 00000000 00000000 00000000 2d5de519 0000008a 74401e1f 00000029 00000000 00000000 00000000 00000000 00000101 00000080 00000000 00000000 00000000 00000000 00000000 00000000 00000000 00003333 00004ccd 00002667 00000001 00000000 01c9c380 0000027c
capture_snapshot GLI1 00010000 30000000 2500000 563 0 30000000 0 0 0 0 0 0 0 6dad0b20 00000029 74431d74 00000029 008c8188 00000000 008c8188 00000000 0000006a 00000000 00000000 00000000 0696175e 00000000 008c81f2 00000000 00000000 00000000 00000000 00000039 008b3199 00000001 00000000 00000001 00000000 00000000 00000000 00000000 00000000 00000000 00000000 00000000 00000000 00000000 00000000 00000000 00000000 00000000 00000000 00000000 2d67e300 0000008a 74431d83 00000029 00000000 00000000 00000000 00000000 00000100 00000080 00000000 00000000 00000000 00000000 00000000 00000000 00000000 00003333 00004ccd 00002667 00000001 00000000 01c9c380 0000027c
capture_snapshot GLI1 00010000 30000000 2500000 564 0 30000000 0 0 0 0 0 0 0 6dad0b20 00000029 74461d38 00000029 008cc183 00000000 008cc183 00000000 0000006a 00000000 00000000 00000000 0699172a 00000000 008cc1ed 00000000 00000000 00000000 00000000 00000039 008b3199 00000001 00000000 00000001 00000000 00000000 00000000 00000000 00000000 00000000 00000000 00000000 00000000 00000000 00000000 00000000 00000000 00000000 00000000 00000000 2d71e23d 0000008a 74461d4f 00000029 00000000 00000000 00000000 00000000 00000101 00000081 00000000 00000000 00000000 00000000 00000000 00000000 00000000 00003333 00004ccd 00002667 00000001 00000000 01c9c380 0000027c
capture_snapshot GLI1 00010000 30000000 2500000 565 0 30000000 0 0 0 0 0 0 0 6dad0b20 00000029 74491dec 00000029 008d0192 00000000 008d0192 00000000 0000006a 00000000 00000000 00000000 069c17da 00000000 008d01fc 00000000 00000000 00000000 00000000 00000039 008b3199 00000001 00000000 00000001 00000000 00000000 00000000 00000000 00000000 00000000 00000000 00000000 00000000 00000000 00000000 00000000 00000000 00000000 00000000 00000000 2d7be473 0000008a 74491dff 00000029 00000000 00000000 00000000 00000000 00000100 00000080 00000000 00000000 00000000 00000000 00000000 00000000 00000000 00003333 00004ccd 00002667 00000001 00000000 01c9c380 0000027c
capture_snapshot GLI1 00010000 30000000 2500000 566 0 30000000 0 0 0 0 0 0 0 6dad0b20 00000029 744c1d80 00000029 008d4189 00000000 008d4189 00000000 0000006a 00000000 00000000 00000000 069f1772 00000000 008d41f3 00000000 00000000 00000000 00000000 00000039 008b3199 00000001 00000000 00000001 00000000 00000000 00000000 00000000 00000000 00000000 00000000 00000000 00000000 00000000 00000000 00000000 00000000 00000000 00000000 00000000 2d85e307 0000008a 744c1d97 00000029 00000000 00000000 00000000 00000000 00000101 00000081 00000000 00000000 00000000 00000000 00000000 00000000 00000000 00003333 00004ccd 00002667 00000001 00000000 01c9c380 0000027c
capture_snapshot GLI1 00010000 30000000 2500000 567 0 30000000 0 0 0 0 0 0 0 6dad0b20 00000029 744f1d44 00000029 008d8184 00000000 008d8184 00000000 0000006a 00000000 00000000 00000000 06a21735 00000000 008d81ee 00000000 00000000 00000000 00000000 00000039 008b3199 00000001 00000000 00000001 00000000 00000000 00000000 00000000 00000000 00000000 00000000 00000000 00000000 00000000 00000000 00000000 00000000 00000000 00000000 00000000 2d8fe227 0000008a 744f1d5a 00000029 00000000 00000000 00000000 00000000 00000101 00000080 00000000 00000000 00000000 00000000 00000000 00000000 00000000 00003333 00004ccd 00002667 00000001 00000000 01c9c380 0000027c
capture_snapshot GLI1 00010000 30000000 2500000 568 0 30000000 0 0 0 0 0 0 0 6dad0b20 00000029 74521e10 00000029 008dc195 00000000 008dc195 00000000 0000006a 00000000 00000000 00000000 06a517ff 00000000 008dc1ff 00000000 00000000 00000000 00000000 00000039 008b3199 00000001 00000000 00000001 00000000 00000000 00000000 00000000 00000000 00000000 00000000 00000000 00000000 00000000 00000000 00000000 00000000 00000000 00000000 00000000 2d99e4b7 0000008a 74521e24 00000029 00000000 00000000 00000000 00000000 00000100 00000080 00000000 00000000 00000000 00000000 00000000 00000000 00000000 00003333 00004ccd 00002667 00000001 00000000 01c9c380 0000027c
capture_snapshot GLI1 00010000 30000000 2500000 569 0 30000000 0 0 0 0 0 0 0 6dad0b20 00000029 74551d44 00000029 008e0184 00000000 008e0184 00000000 0000006a 00000000 00000000 00000000 06a81733 00000000 008e01ee 00000000 00000000 00000000 00000000 00000039 008b3199 00000001 00000000 00000001 00000000 00000000 00000000 00000000 00000000 00000000 00000000 00000000 00000000 00000000 00000000 00000000 00000000 00000000 00000000 00000000 2da3e1fb 0000008a 74551d58 00000029 00000000 00000000 00000000 00000000 00000100 00000080 00000000 00000000 00000000 00000000 00000000 00000000 00000000 00003333 00004ccd 00002667 00000001 00000000 01c9c380 0000027c
capture_snapshot GLI1 00010000 30000000 2500000 570 0 30000000 0 0 0 0 0 0 0 6dad0b20 00000029 74581d80 00000029 008e4189 00000000 008e4189 00000000 0000006a 00000000 00000000 00000000 06ab176f 00000000 008e41f3 00000000 00000000 00000000 00000000 00000039 008b3199 00000001 00000000 00000001 00000000 00000000 00000000 00000000 00000000 00000000 00000000 00000000 00000000 00000000 00000000 00000000 00000000 00000000 00000000 00000000 2dade2af 0000008a 74581d94 00000029 00000000 00000000 00000000 00000000 00000101 00000081 00000000 00000000 00000000 00000000 00000000 00000000 00000000 00003333 00004ccd 00002667 00000001 00000000 01c9c380 0000027c
capture_snapshot GLI1 00010000 30000000 2500000 571 0 30000000 0 0 0 0 0 0 0 6dad0b20 00000029 745b1df8 00000029 008e8193 00000000 008e8193 00000000 0000006a 00000000 00000000 00000000 06ae17e3 00000000 008e81fd 00000000 00000000 00000000 00000000 00000039 008b3199 00000001 00000000 00000001 00000000 00000000 00000000 00000000 00000000 00000000 00000000 00000000 00000000 00000000 00000000 00000000 00000000 00000000 00000000 00000000 2db7e41e 0000008a 745b1e08 00000029 00000000 00000000 00000000 00000000 00000101 00000081 00000000 00000000 00000000 00000000 00000000 00000000 00000000 00003333 00004ccd 00002667 00000001 00000000 01c9c380 0000027c
capture_snapshot GLI1 00010000 30000000 2500000 572 0 30000000 0 0 0 0 0 0 0 6dad0b20 00000029 745e1db0 00000029 008ec18d 00000000 008ec18d 00000000 0000006a 00000000 00000000 00000000 06b117a2 00000000 008ec1f7 00000000 00000000 00000000 00000000 00000039 008b3199 00000001 00000000 00000001 00000000 00000000 00000000 00000000 00000000 00000000 00000000 00000000 00000000 00000000 00000000 00000000 00000000 00000000 00000000 00000000 2dc1e332 0000008a 745e1dc7 00000029 00000000 00000000 00000000 00000000 00000101 00000081 00000000 00000000 00000000 00000000 00000000 00000000 00000000 00003333 00004ccd 00002667 00000001 00000000 01c9c380 0000027c
capture_snapshot GLI1 00010000 30000000 2500000 573 0 30000000 0 0 0 0 0 0 0 6dad0b20 00000029 74611d2c 00000029 008f0182 00000000 008f0182 00000000 0000006a 00000000 00000000 00000000 06b4171a 00000000 008f01ec 00000000 00000000 00000000 00000000 00000039 008b3199 00000001 00000000 00000001 00000000 00000000 00000000 00000000 00000000 00000000 00000000 00000000 00000000 00000000 00000000 00000000 00000000 00000000 00000000 00000000 2dcbe157 0000008a 74611d3f 00000029 00000000 00000000 00000000 00000000 00000100 00000080 00000000 00000000 00000000 00000000 00000000 00000000 00000000 00003333 00004ccd 00002667 00000001 00000000 01c9c380 0000027c
capture_snapshot GLI1 00010000 30000000 2500000 574 0 30000000 0 0 0 0 0 0 0 6dad0b20 00000029 74641ce4 00000029 008f417c 00000000 008f417c 00000000 0000006a 00000000 00000000 00000000 06b716d9 00000000 008f41e6 00000000 00000000 00000000 00000000 00000039 008b3199 00000001 00000000 00000001 00000000 00000000 00000000 00000000 00000000 00000000 00000000 00000000 00000000 00000000 00000000 00000000 00000000 00000000 00000000 00000000 2dd5e06c 0000008a 74641cfe 00000029 00000000 00000000 00000000 00000000 00000101 00000080 00000000 00000000 00000000 00000000 00000000 00000000 00000000 00003333 00004ccd 00002667 00000001 00000000 01c9c380 0000027c
capture_snapshot GLI1 00010000 30000000 2500000 575 0 30000000 0 0 0 0 0 0 0 6dad0b20 00000029 74671d38 00000029 008f8183 00000000 008f8183 00000000 0000006a 00000000 00000000 00000000 06ba172a 00000000 008f81ed 00000000 00000000 00000000 00000000 00000039 008b3199 00000001 00000000 00000001 00000000 00000000 00000000 00000000 00000000 00000000 00000000 00000000 00000000 00000000 00000000 00000000 00000000 00000000 00000000 00000000 2ddfe169 0000008a 74671d4f 00000029 00000000 00000000 00000000 00000000 00000100 00000080 00000000 00000000 00000000 00000000 00000000 00000000 00000000 00003333 00004ccd 00002667 00000001 00000000 01c9c380 0000027c
capture_snapshot GLI1 00010000 30000000 2500000 576 0 30000000 0 0 0 0 0 0 0 6dad0b20 00000029 746a1d20 00000029 008fc181 00000000 008fc181 00000000 0000006a 00000000 00000000 00000000 06bd1711 00000000 008fc1eb 00000000 00000000 00000000 00000000 00000039 008b3199 00000001 00000000 00000001 00000000 00000000 00000000 00000000 00000000 00000000 00000000 00000000 00000000 00000000 00000000 00000000 00000000 00000000 00000000 00000000 2de9e101 0000008a 746a1d36 00000029 00000000 00000000 00000000 00000000 00000101 00000080 00000000 00000000 00000000 00000000 00000000 00000000 00000000 00003333 00004ccd 00002667 00000001 00000000 01c9c380 0000027c
capture_snapshot GLI1 00010000 30000000 2500000 577 0 30000000 0 0 0 0 0 0 0 6dad0b20 00000029 746d1d74 00000029 00900188 00000000 00900188 00000000 0000006a 00000000 00000000 00000000 06c01763 00000000 009001f2 00000000 00000000 00000000 00000000 00000039 008b3199 00000001 00000000 00000001 00000000 00000000 00000000 00000000 00000000 00000000 00000000 00000000 00000000 00000000 00000000 00000000 00000000 00000000 00000000 00000000 2df3e1ff 0000008a 746d1d88 00000029 00000000 00000000 00000000 00000000 00000101 00000081 00000000 00000000 00000000 00000000 00000000 00000000 00000000 00003333 00004ccd 00002667 00000001 00000000 01c9c380 0000027c
capture_snapshot GLI1 00010000 30000000 2500000 578 0 30000000 0 0 0 0 0 0 0 6dad0b20 00000029 74701d50 00000029 00904185 00000000 00904185 00000000 0000006a 00000000 00000000 00000000 06c31742 00000000 009041ef 00000000 00000000 00000000 00000000 00000039 008b3199 00000001 00000000 00000001 00000000 00000000 00000000 00000000 00000000 00000000 00000000 00000000 00000000 00000000 00000000 00000000 00000000 00000000 00000000 00000000 2dfde17b 0000008a 74701d67 00000029 00000000 00000000 00000000 00000000 00000100 00000080 00000000 00000000 00000000 00000000 00000000 00000000 00000000 00003333 00004ccd 00002667 00000001 00000000 01c9c380 0000027c
capture_snapshot GLI1 00010000 30000000 2500000 579 0 30000000 0 0 0 0 0 0 0 6dad0b20 00000029 74731d68 00000029 00908187 00000000 00908187 00000000 0000006a 00000000 00000000 00000000 06c6175a 00000000 009081f1 00000000 00000000 00000000 00000000 00000039 008b3199 00000001 00000000 00000001 00000000 00000000 00000000 00000000 00000000 00000000 00000000 00000000 00000000 00000000 00000000 00000000 00000000 00000000 00000000 00000000 2e07e1ba 0000008a 74731d7f 00000029 00000000 00000000 00000000 00000000 00000101 00000081 00000000 00000000 00000000 00000000 00000000 00000000 00000000 00003333 00004ccd 00002667 00000001 00000000 01c9c380 0000027c
capture_snapshot GLI1 00010000 30000000 2500000 580 0 30000000 0 0 0 0 0 0 0 6dad0b20 00000029 74761cfc 00000029 0090c17e 00000000 0090c17e 00000000 0000006a 00000000 00000000 00000000 06c916e7 00000000 0090c1e8 00000000 00000000 00000000 00000000 00000039 008b3199 00000001 00000000 00000001 00000000 00000000 00000000 00000000 00000000 00000000 00000000 00000000 00000000 00000000 00000000 00000000 00000000 00000000 00000000 00000000 2e11e027 0000008a 74761d0c 00000029 00000000 00000000 00000000 00000000 00000101 00000081 00000000 00000000 00000000 00000000 00000000 00000000 00000000 00003333 00004ccd 00002667 00000001 00000000 01c9c380 0000027c
capture_snapshot GLI1 00010000 30000000 2500000 581 0 30000000 0 0 0 0 0 0 0 6dad0b20 00000029 74791d50 00000029 00910185 00000000 00910185 00000000 0000006a 00000000 00000000 00000000 06cc1744 00000000 009101ef 00000000 00000000 00000000 00000000 00000039 008b3199 00000001 00000000 00000001 00000000 00000000 00000000 00000000 00000000 00000000 00000000 00000000 00000000 00000000 00000000 00000000 00000000 00000000 00000000 00000000 2e1be14a 0000008a 74791d69 00000029 00000000 00000000 00000000 00000000 00000100 00000080 00000000 00000000 00000000 00000000 00000000 00000000 00000000 00003333 00004ccd 00002667 00000001 00000000 01c9c380 0000027c
capture_snapshot GLI1 00010000 30000000 2500000 582 0 30000000 0 0 0 0 0 0 0 6dad0b20 00000029 747c1d80 00000029 00914189 00000000 00914189 00000000 0000006a 00000000 00000000 00000000 06cf176b 00000000 009141f3 00000000 00000000 00000000 00000000 00000039 008b3199 00000001 00000000 00000001 00000000 00000000 00000000 00000000 00000000 00000000 00000000 00000000 00000000 00000000 00000000 00000000 00000000 00000000 00000000 00000000 2e25e1b7 0000008a 747c1d90 00000029 00000000 00000000 00000000 00000000 00000101 00000080 00000000 00000000 00000000 00000000 00000000 00000000 00000000 00003333 00004ccd 00002667 00000001 00000000 01c9c380 0000027c
capture_snapshot GLI1 00010000 30000000 2500000 583 0 30000000 0 0 0 0 0 0 0 6dad0b20 00000029 747f1d2c 00000029 00918182 00000000 00918182 00000000 0000006a 00000000 00000000 00000000 06d2171a 00000000 009181ec 00000000 00000000 00000000 00000000 00000039 008b3199 00000001 00000000 00000001 00000000 00000000 00000000 00000000 00000000 00000000 00000000 00000000 00000000 00000000 00000000 00000000 00000000 00000000 00000000 00000000 2e2fe095 0000008a 747f1d3f 00000029 00000000 00000000 00000000 00000000 00000100 00000080 00000000 00000000 00000000 00000000 00000000 00000000 00000000 00003333 00004ccd 00002667 00000001 00000000 01c9c380 0000027c
capture_snapshot GLI1 00010000 30000000 2500000 584 0 30000000 0 0 0 0 0 0 0 6dad0b20 00000029 74821d68 00000029 0091c187 00000000 0091c187 00000000 0000006a 00000000 00000000 00000000 06d51752 00000000 0091c1f1 00000000 00000000 00000000 00000000 00000039 008b3199 00000001 00000000 00000001 00000000 00000000 00000000 00000000 00000000 00000000 00000000 00000000 00000000 00000000 00000000 00000000 00000000 00000000 00000000 00000000 2e39e13c 0000008a 74821d77 00000029 00000000 00000000 00000000 00000000 00000100 00000080 00000000 00000000 00000000 00000000 00000000 00000000 00000000 00003333 00004ccd 00002667 00000001 00000000 01c9c380 0000027c
capture_snapshot GLI1 00010000 30000000 2500000 585 0 30000000 0 0 0 0 0 0 0 6dad0b20 00000029 74851df8 00000029 00920193 00000000 00920193 00000000 0000006a 00000000 00000000 00000000 06d817e6 00000000 009201fd 00000000 00000000 00000000 00000000 00000039 008b3199 00000001 00000000 00000001 00000000 00000000 00000000 00000000 00000000 00000000 00000000 00000000 00000000 00000000 00000000 00000000 00000000 00000000 00000000 00000000 2e43e317 0000008a 74851e0b 00000029 00000000 00000000 00000000 00000000 00000101 00000081 00000000 00000000 00000000 00000000 00000000 00000000 00000000 00003333 00004ccd 00002667 00000001 00000000 01c9c380 0000027c
capture_snapshot GLI1 00010000 30000000 2500000 586 0 30000000 0 0 0 0 0 0 0 6dad0b20 00000029 74881d68 00000029 00924187 00000000 00924187 00000000 0000006a 00000000 00000000 00000000 06db1756 00000000 009241f1 00000000 00000000 00000000 00000000 00000039 008b3199 00000001 00000000 00000001 00000000 00000000 00000000 00000000 00000000 00000000 00000000 00000000 00000000 00000000 00000000 00000000 00000000 00000000 00000000 00000000 2e4de123 0000008a 74881d7b 00000029 00000000 00000000 00000000 00000000 00000101 00000080 00000000 00000000 00000000 00000000 00000000 00000000 00000000 00003333 00004ccd 00002667 00000001 00000000 01c9c380 0000027c
capture_snapshot GLI1 00010000 30000000 2500000 587 0 30000000 0 0 0 0 0 0 0 6dad0b20 00000029 748b1de0 00000029 00928191 00000000 00928191 00000000 0000006a 00000000 00000000 00000000 06de17ca 00000000 009281fb 00000000 00000000 00000000 00000000 00000039 008b3199 00000001 00000000 00000001 00000000 00000000 00000000 00000000 00000000 00000000 00000000 00000000 00000000 00000000 00000000 00000000 00000000 00000000 00000000 00000000 2e57e292 0000008a 748b1def 00000029 00000000 00000000 00000000 00000000 00000101 00000080 00000000 00000000 00000000 00000000 00000000 00000000 00000000 00003333 00004ccd 00002667 00000001 00000000 01c9c380 0000027c
capture_snapshot GLI1 00010000 30000000 2500000 588 0 30000000 0 0 0 0 0 0 0 6dad0b20 00000029 748e1d74 00000029 0092c188 00000000 0092c188 00000000 0000006a 00000000 00000000 00000000 06e11769 00000000 0092c1f2 00000000 00000000 00000000 00000000 00000039 008b3199 00000001 00000000 00000001 00000000 00000000 00000000 00000000 00000000 00000000 00000000 00000000 00000000 00000000 00000000 00000000 00000000 00000000 00000000 00000000 2e61e13c 0000008a 748e1d8e 00000029 00000000 00000000 00000000 00000000 00000101 00000081 00000000 00000000 00000000 00000000 00000000 00000000 00000000 00003333 00004ccd 00002667 00000001 00000000 01c9c380 0000027c
capture_snapshot GLI1 00010000 30000000 2500000 589 0 30000000 0 0 0 0 0 0 0 6dad0b20 00000029 74911dbc 00000029 0093018e 00000000 0093018e 00000000 0000006a 00000000 00000000 00000000 06e417b1 00000000 009301f8 00000000 00000000 00000000 00000000 00000039 008b3199 00000001 00000000 00000001 00000000 00000000 00000000 00000000 00000000 00000000 00000000 00000000 00000000 00000000 00000000 00000000 00000000 00000000 00000000 00000000 2e6be218 0000008a 74911dd6 00000029 00000000 00000000 00000000 00000000 00000101 00000080 00000000 00000000 00000000 00000000 00000000 00000000 00000000 00003333 00004ccd 00002667 00000001 00000000 01c9c380 0000027c
capture_snapshot GLI1 00010000 30000000 2500000 590 0 30000000 0 0 0 0 0 0 0 6dad0b20 00000029 74941dd4 00000029 00934190 00000000 00934190 00000000 0000006a 00000000 00000000 00000000 06e717bf 00000000 009341fa 00000000 00000000 00000000 00000000 00000039 008b3199 00000001 00000000 00000001 00000000 00000000 00000000 00000000 00000000 00000000 00000000 00000000 00000000 00000000 00000000 00000000 00000000 00000000 00000000 00000000 2e75e235 0000008a 74941de4 00000029 00000000 00000000 00000000 00000000 00000100 00000080 00000000 00000000 00000000 00000000 00000000 00000000 00000000 00003333 00004ccd 00002667 00000001 00000000 01c9c380 0000027c
capture_snapshot GLI1 00010000 30000000 2500000 591 0 30000000 0 0 0 0 0 0 0 6dad0b20 00000029 74971de0 00000029 00938191 00000000 00938191 00000000 0000006a 00000000 00000000 00000000 06ea17cc 00000000 009381fb 00000000 00000000 00000000 00000000 00000039 008b3199 00000001 00000000 00000001 00000000 00000000 00000000 00000000 00000000 00000000 00000000 00000000 00000000 00000000 00000000 00000000 00000000 00000000 00000000 00000000 2e7fe24c 0000008a 74971df1 00000029 00000000 00000000 00000000 00000000 00000101 00000081 00000000 00000000 00000000 00000000 00000000 00000000 00000000 00003333 00004ccd 00002667 00000001 00000000 01c9c380 0000027c
capture_snapshot GLI1 00010000 30000000 2500000 592 0 30000000 0 0 0 0 0 0 0 6dad0b20 00000029 749a1d98 00000029 0093c18b 00000000 0093c18b 00000000 0000006a 00000000 00000000 00000000 06ed1783 00000000 0093c1f5 00000000 00000000 00000000 00000000 00000039 008b3199 00000001 00000000 00000001 00000000 00000000 00000000 00000000 00000000 00000000 00000000 00000000 00000000 00000000 00000000 00000000 00000000 00000000 00000000 00000000 2e89e144 0000008a 749a1da8 00000029 00000000 00000000 00000000 00000000 00000101 00000080 00000000 00000000 00000000 00000000 00000000 00000000 00000000 00003333 00004ccd 00002667 00000001 00000000 01c9c380 0000027c
capture_snapshot GLI1 00010000 30000000 2500000 593 0 30000000 0 0 0 0 0 0 0 6dad0b20 00000029 749d1d8c 00000029 0094018a 00000000 0094018a 00000000 0000006a 00000000 00000000 00000000 06f0177b 00000000 009401f4 00000000 00000000 00000000 00000000 00000039 008b3199 00000001 00000000 00000001 00000000 00000000 00000000 00000000 00000000 00000000 00000000 00000000 00000000 00000000 00000000 00000000 00000000 00000000 00000000 00000000 2e93e117 0000008a 749d1da0 00000029 00000000 00000000 00000000 00000000 00000101 00000081 00000000 00000000 00000000 00000000 00000000 00000000 00000000 00003333 00004ccd 00002667 00000001 00000000 01c9c380 0000027c
capture_snapshot GLI1 00010000 30000000 2500000 594 0 30000000 0 0 0 0 0 0 0 6dad0b20 00000029 74a01cfc 00000029 0094417e 00000000 0094417e 00000000 0000006a 00000000 00000000 00000000 06f316e7 00000000 009441e8 00000000 00000000 00000000 00000000 00000039 008b3199 00000001 00000000 00000001 00000000 00000000 00000000 00000000 00000000 00000000 00000000 00000000 00000000 00000000 00000000 00000000 00000000 00000000 00000000 00000000 2e9ddf16 0000008a 74a01d0c 00000029 00000000 00000000 00000000 00000000 00000101 00000081 00000000 00000000 00000000 00000000 00000000 00000000 00000000 00003333 00004ccd 00002667 00000001 00000000 01c9c380 0000027c
capture_snapshot GLI1 00010000 30000000 2500000 595 0 30000000 0 0 0 0 0 0 0 6dad0b20 00000029 74a31db0 00000029 0094818d 00000000 0094818d 00000000 0000006a 00000000 00000000 00000000 06f6179d 00000000 009481f7 00000000 00000000 00000000 00000000 00000039 008b3199 00000001 00000000 00000001 00000000 00000000 00000000 00000000 00000000 00000000 00000000 00000000 00000000 00000000 00000000 00000000 00000000 00000000 00000000 00000000 2ea7e161 0000008a 74a31dc2 00000029 00000000 00000000 00000000 00000000 00000101 00000081 00000000 00000000 00000000 00000000 00000000 00000000 00000000 00003333 00004ccd 00002667 00000001 00000000 01c9c380 0000027c
capture_snapshot GLI1 00010000 30000000 2500000 596 0 30000000 0 0 0 0 0 0 0 6dad0b20 00000029 74a61d08 00000029 0094c17f 00000000 0094c17f 00000000 0000006a 00000000 00000000 00000000 06f916fc 00000000 0094c1e9 00000000 00000000 00000000 00000000 00000039 008b3199 00000001 00000000 00000001 00000000 00000000 00000000 00000000 00000000 00000000 00000000 00000000 00000000 00000000 00000000 00000000 00000000 00000000 00000000 00000000 2eb1df35 0000008a 74a61d21 00000029 00000000 00000000 00000000 00000000 00000101 00000081 00000000 00000000 00000000 00000000 00000000 00000000 00000000 00003333 00004ccd 00002667 00000001 00000000 01c9c380 0000027c
capture_snapshot GLI1 00010000 30000000 2500000 597 0 30000000 0 0 0 0 0 0 0 6dad0b20 00000029 74a91e10 00000029 00950195 00000000 00950195 00000000 0000006a 00000000 00000000 00000000 06fc17fe 00000000 009501ff 00000000 00000000 00000000 00000000 00000039 008b3199 00000001 00000000 00000001 00000000 00000000 00000000 00000000 00000000 00000000 00000000 00000000 00000000 00000000 00000000 00000000 00000000 00000000 00000000 00000000 2ebbe27f 0000008a 74a91e23 00000029 00000000 00000000 00000000 00000000 00000100 00000080 00000000 00000000 00000000 00000000 00000000 00000000 00000000 00003333 00004ccd 00002667 00000001 00000000 01c9c380 0000027c
capture_snapshot GLI1 00010000 30000000 2500000 598 0 30000000 0 0 0 0 0 0 0 6dad0b20 00000029 74ac1d74 00000029 00954188 00000000 00954187 00000000 0000006a 00000000 00000000 00000000 06ff175d 00000000 009541f2 00000000 00000000 00000000 00000000 0000003b 008b3199 00000001 00000001 00000001 00000000 00000000 00000000 00000000 00000000 00000000 00000000 00000000 00000000 00000000 00000000 00000000 00000000 00000000 00000000 00000000 2ec5e052 0000008a 74ac1d82 00000029 00000000 00000000 00000000 00000000 00000101 00000081 00000000 00000000 00000000 00000000 00000000 00000000 00000000 00003333 00004ccd 00002667 00000001 00000000 01c9c380 0000027c
capture_snapshot GLI1 00010000 30000000 2500000 599 0 30000000 0 0 0 0 0 0 0 6dad0b20 00000029 74af1da4 00000029 0095818c 00000000 0095818c 00000000 0000006a 00000000 00000000 00000000 07021792 00000000 009581f6 00000000 00000000 00000000 00000000 00000039 008b3199 00000001 00000000 00000001 00000000 00000000 00000000 00000000 00000000 00000000 00000000 00000000 00000000 00000000 00000000 00000000 00000000 00000000 00000000 00000000 2ecfe0ed 0000008a 74af1db7 00000029 00000000 00000000 00000000 00000000 00000100 00000080 00000000 00000000 00000000 00000000 00000000 00000000 00000000 00003333 00004ccd 00002667 00000001 00000000 01c9c380 0000027c
capture_snapshot GLI1 00010000 30000000 2500000 600 0 30000000 0 0 0 0 0 0 0 6dad0b20 00000029 74b21da4 00000029 0095c18c 00000000 0095c18c 00000000 0000006a 00000000 00000000 00000000 07051796 00000000 0095c1f6 00000000 00000000 00000000 00000000 00000039 008b3199 00000001 00000000 00000001 00000000 00000000 00000000 00000000 00000000 00000000 00000000 00000000 00000000 00000000 00000000 00000000 00000000 00000000 00000000 00000000 2ed9e0e9 0000008a 74b21dbb 00000029 00000000 00000000 00000000 00000000 00000101 00000081 00000000 00000000 00000000 00000000 00000000 00000000 00000000 00003333 00004ccd 00002667 00000001 00000000 01c9c380 0000027c
capture_snapshot GLI1 00010000 30000000 2500000 601 0 30000000 0 0 0 0 0 0 0 6dad0b20 00000029 74b51dbc 00000029 0096018e 00000000 0096018e 00000000 0000006a 00000000 00000000 00000000 070817a8 00000000 009601f8 00000000 00000000 00000000 00000000 00000039 008b3199 00000001 00000000 00000001 00000000 00000000 00000000 00000000 00000000 00000000 00000000 00000000 00000000 00000000 00000000 00000000 00000000 00000000 00000000 00000000 2ee3e111 0000008a 74b51dcd 00000029 00000000 00000000 00000000 00000000 00000101 00000081 00000000 00000000 00000000 00000000 00000000 00000000 00000000 00003333 00004ccd 00002667 00000001 00000000 01c9c380 0000027c
capture_snapshot GLI1 00010000 30000000 2500000 602 0 30000000 0 0 0 0 0 0 0 6dad0b20 00000029 74b81d74 00000029 00964188 00000000 00964188 00000000 0000006a 00000000 00000000 00000000 070b175f 00000000 009641f2 00000000 00000000 00000000 00000000 00000039 008b3199 00000001 00000000 00000001 00000000 00000000 00000000 00000000 00000000 00000000 00000000 00000000 00000000 00000000 00000000 00000000 00000000 00000000 00000000 00000000 2eede00a 0000008a 74b81d84 00000029 00000000 00000000 00000000 00000000 00000101 00000081 00000000 00000000 00000000 00000000 00000000 00000000 00000000 00003333 00004ccd 00002667 00000001 00000000 01c9c380 0000027c
capture_snapshot GLI1 00010000 30000000 2500000 603 0 30000000 0 0 0 0 0 0 0 6dad0b20 00000029 74bb1ea0 00000029 009681a1 00000000 009681a1 00000000 0000006a 00000000 00000000 00000000 070e188b 00000000 0096820b 00000000 00000000 00000000 00000000 00000039 008b3199 00000001 00000000 00000001 00000000 00000000 00000000 00000000 00000000 00000000 00000000 00000000 00000000 00000000 00000000 00000000 00000000 00000000 00000000 00000000 2ef7e3e0 0000008a 74bb1eb0 00000029 00000000 00000000 00000000 00000000 00000100 00000080 00000000 00000000 00000000 00000000 00000000 00000000 00000000 00003333 00004ccd 00002667 00000001 00000000 01c9c380 0000027c
capture_snapshot GLI1 00010000 30000000 2500000 604 0 30000000 0 0 0 0 0 0 0 6dad0b20 00000029 74be1d74 00000029 0096c188 00000000 0096c188 00000000 0000006a 00000000 00000000 00000000 0711175e 00000000 0096c1f2 00000000 00000000 00000000 00000000 00000039 008b3199 00000001 00000000 00000001 00000000 00000000 00000000 00000000 00000000 00000000 00000000 00000000 00000000 00000000 00000000 00000000 00000000 00000000 00000000 00000000 2f01dfe0 0000008a 74be1d83 00000029 00000000 00000000 00000000 00000000 00000101 00000081 00000000 00000000 00000000 00000000 00000000 00000000 00000000 00003333 00004ccd 00002667 00000001 00000000 01c9c380 0000027c
capture_snapshot GLI1 00010000 30000000 2500000 605 0 30000000 0 0 0 0 0 0 0 6dad0b20 00000029 74c11dec 00000029 00970192 00000000 00970192 00000000 0000006a 00000000 00000000 00000000 071417da 00000000 009701fc 00000000 00000000 00000000 00000000 00000039 008b3199 00000001 00000000 00000001 00000000 00000000 00000000 00000000 00000000 00000000 00000000 00000000 00000000 00000000 00000000 00000000 00000000 00000000 00000000 00000000 2f0be16a 0000008a 74c11dff 00000029 00000000 00000000 00000000 00000000 00000101 00000081 00000000 00000000 00000000 00000000 00000000 00000000 00000000 00003333 00004ccd 00002667 00000001 00000000 01c9c380 0000027c
capture_snapshot GLI1 00010000 30000000 2500000 606 0 30000000 0 0 0 0 0 0 0 6dad0b20 00000029 74c41df8 00000029 00974193 00000000 00974193 00000000 0000006a 00000000 00000000 00000000 071717e7 00000000 009741fd 00000000 00000000 00000000 00000000 00000039 008b3199 00000001 00000000 00000001 00000000 00000000 00000000 00000000 00000000 00000000 00000000 00000000 00000000 00000000 00000000 00000000 00000000 00000000 00000000 00000000 2f15e181 0000008a 74c41e0c 00000029 00000000 00000000 00000000 00000000 00000101 00000080 00000000 00000000 00000000 00000000 00000000 00000000 00000000 00003333 00004ccd 00002667 00000001 00000000 01c9c380 0000027c
capture_snapshot GLI1 00010000 30000000 2500000 607 0 30000000 0 0 0 0 0 0 0 6dad0b20 00000029 74c71d68 00000029 00978187 00000000 00978186 00000000 0000006a 00000000 00000000 00000000 071a1751 00000000 009781f1 00000000 00000000 00000000 00000000 0000003b 008b3199 00000001 00000001 00000001 00000000 00000000 00000000 00000000 00000000 00000000 00000000 00000000 00000000 00000000 00000000 00000000 00000000 00000000 00000000 00000000 2f1fdf7b 0000008a 74c71d76 00000029 00000000 00000000 00000000 00000000 00000101 00000080 00000000 00000000 00000000 00000000 00000000 00000000 00000000 00003333 00004ccd 00002667 00000001 00000000 01c9c380 0000027c
capture_snapshot GLI1 00010000 30000000 2500000 608 0 30000000 0 0 0 0 0 0 0 6dad0b20 00000029 74ca1e64 00000029 0097c19c 00000000 0097c19c 00000000 0000006a 00000000 00000000 00000000 071d1856 00000000 0097c206 00000000 00000000 00000000 00000000 00000039 008b3199 00000001 00000000 00000001 00000000 00000000 00000000 00000000 00000000 00000000 00000000 00000000 00000000 00000000 00000000 00000000 00000000 00000000 00000000 00000000 2f29e2cf 0000008a 74ca1e7b 00000029 00000000 00000000 00000000 00000000 00000100 00000080 00000000 00000000 00000000 00000000 00000000 00000000 00000000 00003333 00004ccd 00002667 00000001 00000000 01c9c380 0000027c
capture_snapshot GLI1 00010000 30000000 2500000 609 0 30000000 0 0 0 0 0 0 0 6dad0b20 00000029 74cd1e94 00000029 009801a0 00000000 0098019f 00000000 0000006a 00000000 00000000 00000000 0720187d 00000000 0098020a 00000000 00000000 00000000 00000000 0000003b 008b3199 00000001 00000001 00000001 00000000 00000000 00000000 00000000 00000000 00000000 00000000 00000000 00000000 00000000 00000000 00000000 00000000 00000000 00000000 00000000 2f33e33c 0000008a 74cd1ea2 00000029 00000000 00000000 00000000 00000000 00000101 00000080 00000000 00000000 00000000 00000000 00000000 00000000 00000000 00003333 00004ccd 00002667 00000001 00000000 01c9c380 0000027c
capture_snapshot GLI1 00010000 30000000 2500000 610 0 30000000 0 0 0 0 0 0 0 6dad0b20 00000029 74d01cf0 00000029 0098417d 00000000 0098417d 00000000 0000006a 00000000 00000000 00000000 072316e2 00000000 009841e7 00000000 00000000 00000000 00000000 00000039 008b3199 00000001 00000000 00000001 00000000 00000000 00000000 00000000 00000000 00000000 00000000 00000000 00000000 00000000 00000000 00000000 00000000 00000000 00000000 00000000 2f3dddcd 0000008a 74d01d07 00000029 00000000 00000000 00000000 00000000 00000101 00000080 00000000 00000000 00000000 00000000 00000000 00000000 00000000 00003333 00004ccd 00002667 00000001 00000000 01c9c380 0000027c
capture_snapshot GLI1 00010000 30000000 2500000 611 0 30000000 0 0 0 0 0 0 0 6dad0b20 00000029 74d31d08 00000029 0098817f 00000000 0098817f 00000000 0000006a 00000000 00000000 00000000 072616f6 00000000 009881e9 00000000 00000000 00000000 00000000 00000039 008b3199 00000001 00000000 00000001 00000000 00000000 00000000 00000000 00000000 00000000 00000000 00000000 00000000 00000000 00000000 00000000 00000000 00000000 00000000 00000000 2f47ddff 0000008a 74d31d1b 00000029 00000000 00000000 00000000 00000000 00000100 00000080 00000000 00000000 00000000 00000000 00000000 00000000 00000000 00003333 00004ccd 00002667 00000001 00000000 01c9c380 0000027c
capture_snapshot GLI1 00010000 30000000 2500000 612 0 30000000 0 0 0 0 0 0 0 6dad0b20 00000029 74d6358c 00000029 0098c38a 00000000 0098c38a 00000000 0000006a 00000000 00000000 00000000 07292f77 00000000 0098c3f4 00000000 00000000 00000000 00000000 00000039 008b3199 00000001 00000000 00000001 00000000 00000000 00000000 00000000 00000000 00000000 00000000 00000000 00000000 00000000 00000000 00000000 00000000 00000000 00000000 00000000 2f522f98 0000008a 74d6359c 00000029 00000000 00000000 00000000 00000000 00000100 00000080 00000000 00000000 00000000 00000000 00000000 00000000 00000000 00003333 00004ccd 00002667 00000001 00000000 01c9c380 0000027c
capture_snapshot GLI1 00010000 30000000 2500000 613 0 30000000 0 0 0 0 0 0 0 6dad0b20 00000029 74d92ac4 00000029 009902a4 00000000 009902a4 00000000 0000006a 00000000 00000000 00000000 072c24b1 00000000 0099030e 00000000 00000000 00000000 00000000 00000039 008b3199 00000001 00000000 00000001 00000000 00000000 00000000 00000000 00000000 00000000 00000000 00000000 00000000 00000000 00000000 00000000 00000000 00000000 00000000 00000000 2f5c0b99 0000008a 74d92ad6 00000029 00000000 00000000 00000000 00000000 00000100 00000080 00000000 00000000 00000000 00000000 00000000 00000000 00000000 00003333 00004ccd 00002667 00000001 00000000 01c9c380 0000027c
capture_snapshot GLI1 00010000 30000000 2500000 614 0 30000000 0 0 0 0 0 0 0 6dad0b20 00000029 74dc2aa0 00000029 009942a1 00000000 009942a1 00000000 0000006a 00000000 00000000 00000000 072f2495 00000000 0099430b 00000000 00000000 00000000 00000000 00000039 008b3199 00000001 00000000 00000001 00000000 00000000 00000000 00000000 00000000 00000000 00000000 00000000 00000000 00000000 00000000 00000000 00000000 00000000 00000000 00000000 2f660b29 0000008a 74dc2aba 00000029 00000000 00000000 00000000 00000000 00000101 00000080 00000000 00000000 00000000 00000000 00000000 00000000 00000000 00003333 00004ccd 00002667 00000001 00000000 01c9c380 0000027c
capture_snapshot GLI1 00010000 30000000 2500000 615 0 30000000 0 0 0 0 0 0 0 6dad0b20 00000029 74df2998 00000029 0099828b 00000000 0099828b 00000000 0000006a 00000000 00000000 00000000 07322387 00000000 009982f5 00000000 00000000 00000000 00000000 00000039 008b3199 00000001 00000000 00000001 00000000 00000000 00000000 00000000 00000000 00000000 00000000 00000000 00000000 00000000 00000000 00000000 00000000 00000000 00000000 00000000 2f700792 0000008a 74df29ac 00000029 00000000 00000000 00000000 00000000 00000101 00000081 00000000 00000000 00000000 00000000 00000000 00000000 00000000 00003333 00004ccd 00002667 00000001 00000000 01c9c380 0000027c
capture_snapshot GLI1 00010000 30000000 2500000 616 0 30000000 0 0 0 0 0 0 0 6dad0b20 00000029 74e22b00 00000029 0099c2a9 00000000 0099c2a9 00000000 0000006a 00000000 00000000 00000000 073524f2 00000000 0099c313 00000000 00000000 00000000 00000000 00000039 008b3199 00000001 00000000 00000001 00000000 00000000 00000000 00000000 00000000 00000000 00000000 00000000 00000000 00000000 00000000 00000000 00000000 00000000 00000000 00000000 2f7a0c3b 0000008a 74e22b17 00000029 00000000 00000000 00000000 00000000 00000100 00000080 00000000 00000000 00000000 00000000 00000000 00000000 00000000 00003333 00004ccd 00002667 00000001 00000000 01c9c380 0000027c
capture_snapshot GLI1 00010000 30000000 2500000 617 0 30000000 0 0 0 0 0 0 0 6dad0b20 00000029 74e52968 00000029 009a0287 00000000 009a0287 00000000 0000006a 00000000 00000000 00000000 0738235a 00000000 009a02f1 00000000 00000000 00000000 00000000 00000039 008b3199 00000001 00000000 00000001 00000000 00000000 00000000 00000000 00000000 00000000 00000000 00000000 00000000 00000000 00000000 00000000 00000000 00000000 00000000 00000000 2f8406d4 0000008a 74e5297f 00000029 00000000 00000000 00000000 00000000 00000100 00000080 00000000 00000000 00000000 00000000 00000000 00000000 00000000 00003333 00004ccd 00002667 00000001 00000000 01c9c380 0000027c
capture_snapshot GLI1 00010000 30000000 2500000 618 0 30000000 0 0 0 0 0 0 0 6dad0b20 00000029 74e829a4 00000029 009a428c 00000000 009a428c 00000000 0000006a 00000000 00000000 00000000 073b2390 00000000 009a42f6 00000000 00000000 00000000 00000000 00000039 008b3199 00000001 00000000 00000001 00000000 00000000 00000000 00000000 00000000 00000000 00000000 00000000 00000000 00000000 00000000 00000000 00000000 00000000 00000000 00000000 2f8e0777 0000008a 74e829b5 00000029 00000000 00000000 00000000 00000000 00000100 00000080 00000000 00000000 00000000 00000000 00000000 00000000 00000000 00003333 00004ccd 00002667 00000001 00000000 01c9c380 0000027c
capture_snapshot GLI1 00010000 30000000 2500000 619 0 30000000 0 0 0 0 0 0 0 6dad0b20 00000029 74eb29a4 00000029 009a828c 00000000 009a828c 00000000 0000006a 00000000 00000000 00000000 073e2394 00000000 009a82f6 00000000 00000000 00000000 00000000 00000039 008b3199 00000001 00000000 00000001 00000000 00000000 00000000 00000000 00000000 00000000 00000000 00000000 00000000 00000000 00000000 00000000 00000000 00000000 00000000 00000000 2f980770 0000008a 74eb29b9 00000029 00000000 00000000 00000000 00000000 00000101 00000081 00000000 00000000 00000000 00000000 00000000 00000000 00000000 00003333 00004ccd 00002667 00000001 00000000 01c9c380 0000027c
capture_snapshot GLI1 00010000 30000000 2500000 620 0 30000000 0 0 0 0 0 0 0 6dad0b20 00000029 74ee298c 00000029 009ac28a 00000000 009ac28a 00000000 0000006a 00000000 00000000 00000000 0741237b 00000000 009ac2f4 00000000 00000000 00000000 00000000 00000039 008b3199 00000001 00000000 00000001 00000000 00000000 00000000 00000000 00000000 00000000 00000000 00000000 00000000 00000000 00000000 00000000 00000000 00000000 00000000 00000000 2fa20708 0000008a 74ee29a0 00000029 00000000 00000000 00000000 00000000 00000101 00000080 00000000 00000000 00000000 00000000 00000000 00000000 00000000 00003333 00004ccd 00002667 00000001 00000000 01c9c380 0000027c
capture_snapshot GLI1 00010000 30000000 2500000 621 0 30000000 0 0 0 0 0 0 0 6dad0b20 00000029 74f129a4 00000029 009b028c 00000000 009b028c 00000000 0000006a 00000000 00000000 00000000 07442399 00000000 009b02f6 00000000 00000000 00000000 00000000 00000039 008b3199 00000001 00000000 00000001 00000000 00000000 00000000 00000000 00000000 00000000 00000000 00000000 00000000 00000000 00000000 00000000 00000000 00000000 00000000 00000000 2fac0758 0000008a 74f129be 00000029 00000000 00000000 00000000 00000000 00000100 00000080 00000000 00000000 00000000 00000000 00000000 00000000 00000000 00003333 00004ccd 00002667 00000001 00000000 01c9c380 0000027c
capture_snapshot GLI1 00010000 30000000 2500000 622 0 30000000 0 0 0 0 0 0 0 6dad0b20 00000029 74f42950 00000029 009b4285 00000000 009b4285 00000000 0000006a 00000000 00000000 00000000 07472342 00000000 009b42ef 00000000 00000000 00000000 00000000 00000039 008b3199 00000001 00000000 00000001 00000000 00000000 00000000 00000000 00000000 00000000 00000000 00000000 00000000 00000000 00000000 00000000 00000000 00000000 00000000 00000000 2fb60625 0000008a 74f42967 00000029 00000000 00000000 00000000 00000000 00000100 00000081 00000000 00000000 00000000 00000000 00000000 00000000 00000000 00003333 00004ccd 00002667 00000001 00000000 01c9c380 0000027c
capture_snapshot GLI1 00010000 30000000 2500000 623 0 30000000 0 0 0 0 0 0 0 6dad0b20 00000029 74f729bc 00000029 009b828e 00000000 009b828e 00000000 0000006a 00000000 00000000 00000000 074a23a7 00000000 009b82f8 00000000 00000000 00000000 00000000 00000039 008b3199 00000001 00000000 00000001 00000000 00000000 00000000 00000000 00000000 00000000 00000000 00000000 00000000 00000000 00000000 00000000 00000000 00000000 00000000 00000000 2fc00761 0000008a 74f729cc 00000029 00000000 00000000 00000000 00000000 00000101 00000081 00000000 00000000 00000000 00000000 00000000 00000000 00000000 00003333 00004ccd 00002667 00000001 00000000 01c9c380 0000027c
capture_snapshot GLI1 00010000 30000000 2500000 624 0 30000000 0 0 0 0 0 0 0 6dad0b20 00000029 74fa298c 00000029 009bc28a 00000000 009bc28a 00000000 0000006a 00000000 00000000 00000000 074d2381 00000000 009bc2f4 00000000 00000000 00000000 00000000 00000039 008b3199 00000001 00000000 00000001 00000000 00000000 00000000 00000000 00000000 00000000 00000000 00000000 00000000 00000000 00000000 00000000 00000000 00000000 00000000 00000000 2fca06ce 0000008a 74fa29a6 00000029 00000000 00000000 00000000 00000000 00000100 00000080 00000000 00000000 00000000 00000000 00000000 00000000 00000000 00003333 00004ccd 00002667 00000001 00000000 01c9c380 0000027c
capture_snapshot GLI1 00010000 30000000 2500000 625 0 30000000 0 0 0 0 0 0 0 6dad0b20 00000029 74fd2a40 00000029 009c0299 00000000 009c0299 00000000 0000006a 00000000 00000000 00000000 07502433 00000000 009c0303 00000000 00000000 00000000 00000000 00000039 008b3199 00000001 00000000 00000001 00000000 00000000 00000000 00000000 00000000 00000000 00000000 00000000 00000000 00000000 00000000 00000000 00000000 00000000 00000000 00000000 2fd4090c 0000008a 74fd2a58 00000029 00000000 00000000 00000000 00000000 00000101 00000080 00000000 00000000 00000000 00000000 00000000 00000000 00000000 00003333 00004ccd 00002667 00000001 00000000 01c9c380 0000027c
capture_snapshot GLI1 00010000 30000000 2500000 626 0 30000000 0 0 0 0 0 0 0 6dad0b20 00000029 75002b0c 00000029 009c42aa 00000000 009c42aa 00000000 0000006a 00000000 00000000 00000000 075324f8 00000000 009c4314 00000000 00000000 00000000 00000000 00000039 008b3199 00000001 00000000 00000001 00000000 00000000 00000000 00000000 00000000 00000000 00000000 00000000 00000000 00000000 00000000 00000000 00000000 00000000 00000000 00000000 2fde0b8a 0000008a 75002b1d 00000029 00000000 00000000 00000000 00000000 00000101 00000081 00000000 00000000 00000000 00000000 00000000 00000000 00000000 00003333 00004ccd 00002667 00000001 00000000 01c9c380 0000027c
capture_snapshot GLI1 00010000 30000000 2500000 627 0 30000000 0 0 0 0 0 0 0 6dad0b20 00000029 75032a70 00000029 009c829d 00000000 009c829d 00000000 0000006a 00000000 00000000 00000000 07562460 00000000 009c8307 00000000 00000000 00000000 00000000 00000039 008b3199 00000001 00000000 00000001 00000000 00000000 00000000 00000000 00000000 00000000 00000000 00000000 00000000 00000000 00000000 00000000 00000000 00000000 00000000 00000000 2fe8097c 0000008a 75032a85 00000029 00000000 00000000 00000000 00000000 00000101 00000081 00000000 00000000 00000000 00000000 00000000 00000000 00000000 00003333 00004ccd 00002667 00000001 00000000 01c9c380 0000027c
capture_snapshot GLI1 00010000 30000000 2500000 628 0 30000000 0 0 0 0 0 0 0 6dad0b20 00000029 75062a94 00000029 009cc2a0 00000000 009cc2a0 00000000 0000006a 00000000 00000000 00000000 07592485 00000000 009cc30a 00000000 00000000 00000000 00000000 00000039 008b3199 00000001 00000000 00000001 00000000 00000000 00000000 00000000 00000000 00000000 00000000 00000000 00000000 00000000 00000000 00000000 00000000 00000000 00000000 00000000 2ff209e3 0000008a 75062aaa 00000029 00000000 00000000 00000000 00000000 00000101 00000080 00000000 00000000 00000000 00000000 00000000 00000000 00000000 00003333 00004ccd 00002667 00000001 00000000 01c9c380 0000027c
capture_snapshot GLI1 00010000 30000000 2500000 629 0 30000000 0 0 0 0 0 0 0 6dad0b20 00000029 750929a4 00000029 009d028c 00000000 009d028c 00000000 0000006a 00000000 00000000 00000000 075c2398 00000000 009d02f6 00000000 00000000 00000000 00000000 00000039 008b3199 00000001 00000000 00000001 00000000 00000000 00000000 00000000 00000000 00000000 00000000 00000000 00000000 00000000 00000000 00000000 00000000 00000000 00000000 00000000 2ffc06ba 0000008a 750929bd 00000029 00000000 00000000 00000000 00000000 00000101 00000080 00000000 00000000 00000000 00000000 00000000 00000000 00000000 00003333 00004ccd 00002667 00000001 00000000 01c9c380 0000027c
capture_snapshot GLI1 00010000 30000000 2500000 630 0 30000000 0 0 0 0 0 0 0 6dad0b20 00000029 750c28c0 00000029 009d4279 00000000 009d4279 00000000 0000006a 00000000 00000000 00000000 075f22b4 00000000 009d42e3 00000000 00000000 00000000 00000000 00000039 008b3199 00000001 00000000 00000001 00000000 00000000 00000000 00000000 00000000 00000000 00000000 00000000 00000000 00000000 00000000 00000000 00000000 00000000 00000000 00000000 300603af 0000008a 750c28d9 00000029 00000000 00000000 00000000 00000000 00000101 00000081 00000000 00000000 00000000 00000000 00000000 00000000 00000000 00003333 00004ccd 00002667 00000001 00000000 01c9c380 0000027c
capture_snapshot GLI1 00010000 30000000 2500000 631 0 30000000 0 0 0 0 0 0 0 6dad0b20 00000029 750f295c 00000029 009d8286 00000000 009d8286 00000000 0000006a 00000000 00000000 00000000 07622350 00000000 009d82f0 00000000 00000000 00000000 00000000 00000039 008b3199 00000001 00000000 00000001 00000000 00000000 00000000 00000000 00000000 00000000 00000000 00000000 00000000 00000000 00000000 00000000 00000000 00000000 00000000 00000000 301005a4 0000008a 750f2975 00000029 00000000 00000000 00000000 00000000 00000101 00000081 00000000 00000000 00000000 00000000 00000000 00000000 00000000 00003333 00004ccd 00002667 00000001 00000000 01c9c380 0000027c
capture_snapshot GLI1 00010000 30000000 2500000 632 0 30000000 0 0 0 0 0 0 0 6dad0b20 00000029 75122a40 00000029 009dc299 00000000 009dc299 00000000 0000006a 00000000 00000000 00000000 07652435 00000000 009dc303 00000000 00000000 00000000 00000000 00000039 008b3199 00000001 00000000 00000001 00000000 00000000 00000000 00000000 00000000 00000000 00000000 00000000 00000000 00000000 00000000 00000000 00000000 00000000 00000000 00000000 301a088a 0000008a 75122a5a 00000029 00000000 00000000 00000000 00000000 00000100 00000080 00000000 00000000 00000000 00000000 00000000 00000000 00000000 00003333 00004ccd 00002667 00000001 00000000 01c9c380 0000027c
capture_snapshot GLI1 00010000 30000000 2500000 633 0 30000000 0 0 0 0 0 0 0 6dad0b20 00000029 751532b0 00000029 009e034d 00000000 009e034d 00000000 0000006a 00000000 00000000 00000000 07682ca0 00000000 009e03b7 00000000 00000000 00000000 00000000 00000039 008b3199 00000001 00000000 00000001 00000000 00000000 00000000 00000000 00000000 00000000 00000000 00000000 00000000 00000000 00000000 00000000 00000000 00000000 00000000 00000000 30242487 0000008a 751532c5 00000029 00000000 00000000 00000000 00000000 00000101 00000081 00000000 00000000 00000000 00000000 00000000 00000000 00000000 00003333 00004ccd 00002667 00000001 00000000 01c9c380 0000027c
capture_snapshot GLI1 00010000 30000000 2500000 634 0 30000000 0 0 0 0 0 0 0 6dad0b20 00000029 75183280 00000029 009e4349 00000000 009e4349 00000000 0000006a 00000000 00000000 00000000 076b2c71 00000000 009e43b3 00000000 00000000 00000000 00000000 00000039 008b3199 00000001 00000000 00000001 00000000 00000000 00000000 00000000 00000000 00000000 00000000 00000000 00000000 00000000 00000000 00000000 00000000 00000000 00000000 00000000 302e23d7 0000008a 75183296 00000029 00000000 00000000 00000000 00000000 00000101 00000081 00000000 00000000 00000000 00000000 00000000 00000000 00000000 00003333 00004ccd 00002667 00000001 00000000 01c9c380 0000027c
capture_snapshot GLI1 00010000 30000000 2500000 635 0 30000000 0 0 0 0 0 0 0 6dad0b20 00000029 751b2e9c 00000029 009e82f6 00000000 009e82f6 00000000 0000006a 00000000 00000000 00000000 076e288d 00000000 009e8360 00000000 00000000 00000000 00000000 00000039 008b3199 00000001 00000000 00000001 00000000 00000000 00000000 00000000 00000000 00000000 00000000 00000000 00000000 00000000 00000000 00000000 00000000 00000000 00000000 00000000 303816cb 0000008a 751b2eb2 00000029 00000000 00000000 00000000 00000000 00000101 00000080 00000000 00000000 00000000 00000000 00000000 00000000 00000000 00003333 00004ccd 00002667 00000001 00000000 01c9c380 0000027c
capture_snapshot GLI1 00010000 30000000 2500000 636 0 30000000 0 0 0 0 0 0 0 6dad0b20 00000029 751e2fb0 00000029 009ec30d 00000000 009ec30d 00000000 0000006a 00000000 00000000 00000000 0771299e 00000000 009ec377 00000000 00000000 00000000 00000000 00000039 008b3199 00000001 00000000 00000001 00000000 00000000 00000000 00000000 00000000 00000000 00000000 00000000 00000000 00000000 00000000 00000000 00000000 00000000 00000000 00000000 30421a47 0000008a 751e2fc3 00000029 00000000 00000000 00000000 00000000 00000101 00000081 00000000 00000000 00000000 00000000 00000000 00000000 00000000 00003333 00004ccd 00002667 00000001 00000000 01c9c380 0000027c
capture_snapshot GLI1 00010000 30000000 2500000 637 0 30000000 0 0 0 0 0 0 0 6dad0b20 00000029 752130a0 00000029 009f0321 00000000 009f0321 00000000 0000006a 00000000 00000000 00000000 07742a8c 00000000 009f038b 00000000 00000000 00000000 00000000 00000039 008b3199 00000001 00000000 00000001 00000000 00000000 00000000 00000000 00000000 00000000 00000000 00000000 00000000 00000000 00000000 00000000 00000000 00000000 00000000 00000000 304c1d4b 0000008a 752130b1 00000029 00000000 00000000 00000000 00000000 00000101 00000080 00000000 00000000 00000000 00000000 00000000 00000000 00000000 00003333 00004ccd 00002667 00000001 00000000 01c9c380 0000027c
capture_snapshot GLI1 00010000 30000000 2500000 638 0 30000000 0 0 0 0 0 0 0 6dad0b20 00000029 75243118 00000029 009f432b 00000000 009f432b 00000000 0000006a 00000000 00000000 00000000 07772b0a 00000000 009f4395 00000000 00000000 00000000 00000000 00000039 008b3199 00000001 00000000 00000001 00000000 00000000 00000000 00000000 00000000 00000000 00000000 00000000 00000000 00000000 00000000 00000000 00000000 00000000 00000000 00000000 30561edd 0000008a 7524312f 00000029 00000000 00000000 00000000 00000000 00000101 00000081 00000000 00000000 00000000 00000000 00000000 00000000 00000000 00003333 00004ccd 00002667 00000001 00000000 01c9c380 0000027c
capture_snapshot GLI1 00010000 30000000 2500000 639 0 30000000 0 0 0 0 0 0 0 6dad0b20 00000029 752731b4 00000029 009f8338 00000000 009f8338 00000000 0000006a 00000000 00000000 00000000 077a2ba5 00000000 009f83a2 00000000 00000000 00000000 00000000 00000039 008b3199 00000001 00000000 00000001 00000000 00000000 00000000 00000000 00000000 00000000 00000000 00000000 00000000 00000000 00000000 00000000 00000000 00000000 00000000 00000000 306020ce 0000008a 752731ca 00000029 00000000 00000000 00000000 00000000 00000101 00000081 00000000 00000000 00000000 00000000 00000000 00000000 00000000 00003333 00004ccd 00002667 00000001 00000000 01c9c380 0000027c
capture_snapshot GLI1 00010000 30000000 2500000 640 0 30000000 0 0 0 0 0 0 0 6dad0b20 00000029 752a358c 00000029 009fc38a 00000000 009fc38a 00000000 0000006a 00000000 00000000 00000000 077d2f78 00000000 009fc3f4 00000000 00000000 00000000 00000000 00000039 008b3199 00000001 00000000 00000001 00000000 00000000 00000000 00000000 00000000 00000000 00000000 00000000 00000000 00000000 00000000 00000000 00000000 00000000 00000000 00000000 306a2d7b 0000008a 752a359d 00000029 00000000 00000000 00000000 00000000 00000100 00000080 00000000 00000000 00000000 00000000 00000000 00000000 00000000 00003333 00004ccd 00002667 00000001 00000000 01c9c380 0000027c
capture_snapshot GLI1 00010000 30000000 2500000 641 0 30000000 0 0 0 0 0 0 0 6dad0b20 00000029 752d2e24 00000029 00a002ec 00000000 00a002ec 00000000 0000006a 00000000 00000000 00000000 0780280e 00000000 00a00356 00000000 00000000 00000000 00000000 00000039 008b3199 00000001 00000000 00000001 00000000 00000000 00000000 00000000 00000000 00000000 00000000 00000000 00000000 00000000 00000000 00000000 00000000 00000000 00000000 00000000 307414ae 0000008a 752d2e33 00000029 00000000 00000000 00000000 00000000 00000100 00000080 00000000 00000000 00000000 00000000 00000000 00000000 00000000 00003333 00004ccd 00002667 00000001 00000000 01c9c380 0000027c
capture_snapshot GLI1 00010000 30000000 2500000 642 0 30000000 0 0 0 0 0 0 0 6dad0b20 00000029 753030b8 00000029 00a04323 00000000 00a04323 00000000 0000006a 00000000 00000000 00000000 07832aad 00000000 00a0438d 00000000 00000000 00000000 00000000 00000039 008b3199 00000001 00000000 00000001 00000000 00000000 00000000 00000000 00000000 00000000 00000000 00000000 00000000 00000000 00000000 00000000 00000000 00000000 00000000 00000000 307e1d58 0000008a 753030d2 00000029 00000000 00000000 00000000 00000000 00000101 00000080 00000000 00000000 00000000 00000000 00000000 00000000 00000000 00003333 00004ccd 00002667 00000001 00000000 01c9c380 0000027c
capture_snapshot GLI1 00010000 30000000 2500000 643 0 30000000 0 0 0 0 0 0 0 6dad0b20 00000029 75333430 00000029 00a0836d 00000000 00a0836d 00000000 0000006a 00000000 00000000 00000000 07862e1a 00000000 00a083d7 00000000 00000000 00000000 00000000 00000039 008b3199 00000001 00000000 00000001 00000000 00000000 00000000 00000000 00000000 00000000 00000000 00000000 00000000 00000000 00000000 00000000 00000000 00000000 00000000 00000000 308828b1 0000008a 7533343f 00000029 00000000 00000000 00000000 00000000 00000101 00000081 00000000 00000000 00000000 00000000 00000000 00000000 00000000 00003333 00004ccd 00002667 00000001 00000000 01c9c380 0000027c
capture_snapshot GLI1 00010000 30000000 2500000 644 0 30000000 0 0 0 0 0 0 0 6dad0b20 00000029 75363094 00000029 00a0c320 00000000 00a0c320 00000000 0000006a 00000000 00000000 00000000 07892a89 00000000 00a0c38a 00000000 00000000 00000000 00000000 00000039 008b3199 00000001 00000000 00000001 00000000 00000000 00000000 00000000 00000000 00000000 00000000 00000000 00000000 00000000 00000000 00000000 00000000 00000000 00000000 00000000 30921cb9 0000008a 753630ae 00000029 00000000 00000000 00000000 00000000 00000101 00000080 00000000 00000000 00000000 00000000 00000000 00000000 00000000 00003333 00004ccd 00002667 00000001 00000000 01c9c380 0000027c
capture_snapshot GLI1 00010000 30000000 2500000 645 0 30000000 0 0 0 0 0 0 0 6dad0b20 00000029 7539328c 00000029 00a1034a 00000000 00a1034a 00000000 0000006a 00000000 00000000 00000000 078c2c7c 00000000 00a103b4 00000000 00000000 00000000 00000000 00000039 008b3199 00000001 00000000 00000001 00000000 00000000 00000000 00000000 00000000 00000000 00000000 00000000 00000000 00000000 00000000 00000000 00000000 00000000 00000000 00000000 309c2325 0000008a 753932a1 00000029 00000000 00000000 00000000 00000000 00000101 00000080 00000000 00000000 00000000 00000000 00000000 00000000 00000000 00003333 00004ccd 00002667 00000001 00000000 01c9c380 0000027c
capture_snapshot GLI1 00010000 30000000 2500000 646 0 30000000 0 0 0 0 0 0 0 6dad0b20 00000029 753c30ac 00000029 00a14322 00000000 00a14322 00000000 0000006a 00000000 00000000 00000000 078f2a98 00000000 00a1438c 00000000 00000000 00000000 00000000 00000039 008b3199 00000001 00000000 00000001 00000000 00000000 00000000 00000000 00000000 00000000 00000000 00000000 00000000 00000000 00000000 00000000 00000000 00000000 00000000 00000000 30a61cc4 0000008a 753c30bd 00000029 00000000 00000000 00000000 00000000 00000101 00000080 00000000 00000000 00000000 00000000 00000000 00000000 00000000 00003333 00004ccd 00002667 00000001 00000000 01c9c380 0000027c
capture_snapshot GLI1 00010000 30000000 2500000 647 0 30000000 0 0 0 0 0 0 0 6dad0b20 00000029 753f2d94 00000029 00a182e0 00000000 00a182e0 00000000 0000006a 00000000 00000000 00000000 07922786 00000000 00a1834a 00000000 00000000 00000000 00000000 00000039 008b3199 00000001 00000000 00000001 00000000 00000000 00000000 00000000 00000000 00000000 00000000 00000000 00000000 00000000 00000000 00000000 00000000 00000000 00000000 00000000 30b01274 0000008a 753f2dab 00000029 00000000 00000000 00000000 00000000 00000100 00000080 00000000 00000000 00000000 00000000 00000000 00000000 00000000 00003333 00004ccd 00002667 00000001 00000000 01c9c380 0000027c
capture_snapshot GLI1 00010000 30000000 2500000 648 0 30000000 0 0 0 0 0 0 0 6dad0b20 00000029 754232bc 00000029 00a1c34e 00000000 00a1c34e 00000000 0000006a 00000000 00000000 00000000 07952cab 00000000 00a1c3b8 00000000 00000000 00000000 00000000 00000039 008b3199 00000001 00000000 00000001 00000000 00000000 00000000 00000000 00000000 00000000 00000000 00000000 00000000 00000000 00000000 00000000 00000000 00000000 00000000 00000000 30ba2388 0000008a 754232d0 00000029 00000000 00000000 00000000 00000000 00000101 00000081 00000000 00000000 00000000 00000000 00000000 00000000 00000000 00003333 00004ccd 00002667 00000001 00000000 01c9c380 0000027c
capture_snapshot GLI1 00010000 30000000 2500000 649 0 30000000 0 0 0 0 0 0 0 6dad0b20 00000029 7545313c 00000029 00a2032e 00000000 00a2032e 00000000 0000006a 00000000 00000000 00000000 07982b2d 00000000 00a20398 00000000 00000000 00000000 00000000 00000039 008b3199 00000001 00000000 00000001 00000000 00000000 00000000 00000000 00000000 00000000 00000000 00000000 00000000 00000000 00000000 00000000 00000000 00000000 00000000 00000000 30c41e7c 0000008a 75453152 00000029 00000000 00000000 00000000 00000000 00000100 00000080 00000000 00000000 00000000 00000000 00000000 00000000 00000000 00003333 00004ccd 00002667 00000001 00000000 01c9c380 0000027c
capture_snapshot GLI1 00010000 30000000 2500000 650 0 30000000 0 0 0 0 0 0 0 6dad0b20 00000029 7548304c 00000029 00a2431a 00000000 00a2431a 00000000 0000006a 00000000 00000000 00000000 079b2a41 00000000 00a24384 00000000 00000000 00000000 00000000 00000039 008b3199 00000001 00000000 00000001 00000000 00000000 00000000 00000000 00000000 00000000 00000000 00000000 00000000 00000000 00000000 00000000 00000000 00000000 00000000 00000000 30ce1b55 0000008a 75483066 00000029 00000000 00000000 00000000 00000000 00000101 00000081 00000000 00000000 00000000 00000000 00000000 00000000 00000000 00003333 00004ccd 00002667 00000001 00000000 01c9c380 0000027c
capture_snapshot GLI1 00010000 30000000 2500000 651 0 30000000 0 0 0 0 0 0 0 6dad0b20 00000029 754b30b8 00000029 00a28323 00000000 00a28323 00000000 0000006a 00000000 00000000 00000000 079e2aa6 00000000 00a2838d 00000000 00000000 00000000 00000000 00000039 008b3199 00000001 00000000 00000001 00000000 00000000 00000000 00000000 00000000 00000000 00000000 00000000 00000000 00000000 00000000 00000000 00000000 00000000 00000000 00000000 30d81c91 0000008a 754b30cb 00000029 00000000 00000000 00000000 00000000 00000100 00000080 00000000 00000000 00000000 00000000 00000000 00000000 00000000 00003333 00004ccd 00002667 00000001 00000000 01c9c380 0000027c
capture_snapshot GLI1 00010000 30000000 2500000 652 0 30000000 0 0 0 0 0 0 0 6dad0b20 00000029 754e3064 00000029 00a2c31c 00000000 00a2c31c 00000000 0000006a 00000000 00000000 00000000 07a12a51 00000000 00a2c386 00000000 00000000 00000000 00000000 00000039 008b3199 00000001 00000000 00000001 00000000 00000000 00000000 00000000 00000000 00000000 00000000 00000000 00000000 00000000 00000000 00000000 00000000 00000000 00000000 00000000 30e21b62 0000008a 754e3076 00000029 00000000 00000000 00000000 00000000 00000100 00000080 00000000 00000000 00000000 00000000 00000000 00000000 00000000 00003333 00004ccd 00002667 00000001 00000000 01c9c380 0000027c
capture_snapshot GLI1 00010000 30000000 2500000 653 0 30000000 0 0 0 0 0 0 0 6dad0b20 00000029 75512f74 00000029 00a30308 00000000 00a30308 00000000 0000006a 00000000 00000000 00000000 07a42961 00000000 00a30372 00000000 00000000 00000000 00000000 00000039 008b3199 00000001 00000000 00000001 00000000 00000000 00000000 00000000 00000000 00000000 00000000 00000000 00000000 00000000 00000000 00000000 00000000 00000000 00000000 00000000 30ec182f 0000008a 75512f86 00000029 00000000 00000000 00000000 00000000 00000101 00000080 00000000 00000000 00000000 00000000 00000000 00000000 00000000 00003333 00004ccd 00002667 00000001 00000000 01c9c380 0000027c
capture_snapshot GLI1 00010000 30000000 2500000 654 0 30000000 0 0 0 0 0 0 0 6dad0b20 00000029 75543124 00000029 00a3432c 00000000 00a3432c 00000000 0000006a 00000000 00000000 00000000 07a72b10 00000000 00a34396 00000000 00000000 00000000 00000000 00000039 008b3199 00000001 00000000 00000001 00000000 00000000 00000000 00000000 00000000 00000000 00000000 00000000 00000000 00000000 00000000 00000000 00000000 00000000 00000000 00000000 30f61db9 0000008a 75543135 00000029 00000000 00000000 00000000 00000000 00000101 00000081 00000000 00000000 00000000 00000000 00000000 00000000 00000000 00003333 00004ccd 00002667 00000001 00000000 01c9c380 0000027c
capture_snapshot GLI1 00010000 30000000 2500000 655 0 30000000 0 0 0 0 0 0 0 6dad0b20 00000029 75573760 00000029 00a383b1 00000000 00a383b1 00000000 0000006a 00000000 00000000 00000000 07aa3153 00000000 00a3841b 00000000 00000000 00000000 00000000 00000039 008b3199 00000001 00000000 00000001 00000000 00000000 00000000 00000000 00000000 00000000 00000000 00000000 00000000 00000000 00000000 00000000 00000000 00000000 00000000 00000000 31003285 0000008a 75573778 00000029 00000000 00000000 00000000 00000000 00000101 00000081 00000000 00000000 00000000 00000000 00000000 00000000 00000000 00003333 00004ccd 00002667 00000001 00000000 01c9c380 0000027c
capture_snapshot GLI1 00010000 30000000 2500000 656 0 30000000 0 0 0 0 0 0 0 6dad0b20 00000029 755a2b90 00000029 00a3c2b5 00000000 00a3c2b5 00000000 0000006a 00000000 00000000 00000000 07ad2582 00000000 00a3c31f 00000000 00000000 00000000 00000000 00000039 008b3199 00000001 00000000 00000001 00000000 00000000 00000000 00000000 00000000 00000000 00000000 00000000 00000000 00000000 00000000 00000000 00000000 00000000 00000000 00000000 310a0b0d 0000008a 755a2ba7 00000029 00000000 00000000 00000000 00000000 00000100 00000080 00000000 00000000 00000000 00000000 00000000 00000000 00000000 00003333 00004ccd 00002667 00000001 00000000 01c9c380 0000027c
capture_snapshot GLI1 00010000 30000000 2500000 657 0 30000000 0 0 0 0 0 0 0 6dad0b20 00000029 755d30ac 00000029 00a40322 00000000 00a40322 00000000 0000006a 00000000 00000000 00000000 07b02aa0 00000000 00a4038c 00000000 00000000 00000000 00000000 00000039 008b3199 00000001 00000000 00000001 00000000 00000000 00000000 00000000 00000000 00000000 00000000 00000000 00000000 00000000 00000000 00000000 00000000 00000000 00000000 00000000 31141c0a 0000008a 755d30c5 00000029 00000000 00000000 00000000 00000000 00000101 00000080 00000000 00000000 00000000 00000000 00000000 00000000 00000000 00003333 00004ccd 00002667 00000001 00000000 01c9c380 0000027c
capture_snapshot GLI1 00010000 30000000 2500000 658 0 30000000 0 0 0 0 0 0 0 6dad0b20 00000029 756032b0 00000029 00a4434d 00000000 00a4434d 00000000 0000006a 00000000 00000000 00000000 07b32ca1 00000000 00a443b7 00000000 00000000 00000000 00000000 00000039 008b3199 00000001 00000000 00000001 00000000 00000000 00000000 00000000 00000000 00000000 00000000 00000000 00000000 00000000 00000000 00000000 00000000 00000000 00000000 00000000 311e22a3 0000008a 756032c6 00000029 00000000 00000000 00000000 00000000 00000101 00000080 00000000 00000000 00000000 00000000 00000000 00000000 00000000 00003333 00004ccd 00002667 00000001 00000000 01c9c380 0000027c
capture_snapshot GLI1 00010000 30000000 2500000 659 0 30000000 0 0 0 0 0 0 0 6dad0b20 00000029 7563304c 00000029 00a4831a 00000000 00a4831a 00000000 0000006a 00000000 00000000 00000000 07b62a3c 00000000 00a48384 00000000 00000000 00000000 00000000 00000039 008b3199 00000001 00000000 00000001 00000000 00000000 00000000 00000000 00000000 00000000 00000000 00000000 00000000 00000000 00000000 00000000 00000000 00000000 00000000 00000000 31281a95 0000008a 75633061 00000029 00000000 00000000 00000000 00000000 00000101 00000081 00000000 00000000 00000000 00000000 00000000 00000000 00000000 00003333 00004ccd 00002667 00000001 00000000 01c9c380 0000027c
capture_snapshot GLI1 00010000 30000000 2500000 660 0 30000000 0 0 0 0 0 0 0 6dad0b20 00000029 756631d8 00000029 00a4c33b 00000000 00a4c33b 00000000 0000006a 00000000 00000000 00000000 07b92bc5 00000000 00a4c3a5 00000000 00000000 00000000 00000000 00000039 008b3199 00000001 00000000 00000001 00000000 00000000 00000000 00000000 00000000 00000000 00000000 00000000 00000000 00000000 00000000 00000000 00000000 00000000 00000000 00000000 31321fa0 0000008a 756631ea 00000029 00000000 00000000 00000000 00000000 00000101 00000081 00000000 00000000 00000000 00000000 00000000 00000000 00000000 00003333 00004ccd 00002667 00000001 00000000 01c9c380 0000027c
capture_snapshot GLI1 00010000 30000000 2500000 661 0 30000000 0 0 0 0 0 0 0 6dad0b20 00000029 75692f50 00000029 00a50305 00000000 00a50305 00000000 0000006a 00000000 00000000 00000000 07bc2942 00000000 00a5036f 00000000 00000000 00000000 00000000 00000039 008b3199 00000001 00000000 00000001 00000000 00000000 00000000 00000000 00000000 00000000 00000000 00000000 00000000 00000000 00000000 00000000 00000000 00000000 00000000 00000000 313c172e 0000008a 75692f67 00000029 00000000 00000000 00000000 00000000 00000100 00000081 00000000 00000000 00000000 00000000 00000000 00000000 00000000 00003333 00004ccd 00002667 00000001 00000000 01c9c380 0000027c
capture_snapshot GLI1 00010000 30000000 2500000 662 0 30000000 0 0 0 0 0 0 0 6dad0b20 00000029 756c3f4c 00000029 00a5445a 00000000 00a5445a 00000000 0000006a 00000000 00000000 00000000 07bf393d 00000000 00a544c4 00000000 00000000 00000000 00000000 00000039 008b3199 00000001 00000000 00000001 00000000 00000000 00000000 00000000 00000000 00000000 00000000 00000000 00000000 00000000 00000000 00000000 00000000 00000000 00000000 00000000 31464c5e 0000008a 756c3f62 00000029 00000000 00000000 00000000 00000000 00000101 00000081 00000000 00000000 00000000 00000000 00000000 00000000 00000000 00003333 00004ccd 00002667 00000001 00000000 01c9c380 0000027c
capture_snapshot GLI1 00010000 30000000 2500000 663 0 30000000 0 0 0 0 0 0 0 6dad0b20 00000029 756f33c4 00000029 00a58364 00000000 00a58364 00000000 0000006a 00000000 00000000 00000000 07c22db0 00000000 00a583ce 00000000 00000000 00000000 00000000 00000039 008b3199 00000001 00000000 00000001 00000000 00000000 00000000 00000000 00000000 00000000 00000000 00000000 00000000 00000000 00000000 00000000 00000000 00000000 00000000 00000000 315025cb 0000008a 756f33d5 00000029 00000000 00000000 00000000 00000000 00000100 00000080 00000000 00000000 00000000 00000000 00000000 00000000 00000000 00003333 00004ccd 00002667 00000001 00000000 01c9c380 0000027c
capture_snapshot GLI1 00010000 30000000 2500000 664 0 30000000 0 0 0 0 0 0 0 6dad0b20 00000029 75723310 00000029 00a5c355 00000000 00a5c355 00000000 0000006a 00000000 00000000 00000000 07c52cfb 00000000 00a5c3bf 00000000 00000000 00000000 00000000 00000039 008b3199 00000001 00000000 00000001 00000000 00000000 00000000 00000000 00000000 00000000 00000000 00000000 00000000 00000000 00000000 00000000 00000000 00000000 00000000 00000000 315a235b 0000008a 75723320 00000029 00000000 00000000 00000000 00000000 00000101 00000081 00000000 00000000 00000000 00000000 00000000 00000000 00000000 00003333 00004ccd 00002667 00000001 00000000 01c9c380 0000027c
capture_snapshot GLI1 00010000 30000000 2500000 665 0 30000000 0 0 0 0 0 0 0 6dad0b20 00000029 7575352c 00000029 00a60382 00000000 00a60382 00000000 0000006a 00000000 00000000 00000000 07c82f1c 00000000 00a603ec 00000000 00000000 00000000 00000000 00000039 008b3199 00000001 00000000 00000001 00000000 00000000 00000000 00000000 00000000 00000000 00000000 00000000 00000000 00000000 00000000 00000000 00000000 00000000 00000000 00000000 31642a61 0000008a 75753541 00000029 00000000 00000000 00000000 00000000 00000101 00000080 00000000 00000000 00000000 00000000 00000000 00000000 00000000 00003333 00004ccd 00002667 00000001 00000000 01c9c380 0000027c
capture_snapshot GLI1 00010000 30000000 2500000 666 0 30000000 0 0 0 0 0 0 0 6dad0b20 00000029 757830dc 00000029 00a64326 00000000 00a64325 00000000 0000006a 00000000 00000000 00000000 07cb2ac5 00000000 00a64390 00000000 00000000 00000000 00000000 0000003b 008b3199 00000001 00000001 00000001 00000000 00000000 00000000 00000000 00000000 00000000 00000000 00000000 00000000 00000000 00000000 00000000 00000000 00000000 00000000 00000000 316e1bd6 0000008a 757830ea 00000029 00000000 00000000 00000000 00000000 00000101 00000081 00000000 00000000 00000000 00000000 00000000 00000000 00000000 00003333 00004ccd 00002667 00000001 00000000 01c9c380 0000027c
capture_snapshot GLI1 00010000 30000000 2500000 667 0 30000000 0 0 0 0 0 0 0 6dad0b20 00000029 757b3094 00000029 00a68320 00000000 00a68320 00000000 0000006a 00000000 00000000 00000000 07ce2a85 00000000 00a6838a 00000000 00000000 00000000 00000000 00000039 008b3199 00000001 00000000 00000001 00000000 00000000 00000000 00000000 00000000 00000000 00000000 00000000 00000000 00000000 00000000 00000000 00000000 00000000 00000000 00000000 31781aed 0000008a 757b30aa 00000029 00000000 00000000 00000000 00000000 00000101 00000081 00000000 00000000 00000000 00000000 00000000 00000000 00000000 00003333 00004ccd 00002667 00000001 00000000 01c9c380 0000027c
capture_snapshot GLI1 00010000 30000000 2500000 668 0 30000000 0 0 0 0 0 0 0 6dad0b20 00000029 757e3370 00000029 00a6c35d 00000000 00a6c35d 00000000 0000006a 00000000 00000000 00000000 07d12d5c 00000000 00a6c3c7 00000000 00000000 00000000 00000000 00000039 008b3199 00000001 00000000 00000001 00000000 00000000 00000000 00000000 00000000 00000000 00000000 00000000 00000000 00000000 00000000 00000000 00000000 00000000 00000000 00000000 31822451 0000008a 757e3381 00000029 00000000 00000000 00000000 00000000 00000101 00000081 00000000 00000000 00000000 00000000 00000000 00000000 00000000 00003333 00004ccd 00002667 00000001 00000000 01c9c380 0000027c
capture_snapshot GLI1 00010000 30000000 2500000 669 0 30000000 0 0 0 0 0 0 0 6dad0b20 00000029 758130ac 00000029 00a70322 00000000 00a70322 00000000 0000006a 00000000 00000000 00000000 07d42a9a 00000000 00a7038c 00000000 00000000 00000000 00000000 00000039 008b3199 00000001 00000000 00000001 00000000 00000000 00000000 00000000 00000000 00000000 00000000 00000000 00000000 00000000 00000000 00000000 00000000 00000000 00000000 00000000 318c1b0c 0000008a 758130bf 00000029 00000000 00000000 00000000 00000000 00000101 00000081 00000000 00000000 00000000 00000000 00000000 00000000 00000000 00003333 00004ccd 00002667 00000001 00000000 01c9c380 0000027c
capture_snapshot GLI1 00010000 30000000 2500000 670 0 30000000 0 0 0 0 0 0 0 6dad0b20 00000029 75843400 00000029 00a74369 00000000 00a74369 00000000 0000006a 00000000 00000000 00000000 07d72df3 00000000 00a743d3 00000000 00000000 00000000 00000000 00000039 008b3199 00000001 00000000 00000001 00000000 00000000 00000000 00000000 00000000 00000000 00000000 00000000 00000000 00000000 00000000 00000000 00000000 00000000 00000000 00000000 31962620 0000008a 75843418 00000029 00000000 00000000 00000000 00000000 00000101 00000080 00000000 00000000 00000000 00000000 00000000 00000000 00000000 00003333 00004ccd 00002667 00000001 00000000 01c9c380 0000027c
capture_snapshot GLI1 00010000 30000000 2500000 671 0 30000000 0 0 0 0 0 0 0 6dad0b20 00000029 758730ac 00000029 00a78322 00000000 00a78322 00000000 0000006a 00000000 00000000 00000000 07da2a9a 00000000 00a7838c 00000000 00000000 00000000 00000000 00000039 008b3199 00000001 00000000 00000001 00000000 00000000 00000000 00000000 00000000 00000000 00000000 00000000 00000000 00000000 00000000 00000000 00000000 00000000 00000000 00000000 31a01ae5 0000008a 758730bf 00000029 00000000 00000000 00000000 00000000 00000101 00000081 00000000 00000000 00000000 00000000 00000000 00000000 00000000 00003333 00004ccd 00002667 00000001 00000000 01c9c380 0000027c
capture_snapshot GLI1 00010000 30000000 2500000 672 0 30000000 0 0 0 0 0 0 0 6dad0b20 00000029 758a3058 00000029 00a7c31b 00000000 00a7c31b 00000000 0000006a 00000000 00000000 00000000 07dd2a43 00000000 00a7c385 00000000 00000000 00000000 00000000 00000039 008b3199 00000001 00000000 00000001 00000000 00000000 00000000 00000000 00000000 00000000 00000000 00000000 00000000 00000000 00000000 00000000 00000000 00000000 00000000 00000000 31aa19b1 0000008a 758a3068 00000029 00000000 00000000 00000000 00000000 00000100 00000080 00000000 00000000 00000000 00000000 00000000 00000000 00000000 00003333 00004ccd 00002667 00000001 00000000 01c9c380 0000027c
capture_snapshot GLI1 00010000 30000000 2500000 673 0 30000000 0 0 0 0 0 0 0 6dad0b20 00000029 758d3280 00000029 00a80349 00000000 00a80349 00000000 0000006a 00000000 00000000 00000000 07e02c6a 00000000 00a803b3 00000000 00000000 00000000 00000000 00000039 008b3199 00000001 00000000 00000001 00000000 00000000 00000000 00000000 00000000 00000000 00000000 00000000 00000000 00000000 00000000 00000000 00000000 00000000 00000000 00000000 31b420c9 0000008a 758d328f 00000029 00000000 00000000 00000000 00000000 00000101 00000081 00000000 00000000 00000000 00000000 00000000 00000000 00000000 00003333 00004ccd 00002667 00000001 00000000 01c9c380 0000027c
capture_snapshot GLI1 00010000 30000000 2500000 674 0 30000000 0 0 0 0 0 0 0 6dad0b20 00000029 7590313c 00000029 00a8432e 00000000 00a8432e 00000000 0000006a 00000000 00000000 00000000 07e32b31 00000000 00a84398 00000000 00000000 00000000 00000000 00000039 008b3199 00000001 00000000 00000001 00000000 00000000 00000000 00000000 00000000 00000000 00000000 00000000 00000000 00000000 00000000 00000000 00000000 00000000 00000000 00000000 31be1ca1 0000008a 75903156 00000029 00000000 00000000 00000000 00000000 00000101 00000080 00000000 00000000 00000000 00000000 00000000 00000000 00000000 00003333 00004ccd 00002667 00000001 00000000 01c9c380 0000027c
capture_snapshot GLI1 00010000 30000000 2500000 675 0 30000000 0 0 0 0 0 0 0 6dad0b20 00000029 75933148 00000029 00a8832f 00000000 00a8832f 00000000 0000006a 00000000 00000000 00000000 07e62b38 00000000 00a88399 00000000 00000000 00000000 00000000 00000039 008b3199 00000001 00000000 00000001 00000000 00000000 00000000 00000000 00000000 00000000 00000000 00000000 00000000 00000000 00000000 00000000 00000000 00000000 00000000 00000000 31c81ca5 0000008a 7593315d 00000029 00000000 00000000 00000000 00000000 00000101 00000080 00000000 00000000 00000000 00000000 00000000 00000000 00000000 00003333 00004ccd 00002667 00000001 00000000 01c9c380 0000027c
capture_snapshot GLI1 00010000 30000000 2500000 676 0 30000000 0 0 0 0 0 0 0 6dad0b20 00000029 75962e9c 00000029 00a8c2f6 00000000 00a8c2f6 00000000 0000006a 00000000 00000000 00000000 07e9288b 00000000 00a8c360 00000000 00000000 00000000 00000000 00000039 008b3199 00000001 00000000 00000001 00000000 00000000 00000000 00000000 00000000 00000000 00000000 00000000 00000000 00000000 00000000 00000000 00000000 00000000 00000000 00000000 31d213a6 0000008a 75962eb0 00000029 00000000 00000000 00000000 00000000 00000101 00000080 00000000 00000000 00000000 00000000 00000000 00000000 00000000 00003333 00004ccd 00002667 00000001 00000000 01c9c380 0000027c
capture_snapshot GLI1 00010000 30000000 2500000 677 0 30000000 0 0 0 0 0 0 0 6dad0b20 00000029 7599307c 00000029 00a9031e 00000000 00a9031e 00000000 0000006a 00000000 00000000 00000000 07ec2a70 00000000 00a90388 00000000 00000000 00000000 00000000 00000039 008b3199 00000001 00000000 00000001 00000000 00000000 00000000 00000000 00000000 00000000 00000000 00000000 00000000 00000000 00000000 00000000 00000000 00000000 00000000 00000000 31dc19e4 0000008a 75993095 00000029 00000000 00000000 00000000 00000000 00000101 00000081 00000000 00000000 00000000 00000000 00000000 00000000 00000000 00003333 00004ccd 00002667 00000001 00000000 01c9c380 0000027c
capture_snapshot GLI1 00010000 30000000 2500000 678 0 30000000 0 0 0 0 0 0 0 6dad0b20 00000029 759c30dc 00000029 00a94326 00000000 00a94326 00000000 0000006a 00000000 00000000 00000000 07ef2acb 00000000 00a94390 00000000 00000000 00000000 00000000 00000039 008b3199 00000001 00000000 00000001 00000000 00000000 00000000 00000000 00000000 00000000 00000000 00000000 00000000 00000000 00000000 00000000 00000000 00000000 00000000 00000000 31e61b01 0000008a 759c30f0 00000029 00000000 00000000 00000000 00000000 00000100 00000080 00000000 00000000 00000000 00000000 00000000 00000000 00000000 00003333 00004ccd 00002667 00000001 00000000 01c9c380 0000027c
capture_snapshot GLI1 00010000 30000000 2500000 679 0 30000000 0 0 0 0 0 0 0 6dad0b20 00000029 759f2e84 00000029 00a982f4 00000000 00a982f4 00000000 0000006a 00000000 00000000 00000000 07f2286f 00000000 00a9835e 00000000 00000000 00000000 00000000 00000039 008b3199 00000001 00000000 00000001 00000000 00000000 00000000 00000000 00000000 00000000 00000000 00000000 00000000 00000000 00000000 00000000 00000000 00000000 00000000 00000000 31f01311 0000008a 759f2e94 00000029 00000000 00000000 00000000 00000000 00000100 00000080 00000000 00000000 00000000 00000000 00000000 00000000 00000000 00003333 00004ccd 00002667 00000001 00000000 01c9c380 0000027c
capture_snapshot GLI1 00010000 30000000 2500000 680 0 30000000 0 0 0 0 0 0 0 6dad0b20 00000029 75a23124 00000029 00a9c32c 00000000 00a9c32c 00000000 0000006a 00000000 00000000 00000000 07f52b0f 00000000 00a9c396 00000000 00000000 00000000 00000000 00000039 008b3199 00000001 00000000 00000001 00000000 00000000 00000000 00000000 00000000 00000000 00000000 00000000 00000000 00000000 00000000 00000000 00000000 00000000 00000000 00000000 31fa1bbd 0000008a 75a23134 00000029 00000000 00000000 00000000 00000000 00000100 00000080 00000000 00000000 00000000 00000000 00000000 00000000 00000000 00003333 00004ccd 00002667 00000001 00000000 01c9c380 0000027c
capture_snapshot GLI1 00010000 30000000 2500000 681 0 30000000 0 0 0 0 0 0 0 6dad0b20 00000029 75a52fbc 00000029 00aa030e 00000000 00aa030e 00000000 0000006a 00000000 00000000 00000000 07f829ac 00000000 00aa0378 00000000 00000000 00000000 00000000 00000039 008b3199 00000001 00000000 00000001 00000000 00000000 00000000 00000000 00000000 00000000 00000000 00000000 00000000 00000000 00000000 00000000 00000000 00000000 00000000 00000000 32041709 0000008a 75a52fd1 00000029 00000000 00000000 00000000 00000000 00000101 00000081 00000000 00000000 00000000 00000000 00000000 00000000 00000000 00003333 00004ccd 00002667 00000001 00000000 01c9c380 0000027c
capture_snapshot GLI1 00010000 30000000 2500000 682 0 30000000 0 0 0 0 0 0 0 6dad0b20 00000029 75a82f20 00000029 00aa4301 00000000 00aa4301 00000000 0000006a 00000000 00000000 00000000 07fb2910 00000000 00aa436b 00000000 00000000 00000000 00000000 00000039 008b3199 00000001 00000000 00000001 00000000 00000000 00000000 00000000 00000000 00000000 00000000 00000000 00000000 00000000 00000000 00000000 00000000 00000000 00000000 00000000 320e14ed 0000008a 75a82f35 00000029 00000000 00000000 00000000 00000000 00000101 00000080 00000000 00000000 00000000 00000000 00000000 00000000 00000000 00003333 00004ccd 00002667 00000001 00000000 01c9c380 0000027c
capture_snapshot GLI1 00010000 30000000 2500000 683 0 30000000 0 0 0 0 0 0 0 6dad0b20 00000029 75ab30f4 00000029 00aa8328 00000000 00aa8328 00000000 0000006a 00000000 00000000 00000000 07fe2add 00000000 00aa8392 00000000 00000000 00000000 00000000 00000039 008b3199 00000001 00000000 00000001 00000000 00000000 00000000 00000000 00000000 00000000 00000000 00000000 00000000 00000000 00000000 00000000 00000000 00000000 00000000 00000000 32181adc 0000008a 75ab3102 00000029 00000000 00000000 00000000 00000000 00000100 00000080 00000000 00000000 00000000 00000000 00000000 00000000 00000000 00003333 00004ccd 00002667 00000001 00000000 01c9c380 0000027c
capture_snapshot GLI1 00010000 30000000 2500000 684 0 30000000 0 0 0 0 0 0 0 6dad0b20 00000029 75ae3250 00000029 00aac345 00000000 00aac345 00000000 0000006a 00000000 00000000 00000000 08012c3a 00000000 00aac3af 00000000 00000000 00000000 00000000 00000039 008b3199 00000001 00000000 00000001 00000000 00000000 00000000 00000000 00000000 00000000 00000000 00000000 00000000 00000000 00000000 00000000 00000000 00000000 00000000 00000000 32221f51 0000008a 75ae325f 00000029 00000000 00000000 00000000 00000000 00000100 00000080 00000000 00000000 00000000 00000000 00000000 00000000 00000000 00003333 00004ccd 00002667 00000001 00000000 01c9c380 0000027c
capture_snapshot GLI1 00010000 30000000 2500000 685 0 30000000 0 0 0 0 0 0 0 6dad0b20 00000029 75b12fd4 00000029 00ab0310 00000000 00ab0310 00000000 0000006a 00000000 00000000 00000000 080429c6 00000000 00ab037a 00000000 00000000 00000000 00000000 00000039 008b3199 00000001 00000000 00000001 00000000 00000000 00000000 00000000 00000000 00000000 00000000 00000000 00000000 00000000 00000000 00000000 00000000 00000000 00000000 00000000 322c1712 0000008a 75b12feb 00000029 00000000 00000000 00000000 00000000 00000101 00000081 00000000 00000000 00000000 00000000 00000000 00000000 00000000 00003333 00004ccd 00002667 00000001 00000000 01c9c380 0000027c
capture_snapshot GLI1 00010000 30000000 2500000 686 0 30000000 0 0 0 0 0 0 0 6dad0b20 00000029 75b43088 00000029 00ab431f 00000000 00ab431f 00000000 0000006a 00000000 00000000 00000000 08072a7a 00000000 00ab4389 00000000 00000000 00000000 00000000 00000039 008b3199 00000001 00000000 00000001 00000000 00000000 00000000 00000000 00000000 00000000 00000000 00000000 00000000 00000000 00000000 00000000 00000000 00000000 00000000 00000000 32361957 0000008a 75b4309f 00000029 00000000 00000000 00000000 00000000 00000101 00000081 00000000 00000000 00000000 00000000 00000000 00000000 00000000 00003333 00004ccd 00002667 00000001 00000000 01c9c380 0000027c
capture_snapshot GLI1 00010000 30000000 2500000 687 0 30000000 0 0 0 0 0 0 0 6dad0b20 00000029 75b72ff8 00000029 00ab8313 00000000 00ab8313 00000000 0000006a 00000000 00000000 00000000 080a29e6 00000000 00ab837d 00000000 00000000 00000000 00000000 00000039 008b3199 00000001 00000000 00000001 00000000 00000000 00000000 00000000 00000000 00000000 00000000 00000000 00000000 00000000 00000000 00000000 00000000 00000000 00000000 00000000 32401757 0000008a 75b7300b 00000029 00000000 00000000 00000000 00000000 00000100 00000080 00000000 00000000 00000000 00000000 00000000 00000000 00000000 00003333 00004ccd 00002667 00000001 00000000 01c9c380 0000027c
capture_snapshot GLI1 00010000 30000000 2500000 688 0 30000000 0 0 0 0 0 0 0 6dad0b20 00000029 75ba2ed8 00000029 00abc2fb 00000000 00abc2fb 00000000 0000006a 00000000 00000000 00000000 080d28c9 00000000 00abc365 00000000 00000000 00000000 00000000 00000039 008b3199 00000001 00000000 00000001 00000000 00000000 00000000 00000000 00000000 00000000 00000000 00000000 00000000 00000000 00000000 00000000 00000000 00000000 00000000 00000000 324a138b 0000008a 75ba2eee 00000029 00000000 00000000 00000000 00000000 00000101 00000080 00000000 00000000 00000000 00000000 00000000 00000000 00000000 00003333 00004ccd 00002667 00000001 00000000 01c9c380 0000027c
capture_snapshot GLI1 00010000 30000000 2500000 689 0 30000000 0 0 0 0 0 0 0 6dad0b20 00000029 75bd31e4 00000029 00ac033c 00000000 00ac033c 00000000 0000006a 00000000 00000000 00000000 08102bd3 00000000 00ac03a6 00000000 00000000 00000000 00000000 00000039 008b3199 00000001 00000000 00000001 00000000 00000000 00000000 00000000 00000000 00000000 00000000 00000000 00000000 00000000 00000000 00000000 00000000 00000000 00000000 00000000 32541d9b 0000008a 75bd31f8 00000029 00000000 00000000 00000000 00000000 00000100 00000080 00000000 00000000 00000000 00000000 00000000 00000000 00000000 00003333 00004ccd 00002667 00000001 00000000 01c9c380 0000027c
capture_snapshot GLI1 00010000 30000000 2500000 690 0 30000000 0 0 0 0 0 0 0 6dad0b20 00000029 75c03268 00000029 00ac4347 00000000 00ac4347 00000000 0000006a 00000000 00000000 00000000 08132c55 00000000 00ac43b1 00000000 00000000 00000000 00000000 00000039 008b3199 00000001 00000000 00000001 00000000 00000000 00000000 00000000 00000000 00000000 00000000 00000000 00000000 00000000 00000000 00000000 00000000 00000000 00000000 00000000 325e1f39 0000008a 75c0327a 00000029 00000000 00000000 00000000 00000000 00000100 00000080 00000000 00000000 00000000 00000000 00000000 00000000 00000000 00003333 00004ccd 00002667 00000001 00000000 01c9c380 0000027c
capture_snapshot GLI1 00010000 30000000 2500000 691 0 30000000 0 0 0 0 0 0 0 6dad0b20 00000029 75c337fc 00000029 00ac83be 00000000 00ac83be 00000000 0000006a 00000000 00000000 00000000 081631ee 00000000 00ac8428 00000000 00000000 00000000 00000000 00000039 008b3199 00000001 00000000 00000001 00000000 00000000 00000000 00000000 00000000 00000000 00000000 00000000 00000000 00000000 00000000 00000000 00000000 00000000 00000000 00000000 326831cd 0000008a 75c33813 00000029 00000000 00000000 00000000 00000000 00000101 00000081 00000000 00000000 00000000 00000000 00000000 00000000 00000000 00003333 00004ccd 00002667 00000001 00000000 01c9c380 0000027c
capture_snapshot GLI1 00010000 30000000 2500000 692 0 30000000 0 0 0 0 0 0 0 6dad0b20 00000029 75c62fa4 00000029 00acc30c 00000000 00acc30c 00000000 0000006a 00000000 00000000 00000000 08192995 00000000 00acc376 00000000 00000000 00000000 00000000 00000039 008b3199 00000001 00000000 00000001 00000000 00000000 00000000 00000000 00000000 00000000 00000000 00000000 00000000 00000000 00000000 00000000 00000000 00000000 00000000 00000000 327215e5 0000008a 75c62fba 00000029 00000000 00000000 00000000 00000000 00000100 00000080 00000000 00000000 00000000 00000000 00000000 00000000 00000000 00003333 00004ccd 00002667 00000001 00000000 01c9c380 0000027c
capture_snapshot GLI1 00010000 30000000 2500000 693 0 30000000 0 0 0 0 0 0 0 6dad0b20 00000029 75c93088 00000029 00ad031f 00000000 00ad031f 00000000 0000006a 00000000 00000000 00000000 081c2a73 00000000 00ad0389 00000000 00000000 00000000 00000000 00000039 008b3199 00000001 00000000 00000001 00000000 00000000 00000000 00000000 00000000 00000000 00000000 00000000 00000000 00000000 00000000 00000000 00000000 00000000 00000000 00000000 327c18b6 0000008a 75c93098 00000029 00000000 00000000 00000000 00000000 00000101 00000080 00000000 00000000 00000000 00000000 00000000 00000000 00000000 00003333 00004ccd 00002667 00000001 00000000 01c9c380 0000027c
capture_snapshot GLI1 00010000 30000000 2500000 694 0 30000000 0 0 0 0 0 0 0 6dad0b20 00000029 75cc32d4 00000029 00ad4350 00000000 00ad4350 00000000 0000006a 00000000 00000000 00000000 081f2cc9 00000000 00ad43ba 00000000 00000000 00000000 00000000 00000039 008b3199 00000001 00000000 00000001 00000000 00000000 00000000 00000000 00000000 00000000 00000000 00000000 00000000 00000000 00000000 00000000 00000000 00000000 00000000 00000000 3286206c 0000008a 75cc32ee 00000029 00000000 00000000 00000000 00000000 00000101 00000080 00000000 00000000 00000000 00000000 00000000 00000000 00000000 00003333 00004ccd 00002667 00000001 00000000 01c9c380 0000027c
capture_snapshot GLI1 00010000 30000000 2500000 695 0 30000000 0 0 0 0 0 0 0 6dad0b20 00000029 75cf3310 00000029 00ad8355 00000000 00ad8355 00000000 0000006a 00000000 00000000 00000000 08222cfa 00000000 00ad83bf 00000000 00000000 00000000 00000000 00000039 008b3199 00000001 00000000 00000001 00000000 00000000 00000000 00000000 00000000 00000000 00000000 00000000 00000000 00000000 00000000 00000000 00000000 00000000 00000000 00000000 329020fd 0000008a 75cf331f 00000029 00000000 00000000 00000000 00000000 00000101 00000081 00000000 00000000 00000000 00000000 00000000 00000000 00000000 00003333 00004ccd 00002667 00000001 00000000 01c9c380 0000027c
capture_snapshot GLI1 00010000 30000000 2500000 696 0 30000000 0 0 0 0 0 0 0 6dad0b20 00000029 75d22fa4 00000029 00adc30c 00000000 00adc30c 00000000 0000006a 00000000 00000000 00000000 08252992 00000000 00adc376 00000000 00000000 00000000 00000000 00000039 008b3199 00000001 00000000 00000001 00000000 00000000 00000000 00000000 00000000 00000000 00000000 00000000 00000000 00000000 00000000 00000000 00000000 00000000 00000000 00000000 329a1590 0000008a 75d22fb7 00000029 00000000 00000000 00000000 00000000 00000100 00000080 00000000 00000000 00000000 00000000 00000000 00000000 00000000 00003333 00004ccd 00002667 00000001 00000000 01c9c380 0000027c
capture_snapshot GLI1 00010000 30000000 2500000 697 0 30000000 0 0 0 0 0 0 0 6dad0b20 00000029 75d530dc 00000029 00ae0326 00000000 00ae0326 00000000 0000006a 00000000 00000000 00000000 08282acf 00000000 00ae0390 00000000 00000000 00000000 00000000 00000039 008b3199 00000001 00000000 00000001 00000000 00000000 00000000 00000000 00000000 00000000 00000000 00000000 00000000 00000000 00000000 00000000 00000000 00000000 00000000 00000000 32a4199c 0000008a 75d530f4 00000029 00000000 00000000 00000000 00000000 00000101 00000081 00000000 00000000 00000000 00000000 00000000 00000000 00000000 00003333 00004ccd 00002667 00000001 00000000 01c9c380 0000027c
capture_snapshot GLI1 00010000 30000000 2500000 698 0 30000000 0 0 0 0 0 0 0 6dad0b20 00000029 75d831f0 00000029 00ae433d 00000000 00ae433d 00000000 0000006a 00000000 00000000 00000000 082b2bdf 00000000 00ae43a7 00000000 00000000 00000000 00000000 00000039 008b3199 00000001 00000000 00000001 00000000 00000000 00000000 00000000 00000000 00000000 00000000 00000000 00000000 00000000 00000000 00000000 00000000 00000000 00000000 00000000 32ae1d12 0000008a 75d83204 00000029 00000000 00000000 00000000 00000000 00000101 00000080 00000000 00000000 00000000 00000000 00000000 00000000 00000000 00003333 00004ccd 00002667 00000001 00000000 01c9c380 0000027c
capture_snapshot GLI1 00010000 30000000 2500000 699 0 30000000 0 0 0 0 0 0 0 6dad0b20 00000029 75db30d0 00000029 00ae8325 00000000 00ae8325 00000000 0000006a 00000000 00000000 00000000 082e2abc 00000000 00ae838f 00000000 00000000 00000000 00000000 00000039 008b3199 00000001 00000000 00000001 00000000 00000000 00000000 00000000 00000000 00000000 00000000 00000000 00000000 00000000 00000000 00000000 00000000 00000000 00000000 00000000 32b81936 0000008a 75db30e1 00000029 00000000 00000000 00000000 00000000 00000101 00000080 00000000 00000000 00000000 00000000 00000000 00000000 00000000 00003333 00004ccd 00002667 00000001 00000000 01c9c380 0000027c
capture_snapshot GLI1 00010000 30000000 2500000 700 0 30000000 0 0 0 0 0 0 0 6dad0b20 00000029 75de331c 00000029 00aec356 00000000 00aec356 00000000 0000006a 00000000 00000000 00000000 08312d0c 00000000 00aec3c0 00000000 00000000 00000000 00000000 00000039 008b3199 00000001 00000000 00000001 00000000 00000000 00000000 00000000 00000000 00000000 00000000 00000000 00000000 00000000 00000000 00000000 00000000 00000000 00000000 00000000 32c220d8 0000008a 75de3331 00000029 00000000 00000000 00000000 00000000 00000100 00000080 00000000 00000000 00000000 00000000 00000000 00000000 00000000 00003333 00004ccd 00002667 00000001 00000000 01c9c380 0000027c
capture_snapshot GLI1 00010000 30000000 2500000 701 0 30000000 0 0 0 0 0 0 0 6dad0b20 00000029 75e130c4 00000029 00af0324 00000000 00af0324 00000000 0000006a 00000000 00000000 00000000 08342ab4 00000000 00af038e 00000000 00000000 00000000 00000000 00000039 008b3199 00000001 00000000 00000001 00000000 00000000 00000000 00000000 00000000 00000000 00000000 00000000 00000000 00000000 00000000 00000000 00000000 00000000 00000000 00000000 32cc18f3 0000008a 75e130d9 00000029 00000000 00000000 00000000 00000000 00000101 00000080 00000000 00000000 00000000 00000000 00000000 00000000 00000000 00003333 00004ccd 00002667 00000001 00000000 01c9c380 0000027c
capture_snapshot GLI1 00010000 30000000 2500000 702 0 30000000 0 0 0 0 0 0 0 6dad0b20 00000029 75e42dac 00000029 00af42e2 00000000 00af42e2 00000000 0000006a 00000000 00000000 00000000 08372797 00000000 00af434c 00000000 00000000 00000000 00000000 00000039 008b3199 00000001 00000000 00000001 00000000 00000000 00000000 00000000 00000000 00000000 00000000 00000000 00000000 00000000 00000000 00000000 00000000 00000000 00000000 00000000 32d60e80 0000008a 75e42dbc 00000029 00000000 00000000 00000000 00000000 00000101 00000081 00000000 00000000 00000000 00000000 00000000 00000000 00000000 00003333 00004ccd 00002667 00000001 00000000 01c9c380 0000027c
capture_snapshot GLI1 00010000 30000000 2500000 703 0 30000000 0 0 0 0 0 0 0 6dad0b20 00000029 75e7316c 00000029 00af8332 00000000 00af8332 00000000 0000006a 00000000 00000000 00000000 083a2b58 00000000 00af839c 00000000 00000000 00000000 00000000 00000039 008b3199 00000001 00000000 00000001 00000000 00000000 00000000 00000000 00000000 00000000 00000000 00000000 00000000 00000000 00000000 00000000 00000000 00000000 00000000 00000000 32e01af0 0000008a 75e7317d 00000029 00000000 00000000 00000000 00000000 00000101 00000080 00000000 00000000 00000000 00000000 00000000 00000000 00000000 00003333 00004ccd 00002667 00000001 00000000 01c9c380 0000027c
capture_snapshot GLI1 00010000 30000000 2500000 704 0 30000000 0 0 0 0 0 0 0 6dad0b20 00000029 75ea3214 00000029 00afc340 00000000 00afc340 00000000 0000006a 00000000 00000000 00000000 083d2c03 00000000 00afc3aa 00000000 00000000 00000000 00000000 00000039 008b3199 00000001 00000000 00000001 00000000 00000000 00000000 00000000 00000000 00000000 00000000 00000000 00000000 00000000 00000000 00000000 00000000 00000000 00000000 00000000 32ea1d15 0000008a 75ea3228 00000029 00000000 00000000 00000000 00000000 00000101 00000080 00000000 00000000 00000000 00000000 00000000 00000000 00000000 00003333 00004ccd 00002667 00000001 00000000 01c9c380 0000027c
capture_snapshot GLI1 00010000 30000000 2500000 705 0 30000000 0 0 0 0 0 0 0 6dad0b20 00000029 75ed3148 00000029 00b0032f 00000000 00b0032f 00000000 0000006a 00000000 00000000 00000000 08402b33 00000000 00b00399 00000000 00000000 00000000 00000000 00000039 008b3199 00000001 00000000 00000001 00000000 00000000 00000000 00000000 00000000 00000000 00000000 00000000 00000000 00000000 00000000 00000000 00000000 00000000 00000000 00000000 32f41a4f 0000008a 75ed3158 00000029 00000000 00000000 00000000 00000000 00000100 00000080 00000000 00000000 00000000 00000000 00000000 00000000 00000000 00003333 00004ccd 00002667 00000001 00000000 01c9c380 0000027c
capture_snapshot GLI1 00010000 30000000 2500000 706 0 30000000 0 0 0 0 0 0 0 6dad0b20 00000029 75f03304 00000029 00b04354 00000000 00b04354 00000000 0000006a 00000000 00000000 00000000 08432cee 00000000 00b043be 00000000 00000000 00000000 00000000 00000039 008b3199 00000001 00000000 00000001 00000000 00000000 00000000 00000000 00000000 00000000 00000000 00000000 00000000 00000000 00000000 00000000 00000000 00000000 00000000 00000000 32fe1fff 0000008a 75f03313 00000029 00000000 00000000 00000000 00000000 00000101 00000081 00000000 00000000 00000000 00000000 00000000 00000000 00000000 00003333 00004ccd 00002667 00000001 00000000 01c9c380 0000027c
capture_snapshot GLI1 00010000 30000000 2500000 707 0 30000000 0 0 0 0 0 0 0 6dad0b20 00000029 75f33088 00000029 00b0831f 00000000 00b0831f 00000000 0000006a 00000000 00000000 00000000 08462a76 00000000 00b08389 00000000 00000000 00000000 00000000 00000039 008b3199 00000001 00000000 00000001 00000000 00000000 00000000 00000000 00000000 00000000 00000000 00000000 00000000 00000000 00000000 00000000 00000000 00000000 00000000 00000000 330817af 0000008a 75f3309b 00000029 00000000 00000000 00000000 00000000 00000100 00000080 00000000 00000000 00000000 00000000 00000000 00000000 00000000 00003333 00004ccd 00002667 00000001 00000000 01c9c380 0000027c
capture_snapshot GLI1 00010000 30000000 2500000 708 0 30000000 0 0 0 0 0 0 0 6dad0b20 00000029 75f62ee4 00000029 00b0c2fc 00000000 00b0c2fc 00000000 0000006a 00000000 00000000 00000000 084928d2 00000000 00b0c366 00000000 00000000 00000000 00000000 00000039 008b3199 00000001 00000000 00000001 00000000 00000000 00000000 00000000 00000000 00000000 00000000 00000000 00000000 00000000 00000000 00000000 00000000 00000000 00000000 00000000 33121225 0000008a 75f62ef7 00000029 00000000 00000000 00000000 00000000 00000101 00000081 00000000 00000000 00000000 00000000 00000000 00000000 00000000 00003333 00004ccd 00002667 00000001 00000000 01c9c380 0000027c
capture_snapshot GLI1 00010000 30000000 2500000 709 0 30000000 0 0 0 0 0 0 0 6dad0b20 00000029 75f93070 00000029 00b1031d 00000000 00b1031d 00000000 0000006a 00000000 00000000 00000000 084c2a64 00000000 00b10387 00000000 00000000 00000000 00000000 00000039 008b3199 00000001 00000000 00000001 00000000 00000000 00000000 00000000 00000000 00000000 00000000 00000000 00000000 00000000 00000000 00000000 00000000 00000000 00000000 00000000 331c174d 0000008a 75f93089 00000029 00000000 00000000 00000000 00000000 00000101 00000081 00000000 00000000 00000000 00000000 00000000 00000000 00000000 00003333 00004ccd 00002667 00000001 00000000 01c9c380 0000027c
capture_snapshot GLI1 00010000 30000000 2500000 710 0 30000000 0 0 0 0 0 0 0 6dad0b20 00000029 75fc31a8 00000029 00b14337 00000000 00b14337 00000000 0000006a 00000000 00000000 00000000 084f2b9c 00000000 00b143a1 00000000 00000000 00000000 00000000 00000039 008b3199 00000001 00000000 00000001 00000000 00000000 00000000 00000000 00000000 00000000 00000000 00000000 00000000 00000000 00000000 00000000 00000000 00000000 00000000 00000000 33261b4a 0000008a 75fc31c1 00000029 00000000 00000000 00000000 00000000 00000101 00000081 00000000 00000000 00000000 00000000 00000000 00000000 00000000 00003333 00004ccd 00002667 00000001 00000000 01c9c380 0000027c
capture_snapshot GLI1 00010000 30000000 2500000 711 0 30000000 0 0 0 0 0 0 0 6dad0b20 00000029 75ff2ef0 00000029 00b182fd 00000000 00b182fd 00000000 0000006a 00000000 00000000 00000000 085228e4 00000000 00b18367 00000000 00000000 00000000 00000000 00000039 008b3199 00000001 00000000 00000001 00000000 00000000 00000000 00000000 00000000 00000000 00000000 00000000 00000000 00000000 00000000 00000000 00000000 00000000 00000000 00000000 33301225 0000008a 75ff2f09 00000029 00000000 00000000 00000000 00000000 00000100 00000080 00000000 00000000 00000000 00000000 00000000 00000000 00000000 00003333 00004ccd 00002667 00000001 00000000 01c9c380 0000027c
capture_snapshot GLI1 00010000 30000000 2500000 712 0 30000000 0 0 0 0 0 0 0 6dad0b20 00000029 76022fe0 00000029 00b1c311 00000000 00b1c311 00000000 0000006a 00000000 00000000 00000000 085529cc 00000000 00b1c37b 00000000 00000000 00000000 00000000 00000039 008b3199 00000001 00000000 00000001 00000000 00000000 00000000 00000000 00000000 00000000 00000000 00000000 00000000 00000000 00000000 00000000 00000000 00000000 00000000 00000000 333a1519 0000008a 76022ff1 00000029 00000000 00000000 00000000 00000000 00000101 00000080 00000000 00000000 00000000 00000000 00000000 00000000 00000000 00003333 00004ccd 00002667 00000001 00000000 01c9c380 0000027c
capture_snapshot GLI1 00010000 30000000 2500000 713 0 30000000 0 0 0 0 0 0 0 6dad0b20 00000029 760530c4 00000029 00b20324 00000000 00b20324 00000000 0000006a 00000000 00000000 00000000 08582ab1 00000000 00b2038e 00000000 00000000 00000000 00000000 00000039 008b3199 00000001 00000000 00000001 00000000 00000000 00000000 00000000 00000000 00000000 00000000 00000000 00000000 00000000 00000000 00000000 00000000 00000000 00000000 00000000 33441800 0000008a 760530d6 00000029 00000000 00000000 00000000 00000000 00000101 00000081 00000000 00000000 00000000 00000000 00000000 00000000 00000000 00003333 00004ccd 00002667 00000001 00000000 01c9c380 0000027c
capture_snapshot GLI1 00010000 30000000 2500000 714 0 30000000 0 0 0 0 0 0 0 6dad0b20 00000029 76082e18 00000029 00b242eb 00000000 00b242eb 00000000 0000006a 00000000 00000000 00000000 085b280a 00000000 00b24355 00000000 00000000 00000000 00000000 00000039 008b3199 00000001 00000000 00000001 00000000 00000000 00000000 00000000 00000000 00000000 00000000 00000000 00000000 00000000 00000000 00000000 00000000 00000000 00000000 00000000 334e0f16 0000008a 76082e2f 00000029 00000000 00000000 00000000 00000000 00000101 00000081 00000000 00000000 00000000 00000000 00000000 00000000 00000000 00003333 00004ccd 00002667 00000001 00000000 01c9c380 0000027c
capture_snapshot GLI1 00010000 30000000 2500000 715 0 30000000 0 0 0 0 0 0 0 6dad0b20 00000029 760b3160 00000029 00b28331 00000000 00b28331 00000000 0000006a 00000000 00000000 00000000 085e2b4c 00000000 00b2839b 00000000 00000000 00000000 00000000 00000039 008b3199 00000001 00000000 00000001 00000000 00000000 00000000 00000000 00000000 00000000 00000000 00000000 00000000 00000000 00000000 00000000 00000000 00000000 00000000 00000000 335819de 0000008a 760b3171 00000029 00000000 00000000 00000000 00000000 00000101 00000081 00000000 00000000 00000000 00000000 00000000 00000000 00000000 00003333 00004ccd 00002667 00000001 00000000 01c9c380 0000027c
capture_snapshot GLI1 00010000 30000000 2500000 716 0 30000000 0 0 0 0 0 0 0 6dad0b20 00000029 760e3490 00000029 00b2c375 00000000 00b2c375 00000000 0000006a 00000000 00000000 00000000 08612e84 00000000 00b2c3df 00000000 00000000 00000000 00000000 00000039 008b3199 00000001 00000000 00000001 00000000 00000000 00000000 00000000 00000000 00000000 00000000 00000000 00000000 00000000 00000000 00000000 00000000 00000000 00000000 00000000 33622485 0000008a 760e34a9 00000029 00000000 00000000 00000000 00000000 00000101 00000081 00000000 00000000 00000000 00000000 00000000 00000000 00000000 00003333 00004ccd 00002667 00000001 00000000 01c9c380 0000027c
capture_snapshot GLI1 00010000 30000000 2500000 717 0 30000000 0 0 0 0 0 0 0 6dad0b20 00000029 76112c68 00000029 00b302c7 00000000 00b302c7 00000000 0000006a 00000000 00000000 00000000 0864265a 00000000 00b30331 00000000 00000000 00000000 00000000 00000039 008b3199 00000001 00000000 00000001 00000000 00000000 00000000 00000000 00000000 00000000 00000000 00000000 00000000 00000000 00000000 00000000 00000000 00000000 00000000 00000000 336c093c 0000008a 76112c7f 00000029 00000000 00000000 00000000 00000000 00000100 00000081 00000000 00000000 00000000 00000000 00000000 00000000 00000000 00003333 00004ccd 00002667 00000001 00000000 01c9c380 0000027c
capture_snapshot GLI1 00010000 30000000 2500000 718 0 30000000 0 0 0 0 0 0 0 6dad0b20 00000029 761430c4 00000029 00b34324 00000000 00b34324 00000000 0000006a 00000000 00000000 00000000 08672ab4 00000000 00b3438e 00000000 00000000 00000000 00000000 00000039 008b3199 00000001 00000000 00000001 00000000 00000000 00000000 00000000 00000000 00000000 00000000 00000000 00000000 00000000 00000000 00000000 00000000 00000000 00000000 00000000 337617a9 0000008a 761430d9 00000029 00000000 00000000 00000000 00000000 00000101 00000081 00000000 00000000 00000000 00000000 00000000 00000000 00000000 00003333 00004ccd 00002667 00000001 00000000 01c9c380 0000027c
capture_snapshot GLI1 00010000 30000000 2500000 719 0 30000000 0 0 0 0 0 0 0 6dad0b20 00000029 761725b4 00000029 00b38238 00000000 00b38238 00000000 0000006a 00000000 00000000 00000000 086a1fa1 00000000 00b382a2 00000000 00000000 00000000 00000000 00000039 008b3199 00000001 00000000 00000001 00000000 00000000 00000000 00000000 00000000 00000000 00000000 00000000 00000000 00000000 00000000 00000000 00000000 00000000 00000000 00000000 337ff2ad 0000008a 761725c6 00000029 00000000 00000000 00000000 00000000 00000100 00000080 00000000 00000000 00000000 00000000 00000000 00000000 00000000 00003333 00004ccd 00002667 00000001 00000000 01c9c380 0000027c
capture_snapshot GLI1 00010000 30000000 2500000 720 0 30000000 0 0 0 0 0 0 0 6dad0b20 00000029 761a2c14 00000029 00b3c2c0 00000000 00b3c2c0 00000000 0000006a 00000000 00000000 00000000 086d2602 00000000 00b3c32a 00000000 00000000 00000000 00000000 00000039 008b3199 00000001 00000000 00000001 00000000 00000000 00000000 00000000 00000000 00000000 00000000 00000000 00000000 00000000 00000000 00000000 00000000 00000000 00000000 00000000 338a07dd 0000008a 761a2c27 00000029 00000000 00000000 00000000 00000000 00000100 00000080 00000000 00000000 00000000 00000000 00000000 00000000 00000000 00003333 00004ccd 00002667 00000001 00000000 01c9c380 0000027c
capture_snapshot GLI1 00010000 30000000 2500000 721 0 30000000 0 0 0 0 0 0 0 6dad0b20 00000029 761d1fd8 00000029 00b401bb 00000000 00b401ba 00000000 0000006a 00000000 00000000 00000000 087019c1 00000000 00b40225 00000000 00000000 00000000 00000000 0000003b 008b3199 00000001 00000001 00000001 00000000 00000000 00000000 00000000 00000000 00000000 00000000 00000000 00000000 00000000 00000000 00000000 00000000 00000000 00000000 00000000 3393def0 0000008a 761d1fe6 00000029 00000000 00000000 00000000 00000000 00000101 00000081 00000000 00000000 00000000 00000000 00000000 00000000 00000000 00003333 00004ccd 00002667 00000001 00000000 01c9c380 0000027c
capture_snapshot GLI1 00010000 30000000 2500000 722 0 30000000 0 0 0 0 0 0 0 6dad0b20 00000029 76202494 00000029 00b44220 00000000 00b44220 00000000 0000006a 00000000 00000000 00000000 08731e87 00000000 00b4428a 00000000 00000000 00000000 00000000 00000039 008b3199 00000001 00000000 00000001 00000000 00000000 00000000 00000000 00000000 00000000 00000000 00000000 00000000 00000000 00000000 00000000 00000000 00000000 00000000 00000000 339deec7 0000008a 762024ac 00000029 00000000 00000000 00000000 00000000 00000100 00000080 00000000 00000000 00000000 00000000 00000000 00000000 00000000 00003333 00004ccd 00002667 00000001 00000000 01c9c380 0000027c
capture_snapshot GLI1 00010000 30000000 2500000 723 0 30000000 0 0 0 0 0 0 0 6dad0b20 00000029 76231ef4 00000029 00b481a8 00000000 00b481a8 00000000 0000006a 00000000 00000000 00000000 087618e1 00000000 00b48212 00000000 00000000 00000000 00000000 00000039 008b3199 00000001 00000000 00000001 00000000 00000000 00000000 00000000 00000000 00000000 00000000 00000000 00000000 00000000 00000000 00000000 00000000 00000000 00000000 00000000 33a7dbdd 0000008a 76231f06 00000029 00000000 00000000 00000000 00000000 00000101 00000080 00000000 00000000 00000000 00000000 00000000 00000000 00000000 00003333 00004ccd 00002667 00000001 00000000 01c9c380 0000027c
capture_snapshot GLI1 00010000 30000000 2500000 724 0 30000000 0 0 0 0 0 0 0 6dad0b20 00000029 76261eb8 00000029 00b4c1a3 00000000 00b4c1a3 00000000 0000006a 00000000 00000000 00000000 087918ac 00000000 00b4c20d 00000000 00000000 00000000 00000000 00000039 008b3199 00000001 00000000 00000001 00000000 00000000 00000000 00000000 00000000 00000000 00000000 00000000 00000000 00000000 00000000 00000000 00000000 00000000 00000000 00000000 33b1db1b 0000008a 76261ed1 00000029 00000000 00000000 00000000 00000000 00000100 00000080 00000000 00000000 00000000 00000000 00000000 00000000 00000000 00003333 00004ccd 00002667 00000001 00000000 01c9c380 0000027c
capture_snapshot GLI1 00010000 30000000 2500000 725 0 30000000 0 0 0 0 0 0 0 6dad0b20 00000029 76291d80 00000029 00b50189 00000000 00b50189 00000000 0000006a 00000000 00000000 00000000 087c1770 00000000 00b501f3 00000000 00000000 00000000 00000000 00000039 008b3199 00000001 00000000 00000001 00000000 00000000 00000000 00000000 00000000 00000000 00000000 00000000 00000000 00000000 00000000 00000000 00000000 00000000 00000000 00000000 33bbd6e8 0000008a 76291d95 00000029 00000000 00000000 00000000 00000000 00000101 00000080 00000000 00000000 00000000 00000000 00000000 00000000 00000000 00003333 00004ccd 00002667 00000001 00000000 01c9c380 0000027c
capture_snapshot GLI1 00010000 30000000 2500000 726 0 30000000 0 0 0 0 0 0 0 6dad0b20 00000029 762c1d20 00000029 00b54181 00000000 00b54181 00000000 0000006a 00000000 00000000 00000000 087f1714 00000000 00b541eb 00000000 00000000 00000000 00000000 00000039 008b3199 00000001 00000000 00000001 00000000 00000000 00000000 00000000 00000000 00000000 00000000 00000000 00000000 00000000 00000000 00000000 00000000 00000000 00000000 00000000 33c5d5a4 0000008a 762c1d39 00000029 00000000 00000000 00000000 00000000 00000100 00000080 00000000 00000000 00000000 00000000 00000000 00000000 00000000 00003333 00004ccd 00002667 00000001 00000000 01c9c380 0000027c
capture_snapshot GLI1 00010000 30000000 2500000 727 0 30000000 0 0 0 0 0 0 0 6dad0b20 00000029 762f1e1c 00000029 00b58196 00000000 00b58196 00000000 0000006a 00000000 00000000 00000000 08821806 00000000 00b58200 00000000 00000000 00000000 00000000 00000039 008b3199 00000001 00000000 00000001 00000000 00000000 00000000 00000000 00000000 00000000 00000000 00000000 00000000 00000000 00000000 00000000 00000000 00000000 00000000 00000000 33cfd8b7 0000008a 762f1e2b 00000029 00000000 00000000 00000000 00000000 00000100 00000081 00000000 00000000 00000000 00000000 00000000 00000000 00000000 00003333 00004ccd 00002667 00000001 00000000 01c9c380 0000027c
capture_snapshot GLI1 00010000 30000000 2500000 728 0 30000000 0 0 0 0 0 0 0 6dad0b20 00000029 76321dbc 00000029 00b5c18e 00000000 00b5c18e 00000000 0000006a 00000000 00000000 00000000 088517ad 00000000 00b5c1f8 00000000 00000000 00000000 00000000 00000039 008b3199 00000001 00000000 00000001 00000000 00000000 00000000 00000000 00000000 00000000 00000000 00000000 00000000 00000000 00000000 00000000 00000000 00000000 00000000 00000000 33d9d779 0000008a 76321dd2 00000029 00000000 00000000 00000000 00000000 00000101 00000080 00000000 00000000 00000000 00000000 00000000 00000000 00000000 00003333 00004ccd 00002667 00000001 00000000 01c9c380 0000027c
capture_snapshot GLI1 00010000 30000000 2500000 729 0 30000000 0 0 0 0 0 0 0 6dad0b20 00000029 76351d8c 00000029 00b6018a 00000000 00b6018a 00000000 0000006a 00000000 00000000 00000000 0888177f 00000000 00b601f4 00000000 00000000 00000000 00000000 00000039 008b3199 00000001 00000000 00000001 00000000 00000000 00000000 00000000 00000000 00000000 00000000 00000000 00000000 00000000 00000000 00000000 00000000 00000000 00000000 00000000 33e3d6ce 0000008a 76351da4 00000029 00000000 00000000 00000000 00000000 00000101 00000081 00000000 00000000 00000000 00000000 00000000 00000000 00000000 00003333 00004ccd 00002667 00000001 00000000 01c9c380 0000027c
capture_snapshot GLI1 00010000 30000000 2500000 730 0 30000000 0 0 0 0 0 0 0 6dad0b20 00000029 76381df8 00000029 00b64193 00000000 00b64193 00000000 0000006a 00000000 00000000 00000000 088b17e3 00000000 00b641fd 00000000 00000000 00000000 00000000 00000039 008b3199 00000001 00000000 00000001 00000000 00000000 00000000 00000000 00000000 00000000 00000000 00000000 00000000 00000000 00000000 00000000 00000000 00000000 00000000 00000000 33edd807 0000008a 76381e08 00000029 00000000 00000000 00000000 00000000 00000101 00000081 00000000 00000000 00000000 00000000 00000000 00000000 00000000 00003333 00004ccd 00002667 00000001 00000000 01c9c380 0000027c
capture_snapshot GLI1 00010000 30000000 2500000 731 0 30000000 0 0 0 0 0 0 0 6dad0b20 00000029 763b1d08 00000029 00b6817f 00000000 00b6817f 00000000 0000006a 00000000 00000000 00000000 088e16fb 00000000 00b681e9 00000000 00000000 00000000 00000000 00000039 008b3199 00000001 00000000 00000001 00000000 00000000 00000000 00000000 00000000 00000000 00000000 00000000 00000000 00000000 00000000 00000000 00000000 00000000 00000000 00000000 33f7d4ee 0000008a 763b1d20 00000029 00000000 00000000 00000000 00000000 00000101 00000081 00000000 00000000 00000000 00000000 00000000 00000000 00000000 00003333 00004ccd 00002667 00000001 00000000 01c9c380 0000027c
capture_snapshot GLI1 00010000 30000000 2500000 732 0 30000000 0 0 0 0 0 0 0 6dad0b20 00000029 763e1e10 00000029 00b6c195 00000000 00b6c195 00000000 0000006a 00000000 00000000 00000000 08911801 00000000 00b6c1ff 00000000 00000000 00000000 00000000 00000039 008b3199 00000001 00000000 00000001 00000000 00000000 00000000 00000000 00000000 00000000 00000000 00000000 00000000 00000000 00000000 00000000 00000000 00000000 00000000 00000000 3401d844 0000008a 763e1e26 00000029 00000000 00000000 00000000 00000000 00000101 00000081 00000000 00000000 00000000 00000000 00000000 00000000 00000000 00003333 00004ccd 00002667 00000001 00000000 01c9c380 0000027c
capture_snapshot GLI1 00010000 30000000 2500000 733 0 30000000 0 0 0 0 0 0 0 6dad0b20 00000029 76411db0 00000029 00b7018d 00000000 00b7018d 00000000 0000006a 00000000 00000000 00000000 089417a2 00000000 00b701f7 00000000 00000000 00000000 00000000 00000039 008b3199 00000001 00000000 00000001 00000000 00000000 00000000 00000000 00000000 00000000 00000000 00000000 00000000 00000000 00000000 00000000 00000000 00000000 00000000 00000000 340bd6f5 0000008a 76411dc7 00000029 00000000 00000000 00000000 00000000 00000100 00000081 00000000 00000000 00000000 00000000 00000000 00000000 00000000 00003333 00004ccd 00002667 00000001 00000000 01c9c380 0000027c
capture_snapshot GLI1 00010000 30000000 2500000 734 0 30000000 0 0 0 0 0 0 0 6dad0b20 00000029 76441d50 00000029 00b74185 00000000 00b74185 00000000 0000006a 00000000 00000000 00000000 08971742 00000000 00b741ef 00000000 00000000 00000000 00000000 00000039 008b3199 00000001 00000000 00000001 00000000 00000000 00000000 00000000 00000000 00000000 00000000 00000000 00000000 00000000 00000000 00000000 00000000 00000000 00000000 00000000 3415d5a1 0000008a 76441d67 00000029 00000000 00000000 00000000 00000000 00000101 00000081 00000000 00000000 00000000 00000000 00000000 00000000 00000000 00003333 00004ccd 00002667 00000001 00000000 01c9c380 0000027c
capture_snapshot GLI1 00010000 30000000 2500000 735 0 30000000 0 0 0 0 0 0 0 6dad0b20 00000029 76471d74 00000029 00b78188 00000000 00b78188 00000000 0000006a 00000000 00000000 00000000 089a1763 00000000 00b781f2 00000000 00000000 00000000 00000000 00000039 008b3199 00000001 00000000 00000001 00000000 00000000 00000000 00000000 00000000 00000000 00000000 00000000 00000000 00000000 00000000 00000000 00000000 00000000 00000000 00000000 341fd5fa 0000008a 76471d88 00000029 00000000 00000000 00000000 00000000 00000101 00000080 00000000 00000000 00000000 00000000 00000000 00000000 00000000 00003333 00004ccd 00002667 00000001 00000000 01c9c380 0000027c
capture_snapshot GLI1 00010000 30000000 2500000 736 0 30000000 0 0 0 0 0 0 0 6dad0b20 00000029 764a1db0 00000029 00b7c18d 00000000 00b7c18d 00000000 0000006a 00000000 00000000 00000000 089d179f 00000000 00b7c1f7 00000000 00000000 00000000 00000000 00000039 008b3199 00000001 00000000 00000001 00000000 00000000 00000000 00000000 00000000 00000000 00000000 00000000 00000000 00000000 00000000 00000000 00000000 00000000 00000000 00000000 3429d6b1 0000008a 764a1dc4 00000029 00000000 00000000 00000000 00000000 00000100 00000080 00000000 00000000 00000000 00000000 00000000 00000000 00000000 00003333 00004ccd 00002667 00000001 00000000 01c9c380 0000027c
capture_snapshot GLI1 00010000 30000000 2500000 737 0 30000000 0 0 0 0 0 0 0 6dad0b20 00000029 764d1d50 00000029 00b80185 00000000 00b80185 00000000 0000006a 00000000 00000000 00000000 08a0173c 00000000 00b801ef 00000000 00000000 00000000 00000000 00000039 008b3199 00000001 00000000 00000001 00000000 00000000 00000000 00000000 00000000 00000000 00000000 00000000 00000000 00000000 00000000 00000000 00000000 00000000 00000000 00000000 3433d553 0000008a 764d1d61 00000029 00000000 00000000 00000000 00000000 00000101 00000080 00000000 00000000 00000000 00000000 00000000 00000000 00000000 00003333 00004ccd 00002667 00000001 00000000 01c9c380 0000027c
capture_snapshot GLI1 00010000 30000000 2500000 738 0 30000000 0 0 0 0 0 0 0 6dad0b20 00000029 76501d50 00000029 00b84185 00000000 00b84185 00000000 0000006a 00000000 00000000 00000000 08a31742 00000000 00b841ef 00000000 00000000 00000000 00000000 00000039 008b3199 00000001 00000000 00000001 00000000 00000000 00000000 00000000 00000000 00000000 00000000 00000000 00000000 00000000 00000000 00000000 00000000 00000000 00000000 00000000 343dd553 0000008a 76501d67 00000029 00000000 00000000 00000000 00000000 00000101 00000081 00000000 00000000 00000000 00000000 00000000 00000000 00000000 00003333 00004ccd 00002667 00000001 00000000 01c9c380 0000027c
capture_snapshot GLI1 00010000 30000000 2500000 739 0 30000000 0 0 0 0 0 0 0 6dad0b20 00000029 76531e10 00000029 00b88195 00000000 00b88195 00000000 0000006a 00000000 00000000 00000000 08a617ff 00000000 00b881ff 00000000 00000000 00000000 00000000 00000039 008b3199 00000001 00000000 00000001 00000000 00000000 00000000 00000000 00000000 00000000 00000000 00000000 00000000 00000000 00000000 00000000 00000000 00000000 00000000 00000000 3447d7b5 0000008a 76531e24 00000029 00000000 00000000 00000000 00000000 00000101 00000081 00000000 00000000 00000000 00000000 00000000 00000000 00000000 00003333 00004ccd 00002667 00000001 00000000 01c9c380 0000027c
capture_snapshot GLI1 00010000 30000000 2500000 740 0 30000000 0 0 0 0 0 0 0 6dad0b20 00000029 76561dd4 00000029 00b8c190 00000000 00b8c190 00000000 0000006a 00000000 00000000 00000000 08a917c6 00000000 00b8c1fa 00000000 00000000 00000000 00000000 00000039 008b3199 00000001 00000000 00000001 00000000 00000000 00000000 00000000 00000000 00000000 00000000 00000000 00000000 00000000 00000000 00000000 00000000 00000000 00000000 00000000 3451d6e5 0000008a 76561deb 00000029 00000000 00000000 00000000 00000000 00000100 00000080 00000000 00000000 00000000 00000000 00000000 00000000 00000000 00003333 00004ccd 00002667 00000001 00000000 01c9c380 0000027c
capture_snapshot GLI1 00010000 30000000 2500000 741 0 30000000 0 0 0 0 0 0 0 6dad0b20 00000029 76591d8c 00000029 00b9018a 00000000 00b9018a 00000000 0000006a 00000000 00000000 00000000 08ac177d 00000000 00b901f4 00000000 00000000 00000000 00000000 00000039 008b3199 00000001 00000000 00000001 00000000 00000000 00000000 00000000 00000000 00000000 00000000 00000000 00000000 00000000 00000000 00000000 00000000 00000000 00000000 00000000 345bd5dc 0000008a 76591da2 00000029 00000000 00000000 00000000 00000000 00000101 00000080 00000000 00000000 00000000 00000000 00000000 00000000 00000000 00003333 00004ccd 00002667 00000001 00000000 01c9c380 0000027c
capture_snapshot GLI1 00010000 30000000 2500000 742 0 30000000 0 0 0 0 0 0 0 6dad0b20 00000029 765c1df8 00000029 00b94193 00000000 00b94193 00000000 0000006a 00000000 00000000 00000000 08af17e7 00000000 00b941fd 00000000 00000000 00000000 00000000 00000039 008b3199 00000001 00000000 00000001 00000000 00000000 00000000 00000000 00000000 00000000 00000000 00000000 00000000 00000000 00000000 00000000 00000000 00000000 00000000 00000000 3465d72a 0000008a 765c1e0c 00000029 00000000 00000000 00000000 00000000 00000101 00000080 00000000 00000000 00000000 00000000 00000000 00000000 00000000 00003333 00004ccd 00002667 00000001 00000000 01c9c380 0000027c
capture_snapshot GLI1 00010000 30000000 2500000 743 0 30000000 0 0 0 0 0 0 0 6dad0b20 00000029 765f1d38 00000029 00b98183 00000000 00b98183 00000000 0000006a 00000000 00000000 00000000 08b21726 00000000 00b981ed 00000000 00000000 00000000 00000000 00000039 008b3199 00000001 00000000 00000001 00000000 00000000 00000000 00000000 00000000 00000000 00000000 00000000 00000000 00000000 00000000 00000000 00000000 00000000 00000000 00000000 346fd495 0000008a 765f1d4b 00000029 00000000 00000000 00000000 00000000 00000100 00000081 00000000 00000000 00000000 00000000 00000000 00000000 00000000 00003333 00004ccd 00002667 00000001 00000000 01c9c380 0000027c
capture_snapshot GLI1 00010000 30000000 2500000 744 0 30000000 0 0 0 0 0 0 0 6dad0b20 00000029 76621d38 00000029 00b9c183 00000000 00b9c183 00000000 0000006a 00000000 00000000 00000000 08b51725 00000000 00b9c1ed 00000000 00000000 00000000 00000000 00000039 008b3199 00000001 00000000 00000001 00000000 00000000 00000000 00000000 00000000 00000000 00000000 00000000 00000000 00000000 00000000 00000000 00000000 00000000 00000000 00000000 3479d47d 0000008a 76621d4a 00000029 00000000 00000000 00000000 00000000 00000101 00000081 00000000 00000000 00000000 00000000 00000000 00000000 00000000 00003333 00004ccd 00002667 00000001 00000000 01c9c380 0000027c
capture_snapshot GLI1 00010000 30000000 2500000 745 0 30000000 0 0 0 0 0 0 0 6dad0b20 00000029 76651da4 00000029 00ba018c 00000000 00ba018c 00000000 0000006a 00000000 00000000 00000000 08b81791 00000000 00ba01f6 00000000 00000000 00000000 00000000 00000039 008b3199 00000001 00000000 00000001 00000000 00000000 00000000 00000000 00000000 00000000 00000000 00000000 00000000 00000000 00000000 00000000 00000000 00000000 00000000 00000000 3483d5d2 0000008a 76651db6 00000029 00000000 00000000 00000000 00000000 00000101 00000081 00000000 00000000 00000000 00000000 00000000 00000000 00000000 00003333 00004ccd 00002667 00000001 00000000 01c9c380 0000027c
capture_snapshot GLI1 00010000 30000000 2500000 746 0 30000000 0 0 0 0 0 0 0 6dad0b20 00000029 76681d14 00000029 00ba4180 00000000 00ba4180 00000000 0000006a 00000000 00000000 00000000 08bb16fe 00000000 00ba41ea 00000000 00000000 00000000 00000000 00000039 008b3199 00000001 00000000 00000001 00000000 00000000 00000000 00000000 00000000 00000000 00000000 00000000 00000000 00000000 00000000 00000000 00000000 00000000 00000000 00000000 348dd3d3 0000008a 76681d23 00000029 00000000 00000000 00000000 00000000 00000100 00000080 00000000 00000000 00000000 00000000 00000000 00000000 00000000 00003333 00004ccd 00002667 00000001 00000000 01c9c380 0000027c
capture_snapshot GLI1 00010000 30000000 2500000 747 0 30000000 0 0 0 0 0 0 0 6dad0b20 00000029 766b1d20 00000029 00ba8181 00000000 00ba8181 00000000 0000006a 00000000 00000000 00000000 08be170b 00000000 00ba81eb 00000000 00000000 00000000 00000000 00000039 008b3199 00000001 00000000 00000001 00000000 00000000 00000000 00000000 00000000 00000000 00000000 00000000 00000000 00000000 00000000 00000000 00000000 00000000 00000000 00000000 3497d3ee 0000008a 766b1d30 00000029 00000000 00000000 00000000 00000000 00000100 00000080 00000000 00000000 00000000 00000000 00000000 00000000 00000000 00003333 00004ccd 00002667 00000001 00000000 01c9c380 0000027c
capture_snapshot GLI1 00010000 30000000 2500000 748 0 30000000 0 0 0 0 0 0 0 6dad0b20 00000029 766e1e10 00000029 00bac195 00000000 00bac195 00000000 0000006a 00000000 00000000 00000000 08c117fa 00000000 00bac1ff 00000000 00000000 00000000 00000000 00000039 008b3199 00000001 00000000 00000001 00000000 00000000 00000000 00000000 00000000 00000000 00000000 00000000 00000000 00000000 00000000 00000000 00000000 00000000 00000000 00000000 34a1d6f5 0000008a 766e1e1f 00000029 00000000 00000000 00000000 00000000 00000101 00000081 00000000 00000000 00000000 00000000 00000000 00000000 00000000 00003333 00004ccd 00002667 00000001 00000000 01c9c380 0000027c
capture_snapshot GLI1 00010000 30000000 2500000 749 0 30000000 0 0 0 0 0 0 0 6dad0b20 00000029 76712020 00000029 00bb01c1 00000000 00bb01c1 00000000 0000006a 00000000 00000000 00000000 08c41a11 00000000 00bb022b 00000000 00000000 00000000 00000000 00000039 008b3199 00000001 00000000 00000001 00000000 00000000 00000000 00000000 00000000 00000000 00000000 00000000 00000000 00000000 00000000 00000000 00000000 00000000 00000000 00000000 34abddd8 0000008a 76712036 00000029 00000000 00000000 00000000 00000000 00000100 00000080 00000000 00000000 00000000 00000000 00000000 00000000 00000000 00003333 00004ccd 00002667 00000001 00000000 01c9c380 0000027c
capture_snapshot GLI1 00010000 30000000 2500000 750 0 30000000 0 0 0 0 0 0 0 6dad0b20 00000029 76741dbc 00000029 00bb418e 00000000 00bb418d 00000000 0000006a 00000000 00000000 00000000 08c717a5 00000000 00bb41f8 00000000 00000000 00000000 00000000 0000003b 008b3199 00000001 00000001 00000001 00000000 00000000 00000000 00000000 00000000 00000000 00000000 00000000 00000000 00000000 00000000 00000000 00000000 00000000 00000000 00000000 34b5d5b4 0000008a 76741dca 00000029 00000000 00000000 00000000 00000000 00000101 00000080 00000000 00000000 00000000 00000000 00000000 00000000 00000000 00003333 00004ccd 00002667 00000001 00000000 01c9c380 0000027c
capture_snapshot GLI1 00010000 30000000 2500000 751 0 30000000 0 0 0 0 0 0 0 6dad0b20 00000029 76771dd4 00000029 00bb8190 00000000 00bb8190 00000000 0000006a 00000000 00000000 00000000 08ca17c7 00000000 00bb81fa 00000000 00000000 00000000 00000000 00000039 008b3199 00000001 00000000 00000001 00000000 00000000 00000000 00000000 00000000 00000000 00000000 00000000 00000000 00000000 00000000 00000000 00000000 00000000 00000000 00000000 34bfd610 0000008a 76771dec 00000029 00000000 00000000 00000000 00000000 00000101 00000080 00000000 00000000 00000000 00000000 00000000 00000000 00000000 00003333 00004ccd 00002667 00000001 00000000 01c9c380 0000027c
capture_snapshot GLI1 00010000 30000000 2500000 752 0 30000000 0 0 0 0 0 0 0 6dad0b20 00000029 767a1d08 00000029 00bbc17f 00000000 00bbc17f 00000000 0000006a 00000000 00000000 00000000 08cd16fa 00000000 00bbc1e9 00000000 00000000 00000000 00000000 00000039 008b3199 00000001 00000000 00000001 00000000 00000000 00000000 00000000 00000000 00000000 00000000 00000000 00000000 00000000 00000000 00000000 00000000 00000000 00000000 00000000 34c9d354 0000008a 767a1d1f 00000029 00000000 00000000 00000000 00000000 00000100 00000080 00000000 00000000 00000000 00000000 00000000 00000000 00000000 00003333 00004ccd 00002667 00000001 00000000 01c9c380 0000027c
capture_snapshot GLI1 00010000 30000000 2500000 753 0 30000000 0 0 0 0 0 0 0 6dad0b20 00000029 767d1db0 00000029 00bc018d 00000000 00bc018d 00000000 0000006a 00000000 00000000 00000000 08d0179c 00000000 00bc01f7 00000000 00000000 00000000 00000000 00000039 008b3199 00000001 00000000 00000001 00000000 00000000 00000000 00000000 00000000 00000000 00000000 00000000 00000000 00000000 00000000 00000000 00000000 00000000 00000000 00000000 34d3d55b 0000008a 767d1dc1 00000029 00000000 00000000 00000000 00000000 00000101 00000081 00000000 00000000 00000000 00000000 00000000 00000000 00000000 00003333 00004ccd 00002667 00000001 00000000 01c9c380 0000027c
capture_snapshot GLI1 00010000 30000000 2500000 754 0 30000000 0 0 0 0 0 0 0 6dad0b20 00000029 76801dd4 00000029 00bc4190 00000000 00bc4190 00000000 0000006a 00000000 00000000 00000000 08d317c1 00000000 00bc41fa 00000000 00000000 00000000 00000000 00000039 008b3199 00000001 00000000 00000001 00000000 00000000 00000000 00000000 00000000 00000000 00000000 00000000 00000000 00000000 00000000 00000000 00000000 00000000 00000000 00000000 34ddd5c4 0000008a 76801de6 00000029 00000000 00000000 00000000 00000000 00000100 00000080 00000000 00000000 00000000 00000000 00000000 00000000 00000000 00003333 00004ccd 00002667 00000001 00000000 01c9c380 0000027c
capture_snapshot GLI1 00010000 30000000 2500000 755 0 30000000 0 0 0 0 0 0 0 6dad0b20 00000029 76831de0 00000029 00bc8191 00000000 00bc8191 00000000 0000006a 00000000 00000000 00000000 08d617ca 00000000 00bc81fb 00000000 00000000 00000000 00000000 00000039 008b3199 00000001 00000000 00000001 00000000 00000000 00000000 00000000 00000000 00000000 00000000 00000000 00000000 00000000 00000000 00000000 00000000 00000000 00000000 00000000 34e7d5ce 0000008a 76831def 00000029 00000000 00000000 00000000 00000000 00000101 00000081 00000000 00000000 00000000 00000000 00000000 00000000 00000000 00003333 00004ccd 00002667 00000001 00000000 01c9c380 0000027c
capture_snapshot GLI1 00010000 30000000 2500000 756 0 30000000 0 0 0 0 0 0 0 6dad0b20 00000029 76861eac 00000029 00bcc1a2 00000000 00bcc1a2 00000000 0000006a 00000000 00000000 00000000 08d9189f 00000000 00bcc20c 00000000 00000000 00000000 00000000 00000039 008b3199 00000001 00000000 00000001 00000000 00000000 00000000 00000000 00000000 00000000 00000000 00000000 00000000 00000000 00000000 00000000 00000000 00000000 00000000 00000000 34f1d87f 0000008a 76861ec4 00000029 00000000 00000000 00000000 00000000 00000101 00000080 00000000 00000000 00000000 00000000 00000000 00000000 00000000 00003333 00004ccd 00002667 00000001 00000000 01c9c380 0000027c
capture_snapshot GLI1 00010000 30000000 2500000 757 0 30000000 0 0 0 0 0 0 0 6dad0b20 00000029 76891e58 00000029 00bd019b 00000000 00bd019b 00000000 0000006a 00000000 00000000 00000000 08dc1842 00000000 00bd0205 00000000 00000000 00000000 00000000 00000039 008b3199 00000001 00000000 00000001 00000000 00000000 00000000 00000000 00000000 00000000 00000000 00000000 00000000 00000000 00000000 00000000 00000000 00000000 00000000 00000000 34fbd738 0000008a 76891e67 00000029 00000000 00000000 00000000 00000000 00000100 00000080 00000000 00000000 00000000 00000000 00000000 00000000 00000000 00003333 00004ccd 00002667 00000001 00000000 01c9c380 0000027c
capture_snapshot GLI1 00010000 30000000 2500000 758 0 30000000 0 0 0 0 0 0 0 6dad0b20 00000029 768c1d80 00000029 00bd4189 00000000 00bd4189 00000000 0000006a 00000000 00000000 00000000 08df176f 00000000 00bd41f3 00000000 00000000 00000000 00000000 00000039 008b3199 00000001 00000000 00000001 00000000 00000000 00000000 00000000 00000000 00000000 00000000 00000000 00000000 00000000 00000000 00000000 00000000 00000000 00000000 00000000 3505d465 0000008a 768c1d94 00000029 00000000 00000000 00000000 00000000 00000100 00000080 00000000 00000000 00000000 00000000 00000000 00000000 00000000 00003333 00004ccd 00002667 00000001 00000000 01c9c380 0000027c
capture_snapshot GLI1 00010000 30000000 2500000 759 0 30000000 0 0 0 0 0 0 0 6dad0b20 00000029 768f1e04 00000029 00bd8194 00000000 00bd8194 00000000 0000006a 00000000 00000000 00000000 08e217f6 00000000 00bd81fe 00000000 00000000 00000000 00000000 00000039 008b3199 00000001 00000000 00000001 00000000 00000000 00000000 00000000 00000000 00000000 00000000 00000000 00000000 00000000 00000000 00000000 00000000 00000000 00000000 00000000 350fd612 0000008a 768f1e1b 00000029 00000000 00000000 00000000 00000000 00000101 00000081 00000000 00000000 00000000 00000000 00000000 00000000 00000000 00003333 00004ccd 00002667 00000001 00000000 01c9c380 0000027c
capture_snapshot GLI1 00010000 30000000 2500000 760 0 30000000 0 0 0 0 0 0 0 6dad0b20 00000029 76921dc8 00000029 00bdc18f 00000000 00bdc18f 00000000 0000006a 00000000 00000000 00000000 08e517b2 00000000 00bdc1f9 00000000 00000000 00000000 00000000 00000039 008b3199 00000001 00000000 00000001 00000000 00000000 00000000 00000000 00000000 00000000 00000000 00000000 00000000 00000000 00000000 00000000 00000000 00000000 00000000 00000000 3519d51e 0000008a 76921dd7 00000029 00000000 00000000 00000000 00000000 00000100 00000080 00000000 00000000 00000000 00000000 00000000 00000000 00000000 00003333 00004ccd 00002667 00000001 00000000 01c9c380 0000027c
capture_snapshot GLI1 00010000 30000000 2500000 761 0 30000000 0 0 0 0 0 0 0 6dad0b20 00000029 76951d98 00000029 00be018b 00000000 00be018b 00000000 0000006a 00000000 00000000 00000000 08e81782 00000000 00be01f5 00000000 00000000 00000000 00000000 00000039 008b3199 00000001 00000000 00000001 00000000 00000000 00000000 00000000 00000000 00000000 00000000 00000000 00000000 00000000 00000000 00000000 00000000 00000000 00000000 00000000 3523d469 0000008a 76951da7 00000029 00000000 00000000 00000000 00000000 00000101 00000081 00000000 00000000 00000000 00000000 00000000 00000000 00000000 00003333 00004ccd 00002667 00000001 00000000 01c9c380 0000027c
capture_snapshot GLI1 00010000 30000000 2500000 762 0 30000000 0 0 0 0 0 0 0 6dad0b20 00000029 76982428 00000029 00be4217 00000000 00be4217 00000000 0000006a 00000000 00000000 00000000 08eb1e17 00000000 00be4281 00000000 00000000 00000000 00000000 00000039 008b3199 00000001 00000000 00000001 00000000 00000000 00000000 00000000 00000000 00000000 00000000 00000000 00000000 00000000 00000000 00000000 00000000 00000000 00000000 00000000 352dea45 0000008a 7698243c 00000029 00000000 00000000 00000000 00000000 00000101 00000081 00000000 00000000 00000000 00000000 00000000 00000000 00000000 00003333 00004ccd 00002667 00000001 00000000 01c9c380 0000027c
capture_snapshot GLI1 00010000 30000000 2500000 763 0 30000000 0 0 0 0 0 0 0 6dad0b20 00000029 769b1dd4 00000029 00be8190 00000000 00be8190 00000000 0000006a 00000000 00000000 00000000 08ee17c3 00000000 00be81fa 00000000 00000000 00000000 00000000 00000039 008b3199 00000001 00000000 00000001 00000000 00000000 00000000 00000000 00000000 00000000 00000000 00000000 00000000 00000000 00000000 00000000 00000000 00000000 00000000 00000000 3537d519 0000008a 769b1de8 00000029 00000000 00000000 00000000 00000000 00000101 00000080 00000000 00000000 00000000 00000000 00000000 00000000 00000000 00003333 00004ccd 00002667 00000001 00000000 01c9c380 0000027c
capture_snapshot GLI1 00010000 30000000 2500000 764 0 30000000 0 0 0 0 0 0 0 6dad0b20 00000029 769e1d20 00000029 00bec181 00000000 00bec181 00000000 0000006a 00000000 00000000 00000000 08f1170b 00000000 00bec1eb 00000000 00000000 00000000 00000000 00000039 008b3199 00000001 00000000 00000001 00000000 00000000 00000000 00000000 00000000 00000000 00000000 00000000 00000000 00000000 00000000 00000000 00000000 00000000 00000000 00000000 3541d2a2 0000008a 769e1d30 00000029 00000000 00000000 00000000 00000000 00000101 00000081 00000000 00000000 00000000 00000000 00000000 00000000 00000000 00003333 00004ccd 00002667 00000001 00000000 01c9c380 0000027c
capture_snapshot GLI1 00010000 30000000 2500000 765 0 30000000 0 0 0 0 0 0 0 6dad0b20 00000029 76a11d98 00000029 00bf018b 00000000 00bf018b 00000000 0000006a 00000000 00000000 00000000 08f41785 00000000 00bf01f5 00000000 00000000 00000000 00000000 00000039 008b3199 00000001 00000000 00000001 00000000 00000000 00000000 00000000 00000000 00000000 00000000 00000000 00000000 00000000 00000000 00000000 00000000 00000000 00000000 00000000 354bd423 0000008a 76a11daa 00000029 00000000 00000000 00000000 00000000 00000100 00000080 00000000 00000000 00000000 00000000 00000000 00000000 00000000 00003333 00004ccd 00002667 00000001 00000000 01c9c380 0000027c
capture_snapshot GLI1 00010000 30000000 2500000 766 0 30000000 0 0 0 0 0 0 0 6dad0b20 00000029 76a41e64 00000029 00bf419c 00000000 00bf419c 00000000 0000006a 00000000 00000000 00000000 08f71853 00000000 00bf4206 00000000 00000000 00000000 00000000 00000039 008b3199 00000001 00000000 00000001 00000000 00000000 00000000 00000000 00000000 00000000 00000000 00000000 00000000 00000000 00000000 00000000 00000000 00000000 00000000 00000000 3555d6bf 0000008a 76a41e78 00000029 00000000 00000000 00000000 00000000 00000101 00000080 00000000 00000000 00000000 00000000 00000000 00000000 00000000 00003333 00004ccd 00002667 00000001 00000000 01c9c380 0000027c
capture_snapshot GLI1 00010000 30000000 2500000 767 0 30000000 0 0 0 0 0 0 0 6dad0b20 00000029 76a71d2c 00000029 00bf8182 00000000 00bf8182 00000000 0000006a 00000000 00000000 00000000 08fa1718 00000000 00bf81ec 00000000 00000000 00000000 00000000 00000039 008b3199 00000001 00000000 00000001 00000000 00000000 00000000 00000000 00000000 00000000 00000000 00000000 00000000 00000000 00000000 00000000 00000000 00000000 00000000 00000000 355fd292 0000008a 76a71d3d 00000029 00000000 00000000 00000000 00000000 00000101 00000081 00000000 00000000 00000000 00000000 00000000 00000000 00000000 00003333 00004ccd 00002667 00000001 00000000 01c9c380 0000027c
capture_snapshot GLI1 00010000 30000000 2500000 768 0 30000000 0 0 0 0 0 0 0 6dad0b20 00000029 76aa1d74 00000029 00bfc188 00000000 00bfc188 00000000 0000006a 00000000 00000000 00000000 08fd175f 00000000 00bfc1f2 00000000 00000000 00000000 00000000 00000039 008b3199 00000001 00000000 00000001 00000000 00000000 00000000 00000000 00000000 00000000 00000000 00000000 00000000 00000000 00000000 00000000 00000000 00000000 00000000 00000000 3569d36d 0000008a 76aa1d84 00000029 00000000 00000000 00000000 00000000 00000100 00000080 00000000 00000000 00000000 00000000 00000000 00000000 00000000 00003333 00004ccd 00002667 00000001 00000000 01c9c380 0000027c
capture_snapshot GLI1 00010000 30000000 2500000 769 0 30000000 0 0 0 0 0 0 0 6dad0b20 00000029 76ad1e10 00000029 00c00195 00000000 00c00195 00000000 0000006a 00000000 00000000 00000000 09001803 00000000 00c001ff 00000000 00000000 00000000 00000000 00000039 008b3199 00000001 00000000 00000001 00000000 00000000 00000000 00000000 00000000 00000000 00000000 00000000 00000000 00000000 00000000 00000000 00000000 00000000 00000000 00000000 3573d57c 0000008a 76ad1e28 00000029 00000000 00000000 00000000 00000000 00000100 00000080 00000000 00000000 00000000 00000000 00000000 00000000 00000000 00003333 00004ccd 00002667 00000001 00000000 01c9c380 0000027c
capture_snapshot GLI1 00010000 30000000 2500000 770 0 30000000 0 0 0 0 0 0 0 6dad0b20 00000029 76b01ce4 00000029 00c0417c 00000000 00c0417c 00000000 0000006a 00000000 00000000 00000000 090316d4 00000000 00c041e6 00000000 00000000 00000000 00000000 00000039 008b3199 00000001 00000000 00000001 00000000 00000000 00000000 00000000 00000000 00000000 00000000 00000000 00000000 00000000 00000000 00000000 00000000 00000000 00000000 00000000 357dd175 0000008a 76b01cf9 00000029 00000000 00000000 00000000 00000000 00000101 00000081 00000000 00000000 00000000 00000000 00000000 00000000 00000000 00003333 00004ccd 00002667 00000001 00000000 01c9c380 0000027c
capture_snapshot GLI1 00010000 30000000 2500000 771 0 30000000 0 0 0 0 0 0 0 6dad0b20 00000029 76b31d50 00000029 00c08185 00000000 00c08185 00000000 0000006a 00000000 00000000 00000000 09061744 00000000 00c081ef 00000000 00000000 00000000 00000000 00000039 008b3199 00000001 00000000 00000001 00000000 00000000 00000000 00000000 00000000 00000000 00000000 00000000 00000000 00000000 00000000 00000000 00000000 00000000 00000000 00000000 3587d2d7 0000008a 76b31d69 00000029 00000000 00000000 00000000 00000000 00000101 00000081 00000000 00000000 00000000 00000000 00000000 00000000 00000000 00003333 00004ccd 00002667 00000001 00000000 01c9c380 0000027c
capture_snapshot GLI1 00010000 30000000 2500000 772 0 30000000 0 0 0 0 0 0 0 6dad0b20 00000029 76b61e28 00000029 00c0c197 00000000 00c0c197 00000000 0000006a 00000000 00000000 00000000 09091812 00000000 00c0c201 00000000 00000000 00000000 00000000 00000039 008b3199 00000001 00000000 00000001 00000000 00000000 00000000 00000000 00000000 00000000 00000000 00000000 00000000 00000000 00000000 00000000 00000000 00000000 00000000 00000000 3591d572 0000008a 76b61e37 00000029 00000000 00000000 00000000 00000000 00000101 00000081 00000000 00000000 00000000 00000000 00000000 00000000 00000000 00003333 00004ccd 00002667 00000001 00000000 01c9c380 0000027c
capture_snapshot GLI1 00010000 30000000 2500000 773 0 30000000 0 0 0 0 0 0 0 6dad0b20 00000029 76b91d68 00000029 00c10187 00000000 00c10187 00000000 0000006a 00000000 00000000 00000000 090c175a 00000000 00c101f1 00000000 00000000 00000000 00000000 00000039 008b3199 00000001 00000000 00000001 00000000 00000000 00000000 00000000 00000000 00000000 00000000 00000000 00000000 00000000 00000000 00000000 00000000 00000000 00000000 00000000 359bd2f8 0000008a 76b91d7f 00000029 00000000 00000000 00000000 00000000 00000100 00000080 00000000 00000000 00000000 00000000 00000000 00000000 00000000 00003333 00004ccd 00002667 00000001 00000000 01c9c380 0000027c
capture_snapshot GLI1 00010000 30000000 2500000 774 0 30000000 0 0 0 0 0 0 0 6dad0b20 00000029 76bc1de0 00000029 00c14191 00000000 00c14191 00000000 0000006a 00000000 00000000 00000000 090f17d1 00000000 00c141fb 00000000 00000000 00000000 00000000 00000039 008b3199 00000001 00000000 00000001 00000000 00000000 00000000 00000000 00000000 00000000 00000000 00000000 00000000 00000000 00000000 00000000 00000000 00000000 00000000 00000000 35a5d472 0000008a 76bc1df6 00000029 00000000 00000000 00000000 00000000 00000101 00000080 00000000 00000000 00000000 00000000 00000000 00000000 00000000 00003333 00004ccd 00002667 00000001 00000000 01c9c380 0000027c
capture_snapshot GLI1 00010000 30000000 2500000 775 0 30000000 0 0 0 0 0 0 0 6dad0b20 00000029 76bf1d44 00000029 00c18184 00000000 00c18184 00000000 0000006a 00000000 00000000 00000000 09121738 00000000 00c181ee 00000000 00000000 00000000 00000000 00000039 008b3199 00000001 00000000 00000001 00000000 00000000 00000000 00000000 00000000 00000000 00000000 00000000 00000000 00000000 00000000 00000000 00000000 00000000 00000000 00000000 35afd261 0000008a 76bf1d5d 00000029 00000000 00000000 00000000 00000000 00000101 00000081 00000000 00000000 00000000 00000000 00000000 00000000 00000000 00003333 00004ccd 00002667 00000001 00000000 01c9c380 0000027c
capture_snapshot GLI1 00010000 30000000 2500000 776 0 30000000 0 0 0 0 0 0 0 6dad0b20 00000029 76c21d5c 00000029 00c1c186 00000000 00c1c186 00000000 0000006a 00000000 00000000 00000000 09151746 00000000 00c1c1f0 00000000 00000000 00000000 00000000 00000039 008b3199 00000001 00000000 00000001 00000000 00000000 00000000 00000000 00000000 00000000 00000000 00000000 00000000 00000000 00000000 00000000 00000000 00000000 00000000 00000000 35b9d27d 0000008a 76c21d6b 00000029 00000000 00000000 00000000 00000000 00000101 00000081 00000000 00000000 00000000 00000000 00000000 00000000 00000000 00003333 00004ccd 00002667 00000001 00000000 01c9c380 0000027c
capture_snapshot GLI1 00010000 30000000 2500000 777 0 30000000 0 0 0 0 0 0 0 6dad0b20 00000029 76c51dd4 00000029 00c20190 00000000 00c20190 00000000 0000006a 00000000 00000000 00000000 091817c6 00000000 00c201fa 00000000 00000000 00000000 00000000 00000039 008b3199 00000001 00000000 00000001 00000000 00000000 00000000 00000000 00000000 00000000 00000000 00000000 00000000 00000000 00000000 00000000 00000000 00000000 00000000 00000000 35c3d412 0000008a 76c51deb 00000029 00000000 00000000 00000000 00000000 00000100 00000080 00000000 00000000 00000000 00000000 00000000 00000000 00000000 00003333 00004ccd 00002667 00000001 00000000 01c9c380 0000027c
capture_snapshot GLI1 00010000 30000000 2500000 778 0 30000000 0 0 0 0 0 0 0 6dad0b20 00000029 76c81d8c 00000029 00c2418a 00000000 00c24189 00000000 0000006a 00000000 00000000 00000000 091b1775 00000000 00c241f4 00000000 00000000 00000000 00000000 0000003b 008b3199 00000001 00000001 00000001 00000000 00000000 00000000 00000000 00000000 00000000 00000000 00000000 00000000 00000000 00000000 00000000 00000000 00000000 00000000 00000000 35cdd2f3 0000008a 76c81d9a 00000029 00000000 00000000 00000000 00000000 00000101 00000080 00000000 00000000 00000000 00000000 00000000 00000000 00000000 00003333 00004ccd 00002667 00000001 00000000 01c9c380 0000027c
capture_snapshot GLI1 00010000 30000000 2500000 779 0 30000000 0 0 0 0 0 0 0 6dad0b20 00000029 76cb1d8c 00000029 00c2818a 00000000 00c2818a 00000000 0000006a 00000000 00000000 00000000 091e177c 00000000 00c281f4 00000000 00000000 00000000 00000000 00000039 008b3199 00000001 00000000 00000001 00000000 00000000 00000000 00000000 00000000 00000000 00000000 00000000 00000000 00000000 00000000 00000000 00000000 00000000 00000000 00000000 35d7d2f7 0000008a 76cb1da1 00000029 00000000 00000000 00000000 00000000 00000100 00000080 00000000 00000000 00000000 00000000 00000000 00000000 00000000 00003333 00004ccd 00002667 00000001 00000000 01c9c380 0000027c
capture_snapshot GLI1 00010000 30000000 2500000 780 0 30000000 0 0 0 0 0 0 0 6dad0b20 00000029 76ce1da4 00000029 00c2c18c 00000000 00c2c18c 00000000 0000006a 00000000 00000000 00000000 09211797 00000000 00c2c1f6 00000000 00000000 00000000 00000000 00000039 008b3199 00000001 00000000 00000001 00000000 00000000 00000000 00000000 00000000 00000000 00000000 00000000 00000000 00000000 00000000 00000000 00000000 00000000 00000000 00000000 35e1d33d 0000008a 76ce1dbc 00000029 00000000 00000000 00000000 00000000 00000101 00000081 00000000 00000000 00000000 00000000 00000000 00000000 00000000 00003333 00004ccd 00002667 00000001 00000000 01c9c380 0000027c
capture_snapshot GLI1 00010000 30000000 2500000 781 0 30000000 0 0 0 0 0 0 0 6dad0b20 00000029 76d11da4 00000029 00c3018c 00000000 00c3018c 00000000 0000006a 00000000 00000000 00000000 0924178e 00000000 00c301f6 00000000 00000000 00000000 00000000 00000039 008b3199 00000001 00000000 00000001 00000000 00000000 00000000 00000000 00000000 00000000 00000000 00000000 00000000 00000000 00000000 00000000 00000000 00000000 00000000 00000000 35ebd30b 0000008a 76d11db3 00000029 00000000 00000000 00000000 00000000 00000101 00000081 00000000 00000000 00000000 00000000 00000000 00000000 00000000 00003333 00004ccd 00002667 00000001 00000000 01c9c380 0000027c
capture_snapshot GLI1 00010000 30000000 2500000 782 0 30000000 0 0 0 0 0 0 0 6dad0b20 00000029 76d41d74 00000029 00c34188 00000000 00c34188 00000000 0000006a 00000000 00000000 00000000 0927175f 00000000 00c341f2 00000000 00000000 00000000 00000000 00000039 008b3199 00000001 00000000 00000001 00000000 00000000 00000000 00000000 00000000 00000000 00000000 00000000 00000000 00000000 00000000 00000000 00000000 00000000 00000000 00000000 35f5d25c 0000008a 76d41d84 00000029 00000000 00000000 00000000 00000000 00000100 00000080 00000000 00000000 00000000 00000000 00000000 00000000 00000000 00003333 00004ccd 00002667 00000001 00000000 01c9c380 0000027c
capture_snapshot GLI1 00010000 30000000 2500000 783 0 30000000 0 0 0 0 0 0 0 6dad0b20 00000029 76d71d98 00000029 00c3818b 00000000 00c3818b 00000000 0000006a 00000000 00000000 00000000 092a1786 00000000 00c381f5 00000000 00000000 00000000 00000000 00000039 008b3199 00000001 00000000 00000001 00000000 00000000 00000000 00000000 00000000 00000000 00000000 00000000 00000000 00000000 00000000 00000000 00000000 00000000 00000000 00000000 35ffd2ca 0000008a 76d71dab 00000029 00000000 00000000 00000000 00000000 00000101 00000081 00000000 00000000 00000000 00000000 00000000 00000000 00000000 00003333 00004ccd 00002667 00000001 00000000 01c9c380 0000027c
capture_snapshot GLI1 00010000 30000000 2500000 784 0 30000000 0 0 0 0 0 0 0 6dad0b20 00000029 76da1d38 00000029 00c3c183 00000000 00c3c183 00000000 0000006a 00000000 00000000 00000000 092d172b 00000000 00c3c1ed 00000000 00000000 00000000 00000000 00000039 008b3199 00000001 00000000 00000001 00000000 00000000 00000000 00000000 00000000 00000000 00000000 00000000 00000000 00000000 00000000 00000000 00000000 00000000 00000000 00000000 3609d188 0000008a 76da1d50 00000029 00000000 00000000 00000000 00000000 00000100 00000080 00000000 00000000 00000000 00000000 00000000 00000000 00000000 00003333 00004ccd 00002667 00000001 00000000 01c9c380 0000027c
capture_snapshot GLI1 00010000 30000000 2500000 785 0 30000000 0 0 0 0 0 0 0 6dad0b20 00000029 76dd1d50 00000029 00c40185 00000000 00c40185 00000000 0000006a 00000000 00000000 00000000 0930173d 00000000 00c401ef 00000000 00000000 00000000 00000000 00000039 008b3199 00000001 00000000 00000001 00000000 00000000 00000000 00000000 00000000 00000000 00000000 00000000 00000000 00000000 00000000 00000000 00000000 00000000 00000000 00000000 3613d1ae 0000008a 76dd1d62 00000029 00000000 00000000 00000000 00000000 00000100 00000080 00000000 00000000 00000000 00000000 00000000 00000000 00000000 00003333 00004ccd 00002667 00000001 00000000 01c9c380 0000027c
capture_snapshot GLI1 00010000 30000000 2500000 786 0 30000000 0 0 0 0 0 0 0 6dad0b20 00000029 76e01d2c 00000029 00c44182 00000000 00c44182 00000000 0000006a 00000000 00000000 00000000 0933171e 00000000 00c441ec 00000000 00000000 00000000 00000000 00000039 008b3199 00000001 00000000 00000001 00000000 00000000 00000000 00000000 00000000 00000000 00000000 00000000 00000000 00000000 00000000 00000000 00000000 00000000 00000000 00000000 361dd134 0000008a 76e01d43 00000029 00000000 00000000 00000000 00000000 00000101 00000080 00000000 00000000 00000000 00000000 00000000 00000000 00000000 00003333 00004ccd 00002667 00000001 00000000 01c9c380 0000027c
capture_snapshot GLI1 00010000 30000000 2500000 787 0 30000000 0 0 0 0 0 0 0 6dad0b20 00000029 76e31db0 00000029 00c4818d 00000000 00c4818d 00000000 0000006a 00000000 00000000 00000000 0936179a 00000000 00c481f7 00000000 00000000 00000000 00000000 00000039 008b3199 00000001 00000000 00000001 00000000 00000000 00000000 00000000 00000000 00000000 00000000 00000000 00000000 00000000 00000000 00000000 00000000 00000000 00000000 00000000 3627d2c0 0000008a 76e31dbf 00000029 00000000 00000000 00000000 00000000 00000100 00000080 00000000 00000000 00000000 00000000 00000000 00000000 00000000 00003333 00004ccd 00002667 00000001 00000000 01c9c380 0000027c
capture_snapshot GLI1 00010000 30000000 2500000 788 0 30000000 0 0 0 0 0 0 0 6dad0b20 00000029 76e61ccc 00000029 00c4c17a 00000000 00c4c17a 00000000 0000006a 00000000 00000000 00000000 093916ba 00000000 00c4c1e4 00000000 00000000 00000000 00000000 00000039 008b3199 00000001 00000000 00000001 00000000 00000000 00000000 00000000 00000000 00000000 00000000 00000000 00000000 00000000 00000000 00000000 00000000 00000000 00000000 00000000 3631cfc0 0000008a 76e61cdf 00000029 00000000 00000000 00000000 00000000 00000101 00000081 00000000 00000000 00000000 00000000 00000000 00000000 00000000 00003333 00004ccd 00002667 00000001 00000000 01c9c380 0000027c
capture_snapshot GLI1 00010000 30000000 2500000 789 0 30000000 0 0 0 0 0 0 0 6dad0b20 00000029 76e9295c 00000029 00c50286 00000000 00c50286 00000000 0000006a 00000000 00000000 00000000 093c234a 00000000 00c502f0 00000000 00000000 00000000 00000000 00000039 008b3199 00000001 00000000 00000001 00000000 00000000 00000000 00000000 00000000 00000000 00000000 00000000 00000000 00000000 00000000 00000000 00000000 00000000 00000000 00000000 363bf98e 0000008a 76e9296f 00000029 00000000 00000000 00000000 00000000 00000100 00000080 00000000 00000000 00000000 00000000 00000000 00000000 00000000 00003333 00004ccd 00002667 00000001 00000000 01c9c380 0000027c
capture_snapshot GLI1 00010000 30000000 2500000 790 0 30000000 0 0 0 0 0 0 0 6dad0b20 00000029 76ec2d10 00000029 00c542d5 00000000 00c542d5 00000000 0000006a 00000000 00000000 00000000 093f2703 00000000 00c5433f 00000000 00000000 00000000 00000000 00000039 008b3199 00000001 00000000 00000001 00000000 00000000 00000000 00000000 00000000 00000000 00000000 00000000 00000000 00000000 00000000 00000000 00000000 00000000 00000000 00000000 364605e3 0000008a 76ec2d28 00000029 00000000 00000000 00000000 00000000 00000100 00000080 00000000 00000000 00000000 00000000 00000000 00000000 00000000 00003333 00004ccd 00002667 00000001 00000000 01c9c380 0000027c
capture_snapshot GLI1 00010000 30000000 2500000 791 0 30000000 0 0 0 0 0 0 0 6dad0b20 00000029 76ef2ac4 00000029 00c582a4 00000000 00c582a4 00000000 0000006a 00000000 00000000 00000000 094224b5 00000000 00c5830e 00000000 00000000 00000000 00000000 00000039 008b3199 00000001 00000000 00000001 00000000 00000000 00000000 00000000 00000000 00000000 00000000 00000000 00000000 00000000 00000000 00000000 00000000 00000000 00000000 00000000 364ffe1e 0000008a 76ef2ada 00000029 00000000 00000000 00000000 00000000 00000100 00000080 00000000 00000000 00000000 00000000 00000000 00000000 00000000 00003333 00004ccd 00002667 00000001 00000000 01c9c380 0000027c
capture_snapshot GLI1 00010000 30000000 2500000 792 0 30000000 0 0 0 0 0 0 0 6dad0b20 00000029 76f2298c 00000029 00c5c28a 00000000 00c5c28a 00000000 0000006a 00000000 00000000 00000000 09452381 00000000 00c5c2f4 00000000 00000000 00000000 00000000 00000039 008b3199 00000001 00000000 00000001 00000000 00000000 00000000 00000000 00000000 00000000 00000000 00000000 00000000 00000000 00000000 00000000 00000000 00000000 00000000 00000000 3659fa08 0000008a 76f229a6 00000029 00000000 00000000 00000000 00000000 00000100 00000080 00000000 00000000 00000000 00000000 00000000 00000000 00000000 00003333 00004ccd 00002667 00000001 00000000 01c9c380 0000027c
capture_snapshot GLI1 00010000 30000000 2500000 793 0 30000000 0 0 0 0 0 0 0 6dad0b20 00000029 76f52a04 00000029 00c60294 00000000 00c60294 00000000 0000006a 00000000 00000000 00000000 094823f1 00000000 00c602fe 00000000 00000000 00000000 00000000 00000039 008b3199 00000001 00000000 00000001 00000000 00000000 00000000 00000000 00000000 00000000 00000000 00000000 00000000 00000000 00000000 00000000 00000000 00000000 00000000 00000000 3663fb6b 0000008a 76f52a16 00000029 00000000 00000000 00000000 00000000 00000101 00000081 00000000 00000000 00000000 00000000 00000000 00000000 00000000 00003333 00004ccd 00002667 00000001 00000000 01c9c380 0000027c
capture_snapshot GLI1 00010000 30000000 2500000 794 0 30000000 0 0 0 0 0 0 0 6dad0b20 00000029 76f82ae8 00000029 00c642a7 00000000 00c642a7 00000000 0000006a 00000000 00000000 00000000 094b24d3 00000000 00c64311 00000000 00000000 00000000 00000000 00000039 008b3199 00000001 00000000 00000001 00000000 00000000 00000000 00000000 00000000 00000000 00000000 00000000 00000000 00000000 00000000 00000000 00000000 00000000 00000000 00000000 366dfe49 0000008a 76f82af8 00000029 00000000 00000000 00000000 00000000 00000101 00000081 00000000 00000000 00000000 00000000 00000000 00000000 00000000 00003333 00004ccd 00002667 00000001 00000000 01c9c380 0000027c
capture_snapshot GLI1 00010000 30000000 2500000 795 0 30000000 0 0 0 0 0 0 0 6dad0b20 00000029 76fb2938 00000029 00c68283 00000000 00c68283 00000000 0000006a 00000000 00000000 00000000 094e2328 00000000 00c682ed 00000000 00000000 00000000 00000000 00000039 008b3199 00000001 00000000 00000001 00000000 00000000 00000000 00000000 00000000 00000000 00000000 00000000 00000000 00000000 00000000 00000000 00000000 00000000 00000000 00000000 3677f8a5 0000008a 76fb294d 00000029 00000000 00000000 00000000 00000000 00000100 00000080 00000000 00000000 00000000 00000000 00000000 00000000 00000000 00003333 00004ccd 00002667 00000001 00000000 01c9c380 0000027c
capture_snapshot GLI1 00010000 30000000 2500000 796 0 30000000 0 0 0 0 0 0 0 6dad0b20 00000029 76fe298c 00000029 00c6c28a 00000000 00c6c28a 00000000 0000006a 00000000 00000000 00000000 0951237a 00000000 00c6c2f4 00000000 00000000 00000000 00000000 00000039 008b3199 00000001 00000000 00000001 00000000 00000000 00000000 00000000 00000000 00000000 00000000 00000000 00000000 00000000 00000000 00000000 00000000 00000000 00000000 00000000 3681f9a4 0000008a 76fe299f 00000029 00000000 00000000 00000000 00000000 00000101 00000081 00000000 00000000 00000000 00000000 00000000 00000000 00000000 00003333 00004ccd 00002667 00000001 00000000 01c9c380 0000027c
capture_snapshot GLI1 00010000 30000000 2500000 797 0 30000000 0 0 0 0 0 0 0 6dad0b20 00000029 77012944 00000029 00c70284 00000000 00c70283 00000000 0000006a 00000000 00000000 00000000 0954232d 00000000 00c702ee 00000000 00000000 00000000 00000000 0000003b 008b3199 00000001 00000001 00000001 00000000 00000000 00000000 00000000 00000000 00000000 00000000 00000000 00000000 00000000 00000000 00000000 00000000 00000000 00000000 00000000 368bf891 0000008a 77012952 00000029 00000000 00000000 00000000 00000000 00000100 00000080 00000000 00000000 00000000 00000000 00000000 00000000 00000000 00003333 00004ccd 00002667 00000001 00000000 01c9c380 0000027c
capture_snapshot GLI1 00010000 30000000 2500000 798 0 30000000 0 0 0 0 0 0 0 6dad0b20 00000029 77042920 00000029 00c74281 00000000 00c74280 00000000 0000006a 00000000 00000000 00000000 09572309 00000000 00c742eb 00000000 00000000 00000000 00000000 0000003b 008b3199 00000001 00000001 00000001 00000000 00000000 00000000 00000000 00000000 00000000 00000000 00000000 00000000 00000000 00000000 00000000 00000000 00000000 00000000 00000000 3695f805 0000008a 7704292e 00000029 00000000 00000000 00000000 00000000 00000101 00000081 00000000 00000000 00000000 00000000 00000000 00000000 00000000 00003333 00004ccd 00002667 00000001 00000000 01c9c380 0000027c
capture_snapshot GLI1 00010000 30000000 2500000 799 0 30000000 0 0 0 0 0 0 0 6dad0b20 00000029 77072938 00000029 00c78283 00000000 00c78283 00000000 0000006a 00000000 00000000 00000000 095a2324 00000000 00c782ed 00000000 00000000 00000000 00000000 00000039 008b3199 00000001 00000000 00000001 00000000 00000000 00000000 00000000 00000000 00000000 00000000 00000000 00000000 00000000 00000000 00000000 00000000 00000000 00000000 00000000 369ff84b 0000008a 77072949 00000029 00000000 00000000 00000000 00000000 00000101 00000081 00000000 00000000 00000000 00000000 00000000 00000000 00000000 00003333 00004ccd 00002667 00000001 00000000 01c9c380 0000027c
capture_snapshot GLI1 00010000 30000000 2500000 800 0 30000000 0 0 0 0 0 0 0 6dad0b20 00000029 770a2a34 00000029 00c7c298 00000000 00c7c298 00000000 0000006a 00000000 00000000 00000000 095d2420 00000000 00c7c302 00000000 00000000 00000000 00000000 00000039 008b3199 00000001 00000000 00000001 00000000 00000000 00000000 00000000 00000000 00000000 00000000 00000000 00000000 00000000 00000000 00000000 00000000 00000000 00000000 00000000 36a9fb81 0000008a 770a2a45 00000029 00000000 00000000 00000000 00000000 00000100 00000080 00000000 00000000 00000000 00000000 00000000 00000000 00000000 00003333 00004ccd 00002667 00000001 00000000 01c9c380 0000027c
capture_snapshot GLI1 00010000 30000000 2500000 801 0 30000000 0 0 0 0 0 0 0 6dad0b20 00000029 770d28f0 00000029 00c8027d 00000000 00c8027d 00000000 0000006a 00000000 00000000 00000000 096022dd 00000000 00c802e7 00000000 00000000 00000000 00000000 00000039 008b3199 00000001 00000000 00000001 00000000 00000000 00000000 00000000 00000000 00000000 00000000 00000000 00000000 00000000 00000000 00000000 00000000 00000000 00000000 00000000 36b3f739 0000008a 770d2902 00000029 00000000 00000000 00000000 00000000 00000100 00000080 00000000 00000000 00000000 00000000 00000000 00000000 00000000 00003333 00004ccd 00002667 00000001 00000000 01c9c380 0000027c
capture_snapshot GLI1 00010000 30000000 2500000 802 0 30000000 0 0 0 0 0 0 0 6dad0b20 00000029 77102980 00000029 00c84289 00000000 00c84289 00000000 0000006a 00000000 00000000 00000000 0963236a 00000000 00c842f3 00000000 00000000 00000000 00000000 00000039 008b3199 00000001 00000000 00000001 00000000 00000000 00000000 00000000 00000000 00000000 00000000 00000000 00000000 00000000 00000000 00000000 00000000 00000000 00000000 00000000 36bdf8f9 0000008a 7710298f 00000029 00000000 00000000 00000000 00000000 00000101 00000080 00000000 00000000 00000000 00000000 00000000 00000000 00000000 00003333 00004ccd 00002667 00000001 00000000 01c9c380 0000027c
capture_snapshot GLI1 00010000 30000000 2500000 803 0 30000000 0 0 0 0 0 0 0 6dad0b20 00000029 771329ec 00000029 00c88292 00000000 00c88292 00000000 0000006a 00000000 00000000 00000000 096623d9 00000000 00c882fc 00000000 00000000 00000000 00000000 00000039 008b3199 00000001 00000000 00000001 00000000 00000000 00000000 00000000 00000000 00000000 00000000 00000000 00000000 00000000 00000000 00000000 00000000 00000000 00000000 00000000 36c7fa58 0000008a 771329fe 00000029 00000000 00000000 00000000 00000000 00000101 00000080 00000000 00000000 00000000 00000000 00000000 00000000 00000000 00003333 00004ccd 00002667 00000001 00000000 01c9c380 0000027c
capture_snapshot GLI1 00010000 30000000 2500000 804 0 30000000 0 0 0 0 0 0 0 6dad0b20 00000029 77162884 00000029 00c8c274 00000000 00c8c274 00000000 0000006a 00000000 00000000 00000000 09692273 00000000 00c8c2de 00000000 00000000 00000000 00000000 00000039 008b3199 00000001 00000000 00000001 00000000 00000000 00000000 00000000 00000000 00000000 00000000 00000000 00000000 00000000 00000000 00000000 00000000 00000000 00000000 00000000 36d1f59c 0000008a 77162898 00000029 00000000 00000000 00000000 00000000 00000101 00000081 00000000 00000000 00000000 00000000 00000000 00000000 00000000 00003333 00004ccd 00002667 00000001 00000000 01c9c380 0000027c
capture_snapshot GLI1 00010000 30000000 2500000 805 0 30000000 0 0 0 0 0 0 0 6dad0b20 00000029 771929f8 00000029 00c90293 00000000 00c90293 00000000 0000006a 00000000 00000000 00000000 096c23ea 00000000 00c902fd 00000000 00000000 00000000 00000000 00000039 008b3199 00000001 00000000 00000001 00000000 00000000 00000000 00000000 00000000 00000000 00000000 00000000 00000000 00000000 00000000 00000000 00000000 00000000 00000000 00000000 36dbfa6c 0000008a 77192a0f 00000029 00000000 00000000 00000000 00000000 00000100 00000080 00000000 00000000 00000000 00000000 00000000 00000000 00000000 00003333 00004ccd 00002667 00000001 00000000 01c9c380 0000027c
capture_snapshot GLI1 00010000 30000000 2500000 806 0 30000000 0 0 0 0 0 0 0 6dad0b20 00000029 771c298c 00000029 00c9428a 00000000 00c9428a 00000000 0000006a 00000000 00000000 00000000 096f237b 00000000 00c942f4 00000000 00000000 00000000 00000000 00000039 008b3199 00000001 00000000 00000001 00000000 00000000 00000000 00000000 00000000 00000000 00000000 00000000 00000000 00000000 00000000 00000000 00000000 00000000 00000000 00000000 36e5f8e5 0000008a 771c29a0 00000029 00000000 00000000 00000000 00000000 00000101 00000081 00000000 00000000 00000000 00000000 00000000 00000000 00000000 00003333 00004ccd 00002667 00000001 00000000 01c9c380 0000027c
capture_snapshot GLI1 00010000 30000000 2500000 807 0 30000000 0 0 0 0 0 0 0 6dad0b20 00000029 771f2890 00000029 00c98275 00000000 00c98275 00000000 0000006a 00000000 00000000 00000000 0972227b 00000000 00c982df 00000000 00000000 00000000 00000000 00000039 008b3199 00000001 00000000 00000001 00000000 00000000 00000000 00000000 00000000 00000000 00000000 00000000 00000000 00000000 00000000 00000000 00000000 00000000 00000000 00000000 36eff57b 0000008a 771f28a0 00000029 00000000 00000000 00000000 00000000 00000101 00000080 00000000 00000000 00000000 00000000 00000000 00000000 00000000 00003333 00004ccd 00002667 00000001 00000000 01c9c380 0000027c
capture_snapshot GLI1 00010000 30000000 2500000 808 0 30000000 0 0 0 0 0 0 0 6dad0b20 00000029 772229ec 00000029 00c9c292 00000000 00c9c292 00000000 0000006a 00000000 00000000 00000000 097523db 00000000 00c9c2fc 00000000 00000000 00000000 00000000 00000039 008b3199 00000001 00000000 00000001 00000000 00000000 00000000 00000000 00000000 00000000 00000000 00000000 00000000 00000000 00000000 00000000 00000000 00000000 00000000 00000000 36f9f9ff 0000008a 77222a00 00000029 00000000 00000000 00000000 00000000 00000100 00000080 00000000 00000000 00000000 00000000 00000000 00000000 00000000 00003333 00004ccd 00002667 00000001 00000000 01c9c380 0000027c
capture_snapshot GLI1 00010000 30000000 2500000 809 0 30000000 0 0 0 0 0 0 0 6dad0b20 00000029 77253124 00000029 00ca032c 00000000 00ca032c 00000000 0000006a 00000000 00000000 00000000 09782b19 00000000 00ca0396 00000000 00000000 00000000 00000000 00000039 008b3199 00000001 00000000 00000001 00000000 00000000 00000000 00000000 00000000 00000000 00000000 00000000 00000000 00000000 00000000 00000000 00000000 00000000 00000000 00000000 3704120e 0000008a 7725313e 00000029 00000000 00000000 00000000 00000000 00000101 00000081 00000000 00000000 00000000 00000000 00000000 00000000 00000000 00003333 00004ccd 00002667 00000001 00000000 01c9c380 0000027c
capture_snapshot GLI1 00010000 30000000 2500000 810 0 30000000 0 0 0 0 0 0 0 6dad0b20 00000029 77283268 00000029 00ca4347 00000000 00ca4347 00000000 0000006a 00000000 00000000 00000000 097b2c5a 00000000 00ca43b1 00000000 00000000 00000000 00000000 00000039 008b3199 00000001 00000000 00000001 00000000 00000000 00000000 00000000 00000000 00000000 00000000 00000000 00000000 00000000 00000000 00000000 00000000 00000000 00000000 00000000 370e1627 0000008a 7728327f 00000029 00000000 00000000 00000000 00000000 00000100 00000080 00000000 00000000 00000000 00000000 00000000 00000000 00000000 00003333 00004ccd 00002667 00000001 00000000 01c9c380 0000027c
capture_snapshot GLI1 00010000 30000000 2500000 811 0 30000000 0 0 0 0 0 0 0 6dad0b20 00000029 772b2b90 00000029 00ca82b5 00000000 00ca82b5 00000000 0000006a 00000000 00000000 00000000 097e257a 00000000 00ca831f 00000000 00000000 00000000 00000000 00000039 008b3199 00000001 00000000 00000001 00000000 00000000 00000000 00000000 00000000 00000000 00000000 00000000 00000000 00000000 00000000 00000000 00000000 00000000 00000000 00000000 3717ff2c 0000008a 772b2b9f 00000029 00000000 00000000 00000000 00000000 00000100 00000081 00000000 00000000 00000000 00000000 00000000 00000000 00000000 00003333 00004ccd 00002667 00000001 00000000 01c9c380 0000027c
capture_snapshot GLI1 00010000 30000000 2500000 812 0 30000000 0 0 0 0 0 0 0 6dad0b20 00000029 772e3088 00000029 00cac31f 00000000 00cac31f 00000000 0000006a 00000000 00000000 00000000 09812a7d 00000000 00cac389 00000000 00000000 00000000 00000000 00000039 008b3199 00000001 00000000 00000001 00000000 00000000 00000000 00000000 00000000 00000000 00000000 00000000 00000000 00000000 00000000 00000000 00000000 00000000 00000000 00000000 37220fcb 0000008a 772e30a2 00000029 00000000 00000000 00000000 00000000 00000101 00000080 00000000 00000000 00000000 00000000 00000000 00000000 00000000 00003333 00004ccd 00002667 00000001 00000000 01c9c380 0000027c
capture_snapshot GLI1 00010000 30000000 2500000 813 0 30000000 0 0 0 0 0 0 0 6dad0b20 00000029 773131e4 00000029 00cb033c 00000000 00cb033c 00000000 0000006a 00000000 00000000 00000000 09842bd1 00000000 00cb03a6 00000000 00000000 00000000 00000000 00000039 008b3199 00000001 00000000 00000001 00000000 00000000 00000000 00000000 00000000 00000000 00000000 00000000 00000000 00000000 00000000 00000000 00000000 00000000 00000000 00000000 372c1424 0000008a 773131f6 00000029 00000000 00000000 00000000 00000000 00000100 00000080 00000000 00000000 00000000 00000000 00000000 00000000 00000000 00003333 00004ccd 00002667 00000001 00000000 01c9c380 0000027c
capture_snapshot GLI1 00010000 30000000 2500000 814 0 30000000 0 0 0 0 0 0 0 6dad0b20 00000029 7734322c 00000029 00cb4342 00000000 00cb4342 00000000 0000006a 00000000 00000000 00000000 09872c18 00000000 00cb43ac 00000000 00000000 00000000 00000000 00000039 008b3199 00000001 00000000 00000001 00000000 00000000 00000000 00000000 00000000 00000000 00000000 00000000 00000000 00000000 00000000 00000000 00000000 00000000 00000000 00000000 37361500 0000008a 7734323d 00000029 00000000 00000000 00000000 00000000 00000100 00000080 00000000 00000000 00000000 00000000 00000000 00000000 00000000 00003333 00004ccd 00002667 00000001 00000000 01c9c380 0000027c
capture_snapshot GLI1 00010000 30000000 2500000 815 0 30000000 0 0 0 0 0 0 0 6dad0b20 00000029 77373400 00000029 00cb8369 00000000 00cb8369 00000000 0000006a 00000000 00000000 00000000 098a2dea 00000000 00cb83d3 00000000 00000000 00000000 00000000 00000039 008b3199 00000001 00000000 00000001 00000000 00000000 00000000 00000000 00000000 00000000 00000000 00000000 00000000 00000000 00000000 00000000 00000000 00000000 00000000 00000000 37401afb 0000008a 7737340f 00000029 00000000 00000000 00000000 00000000 00000100 00000080 00000000 00000000 00000000 00000000 00000000 00000000 00000000 00003333 00004ccd 00002667 00000001 00000000 01c9c380 0000027c
capture_snapshot GLI1 00010000 30000000 2500000 816 0 30000000 0 0 0 0 0 0 0 6dad0b20 00000029 773a3040 00000029 00cbc319 00000000 00cbc319 00000000 0000006a 00000000 00000000 00000000 098d2a30 00000000 00cbc383 00000000 00000000 00000000 00000000 00000039 008b3199 00000001 00000000 00000001 00000000 00000000 00000000 00000000 00000000 00000000 00000000 00000000 00000000 00000000 00000000 00000000 00000000 00000000 00000000 00000000 374a0e7d 0000008a 773a3055 00000029 00000000 00000000 00000000 00000000 00000101 00000081 00000000 00000000 00000000 00000000 00000000 00000000 00000000 00003333 00004ccd 00002667 00000001 00000000 01c9c380 0000027c
capture_snapshot GLI1 00010000 30000000 2500000 817 0 30000000 0 0 0 0 0 0 0 6dad0b20 00000029 773d3160 00000029 00cc0331 00000000 00cc0331 00000000 0000006a 00000000 00000000 00000000 09902b53 00000000 00cc039b 00000000 00000000 00000000 00000000 00000039 008b3199 00000001 00000000 00000001 00000000 00000000 00000000 00000000 00000000 00000000 00000000 00000000 00000000 00000000 00000000 00000000 00000000 00000000 00000000 00000000 37541233 0000008a 773d3178 00000029 00000000 00000000 00000000 00000000 00000101 00000080 00000000 00000000 00000000 00000000 00000000 00000000 00000000 00003333 00004ccd 00002667 00000001 00000000 01c9c380 0000027c
capture_snapshot GLI1 00010000 30000000 2500000 818 0 30000000 0 0 0 0 0 0 0 6dad0b20 00000029 77402f98 00000029 00cc430b 00000000 00cc430b 00000000 0000006a 00000000 00000000 00000000 0993298b 00000000 00cc4375 00000000 00000000 00000000 00000000 00000039 008b3199 00000001 00000000 00000001 00000000 00000000 00000000 00000000 00000000 00000000 00000000 00000000 00000000 00000000 00000000 00000000 00000000 00000000 00000000 00000000 375e0c32 0000008a 77402fb0 00000029 00000000 00000000 00000000 00000000 00000100 00000080 00000000 00000000 00000000 00000000 00000000 00000000 00000000 00003333 00004ccd 00002667 00000001 00000000 01c9c380 0000027c
capture_snapshot GLI1 00010000 30000000 2500000 819 0 30000000 0 0 0 0 0 0 0 6dad0b20 00000029 774332b0 00000029 00cc834d 00000000 00cc834d 00000000 0000006a 00000000 00000000 00000000 09962ca3 00000000 00cc83b7 00000000 00000000 00000000 00000000 00000039 008b3199 00000001 00000000 00000001 00000000 00000000 00000000 00000000 00000000 00000000 00000000 00000000 00000000 00000000 00000000 00000000 00000000 00000000 00000000 00000000 3768166c 0000008a 774332c8 00000029 00000000 00000000 00000000 00000000 00000101 00000080 00000000 00000000 00000000 00000000 00000000 00000000 00000000 00003333 00004ccd 00002667 00000001 00000000 01c9c380 0000027c
capture_snapshot GLI1 00010000 30000000 2500000 820 0 30000000 0 0 0 0 0 0 0 6dad0b20 00000029 77463364 00000029 00ccc35c 00000000 00ccc35c 00000000 0000006a 00000000 00000000 00000000 09992d4e 00000000 00ccc3c6 00000000 00000000 00000000 00000000 00000039 008b3199 00000001 00000000 00000001 00000000 00000000 00000000 00000000 00000000 00000000 00000000 00000000 00000000 00000000 00000000 00000000 00000000 00000000 00000000 00000000 37721893 0000008a 77463373 00000029 00000000 00000000 00000000 00000000 00000101 00000080 00000000 00000000 00000000 00000000 00000000 00000000 00000000 00003333 00004ccd 00002667 00000001 00000000 01c9c380 0000027c
capture_snapshot GLI1 00010000 30000000 2500000 821 0 30000000 0 0 0 0 0 0 0 6dad0b20 00000029 77492d10 00000029 00cd02d5 00000000 00cd02d5 00000000 0000006a 00000000 00000000 00000000 099c26fe 00000000 00cd033f 00000000 00000000 00000000 00000000 00000039 008b3199 00000001 00000000 00000001 00000000 00000000 00000000 00000000 00000000 00000000 00000000 00000000 00000000 00000000 00000000 00000000 00000000 00000000 00000000 00000000 377c0375 0000008a 77492d23 00000029 00000000 00000000 00000000 00000000 00000101 00000080 00000000 00000000 00000000 00000000 00000000 00000000 00000000 00003333 00004ccd 00002667 00000001 00000000 01c9c380 0000027c
capture_snapshot GLI1 00010000 30000000 2500000 822 0 30000000 0 0 0 0 0 0 0 6dad0b20 00000029 774c30dc 00000029 00cd4326 00000000 00cd4326 00000000 0000006a 00000000 00000000 00000000 099f2acb 00000000 00cd4390 00000000 00000000 00000000 00000000 00000039 008b3199 00000001 00000000 00000001 00000000 00000000 00000000 00000000 00000000 00000000 00000000 00000000 00000000 00000000 00000000 00000000 00000000 00000000 00000000 00000000 3786100e 0000008a 774c30f0 00000029 00000000 00000000 00000000 00000000 00000101 00000081 00000000 00000000 00000000 00000000 00000000 00000000 00000000 00003333 00004ccd 00002667 00000001 00000000 01c9c380 0000027c
capture_snapshot GLI1 00010000 30000000 2500000 823 0 30000000 0 0 0 0 0 0 0 6dad0b20 00000029 774f31e4 00000029 00cd833c 00000000 00cd833c 00000000 0000006a 00000000 00000000 00000000 09a22bcf 00000000 00cd83a6 00000000 00000000 00000000 00000000 00000039 008b3199 00000001 00000000 00000001 00000000 00000000 00000000 00000000 00000000 00000000 00000000 00000000 00000000 00000000 00000000 00000000 00000000 00000000 00000000 00000000 3790135c 0000008a 774f31f4 00000029 00000000 00000000 00000000 00000000 00000101 00000081 00000000 00000000 00000000 00000000 00000000 00000000 00000000 00003333 00004ccd 00002667 00000001 00000000 01c9c380 0000027c
capture_snapshot GLI1 00010000 30000000 2500000 824 0 30000000 0 0 0 0 0 0 0 6dad0b20 00000029 77523058 00000029 00cdc31b 00000000 00cdc31b 00000000 0000006a 00000000 00000000 00000000 09a52a44 00000000 00cdc385 00000000 00000000 00000000 00000000 00000039 008b3199 00000001 00000000 00000001 00000000 00000000 00000000 00000000 00000000 00000000 00000000 00000000 00000000 00000000 00000000 00000000 00000000 00000000 00000000 00000000 379a0e23 0000008a 77523069 00000029 00000000 00000000 00000000 00000000 00000100 00000080 00000000 00000000 00000000 00000000 00000000 00000000 00000000 00003333 00004ccd 00002667 00000001 00000000 01c9c380 0000027c
capture_snapshot GLI1 00010000 30000000 2500000 825 0 30000000 0 0 0 0 0 0 0 6dad0b20 00000029 775532f8 00000029 00ce0353 00000000 00ce0353 00000000 0000006a 00000000 00000000 00000000 09a82cec 00000000 00ce03bd 00000000 00000000 00000000 00000000 00000039 008b3199 00000001 00000000 00000001 00000000 00000000 00000000 00000000 00000000 00000000 00000000 00000000 00000000 00000000 00000000 00000000 00000000 00000000 00000000 00000000 37a416eb 0000008a 77553311 00000029 00000000 00000000 00000000 00000000 00000101 00000080 00000000 00000000 00000000 00000000 00000000 00000000 00000000 00003333 00004ccd 00002667 00000001 00000000 01c9c380 0000027c
capture_snapshot GLI1 00010000 30000000 2500000 826 0 30000000 0 0 0 0 0 0 0 6dad0b20 00000029 77582fbc 00000029 00ce430e 00000000 00ce430e 00000000 0000006a 00000000 00000000 00000000 09ab29a6 00000000 00ce4378 00000000 00000000 00000000 00000000 00000039 008b3199 00000001 00000000 00000001 00000000 00000000 00000000 00000000 00000000 00000000 00000000 00000000 00000000 00000000 00000000 00000000 00000000 00000000 00000000 00000000 37ae0bf0 0000008a 77582fcb 00000029 00000000 00000000 00000000 00000000 00000100 00000080 00000000 00000000 00000000 00000000 00000000 00000000 00000000 00003333 00004ccd 00002667 00000001 00000000 01c9c380 0000027c
capture_snapshot GLI1 00010000 30000000 2500000 827 0 30000000 0 0 0 0 0 0 0 6dad0b20 00000029 775b2ee4 00000029 00ce82fc 00000000 00ce82fc 00000000 0000006a 00000000 00000000 00000000 09ae28cf 00000000 00ce8366 00000000 00000000 00000000 00000000 00000039 008b3199 00000001 00000000 00000001 00000000 00000000 00000000 00000000 00000000 00000000 00000000 00000000 00000000 00000000 00000000 00000000 00000000 00000000 00000000 00000000 37b8090e 0000008a 775b2ef4 00000029 00000000 00000000 00000000 00000000 00000101 00000080 00000000 00000000 00000000 00000000 00000000 00000000 00000000 00003333 00004ccd 00002667 00000001 00000000 01c9c380 0000027c
capture_snapshot GLI1 00010000 30000000 2500000 828 0 30000000 0 0 0 0 0 0 0 6dad0b20 00000029 775e30c4 00000029 00cec324 00000000 00cec324 00000000 0000006a 00000000 00000000 00000000 09b12ab0 00000000 00cec38e 00000000 00000000 00000000 00000000 00000039 008b3199 00000001 00000000 00000001 00000000 00000000 00000000 00000000 00000000 00000000 00000000 00000000 00000000 00000000 00000000 00000000 00000000 00000000 00000000 00000000 37c20f40 0000008a 775e30d5 00000029 00000000 00000000 00000000 00000000 00000100 00000080 00000000 00000000 00000000 00000000 00000000 00000000 00000000 00003333 00004ccd 00002667 00000001 00000000 01c9c380 0000027c
capture_snapshot GLI1 00010000 30000000 2500000 829 0 30000000 0 0 0 0 0 0 0 6dad0b20 00000029 776131f0 00000029 00cf033d 00000000 00cf033d 00000000 0000006a 00000000 00000000 00000000 09b42be1 00000000 00cf03a7 00000000 00000000 00000000 00000000 00000039 008b3199 00000001 00000000 00000001 00000000 00000000 00000000 00000000 00000000 00000000 00000000 00000000 00000000 00000000 00000000 00000000 00000000 00000000 00000000 00000000 37cc1324 0000008a 77613206 00000029 00000000 00000000 00000000 00000000 00000101 00000081 00000000 00000000 00000000 00000000 00000000 00000000 00000000 00003333 00004ccd 00002667 00000001 00000000 01c9c380 0000027c
capture_snapshot GLI1 00010000 30000000 2500000 830 0 30000000 0 0 0 0 0 0 0 6dad0b20 00000029 77642e78 00000029 00cf42f3 00000000 00cf42f3 00000000 0000006a 00000000 00000000 00000000 09b72869 00000000 00cf435d 00000000 00000000 00000000 00000000 00000039 008b3199 00000001 00000000 00000001 00000000 00000000 00000000 00000000 00000000 00000000 00000000 00000000 00000000 00000000 00000000 00000000 00000000 00000000 00000000 00000000 37d60780 0000008a 77642e8e 00000029 00000000 00000000 00000000 00000000 00000101 00000081 00000000 00000000 00000000 00000000 00000000 00000000 00000000 00003333 00004ccd 00002667 00000001 00000000 01c9c380 0000027c
capture_snapshot GLI1 00010000 30000000 2500000 831 0 30000000 0 0 0 0 0 0 0 6dad0b20 00000029 77672ff8 00000029 00cf8313 00000000 00cf8313 00000000 0000006a 00000000 00000000 00000000 09ba29e2 00000000 00cf837d 00000000 00000000 00000000 00000000 00000039 008b3199 00000001 00000000 00000001 00000000 00000000 00000000 00000000 00000000 00000000 00000000 00000000 00000000 00000000 00000000 00000000 00000000 00000000 00000000 00000000 37e00c54 0000008a 77673007 00000029 00000000 00000000 00000000 00000000 00000100 00000080 00000000 00000000 00000000 00000000 00000000 00000000 00000000 00003333 00004ccd 00002667 00000001 00000000 01c9c380 0000027c
capture_snapshot GLI1 00010000 30000000 2500000 832 0 30000000 0 0 0 0 0 0 0 6dad0b20 00000029 776a3490 00000029 00cfc375 00000000 00cfc375 00000000 0000006a 00000000 00000000 00000000 09bd2e7b 00000000 00cfc3df 00000000 00000000 00000000 00000000 00000039 008b3199 00000001 00000000 00000001 00000000 00000000 00000000 00000000 00000000 00000000 00000000 00000000 00000000 00000000 00000000 00000000 00000000 00000000 00000000 00000000 37ea1b96 0000008a 776a34a0 00000029 00000000 00000000 00000000 00000000 00000101 00000081 00000000 00000000 00000000 00000000 00000000 00000000 00000000 00003333 00004ccd 00002667 00000001 00000000 01c9c380 0000027c
capture_snapshot GLI1 00010000 30000000 2500000 833 0 30000000 0 0 0 0 0 0 0 6dad0b20 00000029 776d2e6c 00000029 00d002f2 00000000 00d002f2 00000000 0000006a 00000000 00000000 00000000 09c02860 00000000 00d0035c 00000000 00000000 00000000 00000000 00000039 008b3199 00000001 00000000 00000001 00000000 00000000 00000000 00000000 00000000 00000000 00000000 00000000 00000000 00000000 00000000 00000000 00000000 00000000 00000000 00000000 37f40728 0000008a 776d2e85 00000029 00000000 00000000 00000000 00000000 00000101 00000081 00000000 00000000 00000000 00000000 00000000 00000000 00000000 00003333 00004ccd 00002667 00000001 00000000 01c9c380 0000027c
capture_snapshot GLI1 00010000 30000000 2500000 834 0 30000000 0 0 0 0 0 0 0 6dad0b20 00000029 777032a4 00000029 00d0434c 00000000 00d0434c 00000000 0000006a 00000000 00000000 00000000 09c32c92 00000000 00d043b6 00000000 00000000 00000000 00000000 00000039 008b3199 00000001 00000000 00000001 00000000 00000000 00000000 00000000 00000000 00000000 00000000 00000000 00000000 00000000 00000000 00000000 00000000 00000000 00000000 00000000 37fe150f 0000008a 777032b7 00000029 00000000 00000000 00000000 00000000 00000100 00000080 00000000 00000000 00000000 00000000 00000000 00000000 00000000 00003333 00004ccd 00002667 00000001 00000000 01c9c380 0000027c
capture_snapshot GLI1 00010000 30000000 2500000 835 0 30000000 0 0 0 0 0 0 0 6dad0b20 00000029 77733094 00000029 00d08320 00000000 00d08320 00000000 0000006a 00000000 00000000 00000000 09c62a7e 00000000 00d0838a 00000000 00000000 00000000 00000000 00000039 008b3199 00000001 00000000 00000001 00000000 00000000 00000000 00000000 00000000 00000000 00000000 00000000 00000000 00000000 00000000 00000000 00000000 00000000 00000000 00000000 38080e10 0000008a 777330a3 00000029 00000000 00000000 00000000 00000000 00000101 00000081 00000000 00000000 00000000 00000000 00000000 00000000 00000000 00003333 00004ccd 00002667 00000001 00000000 01c9c380 0000027c
capture_snapshot GLI1 00010000 30000000 2500000 836 0 30000000 0 0 0 0 0 0 0 6dad0b20 00000029 77762ce0 00000029 00d0c2d1 00000000 00d0c2d1 00000000 0000006a 00000000 00000000 00000000 09c926d4 00000000 00d0c33b 00000000 00000000 00000000 00000000 00000039 008b3199 00000001 00000000 00000001 00000000 00000000 00000000 00000000 00000000 00000000 00000000 00000000 00000000 00000000 00000000 00000000 00000000 00000000 00000000 00000000 381201c7 0000008a 77762cf9 00000029 00000000 00000000 00000000 00000000 00000100 00000080 00000000 00000000 00000000 00000000 00000000 00000000 00000000 00003333 00004ccd 00002667 00000001 00000000 01c9c380 0000027c
capture_snapshot GLI1 00010000 30000000 2500000 837 0 30000000 0 0 0 0 0 0 0 6dad0b20 00000029 777935ec 00000029 00d10392 00000000 00d10392 00000000 0000006a 00000000 00000000 00000000 09cc2fd7 00000000 00d103fc 00000000 00000000 00000000 00000000 00000039 008b3199 00000001 00000000 00000001 00000000 00000000 00000000 00000000 00000000 00000000 00000000 00000000 00000000 00000000 00000000 00000000 00000000 00000000 00000000 00000000 381c1fbd 0000008a 777935fc 00000029 00000000 00000000 00000000 00000000 00000100 00000080 00000000 00000000 00000000 00000000 00000000 00000000 00000000 00003333 00004ccd 00002667 00000001 00000000 01c9c380 0000027c
capture_snapshot GLI1 00010000 30000000 2500000 838 0 30000000 0 0 0 0 0 0 0 6dad0b20 00000029 777c3190 00000029 00d14335 00000000 00d14335 00000000 0000006a 00000000 00000000 00000000 09cf2b7d 00000000 00d1439f 00000000 00000000 00000000 00000000 00000039 008b3199 00000001 00000000 00000001 00000000 00000000 00000000 00000000 00000000 00000000 00000000 00000000 00000000 00000000 00000000 00000000 00000000 00000000 00000000 00000000 38261127 0000008a 777c31a2 00000029 00000000 00000000 00000000 00000000 00000101 00000081 00000000 00000000 00000000 00000000 00000000 00000000 00000000 00003333 00004ccd 00002667 00000001 00000000 01c9c380 0000027c
capture_snapshot GLI1 00010000 30000000 2500000 839 0 30000000 0 0 0 0 0 0 0 6dad0b20 00000029 777f41a4 00000029 00d1848c 00000000 00d1848c 00000000 0000006a 00000000 00000000 00000000 09d23b8e 00000000 00d184f6 00000000 00000000 00000000 00000000 00000039 008b3199 00000001 00000000 00000001 00000000 00000000 00000000 00000000 00000000 00000000 00000000 00000000 00000000 00000000 00000000 00000000 00000000 00000000 00000000 00000000 383046a1 0000008a 777f41b3 00000029 00000000 00000000 00000000 00000000 00000101 00000081 00000000 00000000 00000000 00000000 00000000 00000000 00000000 00003333 00004ccd 00002667 00000001 00000000 01c9c380 0000027c
capture_snapshot GLI1 00010000 30000000 2500000 840 0 30000000 0 0 0 0 0 0 0 6dad0b20 00000029 7782316c 00000029 00d1c332 00000000 00d1c332 00000000 0000006a 00000000 00000000 00000000 09d52b58 00000000 00d1c39c 00000000 00000000 00000000 00000000 00000039 008b3199 00000001 00000000 00000001 00000000 00000000 00000000 00000000 00000000 00000000 00000000 00000000 00000000 00000000 00000000 00000000 00000000 00000000 00000000 00000000 383a1085 0000008a 7782317d 00000029 00000000 00000000 00000000 00000000 00000101 00000081 00000000 00000000 00000000 00000000 00000000 00000000 00000000 00003333 00004ccd 00002667 00000001 00000000 01c9c380 0000027c
capture_snapshot GLI1 00010000 30000000 2500000 841 0 30000000 0 0 0 0 0 0 0 6dad0b20 00000029 77853010 00000029 00d20315 00000000 00d20315 00000000 0000006a 00000000 00000000 00000000 09d82a02 00000000 00d2037f 00000000 00000000 00000000 00000000 00000039 008b3199 00000001 00000000 00000001 00000000 00000000 00000000 00000000 00000000 00000000 00000000 00000000 00000000 00000000 00000000 00000000 00000000 00000000 00000000 00000000 38440bfe 0000008a 77853027 00000029 00000000 00000000 00000000 00000000 00000101 00000081 00000000 00000000 00000000 00000000 00000000 00000000 00000000 00003333 00004ccd 00002667 00000001 00000000 01c9c380 0000027c
capture_snapshot GLI1 00010000 30000000 2500000 842 0 30000000 0 0 0 0 0 0 0 6dad0b20 00000029 77883538 00000029 00d24383 00000000 00d24383 00000000 0000006a 00000000 00000000 00000000 09db2f24 00000000 00d243ed 00000000 00000000 00000000 00000000 00000039 008b3199 00000001 00000000 00000001 00000000 00000000 00000000 00000000 00000000 00000000 00000000 00000000 00000000 00000000 00000000 00000000 00000000 00000000 00000000 00000000 384e1d05 0000008a 77883549 00000029 00000000 00000000 00000000 00000000 00000101 00000080 00000000 00000000 00000000 00000000 00000000 00000000 00000000 00003333 00004ccd 00002667 00000001 00000000 01c9c380 0000027c
capture_snapshot GLI1 00010000 30000000 2500000 843 0 30000000 0 0 0 0 0 0 0 6dad0b20 00000029 778b31c0 00000029 00d28339 00000000 00d28339 00000000 0000006a 00000000 00000000 00000000 09de2bb2 00000000 00d283a3 00000000 00000000 00000000 00000000 00000039 008b3199 00000001 00000000 00000001 00000000 00000000 00000000 00000000 00000000 00000000 00000000 00000000 00000000 00000000 00000000 00000000 00000000 00000000 00000000 00000000 38581175 0000008a 778b31d7 00000029 00000000 00000000 00000000 00000000 00000100 00000080 00000000 00000000 00000000 00000000 00000000 00000000 00000000 00003333 00004ccd 00002667 00000001 00000000 01c9c380 0000027c
capture_snapshot GLI1 00010000 30000000 2500000 844 0 30000000 0 0 0 0 0 0 0 6dad0b20 00000029 778e30dc 00000029 00d2c326 00000000 00d2c326 00000000 0000006a 00000000 00000000 00000000 09e12ac7 00000000 00d2c390 00000000 00000000 00000000 00000000 00000039 008b3199 00000001 00000000 00000001 00000000 00000000 00000000 00000000 00000000 00000000 00000000 00000000 00000000 00000000 00000000 00000000 00000000 00000000 00000000 00000000 38620e55 0000008a 778e30ec 00000029 00000000 00000000 00000000 00000000 00000100 00000080 00000000 00000000 00000000 00000000 00000000 00000000 00000000 00003333 00004ccd 00002667 00000001 00000000 01c9c380 0000027c
capture_snapshot GLI1 00010000 30000000 2500000 845 0 30000000 0 0 0 0 0 0 0 6dad0b20 00000029 779130e8 00000029 00d30327 00000000 00d30327 00000000 0000006a 00000000 00000000 00000000 09e42ad6 00000000 00d30391 00000000 00000000 00000000 00000000 00000039 008b3199 00000001 00000000 00000001 00000000 00000000 00000000 00000000 00000000 00000000 00000000 00000000 00000000 00000000 00000000 00000000 00000000 00000000 00000000 00000000 386c0e73 0000008a 779130fb 00000029 00000000 00000000 00000000 00000000 00000101 00000081 00000000 00000000 00000000 00000000 00000000 00000000 00000000 00003333 00004ccd 00002667 00000001 00000000 01c9c380 0000027c
capture_snapshot GLI1 00010000 30000000 2500000 846 0 30000000 0 0 0 0 0 0 0 6dad0b20 00000029 77943130 00000029 00d3432d 00000000 00d3432d 00000000 0000006a 00000000 00000000 00000000 09e72b1b 00000000 00d34397 00000000 00000000 00000000 00000000 00000039 008b3199 00000001 00000000 00000001 00000000 00000000 00000000 00000000 00000000 00000000 00000000 00000000 00000000 00000000 00000000 00000000 00000000 00000000 00000000 00000000 38760f46 0000008a 77943140 00000029 00000000 00000000 00000000 00000000 00000100 00000080 00000000 00000000 00000000 00000000 00000000 00000000 00000000 00003333 00004ccd 00002667 00000001 00000000 01c9c380 0000027c
capture_snapshot GLI1 00010000 30000000 2500000 847 0 30000000 0 0 0 0 0 0 0 6dad0b20 00000029 77973304 00000029 00d38354 00000000 00d38354 00000000 0000006a 00000000 00000000 00000000 09ea2cee 00000000 00d383be 00000000 00000000 00000000 00000000 00000039 008b3199 00000001 00000000 00000001 00000000 00000000 00000000 00000000 00000000 00000000 00000000 00000000 00000000 00000000 00000000 00000000 00000000 00000000 00000000 00000000 38801545 0000008a 77973313 00000029 00000000 00000000 00000000 00000000 00000101 00000080 00000000 00000000 00000000 00000000 00000000 00000000 00000000 00003333 00004ccd 00002667 00000001 00000000 01c9c380 0000027c
capture_snapshot GLI1 00010000 30000000 2500000 848 0 30000000 0 0 0 0 0 0 0 6dad0b20 00000029 779a31c0 00000029 00d3c339 00000000 00d3c339 00000000 0000006a 00000000 00000000 00000000 09ed2bae 00000000 00d3c3a3 00000000 00000000 00000000 00000000 00000039 008b3199 00000001 00000000 00000001 00000000 00000000 00000000 00000000 00000000 00000000 00000000 00000000 00000000 00000000 00000000 00000000 00000000 00000000 00000000 00000000 388a1108 0000008a 779a31d3 00000029 00000000 00000000 00000000 00000000 00000101 00000081 00000000 00000000 00000000 00000000 00000000 00000000 00000000 00003333 00004ccd 00002667 00000001 00000000 01c9c380 0000027c
capture_snapshot GLI1 00010000 30000000 2500000 849 0 30000000 0 0 0 0 0 0 0 6dad0b20 00000029 779d30f4 00000029 00d40328 00000000 00d40328 00000000 0000006a 00000000 00000000 00000000 09f02ae7 00000000 00d40392 00000000 00000000 00000000 00000000 00000039 008b3199 00000001 00000000 00000001 00000000 00000000 00000000 00000000 00000000 00000000 00000000 00000000 00000000 00000000 00000000 00000000 00000000 00000000 00000000 00000000 38940e5c 0000008a 779d310c 00000029 00000000 00000000 00000000 00000000 00000101 00000080 00000000 00000000 00000000 00000000 00000000 00000000 00000000 00003333 00004ccd 00002667 00000001 00000000 01c9c380 0000027c
capture_snapshot GLI1 00010000 30000000 2500000 850 0 30000000 0 0 0 0 0 0 0 6dad0b20 00000029 77a02f08 00000029 00d442ff 00000000 00d442ff 00000000 0000006a 00000000 00000000 00000000 09f328fb 00000000 00d44369 00000000 00000000 00000000 00000000 00000039 008b3199 00000001 00000000 00000001 00000000 00000000 00000000 00000000 00000000 00000000 00000000 00000000 00000000 00000000 00000000 00000000 00000000 00000000 00000000 00000000 389e07e1 0000008a 77a02f20 00000029 00000000 00000000 00000000 00000000 00000101 00000080 00000000 00000000 00000000 00000000 00000000 00000000 00000000 00003333 00004ccd 00002667 00000001 00000000 01c9c380 0000027c
capture_snapshot GLI1 00010000 30000000 2500000 851 0 30000000 0 0 0 0 0 0 0 6dad0b20 00000029 77a33160 00000029 00d48331 00000000 00d48331 00000000 0000006a 00000000 00000000 00000000 09f62b4d 00000000 00d4839b 00000000 00000000 00000000 00000000 00000039 008b3199 00000001 00000000 00000001 00000000 00000000 00000000 00000000 00000000 00000000 00000000 00000000 00000000 00000000 00000000 00000000 00000000 00000000 00000000 00000000 38a80f8b 0000008a 77a33172 00000029 00000000 00000000 00000000 00000000 00000100 00000080 00000000 00000000 00000000 00000000 00000000 00000000 00000000 00003333 00004ccd 00002667 00000001 00000000 01c9c380 0000027c
capture_snapshot GLI1 00010000 30000000 2500000 852 0 30000000 0 0 0 0 0 0 0 6dad0b20 00000029 77a63448 00000029 00d4c36f 00000000 00d4c36f 00000000 0000006a 00000000 00000000 00000000 09f92e37 00000000 00d4c3d9 00000000 00000000 00000000 00000000 00000039 008b3199 00000001 00000000 00000001 00000000 00000000 00000000 00000000 00000000 00000000 00000000 00000000 00000000 00000000 00000000 00000000 00000000 00000000 00000000 00000000 38b2192f 0000008a 77a6345c 00000029 00000000 00000000 00000000 00000000 00000100 00000080 00000000 00000000 00000000 00000000 00000000 00000000 00000000 00003333 00004ccd 00002667 00000001 00000000 01c9c380 0000027c
capture_snapshot GLI1 00010000 30000000 2500000 853 0 30000000 0 0 0 0 0 0 0 6dad0b20 00000029 77a92fc8 00000029 00d5030f 00000000 00d5030f 00000000 0000006a 00000000 00000000 00000000 09fc29ba 00000000 00d50379 00000000 00000000 00000000 00000000 00000039 008b3199 00000001 00000000 00000001 00000000 00000000 00000000 00000000 00000000 00000000 00000000 00000000 00000000 00000000 00000000 00000000 00000000 00000000 00000000 00000000 38bc0a23 0000008a 77a92fdf 00000029 00000000 00000000 00000000 00000000 00000101 00000080 00000000 00000000 00000000 00000000 00000000 00000000 00000000 00003333 00004ccd 00002667 00000001 00000000 01c9c380 0000027c
capture_snapshot GLI1 00010000 30000000 2500000 854 0 30000000 0 0 0 0 0 0 0 6dad0b20 00000029 77ac3154 00000029 00d54330 00000000 00d54330 00000000 0000006a 00000000 00000000 00000000 09ff2b41 00000000 00d5439a 00000000 00000000 00000000 00000000 00000039 008b3199 00000001 00000000 00000001 00000000 00000000 00000000 00000000 00000000 00000000 00000000 00000000 00000000 00000000 00000000 00000000 00000000 00000000 00000000 00000000 38c60f28 0000008a 77ac3166 00000029 00000000 00000000 00000000 00000000 00000101 00000081 00000000 00000000 00000000 00000000 00000000 00000000 00000000 00003333 00004ccd 00002667 00000001 00000000 01c9c380 0000027c
capture_snapshot GLI1 00010000 30000000 2500000 855 0 30000000 0 0 0 0 0 0 0 6dad0b20 00000029 77af3040 00000029 00d58319 00000000 00d58319 00000000 0000006a 00000000 00000000 00000000 0a022a2e 00000000 00d58383 00000000 00000000 00000000 00000000 00000039 008b3199 00000001 00000000 00000001 00000000 00000000 00000000 00000000 00000000 00000000 00000000 00000000 00000000 00000000 00000000 00000000 00000000 00000000 00000000 00000000 38d00b81 0000008a 77af3053 00000029 00000000 00000000 00000000 00000000 00000100 00000080 00000000 00000000 00000000 00000000 00000000 00000000 00000000 00003333 00004ccd 00002667 00000001 00000000 01c9c380 0000027c
capture_snapshot GLI1 00010000 30000000 2500000 856 0 30000000 0 0 0 0 0 0 0 6dad0b20 00000029 77b22d4c 00000029 00d5c2da 00000000 00d5c2da 00000000 0000006a 00000000 00000000 00000000 0a052737 00000000 00d5c344 00000000 00000000 00000000 00000000 00000039 008b3199 00000001 00000000 00000001 00000000 00000000 00000000 00000000 00000000 00000000 00000000 00000000 00000000 00000000 00000000 00000000 00000000 00000000 00000000 00000000 38da018b 0000008a 77b22d5c 00000029 00000000 00000000 00000000 00000000 00000101 00000081 00000000 00000000 00000000 00000000 00000000 00000000 00000000 00003333 00004ccd 00002667 00000001 00000000 01c9c380 0000027c
capture_snapshot GLI1 00010000 30000000 2500000 857 0 30000000 0 0 0 0 0 0 0 6dad0b20 00000029 77b53418 00000029 00d6036b 00000000 00d6036b 00000000 0000006a 00000000 00000000 00000000 0a082e0a 00000000 00d603d5 00000000 00000000 00000000 00000000 00000039 008b3199 00000001 00000000 00000001 00000000 00000000 00000000 00000000 00000000 00000000 00000000 00000000 00000000 00000000 00000000 00000000 00000000 00000000 00000000 00000000 38e41838 0000008a 77b5342f 00000029 00000000 00000000 00000000 00000000 00000100 00000080 00000000 00000000 00000000 00000000 00000000 00000000 00000000 00003333 00004ccd 00002667 00000001 00000000 01c9c380 0000027c
capture_snapshot GLI1 00010000 30000000 2500000 858 0 30000000 0 0 0 0 0 0 0 6dad0b20 00000029 77b831cc 00000029 00d6433a 00000000 00d6433a 00000000 0000006a 00000000 00000000 00000000 0a0b2bb7 00000000 00d643a4 00000000 00000000 00000000 00000000 00000039 008b3199 00000001 00000000 00000001 00000000 00000000 00000000 00000000 00000000 00000000 00000000 00000000 00000000 00000000 00000000 00000000 00000000 00000000 00000000 00000000 38ee1063 0000008a 77b831dc 00000029 00000000 00000000 00000000 00000000 00000101 00000081 00000000 00000000 00000000 00000000 00000000 00000000 00000000 00003333 00004ccd 00002667 00000001 00000000 01c9c380 0000027c
capture_snapshot GLI1 00010000 30000000 2500000 859 0 30000000 0 0 0 0 0 0 0 6dad0b20 00000029 77bb3028 00000029 00d68317 00000000 00d68317 00000000 0000006a 00000000 00000000 00000000 0a0e2a15 00000000 00d68381 00000000 00000000 00000000 00000000 00000039 008b3199 00000001 00000000 00000001 00000000 00000000 00000000 00000000 00000000 00000000 00000000 00000000 00000000 00000000 00000000 00000000 00000000 00000000 00000000 00000000 38f80ade 0000008a 77bb303a 00000029 00000000 00000000 00000000 00000000 00000101 00000081 00000000 00000000 00000000 00000000 00000000 00000000 00000000 00003333 00004ccd 00002667 00000001 00000000 01c9c380 0000027c
capture_snapshot GLI1 00010000 30000000 2500000 860 0 30000000 0 0 0 0 0 0 0 6dad0b20 00000029 77be3148 00000029 00d6c32f 00000000 00d6c32f 00000000 0000006a 00000000 00000000 00000000 0a112b3a 00000000 00d6c399 00000000 00000000 00000000 00000000 00000039 008b3199 00000001 00000000 00000001 00000000 00000000 00000000 00000000 00000000 00000000 00000000 00000000 00000000 00000000 00000000 00000000 00000000 00000000 00000000 00000000 39020e9c 0000008a 77be315f 00000029 00000000 00000000 00000000 00000000 00000101 00000081 00000000 00000000 00000000 00000000 00000000 00000000 00000000 00003333 00004ccd 00002667 00000001 00000000 01c9c380 0000027c
capture_snapshot GLI1 00010000 30000000 2500000 861 0 30000000 0 0 0 0 0 0 0 6dad0b20 00000029 77c130ac 00000029 00d70322 00000000 00d70322 00000000 0000006a 00000000 00000000 00000000 0a142a9f 00000000 00d7038c 00000000 00000000 00000000 00000000 00000039 008b3199 00000001 00000000 00000001 00000000 00000000 00000000 00000000 00000000 00000000 00000000 00000000 00000000 00000000 00000000 00000000 00000000 00000000 00000000 00000000 390c0c83 0000008a 77c130c4 00000029 00000000 00000000 00000000 00000000 00000101 00000080 00000000 00000000 00000000 00000000 00000000 00000000 00000000 00003333 00004ccd 00002667 00000001 00000000 01c9c380 0000027c
capture_snapshot GLI1 00010000 30000000 2500000 862 0 30000000 0 0 0 0 0 0 0 6dad0b20 00000029 77c43178 00000029 00d74333 00000000 00d74333 00000000 0000006a 00000000 00000000 00000000 0a172b67 00000000 00d7439d 00000000 00000000 00000000 00000000 00000039 008b3199 00000001 00000000 00000001 00000000 00000000 00000000 00000000 00000000 00000000 00000000 00000000 00000000 00000000 00000000 00000000 00000000 00000000 00000000 00000000 39160f0c 0000008a 77c4318c 00000029 00000000 00000000 00000000 00000000 00000100 00000080 00000000 00000000 00000000 00000000 00000000 00000000 00000000 00003333 00004ccd 00002667 00000001 00000000 01c9c380 0000027c
capture_snapshot GLI1 00010000 30000000 2500000 863 0 30000000 0 0 0 0 0 0 0 6dad0b20 00000029 77c732a4 00000029 00d7834c 00000000 00d7834c 00000000 0000006a 00000000 00000000 00000000 0a1a2c91 00000000 00d783b6 00000000 00000000 00000000 00000000 00000039 008b3199 00000001 00000000 00000001 00000000 00000000 00000000 00000000 00000000 00000000 00000000 00000000 00000000 00000000 00000000 00000000 00000000 00000000 00000000 00000000 392012d8 0000008a 77c732b6 00000029 00000000 00000000 00000000 00000000 00000101 00000080 00000000 00000000 00000000 00000000 00000000 00000000 00000000 00003333 00004ccd 00002667 00000001 00000000 01c9c380 0000027c
capture_snapshot GLI1 00010000 30000000 2500000 864 0 30000000 0 0 0 0 0 0 0 6dad0b20 00000029 77ca3190 00000029 00d7c335 00000000 00d7c335 00000000 0000006a 00000000 00000000 00000000 0a1d2b84 00000000 00d7c39f 00000000 00000000 00000000 00000000 00000039 008b3199 00000001 00000000 00000001 00000000 00000000 00000000 00000000 00000000 00000000 00000000 00000000 00000000 00000000 00000000 00000000 00000000 00000000 00000000 00000000 392a0f44 0000008a 77ca31a9 00000029 00000000 00000000 00000000 00000000 00000101 00000081 00000000 00000000 00000000 00000000 00000000 00000000 00000000 00003333 00004ccd 00002667 00000001 00000000 01c9c380 0000027c
capture_snapshot GLI1 00010000 30000000 2500000 865 0 30000000 0 0 0 0 0 0 0 6dad0b20 00000029 77cd2c80 00000029 00d802c9 00000000 00d802c9 00000000 0000006a 00000000 00000000 00000000 0a202672 00000000 00d80333 00000000 00000000 00000000 00000000 00000039 008b3199 00000001 00000000 00000001 00000000 00000000 00000000 00000000 00000000 00000000 00000000 00000000 00000000 00000000 00000000 00000000 00000000 00000000 00000000 00000000 3933fe4b 0000008a 77cd2c97 00000029 00000000 00000000 00000000 00000000 00000101 00000081 00000000 00000000 00000000 00000000 00000000 00000000 00000000 00003333 00004ccd 00002667 00000001 00000000 01c9c380 0000027c
capture_snapshot GLI1 00010000 30000000 2500000 866 0 30000000 0 0 0 0 0 0 0 6dad0b20 00000029 77d030e8 00000029 00d84327 00000000 00d84327 00000000 0000006a 00000000 00000000 00000000 0a232ad5 00000000 00d84391 00000000 00000000 00000000 00000000 00000039 008b3199 00000001 00000000 00000001 00000000 00000000 00000000 00000000 00000000 00000000 00000000 00000000 00000000 00000000 00000000 00000000 00000000 00000000 00000000 00000000 393e0cd7 0000008a 77d030fa 00000029 00000000 00000000 00000000 00000000 00000101 00000080 00000000 00000000 00000000 00000000 00000000 00000000 00000000 00003333 00004ccd 00002667 00000001 00000000 01c9c380 0000027c
capture_snapshot GLI1 00010000 30000000 2500000 867 0 30000000 0 0 0 0 0 0 0 6dad0b20 00000029 77d333f4 00000029 00d88368 00000000 00d88368 00000000 0000006a 00000000 00000000 00000000 0a262de3 00000000 00d883d2 00000000 00000000 00000000 00000000 00000039 008b3199 00000001 00000000 00000001 00000000 00000000 00000000 00000000 00000000 00000000 00000000 00000000 00000000 00000000 00000000 00000000 00000000 00000000 00000000 00000000 394816f3 0000008a 77d33408 00000029 00000000 00000000 00000000 00000000 00000100 00000080 00000000 00000000 00000000 00000000 00000000 00000000 00000000 00003333 00004ccd 00002667 00000001 00000000 01c9c380 0000027c
capture_snapshot GLI1 00010000 30000000 2500000 868 0 30000000 0 0 0 0 0 0 0 6dad0b20 00000029 77d64054 00000029 00d8c470 00000000 00d8c470 00000000 0000006a 00000000 00000000 00000000 0a293a3d 00000000 00d8c4da 00000000 00000000 00000000 00000000 00000039 008b3199 00000001 00000000 00000001 00000000 00000000 00000000 00000000 00000000 00000000 00000000 00000000 00000000 00000000 00000000 00000000 00000000 00000000 00000000 00000000 3952400b 0000008a 77d64062 00000029 00000000 00000000 00000000 00000000 00000100 00000080 00000000 00000000 00000000 00000000 00000000 00000000 00000000 00003333 00004ccd 00002667 00000001 00000000 01c9c380 0000027c
capture_snapshot GLI1 00010000 30000000 2500000 869 0 30000000 0 0 0 0 0 0 0 6dad0b20 00000029 77d931a8 00000029 00d90337 00000000 00d90337 00000000 0000006a 00000000 00000000 00000000 0a2c2b99 00000000 00d903a1 00000000 00000000 00000000 00000000 00000039 008b3199 00000001 00000000 00000001 00000000 00000000 00000000 00000000 00000000 00000000 00000000 00000000 00000000 00000000 00000000 00000000 00000000 00000000 00000000 00000000 395c0f29 0000008a 77d931be 00000029 00000000 00000000 00000000 00000000 00000101 00000081 00000000 00000000 00000000 00000000 00000000 00000000 00000000 00003333 00004ccd 00002667 00000001 00000000 01c9c380 0000027c
capture_snapshot GLI1 00010000 30000000 2500000 870 0 30000000 0 0 0 0 0 0 0 6dad0b20 00000029 77dc2f98 00000029 00d9430b 00000000 00d9430b 00000000 0000006a 00000000 00000000 00000000 0a2f298a 00000000 00d94375 00000000 00000000 00000000 00000000 00000039 008b3199 00000001 00000000 00000001 00000000 00000000 00000000 00000000 00000000 00000000 00000000 00000000 00000000 00000000 00000000 00000000 00000000 00000000 00000000 00000000 3966083a 0000008a 77dc2faf 00000029 00000000 00000000 00000000 00000000 00000100 00000081 00000000 00000000 00000000 00000000 00000000 00000000 00000000 00003333 00004ccd 00002667 00000001 00000000 01c9c380 0000027c
capture_snapshot GLI1 00010000 30000000 2500000 871 0 30000000 0 0 0 0 0 0 0 6dad0b20 00000029 77df30dc 00000029 00d98326 00000000 00d98326 00000000 0000006a 00000000 00000000 00000000 0a322ad1 00000000 00d98390 00000000 00000000 00000000 00000000 00000039 008b3199 00000001 00000000 00000001 00000000 00000000 00000000 00000000 00000000 00000000 00000000 00000000 00000000 00000000 00000000 00000000 00000000 00000000 00000000 00000000 39700c66 0000008a 77df30f6 00000029 00000000 00000000 00000000 00000000 00000100 00000080 00000000 00000000 00000000 00000000 00000000 00000000 00000000 00003333 00004ccd 00002667 00000001 00000000 01c9c380 0000027c
capture_snapshot GLI1 00010000 30000000 2500000 872 0 30000000 0 0 0 0 0 0 0 6dad0b20 00000029 77e23418 00000029 00d9c36b 00000000 00d9c36b 00000000 0000006a 00000000 00000000 00000000 0a352e02 00000000 00d9c3d5 00000000 00000000 00000000 00000000 00000039 008b3199 00000001 00000000 00000001 00000000 00000000 00000000 00000000 00000000 00000000 00000000 00000000 00000000 00000000 00000000 00000000 00000000 00000000 00000000 00000000 397a16f7 0000008a 77e23427 00000029 00000000 00000000 00000000 00000000 00000101 00000081 00000000 00000000 00000000 00000000 00000000 00000000 00000000 00003333 00004ccd 00002667 00000001 00000000 01c9c380 0000027c
capture_snapshot GLI1 00010000 30000000 2500000 873 0 30000000 0 0 0 0 0 0 0 6dad0b20 00000029 77e53184 00000029 00da0334 00000000 00da0334 00000000 0000006a 00000000 00000000 00000000 0a382b6e 00000000 00da039e 00000000 00000000 00000000 00000000 00000039 008b3199 00000001 00000000 00000001 00000000 00000000 00000000 00000000 00000000 00000000 00000000 00000000 00000000 00000000 00000000 00000000 00000000 00000000 00000000 00000000 39840e4e 0000008a 77e53193 00000029 00000000 00000000 00000000 00000000 00000100 00000080 00000000 00000000 00000000 00000000 00000000 00000000 00000000 00003333 00004ccd 00002667 00000001 00000000 01c9c380 0000027c
capture_snapshot GLI1 00010000 30000000 2500000 874 0 30000000 0 0 0 0 0 0 0 6dad0b20 00000029 77e831fc 00000029 00da433e 00000000 00da433e 00000000 0000006a 00000000 00000000 00000000 0a3b2bea 00000000 00da43a8 00000000 00000000 00000000 00000000 00000039 008b3199 00000001 00000000 00000001 00000000 00000000 00000000 00000000 00000000 00000000 00000000 00000000 00000000 00000000 00000000 00000000 00000000 00000000 00000000 00000000 398e0fd7 0000008a 77e8320f 00000029 00000000 00000000 00000000 00000000 00000100 00000080 00000000 00000000 00000000 00000000 00000000 00000000 00000000 00003333 00004ccd 00002667 00000001 00000000 01c9c380 0000027c
capture_snapshot GLI1 00010000 30000000 2500000 875 0 30000000 0 0 0 0 0 0 0 6dad0b20 00000029 77eb310c 00000029 00da832a 00000000 00da832a 00000000 0000006a 00000000 00000000 00000000 0a3e2afd 00000000 00da8394 00000000 00000000 00000000 00000000 00000039 008b3199 00000001 00000000 00000001 00000000 00000000 00000000 00000000 00000000 00000000 00000000 00000000 00000000 00000000 00000000 00000000 00000000 00000000 00000000 00000000 39980cad 0000008a 77eb3122 00000029 00000000 00000000 00000000 00000000 00000101 00000080 00000000 00000000 00000000 00000000 00000000 00000000 00000000 00003333 00004ccd 00002667 00000001 00000000 01c9c380 0000027c
capture_snapshot GLI1 00010000 30000000 2500000 876 0 30000000 0 0 0 0 0 0 0 6dad0b20 00000029 77ee2fa4 00000029 00dac30c 00000000 00dac30c 00000000 0000006a 00000000 00000000 00000000 0a412991 00000000 00dac376 00000000 00000000 00000000 00000000 00000039 008b3199 00000001 00000000 00000001 00000000 00000000 00000000 00000000 00000000 00000000 00000000 00000000 00000000 00000000 00000000 00000000 00000000 00000000 00000000 00000000 39a207dd 0000008a 77ee2fb6 00000029 00000000 00000000 00000000 00000000 00000100 00000080 00000000 00000000 00000000 00000000 00000000 00000000 00000000 00003333 00004ccd 00002667 00000001 00000000 01c9c380 0000027c
capture_snapshot GLI1 00010000 30000000 2500000 877 0 30000000 0 0 0 0 0 0 0 6dad0b20 00000029 77f13454 00000029 00db0370 00000000 00db0370 00000000 0000006a 00000000 00000000 00000000 0a442e46 00000000 00db03da 00000000 00000000 00000000 00000000 00000039 008b3199 00000001 00000000 00000001 00000000 00000000 00000000 00000000 00000000 00000000 00000000 00000000 00000000 00000000 00000000 00000000 00000000 00000000 00000000 00000000 39ac177a 0000008a 77f1346b 00000029 00000000 00000000 00000000 00000000 00000100 00000080 00000000 00000000 00000000 00000000 00000000 00000000 00000000 00003333 00004ccd 00002667 00000001 00000000 01c9c380 0000027c
capture_snapshot GLI1 00010000 30000000 2500000 878 0 30000000 0 0 0 0 0 0 0 6dad0b20 00000029 77f431c0 00000029 00db4339 00000000 00db4339 00000000 0000006a 00000000 00000000 00000000 0a472baf 00000000 00db43a3 00000000 00000000 00000000 00000000 00000039 008b3199 00000001 00000000 00000001 00000000 00000000 00000000 00000000 00000000 00000000 00000000 00000000 00000000 00000000 00000000 00000000 00000000 00000000 00000000 00000000 39b60ec4 0000008a 77f431d4 00000029 00000000 00000000 00000000 00000000 00000101 00000081 00000000 00000000 00000000 00000000 00000000 00000000 00000000 00003333 00004ccd 00002667 00000001 00000000 01c9c380 0000027c
capture_snapshot GLI1 00010000 30000000 2500000 879 0 30000000 0 0 0 0 0 0 0 6dad0b20 00000029 77f73250 00000029 00db8345 00000000 00db8345 00000000 0000006a 00000000 00000000 00000000 0a4a2c40 00000000 00db83af 00000000 00000000 00000000 00000000 00000039 008b3199 00000001 00000000 00000001 00000000 00000000 00000000 00000000 00000000 00000000 00000000 00000000 00000000 00000000 00000000 00000000 00000000 00000000 00000000 00000000 39c01094 0000008a 77f73265 00000029 00000000 00000000 00000000 00000000 00000100 00000080 00000000 00000000 00000000 00000000 00000000 00000000 00000000 00003333 00004ccd 00002667 00000001 00000000 01c9c380 0000027c
capture_snapshot GLI1 00010000 30000000 2500000 880 0 30000000 0 0 0 0 0 0 0 6dad0b20 00000029 77fa30c4 00000029 00dbc324 00000000 00dbc324 00000000 0000006a 00000000 00000000 00000000 0a4d2ab8 00000000 00dbc38e 00000000 00000000 00000000 00000000 00000039 008b3199 00000001 00000000 00000001 00000000 00000000 00000000 00000000 00000000 00000000 00000000 00000000 00000000 00000000 00000000 00000000 00000000 00000000 00000000 00000000 39ca0b65 0000008a 77fa30dd 00000029 00000000 00000000 00000000 00000000 00000101 00000081 00000000 00000000 00000000 00000000 00000000 00000000 00000000 00003333 00004ccd 00002667 00000001 00000000 01c9c380 0000027c
capture_snapshot GLI1 00010000 30000000 2500000 881 0 30000000 0 0 0 0 0 0 0 6dad0b20 00000029 77fd30f4 00000029 00dc0328 00000000 00dc0328 00000000 0000006a 00000000 00000000 00000000 0a502ae2 00000000 00dc0392 00000000 00000000 00000000 00000000 00000039 008b3199 00000001 00000000 00000001 00000000 00000000 00000000 00000000 00000000 00000000 00000000 00000000 00000000 00000000 00000000 00000000 00000000 00000000 00000000 00000000 39d40bdc 0000008a 77fd3107 00000029 00000000 00000000 00000000 00000000 00000100 00000080 00000000 00000000 00000000 00000000 00000000 00000000 00000000 00003333 00004ccd 00002667 00000001 00000000 01c9c380 0000027c
capture_snapshot GLI1 00010000 30000000 2500000 882 0 30000000 0 0 0 0 0 0 0 6dad0b20 00000029 78003310 00000029 00dc4355 00000000 00dc4355 00000000 0000006a 00000000 00000000 00000000 0a532cfd 00000000 00dc43bf 00000000 00000000 00000000 00000000 00000039 008b3199 00000001 00000000 00000001 00000000 00000000 00000000 00000000 00000000 00000000 00000000 00000000 00000000 00000000 00000000 00000000 00000000 00000000 00000000 00000000 39de12cd 0000008a 78003322 00000029 00000000 00000000 00000000 00000000 00000100 00000080 00000000 00000000 00000000 00000000 00000000 00000000 00000000 00003333 00004ccd 00002667 00000001 00000000 01c9c380 0000027c
capture_snapshot GLI1 00010000 30000000 2500000 883 0 30000000 0 0 0 0 0 0 0 6dad0b20 00000029 78033220 00000029 00dc8341 00000000 00dc8341 00000000 0000006a 00000000 00000000 00000000 0a562c0d 00000000 00dc83ab 00000000 00000000 00000000 00000000 00000039 008b3199 00000001 00000000 00000001 00000000 00000000 00000000 00000000 00000000 00000000 00000000 00000000 00000000 00000000 00000000 00000000 00000000 00000000 00000000 00000000 39e80f9c 0000008a 78033232 00000029 00000000 00000000 00000000 00000000 00000101 00000080 00000000 00000000 00000000 00000000 00000000 00000000 00000000 00003333 00004ccd 00002667 00000001 00000000 01c9c380 0000027c
capture_snapshot GLI1 00010000 30000000 2500000 884 0 30000000 0 0 0 0 0 0 0 6dad0b20 00000029 7806304c 00000029 00dcc31a 00000000 00dcc31a 00000000 0000006a 00000000 00000000 00000000 0a592a3c 00000000 00dcc384 00000000 00000000 00000000 00000000 00000039 008b3199 00000001 00000000 00000001 00000000 00000000 00000000 00000000 00000000 00000000 00000000 00000000 00000000 00000000 00000000 00000000 00000000 00000000 00000000 00000000 39f20979 0000008a 78063061 00000029 00000000 00000000 00000000 00000000 00000101 00000080 00000000 00000000 00000000 00000000 00000000 00000000 00000000 00003333 00004ccd 00002667 00000001 00000000 01c9c380 0000027c
capture_snapshot GLI1 00010000 30000000 2500000 885 0 30000000 0 0 0 0 0 0 0 6dad0b20 00000029 78092eb4 00000029 00dd02f8 00000000 00dd02f8 00000000 0000006a 00000000 00000000 00000000 0a5c28a3 00000000 00dd0362 00000000 00000000 00000000 00000000 00000039 008b3199 00000001 00000000 00000001 00000000 00000000 00000000 00000000 00000000 00000000 00000000 00000000 00000000 00000000 00000000 00000000 00000000 00000000 00000000 00000000 39fc0413 0000008a 78092ec8 00000029 00000000 00000000 00000000 00000000 00000101 00000081 00000000 00000000 00000000 00000000 00000000 00000000 00000000 00003333 00004ccd 00002667 00000001 00000000 01c9c380 0000027c
capture_snapshot GLI1 00010000 30000000 2500000 886 0 30000000 0 0 0 0 0 0 0 6dad0b20 00000029 780c31a8 00000029 00dd4337 00000000 00dd4337 00000000 0000006a 00000000 00000000 00000000 0a5f2b9b 00000000 00dd43a1 00000000 00000000 00000000 00000000 00000039 008b3199 00000001 00000000 00000001 00000000 00000000 00000000 00000000 00000000 00000000 00000000 00000000 00000000 00000000 00000000 00000000 00000000 00000000 00000000 00000000 3a060de6 0000008a 780c31c0 00000029 00000000 00000000 00000000 00000000 00000100 00000080 00000000 00000000 00000000 00000000 00000000 00000000 00000000 00003333 00004ccd 00002667 00000001 00000000 01c9c380 0000027c
capture_snapshot GLI1 00010000 30000000 2500000 887 0 30000000 0 0 0 0 0 0 0 6dad0b20 00000029 780f32bc 00000029 00dd834e 00000000 00dd834e 00000000 0000006a 00000000 00000000 00000000 0a622cac 00000000 00dd83b8 00000000 00000000 00000000 00000000 00000039 008b3199 00000001 00000000 00000001 00000000 00000000 00000000 00000000 00000000 00000000 00000000 00000000 00000000 00000000 00000000 00000000 00000000 00000000 00000000 00000000 3a101160 0000008a 780f32d1 00000029 00000000 00000000 00000000 00000000 00000101 00000080 00000000 00000000 00000000 00000000 00000000 00000000 00000000 00003333 00004ccd 00002667 00000001 00000000 01c9c380 0000027c
capture_snapshot GLI1 00010000 30000000 2500000 888 0 30000000 0 0 0 0 0 0 0 6dad0b20 00000029 78122f5c 00000029 00ddc306 00000000 00ddc306 00000000 0000006a 00000000 00000000 00000000 0a652950 00000000 00ddc370 00000000 00000000 00000000 00000000 00000039 008b3199 00000001 00000000 00000001 00000000 00000000 00000000 00000000 00000000 00000000 00000000 00000000 00000000 00000000 00000000 00000000 00000000 00000000 00000000 00000000 3a1a0618 0000008a 78122f75 00000029 00000000 00000000 00000000 00000000 00000100 00000080 00000000 00000000 00000000 00000000 00000000 00000000 00000000 00003333 00004ccd 00002667 00000001 00000000 01c9c380 0000027c
capture_snapshot GLI1 00010000 30000000 2500000 889 0 30000000 0 0 0 0 0 0 0 6dad0b20 00000029 78153124 00000029 00de032c 00000000 00de032c 00000000 0000006a 00000000 00000000 00000000 0a682b12 00000000 00de0396 00000000 00000000 00000000 00000000 00000039 008b3199 00000001 00000000 00000001 00000000 00000000 00000000 00000000 00000000 00000000 00000000 00000000 00000000 00000000 00000000 00000000 00000000 00000000 00000000 00000000 3a240be2 0000008a 78153137 00000029 00000000 00000000 00000000 00000000 00000101 00000081 00000000 00000000 00000000 00000000 00000000 00000000 00000000 00003333 00004ccd 00002667 00000001 00000000 01c9c380 0000027c
capture_snapshot GLI1 00010000 30000000 2500000 890 0 30000000 0 0 0 0 0 0 0 6dad0b20 00000029 78182efc 00000029 00de42fe 00000000 00de42fe 00000000 0000006a 00000000 00000000 00000000 0a6b28ec 00000000 00de4368 00000000 00000000 00000000 00000000 00000039 008b3199 00000001 00000000 00000001 00000000 00000000 00000000 00000000 00000000 00000000 00000000 00000000 00000000 00000000 00000000 00000000 00000000 00000000 00000000 00000000 3a2e04a4 0000008a 78182f11 00000029 00000000 00000000 00000000 00000000 00000101 00000080 00000000 00000000 00000000 00000000 00000000 00000000 00000000 00003333 00004ccd 00002667 00000001 00000000 01c9c380 0000027c
capture_snapshot GLI1 00010000 30000000 2500000 891 0 30000000 0 0 0 0 0 0 0 6dad0b20 00000029 781b2f08 00000029 00de82ff 00000000 00de82ff 00000000 0000006a 00000000 00000000 00000000 0a6e28fc 00000000 00de8369 00000000 00000000 00000000 00000000 00000039 008b3199 00000001 00000000 00000001 00000000 00000000 00000000 00000000 00000000 00000000 00000000 00000000 00000000 00000000 00000000 00000000 00000000 00000000 00000000 00000000 3a3804c6 0000008a 781b2f21 00000029 00000000 00000000 00000000 00000000 00000101 00000080 00000000 00000000 00000000 00000000 00000000 00000000 00000000 00003333 00004ccd 00002667 00000001 00000000 01c9c380 0000027c
capture_snapshot GLI1 00010000 30000000 2500000 892 0 30000000 0 0 0 0 0 0 0 6dad0b20 00000029 781e3370 00000029 00dec35d 00000000 00dec35d 00000000 0000006a 00000000 00000000 00000000 0a712d5d 00000000 00dec3c7 00000000 00000000 00000000 00000000 00000039 008b3199 00000001 00000000 00000001 00000000 00000000 00000000 00000000 00000000 00000000 00000000 00000000 00000000 00000000 00000000 00000000 00000000 00000000 00000000 00000000 3a42134d 0000008a 781e3382 00000029 00000000 00000000 00000000 00000000 00000100 00000080 00000000 00000000 00000000 00000000 00000000 00000000 00000000 00003333 00004ccd 00002667 00000001 00000000 01c9c380 0000027c
capture_snapshot GLI1 00010000 30000000 2500000 893 0 30000000 0 0 0 0 0 0 0 6dad0b20 00000029 78213100 00000029 00df0329 00000000 00df0329 00000000 0000006a 00000000 00000000 00000000 0a742af2 00000000 00df0393 00000000 00000000 00000000 00000000 00000039 008b3199 00000001 00000000 00000001 00000000 00000000 00000000 00000000 00000000 00000000 00000000 00000000 00000000 00000000 00000000 00000000 00000000 00000000 00000000 00000000 3a4c0b2a 0000008a 78213117 00000029 00000000 00000000 00000000 00000000 00000101 00000081 00000000 00000000 00000000 00000000 00000000 00000000 00000000 00003333 00004ccd 00002667 00000001 00000000 01c9c380 0000027c
capture_snapshot GLI1 00010000 30000000 2500000 894 0 30000000 0 0 0 0 0 0 0 6dad0b20 00000029 78242ed8 00000029 00df42fb 00000000 00df42fb 00000000 0000006a 00000000 00000000 00000000 0a7728c2 00000000 00df4365 00000000 00000000 00000000 00000000 00000039 008b3199 00000001 00000000 00000001 00000000 00000000 00000000 00000000 00000000 00000000 00000000 00000000 00000000 00000000 00000000 00000000 00000000 00000000 00000000 00000000 3a5603ca 0000008a 78242ee7 00000029 00000000 00000000 00000000 00000000 00000100 00000080 00000000 00000000 00000000 00000000 00000000 00000000 00000000 00003333 00004ccd 00002667 00000001 00000000 01c9c380 0000027c
capture_snapshot GLI1 00010000 30000000 2500000 895 0 30000000 0 0 0 0 0 0 0 6dad0b20 00000029 78273058 00000029 00df831b 00000000 00df831b 00000000 0000006a 00000000 00000000 00000000 0a7a2a4c 00000000 00df8385 00000000 00000000 00000000 00000000 00000039 008b3199 00000001 00000000 00000001 00000000 00000000 00000000 00000000 00000000 00000000 00000000 00000000 00000000 00000000 00000000 00000000 00000000 00000000 00000000 00000000 3a6008d9 0000008a 78273071 00000029 00000000 00000000 00000000 00000000 00000101 00000081 00000000 00000000 00000000 00000000 00000000 00000000 00000000 00003333 00004ccd 00002667 00000001 00000000 01c9c380 0000027c
capture_snapshot GLI1 00010000 30000000 2500000 896 0 30000000 0 0 0 0 0 0 0 6dad0b20 00000029 782a2fb0 00000029 00dfc30d 00000000 00dfc30d 00000000 0000006a 00000000 00000000 00000000 0a7d299b 00000000 00dfc377 00000000 00000000 00000000 00000000 00000039 008b3199 00000001 00000000 00000001 00000000 00000000 00000000 00000000 00000000 00000000 00000000 00000000 00000000 00000000 00000000 00000000 00000000 00000000 00000000 00000000 3a6a0677 0000008a 782a2fc0 00000029 00000000 00000000 00000000 00000000 00000101 00000080 00000000 00000000 00000000 00000000 00000000 00000000 00000000 00003333 00004ccd 00002667 00000001 00000000 01c9c380 0000027c
capture_snapshot GLI1 00010000 30000000 2500000 897 0 30000000 0 0 0 0 0 0 0 6dad0b20 00000029 782d2c80 00000029 00e002c9 00000000 00e002c9 00000000 0000006a 00000000 00000000 00000000 0a80266b 00000000 00e00333 00000000 00000000 00000000 00000000 00000039 008b3199 00000001 00000000 00000001 00000000 00000000 00000000 00000000 00000000 00000000 00000000 00000000 00000000 00000000 00000000 00000000 00000000 00000000 00000000 00000000 3a73fbc4 0000008a 782d2c90 00000029 00000000 00000000 00000000 00000000 00000101 00000081 00000000 00000000 00000000 00000000 00000000 00000000 00000000 00003333 00004ccd 00002667 00000001 00000000 01c9c380 0000027c
capture_snapshot GLI1 00010000 30000000 2500000 898 0 30000000 0 0 0 0 0 0 0 6dad0b20 00000029 78302164 00000029 00e041dc 00000000 00e041dc 00000000 0000006a 00000000 00000000 00000000 0a831b50 00000000 00e04246 00000000 00000000 00000000 00000000 00000039 008b3199 00000001 00000000 00000001 00000000 00000000 00000000 00000000 00000000 00000000 00000000 00000000 00000000 00000000 00000000 00000000 00000000 00000000 00000000 00000000 3a7dd6ab 0000008a 78302175 00000029 00000000 00000000 00000000 00000000 00000100 00000080 00000000 00000000 00000000 00000000 00000000 00000000 00000000 00003333 00004ccd 00002667 00000001 00000000 01c9c380 0000027c
capture_snapshot GLI1 00010000 30000000 2500000 899 0 30000000 0 0 0 0 0 0 0 6dad0b20 00000029 78332008 00000029 00e081bf 00000000 00e081bf 00000000 0000006a 00000000 00000000 00000000 0a8619fb 00000000 00e08229 00000000 00000000 00000000 00000000 00000039 008b3199 00000001 00000000 00000001 00000000 00000000 00000000 00000000 00000000 00000000 00000000 00000000 00000000 00000000 00000000 00000000 00000000 00000000 00000000 00000000 3a87d22a 0000008a 78332020 00000029 00000000 00000000 00000000 00000000 00000100 00000080 00000000 00000000 00000000 00000000 00000000 00000000 00000000 00003333 00004ccd 00002667 00000001 00000000 01c9c380 0000027c
capture_snapshot GLI1 00010000 30000000 2500000 900 0 30000000 0 0 0 0 0 0 0 6dad0b20 00000029 7836247c 00000029 00e0c21e 00000000 00e0c21e 00000000 0000006a 00000000 00000000 00000000 0a891e6e 00000000 00e0c288 00000000 00000000 00000000 00000000 00000039 008b3199 00000001 00000000 00000001 00000000 00000000 00000000 00000000 00000000 00000000 00000000 00000000 00000000 00000000 00000000 00000000 00000000 00000000 00000000 00000000 3a91e0e8 0000008a 78362493 00000029 00000000 00000000 00000000 00000000 00000100 00000080 00000000 00000000 00000000 00000000 00000000 00000000 00000000 00003333 00004ccd 00002667 00000001 00000000 01c9c380 0000027c
capture_snapshot GLI1 00010000 30000000 2500000 901 0 30000000 0 0 0 0 0 0 0 6dad0b20 00000029 78391edc 00000029 00e101a6 00000000 00e101a6 00000000 0000006a 00000000 00000000 00000000 0a8c18ce 00000000 00e10210 00000000 00000000 00000000 00000000 00000039 008b3199 00000001 00000000 00000001 00000000 00000000 00000000 00000000 00000000 00000000 00000000 00000000 00000000 00000000 00000000 00000000 00000000 00000000 00000000 00000000 3a9bce18 0000008a 78391ef3 00000029 00000000 00000000 00000000 00000000 00000100 00000080 00000000 00000000 00000000 00000000 00000000 00000000 00000000 00003333 00004ccd 00002667 00000001 00000000 01c9c380 0000027c
capture_snapshot GLI1 00010000 30000000 2500000 902 0 30000000 0 0 0 0 0 0 0 6dad0b20 00000029 783c1e4c 00000029 00e1419a 00000000 00e1419a 00000000 0000006a 00000000 00000000 00000000 0a8f1837 00000000 00e14204 00000000 00000000 00000000 00000000 00000039 008b3199 00000001 00000000 00000001 00000000 00000000 00000000 00000000 00000000 00000000 00000000 00000000 00000000 00000000 00000000 00000000 00000000 00000000 00000000 00000000 3aa5cc0c 0000008a 783c1e5c 00000029 00000000 00000000 00000000 00000000 00000101 00000081 00000000 00000000 00000000 00000000 00000000 00000000 00000000 00003333 00004ccd 00002667 00000001 00000000 01c9c380 0000027c
capture_snapshot GLI1 00010000 30000000 2500000 903 0 30000000 0 0 0 0 0 0 0 6dad0b20 00000029 783f1d20 00000029 00e18181 00000000 00e18181 00000000 0000006a 00000000 00000000 00000000 0a921711 00000000 00e181eb 00000000 00000000 00000000 00000000 00000039 008b3199 00000001 00000000 00000001 00000000 00000000 00000000 00000000 00000000 00000000 00000000 00000000 00000000 00000000 00000000 00000000 00000000 00000000 00000000 00000000 3aafc824 0000008a 783f1d36 00000029 00000000 00000000 00000000 00000000 00000101 00000081 00000000 00000000 00000000 00000000 00000000 00000000 00000000 00003333 00004ccd 00002667 00000001 00000000 01c9c380 0000027c
capture_snapshot GLI1 00010000 30000000 2500000 904 0 30000000 0 0 0 0 0 0 0 6dad0b20 00000029 78421e1c 00000029 00e1c196 00000000 00e1c196 00000000 0000006a 00000000 00000000 00000000 0a951809 00000000 00e1c200 00000000 00000000 00000000 00000000 00000039 008b3199 00000001 00000000 00000001 00000000 00000000 00000000 00000000 00000000 00000000 00000000 00000000 00000000 00000000 00000000 00000000 00000000 00000000 00000000 00000000 3ab9cb4c 0000008a 78421e2e 00000029 00000000 00000000 00000000 00000000 00000100 00000080 00000000 00000000 00000000 00000000 00000000 00000000 00000000 00003333 00004ccd 00002667 00000001 00000000 01c9c380 0000027c
capture_snapshot GLI1 00010000 30000000 2500000 905 0 30000000 0 0 0 0 0 0 0 6dad0b20 00000029 78451dc8 00000029 00e2018f 00000000 00e2018f 00000000 0000006a 00000000 00000000 00000000 0a9817ba 00000000 00e201f9 00000000 00000000 00000000 00000000 00000039 008b3199 00000001 00000000 00000001 00000000 00000000 00000000 00000000 00000000 00000000 00000000 00000000 00000000 00000000 00000000 00000000 00000000 00000000 00000000 00000000 3ac3ca31 0000008a 78451ddf 00000029 00000000 00000000 00000000 00000000 00000101 00000081 00000000 00000000 00000000 00000000 00000000 00000000 00000000 00003333 00004ccd 00002667 00000001 00000000 01c9c380 0000027c
capture_snapshot GLI1 00010000 30000000 2500000 906 0 30000000 0 0 0 0 0 0 0 6dad0b20 00000029 78481d5c 00000029 00e24186 00000000 00e24186 00000000 0000006a 00000000 00000000 00000000 0a9b1745 00000000 00e241f0 00000000 00000000 00000000 00000000 00000039 008b3199 00000001 00000000 00000001 00000000 00000000 00000000 00000000 00000000 00000000 00000000 00000000 00000000 00000000 00000000 00000000 00000000 00000000 00000000 00000000 3acdc898 0000008a 78481d6a 00000029 00000000 00000000 00000000 00000000 00000100 00000080 00000000 00000000 00000000 00000000 00000000 00000000 00000000 00003333 00004ccd 00002667 00000001 00000000 01c9c380 0000027c
capture_snapshot GLI1 00010000 30000000 2500000 907 0 30000000 0 0 0 0 0 0 0 6dad0b20 00000029 784b1e04 00000029 00e28194 00000000 00e28194 00000000 0000006a 00000000 00000000 00000000 0a9e17f6 00000000 00e281fe 00000000 00000000 00000000 00000000 00000039 008b3199 00000001 00000000 00000001 00000000 00000000 00000000 00000000 00000000 00000000 00000000 00000000 00000000 00000000 00000000 00000000 00000000 00000000 00000000 00000000 3ad7cad0 0000008a 784b1e1b 00000029 00000000 00000000 00000000 00000000 00000100 00000080 00000000 00000000 00000000 00000000 00000000 00000000 00000000 00003333 00004ccd 00002667 00000001 00000000 01c9c380 0000027c
capture_snapshot GLI1 00010000 30000000 2500000 908 0 30000000 0 0 0 0 0 0 0 6dad0b20 00000029 784e1e1c 00000029 00e2c196 00000000 00e2c196 00000000 0000006a 00000000 00000000 00000000 0aa1180e 00000000 00e2c200 00000000 00000000 00000000 00000000 00000039 008b3199 00000001 00000000 00000001 00000000 00000000 00000000 00000000 00000000 00000000 00000000 00000000 00000000 00000000 00000000 00000000 00000000 00000000 00000000 00000000 3ae1cb0d 0000008a 784e1e33 00000029 00000000 00000000 00000000 00000000 00000101 00000080 00000000 00000000 00000000 00000000 00000000 00000000 00000000 00003333 00004ccd 00002667 00000001 00000000 01c9c380 0000027c
capture_snapshot GLI1 00010000 30000000 2500000 909 0 30000000 0 0 0 0 0 0 0 6dad0b20 00000029 78511d80 00000029 00e30189 00000000 00e30189 00000000 0000006a 00000000 00000000 00000000 0aa4176c 00000000 00e301f3 00000000 00000000 00000000 00000000 00000039 008b3199 00000001 00000000 00000001 00000000 00000000 00000000 00000000 00000000 00000000 00000000 00000000 00000000 00000000 00000000 00000000 00000000 00000000 00000000 00000000 3aebc8df 0000008a 78511d91 00000029 00000000 00000000 00000000 00000000 00000101 00000080 00000000 00000000 00000000 00000000 00000000 00000000 00000000 00003333 00004ccd 00002667 00000001 00000000 01c9c380 0000027c
capture_snapshot GLI1 00010000 30000000 2500000 910 0 30000000 0 0 0 0 0 0 0 6dad0b20 00000029 78541e7c 00000029 00e3419e 00000000 00e3419e 00000000 0000006a 00000000 00000000 00000000 0aa7186c 00000000 00e34208 00000000 00000000 00000000 00000000 00000039 008b3199 00000001 00000000 00000001 00000000 00000000 00000000 00000000 00000000 00000000 00000000 00000000 00000000 00000000 00000000 00000000 00000000 00000000 00000000 00000000 3af5cc1f 0000008a 78541e91 00000029 00000000 00000000 00000000 00000000 00000100 00000080 00000000 00000000 00000000 00000000 00000000 00000000 00000000 00003333 00004ccd 00002667 00000001 00000000 01c9c380 0000027c
capture_snapshot GLI1 00010000 30000000 2500000 911 0 30000000 0 0 0 0 0 0 0 6dad0b20 00000029 78571dec 00000029 00e38192 00000000 00e38192 00000000 0000006a 00000000 00000000 00000000 0aaa17d9 00000000 00e381fc 00000000 00000000 00000000 00000000 00000039 008b3199 00000001 00000000 00000001 00000000 00000000 00000000 00000000 00000000 00000000 00000000 00000000 00000000 00000000 00000000 00000000 00000000 00000000 00000000 00000000 3affca21 0000008a 78571dfe 00000029 00000000 00000000 00000000 00000000 00000100 00000080 00000000 00000000 00000000 00000000 00000000 00000000 00000000 00003333 00004ccd 00002667 00000001 00000000 01c9c380 0000027c
capture_snapshot GLI1 00010000 30000000 2500000 912 0 30000000 0 0 0 0 0 0 0 6dad0b20 00000029 785a1d50 00000029 00e3c185 00000000 00e3c185 00000000 0000006a 00000000 00000000 00000000 0aad1742 00000000 00e3c1ef 00000000 00000000 00000000 00000000 00000039 008b3199 00000001 00000000 00000001 00000000 00000000 00000000 00000000 00000000 00000000 00000000 00000000 00000000 00000000 00000000 00000000 00000000 00000000 00000000 00000000 3b09c817 0000008a 785a1d67 00000029 00000000 00000000 00000000 00000000 00000101 00000080 00000000 00000000 00000000 00000000 00000000 00000000 00000000 00003333 00004ccd 00002667 00000001 00000000 01c9c380 0000027c
capture_snapshot GLI1 00010000 30000000 2500000 913 0 30000000 0 0 0 0 0 0 0 6dad0b20 00000029 785d1e04 00000029 00e40194 00000000 00e40194 00000000 0000006a 00000000 00000000 00000000 0ab017f1 00000000 00e401fe 00000000 00000000 00000000 00000000 00000039 008b3199 00000001 00000000 00000001 00000000 00000000 00000000 00000000 00000000 00000000 00000000 00000000 00000000 00000000 00000000 00000000 00000000 00000000 00000000 00000000 3b13ca4d 0000008a 785d1e16 00000029 00000000 00000000 00000000 00000000 00000100 00000080 00000000 00000000 00000000 00000000 00000000 00000000 00000000 00003333 00004ccd 00002667 00000001 00000000 01c9c380 0000027c
capture_snapshot GLI1 00010000 30000000 2500000 914 0 30000000 0 0 0 0 0 0 0 6dad0b20 00000029 78601e34 00000029 00e44198 00000000 00e44198 00000000 0000006a 00000000 00000000 00000000 0ab31824 00000000 00e44202 00000000 00000000 00000000 00000000 00000039 008b3199 00000001 00000000 00000001 00000000 00000000 00000000 00000000 00000000 00000000 00000000 00000000 00000000 00000000 00000000 00000000 00000000 00000000 00000000 00000000 3b1dcae1 0000008a 78601e49 00000029 00000000 00000000 00000000 00000000 00000100 00000080 00000000 00000000 00000000 00000000 00000000 00000000 00000000 00003333 00004ccd 00002667 00000001 00000000 01c9c380 0000027c
capture_snapshot GLI1 00010000 30000000 2500000 915 0 30000000 0 0 0 0 0 0 0 6dad0b20 00000029 78631d98 00000029 00e4818b 00000000 00e4818b 00000000 0000006a 00000000 00000000 00000000 0ab61782 00000000 00e481f5 00000000 00000000 00000000 00000000 00000039 008b3199 00000001 00000000 00000001 00000000 00000000 00000000 00000000 00000000 00000000 00000000 00000000 00000000 00000000 00000000 00000000 00000000 00000000 00000000 00000000 3b27c8b5 0000008a 78631da7 00000029 00000000 00000000 00000000 00000000 00000100 00000080 00000000 00000000 00000000 00000000 00000000 00000000 00000000 00003333 00004ccd 00002667 00000001 00000000 01c9c380 0000027c
capture_snapshot GLI1 00010000 30000000 2500000 916 0 30000000 0 0 0 0 0 0 0 6dad0b20 00000029 78661e1c 00000029 00e4c196 00000000 00e4c196 00000000 0000006a 00000000 00000000 00000000 0ab91809 00000000 00e4c200 00000000 00000000 00000000 00000000 00000039 008b3199 00000001 00000000 00000001 00000000 00000000 00000000 00000000 00000000 00000000 00000000 00000000 00000000 00000000 00000000 00000000 00000000 00000000 00000000 00000000 3b31ca61 0000008a 78661e2e 00000029 00000000 00000000 00000000 00000000 00000101 00000081 00000000 00000000 00000000 00000000 00000000 00000000 00000000 00003333 00004ccd 00002667 00000001 00000000 01c9c380 0000027c
capture_snapshot GLI1 00010000 30000000 2500000 917 0 30000000 0 0 0 0 0 0 0 6dad0b20 00000029 78691e04 00000029 00e50194 00000000 00e50194 00000000 0000006a 00000000 00000000 00000000 0abc17ee 00000000 00e501fe 00000000 00000000 00000000 00000000 00000039 008b3199 00000001 00000000 00000001 00000000 00000000 00000000 00000000 00000000 00000000 00000000 00000000 00000000 00000000 00000000 00000000 00000000 00000000 00000000 00000000 3b3bc9f5 0000008a 78691e13 00000029 00000000 00000000 00000000 00000000 00000100 00000081 00000000 00000000 00000000 00000000 00000000 00000000 00000000 00003333 00004ccd 00002667 00000001 00000000 01c9c380 0000027c
capture_snapshot GLI1 00010000 30000000 2500000 918 0 30000000 0 0 0 0 0 0 0 6dad0b20 00000029 786c1d2c 00000029 00e54182 00000000 00e54182 00000000 0000006a 00000000 00000000 00000000 0abf171c 00000000 00e541ec 00000000 00000000 00000000 00000000 00000039 008b3199 00000001 00000000 00000001 00000000 00000000 00000000 00000000 00000000 00000000 00000000 00000000 00000000 00000000 00000000 00000000 00000000 00000000 00000000 00000000 3b45c725 0000008a 786c1d41 00000029 00000000 00000000 00000000 00000000 00000101 00000081 00000000 00000000 00000000 00000000 00000000 00000000 00000000 00003333 00004ccd 00002667 00000001 00000000 01c9c380 0000027c
capture_snapshot GLI1 00010000 30000000 2500000 919 0 30000000 0 0 0 0 0 0 0 6dad0b20 00000029 786f1db0 00000029 00e5818d 00000000 00e5818d 00000000 0000006a 00000000 00000000 00000000 0ac217a0 00000000 00e581f7 00000000 00000000 00000000 00000000 00000039 008b3199 00000001 00000000 00000001 00000000 00000000 00000000 00000000 00000000 00000000 00000000 00000000 00000000 00000000 00000000 00000000 00000000 00000000 00000000 00000000 3b4fc8ca 0000008a 786f1dc5 00000029 00000000 00000000 00000000 00000000 00000100 00000080 00000000 00000000 00000000 00000000 00000000 00000000 00000000 00003333 00004ccd 00002667 00000001 00000000 01c9c380 0000027c
capture_snapshot GLI1 00010000 30000000 2500000 920 0 30000000 0 0 0 0 0 0 0 6dad0b20 00000029 78721dbc 00000029 00e5c18e 00000000 00e5c18e 00000000 0000006a 00000000 00000000 00000000 0ac517aa 00000000 00e5c1f8 00000000 00000000 00000000 00000000 00000039 008b3199 00000001 00000000 00000001 00000000 00000000 00000000 00000000 00000000 00000000 00000000 00000000 00000000 00000000 00000000 00000000 00000000 00000000 00000000 00000000 3b59c8d8 0000008a 78721dcf 00000029 00000000 00000000 00000000 00000000 00000100 00000081 00000000 00000000 00000000 00000000 00000000 00000000 00000000 00003333 00004ccd 00002667 00000001 00000000 01c9c380 0000027c
capture_snapshot GLI1 00010000 30000000 2500000 921 0 30000000 0 0 0 0 0 0 0 6dad0b20 00000029 78751d20 00000029 00e60181 00000000 00e60181 00000000 0000006a 00000000 00000000 00000000 0ac8170d 00000000 00e601eb 00000000 00000000 00000000 00000000 00000039 008b3199 00000001 00000000 00000001 00000000 00000000 00000000 00000000 00000000 00000000 00000000 00000000 00000000 00000000 00000000 00000000 00000000 00000000 00000000 00000000 3b63c6b9 0000008a 78751d32 00000029 00000000 00000000 00000000 00000000 00000100 00000080 00000000 00000000 00000000 00000000 00000000 00000000 00000000 00003333 00004ccd 00002667 00000001 00000000 01c9c380 0000027c
capture_snapshot GLI1 00010000 30000000 2500000 922 0 30000000 0 0 0 0 0 0 0 6dad0b20 00000029 78781e64 00000029 00e6419c 00000000 00e6419c 00000000 0000006a 00000000 00000000 00000000 0acb1858 00000000 00e64206 00000000 00000000 00000000 00000000 00000039 008b3199 00000001 00000000 00000001 00000000 00000000 00000000 00000000 00000000 00000000 00000000 00000000 00000000 00000000 00000000 00000000 00000000 00000000 00000000 00000000 3b6dcaf3 0000008a 78781e7d 00000029 00000000 00000000 00000000 00000000 00000101 00000080 00000000 00000000 00000000 00000000 00000000 00000000 00000000 00003333 00004ccd 00002667 00000001 00000000 01c9c380 0000027c
capture_snapshot GLI1 00010000 30000000 2500000 923 0 30000000 0 0 0 0 0 0 0 6dad0b20 00000029 787b1dc8 00000029 00e6818f 00000000 00e6818f 00000000 0000006a 00000000 00000000 00000000 0ace17bb 00000000 00e681f9 00000000 00000000 00000000 00000000 00000039 008b3199 00000001 00000000 00000001 00000000 00000000 00000000 00000000 00000000 00000000 00000000 00000000 00000000 00000000 00000000 00000000 00000000 00000000 00000000 00000000 3b77c8d6 0000008a 787b1de0 00000029 00000000 00000000 00000000 00000000 00000100 00000081 00000000 00000000 00000000 00000000 00000000 00000000 00000000 00003333 00004ccd 00002667 00000001 00000000 01c9c380 0000027c
capture_snapshot GLI1 00010000 30000000 2500000 924 0 30000000 0 0 0 0 0 0 0 6dad0b20 00000029 787e1dec 00000029 00e6c192 00000000 00e6c192 00000000 0000006a 00000000 00000000 00000000 0ad117d9 00000000 00e6c1fc 00000000 00000000 00000000 00000000 00000039 008b3199 00000001 00000000 00000001 00000000 00000000 00000000 00000000 00000000 00000000 00000000 00000000 00000000 00000000 00000000 00000000 00000000 00000000 00000000 00000000 3b81c925 0000008a 787e1dfe 00000029 00000000 00000000 00000000 00000000 00000101 00000080 00000000 00000000 00000000 00000000 00000000 00000000 00000000 00003333 00004ccd 00002667 00000001 00000000 01c9c380 0000027c
capture_snapshot GLI1 00010000 30000000 2500000 925 0 30000000 0 0 0 0 0 0 0 6dad0b20 00000029 78811df8 00000029 00e70193 00000000 00e70193 00000000 0000006a 00000000 00000000 00000000 0ad417ea 00000000 00e701fd 00000000 00000000 00000000 00000000 00000039 008b3199 00000001 00000000 00000001 00000000 00000000 00000000 00000000 00000000 00000000 00000000 00000000 00000000 00000000 00000000 00000000 00000000 00000000 00000000 00000000 3b8bc94c 0000008a 78811e0f 00000029 00000000 00000000 00000000 00000000 00000100 00000081 00000000 00000000 00000000 00000000 00000000 00000000 00000000 00003333 00004ccd 00002667 00000001 00000000 01c9c380 0000027c
capture_snapshot GLI1 00010000 30000000 2500000 926 0 30000000 0 0 0 0 0 0 0 6dad0b20 00000029 78842314 00000029 00e74200 00000000 00e74200 00000000 0000006a 00000000 00000000 00000000 0ad71d07 00000000 00e7426a 00000000 00000000 00000000 00000000 00000039 008b3199 00000001 00000000 00000001 00000000 00000000 00000000 00000000 00000000 00000000 00000000 00000000 00000000 00000000 00000000 00000000 00000000 00000000 00000000 00000000 3b95da42 0000008a 7884232c 00000029 00000000 00000000 00000000 00000000 00000101 00000080 00000000 00000000 00000000 00000000 00000000 00000000 00000000 00003333 00004ccd 00002667 00000001 00000000 01c9c380 0000027c
capture_snapshot GLI1 00010000 30000000 2500000 927 0 30000000 0 0 0 0 0 0 0 6dad0b20 00000029 78871d98 00000029 00e7818b 00000000 00e7818b 00000000 0000006a 00000000 00000000 00000000 0ada178b 00000000 00e781f5 00000000 00000000 00000000 00000000 00000039 008b3199 00000001 00000000 00000001 00000000 00000000 00000000 00000000 00000000 00000000 00000000 00000000 00000000 00000000 00000000 00000000 00000000 00000000 00000000 00000000 3b9fc7e8 0000008a 78871db0 00000029 00000000 00000000 00000000 00000000 00000101 00000081 00000000 00000000 00000000 00000000 00000000 00000000 00000000 00003333 00004ccd 00002667 00000001 00000000 01c9c380 0000027c
capture_snapshot GLI1 00010000 30000000 2500000 928 0 30000000 0 0 0 0 0 0 0 6dad0b20 00000029 788a1df8 00000029 00e7c193 00000000 00e7c193 00000000 0000006a 00000000 00000000 00000000 0add17e1 00000000 00e7c1fd 00000000 00000000 00000000 00000000 00000039 008b3199 00000001 00000000 00000001 00000000 00000000 00000000 00000000 00000000 00000000 00000000 00000000 00000000 00000000 00000000 00000000 00000000 00000000 00000000 00000000 3ba9c8f4 0000008a 788a1e06 00000029 00000000 00000000 00000000 00000000 00000100 00000080 00000000 00000000 00000000 00000000 00000000 00000000 00000000 00003333 00004ccd 00002667 00000001 00000000 01c9c380 0000027c
capture_snapshot GLI1 00010000 30000000 2500000 929 0 30000000 0 0 0 0 0 0 0 6dad0b20 00000029 788d1d98 00000029 00e8018b 00000000 00e8018b 00000000 0000006a 00000000 00000000 00000000 0ae0178b 00000000 00e801f5 00000000 00000000 00000000 00000000 00000039 008b3199 00000001 00000000 00000001 00000000 00000000 00000000 00000000 00000000 00000000 00000000 00000000 00000000 00000000 00000000 00000000 00000000 00000000 00000000 00000000 3bb3c7c0 0000008a 788d1db0 00000029 00000000 00000000 00000000 00000000 00000101 00000081 00000000 00000000 00000000 00000000 00000000 00000000 00000000 00003333 00004ccd 00002667 00000001 00000000 01c9c380 0000027c
capture_snapshot GLI1 00010000 30000000 2500000 930 0 30000000 0 0 0 0 0 0 0 6dad0b20 00000029 78901e28 00000029 00e84197 00000000 00e84197 00000000 0000006a 00000000 00000000 00000000 0ae31818 00000000 00e84201 00000000 00000000 00000000 00000000 00000039 008b3199 00000001 00000000 00000001 00000000 00000000 00000000 00000000 00000000 00000000 00000000 00000000 00000000 00000000 00000000 00000000 00000000 00000000 00000000 00000000 3bbdc984 0000008a 78901e3d 00000029 00000000 00000000 00000000 00000000 00000100 00000080 00000000 00000000 00000000 00000000 00000000 00000000 00000000 00003333 00004ccd 00002667 00000001 00000000 01c9c380 0000027c
capture_snapshot GLI1 00010000 30000000 2500000 931 0 30000000 0 0 0 0 0 0 0 6dad0b20 00000029 78931d98 00000029 00e8818b 00000000 00e8818a 00000000 0000006a 00000000 00000000 00000000 0ae61781 00000000 00e881f5 00000000 00000000 00000000 00000000 0000003b 008b3199 00000001 00000001 00000001 00000000 00000000 00000000 00000000 00000000 00000000 00000000 00000000 00000000 00000000 00000000 00000000 00000000 00000000 00000000 00000000 3bc7c779 0000008a 78931da6 00000029 00000000 00000000 00000000 00000000 00000100 00000080 00000000 00000000 00000000 00000000 00000000 00000000 00000000 00003333 00004ccd 00002667 00000001 00000000 01c9c380 0000027c
capture_snapshot GLI1 00010000 30000000 2500000 932 0 30000000 0 0 0 0 0 0 0 6dad0b20 00000029 78961da4 00000029 00e8c18c 00000000 00e8c18c 00000000 0000006a 00000000 00000000 00000000 0ae91794 00000000 00e8c1f6 00000000 00000000 00000000 00000000 00000039 008b3199 00000001 00000000 00000001 00000000 00000000 00000000 00000000 00000000 00000000 00000000 00000000 00000000 00000000 00000000 00000000 00000000 00000000 00000000 00000000 3bd1c7a4 0000008a 78961db9 00000029 00000000 00000000 00000000 00000000 00000101 00000081 00000000 00000000 00000000 00000000 00000000 00000000 00000000 00003333 00004ccd 00002667 00000001 00000000 01c9c380 0000027c
capture_snapshot GLI1 00010000 30000000 2500000 933 0 30000000 0 0 0 0 0 0 0 6dad0b20 00000029 78991d80 00000029 00e90189 00000000 00e90189 00000000 0000006a 00000000 00000000 00000000 0aec1775 00000000 00e901f3 00000000 00000000 00000000 00000000 00000039 008b3199 00000001 00000000 00000001 00000000 00000000 00000000 00000000 00000000 00000000 00000000 00000000 00000000 00000000 00000000 00000000 00000000 00000000 00000000 00000000 3bdbc729 0000008a 78991d9a 00000029 00000000 00000000 00000000 00000000 00000101 00000081 00000000 00000000 00000000 00000000 00000000 00000000 00000000 00003333 00004ccd 00002667 00000001 00000000 01c9c380 0000027c
capture_snapshot GLI1 00010000 30000000 2500000 934 0 30000000 0 0 0 0 0 0 0 6dad0b20 00000029 789c1d68 00000029 00e94187 00000000 00e94187 00000000 0000006a 00000000 00000000 00000000 0aef1752 00000000 00e941f1 00000000 00000000 00000000 00000000 00000039 008b3199 00000001 00000000 00000001 00000000 00000000 00000000 00000000 00000000 00000000 00000000 00000000 00000000 00000000 00000000 00000000 00000000 00000000 00000000 00000000 3be5c6a3 0000008a 789c1d77 00000029 00000000 00000000 00000000 00000000 00000100 00000080 00000000 00000000 00000000 00000000 00000000 00000000 00000000 00003333 00004ccd 00002667 00000001 00000000 01c9c380 0000027c
capture_snapshot GLI1 00010000 30000000 2500000 935 0 30000000 0 0 0 0 0 0 0 6dad0b20 00000029 789f1d5c 00000029 00e98186 00000000 00e98186 00000000 0000006a 00000000 00000000 00000000 0af2174b 00000000 00e981f0 00000000 00000000 00000000 00000000 00000039 008b3199 00000001 00000000 00000001 00000000 00000000 00000000 00000000 00000000 00000000 00000000 00000000 00000000 00000000 00000000 00000000 00000000 00000000 00000000 00000000 3befc678 0000008a 789f1d70 00000029 00000000 00000000 00000000 00000000 00000100 00000080 00000000 00000000 00000000 00000000 00000000 00000000 00000000 00003333 00004ccd 00002667 00000001 00000000 01c9c380 0000027c
capture_snapshot GLI1 00010000 30000000 2500000 936 0 30000000 0 0 0 0 0 0 0 6dad0b20 00000029 78a21e04 00000029 00e9c194 00000000 00e9c194 00000000 0000006a 00000000 00000000 00000000 0af517f2 00000000 00e9c1fe 00000000 00000000 00000000 00000000 00000039 008b3199 00000001 00000000 00000001 00000000 00000000 00000000 00000000 00000000 00000000 00000000 00000000 00000000 00000000 00000000 00000000 00000000 00000000 00000000 00000000 3bf9c88e 0000008a 78a21e17 00000029 00000000 00000000 00000000 00000000 00000100 00000080 00000000 00000000 00000000 00000000 00000000 00000000 00000000 00003333 00004ccd 00002667 00000001 00000000 01c9c380 0000027c
capture_snapshot GLI1 00010000 30000000 2500000 937 0 30000000 0 0 0 0 0 0 0 6dad0b20 00000029 78a51db0 00000029 00ea018d 00000000 00ea018d 00000000 0000006a 00000000 00000000 00000000 0af8179f 00000000 00ea01f7 00000000 00000000 00000000 00000000 00000039 008b3199 00000001 00000000 00000001 00000000 00000000 00000000 00000000 00000000 00000000 00000000 00000000 00000000 00000000 00000000 00000000 00000000 00000000 00000000 00000000 3c03c769 0000008a 78a51dc4 00000029 00000000 00000000 00000000 00000000 00000100 00000080 00000000 00000000 00000000 00000000 00000000 00000000 00000000 00003333 00004ccd 00002667 00000001 00000000 01c9c380 0000027c
capture_snapshot GLI1 00010000 30000000 2500000 938 0 30000000 0 0 0 0 0 0 0 6dad0b20 00000029 78a81d68 00000029 00ea4187 00000000 00ea4187 00000000 0000006a 00000000 00000000 00000000 0afb1757 00000000 00ea41f1 00000000 00000000 00000000 00000000 00000039 008b3199 00000001 00000000 00000001 00000000 00000000 00000000 00000000 00000000 00000000 00000000 00000000 00000000 00000000 00000000 00000000 00000000 00000000 00000000 00000000 3c0dc665 0000008a 78a81d7c 00000029 00000000 00000000 00000000 00000000 00000100 00000080 00000000 00000000 00000000 00000000 00000000 00000000 00000000 00003333 00004ccd 00002667 00000001 00000000 01c9c380 0000027c
capture_snapshot GLI1 00010000 30000000 2500000 939 0 30000000 0 0 0 0 0 0 0 6dad0b20 00000029 78ab1df8 00000029 00ea8193 00000000 00ea8193 00000000 0000006a 00000000 00000000 00000000 0afe17e7 00000000 00ea81fd 00000000 00000000 00000000 00000000 00000039 008b3199 00000001 00000000 00000001 00000000 00000000 00000000 00000000 00000000 00000000 00000000 00000000 00000000 00000000 00000000 00000000 00000000 00000000 00000000 00000000 3c17c831 0000008a 78ab1e0c 00000029 00000000 00000000 00000000 00000000 00000101 00000081 00000000 00000000 00000000 00000000 00000000 00000000 00000000 00003333 00004ccd 00002667 00000001 00000000 01c9c380 0000027c
capture_snapshot GLI1 00010000 30000000 2500000 940 0 30000000 0 0 0 0 0 0 0 6dad0b20 00000029 78ae1dd4 00000029 00eac190 00000000 00eac190 00000000 0000006a 00000000 00000000 00000000 0b0117bf 00000000 00eac1fa 00000000 00000000 00000000 00000000 00000039 008b3199 00000001 00000000 00000001 00000000 00000000 00000000 00000000 00000000 00000000 00000000 00000000 00000000 00000000 00000000 00000000 00000000 00000000 00000000 00000000 3c21c798 0000008a 78ae1de4 00000029 00000000 00000000 00000000 00000000 00000101 00000081 00000000 00000000 00000000 00000000 00000000 00000000 00000000 00003333 00004ccd 00002667 00000001 00000000 01c9c380 0000027c
capture_snapshot GLI1 00010000 30000000 2500000 941 0 30000000 0 0 0 0 0 0 0 6dad0b20 00000029 78b11d68 00000029 00eb0187 00000000 00eb0187 00000000 0000006a 00000000 00000000 00000000 0b04175a 00000000 00eb01f1 00000000 00000000 00000000 00000000 00000039 008b3199 00000001 00000000 00000001 00000000 00000000 00000000 00000000 00000000 00000000 00000000 00000000 00000000 00000000 00000000 00000000 00000000 00000000 00000000 00000000 3c2bc633 0000008a 78b11d7f 00000029 00000000 00000000 00000000 00000000 00000101 00000081 00000000 00000000 00000000 00000000 00000000 00000000 00000000 00003333 00004ccd 00002667 00000001 00000000 01c9c380 0000027c
capture_snapshot GLI1 00010000 30000000 2500000 942 0 30000000 0 0 0 0 0 0 0 6dad0b20 00000029 78b41db0 00000029 00eb418d 00000000 00eb418d 00000000 0000006a 00000000 00000000 00000000 0b07179c 00000000 00eb41f7 00000000 00000000 00000000 00000000 00000039 008b3199 00000001 00000000 00000001 00000000 00000000 00000000 00000000 00000000 00000000 00000000 00000000 00000000 00000000 00000000 00000000 00000000 00000000 00000000 00000000 3c35c6fc 0000008a 78b41dc1 00000029 00000000 00000000 00000000 00000000 00000101 00000081 00000000 00000000 00000000 00000000 00000000 00000000 00000000 00003333 00004ccd 00002667 00000001 00000000 01c9c380 0000027c
capture_snapshot GLI1 00010000 30000000 2500000 943 0 30000000 0 0 0 0 0 0 0 6dad0b20 00000029 78b71dbc 00000029 00eb818e 00000000 00eb818e 00000000 0000006a 00000000 00000000 00000000 0b0a17a6 00000000 00eb81f8 00000000 00000000 00000000 00000000 00000039 008b3199 00000001 00000000 00000001 00000000 00000000 00000000 00000000 00000000 00000000 00000000 00000000 00000000 00000000 00000000 00000000 00000000 00000000 00000000 00000000 3c3fc70b 0000008a 78b71dcb 00000029 00000000 00000000 00000000 00000000 00000100 00000081 00000000 00000000 00000000 00000000 00000000 00000000 00000000 00003333 00004ccd 00002667 00000001 00000000 01c9c380 0000027c
capture_snapshot GLI1 00010000 30000000 2500000 944 0 30000000 0 0 0 0 0 0 0 6dad0b20 00000029 78ba1d5c 00000029 00ebc186 00000000 00ebc185 00000000 0000006a 00000000 00000000 00000000 0b0d1745 00000000 00ebc1f0 00000000 00000000 00000000 00000000 0000003b 008b3199 00000001 00000001 00000001 00000000 00000000 00000000 00000000 00000000 00000000 00000000 00000000 00000000 00000000 00000000 00000000 00000000 00000000 00000000 00000000 3c49c5b4 0000008a 78ba1d6a 00000029 00000000 00000000 00000000 00000000 00000100 00000080 00000000 00000000 00000000 00000000 00000000 00000000 00000000 00003333 00004ccd 00002667 00000001 00000000 01c9c380 0000027c
capture_snapshot GLI1 00010000 30000000 2500000 945 0 30000000 0 0 0 0 0 0 0 6dad0b20 00000029 78bd1e10 00000029 00ec0195 00000000 00ec0195 00000000 0000006a 00000000 00000000 00000000 0b1017f9 00000000 00ec01ff 00000000 00000000 00000000 00000000 00000039 008b3199 00000001 00000000 00000001 00000000 00000000 00000000 00000000 00000000 00000000 00000000 00000000 00000000 00000000 00000000 00000000 00000000 00000000 00000000 00000000 3c53c7f9 0000008a 78bd1e1e 00000029 00000000 00000000 00000000 00000000 00000100 00000080 00000000 00000000 00000000 00000000 00000000 00000000 00000000 00003333 00004ccd 00002667 00000001 00000000 01c9c380 0000027c
capture_snapshot GLI1 00010000 30000000 2500000 946 0 30000000 0 0 0 0 0 0 0 6dad0b20 00000029 78c01dc8 00000029 00ec418f 00000000 00ec418f 00000000 0000006a 00000000 00000000 00000000 0b1317b2 00000000 00ec41f9 00000000 00000000 00000000 00000000 00000039 008b3199 00000001 00000000 00000001 00000000 00000000 00000000 00000000 00000000 00000000 00000000 00000000 00000000 00000000 00000000 00000000 00000000 00000000 00000000 00000000 3c5dc6f7 0000008a 78c01dd7 00000029 00000000 00000000 00000000 00000000 00000101 00000081 00000000 00000000 00000000 00000000 00000000 00000000 00000000 00003333 00004ccd 00002667 00000001 00000000 01c9c380 0000027c
capture_snapshot GLI1 00010000 30000000 2500000 947 0 30000000 0 0 0 0 0 0 0 6dad0b20 00000029 78c31d44 00000029 00ec8184 00000000 00ec8184 00000000 0000006a 00000000 00000000 00000000 0b161736 00000000 00ec81ee 00000000 00000000 00000000 00000000 00000039 008b3199 00000001 00000000 00000001 00000000 00000000 00000000 00000000 00000000 00000000 00000000 00000000 00000000 00000000 00000000 00000000 00000000 00000000 00000000 00000000 3c67c546 0000008a 78c31d5b 00000029 00000000 00000000 00000000 00000000 00000101 00000080 00000000 00000000 00000000 00000000 00000000 00000000 00000000 00003333 00004ccd 00002667 00000001 00000000 01c9c380 0000027c
capture_snapshot GLI1 00010000 30000000 2500000 948 0 30000000 0 0 0 0 0 0 0 6dad0b20 00000029 78c61da4 00000029 00ecc18c 00000000 00ecc18c 00000000 0000006a 00000000 00000000 00000000 0b191796 00000000 00ecc1f6 00000000 00000000 00000000 00000000 00000039 008b3199 00000001 00000000 00000001 00000000 00000000 00000000 00000000 00000000 00000000 00000000 00000000 00000000 00000000 00000000 00000000 00000000 00000000 00000000 00000000 3c71c674 0000008a 78c61dbb 00000029 00000000 00000000 00000000 00000000 00000101 00000081 00000000 00000000 00000000 00000000 00000000 00000000 00000000 00003333 00004ccd 00002667 00000001 00000000 01c9c380 0000027c
capture_snapshot GLI1 00010000 30000000 2500000 949 0 30000000 0 0 0 0 0 0 0 6dad0b20 00000029 78c91e1c 00000029 00ed0196 00000000 00ed0196 00000000 0000006a 00000000 00000000 00000000 0b1c1811 00000000 00ed0200 00000000 00000000 00000000 00000000 00000039 008b3199 00000001 00000000 00000001 00000000 00000000 00000000 00000000 00000000 00000000 00000000 00000000 00000000 00000000 00000000 00000000 00000000 00000000 00000000 00000000 3c7bc7f9 0000008a 78c91e36 00000029 00000000 00000000 00000000 00000000 00000101 00000080 00000000 00000000 00000000 00000000 00000000 00000000 00000000 00003333 00004ccd 00002667 00000001 00000000 01c9c380 0000027c
capture_snapshot GLI1 00010000 30000000 2500000 950 0 30000000 0 0 0 0 0 0 0 6dad0b20 00000029 78cc1dd4 00000029 00ed4190 00000000 00ed418f 00000000 0000006a 00000000 00000000 00000000 0b1f17bd 00000000 00ed41fa 00000000 00000000 00000000 00000000 0000003b 008b3199 00000001 00000001 00000001 00000000 00000000 00000000 00000000 00000000 00000000 00000000 00000000 00000000 00000000 00000000 00000000 00000000 00000000 00000000 00000000 3c85c6cf 0000008a 78cc1de2 00000029 00000000 00000000 00000000 00000000 00000101 00000080 00000000 00000000 00000000 00000000 00000000 00000000 00000000 00003333 00004ccd 00002667 00000001 00000000 01c9c380 0000027c
capture_snapshot GLI1 00010000 30000000 2500000 951 0 30000000 0 0 0 0 0 0 0 6dad0b20 00000029 78cf1de0 00000029 00ed8191 00000000 00ed8191 00000000 0000006a 00000000 00000000 00000000 0b2217cb 00000000 00ed81fb 00000000 00000000 00000000 00000000 00000039 008b3199 00000001 00000000 00000001 00000000 00000000 00000000 00000000 00000000 00000000 00000000 00000000 00000000 00000000 00000000 00000000 00000000 00000000 00000000 00000000 3c8fc6eb 0000008a 78cf1df0 00000029 00000000 00000000 00000000 00000000 00000100 00000080 00000000 00000000 00000000 00000000 00000000 00000000 00000000 00003333 00004ccd 00002667 00000001 00000000 01c9c380 0000027c
capture_snapshot GLI1 00010000 30000000 2500000 952 0 30000000 0 0 0 0 0 0 0 6dad0b20 00000029 78d21e4c 00000029 00edc19a 00000000 00edc19a 00000000 0000006a 00000000 00000000 00000000 0b25183e 00000000 00edc204 00000000 00000000 00000000 00000000 00000039 008b3199 00000001 00000000 00000001 00000000 00000000 00000000 00000000 00000000 00000000 00000000 00000000 00000000 00000000 00000000 00000000 00000000 00000000 00000000 00000000 3c99c855 0000008a 78d21e63 00000029 00000000 00000000 00000000 00000000 00000101 00000081 00000000 00000000 00000000 00000000 00000000 00000000 00000000 00003333 00004ccd 00002667 00000001 00000000 01c9c380 0000027c
capture_snapshot GLI1 00010000 30000000 2500000 953 0 30000000 0 0 0 0 0 0 0 6dad0b20 00000029 78d51d68 00000029 00ee0187 00000000 00ee0187 00000000 0000006a 00000000 00000000 00000000 0b28175d 00000000 00ee01f1 00000000 00000000 00000000 00000000 00000039 008b3199 00000001 00000000 00000001 00000000 00000000 00000000 00000000 00000000 00000000 00000000 00000000 00000000 00000000 00000000 00000000 00000000 00000000 00000000 00000000 3ca3c554 0000008a 78d51d82 00000029 00000000 00000000 00000000 00000000 00000101 00000081 00000000 00000000 00000000 00000000 00000000 00000000 00000000 00003333 00004ccd 00002667 00000001 00000000 01c9c380 0000027c
capture_snapshot GLI1 00010000 30000000 2500000 954 0 30000000 0 0 0 0 0 0 0 6dad0b20 00000029 78d81de0 00000029 00ee4191 00000000 00ee4190 00000000 0000006a 00000000 00000000 00000000 0b2b17c9 00000000 00ee41fb 00000000 00000000 00000000 00000000 0000003b 008b3199 00000001 00000001 00000001 00000000 00000000 00000000 00000000 00000000 00000000 00000000 00000000 00000000 00000000 00000000 00000000 00000000 00000000 00000000 00000000 3cadc6a9 0000008a 78d81dee 00000029 00000000 00000000 00000000 00000000 00000101 00000080 00000000 00000000 00000000 00000000 00000000 00000000 00000000 00003333 00004ccd 00002667 00000001 00000000 01c9c380 0000027c
capture_snapshot GLI1 00010000 30000000 2500000 955 0 30000000 0 0 0 0 0 0 0 6dad0b20 00000029 78db1fd8 00000029 00ee81bb 00000000 00ee81bb 00000000 0000006a 00000000 00000000 00000000 0b2e19c6 00000000 00ee8225 00000000 00000000 00000000 00000000 00000039 008b3199 00000001 00000000 00000001 00000000 00000000 00000000 00000000 00000000 00000000 00000000 00000000 00000000 00000000 00000000 00000000 00000000 00000000 00000000 00000000 3cb7cd35 0000008a 78db1feb 00000029 00000000 00000000 00000000 00000000 00000101 00000080 00000000 00000000 00000000 00000000 00000000 00000000 00000000 00003333 00004ccd 00002667 00000001 00000000 01c9c380 0000027c
capture_snapshot GLI1 00010000 30000000 2500000 956 0 30000000 0 0 0 0 0 0 0 6dad0b20 00000029 78de1d68 00000029 00eec187 00000000 00eec187 00000000 0000006a 00000000 00000000 00000000 0b311755 00000000 00eec1f1 00000000 00000000 00000000 00000000 00000039 008b3199 00000001 00000000 00000001 00000000 00000000 00000000 00000000 00000000 00000000 00000000 00000000 00000000 00000000 00000000 00000000 00000000 00000000 00000000 00000000 3cc1c4ff 0000008a 78de1d7a 00000029 00000000 00000000 00000000 00000000 00000101 00000081 00000000 00000000 00000000 00000000 00000000 00000000 00000000 00003333 00004ccd 00002667 00000001 00000000 01c9c380 0000027c
capture_snapshot GLI1 00010000 30000000 2500000 957 0 30000000 0 0 0 0 0 0 0 6dad0b20 00000029 78e11e04 00000029 00ef0194 00000000 00ef0194 00000000 0000006a 00000000 00000000 00000000 0b3417f9 00000000 00ef01fe 00000000 00000000 00000000 00000000 00000039 008b3199 00000001 00000000 00000001 00000000 00000000 00000000 00000000 00000000 00000000 00000000 00000000 00000000 00000000 00000000 00000000 00000000 00000000 00000000 00000000 3ccbc70d 0000008a 78e11e1e 00000029 00000000 00000000 00000000 00000000 00000101 00000080 00000000 00000000 00000000 00000000 00000000 00000000 00000000 00003333 00004ccd 00002667 00000001 00000000 01c9c380 0000027c
capture_snapshot GLI1 00010000 30000000 2500000 958 0 30000000 0 0 0 0 0 0 0 6dad0b20 00000029 78e41ea0 00000029 00ef41a1 00000000 00ef41a1 00000000 0000006a 00000000 00000000 00000000 0b37188c 00000000 00ef420b 00000000 00000000 00000000 00000000 00000039 008b3199 00000001 00000000 00000001 00000000 00000000 00000000 00000000 00000000 00000000 00000000 00000000 00000000 00000000 00000000 00000000 00000000 00000000 00000000 00000000 3cd5c8e5 0000008a 78e41eb1 00000029 00000000 00000000 00000000 00000000 00000101 00000081 00000000 00000000 00000000 00000000 00000000 00000000 00000000 00003333 00004ccd 00002667 00000001 00000000 01c9c380 0000027c
capture_snapshot GLI1 00010000 30000000 2500000 959 0 30000000 0 0 0 0 0 0 0 6dad0b20 00000029 78e71d98 00000029 00ef818b 00000000 00ef818b 00000000 0000006a 00000000 00000000 00000000 0b3a178a 00000000 00ef81f5 00000000 00000000 00000000 00000000 00000039 008b3199 00000001 00000000 00000001 00000000 00000000 00000000 00000000 00000000 00000000 00000000 00000000 00000000 00000000 00000000 00000000 00000000 00000000 00000000 00000000 3cdfc576 0000008a 78e71daf 00000029 00000000 00000000 00000000 00000000 00000100 00000081 00000000 00000000 00000000 00000000 00000000 00000000 00000000 00003333 00004ccd 00002667 00000001 00000000 01c9c380 0000027c
capture_snapshot GLI1 00010000 30000000 2500000 960 0 30000000 0 0 0 0 0 0 0 6dad0b20 00000029 78ea1ccc 00000029 00efc17a 00000000 00efc17a 00000000 0000006a 00000000 00000000 00000000 0b3d16be 00000000 00efc1e4 00000000 00000000 00000000 00000000 00000039 008b3199 00000001 00000000 00000001 00000000 00000000 00000000 00000000 00000000 00000000 00000000 00000000 00000000 00000000 00000000 00000000 00000000 00000000 00000000 00000000 3ce9c2b8 0000008a 78ea1ce3 00000029 00000000 00000000 00000000 00000000 00000100 00000080 00000000 00000000 00000000 00000000 00000000 00000000 00000000 00003333 00004ccd 00002667 00000001 00000000 01c9c380 0000027c
capture_snapshot GLI1 00010000 30000000 2500000 961 0 30000000 0 0 0 0 0 0 0 6dad0b20 00000029 78ed1ccc 00000029 00f0017a 00000000 00f0017a 00000000 0000006a 00000000 00000000 00000000 0b4016be 00000000 00f001e4 00000000 00000000 00000000 00000000 00000039 008b3199 00000001 00000000 00000001 00000000 00000000 00000000 00000000 00000000 00000000 00000000 00000000 00000000 00000000 00000000 00000000 00000000 00000000 00000000 00000000 3cf3c2a6 0000008a 78ed1ce3 00000029 00000000 00000000 00000000 00000000 00000101 00000081 00000000 00000000 00000000 00000000 00000000 00000000 00000000 00003333 00004ccd 00002667 00000001 00000000 01c9c380 0000027c
capture_snapshot GLI1 00010000 30000000 2500000 962 0 30000000 0 0 0 0 0 0 0 6dad0b20 00000029 78f01c84 00000029 00f04174 00000000 00f04174 00000000 0000006a 00000000 00000000 00000000 0b43166e 00000000 00f041de 00000000 00000000 00000000 00000000 00000039 008b3199 00000001 00000000 00000001 00000000 00000000 00000000 00000000 00000000 00000000 00000000 00000000 00000000 00000000 00000000 00000000 00000000 00000000 00000000 00000000 3cfdc187 0000008a 78f01c93 00000029 00000000 00000000 00000000 00000000 00000101 00000080 00000000 00000000 00000000 00000000 00000000 00000000 00000000 00003333 00004ccd 00002667 00000001 00000000 01c9c380 0000027c
capture_snapshot GLI1 00010000 30000000 2500000 963 0 30000000 0 0 0 0 0 0 0 6dad0b20 00000029 78f32518 00000029 00f0822b 00000000 00f0822b 00000000 0000006a 00000000 00000000 00000000 0b461f0c 00000000 00f08295 00000000 00000000 00000000 00000000 00000039 008b3199 00000001 00000000 00000001 00000000 00000000 00000000 00000000 00000000 00000000 00000000 00000000 00000000 00000000 00000000 00000000 00000000 00000000 00000000 00000000 3d07de2d 0000008a 78f32531 00000029 00000000 00000000 00000000 00000000 00000101 00000080 00000000 00000000 00000000 00000000 00000000 00000000 00000000 00003333 00004ccd 00002667 00000001 00000000 01c9c380 0000027c
capture_snapshot GLI1 00010000 30000000 2500000 964 0 30000000 0 0 0 0 0 0 0 6dad0b20 00000029 78f62170 00000029 00f0c1dd 00000000 00f0c1dd 00000000 0000006a 00000000 00000000 00000000 0b491b5a 00000000 00f0c247 00000000 00000000 00000000 00000000 00000039 008b3199 00000001 00000000 00000001 00000000 00000000 00000000 00000000 00000000 00000000 00000000 00000000 00000000 00000000 00000000 00000000 00000000 00000000 00000000 00000000 3d11d1cb 0000008a 78f6217f 00000029 00000000 00000000 00000000 00000000 00000100 00000080 00000000 00000000 00000000 00000000 00000000 00000000 00000000 00003333 00004ccd 00002667 00000001 00000000 01c9c380 0000027c
capture_snapshot GLI1 00010000 30000000 2500000 965 0 30000000 0 0 0 0 0 0 0 6dad0b20 00000029 78f91dc8 00000029 00f1018f 00000000 00f1018f 00000000 0000006a 00000000 00000000 00000000 0b4c17ba 00000000 00f101f9 00000000 00000000 00000000 00000000 00000039 008b3199 00000001 00000000 00000001 00000000 00000000 00000000 00000000 00000000 00000000 00000000 00000000 00000000 00000000 00000000 00000000 00000000 00000000 00000000 00000000 3d1bc59f 0000008a 78f91ddf 00000029 00000000 00000000 00000000 00000000 00000100 00000080 00000000 00000000 00000000 00000000 00000000 00000000 00000000 00003333 00004ccd 00002667 00000001 00000000 01c9c380 0000027c
capture_snapshot GLI1 00010000 30000000 2500000 966 0 30000000 0 0 0 0 0 0 0 6dad0b20 00000029 78fc1d14 00000029 00f14180 00000000 00f14180 00000000 0000006a 00000000 00000000 00000000 0b4f1703 00000000 00f141ea 00000000 00000000 00000000 00000000 00000039 008b3199 00000001 00000000 00000001 00000000 00000000 00000000 00000000 00000000 00000000 00000000 00000000 00000000 00000000 00000000 00000000 00000000 00000000 00000000 00000000 3d25c32a 0000008a 78fc1d28 00000029 00000000 00000000 00000000 00000000 00000101 00000080 00000000 00000000 00000000 00000000 00000000 00000000 00000000 00003333 00004ccd 00002667 00000001 00000000 01c9c380 0000027c
capture_snapshot GLI1 00010000 30000000 2500000 967 0 30000000 0 0 0 0 0 0 0 6dad0b20 00000029 78ff1c30 00000029 00f1816d 00000000 00f1816d 00000000 0000006a 00000000 00000000 00000000 0b521623 00000000 00f181d7 00000000 00000000 00000000 00000000 00000039 008b3199 00000001 00000000 00000001 00000000 00000000 00000000 00000000 00000000 00000000 00000000 00000000 00000000 00000000 00000000 00000000 00000000 00000000 00000000 00000000 3d2fc02d 0000008a 78ff1c48 00000029 00000000 00000000 00000000 00000000 00000101 00000081 00000000 00000000 00000000 00000000 00000000 00000000 00000000 00003333 00004ccd 00002667 00000001 00000000 01c9c380 0000027c
capture_snapshot GLI1 00010000 30000000 2500000 968 0 30000000 0 0 0 0 0 0 0 6dad0b20 00000029 79021c90 00000029 00f1c175 00000000 00f1c175 00000000 0000006a 00000000 00000000 00000000 0b55167f 00000000 00f1c1df 00000000 00000000 00000000 00000000 00000039 008b3199 00000001 00000000 00000001 00000000 00000000 00000000 00000000 00000000 00000000 00000000 00000000 00000000 00000000 00000000 00000000 00000000 00000000 00000000 00000000 3d39c14d 0000008a 79021ca4 00000029 00000000 00000000 00000000 00000000 00000100 00000080 00000000 00000000 00000000 00000000 00000000 00000000 00000000 00003333 00004ccd 00002667 00000001 00000000 01c9c380 0000027c
capture_snapshot GLI1 00010000 30000000 2500000 969 0 30000000 0 0 0 0 0 0 0 6dad0b20 00000029 79051d74 00000029 00f20188 00000000 00f20188 00000000 0000006a 00000000 00000000 00000000 0b581762 00000000 00f201f2 00000000 00000000 00000000 00000000 00000039 008b3199 00000001 00000000 00000001 00000000 00000000 00000000 00000000 00000000 00000000 00000000 00000000 00000000 00000000 00000000 00000000 00000000 00000000 00000000 00000000 3d43c42c 0000008a 79051d87 00000029 00000000 00000000 00000000 00000000 00000101 00000080 00000000 00000000 00000000 00000000 00000000 00000000 00000000 00003333 00004ccd 00002667 00000001 00000000 01c9c380 0000027c
capture_snapshot GLI1 00010000 30000000 2500000 970 0 30000000 0 0 0 0 0 0 0 6dad0b20 00000029 79081c90 00000029 00f24175 00000000 00f24175 00000000 0000006a 00000000 00000000 00000000 0b5b1680 00000000 00f241df 00000000 00000000 00000000 00000000 00000039 008b3199 00000001 00000000 00000001 00000000 00000000 00000000 00000000 00000000 00000000 00000000 00000000 00000000 00000000 00000000 00000000 00000000 00000000 00000000 00000000 3d4dc129 0000008a 79081ca5 00000029 00000000 00000000 00000000 00000000 00000101 00000080 00000000 00000000 00000000 00000000 00000000 00000000 00000000 00003333 00004ccd 00002667 00000001 00000000 01c9c380 0000027c
capture_snapshot GLI1 00010000 30000000 2500000 971 0 30000000 0 0 0 0 0 0 0 6dad0b20 00000029 790b1d68 00000029 00f28187 00000000 00f28187 00000000 0000006a 00000000 00000000 00000000 0b5e1758 00000000 00f281f1 00000000 00000000 00000000 00000000 00000039 008b3199 00000001 00000000 00000001 00000000 00000000 00000000 00000000 00000000 00000000 00000000 00000000 00000000 00000000 00000000 00000000 00000000 00000000 00000000 00000000 3d57c3e5 0000008a 790b1d7d 00000029 00000000 00000000 00000000 00000000 00000101 00000081 00000000 00000000 00000000 00000000 00000000 00000000 00000000 00003333 00004ccd 00002667 00000001 00000000 01c9c380 0000027c
capture_snapshot GLI1 00010000 30000000 2500000 972 0 30000000 0 0 0 0 0 0 0 6dad0b20 00000029 790e1ccc 00000029 00f2c17a 00000000 00f2c17a 00000000 0000006a 00000000 00000000 00000000 0b6116c1 00000000 00f2c1e4 00000000 00000000 00000000 00000000 00000039 008b3199 00000001 00000000 00000001 00000000 00000000 00000000 00000000 00000000 00000000 00000000 00000000 00000000 00000000 00000000 00000000 00000000 00000000 00000000 00000000 3d61c1d9 0000008a 790e1ce6 00000029 00000000 00000000 00000000 00000000 00000101 00000080 00000000 00000000 00000000 00000000 00000000 00000000 00000000 00003333 00004ccd 00002667 00000001 00000000 01c9c380 0000027c
capture_snapshot GLI1 00010000 30000000 2500000 973 0 30000000 0 0 0 0 0 0 0 6dad0b20 00000029 791121a0 00000029 00f301e1 00000000 00f301e1 00000000 0000006a 00000000 00000000 00000000 0b641b94 00000000 00f3024b 00000000 00000000 00000000 00000000 00000039 008b3199 00000001 00000000 00000001 00000000 00000000 00000000 00000000 00000000 00000000 00000000 00000000 00000000 00000000 00000000 00000000 00000000 00000000 00000000 00000000 3d6bd1db 0000008a 791121b9 00000029 00000000 00000000 00000000 00000000 00000101 00000081 00000000 00000000 00000000 00000000 00000000 00000000 00000000 00003333 00004ccd 00002667 00000001 00000000 01c9c380 0000027c
capture_snapshot GLI1 00010000 30000000 2500000 974 0 30000000 0 0 0 0 0 0 0 6dad0b20 00000029 791431d8 00000029 00f3433b 00000000 00f3433b 00000000 0000006a 00000000 00000000 00000000 0b672bc8 00000000 00f343a5 00000000 00000000 00000000 00000000 00000039 008b3199 00000001 00000000 00000001 00000000 00000000 00000000 00000000 00000000 00000000 00000000 00000000 00000000 00000000 00000000 00000000 00000000 00000000 00000000 00000000 3d7607c9 0000008a 791431ed 00000029 00000000 00000000 00000000 00000000 00000101 00000080 00000000 00000000 00000000 00000000 00000000 00000000 00000000 00003333 00004ccd 00002667 00000001 00000000 01c9c380 0000027c
capture_snapshot GLI1 00010000 30000000 2500000 975 0 30000000 0 0 0 0 0 0 0 6dad0b20 00000029 79172920 00000029 00f38281 00000000 00f38281 00000000 0000006a 00000000 00000000 00000000 0b6a230d 00000000 00f382eb 00000000 00000000 00000000 00000000 00000039 008b3199 00000001 00000000 00000001 00000000 00000000 00000000 00000000 00000000 00000000 00000000 00000000 00000000 00000000 00000000 00000000 00000000 00000000 00000000 00000000 3d7fea9d 0000008a 79172932 00000029 00000000 00000000 00000000 00000000 00000101 00000081 00000000 00000000 00000000 00000000 00000000 00000000 00000000 00003333 00004ccd 00002667 00000001 00000000 01c9c380 0000027c
capture_snapshot GLI1 00010000 30000000 2500000 976 0 30000000 0 0 0 0 0 0 0 6dad0b20 00000029 791a2a28 00000029 00f3c297 00000000 00f3c296 00000000 0000006a 00000000 00000000 00000000 0b6d2411 00000000 00f3c301 00000000 00000000 00000000 00000000 0000003b 008b3199 00000001 00000001 00000001 00000000 00000000 00000000 00000000 00000000 00000000 00000000 00000000 00000000 00000000 00000000 00000000 00000000 00000000 00000000 00000000 3d89eded 0000008a 791a2a36 00000029 00000000 00000000 00000000 00000000 00000100 00000080 00000000 00000000 00000000 00000000 00000000 00000000 00000000 00003333 00004ccd 00002667 00000001 00000000 01c9c380 0000027c
capture_snapshot GLI1 00010000 30000000 2500000 977 0 30000000 0 0 0 0 0 0 0 6dad0b20 00000029 791d29b0 00000029 00f4028d 00000000 00f4028d 00000000 0000006a 00000000 00000000 00000000 0b7023a0 00000000 00f402f7 00000000 00000000 00000000 00000000 00000039 008b3199 00000001 00000000 00000001 00000000 00000000 00000000 00000000 00000000 00000000 00000000 00000000 00000000 00000000 00000000 00000000 00000000 00000000 00000000 00000000 3d93ec5f 0000008a 791d29c5 00000029 00000000 00000000 00000000 00000000 00000101 00000080 00000000 00000000 00000000 00000000 00000000 00000000 00000000 00003333 00004ccd 00002667 00000001 00000000 01c9c380 0000027c
capture_snapshot GLI1 00010000 30000000 2500000 978 0 30000000 0 0 0 0 0 0 0 6dad0b20 00000029 7920277c 00000029 00f4425e 00000000 00f4425e 00000000 0000006a 00000000 00000000 00000000 0b732167 00000000 00f442c8 00000000 00000000 00000000 00000000 00000039 008b3199 00000001 00000000 00000001 00000000 00000000 00000000 00000000 00000000 00000000 00000000 00000000 00000000 00000000 00000000 00000000 00000000 00000000 00000000 00000000 3d9de4e5 0000008a 7920278c 00000029 00000000 00000000 00000000 00000000 00000100 00000080 00000000 00000000 00000000 00000000 00000000 00000000 00000000 00003333 00004ccd 00002667 00000001 00000000 01c9c380 0000027c
capture_snapshot GLI1 00010000 30000000 2500000 979 0 30000000 0 0 0 0 0 0 0 6dad0b20 00000029 79232a58 00000029 00f4829b 00000000 00f4829b 00000000 0000006a 00000000 00000000 00000000 0b762445 00000000 00f48305 00000000 00000000 00000000 00000000 00000039 008b3199 00000001 00000000 00000001 00000000 00000000 00000000 00000000 00000000 00000000 00000000 00000000 00000000 00000000 00000000 00000000 00000000 00000000 00000000 00000000 3da7ee5f 0000008a 79232a6a 00000029 00000000 00000000 00000000 00000000 00000101 00000081 00000000 00000000 00000000 00000000 00000000 00000000 00000000 00003333 00004ccd 00002667 00000001 00000000 01c9c380 0000027c
capture_snapshot GLI1 00010000 30000000 2500000 980 0 30000000 0 0 0 0 0 0 0 6dad0b20 00000029 79262aac 00000029 00f4c2a2 00000000 00f4c2a2 00000000 0000006a 00000000 00000000 00000000 0b79249f 00000000 00f4c30c 00000000 00000000 00000000 00000000 00000039 008b3199 00000001 00000000 00000001 00000000 00000000 00000000 00000000 00000000 00000000 00000000 00000000 00000000 00000000 00000000 00000000 00000000 00000000 00000000 00000000 3db1ef79 0000008a 79262ac4 00000029 00000000 00000000 00000000 00000000 00000100 00000080 00000000 00000000 00000000 00000000 00000000 00000000 00000000 00003333 00004ccd 00002667 00000001 00000000 01c9c380 0000027c
capture_snapshot GLI1 00010000 30000000 2500000 981 0 30000000 0 0 0 0 0 0 0 6dad0b20 00000029 792926ec 00000029 00f50252 00000000 00f50252 00000000 0000006a 00000000 00000000 00000000 0b7c20db 00000000 00f502bc 00000000 00000000 00000000 00000000 00000039 008b3199 00000001 00000000 00000001 00000000 00000000 00000000 00000000 00000000 00000000 00000000 00000000 00000000 00000000 00000000 00000000 00000000 00000000 00000000 00000000 3dbbe2d7 0000008a 79292700 00000029 00000000 00000000 00000000 00000000 00000101 00000081 00000000 00000000 00000000 00000000 00000000 00000000 00000000 00003333 00004ccd 00002667 00000001 00000000 01c9c380 0000027c
capture_snapshot GLI1 00010000 30000000 2500000 982 0 30000000 0 0 0 0 0 0 0 6dad0b20 00000029 792c29ec 00000029 00f54292 00000000 00f54292 00000000 0000006a 00000000 00000000 00000000 0b7f23e0 00000000 00f542fc 00000000 00000000 00000000 00000000 00000039 008b3199 00000001 00000000 00000001 00000000 00000000 00000000 00000000 00000000 00000000 00000000 00000000 00000000 00000000 00000000 00000000 00000000 00000000 00000000 00000000 3dc5ecd5 0000008a 792c2a05 00000029 00000000 00000000 00000000 00000000 00000100 00000080 00000000 00000000 00000000 00000000 00000000 00000000 00000000 00003333 00004ccd 00002667 00000001 00000000 01c9c380 0000027c
capture_snapshot GLI1 00010000 30000000 2500000 983 0 30000000 0 0 0 0 0 0 0 6dad0b20 00000029 792f2a1c 00000029 00f58296 00000000 00f58296 00000000 0000006a 00000000 00000000 00000000 0b82240e 00000000 00f58300 00000000 00000000 00000000 00000000 00000039 008b3199 00000001 00000000 00000001 00000000 00000000 00000000 00000000 00000000 00000000 00000000 00000000 00000000 00000000 00000000 00000000 00000000 00000000 00000000 00000000 3dcfed58 0000008a 792f2a33 00000029 00000000 00000000 00000000 00000000 00000100 00000080 00000000 00000000 00000000 00000000 00000000 00000000 00000000 00003333 00004ccd 00002667 00000001 00000000 01c9c380 0000027c
capture_snapshot GLI1 00010000 30000000 2500000 984 0 30000000 0 0 0 0 0 0 0 6dad0b20 00000029 79322c2c 00000029 00f5c2c2 00000000 00f5c2c2 00000000 0000006a 00000000 00000000 00000000 0b85261e 00000000 00f5c32c 00000000 00000000 00000000 00000000 00000039 008b3199 00000001 00000000 00000001 00000000 00000000 00000000 00000000 00000000 00000000 00000000 00000000 00000000 00000000 00000000 00000000 00000000 00000000 00000000 00000000 3dd9f427 0000008a 79322c43 00000029 00000000 00000000 00000000 00000000 00000100 00000081 00000000 00000000 00000000 00000000 00000000 00000000 00000000 00003333 00004ccd 00002667 00000001 00000000 01c9c380 0000027c
capture_snapshot GLI1 00010000 30000000 2500000 985 0 30000000 0 0 0 0 0 0 0 6dad0b20 00000029 79352944 00000029 00f60284 00000000 00f60284 00000000 0000006a 00000000 00000000 00000000 0b882335 00000000 00f602ee 00000000 00000000 00000000 00000000 00000039 008b3199 00000001 00000000 00000001 00000000 00000000 00000000 00000000 00000000 00000000 00000000 00000000 00000000 00000000 00000000 00000000 00000000 00000000 00000000 00000000 3de3ea60 0000008a 7935295a 00000029 00000000 00000000 00000000 00000000 00000101 00000080 00000000 00000000 00000000 00000000 00000000 00000000 00000000 00003333 00004ccd 00002667 00000001 00000000 01c9c380 0000027c
capture_snapshot GLI1 00010000 30000000 2500000 986 0 30000000 0 0 0 0 0 0 0 6dad0b20 00000029 79382a28 00000029 00f64297 00000000 00f64297 00000000 0000006a 00000000 00000000 00000000 0b8b241c 00000000 00f64301 00000000 00000000 00000000 00000000 00000039 008b3199 00000001 00000000 00000001 00000000 00000000 00000000 00000000 00000000 00000000 00000000 00000000 00000000 00000000 00000000 00000000 00000000 00000000 00000000 00000000 3deded4f 0000008a 79382a41 00000029 00000000 00000000 00000000 00000000 00000100 00000080 00000000 00000000 00000000 00000000 00000000 00000000 00000000 00003333 00004ccd 00002667 00000001 00000000 01c9c380 0000027c
capture_snapshot GLI1 00010000 30000000 2500000 987 0 30000000 0 0 0 0 0 0 0 6dad0b20 00000029 793b2878 00000029 00f68273 00000000 00f68273 00000000 0000006a 00000000 00000000 00000000 0b8e2267 00000000 00f682dd 00000000 00000000 00000000 00000000 00000039 008b3199 00000001 00000000 00000001 00000000 00000000 00000000 00000000 00000000 00000000 00000000 00000000 00000000 00000000 00000000 00000000 00000000 00000000 00000000 00000000 3df7e78a 0000008a 793b288c 00000029 00000000 00000000 00000000 00000000 00000101 00000081 00000000 00000000 00000000 00000000 00000000 00000000 00000000 00003333 00004ccd 00002667 00000001 00000000 01c9c380 0000027c
capture_snapshot GLI1 00010000 30000000 2500000 988 0 30000000 0 0 0 0 0 0 0 6dad0b20 00000029 793e298c 00000029 00f6c28a 00000000 00f6c28a 00000000 0000006a 00000000 00000000 00000000 0b91237b 00000000 00f6c2f4 00000000 00000000 00000000 00000000 00000039 008b3199 00000001 00000000 00000001 00000000 00000000 00000000 00000000 00000000 00000000 00000000 00000000 00000000 00000000 00000000 00000000 00000000 00000000 00000000 00000000 3e01eb0f 0000008a 793e29a0 00000029 00000000 00000000 00000000 00000000 00000101 00000081 00000000 00000000 00000000 00000000 00000000 00000000 00000000 00003333 00004ccd 00002667 00000001 00000000 01c9c380 0000027c
capture_snapshot GLI1 00010000 30000000 2500000 989 0 30000000 0 0 0 0 0 0 0 6dad0b20 00000029 79412950 00000029 00f70285 00000000 00f70285 00000000 0000006a 00000000 00000000 00000000 0b942343 00000000 00f702ef 00000000 00000000 00000000 00000000 00000039 008b3199 00000001 00000000 00000001 00000000 00000000 00000000 00000000 00000000 00000000 00000000 00000000 00000000 00000000 00000000 00000000 00000000 00000000 00000000 00000000 3e0bea40 0000008a 79412968 00000029 00000000 00000000 00000000 00000000 00000101 00000081 00000000 00000000 00000000 00000000 00000000 00000000 00000000 00003333 00004ccd 00002667 00000001 00000000 01c9c380 0000027c
capture_snapshot GLI1 00010000 30000000 2500000 990 0 30000000 0 0 0 0 0 0 0 6dad0b20 00000029 79442920 00000029 00f74281 00000000 00f74281 00000000 0000006a 00000000 00000000 00000000 0b972315 00000000 00f742eb 00000000 00000000 00000000 00000000 00000039 008b3199 00000001 00000000 00000001 00000000 00000000 00000000 00000000 00000000 00000000 00000000 00000000 00000000 00000000 00000000 00000000 00000000 00000000 00000000 00000000 3e15e992 0000008a 7944293a 00000029 00000000 00000000 00000000 00000000 00000100 00000080 00000000 00000000 00000000 00000000 00000000 00000000 00000000 00003333 00004ccd 00002667 00000001 00000000 01c9c380 0000027c
capture_snapshot GLI1 00010000 30000000 2500000 991 0 30000000 0 0 0 0 0 0 0 6dad0b20 00000029 794729ec 00000029 00f78292 00000000 00f78292 00000000 0000006a 00000000 00000000 00000000 0b9a23e1 00000000 00f782fc 00000000 00000000 00000000 00000000 00000039 008b3199 00000001 00000000 00000001 00000000 00000000 00000000 00000000 00000000 00000000 00000000 00000000 00000000 00000000 00000000 00000000 00000000 00000000 00000000 00000000 3e1fec28 0000008a 79472a06 00000029 00000000 00000000 00000000 00000000 00000101 00000081 00000000 00000000 00000000 00000000 00000000 00000000 00000000 00003333 00004ccd 00002667 00000001 00000000 01c9c380 0000027c
capture_snapshot GLI1 00010000 30000000 2500000 992 0 30000000 0 0 0 0 0 0 0 6dad0b20 00000029 794a298c 00000029 00f7c28a 00000000 00f7c28a 00000000 0000006a 00000000 00000000 00000000 0b9d2377 00000000 00f7c2f4 00000000 00000000 00000000 00000000 00000039 008b3199 00000001 00000000 00000001 00000000 00000000 00000000 00000000 00000000 00000000 00000000 00000000 00000000 00000000 00000000 00000000 00000000 00000000 00000000 00000000 3e29eab4 0000008a 794a299c 00000029 00000000 00000000 00000000 00000000 00000100 00000080 00000000 00000000 00000000 00000000 00000000 00000000 00000000 00003333 00004ccd 00002667 00000001 00000000 01c9c380 0000027c
capture_snapshot GLI1 00010000 30000000 2500000 993 0 30000000 0 0 0 0 0 0 0 6dad0b20 00000029 794d29ec 00000029 00f80292 00000000 00f80292 00000000 0000006a 00000000 00000000 00000000 0ba023d6 00000000 00f802fc 00000000 00000000 00000000 00000000 00000039 008b3199 00000001 00000000 00000001 00000000 00000000 00000000 00000000 00000000 00000000 00000000 00000000 00000000 00000000 00000000 00000000 00000000 00000000 00000000 00000000 3e33ebde 0000008a 794d29fb 00000029 00000000 00000000 00000000 00000000 00000100 00000080 00000000 00000000 00000000 00000000 00000000 00000000 00000000 00003333 00004ccd 00002667 00000001 00000000 01c9c380 0000027c
capture_snapshot GLI1 00010000 30000000 2500000 994 0 30000000 0 0 0 0 0 0 0 6dad0b20 00000029 795029e0 00000029 00f84291 00000000 00f84291 00000000 0000006a 00000000 00000000 00000000 0ba323ca 00000000 00f842fb 00000000 00000000 00000000 00000000 00000039 008b3199 00000001 00000000 00000001 00000000 00000000 00000000 00000000 00000000 00000000 00000000 00000000 00000000 00000000 00000000 00000000 00000000 00000000 00000000 00000000 3e3deba0 0000008a 795029ef 00000029 00000000 00000000 00000000 00000000 00000101 00000080 00000000 00000000 00000000 00000000 00000000 00000000 00000000 00003333 00004ccd 00002667 00000001 00000000 01c9c380 0000027c
capture_snapshot GLI1 00010000 30000000 2500000 995 0 30000000 0 0 0 0 0 0 0 6dad0b20 00000029 795329e0 00000029 00f88291 00000000 00f88291 00000000 0000006a 00000000 00000000 00000000 0ba623ca 00000000 00f882fb 00000000 00000000 00000000 00000000 00000039 008b3199 00000001 00000000 00000001 00000000 00000000 00000000 00000000 00000000 00000000 00000000 00000000 00000000 00000000 00000000 00000000 00000000 00000000 00000000 00000000 3e47eb8f 0000008a 795329ef 00000029 00000000 00000000 00000000 00000000 00000100 00000080 00000000 00000000 00000000 00000000 00000000 00000000 00000000 00003333 00004ccd 00002667 00000001 00000000 01c9c380 0000027c
capture_snapshot GLI1 00010000 30000000 2500000 996 0 30000000 0 0 0 0 0 0 0 6dad0b20 00000029 795633f4 00000029 00f8c368 00000000 00f8c368 00000000 0000006a 00000000 00000000 00000000 0ba92dde 00000000 00f8c3d2 00000000 00000000 00000000 00000000 00000039 008b3199 00000001 00000000 00000001 00000000 00000000 00000000 00000000 00000000 00000000 00000000 00000000 00000000 00000000 00000000 00000000 00000000 00000000 00000000 00000000 3e520d11 0000008a 79563403 00000029 00000000 00000000 00000000 00000000 00000101 00000080 00000000 00000000 00000000 00000000 00000000 00000000 00000000 00003333 00004ccd 00002667 00000001 00000000 01c9c380 0000027c
capture_snapshot GLI1 00010000 30000000 2500000 997 0 30000000 0 0 0 0 0 0 0 6dad0b20 00000029 79593220 00000029 00f90341 00000000 00f90341 00000000 0000006a 00000000 00000000 00000000 0bac2c12 00000000 00f903ab 00000000 00000000 00000000 00000000 00000039 008b3199 00000001 00000000 00000001 00000000 00000000 00000000 00000000 00000000 00000000 00000000 00000000 00000000 00000000 00000000 00000000 00000000 00000000 00000000 00000000 3e5c0701 0000008a 79593237 00000029 00000000 00000000 00000000 00000000 00000101 00000081 00000000 00000000 00000000 00000000 00000000 00000000 00000000 00003333 00004ccd 00002667 00000001 00000000 01c9c380 0000027c
capture_snapshot GLI1 00010000 30000000 2500000 998 0 30000000 0 0 0 0 0 0 0 6dad0b20 00000029 795c30dc 00000029 00f94326 00000000 00f94326 00000000 0000006a 00000000 00000000 00000000 0baf2ace 00000000 00f94390 00000000 00000000 00000000 00000000 00000039 008b3199 00000001 00000000 00000001 00000000 00000000 00000000 00000000 00000000 00000000 00000000 00000000 00000000 00000000 00000000 00000000 00000000 00000000 00000000 00000000 3e6602b7 0000008a 795c30f3 00000029 00000000 00000000 00000000 00000000 00000100 00000080 00000000 00000000 00000000 00000000 00000000 00000000 00000000 00003333 00004ccd 00002667 00000001 00000000 01c9c380 0000027c
capture_snapshot GLI1 00010000 30000000 2500000 999 0 30000000 0 0 0 0 0 0 0 6dad0b20 00000029 795f3064 00000029 00f9831c 00000000 00f9831c 00000000 0000006a 00000000 00000000 00000000 0bb22a52 00000000 00f98386 00000000 00000000 00000000 00000000 00000039 008b3199 00000001 00000000 00000001 00000000 00000000 00000000 00000000 00000000 00000000 00000000 00000000 00000000 00000000 00000000 00000000 00000000 00000000 00000000 00000000 3e700105 0000008a 795f3077 00000029 00000000 00000000 00000000 00000000 00000101 00000081 00000000 00000000 00000000 00000000 00000000 00000000 00000000 00003333 00004ccd 00002667 00000001 00000000 01c9c380 0000027c
capture_snapshot GLI1 00010000 30000000 2500000 1000 0 30000000 0 0 0 0 0 0 0 6dad0b20 00000029 79623028 00000029 00f9c317 00000000 00f9c317 00000000 0000006a 00000000 00000000 00000000 0bb52a19 00000000 00f9c381 00000000 00000000 00000000 00000000 00000039 008b3199 00000001 00000000 00000001 00000000 00000000 00000000 00000000 00000000 00000000 00000000 00000000 00000000 00000000 00000000 00000000 00000000 00000000 00000000 00000000 3e7a0032 0000008a 7962303e 00000029 00000000 00000000 00000000 00000000 00000100 00000080 00000000 00000000 00000000 00000000 00000000 00000000 00000000 00003333 00004ccd 00002667 00000001 00000000 01c9c380 0000027c
capture_snapshot GLI1 00010000 30000000 2500000 1001 0 30000000 0 0 0 0 0 0 0 6dad0b20 00000029 79653394 00000029 00fa0360 00000000 00fa0360 00000000 0000006a 00000000 00000000 00000000 0bb82d85 00000000 00fa03ca 00000000 00000000 00000000 00000000 00000039 008b3199 00000001 00000000 00000001 00000000 00000000 00000000 00000000 00000000 00000000 00000000 00000000 00000000 00000000 00000000 00000000 00000000 00000000 00000000 00000000 3e840b88 0000008a 796533aa 00000029 00000000 00000000 00000000 00000000 00000101 00000081 00000000 00000000 00000000 00000000 00000000 00000000 00000000 00003333 00004ccd 00002667 00000001 00000000 01c9c380 0000027c
capture_snapshot GLI1 00010000 30000000 2500000 1002 0 30000000 0 0 0 0 0 0 0 6dad0b20 00000029 796830c4 00000029 00fa4324 00000000 00fa4324 00000000 0000006a 00000000 00000000 00000000 0bbb2ab0 00000000 00fa438e 00000000 00000000 00000000 00000000 00000039 008b3199 00000001 00000000 00000001 00000000 00000000 00000000 00000000 00000000 00000000 00000000 00000000 00000000 00000000 00000000 00000000 00000000 00000000 00000000 00000000 3e8e0203 0000008a 796830d5 00000029 00000000 00000000 00000000 00000000 00000101 00000080 00000000 00000000 00000000 00000000 00000000 00000000 00000000 00003333 00004ccd 00002667 00000001 00000000 01c9c380 0000027c
capture_snapshot GLI1 00010000 30000000 2500000 1003 0 30000000 0 0 0 0 0 0 0 6dad0b20 00000029 796b31e4 00000029 00fa833c 00000000 00fa833c 00000000 0000006a 00000000 00000000 00000000 0bbe2bd5 00000000 00fa83a6 00000000 00000000 00000000 00000000 00000039 008b3199 00000001 00000000 00000001 00000000 00000000 00000000 00000000 00000000 00000000 00000000 00000000 00000000 00000000 00000000 00000000 00000000 00000000 00000000 00000000 3e9805c2 0000008a 796b31fa 00000029 00000000 00000000 00000000 00000000 00000100 00000080 00000000 00000000 00000000 00000000 00000000 00000000 00000000 00003333 00004ccd 00002667 00000001 00000000 01c9c380 0000027c
capture_snapshot GLI1 00010000 30000000 2500000 1004 0 30000000 0 0 0 0 0 0 0 6dad0b20 00000029 796e2e90 00000029 00fac2f5 00000000 00fac2f5 00000000 0000006a 00000000 00000000 00000000 0bc12882 00000000 00fac35f 00000000 00000000 00000000 00000000 00000039 008b3199 00000001 00000000 00000001 00000000 00000000 00000000 00000000 00000000 00000000 00000000 00000000 00000000 00000000 00000000 00000000 00000000 00000000 00000000 00000000 3ea1fa99 0000008a 796e2ea7 00000029 00000000 00000000 00000000 00000000 00000101 00000081 00000000 00000000 00000000 00000000 00000000 00000000 00000000 00003333 00004ccd 00002667 00000001 00000000 01c9c380 0000027c
capture_snapshot GLI1 00010000 30000000 2500000 1005 0 30000000 0 0 0 0 0 0 0 6dad0b20 00000029 797130a0 00000029 00fb0321 00000000 00fb0321 00000000 0000006a 00000000 00000000 00000000 0bc42a8d 00000000 00fb038b 00000000 00000000 00000000 00000000 00000039 008b3199 00000001 00000000 00000001 00000000 00000000 00000000 00000000 00000000 00000000 00000000 00000000 00000000 00000000 00000000 00000000 00000000 00000000 00000000 00000000 3eac0154 0000008a 797130b2 00000029 00000000 00000000 00000000 00000000 00000101 00000080 00000000 00000000 00000000 00000000 00000000 00000000 00000000 00003333 00004ccd 00002667 00000001 00000000 01c9c380 0000027c
capture_snapshot GLI1 00010000 30000000 2500000 1006 0 30000000 0 0 0 0 0 0 0 6dad0b20 00000029 7974352c 00000029 00fb4382 00000000 00fb4382 00000000 0000006a 00000000 00000000 00000000 0bc72f18 00000000 00fb43ec 00000000 00000000 00000000 00000000 00000039 008b3199 00000001 00000000 00000001 00000000 00000000 00000000 00000000 00000000 00000000 00000000 00000000 00000000 00000000 00000000 00000000 00000000 00000000 00000000 00000000 3eb61067 0000008a 7974353d 00000029 00000000 00000000 00000000 00000000 00000100 00000080 00000000 00000000 00000000 00000000 00000000 00000000 00000000 00003333 00004ccd 00002667 00000001 00000000 01c9c380 0000027c
capture_snapshot GLI1 00010000 30000000 2500000 1007 0 30000000 0 0 0 0 0 0 0 6dad0b20 00000029 79772e78 00000029 00fb82f3 00000000 00fb82f3 00000000 0000006a 00000000 00000000 00000000 0bca2868 00000000 00fb835d 00000000 00000000 00000000 00000000 00000039 008b3199 00000001 00000000 00000001 00000000 00000000 00000000 00000000 00000000 00000000 00000000 00000000 00000000 00000000 00000000 00000000 00000000 00000000 00000000 00000000 3ebffa09 0000008a 79772e8d 00000029 00000000 00000000 00000000 00000000 00000100 00000080 00000000 00000000 00000000 00000000 00000000 00000000 00000000 00003333 00004ccd 00002667 00000001 00000000 01c9c380 0000027c
capture_snapshot GLI1 00010000 30000000 2500000 1008 0 30000000 0 0 0 0 0 0 0 6dad0b20 00000029 797a32bc 00000029 00fbc34e 00000000 00fbc34d 00000000 0000006a 00000000 00000000 00000000 0bcd2ca5 00000000 00fbc3b8 00000000 00000000 00000000 00000000 0000003b 008b3199 00000001 00000001 00000001 00000000 00000000 00000000 00000000 00000000 00000000 00000000 00000000 00000000 00000000 00000000 00000000 00000000 00000000 00000000 00000000 3eca0815 0000008a 797a32ca 00000029 00000000 00000000 00000000 00000000 00000101 00000081 00000000 00000000 00000000 00000000 00000000 00000000 00000000 00003333 00004ccd 00002667 00000001 00000000 01c9c380 0000027c
capture_snapshot GLI1 00010000 30000000 2500000 1009 0 30000000 0 0 0 0 0 0 0 6dad0b20 00000029 797d307c 00000029 00fc031e 00000000 00fc031e 00000000 0000006a 00000000 00000000 00000000 0bd02a67 00000000 00fc0388 00000000 00000000 00000000 00000000 00000039 008b3199 00000001 00000000 00000001 00000000 00000000 00000000 00000000 00000000 00000000 00000000 00000000 00000000 00000000 00000000 00000000 00000000 00000000 00000000 00000000 3ed40089 0000008a 797d308c 00000029 00000000 00000000 00000000 00000000 00000100 00000080 00000000 00000000 00000000 00000000 00000000 00000000 00000000 00003333 00004ccd 00002667 00000001 00000000 01c9c380 0000027c
capture_snapshot GLI1 00010000 30000000 2500000 1010 0 30000000 0 0 0 0 0 0 0 6dad0b20 00000029 79802cb0 00000029 00fc42cd 00000000 00fc42cd 00000000 0000006a 00000000 00000000 00000000 0bd3269a 00000000 00fc4337 00000000 00000000 00000000 00000000 00000039 008b3199 00000001 00000000 00000001 00000000 00000000 00000000 00000000 00000000 00000000 00000000 00000000 00000000 00000000 00000000 00000000 00000000 00000000 00000000 00000000 3eddf3cb 0000008a 79802cbf 00000029 00000000 00000000 00000000 00000000 00000100 00000080 00000000 00000000 00000000 00000000 00000000 00000000 00000000 00003333 00004ccd 00002667 00000001 00000000 01c9c380 0000027c
capture_snapshot GLI1 00010000 30000000 2500000 1011 0 30000000 0 0 0 0 0 0 0 6dad0b20 00000029 798331f0 00000029 00fc833d 00000000 00fc833d 00000000 0000006a 00000000 00000000 00000000 0bd62be1 00000000 00fc83a7 00000000 00000000 00000000 00000000 00000039 008b3199 00000001 00000000 00000001 00000000 00000000 00000000 00000000 00000000 00000000 00000000 00000000 00000000 00000000 00000000 00000000 00000000 00000000 00000000 00000000 3ee8054c 0000008a 79833206 00000029 00000000 00000000 00000000 00000000 00000101 00000080 00000000 00000000 00000000 00000000 00000000 00000000 00000000 00003333 00004ccd 00002667 00000001 00000000 01c9c380 0000027c
capture_snapshot GLI1 00010000 30000000 2500000 1012 0 30000000 0 0 0 0 0 0 0 6dad0b20 00000029 7986325c 00000029 00fcc346 00000000 00fcc346 00000000 0000006a 00000000 00000000 00000000 0bd92c49 00000000 00fcc3b0 00000000 00000000 00000000 00000000 00000039 008b3199 00000001 00000000 00000001 00000000 00000000 00000000 00000000 00000000 00000000 00000000 00000000 00000000 00000000 00000000 00000000 00000000 00000000 00000000 00000000 3ef20693 0000008a 7986326e 00000029 00000000 00000000 00000000 00000000 00000100 00000080 00000000 00000000 00000000 00000000 00000000 00000000 00000000 00003333 00004ccd 00002667 00000001 00000000 01c9c380 0000027c
capture_snapshot GLI1 00010000 30000000 2500000 1013 0 30000000 0 0 0 0 0 0 0 6dad0b20 00000029 79893f64 00000029 00fd045c 00000000 00fd045c 00000000 0000006a 00000000 00000000 00000000 0bdc3951 00000000 00fd04c6 00000000 00000000 00000000 00000000 00000039 008b3199 00000001 00000000 00000001 00000000 00000000 00000000 00000000 00000000 00000000 00000000 00000000 00000000 00000000 00000000 00000000 00000000 00000000 00000000 00000000 3efc31f0 0000008a 79893f76 00000029 00000000 00000000 00000000 00000000 00000101 00000081 00000000 00000000 00000000 00000000 00000000 00000000 00000000 00003333 00004ccd 00002667 00000001 00000000 01c9c380 0000027c
capture_snapshot GLI1 00010000 30000000 2500000 1014 0 30000000 0 0 0 0 0 0 0 6dad0b20 00000029 798c30c4 00000029 00fd4324 00000000 00fd4324 00000000 0000006a 00000000 00000000 00000000 0bdf2ab8 00000000 00fd438e 00000000 00000000 00000000 00000000 00000039 008b3199 00000001 00000000 00000001 00000000 00000000 00000000 00000000 00000000 00000000 00000000 00000000 00000000 00000000 00000000 00000000 00000000 00000000 00000000 00000000 3f060136 0000008a 798c30dd 00000029 00000000 00000000 00000000 00000000 00000100 00000080 00000000 00000000 00000000 00000000 00000000 00000000 00000000 00003333 00004ccd 00002667 00000001 00000000 01c9c380 0000027c
capture_snapshot GLI1 00010000 30000000 2500000 1015 0 30000000 0 0 0 0 0 0 0 6dad0b20 00000029 798f301c 00000029 00fd8316 00000000 00fd8316 00000000 0000006a 00000000 00000000 00000000 0be22a10 00000000 00fd8380 00000000 00000000 00000000 00000000 00000039 008b3199 00000001 00000000 00000001 00000000 00000000 00000000 00000000 00000000 00000000 00000000 00000000 00000000 00000000 00000000 00000000 00000000 00000000 00000000 00000000 3f0ffef0 0000008a 798f3035 00000029 00000000 00000000 00000000 00000000 00000100 00000080 00000000 00000000 00000000 00000000 00000000 00000000 00000000 00003333 00004ccd 00002667 00000001 00000000 01c9c380 0000027c
capture_snapshot GLI1 00010000 30000000 2500000 1016 0 30000000 0 0 0 0 0 0 0 6dad0b20 00000029 7992409c 00000029 00fdc476 00000000 00fdc476 00000000 0000006a 00000000 00000000 00000000 0be53a87 00000000 00fdc4e0 00000000 00000000 00000000 00000000 00000039 008b3199 00000001 00000000 00000001 00000000 00000000 00000000 00000000 00000000 00000000 00000000 00000000 00000000 00000000 00000000 00000000 00000000 00000000 00000000 00000000 3f1a35c0 0000008a 799240ac 00000029 00000000 00000000 00000000 00000000 00000101 00000081 00000000 00000000 00000000 00000000 00000000 00000000 00000000 00003333 00004ccd 00002667 00000001 00000000 01c9c380 0000027c
capture_snapshot GLI1 00010000 30000000 2500000 1017 0 30000000 0 0 0 0 0 0 0 6dad0b20 00000029 799531d8 00000029 00fe033b 00000000 00fe033b 00000000 0000006a 00000000 00000000 00000000 0be82bcb 00000000 00fe03a5 00000000 00000000 00000000 00000000 00000039 008b3199 00000001 00000000 00000001 00000000 00000000 00000000 00000000 00000000 00000000 00000000 00000000 00000000 00000000 00000000 00000000 00000000 00000000 00000000 00000000 3f240490 0000008a 799531f0 00000029 00000000 00000000 00000000 00000000 00000100 00000080 00000000 00000000 00000000 00000000 00000000 00000000 00000000 00003333 00004ccd 00002667 00000001 00000000 01c9c380 0000027c
capture_snapshot GLI1 00010000 30000000 2500000 1018 0 30000000 0 0 0 0 0 0 0 6dad0b20 00000029 799832a4 00000029 00fe434c 00000000 00fe434c 00000000 0000006a 00000000 00000000 00000000 0beb2c99 00000000 00fe43b6 00000000 00000000 00000000 00000000 00000039 008b3199 00000001 00000000 00000001 00000000 00000000 00000000 00000000 00000000 00000000 00000000 00000000 00000000 00000000 00000000 00000000 00000000 00000000 00000000 00000000 3f2e0729 0000008a 799832be 00000029 00000000 00000000 00000000 00000000 00000101 00000080 00000000 00000000 00000000 00000000 00000000 00000000 00000000 00003333 00004ccd 00002667 00000001 00000000 01c9c380 0000027c
capture_snapshot GLI1 00010000 30000000 2500000 1019 0 30000000 0 0 0 0 0 0 0 6dad0b20 00000029 799b3454 00000029 00fe8370 00000000 00fe8370 00000000 0000006a 00000000 00000000 00000000 0bee2e40 00000000 00fe83da 00000000 00000000 00000000 00000000 00000039 008b3199 00000001 00000000 00000001 00000000 00000000 00000000 00000000 00000000 00000000 00000000 00000000 00000000 00000000 00000000 00000000 00000000 00000000 00000000 00000000 3f380c98 0000008a 799b3465 00000029 00000000 00000000 00000000 00000000 00000101 00000080 00000000 00000000 00000000 00000000 00000000 00000000 00000000 00003333 00004ccd 00002667 00000001 00000000 01c9c380 0000027c
capture_snapshot GLI1 00010000 30000000 2500000 1020 0 30000000 0 0 0 0 0 0 0 6dad0b20 00000029 799e2ff8 00000029 00fec313 00000000 00fec313 00000000 0000006a 00000000 00000000 00000000 0bf129e4 00000000 00fec37d 00000000 00000000 00000000 00000000 00000039 008b3199 00000001 00000000 00000001 00000000 00000000 00000000 00000000 00000000 00000000 00000000 00000000 00000000 00000000 00000000 00000000 00000000 00000000 00000000 00000000 3f41fdfc 0000008a 799e3009 00000029 00000000 00000000 00000000 00000000 00000100 00000080 00000000 00000000 00000000 00000000 00000000 00000000 00000000 00003333 00004ccd 00002667 00000001 00000000 01c9c380 0000027c
capture_snapshot GLI1 00010000 30000000 2500000 1021 0 30000000 0 0 0 0 0 0 0 6dad0b20 00000029 79a12f80 00000029 00ff0309 00000000 00ff0309 00000000 0000006a 00000000 00000000 00000000 0bf4296c 00000000 00ff0373 00000000 00000000 00000000 00000000 00000039 008b3199 00000001 00000000 00000001 00000000 00000000 00000000 00000000 00000000 00000000 00000000 00000000 00000000 00000000 00000000 00000000 00000000 00000000 00000000 00000000 3f4bfc5a 0000008a 79a12f91 00000029 00000000 00000000 00000000 00000000 00000101 00000081 00000000 00000000 00000000 00000000 00000000 00000000 00000000 00003333 00004ccd 00002667 00000001 00000000 01c9c380 0000027c
capture_snapshot GLI1 00010000 30000000 2500000 1022 0 30000000 0 0 0 0 0 0 0 6dad0b20 00000029 79a43100 00000029 00ff4329 00000000 00ff4329 00000000 0000006a 00000000 00000000 00000000 0bf72aea 00000000 00ff4393 00000000 00000000 00000000 00000000 00000039 008b3199 00000001 00000000 00000001 00000000 00000000 00000000 00000000 00000000 00000000 00000000 00000000 00000000 00000000 00000000 00000000 00000000 00000000 00000000 00000000 3f560140 0000008a 79a4310f 00000029 00000000 00000000 00000000 00000000 00000101 00000081 00000000 00000000 00000000 00000000 00000000 00000000 00000000 00003333 00004ccd 00002667 00000001 00000000 01c9c380 0000027c
capture_snapshot GLI1 00010000 30000000 2500000 1023 0 30000000 0 0 0 0 0 0 0 6dad0b20 00000029 79a73298 00000029 00ff834b 00000000 00ff834b 00000000 0000006a 00000000 00000000 00000000 0bfa2c8c 00000000 00ff83b5 00000000 00000000 00000000 00000000 00000039 008b3199 00000001 00000000 00000001 00000000 00000000 00000000 00000000 00000000 00000000 00000000 00000000 00000000 00000000 00000000 00000000 00000000 00000000 00000000 00000000 3f60069c 0000008a 79a732b1 00000029 00000000 00000000 00000000 00000000 00000100 00000080 00000000 00000000 00000000 00000000 00000000 00000000 00000000 00003333 00004ccd 00002667 00000001 00000000 01c9c380 0000027c
capture_snapshot GLI1 00010000 30000000 2500000 1024 0 30000000 0 0 0 0 0 0 0 6dad0b20 00000029 79aa2e84 00000029 00ffc2f4 00000000 00ffc2f4 00000000 0000006a 00000000 00000000 00000000 0bfd2878 00000000 00ffc35e 00000000 00000000 00000000 00000000 00000039 008b3199 00000001 00000000 00000001 00000000 00000000 00000000 00000000 00000000 00000000 00000000 00000000 00000000 00000000 00000000 00000000 00000000 00000000 00000000 00000000 3f69f8f1 0000008a 79aa2e9d 00000029 00000000 00000000 00000000 00000000 00000101 00000080 00000000 00000000 00000000 00000000 00000000 00000000 00000000 00003333 00004ccd 00002667 00000001 00000000 01c9c380 0000027c
capture_snapshot GLI1 00010000 30000000 2500000 1025 0 30000000 0 0 0 0 0 0 0 6dad0b20 00000029 79ad2fc8 00000029 0100030f 00000000 0100030f 00000000 0000006a 00000000 00000000 00000000 0c0029bb 00000000 01000379 00000000 00000000 00000000 00000000 00000039 008b3199 00000001 00000000 00000001 00000000 00000000 00000000 00000000 00000000 00000000 00000000 00000000 00000000 00000000 00000000 00000000 00000000 00000000 00000000 00000000 3f73fd14 0000008a 79ad2fe0 00000029 00000000 00000000 00000000 00000000 00000101 00000081 00000000 00000000 00000000 00000000 00000000 00000000 00000000 00003333 00004ccd 00002667 00000001 00000000 01c9c380 0000027c
capture_snapshot GLI1 00010000 30000000 2500000 1026 0 30000000 0 0 0 0 0 0 0 6dad0b20 00000029 79b030b8 00000029 01004323 00000000 01004323 00000000 0000006a 00000000 00000000 00000000 0c032aac 00000000 0100438d 00000000 00000000 00000000 00000000 00000039 008b3199 00000001 00000000 00000001 00000000 00000000 00000000 00000000 00000000 00000000 00000000 00000000 00000000 00000000 00000000 00000000 00000000 00000000 00000000 00000000 3f7e0023 0000008a 79b030d1 00000029 00000000 00000000 00000000 00000000 00000101 00000081 00000000 00000000 00000000 00000000 00000000 00000000 00000000 00003333 00004ccd 00002667 00000001 00000000 01c9c380 0000027c
capture_snapshot GLI1 00010000 30000000 2500000 1027 0 30000000 0 0 0 0 0 0 0 6dad0b20 00000029 79b32f5c 00000029 01008306 00000000 01008306 00000000 0000006a 00000000 00000000 00000000 0c06294f 00000000 01008370 00000000 00000000 00000000 00000000 00000039 008b3199 00000001 00000000 00000001 00000000 00000000 00000000 00000000 00000000 00000000 00000000 00000000 00000000 00000000 00000000 00000000 00000000 00000000 00000000 00000000 3f87fb86 0000008a 79b32f74 00000029 00000000 00000000 00000000 00000000 00000100 00000080 00000000 00000000 00000000 00000000 00000000 00000000 00000000 00003333 00004ccd 00002667 00000001 00000000 01c9c380 0000027c
capture_snapshot GLI1 00010000 30000000 2500000 1028 0 30000000 0 0 0 0 0 0 0 6dad0b20 00000029 79b632e0 00000029 0100c351 00000000 0100c351 00000000 0000006a 00000000 00000000 00000000 0c092cca 00000000 0100c3bb 00000000 00000000 00000000 00000000 00000039 008b3199 00000001 00000000 00000001 00000000 00000000 00000000 00000000 00000000 00000000 00000000 00000000 00000000 00000000 00000000 00000000 00000000 00000000 00000000 00000000 3f92070c 0000008a 79b632ef 00000029 00000000 00000000 00000000 00000000 00000100 00000080 00000000 00000000 00000000 00000000 00000000 00000000 00000000 00003333 00004ccd 00002667 00000001 00000000 01c9c380 0000027c
capture_snapshot GLI1 00010000 30000000 2500000 1029 0 30000000 0 0 0 0 0 0 0 6dad0b20 00000029 79b933a0 00000029 01010361 00000000 01010361 00000000 0000006a 00000000 00000000 00000000 0c0c2d92 00000000 010103cb 00000000 00000000 00000000 00000000 00000039 008b3199 00000001 00000000 00000001 00000000 00000000 00000000 00000000 00000000 00000000 00000000 00000000 00000000 00000000 00000000 00000000 00000000 00000000 00000000 00000000 3f9c0991 0000008a 79b933b7 00000029 00000000 00000000 00000000 00000000 00000101 00000080 00000000 00000000 00000000 00000000 00000000 00000000 00000000 00003333 00004ccd 00002667 00000001 00000000 01c9c380 0000027c
capture_snapshot GLI1 00010000 30000000 2500000 1030 0 30000000 0 0 0 0 0 0 0 6dad0b20 00000029 79bc2d7c 00000029 010142de 00000000 010142de 00000000 0000006a 00000000 00000000 00000000 0c0f2768 00000000 01014348 00000000 00000000 00000000 00000000 00000039 008b3199 00000001 00000000 00000001 00000000 00000000 00000000 00000000 00000000 00000000 00000000 00000000 00000000 00000000 00000000 00000000 00000000 00000000 00000000 00000000 3fa5f4f4 0000008a 79bc2d8d 00000029 00000000 00000000 00000000 00000000 00000100 00000080 00000000 00000000 00000000 00000000 00000000 00000000 00000000 00003333 00004ccd 00002667 00000001 00000000 01c9c380 0000027c
capture_snapshot GLI1 00010000 30000000 2500000 1031 0 30000000 0 0 0 0 0 0 0 6dad0b20 00000029 79bf310c 00000029 0101832a 00000000 0101832a 00000000 0000006a 00000000 00000000 00000000 0c122af9 00000000 01018394 00000000 00000000 00000000 00000000 00000039 008b3199 00000001 00000000 00000001 00000000 00000000 00000000 00000000 00000000 00000000 00000000 00000000 00000000 00000000 00000000 00000000 00000000 00000000 00000000 00000000 3fb000c3 0000008a 79bf311e 00000029 00000000 00000000 00000000 00000000 00000101 00000080 00000000 00000000 00000000 00000000 00000000 00000000 00000000 00003333 00004ccd 00002667 00000001 00000000 01c9c380 0000027c
capture_snapshot GLI1 00010000 30000000 2500000 1032 0 30000000 0 0 0 0 0 0 0 6dad0b20 00000029 79c23238 00000029 0101c343 00000000 0101c343 00000000 0000006a 00000000 00000000 00000000 0c152c22 00000000 0101c3ad 00000000 00000000 00000000 00000000 00000039 008b3199 00000001 00000000 00000001 00000000 00000000 00000000 00000000 00000000 00000000 00000000 00000000 00000000 00000000 00000000 00000000 00000000 00000000 00000000 00000000 3fba048d 0000008a 79c23247 00000029 00000000 00000000 00000000 00000000 00000101 00000081 00000000 00000000 00000000 00000000 00000000 00000000 00000000 00003333 00004ccd 00002667 00000001 00000000 01c9c380 0000027c
capture_snapshot GLI1 00010000 30000000 2500000 1033 0 30000000 0 0 0 0 0 0 0 6dad0b20 00000029 79c53058 00000029 0102031b 00000000 0102031b 00000000 0000006a 00000000 00000000 00000000 0c182a4a 00000000 01020385 00000000 00000000 00000000 00000000 00000039 008b3199 00000001 00000000 00000001 00000000 00000000 00000000 00000000 00000000 00000000 00000000 00000000 00000000 00000000 00000000 00000000 00000000 00000000 00000000 00000000 3fc3fe56 0000008a 79c5306f 00000029 00000000 00000000 00000000 00000000 00000100 00000080 00000000 00000000 00000000 00000000 00000000 00000000 00000000 00003333 00004ccd 00002667 00000001 00000000 01c9c380 0000027c
capture_snapshot GLI1 00010000 30000000 2500000 1034 0 30000000 0 0 0 0 0 0 0 6dad0b20 00000029 79c83394 00000029 01024360 00000000 01024360 00000000 0000006a 00000000 00000000 00000000 0c1b2d80 00000000 010243ca 00000000 00000000 00000000 00000000 00000039 008b3199 00000001 00000000 00000001 00000000 00000000 00000000 00000000 00000000 00000000 00000000 00000000 00000000 00000000 00000000 00000000 00000000 00000000 00000000 00000000 3fce08f4 0000008a 79c833a5 00000029 00000000 00000000 00000000 00000000 00000101 00000080 00000000 00000000 00000000 00000000 00000000 00000000 00000000 00003333 00004ccd 00002667 00000001 00000000 01c9c380 0000027c
capture_snapshot GLI1 00010000 30000000 2500000 1035 0 30000000 0 0 0 0 0 0 0 6dad0b20 00000029 79cb3004 00000029 01028314 00000000 01028314 00000000 0000006a 00000000 00000000 00000000 0c1e29f4 00000000 0102837e 00000000 00000000 00000000 00000000 00000039 008b3199 00000001 00000000 00000001 00000000 00000000 00000000 00000000 00000000 00000000 00000000 00000000 00000000 00000000 00000000 00000000 00000000 00000000 00000000 00000000 3fd7fd10 0000008a 79cb3019 00000029 00000000 00000000 00000000 00000000 00000100 00000080 00000000 00000000 00000000 00000000 00000000 00000000 00000000 00003333 00004ccd 00002667 00000001 00000000 01c9c380 0000027c
capture_snapshot GLI1 00010000 30000000 2500000 1036 0 30000000 0 0 0 0 0 0 0 6dad0b20 00000029 79ce2e6c 00000029 0102c2f2 00000000 0102c2f2 00000000 0000006a 00000000 00000000 00000000 0c21285d 00000000 0102c35c 00000000 00000000 00000000 00000000 00000039 008b3199 00000001 00000000 00000001 00000000 00000000 00000000 00000000 00000000 00000000 00000000 00000000 00000000 00000000 00000000 00000000 00000000 00000000 00000000 00000000 3fe1f7af 0000008a 79ce2e82 00000029 00000000 00000000 00000000 00000000 00000101 00000080 00000000 00000000 00000000 00000000 00000000 00000000 00000000 00003333 00004ccd 00002667 00000001 00000000 01c9c380 0000027c
capture_snapshot GLI1 00010000 30000000 2500000 1037 0 30000000 0 0 0 0 0 0 0 6dad0b20 00000029 79d13160 00000029 01030331 00000000 01030331 00000000 0000006a 00000000 00000000 00000000 0c242b4a 00000000 0103039b 00000000 00000000 00000000 00000000 00000039 008b3199 00000001 00000000 00000001 00000000 00000000 00000000 00000000 00000000 00000000 00000000 00000000 00000000 00000000 00000000 00000000 00000000 00000000 00000000 00000000 3fec015d 0000008a 79d1316f 00000029 00000000 00000000 00000000 00000000 00000100 00000080 00000000 00000000 00000000 00000000 00000000 00000000 00000000 00003333 00004ccd 00002667 00000001 00000000 01c9c380 0000027c
capture_snapshot GLI1 00010000 30000000 2500000 1038 0 30000000 0 0 0 0 0 0 0 6dad0b20 00000029 79d432a4 00000029 0103434c 00000000 0103434c 00000000 0000006a 00000000 00000000 00000000 0c272c93 00000000 010343b6 00000000 00000000 00000000 00000000 00000039 008b3199 00000001 00000000 00000001 00000000 00000000 00000000 00000000 00000000 00000000 00000000 00000000 00000000 00000000 00000000 00000000 00000000 00000000 00000000 00000000 3ff60591 0000008a 79d432b8 00000029 00000000 00000000 00000000 00000000 00000101 00000081 00000000 00000000 00000000 00000000 00000000 00000000 00000000 00003333 00004ccd 00002667 00000001 00000000 01c9c380 0000027c
capture_snapshot GLI1 00010000 30000000 2500000 1039 0 30000000 0 0 0 0 0 0 0 6dad0b20 00000029 79d73058 00000029 0103831b 00000000 0103831b 00000000 0000006a 00000000 00000000 00000000 0c2a2a42 00000000 01038385 00000000 00000000 00000000 00000000 00000039 008b3199 00000001 00000000 00000001 00000000 00000000 00000000 00000000 00000000 00000000 00000000 00000000 00000000 00000000 00000000 00000000 00000000 00000000 00000000 00000000 3ffffdc5 0000008a 79d73067 00000029 00000000 00000000 00000000 00000000 00000101 00000081 00000000 00000000 00000000 00000000 00000000 00000000 00000000 00003333 00004ccd 00002667 00000001 00000000 01c9c380 0000027c
capture_snapshot GLI1 00010000 30000000 2500000 1040 0 30000000 0 0 0 0 0 0 0 6dad0b20 00000029 79da2f8c 00000029 0103c30a 00000000 0103c30a 00000000 0000006a 00000000 00000000 00000000 0c2d2980 00000000 0103c374 00000000 00000000 00000000 00000000 00000039 008b3199 00000001 00000000 00000001 00000000 00000000 00000000 00000000 00000000 00000000 00000000 00000000 00000000 00000000 00000000 00000000 00000000 00000000 00000000 00000000 4009fb2c 0000008a 79da2fa5 00000029 00000000 00000000 00000000 00000000 00000100 00000080 00000000 00000000 00000000 00000000 00000000 00000000 00000000 00003333 00004ccd 00002667 00000001 00000000 01c9c380 0000027c
capture_snapshot GLI1 00010000 30000000 2500000 1041 0 30000000 0 0 0 0 0 0 0 6dad0b20 00000029 79dd3094 00000029 01040320 00000000 01040320 00000000 0000006a 00000000 00000000 00000000 0c302a89 00000000 0104038a 00000000 00000000 00000000 00000000 00000039 008b3199 00000001 00000000 00000001 00000000 00000000 00000000 00000000 00000000 00000000 00000000 00000000 00000000 00000000 00000000 00000000 00000000 00000000 00000000 00000000 4013fe89 0000008a 79dd30ae 00000029 00000000 00000000 00000000 00000000 00000100 00000080 00000000 00000000 00000000 00000000 00000000 00000000 00000000 00003333 00004ccd 00002667 00000001 00000000 01c9c380 0000027c
capture_snapshot GLI1 00010000 30000000 2500000 1042 0 30000000 0 0 0 0 0 0 0 6dad0b20 00000029 79e02e3c 00000029 010442ee 00000000 010442ee 00000000 0000006a 00000000 00000000 00000000 0c33282b 00000000 01044358 00000000 00000000 00000000 00000000 00000039 008b3199 00000001 00000000 00000001 00000000 00000000 00000000 00000000 00000000 00000000 00000000 00000000 00000000 00000000 00000000 00000000 00000000 00000000 00000000 00000000 401df694 0000008a 79e02e50 00000029 00000000 00000000 00000000 00000000 00000100 00000080 00000000 00000000 00000000 00000000 00000000 00000000 00000000 00003333 00004ccd 00002667 00000001 00000000 01c9c380 0000027c
capture_snapshot GLI1 00010000 30000000 2500000 1043 0 30000000 0 0 0 0 0 0 0 6dad0b20 00000029 79e3319c 00000029 01048336 00000000 01048336 00000000 0000006a 00000000 00000000 00000000 0c362b88 00000000 010483a0 00000000 00000000 00000000 00000000 00000039 008b3199 00000001 00000000 00000001 00000000 00000000 00000000 00000000 00000000 00000000 00000000 00000000 00000000 00000000 00000000 00000000 00000000 00000000 00000000 00000000 402801b5 0000008a 79e331ad 00000029 00000000 00000000 00000000 00000000 00000101 00000081 00000000 00000000 00000000 00000000 00000000 00000000 00000000 00003333 00004ccd 00002667 00000001 00000000 01c9c380 0000027c
capture_snapshot GLI1 00010000 30000000 2500000 1044 0 30000000 0 0 0 0 0 0 0 6dad0b20 00000029 79e63430 00000029 0104c36d 00000000 0104c36d 00000000 0000006a 00000000 00000000 00000000 0c392e20 00000000 0104c3d7 00000000 00000000 00000000 00000000 00000039 008b3199 00000001 00000000 00000001 00000000 00000000 00000000 00000000 00000000 00000000 00000000 00000000 00000000 00000000 00000000 00000000 00000000 00000000 00000000 00000000 40320a48 0000008a 79e63445 00000029 00000000 00000000 00000000 00000000 00000101 00000080 00000000 00000000 00000000 00000000 00000000 00000000 00000000 00003333 00004ccd 00002667 00000001 00000000 01c9c380 0000027c
capture_snapshot GLI1 00010000 30000000 2500000 1045 0 30000000 0 0 0 0 0 0 0 6dad0b20 00000029 79e93f94 00000029 01050460 00000000 01050460 00000000 0000006a 00000000 00000000 00000000 0c3c3980 00000000 010504ca 00000000 00000000 00000000 00000000 00000039 008b3199 00000001 00000000 00000001 00000000 00000000 00000000 00000000 00000000 00000000 00000000 00000000 00000000 00000000 00000000 00000000 00000000 00000000 00000000 00000000 403c301d 0000008a 79e93fa5 00000029 00000000 00000000 00000000 00000000 00000100 00000080 00000000 00000000 00000000 00000000 00000000 00000000 00000000 00003333 00004ccd 00002667 00000001 00000000 01c9c380 0000027c
capture_snapshot GLI1 00010000 30000000 2500000 1046 0 30000000 0 0 0 0 0 0 0 6dad0b20 00000029 79ec31a8 00000029 01054337 00000000 01054337 00000000 0000006a 00000000 00000000 00000000 0c3f2b98 00000000 010543a1 00000000 00000000 00000000 00000000 00000039 008b3199 00000001 00000000 00000001 00000000 00000000 00000000 00000000 00000000 00000000 00000000 00000000 00000000 00000000 00000000 00000000 00000000 00000000 00000000 00000000 404601b0 0000008a 79ec31bd 00000029 00000000 00000000 00000000 00000000 00000101 00000081 00000000 00000000 00000000 00000000 00000000 00000000 00000000 00003333 00004ccd 00002667 00000001 00000000 01c9c380 0000027c
capture_snapshot GLI1 00010000 30000000 2500000 1047 0 30000000 0 0 0 0 0 0 0 6dad0b20 00000029 79ef3178 00000029 01058333 00000000 01058333 00000000 0000006a 00000000 00000000 00000000 0c422b62 00000000 0105839d 00000000 00000000 00000000 00000000 00000039 008b3199 00000001 00000000 00000001 00000000 00000000 00000000 00000000 00000000 00000000 00000000 00000000 00000000 00000000 00000000 00000000 00000000 00000000 00000000 00000000 405000ea 0000008a 79ef3187 00000029 00000000 00000000 00000000 00000000 00000100 00000081 00000000 00000000 00000000 00000000 00000000 00000000 00000000 00003333 00004ccd 00002667 00000001 00000000 01c9c380 0000027c
capture_snapshot GLI1 00010000 30000000 2500000 1048 0 30000000 0 0 0 0 0 0 0 6dad0b20 00000029 79f23124 00000029 0105c32c 00000000 0105c32c 00000000 0000006a 00000000 00000000 00000000 0c452b17 00000000 0105c396 00000000 00000000 00000000 00000000 00000039 008b3199 00000001 00000000 00000001 00000000 00000000 00000000 00000000 00000000 00000000 00000000 00000000 00000000 00000000 00000000 00000000 00000000 00000000 00000000 00000000 4059ffdd 0000008a 79f2313c 00000029 00000000 00000000 00000000 00000000 00000100 00000080 00000000 00000000 00000000 00000000 00000000 00000000 00000000 00003333 00004ccd 00002667 00000001 00000000 01c9c380 0000027c
capture_snapshot GLI1 00010000 30000000 2500000 1049 0 30000000 0 0 0 0 0 0 0 6dad0b20 00000029 79f53430 00000029 0106036d 00000000 0106036d 00000000 0000006a 00000000 00000000 00000000 0c482e1e 00000000 010603d7 00000000 00000000 00000000 00000000 00000039 008b3199 00000001 00000000 00000001 00000000 00000000 00000000 00000000 00000000 00000000 00000000 00000000 00000000 00000000 00000000 00000000 00000000 00000000 00000000 00000000 406409e1 0000008a 79f53443 00000029 00000000 00000000 00000000 00000000 00000100 00000080 00000000 00000000 00000000 00000000 00000000 00000000 00000000 00003333 00004ccd 00002667 00000001 00000000 01c9c380 0000027c
capture_snapshot GLI1 00010000 30000000 2500000 1050 0 30000000 0 0 0 0 0 0 0 6dad0b20 00000029 79f82f38 00000029 01064303 00000000 01064303 00000000 0000006a 00000000 00000000 00000000 0c4b2925 00000000 0106436d 00000000 00000000 00000000 00000000 00000039 008b3199 00000001 00000000 00000001 00000000 00000000 00000000 00000000 00000000 00000000 00000000 00000000 00000000 00000000 00000000 00000000 00000000 00000000 00000000 00000000 406df938 0000008a 79f82f4a 00000029 00000000 00000000 00000000 00000000 00000101 00000080 00000000 00000000 00000000 00000000 00000000 00000000 00000000 00003333 00004ccd 00002667 00000001 00000000 01c9c380 0000027c
capture_snapshot GLI1 00010000 30000000 2500000 1051 0 30000000 0 0 0 0 0 0 0 6dad0b20 00000029 79fb31a8 00000029 01068337 00000000 01068337 00000000 0000006a 00000000 00000000 00000000 0c4e2b99 00000000 010683a1 00000000 00000000 00000000 00000000 00000039 008b3199 00000001 00000000 00000001 00000000 00000000 00000000 00000000 00000000 00000000 00000000 00000000 00000000 00000000 00000000 00000000 00000000 00000000 00000000 00000000 40780151 0000008a 79fb31be 00000029 00000000 00000000 00000000 00000000 00000100 00000080 00000000 00000000 00000000 00000000 00000000 00000000 00000000 00003333 00004ccd 00002667 00000001 00000000 01c9c380 0000027c
capture_snapshot GLI1 00010000 30000000 2500000 1052 0 30000000 0 0 0 0 0 0 0 6dad0b20 00000029 79fe3268 00000029 0106c347 00000000 0106c347 00000000 0000006a 00000000 00000000 00000000 0c512c54 00000000 0106c3b1 00000000 00000000 00000000 00000000 00000039 008b3199 00000001 00000000 00000001 00000000 00000000 00000000 00000000 00000000 00000000 00000000 00000000 00000000 00000000 00000000 00000000 00000000 00000000 00000000 00000000 408203ae 0000008a 79fe3279 00000029 00000000 00000000 00000000 00000000 00000101 00000081 00000000 00000000 00000000 00000000 00000000 00000000 00000000 00003333 00004ccd 00002667 00000001 00000000 01c9c380 0000027c
capture_snapshot GLI1 00010000 30000000 2500000 1053 0 30000000 0 0 0 0 0 0 0 6dad0b20 00000029 7a013184 00000029 01070334 00000000 01070334 00000000 0000006a 00000000 00000000 00000000 0c542b6e 00000000 0107039e 00000000 00000000 00000000 00000000 00000039 008b3199 00000001 00000000 00000001 00000000 00000000 00000000 00000000 00000000 00000000 00000000 00000000 00000000 00000000 00000000 00000000 00000000 00000000 00000000 00000000 408c009b 0000008a 7a013193 00000029 00000000 00000000 00000000 00000000 00000101 00000080 00000000 00000000 00000000 00000000 00000000 00000000 00000000 00003333 00004ccd 00002667 00000001 00000000 01c9c380 0000027c
capture_snapshot GLI1 00010000 30000000 2500000 1054 0 30000000 0 0 0 0 0 0 0 6dad0b20 00000029 7a04316c 00000029 01074332 00000000 01074332 00000000 0000006a 00000000 00000000 00000000 0c572b5f 00000000 0107439c 00000000 00000000 00000000 00000000 00000039 008b3199 00000001 00000000 00000001 00000000 00000000 00000000 00000000 00000000 00000000 00000000 00000000 00000000 00000000 00000000 00000000 00000000 00000000 00000000 00000000 40960056 0000008a 7a043184 00000029 00000000 00000000 00000000 00000000 00000101 00000080 00000000 00000000 00000000 00000000 00000000 00000000 00000000 00003333 00004ccd 00002667 00000001 00000000 01c9c380 0000027c
capture_snapshot GLI1 00010000 30000000 2500000 1055 0 30000000 0 0 0 0 0 0 0 6dad0b20 00000029 7a073148 00000029 0107832f 00000000 0107832f 00000000 0000006a 00000000 00000000 00000000 0c5a2b32 00000000 01078399 00000000 00000000 00000000 00000000 00000039 008b3199 00000001 00000000 00000001 00000000 00000000 00000000 00000000 00000000 00000000 00000000 00000000 00000000 00000000 00000000 00000000 00000000 00000000 00000000 00000000 409fffac 0000008a 7a073157 00000029 00000000 00000000 00000000 00000000 00000100 00000080 00000000 00000000 00000000 00000000 00000000 00000000 00000000 00003333 00004ccd 00002667 00000001 00000000 01c9c380 0000027c
capture_snapshot GLI1 00010000 30000000 2500000 1056 0 30000000 0 0 0 0 0 0 0 6dad0b20 00000029 7a0a3034 00000029 0107c318 00000000 0107c318 00000000 0000006a 00000000 00000000 00000000 0c5d2a25 00000000 0107c382 00000000 00000000 00000000 00000000 00000039 008b3199 00000001 00000000 00000001 00000000 00000000 00000000 00000000 00000000 00000000 00000000 00000000 00000000 00000000 00000000 00000000 00000000 00000000 00000000 00000000 40a9fc1a 0000008a 7a0a304a 00000029 00000000 00000000 00000000 00000000 00000100 00000080 00000000 00000000 00000000 00000000 00000000 00000000 00000000 00003333 00004ccd 00002667 00000001 00000000 01c9c380 0000027c
capture_snapshot GLI1 00010000 30000000 2500000 1057 0 30000000 0 0 0 0 0 0 0 6dad0b20 00000029 7a0d3280 00000029 01080349 00000000 01080349 00000000 0000006a 00000000 00000000 00000000 0c602c71 00000000 010803b3 00000000 00000000 00000000 00000000 00000039 008b3199 00000001 00000000 00000001 00000000 00000000 00000000 00000000 00000000 00000000 00000000 00000000 00000000 00000000 00000000 00000000 00000000 00000000 00000000 00000000 40b403ad 0000008a 7a0d3296 00000029 00000000 00000000 00000000 00000000 00000101 00000080 00000000 00000000 00000000 00000000 00000000 00000000 00000000 00003333 00004ccd 00002667 00000001 00000000 01c9c380 0000027c
capture_snapshot GLI1 00010000 30000000 2500000 1058 0 30000000 0 0 0 0 0 0 0 6dad0b20 00000029 7a1032d4 00000029 01084350 00000000 01084350 00000000 0000006a 00000000 00000000 00000000 0c632cc5 00000000 010843ba 00000000 00000000 00000000 00000000 00000039 008b3199 00000001 00000000 00000001 00000000 00000000 00000000 00000000 00000000 00000000 00000000 00000000 00000000 00000000 00000000 00000000 00000000 00000000 00000000 00000000 40be04b3 0000008a 7a1032ea 00000029 00000000 00000000 00000000 00000000 00000100 00000080 00000000 00000000 00000000 00000000 00000000 00000000 00000000 00003333 00004ccd 00002667 00000001 00000000 01c9c380 0000027c
capture_snapshot GLI1 00010000 30000000 2500000 1059 0 30000000 0 0 0 0 0 0 0 6dad0b20 00000029 7a1332b0 00000029 0108834d 00000000 0108834d 00000000 0000006a 00000000 00000000 00000000 0c662ca3 00000000 010883b7 00000000 00000000 00000000 00000000 00000039 008b3199 00000001 00000000 00000001 00000000 00000000 00000000 00000000 00000000 00000000 00000000 00000000 00000000 00000000 00000000 00000000 00000000 00000000 00000000 00000000 40c8042e 0000008a 7a1332c8 00000029 00000000 00000000 00000000 00000000 00000101 00000081 00000000 00000000 00000000 00000000 00000000 00000000 00000000 00003333 00004ccd 00002667 00000001 00000000 01c9c380 0000027c
capture_snapshot GLI1 00010000 30000000 2500000 1060 0 30000000 0 0 0 0 0 0 0 6dad0b20 00000029 7a163034 00000029 0108c318 00000000 0108c318 00000000 0000006a 00000000 00000000 00000000 0c692a27 00000000 0108c382 00000000 00000000 00000000 00000000 00000039 008b3199 00000001 00000000 00000001 00000000 00000000 00000000 00000000 00000000 00000000 00000000 00000000 00000000 00000000 00000000 00000000 00000000 00000000 00000000 00000000 40d1fbd2 0000008a 7a16304c 00000029 00000000 00000000 00000000 00000000 00000101 00000081 00000000 00000000 00000000 00000000 00000000 00000000 00000000 00003333 00004ccd 00002667 00000001 00000000 01c9c380 0000027c
capture_snapshot GLI1 00010000 30000000 2500000 1061 0 30000000 0 0 0 0 0 0 0 6dad0b20 00000029 7a19316c 00000029 01090332 00000000 01090332 00000000 0000006a 00000000 00000000 00000000 0c6c2b59 00000000 0109039c 00000000 00000000 00000000 00000000 00000039 008b3199 00000001 00000000 00000001 00000000 00000000 00000000 00000000 00000000 00000000 00000000 00000000 00000000 00000000 00000000 00000000 00000000 00000000 00000000 00000000 40dbffb9 0000008a 7a19317e 00000029 00000000 00000000 00000000 00000000 00000100 00000080 00000000 00000000 00000000 00000000 00000000 00000000 00000000 00003333 00004ccd 00002667 00000001 00000000 01c9c380 0000027c
capture_snapshot GLI1 00010000 30000000 2500000 1062 0 30000000 0 0 0 0 0 0 0 6dad0b20 00000029 7a1c31cc 00000029 0109433a 00000000 01094339 00000000 0000006a 00000000 00000000 00000000 0c6f2bb5 00000000 010943a4 00000000 00000000 00000000 00000000 0000003b 008b3199 00000001 00000001 00000001 00000000 00000000 00000000 00000000 00000000 00000000 00000000 00000000 00000000 00000000 00000000 00000000 00000000 00000000 00000000 00000000 40e600da 0000008a 7a1c31da 00000029 00000000 00000000 00000000 00000000 00000101 00000081 00000000 00000000 00000000 00000000 00000000 00000000 00000000 00003333 00004ccd 00002667 00000001 00000000 01c9c380 0000027c
capture_snapshot GLI1 00010000 30000000 2500000 1063 0 30000000 0 0 0 0 0 0 0 6dad0b20 00000029 7a1f31f0 00000029 0109833d 00000000 0109833d 00000000 0000006a 00000000 00000000 00000000 0c722be1 00000000 010983a7 00000000 00000000 00000000 00000000 00000039 008b3199 00000001 00000000 00000001 00000000 00000000 00000000 00000000 00000000 00000000 00000000 00000000 00000000 00000000 00000000 00000000 00000000 00000000 00000000 00000000 40f00158 0000008a 7a1f3206 00000029 00000000 00000000 00000000 00000000 00000101 00000080 00000000 00000000 00000000 00000000 00000000 00000000 00000000 00003333 00004ccd 00002667 00000001 00000000 01c9c380 0000027c
capture_snapshot GLI1 00010000 30000000 2500000 1064 0 30000000 0 0 0 0 0 0 0 6dad0b20 00000029 7a22328c 00000029 0109c34a 00000000 0109c34a 00000000 0000006a 00000000 00000000 00000000 0c752c78 00000000 0109c3b4 00000000 00000000 00000000 00000000 00000039 008b3199 00000001 00000000 00000001 00000000 00000000 00000000 00000000 00000000 00000000 00000000 00000000 00000000 00000000 00000000 00000000 00000000 00000000 00000000 00000000 40fa033d 0000008a 7a22329d 00000029 00000000 00000000 00000000 00000000 00000101 00000081 00000000 00000000 00000000 00000000 00000000 00000000 00000000 00003333 00004ccd 00002667 00000001 00000000 01c9c380 0000027c
capture_snapshot GLI1 00010000 30000000 2500000 1065 0 30000000 0 0 0 0 0 0 0 6dad0b20 00000029 7a252f68 00000029 010a0307 00000000 010a0306 00000000 0000006a 00000000 00000000 00000000 0c782951 00000000 010a0371 00000000 00000000 00000000 00000000 0000003b 008b3199 00000001 00000001 00000001 00000000 00000000 00000000 00000000 00000000 00000000 00000000 00000000 00000000 00000000 00000000 00000000 00000000 00000000 00000000 00000000 4103f8a8 0000008a 7a252f76 00000029 00000000 00000000 00000000 00000000 00000101 00000080 00000000 00000000 00000000 00000000 00000000 00000000 00000000 00003333 00004ccd 00002667 00000001 00000000 01c9c380 0000027c
capture_snapshot GLI1 00010000 30000000 2500000 1066 0 30000000 0 0 0 0 0 0 0 6dad0b20 00000029 7a283094 00000029 010a4320 00000000 010a4320 00000000 0000006a 00000000 00000000 00000000 0c7b2a7d 00000000 010a438a 00000000 00000000 00000000 00000000 00000039 008b3199 00000001 00000000 00000001 00000000 00000000 00000000 00000000 00000000 00000000 00000000 00000000 00000000 00000000 00000000 00000000 00000000 00000000 00000000 00000000 410dfc7d 0000008a 7a2830a2 00000029 00000000 00000000 00000000 00000000 00000100 00000080 00000000 00000000 00000000 00000000 00000000 00000000 00000000 00003333 00004ccd 00002667 00000001 00000000 01c9c380 0000027c
capture_snapshot GLI1 00010000 30000000 2500000 1067 0 30000000 0 0 0 0 0 0 0 6dad0b20 00000029 7a2b3418 00000029 010a836b 00000000 010a836b 00000000 0000006a 00000000 00000000 00000000 0c7e2e0c 00000000 010a83d5 00000000 00000000 00000000 00000000 00000039 008b3199 00000001 00000000 00000001 00000000 00000000 00000000 00000000 00000000 00000000 00000000 00000000 00000000 00000000 00000000 00000000 00000000 00000000 00000000 00000000 41180845 0000008a 7a2b3431 00000029 00000000 00000000 00000000 00000000 00000101 00000081 00000000 00000000 00000000 00000000 00000000 00000000 00000000 00003333 00004ccd 00002667 00000001 00000000 01c9c380 0000027c
capture_snapshot GLI1 00010000 30000000 2500000 1068 0 30000000 0 0 0 0 0 0 0 6dad0b20 00000029 7a2e2fec 00000029 010ac312 00000000 010ac312 00000000 0000006a 00000000 00000000 00000000 0c8129dd 00000000 010ac37c 00000000 00000000 00000000 00000000 00000039 008b3199 00000001 00000000 00000001 00000000 00000000 00000000 00000000 00000000 00000000 00000000 00000000 00000000 00000000 00000000 00000000 00000000 00000000 00000000 00000000 4121fa40 0000008a 7a2e3002 00000029 00000000 00000000 00000000 00000000 00000101 00000081 00000000 00000000 00000000 00000000 00000000 00000000 00000000 00003333 00004ccd 00002667 00000001 00000000 01c9c380 0000027c
capture_snapshot GLI1 00010000 30000000 2500000 1069 0 30000000 0 0 0 0 0 0 0 6dad0b20 00000029 7a31313c 00000029 010b032e 00000000 010b032e 00000000 0000006a 00000000 00000000 00000000 0c842b2d 00000000 010b0398 00000000 00000000 00000000 00000000 00000039 008b3199 00000001 00000000 00000001 00000000 00000000 00000000 00000000 00000000 00000000 00000000 00000000 00000000 00000000 00000000 00000000 00000000 00000000 00000000 00000000 412bfe8d 0000008a 7a313152 00000029 00000000 00000000 00000000 00000000 00000100 00000080 00000000 00000000 00000000 00000000 00000000 00000000 00000000 00003333 00004ccd 00002667 00000001 00000000 01c9c380 0000027c
capture_snapshot GLI1 00010000 30000000 2500000 1070 0 30000000 0 0 0 0 0 0 0 6dad0b20 00000029 7a342ef0 00000029 010b42fd 00000000 010b42fd 00000000 0000006a 00000000 00000000 00000000 0c8728df 00000000 010b4367 00000000 00000000 00000000 00000000 00000039 008b3199 00000001 00000000 00000001 00000000 00000000 00000000 00000000 00000000 00000000 00000000 00000000 00000000 00000000 00000000 00000000 00000000 00000000 00000000 00000000 4135f6c9 0000008a 7a342f04 00000029 00000000 00000000 00000000 00000000 00000101 00000080 00000000 00000000 00000000 00000000 00000000 00000000 00000000 00003333 00004ccd 00002667 00000001 00000000 01c9c380 0000027c
capture_snapshot GLI1 00010000 30000000 2500000 1071 0 30000000 0 0 0 0 0 0 0 6dad0b20 00000029 7a372ea8 00000029 010b82f7 00000000 010b82f7 00000000 0000006a 00000000 00000000 00000000 0c8a289b 00000000 010b8361 00000000 00000000 00000000 00000000 00000039 008b3199 00000001 00000000 00000001 00000000 00000000 00000000 00000000 00000000 00000000 00000000 00000000 00000000 00000000 00000000 00000000 00000000 00000000 00000000 00000000 413ff5d3 0000008a 7a372ec0 00000029 00000000 00000000 00000000 00000000 00000101 00000080 00000000 00000000 00000000 00000000 00000000 00000000 00000000 00003333 00004ccd 00002667 00000001 00000000 01c9c380 0000027c
capture_snapshot GLI1 00010000 30000000 2500000 1072 0 30000000 0 0 0 0 0 0 0 6dad0b20 00000029 7a3a3340 00000029 010bc359 00000000 010bc359 00000000 0000006a 00000000 00000000 00000000 0c8d2d2a 00000000 010bc3c3 00000000 00000000 00000000 00000000 00000039 008b3199 00000001 00000000 00000001 00000000 00000000 00000000 00000000 00000000 00000000 00000000 00000000 00000000 00000000 00000000 00000000 00000000 00000000 00000000 00000000 414a04f4 0000008a 7a3a334f 00000029 00000000 00000000 00000000 00000000 00000100 00000080 00000000 00000000 00000000 00000000 00000000 00000000 00000000 00003333 00004ccd 00002667 00000001 00000000 01c9c380 0000027c
capture_snapshot GLI1 00010000 30000000 2500000 1073 0 30000000 0 0 0 0 0 0 0 6dad0b20 00000029 7a3d3190 00000029 010c0335 00000000 010c0335 00000000 0000006a 00000000 00000000 00000000 0c902b80 00000000 010c039f 00000000 00000000 00000000 00000000 00000039 008b3199 00000001 00000000 00000001 00000000 00000000 00000000 00000000 00000000 00000000 00000000 00000000 00000000 00000000 00000000 00000000 00000000 00000000 00000000 00000000 4153ff52 0000008a 7a3d31a5 00000029 00000000 00000000 00000000 00000000 00000101 00000080 00000000 00000000 00000000 00000000 00000000 00000000 00000000 00003333 00004ccd 00002667 00000001 00000000 01c9c380 0000027c
capture_snapshot GLI1 00010000 30000000 2500000 1074 0 30000000 0 0 0 0 0 0 0 6dad0b20 00000029 7a403910 00000029 010c43d5 00000000 010c43d5 00000000 0000006a 00000000 00000000 00000000 0c933304 00000000 010c443f 00000000 00000000 00000000 00000000 00000039 008b3199 00000001 00000000 00000001 00000000 00000000 00000000 00000000 00000000 00000000 00000000 00000000 00000000 00000000 00000000 00000000 00000000 00000000 00000000 00000000 415e184b 0000008a 7a403929 00000029 00000000 00000000 00000000 00000000 00000100 00000080 00000000 00000000 00000000 00000000 00000000 00000000 00000000 00003333 00004ccd 00002667 00000001 00000000 01c9c380 0000027c
capture_snapshot GLI1 00010000 30000000 2500000 1075 0 30000000 0 0 0 0 0 0 0 6dad0b20 00000029 7a43307c 00000029 010c831e 00000000 010c831e 00000000 0000006a 00000000 00000000 00000000 0c962a6e 00000000 010c8388 00000000 00000000 00000000 00000000 00000039 008b3199 00000001 00000000 00000001 00000000 00000000 00000000 00000000 00000000 00000000 00000000 00000000 00000000 00000000 00000000 00000000 00000000 00000000 00000000 00000000 4167fb9a 0000008a 7a433093 00000029 00000000 00000000 00000000 00000000 00000101 00000080 00000000 00000000 00000000 00000000 00000000 00000000 00000000 00003333 00004ccd 00002667 00000001 00000000 01c9c380 0000027c
capture_snapshot GLI1 00010000 30000000 2500000 1076 0 30000000 0 0 0 0 0 0 0 6dad0b20 00000029 7a462fa4 00000029 010cc30c 00000000 010cc30c 00000000 0000006a 00000000 00000000 00000000 0c992993 00000000 010cc376 00000000 00000000 00000000 00000000 00000039 008b3199 00000001 00000000 00000001 00000000 00000000 00000000 00000000 00000000 00000000 00000000 00000000 00000000 00000000 00000000 00000000 00000000 00000000 00000000 00000000 4171f8ac 0000008a 7a462fb8 00000029 00000000 00000000 00000000 00000000 00000101 00000080 00000000 00000000 00000000 00000000 00000000 00000000 00000000 00003333 00004ccd 00002667 00000001 00000000 01c9c380 0000027c
capture_snapshot GLI1 00010000 30000000 2500000 1077 0 30000000 0 0 0 0 0 0 0 6dad0b20 00000029 7a49331c 00000029 010d0356 00000000 010d0356 00000000 0000006a 00000000 00000000 00000000 0c9c2d06 00000000 010d03c0 00000000 00000000 00000000 00000000 00000039 008b3199 00000001 00000000 00000001 00000000 00000000 00000000 00000000 00000000 00000000 00000000 00000000 00000000 00000000 00000000 00000000 00000000 00000000 00000000 00000000 417c0419 0000008a 7a49332b 00000029 00000000 00000000 00000000 00000000 00000101 00000081 00000000 00000000 00000000 00000000 00000000 00000000 00000000 00003333 00004ccd 00002667 00000001 00000000 01c9c380 0000027c
capture_snapshot GLI1 00010000 30000000 2500000 1078 0 30000000 0 0 0 0 0 0 0 6dad0b20 00000029 7a4c30b8 00000029 010d4323 00000000 010d4323 00000000 0000006a 00000000 00000000 00000000 0c9f2aab 00000000 010d438d 00000000 00000000 00000000 00000000 00000039 008b3199 00000001 00000000 00000001 00000000 00000000 00000000 00000000 00000000 00000000 00000000 00000000 00000000 00000000 00000000 00000000 00000000 00000000 00000000 00000000 4185fc2d 0000008a 7a4c30d0 00000029 00000000 00000000 00000000 00000000 00000100 00000080 00000000 00000000 00000000 00000000 00000000 00000000 00000000 00003333 00004ccd 00002667 00000001 00000000 01c9c380 0000027c
capture_snapshot GLI1 00010000 30000000 2500000 1079 0 30000000 0 0 0 0 0 0 0 6dad0b20 00000029 7a4f30ac 00000029 010d8322 00000000 010d8322 00000000 0000006a 00000000 00000000 00000000 0ca22a97 00000000 010d838c 00000000 00000000 00000000 00000000 00000039 008b3199 00000001 00000000 00000001 00000000 00000000 00000000 00000000 00000000 00000000 00000000 00000000 00000000 00000000 00000000 00000000 00000000 00000000 00000000 00000000 418ffbd7 0000008a 7a4f30bc 00000029 00000000 00000000 00000000 00000000 00000100 00000080 00000000 00000000 00000000 00000000 00000000 00000000 00000000 00003333 00004ccd 00002667 00000001 00000000 01c9c380 0000027c
capture_snapshot GLI1 00010000 30000000 2500000 1080 0 30000000 0 0 0 0 0 0 0 6dad0b20 00000029 7a52313c 00000029 010dc32e 00000000 010dc32e 00000000 0000006a 00000000 00000000 00000000 0ca52b2f 00000000 010dc398 00000000 00000000 00000000 00000000 00000039 008b3199 00000001 00000000 00000001 00000000 00000000 00000000 00000000 00000000 00000000 00000000 00000000 00000000 00000000 00000000 00000000 00000000 00000000 00000000 00000000 4199fdbc 0000008a 7a523154 00000029 00000000 00000000 00000000 00000000 00000101 00000080 00000000 00000000 00000000 00000000 00000000 00000000 00000000 00003333 00004ccd 00002667 00000001 00000000 01c9c380 0000027c
capture_snapshot GLI1 00010000 30000000 2500000 1081 0 30000000 0 0 0 0 0 0 0 6dad0b20 00000029 7a55265c 00000029 010e0246 00000000 010e0246 00000000 0000006a 00000000 00000000 00000000 0ca8204d 00000000 010e02b0 00000000 00000000 00000000 00000000 00000039 008b3199 00000001 00000000 00000001 00000000 00000000 00000000 00000000 00000000 00000000 00000000 00000000 00000000 00000000 00000000 00000000 00000000 00000000 00000000 00000000 41a3d962 0000008a 7a552672 00000029 00000000 00000000 00000000 00000000 00000101 00000080 00000000 00000000 00000000 00000000 00000000 00000000 00000000 00003333 00004ccd 00002667 00000001 00000000 01c9c380 0000027c
capture_snapshot GLI1 00010000 30000000 2500000 1082 0 30000000 0 0 0 0 0 0 0 6dad0b20 00000029 7a582080 00000029 010e41c9 00000000 010e41c9 00000000 0000006a 00000000 00000000 00000000 0cab1a6b 00000000 010e4233 00000000 00000000 00000000 00000000 00000039 008b3199 00000001 00000000 00000001 00000000 00000000 00000000 00000000 00000000 00000000 00000000 00000000 00000000 00000000 00000000 00000000 00000000 00000000 00000000 00000000 41adc5b5 0000008a 7a582090 00000029 00000000 00000000 00000000 00000000 00000100 00000080 00000000 00000000 00000000 00000000 00000000 00000000 00000000 00003333 00004ccd 00002667 00000001 00000000 01c9c380 0000027c
capture_snapshot GLI1 00010000 30000000 2500000 1083 0 30000000 0 0 0 0 0 0 0 6dad0b20 00000029 7a5b2068 00000029 010e81c7 00000000 010e81c7 00000000 0000006a 00000000 00000000 00000000 0cae1a54 00000000 010e8231 00000000 00000000 00000000 00000000 00000039 008b3199 00000001 00000000 00000001 00000000 00000000 00000000 00000000 00000000 00000000 00000000 00000000 00000000 00000000 00000000 00000000 00000000 00000000 00000000 00000000 41b7c554 0000008a 7a5b2079 00000029 00000000 00000000 00000000 00000000 00000101 00000080 00000000 00000000 00000000 00000000 00000000 00000000 00000000 00003333 00004ccd 00002667 00000001 00000000 01c9c380 0000027c
capture_snapshot GLI1 00010000 30000000 2500000 1084 0 30000000 0 0 0 0 0 0 0 6dad0b20 00000029 7a5e1f6c 00000029 010ec1b2 00000000 010ec1b2 00000000 0000006a 00000000 00000000 00000000 0cb11956 00000000 010ec21c 00000000 00000000 00000000 00000000 00000039 008b3199 00000001 00000000 00000001 00000000 00000000 00000000 00000000 00000000 00000000 00000000 00000000 00000000 00000000 00000000 00000000 00000000 00000000 00000000 00000000 41c1c1f2 0000008a 7a5e1f7b 00000029 00000000 00000000 00000000 00000000 00000100 00000081 00000000 00000000 00000000 00000000 00000000 00000000 00000000 00003333 00004ccd 00002667 00000001 00000000 01c9c380 0000027c
capture_final_snapshot GLI1 00010000 30000000 2500000 1086 0 30000000 0 0 0 0 0 0 0 6dad0b20 00000029 7a5e8950 00000029 010eca85 00000000 010eca85 00000000 0000006a 00000000 00000000 00000000 0cb1833e 00000000 010ecaf0 00000000 00000000 00000000 00000000 00000038 008b3199 00000001 00000000 00000001 00000000 00000000 00000000 00000000 00000000 00000000 00000000 00000000 00000000 00000000 00000000 00000000 00000000 00000000 00000000 00000000 41c32ca3 0000008a 7a5e8c4b 00000029 00000000 00000000 00000000 00000000 00000101 00000080 00000000 00000000 00000000 00000000 00000000 00000000 00000000 00003333 00004ccd 00002667 00000001 00000000 01c9c380 0000027c
capture_final_extension_snapshot GLI1 00010000 1086 9122201 30000000 00000007 00000000 7a5e8963 00000029 00000000 00000000 00000000 00000000 00000000 00000000 00000000 00000000 00000000 00000000 00000000 00000000
tracking_snapshot GLT1SNAP 00010000 474c5431 00000020 00000004 7a5efec5 00000029 00000002 00000008 00000000 00000000 00000000 00000000 00000000 00000000 00000000 00000000 00000000 00000000 00000000 00000000 00000000 01c9c380 00009ab0 b04a2fab 00000001
tracking_snapshot GLT1SNAP 00010000 474c5431 00000022 00000004 7a5f26c4 00000029 00000002 00000000 00000000 00000000 00000000 00000000 00000000 00000000 00000000 00000000 00000000 00000000 00000000 00000000 00000000 01c9c380 00009ab0 b04a2fab 00000001
