segment_index,segment_qualified,frame_index,capture_time_s,measurement_supported,absolute_cfo_measurement_hz,tracked_absolute_cfo_hz,frozen_model_cfo_hz,measurement_residual_hz,tracked_residual_hz,tracked_doppler_rate_hz_s,phase_innovation_modulo_pi_rad,phase_update_applied,frequency_update_applied
176,False,0,52.2257332,True,-70801.16333403156,-70801.16333403156,-70796.19444964579,-4.968884385772981,-4.968884385772981,0.0,0.0,True,True
176,False,1,52.2270664,True,-70807.60536930339,-70830.05314463386,-70801.90137756385,-5.7039917395450175,-28.151767070012284,-2954.5426454348567,-0.2775328548565785,True,True
176,False,2,52.2284,True,-70828.470615087,-70843.2100855446,-70807.61001773154,-20.86059735546587,-35.600067813065834,-6006.9224494288055,-0.09680088015665334,True,True
176,False,3,52.2297332,True,-70838.15275890332,-70852.8249154023,-70813.3169456496,-24.835813253725064,-39.50796975271078,-6375.416876786349,-0.03105521264240574,True,True
176,False,4,52.2310664,True,-70808.45678730283,-70853.68288795366,-70819.02387356768,10.56708626485488,-34.65901438597939,-4070.125305650321,0.04917073901795299,True,True
176,False,5,52.2324,True,-70812.90849437026,-70824.05204023684,-70824.73251373533,11.824019365070853,0.6804734984907554,3784.354345824837,0.5213016331215496,True,True
176,False,6,52.2337332,True,-70786.66575608678,-70824.08947896025,-70830.43944165343,43.77368556665897,6.34996269318799,2862.3909100412147,-0.11760658750751318,True,True
176,False,7,52.2350664,True,-70840.5754415006,-70807.18279502066,-70836.14636957149,-4.429071929102065,28.963574550827616,5011.65346798649,0.3290726731427349,True,True
176,False,8,52.2364,True,-70835.45773349768,-70815.94647971205,-70841.85500973917,6.397276241492364,25.90853002712538,2748.9118659859305,-0.4379826971398879,True,True
176,False,9,52.2377332,True,-70816.19949816978,-70830.63716525883,-70847.56193765723,31.362439487449592,16.92477239840082,358.92824575764286,-0.601887861553052,True,True
176,False,10,52.2390664,True,-70794.52714517289,-70831.78868887009,-70853.2688655753,58.741720402409555,21.480176705212216,172.44785235500407,-0.07457800905242973,True,True
176,False,11,52.2404,True,-70826.32963953866,-70819.21213343646,-70858.97750574298,32.64786620432278,39.76537230651593,-839.5396557196776,-0.06993207149456637,True,True
176,False,12,52.2417332,True,-70795.13732769871,-70789.6626768297,-70864.68443366104,69.54710596232326,75.02175683133828,-630.0389705645778,0.28785926063380773,True,True
176,False,13,52.243066400000004,True,-70848.37261037699,-70816.01930006086,-70870.39136157914,22.01875120215118,54.37206151828286,-3396.7815437360473,-0.402568372820856,True,True
176,False,14,52.2444,True,-70849.52193014538,-70847.14122436743,-70876.10000174679,26.578071601412375,28.95877737936098,-8980.3133999887,-0.4707526605515824,True,True
176,False,15,52.245733200000004,True,-70844.20164397825,-70853.17429758939,-70881.80692966488,37.60528568662994,28.6326320754888,-7583.320573734354,0.09453128039852654,True,True
176,False,16,52.2470664,True,-70833.68074119701,-70868.13684302104,-70887.51385758293,53.83311638592568,19.377014561890974,-8524.114057644036,-0.11182857623895615,True,True
176,False,17,52.248400000000004,True,-70835.58120886653,-70873.28455071032,-70893.22249775061,57.64128888408595,19.937947040292784,-7371.3562605108045,0.11237161324239864,True,True
176,False,18,52.2497332,True,-70832.46440541004,-70856.67608190548,-70898.92942566868,66.46502025864902,42.25334376320825,-3181.891943130787,0.6273471865876283,True,True
176,False,19,52.2510664,True,-70813.73587925856,-70859.12693663234,-70904.63635358674,90.90047432818392,45.509416954402695,-2916.2731501209964,0.04047933328725195,True,True
176,False,20,52.2524,True,-70795.59273729964,-70855.15466521887,-70910.34499375442,114.75225645478349,55.19032853555109,-1911.3838819522502,0.25132770831321505,True,True
176,False,21,52.2537332,True,-70813.78344882805,-70836.11315689865,-70916.05192167248,102.2684728444292,79.9387647738331,561.9533595235691,0.9086766370006951,True,True
176,False,22,52.255066400000004,True,-70819.5837693,-70826.35487588351,-70921.75884959058,102.17508029057353,95.40397370707069,1504.8988153121263,0.4375877201723144,True,True
176,False,23,52.2564,True,-70805.27141554122,-70814.1565500623,-70927.46748975823,122.19607421700493,113.31093969593348,2488.16898887641,0.5112206708767624,True,True
176,False,24,52.257733200000004,True,-70832.43280331763,-70811.3797888665,-70933.17441767632,100.74161435868882,121.79462880981737,2438.430256426591,-0.031247902203577427,True,True
176,False,25,52.2590664,True,-70825.09540373266,-70814.80830556469,-70938.88134559439,113.78594186172995,124.0730400297034,1875.2553470020011,-0.46091624689746147,True,True
176,False,26,52.260400000000004,True,-70839.36123042717,-70821.89429488324,-70944.58998576207,105.2287553349015,122.69569087882701,1113.3028595373037,-0.7145621732912197,True,True
176,False,27,52.2617332,True,-70855.01760111963,-70825.56640465875,-70950.29691368013,95.27931256049487,124.73050902137766,723.3012190431612,-0.4087922485855131,True,True
176,False,28,52.2630664,True,-70872.01376017185,-70833.97547693586,-70956.00384159818,83.99008142633829,122.02836466232839,45.09183218285835,-0.8344588850110037,True,True
176,False,29,52.2644,True,-70880.09981027454,-70834.02685699682,-70961.71248176586,81.61267149132618,127.68562476904481,36.04827338331979,-1.4126813822810016,False,True
176,False,30,52.2657332,True,-70896.4163050833,-70834.13873006184,-70967.41940968393,71.00310460063338,133.28067962209752,24.037105474441294,1.432172714535369,False,True
176,False,31,52.267066400000004,True,-70884.05748519,-70834.24879844535,-70973.12633760202,89.06885241201962,138.87753915667417,14.102984108210793,0.6804572807995428,False,True
176,False,32,52.2684,True,-70874.68158067482,-70834.07780409942,-70978.83497776967,104.15339709485124,144.7571736702521,21.900800065743105,0.016607898590450976,True,True
176,False,33,52.269733200000005,True,-70879.74797466809,-70834.79414383446,-70984.54190568777,104.79393101968162,149.74776185331575,-22.24968358752669,-0.07446135017112887,True,True
176,False,34,52.2710664,True,-70874.71906797063,-70834.88119377449,-70990.24883360583,115.52976563520497,155.36763983134006,-26.515810200232742,-0.5987461830390741,False,True
176,False,35,52.272400000000005,True,-70860.0753035775,-70840.49134060864,-70995.95747377351,135.88217019601143,155.46613316486764,-341.5430328382106,-0.6425046607430884,True,True
176,False,36,52.2737332,True,-70886.85005659524,-70847.80059915413,-71001.66440169157,114.81434509632527,153.86380253743846,-731.0833021744849,-0.9651473207286632,True,True
176,False,37,52.2750664,True,-70941.13045322412,-70848.87239339213,-71007.37132960962,66.24087638550554,158.49893621749652,-738.6289575267011,-1.2591556135270765,False,True
176,False,38,52.2764,True,-70986.4552559315,-70841.40002856008,-71013.07996977732,26.62471384581295,171.6799412172404,-258.6864373491287,1.057331201752087,True,True
176,False,39,52.2777332,True,-70956.74087373045,-70846.44124190055,-71018.78689769538,62.04602396492555,172.34565579482296,-533.4162389547541,-0.840173331862859,True,True
176,False,40,52.279066400000005,True,-70966.8437107853,-70847.28515591029,-71024.49382561346,57.650114828167716,177.2086697031773,-543.8463773992003,1.3427508715687981,False,True
176,False,41,52.2804,True,-70959.55548377294,-70844.12838786382,-71030.20246578111,70.64698200816929,186.07407791729202,-320.54662884786916,0.5678107093572509,True,True
176,False,42,52.2817332,True,-70959.02052535956,-70850.47369873973,-71035.90939369918,76.8888683396217,185.4356949594512,-668.6605562007214,-0.860731506190167,True,True
176,False,43,52.2830664,True,-70937.00629951725,-70851.44643433452,-71041.61632161727,104.61002210002334,190.16988728275464,-675.0465172455848,1.4389276337080967,False,True
176,False,44,52.2844,True,-70968.1531455331,-70846.86777844005,-71047.32496178492,79.17181625182275,200.45718334487174,-358.33069963660756,0.7229304512727457,True,True
176,False,45,52.2857332,True,-70956.02197165556,-70847.46680603943,-71053.03188970301,97.0099180474499,205.56508366357593,-367.7118888435949,-0.7626680907622774,False,True
176,False,46,52.2870664,True,-71004.33082674607,-70848.1779826321,-71058.73881762108,54.40799087501364,210.5608349889808,-383.9070987329188,1.4929160533287305,False,True
176,False,47,52.2884,True,-71017.16159126883,-70848.68996113897,-71064.44745778876,47.285866519931005,215.7574966497923,-383.9070987329188,-0.0245624378974032,False,False
176,False,48,52.2897332,True,-71015.26052556327,-70849.5261726363,-71070.15438570682,54.89386014355114,220.62821307052218,-405.30435281133816,1.4900339776465161,False,True
176,False,49,52.2910664,True,-71003.04511795526,-70850.41980716823,-71075.86131362488,72.81619566961308,225.44150645664195,-427.4522778248337,-0.12650527368856346,False,True
176,False,50,52.2924,True,-70977.28249881513,-70851.38141931691,-71081.56995379257,104.2874549774424,230.18853447565925,-450.8195441619767,1.4667782666675535,False,True
176,False,51,52.2937332,True,-71017.25269540153,-70852.51981549124,-71087.27688171063,70.02418630909233,234.75706621939025,-481.3974608544728,0.3312417746359888,False,True
176,False,52,52.2950664,True,-71070.52831589465,-70853.16161458605,-71092.98380962871,22.45549373405811,239.82219504266686,-481.3974608544728,-1.2458873202875,False,False
176,False,53,52.2964,True,-71077.10939421046,-70853.80360623985,-71098.69244979636,21.583055585899274,244.8888435565168,-481.3974608544728,0.3217514877209289,False,False
176,False,54,52.2977332,True,-70989.06220840995,-70855.12338253797,-71104.39937771446,115.3371693045192,249.27599517648923,-515.1702750424082,1.567979611810311,False,True
176,False,55,52.2990664,True,-71060.77197572336,-70855.81020754865,-71110.10630563252,49.33432990916481,254.29609808386886,-515.1702750424082,-0.19020861470578776,False,False
177,False,0,52.301733999999996,True,-71089.8917639143,-71089.8917639143,-71121.52529821744,31.63353430313873,31.63353430313873,0.0,0.0,True,True
177,False,1,52.303067199999994,True,-71047.83933711017,-71014.38638398222,-71127.2322261355,79.39288902533008,112.84584215328505,18043.6281559668,0.6276493981558833,True,True
177,False,2,52.304400799999996,True,-71056.09917987461,-71087.55552742367,-71132.9408663032,76.84168642858276,45.38533887952508,-24046.219801983352,-0.7205344102306439,True,True
177,False,3,52.305733999999994,True,-71077.11378314019,-71110.0466039248,-71138.64779422125,61.53401108106482,28.60119029645284,-20255.18191516579,0.042117389844575914,True,True
177,False,4,52.3070672,True,-71060.02178109006,-71067.74029141708,-71144.35472213934,84.33294104927336,76.61443072225666,-1365.3545014813615,0.8222527799190829,True,True
177,False,5,52.308400799999994,True,-71044.63590929152,-71073.19058601848,-71150.06336230699,105.42745301546529,76.87277628851007,-2099.55182899516,-0.07396129032854204,True,True
177,False,6,52.309734,True,-71089.87845204433,-71077.99294252739,-71155.77029022509,65.8918381807598,77.77734769770177,-2492.0531677432436,-0.03176673874181124,True,True
177,False,7,52.3110672,True,-71041.46419502428,-71080.3817544207,-71161.47721814315,120.01302311886684,81.0954637224495,-2311.7755439570096,0.002789497945904884,True,True
177,False,8,52.3124008,True,-71022.3181840347,-71068.76232758793,-71167.18585831083,144.86767427613086,98.42353072289552,-147.7755674588684,0.396379272407259,True,True
177,False,9,52.313734,True,-71043.17231693647,-71066.12271556622,-71172.89278622888,129.72046929241333,106.77007066266378,229.4680663612046,0.08310443970325476,True,True
177,False,10,52.315067199999994,True,-71070.06496064187,-71057.73438714798,-71178.59971414696,108.53475350508234,120.86532699897361,1187.395728698179,0.3505005052260133,True,True
177,False,11,52.3164008,True,-71029.56269076122,-71033.43222255875,-71184.30835431463,154.74566355341813,150.87613175588194,2221.3972855416687,-0.06074740938247025,True,True
177,False,12,52.317733999999994,True,-71030.67478734683,-71083.39322424818,-71190.01528223269,159.34049488586606,106.62205798451032,2144.2851861342797,-0.5386105947098399,True,True
177,False,13,52.3190672,True,-71057.29002756375,-71049.64404337048,-71195.72221015078,138.43218258702836,146.07816678029485,5225.560016943964,0.5374071784244872,True,True
177,False,14,52.320400799999994,True,-71081.97053628141,-71063.70923877311,-71201.43085031844,119.46031403703091,137.72161154533387,703.5659061336321,-0.35326420663369795,True,True
177,False,15,52.321734,True,-71110.545517395,-71106.22832483074,-71207.13777823653,96.5922608415276,100.90945340579492,-9327.594954209468,-0.715996128574194,True,True
177,False,16,52.3230672,True,-71096.49808116654,-71140.17972040195,-71212.84470615459,116.34662498804391,72.6649857526354,-13733.392441282642,-0.41785055859274944,True,True
177,False,17,52.3244008,False,-71698.1826383264,-71158.49457256164,-71218.55334632227,-479.62929200413055,60.05877376062563,-13733.392441282642,1.331678252826208,False,False
177,False,18,52.325734,False,-73114.1026961998,-71176.80393136437,-71224.26027424034,-1889.84242195946,47.45634287597204,-13733.392441282642,-0.7913038193220984,False,False
177,False,19,52.327067199999995,False,-71531.71444242889,-71195.11329016708,-71229.9672021584,-301.74724027048796,34.853911991318455,-13733.392441282642,-0.9902290082941256,False,False
177,False,20,52.3284008,False,-72141.89772867586,-71213.42814232678,-71235.67584232608,-906.2218863497837,22.247699999294127,-13733.392441282642,1.3430585419486327,False,False
177,False,21,52.329733999999995,False,-72034.05183515916,-71231.7375011295,-71241.38277024413,-792.669064915026,9.645269114640541,-13733.392441282642,0.16163413900049317,False,False
177,False,22,52.3310672,False,-70231.76721296711,-71250.04685993222,-71247.08969816224,1015.3224851951236,-2.9571617699839408,-13733.392441282642,1.1038346607493104,False,False
177,False,23,52.332400799999995,False,-69225.78609993064,-71268.36171209192,-71252.79833832989,2027.012238399242,-15.563373762037372,-13733.392441282642,0.40531110118128666,False,False
177,False,24,52.333734,False,-70721.1432038882,-71286.67107089463,-71258.50526624797,537.3620623597672,-28.165804646661854,-13733.392441282642,-0.40657758326840643,False,False
177,False,25,52.3350672,False,-73114.1026961998,-71304.98042969736,-71264.21219416603,-1849.8905020337697,-40.76823553132999,-13733.392441282642,-0.3723331701930821,False,False
177,False,26,52.3364008,False,-69114.1026961998,-71323.29528185705,-71269.92083433372,2155.8181381339236,-53.374447523325216,-13733.392441282642,-0.4915386860676403,False,False
177,False,27,52.337734,False,-72512.28156996676,-71341.60464065977,-71275.62776225178,-1236.6538077149744,-65.97687840799335,-13733.392441282642,-0.5698833597263628,False,False
177,False,28,52.339067199999995,False,-71510.75876442502,-71359.9139994625,-71281.33469016984,-229.4240742551774,-78.57930929266149,-13733.392441282642,0.1585283280457115,False,False
177,False,29,52.3404008,False,-69114.1026961998,-71378.22885162219,-71287.04333033752,2172.940634137718,-91.18552128467127,-13733.392441282642,-1.0686778843865936,False,False
177,False,30,52.341733999999995,False,-70364.87824994624,-71396.53821042491,-71292.75025825559,927.8720083093503,-103.78795216932485,-13733.392441282642,0.5278191953717548,False,False
177,False,31,52.3430672,False,-71778.38217712508,-71414.84756922764,-71298.45718617368,-479.92499095140374,-116.39038305396389,-13733.392441282642,-1.3801857275136555,False,False
177,False,32,52.344400799999995,False,-70799.41423681632,-71433.16242138733,-71304.16582634133,504.7515895250108,-128.99659504600277,-13733.392441282642,-1.5413025031822007,False,False
177,False,33,52.345734,False,-72019.18614596246,-71451.47178019006,-71309.87275425941,-709.31339170305,-141.5990259306418,-13733.392441282642,-0.5494925437537681,False,False
177,False,34,52.3470672,False,-70704.91713345458,-71469.78113899278,-71315.57968217749,610.662548722903,-154.2014568152954,-13733.392441282642,-1.4078963048035866,False,False
177,False,35,52.3484008,False,-69209.72708795188,-71488.09599115247,-71321.28832234516,2111.561234393288,-166.80766880730516,-13733.392441282642,-1.2978555565252203,False,False
177,False,36,52.349734,False,-69450.17566790266,-71506.4053499552,-71326.99525026322,1876.8195823605638,-179.4100996919733,-13733.392441282642,-0.7747015899845225,False,False
177,False,37,52.351067199999996,False,-70739.45099880335,-71524.7147087579,-71332.70217818128,593.2511793779267,-192.0125305766269,-13733.392441282642,0.2776682382023772,False,False
177,False,38,52.3524008,False,-71628.49611163212,-71543.02956091761,-71338.41081834897,-290.0852932831476,-204.61874256863666,-13733.392441282642,0.8223316180823641,False,False
177,False,39,52.353733999999996,False,-72116.41583835315,-71561.33891972034,-71344.11774626703,-772.2980920861155,-217.2211734533048,-13733.392441282642,1.099529402576859,False,False
177,False,40,52.3550672,False,-71435.05070925932,-71579.64827852305,-71349.82467418512,-85.2260350741999,-229.82360433792928,-13733.392441282642,-1.4486040983329351,False,False
177,False,41,52.356400799999996,False,-72082.1291193051,-71597.96313068275,-71355.53331435277,-726.5958049523324,-242.4298163299827,-13733.392441282642,1.1187342190508796,False,False
177,False,42,52.357734,False,-70981.35840392926,-71616.27248948546,-71361.24024227087,379.88183834160736,-255.03224721459264,-13733.392441282642,1.1269000265630083,False,False
177,False,43,52.3590672,False,-70721.05100044627,-71634.58184828819,-71366.94717018893,645.8961697426566,-267.6346780992608,-13733.392441282642,0.6209230205772243,False,False
177,False,44,52.360400799999994,False,-70281.8856640595,-71652.89670044789,-71372.65581035658,1090.7701462970726,-280.2408900913142,-13733.392441282642,-0.2658546720109318,False,False
177,False,45,52.361734,False,-71682.29802207333,-71671.2060592506,-71378.36273827466,-303.9352837986662,-292.8433209759387,-13733.392441282642,-0.47415925170015605,False,False
177,False,46,52.363067199999996,False,-72318.02631327184,-71689.51541805333,-71384.06966619274,-933.9566470791033,-305.4457518605923,-13733.392441282642,1.4119359579986375,False,False
177,False,47,52.3644008,False,-73114.1026961998,-71707.83027021302,-71389.77830636041,-1724.3243898393848,-318.05196385260206,-13733.392441282642,0.816972920992507,False,False
177,False,48,52.365733999999996,False,-73114.1026961998,-71726.13962901574,-71395.48523427847,-1718.617461921327,-330.6543947372702,-13733.392441282642,-0.5603976609141534,False,False
177,False,49,52.367067199999994,False,-72402.93027893294,-71744.44898781847,-71401.19216219653,-1001.7381167364074,-343.25682562193833,-13733.392441282642,-0.43775070000245075,False,False
177,False,50,52.368400799999996,False,-71855.54621816309,-71762.76383997816,-71406.90080236422,-448.6454157988628,-355.86303761393356,-13733.392441282642,-0.9063431739940816,False,False
177,False,51,52.369733999999994,False,-70567.79873772015,-71781.07319878088,-71412.60773028228,844.8089925621316,-368.4654684986017,-13733.392441282642,-1.3125325848586424,False,False
177,False,52,52.3710672,False,-71048.38136696862,-71799.38255758361,-71418.31465820037,369.9332912317477,-381.06789938324073,-13733.392441282642,-0.04154832718342427,False,False
177,False,53,52.372400799999994,False,-71530.75064039073,-71817.6974097433,-71424.02329836802,-106.72734202271386,-393.6741113752796,-13733.392441282642,-0.560509941811504,False,False
177,False,54,52.373734,False,-70653.70297742636,-71836.00676854602,-71429.73022628612,776.0272488597548,-406.2765422599041,-13733.392441282642,0.2926819599977941,False,False
178,False,0,52.4511564,True,-71795.9361337559,-71795.9361337559,-71761.14640993756,-34.789723818335915,-34.789723818335915,0.0,0.0,True,True
178,False,1,52.4524896,True,-71829.30471891508,-71847.51446505204,-71766.85333785562,-62.45138105946535,-80.66112719642115,-13446.91558170401,-0.41617783124073826,True,True
178,False,2,52.4538232,True,-71813.42474134694,-71835.39980077527,-71772.5619780233,-40.862763323646504,-62.837822751971544,1885.4152846497427,0.14655751307711484,True,True
178,False,3,52.4551564,True,-71796.61520829643,-71779.83938706925,-71778.26890594137,-18.34630235505756,-1.5704811278847046,20172.047306459543,0.476224512991001,True,True
178,False,4,52.456489600000005,True,-71788.814746388,-71798.45235378233,-71783.97583385945,-4.838912528546643,-14.476519922871375,7814.035250936449,-0.5341636271791579,True,True
178,False,5,52.4578232,True,-71799.62539189965,-71806.1613754187,-71789.6844740271,-9.940917872547288,-16.476901391593856,3759.0023272645794,-0.2744554092498266,True,True
178,False,6,52.459156400000005,True,-71791.80477305422,-71790.51242378904,-71795.39140194519,3.58662889097468,4.878978156149969,5794.81576848689,0.21027715957759763,True,True
178,False,7,52.4604896,True,-71804.39497816788,-71795.4622634453,-71801.09832986326,-3.2966483046184294,5.636066417966504,3692.9904334123166,-0.2877884002124629,True,True
178,False,8,52.461823200000005,True,-71810.99643334904,-71811.65619271428,-71806.80697003094,-4.1894633180927485,-4.84922268333321,604.3922938605176,-0.5870608033590274,True,True
178,False,9,52.4631564,True,-71802.48422751325,-71808.81214127135,-71812.513897949,10.029670435746084,3.7017566776485182,874.1952017776805,0.0635683637613993,True,True
178,False,10,52.4644896,True,-71868.40513580535,-71814.65233385695,-71818.22082586706,-50.18430993829679,3.568492010104819,26.592425000478247,-0.2607701557715032,True,True
178,False,11,52.4658232,True,-71776.59267630323,-71800.69808560851,-71823.92946603475,47.336789731518365,23.231380426237592,66.8849323028553,-0.3191139769956619,True,True
178,False,12,52.4671564,True,-71786.08629500755,-71784.16366737928,-71829.63639395281,43.55009894525574,45.472726573527325,213.9882463935063,0.15530426742253045,True,True
178,False,13,52.468489600000005,True,-71785.83391972464,-71802.72781017225,-71835.3433218709,49.509402146257344,32.61551169864833,-1401.7662020025068,-0.3330708267197724,True,True
178,False,14,52.4698232,True,-71814.27355240204,-71826.19304126463,-71841.05196203855,26.778409636506694,14.858920773913269,-5844.240198374556,-0.4037247723420836,True,True
178,False,15,52.471156400000005,True,-71856.21225435087,-71846.74547457839,-71846.75888995665,-9.45336439422681,0.013415378256468102,-8791.302311249408,-0.2016048832523496,True,True
178,False,16,52.4724896,True,-71834.80827096677,-71841.061107047,-71852.4658178747,17.65754690793983,11.40471082770091,-5154.920875707375,0.31618346693855326,True,True
178,False,17,52.473823200000005,True,-71828.266042021,-71845.6991209649,-71858.17445804238,29.908416021382436,12.475337077485165,-4735.555906724827,0.03822627810749424,True,True
178,False,18,52.4751564,True,-71849.06557160216,-71850.16489069037,-71863.88138596044,14.815814358284115,13.716495270069572,-4443.486066201189,0.045835714867356714,True,True
178,False,19,52.4764896,True,-71795.31005869327,-71835.28279241368,-71869.58831387851,74.27825518524332,34.30552146483387,-1523.157476540937,0.6402339465113496,True,True
178,False,20,52.4778232,True,-71903.24969342271,-71839.5331229842,-71875.29695404619,-27.952739376516547,35.763831061995006,-1812.6515160269662,-0.05880043550752956,True,True
178,False,21,52.4791564,True,-71855.6118843932,-71852.84442066659,-71881.00388196425,25.391997571045067,28.159461297662347,-3047.763036647407,-0.445793079661416,True,True
178,False,22,52.480489600000006,True,-71829.69858727384,-71853.15808153564,-71886.71080988234,57.012222608493175,33.552728346694494,-2655.950058003308,0.1864028811667251,True,True
178,False,23,52.4818232,True,-71837.07398799005,-71856.28339638769,-71892.41945005,55.34546205995139,36.13605366231059,-2614.4336643183387,0.01695484610854292,True,True
178,False,24,52.483156400000006,True,-71850.39947179153,-71861.80979106926,-71898.12637796809,47.72690617655462,36.31658689882897,-2796.21358033479,-0.12282659827055475,True,True
178,False,25,52.4844896,True,-71787.99843739739,-71863.46833142856,-71903.83330588615,115.83486848876055,40.36497445758141,-2618.899800571666,0.1412603740433398,True,True
178,False,26,52.485823200000006,True,-71834.02336737428,-71864.89419390385,-71909.54194605383,75.51857867954823,44.64775214997644,-2453.681784513961,0.1532846891801709,True,True
178,False,27,52.4871564,True,-71758.1663768374,-71858.8863773644,-71915.2488739719,157.08249713449914,56.36249660750036,-1751.6213271475765,0.7829332563746876,True,True
178,False,28,52.4884896,True,-71846.07250400922,-71852.12722300236,-71920.95580188996,74.88329788073315,68.82857888759463,-1097.4881304602093,0.8244808308220613,True,True
178,False,29,52.489823200000004,True,-71827.80150618662,-71849.43797072602,-71926.66444205763,98.86293587101682,77.22647133161081,-809.5898097666412,0.3962113230524962,True,True
178,False,30,52.4911564,True,-71898.63501911359,-71851.43936287926,-71932.37136997569,33.73635086210561,80.93200709643133,-872.5937601719643,-0.09737036429947521,True,True
178,False,31,52.492489600000006,True,-71860.05173795404,-71852.61413981263,-71938.0782978938,78.0265599397535,85.46415808115853,-873.4888599489167,-0.047233926661256476,False,True
178,False,32,52.4938232,True,-71848.46582898882,-71856.3587989486,-71943.78693806144,95.3211090726254,87.42813911284611,-1035.155950308983,-0.27256316488809773,True,True
178,False,33,52.495156400000006,True,-71869.41821237897,-71856.232616301,-71949.49386597953,80.07565360056469,93.26124967852957,-943.377782058332,0.16618615246125623,True,True
178,False,34,52.496489600000004,True,-71903.47894774593,-71857.54985008191,-71955.20079389759,51.72184615166043,97.65094381567906,-947.9477206306326,-0.42601091443190486,False,True
178,False,35,52.497823200000006,True,-71854.25387832084,-71865.75169204529,-71960.90943406528,106.65555574443715,95.15774201999011,-1358.3265646302643,-0.8150606709576185,True,True
178,False,36,52.499156400000004,True,-71859.47594169974,-71868.1216662672,-71966.61636198334,107.14042028359836,98.49469571614463,-1391.0369683064998,-0.08686290477511438,True,True
178,False,37,52.5004896,True,-71901.86742988124,-71870.0163367234,-71972.3232899014,70.45586002015625,102.30695317799109,-1394.1387572481515,-0.22444124355859785,False,True
178,False,38,52.501823200000004,True,-71913.03587350258,-71880.19597973785,-71978.03193006908,64.9960565664951,97.83595033122401,-1877.7344036245904,-0.8635655075035071,True,True
178,False,39,52.5031564,True,-71920.76227675975,-71888.6251392747,-71983.73885798715,62.97658122739813,95.11371871244046,-2227.234676531172,-1.0236527549004135,True,True
178,False,40,52.5044896,True,-71923.01794951767,-71891.63151283686,-71989.4457859052,66.42783638753463,97.81427306834667,-2230.215491453934,-0.5311485945991716,False,True
178,False,41,52.5058232,True,-71908.226766699,-71902.23651798464,-71995.15442607288,86.92765937389049,92.9179080882459,-2682.4765508949436,-1.0005104069493564,True,True
178,False,42,52.5071564,True,-71852.00973516058,-71909.56312327644,-72000.86135399094,148.85161883036199,91.29823071449937,-2904.9044156896816,-0.6001902825792007,True,True
178,False,43,52.508489600000004,True,-71870.5120875978,-71913.39249608645,-72006.56828190904,136.0561943112407,93.17578582259011,-2901.3971100645485,0.030268670198677405,False,True
178,False,44,52.5098232,True,-71838.8628612231,-71915.71295716718,-72012.2769220767,173.4140608535963,96.5639649095101,-2806.956679141735,0.2003625595221279,True,True
178,False,45,52.511156400000004,True,-71880.48305168858,-71916.80816533945,-72017.98384999478,137.50079830619507,101.17568465533259,-2647.4051691912036,0.37509838882423585,True,True
178,False,46,52.5124896,True,-71865.5807615868,-71920.28499496184,-72023.69077791284,158.11001632604166,103.4057829509984,-2643.159494467713,0.7028796020050869,False,True
178,False,47,52.513823200000004,True,-71849.22376945637,-71917.44526298909,-72029.39941808053,180.17564862416475,111.95415509144368,-2260.1509619642356,0.7800649584597914,True,True
178,False,48,52.5151564,True,-71826.18090309623,-71920.35243212817,-72035.10634599859,208.92544290235674,114.753913870416,-2251.7517065914517,0.8706420781505546,False,True
178,False,49,52.5164896,True,-71848.62747797328,-71923.25041007782,-72040.81327391665,192.18579594336916,117.5628638388298,-2243.952575170726,1.428729203887011,False,True
178,False,50,52.5178232,True,-71844.92002674777,-71926.09180548656,-72046.52191408433,201.60188733655377,120.43010859776405,-2233.2261159491895,-1.4608480107052868,False,True
178,False,51,52.5191564,True,-71855.76117612129,-71928.91520266287,-72052.2288420024,196.46766588110768,123.31363933952525,-2222.8690979336793,-1.2154079989414668,False,True
178,False,52,52.520489600000005,True,-71928.22211086398,-71931.87049002385,-72057.93576992048,129.713659056506,126.065279896633,-2222.3426493104735,-0.5444369173457082,False,True
178,False,53,52.5218232,True,-71908.92508036776,-71941.43499840962,-72063.64441008813,154.71932972037757,122.20941167851561,-2560.816366160607,-0.5854110837501899,True,True
178,False,54,52.523156400000005,True,-71942.31938522076,-71944.8458478165,-72069.35133800622,127.031952785459,124.50549018972379,-2560.583730486221,0.2502631622535336,False,True
179,False,6,52.5337044,True,-72126.44938142938,-72126.44938142938,-72114.50335996825,-11.94602146113175,-11.94602146113175,0.0,0.0,True,True
179,False,7,52.535037599999995,True,-72144.15488930284,-72144.15489199465,-72120.21028788632,-23.94460141651507,-23.94460410832835,-9.559531759131556,-0.2942721433166682,True,True
179,False,8,52.5363712,True,-72125.58805775915,-72129.82663413313,-72125.918928054,0.3308702948561404,-3.907706079131458,7974.978519496424,0.33181115509504844,False,True
179,False,9,52.537704399999996,True,-72118.60972111356,-72118.73758154052,-72131.62585597206,13.016134858495207,12.888274431534228,8163.473502696141,0.18670328559929095,False,True
179,False,10,52.5390376,True,-72093.24305660155,-72098.9805286217,-72137.33278389015,44.08972728859226,38.352255268444424,10937.875063796422,-0.12456589067481261,False,True
179,False,11,52.540371199999996,True,-72128.59516217186,-72110.03435604296,-72143.04142405781,14.4462618859543,33.00706801484921,4685.268427824698,-0.17633529017544336,False,True
179,False,12,52.5417044,True,-72097.35787094448,-72100.48309736291,-72148.7483519759,51.39048103141249,48.26525461298297,5344.9374714731475,-0.2901791405775098,False,True
179,False,13,52.5430376,True,-72123.6150323154,-72107.35824714418,-72154.45527989395,30.840247578555136,47.09703274977801,2978.469351068962,-0.67782438622789,False,True
179,False,14,52.5443712,True,-72154.29799555917,-72124.90532020034,-72160.16392006163,5.8659245024609845,35.25859986129217,-178.72361790189413,-0.9474631657467053,False,True
179,False,15,52.5457044,True,-72090.1429680709,-72111.02338046828,-72165.8708479797,75.72787990880897,54.84746751142666,1653.9857892624411,-0.8602281183702639,False,True
179,False,16,52.547037599999996,True,-72127.45982079994,-72114.31685448201,-72171.57777589776,44.11795509782678,57.26092141575646,1012.4509930569035,-1.3885252771427652,False,True
179,False,17,52.5483712,True,-72120.95272185905,-72120.98724932474,-72177.28641606544,56.333694206390646,56.299166740704095,380.5234140582987,-1.119266210488441,False,True
179,False,18,52.549704399999996,True,-72165.47045370743,-72142.49642797757,-72182.9933439835,17.52289027607185,40.49691600592632,-32.14893895584742,-1.4932479392481408,False,True
179,False,19,52.5510376,True,-72136.37919685841,-72140.3952049283,-72188.7002719016,52.32107504318992,48.30506697330566,75.2276387639717,-1.0564306846680118,False,True
179,False,20,52.552371199999996,True,-72159.0380304681,-72146.30379060993,-72194.40891206925,35.37088160114945,48.10512145931716,-420.79604331973894,-1.3977090974236532,False,True
179,False,21,52.5537044,True,-72139.82037832234,-72144.65980361724,-72200.11583998734,60.295461664994946,55.45603637010208,-185.27132911620367,-1.0570838304313517,False,True
179,False,22,52.5550376,True,-72146.21568412834,-72145.23123709479,-72205.8227679054,59.60708377705305,60.591530810605036,-224.07107693609638,-1.5069731632761827,False,True
179,False,23,52.5563712,True,-72171.22637525054,-72153.0057912682,-72211.53140807309,40.30503282255086,58.525616804894526,-1131.129787397228,1.2066252178977788,False,True
179,False,24,52.5577044,True,-72143.67336879812,-72151.49748378387,-72217.23833599115,73.56496719302959,65.74085220728011,-775.603561546997,1.138231703472317,False,True
179,False,25,52.559037599999996,True,-72197.40929562903,-72163.07550361329,-72222.9452639092,25.535968280179077,59.8697602959146,-1954.7331130359273,0.8978795554695682,False,True
179,False,26,52.5603712,True,-72188.79414406141,-72171.59797345246,-72228.65390407688,39.85976001547533,57.055930624424946,-2573.200661628214,0.7983011120290158,False,True
179,False,27,52.561704399999996,True,-72186.77037536642,-72178.68813660757,-72234.36083199496,47.59045662853168,55.67269538738765,-2929.5227589442206,0.7047920132235799,False,True
179,False,28,52.5630376,True,-72192.55941334096,-72185.33977413877,-72240.06775991304,47.50834657208179,54.727985774268745,-3179.587079576258,1.0601463745188737,False,True
179,False,29,52.5643712,True,-72215.49491516782,-72194.61781260614,-72245.7764000807,30.281484912877204,51.158587474550586,-3609.7276256065506,0.8622823803169166,False,True
179,False,30,52.5657044,True,-72211.42582441482,-72202.36812482835,-72251.48332799878,40.05750358395744,49.11520317042596,-3844.6724505195457,1.1684658167892739,False,True
179,False,31,52.5670376,True,-72206.95168549882,-72207.38277688118,-72257.19025591685,50.238570418034215,49.807479035676806,-3836.3254084214186,1.039721185339702,False,True
179,False,32,52.5683712,True,-72130.6702863891,-72195.1728028619,-72262.89889608453,132.228609695434,67.72609322263452,-2610.355049865724,1.0359600861048195,False,True
179,False,33,52.5697044,True,-72106.27470914817,-72181.6140215263,-72268.60582400259,162.33111485441623,86.99180247628829,-1472.0609586085031,1.0087534641758311,False,True
179,False,34,52.5710376,True,-72182.40670958803,-72183.34037210932,-72274.31275192065,91.90604233261547,90.97237981132639,-1457.1332110448247,0.35757684952753666,False,True
179,False,35,52.5723712,True,-72147.79595763025,-72179.13361401437,-72280.02139208834,132.22543445808697,100.88777807397128,-1088.3720590117082,0.28427444389999046,False,True
179,False,36,52.5737044,True,-72179.79826812753,-72180.45274848185,-72285.7283200064,105.93005187886592,105.27557152454392,-1080.8561693771837,-0.017383149717728585,False,True
179,False,37,52.5750376,True,-72176.16375781198,-72181.03898031496,-72291.43524792448,115.27149011250003,110.39626760952524,-1034.462899024475,-0.31420773082667175,False,True
179,False,38,52.5763712,True,-72203.63418431405,-72185.58684877327,-72297.14388809213,93.50970377807971,111.55703931886819,-1198.5087961708603,-0.08424487367369426,False,True
179,False,39,52.5777044,True,-72165.0573076296,-72183.31927387309,-72302.85081601024,137.79350838063692,119.53154213714879,-1007.2386332324503,-0.011265835969169746,False,True
179,False,40,52.5790376,True,-72141.60568462394,-72178.54620598533,-72308.5577439283,166.95205930435623,130.0115379429626,-717.3076511601514,-0.28234119972293414,False,True
179,False,41,52.5803712,True,-72168.68373912545,-72177.78376049805,-72314.26638409597,145.58264497052005,136.48262359792716,-639.1083247161255,-0.19844186846629697,False,True
179,False,42,52.5817044,True,-72178.00974775653,-72178.54955979026,-72319.97331201403,141.96356425750128,141.42375222376722,-635.3352346158692,-0.49866482358284614,False,True
179,False,43,52.5830376,True,-72181.17531850364,-72179.62789110818,-72325.6802399321,144.50492142846633,146.05234882392688,-645.0785345576634,-0.7477844955190611,False,True
179,False,44,52.5843712,True,-72293.34635905127,-72195.39780650094,-72331.38888009978,38.042521048511844,135.99107359883783,-1250.7344100609623,-0.8447244825830716,False,True
179,False,45,52.5857044,True,-72252.52401145974,-72204.29122040095,-72337.09580801784,84.57179655809887,132.80458761689079,-1534.2107543718255,-0.9526331083699108,False,True
179,False,46,52.587037599999995,True,-72288.2340930077,-72216.55746041865,-72342.8027359359,54.568642928192276,126.24527551724168,-1921.9898817176377,-1.3174903507754006,False,True
179,False,47,52.5883712,True,-72261.9871053041,-72224.86217307436,-72348.51137610359,86.5242707994912,123.64920302922837,-2132.9316346081264,-1.3265035365917446,False,True
179,False,48,52.589704399999995,True,-72249.24101606327,-72229.91789254201,-72354.21830402165,104.97728795837611,124.30041147963493,-2211.748602875149,1.519096742847684,False,True
179,False,49,52.5910376,True,-72312.33118519271,-72242.49096190667,-72359.92523193973,47.59404674702091,117.43427003305987,-2544.5995755051936,0.8572005874920214,False,True
179,False,50,52.592371199999995,True,-72314.67225469148,-72253.20325484172,-72365.63387210738,50.961617415901856,112.4306172656652,-2790.5895750798695,0.6135711764782155,False,True
179,False,51,52.5937044,True,-72305.35875069826,-72262.21431606951,-72371.34080002549,65.98204932722729,109.12648395597353,-2963.5756861039017,0.757862521051949,False,True
179,False,52,52.5950376,True,-72307.96102639589,-72270.46475361339,-72377.04772794354,69.08670154765423,106.58297433015832,-3100.4707975287847,0.6041762405680795,False,True
179,False,53,52.5963712,True,-72282.12306904422,-72275.27738870175,-72382.75636811122,100.63329906700528,107.4789794094686,-3121.5082397670735,0.9821616692046549,False,True
179,False,54,52.5977044,True,-72337.65223614586,-72284.32885486487,-72388.46329602928,50.81105988341733,104.13444116440951,-3269.5413191471225,0.562627980789848,False,True
179,False,55,52.599037599999996,True,-72293.30099466792,-72289.12431512382,-72394.17022394735,100.86922927942942,105.04590882353659,-3282.439744190898,0.46375333194210855,False,True
180,False,0,52.6017048,True,-72312.94882018266,-72312.94882018266,-72405.58750428271,92.63868410004943,92.63868410004943,0.0,0.0,True,True
180,False,1,52.603038,True,-72322.60128396176,-72357.55270102869,-72411.29443220077,88.6931482390064,53.74173117207829,-827.7524713157037,-0.4587350616124184,True,True
180,False,2,52.6043716,True,-72355.64123929889,-72381.980133458,-72417.00307236845,61.36183306956082,35.02293891044974,-9819.926343617384,-0.20960093566847382,True,True
180,False,3,52.6057048,True,-72363.61059607749,-72329.8550231571,-72422.71000028652,59.09940420903149,92.85497712942015,12318.621352896496,0.6119519176945727,True,True
180,False,4,52.607038,True,-72324.77423389987,-72342.51152072029,-72428.4169282046,103.64269430474087,85.90540748431522,4419.423823585891,-0.3616647974030043,True,True
180,False,5,52.6083716,True,-72312.97554485401,-72320.38397715049,-72434.12556837226,121.1500235182466,113.74159122176934,8068.062448020131,0.23693893999908644,True,True
180,False,6,52.6097048,True,-72349.61693496506,-72321.84387940112,-72439.83249629036,90.21556132529804,117.9886168892408,5700.335886411949,-0.22478965855003263,True,True
180,False,7,52.611038,True,-72315.28905568,-72320.680945009,-72445.53942420841,130.2503685284173,124.85847919942171,4638.03084155011,-0.14323164983353642,True,True
180,False,8,52.6123716,True,-72331.92645625475,-72327.6377883058,-72451.2480643761,119.3216081213468,123.61027607029246,2691.9424042489436,-0.3666641100688057,True,True
180,False,9,52.6137048,True,-72368.81758122881,-72341.5105283866,-72456.95499229415,88.13741106534144,115.44446390755184,366.670031143467,-0.5632362613271038,True,True
180,False,10,52.615038,True,-72431.5325602188,-72363.9210882435,-72462.66192021222,31.129359993428807,98.7408319687238,-2396.014453019802,-0.8333393198852326,True,True
180,False,11,52.6163716,True,-72403.9813114361,-72381.58881133152,-72468.3705603799,64.38924894380034,86.7817490483867,-4696.728968681782,-1.0270962894250921,True,True
180,False,12,52.6177048,True,-72391.97954308939,-72464.42466899559,-72474.07748829796,82.09794520857395,9.652819302369608,-4814.119610975159,-0.774691257598588,True,True
180,False,13,52.619038,True,-72408.40982902392,-72420.27250032636,-72479.78441621605,71.37458719212736,59.51191588968504,824.3547770199492,0.8387254256815275,True,True
180,False,14,52.6203716,True,-72445.84215957233,-72426.56834076844,-72485.4930563837,39.650896811363054,58.92471561525599,-981.7186034618161,-0.10543809582184083,True,True
180,False,15,52.6217048,True,-72436.28081325076,-72445.43162154665,-72491.1999843018,54.91917105103494,45.76836275514506,-5076.899385802257,-0.30307084291961806,True,True
180,False,16,52.623038,True,-72414.04347588368,-72463.97595412932,-72496.90691221986,82.86343633617798,32.93095809053921,-7428.695754738079,-0.24442763102080023,True,True
180,False,17,52.6243716,True,-72445.97726241061,-72452.78209892112,-72502.61555238753,56.63828997692326,49.83345346641727,-3630.526327947257,0.4305124913094365,True,True
180,False,18,52.6257048,True,-72473.29793851794,-72456.64148047299,-72508.32248030561,35.024541787672206,51.68099983262073,-3483.3328984701675,0.03336351097876866,True,True
180,False,19,52.627038,True,-72446.98407220074,-72466.73518114067,-72514.02940822367,67.0453360229294,47.29422708299535,-4239.998322685456,-0.17001412247855718,True,True
180,False,20,52.6283716,True,-72416.92798799956,-72455.03985893747,-72519.73804839134,102.81006039178465,64.6981894538767,-2050.6165579850867,0.543044403599283,True,True
180,False,21,52.6297048,True,-72377.4566415779,-72445.70859067747,-72525.4449763094,147.98833473150444,79.73638563192799,-653.9264676375847,0.48979326908595633,True,True
180,False,22,52.631038000000004,True,-72391.95313186706,-72438.62052184198,-72531.1519042275,139.19877236043976,92.53138238552492,189.99308359670962,0.38081198693776486,True,True
180,False,23,52.6323716,True,-72414.30518476563,-72437.85374053047,-72536.86054439515,122.55535962952126,99.00680386468593,241.95561630096833,0.01934235898499903,True,True
180,False,24,52.633704800000004,True,-72398.38648420457,-72434.65181907643,-72542.56747231324,144.1809881086665,107.91565323680697,504.6707667956283,0.19198717301230217,True,True
180,False,25,52.635038,True,-72483.8526677096,-72435.59770138141,-72548.2744002313,64.42173252170323,112.67669884988572,365.29483803408044,-0.09690612539846999,True,True
180,False,26,52.636371600000004,True,-72468.57774182427,-72440.06633921969,-72553.98304039899,85.40529857472575,113.91670117930335,-30.67636384795115,-0.368462282678516,True,True
180,False,27,52.6377048,True,-72461.58945669456,-72440.46403465031,-72559.68996831705,98.10051162248419,119.22593366673391,-58.55159972954586,-0.023680995216814438,True,True
180,False,28,52.639038,False,-72325.76794003604,-72440.54209564308,-72565.3968962351,239.62895619907067,124.8548005920311,-58.55159972954586,0.11144481837598663,False,False
180,False,29,52.6403716,False,-70930.3582234588,-72440.62018005647,-72571.10553640279,1640.7473129439895,130.48535634631116,-58.55159972954586,-0.37499473859349797,False,False
180,False,30,52.6417048,False,-73196.79200168046,-72440.69824104923,-72576.81246432086,-619.9795373595989,136.1142232716229,-58.55159972954586,0.007037190826261863,False,False
180,False,31,52.643038000000004,False,-71753.92560658004,-72440.77630204198,-72582.51939223894,828.5937856589007,141.74309019696375,-58.55159972954586,0.8461069284875538,False,False
180,False,32,52.6443716,False,-72050.46700497883,-72440.85438645538,-72588.2280324066,537.7610274277686,147.3736459512147,-58.55159972954586,0.37567720461289555,False,False
180,False,33,52.645704800000004,False,-70398.28989648589,-72440.93244744814,-72593.93496032468,2195.6450638387905,153.002512876541,-58.55159972954586,-1.2400255523217005,False,False
180,False,34,52.647038,False,-73152.4820178455,-72441.0105084409,-72599.64188824275,-552.8401296027441,158.63137980185275,-58.55159972954586,-1.500125615640159,False,False
180,False,35,52.648371600000004,False,-72919.00466220986,-72441.0885928543,-72605.35052841043,-313.65413379942765,164.2619355561328,-58.55159972954586,-0.5962858627613459,False,False
180,False,36,52.6497048,False,-72035.96998378844,-72441.16665384705,-72611.05745632849,575.0874725400499,169.89080248144455,-58.55159972954586,-0.3171119836042724,False,False
180,False,37,52.651038,False,-71467.60287433882,-72441.2447148398,-72616.76438424655,1149.1615099077317,175.51966940674174,-58.55159972954586,-0.6691158273840689,False,False
180,False,38,52.6523716,False,-73479.40584613486,-72441.3227992532,-72622.47302441424,-856.9328217206203,181.15022516103636,-58.55159972954586,-1.162379737551081,False,False
180,False,39,52.6537048,False,-71122.72784965491,-72441.40086024597,-72628.1799523323,1505.4521026773873,186.77909208633355,-58.55159972954586,-0.92036534111518,False,False
180,False,40,52.655038000000005,False,-71538.77217462307,-72441.47892123871,-72633.88688025039,1095.1147056273185,192.4079590116744,-58.55159972954586,-0.022702952598617543,False,False
180,False,41,52.6563716,False,-71994.96249020907,-72441.55700565211,-72639.59552041804,644.6330302089627,198.03851476592536,-58.55159972954586,0.749496120708609,False,False
180,False,42,52.657704800000005,False,-70398.28989648589,-72441.63506664487,-72645.30244833614,2247.0125518502464,203.6673816912662,-58.55159972954586,-0.29968569296483594,False,False
180,False,43,52.659038,False,-73694.54896544492,-72441.71312763762,-72651.0093762542,-1043.5395891907247,209.29624861657794,-58.55159972954586,1.2737776795202116,False,False
180,False,44,52.660371600000005,False,-73705.75101289124,-72441.79121205102,-72656.71801642187,-1049.0329964693665,214.926804370858,-58.55159972954586,-0.4383834602925907,False,False
180,False,45,52.6617048,False,-70398.28989648589,-72441.86927304378,-72662.42494433993,2264.1350478540407,220.5556712961552,-58.55159972954586,-0.7727544304707901,False,False
180,False,46,52.663038,False,-71147.42329012835,-72441.94733403654,-72668.131872258,1520.7085821296496,226.18453822146694,-58.55159972954586,-0.062361030752726254,False,False
180,False,47,52.6643716,False,-73408.50887647903,-72442.02541844994,-72673.84051242568,-734.6683640533447,231.815093975747,-58.55159972954586,-0.43816102683450664,False,False
180,False,48,52.6657048,False,-72567.9317063804,-72442.10347944268,-72679.54744034374,111.61573396333551,237.44396090105874,-58.55159972954586,0.5353170384525989,False,False
180,False,49,52.667038,False,-71942.88457512183,-72442.18154043544,-72685.2543682618,742.3697931399656,243.07282782635593,-58.55159972954586,1.0444532755489488,False,False
180,False,50,52.6683716,False,-72724.92571655256,-72442.25962484884,-72690.96300842948,-33.962708123086486,248.703383580636,-58.55159972954586,0.27368871034406483,False,False
180,False,51,52.6697048,False,-74398.28989648589,-72442.3376858416,-72696.66993634755,-1701.6199601383414,254.33225050594774,-58.55159972954586,1.002897731681168,False,False
180,False,52,52.671038,False,-73922.89129165783,-72442.41574683435,-72702.37686426564,-1220.5144273921906,259.9611174312886,-58.55159972954586,0.8821818840786624,False,False
180,False,53,52.6723716,False,-72654.24873176147,-72442.49383124775,-72708.08550443329,53.83677267181338,265.59167318553955,-58.55159972954586,0.44016316159016133,False,False
180,False,54,52.6737048,False,-73447.17713363953,-72442.5718922405,-72713.79243235139,-733.3847012881452,271.2205401108804,-58.55159972954586,0.019193388272217282,False,False
181,False,0,52.7014804,True,-72781.50319593392,-72781.50319593392,-72832.68933235225,51.186136418327806,51.186136418327806,0.0,0.0,True,True
181,False,1,52.702813600000006,True,-72816.4282234066,-72834.59350307424,-72838.39626027035,21.96803686374915,3.8027571961138165,-16682.175854407607,-0.40838976651205217,True,True
181,False,2,52.7041472,True,-72801.29102524917,-72783.76704059614,-72844.104900438,42.81387518883275,60.337859841863974,15441.520535956368,0.5275856477505929,True,True
181,False,3,52.705480400000006,True,-72822.27911706397,-72809.40468142171,-72849.81182835609,27.532711292122258,40.407146934376215,-630.6176832884867,-0.3853431329536612,True,True
181,False,4,52.706813600000004,True,-72758.72819808658,-72805.76980238479,-72855.51875627416,96.79055818758206,49.74895388937148,834.8728197423052,0.009432045093630048,True,True
181,False,5,52.708147200000006,True,-72813.51504481668,-72819.4434226561,-72861.22739644184,47.7123516251595,41.783973785743,-2464.7186141629077,-0.2240888533989569,True,True
181,False,6,52.709480400000004,True,-72791.45570490346,-72824.7159914957,-72866.9343243599,75.47861945643672,42.2183328641986,-2805.8542127196383,-0.05686771038234184,True,True
181,False,7,52.7108136,True,-72823.57200575336,-72830.02667154254,-72872.64125227796,49.069246524595656,42.61458073541871,-3058.9257797477694,-0.03876822054521245,True,True
181,False,8,52.712147200000004,True,-72872.97433964322,-72842.25760564765,-72878.34989244564,5.375552802419406,36.092286797982524,-4255.965177900609,-0.22167306835706135,True,True
181,False,9,52.7134804,True,-72849.62002620898,-72841.13891324097,-72884.05682036371,34.43679415472434,42.91790712274087,-3373.0701390327763,0.22273037961106823,True,True
181,False,10,52.7148136,True,-72898.78022901184,-72855.54670659496,-72889.76374828177,-9.016480730075273,34.217041686802986,-4554.80928121643,-0.4013416593184367,True,True
181,False,11,52.7161472,True,-72854.78214839801,-72865.51709692169,-72895.47238844945,40.690240051437286,29.955291527759982,-5764.005844167243,-0.12157441214698927,True,True
181,False,12,52.7174804,True,-72863.95663284934,-72878.94634576987,-72901.1793163675,37.22268351816456,22.2329705976299,-5653.752010207554,-0.0666558036044087,True,True
181,False,13,52.718813600000004,True,-72873.28184309689,-72894.29235964618,-72906.8862442856,33.60440118871338,12.593884639427415,-6215.988578705219,-0.14448397755168685,True,True
181,False,14,52.7201472,True,-72875.95594810466,-72905.32242256858,-72912.59488445325,36.63893634859414,7.27246188466961,-6569.286601186529,-0.07309432256949133,True,True
181,False,15,52.721480400000004,True,-72903.5384140176,-72905.74284230826,-72918.30181237134,14.763398353738012,12.558970063080778,-4609.740501731737,0.13386544018979096,True,True
181,False,16,52.7228136,True,-72862.16223340468,-72902.28611568666,-72924.0087402894,61.84650688471447,21.722624602742144,-2540.0433069683186,0.15653993568153357,True,True
181,False,17,52.724147200000004,True,-72896.24419805792,-72886.5852932665,-72929.71738045709,33.47318239917513,43.13208719059185,885.6587969461092,0.3932971464781414,True,True
181,False,18,52.7254804,True,-72873.80241118291,-72891.40161635526,-72935.42430837515,61.62189719223534,44.02269201989111,-55.06919456595297,-0.15111438229319818,True,True
181,False,19,52.7268136,True,-72894.17900519942,-72901.7531818428,-72941.13123629321,46.95223109379003,39.37805445041158,-1516.7707670916466,-0.3245998136918917,True,True
181,False,20,52.7281472,True,-72879.10306784719,-72912.34607188945,-72946.83987646089,67.7368086136994,34.49380457143707,-2602.960793649073,-0.30919301774180163,True,True
181,False,21,52.7294804,True,-72872.55692640459,-72905.70208475669,-72952.54680437896,79.98987797436712,46.84471962226962,-1428.615433090081,0.35504361126043005,True,True
181,False,22,52.730813600000005,True,-72903.36766459838,-72905.94332275644,-72958.25373229705,54.88606769866601,52.31040954060154,-1251.402398909609,0.08302885063944032,True,True
181,False,23,52.7321472,True,-72910.89226413905,-72908.32567548576,-72963.9623724647,53.07010832564265,55.636696978937835,-1321.6009108474907,-0.039494310866460935,True,True
181,False,24,52.733480400000005,True,-72929.04897532566,-72908.35042234912,-72969.66930038278,40.62032505712705,61.31887803366408,-1164.8430357271052,0.11159522761554985,True,True
181,False,25,52.7348136,True,-72889.04028892325,-72910.7763714197,-72975.37622830085,86.33593937760452,64.5998568811483,-1237.9709508119217,-0.06488894453289107,True,True
181,False,26,52.736147200000005,True,-72920.756378588,-72915.06902941545,-72981.08486846853,60.32848988052865,66.01583905308507,-1449.4210803027636,-0.18730584840988573,True,True
181,False,27,52.7374804,True,-72921.76769802446,-72919.85697390794,-72986.79179638659,65.02409836213337,66.93482247865177,-1666.619353847367,-0.23228872960237856,True,True
181,False,28,52.7388136,True,-72923.64392946646,-72924.80790775362,-72992.49872430466,68.85479483820382,67.69081655103946,-1865.5503804060718,-0.31440355476217574,True,True
181,False,29,52.7401472,True,-72899.24786669681,-72930.86123347445,-72998.20736447234,98.95949777553324,67.3461309978884,-2113.8781296483903,-0.3311625822221269,True,True
181,False,30,52.7414804,True,-72909.10395859944,-72935.72351341703,-73003.9142923904,94.81033379095607,68.19077897336683,-2251.789486926593,-0.2232717102229702,True,True
181,False,31,52.742813600000005,True,-72928.99779985836,-72938.71231793382,-73009.62122030849,80.62342045012338,70.90890237466374,-2250.7205633120907,-0.29666290951924745,False,True
181,False,32,52.7441472,False,-73817.33447997416,-72941.71387887707,-73015.32986047614,-802.0046194980241,73.61598159906862,-2250.7205633120907,0.4275753308184578,False,False
181,False,33,52.745480400000005,False,-74632.35688398931,-72944.71453953207,-73021.03678839424,-1611.3200955950742,76.32224886216864,-2250.7205633120907,-0.49952845603317253,False,False
181,False,34,52.7468136,False,-72114.30750094887,-72947.71520018709,-73026.7437163123,912.4362153634283,79.02851612521044,-2250.7205633120907,-1.2002555905648853,False,False
181,False,35,52.748147200000005,False,-72503.39421309013,-72950.71676113032,-73032.45235647997,529.0581433898478,81.73559534965898,-2250.7205633120907,0.681906512402985,False,False
181,False,36,52.7494804,False,-74814.75772455681,-72953.71742178533,-73038.15928439805,-1776.598440158763,84.44186261271534,-2250.7205633120907,-0.4094684150066801,False,False
181,False,37,52.7508136,False,-74414.14525494823,-72956.71808244033,-73043.8662123161,-1370.2790426321299,87.1481298757717,-2250.7205633120907,-1.212037146449064,False,False
181,False,38,52.7521472,False,-72025.08238907323,-72959.71964338356,-73049.57485248378,1024.4924634105555,89.85520910022024,-2250.7205633120907,1.5023060801765284,False,False
181,False,39,52.7534804,False,-73238.85131995002,-72962.72030403858,-73055.28178040184,-183.56953954817436,92.56147636326205,-2250.7205633120907,-1.0946236779827734,False,False
181,False,40,52.754813600000006,False,-74494.93922420894,-72965.72096469358,-73060.98870831994,-1433.9505158889951,95.26774362636206,-2250.7205633120907,-1.318480721847192,False,False
181,False,41,52.7561472,False,-73947.98944613924,-72968.72252563683,-73066.69734848759,-881.292097651647,97.97482285076694,-2250.7205633120907,-0.463808937723023,False,False
181,False,42,52.757480400000006,False,-73095.95446678197,-72971.72318629183,-73072.40427640568,-23.55019037629245,100.6810901138524,-2250.7205633120907,-0.2364471285070957,False,False
181,False,43,52.7588136,False,-73634.3080802339,-72974.72384694684,-73078.11120432374,-556.1968759101583,103.38735737689422,-2250.7205633120907,-0.07050487520879756,False,False
181,False,44,52.760147200000006,False,-72667.90066788612,-72977.72540789007,-73083.81984449142,415.91917660529725,106.09443660134275,-2250.7205633120907,0.6044195461454085,False,False
181,False,45,52.7614804,False,-71462.86811387635,-72980.72606854507,-73089.52677240949,1626.6586585331388,108.80070386441366,-2250.7205633120907,1.3915459567133093,False,False
181,False,46,52.7628136,False,-72193.09518256554,-72983.72672920009,-73095.23370032755,902.1385177620105,111.50697112745547,-2250.7205633120907,-0.4758735430548282,False,False
181,False,47,52.764147200000004,False,-70826.35229658126,-72986.72829014332,-73100.94234049522,2274.590043913966,114.214050351904,-2250.7205633120907,0.4152413433929243,False,False
181,False,48,52.7654804,False,-70826.35229658126,-72989.72895079834,-73106.64926841328,2280.2969718320237,116.92031761494582,-2250.7205633120907,-0.3194297344869108,False,False
181,False,49,52.766813600000006,False,-74826.35229658126,-72992.72961145334,-73112.35619633138,-1713.9961002498749,119.62658487804583,-2250.7205633120907,1.0852410721068564,False,False
181,False,50,52.7681472,False,-72697.01613497038,-72995.73117239658,-73118.06483649903,421.04870152864896,122.33366410245071,-2250.7205633120907,-1.0425197742342722,False,False
181,False,51,52.769480400000006,False,-74826.35229658126,-72998.73183305158,-73123.77176441712,-1702.5805321641383,125.03993136553618,-2250.7205633120907,1.2356606968591457,False,False
181,False,52,52.770813600000004,False,-71145.72947462247,-73001.73249370659,-73129.4786923352,1983.7492177127278,127.74619862860709,-2250.7205633120907,0.9693116677791713,False,False
181,False,53,52.772147200000006,False,-71163.67578383246,-73004.73405464983,-73135.18733250287,1971.5115486704162,130.45327785304107,-2250.7205633120907,0.7353565007988534,False,False
181,False,54,52.773480400000004,False,-73708.82564466534,-73007.73471530483,-73140.89426042093,-567.9313842444099,133.15954511609743,-2250.7205633120907,-0.7112053417320574,False,False
182,True,0,52.8512924,True,-73451.42577305068,-73451.42577305068,-73473.9781751831,22.552402132423595,22.552402132423595,0.0,0.0,True,True
182,True,1,52.8526256,True,-73450.53963978424,-73474.83168545368,-73479.6851031012,29.145463316963287,4.853417647522292,-2648.2453173863023,-0.23147304881145248,True,True
182,True,2,52.8539592,True,-73456.77710940012,-73467.85248286996,-73485.39374326885,28.616633868732606,17.541260398895247,2795.553461482807,0.047173723126463285,True,True
182,True,3,52.8552924,True,-73430.26915229083,-73457.53278725874,-73491.10067118694,60.831518896113266,33.56788392820454,5431.876516612487,0.02486996261127672,True,True
182,True,4,52.8566256,True,-73458.69288058074,-73478.06879298121,-73496.807599105,38.11471852425893,18.73880612378707,-1959.0450905522457,-0.33618476035685196,True,True
182,True,5,52.8579592,True,-73495.53509182858,-73497.34157522833,-73502.51623927268,6.981147444093949,5.174664044345263,-5671.195098396618,-0.24609110856774663,True,True
182,True,6,52.8592924,True,-73506.47075726232,-73512.88408664365,-73508.22316719075,1.7524099284346448,-4.660919452900998,-7181.261598121806,-0.16276533606252896,True,True
182,True,7,52.8606256,True,-73510.07197102105,-73531.92554847307,-73513.93009510881,3.858124087753822,-17.995453364259447,-8711.635542634585,-0.22495048265389284,True,True
182,True,8,52.8619592,True,-73478.79966110978,-73526.24457615266,-73519.63873527649,40.839074166709906,-6.605840876174625,-6197.94741581166,0.46125141475061104,True,True
182,True,9,52.8632924,True,-73512.82796948052,-73528.14167981001,-73525.34566319454,12.517693714020425,-2.7960166154662147,-5367.606032754844,0.20675899653789953,True,True
182,True,10,52.864625600000004,True,-73474.49968496252,-73530.50069834074,-73531.05259111265,56.552906150129274,0.551892771909479,-4792.620428984505,0.1791742967493799,True,True
182,True,11,52.8659592,True,-73526.86895870471,-73519.97501333427,-73536.7612312803,9.892272575583775,16.78621794602077,-4927.951523322159,0.07910922438033019,True,True
182,True,12,52.867292400000004,True,-73539.23200312181,-73566.47966643152,-73542.46815919838,3.2361560765712056,-24.011507233139127,-5077.899196370849,-0.3941992445967166,True,True
182,True,13,52.8686256,True,-73547.8009204137,-73549.47098066102,-73548.17508711645,0.3741667027497897,-1.2958935445640236,-2637.324096121149,0.3908474809390319,True,True
182,True,14,52.869959200000004,True,-73507.53626663607,-73547.8351825927,-73553.88372728413,46.347460648059496,6.0485446914390195,-1157.2071209929447,0.051768335987187664,True,True
182,True,15,52.8712924,True,-73538.64788630985,-73554.6244235116,-73559.59065520219,20.942768892346066,4.9662316905887565,-2325.0542761657543,-0.10064201204186962,True,True
182,True,16,52.8726256,True,-73551.521122268,-73565.23850340958,-73565.29758312025,13.776460852255695,0.05907971067063045,-3849.445692983275,-0.1439911825002136,True,True
182,True,17,52.8739592,True,-73514.65697175417,-73566.0107635562,-73571.00622328793,56.349251533756615,4.9954597317264415,-3018.173056855262,0.0669732976709021,True,True
182,True,18,52.8752924,True,-73562.26067118502,-73554.26739869297,-73576.713151206,14.452480020976509,22.4457525130274,-534.8134954154348,0.3904724042462391,True,True
182,True,19,52.876625600000004,True,-73530.11172258649,-73558.89765524199,-73582.42007912409,52.30835653760005,23.52242388209561,-1076.3341852826559,-0.13073493539115155,True,True
182,True,20,52.8779592,True,-73517.90639779514,-73567.73847426256,-73588.12871929174,70.22232149659249,20.390245029178914,-1998.2953007588383,-0.26634463878824377,True,True
182,True,21,52.879292400000004,True,-73554.42643233325,-73570.29794741569,-73593.83564720984,39.40921487659216,23.537699794149376,-1984.1029149584926,-0.00037473849313585106,True,True
182,True,22,52.8806256,True,-73561.10571643502,-73565.97228012595,-73599.5425751279,38.43685869287583,33.57029500194767,-1250.1477766900864,0.32840960009234665,True,True
182,True,23,52.881959200000004,True,-73574.38132144764,-73569.0592752005,-73605.25121529558,30.8698938479356,36.191940095071914,-1388.3502382674765,-0.07640345601240872,True,True
182,True,24,52.8832924,True,-73540.20258180148,-73572.19091480518,-73610.95814321363,70.75556141215202,38.767228408454685,-1501.7288109267533,-0.08203511321140411,True,True
182,True,25,52.8846256,True,-73528.7738923733,-73573.72241708363,-73616.66507113169,87.89117875839293,42.94265404806356,-1460.1342472248962,0.027564064284455236,True,True
182,True,26,52.8859592,True,-73580.89265763159,-73576.09113195591,-73622.37371129938,41.48105366779782,46.282579343474936,-1493.8526807073301,-0.029039831227565482,True,True
182,True,27,52.8872924,True,-73549.55487882147,-73578.70266390918,-73628.08063921744,78.52576039597625,49.37797530826356,-1539.7374160398344,-0.05931275613316256,True,True
182,True,28,52.888625600000005,True,-73571.71172952924,-73583.12291165923,-73633.78756713553,62.07583760628768,50.66465547629923,-1710.3658829961655,-0.2664540583964041,True,True
182,True,29,52.8899592,True,-73603.55226243711,-73590.79723952651,-73639.49620730318,35.943944866070524,48.698967776668724,-2083.714834700482,-0.5343136777651809,True,True
182,True,30,52.891292400000005,True,-73547.58338733269,-73596.35120675672,-73645.20313522128,97.61974788858788,48.85192846455902,-2267.8464904434754,-0.29052774398638403,True,True
182,True,31,52.8926256,True,-73536.57531461556,-73599.28624250212,-73650.91006313934,114.33474852377549,51.6238206372218,-2260.856918291067,0.15394360547518238,False,True
182,True,32,52.893959200000005,True,-73606.69381972376,-73603.14343503756,-73656.61870330702,49.924883583254996,53.4752682694525,-2313.893074115498,-0.07466372601195825,True,True
182,True,33,52.8952924,True,-73607.12435763971,-73610.1010710271,-73662.32563122507,55.201273585364106,52.22456019798119,-2553.839031893371,-0.501851912898025,True,True
182,True,34,52.8966256,True,-73594.43523348053,-73613.47977671087,-73668.03255914315,73.59732566261664,54.552782432278036,-2551.788522857238,-0.7258100806284671,False,True
182,True,35,52.8979592,True,-73617.12893178455,-73626.21825654476,-73673.74119931083,56.61226752627408,47.52294276606699,-3113.930116858564,-1.0423858029892656,True,True
182,True,36,52.8992924,True,-73616.92823039794,-73633.95288469439,-73679.44812722888,62.519896830941434,45.495242534496356,-3328.841361778145,-0.5158803354457564,True,True
182,True,37,52.9006256,True,-73612.77247482416,-73638.35586597527,-73685.15505514694,72.382580322781,46.79918917166651,-3326.044964642549,-0.45795244361523,False,True
182,True,38,52.9019592,True,-73639.54999281229,-73646.62884120995,-73690.86369531463,51.31370250234613,44.23485410468129,-3554.51834855053,-0.49570420936793314,True,True
182,True,39,52.9032924,True,-73621.3574171597,-73654.35026011291,-73696.57062323269,75.21320607299276,42.220363119777176,-3731.7389551537008,-0.42154146224185074,True,True
182,True,40,52.9046256,True,-73605.70585462959,-73659.25695656243,-73702.27755115078,96.57169652119046,43.02059458834992,-3726.1767749632345,-0.34099340727909033,False,True
182,True,41,52.9059592,True,-73654.22758418601,-73663.82133202307,-73707.98619131843,53.75860713241855,44.16485929535702,-3701.678173916744,0.05274752767596702,True,True
182,True,42,52.9072924,True,-73625.18374506364,-73669.58183168952,-73713.69311923653,88.50937417289242,44.11128754701349,-3750.2803227132354,-0.13507139364446985,True,True
182,True,43,52.9086256,True,-73603.23892261968,-73674.50427352558,-73719.40004715459,116.16112453490496,44.89577362900309,-3743.9964054187926,0.021781614179288145,False,True
182,True,44,52.9099592,True,-73594.75495941647,-73677.34862869437,-73725.10868732227,130.35372790579277,47.760058627900435,-3612.2201929897806,0.23468786921335338,True,True
182,True,45,52.9112924,True,-73653.27404119947,-73677.2641408468,-73730.81561524032,77.54157404084981,53.55147439352004,-3313.875807440008,0.770789939612964,True,True
182,True,46,52.9126256,True,-73573.79967253326,-73681.55374641098,-73736.5225431584,162.7228706251335,54.96879674741649,-3303.3488055652756,0.8096152829725138,False,True
182,True,47,52.9139592,True,-73649.94950214363,-73677.6213593119,-73742.23118332608,92.28168118244503,64.60982401417277,-2795.3226068897798,1.1031818675965965,True,True
182,True,48,52.9152924,True,-73652.68933762505,-73681.30972782457,-73747.93811124413,95.24877361908148,66.62838341956376,-2792.2715516766402,0.4755274579710309,False,True
182,True,49,52.9166256,True,-73646.50666817148,-73684.97579382129,-73753.64503916223,107.13837099075317,68.66924534094869,-2788.0142057500884,0.4391078568513471,False,True
182,True,50,52.9179592,True,-73678.718936362,-73685.34973323376,-73759.35367932988,80.63474296788627,74.00394609612704,-2593.7273528782275,0.3317969805679548,True,True
182,True,51,52.9192924,True,-73712.54681635801,-73688.83650929782,-73765.06060724797,52.513790889963275,76.22409795015119,-2595.954339336957,-0.008275684807788952,False,True
182,True,52,52.9206256,True,-73680.9561167971,-73692.27966024113,-73770.76753516603,89.81141836893221,78.48787492490374,-2594.650326452533,-0.1299565206096276,False,True
182,True,53,52.9219592,True,-73701.5337730677,-73699.25928551961,-73776.47617533371,74.9424022660096,77.21688981409534,-2791.8937094909156,-0.37348266986550493,True,True
182,True,54,52.9232924,True,-73691.0070658132,-73702.96553942734,-73782.18310325178,91.17603743857762,79.2175638244371,-2790.6883340672043,-0.5278502339115358,False,True
183,False,0,52.9259596,True,-73706.91629389874,-73706.91629389874,-73793.60038358711,86.68408968836593,86.68408968836593,0.0,0.0,True,True
183,False,1,52.9272928,True,-73676.72042616665,-73692.0937861885,-73799.30731150517,122.58688533851819,107.21352531666344,13019.449682015686,0.029391834194524957,True,True
183,False,2,52.9286264,True,-73705.13714588335,-73708.74507510569,-73805.01595167286,99.87880578951444,96.27087656717049,-2306.9144778751847,-0.23242945906483659,True,True
183,False,3,52.9299596,True,-73737.25242856941,-73708.81599353741,-73810.72287959092,73.47045102150878,101.90688605350442,-1654.0020102972085,0.06000012999077242,True,True
183,False,4,52.931292799999994,True,-73729.23818451991,-73731.60541835264,-73816.42980750898,87.19162298906303,84.82438915633247,-7240.034520144974,-0.2452510459696402,True,True
183,False,5,52.9326264,True,-73728.430029573,-73747.35856181104,-73822.13844767665,93.708418103648,74.77988586561696,-8550.219344367168,-0.10418310479327708,True,True
183,False,6,52.933959599999994,True,-73743.60615485458,-73766.51612726762,-73827.84537559471,84.23922074012808,61.3292483270925,-10014.588347298693,-0.163612734010961,True,True
183,False,7,52.9352928,True,-73760.35552723463,-73786.64784703798,-73833.55230351281,73.19677627818601,46.90445647483284,-11122.740127582081,-0.1658327198936309,True,True
183,False,8,52.936626399999994,True,-73782.24009055954,-73806.88492180349,-73839.26094368046,57.02085312092095,32.376021876974846,-11908.004585302422,-0.16339028727696014,True,True
183,False,9,52.9379596,True,-73806.509005785,-73806.62767562053,-73844.96787159855,38.45886581354716,38.34019597801671,-9787.318625556562,0.5247097245893793,True,True
183,False,10,52.9392928,True,-73758.70418105868,-73810.09136015773,-73850.67479951662,91.97061845794087,40.58343935888843,-8638.103852115924,0.38839466722640403,True,True
183,False,11,52.9406264,True,-73759.35000471487,-73788.20389934797,-73856.3834396843,97.03343496943126,68.17954033633578,-6472.554393730438,0.4389686962506314,True,True
183,False,12,52.9419596,True,-73739.68560761283,-73779.11084626535,-73862.09036760236,122.40475998952752,82.97952133700892,-5920.982151160967,0.12718998303486728,True,True
183,False,13,52.943292799999995,True,-73795.5804672776,-73767.92166265663,-73867.79729552042,72.21682824281743,99.87563286378281,-4217.786038595837,0.34231133704960603,True,True
183,False,14,52.9446264,True,-73778.471841079,-73789.09895587449,-73873.5059356881,95.03409460910188,84.40697981360427,-7436.833544012158,-0.27405424062869166,True,True
183,False,15,52.945959599999995,True,-73809.7987923243,-73815.76746287532,-73879.21286360617,69.41407128186256,63.44540073085227,-11332.600455166135,-0.28258010929818234,True,True
183,False,16,52.9472928,True,-73807.63752078696,-73841.21743874298,-73884.91979152425,77.28227073729795,43.70235278127075,-13431.234390791426,-0.21413737586493475,True,True
183,False,17,52.948626399999995,True,-73739.7232357983,-73835.95979313986,-73890.6284316919,150.90519589360338,54.668638552044285,-9158.032476878063,0.40138441051790474,True,True
183,False,18,52.9499596,True,-73784.8228774048,-73837.02072700529,-73896.33535961,111.5124822052021,59.31463260471355,-7355.890241759755,0.282098831572303,True,True
183,False,19,52.9512928,True,-73826.45013602692,-73843.60841703936,-73902.04228752806,75.59215150114323,58.433870488705,-6896.799551419714,0.08508907074190741,True,True
183,False,20,52.9526264,True,-73754.04092470183,-73850.85841327136,-73907.75092769574,153.71000299391744,56.89251442438399,-6638.889365719233,0.057580818772011266,True,True
183,False,21,52.9539596,False,-75048.94939069201,-73859.70938057374,-73913.4578556138,-1135.4915350782103,53.74847504006175,-6638.889365719233,0.6742947956111989,False,False
183,False,22,52.955292799999995,False,-74848.43673300177,-73868.56034787612,-73919.16478353187,-929.2719494698977,50.60443565575406,-6638.889365719233,-0.21811600824560173,False,False
183,False,23,52.9566264,False,-75156.6693242038,-73877.41397073424,-73924.87342369955,-1231.7959005042503,47.45945296531136,-6638.889365719233,-0.8653392241759144,False,False
183,False,24,52.957959599999995,False,-75789.49269679579,-73886.26493803662,-73930.58035161761,-1858.912345178178,44.315413580989116,-6638.889365719233,-0.2767237117682715,False,False
183,False,25,52.9592928,False,-75606.8728330902,-73895.115905339,-73936.2872795357,-1670.585553554498,41.17137419669598,-6638.889365719233,0.7504680282008334,False,False
183,False,26,52.960626399999995,False,-72391.18284487871,-73903.96952819712,-73941.99591970335,1550.813074824633,38.02639150622417,-6638.889365719233,-1.3541239846894866,False,False
183,False,27,52.9619596,False,-72191.50320531195,-73912.8204954995,-73947.70284762145,1756.199642309497,34.88235212194559,-6638.889365719233,0.43701034726259014,False,False
183,False,28,52.9632928,False,-72835.30346799483,-73921.67146280187,-73953.4097755395,1118.1063075446727,31.738312737637898,-6638.889365719233,1.0256830744197671,False,False
183,False,29,52.9646264,False,-75532.32678884518,-73930.52508565999,-73959.11841570718,-1573.2083731379971,28.593330047195195,-6638.889365719233,0.043860525289904695,False,False
183,False,30,52.9659596,False,-74074.55555287078,-73939.37605296237,-73964.82534362526,-109.73020924552111,25.449290662887506,-6638.889365719233,1.1017258514841468,False,False
183,False,31,52.967292799999996,False,-74813.44614795507,-73948.22702026475,-73970.53227154331,-842.9138764117524,22.305251278565265,-6638.889365719233,-1.2855457808278348,False,False
183,False,32,52.9686264,False,-74494.64201856454,-73957.08064312287,-73976.240911711,-518.4011068535474,19.160268588122563,-6638.889365719233,1.5689024170876742,False,False
183,False,33,52.969959599999996,False,-75297.79266830998,-73965.93161042525,-73981.94783962905,-1315.844828680929,16.01622920380032,-6638.889365719233,-0.9842741708589426,False,False
183,False,34,52.9712928,False,-71789.49269679579,-73974.78257772763,-73987.65476754715,2198.162070751365,12.872189819521736,-6638.889365719233,1.4889914926100558,False,False
183,False,35,52.972626399999996,False,-74078.25147705108,-73983.63620058575,-73993.3634077148,-84.88806933627347,9.72720712904993,-6638.889365719233,0.7079670749353983,False,False
183,False,36,52.9739596,False,-75594.04084599738,-73992.48716788813,-73999.07033563289,-1594.9705103644956,6.583167744756793,-6638.889365719233,-0.7467278280095666,False,False
183,False,37,52.9752928,False,-72622.28836182921,-74001.33813519051,-74004.77726355095,1382.4889017217356,3.4391283604345517,-6638.889365719233,0.1759824180438343,False,False
183,False,38,52.9766264,False,-75135.33811385727,-74010.19175804863,-74010.48590371864,-1124.8522101386334,0.2941456700064009,-6638.889365719233,-0.9550981154155438,False,False
183,False,39,52.9779596,False,-72252.81485089012,-74019.04272535101,-74016.1928316367,1763.3779807465762,-2.84989371431584,-6638.889365719233,-1.0085388378436893,False,False
183,False,40,52.979292799999996,False,-72538.91123766136,-74027.8936926534,-74021.89975955476,1482.9885218933923,-5.993933098638081,-6638.889365719233,-0.48541107094993197,False,False
183,False,41,52.9806264,False,-74605.16903622159,-74036.74731551151,-74027.60839972243,-577.5606364991545,-9.138915789080784,-6638.889365719233,-1.104914435184822,False,False
183,False,42,52.981959599999996,False,-74785.00256612973,-74045.5982828139,-74033.3153276405,-751.6872384892195,-12.282955173388473,-6638.889365719233,-1.0035535925594492,False,False
183,False,43,52.983292799999994,False,-74057.976290485,-74054.44925011627,-74039.02225555856,-18.954034926442546,-15.426994557710714,-6638.889365719233,-1.2614589933394669,False,False
183,False,44,52.984626399999996,False,-72416.85602499831,-74063.3028729744,-74044.73089572624,1627.87487072793,-18.571977248153416,-6638.889365719233,1.276345499377487,False,False
183,False,45,52.985959599999994,False,-74411.4407176227,-74072.15384027678,-74050.4378236443,-361.00289397839515,-21.716016632475657,-6638.889365719233,0.8544085809967021,False,False
183,False,46,52.9872928,False,-75251.86482034643,-74081.00480757916,-74056.1447515624,-1195.7200687840232,-24.860056016754243,-6638.889365719233,-1.3052997326270261,False,False
183,False,47,52.988626399999994,False,-73189.45772139356,-74089.85843043728,-74061.85339173005,872.3956703364966,-28.00503870722605,-6638.889365719233,-1.2039225955400237,False,False
183,False,48,52.9899596,False,-75789.49269679579,-74098.70939773966,-74067.56031964814,-1721.9323771476484,-31.149078091519186,-6638.889365719233,0.8417883737535772,False,False
183,False,49,52.9912928,False,-75789.49269679579,-74107.56036504204,-74073.2672475662,-1716.2254492295906,-34.29311747584143,-6638.889365719233,1.5406569487744886,False,False
183,False,50,52.9926264,False,-72450.61969298034,-74116.41398790016,-74078.97588773389,1628.356194753549,-37.43810016626958,-6638.889365719233,-0.789633237956819,False,False
183,False,51,52.9939596,False,-75789.49269679579,-74125.26495520254,-74084.68281565195,-1704.8098811438394,-40.58213955059182,-6638.889365719233,-0.9697537969232437,False,False
183,False,52,52.995292799999994,False,-74415.25322009686,-74134.11592250492,-74090.38974357,-324.8634765268507,-43.72617893491406,-6638.889365719233,1.0361787918237098,False,False
183,False,53,52.9966264,False,-73535.6958152326,-74142.96954536304,-74096.09838373768,560.4025685050874,-46.87116162535676,-6638.889365719233,1.492791705746015,False,False
183,False,54,52.997959599999994,False,-74860.66628885939,-74151.82051266542,-74101.80531165574,-758.8609772036434,-50.015201009679004,-6638.889365719233,0.9482278171683003,False,False
183,False,55,52.9992928,False,-74122.26439902825,-74160.6714799678,-74107.51223957384,-14.752159454408684,-53.15924039395759,-6638.889365719233,0.8234808122965034,False,False
184,True,0,53.0011292,True,-74018.79313698188,-74018.79313698188,-74115.37317748921,96.58004050732416,96.58004050732416,0.0,0.0,True,True
184,True,1,53.0024624,True,-74051.95511373146,-74067.37811330092,-74121.08010540727,69.12499167580972,53.70199210634746,-16239.167111715493,-0.3679909597862028,True,True
184,True,2,53.003796,True,-74068.22283370349,-74118.25570459415,-74126.78874557494,58.565911871453864,8.533040980793885,-25741.385501093962,-0.3164594747411864,True,True
184,True,3,53.0051292,True,-74064.30743526023,-74111.02314342685,-74132.495673493,68.18823823277489,21.472530066152103,-10701.650041469253,0.29747614376809306,True,True
184,True,4,53.0064624,True,-74081.68192814497,-74093.19749986823,-74138.20260141106,56.520673266088124,45.00510154283256,-1952.7356674893067,0.36196498624437834,True,True
184,True,5,53.007796,True,-74043.68009929388,-74091.93213016073,-74143.91124157875,100.23114228487248,51.97911141802615,-962.2042609151919,0.02020523838622723,True,True
184,True,6,53.0091292,True,-74062.82650572975,-74062.77084834094,-74149.61816949681,86.79166376705689,86.84732115587394,4839.994790502422,0.5691365074907102,True,True
184,True,7,53.0104624,True,-74045.32867719067,-74059.91956430758,-74155.3250974149,109.99642022422631,95.40553310731775,4250.836494205238,-0.09395459006833917,True,True
184,True,8,53.011796,True,-74104.94970565698,-74068.52525793221,-74161.03373758255,56.084031925565796,92.50847965033608,2163.0434158645767,-0.37011270261749996,True,True
184,True,9,53.0131292,True,-74144.61605869398,-74086.64163439504,-74166.74066550065,22.124606806668453,80.09903110560845,-585.9476244340759,-0.6461164580030214,True,True
184,True,10,53.0144624,True,-74137.06637993407,-74104.05674140992,-74172.4475934187,35.381213484637556,68.39085200878617,-2565.8204515082366,-0.6278809027666092,True,True
184,True,11,53.015796,True,-74096.16152745903,-74127.80047373954,-74178.15623358639,81.99470612735604,50.35575984684692,-5887.024201726736,-0.13132355499382986,True,True
184,True,12,53.0171292,True,-74101.70795394201,-74131.76955437183,-74183.86316150444,82.15520756243495,52.093607132614125,-5633.697017634712,0.00997994808418512,True,True
184,True,13,53.0184624,True,-74111.00694188253,-74145.36614925634,-74189.57008942252,78.56314753998595,44.203940166175016,-5698.971620743868,-0.12931492758180463,True,True
184,True,14,53.019796,True,-74125.10306150364,-74154.39307864543,-74195.2787295902,70.17566808655101,40.885650944765075,-5757.922149740282,-0.05175750802973056,True,True
184,True,15,53.0211292,True,-74117.52420349518,-74162.41183596615,-74200.98565750825,83.46145401307149,38.57382154210063,-5678.159944625579,-0.04087878671763767,True,True
184,True,16,53.0224624,True,-74123.39726570265,-74171.72544059923,-74206.69258542635,83.29531972370751,34.967144827125594,-5955.046020888899,-0.06260836359026412,True,True
184,True,17,53.023796,True,-74136.45186882066,-74176.06483522206,-74212.401225594,75.94935677334433,36.33639037194371,-5266.574685859189,0.050643864476320744,True,True
184,True,18,53.0251292,True,-74163.93265572828,-74159.98057320464,-74218.10815351209,54.175497783813626,58.12758030745317,-1599.0182949691396,0.5912752037467812,True,True
184,True,19,53.0264624,True,-74153.62559657806,-74157.46965615936,-74223.81508143015,70.18948485208966,66.34542527078884,-942.1289635981274,0.14265390227317365,True,True
184,True,20,53.027796,True,-74178.93621058813,-74164.9555861581,-74229.52372159783,50.587511009696755,64.56813543972385,-1732.2690339768694,-0.19661138346966567,True,True
184,True,21,53.0291292,True,-74172.56876167761,-74171.02251710817,-74235.2306495159,62.66188783828693,64.20813240772986,-2164.582039088078,-0.16813022826487156,True,True
184,True,22,53.0304624,True,-74177.24171768522,-74177.89585550119,-74240.93757743396,63.69585974873917,63.04172193276463,-2583.076715455254,-0.20554277673795607,True,True
184,True,23,53.031796,True,-74178.81666984469,-74189.04707760963,-74246.64621760164,67.82954775694816,57.599139992002165,-3324.7111610569095,-0.3652494888029434,True,True
184,True,24,53.0331292,True,-74208.77331607789,-74201.18970808967,-74252.3531455197,43.57982944180549,51.16343743001926,-4019.40452465058,-0.4490324464671014,True,True
184,True,25,53.0344624,True,-74203.51083407806,-74211.416947711,-74258.0600734378,54.54923935973784,46.643125726797734,-4431.914941053205,-0.3878394321374241,True,True
184,True,26,53.035796,True,-74202.50354424574,-74222.16725122907,-74263.76871360544,61.26516935969994,41.60146237637673,-4817.66385785344,-0.3504199275257509,True,True
184,True,27,53.0371292,True,-74180.56025847008,-74231.46393455422,-74269.47564152353,88.91538305344875,38.01170696930785,-5034.011031409374,-0.2466258695904866,True,True
184,True,28,53.0384624,True,-74229.27590681112,-74234.73048125434,-74275.1825694416,45.90666263048479,40.452088187259506,-4783.474104691748,0.33869620291079605,True,True
184,True,29,53.039796,True,-74197.59725347742,-74239.47106343764,-74280.89120960928,83.29395613186352,41.420146171643864,-4667.57587797873,0.14270345204479074,True,True
184,True,30,53.0411292,True,-74213.83862865272,-74240.83914392274,-74286.59813752734,72.75950887461659,45.7589936045988,-4337.778885876556,0.5577021106697311,True,True
184,True,31,53.0424624,True,-74265.43002138817,-74246.65655533258,-74292.3050654454,26.875044057233026,45.64851011282008,-4340.496868948586,0.3067032181527072,False,True
184,True,32,53.043796,True,-74216.82492012784,-74250.56889475604,-74298.01370561308,81.18878548523935,47.44481085703592,-4220.557939849573,0.16887258981220032,True,True
184,True,33,53.0451292,True,-74215.87100304339,-74254.3259536372,-74303.72063353115,87.84963048776262,49.39467989394325,-4103.433212973728,0.24717410009727647,True,True
184,True,34,53.0464624,True,-74215.5653304968,-74259.73064093739,-74309.42756144924,93.86223095243622,49.696920511851204,-4098.326632519208,0.23847488863840427,False,True
184,True,35,53.047796,True,-74231.22441061794,-74261.61129130062,-74315.13620161689,83.91179099894362,53.52491031626414,-3882.9884881421135,0.35821709318996353,True,True
184,True,36,53.0491292,True,-74198.0967814706,-74263.7204181375,-74320.84312953499,122.7463480643928,57.122711397489184,-3698.1975700017624,0.45946357290573125,True,True
184,True,37,53.0504624,True,-74244.21949406622,-74268.61474656008,-74326.55005745305,82.33056338682945,57.93531089296448,-3695.3277445976532,0.3218634005614529,False,True
184,True,38,53.051796,True,-74255.15601992195,-74270.3451131622,-74332.25869762072,77.102677698771,61.91358445852529,-3505.3143897167643,0.35043184830325114,True,True
184,True,39,53.0531292,True,-74224.47372776123,-74274.30565526024,-74337.96562553878,113.49189777755237,63.6599702785461,-3461.3937064305924,0.10859788867052389,True,True
184,True,40,53.0544624,True,-74274.22370401012,-74278.91551361032,-74343.67255345685,69.44884944673686,64.75703984653228,-3460.995365772658,0.46344561278058904,False,True
184,True,41,53.055796,True,-74245.48535341716,-74279.52903762832,-74349.38119362453,103.89584020737675,69.85215599621006,-3218.964028211803,0.48302791443177906,True,True
184,True,42,53.0571292,True,-74232.53520296844,-74279.53991593923,-74355.08812154259,122.55291857414704,75.5482056033652,-2957.3824876219355,0.5972176303053249,True,True
184,True,43,53.0584624,False,-72205.31530616402,-74283.48269827172,-74360.79504946068,2155.479743296659,77.31235118895711,-2957.3824876219355,1.215490871888806,False,False
184,True,44,53.059796,False,-73629.26610163694,-74287.42666355721,-74366.50368962833,737.2375879913889,79.07702607111423,-2957.3824876219355,-0.05687526747868232,False,False
184,True,45,53.0611292,False,-76110.53949686732,-74291.36944588972,-74372.21061754643,-1738.3288793208922,80.84117165670614,-2957.3824876219355,0.1527026959005302,False,False
184,True,46,53.0624624,False,-76110.53949686732,-74295.31222822222,-74377.91754546449,-1732.6219514028344,82.60531724226894,-2957.3824876219355,-0.2775793241774325,False,False
184,True,47,53.063796,False,-75545.12084837876,-74299.25619350771,-74383.62618563217,-1161.494662746598,84.36999212445517,-2957.3824876219355,-0.7820818564642633,False,False
184,True,48,53.0651292,False,-72866.33674602196,-74303.1989758402,-74389.33311355024,1522.996367528278,86.13413771003252,-2957.3824876219355,-1.3350601253926433,False,False
184,True,49,53.0664624,False,-72962.78042556954,-74307.1417581727,-74395.0400414683,1432.259615898758,87.89828329559532,-2957.3824876219355,-1.4073684168729033,False,False
184,True,50,53.067796,False,-72154.9121526528,-74311.0857234582,-74400.74868163597,2245.836528983171,89.662958177767,-2957.3824876219355,1.5467412424693574,False,False
184,True,51,53.0691292,False,-76110.53949686732,-74315.0285057907,-74406.45560955403,-1704.0838873132889,91.4271037633298,-2957.3824876219355,0.2522631206042516,False,False
184,True,52,53.0704624,False,-75176.10935963302,-74318.9712881232,-74412.16253747209,-763.9468221609277,93.1912493488926,-2957.3824876219355,0.7360474114128084,False,False
184,True,53,53.071796,False,-75857.63885811575,-74322.91525340869,-74417.87117763978,-1439.7676804759685,94.95592423109338,-2957.3824876219355,-0.9864456280733492,False,False
184,True,54,53.0731292,False,-72888.54799468402,-74326.85803574118,-74423.57810555784,1535.0301108738204,96.72006981665618,-2957.3824876219355,0.22986139533441863,False,False
185,True,0,53.0765364,True,-74436.26112247257,-74436.26112247257,-74438.16304765391,1.901925181344268,1.901925181344268,0.0,0.0,True,True
185,True,1,53.0778696,True,-74441.09484208973,-74458.62206976741,-74443.86997557197,2.7751334822387435,-14.752094195442623,-2914.657877700428,-0.21241545912022453,True,True
185,True,2,53.0792032,True,-74394.20969041753,-74455.79720238951,-74449.57861573965,55.36892532212369,-6.218586649862118,3246.8862939613728,-0.06857282357151151,True,True
185,True,3,53.0805364,True,-74415.50121054494,-74441.6667570379,-74455.28554365772,39.78433311278059,13.618786619816092,7001.1601737538385,0.05259926723038477,True,True
185,True,4,53.081869600000005,True,-74404.87814157773,-74447.25525201402,-74460.99247157581,56.114329998075846,13.737219561793609,3144.7242521822736,-0.2143577555157421,True,True
185,True,5,53.0832032,True,-74452.2044633289,-74458.47648661971,-74466.70111174346,14.496648414555239,8.224625123752048,-255.28694634549973,-0.23591231714308458,True,True
185,True,6,53.084536400000005,True,-74468.89986931975,-74446.75454026154,-74472.40803966155,3.508170341796358,25.653499400010332,1994.3489003239217,0.24238150857825813,True,True
185,True,7,53.0858696,True,-74447.1161381025,-74450.58130487267,-74478.11496757962,30.998829477117397,27.533662706948235,932.4604666000256,-0.15571338795694345,True,True
185,True,8,53.087203200000005,True,-74489.49390328565,-74468.23055837129,-74483.8236077473,-5.670295538351638,15.59304937600973,-1811.5022748217186,-0.5053145211209813,True,True
185,True,9,53.0885364,True,-74476.77016198101,-74486.60255808449,-74489.53053566536,12.760373684344813,2.9279775808681734,-3886.559571900081,-0.5307319640560166,True,True
185,True,10,53.0898696,True,-74485.85421797437,-74500.55857684599,-74495.23746358341,9.383245609045844,-5.321113262572908,-4922.207170490197,-0.3768583999966708,True,True
185,True,11,53.0912032,True,-74502.71495057899,-74494.96137775044,-74500.9461037511,-1.7688468278793152,5.984726000664523,-5556.706329562132,-0.44264731943472846,True,True
185,True,12,53.0925364,True,-74545.31904003043,-74511.38264387022,-74506.65303166916,-38.666008361265995,-4.7296122010593535,-6006.662388197662,-0.048395639486200626,True,True
185,True,13,53.093869600000005,True,-74505.10997883741,-74530.60571618027,-74512.35995958725,7.249980749838869,-18.245756593023543,-6984.87461258142,-0.20983098931458333,True,True
185,True,14,53.0952032,True,-74524.41907148623,-74543.67575400302,-74518.0685997549,-6.350471731333528,-25.607154248122242,-7609.8918827571715,-0.08187113691340131,True,True
185,True,15,53.096536400000005,True,-74510.28623273147,-74552.38533397573,-74523.775527673,13.489294941537082,-28.609806302731158,-7122.91759113935,-0.007657034384890737,True,True
185,True,16,53.0978696,True,-74486.60526172591,-74553.56503236294,-74529.48245559106,42.877193865148,-24.08257677187794,-5286.387554900955,0.1110385384838608,True,True
185,True,17,53.099203200000005,True,-74455.24661473687,-74548.97747666884,-74535.19109575874,79.94448102187016,-13.78638091009634,-3107.5474443369426,0.1979787066296561,True,True
185,True,18,53.1005364,True,-74507.5033292521,-74550.47659450129,-74540.8980236768,33.39469442469999,-9.578570824494818,-2662.1952619525423,0.04316000542647669,True,True
185,True,19,53.1018696,True,-74525.3347960758,-74533.02719605713,-74546.60495159487,21.270155519072432,13.577755537742632,311.0458106700228,0.6695511530985203,True,True
185,True,20,53.1032032,True,-74517.74135214237,-74528.9506116131,-74552.31359176255,34.572239620174514,23.362980149453506,776.8913687152356,0.1209242358667324,True,True
185,True,21,53.1045364,True,-74467.12247964165,-74524.43175460314,-74558.0205196806,90.89804003895551,33.58876507746754,1186.1223412464476,0.11503144242491148,True,True
185,True,22,53.105869600000005,True,-74503.83363644141,-74521.04330359297,-74563.72744759869,59.89381115727883,42.684144005717826,1378.2304725753697,0.0894179611246595,True,True
185,True,23,53.1072032,True,-74552.10307647435,-74519.47039854235,-74569.43608776634,17.3330112919939,49.96568922398728,1350.0660665359324,-0.005970838443273507,True,True
185,True,24,53.108536400000006,True,-74512.10017246501,-74521.93618829091,-74575.14301568444,63.042843219431234,53.20682739352924,966.5732678688535,-0.2515816113447773,True,True
185,True,25,53.1098696,True,-74500.90818818472,-74526.39648512812,-74580.8499436025,79.94175541777804,54.45345847438148,482.80240420951804,-0.4018361511209214,True,True
185,True,26,53.111203200000006,True,-74552.42597288988,-74536.71632028323,-74586.55858377018,34.13261088030413,49.84226348694938,-390.3770967533842,-0.7478342915500682,True,True
185,True,27,53.1125364,True,-74500.15553768695,-74541.89671121839,-74592.26551168825,92.10997400130145,50.368800469863345,-742.5048182004662,-0.3999413894883048,True,True
185,True,28,53.1138696,True,-74511.00780947114,-74546.09072523032,-74597.97243960631,86.96463013517496,51.881714375995216,-974.9466788849122,-0.370335554161918,True,True
185,True,29,53.1152032,True,-74546.34136512142,-74551.98379143623,-74603.68107977399,57.339714652567636,51.697288337760256,-1295.48879301278,-0.4251755396197838,True,True
185,True,30,53.1165364,True,-74592.3306060569,-74558.04172418987,-74609.38800769205,17.057401635145652,51.34628350217827,-1589.630013668863,-0.42267122020471426,True,True
185,True,31,53.117869600000006,True,-74546.73542649766,-74560.43502158033,-74615.09493561015,68.35950911248801,54.65991402982036,-1607.404266116554,-0.035852242588500616,True,True
185,True,32,53.1192032,True,-74557.8858055904,-74564.8612282863,-74620.8035757778,62.91777018739958,55.94234749149473,-1755.6760625608958,-0.2512302692160344,True,True
185,True,33,53.120536400000006,True,-74554.43678578135,-74569.70678915767,-74626.51050369588,72.07371791453625,56.80371453821135,-1916.9916137116074,-0.32670213339494847,True,True
185,True,34,53.121869600000004,True,-74492.22377422452,-74572.16901341897,-74632.21743161394,139.99365738942288,60.04841819497233,-1909.367246551092,-0.2432627181495164,False,True
185,True,35,53.123203200000006,True,-74531.1658301448,-74575.3770838867,-74637.92607178164,106.76024163683178,62.54898789493018,-1949.7448461047604,-0.0849810049953934,True,True
185,True,36,53.124536400000004,True,-74549.01582962365,-74576.96289997666,-74643.6329996997,94.61717007604602,66.6700997230364,-1886.0390354830893,0.13506023661883826,True,True
185,True,37,53.1258696,True,-74536.1718274797,-74579.41401742805,-74649.33992761775,113.16810013804934,69.92591018970415,-1880.9285417545564,0.2674929432248403,False,True
185,True,38,53.127203200000004,True,-74582.24022882954,-74579.9828888784,-74655.04856778543,72.80833895588876,75.06567890703445,-1762.970332317977,0.23808986197425974,True,True
185,True,39,53.1285364,True,-74548.7356973988,-74578.74908524651,-74660.7554957035,112.01979830469645,82.00641045699012,-1544.391493196084,0.4878195061630288,True,True
185,True,40,53.129869600000006,True,-74550.21376459135,-74580.77147670645,-74666.46242362159,116.24865903024329,85.69094691514329,-1541.383735893031,0.19983110807952897,False,True
185,True,41,53.1312032,True,-74569.79051652682,-74581.14073648828,-74672.17106378924,102.38054726242262,91.03032730096311,-1438.7796228363775,0.2114236424537541,True,True
185,True,42,53.1325364,True,-74555.62990051533,-74583.11260034764,-74677.8779917073,122.24809119197016,94.76539135965868,-1441.3618932534735,-0.012631734213665702,True,True
185,True,43,53.133869600000004,True,-74580.92515336821,-74585.0284707523,-74683.5849196254,102.65976625718758,98.55644887310336,-1440.8866759941534,-0.15108534166809484,False,True
185,True,44,53.1352032,True,-74598.40383481733,-74589.35251918717,-74689.29355979305,90.88972497571376,99.94104060587415,-1587.5186763681802,-0.29331689160676433,True,True
185,True,45,53.136536400000004,True,-74657.27369546877,-74594.83940844085,-74695.00048771114,37.726792242363445,100.16107927028497,-1795.811400135876,-0.5449370950831316,True,True
185,True,46,53.1378696,True,-74628.02752752464,-74597.27344702937,-74700.7074156292,72.67988810455427,103.4339685998275,-1799.0930008550013,-0.9484931934366183,False,True
185,True,47,53.139203200000004,True,-74588.67781353906,-74609.34207229274,-74706.41605579689,117.738242257823,97.07398350414587,-2388.8615009194255,-1.0837061215256028,True,True
185,True,48,53.1405364,True,-74576.45942965709,-74617.14718076318,-74712.12298371494,135.66355405785725,94.97580295176886,-2672.9077191100514,-0.728586223510848,True,True
185,True,49,53.1418696,True,-74642.7096038312,-74620.74224145556,-74717.829911633,75.12030780180066,97.08767017743958,-2675.52017200862,-0.6964265730237331,False,True
185,True,50,53.1432032,True,-74600.99684381079,-74631.20754173849,-74723.53855180068,122.54170798989071,92.3310100621893,-3099.9093217925542,-0.9337056665438901,True,True
185,True,51,53.1445364,True,-74553.9219358131,-74635.23562608987,-74729.24547971875,175.32354390565888,94.00985362888605,-3091.5338829139946,-0.11762136789326516,False,True
185,True,52,53.145869600000005,True,-74580.35067724621,-74639.23846343263,-74734.95240763684,154.60173039062647,95.71394420420984,-3082.551947868786,0.01805945950619736,False,True
185,True,53,53.1472032,True,-74622.3816475516,-74642.3561655681,-74740.66104780449,118.27940025288262,98.30488223639259,-3023.974861532702,0.10820552162167263,True,True
185,True,54,53.148536400000005,True,-74641.09786868285,-74646.37846876014,-74746.36797572258,105.27010703973065,99.98950696243264,-3023.273141495617,-0.03289863623332101,False,True
186,False,0,53.2259024,True,-74965.88705605328,-74965.88705605328,-75077.54273218034,111.65567612706218,111.65567612706218,0.0,0.0,True,True
186,False,1,53.2272356,True,-74991.84421033604,-74997.39154927156,-75083.2496600984,91.40544976235833,85.85811082684086,-11658.230437576574,-0.22417821297047924,True,True
186,False,2,53.2285692,True,-74991.89459581814,-75020.65033425584,-75088.9583002661,97.06370444795175,68.30796601025213,-13481.823481302496,-0.10956089133442704,True,True
186,False,3,53.2299024,True,-75005.96159639847,-75023.71551139685,-75094.66522818415,88.70363178568368,70.94971678730508,-8043.499003772165,0.10444177546878985,True,True
186,False,4,53.2312356,True,-74997.41488216791,-75035.44416430265,-75100.37215610221,102.95727393429843,64.9279917995591,-8129.125863381095,-0.045838477883459294,True,True
186,False,5,53.2325692,True,-74971.1246893509,-75026.08422469822,-75106.08079626989,134.95610691899492,79.99657157166803,-3498.1738455307345,0.27109973026177303,True,True
186,False,6,53.2339024,True,-74986.53400716605,-75024.24278103284,-75111.78772418796,125.25371702191478,87.5449431551242,-2227.3979563226985,0.10052340321552244,True,True
186,False,7,53.2352356,True,-74980.47218582602,-75023.75162313147,-75117.49465210605,137.02246628003195,93.74302897458256,-1631.8935645228307,0.06304056155608473,True,True
186,False,8,53.2365692,True,-75067.56897278088,-75017.50212874431,-75123.2032922737,55.634319492819486,105.7011635293893,-423.5653681832111,0.2718736395733874,True,True
186,False,9,53.2379024,True,-75086.30457701045,-75039.39492144159,-75128.91022019178,42.60564318133402,89.51529875019332,-3206.1395027222948,-0.6898113371563799,True,True
186,False,10,53.2392356,True,-75129.6089621299,-75066.70285112438,-75134.61714810986,5.008185979953851,67.9142969854729,-5929.8224061815445,-0.94781749551175,True,True
186,False,11,53.2405692,True,-75103.06597303235,-75104.30692013775,-75140.32578827754,37.259815245182835,36.0188681397849,-9406.1600343532,-1.1223544537743488,True,True
186,False,12,53.2419024,True,-75098.70855842992,-75187.7623675374,-75146.0327161956,47.32415776567359,-41.729651341811405,-9343.140599440763,-0.7405071841915332,True,True
186,False,13,53.2432356,True,-75109.20107559022,-75174.3454428964,-75151.73964411365,42.53856852343597,-22.605798782751663,-5725.2179678173015,0.3698120546425665,True,True
186,False,14,53.2445692,True,-75156.42384850446,-75183.40339748007,-75157.44828428134,1.0244357768824557,-25.955113198724575,-5761.528451415218,-0.050020254155358046,True,True
186,False,15,53.2459024,True,-75124.50962406496,-75177.73509229263,-75163.1552121994,38.64558813444455,-14.579880093224347,-2399.619796655651,0.18040888008489508,True,True
186,False,16,53.2472356,True,-75192.92531356648,-75177.493877987,-75168.86214011749,-24.063173448987072,-8.63173786950938,-1707.3785377857143,0.07403940207273285,True,True
186,False,17,53.2485692,True,-75129.80403315215,-75187.18040865935,-75174.57078028514,44.76674713299144,-12.609628374208114,-2969.7458460664216,-0.18126237200361395,True,True
186,False,18,53.2499024,True,-75159.18822646436,-75192.86792224988,-75180.27770820324,21.089481738876202,-12.590214046635083,-3220.4708293570197,-0.05755936542727458,True,True
186,False,19,53.2512356,True,-75167.32613767221,-75202.27139313656,-75185.9846361213,18.658498449090985,-16.286757015259354,-3932.2839344983136,-0.17291114405328223,True,True
186,False,20,53.2525692,True,-75201.08938320017,-75210.47112727925,-75191.69327628898,-9.396106911197421,-18.777850990270963,-4305.99564696147,-0.10340215827184807,True,True
186,False,21,53.2539024,True,-75145.15740479132,-75217.59516299584,-75197.40020420704,52.242799415718764,-20.194958788808435,-4457.121506663553,-0.08398622379910581,True,True
186,False,22,53.2552356,True,-75152.71457429742,-75218.37069482286,-75203.10713212511,50.39255782768305,-15.263562697757152,-3907.6759794782815,0.23618204668770337,True,True
186,False,23,53.2565692,True,-75211.63777002596,-75221.65236524741,-75208.81577229279,-2.8219977331755217,-12.836592954627122,-3720.399059816278,0.09834300510519611,True,True
186,False,24,53.2579024,True,-75190.93740208837,-75215.1794662432,-75214.52270021084,23.58529812247434,-0.656766032348969,-2691.7905637165695,0.6898416157524512,True,True
186,False,25,53.259235600000004,True,-75177.50160357995,-75213.28202572287,-75220.22962812893,42.72802454898192,6.947602406056831,-2227.9651240845656,0.392364924163747,True,True
186,False,26,53.2605692,True,-75241.20481992417,-75213.40776243647,-75225.9382682966,-15.26655162757379,12.530505860122503,-2003.1645758122388,0.20940813164020478,True,True
186,False,27,53.261902400000004,True,-75211.7790528108,-75216.6042361033,-75231.64519621468,19.866143403880415,15.040960111378809,-2042.8179465716712,-0.0484841415285413,True,True
186,False,28,53.2632356,True,-75226.731378858,-75219.343597548,-75237.35212413274,10.620745274733054,18.008526584744686,-2044.1445895559168,-0.37104036861880685,False,True
186,False,29,53.264569200000004,True,-75271.22224489167,-75235.52951817455,-75243.06076430042,-28.161480591254076,7.531246125872713,-2966.740845861811,-0.9707997990874305,True,True
186,False,30,53.2659024,True,-75238.36719538784,-75247.08630725191,-75248.76769221849,10.400496830654447,1.6813849665777525,-3469.8438026779327,-0.7918303830272654,True,True
186,False,31,53.2672356,True,-75213.66971877217,-75251.67416565852,-75254.47462013655,40.80490136437584,2.80045447802695,-3466.838716757286,-0.5794030357479659,False,True
186,False,32,53.2685692,False,-76503.36686813596,-75256.29754177119,-75260.18326030423,-1243.1836078317283,3.885718533041654,-3466.838716757286,0.04738337237563295,False,False
186,False,33,53.2699024,False,-76558.21659015016,-75260.91953114836,-75265.89018822229,-1292.3264019278722,4.970657073921757,-3466.838716757286,0.007937017263404567,False,False
186,False,34,53.271235600000004,False,-74512.60570386829,-75265.54152052556,-75271.59711614039,758.9914122720947,6.055595614830963,-3466.838716757286,1.4134005734544868,False,False
186,False,35,53.2725692,False,-76969.74910986463,-75270.16489663822,-75277.30575630804,-1692.4433535565913,7.140859669816564,-3466.838716757286,-0.5942053351807406,False,False
186,False,36,53.273902400000004,False,-74447.15424552505,-75274.7868860154,-75283.01268422612,835.8584387010778,8.22579821072577,-3466.838716757286,0.5508553238762617,False,False
186,False,37,53.2752356,False,-75805.17825833615,-75279.40887539259,-75288.7196121442,-516.4586461919534,9.310736751605873,-3466.838716757286,0.3615163530114218,False,False
186,False,38,53.276569200000004,False,-73477.6992914137,-75284.03225150525,-75294.42825231187,1816.728960898181,10.396000806620577,-3466.838716757286,-0.838738290945096,False,False
186,False,39,53.2779024,False,-75677.57152425482,-75288.65424088243,-75300.13518022993,-377.43634402488533,11.48093934750068,-3466.838716757286,-1.3273677356558098,False,False
186,False,40,53.2792356,False,-76717.07289175065,-75293.27623025962,-75305.84210814799,-1411.2307836026594,12.56587788836623,-3466.838716757286,1.1683611917659165,False,False
186,False,41,53.2805692,False,-73135.04276953598,-75297.89960637229,-75311.55074831567,2176.507978779686,13.651141943380935,-3466.838716757286,0.6481629338029347,False,False
186,False,42,53.2819024,False,-73561.6026243424,-75302.52159574947,-75317.25767623374,1755.6550518913427,14.73608048427559,-3466.838716757286,1.4091351737407969,False,False
186,False,43,53.283235600000005,False,-76960.80604023329,-75307.14358512666,-75322.96460415183,-1637.841436081464,15.821019025170244,-3466.838716757286,-0.48725628931264797,False,False
186,False,44,53.2845692,False,-74365.45029595176,-75311.76696123932,-75328.67324431948,963.222948367722,16.906283080155845,-3466.838716757286,-1.33128128603899,False,False
186,False,45,53.285902400000005,False,-76662.92129715448,-75316.3889506165,-75334.38017223758,-1328.5411249168974,17.991221621079603,-3466.838716757286,0.6202809750235407,False,False
186,False,46,53.2872356,False,-74381.98263614325,-75321.01093999369,-75340.08710015564,958.1044640123873,19.076160161945154,-3466.838716757286,-0.5609646173161291,False,False
186,False,47,53.288569200000005,False,-73678.54236860227,-75325.63431610636,-75345.79574032332,1667.2533717210463,20.16142421695986,-3466.838716757286,-1.0142835585693386,False,False
186,False,48,53.2899024,False,-73836.15019357135,-75330.25630548353,-75351.50266824137,1515.3524746700277,21.24636275783996,-3466.838716757286,0.19787027700474447,False,False
186,False,49,53.2912356,False,-74996.81081857378,-75334.87829486073,-75357.20959615943,360.39877758565126,22.33130129870551,-3466.838716757286,1.473934313979857,False,False
186,False,50,53.2925692,False,-76550.12847372302,-75339.50167097339,-75362.91823632712,-1187.2102373958915,23.416565353734768,-3466.838716757286,0.5021153752134273,False,False
186,False,51,53.2939024,False,-75572.08269200228,-75344.12366035057,-75368.62516424518,-203.45752775709843,24.50150389461487,-3466.838716757286,-0.6609331423450033,False,False
186,False,52,53.2952356,False,-76429.55113795603,-75348.74564972776,-75374.33209216324,-1055.2190457927936,25.58644243548042,-3466.838716757286,0.9950540824192,False,False
186,False,53,53.2965692,False,-76121.24975777719,-75353.36902584042,-75380.04073233092,-741.2090254462673,26.671706490495126,-3466.838716757286,-0.5364202921723851,False,False
186,False,54,53.2979024,False,-76412.0917168284,-75357.9910152176,-75385.74766024899,-1026.3440565794153,27.75664503138978,-3466.838716757286,1.0674042140250504,False,False
186,False,55,53.2992356,False,-73908.06430950953,-75362.6130045948,-75391.45458816708,1483.390278657549,28.841583572284435,-3466.838716757286,0.7514762824314736,False,False
187,True,0,53.301581199999994,True,-75384.26593650112,-75384.26593650112,-75401.49521982367,17.229283322551055,17.229283322551055,0.0,0.0,True,True
187,True,1,53.3029144,True,-75357.94418528004,-75378.75179536284,-75407.20214774177,49.25796246173559,28.45035237893171,11517.635607042908,-0.054027924290423135,True,True
187,True,2,53.304247999999994,True,-75395.98488864688,-75417.90421066323,-75412.91078790942,16.925899262540042,-4.993422753803316,-12371.66570388218,-0.4046608470621742,True,True
187,True,3,53.3055812,True,-75368.68990661325,-75410.14436732768,-75418.61771582751,49.92780921426311,8.473348499828717,-3402.930127071764,0.15797209085327024,True,True
187,True,4,53.3069144,True,-75402.75768014311,-75411.25947669572,-75424.32464374557,21.566963602454052,13.065167049848242,-2426.9020396957408,0.03260962939803225,True,True
187,True,5,53.308248,True,-75408.92317866371,-75435.55352778806,-75430.03328391326,21.110105249550543,-5.520243874794687,-7062.501082108536,-0.3272240083987139,True,True
187,True,6,53.3095812,True,-75386.54680039179,-75437.41291714886,-75435.74021183132,49.193411439526244,-1.6727053175418405,-5562.615980747415,0.11269083188850537,True,True
187,True,7,53.310914399999994,True,-75415.92442074484,-75436.97793939406,-75441.44713974938,25.522719004540704,4.469200355320936,-4251.668526775506,0.17908885912631645,True,True
187,True,8,53.312248,True,-75463.48560982908,-75456.09855272844,-75447.15577991706,-16.329829912021523,-8.942772811380564,-6208.758623118059,-0.3672972475294376,True,True
187,True,9,53.313581199999994,True,-75416.43204363178,-75463.49035225707,-75452.86270783513,36.43066420334799,-10.627644421940204,-6080.975845550709,0.011542804718146282,True,True
187,True,10,53.3149144,True,-75421.58616023927,-75470.83100704609,-75458.56963575321,36.98347551394545,-12.261371292872354,-5981.360911886975,0.012726335936294797,True,True
187,True,11,53.316247999999995,True,-75444.97771634867,-75441.18608565489,-75464.27827592086,19.30055957219156,23.09219026597566,-4342.346897964031,0.10211768550060119,True,True
187,True,12,53.3175812,True,-75423.40610049134,-75430.60178572388,-75469.98520383895,46.579103347612545,39.383418115074164,-4082.2130699797617,0.14243133403437525,True,True
187,True,13,53.3189144,True,-75414.59215449376,-75448.8504330437,-75475.69213175702,61.09997726326401,26.84169871332415,-5263.425908453839,-0.2446285112827351,True,True
187,True,14,53.320248,True,-75392.70240820157,-75416.58942627397,-75481.4007719247,88.69836372313148,64.81134565072716,3487.9082814829135,0.6292208272309976,True,True
187,True,15,53.3215812,True,-75398.5814603241,-75412.5718857164,-75487.10769984276,88.52623951865826,74.53581412635685,3388.5903735508355,-0.02150439125231607,True,True
187,True,16,53.322914399999995,True,-75427.84354593036,-75414.32729865202,-75492.81462776082,64.9710818304593,78.48732910880062,2061.173432640066,-0.10248221358754073,True,True
187,True,17,53.324248,True,-75436.98962149383,-75435.02165556965,-75498.52326792851,61.533646434676484,63.50161235885753,-2177.196995434369,-0.4778374283147322,True,True
187,True,18,53.325581199999995,True,-75415.52883607867,-75454.26610404646,-75504.23019584657,88.70135976790334,49.9640918001096,-4762.217256050291,-0.4467199906953372,True,True
187,True,19,53.3269144,True,-75444.15973139428,-75466.95051612607,-75509.93712376466,65.77739237037895,42.98660763858061,-5645.951861603747,-0.19789345377961265,True,True
187,True,20,53.328247999999995,True,-75454.54515987186,-75474.08732791847,-75515.6457639323,61.10060406044067,41.55843601383094,-5592.011825343467,0.0063474488327135425,True,True
187,True,21,53.3295812,True,-75445.92375209593,-75478.10149214619,-75521.3526918504,75.42893975447805,43.25119970421656,-5194.102678186201,0.135578705499797,True,True
187,True,22,53.3309144,True,-75463.24544783303,-75483.63308114663,-75527.05961976846,63.81417193543166,43.42653862183215,-5045.9587242835705,0.058088560376828635,True,True
187,True,23,53.332248,True,-75454.00150947084,-75492.33861797866,-75532.76825993614,78.76675046530727,40.42964195748209,-5234.008733110278,-0.11638378250332337,True,True
187,True,24,53.3335812,True,-75459.88555384072,-75500.04036882766,-75538.4751878542,78.58963401347864,38.434819026544574,-5296.874710334181,-0.053940673591009514,True,True
187,True,25,53.334914399999995,True,-75475.3550153307,-75507.247537874,-75544.18211577227,68.82710044157284,36.93457789826789,-5307.884123723676,-0.01847280063584833,True,True
187,True,26,53.336248,True,-75484.00759065588,-75513.28751919551,-75549.89075593995,65.8831652840745,36.603236744442256,-5223.9890278147905,0.07181293098915509,True,True
187,True,27,53.337581199999995,True,-75502.84380288802,-75513.38015663649,-75555.59768385801,52.75388096999086,42.217527221524506,-4704.3134555593215,0.5418616714816795,True,True
187,True,28,53.3389144,True,-75488.75829344043,-75516.74411312836,-75561.30461177611,72.54631833567692,44.560498647755594,-4493.002081745827,0.2844346876379178,True,True
187,True,29,53.340247999999995,True,-75525.1764913858,-75521.71552154367,-75567.01325194376,41.83676055795513,45.29773040009604,-4421.9846340809345,0.11362978875415775,True,True
187,True,30,53.3415812,True,-75502.93123498259,-75528.00039091268,-75572.72017986185,69.78894487925572,44.71978894916538,-4447.571382577858,-0.04703294889257559,True,True
187,True,31,53.3429144,True,-75519.11892762003,-75535.39763141822,-75578.4271077799,59.30818015987461,43.02947636168392,-4543.534490179627,-0.18217620650794153,True,True
187,True,32,53.344248,True,-75514.63284034694,-75543.50191393636,-75584.13574794758,69.50290760064672,40.63383401122701,-4674.562306944511,-0.28320560178906273,True,True
187,True,33,53.3455812,True,-75515.38319913617,-75552.46679517422,-75589.84267586566,74.45947672949114,37.375880691441125,-4847.069957204629,-0.3955786162591257,True,True
187,True,34,53.346914399999996,True,-75521.51960556071,-75558.87384138095,-75595.54960378371,74.02999822300626,36.67576240276685,-4842.710865061285,-0.14053939471803512,False,True
187,True,35,53.348248,True,-75527.38168878452,-75565.95762462076,-75601.2582439514,73.87655516687664,35.30061933063553,-4879.815116445336,-0.07551612326956869,True,True
187,True,36,53.349581199999996,True,-75557.90938702686,-75573.5659828103,-75606.96517186945,49.05578484259604,33.399189059156924,-4946.2484467760105,-0.13999323996182333,True,True
187,True,37,53.3509144,True,-75556.239534133,-75580.1290271689,-75612.67209978755,56.43256565455522,32.543072618645965,-4943.710878886493,-0.04027629917698072,False,True
187,True,38,53.352247999999996,True,-75513.07490352113,-75586.91949219322,-75618.3807399552,105.30583643406862,31.461247761981213,-4953.643653375141,-0.036048955457611775,True,True
187,True,39,53.3535812,True,-75514.62824995971,-75590.93850298773,-75624.08766787329,109.45941791357473,33.149164885559,-4795.011751167724,0.3431430816325247,True,True
187,True,40,53.3549144,True,-75528.82231113996,-75597.23900501528,-75629.79459579135,100.97228465139051,32.55559077607177,-4787.400006508375,0.29165576842875174,False,True
187,True,41,53.356247999999994,True,-75583.84684927085,-75599.91816124092,-75635.50323595901,51.656386688162456,35.58507471809571,-4561.8809256080585,0.481321515420682,True,True
187,True,42,53.3575812,True,-75510.58518815944,-75602.92170346428,-75641.2101638771,130.62497571765562,38.288460412819404,-4371.395218468664,0.449150076472689,True,True
187,True,43,53.358914399999996,True,-75579.34367030319,-75608.71595981428,-75646.91709179516,67.57342149196484,38.201131980880746,-4368.613637037101,0.5674601629764755,False,True
187,True,44,53.360248,True,-75557.48008333307,-75607.69271082622,-75652.62573196283,95.1456486297684,44.933021136617754,-3949.163423444588,0.9222221612306027,True,True
187,True,45,53.361581199999996,True,-75620.60793144447,-75611.89134012803,-75658.3326598809,37.72472843644209,46.44131975287746,-3884.198272095536,0.1619312154138024,True,True
187,True,46,53.362914399999994,True,-75684.30774064016,-75617.1583052279,-75664.03958779896,-20.268152841192205,46.88128257106291,-3891.424019814015,-0.24366709874840242,False,True
187,True,47,53.364247999999996,True,-75671.11165847088,-75629.28516501721,-75669.74822796664,-1.363430504236021,40.46306294943497,-4313.926858787588,-0.8443965851680894,True,True
187,True,48,53.365581199999994,True,-75631.5509950777,-75640.33658116429,-75675.4551558847,43.904160806996515,35.11857472041447,-4636.929218276858,-0.8380986678766104,True,True
187,True,49,53.3669144,True,-75592.96981601614,-75646.44056077099,-75681.1620838028,88.1922677866678,34.72152303181065,-4630.597861763696,-0.06542867540880337,False,True
187,True,50,53.368247999999994,True,-75615.98074797657,-75652.05649250081,-75686.87072397045,70.88997599387949,34.814231469645165,-4595.868370087899,0.07154382182669039,True,True
187,True,51,53.3695812,True,-75618.33431452651,-75658.1244024391,-75692.57765188854,74.2433373620297,34.453249449434225,-4591.201193979014,-0.02667464598093705,False,True
187,True,52,53.3709144,True,-75613.89873623551,-75664.16945301468,-75698.2845798066,84.3858435710863,34.115126791919465,-4585.543855918154,0.30050899382545504,False,True
187,True,53,53.372248,True,-75601.62873996265,-75666.47203295586,-75703.99321997429,102.36448001164536,37.52118701842846,-4365.548215256531,0.637432201750483,True,True
187,True,54,53.3735812,False,-73525.00725551436,-75672.29218183644,-75709.70014789235,2184.6928923779924,37.40796605590731,-4365.548215256531,-0.309327211885964,False,False
188,False,0,53.3763748,True,-75781.6987690661,-75781.6987690661,-75721.65849910142,-60.04026996468019,-60.04026996468019,0.0,0.0,True,True
188,False,1,53.377708,True,-75814.6718177865,-75817.22136799747,-75727.36542701948,-87.30639076701482,-89.85594097798457,-14266.391668519193,-0.23974538012075364,True,True
188,False,2,53.3790416,True,-75788.5105007741,-75832.4776167999,-75733.07406718718,-55.4364335869177,-99.40354961271805,-9811.125805134327,-0.06766277085242223,True,True
188,False,3,53.3803748,True,-75779.84824007543,-75803.55588186947,-75738.78099510523,-41.06724497019604,-64.77488676423673,5024.185739378729,0.33670357951335195,True,True
188,False,4,53.381708,True,-75776.42067589759,-75760.64529684537,-75744.48792302332,-31.93275287427241,-16.157373822046793,14841.919584552114,0.438292199661098,True,True
188,False,5,53.3830416,True,-75823.16114985358,-75783.4432207579,-75750.19656319097,-72.96458666260878,-33.246657566924114,5228.421176505992,-0.5876576772496076,True,True
188,False,6,53.3843748,True,-75842.75553675208,-75808.71167034339,-75755.90349110907,-86.85204564301239,-52.80817923431459,-979.5363131136606,-0.6389851860965488,True,True
188,False,7,53.385708,True,-75806.69318190329,-75834.17994072233,-75761.61041902713,-45.08276287616172,-72.56952169520082,-4939.51350344918,-0.5772187630227279,True,True
188,False,8,53.3870416,True,-75796.55880743213,-75844.55668152582,-75767.31905919481,-29.239748237319873,-77.23762233101297,-5463.465022725926,-0.11687083898695683,True,True
188,False,9,53.3883748,True,-75838.77236817747,-75842.56331533776,-75773.02598711287,-65.74638106460043,-69.5373282248911,-4241.492788245903,0.3314740761898589,True,True
188,False,10,53.389708,True,-75821.98098244435,-75847.36341373363,-75778.73291503094,-43.24806741341308,-68.63049870269606,-4135.23571740455,0.025506961567910214,True,True
188,False,11,53.3910416,True,-75844.33815567223,-75825.63396191441,-75784.44155519862,-59.896600473613944,-41.192406715796096,-2974.1864152374583,-0.3022650444069992,True,True
188,False,12,53.3923748,True,-75816.59592098049,-75854.98403244282,-75790.14848311667,-26.4474378638115,-64.83554932614788,-2850.723031173315,-0.2683938344403778,True,True
188,False,13,53.393708,True,-75840.08892651595,-75857.89379764421,-75795.85541103473,-44.23351548121718,-62.03838660947804,-2519.494385031421,-0.00040555273512410395,True,True
188,False,14,53.3950416,True,-75841.3336496372,-75862.67516288154,-75801.56405120243,-39.769598434781074,-61.1111116791144,-2586.4391534553115,-0.045553801944947736,True,True
188,False,15,53.3963748,True,-75885.76828668626,-75882.35657225235,-75807.27097912048,-78.49730756577628,-75.08559313186561,-6489.339793982063,-0.25549581146971967,True,True
188,False,16,53.397708,True,-75888.32453034054,-75903.15079653269,-75812.97790703857,-75.3466233019717,-90.17288949411886,-9024.562988770975,-0.23597331662744025,True,True
188,False,17,53.3990416,True,-75892.21458599162,-75918.34299023611,-75818.68654720622,-73.52803878539999,-99.65644302988949,-9562.755392989086,-0.07781041435902303,True,True
188,False,18,53.4003748,True,-75861.01894347019,-75922.43226511402,-75824.39347512432,-36.625468345868285,-98.03878998970322,-8157.58890110811,0.19113305963399974,True,True
188,False,19,53.401708,True,-75825.41627499604,-75912.16367675188,-75830.10040304238,4.684128046341357,-82.06327370950021,-5144.3778097465865,0.6091301357999468,True,True
188,False,20,53.4030416,True,-75823.5827294864,-75902.31117950147,-75835.80904321006,12.226313723658677,-66.50213629141217,-3009.0703021274417,0.5721633640040249,True,True
188,False,21,53.4043748,True,-75892.0329829713,-75898.27189827611,-75841.51597112812,-50.51701184318517,-56.75592714799859,-2082.991184162326,0.3479034688689029,True,True
188,False,22,53.405708,True,-75868.94782906023,-75897.39328618387,-75847.22289904619,-21.724930014039273,-50.170387137681246,-1696.1890944003512,0.1591780084381802,True,True
188,False,23,53.4070416,True,-75904.59868828738,-75901.4415656084,-75852.93153921387,-51.667149073517066,-48.51002639453509,-1869.6685436177731,-0.09768293782200743,True,True
188,False,24,53.4083748,True,-75891.86044913813,-75908.03324227614,-75858.63846713192,-33.22198200620187,-49.39477514421742,-2238.754123859517,-0.24138237599136403,True,True
188,False,25,53.409708,True,-75878.1469931034,-75913.00796390767,-75864.34539505001,-13.801598053381895,-48.66256885766052,-2406.024194241892,-0.14615228814842585,True,True
188,False,26,53.4110416,True,-75913.09477028582,-75918.42010539495,-75870.05403521768,-43.04073506814893,-48.366070177275105,-2582.8156186359847,-0.17021872030691831,True,True
188,False,27,53.4123748,True,-75875.12605711549,-75922.81460277946,-75875.76096313576,0.6349060202774126,-47.05363964369462,-2653.717815074947,-0.08823027196107969,True,True
188,False,28,53.413708,True,-75908.58124833611,-75926.76612705742,-75881.46789105382,-27.113357282287325,-45.298236003596685,-2683.53130846531,-0.0475198249002835,True,True
188,False,29,53.4150416,True,-75950.3649096617,-75933.62757886847,-75887.1765312215,-63.18837844020163,-46.451047646973166,-2914.7124899768937,-0.29801788530946194,True,True
188,False,30,53.4163748,True,-75930.6655239433,-75941.07746987102,-75892.88345913957,-37.782064803730464,-48.194010731443996,-3157.23886028036,-0.36938212732574804,True,True
188,False,31,53.417708,True,-75922.78185607378,-75945.2497104204,-75898.59038705763,-24.191469016150222,-46.65932336276455,-3154.2520589921587,-0.27393544925481716,False,True
188,False,32,53.4190416,True,-75916.32664529611,-75953.05233221821,-75904.29902722531,-12.027618070802419,-48.753304992904305,-3383.7798037657217,-0.3605468213205345,True,True
188,False,33,53.4203748,True,-75961.66498685513,-75958.84848973402,-75910.00595514337,-51.65903171176615,-48.84253459065803,-3464.6006508551786,-0.155810227872081,True,True
188,False,34,53.421708,True,-76002.36734574704,-75963.5185896111,-75915.71288306147,-86.65446268557571,-47.80570654963958,-3468.6432517695234,-0.5143571232805275,False,True
188,False,35,53.4230416,True,-75932.97259154171,-75975.26731430563,-75921.42152322912,-11.55106831259036,-53.845791076513706,-3900.08962673629,-0.7521496019498621,True,True
188,False,36,53.4243748,True,-75958.58782773075,-75983.34205533224,-75927.1284511472,-31.459376583545236,-56.21360418503173,-4073.9119282130064,-0.3809426059492109,True,True
188,False,37,53.425708,True,-75936.76923382725,-75988.69640681287,-75932.83537906528,-3.9338547619699966,-55.86102774759638,-4067.61316485879,-0.1017870168774273,False,True
188,False,38,53.4270416,True,-75935.64344088809,-75993.78393360722,-75938.54401923296,2.900578344866517,-55.239914374265936,-4045.8536615063867,0.03910625110175614,True,True
188,False,39,53.4283748,True,-75919.68762874411,-75996.83555111644,-75944.25094715101,24.56331840690109,-52.58460396542796,-3901.5607721471692,0.3031259934911277,True,True
188,False,40,53.429708,True,-75990.42184933343,-76002.02357045832,-75949.95787506907,-40.46397426436306,-52.065695389246684,-3900.4431313284967,0.3067903575123685,False,True
188,False,41,53.4310416,True,-75950.62717056747,-76004.62955181241,-75955.66651523675,5.0393446692760335,-48.963036575660226,-3740.901823443606,0.3016701416176022,True,True
188,False,42,53.4323748,True,-75892.67941013575,-76004.97898590498,-75961.37344315482,68.69403301907005,-43.60554275015602,-3452.7565978682674,0.6309654377078169,True,True
188,False,43,53.433708,True,-75976.32004128964,-76009.5415859425,-75967.08037107291,-9.23967021673161,-42.46121486958873,-3449.345506610764,0.7228731840801479,False,True
188,False,44,53.4350416,True,-75975.68351581771,-76006.96039093057,-75972.78901124056,-2.8945045771542937,-34.171379690014874,-3003.888340911201,0.8342668271870646,True,True
188,False,45,53.4363748,True,-75981.52745445925,-76007.49071804943,-75978.49593915866,-3.0315153005940374,-28.994778890773887,-2785.963914895864,0.4936663411523381,True,True
188,False,46,53.437708,True,-75992.05209367842,-76011.18472628454,-75984.20286707672,-7.849226601698319,-26.98185920782271,-2784.262913527249,0.30030485774281823,False,True
188,False,47,53.4390416,True,-75997.5026134762,-76008.70032164108,-75989.9115072444,-7.591106231804588,-18.788814396684757,-2396.1913312281317,0.7662123791773219,True,True
188,False,48,53.4403748,True,-76012.28726259634,-76011.89565141953,-75995.61843516245,-16.668827433881233,-16.27721625707636,-2396.250657038462,0.5677977119619437,False,True
188,False,49,53.441708,True,-75940.55243608748,-76014.97985372852,-76001.32536308051,60.772926993027795,-13.654490648012143,-2387.7421928477434,0.5420474162966276,False,True
188,False,50,53.4430416,True,-76006.52062019087,-76011.39348795291,-76007.0340032482,0.5133830573322484,-4.359484704706119,-1984.6103438695968,0.7066556446408878,True,True
188,False,51,53.4443748,True,-75994.81364079144,-76014.01285775319,-76012.74093116626,17.927290374820586,-1.2719265869236551,-1982.5529847970586,0.25953495420274875,False,True
188,False,52,53.445708,True,-75990.05142694648,-76016.6042128122,-76018.44785908435,28.39643213787349,1.8436462721438147,-1978.740643533164,0.07586753967575843,False,True
188,False,53,53.4470416,True,-75988.82071215221,-76018.32843745066,-76024.156499252,35.3357870997861,5.828061801337753,-1925.9092612443653,0.08226576376044692,True,True
188,False,54,53.4483748,True,-75961.96818858202,-76020.79161671855,-76029.8634271701,67.89523858808388,9.071810451554484,-1917.752303323187,0.1411548475455371,False,True
189,False,0,53.451042,True,-75961.87861029828,-75961.87861029828,-76041.28070750543,79.40209720714483,79.40209720714483,0.0,0.0,True,True
189,False,1,53.452375200000006,True,-75961.90775347731,-75974.34945341187,-76046.98763542352,85.07988194620702,72.63818201165122,-1001.5784337208388,-0.12602132120051301,True,True
189,False,2,53.4537088,True,-76022.10025122813,-76022.12696174376,-76052.69627559118,30.596024363054312,30.569313847416197,-22119.527535951187,-0.31133558303632514,True,True
189,False,3,53.455042000000006,True,-76062.61027364548,-76056.2689598779,-76058.40320350927,-4.20707013620995,2.134243631371646,-23807.776015384705,-0.03290081651234256,True,True
189,False,4,53.456375200000004,True,-76032.88482880809,-76068.94088123382,-76064.11013142733,31.225302619233844,-4.830749806496897,-18457.507055348557,0.19103628464948508,True,True
189,False,5,53.457708800000006,True,-76076.22621195733,-76081.06185949013,-76069.818771595,-6.407440362323541,-11.243087895127246,-15666.795116823174,0.18138613059450925,True,True
189,False,6,53.459042000000004,True,-76042.47078572711,-76093.37714335526,-76075.52569951308,33.054913785963436,-17.85144384218438,-13985.107836224473,0.1352478504028587,True,True
189,False,7,53.4603752,True,-76014.74213218347,-76088.80484982926,-76081.23262743113,66.49049524766451,-7.5722223981283605,-10110.85879877536,0.49199122816726426,True,True
189,False,8,53.461708800000004,True,-76046.177335402,-76092.77853057878,-76086.94126759881,40.76393219681631,-5.837262979970546,-8703.666715321897,0.23452597641434592,True,True
189,False,9,53.463042,True,-76087.1058974237,-76102.07407980911,-76092.64819551687,5.542298093176214,-9.4258842922427,-8396.894351596795,0.07402319291198012,True,True
189,False,10,53.464375200000006,True,-76074.86073728278,-76110.77877202009,-76098.35512343497,23.49438615218969,-12.423648585114279,-8094.926588245164,0.08357329904537059,True,True
189,False,11,53.4657088,True,-76078.49604904276,-76082.1415301077,-76104.06376360262,25.56771455986018,21.922233494915417,-5868.6487182521305,0.05204434490324439,True,True
189,False,12,53.467042000000006,True,-76088.00626030067,-76124.10739248293,-76109.77069152071,21.764431220042752,-14.336700962216128,-5754.4152995666545,-0.3461848052773935,True,True
189,False,13,53.468375200000004,True,-76134.09793142356,-76137.18641997711,-76115.47761943877,-18.62031198479235,-21.708800538341166,-6386.292739976752,-0.09080111971703175,True,True
189,False,14,53.4697088,True,-76119.82304833949,-76146.54396856941,-76121.18625960642,1.3632112669292837,-25.357708962998004,-6337.509382212083,-0.0385870052908468,True,True
189,False,15,53.471042000000004,True,-76141.39386748226,-76165.64149328014,-76126.89318752452,-14.500679957738612,-38.74830575562373,-8741.96314307839,-0.19058837667433304,True,True
189,False,16,53.4723752,True,-76119.97289323453,-76176.822432652,-76132.60011544258,12.627222208044259,-44.222317209423636,-8531.840049618024,-0.02839309714820404,True,True
189,False,17,53.473708800000004,True,-76089.42653807224,-76173.22675049379,-76138.30875561025,48.88221753801918,-34.917994883537176,-5724.920541020506,0.276182878961442,True,True
189,False,18,53.475042,True,-76064.92900521545,-76156.63863228659,-76144.01568352833,79.08667831287312,-12.622948758260463,-1820.3274734849447,0.5587643290503324,True,True
189,False,19,53.4763752,True,-76134.07258075559,-76143.41819851902,-76149.72261144638,15.650030690798303,6.3044129273621365,387.4197394722478,0.45259790947888634,True,True
189,False,20,53.4777088,False,-76468.19895461666,-76142.90153555445,-76155.43125161406,-312.7677030025952,12.5297160596092,387.4197394722478,-1.1019414240381977,False,False
189,False,21,53.479042,False,-77537.92940150789,-76142.3850275578,-76161.13817953212,-1376.791221975771,18.753151974320645,387.4197394722478,0.3736799570968896,False,False
189,False,22,53.480375200000005,False,-77274.60330456446,-76141.86851956113,-76166.84510745022,-1107.7581971142354,24.976587889090297,387.4197394722478,1.493806366458852,False,False
189,False,23,53.4817088,False,-74036.82029729645,-76141.35185659656,-76172.55374761787,2135.7334503214224,31.201891021308256,387.4197394722478,-1.4499164034013994,False,False
189,False,24,53.483042000000005,False,-76178.5825737575,-76140.83534859991,-76178.26067553596,-0.32189822154759895,37.425326936048805,387.4197394722478,-0.2819566750381961,False,False
189,False,25,53.4843752,False,-76705.60581030803,-76140.31884060326,-76183.96760345402,-521.6382068540115,43.64876285076025,387.4197394722478,-1.1463004154737693,False,False
189,False,26,53.485708800000005,False,-75397.5808076019,-76139.80217763869,-76189.67624362171,792.0954360198084,49.874065983021865,387.4197394722478,0.48554073615689575,False,False
189,False,27,53.487042,False,-74736.87831279736,-76139.28566964202,-76195.38317153977,1458.5048587424099,56.09750189774786,387.4197394722478,0.7112248499825546,False,False
189,False,28,53.4883752,False,-77313.0531414404,-76138.76916164537,-76201.09009945783,-1111.9630419825698,62.320937812459306,387.4197394722478,-0.3725162730363505,False,False
189,False,29,53.4897088,False,-75632.40956219044,-76138.2524986808,-76206.7987396255,574.3891774350632,68.54624094470637,387.4197394722478,1.395296019432326,False,False
189,False,30,53.491042,False,-74176.32661026547,-76137.73599068414,-76212.50566754358,2036.1790572781028,74.76967685943237,387.4197394722478,-1.3459693532547727,False,False
189,False,31,53.492375200000005,False,-75199.53394604748,-76137.21948268748,-76218.21259546166,1018.6786494141852,80.99311277418747,387.4197394722478,0.7081181769730303,False,False
189,False,32,53.4937088,False,-76153.52886604016,-76136.70281972292,-76223.92123562931,70.39236958915717,87.21841590639087,387.4197394722478,-0.2842596857393431,False,False
189,False,33,53.495042000000005,False,-76795.09288853234,-76136.18631172625,-76229.6281635474,-565.4647249849368,93.44185182114597,387.4197394722478,-0.7659767267088986,False,False
189,False,34,53.4963752,False,-75547.12000840316,-76135.6698037296,-76235.33509146547,688.2150830623141,99.66528773587197,387.4197394722478,0.46450307133708346,False,False
189,False,35,53.497708800000005,False,-74619.40570381844,-76135.15314076503,-76241.04373163315,1621.6380278147117,105.89059086811903,387.4197394722478,-1.2914515516766003,False,False
189,False,36,53.499042,False,-75590.86028161294,-76134.63663276838,-76246.75065955121,655.8903779382672,112.11402678283048,387.4197394722478,1.377108769580456,False,False
189,False,37,53.5003752,False,-75017.22425142424,-76134.12012477171,-76252.45758746927,1235.2333360450284,118.33746269755648,387.4197394722478,0.4583504982305615,False,False
189,False,38,53.5017088,False,-75155.34040512165,-76133.60346180716,-76258.16622763696,1102.8258225153113,124.56276582980354,387.4197394722478,-1.3681603811516867,False,False
189,False,39,53.503042,False,-76038.35426212869,-76133.08695381049,-76263.87315555502,225.51889342632785,130.78620174452954,387.4197394722478,-1.4372171166709382,False,False
189,False,40,53.504375200000005,False,-74036.82029729645,-76132.57044581384,-76269.5800834731,2232.7597861766553,137.00963765927008,387.4197394722478,1.2751017662977553,False,False
189,False,41,53.5057088,False,-75178.67150808543,-76132.05378284927,-76275.28872364076,1096.6172155553213,143.23494079148804,387.4197394722478,-0.5321230772062164,False,False
189,False,42,53.507042000000006,False,-77154.35603817388,-76131.53727485261,-76280.99565155886,-873.3603866150224,149.45837670624314,387.4197394722478,-1.0711312745526196,False,False
189,False,43,53.5083752,False,-75075.81079701966,-76131.02076685595,-76286.70257947691,1210.8917824572563,155.68181262096914,387.4197394722478,-0.0671590047817423,False,False
189,False,44,53.509708800000006,False,-76484.46297437535,-76130.50410389139,-76292.4112196446,-192.0517547307536,161.90711575320165,387.4197394722478,-0.6538825219061133,False,False
189,False,45,53.511042,False,-74060.68181011123,-76129.98759589472,-76298.11814756265,2237.4363374514214,168.13055166792765,387.4197394722478,0.7080318303043063,False,False
189,False,46,53.5123752,False,-78036.82029729645,-76129.47108789807,-76303.82507548072,-1732.9952218157268,174.35398758265364,387.4197394722478,0.5593472212721933,False,False
189,False,47,53.5137088,False,-74036.82029729645,-76128.9544249335,-76309.5337156484,2272.713418351952,180.5792907149007,387.4197394722478,0.6588063642250406,False,False
189,False,48,53.515042,False,-74543.84993429146,-76128.43791693685,-76315.24064356646,1771.3907092750014,186.80272662961215,387.4197394722478,-0.23650795664807078,False,False
189,False,49,53.516375200000006,False,-77654.15516500213,-76127.92140894018,-76320.94757148455,-1333.2075935175817,193.02616254436725,387.4197394722478,1.4075032725593308,False,False
189,False,50,53.5177088,False,-74036.82029729645,-76127.40474597563,-76326.65621165221,2289.835914355761,199.2514656765852,387.4197394722478,-1.4748711573792956,False,False
189,False,51,53.519042000000006,False,-75956.4551111176,-76126.88823797896,-76332.3631395703,375.9080284527008,205.4749015913403,387.4197394722478,-0.7222664218406489,False,False
189,False,52,53.520375200000004,False,-74953.99569787132,-76126.3717299823,-76338.07006748836,1384.0743696170393,211.69833750605176,387.4197394722478,-0.8330945296511952,False,False
189,False,53,53.521708800000006,False,-74862.1145785676,-76125.85506701774,-76343.77870765603,1481.664129088429,217.92364063829882,387.4197394722478,-0.49074327236492166,False,False
189,False,54,53.523042000000004,False,-75404.28902340871,-76125.33855902108,-76349.4856355741,945.1966121653968,224.14707655302482,387.4197394722478,0.2788324837854601,False,False
190,False,0,53.600954,True,-76699.77989743589,-76699.77989743589,-76682.99761273639,-16.782284699496813,-16.782284699496813,0.0,0.0,True,True
190,False,1,53.6022872,True,-76779.10086064806,-76772.87345558514,-76688.70454065445,-90.39631999361154,-84.16891493069124,-33860.578027121235,-0.44961948426412746,True,True
190,False,2,53.6036208,True,-76732.36603783436,-76782.51124069683,-76694.41318082213,-37.952857012234745,-88.09805987469736,-14366.406944179813,0.12648576964821512,True,True
190,False,3,53.604954,True,-76699.96166396794,-76747.82429599835,-76700.12010874019,0.1584447722416371,-47.704187258161255,4938.658720059231,0.4112632918596595,True,True
190,False,4,53.606287200000004,True,-76668.58341076711,-76703.5143328063,-76705.82703665829,37.243625891176634,2.312703851988772,15317.98867605046,0.4194655118342403,True,True
190,False,5,53.6076208,True,-76660.30561435143,-76665.23531055039,-76711.53567682594,51.230062474511215,46.300366275550914,19295.18297911935,0.2672257706902623,True,True
190,False,6,53.608954000000004,True,-76685.97274292371,-76657.86430509541,-76717.24260474402,31.269861820313963,59.37829964861157,15784.399336372662,-0.3297681666844936,True,True
190,False,7,53.6102872,True,-76666.12310124323,-76661.94372347933,-76722.94953266208,56.82643141885637,61.00580918275227,11625.676561255847,-0.5904015278003244,True,True
190,False,8,53.611620800000004,True,-76695.29834192948,-76677.79295931748,-76728.65817282978,33.35983090029913,50.86521351229749,7033.714395704912,-0.7820550548797257,True,True
190,False,9,53.612954,True,-76699.22836921367,-76689.25691194112,-76734.36510074783,35.13673153416312,45.10818880671286,4267.157384359086,-0.7445039823741655,True,True
190,False,10,53.6142872,True,-76671.63623551879,-76696.92451091568,-76740.07202866589,68.43579314710223,43.14751775021432,2671.9091961595195,-0.5238165957020193,True,True
190,False,11,53.6156208,True,-76671.60188849353,-76668.62915833949,-76745.78066883357,74.17878034003661,77.15151049407723,2861.5365160932415,-0.368406715115684,True,True
190,False,12,53.616954,True,-76668.17375824468,-76724.40665764197,-76751.48759675164,83.31383850696147,27.08093910967,2716.13503473983,-0.6092409079607408,True,True
190,False,13,53.618287200000005,True,-76725.47315375373,-76738.17288302904,-76757.19452466973,31.721370915998705,19.021641640691087,1153.0614430072685,-0.3028991343446774,True,True
190,False,14,53.6196208,True,-76699.37208829624,-76734.65153203119,-76762.90316483738,63.531076541141374,28.251632806190173,1889.4076504466282,0.002340921975652055,True,True
190,False,15,53.620954000000005,True,-76676.84633058637,-76713.71130907783,-76768.61009275547,91.76376216909557,54.89878367763595,6320.602281379756,0.2747380738165417,True,True
190,False,16,53.6222872,True,-76692.37540852441,-76704.521987157,-76774.31702067354,81.9416121491231,69.79503351653693,6501.750877081536,0.0054885376556783605,True,True
190,False,17,53.623620800000005,True,-76664.10397403088,-76703.3284605194,-76780.02566084122,115.92168681033945,76.69720032181067,5191.367954299447,-0.1806754611343262,True,True
190,False,18,53.624954,True,-76705.56631278232,-76705.99833638598,-76785.73258875927,80.16627597695333,79.73425237329502,3681.579292723406,-0.24145182388848174,True,True
190,False,19,53.6262872,True,-76747.81145805777,-76716.28208829595,-76791.43951667733,43.6280586195644,75.15742838138249,1551.0599864955293,-0.4611888498206944,True,True
190,False,20,53.6276208,True,-76722.68884593053,-76737.54001500708,-76797.14815684503,74.45931091449165,59.60814183794719,-1363.135762943147,-0.7389674156959307,True,True
190,False,21,53.628954,True,-76712.05078318117,-76750.12215900957,-76802.85508476308,90.80430158191302,52.73292575351661,-2593.4910090461162,-0.5147992163073734,True,True
190,False,22,53.6302872,True,-76711.77001880968,-76753.20764921959,-76808.56201268114,96.79199387146218,55.35436346154893,-2550.176226071622,0.005824759189140494,True,True
190,False,23,53.6316208,True,-76708.64008991767,-76755.22403557228,-76814.27065284882,105.63056293115369,59.046617276544566,-2411.314937192971,0.05340197590054063,True,True
190,False,24,53.632954,True,-76726.0540430062,-76757.57131437688,-76819.97758076689,93.92353776069649,62.4062663900113,-2330.924606133632,0.053372529628926024,True,True
190,False,25,53.6342872,True,-76720.68850033917,-76762.1374310779,-76825.68450868498,104.9960083458136,63.547077607072424,-2452.941249302713,-0.1167725861412936,True,True
190,False,26,53.6356208,True,-76767.1175247708,-76765.04415175768,-76831.39314885263,64.27562408182712,66.34899709494493,-2423.960507695612,0.028500563290909442,True,True
190,False,27,53.636954,True,-76734.15624066652,-76772.23963340392,-76837.10007677072,102.94383610419754,64.86044336679333,-2721.595880921662,-0.3154602927318386,True,True
190,False,28,53.6382872,True,-76786.54887670283,-76775.89844884518,-76842.80700468879,56.25812798595871,66.90855584360543,-2724.1208019635437,-0.2445525222893501,False,True
190,False,29,53.6396208,True,-76777.37163660441,-76787.2249700116,-76848.51564485647,71.14400825205666,61.29067484487314,-3248.2742657115173,-0.6227649366322296,True,True
190,False,30,53.640954,True,-76801.6782627696,-76797.79357620841,-76854.22257277452,52.544310004930594,56.42899656611553,-3657.523890543974,-0.5597853222217308,True,True
190,False,31,53.6422872,True,-76821.52553742082,-76802.70509962943,-76859.92950069258,38.40396327176131,57.2244010631548,-3660.2934984631092,-0.41684722137534,False,True
190,False,32,53.6436208,True,-76824.5595908736,-76814.39216842278,-76865.63814086028,41.07854998667608,51.24597243749304,-4082.58732203201,-0.6544311509208827,True,True
190,False,33,53.644954,True,-76857.14772262209,-76825.55980946732,-76871.34506877833,14.197346156244748,45.78525931101467,-4433.434871754366,-0.7417001878533593,True,True
190,False,34,53.6462872,True,-76838.27987949795,-76831.48122002505,-76877.05199669642,38.77211719847401,45.570776671374915,-4434.27419241292,-0.8582904762097643,False,True
190,False,35,53.6476208,True,-76864.33251090793,-76846.99244828346,-76882.76063686407,18.42812595613941,35.768188580608694,-5006.493281800844,-1.1385350740935625,True,True
190,False,36,53.648954,True,-76809.87040557706,-76859.97017089327,-76888.46756478217,78.59715920510644,28.49739388890157,-5379.26325586716,-0.825560228829576,True,True
190,False,37,53.6502872,True,-76844.10282207555,-76867.11093034186,-76894.17449270023,50.07167062467488,27.063562358365743,-5376.797005748751,-0.5050265933571261,False,True
190,False,38,53.6516208,True,-76840.57874926516,-76877.92106354216,-76899.88313286791,59.30438360275002,21.962069325745688,-5591.566786152152,-0.4608223670710174,True,True
190,False,39,53.652954,True,-76806.16723622549,-76885.80812155858,-76905.59006078597,99.42282456047542,19.781939227381372,-5615.053216160961,-0.07256921197495458,True,True
190,False,40,53.6542872,True,-76859.75808863017,-76893.2518195919,-76911.29698870404,51.53890007386508,18.045169112141593,-5611.601116942461,0.11959510798199435,False,True
190,False,41,53.6556208,True,-76835.16536906414,-76899.66997788934,-76917.00562887172,81.84025980757724,17.335650982378866,-5545.676338114653,0.1260263604262981,True,True
190,False,42,53.656954,True,-76824.88742707235,-76904.23961002362,-76922.71255678977,97.82512971742835,18.472946766152745,-5372.6765744293225,0.45792431432478375,True,True
190,False,43,53.658287200000004,True,-76811.64013058115,-76911.27296037061,-76928.41948470788,116.77935412673105,17.146524337265873,-5362.1806818836585,0.8376749610665106,False,True
190,False,44,53.6596208,True,-76854.76538479766,-76918.31271959758,-76934.12812487553,79.36274007786415,15.815405277942773,-5353.657142797813,1.3683897720348317,False,True
190,False,45,53.660954000000004,True,-76890.62999237985,-76925.37600922711,-76939.83505279361,49.20506041376211,14.45904356650135,-5348.279726955977,-1.527514473346081,False,True
190,False,46,53.6622872,True,-76818.16565395329,-76932.25222491122,-76945.54198071167,127.3763267583854,13.289755800447892,-5330.843355886109,-1.271556045045707,False,True
190,False,47,53.663620800000004,True,-76833.07798315547,-76949.65737861418,-76951.25062087935,118.17263772388105,1.593242265167646,-5887.999058224739,-0.9304966091693689,True,True
190,False,48,53.664954,True,-76859.10924183505,-76957.34870906283,-76956.95754879742,97.84830696237623,-0.39116026541159954,-5876.160011415113,0.27138970246045657,False,True
190,False,49,53.6662872,True,-76885.76934470075,-76965.01850640443,-76962.66447671548,76.89513201473164,-2.354029688955052,-5864.469814374189,0.7565876276866228,False,True
190,False,50,53.6676208,True,-76885.99937363228,-76972.60526071931,-76968.37311688316,82.37374325087876,-4.232143836154137,-5848.605579793612,1.393959327032476,False,True
190,False,51,53.668954,True,-76859.02494454496,-76980.09802312899,-76974.08004480122,115.05510025625699,-6.017978327770834,-5828.939707917399,-1.1928250507076554,False,True
190,False,52,53.670287200000004,True,-76865.30757716429,-76987.57385904704,-76979.78697271932,114.47939555502671,-7.7868863277253695,-5810.760606288119,-0.6705217491906944,False,True
190,False,53,53.6716208,True,-76853.70964357269,-76993.20110147356,-76985.49561288697,131.78596931428183,-7.7054885865945835,-5702.42965083964,0.1746234460052063,True,True
190,False,54,53.672954000000004,True,-76925.05825673834,-77000.68852147732,-76991.20254080505,66.14428406671504,-9.485980672267033,-5694.0557975230195,0.9268265845665984,False,True
190,False,55,53.6742872,True,-76873.5655797416,-77007.9979867956,-76996.90946872311,123.34388898151519,-11.088518072487204,-5674.461577013567,1.401083592794694,False,True
191,False,0,53.6769544,True,-76895.94946436309,-76895.94946436309,-77008.32674905845,112.37728469536523,112.37728469536523,0.0,0.0,True,True
191,False,1,53.6782876,True,-76881.85156195497,-76904.0463208044,-77014.03367697651,132.18211502154008,109.98735617211787,5259.024006664338,-0.1387148815165724,True,True
191,False,2,53.6796212,True,-76944.01169084238,-76951.78168968145,-77019.74231714419,75.73062630181084,67.96062746274401,-19177.11976065699,-0.38102494531525766,True,True
191,False,3,53.6809544,True,-76917.55897253843,-76966.37086320366,-77025.44924506225,107.89027252381493,59.078381858591456,-14642.733406855195,0.034120513318979695,True,True
191,False,4,53.682287599999995,True,-76849.31421905919,-76950.34796635249,-77031.15617298032,181.8419539211318,80.80820662782935,-4479.077321700354,0.3335310270568257,True,True
191,False,5,53.6836212,True,-76907.57237480133,-76936.8551379431,-77036.864813148,129.29243834667432,100.0096752048994,-85.54054704502377,0.27746525956816104,True,True
191,False,6,53.684954399999995,True,-76928.80725633171,-76938.81326851032,-77042.57174106606,113.7644847343472,103.75847255573899,-420.2024458398797,-0.040227166766362066,True,True
191,False,7,53.6862876,True,-76922.7700164904,-76959.59879583637,-77048.27866898416,125.50865249376511,88.6798731477902,-3738.0124549374277,-0.5186830153375315,True,True
191,False,8,53.687621199999995,False,-78189.54316746422,-76964.58380924627,-77053.98730915181,-1135.5558583124075,89.40349990554387,-3738.0124549374277,1.3625051322723074,False,False
191,False,9,53.6889544,False,-76007.31474782267,-76969.5673274512,-77059.6942370699,1052.3794892472215,90.12690961870248,-3738.0124549374277,0.18949852532845646,False,False
191,False,10,53.6902876,False,-76310.17574333382,-76974.55084565612,-77065.40116498795,755.2254216541332,90.850319331832,-3738.0124549374277,1.4385757349632469,False,False
191,False,11,53.6916212,False,-75538.82232050135,-76979.53585906602,-77071.10980515563,1532.2874846542836,91.57394608961476,-3738.0124549374277,1.4350651130574397,False,False
191,False,12,53.6929544,False,-77560.16403658553,-76984.51937727095,-77076.8167330737,-483.34730351182225,92.29735580275883,-3738.0124549374277,0.7642112472328448,False,False
191,False,13,53.694287599999996,False,-78723.42669128455,-76989.50289547587,-77082.52366099176,-1640.9030302927858,93.02076551588834,-3738.0124549374277,1.3577071625099064,False,False
191,False,14,53.6956212,False,-76265.92165264105,-76994.48790888579,-77088.23230115944,822.3106485183962,93.74439227365656,-3738.0124549374277,-0.5168571957619807,False,False
191,False,15,53.696954399999996,False,-74999.96069751098,-76999.47142709071,-77093.93922907751,2093.978531566536,94.46780198680062,-3738.0124549374277,0.9900407929005537,False,False
191,False,16,53.6982876,False,-76335.99055448684,-77004.45494529564,-77099.6461569956,763.655602508763,95.19121169995924,-3738.0124549374277,-0.40470808519280155,False,False
191,False,17,53.699621199999996,False,-77109.50364224022,-77009.43995870554,-77105.35479716325,-4.148845076968428,95.9148384577129,-3738.0124549374277,1.5375540347675,False,False
191,False,18,53.7009544,False,-76668.38618983941,-77014.42347691047,-77111.06172508134,442.6755352419277,96.63824817087152,-3738.0124549374277,0.8982772850800691,False,False
191,False,19,53.7022876,False,-76474.00731396287,-77019.4069951154,-77116.76865299941,642.7613390365441,97.36165788401559,-3738.0124549374277,-0.7331619454249483,False,False
191,False,20,53.7036212,False,-77796.29676525986,-77024.39200852529,-77122.47729316709,-673.8194720927713,98.08528464179835,-3738.0124549374277,1.2949677695627777,False,False
191,False,21,53.7049544,False,-75472.75768231088,-77029.37552673022,-77128.18422108515,1655.4265387742635,98.80869435492787,-3738.0124549374277,-1.0240791910556377,False,False
191,False,22,53.706287599999996,False,-77156.83185642416,-77034.35904493515,-77133.8911490032,-22.94070742095937,99.53210406805738,-3738.0124549374277,0.7726018945669813,False,False
191,False,23,53.7076212,False,-78999.96069751098,-77039.34405834506,-77139.5997891709,-1860.3609083400806,100.25573082584015,-3738.0124549374277,-0.9618201014318389,False,False
191,False,24,53.708954399999996,False,-78999.96069751098,-77044.32757654999,-77145.30671708896,-1854.6539804220229,100.97914053896966,-3738.0124549374277,1.305093115392161,False,False
191,False,25,53.710287599999994,False,-75214.22681822834,-77049.3110947549,-77151.01364500701,1936.786826778669,101.70255025211372,-3738.0124549374277,1.085598863803746,False,False
191,False,26,53.711621199999996,False,-75272.39835725933,-77054.29610816481,-77156.72228517469,1884.323927915364,102.42617700988194,-3738.0124549374277,0.304996916313399,False,False
191,False,27,53.712954399999994,False,-75349.01862912877,-77059.27962636974,-77162.42921309275,1813.4105839639815,103.14958672301145,-3738.0124549374277,-1.43478607229593,False,False
191,False,28,53.7142876,False,-77339.47232437554,-77064.26314457467,-77168.13614101085,-171.33618336469226,103.87299643618462,-3738.0124549374277,-0.7641500377817202,False,False
191,False,29,53.715621199999994,False,-75690.22773809901,-77069.24815798456,-77173.8447811785,1483.6170430794882,104.59662319393829,-3738.0124549374277,0.04027324624437978,False,False
191,False,30,53.7169544,False,-78999.96069751098,-77074.23167618949,-77179.55170909659,-1820.4089884143905,105.3200329070969,-3738.0124549374277,-0.06957080391424575,False,False
191,False,31,53.7182876,False,-78836.43176590028,-77079.21519439442,-77185.25863701466,-1651.1731288856245,106.04344262024097,-3738.0124549374277,-0.9079471891770502,False,False
191,False,32,53.7196212,False,-75448.02401308707,-77084.20020780433,-77190.96727718234,1742.9432640952728,106.76706937800918,-3738.0124549374277,0.4253329675630493,False,False
191,False,33,53.7209544,False,-75584.4228487323,-77089.18372600926,-77196.6742051004,1612.2513563680986,107.4904790911387,-3738.0124549374277,-0.06121361781277912,False,False
191,False,34,53.722287599999994,False,-76206.63145579795,-77094.16724421417,-77202.38113301845,995.749677220505,108.21388880428276,-3738.0124549374277,0.02958383403874265,False,False
191,False,35,53.7236212,False,-77792.29232036334,-77099.15225762408,-77208.08977318613,-584.2025471772067,108.93751556205098,-3738.0124549374277,-0.48077896684989785,False,False
191,False,36,53.724954399999994,False,-75552.6618444112,-77104.13577582901,-77213.7967011042,1661.13485669301,109.66092527519504,-3738.0124549374277,-0.7958774930815484,False,False
191,False,37,53.7262876,False,-78999.96069751098,-77109.11929403394,-77219.50362902229,-1780.4570684886858,110.38433498835366,-3738.0124549374277,-1.419982622962507,False,False
191,False,38,53.727621199999994,False,-75134.20798145974,-77114.10430744383,-77225.21226918994,2091.004287730204,111.10796174610732,-3738.0124549374277,0.615639014153373,False,False
191,False,39,53.7289544,False,-75775.15066024804,-77119.08782564876,-77230.91919710804,1455.7685368600069,111.83137145928049,-3738.0124549374277,1.0995566631725282,False,False
191,False,40,53.7302876,False,-78074.99188126542,-77124.07134385369,-77236.6261250261,-838.36575623932,112.55478117241,-3738.0124549374277,0.4169992265167868,False,False
191,False,41,53.7316212,False,-76641.64644853551,-77129.0563572636,-77242.33476519378,600.6883166582702,113.27840793017822,-3738.0124549374277,-1.193642904773168,False,False
191,False,42,53.7329544,False,-74999.96069751098,-77134.03987546852,-77248.04169311184,2248.0809956008598,114.00181764332228,-3738.0124549374277,-0.3480736022030968,False,False
191,False,43,53.734287599999995,False,-78999.96069751098,-77139.02339367344,-77253.7486210299,-1746.2120764810825,114.7252273564518,-3738.0124549374277,0.3977469350893037,False,False
191,False,44,53.7356212,False,-75844.41100817769,-77144.00840708335,-77259.45726119759,1415.0462530199002,115.44885411423456,-3738.0124549374277,0.9258225781510081,False,False
191,False,45,53.736954399999995,False,-76982.54594900444,-77148.99192528828,-77265.16418911565,282.6182401112019,116.17226382736408,-3738.0124549374277,-1.4577981859783256,False,False
191,False,46,53.7382876,False,-74999.96069751098,-77153.97544349321,-77270.87111703373,2270.9104195227555,116.8956735405227,-3738.0124549374277,-1.1732190722856894,False,False
191,False,47,53.739621199999995,False,-76497.68324086389,-77158.9604569031,-77276.57975720138,778.896516337496,117.61930029827636,-3738.0124549374277,-0.45304053071389117,False,False
191,False,48,53.7409544,False,-75275.46446319358,-77163.94397510804,-77282.28668511948,2006.8222219259042,118.34271001144953,-3738.0124549374277,-0.6569469104793173,False,False
191,False,49,53.7422876,False,-76942.49950300183,-77168.92749331296,-77287.99361303754,345.49411003571004,119.06611972457904,-3738.0124549374277,0.8612368496657075,False,False
191,False,50,53.7436212,False,-76912.41958152772,-77173.91250672286,-77293.70225320522,381.28267167750164,119.7897464823618,-3738.0124549374277,-0.08043863708237886,False,False
191,False,51,53.7449544,False,-75427.5401101991,-77178.89602492779,-77299.40918112328,1871.8690709241782,120.51315619549132,-3738.0124549374277,-1.2625406902133307,False,False
191,False,52,53.746287599999995,False,-75837.63786417912,-77183.87954313272,-77305.11610904135,1467.4782448622282,121.23656590863538,-3738.0124549374277,0.08566298831721664,False,False
191,False,53,53.7476212,False,-77098.40536067302,-77188.86455654263,-77310.82474920903,212.4193885360146,121.9601926664036,-3738.0124549374277,-0.062481946658932586,False,False
191,False,54,53.748954399999995,False,-78716.73942465599,-77193.84807474756,-77316.53167712709,-1400.207747528897,122.68360237953311,-3738.0124549374277,0.5031645187601499,False,False
