SPF_IIOD_TIMING_V1 snapshot=0 dev=cf-ad9361-lpc metadata=0 burst=0 ring=0 direct=0 frame_iq_bytes=524288 transported_iq_bytes=524288 transported_frames=1 wall_ns=20635195 stage=dma_refill count=1 total_ns=12694813 max_ns=12694813
SPF_IIOD_TIMING_V1 snapshot=0 dev=cf-ad9361-lpc metadata=0 burst=0 ring=0 direct=0 frame_iq_bytes=524288 transported_iq_bytes=524288 transported_frames=1 wall_ns=20635195 stage=transport_frame count=1 total_ns=7937208 max_ns=7937208
SPF_IIOD_TIMING_V1 snapshot=0 dev=cf-ad9361-lpc metadata=0 burst=0 ring=0 direct=0 frame_iq_bytes=524288 transported_iq_bytes=524288 transported_frames=1 wall_ns=20635195 stage=transport_iq count=1 total_ns=7814940 max_ns=7814940
SPF_IIOD_TIMING_V1 snapshot=1 dev=cf-ad9361-lpc metadata=1 burst=0 ring=0 direct=0 frame_iq_bytes=524288 transported_iq_bytes=52428800 transported_frames=100 wall_ns=1315298461 stage=sampler_admit count=100 total_ns=38550474 max_ns=1270380
SPF_IIOD_TIMING_V1 snapshot=1 dev=cf-ad9361-lpc metadata=1 burst=0 ring=0 direct=0 frame_iq_bytes=524288 transported_iq_bytes=52428800 transported_frames=100 wall_ns=1315298461 stage=dma_refill count=100 total_ns=4562778 max_ns=65256
SPF_IIOD_TIMING_V1 snapshot=1 dev=cf-ad9361-lpc metadata=1 burst=0 ring=0 direct=0 frame_iq_bytes=524288 transported_iq_bytes=52428800 transported_frames=100 wall_ns=1315298461 stage=sampler_finish count=100 total_ns=127104445 max_ns=3470310
SPF_IIOD_TIMING_V1 snapshot=1 dev=cf-ad9361-lpc metadata=1 burst=0 ring=0 direct=0 frame_iq_bytes=524288 transported_iq_bytes=52428800 transported_frames=100 wall_ns=1315298461 stage=metadata_build count=100 total_ns=59844972 max_ns=845394
SPF_IIOD_TIMING_V1 snapshot=1 dev=cf-ad9361-lpc metadata=1 burst=0 ring=0 direct=0 frame_iq_bytes=524288 transported_iq_bytes=52428800 transported_frames=100 wall_ns=1315298461 stage=transport_frame count=100 total_ns=996642262 max_ns=11566524
SPF_IIOD_TIMING_V1 snapshot=1 dev=cf-ad9361-lpc metadata=1 burst=0 ring=0 direct=0 frame_iq_bytes=524288 transported_iq_bytes=52428800 transported_frames=100 wall_ns=1315298461 stage=transport_iq count=100 total_ns=901482459 max_ns=10660950
SPF_IIOD_TIMING_V1 snapshot=1 dev=cf-ad9361-lpc metadata=1 burst=0 ring=0 direct=0 frame_iq_bytes=524288 transported_iq_bytes=104857600 transported_frames=200 wall_ns=2631266876 stage=sampler_admit count=200 total_ns=81559380 max_ns=1284516
SPF_IIOD_TIMING_V1 snapshot=1 dev=cf-ad9361-lpc metadata=1 burst=0 ring=0 direct=0 frame_iq_bytes=524288 transported_iq_bytes=104857600 transported_frames=200 wall_ns=2631266876 stage=dma_refill count=200 total_ns=10692516 max_ns=385224
SPF_IIOD_TIMING_V1 snapshot=1 dev=cf-ad9361-lpc metadata=1 burst=0 ring=0 direct=0 frame_iq_bytes=524288 transported_iq_bytes=104857600 transported_frames=200 wall_ns=2631266876 stage=sampler_finish count=200 total_ns=250168039 max_ns=3470310
SPF_IIOD_TIMING_V1 snapshot=1 dev=cf-ad9361-lpc metadata=1 burst=0 ring=0 direct=0 frame_iq_bytes=524288 transported_iq_bytes=104857600 transported_frames=200 wall_ns=2631266876 stage=metadata_build count=200 total_ns=119465702 max_ns=845394
SPF_IIOD_TIMING_V1 snapshot=1 dev=cf-ad9361-lpc metadata=1 burst=0 ring=0 direct=0 frame_iq_bytes=524288 transported_iq_bytes=104857600 transported_frames=200 wall_ns=2631266876 stage=transport_frame count=200 total_ns=1983861263 max_ns=11566524
SPF_IIOD_TIMING_V1 snapshot=1 dev=cf-ad9361-lpc metadata=1 burst=0 ring=0 direct=0 frame_iq_bytes=524288 transported_iq_bytes=104857600 transported_frames=200 wall_ns=2631266876 stage=transport_iq count=200 total_ns=1793326561 max_ns=10660950
SPF_IIOD_TIMING_V1 snapshot=1 dev=cf-ad9361-lpc metadata=1 burst=0 ring=0 direct=0 frame_iq_bytes=524288 transported_iq_bytes=157286400 transported_frames=300 wall_ns=3974983611 stage=sampler_admit count=300 total_ns=123702313 max_ns=1738668
SPF_IIOD_TIMING_V1 snapshot=1 dev=cf-ad9361-lpc metadata=1 burst=0 ring=0 direct=0 frame_iq_bytes=524288 transported_iq_bytes=157286400 transported_frames=300 wall_ns=3974983611 stage=dma_refill count=300 total_ns=15293905 max_ns=385224
SPF_IIOD_TIMING_V1 snapshot=1 dev=cf-ad9361-lpc metadata=1 burst=0 ring=0 direct=0 frame_iq_bytes=524288 transported_iq_bytes=157286400 transported_frames=300 wall_ns=3974983611 stage=sampler_finish count=300 total_ns=376334534 max_ns=3470310
SPF_IIOD_TIMING_V1 snapshot=1 dev=cf-ad9361-lpc metadata=1 burst=0 ring=0 direct=0 frame_iq_bytes=524288 transported_iq_bytes=157286400 transported_frames=300 wall_ns=3974983611 stage=metadata_build count=300 total_ns=179099325 max_ns=845394
SPF_IIOD_TIMING_V1 snapshot=1 dev=cf-ad9361-lpc metadata=1 burst=0 ring=0 direct=0 frame_iq_bytes=524288 transported_iq_bytes=157286400 transported_frames=300 wall_ns=3974983611 stage=transport_frame count=300 total_ns=2984199932 max_ns=12808578
SPF_IIOD_TIMING_V1 snapshot=1 dev=cf-ad9361-lpc metadata=1 burst=0 ring=0 direct=0 frame_iq_bytes=524288 transported_iq_bytes=157286400 transported_frames=300 wall_ns=3974983611 stage=transport_iq count=300 total_ns=2698557573 max_ns=11869476
SPF_IIOD_TIMING_V1 snapshot=1 dev=cf-ad9361-lpc metadata=1 burst=0 ring=0 direct=0 frame_iq_bytes=524288 transported_iq_bytes=209715200 transported_frames=400 wall_ns=5322195707 stage=sampler_admit count=400 total_ns=164149687 max_ns=1738668
SPF_IIOD_TIMING_V1 snapshot=1 dev=cf-ad9361-lpc metadata=1 burst=0 ring=0 direct=0 frame_iq_bytes=524288 transported_iq_bytes=209715200 transported_frames=400 wall_ns=5322195707 stage=dma_refill count=400 total_ns=19928941 max_ns=385224
SPF_IIOD_TIMING_V1 snapshot=1 dev=cf-ad9361-lpc metadata=1 burst=0 ring=0 direct=0 frame_iq_bytes=524288 transported_iq_bytes=209715200 transported_frames=400 wall_ns=5322195707 stage=sampler_finish count=400 total_ns=504251159 max_ns=4185703
SPF_IIOD_TIMING_V1 snapshot=1 dev=cf-ad9361-lpc metadata=1 burst=0 ring=0 direct=0 frame_iq_bytes=524288 transported_iq_bytes=209715200 transported_frames=400 wall_ns=5322195707 stage=metadata_build count=400 total_ns=239034766 max_ns=845394
SPF_IIOD_TIMING_V1 snapshot=1 dev=cf-ad9361-lpc metadata=1 burst=0 ring=0 direct=0 frame_iq_bytes=524288 transported_iq_bytes=209715200 transported_frames=400 wall_ns=5322195707 stage=transport_frame count=400 total_ns=3982294248 max_ns=12808578
SPF_IIOD_TIMING_V1 snapshot=1 dev=cf-ad9361-lpc metadata=1 burst=0 ring=0 direct=0 frame_iq_bytes=524288 transported_iq_bytes=209715200 transported_frames=400 wall_ns=5322195707 stage=transport_iq count=400 total_ns=3600946890 max_ns=11869476
SPF_IIOD_TIMING_V1 snapshot=1 dev=cf-ad9361-lpc metadata=1 burst=0 ring=0 direct=0 frame_iq_bytes=524288 transported_iq_bytes=262144000 transported_frames=500 wall_ns=6609857501 stage=sampler_admit count=500 total_ns=198503870 max_ns=1738668
SPF_IIOD_TIMING_V1 snapshot=1 dev=cf-ad9361-lpc metadata=1 burst=0 ring=0 direct=0 frame_iq_bytes=524288 transported_iq_bytes=262144000 transported_frames=500 wall_ns=6609857501 stage=dma_refill count=500 total_ns=24615595 max_ns=385224
SPF_IIOD_TIMING_V1 snapshot=1 dev=cf-ad9361-lpc metadata=1 burst=0 ring=0 direct=0 frame_iq_bytes=524288 transported_iq_bytes=262144000 transported_frames=500 wall_ns=6609857501 stage=sampler_finish count=500 total_ns=628539510 max_ns=4185703
SPF_IIOD_TIMING_V1 snapshot=1 dev=cf-ad9361-lpc metadata=1 burst=0 ring=0 direct=0 frame_iq_bytes=524288 transported_iq_bytes=262144000 transported_frames=500 wall_ns=6609857501 stage=metadata_build count=500 total_ns=298630630 max_ns=845394
SPF_IIOD_TIMING_V1 snapshot=1 dev=cf-ad9361-lpc metadata=1 burst=0 ring=0 direct=0 frame_iq_bytes=524288 transported_iq_bytes=262144000 transported_frames=500 wall_ns=6609857501 stage=transport_frame count=500 total_ns=4976098348 max_ns=12808578
SPF_IIOD_TIMING_V1 snapshot=1 dev=cf-ad9361-lpc metadata=1 burst=0 ring=0 direct=0 frame_iq_bytes=524288 transported_iq_bytes=262144000 transported_frames=500 wall_ns=6609857501 stage=transport_iq count=500 total_ns=4499445634 max_ns=11869476
SPF_IIOD_TIMING_V1 snapshot=1 dev=cf-ad9361-lpc metadata=1 burst=0 ring=0 direct=0 frame_iq_bytes=524288 transported_iq_bytes=314572800 transported_frames=600 wall_ns=7876167270 stage=sampler_admit count=600 total_ns=236396013 max_ns=1738668
SPF_IIOD_TIMING_V1 snapshot=1 dev=cf-ad9361-lpc metadata=1 burst=0 ring=0 direct=0 frame_iq_bytes=524288 transported_iq_bytes=314572800 transported_frames=600 wall_ns=7876167270 stage=dma_refill count=600 total_ns=29884825 max_ns=385224
SPF_IIOD_TIMING_V1 snapshot=1 dev=cf-ad9361-lpc metadata=1 burst=0 ring=0 direct=0 frame_iq_bytes=524288 transported_iq_bytes=314572800 transported_frames=600 wall_ns=7876167270 stage=sampler_finish count=600 total_ns=753525307 max_ns=4197966
SPF_IIOD_TIMING_V1 snapshot=1 dev=cf-ad9361-lpc metadata=1 burst=0 ring=0 direct=0 frame_iq_bytes=524288 transported_iq_bytes=314572800 transported_frames=600 wall_ns=7876167270 stage=metadata_build count=600 total_ns=358540180 max_ns=986172
SPF_IIOD_TIMING_V1 snapshot=1 dev=cf-ad9361-lpc metadata=1 burst=0 ring=0 direct=0 frame_iq_bytes=524288 transported_iq_bytes=314572800 transported_frames=600 wall_ns=7876167270 stage=transport_frame count=600 total_ns=5962665637 max_ns=12808578
SPF_IIOD_TIMING_V1 snapshot=1 dev=cf-ad9361-lpc metadata=1 burst=0 ring=0 direct=0 frame_iq_bytes=524288 transported_iq_bytes=314572800 transported_frames=600 wall_ns=7876167270 stage=transport_iq count=600 total_ns=5390388871 max_ns=11869476
SPF_IIOD_TIMING_V1 snapshot=1 dev=cf-ad9361-lpc metadata=1 burst=0 ring=0 direct=0 frame_iq_bytes=524288 transported_iq_bytes=367001600 transported_frames=700 wall_ns=9150992383 stage=sampler_admit count=700 total_ns=272973567 max_ns=1738668
SPF_IIOD_TIMING_V1 snapshot=1 dev=cf-ad9361-lpc metadata=1 burst=0 ring=0 direct=0 frame_iq_bytes=524288 transported_iq_bytes=367001600 transported_frames=700 wall_ns=9150992383 stage=dma_refill count=700 total_ns=35002585 max_ns=554028
SPF_IIOD_TIMING_V1 snapshot=1 dev=cf-ad9361-lpc metadata=1 burst=0 ring=0 direct=0 frame_iq_bytes=524288 transported_iq_bytes=367001600 transported_frames=700 wall_ns=9150992383 stage=sampler_finish count=700 total_ns=878354900 max_ns=4197966
SPF_IIOD_TIMING_V1 snapshot=1 dev=cf-ad9361-lpc metadata=1 burst=0 ring=0 direct=0 frame_iq_bytes=524288 transported_iq_bytes=367001600 transported_frames=700 wall_ns=9150992383 stage=metadata_build count=700 total_ns=418399204 max_ns=986172
SPF_IIOD_TIMING_V1 snapshot=1 dev=cf-ad9361-lpc metadata=1 burst=0 ring=0 direct=0 frame_iq_bytes=524288 transported_iq_bytes=367001600 transported_frames=700 wall_ns=9150992383 stage=transport_frame count=700 total_ns=6955879897 max_ns=12808578
SPF_IIOD_TIMING_V1 snapshot=1 dev=cf-ad9361-lpc metadata=1 burst=0 ring=0 direct=0 frame_iq_bytes=524288 transported_iq_bytes=367001600 transported_frames=700 wall_ns=9150992383 stage=transport_iq count=700 total_ns=6288154585 max_ns=11869476
SPF_IIOD_TIMING_V1 snapshot=1 dev=cf-ad9361-lpc metadata=1 burst=0 ring=0 direct=0 frame_iq_bytes=524288 transported_iq_bytes=419430400 transported_frames=800 wall_ns=10455023882 stage=sampler_admit count=800 total_ns=318784059 max_ns=1738668
SPF_IIOD_TIMING_V1 snapshot=1 dev=cf-ad9361-lpc metadata=1 burst=0 ring=0 direct=0 frame_iq_bytes=524288 transported_iq_bytes=419430400 transported_frames=800 wall_ns=10455023882 stage=dma_refill count=800 total_ns=121740146 max_ns=2967102
SPF_IIOD_TIMING_V1 snapshot=1 dev=cf-ad9361-lpc metadata=1 burst=0 ring=0 direct=0 frame_iq_bytes=524288 transported_iq_bytes=419430400 transported_frames=800 wall_ns=10455023882 stage=sampler_finish count=800 total_ns=961169151 max_ns=4197966
SPF_IIOD_TIMING_V1 snapshot=1 dev=cf-ad9361-lpc metadata=1 burst=0 ring=0 direct=0 frame_iq_bytes=524288 transported_iq_bytes=419430400 transported_frames=800 wall_ns=10455023882 stage=metadata_build count=800 total_ns=477947722 max_ns=986172
SPF_IIOD_TIMING_V1 snapshot=1 dev=cf-ad9361-lpc metadata=1 burst=0 ring=0 direct=0 frame_iq_bytes=524288 transported_iq_bytes=419430400 transported_frames=800 wall_ns=10455023882 stage=transport_frame count=800 total_ns=7937450982 max_ns=12808578
SPF_IIOD_TIMING_V1 snapshot=1 dev=cf-ad9361-lpc metadata=1 burst=0 ring=0 direct=0 frame_iq_bytes=524288 transported_iq_bytes=419430400 transported_frames=800 wall_ns=10455023882 stage=transport_iq count=800 total_ns=7175330490 max_ns=11869476
SPF_IIOD_TIMING_V1 snapshot=1 dev=cf-ad9361-lpc metadata=1 burst=0 ring=0 direct=0 frame_iq_bytes=524288 transported_iq_bytes=471859200 transported_frames=900 wall_ns=11805381309 stage=sampler_admit count=900 total_ns=362294925 max_ns=1968972
SPF_IIOD_TIMING_V1 snapshot=1 dev=cf-ad9361-lpc metadata=1 burst=0 ring=0 direct=0 frame_iq_bytes=524288 transported_iq_bytes=471859200 transported_frames=900 wall_ns=11805381309 stage=dma_refill count=900 total_ns=126485546 max_ns=2967102
SPF_IIOD_TIMING_V1 snapshot=1 dev=cf-ad9361-lpc metadata=1 burst=0 ring=0 direct=0 frame_iq_bytes=524288 transported_iq_bytes=471859200 transported_frames=900 wall_ns=11805381309 stage=sampler_finish count=900 total_ns=1089230247 max_ns=4229382
SPF_IIOD_TIMING_V1 snapshot=1 dev=cf-ad9361-lpc metadata=1 burst=0 ring=0 direct=0 frame_iq_bytes=524288 transported_iq_bytes=471859200 transported_frames=900 wall_ns=11805381309 stage=metadata_build count=900 total_ns=539236750 max_ns=986172
SPF_IIOD_TIMING_V1 snapshot=1 dev=cf-ad9361-lpc metadata=1 burst=0 ring=0 direct=0 frame_iq_bytes=524288 transported_iq_bytes=471859200 transported_frames=900 wall_ns=11805381309 stage=transport_frame count=900 total_ns=8959083861 max_ns=16527420
SPF_IIOD_TIMING_V1 snapshot=1 dev=cf-ad9361-lpc metadata=1 burst=0 ring=0 direct=0 frame_iq_bytes=524288 transported_iq_bytes=471859200 transported_frames=900 wall_ns=11805381309 stage=transport_iq count=900 total_ns=8099539159 max_ns=15234654
SPF_IIOD_TIMING_V1 snapshot=1 dev=cf-ad9361-lpc metadata=1 burst=0 ring=0 direct=0 frame_iq_bytes=524288 transported_iq_bytes=524288000 transported_frames=1000 wall_ns=13137442858 stage=sampler_admit count=1000 total_ns=403361565 max_ns=1968972
SPF_IIOD_TIMING_V1 snapshot=1 dev=cf-ad9361-lpc metadata=1 burst=0 ring=0 direct=0 frame_iq_bytes=524288 transported_iq_bytes=524288000 transported_frames=1000 wall_ns=13137442858 stage=dma_refill count=1000 total_ns=131097530 max_ns=2967102
SPF_IIOD_TIMING_V1 snapshot=1 dev=cf-ad9361-lpc metadata=1 burst=0 ring=0 direct=0 frame_iq_bytes=524288 transported_iq_bytes=524288000 transported_frames=1000 wall_ns=13137442858 stage=sampler_finish count=1000 total_ns=1218936507 max_ns=4246422
SPF_IIOD_TIMING_V1 snapshot=1 dev=cf-ad9361-lpc metadata=1 burst=0 ring=0 direct=0 frame_iq_bytes=524288 transported_iq_bytes=524288000 transported_frames=1000 wall_ns=13137442858 stage=metadata_build count=1000 total_ns=598935757 max_ns=986172
SPF_IIOD_TIMING_V1 snapshot=1 dev=cf-ad9361-lpc metadata=1 burst=0 ring=0 direct=0 frame_iq_bytes=524288 transported_iq_bytes=524288000 transported_frames=1000 wall_ns=13137442858 stage=transport_frame count=1000 total_ns=9961636472 max_ns=16527420
SPF_IIOD_TIMING_V1 snapshot=1 dev=cf-ad9361-lpc metadata=1 burst=0 ring=0 direct=0 frame_iq_bytes=524288 transported_iq_bytes=524288000 transported_frames=1000 wall_ns=13137442858 stage=transport_iq count=1000 total_ns=9002153547 max_ns=15234654
SPF_IIOD_TIMING_V1 snapshot=1 dev=cf-ad9361-lpc metadata=1 burst=0 ring=0 direct=0 frame_iq_bytes=524288 transported_iq_bytes=576716800 transported_frames=1100 wall_ns=14430573371 stage=sampler_admit count=1100 total_ns=447453195 max_ns=5666466
SPF_IIOD_TIMING_V1 snapshot=1 dev=cf-ad9361-lpc metadata=1 burst=0 ring=0 direct=0 frame_iq_bytes=524288 transported_iq_bytes=576716800 transported_frames=1100 wall_ns=14430573371 stage=dma_refill count=1100 total_ns=135742736 max_ns=2967102
SPF_IIOD_TIMING_V1 snapshot=1 dev=cf-ad9361-lpc metadata=1 burst=0 ring=0 direct=0 frame_iq_bytes=524288 transported_iq_bytes=576716800 transported_frames=1100 wall_ns=14430573371 stage=sampler_finish count=1100 total_ns=1347102671 max_ns=4246422
SPF_IIOD_TIMING_V1 snapshot=1 dev=cf-ad9361-lpc metadata=1 burst=0 ring=0 direct=0 frame_iq_bytes=524288 transported_iq_bytes=576716800 transported_frames=1100 wall_ns=14430573371 stage=metadata_build count=1100 total_ns=658191949 max_ns=986172
SPF_IIOD_TIMING_V1 snapshot=1 dev=cf-ad9361-lpc metadata=1 burst=0 ring=0 direct=0 frame_iq_bytes=524288 transported_iq_bytes=576716800 transported_frames=1100 wall_ns=14430573371 stage=transport_frame count=1100 total_ns=10956356197 max_ns=16527420
SPF_IIOD_TIMING_V1 snapshot=1 dev=cf-ad9361-lpc metadata=1 burst=0 ring=0 direct=0 frame_iq_bytes=524288 transported_iq_bytes=576716800 transported_frames=1100 wall_ns=14430573371 stage=transport_iq count=1100 total_ns=9902290508 max_ns=15234654
SPF_IIOD_TIMING_V1 snapshot=1 dev=cf-ad9361-lpc metadata=1 burst=0 ring=0 direct=0 frame_iq_bytes=524288 transported_iq_bytes=629145600 transported_frames=1200 wall_ns=15755138652 stage=sampler_admit count=1200 total_ns=492029278 max_ns=5666466
SPF_IIOD_TIMING_V1 snapshot=1 dev=cf-ad9361-lpc metadata=1 burst=0 ring=0 direct=0 frame_iq_bytes=524288 transported_iq_bytes=629145600 transported_frames=1200 wall_ns=15755138652 stage=dma_refill count=1200 total_ns=141470918 max_ns=2967102
SPF_IIOD_TIMING_V1 snapshot=1 dev=cf-ad9361-lpc metadata=1 burst=0 ring=0 direct=0 frame_iq_bytes=524288 transported_iq_bytes=629145600 transported_frames=1200 wall_ns=15755138652 stage=sampler_finish count=1200 total_ns=1466242589 max_ns=4246422
SPF_IIOD_TIMING_V1 snapshot=1 dev=cf-ad9361-lpc metadata=1 burst=0 ring=0 direct=0 frame_iq_bytes=524288 transported_iq_bytes=629145600 transported_frames=1200 wall_ns=15755138652 stage=metadata_build count=1200 total_ns=717938516 max_ns=986172
SPF_IIOD_TIMING_V1 snapshot=1 dev=cf-ad9361-lpc metadata=1 burst=0 ring=0 direct=0 frame_iq_bytes=524288 transported_iq_bytes=629145600 transported_frames=1200 wall_ns=15755138652 stage=transport_frame count=1200 total_ns=11945976493 max_ns=16527420
SPF_IIOD_TIMING_V1 snapshot=1 dev=cf-ad9361-lpc metadata=1 burst=0 ring=0 direct=0 frame_iq_bytes=524288 transported_iq_bytes=629145600 transported_frames=1200 wall_ns=15755138652 stage=transport_iq count=1200 total_ns=10796356092 max_ns=15234654
SPF_IIOD_TIMING_V1 snapshot=1 dev=cf-ad9361-lpc metadata=1 burst=0 ring=0 direct=0 frame_iq_bytes=524288 transported_iq_bytes=681574400 transported_frames=1300 wall_ns=17083729957 stage=sampler_admit count=1300 total_ns=536058040 max_ns=5666466
SPF_IIOD_TIMING_V1 snapshot=1 dev=cf-ad9361-lpc metadata=1 burst=0 ring=0 direct=0 frame_iq_bytes=524288 transported_iq_bytes=681574400 transported_frames=1300 wall_ns=17083729957 stage=dma_refill count=1300 total_ns=148230488 max_ns=2967102
SPF_IIOD_TIMING_V1 snapshot=1 dev=cf-ad9361-lpc metadata=1 burst=0 ring=0 direct=0 frame_iq_bytes=524288 transported_iq_bytes=681574400 transported_frames=1300 wall_ns=17083729957 stage=sampler_finish count=1300 total_ns=1588059809 max_ns=4246422
SPF_IIOD_TIMING_V1 snapshot=1 dev=cf-ad9361-lpc metadata=1 burst=0 ring=0 direct=0 frame_iq_bytes=524288 transported_iq_bytes=681574400 transported_frames=1300 wall_ns=17083729957 stage=metadata_build count=1300 total_ns=777784029 max_ns=986172
SPF_IIOD_TIMING_V1 snapshot=1 dev=cf-ad9361-lpc metadata=1 burst=0 ring=0 direct=0 frame_iq_bytes=524288 transported_iq_bytes=681574400 transported_frames=1300 wall_ns=17083729957 stage=transport_frame count=1300 total_ns=12937902251 max_ns=16527420
SPF_IIOD_TIMING_V1 snapshot=1 dev=cf-ad9361-lpc metadata=1 burst=0 ring=0 direct=0 frame_iq_bytes=524288 transported_iq_bytes=681574400 transported_frames=1300 wall_ns=17083729957 stage=transport_iq count=1300 total_ns=11692996881 max_ns=15234654
SPF_IIOD_TIMING_V1 snapshot=1 dev=cf-ad9361-lpc metadata=1 burst=0 ring=0 direct=0 frame_iq_bytes=524288 transported_iq_bytes=734003200 transported_frames=1400 wall_ns=18409828935 stage=sampler_admit count=1400 total_ns=577953911 max_ns=5666466
SPF_IIOD_TIMING_V1 snapshot=1 dev=cf-ad9361-lpc metadata=1 burst=0 ring=0 direct=0 frame_iq_bytes=524288 transported_iq_bytes=734003200 transported_frames=1400 wall_ns=18409828935 stage=dma_refill count=1400 total_ns=152874860 max_ns=2967102
SPF_IIOD_TIMING_V1 snapshot=1 dev=cf-ad9361-lpc metadata=1 burst=0 ring=0 direct=0 frame_iq_bytes=524288 transported_iq_bytes=734003200 transported_frames=1400 wall_ns=18409828935 stage=sampler_finish count=1400 total_ns=1716679218 max_ns=4246422
SPF_IIOD_TIMING_V1 snapshot=1 dev=cf-ad9361-lpc metadata=1 burst=0 ring=0 direct=0 frame_iq_bytes=524288 transported_iq_bytes=734003200 transported_frames=1400 wall_ns=18409828935 stage=metadata_build count=1400 total_ns=837776746 max_ns=986172
SPF_IIOD_TIMING_V1 snapshot=1 dev=cf-ad9361-lpc metadata=1 burst=0 ring=0 direct=0 frame_iq_bytes=524288 transported_iq_bytes=734003200 transported_frames=1400 wall_ns=18409828935 stage=transport_frame count=1400 total_ns=13932648267 max_ns=16527420
SPF_IIOD_TIMING_V1 snapshot=1 dev=cf-ad9361-lpc metadata=1 burst=0 ring=0 direct=0 frame_iq_bytes=524288 transported_iq_bytes=734003200 transported_frames=1400 wall_ns=18409828935 stage=transport_iq count=1400 total_ns=12591946698 max_ns=15234654
SPF_IIOD_TIMING_V1 snapshot=1 dev=cf-ad9361-lpc metadata=1 burst=0 ring=0 direct=0 frame_iq_bytes=524288 transported_iq_bytes=786432000 transported_frames=1500 wall_ns=19722949936 stage=sampler_admit count=1500 total_ns=616612031 max_ns=5666466
SPF_IIOD_TIMING_V1 snapshot=1 dev=cf-ad9361-lpc metadata=1 burst=0 ring=0 direct=0 frame_iq_bytes=524288 transported_iq_bytes=786432000 transported_frames=1500 wall_ns=19722949936 stage=dma_refill count=1500 total_ns=157502948 max_ns=2967102
SPF_IIOD_TIMING_V1 snapshot=1 dev=cf-ad9361-lpc metadata=1 burst=0 ring=0 direct=0 frame_iq_bytes=524288 transported_iq_bytes=786432000 transported_frames=1500 wall_ns=19722949936 stage=sampler_finish count=1500 total_ns=1839081156 max_ns=4246422
SPF_IIOD_TIMING_V1 snapshot=1 dev=cf-ad9361-lpc metadata=1 burst=0 ring=0 direct=0 frame_iq_bytes=524288 transported_iq_bytes=786432000 transported_frames=1500 wall_ns=19722949936 stage=metadata_build count=1500 total_ns=897312047 max_ns=986172
SPF_IIOD_TIMING_V1 snapshot=1 dev=cf-ad9361-lpc metadata=1 burst=0 ring=0 direct=0 frame_iq_bytes=524288 transported_iq_bytes=786432000 transported_frames=1500 wall_ns=19722949936 stage=transport_frame count=1500 total_ns=14931834291 max_ns=16527420
SPF_IIOD_TIMING_V1 snapshot=1 dev=cf-ad9361-lpc metadata=1 burst=0 ring=0 direct=0 frame_iq_bytes=524288 transported_iq_bytes=786432000 transported_frames=1500 wall_ns=19722949936 stage=transport_iq count=1500 total_ns=13495886553 max_ns=15234654
SPF_IIOD_TIMING_V1 snapshot=1 dev=cf-ad9361-lpc metadata=1 burst=0 ring=0 direct=0 frame_iq_bytes=524288 transported_iq_bytes=838860800 transported_frames=1600 wall_ns=21013283945 stage=sampler_admit count=1600 total_ns=659957519 max_ns=5666466
SPF_IIOD_TIMING_V1 snapshot=1 dev=cf-ad9361-lpc metadata=1 burst=0 ring=0 direct=0 frame_iq_bytes=524288 transported_iq_bytes=838860800 transported_frames=1600 wall_ns=21013283945 stage=dma_refill count=1600 total_ns=162893174 max_ns=2967102
SPF_IIOD_TIMING_V1 snapshot=1 dev=cf-ad9361-lpc metadata=1 burst=0 ring=0 direct=0 frame_iq_bytes=524288 transported_iq_bytes=838860800 transported_frames=1600 wall_ns=21013283945 stage=sampler_finish count=1600 total_ns=1967098405 max_ns=4336932
SPF_IIOD_TIMING_V1 snapshot=1 dev=cf-ad9361-lpc metadata=1 burst=0 ring=0 direct=0 frame_iq_bytes=524288 transported_iq_bytes=838860800 transported_frames=1600 wall_ns=21013283945 stage=metadata_build count=1600 total_ns=957112458 max_ns=986172
SPF_IIOD_TIMING_V1 snapshot=1 dev=cf-ad9361-lpc metadata=1 burst=0 ring=0 direct=0 frame_iq_bytes=524288 transported_iq_bytes=838860800 transported_frames=1600 wall_ns=21013283945 stage=transport_frame count=1600 total_ns=15924366001 max_ns=16527420
SPF_IIOD_TIMING_V1 snapshot=1 dev=cf-ad9361-lpc metadata=1 burst=0 ring=0 direct=0 frame_iq_bytes=524288 transported_iq_bytes=838860800 transported_frames=1600 wall_ns=21013283945 stage=transport_iq count=1600 total_ns=14393172618 max_ns=15234654
SPF_IIOD_TIMING_V1 snapshot=1 dev=cf-ad9361-lpc metadata=1 burst=0 ring=0 direct=0 frame_iq_bytes=524288 transported_iq_bytes=891289600 transported_frames=1700 wall_ns=22321344942 stage=sampler_admit count=1700 total_ns=698012647 max_ns=5666466
SPF_IIOD_TIMING_V1 snapshot=1 dev=cf-ad9361-lpc metadata=1 burst=0 ring=0 direct=0 frame_iq_bytes=524288 transported_iq_bytes=891289600 transported_frames=1700 wall_ns=22321344942 stage=dma_refill count=1700 total_ns=167719004 max_ns=2967102
SPF_IIOD_TIMING_V1 snapshot=1 dev=cf-ad9361-lpc metadata=1 burst=0 ring=0 direct=0 frame_iq_bytes=524288 transported_iq_bytes=891289600 transported_frames=1700 wall_ns=22321344942 stage=sampler_finish count=1700 total_ns=2093450761 max_ns=4336932
SPF_IIOD_TIMING_V1 snapshot=1 dev=cf-ad9361-lpc metadata=1 burst=0 ring=0 direct=0 frame_iq_bytes=524288 transported_iq_bytes=891289600 transported_frames=1700 wall_ns=22321344942 stage=metadata_build count=1700 total_ns=1016722392 max_ns=986172
SPF_IIOD_TIMING_V1 snapshot=1 dev=cf-ad9361-lpc metadata=1 burst=0 ring=0 direct=0 frame_iq_bytes=524288 transported_iq_bytes=891289600 transported_frames=1700 wall_ns=22321344942 stage=transport_frame count=1700 total_ns=16918601774 max_ns=16527420
SPF_IIOD_TIMING_V1 snapshot=1 dev=cf-ad9361-lpc metadata=1 burst=0 ring=0 direct=0 frame_iq_bytes=524288 transported_iq_bytes=891289600 transported_frames=1700 wall_ns=22321344942 stage=transport_iq count=1700 total_ns=15292644336 max_ns=15234654
SPF_IIOD_TIMING_V1 snapshot=1 dev=cf-ad9361-lpc metadata=1 burst=0 ring=0 direct=0 frame_iq_bytes=524288 transported_iq_bytes=943718400 transported_frames=1800 wall_ns=23589064854 stage=sampler_admit count=1800 total_ns=736954064 max_ns=5666466
SPF_IIOD_TIMING_V1 snapshot=1 dev=cf-ad9361-lpc metadata=1 burst=0 ring=0 direct=0 frame_iq_bytes=524288 transported_iq_bytes=943718400 transported_frames=1800 wall_ns=23589064854 stage=dma_refill count=1800 total_ns=172291922 max_ns=2967102
SPF_IIOD_TIMING_V1 snapshot=1 dev=cf-ad9361-lpc metadata=1 burst=0 ring=0 direct=0 frame_iq_bytes=524288 transported_iq_bytes=943718400 transported_frames=1800 wall_ns=23589064854 stage=sampler_finish count=1800 total_ns=2215293667 max_ns=4336932
SPF_IIOD_TIMING_V1 snapshot=1 dev=cf-ad9361-lpc metadata=1 burst=0 ring=0 direct=0 frame_iq_bytes=524288 transported_iq_bytes=943718400 transported_frames=1800 wall_ns=23589064854 stage=metadata_build count=1800 total_ns=1076299560 max_ns=986172
SPF_IIOD_TIMING_V1 snapshot=1 dev=cf-ad9361-lpc metadata=1 burst=0 ring=0 direct=0 frame_iq_bytes=524288 transported_iq_bytes=943718400 transported_frames=1800 wall_ns=23589064854 stage=transport_frame count=1800 total_ns=17912919641 max_ns=16527420
SPF_IIOD_TIMING_V1 snapshot=1 dev=cf-ad9361-lpc metadata=1 burst=0 ring=0 direct=0 frame_iq_bytes=524288 transported_iq_bytes=943718400 transported_frames=1800 wall_ns=23589064854 stage=transport_iq count=1800 total_ns=16191727706 max_ns=15234654
SPF_IIOD_TIMING_V1 snapshot=1 dev=cf-ad9361-lpc metadata=1 burst=0 ring=0 direct=0 frame_iq_bytes=524288 transported_iq_bytes=996147200 transported_frames=1900 wall_ns=24893510125 stage=sampler_admit count=1900 total_ns=781517702 max_ns=5666466
SPF_IIOD_TIMING_V1 snapshot=1 dev=cf-ad9361-lpc metadata=1 burst=0 ring=0 direct=0 frame_iq_bytes=524288 transported_iq_bytes=996147200 transported_frames=1900 wall_ns=24893510125 stage=dma_refill count=1900 total_ns=179127704 max_ns=2967102
SPF_IIOD_TIMING_V1 snapshot=1 dev=cf-ad9361-lpc metadata=1 burst=0 ring=0 direct=0 frame_iq_bytes=524288 transported_iq_bytes=996147200 transported_frames=1900 wall_ns=24893510125 stage=sampler_finish count=1900 total_ns=2343801603 max_ns=4430328
SPF_IIOD_TIMING_V1 snapshot=1 dev=cf-ad9361-lpc metadata=1 burst=0 ring=0 direct=0 frame_iq_bytes=524288 transported_iq_bytes=996147200 transported_frames=1900 wall_ns=24893510125 stage=metadata_build count=1900 total_ns=1139710080 max_ns=3976134
SPF_IIOD_TIMING_V1 snapshot=1 dev=cf-ad9361-lpc metadata=1 burst=0 ring=0 direct=0 frame_iq_bytes=524288 transported_iq_bytes=996147200 transported_frames=1900 wall_ns=24893510125 stage=transport_frame count=1900 total_ns=18895748073 max_ns=16527420
SPF_IIOD_TIMING_V1 snapshot=1 dev=cf-ad9361-lpc metadata=1 burst=0 ring=0 direct=0 frame_iq_bytes=524288 transported_iq_bytes=996147200 transported_frames=1900 wall_ns=24893510125 stage=transport_iq count=1900 total_ns=17076337890 max_ns=15234654
SPF_IIOD_TIMING_V1 snapshot=1 dev=cf-ad9361-lpc metadata=1 burst=0 ring=0 direct=0 frame_iq_bytes=524288 transported_iq_bytes=1048576000 transported_frames=2000 wall_ns=26204886080 stage=sampler_admit count=2000 total_ns=824759463 max_ns=5666466
SPF_IIOD_TIMING_V1 snapshot=1 dev=cf-ad9361-lpc metadata=1 burst=0 ring=0 direct=0 frame_iq_bytes=524288 transported_iq_bytes=1048576000 transported_frames=2000 wall_ns=26204886080 stage=dma_refill count=2000 total_ns=184704890 max_ns=2967102
SPF_IIOD_TIMING_V1 snapshot=1 dev=cf-ad9361-lpc metadata=1 burst=0 ring=0 direct=0 frame_iq_bytes=524288 transported_iq_bytes=1048576000 transported_frames=2000 wall_ns=26204886080 stage=sampler_finish count=2000 total_ns=2467958231 max_ns=4430328
SPF_IIOD_TIMING_V1 snapshot=1 dev=cf-ad9361-lpc metadata=1 burst=0 ring=0 direct=0 frame_iq_bytes=524288 transported_iq_bytes=1048576000 transported_frames=2000 wall_ns=26204886080 stage=metadata_build count=2000 total_ns=1199352481 max_ns=3976134
SPF_IIOD_TIMING_V1 snapshot=1 dev=cf-ad9361-lpc metadata=1 burst=0 ring=0 direct=0 frame_iq_bytes=524288 transported_iq_bytes=1048576000 transported_frames=2000 wall_ns=26204886080 stage=transport_frame count=2000 total_ns=19887096708 max_ns=16527420
SPF_IIOD_TIMING_V1 snapshot=1 dev=cf-ad9361-lpc metadata=1 burst=0 ring=0 direct=0 frame_iq_bytes=524288 transported_iq_bytes=1048576000 transported_frames=2000 wall_ns=26204886080 stage=transport_iq count=2000 total_ns=17972458693 max_ns=15234654
SPF_IIOD_TIMING_V1 snapshot=1 dev=cf-ad9361-lpc metadata=1 burst=0 ring=0 direct=0 frame_iq_bytes=524288 transported_iq_bytes=1101004800 transported_frames=2100 wall_ns=27567897226 stage=sampler_admit count=2100 total_ns=867802042 max_ns=5666466
SPF_IIOD_TIMING_V1 snapshot=1 dev=cf-ad9361-lpc metadata=1 burst=0 ring=0 direct=0 frame_iq_bytes=524288 transported_iq_bytes=1101004800 transported_frames=2100 wall_ns=27567897226 stage=dma_refill count=2100 total_ns=189813632 max_ns=2967102
SPF_IIOD_TIMING_V1 snapshot=1 dev=cf-ad9361-lpc metadata=1 burst=0 ring=0 direct=0 frame_iq_bytes=524288 transported_iq_bytes=1101004800 transported_frames=2100 wall_ns=27567897226 stage=sampler_finish count=2100 total_ns=2596830319 max_ns=4674570
SPF_IIOD_TIMING_V1 snapshot=1 dev=cf-ad9361-lpc metadata=1 burst=0 ring=0 direct=0 frame_iq_bytes=524288 transported_iq_bytes=1101004800 transported_frames=2100 wall_ns=27567897226 stage=metadata_build count=2100 total_ns=1258981442 max_ns=3976134
SPF_IIOD_TIMING_V1 snapshot=1 dev=cf-ad9361-lpc metadata=1 burst=0 ring=0 direct=0 frame_iq_bytes=524288 transported_iq_bytes=1101004800 transported_frames=2100 wall_ns=27567897226 stage=transport_frame count=2100 total_ns=20879656780 max_ns=16527420
SPF_IIOD_TIMING_V1 snapshot=1 dev=cf-ad9361-lpc metadata=1 burst=0 ring=0 direct=0 frame_iq_bytes=524288 transported_iq_bytes=1101004800 transported_frames=2100 wall_ns=27567897226 stage=transport_iq count=2100 total_ns=18869688675 max_ns=15234654
SPF_IIOD_TIMING_V1 snapshot=1 dev=cf-ad9361-lpc metadata=1 burst=0 ring=0 direct=0 frame_iq_bytes=524288 transported_iq_bytes=1153433600 transported_frames=2200 wall_ns=28861025638 stage=sampler_admit count=2200 total_ns=922160320 max_ns=5666466
SPF_IIOD_TIMING_V1 snapshot=1 dev=cf-ad9361-lpc metadata=1 burst=0 ring=0 direct=0 frame_iq_bytes=524288 transported_iq_bytes=1153433600 transported_frames=2200 wall_ns=28861025638 stage=dma_refill count=2200 total_ns=200389406 max_ns=2967102
SPF_IIOD_TIMING_V1 snapshot=1 dev=cf-ad9361-lpc metadata=1 burst=0 ring=0 direct=0 frame_iq_bytes=524288 transported_iq_bytes=1153433600 transported_frames=2200 wall_ns=28861025638 stage=sampler_finish count=2200 total_ns=2718557467 max_ns=5551782
SPF_IIOD_TIMING_V1 snapshot=1 dev=cf-ad9361-lpc metadata=1 burst=0 ring=0 direct=0 frame_iq_bytes=524288 transported_iq_bytes=1153433600 transported_frames=2200 wall_ns=28861025638 stage=metadata_build count=2200 total_ns=1319848247 max_ns=3976134
SPF_IIOD_TIMING_V1 snapshot=1 dev=cf-ad9361-lpc metadata=1 burst=0 ring=0 direct=0 frame_iq_bytes=524288 transported_iq_bytes=1153433600 transported_frames=2200 wall_ns=28861025638 stage=transport_frame count=2200 total_ns=21855498087 max_ns=16527420
SPF_IIOD_TIMING_V1 snapshot=1 dev=cf-ad9361-lpc metadata=1 burst=0 ring=0 direct=0 frame_iq_bytes=524288 transported_iq_bytes=1153433600 transported_frames=2200 wall_ns=28861025638 stage=transport_iq count=2200 total_ns=19749819777 max_ns=15234654
SPF_IIOD_TIMING_V1 snapshot=1 dev=cf-ad9361-lpc metadata=1 burst=0 ring=0 direct=0 frame_iq_bytes=524288 transported_iq_bytes=1205862400 transported_frames=2300 wall_ns=30184093782 stage=sampler_admit count=2300 total_ns=972169294 max_ns=5666466
SPF_IIOD_TIMING_V1 snapshot=1 dev=cf-ad9361-lpc metadata=1 burst=0 ring=0 direct=0 frame_iq_bytes=524288 transported_iq_bytes=1205862400 transported_frames=2300 wall_ns=30184093782 stage=dma_refill count=2300 total_ns=207938763 max_ns=2967102
SPF_IIOD_TIMING_V1 snapshot=1 dev=cf-ad9361-lpc metadata=1 burst=0 ring=0 direct=0 frame_iq_bytes=524288 transported_iq_bytes=1205862400 transported_frames=2300 wall_ns=30184093782 stage=sampler_finish count=2300 total_ns=2842831551 max_ns=5551782
SPF_IIOD_TIMING_V1 snapshot=1 dev=cf-ad9361-lpc metadata=1 burst=0 ring=0 direct=0 frame_iq_bytes=524288 transported_iq_bytes=1205862400 transported_frames=2300 wall_ns=30184093782 stage=metadata_build count=2300 total_ns=1379717105 max_ns=3976134
SPF_IIOD_TIMING_V1 snapshot=1 dev=cf-ad9361-lpc metadata=1 burst=0 ring=0 direct=0 frame_iq_bytes=524288 transported_iq_bytes=1205862400 transported_frames=2300 wall_ns=30184093782 stage=transport_frame count=2300 total_ns=22836954685 max_ns=16527420
SPF_IIOD_TIMING_V1 snapshot=1 dev=cf-ad9361-lpc metadata=1 burst=0 ring=0 direct=0 frame_iq_bytes=524288 transported_iq_bytes=1205862400 transported_frames=2300 wall_ns=30184093782 stage=transport_iq count=2300 total_ns=20636270395 max_ns=15234654
SPF_IIOD_TIMING_V1 snapshot=1 dev=cf-ad9361-lpc metadata=1 burst=0 ring=0 direct=0 frame_iq_bytes=524288 transported_iq_bytes=1258291200 transported_frames=2400 wall_ns=31456724838 stage=sampler_admit count=2400 total_ns=1014278626 max_ns=5666466
SPF_IIOD_TIMING_V1 snapshot=1 dev=cf-ad9361-lpc metadata=1 burst=0 ring=0 direct=0 frame_iq_bytes=524288 transported_iq_bytes=1258291200 transported_frames=2400 wall_ns=31456724838 stage=dma_refill count=2400 total_ns=212835213 max_ns=2967102
SPF_IIOD_TIMING_V1 snapshot=1 dev=cf-ad9361-lpc metadata=1 burst=0 ring=0 direct=0 frame_iq_bytes=524288 transported_iq_bytes=1258291200 transported_frames=2400 wall_ns=31456724838 stage=sampler_finish count=2400 total_ns=2967435256 max_ns=5551782
SPF_IIOD_TIMING_V1 snapshot=1 dev=cf-ad9361-lpc metadata=1 burst=0 ring=0 direct=0 frame_iq_bytes=524288 transported_iq_bytes=1258291200 transported_frames=2400 wall_ns=31456724838 stage=metadata_build count=2400 total_ns=1439531237 max_ns=3976134
SPF_IIOD_TIMING_V1 snapshot=1 dev=cf-ad9361-lpc metadata=1 burst=0 ring=0 direct=0 frame_iq_bytes=524288 transported_iq_bytes=1258291200 transported_frames=2400 wall_ns=31456724838 stage=transport_frame count=2400 total_ns=23831233836 max_ns=16527420
SPF_IIOD_TIMING_V1 snapshot=1 dev=cf-ad9361-lpc metadata=1 burst=0 ring=0 direct=0 frame_iq_bytes=524288 transported_iq_bytes=1258291200 transported_frames=2400 wall_ns=31456724838 stage=transport_iq count=2400 total_ns=21534456798 max_ns=15234654
SPF_IIOD_TIMING_V1 snapshot=1 dev=cf-ad9361-lpc metadata=1 burst=0 ring=0 direct=0 frame_iq_bytes=524288 transported_iq_bytes=1310720000 transported_frames=2500 wall_ns=32774255125 stage=sampler_admit count=2500 total_ns=1058315146 max_ns=5666466
SPF_IIOD_TIMING_V1 snapshot=1 dev=cf-ad9361-lpc metadata=1 burst=0 ring=0 direct=0 frame_iq_bytes=524288 transported_iq_bytes=1310720000 transported_frames=2500 wall_ns=32774255125 stage=dma_refill count=2500 total_ns=220433625 max_ns=2967102
SPF_IIOD_TIMING_V1 snapshot=1 dev=cf-ad9361-lpc metadata=1 burst=0 ring=0 direct=0 frame_iq_bytes=524288 transported_iq_bytes=1310720000 transported_frames=2500 wall_ns=32774255125 stage=sampler_finish count=2500 total_ns=3088515436 max_ns=5551782
SPF_IIOD_TIMING_V1 snapshot=1 dev=cf-ad9361-lpc metadata=1 burst=0 ring=0 direct=0 frame_iq_bytes=524288 transported_iq_bytes=1310720000 transported_frames=2500 wall_ns=32774255125 stage=metadata_build count=2500 total_ns=1499570675 max_ns=3976134
SPF_IIOD_TIMING_V1 snapshot=1 dev=cf-ad9361-lpc metadata=1 burst=0 ring=0 direct=0 frame_iq_bytes=524288 transported_iq_bytes=1310720000 transported_frames=2500 wall_ns=32774255125 stage=transport_frame count=2500 total_ns=24818349244 max_ns=16527420
SPF_IIOD_TIMING_V1 snapshot=1 dev=cf-ad9361-lpc metadata=1 burst=0 ring=0 direct=0 frame_iq_bytes=524288 transported_iq_bytes=1310720000 transported_frames=2500 wall_ns=32774255125 stage=transport_iq count=2500 total_ns=22426474186 max_ns=15234654
SPF_IIOD_TIMING_V1 snapshot=1 dev=cf-ad9361-lpc metadata=1 burst=0 ring=0 direct=0 frame_iq_bytes=524288 transported_iq_bytes=1363148800 transported_frames=2600 wall_ns=34106559387 stage=sampler_admit count=2600 total_ns=1098023387 max_ns=5666466
SPF_IIOD_TIMING_V1 snapshot=1 dev=cf-ad9361-lpc metadata=1 burst=0 ring=0 direct=0 frame_iq_bytes=524288 transported_iq_bytes=1363148800 transported_frames=2600 wall_ns=34106559387 stage=dma_refill count=2600 total_ns=225077451 max_ns=2967102
SPF_IIOD_TIMING_V1 snapshot=1 dev=cf-ad9361-lpc metadata=1 burst=0 ring=0 direct=0 frame_iq_bytes=524288 transported_iq_bytes=1363148800 transported_frames=2600 wall_ns=34106559387 stage=sampler_finish count=2600 total_ns=3217536797 max_ns=5551782
SPF_IIOD_TIMING_V1 snapshot=1 dev=cf-ad9361-lpc metadata=1 burst=0 ring=0 direct=0 frame_iq_bytes=524288 transported_iq_bytes=1363148800 transported_frames=2600 wall_ns=34106559387 stage=metadata_build count=2600 total_ns=1559221223 max_ns=3976134
SPF_IIOD_TIMING_V1 snapshot=1 dev=cf-ad9361-lpc metadata=1 burst=0 ring=0 direct=0 frame_iq_bytes=524288 transported_iq_bytes=1363148800 transported_frames=2600 wall_ns=34106559387 stage=transport_frame count=2600 total_ns=25813453824 max_ns=16527420
SPF_IIOD_TIMING_V1 snapshot=1 dev=cf-ad9361-lpc metadata=1 burst=0 ring=0 direct=0 frame_iq_bytes=524288 transported_iq_bytes=1363148800 transported_frames=2600 wall_ns=34106559387 stage=transport_iq count=2600 total_ns=23326027236 max_ns=15234654
SPF_IIOD_TIMING_V1 snapshot=1 dev=cf-ad9361-lpc metadata=1 burst=0 ring=0 direct=0 frame_iq_bytes=524288 transported_iq_bytes=1415577600 transported_frames=2700 wall_ns=35407039798 stage=sampler_admit count=2700 total_ns=1145295744 max_ns=5666466
SPF_IIOD_TIMING_V1 snapshot=1 dev=cf-ad9361-lpc metadata=1 burst=0 ring=0 direct=0 frame_iq_bytes=524288 transported_iq_bytes=1415577600 transported_frames=2700 wall_ns=35407039798 stage=dma_refill count=2700 total_ns=233876085 max_ns=2967102
SPF_IIOD_TIMING_V1 snapshot=1 dev=cf-ad9361-lpc metadata=1 burst=0 ring=0 direct=0 frame_iq_bytes=524288 transported_iq_bytes=1415577600 transported_frames=2700 wall_ns=35407039798 stage=sampler_finish count=2700 total_ns=3336662820 max_ns=5551782
SPF_IIOD_TIMING_V1 snapshot=1 dev=cf-ad9361-lpc metadata=1 burst=0 ring=0 direct=0 frame_iq_bytes=524288 transported_iq_bytes=1415577600 transported_frames=2700 wall_ns=35407039798 stage=metadata_build count=2700 total_ns=1618963949 max_ns=3976134
SPF_IIOD_TIMING_V1 snapshot=1 dev=cf-ad9361-lpc metadata=1 burst=0 ring=0 direct=0 frame_iq_bytes=524288 transported_iq_bytes=1415577600 transported_frames=2700 wall_ns=35407039798 stage=transport_frame count=2700 total_ns=26787457451 max_ns=16527420
SPF_IIOD_TIMING_V1 snapshot=1 dev=cf-ad9361-lpc metadata=1 burst=0 ring=0 direct=0 frame_iq_bytes=524288 transported_iq_bytes=1415577600 transported_frames=2700 wall_ns=35407039798 stage=transport_iq count=2700 total_ns=24205499146 max_ns=15234654
SPF_IIOD_TIMING_V1 snapshot=1 dev=cf-ad9361-lpc metadata=1 burst=0 ring=0 direct=0 frame_iq_bytes=524288 transported_iq_bytes=1468006400 transported_frames=2800 wall_ns=36749148053 stage=sampler_admit count=2800 total_ns=1189314829 max_ns=5666466
SPF_IIOD_TIMING_V1 snapshot=1 dev=cf-ad9361-lpc metadata=1 burst=0 ring=0 direct=0 frame_iq_bytes=524288 transported_iq_bytes=1468006400 transported_frames=2800 wall_ns=36749148053 stage=dma_refill count=2800 total_ns=240940989 max_ns=2967102
SPF_IIOD_TIMING_V1 snapshot=1 dev=cf-ad9361-lpc metadata=1 burst=0 ring=0 direct=0 frame_iq_bytes=524288 transported_iq_bytes=1468006400 transported_frames=2800 wall_ns=36749148053 stage=sampler_finish count=2800 total_ns=3460797132 max_ns=5551782
SPF_IIOD_TIMING_V1 snapshot=1 dev=cf-ad9361-lpc metadata=1 burst=0 ring=0 direct=0 frame_iq_bytes=524288 transported_iq_bytes=1468006400 transported_frames=2800 wall_ns=36749148053 stage=metadata_build count=2800 total_ns=1678635078 max_ns=3976134
SPF_IIOD_TIMING_V1 snapshot=1 dev=cf-ad9361-lpc metadata=1 burst=0 ring=0 direct=0 frame_iq_bytes=524288 transported_iq_bytes=1468006400 transported_frames=2800 wall_ns=36749148053 stage=transport_frame count=2800 total_ns=27779700214 max_ns=16527420
SPF_IIOD_TIMING_V1 snapshot=1 dev=cf-ad9361-lpc metadata=1 burst=0 ring=0 direct=0 frame_iq_bytes=524288 transported_iq_bytes=1468006400 transported_frames=2800 wall_ns=36749148053 stage=transport_iq count=2800 total_ns=25103019212 max_ns=15234654
SPF_IIOD_TIMING_V1 snapshot=1 dev=cf-ad9361-lpc metadata=1 burst=0 ring=0 direct=0 frame_iq_bytes=524288 transported_iq_bytes=1520435200 transported_frames=2900 wall_ns=38099023758 stage=sampler_admit count=2900 total_ns=1238213407 max_ns=5666466
SPF_IIOD_TIMING_V1 snapshot=1 dev=cf-ad9361-lpc metadata=1 burst=0 ring=0 direct=0 frame_iq_bytes=524288 transported_iq_bytes=1520435200 transported_frames=2900 wall_ns=38099023758 stage=dma_refill count=2900 total_ns=245630253 max_ns=2967102
SPF_IIOD_TIMING_V1 snapshot=1 dev=cf-ad9361-lpc metadata=1 burst=0 ring=0 direct=0 frame_iq_bytes=524288 transported_iq_bytes=1520435200 transported_frames=2900 wall_ns=38099023758 stage=sampler_finish count=2900 total_ns=3582872665 max_ns=5551782
SPF_IIOD_TIMING_V1 snapshot=1 dev=cf-ad9361-lpc metadata=1 burst=0 ring=0 direct=0 frame_iq_bytes=524288 transported_iq_bytes=1520435200 transported_frames=2900 wall_ns=38099023758 stage=metadata_build count=2900 total_ns=1738854618 max_ns=3976134
SPF_IIOD_TIMING_V1 snapshot=1 dev=cf-ad9361-lpc metadata=1 burst=0 ring=0 direct=0 frame_iq_bytes=524288 transported_iq_bytes=1520435200 transported_frames=2900 wall_ns=38099023758 stage=transport_frame count=2900 total_ns=28789213108 max_ns=16527420
SPF_IIOD_TIMING_V1 snapshot=1 dev=cf-ad9361-lpc metadata=1 burst=0 ring=0 direct=0 frame_iq_bytes=524288 transported_iq_bytes=1520435200 transported_frames=2900 wall_ns=38099023758 stage=transport_iq count=2900 total_ns=26017343797 max_ns=15234654
SPF_IIOD_TIMING_V1 snapshot=1 dev=cf-ad9361-lpc metadata=1 burst=0 ring=0 direct=0 frame_iq_bytes=524288 transported_iq_bytes=1572864000 transported_frames=3000 wall_ns=39433225976 stage=sampler_admit count=3000 total_ns=1282236721 max_ns=5666466
SPF_IIOD_TIMING_V1 snapshot=1 dev=cf-ad9361-lpc metadata=1 burst=0 ring=0 direct=0 frame_iq_bytes=524288 transported_iq_bytes=1572864000 transported_frames=3000 wall_ns=39433225976 stage=dma_refill count=3000 total_ns=250646931 max_ns=2967102
SPF_IIOD_TIMING_V1 snapshot=1 dev=cf-ad9361-lpc metadata=1 burst=0 ring=0 direct=0 frame_iq_bytes=524288 transported_iq_bytes=1572864000 transported_frames=3000 wall_ns=39433225976 stage=sampler_finish count=3000 total_ns=3711643586 max_ns=5551782
SPF_IIOD_TIMING_V1 snapshot=1 dev=cf-ad9361-lpc metadata=1 burst=0 ring=0 direct=0 frame_iq_bytes=524288 transported_iq_bytes=1572864000 transported_frames=3000 wall_ns=39433225976 stage=metadata_build count=3000 total_ns=1798544340 max_ns=3976134
SPF_IIOD_TIMING_V1 snapshot=1 dev=cf-ad9361-lpc metadata=1 burst=0 ring=0 direct=0 frame_iq_bytes=524288 transported_iq_bytes=1572864000 transported_frames=3000 wall_ns=39433225976 stage=transport_frame count=3000 total_ns=29792012958 max_ns=16527420
SPF_IIOD_TIMING_V1 snapshot=1 dev=cf-ad9361-lpc metadata=1 burst=0 ring=0 direct=0 frame_iq_bytes=524288 transported_iq_bytes=1572864000 transported_frames=3000 wall_ns=39433225976 stage=transport_iq count=3000 total_ns=26924993511 max_ns=15234654
SPF_IIOD_TIMING_V1 snapshot=1 dev=cf-ad9361-lpc metadata=1 burst=0 ring=0 direct=0 frame_iq_bytes=524288 transported_iq_bytes=1625292800 transported_frames=3100 wall_ns=40732323728 stage=sampler_admit count=3100 total_ns=1326255104 max_ns=5666466
SPF_IIOD_TIMING_V1 snapshot=1 dev=cf-ad9361-lpc metadata=1 burst=0 ring=0 direct=0 frame_iq_bytes=524288 transported_iq_bytes=1625292800 transported_frames=3100 wall_ns=40732323728 stage=dma_refill count=3100 total_ns=255409353 max_ns=2967102
SPF_IIOD_TIMING_V1 snapshot=1 dev=cf-ad9361-lpc metadata=1 burst=0 ring=0 direct=0 frame_iq_bytes=524288 transported_iq_bytes=1625292800 transported_frames=3100 wall_ns=40732323728 stage=sampler_finish count=3100 total_ns=3836328482 max_ns=5551782
SPF_IIOD_TIMING_V1 snapshot=1 dev=cf-ad9361-lpc metadata=1 burst=0 ring=0 direct=0 frame_iq_bytes=524288 transported_iq_bytes=1625292800 transported_frames=3100 wall_ns=40732323728 stage=metadata_build count=3100 total_ns=1858472352 max_ns=3976134
SPF_IIOD_TIMING_V1 snapshot=1 dev=cf-ad9361-lpc metadata=1 burst=0 ring=0 direct=0 frame_iq_bytes=524288 transported_iq_bytes=1625292800 transported_frames=3100 wall_ns=40732323728 stage=transport_frame count=3100 total_ns=30789590732 max_ns=16527420
SPF_IIOD_TIMING_V1 snapshot=1 dev=cf-ad9361-lpc metadata=1 burst=0 ring=0 direct=0 frame_iq_bytes=524288 transported_iq_bytes=1625292800 transported_frames=3100 wall_ns=40732323728 stage=transport_iq count=3100 total_ns=27826980107 max_ns=15234654
SPF_IIOD_TIMING_V1 snapshot=1 dev=cf-ad9361-lpc metadata=1 burst=0 ring=0 direct=0 frame_iq_bytes=524288 transported_iq_bytes=1677721600 transported_frames=3200 wall_ns=42026227137 stage=sampler_admit count=3200 total_ns=1364812557 max_ns=5666466
SPF_IIOD_TIMING_V1 snapshot=1 dev=cf-ad9361-lpc metadata=1 burst=0 ring=0 direct=0 frame_iq_bytes=524288 transported_iq_bytes=1677721600 transported_frames=3200 wall_ns=42026227137 stage=dma_refill count=3200 total_ns=260186931 max_ns=2967102
SPF_IIOD_TIMING_V1 snapshot=1 dev=cf-ad9361-lpc metadata=1 burst=0 ring=0 direct=0 frame_iq_bytes=524288 transported_iq_bytes=1677721600 transported_frames=3200 wall_ns=42026227137 stage=sampler_finish count=3200 total_ns=3961294053 max_ns=5551782
SPF_IIOD_TIMING_V1 snapshot=1 dev=cf-ad9361-lpc metadata=1 burst=0 ring=0 direct=0 frame_iq_bytes=524288 transported_iq_bytes=1677721600 transported_frames=3200 wall_ns=42026227137 stage=metadata_build count=3200 total_ns=1918358286 max_ns=3976134
SPF_IIOD_TIMING_V1 snapshot=1 dev=cf-ad9361-lpc metadata=1 burst=0 ring=0 direct=0 frame_iq_bytes=524288 transported_iq_bytes=1677721600 transported_frames=3200 wall_ns=42026227137 stage=transport_frame count=3200 total_ns=31785658302 max_ns=16527420
SPF_IIOD_TIMING_V1 snapshot=1 dev=cf-ad9361-lpc metadata=1 burst=0 ring=0 direct=0 frame_iq_bytes=524288 transported_iq_bytes=1677721600 transported_frames=3200 wall_ns=42026227137 stage=transport_iq count=3200 total_ns=28727386447 max_ns=15234654
SPF_IIOD_TIMING_V1 snapshot=1 dev=cf-ad9361-lpc metadata=1 burst=0 ring=0 direct=0 frame_iq_bytes=524288 transported_iq_bytes=1730150400 transported_frames=3300 wall_ns=43313398684 stage=sampler_admit count=3300 total_ns=1405366071 max_ns=5666466
SPF_IIOD_TIMING_V1 snapshot=1 dev=cf-ad9361-lpc metadata=1 burst=0 ring=0 direct=0 frame_iq_bytes=524288 transported_iq_bytes=1730150400 transported_frames=3300 wall_ns=43313398684 stage=dma_refill count=3300 total_ns=265065519 max_ns=2967102
SPF_IIOD_TIMING_V1 snapshot=1 dev=cf-ad9361-lpc metadata=1 burst=0 ring=0 direct=0 frame_iq_bytes=524288 transported_iq_bytes=1730150400 transported_frames=3300 wall_ns=43313398684 stage=sampler_finish count=3300 total_ns=4086099256 max_ns=5551782
SPF_IIOD_TIMING_V1 snapshot=1 dev=cf-ad9361-lpc metadata=1 burst=0 ring=0 direct=0 frame_iq_bytes=524288 transported_iq_bytes=1730150400 transported_frames=3300 wall_ns=43313398684 stage=metadata_build count=3300 total_ns=1978376466 max_ns=3976134
SPF_IIOD_TIMING_V1 snapshot=1 dev=cf-ad9361-lpc metadata=1 burst=0 ring=0 direct=0 frame_iq_bytes=524288 transported_iq_bytes=1730150400 transported_frames=3300 wall_ns=43313398684 stage=transport_frame count=3300 total_ns=32781956606 max_ns=16527420
SPF_IIOD_TIMING_V1 snapshot=1 dev=cf-ad9361-lpc metadata=1 burst=0 ring=0 direct=0 frame_iq_bytes=524288 transported_iq_bytes=1730150400 transported_frames=3300 wall_ns=43313398684 stage=transport_iq count=3300 total_ns=29627689647 max_ns=15234654
SPF_IIOD_TIMING_V1 snapshot=1 dev=cf-ad9361-lpc metadata=1 burst=0 ring=0 direct=0 frame_iq_bytes=524288 transported_iq_bytes=1782579200 transported_frames=3400 wall_ns=44600163209 stage=sampler_admit count=3400 total_ns=1451241627 max_ns=5666466
SPF_IIOD_TIMING_V1 snapshot=1 dev=cf-ad9361-lpc metadata=1 burst=0 ring=0 direct=0 frame_iq_bytes=524288 transported_iq_bytes=1782579200 transported_frames=3400 wall_ns=44600163209 stage=dma_refill count=3400 total_ns=274785375 max_ns=2967102
SPF_IIOD_TIMING_V1 snapshot=1 dev=cf-ad9361-lpc metadata=1 burst=0 ring=0 direct=0 frame_iq_bytes=524288 transported_iq_bytes=1782579200 transported_frames=3400 wall_ns=44600163209 stage=sampler_finish count=3400 total_ns=4204897436 max_ns=5551782
SPF_IIOD_TIMING_V1 snapshot=1 dev=cf-ad9361-lpc metadata=1 burst=0 ring=0 direct=0 frame_iq_bytes=524288 transported_iq_bytes=1782579200 transported_frames=3400 wall_ns=44600163209 stage=metadata_build count=3400 total_ns=2038483992 max_ns=3976134
SPF_IIOD_TIMING_V1 snapshot=1 dev=cf-ad9361-lpc metadata=1 burst=0 ring=0 direct=0 frame_iq_bytes=524288 transported_iq_bytes=1782579200 transported_frames=3400 wall_ns=44600163209 stage=transport_frame count=3400 total_ns=33750552262 max_ns=16527420
SPF_IIOD_TIMING_V1 snapshot=1 dev=cf-ad9361-lpc metadata=1 burst=0 ring=0 direct=0 frame_iq_bytes=524288 transported_iq_bytes=1782579200 transported_frames=3400 wall_ns=44600163209 stage=transport_iq count=3400 total_ns=30501417485 max_ns=15234654
SPF_IIOD_TIMING_V1 snapshot=1 dev=cf-ad9361-lpc metadata=1 burst=0 ring=0 direct=0 frame_iq_bytes=524288 transported_iq_bytes=1835008000 transported_frames=3500 wall_ns=45900856368 stage=sampler_admit count=3500 total_ns=1492292091 max_ns=5666466
SPF_IIOD_TIMING_V1 snapshot=1 dev=cf-ad9361-lpc metadata=1 burst=0 ring=0 direct=0 frame_iq_bytes=524288 transported_iq_bytes=1835008000 transported_frames=3500 wall_ns=45900856368 stage=dma_refill count=3500 total_ns=280500693 max_ns=2967102
SPF_IIOD_TIMING_V1 snapshot=1 dev=cf-ad9361-lpc metadata=1 burst=0 ring=0 direct=0 frame_iq_bytes=524288 transported_iq_bytes=1835008000 transported_frames=3500 wall_ns=45900856368 stage=sampler_finish count=3500 total_ns=4332552226 max_ns=5551782
SPF_IIOD_TIMING_V1 snapshot=1 dev=cf-ad9361-lpc metadata=1 burst=0 ring=0 direct=0 frame_iq_bytes=524288 transported_iq_bytes=1835008000 transported_frames=3500 wall_ns=45900856368 stage=metadata_build count=3500 total_ns=2098544701 max_ns=3976134
SPF_IIOD_TIMING_V1 snapshot=1 dev=cf-ad9361-lpc metadata=1 burst=0 ring=0 direct=0 frame_iq_bytes=524288 transported_iq_bytes=1835008000 transported_frames=3500 wall_ns=45900856368 stage=transport_frame count=3500 total_ns=34736732239 max_ns=16527420
SPF_IIOD_TIMING_V1 snapshot=1 dev=cf-ad9361-lpc metadata=1 burst=0 ring=0 direct=0 frame_iq_bytes=524288 transported_iq_bytes=1835008000 transported_frames=3500 wall_ns=45900856368 stage=transport_iq count=3500 total_ns=31392267715 max_ns=15234654
SPF_IIOD_TIMING_V1 snapshot=1 dev=cf-ad9361-lpc metadata=1 burst=0 ring=0 direct=0 frame_iq_bytes=524288 transported_iq_bytes=1887436800 transported_frames=3600 wall_ns=47206220581 stage=sampler_admit count=3600 total_ns=1534254057 max_ns=5666466
SPF_IIOD_TIMING_V1 snapshot=1 dev=cf-ad9361-lpc metadata=1 burst=0 ring=0 direct=0 frame_iq_bytes=524288 transported_iq_bytes=1887436800 transported_frames=3600 wall_ns=47206220581 stage=dma_refill count=3600 total_ns=285517467 max_ns=2967102
SPF_IIOD_TIMING_V1 snapshot=1 dev=cf-ad9361-lpc metadata=1 burst=0 ring=0 direct=0 frame_iq_bytes=524288 transported_iq_bytes=1887436800 transported_frames=3600 wall_ns=47206220581 stage=sampler_finish count=3600 total_ns=4458358787 max_ns=5551782
SPF_IIOD_TIMING_V1 snapshot=1 dev=cf-ad9361-lpc metadata=1 burst=0 ring=0 direct=0 frame_iq_bytes=524288 transported_iq_bytes=1887436800 transported_frames=3600 wall_ns=47206220581 stage=metadata_build count=3600 total_ns=2158557062 max_ns=3976134
SPF_IIOD_TIMING_V1 snapshot=1 dev=cf-ad9361-lpc metadata=1 burst=0 ring=0 direct=0 frame_iq_bytes=524288 transported_iq_bytes=1887436800 transported_frames=3600 wall_ns=47206220581 stage=transport_frame count=3600 total_ns=35732554303 max_ns=16527420
SPF_IIOD_TIMING_V1 snapshot=1 dev=cf-ad9361-lpc metadata=1 burst=0 ring=0 direct=0 frame_iq_bytes=524288 transported_iq_bytes=1887436800 transported_frames=3600 wall_ns=47206220581 stage=transport_iq count=3600 total_ns=32292067272 max_ns=15234654
SPF_IIOD_TIMING_V1 snapshot=1 dev=cf-ad9361-lpc metadata=1 burst=0 ring=0 direct=0 frame_iq_bytes=524288 transported_iq_bytes=1939865600 transported_frames=3700 wall_ns=48529909526 stage=sampler_admit count=3700 total_ns=1574135074 max_ns=5666466
SPF_IIOD_TIMING_V1 snapshot=1 dev=cf-ad9361-lpc metadata=1 burst=0 ring=0 direct=0 frame_iq_bytes=524288 transported_iq_bytes=1939865600 transported_frames=3700 wall_ns=48529909526 stage=dma_refill count=3700 total_ns=290110504 max_ns=2967102
SPF_IIOD_TIMING_V1 snapshot=1 dev=cf-ad9361-lpc metadata=1 burst=0 ring=0 direct=0 frame_iq_bytes=524288 transported_iq_bytes=1939865600 transported_frames=3700 wall_ns=48529909526 stage=sampler_finish count=3700 total_ns=4584489894 max_ns=5551782
SPF_IIOD_TIMING_V1 snapshot=1 dev=cf-ad9361-lpc metadata=1 burst=0 ring=0 direct=0 frame_iq_bytes=524288 transported_iq_bytes=1939865600 transported_frames=3700 wall_ns=48529909526 stage=metadata_build count=3700 total_ns=2218278507 max_ns=3976134
SPF_IIOD_TIMING_V1 snapshot=1 dev=cf-ad9361-lpc metadata=1 burst=0 ring=0 direct=0 frame_iq_bytes=524288 transported_iq_bytes=1939865600 transported_frames=3700 wall_ns=48529909526 stage=transport_frame count=3700 total_ns=36727047585 max_ns=16527420
SPF_IIOD_TIMING_V1 snapshot=1 dev=cf-ad9361-lpc metadata=1 burst=0 ring=0 direct=0 frame_iq_bytes=524288 transported_iq_bytes=1939865600 transported_frames=3700 wall_ns=48529909526 stage=transport_iq count=3700 total_ns=33190963051 max_ns=15234654
SPF_IIOD_TIMING_V1 snapshot=1 dev=cf-ad9361-lpc metadata=1 burst=0 ring=0 direct=0 frame_iq_bytes=524288 transported_iq_bytes=1992294400 transported_frames=3800 wall_ns=49788799994 stage=sampler_admit count=3800 total_ns=1615535152 max_ns=5666466
SPF_IIOD_TIMING_V1 snapshot=1 dev=cf-ad9361-lpc metadata=1 burst=0 ring=0 direct=0 frame_iq_bytes=524288 transported_iq_bytes=1992294400 transported_frames=3800 wall_ns=49788799994 stage=dma_refill count=3800 total_ns=295139332 max_ns=2967102
SPF_IIOD_TIMING_V1 snapshot=1 dev=cf-ad9361-lpc metadata=1 burst=0 ring=0 direct=0 frame_iq_bytes=524288 transported_iq_bytes=1992294400 transported_frames=3800 wall_ns=49788799994 stage=sampler_finish count=3800 total_ns=4706923386 max_ns=5551782
SPF_IIOD_TIMING_V1 snapshot=1 dev=cf-ad9361-lpc metadata=1 burst=0 ring=0 direct=0 frame_iq_bytes=524288 transported_iq_bytes=1992294400 transported_frames=3800 wall_ns=49788799994 stage=metadata_build count=3800 total_ns=2277915508 max_ns=3976134
SPF_IIOD_TIMING_V1 snapshot=1 dev=cf-ad9361-lpc metadata=1 burst=0 ring=0 direct=0 frame_iq_bytes=524288 transported_iq_bytes=1992294400 transported_frames=3800 wall_ns=49788799994 stage=transport_frame count=3800 total_ns=37717341380 max_ns=16527420
SPF_IIOD_TIMING_V1 snapshot=1 dev=cf-ad9361-lpc metadata=1 burst=0 ring=0 direct=0 frame_iq_bytes=524288 transported_iq_bytes=1992294400 transported_frames=3800 wall_ns=49788799994 stage=transport_iq count=3800 total_ns=34085694761 max_ns=15234654
SPF_IIOD_TIMING_V1 snapshot=1 dev=cf-ad9361-lpc metadata=1 burst=0 ring=0 direct=0 frame_iq_bytes=524288 transported_iq_bytes=2044723200 transported_frames=3900 wall_ns=51108114765 stage=sampler_admit count=3900 total_ns=1658230511 max_ns=5666466
SPF_IIOD_TIMING_V1 snapshot=1 dev=cf-ad9361-lpc metadata=1 burst=0 ring=0 direct=0 frame_iq_bytes=524288 transported_iq_bytes=2044723200 transported_frames=3900 wall_ns=51108114765 stage=dma_refill count=3900 total_ns=299693002 max_ns=2967102
SPF_IIOD_TIMING_V1 snapshot=1 dev=cf-ad9361-lpc metadata=1 burst=0 ring=0 direct=0 frame_iq_bytes=524288 transported_iq_bytes=2044723200 transported_frames=3900 wall_ns=51108114765 stage=sampler_finish count=3900 total_ns=4833443534 max_ns=5551782
SPF_IIOD_TIMING_V1 snapshot=1 dev=cf-ad9361-lpc metadata=1 burst=0 ring=0 direct=0 frame_iq_bytes=524288 transported_iq_bytes=2044723200 transported_frames=3900 wall_ns=51108114765 stage=metadata_build count=3900 total_ns=2337654112 max_ns=3976134
SPF_IIOD_TIMING_V1 snapshot=1 dev=cf-ad9361-lpc metadata=1 burst=0 ring=0 direct=0 frame_iq_bytes=524288 transported_iq_bytes=2044723200 transported_frames=3900 wall_ns=51108114765 stage=transport_frame count=3900 total_ns=38713640901 max_ns=16527420
SPF_IIOD_TIMING_V1 snapshot=1 dev=cf-ad9361-lpc metadata=1 burst=0 ring=0 direct=0 frame_iq_bytes=524288 transported_iq_bytes=2044723200 transported_frames=3900 wall_ns=51108114765 stage=transport_iq count=3900 total_ns=34986323718 max_ns=15234654
SPF_IIOD_TIMING_V1 snapshot=1 dev=cf-ad9361-lpc metadata=1 burst=0 ring=0 direct=0 frame_iq_bytes=524288 transported_iq_bytes=2097152000 transported_frames=4000 wall_ns=52420802591 stage=sampler_admit count=4000 total_ns=1703139264 max_ns=5666466
SPF_IIOD_TIMING_V1 snapshot=1 dev=cf-ad9361-lpc metadata=1 burst=0 ring=0 direct=0 frame_iq_bytes=524288 transported_iq_bytes=2097152000 transported_frames=4000 wall_ns=52420802591 stage=dma_refill count=4000 total_ns=305995762 max_ns=2967102
SPF_IIOD_TIMING_V1 snapshot=1 dev=cf-ad9361-lpc metadata=1 burst=0 ring=0 direct=0 frame_iq_bytes=524288 transported_iq_bytes=2097152000 transported_frames=4000 wall_ns=52420802591 stage=sampler_finish count=4000 total_ns=4957753743 max_ns=5551782
SPF_IIOD_TIMING_V1 snapshot=1 dev=cf-ad9361-lpc metadata=1 burst=0 ring=0 direct=0 frame_iq_bytes=524288 transported_iq_bytes=2097152000 transported_frames=4000 wall_ns=52420802591 stage=metadata_build count=4000 total_ns=2397579280 max_ns=3976134
SPF_IIOD_TIMING_V1 snapshot=1 dev=cf-ad9361-lpc metadata=1 burst=0 ring=0 direct=0 frame_iq_bytes=524288 transported_iq_bytes=2097152000 transported_frames=4000 wall_ns=52420802591 stage=transport_frame count=4000 total_ns=39704027167 max_ns=16527420
SPF_IIOD_TIMING_V1 snapshot=1 dev=cf-ad9361-lpc metadata=1 burst=0 ring=0 direct=0 frame_iq_bytes=524288 transported_iq_bytes=2097152000 transported_frames=4000 wall_ns=52420802591 stage=transport_iq count=4000 total_ns=35881004884 max_ns=15234654
SPF_IIOD_TIMING_V1 snapshot=1 dev=cf-ad9361-lpc metadata=1 burst=0 ring=0 direct=0 frame_iq_bytes=524288 transported_iq_bytes=2149580800 transported_frames=4100 wall_ns=53747081142 stage=sampler_admit count=4100 total_ns=1742210256 max_ns=5666466
SPF_IIOD_TIMING_V1 snapshot=1 dev=cf-ad9361-lpc metadata=1 burst=0 ring=0 direct=0 frame_iq_bytes=524288 transported_iq_bytes=2149580800 transported_frames=4100 wall_ns=53747081142 stage=dma_refill count=4100 total_ns=310554256 max_ns=2967102
SPF_IIOD_TIMING_V1 snapshot=1 dev=cf-ad9361-lpc metadata=1 burst=0 ring=0 direct=0 frame_iq_bytes=524288 transported_iq_bytes=2149580800 transported_frames=4100 wall_ns=53747081142 stage=sampler_finish count=4100 total_ns=5085814929 max_ns=5551782
SPF_IIOD_TIMING_V1 snapshot=1 dev=cf-ad9361-lpc metadata=1 burst=0 ring=0 direct=0 frame_iq_bytes=524288 transported_iq_bytes=2149580800 transported_frames=4100 wall_ns=53747081142 stage=metadata_build count=4100 total_ns=2457369869 max_ns=3976134
SPF_IIOD_TIMING_V1 snapshot=1 dev=cf-ad9361-lpc metadata=1 burst=0 ring=0 direct=0 frame_iq_bytes=524288 transported_iq_bytes=2149580800 transported_frames=4100 wall_ns=53747081142 stage=transport_frame count=4100 total_ns=40698605887 max_ns=16527420
SPF_IIOD_TIMING_V1 snapshot=1 dev=cf-ad9361-lpc metadata=1 burst=0 ring=0 direct=0 frame_iq_bytes=524288 transported_iq_bytes=2149580800 transported_frames=4100 wall_ns=53747081142 stage=transport_iq count=4100 total_ns=36779791886 max_ns=15234654
SPF_IIOD_TIMING_V1 snapshot=1 dev=cf-ad9361-lpc metadata=1 burst=0 ring=0 direct=0 frame_iq_bytes=524288 transported_iq_bytes=2202009600 transported_frames=4200 wall_ns=55079079595 stage=sampler_admit count=4200 total_ns=1781448642 max_ns=5666466
SPF_IIOD_TIMING_V1 snapshot=1 dev=cf-ad9361-lpc metadata=1 burst=0 ring=0 direct=0 frame_iq_bytes=524288 transported_iq_bytes=2202009600 transported_frames=4200 wall_ns=55079079595 stage=dma_refill count=4200 total_ns=315228328 max_ns=2967102
SPF_IIOD_TIMING_V1 snapshot=1 dev=cf-ad9361-lpc metadata=1 burst=0 ring=0 direct=0 frame_iq_bytes=524288 transported_iq_bytes=2202009600 transported_frames=4200 wall_ns=55079079595 stage=sampler_finish count=4200 total_ns=5211934905 max_ns=5551782
SPF_IIOD_TIMING_V1 snapshot=1 dev=cf-ad9361-lpc metadata=1 burst=0 ring=0 direct=0 frame_iq_bytes=524288 transported_iq_bytes=2202009600 transported_frames=4200 wall_ns=55079079595 stage=metadata_build count=4200 total_ns=2517176267 max_ns=3976134
SPF_IIOD_TIMING_V1 snapshot=1 dev=cf-ad9361-lpc metadata=1 burst=0 ring=0 direct=0 frame_iq_bytes=524288 transported_iq_bytes=2202009600 transported_frames=4200 wall_ns=55079079595 stage=transport_frame count=4200 total_ns=41697582473 max_ns=16527420
SPF_IIOD_TIMING_V1 snapshot=1 dev=cf-ad9361-lpc metadata=1 burst=0 ring=0 direct=0 frame_iq_bytes=524288 transported_iq_bytes=2202009600 transported_frames=4200 wall_ns=55079079595 stage=transport_iq count=4200 total_ns=37683435054 max_ns=15234654
SPF_IIOD_TIMING_V1 snapshot=1 dev=cf-ad9361-lpc metadata=1 burst=0 ring=0 direct=0 frame_iq_bytes=524288 transported_iq_bytes=2254438400 transported_frames=4300 wall_ns=56406152186 stage=sampler_admit count=4300 total_ns=1821628584 max_ns=5666466
SPF_IIOD_TIMING_V1 snapshot=1 dev=cf-ad9361-lpc metadata=1 burst=0 ring=0 direct=0 frame_iq_bytes=524288 transported_iq_bytes=2254438400 transported_frames=4300 wall_ns=56406152186 stage=dma_refill count=4300 total_ns=321559582 max_ns=2967102
SPF_IIOD_TIMING_V1 snapshot=1 dev=cf-ad9361-lpc metadata=1 burst=0 ring=0 direct=0 frame_iq_bytes=524288 transported_iq_bytes=2254438400 transported_frames=4300 wall_ns=56406152186 stage=sampler_finish count=4300 total_ns=5337390923 max_ns=5551782
SPF_IIOD_TIMING_V1 snapshot=1 dev=cf-ad9361-lpc metadata=1 burst=0 ring=0 direct=0 frame_iq_bytes=524288 transported_iq_bytes=2254438400 transported_frames=4300 wall_ns=56406152186 stage=metadata_build count=4300 total_ns=2576968374 max_ns=3976134
SPF_IIOD_TIMING_V1 snapshot=1 dev=cf-ad9361-lpc metadata=1 burst=0 ring=0 direct=0 frame_iq_bytes=524288 transported_iq_bytes=2254438400 transported_frames=4300 wall_ns=56406152186 stage=transport_frame count=4300 total_ns=42687844011 max_ns=16527420
SPF_IIOD_TIMING_V1 snapshot=1 dev=cf-ad9361-lpc metadata=1 burst=0 ring=0 direct=0 frame_iq_bytes=524288 transported_iq_bytes=2254438400 transported_frames=4300 wall_ns=56406152186 stage=transport_iq count=4300 total_ns=38578506705 max_ns=15234654
SPF_IIOD_TIMING_V1 snapshot=1 dev=cf-ad9361-lpc metadata=1 burst=0 ring=0 direct=0 frame_iq_bytes=524288 transported_iq_bytes=2306867200 transported_frames=4400 wall_ns=57697611453 stage=sampler_admit count=4400 total_ns=1859857818 max_ns=5666466
SPF_IIOD_TIMING_V1 snapshot=1 dev=cf-ad9361-lpc metadata=1 burst=0 ring=0 direct=0 frame_iq_bytes=524288 transported_iq_bytes=2306867200 transported_frames=4400 wall_ns=57697611453 stage=dma_refill count=4400 total_ns=326261836 max_ns=2967102
SPF_IIOD_TIMING_V1 snapshot=1 dev=cf-ad9361-lpc metadata=1 burst=0 ring=0 direct=0 frame_iq_bytes=524288 transported_iq_bytes=2306867200 transported_frames=4400 wall_ns=57697611453 stage=sampler_finish count=4400 total_ns=5462269356 max_ns=5551782
SPF_IIOD_TIMING_V1 snapshot=1 dev=cf-ad9361-lpc metadata=1 burst=0 ring=0 direct=0 frame_iq_bytes=524288 transported_iq_bytes=2306867200 transported_frames=4400 wall_ns=57697611453 stage=metadata_build count=4400 total_ns=2636789690 max_ns=3976134
SPF_IIOD_TIMING_V1 snapshot=1 dev=cf-ad9361-lpc metadata=1 burst=0 ring=0 direct=0 frame_iq_bytes=524288 transported_iq_bytes=2306867200 transported_frames=4400 wall_ns=57697611453 stage=transport_frame count=4400 total_ns=43682406919 max_ns=16527420
SPF_IIOD_TIMING_V1 snapshot=1 dev=cf-ad9361-lpc metadata=1 burst=0 ring=0 direct=0 frame_iq_bytes=524288 transported_iq_bytes=2306867200 transported_frames=4400 wall_ns=57697611453 stage=transport_iq count=4400 total_ns=39477509657 max_ns=15234654
SPF_IIOD_TIMING_V1 snapshot=1 dev=cf-ad9361-lpc metadata=1 burst=0 ring=0 direct=0 frame_iq_bytes=524288 transported_iq_bytes=2359296000 transported_frames=4500 wall_ns=58995851182 stage=sampler_admit count=4500 total_ns=1901029740 max_ns=5666466
SPF_IIOD_TIMING_V1 snapshot=1 dev=cf-ad9361-lpc metadata=1 burst=0 ring=0 direct=0 frame_iq_bytes=524288 transported_iq_bytes=2359296000 transported_frames=4500 wall_ns=58995851182 stage=dma_refill count=4500 total_ns=331490356 max_ns=2967102
SPF_IIOD_TIMING_V1 snapshot=1 dev=cf-ad9361-lpc metadata=1 burst=0 ring=0 direct=0 frame_iq_bytes=524288 transported_iq_bytes=2359296000 transported_frames=4500 wall_ns=58995851182 stage=sampler_finish count=4500 total_ns=5583681283 max_ns=5551782
SPF_IIOD_TIMING_V1 snapshot=1 dev=cf-ad9361-lpc metadata=1 burst=0 ring=0 direct=0 frame_iq_bytes=524288 transported_iq_bytes=2359296000 transported_frames=4500 wall_ns=58995851182 stage=metadata_build count=4500 total_ns=2697878576 max_ns=3976134
SPF_IIOD_TIMING_V1 snapshot=1 dev=cf-ad9361-lpc metadata=1 burst=0 ring=0 direct=0 frame_iq_bytes=524288 transported_iq_bytes=2359296000 transported_frames=4500 wall_ns=58995851182 stage=transport_frame count=4500 total_ns=44700058986 max_ns=16527420
SPF_IIOD_TIMING_V1 snapshot=1 dev=cf-ad9361-lpc metadata=1 burst=0 ring=0 direct=0 frame_iq_bytes=524288 transported_iq_bytes=2359296000 transported_frames=4500 wall_ns=58995851182 stage=transport_iq count=4500 total_ns=40397514508 max_ns=15234654
SPF_IIOD_TIMING_V1 snapshot=1 dev=cf-ad9361-lpc metadata=1 burst=0 ring=0 direct=0 frame_iq_bytes=524288 transported_iq_bytes=2411724800 transported_frames=4600 wall_ns=60287590391 stage=sampler_admit count=4600 total_ns=1938422347 max_ns=5666466
SPF_IIOD_TIMING_V1 snapshot=1 dev=cf-ad9361-lpc metadata=1 burst=0 ring=0 direct=0 frame_iq_bytes=524288 transported_iq_bytes=2411724800 transported_frames=4600 wall_ns=60287590391 stage=dma_refill count=4600 total_ns=336152446 max_ns=2967102
SPF_IIOD_TIMING_V1 snapshot=1 dev=cf-ad9361-lpc metadata=1 burst=0 ring=0 direct=0 frame_iq_bytes=524288 transported_iq_bytes=2411724800 transported_frames=4600 wall_ns=60287590391 stage=sampler_finish count=4600 total_ns=5709822754 max_ns=5551782
SPF_IIOD_TIMING_V1 snapshot=1 dev=cf-ad9361-lpc metadata=1 burst=0 ring=0 direct=0 frame_iq_bytes=524288 transported_iq_bytes=2411724800 transported_frames=4600 wall_ns=60287590391 stage=metadata_build count=4600 total_ns=2757285752 max_ns=3976134
SPF_IIOD_TIMING_V1 snapshot=1 dev=cf-ad9361-lpc metadata=1 burst=0 ring=0 direct=0 frame_iq_bytes=524288 transported_iq_bytes=2411724800 transported_frames=4600 wall_ns=60287590391 stage=transport_frame count=4600 total_ns=45691610876 max_ns=16527420
SPF_IIOD_TIMING_V1 snapshot=1 dev=cf-ad9361-lpc metadata=1 burst=0 ring=0 direct=0 frame_iq_bytes=524288 transported_iq_bytes=2411724800 transported_frames=4600 wall_ns=60287590391 stage=transport_iq count=4600 total_ns=41294441052 max_ns=15234654
SPF_IIOD_TIMING_V1 snapshot=1 dev=cf-ad9361-lpc metadata=1 burst=0 ring=0 direct=0 frame_iq_bytes=524288 transported_iq_bytes=2464153600 transported_frames=4700 wall_ns=61568225741 stage=sampler_admit count=4700 total_ns=1975281416 max_ns=5666466
SPF_IIOD_TIMING_V1 snapshot=1 dev=cf-ad9361-lpc metadata=1 burst=0 ring=0 direct=0 frame_iq_bytes=524288 transported_iq_bytes=2464153600 transported_frames=4700 wall_ns=61568225741 stage=dma_refill count=4700 total_ns=373696619 max_ns=2967102
SPF_IIOD_TIMING_V1 snapshot=1 dev=cf-ad9361-lpc metadata=1 burst=0 ring=0 direct=0 frame_iq_bytes=524288 transported_iq_bytes=2464153600 transported_frames=4700 wall_ns=61568225741 stage=sampler_finish count=4700 total_ns=5822771844 max_ns=5551782
SPF_IIOD_TIMING_V1 snapshot=1 dev=cf-ad9361-lpc metadata=1 burst=0 ring=0 direct=0 frame_iq_bytes=524288 transported_iq_bytes=2464153600 transported_frames=4700 wall_ns=61568225741 stage=metadata_build count=4700 total_ns=2816849963 max_ns=3976134
SPF_IIOD_TIMING_V1 snapshot=1 dev=cf-ad9361-lpc metadata=1 burst=0 ring=0 direct=0 frame_iq_bytes=524288 transported_iq_bytes=2464153600 transported_frames=4700 wall_ns=61568225741 stage=transport_frame count=4700 total_ns=46685404425 max_ns=16527420
SPF_IIOD_TIMING_V1 snapshot=1 dev=cf-ad9361-lpc metadata=1 burst=0 ring=0 direct=0 frame_iq_bytes=524288 transported_iq_bytes=2464153600 transported_frames=4700 wall_ns=61568225741 stage=transport_iq count=4700 total_ns=42192793143 max_ns=15234654
SPF_IIOD_TIMING_V1 snapshot=1 dev=cf-ad9361-lpc metadata=1 burst=0 ring=0 direct=0 frame_iq_bytes=524288 transported_iq_bytes=2516582400 transported_frames=4800 wall_ns=62890551223 stage=sampler_admit count=4800 total_ns=2015129212 max_ns=5666466
SPF_IIOD_TIMING_V1 snapshot=1 dev=cf-ad9361-lpc metadata=1 burst=0 ring=0 direct=0 frame_iq_bytes=524288 transported_iq_bytes=2516582400 transported_frames=4800 wall_ns=62890551223 stage=dma_refill count=4800 total_ns=403674102 max_ns=2967102
SPF_IIOD_TIMING_V1 snapshot=1 dev=cf-ad9361-lpc metadata=1 burst=0 ring=0 direct=0 frame_iq_bytes=524288 transported_iq_bytes=2516582400 transported_frames=4800 wall_ns=62890551223 stage=sampler_finish count=4800 total_ns=5933686278 max_ns=5551782
SPF_IIOD_TIMING_V1 snapshot=1 dev=cf-ad9361-lpc metadata=1 burst=0 ring=0 direct=0 frame_iq_bytes=524288 transported_iq_bytes=2516582400 transported_frames=4800 wall_ns=62890551223 stage=metadata_build count=4800 total_ns=2876388996 max_ns=3976134
SPF_IIOD_TIMING_V1 snapshot=1 dev=cf-ad9361-lpc metadata=1 burst=0 ring=0 direct=0 frame_iq_bytes=524288 transported_iq_bytes=2516582400 transported_frames=4800 wall_ns=62890551223 stage=transport_frame count=4800 total_ns=47684247031 max_ns=16527420
SPF_IIOD_TIMING_V1 snapshot=1 dev=cf-ad9361-lpc metadata=1 burst=0 ring=0 direct=0 frame_iq_bytes=524288 transported_iq_bytes=2516582400 transported_frames=4800 wall_ns=62890551223 stage=transport_iq count=4800 total_ns=43096475892 max_ns=15234654
SPF_IIOD_TIMING_V1 snapshot=1 dev=cf-ad9361-lpc metadata=1 burst=0 ring=0 direct=0 frame_iq_bytes=524288 transported_iq_bytes=2569011200 transported_frames=4900 wall_ns=64203746324 stage=sampler_admit count=4900 total_ns=2057033920 max_ns=5666466
SPF_IIOD_TIMING_V1 snapshot=1 dev=cf-ad9361-lpc metadata=1 burst=0 ring=0 direct=0 frame_iq_bytes=524288 transported_iq_bytes=2569011200 transported_frames=4900 wall_ns=64203746324 stage=dma_refill count=4900 total_ns=408242184 max_ns=2967102
SPF_IIOD_TIMING_V1 snapshot=1 dev=cf-ad9361-lpc metadata=1 burst=0 ring=0 direct=0 frame_iq_bytes=524288 transported_iq_bytes=2569011200 transported_frames=4900 wall_ns=64203746324 stage=sampler_finish count=4900 total_ns=6062761278 max_ns=5551782
SPF_IIOD_TIMING_V1 snapshot=1 dev=cf-ad9361-lpc metadata=1 burst=0 ring=0 direct=0 frame_iq_bytes=524288 transported_iq_bytes=2569011200 transported_frames=4900 wall_ns=64203746324 stage=metadata_build count=4900 total_ns=2936364985 max_ns=3976134
SPF_IIOD_TIMING_V1 snapshot=1 dev=cf-ad9361-lpc metadata=1 burst=0 ring=0 direct=0 frame_iq_bytes=524288 transported_iq_bytes=2569011200 transported_frames=4900 wall_ns=64203746324 stage=transport_frame count=4900 total_ns=48686964636 max_ns=16527420
SPF_IIOD_TIMING_V1 snapshot=1 dev=cf-ad9361-lpc metadata=1 burst=0 ring=0 direct=0 frame_iq_bytes=524288 transported_iq_bytes=2569011200 transported_frames=4900 wall_ns=64203746324 stage=transport_iq count=4900 total_ns=44003268405 max_ns=15234654
SPF_IIOD_TIMING_V1 snapshot=1 dev=cf-ad9361-lpc metadata=1 burst=0 ring=0 direct=0 frame_iq_bytes=524288 transported_iq_bytes=2621440000 transported_frames=5000 wall_ns=65509539003 stage=sampler_admit count=5000 total_ns=2102681489 max_ns=5666466
SPF_IIOD_TIMING_V1 snapshot=1 dev=cf-ad9361-lpc metadata=1 burst=0 ring=0 direct=0 frame_iq_bytes=524288 transported_iq_bytes=2621440000 transported_frames=5000 wall_ns=65509539003 stage=dma_refill count=5000 total_ns=412834422 max_ns=2967102
SPF_IIOD_TIMING_V1 snapshot=1 dev=cf-ad9361-lpc metadata=1 burst=0 ring=0 direct=0 frame_iq_bytes=524288 transported_iq_bytes=2621440000 transported_frames=5000 wall_ns=65509539003 stage=sampler_finish count=5000 total_ns=6193116295 max_ns=5551782
SPF_IIOD_TIMING_V1 snapshot=1 dev=cf-ad9361-lpc metadata=1 burst=0 ring=0 direct=0 frame_iq_bytes=524288 transported_iq_bytes=2621440000 transported_frames=5000 wall_ns=65509539003 stage=metadata_build count=5000 total_ns=2996130266 max_ns=3976134
SPF_IIOD_TIMING_V1 snapshot=1 dev=cf-ad9361-lpc metadata=1 burst=0 ring=0 direct=0 frame_iq_bytes=524288 transported_iq_bytes=2621440000 transported_frames=5000 wall_ns=65509539003 stage=transport_frame count=5000 total_ns=49684322386 max_ns=16527420
SPF_IIOD_TIMING_V1 snapshot=1 dev=cf-ad9361-lpc metadata=1 burst=0 ring=0 direct=0 frame_iq_bytes=524288 transported_iq_bytes=2621440000 transported_frames=5000 wall_ns=65509539003 stage=transport_iq count=5000 total_ns=44905316879 max_ns=15234654
SPF_IIOD_TIMING_V1 snapshot=1 dev=cf-ad9361-lpc metadata=1 burst=0 ring=0 direct=0 frame_iq_bytes=524288 transported_iq_bytes=2673868800 transported_frames=5100 wall_ns=66810082191 stage=sampler_admit count=5100 total_ns=2144321459 max_ns=5666466
SPF_IIOD_TIMING_V1 snapshot=1 dev=cf-ad9361-lpc metadata=1 burst=0 ring=0 direct=0 frame_iq_bytes=524288 transported_iq_bytes=2673868800 transported_frames=5100 wall_ns=66810082191 stage=dma_refill count=5100 total_ns=463628101 max_ns=2967102
SPF_IIOD_TIMING_V1 snapshot=1 dev=cf-ad9361-lpc metadata=1 burst=0 ring=0 direct=0 frame_iq_bytes=524288 transported_iq_bytes=2673868800 transported_frames=5100 wall_ns=66810082191 stage=sampler_finish count=5100 total_ns=6288259903 max_ns=5551782
SPF_IIOD_TIMING_V1 snapshot=1 dev=cf-ad9361-lpc metadata=1 burst=0 ring=0 direct=0 frame_iq_bytes=524288 transported_iq_bytes=2673868800 transported_frames=5100 wall_ns=66810082191 stage=metadata_build count=5100 total_ns=3055729418 max_ns=3976134
SPF_IIOD_TIMING_V1 snapshot=1 dev=cf-ad9361-lpc metadata=1 burst=0 ring=0 direct=0 frame_iq_bytes=524288 transported_iq_bytes=2673868800 transported_frames=5100 wall_ns=66810082191 stage=transport_frame count=5100 total_ns=50667626391 max_ns=16527420
SPF_IIOD_TIMING_V1 snapshot=1 dev=cf-ad9361-lpc metadata=1 burst=0 ring=0 direct=0 frame_iq_bytes=524288 transported_iq_bytes=2673868800 transported_frames=5100 wall_ns=66810082191 stage=transport_iq count=5100 total_ns=45793924564 max_ns=15234654
SPF_IIOD_TIMING_V1 snapshot=1 dev=cf-ad9361-lpc metadata=1 burst=0 ring=0 direct=0 frame_iq_bytes=524288 transported_iq_bytes=2726297600 transported_frames=5200 wall_ns=68126312483 stage=sampler_admit count=5200 total_ns=2187960305 max_ns=5666466
SPF_IIOD_TIMING_V1 snapshot=1 dev=cf-ad9361-lpc metadata=1 burst=0 ring=0 direct=0 frame_iq_bytes=524288 transported_iq_bytes=2726297600 transported_frames=5200 wall_ns=68126312483 stage=dma_refill count=5200 total_ns=537709153 max_ns=2967102
SPF_IIOD_TIMING_V1 snapshot=1 dev=cf-ad9361-lpc metadata=1 burst=0 ring=0 direct=0 frame_iq_bytes=524288 transported_iq_bytes=2726297600 transported_frames=5200 wall_ns=68126312483 stage=sampler_finish count=5200 total_ns=6377362540 max_ns=5551782
SPF_IIOD_TIMING_V1 snapshot=1 dev=cf-ad9361-lpc metadata=1 burst=0 ring=0 direct=0 frame_iq_bytes=524288 transported_iq_bytes=2726297600 transported_frames=5200 wall_ns=68126312483 stage=metadata_build count=5200 total_ns=3114979749 max_ns=3976134
SPF_IIOD_TIMING_V1 snapshot=1 dev=cf-ad9361-lpc metadata=1 burst=0 ring=0 direct=0 frame_iq_bytes=524288 transported_iq_bytes=2726297600 transported_frames=5200 wall_ns=68126312483 stage=transport_frame count=5200 total_ns=51654973842 max_ns=16527420
SPF_IIOD_TIMING_V1 snapshot=1 dev=cf-ad9361-lpc metadata=1 burst=0 ring=0 direct=0 frame_iq_bytes=524288 transported_iq_bytes=2726297600 transported_frames=5200 wall_ns=68126312483 stage=transport_iq count=5200 total_ns=46686429102 max_ns=15234654
SPF_IIOD_TIMING_V1 snapshot=1 dev=cf-ad9361-lpc metadata=1 burst=0 ring=0 direct=0 frame_iq_bytes=524288 transported_iq_bytes=2778726400 transported_frames=5300 wall_ns=69448191516 stage=sampler_admit count=5300 total_ns=2226523183 max_ns=5666466
SPF_IIOD_TIMING_V1 snapshot=1 dev=cf-ad9361-lpc metadata=1 burst=0 ring=0 direct=0 frame_iq_bytes=524288 transported_iq_bytes=2778726400 transported_frames=5300 wall_ns=69448191516 stage=dma_refill count=5300 total_ns=542822941 max_ns=2967102
SPF_IIOD_TIMING_V1 snapshot=1 dev=cf-ad9361-lpc metadata=1 burst=0 ring=0 direct=0 frame_iq_bytes=524288 transported_iq_bytes=2778726400 transported_frames=5300 wall_ns=69448191516 stage=sampler_finish count=5300 total_ns=6508602905 max_ns=5551782
SPF_IIOD_TIMING_V1 snapshot=1 dev=cf-ad9361-lpc metadata=1 burst=0 ring=0 direct=0 frame_iq_bytes=524288 transported_iq_bytes=2778726400 transported_frames=5300 wall_ns=69448191516 stage=metadata_build count=5300 total_ns=3174443397 max_ns=3976134
SPF_IIOD_TIMING_V1 snapshot=1 dev=cf-ad9361-lpc metadata=1 burst=0 ring=0 direct=0 frame_iq_bytes=524288 transported_iq_bytes=2778726400 transported_frames=5300 wall_ns=69448191516 stage=transport_frame count=5300 total_ns=52647393777 max_ns=16527420
SPF_IIOD_TIMING_V1 snapshot=1 dev=cf-ad9361-lpc metadata=1 burst=0 ring=0 direct=0 frame_iq_bytes=524288 transported_iq_bytes=2778726400 transported_frames=5300 wall_ns=69448191516 stage=transport_iq count=5300 total_ns=47583670521 max_ns=15234654
SPF_IIOD_TIMING_V1 snapshot=1 dev=cf-ad9361-lpc metadata=1 burst=0 ring=0 direct=0 frame_iq_bytes=524288 transported_iq_bytes=2831155200 transported_frames=5400 wall_ns=70763380027 stage=sampler_admit count=5400 total_ns=2269266326 max_ns=5666466
SPF_IIOD_TIMING_V1 snapshot=1 dev=cf-ad9361-lpc metadata=1 burst=0 ring=0 direct=0 frame_iq_bytes=524288 transported_iq_bytes=2831155200 transported_frames=5400 wall_ns=70763380027 stage=dma_refill count=5400 total_ns=549112051 max_ns=2967102
SPF_IIOD_TIMING_V1 snapshot=1 dev=cf-ad9361-lpc metadata=1 burst=0 ring=0 direct=0 frame_iq_bytes=524288 transported_iq_bytes=2831155200 transported_frames=5400 wall_ns=70763380027 stage=sampler_finish count=5400 total_ns=6634963038 max_ns=5551782
SPF_IIOD_TIMING_V1 snapshot=1 dev=cf-ad9361-lpc metadata=1 burst=0 ring=0 direct=0 frame_iq_bytes=524288 transported_iq_bytes=2831155200 transported_frames=5400 wall_ns=70763380027 stage=metadata_build count=5400 total_ns=3234030723 max_ns=3976134
SPF_IIOD_TIMING_V1 snapshot=1 dev=cf-ad9361-lpc metadata=1 burst=0 ring=0 direct=0 frame_iq_bytes=524288 transported_iq_bytes=2831155200 transported_frames=5400 wall_ns=70763380027 stage=transport_frame count=5400 total_ns=53636663117 max_ns=16527420
SPF_IIOD_TIMING_V1 snapshot=1 dev=cf-ad9361-lpc metadata=1 burst=0 ring=0 direct=0 frame_iq_bytes=524288 transported_iq_bytes=2831155200 transported_frames=5400 wall_ns=70763380027 stage=transport_iq count=5400 total_ns=48478026910 max_ns=15234654
SPF_IIOD_TIMING_V1 snapshot=1 dev=cf-ad9361-lpc metadata=1 burst=0 ring=0 direct=0 frame_iq_bytes=524288 transported_iq_bytes=2883584000 transported_frames=5500 wall_ns=72088093946 stage=sampler_admit count=5500 total_ns=2310265088 max_ns=5666466
SPF_IIOD_TIMING_V1 snapshot=1 dev=cf-ad9361-lpc metadata=1 burst=0 ring=0 direct=0 frame_iq_bytes=524288 transported_iq_bytes=2883584000 transported_frames=5500 wall_ns=72088093946 stage=dma_refill count=5500 total_ns=554821939 max_ns=2967102
SPF_IIOD_TIMING_V1 snapshot=1 dev=cf-ad9361-lpc metadata=1 burst=0 ring=0 direct=0 frame_iq_bytes=524288 transported_iq_bytes=2883584000 transported_frames=5500 wall_ns=72088093946 stage=sampler_finish count=5500 total_ns=6760452853 max_ns=5551782
SPF_IIOD_TIMING_V1 snapshot=1 dev=cf-ad9361-lpc metadata=1 burst=0 ring=0 direct=0 frame_iq_bytes=524288 transported_iq_bytes=2883584000 transported_frames=5500 wall_ns=72088093946 stage=metadata_build count=5500 total_ns=3297203295 max_ns=4199592
SPF_IIOD_TIMING_V1 snapshot=1 dev=cf-ad9361-lpc metadata=1 burst=0 ring=0 direct=0 frame_iq_bytes=524288 transported_iq_bytes=2883584000 transported_frames=5500 wall_ns=72088093946 stage=transport_frame count=5500 total_ns=54631399534 max_ns=16527420
SPF_IIOD_TIMING_V1 snapshot=1 dev=cf-ad9361-lpc metadata=1 burst=0 ring=0 direct=0 frame_iq_bytes=524288 transported_iq_bytes=2883584000 transported_frames=5500 wall_ns=72088093946 stage=transport_iq count=5500 total_ns=49374031874 max_ns=15234654
SPF_IIOD_TIMING_V1 snapshot=1 dev=cf-ad9361-lpc metadata=1 burst=0 ring=0 direct=0 frame_iq_bytes=524288 transported_iq_bytes=2936012800 transported_frames=5600 wall_ns=73406885643 stage=sampler_admit count=5600 total_ns=2351585583 max_ns=5666466
SPF_IIOD_TIMING_V1 snapshot=1 dev=cf-ad9361-lpc metadata=1 burst=0 ring=0 direct=0 frame_iq_bytes=524288 transported_iq_bytes=2936012800 transported_frames=5600 wall_ns=73406885643 stage=dma_refill count=5600 total_ns=560740729 max_ns=2967102
SPF_IIOD_TIMING_V1 snapshot=1 dev=cf-ad9361-lpc metadata=1 burst=0 ring=0 direct=0 frame_iq_bytes=524288 transported_iq_bytes=2936012800 transported_frames=5600 wall_ns=73406885643 stage=sampler_finish count=5600 total_ns=6889021082 max_ns=5551782
SPF_IIOD_TIMING_V1 snapshot=1 dev=cf-ad9361-lpc metadata=1 burst=0 ring=0 direct=0 frame_iq_bytes=524288 transported_iq_bytes=2936012800 transported_frames=5600 wall_ns=73406885643 stage=metadata_build count=5600 total_ns=3357079173 max_ns=4199592
SPF_IIOD_TIMING_V1 snapshot=1 dev=cf-ad9361-lpc metadata=1 burst=0 ring=0 direct=0 frame_iq_bytes=524288 transported_iq_bytes=2936012800 transported_frames=5600 wall_ns=73406885643 stage=transport_frame count=5600 total_ns=55624718583 max_ns=16527420
SPF_IIOD_TIMING_V1 snapshot=1 dev=cf-ad9361-lpc metadata=1 burst=0 ring=0 direct=0 frame_iq_bytes=524288 transported_iq_bytes=2936012800 transported_frames=5600 wall_ns=73406885643 stage=transport_iq count=5600 total_ns=50267646473 max_ns=15234654
SPF_IIOD_TIMING_V1 snapshot=1 dev=cf-ad9361-lpc metadata=1 burst=0 ring=0 direct=0 frame_iq_bytes=524288 transported_iq_bytes=2988441600 transported_frames=5700 wall_ns=74696896192 stage=sampler_admit count=5700 total_ns=2398202313 max_ns=6221604
SPF_IIOD_TIMING_V1 snapshot=1 dev=cf-ad9361-lpc metadata=1 burst=0 ring=0 direct=0 frame_iq_bytes=524288 transported_iq_bytes=2988441600 transported_frames=5700 wall_ns=74696896192 stage=dma_refill count=5700 total_ns=565384825 max_ns=2967102
SPF_IIOD_TIMING_V1 snapshot=1 dev=cf-ad9361-lpc metadata=1 burst=0 ring=0 direct=0 frame_iq_bytes=524288 transported_iq_bytes=2988441600 transported_frames=5700 wall_ns=74696896192 stage=sampler_finish count=5700 total_ns=7014624105 max_ns=5551782
SPF_IIOD_TIMING_V1 snapshot=1 dev=cf-ad9361-lpc metadata=1 burst=0 ring=0 direct=0 frame_iq_bytes=524288 transported_iq_bytes=2988441600 transported_frames=5700 wall_ns=74696896192 stage=metadata_build count=5700 total_ns=3416849403 max_ns=4199592
SPF_IIOD_TIMING_V1 snapshot=1 dev=cf-ad9361-lpc metadata=1 burst=0 ring=0 direct=0 frame_iq_bytes=524288 transported_iq_bytes=2988441600 transported_frames=5700 wall_ns=74696896192 stage=transport_frame count=5700 total_ns=56622402691 max_ns=16527420
SPF_IIOD_TIMING_V1 snapshot=1 dev=cf-ad9361-lpc metadata=1 burst=0 ring=0 direct=0 frame_iq_bytes=524288 transported_iq_bytes=2988441600 transported_frames=5700 wall_ns=74696896192 stage=transport_iq count=5700 total_ns=51170936108 max_ns=15234654
SPF_IIOD_TIMING_V1 snapshot=1 dev=cf-ad9361-lpc metadata=1 burst=0 ring=0 direct=0 frame_iq_bytes=524288 transported_iq_bytes=3040870400 transported_frames=5800 wall_ns=75985189043 stage=sampler_admit count=5800 total_ns=2435777265 max_ns=6221604
SPF_IIOD_TIMING_V1 snapshot=1 dev=cf-ad9361-lpc metadata=1 burst=0 ring=0 direct=0 frame_iq_bytes=524288 transported_iq_bytes=3040870400 transported_frames=5800 wall_ns=75985189043 stage=dma_refill count=5800 total_ns=610758056 max_ns=2967102
SPF_IIOD_TIMING_V1 snapshot=1 dev=cf-ad9361-lpc metadata=1 burst=0 ring=0 direct=0 frame_iq_bytes=524288 transported_iq_bytes=3040870400 transported_frames=5800 wall_ns=75985189043 stage=sampler_finish count=5800 total_ns=7120682500 max_ns=5551782
SPF_IIOD_TIMING_V1 snapshot=1 dev=cf-ad9361-lpc metadata=1 burst=0 ring=0 direct=0 frame_iq_bytes=524288 transported_iq_bytes=3040870400 transported_frames=5800 wall_ns=75985189043 stage=metadata_build count=5800 total_ns=3476404097 max_ns=4199592
SPF_IIOD_TIMING_V1 snapshot=1 dev=cf-ad9361-lpc metadata=1 burst=0 ring=0 direct=0 frame_iq_bytes=524288 transported_iq_bytes=3040870400 transported_frames=5800 wall_ns=75985189043 stage=transport_frame count=5800 total_ns=57614394563 max_ns=16527420
SPF_IIOD_TIMING_V1 snapshot=1 dev=cf-ad9361-lpc metadata=1 burst=0 ring=0 direct=0 frame_iq_bytes=524288 transported_iq_bytes=3040870400 transported_frames=5800 wall_ns=75985189043 stage=transport_iq count=5800 total_ns=52067703046 max_ns=15234654
SPF_IIOD_TIMING_V1 snapshot=1 dev=cf-ad9361-lpc metadata=1 burst=0 ring=0 direct=0 frame_iq_bytes=524288 transported_iq_bytes=3093299200 transported_frames=5900 wall_ns=77308683294 stage=sampler_admit count=5900 total_ns=2482754919 max_ns=6221604
SPF_IIOD_TIMING_V1 snapshot=1 dev=cf-ad9361-lpc metadata=1 burst=0 ring=0 direct=0 frame_iq_bytes=524288 transported_iq_bytes=3093299200 transported_frames=5900 wall_ns=77308683294 stage=dma_refill count=5900 total_ns=653126560 max_ns=3051168
SPF_IIOD_TIMING_V1 snapshot=1 dev=cf-ad9361-lpc metadata=1 burst=0 ring=0 direct=0 frame_iq_bytes=524288 transported_iq_bytes=3093299200 transported_frames=5900 wall_ns=77308683294 stage=sampler_finish count=5900 total_ns=7221183509 max_ns=5551782
SPF_IIOD_TIMING_V1 snapshot=1 dev=cf-ad9361-lpc metadata=1 burst=0 ring=0 direct=0 frame_iq_bytes=524288 transported_iq_bytes=3093299200 transported_frames=5900 wall_ns=77308683294 stage=metadata_build count=5900 total_ns=3536130762 max_ns=4199592
SPF_IIOD_TIMING_V1 snapshot=1 dev=cf-ad9361-lpc metadata=1 burst=0 ring=0 direct=0 frame_iq_bytes=524288 transported_iq_bytes=3093299200 transported_frames=5900 wall_ns=77308683294 stage=transport_frame count=5900 total_ns=58591332968 max_ns=16527420
SPF_IIOD_TIMING_V1 snapshot=1 dev=cf-ad9361-lpc metadata=1 burst=0 ring=0 direct=0 frame_iq_bytes=524288 transported_iq_bytes=3093299200 transported_frames=5900 wall_ns=77308683294 stage=transport_iq count=5900 total_ns=52949562372 max_ns=15234654
SPF_IIOD_TIMING_V1 snapshot=1 dev=cf-ad9361-lpc metadata=1 burst=0 ring=0 direct=0 frame_iq_bytes=524288 transported_iq_bytes=3145728000 transported_frames=6000 wall_ns=78608101237 stage=sampler_admit count=6000 total_ns=2527430566 max_ns=6221604
SPF_IIOD_TIMING_V1 snapshot=1 dev=cf-ad9361-lpc metadata=1 burst=0 ring=0 direct=0 frame_iq_bytes=524288 transported_iq_bytes=3145728000 transported_frames=6000 wall_ns=78608101237 stage=dma_refill count=6000 total_ns=690493787 max_ns=3051168
SPF_IIOD_TIMING_V1 snapshot=1 dev=cf-ad9361-lpc metadata=1 burst=0 ring=0 direct=0 frame_iq_bytes=524288 transported_iq_bytes=3145728000 transported_frames=6000 wall_ns=78608101237 stage=sampler_finish count=6000 total_ns=7322505467 max_ns=5551782
SPF_IIOD_TIMING_V1 snapshot=1 dev=cf-ad9361-lpc metadata=1 burst=0 ring=0 direct=0 frame_iq_bytes=524288 transported_iq_bytes=3145728000 transported_frames=6000 wall_ns=78608101237 stage=metadata_build count=6000 total_ns=3595831592 max_ns=4199592
SPF_IIOD_TIMING_V1 snapshot=1 dev=cf-ad9361-lpc metadata=1 burst=0 ring=0 direct=0 frame_iq_bytes=524288 transported_iq_bytes=3145728000 transported_frames=6000 wall_ns=78608101237 stage=transport_frame count=6000 total_ns=59579974938 max_ns=16527420
SPF_IIOD_TIMING_V1 snapshot=1 dev=cf-ad9361-lpc metadata=1 burst=0 ring=0 direct=0 frame_iq_bytes=524288 transported_iq_bytes=3145728000 transported_frames=6000 wall_ns=78608101237 stage=transport_iq count=6000 total_ns=53842541624 max_ns=15234654
SPF_IIOD_TIMING_V1 snapshot=1 dev=cf-ad9361-lpc metadata=1 burst=0 ring=0 direct=0 frame_iq_bytes=524288 transported_iq_bytes=3198156800 transported_frames=6100 wall_ns=79921028912 stage=sampler_admit count=6100 total_ns=2574251399 max_ns=6221604
SPF_IIOD_TIMING_V1 snapshot=1 dev=cf-ad9361-lpc metadata=1 burst=0 ring=0 direct=0 frame_iq_bytes=524288 transported_iq_bytes=3198156800 transported_frames=6100 wall_ns=79921028912 stage=dma_refill count=6100 total_ns=733175808 max_ns=3051168
SPF_IIOD_TIMING_V1 snapshot=1 dev=cf-ad9361-lpc metadata=1 burst=0 ring=0 direct=0 frame_iq_bytes=524288 transported_iq_bytes=3198156800 transported_frames=6100 wall_ns=79921028912 stage=sampler_finish count=6100 total_ns=7427441958 max_ns=5551782
SPF_IIOD_TIMING_V1 snapshot=1 dev=cf-ad9361-lpc metadata=1 burst=0 ring=0 direct=0 frame_iq_bytes=524288 transported_iq_bytes=3198156800 transported_frames=6100 wall_ns=79921028912 stage=metadata_build count=6100 total_ns=3655401494 max_ns=4199592
SPF_IIOD_TIMING_V1 snapshot=1 dev=cf-ad9361-lpc metadata=1 burst=0 ring=0 direct=0 frame_iq_bytes=524288 transported_iq_bytes=3198156800 transported_frames=6100 wall_ns=79921028912 stage=transport_frame count=6100 total_ns=60554177314 max_ns=16527420
SPF_IIOD_TIMING_V1 snapshot=1 dev=cf-ad9361-lpc metadata=1 burst=0 ring=0 direct=0 frame_iq_bytes=524288 transported_iq_bytes=3198156800 transported_frames=6100 wall_ns=79921028912 stage=transport_iq count=6100 total_ns=54722487125 max_ns=15234654
SPF_IIOD_TIMING_V1 snapshot=1 dev=cf-ad9361-lpc metadata=1 burst=0 ring=0 direct=0 frame_iq_bytes=524288 transported_iq_bytes=3250585600 transported_frames=6200 wall_ns=81255142341 stage=sampler_admit count=6200 total_ns=2614602371 max_ns=6221604
SPF_IIOD_TIMING_V1 snapshot=1 dev=cf-ad9361-lpc metadata=1 burst=0 ring=0 direct=0 frame_iq_bytes=524288 transported_iq_bytes=3250585600 transported_frames=6200 wall_ns=81255142341 stage=dma_refill count=6200 total_ns=742359240 max_ns=3051168
SPF_IIOD_TIMING_V1 snapshot=1 dev=cf-ad9361-lpc metadata=1 burst=0 ring=0 direct=0 frame_iq_bytes=524288 transported_iq_bytes=3250585600 transported_frames=6200 wall_ns=81255142341 stage=sampler_finish count=6200 total_ns=7551489414 max_ns=5551782
SPF_IIOD_TIMING_V1 snapshot=1 dev=cf-ad9361-lpc metadata=1 burst=0 ring=0 direct=0 frame_iq_bytes=524288 transported_iq_bytes=3250585600 transported_frames=6200 wall_ns=81255142341 stage=metadata_build count=6200 total_ns=3715218668 max_ns=4199592
SPF_IIOD_TIMING_V1 snapshot=1 dev=cf-ad9361-lpc metadata=1 burst=0 ring=0 direct=0 frame_iq_bytes=524288 transported_iq_bytes=3250585600 transported_frames=6200 wall_ns=81255142341 stage=transport_frame count=6200 total_ns=61550837054 max_ns=16527420
SPF_IIOD_TIMING_V1 snapshot=1 dev=cf-ad9361-lpc metadata=1 burst=0 ring=0 direct=0 frame_iq_bytes=524288 transported_iq_bytes=3250585600 transported_frames=6200 wall_ns=81255142341 stage=transport_iq count=6200 total_ns=55623589827 max_ns=15234654
SPF_IIOD_TIMING_V1 snapshot=1 dev=cf-ad9361-lpc metadata=1 burst=0 ring=0 direct=0 frame_iq_bytes=524288 transported_iq_bytes=3303014400 transported_frames=6300 wall_ns=82583903734 stage=sampler_admit count=6300 total_ns=2654567435 max_ns=6221604
SPF_IIOD_TIMING_V1 snapshot=1 dev=cf-ad9361-lpc metadata=1 burst=0 ring=0 direct=0 frame_iq_bytes=524288 transported_iq_bytes=3303014400 transported_frames=6300 wall_ns=82583903734 stage=dma_refill count=6300 total_ns=747181854 max_ns=3051168
SPF_IIOD_TIMING_V1 snapshot=1 dev=cf-ad9361-lpc metadata=1 burst=0 ring=0 direct=0 frame_iq_bytes=524288 transported_iq_bytes=3303014400 transported_frames=6300 wall_ns=82583903734 stage=sampler_finish count=6300 total_ns=7676125891 max_ns=5551782
SPF_IIOD_TIMING_V1 snapshot=1 dev=cf-ad9361-lpc metadata=1 burst=0 ring=0 direct=0 frame_iq_bytes=524288 transported_iq_bytes=3303014400 transported_frames=6300 wall_ns=82583903734 stage=metadata_build count=6300 total_ns=3774944204 max_ns=4199592
SPF_IIOD_TIMING_V1 snapshot=1 dev=cf-ad9361-lpc metadata=1 burst=0 ring=0 direct=0 frame_iq_bytes=524288 transported_iq_bytes=3303014400 transported_frames=6300 wall_ns=82583903734 stage=transport_frame count=6300 total_ns=62549920872 max_ns=16527420
SPF_IIOD_TIMING_V1 snapshot=1 dev=cf-ad9361-lpc metadata=1 burst=0 ring=0 direct=0 frame_iq_bytes=524288 transported_iq_bytes=3303014400 transported_frames=6300 wall_ns=82583903734 stage=transport_iq count=6300 total_ns=56527039396 max_ns=15234654
SPF_IIOD_TIMING_V1 snapshot=1 dev=cf-ad9361-lpc metadata=1 burst=0 ring=0 direct=0 frame_iq_bytes=524288 transported_iq_bytes=3355443200 transported_frames=6400 wall_ns=83917435103 stage=sampler_admit count=6400 total_ns=2698567025 max_ns=6221604
SPF_IIOD_TIMING_V1 snapshot=1 dev=cf-ad9361-lpc metadata=1 burst=0 ring=0 direct=0 frame_iq_bytes=524288 transported_iq_bytes=3355443200 transported_frames=6400 wall_ns=83917435103 stage=dma_refill count=6400 total_ns=753419629 max_ns=3051168
SPF_IIOD_TIMING_V1 snapshot=1 dev=cf-ad9361-lpc metadata=1 burst=0 ring=0 direct=0 frame_iq_bytes=524288 transported_iq_bytes=3355443200 transported_frames=6400 wall_ns=83917435103 stage=sampler_finish count=6400 total_ns=7799228497 max_ns=5551782
SPF_IIOD_TIMING_V1 snapshot=1 dev=cf-ad9361-lpc metadata=1 burst=0 ring=0 direct=0 frame_iq_bytes=524288 transported_iq_bytes=3355443200 transported_frames=6400 wall_ns=83917435103 stage=metadata_build count=6400 total_ns=3838279101 max_ns=4199592
SPF_IIOD_TIMING_V1 snapshot=1 dev=cf-ad9361-lpc metadata=1 burst=0 ring=0 direct=0 frame_iq_bytes=524288 transported_iq_bytes=3355443200 transported_frames=6400 wall_ns=83917435103 stage=transport_frame count=6400 total_ns=63539075200 max_ns=16527420
SPF_IIOD_TIMING_V1 snapshot=1 dev=cf-ad9361-lpc metadata=1 burst=0 ring=0 direct=0 frame_iq_bytes=524288 transported_iq_bytes=3355443200 transported_frames=6400 wall_ns=83917435103 stage=transport_iq count=6400 total_ns=57417243319 max_ns=15234654
SPF_IIOD_TIMING_V1 snapshot=1 dev=cf-ad9361-lpc metadata=1 burst=0 ring=0 direct=0 frame_iq_bytes=524288 transported_iq_bytes=3407872000 transported_frames=6500 wall_ns=85247816083 stage=sampler_admit count=6500 total_ns=2738231081 max_ns=6221604
SPF_IIOD_TIMING_V1 snapshot=1 dev=cf-ad9361-lpc metadata=1 burst=0 ring=0 direct=0 frame_iq_bytes=524288 transported_iq_bytes=3407872000 transported_frames=6500 wall_ns=85247816083 stage=dma_refill count=6500 total_ns=758205751 max_ns=3051168
SPF_IIOD_TIMING_V1 snapshot=1 dev=cf-ad9361-lpc metadata=1 burst=0 ring=0 direct=0 frame_iq_bytes=524288 transported_iq_bytes=3407872000 transported_frames=6500 wall_ns=85247816083 stage=sampler_finish count=6500 total_ns=7924720216 max_ns=5551782
SPF_IIOD_TIMING_V1 snapshot=1 dev=cf-ad9361-lpc metadata=1 burst=0 ring=0 direct=0 frame_iq_bytes=524288 transported_iq_bytes=3407872000 transported_frames=6500 wall_ns=85247816083 stage=metadata_build count=6500 total_ns=3897895252 max_ns=4199592
SPF_IIOD_TIMING_V1 snapshot=1 dev=cf-ad9361-lpc metadata=1 burst=0 ring=0 direct=0 frame_iq_bytes=524288 transported_iq_bytes=3407872000 transported_frames=6500 wall_ns=85247816083 stage=transport_frame count=6500 total_ns=64539637341 max_ns=16527420
SPF_IIOD_TIMING_V1 snapshot=1 dev=cf-ad9361-lpc metadata=1 burst=0 ring=0 direct=0 frame_iq_bytes=524288 transported_iq_bytes=3407872000 transported_frames=6500 wall_ns=85247816083 stage=transport_iq count=6500 total_ns=58322378837 max_ns=15234654
SPF_IIOD_TIMING_V1 snapshot=1 dev=cf-ad9361-lpc metadata=1 burst=0 ring=0 direct=0 frame_iq_bytes=524288 transported_iq_bytes=3460300800 transported_frames=6600 wall_ns=86573534468 stage=sampler_admit count=6600 total_ns=2775355889 max_ns=6221604
SPF_IIOD_TIMING_V1 snapshot=1 dev=cf-ad9361-lpc metadata=1 burst=0 ring=0 direct=0 frame_iq_bytes=524288 transported_iq_bytes=3460300800 transported_frames=6600 wall_ns=86573534468 stage=dma_refill count=6600 total_ns=762870805 max_ns=3051168
SPF_IIOD_TIMING_V1 snapshot=1 dev=cf-ad9361-lpc metadata=1 burst=0 ring=0 direct=0 frame_iq_bytes=524288 transported_iq_bytes=3460300800 transported_frames=6600 wall_ns=86573534468 stage=sampler_finish count=6600 total_ns=8053100225 max_ns=5551782
SPF_IIOD_TIMING_V1 snapshot=1 dev=cf-ad9361-lpc metadata=1 burst=0 ring=0 direct=0 frame_iq_bytes=524288 transported_iq_bytes=3460300800 transported_frames=6600 wall_ns=86573534468 stage=metadata_build count=6600 total_ns=3957575788 max_ns=4199592
SPF_IIOD_TIMING_V1 snapshot=1 dev=cf-ad9361-lpc metadata=1 burst=0 ring=0 direct=0 frame_iq_bytes=524288 transported_iq_bytes=3460300800 transported_frames=6600 wall_ns=86573534468 stage=transport_frame count=6600 total_ns=65533940451 max_ns=16527420
SPF_IIOD_TIMING_V1 snapshot=1 dev=cf-ad9361-lpc metadata=1 burst=0 ring=0 direct=0 frame_iq_bytes=524288 transported_iq_bytes=3460300800 transported_frames=6600 wall_ns=86573534468 stage=transport_iq count=6600 total_ns=59220686512 max_ns=15234654
SPF_IIOD_TIMING_V1 snapshot=1 dev=cf-ad9361-lpc metadata=1 burst=0 ring=0 direct=0 frame_iq_bytes=524288 transported_iq_bytes=3512729600 transported_frames=6700 wall_ns=87890800041 stage=sampler_admit count=6700 total_ns=2821395437 max_ns=6221604
SPF_IIOD_TIMING_V1 snapshot=1 dev=cf-ad9361-lpc metadata=1 burst=0 ring=0 direct=0 frame_iq_bytes=524288 transported_iq_bytes=3512729600 transported_frames=6700 wall_ns=87890800041 stage=dma_refill count=6700 total_ns=772086571 max_ns=3051168
SPF_IIOD_TIMING_V1 snapshot=1 dev=cf-ad9361-lpc metadata=1 burst=0 ring=0 direct=0 frame_iq_bytes=524288 transported_iq_bytes=3512729600 transported_frames=6700 wall_ns=87890800041 stage=sampler_finish count=6700 total_ns=8171802068 max_ns=5551782
SPF_IIOD_TIMING_V1 snapshot=1 dev=cf-ad9361-lpc metadata=1 burst=0 ring=0 direct=0 frame_iq_bytes=524288 transported_iq_bytes=3512729600 transported_frames=6700 wall_ns=87890800041 stage=metadata_build count=6700 total_ns=4017514872 max_ns=4199592
SPF_IIOD_TIMING_V1 snapshot=1 dev=cf-ad9361-lpc metadata=1 burst=0 ring=0 direct=0 frame_iq_bytes=524288 transported_iq_bytes=3512729600 transported_frames=6700 wall_ns=87890800041 stage=transport_frame count=6700 total_ns=66506606760 max_ns=16527420
SPF_IIOD_TIMING_V1 snapshot=1 dev=cf-ad9361-lpc metadata=1 burst=0 ring=0 direct=0 frame_iq_bytes=524288 transported_iq_bytes=3512729600 transported_frames=6700 wall_ns=87890800041 stage=transport_iq count=6700 total_ns=60098666261 max_ns=15234654
SPF_IIOD_TIMING_V1 snapshot=1 dev=cf-ad9361-lpc metadata=1 burst=0 ring=0 direct=0 frame_iq_bytes=524288 transported_iq_bytes=3565158400 transported_frames=6800 wall_ns=89208676876 stage=sampler_admit count=6800 total_ns=2864861603 max_ns=6221604
SPF_IIOD_TIMING_V1 snapshot=1 dev=cf-ad9361-lpc metadata=1 burst=0 ring=0 direct=0 frame_iq_bytes=524288 transported_iq_bytes=3565158400 transported_frames=6800 wall_ns=89208676876 stage=dma_refill count=6800 total_ns=779705485 max_ns=3051168
SPF_IIOD_TIMING_V1 snapshot=1 dev=cf-ad9361-lpc metadata=1 burst=0 ring=0 direct=0 frame_iq_bytes=524288 transported_iq_bytes=3565158400 transported_frames=6800 wall_ns=89208676876 stage=sampler_finish count=6800 total_ns=8296398370 max_ns=5551782
SPF_IIOD_TIMING_V1 snapshot=1 dev=cf-ad9361-lpc metadata=1 burst=0 ring=0 direct=0 frame_iq_bytes=524288 transported_iq_bytes=3565158400 transported_frames=6800 wall_ns=89208676876 stage=metadata_build count=6800 total_ns=4077453372 max_ns=4199592
SPF_IIOD_TIMING_V1 snapshot=1 dev=cf-ad9361-lpc metadata=1 burst=0 ring=0 direct=0 frame_iq_bytes=524288 transported_iq_bytes=3565158400 transported_frames=6800 wall_ns=89208676876 stage=transport_frame count=6800 total_ns=67490258758 max_ns=16527420
SPF_IIOD_TIMING_V1 snapshot=1 dev=cf-ad9361-lpc metadata=1 burst=0 ring=0 direct=0 frame_iq_bytes=524288 transported_iq_bytes=3565158400 transported_frames=6800 wall_ns=89208676876 stage=transport_iq count=6800 total_ns=60987139971 max_ns=15234654
SPF_IIOD_TIMING_V1 snapshot=1 dev=cf-ad9361-lpc metadata=1 burst=0 ring=0 direct=0 frame_iq_bytes=524288 transported_iq_bytes=3617587200 transported_frames=6900 wall_ns=90490317965 stage=sampler_admit count=6900 total_ns=2903833367 max_ns=6221604
SPF_IIOD_TIMING_V1 snapshot=1 dev=cf-ad9361-lpc metadata=1 burst=0 ring=0 direct=0 frame_iq_bytes=524288 transported_iq_bytes=3617587200 transported_frames=6900 wall_ns=90490317965 stage=dma_refill count=6900 total_ns=784447171 max_ns=3051168
SPF_IIOD_TIMING_V1 snapshot=1 dev=cf-ad9361-lpc metadata=1 burst=0 ring=0 direct=0 frame_iq_bytes=524288 transported_iq_bytes=3617587200 transported_frames=6900 wall_ns=90490317965 stage=sampler_finish count=6900 total_ns=8422810025 max_ns=5551782
SPF_IIOD_TIMING_V1 snapshot=1 dev=cf-ad9361-lpc metadata=1 burst=0 ring=0 direct=0 frame_iq_bytes=524288 transported_iq_bytes=3617587200 transported_frames=6900 wall_ns=90490317965 stage=metadata_build count=6900 total_ns=4137165517 max_ns=4199592
SPF_IIOD_TIMING_V1 snapshot=1 dev=cf-ad9361-lpc metadata=1 burst=0 ring=0 direct=0 frame_iq_bytes=524288 transported_iq_bytes=3617587200 transported_frames=6900 wall_ns=90490317965 stage=transport_frame count=6900 total_ns=68490172275 max_ns=16527420
SPF_IIOD_TIMING_V1 snapshot=1 dev=cf-ad9361-lpc metadata=1 burst=0 ring=0 direct=0 frame_iq_bytes=524288 transported_iq_bytes=3617587200 transported_frames=6900 wall_ns=90490317965 stage=transport_iq count=6900 total_ns=61891674121 max_ns=15234654
SPF_IIOD_TIMING_V1 snapshot=1 dev=cf-ad9361-lpc metadata=1 burst=0 ring=0 direct=0 frame_iq_bytes=524288 transported_iq_bytes=3670016000 transported_frames=7000 wall_ns=91807301838 stage=sampler_admit count=7000 total_ns=2940755813 max_ns=6221604
SPF_IIOD_TIMING_V1 snapshot=1 dev=cf-ad9361-lpc metadata=1 burst=0 ring=0 direct=0 frame_iq_bytes=524288 transported_iq_bytes=3670016000 transported_frames=7000 wall_ns=91807301838 stage=dma_refill count=7000 total_ns=789122545 max_ns=3051168
SPF_IIOD_TIMING_V1 snapshot=1 dev=cf-ad9361-lpc metadata=1 burst=0 ring=0 direct=0 frame_iq_bytes=524288 transported_iq_bytes=3670016000 transported_frames=7000 wall_ns=91807301838 stage=sampler_finish count=7000 total_ns=8554024044 max_ns=5551782
SPF_IIOD_TIMING_V1 snapshot=1 dev=cf-ad9361-lpc metadata=1 burst=0 ring=0 direct=0 frame_iq_bytes=524288 transported_iq_bytes=3670016000 transported_frames=7000 wall_ns=91807301838 stage=metadata_build count=7000 total_ns=4196841643 max_ns=4199592
SPF_IIOD_TIMING_V1 snapshot=1 dev=cf-ad9361-lpc metadata=1 burst=0 ring=0 direct=0 frame_iq_bytes=524288 transported_iq_bytes=3670016000 transported_frames=7000 wall_ns=91807301838 stage=transport_frame count=7000 total_ns=69486475101 max_ns=16527420
SPF_IIOD_TIMING_V1 snapshot=1 dev=cf-ad9361-lpc metadata=1 burst=0 ring=0 direct=0 frame_iq_bytes=524288 transported_iq_bytes=3670016000 transported_frames=7000 wall_ns=91807301838 stage=transport_iq count=7000 total_ns=62792444473 max_ns=15234654
SPF_IIOD_TIMING_V1 snapshot=1 dev=cf-ad9361-lpc metadata=1 burst=0 ring=0 direct=0 frame_iq_bytes=524288 transported_iq_bytes=3722444800 transported_frames=7100 wall_ns=93098163277 stage=sampler_admit count=7100 total_ns=2984001947 max_ns=6221604
SPF_IIOD_TIMING_V1 snapshot=1 dev=cf-ad9361-lpc metadata=1 burst=0 ring=0 direct=0 frame_iq_bytes=524288 transported_iq_bytes=3722444800 transported_frames=7100 wall_ns=93098163277 stage=dma_refill count=7100 total_ns=794011813 max_ns=3051168
SPF_IIOD_TIMING_V1 snapshot=1 dev=cf-ad9361-lpc metadata=1 burst=0 ring=0 direct=0 frame_iq_bytes=524288 transported_iq_bytes=3722444800 transported_frames=7100 wall_ns=93098163277 stage=sampler_finish count=7100 total_ns=8679717548 max_ns=5551782
SPF_IIOD_TIMING_V1 snapshot=1 dev=cf-ad9361-lpc metadata=1 burst=0 ring=0 direct=0 frame_iq_bytes=524288 transported_iq_bytes=3722444800 transported_frames=7100 wall_ns=93098163277 stage=metadata_build count=7100 total_ns=4256634055 max_ns=4199592
SPF_IIOD_TIMING_V1 snapshot=1 dev=cf-ad9361-lpc metadata=1 burst=0 ring=0 direct=0 frame_iq_bytes=524288 transported_iq_bytes=3722444800 transported_frames=7100 wall_ns=93098163277 stage=transport_frame count=7100 total_ns=70485809528 max_ns=16527420
SPF_IIOD_TIMING_V1 snapshot=1 dev=cf-ad9361-lpc metadata=1 burst=0 ring=0 direct=0 frame_iq_bytes=524288 transported_iq_bytes=3722444800 transported_frames=7100 wall_ns=93098163277 stage=transport_iq count=7100 total_ns=63696311814 max_ns=15234654
SPF_IIOD_TIMING_V1 snapshot=1 dev=cf-ad9361-lpc metadata=1 burst=0 ring=0 direct=0 frame_iq_bytes=524288 transported_iq_bytes=3774873600 transported_frames=7200 wall_ns=94420911152 stage=sampler_admit count=7200 total_ns=3025843967 max_ns=6221604
SPF_IIOD_TIMING_V1 snapshot=1 dev=cf-ad9361-lpc metadata=1 burst=0 ring=0 direct=0 frame_iq_bytes=524288 transported_iq_bytes=3774873600 transported_frames=7200 wall_ns=94420911152 stage=dma_refill count=7200 total_ns=799227577 max_ns=3051168
SPF_IIOD_TIMING_V1 snapshot=1 dev=cf-ad9361-lpc metadata=1 burst=0 ring=0 direct=0 frame_iq_bytes=524288 transported_iq_bytes=3774873600 transported_frames=7200 wall_ns=94420911152 stage=sampler_finish count=7200 total_ns=8806702506 max_ns=5551782
SPF_IIOD_TIMING_V1 snapshot=1 dev=cf-ad9361-lpc metadata=1 burst=0 ring=0 direct=0 frame_iq_bytes=524288 transported_iq_bytes=3774873600 transported_frames=7200 wall_ns=94420911152 stage=metadata_build count=7200 total_ns=4316359249 max_ns=4199592
SPF_IIOD_TIMING_V1 snapshot=1 dev=cf-ad9361-lpc metadata=1 burst=0 ring=0 direct=0 frame_iq_bytes=524288 transported_iq_bytes=3774873600 transported_frames=7200 wall_ns=94420911152 stage=transport_frame count=7200 total_ns=71480219116 max_ns=16527420
SPF_IIOD_TIMING_V1 snapshot=1 dev=cf-ad9361-lpc metadata=1 burst=0 ring=0 direct=0 frame_iq_bytes=524288 transported_iq_bytes=3774873600 transported_frames=7200 wall_ns=94420911152 stage=transport_iq count=7200 total_ns=64595063161 max_ns=15234654
SPF_IIOD_TIMING_V1 snapshot=1 dev=cf-ad9361-lpc metadata=1 burst=0 ring=0 direct=0 frame_iq_bytes=524288 transported_iq_bytes=3827302400 transported_frames=7300 wall_ns=95729850615 stage=sampler_admit count=7300 total_ns=3063542009 max_ns=6221604
SPF_IIOD_TIMING_V1 snapshot=1 dev=cf-ad9361-lpc metadata=1 burst=0 ring=0 direct=0 frame_iq_bytes=524288 transported_iq_bytes=3827302400 transported_frames=7300 wall_ns=95729850615 stage=dma_refill count=7300 total_ns=803929033 max_ns=3051168
SPF_IIOD_TIMING_V1 snapshot=1 dev=cf-ad9361-lpc metadata=1 burst=0 ring=0 direct=0 frame_iq_bytes=524288 transported_iq_bytes=3827302400 transported_frames=7300 wall_ns=95729850615 stage=sampler_finish count=7300 total_ns=8931253802 max_ns=5551782
SPF_IIOD_TIMING_V1 snapshot=1 dev=cf-ad9361-lpc metadata=1 burst=0 ring=0 direct=0 frame_iq_bytes=524288 transported_iq_bytes=3827302400 transported_frames=7300 wall_ns=95729850615 stage=metadata_build count=7300 total_ns=4376458072 max_ns=4199592
SPF_IIOD_TIMING_V1 snapshot=1 dev=cf-ad9361-lpc metadata=1 burst=0 ring=0 direct=0 frame_iq_bytes=524288 transported_iq_bytes=3827302400 transported_frames=7300 wall_ns=95729850615 stage=transport_frame count=7300 total_ns=72479232114 max_ns=16527420
SPF_IIOD_TIMING_V1 snapshot=1 dev=cf-ad9361-lpc metadata=1 burst=0 ring=0 direct=0 frame_iq_bytes=524288 transported_iq_bytes=3827302400 transported_frames=7300 wall_ns=95729850615 stage=transport_iq count=7300 total_ns=65498659458 max_ns=15234654
SPF_IIOD_TIMING_V1 snapshot=1 dev=cf-ad9361-lpc metadata=1 burst=0 ring=0 direct=0 frame_iq_bytes=524288 transported_iq_bytes=3879731200 transported_frames=7400 wall_ns=97040648248 stage=sampler_admit count=7400 total_ns=3104018051 max_ns=6221604
SPF_IIOD_TIMING_V1 snapshot=1 dev=cf-ad9361-lpc metadata=1 burst=0 ring=0 direct=0 frame_iq_bytes=524288 transported_iq_bytes=3879731200 transported_frames=7400 wall_ns=97040648248 stage=dma_refill count=7400 total_ns=808561123 max_ns=3051168
SPF_IIOD_TIMING_V1 snapshot=1 dev=cf-ad9361-lpc metadata=1 burst=0 ring=0 direct=0 frame_iq_bytes=524288 transported_iq_bytes=3879731200 transported_frames=7400 wall_ns=97040648248 stage=sampler_finish count=7400 total_ns=9054534683 max_ns=5551782
SPF_IIOD_TIMING_V1 snapshot=1 dev=cf-ad9361-lpc metadata=1 burst=0 ring=0 direct=0 frame_iq_bytes=524288 transported_iq_bytes=3879731200 transported_frames=7400 wall_ns=97040648248 stage=metadata_build count=7400 total_ns=4436304196 max_ns=4199592
SPF_IIOD_TIMING_V1 snapshot=1 dev=cf-ad9361-lpc metadata=1 burst=0 ring=0 direct=0 frame_iq_bytes=524288 transported_iq_bytes=3879731200 transported_frames=7400 wall_ns=97040648248 stage=transport_frame count=7400 total_ns=73476205953 max_ns=16527420
SPF_IIOD_TIMING_V1 snapshot=1 dev=cf-ad9361-lpc metadata=1 burst=0 ring=0 direct=0 frame_iq_bytes=524288 transported_iq_bytes=3879731200 transported_frames=7400 wall_ns=97040648248 stage=transport_iq count=7400 total_ns=66400495881 max_ns=15234654
SPF_IIOD_TIMING_V1 snapshot=1 dev=cf-ad9361-lpc metadata=1 burst=0 ring=0 direct=0 frame_iq_bytes=524288 transported_iq_bytes=3932160000 transported_frames=7500 wall_ns=98378130965 stage=sampler_admit count=7500 total_ns=3141843605 max_ns=6221604
SPF_IIOD_TIMING_V1 snapshot=1 dev=cf-ad9361-lpc metadata=1 burst=0 ring=0 direct=0 frame_iq_bytes=524288 transported_iq_bytes=3932160000 transported_frames=7500 wall_ns=98378130965 stage=dma_refill count=7500 total_ns=813330481 max_ns=3051168
SPF_IIOD_TIMING_V1 snapshot=1 dev=cf-ad9361-lpc metadata=1 burst=0 ring=0 direct=0 frame_iq_bytes=524288 transported_iq_bytes=3932160000 transported_frames=7500 wall_ns=98378130965 stage=sampler_finish count=7500 total_ns=9185369586 max_ns=5551782
SPF_IIOD_TIMING_V1 snapshot=1 dev=cf-ad9361-lpc metadata=1 burst=0 ring=0 direct=0 frame_iq_bytes=524288 transported_iq_bytes=3932160000 transported_frames=7500 wall_ns=98378130965 stage=metadata_build count=7500 total_ns=4495995887 max_ns=4199592
SPF_IIOD_TIMING_V1 snapshot=1 dev=cf-ad9361-lpc metadata=1 burst=0 ring=0 direct=0 frame_iq_bytes=524288 transported_iq_bytes=3932160000 transported_frames=7500 wall_ns=98378130965 stage=transport_frame count=7500 total_ns=74475241324 max_ns=16527420
SPF_IIOD_TIMING_V1 snapshot=1 dev=cf-ad9361-lpc metadata=1 burst=0 ring=0 direct=0 frame_iq_bytes=524288 transported_iq_bytes=3932160000 transported_frames=7500 wall_ns=98378130965 stage=transport_iq count=7500 total_ns=67303657953 max_ns=15234654
SPF_IIOD_TIMING_V1 snapshot=1 dev=cf-ad9361-lpc metadata=1 burst=0 ring=0 direct=0 frame_iq_bytes=524288 transported_iq_bytes=3984588800 transported_frames=7600 wall_ns=99704588526 stage=sampler_admit count=7600 total_ns=3179235833 max_ns=6221604
SPF_IIOD_TIMING_V1 snapshot=1 dev=cf-ad9361-lpc metadata=1 burst=0 ring=0 direct=0 frame_iq_bytes=524288 transported_iq_bytes=3984588800 transported_frames=7600 wall_ns=99704588526 stage=dma_refill count=7600 total_ns=817996927 max_ns=3051168
SPF_IIOD_TIMING_V1 snapshot=1 dev=cf-ad9361-lpc metadata=1 burst=0 ring=0 direct=0 frame_iq_bytes=524288 transported_iq_bytes=3984588800 transported_frames=7600 wall_ns=99704588526 stage=sampler_finish count=7600 total_ns=9306582673 max_ns=5551782
SPF_IIOD_TIMING_V1 snapshot=1 dev=cf-ad9361-lpc metadata=1 burst=0 ring=0 direct=0 frame_iq_bytes=524288 transported_iq_bytes=3984588800 transported_frames=7600 wall_ns=99704588526 stage=metadata_build count=7600 total_ns=4555939217 max_ns=4199592
SPF_IIOD_TIMING_V1 snapshot=1 dev=cf-ad9361-lpc metadata=1 burst=0 ring=0 direct=0 frame_iq_bytes=524288 transported_iq_bytes=3984588800 transported_frames=7600 wall_ns=99704588526 stage=transport_frame count=7600 total_ns=75475522755 max_ns=16527420
SPF_IIOD_TIMING_V1 snapshot=1 dev=cf-ad9361-lpc metadata=1 burst=0 ring=0 direct=0 frame_iq_bytes=524288 transported_iq_bytes=3984588800 transported_frames=7600 wall_ns=99704588526 stage=transport_iq count=7600 total_ns=68208097238 max_ns=15234654
SPF_IIOD_TIMING_V1 snapshot=1 dev=cf-ad9361-lpc metadata=1 burst=0 ring=0 direct=0 frame_iq_bytes=524288 transported_iq_bytes=4037017600 transported_frames=7700 wall_ns=101016073645 stage=sampler_admit count=7700 total_ns=3221554535 max_ns=6221604
SPF_IIOD_TIMING_V1 snapshot=1 dev=cf-ad9361-lpc metadata=1 burst=0 ring=0 direct=0 frame_iq_bytes=524288 transported_iq_bytes=4037017600 transported_frames=7700 wall_ns=101016073645 stage=dma_refill count=7700 total_ns=824438065 max_ns=3051168
SPF_IIOD_TIMING_V1 snapshot=1 dev=cf-ad9361-lpc metadata=1 burst=0 ring=0 direct=0 frame_iq_bytes=524288 transported_iq_bytes=4037017600 transported_frames=7700 wall_ns=101016073645 stage=sampler_finish count=7700 total_ns=9434064826 max_ns=5551782
SPF_IIOD_TIMING_V1 snapshot=1 dev=cf-ad9361-lpc metadata=1 burst=0 ring=0 direct=0 frame_iq_bytes=524288 transported_iq_bytes=4037017600 transported_frames=7700 wall_ns=101016073645 stage=metadata_build count=7700 total_ns=4615791791 max_ns=4199592
SPF_IIOD_TIMING_V1 snapshot=1 dev=cf-ad9361-lpc metadata=1 burst=0 ring=0 direct=0 frame_iq_bytes=524288 transported_iq_bytes=4037017600 transported_frames=7700 wall_ns=101016073645 stage=transport_frame count=7700 total_ns=76468257804 max_ns=16527420
SPF_IIOD_TIMING_V1 snapshot=1 dev=cf-ad9361-lpc metadata=1 burst=0 ring=0 direct=0 frame_iq_bytes=524288 transported_iq_bytes=4037017600 transported_frames=7700 wall_ns=101016073645 stage=transport_iq count=7700 total_ns=69105372483 max_ns=15234654
SPF_IIOD_TIMING_V1 snapshot=1 dev=cf-ad9361-lpc metadata=1 burst=0 ring=0 direct=0 frame_iq_bytes=524288 transported_iq_bytes=4089446400 transported_frames=7800 wall_ns=102347636703 stage=sampler_admit count=7800 total_ns=3262803707 max_ns=6221604
SPF_IIOD_TIMING_V1 snapshot=1 dev=cf-ad9361-lpc metadata=1 burst=0 ring=0 direct=0 frame_iq_bytes=524288 transported_iq_bytes=4089446400 transported_frames=7800 wall_ns=102347636703 stage=dma_refill count=7800 total_ns=829165273 max_ns=3051168
SPF_IIOD_TIMING_V1 snapshot=1 dev=cf-ad9361-lpc metadata=1 burst=0 ring=0 direct=0 frame_iq_bytes=524288 transported_iq_bytes=4089446400 transported_frames=7800 wall_ns=102347636703 stage=sampler_finish count=7800 total_ns=9557495286 max_ns=5551782
SPF_IIOD_TIMING_V1 snapshot=1 dev=cf-ad9361-lpc metadata=1 burst=0 ring=0 direct=0 frame_iq_bytes=524288 transported_iq_bytes=4089446400 transported_frames=7800 wall_ns=102347636703 stage=metadata_build count=7800 total_ns=4675548228 max_ns=4199592
SPF_IIOD_TIMING_V1 snapshot=1 dev=cf-ad9361-lpc metadata=1 burst=0 ring=0 direct=0 frame_iq_bytes=524288 transported_iq_bytes=4089446400 transported_frames=7800 wall_ns=102347636703 stage=transport_frame count=7800 total_ns=77466921389 max_ns=16527420
SPF_IIOD_TIMING_V1 snapshot=1 dev=cf-ad9361-lpc metadata=1 burst=0 ring=0 direct=0 frame_iq_bytes=524288 transported_iq_bytes=4089446400 transported_frames=7800 wall_ns=102347636703 stage=transport_iq count=7800 total_ns=70008076711 max_ns=15234654
SPF_IIOD_TIMING_V1 snapshot=1 dev=cf-ad9361-lpc metadata=1 burst=0 ring=0 direct=0 frame_iq_bytes=524288 transported_iq_bytes=4141875200 transported_frames=7900 wall_ns=103671800182 stage=sampler_admit count=7900 total_ns=3303590459 max_ns=6221604
SPF_IIOD_TIMING_V1 snapshot=1 dev=cf-ad9361-lpc metadata=1 burst=0 ring=0 direct=0 frame_iq_bytes=524288 transported_iq_bytes=4141875200 transported_frames=7900 wall_ns=103671800182 stage=dma_refill count=7900 total_ns=833873593 max_ns=3051168
SPF_IIOD_TIMING_V1 snapshot=1 dev=cf-ad9361-lpc metadata=1 burst=0 ring=0 direct=0 frame_iq_bytes=524288 transported_iq_bytes=4141875200 transported_frames=7900 wall_ns=103671800182 stage=sampler_finish count=7900 total_ns=9684705445 max_ns=5551782
SPF_IIOD_TIMING_V1 snapshot=1 dev=cf-ad9361-lpc metadata=1 burst=0 ring=0 direct=0 frame_iq_bytes=524288 transported_iq_bytes=4141875200 transported_frames=7900 wall_ns=103671800182 stage=metadata_build count=7900 total_ns=4738959433 max_ns=4199592
SPF_IIOD_TIMING_V1 snapshot=1 dev=cf-ad9361-lpc metadata=1 burst=0 ring=0 direct=0 frame_iq_bytes=524288 transported_iq_bytes=4141875200 transported_frames=7900 wall_ns=103671800182 stage=transport_frame count=7900 total_ns=78466831899 max_ns=16527420
SPF_IIOD_TIMING_V1 snapshot=1 dev=cf-ad9361-lpc metadata=1 burst=0 ring=0 direct=0 frame_iq_bytes=524288 transported_iq_bytes=4141875200 transported_frames=7900 wall_ns=103671800182 stage=transport_iq count=7900 total_ns=70909174804 max_ns=15234654
SPF_IIOD_TIMING_V1 snapshot=1 dev=cf-ad9361-lpc metadata=1 burst=0 ring=0 direct=0 frame_iq_bytes=524288 transported_iq_bytes=4194304000 transported_frames=8000 wall_ns=104976442517 stage=sampler_admit count=8000 total_ns=3342298182 max_ns=6221604
SPF_IIOD_TIMING_V1 snapshot=1 dev=cf-ad9361-lpc metadata=1 burst=0 ring=0 direct=0 frame_iq_bytes=524288 transported_iq_bytes=4194304000 transported_frames=8000 wall_ns=104976442517 stage=dma_refill count=8000 total_ns=840359149 max_ns=3051168
SPF_IIOD_TIMING_V1 snapshot=1 dev=cf-ad9361-lpc metadata=1 burst=0 ring=0 direct=0 frame_iq_bytes=524288 transported_iq_bytes=4194304000 transported_frames=8000 wall_ns=104976442517 stage=sampler_finish count=8000 total_ns=9810202052 max_ns=5551782
SPF_IIOD_TIMING_V1 snapshot=1 dev=cf-ad9361-lpc metadata=1 burst=0 ring=0 direct=0 frame_iq_bytes=524288 transported_iq_bytes=4194304000 transported_frames=8000 wall_ns=104976442517 stage=metadata_build count=8000 total_ns=4798920307 max_ns=4199592
SPF_IIOD_TIMING_V1 snapshot=1 dev=cf-ad9361-lpc metadata=1 burst=0 ring=0 direct=0 frame_iq_bytes=524288 transported_iq_bytes=4194304000 transported_frames=8000 wall_ns=104976442517 stage=transport_frame count=8000 total_ns=79455574200 max_ns=16527420
SPF_IIOD_TIMING_V1 snapshot=1 dev=cf-ad9361-lpc metadata=1 burst=0 ring=0 direct=0 frame_iq_bytes=524288 transported_iq_bytes=4194304000 transported_frames=8000 wall_ns=104976442517 stage=transport_iq count=8000 total_ns=71802557694 max_ns=15234654
SPF_IIOD_TIMING_V1 snapshot=1 dev=cf-ad9361-lpc metadata=1 burst=0 ring=0 direct=0 frame_iq_bytes=524288 transported_iq_bytes=4246732800 transported_frames=8100 wall_ns=106277626056 stage=sampler_admit count=8100 total_ns=3382455360 max_ns=6221604
SPF_IIOD_TIMING_V1 snapshot=1 dev=cf-ad9361-lpc metadata=1 burst=0 ring=0 direct=0 frame_iq_bytes=524288 transported_iq_bytes=4246732800 transported_frames=8100 wall_ns=106277626056 stage=dma_refill count=8100 total_ns=847059307 max_ns=3051168
SPF_IIOD_TIMING_V1 snapshot=1 dev=cf-ad9361-lpc metadata=1 burst=0 ring=0 direct=0 frame_iq_bytes=524288 transported_iq_bytes=4246732800 transported_frames=8100 wall_ns=106277626056 stage=sampler_finish count=8100 total_ns=9932436260 max_ns=5551782
SPF_IIOD_TIMING_V1 snapshot=1 dev=cf-ad9361-lpc metadata=1 burst=0 ring=0 direct=0 frame_iq_bytes=524288 transported_iq_bytes=4246732800 transported_frames=8100 wall_ns=106277626056 stage=metadata_build count=8100 total_ns=4862414917 max_ns=4199592
SPF_IIOD_TIMING_V1 snapshot=1 dev=cf-ad9361-lpc metadata=1 burst=0 ring=0 direct=0 frame_iq_bytes=524288 transported_iq_bytes=4246732800 transported_frames=8100 wall_ns=106277626056 stage=transport_frame count=8100 total_ns=80442763378 max_ns=16527420
SPF_IIOD_TIMING_V1 snapshot=1 dev=cf-ad9361-lpc metadata=1 burst=0 ring=0 direct=0 frame_iq_bytes=524288 transported_iq_bytes=4246732800 transported_frames=8100 wall_ns=106277626056 stage=transport_iq count=8100 total_ns=72690965199 max_ns=15234654
SPF_IIOD_TIMING_V1 snapshot=1 dev=cf-ad9361-lpc metadata=1 burst=0 ring=0 direct=0 frame_iq_bytes=524288 transported_iq_bytes=4299161600 transported_frames=8200 wall_ns=107617454437 stage=sampler_admit count=8200 total_ns=3427446433 max_ns=6221604
SPF_IIOD_TIMING_V1 snapshot=1 dev=cf-ad9361-lpc metadata=1 burst=0 ring=0 direct=0 frame_iq_bytes=524288 transported_iq_bytes=4299161600 transported_frames=8200 wall_ns=107617454437 stage=dma_refill count=8200 total_ns=852691519 max_ns=3051168
SPF_IIOD_TIMING_V1 snapshot=1 dev=cf-ad9361-lpc metadata=1 burst=0 ring=0 direct=0 frame_iq_bytes=524288 transported_iq_bytes=4299161600 transported_frames=8200 wall_ns=107617454437 stage=sampler_finish count=8200 total_ns=10054606605 max_ns=5551782
SPF_IIOD_TIMING_V1 snapshot=1 dev=cf-ad9361-lpc metadata=1 burst=0 ring=0 direct=0 frame_iq_bytes=524288 transported_iq_bytes=4299161600 transported_frames=8200 wall_ns=107617454437 stage=metadata_build count=8200 total_ns=4922406211 max_ns=4199592
SPF_IIOD_TIMING_V1 snapshot=1 dev=cf-ad9361-lpc metadata=1 burst=0 ring=0 direct=0 frame_iq_bytes=524288 transported_iq_bytes=4299161600 transported_frames=8200 wall_ns=107617454437 stage=transport_frame count=8200 total_ns=81434286968 max_ns=16527420
SPF_IIOD_TIMING_V1 snapshot=1 dev=cf-ad9361-lpc metadata=1 burst=0 ring=0 direct=0 frame_iq_bytes=524288 transported_iq_bytes=4299161600 transported_frames=8200 wall_ns=107617454437 stage=transport_iq count=8200 total_ns=73586584830 max_ns=15234654
SPF_IIOD_TIMING_V1 snapshot=1 dev=cf-ad9361-lpc metadata=1 burst=0 ring=0 direct=0 frame_iq_bytes=524288 transported_iq_bytes=4351590400 transported_frames=8300 wall_ns=108957005996 stage=sampler_admit count=8300 total_ns=3472205617 max_ns=6221604
SPF_IIOD_TIMING_V1 snapshot=1 dev=cf-ad9361-lpc metadata=1 burst=0 ring=0 direct=0 frame_iq_bytes=524288 transported_iq_bytes=4351590400 transported_frames=8300 wall_ns=108957005996 stage=dma_refill count=8300 total_ns=858291331 max_ns=3051168
SPF_IIOD_TIMING_V1 snapshot=1 dev=cf-ad9361-lpc metadata=1 burst=0 ring=0 direct=0 frame_iq_bytes=524288 transported_iq_bytes=4351590400 transported_frames=8300 wall_ns=108957005996 stage=sampler_finish count=8300 total_ns=10183508309 max_ns=5551782
SPF_IIOD_TIMING_V1 snapshot=1 dev=cf-ad9361-lpc metadata=1 burst=0 ring=0 direct=0 frame_iq_bytes=524288 transported_iq_bytes=4351590400 transported_frames=8300 wall_ns=108957005996 stage=metadata_build count=8300 total_ns=4982531347 max_ns=4199592
SPF_IIOD_TIMING_V1 snapshot=1 dev=cf-ad9361-lpc metadata=1 burst=0 ring=0 direct=0 frame_iq_bytes=524288 transported_iq_bytes=4351590400 transported_frames=8300 wall_ns=108957005996 stage=transport_frame count=8300 total_ns=82431907800 max_ns=16527420
SPF_IIOD_TIMING_V1 snapshot=1 dev=cf-ad9361-lpc metadata=1 burst=0 ring=0 direct=0 frame_iq_bytes=524288 transported_iq_bytes=4351590400 transported_frames=8300 wall_ns=108957005996 stage=transport_iq count=8300 total_ns=74488197951 max_ns=15234654
SPF_IIOD_TIMING_V1 snapshot=1 dev=cf-ad9361-lpc metadata=1 burst=0 ring=0 direct=0 frame_iq_bytes=524288 transported_iq_bytes=4404019200 transported_frames=8400 wall_ns=110279271717 stage=sampler_admit count=8400 total_ns=3521395543 max_ns=6221604
SPF_IIOD_TIMING_V1 snapshot=1 dev=cf-ad9361-lpc metadata=1 burst=0 ring=0 direct=0 frame_iq_bytes=524288 transported_iq_bytes=4404019200 transported_frames=8400 wall_ns=110279271717 stage=dma_refill count=8400 total_ns=867434636 max_ns=3051168
SPF_IIOD_TIMING_V1 snapshot=1 dev=cf-ad9361-lpc metadata=1 burst=0 ring=0 direct=0 frame_iq_bytes=524288 transported_iq_bytes=4404019200 transported_frames=8400 wall_ns=110279271717 stage=sampler_finish count=8400 total_ns=10309579819 max_ns=5551782
SPF_IIOD_TIMING_V1 snapshot=1 dev=cf-ad9361-lpc metadata=1 burst=0 ring=0 direct=0 frame_iq_bytes=524288 transported_iq_bytes=4404019200 transported_frames=8400 wall_ns=110279271717 stage=metadata_build count=8400 total_ns=5042717629 max_ns=4199592
SPF_IIOD_TIMING_V1 snapshot=1 dev=cf-ad9361-lpc metadata=1 burst=0 ring=0 direct=0 frame_iq_bytes=524288 transported_iq_bytes=4404019200 transported_frames=8400 wall_ns=110279271717 stage=transport_frame count=8400 total_ns=83406386756 max_ns=16527420
SPF_IIOD_TIMING_V1 snapshot=1 dev=cf-ad9361-lpc metadata=1 burst=0 ring=0 direct=0 frame_iq_bytes=524288 transported_iq_bytes=4404019200 transported_frames=8400 wall_ns=110279271717 stage=transport_iq count=8400 total_ns=75367326568 max_ns=15234654
SPF_IIOD_TIMING_V1 snapshot=1 dev=cf-ad9361-lpc metadata=1 burst=0 ring=0 direct=0 frame_iq_bytes=524288 transported_iq_bytes=4456448000 transported_frames=8500 wall_ns=111620069861 stage=sampler_admit count=8500 total_ns=3557771396 max_ns=6221604
SPF_IIOD_TIMING_V1 snapshot=1 dev=cf-ad9361-lpc metadata=1 burst=0 ring=0 direct=0 frame_iq_bytes=524288 transported_iq_bytes=4456448000 transported_frames=8500 wall_ns=111620069861 stage=dma_refill count=8500 total_ns=872300025 max_ns=3051168
SPF_IIOD_TIMING_V1 snapshot=1 dev=cf-ad9361-lpc metadata=1 burst=0 ring=0 direct=0 frame_iq_bytes=524288 transported_iq_bytes=4456448000 transported_frames=8500 wall_ns=111620069861 stage=sampler_finish count=8500 total_ns=10435058553 max_ns=5551782
SPF_IIOD_TIMING_V1 snapshot=1 dev=cf-ad9361-lpc metadata=1 burst=0 ring=0 direct=0 frame_iq_bytes=524288 transported_iq_bytes=4456448000 transported_frames=8500 wall_ns=111620069861 stage=metadata_build count=8500 total_ns=5106530467 max_ns=4199592
SPF_IIOD_TIMING_V1 snapshot=1 dev=cf-ad9361-lpc metadata=1 burst=0 ring=0 direct=0 frame_iq_bytes=524288 transported_iq_bytes=4456448000 transported_frames=8500 wall_ns=111620069861 stage=transport_frame count=8500 total_ns=84408035950 max_ns=16527420
SPF_IIOD_TIMING_V1 snapshot=1 dev=cf-ad9361-lpc metadata=1 burst=0 ring=0 direct=0 frame_iq_bytes=524288 transported_iq_bytes=4456448000 transported_frames=8500 wall_ns=111620069861 stage=transport_iq count=8500 total_ns=76269026634 max_ns=15234654
SPF_IIOD_TIMING_V1 snapshot=1 dev=cf-ad9361-lpc metadata=1 burst=0 ring=0 direct=0 frame_iq_bytes=524288 transported_iq_bytes=4508876800 transported_frames=8600 wall_ns=112940975160 stage=sampler_admit count=8600 total_ns=3599162438 max_ns=6221604
SPF_IIOD_TIMING_V1 snapshot=1 dev=cf-ad9361-lpc metadata=1 burst=0 ring=0 direct=0 frame_iq_bytes=524288 transported_iq_bytes=4508876800 transported_frames=8600 wall_ns=112940975160 stage=dma_refill count=8600 total_ns=879689757 max_ns=3051168
SPF_IIOD_TIMING_V1 snapshot=1 dev=cf-ad9361-lpc metadata=1 burst=0 ring=0 direct=0 frame_iq_bytes=524288 transported_iq_bytes=4508876800 transported_frames=8600 wall_ns=112940975160 stage=sampler_finish count=8600 total_ns=10554959739 max_ns=5551782
SPF_IIOD_TIMING_V1 snapshot=1 dev=cf-ad9361-lpc metadata=1 burst=0 ring=0 direct=0 frame_iq_bytes=524288 transported_iq_bytes=4508876800 transported_frames=8600 wall_ns=112940975160 stage=metadata_build count=8600 total_ns=5167070030 max_ns=4199592
SPF_IIOD_TIMING_V1 snapshot=1 dev=cf-ad9361-lpc metadata=1 burst=0 ring=0 direct=0 frame_iq_bytes=524288 transported_iq_bytes=4508876800 transported_frames=8600 wall_ns=112940975160 stage=transport_frame count=8600 total_ns=85398324634 max_ns=16527420
SPF_IIOD_TIMING_V1 snapshot=1 dev=cf-ad9361-lpc metadata=1 burst=0 ring=0 direct=0 frame_iq_bytes=524288 transported_iq_bytes=4508876800 transported_frames=8600 wall_ns=112940975160 stage=transport_iq count=8600 total_ns=77163301798 max_ns=15234654
SPF_IIOD_TIMING_V1 snapshot=1 dev=cf-ad9361-lpc metadata=1 burst=0 ring=0 direct=0 frame_iq_bytes=524288 transported_iq_bytes=4561305600 transported_frames=8700 wall_ns=114253605871 stage=sampler_admit count=8700 total_ns=3648870153 max_ns=6221604
SPF_IIOD_TIMING_V1 snapshot=1 dev=cf-ad9361-lpc metadata=1 burst=0 ring=0 direct=0 frame_iq_bytes=524288 transported_iq_bytes=4561305600 transported_frames=8700 wall_ns=114253605871 stage=dma_refill count=8700 total_ns=887726799 max_ns=3051168
SPF_IIOD_TIMING_V1 snapshot=1 dev=cf-ad9361-lpc metadata=1 burst=0 ring=0 direct=0 frame_iq_bytes=524288 transported_iq_bytes=4561305600 transported_frames=8700 wall_ns=114253605871 stage=sampler_finish count=8700 total_ns=10675488130 max_ns=5551782
SPF_IIOD_TIMING_V1 snapshot=1 dev=cf-ad9361-lpc metadata=1 burst=0 ring=0 direct=0 frame_iq_bytes=524288 transported_iq_bytes=4561305600 transported_frames=8700 wall_ns=114253605871 stage=metadata_build count=8700 total_ns=5227610756 max_ns=4199592
SPF_IIOD_TIMING_V1 snapshot=1 dev=cf-ad9361-lpc metadata=1 burst=0 ring=0 direct=0 frame_iq_bytes=524288 transported_iq_bytes=4561305600 transported_frames=8700 wall_ns=114253605871 stage=transport_frame count=8700 total_ns=86376129872 max_ns=16527420
SPF_IIOD_TIMING_V1 snapshot=1 dev=cf-ad9361-lpc metadata=1 burst=0 ring=0 direct=0 frame_iq_bytes=524288 transported_iq_bytes=4561305600 transported_frames=8700 wall_ns=114253605871 stage=transport_iq count=8700 total_ns=78045289861 max_ns=15234654
SPF_IIOD_TIMING_V1 snapshot=1 dev=cf-ad9361-lpc metadata=1 burst=0 ring=0 direct=0 frame_iq_bytes=524288 transported_iq_bytes=4613734400 transported_frames=8800 wall_ns=115562699960 stage=sampler_admit count=8800 total_ns=3684770415 max_ns=6221604
SPF_IIOD_TIMING_V1 snapshot=1 dev=cf-ad9361-lpc metadata=1 burst=0 ring=0 direct=0 frame_iq_bytes=524288 transported_iq_bytes=4613734400 transported_frames=8800 wall_ns=115562699960 stage=dma_refill count=8800 total_ns=892836693 max_ns=3051168
SPF_IIOD_TIMING_V1 snapshot=1 dev=cf-ad9361-lpc metadata=1 burst=0 ring=0 direct=0 frame_iq_bytes=524288 transported_iq_bytes=4613734400 transported_frames=8800 wall_ns=115562699960 stage=sampler_finish count=8800 total_ns=10802298052 max_ns=5551782
SPF_IIOD_TIMING_V1 snapshot=1 dev=cf-ad9361-lpc metadata=1 burst=0 ring=0 direct=0 frame_iq_bytes=524288 transported_iq_bytes=4613734400 transported_frames=8800 wall_ns=115562699960 stage=metadata_build count=8800 total_ns=5288127068 max_ns=4199592
SPF_IIOD_TIMING_V1 snapshot=1 dev=cf-ad9361-lpc metadata=1 burst=0 ring=0 direct=0 frame_iq_bytes=524288 transported_iq_bytes=4613734400 transported_frames=8800 wall_ns=115562699960 stage=transport_frame count=8800 total_ns=87373316042 max_ns=16527420
SPF_IIOD_TIMING_V1 snapshot=1 dev=cf-ad9361-lpc metadata=1 burst=0 ring=0 direct=0 frame_iq_bytes=524288 transported_iq_bytes=4613734400 transported_frames=8800 wall_ns=115562699960 stage=transport_iq count=8800 total_ns=78945872502 max_ns=15234654
SPF_IIOD_TIMING_V1 snapshot=1 dev=cf-ad9361-lpc metadata=1 burst=0 ring=0 direct=0 frame_iq_bytes=524288 transported_iq_bytes=4666163200 transported_frames=8900 wall_ns=116834993558 stage=sampler_admit count=8900 total_ns=3725253465 max_ns=6221604
SPF_IIOD_TIMING_V1 snapshot=1 dev=cf-ad9361-lpc metadata=1 burst=0 ring=0 direct=0 frame_iq_bytes=524288 transported_iq_bytes=4666163200 transported_frames=8900 wall_ns=116834993558 stage=dma_refill count=8900 total_ns=897639010 max_ns=3051168
SPF_IIOD_TIMING_V1 snapshot=1 dev=cf-ad9361-lpc metadata=1 burst=0 ring=0 direct=0 frame_iq_bytes=524288 transported_iq_bytes=4666163200 transported_frames=8900 wall_ns=116834993558 stage=sampler_finish count=8900 total_ns=10924732098 max_ns=5551782
SPF_IIOD_TIMING_V1 snapshot=1 dev=cf-ad9361-lpc metadata=1 burst=0 ring=0 direct=0 frame_iq_bytes=524288 transported_iq_bytes=4666163200 transported_frames=8900 wall_ns=116834993558 stage=metadata_build count=8900 total_ns=5351852828 max_ns=4199592
SPF_IIOD_TIMING_V1 snapshot=1 dev=cf-ad9361-lpc metadata=1 burst=0 ring=0 direct=0 frame_iq_bytes=524288 transported_iq_bytes=4666163200 transported_frames=8900 wall_ns=116834993558 stage=transport_frame count=8900 total_ns=88369757861 max_ns=16527420
SPF_IIOD_TIMING_V1 snapshot=1 dev=cf-ad9361-lpc metadata=1 burst=0 ring=0 direct=0 frame_iq_bytes=524288 transported_iq_bytes=4666163200 transported_frames=8900 wall_ns=116834993558 stage=transport_iq count=8900 total_ns=79842666201 max_ns=15234654
SPF_IIOD_TIMING_V1 snapshot=1 dev=cf-ad9361-lpc metadata=1 burst=0 ring=0 direct=0 frame_iq_bytes=524288 transported_iq_bytes=4718592000 transported_frames=9000 wall_ns=118138575957 stage=sampler_admit count=9000 total_ns=3763904434 max_ns=6221604
SPF_IIOD_TIMING_V1 snapshot=1 dev=cf-ad9361-lpc metadata=1 burst=0 ring=0 direct=0 frame_iq_bytes=524288 transported_iq_bytes=4718592000 transported_frames=9000 wall_ns=118138575957 stage=dma_refill count=9000 total_ns=903319084 max_ns=3051168
SPF_IIOD_TIMING_V1 snapshot=1 dev=cf-ad9361-lpc metadata=1 burst=0 ring=0 direct=0 frame_iq_bytes=524288 transported_iq_bytes=4718592000 transported_frames=9000 wall_ns=118138575957 stage=sampler_finish count=9000 total_ns=11051158854 max_ns=5551782
SPF_IIOD_TIMING_V1 snapshot=1 dev=cf-ad9361-lpc metadata=1 burst=0 ring=0 direct=0 frame_iq_bytes=524288 transported_iq_bytes=4718592000 transported_frames=9000 wall_ns=118138575957 stage=metadata_build count=9000 total_ns=5412235724 max_ns=4199592
SPF_IIOD_TIMING_V1 snapshot=1 dev=cf-ad9361-lpc metadata=1 burst=0 ring=0 direct=0 frame_iq_bytes=524288 transported_iq_bytes=4718592000 transported_frames=9000 wall_ns=118138575957 stage=transport_frame count=9000 total_ns=89364857681 max_ns=16527420
SPF_IIOD_TIMING_V1 snapshot=1 dev=cf-ad9361-lpc metadata=1 burst=0 ring=0 direct=0 frame_iq_bytes=524288 transported_iq_bytes=4718592000 transported_frames=9000 wall_ns=118138575957 stage=transport_iq count=9000 total_ns=80741671923 max_ns=15234654
SPF_IIOD_TIMING_V1 snapshot=1 dev=cf-ad9361-lpc metadata=1 burst=0 ring=0 direct=0 frame_iq_bytes=524288 transported_iq_bytes=4771020800 transported_frames=9100 wall_ns=119428090102 stage=sampler_admit count=9100 total_ns=3810833836 max_ns=6221604
SPF_IIOD_TIMING_V1 snapshot=1 dev=cf-ad9361-lpc metadata=1 burst=0 ring=0 direct=0 frame_iq_bytes=524288 transported_iq_bytes=4771020800 transported_frames=9100 wall_ns=119428090102 stage=dma_refill count=9100 total_ns=910416052 max_ns=3051168
SPF_IIOD_TIMING_V1 snapshot=1 dev=cf-ad9361-lpc metadata=1 burst=0 ring=0 direct=0 frame_iq_bytes=524288 transported_iq_bytes=4771020800 transported_frames=9100 wall_ns=119428090102 stage=sampler_finish count=9100 total_ns=11175890485 max_ns=5551782
SPF_IIOD_TIMING_V1 snapshot=1 dev=cf-ad9361-lpc metadata=1 burst=0 ring=0 direct=0 frame_iq_bytes=524288 transported_iq_bytes=4771020800 transported_frames=9100 wall_ns=119428090102 stage=metadata_build count=9100 total_ns=5472388136 max_ns=4199592
SPF_IIOD_TIMING_V1 snapshot=1 dev=cf-ad9361-lpc metadata=1 burst=0 ring=0 direct=0 frame_iq_bytes=524288 transported_iq_bytes=4771020800 transported_frames=9100 wall_ns=119428090102 stage=transport_frame count=9100 total_ns=90347192253 max_ns=16527420
SPF_IIOD_TIMING_V1 snapshot=1 dev=cf-ad9361-lpc metadata=1 burst=0 ring=0 direct=0 frame_iq_bytes=524288 transported_iq_bytes=4771020800 transported_frames=9100 wall_ns=119428090102 stage=transport_iq count=9100 total_ns=81628582872 max_ns=15234654
SPF_IIOD_TIMING_V1 snapshot=1 dev=cf-ad9361-lpc metadata=1 burst=0 ring=0 direct=0 frame_iq_bytes=524288 transported_iq_bytes=4823449600 transported_frames=9200 wall_ns=120753121979 stage=sampler_admit count=9200 total_ns=3848811232 max_ns=6221604
SPF_IIOD_TIMING_V1 snapshot=1 dev=cf-ad9361-lpc metadata=1 burst=0 ring=0 direct=0 frame_iq_bytes=524288 transported_iq_bytes=4823449600 transported_frames=9200 wall_ns=120753121979 stage=dma_refill count=9200 total_ns=915474190 max_ns=3051168
SPF_IIOD_TIMING_V1 snapshot=1 dev=cf-ad9361-lpc metadata=1 burst=0 ring=0 direct=0 frame_iq_bytes=524288 transported_iq_bytes=4823449600 transported_frames=9200 wall_ns=120753121979 stage=sampler_finish count=9200 total_ns=11304477824 max_ns=5551782
SPF_IIOD_TIMING_V1 snapshot=1 dev=cf-ad9361-lpc metadata=1 burst=0 ring=0 direct=0 frame_iq_bytes=524288 transported_iq_bytes=4823449600 transported_frames=9200 wall_ns=120753121979 stage=metadata_build count=9200 total_ns=5532330722 max_ns=4199592
SPF_IIOD_TIMING_V1 snapshot=1 dev=cf-ad9361-lpc metadata=1 burst=0 ring=0 direct=0 frame_iq_bytes=524288 transported_iq_bytes=4823449600 transported_frames=9200 wall_ns=120753121979 stage=transport_frame count=9200 total_ns=91345732086 max_ns=16527420
SPF_IIOD_TIMING_V1 snapshot=1 dev=cf-ad9361-lpc metadata=1 burst=0 ring=0 direct=0 frame_iq_bytes=524288 transported_iq_bytes=4823449600 transported_frames=9200 wall_ns=120753121979 stage=transport_iq count=9200 total_ns=82531045819 max_ns=15234654
SPF_IIOD_TIMING_V1 snapshot=1 dev=cf-ad9361-lpc metadata=1 burst=0 ring=0 direct=0 frame_iq_bytes=524288 transported_iq_bytes=4875878400 transported_frames=9300 wall_ns=122081909869 stage=sampler_admit count=9300 total_ns=3896942740 max_ns=6221604
SPF_IIOD_TIMING_V1 snapshot=1 dev=cf-ad9361-lpc metadata=1 burst=0 ring=0 direct=0 frame_iq_bytes=524288 transported_iq_bytes=4875878400 transported_frames=9300 wall_ns=122081909869 stage=dma_refill count=9300 total_ns=922881268 max_ns=3051168
SPF_IIOD_TIMING_V1 snapshot=1 dev=cf-ad9361-lpc metadata=1 burst=0 ring=0 direct=0 frame_iq_bytes=524288 transported_iq_bytes=4875878400 transported_frames=9300 wall_ns=122081909869 stage=sampler_finish count=9300 total_ns=11432488632 max_ns=5551782
SPF_IIOD_TIMING_V1 snapshot=1 dev=cf-ad9361-lpc metadata=1 burst=0 ring=0 direct=0 frame_iq_bytes=524288 transported_iq_bytes=4875878400 transported_frames=9300 wall_ns=122081909869 stage=metadata_build count=9300 total_ns=5592678681 max_ns=4199592
SPF_IIOD_TIMING_V1 snapshot=1 dev=cf-ad9361-lpc metadata=1 burst=0 ring=0 direct=0 frame_iq_bytes=524288 transported_iq_bytes=4875878400 transported_frames=9300 wall_ns=122081909869 stage=transport_frame count=9300 total_ns=92327460152 max_ns=16527420
SPF_IIOD_TIMING_V1 snapshot=1 dev=cf-ad9361-lpc metadata=1 burst=0 ring=0 direct=0 frame_iq_bytes=524288 transported_iq_bytes=4875878400 transported_frames=9300 wall_ns=122081909869 stage=transport_iq count=9300 total_ns=83416672262 max_ns=15234654
SPF_IIOD_TIMING_V1 snapshot=1 dev=cf-ad9361-lpc metadata=1 burst=0 ring=0 direct=0 frame_iq_bytes=524288 transported_iq_bytes=4928307200 transported_frames=9400 wall_ns=123362787481 stage=sampler_admit count=9400 total_ns=3932962805 max_ns=6221604
SPF_IIOD_TIMING_V1 snapshot=1 dev=cf-ad9361-lpc metadata=1 burst=0 ring=0 direct=0 frame_iq_bytes=524288 transported_iq_bytes=4928307200 transported_frames=9400 wall_ns=123362787481 stage=dma_refill count=9400 total_ns=928041178 max_ns=3051168
SPF_IIOD_TIMING_V1 snapshot=1 dev=cf-ad9361-lpc metadata=1 burst=0 ring=0 direct=0 frame_iq_bytes=524288 transported_iq_bytes=4928307200 transported_frames=9400 wall_ns=123362787481 stage=sampler_finish count=9400 total_ns=11560146151 max_ns=5551782
SPF_IIOD_TIMING_V1 snapshot=1 dev=cf-ad9361-lpc metadata=1 burst=0 ring=0 direct=0 frame_iq_bytes=524288 transported_iq_bytes=4928307200 transported_frames=9400 wall_ns=123362787481 stage=metadata_build count=9400 total_ns=5653050484 max_ns=4199592
SPF_IIOD_TIMING_V1 snapshot=1 dev=cf-ad9361-lpc metadata=1 burst=0 ring=0 direct=0 frame_iq_bytes=524288 transported_iq_bytes=4928307200 transported_frames=9400 wall_ns=123362787481 stage=transport_frame count=9400 total_ns=93313513143 max_ns=16527420
SPF_IIOD_TIMING_V1 snapshot=1 dev=cf-ad9361-lpc metadata=1 burst=0 ring=0 direct=0 frame_iq_bytes=524288 transported_iq_bytes=4928307200 transported_frames=9400 wall_ns=123362787481 stage=transport_iq count=9400 total_ns=84307774106 max_ns=15234654
SPF_IIOD_TIMING_V1 snapshot=1 dev=cf-ad9361-lpc metadata=1 burst=0 ring=0 direct=0 frame_iq_bytes=524288 transported_iq_bytes=4980736000 transported_frames=9500 wall_ns=124662954476 stage=sampler_admit count=9500 total_ns=3974251008 max_ns=6221604
SPF_IIOD_TIMING_V1 snapshot=1 dev=cf-ad9361-lpc metadata=1 burst=0 ring=0 direct=0 frame_iq_bytes=524288 transported_iq_bytes=4980736000 transported_frames=9500 wall_ns=124662954476 stage=dma_refill count=9500 total_ns=933720670 max_ns=3051168
SPF_IIOD_TIMING_V1 snapshot=1 dev=cf-ad9361-lpc metadata=1 burst=0 ring=0 direct=0 frame_iq_bytes=524288 transported_iq_bytes=4980736000 transported_frames=9500 wall_ns=124662954476 stage=sampler_finish count=9500 total_ns=11686456197 max_ns=5551782
SPF_IIOD_TIMING_V1 snapshot=1 dev=cf-ad9361-lpc metadata=1 burst=0 ring=0 direct=0 frame_iq_bytes=524288 transported_iq_bytes=4980736000 transported_frames=9500 wall_ns=124662954476 stage=metadata_build count=9500 total_ns=5713130062 max_ns=4199592
SPF_IIOD_TIMING_V1 snapshot=1 dev=cf-ad9361-lpc metadata=1 burst=0 ring=0 direct=0 frame_iq_bytes=524288 transported_iq_bytes=4980736000 transported_frames=9500 wall_ns=124662954476 stage=transport_frame count=9500 total_ns=94305626196 max_ns=16527420
SPF_IIOD_TIMING_V1 snapshot=1 dev=cf-ad9361-lpc metadata=1 burst=0 ring=0 direct=0 frame_iq_bytes=524288 transported_iq_bytes=4980736000 transported_frames=9500 wall_ns=124662954476 stage=transport_iq count=9500 total_ns=85204313801 max_ns=15234654
SPF_IIOD_TIMING_V1 snapshot=1 dev=cf-ad9361-lpc metadata=1 burst=0 ring=0 direct=0 frame_iq_bytes=524288 transported_iq_bytes=5033164800 transported_frames=9600 wall_ns=125969912277 stage=sampler_admit count=9600 total_ns=4018660213 max_ns=6221604
SPF_IIOD_TIMING_V1 snapshot=1 dev=cf-ad9361-lpc metadata=1 burst=0 ring=0 direct=0 frame_iq_bytes=524288 transported_iq_bytes=5033164800 transported_frames=9600 wall_ns=125969912277 stage=dma_refill count=9600 total_ns=939603310 max_ns=3051168
SPF_IIOD_TIMING_V1 snapshot=1 dev=cf-ad9361-lpc metadata=1 burst=0 ring=0 direct=0 frame_iq_bytes=524288 transported_iq_bytes=5033164800 transported_frames=9600 wall_ns=125969912277 stage=sampler_finish count=9600 total_ns=11811941421 max_ns=5551782
SPF_IIOD_TIMING_V1 snapshot=1 dev=cf-ad9361-lpc metadata=1 burst=0 ring=0 direct=0 frame_iq_bytes=524288 transported_iq_bytes=5033164800 transported_frames=9600 wall_ns=125969912277 stage=metadata_build count=9600 total_ns=5773204360 max_ns=4199592
SPF_IIOD_TIMING_V1 snapshot=1 dev=cf-ad9361-lpc metadata=1 burst=0 ring=0 direct=0 frame_iq_bytes=524288 transported_iq_bytes=5033164800 transported_frames=9600 wall_ns=125969912277 stage=transport_frame count=9600 total_ns=95292941724 max_ns=16527420
SPF_IIOD_TIMING_V1 snapshot=1 dev=cf-ad9361-lpc metadata=1 burst=0 ring=0 direct=0 frame_iq_bytes=524288 transported_iq_bytes=5033164800 transported_frames=9600 wall_ns=125969912277 stage=transport_iq count=9600 total_ns=86095511183 max_ns=15234654
SPF_IIOD_TIMING_V1 snapshot=1 dev=cf-ad9361-lpc metadata=1 burst=0 ring=0 direct=0 frame_iq_bytes=524288 transported_iq_bytes=5085593600 transported_frames=9700 wall_ns=127273095292 stage=sampler_admit count=9700 total_ns=4056840242 max_ns=6221604
SPF_IIOD_TIMING_V1 snapshot=1 dev=cf-ad9361-lpc metadata=1 burst=0 ring=0 direct=0 frame_iq_bytes=524288 transported_iq_bytes=5085593600 transported_frames=9700 wall_ns=127273095292 stage=dma_refill count=9700 total_ns=944348374 max_ns=3051168
SPF_IIOD_TIMING_V1 snapshot=1 dev=cf-ad9361-lpc metadata=1 burst=0 ring=0 direct=0 frame_iq_bytes=524288 transported_iq_bytes=5085593600 transported_frames=9700 wall_ns=127273095292 stage=sampler_finish count=9700 total_ns=11936218662 max_ns=5551782
SPF_IIOD_TIMING_V1 snapshot=1 dev=cf-ad9361-lpc metadata=1 burst=0 ring=0 direct=0 frame_iq_bytes=524288 transported_iq_bytes=5085593600 transported_frames=9700 wall_ns=127273095292 stage=metadata_build count=9700 total_ns=5833672570 max_ns=4199592
SPF_IIOD_TIMING_V1 snapshot=1 dev=cf-ad9361-lpc metadata=1 burst=0 ring=0 direct=0 frame_iq_bytes=524288 transported_iq_bytes=5085593600 transported_frames=9700 wall_ns=127273095292 stage=transport_frame count=9700 total_ns=96290378331 max_ns=16527420
SPF_IIOD_TIMING_V1 snapshot=1 dev=cf-ad9361-lpc metadata=1 burst=0 ring=0 direct=0 frame_iq_bytes=524288 transported_iq_bytes=5085593600 transported_frames=9700 wall_ns=127273095292 stage=transport_iq count=9700 total_ns=86996299663 max_ns=15234654
SPF_IIOD_TIMING_V1 snapshot=1 dev=cf-ad9361-lpc metadata=1 burst=0 ring=0 direct=0 frame_iq_bytes=524288 transported_iq_bytes=5138022400 transported_frames=9800 wall_ns=128595884093 stage=sampler_admit count=9800 total_ns=4095275469 max_ns=6221604
SPF_IIOD_TIMING_V1 snapshot=1 dev=cf-ad9361-lpc metadata=1 burst=0 ring=0 direct=0 frame_iq_bytes=524288 transported_iq_bytes=5138022400 transported_frames=9800 wall_ns=128595884093 stage=dma_refill count=9800 total_ns=949112686 max_ns=3051168
SPF_IIOD_TIMING_V1 snapshot=1 dev=cf-ad9361-lpc metadata=1 burst=0 ring=0 direct=0 frame_iq_bytes=524288 transported_iq_bytes=5138022400 transported_frames=9800 wall_ns=128595884093 stage=sampler_finish count=9800 total_ns=12066936804 max_ns=5551782
SPF_IIOD_TIMING_V1 snapshot=1 dev=cf-ad9361-lpc metadata=1 burst=0 ring=0 direct=0 frame_iq_bytes=524288 transported_iq_bytes=5138022400 transported_frames=9800 wall_ns=128595884093 stage=metadata_build count=9800 total_ns=5893729888 max_ns=4199592
SPF_IIOD_TIMING_V1 snapshot=1 dev=cf-ad9361-lpc metadata=1 burst=0 ring=0 direct=0 frame_iq_bytes=524288 transported_iq_bytes=5138022400 transported_frames=9800 wall_ns=128595884093 stage=transport_frame count=9800 total_ns=97287312681 max_ns=16527420
SPF_IIOD_TIMING_V1 snapshot=1 dev=cf-ad9361-lpc metadata=1 burst=0 ring=0 direct=0 frame_iq_bytes=524288 transported_iq_bytes=5138022400 transported_frames=9800 wall_ns=128595884093 stage=transport_iq count=9800 total_ns=87897297271 max_ns=15234654
SPF_IIOD_TIMING_V1 snapshot=1 dev=cf-ad9361-lpc metadata=1 burst=0 ring=0 direct=0 frame_iq_bytes=524288 transported_iq_bytes=5190451200 transported_frames=9900 wall_ns=129912282510 stage=sampler_admit count=9900 total_ns=4141885743 max_ns=6221604
SPF_IIOD_TIMING_V1 snapshot=1 dev=cf-ad9361-lpc metadata=1 burst=0 ring=0 direct=0 frame_iq_bytes=524288 transported_iq_bytes=5190451200 transported_frames=9900 wall_ns=129912282510 stage=dma_refill count=9900 total_ns=955435456 max_ns=3051168
SPF_IIOD_TIMING_V1 snapshot=1 dev=cf-ad9361-lpc metadata=1 burst=0 ring=0 direct=0 frame_iq_bytes=524288 transported_iq_bytes=5190451200 transported_frames=9900 wall_ns=129912282510 stage=sampler_finish count=9900 total_ns=12189435104 max_ns=5551782
SPF_IIOD_TIMING_V1 snapshot=1 dev=cf-ad9361-lpc metadata=1 burst=0 ring=0 direct=0 frame_iq_bytes=524288 transported_iq_bytes=5190451200 transported_frames=9900 wall_ns=129912282510 stage=metadata_build count=9900 total_ns=5953804121 max_ns=4199592
SPF_IIOD_TIMING_V1 snapshot=1 dev=cf-ad9361-lpc metadata=1 burst=0 ring=0 direct=0 frame_iq_bytes=524288 transported_iq_bytes=5190451200 transported_frames=9900 wall_ns=129912282510 stage=transport_frame count=9900 total_ns=98274378000 max_ns=16527420
SPF_IIOD_TIMING_V1 snapshot=1 dev=cf-ad9361-lpc metadata=1 burst=0 ring=0 direct=0 frame_iq_bytes=524288 transported_iq_bytes=5190451200 transported_frames=9900 wall_ns=129912282510 stage=transport_iq count=9900 total_ns=88788501831 max_ns=15234654
SPF_IIOD_TIMING_V1 snapshot=1 dev=cf-ad9361-lpc metadata=1 burst=0 ring=0 direct=0 frame_iq_bytes=524288 transported_iq_bytes=5242880000 transported_frames=10000 wall_ns=131225556103 stage=sampler_admit count=10000 total_ns=4182393058 max_ns=6221604
SPF_IIOD_TIMING_V1 snapshot=1 dev=cf-ad9361-lpc metadata=1 burst=0 ring=0 direct=0 frame_iq_bytes=524288 transported_iq_bytes=5242880000 transported_frames=10000 wall_ns=131225556103 stage=dma_refill count=10000 total_ns=961595110 max_ns=3051168
SPF_IIOD_TIMING_V1 snapshot=1 dev=cf-ad9361-lpc metadata=1 burst=0 ring=0 direct=0 frame_iq_bytes=524288 transported_iq_bytes=5242880000 transported_frames=10000 wall_ns=131225556103 stage=sampler_finish count=10000 total_ns=12315239849 max_ns=5551782
SPF_IIOD_TIMING_V1 snapshot=1 dev=cf-ad9361-lpc metadata=1 burst=0 ring=0 direct=0 frame_iq_bytes=524288 transported_iq_bytes=5242880000 transported_frames=10000 wall_ns=131225556103 stage=metadata_build count=10000 total_ns=6017237405 max_ns=4199592
SPF_IIOD_TIMING_V1 snapshot=1 dev=cf-ad9361-lpc metadata=1 burst=0 ring=0 direct=0 frame_iq_bytes=524288 transported_iq_bytes=5242880000 transported_frames=10000 wall_ns=131225556103 stage=transport_frame count=10000 total_ns=99270024308 max_ns=16527420
SPF_IIOD_TIMING_V1 snapshot=1 dev=cf-ad9361-lpc metadata=1 burst=0 ring=0 direct=0 frame_iq_bytes=524288 transported_iq_bytes=5242880000 transported_frames=10000 wall_ns=131225556103 stage=transport_iq count=10000 total_ns=89685400331 max_ns=15234654
SPF_IIOD_TIMING_V1 snapshot=1 dev=cf-ad9361-lpc metadata=1 burst=0 ring=0 direct=0 frame_iq_bytes=524288 transported_iq_bytes=5295308800 transported_frames=10100 wall_ns=132509763740 stage=sampler_admit count=10100 total_ns=4230654299 max_ns=6221604
SPF_IIOD_TIMING_V1 snapshot=1 dev=cf-ad9361-lpc metadata=1 burst=0 ring=0 direct=0 frame_iq_bytes=524288 transported_iq_bytes=5295308800 transported_frames=10100 wall_ns=132509763740 stage=dma_refill count=10100 total_ns=970738462 max_ns=3051168
SPF_IIOD_TIMING_V1 snapshot=1 dev=cf-ad9361-lpc metadata=1 burst=0 ring=0 direct=0 frame_iq_bytes=524288 transported_iq_bytes=5295308800 transported_frames=10100 wall_ns=132509763740 stage=sampler_finish count=10100 total_ns=12434392331 max_ns=5551782
SPF_IIOD_TIMING_V1 snapshot=1 dev=cf-ad9361-lpc metadata=1 burst=0 ring=0 direct=0 frame_iq_bytes=524288 transported_iq_bytes=5295308800 transported_frames=10100 wall_ns=132509763740 stage=metadata_build count=10100 total_ns=6077431890 max_ns=4199592
SPF_IIOD_TIMING_V1 snapshot=1 dev=cf-ad9361-lpc metadata=1 burst=0 ring=0 direct=0 frame_iq_bytes=524288 transported_iq_bytes=5295308800 transported_frames=10100 wall_ns=132509763740 stage=transport_frame count=10100 total_ns=100239152252 max_ns=16527420
SPF_IIOD_TIMING_V1 snapshot=1 dev=cf-ad9361-lpc metadata=1 burst=0 ring=0 direct=0 frame_iq_bytes=524288 transported_iq_bytes=5295308800 transported_frames=10100 wall_ns=132509763740 stage=transport_iq count=10100 total_ns=90559519096 max_ns=15234654
SPF_IIOD_TIMING_V1 snapshot=1 dev=cf-ad9361-lpc metadata=1 burst=0 ring=0 direct=0 frame_iq_bytes=524288 transported_iq_bytes=5347737600 transported_frames=10200 wall_ns=133797454305 stage=sampler_admit count=10200 total_ns=4271277383 max_ns=6221604
SPF_IIOD_TIMING_V1 snapshot=1 dev=cf-ad9361-lpc metadata=1 burst=0 ring=0 direct=0 frame_iq_bytes=524288 transported_iq_bytes=5347737600 transported_frames=10200 wall_ns=133797454305 stage=dma_refill count=10200 total_ns=975727852 max_ns=3051168
SPF_IIOD_TIMING_V1 snapshot=1 dev=cf-ad9361-lpc metadata=1 burst=0 ring=0 direct=0 frame_iq_bytes=524288 transported_iq_bytes=5347737600 transported_frames=10200 wall_ns=133797454305 stage=sampler_finish count=10200 total_ns=12560936472 max_ns=5551782
SPF_IIOD_TIMING_V1 snapshot=1 dev=cf-ad9361-lpc metadata=1 burst=0 ring=0 direct=0 frame_iq_bytes=524288 transported_iq_bytes=5347737600 transported_frames=10200 wall_ns=133797454305 stage=metadata_build count=10200 total_ns=6137489431 max_ns=4199592
SPF_IIOD_TIMING_V1 snapshot=1 dev=cf-ad9361-lpc metadata=1 burst=0 ring=0 direct=0 frame_iq_bytes=524288 transported_iq_bytes=5347737600 transported_frames=10200 wall_ns=133797454305 stage=transport_frame count=10200 total_ns=101231409134 max_ns=16527420
SPF_IIOD_TIMING_V1 snapshot=1 dev=cf-ad9361-lpc metadata=1 burst=0 ring=0 direct=0 frame_iq_bytes=524288 transported_iq_bytes=5347737600 transported_frames=10200 wall_ns=133797454305 stage=transport_iq count=10200 total_ns=91455995727 max_ns=15234654
SPF_IIOD_TIMING_V1 snapshot=1 dev=cf-ad9361-lpc metadata=1 burst=0 ring=0 direct=0 frame_iq_bytes=524288 transported_iq_bytes=5400166400 transported_frames=10300 wall_ns=135067326700 stage=sampler_admit count=10300 total_ns=4316029505 max_ns=6221604
SPF_IIOD_TIMING_V1 snapshot=1 dev=cf-ad9361-lpc metadata=1 burst=0 ring=0 direct=0 frame_iq_bytes=524288 transported_iq_bytes=5400166400 transported_frames=10300 wall_ns=135067326700 stage=dma_refill count=10300 total_ns=984491602 max_ns=3051168
SPF_IIOD_TIMING_V1 snapshot=1 dev=cf-ad9361-lpc metadata=1 burst=0 ring=0 direct=0 frame_iq_bytes=524288 transported_iq_bytes=5400166400 transported_frames=10300 wall_ns=135067326700 stage=sampler_finish count=10300 total_ns=12678036788 max_ns=5551782
SPF_IIOD_TIMING_V1 snapshot=1 dev=cf-ad9361-lpc metadata=1 burst=0 ring=0 direct=0 frame_iq_bytes=524288 transported_iq_bytes=5400166400 transported_frames=10300 wall_ns=135067326700 stage=metadata_build count=10300 total_ns=6197304451 max_ns=4199592
SPF_IIOD_TIMING_V1 snapshot=1 dev=cf-ad9361-lpc metadata=1 burst=0 ring=0 direct=0 frame_iq_bytes=524288 transported_iq_bytes=5400166400 transported_frames=10300 wall_ns=135067326700 stage=transport_frame count=10300 total_ns=102203766161 max_ns=16527420
SPF_IIOD_TIMING_V1 snapshot=1 dev=cf-ad9361-lpc metadata=1 burst=0 ring=0 direct=0 frame_iq_bytes=524288 transported_iq_bytes=5400166400 transported_frames=10300 wall_ns=135067326700 stage=transport_iq count=10300 total_ns=92334589350 max_ns=15234654
SPF_IIOD_TIMING_V1 snapshot=1 dev=cf-ad9361-lpc metadata=1 burst=0 ring=0 direct=0 frame_iq_bytes=524288 transported_iq_bytes=5452595200 transported_frames=10400 wall_ns=136390421873 stage=sampler_admit count=10400 total_ns=4361716961 max_ns=6221604
SPF_IIOD_TIMING_V1 snapshot=1 dev=cf-ad9361-lpc metadata=1 burst=0 ring=0 direct=0 frame_iq_bytes=524288 transported_iq_bytes=5452595200 transported_frames=10400 wall_ns=136390421873 stage=dma_refill count=10400 total_ns=991511944 max_ns=3051168
SPF_IIOD_TIMING_V1 snapshot=1 dev=cf-ad9361-lpc metadata=1 burst=0 ring=0 direct=0 frame_iq_bytes=524288 transported_iq_bytes=5452595200 transported_frames=10400 wall_ns=136390421873 stage=sampler_finish count=10400 total_ns=12803802803 max_ns=5551782
SPF_IIOD_TIMING_V1 snapshot=1 dev=cf-ad9361-lpc metadata=1 burst=0 ring=0 direct=0 frame_iq_bytes=524288 transported_iq_bytes=5452595200 transported_frames=10400 wall_ns=136390421873 stage=metadata_build count=10400 total_ns=6257234534 max_ns=4199592
SPF_IIOD_TIMING_V1 snapshot=1 dev=cf-ad9361-lpc metadata=1 burst=0 ring=0 direct=0 frame_iq_bytes=524288 transported_iq_bytes=5452595200 transported_frames=10400 wall_ns=136390421873 stage=transport_frame count=10400 total_ns=103187338789 max_ns=16527420
SPF_IIOD_TIMING_V1 snapshot=1 dev=cf-ad9361-lpc metadata=1 burst=0 ring=0 direct=0 frame_iq_bytes=524288 transported_iq_bytes=5452595200 transported_frames=10400 wall_ns=136390421873 stage=transport_iq count=10400 total_ns=93222871879 max_ns=15234654
SPF_IIOD_TIMING_V1 snapshot=1 dev=cf-ad9361-lpc metadata=1 burst=0 ring=0 direct=0 frame_iq_bytes=524288 transported_iq_bytes=5505024000 transported_frames=10500 wall_ns=137712501714 stage=sampler_admit count=10500 total_ns=4397837123 max_ns=6221604
SPF_IIOD_TIMING_V1 snapshot=1 dev=cf-ad9361-lpc metadata=1 burst=0 ring=0 direct=0 frame_iq_bytes=524288 transported_iq_bytes=5505024000 transported_frames=10500 wall_ns=137712501714 stage=dma_refill count=10500 total_ns=996214504 max_ns=3051168
SPF_IIOD_TIMING_V1 snapshot=1 dev=cf-ad9361-lpc metadata=1 burst=0 ring=0 direct=0 frame_iq_bytes=524288 transported_iq_bytes=5505024000 transported_frames=10500 wall_ns=137712501714 stage=sampler_finish count=10500 total_ns=12934918842 max_ns=5551782
SPF_IIOD_TIMING_V1 snapshot=1 dev=cf-ad9361-lpc metadata=1 burst=0 ring=0 direct=0 frame_iq_bytes=524288 transported_iq_bytes=5505024000 transported_frames=10500 wall_ns=137712501714 stage=metadata_build count=10500 total_ns=6317394452 max_ns=4199592
SPF_IIOD_TIMING_V1 snapshot=1 dev=cf-ad9361-lpc metadata=1 burst=0 ring=0 direct=0 frame_iq_bytes=524288 transported_iq_bytes=5505024000 transported_frames=10500 wall_ns=137712501714 stage=transport_frame count=10500 total_ns=104181538258 max_ns=16527420
SPF_IIOD_TIMING_V1 snapshot=1 dev=cf-ad9361-lpc metadata=1 burst=0 ring=0 direct=0 frame_iq_bytes=524288 transported_iq_bytes=5505024000 transported_frames=10500 wall_ns=137712501714 stage=transport_iq count=10500 total_ns=94121088040 max_ns=15234654
SPF_IIOD_TIMING_V1 snapshot=1 dev=cf-ad9361-lpc metadata=1 burst=0 ring=0 direct=0 frame_iq_bytes=524288 transported_iq_bytes=5557452800 transported_frames=10600 wall_ns=139039373455 stage=sampler_admit count=10600 total_ns=4436100168 max_ns=6221604
SPF_IIOD_TIMING_V1 snapshot=1 dev=cf-ad9361-lpc metadata=1 burst=0 ring=0 direct=0 frame_iq_bytes=524288 transported_iq_bytes=5557452800 transported_frames=10600 wall_ns=139039373455 stage=dma_refill count=10600 total_ns=1000937800 max_ns=3051168
SPF_IIOD_TIMING_V1 snapshot=1 dev=cf-ad9361-lpc metadata=1 burst=0 ring=0 direct=0 frame_iq_bytes=524288 transported_iq_bytes=5557452800 transported_frames=10600 wall_ns=139039373455 stage=sampler_finish count=10600 total_ns=13063214203 max_ns=5551782
SPF_IIOD_TIMING_V1 snapshot=1 dev=cf-ad9361-lpc metadata=1 burst=0 ring=0 direct=0 frame_iq_bytes=524288 transported_iq_bytes=5557452800 transported_frames=10600 wall_ns=139039373455 stage=metadata_build count=10600 total_ns=6377185814 max_ns=4199592
SPF_IIOD_TIMING_V1 snapshot=1 dev=cf-ad9361-lpc metadata=1 burst=0 ring=0 direct=0 frame_iq_bytes=524288 transported_iq_bytes=5557452800 transported_frames=10600 wall_ns=139039373455 stage=transport_frame count=10600 total_ns=105180926324 max_ns=16527420
SPF_IIOD_TIMING_V1 snapshot=1 dev=cf-ad9361-lpc metadata=1 burst=0 ring=0 direct=0 frame_iq_bytes=524288 transported_iq_bytes=5557452800 transported_frames=10600 wall_ns=139039373455 stage=transport_iq count=10600 total_ns=95024224152 max_ns=15234654
Protocol-v3 gain sampler found no overlap: frame=[2403964824731,2403964955803) queued=13 interval_records=13 earliest_before=2403964959615 latest_after=2403966377639 retained=13 failed=0
SPF metadata frame has no gain coverage: frame=10627 observations=0 startup_discards=0 buffered=0
SPF_IIOD_TIMING_V1 snapshot=0 dev=cf-ad9361-lpc metadata=1 burst=0 ring=0 direct=0 frame_iq_bytes=524288 transported_iq_bytes=5571608576 transported_frames=10627 wall_ns=139397058335 stage=sampler_admit count=10628 total_ns=4452892086 max_ns=6487590
SPF_IIOD_TIMING_V1 snapshot=0 dev=cf-ad9361-lpc metadata=1 burst=0 ring=0 direct=0 frame_iq_bytes=524288 transported_iq_bytes=5571608576 transported_frames=10627 wall_ns=139397058335 stage=dma_refill count=10628 total_ns=1002258268 max_ns=3051168
SPF_IIOD_TIMING_V1 snapshot=0 dev=cf-ad9361-lpc metadata=1 burst=0 ring=0 direct=0 frame_iq_bytes=524288 transported_iq_bytes=5571608576 transported_frames=10627 wall_ns=139397058335 stage=sampler_finish count=10628 total_ns=13097153035 max_ns=5551782
SPF_IIOD_TIMING_V1 snapshot=0 dev=cf-ad9361-lpc metadata=1 burst=0 ring=0 direct=0 frame_iq_bytes=524288 transported_iq_bytes=5571608576 transported_frames=10627 wall_ns=139397058335 stage=metadata_build count=10628 total_ns=6393464102 max_ns=4199592
SPF_IIOD_TIMING_V1 snapshot=0 dev=cf-ad9361-lpc metadata=1 burst=0 ring=0 direct=0 frame_iq_bytes=524288 transported_iq_bytes=5571608576 transported_frames=10627 wall_ns=139397058335 stage=transport_frame count=10628 total_ns=105449938943 max_ns=16527420
SPF_IIOD_TIMING_V1 snapshot=0 dev=cf-ad9361-lpc metadata=1 burst=0 ring=0 direct=0 frame_iq_bytes=524288 transported_iq_bytes=5571608576 transported_frames=10627 wall_ns=139397058335 stage=transport_iq count=10627 total_ns=95267314383 max_ns=15234654
Starting IIO Daemon version 0.25.66eb685
New client connected from 192.168.1.142
Client exited
New client connected from 192.168.1.142
Client exited
New client connected from 192.168.1.142
New client connected from 192.168.1.142
Client exited
New client connected from 192.168.1.142
Client exited
Client exited
