tracking_snapshot GLT1SNAP 00010000 474c5431 00000005 00000000 7ceaabd5 00000000 00000002 00000000 00000000 00000000 00000000 00000000 00000000 00000000 00000000 00000000 00000000 00000000 00000000 00000000 00529775 01c9c380 00009ab0 b04a2fab 00000001
capture_baseline_snapshot GLI1 00010000 30000000 2500000 1 0 30000000 0 0 0 0 0 0 0 00000000 00000000 00000000 00000000 00000000 00000000 00000000 00000000 00000000 00000000 00000000 00000000 00000000 00000000 00000000 00000000 00000000 00000000 00000000 00000820 008b3199 00000000 00000000 00000001 00000000 00000000 00000000 00000000 00000000 00000000 00000000 00000000 00000000 00000000 00000000 00000000 00000000 00000000 00000000 00000000 a07a32bb 00000001 7cec1e69 00000000 00000000 00000000 00000000 00000000 00000101 00000080 00000000 00000000 00000000 00000000 00000000 00000000 00000000 00003333 00004ccd 00002667 00000001 00000000 01c9c380 0000027c
capture_snapshot GLI1 00010000 30000000 2500000 2 0 30000000 0 0 0 0 0 0 0 7cec3f48 00000000 7cef4f74 00000000 0000415a 00000000 0000415a 00000000 0000006a 00000000 00000000 00000000 00031547 00000000 000041c4 00000000 00000000 00000000 00000000 00000039 008b3199 00000001 00000000 00000001 00000000 00000000 00000000 00000000 00000000 00000000 00000000 00000000 00000000 00000000 00000000 00000000 00000000 00000000 00000000 00000000 a084d673 00000001 7cef4f8d 00000000 00000000 00000000 00000000 00000000 00000100 00000080 00000000 00000000 00000000 00000000 00000000 00000000 00000000 00003333 00004ccd 00002667 00000001 00000000 01c9c380 0000027c
tracking_snapshot GLT1SNAP 00010000 474c5431 00000006 00000001 7cef85b9 00000000 00000033 00000000 00000000 00000000 00000000 00000000 00000000 00000000 00000000 00000000 00000000 00000000 00000000 00000000 00000000 01c9c380 00009ab0 b04a2fab 00000001

epoch_binding 9122201 1 2096072121 174672677
capture_snapshot GLI1 00010000 30000000 2500000 3 0 30000000 0 0 0 0 0 0 0 7cec3f48 00000000 7cf24f5c 00000000 00008158 00000000 00008158 00000000 0000006a 00000000 00000000 00000000 0006152c 00000000 000081c2 00000000 00000000 00000000 00000000 00000039 008b3199 00000001 00000000 00000001 00000000 00000000 00000000 00000000 00000000 00000000 00000000 00000000 00000000 00000000 00000000 00000000 00000000 00000000 00000000 00000000 a08ed605 00000001 7cf24f72 00000000 00000000 00000000 00000000 00000000 00000100 00000080 00000000 00000000 00000000 00000000 00000000 00000000 00000000 00003333 00004ccd 00002667 00000001 00000000 01c9c380 0000027c
capture_snapshot GLI1 00010000 30000000 2500000 4 0 30000000 0 0 0 0 0 0 0 7cec3f48 00000000 7cf558e0 00000000 0000c223 00000000 0000c223 00000000 0000006a 00000000 00000000 00000000 00091eac 00000000 0000c28d 00000000 00000000 00000000 00000000 00000039 008b3199 00000001 00000000 00000001 00000000 00000000 00000000 00000000 00000000 00000000 00000000 00000000 00000000 00000000 00000000 00000000 00000000 00000000 00000000 00000000 a098f59d 00000001 7cf558f2 00000000 00000000 00000000 00000000 00000000 00000101 00000080 00000000 00000000 00000000 00000000 00000000 00000000 00000000 00003333 00004ccd 00002667 00000001 00000000 01c9c380 0000027c
capture_snapshot GLI1 00010000 30000000 2500000 5 0 30000000 0 0 0 0 0 0 0 7cec3f48 00000000 7cf85340 00000000 000101ab 00000000 000101ab 00000000 0000006a 00000000 00000000 00000000 000c190d 00000000 00010215 00000000 00000000 00000000 00000000 00000039 008b3199 00000001 00000000 00000001 00000000 00000000 00000000 00000000 00000000 00000000 00000000 00000000 00000000 00000000 00000000 00000000 00000000 00000000 00000000 00000000 a0a2e2ce 00000001 7cf85353 00000000 00000000 00000000 00000000 00000000 00000101 00000081 00000000 00000000 00000000 00000000 00000000 00000000 00000000 00003333 00004ccd 00002667 00000001 00000000 01c9c380 0000027c
capture_snapshot GLI1 00010000 30000000 2500000 6 0 30000000 0 0 0 0 0 0 0 7cec3f48 00000000 7cfb52f8 00000000 000141a5 00000000 000141a5 00000000 0000006a 00000000 00000000 00000000 000f18c2 00000000 0001420f 00000000 00000000 00000000 00000000 00000039 008b3199 00000001 00000000 00000001 00000000 00000000 00000000 00000000 00000000 00000000 00000000 00000000 00000000 00000000 00000000 00000000 00000000 00000000 00000000 00000000 a0ace1c0 00000001 7cfb5308 00000000 00000000 00000000 00000000 00000000 00000101 00000081 00000000 00000000 00000000 00000000 00000000 00000000 00000000 00003333 00004ccd 00002667 00000001 00000000 01c9c380 0000027c
capture_snapshot GLI1 00010000 30000000 2500000 7 0 30000000 0 0 0 0 0 0 0 7cec3f48 00000000 7cfe531c 00000000 000181a8 00000000 000181a8 00000000 0000006a 00000000 00000000 00000000 001218ed 00000000 00018212 00000000 00000000 00000000 00000000 00000039 008b3199 00000001 00000000 00000001 00000000 00000000 00000000 00000000 00000000 00000000 00000000 00000000 00000000 00000000 00000000 00000000 00000000 00000000 00000000 00000000 a0b6e23c 00000001 7cfe5333 00000000 00000000 00000000 00000000 00000000 00000101 00000081 00000000 00000000 00000000 00000000 00000000 00000000 00000000 00003333 00004ccd 00002667 00000001 00000000 01c9c380 0000027c
capture_snapshot GLI1 00010000 30000000 2500000 8 0 30000000 0 0 0 0 0 0 0 7cec3f48 00000000 7d0151c0 00000000 0001c18b 00000000 0001c18a 00000000 0000006a 00000000 00000000 00000000 00151788 00000000 0001c1f5 00000000 00000000 00000000 00000000 0000003b 008b3199 00000001 00000001 00000001 00000000 00000000 00000000 00000000 00000000 00000000 00000000 00000000 00000000 00000000 00000000 00000000 00000000 00000000 00000000 00000000 a0c0dd83 00000001 7d0151ce 00000000 00000000 00000000 00000000 00000000 00000101 00000080 00000000 00000000 00000000 00000000 00000000 00000000 00000000 00003333 00004ccd 00002667 00000001 00000000 01c9c380 0000027c
capture_snapshot GLI1 00010000 30000000 2500000 9 0 30000000 0 0 0 0 0 0 0 7cec3f48 00000000 7d04528c 00000000 0002019c 00000000 0002019c 00000000 0000006a 00000000 00000000 00000000 00181855 00000000 00020206 00000000 00000000 00000000 00000000 00000039 008b3199 00000001 00000000 00000001 00000000 00000000 00000000 00000000 00000000 00000000 00000000 00000000 00000000 00000000 00000000 00000000 00000000 00000000 00000000 00000000 a0cae019 00000001 7d04529b 00000000 00000000 00000000 00000000 00000000 00000100 00000080 00000000 00000000 00000000 00000000 00000000 00000000 00000000 00003333 00004ccd 00002667 00000001 00000000 01c9c380 0000027c
capture_snapshot GLI1 00010000 30000000 2500000 10 0 30000000 0 0 0 0 0 0 0 7cec3f48 00000000 7d075268 00000000 00024199 00000000 00024199 00000000 0000006a 00000000 00000000 00000000 001b1834 00000000 00024203 00000000 00000000 00000000 00000000 00000039 008b3199 00000001 00000000 00000001 00000000 00000000 00000000 00000000 00000000 00000000 00000000 00000000 00000000 00000000 00000000 00000000 00000000 00000000 00000000 00000000 a0d4df99 00000001 7d07527a 00000000 00000000 00000000 00000000 00000000 00000101 00000081 00000000 00000000 00000000 00000000 00000000 00000000 00000000 00003333 00004ccd 00002667 00000001 00000000 01c9c380 0000027c
capture_snapshot GLI1 00010000 30000000 2500000 11 0 30000000 0 0 0 0 0 0 0 7cec3f48 00000000 7d0a5244 00000000 00028196 00000000 00028196 00000000 0000006a 00000000 00000000 00000000 001e1812 00000000 00028200 00000000 00000000 00000000 00000000 00000039 008b3199 00000001 00000000 00000001 00000000 00000000 00000000 00000000 00000000 00000000 00000000 00000000 00000000 00000000 00000000 00000000 00000000 00000000 00000000 00000000 a0dedf13 00000001 7d0a5258 00000000 00000000 00000000 00000000 00000000 00000101 00000080 00000000 00000000 00000000 00000000 00000000 00000000 00000000 00003333 00004ccd 00002667 00000001 00000000 01c9c380 0000027c
capture_snapshot GLI1 00010000 30000000 2500000 12 0 30000000 0 0 0 0 0 0 0 7cec3f48 00000000 7d0d5310 00000000 0002c1a7 00000000 0002c1a7 00000000 0000006a 00000000 00000000 00000000 002118e1 00000000 0002c211 00000000 00000000 00000000 00000000 00000039 008b3199 00000001 00000000 00000001 00000000 00000000 00000000 00000000 00000000 00000000 00000000 00000000 00000000 00000000 00000000 00000000 00000000 00000000 00000000 00000000 a0e8e1b2 00000001 7d0d5327 00000000 00000000 00000000 00000000 00000000 00000101 00000081 00000000 00000000 00000000 00000000 00000000 00000000 00000000 00003333 00004ccd 00002667 00000001 00000000 01c9c380 0000027c
capture_snapshot GLI1 00010000 30000000 2500000 13 0 30000000 0 0 0 0 0 0 0 7cec3f48 00000000 7d10528c 00000000 0003019c 00000000 0003019c 00000000 0000006a 00000000 00000000 00000000 0024185a 00000000 00030206 00000000 00000000 00000000 00000000 00000039 008b3199 00000001 00000000 00000001 00000000 00000000 00000000 00000000 00000000 00000000 00000000 00000000 00000000 00000000 00000000 00000000 00000000 00000000 00000000 00000000 a0f2dfdd 00000001 7d1052a0 00000000 00000000 00000000 00000000 00000000 00000101 00000081 00000000 00000000 00000000 00000000 00000000 00000000 00000000 00003333 00004ccd 00002667 00000001 00000000 01c9c380 0000027c
capture_snapshot GLI1 00010000 30000000 2500000 14 0 30000000 0 0 0 0 0 0 0 7cec3f48 00000000 7d135364 00000000 000341ae 00000000 000341ae 00000000 0000006a 00000000 00000000 00000000 0027192e 00000000 00034218 00000000 00000000 00000000 00000000 00000039 008b3199 00000001 00000000 00000001 00000000 00000000 00000000 00000000 00000000 00000000 00000000 00000000 00000000 00000000 00000000 00000000 00000000 00000000 00000000 00000000 a0fce28d 00000001 7d135374 00000000 00000000 00000000 00000000 00000000 00000100 00000080 00000000 00000000 00000000 00000000 00000000 00000000 00000000 00003333 00004ccd 00002667 00000001 00000000 01c9c380 0000027c
capture_snapshot GLI1 00010000 30000000 2500000 15 0 30000000 0 0 0 0 0 0 0 7cec3f48 00000000 7d165304 00000000 000381a6 00000000 000381a6 00000000 0000006a 00000000 00000000 00000000 002a18d2 00000000 00038210 00000000 00000000 00000000 00000000 00000039 008b3199 00000001 00000000 00000001 00000000 00000000 00000000 00000000 00000000 00000000 00000000 00000000 00000000 00000000 00000000 00000000 00000000 00000000 00000000 00000000 a106e145 00000001 7d165318 00000000 00000000 00000000 00000000 00000000 00000101 00000080 00000000 00000000 00000000 00000000 00000000 00000000 00000000 00003333 00004ccd 00002667 00000001 00000000 01c9c380 0000027c
capture_snapshot GLI1 00010000 30000000 2500000 16 0 30000000 0 0 0 0 0 0 0 7cec3f48 00000000 7d1952c8 00000000 0003c1a1 00000000 0003c1a1 00000000 0000006a 00000000 00000000 00000000 002d1892 00000000 0003c20b 00000000 00000000 00000000 00000000 00000039 008b3199 00000001 00000000 00000001 00000000 00000000 00000000 00000000 00000000 00000000 00000000 00000000 00000000 00000000 00000000 00000000 00000000 00000000 00000000 00000000 a110e05d 00000001 7d1952d8 00000000 00000000 00000000 00000000 00000000 00000101 00000081 00000000 00000000 00000000 00000000 00000000 00000000 00000000 00003333 00004ccd 00002667 00000001 00000000 01c9c380 0000027c
capture_snapshot GLI1 00010000 30000000 2500000 17 0 30000000 0 0 0 0 0 0 0 7cec3f48 00000000 7d1c525c 00000000 00040198 00000000 00040198 00000000 0000006a 00000000 00000000 00000000 0030182a 00000000 00040202 00000000 00000000 00000000 00000000 00000039 008b3199 00000001 00000000 00000001 00000000 00000000 00000000 00000000 00000000 00000000 00000000 00000000 00000000 00000000 00000000 00000000 00000000 00000000 00000000 00000000 a11adeee 00000001 7d1c5270 00000000 00000000 00000000 00000000 00000000 00000101 00000080 00000000 00000000 00000000 00000000 00000000 00000000 00000000 00003333 00004ccd 00002667 00000001 00000000 01c9c380 0000027c
capture_snapshot GLI1 00010000 30000000 2500000 18 0 30000000 0 0 0 0 0 0 0 7cec3f48 00000000 7d1f5268 00000000 00044199 00000000 00044199 00000000 0000006a 00000000 00000000 00000000 00331831 00000000 00044203 00000000 00000000 00000000 00000000 00000039 008b3199 00000001 00000000 00000001 00000000 00000000 00000000 00000000 00000000 00000000 00000000 00000000 00000000 00000000 00000000 00000000 00000000 00000000 00000000 00000000 a124def3 00000001 7d1f5277 00000000 00000000 00000000 00000000 00000000 00000101 00000081 00000000 00000000 00000000 00000000 00000000 00000000 00000000 00003333 00004ccd 00002667 00000001 00000000 01c9c380 0000027c
capture_snapshot GLI1 00010000 30000000 2500000 19 0 30000000 0 0 0 0 0 0 0 7cec3f48 00000000 7d225808 00000000 00048211 00000000 00048211 00000000 0000006a 00000000 00000000 00000000 00361dd7 00000000 0004827b 00000000 00000000 00000000 00000000 00000039 008b3199 00000001 00000000 00000001 00000000 00000000 00000000 00000000 00000000 00000000 00000000 00000000 00000000 00000000 00000000 00000000 00000000 00000000 00000000 00000000 a12ef1b2 00000001 7d22581d 00000000 00000000 00000000 00000000 00000000 00000101 00000080 00000000 00000000 00000000 00000000 00000000 00000000 00000000 00003333 00004ccd 00002667 00000001 00000000 01c9c380 0000027c
capture_snapshot GLI1 00010000 30000000 2500000 20 0 30000000 0 0 0 0 0 0 0 7cec3f48 00000000 7d255238 00000000 0004c195 00000000 0004c195 00000000 0000006a 00000000 00000000 00000000 0039180a 00000000 0004c1ff 00000000 00000000 00000000 00000000 00000039 008b3199 00000001 00000000 00000001 00000000 00000000 00000000 00000000 00000000 00000000 00000000 00000000 00000000 00000000 00000000 00000000 00000000 00000000 00000000 00000000 a138de49 00000001 7d255250 00000000 00000000 00000000 00000000 00000000 00000101 00000080 00000000 00000000 00000000 00000000 00000000 00000000 00000000 00003333 00004ccd 00002667 00000001 00000000 01c9c380 0000027c
capture_snapshot GLI1 00010000 30000000 2500000 21 0 30000000 0 0 0 0 0 0 0 7cec3f48 00000000 7d2852b0 00000000 0005019f 00000000 0005019f 00000000 0000006a 00000000 00000000 00000000 003c187c 00000000 00050209 00000000 00000000 00000000 00000000 00000039 008b3199 00000001 00000000 00000001 00000000 00000000 00000000 00000000 00000000 00000000 00000000 00000000 00000000 00000000 00000000 00000000 00000000 00000000 00000000 00000000 a142dfb2 00000001 7d2852c2 00000000 00000000 00000000 00000000 00000000 00000101 00000081 00000000 00000000 00000000 00000000 00000000 00000000 00000000 00003333 00004ccd 00002667 00000001 00000000 01c9c380 0000027c
capture_snapshot GLI1 00010000 30000000 2500000 22 0 30000000 0 0 0 0 0 0 0 7cec3f48 00000000 7d2b5274 00000000 0005419a 00000000 0005419a 00000000 0000006a 00000000 00000000 00000000 003f183f 00000000 00054204 00000000 00000000 00000000 00000000 00000039 008b3199 00000001 00000000 00000001 00000000 00000000 00000000 00000000 00000000 00000000 00000000 00000000 00000000 00000000 00000000 00000000 00000000 00000000 00000000 00000000 a14cded4 00000001 7d2b5285 00000000 00000000 00000000 00000000 00000000 00000101 00000080 00000000 00000000 00000000 00000000 00000000 00000000 00000000 00003333 00004ccd 00002667 00000001 00000000 01c9c380 0000027c
capture_snapshot GLI1 00010000 30000000 2500000 23 0 30000000 0 0 0 0 0 0 0 7cec3f48 00000000 7d2e5268 00000000 00058199 00000000 00058199 00000000 0000006a 00000000 00000000 00000000 00421836 00000000 00058203 00000000 00000000 00000000 00000000 00000039 008b3199 00000001 00000000 00000001 00000000 00000000 00000000 00000000 00000000 00000000 00000000 00000000 00000000 00000000 00000000 00000000 00000000 00000000 00000000 00000000 a156dea1 00000001 7d2e527c 00000000 00000000 00000000 00000000 00000000 00000101 00000080 00000000 00000000 00000000 00000000 00000000 00000000 00000000 00003333 00004ccd 00002667 00000001 00000000 01c9c380 0000027c
capture_snapshot GLI1 00010000 30000000 2500000 24 0 30000000 0 0 0 0 0 0 0 7cec3f48 00000000 7d315298 00000000 0005c19d 00000000 0005c19d 00000000 0000006a 00000000 00000000 00000000 00451863 00000000 0005c207 00000000 00000000 00000000 00000000 00000039 008b3199 00000001 00000000 00000001 00000000 00000000 00000000 00000000 00000000 00000000 00000000 00000000 00000000 00000000 00000000 00000000 00000000 00000000 00000000 00000000 a160df24 00000001 7d3152a9 00000000 00000000 00000000 00000000 00000000 00000101 00000081 00000000 00000000 00000000 00000000 00000000 00000000 00000000 00003333 00004ccd 00002667 00000001 00000000 01c9c380 0000027c
capture_snapshot GLI1 00010000 30000000 2500000 25 0 30000000 0 0 0 0 0 0 0 7cec3f48 00000000 7d345268 00000000 00060199 00000000 00060199 00000000 0000006a 00000000 00000000 00000000 00481835 00000000 00060203 00000000 00000000 00000000 00000000 00000039 008b3199 00000001 00000000 00000001 00000000 00000000 00000000 00000000 00000000 00000000 00000000 00000000 00000000 00000000 00000000 00000000 00000000 00000000 00000000 00000000 a16ade79 00000001 7d34527b 00000000 00000000 00000000 00000000 00000000 00000100 00000080 00000000 00000000 00000000 00000000 00000000 00000000 00000000 00003333 00004ccd 00002667 00000001 00000000 01c9c380 0000027c
capture_snapshot GLI1 00010000 30000000 2500000 26 0 30000000 0 0 0 0 0 0 0 7cec3f48 00000000 7d37531c 00000000 000641a8 00000000 000641a8 00000000 0000006a 00000000 00000000 00000000 004b18e6 00000000 00064212 00000000 00000000 00000000 00000000 00000039 008b3199 00000001 00000000 00000001 00000000 00000000 00000000 00000000 00000000 00000000 00000000 00000000 00000000 00000000 00000000 00000000 00000000 00000000 00000000 00000000 a174e0b1 00000001 7d37532c 00000000 00000000 00000000 00000000 00000000 00000101 00000080 00000000 00000000 00000000 00000000 00000000 00000000 00000000 00003333 00004ccd 00002667 00000001 00000000 01c9c380 0000027c
capture_snapshot GLI1 00010000 30000000 2500000 27 0 30000000 0 0 0 0 0 0 0 7cec3f48 00000000 7d3a537c 00000000 000681b0 00000000 000681b0 00000000 0000006a 00000000 00000000 00000000 004e1947 00000000 0006821a 00000000 00000000 00000000 00000000 00000039 008b3199 00000001 00000000 00000001 00000000 00000000 00000000 00000000 00000000 00000000 00000000 00000000 00000000 00000000 00000000 00000000 00000000 00000000 00000000 00000000 a17ee1e2 00000001 7d3a538d 00000000 00000000 00000000 00000000 00000000 00000101 00000081 00000000 00000000 00000000 00000000 00000000 00000000 00000000 00003333 00004ccd 00002667 00000001 00000000 01c9c380 0000027c
capture_snapshot GLI1 00010000 30000000 2500000 28 0 30000000 0 0 0 0 0 0 0 7cec3f48 00000000 7d3d5298 00000000 0006c19d 00000000 0006c19d 00000000 0000006a 00000000 00000000 00000000 00511861 00000000 0006c207 00000000 00000000 00000000 00000000 00000039 008b3199 00000001 00000000 00000001 00000000 00000000 00000000 00000000 00000000 00000000 00000000 00000000 00000000 00000000 00000000 00000000 00000000 00000000 00000000 00000000 a188ded0 00000001 7d3d52a7 00000000 00000000 00000000 00000000 00000000 00000101 00000081 00000000 00000000 00000000 00000000 00000000 00000000 00000000 00003333 00004ccd 00002667 00000001 00000000 01c9c380 0000027c
capture_snapshot GLI1 00010000 30000000 2500000 29 0 30000000 0 0 0 0 0 0 0 7cec3f48 00000000 7d4052a4 00000000 0007019e 00000000 0007019e 00000000 0000006a 00000000 00000000 00000000 00541874 00000000 00070208 00000000 00000000 00000000 00000000 00000039 008b3199 00000001 00000000 00000001 00000000 00000000 00000000 00000000 00000000 00000000 00000000 00000000 00000000 00000000 00000000 00000000 00000000 00000000 00000000 00000000 a192defa 00000001 7d4052ba 00000000 00000000 00000000 00000000 00000000 00000100 00000080 00000000 00000000 00000000 00000000 00000000 00000000 00000000 00003333 00004ccd 00002667 00000001 00000000 01c9c380 0000027c
capture_snapshot GLI1 00010000 30000000 2500000 30 0 30000000 0 0 0 0 0 0 0 7cec3f48 00000000 7d4353ac 00000000 000741b4 00000000 000741b4 00000000 0000006a 00000000 00000000 00000000 00571979 00000000 0007421e 00000000 00000000 00000000 00000000 00000039 008b3199 00000001 00000000 00000001 00000000 00000000 00000000 00000000 00000000 00000000 00000000 00000000 00000000 00000000 00000000 00000000 00000000 00000000 00000000 00000000 a19ce24d 00000001 7d4353bf 00000000 00000000 00000000 00000000 00000000 00000101 00000080 00000000 00000000 00000000 00000000 00000000 00000000 00000000 00003333 00004ccd 00002667 00000001 00000000 01c9c380 0000027c
capture_snapshot GLI1 00010000 30000000 2500000 31 0 30000000 0 0 0 0 0 0 0 7cec3f48 00000000 7d4652b0 00000000 0007819f 00000000 0007819f 00000000 0000006a 00000000 00000000 00000000 005a1882 00000000 00078209 00000000 00000000 00000000 00000000 00000039 008b3199 00000001 00000000 00000001 00000000 00000000 00000000 00000000 00000000 00000000 00000000 00000000 00000000 00000000 00000000 00000000 00000000 00000000 00000000 00000000 a1a6df04 00000001 7d4652c8 00000000 00000000 00000000 00000000 00000000 00000100 00000080 00000000 00000000 00000000 00000000 00000000 00000000 00000000 00003333 00004ccd 00002667 00000001 00000000 01c9c380 0000027c
capture_snapshot GLI1 00010000 30000000 2500000 32 0 30000000 0 0 0 0 0 0 0 7cec3f48 00000000 7d495448 00000000 0007c1c1 00000000 0007c1c1 00000000 0000006a 00000000 00000000 00000000 005d1a1c 00000000 0007c22b 00000000 00000000 00000000 00000000 00000039 008b3199 00000001 00000000 00000001 00000000 00000000 00000000 00000000 00000000 00000000 00000000 00000000 00000000 00000000 00000000 00000000 00000000 00000000 00000000 00000000 a1b0e446 00000001 7d495462 00000000 00000000 00000000 00000000 00000000 00000101 00000081 00000000 00000000 00000000 00000000 00000000 00000000 00000000 00003333 00004ccd 00002667 00000001 00000000 01c9c380 0000027c
capture_snapshot GLI1 00010000 30000000 2500000 33 0 30000000 0 0 0 0 0 0 0 7cec3f48 00000000 7d4c5298 00000000 0008019d 00000000 0008019d 00000000 0000006a 00000000 00000000 00000000 00601864 00000000 00080207 00000000 00000000 00000000 00000000 00000039 008b3199 00000001 00000000 00000001 00000000 00000000 00000000 00000000 00000000 00000000 00000000 00000000 00000000 00000000 00000000 00000000 00000000 00000000 00000000 00000000 a1bade77 00000001 7d4c52aa 00000000 00000000 00000000 00000000 00000000 00000101 00000080 00000000 00000000 00000000 00000000 00000000 00000000 00000000 00003333 00004ccd 00002667 00000001 00000000 01c9c380 0000027c
capture_snapshot GLI1 00010000 30000000 2500000 34 0 30000000 0 0 0 0 0 0 0 7cec3f48 00000000 7d4f5214 00000000 00084192 00000000 00084192 00000000 0000006a 00000000 00000000 00000000 006317df 00000000 000841fc 00000000 00000000 00000000 00000000 00000039 008b3199 00000001 00000000 00000001 00000000 00000000 00000000 00000000 00000000 00000000 00000000 00000000 00000000 00000000 00000000 00000000 00000000 00000000 00000000 00000000 a1c4dca9 00000001 7d4f5225 00000000 00000000 00000000 00000000 00000000 00000101 00000081 00000000 00000000 00000000 00000000 00000000 00000000 00000000 00003333 00004ccd 00002667 00000001 00000000 01c9c380 0000027c
capture_snapshot GLI1 00010000 30000000 2500000 35 0 30000000 0 0 0 0 0 0 0 7cec3f48 00000000 7d5252e0 00000000 000881a3 00000000 000881a3 00000000 0000006a 00000000 00000000 00000000 006618a9 00000000 0008820d 00000000 00000000 00000000 00000000 00000039 008b3199 00000001 00000000 00000001 00000000 00000000 00000000 00000000 00000000 00000000 00000000 00000000 00000000 00000000 00000000 00000000 00000000 00000000 00000000 00000000 a1cedf39 00000001 7d5252ef 00000000 00000000 00000000 00000000 00000000 00000100 00000080 00000000 00000000 00000000 00000000 00000000 00000000 00000000 00003333 00004ccd 00002667 00000001 00000000 01c9c380 0000027c
capture_snapshot GLI1 00010000 30000000 2500000 36 0 30000000 0 0 0 0 0 0 0 7cec3f48 00000000 7d5552b0 00000000 0008c19f 00000000 0008c19f 00000000 0000006a 00000000 00000000 00000000 00691883 00000000 0008c209 00000000 00000000 00000000 00000000 00000039 008b3199 00000001 00000000 00000001 00000000 00000000 00000000 00000000 00000000 00000000 00000000 00000000 00000000 00000000 00000000 00000000 00000000 00000000 00000000 00000000 a1d8dea5 00000001 7d5552c9 00000000 00000000 00000000 00000000 00000000 00000101 00000081 00000000 00000000 00000000 00000000 00000000 00000000 00000000 00003333 00004ccd 00002667 00000001 00000000 01c9c380 0000027c
capture_snapshot GLI1 00010000 30000000 2500000 37 0 30000000 0 0 0 0 0 0 0 7cec3f48 00000000 7d58528c 00000000 0009019c 00000000 0009019c 00000000 0000006a 00000000 00000000 00000000 006c1859 00000000 00090206 00000000 00000000 00000000 00000000 00000039 008b3199 00000001 00000000 00000001 00000000 00000000 00000000 00000000 00000000 00000000 00000000 00000000 00000000 00000000 00000000 00000000 00000000 00000000 00000000 00000000 a1e2de07 00000001 7d58529f 00000000 00000000 00000000 00000000 00000000 00000100 00000080 00000000 00000000 00000000 00000000 00000000 00000000 00000000 00003333 00004ccd 00002667 00000001 00000000 01c9c380 0000027c
capture_snapshot GLI1 00010000 30000000 2500000 38 0 30000000 0 0 0 0 0 0 0 7cec3f48 00000000 7d5b52d4 00000000 000941a2 00000000 000941a2 00000000 0000006a 00000000 00000000 00000000 006f18a3 00000000 0009420c 00000000 00000000 00000000 00000000 00000039 008b3199 00000001 00000000 00000001 00000000 00000000 00000000 00000000 00000000 00000000 00000000 00000000 00000000 00000000 00000000 00000000 00000000 00000000 00000000 00000000 a1ecdee9 00000001 7d5b52e9 00000000 00000000 00000000 00000000 00000000 00000101 00000080 00000000 00000000 00000000 00000000 00000000 00000000 00000000 00003333 00004ccd 00002667 00000001 00000000 01c9c380 0000027c
capture_snapshot GLI1 00010000 30000000 2500000 39 0 30000000 0 0 0 0 0 0 0 7cec3f48 00000000 7d5e52c8 00000000 000981a1 00000000 000981a1 00000000 0000006a 00000000 00000000 00000000 00721899 00000000 0009820b 00000000 00000000 00000000 00000000 00000039 008b3199 00000001 00000000 00000001 00000000 00000000 00000000 00000000 00000000 00000000 00000000 00000000 00000000 00000000 00000000 00000000 00000000 00000000 00000000 00000000 a1f6deb5 00000001 7d5e52df 00000000 00000000 00000000 00000000 00000000 00000100 00000080 00000000 00000000 00000000 00000000 00000000 00000000 00000000 00003333 00004ccd 00002667 00000001 00000000 01c9c380 0000027c
capture_snapshot GLI1 00010000 30000000 2500000 40 0 30000000 0 0 0 0 0 0 0 7cec3f48 00000000 7d615298 00000000 0009c19d 00000000 0009c19d 00000000 0000006a 00000000 00000000 00000000 00751868 00000000 0009c207 00000000 00000000 00000000 00000000 00000039 008b3199 00000001 00000000 00000001 00000000 00000000 00000000 00000000 00000000 00000000 00000000 00000000 00000000 00000000 00000000 00000000 00000000 00000000 00000000 00000000 a200ddfb 00000001 7d6152ae 00000000 00000000 00000000 00000000 00000000 00000100 00000080 00000000 00000000 00000000 00000000 00000000 00000000 00000000 00003333 00004ccd 00002667 00000001 00000000 01c9c380 0000027c
capture_snapshot GLI1 00010000 30000000 2500000 41 0 30000000 0 0 0 0 0 0 0 7cec3f48 00000000 7d6452bc 00000000 000a01a0 00000000 000a01a0 00000000 0000006a 00000000 00000000 00000000 00781885 00000000 000a020a 00000000 00000000 00000000 00000000 00000039 008b3199 00000001 00000000 00000001 00000000 00000000 00000000 00000000 00000000 00000000 00000000 00000000 00000000 00000000 00000000 00000000 00000000 00000000 00000000 00000000 a20ade48 00000001 7d6452cb 00000000 00000000 00000000 00000000 00000000 00000100 00000080 00000000 00000000 00000000 00000000 00000000 00000000 00000000 00003333 00004ccd 00002667 00000001 00000000 01c9c380 0000027c
capture_snapshot GLI1 00010000 30000000 2500000 42 0 30000000 0 0 0 0 0 0 0 7cec3f48 00000000 7d675310 00000000 000a41a7 00000000 000a41a6 00000000 0000006a 00000000 00000000 00000000 007b18d8 00000000 000a4211 00000000 00000000 00000000 00000000 0000003b 008b3199 00000001 00000001 00000001 00000000 00000000 00000000 00000000 00000000 00000000 00000000 00000000 00000000 00000000 00000000 00000000 00000000 00000000 00000000 00000000 a214df4c 00000001 7d67531e 00000000 00000000 00000000 00000000 00000000 00000100 00000080 00000000 00000000 00000000 00000000 00000000 00000000 00000000 00003333 00004ccd 00002667 00000001 00000000 01c9c380 0000027c
capture_snapshot GLI1 00010000 30000000 2500000 43 0 30000000 0 0 0 0 0 0 0 7cec3f48 00000000 7d6a5220 00000000 000a8193 00000000 000a8193 00000000 0000006a 00000000 00000000 00000000 007e17ee 00000000 000a81fd 00000000 00000000 00000000 00000000 00000039 008b3199 00000001 00000000 00000001 00000000 00000000 00000000 00000000 00000000 00000000 00000000 00000000 00000000 00000000 00000000 00000000 00000000 00000000 00000000 00000000 a21edc2b 00000001 7d6a5234 00000000 00000000 00000000 00000000 00000000 00000101 00000081 00000000 00000000 00000000 00000000 00000000 00000000 00000000 00003333 00004ccd 00002667 00000001 00000000 01c9c380 0000027c
capture_snapshot GLI1 00010000 30000000 2500000 44 0 30000000 0 0 0 0 0 0 0 7cec3f48 00000000 7d6d528c 00000000 000ac19c 00000000 000ac19c 00000000 0000006a 00000000 00000000 00000000 0081185d 00000000 000ac206 00000000 00000000 00000000 00000000 00000039 008b3199 00000001 00000000 00000001 00000000 00000000 00000000 00000000 00000000 00000000 00000000 00000000 00000000 00000000 00000000 00000000 00000000 00000000 00000000 00000000 a228dd8c 00000001 7d6d52a3 00000000 00000000 00000000 00000000 00000000 00000100 00000080 00000000 00000000 00000000 00000000 00000000 00000000 00000000 00003333 00004ccd 00002667 00000001 00000000 01c9c380 0000027c
capture_snapshot GLI1 00010000 30000000 2500000 45 0 30000000 0 0 0 0 0 0 0 7cec3f48 00000000 7d7052d4 00000000 000b01a2 00000000 000b01a2 00000000 0000006a 00000000 00000000 00000000 008418a7 00000000 000b020c 00000000 00000000 00000000 00000000 00000039 008b3199 00000001 00000000 00000001 00000000 00000000 00000000 00000000 00000000 00000000 00000000 00000000 00000000 00000000 00000000 00000000 00000000 00000000 00000000 00000000 a232de6c 00000001 7d7052ed 00000000 00000000 00000000 00000000 00000000 00000101 00000080 00000000 00000000 00000000 00000000 00000000 00000000 00000000 00003333 00004ccd 00002667 00000001 00000000 01c9c380 0000027c
capture_snapshot GLI1 00010000 30000000 2500000 46 0 30000000 0 0 0 0 0 0 0 7cec3f48 00000000 7d73534c 00000000 000b41ac 00000000 000b41ac 00000000 0000006a 00000000 00000000 00000000 00871916 00000000 000b4216 00000000 00000000 00000000 00000000 00000039 008b3199 00000001 00000000 00000001 00000000 00000000 00000000 00000000 00000000 00000000 00000000 00000000 00000000 00000000 00000000 00000000 00000000 00000000 00000000 00000000 a23cdfcb 00000001 7d73535c 00000000 00000000 00000000 00000000 00000000 00000101 00000080 00000000 00000000 00000000 00000000 00000000 00000000 00000000 00003333 00004ccd 00002667 00000001 00000000 01c9c380 0000027c
capture_snapshot GLI1 00010000 30000000 2500000 47 0 30000000 0 0 0 0 0 0 0 7cec3f48 00000000 7d765280 00000000 000b819b 00000000 000b819a 00000000 0000006a 00000000 00000000 00000000 008a1848 00000000 000b8205 00000000 00000000 00000000 00000000 0000003b 008b3199 00000001 00000001 00000001 00000000 00000000 00000000 00000000 00000000 00000000 00000000 00000000 00000000 00000000 00000000 00000000 00000000 00000000 00000000 00000000 a246dd0a 00000001 7d76528e 00000000 00000000 00000000 00000000 00000000 00000101 00000080 00000000 00000000 00000000 00000000 00000000 00000000 00000000 00003333 00004ccd 00002667 00000001 00000000 01c9c380 0000027c
capture_snapshot GLI1 00010000 30000000 2500000 48 0 30000000 0 0 0 0 0 0 0 7cec3f48 00000000 7d795304 00000000 000bc1a6 00000000 000bc1a6 00000000 0000006a 00000000 00000000 00000000 008d18d3 00000000 000bc210 00000000 00000000 00000000 00000000 00000039 008b3199 00000001 00000000 00000001 00000000 00000000 00000000 00000000 00000000 00000000 00000000 00000000 00000000 00000000 00000000 00000000 00000000 00000000 00000000 00000000 a250dec6 00000001 7d795319 00000000 00000000 00000000 00000000 00000000 00000101 00000080 00000000 00000000 00000000 00000000 00000000 00000000 00000000 00003333 00004ccd 00002667 00000001 00000000 01c9c380 0000027c
capture_snapshot GLI1 00010000 30000000 2500000 49 0 30000000 0 0 0 0 0 0 0 7cec3f48 00000000 7d7c5250 00000000 000c0197 00000000 000c0197 00000000 0000006a 00000000 00000000 00000000 0090181d 00000000 000c0201 00000000 00000000 00000000 00000000 00000039 008b3199 00000001 00000000 00000001 00000000 00000000 00000000 00000000 00000000 00000000 00000000 00000000 00000000 00000000 00000000 00000000 00000000 00000000 00000000 00000000 a25adc54 00000001 7d7c5263 00000000 00000000 00000000 00000000 00000000 00000100 00000081 00000000 00000000 00000000 00000000 00000000 00000000 00000000 00003333 00004ccd 00002667 00000001 00000000 01c9c380 0000027c
capture_snapshot GLI1 00010000 30000000 2500000 50 0 30000000 0 0 0 0 0 0 0 7cec3f48 00000000 7d7f52e0 00000000 000c41a3 00000000 000c41a3 00000000 0000006a 00000000 00000000 00000000 009318a9 00000000 000c420d 00000000 00000000 00000000 00000000 00000039 008b3199 00000001 00000000 00000001 00000000 00000000 00000000 00000000 00000000 00000000 00000000 00000000 00000000 00000000 00000000 00000000 00000000 00000000 00000000 00000000 a264de12 00000001 7d7f52ef 00000000 00000000 00000000 00000000 00000000 00000101 00000081 00000000 00000000 00000000 00000000 00000000 00000000 00000000 00003333 00004ccd 00002667 00000001 00000000 01c9c380 0000027c
capture_snapshot GLI1 00010000 30000000 2500000 51 0 30000000 0 0 0 0 0 0 0 7cec3f48 00000000 7d825388 00000000 000c81b1 00000000 000c81b1 00000000 0000006a 00000000 00000000 00000000 0096195c 00000000 000c821b 00000000 00000000 00000000 00000000 00000039 008b3199 00000001 00000000 00000001 00000000 00000000 00000000 00000000 00000000 00000000 00000000 00000000 00000000 00000000 00000000 00000000 00000000 00000000 00000000 00000000 a26ee053 00000001 7d8253a2 00000000 00000000 00000000 00000000 00000000 00000101 00000081 00000000 00000000 00000000 00000000 00000000 00000000 00000000 00003333 00004ccd 00002667 00000001 00000000 01c9c380 0000027c
capture_snapshot GLI1 00010000 30000000 2500000 52 0 30000000 0 0 0 0 0 0 0 7cec3f48 00000000 7d855298 00000000 000cc19d 00000000 000cc19d 00000000 0000006a 00000000 00000000 00000000 00991866 00000000 000cc207 00000000 00000000 00000000 00000000 00000039 008b3199 00000001 00000000 00000001 00000000 00000000 00000000 00000000 00000000 00000000 00000000 00000000 00000000 00000000 00000000 00000000 00000000 00000000 00000000 00000000 a278dd0b 00000001 7d8552ac 00000000 00000000 00000000 00000000 00000000 00000101 00000080 00000000 00000000 00000000 00000000 00000000 00000000 00000000 00003333 00004ccd 00002667 00000001 00000000 01c9c380 0000027c
capture_snapshot GLI1 00010000 30000000 2500000 53 0 30000000 0 0 0 0 0 0 0 7cec3f48 00000000 7d885220 00000000 000d0193 00000000 000d0193 00000000 0000006a 00000000 00000000 00000000 009c17f2 00000000 000d01fd 00000000 00000000 00000000 00000000 00000039 008b3199 00000001 00000000 00000001 00000000 00000000 00000000 00000000 00000000 00000000 00000000 00000000 00000000 00000000 00000000 00000000 00000000 00000000 00000000 00000000 a282db77 00000001 7d885238 00000000 00000000 00000000 00000000 00000000 00000100 00000080 00000000 00000000 00000000 00000000 00000000 00000000 00000000 00003333 00004ccd 00002667 00000001 00000000 01c9c380 0000027c
capture_snapshot GLI1 00010000 30000000 2500000 54 0 30000000 0 0 0 0 0 0 0 7cec3f48 00000000 7d8b5268 00000000 000d4199 00000000 000d4199 00000000 0000006a 00000000 00000000 00000000 009f183b 00000000 000d4203 00000000 00000000 00000000 00000000 00000039 008b3199 00000001 00000000 00000001 00000000 00000000 00000000 00000000 00000000 00000000 00000000 00000000 00000000 00000000 00000000 00000000 00000000 00000000 00000000 00000000 a28cdc54 00000001 7d8b5281 00000000 00000000 00000000 00000000 00000000 00000100 00000080 00000000 00000000 00000000 00000000 00000000 00000000 00000000 00003333 00004ccd 00002667 00000001 00000000 01c9c380 0000027c
capture_snapshot GLI1 00010000 30000000 2500000 55 0 30000000 0 0 0 0 0 0 0 7cec3f48 00000000 7d8e52ec 00000000 000d81a4 00000000 000d81a4 00000000 0000006a 00000000 00000000 00000000 00a218be 00000000 000d820e 00000000 00000000 00000000 00000000 00000039 008b3199 00000001 00000000 00000001 00000000 00000000 00000000 00000000 00000000 00000000 00000000 00000000 00000000 00000000 00000000 00000000 00000000 00000000 00000000 00000000 a296ddf7 00000001 7d8e5304 00000000 00000000 00000000 00000000 00000000 00000101 00000081 00000000 00000000 00000000 00000000 00000000 00000000 00000000 00003333 00004ccd 00002667 00000001 00000000 01c9c380 0000027c
capture_snapshot GLI1 00010000 30000000 2500000 56 0 30000000 0 0 0 0 0 0 0 7cec3f48 00000000 7d915220 00000000 000dc193 00000000 000dc193 00000000 0000006a 00000000 00000000 00000000 00a517eb 00000000 000dc1fd 00000000 00000000 00000000 00000000 00000039 008b3199 00000001 00000000 00000001 00000000 00000000 00000000 00000000 00000000 00000000 00000000 00000000 00000000 00000000 00000000 00000000 00000000 00000000 00000000 00000000 a2a0db23 00000001 7d915231 00000000 00000000 00000000 00000000 00000000 00000101 00000080 00000000 00000000 00000000 00000000 00000000 00000000 00000000 00003333 00004ccd 00002667 00000001 00000000 01c9c380 0000027c
capture_snapshot GLI1 00010000 30000000 2500000 57 0 30000000 0 0 0 0 0 0 0 7cec3f48 00000000 7d945250 00000000 000e0197 00000000 000e0197 00000000 0000006a 00000000 00000000 00000000 00a81823 00000000 000e0201 00000000 00000000 00000000 00000000 00000039 008b3199 00000001 00000000 00000001 00000000 00000000 00000000 00000000 00000000 00000000 00000000 00000000 00000000 00000000 00000000 00000000 00000000 00000000 00000000 00000000 a2aadbcb 00000001 7d945269 00000000 00000000 00000000 00000000 00000000 00000101 00000081 00000000 00000000 00000000 00000000 00000000 00000000 00000000 00003333 00004ccd 00002667 00000001 00000000 01c9c380 0000027c
capture_snapshot GLI1 00010000 30000000 2500000 58 0 30000000 0 0 0 0 0 0 0 7cec3f48 00000000 7d975268 00000000 000e4199 00000000 000e4199 00000000 0000006a 00000000 00000000 00000000 00ab1833 00000000 000e4203 00000000 00000000 00000000 00000000 00000039 008b3199 00000001 00000000 00000001 00000000 00000000 00000000 00000000 00000000 00000000 00000000 00000000 00000000 00000000 00000000 00000000 00000000 00000000 00000000 00000000 a2b4dbec 00000001 7d975279 00000000 00000000 00000000 00000000 00000000 00000101 00000080 00000000 00000000 00000000 00000000 00000000 00000000 00000000 00003333 00004ccd 00002667 00000001 00000000 01c9c380 0000027c
capture_snapshot GLI1 00010000 30000000 2500000 59 0 30000000 0 0 0 0 0 0 0 7cec3f48 00000000 7d9a5274 00000000 000e819a 00000000 000e819a 00000000 0000006a 00000000 00000000 00000000 00ae1845 00000000 000e8204 00000000 00000000 00000000 00000000 00000039 008b3199 00000001 00000000 00000001 00000000 00000000 00000000 00000000 00000000 00000000 00000000 00000000 00000000 00000000 00000000 00000000 00000000 00000000 00000000 00000000 a2bedc15 00000001 7d9a528b 00000000 00000000 00000000 00000000 00000000 00000101 00000081 00000000 00000000 00000000 00000000 00000000 00000000 00000000 00003333 00004ccd 00002667 00000001 00000000 01c9c380 0000027c
capture_snapshot GLI1 00010000 30000000 2500000 60 0 30000000 0 0 0 0 0 0 0 7cec3f48 00000000 7d9d5244 00000000 000ec196 00000000 000ec196 00000000 0000006a 00000000 00000000 00000000 00b1180d 00000000 000ec200 00000000 00000000 00000000 00000000 00000039 008b3199 00000001 00000000 00000001 00000000 00000000 00000000 00000000 00000000 00000000 00000000 00000000 00000000 00000000 00000000 00000000 00000000 00000000 00000000 00000000 a2c8db49 00000001 7d9d5253 00000000 00000000 00000000 00000000 00000000 00000100 00000080 00000000 00000000 00000000 00000000 00000000 00000000 00000000 00003333 00004ccd 00002667 00000001 00000000 01c9c380 0000027c
capture_snapshot GLI1 00010000 30000000 2500000 61 0 30000000 0 0 0 0 0 0 0 7cec3f48 00000000 7da0528c 00000000 000f019c 00000000 000f019c 00000000 0000006a 00000000 00000000 00000000 00b4185b 00000000 000f0206 00000000 00000000 00000000 00000000 00000039 008b3199 00000001 00000000 00000001 00000000 00000000 00000000 00000000 00000000 00000000 00000000 00000000 00000000 00000000 00000000 00000000 00000000 00000000 00000000 00000000 a2d2dc38 00000001 7da052a1 00000000 00000000 00000000 00000000 00000000 00000101 00000081 00000000 00000000 00000000 00000000 00000000 00000000 00000000 00003333 00004ccd 00002667 00000001 00000000 01c9c380 0000027c
capture_snapshot GLI1 00010000 30000000 2500000 62 0 30000000 0 0 0 0 0 0 0 7cec3f48 00000000 7da35274 00000000 000f419a 00000000 000f419a 00000000 0000006a 00000000 00000000 00000000 00b71845 00000000 000f4204 00000000 00000000 00000000 00000000 00000039 008b3199 00000001 00000000 00000001 00000000 00000000 00000000 00000000 00000000 00000000 00000000 00000000 00000000 00000000 00000000 00000000 00000000 00000000 00000000 00000000 a2dcdbda 00000001 7da3528b 00000000 00000000 00000000 00000000 00000000 00000101 00000080 00000000 00000000 00000000 00000000 00000000 00000000 00000000 00003333 00004ccd 00002667 00000001 00000000 01c9c380 0000027c
capture_snapshot GLI1 00010000 30000000 2500000 63 0 30000000 0 0 0 0 0 0 0 7cec3f48 00000000 7da65550 00000000 000f81d7 00000000 000f81d7 00000000 0000006a 00000000 00000000 00000000 00ba1b23 00000000 000f8241 00000000 00000000 00000000 00000000 00000039 008b3199 00000001 00000000 00000001 00000000 00000000 00000000 00000000 00000000 00000000 00000000 00000000 00000000 00000000 00000000 00000000 00000000 00000000 00000000 00000000 a2e6e557 00000001 7da65569 00000000 00000000 00000000 00000000 00000000 00000100 00000080 00000000 00000000 00000000 00000000 00000000 00000000 00000000 00003333 00004ccd 00002667 00000001 00000000 01c9c380 0000027c
capture_snapshot GLI1 00010000 30000000 2500000 64 0 30000000 0 0 0 0 0 0 0 7cec3f48 00000000 7da95acc 00000000 000fc24c 00000000 000fc24c 00000000 0000006a 00000000 00000000 00000000 00bd209e 00000000 000fc2b6 00000000 00000000 00000000 00000000 00000039 008b3199 00000001 00000000 00000001 00000000 00000000 00000000 00000000 00000000 00000000 00000000 00000000 00000000 00000000 00000000 00000000 00000000 00000000 00000000 00000000 a2f0f788 00000001 7da95ae4 00000000 00000000 00000000 00000000 00000000 00000100 00000080 00000000 00000000 00000000 00000000 00000000 00000000 00000000 00003333 00004ccd 00002667 00000001 00000000 01c9c380 0000027c
capture_snapshot GLI1 00010000 30000000 2500000 65 0 30000000 0 0 0 0 0 0 0 7cec3f48 00000000 7dac5604 00000000 001001e6 00000000 001001e6 00000000 0000006a 00000000 00000000 00000000 00c01bd4 00000000 00100250 00000000 00000000 00000000 00000000 00000039 008b3199 00000001 00000000 00000001 00000000 00000000 00000000 00000000 00000000 00000000 00000000 00000000 00000000 00000000 00000000 00000000 00000000 00000000 00000000 00000000 a2fae77d 00000001 7dac561a 00000000 00000000 00000000 00000000 00000000 00000101 00000081 00000000 00000000 00000000 00000000 00000000 00000000 00000000 00003333 00004ccd 00002667 00000001 00000000 01c9c380 0000027c
capture_snapshot GLI1 00010000 30000000 2500000 66 0 30000000 0 0 0 0 0 0 0 7cec3f48 00000000 7daf5148 00000000 00104181 00000000 00104181 00000000 0000006a 00000000 00000000 00000000 00c31711 00000000 001041eb 00000000 00000000 00000000 00000000 00000039 008b3199 00000001 00000000 00000001 00000000 00000000 00000000 00000000 00000000 00000000 00000000 00000000 00000000 00000000 00000000 00000000 00000000 00000000 00000000 00000000 a304d78a 00000001 7daf5157 00000000 00000000 00000000 00000000 00000000 00000101 00000081 00000000 00000000 00000000 00000000 00000000 00000000 00000000 00003333 00004ccd 00002667 00000001 00000000 01c9c380 0000027c
capture_snapshot GLI1 00010000 30000000 2500000 67 0 30000000 0 0 0 0 0 0 0 7cec3f48 00000000 7db25190 00000000 00108187 00000000 00108187 00000000 0000006a 00000000 00000000 00000000 00c61760 00000000 001081f1 00000000 00000000 00000000 00000000 00000039 008b3199 00000001 00000000 00000001 00000000 00000000 00000000 00000000 00000000 00000000 00000000 00000000 00000000 00000000 00000000 00000000 00000000 00000000 00000000 00000000 a30ed87e 00000001 7db251a6 00000000 00000000 00000000 00000000 00000000 00000101 00000081 00000000 00000000 00000000 00000000 00000000 00000000 00000000 00003333 00004ccd 00002667 00000001 00000000 01c9c380 0000027c
capture_snapshot GLI1 00010000 30000000 2500000 68 0 30000000 0 0 0 0 0 0 0 7cec3f48 00000000 7db5513c 00000000 0010c180 00000000 0010c180 00000000 0000006a 00000000 00000000 00000000 00c9170a 00000000 0010c1ea 00000000 00000000 00000000 00000000 00000039 008b3199 00000001 00000000 00000001 00000000 00000000 00000000 00000000 00000000 00000000 00000000 00000000 00000000 00000000 00000000 00000000 00000000 00000000 00000000 00000000 a318d74c 00000001 7db55150 00000000 00000000 00000000 00000000 00000000 00000101 00000081 00000000 00000000 00000000 00000000 00000000 00000000 00000000 00003333 00004ccd 00002667 00000001 00000000 01c9c380 0000027c
capture_snapshot GLI1 00010000 30000000 2500000 69 0 30000000 0 0 0 0 0 0 0 7cec3f48 00000000 7db850dc 00000000 00110178 00000000 00110178 00000000 0000006a 00000000 00000000 00000000 00cc16aa 00000000 001101e2 00000000 00000000 00000000 00000000 00000039 008b3199 00000001 00000000 00000001 00000000 00000000 00000000 00000000 00000000 00000000 00000000 00000000 00000000 00000000 00000000 00000000 00000000 00000000 00000000 00000000 a322d5f8 00000001 7db850f0 00000000 00000000 00000000 00000000 00000000 00000101 00000081 00000000 00000000 00000000 00000000 00000000 00000000 00000000 00003333 00004ccd 00002667 00000001 00000000 01c9c380 0000027c
capture_snapshot GLI1 00010000 30000000 2500000 70 0 30000000 0 0 0 0 0 0 0 7cec3f48 00000000 7dbb51c0 00000000 0011418b 00000000 0011418b 00000000 0000006a 00000000 00000000 00000000 00cf178d 00000000 001141f5 00000000 00000000 00000000 00000000 00000039 008b3199 00000001 00000000 00000001 00000000 00000000 00000000 00000000 00000000 00000000 00000000 00000000 00000000 00000000 00000000 00000000 00000000 00000000 00000000 00000000 a32cd8db 00000001 7dbb51d3 00000000 00000000 00000000 00000000 00000000 00000100 00000080 00000000 00000000 00000000 00000000 00000000 00000000 00000000 00003333 00004ccd 00002667 00000001 00000000 01c9c380 0000027c
capture_snapshot GLI1 00010000 30000000 2500000 71 0 30000000 0 0 0 0 0 0 0 7cec3f48 00000000 7dbe5118 00000000 0011817d 00000000 0011817d 00000000 0000006a 00000000 00000000 00000000 00d216ec 00000000 001181e7 00000000 00000000 00000000 00000000 00000039 008b3199 00000001 00000000 00000001 00000000 00000000 00000000 00000000 00000000 00000000 00000000 00000000 00000000 00000000 00000000 00000000 00000000 00000000 00000000 00000000 a336d6ac 00000001 7dbe5132 00000000 00000000 00000000 00000000 00000000 00000101 00000080 00000000 00000000 00000000 00000000 00000000 00000000 00000000 00003333 00004ccd 00002667 00000001 00000000 01c9c380 0000027c
capture_snapshot GLI1 00010000 30000000 2500000 72 0 30000000 0 0 0 0 0 0 0 7cec3f48 00000000 7dc150c4 00000000 0011c176 00000000 0011c176 00000000 0000006a 00000000 00000000 00000000 00d51691 00000000 0011c1e0 00000000 00000000 00000000 00000000 00000039 008b3199 00000001 00000000 00000001 00000000 00000000 00000000 00000000 00000000 00000000 00000000 00000000 00000000 00000000 00000000 00000000 00000000 00000000 00000000 00000000 a340d56b 00000001 7dc150d7 00000000 00000000 00000000 00000000 00000000 00000101 00000081 00000000 00000000 00000000 00000000 00000000 00000000 00000000 00003333 00004ccd 00002667 00000001 00000000 01c9c380 0000027c
capture_snapshot GLI1 00010000 30000000 2500000 73 0 30000000 0 0 0 0 0 0 0 7cec3f48 00000000 7dc45190 00000000 00120187 00000000 00120187 00000000 0000006a 00000000 00000000 00000000 00d81760 00000000 001201f1 00000000 00000000 00000000 00000000 00000039 008b3199 00000001 00000000 00000001 00000000 00000000 00000000 00000000 00000000 00000000 00000000 00000000 00000000 00000000 00000000 00000000 00000000 00000000 00000000 00000000 a34ad808 00000001 7dc451a6 00000000 00000000 00000000 00000000 00000000 00000101 00000080 00000000 00000000 00000000 00000000 00000000 00000000 00000000 00003333 00004ccd 00002667 00000001 00000000 01c9c380 0000027c
capture_snapshot GLI1 00010000 30000000 2500000 74 0 30000000 0 0 0 0 0 0 0 7cec3f48 00000000 7dc7513c 00000000 00124180 00000000 00124180 00000000 0000006a 00000000 00000000 00000000 00db170f 00000000 001241ea 00000000 00000000 00000000 00000000 00000039 008b3199 00000001 00000000 00000001 00000000 00000000 00000000 00000000 00000000 00000000 00000000 00000000 00000000 00000000 00000000 00000000 00000000 00000000 00000000 00000000 a354d6e6 00000001 7dc75155 00000000 00000000 00000000 00000000 00000000 00000100 00000080 00000000 00000000 00000000 00000000 00000000 00000000 00000000 00003333 00004ccd 00002667 00000001 00000000 01c9c380 0000027c
capture_snapshot GLI1 00010000 30000000 2500000 75 0 30000000 0 0 0 0 0 0 0 7cec3f48 00000000 7dca5070 00000000 0012816f 00000000 0012816f 00000000 0000006a 00000000 00000000 00000000 00de1644 00000000 001281d9 00000000 00000000 00000000 00000000 00000039 008b3199 00000001 00000000 00000001 00000000 00000000 00000000 00000000 00000000 00000000 00000000 00000000 00000000 00000000 00000000 00000000 00000000 00000000 00000000 00000000 a35ed42f 00000001 7dca508a 00000000 00000000 00000000 00000000 00000000 00000101 00000081 00000000 00000000 00000000 00000000 00000000 00000000 00000000 00003333 00004ccd 00002667 00000001 00000000 01c9c380 0000027c
capture_snapshot GLI1 00010000 30000000 2500000 76 0 30000000 0 0 0 0 0 0 0 7cec3f48 00000000 7dcd525c 00000000 0012c198 00000000 0012c198 00000000 0000006a 00000000 00000000 00000000 00e11829 00000000 0012c202 00000000 00000000 00000000 00000000 00000039 008b3199 00000001 00000000 00000001 00000000 00000000 00000000 00000000 00000000 00000000 00000000 00000000 00000000 00000000 00000000 00000000 00000000 00000000 00000000 00000000 a368da6b 00000001 7dcd526f 00000000 00000000 00000000 00000000 00000000 00000100 00000080 00000000 00000000 00000000 00000000 00000000 00000000 00000000 00003333 00004ccd 00002667 00000001 00000000 01c9c380 0000027c
capture_snapshot GLI1 00010000 30000000 2500000 77 0 30000000 0 0 0 0 0 0 0 7cec3f48 00000000 7dd05754 00000000 00130202 00000000 00130202 00000000 0000006a 00000000 00000000 00000000 00e41d1e 00000000 0013026c 00000000 00000000 00000000 00000000 00000039 008b3199 00000001 00000000 00000001 00000000 00000000 00000000 00000000 00000000 00000000 00000000 00000000 00000000 00000000 00000000 00000000 00000000 00000000 00000000 00000000 a372eae0 00000001 7dd05764 00000000 00000000 00000000 00000000 00000000 00000100 00000080 00000000 00000000 00000000 00000000 00000000 00000000 00000000 00003333 00004ccd 00002667 00000001 00000000 01c9c380 0000027c
capture_snapshot GLI1 00010000 30000000 2500000 78 0 30000000 0 0 0 0 0 0 0 7cec3f48 00000000 7dd356b8 00000000 001341f5 00000000 001341f5 00000000 0000006a 00000000 00000000 00000000 00e71c82 00000000 0013425f 00000000 00000000 00000000 00000000 00000039 008b3199 00000001 00000000 00000001 00000000 00000000 00000000 00000000 00000000 00000000 00000000 00000000 00000000 00000000 00000000 00000000 00000000 00000000 00000000 00000000 a37ce8c3 00000001 7dd356c8 00000000 00000000 00000000 00000000 00000000 00000101 00000081 00000000 00000000 00000000 00000000 00000000 00000000 00000000 00003333 00004ccd 00002667 00000001 00000000 01c9c380 0000027c
capture_snapshot GLI1 00010000 30000000 2500000 79 0 30000000 0 0 0 0 0 0 0 7cec3f48 00000000 7dd66cb4 00000000 001383ca 00000000 001383ca 00000000 0000006a 00000000 00000000 00000000 00ea3280 00000000 00138434 00000000 00000000 00000000 00000000 00000039 008b3199 00000001 00000000 00000001 00000000 00000000 00000000 00000000 00000000 00000000 00000000 00000000 00000000 00000000 00000000 00000000 00000000 00000000 00000000 00000000 a38731fd 00000001 7dd66cc6 00000000 00000000 00000000 00000000 00000000 00000101 00000080 00000000 00000000 00000000 00000000 00000000 00000000 00000000 00003333 00004ccd 00002667 00000001 00000000 01c9c380 0000027c
capture_snapshot GLI1 00010000 30000000 2500000 80 0 30000000 0 0 0 0 0 0 0 7cec3f48 00000000 7dd97008 00000000 0013c411 00000000 0013c411 00000000 0000006a 00000000 00000000 00000000 00ed35d2 00000000 0013c47b 00000000 00000000 00000000 00000000 00000039 008b3199 00000001 00000000 00000001 00000000 00000000 00000000 00000000 00000000 00000000 00000000 00000000 00000000 00000000 00000000 00000000 00000000 00000000 00000000 00000000 a3913cfd 00000001 7dd97018 00000000 00000000 00000000 00000000 00000000 00000100 00000080 00000000 00000000 00000000 00000000 00000000 00000000 00000000 00003333 00004ccd 00002667 00000001 00000000 01c9c380 0000027c
capture_snapshot GLI1 00010000 30000000 2500000 81 0 30000000 0 0 0 0 0 0 0 7cec3f48 00000000 7ddc5e50 00000000 00140297 00000000 00140297 00000000 0000006a 00000000 00000000 00000000 00f0241b 00000000 00140301 00000000 00000000 00000000 00000000 00000039 008b3199 00000001 00000000 00000001 00000000 00000000 00000000 00000000 00000000 00000000 00000000 00000000 00000000 00000000 00000000 00000000 00000000 00000000 00000000 00000000 a39b01dc 00000001 7ddc5e61 00000000 00000000 00000000 00000000 00000000 00000101 00000081 00000000 00000000 00000000 00000000 00000000 00000000 00000000 00003333 00004ccd 00002667 00000001 00000000 01c9c380 0000027c
capture_snapshot GLI1 00010000 30000000 2500000 82 0 30000000 0 0 0 0 0 0 0 7cec3f48 00000000 7ddf5e68 00000000 00144299 00000000 00144299 00000000 0000006a 00000000 00000000 00000000 00f3243a 00000000 00144303 00000000 00000000 00000000 00000000 00000039 008b3199 00000001 00000000 00000001 00000000 00000000 00000000 00000000 00000000 00000000 00000000 00000000 00000000 00000000 00000000 00000000 00000000 00000000 00000000 00000000 a3a5022f 00000001 7ddf5e80 00000000 00000000 00000000 00000000 00000000 00000101 00000081 00000000 00000000 00000000 00000000 00000000 00000000 00000000 00003333 00004ccd 00002667 00000001 00000000 01c9c380 0000027c
capture_snapshot GLI1 00010000 30000000 2500000 83 0 30000000 0 0 0 0 0 0 0 7cec3f48 00000000 7de25e14 00000000 00148292 00000000 00148292 00000000 0000006a 00000000 00000000 00000000 00f623e5 00000000 001482fc 00000000 00000000 00000000 00000000 00000039 008b3199 00000001 00000000 00000001 00000000 00000000 00000000 00000000 00000000 00000000 00000000 00000000 00000000 00000000 00000000 00000000 00000000 00000000 00000000 00000000 a3af0102 00000001 7de25e2b 00000000 00000000 00000000 00000000 00000000 00000100 00000080 00000000 00000000 00000000 00000000 00000000 00000000 00000000 00003333 00004ccd 00002667 00000001 00000000 01c9c380 0000027c
capture_snapshot GLI1 00010000 30000000 2500000 84 0 30000000 0 0 0 0 0 0 0 7cec3f48 00000000 7de55e08 00000000 0014c291 00000000 0014c291 00000000 0000006a 00000000 00000000 00000000 00f923d3 00000000 0014c2fb 00000000 00000000 00000000 00000000 00000039 008b3199 00000001 00000000 00000001 00000000 00000000 00000000 00000000 00000000 00000000 00000000 00000000 00000000 00000000 00000000 00000000 00000000 00000000 00000000 00000000 a3b900b0 00000001 7de55e19 00000000 00000000 00000000 00000000 00000000 00000101 00000080 00000000 00000000 00000000 00000000 00000000 00000000 00000000 00003333 00004ccd 00002667 00000001 00000000 01c9c380 0000027c
capture_snapshot GLI1 00010000 30000000 2500000 85 0 30000000 0 0 0 0 0 0 0 7cec3f48 00000000 7de860a8 00000000 001502c9 00000000 001502c9 00000000 0000006a 00000000 00000000 00000000 00fc2679 00000000 00150333 00000000 00000000 00000000 00000000 00000039 008b3199 00000001 00000000 00000001 00000000 00000000 00000000 00000000 00000000 00000000 00000000 00000000 00000000 00000000 00000000 00000000 00000000 00000000 00000000 00000000 a3c30970 00000001 7de860bf 00000000 00000000 00000000 00000000 00000000 00000100 00000080 00000000 00000000 00000000 00000000 00000000 00000000 00000000 00003333 00004ccd 00002667 00000001 00000000 01c9c380 0000027c
capture_snapshot GLI1 00010000 30000000 2500000 86 0 30000000 0 0 0 0 0 0 0 7cec3f48 00000000 7deb5eb0 00000000 0015429f 00000000 0015429f 00000000 0000006a 00000000 00000000 00000000 00ff2483 00000000 00154309 00000000 00000000 00000000 00000000 00000039 008b3199 00000001 00000000 00000001 00000000 00000000 00000000 00000000 00000000 00000000 00000000 00000000 00000000 00000000 00000000 00000000 00000000 00000000 00000000 00000000 a3cd02d4 00000001 7deb5ec9 00000000 00000000 00000000 00000000 00000000 00000101 00000080 00000000 00000000 00000000 00000000 00000000 00000000 00000000 00003333 00004ccd 00002667 00000001 00000000 01c9c380 0000027c
capture_snapshot GLI1 00010000 30000000 2500000 87 0 30000000 0 0 0 0 0 0 0 7cec3f48 00000000 7dee6138 00000000 001582d5 00000000 001582d5 00000000 0000006a 00000000 00000000 00000000 0102270a 00000000 0015833f 00000000 00000000 00000000 00000000 00000039 008b3199 00000001 00000000 00000001 00000000 00000000 00000000 00000000 00000000 00000000 00000000 00000000 00000000 00000000 00000000 00000000 00000000 00000000 00000000 00000000 a3d70b2d 00000001 7dee6150 00000000 00000000 00000000 00000000 00000000 00000101 00000080 00000000 00000000 00000000 00000000 00000000 00000000 00000000 00003333 00004ccd 00002667 00000001 00000000 01c9c380 0000027c
capture_snapshot GLI1 00010000 30000000 2500000 88 0 30000000 0 0 0 0 0 0 0 7cec3f48 00000000 7df15d90 00000000 0015c287 00000000 0015c286 00000000 0000006a 00000000 00000000 00000000 01052358 00000000 0015c2f1 00000000 00000000 00000000 00000000 0000003b 008b3199 00000001 00000001 00000001 00000000 00000000 00000000 00000000 00000000 00000000 00000000 00000000 00000000 00000000 00000000 00000000 00000000 00000000 00000000 00000000 a3e0feca 00000001 7df15d9e 00000000 00000000 00000000 00000000 00000000 00000100 00000080 00000000 00000000 00000000 00000000 00000000 00000000 00000000 00003333 00004ccd 00002667 00000001 00000000 01c9c380 0000027c
capture_snapshot GLI1 00010000 30000000 2500000 89 0 30000000 0 0 0 0 0 0 0 7cec3f48 00000000 7df45c70 00000000 0016026f 00000000 0016026f 00000000 0000006a 00000000 00000000 00000000 0108223d 00000000 001602d9 00000000 00000000 00000000 00000000 00000039 008b3199 00000001 00000000 00000001 00000000 00000000 00000000 00000000 00000000 00000000 00000000 00000000 00000000 00000000 00000000 00000000 00000000 00000000 00000000 00000000 a3eafb08 00000001 7df45c83 00000000 00000000 00000000 00000000 00000000 00000100 00000080 00000000 00000000 00000000 00000000 00000000 00000000 00000000 00003333 00004ccd 00002667 00000001 00000000 01c9c380 0000027c
capture_snapshot GLI1 00010000 30000000 2500000 90 0 30000000 0 0 0 0 0 0 0 7cec3f48 00000000 7df75cc4 00000000 00164276 00000000 00164276 00000000 0000006a 00000000 00000000 00000000 010b228e 00000000 001642e0 00000000 00000000 00000000 00000000 00000039 008b3199 00000001 00000000 00000001 00000000 00000000 00000000 00000000 00000000 00000000 00000000 00000000 00000000 00000000 00000000 00000000 00000000 00000000 00000000 00000000 a3f4fc00 00000001 7df75cd4 00000000 00000000 00000000 00000000 00000000 00000101 00000080 00000000 00000000 00000000 00000000 00000000 00000000 00000000 00003333 00004ccd 00002667 00000001 00000000 01c9c380 0000027c
capture_snapshot GLI1 00010000 30000000 2500000 91 0 30000000 0 0 0 0 0 0 0 7cec3f48 00000000 7dfa5cd0 00000000 00168277 00000000 00168277 00000000 0000006a 00000000 00000000 00000000 010e2299 00000000 001682e1 00000000 00000000 00000000 00000000 00000039 008b3199 00000001 00000000 00000001 00000000 00000000 00000000 00000000 00000000 00000000 00000000 00000000 00000000 00000000 00000000 00000000 00000000 00000000 00000000 00000000 a3fefc11 00000001 7dfa5cdf 00000000 00000000 00000000 00000000 00000000 00000101 00000080 00000000 00000000 00000000 00000000 00000000 00000000 00000000 00003333 00004ccd 00002667 00000001 00000000 01c9c380 0000027c
capture_snapshot GLI1 00010000 30000000 2500000 92 0 30000000 0 0 0 0 0 0 0 7cec3f48 00000000 7dfd5cd0 00000000 0016c277 00000000 0016c277 00000000 0000006a 00000000 00000000 00000000 0111229f 00000000 0016c2e1 00000000 00000000 00000000 00000000 00000039 008b3199 00000001 00000000 00000001 00000000 00000000 00000000 00000000 00000000 00000000 00000000 00000000 00000000 00000000 00000000 00000000 00000000 00000000 00000000 00000000 a408fc11 00000001 7dfd5ce5 00000000 00000000 00000000 00000000 00000000 00000100 00000080 00000000 00000000 00000000 00000000 00000000 00000000 00000000 00003333 00004ccd 00002667 00000001 00000000 01c9c380 0000027c
capture_snapshot GLI1 00010000 30000000 2500000 93 0 30000000 0 0 0 0 0 0 0 7cec3f48 00000000 7e005cac 00000000 00170274 00000000 00170274 00000000 0000006a 00000000 00000000 00000000 01142275 00000000 001702de 00000000 00000000 00000000 00000000 00000039 008b3199 00000001 00000000 00000001 00000000 00000000 00000000 00000000 00000000 00000000 00000000 00000000 00000000 00000000 00000000 00000000 00000000 00000000 00000000 00000000 a412fb73 00000001 7e005cbb 00000000 00000000 00000000 00000000 00000000 00000101 00000081 00000000 00000000 00000000 00000000 00000000 00000000 00000000 00003333 00004ccd 00002667 00000001 00000000 01c9c380 0000027c
capture_snapshot GLI1 00010000 30000000 2500000 94 0 30000000 0 0 0 0 0 0 0 7cec3f48 00000000 7e035d00 00000000 0017427b 00000000 0017427b 00000000 0000006a 00000000 00000000 00000000 011722ca 00000000 001742e5 00000000 00000000 00000000 00000000 00000039 008b3199 00000001 00000000 00000001 00000000 00000000 00000000 00000000 00000000 00000000 00000000 00000000 00000000 00000000 00000000 00000000 00000000 00000000 00000000 00000000 a41cfc7c 00000001 7e035d10 00000000 00000000 00000000 00000000 00000000 00000100 00000080 00000000 00000000 00000000 00000000 00000000 00000000 00000000 00003333 00004ccd 00002667 00000001 00000000 01c9c380 0000027c
capture_snapshot GLI1 00010000 30000000 2500000 95 0 30000000 0 0 0 0 0 0 0 7cec3f48 00000000 7e065ca0 00000000 00178273 00000000 00178273 00000000 0000006a 00000000 00000000 00000000 011a2269 00000000 001782dd 00000000 00000000 00000000 00000000 00000039 008b3199 00000001 00000000 00000001 00000000 00000000 00000000 00000000 00000000 00000000 00000000 00000000 00000000 00000000 00000000 00000000 00000000 00000000 00000000 00000000 a426fb26 00000001 7e065caf 00000000 00000000 00000000 00000000 00000000 00000100 00000080 00000000 00000000 00000000 00000000 00000000 00000000 00000000 00003333 00004ccd 00002667 00000001 00000000 01c9c380 0000027c
capture_snapshot GLI1 00010000 30000000 2500000 96 0 30000000 0 0 0 0 0 0 0 7cec3f48 00000000 7e095c94 00000000 0017c272 00000000 0017c272 00000000 0000006a 00000000 00000000 00000000 011d2264 00000000 0017c2dc 00000000 00000000 00000000 00000000 00000039 008b3199 00000001 00000000 00000001 00000000 00000000 00000000 00000000 00000000 00000000 00000000 00000000 00000000 00000000 00000000 00000000 00000000 00000000 00000000 00000000 a430fafe 00000001 7e095caa 00000000 00000000 00000000 00000000 00000000 00000100 00000080 00000000 00000000 00000000 00000000 00000000 00000000 00000000 00003333 00004ccd 00002667 00000001 00000000 01c9c380 0000027c
capture_snapshot GLI1 00010000 30000000 2500000 97 0 30000000 0 0 0 0 0 0 0 7cec3f48 00000000 7e0c5c70 00000000 0018026f 00000000 0018026f 00000000 0000006a 00000000 00000000 00000000 0120223c 00000000 001802d9 00000000 00000000 00000000 00000000 00000039 008b3199 00000001 00000000 00000001 00000000 00000000 00000000 00000000 00000000 00000000 00000000 00000000 00000000 00000000 00000000 00000000 00000000 00000000 00000000 00000000 a43afa66 00000001 7e0c5c82 00000000 00000000 00000000 00000000 00000000 00000101 00000080 00000000 00000000 00000000 00000000 00000000 00000000 00000000 00003333 00004ccd 00002667 00000001 00000000 01c9c380 0000027c
capture_snapshot GLI1 00010000 30000000 2500000 98 0 30000000 0 0 0 0 0 0 0 7cec3f48 00000000 7e0f5cc4 00000000 00184276 00000000 00184276 00000000 0000006a 00000000 00000000 00000000 0123228e 00000000 001842e0 00000000 00000000 00000000 00000000 00000039 008b3199 00000001 00000000 00000001 00000000 00000000 00000000 00000000 00000000 00000000 00000000 00000000 00000000 00000000 00000000 00000000 00000000 00000000 00000000 00000000 a444fb66 00000001 7e0f5cd4 00000000 00000000 00000000 00000000 00000000 00000100 00000080 00000000 00000000 00000000 00000000 00000000 00000000 00000000 00003333 00004ccd 00002667 00000001 00000000 01c9c380 0000027c
capture_snapshot GLI1 00010000 30000000 2500000 99 0 30000000 0 0 0 0 0 0 0 7cec3f48 00000000 7e125d18 00000000 0018827d 00000000 0018827d 00000000 0000006a 00000000 00000000 00000000 012622e3 00000000 001882e7 00000000 00000000 00000000 00000000 00000039 008b3199 00000001 00000000 00000001 00000000 00000000 00000000 00000000 00000000 00000000 00000000 00000000 00000000 00000000 00000000 00000000 00000000 00000000 00000000 00000000 a44efc6d 00000001 7e125d29 00000000 00000000 00000000 00000000 00000000 00000101 00000080 00000000 00000000 00000000 00000000 00000000 00000000 00000000 00003333 00004ccd 00002667 00000001 00000000 01c9c380 0000027c
capture_snapshot GLI1 00010000 30000000 2500000 100 0 30000000 0 0 0 0 0 0 0 7cec3f48 00000000 7e155d6c 00000000 0018c284 00000000 0018c284 00000000 0000006a 00000000 00000000 00000000 01292339 00000000 0018c2ee 00000000 00000000 00000000 00000000 00000039 008b3199 00000001 00000000 00000001 00000000 00000000 00000000 00000000 00000000 00000000 00000000 00000000 00000000 00000000 00000000 00000000 00000000 00000000 00000000 00000000 a458fd77 00000001 7e155d7f 00000000 00000000 00000000 00000000 00000000 00000101 00000080 00000000 00000000 00000000 00000000 00000000 00000000 00000000 00003333 00004ccd 00002667 00000001 00000000 01c9c380 0000027c
capture_snapshot GLI1 00010000 30000000 2500000 101 0 30000000 0 0 0 0 0 0 0 7cec3f48 00000000 7e1861bc 00000000 001902e0 00000000 001902e0 00000000 0000006a 00000000 00000000 00000000 012c2785 00000000 0019034a 00000000 00000000 00000000 00000000 00000039 008b3199 00000001 00000000 00000001 00000000 00000000 00000000 00000000 00000000 00000000 00000000 00000000 00000000 00000000 00000000 00000000 00000000 00000000 00000000 00000000 a4630bb6 00000001 7e1861cb 00000000 00000000 00000000 00000000 00000000 00000101 00000080 00000000 00000000 00000000 00000000 00000000 00000000 00000000 00003333 00004ccd 00002667 00000001 00000000 01c9c380 0000027c
capture_snapshot GLI1 00010000 30000000 2500000 102 0 30000000 0 0 0 0 0 0 0 7cec3f48 00000000 7e1b65a0 00000000 00194333 00000000 00194332 00000000 0000006a 00000000 00000000 00000000 012f2b68 00000000 0019439d 00000000 00000000 00000000 00000000 0000003b 008b3199 00000001 00000001 00000001 00000000 00000000 00000000 00000000 00000000 00000000 00000000 00000000 00000000 00000000 00000000 00000000 00000000 00000000 00000000 00000000 a46d1898 00000001 7e1b65ae 00000000 00000000 00000000 00000000 00000000 00000101 00000081 00000000 00000000 00000000 00000000 00000000 00000000 00000000 00003333 00004ccd 00002667 00000001 00000000 01c9c380 0000027c
capture_snapshot GLI1 00010000 30000000 2500000 103 0 30000000 0 0 0 0 0 0 0 7cec3f48 00000000 7e1e67ec 00000000 00198364 00000000 00198364 00000000 0000006a 00000000 00000000 00000000 01322db5 00000000 001983ce 00000000 00000000 00000000 00000000 00000039 008b3199 00000001 00000000 00000001 00000000 00000000 00000000 00000000 00000000 00000000 00000000 00000000 00000000 00000000 00000000 00000000 00000000 00000000 00000000 00000000 a4772031 00000001 7e1e67fb 00000000 00000000 00000000 00000000 00000000 00000100 00000080 00000000 00000000 00000000 00000000 00000000 00000000 00000000 00003333 00004ccd 00002667 00000001 00000000 01c9c380 0000027c
capture_snapshot GLI1 00010000 30000000 2500000 104 0 30000000 0 0 0 0 0 0 0 7cec3f48 00000000 7e216c24 00000000 0019c3be 00000000 0019c3be 00000000 0000006a 00000000 00000000 00000000 013531f0 00000000 0019c428 00000000 00000000 00000000 00000000 00000039 008b3199 00000001 00000000 00000001 00000000 00000000 00000000 00000000 00000000 00000000 00000000 00000000 00000000 00000000 00000000 00000000 00000000 00000000 00000000 00000000 a4812e36 00000001 7e216c36 00000000 00000000 00000000 00000000 00000000 00000101 00000081 00000000 00000000 00000000 00000000 00000000 00000000 00000000 00003333 00004ccd 00002667 00000001 00000000 01c9c380 0000027c
capture_snapshot GLI1 00010000 30000000 2500000 105 0 30000000 0 0 0 0 0 0 0 7cec3f48 00000000 7e247098 00000000 001a041d 00000000 001a041d 00000000 0000006a 00000000 00000000 00000000 01383661 00000000 001a0487 00000000 00000000 00000000 00000000 00000039 008b3199 00000001 00000000 00000001 00000000 00000000 00000000 00000000 00000000 00000000 00000000 00000000 00000000 00000000 00000000 00000000 00000000 00000000 00000000 00000000 a48b3cef 00000001 7e2470a7 00000000 00000000 00000000 00000000 00000000 00000100 00000080 00000000 00000000 00000000 00000000 00000000 00000000 00000000 00003333 00004ccd 00002667 00000001 00000000 01c9c380 0000027c
capture_snapshot GLI1 00010000 30000000 2500000 106 0 30000000 0 0 0 0 0 0 0 7cec3f48 00000000 7e27639c 00000000 001a4308 00000000 001a4308 00000000 0000006a 00000000 00000000 00000000 013b2969 00000000 001a4372 00000000 00000000 00000000 00000000 00000039 008b3199 00000001 00000000 00000001 00000000 00000000 00000000 00000000 00000000 00000000 00000000 00000000 00000000 00000000 00000000 00000000 00000000 00000000 00000000 00000000 a49511a4 00000001 7e2763af 00000000 00000000 00000000 00000000 00000000 00000100 00000080 00000000 00000000 00000000 00000000 00000000 00000000 00000000 00003333 00004ccd 00002667 00000001 00000000 01c9c380 0000027c
capture_snapshot GLI1 00010000 30000000 2500000 107 0 30000000 0 0 0 0 0 0 0 7cec3f48 00000000 7e2a6264 00000000 001a82ee 00000000 001a82ee 00000000 0000006a 00000000 00000000 00000000 013e2830 00000000 001a8358 00000000 00000000 00000000 00000000 00000039 008b3199 00000001 00000000 00000001 00000000 00000000 00000000 00000000 00000000 00000000 00000000 00000000 00000000 00000000 00000000 00000000 00000000 00000000 00000000 00000000 a49f0d7d 00000001 7e2a6276 00000000 00000000 00000000 00000000 00000000 00000100 00000080 00000000 00000000 00000000 00000000 00000000 00000000 00000000 00003333 00004ccd 00002667 00000001 00000000 01c9c380 0000027c
capture_snapshot GLI1 00010000 30000000 2500000 108 0 30000000 0 0 0 0 0 0 0 7cec3f48 00000000 7e2d621c 00000000 001ac2e8 00000000 001ac2e8 00000000 0000006a 00000000 00000000 00000000 014127e5 00000000 001ac352 00000000 00000000 00000000 00000000 00000039 008b3199 00000001 00000000 00000001 00000000 00000000 00000000 00000000 00000000 00000000 00000000 00000000 00000000 00000000 00000000 00000000 00000000 00000000 00000000 00000000 a4a90c6f 00000001 7e2d622b 00000000 00000000 00000000 00000000 00000000 00000100 00000081 00000000 00000000 00000000 00000000 00000000 00000000 00000000 00003333 00004ccd 00002667 00000001 00000000 01c9c380 0000027c
capture_snapshot GLI1 00010000 30000000 2500000 109 0 30000000 0 0 0 0 0 0 0 7cec3f48 00000000 7e3079bc 00000000 001b04e0 00000000 001b04e0 00000000 0000006a 00000000 00000000 00000000 01443f88 00000000 001b054a 00000000 00000000 00000000 00000000 00000039 008b3199 00000001 00000000 00000001 00000000 00000000 00000000 00000000 00000000 00000000 00000000 00000000 00000000 00000000 00000000 00000000 00000000 00000000 00000000 00000000 a4b35b25 00000001 7e3079ce 00000000 00000000 00000000 00000000 00000000 00000100 00000080 00000000 00000000 00000000 00000000 00000000 00000000 00000000 00003333 00004ccd 00002667 00000001 00000000 01c9c380 0000027c
capture_snapshot GLI1 00010000 30000000 2500000 110 0 30000000 0 0 0 0 0 0 0 7cec3f48 00000000 7e336294 00000000 001b42f2 00000000 001b42f2 00000000 0000006a 00000000 00000000 00000000 01472863 00000000 001b435c 00000000 00000000 00000000 00000000 00000039 008b3199 00000001 00000000 00000001 00000000 00000000 00000000 00000000 00000000 00000000 00000000 00000000 00000000 00000000 00000000 00000000 00000000 00000000 00000000 00000000 a4bd0dec 00000001 7e3362a9 00000000 00000000 00000000 00000000 00000000 00000100 00000080 00000000 00000000 00000000 00000000 00000000 00000000 00000000 00003333 00004ccd 00002667 00000001 00000000 01c9c380 0000027c
capture_snapshot GLI1 00010000 30000000 2500000 111 0 30000000 0 0 0 0 0 0 0 7cec3f48 00000000 7e3666b4 00000000 001b834a 00000000 001b834a 00000000 0000006a 00000000 00000000 00000000 014a2c7e 00000000 001b83b4 00000000 00000000 00000000 00000000 00000039 008b3199 00000001 00000000 00000001 00000000 00000000 00000000 00000000 00000000 00000000 00000000 00000000 00000000 00000000 00000000 00000000 00000000 00000000 00000000 00000000 a4c71b88 00000001 7e3666c4 00000000 00000000 00000000 00000000 00000000 00000100 00000080 00000000 00000000 00000000 00000000 00000000 00000000 00000000 00003333 00004ccd 00002667 00000001 00000000 01c9c380 0000027c
capture_snapshot GLI1 00010000 30000000 2500000 112 0 30000000 0 0 0 0 0 0 0 7cec3f48 00000000 7e396138 00000000 001bc2d5 00000000 001bc2d5 00000000 0000006a 00000000 00000000 00000000 014d270b 00000000 001bc33f 00000000 00000000 00000000 00000000 00000039 008b3199 00000001 00000000 00000001 00000000 00000000 00000000 00000000 00000000 00000000 00000000 00000000 00000000 00000000 00000000 00000000 00000000 00000000 00000000 00000000 a4d10948 00000001 7e396151 00000000 00000000 00000000 00000000 00000000 00000100 00000080 00000000 00000000 00000000 00000000 00000000 00000000 00000000 00003333 00004ccd 00002667 00000001 00000000 01c9c380 0000027c
capture_snapshot GLI1 00010000 30000000 2500000 113 0 30000000 0 0 0 0 0 0 0 7cec3f48 00000000 7e3c6198 00000000 001c02dd 00000000 001c02dd 00000000 0000006a 00000000 00000000 00000000 0150276b 00000000 001c0347 00000000 00000000 00000000 00000000 00000039 008b3199 00000001 00000000 00000001 00000000 00000000 00000000 00000000 00000000 00000000 00000000 00000000 00000000 00000000 00000000 00000000 00000000 00000000 00000000 00000000 a4db0a77 00000001 7e3c61b1 00000000 00000000 00000000 00000000 00000000 00000100 00000080 00000000 00000000 00000000 00000000 00000000 00000000 00000000 00003333 00004ccd 00002667 00000001 00000000 01c9c380 0000027c
capture_snapshot GLI1 00010000 30000000 2500000 114 0 30000000 0 0 0 0 0 0 0 7cec3f48 00000000 7e3f654c 00000000 001c432c 00000000 001c432c 00000000 0000006a 00000000 00000000 00000000 01532b15 00000000 001c4396 00000000 00000000 00000000 00000000 00000039 008b3199 00000001 00000000 00000001 00000000 00000000 00000000 00000000 00000000 00000000 00000000 00000000 00000000 00000000 00000000 00000000 00000000 00000000 00000000 00000000 a4e51699 00000001 7e3f655b 00000000 00000000 00000000 00000000 00000000 00000101 00000081 00000000 00000000 00000000 00000000 00000000 00000000 00000000 00003333 00004ccd 00002667 00000001 00000000 01c9c380 0000027c
capture_snapshot GLI1 00010000 30000000 2500000 115 0 30000000 0 0 0 0 0 0 0 7cec3f48 00000000 7e426a38 00000000 001c8395 00000000 001c8395 00000000 0000006a 00000000 00000000 00000000 01563008 00000000 001c83ff 00000000 00000000 00000000 00000000 00000039 008b3199 00000001 00000000 00000001 00000000 00000000 00000000 00000000 00000000 00000000 00000000 00000000 00000000 00000000 00000000 00000000 00000000 00000000 00000000 00000000 a4ef2704 00000001 7e426a4e 00000000 00000000 00000000 00000000 00000000 00000101 00000080 00000000 00000000 00000000 00000000 00000000 00000000 00000000 00003333 00004ccd 00002667 00000001 00000000 01c9c380 0000027c
capture_snapshot GLI1 00010000 30000000 2500000 116 0 30000000 0 0 0 0 0 0 0 7cec3f48 00000000 7e45696c 00000000 001cc384 00000000 001cc384 00000000 0000006a 00000000 00000000 00000000 01592f38 00000000 001cc3ee 00000000 00000000 00000000 00000000 00000039 008b3199 00000001 00000000 00000001 00000000 00000000 00000000 00000000 00000000 00000000 00000000 00000000 00000000 00000000 00000000 00000000 00000000 00000000 00000000 00000000 a4f9243c 00000001 7e45697e 00000000 00000000 00000000 00000000 00000000 00000101 00000081 00000000 00000000 00000000 00000000 00000000 00000000 00000000 00003333 00004ccd 00002667 00000001 00000000 01c9c380 0000027c
capture_snapshot GLI1 00010000 30000000 2500000 117 0 30000000 0 0 0 0 0 0 0 7cec3f48 00000000 7e486a14 00000000 001d0392 00000000 001d0392 00000000 0000006a 00000000 00000000 00000000 015c2fe2 00000000 001d03fc 00000000 00000000 00000000 00000000 00000039 008b3199 00000001 00000000 00000001 00000000 00000000 00000000 00000000 00000000 00000000 00000000 00000000 00000000 00000000 00000000 00000000 00000000 00000000 00000000 00000000 a503265f 00000001 7e486a28 00000000 00000000 00000000 00000000 00000000 00000101 00000081 00000000 00000000 00000000 00000000 00000000 00000000 00000000 00003333 00004ccd 00002667 00000001 00000000 01c9c380 0000027c
capture_snapshot GLI1 00010000 30000000 2500000 118 0 30000000 0 0 0 0 0 0 0 7cec3f48 00000000 7e4b6384 00000000 001d4306 00000000 001d4306 00000000 0000006a 00000000 00000000 00000000 015f2953 00000000 001d4370 00000000 00000000 00000000 00000000 00000039 008b3199 00000001 00000000 00000001 00000000 00000000 00000000 00000000 00000000 00000000 00000000 00000000 00000000 00000000 00000000 00000000 00000000 00000000 00000000 00000000 a50d106f 00000001 7e4b6399 00000000 00000000 00000000 00000000 00000000 00000101 00000081 00000000 00000000 00000000 00000000 00000000 00000000 00000000 00003333 00004ccd 00002667 00000001 00000000 01c9c380 0000027c
capture_snapshot GLI1 00010000 30000000 2500000 119 0 30000000 0 0 0 0 0 0 0 7cec3f48 00000000 7e4e64b0 00000000 001d831f 00000000 001d831f 00000000 0000006a 00000000 00000000 00000000 01622a81 00000000 001d8389 00000000 00000000 00000000 00000000 00000039 008b3199 00000001 00000000 00000001 00000000 00000000 00000000 00000000 00000000 00000000 00000000 00000000 00000000 00000000 00000000 00000000 00000000 00000000 00000000 00000000 a5171449 00000001 7e4e64c7 00000000 00000000 00000000 00000000 00000000 00000101 00000080 00000000 00000000 00000000 00000000 00000000 00000000 00000000 00003333 00004ccd 00002667 00000001 00000000 01c9c380 0000027c
capture_snapshot GLI1 00010000 30000000 2500000 120 0 30000000 0 0 0 0 0 0 0 7cec3f48 00000000 7e516420 00000000 001dc313 00000000 001dc313 00000000 0000006a 00000000 00000000 00000000 016529f3 00000000 001dc37d 00000000 00000000 00000000 00000000 00000039 008b3199 00000001 00000000 00000001 00000000 00000000 00000000 00000000 00000000 00000000 00000000 00000000 00000000 00000000 00000000 00000000 00000000 00000000 00000000 00000000 a521125e 00000001 7e516439 00000000 00000000 00000000 00000000 00000000 00000101 00000080 00000000 00000000 00000000 00000000 00000000 00000000 00000000 00003333 00004ccd 00002667 00000001 00000000 01c9c380 0000027c
capture_snapshot GLI1 00010000 30000000 2500000 121 0 30000000 0 0 0 0 0 0 0 7cec3f48 00000000 7e5463f0 00000000 001e030f 00000000 001e030f 00000000 0000006a 00000000 00000000 00000000 016829b9 00000000 001e0379 00000000 00000000 00000000 00000000 00000039 008b3199 00000001 00000000 00000001 00000000 00000000 00000000 00000000 00000000 00000000 00000000 00000000 00000000 00000000 00000000 00000000 00000000 00000000 00000000 00000000 a52b1188 00000001 7e5463ff 00000000 00000000 00000000 00000000 00000000 00000101 00000081 00000000 00000000 00000000 00000000 00000000 00000000 00000000 00003333 00004ccd 00002667 00000001 00000000 01c9c380 0000027c
capture_snapshot GLI1 00010000 30000000 2500000 122 0 30000000 0 0 0 0 0 0 0 7cec3f48 00000000 7e576270 00000000 001e42ef 00000000 001e42ef 00000000 0000006a 00000000 00000000 00000000 016b2841 00000000 001e4359 00000000 00000000 00000000 00000000 00000039 008b3199 00000001 00000000 00000001 00000000 00000000 00000000 00000000 00000000 00000000 00000000 00000000 00000000 00000000 00000000 00000000 00000000 00000000 00000000 00000000 a5350c91 00000001 7e576287 00000000 00000000 00000000 00000000 00000000 00000100 00000080 00000000 00000000 00000000 00000000 00000000 00000000 00000000 00003333 00004ccd 00002667 00000001 00000000 01c9c380 0000027c
capture_snapshot GLI1 00010000 30000000 2500000 123 0 30000000 0 0 0 0 0 0 0 7cec3f48 00000000 7e5a678c 00000000 001e835c 00000000 001e835c 00000000 0000006a 00000000 00000000 00000000 016e2d56 00000000 001e83c6 00000000 00000000 00000000 00000000 00000039 008b3199 00000001 00000000 00000001 00000000 00000000 00000000 00000000 00000000 00000000 00000000 00000000 00000000 00000000 00000000 00000000 00000000 00000000 00000000 00000000 a53f1d6c 00000001 7e5a679c 00000000 00000000 00000000 00000000 00000000 00000101 00000080 00000000 00000000 00000000 00000000 00000000 00000000 00000000 00003333 00004ccd 00002667 00000001 00000000 01c9c380 0000027c
capture_snapshot GLI1 00010000 30000000 2500000 124 0 30000000 0 0 0 0 0 0 0 7cec3f48 00000000 7e5d6384 00000000 001ec306 00000000 001ec306 00000000 0000006a 00000000 00000000 00000000 01712956 00000000 001ec370 00000000 00000000 00000000 00000000 00000039 008b3199 00000001 00000000 00000001 00000000 00000000 00000000 00000000 00000000 00000000 00000000 00000000 00000000 00000000 00000000 00000000 00000000 00000000 00000000 00000000 a5491004 00000001 7e5d639c 00000000 00000000 00000000 00000000 00000000 00000101 00000081 00000000 00000000 00000000 00000000 00000000 00000000 00000000 00003333 00004ccd 00002667 00000001 00000000 01c9c380 0000027c
capture_snapshot GLI1 00010000 30000000 2500000 125 0 30000000 0 0 0 0 0 0 0 7cec3f48 00000000 7e60648c 00000000 001f031c 00000000 001f031c 00000000 0000006a 00000000 00000000 00000000 01742a5c 00000000 001f0386 00000000 00000000 00000000 00000000 00000039 008b3199 00000001 00000000 00000001 00000000 00000000 00000000 00000000 00000000 00000000 00000000 00000000 00000000 00000000 00000000 00000000 00000000 00000000 00000000 00000000 a5531358 00000001 7e6064a2 00000000 00000000 00000000 00000000 00000000 00000100 00000080 00000000 00000000 00000000 00000000 00000000 00000000 00000000 00003333 00004ccd 00002667 00000001 00000000 01c9c380 0000027c
capture_snapshot GLI1 00010000 30000000 2500000 126 0 30000000 0 0 0 0 0 0 0 7cec3f48 00000000 7e6360fc 00000000 001f42d0 00000000 001f42d0 00000000 0000006a 00000000 00000000 00000000 017726ca 00000000 001f433a 00000000 00000000 00000000 00000000 00000039 008b3199 00000001 00000000 00000001 00000000 00000000 00000000 00000000 00000000 00000000 00000000 00000000 00000000 00000000 00000000 00000000 00000000 00000000 00000000 00000000 a55d075f 00000001 7e636110 00000000 00000000 00000000 00000000 00000000 00000101 00000080 00000000 00000000 00000000 00000000 00000000 00000000 00000000 00003333 00004ccd 00002667 00000001 00000000 01c9c380 0000027c
capture_snapshot GLI1 00010000 30000000 2500000 127 0 30000000 0 0 0 0 0 0 0 7cec3f48 00000000 7e666828 00000000 001f8369 00000000 001f8369 00000000 0000006a 00000000 00000000 00000000 017a2df4 00000000 001f83d3 00000000 00000000 00000000 00000000 00000039 008b3199 00000001 00000000 00000001 00000000 00000000 00000000 00000000 00000000 00000000 00000000 00000000 00000000 00000000 00000000 00000000 00000000 00000000 00000000 00000000 a5671f2e 00000001 7e66683a 00000000 00000000 00000000 00000000 00000000 00000100 00000080 00000000 00000000 00000000 00000000 00000000 00000000 00000000 00003333 00004ccd 00002667 00000001 00000000 01c9c380 0000027c
capture_snapshot GLI1 00010000 30000000 2500000 128 0 30000000 0 0 0 0 0 0 0 7cec3f48 00000000 7e696ffc 00000000 001fc410 00000000 001fc410 00000000 0000006a 00000000 00000000 00000000 017d35c9 00000000 001fc47a 00000000 00000000 00000000 00000000 00000039 008b3199 00000001 00000000 00000001 00000000 00000000 00000000 00000000 00000000 00000000 00000000 00000000 00000000 00000000 00000000 00000000 00000000 00000000 00000000 00000000 a5713934 00000001 7e69700f 00000000 00000000 00000000 00000000 00000000 00000101 00000080 00000000 00000000 00000000 00000000 00000000 00000000 00000000 00003333 00004ccd 00002667 00000001 00000000 01c9c380 0000027c
capture_snapshot GLI1 00010000 30000000 2500000 129 0 30000000 0 0 0 0 0 0 0 7cec3f48 00000000 7e6c6e88 00000000 002003f1 00000000 002003f1 00000000 0000006a 00000000 00000000 00000000 01803453 00000000 0020045b 00000000 00000000 00000000 00000000 00000039 008b3199 00000001 00000000 00000001 00000000 00000000 00000000 00000000 00000000 00000000 00000000 00000000 00000000 00000000 00000000 00000000 00000000 00000000 00000000 00000000 a57b3444 00000001 7e6c6e99 00000000 00000000 00000000 00000000 00000000 00000100 00000080 00000000 00000000 00000000 00000000 00000000 00000000 00000000 00003333 00004ccd 00002667 00000001 00000000 01c9c380 0000027c
capture_snapshot GLI1 00010000 30000000 2500000 130 0 30000000 0 0 0 0 0 0 0 7cec3f48 00000000 7e6f6840 00000000 0020436b 00000000 0020436b 00000000 0000006a 00000000 00000000 00000000 01832e12 00000000 002043d5 00000000 00000000 00000000 00000000 00000039 008b3199 00000001 00000000 00000001 00000000 00000000 00000000 00000000 00000000 00000000 00000000 00000000 00000000 00000000 00000000 00000000 00000000 00000000 00000000 00000000 a5851f56 00000001 7e6f6858 00000000 00000000 00000000 00000000 00000000 00000101 00000080 00000000 00000000 00000000 00000000 00000000 00000000 00000000 00003333 00004ccd 00002667 00000001 00000000 01c9c380 0000027c
capture_snapshot GLI1 00010000 30000000 2500000 131 0 30000000 0 0 0 0 0 0 0 7cec3f48 00000000 7e726210 00000000 002082e7 00000000 002082e7 00000000 0000006a 00000000 00000000 00000000 018627df 00000000 00208351 00000000 00000000 00000000 00000000 00000039 008b3199 00000001 00000000 00000001 00000000 00000000 00000000 00000000 00000000 00000000 00000000 00000000 00000000 00000000 00000000 00000000 00000000 00000000 00000000 00000000 a58f0a9a 00000001 7e726225 00000000 00000000 00000000 00000000 00000000 00000101 00000080 00000000 00000000 00000000 00000000 00000000 00000000 00000000 00003333 00004ccd 00002667 00000001 00000000 01c9c380 0000027c
capture_snapshot GLI1 00010000 30000000 2500000 132 0 30000000 0 0 0 0 0 0 0 7cec3f48 00000000 7e7561a4 00000000 0020c2de 00000000 0020c2de 00000000 0000006a 00000000 00000000 00000000 01892770 00000000 0020c348 00000000 00000000 00000000 00000000 00000039 008b3199 00000001 00000000 00000001 00000000 00000000 00000000 00000000 00000000 00000000 00000000 00000000 00000000 00000000 00000000 00000000 00000000 00000000 00000000 00000000 a5990915 00000001 7e7561b6 00000000 00000000 00000000 00000000 00000000 00000100 00000080 00000000 00000000 00000000 00000000 00000000 00000000 00000000 00003333 00004ccd 00002667 00000001 00000000 01c9c380 0000027c
capture_snapshot GLI1 00010000 30000000 2500000 133 0 30000000 0 0 0 0 0 0 0 7cec3f48 00000000 7e7864b0 00000000 0021031f 00000000 0021031f 00000000 0000006a 00000000 00000000 00000000 018c2a7f 00000000 00210389 00000000 00000000 00000000 00000000 00000039 008b3199 00000001 00000000 00000001 00000000 00000000 00000000 00000000 00000000 00000000 00000000 00000000 00000000 00000000 00000000 00000000 00000000 00000000 00000000 00000000 a5a31332 00000001 7e7864c5 00000000 00000000 00000000 00000000 00000000 00000101 00000081 00000000 00000000 00000000 00000000 00000000 00000000 00000000 00003333 00004ccd 00002667 00000001 00000000 01c9c380 0000027c
capture_snapshot GLI1 00010000 30000000 2500000 134 0 30000000 0 0 0 0 0 0 0 7cec3f48 00000000 7e7b645c 00000000 00214318 00000000 00214318 00000000 0000006a 00000000 00000000 00000000 018f2a27 00000000 00214382 00000000 00000000 00000000 00000000 00000039 008b3199 00000001 00000000 00000001 00000000 00000000 00000000 00000000 00000000 00000000 00000000 00000000 00000000 00000000 00000000 00000000 00000000 00000000 00000000 00000000 a5ad11fa 00000001 7e7b646d 00000000 00000000 00000000 00000000 00000000 00000101 00000080 00000000 00000000 00000000 00000000 00000000 00000000 00000000 00003333 00004ccd 00002667 00000001 00000000 01c9c380 0000027c
capture_snapshot GLI1 00010000 30000000 2500000 135 0 30000000 0 0 0 0 0 0 0 7cec3f48 00000000 7e7e6150 00000000 002182d7 00000000 002182d7 00000000 0000006a 00000000 00000000 00000000 01922720 00000000 00218341 00000000 00000000 00000000 00000000 00000039 008b3199 00000001 00000000 00000001 00000000 00000000 00000000 00000000 00000000 00000000 00000000 00000000 00000000 00000000 00000000 00000000 00000000 00000000 00000000 00000000 a5b707d0 00000001 7e7e6166 00000000 00000000 00000000 00000000 00000000 00000100 00000080 00000000 00000000 00000000 00000000 00000000 00000000 00000000 00003333 00004ccd 00002667 00000001 00000000 01c9c380 0000027c
capture_snapshot GLI1 00010000 30000000 2500000 136 0 30000000 0 0 0 0 0 0 0 7cec3f48 00000000 7e816540 00000000 0021c32b 00000000 0021c32b 00000000 0000006a 00000000 00000000 00000000 01952b11 00000000 0021c395 00000000 00000000 00000000 00000000 00000039 008b3199 00000001 00000000 00000001 00000000 00000000 00000000 00000000 00000000 00000000 00000000 00000000 00000000 00000000 00000000 00000000 00000000 00000000 00000000 00000000 a5c114df 00000001 7e816557 00000000 00000000 00000000 00000000 00000000 00000101 00000081 00000000 00000000 00000000 00000000 00000000 00000000 00000000 00003333 00004ccd 00002667 00000001 00000000 01c9c380 0000027c
capture_snapshot GLI1 00010000 30000000 2500000 137 0 30000000 0 0 0 0 0 0 0 7cec3f48 00000000 7e847110 00000000 00220427 00000000 00220427 00000000 0000006a 00000000 00000000 00000000 019836da 00000000 00220491 00000000 00000000 00000000 00000000 00000039 008b3199 00000001 00000000 00000001 00000000 00000000 00000000 00000000 00000000 00000000 00000000 00000000 00000000 00000000 00000000 00000000 00000000 00000000 00000000 00000000 a5cb3c12 00000001 7e847120 00000000 00000000 00000000 00000000 00000000 00000101 00000080 00000000 00000000 00000000 00000000 00000000 00000000 00000000 00003333 00004ccd 00002667 00000001 00000000 01c9c380 0000027c
capture_snapshot GLI1 00010000 30000000 2500000 138 0 30000000 0 0 0 0 0 0 0 7cec3f48 00000000 7e87747c 00000000 00224470 00000000 00224470 00000000 0000006a 00000000 00000000 00000000 019b3a48 00000000 002244da 00000000 00000000 00000000 00000000 00000039 008b3199 00000001 00000000 00000001 00000000 00000000 00000000 00000000 00000000 00000000 00000000 00000000 00000000 00000000 00000000 00000000 00000000 00000000 00000000 00000000 a5d5476d 00000001 7e87748e 00000000 00000000 00000000 00000000 00000000 00000100 00000080 00000000 00000000 00000000 00000000 00000000 00000000 00000000 00003333 00004ccd 00002667 00000001 00000000 01c9c380 0000027c
capture_snapshot GLI1 00010000 30000000 2500000 139 0 30000000 0 0 0 0 0 0 0 7cec3f48 00000000 7e8a6eac 00000000 002283f4 00000000 002283f4 00000000 0000006a 00000000 00000000 00000000 019e347d 00000000 0022845e 00000000 00000000 00000000 00000000 00000039 008b3199 00000001 00000000 00000001 00000000 00000000 00000000 00000000 00000000 00000000 00000000 00000000 00000000 00000000 00000000 00000000 00000000 00000000 00000000 00000000 a5df340c 00000001 7e8a6ec3 00000000 00000000 00000000 00000000 00000000 00000101 00000081 00000000 00000000 00000000 00000000 00000000 00000000 00000000 00003333 00004ccd 00002667 00000001 00000000 01c9c380 0000027c
capture_snapshot GLI1 00010000 30000000 2500000 140 0 30000000 0 0 0 0 0 0 0 7cec3f48 00000000 7e8d624c 00000000 0022c2ec 00000000 0022c2ec 00000000 0000006a 00000000 00000000 00000000 01a12819 00000000 0022c356 00000000 00000000 00000000 00000000 00000039 008b3199 00000001 00000000 00000001 00000000 00000000 00000000 00000000 00000000 00000000 00000000 00000000 00000000 00000000 00000000 00000000 00000000 00000000 00000000 00000000 a5e90aaa 00000001 7e8d625f 00000000 00000000 00000000 00000000 00000000 00000101 00000080 00000000 00000000 00000000 00000000 00000000 00000000 00000000 00003333 00004ccd 00002667 00000001 00000000 01c9c380 0000027c
capture_snapshot GLI1 00010000 30000000 2500000 141 0 30000000 0 0 0 0 0 0 0 7cec3f48 00000000 7e906330 00000000 002302ff 00000000 002302ff 00000000 0000006a 00000000 00000000 00000000 01a428fc 00000000 00230369 00000000 00000000 00000000 00000000 00000039 008b3199 00000001 00000000 00000001 00000000 00000000 00000000 00000000 00000000 00000000 00000000 00000000 00000000 00000000 00000000 00000000 00000000 00000000 00000000 00000000 a5f30d8b 00000001 7e906342 00000000 00000000 00000000 00000000 00000000 00000101 00000080 00000000 00000000 00000000 00000000 00000000 00000000 00000000 00003333 00004ccd 00002667 00000001 00000000 01c9c380 0000027c
capture_snapshot GLI1 00010000 30000000 2500000 142 0 30000000 0 0 0 0 0 0 0 7cec3f48 00000000 7e936468 00000000 00234319 00000000 00234319 00000000 0000006a 00000000 00000000 00000000 01a72a34 00000000 00234383 00000000 00000000 00000000 00000000 00000039 008b3199 00000001 00000000 00000001 00000000 00000000 00000000 00000000 00000000 00000000 00000000 00000000 00000000 00000000 00000000 00000000 00000000 00000000 00000000 00000000 a5fd118a 00000001 7e93647a 00000000 00000000 00000000 00000000 00000000 00000100 00000080 00000000 00000000 00000000 00000000 00000000 00000000 00000000 00003333 00004ccd 00002667 00000001 00000000 01c9c380 0000027c
capture_snapshot GLI1 00010000 30000000 2500000 143 0 30000000 0 0 0 0 0 0 0 7cec3f48 00000000 7e966564 00000000 0023832e 00000000 0023832e 00000000 0000006a 00000000 00000000 00000000 01aa2b32 00000000 00238398 00000000 00000000 00000000 00000000 00000039 008b3199 00000001 00000000 00000001 00000000 00000000 00000000 00000000 00000000 00000000 00000000 00000000 00000000 00000000 00000000 00000000 00000000 00000000 00000000 00000000 a60714c3 00000001 7e966578 00000000 00000000 00000000 00000000 00000000 00000101 00000080 00000000 00000000 00000000 00000000 00000000 00000000 00000000 00003333 00004ccd 00002667 00000001 00000000 01c9c380 0000027c
capture_snapshot GLI1 00010000 30000000 2500000 144 0 30000000 0 0 0 0 0 0 0 7cec3f48 00000000 7e9962ac 00000000 0023c2f4 00000000 0023c2f4 00000000 0000006a 00000000 00000000 00000000 01ad287b 00000000 0023c35e 00000000 00000000 00000000 00000000 00000039 008b3199 00000001 00000000 00000001 00000000 00000000 00000000 00000000 00000000 00000000 00000000 00000000 00000000 00000000 00000000 00000000 00000000 00000000 00000000 00000000 a6110ba3 00000001 7e9962c1 00000000 00000000 00000000 00000000 00000000 00000101 00000080 00000000 00000000 00000000 00000000 00000000 00000000 00000000 00003333 00004ccd 00002667 00000001 00000000 01c9c380 0000027c
capture_snapshot GLI1 00010000 30000000 2500000 145 0 30000000 0 0 0 0 0 0 0 7cec3f48 00000000 7e9c60f0 00000000 002402cf 00000000 002402cf 00000000 0000006a 00000000 00000000 00000000 01b026b8 00000000 00240339 00000000 00000000 00000000 00000000 00000039 008b3199 00000001 00000000 00000001 00000000 00000000 00000000 00000000 00000000 00000000 00000000 00000000 00000000 00000000 00000000 00000000 00000000 00000000 00000000 00000000 a61b05b2 00000001 7e9c60fe 00000000 00000000 00000000 00000000 00000000 00000100 00000080 00000000 00000000 00000000 00000000 00000000 00000000 00000000 00003333 00004ccd 00002667 00000001 00000000 01c9c380 0000027c
capture_snapshot GLI1 00010000 30000000 2500000 146 0 30000000 0 0 0 0 0 0 0 7cec3f48 00000000 7e9f67f8 00000000 00244365 00000000 00244365 00000000 0000006a 00000000 00000000 00000000 01b32dca 00000000 002443cf 00000000 00000000 00000000 00000000 00000039 008b3199 00000001 00000000 00000001 00000000 00000000 00000000 00000000 00000000 00000000 00000000 00000000 00000000 00000000 00000000 00000000 00000000 00000000 00000000 00000000 a6251d2e 00000001 7e9f6810 00000000 00000000 00000000 00000000 00000000 00000101 00000081 00000000 00000000 00000000 00000000 00000000 00000000 00000000 00003333 00004ccd 00002667 00000001 00000000 01c9c380 0000027c
capture_snapshot GLI1 00010000 30000000 2500000 147 0 30000000 0 0 0 0 0 0 0 7cec3f48 00000000 7ea26e04 00000000 002483e6 00000000 002483e6 00000000 0000006a 00000000 00000000 00000000 01b633d1 00000000 00248450 00000000 00000000 00000000 00000000 00000039 008b3199 00000001 00000000 00000001 00000000 00000000 00000000 00000000 00000000 00000000 00000000 00000000 00000000 00000000 00000000 00000000 00000000 00000000 00000000 00000000 a62f3133 00000001 7ea26e17 00000000 00000000 00000000 00000000 00000000 00000100 00000081 00000000 00000000 00000000 00000000 00000000 00000000 00000000 00003333 00004ccd 00002667 00000001 00000000 01c9c380 0000027c
capture_snapshot GLI1 00010000 30000000 2500000 148 0 30000000 0 0 0 0 0 0 0 7cec3f48 00000000 7ea56f00 00000000 0024c3fb 00000000 0024c3fb 00000000 0000006a 00000000 00000000 00000000 01b934c9 00000000 0024c465 00000000 00000000 00000000 00000000 00000039 008b3199 00000001 00000000 00000001 00000000 00000000 00000000 00000000 00000000 00000000 00000000 00000000 00000000 00000000 00000000 00000000 00000000 00000000 00000000 00000000 a6393459 00000001 7ea56f0f 00000000 00000000 00000000 00000000 00000000 00000101 00000081 00000000 00000000 00000000 00000000 00000000 00000000 00000000 00003333 00004ccd 00002667 00000001 00000000 01c9c380 0000027c
capture_snapshot GLI1 00010000 30000000 2500000 149 0 30000000 0 0 0 0 0 0 0 7cec3f48 00000000 7ea86294 00000000 002502f2 00000000 002502f2 00000000 0000006a 00000000 00000000 00000000 01bc2861 00000000 0025035c 00000000 00000000 00000000 00000000 00000039 008b3199 00000001 00000000 00000001 00000000 00000000 00000000 00000000 00000000 00000000 00000000 00000000 00000000 00000000 00000000 00000000 00000000 00000000 00000000 00000000 a6430aed 00000001 7ea862a7 00000000 00000000 00000000 00000000 00000000 00000100 00000080 00000000 00000000 00000000 00000000 00000000 00000000 00000000 00003333 00004ccd 00002667 00000001 00000000 01c9c380 0000027c
capture_snapshot GLI1 00010000 30000000 2500000 150 0 30000000 0 0 0 0 0 0 0 7cec3f48 00000000 7eab6180 00000000 002542db 00000000 002542db 00000000 0000006a 00000000 00000000 00000000 01bf274d 00000000 00254345 00000000 00000000 00000000 00000000 00000039 008b3199 00000001 00000000 00000001 00000000 00000000 00000000 00000000 00000000 00000000 00000000 00000000 00000000 00000000 00000000 00000000 00000000 00000000 00000000 00000000 a64d0742 00000001 7eab6193 00000000 00000000 00000000 00000000 00000000 00000100 00000080 00000000 00000000 00000000 00000000 00000000 00000000 00000000 00003333 00004ccd 00002667 00000001 00000000 01c9c380 0000027c
capture_snapshot GLI1 00010000 30000000 2500000 151 0 30000000 0 0 0 0 0 0 0 7cec3f48 00000000 7eae63a8 00000000 00258309 00000000 00258309 00000000 0000006a 00000000 00000000 00000000 01c2297a 00000000 00258373 00000000 00000000 00000000 00000000 00000039 008b3199 00000001 00000000 00000001 00000000 00000000 00000000 00000000 00000000 00000000 00000000 00000000 00000000 00000000 00000000 00000000 00000000 00000000 00000000 00000000 a6570e6e 00000001 7eae63c0 00000000 00000000 00000000 00000000 00000000 00000100 00000080 00000000 00000000 00000000 00000000 00000000 00000000 00000000 00003333 00004ccd 00002667 00000001 00000000 01c9c380 0000027c
capture_snapshot GLI1 00010000 30000000 2500000 152 0 30000000 0 0 0 0 0 0 0 7cec3f48 00000000 7eb163a8 00000000 0025c309 00000000 0025c309 00000000 0000006a 00000000 00000000 00000000 01c5297a 00000000 0025c373 00000000 00000000 00000000 00000000 00000039 008b3199 00000001 00000000 00000001 00000000 00000000 00000000 00000000 00000000 00000000 00000000 00000000 00000000 00000000 00000000 00000000 00000000 00000000 00000000 00000000 a6610e5b 00000001 7eb163c0 00000000 00000000 00000000 00000000 00000000 00000100 00000080 00000000 00000000 00000000 00000000 00000000 00000000 00000000 00003333 00004ccd 00002667 00000001 00000000 01c9c380 0000027c
capture_snapshot GLI1 00010000 30000000 2500000 153 0 30000000 0 0 0 0 0 0 0 7cec3f48 00000000 7eb46408 00000000 00260311 00000000 00260311 00000000 0000006a 00000000 00000000 00000000 01c829d7 00000000 0026037b 00000000 00000000 00000000 00000000 00000039 008b3199 00000001 00000000 00000001 00000000 00000000 00000000 00000000 00000000 00000000 00000000 00000000 00000000 00000000 00000000 00000000 00000000 00000000 00000000 00000000 a66b0f7b 00000001 7eb4641d 00000000 00000000 00000000 00000000 00000000 00000101 00000080 00000000 00000000 00000000 00000000 00000000 00000000 00000000 00003333 00004ccd 00002667 00000001 00000000 01c9c380 0000027c
capture_snapshot GLI1 00010000 30000000 2500000 154 0 30000000 0 0 0 0 0 0 0 7cec3f48 00000000 7eb761c8 00000000 002642e1 00000000 002642e1 00000000 0000006a 00000000 00000000 00000000 01cb2797 00000000 0026434b 00000000 00000000 00000000 00000000 00000039 008b3199 00000001 00000000 00000001 00000000 00000000 00000000 00000000 00000000 00000000 00000000 00000000 00000000 00000000 00000000 00000000 00000000 00000000 00000000 00000000 a67507e8 00000001 7eb761dd 00000000 00000000 00000000 00000000 00000000 00000101 00000081 00000000 00000000 00000000 00000000 00000000 00000000 00000000 00003333 00004ccd 00002667 00000001 00000000 01c9c380 0000027c
capture_snapshot GLI1 00010000 30000000 2500000 155 0 30000000 0 0 0 0 0 0 0 7cec3f48 00000000 7eba6120 00000000 002682d3 00000000 002682d3 00000000 0000006a 00000000 00000000 00000000 01ce26f3 00000000 0026833d 00000000 00000000 00000000 00000000 00000039 008b3199 00000001 00000000 00000001 00000000 00000000 00000000 00000000 00000000 00000000 00000000 00000000 00000000 00000000 00000000 00000000 00000000 00000000 00000000 00000000 a67f05b1 00000001 7eba6139 00000000 00000000 00000000 00000000 00000000 00000100 00000080 00000000 00000000 00000000 00000000 00000000 00000000 00000000 00003333 00004ccd 00002667 00000001 00000000 01c9c380 0000027c
capture_snapshot GLI1 00010000 30000000 2500000 156 0 30000000 0 0 0 0 0 0 0 7cec3f48 00000000 7ebd6c18 00000000 0026c3bd 00000000 0026c3bd 00000000 0000006a 00000000 00000000 00000000 01d131ea 00000000 0026c427 00000000 00000000 00000000 00000000 00000039 008b3199 00000001 00000000 00000001 00000000 00000000 00000000 00000000 00000000 00000000 00000000 00000000 00000000 00000000 00000000 00000000 00000000 00000000 00000000 00000000 a6892a2b 00000001 7ebd6c30 00000000 00000000 00000000 00000000 00000000 00000101 00000081 00000000 00000000 00000000 00000000 00000000 00000000 00000000 00003333 00004ccd 00002667 00000001 00000000 01c9c380 0000027c
capture_snapshot GLI1 00010000 30000000 2500000 157 0 30000000 0 0 0 0 0 0 0 7cec3f48 00000000 7ec06e4c 00000000 002703ec 00000000 002703ec 00000000 0000006a 00000000 00000000 00000000 01d43417 00000000 00270456 00000000 00000000 00000000 00000000 00000039 008b3199 00000001 00000000 00000001 00000000 00000000 00000000 00000000 00000000 00000000 00000000 00000000 00000000 00000000 00000000 00000000 00000000 00000000 00000000 00000000 a6933158 00000001 7ec06e5d 00000000 00000000 00000000 00000000 00000000 00000101 00000081 00000000 00000000 00000000 00000000 00000000 00000000 00000000 00003333 00004ccd 00002667 00000001 00000000 01c9c380 0000027c
capture_snapshot GLI1 00010000 30000000 2500000 158 0 30000000 0 0 0 0 0 0 0 7cec3f48 00000000 7ec37338 00000000 00274455 00000000 00274455 00000000 0000006a 00000000 00000000 00000000 01d73903 00000000 002744bf 00000000 00000000 00000000 00000000 00000039 008b3199 00000001 00000000 00000001 00000000 00000000 00000000 00000000 00000000 00000000 00000000 00000000 00000000 00000000 00000000 00000000 00000000 00000000 00000000 00000000 a69d41ad 00000001 7ec37349 00000000 00000000 00000000 00000000 00000000 00000101 00000081 00000000 00000000 00000000 00000000 00000000 00000000 00000000 00003333 00004ccd 00002667 00000001 00000000 01c9c380 0000027c
capture_snapshot GLI1 00010000 30000000 2500000 159 0 30000000 0 0 0 0 0 0 0 7cec3f48 00000000 7ec66174 00000000 002782da 00000000 002782da 00000000 0000006a 00000000 00000000 00000000 01da2740 00000000 00278344 00000000 00000000 00000000 00000000 00000039 008b3199 00000001 00000000 00000001 00000000 00000000 00000000 00000000 00000000 00000000 00000000 00000000 00000000 00000000 00000000 00000000 00000000 00000000 00000000 00000000 a6a70666 00000001 7ec66186 00000000 00000000 00000000 00000000 00000000 00000100 00000080 00000000 00000000 00000000 00000000 00000000 00000000 00000000 00003333 00004ccd 00002667 00000001 00000000 01c9c380 0000027c
capture_snapshot GLI1 00010000 30000000 2500000 160 0 30000000 0 0 0 0 0 0 0 7cec3f48 00000000 7ec962b8 00000000 0027c2f5 00000000 0027c2f5 00000000 0000006a 00000000 00000000 00000000 01dd2887 00000000 0027c35f 00000000 00000000 00000000 00000000 00000039 008b3199 00000001 00000000 00000001 00000000 00000000 00000000 00000000 00000000 00000000 00000000 00000000 00000000 00000000 00000000 00000000 00000000 00000000 00000000 00000000 a6b10a94 00000001 7ec962cd 00000000 00000000 00000000 00000000 00000000 00000101 00000080 00000000 00000000 00000000 00000000 00000000 00000000 00000000 00003333 00004ccd 00002667 00000001 00000000 01c9c380 0000027c
capture_snapshot GLI1 00010000 30000000 2500000 161 0 30000000 0 0 0 0 0 0 0 7cec3f48 00000000 7ecc64bc 00000000 00280320 00000000 00280320 00000000 0000006a 00000000 00000000 00000000 01e02a88 00000000 0028038a 00000000 00000000 00000000 00000000 00000039 008b3199 00000001 00000000 00000001 00000000 00000000 00000000 00000000 00000000 00000000 00000000 00000000 00000000 00000000 00000000 00000000 00000000 00000000 00000000 00000000 a6bb112c 00000001 7ecc64ce 00000000 00000000 00000000 00000000 00000000 00000100 00000080 00000000 00000000 00000000 00000000 00000000 00000000 00000000 00003333 00004ccd 00002667 00000001 00000000 01c9c380 0000027c
capture_snapshot GLI1 00010000 30000000 2500000 162 0 30000000 0 0 0 0 0 0 0 7cec3f48 00000000 7ecf6438 00000000 00284315 00000000 00284315 00000000 0000006a 00000000 00000000 00000000 01e32a08 00000000 0028437f 00000000 00000000 00000000 00000000 00000039 008b3199 00000001 00000000 00000001 00000000 00000000 00000000 00000000 00000000 00000000 00000000 00000000 00000000 00000000 00000000 00000000 00000000 00000000 00000000 00000000 a6c50f6f 00000001 7ecf644e 00000000 00000000 00000000 00000000 00000000 00000101 00000080 00000000 00000000 00000000 00000000 00000000 00000000 00000000 00003333 00004ccd 00002667 00000001 00000000 01c9c380 0000027c
capture_snapshot GLI1 00010000 30000000 2500000 163 0 30000000 0 0 0 0 0 0 0 7cec3f48 00000000 7ed26270 00000000 002882ef 00000000 002882ef 00000000 0000006a 00000000 00000000 00000000 01e6283b 00000000 00288359 00000000 00000000 00000000 00000000 00000039 008b3199 00000001 00000000 00000001 00000000 00000000 00000000 00000000 00000000 00000000 00000000 00000000 00000000 00000000 00000000 00000000 00000000 00000000 00000000 00000000 a6cf095c 00000001 7ed26281 00000000 00000000 00000000 00000000 00000000 00000101 00000081 00000000 00000000 00000000 00000000 00000000 00000000 00000000 00003333 00004ccd 00002667 00000001 00000000 01c9c380 0000027c
capture_snapshot GLI1 00010000 30000000 2500000 164 0 30000000 0 0 0 0 0 0 0 7cec3f48 00000000 7ed56138 00000000 0028c2d5 00000000 0028c2d5 00000000 0000006a 00000000 00000000 00000000 01e9270c 00000000 0028c33f 00000000 00000000 00000000 00000000 00000039 008b3199 00000001 00000000 00000001 00000000 00000000 00000000 00000000 00000000 00000000 00000000 00000000 00000000 00000000 00000000 00000000 00000000 00000000 00000000 00000000 a6d90555 00000001 7ed56152 00000000 00000000 00000000 00000000 00000000 00000101 00000080 00000000 00000000 00000000 00000000 00000000 00000000 00000000 00003333 00004ccd 00002667 00000001 00000000 01c9c380 0000027c
capture_snapshot GLI1 00010000 30000000 2500000 165 0 30000000 0 0 0 0 0 0 0 7cec3f48 00000000 7ed861c8 00000000 002902e1 00000000 002902e1 00000000 0000006a 00000000 00000000 00000000 01ec2794 00000000 0029034b 00000000 00000000 00000000 00000000 00000039 008b3199 00000001 00000000 00000001 00000000 00000000 00000000 00000000 00000000 00000000 00000000 00000000 00000000 00000000 00000000 00000000 00000000 00000000 00000000 00000000 a6e30707 00000001 7ed861da 00000000 00000000 00000000 00000000 00000000 00000101 00000080 00000000 00000000 00000000 00000000 00000000 00000000 00000000 00003333 00004ccd 00002667 00000001 00000000 01c9c380 0000027c
capture_snapshot GLI1 00010000 30000000 2500000 166 0 30000000 0 0 0 0 0 0 0 7cec3f48 00000000 7edb699c 00000000 00294388 00000000 00294388 00000000 0000006a 00000000 00000000 00000000 01ef2f6a 00000000 002943f2 00000000 00000000 00000000 00000000 00000039 008b3199 00000001 00000000 00000001 00000000 00000000 00000000 00000000 00000000 00000000 00000000 00000000 00000000 00000000 00000000 00000000 00000000 00000000 00000000 00000000 a6ed2114 00000001 7edb69b0 00000000 00000000 00000000 00000000 00000000 00000100 00000080 00000000 00000000 00000000 00000000 00000000 00000000 00000000 00003333 00004ccd 00002667 00000001 00000000 01c9c380 0000027c
capture_snapshot GLI1 00010000 30000000 2500000 167 0 30000000 0 0 0 0 0 0 0 7cec3f48 00000000 7ede798c 00000000 002984dc 00000000 002984dc 00000000 0000006a 00000000 00000000 00000000 01f23f60 00000000 00298546 00000000 00000000 00000000 00000000 00000039 008b3199 00000001 00000000 00000001 00000000 00000000 00000000 00000000 00000000 00000000 00000000 00000000 00000000 00000000 00000000 00000000 00000000 00000000 00000000 00000000 a6f75632 00000001 7ede79a6 00000000 00000000 00000000 00000000 00000000 00000101 00000080 00000000 00000000 00000000 00000000 00000000 00000000 00000000 00003333 00004ccd 00002667 00000001 00000000 01c9c380 0000027c
capture_snapshot GLI1 00010000 30000000 2500000 168 0 30000000 0 0 0 0 0 0 0 7cec3f48 00000000 7ee16c54 00000000 0029c3c2 00000000 0029c3c2 00000000 0000006a 00000000 00000000 00000000 01f53222 00000000 0029c42c 00000000 00000000 00000000 00000000 00000039 008b3199 00000001 00000000 00000001 00000000 00000000 00000000 00000000 00000000 00000000 00000000 00000000 00000000 00000000 00000000 00000000 00000000 00000000 00000000 00000000 a70129fd 00000001 7ee16c68 00000000 00000000 00000000 00000000 00000000 00000100 00000080 00000000 00000000 00000000 00000000 00000000 00000000 00000000 00003333 00004ccd 00002667 00000001 00000000 01c9c380 0000027c
capture_snapshot GLI1 00010000 30000000 2500000 169 0 30000000 0 0 0 0 0 0 0 7cec3f48 00000000 7ee46144 00000000 002a02d6 00000000 002a02d6 00000000 0000006a 00000000 00000000 00000000 01f82712 00000000 002a0340 00000000 00000000 00000000 00000000 00000039 008b3199 00000001 00000000 00000001 00000000 00000000 00000000 00000000 00000000 00000000 00000000 00000000 00000000 00000000 00000000 00000000 00000000 00000000 00000000 00000000 a70b0509 00000001 7ee46158 00000000 00000000 00000000 00000000 00000000 00000101 00000081 00000000 00000000 00000000 00000000 00000000 00000000 00000000 00003333 00004ccd 00002667 00000001 00000000 01c9c380 0000027c
capture_snapshot GLI1 00010000 30000000 2500000 170 0 30000000 0 0 0 0 0 0 0 7cec3f48 00000000 7ee76690 00000000 002a4347 00000000 002a4347 00000000 0000006a 00000000 00000000 00000000 01fb2c60 00000000 002a43b1 00000000 00000000 00000000 00000000 00000039 008b3199 00000001 00000000 00000001 00000000 00000000 00000000 00000000 00000000 00000000 00000000 00000000 00000000 00000000 00000000 00000000 00000000 00000000 00000000 00000000 a71516a4 00000001 7ee766a6 00000000 00000000 00000000 00000000 00000000 00000101 00000081 00000000 00000000 00000000 00000000 00000000 00000000 00000000 00003333 00004ccd 00002667 00000001 00000000 01c9c380 0000027c
capture_snapshot GLI1 00010000 30000000 2500000 171 0 30000000 0 0 0 0 0 0 0 7cec3f48 00000000 7eea6354 00000000 002a8302 00000000 002a8302 00000000 0000006a 00000000 00000000 00000000 01fe2924 00000000 002a836c 00000000 00000000 00000000 00000000 00000039 008b3199 00000001 00000000 00000001 00000000 00000000 00000000 00000000 00000000 00000000 00000000 00000000 00000000 00000000 00000000 00000000 00000000 00000000 00000000 00000000 a71f0bc9 00000001 7eea636a 00000000 00000000 00000000 00000000 00000000 00000100 00000080 00000000 00000000 00000000 00000000 00000000 00000000 00000000 00003333 00004ccd 00002667 00000001 00000000 01c9c380 0000027c
capture_snapshot GLI1 00010000 30000000 2500000 172 0 30000000 0 0 0 0 0 0 0 7cec3f48 00000000 7eed65a0 00000000 002ac333 00000000 002ac333 00000000 0000006a 00000000 00000000 00000000 02012b6d 00000000 002ac39d 00000000 00000000 00000000 00000000 00000039 008b3199 00000001 00000000 00000001 00000000 00000000 00000000 00000000 00000000 00000000 00000000 00000000 00000000 00000000 00000000 00000000 00000000 00000000 00000000 00000000 a7291351 00000001 7eed65b3 00000000 00000000 00000000 00000000 00000000 00000100 00000080 00000000 00000000 00000000 00000000 00000000 00000000 00000000 00003333 00004ccd 00002667 00000001 00000000 01c9c380 0000027c
capture_snapshot GLI1 00010000 30000000 2500000 173 0 30000000 0 0 0 0 0 0 0 7cec3f48 00000000 7ef06390 00000000 002b0307 00000000 002b0307 00000000 0000006a 00000000 00000000 00000000 0204295c 00000000 002b0371 00000000 00000000 00000000 00000000 00000039 008b3199 00000001 00000000 00000001 00000000 00000000 00000000 00000000 00000000 00000000 00000000 00000000 00000000 00000000 00000000 00000000 00000000 00000000 00000000 00000000 a7330c5b 00000001 7ef063a2 00000000 00000000 00000000 00000000 00000000 00000101 00000080 00000000 00000000 00000000 00000000 00000000 00000000 00000000 00003333 00004ccd 00002667 00000001 00000000 01c9c380 0000027c
capture_snapshot GLI1 00010000 30000000 2500000 174 0 30000000 0 0 0 0 0 0 0 7cec3f48 00000000 7ef362e8 00000000 002b42f9 00000000 002b42f9 00000000 0000006a 00000000 00000000 00000000 020728b9 00000000 002b4363 00000000 00000000 00000000 00000000 00000039 008b3199 00000001 00000000 00000001 00000000 00000000 00000000 00000000 00000000 00000000 00000000 00000000 00000000 00000000 00000000 00000000 00000000 00000000 00000000 00000000 a73d0a2a 00000001 7ef362ff 00000000 00000000 00000000 00000000 00000000 00000100 00000081 00000000 00000000 00000000 00000000 00000000 00000000 00000000 00003333 00004ccd 00002667 00000001 00000000 01c9c380 0000027c
capture_snapshot GLI1 00010000 30000000 2500000 175 0 30000000 0 0 0 0 0 0 0 7cec3f48 00000000 7ef66564 00000000 002b832e 00000000 002b832e 00000000 0000006a 00000000 00000000 00000000 020a2b38 00000000 002b8398 00000000 00000000 00000000 00000000 00000039 008b3199 00000001 00000000 00000001 00000000 00000000 00000000 00000000 00000000 00000000 00000000 00000000 00000000 00000000 00000000 00000000 00000000 00000000 00000000 00000000 a7471267 00000001 7ef6657e 00000000 00000000 00000000 00000000 00000000 00000101 00000081 00000000 00000000 00000000 00000000 00000000 00000000 00000000 00003333 00004ccd 00002667 00000001 00000000 01c9c380 0000027c
capture_snapshot GLI1 00010000 30000000 2500000 176 0 30000000 0 0 0 0 0 0 0 7cec3f48 00000000 7ef96798 00000000 002bc35d 00000000 002bc35c 00000000 0000006a 00000000 00000000 00000000 020d2d60 00000000 002bc3c7 00000000 00000000 00000000 00000000 0000003b 008b3199 00000001 00000001 00000001 00000000 00000000 00000000 00000000 00000000 00000000 00000000 00000000 00000000 00000000 00000000 00000000 00000000 00000000 00000000 00000000 a7511984 00000001 7ef967a6 00000000 00000000 00000000 00000000 00000000 00000101 00000081 00000000 00000000 00000000 00000000 00000000 00000000 00000000 00003333 00004ccd 00002667 00000001 00000000 01c9c380 0000027c
capture_snapshot GLI1 00010000 30000000 2500000 177 0 30000000 0 0 0 0 0 0 0 7cec3f48 00000000 7efc6948 00000000 002c0381 00000000 002c0381 00000000 0000006a 00000000 00000000 00000000 02102f11 00000000 002c03eb 00000000 00000000 00000000 00000000 00000039 008b3199 00000001 00000000 00000001 00000000 00000000 00000000 00000000 00000000 00000000 00000000 00000000 00000000 00000000 00000000 00000000 00000000 00000000 00000000 00000000 a75b1f14 00000001 7efc6957 00000000 00000000 00000000 00000000 00000000 00000101 00000081 00000000 00000000 00000000 00000000 00000000 00000000 00000000 00003333 00004ccd 00002667 00000001 00000000 01c9c380 0000027c
capture_snapshot GLI1 00010000 30000000 2500000 178 0 30000000 0 0 0 0 0 0 0 7cec3f48 00000000 7eff6a44 00000000 002c4396 00000000 002c4396 00000000 0000006a 00000000 00000000 00000000 02133012 00000000 002c4400 00000000 00000000 00000000 00000000 00000039 008b3199 00000001 00000000 00000001 00000000 00000000 00000000 00000000 00000000 00000000 00000000 00000000 00000000 00000000 00000000 00000000 00000000 00000000 00000000 00000000 a765225a 00000001 7eff6a58 00000000 00000000 00000000 00000000 00000000 00000100 00000080 00000000 00000000 00000000 00000000 00000000 00000000 00000000 00003333 00004ccd 00002667 00000001 00000000 01c9c380 0000027c
capture_snapshot GLI1 00010000 30000000 2500000 179 0 30000000 0 0 0 0 0 0 0 7cec3f48 00000000 7f026384 00000000 002c8306 00000000 002c8306 00000000 0000006a 00000000 00000000 00000000 02162950 00000000 002c8370 00000000 00000000 00000000 00000000 00000039 008b3199 00000001 00000000 00000001 00000000 00000000 00000000 00000000 00000000 00000000 00000000 00000000 00000000 00000000 00000000 00000000 00000000 00000000 00000000 00000000 a76f0bbd 00000001 7f026396 00000000 00000000 00000000 00000000 00000000 00000100 00000080 00000000 00000000 00000000 00000000 00000000 00000000 00000000 00003333 00004ccd 00002667 00000001 00000000 01c9c380 0000027c
capture_snapshot GLI1 00010000 30000000 2500000 180 0 30000000 0 0 0 0 0 0 0 7cec3f48 00000000 7f056564 00000000 002cc32e 00000000 002cc32e 00000000 0000006a 00000000 00000000 00000000 02192b31 00000000 002cc398 00000000 00000000 00000000 00000000 00000039 008b3199 00000001 00000000 00000001 00000000 00000000 00000000 00000000 00000000 00000000 00000000 00000000 00000000 00000000 00000000 00000000 00000000 00000000 00000000 00000000 a77911ef 00000001 7f056577 00000000 00000000 00000000 00000000 00000000 00000101 00000081 00000000 00000000 00000000 00000000 00000000 00000000 00000000 00003333 00004ccd 00002667 00000001 00000000 01c9c380 0000027c
capture_snapshot GLI1 00010000 30000000 2500000 181 0 30000000 0 0 0 0 0 0 0 7cec3f48 00000000 7f0863b4 00000000 002d030a 00000000 002d030a 00000000 0000006a 00000000 00000000 00000000 021c297e 00000000 002d0374 00000000 00000000 00000000 00000000 00000039 008b3199 00000001 00000000 00000001 00000000 00000000 00000000 00000000 00000000 00000000 00000000 00000000 00000000 00000000 00000000 00000000 00000000 00000000 00000000 00000000 a7830c32 00000001 7f0863c4 00000000 00000000 00000000 00000000 00000000 00000100 00000080 00000000 00000000 00000000 00000000 00000000 00000000 00000000 00003333 00004ccd 00002667 00000001 00000000 01c9c380 0000027c
capture_snapshot GLI1 00010000 30000000 2500000 182 0 30000000 0 0 0 0 0 0 0 7cec3f48 00000000 7f0b63f0 00000000 002d430f 00000000 002d430e 00000000 0000006a 00000000 00000000 00000000 021f29b8 00000000 002d4379 00000000 00000000 00000000 00000000 0000003b 008b3199 00000001 00000001 00000001 00000000 00000000 00000000 00000000 00000000 00000000 00000000 00000000 00000000 00000000 00000000 00000000 00000000 00000000 00000000 00000000 a78d0cdf 00000001 7f0b63fe 00000000 00000000 00000000 00000000 00000000 00000101 00000081 00000000 00000000 00000000 00000000 00000000 00000000 00000000 00003333 00004ccd 00002667 00000001 00000000 01c9c380 0000027c
capture_snapshot GLI1 00010000 30000000 2500000 183 0 30000000 0 0 0 0 0 0 0 7cec3f48 00000000 7f0e62f4 00000000 002d82fa 00000000 002d82fa 00000000 0000006a 00000000 00000000 00000000 022228be 00000000 002d8364 00000000 00000000 00000000 00000000 00000039 008b3199 00000001 00000000 00000001 00000000 00000000 00000000 00000000 00000000 00000000 00000000 00000000 00000000 00000000 00000000 00000000 00000000 00000000 00000000 00000000 a7970989 00000001 7f0e6304 00000000 00000000 00000000 00000000 00000000 00000101 00000080 00000000 00000000 00000000 00000000 00000000 00000000 00000000 00003333 00004ccd 00002667 00000001 00000000 01c9c380 0000027c
capture_snapshot GLI1 00010000 30000000 2500000 184 0 30000000 0 0 0 0 0 0 0 7cec3f48 00000000 7f11657c 00000000 002dc330 00000000 002dc330 00000000 0000006a 00000000 00000000 00000000 02252b4c 00000000 002dc39a 00000000 00000000 00000000 00000000 00000039 008b3199 00000001 00000000 00000001 00000000 00000000 00000000 00000000 00000000 00000000 00000000 00000000 00000000 00000000 00000000 00000000 00000000 00000000 00000000 00000000 a7a111fa 00000001 7f116592 00000000 00000000 00000000 00000000 00000000 00000101 00000081 00000000 00000000 00000000 00000000 00000000 00000000 00000000 00003333 00004ccd 00002667 00000001 00000000 01c9c380 0000027c
capture_snapshot GLI1 00010000 30000000 2500000 185 0 30000000 0 0 0 0 0 0 0 7cec3f48 00000000 7f14630c 00000000 002e02fc 00000000 002e02fc 00000000 0000006a 00000000 00000000 00000000 022828d5 00000000 002e0366 00000000 00000000 00000000 00000000 00000039 008b3199 00000001 00000000 00000001 00000000 00000000 00000000 00000000 00000000 00000000 00000000 00000000 00000000 00000000 00000000 00000000 00000000 00000000 00000000 00000000 a7ab09ae 00000001 7f14631b 00000000 00000000 00000000 00000000 00000000 00000100 00000080 00000000 00000000 00000000 00000000 00000000 00000000 00000000 00003333 00004ccd 00002667 00000001 00000000 01c9c380 0000027c
capture_snapshot GLI1 00010000 30000000 2500000 186 0 30000000 0 0 0 0 0 0 0 7cec3f48 00000000 7f1769a8 00000000 002e4389 00000000 002e4389 00000000 0000006a 00000000 00000000 00000000 022b2f73 00000000 002e43f3 00000000 00000000 00000000 00000000 00000039 008b3199 00000001 00000000 00000001 00000000 00000000 00000000 00000000 00000000 00000000 00000000 00000000 00000000 00000000 00000000 00000000 00000000 00000000 00000000 00000000 a7b51fac 00000001 7f1769b9 00000000 00000000 00000000 00000000 00000000 00000100 00000080 00000000 00000000 00000000 00000000 00000000 00000000 00000000 00003333 00004ccd 00002667 00000001 00000000 01c9c380 0000027c
capture_snapshot GLI1 00010000 30000000 2500000 187 0 30000000 0 0 0 0 0 0 0 7cec3f48 00000000 7f1a6b4c 00000000 002e83ac 00000000 002e83ac 00000000 0000006a 00000000 00000000 00000000 022e311a 00000000 002e8416 00000000 00000000 00000000 00000000 00000039 008b3199 00000001 00000000 00000001 00000000 00000000 00000000 00000000 00000000 00000000 00000000 00000000 00000000 00000000 00000000 00000000 00000000 00000000 00000000 00000000 a7bf251a 00000001 7f1a6b60 00000000 00000000 00000000 00000000 00000000 00000100 00000080 00000000 00000000 00000000 00000000 00000000 00000000 00000000 00003333 00004ccd 00002667 00000001 00000000 01c9c380 0000027c
capture_snapshot GLI1 00010000 30000000 2500000 188 0 30000000 0 0 0 0 0 0 0 7cec3f48 00000000 7f1d5e14 00000000 002ec292 00000000 002ec292 00000000 0000006a 00000000 00000000 00000000 023123e1 00000000 002ec2fc 00000000 00000000 00000000 00000000 00000039 008b3199 00000001 00000000 00000001 00000000 00000000 00000000 00000000 00000000 00000000 00000000 00000000 00000000 00000000 00000000 00000000 00000000 00000000 00000000 00000000 a7c8f8f4 00000001 7f1d5e27 00000000 00000000 00000000 00000000 00000000 00000100 00000080 00000000 00000000 00000000 00000000 00000000 00000000 00000000 00003333 00004ccd 00002667 00000001 00000000 01c9c380 0000027c
capture_snapshot GLI1 00010000 30000000 2500000 189 0 30000000 0 0 0 0 0 0 0 7cec3f48 00000000 7f205ad8 00000000 002f024d 00000000 002f024d 00000000 0000006a 00000000 00000000 00000000 023420aa 00000000 002f02b7 00000000 00000000 00000000 00000000 00000039 008b3199 00000001 00000000 00000001 00000000 00000000 00000000 00000000 00000000 00000000 00000000 00000000 00000000 00000000 00000000 00000000 00000000 00000000 00000000 00000000 a7d2ee29 00000001 7f205af0 00000000 00000000 00000000 00000000 00000000 00000100 00000080 00000000 00000000 00000000 00000000 00000000 00000000 00000000 00003333 00004ccd 00002667 00000001 00000000 01c9c380 0000027c
capture_snapshot GLI1 00010000 30000000 2500000 190 0 30000000 0 0 0 0 0 0 0 7cec3f48 00000000 7f235a00 00000000 002f423b 00000000 002f423b 00000000 0000006a 00000000 00000000 00000000 02371fd2 00000000 002f42a5 00000000 00000000 00000000 00000000 00000039 008b3199 00000001 00000000 00000001 00000000 00000000 00000000 00000000 00000000 00000000 00000000 00000000 00000000 00000000 00000000 00000000 00000000 00000000 00000000 00000000 a7dceb46 00000001 7f235a18 00000000 00000000 00000000 00000000 00000000 00000100 00000080 00000000 00000000 00000000 00000000 00000000 00000000 00000000 00003333 00004ccd 00002667 00000001 00000000 01c9c380 0000027c
capture_snapshot GLI1 00010000 30000000 2500000 191 0 30000000 0 0 0 0 0 0 0 7cec3f48 00000000 7f265928 00000000 002f8229 00000000 002f8229 00000000 0000006a 00000000 00000000 00000000 023a1ef5 00000000 002f8293 00000000 00000000 00000000 00000000 00000039 008b3199 00000001 00000000 00000001 00000000 00000000 00000000 00000000 00000000 00000000 00000000 00000000 00000000 00000000 00000000 00000000 00000000 00000000 00000000 00000000 a7e6e84f 00000001 7f26593b 00000000 00000000 00000000 00000000 00000000 00000101 00000080 00000000 00000000 00000000 00000000 00000000 00000000 00000000 00003333 00004ccd 00002667 00000001 00000000 01c9c380 0000027c
capture_snapshot GLI1 00010000 30000000 2500000 192 0 30000000 0 0 0 0 0 0 0 7cec3f48 00000000 7f295298 00000000 002fc19d 00000000 002fc19d 00000000 0000006a 00000000 00000000 00000000 023d186a 00000000 002fc207 00000000 00000000 00000000 00000000 00000039 008b3199 00000001 00000000 00000001 00000000 00000000 00000000 00000000 00000000 00000000 00000000 00000000 00000000 00000000 00000000 00000000 00000000 00000000 00000000 00000000 a7f0d26f 00000001 7f2952b0 00000000 00000000 00000000 00000000 00000000 00000100 00000080 00000000 00000000 00000000 00000000 00000000 00000000 00000000 00003333 00004ccd 00002667 00000001 00000000 01c9c380 0000027c
capture_snapshot GLI1 00010000 30000000 2500000 193 0 30000000 0 0 0 0 0 0 0 7cec3f48 00000000 7f2c5208 00000000 00300191 00000000 00300191 00000000 0000006a 00000000 00000000 00000000 024017d0 00000000 003001fb 00000000 00000000 00000000 00000000 00000039 008b3199 00000001 00000000 00000001 00000000 00000000 00000000 00000000 00000000 00000000 00000000 00000000 00000000 00000000 00000000 00000000 00000000 00000000 00000000 00000000 a7fad05a 00000001 7f2c5216 00000000 00000000 00000000 00000000 00000000 00000100 00000080 00000000 00000000 00000000 00000000 00000000 00000000 00000000 00003333 00004ccd 00002667 00000001 00000000 01c9c380 0000027c
capture_snapshot GLI1 00010000 30000000 2500000 194 0 30000000 0 0 0 0 0 0 0 7cec3f48 00000000 7f2f5178 00000000 00304185 00000000 00304185 00000000 0000006a 00000000 00000000 00000000 02431743 00000000 003041ef 00000000 00000000 00000000 00000000 00000039 008b3199 00000001 00000000 00000001 00000000 00000000 00000000 00000000 00000000 00000000 00000000 00000000 00000000 00000000 00000000 00000000 00000000 00000000 00000000 00000000 a804ce70 00000001 7f2f5189 00000000 00000000 00000000 00000000 00000000 00000100 00000080 00000000 00000000 00000000 00000000 00000000 00000000 00000000 00003333 00004ccd 00002667 00000001 00000000 01c9c380 0000027c
capture_snapshot GLI1 00010000 30000000 2500000 195 0 30000000 0 0 0 0 0 0 0 7cec3f48 00000000 7f325214 00000000 00308192 00000000 00308192 00000000 0000006a 00000000 00000000 00000000 024617dd 00000000 003081fc 00000000 00000000 00000000 00000000 00000039 008b3199 00000001 00000000 00000001 00000000 00000000 00000000 00000000 00000000 00000000 00000000 00000000 00000000 00000000 00000000 00000000 00000000 00000000 00000000 00000000 a80ed05e 00000001 7f325223 00000000 00000000 00000000 00000000 00000000 00000100 00000081 00000000 00000000 00000000 00000000 00000000 00000000 00000000 00003333 00004ccd 00002667 00000001 00000000 01c9c380 0000027c
capture_snapshot GLI1 00010000 30000000 2500000 196 0 30000000 0 0 0 0 0 0 0 7cec3f48 00000000 7f3555a4 00000000 0030c1de 00000000 0030c1de 00000000 0000006a 00000000 00000000 00000000 02491b71 00000000 0030c248 00000000 00000000 00000000 00000000 00000039 008b3199 00000001 00000000 00000001 00000000 00000000 00000000 00000000 00000000 00000000 00000000 00000000 00000000 00000000 00000000 00000000 00000000 00000000 00000000 00000000 a818dc38 00000001 7f3555b7 00000000 00000000 00000000 00000000 00000000 00000100 00000080 00000000 00000000 00000000 00000000 00000000 00000000 00000000 00003333 00004ccd 00002667 00000001 00000000 01c9c380 0000027c
capture_snapshot GLI1 00010000 30000000 2500000 197 0 30000000 0 0 0 0 0 0 0 7cec3f48 00000000 7f385178 00000000 00310185 00000000 00310185 00000000 0000006a 00000000 00000000 00000000 024c1742 00000000 003101ef 00000000 00000000 00000000 00000000 00000039 008b3199 00000001 00000000 00000001 00000000 00000000 00000000 00000000 00000000 00000000 00000000 00000000 00000000 00000000 00000000 00000000 00000000 00000000 00000000 00000000 a822ce33 00000001 7f385188 00000000 00000000 00000000 00000000 00000000 00000100 00000080 00000000 00000000 00000000 00000000 00000000 00000000 00000000 00003333 00004ccd 00002667 00000001 00000000 01c9c380 0000027c
capture_snapshot GLI1 00010000 30000000 2500000 198 0 30000000 0 0 0 0 0 0 0 7cec3f48 00000000 7f3b51fc 00000000 00314190 00000000 00314190 00000000 0000006a 00000000 00000000 00000000 024f17cd 00000000 003141fa 00000000 00000000 00000000 00000000 00000039 008b3199 00000001 00000000 00000001 00000000 00000000 00000000 00000000 00000000 00000000 00000000 00000000 00000000 00000000 00000000 00000000 00000000 00000000 00000000 00000000 a82ccfee 00000001 7f3b5213 00000000 00000000 00000000 00000000 00000000 00000100 00000081 00000000 00000000 00000000 00000000 00000000 00000000 00000000 00003333 00004ccd 00002667 00000001 00000000 01c9c380 0000027c
capture_snapshot GLI1 00010000 30000000 2500000 199 0 30000000 0 0 0 0 0 0 0 7cec3f48 00000000 7f3e51b4 00000000 0031818a 00000000 0031818a 00000000 0000006a 00000000 00000000 00000000 0252177e 00000000 003181f4 00000000 00000000 00000000 00000000 00000039 008b3199 00000001 00000000 00000001 00000000 00000000 00000000 00000000 00000000 00000000 00000000 00000000 00000000 00000000 00000000 00000000 00000000 00000000 00000000 00000000 a836ced2 00000001 7f3e51c4 00000000 00000000 00000000 00000000 00000000 00000101 00000081 00000000 00000000 00000000 00000000 00000000 00000000 00000000 00003333 00004ccd 00002667 00000001 00000000 01c9c380 0000027c
capture_snapshot GLI1 00010000 30000000 2500000 200 0 30000000 0 0 0 0 0 0 0 7cec3f48 00000000 7f41522c 00000000 0031c194 00000000 0031c194 00000000 0000006a 00000000 00000000 00000000 025517fa 00000000 0031c1fe 00000000 00000000 00000000 00000000 00000039 008b3199 00000001 00000000 00000001 00000000 00000000 00000000 00000000 00000000 00000000 00000000 00000000 00000000 00000000 00000000 00000000 00000000 00000000 00000000 00000000 a840d05d 00000001 7f415240 00000000 00000000 00000000 00000000 00000000 00000100 00000080 00000000 00000000 00000000 00000000 00000000 00000000 00000000 00003333 00004ccd 00002667 00000001 00000000 01c9c380 0000027c
capture_snapshot GLI1 00010000 30000000 2500000 201 0 30000000 0 0 0 0 0 0 0 7cec3f48 00000000 7f4451b4 00000000 0032018a 00000000 0032018a 00000000 0000006a 00000000 00000000 00000000 02581785 00000000 003201f4 00000000 00000000 00000000 00000000 00000039 008b3199 00000001 00000000 00000001 00000000 00000000 00000000 00000000 00000000 00000000 00000000 00000000 00000000 00000000 00000000 00000000 00000000 00000000 00000000 00000000 a84acec4 00000001 7f4451cb 00000000 00000000 00000000 00000000 00000000 00000100 00000080 00000000 00000000 00000000 00000000 00000000 00000000 00000000 00003333 00004ccd 00002667 00000001 00000000 01c9c380 0000027c
capture_snapshot GLI1 00010000 30000000 2500000 202 0 30000000 0 0 0 0 0 0 0 7cec3f48 00000000 7f475250 00000000 00324197 00000000 00324197 00000000 0000006a 00000000 00000000 00000000 025b1822 00000000 00324201 00000000 00000000 00000000 00000000 00000039 008b3199 00000001 00000000 00000001 00000000 00000000 00000000 00000000 00000000 00000000 00000000 00000000 00000000 00000000 00000000 00000000 00000000 00000000 00000000 00000000 a854d0ba 00000001 7f475268 00000000 00000000 00000000 00000000 00000000 00000101 00000081 00000000 00000000 00000000 00000000 00000000 00000000 00000000 00003333 00004ccd 00002667 00000001 00000000 01c9c380 0000027c
capture_snapshot GLI1 00010000 30000000 2500000 203 0 30000000 0 0 0 0 0 0 0 7cec3f48 00000000 7f4a5160 00000000 00328183 00000000 00328183 00000000 0000006a 00000000 00000000 00000000 025e1732 00000000 003281ed 00000000 00000000 00000000 00000000 00000039 008b3199 00000001 00000000 00000001 00000000 00000000 00000000 00000000 00000000 00000000 00000000 00000000 00000000 00000000 00000000 00000000 00000000 00000000 00000000 00000000 a85ecd87 00000001 7f4a5178 00000000 00000000 00000000 00000000 00000000 00000101 00000081 00000000 00000000 00000000 00000000 00000000 00000000 00000000 00003333 00004ccd 00002667 00000001 00000000 01c9c380 0000027c
capture_snapshot GLI1 00010000 30000000 2500000 204 0 30000000 0 0 0 0 0 0 0 7cec3f48 00000000 7f4d5268 00000000 0032c199 00000000 0032c199 00000000 0000006a 00000000 00000000 00000000 02611836 00000000 0032c203 00000000 00000000 00000000 00000000 00000039 008b3199 00000001 00000000 00000001 00000000 00000000 00000000 00000000 00000000 00000000 00000000 00000000 00000000 00000000 00000000 00000000 00000000 00000000 00000000 00000000 a868d0d5 00000001 7f4d527c 00000000 00000000 00000000 00000000 00000000 00000101 00000080 00000000 00000000 00000000 00000000 00000000 00000000 00000000 00003333 00004ccd 00002667 00000001 00000000 01c9c380 0000027c
capture_snapshot GLI1 00010000 30000000 2500000 205 0 30000000 0 0 0 0 0 0 0 7cec3f48 00000000 7f5051c0 00000000 0033018b 00000000 0033018b 00000000 0000006a 00000000 00000000 00000000 0264178f 00000000 003301f5 00000000 00000000 00000000 00000000 00000039 008b3199 00000001 00000000 00000001 00000000 00000000 00000000 00000000 00000000 00000000 00000000 00000000 00000000 00000000 00000000 00000000 00000000 00000000 00000000 00000000 a872ce97 00000001 7f5051d5 00000000 00000000 00000000 00000000 00000000 00000100 00000080 00000000 00000000 00000000 00000000 00000000 00000000 00000000 00003333 00004ccd 00002667 00000001 00000000 01c9c380 0000027c
capture_snapshot GLI1 00010000 30000000 2500000 206 0 30000000 0 0 0 0 0 0 0 7cec3f48 00000000 7f535208 00000000 00334191 00000000 00334191 00000000 0000006a 00000000 00000000 00000000 026717d6 00000000 003341fb 00000000 00000000 00000000 00000000 00000039 008b3199 00000001 00000000 00000001 00000000 00000000 00000000 00000000 00000000 00000000 00000000 00000000 00000000 00000000 00000000 00000000 00000000 00000000 00000000 00000000 a87ccf6e 00000001 7f53521c 00000000 00000000 00000000 00000000 00000000 00000101 00000080 00000000 00000000 00000000 00000000 00000000 00000000 00000000 00003333 00004ccd 00002667 00000001 00000000 01c9c380 0000027c
capture_snapshot GLI1 00010000 30000000 2500000 207 0 30000000 0 0 0 0 0 0 0 7cec3f48 00000000 7f5651f0 00000000 0033818f 00000000 0033818f 00000000 0000006a 00000000 00000000 00000000 026a17ba 00000000 003381f9 00000000 00000000 00000000 00000000 00000039 008b3199 00000001 00000000 00000001 00000000 00000000 00000000 00000000 00000000 00000000 00000000 00000000 00000000 00000000 00000000 00000000 00000000 00000000 00000000 00000000 a886cefe 00000001 7f565200 00000000 00000000 00000000 00000000 00000000 00000101 00000081 00000000 00000000 00000000 00000000 00000000 00000000 00000000 00003333 00004ccd 00002667 00000001 00000000 01c9c380 0000027c
capture_snapshot GLI1 00010000 30000000 2500000 208 0 30000000 0 0 0 0 0 0 0 7cec3f48 00000000 7f59525c 00000000 0033c198 00000000 0033c198 00000000 0000006a 00000000 00000000 00000000 026d182c 00000000 0033c202 00000000 00000000 00000000 00000000 00000039 008b3199 00000001 00000000 00000001 00000000 00000000 00000000 00000000 00000000 00000000 00000000 00000000 00000000 00000000 00000000 00000000 00000000 00000000 00000000 00000000 a890d066 00000001 7f595272 00000000 00000000 00000000 00000000 00000000 00000101 00000080 00000000 00000000 00000000 00000000 00000000 00000000 00000000 00003333 00004ccd 00002667 00000001 00000000 01c9c380 0000027c
capture_snapshot GLI1 00010000 30000000 2500000 209 0 30000000 0 0 0 0 0 0 0 7cec3f48 00000000 7f5c51a8 00000000 00340189 00000000 00340189 00000000 0000006a 00000000 00000000 00000000 02701778 00000000 003401f3 00000000 00000000 00000000 00000000 00000039 008b3199 00000001 00000000 00000001 00000000 00000000 00000000 00000000 00000000 00000000 00000000 00000000 00000000 00000000 00000000 00000000 00000000 00000000 00000000 00000000 a89acdfb 00000001 7f5c51be 00000000 00000000 00000000 00000000 00000000 00000101 00000081 00000000 00000000 00000000 00000000 00000000 00000000 00000000 00003333 00004ccd 00002667 00000001 00000000 01c9c380 0000027c
capture_snapshot GLI1 00010000 30000000 2500000 210 0 30000000 0 0 0 0 0 0 0 7cec3f48 00000000 7f5f51f0 00000000 0034418f 00000000 0034418f 00000000 0000006a 00000000 00000000 00000000 027317b9 00000000 003441f9 00000000 00000000 00000000 00000000 00000039 008b3199 00000001 00000000 00000001 00000000 00000000 00000000 00000000 00000000 00000000 00000000 00000000 00000000 00000000 00000000 00000000 00000000 00000000 00000000 00000000 a8a4cec2 00000001 7f5f51ff 00000000 00000000 00000000 00000000 00000000 00000100 00000080 00000000 00000000 00000000 00000000 00000000 00000000 00000000 00003333 00004ccd 00002667 00000001 00000000 01c9c380 0000027c
capture_snapshot GLI1 00010000 30000000 2500000 211 0 30000000 0 0 0 0 0 0 0 7cec3f48 00000000 7f62513c 00000000 00348180 00000000 00348180 00000000 0000006a 00000000 00000000 00000000 0276170d 00000000 003481ea 00000000 00000000 00000000 00000000 00000039 008b3199 00000001 00000000 00000001 00000000 00000000 00000000 00000000 00000000 00000000 00000000 00000000 00000000 00000000 00000000 00000000 00000000 00000000 00000000 00000000 a8aecc6e 00000001 7f625153 00000000 00000000 00000000 00000000 00000000 00000100 00000080 00000000 00000000 00000000 00000000 00000000 00000000 00000000 00003333 00004ccd 00002667 00000001 00000000 01c9c380 0000027c
capture_snapshot GLI1 00010000 30000000 2500000 212 0 30000000 0 0 0 0 0 0 0 7cec3f48 00000000 7f6551fc 00000000 0034c190 00000000 0034c190 00000000 0000006a 00000000 00000000 00000000 027917c8 00000000 0034c1fa 00000000 00000000 00000000 00000000 00000039 008b3199 00000001 00000000 00000001 00000000 00000000 00000000 00000000 00000000 00000000 00000000 00000000 00000000 00000000 00000000 00000000 00000000 00000000 00000000 00000000 a8b8cecb 00000001 7f65520e 00000000 00000000 00000000 00000000 00000000 00000101 00000081 00000000 00000000 00000000 00000000 00000000 00000000 00000000 00003333 00004ccd 00002667 00000001 00000000 01c9c380 0000027c
capture_snapshot GLI1 00010000 30000000 2500000 213 0 30000000 0 0 0 0 0 0 0 7cec3f48 00000000 7f6851b4 00000000 0035018a 00000000 0035018a 00000000 0000006a 00000000 00000000 00000000 027c1780 00000000 003501f4 00000000 00000000 00000000 00000000 00000039 008b3199 00000001 00000000 00000001 00000000 00000000 00000000 00000000 00000000 00000000 00000000 00000000 00000000 00000000 00000000 00000000 00000000 00000000 00000000 00000000 a8c2cdc8 00000001 7f6851c6 00000000 00000000 00000000 00000000 00000000 00000101 00000081 00000000 00000000 00000000 00000000 00000000 00000000 00000000 00003333 00004ccd 00002667 00000001 00000000 01c9c380 0000027c
capture_snapshot GLI1 00010000 30000000 2500000 214 0 30000000 0 0 0 0 0 0 0 7cec3f48 00000000 7f6b51cc 00000000 0035418c 00000000 0035418c 00000000 0000006a 00000000 00000000 00000000 027f179d 00000000 003541f6 00000000 00000000 00000000 00000000 00000039 008b3199 00000001 00000000 00000001 00000000 00000000 00000000 00000000 00000000 00000000 00000000 00000000 00000000 00000000 00000000 00000000 00000000 00000000 00000000 00000000 a8ccce16 00000001 7f6b51e3 00000000 00000000 00000000 00000000 00000000 00000100 00000080 00000000 00000000 00000000 00000000 00000000 00000000 00000000 00003333 00004ccd 00002667 00000001 00000000 01c9c380 0000027c
capture_snapshot GLI1 00010000 30000000 2500000 215 0 30000000 0 0 0 0 0 0 0 7cec3f48 00000000 7f6e51f0 00000000 0035818f 00000000 0035818f 00000000 0000006a 00000000 00000000 00000000 028217b9 00000000 003581f9 00000000 00000000 00000000 00000000 00000039 008b3199 00000001 00000000 00000001 00000000 00000000 00000000 00000000 00000000 00000000 00000000 00000000 00000000 00000000 00000000 00000000 00000000 00000000 00000000 00000000 a8d6ce5e 00000001 7f6e51ff 00000000 00000000 00000000 00000000 00000000 00000101 00000080 00000000 00000000 00000000 00000000 00000000 00000000 00000000 00003333 00004ccd 00002667 00000001 00000000 01c9c380 0000027c
capture_snapshot GLI1 00010000 30000000 2500000 216 0 30000000 0 0 0 0 0 0 0 7cec3f48 00000000 7f71525c 00000000 0035c198 00000000 0035c198 00000000 0000006a 00000000 00000000 00000000 0285182f 00000000 0035c202 00000000 00000000 00000000 00000000 00000039 008b3199 00000001 00000000 00000001 00000000 00000000 00000000 00000000 00000000 00000000 00000000 00000000 00000000 00000000 00000000 00000000 00000000 00000000 00000000 00000000 a8e0cfd3 00000001 7f715275 00000000 00000000 00000000 00000000 00000000 00000100 00000080 00000000 00000000 00000000 00000000 00000000 00000000 00000000 00003333 00004ccd 00002667 00000001 00000000 01c9c380 0000027c
capture_snapshot GLI1 00010000 30000000 2500000 217 0 30000000 0 0 0 0 0 0 0 7cec3f48 00000000 7f74522c 00000000 00360194 00000000 00360194 00000000 0000006a 00000000 00000000 00000000 028817f9 00000000 003601fe 00000000 00000000 00000000 00000000 00000039 008b3199 00000001 00000000 00000001 00000000 00000000 00000000 00000000 00000000 00000000 00000000 00000000 00000000 00000000 00000000 00000000 00000000 00000000 00000000 00000000 a8eacf0e 00000001 7f74523f 00000000 00000000 00000000 00000000 00000000 00000100 00000081 00000000 00000000 00000000 00000000 00000000 00000000 00000000 00003333 00004ccd 00002667 00000001 00000000 01c9c380 0000027c
capture_snapshot GLI1 00010000 30000000 2500000 218 0 30000000 0 0 0 0 0 0 0 7cec3f48 00000000 7f7754f0 00000000 003641cf 00000000 003641cf 00000000 0000006a 00000000 00000000 00000000 028b1aba 00000000 00364239 00000000 00000000 00000000 00000000 00000039 008b3199 00000001 00000000 00000001 00000000 00000000 00000000 00000000 00000000 00000000 00000000 00000000 00000000 00000000 00000000 00000000 00000000 00000000 00000000 00000000 a8f4d827 00000001 7f775500 00000000 00000000 00000000 00000000 00000000 00000101 00000081 00000000 00000000 00000000 00000000 00000000 00000000 00000000 00003333 00004ccd 00002667 00000001 00000000 01c9c380 0000027c
capture_snapshot GLI1 00010000 30000000 2500000 219 0 30000000 0 0 0 0 0 0 0 7cec3f48 00000000 7f7a5cd0 00000000 00368277 00000000 00368277 00000000 0000006a 00000000 00000000 00000000 028e229f 00000000 003682e1 00000000 00000000 00000000 00000000 00000039 008b3199 00000001 00000000 00000001 00000000 00000000 00000000 00000000 00000000 00000000 00000000 00000000 00000000 00000000 00000000 00000000 00000000 00000000 00000000 00000000 a8fef264 00000001 7f7a5ce5 00000000 00000000 00000000 00000000 00000000 00000101 00000081 00000000 00000000 00000000 00000000 00000000 00000000 00000000 00003333 00004ccd 00002667 00000001 00000000 01c9c380 0000027c
capture_snapshot GLI1 00010000 30000000 2500000 220 0 30000000 0 0 0 0 0 0 0 7cec3f48 00000000 7f7d55e0 00000000 0036c1e3 00000000 0036c1e3 00000000 0000006a 00000000 00000000 00000000 02911bb0 00000000 0036c24d 00000000 00000000 00000000 00000000 00000039 008b3199 00000001 00000000 00000001 00000000 00000000 00000000 00000000 00000000 00000000 00000000 00000000 00000000 00000000 00000000 00000000 00000000 00000000 00000000 00000000 a908db33 00000001 7f7d55f6 00000000 00000000 00000000 00000000 00000000 00000100 00000080 00000000 00000000 00000000 00000000 00000000 00000000 00000000 00003333 00004ccd 00002667 00000001 00000000 01c9c380 0000027c
capture_snapshot GLI1 00010000 30000000 2500000 221 0 30000000 0 0 0 0 0 0 0 7cec3f48 00000000 7f8053ac 00000000 003701b4 00000000 003701b4 00000000 0000006a 00000000 00000000 00000000 02941975 00000000 0037021e 00000000 00000000 00000000 00000000 00000039 008b3199 00000001 00000000 00000001 00000000 00000000 00000000 00000000 00000000 00000000 00000000 00000000 00000000 00000000 00000000 00000000 00000000 00000000 00000000 00000000 a912d3b2 00000001 7f8053bb 00000000 00000000 00000000 00000000 00000000 00000101 00000081 00000000 00000000 00000000 00000000 00000000 00000000 00000000 00003333 00004ccd 00002667 00000001 00000000 01c9c380 0000027c
capture_snapshot GLI1 00010000 30000000 2500000 222 0 30000000 0 0 0 0 0 0 0 7cec3f48 00000000 7f8352a4 00000000 0037419e 00000000 0037419e 00000000 0000006a 00000000 00000000 00000000 02971875 00000000 00374208 00000000 00000000 00000000 00000000 00000039 008b3199 00000001 00000000 00000001 00000000 00000000 00000000 00000000 00000000 00000000 00000000 00000000 00000000 00000000 00000000 00000000 00000000 00000000 00000000 00000000 a91cd049 00000001 7f8352bb 00000000 00000000 00000000 00000000 00000000 00000101 00000081 00000000 00000000 00000000 00000000 00000000 00000000 00000000 00003333 00004ccd 00002667 00000001 00000000 01c9c380 0000027c
capture_snapshot GLI1 00010000 30000000 2500000 223 0 30000000 0 0 0 0 0 0 0 7cec3f48 00000000 7f86519c 00000000 00378188 00000000 00378188 00000000 0000006a 00000000 00000000 00000000 029a176c 00000000 003781f2 00000000 00000000 00000000 00000000 00000039 008b3199 00000001 00000000 00000001 00000000 00000000 00000000 00000000 00000000 00000000 00000000 00000000 00000000 00000000 00000000 00000000 00000000 00000000 00000000 00000000 a926ccc2 00000001 7f8651b2 00000000 00000000 00000000 00000000 00000000 00000101 00000081 00000000 00000000 00000000 00000000 00000000 00000000 00000000 00003333 00004ccd 00002667 00000001 00000000 01c9c380 0000027c
capture_snapshot GLI1 00010000 30000000 2500000 224 0 30000000 0 0 0 0 0 0 0 7cec3f48 00000000 7f8951cc 00000000 0037c18c 00000000 0037c18c 00000000 0000006a 00000000 00000000 00000000 029d1795 00000000 0037c1f6 00000000 00000000 00000000 00000000 00000039 008b3199 00000001 00000000 00000001 00000000 00000000 00000000 00000000 00000000 00000000 00000000 00000000 00000000 00000000 00000000 00000000 00000000 00000000 00000000 00000000 a930cd36 00000001 7f8951db 00000000 00000000 00000000 00000000 00000000 00000101 00000080 00000000 00000000 00000000 00000000 00000000 00000000 00000000 00003333 00004ccd 00002667 00000001 00000000 01c9c380 0000027c
capture_snapshot GLI1 00010000 30000000 2500000 225 0 30000000 0 0 0 0 0 0 0 7cec3f48 00000000 7f8c52a4 00000000 0038019e 00000000 0038019e 00000000 0000006a 00000000 00000000 00000000 02a01872 00000000 00380208 00000000 00000000 00000000 00000000 00000039 008b3199 00000001 00000000 00000001 00000000 00000000 00000000 00000000 00000000 00000000 00000000 00000000 00000000 00000000 00000000 00000000 00000000 00000000 00000000 00000000 a93ad004 00000001 7f8c52b8 00000000 00000000 00000000 00000000 00000000 00000101 00000081 00000000 00000000 00000000 00000000 00000000 00000000 00000000 00003333 00004ccd 00002667 00000001 00000000 01c9c380 0000027c
capture_snapshot GLI1 00010000 30000000 2500000 226 0 30000000 0 0 0 0 0 0 0 7cec3f48 00000000 7f8f5184 00000000 00384186 00000000 00384186 00000000 0000006a 00000000 00000000 00000000 02a31753 00000000 003841f0 00000000 00000000 00000000 00000000 00000039 008b3199 00000001 00000000 00000001 00000000 00000000 00000000 00000000 00000000 00000000 00000000 00000000 00000000 00000000 00000000 00000000 00000000 00000000 00000000 00000000 a944cc35 00000001 7f8f5199 00000000 00000000 00000000 00000000 00000000 00000100 00000080 00000000 00000000 00000000 00000000 00000000 00000000 00000000 00003333 00004ccd 00002667 00000001 00000000 01c9c380 0000027c
capture_snapshot GLI1 00010000 30000000 2500000 227 0 30000000 0 0 0 0 0 0 0 7cec3f48 00000000 7f925274 00000000 0038819a 00000000 0038819a 00000000 0000006a 00000000 00000000 00000000 02a61841 00000000 00388204 00000000 00000000 00000000 00000000 00000039 008b3199 00000001 00000000 00000001 00000000 00000000 00000000 00000000 00000000 00000000 00000000 00000000 00000000 00000000 00000000 00000000 00000000 00000000 00000000 00000000 a94ecf38 00000001 7f925287 00000000 00000000 00000000 00000000 00000000 00000100 00000080 00000000 00000000 00000000 00000000 00000000 00000000 00000000 00003333 00004ccd 00002667 00000001 00000000 01c9c380 0000027c
capture_snapshot GLI1 00010000 30000000 2500000 228 0 30000000 0 0 0 0 0 0 0 7cec3f48 00000000 7f95516c 00000000 0038c184 00000000 0038c184 00000000 0000006a 00000000 00000000 00000000 02a91737 00000000 0038c1ee 00000000 00000000 00000000 00000000 00000039 008b3199 00000001 00000000 00000001 00000000 00000000 00000000 00000000 00000000 00000000 00000000 00000000 00000000 00000000 00000000 00000000 00000000 00000000 00000000 00000000 a958cbaf 00000001 7f95517d 00000000 00000000 00000000 00000000 00000000 00000101 00000080 00000000 00000000 00000000 00000000 00000000 00000000 00000000 00003333 00004ccd 00002667 00000001 00000000 01c9c380 0000027c
capture_snapshot GLI1 00010000 30000000 2500000 229 0 30000000 0 0 0 0 0 0 0 7cec3f48 00000000 7f985238 00000000 00390195 00000000 00390195 00000000 0000006a 00000000 00000000 00000000 02ac180b 00000000 003901ff 00000000 00000000 00000000 00000000 00000039 008b3199 00000001 00000000 00000001 00000000 00000000 00000000 00000000 00000000 00000000 00000000 00000000 00000000 00000000 00000000 00000000 00000000 00000000 00000000 00000000 a962ce60 00000001 7f985251 00000000 00000000 00000000 00000000 00000000 00000100 00000080 00000000 00000000 00000000 00000000 00000000 00000000 00000000 00003333 00004ccd 00002667 00000001 00000000 01c9c380 0000027c
capture_snapshot GLI1 00010000 30000000 2500000 230 0 30000000 0 0 0 0 0 0 0 7cec3f48 00000000 7f9b51f0 00000000 0039418f 00000000 0039418f 00000000 0000006a 00000000 00000000 00000000 02af17b9 00000000 003941f9 00000000 00000000 00000000 00000000 00000039 008b3199 00000001 00000000 00000001 00000000 00000000 00000000 00000000 00000000 00000000 00000000 00000000 00000000 00000000 00000000 00000000 00000000 00000000 00000000 00000000 a96ccd3a 00000001 7f9b51ff 00000000 00000000 00000000 00000000 00000000 00000101 00000081 00000000 00000000 00000000 00000000 00000000 00000000 00000000 00003333 00004ccd 00002667 00000001 00000000 01c9c380 0000027c
capture_snapshot GLI1 00010000 30000000 2500000 231 0 30000000 0 0 0 0 0 0 0 7cec3f48 00000000 7f9e5160 00000000 00398183 00000000 00398183 00000000 0000006a 00000000 00000000 00000000 02b21733 00000000 003981ed 00000000 00000000 00000000 00000000 00000039 008b3199 00000001 00000000 00000001 00000000 00000000 00000000 00000000 00000000 00000000 00000000 00000000 00000000 00000000 00000000 00000000 00000000 00000000 00000000 00000000 a976cb68 00000001 7f9e5179 00000000 00000000 00000000 00000000 00000000 00000101 00000081 00000000 00000000 00000000 00000000 00000000 00000000 00000000 00003333 00004ccd 00002667 00000001 00000000 01c9c380 0000027c
capture_snapshot GLI1 00010000 30000000 2500000 232 0 30000000 0 0 0 0 0 0 0 7cec3f48 00000000 7fa15250 00000000 0039c197 00000000 0039c197 00000000 0000006a 00000000 00000000 00000000 02b5181c 00000000 0039c201 00000000 00000000 00000000 00000000 00000039 008b3199 00000001 00000000 00000001 00000000 00000000 00000000 00000000 00000000 00000000 00000000 00000000 00000000 00000000 00000000 00000000 00000000 00000000 00000000 00000000 a980ce5e 00000001 7fa15262 00000000 00000000 00000000 00000000 00000000 00000100 00000080 00000000 00000000 00000000 00000000 00000000 00000000 00000000 00003333 00004ccd 00002667 00000001 00000000 01c9c380 0000027c
capture_snapshot GLI1 00010000 30000000 2500000 233 0 30000000 0 0 0 0 0 0 0 7cec3f48 00000000 7fa4522c 00000000 003a0194 00000000 003a0194 00000000 0000006a 00000000 00000000 00000000 02b817fe 00000000 003a01fe 00000000 00000000 00000000 00000000 00000039 008b3199 00000001 00000000 00000001 00000000 00000000 00000000 00000000 00000000 00000000 00000000 00000000 00000000 00000000 00000000 00000000 00000000 00000000 00000000 00000000 a98acde5 00000001 7fa45244 00000000 00000000 00000000 00000000 00000000 00000101 00000081 00000000 00000000 00000000 00000000 00000000 00000000 00000000 00003333 00004ccd 00002667 00000001 00000000 01c9c380 0000027c
capture_snapshot GLI1 00010000 30000000 2500000 234 0 30000000 0 0 0 0 0 0 0 7cec3f48 00000000 7fa751f0 00000000 003a418f 00000000 003a418f 00000000 0000006a 00000000 00000000 00000000 02bb17c2 00000000 003a41f9 00000000 00000000 00000000 00000000 00000039 008b3199 00000001 00000000 00000001 00000000 00000000 00000000 00000000 00000000 00000000 00000000 00000000 00000000 00000000 00000000 00000000 00000000 00000000 00000000 00000000 a994cd0a 00000001 7fa75208 00000000 00000000 00000000 00000000 00000000 00000101 00000081 00000000 00000000 00000000 00000000 00000000 00000000 00000000 00003333 00004ccd 00002667 00000001 00000000 01c9c380 0000027c
capture_snapshot GLI1 00010000 30000000 2500000 235 0 30000000 0 0 0 0 0 0 0 7cec3f48 00000000 7faa525c 00000000 003a8198 00000000 003a8198 00000000 0000006a 00000000 00000000 00000000 02be1827 00000000 003a8202 00000000 00000000 00000000 00000000 00000039 008b3199 00000001 00000000 00000001 00000000 00000000 00000000 00000000 00000000 00000000 00000000 00000000 00000000 00000000 00000000 00000000 00000000 00000000 00000000 00000000 a99ece46 00000001 7faa526d 00000000 00000000 00000000 00000000 00000000 00000101 00000080 00000000 00000000 00000000 00000000 00000000 00000000 00000000 00003333 00004ccd 00002667 00000001 00000000 01c9c380 0000027c
capture_snapshot GLI1 00010000 30000000 2500000 236 0 30000000 0 0 0 0 0 0 0 7cec3f48 00000000 7fad51d8 00000000 003ac18d 00000000 003ac18d 00000000 0000006a 00000000 00000000 00000000 02c117ab 00000000 003ac1f7 00000000 00000000 00000000 00000000 00000039 008b3199 00000001 00000000 00000001 00000000 00000000 00000000 00000000 00000000 00000000 00000000 00000000 00000000 00000000 00000000 00000000 00000000 00000000 00000000 00000000 a9a8cc97 00000001 7fad51f1 00000000 00000000 00000000 00000000 00000000 00000101 00000080 00000000 00000000 00000000 00000000 00000000 00000000 00000000 00003333 00004ccd 00002667 00000001 00000000 01c9c380 0000027c
capture_snapshot GLI1 00010000 30000000 2500000 237 0 30000000 0 0 0 0 0 0 0 7cec3f48 00000000 7fb051cc 00000000 003b018c 00000000 003b018c 00000000 0000006a 00000000 00000000 00000000 02c4179c 00000000 003b01f6 00000000 00000000 00000000 00000000 00000039 008b3199 00000001 00000000 00000001 00000000 00000000 00000000 00000000 00000000 00000000 00000000 00000000 00000000 00000000 00000000 00000000 00000000 00000000 00000000 00000000 a9b2cc51 00000001 7fb051e2 00000000 00000000 00000000 00000000 00000000 00000101 00000081 00000000 00000000 00000000 00000000 00000000 00000000 00000000 00003333 00004ccd 00002667 00000001 00000000 01c9c380 0000027c
capture_snapshot GLI1 00010000 30000000 2500000 238 0 30000000 0 0 0 0 0 0 0 7cec3f48 00000000 7fb35238 00000000 003b4195 00000000 003b4195 00000000 0000006a 00000000 00000000 00000000 02c71805 00000000 003b41ff 00000000 00000000 00000000 00000000 00000039 008b3199 00000001 00000000 00000001 00000000 00000000 00000000 00000000 00000000 00000000 00000000 00000000 00000000 00000000 00000000 00000000 00000000 00000000 00000000 00000000 a9bccd9c 00000001 7fb3524b 00000000 00000000 00000000 00000000 00000000 00000101 00000081 00000000 00000000 00000000 00000000 00000000 00000000 00000000 00003333 00004ccd 00002667 00000001 00000000 01c9c380 0000027c
capture_snapshot GLI1 00010000 30000000 2500000 239 0 30000000 0 0 0 0 0 0 0 7cec3f48 00000000 7fb6528c 00000000 003b819c 00000000 003b819c 00000000 0000006a 00000000 00000000 00000000 02ca185a 00000000 003b8206 00000000 00000000 00000000 00000000 00000039 008b3199 00000001 00000000 00000001 00000000 00000000 00000000 00000000 00000000 00000000 00000000 00000000 00000000 00000000 00000000 00000000 00000000 00000000 00000000 00000000 a9c6cea4 00000001 7fb652a0 00000000 00000000 00000000 00000000 00000000 00000100 00000080 00000000 00000000 00000000 00000000 00000000 00000000 00000000 00003333 00004ccd 00002667 00000001 00000000 01c9c380 0000027c
capture_snapshot GLI1 00010000 30000000 2500000 240 0 30000000 0 0 0 0 0 0 0 7cec3f48 00000000 7fb951cc 00000000 003bc18c 00000000 003bc18c 00000000 0000006a 00000000 00000000 00000000 02cd1796 00000000 003bc1f6 00000000 00000000 00000000 00000000 00000039 008b3199 00000001 00000000 00000001 00000000 00000000 00000000 00000000 00000000 00000000 00000000 00000000 00000000 00000000 00000000 00000000 00000000 00000000 00000000 00000000 a9d0cc01 00000001 7fb951dc 00000000 00000000 00000000 00000000 00000000 00000101 00000080 00000000 00000000 00000000 00000000 00000000 00000000 00000000 00003333 00004ccd 00002667 00000001 00000000 01c9c380 0000027c
capture_snapshot GLI1 00010000 30000000 2500000 241 0 30000000 0 0 0 0 0 0 0 7cec3f48 00000000 7fbc51cc 00000000 003c018c 00000000 003c018c 00000000 0000006a 00000000 00000000 00000000 02d0179c 00000000 003c01f6 00000000 00000000 00000000 00000000 00000039 008b3199 00000001 00000000 00000001 00000000 00000000 00000000 00000000 00000000 00000000 00000000 00000000 00000000 00000000 00000000 00000000 00000000 00000000 00000000 00000000 a9dacc02 00000001 7fbc51e2 00000000 00000000 00000000 00000000 00000000 00000101 00000080 00000000 00000000 00000000 00000000 00000000 00000000 00000000 00003333 00004ccd 00002667 00000001 00000000 01c9c380 0000027c
capture_snapshot GLI1 00010000 30000000 2500000 242 0 30000000 0 0 0 0 0 0 0 7cec3f48 00000000 7fbf5238 00000000 003c4195 00000000 003c4195 00000000 0000006a 00000000 00000000 00000000 02d3180a 00000000 003c41ff 00000000 00000000 00000000 00000000 00000039 008b3199 00000001 00000000 00000001 00000000 00000000 00000000 00000000 00000000 00000000 00000000 00000000 00000000 00000000 00000000 00000000 00000000 00000000 00000000 00000000 a9e4cd5e 00000001 7fbf5250 00000000 00000000 00000000 00000000 00000000 00000101 00000081 00000000 00000000 00000000 00000000 00000000 00000000 00000000 00003333 00004ccd 00002667 00000001 00000000 01c9c380 0000027c
capture_snapshot GLI1 00010000 30000000 2500000 243 0 30000000 0 0 0 0 0 0 0 7cec3f48 00000000 7fc2525c 00000000 003c8198 00000000 003c8198 00000000 0000006a 00000000 00000000 00000000 02d6182e 00000000 003c8202 00000000 00000000 00000000 00000000 00000039 008b3199 00000001 00000000 00000001 00000000 00000000 00000000 00000000 00000000 00000000 00000000 00000000 00000000 00000000 00000000 00000000 00000000 00000000 00000000 00000000 a9eecdc2 00000001 7fc25274 00000000 00000000 00000000 00000000 00000000 00000101 00000081 00000000 00000000 00000000 00000000 00000000 00000000 00000000 00003333 00004ccd 00002667 00000001 00000000 01c9c380 0000027c
capture_snapshot GLI1 00010000 30000000 2500000 244 0 30000000 0 0 0 0 0 0 0 7cec3f48 00000000 7fc55280 00000000 003cc19b 00000000 003cc19b 00000000 0000006a 00000000 00000000 00000000 02d91849 00000000 003cc205 00000000 00000000 00000000 00000000 00000039 008b3199 00000001 00000000 00000001 00000000 00000000 00000000 00000000 00000000 00000000 00000000 00000000 00000000 00000000 00000000 00000000 00000000 00000000 00000000 00000000 a9f8ce08 00000001 7fc5528f 00000000 00000000 00000000 00000000 00000000 00000101 00000080 00000000 00000000 00000000 00000000 00000000 00000000 00000000 00003333 00004ccd 00002667 00000001 00000000 01c9c380 0000027c
capture_snapshot GLI1 00010000 30000000 2500000 245 0 30000000 0 0 0 0 0 0 0 7cec3f48 00000000 7fc85214 00000000 003d0192 00000000 003d0192 00000000 0000006a 00000000 00000000 00000000 02dc17e1 00000000 003d01fc 00000000 00000000 00000000 00000000 00000039 008b3199 00000001 00000000 00000001 00000000 00000000 00000000 00000000 00000000 00000000 00000000 00000000 00000000 00000000 00000000 00000000 00000000 00000000 00000000 00000000 aa02cc9a 00000001 7fc85227 00000000 00000000 00000000 00000000 00000000 00000101 00000080 00000000 00000000 00000000 00000000 00000000 00000000 00000000 00003333 00004ccd 00002667 00000001 00000000 01c9c380 0000027c
capture_snapshot GLI1 00010000 30000000 2500000 246 0 30000000 0 0 0 0 0 0 0 7cec3f48 00000000 7fcb51d8 00000000 003d418d 00000000 003d418d 00000000 0000006a 00000000 00000000 00000000 02df17a5 00000000 003d41f7 00000000 00000000 00000000 00000000 00000039 008b3199 00000001 00000000 00000001 00000000 00000000 00000000 00000000 00000000 00000000 00000000 00000000 00000000 00000000 00000000 00000000 00000000 00000000 00000000 00000000 aa0ccbc1 00000001 7fcb51eb 00000000 00000000 00000000 00000000 00000000 00000100 00000080 00000000 00000000 00000000 00000000 00000000 00000000 00000000 00003333 00004ccd 00002667 00000001 00000000 01c9c380 0000027c
capture_snapshot GLI1 00010000 30000000 2500000 247 0 30000000 0 0 0 0 0 0 0 7cec3f48 00000000 7fce51c0 00000000 003d818b 00000000 003d818b 00000000 0000006a 00000000 00000000 00000000 02e21790 00000000 003d81f5 00000000 00000000 00000000 00000000 00000039 008b3199 00000001 00000000 00000001 00000000 00000000 00000000 00000000 00000000 00000000 00000000 00000000 00000000 00000000 00000000 00000000 00000000 00000000 00000000 00000000 aa16cb64 00000001 7fce51d6 00000000 00000000 00000000 00000000 00000000 00000100 00000080 00000000 00000000 00000000 00000000 00000000 00000000 00000000 00003333 00004ccd 00002667 00000001 00000000 01c9c380 0000027c
capture_snapshot GLI1 00010000 30000000 2500000 248 0 30000000 0 0 0 0 0 0 0 7cec3f48 00000000 7fd15238 00000000 003dc195 00000000 003dc195 00000000 0000006a 00000000 00000000 00000000 02e5180c 00000000 003dc1ff 00000000 00000000 00000000 00000000 00000039 008b3199 00000001 00000000 00000001 00000000 00000000 00000000 00000000 00000000 00000000 00000000 00000000 00000000 00000000 00000000 00000000 00000000 00000000 00000000 00000000 aa20ccef 00000001 7fd15252 00000000 00000000 00000000 00000000 00000000 00000101 00000081 00000000 00000000 00000000 00000000 00000000 00000000 00000000 00003333 00004ccd 00002667 00000001 00000000 01c9c380 0000027c
capture_snapshot GLI1 00010000 30000000 2500000 249 0 30000000 0 0 0 0 0 0 0 7cec3f48 00000000 7fd45160 00000000 003e0183 00000000 003e0183 00000000 0000006a 00000000 00000000 00000000 02e8172e 00000000 003e01ed 00000000 00000000 00000000 00000000 00000039 008b3199 00000001 00000000 00000001 00000000 00000000 00000000 00000000 00000000 00000000 00000000 00000000 00000000 00000000 00000000 00000000 00000000 00000000 00000000 00000000 aa2ac9f7 00000001 7fd45174 00000000 00000000 00000000 00000000 00000000 00000101 00000080 00000000 00000000 00000000 00000000 00000000 00000000 00000000 00003333 00004ccd 00002667 00000001 00000000 01c9c380 0000027c
capture_snapshot GLI1 00010000 30000000 2500000 250 0 30000000 0 0 0 0 0 0 0 7cec3f48 00000000 7fd75370 00000000 003e41af 00000000 003e41ae 00000000 0000006a 00000000 00000000 00000000 02eb1938 00000000 003e4219 00000000 00000000 00000000 00000000 0000003b 008b3199 00000001 00000001 00000001 00000000 00000000 00000000 00000000 00000000 00000000 00000000 00000000 00000000 00000000 00000000 00000000 00000000 00000000 00000000 00000000 aa34d0b1 00000001 7fd7537e 00000000 00000000 00000000 00000000 00000000 00000101 00000080 00000000 00000000 00000000 00000000 00000000 00000000 00000000 00003333 00004ccd 00002667 00000001 00000000 01c9c380 0000027c
capture_snapshot GLI1 00010000 30000000 2500000 251 0 30000000 0 0 0 0 0 0 0 7cec3f48 00000000 7fda51f0 00000000 003e818f 00000000 003e818f 00000000 0000006a 00000000 00000000 00000000 02ee17be 00000000 003e81f9 00000000 00000000 00000000 00000000 00000039 008b3199 00000001 00000000 00000001 00000000 00000000 00000000 00000000 00000000 00000000 00000000 00000000 00000000 00000000 00000000 00000000 00000000 00000000 00000000 00000000 aa3ecbb0 00000001 7fda5204 00000000 00000000 00000000 00000000 00000000 00000101 00000080 00000000 00000000 00000000 00000000 00000000 00000000 00000000 00003333 00004ccd 00002667 00000001 00000000 01c9c380 0000027c
capture_snapshot GLI1 00010000 30000000 2500000 252 0 30000000 0 0 0 0 0 0 0 7cec3f48 00000000 7fdd5178 00000000 003ec185 00000000 003ec185 00000000 0000006a 00000000 00000000 00000000 02f11741 00000000 003ec1ef 00000000 00000000 00000000 00000000 00000039 008b3199 00000001 00000000 00000001 00000000 00000000 00000000 00000000 00000000 00000000 00000000 00000000 00000000 00000000 00000000 00000000 00000000 00000000 00000000 00000000 aa48c9fd 00000001 7fdd5187 00000000 00000000 00000000 00000000 00000000 00000101 00000081 00000000 00000000 00000000 00000000 00000000 00000000 00000000 00003333 00004ccd 00002667 00000001 00000000 01c9c380 0000027c
capture_snapshot GLI1 00010000 30000000 2500000 253 0 30000000 0 0 0 0 0 0 0 7cec3f48 00000000 7fe05814 00000000 003f0212 00000000 003f0212 00000000 0000006a 00000000 00000000 00000000 02f41ddf 00000000 003f027c 00000000 00000000 00000000 00000000 00000039 008b3199 00000001 00000000 00000001 00000000 00000000 00000000 00000000 00000000 00000000 00000000 00000000 00000000 00000000 00000000 00000000 00000000 00000000 00000000 00000000 aa52dff7 00000001 7fe05825 00000000 00000000 00000000 00000000 00000000 00000101 00000080 00000000 00000000 00000000 00000000 00000000 00000000 00000000 00003333 00004ccd 00002667 00000001 00000000 01c9c380 0000027c
capture_snapshot GLI1 00010000 30000000 2500000 254 0 30000000 0 0 0 0 0 0 0 7cec3f48 00000000 7fe3594c 00000000 003f422c 00000000 003f422c 00000000 0000006a 00000000 00000000 00000000 02f71f1a 00000000 003f4296 00000000 00000000 00000000 00000000 00000039 008b3199 00000001 00000000 00000001 00000000 00000000 00000000 00000000 00000000 00000000 00000000 00000000 00000000 00000000 00000000 00000000 00000000 00000000 00000000 00000000 aa5ce3ff 00000001 7fe35960 00000000 00000000 00000000 00000000 00000000 00000100 00000080 00000000 00000000 00000000 00000000 00000000 00000000 00000000 00003333 00004ccd 00002667 00000001 00000000 01c9c380 0000027c
capture_snapshot GLI1 00010000 30000000 2500000 255 0 30000000 0 0 0 0 0 0 0 7cec3f48 00000000 7fe656e8 00000000 003f81f9 00000000 003f81f9 00000000 0000006a 00000000 00000000 00000000 02fa1cb2 00000000 003f8263 00000000 00000000 00000000 00000000 00000039 008b3199 00000001 00000000 00000001 00000000 00000000 00000000 00000000 00000000 00000000 00000000 00000000 00000000 00000000 00000000 00000000 00000000 00000000 00000000 00000000 aa66dbe5 00000001 7fe656f8 00000000 00000000 00000000 00000000 00000000 00000101 00000081 00000000 00000000 00000000 00000000 00000000 00000000 00000000 00003333 00004ccd 00002667 00000001 00000000 01c9c380 0000027c
capture_snapshot GLI1 00010000 30000000 2500000 256 0 30000000 0 0 0 0 0 0 0 7cec3f48 00000000 7fe951f0 00000000 003fc18f 00000000 003fc18e 00000000 0000006a 00000000 00000000 00000000 02fd17b8 00000000 003fc1f9 00000000 00000000 00000000 00000000 0000003b 008b3199 00000001 00000001 00000001 00000000 00000000 00000000 00000000 00000000 00000000 00000000 00000000 00000000 00000000 00000000 00000000 00000000 00000000 00000000 00000000 aa70cb3c 00000001 7fe951fe 00000000 00000000 00000000 00000000 00000000 00000101 00000080 00000000 00000000 00000000 00000000 00000000 00000000 00000000 00003333 00004ccd 00002667 00000001 00000000 01c9c380 0000027c
capture_snapshot GLI1 00010000 30000000 2500000 257 0 30000000 0 0 0 0 0 0 0 7cec3f48 00000000 7fec513c 00000000 00400180 00000000 00400180 00000000 0000006a 00000000 00000000 00000000 03001707 00000000 004001ea 00000000 00000000 00000000 00000000 00000039 008b3199 00000001 00000000 00000001 00000000 00000000 00000000 00000000 00000000 00000000 00000000 00000000 00000000 00000000 00000000 00000000 00000000 00000000 00000000 00000000 aa7ac8da 00000001 7fec514d 00000000 00000000 00000000 00000000 00000000 00000101 00000081 00000000 00000000 00000000 00000000 00000000 00000000 00000000 00003333 00004ccd 00002667 00000001 00000000 01c9c380 0000027c
capture_snapshot GLI1 00010000 30000000 2500000 258 0 30000000 0 0 0 0 0 0 0 7cec3f48 00000000 7fef52c8 00000000 004041a1 00000000 004041a1 00000000 0000006a 00000000 00000000 00000000 03031898 00000000 0040420b 00000000 00000000 00000000 00000000 00000039 008b3199 00000001 00000000 00000001 00000000 00000000 00000000 00000000 00000000 00000000 00000000 00000000 00000000 00000000 00000000 00000000 00000000 00000000 00000000 00000000 aa84cdfe 00000001 7fef52de 00000000 00000000 00000000 00000000 00000000 00000101 00000080 00000000 00000000 00000000 00000000 00000000 00000000 00000000 00003333 00004ccd 00002667 00000001 00000000 01c9c380 0000027c
capture_snapshot GLI1 00010000 30000000 2500000 259 0 30000000 0 0 0 0 0 0 0 7cec3f48 00000000 7ff251d8 00000000 0040818d 00000000 0040818d 00000000 0000006a 00000000 00000000 00000000 030617a2 00000000 004081f7 00000000 00000000 00000000 00000000 00000039 008b3199 00000001 00000000 00000001 00000000 00000000 00000000 00000000 00000000 00000000 00000000 00000000 00000000 00000000 00000000 00000000 00000000 00000000 00000000 00000000 aa8ecab7 00000001 7ff251e8 00000000 00000000 00000000 00000000 00000000 00000101 00000081 00000000 00000000 00000000 00000000 00000000 00000000 00000000 00003333 00004ccd 00002667 00000001 00000000 01c9c380 0000027c
capture_snapshot GLI1 00010000 30000000 2500000 260 0 30000000 0 0 0 0 0 0 0 7cec3f48 00000000 7ff550e8 00000000 0040c179 00000000 0040c179 00000000 0000006a 00000000 00000000 00000000 030916b8 00000000 0040c1e3 00000000 00000000 00000000 00000000 00000039 008b3199 00000001 00000000 00000001 00000000 00000000 00000000 00000000 00000000 00000000 00000000 00000000 00000000 00000000 00000000 00000000 00000000 00000000 00000000 00000000 aa98c798 00000001 7ff550fe 00000000 00000000 00000000 00000000 00000000 00000101 00000081 00000000 00000000 00000000 00000000 00000000 00000000 00000000 00003333 00004ccd 00002667 00000001 00000000 01c9c380 0000027c
capture_snapshot GLI1 00010000 30000000 2500000 261 0 30000000 0 0 0 0 0 0 0 7cec3f48 00000000 7ff851c0 00000000 0041018b 00000000 0041018b 00000000 0000006a 00000000 00000000 00000000 030c178b 00000000 004101f5 00000000 00000000 00000000 00000000 00000039 008b3199 00000001 00000000 00000001 00000000 00000000 00000000 00000000 00000000 00000000 00000000 00000000 00000000 00000000 00000000 00000000 00000000 00000000 00000000 00000000 aaa2ca43 00000001 7ff851d1 00000000 00000000 00000000 00000000 00000000 00000101 00000080 00000000 00000000 00000000 00000000 00000000 00000000 00000000 00003333 00004ccd 00002667 00000001 00000000 01c9c380 0000027c
capture_snapshot GLI1 00010000 30000000 2500000 262 0 30000000 0 0 0 0 0 0 0 7cec3f48 00000000 7ffb5244 00000000 00414196 00000000 00414196 00000000 0000006a 00000000 00000000 00000000 030f1810 00000000 00414200 00000000 00000000 00000000 00000000 00000039 008b3199 00000001 00000000 00000001 00000000 00000000 00000000 00000000 00000000 00000000 00000000 00000000 00000000 00000000 00000000 00000000 00000000 00000000 00000000 00000000 aaaccbec 00000001 7ffb5256 00000000 00000000 00000000 00000000 00000000 00000101 00000081 00000000 00000000 00000000 00000000 00000000 00000000 00000000 00003333 00004ccd 00002667 00000001 00000000 01c9c380 0000027c
capture_snapshot GLI1 00010000 30000000 2500000 263 0 30000000 0 0 0 0 0 0 0 7cec3f48 00000000 7ffe51f0 00000000 0041818f 00000000 0041818f 00000000 0000006a 00000000 00000000 00000000 031217c4 00000000 004181f9 00000000 00000000 00000000 00000000 00000039 008b3199 00000001 00000000 00000001 00000000 00000000 00000000 00000000 00000000 00000000 00000000 00000000 00000000 00000000 00000000 00000000 00000000 00000000 00000000 00000000 aab6cad9 00000001 7ffe520a 00000000 00000000 00000000 00000000 00000000 00000100 00000080 00000000 00000000 00000000 00000000 00000000 00000000 00000000 00003333 00004ccd 00002667 00000001 00000000 01c9c380 0000027c
capture_snapshot GLI1 00010000 30000000 2500000 264 0 30000000 0 0 0 0 0 0 0 7cec3f48 00000000 80015208 00000000 0041c191 00000000 0041c191 00000000 0000006a 00000000 00000000 00000000 031517d7 00000000 0041c1fb 00000000 00000000 00000000 00000000 00000039 008b3199 00000001 00000000 00000001 00000000 00000000 00000000 00000000 00000000 00000000 00000000 00000000 00000000 00000000 00000000 00000000 00000000 00000000 00000000 00000000 aac0cb07 00000001 8001521d 00000000 00000000 00000000 00000000 00000000 00000101 00000081 00000000 00000000 00000000 00000000 00000000 00000000 00000000 00003333 00004ccd 00002667 00000001 00000000 01c9c380 0000027c
capture_snapshot GLI1 00010000 30000000 2500000 265 0 30000000 0 0 0 0 0 0 0 7cec3f48 00000000 80045298 00000000 0042019d 00000000 0042019d 00000000 0000006a 00000000 00000000 00000000 03181869 00000000 00420207 00000000 00000000 00000000 00000000 00000039 008b3199 00000001 00000000 00000001 00000000 00000000 00000000 00000000 00000000 00000000 00000000 00000000 00000000 00000000 00000000 00000000 00000000 00000000 00000000 00000000 aacaccdb 00000001 800452af 00000000 00000000 00000000 00000000 00000000 00000100 00000080 00000000 00000000 00000000 00000000 00000000 00000000 00000000 00003333 00004ccd 00002667 00000001 00000000 01c9c380 0000027c
capture_snapshot GLI1 00010000 30000000 2500000 266 0 30000000 0 0 0 0 0 0 0 7cec3f48 00000000 80075160 00000000 00424183 00000000 00424183 00000000 0000006a 00000000 00000000 00000000 031b172d 00000000 004241ed 00000000 00000000 00000000 00000000 00000039 008b3199 00000001 00000000 00000001 00000000 00000000 00000000 00000000 00000000 00000000 00000000 00000000 00000000 00000000 00000000 00000000 00000000 00000000 00000000 00000000 aad4c8ab 00000001 80075173 00000000 00000000 00000000 00000000 00000000 00000100 00000080 00000000 00000000 00000000 00000000 00000000 00000000 00000000 00003333 00004ccd 00002667 00000001 00000000 01c9c380 0000027c
capture_snapshot GLI1 00010000 30000000 2500000 267 0 30000000 0 0 0 0 0 0 0 7cec3f48 00000000 800a5bbc 00000000 00428260 00000000 00428260 00000000 0000006a 00000000 00000000 00000000 031e218e 00000000 004282ca 00000000 00000000 00000000 00000000 00000039 008b3199 00000001 00000000 00000001 00000000 00000000 00000000 00000000 00000000 00000000 00000000 00000000 00000000 00000000 00000000 00000000 00000000 00000000 00000000 00000000 aadeeb2d 00000001 800a5bd4 00000000 00000000 00000000 00000000 00000000 00000101 00000080 00000000 00000000 00000000 00000000 00000000 00000000 00000000 00003333 00004ccd 00002667 00000001 00000000 01c9c380 0000027c
capture_snapshot GLI1 00010000 30000000 2500000 268 0 30000000 0 0 0 0 0 0 0 7cec3f48 00000000 800d5df0 00000000 0042c28f 00000000 0042c28f 00000000 0000006a 00000000 00000000 00000000 032123bb 00000000 0042c2f9 00000000 00000000 00000000 00000000 00000039 008b3199 00000001 00000000 00000001 00000000 00000000 00000000 00000000 00000000 00000000 00000000 00000000 00000000 00000000 00000000 00000000 00000000 00000000 00000000 00000000 aae8f25a 00000001 800d5e01 00000000 00000000 00000000 00000000 00000000 00000101 00000080 00000000 00000000 00000000 00000000 00000000 00000000 00000000 00003333 00004ccd 00002667 00000001 00000000 01c9c380 0000027c
capture_snapshot GLI1 00010000 30000000 2500000 269 0 30000000 0 0 0 0 0 0 0 7cec3f48 00000000 80105c70 00000000 0043026f 00000000 0043026f 00000000 0000006a 00000000 00000000 00000000 0324223f 00000000 004302d9 00000000 00000000 00000000 00000000 00000039 008b3199 00000001 00000000 00000001 00000000 00000000 00000000 00000000 00000000 00000000 00000000 00000000 00000000 00000000 00000000 00000000 00000000 00000000 00000000 00000000 aaf2ed54 00000001 80105c85 00000000 00000000 00000000 00000000 00000000 00000101 00000080 00000000 00000000 00000000 00000000 00000000 00000000 00000000 00003333 00004ccd 00002667 00000001 00000000 01c9c380 0000027c
capture_snapshot GLI1 00010000 30000000 2500000 270 0 30000000 0 0 0 0 0 0 0 7cec3f48 00000000 80135d90 00000000 00434287 00000000 00434287 00000000 0000006a 00000000 00000000 00000000 0327235f 00000000 004342f1 00000000 00000000 00000000 00000000 00000039 008b3199 00000001 00000000 00000001 00000000 00000000 00000000 00000000 00000000 00000000 00000000 00000000 00000000 00000000 00000000 00000000 00000000 00000000 00000000 00000000 aafcf101 00000001 80135da5 00000000 00000000 00000000 00000000 00000000 00000101 00000081 00000000 00000000 00000000 00000000 00000000 00000000 00000000 00003333 00004ccd 00002667 00000001 00000000 01c9c380 0000027c
capture_snapshot GLI1 00010000 30000000 2500000 271 0 30000000 0 0 0 0 0 0 0 7cec3f48 00000000 80165ca0 00000000 00438273 00000000 00438273 00000000 0000006a 00000000 00000000 00000000 032a226a 00000000 004382dd 00000000 00000000 00000000 00000000 00000039 008b3199 00000001 00000000 00000001 00000000 00000000 00000000 00000000 00000000 00000000 00000000 00000000 00000000 00000000 00000000 00000000 00000000 00000000 00000000 00000000 ab06edbd 00000001 80165cb0 00000000 00000000 00000000 00000000 00000000 00000101 00000081 00000000 00000000 00000000 00000000 00000000 00000000 00000000 00003333 00004ccd 00002667 00000001 00000000 01c9c380 0000027c
capture_snapshot GLI1 00010000 30000000 2500000 272 0 30000000 0 0 0 0 0 0 0 7cec3f48 00000000 80195db4 00000000 0043c28a 00000000 0043c28a 00000000 0000006a 00000000 00000000 00000000 032d237e 00000000 0043c2f4 00000000 00000000 00000000 00000000 00000039 008b3199 00000001 00000000 00000001 00000000 00000000 00000000 00000000 00000000 00000000 00000000 00000000 00000000 00000000 00000000 00000000 00000000 00000000 00000000 00000000 ab10f143 00000001 80195dc4 00000000 00000000 00000000 00000000 00000000 00000100 00000080 00000000 00000000 00000000 00000000 00000000 00000000 00000000 00003333 00004ccd 00002667 00000001 00000000 01c9c380 0000027c
capture_snapshot GLI1 00010000 30000000 2500000 273 0 30000000 0 0 0 0 0 0 0 7cec3f48 00000000 801c5d0c 00000000 0044027c 00000000 0044027c 00000000 0000006a 00000000 00000000 00000000 033022dc 00000000 004402e6 00000000 00000000 00000000 00000000 00000039 008b3199 00000001 00000000 00000001 00000000 00000000 00000000 00000000 00000000 00000000 00000000 00000000 00000000 00000000 00000000 00000000 00000000 00000000 00000000 00000000 ab1aef13 00000001 801c5d22 00000000 00000000 00000000 00000000 00000000 00000100 00000080 00000000 00000000 00000000 00000000 00000000 00000000 00000000 00003333 00004ccd 00002667 00000001 00000000 01c9c380 0000027c
capture_snapshot GLI1 00010000 30000000 2500000 274 0 30000000 0 0 0 0 0 0 0 7cec3f48 00000000 801f5d00 00000000 0044427b 00000000 0044427b 00000000 0000006a 00000000 00000000 00000000 033322cc 00000000 004442e5 00000000 00000000 00000000 00000000 00000039 008b3199 00000001 00000000 00000001 00000000 00000000 00000000 00000000 00000000 00000000 00000000 00000000 00000000 00000000 00000000 00000000 00000000 00000000 00000000 00000000 ab24eec8 00000001 801f5d12 00000000 00000000 00000000 00000000 00000000 00000101 00000080 00000000 00000000 00000000 00000000 00000000 00000000 00000000 00003333 00004ccd 00002667 00000001 00000000 01c9c380 0000027c
capture_snapshot GLI1 00010000 30000000 2500000 275 0 30000000 0 0 0 0 0 0 0 7cec3f48 00000000 80225d6c 00000000 00448284 00000000 00448284 00000000 0000006a 00000000 00000000 00000000 0336233c 00000000 004482ee 00000000 00000000 00000000 00000000 00000039 008b3199 00000001 00000000 00000001 00000000 00000000 00000000 00000000 00000000 00000000 00000000 00000000 00000000 00000000 00000000 00000000 00000000 00000000 00000000 00000000 ab2ef02a 00000001 80225d82 00000000 00000000 00000000 00000000 00000000 00000101 00000080 00000000 00000000 00000000 00000000 00000000 00000000 00000000 00003333 00004ccd 00002667 00000001 00000000 01c9c380 0000027c
capture_snapshot GLI1 00010000 30000000 2500000 276 0 30000000 0 0 0 0 0 0 0 7cec3f48 00000000 80255e14 00000000 0044c292 00000000 0044c292 00000000 0000006a 00000000 00000000 00000000 033923e5 00000000 0044c2fc 00000000 00000000 00000000 00000000 00000039 008b3199 00000001 00000000 00000001 00000000 00000000 00000000 00000000 00000000 00000000 00000000 00000000 00000000 00000000 00000000 00000000 00000000 00000000 00000000 00000000 ab38f24c 00000001 80255e2b 00000000 00000000 00000000 00000000 00000000 00000100 00000080 00000000 00000000 00000000 00000000 00000000 00000000 00000000 00003333 00004ccd 00002667 00000001 00000000 01c9c380 0000027c
capture_snapshot GLI1 00010000 30000000 2500000 277 0 30000000 0 0 0 0 0 0 0 7cec3f48 00000000 80286204 00000000 004502e6 00000000 004502e6 00000000 0000006a 00000000 00000000 00000000 033c27cd 00000000 00450350 00000000 00000000 00000000 00000000 00000039 008b3199 00000001 00000000 00000001 00000000 00000000 00000000 00000000 00000000 00000000 00000000 00000000 00000000 00000000 00000000 00000000 00000000 00000000 00000000 00000000 ab42ff3d 00000001 80286213 00000000 00000000 00000000 00000000 00000000 00000101 00000081 00000000 00000000 00000000 00000000 00000000 00000000 00000000 00003333 00004ccd 00002667 00000001 00000000 01c9c380 0000027c
capture_snapshot GLI1 00010000 30000000 2500000 278 0 30000000 0 0 0 0 0 0 0 7cec3f48 00000000 802b6540 00000000 0045432b 00000000 0045432b 00000000 0000006a 00000000 00000000 00000000 033f2b09 00000000 00454395 00000000 00000000 00000000 00000000 00000039 008b3199 00000001 00000000 00000001 00000000 00000000 00000000 00000000 00000000 00000000 00000000 00000000 00000000 00000000 00000000 00000000 00000000 00000000 00000000 00000000 ab4d09f0 00000001 802b654f 00000000 00000000 00000000 00000000 00000000 00000101 00000080 00000000 00000000 00000000 00000000 00000000 00000000 00000000 00003333 00004ccd 00002667 00000001 00000000 01c9c380 0000027c
capture_snapshot GLI1 00010000 30000000 2500000 279 0 30000000 0 0 0 0 0 0 0 7cec3f48 00000000 802e660c 00000000 0045833c 00000000 0045833c 00000000 0000006a 00000000 00000000 00000000 03422bd9 00000000 004583a6 00000000 00000000 00000000 00000000 00000039 008b3199 00000001 00000000 00000001 00000000 00000000 00000000 00000000 00000000 00000000 00000000 00000000 00000000 00000000 00000000 00000000 00000000 00000000 00000000 00000000 ab570c91 00000001 802e661f 00000000 00000000 00000000 00000000 00000000 00000100 00000080 00000000 00000000 00000000 00000000 00000000 00000000 00000000 00003333 00004ccd 00002667 00000001 00000000 01c9c380 0000027c
capture_snapshot GLI1 00010000 30000000 2500000 280 0 30000000 0 0 0 0 0 0 0 7cec3f48 00000000 80316504 00000000 0045c326 00000000 0045c326 00000000 0000006a 00000000 00000000 00000000 03452ad7 00000000 0045c390 00000000 00000000 00000000 00000000 00000039 008b3199 00000001 00000000 00000001 00000000 00000000 00000000 00000000 00000000 00000000 00000000 00000000 00000000 00000000 00000000 00000000 00000000 00000000 00000000 00000000 ab610924 00000001 8031651d 00000000 00000000 00000000 00000000 00000000 00000101 00000080 00000000 00000000 00000000 00000000 00000000 00000000 00000000 00003333 00004ccd 00002667 00000001 00000000 01c9c380 0000027c
capture_snapshot GLI1 00010000 30000000 2500000 281 0 30000000 0 0 0 0 0 0 0 7cec3f48 00000000 803466e4 00000000 0046034e 00000000 0046034e 00000000 0000006a 00000000 00000000 00000000 03482cb4 00000000 004603b8 00000000 00000000 00000000 00000000 00000039 008b3199 00000001 00000000 00000001 00000000 00000000 00000000 00000000 00000000 00000000 00000000 00000000 00000000 00000000 00000000 00000000 00000000 00000000 00000000 00000000 ab6b0f45 00000001 803466fa 00000000 00000000 00000000 00000000 00000000 00000101 00000080 00000000 00000000 00000000 00000000 00000000 00000000 00000000 00003333 00004ccd 00002667 00000001 00000000 01c9c380 0000027c
capture_snapshot GLI1 00010000 30000000 2500000 282 0 30000000 0 0 0 0 0 0 0 7cec3f48 00000000 80376834 00000000 0046436a 00000000 0046436a 00000000 0000006a 00000000 00000000 00000000 034b2e05 00000000 004643d4 00000000 00000000 00000000 00000000 00000039 008b3199 00000001 00000000 00000001 00000000 00000000 00000000 00000000 00000000 00000000 00000000 00000000 00000000 00000000 00000000 00000000 00000000 00000000 00000000 00000000 ab751394 00000001 8037684b 00000000 00000000 00000000 00000000 00000000 00000100 00000080 00000000 00000000 00000000 00000000 00000000 00000000 00000000 00003333 00004ccd 00002667 00000001 00000000 01c9c380 0000027c
capture_snapshot GLI1 00010000 30000000 2500000 283 0 30000000 0 0 0 0 0 0 0 7cec3f48 00000000 803a68f4 00000000 0046837a 00000000 0046837a 00000000 0000006a 00000000 00000000 00000000 034e2ebd 00000000 004683e4 00000000 00000000 00000000 00000000 00000039 008b3199 00000001 00000000 00000001 00000000 00000000 00000000 00000000 00000000 00000000 00000000 00000000 00000000 00000000 00000000 00000000 00000000 00000000 00000000 00000000 ab7f15e6 00000001 803a6903 00000000 00000000 00000000 00000000 00000000 00000100 00000080 00000000 00000000 00000000 00000000 00000000 00000000 00000000 00003333 00004ccd 00002667 00000001 00000000 01c9c380 0000027c
capture_snapshot GLI1 00010000 30000000 2500000 284 0 30000000 0 0 0 0 0 0 0 7cec3f48 00000000 803d6cb4 00000000 0046c3ca 00000000 0046c3ca 00000000 0000006a 00000000 00000000 00000000 0351327f 00000000 0046c434 00000000 00000000 00000000 00000000 00000039 008b3199 00000001 00000000 00000001 00000000 00000000 00000000 00000000 00000000 00000000 00000000 00000000 00000000 00000000 00000000 00000000 00000000 00000000 00000000 00000000 ab89225a 00000001 803d6cc5 00000000 00000000 00000000 00000000 00000000 00000101 00000081 00000000 00000000 00000000 00000000 00000000 00000000 00000000 00003333 00004ccd 00002667 00000001 00000000 01c9c380 0000027c
capture_snapshot GLI1 00010000 30000000 2500000 285 0 30000000 0 0 0 0 0 0 0 7cec3f48 00000000 80406a50 00000000 00470397 00000000 00470397 00000000 0000006a 00000000 00000000 00000000 03543023 00000000 00470401 00000000 00000000 00000000 00000000 00000039 008b3199 00000001 00000000 00000001 00000000 00000000 00000000 00000000 00000000 00000000 00000000 00000000 00000000 00000000 00000000 00000000 00000000 00000000 00000000 00000000 ab931a69 00000001 80406a69 00000000 00000000 00000000 00000000 00000000 00000101 00000081 00000000 00000000 00000000 00000000 00000000 00000000 00000000 00003333 00004ccd 00002667 00000001 00000000 01c9c380 0000027c
capture_snapshot GLI1 00010000 30000000 2500000 286 0 30000000 0 0 0 0 0 0 0 7cec3f48 00000000 80436e40 00000000 004743eb 00000000 004743eb 00000000 0000006a 00000000 00000000 00000000 03573409 00000000 00474455 00000000 00000000 00000000 00000000 00000039 008b3199 00000001 00000000 00000001 00000000 00000000 00000000 00000000 00000000 00000000 00000000 00000000 00000000 00000000 00000000 00000000 00000000 00000000 00000000 00000000 ab9d2754 00000001 80436e4f 00000000 00000000 00000000 00000000 00000000 00000101 00000080 00000000 00000000 00000000 00000000 00000000 00000000 00000000 00003333 00004ccd 00002667 00000001 00000000 01c9c380 0000027c
capture_snapshot GLI1 00010000 30000000 2500000 287 0 30000000 0 0 0 0 0 0 0 7cec3f48 00000000 80465cd0 00000000 00478277 00000000 00478276 00000000 0000006a 00000000 00000000 00000000 035a2298 00000000 004782e1 00000000 00000000 00000000 00000000 0000003b 008b3199 00000001 00000001 00000001 00000000 00000000 00000000 00000000 00000000 00000000 00000000 00000000 00000000 00000000 00000000 00000000 00000000 00000000 00000000 00000000 aba6ed1f 00000001 80465cde 00000000 00000000 00000000 00000000 00000000 00000100 00000080 00000000 00000000 00000000 00000000 00000000 00000000 00000000 00003333 00004ccd 00002667 00000001 00000000 01c9c380 0000027c
capture_snapshot GLI1 00010000 30000000 2500000 288 0 30000000 0 0 0 0 0 0 0 7cec3f48 00000000 80495d18 00000000 0047c27d 00000000 0047c27d 00000000 0000006a 00000000 00000000 00000000 035d22e9 00000000 0047c2e7 00000000 00000000 00000000 00000000 00000039 008b3199 00000001 00000000 00000001 00000000 00000000 00000000 00000000 00000000 00000000 00000000 00000000 00000000 00000000 00000000 00000000 00000000 00000000 00000000 00000000 abb0ee1a 00000001 80495d2f 00000000 00000000 00000000 00000000 00000000 00000100 00000080 00000000 00000000 00000000 00000000 00000000 00000000 00000000 00003333 00004ccd 00002667 00000001 00000000 01c9c380 0000027c
capture_snapshot GLI1 00010000 30000000 2500000 289 0 30000000 0 0 0 0 0 0 0 7cec3f48 00000000 804c5d18 00000000 0048027d 00000000 0048027d 00000000 0000006a 00000000 00000000 00000000 036022e9 00000000 004802e7 00000000 00000000 00000000 00000000 00000039 008b3199 00000001 00000000 00000001 00000000 00000000 00000000 00000000 00000000 00000000 00000000 00000000 00000000 00000000 00000000 00000000 00000000 00000000 00000000 00000000 abbaee06 00000001 804c5d2f 00000000 00000000 00000000 00000000 00000000 00000100 00000081 00000000 00000000 00000000 00000000 00000000 00000000 00000000 00003333 00004ccd 00002667 00000001 00000000 01c9c380 0000027c
capture_snapshot GLI1 00010000 30000000 2500000 290 0 30000000 0 0 0 0 0 0 0 7cec3f48 00000000 804f63a8 00000000 00484309 00000000 00484309 00000000 0000006a 00000000 00000000 00000000 03632973 00000000 00484373 00000000 00000000 00000000 00000000 00000039 008b3199 00000001 00000000 00000001 00000000 00000000 00000000 00000000 00000000 00000000 00000000 00000000 00000000 00000000 00000000 00000000 00000000 00000000 00000000 00000000 abc503bc 00000001 804f63b9 00000000 00000000 00000000 00000000 00000000 00000100 00000080 00000000 00000000 00000000 00000000 00000000 00000000 00000000 00003333 00004ccd 00002667 00000001 00000000 01c9c380 0000027c
capture_snapshot GLI1 00010000 30000000 2500000 291 0 30000000 0 0 0 0 0 0 0 7cec3f48 00000000 80526450 00000000 00488317 00000000 00488317 00000000 0000006a 00000000 00000000 00000000 03662a1f 00000000 00488381 00000000 00000000 00000000 00000000 00000039 008b3199 00000001 00000000 00000001 00000000 00000000 00000000 00000000 00000000 00000000 00000000 00000000 00000000 00000000 00000000 00000000 00000000 00000000 00000000 00000000 abcf05e8 00000001 80526465 00000000 00000000 00000000 00000000 00000000 00000101 00000080 00000000 00000000 00000000 00000000 00000000 00000000 00000000 00003333 00004ccd 00002667 00000001 00000000 01c9c380 0000027c
capture_snapshot GLI1 00010000 30000000 2500000 292 0 30000000 0 0 0 0 0 0 0 7cec3f48 00000000 80556330 00000000 0048c2ff 00000000 0048c2ff 00000000 0000006a 00000000 00000000 00000000 036928fe 00000000 0048c369 00000000 00000000 00000000 00000000 00000039 008b3199 00000001 00000000 00000001 00000000 00000000 00000000 00000000 00000000 00000000 00000000 00000000 00000000 00000000 00000000 00000000 00000000 00000000 00000000 00000000 abd90211 00000001 80556344 00000000 00000000 00000000 00000000 00000000 00000101 00000081 00000000 00000000 00000000 00000000 00000000 00000000 00000000 00003333 00004ccd 00002667 00000001 00000000 01c9c380 0000027c
capture_snapshot GLI1 00010000 30000000 2500000 293 0 30000000 0 0 0 0 0 0 0 7cec3f48 00000000 80586294 00000000 004902f2 00000000 004902f2 00000000 0000006a 00000000 00000000 00000000 036c2867 00000000 0049035c 00000000 00000000 00000000 00000000 00000039 008b3199 00000001 00000000 00000001 00000000 00000000 00000000 00000000 00000000 00000000 00000000 00000000 00000000 00000000 00000000 00000000 00000000 00000000 00000000 00000000 abe30007 00000001 805862ad 00000000 00000000 00000000 00000000 00000000 00000100 00000080 00000000 00000000 00000000 00000000 00000000 00000000 00000000 00003333 00004ccd 00002667 00000001 00000000 01c9c380 0000027c
capture_snapshot GLI1 00010000 30000000 2500000 294 0 30000000 0 0 0 0 0 0 0 7cec3f48 00000000 805b615c 00000000 004942d8 00000000 004942d8 00000000 0000006a 00000000 00000000 00000000 036f272b 00000000 00494342 00000000 00000000 00000000 00000000 00000039 008b3199 00000001 00000000 00000001 00000000 00000000 00000000 00000000 00000000 00000000 00000000 00000000 00000000 00000000 00000000 00000000 00000000 00000000 00000000 00000000 abecfbd4 00000001 805b6171 00000000 00000000 00000000 00000000 00000000 00000101 00000080 00000000 00000000 00000000 00000000 00000000 00000000 00000000 00003333 00004ccd 00002667 00000001 00000000 01c9c380 0000027c
capture_snapshot GLI1 00010000 30000000 2500000 295 0 30000000 0 0 0 0 0 0 0 7cec3f48 00000000 805e66e4 00000000 0049834e 00000000 0049834e 00000000 0000006a 00000000 00000000 00000000 03722cad 00000000 004983b8 00000000 00000000 00000000 00000000 00000039 008b3199 00000001 00000000 00000001 00000000 00000000 00000000 00000000 00000000 00000000 00000000 00000000 00000000 00000000 00000000 00000000 00000000 00000000 00000000 00000000 abf70e1e 00000001 805e66f3 00000000 00000000 00000000 00000000 00000000 00000100 00000081 00000000 00000000 00000000 00000000 00000000 00000000 00000000 00003333 00004ccd 00002667 00000001 00000000 01c9c380 0000027c
capture_snapshot GLI1 00010000 30000000 2500000 296 0 30000000 0 0 0 0 0 0 0 7cec3f48 00000000 80616438 00000000 0049c315 00000000 0049c315 00000000 0000006a 00000000 00000000 00000000 03752a0b 00000000 0049c37f 00000000 00000000 00000000 00000000 00000039 008b3199 00000001 00000000 00000001 00000000 00000000 00000000 00000000 00000000 00000000 00000000 00000000 00000000 00000000 00000000 00000000 00000000 00000000 00000000 00000000 ac010544 00000001 80616451 00000000 00000000 00000000 00000000 00000000 00000100 00000080 00000000 00000000 00000000 00000000 00000000 00000000 00000000 00003333 00004ccd 00002667 00000001 00000000 01c9c380 0000027c
capture_snapshot GLI1 00010000 30000000 2500000 297 0 30000000 0 0 0 0 0 0 0 7cec3f48 00000000 80646a2c 00000000 004a0394 00000000 004a0394 00000000 0000006a 00000000 00000000 00000000 03782ffe 00000000 004a03fe 00000000 00000000 00000000 00000000 00000039 008b3199 00000001 00000000 00000001 00000000 00000000 00000000 00000000 00000000 00000000 00000000 00000000 00000000 00000000 00000000 00000000 00000000 00000000 00000000 00000000 ac0b1903 00000001 80646a44 00000000 00000000 00000000 00000000 00000000 00000101 00000080 00000000 00000000 00000000 00000000 00000000 00000000 00000000 00003333 00004ccd 00002667 00000001 00000000 01c9c380 0000027c
capture_snapshot GLI1 00010000 30000000 2500000 298 0 30000000 0 0 0 0 0 0 0 7cec3f48 00000000 80676aa4 00000000 004a439e 00000000 004a439e 00000000 0000006a 00000000 00000000 00000000 037b3074 00000000 004a4408 00000000 00000000 00000000 00000000 00000039 008b3199 00000001 00000000 00000001 00000000 00000000 00000000 00000000 00000000 00000000 00000000 00000000 00000000 00000000 00000000 00000000 00000000 00000000 00000000 00000000 ac151a7a 00000001 80676aba 00000000 00000000 00000000 00000000 00000000 00000101 00000081 00000000 00000000 00000000 00000000 00000000 00000000 00000000 00003333 00004ccd 00002667 00000001 00000000 01c9c380 0000027c
capture_snapshot GLI1 00010000 30000000 2500000 299 0 30000000 0 0 0 0 0 0 0 7cec3f48 00000000 806a6d08 00000000 004a83d1 00000000 004a83d1 00000000 0000006a 00000000 00000000 00000000 037e32d9 00000000 004a843b 00000000 00000000 00000000 00000000 00000039 008b3199 00000001 00000000 00000001 00000000 00000000 00000000 00000000 00000000 00000000 00000000 00000000 00000000 00000000 00000000 00000000 00000000 00000000 00000000 00000000 ac1f2262 00000001 806a6d1f 00000000 00000000 00000000 00000000 00000000 00000101 00000081 00000000 00000000 00000000 00000000 00000000 00000000 00000000 00003333 00004ccd 00002667 00000001 00000000 01c9c380 0000027c
capture_snapshot GLI1 00010000 30000000 2500000 300 0 30000000 0 0 0 0 0 0 0 7cec3f48 00000000 806d6468 00000000 004ac319 00000000 004ac319 00000000 0000006a 00000000 00000000 00000000 03812a37 00000000 004ac383 00000000 00000000 00000000 00000000 00000039 008b3199 00000001 00000000 00000001 00000000 00000000 00000000 00000000 00000000 00000000 00000000 00000000 00000000 00000000 00000000 00000000 00000000 00000000 00000000 00000000 ac290587 00000001 806d647d 00000000 00000000 00000000 00000000 00000000 00000101 00000080 00000000 00000000 00000000 00000000 00000000 00000000 00000000 00003333 00004ccd 00002667 00000001 00000000 01c9c380 0000027c
capture_snapshot GLI1 00010000 30000000 2500000 301 0 30000000 0 0 0 0 0 0 0 7cec3f48 00000000 80706588 00000000 004b0331 00000000 004b0331 00000000 0000006a 00000000 00000000 00000000 03842b55 00000000 004b039b 00000000 00000000 00000000 00000000 00000039 008b3199 00000001 00000000 00000001 00000000 00000000 00000000 00000000 00000000 00000000 00000000 00000000 00000000 00000000 00000000 00000000 00000000 00000000 00000000 00000000 ac33092e 00000001 8070659b 00000000 00000000 00000000 00000000 00000000 00000101 00000081 00000000 00000000 00000000 00000000 00000000 00000000 00000000 00003333 00004ccd 00002667 00000001 00000000 01c9c380 0000027c
capture_snapshot GLI1 00010000 30000000 2500000 302 0 30000000 0 0 0 0 0 0 0 7cec3f48 00000000 8073639c 00000000 004b4308 00000000 004b4307 00000000 0000006a 00000000 00000000 00000000 03872964 00000000 004b4372 00000000 00000000 00000000 00000000 0000003b 008b3199 00000001 00000001 00000001 00000000 00000000 00000000 00000000 00000000 00000000 00000000 00000000 00000000 00000000 00000000 00000000 00000000 00000000 00000000 00000000 ac3d02a2 00000001 807363aa 00000000 00000000 00000000 00000000 00000000 00000101 00000080 00000000 00000000 00000000 00000000 00000000 00000000 00000000 00003333 00004ccd 00002667 00000001 00000000 01c9c380 0000027c
capture_snapshot GLI1 00010000 30000000 2500000 303 0 30000000 0 0 0 0 0 0 0 7cec3f48 00000000 80766180 00000000 004b82db 00000000 004b82db 00000000 0000006a 00000000 00000000 00000000 038a2752 00000000 004b8345 00000000 00000000 00000000 00000000 00000039 008b3199 00000001 00000000 00000001 00000000 00000000 00000000 00000000 00000000 00000000 00000000 00000000 00000000 00000000 00000000 00000000 00000000 00000000 00000000 00000000 ac46fba8 00000001 80766198 00000000 00000000 00000000 00000000 00000000 00000100 00000081 00000000 00000000 00000000 00000000 00000000 00000000 00000000 00003333 00004ccd 00002667 00000001 00000000 01c9c380 0000027c
capture_snapshot GLI1 00010000 30000000 2500000 304 0 30000000 0 0 0 0 0 0 0 7cec3f48 00000000 807962d0 00000000 004bc2f7 00000000 004bc2f7 00000000 0000006a 00000000 00000000 00000000 038d289d 00000000 004bc361 00000000 00000000 00000000 00000000 00000039 008b3199 00000001 00000000 00000001 00000000 00000000 00000000 00000000 00000000 00000000 00000000 00000000 00000000 00000000 00000000 00000000 00000000 00000000 00000000 00000000 ac50ffe5 00000001 807962e3 00000000 00000000 00000000 00000000 00000000 00000100 00000080 00000000 00000000 00000000 00000000 00000000 00000000 00000000 00003333 00004ccd 00002667 00000001 00000000 01c9c380 0000027c
capture_snapshot GLI1 00010000 30000000 2500000 305 0 30000000 0 0 0 0 0 0 0 7cec3f48 00000000 807c65d0 00000000 004c0337 00000000 004c0337 00000000 0000006a 00000000 00000000 00000000 03902b9d 00000000 004c03a1 00000000 00000000 00000000 00000000 00000039 008b3199 00000001 00000000 00000001 00000000 00000000 00000000 00000000 00000000 00000000 00000000 00000000 00000000 00000000 00000000 00000000 00000000 00000000 00000000 00000000 ac5b09d1 00000001 807c65e3 00000000 00000000 00000000 00000000 00000000 00000100 00000080 00000000 00000000 00000000 00000000 00000000 00000000 00000000 00003333 00004ccd 00002667 00000001 00000000 01c9c380 0000027c
capture_snapshot GLI1 00010000 30000000 2500000 306 0 30000000 0 0 0 0 0 0 0 7cec3f48 00000000 807f62ac 00000000 004c42f4 00000000 004c42f4 00000000 0000006a 00000000 00000000 00000000 03932876 00000000 004c435e 00000000 00000000 00000000 00000000 00000039 008b3199 00000001 00000000 00000001 00000000 00000000 00000000 00000000 00000000 00000000 00000000 00000000 00000000 00000000 00000000 00000000 00000000 00000000 00000000 00000000 ac64ff39 00000001 807f62bc 00000000 00000000 00000000 00000000 00000000 00000101 00000080 00000000 00000000 00000000 00000000 00000000 00000000 00000000 00003333 00004ccd 00002667 00000001 00000000 01c9c380 0000027c
capture_snapshot GLI1 00010000 30000000 2500000 307 0 30000000 0 0 0 0 0 0 0 7cec3f48 00000000 808262ac 00000000 004c82f4 00000000 004c82f4 00000000 0000006a 00000000 00000000 00000000 03962879 00000000 004c835e 00000000 00000000 00000000 00000000 00000039 008b3199 00000001 00000000 00000001 00000000 00000000 00000000 00000000 00000000 00000000 00000000 00000000 00000000 00000000 00000000 00000000 00000000 00000000 00000000 00000000 ac6eff32 00000001 808262bf 00000000 00000000 00000000 00000000 00000000 00000100 00000080 00000000 00000000 00000000 00000000 00000000 00000000 00000000 00003333 00004ccd 00002667 00000001 00000000 01c9c380 0000027c
capture_snapshot GLI1 00010000 30000000 2500000 308 0 30000000 0 0 0 0 0 0 0 7cec3f48 00000000 8085624c 00000000 004cc2ec 00000000 004cc2ec 00000000 0000006a 00000000 00000000 00000000 0399281a 00000000 004cc356 00000000 00000000 00000000 00000000 00000039 008b3199 00000001 00000000 00000001 00000000 00000000 00000000 00000000 00000000 00000000 00000000 00000000 00000000 00000000 00000000 00000000 00000000 00000000 00000000 00000000 ac78fde2 00000001 80856260 00000000 00000000 00000000 00000000 00000000 00000100 00000080 00000000 00000000 00000000 00000000 00000000 00000000 00000000 00003333 00004ccd 00002667 00000001 00000000 01c9c380 0000027c
capture_snapshot GLI1 00010000 30000000 2500000 309 0 30000000 0 0 0 0 0 0 0 7cec3f48 00000000 80886570 00000000 004d032f 00000000 004d032f 00000000 0000006a 00000000 00000000 00000000 039c2b40 00000000 004d0399 00000000 00000000 00000000 00000000 00000039 008b3199 00000001 00000000 00000001 00000000 00000000 00000000 00000000 00000000 00000000 00000000 00000000 00000000 00000000 00000000 00000000 00000000 00000000 00000000 00000000 ac83084c 00000001 80886586 00000000 00000000 00000000 00000000 00000000 00000101 00000080 00000000 00000000 00000000 00000000 00000000 00000000 00000000 00003333 00004ccd 00002667 00000001 00000000 01c9c380 0000027c
capture_snapshot GLI1 00010000 30000000 2500000 310 0 30000000 0 0 0 0 0 0 0 7cec3f48 00000000 808b6ba0 00000000 004d43b3 00000000 004d43b3 00000000 0000006a 00000000 00000000 00000000 039f316b 00000000 004d441d 00000000 00000000 00000000 00000000 00000039 008b3199 00000001 00000000 00000001 00000000 00000000 00000000 00000000 00000000 00000000 00000000 00000000 00000000 00000000 00000000 00000000 00000000 00000000 00000000 00000000 ac8d1cc7 00000001 808b6bb1 00000000 00000000 00000000 00000000 00000000 00000101 00000081 00000000 00000000 00000000 00000000 00000000 00000000 00000000 00003333 00004ccd 00002667 00000001 00000000 01c9c380 0000027c
capture_snapshot GLI1 00010000 30000000 2500000 311 0 30000000 0 0 0 0 0 0 0 7cec3f48 00000000 808e6e34 00000000 004d83ea 00000000 004d83ea 00000000 0000006a 00000000 00000000 00000000 03a23402 00000000 004d8454 00000000 00000000 00000000 00000000 00000039 008b3199 00000001 00000000 00000001 00000000 00000000 00000000 00000000 00000000 00000000 00000000 00000000 00000000 00000000 00000000 00000000 00000000 00000000 00000000 00000000 ac972557 00000001 808e6e48 00000000 00000000 00000000 00000000 00000000 00000100 00000080 00000000 00000000 00000000 00000000 00000000 00000000 00000000 00003333 00004ccd 00002667 00000001 00000000 01c9c380 0000027c
capture_snapshot GLI1 00010000 30000000 2500000 312 0 30000000 0 0 0 0 0 0 0 7cec3f48 00000000 80916a50 00000000 004dc397 00000000 004dc397 00000000 0000006a 00000000 00000000 00000000 03a5301c 00000000 004dc401 00000000 00000000 00000000 00000000 00000039 008b3199 00000001 00000000 00000001 00000000 00000000 00000000 00000000 00000000 00000000 00000000 00000000 00000000 00000000 00000000 00000000 00000000 00000000 00000000 00000000 aca11842 00000001 80916a62 00000000 00000000 00000000 00000000 00000000 00000100 00000080 00000000 00000000 00000000 00000000 00000000 00000000 00000000 00003333 00004ccd 00002667 00000001 00000000 01c9c380 0000027c
capture_snapshot GLI1 00010000 30000000 2500000 313 0 30000000 0 0 0 0 0 0 0 7cec3f48 00000000 809461b0 00000000 004e02df 00000000 004e02df 00000000 0000006a 00000000 00000000 00000000 03a8277d 00000000 004e0349 00000000 00000000 00000000 00000000 00000039 008b3199 00000001 00000000 00000001 00000000 00000000 00000000 00000000 00000000 00000000 00000000 00000000 00000000 00000000 00000000 00000000 00000000 00000000 00000000 00000000 acaafb73 00000001 809461c3 00000000 00000000 00000000 00000000 00000000 00000101 00000081 00000000 00000000 00000000 00000000 00000000 00000000 00000000 00003333 00004ccd 00002667 00000001 00000000 01c9c380 0000027c
capture_snapshot GLI1 00010000 30000000 2500000 314 0 30000000 0 0 0 0 0 0 0 7cec3f48 00000000 809767a4 00000000 004e435e 00000000 004e435e 00000000 0000006a 00000000 00000000 00000000 03ab2d78 00000000 004e43c8 00000000 00000000 00000000 00000000 00000039 008b3199 00000001 00000000 00000001 00000000 00000000 00000000 00000000 00000000 00000000 00000000 00000000 00000000 00000000 00000000 00000000 00000000 00000000 00000000 00000000 acb50f4e 00000001 809767be 00000000 00000000 00000000 00000000 00000000 00000101 00000080 00000000 00000000 00000000 00000000 00000000 00000000 00000000 00003333 00004ccd 00002667 00000001 00000000 01c9c380 0000027c
capture_snapshot GLI1 00010000 30000000 2500000 315 0 30000000 0 0 0 0 0 0 0 7cec3f48 00000000 809a7464 00000000 004e846e 00000000 004e846e 00000000 0000006a 00000000 00000000 00000000 03ae3a2f 00000000 004e84d8 00000000 00000000 00000000 00000000 00000039 008b3199 00000001 00000000 00000001 00000000 00000000 00000000 00000000 00000000 00000000 00000000 00000000 00000000 00000000 00000000 00000000 00000000 00000000 00000000 00000000 acbf399d 00000001 809a7475 00000000 00000000 00000000 00000000 00000000 00000101 00000081 00000000 00000000 00000000 00000000 00000000 00000000 00000000 00003333 00004ccd 00002667 00000001 00000000 01c9c380 0000027c
capture_snapshot GLI1 00010000 30000000 2500000 316 0 30000000 0 0 0 0 0 0 0 7cec3f48 00000000 809d6690 00000000 004ec347 00000000 004ec347 00000000 0000006a 00000000 00000000 00000000 03b12c62 00000000 004ec3b1 00000000 00000000 00000000 00000000 00000039 008b3199 00000001 00000000 00000001 00000000 00000000 00000000 00000000 00000000 00000000 00000000 00000000 00000000 00000000 00000000 00000000 00000000 00000000 00000000 00000000 acc90b89 00000001 809d66a8 00000000 00000000 00000000 00000000 00000000 00000101 00000081 00000000 00000000 00000000 00000000 00000000 00000000 00000000 00003333 00004ccd 00002667 00000001 00000000 01c9c380 0000027c
capture_snapshot GLI1 00010000 30000000 2500000 317 0 30000000 0 0 0 0 0 0 0 7cec3f48 00000000 80a06138 00000000 004f02d5 00000000 004f02d5 00000000 0000006a 00000000 00000000 00000000 03b42707 00000000 004f033f 00000000 00000000 00000000 00000000 00000039 008b3199 00000001 00000000 00000001 00000000 00000000 00000000 00000000 00000000 00000000 00000000 00000000 00000000 00000000 00000000 00000000 00000000 00000000 00000000 00000000 acd2f99d 00000001 80a0614d 00000000 00000000 00000000 00000000 00000000 00000100 00000080 00000000 00000000 00000000 00000000 00000000 00000000 00000000 00003333 00004ccd 00002667 00000001 00000000 01c9c380 0000027c
capture_snapshot GLI1 00010000 30000000 2500000 318 0 30000000 0 0 0 0 0 0 0 7cec3f48 00000000 80a36240 00000000 004f42eb 00000000 004f42eb 00000000 0000006a 00000000 00000000 00000000 03b72810 00000000 004f4355 00000000 00000000 00000000 00000000 00000039 008b3199 00000001 00000000 00000001 00000000 00000000 00000000 00000000 00000000 00000000 00000000 00000000 00000000 00000000 00000000 00000000 00000000 00000000 00000000 00000000 acdcfcfb 00000001 80a36256 00000000 00000000 00000000 00000000 00000000 00000101 00000080 00000000 00000000 00000000 00000000 00000000 00000000 00000000 00003333 00004ccd 00002667 00000001 00000000 01c9c380 0000027c
capture_snapshot GLI1 00010000 30000000 2500000 319 0 30000000 0 0 0 0 0 0 0 7cec3f48 00000000 80a666d8 00000000 004f834d 00000000 004f834d 00000000 0000006a 00000000 00000000 00000000 03ba2ca4 00000000 004f83b7 00000000 00000000 00000000 00000000 00000039 008b3199 00000001 00000000 00000001 00000000 00000000 00000000 00000000 00000000 00000000 00000000 00000000 00000000 00000000 00000000 00000000 00000000 00000000 00000000 00000000 ace70c2a 00000001 80a666ea 00000000 00000000 00000000 00000000 00000000 00000101 00000080 00000000 00000000 00000000 00000000 00000000 00000000 00000000 00003333 00004ccd 00002667 00000001 00000000 01c9c380 0000027c
capture_snapshot GLI1 00010000 30000000 2500000 320 0 30000000 0 0 0 0 0 0 0 7cec3f48 00000000 80a9624c 00000000 004fc2ec 00000000 004fc2ec 00000000 0000006a 00000000 00000000 00000000 03bd281b 00000000 004fc356 00000000 00000000 00000000 00000000 00000039 008b3199 00000001 00000000 00000001 00000000 00000000 00000000 00000000 00000000 00000000 00000000 00000000 00000000 00000000 00000000 00000000 00000000 00000000 00000000 00000000 acf0fcfa 00000001 80a96261 00000000 00000000 00000000 00000000 00000000 00000101 00000080 00000000 00000000 00000000 00000000 00000000 00000000 00000000 00003333 00004ccd 00002667 00000001 00000000 01c9c380 0000027c
capture_snapshot GLI1 00010000 30000000 2500000 321 0 30000000 0 0 0 0 0 0 0 7cec3f48 00000000 80ac64a4 00000000 0050031e 00000000 0050031e 00000000 0000006a 00000000 00000000 00000000 03c02a6e 00000000 00500388 00000000 00000000 00000000 00000000 00000039 008b3199 00000001 00000000 00000001 00000000 00000000 00000000 00000000 00000000 00000000 00000000 00000000 00000000 00000000 00000000 00000000 00000000 00000000 00000000 00000000 acfb04a7 00000001 80ac64b4 00000000 00000000 00000000 00000000 00000000 00000100 00000080 00000000 00000000 00000000 00000000 00000000 00000000 00000000 00003333 00004ccd 00002667 00000001 00000000 01c9c380 0000027c
capture_snapshot GLI1 00010000 30000000 2500000 322 0 30000000 0 0 0 0 0 0 0 7cec3f48 00000000 80af6150 00000000 005042d7 00000000 005042d7 00000000 0000006a 00000000 00000000 00000000 03c3271f 00000000 00504341 00000000 00000000 00000000 00000000 00000039 008b3199 00000001 00000000 00000001 00000000 00000000 00000000 00000000 00000000 00000000 00000000 00000000 00000000 00000000 00000000 00000000 00000000 00000000 00000000 00000000 ad04f98a 00000001 80af6165 00000000 00000000 00000000 00000000 00000000 00000101 00000081 00000000 00000000 00000000 00000000 00000000 00000000 00000000 00003333 00004ccd 00002667 00000001 00000000 01c9c380 0000027c
capture_snapshot GLI1 00010000 30000000 2500000 323 0 30000000 0 0 0 0 0 0 0 7cec3f48 00000000 80b26804 00000000 00508366 00000000 00508366 00000000 0000006a 00000000 00000000 00000000 03c62dd5 00000000 005083d0 00000000 00000000 00000000 00000000 00000039 008b3199 00000001 00000000 00000001 00000000 00000000 00000000 00000000 00000000 00000000 00000000 00000000 00000000 00000000 00000000 00000000 00000000 00000000 00000000 00000000 ad0f0fd5 00000001 80b2681b 00000000 00000000 00000000 00000000 00000000 00000101 00000081 00000000 00000000 00000000 00000000 00000000 00000000 00000000 00003333 00004ccd 00002667 00000001 00000000 01c9c380 0000027c
capture_snapshot GLI1 00010000 30000000 2500000 324 0 30000000 0 0 0 0 0 0 0 7cec3f48 00000000 80b56dc8 00000000 0050c3e1 00000000 0050c3e1 00000000 0000006a 00000000 00000000 00000000 03c93396 00000000 0050c44b 00000000 00000000 00000000 00000000 00000039 008b3199 00000001 00000000 00000001 00000000 00000000 00000000 00000000 00000000 00000000 00000000 00000000 00000000 00000000 00000000 00000000 00000000 00000000 00000000 00000000 ad1922f1 00000001 80b56ddc 00000000 00000000 00000000 00000000 00000000 00000100 00000080 00000000 00000000 00000000 00000000 00000000 00000000 00000000 00003333 00004ccd 00002667 00000001 00000000 01c9c380 0000027c
capture_snapshot GLI1 00010000 30000000 2500000 325 0 30000000 0 0 0 0 0 0 0 7cec3f48 00000000 80b86fd8 00000000 0051040d 00000000 0051040d 00000000 0000006a 00000000 00000000 00000000 03cc35a1 00000000 00510477 00000000 00000000 00000000 00000000 00000039 008b3199 00000001 00000000 00000001 00000000 00000000 00000000 00000000 00000000 00000000 00000000 00000000 00000000 00000000 00000000 00000000 00000000 00000000 00000000 00000000 ad2329ad 00000001 80b86fe7 00000000 00000000 00000000 00000000 00000000 00000100 00000080 00000000 00000000 00000000 00000000 00000000 00000000 00000000 00003333 00004ccd 00002667 00000001 00000000 01c9c380 0000027c
capture_snapshot GLI1 00010000 30000000 2500000 326 0 30000000 0 0 0 0 0 0 0 7cec3f48 00000000 80bb6234 00000000 005142ea 00000000 005142ea 00000000 0000006a 00000000 00000000 00000000 03cf2804 00000000 00514354 00000000 00000000 00000000 00000000 00000039 008b3199 00000001 00000000 00000001 00000000 00000000 00000000 00000000 00000000 00000000 00000000 00000000 00000000 00000000 00000000 00000000 00000000 00000000 00000000 00000000 ad2cfc39 00000001 80bb624a 00000000 00000000 00000000 00000000 00000000 00000100 00000080 00000000 00000000 00000000 00000000 00000000 00000000 00000000 00003333 00004ccd 00002667 00000001 00000000 01c9c380 0000027c
capture_snapshot GLI1 00010000 30000000 2500000 327 0 30000000 0 0 0 0 0 0 0 7cec3f48 00000000 80be621c 00000000 005182e8 00000000 005182e8 00000000 0000006a 00000000 00000000 00000000 03d227ea 00000000 00518352 00000000 00000000 00000000 00000000 00000039 008b3199 00000001 00000000 00000001 00000000 00000000 00000000 00000000 00000000 00000000 00000000 00000000 00000000 00000000 00000000 00000000 00000000 00000000 00000000 00000000 ad36fbce 00000001 80be6230 00000000 00000000 00000000 00000000 00000000 00000101 00000081 00000000 00000000 00000000 00000000 00000000 00000000 00000000 00003333 00004ccd 00002667 00000001 00000000 01c9c380 0000027c
capture_snapshot GLI1 00010000 30000000 2500000 328 0 30000000 0 0 0 0 0 0 0 7cec3f48 00000000 80c1633c 00000000 0051c300 00000000 0051c300 00000000 0000006a 00000000 00000000 00000000 03d5290f 00000000 0051c36a 00000000 00000000 00000000 00000000 00000039 008b3199 00000001 00000000 00000001 00000000 00000000 00000000 00000000 00000000 00000000 00000000 00000000 00000000 00000000 00000000 00000000 00000000 00000000 00000000 00000000 ad40ff8c 00000001 80c16355 00000000 00000000 00000000 00000000 00000000 00000100 00000080 00000000 00000000 00000000 00000000 00000000 00000000 00000000 00003333 00004ccd 00002667 00000001 00000000 01c9c380 0000027c
capture_snapshot GLI1 00010000 30000000 2500000 329 0 30000000 0 0 0 0 0 0 0 7cec3f48 00000000 80c46294 00000000 005202f2 00000000 005202f2 00000000 0000006a 00000000 00000000 00000000 03d8285e 00000000 0052035c 00000000 00000000 00000000 00000000 00000039 008b3199 00000001 00000000 00000001 00000000 00000000 00000000 00000000 00000000 00000000 00000000 00000000 00000000 00000000 00000000 00000000 00000000 00000000 00000000 00000000 ad4afd29 00000001 80c462a4 00000000 00000000 00000000 00000000 00000000 00000101 00000081 00000000 00000000 00000000 00000000 00000000 00000000 00000000 00003333 00004ccd 00002667 00000001 00000000 01c9c380 0000027c
capture_snapshot GLI1 00010000 30000000 2500000 330 0 30000000 0 0 0 0 0 0 0 7cec3f48 00000000 80c763b4 00000000 0052430a 00000000 0052430a 00000000 0000006a 00000000 00000000 00000000 03db2983 00000000 00524374 00000000 00000000 00000000 00000000 00000039 008b3199 00000001 00000000 00000001 00000000 00000000 00000000 00000000 00000000 00000000 00000000 00000000 00000000 00000000 00000000 00000000 00000000 00000000 00000000 00000000 ad5500e5 00000001 80c763c9 00000000 00000000 00000000 00000000 00000000 00000100 00000080 00000000 00000000 00000000 00000000 00000000 00000000 00000000 00003333 00004ccd 00002667 00000001 00000000 01c9c380 0000027c
capture_snapshot GLI1 00010000 30000000 2500000 331 0 30000000 0 0 0 0 0 0 0 7cec3f48 00000000 80ca6234 00000000 005282ea 00000000 005282ea 00000000 0000006a 00000000 00000000 00000000 03de27fe 00000000 00528354 00000000 00000000 00000000 00000000 00000039 008b3199 00000001 00000000 00000001 00000000 00000000 00000000 00000000 00000000 00000000 00000000 00000000 00000000 00000000 00000000 00000000 00000000 00000000 00000000 00000000 ad5efbc1 00000001 80ca6244 00000000 00000000 00000000 00000000 00000000 00000101 00000080 00000000 00000000 00000000 00000000 00000000 00000000 00000000 00003333 00004ccd 00002667 00000001 00000000 01c9c380 0000027c
capture_snapshot GLI1 00010000 30000000 2500000 332 0 30000000 0 0 0 0 0 0 0 7cec3f48 00000000 80cd6060 00000000 0052c2c3 00000000 0052c2c3 00000000 0000006a 00000000 00000000 00000000 03e12629 00000000 0052c32d 00000000 00000000 00000000 00000000 00000039 008b3199 00000001 00000000 00000001 00000000 00000000 00000000 00000000 00000000 00000000 00000000 00000000 00000000 00000000 00000000 00000000 00000000 00000000 00000000 00000000 ad68f592 00000001 80cd606f 00000000 00000000 00000000 00000000 00000000 00000100 00000080 00000000 00000000 00000000 00000000 00000000 00000000 00000000 00003333 00004ccd 00002667 00000001 00000000 01c9c380 0000027c
capture_snapshot GLI1 00010000 30000000 2500000 333 0 30000000 0 0 0 0 0 0 0 7cec3f48 00000000 80d06ce4 00000000 005303ce 00000000 005303cd 00000000 0000006a 00000000 00000000 00000000 03e432ac 00000000 00530438 00000000 00000000 00000000 00000000 0000003b 008b3199 00000001 00000001 00000001 00000000 00000000 00000000 00000000 00000000 00000000 00000000 00000000 00000000 00000000 00000000 00000000 00000000 00000000 00000000 00000000 ad731f35 00000001 80d06cf2 00000000 00000000 00000000 00000000 00000000 00000101 00000080 00000000 00000000 00000000 00000000 00000000 00000000 00000000 00003333 00004ccd 00002667 00000001 00000000 01c9c380 0000027c
capture_snapshot GLI1 00010000 30000000 2500000 334 0 30000000 0 0 0 0 0 0 0 7cec3f48 00000000 80d36d5c 00000000 005343d8 00000000 005343d8 00000000 0000006a 00000000 00000000 00000000 03e73329 00000000 00534442 00000000 00000000 00000000 00000000 00000039 008b3199 00000001 00000000 00000001 00000000 00000000 00000000 00000000 00000000 00000000 00000000 00000000 00000000 00000000 00000000 00000000 00000000 00000000 00000000 00000000 ad7d20c0 00000001 80d36d6f 00000000 00000000 00000000 00000000 00000000 00000100 00000080 00000000 00000000 00000000 00000000 00000000 00000000 00000000 00003333 00004ccd 00002667 00000001 00000000 01c9c380 0000027c
capture_snapshot GLI1 00010000 30000000 2500000 335 0 30000000 0 0 0 0 0 0 0 7cec3f48 00000000 80d6708c 00000000 0053841c 00000000 0053841c 00000000 0000006a 00000000 00000000 00000000 03ea365f 00000000 00538486 00000000 00000000 00000000 00000000 00000039 008b3199 00000001 00000000 00000001 00000000 00000000 00000000 00000000 00000000 00000000 00000000 00000000 00000000 00000000 00000000 00000000 00000000 00000000 00000000 00000000 ad872b62 00000001 80d670a5 00000000 00000000 00000000 00000000 00000000 00000101 00000081 00000000 00000000 00000000 00000000 00000000 00000000 00000000 00003333 00004ccd 00002667 00000001 00000000 01c9c380 0000027c
capture_snapshot GLI1 00010000 30000000 2500000 336 0 30000000 0 0 0 0 0 0 0 7cec3f48 00000000 80d961d4 00000000 0053c2e2 00000000 0053c2e1 00000000 0000006a 00000000 00000000 00000000 03ed279c 00000000 0053c34c 00000000 00000000 00000000 00000000 0000003b 008b3199 00000001 00000001 00000001 00000000 00000000 00000000 00000000 00000000 00000000 00000000 00000000 00000000 00000000 00000000 00000000 00000000 00000000 00000000 00000000 ad90fa1b 00000001 80d961e2 00000000 00000000 00000000 00000000 00000000 00000100 00000080 00000000 00000000 00000000 00000000 00000000 00000000 00000000 00003333 00004ccd 00002667 00000001 00000000 01c9c380 0000027c
capture_snapshot GLI1 00010000 30000000 2500000 337 0 30000000 0 0 0 0 0 0 0 7cec3f48 00000000 80dc618c 00000000 005402dc 00000000 005402dc 00000000 0000006a 00000000 00000000 00000000 03f0275a 00000000 00540346 00000000 00000000 00000000 00000000 00000039 008b3199 00000001 00000000 00000001 00000000 00000000 00000000 00000000 00000000 00000000 00000000 00000000 00000000 00000000 00000000 00000000 00000000 00000000 00000000 00000000 ad9af92c 00000001 80dc61a0 00000000 00000000 00000000 00000000 00000000 00000100 00000080 00000000 00000000 00000000 00000000 00000000 00000000 00000000 00003333 00004ccd 00002667 00000001 00000000 01c9c380 0000027c
capture_snapshot GLI1 00010000 30000000 2500000 338 0 30000000 0 0 0 0 0 0 0 7cec3f48 00000000 80df6504 00000000 00544326 00000000 00544326 00000000 0000006a 00000000 00000000 00000000 03f32ad5 00000000 00544390 00000000 00000000 00000000 00000000 00000039 008b3199 00000001 00000000 00000001 00000000 00000000 00000000 00000000 00000000 00000000 00000000 00000000 00000000 00000000 00000000 00000000 00000000 00000000 00000000 00000000 ada504b0 00000001 80df651b 00000000 00000000 00000000 00000000 00000000 00000101 00000080 00000000 00000000 00000000 00000000 00000000 00000000 00000000 00003333 00004ccd 00002667 00000001 00000000 01c9c380 0000027c
capture_snapshot GLI1 00010000 30000000 2500000 339 0 30000000 0 0 0 0 0 0 0 7cec3f48 00000000 80e262a0 00000000 005482f3 00000000 005482f3 00000000 0000006a 00000000 00000000 00000000 03f6286f 00000000 0054835d 00000000 00000000 00000000 00000000 00000039 008b3199 00000001 00000000 00000001 00000000 00000000 00000000 00000000 00000000 00000000 00000000 00000000 00000000 00000000 00000000 00000000 00000000 00000000 00000000 00000000 adaefca0 00000001 80e262b5 00000000 00000000 00000000 00000000 00000000 00000100 00000080 00000000 00000000 00000000 00000000 00000000 00000000 00000000 00003333 00004ccd 00002667 00000001 00000000 01c9c380 0000027c
capture_snapshot GLI1 00010000 30000000 2500000 340 0 30000000 0 0 0 0 0 0 0 7cec3f48 00000000 80e56120 00000000 0054c2d3 00000000 0054c2d3 00000000 0000006a 00000000 00000000 00000000 03f926ef 00000000 0054c33d 00000000 00000000 00000000 00000000 00000039 008b3199 00000001 00000000 00000001 00000000 00000000 00000000 00000000 00000000 00000000 00000000 00000000 00000000 00000000 00000000 00000000 00000000 00000000 00000000 00000000 adb8f78b 00000001 80e56135 00000000 00000000 00000000 00000000 00000000 00000101 00000081 00000000 00000000 00000000 00000000 00000000 00000000 00000000 00003333 00004ccd 00002667 00000001 00000000 01c9c380 0000027c
capture_snapshot GLI1 00010000 30000000 2500000 341 0 30000000 0 0 0 0 0 0 0 7cec3f48 00000000 80e85f94 00000000 005502b2 00000000 005502b2 00000000 0000006a 00000000 00000000 00000000 03fc255f 00000000 0055031c 00000000 00000000 00000000 00000000 00000039 008b3199 00000001 00000000 00000001 00000000 00000000 00000000 00000000 00000000 00000000 00000000 00000000 00000000 00000000 00000000 00000000 00000000 00000000 00000000 00000000 adc2f243 00000001 80e85fa5 00000000 00000000 00000000 00000000 00000000 00000101 00000080 00000000 00000000 00000000 00000000 00000000 00000000 00000000 00003333 00004ccd 00002667 00000001 00000000 01c9c380 0000027c
capture_snapshot GLI1 00010000 30000000 2500000 342 0 30000000 0 0 0 0 0 0 0 7cec3f48 00000000 80eb6480 00000000 0055431b 00000000 0055431b 00000000 0000006a 00000000 00000000 00000000 03ff2a54 00000000 00554385 00000000 00000000 00000000 00000000 00000039 008b3199 00000001 00000000 00000001 00000000 00000000 00000000 00000000 00000000 00000000 00000000 00000000 00000000 00000000 00000000 00000000 00000000 00000000 00000000 00000000 adcd02b4 00000001 80eb649a 00000000 00000000 00000000 00000000 00000000 00000101 00000080 00000000 00000000 00000000 00000000 00000000 00000000 00000000 00003333 00004ccd 00002667 00000001 00000000 01c9c380 0000027c
capture_snapshot GLI1 00010000 30000000 2500000 343 0 30000000 0 0 0 0 0 0 0 7cec3f48 00000000 80ee6d38 00000000 005583d5 00000000 005583d5 00000000 0000006a 00000000 00000000 00000000 04023308 00000000 0055843f 00000000 00000000 00000000 00000000 00000039 008b3199 00000001 00000000 00000001 00000000 00000000 00000000 00000000 00000000 00000000 00000000 00000000 00000000 00000000 00000000 00000000 00000000 00000000 00000000 00000000 add71fa3 00000001 80ee6d4e 00000000 00000000 00000000 00000000 00000000 00000101 00000080 00000000 00000000 00000000 00000000 00000000 00000000 00000000 00003333 00004ccd 00002667 00000001 00000000 01c9c380 0000027c
capture_snapshot GLI1 00010000 30000000 2500000 344 0 30000000 0 0 0 0 0 0 0 7cec3f48 00000000 80f17374 00000000 0055c45a 00000000 0055c45a 00000000 0000006a 00000000 00000000 00000000 04053946 00000000 0055c4c4 00000000 00000000 00000000 00000000 00000039 008b3199 00000001 00000000 00000001 00000000 00000000 00000000 00000000 00000000 00000000 00000000 00000000 00000000 00000000 00000000 00000000 00000000 00000000 00000000 00000000 ade1345f 00000001 80f1738c 00000000 00000000 00000000 00000000 00000000 00000101 00000081 00000000 00000000 00000000 00000000 00000000 00000000 00000000 00003333 00004ccd 00002667 00000001 00000000 01c9c380 0000027c
capture_snapshot GLI1 00010000 30000000 2500000 345 0 30000000 0 0 0 0 0 0 0 7cec3f48 00000000 80f46b34 00000000 005603aa 00000000 005603a9 00000000 0000006a 00000000 00000000 00000000 040830fc 00000000 00560414 00000000 00000000 00000000 00000000 0000003b 008b3199 00000001 00000001 00000001 00000000 00000000 00000000 00000000 00000000 00000000 00000000 00000000 00000000 00000000 00000000 00000000 00000000 00000000 00000000 00000000 adeb18ab 00000001 80f46b42 00000000 00000000 00000000 00000000 00000000 00000100 00000080 00000000 00000000 00000000 00000000 00000000 00000000 00000000 00003333 00004ccd 00002667 00000001 00000000 01c9c380 0000027c
capture_snapshot GLI1 00010000 30000000 2500000 346 0 30000000 0 0 0 0 0 0 0 7cec3f48 00000000 80f761b0 00000000 005642df 00000000 005642df 00000000 0000006a 00000000 00000000 00000000 040b2783 00000000 00564349 00000000 00000000 00000000 00000000 00000039 008b3199 00000001 00000000 00000001 00000000 00000000 00000000 00000000 00000000 00000000 00000000 00000000 00000000 00000000 00000000 00000000 00000000 00000000 00000000 00000000 adf4f902 00000001 80f761c9 00000000 00000000 00000000 00000000 00000000 00000100 00000080 00000000 00000000 00000000 00000000 00000000 00000000 00000000 00003333 00004ccd 00002667 00000001 00000000 01c9c380 0000027c
capture_snapshot GLI1 00010000 30000000 2500000 347 0 30000000 0 0 0 0 0 0 0 7cec3f48 00000000 80fa62f4 00000000 005682fa 00000000 005682fa 00000000 0000006a 00000000 00000000 00000000 040e28c0 00000000 00568364 00000000 00000000 00000000 00000000 00000039 008b3199 00000001 00000000 00000001 00000000 00000000 00000000 00000000 00000000 00000000 00000000 00000000 00000000 00000000 00000000 00000000 00000000 00000000 00000000 00000000 adfefd0f 00000001 80fa6306 00000000 00000000 00000000 00000000 00000000 00000100 00000080 00000000 00000000 00000000 00000000 00000000 00000000 00000000 00003333 00004ccd 00002667 00000001 00000000 01c9c380 0000027c
capture_snapshot GLI1 00010000 30000000 2500000 348 0 30000000 0 0 0 0 0 0 0 7cec3f48 00000000 80fd639c 00000000 0056c308 00000000 0056c308 00000000 0000006a 00000000 00000000 00000000 0411296b 00000000 0056c372 00000000 00000000 00000000 00000000 00000039 008b3199 00000001 00000000 00000001 00000000 00000000 00000000 00000000 00000000 00000000 00000000 00000000 00000000 00000000 00000000 00000000 00000000 00000000 00000000 00000000 ae08ff37 00000001 80fd63b1 00000000 00000000 00000000 00000000 00000000 00000101 00000081 00000000 00000000 00000000 00000000 00000000 00000000 00000000 00003333 00004ccd 00002667 00000001 00000000 01c9c380 0000027c
capture_snapshot GLI1 00010000 30000000 2500000 349 0 30000000 0 0 0 0 0 0 0 7cec3f48 00000000 810063d8 00000000 0057030d 00000000 0057030d 00000000 0000006a 00000000 00000000 00000000 041429ab 00000000 00570377 00000000 00000000 00000000 00000000 00000039 008b3199 00000001 00000000 00000001 00000000 00000000 00000000 00000000 00000000 00000000 00000000 00000000 00000000 00000000 00000000 00000000 00000000 00000000 00000000 00000000 ae12fffa 00000001 810063f1 00000000 00000000 00000000 00000000 00000000 00000100 00000080 00000000 00000000 00000000 00000000 00000000 00000000 00000000 00003333 00004ccd 00002667 00000001 00000000 01c9c380 0000027c
capture_snapshot GLI1 00010000 30000000 2500000 350 0 30000000 0 0 0 0 0 0 0 7cec3f48 00000000 81036240 00000000 005742eb 00000000 005742eb 00000000 0000006a 00000000 00000000 00000000 04172809 00000000 00574355 00000000 00000000 00000000 00000000 00000039 008b3199 00000001 00000000 00000001 00000000 00000000 00000000 00000000 00000000 00000000 00000000 00000000 00000000 00000000 00000000 00000000 00000000 00000000 00000000 00000000 ae1cfa73 00000001 8103624f 00000000 00000000 00000000 00000000 00000000 00000101 00000080 00000000 00000000 00000000 00000000 00000000 00000000 00000000 00003333 00004ccd 00002667 00000001 00000000 01c9c380 0000027c
capture_snapshot GLI1 00010000 30000000 2500000 351 0 30000000 0 0 0 0 0 0 0 7cec3f48 00000000 810660e4 00000000 005782ce 00000000 005782ce 00000000 0000006a 00000000 00000000 00000000 041a26b3 00000000 00578338 00000000 00000000 00000000 00000000 00000039 008b3199 00000001 00000000 00000001 00000000 00000000 00000000 00000000 00000000 00000000 00000000 00000000 00000000 00000000 00000000 00000000 00000000 00000000 00000000 00000000 ae26f5ee 00000001 810660f9 00000000 00000000 00000000 00000000 00000000 00000100 00000080 00000000 00000000 00000000 00000000 00000000 00000000 00000000 00003333 00004ccd 00002667 00000001 00000000 01c9c380 0000027c
capture_snapshot GLI1 00010000 30000000 2500000 352 0 30000000 0 0 0 0 0 0 0 7cec3f48 00000000 81096d98 00000000 0057c3dd 00000000 0057c3dd 00000000 0000006a 00000000 00000000 00000000 041d3365 00000000 0057c447 00000000 00000000 00000000 00000000 00000039 008b3199 00000001 00000000 00000001 00000000 00000000 00000000 00000000 00000000 00000000 00000000 00000000 00000000 00000000 00000000 00000000 00000000 00000000 00000000 00000000 ae31202a 00000001 81096dab 00000000 00000000 00000000 00000000 00000000 00000101 00000081 00000000 00000000 00000000 00000000 00000000 00000000 00000000 00003333 00004ccd 00002667 00000001 00000000 01c9c380 0000027c
capture_snapshot GLI1 00010000 30000000 2500000 353 0 30000000 0 0 0 0 0 0 0 7cec3f48 00000000 810c6b64 00000000 005803ae 00000000 005803ae 00000000 0000006a 00000000 00000000 00000000 04203138 00000000 00580418 00000000 00000000 00000000 00000000 00000039 008b3199 00000001 00000000 00000001 00000000 00000000 00000000 00000000 00000000 00000000 00000000 00000000 00000000 00000000 00000000 00000000 00000000 00000000 00000000 00000000 ae3b18d5 00000001 810c6b7e 00000000 00000000 00000000 00000000 00000000 00000101 00000080 00000000 00000000 00000000 00000000 00000000 00000000 00000000 00003333 00004ccd 00002667 00000001 00000000 01c9c380 0000027c
capture_snapshot GLI1 00010000 30000000 2500000 354 0 30000000 0 0 0 0 0 0 0 7cec3f48 00000000 810f6e28 00000000 005843e9 00000000 005843e9 00000000 0000006a 00000000 00000000 00000000 042333f8 00000000 00584453 00000000 00000000 00000000 00000000 00000039 008b3199 00000001 00000000 00000001 00000000 00000000 00000000 00000000 00000000 00000000 00000000 00000000 00000000 00000000 00000000 00000000 00000000 00000000 00000000 00000000 ae4521ed 00000001 810f6e3e 00000000 00000000 00000000 00000000 00000000 00000101 00000081 00000000 00000000 00000000 00000000 00000000 00000000 00000000 00003333 00004ccd 00002667 00000001 00000000 01c9c380 0000027c
capture_snapshot GLI1 00010000 30000000 2500000 355 0 30000000 0 0 0 0 0 0 0 7cec3f48 00000000 81126240 00000000 005882eb 00000000 005882eb 00000000 0000006a 00000000 00000000 00000000 04262811 00000000 00588355 00000000 00000000 00000000 00000000 00000039 008b3199 00000001 00000000 00000001 00000000 00000000 00000000 00000000 00000000 00000000 00000000 00000000 00000000 00000000 00000000 00000000 00000000 00000000 00000000 00000000 ae4efa2d 00000001 81126257 00000000 00000000 00000000 00000000 00000000 00000101 00000081 00000000 00000000 00000000 00000000 00000000 00000000 00000000 00003333 00004ccd 00002667 00000001 00000000 01c9c380 0000027c
capture_snapshot GLI1 00010000 30000000 2500000 356 0 30000000 0 0 0 0 0 0 0 7cec3f48 00000000 8115630c 00000000 0058c2fc 00000000 0058c2fc 00000000 0000006a 00000000 00000000 00000000 042928d5 00000000 0058c366 00000000 00000000 00000000 00000000 00000039 008b3199 00000001 00000000 00000001 00000000 00000000 00000000 00000000 00000000 00000000 00000000 00000000 00000000 00000000 00000000 00000000 00000000 00000000 00000000 00000000 ae58fca9 00000001 8115631b 00000000 00000000 00000000 00000000 00000000 00000100 00000080 00000000 00000000 00000000 00000000 00000000 00000000 00000000 00003333 00004ccd 00002667 00000001 00000000 01c9c380 0000027c
capture_snapshot GLI1 00010000 30000000 2500000 357 0 30000000 0 0 0 0 0 0 0 7cec3f48 00000000 811865a0 00000000 00590333 00000000 00590333 00000000 0000006a 00000000 00000000 00000000 042c2b69 00000000 0059039d 00000000 00000000 00000000 00000000 00000039 008b3199 00000001 00000000 00000001 00000000 00000000 00000000 00000000 00000000 00000000 00000000 00000000 00000000 00000000 00000000 00000000 00000000 00000000 00000000 00000000 ae63052a 00000001 811865af 00000000 00000000 00000000 00000000 00000000 00000100 00000080 00000000 00000000 00000000 00000000 00000000 00000000 00000000 00003333 00004ccd 00002667 00000001 00000000 01c9c380 0000027c
capture_snapshot GLI1 00010000 30000000 2500000 358 0 30000000 0 0 0 0 0 0 0 7cec3f48 00000000 811b63a8 00000000 00594309 00000000 00594309 00000000 0000006a 00000000 00000000 00000000 042f297a 00000000 00594373 00000000 00000000 00000000 00000000 00000039 008b3199 00000001 00000000 00000001 00000000 00000000 00000000 00000000 00000000 00000000 00000000 00000000 00000000 00000000 00000000 00000000 00000000 00000000 00000000 00000000 ae6cfea7 00000001 811b63c0 00000000 00000000 00000000 00000000 00000000 00000100 00000080 00000000 00000000 00000000 00000000 00000000 00000000 00000000 00003333 00004ccd 00002667 00000001 00000000 01c9c380 0000027c
capture_snapshot GLI1 00010000 30000000 2500000 359 0 30000000 0 0 0 0 0 0 0 7cec3f48 00000000 811e6408 00000000 00598311 00000000 00598311 00000000 0000006a 00000000 00000000 00000000 043229db 00000000 0059837b 00000000 00000000 00000000 00000000 00000039 008b3199 00000001 00000000 00000001 00000000 00000000 00000000 00000000 00000000 00000000 00000000 00000000 00000000 00000000 00000000 00000000 00000000 00000000 00000000 00000000 ae76ffd7 00000001 811e6421 00000000 00000000 00000000 00000000 00000000 00000100 00000080 00000000 00000000 00000000 00000000 00000000 00000000 00000000 00003333 00004ccd 00002667 00000001 00000000 01c9c380 0000027c
capture_snapshot GLI1 00010000 30000000 2500000 360 0 30000000 0 0 0 0 0 0 0 7cec3f48 00000000 812161e0 00000000 0059c2e3 00000000 0059c2e3 00000000 0000006a 00000000 00000000 00000000 043527a8 00000000 0059c34d 00000000 00000000 00000000 00000000 00000039 008b3199 00000001 00000000 00000001 00000000 00000000 00000000 00000000 00000000 00000000 00000000 00000000 00000000 00000000 00000000 00000000 00000000 00000000 00000000 00000000 ae80f86f 00000001 812161ee 00000000 00000000 00000000 00000000 00000000 00000100 00000080 00000000 00000000 00000000 00000000 00000000 00000000 00000000 00003333 00004ccd 00002667 00000001 00000000 01c9c380 0000027c
capture_snapshot GLI1 00010000 30000000 2500000 361 0 30000000 0 0 0 0 0 0 0 7cec3f48 00000000 81246180 00000000 005a02db 00000000 005a02db 00000000 0000006a 00000000 00000000 00000000 04382753 00000000 005a0345 00000000 00000000 00000000 00000000 00000039 008b3199 00000001 00000000 00000001 00000000 00000000 00000000 00000000 00000000 00000000 00000000 00000000 00000000 00000000 00000000 00000000 00000000 00000000 00000000 00000000 ae8af73e 00000001 81246199 00000000 00000000 00000000 00000000 00000000 00000101 00000080 00000000 00000000 00000000 00000000 00000000 00000000 00000000 00003333 00004ccd 00002667 00000001 00000000 01c9c380 0000027c
capture_snapshot GLI1 00010000 30000000 2500000 362 0 30000000 0 0 0 0 0 0 0 7cec3f48 00000000 81276324 00000000 005a42fe 00000000 005a42fe 00000000 0000006a 00000000 00000000 00000000 043b28f6 00000000 005a4368 00000000 00000000 00000000 00000000 00000039 008b3199 00000001 00000000 00000001 00000000 00000000 00000000 00000000 00000000 00000000 00000000 00000000 00000000 00000000 00000000 00000000 00000000 00000000 00000000 00000000 ae94fca1 00000001 8127633c 00000000 00000000 00000000 00000000 00000000 00000100 00000080 00000000 00000000 00000000 00000000 00000000 00000000 00000000 00003333 00004ccd 00002667 00000001 00000000 01c9c380 0000027c
capture_snapshot GLI1 00010000 30000000 2500000 363 0 30000000 0 0 0 0 0 0 0 7cec3f48 00000000 812a6b64 00000000 005a83ae 00000000 005a83ae 00000000 0000006a 00000000 00000000 00000000 043e3133 00000000 005a8418 00000000 00000000 00000000 00000000 00000039 008b3199 00000001 00000000 00000001 00000000 00000000 00000000 00000000 00000000 00000000 00000000 00000000 00000000 00000000 00000000 00000000 00000000 00000000 00000000 00000000 ae9f1803 00000001 812a6b79 00000000 00000000 00000000 00000000 00000000 00000101 00000080 00000000 00000000 00000000 00000000 00000000 00000000 00000000 00003333 00004ccd 00002667 00000001 00000000 01c9c380 0000027c
capture_snapshot GLI1 00010000 30000000 2500000 364 0 30000000 0 0 0 0 0 0 0 7cec3f48 00000000 812d6d5c 00000000 005ac3d8 00000000 005ac3d8 00000000 0000006a 00000000 00000000 00000000 0441332b 00000000 005ac442 00000000 00000000 00000000 00000000 00000039 008b3199 00000001 00000000 00000001 00000000 00000000 00000000 00000000 00000000 00000000 00000000 00000000 00000000 00000000 00000000 00000000 00000000 00000000 00000000 00000000 aea91e80 00000001 812d6d71 00000000 00000000 00000000 00000000 00000000 00000100 00000080 00000000 00000000 00000000 00000000 00000000 00000000 00000000 00003333 00004ccd 00002667 00000001 00000000 01c9c380 0000027c
capture_snapshot GLI1 00010000 30000000 2500000 365 0 30000000 0 0 0 0 0 0 0 7cec3f48 00000000 81306174 00000000 005b02da 00000000 005b02da 00000000 0000006a 00000000 00000000 00000000 04442742 00000000 005b0344 00000000 00000000 00000000 00000000 00000039 008b3199 00000001 00000000 00000001 00000000 00000000 00000000 00000000 00000000 00000000 00000000 00000000 00000000 00000000 00000000 00000000 00000000 00000000 00000000 00000000 aeb2f6b9 00000001 81306188 00000000 00000000 00000000 00000000 00000000 00000100 00000080 00000000 00000000 00000000 00000000 00000000 00000000 00000000 00003333 00004ccd 00002667 00000001 00000000 01c9c380 0000027c
capture_snapshot GLI1 00010000 30000000 2500000 366 0 30000000 0 0 0 0 0 0 0 7cec3f48 00000000 81336354 00000000 005b4302 00000000 005b4302 00000000 0000006a 00000000 00000000 00000000 04472925 00000000 005b436c 00000000 00000000 00000000 00000000 00000039 008b3199 00000001 00000000 00000001 00000000 00000000 00000000 00000000 00000000 00000000 00000000 00000000 00000000 00000000 00000000 00000000 00000000 00000000 00000000 00000000 aebcfcef 00000001 8133636b 00000000 00000000 00000000 00000000 00000000 00000101 00000081 00000000 00000000 00000000 00000000 00000000 00000000 00000000 00003333 00004ccd 00002667 00000001 00000000 01c9c380 0000027c
capture_snapshot GLI1 00010000 30000000 2500000 367 0 30000000 0 0 0 0 0 0 0 7cec3f48 00000000 813662dc 00000000 005b82f8 00000000 005b82f8 00000000 0000006a 00000000 00000000 00000000 044a28aa 00000000 005b8362 00000000 00000000 00000000 00000000 00000039 008b3199 00000001 00000000 00000001 00000000 00000000 00000000 00000000 00000000 00000000 00000000 00000000 00000000 00000000 00000000 00000000 00000000 00000000 00000000 00000000 aec6fb40 00000001 813662f0 00000000 00000000 00000000 00000000 00000000 00000101 00000080 00000000 00000000 00000000 00000000 00000000 00000000 00000000 00003333 00004ccd 00002667 00000001 00000000 01c9c380 0000027c
capture_snapshot GLI1 00010000 30000000 2500000 368 0 30000000 0 0 0 0 0 0 0 7cec3f48 00000000 81396d5c 00000000 005bc3d8 00000000 005bc3d8 00000000 0000006a 00000000 00000000 00000000 044d332a 00000000 005bc442 00000000 00000000 00000000 00000000 00000039 008b3199 00000001 00000000 00000001 00000000 00000000 00000000 00000000 00000000 00000000 00000000 00000000 00000000 00000000 00000000 00000000 00000000 00000000 00000000 00000000 aed11e2e 00000001 81396d70 00000000 00000000 00000000 00000000 00000000 00000101 00000081 00000000 00000000 00000000 00000000 00000000 00000000 00000000 00003333 00004ccd 00002667 00000001 00000000 01c9c380 0000027c
capture_snapshot GLI1 00010000 30000000 2500000 369 0 30000000 0 0 0 0 0 0 0 7cec3f48 00000000 813c627c 00000000 005c02f0 00000000 005c02f0 00000000 0000006a 00000000 00000000 00000000 0450284d 00000000 005c035a 00000000 00000000 00000000 00000000 00000039 008b3199 00000001 00000000 00000001 00000000 00000000 00000000 00000000 00000000 00000000 00000000 00000000 00000000 00000000 00000000 00000000 00000000 00000000 00000000 00000000 aedaf9e4 00000001 813c6293 00000000 00000000 00000000 00000000 00000000 00000101 00000081 00000000 00000000 00000000 00000000 00000000 00000000 00000000 00003333 00004ccd 00002667 00000001 00000000 01c9c380 0000027c
capture_snapshot GLI1 00010000 30000000 2500000 370 0 30000000 0 0 0 0 0 0 0 7cec3f48 00000000 813f60cc 00000000 005c42cc 00000000 005c42cc 00000000 0000006a 00000000 00000000 00000000 0453269f 00000000 005c4336 00000000 00000000 00000000 00000000 00000039 008b3199 00000001 00000000 00000001 00000000 00000000 00000000 00000000 00000000 00000000 00000000 00000000 00000000 00000000 00000000 00000000 00000000 00000000 00000000 00000000 aee4f437 00000001 813f60e5 00000000 00000000 00000000 00000000 00000000 00000101 00000081 00000000 00000000 00000000 00000000 00000000 00000000 00000000 00003333 00004ccd 00002667 00000001 00000000 01c9c380 0000027c
capture_snapshot GLI1 00010000 30000000 2500000 371 0 30000000 0 0 0 0 0 0 0 7cec3f48 00000000 814265b8 00000000 005c8335 00000000 005c8335 00000000 0000006a 00000000 00000000 00000000 04562b89 00000000 005c839f 00000000 00000000 00000000 00000000 00000039 008b3199 00000001 00000000 00000001 00000000 00000000 00000000 00000000 00000000 00000000 00000000 00000000 00000000 00000000 00000000 00000000 00000000 00000000 00000000 00000000 aeef0485 00000001 814265cf 00000000 00000000 00000000 00000000 00000000 00000101 00000081 00000000 00000000 00000000 00000000 00000000 00000000 00000000 00003333 00004ccd 00002667 00000001 00000000 01c9c380 0000027c
capture_snapshot GLI1 00010000 30000000 2500000 372 0 30000000 0 0 0 0 0 0 0 7cec3f48 00000000 814569b4 00000000 005cc38a 00000000 005cc38a 00000000 0000006a 00000000 00000000 00000000 04592f86 00000000 005cc3f4 00000000 00000000 00000000 00000000 00000039 008b3199 00000001 00000000 00000001 00000000 00000000 00000000 00000000 00000000 00000000 00000000 00000000 00000000 00000000 00000000 00000000 00000000 00000000 00000000 00000000 aef911be 00000001 814569cc 00000000 00000000 00000000 00000000 00000000 00000100 00000080 00000000 00000000 00000000 00000000 00000000 00000000 00000000 00003333 00004ccd 00002667 00000001 00000000 01c9c380 0000027c
capture_snapshot GLI1 00010000 30000000 2500000 373 0 30000000 0 0 0 0 0 0 0 7cec3f48 00000000 81487794 00000000 005d04b2 00000000 005d04b2 00000000 0000006a 00000000 00000000 00000000 045c3d5f 00000000 005d051c 00000000 00000000 00000000 00000000 00000039 008b3199 00000001 00000000 00000001 00000000 00000000 00000000 00000000 00000000 00000000 00000000 00000000 00000000 00000000 00000000 00000000 00000000 00000000 00000000 00000000 af033fd0 00000001 814877a5 00000000 00000000 00000000 00000000 00000000 00000100 00000080 00000000 00000000 00000000 00000000 00000000 00000000 00000000 00003333 00004ccd 00002667 00000001 00000000 01c9c380 0000027c
capture_snapshot GLI1 00010000 30000000 2500000 374 0 30000000 0 0 0 0 0 0 0 7cec3f48 00000000 814b6054 00000000 005d42c2 00000000 005d42c2 00000000 0000006a 00000000 00000000 00000000 045f2625 00000000 005d432c 00000000 00000000 00000000 00000000 00000039 008b3199 00000001 00000000 00000001 00000000 00000000 00000000 00000000 00000000 00000000 00000000 00000000 00000000 00000000 00000000 00000000 00000000 00000000 00000000 00000000 af0cf252 00000001 814b606b 00000000 00000000 00000000 00000000 00000000 00000101 00000080 00000000 00000000 00000000 00000000 00000000 00000000 00000000 00003333 00004ccd 00002667 00000001 00000000 01c9c380 0000027c
capture_snapshot GLI1 00010000 30000000 2500000 375 0 30000000 0 0 0 0 0 0 0 7cec3f48 00000000 814e6324 00000000 005d82fe 00000000 005d82fe 00000000 0000006a 00000000 00000000 00000000 046228f5 00000000 005d8368 00000000 00000000 00000000 00000000 00000039 008b3199 00000001 00000000 00000001 00000000 00000000 00000000 00000000 00000000 00000000 00000000 00000000 00000000 00000000 00000000 00000000 00000000 00000000 00000000 00000000 af16fba1 00000001 814e633b 00000000 00000000 00000000 00000000 00000000 00000100 00000080 00000000 00000000 00000000 00000000 00000000 00000000 00000000 00003333 00004ccd 00002667 00000001 00000000 01c9c380 0000027c
capture_snapshot GLI1 00010000 30000000 2500000 376 0 30000000 0 0 0 0 0 0 0 7cec3f48 00000000 81515ba4 00000000 005dc25e 00000000 005dc25e 00000000 0000006a 00000000 00000000 00000000 04652172 00000000 005dc2c8 00000000 00000000 00000000 00000000 00000039 008b3199 00000001 00000000 00000001 00000000 00000000 00000000 00000000 00000000 00000000 00000000 00000000 00000000 00000000 00000000 00000000 00000000 00000000 00000000 00000000 af20e282 00000001 81515bb8 00000000 00000000 00000000 00000000 00000000 00000101 00000081 00000000 00000000 00000000 00000000 00000000 00000000 00000000 00003333 00004ccd 00002667 00000001 00000000 01c9c380 0000027c
capture_snapshot GLI1 00010000 30000000 2500000 377 0 30000000 0 0 0 0 0 0 0 7cec3f48 00000000 81545598 00000000 005e01dd 00000000 005e01dd 00000000 0000006a 00000000 00000000 00000000 04681b68 00000000 005e0247 00000000 00000000 00000000 00000000 00000039 008b3199 00000001 00000000 00000001 00000000 00000000 00000000 00000000 00000000 00000000 00000000 00000000 00000000 00000000 00000000 00000000 00000000 00000000 00000000 00000000 af2ace4e 00000001 815455ae 00000000 00000000 00000000 00000000 00000000 00000100 00000080 00000000 00000000 00000000 00000000 00000000 00000000 00000000 00003333 00004ccd 00002667 00000001 00000000 01c9c380 0000027c
capture_snapshot GLI1 00010000 30000000 2500000 378 0 30000000 0 0 0 0 0 0 0 7cec3f48 00000000 815752ec 00000000 005e41a4 00000000 005e41a4 00000000 0000006a 00000000 00000000 00000000 046b18bb 00000000 005e420e 00000000 00000000 00000000 00000000 00000039 008b3199 00000001 00000000 00000001 00000000 00000000 00000000 00000000 00000000 00000000 00000000 00000000 00000000 00000000 00000000 00000000 00000000 00000000 00000000 00000000 af34c54f 00000001 81575301 00000000 00000000 00000000 00000000 00000000 00000100 00000080 00000000 00000000 00000000 00000000 00000000 00000000 00000000 00003333 00004ccd 00002667 00000001 00000000 01c9c380 0000027c
capture_snapshot GLI1 00010000 30000000 2500000 379 0 30000000 0 0 0 0 0 0 0 7cec3f48 00000000 815a5880 00000000 005e821b 00000000 005e821b 00000000 0000006a 00000000 00000000 00000000 046e1e4f 00000000 005e8285 00000000 00000000 00000000 00000000 00000039 008b3199 00000001 00000000 00000001 00000000 00000000 00000000 00000000 00000000 00000000 00000000 00000000 00000000 00000000 00000000 00000000 00000000 00000000 00000000 00000000 af3ed7d1 00000001 815a5895 00000000 00000000 00000000 00000000 00000000 00000100 00000080 00000000 00000000 00000000 00000000 00000000 00000000 00000000 00003333 00004ccd 00002667 00000001 00000000 01c9c380 0000027c
capture_snapshot GLI1 00010000 30000000 2500000 380 0 30000000 0 0 0 0 0 0 0 7cec3f48 00000000 815d52b0 00000000 005ec19f 00000000 005ec19f 00000000 0000006a 00000000 00000000 00000000 04711881 00000000 005ec209 00000000 00000000 00000000 00000000 00000039 008b3199 00000001 00000000 00000001 00000000 00000000 00000000 00000000 00000000 00000000 00000000 00000000 00000000 00000000 00000000 00000000 00000000 00000000 00000000 00000000 af48c466 00000001 815d52c7 00000000 00000000 00000000 00000000 00000000 00000101 00000081 00000000 00000000 00000000 00000000 00000000 00000000 00000000 00003333 00004ccd 00002667 00000001 00000000 01c9c380 0000027c
capture_snapshot GLI1 00010000 30000000 2500000 381 0 30000000 0 0 0 0 0 0 0 7cec3f48 00000000 816051e4 00000000 005f018e 00000000 005f018d 00000000 0000006a 00000000 00000000 00000000 047417ac 00000000 005f01f8 00000000 00000000 00000000 00000000 0000003b 008b3199 00000001 00000001 00000001 00000000 00000000 00000000 00000000 00000000 00000000 00000000 00000000 00000000 00000000 00000000 00000000 00000000 00000000 00000000 00000000 af52c18d 00000001 816051f2 00000000 00000000 00000000 00000000 00000000 00000101 00000080 00000000 00000000 00000000 00000000 00000000 00000000 00000000 00003333 00004ccd 00002667 00000001 00000000 01c9c380 0000027c
capture_snapshot GLI1 00010000 30000000 2500000 382 0 30000000 0 0 0 0 0 0 0 7cec3f48 00000000 81635100 00000000 005f417b 00000000 005f417b 00000000 0000006a 00000000 00000000 00000000 047716cf 00000000 005f41e5 00000000 00000000 00000000 00000000 00000039 008b3199 00000001 00000000 00000001 00000000 00000000 00000000 00000000 00000000 00000000 00000000 00000000 00000000 00000000 00000000 00000000 00000000 00000000 00000000 00000000 af5cbe98 00000001 81635115 00000000 00000000 00000000 00000000 00000000 00000101 00000081 00000000 00000000 00000000 00000000 00000000 00000000 00000000 00003333 00004ccd 00002667 00000001 00000000 01c9c380 0000027c
capture_snapshot GLI1 00010000 30000000 2500000 383 0 30000000 0 0 0 0 0 0 0 7cec3f48 00000000 816651c0 00000000 005f818b 00000000 005f818b 00000000 0000006a 00000000 00000000 00000000 047a178b 00000000 005f81f5 00000000 00000000 00000000 00000000 00000039 008b3199 00000001 00000000 00000001 00000000 00000000 00000000 00000000 00000000 00000000 00000000 00000000 00000000 00000000 00000000 00000000 00000000 00000000 00000000 00000000 af66c0f7 00000001 816651d1 00000000 00000000 00000000 00000000 00000000 00000101 00000081 00000000 00000000 00000000 00000000 00000000 00000000 00000000 00003333 00004ccd 00002667 00000001 00000000 01c9c380 0000027c
capture_snapshot GLI1 00010000 30000000 2500000 384 0 30000000 0 0 0 0 0 0 0 7cec3f48 00000000 81695124 00000000 005fc17e 00000000 005fc17e 00000000 0000006a 00000000 00000000 00000000 047d16f0 00000000 005fc1e8 00000000 00000000 00000000 00000000 00000039 008b3199 00000001 00000000 00000001 00000000 00000000 00000000 00000000 00000000 00000000 00000000 00000000 00000000 00000000 00000000 00000000 00000000 00000000 00000000 00000000 af70bedf 00000001 81695136 00000000 00000000 00000000 00000000 00000000 00000101 00000081 00000000 00000000 00000000 00000000 00000000 00000000 00000000 00003333 00004ccd 00002667 00000001 00000000 01c9c380 0000027c
capture_snapshot GLI1 00010000 30000000 2500000 385 0 30000000 0 0 0 0 0 0 0 7cec3f48 00000000 816c50f4 00000000 0060017a 00000000 0060017a 00000000 0000006a 00000000 00000000 00000000 048016bd 00000000 006001e4 00000000 00000000 00000000 00000000 00000039 008b3199 00000001 00000000 00000001 00000000 00000000 00000000 00000000 00000000 00000000 00000000 00000000 00000000 00000000 00000000 00000000 00000000 00000000 00000000 00000000 af7abe20 00000001 816c5103 00000000 00000000 00000000 00000000 00000000 00000100 00000080 00000000 00000000 00000000 00000000 00000000 00000000 00000000 00003333 00004ccd 00002667 00000001 00000000 01c9c380 0000027c
capture_snapshot GLI1 00010000 30000000 2500000 386 0 30000000 0 0 0 0 0 0 0 7cec3f48 00000000 816f5118 00000000 0060417d 00000000 0060417d 00000000 0000006a 00000000 00000000 00000000 048316e9 00000000 006041e7 00000000 00000000 00000000 00000000 00000039 008b3199 00000001 00000000 00000001 00000000 00000000 00000000 00000000 00000000 00000000 00000000 00000000 00000000 00000000 00000000 00000000 00000000 00000000 00000000 00000000 af84bea1 00000001 816f512f 00000000 00000000 00000000 00000000 00000000 00000101 00000081 00000000 00000000 00000000 00000000 00000000 00000000 00000000 00003333 00004ccd 00002667 00000001 00000000 01c9c380 0000027c
capture_snapshot GLI1 00010000 30000000 2500000 387 0 30000000 0 0 0 0 0 0 0 7cec3f48 00000000 8172510c 00000000 0060817c 00000000 0060817c 00000000 0000006a 00000000 00000000 00000000 048616dd 00000000 006081e6 00000000 00000000 00000000 00000000 00000039 008b3199 00000001 00000000 00000001 00000000 00000000 00000000 00000000 00000000 00000000 00000000 00000000 00000000 00000000 00000000 00000000 00000000 00000000 00000000 00000000 af8ebe67 00000001 81725123 00000000 00000000 00000000 00000000 00000000 00000100 00000080 00000000 00000000 00000000 00000000 00000000 00000000 00000000 00003333 00004ccd 00002667 00000001 00000000 01c9c380 0000027c
capture_snapshot GLI1 00010000 30000000 2500000 388 0 30000000 0 0 0 0 0 0 0 7cec3f48 00000000 81755118 00000000 0060c17d 00000000 0060c17d 00000000 0000006a 00000000 00000000 00000000 048916e5 00000000 0060c1e7 00000000 00000000 00000000 00000000 00000039 008b3199 00000001 00000000 00000001 00000000 00000000 00000000 00000000 00000000 00000000 00000000 00000000 00000000 00000000 00000000 00000000 00000000 00000000 00000000 00000000 af98be6c 00000001 8175512b 00000000 00000000 00000000 00000000 00000000 00000101 00000081 00000000 00000000 00000000 00000000 00000000 00000000 00000000 00003333 00004ccd 00002667 00000001 00000000 01c9c380 0000027c
capture_snapshot GLI1 00010000 30000000 2500000 389 0 30000000 0 0 0 0 0 0 0 7cec3f48 00000000 81785190 00000000 00610187 00000000 00610187 00000000 0000006a 00000000 00000000 00000000 048c1764 00000000 006101f1 00000000 00000000 00000000 00000000 00000039 008b3199 00000001 00000000 00000001 00000000 00000000 00000000 00000000 00000000 00000000 00000000 00000000 00000000 00000000 00000000 00000000 00000000 00000000 00000000 00000000 afa2bfff 00000001 817851aa 00000000 00000000 00000000 00000000 00000000 00000100 00000080 00000000 00000000 00000000 00000000 00000000 00000000 00000000 00003333 00004ccd 00002667 00000001 00000000 01c9c380 0000027c
capture_snapshot GLI1 00010000 30000000 2500000 390 0 30000000 0 0 0 0 0 0 0 7cec3f48 00000000 817b519c 00000000 00614188 00000000 00614188 00000000 0000006a 00000000 00000000 00000000 048f1769 00000000 006141f2 00000000 00000000 00000000 00000000 00000039 008b3199 00000001 00000000 00000001 00000000 00000000 00000000 00000000 00000000 00000000 00000000 00000000 00000000 00000000 00000000 00000000 00000000 00000000 00000000 00000000 afacbffd 00000001 817b51af 00000000 00000000 00000000 00000000 00000000 00000101 00000081 00000000 00000000 00000000 00000000 00000000 00000000 00000000 00003333 00004ccd 00002667 00000001 00000000 01c9c380 0000027c
capture_snapshot GLI1 00010000 30000000 2500000 391 0 30000000 0 0 0 0 0 0 0 7cec3f48 00000000 817e50a0 00000000 00618173 00000000 00618173 00000000 0000006a 00000000 00000000 00000000 0492166b 00000000 006181dd 00000000 00000000 00000000 00000000 00000039 008b3199 00000001 00000000 00000001 00000000 00000000 00000000 00000000 00000000 00000000 00000000 00000000 00000000 00000000 00000000 00000000 00000000 00000000 00000000 00000000 afb6bc9a 00000001 817e50b1 00000000 00000000 00000000 00000000 00000000 00000100 00000080 00000000 00000000 00000000 00000000 00000000 00000000 00000000 00003333 00004ccd 00002667 00000001 00000000 01c9c380 0000027c
capture_snapshot GLI1 00010000 30000000 2500000 392 0 30000000 0 0 0 0 0 0 0 7cec3f48 00000000 81815154 00000000 0061c182 00000000 0061c182 00000000 0000006a 00000000 00000000 00000000 04951720 00000000 0061c1ec 00000000 00000000 00000000 00000000 00000039 008b3199 00000001 00000000 00000001 00000000 00000000 00000000 00000000 00000000 00000000 00000000 00000000 00000000 00000000 00000000 00000000 00000000 00000000 00000000 00000000 afc0bee4 00000001 81815166 00000000 00000000 00000000 00000000 00000000 00000100 00000080 00000000 00000000 00000000 00000000 00000000 00000000 00000000 00003333 00004ccd 00002667 00000001 00000000 01c9c380 0000027c
capture_snapshot GLI1 00010000 30000000 2500000 393 0 30000000 0 0 0 0 0 0 0 7cec3f48 00000000 81845100 00000000 0062017b 00000000 0062017b 00000000 0000006a 00000000 00000000 00000000 049816c9 00000000 006201e5 00000000 00000000 00000000 00000000 00000039 008b3199 00000001 00000000 00000001 00000000 00000000 00000000 00000000 00000000 00000000 00000000 00000000 00000000 00000000 00000000 00000000 00000000 00000000 00000000 00000000 afcabdad 00000001 8184510f 00000000 00000000 00000000 00000000 00000000 00000101 00000080 00000000 00000000 00000000 00000000 00000000 00000000 00000000 00003333 00004ccd 00002667 00000001 00000000 01c9c380 0000027c
capture_snapshot GLI1 00010000 30000000 2500000 394 0 30000000 0 0 0 0 0 0 0 7cec3f48 00000000 818750a0 00000000 00624173 00000000 00624173 00000000 0000006a 00000000 00000000 00000000 049b166d 00000000 006241dd 00000000 00000000 00000000 00000000 00000039 008b3199 00000001 00000000 00000001 00000000 00000000 00000000 00000000 00000000 00000000 00000000 00000000 00000000 00000000 00000000 00000000 00000000 00000000 00000000 00000000 afd4bc67 00000001 818750b3 00000000 00000000 00000000 00000000 00000000 00000101 00000081 00000000 00000000 00000000 00000000 00000000 00000000 00000000 00003333 00004ccd 00002667 00000001 00000000 01c9c380 0000027c
capture_snapshot GLI1 00010000 30000000 2500000 395 0 30000000 0 0 0 0 0 0 0 7cec3f48 00000000 818a51fc 00000000 00628190 00000000 00628190 00000000 0000006a 00000000 00000000 00000000 049e17cf 00000000 006281fa 00000000 00000000 00000000 00000000 00000039 008b3199 00000001 00000000 00000001 00000000 00000000 00000000 00000000 00000000 00000000 00000000 00000000 00000000 00000000 00000000 00000000 00000000 00000000 00000000 00000000 afdec0f1 00000001 818a5215 00000000 00000000 00000000 00000000 00000000 00000100 00000080 00000000 00000000 00000000 00000000 00000000 00000000 00000000 00003333 00004ccd 00002667 00000001 00000000 01c9c380 0000027c
capture_snapshot GLI1 00010000 30000000 2500000 396 0 30000000 0 0 0 0 0 0 0 7cec3f48 00000000 818d51b4 00000000 0062c18a 00000000 0062c18a 00000000 0000006a 00000000 00000000 00000000 04a11780 00000000 0062c1f4 00000000 00000000 00000000 00000000 00000039 008b3199 00000001 00000000 00000001 00000000 00000000 00000000 00000000 00000000 00000000 00000000 00000000 00000000 00000000 00000000 00000000 00000000 00000000 00000000 00000000 afe8bfd4 00000001 818d51c6 00000000 00000000 00000000 00000000 00000000 00000101 00000080 00000000 00000000 00000000 00000000 00000000 00000000 00000000 00003333 00004ccd 00002667 00000001 00000000 01c9c380 0000027c
capture_snapshot GLI1 00010000 30000000 2500000 397 0 30000000 0 0 0 0 0 0 0 7cec3f48 00000000 81905154 00000000 00630182 00000000 00630182 00000000 0000006a 00000000 00000000 00000000 04a4171f 00000000 006301ec 00000000 00000000 00000000 00000000 00000039 008b3199 00000001 00000000 00000001 00000000 00000000 00000000 00000000 00000000 00000000 00000000 00000000 00000000 00000000 00000000 00000000 00000000 00000000 00000000 00000000 aff2be7e 00000001 81905165 00000000 00000000 00000000 00000000 00000000 00000101 00000081 00000000 00000000 00000000 00000000 00000000 00000000 00000000 00003333 00004ccd 00002667 00000001 00000000 01c9c380 0000027c
capture_snapshot GLI1 00010000 30000000 2500000 398 0 30000000 0 0 0 0 0 0 0 7cec3f48 00000000 81935220 00000000 00634193 00000000 00634193 00000000 0000006a 00000000 00000000 00000000 04a717ed 00000000 006341fd 00000000 00000000 00000000 00000000 00000039 008b3199 00000001 00000000 00000001 00000000 00000000 00000000 00000000 00000000 00000000 00000000 00000000 00000000 00000000 00000000 00000000 00000000 00000000 00000000 00000000 affcc11a 00000001 81935233 00000000 00000000 00000000 00000000 00000000 00000101 00000081 00000000 00000000 00000000 00000000 00000000 00000000 00000000 00003333 00004ccd 00002667 00000001 00000000 01c9c380 0000027c
capture_snapshot GLI1 00010000 30000000 2500000 399 0 30000000 0 0 0 0 0 0 0 7cec3f48 00000000 81965160 00000000 00638183 00000000 00638183 00000000 0000006a 00000000 00000000 00000000 04aa172c 00000000 006381ed 00000000 00000000 00000000 00000000 00000039 008b3199 00000001 00000000 00000001 00000000 00000000 00000000 00000000 00000000 00000000 00000000 00000000 00000000 00000000 00000000 00000000 00000000 00000000 00000000 00000000 b006be82 00000001 81965172 00000000 00000000 00000000 00000000 00000000 00000101 00000081 00000000 00000000 00000000 00000000 00000000 00000000 00000000 00003333 00004ccd 00002667 00000001 00000000 01c9c380 0000027c
capture_snapshot GLI1 00010000 30000000 2500000 400 0 30000000 0 0 0 0 0 0 0 7cec3f48 00000000 8199510c 00000000 0063c17c 00000000 0063c17c 00000000 0000006a 00000000 00000000 00000000 04ad16dd 00000000 0063c1e6 00000000 00000000 00000000 00000000 00000039 008b3199 00000001 00000000 00000001 00000000 00000000 00000000 00000000 00000000 00000000 00000000 00000000 00000000 00000000 00000000 00000000 00000000 00000000 00000000 00000000 b010bd66 00000001 81995123 00000000 00000000 00000000 00000000 00000000 00000100 00000080 00000000 00000000 00000000 00000000 00000000 00000000 00000000 00003333 00004ccd 00002667 00000001 00000000 01c9c380 0000027c
capture_snapshot GLI1 00010000 30000000 2500000 401 0 30000000 0 0 0 0 0 0 0 7cec3f48 00000000 819c5184 00000000 00640186 00000000 00640186 00000000 0000006a 00000000 00000000 00000000 04b01755 00000000 006401f0 00000000 00000000 00000000 00000000 00000039 008b3199 00000001 00000000 00000001 00000000 00000000 00000000 00000000 00000000 00000000 00000000 00000000 00000000 00000000 00000000 00000000 00000000 00000000 00000000 00000000 b01abee5 00000001 819c519b 00000000 00000000 00000000 00000000 00000000 00000100 00000081 00000000 00000000 00000000 00000000 00000000 00000000 00000000 00003333 00004ccd 00002667 00000001 00000000 01c9c380 0000027c
capture_snapshot GLI1 00010000 30000000 2500000 402 0 30000000 0 0 0 0 0 0 0 7cec3f48 00000000 819f57d8 00000000 0064420d 00000000 0064420d 00000000 0000006a 00000000 00000000 00000000 04b31da8 00000000 00644277 00000000 00000000 00000000 00000000 00000039 008b3199 00000001 00000000 00000001 00000000 00000000 00000000 00000000 00000000 00000000 00000000 00000000 00000000 00000000 00000000 00000000 00000000 00000000 00000000 00000000 b024d3e6 00000001 819f57ee 00000000 00000000 00000000 00000000 00000000 00000100 00000080 00000000 00000000 00000000 00000000 00000000 00000000 00000000 00003333 00004ccd 00002667 00000001 00000000 01c9c380 0000027c
capture_snapshot GLI1 00010000 30000000 2500000 403 0 30000000 0 0 0 0 0 0 0 7cec3f48 00000000 81a25184 00000000 00648186 00000000 00648186 00000000 0000006a 00000000 00000000 00000000 04b61757 00000000 006481f0 00000000 00000000 00000000 00000000 00000039 008b3199 00000001 00000000 00000001 00000000 00000000 00000000 00000000 00000000 00000000 00000000 00000000 00000000 00000000 00000000 00000000 00000000 00000000 00000000 00000000 b02ebec5 00000001 81a2519d 00000000 00000000 00000000 00000000 00000000 00000100 00000080 00000000 00000000 00000000 00000000 00000000 00000000 00000000 00003333 00004ccd 00002667 00000001 00000000 01c9c380 0000027c
capture_snapshot GLI1 00010000 30000000 2500000 404 0 30000000 0 0 0 0 0 0 0 7cec3f48 00000000 81a55178 00000000 0064c185 00000000 0064c185 00000000 0000006a 00000000 00000000 00000000 04b9174c 00000000 0064c1ef 00000000 00000000 00000000 00000000 00000039 008b3199 00000001 00000000 00000001 00000000 00000000 00000000 00000000 00000000 00000000 00000000 00000000 00000000 00000000 00000000 00000000 00000000 00000000 00000000 00000000 b038be8a 00000001 81a55192 00000000 00000000 00000000 00000000 00000000 00000100 00000080 00000000 00000000 00000000 00000000 00000000 00000000 00000000 00003333 00004ccd 00002667 00000001 00000000 01c9c380 0000027c
capture_snapshot GLI1 00010000 30000000 2500000 405 0 30000000 0 0 0 0 0 0 0 7cec3f48 00000000 81a85154 00000000 00650182 00000000 00650182 00000000 0000006a 00000000 00000000 00000000 04bc1721 00000000 006501ec 00000000 00000000 00000000 00000000 00000039 008b3199 00000001 00000000 00000001 00000000 00000000 00000000 00000000 00000000 00000000 00000000 00000000 00000000 00000000 00000000 00000000 00000000 00000000 00000000 00000000 b042bde8 00000001 81a85167 00000000 00000000 00000000 00000000 00000000 00000101 00000080 00000000 00000000 00000000 00000000 00000000 00000000 00000000 00003333 00004ccd 00002667 00000001 00000000 01c9c380 0000027c
capture_snapshot GLI1 00010000 30000000 2500000 406 0 30000000 0 0 0 0 0 0 0 7cec3f48 00000000 81ab51c0 00000000 0065418b 00000000 0065418b 00000000 0000006a 00000000 00000000 00000000 04bf178a 00000000 006541f5 00000000 00000000 00000000 00000000 00000039 008b3199 00000001 00000000 00000001 00000000 00000000 00000000 00000000 00000000 00000000 00000000 00000000 00000000 00000000 00000000 00000000 00000000 00000000 00000000 00000000 b04cbf34 00000001 81ab51d0 00000000 00000000 00000000 00000000 00000000 00000101 00000081 00000000 00000000 00000000 00000000 00000000 00000000 00000000 00003333 00004ccd 00002667 00000001 00000000 01c9c380 0000027c
capture_snapshot GLI1 00010000 30000000 2500000 407 0 30000000 0 0 0 0 0 0 0 7cec3f48 00000000 81ae5154 00000000 00658182 00000000 00658182 00000000 0000006a 00000000 00000000 00000000 04c21728 00000000 006581ec 00000000 00000000 00000000 00000000 00000039 008b3199 00000001 00000000 00000001 00000000 00000000 00000000 00000000 00000000 00000000 00000000 00000000 00000000 00000000 00000000 00000000 00000000 00000000 00000000 00000000 b056bdd8 00000001 81ae516e 00000000 00000000 00000000 00000000 00000000 00000101 00000080 00000000 00000000 00000000 00000000 00000000 00000000 00000000 00003333 00004ccd 00002667 00000001 00000000 01c9c380 0000027c
capture_snapshot GLI1 00010000 30000000 2500000 408 0 30000000 0 0 0 0 0 0 0 7cec3f48 00000000 81b150a0 00000000 0065c173 00000000 0065c173 00000000 0000006a 00000000 00000000 00000000 04c51673 00000000 0065c1dd 00000000 00000000 00000000 00000000 00000039 008b3199 00000001 00000000 00000001 00000000 00000000 00000000 00000000 00000000 00000000 00000000 00000000 00000000 00000000 00000000 00000000 00000000 00000000 00000000 00000000 b060bb6a 00000001 81b150b9 00000000 00000000 00000000 00000000 00000000 00000101 00000081 00000000 00000000 00000000 00000000 00000000 00000000 00000000 00003333 00004ccd 00002667 00000001 00000000 01c9c380 0000027c
capture_snapshot GLI1 00010000 30000000 2500000 409 0 30000000 0 0 0 0 0 0 0 7cec3f48 00000000 81b4513c 00000000 00660180 00000000 00660180 00000000 0000006a 00000000 00000000 00000000 04c81705 00000000 006601ea 00000000 00000000 00000000 00000000 00000039 008b3199 00000001 00000000 00000001 00000000 00000000 00000000 00000000 00000000 00000000 00000000 00000000 00000000 00000000 00000000 00000000 00000000 00000000 00000000 00000000 b06abd3f 00000001 81b4514b 00000000 00000000 00000000 00000000 00000000 00000100 00000080 00000000 00000000 00000000 00000000 00000000 00000000 00000000 00003333 00004ccd 00002667 00000001 00000000 01c9c380 0000027c
capture_snapshot GLI1 00010000 30000000 2500000 410 0 30000000 0 0 0 0 0 0 0 7cec3f48 00000000 81b7516c 00000000 00664184 00000000 00664184 00000000 0000006a 00000000 00000000 00000000 04cb1738 00000000 006641ee 00000000 00000000 00000000 00000000 00000039 008b3199 00000001 00000000 00000001 00000000 00000000 00000000 00000000 00000000 00000000 00000000 00000000 00000000 00000000 00000000 00000000 00000000 00000000 00000000 00000000 b074bdd5 00000001 81b7517e 00000000 00000000 00000000 00000000 00000000 00000100 00000080 00000000 00000000 00000000 00000000 00000000 00000000 00000000 00003333 00004ccd 00002667 00000001 00000000 01c9c380 0000027c
capture_snapshot GLI1 00010000 30000000 2500000 411 0 30000000 0 0 0 0 0 0 0 7cec3f48 00000000 81ba50e8 00000000 00668179 00000000 00668179 00000000 0000006a 00000000 00000000 00000000 04ce16b5 00000000 006681e3 00000000 00000000 00000000 00000000 00000039 008b3199 00000001 00000000 00000001 00000000 00000000 00000000 00000000 00000000 00000000 00000000 00000000 00000000 00000000 00000000 00000000 00000000 00000000 00000000 00000000 b07ebc0c 00000001 81ba50fb 00000000 00000000 00000000 00000000 00000000 00000101 00000081 00000000 00000000 00000000 00000000 00000000 00000000 00000000 00003333 00004ccd 00002667 00000001 00000000 01c9c380 0000027c
capture_snapshot GLI1 00010000 30000000 2500000 412 0 30000000 0 0 0 0 0 0 0 7cec3f48 00000000 81bd510c 00000000 0066c17c 00000000 0066c17c 00000000 0000006a 00000000 00000000 00000000 04d116de 00000000 0066c1e6 00000000 00000000 00000000 00000000 00000039 008b3199 00000001 00000000 00000001 00000000 00000000 00000000 00000000 00000000 00000000 00000000 00000000 00000000 00000000 00000000 00000000 00000000 00000000 00000000 00000000 b088bc80 00000001 81bd5124 00000000 00000000 00000000 00000000 00000000 00000101 00000080 00000000 00000000 00000000 00000000 00000000 00000000 00000000 00003333 00004ccd 00002667 00000001 00000000 01c9c380 0000027c
capture_snapshot GLI1 00010000 30000000 2500000 413 0 30000000 0 0 0 0 0 0 0 7cec3f48 00000000 81c051a8 00000000 00670189 00000000 00670189 00000000 0000006a 00000000 00000000 00000000 04d41771 00000000 006701f3 00000000 00000000 00000000 00000000 00000039 008b3199 00000001 00000000 00000001 00000000 00000000 00000000 00000000 00000000 00000000 00000000 00000000 00000000 00000000 00000000 00000000 00000000 00000000 00000000 00000000 b092be58 00000001 81c051b7 00000000 00000000 00000000 00000000 00000000 00000101 00000081 00000000 00000000 00000000 00000000 00000000 00000000 00000000 00003333 00004ccd 00002667 00000001 00000000 01c9c380 0000027c
capture_snapshot GLI1 00010000 30000000 2500000 414 0 30000000 0 0 0 0 0 0 0 7cec3f48 00000000 81c35154 00000000 00674182 00000000 00674182 00000000 0000006a 00000000 00000000 00000000 04d71725 00000000 006741ec 00000000 00000000 00000000 00000000 00000039 008b3199 00000001 00000000 00000001 00000000 00000000 00000000 00000000 00000000 00000000 00000000 00000000 00000000 00000000 00000000 00000000 00000000 00000000 00000000 00000000 b09cbd47 00000001 81c3516b 00000000 00000000 00000000 00000000 00000000 00000101 00000081 00000000 00000000 00000000 00000000 00000000 00000000 00000000 00003333 00004ccd 00002667 00000001 00000000 01c9c380 0000027c
capture_snapshot GLI1 00010000 30000000 2500000 415 0 30000000 0 0 0 0 0 0 0 7cec3f48 00000000 81c6525c 00000000 00678198 00000000 00678198 00000000 0000006a 00000000 00000000 00000000 04da1828 00000000 00678202 00000000 00000000 00000000 00000000 00000039 008b3199 00000001 00000000 00000001 00000000 00000000 00000000 00000000 00000000 00000000 00000000 00000000 00000000 00000000 00000000 00000000 00000000 00000000 00000000 00000000 b0a6c093 00000001 81c6526e 00000000 00000000 00000000 00000000 00000000 00000101 00000080 00000000 00000000 00000000 00000000 00000000 00000000 00000000 00003333 00004ccd 00002667 00000001 00000000 01c9c380 0000027c
capture_snapshot GLI1 00010000 30000000 2500000 416 0 30000000 0 0 0 0 0 0 0 7cec3f48 00000000 81c95160 00000000 0067c183 00000000 0067c183 00000000 0000006a 00000000 00000000 00000000 04dd1734 00000000 0067c1ed 00000000 00000000 00000000 00000000 00000039 008b3199 00000001 00000000 00000001 00000000 00000000 00000000 00000000 00000000 00000000 00000000 00000000 00000000 00000000 00000000 00000000 00000000 00000000 00000000 00000000 b0b0bd50 00000001 81c9517a 00000000 00000000 00000000 00000000 00000000 00000100 00000080 00000000 00000000 00000000 00000000 00000000 00000000 00000000 00003333 00004ccd 00002667 00000001 00000000 01c9c380 0000027c
capture_snapshot GLI1 00010000 30000000 2500000 417 0 30000000 0 0 0 0 0 0 0 7cec3f48 00000000 81cc510c 00000000 0068017c 00000000 0068017c 00000000 0000006a 00000000 00000000 00000000 04e016dd 00000000 006801e6 00000000 00000000 00000000 00000000 00000039 008b3199 00000001 00000000 00000001 00000000 00000000 00000000 00000000 00000000 00000000 00000000 00000000 00000000 00000000 00000000 00000000 00000000 00000000 00000000 00000000 b0babc1b 00000001 81cc5123 00000000 00000000 00000000 00000000 00000000 00000101 00000080 00000000 00000000 00000000 00000000 00000000 00000000 00000000 00003333 00004ccd 00002667 00000001 00000000 01c9c380 0000027c
capture_snapshot GLI1 00010000 30000000 2500000 418 0 30000000 0 0 0 0 0 0 0 7cec3f48 00000000 81cf510c 00000000 0068417c 00000000 0068417c 00000000 0000006a 00000000 00000000 00000000 04e316dd 00000000 006841e6 00000000 00000000 00000000 00000000 00000039 008b3199 00000001 00000000 00000001 00000000 00000000 00000000 00000000 00000000 00000000 00000000 00000000 00000000 00000000 00000000 00000000 00000000 00000000 00000000 00000000 b0c4bc07 00000001 81cf5123 00000000 00000000 00000000 00000000 00000000 00000100 00000080 00000000 00000000 00000000 00000000 00000000 00000000 00000000 00003333 00004ccd 00002667 00000001 00000000 01c9c380 0000027c
capture_snapshot GLI1 00010000 30000000 2500000 419 0 30000000 0 0 0 0 0 0 0 7cec3f48 00000000 81d251b4 00000000 0068818a 00000000 0068818a 00000000 0000006a 00000000 00000000 00000000 04e61784 00000000 006881f4 00000000 00000000 00000000 00000000 00000039 008b3199 00000001 00000000 00000001 00000000 00000000 00000000 00000000 00000000 00000000 00000000 00000000 00000000 00000000 00000000 00000000 00000000 00000000 00000000 00000000 b0cebe20 00000001 81d251ca 00000000 00000000 00000000 00000000 00000000 00000100 00000080 00000000 00000000 00000000 00000000 00000000 00000000 00000000 00003333 00004ccd 00002667 00000001 00000000 01c9c380 0000027c
capture_snapshot GLI1 00010000 30000000 2500000 420 0 30000000 0 0 0 0 0 0 0 7cec3f48 00000000 81d55124 00000000 0068c17e 00000000 0068c17e 00000000 0000006a 00000000 00000000 00000000 04e916f1 00000000 0068c1e8 00000000 00000000 00000000 00000000 00000039 008b3199 00000001 00000000 00000001 00000000 00000000 00000000 00000000 00000000 00000000 00000000 00000000 00000000 00000000 00000000 00000000 00000000 00000000 00000000 00000000 b0d8bc24 00000001 81d55137 00000000 00000000 00000000 00000000 00000000 00000101 00000081 00000000 00000000 00000000 00000000 00000000 00000000 00000000 00003333 00004ccd 00002667 00000001 00000000 01c9c380 0000027c
capture_snapshot GLI1 00010000 30000000 2500000 421 0 30000000 0 0 0 0 0 0 0 7cec3f48 00000000 81d8513c 00000000 00690180 00000000 00690180 00000000 0000006a 00000000 00000000 00000000 04ec170c 00000000 006901ea 00000000 00000000 00000000 00000000 00000039 008b3199 00000001 00000000 00000001 00000000 00000000 00000000 00000000 00000000 00000000 00000000 00000000 00000000 00000000 00000000 00000000 00000000 00000000 00000000 00000000 b0e2bc6a 00000001 81d85152 00000000 00000000 00000000 00000000 00000000 00000101 00000080 00000000 00000000 00000000 00000000 00000000 00000000 00000000 00003333 00004ccd 00002667 00000001 00000000 01c9c380 0000027c
capture_snapshot GLI1 00010000 30000000 2500000 422 0 30000000 0 0 0 0 0 0 0 7cec3f48 00000000 81db51f0 00000000 0069418f 00000000 0069418f 00000000 0000006a 00000000 00000000 00000000 04ef17c0 00000000 006941f9 00000000 00000000 00000000 00000000 00000039 008b3199 00000001 00000000 00000001 00000000 00000000 00000000 00000000 00000000 00000000 00000000 00000000 00000000 00000000 00000000 00000000 00000000 00000000 00000000 00000000 b0ecbeaf 00000001 81db5206 00000000 00000000 00000000 00000000 00000000 00000101 00000081 00000000 00000000 00000000 00000000 00000000 00000000 00000000 00003333 00004ccd 00002667 00000001 00000000 01c9c380 0000027c
capture_snapshot GLI1 00010000 30000000 2500000 423 0 30000000 0 0 0 0 0 0 0 7cec3f48 00000000 81de5130 00000000 0069817f 00000000 0069817f 00000000 0000006a 00000000 00000000 00000000 04f216ff 00000000 006981e9 00000000 00000000 00000000 00000000 00000039 008b3199 00000001 00000000 00000001 00000000 00000000 00000000 00000000 00000000 00000000 00000000 00000000 00000000 00000000 00000000 00000000 00000000 00000000 00000000 00000000 b0f6bc17 00000001 81de5145 00000000 00000000 00000000 00000000 00000000 00000101 00000080 00000000 00000000 00000000 00000000 00000000 00000000 00000000 00003333 00004ccd 00002667 00000001 00000000 01c9c380 0000027c
capture_snapshot GLI1 00010000 30000000 2500000 424 0 30000000 0 0 0 0 0 0 0 7cec3f48 00000000 81e15178 00000000 0069c185 00000000 0069c185 00000000 0000006a 00000000 00000000 00000000 04f51742 00000000 0069c1ef 00000000 00000000 00000000 00000000 00000039 008b3199 00000001 00000000 00000001 00000000 00000000 00000000 00000000 00000000 00000000 00000000 00000000 00000000 00000000 00000000 00000000 00000000 00000000 00000000 00000000 b100bce3 00000001 81e15188 00000000 00000000 00000000 00000000 00000000 00000101 00000080 00000000 00000000 00000000 00000000 00000000 00000000 00000000 00003333 00004ccd 00002667 00000001 00000000 01c9c380 0000027c
capture_snapshot GLI1 00010000 30000000 2500000 425 0 30000000 0 0 0 0 0 0 0 7cec3f48 00000000 81e45124 00000000 006a017e 00000000 006a017e 00000000 0000006a 00000000 00000000 00000000 04f816f4 00000000 006a01e8 00000000 00000000 00000000 00000000 00000039 008b3199 00000001 00000000 00000001 00000000 00000000 00000000 00000000 00000000 00000000 00000000 00000000 00000000 00000000 00000000 00000000 00000000 00000000 00000000 00000000 b10abbcd 00000001 81e4513a 00000000 00000000 00000000 00000000 00000000 00000101 00000080 00000000 00000000 00000000 00000000 00000000 00000000 00000000 00003333 00004ccd 00002667 00000001 00000000 01c9c380 0000027c
capture_snapshot GLI1 00010000 30000000 2500000 426 0 30000000 0 0 0 0 0 0 0 7cec3f48 00000000 81e7516c 00000000 006a4184 00000000 006a4184 00000000 0000006a 00000000 00000000 00000000 04fb1738 00000000 006a41ee 00000000 00000000 00000000 00000000 00000039 008b3199 00000001 00000000 00000001 00000000 00000000 00000000 00000000 00000000 00000000 00000000 00000000 00000000 00000000 00000000 00000000 00000000 00000000 00000000 00000000 b114bc9a 00000001 81e7517e 00000000 00000000 00000000 00000000 00000000 00000100 00000080 00000000 00000000 00000000 00000000 00000000 00000000 00000000 00003333 00004ccd 00002667 00000001 00000000 01c9c380 0000027c
capture_snapshot GLI1 00010000 30000000 2500000 427 0 30000000 0 0 0 0 0 0 0 7cec3f48 00000000 81ea5124 00000000 006a817e 00000000 006a817e 00000000 0000006a 00000000 00000000 00000000 04fe16f0 00000000 006a81e8 00000000 00000000 00000000 00000000 00000039 008b3199 00000001 00000000 00000001 00000000 00000000 00000000 00000000 00000000 00000000 00000000 00000000 00000000 00000000 00000000 00000000 00000000 00000000 00000000 00000000 b11ebb98 00000001 81ea5136 00000000 00000000 00000000 00000000 00000000 00000101 00000081 00000000 00000000 00000000 00000000 00000000 00000000 00000000 00003333 00004ccd 00002667 00000001 00000000 01c9c380 0000027c
capture_snapshot GLI1 00010000 30000000 2500000 428 0 30000000 0 0 0 0 0 0 0 7cec3f48 00000000 81ed5130 00000000 006ac17f 00000000 006ac17f 00000000 0000006a 00000000 00000000 00000000 050116fa 00000000 006ac1e9 00000000 00000000 00000000 00000000 00000039 008b3199 00000001 00000000 00000001 00000000 00000000 00000000 00000000 00000000 00000000 00000000 00000000 00000000 00000000 00000000 00000000 00000000 00000000 00000000 00000000 b128bba6 00000001 81ed5140 00000000 00000000 00000000 00000000 00000000 00000101 00000081 00000000 00000000 00000000 00000000 00000000 00000000 00000000 00003333 00004ccd 00002667 00000001 00000000 01c9c380 0000027c
capture_snapshot GLI1 00010000 30000000 2500000 429 0 30000000 0 0 0 0 0 0 0 7cec3f48 00000000 81f050dc 00000000 006b0178 00000000 006b0178 00000000 0000006a 00000000 00000000 00000000 050416a9 00000000 006b01e2 00000000 00000000 00000000 00000000 00000039 008b3199 00000001 00000000 00000001 00000000 00000000 00000000 00000000 00000000 00000000 00000000 00000000 00000000 00000000 00000000 00000000 00000000 00000000 00000000 00000000 b132ba84 00000001 81f050ef 00000000 00000000 00000000 00000000 00000000 00000101 00000081 00000000 00000000 00000000 00000000 00000000 00000000 00000000 00003333 00004ccd 00002667 00000001 00000000 01c9c380 0000027c
capture_snapshot GLI1 00010000 30000000 2500000 430 0 30000000 0 0 0 0 0 0 0 7cec3f48 00000000 81f3516c 00000000 006b4184 00000000 006b4184 00000000 0000006a 00000000 00000000 00000000 05071738 00000000 006b41ee 00000000 00000000 00000000 00000000 00000039 008b3199 00000001 00000000 00000001 00000000 00000000 00000000 00000000 00000000 00000000 00000000 00000000 00000000 00000000 00000000 00000000 00000000 00000000 00000000 00000000 b13cbc4e 00000001 81f3517e 00000000 00000000 00000000 00000000 00000000 00000101 00000081 00000000 00000000 00000000 00000000 00000000 00000000 00000000 00003333 00004ccd 00002667 00000001 00000000 01c9c380 0000027c
capture_snapshot GLI1 00010000 30000000 2500000 431 0 30000000 0 0 0 0 0 0 0 7cec3f48 00000000 81f651b4 00000000 006b818a 00000000 006b818a 00000000 0000006a 00000000 00000000 00000000 050a177e 00000000 006b81f4 00000000 00000000 00000000 00000000 00000039 008b3199 00000001 00000000 00000001 00000000 00000000 00000000 00000000 00000000 00000000 00000000 00000000 00000000 00000000 00000000 00000000 00000000 00000000 00000000 00000000 b146bd25 00000001 81f651c4 00000000 00000000 00000000 00000000 00000000 00000100 00000080 00000000 00000000 00000000 00000000 00000000 00000000 00000000 00003333 00004ccd 00002667 00000001 00000000 01c9c380 0000027c
capture_snapshot GLI1 00010000 30000000 2500000 432 0 30000000 0 0 0 0 0 0 0 7cec3f48 00000000 81f950b8 00000000 006bc175 00000000 006bc175 00000000 0000006a 00000000 00000000 00000000 050d1681 00000000 006bc1df 00000000 00000000 00000000 00000000 00000039 008b3199 00000001 00000000 00000001 00000000 00000000 00000000 00000000 00000000 00000000 00000000 00000000 00000000 00000000 00000000 00000000 00000000 00000000 00000000 00000000 b150b9c5 00000001 81f950c7 00000000 00000000 00000000 00000000 00000000 00000101 00000081 00000000 00000000 00000000 00000000 00000000 00000000 00000000 00003333 00004ccd 00002667 00000001 00000000 01c9c380 0000027c
capture_snapshot GLI1 00010000 30000000 2500000 433 0 30000000 0 0 0 0 0 0 0 7cec3f48 00000000 81fc51cc 00000000 006c018c 00000000 006c018c 00000000 0000006a 00000000 00000000 00000000 05101799 00000000 006c01f6 00000000 00000000 00000000 00000000 00000039 008b3199 00000001 00000000 00000001 00000000 00000000 00000000 00000000 00000000 00000000 00000000 00000000 00000000 00000000 00000000 00000000 00000000 00000000 00000000 00000000 b15abd55 00000001 81fc51df 00000000 00000000 00000000 00000000 00000000 00000100 00000080 00000000 00000000 00000000 00000000 00000000 00000000 00000000 00003333 00004ccd 00002667 00000001 00000000 01c9c380 0000027c
capture_snapshot GLI1 00010000 30000000 2500000 434 0 30000000 0 0 0 0 0 0 0 7cec3f48 00000000 81ff5148 00000000 006c4181 00000000 006c4181 00000000 0000006a 00000000 00000000 00000000 05131716 00000000 006c41eb 00000000 00000000 00000000 00000000 00000039 008b3199 00000001 00000000 00000001 00000000 00000000 00000000 00000000 00000000 00000000 00000000 00000000 00000000 00000000 00000000 00000000 00000000 00000000 00000000 00000000 b164bb90 00000001 81ff515c 00000000 00000000 00000000 00000000 00000000 00000100 00000080 00000000 00000000 00000000 00000000 00000000 00000000 00000000 00003333 00004ccd 00002667 00000001 00000000 01c9c380 0000027c
capture_snapshot GLI1 00010000 30000000 2500000 435 0 30000000 0 0 0 0 0 0 0 7cec3f48 00000000 820251d8 00000000 006c818d 00000000 006c818d 00000000 0000006a 00000000 00000000 00000000 051617a3 00000000 006c81f7 00000000 00000000 00000000 00000000 00000039 008b3199 00000001 00000000 00000001 00000000 00000000 00000000 00000000 00000000 00000000 00000000 00000000 00000000 00000000 00000000 00000000 00000000 00000000 00000000 00000000 b16ebd52 00000001 820251e9 00000000 00000000 00000000 00000000 00000000 00000100 00000080 00000000 00000000 00000000 00000000 00000000 00000000 00000000 00003333 00004ccd 00002667 00000001 00000000 01c9c380 0000027c
capture_snapshot GLI1 00010000 30000000 2500000 436 0 30000000 0 0 0 0 0 0 0 7cec3f48 00000000 82055208 00000000 006cc191 00000000 006cc191 00000000 0000006a 00000000 00000000 00000000 051917d5 00000000 006cc1fb 00000000 00000000 00000000 00000000 00000039 008b3199 00000001 00000000 00000001 00000000 00000000 00000000 00000000 00000000 00000000 00000000 00000000 00000000 00000000 00000000 00000000 00000000 00000000 00000000 00000000 b178bde4 00000001 8205521b 00000000 00000000 00000000 00000000 00000000 00000101 00000081 00000000 00000000 00000000 00000000 00000000 00000000 00000000 00003333 00004ccd 00002667 00000001 00000000 01c9c380 0000027c
capture_snapshot GLI1 00010000 30000000 2500000 437 0 30000000 0 0 0 0 0 0 0 7cec3f48 00000000 82085310 00000000 006d01a7 00000000 006d01a7 00000000 0000006a 00000000 00000000 00000000 051c18df 00000000 006d0211 00000000 00000000 00000000 00000000 00000039 008b3199 00000001 00000000 00000001 00000000 00000000 00000000 00000000 00000000 00000000 00000000 00000000 00000000 00000000 00000000 00000000 00000000 00000000 00000000 00000000 b182c146 00000001 82085325 00000000 00000000 00000000 00000000 00000000 00000101 00000080 00000000 00000000 00000000 00000000 00000000 00000000 00000000 00003333 00004ccd 00002667 00000001 00000000 01c9c380 0000027c
capture_snapshot GLI1 00010000 30000000 2500000 438 0 30000000 0 0 0 0 0 0 0 7cec3f48 00000000 820b5124 00000000 006d417e 00000000 006d417e 00000000 0000006a 00000000 00000000 00000000 051f16ee 00000000 006d41e8 00000000 00000000 00000000 00000000 00000039 008b3199 00000001 00000000 00000001 00000000 00000000 00000000 00000000 00000000 00000000 00000000 00000000 00000000 00000000 00000000 00000000 00000000 00000000 00000000 00000000 b18cbabc 00000001 820b5134 00000000 00000000 00000000 00000000 00000000 00000100 00000080 00000000 00000000 00000000 00000000 00000000 00000000 00000000 00003333 00004ccd 00002667 00000001 00000000 01c9c380 0000027c
capture_snapshot GLI1 00010000 30000000 2500000 439 0 30000000 0 0 0 0 0 0 0 7cec3f48 00000000 820e516c 00000000 006d8184 00000000 006d8184 00000000 0000006a 00000000 00000000 00000000 0522173b 00000000 006d81ee 00000000 00000000 00000000 00000000 00000039 008b3199 00000001 00000000 00000001 00000000 00000000 00000000 00000000 00000000 00000000 00000000 00000000 00000000 00000000 00000000 00000000 00000000 00000000 00000000 00000000 b196bba7 00000001 820e5181 00000000 00000000 00000000 00000000 00000000 00000101 00000080 00000000 00000000 00000000 00000000 00000000 00000000 00000000 00003333 00004ccd 00002667 00000001 00000000 01c9c380 0000027c
capture_snapshot GLI1 00010000 30000000 2500000 440 0 30000000 0 0 0 0 0 0 0 7cec3f48 00000000 821150b8 00000000 006dc175 00000000 006dc175 00000000 0000006a 00000000 00000000 00000000 05251685 00000000 006dc1df 00000000 00000000 00000000 00000000 00000039 008b3199 00000001 00000000 00000001 00000000 00000000 00000000 00000000 00000000 00000000 00000000 00000000 00000000 00000000 00000000 00000000 00000000 00000000 00000000 00000000 b1a0b937 00000001 821150cb 00000000 00000000 00000000 00000000 00000000 00000100 00000080 00000000 00000000 00000000 00000000 00000000 00000000 00000000 00003333 00004ccd 00002667 00000001 00000000 01c9c380 0000027c
capture_snapshot GLI1 00010000 30000000 2500000 441 0 30000000 0 0 0 0 0 0 0 7cec3f48 00000000 82145148 00000000 006e0181 00000000 006e0181 00000000 0000006a 00000000 00000000 00000000 05281717 00000000 006e01eb 00000000 00000000 00000000 00000000 00000039 008b3199 00000001 00000000 00000001 00000000 00000000 00000000 00000000 00000000 00000000 00000000 00000000 00000000 00000000 00000000 00000000 00000000 00000000 00000000 00000000 b1aabb09 00000001 8214515d 00000000 00000000 00000000 00000000 00000000 00000101 00000081 00000000 00000000 00000000 00000000 00000000 00000000 00000000 00003333 00004ccd 00002667 00000001 00000000 01c9c380 0000027c
capture_snapshot GLI1 00010000 30000000 2500000 442 0 30000000 0 0 0 0 0 0 0 7cec3f48 00000000 82175100 00000000 006e417b 00000000 006e417b 00000000 0000006a 00000000 00000000 00000000 052b16cd 00000000 006e41e5 00000000 00000000 00000000 00000000 00000039 008b3199 00000001 00000000 00000001 00000000 00000000 00000000 00000000 00000000 00000000 00000000 00000000 00000000 00000000 00000000 00000000 00000000 00000000 00000000 00000000 b1b4ba00 00000001 82175113 00000000 00000000 00000000 00000000 00000000 00000100 00000080 00000000 00000000 00000000 00000000 00000000 00000000 00000000 00003333 00004ccd 00002667 00000001 00000000 01c9c380 0000027c
capture_snapshot GLI1 00010000 30000000 2500000 443 0 30000000 0 0 0 0 0 0 0 7cec3f48 00000000 821a5118 00000000 006e817d 00000000 006e817d 00000000 0000006a 00000000 00000000 00000000 052e16ec 00000000 006e81e7 00000000 00000000 00000000 00000000 00000039 008b3199 00000001 00000000 00000001 00000000 00000000 00000000 00000000 00000000 00000000 00000000 00000000 00000000 00000000 00000000 00000000 00000000 00000000 00000000 00000000 b1beba51 00000001 821a5132 00000000 00000000 00000000 00000000 00000000 00000100 00000080 00000000 00000000 00000000 00000000 00000000 00000000 00000000 00003333 00004ccd 00002667 00000001 00000000 01c9c380 0000027c
capture_snapshot GLI1 00010000 30000000 2500000 444 0 30000000 0 0 0 0 0 0 0 7cec3f48 00000000 821d51c0 00000000 006ec18b 00000000 006ec18b 00000000 0000006a 00000000 00000000 00000000 05311794 00000000 006ec1f5 00000000 00000000 00000000 00000000 00000039 008b3199 00000001 00000000 00000001 00000000 00000000 00000000 00000000 00000000 00000000 00000000 00000000 00000000 00000000 00000000 00000000 00000000 00000000 00000000 00000000 b1c8bc6e 00000001 821d51da 00000000 00000000 00000000 00000000 00000000 00000101 00000080 00000000 00000000 00000000 00000000 00000000 00000000 00000000 00003333 00004ccd 00002667 00000001 00000000 01c9c380 0000027c
capture_snapshot GLI1 00010000 30000000 2500000 445 0 30000000 0 0 0 0 0 0 0 7cec3f48 00000000 82205118 00000000 006f017d 00000000 006f017d 00000000 0000006a 00000000 00000000 00000000 053416e6 00000000 006f01e7 00000000 00000000 00000000 00000000 00000039 008b3199 00000001 00000000 00000001 00000000 00000000 00000000 00000000 00000000 00000000 00000000 00000000 00000000 00000000 00000000 00000000 00000000 00000000 00000000 00000000 b1d2ba18 00000001 8220512c 00000000 00000000 00000000 00000000 00000000 00000101 00000081 00000000 00000000 00000000 00000000 00000000 00000000 00000000 00003333 00004ccd 00002667 00000001 00000000 01c9c380 0000027c
capture_snapshot GLI1 00010000 30000000 2500000 446 0 30000000 0 0 0 0 0 0 0 7cec3f48 00000000 822350e8 00000000 006f4179 00000000 006f4179 00000000 0000006a 00000000 00000000 00000000 053716b7 00000000 006f41e3 00000000 00000000 00000000 00000000 00000039 008b3199 00000001 00000000 00000001 00000000 00000000 00000000 00000000 00000000 00000000 00000000 00000000 00000000 00000000 00000000 00000000 00000000 00000000 00000000 00000000 b1dcb968 00000001 822350fd 00000000 00000000 00000000 00000000 00000000 00000101 00000080 00000000 00000000 00000000 00000000 00000000 00000000 00000000 00003333 00004ccd 00002667 00000001 00000000 01c9c380 0000027c
capture_snapshot GLI1 00010000 30000000 2500000 447 0 30000000 0 0 0 0 0 0 0 7cec3f48 00000000 82265160 00000000 006f8183 00000000 006f8183 00000000 0000006a 00000000 00000000 00000000 053a1729 00000000 006f81ed 00000000 00000000 00000000 00000000 00000039 008b3199 00000001 00000000 00000001 00000000 00000000 00000000 00000000 00000000 00000000 00000000 00000000 00000000 00000000 00000000 00000000 00000000 00000000 00000000 00000000 b1e6bacf 00000001 8226516f 00000000 00000000 00000000 00000000 00000000 00000101 00000080 00000000 00000000 00000000 00000000 00000000 00000000 00000000 00003333 00004ccd 00002667 00000001 00000000 01c9c380 0000027c
capture_snapshot GLI1 00010000 30000000 2500000 448 0 30000000 0 0 0 0 0 0 0 7cec3f48 00000000 82295190 00000000 006fc187 00000000 006fc187 00000000 0000006a 00000000 00000000 00000000 053d1761 00000000 006fc1f1 00000000 00000000 00000000 00000000 00000039 008b3199 00000001 00000000 00000001 00000000 00000000 00000000 00000000 00000000 00000000 00000000 00000000 00000000 00000000 00000000 00000000 00000000 00000000 00000000 00000000 b1f0bb76 00000001 822951a7 00000000 00000000 00000000 00000000 00000000 00000101 00000080 00000000 00000000 00000000 00000000 00000000 00000000 00000000 00003333 00004ccd 00002667 00000001 00000000 01c9c380 0000027c
capture_snapshot GLI1 00010000 30000000 2500000 449 0 30000000 0 0 0 0 0 0 0 7cec3f48 00000000 822c56dc 00000000 007001f8 00000000 007001f8 00000000 0000006a 00000000 00000000 00000000 05401ca7 00000000 00700262 00000000 00000000 00000000 00000000 00000039 008b3199 00000001 00000000 00000001 00000000 00000000 00000000 00000000 00000000 00000000 00000000 00000000 00000000 00000000 00000000 00000000 00000000 00000000 00000000 00000000 b1faccf8 00000001 822c56ed 00000000 00000000 00000000 00000000 00000000 00000101 00000080 00000000 00000000 00000000 00000000 00000000 00000000 00000000 00003333 00004ccd 00002667 00000001 00000000 01c9c380 0000027c
capture_snapshot GLI1 00010000 30000000 2500000 450 0 30000000 0 0 0 0 0 0 0 7cec3f48 00000000 822f57cc 00000000 0070420c 00000000 0070420c 00000000 0000006a 00000000 00000000 00000000 05431d9c 00000000 00704276 00000000 00000000 00000000 00000000 00000039 008b3199 00000001 00000000 00000001 00000000 00000000 00000000 00000000 00000000 00000000 00000000 00000000 00000000 00000000 00000000 00000000 00000000 00000000 00000000 00000000 b204d015 00000001 822f57e2 00000000 00000000 00000000 00000000 00000000 00000101 00000081 00000000 00000000 00000000 00000000 00000000 00000000 00000000 00003333 00004ccd 00002667 00000001 00000000 01c9c380 0000027c
capture_snapshot GLI1 00010000 30000000 2500000 451 0 30000000 0 0 0 0 0 0 0 7cec3f48 00000000 8232552c 00000000 007081d4 00000000 007081d4 00000000 0000006a 00000000 00000000 00000000 05461afc 00000000 0070823e 00000000 00000000 00000000 00000000 00000039 008b3199 00000001 00000000 00000001 00000000 00000000 00000000 00000000 00000000 00000000 00000000 00000000 00000000 00000000 00000000 00000000 00000000 00000000 00000000 00000000 b20ec740 00000001 82325542 00000000 00000000 00000000 00000000 00000000 00000101 00000080 00000000 00000000 00000000 00000000 00000000 00000000 00000000 00003333 00004ccd 00002667 00000001 00000000 01c9c380 0000027c
capture_snapshot GLI1 00010000 30000000 2500000 452 0 30000000 0 0 0 0 0 0 0 7cec3f48 00000000 8235513c 00000000 0070c180 00000000 0070c180 00000000 0000006a 00000000 00000000 00000000 0549170e 00000000 0070c1ea 00000000 00000000 00000000 00000000 00000039 008b3199 00000001 00000000 00000001 00000000 00000000 00000000 00000000 00000000 00000000 00000000 00000000 00000000 00000000 00000000 00000000 00000000 00000000 00000000 00000000 b218ba14 00000001 82355154 00000000 00000000 00000000 00000000 00000000 00000101 00000081 00000000 00000000 00000000 00000000 00000000 00000000 00000000 00003333 00004ccd 00002667 00000001 00000000 01c9c380 0000027c
capture_snapshot GLI1 00010000 30000000 2500000 453 0 30000000 0 0 0 0 0 0 0 7cec3f48 00000000 8238516c 00000000 00710184 00000000 00710183 00000000 0000006a 00000000 00000000 00000000 054c1734 00000000 007101ee 00000000 00000000 00000000 00000000 0000003b 008b3199 00000001 00000001 00000001 00000000 00000000 00000000 00000000 00000000 00000000 00000000 00000000 00000000 00000000 00000000 00000000 00000000 00000000 00000000 00000000 b222ba80 00000001 8238517a 00000000 00000000 00000000 00000000 00000000 00000101 00000080 00000000 00000000 00000000 00000000 00000000 00000000 00000000 00003333 00004ccd 00002667 00000001 00000000 01c9c380 0000027c
capture_snapshot GLI1 00010000 30000000 2500000 454 0 30000000 0 0 0 0 0 0 0 7cec3f48 00000000 823b57a8 00000000 00714209 00000000 00714209 00000000 0000006a 00000000 00000000 00000000 054f1d7a 00000000 00714273 00000000 00000000 00000000 00000000 00000039 008b3199 00000001 00000000 00000001 00000000 00000000 00000000 00000000 00000000 00000000 00000000 00000000 00000000 00000000 00000000 00000000 00000000 00000000 00000000 00000000 b22ccf54 00000001 823b57c0 00000000 00000000 00000000 00000000 00000000 00000101 00000080 00000000 00000000 00000000 00000000 00000000 00000000 00000000 00003333 00004ccd 00002667 00000001 00000000 01c9c380 0000027c
capture_snapshot GLI1 00010000 30000000 2500000 455 0 30000000 0 0 0 0 0 0 0 7cec3f48 00000000 823e6324 00000000 007182fe 00000000 007182fe 00000000 0000006a 00000000 00000000 00000000 055228f3 00000000 00718368 00000000 00000000 00000000 00000000 00000039 008b3199 00000001 00000000 00000001 00000000 00000000 00000000 00000000 00000000 00000000 00000000 00000000 00000000 00000000 00000000 00000000 00000000 00000000 00000000 00000000 b236f580 00000001 823e6339 00000000 00000000 00000000 00000000 00000000 00000101 00000080 00000000 00000000 00000000 00000000 00000000 00000000 00000000 00003333 00004ccd 00002667 00000001 00000000 01c9c380 0000027c
capture_snapshot GLI1 00010000 30000000 2500000 456 0 30000000 0 0 0 0 0 0 0 7cec3f48 00000000 82415cd0 00000000 0071c277 00000000 0071c277 00000000 0000006a 00000000 00000000 00000000 055522a1 00000000 0071c2e1 00000000 00000000 00000000 00000000 00000039 008b3199 00000001 00000000 00000001 00000000 00000000 00000000 00000000 00000000 00000000 00000000 00000000 00000000 00000000 00000000 00000000 00000000 00000000 00000000 00000000 b240e059 00000001 82415ce7 00000000 00000000 00000000 00000000 00000000 00000100 00000080 00000000 00000000 00000000 00000000 00000000 00000000 00000000 00003333 00004ccd 00002667 00000001 00000000 01c9c380 0000027c
capture_snapshot GLI1 00010000 30000000 2500000 457 0 30000000 0 0 0 0 0 0 0 7cec3f48 00000000 82445b08 00000000 00720251 00000000 00720251 00000000 0000006a 00000000 00000000 00000000 055820d4 00000000 007202bb 00000000 00000000 00000000 00000000 00000039 008b3199 00000001 00000000 00000001 00000000 00000000 00000000 00000000 00000000 00000000 00000000 00000000 00000000 00000000 00000000 00000000 00000000 00000000 00000000 00000000 b24ada48 00000001 82445b1a 00000000 00000000 00000000 00000000 00000000 00000100 00000080 00000000 00000000 00000000 00000000 00000000 00000000 00000000 00003333 00004ccd 00002667 00000001 00000000 01c9c380 0000027c
capture_snapshot GLI1 00010000 30000000 2500000 458 0 30000000 0 0 0 0 0 0 0 7cec3f48 00000000 82475bec 00000000 00724264 00000000 00724264 00000000 0000006a 00000000 00000000 00000000 055b21bd 00000000 007242ce 00000000 00000000 00000000 00000000 00000039 008b3199 00000001 00000000 00000001 00000000 00000000 00000000 00000000 00000000 00000000 00000000 00000000 00000000 00000000 00000000 00000000 00000000 00000000 00000000 00000000 b254dd3d 00000001 82475c03 00000000 00000000 00000000 00000000 00000000 00000100 00000080 00000000 00000000 00000000 00000000 00000000 00000000 00000000 00003333 00004ccd 00002667 00000001 00000000 01c9c380 0000027c
capture_snapshot GLI1 00010000 30000000 2500000 459 0 30000000 0 0 0 0 0 0 0 7cec3f48 00000000 824a609c 00000000 007282c8 00000000 007282c8 00000000 0000006a 00000000 00000000 00000000 055e266d 00000000 00728332 00000000 00000000 00000000 00000000 00000039 008b3199 00000001 00000000 00000001 00000000 00000000 00000000 00000000 00000000 00000000 00000000 00000000 00000000 00000000 00000000 00000000 00000000 00000000 00000000 00000000 b25eecc8 00000001 824a60b3 00000000 00000000 00000000 00000000 00000000 00000101 00000081 00000000 00000000 00000000 00000000 00000000 00000000 00000000 00003333 00004ccd 00002667 00000001 00000000 01c9c380 0000027c
capture_snapshot GLI1 00010000 30000000 2500000 460 0 30000000 0 0 0 0 0 0 0 7cec3f48 00000000 824d6660 00000000 0072c343 00000000 0072c343 00000000 0000006a 00000000 00000000 00000000 05612c34 00000000 0072c3ad 00000000 00000000 00000000 00000000 00000039 008b3199 00000001 00000000 00000001 00000000 00000000 00000000 00000000 00000000 00000000 00000000 00000000 00000000 00000000 00000000 00000000 00000000 00000000 00000000 00000000 b268fff6 00000001 824d667a 00000000 00000000 00000000 00000000 00000000 00000101 00000081 00000000 00000000 00000000 00000000 00000000 00000000 00000000 00003333 00004ccd 00002667 00000001 00000000 01c9c380 0000027c
capture_snapshot GLI1 00010000 30000000 2500000 461 0 30000000 0 0 0 0 0 0 0 7cec3f48 00000000 82506438 00000000 00730315 00000000 00730315 00000000 0000006a 00000000 00000000 00000000 05642a0c 00000000 0073037f 00000000 00000000 00000000 00000000 00000039 008b3199 00000001 00000000 00000001 00000000 00000000 00000000 00000000 00000000 00000000 00000000 00000000 00000000 00000000 00000000 00000000 00000000 00000000 00000000 00000000 b272f8b3 00000001 82506452 00000000 00000000 00000000 00000000 00000000 00000101 00000081 00000000 00000000 00000000 00000000 00000000 00000000 00000000 00003333 00004ccd 00002667 00000001 00000000 01c9c380 0000027c
capture_snapshot GLI1 00010000 30000000 2500000 462 0 30000000 0 0 0 0 0 0 0 7cec3f48 00000000 82536600 00000000 0073433b 00000000 0073433b 00000000 0000006a 00000000 00000000 00000000 05672bcc 00000000 007343a5 00000000 00000000 00000000 00000000 00000039 008b3199 00000001 00000000 00000001 00000000 00000000 00000000 00000000 00000000 00000000 00000000 00000000 00000000 00000000 00000000 00000000 00000000 00000000 00000000 00000000 b27cfe74 00000001 82536612 00000000 00000000 00000000 00000000 00000000 00000101 00000080 00000000 00000000 00000000 00000000 00000000 00000000 00000000 00003333 00004ccd 00002667 00000001 00000000 01c9c380 0000027c
capture_snapshot GLI1 00010000 30000000 2500000 463 0 30000000 0 0 0 0 0 0 0 7cec3f48 00000000 82567038 00000000 00738415 00000000 00738415 00000000 0000006a 00000000 00000000 00000000 056a3600 00000000 0073847f 00000000 00000000 00000000 00000000 00000039 008b3199 00000001 00000000 00000001 00000000 00000000 00000000 00000000 00000000 00000000 00000000 00000000 00000000 00000000 00000000 00000000 00000000 00000000 00000000 00000000 b2872065 00000001 82567046 00000000 00000000 00000000 00000000 00000000 00000100 00000080 00000000 00000000 00000000 00000000 00000000 00000000 00000000 00003333 00004ccd 00002667 00000001 00000000 01c9c380 0000027c
capture_snapshot GLI1 00010000 30000000 2500000 464 0 30000000 0 0 0 0 0 0 0 7cec3f48 00000000 82595cac 00000000 0073c274 00000000 0073c274 00000000 0000006a 00000000 00000000 00000000 056d2278 00000000 0073c2de 00000000 00000000 00000000 00000000 00000039 008b3199 00000001 00000000 00000001 00000000 00000000 00000000 00000000 00000000 00000000 00000000 00000000 00000000 00000000 00000000 00000000 00000000 00000000 00000000 00000000 b290df36 00000001 82595cbe 00000000 00000000 00000000 00000000 00000000 00000101 00000081 00000000 00000000 00000000 00000000 00000000 00000000 00000000 00003333 00004ccd 00002667 00000001 00000000 01c9c380 0000027c
capture_snapshot GLI1 00010000 30000000 2500000 465 0 30000000 0 0 0 0 0 0 0 7cec3f48 00000000 825c5d78 00000000 00740285 00000000 00740285 00000000 0000006a 00000000 00000000 00000000 05702341 00000000 007402ef 00000000 00000000 00000000 00000000 00000039 008b3199 00000001 00000000 00000001 00000000 00000000 00000000 00000000 00000000 00000000 00000000 00000000 00000000 00000000 00000000 00000000 00000000 00000000 00000000 00000000 b29ae1c1 00000001 825c5d87 00000000 00000000 00000000 00000000 00000000 00000101 00000081 00000000 00000000 00000000 00000000 00000000 00000000 00000000 00003333 00004ccd 00002667 00000001 00000000 01c9c380 0000027c
capture_snapshot GLI1 00010000 30000000 2500000 466 0 30000000 0 0 0 0 0 0 0 7cec3f48 00000000 825f5c88 00000000 00744271 00000000 00744271 00000000 0000006a 00000000 00000000 00000000 0573225a 00000000 007442db 00000000 00000000 00000000 00000000 00000039 008b3199 00000001 00000000 00000001 00000000 00000000 00000000 00000000 00000000 00000000 00000000 00000000 00000000 00000000 00000000 00000000 00000000 00000000 00000000 00000000 b2a4deaa 00000001 825f5ca0 00000000 00000000 00000000 00000000 00000000 00000101 00000080 00000000 00000000 00000000 00000000 00000000 00000000 00000000 00003333 00004ccd 00002667 00000001 00000000 01c9c380 0000027c
capture_snapshot GLI1 00010000 30000000 2500000 467 0 30000000 0 0 0 0 0 0 0 7cec3f48 00000000 82625dcc 00000000 0074828c 00000000 0074828c 00000000 0000006a 00000000 00000000 00000000 0576239b 00000000 007482f6 00000000 00000000 00000000 00000000 00000039 008b3199 00000001 00000000 00000001 00000000 00000000 00000000 00000000 00000000 00000000 00000000 00000000 00000000 00000000 00000000 00000000 00000000 00000000 00000000 00000000 b2aee2c6 00000001 82625de1 00000000 00000000 00000000 00000000 00000000 00000101 00000080 00000000 00000000 00000000 00000000 00000000 00000000 00000000 00003333 00004ccd 00002667 00000001 00000000 01c9c380 0000027c
capture_snapshot GLI1 00010000 30000000 2500000 468 0 30000000 0 0 0 0 0 0 0 7cec3f48 00000000 82655cf4 00000000 0074c27a 00000000 0074c27a 00000000 0000006a 00000000 00000000 00000000 057922c7 00000000 0074c2e4 00000000 00000000 00000000 00000000 00000039 008b3199 00000001 00000000 00000001 00000000 00000000 00000000 00000000 00000000 00000000 00000000 00000000 00000000 00000000 00000000 00000000 00000000 00000000 00000000 00000000 b2b8dfef 00000001 82655d0d 00000000 00000000 00000000 00000000 00000000 00000101 00000081 00000000 00000000 00000000 00000000 00000000 00000000 00000000 00003333 00004ccd 00002667 00000001 00000000 01c9c380 0000027c
capture_snapshot GLI1 00010000 30000000 2500000 469 0 30000000 0 0 0 0 0 0 0 7cec3f48 00000000 82685d54 00000000 00750282 00000000 00750282 00000000 0000006a 00000000 00000000 00000000 057c231f 00000000 007502ec 00000000 00000000 00000000 00000000 00000039 008b3199 00000001 00000000 00000001 00000000 00000000 00000000 00000000 00000000 00000000 00000000 00000000 00000000 00000000 00000000 00000000 00000000 00000000 00000000 00000000 b2c2e101 00000001 82685d65 00000000 00000000 00000000 00000000 00000000 00000101 00000081 00000000 00000000 00000000 00000000 00000000 00000000 00000000 00003333 00004ccd 00002667 00000001 00000000 01c9c380 0000027c
capture_snapshot GLI1 00010000 30000000 2500000 470 0 30000000 0 0 0 0 0 0 0 7cec3f48 00000000 826b5ca0 00000000 00754273 00000000 00754273 00000000 0000006a 00000000 00000000 00000000 057f2272 00000000 007542dd 00000000 00000000 00000000 00000000 00000039 008b3199 00000001 00000000 00000001 00000000 00000000 00000000 00000000 00000000 00000000 00000000 00000000 00000000 00000000 00000000 00000000 00000000 00000000 00000000 00000000 b2ccdeae 00000001 826b5cb8 00000000 00000000 00000000 00000000 00000000 00000100 00000080 00000000 00000000 00000000 00000000 00000000 00000000 00000000 00003333 00004ccd 00002667 00000001 00000000 01c9c380 0000027c
capture_snapshot GLI1 00010000 30000000 2500000 471 0 30000000 0 0 0 0 0 0 0 7cec3f48 00000000 826e5e20 00000000 00758293 00000000 00758293 00000000 0000006a 00000000 00000000 00000000 058223ef 00000000 007582fd 00000000 00000000 00000000 00000000 00000039 008b3199 00000001 00000000 00000001 00000000 00000000 00000000 00000000 00000000 00000000 00000000 00000000 00000000 00000000 00000000 00000000 00000000 00000000 00000000 00000000 b2d6e38f 00000001 826e5e35 00000000 00000000 00000000 00000000 00000000 00000101 00000081 00000000 00000000 00000000 00000000 00000000 00000000 00000000 00003333 00004ccd 00002667 00000001 00000000 01c9c380 0000027c
capture_snapshot GLI1 00010000 30000000 2500000 472 0 30000000 0 0 0 0 0 0 0 7cec3f48 00000000 82715d9c 00000000 0075c288 00000000 0075c288 00000000 0000006a 00000000 00000000 00000000 05852365 00000000 0075c2f2 00000000 00000000 00000000 00000000 00000039 008b3199 00000001 00000000 00000001 00000000 00000000 00000000 00000000 00000000 00000000 00000000 00000000 00000000 00000000 00000000 00000000 00000000 00000000 00000000 00000000 b2e0e1af 00000001 82715dab 00000000 00000000 00000000 00000000 00000000 00000101 00000080 00000000 00000000 00000000 00000000 00000000 00000000 00000000 00003333 00004ccd 00002667 00000001 00000000 01c9c380 0000027c
capture_snapshot GLI1 00010000 30000000 2500000 473 0 30000000 0 0 0 0 0 0 0 7cec3f48 00000000 82745f34 00000000 007602aa 00000000 007602aa 00000000 0000006a 00000000 00000000 00000000 058824fe 00000000 00760314 00000000 00000000 00000000 00000000 00000039 008b3199 00000001 00000000 00000001 00000000 00000000 00000000 00000000 00000000 00000000 00000000 00000000 00000000 00000000 00000000 00000000 00000000 00000000 00000000 00000000 b2eae6ef 00000001 82745f44 00000000 00000000 00000000 00000000 00000000 00000101 00000080 00000000 00000000 00000000 00000000 00000000 00000000 00000000 00003333 00004ccd 00002667 00000001 00000000 01c9c380 0000027c
capture_snapshot GLI1 00010000 30000000 2500000 474 0 30000000 0 0 0 0 0 0 0 7cec3f48 00000000 82775f34 00000000 007642aa 00000000 007642aa 00000000 0000006a 00000000 00000000 00000000 058b24fe 00000000 00764314 00000000 00000000 00000000 00000000 00000039 008b3199 00000001 00000000 00000001 00000000 00000000 00000000 00000000 00000000 00000000 00000000 00000000 00000000 00000000 00000000 00000000 00000000 00000000 00000000 00000000 b2f4e6db 00000001 82775f44 00000000 00000000 00000000 00000000 00000000 00000101 00000080 00000000 00000000 00000000 00000000 00000000 00000000 00000000 00003333 00004ccd 00002667 00000001 00000000 01c9c380 0000027c
capture_snapshot GLI1 00010000 30000000 2500000 475 0 30000000 0 0 0 0 0 0 0 7cec3f48 00000000 827a5e50 00000000 00768297 00000000 00768297 00000000 0000006a 00000000 00000000 00000000 058e2421 00000000 00768301 00000000 00000000 00000000 00000000 00000039 008b3199 00000001 00000000 00000001 00000000 00000000 00000000 00000000 00000000 00000000 00000000 00000000 00000000 00000000 00000000 00000000 00000000 00000000 00000000 00000000 b2fee3e8 00000001 827a5e67 00000000 00000000 00000000 00000000 00000000 00000101 00000081 00000000 00000000 00000000 00000000 00000000 00000000 00000000 00003333 00004ccd 00002667 00000001 00000000 01c9c380 0000027c
capture_snapshot GLI1 00010000 30000000 2500000 476 0 30000000 0 0 0 0 0 0 0 7cec3f48 00000000 827d5be0 00000000 0076c263 00000000 0076c263 00000000 0000006a 00000000 00000000 00000000 059121b1 00000000 0076c2cd 00000000 00000000 00000000 00000000 00000039 008b3199 00000001 00000000 00000001 00000000 00000000 00000000 00000000 00000000 00000000 00000000 00000000 00000000 00000000 00000000 00000000 00000000 00000000 00000000 00000000 b308dbb3 00000001 827d5bf7 00000000 00000000 00000000 00000000 00000000 00000100 00000080 00000000 00000000 00000000 00000000 00000000 00000000 00000000 00003333 00004ccd 00002667 00000001 00000000 01c9c380 0000027c
capture_snapshot GLI1 00010000 30000000 2500000 477 0 30000000 0 0 0 0 0 0 0 7cec3f48 00000000 828062b8 00000000 007702f5 00000000 007702f5 00000000 0000006a 00000000 00000000 00000000 05942887 00000000 0077035f 00000000 00000000 00000000 00000000 00000039 008b3199 00000001 00000000 00000001 00000000 00000000 00000000 00000000 00000000 00000000 00000000 00000000 00000000 00000000 00000000 00000000 00000000 00000000 00000000 00000000 b312f269 00000001 828062cd 00000000 00000000 00000000 00000000 00000000 00000101 00000080 00000000 00000000 00000000 00000000 00000000 00000000 00000000 00003333 00004ccd 00002667 00000001 00000000 01c9c380 0000027c
capture_snapshot GLI1 00010000 30000000 2500000 478 0 30000000 0 0 0 0 0 0 0 7cec3f48 00000000 828363c0 00000000 0077430b 00000000 0077430b 00000000 0000006a 00000000 00000000 00000000 05972990 00000000 00774375 00000000 00000000 00000000 00000000 00000039 008b3199 00000001 00000000 00000001 00000000 00000000 00000000 00000000 00000000 00000000 00000000 00000000 00000000 00000000 00000000 00000000 00000000 00000000 00000000 00000000 b31cf5ca 00000001 828363d6 00000000 00000000 00000000 00000000 00000000 00000101 00000081 00000000 00000000 00000000 00000000 00000000 00000000 00000000 00003333 00004ccd 00002667 00000001 00000000 01c9c380 0000027c
capture_snapshot GLI1 00010000 30000000 2500000 479 0 30000000 0 0 0 0 0 0 0 7cec3f48 00000000 8286624c 00000000 007782ec 00000000 007782ec 00000000 0000006a 00000000 00000000 00000000 059a281d 00000000 00778356 00000000 00000000 00000000 00000000 00000039 008b3199 00000001 00000000 00000001 00000000 00000000 00000000 00000000 00000000 00000000 00000000 00000000 00000000 00000000 00000000 00000000 00000000 00000000 00000000 00000000 b326f0e0 00000001 82866263 00000000 00000000 00000000 00000000 00000000 00000100 00000080 00000000 00000000 00000000 00000000 00000000 00000000 00000000 00003333 00004ccd 00002667 00000001 00000000 01c9c380 0000027c
capture_snapshot GLI1 00010000 30000000 2500000 480 0 30000000 0 0 0 0 0 0 0 7cec3f48 00000000 82896030 00000000 0077c2bf 00000000 0077c2bf 00000000 0000006a 00000000 00000000 00000000 059d25fa 00000000 0077c329 00000000 00000000 00000000 00000000 00000039 008b3199 00000001 00000000 00000001 00000000 00000000 00000000 00000000 00000000 00000000 00000000 00000000 00000000 00000000 00000000 00000000 00000000 00000000 00000000 00000000 b330e9ae 00000001 82896040 00000000 00000000 00000000 00000000 00000000 00000101 00000080 00000000 00000000 00000000 00000000 00000000 00000000 00000000 00003333 00004ccd 00002667 00000001 00000000 01c9c380 0000027c
capture_snapshot GLI1 00010000 30000000 2500000 481 0 30000000 0 0 0 0 0 0 0 7cec3f48 00000000 828c61f8 00000000 007802e5 00000000 007802e5 00000000 0000006a 00000000 00000000 00000000 05a027c1 00000000 0078034f 00000000 00000000 00000000 00000000 00000039 008b3199 00000001 00000000 00000001 00000000 00000000 00000000 00000000 00000000 00000000 00000000 00000000 00000000 00000000 00000000 00000000 00000000 00000000 00000000 00000000 b33aef8a 00000001 828c6207 00000000 00000000 00000000 00000000 00000000 00000100 00000080 00000000 00000000 00000000 00000000 00000000 00000000 00000000 00003333 00004ccd 00002667 00000001 00000000 01c9c380 0000027c
capture_snapshot GLI1 00010000 30000000 2500000 482 0 30000000 0 0 0 0 0 0 0 7cec3f48 00000000 828f6324 00000000 007842fe 00000000 007842fe 00000000 0000006a 00000000 00000000 00000000 05a328f3 00000000 00784368 00000000 00000000 00000000 00000000 00000039 008b3199 00000001 00000000 00000001 00000000 00000000 00000000 00000000 00000000 00000000 00000000 00000000 00000000 00000000 00000000 00000000 00000000 00000000 00000000 00000000 b344f371 00000001 828f6339 00000000 00000000 00000000 00000000 00000000 00000101 00000081 00000000 00000000 00000000 00000000 00000000 00000000 00000000 00003333 00004ccd 00002667 00000001 00000000 01c9c380 0000027c
capture_snapshot GLI1 00010000 30000000 2500000 483 0 30000000 0 0 0 0 0 0 0 7cec3f48 00000000 82926258 00000000 007882ed 00000000 007882ed 00000000 0000006a 00000000 00000000 00000000 05a62823 00000000 00788357 00000000 00000000 00000000 00000000 00000039 008b3199 00000001 00000000 00000001 00000000 00000000 00000000 00000000 00000000 00000000 00000000 00000000 00000000 00000000 00000000 00000000 00000000 00000000 00000000 00000000 b34ef0a8 00000001 82926269 00000000 00000000 00000000 00000000 00000000 00000101 00000081 00000000 00000000 00000000 00000000 00000000 00000000 00000000 00003333 00004ccd 00002667 00000001 00000000 01c9c380 0000027c
capture_snapshot GLI1 00010000 30000000 2500000 484 0 30000000 0 0 0 0 0 0 0 7cec3f48 00000000 82956168 00000000 0078c2d9 00000000 0078c2d9 00000000 0000006a 00000000 00000000 00000000 05a92738 00000000 0078c343 00000000 00000000 00000000 00000000 00000039 008b3199 00000001 00000000 00000001 00000000 00000000 00000000 00000000 00000000 00000000 00000000 00000000 00000000 00000000 00000000 00000000 00000000 00000000 00000000 00000000 b358ed84 00000001 8295617e 00000000 00000000 00000000 00000000 00000000 00000101 00000080 00000000 00000000 00000000 00000000 00000000 00000000 00000000 00003333 00004ccd 00002667 00000001 00000000 01c9c380 0000027c
capture_snapshot GLI1 00010000 30000000 2500000 485 0 30000000 0 0 0 0 0 0 0 7cec3f48 00000000 829866d8 00000000 0079034d 00000000 0079034d 00000000 0000006a 00000000 00000000 00000000 05ac2ca4 00000000 007903b7 00000000 00000000 00000000 00000000 00000039 008b3199 00000001 00000000 00000001 00000000 00000000 00000000 00000000 00000000 00000000 00000000 00000000 00000000 00000000 00000000 00000000 00000000 00000000 00000000 00000000 b362ff85 00000001 829866ea 00000000 00000000 00000000 00000000 00000000 00000100 00000080 00000000 00000000 00000000 00000000 00000000 00000000 00000000 00003333 00004ccd 00002667 00000001 00000000 01c9c380 0000027c
capture_snapshot GLI1 00010000 30000000 2500000 486 0 30000000 0 0 0 0 0 0 0 7cec3f48 00000000 829b7128 00000000 00794429 00000000 00794429 00000000 0000006a 00000000 00000000 00000000 05af36f5 00000000 00794493 00000000 00000000 00000000 00000000 00000039 008b3199 00000001 00000000 00000001 00000000 00000000 00000000 00000000 00000000 00000000 00000000 00000000 00000000 00000000 00000000 00000000 00000000 00000000 00000000 00000000 b36d21d3 00000001 829b713b 00000000 00000000 00000000 00000000 00000000 00000101 00000081 00000000 00000000 00000000 00000000 00000000 00000000 00000000 00003333 00004ccd 00002667 00000001 00000000 01c9c380 0000027c
capture_snapshot GLI1 00010000 30000000 2500000 487 0 30000000 0 0 0 0 0 0 0 7cec3f48 00000000 829e6e7c 00000000 007983f0 00000000 007983f0 00000000 0000006a 00000000 00000000 00000000 05b2344a 00000000 0079845a 00000000 00000000 00000000 00000000 00000039 008b3199 00000001 00000000 00000001 00000000 00000000 00000000 00000000 00000000 00000000 00000000 00000000 00000000 00000000 00000000 00000000 00000000 00000000 00000000 00000000 b37718dd 00000001 829e6e90 00000000 00000000 00000000 00000000 00000000 00000100 00000080 00000000 00000000 00000000 00000000 00000000 00000000 00000000 00003333 00004ccd 00002667 00000001 00000000 01c9c380 0000027c
capture_snapshot GLI1 00010000 30000000 2500000 488 0 30000000 0 0 0 0 0 0 0 7cec3f48 00000000 82a170d4 00000000 0079c422 00000000 0079c422 00000000 0000006a 00000000 00000000 00000000 05b536a4 00000000 0079c48c 00000000 00000000 00000000 00000000 00000039 008b3199 00000001 00000000 00000001 00000000 00000000 00000000 00000000 00000000 00000000 00000000 00000000 00000000 00000000 00000000 00000000 00000000 00000000 00000000 00000000 b381209f 00000001 82a170ea 00000000 00000000 00000000 00000000 00000000 00000101 00000080 00000000 00000000 00000000 00000000 00000000 00000000 00000000 00003333 00004ccd 00002667 00000001 00000000 01c9c380 0000027c
capture_snapshot GLI1 00010000 30000000 2500000 489 0 30000000 0 0 0 0 0 0 0 7cec3f48 00000000 82a460c0 00000000 007a02cb 00000000 007a02cb 00000000 0000006a 00000000 00000000 00000000 05b8268b 00000000 007a0335 00000000 00000000 00000000 00000000 00000039 008b3199 00000001 00000000 00000001 00000000 00000000 00000000 00000000 00000000 00000000 00000000 00000000 00000000 00000000 00000000 00000000 00000000 00000000 00000000 00000000 b38aeae4 00000001 82a460d1 00000000 00000000 00000000 00000000 00000000 00000100 00000080 00000000 00000000 00000000 00000000 00000000 00000000 00000000 00003333 00004ccd 00002667 00000001 00000000 01c9c380 0000027c
capture_snapshot GLI1 00010000 30000000 2500000 490 0 30000000 0 0 0 0 0 0 0 7cec3f48 00000000 82a7624c 00000000 007a42ec 00000000 007a42ec 00000000 0000006a 00000000 00000000 00000000 05bb281b 00000000 007a4356 00000000 00000000 00000000 00000000 00000039 008b3199 00000001 00000000 00000001 00000000 00000000 00000000 00000000 00000000 00000000 00000000 00000000 00000000 00000000 00000000 00000000 00000000 00000000 00000000 00000000 b394f005 00000001 82a76261 00000000 00000000 00000000 00000000 00000000 00000101 00000080 00000000 00000000 00000000 00000000 00000000 00000000 00000000 00003333 00004ccd 00002667 00000001 00000000 01c9c380 0000027c
capture_snapshot GLI1 00010000 30000000 2500000 491 0 30000000 0 0 0 0 0 0 0 7cec3f48 00000000 82aa6768 00000000 007a8359 00000000 007a8359 00000000 0000006a 00000000 00000000 00000000 05be2d37 00000000 007a83c3 00000000 00000000 00000000 00000000 00000039 008b3199 00000001 00000000 00000001 00000000 00000000 00000000 00000000 00000000 00000000 00000000 00000000 00000000 00000000 00000000 00000000 00000000 00000000 00000000 00000000 b39f00f9 00000001 82aa677d 00000000 00000000 00000000 00000000 00000000 00000101 00000081 00000000 00000000 00000000 00000000 00000000 00000000 00000000 00003333 00004ccd 00002667 00000001 00000000 01c9c380 0000027c
capture_snapshot GLI1 00010000 30000000 2500000 492 0 30000000 0 0 0 0 0 0 0 7cec3f48 00000000 82ad6ed0 00000000 007ac3f7 00000000 007ac3f7 00000000 0000006a 00000000 00000000 00000000 05c1349f 00000000 007ac461 00000000 00000000 00000000 00000000 00000039 008b3199 00000001 00000000 00000001 00000000 00000000 00000000 00000000 00000000 00000000 00000000 00000000 00000000 00000000 00000000 00000000 00000000 00000000 00000000 00000000 b3a91995 00000001 82ad6ee5 00000000 00000000 00000000 00000000 00000000 00000101 00000081 00000000 00000000 00000000 00000000 00000000 00000000 00000000 00003333 00004ccd 00002667 00000001 00000000 01c9c380 0000027c
capture_snapshot GLI1 00010000 30000000 2500000 493 0 30000000 0 0 0 0 0 0 0 7cec3f48 00000000 82b06588 00000000 007b0331 00000000 007b0331 00000000 0000006a 00000000 00000000 00000000 05c42b52 00000000 007b039b 00000000 00000000 00000000 00000000 00000039 008b3199 00000001 00000000 00000001 00000000 00000000 00000000 00000000 00000000 00000000 00000000 00000000 00000000 00000000 00000000 00000000 00000000 00000000 00000000 00000000 b3b2fa82 00000001 82b06598 00000000 00000000 00000000 00000000 00000000 00000101 00000081 00000000 00000000 00000000 00000000 00000000 00000000 00000000 00003333 00004ccd 00002667 00000001 00000000 01c9c380 0000027c
capture_snapshot GLI1 00010000 30000000 2500000 494 0 30000000 0 0 0 0 0 0 0 7cec3f48 00000000 82b36030 00000000 007b42bf 00000000 007b42bf 00000000 0000006a 00000000 00000000 00000000 05c725fe 00000000 007b4329 00000000 00000000 00000000 00000000 00000039 008b3199 00000001 00000000 00000001 00000000 00000000 00000000 00000000 00000000 00000000 00000000 00000000 00000000 00000000 00000000 00000000 00000000 00000000 00000000 00000000 b3bce8ac 00000001 82b36044 00000000 00000000 00000000 00000000 00000000 00000100 00000080 00000000 00000000 00000000 00000000 00000000 00000000 00000000 00003333 00004ccd 00002667 00000001 00000000 01c9c380 0000027c
capture_snapshot GLI1 00010000 30000000 2500000 495 0 30000000 0 0 0 0 0 0 0 7cec3f48 00000000 82b6627c 00000000 007b82f0 00000000 007b82f0 00000000 0000006a 00000000 00000000 00000000 05ca284b 00000000 007b835a 00000000 00000000 00000000 00000000 00000039 008b3199 00000001 00000000 00000001 00000000 00000000 00000000 00000000 00000000 00000000 00000000 00000000 00000000 00000000 00000000 00000000 00000000 00000000 00000000 00000000 b3c6f042 00000001 82b66291 00000000 00000000 00000000 00000000 00000000 00000101 00000080 00000000 00000000 00000000 00000000 00000000 00000000 00000000 00003333 00004ccd 00002667 00000001 00000000 01c9c380 0000027c
capture_snapshot GLI1 00010000 30000000 2500000 496 0 30000000 0 0 0 0 0 0 0 7cec3f48 00000000 82b9648c 00000000 007bc31c 00000000 007bc31c 00000000 0000006a 00000000 00000000 00000000 05cd2a5d 00000000 007bc386 00000000 00000000 00000000 00000000 00000039 008b3199 00000001 00000000 00000001 00000000 00000000 00000000 00000000 00000000 00000000 00000000 00000000 00000000 00000000 00000000 00000000 00000000 00000000 00000000 00000000 b3d0f717 00000001 82b964a3 00000000 00000000 00000000 00000000 00000000 00000100 00000081 00000000 00000000 00000000 00000000 00000000 00000000 00000000 00003333 00004ccd 00002667 00000001 00000000 01c9c380 0000027c
capture_snapshot GLI1 00010000 30000000 2500000 497 0 30000000 0 0 0 0 0 0 0 7cec3f48 00000000 82bc63e4 00000000 007c030e 00000000 007c030e 00000000 0000006a 00000000 00000000 00000000 05d029ac 00000000 007c0378 00000000 00000000 00000000 00000000 00000039 008b3199 00000001 00000000 00000001 00000000 00000000 00000000 00000000 00000000 00000000 00000000 00000000 00000000 00000000 00000000 00000000 00000000 00000000 00000000 00000000 b3daf4b6 00000001 82bc63f2 00000000 00000000 00000000 00000000 00000000 00000100 00000080 00000000 00000000 00000000 00000000 00000000 00000000 00000000 00003333 00004ccd 00002667 00000001 00000000 01c9c380 0000027c
capture_snapshot GLI1 00010000 30000000 2500000 498 0 30000000 0 0 0 0 0 0 0 7cec3f48 00000000 82bf6150 00000000 007c42d7 00000000 007c42d7 00000000 0000006a 00000000 00000000 00000000 05d3271e 00000000 007c4341 00000000 00000000 00000000 00000000 00000039 008b3199 00000001 00000000 00000001 00000000 00000000 00000000 00000000 00000000 00000000 00000000 00000000 00000000 00000000 00000000 00000000 00000000 00000000 00000000 00000000 b3e4ec1c 00000001 82bf6164 00000000 00000000 00000000 00000000 00000000 00000101 00000080 00000000 00000000 00000000 00000000 00000000 00000000 00000000 00003333 00004ccd 00002667 00000001 00000000 01c9c380 0000027c
capture_snapshot GLI1 00010000 30000000 2500000 499 0 30000000 0 0 0 0 0 0 0 7cec3f48 00000000 82c26144 00000000 007c82d6 00000000 007c82d6 00000000 0000006a 00000000 00000000 00000000 05d62716 00000000 007c8340 00000000 00000000 00000000 00000000 00000039 008b3199 00000001 00000000 00000001 00000000 00000000 00000000 00000000 00000000 00000000 00000000 00000000 00000000 00000000 00000000 00000000 00000000 00000000 00000000 00000000 b3eeebef 00000001 82c2615c 00000000 00000000 00000000 00000000 00000000 00000101 00000081 00000000 00000000 00000000 00000000 00000000 00000000 00000000 00003333 00004ccd 00002667 00000001 00000000 01c9c380 0000027c
capture_snapshot GLI1 00010000 30000000 2500000 500 0 30000000 0 0 0 0 0 0 0 7cec3f48 00000000 82c56a08 00000000 007cc391 00000000 007cc391 00000000 0000006a 00000000 00000000 00000000 05d92fd3 00000000 007cc3fb 00000000 00000000 00000000 00000000 00000039 008b3199 00000001 00000000 00000001 00000000 00000000 00000000 00000000 00000000 00000000 00000000 00000000 00000000 00000000 00000000 00000000 00000000 00000000 00000000 00000000 b3f908fb 00000001 82c56a19 00000000 00000000 00000000 00000000 00000000 00000101 00000080 00000000 00000000 00000000 00000000 00000000 00000000 00000000 00003333 00004ccd 00002667 00000001 00000000 01c9c380 0000027c
capture_snapshot GLI1 00010000 30000000 2500000 501 0 30000000 0 0 0 0 0 0 0 7cec3f48 00000000 82c86dc8 00000000 007d03e1 00000000 007d03e1 00000000 0000006a 00000000 00000000 00000000 05dc3391 00000000 007d044b 00000000 00000000 00000000 00000000 00000039 008b3199 00000001 00000000 00000001 00000000 00000000 00000000 00000000 00000000 00000000 00000000 00000000 00000000 00000000 00000000 00000000 00000000 00000000 00000000 00000000 b4031562 00000001 82c86dd7 00000000 00000000 00000000 00000000 00000000 00000101 00000081 00000000 00000000 00000000 00000000 00000000 00000000 00000000 00003333 00004ccd 00002667 00000001 00000000 01c9c380 0000027c
capture_snapshot GLI1 00010000 30000000 2500000 502 0 30000000 0 0 0 0 0 0 0 7cec3f48 00000000 82cb6e64 00000000 007d43ee 00000000 007d43ee 00000000 0000006a 00000000 00000000 00000000 05df3432 00000000 007d4458 00000000 00000000 00000000 00000000 00000039 008b3199 00000001 00000000 00000001 00000000 00000000 00000000 00000000 00000000 00000000 00000000 00000000 00000000 00000000 00000000 00000000 00000000 00000000 00000000 00000000 b40d1767 00000001 82cb6e78 00000000 00000000 00000000 00000000 00000000 00000101 00000081 00000000 00000000 00000000 00000000 00000000 00000000 00000000 00003333 00004ccd 00002667 00000001 00000000 01c9c380 0000027c
capture_snapshot GLI1 00010000 30000000 2500000 503 0 30000000 0 0 0 0 0 0 0 7cec3f48 00000000 82ce61a4 00000000 007d82de 00000000 007d82dd 00000000 0000006a 00000000 00000000 00000000 05e2276c 00000000 007d8348 00000000 00000000 00000000 00000000 0000003b 008b3199 00000001 00000001 00000001 00000000 00000000 00000000 00000000 00000000 00000000 00000000 00000000 00000000 00000000 00000000 00000000 00000000 00000000 00000000 00000000 b416ecc0 00000001 82ce61b2 00000000 00000000 00000000 00000000 00000000 00000101 00000081 00000000 00000000 00000000 00000000 00000000 00000000 00000000 00003333 00004ccd 00002667 00000001 00000000 01c9c380 0000027c
capture_snapshot GLI1 00010000 30000000 2500000 504 0 30000000 0 0 0 0 0 0 0 7cec3f48 00000000 82d16138 00000000 007dc2d5 00000000 007dc2d5 00000000 0000006a 00000000 00000000 00000000 05e5270b 00000000 007dc33f 00000000 00000000 00000000 00000000 00000039 008b3199 00000001 00000000 00000001 00000000 00000000 00000000 00000000 00000000 00000000 00000000 00000000 00000000 00000000 00000000 00000000 00000000 00000000 00000000 00000000 b420eb68 00000001 82d16151 00000000 00000000 00000000 00000000 00000000 00000101 00000080 00000000 00000000 00000000 00000000 00000000 00000000 00000000 00003333 00004ccd 00002667 00000001 00000000 01c9c380 0000027c
capture_snapshot GLI1 00010000 30000000 2500000 505 0 30000000 0 0 0 0 0 0 0 7cec3f48 00000000 82d4669c 00000000 007e0348 00000000 007e0348 00000000 0000006a 00000000 00000000 00000000 05e82c6b 00000000 007e03b2 00000000 00000000 00000000 00000000 00000039 008b3199 00000001 00000000 00000001 00000000 00000000 00000000 00000000 00000000 00000000 00000000 00000000 00000000 00000000 00000000 00000000 00000000 00000000 00000000 00000000 b42afd41 00000001 82d466b1 00000000 00000000 00000000 00000000 00000000 00000100 00000080 00000000 00000000 00000000 00000000 00000000 00000000 00000000 00003333 00004ccd 00002667 00000001 00000000 01c9c380 0000027c
capture_snapshot GLI1 00010000 30000000 2500000 506 0 30000000 0 0 0 0 0 0 0 7cec3f48 00000000 82d76204 00000000 007e42e6 00000000 007e42e6 00000000 0000006a 00000000 00000000 00000000 05eb27d4 00000000 007e4350 00000000 00000000 00000000 00000000 00000039 008b3199 00000001 00000000 00000001 00000000 00000000 00000000 00000000 00000000 00000000 00000000 00000000 00000000 00000000 00000000 00000000 00000000 00000000 00000000 00000000 b434ede1 00000001 82d7621a 00000000 00000000 00000000 00000000 00000000 00000100 00000080 00000000 00000000 00000000 00000000 00000000 00000000 00000000 00003333 00004ccd 00002667 00000001 00000000 01c9c380 0000027c
capture_snapshot GLI1 00010000 30000000 2500000 507 0 30000000 0 0 0 0 0 0 0 7cec3f48 00000000 82da63a8 00000000 007e8309 00000000 007e8309 00000000 0000006a 00000000 00000000 00000000 05ee297c 00000000 007e8373 00000000 00000000 00000000 00000000 00000039 008b3199 00000001 00000000 00000001 00000000 00000000 00000000 00000000 00000000 00000000 00000000 00000000 00000000 00000000 00000000 00000000 00000000 00000000 00000000 00000000 b43ef350 00000001 82da63c2 00000000 00000000 00000000 00000000 00000000 00000100 00000080 00000000 00000000 00000000 00000000 00000000 00000000 00000000 00003333 00004ccd 00002667 00000001 00000000 01c9c380 0000027c
capture_snapshot GLI1 00010000 30000000 2500000 508 0 30000000 0 0 0 0 0 0 0 7cec3f48 00000000 82dd61a4 00000000 007ec2de 00000000 007ec2de 00000000 0000006a 00000000 00000000 00000000 05f1276d 00000000 007ec348 00000000 00000000 00000000 00000000 00000039 008b3199 00000001 00000000 00000001 00000000 00000000 00000000 00000000 00000000 00000000 00000000 00000000 00000000 00000000 00000000 00000000 00000000 00000000 00000000 00000000 b448ec61 00000001 82dd61b3 00000000 00000000 00000000 00000000 00000000 00000101 00000081 00000000 00000000 00000000 00000000 00000000 00000000 00000000 00003333 00004ccd 00002667 00000001 00000000 01c9c380 0000027c
capture_snapshot GLI1 00010000 30000000 2500000 509 0 30000000 0 0 0 0 0 0 0 7cec3f48 00000000 82e065dc 00000000 007f0338 00000000 007f0338 00000000 0000006a 00000000 00000000 00000000 05f42bb0 00000000 007f03a2 00000000 00000000 00000000 00000000 00000039 008b3199 00000001 00000000 00000001 00000000 00000000 00000000 00000000 00000000 00000000 00000000 00000000 00000000 00000000 00000000 00000000 00000000 00000000 00000000 00000000 b452fa82 00000001 82e065f6 00000000 00000000 00000000 00000000 00000000 00000101 00000081 00000000 00000000 00000000 00000000 00000000 00000000 00000000 00003333 00004ccd 00002667 00000001 00000000 01c9c380 0000027c
capture_snapshot GLI1 00010000 30000000 2500000 510 0 30000000 0 0 0 0 0 0 0 7cec3f48 00000000 82e36f6c 00000000 007f4404 00000000 007f4404 00000000 0000006a 00000000 00000000 00000000 05f7353c 00000000 007f446e 00000000 00000000 00000000 00000000 00000039 008b3199 00000001 00000000 00000001 00000000 00000000 00000000 00000000 00000000 00000000 00000000 00000000 00000000 00000000 00000000 00000000 00000000 00000000 00000000 00000000 b45d1a41 00000001 82e36f82 00000000 00000000 00000000 00000000 00000000 00000101 00000081 00000000 00000000 00000000 00000000 00000000 00000000 00000000 00003333 00004ccd 00002667 00000001 00000000 01c9c380 0000027c
capture_snapshot GLI1 00010000 30000000 2500000 511 0 30000000 0 0 0 0 0 0 0 7cec3f48 00000000 82e66da4 00000000 007f83de 00000000 007f83de 00000000 0000006a 00000000 00000000 00000000 05fa3378 00000000 007f8448 00000000 00000000 00000000 00000000 00000039 008b3199 00000001 00000000 00000001 00000000 00000000 00000000 00000000 00000000 00000000 00000000 00000000 00000000 00000000 00000000 00000000 00000000 00000000 00000000 00000000 b467144b 00000001 82e66dbe 00000000 00000000 00000000 00000000 00000000 00000101 00000081 00000000 00000000 00000000 00000000 00000000 00000000 00000000 00003333 00004ccd 00002667 00000001 00000000 01c9c380 0000027c
capture_snapshot GLI1 00010000 30000000 2500000 512 0 30000000 0 0 0 0 0 0 0 7cec3f48 00000000 82e9639c 00000000 007fc308 00000000 007fc308 00000000 0000006a 00000000 00000000 00000000 05fd2965 00000000 007fc372 00000000 00000000 00000000 00000000 00000039 008b3199 00000001 00000000 00000001 00000000 00000000 00000000 00000000 00000000 00000000 00000000 00000000 00000000 00000000 00000000 00000000 00000000 00000000 00000000 00000000 b470f2a4 00000001 82e963ab 00000000 00000000 00000000 00000000 00000000 00000101 00000081 00000000 00000000 00000000 00000000 00000000 00000000 00000000 00003333 00004ccd 00002667 00000001 00000000 01c9c380 0000027c
capture_snapshot GLI1 00010000 30000000 2500000 513 0 30000000 0 0 0 0 0 0 0 7cec3f48 00000000 82ec6198 00000000 008002dd 00000000 008002dd 00000000 0000006a 00000000 00000000 00000000 06002769 00000000 00800347 00000000 00000000 00000000 00000000 00000039 008b3199 00000001 00000000 00000001 00000000 00000000 00000000 00000000 00000000 00000000 00000000 00000000 00000000 00000000 00000000 00000000 00000000 00000000 00000000 00000000 b47aebf1 00000001 82ec61af 00000000 00000000 00000000 00000000 00000000 00000100 00000080 00000000 00000000 00000000 00000000 00000000 00000000 00000000 00003333 00004ccd 00002667 00000001 00000000 01c9c380 0000027c
capture_snapshot GLI1 00010000 30000000 2500000 514 0 30000000 0 0 0 0 0 0 0 7cec3f48 00000000 82ef6294 00000000 008042f2 00000000 008042f2 00000000 0000006a 00000000 00000000 00000000 06032860 00000000 0080435c 00000000 00000000 00000000 00000000 00000039 008b3199 00000001 00000000 00000001 00000000 00000000 00000000 00000000 00000000 00000000 00000000 00000000 00000000 00000000 00000000 00000000 00000000 00000000 00000000 00000000 b484ef15 00000001 82ef62a6 00000000 00000000 00000000 00000000 00000000 00000100 00000080 00000000 00000000 00000000 00000000 00000000 00000000 00000000 00003333 00004ccd 00002667 00000001 00000000 01c9c380 0000027c
capture_snapshot GLI1 00010000 30000000 2500000 515 0 30000000 0 0 0 0 0 0 0 7cec3f48 00000000 82f26390 00000000 00808307 00000000 00808307 00000000 0000006a 00000000 00000000 00000000 06062964 00000000 00808371 00000000 00000000 00000000 00000000 00000039 008b3199 00000001 00000000 00000001 00000000 00000000 00000000 00000000 00000000 00000000 00000000 00000000 00000000 00000000 00000000 00000000 00000000 00000000 00000000 00000000 b48ef265 00000001 82f263aa 00000000 00000000 00000000 00000000 00000000 00000101 00000081 00000000 00000000 00000000 00000000 00000000 00000000 00000000 00003333 00004ccd 00002667 00000001 00000000 01c9c380 0000027c
capture_snapshot GLI1 00010000 30000000 2500000 516 0 30000000 0 0 0 0 0 0 0 7cec3f48 00000000 82f563cc 00000000 0080c30c 00000000 0080c30c 00000000 0000006a 00000000 00000000 00000000 06092995 00000000 0080c376 00000000 00000000 00000000 00000000 00000039 008b3199 00000001 00000000 00000001 00000000 00000000 00000000 00000000 00000000 00000000 00000000 00000000 00000000 00000000 00000000 00000000 00000000 00000000 00000000 00000000 b498f2f5 00000001 82f563db 00000000 00000000 00000000 00000000 00000000 00000101 00000081 00000000 00000000 00000000 00000000 00000000 00000000 00000000 00003333 00004ccd 00002667 00000001 00000000 01c9c380 0000027c
capture_snapshot GLI1 00010000 30000000 2500000 517 0 30000000 0 0 0 0 0 0 0 7cec3f48 00000000 82f860fc 00000000 008102d0 00000000 008102d0 00000000 0000006a 00000000 00000000 00000000 060c26c8 00000000 0081033a 00000000 00000000 00000000 00000000 00000039 008b3199 00000001 00000000 00000001 00000000 00000000 00000000 00000000 00000000 00000000 00000000 00000000 00000000 00000000 00000000 00000000 00000000 00000000 00000000 00000000 b4a2e98c 00000001 82f8610e 00000000 00000000 00000000 00000000 00000000 00000101 00000081 00000000 00000000 00000000 00000000 00000000 00000000 00000000 00003333 00004ccd 00002667 00000001 00000000 01c9c380 0000027c
capture_snapshot GLI1 00010000 30000000 2500000 518 0 30000000 0 0 0 0 0 0 0 7cec3f48 00000000 82fb6078 00000000 008142c5 00000000 008142c5 00000000 0000006a 00000000 00000000 00000000 060f2641 00000000 0081432f 00000000 00000000 00000000 00000000 00000039 008b3199 00000001 00000000 00000001 00000000 00000000 00000000 00000000 00000000 00000000 00000000 00000000 00000000 00000000 00000000 00000000 00000000 00000000 00000000 00000000 b4ace7b8 00000001 82fb6087 00000000 00000000 00000000 00000000 00000000 00000100 00000080 00000000 00000000 00000000 00000000 00000000 00000000 00000000 00003333 00004ccd 00002667 00000001 00000000 01c9c380 0000027c
capture_snapshot GLI1 00010000 30000000 2500000 519 0 30000000 0 0 0 0 0 0 0 7cec3f48 00000000 82fe6720 00000000 00818353 00000000 00818353 00000000 0000006a 00000000 00000000 00000000 06122ced 00000000 008183bd 00000000 00000000 00000000 00000000 00000039 008b3199 00000001 00000000 00000001 00000000 00000000 00000000 00000000 00000000 00000000 00000000 00000000 00000000 00000000 00000000 00000000 00000000 00000000 00000000 00000000 b4b6fddf 00000001 82fe6733 00000000 00000000 00000000 00000000 00000000 00000101 00000080 00000000 00000000 00000000 00000000 00000000 00000000 00000000 00003333 00004ccd 00002667 00000001 00000000 01c9c380 0000027c
capture_snapshot GLI1 00010000 30000000 2500000 520 0 30000000 0 0 0 0 0 0 0 7cec3f48 00000000 83016cc0 00000000 0081c3cb 00000000 0081c3cb 00000000 0000006a 00000000 00000000 00000000 06153290 00000000 0081c435 00000000 00000000 00000000 00000000 00000039 008b3199 00000001 00000000 00000001 00000000 00000000 00000000 00000000 00000000 00000000 00000000 00000000 00000000 00000000 00000000 00000000 00000000 00000000 00000000 00000000 b4c11096 00000001 83016cd6 00000000 00000000 00000000 00000000 00000000 00000101 00000081 00000000 00000000 00000000 00000000 00000000 00000000 00000000 00003333 00004ccd 00002667 00000001 00000000 01c9c380 0000027c
capture_snapshot GLI1 00010000 30000000 2500000 521 0 30000000 0 0 0 0 0 0 0 7cec3f48 00000000 83047914 00000000 008204d2 00000000 008204d2 00000000 0000006a 00000000 00000000 00000000 06183ee1 00000000 0082053c 00000000 00000000 00000000 00000000 00000039 008b3199 00000001 00000000 00000001 00000000 00000000 00000000 00000000 00000000 00000000 00000000 00000000 00000000 00000000 00000000 00000000 00000000 00000000 00000000 00000000 b4cb3992 00000001 83047927 00000000 00000000 00000000 00000000 00000000 00000100 00000080 00000000 00000000 00000000 00000000 00000000 00000000 00000000 00003333 00004ccd 00002667 00000001 00000000 01c9c380 0000027c
capture_snapshot GLI1 00010000 30000000 2500000 522 0 30000000 0 0 0 0 0 0 0 7cec3f48 00000000 830761d4 00000000 008242e2 00000000 008242e2 00000000 0000006a 00000000 00000000 00000000 061b27a2 00000000 0082434c 00000000 00000000 00000000 00000000 00000039 008b3199 00000001 00000000 00000001 00000000 00000000 00000000 00000000 00000000 00000000 00000000 00000000 00000000 00000000 00000000 00000000 00000000 00000000 00000000 00000000 b4d4ec02 00000001 830761e8 00000000 00000000 00000000 00000000 00000000 00000100 00000080 00000000 00000000 00000000 00000000 00000000 00000000 00000000 00003333 00004ccd 00002667 00000001 00000000 01c9c380 0000027c
capture_snapshot GLI1 00010000 30000000 2500000 523 0 30000000 0 0 0 0 0 0 0 7cec3f48 00000000 830a60a8 00000000 008282c9 00000000 008282c9 00000000 0000006a 00000000 00000000 00000000 061e2676 00000000 00828333 00000000 00000000 00000000 00000000 00000039 008b3199 00000001 00000000 00000001 00000000 00000000 00000000 00000000 00000000 00000000 00000000 00000000 00000000 00000000 00000000 00000000 00000000 00000000 00000000 00000000 b4dee807 00000001 830a60bc 00000000 00000000 00000000 00000000 00000000 00000100 00000080 00000000 00000000 00000000 00000000 00000000 00000000 00000000 00003333 00004ccd 00002667 00000001 00000000 01c9c380 0000027c
capture_snapshot GLI1 00010000 30000000 2500000 524 0 30000000 0 0 0 0 0 0 0 7cec3f48 00000000 830d6654 00000000 0082c342 00000000 0082c342 00000000 0000006a 00000000 00000000 00000000 06212c1f 00000000 0082c3ac 00000000 00000000 00000000 00000000 00000039 008b3199 00000001 00000000 00000001 00000000 00000000 00000000 00000000 00000000 00000000 00000000 00000000 00000000 00000000 00000000 00000000 00000000 00000000 00000000 00000000 b4e8facf 00000001 830d6665 00000000 00000000 00000000 00000000 00000000 00000101 00000080 00000000 00000000 00000000 00000000 00000000 00000000 00000000 00003333 00004ccd 00002667 00000001 00000000 01c9c380 0000027c
capture_snapshot GLI1 00010000 30000000 2500000 525 0 30000000 0 0 0 0 0 0 0 7cec3f48 00000000 83106360 00000000 00830303 00000000 00830303 00000000 0000006a 00000000 00000000 00000000 06242932 00000000 0083036d 00000000 00000000 00000000 00000000 00000039 008b3199 00000001 00000000 00000001 00000000 00000000 00000000 00000000 00000000 00000000 00000000 00000000 00000000 00000000 00000000 00000000 00000000 00000000 00000000 00000000 b4f2f0fb 00000001 83106378 00000000 00000000 00000000 00000000 00000000 00000101 00000080 00000000 00000000 00000000 00000000 00000000 00000000 00000000 00003333 00004ccd 00002667 00000001 00000000 01c9c380 0000027c
capture_snapshot GLI1 00010000 30000000 2500000 526 0 30000000 0 0 0 0 0 0 0 7cec3f48 00000000 83136354 00000000 00834302 00000000 00834302 00000000 0000006a 00000000 00000000 00000000 06272923 00000000 0083436c 00000000 00000000 00000000 00000000 00000039 008b3199 00000001 00000000 00000001 00000000 00000000 00000000 00000000 00000000 00000000 00000000 00000000 00000000 00000000 00000000 00000000 00000000 00000000 00000000 00000000 b4fcf0b7 00000001 83136369 00000000 00000000 00000000 00000000 00000000 00000100 00000080 00000000 00000000 00000000 00000000 00000000 00000000 00000000 00003333 00004ccd 00002667 00000001 00000000 01c9c380 0000027c
capture_snapshot GLI1 00010000 30000000 2500000 527 0 30000000 0 0 0 0 0 0 0 7cec3f48 00000000 8316621c 00000000 008382e8 00000000 008382e8 00000000 0000006a 00000000 00000000 00000000 062a27e6 00000000 00838352 00000000 00000000 00000000 00000000 00000039 008b3199 00000001 00000000 00000001 00000000 00000000 00000000 00000000 00000000 00000000 00000000 00000000 00000000 00000000 00000000 00000000 00000000 00000000 00000000 00000000 b506ec81 00000001 8316622c 00000000 00000000 00000000 00000000 00000000 00000101 00000080 00000000 00000000 00000000 00000000 00000000 00000000 00000000 00003333 00004ccd 00002667 00000001 00000000 01c9c380 0000027c
capture_snapshot GLI1 00010000 30000000 2500000 528 0 30000000 0 0 0 0 0 0 0 7cec3f48 00000000 83196654 00000000 0083c342 00000000 0083c342 00000000 0000006a 00000000 00000000 00000000 062d2c23 00000000 0083c3ac 00000000 00000000 00000000 00000000 00000039 008b3199 00000001 00000000 00000001 00000000 00000000 00000000 00000000 00000000 00000000 00000000 00000000 00000000 00000000 00000000 00000000 00000000 00000000 00000000 00000000 b510fa90 00000001 83196669 00000000 00000000 00000000 00000000 00000000 00000100 00000080 00000000 00000000 00000000 00000000 00000000 00000000 00000000 00003333 00004ccd 00002667 00000001 00000000 01c9c380 0000027c
capture_snapshot GLI1 00010000 30000000 2500000 529 0 30000000 0 0 0 0 0 0 0 7cec3f48 00000000 831c65ac 00000000 00840334 00000000 00840334 00000000 0000006a 00000000 00000000 00000000 06302b7d 00000000 0084039e 00000000 00000000 00000000 00000000 00000039 008b3199 00000001 00000000 00000001 00000000 00000000 00000000 00000000 00000000 00000000 00000000 00000000 00000000 00000000 00000000 00000000 00000000 00000000 00000000 00000000 b51af853 00000001 831c65c3 00000000 00000000 00000000 00000000 00000000 00000100 00000081 00000000 00000000 00000000 00000000 00000000 00000000 00000000 00003333 00004ccd 00002667 00000001 00000000 01c9c380 0000027c
capture_snapshot GLI1 00010000 30000000 2500000 530 0 30000000 0 0 0 0 0 0 0 7cec3f48 00000000 831f66d8 00000000 0084434d 00000000 0084434d 00000000 0000006a 00000000 00000000 00000000 06332ca3 00000000 008443b7 00000000 00000000 00000000 00000000 00000039 008b3199 00000001 00000000 00000001 00000000 00000000 00000000 00000000 00000000 00000000 00000000 00000000 00000000 00000000 00000000 00000000 00000000 00000000 00000000 00000000 b524fc14 00000001 831f66e9 00000000 00000000 00000000 00000000 00000000 00000100 00000080 00000000 00000000 00000000 00000000 00000000 00000000 00000000 00003333 00004ccd 00002667 00000001 00000000 01c9c380 0000027c
capture_snapshot GLI1 00010000 30000000 2500000 531 0 30000000 0 0 0 0 0 0 0 7cec3f48 00000000 83226b58 00000000 008483ad 00000000 008483ad 00000000 0000006a 00000000 00000000 00000000 06363129 00000000 00848417 00000000 00000000 00000000 00000000 00000039 008b3199 00000001 00000000 00000001 00000000 00000000 00000000 00000000 00000000 00000000 00000000 00000000 00000000 00000000 00000000 00000000 00000000 00000000 00000000 00000000 b52f0b12 00000001 83226b6f 00000000 00000000 00000000 00000000 00000000 00000101 00000080 00000000 00000000 00000000 00000000 00000000 00000000 00000000 00003333 00004ccd 00002667 00000001 00000000 01c9c380 0000027c
capture_snapshot GLI1 00010000 30000000 2500000 532 0 30000000 0 0 0 0 0 0 0 7cec3f48 00000000 83256150 00000000 0084c2d7 00000000 0084c2d7 00000000 0000006a 00000000 00000000 00000000 0639271f 00000000 0084c341 00000000 00000000 00000000 00000000 00000039 008b3199 00000001 00000000 00000001 00000000 00000000 00000000 00000000 00000000 00000000 00000000 00000000 00000000 00000000 00000000 00000000 00000000 00000000 00000000 00000000 b538e98a 00000001 83256165 00000000 00000000 00000000 00000000 00000000 00000100 00000080 00000000 00000000 00000000 00000000 00000000 00000000 00000000 00003333 00004ccd 00002667 00000001 00000000 01c9c380 0000027c
capture_snapshot GLI1 00010000 30000000 2500000 533 0 30000000 0 0 0 0 0 0 0 7cec3f48 00000000 83286468 00000000 00850319 00000000 00850319 00000000 0000006a 00000000 00000000 00000000 063c2a31 00000000 00850383 00000000 00000000 00000000 00000000 00000039 008b3199 00000001 00000000 00000001 00000000 00000000 00000000 00000000 00000000 00000000 00000000 00000000 00000000 00000000 00000000 00000000 00000000 00000000 00000000 00000000 b542f3b2 00000001 83286477 00000000 00000000 00000000 00000000 00000000 00000101 00000081 00000000 00000000 00000000 00000000 00000000 00000000 00000000 00003333 00004ccd 00002667 00000001 00000000 01c9c380 0000027c
capture_snapshot GLI1 00010000 30000000 2500000 534 0 30000000 0 0 0 0 0 0 0 7cec3f48 00000000 832b633c 00000000 00854300 00000000 00854300 00000000 0000006a 00000000 00000000 00000000 063f290e 00000000 0085436a 00000000 00000000 00000000 00000000 00000039 008b3199 00000001 00000000 00000001 00000000 00000000 00000000 00000000 00000000 00000000 00000000 00000000 00000000 00000000 00000000 00000000 00000000 00000000 00000000 00000000 b54cefd3 00000001 832b6354 00000000 00000000 00000000 00000000 00000000 00000101 00000080 00000000 00000000 00000000 00000000 00000000 00000000 00000000 00003333 00004ccd 00002667 00000001 00000000 01c9c380 0000027c
capture_snapshot GLI1 00010000 30000000 2500000 535 0 30000000 0 0 0 0 0 0 0 7cec3f48 00000000 832e6108 00000000 008582d1 00000000 008582d1 00000000 0000006a 00000000 00000000 00000000 064226d6 00000000 0085833b 00000000 00000000 00000000 00000000 00000039 008b3199 00000001 00000000 00000001 00000000 00000000 00000000 00000000 00000000 00000000 00000000 00000000 00000000 00000000 00000000 00000000 00000000 00000000 00000000 00000000 b556e85b 00000001 832e611c 00000000 00000000 00000000 00000000 00000000 00000101 00000081 00000000 00000000 00000000 00000000 00000000 00000000 00000000 00003333 00004ccd 00002667 00000001 00000000 01c9c380 0000027c
capture_snapshot GLI1 00010000 30000000 2500000 536 0 30000000 0 0 0 0 0 0 0 7cec3f48 00000000 8331615c 00000000 0085c2d8 00000000 0085c2d8 00000000 0000006a 00000000 00000000 00000000 06452729 00000000 0085c342 00000000 00000000 00000000 00000000 00000039 008b3199 00000001 00000000 00000001 00000000 00000000 00000000 00000000 00000000 00000000 00000000 00000000 00000000 00000000 00000000 00000000 00000000 00000000 00000000 00000000 b560e95b 00000001 8331616f 00000000 00000000 00000000 00000000 00000000 00000100 00000080 00000000 00000000 00000000 00000000 00000000 00000000 00000000 00003333 00004ccd 00002667 00000001 00000000 01c9c380 0000027c
capture_snapshot GLI1 00010000 30000000 2500000 537 0 30000000 0 0 0 0 0 0 0 7cec3f48 00000000 833460d8 00000000 008602cd 00000000 008602cd 00000000 0000006a 00000000 00000000 00000000 064826ab 00000000 00860337 00000000 00000000 00000000 00000000 00000039 008b3199 00000001 00000000 00000001 00000000 00000000 00000000 00000000 00000000 00000000 00000000 00000000 00000000 00000000 00000000 00000000 00000000 00000000 00000000 00000000 b56ae7a4 00000001 833460f1 00000000 00000000 00000000 00000000 00000000 00000101 00000080 00000000 00000000 00000000 00000000 00000000 00000000 00000000 00003333 00004ccd 00002667 00000001 00000000 01c9c380 0000027c
capture_snapshot GLI1 00010000 30000000 2500000 538 0 30000000 0 0 0 0 0 0 0 7cec3f48 00000000 83376144 00000000 008642d6 00000000 008642d6 00000000 0000006a 00000000 00000000 00000000 064b2710 00000000 00864340 00000000 00000000 00000000 00000000 00000039 008b3199 00000001 00000000 00000001 00000000 00000000 00000000 00000000 00000000 00000000 00000000 00000000 00000000 00000000 00000000 00000000 00000000 00000000 00000000 00000000 b574e8e2 00000001 83376156 00000000 00000000 00000000 00000000 00000000 00000101 00000081 00000000 00000000 00000000 00000000 00000000 00000000 00000000 00003333 00004ccd 00002667 00000001 00000000 01c9c380 0000027c
capture_snapshot GLI1 00010000 30000000 2500000 539 0 30000000 0 0 0 0 0 0 0 7cec3f48 00000000 833a67f8 00000000 00868365 00000000 00868365 00000000 0000006a 00000000 00000000 00000000 064e2dcb 00000000 008683cf 00000000 00000000 00000000 00000000 00000039 008b3199 00000001 00000000 00000001 00000000 00000000 00000000 00000000 00000000 00000000 00000000 00000000 00000000 00000000 00000000 00000000 00000000 00000000 00000000 00000000 b57eff3f 00000001 833a6811 00000000 00000000 00000000 00000000 00000000 00000100 00000080 00000000 00000000 00000000 00000000 00000000 00000000 00000000 00003333 00004ccd 00002667 00000001 00000000 01c9c380 0000027c
capture_snapshot GLI1 00010000 30000000 2500000 540 0 30000000 0 0 0 0 0 0 0 7cec3f48 00000000 833d6a50 00000000 0086c397 00000000 0086c397 00000000 0000006a 00000000 00000000 00000000 0651301e 00000000 0086c401 00000000 00000000 00000000 00000000 00000039 008b3199 00000001 00000000 00000001 00000000 00000000 00000000 00000000 00000000 00000000 00000000 00000000 00000000 00000000 00000000 00000000 00000000 00000000 00000000 00000000 b58906eb 00000001 833d6a64 00000000 00000000 00000000 00000000 00000000 00000100 00000080 00000000 00000000 00000000 00000000 00000000 00000000 00000000 00003333 00004ccd 00002667 00000001 00000000 01c9c380 0000027c
capture_snapshot GLI1 00010000 30000000 2500000 541 0 30000000 0 0 0 0 0 0 0 7cec3f48 00000000 83406a50 00000000 00870397 00000000 00870397 00000000 0000006a 00000000 00000000 00000000 06543021 00000000 00870401 00000000 00000000 00000000 00000000 00000039 008b3199 00000001 00000000 00000001 00000000 00000000 00000000 00000000 00000000 00000000 00000000 00000000 00000000 00000000 00000000 00000000 00000000 00000000 00000000 00000000 b59306e2 00000001 83406a67 00000000 00000000 00000000 00000000 00000000 00000100 00000080 00000000 00000000 00000000 00000000 00000000 00000000 00000000 00003333 00004ccd 00002667 00000001 00000000 01c9c380 0000027c
capture_snapshot GLI1 00010000 30000000 2500000 542 0 30000000 0 0 0 0 0 0 0 7cec3f48 00000000 834362ac 00000000 008742f4 00000000 008742f4 00000000 0000006a 00000000 00000000 00000000 0657287f 00000000 0087435e 00000000 00000000 00000000 00000000 00000039 008b3199 00000001 00000000 00000001 00000000 00000000 00000000 00000000 00000000 00000000 00000000 00000000 00000000 00000000 00000000 00000000 00000000 00000000 00000000 00000000 b59ced5b 00000001 834362c5 00000000 00000000 00000000 00000000 00000000 00000101 00000081 00000000 00000000 00000000 00000000 00000000 00000000 00000000 00003333 00004ccd 00002667 00000001 00000000 01c9c380 0000027c
capture_snapshot GLI1 00010000 30000000 2500000 543 0 30000000 0 0 0 0 0 0 0 7cec3f48 00000000 83466384 00000000 00878306 00000000 00878306 00000000 0000006a 00000000 00000000 00000000 065a2953 00000000 00878370 00000000 00000000 00000000 00000000 00000039 008b3199 00000001 00000000 00000001 00000000 00000000 00000000 00000000 00000000 00000000 00000000 00000000 00000000 00000000 00000000 00000000 00000000 00000000 00000000 00000000 b5a6f009 00000001 83466399 00000000 00000000 00000000 00000000 00000000 00000100 00000080 00000000 00000000 00000000 00000000 00000000 00000000 00000000 00003333 00004ccd 00002667 00000001 00000000 01c9c380 0000027c
capture_snapshot GLI1 00010000 30000000 2500000 544 0 30000000 0 0 0 0 0 0 0 7cec3f48 00000000 834962dc 00000000 0087c2f8 00000000 0087c2f8 00000000 0000006a 00000000 00000000 00000000 065d28a5 00000000 0087c362 00000000 00000000 00000000 00000000 00000039 008b3199 00000001 00000000 00000001 00000000 00000000 00000000 00000000 00000000 00000000 00000000 00000000 00000000 00000000 00000000 00000000 00000000 00000000 00000000 00000000 b5b0edb5 00000001 834962eb 00000000 00000000 00000000 00000000 00000000 00000100 00000080 00000000 00000000 00000000 00000000 00000000 00000000 00000000 00003333 00004ccd 00002667 00000001 00000000 01c9c380 0000027c
capture_snapshot GLI1 00010000 30000000 2500000 545 0 30000000 0 0 0 0 0 0 0 7cec3f48 00000000 834c61c8 00000000 008802e1 00000000 008802e1 00000000 0000006a 00000000 00000000 00000000 06602799 00000000 0088034b 00000000 00000000 00000000 00000000 00000039 008b3199 00000001 00000000 00000001 00000000 00000000 00000000 00000000 00000000 00000000 00000000 00000000 00000000 00000000 00000000 00000000 00000000 00000000 00000000 00000000 b5baea21 00000001 834c61df 00000000 00000000 00000000 00000000 00000000 00000101 00000080 00000000 00000000 00000000 00000000 00000000 00000000 00000000 00003333 00004ccd 00002667 00000001 00000000 01c9c380 0000027c
capture_snapshot GLI1 00010000 30000000 2500000 546 0 30000000 0 0 0 0 0 0 0 7cec3f48 00000000 834f61ec 00000000 008842e4 00000000 008842e4 00000000 0000006a 00000000 00000000 00000000 066327ba 00000000 0088434e 00000000 00000000 00000000 00000000 00000039 008b3199 00000001 00000000 00000001 00000000 00000000 00000000 00000000 00000000 00000000 00000000 00000000 00000000 00000000 00000000 00000000 00000000 00000000 00000000 00000000 b5c4ea7e 00000001 834f6200 00000000 00000000 00000000 00000000 00000000 00000100 00000080 00000000 00000000 00000000 00000000 00000000 00000000 00000000 00003333 00004ccd 00002667 00000001 00000000 01c9c380 0000027c
capture_snapshot GLI1 00010000 30000000 2500000 547 0 30000000 0 0 0 0 0 0 0 7cec3f48 00000000 8352645c 00000000 00888318 00000000 00888318 00000000 0000006a 00000000 00000000 00000000 06662a2e 00000000 00888382 00000000 00000000 00000000 00000000 00000039 008b3199 00000001 00000000 00000001 00000000 00000000 00000000 00000000 00000000 00000000 00000000 00000000 00000000 00000000 00000000 00000000 00000000 00000000 00000000 00000000 b5cef297 00000001 83526474 00000000 00000000 00000000 00000000 00000000 00000101 00000081 00000000 00000000 00000000 00000000 00000000 00000000 00000000 00003333 00004ccd 00002667 00000001 00000000 01c9c380 0000027c
capture_snapshot GLI1 00010000 30000000 2500000 548 0 30000000 0 0 0 0 0 0 0 7cec3f48 00000000 8355636c 00000000 0088c304 00000000 0088c304 00000000 0000006a 00000000 00000000 00000000 06692935 00000000 0088c36e 00000000 00000000 00000000 00000000 00000039 008b3199 00000001 00000000 00000001 00000000 00000000 00000000 00000000 00000000 00000000 00000000 00000000 00000000 00000000 00000000 00000000 00000000 00000000 00000000 00000000 b5d8ef44 00000001 8355637b 00000000 00000000 00000000 00000000 00000000 00000101 00000080 00000000 00000000 00000000 00000000 00000000 00000000 00000000 00003333 00004ccd 00002667 00000001 00000000 01c9c380 0000027c
capture_snapshot GLI1 00010000 30000000 2500000 549 0 30000000 0 0 0 0 0 0 0 7cec3f48 00000000 83586c24 00000000 008903be 00000000 008903be 00000000 0000006a 00000000 00000000 00000000 066c31f4 00000000 00890428 00000000 00000000 00000000 00000000 00000039 008b3199 00000001 00000000 00000001 00000000 00000000 00000000 00000000 00000000 00000000 00000000 00000000 00000000 00000000 00000000 00000000 00000000 00000000 00000000 00000000 b5e30c58 00000001 83586c3a 00000000 00000000 00000000 00000000 00000000 00000101 00000081 00000000 00000000 00000000 00000000 00000000 00000000 00000000 00003333 00004ccd 00002667 00000001 00000000 01c9c380 0000027c
capture_snapshot GLI1 00010000 30000000 2500000 550 0 30000000 0 0 0 0 0 0 0 7cec3f48 00000000 835b6ed0 00000000 008943f7 00000000 008943f7 00000000 0000006a 00000000 00000000 00000000 066f349b 00000000 00894461 00000000 00000000 00000000 00000000 00000039 008b3199 00000001 00000000 00000001 00000000 00000000 00000000 00000000 00000000 00000000 00000000 00000000 00000000 00000000 00000000 00000000 00000000 00000000 00000000 00000000 b5ed151d 00000001 835b6ee1 00000000 00000000 00000000 00000000 00000000 00000101 00000080 00000000 00000000 00000000 00000000 00000000 00000000 00000000 00003333 00004ccd 00002667 00000001 00000000 01c9c380 0000027c
capture_snapshot GLI1 00010000 30000000 2500000 551 0 30000000 0 0 0 0 0 0 0 7cec3f48 00000000 835e6ad4 00000000 008983a2 00000000 008983a2 00000000 0000006a 00000000 00000000 00000000 067230a4 00000000 0089840c 00000000 00000000 00000000 00000000 00000039 008b3199 00000001 00000000 00000001 00000000 00000000 00000000 00000000 00000000 00000000 00000000 00000000 00000000 00000000 00000000 00000000 00000000 00000000 00000000 00000000 b5f707d0 00000001 835e6aea 00000000 00000000 00000000 00000000 00000000 00000100 00000080 00000000 00000000 00000000 00000000 00000000 00000000 00000000 00003333 00004ccd 00002667 00000001 00000000 01c9c380 0000027c
capture_snapshot GLI1 00010000 30000000 2500000 552 0 30000000 0 0 0 0 0 0 0 7cec3f48 00000000 83616594 00000000 0089c332 00000000 0089c332 00000000 0000006a 00000000 00000000 00000000 06752b64 00000000 0089c39c 00000000 00000000 00000000 00000000 00000039 008b3199 00000001 00000000 00000001 00000000 00000000 00000000 00000000 00000000 00000000 00000000 00000000 00000000 00000000 00000000 00000000 00000000 00000000 00000000 00000000 b600f63d 00000001 836165aa 00000000 00000000 00000000 00000000 00000000 00000101 00000080 00000000 00000000 00000000 00000000 00000000 00000000 00000000 00003333 00004ccd 00002667 00000001 00000000 01c9c380 0000027c
capture_snapshot GLI1 00010000 30000000 2500000 553 0 30000000 0 0 0 0 0 0 0 7cec3f48 00000000 836463fc 00000000 008a0310 00000000 008a0310 00000000 0000006a 00000000 00000000 00000000 067829ca 00000000 008a037a 00000000 00000000 00000000 00000000 00000039 008b3199 00000001 00000000 00000001 00000000 00000000 00000000 00000000 00000000 00000000 00000000 00000000 00000000 00000000 00000000 00000000 00000000 00000000 00000000 00000000 b60af0d3 00000001 83646410 00000000 00000000 00000000 00000000 00000000 00000101 00000080 00000000 00000000 00000000 00000000 00000000 00000000 00000000 00003333 00004ccd 00002667 00000001 00000000 01c9c380 0000027c
capture_snapshot GLI1 00010000 30000000 2500000 554 0 30000000 0 0 0 0 0 0 0 7cec3f48 00000000 836762dc 00000000 008a42f8 00000000 008a42f8 00000000 0000006a 00000000 00000000 00000000 067b28ad 00000000 008a4362 00000000 00000000 00000000 00000000 00000039 008b3199 00000001 00000000 00000001 00000000 00000000 00000000 00000000 00000000 00000000 00000000 00000000 00000000 00000000 00000000 00000000 00000000 00000000 00000000 00000000 b614ed0b 00000001 836762f3 00000000 00000000 00000000 00000000 00000000 00000101 00000081 00000000 00000000 00000000 00000000 00000000 00000000 00000000 00003333 00004ccd 00002667 00000001 00000000 01c9c380 0000027c
capture_snapshot GLI1 00010000 30000000 2500000 555 0 30000000 0 0 0 0 0 0 0 7cec3f48 00000000 836a6114 00000000 008a82d2 00000000 008a82d2 00000000 0000006a 00000000 00000000 00000000 067e26de 00000000 008a833c 00000000 00000000 00000000 00000000 00000039 008b3199 00000001 00000000 00000001 00000000 00000000 00000000 00000000 00000000 00000000 00000000 00000000 00000000 00000000 00000000 00000000 00000000 00000000 00000000 00000000 b61ee6ef 00000001 836a6124 00000000 00000000 00000000 00000000 00000000 00000101 00000080 00000000 00000000 00000000 00000000 00000000 00000000 00000000 00003333 00004ccd 00002667 00000001 00000000 01c9c380 0000027c
capture_snapshot GLI1 00010000 30000000 2500000 556 0 30000000 0 0 0 0 0 0 0 7cec3f48 00000000 836d61e0 00000000 008ac2e3 00000000 008ac2e3 00000000 0000006a 00000000 00000000 00000000 068127ac 00000000 008ac34d 00000000 00000000 00000000 00000000 00000039 008b3199 00000001 00000000 00000001 00000000 00000000 00000000 00000000 00000000 00000000 00000000 00000000 00000000 00000000 00000000 00000000 00000000 00000000 00000000 00000000 b628e98c 00000001 836d61f2 00000000 00000000 00000000 00000000 00000000 00000100 00000080 00000000 00000000 00000000 00000000 00000000 00000000 00000000 00003333 00004ccd 00002667 00000001 00000000 01c9c380 0000027c
capture_snapshot GLI1 00010000 30000000 2500000 557 0 30000000 0 0 0 0 0 0 0 7cec3f48 00000000 83706294 00000000 008b02f2 00000000 008b02f2 00000000 0000006a 00000000 00000000 00000000 06842865 00000000 008b035c 00000000 00000000 00000000 00000000 00000039 008b3199 00000001 00000000 00000001 00000000 00000000 00000000 00000000 00000000 00000000 00000000 00000000 00000000 00000000 00000000 00000000 00000000 00000000 00000000 00000000 b632ebe0 00000001 837062ab 00000000 00000000 00000000 00000000 00000000 00000101 00000081 00000000 00000000 00000000 00000000 00000000 00000000 00000000 00003333 00004ccd 00002667 00000001 00000000 01c9c380 0000027c
capture_snapshot GLI1 00010000 30000000 2500000 558 0 30000000 0 0 0 0 0 0 0 7cec3f48 00000000 83736720 00000000 008b4353 00000000 008b4353 00000000 0000006a 00000000 00000000 00000000 06872cf1 00000000 008b43bd 00000000 00000000 00000000 00000000 00000039 008b3199 00000001 00000000 00000001 00000000 00000000 00000000 00000000 00000000 00000000 00000000 00000000 00000000 00000000 00000000 00000000 00000000 00000000 00000000 00000000 b63cfaf3 00000001 83736737 00000000 00000000 00000000 00000000 00000000 00000100 00000080 00000000 00000000 00000000 00000000 00000000 00000000 00000000 00003333 00004ccd 00002667 00000001 00000000 01c9c380 0000027c
capture_snapshot GLI1 00010000 30000000 2500000 559 0 30000000 0 0 0 0 0 0 0 7cec3f48 00000000 83766b34 00000000 008b83aa 00000000 008b83aa 00000000 0000006a 00000000 00000000 00000000 068a3103 00000000 008b8414 00000000 00000000 00000000 00000000 00000039 008b3199 00000001 00000000 00000001 00000000 00000000 00000000 00000000 00000000 00000000 00000000 00000000 00000000 00000000 00000000 00000000 00000000 00000000 00000000 00000000 b6470871 00000001 83766b49 00000000 00000000 00000000 00000000 00000000 00000101 00000080 00000000 00000000 00000000 00000000 00000000 00000000 00000000 00003333 00004ccd 00002667 00000001 00000000 01c9c380 0000027c
capture_snapshot GLI1 00010000 30000000 2500000 560 0 30000000 0 0 0 0 0 0 0 7cec3f48 00000000 83796ae0 00000000 008bc3a3 00000000 008bc3a3 00000000 0000006a 00000000 00000000 00000000 068d30a9 00000000 008bc40d 00000000 00000000 00000000 00000000 00000039 008b3199 00000001 00000000 00000001 00000000 00000000 00000000 00000000 00000000 00000000 00000000 00000000 00000000 00000000 00000000 00000000 00000000 00000000 00000000 00000000 b6510731 00000001 83796aef 00000000 00000000 00000000 00000000 00000000 00000100 00000080 00000000 00000000 00000000 00000000 00000000 00000000 00000000 00003333 00004ccd 00002667 00000001 00000000 01c9c380 0000027c
capture_snapshot GLI1 00010000 30000000 2500000 561 0 30000000 0 0 0 0 0 0 0 7cec3f48 00000000 837c6714 00000000 008c0352 00000000 008c0352 00000000 0000006a 00000000 00000000 00000000 06902ce6 00000000 008c03bc 00000000 00000000 00000000 00000000 00000039 008b3199 00000001 00000000 00000001 00000000 00000000 00000000 00000000 00000000 00000000 00000000 00000000 00000000 00000000 00000000 00000000 00000000 00000000 00000000 00000000 b65afa96 00000001 837c672c 00000000 00000000 00000000 00000000 00000000 00000100 00000080 00000000 00000000 00000000 00000000 00000000 00000000 00000000 00003333 00004ccd 00002667 00000001 00000000 01c9c380 0000027c
capture_snapshot GLI1 00010000 30000000 2500000 562 0 30000000 0 0 0 0 0 0 0 7cec3f48 00000000 837f63c0 00000000 008c430b 00000000 008c430b 00000000 0000006a 00000000 00000000 00000000 06932990 00000000 008c4375 00000000 00000000 00000000 00000000 00000039 008b3199 00000001 00000000 00000001 00000000 00000000 00000000 00000000 00000000 00000000 00000000 00000000 00000000 00000000 00000000 00000000 00000000 00000000 00000000 00000000 b664ef62 00000001 837f63d6 00000000 00000000 00000000 00000000 00000000 00000101 00000080 00000000 00000000 00000000 00000000 00000000 00000000 00000000 00003333 00004ccd 00002667 00000001 00000000 01c9c380 0000027c
capture_snapshot GLI1 00010000 30000000 2500000 563 0 30000000 0 0 0 0 0 0 0 7cec3f48 00000000 838260e4 00000000 008c82ce 00000000 008c82cd 00000000 0000006a 00000000 00000000 00000000 069626ac 00000000 008c8338 00000000 00000000 00000000 00000000 0000003b 008b3199 00000001 00000001 00000001 00000000 00000000 00000000 00000000 00000000 00000000 00000000 00000000 00000000 00000000 00000000 00000000 00000000 00000000 00000000 00000000 b66ee5ae 00000001 838260f2 00000000 00000000 00000000 00000000 00000000 00000100 00000080 00000000 00000000 00000000 00000000 00000000 00000000 00000000 00003333 00004ccd 00002667 00000001 00000000 01c9c380 0000027c
capture_snapshot GLI1 00010000 30000000 2500000 564 0 30000000 0 0 0 0 0 0 0 7cec3f48 00000000 8385546c 00000000 008cc1c4 00000000 008cc1c4 00000000 0000006a 00000000 00000000 00000000 06991a36 00000000 008cc22e 00000000 00000000 00000000 00000000 00000039 008b3199 00000001 00000000 00000001 00000000 00000000 00000000 00000000 00000000 00000000 00000000 00000000 00000000 00000000 00000000 00000000 00000000 00000000 00000000 00000000 b678bc12 00000001 8385547c 00000000 00000000 00000000 00000000 00000000 00000100 00000080 00000000 00000000 00000000 00000000 00000000 00000000 00000000 00003333 00004ccd 00002667 00000001 00000000 01c9c380 0000027c
capture_snapshot GLI1 00010000 30000000 2500000 565 0 30000000 0 0 0 0 0 0 0 7cec3f48 00000000 83885388 00000000 008d01b1 00000000 008d01b1 00000000 0000006a 00000000 00000000 00000000 069c195b 00000000 008d021b 00000000 00000000 00000000 00000000 00000039 008b3199 00000001 00000000 00000001 00000000 00000000 00000000 00000000 00000000 00000000 00000000 00000000 00000000 00000000 00000000 00000000 00000000 00000000 00000000 00000000 b682b923 00000001 838853a1 00000000 00000000 00000000 00000000 00000000 00000101 00000081 00000000 00000000 00000000 00000000 00000000 00000000 00000000 00003333 00004ccd 00002667 00000001 00000000 01c9c380 0000027c
capture_snapshot GLI1 00010000 30000000 2500000 566 0 30000000 0 0 0 0 0 0 0 7cec3f48 00000000 838b5a00 00000000 008d423b 00000000 008d423b 00000000 0000006a 00000000 00000000 00000000 069f1fcb 00000000 008d42a5 00000000 00000000 00000000 00000000 00000039 008b3199 00000001 00000000 00000001 00000000 00000000 00000000 00000000 00000000 00000000 00000000 00000000 00000000 00000000 00000000 00000000 00000000 00000000 00000000 00000000 b68cce84 00000001 838b5a11 00000000 00000000 00000000 00000000 00000000 00000101 00000080 00000000 00000000 00000000 00000000 00000000 00000000 00000000 00003333 00004ccd 00002667 00000001 00000000 01c9c380 0000027c
capture_snapshot GLI1 00010000 30000000 2500000 567 0 30000000 0 0 0 0 0 0 0 7cec3f48 00000000 838e531c 00000000 008d81a8 00000000 008d81a8 00000000 0000006a 00000000 00000000 00000000 06a218e6 00000000 008d8212 00000000 00000000 00000000 00000000 00000039 008b3199 00000001 00000000 00000001 00000000 00000000 00000000 00000000 00000000 00000000 00000000 00000000 00000000 00000000 00000000 00000000 00000000 00000000 00000000 00000000 b696b777 00000001 838e532c 00000000 00000000 00000000 00000000 00000000 00000100 00000080 00000000 00000000 00000000 00000000 00000000 00000000 00000000 00003333 00004ccd 00002667 00000001 00000000 01c9c380 0000027c
capture_snapshot GLI1 00010000 30000000 2500000 568 0 30000000 0 0 0 0 0 0 0 7cec3f48 00000000 8391513c 00000000 008dc180 00000000 008dc180 00000000 0000006a 00000000 00000000 00000000 06a51708 00000000 008dc1ea 00000000 00000000 00000000 00000000 00000039 008b3199 00000001 00000000 00000001 00000000 00000000 00000000 00000000 00000000 00000000 00000000 00000000 00000000 00000000 00000000 00000000 00000000 00000000 00000000 00000000 b6a0b12a 00000001 8391514e 00000000 00000000 00000000 00000000 00000000 00000100 00000080 00000000 00000000 00000000 00000000 00000000 00000000 00000000 00003333 00004ccd 00002667 00000001 00000000 01c9c380 0000027c
capture_snapshot GLI1 00010000 30000000 2500000 569 0 30000000 0 0 0 0 0 0 0 7cec3f48 00000000 83945118 00000000 008e017d 00000000 008e017d 00000000 0000006a 00000000 00000000 00000000 06a816e1 00000000 008e01e7 00000000 00000000 00000000 00000000 00000039 008b3199 00000001 00000000 00000001 00000000 00000000 00000000 00000000 00000000 00000000 00000000 00000000 00000000 00000000 00000000 00000000 00000000 00000000 00000000 00000000 b6aab093 00000001 83945127 00000000 00000000 00000000 00000000 00000000 00000101 00000080 00000000 00000000 00000000 00000000 00000000 00000000 00000000 00003333 00004ccd 00002667 00000001 00000000 01c9c380 0000027c
capture_snapshot GLI1 00010000 30000000 2500000 570 0 30000000 0 0 0 0 0 0 0 7cec3f48 00000000 83975160 00000000 008e4183 00000000 008e4183 00000000 0000006a 00000000 00000000 00000000 06ab1733 00000000 008e41ed 00000000 00000000 00000000 00000000 00000039 008b3199 00000001 00000000 00000001 00000000 00000000 00000000 00000000 00000000 00000000 00000000 00000000 00000000 00000000 00000000 00000000 00000000 00000000 00000000 00000000 b6b4b190 00000001 83975179 00000000 00000000 00000000 00000000 00000000 00000100 00000080 00000000 00000000 00000000 00000000 00000000 00000000 00000000 00003333 00004ccd 00002667 00000001 00000000 01c9c380 0000027c
capture_snapshot GLI1 00010000 30000000 2500000 571 0 30000000 0 0 0 0 0 0 0 7cec3f48 00000000 839a50c4 00000000 008e8176 00000000 008e8176 00000000 0000006a 00000000 00000000 00000000 06ae1698 00000000 008e81e0 00000000 00000000 00000000 00000000 00000039 008b3199 00000001 00000000 00000001 00000000 00000000 00000000 00000000 00000000 00000000 00000000 00000000 00000000 00000000 00000000 00000000 00000000 00000000 00000000 00000000 b6beaf79 00000001 839a50de 00000000 00000000 00000000 00000000 00000000 00000101 00000081 00000000 00000000 00000000 00000000 00000000 00000000 00000000 00003333 00004ccd 00002667 00000001 00000000 01c9c380 0000027c
capture_snapshot GLI1 00010000 30000000 2500000 572 0 30000000 0 0 0 0 0 0 0 7cec3f48 00000000 839d513c 00000000 008ec180 00000000 008ec180 00000000 0000006a 00000000 00000000 00000000 06b1170d 00000000 008ec1ea 00000000 00000000 00000000 00000000 00000039 008b3199 00000001 00000000 00000001 00000000 00000000 00000000 00000000 00000000 00000000 00000000 00000000 00000000 00000000 00000000 00000000 00000000 00000000 00000000 00000000 b6c8b0eb 00000001 839d5153 00000000 00000000 00000000 00000000 00000000 00000101 00000080 00000000 00000000 00000000 00000000 00000000 00000000 00000000 00003333 00004ccd 00002667 00000001 00000000 01c9c380 0000027c
capture_snapshot GLI1 00010000 30000000 2500000 573 0 30000000 0 0 0 0 0 0 0 7cec3f48 00000000 83a052c8 00000000 008f01a1 00000000 008f01a0 00000000 0000006a 00000000 00000000 00000000 06b41890 00000000 008f020b 00000000 00000000 00000000 00000000 0000003b 008b3199 00000001 00000001 00000001 00000000 00000000 00000000 00000000 00000000 00000000 00000000 00000000 00000000 00000000 00000000 00000000 00000000 00000000 00000000 00000000 b6d2b5e3 00000001 83a052d6 00000000 00000000 00000000 00000000 00000000 00000100 00000080 00000000 00000000 00000000 00000000 00000000 00000000 00000000 00003333 00004ccd 00002667 00000001 00000000 01c9c380 0000027c
capture_snapshot GLI1 00010000 30000000 2500000 574 0 30000000 0 0 0 0 0 0 0 7cec3f48 00000000 83a350e8 00000000 008f4179 00000000 008f4179 00000000 0000006a 00000000 00000000 00000000 06b716bb 00000000 008f41e3 00000000 00000000 00000000 00000000 00000039 008b3199 00000001 00000000 00000001 00000000 00000000 00000000 00000000 00000000 00000000 00000000 00000000 00000000 00000000 00000000 00000000 00000000 00000000 00000000 00000000 b6dcafb3 00000001 83a35101 00000000 00000000 00000000 00000000 00000000 00000101 00000081 00000000 00000000 00000000 00000000 00000000 00000000 00000000 00003333 00004ccd 00002667 00000001 00000000 01c9c380 0000027c
capture_snapshot GLI1 00010000 30000000 2500000 575 0 30000000 0 0 0 0 0 0 0 7cec3f48 00000000 83a65178 00000000 008f8185 00000000 008f8185 00000000 0000006a 00000000 00000000 00000000 06ba1749 00000000 008f81ef 00000000 00000000 00000000 00000000 00000039 008b3199 00000001 00000000 00000001 00000000 00000000 00000000 00000000 00000000 00000000 00000000 00000000 00000000 00000000 00000000 00000000 00000000 00000000 00000000 00000000 b6e6b179 00000001 83a6518f 00000000 00000000 00000000 00000000 00000000 00000101 00000081 00000000 00000000 00000000 00000000 00000000 00000000 00000000 00003333 00004ccd 00002667 00000001 00000000 01c9c380 0000027c
capture_snapshot GLI1 00010000 30000000 2500000 576 0 30000000 0 0 0 0 0 0 0 7cec3f48 00000000 83a950c4 00000000 008fc176 00000000 008fc176 00000000 0000006a 00000000 00000000 00000000 06bd1695 00000000 008fc1e0 00000000 00000000 00000000 00000000 00000039 008b3199 00000001 00000000 00000001 00000000 00000000 00000000 00000000 00000000 00000000 00000000 00000000 00000000 00000000 00000000 00000000 00000000 00000000 00000000 00000000 b6f0af0f 00000001 83a950db 00000000 00000000 00000000 00000000 00000000 00000100 00000080 00000000 00000000 00000000 00000000 00000000 00000000 00000000 00003333 00004ccd 00002667 00000001 00000000 01c9c380 0000027c
capture_snapshot GLI1 00010000 30000000 2500000 577 0 30000000 0 0 0 0 0 0 0 7cec3f48 00000000 83ac5124 00000000 0090017e 00000000 0090017e 00000000 0000006a 00000000 00000000 00000000 06c016f5 00000000 009001e8 00000000 00000000 00000000 00000000 00000039 008b3199 00000001 00000000 00000001 00000000 00000000 00000000 00000000 00000000 00000000 00000000 00000000 00000000 00000000 00000000 00000000 00000000 00000000 00000000 00000000 b6fab03b 00000001 83ac513b 00000000 00000000 00000000 00000000 00000000 00000101 00000081 00000000 00000000 00000000 00000000 00000000 00000000 00000000 00003333 00004ccd 00002667 00000001 00000000 01c9c380 0000027c
capture_snapshot GLI1 00010000 30000000 2500000 578 0 30000000 0 0 0 0 0 0 0 7cec3f48 00000000 83af5190 00000000 00904187 00000000 00904187 00000000 0000006a 00000000 00000000 00000000 06c31763 00000000 009041f1 00000000 00000000 00000000 00000000 00000039 008b3199 00000001 00000000 00000001 00000000 00000000 00000000 00000000 00000000 00000000 00000000 00000000 00000000 00000000 00000000 00000000 00000000 00000000 00000000 00000000 b704b194 00000001 83af51a9 00000000 00000000 00000000 00000000 00000000 00000100 00000080 00000000 00000000 00000000 00000000 00000000 00000000 00000000 00003333 00004ccd 00002667 00000001 00000000 01c9c380 0000027c
capture_snapshot GLI1 00010000 30000000 2500000 579 0 30000000 0 0 0 0 0 0 0 7cec3f48 00000000 83b255d4 00000000 009081e2 00000000 009081e2 00000000 0000006a 00000000 00000000 00000000 06c61ba0 00000000 0090824c 00000000 00000000 00000000 00000000 00000039 008b3199 00000001 00000000 00000001 00000000 00000000 00000000 00000000 00000000 00000000 00000000 00000000 00000000 00000000 00000000 00000000 00000000 00000000 00000000 00000000 b70ebfa1 00000001 83b255e6 00000000 00000000 00000000 00000000 00000000 00000100 00000080 00000000 00000000 00000000 00000000 00000000 00000000 00000000 00003333 00004ccd 00002667 00000001 00000000 01c9c380 0000027c
capture_snapshot GLI1 00010000 30000000 2500000 580 0 30000000 0 0 0 0 0 0 0 7cec3f48 00000000 83b551fc 00000000 0090c190 00000000 0090c190 00000000 0000006a 00000000 00000000 00000000 06c917c9 00000000 0090c1fa 00000000 00000000 00000000 00000000 00000039 008b3199 00000001 00000000 00000001 00000000 00000000 00000000 00000000 00000000 00000000 00000000 00000000 00000000 00000000 00000000 00000000 00000000 00000000 00000000 00000000 b718b2c4 00000001 83b5520f 00000000 00000000 00000000 00000000 00000000 00000100 00000080 00000000 00000000 00000000 00000000 00000000 00000000 00000000 00003333 00004ccd 00002667 00000001 00000000 01c9c380 0000027c
capture_snapshot GLI1 00010000 30000000 2500000 581 0 30000000 0 0 0 0 0 0 0 7cec3f48 00000000 83b85154 00000000 00910182 00000000 00910182 00000000 0000006a 00000000 00000000 00000000 06cc171e 00000000 009101ec 00000000 00000000 00000000 00000000 00000039 008b3199 00000001 00000000 00000001 00000000 00000000 00000000 00000000 00000000 00000000 00000000 00000000 00000000 00000000 00000000 00000000 00000000 00000000 00000000 00000000 b722b074 00000001 83b85164 00000000 00000000 00000000 00000000 00000000 00000101 00000080 00000000 00000000 00000000 00000000 00000000 00000000 00000000 00003333 00004ccd 00002667 00000001 00000000 01c9c380 0000027c
capture_snapshot GLI1 00010000 30000000 2500000 582 0 30000000 0 0 0 0 0 0 0 7cec3f48 00000000 83bb5124 00000000 0091417e 00000000 0091417e 00000000 0000006a 00000000 00000000 00000000 06cf16ee 00000000 009141e8 00000000 00000000 00000000 00000000 00000039 008b3199 00000001 00000000 00000001 00000000 00000000 00000000 00000000 00000000 00000000 00000000 00000000 00000000 00000000 00000000 00000000 00000000 00000000 00000000 00000000 b72cafc2 00000001 83bb5134 00000000 00000000 00000000 00000000 00000000 00000101 00000081 00000000 00000000 00000000 00000000 00000000 00000000 00000000 00003333 00004ccd 00002667 00000001 00000000 01c9c380 0000027c
capture_snapshot GLI1 00010000 30000000 2500000 583 0 30000000 0 0 0 0 0 0 0 7cec3f48 00000000 83be51d8 00000000 0091818d 00000000 0091818d 00000000 0000006a 00000000 00000000 00000000 06d217a2 00000000 009181f7 00000000 00000000 00000000 00000000 00000039 008b3199 00000001 00000000 00000001 00000000 00000000 00000000 00000000 00000000 00000000 00000000 00000000 00000000 00000000 00000000 00000000 00000000 00000000 00000000 00000000 b736b205 00000001 83be51e8 00000000 00000000 00000000 00000000 00000000 00000101 00000080 00000000 00000000 00000000 00000000 00000000 00000000 00000000 00003333 00004ccd 00002667 00000001 00000000 01c9c380 0000027c
capture_snapshot GLI1 00010000 30000000 2500000 584 0 30000000 0 0 0 0 0 0 0 7cec3f48 00000000 83c15220 00000000 0091c193 00000000 0091c193 00000000 0000006a 00000000 00000000 00000000 06d517e9 00000000 0091c1fd 00000000 00000000 00000000 00000000 00000039 008b3199 00000001 00000000 00000001 00000000 00000000 00000000 00000000 00000000 00000000 00000000 00000000 00000000 00000000 00000000 00000000 00000000 00000000 00000000 00000000 b740b2e0 00000001 83c1522f 00000000 00000000 00000000 00000000 00000000 00000100 00000081 00000000 00000000 00000000 00000000 00000000 00000000 00000000 00003333 00004ccd 00002667 00000001 00000000 01c9c380 0000027c
capture_snapshot GLI1 00010000 30000000 2500000 585 0 30000000 0 0 0 0 0 0 0 7cec3f48 00000000 83c45154 00000000 00920182 00000000 00920182 00000000 0000006a 00000000 00000000 00000000 06d8171e 00000000 009201ec 00000000 00000000 00000000 00000000 00000039 008b3199 00000001 00000000 00000001 00000000 00000000 00000000 00000000 00000000 00000000 00000000 00000000 00000000 00000000 00000000 00000000 00000000 00000000 00000000 00000000 b74ab026 00000001 83c45164 00000000 00000000 00000000 00000000 00000000 00000101 00000080 00000000 00000000 00000000 00000000 00000000 00000000 00000000 00003333 00004ccd 00002667 00000001 00000000 01c9c380 0000027c
capture_snapshot GLI1 00010000 30000000 2500000 586 0 30000000 0 0 0 0 0 0 0 7cec3f48 00000000 83c75160 00000000 00924183 00000000 00924183 00000000 0000006a 00000000 00000000 00000000 06db172d 00000000 009241ed 00000000 00000000 00000000 00000000 00000039 008b3199 00000001 00000000 00000001 00000000 00000000 00000000 00000000 00000000 00000000 00000000 00000000 00000000 00000000 00000000 00000000 00000000 00000000 00000000 00000000 b754b046 00000001 83c75173 00000000 00000000 00000000 00000000 00000000 00000101 00000081 00000000 00000000 00000000 00000000 00000000 00000000 00000000 00003333 00004ccd 00002667 00000001 00000000 01c9c380 0000027c
capture_snapshot GLI1 00010000 30000000 2500000 587 0 30000000 0 0 0 0 0 0 0 7cec3f48 00000000 83ca5190 00000000 00928187 00000000 00928187 00000000 0000006a 00000000 00000000 00000000 06de1762 00000000 009281f1 00000000 00000000 00000000 00000000 00000039 008b3199 00000001 00000000 00000001 00000000 00000000 00000000 00000000 00000000 00000000 00000000 00000000 00000000 00000000 00000000 00000000 00000000 00000000 00000000 00000000 b75eb0e3 00000001 83ca51a8 00000000 00000000 00000000 00000000 00000000 00000101 00000081 00000000 00000000 00000000 00000000 00000000 00000000 00000000 00003333 00004ccd 00002667 00000001 00000000 01c9c380 0000027c
capture_snapshot GLI1 00010000 30000000 2500000 588 0 30000000 0 0 0 0 0 0 0 7cec3f48 00000000 83cd5130 00000000 0092c17f 00000000 0092c17e 00000000 0000006a 00000000 00000000 00000000 06e116f8 00000000 0092c1e9 00000000 00000000 00000000 00000000 0000003b 008b3199 00000001 00000001 00000001 00000000 00000000 00000000 00000000 00000000 00000000 00000000 00000000 00000000 00000000 00000000 00000000 00000000 00000000 00000000 00000000 b768af6e 00000001 83cd513e 00000000 00000000 00000000 00000000 00000000 00000101 00000081 00000000 00000000 00000000 00000000 00000000 00000000 00000000 00003333 00004ccd 00002667 00000001 00000000 01c9c380 0000027c
capture_snapshot GLI1 00010000 30000000 2500000 589 0 30000000 0 0 0 0 0 0 0 7cec3f48 00000000 83d05100 00000000 0093017b 00000000 0093017b 00000000 0000006a 00000000 00000000 00000000 06e416d4 00000000 009301e5 00000000 00000000 00000000 00000000 00000039 008b3199 00000001 00000000 00000001 00000000 00000000 00000000 00000000 00000000 00000000 00000000 00000000 00000000 00000000 00000000 00000000 00000000 00000000 00000000 00000000 b772aee1 00000001 83d0511a 00000000 00000000 00000000 00000000 00000000 00000101 00000080 00000000 00000000 00000000 00000000 00000000 00000000 00000000 00003333 00004ccd 00002667 00000001 00000000 01c9c380 0000027c
capture_snapshot GLI1 00010000 30000000 2500000 590 0 30000000 0 0 0 0 0 0 0 7cec3f48 00000000 83d3519c 00000000 00934188 00000000 00934188 00000000 0000006a 00000000 00000000 00000000 06e7176c 00000000 009341f2 00000000 00000000 00000000 00000000 00000039 008b3199 00000001 00000000 00000001 00000000 00000000 00000000 00000000 00000000 00000000 00000000 00000000 00000000 00000000 00000000 00000000 00000000 00000000 00000000 00000000 b77cb0c8 00000001 83d351b2 00000000 00000000 00000000 00000000 00000000 00000100 00000080 00000000 00000000 00000000 00000000 00000000 00000000 00000000 00003333 00004ccd 00002667 00000001 00000000 01c9c380 0000027c
capture_snapshot GLI1 00010000 30000000 2500000 591 0 30000000 0 0 0 0 0 0 0 7cec3f48 00000000 83d65160 00000000 00938183 00000000 00938183 00000000 0000006a 00000000 00000000 00000000 06ea172d 00000000 009381ed 00000000 00000000 00000000 00000000 00000039 008b3199 00000001 00000000 00000001 00000000 00000000 00000000 00000000 00000000 00000000 00000000 00000000 00000000 00000000 00000000 00000000 00000000 00000000 00000000 00000000 b786afe4 00000001 83d65173 00000000 00000000 00000000 00000000 00000000 00000101 00000081 00000000 00000000 00000000 00000000 00000000 00000000 00000000 00003333 00004ccd 00002667 00000001 00000000 01c9c380 0000027c
capture_snapshot GLI1 00010000 30000000 2500000 592 0 30000000 0 0 0 0 0 0 0 7cec3f48 00000000 83d95154 00000000 0093c182 00000000 0093c182 00000000 0000006a 00000000 00000000 00000000 06ed171e 00000000 0093c1ec 00000000 00000000 00000000 00000000 00000039 008b3199 00000001 00000000 00000001 00000000 00000000 00000000 00000000 00000000 00000000 00000000 00000000 00000000 00000000 00000000 00000000 00000000 00000000 00000000 00000000 b790afa0 00000001 83d95164 00000000 00000000 00000000 00000000 00000000 00000100 00000080 00000000 00000000 00000000 00000000 00000000 00000000 00000000 00003333 00004ccd 00002667 00000001 00000000 01c9c380 0000027c
capture_snapshot GLI1 00010000 30000000 2500000 593 0 30000000 0 0 0 0 0 0 0 7cec3f48 00000000 83dc5190 00000000 00940187 00000000 00940187 00000000 0000006a 00000000 00000000 00000000 06f0175a 00000000 009401f1 00000000 00000000 00000000 00000000 00000039 008b3199 00000001 00000000 00000001 00000000 00000000 00000000 00000000 00000000 00000000 00000000 00000000 00000000 00000000 00000000 00000000 00000000 00000000 00000000 00000000 b79ab053 00000001 83dc51a0 00000000 00000000 00000000 00000000 00000000 00000101 00000081 00000000 00000000 00000000 00000000 00000000 00000000 00000000 00003333 00004ccd 00002667 00000001 00000000 01c9c380 0000027c
capture_snapshot GLI1 00010000 30000000 2500000 594 0 30000000 0 0 0 0 0 0 0 7cec3f48 00000000 83df5178 00000000 00944185 00000000 00944185 00000000 0000006a 00000000 00000000 00000000 06f31741 00000000 009441ef 00000000 00000000 00000000 00000000 00000039 008b3199 00000001 00000000 00000001 00000000 00000000 00000000 00000000 00000000 00000000 00000000 00000000 00000000 00000000 00000000 00000000 00000000 00000000 00000000 00000000 b7a4afed 00000001 83df5187 00000000 00000000 00000000 00000000 00000000 00000100 00000080 00000000 00000000 00000000 00000000 00000000 00000000 00000000 00003333 00004ccd 00002667 00000001 00000000 01c9c380 0000027c
capture_snapshot GLI1 00010000 30000000 2500000 595 0 30000000 0 0 0 0 0 0 0 7cec3f48 00000000 83e251b4 00000000 0094818a 00000000 0094818a 00000000 0000006a 00000000 00000000 00000000 06f6177e 00000000 009481f4 00000000 00000000 00000000 00000000 00000039 008b3199 00000001 00000000 00000001 00000000 00000000 00000000 00000000 00000000 00000000 00000000 00000000 00000000 00000000 00000000 00000000 00000000 00000000 00000000 00000000 b7aeb0a3 00000001 83e251c4 00000000 00000000 00000000 00000000 00000000 00000101 00000080 00000000 00000000 00000000 00000000 00000000 00000000 00000000 00003333 00004ccd 00002667 00000001 00000000 01c9c380 0000027c
capture_snapshot GLI1 00010000 30000000 2500000 596 0 30000000 0 0 0 0 0 0 0 7cec3f48 00000000 83e55118 00000000 0094c17d 00000000 0094c17d 00000000 0000006a 00000000 00000000 00000000 06f916e1 00000000 0094c1e7 00000000 00000000 00000000 00000000 00000039 008b3199 00000001 00000000 00000001 00000000 00000000 00000000 00000000 00000000 00000000 00000000 00000000 00000000 00000000 00000000 00000000 00000000 00000000 00000000 00000000 b7b8ae85 00000001 83e55127 00000000 00000000 00000000 00000000 00000000 00000101 00000081 00000000 00000000 00000000 00000000 00000000 00000000 00000000 00003333 00004ccd 00002667 00000001 00000000 01c9c380 0000027c
capture_snapshot GLI1 00010000 30000000 2500000 597 0 30000000 0 0 0 0 0 0 0 7cec3f48 00000000 83e85130 00000000 0095017f 00000000 0095017f 00000000 0000006a 00000000 00000000 00000000 06fc16ff 00000000 009501e9 00000000 00000000 00000000 00000000 00000039 008b3199 00000001 00000000 00000001 00000000 00000000 00000000 00000000 00000000 00000000 00000000 00000000 00000000 00000000 00000000 00000000 00000000 00000000 00000000 00000000 b7c2aed5 00000001 83e85145 00000000 00000000 00000000 00000000 00000000 00000101 00000081 00000000 00000000 00000000 00000000 00000000 00000000 00000000 00003333 00004ccd 00002667 00000001 00000000 01c9c380 0000027c
capture_snapshot GLI1 00010000 30000000 2500000 598 0 30000000 0 0 0 0 0 0 0 7cec3f48 00000000 83eb5124 00000000 0095417e 00000000 0095417e 00000000 0000006a 00000000 00000000 00000000 06ff16f4 00000000 009541e8 00000000 00000000 00000000 00000000 00000039 008b3199 00000001 00000000 00000001 00000000 00000000 00000000 00000000 00000000 00000000 00000000 00000000 00000000 00000000 00000000 00000000 00000000 00000000 00000000 00000000 b7ccae9d 00000001 83eb513a 00000000 00000000 00000000 00000000 00000000 00000101 00000081 00000000 00000000 00000000 00000000 00000000 00000000 00000000 00003333 00004ccd 00002667 00000001 00000000 01c9c380 0000027c
capture_snapshot GLI1 00010000 30000000 2500000 599 0 30000000 0 0 0 0 0 0 0 7cec3f48 00000000 83ee51cc 00000000 0095818c 00000000 0095818c 00000000 0000006a 00000000 00000000 00000000 0702179c 00000000 009581f6 00000000 00000000 00000000 00000000 00000039 008b3199 00000001 00000000 00000001 00000000 00000000 00000000 00000000 00000000 00000000 00000000 00000000 00000000 00000000 00000000 00000000 00000000 00000000 00000000 00000000 b7d6b0ba 00000001 83ee51e2 00000000 00000000 00000000 00000000 00000000 00000101 00000081 00000000 00000000 00000000 00000000 00000000 00000000 00000000 00003333 00004ccd 00002667 00000001 00000000 01c9c380 0000027c
capture_snapshot GLI1 00010000 30000000 2500000 600 0 30000000 0 0 0 0 0 0 0 7cec3f48 00000000 83f150c4 00000000 0095c176 00000000 0095c176 00000000 0000006a 00000000 00000000 00000000 07051694 00000000 0095c1e0 00000000 00000000 00000000 00000000 00000039 008b3199 00000001 00000000 00000001 00000000 00000000 00000000 00000000 00000000 00000000 00000000 00000000 00000000 00000000 00000000 00000000 00000000 00000000 00000000 00000000 b7e0ad37 00000001 83f150da 00000000 00000000 00000000 00000000 00000000 00000100 00000080 00000000 00000000 00000000 00000000 00000000 00000000 00000000 00003333 00004ccd 00002667 00000001 00000000 01c9c380 0000027c
capture_snapshot GLI1 00010000 30000000 2500000 601 0 30000000 0 0 0 0 0 0 0 7cec3f48 00000000 83f451e4 00000000 0096018e 00000000 0096018e 00000000 0000006a 00000000 00000000 00000000 070817ae 00000000 009601f8 00000000 00000000 00000000 00000000 00000039 008b3199 00000001 00000000 00000001 00000000 00000000 00000000 00000000 00000000 00000000 00000000 00000000 00000000 00000000 00000000 00000000 00000000 00000000 00000000 00000000 b7eab0cf 00000001 83f451f4 00000000 00000000 00000000 00000000 00000000 00000101 00000081 00000000 00000000 00000000 00000000 00000000 00000000 00000000 00003333 00004ccd 00002667 00000001 00000000 01c9c380 0000027c
capture_snapshot GLI1 00010000 30000000 2500000 602 0 30000000 0 0 0 0 0 0 0 7cec3f48 00000000 83f75148 00000000 00964181 00000000 00964181 00000000 0000006a 00000000 00000000 00000000 070b1718 00000000 009641eb 00000000 00000000 00000000 00000000 00000039 008b3199 00000001 00000000 00000001 00000000 00000000 00000000 00000000 00000000 00000000 00000000 00000000 00000000 00000000 00000000 00000000 00000000 00000000 00000000 00000000 b7f4aec8 00000001 83f7515e 00000000 00000000 00000000 00000000 00000000 00000100 00000080 00000000 00000000 00000000 00000000 00000000 00000000 00000000 00003333 00004ccd 00002667 00000001 00000000 01c9c380 0000027c
capture_snapshot GLI1 00010000 30000000 2500000 603 0 30000000 0 0 0 0 0 0 0 7cec3f48 00000000 83fa5148 00000000 00968181 00000000 00968181 00000000 0000006a 00000000 00000000 00000000 070e1717 00000000 009681eb 00000000 00000000 00000000 00000000 00000039 008b3199 00000001 00000000 00000001 00000000 00000000 00000000 00000000 00000000 00000000 00000000 00000000 00000000 00000000 00000000 00000000 00000000 00000000 00000000 00000000 b7feaeb1 00000001 83fa515d 00000000 00000000 00000000 00000000 00000000 00000101 00000080 00000000 00000000 00000000 00000000 00000000 00000000 00000000 00003333 00004ccd 00002667 00000001 00000000 01c9c380 0000027c
capture_snapshot GLI1 00010000 30000000 2500000 604 0 30000000 0 0 0 0 0 0 0 7cec3f48 00000000 83fd5160 00000000 0096c183 00000000 0096c183 00000000 0000006a 00000000 00000000 00000000 07111729 00000000 0096c1ed 00000000 00000000 00000000 00000000 00000039 008b3199 00000001 00000000 00000001 00000000 00000000 00000000 00000000 00000000 00000000 00000000 00000000 00000000 00000000 00000000 00000000 00000000 00000000 00000000 00000000 b808aed7 00000001 83fd516f 00000000 00000000 00000000 00000000 00000000 00000100 00000080 00000000 00000000 00000000 00000000 00000000 00000000 00000000 00003333 00004ccd 00002667 00000001 00000000 01c9c380 0000027c
capture_snapshot GLI1 00010000 30000000 2500000 605 0 30000000 0 0 0 0 0 0 0 7cec3f48 00000000 84005154 00000000 00970182 00000000 00970182 00000000 0000006a 00000000 00000000 00000000 07141723 00000000 009701ec 00000000 00000000 00000000 00000000 00000039 008b3199 00000001 00000000 00000001 00000000 00000000 00000000 00000000 00000000 00000000 00000000 00000000 00000000 00000000 00000000 00000000 00000000 00000000 00000000 00000000 b812aeb0 00000001 84005169 00000000 00000000 00000000 00000000 00000000 00000100 00000080 00000000 00000000 00000000 00000000 00000000 00000000 00000000 00003333 00004ccd 00002667 00000001 00000000 01c9c380 0000027c
capture_snapshot GLI1 00010000 30000000 2500000 606 0 30000000 0 0 0 0 0 0 0 7cec3f48 00000000 84035148 00000000 00974181 00000000 00974181 00000000 0000006a 00000000 00000000 00000000 07171715 00000000 009741eb 00000000 00000000 00000000 00000000 00000039 008b3199 00000001 00000000 00000001 00000000 00000000 00000000 00000000 00000000 00000000 00000000 00000000 00000000 00000000 00000000 00000000 00000000 00000000 00000000 00000000 b81cae71 00000001 8403515b 00000000 00000000 00000000 00000000 00000000 00000100 00000080 00000000 00000000 00000000 00000000 00000000 00000000 00000000 00003333 00004ccd 00002667 00000001 00000000 01c9c380 0000027c
capture_snapshot GLI1 00010000 30000000 2500000 607 0 30000000 0 0 0 0 0 0 0 7cec3f48 00000000 840651c0 00000000 0097818b 00000000 0097818b 00000000 0000006a 00000000 00000000 00000000 071a178a 00000000 009781f5 00000000 00000000 00000000 00000000 00000039 008b3199 00000001 00000000 00000001 00000000 00000000 00000000 00000000 00000000 00000000 00000000 00000000 00000000 00000000 00000000 00000000 00000000 00000000 00000000 00000000 b826afe3 00000001 840651d0 00000000 00000000 00000000 00000000 00000000 00000100 00000080 00000000 00000000 00000000 00000000 00000000 00000000 00000000 00003333 00004ccd 00002667 00000001 00000000 01c9c380 0000027c
capture_snapshot GLI1 00010000 30000000 2500000 608 0 30000000 0 0 0 0 0 0 0 7cec3f48 00000000 8409546c 00000000 0097c1c4 00000000 0097c1c4 00000000 0000006a 00000000 00000000 00000000 071d1a3b 00000000 0097c22e 00000000 00000000 00000000 00000000 00000039 008b3199 00000001 00000000 00000001 00000000 00000000 00000000 00000000 00000000 00000000 00000000 00000000 00000000 00000000 00000000 00000000 00000000 00000000 00000000 00000000 b830b8c6 00000001 84095481 00000000 00000000 00000000 00000000 00000000 00000101 00000080 00000000 00000000 00000000 00000000 00000000 00000000 00000000 00003333 00004ccd 00002667 00000001 00000000 01c9c380 0000027c
capture_snapshot GLI1 00010000 30000000 2500000 609 0 30000000 0 0 0 0 0 0 0 7cec3f48 00000000 840c51a8 00000000 00980189 00000000 00980189 00000000 0000006a 00000000 00000000 00000000 0720177b 00000000 009801f3 00000000 00000000 00000000 00000000 00000039 008b3199 00000001 00000000 00000001 00000000 00000000 00000000 00000000 00000000 00000000 00000000 00000000 00000000 00000000 00000000 00000000 00000000 00000000 00000000 00000000 b83aaf88 00000001 840c51c1 00000000 00000000 00000000 00000000 00000000 00000101 00000081 00000000 00000000 00000000 00000000 00000000 00000000 00000000 00003333 00004ccd 00002667 00000001 00000000 01c9c380 0000027c
capture_snapshot GLI1 00010000 30000000 2500000 610 0 30000000 0 0 0 0 0 0 0 7cec3f48 00000000 840f5160 00000000 00984183 00000000 00984183 00000000 0000006a 00000000 00000000 00000000 07231731 00000000 009841ed 00000000 00000000 00000000 00000000 00000039 008b3199 00000001 00000000 00000001 00000000 00000000 00000000 00000000 00000000 00000000 00000000 00000000 00000000 00000000 00000000 00000000 00000000 00000000 00000000 00000000 b844ae80 00000001 840f5177 00000000 00000000 00000000 00000000 00000000 00000100 00000080 00000000 00000000 00000000 00000000 00000000 00000000 00000000 00003333 00004ccd 00002667 00000001 00000000 01c9c380 0000027c
capture_snapshot GLI1 00010000 30000000 2500000 611 0 30000000 0 0 0 0 0 0 0 7cec3f48 00000000 8412513c 00000000 00988180 00000000 00988180 00000000 0000006a 00000000 00000000 00000000 0726170b 00000000 009881ea 00000000 00000000 00000000 00000000 00000039 008b3199 00000001 00000000 00000001 00000000 00000000 00000000 00000000 00000000 00000000 00000000 00000000 00000000 00000000 00000000 00000000 00000000 00000000 00000000 00000000 b84eadeb 00000001 84125151 00000000 00000000 00000000 00000000 00000000 00000101 00000080 00000000 00000000 00000000 00000000 00000000 00000000 00000000 00003333 00004ccd 00002667 00000001 00000000 01c9c380 0000027c
capture_snapshot GLI1 00010000 30000000 2500000 612 0 30000000 0 0 0 0 0 0 0 7cec3f48 00000000 84155124 00000000 0098c17e 00000000 0098c17e 00000000 0000006a 00000000 00000000 00000000 072916f2 00000000 0098c1e8 00000000 00000000 00000000 00000000 00000039 008b3199 00000001 00000000 00000001 00000000 00000000 00000000 00000000 00000000 00000000 00000000 00000000 00000000 00000000 00000000 00000000 00000000 00000000 00000000 00000000 b858ad86 00000001 84155138 00000000 00000000 00000000 00000000 00000000 00000101 00000081 00000000 00000000 00000000 00000000 00000000 00000000 00000000 00003333 00004ccd 00002667 00000001 00000000 01c9c380 0000027c
capture_snapshot GLI1 00010000 30000000 2500000 613 0 30000000 0 0 0 0 0 0 0 7cec3f48 00000000 84185148 00000000 00990181 00000000 00990181 00000000 0000006a 00000000 00000000 00000000 072c171b 00000000 009901eb 00000000 00000000 00000000 00000000 00000039 008b3199 00000001 00000000 00000001 00000000 00000000 00000000 00000000 00000000 00000000 00000000 00000000 00000000 00000000 00000000 00000000 00000000 00000000 00000000 00000000 b862adfa 00000001 84185161 00000000 00000000 00000000 00000000 00000000 00000101 00000081 00000000 00000000 00000000 00000000 00000000 00000000 00000000 00003333 00004ccd 00002667 00000001 00000000 01c9c380 0000027c
capture_snapshot GLI1 00010000 30000000 2500000 614 0 30000000 0 0 0 0 0 0 0 7cec3f48 00000000 841b5100 00000000 0099417b 00000000 0099417b 00000000 0000006a 00000000 00000000 00000000 072f16d0 00000000 009941e5 00000000 00000000 00000000 00000000 00000039 008b3199 00000001 00000000 00000001 00000000 00000000 00000000 00000000 00000000 00000000 00000000 00000000 00000000 00000000 00000000 00000000 00000000 00000000 00000000 00000000 b86cacee 00000001 841b5116 00000000 00000000 00000000 00000000 00000000 00000100 00000080 00000000 00000000 00000000 00000000 00000000 00000000 00000000 00003333 00004ccd 00002667 00000001 00000000 01c9c380 0000027c
capture_snapshot GLI1 00010000 30000000 2500000 615 0 30000000 0 0 0 0 0 0 0 7cec3f48 00000000 841e5154 00000000 00998182 00000000 00998182 00000000 0000006a 00000000 00000000 00000000 07321727 00000000 009981ec 00000000 00000000 00000000 00000000 00000039 008b3199 00000001 00000000 00000001 00000000 00000000 00000000 00000000 00000000 00000000 00000000 00000000 00000000 00000000 00000000 00000000 00000000 00000000 00000000 00000000 b876adfc 00000001 841e516d 00000000 00000000 00000000 00000000 00000000 00000101 00000080 00000000 00000000 00000000 00000000 00000000 00000000 00000000 00003333 00004ccd 00002667 00000001 00000000 01c9c380 0000027c
capture_snapshot GLI1 00010000 30000000 2500000 616 0 30000000 0 0 0 0 0 0 0 7cec3f48 00000000 84215184 00000000 0099c186 00000000 0099c186 00000000 0000006a 00000000 00000000 00000000 07351755 00000000 0099c1f0 00000000 00000000 00000000 00000000 00000039 008b3199 00000001 00000000 00000001 00000000 00000000 00000000 00000000 00000000 00000000 00000000 00000000 00000000 00000000 00000000 00000000 00000000 00000000 00000000 00000000 b880ae81 00000001 8421519b 00000000 00000000 00000000 00000000 00000000 00000101 00000081 00000000 00000000 00000000 00000000 00000000 00000000 00000000 00003333 00004ccd 00002667 00000001 00000000 01c9c380 0000027c
capture_snapshot GLI1 00010000 30000000 2500000 617 0 30000000 0 0 0 0 0 0 0 7cec3f48 00000000 84245124 00000000 009a017e 00000000 009a017e 00000000 0000006a 00000000 00000000 00000000 073816f5 00000000 009a01e8 00000000 00000000 00000000 00000000 00000039 008b3199 00000001 00000000 00000001 00000000 00000000 00000000 00000000 00000000 00000000 00000000 00000000 00000000 00000000 00000000 00000000 00000000 00000000 00000000 00000000 b88aad2c 00000001 8424513b 00000000 00000000 00000000 00000000 00000000 00000100 00000080 00000000 00000000 00000000 00000000 00000000 00000000 00000000 00003333 00004ccd 00002667 00000001 00000000 01c9c380 0000027c
capture_snapshot GLI1 00010000 30000000 2500000 618 0 30000000 0 0 0 0 0 0 0 7cec3f48 00000000 8427516c 00000000 009a4184 00000000 009a4184 00000000 0000006a 00000000 00000000 00000000 073b1736 00000000 009a41ee 00000000 00000000 00000000 00000000 00000039 008b3199 00000001 00000000 00000001 00000000 00000000 00000000 00000000 00000000 00000000 00000000 00000000 00000000 00000000 00000000 00000000 00000000 00000000 00000000 00000000 b894adf4 00000001 8427517c 00000000 00000000 00000000 00000000 00000000 00000100 00000080 00000000 00000000 00000000 00000000 00000000 00000000 00000000 00003333 00004ccd 00002667 00000001 00000000 01c9c380 0000027c
capture_snapshot GLI1 00010000 30000000 2500000 619 0 30000000 0 0 0 0 0 0 0 7cec3f48 00000000 842a52d4 00000000 009a81a2 00000000 009a81a2 00000000 0000006a 00000000 00000000 00000000 073e18a1 00000000 009a820c 00000000 00000000 00000000 00000000 00000039 008b3199 00000001 00000000 00000001 00000000 00000000 00000000 00000000 00000000 00000000 00000000 00000000 00000000 00000000 00000000 00000000 00000000 00000000 00000000 00000000 b89eb298 00000001 842a52e7 00000000 00000000 00000000 00000000 00000000 00000100 00000080 00000000 00000000 00000000 00000000 00000000 00000000 00000000 00003333 00004ccd 00002667 00000001 00000000 01c9c380 0000027c
capture_snapshot GLI1 00010000 30000000 2500000 620 0 30000000 0 0 0 0 0 0 0 7cec3f48 00000000 842d50c4 00000000 009ac176 00000000 009ac176 00000000 0000006a 00000000 00000000 00000000 07411691 00000000 009ac1e0 00000000 00000000 00000000 00000000 00000039 008b3199 00000001 00000000 00000001 00000000 00000000 00000000 00000000 00000000 00000000 00000000 00000000 00000000 00000000 00000000 00000000 00000000 00000000 00000000 00000000 b8a8aba7 00000001 842d50d7 00000000 00000000 00000000 00000000 00000000 00000100 00000081 00000000 00000000 00000000 00000000 00000000 00000000 00000000 00003333 00004ccd 00002667 00000001 00000000 01c9c380 0000027c
capture_snapshot GLI1 00010000 30000000 2500000 621 0 30000000 0 0 0 0 0 0 0 7cec3f48 00000000 84305118 00000000 009b017d 00000000 009b017d 00000000 0000006a 00000000 00000000 00000000 074416e4 00000000 009b01e7 00000000 00000000 00000000 00000000 00000039 008b3199 00000001 00000000 00000001 00000000 00000000 00000000 00000000 00000000 00000000 00000000 00000000 00000000 00000000 00000000 00000000 00000000 00000000 00000000 00000000 b8b2aca6 00000001 8430512a 00000000 00000000 00000000 00000000 00000000 00000101 00000080 00000000 00000000 00000000 00000000 00000000 00000000 00000000 00003333 00004ccd 00002667 00000001 00000000 01c9c380 0000027c
capture_snapshot GLI1 00010000 30000000 2500000 622 0 30000000 0 0 0 0 0 0 0 7cec3f48 00000000 8433519c 00000000 009b4188 00000000 009b4188 00000000 0000006a 00000000 00000000 00000000 0747176f 00000000 009b41f2 00000000 00000000 00000000 00000000 00000039 008b3199 00000001 00000000 00000001 00000000 00000000 00000000 00000000 00000000 00000000 00000000 00000000 00000000 00000000 00000000 00000000 00000000 00000000 00000000 00000000 b8bcae64 00000001 843351b5 00000000 00000000 00000000 00000000 00000000 00000100 00000080 00000000 00000000 00000000 00000000 00000000 00000000 00000000 00003333 00004ccd 00002667 00000001 00000000 01c9c380 0000027c
capture_snapshot GLI1 00010000 30000000 2500000 623 0 30000000 0 0 0 0 0 0 0 7cec3f48 00000000 84365124 00000000 009b817e 00000000 009b817e 00000000 0000006a 00000000 00000000 00000000 074a16f3 00000000 009b81e8 00000000 00000000 00000000 00000000 00000039 008b3199 00000001 00000000 00000001 00000000 00000000 00000000 00000000 00000000 00000000 00000000 00000000 00000000 00000000 00000000 00000000 00000000 00000000 00000000 00000000 b8c6acb3 00000001 84365139 00000000 00000000 00000000 00000000 00000000 00000100 00000080 00000000 00000000 00000000 00000000 00000000 00000000 00000000 00003333 00004ccd 00002667 00000001 00000000 01c9c380 0000027c
capture_snapshot GLI1 00010000 30000000 2500000 624 0 30000000 0 0 0 0 0 0 0 7cec3f48 00000000 84395328 00000000 009bc1a9 00000000 009bc1a9 00000000 0000006a 00000000 00000000 00000000 074d18f8 00000000 009bc213 00000000 00000000 00000000 00000000 00000039 008b3199 00000001 00000000 00000001 00000000 00000000 00000000 00000000 00000000 00000000 00000000 00000000 00000000 00000000 00000000 00000000 00000000 00000000 00000000 00000000 b8d0b35b 00000001 8439533e 00000000 00000000 00000000 00000000 00000000 00000100 00000080 00000000 00000000 00000000 00000000 00000000 00000000 00000000 00003333 00004ccd 00002667 00000001 00000000 01c9c380 0000027c
capture_snapshot GLI1 00010000 30000000 2500000 625 0 30000000 0 0 0 0 0 0 0 7cec3f48 00000000 843c51cc 00000000 009c018c 00000000 009c018c 00000000 0000006a 00000000 00000000 00000000 07501795 00000000 009c01f6 00000000 00000000 00000000 00000000 00000039 008b3199 00000001 00000000 00000001 00000000 00000000 00000000 00000000 00000000 00000000 00000000 00000000 00000000 00000000 00000000 00000000 00000000 00000000 00000000 00000000 b8daaea8 00000001 843c51db 00000000 00000000 00000000 00000000 00000000 00000100 00000081 00000000 00000000 00000000 00000000 00000000 00000000 00000000 00003333 00004ccd 00002667 00000001 00000000 01c9c380 0000027c
capture_snapshot GLI1 00010000 30000000 2500000 626 0 30000000 0 0 0 0 0 0 0 7cec3f48 00000000 843f50c4 00000000 009c4176 00000000 009c4176 00000000 0000006a 00000000 00000000 00000000 07531692 00000000 009c41e0 00000000 00000000 00000000 00000000 00000039 008b3199 00000001 00000000 00000001 00000000 00000000 00000000 00000000 00000000 00000000 00000000 00000000 00000000 00000000 00000000 00000000 00000000 00000000 00000000 00000000 b8e4ab35 00000001 843f50d8 00000000 00000000 00000000 00000000 00000000 00000100 00000081 00000000 00000000 00000000 00000000 00000000 00000000 00000000 00003333 00004ccd 00002667 00000001 00000000 01c9c380 0000027c
capture_snapshot GLI1 00010000 30000000 2500000 627 0 30000000 0 0 0 0 0 0 0 7cec3f48 00000000 84425118 00000000 009c817d 00000000 009c817d 00000000 0000006a 00000000 00000000 00000000 075616e3 00000000 009c81e7 00000000 00000000 00000000 00000000 00000039 008b3199 00000001 00000000 00000001 00000000 00000000 00000000 00000000 00000000 00000000 00000000 00000000 00000000 00000000 00000000 00000000 00000000 00000000 00000000 00000000 b8eeac30 00000001 84425129 00000000 00000000 00000000 00000000 00000000 00000100 00000080 00000000 00000000 00000000 00000000 00000000 00000000 00000000 00003333 00004ccd 00002667 00000001 00000000 01c9c380 0000027c
capture_snapshot GLI1 00010000 30000000 2500000 628 0 30000000 0 0 0 0 0 0 0 7cec3f48 00000000 844551a8 00000000 009cc189 00000000 009cc189 00000000 0000006a 00000000 00000000 00000000 07591776 00000000 009cc1f3 00000000 00000000 00000000 00000000 00000039 008b3199 00000001 00000000 00000001 00000000 00000000 00000000 00000000 00000000 00000000 00000000 00000000 00000000 00000000 00000000 00000000 00000000 00000000 00000000 00000000 b8f8ae05 00000001 844551bc 00000000 00000000 00000000 00000000 00000000 00000101 00000081 00000000 00000000 00000000 00000000 00000000 00000000 00000000 00003333 00004ccd 00002667 00000001 00000000 01c9c380 0000027c
capture_snapshot GLI1 00010000 30000000 2500000 629 0 30000000 0 0 0 0 0 0 0 7cec3f48 00000000 844850a0 00000000 009d0173 00000000 009d0173 00000000 0000006a 00000000 00000000 00000000 075c166c 00000000 009d01dd 00000000 00000000 00000000 00000000 00000039 008b3199 00000001 00000000 00000001 00000000 00000000 00000000 00000000 00000000 00000000 00000000 00000000 00000000 00000000 00000000 00000000 00000000 00000000 00000000 00000000 b902aa7b 00000001 844850b2 00000000 00000000 00000000 00000000 00000000 00000101 00000081 00000000 00000000 00000000 00000000 00000000 00000000 00000000 00003333 00004ccd 00002667 00000001 00000000 01c9c380 0000027c
capture_snapshot GLI1 00010000 30000000 2500000 630 0 30000000 0 0 0 0 0 0 0 7cec3f48 00000000 844b516c 00000000 009d4184 00000000 009d4184 00000000 0000006a 00000000 00000000 00000000 075f173d 00000000 009d41ee 00000000 00000000 00000000 00000000 00000039 008b3199 00000001 00000000 00000001 00000000 00000000 00000000 00000000 00000000 00000000 00000000 00000000 00000000 00000000 00000000 00000000 00000000 00000000 00000000 00000000 b90cad20 00000001 844b5183 00000000 00000000 00000000 00000000 00000000 00000101 00000081 00000000 00000000 00000000 00000000 00000000 00000000 00000000 00003333 00004ccd 00002667 00000001 00000000 01c9c380 0000027c
capture_snapshot GLI1 00010000 30000000 2500000 631 0 30000000 0 0 0 0 0 0 0 7cec3f48 00000000 844e5130 00000000 009d817f 00000000 009d817f 00000000 0000006a 00000000 00000000 00000000 07621700 00000000 009d81e9 00000000 00000000 00000000 00000000 00000039 008b3199 00000001 00000000 00000001 00000000 00000000 00000000 00000000 00000000 00000000 00000000 00000000 00000000 00000000 00000000 00000000 00000000 00000000 00000000 00000000 b916ac41 00000001 844e5146 00000000 00000000 00000000 00000000 00000000 00000101 00000081 00000000 00000000 00000000 00000000 00000000 00000000 00000000 00003333 00004ccd 00002667 00000001 00000000 01c9c380 0000027c
capture_snapshot GLI1 00010000 30000000 2500000 632 0 30000000 0 0 0 0 0 0 0 7cec3f48 00000000 84515064 00000000 009dc16e 00000000 009dc16e 00000000 0000006a 00000000 00000000 00000000 07651634 00000000 009dc1d8 00000000 00000000 00000000 00000000 00000039 008b3199 00000001 00000000 00000001 00000000 00000000 00000000 00000000 00000000 00000000 00000000 00000000 00000000 00000000 00000000 00000000 00000000 00000000 00000000 00000000 b920a987 00000001 8451507a 00000000 00000000 00000000 00000000 00000000 00000100 00000080 00000000 00000000 00000000 00000000 00000000 00000000 00000000 00003333 00004ccd 00002667 00000001 00000000 01c9c380 0000027c
capture_snapshot GLI1 00010000 30000000 2500000 633 0 30000000 0 0 0 0 0 0 0 7cec3f48 00000000 845450f4 00000000 009e017a 00000000 009e017a 00000000 0000006a 00000000 00000000 00000000 076816c4 00000000 009e01e4 00000000 00000000 00000000 00000000 00000039 008b3199 00000001 00000000 00000001 00000000 00000000 00000000 00000000 00000000 00000000 00000000 00000000 00000000 00000000 00000000 00000000 00000000 00000000 00000000 00000000 b92aab52 00000001 8454510a 00000000 00000000 00000000 00000000 00000000 00000101 00000081 00000000 00000000 00000000 00000000 00000000 00000000 00000000 00003333 00004ccd 00002667 00000001 00000000 01c9c380 0000027c
capture_snapshot GLI1 00010000 30000000 2500000 634 0 30000000 0 0 0 0 0 0 0 7cec3f48 00000000 845751cc 00000000 009e418c 00000000 009e418c 00000000 0000006a 00000000 00000000 00000000 076b179a 00000000 009e41f6 00000000 00000000 00000000 00000000 00000039 008b3199 00000001 00000000 00000001 00000000 00000000 00000000 00000000 00000000 00000000 00000000 00000000 00000000 00000000 00000000 00000000 00000000 00000000 00000000 00000000 b934ae09 00000001 845751e0 00000000 00000000 00000000 00000000 00000000 00000100 00000080 00000000 00000000 00000000 00000000 00000000 00000000 00000000 00003333 00004ccd 00002667 00000001 00000000 01c9c380 0000027c
capture_snapshot GLI1 00010000 30000000 2500000 635 0 30000000 0 0 0 0 0 0 0 7cec3f48 00000000 845a5160 00000000 009e8183 00000000 009e8183 00000000 0000006a 00000000 00000000 00000000 076e172b 00000000 009e81ed 00000000 00000000 00000000 00000000 00000039 008b3199 00000001 00000000 00000001 00000000 00000000 00000000 00000000 00000000 00000000 00000000 00000000 00000000 00000000 00000000 00000000 00000000 00000000 00000000 00000000 b93eac82 00000001 845a5171 00000000 00000000 00000000 00000000 00000000 00000101 00000080 00000000 00000000 00000000 00000000 00000000 00000000 00000000 00003333 00004ccd 00002667 00000001 00000000 01c9c380 0000027c
capture_snapshot GLI1 00010000 30000000 2500000 636 0 30000000 0 0 0 0 0 0 0 7cec3f48 00000000 845d57d8 00000000 009ec20d 00000000 009ec20d 00000000 0000006a 00000000 00000000 00000000 07711da5 00000000 009ec277 00000000 00000000 00000000 00000000 00000039 008b3199 00000001 00000000 00000001 00000000 00000000 00000000 00000000 00000000 00000000 00000000 00000000 00000000 00000000 00000000 00000000 00000000 00000000 00000000 00000000 b948c204 00000001 845d57eb 00000000 00000000 00000000 00000000 00000000 00000100 00000080 00000000 00000000 00000000 00000000 00000000 00000000 00000000 00003333 00004ccd 00002667 00000001 00000000 01c9c380 0000027c
capture_snapshot GLI1 00010000 30000000 2500000 637 0 30000000 0 0 0 0 0 0 0 7cec3f48 00000000 846057fc 00000000 009f0210 00000000 009f0210 00000000 0000006a 00000000 00000000 00000000 07741dce 00000000 009f027a 00000000 00000000 00000000 00000000 00000039 008b3199 00000001 00000000 00000001 00000000 00000000 00000000 00000000 00000000 00000000 00000000 00000000 00000000 00000000 00000000 00000000 00000000 00000000 00000000 00000000 b952c27b 00000001 84605814 00000000 00000000 00000000 00000000 00000000 00000101 00000081 00000000 00000000 00000000 00000000 00000000 00000000 00000000 00003333 00004ccd 00002667 00000001 00000000 01c9c380 0000027c
capture_snapshot GLI1 00010000 30000000 2500000 638 0 30000000 0 0 0 0 0 0 0 7cec3f48 00000000 846350f4 00000000 009f417a 00000000 009f417a 00000000 0000006a 00000000 00000000 00000000 077716c4 00000000 009f41e4 00000000 00000000 00000000 00000000 00000039 008b3199 00000001 00000000 00000001 00000000 00000000 00000000 00000000 00000000 00000000 00000000 00000000 00000000 00000000 00000000 00000000 00000000 00000000 00000000 00000000 b95caaf0 00000001 8463510a 00000000 00000000 00000000 00000000 00000000 00000101 00000080 00000000 00000000 00000000 00000000 00000000 00000000 00000000 00003333 00004ccd 00002667 00000001 00000000 01c9c380 0000027c
capture_snapshot GLI1 00010000 30000000 2500000 639 0 30000000 0 0 0 0 0 0 0 7cec3f48 00000000 8466507c 00000000 009f8170 00000000 009f8170 00000000 0000006a 00000000 00000000 00000000 077a164c 00000000 009f81da 00000000 00000000 00000000 00000000 00000039 008b3199 00000001 00000000 00000001 00000000 00000000 00000000 00000000 00000000 00000000 00000000 00000000 00000000 00000000 00000000 00000000 00000000 00000000 00000000 00000000 b966a94d 00000001 84665092 00000000 00000000 00000000 00000000 00000000 00000101 00000081 00000000 00000000 00000000 00000000 00000000 00000000 00000000 00003333 00004ccd 00002667 00000001 00000000 01c9c380 0000027c
capture_snapshot GLI1 00010000 30000000 2500000 640 0 30000000 0 0 0 0 0 0 0 7cec3f48 00000000 84695058 00000000 009fc16d 00000000 009fc16c 00000000 0000006a 00000000 00000000 00000000 077d1620 00000000 009fc1d7 00000000 00000000 00000000 00000000 0000003b 008b3199 00000001 00000001 00000001 00000000 00000000 00000000 00000000 00000000 00000000 00000000 00000000 00000000 00000000 00000000 00000000 00000000 00000000 00000000 00000000 b970a8a8 00000001 84695066 00000000 00000000 00000000 00000000 00000000 00000100 00000080 00000000 00000000 00000000 00000000 00000000 00000000 00000000 00003333 00004ccd 00002667 00000001 00000000 01c9c380 0000027c
capture_snapshot GLI1 00010000 30000000 2500000 641 0 30000000 0 0 0 0 0 0 0 7cec3f48 00000000 846c51b4 00000000 00a0018a 00000000 00a0018a 00000000 0000006a 00000000 00000000 00000000 07801782 00000000 00a001f4 00000000 00000000 00000000 00000000 00000039 008b3199 00000001 00000000 00000001 00000000 00000000 00000000 00000000 00000000 00000000 00000000 00000000 00000000 00000000 00000000 00000000 00000000 00000000 00000000 00000000 b97aad2f 00000001 846c51c8 00000000 00000000 00000000 00000000 00000000 00000101 00000080 00000000 00000000 00000000 00000000 00000000 00000000 00000000 00003333 00004ccd 00002667 00000001 00000000 01c9c380 0000027c
capture_snapshot GLI1 00010000 30000000 2500000 642 0 30000000 0 0 0 0 0 0 0 7cec3f48 00000000 846f5eb0 00000000 00a0429f 00000000 00a0429f 00000000 0000006a 00000000 00000000 00000000 0783247d 00000000 00a04309 00000000 00000000 00000000 00000000 00000039 008b3199 00000001 00000000 00000001 00000000 00000000 00000000 00000000 00000000 00000000 00000000 00000000 00000000 00000000 00000000 00000000 00000000 00000000 00000000 00000000 b984d862 00000001 846f5ec3 00000000 00000000 00000000 00000000 00000000 00000100 00000080 00000000 00000000 00000000 00000000 00000000 00000000 00000000 00003333 00004ccd 00002667 00000001 00000000 01c9c380 0000027c
capture_snapshot GLI1 00010000 30000000 2500000 643 0 30000000 0 0 0 0 0 0 0 7cec3f48 00000000 84725c94 00000000 00a08272 00000000 00a08272 00000000 0000006a 00000000 00000000 00000000 07862264 00000000 00a082dc 00000000 00000000 00000000 00000000 00000039 008b3199 00000001 00000000 00000001 00000000 00000000 00000000 00000000 00000000 00000000 00000000 00000000 00000000 00000000 00000000 00000000 00000000 00000000 00000000 00000000 b98ed14f 00000001 84725caa 00000000 00000000 00000000 00000000 00000000 00000101 00000081 00000000 00000000 00000000 00000000 00000000 00000000 00000000 00003333 00004ccd 00002667 00000001 00000000 01c9c380 0000027c
capture_snapshot GLI1 00010000 30000000 2500000 644 0 30000000 0 0 0 0 0 0 0 7cec3f48 00000000 84755c70 00000000 00a0c26f 00000000 00a0c26f 00000000 0000006a 00000000 00000000 00000000 07892240 00000000 00a0c2d9 00000000 00000000 00000000 00000000 00000039 008b3199 00000001 00000000 00000001 00000000 00000000 00000000 00000000 00000000 00000000 00000000 00000000 00000000 00000000 00000000 00000000 00000000 00000000 00000000 00000000 b998d0c4 00000001 84755c86 00000000 00000000 00000000 00000000 00000000 00000101 00000080 00000000 00000000 00000000 00000000 00000000 00000000 00000000 00003333 00004ccd 00002667 00000001 00000000 01c9c380 0000027c
capture_snapshot GLI1 00010000 30000000 2500000 645 0 30000000 0 0 0 0 0 0 0 7cec3f48 00000000 84785d3c 00000000 00a10280 00000000 00a10280 00000000 0000006a 00000000 00000000 00000000 078c230d 00000000 00a102ea 00000000 00000000 00000000 00000000 00000039 008b3199 00000001 00000000 00000001 00000000 00000000 00000000 00000000 00000000 00000000 00000000 00000000 00000000 00000000 00000000 00000000 00000000 00000000 00000000 00000000 b9a2d35a 00000001 84785d53 00000000 00000000 00000000 00000000 00000000 00000100 00000080 00000000 00000000 00000000 00000000 00000000 00000000 00000000 00003333 00004ccd 00002667 00000001 00000000 01c9c380 0000027c
capture_snapshot GLI1 00010000 30000000 2500000 646 0 30000000 0 0 0 0 0 0 0 7cec3f48 00000000 847b5c94 00000000 00a14272 00000000 00a14272 00000000 0000006a 00000000 00000000 00000000 078f2264 00000000 00a142dc 00000000 00000000 00000000 00000000 00000039 008b3199 00000001 00000000 00000001 00000000 00000000 00000000 00000000 00000000 00000000 00000000 00000000 00000000 00000000 00000000 00000000 00000000 00000000 00000000 00000000 b9acd113 00000001 847b5caa 00000000 00000000 00000000 00000000 00000000 00000100 00000080 00000000 00000000 00000000 00000000 00000000 00000000 00000000 00003333 00004ccd 00002667 00000001 00000000 01c9c380 0000027c
capture_snapshot GLI1 00010000 30000000 2500000 647 0 30000000 0 0 0 0 0 0 0 7cec3f48 00000000 847e5e80 00000000 00a1829b 00000000 00a1829b 00000000 0000006a 00000000 00000000 00000000 07922449 00000000 00a18305 00000000 00000000 00000000 00000000 00000039 008b3199 00000001 00000000 00000001 00000000 00000000 00000000 00000000 00000000 00000000 00000000 00000000 00000000 00000000 00000000 00000000 00000000 00000000 00000000 00000000 b9b6d752 00000001 847e5e8f 00000000 00000000 00000000 00000000 00000000 00000101 00000081 00000000 00000000 00000000 00000000 00000000 00000000 00000000 00003333 00004ccd 00002667 00000001 00000000 01c9c380 0000027c
capture_snapshot GLI1 00010000 30000000 2500000 648 0 30000000 0 0 0 0 0 0 0 7cec3f48 00000000 84816114 00000000 00a1c2d2 00000000 00a1c2d2 00000000 0000006a 00000000 00000000 00000000 079526dd 00000000 00a1c33c 00000000 00000000 00000000 00000000 00000039 008b3199 00000001 00000000 00000001 00000000 00000000 00000000 00000000 00000000 00000000 00000000 00000000 00000000 00000000 00000000 00000000 00000000 00000000 00000000 00000000 b9c0dfd5 00000001 84816123 00000000 00000000 00000000 00000000 00000000 00000101 00000080 00000000 00000000 00000000 00000000 00000000 00000000 00000000 00003333 00004ccd 00002667 00000001 00000000 01c9c380 0000027c
capture_snapshot GLI1 00010000 30000000 2500000 649 0 30000000 0 0 0 0 0 0 0 7cec3f48 00000000 848460d8 00000000 00a202cd 00000000 00a202cd 00000000 0000006a 00000000 00000000 00000000 079826a4 00000000 00a20337 00000000 00000000 00000000 00000000 00000039 008b3199 00000001 00000000 00000001 00000000 00000000 00000000 00000000 00000000 00000000 00000000 00000000 00000000 00000000 00000000 00000000 00000000 00000000 00000000 00000000 b9cadf05 00000001 848460ea 00000000 00000000 00000000 00000000 00000000 00000101 00000080 00000000 00000000 00000000 00000000 00000000 00000000 00000000 00003333 00004ccd 00002667 00000001 00000000 01c9c380 0000027c
capture_snapshot GLI1 00010000 30000000 2500000 650 0 30000000 0 0 0 0 0 0 0 7cec3f48 00000000 84876594 00000000 00a24332 00000000 00a24332 00000000 0000006a 00000000 00000000 00000000 079b2b61 00000000 00a2439c 00000000 00000000 00000000 00000000 00000039 008b3199 00000001 00000000 00000001 00000000 00000000 00000000 00000000 00000000 00000000 00000000 00000000 00000000 00000000 00000000 00000000 00000000 00000000 00000000 00000000 b9d4eebb 00000001 848765a7 00000000 00000000 00000000 00000000 00000000 00000101 00000080 00000000 00000000 00000000 00000000 00000000 00000000 00000000 00003333 00004ccd 00002667 00000001 00000000 01c9c380 0000027c
capture_snapshot GLI1 00010000 30000000 2500000 651 0 30000000 0 0 0 0 0 0 0 7cec3f48 00000000 848a67b0 00000000 00a2835f 00000000 00a2835f 00000000 0000006a 00000000 00000000 00000000 079e2d7d 00000000 00a283c9 00000000 00000000 00000000 00000000 00000039 008b3199 00000001 00000000 00000001 00000000 00000000 00000000 00000000 00000000 00000000 00000000 00000000 00000000 00000000 00000000 00000000 00000000 00000000 00000000 00000000 b9def5b2 00000001 848a67c3 00000000 00000000 00000000 00000000 00000000 00000100 00000080 00000000 00000000 00000000 00000000 00000000 00000000 00000000 00003333 00004ccd 00002667 00000001 00000000 01c9c380 0000027c
capture_snapshot GLI1 00010000 30000000 2500000 652 0 30000000 0 0 0 0 0 0 0 7cec3f48 00000000 848d65ac 00000000 00a2c334 00000000 00a2c334 00000000 0000006a 00000000 00000000 00000000 07a12b7e 00000000 00a2c39e 00000000 00000000 00000000 00000000 00000039 008b3199 00000001 00000000 00000001 00000000 00000000 00000000 00000000 00000000 00000000 00000000 00000000 00000000 00000000 00000000 00000000 00000000 00000000 00000000 00000000 b9e8eef7 00000001 848d65c4 00000000 00000000 00000000 00000000 00000000 00000100 00000080 00000000 00000000 00000000 00000000 00000000 00000000 00000000 00003333 00004ccd 00002667 00000001 00000000 01c9c380 0000027c
capture_snapshot GLI1 00010000 30000000 2500000 653 0 30000000 0 0 0 0 0 0 0 7cec3f48 00000000 849063cc 00000000 00a3030c 00000000 00a3030c 00000000 0000006a 00000000 00000000 00000000 07a42998 00000000 00a30376 00000000 00000000 00000000 00000000 00000039 008b3199 00000001 00000000 00000001 00000000 00000000 00000000 00000000 00000000 00000000 00000000 00000000 00000000 00000000 00000000 00000000 00000000 00000000 00000000 00000000 b9f2e88d 00000001 849063de 00000000 00000000 00000000 00000000 00000000 00000100 00000080 00000000 00000000 00000000 00000000 00000000 00000000 00000000 00003333 00004ccd 00002667 00000001 00000000 01c9c380 0000027c
capture_snapshot GLI1 00010000 30000000 2500000 654 0 30000000 0 0 0 0 0 0 0 7cec3f48 00000000 84936390 00000000 00a34307 00000000 00a34307 00000000 0000006a 00000000 00000000 00000000 07a72960 00000000 00a34371 00000000 00000000 00000000 00000000 00000039 008b3199 00000001 00000000 00000001 00000000 00000000 00000000 00000000 00000000 00000000 00000000 00000000 00000000 00000000 00000000 00000000 00000000 00000000 00000000 00000000 b9fce7c1 00000001 849363a6 00000000 00000000 00000000 00000000 00000000 00000100 00000080 00000000 00000000 00000000 00000000 00000000 00000000 00000000 00003333 00004ccd 00002667 00000001 00000000 01c9c380 0000027c
capture_snapshot GLI1 00010000 30000000 2500000 655 0 30000000 0 0 0 0 0 0 0 7cec3f48 00000000 849664bc 00000000 00a38320 00000000 00a38320 00000000 0000006a 00000000 00000000 00000000 07aa2a86 00000000 00a3838a 00000000 00000000 00000000 00000000 00000039 008b3199 00000001 00000000 00000001 00000000 00000000 00000000 00000000 00000000 00000000 00000000 00000000 00000000 00000000 00000000 00000000 00000000 00000000 00000000 00000000 ba06eb81 00000001 849664cc 00000000 00000000 00000000 00000000 00000000 00000101 00000081 00000000 00000000 00000000 00000000 00000000 00000000 00000000 00003333 00004ccd 00002667 00000001 00000000 01c9c380 0000027c
capture_snapshot GLI1 00010000 30000000 2500000 656 0 30000000 0 0 0 0 0 0 0 7cec3f48 00000000 8499651c 00000000 00a3c328 00000000 00a3c328 00000000 0000006a 00000000 00000000 00000000 07ad2aeb 00000000 00a3c392 00000000 00000000 00000000 00000000 00000039 008b3199 00000001 00000000 00000001 00000000 00000000 00000000 00000000 00000000 00000000 00000000 00000000 00000000 00000000 00000000 00000000 00000000 00000000 00000000 00000000 ba10ecbf 00000001 84996531 00000000 00000000 00000000 00000000 00000000 00000100 00000080 00000000 00000000 00000000 00000000 00000000 00000000 00000000 00003333 00004ccd 00002667 00000001 00000000 01c9c380 0000027c
capture_snapshot GLI1 00010000 30000000 2500000 657 0 30000000 0 0 0 0 0 0 0 7cec3f48 00000000 849c64ec 00000000 00a40324 00000000 00a40324 00000000 0000006a 00000000 00000000 00000000 07b02abd 00000000 00a4038e 00000000 00000000 00000000 00000000 00000039 008b3199 00000001 00000000 00000001 00000000 00000000 00000000 00000000 00000000 00000000 00000000 00000000 00000000 00000000 00000000 00000000 00000000 00000000 00000000 00000000 ba1aec11 00000001 849c6503 00000000 00000000 00000000 00000000 00000000 00000101 00000081 00000000 00000000 00000000 00000000 00000000 00000000 00000000 00003333 00004ccd 00002667 00000001 00000000 01c9c380 0000027c
capture_snapshot GLI1 00010000 30000000 2500000 658 0 30000000 0 0 0 0 0 0 0 7cec3f48 00000000 849f5c1c 00000000 00a44268 00000000 00a44268 00000000 0000006a 00000000 00000000 00000000 07b321ef 00000000 00a442d2 00000000 00000000 00000000 00000000 00000039 008b3199 00000001 00000000 00000001 00000000 00000000 00000000 00000000 00000000 00000000 00000000 00000000 00000000 00000000 00000000 00000000 00000000 00000000 00000000 00000000 ba24cea3 00000001 849f5c35 00000000 00000000 00000000 00000000 00000000 00000100 00000080 00000000 00000000 00000000 00000000 00000000 00000000 00000000 00003333 00004ccd 00002667 00000001 00000000 01c9c380 0000027c
capture_snapshot GLI1 00010000 30000000 2500000 659 0 30000000 0 0 0 0 0 0 0 7cec3f48 00000000 84a25dfc 00000000 00a48290 00000000 00a48290 00000000 0000006a 00000000 00000000 00000000 07b623cf 00000000 00a482fa 00000000 00000000 00000000 00000000 00000039 008b3199 00000001 00000000 00000001 00000000 00000000 00000000 00000000 00000000 00000000 00000000 00000000 00000000 00000000 00000000 00000000 00000000 00000000 00000000 00000000 ba2ed4d1 00000001 84a25e15 00000000 00000000 00000000 00000000 00000000 00000101 00000081 00000000 00000000 00000000 00000000 00000000 00000000 00000000 00003333 00004ccd 00002667 00000001 00000000 01c9c380 0000027c
capture_snapshot GLI1 00010000 30000000 2500000 660 0 30000000 0 0 0 0 0 0 0 7cec3f48 00000000 84a55d90 00000000 00a4c287 00000000 00a4c287 00000000 0000006a 00000000 00000000 00000000 07b92360 00000000 00a4c2f1 00000000 00000000 00000000 00000000 00000039 008b3199 00000001 00000000 00000001 00000000 00000000 00000000 00000000 00000000 00000000 00000000 00000000 00000000 00000000 00000000 00000000 00000000 00000000 00000000 00000000 ba38d34a 00000001 84a55da6 00000000 00000000 00000000 00000000 00000000 00000100 00000080 00000000 00000000 00000000 00000000 00000000 00000000 00000000 00003333 00004ccd 00002667 00000001 00000000 01c9c380 0000027c
capture_snapshot GLI1 00010000 30000000 2500000 661 0 30000000 0 0 0 0 0 0 0 7cec3f48 00000000 84a85cf4 00000000 00a5027a 00000000 00a5027a 00000000 0000006a 00000000 00000000 00000000 07bc22be 00000000 00a502e4 00000000 00000000 00000000 00000000 00000039 008b3199 00000001 00000000 00000001 00000000 00000000 00000000 00000000 00000000 00000000 00000000 00000000 00000000 00000000 00000000 00000000 00000000 00000000 00000000 00000000 ba42d11c 00000001 84a85d04 00000000 00000000 00000000 00000000 00000000 00000101 00000081 00000000 00000000 00000000 00000000 00000000 00000000 00000000 00003333 00004ccd 00002667 00000001 00000000 01c9c380 0000027c
capture_snapshot GLI1 00010000 30000000 2500000 662 0 30000000 0 0 0 0 0 0 0 7cec3f48 00000000 84ab5d24 00000000 00a5427e 00000000 00a5427e 00000000 0000006a 00000000 00000000 00000000 07bf22f2 00000000 00a542e8 00000000 00000000 00000000 00000000 00000039 008b3199 00000001 00000000 00000001 00000000 00000000 00000000 00000000 00000000 00000000 00000000 00000000 00000000 00000000 00000000 00000000 00000000 00000000 00000000 00000000 ba4cd1b6 00000001 84ab5d38 00000000 00000000 00000000 00000000 00000000 00000101 00000081 00000000 00000000 00000000 00000000 00000000 00000000 00000000 00003333 00004ccd 00002667 00000001 00000000 01c9c380 0000027c
capture_snapshot GLI1 00010000 30000000 2500000 663 0 30000000 0 0 0 0 0 0 0 7cec3f48 00000000 84ae5f04 00000000 00a582a6 00000000 00a582a5 00000000 0000006a 00000000 00000000 00000000 07c224cc 00000000 00a58310 00000000 00000000 00000000 00000000 0000003b 008b3199 00000001 00000001 00000001 00000000 00000000 00000000 00000000 00000000 00000000 00000000 00000000 00000000 00000000 00000000 00000000 00000000 00000000 00000000 00000000 ba56d7cf 00000001 84ae5f12 00000000 00000000 00000000 00000000 00000000 00000100 00000080 00000000 00000000 00000000 00000000 00000000 00000000 00000000 00003333 00004ccd 00002667 00000001 00000000 01c9c380 0000027c
capture_snapshot GLI1 00010000 30000000 2500000 664 0 30000000 0 0 0 0 0 0 0 7cec3f48 00000000 84b16300 00000000 00a5c2fb 00000000 00a5c2fb 00000000 0000006a 00000000 00000000 00000000 07c528d3 00000000 00a5c365 00000000 00000000 00000000 00000000 00000039 008b3199 00000001 00000000 00000001 00000000 00000000 00000000 00000000 00000000 00000000 00000000 00000000 00000000 00000000 00000000 00000000 00000000 00000000 00000000 00000000 ba60e527 00000001 84b16319 00000000 00000000 00000000 00000000 00000000 00000101 00000081 00000000 00000000 00000000 00000000 00000000 00000000 00000000 00003333 00004ccd 00002667 00000001 00000000 01c9c380 0000027c
capture_snapshot GLI1 00010000 30000000 2500000 665 0 30000000 0 0 0 0 0 0 0 7cec3f48 00000000 84b461a4 00000000 00a602de 00000000 00a602de 00000000 0000006a 00000000 00000000 00000000 07c82770 00000000 00a60348 00000000 00000000 00000000 00000000 00000039 008b3199 00000001 00000000 00000001 00000000 00000000 00000000 00000000 00000000 00000000 00000000 00000000 00000000 00000000 00000000 00000000 00000000 00000000 00000000 00000000 ba6ae075 00000001 84b461b6 00000000 00000000 00000000 00000000 00000000 00000101 00000080 00000000 00000000 00000000 00000000 00000000 00000000 00000000 00003333 00004ccd 00002667 00000001 00000000 01c9c380 0000027c
capture_snapshot GLI1 00010000 30000000 2500000 666 0 30000000 0 0 0 0 0 0 0 7cec3f48 00000000 84b764d4 00000000 00a64322 00000000 00a64322 00000000 0000006a 00000000 00000000 00000000 07cb2aa0 00000000 00a6438c 00000000 00000000 00000000 00000000 00000039 008b3199 00000001 00000000 00000001 00000000 00000000 00000000 00000000 00000000 00000000 00000000 00000000 00000000 00000000 00000000 00000000 00000000 00000000 00000000 00000000 ba74eaff 00000001 84b764e6 00000000 00000000 00000000 00000000 00000000 00000100 00000080 00000000 00000000 00000000 00000000 00000000 00000000 00000000 00003333 00004ccd 00002667 00000001 00000000 01c9c380 0000027c
capture_snapshot GLI1 00010000 30000000 2500000 667 0 30000000 0 0 0 0 0 0 0 7cec3f48 00000000 84ba6420 00000000 00a68313 00000000 00a68313 00000000 0000006a 00000000 00000000 00000000 07ce29f1 00000000 00a6837d 00000000 00000000 00000000 00000000 00000039 008b3199 00000001 00000000 00000001 00000000 00000000 00000000 00000000 00000000 00000000 00000000 00000000 00000000 00000000 00000000 00000000 00000000 00000000 00000000 00000000 ba7ee8a6 00000001 84ba6437 00000000 00000000 00000000 00000000 00000000 00000101 00000081 00000000 00000000 00000000 00000000 00000000 00000000 00000000 00003333 00004ccd 00002667 00000001 00000000 01c9c380 0000027c
capture_snapshot GLI1 00010000 30000000 2500000 668 0 30000000 0 0 0 0 0 0 0 7cec3f48 00000000 84bd633c 00000000 00a6c300 00000000 00a6c300 00000000 0000006a 00000000 00000000 00000000 07d12908 00000000 00a6c36a 00000000 00000000 00000000 00000000 00000039 008b3199 00000001 00000000 00000001 00000000 00000000 00000000 00000000 00000000 00000000 00000000 00000000 00000000 00000000 00000000 00000000 00000000 00000000 00000000 00000000 ba88e58b 00000001 84bd634e 00000000 00000000 00000000 00000000 00000000 00000100 00000080 00000000 00000000 00000000 00000000 00000000 00000000 00000000 00003333 00004ccd 00002667 00000001 00000000 01c9c380 0000027c
capture_snapshot GLI1 00010000 30000000 2500000 669 0 30000000 0 0 0 0 0 0 0 7cec3f48 00000000 84c072fc 00000000 00a70450 00000000 00a70450 00000000 0000006a 00000000 00000000 00000000 07d438c8 00000000 00a704ba 00000000 00000000 00000000 00000000 00000039 008b3199 00000001 00000000 00000001 00000000 00000000 00000000 00000000 00000000 00000000 00000000 00000000 00000000 00000000 00000000 00000000 00000000 00000000 00000000 00000000 ba9319f7 00000001 84c0730e 00000000 00000000 00000000 00000000 00000000 00000100 00000080 00000000 00000000 00000000 00000000 00000000 00000000 00000000 00003333 00004ccd 00002667 00000001 00000000 01c9c380 0000027c
capture_snapshot GLI1 00010000 30000000 2500000 670 0 30000000 0 0 0 0 0 0 0 7cec3f48 00000000 84c36270 00000000 00a742ef 00000000 00a742ef 00000000 0000006a 00000000 00000000 00000000 07d7283d 00000000 00a74359 00000000 00000000 00000000 00000000 00000039 008b3199 00000001 00000000 00000001 00000000 00000000 00000000 00000000 00000000 00000000 00000000 00000000 00000000 00000000 00000000 00000000 00000000 00000000 00000000 00000000 ba9ce2c0 00000001 84c36283 00000000 00000000 00000000 00000000 00000000 00000100 00000080 00000000 00000000 00000000 00000000 00000000 00000000 00000000 00003333 00004ccd 00002667 00000001 00000000 01c9c380 0000027c
capture_snapshot GLI1 00010000 30000000 2500000 671 0 30000000 0 0 0 0 0 0 0 7cec3f48 00000000 84c66168 00000000 00a782d9 00000000 00a782d9 00000000 0000006a 00000000 00000000 00000000 07da2735 00000000 00a78343 00000000 00000000 00000000 00000000 00000039 008b3199 00000001 00000000 00000001 00000000 00000000 00000000 00000000 00000000 00000000 00000000 00000000 00000000 00000000 00000000 00000000 00000000 00000000 00000000 00000000 baa6df3a 00000001 84c6617b 00000000 00000000 00000000 00000000 00000000 00000101 00000081 00000000 00000000 00000000 00000000 00000000 00000000 00000000 00003333 00004ccd 00002667 00000001 00000000 01c9c380 0000027c
capture_snapshot GLI1 00010000 30000000 2500000 672 0 30000000 0 0 0 0 0 0 0 7cec3f48 00000000 84c964b0 00000000 00a7c31f 00000000 00a7c31f 00000000 0000006a 00000000 00000000 00000000 07dd2a7d 00000000 00a7c389 00000000 00000000 00000000 00000000 00000039 008b3199 00000001 00000000 00000001 00000000 00000000 00000000 00000000 00000000 00000000 00000000 00000000 00000000 00000000 00000000 00000000 00000000 00000000 00000000 00000000 bab0ea18 00000001 84c964c3 00000000 00000000 00000000 00000000 00000000 00000100 00000081 00000000 00000000 00000000 00000000 00000000 00000000 00000000 00003333 00004ccd 00002667 00000001 00000000 01c9c380 0000027c
capture_snapshot GLI1 00010000 30000000 2500000 673 0 30000000 0 0 0 0 0 0 0 7cec3f48 00000000 84cc6798 00000000 00a8035d 00000000 00a8035d 00000000 0000006a 00000000 00000000 00000000 07e02d61 00000000 00a803c7 00000000 00000000 00000000 00000000 00000039 008b3199 00000001 00000000 00000001 00000000 00000000 00000000 00000000 00000000 00000000 00000000 00000000 00000000 00000000 00000000 00000000 00000000 00000000 00000000 00000000 babaf3a7 00000001 84cc67a7 00000000 00000000 00000000 00000000 00000000 00000100 00000081 00000000 00000000 00000000 00000000 00000000 00000000 00000000 00003333 00004ccd 00002667 00000001 00000000 01c9c380 0000027c
capture_snapshot GLI1 00010000 30000000 2500000 674 0 30000000 0 0 0 0 0 0 0 7cec3f48 00000000 84cf6840 00000000 00a8436b 00000000 00a8436b 00000000 0000006a 00000000 00000000 00000000 07e32e0f 00000000 00a843d5 00000000 00000000 00000000 00000000 00000039 008b3199 00000001 00000000 00000001 00000000 00000000 00000000 00000000 00000000 00000000 00000000 00000000 00000000 00000000 00000000 00000000 00000000 00000000 00000000 00000000 bac4f5d5 00000001 84cf6855 00000000 00000000 00000000 00000000 00000000 00000100 00000080 00000000 00000000 00000000 00000000 00000000 00000000 00000000 00003333 00004ccd 00002667 00000001 00000000 01c9c380 0000027c
capture_snapshot GLI1 00010000 30000000 2500000 675 0 30000000 0 0 0 0 0 0 0 7cec3f48 00000000 84d26ab0 00000000 00a8839f 00000000 00a8839f 00000000 0000006a 00000000 00000000 00000000 07e6307c 00000000 00a88409 00000000 00000000 00000000 00000000 00000039 008b3199 00000001 00000000 00000001 00000000 00000000 00000000 00000000 00000000 00000000 00000000 00000000 00000000 00000000 00000000 00000000 00000000 00000000 00000000 00000000 bacefdd8 00000001 84d26ac2 00000000 00000000 00000000 00000000 00000000 00000101 00000080 00000000 00000000 00000000 00000000 00000000 00000000 00000000 00003333 00004ccd 00002667 00000001 00000000 01c9c380 0000027c
capture_snapshot GLI1 00010000 30000000 2500000 676 0 30000000 0 0 0 0 0 0 0 7cec3f48 00000000 84d56cc0 00000000 00a8c3cb 00000000 00a8c3cb 00000000 0000006a 00000000 00000000 00000000 07e9328d 00000000 00a8c435 00000000 00000000 00000000 00000000 00000039 008b3199 00000001 00000000 00000001 00000000 00000000 00000000 00000000 00000000 00000000 00000000 00000000 00000000 00000000 00000000 00000000 00000000 00000000 00000000 00000000 bad904a9 00000001 84d56cd3 00000000 00000000 00000000 00000000 00000000 00000101 00000081 00000000 00000000 00000000 00000000 00000000 00000000 00000000 00003333 00004ccd 00002667 00000001 00000000 01c9c380 0000027c
capture_snapshot GLI1 00010000 30000000 2500000 677 0 30000000 0 0 0 0 0 0 0 7cec3f48 00000000 84d8639c 00000000 00a90308 00000000 00a90308 00000000 0000006a 00000000 00000000 00000000 07ec2969 00000000 00a90372 00000000 00000000 00000000 00000000 00000039 008b3199 00000001 00000000 00000001 00000000 00000000 00000000 00000000 00000000 00000000 00000000 00000000 00000000 00000000 00000000 00000000 00000000 00000000 00000000 00000000 bae2e61d 00000001 84d863af 00000000 00000000 00000000 00000000 00000000 00000101 00000081 00000000 00000000 00000000 00000000 00000000 00000000 00000000 00003333 00004ccd 00002667 00000001 00000000 01c9c380 0000027c
capture_snapshot GLI1 00010000 30000000 2500000 678 0 30000000 0 0 0 0 0 0 0 7cec3f48 00000000 84db6390 00000000 00a94307 00000000 00a94307 00000000 0000006a 00000000 00000000 00000000 07ef2963 00000000 00a94371 00000000 00000000 00000000 00000000 00000039 008b3199 00000001 00000000 00000001 00000000 00000000 00000000 00000000 00000000 00000000 00000000 00000000 00000000 00000000 00000000 00000000 00000000 00000000 00000000 00000000 baece5f7 00000001 84db63a9 00000000 00000000 00000000 00000000 00000000 00000100 00000080 00000000 00000000 00000000 00000000 00000000 00000000 00000000 00003333 00004ccd 00002667 00000001 00000000 01c9c380 0000027c
capture_snapshot GLI1 00010000 30000000 2500000 679 0 30000000 0 0 0 0 0 0 0 7cec3f48 00000000 84de61d4 00000000 00a982e2 00000000 00a982e2 00000000 0000006a 00000000 00000000 00000000 07f227a4 00000000 00a9834c 00000000 00000000 00000000 00000000 00000039 008b3199 00000001 00000000 00000001 00000000 00000000 00000000 00000000 00000000 00000000 00000000 00000000 00000000 00000000 00000000 00000000 00000000 00000000 00000000 00000000 baf6e00f 00000001 84de61ea 00000000 00000000 00000000 00000000 00000000 00000100 00000080 00000000 00000000 00000000 00000000 00000000 00000000 00000000 00003333 00004ccd 00002667 00000001 00000000 01c9c380 0000027c
capture_snapshot GLI1 00010000 30000000 2500000 680 0 30000000 0 0 0 0 0 0 0 7cec3f48 00000000 84e16114 00000000 00a9c2d2 00000000 00a9c2d2 00000000 0000006a 00000000 00000000 00000000 07f526e5 00000000 00a9c33c 00000000 00000000 00000000 00000000 00000039 008b3199 00000001 00000000 00000001 00000000 00000000 00000000 00000000 00000000 00000000 00000000 00000000 00000000 00000000 00000000 00000000 00000000 00000000 00000000 00000000 bb00dd80 00000001 84e1612b 00000000 00000000 00000000 00000000 00000000 00000101 00000081 00000000 00000000 00000000 00000000 00000000 00000000 00000000 00003333 00004ccd 00002667 00000001 00000000 01c9c380 0000027c
capture_snapshot GLI1 00010000 30000000 2500000 681 0 30000000 0 0 0 0 0 0 0 7cec3f48 00000000 84e46690 00000000 00aa0347 00000000 00aa0347 00000000 0000006a 00000000 00000000 00000000 07f82c59 00000000 00aa03b1 00000000 00000000 00000000 00000000 00000039 008b3199 00000001 00000000 00000001 00000000 00000000 00000000 00000000 00000000 00000000 00000000 00000000 00000000 00000000 00000000 00000000 00000000 00000000 00000000 00000000 bb0aef9a 00000001 84e4669f 00000000 00000000 00000000 00000000 00000000 00000101 00000081 00000000 00000000 00000000 00000000 00000000 00000000 00000000 00003333 00004ccd 00002667 00000001 00000000 01c9c380 0000027c
capture_snapshot GLI1 00010000 30000000 2500000 682 0 30000000 0 0 0 0 0 0 0 7cec3f48 00000000 84e7600c 00000000 00aa42bc 00000000 00aa42bc 00000000 0000006a 00000000 00000000 00000000 07fb25dc 00000000 00aa4326 00000000 00000000 00000000 00000000 00000039 008b3199 00000001 00000000 00000001 00000000 00000000 00000000 00000000 00000000 00000000 00000000 00000000 00000000 00000000 00000000 00000000 00000000 00000000 00000000 00000000 bb14d9e6 00000001 84e76022 00000000 00000000 00000000 00000000 00000000 00000101 00000081 00000000 00000000 00000000 00000000 00000000 00000000 00000000 00003333 00004ccd 00002667 00000001 00000000 01c9c380 0000027c
capture_snapshot GLI1 00010000 30000000 2500000 683 0 30000000 0 0 0 0 0 0 0 7cec3f48 00000000 84ea5ebc 00000000 00aa82a0 00000000 00aa82a0 00000000 0000006a 00000000 00000000 00000000 07fe2489 00000000 00aa830a 00000000 00000000 00000000 00000000 00000039 008b3199 00000001 00000000 00000001 00000000 00000000 00000000 00000000 00000000 00000000 00000000 00000000 00000000 00000000 00000000 00000000 00000000 00000000 00000000 00000000 bb1ed569 00000001 84ea5ecf 00000000 00000000 00000000 00000000 00000000 00000101 00000081 00000000 00000000 00000000 00000000 00000000 00000000 00000000 00003333 00004ccd 00002667 00000001 00000000 01c9c380 0000027c
capture_snapshot GLI1 00010000 30000000 2500000 684 0 30000000 0 0 0 0 0 0 0 7cec3f48 00000000 84ed65b8 00000000 00aac335 00000000 00aac335 00000000 0000006a 00000000 00000000 00000000 08012b8b 00000000 00aac39f 00000000 00000000 00000000 00000000 00000039 008b3199 00000001 00000000 00000001 00000000 00000000 00000000 00000000 00000000 00000000 00000000 00000000 00000000 00000000 00000000 00000000 00000000 00000000 00000000 00000000 bb28ecb2 00000001 84ed65d1 00000000 00000000 00000000 00000000 00000000 00000100 00000080 00000000 00000000 00000000 00000000 00000000 00000000 00000000 00003333 00004ccd 00002667 00000001 00000000 01c9c380 0000027c
capture_snapshot GLI1 00010000 30000000 2500000 685 0 30000000 0 0 0 0 0 0 0 7cec3f48 00000000 84f066e4 00000000 00ab034e 00000000 00ab034e 00000000 0000006a 00000000 00000000 00000000 08042cac 00000000 00ab03b8 00000000 00000000 00000000 00000000 00000039 008b3199 00000001 00000000 00000001 00000000 00000000 00000000 00000000 00000000 00000000 00000000 00000000 00000000 00000000 00000000 00000000 00000000 00000000 00000000 00000000 bb32f062 00000001 84f066f2 00000000 00000000 00000000 00000000 00000000 00000100 00000080 00000000 00000000 00000000 00000000 00000000 00000000 00000000 00003333 00004ccd 00002667 00000001 00000000 01c9c380 0000027c
capture_snapshot GLI1 00010000 30000000 2500000 686 0 30000000 0 0 0 0 0 0 0 7cec3f48 00000000 84f3624c 00000000 00ab42ec 00000000 00ab42ec 00000000 0000006a 00000000 00000000 00000000 0807281a 00000000 00ab4356 00000000 00000000 00000000 00000000 00000039 008b3199 00000001 00000000 00000001 00000000 00000000 00000000 00000000 00000000 00000000 00000000 00000000 00000000 00000000 00000000 00000000 00000000 00000000 00000000 00000000 bb3ce112 00000001 84f36260 00000000 00000000 00000000 00000000 00000000 00000100 00000080 00000000 00000000 00000000 00000000 00000000 00000000 00000000 00003333 00004ccd 00002667 00000001 00000000 01c9c380 0000027c
capture_snapshot GLI1 00010000 30000000 2500000 687 0 30000000 0 0 0 0 0 0 0 7cec3f48 00000000 84f66828 00000000 00ab8369 00000000 00ab8368 00000000 0000006a 00000000 00000000 00000000 080a2df0 00000000 00ab83d3 00000000 00000000 00000000 00000000 0000003b 008b3199 00000001 00000001 00000001 00000000 00000000 00000000 00000000 00000000 00000000 00000000 00000000 00000000 00000000 00000000 00000000 00000000 00000000 00000000 00000000 bb46f472 00000001 84f66836 00000000 00000000 00000000 00000000 00000000 00000101 00000080 00000000 00000000 00000000 00000000 00000000 00000000 00000000 00003333 00004ccd 00002667 00000001 00000000 01c9c380 0000027c
capture_snapshot GLI1 00010000 30000000 2500000 688 0 30000000 0 0 0 0 0 0 0 7cec3f48 00000000 84f9612c 00000000 00abc2d4 00000000 00abc2d4 00000000 0000006a 00000000 00000000 00000000 080d26fb 00000000 00abc33e 00000000 00000000 00000000 00000000 00000039 008b3199 00000001 00000000 00000001 00000000 00000000 00000000 00000000 00000000 00000000 00000000 00000000 00000000 00000000 00000000 00000000 00000000 00000000 00000000 00000000 bb50dd2e 00000001 84f96141 00000000 00000000 00000000 00000000 00000000 00000101 00000080 00000000 00000000 00000000 00000000 00000000 00000000 00000000 00003333 00004ccd 00002667 00000001 00000000 01c9c380 0000027c
capture_snapshot GLI1 00010000 30000000 2500000 689 0 30000000 0 0 0 0 0 0 0 7cec3f48 00000000 84fc6090 00000000 00ac02c7 00000000 00ac02c7 00000000 0000006a 00000000 00000000 00000000 08102664 00000000 00ac0331 00000000 00000000 00000000 00000000 00000039 008b3199 00000001 00000000 00000001 00000000 00000000 00000000 00000000 00000000 00000000 00000000 00000000 00000000 00000000 00000000 00000000 00000000 00000000 00000000 00000000 bb5adb21 00000001 84fc60aa 00000000 00000000 00000000 00000000 00000000 00000100 00000080 00000000 00000000 00000000 00000000 00000000 00000000 00000000 00003333 00004ccd 00002667 00000001 00000000 01c9c380 0000027c
capture_snapshot GLI1 00010000 30000000 2500000 690 0 30000000 0 0 0 0 0 0 0 7cec3f48 00000000 84ff6360 00000000 00ac4303 00000000 00ac4303 00000000 0000006a 00000000 00000000 00000000 0813292f 00000000 00ac436d 00000000 00000000 00000000 00000000 00000039 008b3199 00000001 00000000 00000001 00000000 00000000 00000000 00000000 00000000 00000000 00000000 00000000 00000000 00000000 00000000 00000000 00000000 00000000 00000000 00000000 bb64e45f 00000001 84ff6375 00000000 00000000 00000000 00000000 00000000 00000101 00000080 00000000 00000000 00000000 00000000 00000000 00000000 00000000 00003333 00004ccd 00002667 00000001 00000000 01c9c380 0000027c
capture_snapshot GLI1 00010000 30000000 2500000 691 0 30000000 0 0 0 0 0 0 0 7cec3f48 00000000 8502636c 00000000 00ac8304 00000000 00ac8304 00000000 0000006a 00000000 00000000 00000000 08162937 00000000 00ac836e 00000000 00000000 00000000 00000000 00000039 008b3199 00000001 00000000 00000001 00000000 00000000 00000000 00000000 00000000 00000000 00000000 00000000 00000000 00000000 00000000 00000000 00000000 00000000 00000000 00000000 bb6ee466 00000001 8502637d 00000000 00000000 00000000 00000000 00000000 00000101 00000081 00000000 00000000 00000000 00000000 00000000 00000000 00000000 00003333 00004ccd 00002667 00000001 00000000 01c9c380 0000027c
capture_snapshot GLI1 00010000 30000000 2500000 692 0 30000000 0 0 0 0 0 0 0 7cec3f48 00000000 850560e4 00000000 00acc2ce 00000000 00acc2ce 00000000 0000006a 00000000 00000000 00000000 081926b7 00000000 00acc338 00000000 00000000 00000000 00000000 00000039 008b3199 00000001 00000000 00000001 00000000 00000000 00000000 00000000 00000000 00000000 00000000 00000000 00000000 00000000 00000000 00000000 00000000 00000000 00000000 00000000 bb78dbfc 00000001 850560fd 00000000 00000000 00000000 00000000 00000000 00000101 00000080 00000000 00000000 00000000 00000000 00000000 00000000 00000000 00003333 00004ccd 00002667 00000001 00000000 01c9c380 0000027c
capture_snapshot GLI1 00010000 30000000 2500000 693 0 30000000 0 0 0 0 0 0 0 7cec3f48 00000000 85086144 00000000 00ad02d6 00000000 00ad02d6 00000000 0000006a 00000000 00000000 00000000 081c270f 00000000 00ad0340 00000000 00000000 00000000 00000000 00000039 008b3199 00000001 00000000 00000001 00000000 00000000 00000000 00000000 00000000 00000000 00000000 00000000 00000000 00000000 00000000 00000000 00000000 00000000 00000000 00000000 bb82dd0f 00000001 85086155 00000000 00000000 00000000 00000000 00000000 00000101 00000081 00000000 00000000 00000000 00000000 00000000 00000000 00000000 00003333 00004ccd 00002667 00000001 00000000 01c9c380 0000027c
capture_snapshot GLI1 00010000 30000000 2500000 694 0 30000000 0 0 0 0 0 0 0 7cec3f48 00000000 850b6894 00000000 00ad4372 00000000 00ad4372 00000000 0000006a 00000000 00000000 00000000 081f2e64 00000000 00ad43dc 00000000 00000000 00000000 00000000 00000039 008b3199 00000001 00000000 00000001 00000000 00000000 00000000 00000000 00000000 00000000 00000000 00000000 00000000 00000000 00000000 00000000 00000000 00000000 00000000 00000000 bb8cf56b 00000001 850b68aa 00000000 00000000 00000000 00000000 00000000 00000101 00000080 00000000 00000000 00000000 00000000 00000000 00000000 00000000 00003333 00004ccd 00002667 00000001 00000000 01c9c380 0000027c
capture_snapshot GLI1 00010000 30000000 2500000 695 0 30000000 0 0 0 0 0 0 0 7cec3f48 00000000 850e6a80 00000000 00ad839b 00000000 00ad839b 00000000 0000006a 00000000 00000000 00000000 0822304c 00000000 00ad8405 00000000 00000000 00000000 00000000 00000039 008b3199 00000001 00000000 00000001 00000000 00000000 00000000 00000000 00000000 00000000 00000000 00000000 00000000 00000000 00000000 00000000 00000000 00000000 00000000 00000000 bb96fbb3 00000001 850e6a92 00000000 00000000 00000000 00000000 00000000 00000101 00000081 00000000 00000000 00000000 00000000 00000000 00000000 00000000 00003333 00004ccd 00002667 00000001 00000000 01c9c380 0000027c
capture_snapshot GLI1 00010000 30000000 2500000 696 0 30000000 0 0 0 0 0 0 0 7cec3f48 00000000 85116e7c 00000000 00adc3f0 00000000 00adc3f0 00000000 0000006a 00000000 00000000 00000000 08253445 00000000 00adc45a 00000000 00000000 00000000 00000000 00000039 008b3199 00000001 00000000 00000001 00000000 00000000 00000000 00000000 00000000 00000000 00000000 00000000 00000000 00000000 00000000 00000000 00000000 00000000 00000000 00000000 bba108de 00000001 85116e8b 00000000 00000000 00000000 00000000 00000000 00000100 00000081 00000000 00000000 00000000 00000000 00000000 00000000 00000000 00003333 00004ccd 00002667 00000001 00000000 01c9c380 0000027c
capture_snapshot GLI1 00010000 30000000 2500000 697 0 30000000 0 0 0 0 0 0 0 7cec3f48 00000000 85146bb8 00000000 00ae03b5 00000000 00ae03b5 00000000 0000006a 00000000 00000000 00000000 08283188 00000000 00ae041f 00000000 00000000 00000000 00000000 00000039 008b3199 00000001 00000000 00000001 00000000 00000000 00000000 00000000 00000000 00000000 00000000 00000000 00000000 00000000 00000000 00000000 00000000 00000000 00000000 00000000 bbaaffa9 00000001 85146bce 00000000 00000000 00000000 00000000 00000000 00000101 00000081 00000000 00000000 00000000 00000000 00000000 00000000 00000000 00003333 00004ccd 00002667 00000001 00000000 01c9c380 0000027c
capture_snapshot GLI1 00010000 30000000 2500000 698 0 30000000 0 0 0 0 0 0 0 7cec3f48 00000000 85177458 00000000 00ae446d 00000000 00ae446d 00000000 0000006a 00000000 00000000 00000000 082b3a27 00000000 00ae44d7 00000000 00000000 00000000 00000000 00000039 008b3199 00000001 00000000 00000001 00000000 00000000 00000000 00000000 00000000 00000000 00000000 00000000 00000000 00000000 00000000 00000000 00000000 00000000 00000000 00000000 bbb51c52 00000001 8517746d 00000000 00000000 00000000 00000000 00000000 00000101 00000081 00000000 00000000 00000000 00000000 00000000 00000000 00000000 00003333 00004ccd 00002667 00000001 00000000 01c9c380 0000027c
capture_snapshot GLI1 00010000 30000000 2500000 699 0 30000000 0 0 0 0 0 0 0 7cec3f48 00000000 851a66b4 00000000 00ae834a 00000000 00ae834a 00000000 0000006a 00000000 00000000 00000000 082e2c7f 00000000 00ae83b4 00000000 00000000 00000000 00000000 00000039 008b3199 00000001 00000000 00000001 00000000 00000000 00000000 00000000 00000000 00000000 00000000 00000000 00000000 00000000 00000000 00000000 00000000 00000000 00000000 00000000 bbbeeeb9 00000001 851a66c5 00000000 00000000 00000000 00000000 00000000 00000101 00000081 00000000 00000000 00000000 00000000 00000000 00000000 00000000 00003333 00004ccd 00002667 00000001 00000000 01c9c380 0000027c
capture_snapshot GLI1 00010000 30000000 2500000 700 0 30000000 0 0 0 0 0 0 0 7cec3f48 00000000 851d62ac 00000000 00aec2f4 00000000 00aec2f4 00000000 0000006a 00000000 00000000 00000000 08312875 00000000 00aec35e 00000000 00000000 00000000 00000000 00000039 008b3199 00000001 00000000 00000001 00000000 00000000 00000000 00000000 00000000 00000000 00000000 00000000 00000000 00000000 00000000 00000000 00000000 00000000 00000000 00000000 bbc8e131 00000001 851d62bb 00000000 00000000 00000000 00000000 00000000 00000100 00000080 00000000 00000000 00000000 00000000 00000000 00000000 00000000 00003333 00004ccd 00002667 00000001 00000000 01c9c380 0000027c
capture_snapshot GLI1 00010000 30000000 2500000 701 0 30000000 0 0 0 0 0 0 0 7cec3f48 00000000 85206474 00000000 00af031a 00000000 00af031a 00000000 0000006a 00000000 00000000 00000000 08342a41 00000000 00af0384 00000000 00000000 00000000 00000000 00000039 008b3199 00000001 00000000 00000001 00000000 00000000 00000000 00000000 00000000 00000000 00000000 00000000 00000000 00000000 00000000 00000000 00000000 00000000 00000000 00000000 bbd2e71b 00000001 85206487 00000000 00000000 00000000 00000000 00000000 00000100 00000080 00000000 00000000 00000000 00000000 00000000 00000000 00000000 00003333 00004ccd 00002667 00000001 00000000 01c9c380 0000027c
capture_snapshot GLI1 00010000 30000000 2500000 702 0 30000000 0 0 0 0 0 0 0 7cec3f48 00000000 852361a4 00000000 00af42de 00000000 00af42de 00000000 0000006a 00000000 00000000 00000000 08372772 00000000 00af4348 00000000 00000000 00000000 00000000 00000039 008b3199 00000001 00000000 00000001 00000000 00000000 00000000 00000000 00000000 00000000 00000000 00000000 00000000 00000000 00000000 00000000 00000000 00000000 00000000 00000000 bbdcdda9 00000001 852361b8 00000000 00000000 00000000 00000000 00000000 00000101 00000081 00000000 00000000 00000000 00000000 00000000 00000000 00000000 00003333 00004ccd 00002667 00000001 00000000 01c9c380 0000027c
capture_snapshot GLI1 00010000 30000000 2500000 703 0 30000000 0 0 0 0 0 0 0 7cec3f48 00000000 8526618c 00000000 00af82dc 00000000 00af82dc 00000000 0000006a 00000000 00000000 00000000 083a2756 00000000 00af8346 00000000 00000000 00000000 00000000 00000039 008b3199 00000001 00000000 00000001 00000000 00000000 00000000 00000000 00000000 00000000 00000000 00000000 00000000 00000000 00000000 00000000 00000000 00000000 00000000 00000000 bbe6dd39 00000001 8526619c 00000000 00000000 00000000 00000000 00000000 00000100 00000080 00000000 00000000 00000000 00000000 00000000 00000000 00000000 00003333 00004ccd 00002667 00000001 00000000 01c9c380 0000027c
capture_snapshot GLI1 00010000 30000000 2500000 704 0 30000000 0 0 0 0 0 0 0 7cec3f48 00000000 85296234 00000000 00afc2ea 00000000 00afc2ea 00000000 0000006a 00000000 00000000 00000000 083d27fd 00000000 00afc354 00000000 00000000 00000000 00000000 00000039 008b3199 00000001 00000000 00000001 00000000 00000000 00000000 00000000 00000000 00000000 00000000 00000000 00000000 00000000 00000000 00000000 00000000 00000000 00000000 00000000 bbf0df53 00000001 85296243 00000000 00000000 00000000 00000000 00000000 00000100 00000080 00000000 00000000 00000000 00000000 00000000 00000000 00000000 00003333 00004ccd 00002667 00000001 00000000 01c9c380 0000027c
capture_snapshot GLI1 00010000 30000000 2500000 705 0 30000000 0 0 0 0 0 0 0 7cec3f48 00000000 852c6330 00000000 00b002ff 00000000 00b002ff 00000000 0000006a 00000000 00000000 00000000 08402904 00000000 00b00369 00000000 00000000 00000000 00000000 00000039 008b3199 00000001 00000000 00000001 00000000 00000000 00000000 00000000 00000000 00000000 00000000 00000000 00000000 00000000 00000000 00000000 00000000 00000000 00000000 00000000 bbfae2a9 00000001 852c634a 00000000 00000000 00000000 00000000 00000000 00000100 00000080 00000000 00000000 00000000 00000000 00000000 00000000 00000000 00003333 00004ccd 00002667 00000001 00000000 01c9c380 0000027c
capture_snapshot GLI1 00010000 30000000 2500000 706 0 30000000 0 0 0 0 0 0 0 7cec3f48 00000000 852f693c 00000000 00b04380 00000000 00b04380 00000000 0000006a 00000000 00000000 00000000 08432f09 00000000 00b043ea 00000000 00000000 00000000 00000000 00000039 008b3199 00000001 00000000 00000001 00000000 00000000 00000000 00000000 00000000 00000000 00000000 00000000 00000000 00000000 00000000 00000000 00000000 00000000 00000000 00000000 bc04f6a8 00000001 852f694f 00000000 00000000 00000000 00000000 00000000 00000101 00000081 00000000 00000000 00000000 00000000 00000000 00000000 00000000 00003333 00004ccd 00002667 00000001 00000000 01c9c380 0000027c
capture_snapshot GLI1 00010000 30000000 2500000 707 0 30000000 0 0 0 0 0 0 0 7cec3f48 00000000 85326a74 00000000 00b0839a 00000000 00b0839a 00000000 0000006a 00000000 00000000 00000000 08463046 00000000 00b08404 00000000 00000000 00000000 00000000 00000039 008b3199 00000001 00000000 00000001 00000000 00000000 00000000 00000000 00000000 00000000 00000000 00000000 00000000 00000000 00000000 00000000 00000000 00000000 00000000 00000000 bc0efab4 00000001 85326a8c 00000000 00000000 00000000 00000000 00000000 00000101 00000080 00000000 00000000 00000000 00000000 00000000 00000000 00000000 00003333 00004ccd 00002667 00000001 00000000 01c9c380 0000027c
capture_snapshot GLI1 00010000 30000000 2500000 708 0 30000000 0 0 0 0 0 0 0 7cec3f48 00000000 85357368 00000000 00b0c459 00000000 00b0c459 00000000 0000006a 00000000 00000000 00000000 08493932 00000000 00b0c4c3 00000000 00000000 00000000 00000000 00000039 008b3199 00000001 00000000 00000001 00000000 00000000 00000000 00000000 00000000 00000000 00000000 00000000 00000000 00000000 00000000 00000000 00000000 00000000 00000000 00000000 bc19185e 00000001 85357378 00000000 00000000 00000000 00000000 00000000 00000101 00000081 00000000 00000000 00000000 00000000 00000000 00000000 00000000 00003333 00004ccd 00002667 00000001 00000000 01c9c380 0000027c
capture_snapshot GLI1 00010000 30000000 2500000 709 0 30000000 0 0 0 0 0 0 0 7cec3f48 00000000 8538639c 00000000 00b10308 00000000 00b10308 00000000 0000006a 00000000 00000000 00000000 084c2965 00000000 00b10372 00000000 00000000 00000000 00000000 00000039 008b3199 00000001 00000000 00000001 00000000 00000000 00000000 00000000 00000000 00000000 00000000 00000000 00000000 00000000 00000000 00000000 00000000 00000000 00000000 00000000 bc22e3a0 00000001 853863ab 00000000 00000000 00000000 00000000 00000000 00000101 00000081 00000000 00000000 00000000 00000000 00000000 00000000 00000000 00003333 00004ccd 00002667 00000001 00000000 01c9c380 0000027c
capture_snapshot GLI1 00010000 30000000 2500000 710 0 30000000 0 0 0 0 0 0 0 7cec3f48 00000000 853b66c0 00000000 00b1434b 00000000 00b1434b 00000000 0000006a 00000000 00000000 00000000 084f2c93 00000000 00b143b5 00000000 00000000 00000000 00000000 00000039 008b3199 00000001 00000000 00000001 00000000 00000000 00000000 00000000 00000000 00000000 00000000 00000000 00000000 00000000 00000000 00000000 00000000 00000000 00000000 00000000 bc2cee26 00000001 853b66d9 00000000 00000000 00000000 00000000 00000000 00000101 00000080 00000000 00000000 00000000 00000000 00000000 00000000 00000000 00003333 00004ccd 00002667 00000001 00000000 01c9c380 0000027c
capture_snapshot GLI1 00010000 30000000 2500000 711 0 30000000 0 0 0 0 0 0 0 7cec3f48 00000000 853e6108 00000000 00b182d1 00000000 00b182d1 00000000 0000006a 00000000 00000000 00000000 085226db 00000000 00b1833b 00000000 00000000 00000000 00000000 00000039 008b3199 00000001 00000000 00000001 00000000 00000000 00000000 00000000 00000000 00000000 00000000 00000000 00000000 00000000 00000000 00000000 00000000 00000000 00000000 00000000 bc36db03 00000001 853e6121 00000000 00000000 00000000 00000000 00000000 00000100 00000080 00000000 00000000 00000000 00000000 00000000 00000000 00000000 00003333 00004ccd 00002667 00000001 00000000 01c9c380 0000027c
capture_snapshot GLI1 00010000 30000000 2500000 712 0 30000000 0 0 0 0 0 0 0 7cec3f48 00000000 854160cc 00000000 00b1c2cc 00000000 00b1c2cc 00000000 0000006a 00000000 00000000 00000000 0855269b 00000000 00b1c336 00000000 00000000 00000000 00000000 00000039 008b3199 00000001 00000000 00000001 00000000 00000000 00000000 00000000 00000000 00000000 00000000 00000000 00000000 00000000 00000000 00000000 00000000 00000000 00000000 00000000 bc40da19 00000001 854160e1 00000000 00000000 00000000 00000000 00000000 00000101 00000081 00000000 00000000 00000000 00000000 00000000 00000000 00000000 00003333 00004ccd 00002667 00000001 00000000 01c9c380 0000027c
capture_snapshot GLI1 00010000 30000000 2500000 713 0 30000000 0 0 0 0 0 0 0 7cec3f48 00000000 854463c0 00000000 00b2030b 00000000 00b2030b 00000000 0000006a 00000000 00000000 00000000 08582991 00000000 00b20375 00000000 00000000 00000000 00000000 00000039 008b3199 00000001 00000000 00000001 00000000 00000000 00000000 00000000 00000000 00000000 00000000 00000000 00000000 00000000 00000000 00000000 00000000 00000000 00000000 00000000 bc4ae3e5 00000001 854463d7 00000000 00000000 00000000 00000000 00000000 00000101 00000081 00000000 00000000 00000000 00000000 00000000 00000000 00000000 00003333 00004ccd 00002667 00000001 00000000 01c9c380 0000027c
capture_snapshot GLI1 00010000 30000000 2500000 714 0 30000000 0 0 0 0 0 0 0 7cec3f48 00000000 854763d8 00000000 00b2430d 00000000 00b2430d 00000000 0000006a 00000000 00000000 00000000 085b29a7 00000000 00b24377 00000000 00000000 00000000 00000000 00000039 008b3199 00000001 00000000 00000001 00000000 00000000 00000000 00000000 00000000 00000000 00000000 00000000 00000000 00000000 00000000 00000000 00000000 00000000 00000000 00000000 bc54e419 00000001 854763ed 00000000 00000000 00000000 00000000 00000000 00000101 00000080 00000000 00000000 00000000 00000000 00000000 00000000 00000000 00003333 00004ccd 00002667 00000001 00000000 01c9c380 0000027c
capture_snapshot GLI1 00010000 30000000 2500000 715 0 30000000 0 0 0 0 0 0 0 7cec3f48 00000000 854a66c0 00000000 00b2834b 00000000 00b2834b 00000000 0000006a 00000000 00000000 00000000 085e2c92 00000000 00b283b5 00000000 00000000 00000000 00000000 00000039 008b3199 00000001 00000000 00000001 00000000 00000000 00000000 00000000 00000000 00000000 00000000 00000000 00000000 00000000 00000000 00000000 00000000 00000000 00000000 00000000 bc5eedc1 00000001 854a66d8 00000000 00000000 00000000 00000000 00000000 00000101 00000081 00000000 00000000 00000000 00000000 00000000 00000000 00000000 00003333 00004ccd 00002667 00000001 00000000 01c9c380 0000027c
capture_snapshot GLI1 00010000 30000000 2500000 716 0 30000000 0 0 0 0 0 0 0 7cec3f48 00000000 854d6a68 00000000 00b2c399 00000000 00b2c399 00000000 0000006a 00000000 00000000 00000000 08613038 00000000 00b2c403 00000000 00000000 00000000 00000000 00000039 008b3199 00000001 00000000 00000001 00000000 00000000 00000000 00000000 00000000 00000000 00000000 00000000 00000000 00000000 00000000 00000000 00000000 00000000 00000000 00000000 bc68f9d7 00000001 854d6a7e 00000000 00000000 00000000 00000000 00000000 00000101 00000080 00000000 00000000 00000000 00000000 00000000 00000000 00000000 00003333 00004ccd 00002667 00000001 00000000 01c9c380 0000027c
capture_snapshot GLI1 00010000 30000000 2500000 717 0 30000000 0 0 0 0 0 0 0 7cec3f48 00000000 85506dec 00000000 00b303e4 00000000 00b303e4 00000000 0000006a 00000000 00000000 00000000 086433be 00000000 00b3044e 00000000 00000000 00000000 00000000 00000039 008b3199 00000001 00000000 00000001 00000000 00000000 00000000 00000000 00000000 00000000 00000000 00000000 00000000 00000000 00000000 00000000 00000000 00000000 00000000 00000000 bc730583 00000001 85506e04 00000000 00000000 00000000 00000000 00000000 00000100 00000080 00000000 00000000 00000000 00000000 00000000 00000000 00000000 00003333 00004ccd 00002667 00000001 00000000 01c9c380 0000027c
capture_snapshot GLI1 00010000 30000000 2500000 718 0 30000000 0 0 0 0 0 0 0 7cec3f48 00000000 855362a0 00000000 00b342f3 00000000 00b342f3 00000000 0000006a 00000000 00000000 00000000 0867286a 00000000 00b3435d 00000000 00000000 00000000 00000000 00000039 008b3199 00000001 00000000 00000001 00000000 00000000 00000000 00000000 00000000 00000000 00000000 00000000 00000000 00000000 00000000 00000000 00000000 00000000 00000000 00000000 bc7cdfac 00000001 855362b0 00000000 00000000 00000000 00000000 00000000 00000101 00000081 00000000 00000000 00000000 00000000 00000000 00000000 00000000 00003333 00004ccd 00002667 00000001 00000000 01c9c380 0000027c
capture_snapshot GLI1 00010000 30000000 2500000 719 0 30000000 0 0 0 0 0 0 0 7cec3f48 00000000 855663e4 00000000 00b3830e 00000000 00b3830e 00000000 0000006a 00000000 00000000 00000000 086a29b4 00000000 00b38378 00000000 00000000 00000000 00000000 00000039 008b3199 00000001 00000000 00000001 00000000 00000000 00000000 00000000 00000000 00000000 00000000 00000000 00000000 00000000 00000000 00000000 00000000 00000000 00000000 00000000 bc86e3e4 00000001 855663fa 00000000 00000000 00000000 00000000 00000000 00000101 00000081 00000000 00000000 00000000 00000000 00000000 00000000 00000000 00003333 00004ccd 00002667 00000001 00000000 01c9c380 0000027c
capture_snapshot GLI1 00010000 30000000 2500000 720 0 30000000 0 0 0 0 0 0 0 7cec3f48 00000000 855961b0 00000000 00b3c2df 00000000 00b3c2df 00000000 0000006a 00000000 00000000 00000000 086d2778 00000000 00b3c349 00000000 00000000 00000000 00000000 00000039 008b3199 00000001 00000000 00000001 00000000 00000000 00000000 00000000 00000000 00000000 00000000 00000000 00000000 00000000 00000000 00000000 00000000 00000000 00000000 00000000 bc90dc5f 00000001 855961be 00000000 00000000 00000000 00000000 00000000 00000100 00000080 00000000 00000000 00000000 00000000 00000000 00000000 00000000 00003333 00004ccd 00002667 00000001 00000000 01c9c380 0000027c
capture_snapshot GLI1 00010000 30000000 2500000 721 0 30000000 0 0 0 0 0 0 0 7cec3f48 00000000 855c6054 00000000 00b402c2 00000000 00b402c2 00000000 0000006a 00000000 00000000 00000000 08702622 00000000 00b4032c 00000000 00000000 00000000 00000000 00000039 008b3199 00000001 00000000 00000001 00000000 00000000 00000000 00000000 00000000 00000000 00000000 00000000 00000000 00000000 00000000 00000000 00000000 00000000 00000000 00000000 bc9ad7d8 00000001 855c6068 00000000 00000000 00000000 00000000 00000000 00000100 00000080 00000000 00000000 00000000 00000000 00000000 00000000 00000000 00003333 00004ccd 00002667 00000001 00000000 01c9c380 0000027c
capture_snapshot GLI1 00010000 30000000 2500000 722 0 30000000 0 0 0 0 0 0 0 7cec3f48 00000000 855f63b4 00000000 00b4430a 00000000 00b4430a 00000000 0000006a 00000000 00000000 00000000 08732986 00000000 00b44374 00000000 00000000 00000000 00000000 00000039 008b3199 00000001 00000000 00000001 00000000 00000000 00000000 00000000 00000000 00000000 00000000 00000000 00000000 00000000 00000000 00000000 00000000 00000000 00000000 00000000 bca4e30f 00000001 855f63cc 00000000 00000000 00000000 00000000 00000000 00000101 00000080 00000000 00000000 00000000 00000000 00000000 00000000 00000000 00003333 00004ccd 00002667 00000001 00000000 01c9c380 0000027c
capture_snapshot GLI1 00010000 30000000 2500000 723 0 30000000 0 0 0 0 0 0 0 7cec3f48 00000000 85626324 00000000 00b482fe 00000000 00b482fe 00000000 0000006a 00000000 00000000 00000000 087628ee 00000000 00b48368 00000000 00000000 00000000 00000000 00000039 008b3199 00000001 00000000 00000001 00000000 00000000 00000000 00000000 00000000 00000000 00000000 00000000 00000000 00000000 00000000 00000000 00000000 00000000 00000000 00000000 bcaee101 00000001 85626334 00000000 00000000 00000000 00000000 00000000 00000101 00000080 00000000 00000000 00000000 00000000 00000000 00000000 00000000 00003333 00004ccd 00002667 00000001 00000000 01c9c380 0000027c
capture_snapshot GLI1 00010000 30000000 2500000 724 0 30000000 0 0 0 0 0 0 0 7cec3f48 00000000 856564c8 00000000 00b4c321 00000000 00b4c321 00000000 0000006a 00000000 00000000 00000000 08792a9b 00000000 00b4c38b 00000000 00000000 00000000 00000000 00000039 008b3199 00000001 00000000 00000001 00000000 00000000 00000000 00000000 00000000 00000000 00000000 00000000 00000000 00000000 00000000 00000000 00000000 00000000 00000000 00000000 bcb8e685 00000001 856564e1 00000000 00000000 00000000 00000000 00000000 00000101 00000080 00000000 00000000 00000000 00000000 00000000 00000000 00000000 00003333 00004ccd 00002667 00000001 00000000 01c9c380 0000027c
capture_snapshot GLI1 00010000 30000000 2500000 725 0 30000000 0 0 0 0 0 0 0 7cec3f48 00000000 85686390 00000000 00b50307 00000000 00b50307 00000000 0000006a 00000000 00000000 00000000 087c295b 00000000 00b50371 00000000 00000000 00000000 00000000 00000039 008b3199 00000001 00000000 00000001 00000000 00000000 00000000 00000000 00000000 00000000 00000000 00000000 00000000 00000000 00000000 00000000 00000000 00000000 00000000 00000000 bcc2e247 00000001 856863a1 00000000 00000000 00000000 00000000 00000000 00000101 00000080 00000000 00000000 00000000 00000000 00000000 00000000 00000000 00003333 00004ccd 00002667 00000001 00000000 01c9c380 0000027c
capture_snapshot GLI1 00010000 30000000 2500000 726 0 30000000 0 0 0 0 0 0 0 7cec3f48 00000000 856b6b58 00000000 00b543ad 00000000 00b543ad 00000000 0000006a 00000000 00000000 00000000 087f3123 00000000 00b54417 00000000 00000000 00000000 00000000 00000039 008b3199 00000001 00000000 00000001 00000000 00000000 00000000 00000000 00000000 00000000 00000000 00000000 00000000 00000000 00000000 00000000 00000000 00000000 00000000 00000000 bcccfc22 00000001 856b6b69 00000000 00000000 00000000 00000000 00000000 00000101 00000080 00000000 00000000 00000000 00000000 00000000 00000000 00000000 00003333 00004ccd 00002667 00000001 00000000 01c9c380 0000027c
capture_snapshot GLI1 00010000 30000000 2500000 727 0 30000000 0 0 0 0 0 0 0 7cec3f48 00000000 856e77f4 00000000 00b584ba 00000000 00b584b9 00000000 0000006a 00000000 00000000 00000000 08823dbc 00000000 00b58524 00000000 00000000 00000000 00000000 0000003b 008b3199 00000001 00000001 00000001 00000000 00000000 00000000 00000000 00000000 00000000 00000000 00000000 00000000 00000000 00000000 00000000 00000000 00000000 00000000 00000000 bcd7260d 00000001 856e7802 00000000 00000000 00000000 00000000 00000000 00000101 00000081 00000000 00000000 00000000 00000000 00000000 00000000 00000000 00003333 00004ccd 00002667 00000001 00000000 01c9c380 0000027c
capture_snapshot GLI1 00010000 30000000 2500000 728 0 30000000 0 0 0 0 0 0 0 7cec3f48 00000000 8571636c 00000000 00b5c304 00000000 00b5c304 00000000 0000006a 00000000 00000000 00000000 0885293d 00000000 00b5c36e 00000000 00000000 00000000 00000000 00000039 008b3199 00000001 00000000 00000001 00000000 00000000 00000000 00000000 00000000 00000000 00000000 00000000 00000000 00000000 00000000 00000000 00000000 00000000 00000000 00000000 bce0e1a6 00000001 85716383 00000000 00000000 00000000 00000000 00000000 00000100 00000080 00000000 00000000 00000000 00000000 00000000 00000000 00000000 00003333 00004ccd 00002667 00000001 00000000 01c9c380 0000027c
capture_snapshot GLI1 00010000 30000000 2500000 729 0 30000000 0 0 0 0 0 0 0 7cec3f48 00000000 857460fc 00000000 00b602d0 00000000 00b602d0 00000000 0000006a 00000000 00000000 00000000 088826c9 00000000 00b6033a 00000000 00000000 00000000 00000000 00000039 008b3199 00000001 00000000 00000001 00000000 00000000 00000000 00000000 00000000 00000000 00000000 00000000 00000000 00000000 00000000 00000000 00000000 00000000 00000000 00000000 bcead969 00000001 8574610f 00000000 00000000 00000000 00000000 00000000 00000100 00000080 00000000 00000000 00000000 00000000 00000000 00000000 00000000 00003333 00004ccd 00002667 00000001 00000000 01c9c380 0000027c
capture_snapshot GLI1 00010000 30000000 2500000 730 0 30000000 0 0 0 0 0 0 0 7cec3f48 00000000 8577621c 00000000 00b642e8 00000000 00b642e8 00000000 0000006a 00000000 00000000 00000000 088b27e7 00000000 00b64352 00000000 00000000 00000000 00000000 00000039 008b3199 00000001 00000000 00000001 00000000 00000000 00000000 00000000 00000000 00000000 00000000 00000000 00000000 00000000 00000000 00000000 00000000 00000000 00000000 00000000 bcf4dd0c 00000001 8577622d 00000000 00000000 00000000 00000000 00000000 00000101 00000080 00000000 00000000 00000000 00000000 00000000 00000000 00000000 00003333 00004ccd 00002667 00000001 00000000 01c9c380 0000027c
capture_snapshot GLI1 00010000 30000000 2500000 731 0 30000000 0 0 0 0 0 0 0 7cec3f48 00000000 857a67b0 00000000 00b6835f 00000000 00b6835f 00000000 0000006a 00000000 00000000 00000000 088e2d7b 00000000 00b683c9 00000000 00000000 00000000 00000000 00000039 008b3199 00000001 00000000 00000001 00000000 00000000 00000000 00000000 00000000 00000000 00000000 00000000 00000000 00000000 00000000 00000000 00000000 00000000 00000000 00000000 bcfeef92 00000001 857a67c1 00000000 00000000 00000000 00000000 00000000 00000100 00000080 00000000 00000000 00000000 00000000 00000000 00000000 00000000 00003333 00004ccd 00002667 00000001 00000000 01c9c380 0000027c
capture_snapshot GLI1 00010000 30000000 2500000 732 0 30000000 0 0 0 0 0 0 0 7cec3f48 00000000 857d62b8 00000000 00b6c2f5 00000000 00b6c2f5 00000000 0000006a 00000000 00000000 00000000 08912889 00000000 00b6c35f 00000000 00000000 00000000 00000000 00000039 008b3199 00000001 00000000 00000001 00000000 00000000 00000000 00000000 00000000 00000000 00000000 00000000 00000000 00000000 00000000 00000000 00000000 00000000 00000000 00000000 bd08df02 00000001 857d62cf 00000000 00000000 00000000 00000000 00000000 00000101 00000081 00000000 00000000 00000000 00000000 00000000 00000000 00000000 00003333 00004ccd 00002667 00000001 00000000 01c9c380 0000027c
capture_snapshot GLI1 00010000 30000000 2500000 733 0 30000000 0 0 0 0 0 0 0 7cec3f48 00000000 85806414 00000000 00b70312 00000000 00b70312 00000000 0000006a 00000000 00000000 00000000 089429e6 00000000 00b7037c 00000000 00000000 00000000 00000000 00000039 008b3199 00000001 00000000 00000001 00000000 00000000 00000000 00000000 00000000 00000000 00000000 00000000 00000000 00000000 00000000 00000000 00000000 00000000 00000000 00000000 bd12e379 00000001 8580642c 00000000 00000000 00000000 00000000 00000000 00000101 00000081 00000000 00000000 00000000 00000000 00000000 00000000 00000000 00003333 00004ccd 00002667 00000001 00000000 01c9c380 0000027c
capture_snapshot GLI1 00010000 30000000 2500000 734 0 30000000 0 0 0 0 0 0 0 7cec3f48 00000000 85836234 00000000 00b742ea 00000000 00b742ea 00000000 0000006a 00000000 00000000 00000000 08972808 00000000 00b74354 00000000 00000000 00000000 00000000 00000039 008b3199 00000001 00000000 00000001 00000000 00000000 00000000 00000000 00000000 00000000 00000000 00000000 00000000 00000000 00000000 00000000 00000000 00000000 00000000 00000000 bd1cdd2c 00000001 8583624e 00000000 00000000 00000000 00000000 00000000 00000101 00000080 00000000 00000000 00000000 00000000 00000000 00000000 00000000 00003333 00004ccd 00002667 00000001 00000000 01c9c380 0000027c
capture_snapshot GLI1 00010000 30000000 2500000 735 0 30000000 0 0 0 0 0 0 0 7cec3f48 00000000 858660c0 00000000 00b782cb 00000000 00b782cb 00000000 0000006a 00000000 00000000 00000000 089a2689 00000000 00b78335 00000000 00000000 00000000 00000000 00000039 008b3199 00000001 00000000 00000001 00000000 00000000 00000000 00000000 00000000 00000000 00000000 00000000 00000000 00000000 00000000 00000000 00000000 00000000 00000000 00000000 bd26d81e 00000001 858660cf 00000000 00000000 00000000 00000000 00000000 00000100 00000080 00000000 00000000 00000000 00000000 00000000 00000000 00000000 00003333 00004ccd 00002667 00000001 00000000 01c9c380 0000027c
capture_snapshot GLI1 00010000 30000000 2500000 736 0 30000000 0 0 0 0 0 0 0 7cec3f48 00000000 85896324 00000000 00b7c2fe 00000000 00b7c2fe 00000000 0000006a 00000000 00000000 00000000 089d28ef 00000000 00b7c368 00000000 00000000 00000000 00000000 00000039 008b3199 00000001 00000000 00000001 00000000 00000000 00000000 00000000 00000000 00000000 00000000 00000000 00000000 00000000 00000000 00000000 00000000 00000000 00000000 00000000 bd30e007 00000001 85896335 00000000 00000000 00000000 00000000 00000000 00000101 00000080 00000000 00000000 00000000 00000000 00000000 00000000 00000000 00003333 00004ccd 00002667 00000001 00000000 01c9c380 0000027c
capture_snapshot GLI1 00010000 30000000 2500000 737 0 30000000 0 0 0 0 0 0 0 7cec3f48 00000000 858c6270 00000000 00b802ef 00000000 00b802ef 00000000 0000006a 00000000 00000000 00000000 08a0283d 00000000 00b80359 00000000 00000000 00000000 00000000 00000039 008b3199 00000001 00000000 00000001 00000000 00000000 00000000 00000000 00000000 00000000 00000000 00000000 00000000 00000000 00000000 00000000 00000000 00000000 00000000 00000000 bd3adda3 00000001 858c6283 00000000 00000000 00000000 00000000 00000000 00000101 00000081 00000000 00000000 00000000 00000000 00000000 00000000 00000000 00003333 00004ccd 00002667 00000001 00000000 01c9c380 0000027c
capture_snapshot GLI1 00010000 30000000 2500000 738 0 30000000 0 0 0 0 0 0 0 7cec3f48 00000000 858f65ac 00000000 00b84334 00000000 00b84334 00000000 0000006a 00000000 00000000 00000000 08a32b7f 00000000 00b8439e 00000000 00000000 00000000 00000000 00000039 008b3199 00000001 00000000 00000001 00000000 00000000 00000000 00000000 00000000 00000000 00000000 00000000 00000000 00000000 00000000 00000000 00000000 00000000 00000000 00000000 bd44e86b 00000001 858f65c5 00000000 00000000 00000000 00000000 00000000 00000101 00000081 00000000 00000000 00000000 00000000 00000000 00000000 00000000 00003333 00004ccd 00002667 00000001 00000000 01c9c380 0000027c
capture_snapshot GLI1 00010000 30000000 2500000 739 0 30000000 0 0 0 0 0 0 0 7cec3f48 00000000 8592693c 00000000 00b88380 00000000 00b88380 00000000 0000006a 00000000 00000000 00000000 08a62f0e 00000000 00b883ea 00000000 00000000 00000000 00000000 00000039 008b3199 00000001 00000000 00000001 00000000 00000000 00000000 00000000 00000000 00000000 00000000 00000000 00000000 00000000 00000000 00000000 00000000 00000000 00000000 00000000 bd4ef435 00000001 85926954 00000000 00000000 00000000 00000000 00000000 00000101 00000081 00000000 00000000 00000000 00000000 00000000 00000000 00000000 00003333 00004ccd 00002667 00000001 00000000 01c9c380 0000027c
capture_snapshot GLI1 00010000 30000000 2500000 740 0 30000000 0 0 0 0 0 0 0 7cec3f48 00000000 859574ac 00000000 00b8c474 00000000 00b8c474 00000000 0000006a 00000000 00000000 00000000 08a93a7a 00000000 00b8c4de 00000000 00000000 00000000 00000000 00000039 008b3199 00000001 00000000 00000001 00000000 00000000 00000000 00000000 00000000 00000000 00000000 00000000 00000000 00000000 00000000 00000000 00000000 00000000 00000000 00000000 bd591a34 00000001 859574c0 00000000 00000000 00000000 00000000 00000000 00000100 00000080 00000000 00000000 00000000 00000000 00000000 00000000 00000000 00003333 00004ccd 00002667 00000001 00000000 01c9c380 0000027c
capture_snapshot GLI1 00010000 30000000 2500000 741 0 30000000 0 0 0 0 0 0 0 7cec3f48 00000000 85986da4 00000000 00b903de 00000000 00b903de 00000000 0000006a 00000000 00000000 00000000 08ac3371 00000000 00b90448 00000000 00000000 00000000 00000000 00000039 008b3199 00000001 00000000 00000001 00000000 00000000 00000000 00000000 00000000 00000000 00000000 00000000 00000000 00000000 00000000 00000000 00000000 00000000 00000000 00000000 bd6302ad 00000001 85986db7 00000000 00000000 00000000 00000000 00000000 00000101 00000081 00000000 00000000 00000000 00000000 00000000 00000000 00000000 00003333 00004ccd 00002667 00000001 00000000 01c9c380 0000027c
capture_snapshot GLI1 00010000 30000000 2500000 742 0 30000000 0 0 0 0 0 0 0 7cec3f48 00000000 859b63fc 00000000 00b94310 00000000 00b94310 00000000 0000006a 00000000 00000000 00000000 08af29ca 00000000 00b9437a 00000000 00000000 00000000 00000000 00000039 008b3199 00000001 00000000 00000001 00000000 00000000 00000000 00000000 00000000 00000000 00000000 00000000 00000000 00000000 00000000 00000000 00000000 00000000 00000000 00000000 bd6ce26c 00000001 859b6410 00000000 00000000 00000000 00000000 00000000 00000101 00000080 00000000 00000000 00000000 00000000 00000000 00000000 00000000 00003333 00004ccd 00002667 00000001 00000000 01c9c380 0000027c
capture_snapshot GLI1 00010000 30000000 2500000 743 0 30000000 0 0 0 0 0 0 0 7cec3f48 00000000 859e61ec 00000000 00b982e4 00000000 00b982e4 00000000 0000006a 00000000 00000000 00000000 08b227bd 00000000 00b9834e 00000000 00000000 00000000 00000000 00000039 008b3199 00000001 00000000 00000001 00000000 00000000 00000000 00000000 00000000 00000000 00000000 00000000 00000000 00000000 00000000 00000000 00000000 00000000 00000000 00000000 bd76db85 00000001 859e6203 00000000 00000000 00000000 00000000 00000000 00000100 00000080 00000000 00000000 00000000 00000000 00000000 00000000 00000000 00003333 00004ccd 00002667 00000001 00000000 01c9c380 0000027c
capture_snapshot GLI1 00010000 30000000 2500000 744 0 30000000 0 0 0 0 0 0 0 7cec3f48 00000000 85a160a8 00000000 00b9c2c9 00000000 00b9c2c9 00000000 0000006a 00000000 00000000 00000000 08b52671 00000000 00b9c333 00000000 00000000 00000000 00000000 00000039 008b3199 00000001 00000000 00000001 00000000 00000000 00000000 00000000 00000000 00000000 00000000 00000000 00000000 00000000 00000000 00000000 00000000 00000000 00000000 00000000 bd80d71f 00000001 85a160b7 00000000 00000000 00000000 00000000 00000000 00000100 00000080 00000000 00000000 00000000 00000000 00000000 00000000 00000000 00003333 00004ccd 00002667 00000001 00000000 01c9c380 0000027c
capture_snapshot GLI1 00010000 30000000 2500000 745 0 30000000 0 0 0 0 0 0 0 7cec3f48 00000000 85a46708 00000000 00ba0351 00000000 00ba0351 00000000 0000006a 00000000 00000000 00000000 08b82cd5 00000000 00ba03bb 00000000 00000000 00000000 00000000 00000039 008b3199 00000001 00000000 00000001 00000000 00000000 00000000 00000000 00000000 00000000 00000000 00000000 00000000 00000000 00000000 00000000 00000000 00000000 00000000 00000000 bd8aec56 00000001 85a4671b 00000000 00000000 00000000 00000000 00000000 00000101 00000080 00000000 00000000 00000000 00000000 00000000 00000000 00000000 00003333 00004ccd 00002667 00000001 00000000 01c9c380 0000027c
capture_snapshot GLI1 00010000 30000000 2500000 746 0 30000000 0 0 0 0 0 0 0 7cec3f48 00000000 85a763cc 00000000 00ba430c 00000000 00ba430c 00000000 0000006a 00000000 00000000 00000000 08bb299b 00000000 00ba4376 00000000 00000000 00000000 00000000 00000039 008b3199 00000001 00000000 00000001 00000000 00000000 00000000 00000000 00000000 00000000 00000000 00000000 00000000 00000000 00000000 00000000 00000000 00000000 00000000 00000000 bd94e182 00000001 85a763e1 00000000 00000000 00000000 00000000 00000000 00000101 00000081 00000000 00000000 00000000 00000000 00000000 00000000 00000000 00003333 00004ccd 00002667 00000001 00000000 01c9c380 0000027c
capture_snapshot GLI1 00010000 30000000 2500000 747 0 30000000 0 0 0 0 0 0 0 7cec3f48 00000000 85aa6630 00000000 00ba833f 00000000 00ba833f 00000000 0000006a 00000000 00000000 00000000 08be2bfd 00000000 00ba83a9 00000000 00000000 00000000 00000000 00000039 008b3199 00000001 00000000 00000001 00000000 00000000 00000000 00000000 00000000 00000000 00000000 00000000 00000000 00000000 00000000 00000000 00000000 00000000 00000000 00000000 bd9ee95e 00000001 85aa6643 00000000 00000000 00000000 00000000 00000000 00000100 00000080 00000000 00000000 00000000 00000000 00000000 00000000 00000000 00003333 00004ccd 00002667 00000001 00000000 01c9c380 0000027c
capture_snapshot GLI1 00010000 30000000 2500000 748 0 30000000 0 0 0 0 0 0 0 7cec3f48 00000000 85ad6114 00000000 00bac2d2 00000000 00bac2d2 00000000 0000006a 00000000 00000000 00000000 08c126df 00000000 00bac33c 00000000 00000000 00000000 00000000 00000039 008b3199 00000001 00000000 00000001 00000000 00000000 00000000 00000000 00000000 00000000 00000000 00000000 00000000 00000000 00000000 00000000 00000000 00000000 00000000 00000000 bda8d83d 00000001 85ad6125 00000000 00000000 00000000 00000000 00000000 00000101 00000080 00000000 00000000 00000000 00000000 00000000 00000000 00000000 00003333 00004ccd 00002667 00000001 00000000 01c9c380 0000027c
capture_snapshot GLI1 00010000 30000000 2500000 749 0 30000000 0 0 0 0 0 0 0 7cec3f48 00000000 85b06204 00000000 00bb02e6 00000000 00bb02e6 00000000 0000006a 00000000 00000000 00000000 08c427d5 00000000 00bb0350 00000000 00000000 00000000 00000000 00000039 008b3199 00000001 00000000 00000001 00000000 00000000 00000000 00000000 00000000 00000000 00000000 00000000 00000000 00000000 00000000 00000000 00000000 00000000 00000000 00000000 bdb2db60 00000001 85b0621b 00000000 00000000 00000000 00000000 00000000 00000100 00000080 00000000 00000000 00000000 00000000 00000000 00000000 00000000 00003333 00004ccd 00002667 00000001 00000000 01c9c380 0000027c
capture_snapshot GLI1 00010000 30000000 2500000 750 0 30000000 0 0 0 0 0 0 0 7cec3f48 00000000 85b362b8 00000000 00bb42f5 00000000 00bb42f5 00000000 0000006a 00000000 00000000 00000000 08c72881 00000000 00bb435f 00000000 00000000 00000000 00000000 00000039 008b3199 00000001 00000000 00000001 00000000 00000000 00000000 00000000 00000000 00000000 00000000 00000000 00000000 00000000 00000000 00000000 00000000 00000000 00000000 00000000 bdbcdd87 00000001 85b362c7 00000000 00000000 00000000 00000000 00000000 00000101 00000080 00000000 00000000 00000000 00000000 00000000 00000000 00000000 00003333 00004ccd 00002667 00000001 00000000 01c9c380 0000027c
capture_snapshot GLI1 00010000 30000000 2500000 751 0 30000000 0 0 0 0 0 0 0 7cec3f48 00000000 85b65b5c 00000000 00bb8258 00000000 00bb8258 00000000 0000006a 00000000 00000000 00000000 08ca212d 00000000 00bb82c2 00000000 00000000 00000000 00000000 00000039 008b3199 00000001 00000000 00000001 00000000 00000000 00000000 00000000 00000000 00000000 00000000 00000000 00000000 00000000 00000000 00000000 00000000 00000000 00000000 00000000 bdc6c506 00000001 85b65b73 00000000 00000000 00000000 00000000 00000000 00000100 00000080 00000000 00000000 00000000 00000000 00000000 00000000 00000000 00003333 00004ccd 00002667 00000001 00000000 01c9c380 0000027c
capture_snapshot GLI1 00010000 30000000 2500000 752 0 30000000 0 0 0 0 0 0 0 7cec3f48 00000000 85b9546c 00000000 00bbc1c4 00000000 00bbc1c4 00000000 0000006a 00000000 00000000 00000000 08cd1a3e 00000000 00bbc22e 00000000 00000000 00000000 00000000 00000039 008b3199 00000001 00000000 00000001 00000000 00000000 00000000 00000000 00000000 00000000 00000000 00000000 00000000 00000000 00000000 00000000 00000000 00000000 00000000 00000000 bdd0add6 00000001 85b95484 00000000 00000000 00000000 00000000 00000000 00000101 00000080 00000000 00000000 00000000 00000000 00000000 00000000 00000000 00003333 00004ccd 00002667 00000001 00000000 01c9c380 0000027c
capture_snapshot GLI1 00010000 30000000 2500000 753 0 30000000 0 0 0 0 0 0 0 7cec3f48 00000000 85bc53a0 00000000 00bc01b3 00000000 00bc01b3 00000000 0000006a 00000000 00000000 00000000 08d01973 00000000 00bc021d 00000000 00000000 00000000 00000000 00000039 008b3199 00000001 00000000 00000001 00000000 00000000 00000000 00000000 00000000 00000000 00000000 00000000 00000000 00000000 00000000 00000000 00000000 00000000 00000000 00000000 bddaab1e 00000001 85bc53b9 00000000 00000000 00000000 00000000 00000000 00000101 00000080 00000000 00000000 00000000 00000000 00000000 00000000 00000000 00003333 00004ccd 00002667 00000001 00000000 01c9c380 0000027c
capture_snapshot GLI1 00010000 30000000 2500000 754 0 30000000 0 0 0 0 0 0 0 7cec3f48 00000000 85bf5808 00000000 00bc4211 00000000 00bc4211 00000000 0000006a 00000000 00000000 00000000 08d31ddb 00000000 00bc427b 00000000 00000000 00000000 00000000 00000039 008b3199 00000001 00000000 00000001 00000000 00000000 00000000 00000000 00000000 00000000 00000000 00000000 00000000 00000000 00000000 00000000 00000000 00000000 00000000 00000000 bde4b9bb 00000001 85bf5821 00000000 00000000 00000000 00000000 00000000 00000101 00000081 00000000 00000000 00000000 00000000 00000000 00000000 00000000 00003333 00004ccd 00002667 00000001 00000000 01c9c380 0000027c
capture_snapshot GLI1 00010000 30000000 2500000 755 0 30000000 0 0 0 0 0 0 0 7cec3f48 00000000 85c252e0 00000000 00bc81a3 00000000 00bc81a3 00000000 0000006a 00000000 00000000 00000000 08d618af 00000000 00bc820d 00000000 00000000 00000000 00000000 00000039 008b3199 00000001 00000000 00000001 00000000 00000000 00000000 00000000 00000000 00000000 00000000 00000000 00000000 00000000 00000000 00000000 00000000 00000000 00000000 00000000 bdeea86b 00000001 85c252f5 00000000 00000000 00000000 00000000 00000000 00000101 00000081 00000000 00000000 00000000 00000000 00000000 00000000 00000000 00003333 00004ccd 00002667 00000001 00000000 01c9c380 0000027c
capture_snapshot GLI1 00010000 30000000 2500000 756 0 30000000 0 0 0 0 0 0 0 7cec3f48 00000000 85c555f8 00000000 00bcc1e5 00000000 00bcc1e5 00000000 0000006a 00000000 00000000 00000000 08d91bc2 00000000 00bcc24f 00000000 00000000 00000000 00000000 00000039 008b3199 00000001 00000000 00000001 00000000 00000000 00000000 00000000 00000000 00000000 00000000 00000000 00000000 00000000 00000000 00000000 00000000 00000000 00000000 00000000 bdf8b297 00000001 85c55608 00000000 00000000 00000000 00000000 00000000 00000101 00000081 00000000 00000000 00000000 00000000 00000000 00000000 00000000 00003333 00004ccd 00002667 00000001 00000000 01c9c380 0000027c
capture_snapshot GLI1 00010000 30000000 2500000 757 0 30000000 0 0 0 0 0 0 0 7cec3f48 00000000 85c850f4 00000000 00bd017a 00000000 00bd017a 00000000 0000006a 00000000 00000000 00000000 08dc16c8 00000000 00bd01e4 00000000 00000000 00000000 00000000 00000039 008b3199 00000001 00000000 00000001 00000000 00000000 00000000 00000000 00000000 00000000 00000000 00000000 00000000 00000000 00000000 00000000 00000000 00000000 00000000 00000000 be02a1ec 00000001 85c8510e 00000000 00000000 00000000 00000000 00000000 00000101 00000081 00000000 00000000 00000000 00000000 00000000 00000000 00000000 00003333 00004ccd 00002667 00000001 00000000 01c9c380 0000027c
capture_snapshot GLI1 00010000 30000000 2500000 758 0 30000000 0 0 0 0 0 0 0 7cec3f48 00000000 85cb51f0 00000000 00bd418f 00000000 00bd418f 00000000 0000006a 00000000 00000000 00000000 08df17c3 00000000 00bd41f9 00000000 00000000 00000000 00000000 00000039 008b3199 00000001 00000000 00000001 00000000 00000000 00000000 00000000 00000000 00000000 00000000 00000000 00000000 00000000 00000000 00000000 00000000 00000000 00000000 00000000 be0ca51e 00000001 85cb5209 00000000 00000000 00000000 00000000 00000000 00000101 00000081 00000000 00000000 00000000 00000000 00000000 00000000 00000000 00003333 00004ccd 00002667 00000001 00000000 01c9c380 0000027c
capture_snapshot GLI1 00010000 30000000 2500000 759 0 30000000 0 0 0 0 0 0 0 7cec3f48 00000000 85ce5124 00000000 00bd817e 00000000 00bd817e 00000000 0000006a 00000000 00000000 00000000 08e216f5 00000000 00bd81e8 00000000 00000000 00000000 00000000 00000039 008b3199 00000001 00000000 00000001 00000000 00000000 00000000 00000000 00000000 00000000 00000000 00000000 00000000 00000000 00000000 00000000 00000000 00000000 00000000 00000000 be16a25a 00000001 85ce513b 00000000 00000000 00000000 00000000 00000000 00000100 00000080 00000000 00000000 00000000 00000000 00000000 00000000 00000000 00003333 00004ccd 00002667 00000001 00000000 01c9c380 0000027c
capture_snapshot GLI1 00010000 30000000 2500000 760 0 30000000 0 0 0 0 0 0 0 7cec3f48 00000000 85d15178 00000000 00bdc185 00000000 00bdc185 00000000 0000006a 00000000 00000000 00000000 08e51740 00000000 00bdc1ef 00000000 00000000 00000000 00000000 00000039 008b3199 00000001 00000000 00000001 00000000 00000000 00000000 00000000 00000000 00000000 00000000 00000000 00000000 00000000 00000000 00000000 00000000 00000000 00000000 00000000 be20a343 00000001 85d15186 00000000 00000000 00000000 00000000 00000000 00000100 00000080 00000000 00000000 00000000 00000000 00000000 00000000 00000000 00003333 00004ccd 00002667 00000001 00000000 01c9c380 0000027c
capture_snapshot GLI1 00010000 30000000 2500000 761 0 30000000 0 0 0 0 0 0 0 7cec3f48 00000000 85d45178 00000000 00be0185 00000000 00be0185 00000000 0000006a 00000000 00000000 00000000 08e8174a 00000000 00be01ef 00000000 00000000 00000000 00000000 00000039 008b3199 00000001 00000000 00000001 00000000 00000000 00000000 00000000 00000000 00000000 00000000 00000000 00000000 00000000 00000000 00000000 00000000 00000000 00000000 00000000 be2aa34f 00000001 85d45190 00000000 00000000 00000000 00000000 00000000 00000101 00000080 00000000 00000000 00000000 00000000 00000000 00000000 00000000 00003333 00004ccd 00002667 00000001 00000000 01c9c380 0000027c
capture_snapshot GLI1 00010000 30000000 2500000 762 0 30000000 0 0 0 0 0 0 0 7cec3f48 00000000 85d75154 00000000 00be4182 00000000 00be4182 00000000 0000006a 00000000 00000000 00000000 08eb1727 00000000 00be41ec 00000000 00000000 00000000 00000000 00000039 008b3199 00000001 00000000 00000001 00000000 00000000 00000000 00000000 00000000 00000000 00000000 00000000 00000000 00000000 00000000 00000000 00000000 00000000 00000000 00000000 be34a2c6 00000001 85d7516d 00000000 00000000 00000000 00000000 00000000 00000100 00000080 00000000 00000000 00000000 00000000 00000000 00000000 00000000 00003333 00004ccd 00002667 00000001 00000000 01c9c380 0000027c
capture_snapshot GLI1 00010000 30000000 2500000 763 0 30000000 0 0 0 0 0 0 0 7cec3f48 00000000 85da5124 00000000 00be817e 00000000 00be817e 00000000 0000006a 00000000 00000000 00000000 08ee16ed 00000000 00be81e8 00000000 00000000 00000000 00000000 00000039 008b3199 00000001 00000000 00000001 00000000 00000000 00000000 00000000 00000000 00000000 00000000 00000000 00000000 00000000 00000000 00000000 00000000 00000000 00000000 00000000 be3ea1f4 00000001 85da5133 00000000 00000000 00000000 00000000 00000000 00000100 00000080 00000000 00000000 00000000 00000000 00000000 00000000 00000000 00003333 00004ccd 00002667 00000001 00000000 01c9c380 0000027c
capture_snapshot GLI1 00010000 30000000 2500000 764 0 30000000 0 0 0 0 0 0 0 7cec3f48 00000000 85dd519c 00000000 00bec188 00000000 00bec188 00000000 0000006a 00000000 00000000 00000000 08f1176a 00000000 00bec1f2 00000000 00000000 00000000 00000000 00000039 008b3199 00000001 00000000 00000001 00000000 00000000 00000000 00000000 00000000 00000000 00000000 00000000 00000000 00000000 00000000 00000000 00000000 00000000 00000000 00000000 be48a380 00000001 85dd51b0 00000000 00000000 00000000 00000000 00000000 00000101 00000081 00000000 00000000 00000000 00000000 00000000 00000000 00000000 00003333 00004ccd 00002667 00000001 00000000 01c9c380 0000027c
capture_snapshot GLI1 00010000 30000000 2500000 765 0 30000000 0 0 0 0 0 0 0 7cec3f48 00000000 85e0507c 00000000 00bf0170 00000000 00bf0170 00000000 0000006a 00000000 00000000 00000000 08f4164b 00000000 00bf01da 00000000 00000000 00000000 00000000 00000039 008b3199 00000001 00000000 00000001 00000000 00000000 00000000 00000000 00000000 00000000 00000000 00000000 00000000 00000000 00000000 00000000 00000000 00000000 00000000 00000000 be529fb0 00000001 85e05091 00000000 00000000 00000000 00000000 00000000 00000101 00000081 00000000 00000000 00000000 00000000 00000000 00000000 00000000 00003333 00004ccd 00002667 00000001 00000000 01c9c380 0000027c
capture_snapshot GLI1 00010000 30000000 2500000 766 0 30000000 0 0 0 0 0 0 0 7cec3f48 00000000 85e35148 00000000 00bf4181 00000000 00bf4181 00000000 0000006a 00000000 00000000 00000000 08f71715 00000000 00bf41eb 00000000 00000000 00000000 00000000 00000039 008b3199 00000001 00000000 00000001 00000000 00000000 00000000 00000000 00000000 00000000 00000000 00000000 00000000 00000000 00000000 00000000 00000000 00000000 00000000 00000000 be5ca23d 00000001 85e3515b 00000000 00000000 00000000 00000000 00000000 00000101 00000081 00000000 00000000 00000000 00000000 00000000 00000000 00000000 00003333 00004ccd 00002667 00000001 00000000 01c9c380 0000027c
capture_snapshot GLI1 00010000 30000000 2500000 767 0 30000000 0 0 0 0 0 0 0 7cec3f48 00000000 85e651cc 00000000 00bf818c 00000000 00bf818c 00000000 0000006a 00000000 00000000 00000000 08fa179e 00000000 00bf81f6 00000000 00000000 00000000 00000000 00000039 008b3199 00000001 00000000 00000001 00000000 00000000 00000000 00000000 00000000 00000000 00000000 00000000 00000000 00000000 00000000 00000000 00000000 00000000 00000000 00000000 be66a3f3 00000001 85e651e4 00000000 00000000 00000000 00000000 00000000 00000101 00000081 00000000 00000000 00000000 00000000 00000000 00000000 00000000 00003333 00004ccd 00002667 00000001 00000000 01c9c380 0000027c
capture_snapshot GLI1 00010000 30000000 2500000 768 0 30000000 0 0 0 0 0 0 0 7cec3f48 00000000 85e951c0 00000000 00bfc18b 00000000 00bfc18b 00000000 0000006a 00000000 00000000 00000000 08fd1791 00000000 00bfc1f5 00000000 00000000 00000000 00000000 00000039 008b3199 00000001 00000000 00000001 00000000 00000000 00000000 00000000 00000000 00000000 00000000 00000000 00000000 00000000 00000000 00000000 00000000 00000000 00000000 00000000 be70a3b2 00000001 85e951d7 00000000 00000000 00000000 00000000 00000000 00000100 00000080 00000000 00000000 00000000 00000000 00000000 00000000 00000000 00003333 00004ccd 00002667 00000001 00000000 01c9c380 0000027c
capture_snapshot GLI1 00010000 30000000 2500000 769 0 30000000 0 0 0 0 0 0 0 7cec3f48 00000000 85ec5190 00000000 00c00187 00000000 00c00187 00000000 0000006a 00000000 00000000 00000000 0900175f 00000000 00c001f1 00000000 00000000 00000000 00000000 00000039 008b3199 00000001 00000000 00000001 00000000 00000000 00000000 00000000 00000000 00000000 00000000 00000000 00000000 00000000 00000000 00000000 00000000 00000000 00000000 00000000 be7aa2f9 00000001 85ec51a5 00000000 00000000 00000000 00000000 00000000 00000101 00000080 00000000 00000000 00000000 00000000 00000000 00000000 00000000 00003333 00004ccd 00002667 00000001 00000000 01c9c380 0000027c
capture_snapshot GLI1 00010000 30000000 2500000 770 0 30000000 0 0 0 0 0 0 0 7cec3f48 00000000 85ef51a8 00000000 00c04189 00000000 00c04189 00000000 0000006a 00000000 00000000 00000000 0903177b 00000000 00c041f3 00000000 00000000 00000000 00000000 00000039 008b3199 00000001 00000000 00000001 00000000 00000000 00000000 00000000 00000000 00000000 00000000 00000000 00000000 00000000 00000000 00000000 00000000 00000000 00000000 00000000 be84a342 00000001 85ef51c1 00000000 00000000 00000000 00000000 00000000 00000100 00000080 00000000 00000000 00000000 00000000 00000000 00000000 00000000 00003333 00004ccd 00002667 00000001 00000000 01c9c380 0000027c
capture_snapshot GLI1 00010000 30000000 2500000 771 0 30000000 0 0 0 0 0 0 0 7cec3f48 00000000 85f25190 00000000 00c08187 00000000 00c08187 00000000 0000006a 00000000 00000000 00000000 0906175d 00000000 00c081f1 00000000 00000000 00000000 00000000 00000039 008b3199 00000001 00000000 00000001 00000000 00000000 00000000 00000000 00000000 00000000 00000000 00000000 00000000 00000000 00000000 00000000 00000000 00000000 00000000 00000000 be8ea2ce 00000001 85f251a3 00000000 00000000 00000000 00000000 00000000 00000100 00000080 00000000 00000000 00000000 00000000 00000000 00000000 00000000 00003333 00004ccd 00002667 00000001 00000000 01c9c380 0000027c
capture_snapshot GLI1 00010000 30000000 2500000 772 0 30000000 0 0 0 0 0 0 0 7cec3f48 00000000 85f551cc 00000000 00c0c18c 00000000 00c0c18c 00000000 0000006a 00000000 00000000 00000000 09091798 00000000 00c0c1f6 00000000 00000000 00000000 00000000 00000039 008b3199 00000001 00000000 00000001 00000000 00000000 00000000 00000000 00000000 00000000 00000000 00000000 00000000 00000000 00000000 00000000 00000000 00000000 00000000 00000000 be98a37c 00000001 85f551de 00000000 00000000 00000000 00000000 00000000 00000101 00000080 00000000 00000000 00000000 00000000 00000000 00000000 00000000 00003333 00004ccd 00002667 00000001 00000000 01c9c380 0000027c
capture_snapshot GLI1 00010000 30000000 2500000 773 0 30000000 0 0 0 0 0 0 0 7cec3f48 00000000 85f85208 00000000 00c10191 00000000 00c10191 00000000 0000006a 00000000 00000000 00000000 090c17d5 00000000 00c101fb 00000000 00000000 00000000 00000000 00000039 008b3199 00000001 00000000 00000001 00000000 00000000 00000000 00000000 00000000 00000000 00000000 00000000 00000000 00000000 00000000 00000000 00000000 00000000 00000000 00000000 bea2a436 00000001 85f8521b 00000000 00000000 00000000 00000000 00000000 00000100 00000081 00000000 00000000 00000000 00000000 00000000 00000000 00000000 00003333 00004ccd 00002667 00000001 00000000 01c9c380 0000027c
capture_snapshot GLI1 00010000 30000000 2500000 774 0 30000000 0 0 0 0 0 0 0 7cec3f48 00000000 85fb5160 00000000 00c14183 00000000 00c14183 00000000 0000006a 00000000 00000000 00000000 090f172b 00000000 00c141ed 00000000 00000000 00000000 00000000 00000039 008b3199 00000001 00000000 00000001 00000000 00000000 00000000 00000000 00000000 00000000 00000000 00000000 00000000 00000000 00000000 00000000 00000000 00000000 00000000 00000000 beaca1eb 00000001 85fb5171 00000000 00000000 00000000 00000000 00000000 00000101 00000081 00000000 00000000 00000000 00000000 00000000 00000000 00000000 00003333 00004ccd 00002667 00000001 00000000 01c9c380 0000027c
capture_snapshot GLI1 00010000 30000000 2500000 775 0 30000000 0 0 0 0 0 0 0 7cec3f48 00000000 85fe51a8 00000000 00c18189 00000000 00c18189 00000000 0000006a 00000000 00000000 00000000 09121772 00000000 00c181f3 00000000 00000000 00000000 00000000 00000039 008b3199 00000001 00000000 00000001 00000000 00000000 00000000 00000000 00000000 00000000 00000000 00000000 00000000 00000000 00000000 00000000 00000000 00000000 00000000 00000000 beb6a2c4 00000001 85fe51b8 00000000 00000000 00000000 00000000 00000000 00000101 00000081 00000000 00000000 00000000 00000000 00000000 00000000 00000000 00003333 00004ccd 00002667 00000001 00000000 01c9c380 0000027c
capture_snapshot GLI1 00010000 30000000 2500000 776 0 30000000 0 0 0 0 0 0 0 7cec3f48 00000000 8601522c 00000000 00c1c194 00000000 00c1c194 00000000 0000006a 00000000 00000000 00000000 091517f5 00000000 00c1c1fe 00000000 00000000 00000000 00000000 00000039 008b3199 00000001 00000000 00000001 00000000 00000000 00000000 00000000 00000000 00000000 00000000 00000000 00000000 00000000 00000000 00000000 00000000 00000000 00000000 00000000 bec0a467 00000001 8601523b 00000000 00000000 00000000 00000000 00000000 00000100 00000080 00000000 00000000 00000000 00000000 00000000 00000000 00000000 00003333 00004ccd 00002667 00000001 00000000 01c9c380 0000027c
capture_snapshot GLI1 00010000 30000000 2500000 777 0 30000000 0 0 0 0 0 0 0 7cec3f48 00000000 8604513c 00000000 00c20180 00000000 00c20180 00000000 0000006a 00000000 00000000 00000000 0918170a 00000000 00c201ea 00000000 00000000 00000000 00000000 00000039 008b3199 00000001 00000000 00000001 00000000 00000000 00000000 00000000 00000000 00000000 00000000 00000000 00000000 00000000 00000000 00000000 00000000 00000000 00000000 00000000 becaa144 00000001 86045150 00000000 00000000 00000000 00000000 00000000 00000100 00000080 00000000 00000000 00000000 00000000 00000000 00000000 00000000 00003333 00004ccd 00002667 00000001 00000000 01c9c380 0000027c
capture_snapshot GLI1 00010000 30000000 2500000 778 0 30000000 0 0 0 0 0 0 0 7cec3f48 00000000 8607519c 00000000 00c24188 00000000 00c24188 00000000 0000006a 00000000 00000000 00000000 091b176d 00000000 00c241f2 00000000 00000000 00000000 00000000 00000039 008b3199 00000001 00000000 00000001 00000000 00000000 00000000 00000000 00000000 00000000 00000000 00000000 00000000 00000000 00000000 00000000 00000000 00000000 00000000 00000000 bed4a279 00000001 860751b3 00000000 00000000 00000000 00000000 00000000 00000101 00000081 00000000 00000000 00000000 00000000 00000000 00000000 00000000 00003333 00004ccd 00002667 00000001 00000000 01c9c380 0000027c
capture_snapshot GLI1 00010000 30000000 2500000 779 0 30000000 0 0 0 0 0 0 0 7cec3f48 00000000 860a5268 00000000 00c28199 00000000 00c28198 00000000 0000006a 00000000 00000000 00000000 091e1830 00000000 00c28203 00000000 00000000 00000000 00000000 0000003b 008b3199 00000001 00000001 00000001 00000000 00000000 00000000 00000000 00000000 00000000 00000000 00000000 00000000 00000000 00000000 00000000 00000000 00000000 00000000 00000000 bedea4f0 00000001 860a5276 00000000 00000000 00000000 00000000 00000000 00000100 00000080 00000000 00000000 00000000 00000000 00000000 00000000 00000000 00003333 00004ccd 00002667 00000001 00000000 01c9c380 0000027c
capture_snapshot GLI1 00010000 30000000 2500000 780 0 30000000 0 0 0 0 0 0 0 7cec3f48 00000000 860d5118 00000000 00c2c17d 00000000 00c2c17d 00000000 0000006a 00000000 00000000 00000000 092116ea 00000000 00c2c1e7 00000000 00000000 00000000 00000000 00000039 008b3199 00000001 00000000 00000001 00000000 00000000 00000000 00000000 00000000 00000000 00000000 00000000 00000000 00000000 00000000 00000000 00000000 00000000 00000000 00000000 bee8a09d 00000001 860d5130 00000000 00000000 00000000 00000000 00000000 00000101 00000081 00000000 00000000 00000000 00000000 00000000 00000000 00000000 00003333 00004ccd 00002667 00000001 00000000 01c9c380 0000027c
capture_snapshot GLI1 00010000 30000000 2500000 781 0 30000000 0 0 0 0 0 0 0 7cec3f48 00000000 86105244 00000000 00c30196 00000000 00c30196 00000000 0000006a 00000000 00000000 00000000 09241814 00000000 00c30200 00000000 00000000 00000000 00000000 00000039 008b3199 00000001 00000000 00000001 00000000 00000000 00000000 00000000 00000000 00000000 00000000 00000000 00000000 00000000 00000000 00000000 00000000 00000000 00000000 00000000 bef2a46c 00000001 8610525a 00000000 00000000 00000000 00000000 00000000 00000100 00000080 00000000 00000000 00000000 00000000 00000000 00000000 00000000 00003333 00004ccd 00002667 00000001 00000000 01c9c380 0000027c
capture_snapshot GLI1 00010000 30000000 2500000 782 0 30000000 0 0 0 0 0 0 0 7cec3f48 00000000 86135220 00000000 00c34193 00000000 00c34193 00000000 0000006a 00000000 00000000 00000000 092717ea 00000000 00c341fd 00000000 00000000 00000000 00000000 00000039 008b3199 00000001 00000000 00000001 00000000 00000000 00000000 00000000 00000000 00000000 00000000 00000000 00000000 00000000 00000000 00000000 00000000 00000000 00000000 00000000 befca3cd 00000001 86135230 00000000 00000000 00000000 00000000 00000000 00000100 00000080 00000000 00000000 00000000 00000000 00000000 00000000 00000000 00003333 00004ccd 00002667 00000001 00000000 01c9c380 0000027c
capture_snapshot GLI1 00010000 30000000 2500000 783 0 30000000 0 0 0 0 0 0 0 7cec3f48 00000000 86165148 00000000 00c38181 00000000 00c38181 00000000 0000006a 00000000 00000000 00000000 092a1714 00000000 00c381eb 00000000 00000000 00000000 00000000 00000039 008b3199 00000001 00000000 00000001 00000000 00000000 00000000 00000000 00000000 00000000 00000000 00000000 00000000 00000000 00000000 00000000 00000000 00000000 00000000 00000000 bf06a0ed 00000001 8616515a 00000000 00000000 00000000 00000000 00000000 00000100 00000080 00000000 00000000 00000000 00000000 00000000 00000000 00000000 00003333 00004ccd 00002667 00000001 00000000 01c9c380 0000027c
capture_snapshot GLI1 00010000 30000000 2500000 784 0 30000000 0 0 0 0 0 0 0 7cec3f48 00000000 8619513c 00000000 00c3c180 00000000 00c3c180 00000000 0000006a 00000000 00000000 00000000 092d170e 00000000 00c3c1ea 00000000 00000000 00000000 00000000 00000039 008b3199 00000001 00000000 00000001 00000000 00000000 00000000 00000000 00000000 00000000 00000000 00000000 00000000 00000000 00000000 00000000 00000000 00000000 00000000 00000000 bf10a0c6 00000001 86195154 00000000 00000000 00000000 00000000 00000000 00000101 00000080 00000000 00000000 00000000 00000000 00000000 00000000 00000000 00003333 00004ccd 00002667 00000001 00000000 01c9c380 0000027c
capture_snapshot GLI1 00010000 30000000 2500000 785 0 30000000 0 0 0 0 0 0 0 7cec3f48 00000000 861c56dc 00000000 00c401f8 00000000 00c401f8 00000000 0000006a 00000000 00000000 00000000 09301caa 00000000 00c40262 00000000 00000000 00000000 00000000 00000039 008b3199 00000001 00000000 00000001 00000000 00000000 00000000 00000000 00000000 00000000 00000000 00000000 00000000 00000000 00000000 00000000 00000000 00000000 00000000 00000000 bf1ab365 00000001 861c56f0 00000000 00000000 00000000 00000000 00000000 00000101 00000080 00000000 00000000 00000000 00000000 00000000 00000000 00000000 00003333 00004ccd 00002667 00000001 00000000 01c9c380 0000027c
capture_snapshot GLI1 00010000 30000000 2500000 786 0 30000000 0 0 0 0 0 0 0 7cec3f48 00000000 861f50dc 00000000 00c44178 00000000 00c44178 00000000 0000006a 00000000 00000000 00000000 093316a9 00000000 00c441e2 00000000 00000000 00000000 00000000 00000039 008b3199 00000001 00000000 00000001 00000000 00000000 00000000 00000000 00000000 00000000 00000000 00000000 00000000 00000000 00000000 00000000 00000000 00000000 00000000 00000000 bf249f4f 00000001 861f50ef 00000000 00000000 00000000 00000000 00000000 00000101 00000081 00000000 00000000 00000000 00000000 00000000 00000000 00000000 00003333 00004ccd 00002667 00000001 00000000 01c9c380 0000027c
capture_snapshot GLI1 00010000 30000000 2500000 787 0 30000000 0 0 0 0 0 0 0 7cec3f48 00000000 8622519c 00000000 00c48188 00000000 00c48188 00000000 0000006a 00000000 00000000 00000000 0936176c 00000000 00c481f2 00000000 00000000 00000000 00000000 00000039 008b3199 00000001 00000000 00000001 00000000 00000000 00000000 00000000 00000000 00000000 00000000 00000000 00000000 00000000 00000000 00000000 00000000 00000000 00000000 00000000 bf2ea1c7 00000001 862251b2 00000000 00000000 00000000 00000000 00000000 00000100 00000080 00000000 00000000 00000000 00000000 00000000 00000000 00000000 00003333 00004ccd 00002667 00000001 00000000 01c9c380 0000027c
capture_snapshot GLI1 00010000 30000000 2500000 788 0 30000000 0 0 0 0 0 0 0 7cec3f48 00000000 862550f4 00000000 00c4c17a 00000000 00c4c17a 00000000 0000006a 00000000 00000000 00000000 093916bd 00000000 00c4c1e4 00000000 00000000 00000000 00000000 00000039 008b3199 00000001 00000000 00000001 00000000 00000000 00000000 00000000 00000000 00000000 00000000 00000000 00000000 00000000 00000000 00000000 00000000 00000000 00000000 00000000 bf389f6c 00000001 86255103 00000000 00000000 00000000 00000000 00000000 00000100 00000081 00000000 00000000 00000000 00000000 00000000 00000000 00000000 00003333 00004ccd 00002667 00000001 00000000 01c9c380 0000027c
capture_snapshot GLI1 00010000 30000000 2500000 789 0 30000000 0 0 0 0 0 0 0 7cec3f48 00000000 86285124 00000000 00c5017e 00000000 00c5017e 00000000 0000006a 00000000 00000000 00000000 093c16f5 00000000 00c501e8 00000000 00000000 00000000 00000000 00000039 008b3199 00000001 00000000 00000001 00000000 00000000 00000000 00000000 00000000 00000000 00000000 00000000 00000000 00000000 00000000 00000000 00000000 00000000 00000000 00000000 bf42a011 00000001 8628513b 00000000 00000000 00000000 00000000 00000000 00000101 00000080 00000000 00000000 00000000 00000000 00000000 00000000 00000000 00003333 00004ccd 00002667 00000001 00000000 01c9c380 0000027c
capture_snapshot GLI1 00010000 30000000 2500000 790 0 30000000 0 0 0 0 0 0 0 7cec3f48 00000000 862b510c 00000000 00c5417c 00000000 00c5417c 00000000 0000006a 00000000 00000000 00000000 093f16dd 00000000 00c541e6 00000000 00000000 00000000 00000000 00000039 008b3199 00000001 00000000 00000001 00000000 00000000 00000000 00000000 00000000 00000000 00000000 00000000 00000000 00000000 00000000 00000000 00000000 00000000 00000000 00000000 bf4c9fae 00000001 862b5123 00000000 00000000 00000000 00000000 00000000 00000101 00000080 00000000 00000000 00000000 00000000 00000000 00000000 00000000 00003333 00004ccd 00002667 00000001 00000000 01c9c380 0000027c
capture_snapshot GLI1 00010000 30000000 2500000 791 0 30000000 0 0 0 0 0 0 0 7cec3f48 00000000 862e51a8 00000000 00c58189 00000000 00c58189 00000000 0000006a 00000000 00000000 00000000 09421772 00000000 00c581f3 00000000 00000000 00000000 00000000 00000039 008b3199 00000001 00000000 00000001 00000000 00000000 00000000 00000000 00000000 00000000 00000000 00000000 00000000 00000000 00000000 00000000 00000000 00000000 00000000 00000000 bf56a18b 00000001 862e51b8 00000000 00000000 00000000 00000000 00000000 00000101 00000080 00000000 00000000 00000000 00000000 00000000 00000000 00000000 00003333 00004ccd 00002667 00000001 00000000 01c9c380 0000027c
capture_snapshot GLI1 00010000 30000000 2500000 792 0 30000000 0 0 0 0 0 0 0 7cec3f48 00000000 863150e8 00000000 00c5c179 00000000 00c5c179 00000000 0000006a 00000000 00000000 00000000 094516b7 00000000 00c5c1e3 00000000 00000000 00000000 00000000 00000039 008b3199 00000001 00000000 00000001 00000000 00000000 00000000 00000000 00000000 00000000 00000000 00000000 00000000 00000000 00000000 00000000 00000000 00000000 00000000 00000000 bf609f0a 00000001 863150fd 00000000 00000000 00000000 00000000 00000000 00000100 00000080 00000000 00000000 00000000 00000000 00000000 00000000 00000000 00003333 00004ccd 00002667 00000001 00000000 01c9c380 0000027c
capture_snapshot GLI1 00010000 30000000 2500000 793 0 30000000 0 0 0 0 0 0 0 7cec3f48 00000000 86345190 00000000 00c60187 00000000 00c60187 00000000 0000006a 00000000 00000000 00000000 09481763 00000000 00c601f1 00000000 00000000 00000000 00000000 00000039 008b3199 00000001 00000000 00000001 00000000 00000000 00000000 00000000 00000000 00000000 00000000 00000000 00000000 00000000 00000000 00000000 00000000 00000000 00000000 00000000 bf6aa134 00000001 863451a9 00000000 00000000 00000000 00000000 00000000 00000100 00000080 00000000 00000000 00000000 00000000 00000000 00000000 00000000 00003333 00004ccd 00002667 00000001 00000000 01c9c380 0000027c
capture_snapshot GLI1 00010000 30000000 2500000 794 0 30000000 0 0 0 0 0 0 0 7cec3f48 00000000 863750b8 00000000 00c64175 00000000 00c64175 00000000 0000006a 00000000 00000000 00000000 094b1685 00000000 00c641df 00000000 00000000 00000000 00000000 00000039 008b3199 00000001 00000000 00000001 00000000 00000000 00000000 00000000 00000000 00000000 00000000 00000000 00000000 00000000 00000000 00000000 00000000 00000000 00000000 00000000 bf749e3a 00000001 863750cb 00000000 00000000 00000000 00000000 00000000 00000100 00000080 00000000 00000000 00000000 00000000 00000000 00000000 00000000 00003333 00004ccd 00002667 00000001 00000000 01c9c380 0000027c
capture_snapshot GLI1 00010000 30000000 2500000 795 0 30000000 0 0 0 0 0 0 0 7cec3f48 00000000 863a5154 00000000 00c68182 00000000 00c68182 00000000 0000006a 00000000 00000000 00000000 094e171d 00000000 00c681ec 00000000 00000000 00000000 00000000 00000039 008b3199 00000001 00000000 00000001 00000000 00000000 00000000 00000000 00000000 00000000 00000000 00000000 00000000 00000000 00000000 00000000 00000000 00000000 00000000 00000000 bf7ea024 00000001 863a5163 00000000 00000000 00000000 00000000 00000000 00000100 00000080 00000000 00000000 00000000 00000000 00000000 00000000 00000000 00003333 00004ccd 00002667 00000001 00000000 01c9c380 0000027c
capture_snapshot GLI1 00010000 30000000 2500000 796 0 30000000 0 0 0 0 0 0 0 7cec3f48 00000000 863d5184 00000000 00c6c186 00000000 00c6c186 00000000 0000006a 00000000 00000000 00000000 09511755 00000000 00c6c1f0 00000000 00000000 00000000 00000000 00000039 008b3199 00000001 00000000 00000001 00000000 00000000 00000000 00000000 00000000 00000000 00000000 00000000 00000000 00000000 00000000 00000000 00000000 00000000 00000000 00000000 bf88a0c9 00000001 863d519b 00000000 00000000 00000000 00000000 00000000 00000101 00000081 00000000 00000000 00000000 00000000 00000000 00000000 00000000 00003333 00004ccd 00002667 00000001 00000000 01c9c380 0000027c
capture_snapshot GLI1 00010000 30000000 2500000 797 0 30000000 0 0 0 0 0 0 0 7cec3f48 00000000 8640516c 00000000 00c70184 00000000 00c70184 00000000 0000006a 00000000 00000000 00000000 0954173d 00000000 00c701ee 00000000 00000000 00000000 00000000 00000039 008b3199 00000001 00000000 00000001 00000000 00000000 00000000 00000000 00000000 00000000 00000000 00000000 00000000 00000000 00000000 00000000 00000000 00000000 00000000 00000000 bf92a068 00000001 86405183 00000000 00000000 00000000 00000000 00000000 00000100 00000080 00000000 00000000 00000000 00000000 00000000 00000000 00000000 00003333 00004ccd 00002667 00000001 00000000 01c9c380 0000027c
capture_snapshot GLI1 00010000 30000000 2500000 798 0 30000000 0 0 0 0 0 0 0 7cec3f48 00000000 86435178 00000000 00c74185 00000000 00c74185 00000000 0000006a 00000000 00000000 00000000 09571744 00000000 00c741ef 00000000 00000000 00000000 00000000 00000039 008b3199 00000001 00000000 00000001 00000000 00000000 00000000 00000000 00000000 00000000 00000000 00000000 00000000 00000000 00000000 00000000 00000000 00000000 00000000 00000000 bf9ca06a 00000001 8643518a 00000000 00000000 00000000 00000000 00000000 00000101 00000081 00000000 00000000 00000000 00000000 00000000 00000000 00000000 00003333 00004ccd 00002667 00000001 00000000 01c9c380 0000027c
capture_snapshot GLI1 00010000 30000000 2500000 799 0 30000000 0 0 0 0 0 0 0 7cec3f48 00000000 864651cc 00000000 00c7818c 00000000 00c7818c 00000000 0000006a 00000000 00000000 00000000 095a1799 00000000 00c781f6 00000000 00000000 00000000 00000000 00000039 008b3199 00000001 00000000 00000001 00000000 00000000 00000000 00000000 00000000 00000000 00000000 00000000 00000000 00000000 00000000 00000000 00000000 00000000 00000000 00000000 bfa6a173 00000001 864651df 00000000 00000000 00000000 00000000 00000000 00000100 00000080 00000000 00000000 00000000 00000000 00000000 00000000 00000000 00003333 00004ccd 00002667 00000001 00000000 01c9c380 0000027c
capture_snapshot GLI1 00010000 30000000 2500000 800 0 30000000 0 0 0 0 0 0 0 7cec3f48 00000000 86495130 00000000 00c7c17f 00000000 00c7c17f 00000000 0000006a 00000000 00000000 00000000 095d1702 00000000 00c7c1e9 00000000 00000000 00000000 00000000 00000039 008b3199 00000001 00000000 00000001 00000000 00000000 00000000 00000000 00000000 00000000 00000000 00000000 00000000 00000000 00000000 00000000 00000000 00000000 00000000 00000000 bfb09f67 00000001 86495148 00000000 00000000 00000000 00000000 00000000 00000101 00000081 00000000 00000000 00000000 00000000 00000000 00000000 00000000 00003333 00004ccd 00002667 00000001 00000000 01c9c380 0000027c
capture_snapshot GLI1 00010000 30000000 2500000 801 0 30000000 0 0 0 0 0 0 0 7cec3f48 00000000 864c5148 00000000 00c80181 00000000 00c80181 00000000 0000006a 00000000 00000000 00000000 0960171a 00000000 00c801eb 00000000 00000000 00000000 00000000 00000039 008b3199 00000001 00000000 00000001 00000000 00000000 00000000 00000000 00000000 00000000 00000000 00000000 00000000 00000000 00000000 00000000 00000000 00000000 00000000 00000000 bfba9fa4 00000001 864c5160 00000000 00000000 00000000 00000000 00000000 00000101 00000081 00000000 00000000 00000000 00000000 00000000 00000000 00000000 00003333 00004ccd 00002667 00000001 00000000 01c9c380 0000027c
capture_snapshot GLI1 00010000 30000000 2500000 802 0 30000000 0 0 0 0 0 0 0 7cec3f48 00000000 864f510c 00000000 00c8417c 00000000 00c8417c 00000000 0000006a 00000000 00000000 00000000 096316df 00000000 00c841e6 00000000 00000000 00000000 00000000 00000039 008b3199 00000001 00000000 00000001 00000000 00000000 00000000 00000000 00000000 00000000 00000000 00000000 00000000 00000000 00000000 00000000 00000000 00000000 00000000 00000000 bfc49ecc 00000001 864f5125 00000000 00000000 00000000 00000000 00000000 00000100 00000080 00000000 00000000 00000000 00000000 00000000 00000000 00000000 00003333 00004ccd 00002667 00000001 00000000 01c9c380 0000027c
capture_snapshot GLI1 00010000 30000000 2500000 803 0 30000000 0 0 0 0 0 0 0 7cec3f48 00000000 86525160 00000000 00c88183 00000000 00c88183 00000000 0000006a 00000000 00000000 00000000 0966172b 00000000 00c881ed 00000000 00000000 00000000 00000000 00000039 008b3199 00000001 00000000 00000001 00000000 00000000 00000000 00000000 00000000 00000000 00000000 00000000 00000000 00000000 00000000 00000000 00000000 00000000 00000000 00000000 bfce9fb4 00000001 86525171 00000000 00000000 00000000 00000000 00000000 00000101 00000080 00000000 00000000 00000000 00000000 00000000 00000000 00000000 00003333 00004ccd 00002667 00000001 00000000 01c9c380 0000027c
capture_snapshot GLI1 00010000 30000000 2500000 804 0 30000000 0 0 0 0 0 0 0 7cec3f48 00000000 8655522c 00000000 00c8c194 00000000 00c8c194 00000000 0000006a 00000000 00000000 00000000 096917fa 00000000 00c8c1fe 00000000 00000000 00000000 00000000 00000039 008b3199 00000001 00000000 00000001 00000000 00000000 00000000 00000000 00000000 00000000 00000000 00000000 00000000 00000000 00000000 00000000 00000000 00000000 00000000 00000000 bfd8a255 00000001 86555240 00000000 00000000 00000000 00000000 00000000 00000100 00000080 00000000 00000000 00000000 00000000 00000000 00000000 00000000 00003333 00004ccd 00002667 00000001 00000000 01c9c380 0000027c
capture_snapshot GLI1 00010000 30000000 2500000 805 0 30000000 0 0 0 0 0 0 0 7cec3f48 00000000 86585148 00000000 00c90181 00000000 00c90181 00000000 0000006a 00000000 00000000 00000000 096c171c 00000000 00c901eb 00000000 00000000 00000000 00000000 00000039 008b3199 00000001 00000000 00000001 00000000 00000000 00000000 00000000 00000000 00000000 00000000 00000000 00000000 00000000 00000000 00000000 00000000 00000000 00000000 00000000 bfe29f5c 00000001 86585162 00000000 00000000 00000000 00000000 00000000 00000101 00000081 00000000 00000000 00000000 00000000 00000000 00000000 00000000 00003333 00004ccd 00002667 00000001 00000000 01c9c380 0000027c
capture_snapshot GLI1 00010000 30000000 2500000 806 0 30000000 0 0 0 0 0 0 0 7cec3f48 00000000 865b5118 00000000 00c9417d 00000000 00c9417d 00000000 0000006a 00000000 00000000 00000000 096f16ec 00000000 00c941e7 00000000 00000000 00000000 00000000 00000039 008b3199 00000001 00000000 00000001 00000000 00000000 00000000 00000000 00000000 00000000 00000000 00000000 00000000 00000000 00000000 00000000 00000000 00000000 00000000 00000000 bfec9ea7 00000001 865b5132 00000000 00000000 00000000 00000000 00000000 00000100 00000080 00000000 00000000 00000000 00000000 00000000 00000000 00000000 00003333 00004ccd 00002667 00000001 00000000 01c9c380 0000027c
capture_snapshot GLI1 00010000 30000000 2500000 807 0 30000000 0 0 0 0 0 0 0 7cec3f48 00000000 865e51cc 00000000 00c9818c 00000000 00c9818c 00000000 0000006a 00000000 00000000 00000000 0972179c 00000000 00c981f6 00000000 00000000 00000000 00000000 00000039 008b3199 00000001 00000000 00000001 00000000 00000000 00000000 00000000 00000000 00000000 00000000 00000000 00000000 00000000 00000000 00000000 00000000 00000000 00000000 00000000 bff6a0e0 00000001 865e51e2 00000000 00000000 00000000 00000000 00000000 00000101 00000081 00000000 00000000 00000000 00000000 00000000 00000000 00000000 00003333 00004ccd 00002667 00000001 00000000 01c9c380 0000027c
capture_snapshot GLI1 00010000 30000000 2500000 808 0 30000000 0 0 0 0 0 0 0 7cec3f48 00000000 86615130 00000000 00c9c17f 00000000 00c9c17f 00000000 0000006a 00000000 00000000 00000000 097516fb 00000000 00c9c1e9 00000000 00000000 00000000 00000000 00000039 008b3199 00000001 00000000 00000001 00000000 00000000 00000000 00000000 00000000 00000000 00000000 00000000 00000000 00000000 00000000 00000000 00000000 00000000 00000000 00000000 c0009eb3 00000001 86615141 00000000 00000000 00000000 00000000 00000000 00000101 00000081 00000000 00000000 00000000 00000000 00000000 00000000 00000000 00003333 00004ccd 00002667 00000001 00000000 01c9c380 0000027c
capture_snapshot GLI1 00010000 30000000 2500000 809 0 30000000 0 0 0 0 0 0 0 7cec3f48 00000000 866450dc 00000000 00ca0178 00000000 00ca0178 00000000 0000006a 00000000 00000000 00000000 097816a7 00000000 00ca01e2 00000000 00000000 00000000 00000000 00000039 008b3199 00000001 00000000 00000001 00000000 00000000 00000000 00000000 00000000 00000000 00000000 00000000 00000000 00000000 00000000 00000000 00000000 00000000 00000000 00000000 c00a9d89 00000001 866450ed 00000000 00000000 00000000 00000000 00000000 00000100 00000080 00000000 00000000 00000000 00000000 00000000 00000000 00000000 00003333 00004ccd 00002667 00000001 00000000 01c9c380 0000027c
capture_snapshot GLI1 00010000 30000000 2500000 810 0 30000000 0 0 0 0 0 0 0 7cec3f48 00000000 86675160 00000000 00ca4183 00000000 00ca4183 00000000 0000006a 00000000 00000000 00000000 097b172f 00000000 00ca41ed 00000000 00000000 00000000 00000000 00000039 008b3199 00000001 00000000 00000001 00000000 00000000 00000000 00000000 00000000 00000000 00000000 00000000 00000000 00000000 00000000 00000000 00000000 00000000 00000000 00000000 c0149f39 00000001 86675175 00000000 00000000 00000000 00000000 00000000 00000101 00000080 00000000 00000000 00000000 00000000 00000000 00000000 00000000 00003333 00004ccd 00002667 00000001 00000000 01c9c380 0000027c
capture_snapshot GLI1 00010000 30000000 2500000 811 0 30000000 0 0 0 0 0 0 0 7cec3f48 00000000 866a5190 00000000 00ca8187 00000000 00ca8187 00000000 0000006a 00000000 00000000 00000000 097e1760 00000000 00ca81f1 00000000 00000000 00000000 00000000 00000039 008b3199 00000001 00000000 00000001 00000000 00000000 00000000 00000000 00000000 00000000 00000000 00000000 00000000 00000000 00000000 00000000 00000000 00000000 00000000 00000000 c01e9fcb 00000001 866a51a6 00000000 00000000 00000000 00000000 00000000 00000100 00000080 00000000 00000000 00000000 00000000 00000000 00000000 00000000 00003333 00004ccd 00002667 00000001 00000000 01c9c380 0000027c
capture_snapshot GLI1 00010000 30000000 2500000 812 0 30000000 0 0 0 0 0 0 0 7cec3f48 00000000 866d52e0 00000000 00cac1a3 00000000 00cac1a3 00000000 0000006a 00000000 00000000 00000000 098118ae 00000000 00cac20d 00000000 00000000 00000000 00000000 00000039 008b3199 00000001 00000000 00000001 00000000 00000000 00000000 00000000 00000000 00000000 00000000 00000000 00000000 00000000 00000000 00000000 00000000 00000000 00000000 00000000 c028a40f 00000001 866d52f4 00000000 00000000 00000000 00000000 00000000 00000101 00000081 00000000 00000000 00000000 00000000 00000000 00000000 00000000 00003333 00004ccd 00002667 00000001 00000000 01c9c380 0000027c
capture_snapshot GLI1 00010000 30000000 2500000 813 0 30000000 0 0 0 0 0 0 0 7cec3f48 00000000 867051a8 00000000 00cb0189 00000000 00cb0189 00000000 0000006a 00000000 00000000 00000000 09841778 00000000 00cb01f3 00000000 00000000 00000000 00000000 00000039 008b3199 00000001 00000000 00000001 00000000 00000000 00000000 00000000 00000000 00000000 00000000 00000000 00000000 00000000 00000000 00000000 00000000 00000000 00000000 00000000 c0329ff1 00000001 867051be 00000000 00000000 00000000 00000000 00000000 00000100 00000080 00000000 00000000 00000000 00000000 00000000 00000000 00000000 00003333 00004ccd 00002667 00000001 00000000 01c9c380 0000027c
capture_snapshot GLI1 00010000 30000000 2500000 814 0 30000000 0 0 0 0 0 0 0 7cec3f48 00000000 86735460 00000000 00cb41c3 00000000 00cb41c3 00000000 0000006a 00000000 00000000 00000000 09871a29 00000000 00cb422d 00000000 00000000 00000000 00000000 00000039 008b3199 00000001 00000000 00000001 00000000 00000000 00000000 00000000 00000000 00000000 00000000 00000000 00000000 00000000 00000000 00000000 00000000 00000000 00000000 00000000 c03ca8d9 00000001 8673546f 00000000 00000000 00000000 00000000 00000000 00000100 00000080 00000000 00000000 00000000 00000000 00000000 00000000 00000000 00003333 00004ccd 00002667 00000001 00000000 01c9c380 0000027c
capture_snapshot GLI1 00010000 30000000 2500000 815 0 30000000 0 0 0 0 0 0 0 7cec3f48 00000000 86765058 00000000 00cb816d 00000000 00cb816d 00000000 0000006a 00000000 00000000 00000000 098a162a 00000000 00cb81d7 00000000 00000000 00000000 00000000 00000039 008b3199 00000001 00000000 00000001 00000000 00000000 00000000 00000000 00000000 00000000 00000000 00000000 00000000 00000000 00000000 00000000 00000000 00000000 00000000 00000000 c0469b73 00000001 86765070 00000000 00000000 00000000 00000000 00000000 00000100 00000081 00000000 00000000 00000000 00000000 00000000 00000000 00000000 00003333 00004ccd 00002667 00000001 00000000 01c9c380 0000027c
capture_snapshot GLI1 00010000 30000000 2500000 816 0 30000000 0 0 0 0 0 0 0 7cec3f48 00000000 867950e8 00000000 00cbc179 00000000 00cbc179 00000000 0000006a 00000000 00000000 00000000 098d16b9 00000000 00cbc1e3 00000000 00000000 00000000 00000000 00000039 008b3199 00000001 00000000 00000001 00000000 00000000 00000000 00000000 00000000 00000000 00000000 00000000 00000000 00000000 00000000 00000000 00000000 00000000 00000000 00000000 c0509d3a 00000001 867950ff 00000000 00000000 00000000 00000000 00000000 00000100 00000080 00000000 00000000 00000000 00000000 00000000 00000000 00000000 00003333 00004ccd 00002667 00000001 00000000 01c9c380 0000027c
capture_snapshot GLI1 00010000 30000000 2500000 817 0 30000000 0 0 0 0 0 0 0 7cec3f48 00000000 867c507c 00000000 00cc0170 00000000 00cc0170 00000000 0000006a 00000000 00000000 00000000 0990164b 00000000 00cc01da 00000000 00000000 00000000 00000000 00000039 008b3199 00000001 00000000 00000001 00000000 00000000 00000000 00000000 00000000 00000000 00000000 00000000 00000000 00000000 00000000 00000000 00000000 00000000 00000000 00000000 c05a9bb8 00000001 867c5091 00000000 00000000 00000000 00000000 00000000 00000101 00000080 00000000 00000000 00000000 00000000 00000000 00000000 00000000 00003333 00004ccd 00002667 00000001 00000000 01c9c380 0000027c
capture_snapshot GLI1 00010000 30000000 2500000 818 0 30000000 0 0 0 0 0 0 0 7cec3f48 00000000 867f50c4 00000000 00cc4176 00000000 00cc4176 00000000 0000006a 00000000 00000000 00000000 09931694 00000000 00cc41e0 00000000 00000000 00000000 00000000 00000039 008b3199 00000001 00000000 00000001 00000000 00000000 00000000 00000000 00000000 00000000 00000000 00000000 00000000 00000000 00000000 00000000 00000000 00000000 00000000 00000000 c0649c98 00000001 867f50da 00000000 00000000 00000000 00000000 00000000 00000101 00000080 00000000 00000000 00000000 00000000 00000000 00000000 00000000 00003333 00004ccd 00002667 00000001 00000000 01c9c380 0000027c
capture_snapshot GLI1 00010000 30000000 2500000 819 0 30000000 0 0 0 0 0 0 0 7cec3f48 00000000 8682513c 00000000 00cc8180 00000000 00cc8180 00000000 0000006a 00000000 00000000 00000000 09961708 00000000 00cc81ea 00000000 00000000 00000000 00000000 00000039 008b3199 00000001 00000000 00000001 00000000 00000000 00000000 00000000 00000000 00000000 00000000 00000000 00000000 00000000 00000000 00000000 00000000 00000000 00000000 00000000 c06e9e07 00000001 8682514e 00000000 00000000 00000000 00000000 00000000 00000101 00000080 00000000 00000000 00000000 00000000 00000000 00000000 00000000 00003333 00004ccd 00002667 00000001 00000000 01c9c380 0000027c
capture_snapshot GLI1 00010000 30000000 2500000 820 0 30000000 0 0 0 0 0 0 0 7cec3f48 00000000 8685504c 00000000 00ccc16c 00000000 00ccc16c 00000000 0000006a 00000000 00000000 00000000 09991619 00000000 00ccc1d6 00000000 00000000 00000000 00000000 00000039 008b3199 00000001 00000000 00000001 00000000 00000000 00000000 00000000 00000000 00000000 00000000 00000000 00000000 00000000 00000000 00000000 00000000 00000000 00000000 00000000 c0789ad9 00000001 8685505f 00000000 00000000 00000000 00000000 00000000 00000100 00000081 00000000 00000000 00000000 00000000 00000000 00000000 00000000 00003333 00004ccd 00002667 00000001 00000000 01c9c380 0000027c
capture_snapshot GLI1 00010000 30000000 2500000 821 0 30000000 0 0 0 0 0 0 0 7cec3f48 00000000 86885358 00000000 00cd01ad 00000000 00cd01ad 00000000 0000006a 00000000 00000000 00000000 099c1920 00000000 00cd0217 00000000 00000000 00000000 00000000 00000039 008b3199 00000001 00000000 00000001 00000000 00000000 00000000 00000000 00000000 00000000 00000000 00000000 00000000 00000000 00000000 00000000 00000000 00000000 00000000 00000000 c082a4dd 00000001 86885366 00000000 00000000 00000000 00000000 00000000 00000100 00000080 00000000 00000000 00000000 00000000 00000000 00000000 00000000 00003333 00004ccd 00002667 00000001 00000000 01c9c380 0000027c
capture_snapshot GLI1 00010000 30000000 2500000 822 0 30000000 0 0 0 0 0 0 0 7cec3f48 00000000 868b513c 00000000 00cd4180 00000000 00cd4180 00000000 0000006a 00000000 00000000 00000000 099f1708 00000000 00cd41ea 00000000 00000000 00000000 00000000 00000039 008b3199 00000001 00000000 00000001 00000000 00000000 00000000 00000000 00000000 00000000 00000000 00000000 00000000 00000000 00000000 00000000 00000000 00000000 00000000 00000000 c08c9dcc 00000001 868b514e 00000000 00000000 00000000 00000000 00000000 00000100 00000080 00000000 00000000 00000000 00000000 00000000 00000000 00000000 00003333 00004ccd 00002667 00000001 00000000 01c9c380 0000027c
capture_snapshot GLI1 00010000 30000000 2500000 823 0 30000000 0 0 0 0 0 0 0 7cec3f48 00000000 868e50dc 00000000 00cd8178 00000000 00cd8178 00000000 0000006a 00000000 00000000 00000000 09a216a5 00000000 00cd81e2 00000000 00000000 00000000 00000000 00000039 008b3199 00000001 00000000 00000001 00000000 00000000 00000000 00000000 00000000 00000000 00000000 00000000 00000000 00000000 00000000 00000000 00000000 00000000 00000000 00000000 c0969c71 00000001 868e50eb 00000000 00000000 00000000 00000000 00000000 00000100 00000081 00000000 00000000 00000000 00000000 00000000 00000000 00000000 00003333 00004ccd 00002667 00000001 00000000 01c9c380 0000027c
capture_snapshot GLI1 00010000 30000000 2500000 824 0 30000000 0 0 0 0 0 0 0 7cec3f48 00000000 869157fc 00000000 00cdc210 00000000 00cdc210 00000000 0000006a 00000000 00000000 00000000 09a51dc5 00000000 00cdc27a 00000000 00000000 00000000 00000000 00000039 008b3199 00000001 00000000 00000001 00000000 00000000 00000000 00000000 00000000 00000000 00000000 00000000 00000000 00000000 00000000 00000000 00000000 00000000 00000000 00000000 c0a0b41c 00000001 8691580b 00000000 00000000 00000000 00000000 00000000 00000101 00000081 00000000 00000000 00000000 00000000 00000000 00000000 00000000 00003333 00004ccd 00002667 00000001 00000000 01c9c380 0000027c
capture_snapshot GLI1 00010000 30000000 2500000 825 0 30000000 0 0 0 0 0 0 0 7cec3f48 00000000 869456dc 00000000 00ce01f8 00000000 00ce01f8 00000000 0000006a 00000000 00000000 00000000 09a81cae 00000000 00ce0262 00000000 00000000 00000000 00000000 00000039 008b3199 00000001 00000000 00000001 00000000 00000000 00000000 00000000 00000000 00000000 00000000 00000000 00000000 00000000 00000000 00000000 00000000 00000000 00000000 00000000 c0aab068 00000001 869456f4 00000000 00000000 00000000 00000000 00000000 00000100 00000080 00000000 00000000 00000000 00000000 00000000 00000000 00000000 00003333 00004ccd 00002667 00000001 00000000 01c9c380 0000027c
capture_snapshot GLI1 00010000 30000000 2500000 826 0 30000000 0 0 0 0 0 0 0 7cec3f48 00000000 86975094 00000000 00ce4172 00000000 00ce4172 00000000 0000006a 00000000 00000000 00000000 09ab1664 00000000 00ce41dc 00000000 00000000 00000000 00000000 00000039 008b3199 00000001 00000000 00000001 00000000 00000000 00000000 00000000 00000000 00000000 00000000 00000000 00000000 00000000 00000000 00000000 00000000 00000000 00000000 00000000 c0b49b5d 00000001 869750aa 00000000 00000000 00000000 00000000 00000000 00000101 00000081 00000000 00000000 00000000 00000000 00000000 00000000 00000000 00003333 00004ccd 00002667 00000001 00000000 01c9c380 0000027c
capture_snapshot GLI1 00010000 30000000 2500000 827 0 30000000 0 0 0 0 0 0 0 7cec3f48 00000000 869a5154 00000000 00ce8182 00000000 00ce8182 00000000 0000006a 00000000 00000000 00000000 09ae1725 00000000 00ce81ec 00000000 00000000 00000000 00000000 00000039 008b3199 00000001 00000000 00000001 00000000 00000000 00000000 00000000 00000000 00000000 00000000 00000000 00000000 00000000 00000000 00000000 00000000 00000000 00000000 00000000 c0be9dcd 00000001 869a516b 00000000 00000000 00000000 00000000 00000000 00000101 00000081 00000000 00000000 00000000 00000000 00000000 00000000 00000000 00003333 00004ccd 00002667 00000001 00000000 01c9c380 0000027c
capture_snapshot GLI1 00010000 30000000 2500000 828 0 30000000 0 0 0 0 0 0 0 7cec3f48 00000000 869d513c 00000000 00cec180 00000000 00cec17f 00000000 0000006a 00000000 00000000 00000000 09b11704 00000000 00cec1ea 00000000 00000000 00000000 00000000 0000003b 008b3199 00000001 00000001 00000001 00000000 00000000 00000000 00000000 00000000 00000000 00000000 00000000 00000000 00000000 00000000 00000000 00000000 00000000 00000000 00000000 c0c89d4c 00000001 869d514a 00000000 00000000 00000000 00000000 00000000 00000101 00000080 00000000 00000000 00000000 00000000 00000000 00000000 00000000 00003333 00004ccd 00002667 00000001 00000000 01c9c380 0000027c
capture_snapshot GLI1 00010000 30000000 2500000 829 0 30000000 0 0 0 0 0 0 0 7cec3f48 00000000 86a05a54 00000000 00cf0242 00000000 00cf0242 00000000 0000006a 00000000 00000000 00000000 09b42021 00000000 00cf02ac 00000000 00000000 00000000 00000000 00000039 008b3199 00000001 00000000 00000001 00000000 00000000 00000000 00000000 00000000 00000000 00000000 00000000 00000000 00000000 00000000 00000000 00000000 00000000 00000000 00000000 c0d2bb9a 00000001 86a05a67 00000000 00000000 00000000 00000000 00000000 00000100 00000080 00000000 00000000 00000000 00000000 00000000 00000000 00000000 00003333 00004ccd 00002667 00000001 00000000 01c9c380 0000027c
capture_snapshot GLI1 00010000 30000000 2500000 830 0 30000000 0 0 0 0 0 0 0 7cec3f48 00000000 86a35e44 00000000 00cf4296 00000000 00cf4296 00000000 0000006a 00000000 00000000 00000000 09b7240d 00000000 00cf4300 00000000 00000000 00000000 00000000 00000039 008b3199 00000001 00000000 00000001 00000000 00000000 00000000 00000000 00000000 00000000 00000000 00000000 00000000 00000000 00000000 00000000 00000000 00000000 00000000 00000000 c0dcc897 00000001 86a35e53 00000000 00000000 00000000 00000000 00000000 00000101 00000081 00000000 00000000 00000000 00000000 00000000 00000000 00000000 00003333 00004ccd 00002667 00000001 00000000 01c9c380 0000027c
capture_snapshot GLI1 00010000 30000000 2500000 831 0 30000000 0 0 0 0 0 0 0 7cec3f48 00000000 86a65f10 00000000 00cf82a7 00000000 00cf82a7 00000000 0000006a 00000000 00000000 00000000 09ba24e4 00000000 00cf8311 00000000 00000000 00000000 00000000 00000039 008b3199 00000001 00000000 00000001 00000000 00000000 00000000 00000000 00000000 00000000 00000000 00000000 00000000 00000000 00000000 00000000 00000000 00000000 00000000 00000000 c0e6cb4f 00000001 86a65f2a 00000000 00000000 00000000 00000000 00000000 00000100 00000080 00000000 00000000 00000000 00000000 00000000 00000000 00000000 00003333 00004ccd 00002667 00000001 00000000 01c9c380 0000027c
capture_snapshot GLI1 00010000 30000000 2500000 832 0 30000000 0 0 0 0 0 0 0 7cec3f48 00000000 86a95e08 00000000 00cfc291 00000000 00cfc291 00000000 0000006a 00000000 00000000 00000000 09bd23d8 00000000 00cfc2fb 00000000 00000000 00000000 00000000 00000039 008b3199 00000001 00000000 00000001 00000000 00000000 00000000 00000000 00000000 00000000 00000000 00000000 00000000 00000000 00000000 00000000 00000000 00000000 00000000 00000000 c0f0c7be 00000001 86a95e1e 00000000 00000000 00000000 00000000 00000000 00000100 00000080 00000000 00000000 00000000 00000000 00000000 00000000 00000000 00003333 00004ccd 00002667 00000001 00000000 01c9c380 0000027c
capture_snapshot GLI1 00010000 30000000 2500000 833 0 30000000 0 0 0 0 0 0 0 7cec3f48 00000000 86ac5ef8 00000000 00d002a5 00000000 00d002a5 00000000 0000006a 00000000 00000000 00000000 09c024ca 00000000 00d0030f 00000000 00000000 00000000 00000000 00000039 008b3199 00000001 00000000 00000001 00000000 00000000 00000000 00000000 00000000 00000000 00000000 00000000 00000000 00000000 00000000 00000000 00000000 00000000 00000000 00000000 c0facad2 00000001 86ac5f10 00000000 00000000 00000000 00000000 00000000 00000101 00000080 00000000 00000000 00000000 00000000 00000000 00000000 00000000 00003333 00004ccd 00002667 00000001 00000000 01c9c380 0000027c
capture_snapshot GLI1 00010000 30000000 2500000 834 0 30000000 0 0 0 0 0 0 0 7cec3f48 00000000 86af5cdc 00000000 00d04278 00000000 00d04278 00000000 0000006a 00000000 00000000 00000000 09c322ac 00000000 00d042e2 00000000 00000000 00000000 00000000 00000039 008b3199 00000001 00000000 00000001 00000000 00000000 00000000 00000000 00000000 00000000 00000000 00000000 00000000 00000000 00000000 00000000 00000000 00000000 00000000 00000000 c104c3b2 00000001 86af5cf2 00000000 00000000 00000000 00000000 00000000 00000100 00000080 00000000 00000000 00000000 00000000 00000000 00000000 00000000 00003333 00004ccd 00002667 00000001 00000000 01c9c380 0000027c
capture_snapshot GLI1 00010000 30000000 2500000 835 0 30000000 0 0 0 0 0 0 0 7cec3f48 00000000 86b25fb8 00000000 00d082b5 00000000 00d082b5 00000000 0000006a 00000000 00000000 00000000 09c62584 00000000 00d0831f 00000000 00000000 00000000 00000000 00000039 008b3199 00000001 00000000 00000001 00000000 00000000 00000000 00000000 00000000 00000000 00000000 00000000 00000000 00000000 00000000 00000000 00000000 00000000 00000000 00000000 c10ecd17 00000001 86b25fca 00000000 00000000 00000000 00000000 00000000 00000101 00000080 00000000 00000000 00000000 00000000 00000000 00000000 00000000 00003333 00004ccd 00002667 00000001 00000000 01c9c380 0000027c
capture_snapshot GLI1 00010000 30000000 2500000 836 0 30000000 0 0 0 0 0 0 0 7cec3f48 00000000 86b560fc 00000000 00d0c2d0 00000000 00d0c2d0 00000000 0000006a 00000000 00000000 00000000 09c926cb 00000000 00d0c33a 00000000 00000000 00000000 00000000 00000039 008b3199 00000001 00000000 00000001 00000000 00000000 00000000 00000000 00000000 00000000 00000000 00000000 00000000 00000000 00000000 00000000 00000000 00000000 00000000 00000000 c118d147 00000001 86b56111 00000000 00000000 00000000 00000000 00000000 00000100 00000080 00000000 00000000 00000000 00000000 00000000 00000000 00000000 00003333 00004ccd 00002667 00000001 00000000 01c9c380 0000027c
capture_snapshot GLI1 00010000 30000000 2500000 837 0 30000000 0 0 0 0 0 0 0 7cec3f48 00000000 86b8735c 00000000 00d10458 00000000 00d10458 00000000 0000006a 00000000 00000000 00000000 09cc3925 00000000 00d104c2 00000000 00000000 00000000 00000000 00000039 008b3199 00000001 00000000 00000001 00000000 00000000 00000000 00000000 00000000 00000000 00000000 00000000 00000000 00000000 00000000 00000000 00000000 00000000 00000000 00000000 c1230e5e 00000001 86b8736b 00000000 00000000 00000000 00000000 00000000 00000101 00000081 00000000 00000000 00000000 00000000 00000000 00000000 00000000 00003333 00004ccd 00002667 00000001 00000000 01c9c380 0000027c
capture_snapshot GLI1 00010000 30000000 2500000 838 0 30000000 0 0 0 0 0 0 0 7cec3f48 00000000 86bb6000 00000000 00d142bb 00000000 00d142bb 00000000 0000006a 00000000 00000000 00000000 09cf25cc 00000000 00d14325 00000000 00000000 00000000 00000000 00000039 008b3199 00000001 00000000 00000001 00000000 00000000 00000000 00000000 00000000 00000000 00000000 00000000 00000000 00000000 00000000 00000000 00000000 00000000 00000000 00000000 c12ccdcc 00000001 86bb6012 00000000 00000000 00000000 00000000 00000000 00000101 00000080 00000000 00000000 00000000 00000000 00000000 00000000 00000000 00003333 00004ccd 00002667 00000001 00000000 01c9c380 0000027c
capture_snapshot GLI1 00010000 30000000 2500000 839 0 30000000 0 0 0 0 0 0 0 7cec3f48 00000000 86be6108 00000000 00d182d1 00000000 00d182d1 00000000 0000006a 00000000 00000000 00000000 09d226d3 00000000 00d1833b 00000000 00000000 00000000 00000000 00000039 008b3199 00000001 00000000 00000001 00000000 00000000 00000000 00000000 00000000 00000000 00000000 00000000 00000000 00000000 00000000 00000000 00000000 00000000 00000000 00000000 c136d127 00000001 86be6119 00000000 00000000 00000000 00000000 00000000 00000101 00000080 00000000 00000000 00000000 00000000 00000000 00000000 00000000 00003333 00004ccd 00002667 00000001 00000000 01c9c380 0000027c
capture_snapshot GLI1 00010000 30000000 2500000 840 0 30000000 0 0 0 0 0 0 0 7cec3f48 00000000 86c15bd4 00000000 00d1c262 00000000 00d1c262 00000000 0000006a 00000000 00000000 00000000 09d521a3 00000000 00d1c2cc 00000000 00000000 00000000 00000000 00000039 008b3199 00000001 00000000 00000001 00000000 00000000 00000000 00000000 00000000 00000000 00000000 00000000 00000000 00000000 00000000 00000000 00000000 00000000 00000000 00000000 c140bfc8 00000001 86c15be9 00000000 00000000 00000000 00000000 00000000 00000101 00000081 00000000 00000000 00000000 00000000 00000000 00000000 00000000 00003333 00004ccd 00002667 00000001 00000000 01c9c380 0000027c
capture_snapshot GLI1 00010000 30000000 2500000 841 0 30000000 0 0 0 0 0 0 0 7cec3f48 00000000 86c45bb0 00000000 00d2025f 00000000 00d2025f 00000000 0000006a 00000000 00000000 00000000 09d8217e 00000000 00d202c9 00000000 00000000 00000000 00000000 00000039 008b3199 00000001 00000000 00000001 00000000 00000000 00000000 00000000 00000000 00000000 00000000 00000000 00000000 00000000 00000000 00000000 00000000 00000000 00000000 00000000 c14abf39 00000001 86c45bc4 00000000 00000000 00000000 00000000 00000000 00000101 00000081 00000000 00000000 00000000 00000000 00000000 00000000 00000000 00003333 00004ccd 00002667 00000001 00000000 01c9c380 0000027c
capture_snapshot GLI1 00010000 30000000 2500000 842 0 30000000 0 0 0 0 0 0 0 7cec3f48 00000000 86c75c70 00000000 00d2426f 00000000 00d2426f 00000000 0000006a 00000000 00000000 00000000 09db2241 00000000 00d242d9 00000000 00000000 00000000 00000000 00000039 008b3199 00000001 00000000 00000001 00000000 00000000 00000000 00000000 00000000 00000000 00000000 00000000 00000000 00000000 00000000 00000000 00000000 00000000 00000000 00000000 c154c1b0 00000001 86c75c87 00000000 00000000 00000000 00000000 00000000 00000101 00000081 00000000 00000000 00000000 00000000 00000000 00000000 00000000 00003333 00004ccd 00002667 00000001 00000000 01c9c380 0000027c
capture_snapshot GLI1 00010000 30000000 2500000 843 0 30000000 0 0 0 0 0 0 0 7cec3f48 00000000 86ca672c 00000000 00d28354 00000000 00d28354 00000000 0000006a 00000000 00000000 00000000 09de2cfb 00000000 00d283be 00000000 00000000 00000000 00000000 00000039 008b3199 00000001 00000000 00000001 00000000 00000000 00000000 00000000 00000000 00000000 00000000 00000000 00000000 00000000 00000000 00000000 00000000 00000000 00000000 00000000 c15ee55d 00000001 86ca6741 00000000 00000000 00000000 00000000 00000000 00000101 00000081 00000000 00000000 00000000 00000000 00000000 00000000 00000000 00003333 00004ccd 00002667 00000001 00000000 01c9c380 0000027c
capture_snapshot GLI1 00010000 30000000 2500000 844 0 30000000 0 0 0 0 0 0 0 7cec3f48 00000000 86cd5cb8 00000000 00d2c275 00000000 00d2c275 00000000 0000006a 00000000 00000000 00000000 09e12289 00000000 00d2c2df 00000000 00000000 00000000 00000000 00000039 008b3199 00000001 00000000 00000001 00000000 00000000 00000000 00000000 00000000 00000000 00000000 00000000 00000000 00000000 00000000 00000000 00000000 00000000 00000000 00000000 c168c279 00000001 86cd5ccf 00000000 00000000 00000000 00000000 00000000 00000101 00000081 00000000 00000000 00000000 00000000 00000000 00000000 00000000 00003333 00004ccd 00002667 00000001 00000000 01c9c380 0000027c
capture_snapshot GLI1 00010000 30000000 2500000 845 0 30000000 0 0 0 0 0 0 0 7cec3f48 00000000 86d05d18 00000000 00d3027d 00000000 00d3027d 00000000 0000006a 00000000 00000000 00000000 09e422e4 00000000 00d302e7 00000000 00000000 00000000 00000000 00000039 008b3199 00000001 00000000 00000001 00000000 00000000 00000000 00000000 00000000 00000000 00000000 00000000 00000000 00000000 00000000 00000000 00000000 00000000 00000000 00000000 c172c396 00000001 86d05d2a 00000000 00000000 00000000 00000000 00000000 00000100 00000080 00000000 00000000 00000000 00000000 00000000 00000000 00000000 00003333 00004ccd 00002667 00000001 00000000 01c9c380 0000027c
capture_snapshot GLI1 00010000 30000000 2500000 846 0 30000000 0 0 0 0 0 0 0 7cec3f48 00000000 86d35bc8 00000000 00d34261 00000000 00d34261 00000000 0000006a 00000000 00000000 00000000 09e7219b 00000000 00d342cb 00000000 00000000 00000000 00000000 00000039 008b3199 00000001 00000000 00000001 00000000 00000000 00000000 00000000 00000000 00000000 00000000 00000000 00000000 00000000 00000000 00000000 00000000 00000000 00000000 00000000 c17cbf37 00000001 86d35be1 00000000 00000000 00000000 00000000 00000000 00000100 00000080 00000000 00000000 00000000 00000000 00000000 00000000 00000000 00003333 00004ccd 00002667 00000001 00000000 01c9c380 0000027c
capture_snapshot GLI1 00010000 30000000 2500000 847 0 30000000 0 0 0 0 0 0 0 7cec3f48 00000000 86d65c4c 00000000 00d3826c 00000000 00d3826c 00000000 0000006a 00000000 00000000 00000000 09ea2220 00000000 00d382d6 00000000 00000000 00000000 00000000 00000039 008b3199 00000001 00000000 00000001 00000000 00000000 00000000 00000000 00000000 00000000 00000000 00000000 00000000 00000000 00000000 00000000 00000000 00000000 00000000 00000000 c186c0e0 00000001 86d65c66 00000000 00000000 00000000 00000000 00000000 00000101 00000081 00000000 00000000 00000000 00000000 00000000 00000000 00000000 00003333 00004ccd 00002667 00000001 00000000 01c9c380 0000027c
capture_snapshot GLI1 00010000 30000000 2500000 848 0 30000000 0 0 0 0 0 0 0 7cec3f48 00000000 86d95d48 00000000 00d3c281 00000000 00d3c280 00000000 0000006a 00000000 00000000 00000000 09ed2310 00000000 00d3c2eb 00000000 00000000 00000000 00000000 0000003b 008b3199 00000001 00000001 00000001 00000000 00000000 00000000 00000000 00000000 00000000 00000000 00000000 00000000 00000000 00000000 00000000 00000000 00000000 00000000 00000000 c190c3ed 00000001 86d95d56 00000000 00000000 00000000 00000000 00000000 00000101 00000081 00000000 00000000 00000000 00000000 00000000 00000000 00000000 00003333 00004ccd 00002667 00000001 00000000 01c9c380 0000027c
capture_snapshot GLI1 00010000 30000000 2500000 849 0 30000000 0 0 0 0 0 0 0 7cec3f48 00000000 86dc5d30 00000000 00d4027f 00000000 00d4027f 00000000 0000006a 00000000 00000000 00000000 09f02303 00000000 00d402e9 00000000 00000000 00000000 00000000 00000039 008b3199 00000001 00000000 00000001 00000000 00000000 00000000 00000000 00000000 00000000 00000000 00000000 00000000 00000000 00000000 00000000 00000000 00000000 00000000 00000000 c19ac3ad 00000001 86dc5d49 00000000 00000000 00000000 00000000 00000000 00000101 00000080 00000000 00000000 00000000 00000000 00000000 00000000 00000000 00003333 00004ccd 00002667 00000001 00000000 01c9c380 0000027c
capture_snapshot GLI1 00010000 30000000 2500000 850 0 30000000 0 0 0 0 0 0 0 7cec3f48 00000000 86df5e08 00000000 00d44291 00000000 00d44291 00000000 0000006a 00000000 00000000 00000000 09f323d4 00000000 00d442fb 00000000 00000000 00000000 00000000 00000039 008b3199 00000001 00000000 00000001 00000000 00000000 00000000 00000000 00000000 00000000 00000000 00000000 00000000 00000000 00000000 00000000 00000000 00000000 00000000 00000000 c1a4c654 00000001 86df5e1a 00000000 00000000 00000000 00000000 00000000 00000100 00000080 00000000 00000000 00000000 00000000 00000000 00000000 00000000 00003333 00004ccd 00002667 00000001 00000000 01c9c380 0000027c
capture_snapshot GLI1 00010000 30000000 2500000 851 0 30000000 0 0 0 0 0 0 0 7cec3f48 00000000 86e25c58 00000000 00d4826d 00000000 00d4826d 00000000 0000006a 00000000 00000000 00000000 09f6222a 00000000 00d482d7 00000000 00000000 00000000 00000000 00000039 008b3199 00000001 00000000 00000001 00000000 00000000 00000000 00000000 00000000 00000000 00000000 00000000 00000000 00000000 00000000 00000000 00000000 00000000 00000000 00000000 c1aec0b3 00000001 86e25c70 00000000 00000000 00000000 00000000 00000000 00000101 00000080 00000000 00000000 00000000 00000000 00000000 00000000 00000000 00003333 00004ccd 00002667 00000001 00000000 01c9c380 0000027c
capture_snapshot GLI1 00010000 30000000 2500000 852 0 30000000 0 0 0 0 0 0 0 7cec3f48 00000000 86e562c4 00000000 00d4c2f6 00000000 00d4c2f6 00000000 0000006a 00000000 00000000 00000000 09f92895 00000000 00d4c360 00000000 00000000 00000000 00000000 00000039 008b3199 00000001 00000000 00000001 00000000 00000000 00000000 00000000 00000000 00000000 00000000 00000000 00000000 00000000 00000000 00000000 00000000 00000000 00000000 00000000 c1b8d604 00000001 86e562db 00000000 00000000 00000000 00000000 00000000 00000101 00000080 00000000 00000000 00000000 00000000 00000000 00000000 00000000 00003333 00004ccd 00002667 00000001 00000000 01c9c380 0000027c
capture_snapshot GLI1 00010000 30000000 2500000 853 0 30000000 0 0 0 0 0 0 0 7cec3f48 00000000 86e862a0 00000000 00d502f3 00000000 00d502f3 00000000 0000006a 00000000 00000000 00000000 09fc286b 00000000 00d5035d 00000000 00000000 00000000 00000000 00000039 008b3199 00000001 00000000 00000001 00000000 00000000 00000000 00000000 00000000 00000000 00000000 00000000 00000000 00000000 00000000 00000000 00000000 00000000 00000000 00000000 c1c2d564 00000001 86e862b1 00000000 00000000 00000000 00000000 00000000 00000101 00000080 00000000 00000000 00000000 00000000 00000000 00000000 00000000 00003333 00004ccd 00002667 00000001 00000000 01c9c380 0000027c
capture_snapshot GLI1 00010000 30000000 2500000 854 0 30000000 0 0 0 0 0 0 0 7cec3f48 00000000 86eb6054 00000000 00d542c2 00000000 00d542c2 00000000 0000006a 00000000 00000000 00000000 09ff2625 00000000 00d5432c 00000000 00000000 00000000 00000000 00000039 008b3199 00000001 00000000 00000001 00000000 00000000 00000000 00000000 00000000 00000000 00000000 00000000 00000000 00000000 00000000 00000000 00000000 00000000 00000000 00000000 c1cccdbe 00000001 86eb606b 00000000 00000000 00000000 00000000 00000000 00000101 00000081 00000000 00000000 00000000 00000000 00000000 00000000 00000000 00003333 00004ccd 00002667 00000001 00000000 01c9c380 0000027c
capture_snapshot GLI1 00010000 30000000 2500000 855 0 30000000 0 0 0 0 0 0 0 7cec3f48 00000000 86ee61e0 00000000 00d582e3 00000000 00d582e3 00000000 0000006a 00000000 00000000 00000000 0a0227af 00000000 00d5834d 00000000 00000000 00000000 00000000 00000039 008b3199 00000001 00000000 00000001 00000000 00000000 00000000 00000000 00000000 00000000 00000000 00000000 00000000 00000000 00000000 00000000 00000000 00000000 00000000 00000000 c1d6d2ca 00000001 86ee61f5 00000000 00000000 00000000 00000000 00000000 00000100 00000080 00000000 00000000 00000000 00000000 00000000 00000000 00000000 00003333 00004ccd 00002667 00000001 00000000 01c9c380 0000027c
capture_snapshot GLI1 00010000 30000000 2500000 856 0 30000000 0 0 0 0 0 0 0 7cec3f48 00000000 86f166cc 00000000 00d5c34c 00000000 00d5c34c 00000000 0000006a 00000000 00000000 00000000 0a052c9f 00000000 00d5c3b6 00000000 00000000 00000000 00000000 00000039 008b3199 00000001 00000000 00000001 00000000 00000000 00000000 00000000 00000000 00000000 00000000 00000000 00000000 00000000 00000000 00000000 00000000 00000000 00000000 00000000 c1e0e32d 00000001 86f166e5 00000000 00000000 00000000 00000000 00000000 00000101 00000081 00000000 00000000 00000000 00000000 00000000 00000000 00000000 00003333 00004ccd 00002667 00000001 00000000 01c9c380 0000027c
capture_snapshot GLI1 00010000 30000000 2500000 857 0 30000000 0 0 0 0 0 0 0 7cec3f48 00000000 86f46d80 00000000 00d603db 00000000 00d603db 00000000 0000006a 00000000 00000000 00000000 0a08334d 00000000 00d60445 00000000 00000000 00000000 00000000 00000039 008b3199 00000001 00000000 00000001 00000000 00000000 00000000 00000000 00000000 00000000 00000000 00000000 00000000 00000000 00000000 00000000 00000000 00000000 00000000 00000000 c1eaf95d 00000001 86f46d93 00000000 00000000 00000000 00000000 00000000 00000101 00000081 00000000 00000000 00000000 00000000 00000000 00000000 00000000 00003333 00004ccd 00002667 00000001 00000000 01c9c380 0000027c
capture_snapshot GLI1 00010000 30000000 2500000 858 0 30000000 0 0 0 0 0 0 0 7cec3f48 00000000 86f76cc0 00000000 00d643cb 00000000 00d643cb 00000000 0000006a 00000000 00000000 00000000 0a0b3290 00000000 00d64435 00000000 00000000 00000000 00000000 00000039 008b3199 00000001 00000000 00000001 00000000 00000000 00000000 00000000 00000000 00000000 00000000 00000000 00000000 00000000 00000000 00000000 00000000 00000000 00000000 00000000 c1f4f6d5 00000001 86f76cd6 00000000 00000000 00000000 00000000 00000000 00000100 00000080 00000000 00000000 00000000 00000000 00000000 00000000 00000000 00003333 00004ccd 00002667 00000001 00000000 01c9c380 0000027c
capture_snapshot GLI1 00010000 30000000 2500000 859 0 30000000 0 0 0 0 0 0 0 7cec3f48 00000000 86fa6168 00000000 00d682d9 00000000 00d682d9 00000000 0000006a 00000000 00000000 00000000 0a0e2735 00000000 00d68343 00000000 00000000 00000000 00000000 00000039 008b3199 00000001 00000000 00000001 00000000 00000000 00000000 00000000 00000000 00000000 00000000 00000000 00000000 00000000 00000000 00000000 00000000 00000000 00000000 00000000 c1fed0e5 00000001 86fa617b 00000000 00000000 00000000 00000000 00000000 00000100 00000080 00000000 00000000 00000000 00000000 00000000 00000000 00000000 00003333 00004ccd 00002667 00000001 00000000 01c9c380 0000027c
capture_snapshot GLI1 00010000 30000000 2500000 860 0 30000000 0 0 0 0 0 0 0 7cec3f48 00000000 86fd63c0 00000000 00d6c30b 00000000 00d6c30b 00000000 0000006a 00000000 00000000 00000000 0a11298c 00000000 00d6c375 00000000 00000000 00000000 00000000 00000039 008b3199 00000001 00000000 00000001 00000000 00000000 00000000 00000000 00000000 00000000 00000000 00000000 00000000 00000000 00000000 00000000 00000000 00000000 00000000 00000000 c208d8a0 00000001 86fd63d2 00000000 00000000 00000000 00000000 00000000 00000101 00000081 00000000 00000000 00000000 00000000 00000000 00000000 00000000 00003333 00004ccd 00002667 00000001 00000000 01c9c380 0000027c
capture_snapshot GLI1 00010000 30000000 2500000 861 0 30000000 0 0 0 0 0 0 0 7cec3f48 00000000 870064ec 00000000 00d70324 00000000 00d70324 00000000 0000006a 00000000 00000000 00000000 0a142ac0 00000000 00d7038e 00000000 00000000 00000000 00000000 00000039 008b3199 00000001 00000000 00000001 00000000 00000000 00000000 00000000 00000000 00000000 00000000 00000000 00000000 00000000 00000000 00000000 00000000 00000000 00000000 00000000 c212dc8f 00000001 87006506 00000000 00000000 00000000 00000000 00000000 00000101 00000081 00000000 00000000 00000000 00000000 00000000 00000000 00000000 00003333 00004ccd 00002667 00000001 00000000 01c9c380 0000027c
capture_snapshot GLI1 00010000 30000000 2500000 862 0 30000000 0 0 0 0 0 0 0 7cec3f48 00000000 87036414 00000000 00d74312 00000000 00d74312 00000000 0000006a 00000000 00000000 00000000 0a1729e1 00000000 00d7437c 00000000 00000000 00000000 00000000 00000039 008b3199 00000001 00000000 00000001 00000000 00000000 00000000 00000000 00000000 00000000 00000000 00000000 00000000 00000000 00000000 00000000 00000000 00000000 00000000 00000000 c21cd994 00000001 87036427 00000000 00000000 00000000 00000000 00000000 00000101 00000081 00000000 00000000 00000000 00000000 00000000 00000000 00000000 00003333 00004ccd 00002667 00000001 00000000 01c9c380 0000027c
capture_snapshot GLI1 00010000 30000000 2500000 863 0 30000000 0 0 0 0 0 0 0 7cec3f48 00000000 870660b4 00000000 00d782ca 00000000 00d782ca 00000000 0000006a 00000000 00000000 00000000 0a1a2683 00000000 00d78334 00000000 00000000 00000000 00000000 00000039 008b3199 00000001 00000000 00000001 00000000 00000000 00000000 00000000 00000000 00000000 00000000 00000000 00000000 00000000 00000000 00000000 00000000 00000000 00000000 00000000 c226ce47 00000001 870660c9 00000000 00000000 00000000 00000000 00000000 00000101 00000081 00000000 00000000 00000000 00000000 00000000 00000000 00000000 00003333 00004ccd 00002667 00000001 00000000 01c9c380 0000027c
capture_snapshot GLI1 00010000 30000000 2500000 864 0 30000000 0 0 0 0 0 0 0 7cec3f48 00000000 87096264 00000000 00d7c2ee 00000000 00d7c2ee 00000000 0000006a 00000000 00000000 00000000 0a1d2832 00000000 00d7c358 00000000 00000000 00000000 00000000 00000039 008b3199 00000001 00000000 00000001 00000000 00000000 00000000 00000000 00000000 00000000 00000000 00000000 00000000 00000000 00000000 00000000 00000000 00000000 00000000 00000000 c230d3d1 00000001 87096278 00000000 00000000 00000000 00000000 00000000 00000101 00000081 00000000 00000000 00000000 00000000 00000000 00000000 00000000 00003333 00004ccd 00002667 00000001 00000000 01c9c380 0000027c
capture_snapshot GLI1 00010000 30000000 2500000 865 0 30000000 0 0 0 0 0 0 0 7cec3f48 00000000 870c6678 00000000 00d80345 00000000 00d80345 00000000 0000006a 00000000 00000000 00000000 0a202c49 00000000 00d803af 00000000 00000000 00000000 00000000 00000039 008b3199 00000001 00000000 00000001 00000000 00000000 00000000 00000000 00000000 00000000 00000000 00000000 00000000 00000000 00000000 00000000 00000000 00000000 00000000 00000000 c23ae15e 00000001 870c668f 00000000 00000000 00000000 00000000 00000000 00000101 00000080 00000000 00000000 00000000 00000000 00000000 00000000 00000000 00003333 00004ccd 00002667 00000001 00000000 01c9c380 0000027c
capture_snapshot GLI1 00010000 30000000 2500000 866 0 30000000 0 0 0 0 0 0 0 7cec3f48 00000000 870f61e0 00000000 00d842e3 00000000 00d842e3 00000000 0000006a 00000000 00000000 00000000 0a2327b3 00000000 00d8434d 00000000 00000000 00000000 00000000 00000039 008b3199 00000001 00000000 00000001 00000000 00000000 00000000 00000000 00000000 00000000 00000000 00000000 00000000 00000000 00000000 00000000 00000000 00000000 00000000 00000000 c244d203 00000001 870f61f9 00000000 00000000 00000000 00000000 00000000 00000100 00000080 00000000 00000000 00000000 00000000 00000000 00000000 00000000 00003333 00004ccd 00002667 00000001 00000000 01c9c380 0000027c
capture_snapshot GLI1 00010000 30000000 2500000 867 0 30000000 0 0 0 0 0 0 0 7cec3f48 00000000 8712642c 00000000 00d88314 00000000 00d88314 00000000 0000006a 00000000 00000000 00000000 0a2629f5 00000000 00d8837e 00000000 00000000 00000000 00000000 00000039 008b3199 00000001 00000000 00000001 00000000 00000000 00000000 00000000 00000000 00000000 00000000 00000000 00000000 00000000 00000000 00000000 00000000 00000000 00000000 00000000 c24ed976 00000001 8712643b 00000000 00000000 00000000 00000000 00000000 00000101 00000081 00000000 00000000 00000000 00000000 00000000 00000000 00000000 00003333 00004ccd 00002667 00000001 00000000 01c9c380 0000027c
capture_snapshot GLI1 00010000 30000000 2500000 868 0 30000000 0 0 0 0 0 0 0 7cec3f48 00000000 871560d8 00000000 00d8c2cd 00000000 00d8c2cd 00000000 0000006a 00000000 00000000 00000000 0a2926a2 00000000 00d8c337 00000000 00000000 00000000 00000000 00000039 008b3199 00000001 00000000 00000001 00000000 00000000 00000000 00000000 00000000 00000000 00000000 00000000 00000000 00000000 00000000 00000000 00000000 00000000 00000000 00000000 c258ce4e 00000001 871560e8 00000000 00000000 00000000 00000000 00000000 00000100 00000080 00000000 00000000 00000000 00000000 00000000 00000000 00000000 00003333 00004ccd 00002667 00000001 00000000 01c9c380 0000027c
capture_snapshot GLI1 00010000 30000000 2500000 869 0 30000000 0 0 0 0 0 0 0 7cec3f48 00000000 87185fd0 00000000 00d902b7 00000000 00d902b7 00000000 0000006a 00000000 00000000 00000000 0a2c25a0 00000000 00d90321 00000000 00000000 00000000 00000000 00000039 008b3199 00000001 00000000 00000001 00000000 00000000 00000000 00000000 00000000 00000000 00000000 00000000 00000000 00000000 00000000 00000000 00000000 00000000 00000000 00000000 c262cadf 00000001 87185fe6 00000000 00000000 00000000 00000000 00000000 00000100 00000080 00000000 00000000 00000000 00000000 00000000 00000000 00000000 00003333 00004ccd 00002667 00000001 00000000 01c9c380 0000027c
capture_snapshot GLI1 00010000 30000000 2500000 870 0 30000000 0 0 0 0 0 0 0 7cec3f48 00000000 871b699c 00000000 00d94388 00000000 00d94388 00000000 0000006a 00000000 00000000 00000000 0a2f2f6c 00000000 00d943f2 00000000 00000000 00000000 00000000 00000039 008b3199 00000001 00000000 00000001 00000000 00000000 00000000 00000000 00000000 00000000 00000000 00000000 00000000 00000000 00000000 00000000 00000000 00000000 00000000 00000000 c26ceb71 00000001 871b69b2 00000000 00000000 00000000 00000000 00000000 00000101 00000080 00000000 00000000 00000000 00000000 00000000 00000000 00000000 00003333 00004ccd 00002667 00000001 00000000 01c9c380 0000027c
capture_snapshot GLI1 00010000 30000000 2500000 871 0 30000000 0 0 0 0 0 0 0 7cec3f48 00000000 871e6d08 00000000 00d983d1 00000000 00d983d1 00000000 0000006a 00000000 00000000 00000000 0a3232d6 00000000 00d9843b 00000000 00000000 00000000 00000000 00000039 008b3199 00000001 00000000 00000001 00000000 00000000 00000000 00000000 00000000 00000000 00000000 00000000 00000000 00000000 00000000 00000000 00000000 00000000 00000000 00000000 c276f6bf 00000001 871e6d1c 00000000 00000000 00000000 00000000 00000000 00000101 00000080 00000000 00000000 00000000 00000000 00000000 00000000 00000000 00003333 00004ccd 00002667 00000001 00000000 01c9c380 0000027c
capture_snapshot GLI1 00010000 30000000 2500000 872 0 30000000 0 0 0 0 0 0 0 7cec3f48 00000000 872169d8 00000000 00d9c38d 00000000 00d9c38d 00000000 0000006a 00000000 00000000 00000000 0a352fa4 00000000 00d9c3f7 00000000 00000000 00000000 00000000 00000039 008b3199 00000001 00000000 00000001 00000000 00000000 00000000 00000000 00000000 00000000 00000000 00000000 00000000 00000000 00000000 00000000 00000000 00000000 00000000 00000000 c280ec05 00000001 872169ea 00000000 00000000 00000000 00000000 00000000 00000101 00000081 00000000 00000000 00000000 00000000 00000000 00000000 00000000 00003333 00004ccd 00002667 00000001 00000000 01c9c380 0000027c
capture_snapshot GLI1 00010000 30000000 2500000 873 0 30000000 0 0 0 0 0 0 0 7cec3f48 00000000 87246180 00000000 00da02db 00000000 00da02db 00000000 0000006a 00000000 00000000 00000000 0a38274d 00000000 00da0345 00000000 00000000 00000000 00000000 00000039 008b3199 00000001 00000000 00000001 00000000 00000000 00000000 00000000 00000000 00000000 00000000 00000000 00000000 00000000 00000000 00000000 00000000 00000000 00000000 00000000 c28ad025 00000001 87246193 00000000 00000000 00000000 00000000 00000000 00000101 00000080 00000000 00000000 00000000 00000000 00000000 00000000 00000000 00003333 00004ccd 00002667 00000001 00000000 01c9c380 0000027c
capture_snapshot GLI1 00010000 30000000 2500000 874 0 30000000 0 0 0 0 0 0 0 7cec3f48 00000000 87276408 00000000 00da4311 00000000 00da4311 00000000 0000006a 00000000 00000000 00000000 0a3b29d4 00000000 00da437b 00000000 00000000 00000000 00000000 00000039 008b3199 00000001 00000000 00000001 00000000 00000000 00000000 00000000 00000000 00000000 00000000 00000000 00000000 00000000 00000000 00000000 00000000 00000000 00000000 00000000 c294d87e 00000001 8727641a 00000000 00000000 00000000 00000000 00000000 00000101 00000080 00000000 00000000 00000000 00000000 00000000 00000000 00000000 00003333 00004ccd 00002667 00000001 00000000 01c9c380 0000027c
capture_snapshot GLI1 00010000 30000000 2500000 875 0 30000000 0 0 0 0 0 0 0 7cec3f48 00000000 872a6d2c 00000000 00da83d4 00000000 00da83d4 00000000 0000006a 00000000 00000000 00000000 0a3e32f9 00000000 00da843e 00000000 00000000 00000000 00000000 00000039 008b3199 00000001 00000000 00000001 00000000 00000000 00000000 00000000 00000000 00000000 00000000 00000000 00000000 00000000 00000000 00000000 00000000 00000000 00000000 00000000 c29ef6e8 00000001 872a6d3f 00000000 00000000 00000000 00000000 00000000 00000100 00000080 00000000 00000000 00000000 00000000 00000000 00000000 00000000 00003333 00004ccd 00002667 00000001 00000000 01c9c380 0000027c
capture_snapshot GLI1 00010000 30000000 2500000 876 0 30000000 0 0 0 0 0 0 0 7cec3f48 00000000 872d63cc 00000000 00dac30c 00000000 00dac30c 00000000 0000006a 00000000 00000000 00000000 0a412997 00000000 00dac376 00000000 00000000 00000000 00000000 00000039 008b3199 00000001 00000000 00000001 00000000 00000000 00000000 00000000 00000000 00000000 00000000 00000000 00000000 00000000 00000000 00000000 00000000 00000000 00000000 00000000 c2a8d78b 00000001 872d63dd 00000000 00000000 00000000 00000000 00000000 00000100 00000080 00000000 00000000 00000000 00000000 00000000 00000000 00000000 00003333 00004ccd 00002667 00000001 00000000 01c9c380 0000027c
capture_snapshot GLI1 00010000 30000000 2500000 877 0 30000000 0 0 0 0 0 0 0 7cec3f48 00000000 873061d4 00000000 00db02e2 00000000 00db02e2 00000000 0000006a 00000000 00000000 00000000 0a4427a5 00000000 00db034c 00000000 00000000 00000000 00000000 00000039 008b3199 00000001 00000000 00000001 00000000 00000000 00000000 00000000 00000000 00000000 00000000 00000000 00000000 00000000 00000000 00000000 00000000 00000000 00000000 00000000 c2b2d0fb 00000001 873061eb 00000000 00000000 00000000 00000000 00000000 00000100 00000080 00000000 00000000 00000000 00000000 00000000 00000000 00000000 00003333 00004ccd 00002667 00000001 00000000 01c9c380 0000027c
capture_snapshot GLI1 00010000 30000000 2500000 878 0 30000000 0 0 0 0 0 0 0 7cec3f48 00000000 8733612c 00000000 00db42d4 00000000 00db42d4 00000000 0000006a 00000000 00000000 00000000 0a4726f9 00000000 00db433e 00000000 00000000 00000000 00000000 00000039 008b3199 00000001 00000000 00000001 00000000 00000000 00000000 00000000 00000000 00000000 00000000 00000000 00000000 00000000 00000000 00000000 00000000 00000000 00000000 00000000 c2bcceac 00000001 8733613f 00000000 00000000 00000000 00000000 00000000 00000101 00000081 00000000 00000000 00000000 00000000 00000000 00000000 00000000 00003333 00004ccd 00002667 00000001 00000000 01c9c380 0000027c
capture_snapshot GLI1 00010000 30000000 2500000 879 0 30000000 0 0 0 0 0 0 0 7cec3f48 00000000 8736669c 00000000 00db8348 00000000 00db8348 00000000 0000006a 00000000 00000000 00000000 0a4a2c65 00000000 00db83b2 00000000 00000000 00000000 00000000 00000039 008b3199 00000001 00000000 00000001 00000000 00000000 00000000 00000000 00000000 00000000 00000000 00000000 00000000 00000000 00000000 00000000 00000000 00000000 00000000 00000000 c2c6e0aa 00000001 873666ab 00000000 00000000 00000000 00000000 00000000 00000101 00000080 00000000 00000000 00000000 00000000 00000000 00000000 00000000 00003333 00004ccd 00002667 00000001 00000000 01c9c380 0000027c
capture_snapshot GLI1 00010000 30000000 2500000 880 0 30000000 0 0 0 0 0 0 0 7cec3f48 00000000 87396384 00000000 00dbc306 00000000 00dbc306 00000000 0000006a 00000000 00000000 00000000 0a4d2952 00000000 00dbc370 00000000 00000000 00000000 00000000 00000039 008b3199 00000001 00000000 00000001 00000000 00000000 00000000 00000000 00000000 00000000 00000000 00000000 00000000 00000000 00000000 00000000 00000000 00000000 00000000 00000000 c2d0d659 00000001 87396398 00000000 00000000 00000000 00000000 00000000 00000101 00000081 00000000 00000000 00000000 00000000 00000000 00000000 00000000 00003333 00004ccd 00002667 00000001 00000000 01c9c380 0000027c
capture_snapshot GLI1 00010000 30000000 2500000 881 0 30000000 0 0 0 0 0 0 0 7cec3f48 00000000 873c6510 00000000 00dc0327 00000000 00dc0327 00000000 0000006a 00000000 00000000 00000000 0a502ae1 00000000 00dc0391 00000000 00000000 00000000 00000000 00000039 008b3199 00000001 00000000 00000001 00000000 00000000 00000000 00000000 00000000 00000000 00000000 00000000 00000000 00000000 00000000 00000000 00000000 00000000 00000000 00000000 c2dadb75 00000001 873c6527 00000000 00000000 00000000 00000000 00000000 00000100 00000080 00000000 00000000 00000000 00000000 00000000 00000000 00000000 00003333 00004ccd 00002667 00000001 00000000 01c9c380 0000027c
capture_snapshot GLI1 00010000 30000000 2500000 882 0 30000000 0 0 0 0 0 0 0 7cec3f48 00000000 873f687c 00000000 00dc4370 00000000 00dc4370 00000000 0000006a 00000000 00000000 00000000 0a532e45 00000000 00dc43da 00000000 00000000 00000000 00000000 00000039 008b3199 00000001 00000000 00000001 00000000 00000000 00000000 00000000 00000000 00000000 00000000 00000000 00000000 00000000 00000000 00000000 00000000 00000000 00000000 00000000 c2e4e6af 00000001 873f688b 00000000 00000000 00000000 00000000 00000000 00000100 00000080 00000000 00000000 00000000 00000000 00000000 00000000 00000000 00003333 00004ccd 00002667 00000001 00000000 01c9c380 0000027c
capture_snapshot GLI1 00010000 30000000 2500000 883 0 30000000 0 0 0 0 0 0 0 7cec3f48 00000000 87426ad4 00000000 00dc83a2 00000000 00dc83a2 00000000 0000006a 00000000 00000000 00000000 0a5630a2 00000000 00dc840c 00000000 00000000 00000000 00000000 00000039 008b3199 00000001 00000000 00000001 00000000 00000000 00000000 00000000 00000000 00000000 00000000 00000000 00000000 00000000 00000000 00000000 00000000 00000000 00000000 00000000 c2eeee7d 00000001 87426ae8 00000000 00000000 00000000 00000000 00000000 00000101 00000080 00000000 00000000 00000000 00000000 00000000 00000000 00000000 00003333 00004ccd 00002667 00000001 00000000 01c9c380 0000027c
capture_snapshot GLI1 00010000 30000000 2500000 884 0 30000000 0 0 0 0 0 0 0 7cec3f48 00000000 87457080 00000000 00dcc41b 00000000 00dcc41b 00000000 0000006a 00000000 00000000 00000000 0a593650 00000000 00dcc485 00000000 00000000 00000000 00000000 00000039 008b3199 00000001 00000000 00000001 00000000 00000000 00000000 00000000 00000000 00000000 00000000 00000000 00000000 00000000 00000000 00000000 00000000 00000000 00000000 00000000 c2f90157 00000001 87457096 00000000 00000000 00000000 00000000 00000000 00000100 00000080 00000000 00000000 00000000 00000000 00000000 00000000 00000000 00003333 00004ccd 00002667 00000001 00000000 01c9c380 0000027c
capture_snapshot GLI1 00010000 30000000 2500000 885 0 30000000 0 0 0 0 0 0 0 7cec3f48 00000000 87486d74 00000000 00dd03da 00000000 00dd03da 00000000 0000006a 00000000 00000000 00000000 0a5c333f 00000000 00dd0444 00000000 00000000 00000000 00000000 00000039 008b3199 00000001 00000000 00000001 00000000 00000000 00000000 00000000 00000000 00000000 00000000 00000000 00000000 00000000 00000000 00000000 00000000 00000000 00000000 00000000 c302f70d 00000001 87486d85 00000000 00000000 00000000 00000000 00000000 00000101 00000080 00000000 00000000 00000000 00000000 00000000 00000000 00000000 00003333 00004ccd 00002667 00000001 00000000 01c9c380 0000027c
capture_snapshot GLI1 00010000 30000000 2500000 886 0 30000000 0 0 0 0 0 0 0 7cec3f48 00000000 874b64ec 00000000 00dd4324 00000000 00dd4324 00000000 0000006a 00000000 00000000 00000000 0a5f2aba 00000000 00dd438e 00000000 00000000 00000000 00000000 00000039 008b3199 00000001 00000000 00000001 00000000 00000000 00000000 00000000 00000000 00000000 00000000 00000000 00000000 00000000 00000000 00000000 00000000 00000000 00000000 00000000 c30cda93 00000001 874b6500 00000000 00000000 00000000 00000000 00000000 00000101 00000081 00000000 00000000 00000000 00000000 00000000 00000000 00000000 00003333 00004ccd 00002667 00000001 00000000 01c9c380 0000027c
capture_snapshot GLI1 00010000 30000000 2500000 887 0 30000000 0 0 0 0 0 0 0 7cec3f48 00000000 874e61ec 00000000 00dd82e4 00000000 00dd82e4 00000000 0000006a 00000000 00000000 00000000 0a6227b4 00000000 00dd834e 00000000 00000000 00000000 00000000 00000039 008b3199 00000001 00000000 00000001 00000000 00000000 00000000 00000000 00000000 00000000 00000000 00000000 00000000 00000000 00000000 00000000 00000000 00000000 00000000 00000000 c316d06d 00000001 874e61fa 00000000 00000000 00000000 00000000 00000000 00000100 00000080 00000000 00000000 00000000 00000000 00000000 00000000 00000000 00003333 00004ccd 00002667 00000001 00000000 01c9c380 0000027c
capture_snapshot GLI1 00010000 30000000 2500000 888 0 30000000 0 0 0 0 0 0 0 7cec3f48 00000000 87516210 00000000 00ddc2e7 00000000 00ddc2e7 00000000 0000006a 00000000 00000000 00000000 0a6527e1 00000000 00ddc351 00000000 00000000 00000000 00000000 00000039 008b3199 00000001 00000000 00000001 00000000 00000000 00000000 00000000 00000000 00000000 00000000 00000000 00000000 00000000 00000000 00000000 00000000 00000000 00000000 00000000 c320d0ed 00000001 87516227 00000000 00000000 00000000 00000000 00000000 00000100 00000080 00000000 00000000 00000000 00000000 00000000 00000000 00000000 00003333 00004ccd 00002667 00000001 00000000 01c9c380 0000027c
capture_snapshot GLI1 00010000 30000000 2500000 889 0 30000000 0 0 0 0 0 0 0 7cec3f48 00000000 87546210 00000000 00de02e7 00000000 00de02e7 00000000 0000006a 00000000 00000000 00000000 0a6827d9 00000000 00de0351 00000000 00000000 00000000 00000000 00000039 008b3199 00000001 00000000 00000001 00000000 00000000 00000000 00000000 00000000 00000000 00000000 00000000 00000000 00000000 00000000 00000000 00000000 00000000 00000000 00000000 c32ad0c1 00000001 8754621f 00000000 00000000 00000000 00000000 00000000 00000100 00000081 00000000 00000000 00000000 00000000 00000000 00000000 00000000 00003333 00004ccd 00002667 00000001 00000000 01c9c380 0000027c
capture_snapshot GLI1 00010000 30000000 2500000 890 0 30000000 0 0 0 0 0 0 0 7cec3f48 00000000 87576408 00000000 00de4311 00000000 00de4311 00000000 0000006a 00000000 00000000 00000000 0a6b29d9 00000000 00de437b 00000000 00000000 00000000 00000000 00000039 008b3199 00000001 00000000 00000001 00000000 00000000 00000000 00000000 00000000 00000000 00000000 00000000 00000000 00000000 00000000 00000000 00000000 00000000 00000000 00000000 c334d758 00000001 8757641f 00000000 00000000 00000000 00000000 00000000 00000100 00000081 00000000 00000000 00000000 00000000 00000000 00000000 00000000 00003333 00004ccd 00002667 00000001 00000000 01c9c380 0000027c
capture_snapshot GLI1 00010000 30000000 2500000 891 0 30000000 0 0 0 0 0 0 0 7cec3f48 00000000 875a6174 00000000 00de82da 00000000 00de82da 00000000 0000006a 00000000 00000000 00000000 0a6e2746 00000000 00de8344 00000000 00000000 00000000 00000000 00000039 008b3199 00000001 00000000 00000001 00000000 00000000 00000000 00000000 00000000 00000000 00000000 00000000 00000000 00000000 00000000 00000000 00000000 00000000 00000000 00000000 c33eceb0 00000001 875a618c 00000000 00000000 00000000 00000000 00000000 00000100 00000080 00000000 00000000 00000000 00000000 00000000 00000000 00000000 00003333 00004ccd 00002667 00000001 00000000 01c9c380 0000027c
capture_snapshot GLI1 00010000 30000000 2500000 892 0 30000000 0 0 0 0 0 0 0 7cec3f48 00000000 875d67d4 00000000 00dec362 00000000 00dec362 00000000 0000006a 00000000 00000000 00000000 0a712d9d 00000000 00dec3cc 00000000 00000000 00000000 00000000 00000039 008b3199 00000001 00000000 00000001 00000000 00000000 00000000 00000000 00000000 00000000 00000000 00000000 00000000 00000000 00000000 00000000 00000000 00000000 00000000 00000000 c348e3be 00000001 875d67e3 00000000 00000000 00000000 00000000 00000000 00000101 00000081 00000000 00000000 00000000 00000000 00000000 00000000 00000000 00003333 00004ccd 00002667 00000001 00000000 01c9c380 0000027c
capture_snapshot GLI1 00010000 30000000 2500000 893 0 30000000 0 0 0 0 0 0 0 7cec3f48 00000000 87607230 00000000 00df043f 00000000 00df043f 00000000 0000006a 00000000 00000000 00000000 0a7437fc 00000000 00df04a9 00000000 00000000 00000000 00000000 00000039 008b3199 00000001 00000000 00000001 00000000 00000000 00000000 00000000 00000000 00000000 00000000 00000000 00000000 00000000 00000000 00000000 00000000 00000000 00000000 00000000 c353063c 00000001 87607242 00000000 00000000 00000000 00000000 00000000 00000101 00000081 00000000 00000000 00000000 00000000 00000000 00000000 00000000 00003333 00004ccd 00002667 00000001 00000000 01c9c380 0000027c
capture_snapshot GLI1 00010000 30000000 2500000 894 0 30000000 0 0 0 0 0 0 0 7cec3f48 00000000 87636dd4 00000000 00df43e2 00000000 00df43e2 00000000 0000006a 00000000 00000000 00000000 0a7733a4 00000000 00df444c 00000000 00000000 00000000 00000000 00000039 008b3199 00000001 00000000 00000001 00000000 00000000 00000000 00000000 00000000 00000000 00000000 00000000 00000000 00000000 00000000 00000000 00000000 00000000 00000000 00000000 c35cf7af 00000001 87636dea 00000000 00000000 00000000 00000000 00000000 00000100 00000080 00000000 00000000 00000000 00000000 00000000 00000000 00000000 00003333 00004ccd 00002667 00000001 00000000 01c9c380 0000027c
capture_snapshot GLI1 00010000 30000000 2500000 895 0 30000000 0 0 0 0 0 0 0 7cec3f48 00000000 87666324 00000000 00df82fe 00000000 00df82fe 00000000 0000006a 00000000 00000000 00000000 0a7a28f7 00000000 00df8368 00000000 00000000 00000000 00000000 00000039 008b3199 00000001 00000000 00000001 00000000 00000000 00000000 00000000 00000000 00000000 00000000 00000000 00000000 00000000 00000000 00000000 00000000 00000000 00000000 00000000 c366d404 00000001 8766633d 00000000 00000000 00000000 00000000 00000000 00000101 00000081 00000000 00000000 00000000 00000000 00000000 00000000 00000000 00003333 00004ccd 00002667 00000001 00000000 01c9c380 0000027c
capture_snapshot GLI1 00010000 30000000 2500000 896 0 30000000 0 0 0 0 0 0 0 7cec3f48 00000000 876961f8 00000000 00dfc2e5 00000000 00dfc2e5 00000000 0000006a 00000000 00000000 00000000 0a7d27cb 00000000 00dfc34f 00000000 00000000 00000000 00000000 00000039 008b3199 00000001 00000000 00000001 00000000 00000000 00000000 00000000 00000000 00000000 00000000 00000000 00000000 00000000 00000000 00000000 00000000 00000000 00000000 00000000 c370d00a 00000001 87696211 00000000 00000000 00000000 00000000 00000000 00000100 00000080 00000000 00000000 00000000 00000000 00000000 00000000 00000000 00003333 00004ccd 00002667 00000001 00000000 01c9c380 0000027c
capture_snapshot GLI1 00010000 30000000 2500000 897 0 30000000 0 0 0 0 0 0 0 7cec3f48 00000000 876c6270 00000000 00e002ef 00000000 00e002ef 00000000 0000006a 00000000 00000000 00000000 0a80283e 00000000 00e00359 00000000 00000000 00000000 00000000 00000039 008b3199 00000001 00000000 00000001 00000000 00000000 00000000 00000000 00000000 00000000 00000000 00000000 00000000 00000000 00000000 00000000 00000000 00000000 00000000 00000000 c37ad174 00000001 876c6284 00000000 00000000 00000000 00000000 00000000 00000101 00000080 00000000 00000000 00000000 00000000 00000000 00000000 00000000 00003333 00004ccd 00002667 00000001 00000000 01c9c380 0000027c
capture_snapshot GLI1 00010000 30000000 2500000 898 0 30000000 0 0 0 0 0 0 0 7cec3f48 00000000 876f64a4 00000000 00e0431e 00000000 00e0431e 00000000 0000006a 00000000 00000000 00000000 0a832a72 00000000 00e04388 00000000 00000000 00000000 00000000 00000039 008b3199 00000001 00000000 00000001 00000000 00000000 00000000 00000000 00000000 00000000 00000000 00000000 00000000 00000000 00000000 00000000 00000000 00000000 00000000 00000000 c384d8b9 00000001 876f64b8 00000000 00000000 00000000 00000000 00000000 00000101 00000081 00000000 00000000 00000000 00000000 00000000 00000000 00000000 00003333 00004ccd 00002667 00000001 00000000 01c9c380 0000027c
capture_snapshot GLI1 00010000 30000000 2500000 899 0 30000000 0 0 0 0 0 0 0 7cec3f48 00000000 8772633c 00000000 00e08300 00000000 00e08300 00000000 0000006a 00000000 00000000 00000000 0a862910 00000000 00e0836a 00000000 00000000 00000000 00000000 00000039 008b3199 00000001 00000000 00000001 00000000 00000000 00000000 00000000 00000000 00000000 00000000 00000000 00000000 00000000 00000000 00000000 00000000 00000000 00000000 00000000 c38ed409 00000001 87726356 00000000 00000000 00000000 00000000 00000000 00000101 00000080 00000000 00000000 00000000 00000000 00000000 00000000 00000000 00003333 00004ccd 00002667 00000001 00000000 01c9c380 0000027c
capture_snapshot GLI1 00010000 30000000 2500000 900 0 30000000 0 0 0 0 0 0 0 7cec3f48 00000000 87756600 00000000 00e0c33b 00000000 00e0c33b 00000000 0000006a 00000000 00000000 00000000 0a892bd0 00000000 00e0c3a5 00000000 00000000 00000000 00000000 00000039 008b3199 00000001 00000000 00000001 00000000 00000000 00000000 00000000 00000000 00000000 00000000 00000000 00000000 00000000 00000000 00000000 00000000 00000000 00000000 00000000 c398dd20 00000001 87756616 00000000 00000000 00000000 00000000 00000000 00000101 00000080 00000000 00000000 00000000 00000000 00000000 00000000 00000000 00003333 00004ccd 00002667 00000001 00000000 01c9c380 0000027c
capture_snapshot GLI1 00010000 30000000 2500000 901 0 30000000 0 0 0 0 0 0 0 7cec3f48 00000000 877862b8 00000000 00e102f5 00000000 00e102f5 00000000 0000006a 00000000 00000000 00000000 0a8c2883 00000000 00e1035f 00000000 00000000 00000000 00000000 00000039 008b3199 00000001 00000000 00000001 00000000 00000000 00000000 00000000 00000000 00000000 00000000 00000000 00000000 00000000 00000000 00000000 00000000 00000000 00000000 00000000 c3a2d20d 00000001 877862c9 00000000 00000000 00000000 00000000 00000000 00000101 00000081 00000000 00000000 00000000 00000000 00000000 00000000 00000000 00003333 00004ccd 00002667 00000001 00000000 01c9c380 0000027c
capture_snapshot GLI1 00010000 30000000 2500000 902 0 30000000 0 0 0 0 0 0 0 7cec3f48 00000000 877b6b28 00000000 00e143a9 00000000 00e143a9 00000000 0000006a 00000000 00000000 00000000 0a8f30f1 00000000 00e14413 00000000 00000000 00000000 00000000 00000039 008b3199 00000001 00000000 00000001 00000000 00000000 00000000 00000000 00000000 00000000 00000000 00000000 00000000 00000000 00000000 00000000 00000000 00000000 00000000 00000000 c3acee11 00000001 877b6b37 00000000 00000000 00000000 00000000 00000000 00000100 00000080 00000000 00000000 00000000 00000000 00000000 00000000 00000000 00003333 00004ccd 00002667 00000001 00000000 01c9c380 0000027c
capture_snapshot GLI1 00010000 30000000 2500000 903 0 30000000 0 0 0 0 0 0 0 7cec3f48 00000000 877e6f30 00000000 00e183ff 00000000 00e183ff 00000000 0000006a 00000000 00000000 00000000 0a923500 00000000 00e18469 00000000 00000000 00000000 00000000 00000039 008b3199 00000001 00000000 00000001 00000000 00000000 00000000 00000000 00000000 00000000 00000000 00000000 00000000 00000000 00000000 00000000 00000000 00000000 00000000 00000000 c3b6fb85 00000001 877e6f46 00000000 00000000 00000000 00000000 00000000 00000101 00000080 00000000 00000000 00000000 00000000 00000000 00000000 00000000 00003333 00004ccd 00002667 00000001 00000000 01c9c380 0000027c
capture_snapshot GLI1 00010000 30000000 2500000 904 0 30000000 0 0 0 0 0 0 0 7cec3f48 00000000 87817ce0 00000000 00e1c523 00000000 00e1c523 00000000 0000006a 00000000 00000000 00000000 0a9542a9 00000000 00e1c58d 00000000 00000000 00000000 00000000 00000039 008b3199 00000001 00000000 00000001 00000000 00000000 00000000 00000000 00000000 00000000 00000000 00000000 00000000 00000000 00000000 00000000 00000000 00000000 00000000 00000000 c3c128fa 00000001 87817cef 00000000 00000000 00000000 00000000 00000000 00000101 00000080 00000000 00000000 00000000 00000000 00000000 00000000 00000000 00003333 00004ccd 00002667 00000001 00000000 01c9c380 0000027c
capture_snapshot GLI1 00010000 30000000 2500000 905 0 30000000 0 0 0 0 0 0 0 7cec3f48 00000000 87846270 00000000 00e202ef 00000000 00e202ef 00000000 0000006a 00000000 00000000 00000000 0a98283e 00000000 00e20359 00000000 00000000 00000000 00000000 00000039 008b3199 00000001 00000000 00000001 00000000 00000000 00000000 00000000 00000000 00000000 00000000 00000000 00000000 00000000 00000000 00000000 00000000 00000000 00000000 00000000 c3cad0d9 00000001 87846284 00000000 00000000 00000000 00000000 00000000 00000101 00000081 00000000 00000000 00000000 00000000 00000000 00000000 00000000 00003333 00004ccd 00002667 00000001 00000000 01c9c380 0000027c
capture_snapshot GLI1 00010000 30000000 2500000 906 0 30000000 0 0 0 0 0 0 0 7cec3f48 00000000 878761b0 00000000 00e242df 00000000 00e242df 00000000 0000006a 00000000 00000000 00000000 0a9b277f 00000000 00e24349 00000000 00000000 00000000 00000000 00000039 008b3199 00000001 00000000 00000001 00000000 00000000 00000000 00000000 00000000 00000000 00000000 00000000 00000000 00000000 00000000 00000000 00000000 00000000 00000000 00000000 c3d4ce47 00000001 878761c5 00000000 00000000 00000000 00000000 00000000 00000100 00000080 00000000 00000000 00000000 00000000 00000000 00000000 00000000 00003333 00004ccd 00002667 00000001 00000000 01c9c380 0000027c
capture_snapshot GLI1 00010000 30000000 2500000 907 0 30000000 0 0 0 0 0 0 0 7cec3f48 00000000 878a6294 00000000 00e282f2 00000000 00e282f2 00000000 0000006a 00000000 00000000 00000000 0a9e2863 00000000 00e2835c 00000000 00000000 00000000 00000000 00000039 008b3199 00000001 00000000 00000001 00000000 00000000 00000000 00000000 00000000 00000000 00000000 00000000 00000000 00000000 00000000 00000000 00000000 00000000 00000000 00000000 c3ded12e 00000001 878a62a9 00000000 00000000 00000000 00000000 00000000 00000100 00000080 00000000 00000000 00000000 00000000 00000000 00000000 00000000 00003333 00004ccd 00002667 00000001 00000000 01c9c380 0000027c
capture_snapshot GLI1 00010000 30000000 2500000 908 0 30000000 0 0 0 0 0 0 0 7cec3f48 00000000 878d62f4 00000000 00e2c2fa 00000000 00e2c2fa 00000000 0000006a 00000000 00000000 00000000 0aa128c7 00000000 00e2c364 00000000 00000000 00000000 00000000 00000039 008b3199 00000001 00000000 00000001 00000000 00000000 00000000 00000000 00000000 00000000 00000000 00000000 00000000 00000000 00000000 00000000 00000000 00000000 00000000 00000000 c3e8d268 00000001 878d630d 00000000 00000000 00000000 00000000 00000000 00000100 00000080 00000000 00000000 00000000 00000000 00000000 00000000 00000000 00003333 00004ccd 00002667 00000001 00000000 01c9c380 0000027c
capture_snapshot GLI1 00010000 30000000 2500000 909 0 30000000 0 0 0 0 0 0 0 7cec3f48 00000000 879062ac 00000000 00e302f4 00000000 00e302f4 00000000 0000006a 00000000 00000000 00000000 0aa42879 00000000 00e3035e 00000000 00000000 00000000 00000000 00000039 008b3199 00000001 00000000 00000001 00000000 00000000 00000000 00000000 00000000 00000000 00000000 00000000 00000000 00000000 00000000 00000000 00000000 00000000 00000000 00000000 c3f2d14f 00000001 879062bf 00000000 00000000 00000000 00000000 00000000 00000101 00000081 00000000 00000000 00000000 00000000 00000000 00000000 00000000 00003333 00004ccd 00002667 00000001 00000000 01c9c380 0000027c
capture_snapshot GLI1 00010000 30000000 2500000 910 0 30000000 0 0 0 0 0 0 0 7cec3f48 00000000 87936210 00000000 00e342e7 00000000 00e342e7 00000000 0000006a 00000000 00000000 00000000 0aa727d9 00000000 00e34351 00000000 00000000 00000000 00000000 00000039 008b3199 00000001 00000000 00000001 00000000 00000000 00000000 00000000 00000000 00000000 00000000 00000000 00000000 00000000 00000000 00000000 00000000 00000000 00000000 00000000 c3fccf28 00000001 8793621f 00000000 00000000 00000000 00000000 00000000 00000100 00000080 00000000 00000000 00000000 00000000 00000000 00000000 00000000 00003333 00004ccd 00002667 00000001 00000000 01c9c380 0000027c
capture_snapshot GLI1 00010000 30000000 2500000 911 0 30000000 0 0 0 0 0 0 0 7cec3f48 00000000 8796618c 00000000 00e382dc 00000000 00e382dc 00000000 0000006a 00000000 00000000 00000000 0aaa2758 00000000 00e38346 00000000 00000000 00000000 00000000 00000039 008b3199 00000001 00000000 00000001 00000000 00000000 00000000 00000000 00000000 00000000 00000000 00000000 00000000 00000000 00000000 00000000 00000000 00000000 00000000 00000000 c406cd63 00000001 8796619e 00000000 00000000 00000000 00000000 00000000 00000100 00000080 00000000 00000000 00000000 00000000 00000000 00000000 00000000 00003333 00004ccd 00002667 00000001 00000000 01c9c380 0000027c
capture_snapshot GLI1 00010000 30000000 2500000 912 0 30000000 0 0 0 0 0 0 0 7cec3f48 00000000 87996f00 00000000 00e3c3fb 00000000 00e3c3fb 00000000 0000006a 00000000 00000000 00000000 0aad34ca 00000000 00e3c465 00000000 00000000 00000000 00000000 00000039 008b3199 00000001 00000000 00000001 00000000 00000000 00000000 00000000 00000000 00000000 00000000 00000000 00000000 00000000 00000000 00000000 00000000 00000000 00000000 00000000 c410fa24 00000001 87996f10 00000000 00000000 00000000 00000000 00000000 00000100 00000080 00000000 00000000 00000000 00000000 00000000 00000000 00000000 00003333 00004ccd 00002667 00000001 00000000 01c9c380 0000027c
capture_snapshot GLI1 00010000 30000000 2500000 913 0 30000000 0 0 0 0 0 0 0 7cec3f48 00000000 879c6c60 00000000 00e403c3 00000000 00e403c3 00000000 0000006a 00000000 00000000 00000000 0ab0322e 00000000 00e4042d 00000000 00000000 00000000 00000000 00000039 008b3199 00000001 00000000 00000001 00000000 00000000 00000000 00000000 00000000 00000000 00000000 00000000 00000000 00000000 00000000 00000000 00000000 00000000 00000000 00000000 c41af15d 00000001 879c6c74 00000000 00000000 00000000 00000000 00000000 00000101 00000081 00000000 00000000 00000000 00000000 00000000 00000000 00000000 00003333 00004ccd 00002667 00000001 00000000 01c9c380 0000027c
capture_snapshot GLI1 00010000 30000000 2500000 914 0 30000000 0 0 0 0 0 0 0 7cec3f48 00000000 879f6f3c 00000000 00e44400 00000000 00e44400 00000000 0000006a 00000000 00000000 00000000 0ab3350e 00000000 00e4446a 00000000 00000000 00000000 00000000 00000039 008b3199 00000001 00000000 00000001 00000000 00000000 00000000 00000000 00000000 00000000 00000000 00000000 00000000 00000000 00000000 00000000 00000000 00000000 00000000 00000000 c424fade 00000001 879f6f54 00000000 00000000 00000000 00000000 00000000 00000101 00000081 00000000 00000000 00000000 00000000 00000000 00000000 00000000 00003333 00004ccd 00002667 00000001 00000000 01c9c380 0000027c
capture_snapshot GLI1 00010000 30000000 2500000 915 0 30000000 0 0 0 0 0 0 0 7cec3f48 00000000 87a26168 00000000 00e482d9 00000000 00e482d9 00000000 0000006a 00000000 00000000 00000000 0ab62738 00000000 00e48343 00000000 00000000 00000000 00000000 00000039 008b3199 00000001 00000000 00000001 00000000 00000000 00000000 00000000 00000000 00000000 00000000 00000000 00000000 00000000 00000000 00000000 00000000 00000000 00000000 00000000 c42eccad 00000001 87a2617e 00000000 00000000 00000000 00000000 00000000 00000100 00000080 00000000 00000000 00000000 00000000 00000000 00000000 00000000 00003333 00004ccd 00002667 00000001 00000000 01c9c380 0000027c
capture_snapshot GLI1 00010000 30000000 2500000 916 0 30000000 0 0 0 0 0 0 0 7cec3f48 00000000 87a56264 00000000 00e4c2ee 00000000 00e4c2ee 00000000 0000006a 00000000 00000000 00000000 0ab92837 00000000 00e4c358 00000000 00000000 00000000 00000000 00000039 008b3199 00000001 00000000 00000001 00000000 00000000 00000000 00000000 00000000 00000000 00000000 00000000 00000000 00000000 00000000 00000000 00000000 00000000 00000000 00000000 c438cfeb 00000001 87a5627d 00000000 00000000 00000000 00000000 00000000 00000101 00000081 00000000 00000000 00000000 00000000 00000000 00000000 00000000 00003333 00004ccd 00002667 00000001 00000000 01c9c380 0000027c
capture_snapshot GLI1 00010000 30000000 2500000 917 0 30000000 0 0 0 0 0 0 0 7cec3f48 00000000 87a86684 00000000 00e50346 00000000 00e50346 00000000 0000006a 00000000 00000000 00000000 0abc2c55 00000000 00e503b0 00000000 00000000 00000000 00000000 00000039 008b3199 00000001 00000000 00000001 00000000 00000000 00000000 00000000 00000000 00000000 00000000 00000000 00000000 00000000 00000000 00000000 00000000 00000000 00000000 00000000 c442dd91 00000001 87a8669b 00000000 00000000 00000000 00000000 00000000 00000101 00000081 00000000 00000000 00000000 00000000 00000000 00000000 00000000 00003333 00004ccd 00002667 00000001 00000000 01c9c380 0000027c
capture_snapshot GLI1 00010000 30000000 2500000 918 0 30000000 0 0 0 0 0 0 0 7cec3f48 00000000 87ab6258 00000000 00e542ed 00000000 00e542ed 00000000 0000006a 00000000 00000000 00000000 0abf2826 00000000 00e54357 00000000 00000000 00000000 00000000 00000039 008b3199 00000001 00000000 00000001 00000000 00000000 00000000 00000000 00000000 00000000 00000000 00000000 00000000 00000000 00000000 00000000 00000000 00000000 00000000 00000000 c44ccf8c 00000001 87ab626c 00000000 00000000 00000000 00000000 00000000 00000100 00000080 00000000 00000000 00000000 00000000 00000000 00000000 00000000 00003333 00004ccd 00002667 00000001 00000000 01c9c380 0000027c
capture_snapshot GLI1 00010000 30000000 2500000 919 0 30000000 0 0 0 0 0 0 0 7cec3f48 00000000 87ae65a0 00000000 00e58333 00000000 00e58333 00000000 0000006a 00000000 00000000 00000000 0ac22b70 00000000 00e5839d 00000000 00000000 00000000 00000000 00000039 008b3199 00000001 00000000 00000001 00000000 00000000 00000000 00000000 00000000 00000000 00000000 00000000 00000000 00000000 00000000 00000000 00000000 00000000 00000000 00000000 c456da6f 00000001 87ae65b6 00000000 00000000 00000000 00000000 00000000 00000100 00000080 00000000 00000000 00000000 00000000 00000000 00000000 00000000 00003333 00004ccd 00002667 00000001 00000000 01c9c380 0000027c
capture_snapshot GLI1 00010000 30000000 2500000 920 0 30000000 0 0 0 0 0 0 0 7cec3f48 00000000 87b1615c 00000000 00e5c2d8 00000000 00e5c2d8 00000000 0000006a 00000000 00000000 00000000 0ac5272c 00000000 00e5c342 00000000 00000000 00000000 00000000 00000039 008b3199 00000001 00000000 00000001 00000000 00000000 00000000 00000000 00000000 00000000 00000000 00000000 00000000 00000000 00000000 00000000 00000000 00000000 00000000 00000000 c460cc22 00000001 87b16172 00000000 00000000 00000000 00000000 00000000 00000101 00000080 00000000 00000000 00000000 00000000 00000000 00000000 00000000 00003333 00004ccd 00002667 00000001 00000000 01c9c380 0000027c
capture_snapshot GLI1 00010000 30000000 2500000 921 0 30000000 0 0 0 0 0 0 0 7cec3f48 00000000 87b464d4 00000000 00e60322 00000000 00e60322 00000000 0000006a 00000000 00000000 00000000 0ac82a9d 00000000 00e6038c 00000000 00000000 00000000 00000000 00000039 008b3199 00000001 00000000 00000001 00000000 00000000 00000000 00000000 00000000 00000000 00000000 00000000 00000000 00000000 00000000 00000000 00000000 00000000 00000000 00000000 c46ad786 00000001 87b464e3 00000000 00000000 00000000 00000000 00000000 00000100 00000080 00000000 00000000 00000000 00000000 00000000 00000000 00000000 00003333 00004ccd 00002667 00000001 00000000 01c9c380 0000027c
capture_snapshot GLI1 00010000 30000000 2500000 922 0 30000000 0 0 0 0 0 0 0 7cec3f48 00000000 87b76f3c 00000000 00e64400 00000000 00e64400 00000000 0000006a 00000000 00000000 00000000 0acb3509 00000000 00e6446a 00000000 00000000 00000000 00000000 00000039 008b3199 00000001 00000000 00000001 00000000 00000000 00000000 00000000 00000000 00000000 00000000 00000000 00000000 00000000 00000000 00000000 00000000 00000000 00000000 00000000 c474fa30 00000001 87b76f4f 00000000 00000000 00000000 00000000 00000000 00000100 00000080 00000000 00000000 00000000 00000000 00000000 00000000 00000000 00003333 00004ccd 00002667 00000001 00000000 01c9c380 0000027c
capture_snapshot GLI1 00010000 30000000 2500000 923 0 30000000 0 0 0 0 0 0 0 7cec3f48 00000000 87ba6d50 00000000 00e683d7 00000000 00e683d7 00000000 0000006a 00000000 00000000 00000000 0ace331a 00000000 00e68441 00000000 00000000 00000000 00000000 00000039 008b3199 00000001 00000000 00000001 00000000 00000000 00000000 00000000 00000000 00000000 00000000 00000000 00000000 00000000 00000000 00000000 00000000 00000000 00000000 00000000 c47ef3ac 00000001 87ba6d60 00000000 00000000 00000000 00000000 00000000 00000101 00000081 00000000 00000000 00000000 00000000 00000000 00000000 00000000 00003333 00004ccd 00002667 00000001 00000000 01c9c380 0000027c
capture_snapshot GLI1 00010000 30000000 2500000 924 0 30000000 0 0 0 0 0 0 0 7cec3f48 00000000 87bd6090 00000000 00e6c2c7 00000000 00e6c2c7 00000000 0000006a 00000000 00000000 00000000 0ad12659 00000000 00e6c331 00000000 00000000 00000000 00000000 00000039 008b3199 00000001 00000000 00000001 00000000 00000000 00000000 00000000 00000000 00000000 00000000 00000000 00000000 00000000 00000000 00000000 00000000 00000000 00000000 00000000 c488c917 00000001 87bd609f 00000000 00000000 00000000 00000000 00000000 00000100 00000080 00000000 00000000 00000000 00000000 00000000 00000000 00000000 00003333 00004ccd 00002667 00000001 00000000 01c9c380 0000027c
capture_snapshot GLI1 00010000 30000000 2500000 925 0 30000000 0 0 0 0 0 0 0 7cec3f48 00000000 87c06198 00000000 00e702dd 00000000 00e702dd 00000000 0000006a 00000000 00000000 00000000 0ad42769 00000000 00e70347 00000000 00000000 00000000 00000000 00000039 008b3199 00000001 00000000 00000001 00000000 00000000 00000000 00000000 00000000 00000000 00000000 00000000 00000000 00000000 00000000 00000000 00000000 00000000 00000000 00000000 c492cc8b 00000001 87c061af 00000000 00000000 00000000 00000000 00000000 00000100 00000080 00000000 00000000 00000000 00000000 00000000 00000000 00000000 00003333 00004ccd 00002667 00000001 00000000 01c9c380 0000027c
capture_snapshot GLI1 00010000 30000000 2500000 926 0 30000000 0 0 0 0 0 0 0 7cec3f48 00000000 87c3624c 00000000 00e742ec 00000000 00e742ec 00000000 0000006a 00000000 00000000 00000000 0ad72815 00000000 00e74356 00000000 00000000 00000000 00000000 00000039 008b3199 00000001 00000000 00000001 00000000 00000000 00000000 00000000 00000000 00000000 00000000 00000000 00000000 00000000 00000000 00000000 00000000 00000000 00000000 00000000 c49cceb7 00000001 87c3625b 00000000 00000000 00000000 00000000 00000000 00000100 00000081 00000000 00000000 00000000 00000000 00000000 00000000 00000000 00003333 00004ccd 00002667 00000001 00000000 01c9c380 0000027c
capture_snapshot GLI1 00010000 30000000 2500000 927 0 30000000 0 0 0 0 0 0 0 7cec3f48 00000000 87c66204 00000000 00e782e6 00000000 00e782e6 00000000 0000006a 00000000 00000000 00000000 0ada27d4 00000000 00e78350 00000000 00000000 00000000 00000000 00000039 008b3199 00000001 00000000 00000001 00000000 00000000 00000000 00000000 00000000 00000000 00000000 00000000 00000000 00000000 00000000 00000000 00000000 00000000 00000000 00000000 c4a6cdc9 00000001 87c6621a 00000000 00000000 00000000 00000000 00000000 00000101 00000080 00000000 00000000 00000000 00000000 00000000 00000000 00000000 00003333 00004ccd 00002667 00000001 00000000 01c9c380 0000027c
capture_snapshot GLI1 00010000 30000000 2500000 928 0 30000000 0 0 0 0 0 0 0 7cec3f48 00000000 87c9648c 00000000 00e7c31c 00000000 00e7c31c 00000000 0000006a 00000000 00000000 00000000 0add2a56 00000000 00e7c386 00000000 00000000 00000000 00000000 00000039 008b3199 00000001 00000000 00000001 00000000 00000000 00000000 00000000 00000000 00000000 00000000 00000000 00000000 00000000 00000000 00000000 00000000 00000000 00000000 00000000 c4b0d613 00000001 87c9649c 00000000 00000000 00000000 00000000 00000000 00000101 00000081 00000000 00000000 00000000 00000000 00000000 00000000 00000000 00003333 00004ccd 00002667 00000001 00000000 01c9c380 0000027c
capture_snapshot GLI1 00010000 30000000 2500000 929 0 30000000 0 0 0 0 0 0 0 7cec3f48 00000000 87cc61e0 00000000 00e802e3 00000000 00e802e3 00000000 0000006a 00000000 00000000 00000000 0ae027b4 00000000 00e8034d 00000000 00000000 00000000 00000000 00000039 008b3199 00000001 00000000 00000001 00000000 00000000 00000000 00000000 00000000 00000000 00000000 00000000 00000000 00000000 00000000 00000000 00000000 00000000 00000000 00000000 c4bacd38 00000001 87cc61fa 00000000 00000000 00000000 00000000 00000000 00000101 00000081 00000000 00000000 00000000 00000000 00000000 00000000 00000000 00003333 00004ccd 00002667 00000001 00000000 01c9c380 0000027c
capture_snapshot GLI1 00010000 30000000 2500000 930 0 30000000 0 0 0 0 0 0 0 7cec3f48 00000000 87cf60e4 00000000 00e842ce 00000000 00e842ce 00000000 0000006a 00000000 00000000 00000000 0ae326b1 00000000 00e84338 00000000 00000000 00000000 00000000 00000039 008b3199 00000001 00000000 00000001 00000000 00000000 00000000 00000000 00000000 00000000 00000000 00000000 00000000 00000000 00000000 00000000 00000000 00000000 00000000 00000000 c4c4c9c4 00000001 87cf60f7 00000000 00000000 00000000 00000000 00000000 00000100 00000080 00000000 00000000 00000000 00000000 00000000 00000000 00000000 00003333 00004ccd 00002667 00000001 00000000 01c9c380 0000027c
capture_snapshot GLI1 00010000 30000000 2500000 931 0 30000000 0 0 0 0 0 0 0 7cec3f48 00000000 87d267d4 00000000 00e88362 00000000 00e88362 00000000 0000006a 00000000 00000000 00000000 0ae62da5 00000000 00e883cc 00000000 00000000 00000000 00000000 00000039 008b3199 00000001 00000000 00000001 00000000 00000000 00000000 00000000 00000000 00000000 00000000 00000000 00000000 00000000 00000000 00000000 00000000 00000000 00000000 00000000 c4cee0e1 00000001 87d267eb 00000000 00000000 00000000 00000000 00000000 00000100 00000080 00000000 00000000 00000000 00000000 00000000 00000000 00000000 00003333 00004ccd 00002667 00000001 00000000 01c9c380 0000027c
capture_snapshot GLI1 00010000 30000000 2500000 932 0 30000000 0 0 0 0 0 0 0 7cec3f48 00000000 87d56b40 00000000 00e8c3ab 00000000 00e8c3ab 00000000 0000006a 00000000 00000000 00000000 0ae9310b 00000000 00e8c415 00000000 00000000 00000000 00000000 00000039 008b3199 00000001 00000000 00000001 00000000 00000000 00000000 00000000 00000000 00000000 00000000 00000000 00000000 00000000 00000000 00000000 00000000 00000000 00000000 00000000 c4d8ec1f 00000001 87d56b51 00000000 00000000 00000000 00000000 00000000 00000101 00000080 00000000 00000000 00000000 00000000 00000000 00000000 00000000 00003333 00004ccd 00002667 00000001 00000000 01c9c380 0000027c
capture_snapshot GLI1 00010000 30000000 2500000 933 0 30000000 0 0 0 0 0 0 0 7cec3f48 00000000 87d877ac 00000000 00e904b4 00000000 00e904b4 00000000 0000006a 00000000 00000000 00000000 0aec3d77 00000000 00e9051e 00000000 00000000 00000000 00000000 00000039 008b3199 00000001 00000000 00000001 00000000 00000000 00000000 00000000 00000000 00000000 00000000 00000000 00000000 00000000 00000000 00000000 00000000 00000000 00000000 00000000 c4e31573 00000001 87d877bd 00000000 00000000 00000000 00000000 00000000 00000101 00000080 00000000 00000000 00000000 00000000 00000000 00000000 00000000 00003333 00004ccd 00002667 00000001 00000000 01c9c380 0000027c
capture_snapshot GLI1 00010000 30000000 2500000 934 0 30000000 0 0 0 0 0 0 0 7cec3f48 00000000 87db61ec 00000000 00e942e4 00000000 00e942e4 00000000 0000006a 00000000 00000000 00000000 0aef27b5 00000000 00e9434e 00000000 00000000 00000000 00000000 00000039 008b3199 00000001 00000000 00000001 00000000 00000000 00000000 00000000 00000000 00000000 00000000 00000000 00000000 00000000 00000000 00000000 00000000 00000000 00000000 00000000 c4ecccd9 00000001 87db61fb 00000000 00000000 00000000 00000000 00000000 00000101 00000080 00000000 00000000 00000000 00000000 00000000 00000000 00000000 00003333 00004ccd 00002667 00000001 00000000 01c9c380 0000027c
capture_snapshot GLI1 00010000 30000000 2500000 935 0 30000000 0 0 0 0 0 0 0 7cec3f48 00000000 87de61e0 00000000 00e982e3 00000000 00e982e3 00000000 0000006a 00000000 00000000 00000000 0af227ae 00000000 00e9834d 00000000 00000000 00000000 00000000 00000039 008b3199 00000001 00000000 00000001 00000000 00000000 00000000 00000000 00000000 00000000 00000000 00000000 00000000 00000000 00000000 00000000 00000000 00000000 00000000 00000000 c4f6ccb0 00000001 87de61f4 00000000 00000000 00000000 00000000 00000000 00000101 00000081 00000000 00000000 00000000 00000000 00000000 00000000 00000000 00003333 00004ccd 00002667 00000001 00000000 01c9c380 0000027c
capture_snapshot GLI1 00010000 30000000 2500000 936 0 30000000 0 0 0 0 0 0 0 7cec3f48 00000000 87e16714 00000000 00e9c352 00000000 00e9c352 00000000 0000006a 00000000 00000000 00000000 0af52ce1 00000000 00e9c3bc 00000000 00000000 00000000 00000000 00000039 008b3199 00000001 00000000 00000001 00000000 00000000 00000000 00000000 00000000 00000000 00000000 00000000 00000000 00000000 00000000 00000000 00000000 00000000 00000000 00000000 c500ddf1 00000001 87e16727 00000000 00000000 00000000 00000000 00000000 00000101 00000081 00000000 00000000 00000000 00000000 00000000 00000000 00000000 00003333 00004ccd 00002667 00000001 00000000 01c9c380 0000027c
capture_snapshot GLI1 00010000 30000000 2500000 937 0 30000000 0 0 0 0 0 0 0 7cec3f48 00000000 87e463d8 00000000 00ea030d 00000000 00ea030d 00000000 0000006a 00000000 00000000 00000000 0af829a8 00000000 00ea0377 00000000 00000000 00000000 00000000 00000039 008b3199 00000001 00000000 00000001 00000000 00000000 00000000 00000000 00000000 00000000 00000000 00000000 00000000 00000000 00000000 00000000 00000000 00000000 00000000 00000000 c50ad31f 00000001 87e463ee 00000000 00000000 00000000 00000000 00000000 00000101 00000081 00000000 00000000 00000000 00000000 00000000 00000000 00000000 00003333 00004ccd 00002667 00000001 00000000 01c9c380 0000027c
capture_snapshot GLI1 00010000 30000000 2500000 938 0 30000000 0 0 0 0 0 0 0 7cec3f48 00000000 87e76060 00000000 00ea42c3 00000000 00ea42c3 00000000 0000006a 00000000 00000000 00000000 0afb2629 00000000 00ea432d 00000000 00000000 00000000 00000000 00000039 008b3199 00000001 00000000 00000001 00000000 00000000 00000000 00000000 00000000 00000000 00000000 00000000 00000000 00000000 00000000 00000000 00000000 00000000 00000000 00000000 c514c763 00000001 87e7606f 00000000 00000000 00000000 00000000 00000000 00000101 00000080 00000000 00000000 00000000 00000000 00000000 00000000 00000000 00003333 00004ccd 00002667 00000001 00000000 01c9c380 0000027c
capture_snapshot GLI1 00010000 30000000 2500000 939 0 30000000 0 0 0 0 0 0 0 7cec3f48 00000000 87ea540c 00000000 00ea81bc 00000000 00ea81bc 00000000 0000006a 00000000 00000000 00000000 0afe19d8 00000000 00ea8226 00000000 00000000 00000000 00000000 00000039 008b3199 00000001 00000000 00000001 00000000 00000000 00000000 00000000 00000000 00000000 00000000 00000000 00000000 00000000 00000000 00000000 00000000 00000000 00000000 00000000 c51e9e44 00000001 87ea541e 00000000 00000000 00000000 00000000 00000000 00000100 00000080 00000000 00000000 00000000 00000000 00000000 00000000 00000000 00003333 00004ccd 00002667 00000001 00000000 01c9c380 0000027c
capture_snapshot GLI1 00010000 30000000 2500000 940 0 30000000 0 0 0 0 0 0 0 7cec3f48 00000000 87ed53e8 00000000 00eac1b9 00000000 00eac1b9 00000000 0000006a 00000000 00000000 00000000 0b0119b5 00000000 00eac223 00000000 00000000 00000000 00000000 00000039 008b3199 00000001 00000000 00000001 00000000 00000000 00000000 00000000 00000000 00000000 00000000 00000000 00000000 00000000 00000000 00000000 00000000 00000000 00000000 00000000 c5289dbc 00000001 87ed53fb 00000000 00000000 00000000 00000000 00000000 00000100 00000080 00000000 00000000 00000000 00000000 00000000 00000000 00000000 00003333 00004ccd 00002667 00000001 00000000 01c9c380 0000027c
capture_snapshot GLI1 00010000 30000000 2500000 941 0 30000000 0 0 0 0 0 0 0 7cec3f48 00000000 87f05904 00000000 00eb0226 00000000 00eb0226 00000000 0000006a 00000000 00000000 00000000 0b041ed1 00000000 00eb0290 00000000 00000000 00000000 00000000 00000039 008b3199 00000001 00000000 00000001 00000000 00000000 00000000 00000000 00000000 00000000 00000000 00000000 00000000 00000000 00000000 00000000 00000000 00000000 00000000 00000000 c532aeb0 00000001 87f05917 00000000 00000000 00000000 00000000 00000000 00000100 00000081 00000000 00000000 00000000 00000000 00000000 00000000 00000000 00003333 00004ccd 00002667 00000001 00000000 01c9c380 0000027c
capture_snapshot GLI1 00010000 30000000 2500000 942 0 30000000 0 0 0 0 0 0 0 7cec3f48 00000000 87f35298 00000000 00eb419d 00000000 00eb419d 00000000 0000006a 00000000 00000000 00000000 0b07186a 00000000 00eb4207 00000000 00000000 00000000 00000000 00000039 008b3199 00000001 00000000 00000001 00000000 00000000 00000000 00000000 00000000 00000000 00000000 00000000 00000000 00000000 00000000 00000000 00000000 00000000 00000000 00000000 c53c9946 00000001 87f352b0 00000000 00000000 00000000 00000000 00000000 00000100 00000080 00000000 00000000 00000000 00000000 00000000 00000000 00000000 00003333 00004ccd 00002667 00000001 00000000 01c9c380 0000027c
capture_snapshot GLI1 00010000 30000000 2500000 943 0 30000000 0 0 0 0 0 0 0 7cec3f48 00000000 87f65238 00000000 00eb8195 00000000 00eb8195 00000000 0000006a 00000000 00000000 00000000 0b0a1803 00000000 00eb81ff 00000000 00000000 00000000 00000000 00000039 008b3199 00000001 00000000 00000001 00000000 00000000 00000000 00000000 00000000 00000000 00000000 00000000 00000000 00000000 00000000 00000000 00000000 00000000 00000000 00000000 c54697db 00000001 87f65249 00000000 00000000 00000000 00000000 00000000 00000100 00000080 00000000 00000000 00000000 00000000 00000000 00000000 00000000 00003333 00004ccd 00002667 00000001 00000000 01c9c380 0000027c
capture_snapshot GLI1 00010000 30000000 2500000 944 0 30000000 0 0 0 0 0 0 0 7cec3f48 00000000 87f95178 00000000 00ebc185 00000000 00ebc185 00000000 0000006a 00000000 00000000 00000000 0b0d1742 00000000 00ebc1ef 00000000 00000000 00000000 00000000 00000039 008b3199 00000001 00000000 00000001 00000000 00000000 00000000 00000000 00000000 00000000 00000000 00000000 00000000 00000000 00000000 00000000 00000000 00000000 00000000 00000000 c5509542 00000001 87f95188 00000000 00000000 00000000 00000000 00000000 00000101 00000080 00000000 00000000 00000000 00000000 00000000 00000000 00000000 00003333 00004ccd 00002667 00000001 00000000 01c9c380 0000027c
capture_snapshot GLI1 00010000 30000000 2500000 945 0 30000000 0 0 0 0 0 0 0 7cec3f48 00000000 87fc5118 00000000 00ec017d 00000000 00ec017d 00000000 0000006a 00000000 00000000 00000000 0b1016e8 00000000 00ec01e7 00000000 00000000 00000000 00000000 00000039 008b3199 00000001 00000000 00000001 00000000 00000000 00000000 00000000 00000000 00000000 00000000 00000000 00000000 00000000 00000000 00000000 00000000 00000000 00000000 00000000 c55a9402 00000001 87fc512e 00000000 00000000 00000000 00000000 00000000 00000100 00000080 00000000 00000000 00000000 00000000 00000000 00000000 00000000 00003333 00004ccd 00002667 00000001 00000000 01c9c380 0000027c
capture_snapshot GLI1 00010000 30000000 2500000 946 0 30000000 0 0 0 0 0 0 0 7cec3f48 00000000 87ff51b4 00000000 00ec418a 00000000 00ec418a 00000000 0000006a 00000000 00000000 00000000 0b131780 00000000 00ec41f4 00000000 00000000 00000000 00000000 00000039 008b3199 00000001 00000000 00000001 00000000 00000000 00000000 00000000 00000000 00000000 00000000 00000000 00000000 00000000 00000000 00000000 00000000 00000000 00000000 00000000 c56495e9 00000001 87ff51c6 00000000 00000000 00000000 00000000 00000000 00000100 00000080 00000000 00000000 00000000 00000000 00000000 00000000 00000000 00003333 00004ccd 00002667 00000001 00000000 01c9c380 0000027c
capture_snapshot GLI1 00010000 30000000 2500000 947 0 30000000 0 0 0 0 0 0 0 7cec3f48 00000000 88025160 00000000 00ec8183 00000000 00ec8183 00000000 0000006a 00000000 00000000 00000000 0b16172e 00000000 00ec81ed 00000000 00000000 00000000 00000000 00000039 008b3199 00000001 00000000 00000001 00000000 00000000 00000000 00000000 00000000 00000000 00000000 00000000 00000000 00000000 00000000 00000000 00000000 00000000 00000000 00000000 c56e94c7 00000001 88025174 00000000 00000000 00000000 00000000 00000000 00000100 00000080 00000000 00000000 00000000 00000000 00000000 00000000 00000000 00003333 00004ccd 00002667 00000001 00000000 01c9c380 0000027c
capture_snapshot GLI1 00010000 30000000 2500000 948 0 30000000 0 0 0 0 0 0 0 7cec3f48 00000000 88055118 00000000 00ecc17d 00000000 00ecc17d 00000000 0000006a 00000000 00000000 00000000 0b1916e1 00000000 00ecc1e7 00000000 00000000 00000000 00000000 00000039 008b3199 00000001 00000000 00000001 00000000 00000000 00000000 00000000 00000000 00000000 00000000 00000000 00000000 00000000 00000000 00000000 00000000 00000000 00000000 00000000 c57893b0 00000001 88055127 00000000 00000000 00000000 00000000 00000000 00000100 00000080 00000000 00000000 00000000 00000000 00000000 00000000 00000000 00003333 00004ccd 00002667 00000001 00000000 01c9c380 0000027c
capture_snapshot GLI1 00010000 30000000 2500000 949 0 30000000 0 0 0 0 0 0 0 7cec3f48 00000000 880851d8 00000000 00ed018d 00000000 00ed018d 00000000 0000006a 00000000 00000000 00000000 0b1c17aa 00000000 00ed01f7 00000000 00000000 00000000 00000000 00000039 008b3199 00000001 00000000 00000001 00000000 00000000 00000000 00000000 00000000 00000000 00000000 00000000 00000000 00000000 00000000 00000000 00000000 00000000 00000000 00000000 c582963c 00000001 880851f0 00000000 00000000 00000000 00000000 00000000 00000101 00000081 00000000 00000000 00000000 00000000 00000000 00000000 00000000 00003333 00004ccd 00002667 00000001 00000000 01c9c380 0000027c
capture_snapshot GLI1 00010000 30000000 2500000 950 0 30000000 0 0 0 0 0 0 0 7cec3f48 00000000 880b5184 00000000 00ed4186 00000000 00ed4186 00000000 0000006a 00000000 00000000 00000000 0b1f1751 00000000 00ed41f0 00000000 00000000 00000000 00000000 00000039 008b3199 00000001 00000000 00000001 00000000 00000000 00000000 00000000 00000000 00000000 00000000 00000000 00000000 00000000 00000000 00000000 00000000 00000000 00000000 00000000 c58c9501 00000001 880b5197 00000000 00000000 00000000 00000000 00000000 00000100 00000080 00000000 00000000 00000000 00000000 00000000 00000000 00000000 00003333 00004ccd 00002667 00000001 00000000 01c9c380 0000027c
capture_snapshot GLI1 00010000 30000000 2500000 951 0 30000000 0 0 0 0 0 0 0 7cec3f48 00000000 880e51c0 00000000 00ed818b 00000000 00ed818b 00000000 0000006a 00000000 00000000 00000000 0b221790 00000000 00ed81f5 00000000 00000000 00000000 00000000 00000039 008b3199 00000001 00000000 00000001 00000000 00000000 00000000 00000000 00000000 00000000 00000000 00000000 00000000 00000000 00000000 00000000 00000000 00000000 00000000 00000000 c59695bf 00000001 880e51d6 00000000 00000000 00000000 00000000 00000000 00000101 00000080 00000000 00000000 00000000 00000000 00000000 00000000 00000000 00003333 00004ccd 00002667 00000001 00000000 01c9c380 0000027c
capture_snapshot GLI1 00010000 30000000 2500000 952 0 30000000 0 0 0 0 0 0 0 7cec3f48 00000000 8811510c 00000000 00edc17c 00000000 00edc17c 00000000 0000006a 00000000 00000000 00000000 0b2516dc 00000000 00edc1e6 00000000 00000000 00000000 00000000 00000039 008b3199 00000001 00000000 00000001 00000000 00000000 00000000 00000000 00000000 00000000 00000000 00000000 00000000 00000000 00000000 00000000 00000000 00000000 00000000 00000000 c5a09353 00000001 88115122 00000000 00000000 00000000 00000000 00000000 00000101 00000081 00000000 00000000 00000000 00000000 00000000 00000000 00000000 00003333 00004ccd 00002667 00000001 00000000 01c9c380 0000027c
capture_snapshot GLI1 00010000 30000000 2500000 953 0 30000000 0 0 0 0 0 0 0 7cec3f48 00000000 8814516c 00000000 00ee0184 00000000 00ee0184 00000000 0000006a 00000000 00000000 00000000 0b281734 00000000 00ee01ee 00000000 00000000 00000000 00000000 00000039 008b3199 00000001 00000000 00000001 00000000 00000000 00000000 00000000 00000000 00000000 00000000 00000000 00000000 00000000 00000000 00000000 00000000 00000000 00000000 00000000 c5aa9466 00000001 8814517a 00000000 00000000 00000000 00000000 00000000 00000100 00000080 00000000 00000000 00000000 00000000 00000000 00000000 00000000 00003333 00004ccd 00002667 00000001 00000000 01c9c380 0000027c
capture_snapshot GLI1 00010000 30000000 2500000 954 0 30000000 0 0 0 0 0 0 0 7cec3f48 00000000 881751fc 00000000 00ee4190 00000000 00ee4190 00000000 0000006a 00000000 00000000 00000000 0b2b17c9 00000000 00ee41fa 00000000 00000000 00000000 00000000 00000039 008b3199 00000001 00000000 00000001 00000000 00000000 00000000 00000000 00000000 00000000 00000000 00000000 00000000 00000000 00000000 00000000 00000000 00000000 00000000 00000000 c5b49640 00000001 8817520f 00000000 00000000 00000000 00000000 00000000 00000100 00000080 00000000 00000000 00000000 00000000 00000000 00000000 00000000 00003333 00004ccd 00002667 00000001 00000000 01c9c380 0000027c
capture_snapshot GLI1 00010000 30000000 2500000 955 0 30000000 0 0 0 0 0 0 0 7cec3f48 00000000 881a51e4 00000000 00ee818e 00000000 00ee818e 00000000 0000006a 00000000 00000000 00000000 0b2e17af 00000000 00ee81f8 00000000 00000000 00000000 00000000 00000039 008b3199 00000001 00000000 00000001 00000000 00000000 00000000 00000000 00000000 00000000 00000000 00000000 00000000 00000000 00000000 00000000 00000000 00000000 00000000 00000000 c5be95d8 00000001 881a51f5 00000000 00000000 00000000 00000000 00000000 00000101 00000080 00000000 00000000 00000000 00000000 00000000 00000000 00000000 00003333 00004ccd 00002667 00000001 00000000 01c9c380 0000027c
capture_snapshot GLI1 00010000 30000000 2500000 956 0 30000000 0 0 0 0 0 0 0 7cec3f48 00000000 881d5184 00000000 00eec186 00000000 00eec186 00000000 0000006a 00000000 00000000 00000000 0b311753 00000000 00eec1f0 00000000 00000000 00000000 00000000 00000039 008b3199 00000001 00000000 00000001 00000000 00000000 00000000 00000000 00000000 00000000 00000000 00000000 00000000 00000000 00000000 00000000 00000000 00000000 00000000 00000000 c5c89491 00000001 881d5199 00000000 00000000 00000000 00000000 00000000 00000101 00000081 00000000 00000000 00000000 00000000 00000000 00000000 00000000 00003333 00004ccd 00002667 00000001 00000000 01c9c380 0000027c
capture_snapshot GLI1 00010000 30000000 2500000 957 0 30000000 0 0 0 0 0 0 0 7cec3f48 00000000 882050dc 00000000 00ef0178 00000000 00ef0178 00000000 0000006a 00000000 00000000 00000000 0b3416af 00000000 00ef01e2 00000000 00000000 00000000 00000000 00000039 008b3199 00000001 00000000 00000001 00000000 00000000 00000000 00000000 00000000 00000000 00000000 00000000 00000000 00000000 00000000 00000000 00000000 00000000 00000000 00000000 c5d2925c 00000001 882050f5 00000000 00000000 00000000 00000000 00000000 00000100 00000080 00000000 00000000 00000000 00000000 00000000 00000000 00000000 00003333 00004ccd 00002667 00000001 00000000 01c9c380 0000027c
capture_snapshot GLI1 00010000 30000000 2500000 958 0 30000000 0 0 0 0 0 0 0 7cec3f48 00000000 882351b4 00000000 00ef418a 00000000 00ef418a 00000000 0000006a 00000000 00000000 00000000 0b371784 00000000 00ef41f4 00000000 00000000 00000000 00000000 00000039 008b3199 00000001 00000000 00000001 00000000 00000000 00000000 00000000 00000000 00000000 00000000 00000000 00000000 00000000 00000000 00000000 00000000 00000000 00000000 00000000 c5dc950c 00000001 882351ca 00000000 00000000 00000000 00000000 00000000 00000100 00000080 00000000 00000000 00000000 00000000 00000000 00000000 00000000 00003333 00004ccd 00002667 00000001 00000000 01c9c380 0000027c
capture_snapshot GLI1 00010000 30000000 2500000 959 0 30000000 0 0 0 0 0 0 0 7cec3f48 00000000 8826519c 00000000 00ef8188 00000000 00ef8188 00000000 0000006a 00000000 00000000 00000000 0b3a176b 00000000 00ef81f2 00000000 00000000 00000000 00000000 00000039 008b3199 00000001 00000000 00000001 00000000 00000000 00000000 00000000 00000000 00000000 00000000 00000000 00000000 00000000 00000000 00000000 00000000 00000000 00000000 00000000 c5e694a7 00000001 882651b1 00000000 00000000 00000000 00000000 00000000 00000101 00000081 00000000 00000000 00000000 00000000 00000000 00000000 00000000 00003333 00004ccd 00002667 00000001 00000000 01c9c380 0000027c
capture_snapshot GLI1 00010000 30000000 2500000 960 0 30000000 0 0 0 0 0 0 0 7cec3f48 00000000 88295184 00000000 00efc186 00000000 00efc186 00000000 0000006a 00000000 00000000 00000000 0b3d1755 00000000 00efc1f0 00000000 00000000 00000000 00000000 00000039 008b3199 00000001 00000000 00000001 00000000 00000000 00000000 00000000 00000000 00000000 00000000 00000000 00000000 00000000 00000000 00000000 00000000 00000000 00000000 00000000 c5f0944c 00000001 8829519b 00000000 00000000 00000000 00000000 00000000 00000100 00000080 00000000 00000000 00000000 00000000 00000000 00000000 00000000 00003333 00004ccd 00002667 00000001 00000000 01c9c380 0000027c
capture_snapshot GLI1 00010000 30000000 2500000 961 0 30000000 0 0 0 0 0 0 0 7cec3f48 00000000 882c516c 00000000 00f00184 00000000 00f00184 00000000 0000006a 00000000 00000000 00000000 0b401739 00000000 00f001ee 00000000 00000000 00000000 00000000 00000039 008b3199 00000001 00000000 00000001 00000000 00000000 00000000 00000000 00000000 00000000 00000000 00000000 00000000 00000000 00000000 00000000 00000000 00000000 00000000 00000000 c5fa93d8 00000001 882c517f 00000000 00000000 00000000 00000000 00000000 00000101 00000080 00000000 00000000 00000000 00000000 00000000 00000000 00000000 00003333 00004ccd 00002667 00000001 00000000 01c9c380 0000027c
capture_snapshot GLI1 00010000 30000000 2500000 962 0 30000000 0 0 0 0 0 0 0 7cec3f48 00000000 882f55bc 00000000 00f041e0 00000000 00f041e0 00000000 0000006a 00000000 00000000 00000000 0b431b8b 00000000 00f0424a 00000000 00000000 00000000 00000000 00000039 008b3199 00000001 00000000 00000001 00000000 00000000 00000000 00000000 00000000 00000000 00000000 00000000 00000000 00000000 00000000 00000000 00000000 00000000 00000000 00000000 c604a22b 00000001 882f55d1 00000000 00000000 00000000 00000000 00000000 00000101 00000080 00000000 00000000 00000000 00000000 00000000 00000000 00000000 00003333 00004ccd 00002667 00000001 00000000 01c9c380 0000027c
capture_snapshot GLI1 00010000 30000000 2500000 963 0 30000000 0 0 0 0 0 0 0 7cec3f48 00000000 88325148 00000000 00f08181 00000000 00f08181 00000000 0000006a 00000000 00000000 00000000 0b461712 00000000 00f081eb 00000000 00000000 00000000 00000000 00000039 008b3199 00000001 00000000 00000001 00000000 00000000 00000000 00000000 00000000 00000000 00000000 00000000 00000000 00000000 00000000 00000000 00000000 00000000 00000000 00000000 c60e9330 00000001 88325158 00000000 00000000 00000000 00000000 00000000 00000101 00000081 00000000 00000000 00000000 00000000 00000000 00000000 00000000 00003333 00004ccd 00002667 00000001 00000000 01c9c380 0000027c
capture_snapshot GLI1 00010000 30000000 2500000 964 0 30000000 0 0 0 0 0 0 0 7cec3f48 00000000 88355184 00000000 00f0c186 00000000 00f0c186 00000000 0000006a 00000000 00000000 00000000 0b491751 00000000 00f0c1f0 00000000 00000000 00000000 00000000 00000039 008b3199 00000001 00000000 00000001 00000000 00000000 00000000 00000000 00000000 00000000 00000000 00000000 00000000 00000000 00000000 00000000 00000000 00000000 00000000 00000000 c61893ed 00000001 88355197 00000000 00000000 00000000 00000000 00000000 00000100 00000080 00000000 00000000 00000000 00000000 00000000 00000000 00000000 00003333 00004ccd 00002667 00000001 00000000 01c9c380 0000027c
capture_snapshot GLI1 00010000 30000000 2500000 965 0 30000000 0 0 0 0 0 0 0 7cec3f48 00000000 88385178 00000000 00f10185 00000000 00f10185 00000000 0000006a 00000000 00000000 00000000 0b4c1743 00000000 00f101ef 00000000 00000000 00000000 00000000 00000039 008b3199 00000001 00000000 00000001 00000000 00000000 00000000 00000000 00000000 00000000 00000000 00000000 00000000 00000000 00000000 00000000 00000000 00000000 00000000 00000000 c62293ab 00000001 88385189 00000000 00000000 00000000 00000000 00000000 00000100 00000080 00000000 00000000 00000000 00000000 00000000 00000000 00000000 00003333 00004ccd 00002667 00000001 00000000 01c9c380 0000027c
capture_snapshot GLI1 00010000 30000000 2500000 966 0 30000000 0 0 0 0 0 0 0 7cec3f48 00000000 883b51f0 00000000 00f1418f 00000000 00f1418f 00000000 0000006a 00000000 00000000 00000000 0b4f17b9 00000000 00f141f9 00000000 00000000 00000000 00000000 00000039 008b3199 00000001 00000000 00000001 00000000 00000000 00000000 00000000 00000000 00000000 00000000 00000000 00000000 00000000 00000000 00000000 00000000 00000000 00000000 00000000 c62c9522 00000001 883b51ff 00000000 00000000 00000000 00000000 00000000 00000101 00000081 00000000 00000000 00000000 00000000 00000000 00000000 00000000 00003333 00004ccd 00002667 00000001 00000000 01c9c380 0000027c
capture_snapshot GLI1 00010000 30000000 2500000 967 0 30000000 0 0 0 0 0 0 0 7cec3f48 00000000 883e525c 00000000 00f18198 00000000 00f18198 00000000 0000006a 00000000 00000000 00000000 0b52182a 00000000 00f18202 00000000 00000000 00000000 00000000 00000039 008b3199 00000001 00000000 00000001 00000000 00000000 00000000 00000000 00000000 00000000 00000000 00000000 00000000 00000000 00000000 00000000 00000000 00000000 00000000 00000000 c6369689 00000001 883e5270 00000000 00000000 00000000 00000000 00000000 00000100 00000080 00000000 00000000 00000000 00000000 00000000 00000000 00000000 00003333 00004ccd 00002667 00000001 00000000 01c9c380 0000027c
capture_snapshot GLI1 00010000 30000000 2500000 968 0 30000000 0 0 0 0 0 0 0 7cec3f48 00000000 884151d8 00000000 00f1c18d 00000000 00f1c18d 00000000 0000006a 00000000 00000000 00000000 0b5517a8 00000000 00f1c1f7 00000000 00000000 00000000 00000000 00000039 008b3199 00000001 00000000 00000001 00000000 00000000 00000000 00000000 00000000 00000000 00000000 00000000 00000000 00000000 00000000 00000000 00000000 00000000 00000000 00000000 c64094c3 00000001 884151ee 00000000 00000000 00000000 00000000 00000000 00000101 00000081 00000000 00000000 00000000 00000000 00000000 00000000 00000000 00003333 00004ccd 00002667 00000001 00000000 01c9c380 0000027c
capture_snapshot GLI1 00010000 30000000 2500000 969 0 30000000 0 0 0 0 0 0 0 7cec3f48 00000000 88445160 00000000 00f20183 00000000 00f20183 00000000 0000006a 00000000 00000000 00000000 0b581730 00000000 00f201ed 00000000 00000000 00000000 00000000 00000039 008b3199 00000001 00000000 00000001 00000000 00000000 00000000 00000000 00000000 00000000 00000000 00000000 00000000 00000000 00000000 00000000 00000000 00000000 00000000 00000000 c64a931e 00000001 88445176 00000000 00000000 00000000 00000000 00000000 00000101 00000080 00000000 00000000 00000000 00000000 00000000 00000000 00000000 00003333 00004ccd 00002667 00000001 00000000 01c9c380 0000027c
capture_snapshot GLI1 00010000 30000000 2500000 970 0 30000000 0 0 0 0 0 0 0 7cec3f48 00000000 88475298 00000000 00f2419d 00000000 00f2419d 00000000 0000006a 00000000 00000000 00000000 0b5b186a 00000000 00f24207 00000000 00000000 00000000 00000000 00000039 008b3199 00000001 00000000 00000001 00000000 00000000 00000000 00000000 00000000 00000000 00000000 00000000 00000000 00000000 00000000 00000000 00000000 00000000 00000000 00000000 c6549724 00000001 884752b0 00000000 00000000 00000000 00000000 00000000 00000100 00000080 00000000 00000000 00000000 00000000 00000000 00000000 00000000 00003333 00004ccd 00002667 00000001 00000000 01c9c380 0000027c
capture_snapshot GLI1 00010000 30000000 2500000 971 0 30000000 0 0 0 0 0 0 0 7cec3f48 00000000 884a51c0 00000000 00f2818b 00000000 00f2818b 00000000 0000006a 00000000 00000000 00000000 0b5e178b 00000000 00f281f5 00000000 00000000 00000000 00000000 00000039 008b3199 00000001 00000000 00000001 00000000 00000000 00000000 00000000 00000000 00000000 00000000 00000000 00000000 00000000 00000000 00000000 00000000 00000000 00000000 00000000 c65e9427 00000001 884a51d1 00000000 00000000 00000000 00000000 00000000 00000101 00000081 00000000 00000000 00000000 00000000 00000000 00000000 00000000 00003333 00004ccd 00002667 00000001 00000000 01c9c380 0000027c
capture_snapshot GLI1 00010000 30000000 2500000 972 0 30000000 0 0 0 0 0 0 0 7cec3f48 00000000 884d5148 00000000 00f2c181 00000000 00f2c180 00000000 0000006a 00000000 00000000 00000000 0b611710 00000000 00f2c1eb 00000000 00000000 00000000 00000000 0000003b 008b3199 00000001 00000001 00000001 00000000 00000000 00000000 00000000 00000000 00000000 00000000 00000000 00000000 00000000 00000000 00000000 00000000 00000000 00000000 00000000 c668927b 00000001 884d5156 00000000 00000000 00000000 00000000 00000000 00000100 00000080 00000000 00000000 00000000 00000000 00000000 00000000 00000000 00003333 00004ccd 00002667 00000001 00000000 01c9c380 0000027c
capture_snapshot GLI1 00010000 30000000 2500000 973 0 30000000 0 0 0 0 0 0 0 7cec3f48 00000000 885051b4 00000000 00f3018a 00000000 00f3018a 00000000 0000006a 00000000 00000000 00000000 0b641785 00000000 00f301f4 00000000 00000000 00000000 00000000 00000039 008b3199 00000001 00000000 00000001 00000000 00000000 00000000 00000000 00000000 00000000 00000000 00000000 00000000 00000000 00000000 00000000 00000000 00000000 00000000 00000000 c67293ee 00000001 885051cb 00000000 00000000 00000000 00000000 00000000 00000100 00000080 00000000 00000000 00000000 00000000 00000000 00000000 00000000 00003333 00004ccd 00002667 00000001 00000000 01c9c380 0000027c
capture_snapshot GLI1 00010000 30000000 2500000 974 0 30000000 0 0 0 0 0 0 0 7cec3f48 00000000 885351c0 00000000 00f3418b 00000000 00f3418b 00000000 0000006a 00000000 00000000 00000000 0b67178f 00000000 00f341f5 00000000 00000000 00000000 00000000 00000039 008b3199 00000001 00000000 00000001 00000000 00000000 00000000 00000000 00000000 00000000 00000000 00000000 00000000 00000000 00000000 00000000 00000000 00000000 00000000 00000000 c67c93fb 00000001 885351d5 00000000 00000000 00000000 00000000 00000000 00000100 00000080 00000000 00000000 00000000 00000000 00000000 00000000 00000000 00003333 00004ccd 00002667 00000001 00000000 01c9c380 0000027c
capture_snapshot GLI1 00010000 30000000 2500000 975 0 30000000 0 0 0 0 0 0 0 7cec3f48 00000000 88565184 00000000 00f38186 00000000 00f38186 00000000 0000006a 00000000 00000000 00000000 0b6a1754 00000000 00f381f0 00000000 00000000 00000000 00000000 00000039 008b3199 00000001 00000000 00000001 00000000 00000000 00000000 00000000 00000000 00000000 00000000 00000000 00000000 00000000 00000000 00000000 00000000 00000000 00000000 00000000 c6869321 00000001 8856519a 00000000 00000000 00000000 00000000 00000000 00000101 00000080 00000000 00000000 00000000 00000000 00000000 00000000 00000000 00003333 00004ccd 00002667 00000001 00000000 01c9c380 0000027c
capture_snapshot GLI1 00010000 30000000 2500000 976 0 30000000 0 0 0 0 0 0 0 7cec3f48 00000000 8859519c 00000000 00f3c188 00000000 00f3c188 00000000 0000006a 00000000 00000000 00000000 0b6d1767 00000000 00f3c1f2 00000000 00000000 00000000 00000000 00000039 008b3199 00000001 00000000 00000001 00000000 00000000 00000000 00000000 00000000 00000000 00000000 00000000 00000000 00000000 00000000 00000000 00000000 00000000 00000000 00000000 c690934e 00000001 885951ad 00000000 00000000 00000000 00000000 00000000 00000101 00000081 00000000 00000000 00000000 00000000 00000000 00000000 00000000 00003333 00004ccd 00002667 00000001 00000000 01c9c380 0000027c
capture_snapshot GLI1 00010000 30000000 2500000 977 0 30000000 0 0 0 0 0 0 0 7cec3f48 00000000 885c5130 00000000 00f4017f 00000000 00f4017f 00000000 0000006a 00000000 00000000 00000000 0b701701 00000000 00f401e9 00000000 00000000 00000000 00000000 00000039 008b3199 00000001 00000000 00000001 00000000 00000000 00000000 00000000 00000000 00000000 00000000 00000000 00000000 00000000 00000000 00000000 00000000 00000000 00000000 00000000 c69a91e7 00000001 885c5147 00000000 00000000 00000000 00000000 00000000 00000101 00000081 00000000 00000000 00000000 00000000 00000000 00000000 00000000 00003333 00004ccd 00002667 00000001 00000000 01c9c380 0000027c
capture_snapshot GLI1 00010000 30000000 2500000 978 0 30000000 0 0 0 0 0 0 0 7cec3f48 00000000 885f516c 00000000 00f44184 00000000 00f44184 00000000 0000006a 00000000 00000000 00000000 0b73173a 00000000 00f441ee 00000000 00000000 00000000 00000000 00000039 008b3199 00000001 00000000 00000001 00000000 00000000 00000000 00000000 00000000 00000000 00000000 00000000 00000000 00000000 00000000 00000000 00000000 00000000 00000000 00000000 c6a49291 00000001 885f5180 00000000 00000000 00000000 00000000 00000000 00000101 00000081 00000000 00000000 00000000 00000000 00000000 00000000 00000000 00003333 00004ccd 00002667 00000001 00000000 01c9c380 0000027c
capture_snapshot GLI1 00010000 30000000 2500000 979 0 30000000 0 0 0 0 0 0 0 7cec3f48 00000000 88625268 00000000 00f48199 00000000 00f48198 00000000 0000006a 00000000 00000000 00000000 0b761830 00000000 00f48203 00000000 00000000 00000000 00000000 0000003b 008b3199 00000001 00000001 00000001 00000000 00000000 00000000 00000000 00000000 00000000 00000000 00000000 00000000 00000000 00000000 00000000 00000000 00000000 00000000 00000000 c6ae95b2 00000001 88625276 00000000 00000000 00000000 00000000 00000000 00000101 00000080 00000000 00000000 00000000 00000000 00000000 00000000 00000000 00003333 00004ccd 00002667 00000001 00000000 01c9c380 0000027c
capture_snapshot GLI1 00010000 30000000 2500000 980 0 30000000 0 0 0 0 0 0 0 7cec3f48 00000000 886550e8 00000000 00f4c179 00000000 00f4c179 00000000 0000006a 00000000 00000000 00000000 0b7916b8 00000000 00f4c1e3 00000000 00000000 00000000 00000000 00000039 008b3199 00000001 00000000 00000001 00000000 00000000 00000000 00000000 00000000 00000000 00000000 00000000 00000000 00000000 00000000 00000000 00000000 00000000 00000000 00000000 c6b890b9 00000001 886550fe 00000000 00000000 00000000 00000000 00000000 00000101 00000080 00000000 00000000 00000000 00000000 00000000 00000000 00000000 00003333 00004ccd 00002667 00000001 00000000 01c9c380 0000027c
capture_snapshot GLI1 00010000 30000000 2500000 981 0 30000000 0 0 0 0 0 0 0 7cec3f48 00000000 886850d0 00000000 00f50177 00000000 00f50177 00000000 0000006a 00000000 00000000 00000000 0b7c16a1 00000000 00f501e1 00000000 00000000 00000000 00000000 00000039 008b3199 00000001 00000000 00000001 00000000 00000000 00000000 00000000 00000000 00000000 00000000 00000000 00000000 00000000 00000000 00000000 00000000 00000000 00000000 00000000 c6c29057 00000001 886850e7 00000000 00000000 00000000 00000000 00000000 00000100 00000080 00000000 00000000 00000000 00000000 00000000 00000000 00000000 00003333 00004ccd 00002667 00000001 00000000 01c9c380 0000027c
capture_snapshot GLI1 00010000 30000000 2500000 982 0 30000000 0 0 0 0 0 0 0 7cec3f48 00000000 886b513c 00000000 00f54180 00000000 00f54180 00000000 0000006a 00000000 00000000 00000000 0b7f1706 00000000 00f541ea 00000000 00000000 00000000 00000000 00000039 008b3199 00000001 00000000 00000001 00000000 00000000 00000000 00000000 00000000 00000000 00000000 00000000 00000000 00000000 00000000 00000000 00000000 00000000 00000000 00000000 c6cc9197 00000001 886b514c 00000000 00000000 00000000 00000000 00000000 00000100 00000080 00000000 00000000 00000000 00000000 00000000 00000000 00000000 00003333 00004ccd 00002667 00000001 00000000 01c9c380 0000027c
capture_snapshot GLI1 00010000 30000000 2500000 983 0 30000000 0 0 0 0 0 0 0 7cec3f48 00000000 886e5100 00000000 00f5817b 00000000 00f5817b 00000000 0000006a 00000000 00000000 00000000 0b8216cb 00000000 00f581e5 00000000 00000000 00000000 00000000 00000039 008b3199 00000001 00000000 00000001 00000000 00000000 00000000 00000000 00000000 00000000 00000000 00000000 00000000 00000000 00000000 00000000 00000000 00000000 00000000 00000000 c6d690be 00000001 886e5111 00000000 00000000 00000000 00000000 00000000 00000101 00000080 00000000 00000000 00000000 00000000 00000000 00000000 00000000 00003333 00004ccd 00002667 00000001 00000000 01c9c380 0000027c
capture_snapshot GLI1 00010000 30000000 2500000 984 0 30000000 0 0 0 0 0 0 0 7cec3f48 00000000 8871516c 00000000 00f5c184 00000000 00f5c184 00000000 0000006a 00000000 00000000 00000000 0b85173f 00000000 00f5c1ee 00000000 00000000 00000000 00000000 00000039 008b3199 00000001 00000000 00000001 00000000 00000000 00000000 00000000 00000000 00000000 00000000 00000000 00000000 00000000 00000000 00000000 00000000 00000000 00000000 00000000 c6e0922d 00000001 88715185 00000000 00000000 00000000 00000000 00000000 00000101 00000080 00000000 00000000 00000000 00000000 00000000 00000000 00000000 00003333 00004ccd 00002667 00000001 00000000 01c9c380 0000027c
capture_snapshot GLI1 00010000 30000000 2500000 985 0 30000000 0 0 0 0 0 0 0 7cec3f48 00000000 887451b4 00000000 00f6018a 00000000 00f6018a 00000000 0000006a 00000000 00000000 00000000 0b881781 00000000 00f601f4 00000000 00000000 00000000 00000000 00000039 008b3199 00000001 00000000 00000001 00000000 00000000 00000000 00000000 00000000 00000000 00000000 00000000 00000000 00000000 00000000 00000000 00000000 00000000 00000000 00000000 c6ea92f5 00000001 887451c7 00000000 00000000 00000000 00000000 00000000 00000101 00000081 00000000 00000000 00000000 00000000 00000000 00000000 00000000 00003333 00004ccd 00002667 00000001 00000000 01c9c380 0000027c
capture_snapshot GLI1 00010000 30000000 2500000 986 0 30000000 0 0 0 0 0 0 0 7cec3f48 00000000 88775244 00000000 00f64196 00000000 00f64196 00000000 0000006a 00000000 00000000 00000000 0b8b1814 00000000 00f64200 00000000 00000000 00000000 00000000 00000039 008b3199 00000001 00000000 00000001 00000000 00000000 00000000 00000000 00000000 00000000 00000000 00000000 00000000 00000000 00000000 00000000 00000000 00000000 00000000 00000000 c6f494cb 00000001 8877525a 00000000 00000000 00000000 00000000 00000000 00000101 00000081 00000000 00000000 00000000 00000000 00000000 00000000 00000000 00003333 00004ccd 00002667 00000001 00000000 01c9c380 0000027c
capture_snapshot GLI1 00010000 30000000 2500000 987 0 30000000 0 0 0 0 0 0 0 7cec3f48 00000000 887a5184 00000000 00f68186 00000000 00f68186 00000000 0000006a 00000000 00000000 00000000 0b8e1751 00000000 00f681f0 00000000 00000000 00000000 00000000 00000039 008b3199 00000001 00000000 00000001 00000000 00000000 00000000 00000000 00000000 00000000 00000000 00000000 00000000 00000000 00000000 00000000 00000000 00000000 00000000 00000000 c6fe9230 00000001 887a5197 00000000 00000000 00000000 00000000 00000000 00000100 00000080 00000000 00000000 00000000 00000000 00000000 00000000 00000000 00003333 00004ccd 00002667 00000001 00000000 01c9c380 0000027c
capture_snapshot GLI1 00010000 30000000 2500000 988 0 30000000 0 0 0 0 0 0 0 7cec3f48 00000000 887d5148 00000000 00f6c181 00000000 00f6c181 00000000 0000006a 00000000 00000000 00000000 0b911710 00000000 00f6c1eb 00000000 00000000 00000000 00000000 00000039 008b3199 00000001 00000000 00000001 00000000 00000000 00000000 00000000 00000000 00000000 00000000 00000000 00000000 00000000 00000000 00000000 00000000 00000000 00000000 00000000 c7089143 00000001 887d5156 00000000 00000000 00000000 00000000 00000000 00000100 00000080 00000000 00000000 00000000 00000000 00000000 00000000 00000000 00003333 00004ccd 00002667 00000001 00000000 01c9c380 0000027c
capture_snapshot GLI1 00010000 30000000 2500000 989 0 30000000 0 0 0 0 0 0 0 7cec3f48 00000000 8880510c 00000000 00f7017c 00000000 00f7017c 00000000 0000006a 00000000 00000000 00000000 0b9416da 00000000 00f701e6 00000000 00000000 00000000 00000000 00000039 008b3199 00000001 00000000 00000001 00000000 00000000 00000000 00000000 00000000 00000000 00000000 00000000 00000000 00000000 00000000 00000000 00000000 00000000 00000000 00000000 c712907b 00000001 88805120 00000000 00000000 00000000 00000000 00000000 00000101 00000081 00000000 00000000 00000000 00000000 00000000 00000000 00000000 00003333 00004ccd 00002667 00000001 00000000 01c9c380 0000027c
capture_snapshot GLI1 00010000 30000000 2500000 990 0 30000000 0 0 0 0 0 0 0 7cec3f48 00000000 8883552c 00000000 00f741d4 00000000 00f741d4 00000000 0000006a 00000000 00000000 00000000 0b971af4 00000000 00f7423e 00000000 00000000 00000000 00000000 00000039 008b3199 00000001 00000000 00000001 00000000 00000000 00000000 00000000 00000000 00000000 00000000 00000000 00000000 00000000 00000000 00000000 00000000 00000000 00000000 00000000 c71c9e14 00000001 8883553a 00000000 00000000 00000000 00000000 00000000 00000100 00000080 00000000 00000000 00000000 00000000 00000000 00000000 00000000 00003333 00004ccd 00002667 00000001 00000000 01c9c380 0000027c
capture_snapshot GLI1 00010000 30000000 2500000 991 0 30000000 0 0 0 0 0 0 0 7cec3f48 00000000 88865a60 00000000 00f78243 00000000 00f78243 00000000 0000006a 00000000 00000000 00000000 0b9a202d 00000000 00f782ad 00000000 00000000 00000000 00000000 00000039 008b3199 00000001 00000000 00000001 00000000 00000000 00000000 00000000 00000000 00000000 00000000 00000000 00000000 00000000 00000000 00000000 00000000 00000000 00000000 00000000 c726af67 00000001 88865a73 00000000 00000000 00000000 00000000 00000000 00000101 00000080 00000000 00000000 00000000 00000000 00000000 00000000 00000000 00003333 00004ccd 00002667 00000001 00000000 01c9c380 0000027c
capture_snapshot GLI1 00010000 30000000 2500000 992 0 30000000 0 0 0 0 0 0 0 7cec3f48 00000000 8889558c 00000000 00f7c1dc 00000000 00f7c1dc 00000000 0000006a 00000000 00000000 00000000 0b9d1b59 00000000 00f7c246 00000000 00000000 00000000 00000000 00000039 008b3199 00000001 00000000 00000001 00000000 00000000 00000000 00000000 00000000 00000000 00000000 00000000 00000000 00000000 00000000 00000000 00000000 00000000 00000000 00000000 c7309f3d 00000001 8889559f 00000000 00000000 00000000 00000000 00000000 00000101 00000081 00000000 00000000 00000000 00000000 00000000 00000000 00000000 00003333 00004ccd 00002667 00000001 00000000 01c9c380 0000027c
capture_snapshot GLI1 00010000 30000000 2500000 993 0 30000000 0 0 0 0 0 0 0 7cec3f48 00000000 888c522c 00000000 00f80194 00000000 00f80194 00000000 0000006a 00000000 00000000 00000000 0ba017fe 00000000 00f801fe 00000000 00000000 00000000 00000000 00000039 008b3199 00000001 00000000 00000001 00000000 00000000 00000000 00000000 00000000 00000000 00000000 00000000 00000000 00000000 00000000 00000000 00000000 00000000 00000000 00000000 c73a93fa 00000001 888c5244 00000000 00000000 00000000 00000000 00000000 00000101 00000081 00000000 00000000 00000000 00000000 00000000 00000000 00000000 00003333 00004ccd 00002667 00000001 00000000 01c9c380 0000027c
capture_snapshot GLI1 00010000 30000000 2500000 994 0 30000000 0 0 0 0 0 0 0 7cec3f48 00000000 888f5130 00000000 00f8417f 00000000 00f8417f 00000000 0000006a 00000000 00000000 00000000 0ba316f9 00000000 00f841e9 00000000 00000000 00000000 00000000 00000039 008b3199 00000001 00000000 00000001 00000000 00000000 00000000 00000000 00000000 00000000 00000000 00000000 00000000 00000000 00000000 00000000 00000000 00000000 00000000 00000000 c7449081 00000001 888f513f 00000000 00000000 00000000 00000000 00000000 00000100 00000081 00000000 00000000 00000000 00000000 00000000 00000000 00000000 00003333 00004ccd 00002667 00000001 00000000 01c9c380 0000027c
capture_snapshot GLI1 00010000 30000000 2500000 995 0 30000000 0 0 0 0 0 0 0 7cec3f48 00000000 8892549c 00000000 00f881c8 00000000 00f881c8 00000000 0000006a 00000000 00000000 00000000 0ba61a67 00000000 00f88232 00000000 00000000 00000000 00000000 00000039 008b3199 00000001 00000000 00000001 00000000 00000000 00000000 00000000 00000000 00000000 00000000 00000000 00000000 00000000 00000000 00000000 00000000 00000000 00000000 00000000 c74e9bdc 00000001 889254ad 00000000 00000000 00000000 00000000 00000000 00000100 00000080 00000000 00000000 00000000 00000000 00000000 00000000 00000000 00003333 00004ccd 00002667 00000001 00000000 01c9c380 0000027c
capture_snapshot GLI1 00010000 30000000 2500000 996 0 30000000 0 0 0 0 0 0 0 7cec3f48 00000000 889551a8 00000000 00f8c189 00000000 00f8c189 00000000 0000006a 00000000 00000000 00000000 0ba91770 00000000 00f8c1f3 00000000 00000000 00000000 00000000 00000039 008b3199 00000001 00000000 00000001 00000000 00000000 00000000 00000000 00000000 00000000 00000000 00000000 00000000 00000000 00000000 00000000 00000000 00000000 00000000 00000000 c75891e7 00000001 889551b6 00000000 00000000 00000000 00000000 00000000 00000100 00000080 00000000 00000000 00000000 00000000 00000000 00000000 00000000 00003333 00004ccd 00002667 00000001 00000000 01c9c380 0000027c
capture_snapshot GLI1 00010000 30000000 2500000 997 0 30000000 0 0 0 0 0 0 0 7cec3f48 00000000 88985130 00000000 00f9017f 00000000 00f9017f 00000000 0000006a 00000000 00000000 00000000 0bac16f9 00000000 00f901e9 00000000 00000000 00000000 00000000 00000039 008b3199 00000001 00000000 00000001 00000000 00000000 00000000 00000000 00000000 00000000 00000000 00000000 00000000 00000000 00000000 00000000 00000000 00000000 00000000 00000000 c7629047 00000001 8898513f 00000000 00000000 00000000 00000000 00000000 00000100 00000080 00000000 00000000 00000000 00000000 00000000 00000000 00000000 00003333 00004ccd 00002667 00000001 00000000 01c9c380 0000027c
capture_snapshot GLI1 00010000 30000000 2500000 998 0 30000000 0 0 0 0 0 0 0 7cec3f48 00000000 889b5190 00000000 00f94187 00000000 00f94187 00000000 0000006a 00000000 00000000 00000000 0baf175c 00000000 00f941f1 00000000 00000000 00000000 00000000 00000039 008b3199 00000001 00000000 00000001 00000000 00000000 00000000 00000000 00000000 00000000 00000000 00000000 00000000 00000000 00000000 00000000 00000000 00000000 00000000 00000000 c76c917b 00000001 889b51a2 00000000 00000000 00000000 00000000 00000000 00000101 00000080 00000000 00000000 00000000 00000000 00000000 00000000 00000000 00003333 00004ccd 00002667 00000001 00000000 01c9c380 0000027c
capture_snapshot GLI1 00010000 30000000 2500000 999 0 30000000 0 0 0 0 0 0 0 7cec3f48 00000000 889e51cc 00000000 00f9818c 00000000 00f9818c 00000000 0000006a 00000000 00000000 00000000 0bb2179e 00000000 00f981f6 00000000 00000000 00000000 00000000 00000039 008b3199 00000001 00000000 00000001 00000000 00000000 00000000 00000000 00000000 00000000 00000000 00000000 00000000 00000000 00000000 00000000 00000000 00000000 00000000 00000000 c7769245 00000001 889e51e4 00000000 00000000 00000000 00000000 00000000 00000101 00000081 00000000 00000000 00000000 00000000 00000000 00000000 00000000 00003333 00004ccd 00002667 00000001 00000000 01c9c380 0000027c
capture_snapshot GLI1 00010000 30000000 2500000 1000 0 30000000 0 0 0 0 0 0 0 7cec3f48 00000000 88a1531c 00000000 00f9c1a8 00000000 00f9c1a8 00000000 0000006a 00000000 00000000 00000000 0bb518e4 00000000 00f9c212 00000000 00000000 00000000 00000000 00000039 008b3199 00000001 00000000 00000001 00000000 00000000 00000000 00000000 00000000 00000000 00000000 00000000 00000000 00000000 00000000 00000000 00000000 00000000 00000000 00000000 c7809671 00000001 88a1532a 00000000 00000000 00000000 00000000 00000000 00000100 00000080 00000000 00000000 00000000 00000000 00000000 00000000 00000000 00003333 00004ccd 00002667 00000001 00000000 01c9c380 0000027c
capture_snapshot GLI1 00010000 30000000 2500000 1001 0 30000000 0 0 0 0 0 0 0 7cec3f48 00000000 88a45160 00000000 00fa0183 00000000 00fa0183 00000000 0000006a 00000000 00000000 00000000 0bb81731 00000000 00fa01ed 00000000 00000000 00000000 00000000 00000039 008b3199 00000001 00000000 00000001 00000000 00000000 00000000 00000000 00000000 00000000 00000000 00000000 00000000 00000000 00000000 00000000 00000000 00000000 00000000 00000000 c78a90b1 00000001 88a45177 00000000 00000000 00000000 00000000 00000000 00000101 00000080 00000000 00000000 00000000 00000000 00000000 00000000 00000000 00003333 00004ccd 00002667 00000001 00000000 01c9c380 0000027c
capture_snapshot GLI1 00010000 30000000 2500000 1002 0 30000000 0 0 0 0 0 0 0 7cec3f48 00000000 88a7522c 00000000 00fa4194 00000000 00fa4194 00000000 0000006a 00000000 00000000 00000000 0bbb17fc 00000000 00fa41fe 00000000 00000000 00000000 00000000 00000039 008b3199 00000001 00000000 00000001 00000000 00000000 00000000 00000000 00000000 00000000 00000000 00000000 00000000 00000000 00000000 00000000 00000000 00000000 00000000 00000000 c7949343 00000001 88a75242 00000000 00000000 00000000 00000000 00000000 00000101 00000081 00000000 00000000 00000000 00000000 00000000 00000000 00000000 00003333 00004ccd 00002667 00000001 00000000 01c9c380 0000027c
capture_snapshot GLI1 00010000 30000000 2500000 1003 0 30000000 0 0 0 0 0 0 0 7cec3f48 00000000 88aa5178 00000000 00fa8185 00000000 00fa8185 00000000 0000006a 00000000 00000000 00000000 0bbe1745 00000000 00fa81ef 00000000 00000000 00000000 00000000 00000039 008b3199 00000001 00000000 00000001 00000000 00000000 00000000 00000000 00000000 00000000 00000000 00000000 00000000 00000000 00000000 00000000 00000000 00000000 00000000 00000000 c79e90cc 00000001 88aa518b 00000000 00000000 00000000 00000000 00000000 00000100 00000080 00000000 00000000 00000000 00000000 00000000 00000000 00000000 00003333 00004ccd 00002667 00000001 00000000 01c9c380 0000027c
capture_snapshot GLI1 00010000 30000000 2500000 1004 0 30000000 0 0 0 0 0 0 0 7cec3f48 00000000 88ad5130 00000000 00fac17f 00000000 00fac17f 00000000 0000006a 00000000 00000000 00000000 0bc11700 00000000 00fac1e9 00000000 00000000 00000000 00000000 00000039 008b3199 00000001 00000000 00000001 00000000 00000000 00000000 00000000 00000000 00000000 00000000 00000000 00000000 00000000 00000000 00000000 00000000 00000000 00000000 00000000 c7a88fd5 00000001 88ad5146 00000000 00000000 00000000 00000000 00000000 00000101 00000080 00000000 00000000 00000000 00000000 00000000 00000000 00000000 00003333 00004ccd 00002667 00000001 00000000 01c9c380 0000027c
capture_snapshot GLI1 00010000 30000000 2500000 1005 0 30000000 0 0 0 0 0 0 0 7cec3f48 00000000 88b05118 00000000 00fb017d 00000000 00fb017d 00000000 0000006a 00000000 00000000 00000000 0bc416e3 00000000 00fb01e7 00000000 00000000 00000000 00000000 00000039 008b3199 00000001 00000000 00000001 00000000 00000000 00000000 00000000 00000000 00000000 00000000 00000000 00000000 00000000 00000000 00000000 00000000 00000000 00000000 00000000 c7b28f60 00000001 88b05129 00000000 00000000 00000000 00000000 00000000 00000101 00000081 00000000 00000000 00000000 00000000 00000000 00000000 00000000 00003333 00004ccd 00002667 00000001 00000000 01c9c380 0000027c
capture_snapshot GLI1 00010000 30000000 2500000 1006 0 30000000 0 0 0 0 0 0 0 7cec3f48 00000000 88b3510c 00000000 00fb417c 00000000 00fb417c 00000000 0000006a 00000000 00000000 00000000 0bc716d9 00000000 00fb41e6 00000000 00000000 00000000 00000000 00000039 008b3199 00000001 00000000 00000001 00000000 00000000 00000000 00000000 00000000 00000000 00000000 00000000 00000000 00000000 00000000 00000000 00000000 00000000 00000000 00000000 c7bc8f2d 00000001 88b3511f 00000000 00000000 00000000 00000000 00000000 00000100 00000080 00000000 00000000 00000000 00000000 00000000 00000000 00000000 00003333 00004ccd 00002667 00000001 00000000 01c9c380 0000027c
capture_snapshot GLI1 00010000 30000000 2500000 1007 0 30000000 0 0 0 0 0 0 0 7cec3f48 00000000 88b651c0 00000000 00fb818b 00000000 00fb818b 00000000 0000006a 00000000 00000000 00000000 0bca178c 00000000 00fb81f5 00000000 00000000 00000000 00000000 00000039 008b3199 00000001 00000000 00000001 00000000 00000000 00000000 00000000 00000000 00000000 00000000 00000000 00000000 00000000 00000000 00000000 00000000 00000000 00000000 00000000 c7c6916b 00000001 88b651d2 00000000 00000000 00000000 00000000 00000000 00000100 00000080 00000000 00000000 00000000 00000000 00000000 00000000 00000000 00003333 00004ccd 00002667 00000001 00000000 01c9c380 0000027c
capture_snapshot GLI1 00010000 30000000 2500000 1008 0 30000000 0 0 0 0 0 0 0 7cec3f48 00000000 88b951cc 00000000 00fbc18c 00000000 00fbc18c 00000000 0000006a 00000000 00000000 00000000 0bcd1797 00000000 00fbc1f6 00000000 00000000 00000000 00000000 00000039 008b3199 00000001 00000000 00000001 00000000 00000000 00000000 00000000 00000000 00000000 00000000 00000000 00000000 00000000 00000000 00000000 00000000 00000000 00000000 00000000 c7d0917e 00000001 88b951dd 00000000 00000000 00000000 00000000 00000000 00000101 00000081 00000000 00000000 00000000 00000000 00000000 00000000 00000000 00003333 00004ccd 00002667 00000001 00000000 01c9c380 0000027c
capture_snapshot GLI1 00010000 30000000 2500000 1009 0 30000000 0 0 0 0 0 0 0 7cec3f48 00000000 88bc50e8 00000000 00fc0179 00000000 00fc0179 00000000 0000006a 00000000 00000000 00000000 0bd016b5 00000000 00fc01e3 00000000 00000000 00000000 00000000 00000039 008b3199 00000001 00000000 00000001 00000000 00000000 00000000 00000000 00000000 00000000 00000000 00000000 00000000 00000000 00000000 00000000 00000000 00000000 00000000 00000000 c7da8e79 00000001 88bc50fb 00000000 00000000 00000000 00000000 00000000 00000101 00000081 00000000 00000000 00000000 00000000 00000000 00000000 00000000 00003333 00004ccd 00002667 00000001 00000000 01c9c380 0000027c
capture_snapshot GLI1 00010000 30000000 2500000 1010 0 30000000 0 0 0 0 0 0 0 7cec3f48 00000000 88bf51d8 00000000 00fc418d 00000000 00fc418d 00000000 0000006a 00000000 00000000 00000000 0bd317a6 00000000 00fc41f7 00000000 00000000 00000000 00000000 00000039 008b3199 00000001 00000000 00000001 00000000 00000000 00000000 00000000 00000000 00000000 00000000 00000000 00000000 00000000 00000000 00000000 00000000 00000000 00000000 00000000 c7e49189 00000001 88bf51ec 00000000 00000000 00000000 00000000 00000000 00000101 00000081 00000000 00000000 00000000 00000000 00000000 00000000 00000000 00003333 00004ccd 00002667 00000001 00000000 01c9c380 0000027c
capture_snapshot GLI1 00010000 30000000 2500000 1011 0 30000000 0 0 0 0 0 0 0 7cec3f48 00000000 88c251f0 00000000 00fc818f 00000000 00fc818f 00000000 0000006a 00000000 00000000 00000000 0bd617c1 00000000 00fc81f9 00000000 00000000 00000000 00000000 00000039 008b3199 00000001 00000000 00000001 00000000 00000000 00000000 00000000 00000000 00000000 00000000 00000000 00000000 00000000 00000000 00000000 00000000 00000000 00000000 00000000 c7ee91d0 00000001 88c25207 00000000 00000000 00000000 00000000 00000000 00000100 00000081 00000000 00000000 00000000 00000000 00000000 00000000 00000000 00003333 00004ccd 00002667 00000001 00000000 01c9c380 0000027c
capture_snapshot GLI1 00010000 30000000 2500000 1012 0 30000000 0 0 0 0 0 0 0 7cec3f48 00000000 88c550d0 00000000 00fcc177 00000000 00fcc177 00000000 0000006a 00000000 00000000 00000000 0bd91699 00000000 00fcc1e1 00000000 00000000 00000000 00000000 00000039 008b3199 00000001 00000000 00000001 00000000 00000000 00000000 00000000 00000000 00000000 00000000 00000000 00000000 00000000 00000000 00000000 00000000 00000000 00000000 00000000 c7f88de0 00000001 88c550df 00000000 00000000 00000000 00000000 00000000 00000101 00000080 00000000 00000000 00000000 00000000 00000000 00000000 00000000 00003333 00004ccd 00002667 00000001 00000000 01c9c380 0000027c
capture_snapshot GLI1 00010000 30000000 2500000 1013 0 30000000 0 0 0 0 0 0 0 7cec3f48 00000000 88c856f4 00000000 00fd01fa 00000000 00fd01fa 00000000 0000006a 00000000 00000000 00000000 0bdc1cc4 00000000 00fd0264 00000000 00000000 00000000 00000000 00000039 008b3199 00000001 00000000 00000001 00000000 00000000 00000000 00000000 00000000 00000000 00000000 00000000 00000000 00000000 00000000 00000000 00000000 00000000 00000000 00000000 c802a25e 00000001 88c8570a 00000000 00000000 00000000 00000000 00000000 00000100 00000080 00000000 00000000 00000000 00000000 00000000 00000000 00000000 00003333 00004ccd 00002667 00000001 00000000 01c9c380 0000027c
capture_snapshot GLI1 00010000 30000000 2500000 1014 0 30000000 0 0 0 0 0 0 0 7cec3f48 00000000 88cb564c 00000000 00fd41ec 00000000 00fd41ec 00000000 0000006a 00000000 00000000 00000000 0bdf1c1c 00000000 00fd4256 00000000 00000000 00000000 00000000 00000039 008b3199 00000001 00000000 00000001 00000000 00000000 00000000 00000000 00000000 00000000 00000000 00000000 00000000 00000000 00000000 00000000 00000000 00000000 00000000 00000000 c80ca01a 00000001 88cb5662 00000000 00000000 00000000 00000000 00000000 00000100 00000080 00000000 00000000 00000000 00000000 00000000 00000000 00000000 00003333 00004ccd 00002667 00000001 00000000 01c9c380 0000027c
capture_snapshot GLI1 00010000 30000000 2500000 1015 0 30000000 0 0 0 0 0 0 0 7cec3f48 00000000 88ce5124 00000000 00fd817e 00000000 00fd817e 00000000 0000006a 00000000 00000000 00000000 0be216ef 00000000 00fd81e8 00000000 00000000 00000000 00000000 00000039 008b3199 00000001 00000000 00000001 00000000 00000000 00000000 00000000 00000000 00000000 00000000 00000000 00000000 00000000 00000000 00000000 00000000 00000000 00000000 00000000 c8168ec5 00000001 88ce5135 00000000 00000000 00000000 00000000 00000000 00000101 00000081 00000000 00000000 00000000 00000000 00000000 00000000 00000000 00003333 00004ccd 00002667 00000001 00000000 01c9c380 0000027c
capture_snapshot GLI1 00010000 30000000 2500000 1016 0 30000000 0 0 0 0 0 0 0 7cec3f48 00000000 88d151cc 00000000 00fdc18c 00000000 00fdc18c 00000000 0000006a 00000000 00000000 00000000 0be5179a 00000000 00fdc1f6 00000000 00000000 00000000 00000000 00000039 008b3199 00000001 00000000 00000001 00000000 00000000 00000000 00000000 00000000 00000000 00000000 00000000 00000000 00000000 00000000 00000000 00000000 00000000 00000000 00000000 c82090ed 00000001 88d151e0 00000000 00000000 00000000 00000000 00000000 00000100 00000080 00000000 00000000 00000000 00000000 00000000 00000000 00000000 00003333 00004ccd 00002667 00000001 00000000 01c9c380 0000027c
capture_snapshot GLI1 00010000 30000000 2500000 1017 0 30000000 0 0 0 0 0 0 0 7cec3f48 00000000 88d45ab4 00000000 00fe024a 00000000 00fe024a 00000000 0000006a 00000000 00000000 00000000 0be82088 00000000 00fe02b4 00000000 00000000 00000000 00000000 00000039 008b3199 00000001 00000000 00000001 00000000 00000000 00000000 00000000 00000000 00000000 00000000 00000000 00000000 00000000 00000000 00000000 00000000 00000000 00000000 00000000 c82aae9b 00000001 88d45ace 00000000 00000000 00000000 00000000 00000000 00000101 00000080 00000000 00000000 00000000 00000000 00000000 00000000 00000000 00003333 00004ccd 00002667 00000001 00000000 01c9c380 0000027c
capture_snapshot GLI1 00010000 30000000 2500000 1018 0 30000000 0 0 0 0 0 0 0 7cec3f48 00000000 88d76108 00000000 00fe42d1 00000000 00fe42d1 00000000 0000006a 00000000 00000000 00000000 0beb26d4 00000000 00fe433b 00000000 00000000 00000000 00000000 00000039 008b3199 00000001 00000000 00000001 00000000 00000000 00000000 00000000 00000000 00000000 00000000 00000000 00000000 00000000 00000000 00000000 00000000 00000000 00000000 00000000 c834c386 00000001 88d7611a 00000000 00000000 00000000 00000000 00000000 00000101 00000080 00000000 00000000 00000000 00000000 00000000 00000000 00000000 00003333 00004ccd 00002667 00000001 00000000 01c9c380 0000027c
capture_snapshot GLI1 00010000 30000000 2500000 1019 0 30000000 0 0 0 0 0 0 0 7cec3f48 00000000 88da60f0 00000000 00fe82cf 00000000 00fe82cf 00000000 0000006a 00000000 00000000 00000000 0bee26b9 00000000 00fe8339 00000000 00000000 00000000 00000000 00000039 008b3199 00000001 00000000 00000001 00000000 00000000 00000000 00000000 00000000 00000000 00000000 00000000 00000000 00000000 00000000 00000000 00000000 00000000 00000000 00000000 c83ec319 00000001 88da60ff 00000000 00000000 00000000 00000000 00000000 00000100 00000081 00000000 00000000 00000000 00000000 00000000 00000000 00000000 00003333 00004ccd 00002667 00000001 00000000 01c9c380 0000027c
capture_snapshot GLI1 00010000 30000000 2500000 1020 0 30000000 0 0 0 0 0 0 0 7cec3f48 00000000 88dd699c 00000000 00fec388 00000000 00fec388 00000000 0000006a 00000000 00000000 00000000 0bf12f6f 00000000 00fec3f2 00000000 00000000 00000000 00000000 00000039 008b3199 00000001 00000000 00000001 00000000 00000000 00000000 00000000 00000000 00000000 00000000 00000000 00000000 00000000 00000000 00000000 00000000 00000000 00000000 00000000 c848e00c 00000001 88dd69b5 00000000 00000000 00000000 00000000 00000000 00000100 00000080 00000000 00000000 00000000 00000000 00000000 00000000 00000000 00003333 00004ccd 00002667 00000001 00000000 01c9c380 0000027c
capture_snapshot GLI1 00010000 30000000 2500000 1021 0 30000000 0 0 0 0 0 0 0 7cec3f48 00000000 88e062c4 00000000 00ff02f6 00000000 00ff02f6 00000000 0000006a 00000000 00000000 00000000 0bf42891 00000000 00ff0360 00000000 00000000 00000000 00000000 00000039 008b3199 00000001 00000000 00000001 00000000 00000000 00000000 00000000 00000000 00000000 00000000 00000000 00000000 00000000 00000000 00000000 00000000 00000000 00000000 00000000 c852c916 00000001 88e062d7 00000000 00000000 00000000 00000000 00000000 00000101 00000081 00000000 00000000 00000000 00000000 00000000 00000000 00000000 00003333 00004ccd 00002667 00000001 00000000 01c9c380 0000027c
capture_snapshot GLI1 00010000 30000000 2500000 1022 0 30000000 0 0 0 0 0 0 0 7cec3f48 00000000 88e3645c 00000000 00ff4318 00000000 00ff4318 00000000 0000006a 00000000 00000000 00000000 0bf72a2b 00000000 00ff4382 00000000 00000000 00000000 00000000 00000039 008b3199 00000001 00000000 00000001 00000000 00000000 00000000 00000000 00000000 00000000 00000000 00000000 00000000 00000000 00000000 00000000 00000000 00000000 00000000 00000000 c85cce58 00000001 88e36471 00000000 00000000 00000000 00000000 00000000 00000100 00000080 00000000 00000000 00000000 00000000 00000000 00000000 00000000 00003333 00004ccd 00002667 00000001 00000000 01c9c380 0000027c
capture_snapshot GLI1 00010000 30000000 2500000 1023 0 30000000 0 0 0 0 0 0 0 7cec3f48 00000000 88e66468 00000000 00ff8319 00000000 00ff8319 00000000 0000006a 00000000 00000000 00000000 0bfa2a39 00000000 00ff8383 00000000 00000000 00000000 00000000 00000039 008b3199 00000001 00000000 00000001 00000000 00000000 00000000 00000000 00000000 00000000 00000000 00000000 00000000 00000000 00000000 00000000 00000000 00000000 00000000 00000000 c866ce75 00000001 88e6647f 00000000 00000000 00000000 00000000 00000000 00000101 00000081 00000000 00000000 00000000 00000000 00000000 00000000 00000000 00003333 00004ccd 00002667 00000001 00000000 01c9c380 0000027c
capture_snapshot GLI1 00010000 30000000 2500000 1024 0 30000000 0 0 0 0 0 0 0 7cec3f48 00000000 88e964d4 00000000 00ffc322 00000000 00ffc322 00000000 0000006a 00000000 00000000 00000000 0bfd2aa8 00000000 00ffc38c 00000000 00000000 00000000 00000000 00000039 008b3199 00000001 00000000 00000001 00000000 00000000 00000000 00000000 00000000 00000000 00000000 00000000 00000000 00000000 00000000 00000000 00000000 00000000 00000000 00000000 c870cfd2 00000001 88e964ee 00000000 00000000 00000000 00000000 00000000 00000101 00000080 00000000 00000000 00000000 00000000 00000000 00000000 00000000 00003333 00004ccd 00002667 00000001 00000000 01c9c380 0000027c
capture_snapshot GLI1 00010000 30000000 2500000 1025 0 30000000 0 0 0 0 0 0 0 7cec3f48 00000000 88ec5d84 00000000 01000286 00000000 01000286 00000000 0000006a 00000000 00000000 00000000 0c002353 00000000 010002f0 00000000 00000000 00000000 00000000 00000039 008b3199 00000001 00000000 00000001 00000000 00000000 00000000 00000000 00000000 00000000 00000000 00000000 00000000 00000000 00000000 00000000 00000000 00000000 00000000 00000000 c87ab750 00000001 88ec5d99 00000000 00000000 00000000 00000000 00000000 00000100 00000080 00000000 00000000 00000000 00000000 00000000 00000000 00000000 00003333 00004ccd 00002667 00000001 00000000 01c9c380 0000027c
capture_snapshot GLI1 00010000 30000000 2500000 1026 0 30000000 0 0 0 0 0 0 0 7cec3f48 00000000 88ef5c88 00000000 01004271 00000000 01004271 00000000 0000006a 00000000 00000000 00000000 0c03225a 00000000 010042db 00000000 00000000 00000000 00000000 00000039 008b3199 00000001 00000000 00000001 00000000 00000000 00000000 00000000 00000000 00000000 00000000 00000000 00000000 00000000 00000000 00000000 00000000 00000000 00000000 00000000 c884b3fd 00000001 88ef5ca0 00000000 00000000 00000000 00000000 00000000 00000101 00000081 00000000 00000000 00000000 00000000 00000000 00000000 00000000 00003333 00004ccd 00002667 00000001 00000000 01c9c380 0000027c
capture_snapshot GLI1 00010000 30000000 2500000 1027 0 30000000 0 0 0 0 0 0 0 7cec3f48 00000000 88f25d54 00000000 01008282 00000000 01008282 00000000 0000006a 00000000 00000000 00000000 0c062321 00000000 010082ec 00000000 00000000 00000000 00000000 00000039 008b3199 00000001 00000000 00000001 00000000 00000000 00000000 00000000 00000000 00000000 00000000 00000000 00000000 00000000 00000000 00000000 00000000 00000000 00000000 00000000 c88eb680 00000001 88f25d67 00000000 00000000 00000000 00000000 00000000 00000100 00000080 00000000 00000000 00000000 00000000 00000000 00000000 00000000 00003333 00004ccd 00002667 00000001 00000000 01c9c380 0000027c
capture_snapshot GLI1 00010000 30000000 2500000 1028 0 30000000 0 0 0 0 0 0 0 7cec3f48 00000000 88f55cf4 00000000 0100c27a 00000000 0100c27a 00000000 0000006a 00000000 00000000 00000000 0c0922c4 00000000 0100c2e4 00000000 00000000 00000000 00000000 00000039 008b3199 00000001 00000000 00000001 00000000 00000000 00000000 00000000 00000000 00000000 00000000 00000000 00000000 00000000 00000000 00000000 00000000 00000000 00000000 00000000 c898b536 00000001 88f55d0a 00000000 00000000 00000000 00000000 00000000 00000100 00000080 00000000 00000000 00000000 00000000 00000000 00000000 00000000 00003333 00004ccd 00002667 00000001 00000000 01c9c380 0000027c
capture_snapshot GLI1 00010000 30000000 2500000 1029 0 30000000 0 0 0 0 0 0 0 7cec3f48 00000000 88f85dc0 00000000 0101028b 00000000 0101028b 00000000 0000006a 00000000 00000000 00000000 0c0c238e 00000000 010102f5 00000000 00000000 00000000 00000000 00000039 008b3199 00000001 00000000 00000001 00000000 00000000 00000000 00000000 00000000 00000000 00000000 00000000 00000000 00000000 00000000 00000000 00000000 00000000 00000000 00000000 c8a2b7c7 00000001 88f85dd4 00000000 00000000 00000000 00000000 00000000 00000100 00000080 00000000 00000000 00000000 00000000 00000000 00000000 00000000 00003333 00004ccd 00002667 00000001 00000000 01c9c380 0000027c
capture_snapshot GLI1 00010000 30000000 2500000 1030 0 30000000 0 0 0 0 0 0 0 7cec3f48 00000000 88fb5d30 00000000 0101427f 00000000 0101427f 00000000 0000006a 00000000 00000000 00000000 0c0f22fe 00000000 010142e9 00000000 00000000 00000000 00000000 00000039 008b3199 00000001 00000000 00000001 00000000 00000000 00000000 00000000 00000000 00000000 00000000 00000000 00000000 00000000 00000000 00000000 00000000 00000000 00000000 00000000 c8acb5d2 00000001 88fb5d44 00000000 00000000 00000000 00000000 00000000 00000101 00000081 00000000 00000000 00000000 00000000 00000000 00000000 00000000 00003333 00004ccd 00002667 00000001 00000000 01c9c380 0000027c
capture_snapshot GLI1 00010000 30000000 2500000 1031 0 30000000 0 0 0 0 0 0 0 7cec3f48 00000000 88fe5dc0 00000000 0101828b 00000000 0101828b 00000000 0000006a 00000000 00000000 00000000 0c122389 00000000 010182f5 00000000 00000000 00000000 00000000 00000039 008b3199 00000001 00000000 00000001 00000000 00000000 00000000 00000000 00000000 00000000 00000000 00000000 00000000 00000000 00000000 00000000 00000000 00000000 00000000 00000000 c8b6b78f 00000001 88fe5dcf 00000000 00000000 00000000 00000000 00000000 00000100 00000081 00000000 00000000 00000000 00000000 00000000 00000000 00000000 00003333 00004ccd 00002667 00000001 00000000 01c9c380 0000027c
capture_snapshot GLI1 00010000 30000000 2500000 1032 0 30000000 0 0 0 0 0 0 0 7cec3f48 00000000 89015dd8 00000000 0101c28d 00000000 0101c28d 00000000 0000006a 00000000 00000000 00000000 0c1523a3 00000000 0101c2f7 00000000 00000000 00000000 00000000 00000039 008b3199 00000001 00000000 00000001 00000000 00000000 00000000 00000000 00000000 00000000 00000000 00000000 00000000 00000000 00000000 00000000 00000000 00000000 00000000 00000000 c8c0b7d1 00000001 89015de9 00000000 00000000 00000000 00000000 00000000 00000101 00000081 00000000 00000000 00000000 00000000 00000000 00000000 00000000 00003333 00004ccd 00002667 00000001 00000000 01c9c380 0000027c
capture_snapshot GLI1 00010000 30000000 2500000 1033 0 30000000 0 0 0 0 0 0 0 7cec3f48 00000000 89045cb8 00000000 01020275 00000000 01020275 00000000 0000006a 00000000 00000000 00000000 0c182288 00000000 010202df 00000000 00000000 00000000 00000000 00000039 008b3199 00000001 00000000 00000001 00000000 00000000 00000000 00000000 00000000 00000000 00000000 00000000 00000000 00000000 00000000 00000000 00000000 00000000 00000000 00000000 c8cab40d 00000001 89045cce 00000000 00000000 00000000 00000000 00000000 00000100 00000080 00000000 00000000 00000000 00000000 00000000 00000000 00000000 00003333 00004ccd 00002667 00000001 00000000 01c9c380 0000027c
capture_snapshot GLI1 00010000 30000000 2500000 1034 0 30000000 0 0 0 0 0 0 0 7cec3f48 00000000 89075f40 00000000 010242ab 00000000 010242ab 00000000 0000006a 00000000 00000000 00000000 0c1b2512 00000000 01024315 00000000 00000000 00000000 00000000 00000039 008b3199 00000001 00000000 00000001 00000000 00000000 00000000 00000000 00000000 00000000 00000000 00000000 00000000 00000000 00000000 00000000 00000000 00000000 00000000 00000000 c8d4bc72 00000001 89075f58 00000000 00000000 00000000 00000000 00000000 00000101 00000081 00000000 00000000 00000000 00000000 00000000 00000000 00000000 00003333 00004ccd 00002667 00000001 00000000 01c9c380 0000027c
capture_snapshot GLI1 00010000 30000000 2500000 1035 0 30000000 0 0 0 0 0 0 0 7cec3f48 00000000 890a5f1c 00000000 010282a8 00000000 010282a8 00000000 0000006a 00000000 00000000 00000000 0c1e24e9 00000000 01028312 00000000 00000000 00000000 00000000 00000039 008b3199 00000001 00000000 00000001 00000000 00000000 00000000 00000000 00000000 00000000 00000000 00000000 00000000 00000000 00000000 00000000 00000000 00000000 00000000 00000000 c8debbd7 00000001 890a5f2f 00000000 00000000 00000000 00000000 00000000 00000100 00000080 00000000 00000000 00000000 00000000 00000000 00000000 00000000 00003333 00004ccd 00002667 00000001 00000000 01c9c380 0000027c
capture_snapshot GLI1 00010000 30000000 2500000 1036 0 30000000 0 0 0 0 0 0 0 7cec3f48 00000000 890d5fb8 00000000 0102c2b5 00000000 0102c2b5 00000000 0000006a 00000000 00000000 00000000 0c212586 00000000 0102c31f 00000000 00000000 00000000 00000000 00000039 008b3199 00000001 00000000 00000001 00000000 00000000 00000000 00000000 00000000 00000000 00000000 00000000 00000000 00000000 00000000 00000000 00000000 00000000 00000000 00000000 c8e8bdce 00000001 890d5fcc 00000000 00000000 00000000 00000000 00000000 00000100 00000080 00000000 00000000 00000000 00000000 00000000 00000000 00000000 00003333 00004ccd 00002667 00000001 00000000 01c9c380 0000027c
capture_snapshot GLI1 00010000 30000000 2500000 1037 0 30000000 0 0 0 0 0 0 0 7cec3f48 00000000 89105afc 00000000 01030250 00000000 01030250 00000000 0000006a 00000000 00000000 00000000 0c2420cc 00000000 010302ba 00000000 00000000 00000000 00000000 00000039 008b3199 00000001 00000000 00000001 00000000 00000000 00000000 00000000 00000000 00000000 00000000 00000000 00000000 00000000 00000000 00000000 00000000 00000000 00000000 00000000 c8f2adf7 00000001 89105b12 00000000 00000000 00000000 00000000 00000000 00000100 00000080 00000000 00000000 00000000 00000000 00000000 00000000 00000000 00003333 00004ccd 00002667 00000001 00000000 01c9c380 0000027c
capture_snapshot GLI1 00010000 30000000 2500000 1038 0 30000000 0 0 0 0 0 0 0 7cec3f48 00000000 89135bb0 00000000 0103425f 00000000 0103425e 00000000 0000006a 00000000 00000000 00000000 0c272178 00000000 010342c9 00000000 00000000 00000000 00000000 0000003b 008b3199 00000001 00000001 00000001 00000000 00000000 00000000 00000000 00000000 00000000 00000000 00000000 00000000 00000000 00000000 00000000 00000000 00000000 00000000 00000000 c8fcb023 00000001 89135bbe 00000000 00000000 00000000 00000000 00000000 00000100 00000080 00000000 00000000 00000000 00000000 00000000 00000000 00000000 00003333 00004ccd 00002667 00000001 00000000 01c9c380 0000027c
capture_snapshot GLI1 00010000 30000000 2500000 1039 0 30000000 0 0 0 0 0 0 0 7cec3f48 00000000 89165c58 00000000 0103826d 00000000 0103826d 00000000 0000006a 00000000 00000000 00000000 0c2a2223 00000000 010382d7 00000000 00000000 00000000 00000000 00000039 008b3199 00000001 00000000 00000001 00000000 00000000 00000000 00000000 00000000 00000000 00000000 00000000 00000000 00000000 00000000 00000000 00000000 00000000 00000000 00000000 c906b247 00000001 89165c69 00000000 00000000 00000000 00000000 00000000 00000100 00000080 00000000 00000000 00000000 00000000 00000000 00000000 00000000 00003333 00004ccd 00002667 00000001 00000000 01c9c380 0000027c
capture_snapshot GLI1 00010000 30000000 2500000 1040 0 30000000 0 0 0 0 0 0 0 7cec3f48 00000000 89196108 00000000 0103c2d1 00000000 0103c2d1 00000000 0000006a 00000000 00000000 00000000 0c2d26d4 00000000 0103c33b 00000000 00000000 00000000 00000000 00000039 008b3199 00000001 00000000 00000001 00000000 00000000 00000000 00000000 00000000 00000000 00000000 00000000 00000000 00000000 00000000 00000000 00000000 00000000 00000000 00000000 c910c1d8 00000001 8919611a 00000000 00000000 00000000 00000000 00000000 00000101 00000081 00000000 00000000 00000000 00000000 00000000 00000000 00000000 00003333 00004ccd 00002667 00000001 00000000 01c9c380 0000027c
capture_snapshot GLI1 00010000 30000000 2500000 1041 0 30000000 0 0 0 0 0 0 0 7cec3f48 00000000 891c6294 00000000 010402f2 00000000 010402f2 00000000 0000006a 00000000 00000000 00000000 0c302862 00000000 0104035c 00000000 00000000 00000000 00000000 00000039 008b3199 00000001 00000000 00000001 00000000 00000000 00000000 00000000 00000000 00000000 00000000 00000000 00000000 00000000 00000000 00000000 00000000 00000000 00000000 00000000 c91ac6f3 00000001 891c62a8 00000000 00000000 00000000 00000000 00000000 00000101 00000081 00000000 00000000 00000000 00000000 00000000 00000000 00000000 00003333 00004ccd 00002667 00000001 00000000 01c9c380 0000027c
capture_snapshot GLI1 00010000 30000000 2500000 1042 0 30000000 0 0 0 0 0 0 0 7cec3f48 00000000 891f64a4 00000000 0104431e 00000000 0104431e 00000000 0000006a 00000000 00000000 00000000 0c332a6e 00000000 01044388 00000000 00000000 00000000 00000000 00000039 008b3199 00000001 00000000 00000001 00000000 00000000 00000000 00000000 00000000 00000000 00000000 00000000 00000000 00000000 00000000 00000000 00000000 00000000 00000000 00000000 c924cdb3 00000001 891f64b4 00000000 00000000 00000000 00000000 00000000 00000101 00000081 00000000 00000000 00000000 00000000 00000000 00000000 00000000 00003333 00004ccd 00002667 00000001 00000000 01c9c380 0000027c
capture_snapshot GLI1 00010000 30000000 2500000 1043 0 30000000 0 0 0 0 0 0 0 7cec3f48 00000000 8922615c 00000000 010482d8 00000000 010482d8 00000000 0000006a 00000000 00000000 00000000 0c362726 00000000 01048342 00000000 00000000 00000000 00000000 00000039 008b3199 00000001 00000000 00000001 00000000 00000000 00000000 00000000 00000000 00000000 00000000 00000000 00000000 00000000 00000000 00000000 00000000 00000000 00000000 00000000 c92ec2af 00000001 8922616c 00000000 00000000 00000000 00000000 00000000 00000101 00000081 00000000 00000000 00000000 00000000 00000000 00000000 00000000 00003333 00004ccd 00002667 00000001 00000000 01c9c380 0000027c
capture_snapshot GLI1 00010000 30000000 2500000 1044 0 30000000 0 0 0 0 0 0 0 7cec3f48 00000000 8925609c 00000000 0104c2c8 00000000 0104c2c8 00000000 0000006a 00000000 00000000 00000000 0c392669 00000000 0104c332 00000000 00000000 00000000 00000000 00000039 008b3199 00000001 00000000 00000001 00000000 00000000 00000000 00000000 00000000 00000000 00000000 00000000 00000000 00000000 00000000 00000000 00000000 00000000 00000000 00000000 c938c027 00000001 892560af 00000000 00000000 00000000 00000000 00000000 00000100 00000080 00000000 00000000 00000000 00000000 00000000 00000000 00000000 00003333 00004ccd 00002667 00000001 00000000 01c9c380 0000027c
capture_snapshot GLI1 00010000 30000000 2500000 1045 0 30000000 0 0 0 0 0 0 0 7cec3f48 00000000 89286a50 00000000 01050397 00000000 01050397 00000000 0000006a 00000000 00000000 00000000 0c3c301a 00000000 01050401 00000000 00000000 00000000 00000000 00000039 008b3199 00000001 00000000 00000001 00000000 00000000 00000000 00000000 00000000 00000000 00000000 00000000 00000000 00000000 00000000 00000000 00000000 00000000 00000000 00000000 c942e060 00000001 89286a60 00000000 00000000 00000000 00000000 00000000 00000101 00000081 00000000 00000000 00000000 00000000 00000000 00000000 00000000 00003333 00004ccd 00002667 00000001 00000000 01c9c380 0000027c
capture_snapshot GLI1 00010000 30000000 2500000 1046 0 30000000 0 0 0 0 0 0 0 7cec3f48 00000000 892b6b1c 00000000 010543a8 00000000 010543a8 00000000 0000006a 00000000 00000000 00000000 0c3f30ee 00000000 01054412 00000000 00000000 00000000 00000000 00000039 008b3199 00000001 00000000 00000001 00000000 00000000 00000000 00000000 00000000 00000000 00000000 00000000 00000000 00000000 00000000 00000000 00000000 00000000 00000000 00000000 c94ce30e 00000001 892b6b34 00000000 00000000 00000000 00000000 00000000 00000101 00000080 00000000 00000000 00000000 00000000 00000000 00000000 00000000 00003333 00004ccd 00002667 00000001 00000000 01c9c380 0000027c
capture_snapshot GLI1 00010000 30000000 2500000 1047 0 30000000 0 0 0 0 0 0 0 7cec3f48 00000000 892e6edc 00000000 010583f8 00000000 010583f8 00000000 0000006a 00000000 00000000 00000000 0c4234a6 00000000 01058462 00000000 00000000 00000000 00000000 00000039 008b3199 00000001 00000000 00000001 00000000 00000000 00000000 00000000 00000000 00000000 00000000 00000000 00000000 00000000 00000000 00000000 00000000 00000000 00000000 00000000 c956ef62 00000001 892e6eec 00000000 00000000 00000000 00000000 00000000 00000100 00000080 00000000 00000000 00000000 00000000 00000000 00000000 00000000 00003333 00004ccd 00002667 00000001 00000000 01c9c380 0000027c
capture_snapshot GLI1 00010000 30000000 2500000 1048 0 30000000 0 0 0 0 0 0 0 7cec3f48 00000000 893161d4 00000000 0105c2e2 00000000 0105c2e2 00000000 0000006a 00000000 00000000 00000000 0c4527a0 00000000 0105c34c 00000000 00000000 00000000 00000000 00000039 008b3199 00000001 00000000 00000001 00000000 00000000 00000000 00000000 00000000 00000000 00000000 00000000 00000000 00000000 00000000 00000000 00000000 00000000 00000000 00000000 c960c3e4 00000001 893161e6 00000000 00000000 00000000 00000000 00000000 00000101 00000081 00000000 00000000 00000000 00000000 00000000 00000000 00000000 00003333 00004ccd 00002667 00000001 00000000 01c9c380 0000027c
capture_snapshot GLI1 00010000 30000000 2500000 1049 0 30000000 0 0 0 0 0 0 0 7cec3f48 00000000 89346d98 00000000 010603dd 00000000 010603dd 00000000 0000006a 00000000 00000000 00000000 0c483369 00000000 01060447 00000000 00000000 00000000 00000000 00000039 008b3199 00000001 00000000 00000001 00000000 00000000 00000000 00000000 00000000 00000000 00000000 00000000 00000000 00000000 00000000 00000000 00000000 00000000 00000000 00000000 c96aeb1a 00000001 89346daf 00000000 00000000 00000000 00000000 00000000 00000100 00000081 00000000 00000000 00000000 00000000 00000000 00000000 00000000 00003333 00004ccd 00002667 00000001 00000000 01c9c380 0000027c
capture_snapshot GLI1 00010000 30000000 2500000 1050 0 30000000 0 0 0 0 0 0 0 7cec3f48 00000000 89376810 00000000 01064367 00000000 01064367 00000000 0000006a 00000000 00000000 00000000 0c4b2de3 00000000 010643d1 00000000 00000000 00000000 00000000 00000039 008b3199 00000001 00000000 00000001 00000000 00000000 00000000 00000000 00000000 00000000 00000000 00000000 00000000 00000000 00000000 00000000 00000000 00000000 00000000 00000000 c974d89c 00000001 89376829 00000000 00000000 00000000 00000000 00000000 00000101 00000081 00000000 00000000 00000000 00000000 00000000 00000000 00000000 00003333 00004ccd 00002667 00000001 00000000 01c9c380 0000027c
capture_snapshot GLI1 00010000 30000000 2500000 1051 0 30000000 0 0 0 0 0 0 0 7cec3f48 00000000 893a6300 00000000 010682fb 00000000 010682fa 00000000 0000006a 00000000 00000000 00000000 0c4e28c8 00000000 01068365 00000000 00000000 00000000 00000000 0000003b 008b3199 00000001 00000001 00000001 00000000 00000000 00000000 00000000 00000000 00000000 00000000 00000000 00000000 00000000 00000000 00000000 00000000 00000000 00000000 00000000 c97ec785 00000001 893a630e 00000000 00000000 00000000 00000000 00000000 00000101 00000080 00000000 00000000 00000000 00000000 00000000 00000000 00000000 00003333 00004ccd 00002667 00000001 00000000 01c9c380 0000027c
capture_snapshot GLI1 00010000 30000000 2500000 1052 0 30000000 0 0 0 0 0 0 0 7cec3f48 00000000 893d732c 00000000 0106c454 00000000 0106c454 00000000 0000006a 00000000 00000000 00000000 0c5138f7 00000000 0106c4be 00000000 00000000 00000000 00000000 00000039 008b3199 00000001 00000000 00000001 00000000 00000000 00000000 00000000 00000000 00000000 00000000 00000000 00000000 00000000 00000000 00000000 00000000 00000000 00000000 00000000 c988fd61 00000001 893d733d 00000000 00000000 00000000 00000000 00000000 00000100 00000080 00000000 00000000 00000000 00000000 00000000 00000000 00000000 00003333 00004ccd 00002667 00000001 00000000 01c9c380 0000027c
capture_snapshot GLI1 00010000 30000000 2500000 1053 0 30000000 0 0 0 0 0 0 0 7cec3f48 00000000 89406228 00000000 010702e9 00000000 010702e9 00000000 0000006a 00000000 00000000 00000000 0c5427f4 00000000 01070353 00000000 00000000 00000000 00000000 00000039 008b3199 00000001 00000000 00000001 00000000 00000000 00000000 00000000 00000000 00000000 00000000 00000000 00000000 00000000 00000000 00000000 00000000 00000000 00000000 00000000 c992c49a 00000001 8940623a 00000000 00000000 00000000 00000000 00000000 00000101 00000080 00000000 00000000 00000000 00000000 00000000 00000000 00000000 00003333 00004ccd 00002667 00000001 00000000 01c9c380 0000027c
capture_snapshot GLI1 00010000 30000000 2500000 1054 0 30000000 0 0 0 0 0 0 0 7cec3f48 00000000 894361a4 00000000 010742de 00000000 010742de 00000000 0000006a 00000000 00000000 00000000 0c572775 00000000 01074348 00000000 00000000 00000000 00000000 00000039 008b3199 00000001 00000000 00000001 00000000 00000000 00000000 00000000 00000000 00000000 00000000 00000000 00000000 00000000 00000000 00000000 00000000 00000000 00000000 00000000 c99cc2de 00000001 894361bb 00000000 00000000 00000000 00000000 00000000 00000100 00000080 00000000 00000000 00000000 00000000 00000000 00000000 00000000 00003333 00004ccd 00002667 00000001 00000000 01c9c380 0000027c
capture_snapshot GLI1 00010000 30000000 2500000 1055 0 30000000 0 0 0 0 0 0 0 7cec3f48 00000000 89466528 00000000 01078329 00000000 01078329 00000000 0000006a 00000000 00000000 00000000 0c5a2af5 00000000 01078393 00000000 00000000 00000000 00000000 00000039 008b3199 00000001 00000000 00000001 00000000 00000000 00000000 00000000 00000000 00000000 00000000 00000000 00000000 00000000 00000000 00000000 00000000 00000000 00000000 00000000 c9a6ce78 00000001 8946653b 00000000 00000000 00000000 00000000 00000000 00000100 00000080 00000000 00000000 00000000 00000000 00000000 00000000 00000000 00003333 00004ccd 00002667 00000001 00000000 01c9c380 0000027c
capture_snapshot GLI1 00010000 30000000 2500000 1056 0 30000000 0 0 0 0 0 0 0 7cec3f48 00000000 894962dc 00000000 0107c2f8 00000000 0107c2f8 00000000 0000006a 00000000 00000000 00000000 0c5d28a7 00000000 0107c362 00000000 00000000 00000000 00000000 00000039 008b3199 00000001 00000000 00000001 00000000 00000000 00000000 00000000 00000000 00000000 00000000 00000000 00000000 00000000 00000000 00000000 00000000 00000000 00000000 00000000 c9b0c6b5 00000001 894962ed 00000000 00000000 00000000 00000000 00000000 00000101 00000081 00000000 00000000 00000000 00000000 00000000 00000000 00000000 00003333 00004ccd 00002667 00000001 00000000 01c9c380 0000027c
capture_snapshot GLI1 00010000 30000000 2500000 1057 0 30000000 0 0 0 0 0 0 0 7cec3f48 00000000 894c6168 00000000 010802d9 00000000 010802d9 00000000 0000006a 00000000 00000000 00000000 0c60273a 00000000 01080343 00000000 00000000 00000000 00000000 00000039 008b3199 00000001 00000000 00000001 00000000 00000000 00000000 00000000 00000000 00000000 00000000 00000000 00000000 00000000 00000000 00000000 00000000 00000000 00000000 00000000 c9bac1e1 00000001 894c6180 00000000 00000000 00000000 00000000 00000000 00000101 00000081 00000000 00000000 00000000 00000000 00000000 00000000 00000000 00003333 00004ccd 00002667 00000001 00000000 01c9c380 0000027c
capture_snapshot GLI1 00010000 30000000 2500000 1058 0 30000000 0 0 0 0 0 0 0 7cec3f48 00000000 894f6120 00000000 010842d3 00000000 010842d3 00000000 0000006a 00000000 00000000 00000000 0c6326f3 00000000 0108433d 00000000 00000000 00000000 00000000 00000039 008b3199 00000001 00000000 00000001 00000000 00000000 00000000 00000000 00000000 00000000 00000000 00000000 00000000 00000000 00000000 00000000 00000000 00000000 00000000 00000000 c9c4c0e1 00000001 894f6139 00000000 00000000 00000000 00000000 00000000 00000101 00000080 00000000 00000000 00000000 00000000 00000000 00000000 00000000 00003333 00004ccd 00002667 00000001 00000000 01c9c380 0000027c
capture_snapshot GLI1 00010000 30000000 2500000 1059 0 30000000 0 0 0 0 0 0 0 7cec3f48 00000000 89526864 00000000 0108836e 00000000 0108836d 00000000 0000006a 00000000 00000000 00000000 0c662e2c 00000000 010883d8 00000000 00000000 00000000 00000000 0000003b 008b3199 00000001 00000001 00000001 00000000 00000000 00000000 00000000 00000000 00000000 00000000 00000000 00000000 00000000 00000000 00000000 00000000 00000000 00000000 00000000 c9ced8e1 00000001 89526872 00000000 00000000 00000000 00000000 00000000 00000100 00000080 00000000 00000000 00000000 00000000 00000000 00000000 00000000 00003333 00004ccd 00002667 00000001 00000000 01c9c380 0000027c
capture_snapshot GLI1 00010000 30000000 2500000 1060 0 30000000 0 0 0 0 0 0 0 7cec3f48 00000000 89556cc0 00000000 0108c3cb 00000000 0108c3cb 00000000 0000006a 00000000 00000000 00000000 0c693292 00000000 0108c435 00000000 00000000 00000000 00000000 00000039 008b3199 00000001 00000000 00000001 00000000 00000000 00000000 00000000 00000000 00000000 00000000 00000000 00000000 00000000 00000000 00000000 00000000 00000000 00000000 00000000 c9d8e777 00000001 89556cd8 00000000 00000000 00000000 00000000 00000000 00000100 00000080 00000000 00000000 00000000 00000000 00000000 00000000 00000000 00003333 00004ccd 00002667 00000001 00000000 01c9c380 0000027c
capture_snapshot GLI1 00010000 30000000 2500000 1061 0 30000000 0 0 0 0 0 0 0 7cec3f48 00000000 89586edc 00000000 010903f8 00000000 010903f8 00000000 0000006a 00000000 00000000 00000000 0c6c34a7 00000000 01090462 00000000 00000000 00000000 00000000 00000039 008b3199 00000001 00000000 00000001 00000000 00000000 00000000 00000000 00000000 00000000 00000000 00000000 00000000 00000000 00000000 00000000 00000000 00000000 00000000 00000000 c9e2ee53 00000001 89586eed 00000000 00000000 00000000 00000000 00000000 00000101 00000081 00000000 00000000 00000000 00000000 00000000 00000000 00000000 00003333 00004ccd 00002667 00000001 00000000 01c9c380 0000027c
capture_snapshot GLI1 00010000 30000000 2500000 1062 0 30000000 0 0 0 0 0 0 0 7cec3f48 00000000 895b6210 00000000 010942e7 00000000 010942e7 00000000 0000006a 00000000 00000000 00000000 0c6f27db 00000000 01094351 00000000 00000000 00000000 00000000 00000039 008b3199 00000001 00000000 00000001 00000000 00000000 00000000 00000000 00000000 00000000 00000000 00000000 00000000 00000000 00000000 00000000 00000000 00000000 00000000 00000000 c9ecc397 00000001 895b6221 00000000 00000000 00000000 00000000 00000000 00000101 00000080 00000000 00000000 00000000 00000000 00000000 00000000 00000000 00003333 00004ccd 00002667 00000001 00000000 01c9c380 0000027c
capture_snapshot GLI1 00010000 30000000 2500000 1063 0 30000000 0 0 0 0 0 0 0 7cec3f48 00000000 895e6114 00000000 010982d2 00000000 010982d2 00000000 0000006a 00000000 00000000 00000000 0c7226e6 00000000 0109833c 00000000 00000000 00000000 00000000 00000039 008b3199 00000001 00000000 00000001 00000000 00000000 00000000 00000000 00000000 00000000 00000000 00000000 00000000 00000000 00000000 00000000 00000000 00000000 00000000 00000000 c9f6c054 00000001 895e612c 00000000 00000000 00000000 00000000 00000000 00000101 00000081 00000000 00000000 00000000 00000000 00000000 00000000 00000000 00003333 00004ccd 00002667 00000001 00000000 01c9c380 0000027c
capture_snapshot GLI1 00010000 30000000 2500000 1064 0 30000000 0 0 0 0 0 0 0 7cec3f48 00000000 8961624c 00000000 0109c2ec 00000000 0109c2ec 00000000 0000006a 00000000 00000000 00000000 0c752817 00000000 0109c356 00000000 00000000 00000000 00000000 00000039 008b3199 00000001 00000000 00000001 00000000 00000000 00000000 00000000 00000000 00000000 00000000 00000000 00000000 00000000 00000000 00000000 00000000 00000000 00000000 00000000 ca00c439 00000001 8961625d 00000000 00000000 00000000 00000000 00000000 00000101 00000081 00000000 00000000 00000000 00000000 00000000 00000000 00000000 00003333 00004ccd 00002667 00000001 00000000 01c9c380 0000027c
capture_snapshot GLI1 00010000 30000000 2500000 1065 0 30000000 0 0 0 0 0 0 0 7cec3f48 00000000 896463f0 00000000 010a030f 00000000 010a030f 00000000 0000006a 00000000 00000000 00000000 0c7829be 00000000 010a0379 00000000 00000000 00000000 00000000 00000039 008b3199 00000001 00000000 00000001 00000000 00000000 00000000 00000000 00000000 00000000 00000000 00000000 00000000 00000000 00000000 00000000 00000000 00000000 00000000 00000000 ca0ac9a7 00000001 89646404 00000000 00000000 00000000 00000000 00000000 00000101 00000081 00000000 00000000 00000000 00000000 00000000 00000000 00000000 00003333 00004ccd 00002667 00000001 00000000 01c9c380 0000027c
capture_snapshot GLI1 00010000 30000000 2500000 1066 0 30000000 0 0 0 0 0 0 0 7cec3f48 00000000 896761f8 00000000 010a42e5 00000000 010a42e5 00000000 0000006a 00000000 00000000 00000000 0c7b27c2 00000000 010a434f 00000000 00000000 00000000 00000000 00000039 008b3199 00000001 00000000 00000001 00000000 00000000 00000000 00000000 00000000 00000000 00000000 00000000 00000000 00000000 00000000 00000000 00000000 00000000 00000000 00000000 ca14c2f8 00000001 89676208 00000000 00000000 00000000 00000000 00000000 00000100 00000080 00000000 00000000 00000000 00000000 00000000 00000000 00000000 00003333 00004ccd 00002667 00000001 00000000 01c9c380 0000027c
capture_snapshot GLI1 00010000 30000000 2500000 1067 0 30000000 0 0 0 0 0 0 0 7cec3f48 00000000 896a61d4 00000000 010a82e2 00000000 010a82e2 00000000 0000006a 00000000 00000000 00000000 0c7e27a3 00000000 010a834c 00000000 00000000 00000000 00000000 00000039 008b3199 00000001 00000000 00000001 00000000 00000000 00000000 00000000 00000000 00000000 00000000 00000000 00000000 00000000 00000000 00000000 00000000 00000000 00000000 00000000 ca1ec27b 00000001 896a61e9 00000000 00000000 00000000 00000000 00000000 00000101 00000081 00000000 00000000 00000000 00000000 00000000 00000000 00000000 00003333 00004ccd 00002667 00000001 00000000 01c9c380 0000027c
capture_snapshot GLI1 00010000 30000000 2500000 1068 0 30000000 0 0 0 0 0 0 0 7cec3f48 00000000 896d61e0 00000000 010ac2e3 00000000 010ac2e3 00000000 0000006a 00000000 00000000 00000000 0c8127ad 00000000 010ac34d 00000000 00000000 00000000 00000000 00000039 008b3199 00000001 00000000 00000001 00000000 00000000 00000000 00000000 00000000 00000000 00000000 00000000 00000000 00000000 00000000 00000000 00000000 00000000 00000000 00000000 ca28c28a 00000001 896d61f3 00000000 00000000 00000000 00000000 00000000 00000101 00000081 00000000 00000000 00000000 00000000 00000000 00000000 00000000 00003333 00004ccd 00002667 00000001 00000000 01c9c380 0000027c
capture_snapshot GLI1 00010000 30000000 2500000 1069 0 30000000 0 0 0 0 0 0 0 7cec3f48 00000000 89706fcc 00000000 010b040c 00000000 010b040c 00000000 0000006a 00000000 00000000 00000000 0c843595 00000000 010b0476 00000000 00000000 00000000 00000000 00000039 008b3199 00000001 00000000 00000001 00000000 00000000 00000000 00000000 00000000 00000000 00000000 00000000 00000000 00000000 00000000 00000000 00000000 00000000 00000000 00000000 ca32f0d1 00000001 89706fdb 00000000 00000000 00000000 00000000 00000000 00000100 00000081 00000000 00000000 00000000 00000000 00000000 00000000 00000000 00003333 00004ccd 00002667 00000001 00000000 01c9c380 0000027c
capture_snapshot GLI1 00010000 30000000 2500000 1070 0 30000000 0 0 0 0 0 0 0 7cec3f48 00000000 89736d38 00000000 010b43d5 00000000 010b43d5 00000000 0000006a 00000000 00000000 00000000 0c873309 00000000 010b443f 00000000 00000000 00000000 00000000 00000039 008b3199 00000001 00000000 00000001 00000000 00000000 00000000 00000000 00000000 00000000 00000000 00000000 00000000 00000000 00000000 00000000 00000000 00000000 00000000 00000000 ca3ce83f 00000001 89736d4f 00000000 00000000 00000000 00000000 00000000 00000101 00000081 00000000 00000000 00000000 00000000 00000000 00000000 00000000 00003333 00004ccd 00002667 00000001 00000000 01c9c380 0000027c
capture_snapshot GLI1 00010000 30000000 2500000 1071 0 30000000 0 0 0 0 0 0 0 7cec3f48 00000000 89767194 00000000 010b8432 00000000 010b8432 00000000 0000006a 00000000 00000000 00000000 0c8a3765 00000000 010b849c 00000000 00000000 00000000 00000000 00000039 008b3199 00000001 00000000 00000001 00000000 00000000 00000000 00000000 00000000 00000000 00000000 00000000 00000000 00000000 00000000 00000000 00000000 00000000 00000000 00000000 ca46f6b5 00000001 897671ab 00000000 00000000 00000000 00000000 00000000 00000100 00000080 00000000 00000000 00000000 00000000 00000000 00000000 00000000 00003333 00004ccd 00002667 00000001 00000000 01c9c380 0000027c
capture_snapshot GLI1 00010000 30000000 2500000 1072 0 30000000 0 0 0 0 0 0 0 7cec3f48 00000000 89796090 00000000 010bc2c7 00000000 010bc2c7 00000000 0000006a 00000000 00000000 00000000 0c8d265e 00000000 010bc331 00000000 00000000 00000000 00000000 00000039 008b3199 00000001 00000000 00000001 00000000 00000000 00000000 00000000 00000000 00000000 00000000 00000000 00000000 00000000 00000000 00000000 00000000 00000000 00000000 00000000 ca50bdde 00000001 897960a4 00000000 00000000 00000000 00000000 00000000 00000101 00000080 00000000 00000000 00000000 00000000 00000000 00000000 00000000 00003333 00004ccd 00002667 00000001 00000000 01c9c380 0000027c
capture_snapshot GLI1 00010000 30000000 2500000 1073 0 30000000 0 0 0 0 0 0 0 7cec3f48 00000000 897c62a0 00000000 010c02f3 00000000 010c02f3 00000000 0000006a 00000000 00000000 00000000 0c902872 00000000 010c035d 00000000 00000000 00000000 00000000 00000039 008b3199 00000001 00000000 00000001 00000000 00000000 00000000 00000000 00000000 00000000 00000000 00000000 00000000 00000000 00000000 00000000 00000000 00000000 00000000 00000000 ca5ac4b8 00000001 897c62b8 00000000 00000000 00000000 00000000 00000000 00000101 00000081 00000000 00000000 00000000 00000000 00000000 00000000 00000000 00003333 00004ccd 00002667 00000001 00000000 01c9c380 0000027c
capture_snapshot GLI1 00010000 30000000 2500000 1074 0 30000000 0 0 0 0 0 0 0 7cec3f48 00000000 897f66cc 00000000 010c434c 00000000 010c434c 00000000 0000006a 00000000 00000000 00000000 0c932c9d 00000000 010c43b6 00000000 00000000 00000000 00000000 00000039 008b3199 00000001 00000000 00000001 00000000 00000000 00000000 00000000 00000000 00000000 00000000 00000000 00000000 00000000 00000000 00000000 00000000 00000000 00000000 00000000 ca64d28b 00000001 897f66e3 00000000 00000000 00000000 00000000 00000000 00000100 00000080 00000000 00000000 00000000 00000000 00000000 00000000 00000000 00003333 00004ccd 00002667 00000001 00000000 01c9c380 0000027c
capture_snapshot GLI1 00010000 30000000 2500000 1075 0 30000000 0 0 0 0 0 0 0 7cec3f48 00000000 898262ac 00000000 010c82f4 00000000 010c82f4 00000000 0000006a 00000000 00000000 00000000 0c96287a 00000000 010c835e 00000000 00000000 00000000 00000000 00000039 008b3199 00000001 00000000 00000001 00000000 00000000 00000000 00000000 00000000 00000000 00000000 00000000 00000000 00000000 00000000 00000000 00000000 00000000 00000000 00000000 ca6ec4ab 00000001 898262c0 00000000 00000000 00000000 00000000 00000000 00000101 00000080 00000000 00000000 00000000 00000000 00000000 00000000 00000000 00003333 00004ccd 00002667 00000001 00000000 01c9c380 0000027c
capture_snapshot GLI1 00010000 30000000 2500000 1076 0 30000000 0 0 0 0 0 0 0 7cec3f48 00000000 89856504 00000000 010cc326 00000000 010cc326 00000000 0000006a 00000000 00000000 00000000 0c992ace 00000000 010cc390 00000000 00000000 00000000 00000000 00000039 008b3199 00000001 00000000 00000001 00000000 00000000 00000000 00000000 00000000 00000000 00000000 00000000 00000000 00000000 00000000 00000000 00000000 00000000 00000000 00000000 ca78cc5a 00000001 89856514 00000000 00000000 00000000 00000000 00000000 00000101 00000080 00000000 00000000 00000000 00000000 00000000 00000000 00000000 00003333 00004ccd 00002667 00000001 00000000 01c9c380 0000027c
capture_snapshot GLI1 00010000 30000000 2500000 1077 0 30000000 0 0 0 0 0 0 0 7cec3f48 00000000 89886054 00000000 010d02c2 00000000 010d02c2 00000000 0000006a 00000000 00000000 00000000 0c9c261e 00000000 010d032c 00000000 00000000 00000000 00000000 00000039 008b3199 00000001 00000000 00000001 00000000 00000000 00000000 00000000 00000000 00000000 00000000 00000000 00000000 00000000 00000000 00000000 00000000 00000000 00000000 00000000 ca82bca9 00000001 89886064 00000000 00000000 00000000 00000000 00000000 00000100 00000080 00000000 00000000 00000000 00000000 00000000 00000000 00000000 00003333 00004ccd 00002667 00000001 00000000 01c9c380 0000027c
capture_snapshot GLI1 00010000 30000000 2500000 1078 0 30000000 0 0 0 0 0 0 0 7cec3f48 00000000 898b6a20 00000000 010d4393 00000000 010d4393 00000000 0000006a 00000000 00000000 00000000 0c9f2feb 00000000 010d43fd 00000000 00000000 00000000 00000000 00000039 008b3199 00000001 00000000 00000001 00000000 00000000 00000000 00000000 00000000 00000000 00000000 00000000 00000000 00000000 00000000 00000000 00000000 00000000 00000000 00000000 ca8cdd3f 00000001 898b6a31 00000000 00000000 00000000 00000000 00000000 00000101 00000081 00000000 00000000 00000000 00000000 00000000 00000000 00000000 00003333 00004ccd 00002667 00000001 00000000 01c9c380 0000027c
capture_snapshot GLI1 00010000 30000000 2500000 1079 0 30000000 0 0 0 0 0 0 0 7cec3f48 00000000 898e6e04 00000000 010d83e6 00000000 010d83e6 00000000 0000006a 00000000 00000000 00000000 0ca233d3 00000000 010d8450 00000000 00000000 00000000 00000000 00000039 008b3199 00000001 00000000 00000001 00000000 00000000 00000000 00000000 00000000 00000000 00000000 00000000 00000000 00000000 00000000 00000000 00000000 00000000 00000000 00000000 ca96ea30 00000001 898e6e19 00000000 00000000 00000000 00000000 00000000 00000101 00000080 00000000 00000000 00000000 00000000 00000000 00000000 00000000 00003333 00004ccd 00002667 00000001 00000000 01c9c380 0000027c
capture_snapshot GLI1 00010000 30000000 2500000 1080 0 30000000 0 0 0 0 0 0 0 7cec3f48 00000000 89917098 00000000 010dc41d 00000000 010dc41d 00000000 0000006a 00000000 00000000 00000000 0ca53665 00000000 010dc487 00000000 00000000 00000000 00000000 00000039 008b3199 00000001 00000000 00000001 00000000 00000000 00000000 00000000 00000000 00000000 00000000 00000000 00000000 00000000 00000000 00000000 00000000 00000000 00000000 00000000 caa0f2ae 00000001 899170ab 00000000 00000000 00000000 00000000 00000000 00000101 00000080 00000000 00000000 00000000 00000000 00000000 00000000 00000000 00003333 00004ccd 00002667 00000001 00000000 01c9c380 0000027c
capture_snapshot GLI1 00010000 30000000 2500000 1081 0 30000000 0 0 0 0 0 0 0 7cec3f48 00000000 8994738c 00000000 010e045c 00000000 010e045c 00000000 0000006a 00000000 00000000 00000000 0ca8395a 00000000 010e04c6 00000000 00000000 00000000 00000000 00000039 008b3199 00000001 00000000 00000001 00000000 00000000 00000000 00000000 00000000 00000000 00000000 00000000 00000000 00000000 00000000 00000000 00000000 00000000 00000000 00000000 caaafc77 00000001 899473a0 00000000 00000000 00000000 00000000 00000000 00000101 00000081 00000000 00000000 00000000 00000000 00000000 00000000 00000000 00003333 00004ccd 00002667 00000001 00000000 01c9c380 0000027c
capture_snapshot GLI1 00010000 30000000 2500000 1082 0 30000000 0 0 0 0 0 0 0 7cec3f48 00000000 89976108 00000000 010e42d1 00000000 010e42d1 00000000 0000006a 00000000 00000000 00000000 0cab26d4 00000000 010e433b 00000000 00000000 00000000 00000000 00000039 008b3199 00000001 00000000 00000001 00000000 00000000 00000000 00000000 00000000 00000000 00000000 00000000 00000000 00000000 00000000 00000000 00000000 00000000 00000000 00000000 cab4bea6 00000001 8997611a 00000000 00000000 00000000 00000000 00000000 00000100 00000080 00000000 00000000 00000000 00000000 00000000 00000000 00000000 00003333 00004ccd 00002667 00000001 00000000 01c9c380 0000027c
capture_snapshot GLI1 00010000 30000000 2500000 1083 0 30000000 0 0 0 0 0 0 0 7cec3f48 00000000 899a62e8 00000000 010e82f9 00000000 010e82f9 00000000 0000006a 00000000 00000000 00000000 0cae28b1 00000000 010e8363 00000000 00000000 00000000 00000000 00000039 008b3199 00000001 00000000 00000001 00000000 00000000 00000000 00000000 00000000 00000000 00000000 00000000 00000000 00000000 00000000 00000000 00000000 00000000 00000000 00000000 cabec4c7 00000001 899a62f7 00000000 00000000 00000000 00000000 00000000 00000101 00000081 00000000 00000000 00000000 00000000 00000000 00000000 00000000 00003333 00004ccd 00002667 00000001 00000000 01c9c380 0000027c
capture_snapshot GLI1 00010000 30000000 2500000 1084 0 30000000 0 0 0 0 0 0 0 7cec3f48 00000000 899d63cc 00000000 010ec30c 00000000 010ec30c 00000000 0000006a 00000000 00000000 00000000 0cb12999 00000000 010ec376 00000000 00000000 00000000 00000000 00000039 008b3199 00000001 00000000 00000001 00000000 00000000 00000000 00000000 00000000 00000000 00000000 00000000 00000000 00000000 00000000 00000000 00000000 00000000 00000000 00000000 cac8c7b8 00000001 899d63df 00000000 00000000 00000000 00000000 00000000 00000101 00000080 00000000 00000000 00000000 00000000 00000000 00000000 00000000 00003333 00004ccd 00002667 00000001 00000000 01c9c380 0000027c
capture_snapshot GLI1 00010000 30000000 2500000 1085 0 30000000 0 0 0 0 0 0 0 7cec3f48 00000000 89a063e4 00000000 010f030e 00000000 010f030e 00000000 0000006a 00000000 00000000 00000000 0cb429b4 00000000 010f0378 00000000 00000000 00000000 00000000 00000039 008b3199 00000001 00000000 00000001 00000000 00000000 00000000 00000000 00000000 00000000 00000000 00000000 00000000 00000000 00000000 00000000 00000000 00000000 00000000 00000000 cad2c7fe 00000001 89a063fa 00000000 00000000 00000000 00000000 00000000 00000100 00000080 00000000 00000000 00000000 00000000 00000000 00000000 00000000 00003333 00004ccd 00002667 00000001 00000000 01c9c380 0000027c
capture_snapshot GLI1 00010000 30000000 2500000 1086 0 30000000 0 0 0 0 0 0 0 7cec3f48 00000000 89a361f8 00000000 010f42e5 00000000 010f42e5 00000000 0000006a 00000000 00000000 00000000 0cb727cb 00000000 010f434f 00000000 00000000 00000000 00000000 00000039 008b3199 00000001 00000000 00000001 00000000 00000000 00000000 00000000 00000000 00000000 00000000 00000000 00000000 00000000 00000000 00000000 00000000 00000000 00000000 00000000 cadcc18d 00000001 89a36211 00000000 00000000 00000000 00000000 00000000 00000101 00000080 00000000 00000000 00000000 00000000 00000000 00000000 00000000 00003333 00004ccd 00002667 00000001 00000000 01c9c380 0000027c
capture_snapshot GLI1 00010000 30000000 2500000 1087 0 30000000 0 0 0 0 0 0 0 7cec3f48 00000000 89a661c8 00000000 010f82e1 00000000 010f82e1 00000000 0000006a 00000000 00000000 00000000 0cba2791 00000000 010f834b 00000000 00000000 00000000 00000000 00000039 008b3199 00000001 00000000 00000001 00000000 00000000 00000000 00000000 00000000 00000000 00000000 00000000 00000000 00000000 00000000 00000000 00000000 00000000 00000000 00000000 cae6c0ba 00000001 89a661d7 00000000 00000000 00000000 00000000 00000000 00000101 00000081 00000000 00000000 00000000 00000000 00000000 00000000 00000000 00003333 00004ccd 00002667 00000001 00000000 01c9c380 0000027c
capture_snapshot GLI1 00010000 30000000 2500000 1088 0 30000000 0 0 0 0 0 0 0 7cec3f48 00000000 89a96a74 00000000 010fc39a 00000000 010fc39a 00000000 0000006a 00000000 00000000 00000000 0cbd3042 00000000 010fc404 00000000 00000000 00000000 00000000 00000039 008b3199 00000001 00000000 00000001 00000000 00000000 00000000 00000000 00000000 00000000 00000000 00000000 00000000 00000000 00000000 00000000 00000000 00000000 00000000 00000000 caf0dd9e 00000001 89a96a88 00000000 00000000 00000000 00000000 00000000 00000101 00000081 00000000 00000000 00000000 00000000 00000000 00000000 00000000 00003333 00004ccd 00002667 00000001 00000000 01c9c380 0000027c
capture_snapshot GLI1 00010000 30000000 2500000 1089 0 30000000 0 0 0 0 0 0 0 7cec3f48 00000000 89ac6bdc 00000000 011003b8 00000000 011003b8 00000000 0000006a 00000000 00000000 00000000 0cc031a6 00000000 01100422 00000000 00000000 00000000 00000000 00000039 008b3199 00000001 00000000 00000001 00000000 00000000 00000000 00000000 00000000 00000000 00000000 00000000 00000000 00000000 00000000 00000000 00000000 00000000 00000000 00000000 cafae22e 00000001 89ac6bec 00000000 00000000 00000000 00000000 00000000 00000101 00000081 00000000 00000000 00000000 00000000 00000000 00000000 00000000 00003333 00004ccd 00002667 00000001 00000000 01c9c380 0000027c
capture_snapshot GLI1 00010000 30000000 2500000 1090 0 30000000 0 0 0 0 0 0 0 7cec3f48 00000000 89af7290 00000000 01104447 00000000 01104447 00000000 0000006a 00000000 00000000 00000000 0cc33861 00000000 011044b1 00000000 00000000 00000000 00000000 00000039 008b3199 00000001 00000000 00000001 00000000 00000000 00000000 00000000 00000000 00000000 00000000 00000000 00000000 00000000 00000000 00000000 00000000 00000000 00000000 00000000 cb04f88b 00000001 89af72a7 00000000 00000000 00000000 00000000 00000000 00000100 00000080 00000000 00000000 00000000 00000000 00000000 00000000 00000000 00003333 00004ccd 00002667 00000001 00000000 01c9c380 0000027c
capture_snapshot GLI1 00010000 30000000 2500000 1091 0 30000000 0 0 0 0 0 0 0 7cec3f48 00000000 89b261a4 00000000 011082de 00000000 011082de 00000000 0000006a 00000000 00000000 00000000 0cc62770 00000000 01108348 00000000 00000000 00000000 00000000 00000039 008b3199 00000001 00000000 00000001 00000000 00000000 00000000 00000000 00000000 00000000 00000000 00000000 00000000 00000000 00000000 00000000 00000000 00000000 00000000 00000000 cb0ebffd 00000001 89b261b6 00000000 00000000 00000000 00000000 00000000 00000101 00000081 00000000 00000000 00000000 00000000 00000000 00000000 00000000 00003333 00004ccd 00002667 00000001 00000000 01c9c380 0000027c
capture_snapshot GLI1 00010000 30000000 2500000 1092 0 30000000 0 0 0 0 0 0 0 7cec3f48 00000000 89b561b0 00000000 0110c2df 00000000 0110c2df 00000000 0000006a 00000000 00000000 00000000 0cc92780 00000000 0110c349 00000000 00000000 00000000 00000000 00000039 008b3199 00000001 00000000 00000001 00000000 00000000 00000000 00000000 00000000 00000000 00000000 00000000 00000000 00000000 00000000 00000000 00000000 00000000 00000000 00000000 cb18c01f 00000001 89b561c6 00000000 00000000 00000000 00000000 00000000 00000101 00000081 00000000 00000000 00000000 00000000 00000000 00000000 00000000 00003333 00004ccd 00002667 00000001 00000000 01c9c380 0000027c
capture_snapshot GLI1 00010000 30000000 2500000 1093 0 30000000 0 0 0 0 0 0 0 7cec3f48 00000000 89b864ec 00000000 01110324 00000000 01110324 00000000 0000006a 00000000 00000000 00000000 0ccc2abf 00000000 0111038e 00000000 00000000 00000000 00000000 00000039 008b3199 00000001 00000000 00000001 00000000 00000000 00000000 00000000 00000000 00000000 00000000 00000000 00000000 00000000 00000000 00000000 00000000 00000000 00000000 00000000 cb22cadd 00000001 89b86505 00000000 00000000 00000000 00000000 00000000 00000101 00000081 00000000 00000000 00000000 00000000 00000000 00000000 00000000 00003333 00004ccd 00002667 00000001 00000000 01c9c380 0000027c
capture_snapshot GLI1 00010000 30000000 2500000 1094 0 30000000 0 0 0 0 0 0 0 7cec3f48 00000000 89bb6324 00000000 011142fe 00000000 011142fe 00000000 0000006a 00000000 00000000 00000000 0ccf28ee 00000000 01114368 00000000 00000000 00000000 00000000 00000039 008b3199 00000001 00000000 00000001 00000000 00000000 00000000 00000000 00000000 00000000 00000000 00000000 00000000 00000000 00000000 00000000 00000000 00000000 00000000 00000000 cb2cc4bd 00000001 89bb6334 00000000 00000000 00000000 00000000 00000000 00000100 00000080 00000000 00000000 00000000 00000000 00000000 00000000 00000000 00003333 00004ccd 00002667 00000001 00000000 01c9c380 0000027c
capture_snapshot GLI1 00010000 30000000 2500000 1095 0 30000000 0 0 0 0 0 0 0 7cec3f48 00000000 89be5f7c 00000000 011182b0 00000000 011182b0 00000000 0000006a 00000000 00000000 00000000 0cd22550 00000000 0111831a 00000000 00000000 00000000 00000000 00000039 008b3199 00000001 00000000 00000001 00000000 00000000 00000000 00000000 00000000 00000000 00000000 00000000 00000000 00000000 00000000 00000000 00000000 00000000 00000000 00000000 cb36b899 00000001 89be5f96 00000000 00000000 00000000 00000000 00000000 00000101 00000080 00000000 00000000 00000000 00000000 00000000 00000000 00000000 00003333 00004ccd 00002667 00000001 00000000 01c9c380 0000027c
capture_snapshot GLI1 00010000 30000000 2500000 1096 0 30000000 0 0 0 0 0 0 0 7cec3f48 00000000 89c1615c 00000000 0111c2d8 00000000 0111c2d8 00000000 0000006a 00000000 00000000 00000000 0cd5272e 00000000 0111c342 00000000 00000000 00000000 00000000 00000039 008b3199 00000001 00000000 00000001 00000000 00000000 00000000 00000000 00000000 00000000 00000000 00000000 00000000 00000000 00000000 00000000 00000000 00000000 00000000 00000000 cb40bec1 00000001 89c16174 00000000 00000000 00000000 00000000 00000000 00000100 00000080 00000000 00000000 00000000 00000000 00000000 00000000 00000000 00003333 00004ccd 00002667 00000001 00000000 01c9c380 0000027c
capture_snapshot GLI1 00010000 30000000 2500000 1097 0 30000000 0 0 0 0 0 0 0 7cec3f48 00000000 89c4618c 00000000 011202dc 00000000 011202dc 00000000 0000006a 00000000 00000000 00000000 0cd8275e 00000000 01120346 00000000 00000000 00000000 00000000 00000039 008b3199 00000001 00000000 00000001 00000000 00000000 00000000 00000000 00000000 00000000 00000000 00000000 00000000 00000000 00000000 00000000 00000000 00000000 00000000 00000000 cb4abf4c 00000001 89c461a4 00000000 00000000 00000000 00000000 00000000 00000101 00000081 00000000 00000000 00000000 00000000 00000000 00000000 00000000 00003333 00004ccd 00002667 00000001 00000000 01c9c380 0000027c
capture_snapshot GLI1 00010000 30000000 2500000 1098 0 30000000 0 0 0 0 0 0 0 7cec3f48 00000000 89c76b4c 00000000 011243ac 00000000 011243ac 00000000 0000006a 00000000 00000000 00000000 0cdb3119 00000000 01124416 00000000 00000000 00000000 00000000 00000039 008b3199 00000001 00000000 00000001 00000000 00000000 00000000 00000000 00000000 00000000 00000000 00000000 00000000 00000000 00000000 00000000 00000000 00000000 00000000 00000000 cb54dfa8 00000001 89c76b5f 00000000 00000000 00000000 00000000 00000000 00000101 00000081 00000000 00000000 00000000 00000000 00000000 00000000 00000000 00003333 00004ccd 00002667 00000001 00000000 01c9c380 0000027c
capture_snapshot GLI1 00010000 30000000 2500000 1099 0 30000000 0 0 0 0 0 0 0 7cec3f48 00000000 89ca6e94 00000000 011283f2 00000000 011283f2 00000000 0000006a 00000000 00000000 00000000 0cde3462 00000000 0112845c 00000000 00000000 00000000 00000000 00000039 008b3199 00000001 00000000 00000001 00000000 00000000 00000000 00000000 00000000 00000000 00000000 00000000 00000000 00000000 00000000 00000000 00000000 00000000 00000000 00000000 cb5eea87 00000001 89ca6ea8 00000000 00000000 00000000 00000000 00000000 00000101 00000080 00000000 00000000 00000000 00000000 00000000 00000000 00000000 00003333 00004ccd 00002667 00000001 00000000 01c9c380 0000027c
capture_snapshot GLI1 00010000 30000000 2500000 1100 0 30000000 0 0 0 0 0 0 0 7cec3f48 00000000 89cd6d38 00000000 0112c3d5 00000000 0112c3d5 00000000 0000006a 00000000 00000000 00000000 0ce13301 00000000 0112c43f 00000000 00000000 00000000 00000000 00000039 008b3199 00000001 00000000 00000001 00000000 00000000 00000000 00000000 00000000 00000000 00000000 00000000 00000000 00000000 00000000 00000000 00000000 00000000 00000000 00000000 cb68e5dd 00000001 89cd6d47 00000000 00000000 00000000 00000000 00000000 00000100 00000080 00000000 00000000 00000000 00000000 00000000 00000000 00000000 00003333 00004ccd 00002667 00000001 00000000 01c9c380 0000027c
capture_snapshot GLI1 00010000 30000000 2500000 1101 0 30000000 0 0 0 0 0 0 0 7cec3f48 00000000 89d06174 00000000 011302da 00000000 011302da 00000000 0000006a 00000000 00000000 00000000 0ce42744 00000000 01130344 00000000 00000000 00000000 00000000 00000039 008b3199 00000001 00000000 00000001 00000000 00000000 00000000 00000000 00000000 00000000 00000000 00000000 00000000 00000000 00000000 00000000 00000000 00000000 00000000 00000000 cb72bea8 00000001 89d0618a 00000000 00000000 00000000 00000000 00000000 00000101 00000081 00000000 00000000 00000000 00000000 00000000 00000000 00000000 00003333 00004ccd 00002667 00000001 00000000 01c9c380 0000027c
capture_snapshot GLI1 00010000 30000000 2500000 1102 0 30000000 0 0 0 0 0 0 0 7cec3f48 00000000 89d36348 00000000 01134301 00000000 01134301 00000000 0000006a 00000000 00000000 00000000 0ce72912 00000000 0113436b 00000000 00000000 00000000 00000000 00000039 008b3199 00000001 00000000 00000001 00000000 00000000 00000000 00000000 00000000 00000000 00000000 00000000 00000000 00000000 00000000 00000000 00000000 00000000 00000000 00000000 cb7cc498 00000001 89d36358 00000000 00000000 00000000 00000000 00000000 00000101 00000081 00000000 00000000 00000000 00000000 00000000 00000000 00000000 00003333 00004ccd 00002667 00000001 00000000 01c9c380 0000027c
capture_snapshot GLI1 00010000 30000000 2500000 1103 0 30000000 0 0 0 0 0 0 0 7cec3f48 00000000 89d664bc 00000000 01138320 00000000 01138320 00000000 0000006a 00000000 00000000 00000000 0cea2a8c 00000000 0113838a 00000000 00000000 00000000 00000000 00000039 008b3199 00000001 00000000 00000001 00000000 00000000 00000000 00000000 00000000 00000000 00000000 00000000 00000000 00000000 00000000 00000000 00000000 00000000 00000000 00000000 cb86c971 00000001 89d664d2 00000000 00000000 00000000 00000000 00000000 00000101 00000080 00000000 00000000 00000000 00000000 00000000 00000000 00000000 00003333 00004ccd 00002667 00000001 00000000 01c9c380 0000027c
capture_snapshot GLI1 00010000 30000000 2500000 1104 0 30000000 0 0 0 0 0 0 0 7cec3f48 00000000 89d96264 00000000 0113c2ee 00000000 0113c2ee 00000000 0000006a 00000000 00000000 00000000 0ced2830 00000000 0113c358 00000000 00000000 00000000 00000000 00000039 008b3199 00000001 00000000 00000001 00000000 00000000 00000000 00000000 00000000 00000000 00000000 00000000 00000000 00000000 00000000 00000000 00000000 00000000 00000000 00000000 cb90c17f 00000001 89d96276 00000000 00000000 00000000 00000000 00000000 00000101 00000080 00000000 00000000 00000000 00000000 00000000 00000000 00000000 00003333 00004ccd 00002667 00000001 00000000 01c9c380 0000027c
capture_snapshot GLI1 00010000 30000000 2500000 1105 0 30000000 0 0 0 0 0 0 0 7cec3f48 00000000 89dc6228 00000000 011402e9 00000000 011402e9 00000000 0000006a 00000000 00000000 00000000 0cf027f4 00000000 01140353 00000000 00000000 00000000 00000000 00000039 008b3199 00000001 00000000 00000001 00000000 00000000 00000000 00000000 00000000 00000000 00000000 00000000 00000000 00000000 00000000 00000000 00000000 00000000 00000000 00000000 cb9ac0a5 00000001 89dc623a 00000000 00000000 00000000 00000000 00000000 00000100 00000080 00000000 00000000 00000000 00000000 00000000 00000000 00000000 00003333 00004ccd 00002667 00000001 00000000 01c9c380 0000027c
capture_snapshot GLI1 00010000 30000000 2500000 1106 0 30000000 0 0 0 0 0 0 0 7cec3f48 00000000 89df61bc 00000000 011442e0 00000000 011442e0 00000000 0000006a 00000000 00000000 00000000 0cf32785 00000000 0114434a 00000000 00000000 00000000 00000000 00000039 008b3199 00000001 00000000 00000001 00000000 00000000 00000000 00000000 00000000 00000000 00000000 00000000 00000000 00000000 00000000 00000000 00000000 00000000 00000000 00000000 cba4bf1e 00000001 89df61cb 00000000 00000000 00000000 00000000 00000000 00000101 00000080 00000000 00000000 00000000 00000000 00000000 00000000 00000000 00003333 00004ccd 00002667 00000001 00000000 01c9c380 0000027c
capture_snapshot GLI1 00010000 30000000 2500000 1107 0 30000000 0 0 0 0 0 0 0 7cec3f48 00000000 89e269d8 00000000 0114838d 00000000 0114838c 00000000 0000006a 00000000 00000000 00000000 0cf62fa0 00000000 011483f7 00000000 00000000 00000000 00000000 0000003b 008b3199 00000001 00000001 00000001 00000000 00000000 00000000 00000000 00000000 00000000 00000000 00000000 00000000 00000000 00000000 00000000 00000000 00000000 00000000 00000000 cbaeda10 00000001 89e269e6 00000000 00000000 00000000 00000000 00000000 00000101 00000081 00000000 00000000 00000000 00000000 00000000 00000000 00000000 00003333 00004ccd 00002667 00000001 00000000 01c9c380 0000027c
capture_snapshot GLI1 00010000 30000000 2500000 1108 0 30000000 0 0 0 0 0 0 0 7cec3f48 00000000 89e56b34 00000000 0114c3aa 00000000 0114c3aa 00000000 0000006a 00000000 00000000 00000000 0cf930fe 00000000 0114c414 00000000 00000000 00000000 00000000 00000039 008b3199 00000001 00000000 00000001 00000000 00000000 00000000 00000000 00000000 00000000 00000000 00000000 00000000 00000000 00000000 00000000 00000000 00000000 00000000 00000000 cbb8de8c 00000001 89e56b44 00000000 00000000 00000000 00000000 00000000 00000100 00000080 00000000 00000000 00000000 00000000 00000000 00000000 00000000 00003333 00004ccd 00002667 00000001 00000000 01c9c380 0000027c
capture_snapshot GLI1 00010000 30000000 2500000 1109 0 30000000 0 0 0 0 0 0 0 7cec3f48 00000000 89e86e28 00000000 011503e9 00000000 011503e9 00000000 0000006a 00000000 00000000 00000000 0cfc33f2 00000000 01150453 00000000 00000000 00000000 00000000 00000039 008b3199 00000001 00000000 00000001 00000000 00000000 00000000 00000000 00000000 00000000 00000000 00000000 00000000 00000000 00000000 00000000 00000000 00000000 00000000 00000000 cbc2e84f 00000001 89e86e38 00000000 00000000 00000000 00000000 00000000 00000101 00000081 00000000 00000000 00000000 00000000 00000000 00000000 00000000 00003333 00004ccd 00002667 00000001 00000000 01c9c380 0000027c
capture_snapshot GLI1 00010000 30000000 2500000 1110 0 30000000 0 0 0 0 0 0 0 7cec3f48 00000000 89eb7524 00000000 0115447e 00000000 0115447e 00000000 0000006a 00000000 00000000 00000000 0cff3aed 00000000 011544e8 00000000 00000000 00000000 00000000 00000039 008b3199 00000001 00000000 00000001 00000000 00000000 00000000 00000000 00000000 00000000 00000000 00000000 00000000 00000000 00000000 00000000 00000000 00000000 00000000 00000000 cbccff80 00000001 89eb7533 00000000 00000000 00000000 00000000 00000000 00000101 00000081 00000000 00000000 00000000 00000000 00000000 00000000 00000000 00003333 00004ccd 00002667 00000001 00000000 01c9c380 0000027c
capture_snapshot GLI1 00010000 30000000 2500000 1111 0 30000000 0 0 0 0 0 0 0 7cec3f48 00000000 89ee62e8 00000000 011582f9 00000000 011582f9 00000000 0000006a 00000000 00000000 00000000 0d0228b4 00000000 01158363 00000000 00000000 00000000 00000000 00000039 008b3199 00000001 00000000 00000001 00000000 00000000 00000000 00000000 00000000 00000000 00000000 00000000 00000000 00000000 00000000 00000000 00000000 00000000 00000000 00000000 cbd6c2ae 00000001 89ee62fa 00000000 00000000 00000000 00000000 00000000 00000101 00000080 00000000 00000000 00000000 00000000 00000000 00000000 00000000 00003333 00004ccd 00002667 00000001 00000000 01c9c380 0000027c
capture_snapshot GLI1 00010000 30000000 2500000 1112 0 30000000 0 0 0 0 0 0 0 7cec3f48 00000000 89f16360 00000000 0115c303 00000000 0115c303 00000000 0000006a 00000000 00000000 00000000 0d052929 00000000 0115c36d 00000000 00000000 00000000 00000000 00000039 008b3199 00000001 00000000 00000001 00000000 00000000 00000000 00000000 00000000 00000000 00000000 00000000 00000000 00000000 00000000 00000000 00000000 00000000 00000000 00000000 cbe0c422 00000001 89f1636f 00000000 00000000 00000000 00000000 00000000 00000101 00000081 00000000 00000000 00000000 00000000 00000000 00000000 00000000 00003333 00004ccd 00002667 00000001 00000000 01c9c380 0000027c
capture_snapshot GLI1 00010000 30000000 2500000 1113 0 30000000 0 0 0 0 0 0 0 7cec3f48 00000000 89f46540 00000000 0116032b 00000000 0116032b 00000000 0000006a 00000000 00000000 00000000 0d082b09 00000000 01160395 00000000 00000000 00000000 00000000 00000039 008b3199 00000001 00000000 00000001 00000000 00000000 00000000 00000000 00000000 00000000 00000000 00000000 00000000 00000000 00000000 00000000 00000000 00000000 00000000 00000000 cbeaca4d 00000001 89f4654f 00000000 00000000 00000000 00000000 00000000 00000101 00000080 00000000 00000000 00000000 00000000 00000000 00000000 00000000 00003333 00004ccd 00002667 00000001 00000000 01c9c380 0000027c
capture_snapshot GLI1 00010000 30000000 2500000 1114 0 30000000 0 0 0 0 0 0 0 7cec3f48 00000000 89f76360 00000000 01164303 00000000 01164303 00000000 0000006a 00000000 00000000 00000000 0d0b292e 00000000 0116436d 00000000 00000000 00000000 00000000 00000039 008b3199 00000001 00000000 00000001 00000000 00000000 00000000 00000000 00000000 00000000 00000000 00000000 00000000 00000000 00000000 00000000 00000000 00000000 00000000 00000000 cbf4c40b 00000001 89f76374 00000000 00000000 00000000 00000000 00000000 00000101 00000081 00000000 00000000 00000000 00000000 00000000 00000000 00000000 00003333 00004ccd 00002667 00000001 00000000 01c9c380 0000027c
capture_snapshot GLI1 00010000 30000000 2500000 1115 0 30000000 0 0 0 0 0 0 0 7cec3f48 00000000 89fa6138 00000000 011682d5 00000000 011682d5 00000000 0000006a 00000000 00000000 00000000 0d0e2708 00000000 0116833f 00000000 00000000 00000000 00000000 00000039 008b3199 00000001 00000000 00000001 00000000 00000000 00000000 00000000 00000000 00000000 00000000 00000000 00000000 00000000 00000000 00000000 00000000 00000000 00000000 00000000 cbfebccd 00000001 89fa614e 00000000 00000000 00000000 00000000 00000000 00000100 00000080 00000000 00000000 00000000 00000000 00000000 00000000 00000000 00003333 00004ccd 00002667 00000001 00000000 01c9c380 0000027c
capture_snapshot GLI1 00010000 30000000 2500000 1116 0 30000000 0 0 0 0 0 0 0 7cec3f48 00000000 89fd642c 00000000 0116c314 00000000 0116c314 00000000 0000006a 00000000 00000000 00000000 0d1129f7 00000000 0116c37e 00000000 00000000 00000000 00000000 00000039 008b3199 00000001 00000000 00000001 00000000 00000000 00000000 00000000 00000000 00000000 00000000 00000000 00000000 00000000 00000000 00000000 00000000 00000000 00000000 00000000 cc08c683 00000001 89fd643d 00000000 00000000 00000000 00000000 00000000 00000100 00000080 00000000 00000000 00000000 00000000 00000000 00000000 00000000 00003333 00004ccd 00002667 00000001 00000000 01c9c380 0000027c
capture_snapshot GLI1 00010000 30000000 2500000 1117 0 30000000 0 0 0 0 0 0 0 7cec3f48 00000000 8a006264 00000000 011702ee 00000000 011702ee 00000000 0000006a 00000000 00000000 00000000 0d142830 00000000 01170358 00000000 00000000 00000000 00000000 00000039 008b3199 00000001 00000000 00000001 00000000 00000000 00000000 00000000 00000000 00000000 00000000 00000000 00000000 00000000 00000000 00000000 00000000 00000000 00000000 00000000 cc12c083 00000001 8a006276 00000000 00000000 00000000 00000000 00000000 00000100 00000080 00000000 00000000 00000000 00000000 00000000 00000000 00000000 00003333 00004ccd 00002667 00000001 00000000 01c9c380 0000027c
capture_snapshot GLI1 00010000 30000000 2500000 1118 0 30000000 0 0 0 0 0 0 0 7cec3f48 00000000 8a036a08 00000000 01174391 00000000 01174391 00000000 0000006a 00000000 00000000 00000000 0d172fd3 00000000 011743fb 00000000 00000000 00000000 00000000 00000039 008b3199 00000001 00000000 00000001 00000000 00000000 00000000 00000000 00000000 00000000 00000000 00000000 00000000 00000000 00000000 00000000 00000000 00000000 00000000 00000000 cc1cd9e2 00000001 8a036a19 00000000 00000000 00000000 00000000 00000000 00000101 00000080 00000000 00000000 00000000 00000000 00000000 00000000 00000000 00003333 00004ccd 00002667 00000001 00000000 01c9c380 0000027c
capture_snapshot GLI1 00010000 30000000 2500000 1119 0 30000000 0 0 0 0 0 0 0 7cec3f48 00000000 8a066a38 00000000 01178395 00000000 01178395 00000000 0000006a 00000000 00000000 00000000 0d1a300c 00000000 011783ff 00000000 00000000 00000000 00000000 00000039 008b3199 00000001 00000000 00000001 00000000 00000000 00000000 00000000 00000000 00000000 00000000 00000000 00000000 00000000 00000000 00000000 00000000 00000000 00000000 00000000 cc26da8c 00000001 8a066a52 00000000 00000000 00000000 00000000 00000000 00000100 00000080 00000000 00000000 00000000 00000000 00000000 00000000 00000000 00003333 00004ccd 00002667 00000001 00000000 01c9c380 0000027c
capture_snapshot GLI1 00010000 30000000 2500000 1120 0 30000000 0 0 0 0 0 0 0 7cec3f48 00000000 8a096b7c 00000000 0117c3b0 00000000 0117c3b0 00000000 0000006a 00000000 00000000 00000000 0d1d314f 00000000 0117c41a 00000000 00000000 00000000 00000000 00000039 008b3199 00000001 00000000 00000001 00000000 00000000 00000000 00000000 00000000 00000000 00000000 00000000 00000000 00000000 00000000 00000000 00000000 00000000 00000000 00000000 cc30deae 00000001 8a096b95 00000000 00000000 00000000 00000000 00000000 00000101 00000080 00000000 00000000 00000000 00000000 00000000 00000000 00000000 00003333 00004ccd 00002667 00000001 00000000 01c9c380 0000027c
capture_snapshot GLI1 00010000 30000000 2500000 1121 0 30000000 0 0 0 0 0 0 0 7cec3f48 00000000 8a0c6624 00000000 0118033e 00000000 0118033e 00000000 0000006a 00000000 00000000 00000000 0d202bf2 00000000 011803a8 00000000 00000000 00000000 00000000 00000039 008b3199 00000001 00000000 00000001 00000000 00000000 00000000 00000000 00000000 00000000 00000000 00000000 00000000 00000000 00000000 00000000 00000000 00000000 00000000 00000000 cc3accbc 00000001 8a0c6638 00000000 00000000 00000000 00000000 00000000 00000100 00000080 00000000 00000000 00000000 00000000 00000000 00000000 00000000 00003333 00004ccd 00002667 00000001 00000000 01c9c380 0000027c
capture_snapshot GLI1 00010000 30000000 2500000 1122 0 30000000 0 0 0 0 0 0 0 7cec3f48 00000000 8a0f6414 00000000 01184312 00000000 01184312 00000000 0000006a 00000000 00000000 00000000 0d2329dd 00000000 0118437c 00000000 00000000 00000000 00000000 00000039 008b3199 00000001 00000000 00000001 00000000 00000000 00000000 00000000 00000000 00000000 00000000 00000000 00000000 00000000 00000000 00000000 00000000 00000000 00000000 00000000 cc44c5b8 00000001 8a0f6423 00000000 00000000 00000000 00000000 00000000 00000100 00000080 00000000 00000000 00000000 00000000 00000000 00000000 00000000 00003333 00004ccd 00002667 00000001 00000000 01c9c380 0000027c
capture_snapshot GLI1 00010000 30000000 2500000 1123 0 30000000 0 0 0 0 0 0 0 7cec3f48 00000000 8a12645c 00000000 01188318 00000000 01188318 00000000 0000006a 00000000 00000000 00000000 0d262a26 00000000 01188382 00000000 00000000 00000000 00000000 00000039 008b3199 00000001 00000000 00000001 00000000 00000000 00000000 00000000 00000000 00000000 00000000 00000000 00000000 00000000 00000000 00000000 00000000 00000000 00000000 00000000 cc4ec696 00000001 8a12646c 00000000 00000000 00000000 00000000 00000000 00000101 00000081 00000000 00000000 00000000 00000000 00000000 00000000 00000000 00003333 00004ccd 00002667 00000001 00000000 01c9c380 0000027c
capture_snapshot GLI1 00010000 30000000 2500000 1124 0 30000000 0 0 0 0 0 0 0 7cec3f48 00000000 8a1560d8 00000000 0118c2cd 00000000 0118c2cd 00000000 0000006a 00000000 00000000 00000000 0d2926ac 00000000 0118c337 00000000 00000000 00000000 00000000 00000039 008b3199 00000001 00000000 00000001 00000000 00000000 00000000 00000000 00000000 00000000 00000000 00000000 00000000 00000000 00000000 00000000 00000000 00000000 00000000 00000000 cc58baeb 00000001 8a1560f2 00000000 00000000 00000000 00000000 00000000 00000101 00000080 00000000 00000000 00000000 00000000 00000000 00000000 00000000 00003333 00004ccd 00002667 00000001 00000000 01c9c380 0000027c
capture_snapshot GLI1 00010000 30000000 2500000 1125 0 30000000 0 0 0 0 0 0 0 7cec3f48 00000000 8a1861bc 00000000 011902e0 00000000 011902e0 00000000 0000006a 00000000 00000000 00000000 0d2c278a 00000000 0119034a 00000000 00000000 00000000 00000000 00000039 008b3199 00000001 00000000 00000001 00000000 00000000 00000000 00000000 00000000 00000000 00000000 00000000 00000000 00000000 00000000 00000000 00000000 00000000 00000000 00000000 cc62bdbe 00000001 8a1861d0 00000000 00000000 00000000 00000000 00000000 00000100 00000080 00000000 00000000 00000000 00000000 00000000 00000000 00000000 00003333 00004ccd 00002667 00000001 00000000 01c9c380 0000027c
capture_snapshot GLI1 00010000 30000000 2500000 1126 0 30000000 0 0 0 0 0 0 0 7cec3f48 00000000 8a1b5838 00000000 01194215 00000000 01194215 00000000 0000006a 00000000 00000000 00000000 0d2f1e0a 00000000 0119427f 00000000 00000000 00000000 00000000 00000039 008b3199 00000001 00000000 00000001 00000000 00000000 00000000 00000000 00000000 00000000 00000000 00000000 00000000 00000000 00000000 00000000 00000000 00000000 00000000 00000000 cc6c9dff 00000001 8a1b5850 00000000 00000000 00000000 00000000 00000000 00000101 00000081 00000000 00000000 00000000 00000000 00000000 00000000 00000000 00003333 00004ccd 00002667 00000001 00000000 01c9c380 0000027c
capture_snapshot GLI1 00010000 30000000 2500000 1127 0 30000000 0 0 0 0 0 0 0 7cec3f48 00000000 8a1e558c 00000000 011981dc 00000000 011981dc 00000000 0000006a 00000000 00000000 00000000 0d321b58 00000000 01198246 00000000 00000000 00000000 00000000 00000039 008b3199 00000001 00000000 00000001 00000000 00000000 00000000 00000000 00000000 00000000 00000000 00000000 00000000 00000000 00000000 00000000 00000000 00000000 00000000 00000000 cc7694ee 00000001 8a1e559e 00000000 00000000 00000000 00000000 00000000 00000100 00000080 00000000 00000000 00000000 00000000 00000000 00000000 00000000 00003333 00004ccd 00002667 00000001 00000000 01c9c380 0000027c
capture_snapshot GLI1 00010000 30000000 2500000 1128 0 30000000 0 0 0 0 0 0 0 7cec3f48 00000000 8a21534c 00000000 0119c1ac 00000000 0119c1ac 00000000 0000006a 00000000 00000000 00000000 0d351918 00000000 0119c216 00000000 00000000 00000000 00000000 00000039 008b3199 00000001 00000000 00000001 00000000 00000000 00000000 00000000 00000000 00000000 00000000 00000000 00000000 00000000 00000000 00000000 00000000 00000000 00000000 00000000 cc808d5c 00000001 8a21535e 00000000 00000000 00000000 00000000 00000000 00000101 00000081 00000000 00000000 00000000 00000000 00000000 00000000 00000000 00003333 00004ccd 00002667 00000001 00000000 01c9c380 0000027c
capture_snapshot GLI1 00010000 30000000 2500000 1129 0 30000000 0 0 0 0 0 0 0 7cec3f48 00000000 8a2452f8 00000000 011a01a5 00000000 011a01a5 00000000 0000006a 00000000 00000000 00000000 0d3818c9 00000000 011a020f 00000000 00000000 00000000 00000000 00000039 008b3199 00000001 00000000 00000001 00000000 00000000 00000000 00000000 00000000 00000000 00000000 00000000 00000000 00000000 00000000 00000000 00000000 00000000 00000000 00000000 cc8a8c43 00000001 8a24530f 00000000 00000000 00000000 00000000 00000000 00000100 00000080 00000000 00000000 00000000 00000000 00000000 00000000 00000000 00003333 00004ccd 00002667 00000001 00000000 01c9c380 0000027c
capture_final_snapshot GLI1 00010000 30000000 2500000 1131 0 30000000 0 0 0 0 0 0 0 7cec3f48 00000000 8a24c0a8 00000000 011a0ac9 00000000 011a0ac9 00000000 0000006a 00000000 00000000 00000000 0d388673 00000000 011a0b34 00000000 00000000 00000000 00000000 00000038 008b3199 00000001 00000000 00000001 00000000 00000000 00000000 00000000 00000000 00000000 00000000 00000000 00000000 00000000 00000000 00000000 00000000 00000000 00000000 00000000 cc8c035e 00000001 8a24c399 00000000 00000000 00000000 00000000 00000000 00000100 00000080 00000000 00000000 00000000 00000000 00000000 00000000 00000000 00003333 00004ccd 00002667 00000001 00000000 01c9c380 0000027c
capture_final_extension_snapshot GLI1 00010000 1131 9122201 30000000 00000007 00000000 8a24c0b9 00000000 00000000 00000000 00000000 00000000 00000000 00000000 00000000 00000000 00000000 00000000 00000000 00000000
tracking_snapshot GLT1SNAP 00010000 474c5431 00000007 00000001 8a252fff 00000000 00000002 00000008 00000000 00000000 00000000 00000000 00000000 00000000 00000000 00000000 00000000 00000000 00000000 00000000 00000000 01c9c380 00009ab0 b04a2fab 00000001
tracking_snapshot GLT1SNAP 00010000 474c5431 00000009 00000001 8a2555a6 00000000 00000002 00000000 00000000 00000000 00000000 00000000 00000000 00000000 00000000 00000000 00000000 00000000 00000000 00000000 00000000 01c9c380 00009ab0 b04a2fab 00000001
