{
  "rows": [
    {
      "decay_s": 0,
      "unit_id": "all24",
      "source_datasets": [
        "DS7",
        "DS8",
        "DS9"
      ],
      "excluded_dataset": null,
      "planned_starts": 3,
      "qualified_starts": 3,
      "selected": {
        "initial": [
          -0.403906522475097,
          -0.48602214368745594,
          -0.40003841315519045,
          0.3782009797156699,
          0.20229627074718864,
          -0.10665644139069719,
          -0.22499206021788337,
          0.3453517853312266,
          0.5353618213241734,
          -0.1408124344794445,
          -0.2871224893791399,
          0.12900280228252306,
          -0.682195407710029,
          -0.7510021525003309,
          0.0029170097264131696,
          -1.1377112669469236,
          -0.27803838760958377,
          -2.142335259185845,
          0.08142771976361597,
          -0.9469295946502905,
          -1.12829146042636,
          0.23627783361434387,
          -1.4184535850799456,
          -0.332159349820204,
          -2.5175561596606375,
          -2.5610969675932234
        ],
        "x": [
          -0.5476730570986844,
          -0.8057225118048693,
          -0.4203364624643958,
          0.26122302678528897,
          0.17203478163089175,
          -0.2500577958418922,
          -0.36909636128368045,
          0.2499707652871372,
          0.4684136314988399,
          -0.08617776999753957,
          -0.25109134861387894,
          0.19523120738436373,
          -0.5588547522880123,
          -0.5525720472012201,
          0.1629423661744776,
          -0.9331597709178642,
          -0.0905833505942101,
          -1.8978242371444705,
          0.10957099543499996,
          -0.991177898562379,
          -1.1576917599629153,
          0.22041663802030612,
          -1.4380852272596598,
          -0.3352103852255557,
          -2.5569651606177137,
          -2.6151320709555717
        ],
        "success": true,
        "message": "CONVERGENCE: RELATIVE REDUCTION OF F <= FACTR*EPSMCH",
        "boundary_hit": false,
        "gradient": [
          0.00010654461416637062,
          -0.0002223065644146871,
          0.0009229927372593205,
          -7.881153359257098e-05,
          -9.161695833626027e-05,
          -0.00019804435947357035,
          -8.717246356405861e-05,
          -2.8059320344553385e-05,
          4.3561024806848536e-05,
          0.00021018462782684821,
          1.8056607915317713e-05,
          -0.0001285242684351262,
          2.6795220414710386e-05,
          -0.00018206888752558825,
          2.1406871891116452e-05,
          -5.516057394316931e-05,
          -0.0004971909092362781,
          -9.994903415844192e-05,
          4.3012389459695655e-05,
          -8.583388986949103e-05,
          -8.26090225163334e-05,
          -2.4257914952308113e-05,
          0.00020754881846052342,
          0.00020638468232636598,
          8.996790457516113e-06,
          -0.00013322631265921814
        ],
        "training_log_score": -275070.3897577411,
        "evaluations": 30,
        "iterations": 24,
        "qualified": true,
        "estimate": {
          "latitude_deg": 37.8490039681478,
          "longitude_deg": -122.49061313655895
        },
        "decay_s": 0,
        "unit_id": "all24",
        "stage": "source_fit",
        "start_id": "DS9",
        "session_ids": [
          "scan-fw-5f7bf896e4552887",
          "scan-fw-9fb9f600946a202e",
          "scan-fw-c03dcf6c28e82a97",
          "scan-fw-c644746d01db758f",
          "scan-fw-a267faf8e5ca613c",
          "scan-fw-30cb794dc996d187",
          "scan-fw-cefd970b797cdcee",
          "scan-fw-254147e6f142d7d7",
          "scan-fw-aadcd44b66085469",
          "scan-fw-4ad7afd9a4944b11",
          "scan-fw-d0640560d2bb0674",
          "scan-fw-4cde9b2367652c52",
          "scan-fw-edf1b92b8b96d41f",
          "scan-fw-08645dc6e7e77c73",
          "scan-fw-a229f5cb2f4f975c",
          "scan-fw-5f1241d380ff155f",
          "scan-fw-98cb28475c2059b9",
          "scan-fw-87e7f715a99a1104",
          "scan-fw-9072108e122dc75a",
          "scan-fw-4115b692366be4b4",
          "scan-fw-9ef543e384adcc7e",
          "scan-fw-bb05a7bda30bd9b9",
          "scan-fw-2b071cfa7b4c0dab",
          "scan-fw-7255cd27e650417c"
        ]
      },
      "source_runs": [
        {
          "start_id": "DS7",
          "exit_code": 0,
          "result": {
            "initial": [
              0.30560817943529756,
              -0.4915043737614608,
              -0.40003841315519045,
              0.3782009797156699,
              0.20229627074718864,
              -0.10665644139069719,
              -0.22499206021788337,
              0.3453517853312266,
              0.5353618213241734,
              -0.1408124344794445,
              -0.2871224893791399,
              0.12900280228252306,
              -0.682195407710029,
              -0.7510021525003309,
              0.0029170097264131696,
              -1.1377112669469236,
              -0.27803838760958377,
              -2.142335259185845,
              0.08142771976361597,
              -0.9469295946502905,
              -1.12829146042636,
              0.23627783361434387,
              -1.4184535850799456,
              -0.332159349820204,
              -2.5175561596606375,
              -2.5610969675932234
            ],
            "x": [
              -0.5476723792036705,
              -0.8057234710937311,
              -0.42033498915889017,
              0.26122294973696397,
              0.1720347142578441,
              -0.2500577488649529,
              -0.36909631797979314,
              0.24997079195217137,
              0.4684137316034328,
              -0.08617732260715076,
              -0.25109143927261435,
              0.19523238714724386,
              -0.5588548703481355,
              -0.5525722274466769,
              0.1629431473868808,
              -0.9331598343688875,
              -0.09058349023829275,
              -1.897824341095902,
              0.10957122493504073,
              -0.9911780255288876,
              -1.1576917597121044,
              0.22041661201583154,
              -1.4380849821776212,
              -0.3352101272219461,
              -2.5569653312074756,
              -2.615132089735179
            ],
            "success": true,
            "message": "CONVERGENCE: RELATIVE REDUCTION OF F <= FACTR*EPSMCH",
            "boundary_hit": false,
            "gradient": [
              -0.0005377625196367752,
              0.00022074294569973674,
              -0.00011493046275190544,
              0.00037088876889335154,
              -3.223305893129691e-05,
              -0.00020526600555648145,
              -3.760267741666212e-05,
              0.00021479032317728297,
              -3.6725590142339115e-06,
              -0.00014498300793697183,
              0.00030229845275864253,
              -0.0008044876934895084,
              0.00021560768255213247,
              0.0009768306013597794,
              -0.00030894154911464966,
              2.7329267609843555e-05,
              -0.0002858301859411938,
              -4.6865008211938175e-05,
              -4.0523285438576195e-05,
              0.0002883287257215983,
              4.932546303448859e-05,
              0.00030052831935822866,
              1.7084149791735115e-05,
              5.1903205794623375e-05,
              0.0006510453623995716,
              -0.00014728525012941418
            ],
            "training_log_score": -275070.38975774305,
            "evaluations": 31,
            "iterations": 24,
            "qualified": true,
            "estimate": {
              "latitude_deg": 37.849003959520715,
              "longitude_deg": -122.49061312883755
            },
            "decay_s": 0,
            "unit_id": "all24",
            "stage": "source_fit",
            "start_id": "DS7",
            "session_ids": [
              "scan-fw-5f7bf896e4552887",
              "scan-fw-9fb9f600946a202e",
              "scan-fw-c03dcf6c28e82a97",
              "scan-fw-c644746d01db758f",
              "scan-fw-a267faf8e5ca613c",
              "scan-fw-30cb794dc996d187",
              "scan-fw-cefd970b797cdcee",
              "scan-fw-254147e6f142d7d7",
              "scan-fw-aadcd44b66085469",
              "scan-fw-4ad7afd9a4944b11",
              "scan-fw-d0640560d2bb0674",
              "scan-fw-4cde9b2367652c52",
              "scan-fw-edf1b92b8b96d41f",
              "scan-fw-08645dc6e7e77c73",
              "scan-fw-a229f5cb2f4f975c",
              "scan-fw-5f1241d380ff155f",
              "scan-fw-98cb28475c2059b9",
              "scan-fw-87e7f715a99a1104",
              "scan-fw-9072108e122dc75a",
              "scan-fw-4115b692366be4b4",
              "scan-fw-9ef543e384adcc7e",
              "scan-fw-bb05a7bda30bd9b9",
              "scan-fw-2b071cfa7b4c0dab",
              "scan-fw-7255cd27e650417c"
            ]
          }
        },
        {
          "start_id": "DS8",
          "exit_code": 0,
          "result": {
            "initial": [
              -1.9069188934347734,
              -1.4358102975076001,
              -0.40003841315519045,
              0.3782009797156699,
              0.20229627074718864,
              -0.10665644139069719,
              -0.22499206021788337,
              0.3453517853312266,
              0.5353618213241734,
              -0.1408124344794445,
              -0.2871224893791399,
              0.12900280228252306,
              -0.682195407710029,
              -0.7510021525003309,
              0.0029170097264131696,
              -1.1377112669469236,
              -0.27803838760958377,
              -2.142335259185845,
              0.08142771976361597,
              -0.9469295946502905,
              -1.12829146042636,
              0.23627783361434387,
              -1.4184535850799456,
              -0.332159349820204,
              -2.5175561596606375,
              -2.5610969675932234
            ],
            "x": [
              -0.5476728628686638,
              -0.8057229533648387,
              -0.42033586751837504,
              0.261223015771006,
              0.1720347194571802,
              -0.25005784452140656,
              -0.36909651526356163,
              0.24997076946527685,
              0.4684136791839579,
              -0.08617751165460581,
              -0.25109136695604556,
              0.1952311814684976,
              -0.5588546976114028,
              -0.5525720203921183,
              0.16294303475957753,
              -0.9331597707164148,
              -0.09058363484023198,
              -1.8978243284880758,
              0.1095709527533443,
              -0.9911779539506476,
              -1.1576918197418709,
              0.22041663696271505,
              -1.438084934363599,
              -0.335210179185852,
              -2.5569651413594947,
              -2.6151321468904523
            ],
            "success": true,
            "message": "CONVERGENCE: RELATIVE REDUCTION OF F <= FACTR*EPSMCH",
            "boundary_hit": false,
            "gradient": [
              -7.673385551099088e-05,
              -6.294051498922926e-05,
              0.0005018669776993834,
              6.27557180621352e-06,
              0.0001255453445523358,
              -0.00010071665959010545,
              3.237116248072658e-05,
              6.714308825905846e-05,
              5.962663895076048e-06,
              -2.0055908277361034e-05,
              7.742678159861072e-05,
              -0.00010584673591074178,
              -2.062443508177303e-05,
              -0.00014306802995633916,
              -0.00027314071678929963,
              -0.00011371081504307767,
              -0.00016261056582056455,
              3.963919258609394e-06,
              0.00023982720769910593,
              3.818738606931049e-05,
              6.879923912550545e-05,
              4.92577188868637e-05,
              -0.000133406858323859,
              9.129876851865504e-06,
              -4.4493443949633615e-05,
              8.19635608451108e-06
            ],
            "training_log_score": -275070.3897577418,
            "evaluations": 29,
            "iterations": 25,
            "qualified": true,
            "estimate": {
              "latitude_deg": 37.84900396417676,
              "longitude_deg": -122.49061313434662
            },
            "decay_s": 0,
            "unit_id": "all24",
            "stage": "source_fit",
            "start_id": "DS8",
            "session_ids": [
              "scan-fw-5f7bf896e4552887",
              "scan-fw-9fb9f600946a202e",
              "scan-fw-c03dcf6c28e82a97",
              "scan-fw-c644746d01db758f",
              "scan-fw-a267faf8e5ca613c",
              "scan-fw-30cb794dc996d187",
              "scan-fw-cefd970b797cdcee",
              "scan-fw-254147e6f142d7d7",
              "scan-fw-aadcd44b66085469",
              "scan-fw-4ad7afd9a4944b11",
              "scan-fw-d0640560d2bb0674",
              "scan-fw-4cde9b2367652c52",
              "scan-fw-edf1b92b8b96d41f",
              "scan-fw-08645dc6e7e77c73",
              "scan-fw-a229f5cb2f4f975c",
              "scan-fw-5f1241d380ff155f",
              "scan-fw-98cb28475c2059b9",
              "scan-fw-87e7f715a99a1104",
              "scan-fw-9072108e122dc75a",
              "scan-fw-4115b692366be4b4",
              "scan-fw-9ef543e384adcc7e",
              "scan-fw-bb05a7bda30bd9b9",
              "scan-fw-2b071cfa7b4c0dab",
              "scan-fw-7255cd27e650417c"
            ]
          }
        },
        {
          "start_id": "DS9",
          "exit_code": 0,
          "result": {
            "initial": [
              -0.403906522475097,
              -0.48602214368745594,
              -0.40003841315519045,
              0.3782009797156699,
              0.20229627074718864,
              -0.10665644139069719,
              -0.22499206021788337,
              0.3453517853312266,
              0.5353618213241734,
              -0.1408124344794445,
              -0.2871224893791399,
              0.12900280228252306,
              -0.682195407710029,
              -0.7510021525003309,
              0.0029170097264131696,
              -1.1377112669469236,
              -0.27803838760958377,
              -2.142335259185845,
              0.08142771976361597,
              -0.9469295946502905,
              -1.12829146042636,
              0.23627783361434387,
              -1.4184535850799456,
              -0.332159349820204,
              -2.5175561596606375,
              -2.5610969675932234
            ],
            "x": [
              -0.5476730570986844,
              -0.8057225118048693,
              -0.4203364624643958,
              0.26122302678528897,
              0.17203478163089175,
              -0.2500577958418922,
              -0.36909636128368045,
              0.2499707652871372,
              0.4684136314988399,
              -0.08617776999753957,
              -0.25109134861387894,
              0.19523120738436373,
              -0.5588547522880123,
              -0.5525720472012201,
              0.1629423661744776,
              -0.9331597709178642,
              -0.0905833505942101,
              -1.8978242371444705,
              0.10957099543499996,
              -0.991177898562379,
              -1.1576917599629153,
              0.22041663802030612,
              -1.4380852272596598,
              -0.3352103852255557,
              -2.5569651606177137,
              -2.6151320709555717
            ],
            "success": true,
            "message": "CONVERGENCE: RELATIVE REDUCTION OF F <= FACTR*EPSMCH",
            "boundary_hit": false,
            "gradient": [
              0.00010654461416637062,
              -0.0002223065644146871,
              0.0009229927372593205,
              -7.881153359257098e-05,
              -9.161695833626027e-05,
              -0.00019804435947357035,
              -8.717246356405861e-05,
              -2.8059320344553385e-05,
              4.3561024806848536e-05,
              0.00021018462782684821,
              1.8056607915317713e-05,
              -0.0001285242684351262,
              2.6795220414710386e-05,
              -0.00018206888752558825,
              2.1406871891116452e-05,
              -5.516057394316931e-05,
              -0.0004971909092362781,
              -9.994903415844192e-05,
              4.3012389459695655e-05,
              -8.583388986949103e-05,
              -8.26090225163334e-05,
              -2.4257914952308113e-05,
              0.00020754881846052342,
              0.00020638468232636598,
              8.996790457516113e-06,
              -0.00013322631265921814
            ],
            "training_log_score": -275070.3897577411,
            "evaluations": 30,
            "iterations": 24,
            "qualified": true,
            "estimate": {
              "latitude_deg": 37.8490039681478,
              "longitude_deg": -122.49061313655895
            },
            "decay_s": 0,
            "unit_id": "all24",
            "stage": "source_fit",
            "start_id": "DS9",
            "session_ids": [
              "scan-fw-5f7bf896e4552887",
              "scan-fw-9fb9f600946a202e",
              "scan-fw-c03dcf6c28e82a97",
              "scan-fw-c644746d01db758f",
              "scan-fw-a267faf8e5ca613c",
              "scan-fw-30cb794dc996d187",
              "scan-fw-cefd970b797cdcee",
              "scan-fw-254147e6f142d7d7",
              "scan-fw-aadcd44b66085469",
              "scan-fw-4ad7afd9a4944b11",
              "scan-fw-d0640560d2bb0674",
              "scan-fw-4cde9b2367652c52",
              "scan-fw-edf1b92b8b96d41f",
              "scan-fw-08645dc6e7e77c73",
              "scan-fw-a229f5cb2f4f975c",
              "scan-fw-5f1241d380ff155f",
              "scan-fw-98cb28475c2059b9",
              "scan-fw-87e7f715a99a1104",
              "scan-fw-9072108e122dc75a",
              "scan-fw-4115b692366be4b4",
              "scan-fw-9ef543e384adcc7e",
              "scan-fw-bb05a7bda30bd9b9",
              "scan-fw-2b071cfa7b4c0dab",
              "scan-fw-7255cd27e650417c"
            ]
          }
        }
      ],
      "higher_score_unqualified_starts": [],
      "error_m": 426.607634918457,
      "start_separation_m": 0.0011746779209023577,
      "source_held": {
        "state": "returned",
        "datasets": [
          {
            "dataset": "DS7",
            "tracks": 470,
            "held_observations": 7983,
            "held_delta_vs_same_model_panel": -65.13959563585243,
            "training_delta_vs_same_model_panel": -56.273932077439646,
            "held_delta_vs_original_iid_panel": 2719.4797199314653,
            "positive_records_vs_same_model": 3,
            "record_deltas": [
              {
                "session_id": "scan-fw-5f7bf896e4552887",
                "training_vs_same_model_panel": -65.22645972812802,
                "vs_same_model_panel": -34.763084970144824,
                "vs_original_iid_panel": 147.1710528240673
              },
              {
                "session_id": "scan-fw-9fb9f600946a202e",
                "training_vs_same_model_panel": -33.44955870079283,
                "vs_same_model_panel": -27.52152773020575,
                "vs_original_iid_panel": 232.2341069237102
              },
              {
                "session_id": "scan-fw-c03dcf6c28e82a97",
                "training_vs_same_model_panel": 36.257222439079314,
                "vs_same_model_panel": 27.282500054658787,
                "vs_original_iid_panel": 268.9574560556937
              },
              {
                "session_id": "scan-fw-c644746d01db758f",
                "training_vs_same_model_panel": 1.8928118278628858,
                "vs_same_model_panel": -9.269608558914527,
                "vs_original_iid_panel": 252.04774420771997
              },
              {
                "session_id": "scan-fw-a267faf8e5ca613c",
                "training_vs_same_model_panel": -8.382247261235172,
                "vs_same_model_panel": 3.3785784744496006,
                "vs_original_iid_panel": 763.9059651136558
              },
              {
                "session_id": "scan-fw-30cb794dc996d187",
                "training_vs_same_model_panel": 17.242183579790844,
                "vs_same_model_panel": 2.1020818891154924,
                "vs_original_iid_panel": 132.11511792993167
              },
              {
                "session_id": "scan-fw-cefd970b797cdcee",
                "training_vs_same_model_panel": -22.09794615128274,
                "vs_same_model_panel": -16.685244250992145,
                "vs_original_iid_panel": 470.46372498647355
              },
              {
                "session_id": "scan-fw-254147e6f142d7d7",
                "training_vs_same_model_panel": 17.490061917266072,
                "vs_same_model_panel": -9.663290543819056,
                "vs_original_iid_panel": 452.58455189021294
              }
            ]
          },
          {
            "dataset": "DS8",
            "tracks": 483,
            "held_observations": 9340,
            "held_delta_vs_same_model_panel": -34.22035318884444,
            "training_delta_vs_same_model_panel": -123.01416873033779,
            "held_delta_vs_original_iid_panel": 4421.647756577218,
            "positive_records_vs_same_model": 3,
            "record_deltas": [
              {
                "session_id": "scan-fw-aadcd44b66085469",
                "training_vs_same_model_panel": -12.006776814721675,
                "vs_same_model_panel": -14.364524236697669,
                "vs_original_iid_panel": 374.18682583212353
              },
              {
                "session_id": "scan-fw-4ad7afd9a4944b11",
                "training_vs_same_model_panel": -111.67748873666903,
                "vs_same_model_panel": -65.504472266068,
                "vs_original_iid_panel": 442.824984928749
              },
              {
                "session_id": "scan-fw-d0640560d2bb0674",
                "training_vs_same_model_panel": 73.84191500384782,
                "vs_same_model_panel": 68.15891747062204,
                "vs_original_iid_panel": 371.38757117439536
              },
              {
                "session_id": "scan-fw-4cde9b2367652c52",
                "training_vs_same_model_panel": -21.367449576798748,
                "vs_same_model_panel": -16.0162253504069,
                "vs_original_iid_panel": 775.7149033388816
              },
              {
                "session_id": "scan-fw-edf1b92b8b96d41f",
                "training_vs_same_model_panel": -32.8812513034852,
                "vs_same_model_panel": -15.740433032457403,
                "vs_original_iid_panel": 400.26146204252814
              },
              {
                "session_id": "scan-fw-08645dc6e7e77c73",
                "training_vs_same_model_panel": 10.658813171202144,
                "vs_same_model_panel": 8.808744539167982,
                "vs_original_iid_panel": 502.1375166906423
              },
              {
                "session_id": "scan-fw-a229f5cb2f4f975c",
                "training_vs_same_model_panel": -11.60618718740984,
                "vs_same_model_panel": 1.103047993407369,
                "vs_original_iid_panel": 575.4977818097626
              },
              {
                "session_id": "scan-fw-5f1241d380ff155f",
                "training_vs_same_model_panel": -17.975743286303242,
                "vs_same_model_panel": -0.6654083064118623,
                "vs_original_iid_panel": 979.636710760136
              }
            ]
          },
          {
            "dataset": "DS9",
            "tracks": 478,
            "held_observations": 9255,
            "held_delta_vs_same_model_panel": -16.35409766138791,
            "training_delta_vs_same_model_panel": -12.706768167419071,
            "held_delta_vs_original_iid_panel": 6105.1924184014715,
            "positive_records_vs_same_model": 1,
            "record_deltas": [
              {
                "session_id": "scan-fw-98cb28475c2059b9",
                "training_vs_same_model_panel": -1.460267400211542,
                "vs_same_model_panel": -0.10553071105045575,
                "vs_original_iid_panel": 679.2867542064942
              },
              {
                "session_id": "scan-fw-87e7f715a99a1104",
                "training_vs_same_model_panel": -1.582854520008226,
                "vs_same_model_panel": -0.12742031705742818,
                "vs_original_iid_panel": 580.4804535816711
              },
              {
                "session_id": "scan-fw-9072108e122dc75a",
                "training_vs_same_model_panel": -6.821754171673042,
                "vs_same_model_panel": -4.723470607109718,
                "vs_original_iid_panel": 395.3665441053121
              },
              {
                "session_id": "scan-fw-4115b692366be4b4",
                "training_vs_same_model_panel": 3.60464682347407,
                "vs_same_model_panel": -0.6043473343736139,
                "vs_original_iid_panel": 778.9477080997218
              },
              {
                "session_id": "scan-fw-9ef543e384adcc7e",
                "training_vs_same_model_panel": 12.79048671817442,
                "vs_same_model_panel": 8.077782505471305,
                "vs_original_iid_panel": 1489.1256832126771
              },
              {
                "session_id": "scan-fw-bb05a7bda30bd9b9",
                "training_vs_same_model_panel": -6.889344298457381,
                "vs_same_model_panel": -6.3116214002647695,
                "vs_original_iid_panel": 592.3899215939167
              },
              {
                "session_id": "scan-fw-2b071cfa7b4c0dab",
                "training_vs_same_model_panel": -7.4225858045454345,
                "vs_same_model_panel": -8.337972832643565,
                "vs_original_iid_panel": 1073.7252840184658
              },
              {
                "session_id": "scan-fw-7255cd27e650417c",
                "training_vs_same_model_panel": -4.925095514171936,
                "vs_same_model_panel": -4.221516964359665,
                "vs_original_iid_panel": 515.8700695832131
              }
            ]
          }
        ],
        "gradient_check": [
          {
            "axis": 0,
            "step_km": 0.001,
            "numerical": 0.00010331859812140465,
            "analytic": 0.00010654461416637062,
            "absolute_difference": 3.2260160449659736e-06
          },
          {
            "axis": 1,
            "step_km": 0.001,
            "numerical": -0.00023181200958788395,
            "analytic": -0.0002223065644146871,
            "absolute_difference": 9.505445173196847e-06
          },
          {
            "axis": 0,
            "step_km": 0.0005,
            "numerical": 0.00010593794286251068,
            "analytic": 0.00010654461416637062,
            "absolute_difference": 6.066713038599403e-07
          },
          {
            "axis": 1,
            "step_km": 0.0005,
            "numerical": -0.0002220040187239647,
            "analytic": -0.0002223065644146871,
            "absolute_difference": 3.025456907224111e-07
          }
        ],
        "offset_stationarity": 9.003693419969937e-12
      }
    },
    {
      "decay_s": 0,
      "unit_id": "exclude_DS7",
      "source_datasets": [
        "DS8",
        "DS9"
      ],
      "excluded_dataset": "DS7",
      "planned_starts": 2,
      "qualified_starts": 2,
      "selected": {
        "initial": [
          -0.403906522475097,
          -0.48602214368745594,
          -0.2871224893791399,
          0.12900280228252306,
          -0.682195407710029,
          -0.7510021525003309,
          0.0029170097264131696,
          -1.1377112669469236,
          -0.27803838760958377,
          -2.142335259185845,
          0.08142771976361597,
          -0.9469295946502905,
          -1.12829146042636,
          0.23627783361434387,
          -1.4184535850799456,
          -0.332159349820204,
          -2.5175561596606375,
          -2.5610969675932234
        ],
        "x": [
          -1.1260315176615356,
          -0.9093330775159986,
          -0.24781283484278233,
          0.14447187398924546,
          -0.5978391507380777,
          -0.6395836607208105,
          0.10057784951051899,
          -1.003416988370963,
          -0.16554708870303758,
          -1.975697776707057,
          0.06715253401488039,
          -1.0623270121469652,
          -1.2408735319750797,
          0.14302697646470752,
          -1.5198773078657632,
          -0.4033330410298751,
          -2.6411126234477065,
          -2.696272574769194
        ],
        "success": true,
        "message": "CONVERGENCE: RELATIVE REDUCTION OF F <= FACTR*EPSMCH",
        "boundary_hit": false,
        "gradient": [
          -0.0005924600313860218,
          -0.00030232674748020827,
          0.0008954167085745701,
          9.258949841484121e-05,
          0.0006067019278177543,
          0.0005625424451807248,
          -6.923681305437412e-05,
          0.0003744771884583997,
          0.00013829125816622323,
          0.00016296965926088092,
          -3.0395919804915295e-05,
          0.0005595202237564934,
          -8.228010953970077e-05,
          -0.00015166121043996839,
          3.682798670467946e-05,
          -0.00020539390963314474,
          0.0006029937263942742,
          0.0006194294070809292
        ],
        "training_log_score": -193297.22691248305,
        "evaluations": 27,
        "iterations": 22,
        "qualified": true,
        "estimate": {
          "latitude_deg": 37.84807217655905,
          "longitude_deg": -122.49720078773196
        },
        "decay_s": 0,
        "unit_id": "exclude_DS7",
        "stage": "source_fit",
        "start_id": "DS9",
        "session_ids": [
          "scan-fw-aadcd44b66085469",
          "scan-fw-4ad7afd9a4944b11",
          "scan-fw-d0640560d2bb0674",
          "scan-fw-4cde9b2367652c52",
          "scan-fw-edf1b92b8b96d41f",
          "scan-fw-08645dc6e7e77c73",
          "scan-fw-a229f5cb2f4f975c",
          "scan-fw-5f1241d380ff155f",
          "scan-fw-98cb28475c2059b9",
          "scan-fw-87e7f715a99a1104",
          "scan-fw-9072108e122dc75a",
          "scan-fw-4115b692366be4b4",
          "scan-fw-9ef543e384adcc7e",
          "scan-fw-bb05a7bda30bd9b9",
          "scan-fw-2b071cfa7b4c0dab",
          "scan-fw-7255cd27e650417c"
        ]
      },
      "source_runs": [
        {
          "start_id": "DS8",
          "exit_code": 0,
          "result": {
            "initial": [
              -1.9069188934347734,
              -1.4358102975076001,
              -0.2871224893791399,
              0.12900280228252306,
              -0.682195407710029,
              -0.7510021525003309,
              0.0029170097264131696,
              -1.1377112669469236,
              -0.27803838760958377,
              -2.142335259185845,
              0.08142771976361597,
              -0.9469295946502905,
              -1.12829146042636,
              0.23627783361434387,
              -1.4184535850799456,
              -0.332159349820204,
              -2.5175561596606375,
              -2.5610969675932234
            ],
            "x": [
              -1.1260363972418765,
              -0.9093339961263164,
              -0.2478125143659502,
              0.14447156429750369,
              -0.5978389968869768,
              -0.6395843244888137,
              0.10057647668357088,
              -1.003417418614421,
              -0.16554756681119356,
              -1.9756983353317095,
              0.06715203916727337,
              -1.0623274359384147,
              -1.2408743034961132,
              0.1430262786295047,
              -1.5198782382871887,
              -0.40333379106468664,
              -2.6411130769982583,
              -2.6962730199217297
            ],
            "success": true,
            "message": "CONVERGENCE: RELATIVE REDUCTION OF F <= FACTR*EPSMCH",
            "boundary_hit": false,
            "gradient": [
              0.0006417927650583799,
              0.0001899395525382097,
              1.7817618418319858e-05,
              8.413628768721981e-05,
              7.434201439315835e-05,
              0.0003143506557847786,
              0.00033722908223410286,
              -1.986117076313576e-05,
              -4.9116200016685596e-05,
              -0.0001470465347317429,
              0.00016943664142776704,
              -2.7764248274664283e-05,
              5.043886544164877e-05,
              -3.7324704554642096e-05,
              0.0002892747503526749,
              1.3462948290410282e-05,
              -0.00019603032033899126,
              -2.9096406148454435e-05
            ],
            "training_log_score": -193297.22691248383,
            "evaluations": 25,
            "iterations": 21,
            "qualified": true,
            "estimate": {
              "latitude_deg": 37.8480721682978,
              "longitude_deg": -122.49720084331162
            },
            "decay_s": 0,
            "unit_id": "exclude_DS7",
            "stage": "source_fit",
            "start_id": "DS8",
            "session_ids": [
              "scan-fw-aadcd44b66085469",
              "scan-fw-4ad7afd9a4944b11",
              "scan-fw-d0640560d2bb0674",
              "scan-fw-4cde9b2367652c52",
              "scan-fw-edf1b92b8b96d41f",
              "scan-fw-08645dc6e7e77c73",
              "scan-fw-a229f5cb2f4f975c",
              "scan-fw-5f1241d380ff155f",
              "scan-fw-98cb28475c2059b9",
              "scan-fw-87e7f715a99a1104",
              "scan-fw-9072108e122dc75a",
              "scan-fw-4115b692366be4b4",
              "scan-fw-9ef543e384adcc7e",
              "scan-fw-bb05a7bda30bd9b9",
              "scan-fw-2b071cfa7b4c0dab",
              "scan-fw-7255cd27e650417c"
            ]
          }
        },
        {
          "start_id": "DS9",
          "exit_code": 0,
          "result": {
            "initial": [
              -0.403906522475097,
              -0.48602214368745594,
              -0.2871224893791399,
              0.12900280228252306,
              -0.682195407710029,
              -0.7510021525003309,
              0.0029170097264131696,
              -1.1377112669469236,
              -0.27803838760958377,
              -2.142335259185845,
              0.08142771976361597,
              -0.9469295946502905,
              -1.12829146042636,
              0.23627783361434387,
              -1.4184535850799456,
              -0.332159349820204,
              -2.5175561596606375,
              -2.5610969675932234
            ],
            "x": [
              -1.1260315176615356,
              -0.9093330775159986,
              -0.24781283484278233,
              0.14447187398924546,
              -0.5978391507380777,
              -0.6395836607208105,
              0.10057784951051899,
              -1.003416988370963,
              -0.16554708870303758,
              -1.975697776707057,
              0.06715253401488039,
              -1.0623270121469652,
              -1.2408735319750797,
              0.14302697646470752,
              -1.5198773078657632,
              -0.4033330410298751,
              -2.6411126234477065,
              -2.696272574769194
            ],
            "success": true,
            "message": "CONVERGENCE: RELATIVE REDUCTION OF F <= FACTR*EPSMCH",
            "boundary_hit": false,
            "gradient": [
              -0.0005924600313860218,
              -0.00030232674748020827,
              0.0008954167085745701,
              9.258949841484121e-05,
              0.0006067019278177543,
              0.0005625424451807248,
              -6.923681305437412e-05,
              0.0003744771884583997,
              0.00013829125816622323,
              0.00016296965926088092,
              -3.0395919804915295e-05,
              0.0005595202237564934,
              -8.228010953970077e-05,
              -0.00015166121043996839,
              3.682798670467946e-05,
              -0.00020539390963314474,
              0.0006029937263942742,
              0.0006194294070809292
            ],
            "training_log_score": -193297.22691248305,
            "evaluations": 27,
            "iterations": 22,
            "qualified": true,
            "estimate": {
              "latitude_deg": 37.84807217655905,
              "longitude_deg": -122.49720078773196
            },
            "decay_s": 0,
            "unit_id": "exclude_DS7",
            "stage": "source_fit",
            "start_id": "DS9",
            "session_ids": [
              "scan-fw-aadcd44b66085469",
              "scan-fw-4ad7afd9a4944b11",
              "scan-fw-d0640560d2bb0674",
              "scan-fw-4cde9b2367652c52",
              "scan-fw-edf1b92b8b96d41f",
              "scan-fw-08645dc6e7e77c73",
              "scan-fw-a229f5cb2f4f975c",
              "scan-fw-5f1241d380ff155f",
              "scan-fw-98cb28475c2059b9",
              "scan-fw-87e7f715a99a1104",
              "scan-fw-9072108e122dc75a",
              "scan-fw-4115b692366be4b4",
              "scan-fw-9ef543e384adcc7e",
              "scan-fw-bb05a7bda30bd9b9",
              "scan-fw-2b071cfa7b4c0dab",
              "scan-fw-7255cd27e650417c"
            ]
          }
        }
      ],
      "higher_score_unqualified_starts": [],
      "error_m": 1010.9297586803801,
      "start_separation_m": 0.00496582903140357,
      "source_held": {
        "state": "returned",
        "datasets": [
          {
            "dataset": "DS8",
            "tracks": 483,
            "held_observations": 9340,
            "held_delta_vs_same_model_panel": -5.95137447282039,
            "training_delta_vs_same_model_panel": -54.5638683720757,
            "held_delta_vs_original_iid_panel": 4449.916735293243,
            "positive_records_vs_same_model": 3,
            "record_deltas": [
              {
                "session_id": "scan-fw-aadcd44b66085469",
                "training_vs_same_model_panel": -4.75361665155441,
                "vs_same_model_panel": -7.928288944806404,
                "vs_original_iid_panel": 380.62306112401484
              },
              {
                "session_id": "scan-fw-4ad7afd9a4944b11",
                "training_vs_same_model_panel": -57.139511514806244,
                "vs_same_model_panel": -33.01066562727612,
                "vs_original_iid_panel": 475.3187915675409
              },
              {
                "session_id": "scan-fw-d0640560d2bb0674",
                "training_vs_same_model_panel": 48.504612134931804,
                "vs_same_model_panel": 44.28578173106931,
                "vs_original_iid_panel": 347.5144354348426
              },
              {
                "session_id": "scan-fw-4cde9b2367652c52",
                "training_vs_same_model_panel": -21.37724204602623,
                "vs_same_model_panel": -18.6538057057236,
                "vs_original_iid_panel": 773.0773229835648
              },
              {
                "session_id": "scan-fw-edf1b92b8b96d41f",
                "training_vs_same_model_panel": -19.811010466762234,
                "vs_same_model_panel": -7.814472946617073,
                "vs_original_iid_panel": 408.18742212836844
              },
              {
                "session_id": "scan-fw-08645dc6e7e77c73",
                "training_vs_same_model_panel": 19.463440925165216,
                "vs_same_model_panel": 17.09751108809381,
                "vs_original_iid_panel": 510.4262832395682
              },
              {
                "session_id": "scan-fw-a229f5cb2f4f975c",
                "training_vs_same_model_panel": -7.286260287522197,
                "vs_same_model_panel": 3.0861144645264744,
                "vs_original_iid_panel": 577.4808482808817
              },
              {
                "session_id": "scan-fw-5f1241d380ff155f",
                "training_vs_same_model_panel": -12.164280465501406,
                "vs_same_model_panel": -3.013548532086787,
                "vs_original_iid_panel": 977.2885705344611
              }
            ]
          },
          {
            "dataset": "DS9",
            "tracks": 478,
            "held_observations": 9255,
            "held_delta_vs_same_model_panel": -38.27526815989032,
            "training_delta_vs_same_model_panel": -46.31470638106925,
            "held_delta_vs_original_iid_panel": 6083.27124790297,
            "positive_records_vs_same_model": 3,
            "record_deltas": [
              {
                "session_id": "scan-fw-98cb28475c2059b9",
                "training_vs_same_model_panel": -12.234535817508906,
                "vs_same_model_panel": -8.716524499075632,
                "vs_original_iid_panel": 670.6757604184689
              },
              {
                "session_id": "scan-fw-87e7f715a99a1104",
                "training_vs_same_model_panel": 8.931473420702087,
                "vs_same_model_panel": 6.941672693877344,
                "vs_original_iid_panel": 587.5495465926059
              },
              {
                "session_id": "scan-fw-9072108e122dc75a",
                "training_vs_same_model_panel": 5.772940321573643,
                "vs_same_model_panel": 5.763042913529482,
                "vs_original_iid_panel": 405.85305762595124
              },
              {
                "session_id": "scan-fw-4115b692366be4b4",
                "training_vs_same_model_panel": 1.4818329534802217,
                "vs_same_model_panel": -4.813945158318177,
                "vs_original_iid_panel": 774.7381102757773
              },
              {
                "session_id": "scan-fw-9ef543e384adcc7e",
                "training_vs_same_model_panel": 8.398822666280722,
                "vs_same_model_panel": 6.4753917734018955,
                "vs_original_iid_panel": 1487.5232924806076
              },
              {
                "session_id": "scan-fw-bb05a7bda30bd9b9",
                "training_vs_same_model_panel": -20.84600252096037,
                "vs_same_model_panel": -18.268838761007615,
                "vs_original_iid_panel": 580.4327042331739
              },
              {
                "session_id": "scan-fw-2b071cfa7b4c0dab",
                "training_vs_same_model_panel": -9.792960347683614,
                "vs_same_model_panel": -8.329389953212068,
                "vs_original_iid_panel": 1073.7338668978973
              },
              {
                "session_id": "scan-fw-7255cd27e650417c",
                "training_vs_same_model_panel": -28.026277056953035,
                "vs_same_model_panel": -17.326677169085542,
                "vs_original_iid_panel": 502.7649093784872
              }
            ]
          }
        ],
        "gradient_check": [
          {
            "axis": 0,
            "step_km": 0.001,
            "numerical": -0.0006026384653523564,
            "analytic": -0.0005924600313860218,
            "absolute_difference": 1.0178433966334666e-05
          },
          {
            "axis": 1,
            "step_km": 0.001,
            "numerical": -0.00032241223379969597,
            "analytic": -0.00030232674748020827,
            "absolute_difference": 2.00854863194877e-05
          },
          {
            "axis": 0,
            "step_km": 0.0005,
            "numerical": -0.000594649463891983,
            "analytic": -0.0005924600313860218,
            "absolute_difference": 2.189432505961264e-06
          },
          {
            "axis": 1,
            "step_km": 0.0005,
            "numerical": -0.00030675437301397324,
            "analytic": -0.00030232674748020827,
            "absolute_difference": 4.427625533764967e-06
          }
        ],
        "offset_stationarity": 7.120668107183034e-12
      },
      "target_qualified_starts": 3,
      "target_selected": {
        "initial": [
          -2.0,
          -2.0,
          -2.0,
          -2.0,
          -2.0,
          -2.0,
          -2.0,
          -2.0
        ],
        "x": [
          -1.1260315176615356,
          -0.9093330775159986,
          -0.4574728900300413,
          0.17761534816383107,
          0.15074739589847672,
          -0.33315513638376937,
          -0.49187895941295107,
          0.1779105201362736,
          0.4205447891553825,
          -0.05006678059648981
        ],
        "success": true,
        "message": "CONVERGENCE: RELATIVE REDUCTION OF F <= FACTR*EPSMCH",
        "boundary_hit": false,
        "gradient": [
          -5.162731662111675e-05,
          -2.9447866367604547e-05,
          -0.00023839603984754376,
          -0.00013779202504338173,
          -2.348388394968204e-05,
          -7.951111167603386e-05,
          -3.898074253427808e-05,
          -7.242077601998798e-05
        ],
        "training_log_score": -81830.98594043966,
        "evaluations": 21,
        "iterations": 16,
        "qualified": true,
        "estimate": {
          "latitude_deg": 37.84807217655905,
          "longitude_deg": -122.49720078773196
        },
        "decay_s": 0,
        "unit_id": "exclude_DS7",
        "stage": "target_fit",
        "start_id": "-2",
        "session_ids": [
          "scan-fw-5f7bf896e4552887",
          "scan-fw-9fb9f600946a202e",
          "scan-fw-c03dcf6c28e82a97",
          "scan-fw-c644746d01db758f",
          "scan-fw-a267faf8e5ca613c",
          "scan-fw-30cb794dc996d187",
          "scan-fw-cefd970b797cdcee",
          "scan-fw-254147e6f142d7d7"
        ]
      },
      "target_held": {
        "state": "returned",
        "datasets": [
          {
            "dataset": "DS7",
            "tracks": 470,
            "held_observations": 7983,
            "held_delta_vs_same_model_panel": -139.95026451362804,
            "training_delta_vs_same_model_panel": -148.9393894028911,
            "held_delta_vs_original_iid_panel": 2644.6690510536896,
            "positive_records_vs_same_model": 2,
            "record_deltas": [
              {
                "session_id": "scan-fw-5f7bf896e4552887",
                "training_vs_same_model_panel": -117.61452264258835,
                "vs_same_model_panel": -63.61566023302363,
                "vs_original_iid_panel": 118.31847756118849
              },
              {
                "session_id": "scan-fw-9fb9f600946a202e",
                "training_vs_same_model_panel": -54.35067770861846,
                "vs_same_model_panel": -45.90381722686046,
                "vs_original_iid_panel": 213.85181742705547
              },
              {
                "session_id": "scan-fw-c03dcf6c28e82a97",
                "training_vs_same_model_panel": 30.59069682297105,
                "vs_same_model_panel": 29.011696746519583,
                "vs_original_iid_panel": 270.6866527475545
              },
              {
                "session_id": "scan-fw-c644746d01db758f",
                "training_vs_same_model_panel": -1.326616814126055,
                "vs_same_model_panel": -15.625533035701253,
                "vs_original_iid_panel": 245.69181973093325
              },
              {
                "session_id": "scan-fw-a267faf8e5ca613c",
                "training_vs_same_model_panel": -15.813796093213117,
                "vs_same_model_panel": 7.165660203149493,
                "vs_original_iid_panel": 767.6930468423558
              },
              {
                "session_id": "scan-fw-30cb794dc996d187",
                "training_vs_same_model_panel": 20.830618751750425,
                "vs_same_model_panel": -1.9253432894060367,
                "vs_original_iid_panel": 128.08769275141015
              },
              {
                "session_id": "scan-fw-cefd970b797cdcee",
                "training_vs_same_model_panel": -41.689459800063815,
                "vs_same_model_panel": -30.048893391850733,
                "vs_original_iid_panel": 457.1000758456149
              },
              {
                "session_id": "scan-fw-254147e6f142d7d7",
                "training_vs_same_model_panel": 30.434368080997228,
                "vs_same_model_panel": -19.008374286455012,
                "vs_original_iid_panel": 443.239468147577
              }
            ]
          }
        ],
        "gradient_check": [],
        "offset_stationarity": 5.402857379886306e-12
      }
    },
    {
      "decay_s": 0,
      "unit_id": "exclude_DS8",
      "source_datasets": [
        "DS7",
        "DS9"
      ],
      "excluded_dataset": "DS8",
      "planned_starts": 2,
      "qualified_starts": 2,
      "selected": {
        "initial": [
          0.30560817943529756,
          -0.4915043737614608,
          -0.40003841315519045,
          0.3782009797156699,
          0.20229627074718864,
          -0.10665644139069719,
          -0.22499206021788337,
          0.3453517853312266,
          0.5353618213241734,
          -0.1408124344794445,
          0.08142771976361597,
          -0.9469295946502905,
          -1.12829146042636,
          0.23627783361434387,
          -1.4184535850799456,
          -0.332159349820204,
          -2.5175561596606375,
          -2.5610969675932234
        ],
        "x": [
          0.0451574154589469,
          -0.5128642219529566,
          -0.4051762369388454,
          0.3447694615235106,
          0.19900870654899397,
          -0.142684137209924,
          -0.26686895956250145,
          0.3147001308026264,
          0.5137976716149911,
          -0.14167718330559462,
          0.12465456732976812,
          -0.9009610141939359,
          -1.0689523465024613,
          0.295136767807742,
          -1.3542124098995858,
          -0.2723217896969258,
          -2.457384994348106,
          -2.511935621046585
        ],
        "success": true,
        "message": "CONVERGENCE: RELATIVE REDUCTION OF F <= FACTR*EPSMCH",
        "boundary_hit": false,
        "gradient": [
          -8.440635771345129e-05,
          -2.7767995094407638e-05,
          6.680224858418571e-05,
          0.0001857306838708439,
          4.17047261507264e-05,
          7.447361380386042e-05,
          0.00013437778995002703,
          -5.670966002568889e-06,
          -3.1478607088075705e-05,
          -2.644498968096265e-05,
          5.5995579793854944e-05,
          4.725385096548962e-07,
          9.034375625804891e-05,
          -0.00014833264106162147,
          0.00011071913980398307,
          0.00032343056913575197,
          6.195165669709013e-05,
          -5.2708868125250774e-05
        ],
        "training_log_score": -178686.67220616058,
        "evaluations": 34,
        "iterations": 20,
        "qualified": true,
        "estimate": {
          "latitude_deg": 37.851637704285686,
          "longitude_deg": -122.48386064545831
        },
        "decay_s": 0,
        "unit_id": "exclude_DS8",
        "stage": "source_fit",
        "start_id": "DS7",
        "session_ids": [
          "scan-fw-5f7bf896e4552887",
          "scan-fw-9fb9f600946a202e",
          "scan-fw-c03dcf6c28e82a97",
          "scan-fw-c644746d01db758f",
          "scan-fw-a267faf8e5ca613c",
          "scan-fw-30cb794dc996d187",
          "scan-fw-cefd970b797cdcee",
          "scan-fw-254147e6f142d7d7",
          "scan-fw-98cb28475c2059b9",
          "scan-fw-87e7f715a99a1104",
          "scan-fw-9072108e122dc75a",
          "scan-fw-4115b692366be4b4",
          "scan-fw-9ef543e384adcc7e",
          "scan-fw-bb05a7bda30bd9b9",
          "scan-fw-2b071cfa7b4c0dab",
          "scan-fw-7255cd27e650417c"
        ]
      },
      "source_runs": [
        {
          "start_id": "DS7",
          "exit_code": 0,
          "result": {
            "initial": [
              0.30560817943529756,
              -0.4915043737614608,
              -0.40003841315519045,
              0.3782009797156699,
              0.20229627074718864,
              -0.10665644139069719,
              -0.22499206021788337,
              0.3453517853312266,
              0.5353618213241734,
              -0.1408124344794445,
              0.08142771976361597,
              -0.9469295946502905,
              -1.12829146042636,
              0.23627783361434387,
              -1.4184535850799456,
              -0.332159349820204,
              -2.5175561596606375,
              -2.5610969675932234
            ],
            "x": [
              0.0451574154589469,
              -0.5128642219529566,
              -0.4051762369388454,
              0.3447694615235106,
              0.19900870654899397,
              -0.142684137209924,
              -0.26686895956250145,
              0.3147001308026264,
              0.5137976716149911,
              -0.14167718330559462,
              0.12465456732976812,
              -0.9009610141939359,
              -1.0689523465024613,
              0.295136767807742,
              -1.3542124098995858,
              -0.2723217896969258,
              -2.457384994348106,
              -2.511935621046585
            ],
            "success": true,
            "message": "CONVERGENCE: RELATIVE REDUCTION OF F <= FACTR*EPSMCH",
            "boundary_hit": false,
            "gradient": [
              -8.440635771345129e-05,
              -2.7767995094407638e-05,
              6.680224858418571e-05,
              0.0001857306838708439,
              4.17047261507264e-05,
              7.447361380386042e-05,
              0.00013437778995002703,
              -5.670966002568889e-06,
              -3.1478607088075705e-05,
              -2.644498968096265e-05,
              5.5995579793854944e-05,
              4.725385096548962e-07,
              9.034375625804891e-05,
              -0.00014833264106162147,
              0.00011071913980398307,
              0.00032343056913575197,
              6.195165669709013e-05,
              -5.2708868125250774e-05
            ],
            "training_log_score": -178686.67220616058,
            "evaluations": 34,
            "iterations": 20,
            "qualified": true,
            "estimate": {
              "latitude_deg": 37.851637704285686,
              "longitude_deg": -122.48386064545831
            },
            "decay_s": 0,
            "unit_id": "exclude_DS8",
            "stage": "source_fit",
            "start_id": "DS7",
            "session_ids": [
              "scan-fw-5f7bf896e4552887",
              "scan-fw-9fb9f600946a202e",
              "scan-fw-c03dcf6c28e82a97",
              "scan-fw-c644746d01db758f",
              "scan-fw-a267faf8e5ca613c",
              "scan-fw-30cb794dc996d187",
              "scan-fw-cefd970b797cdcee",
              "scan-fw-254147e6f142d7d7",
              "scan-fw-98cb28475c2059b9",
              "scan-fw-87e7f715a99a1104",
              "scan-fw-9072108e122dc75a",
              "scan-fw-4115b692366be4b4",
              "scan-fw-9ef543e384adcc7e",
              "scan-fw-bb05a7bda30bd9b9",
              "scan-fw-2b071cfa7b4c0dab",
              "scan-fw-7255cd27e650417c"
            ]
          }
        },
        {
          "start_id": "DS9",
          "exit_code": 0,
          "result": {
            "initial": [
              -0.403906522475097,
              -0.48602214368745594,
              -0.40003841315519045,
              0.3782009797156699,
              0.20229627074718864,
              -0.10665644139069719,
              -0.22499206021788337,
              0.3453517853312266,
              0.5353618213241734,
              -0.1408124344794445,
              0.08142771976361597,
              -0.9469295946502905,
              -1.12829146042636,
              0.23627783361434387,
              -1.4184535850799456,
              -0.332159349820204,
              -2.5175561596606375,
              -2.5610969675932234
            ],
            "x": [
              0.045158084150307594,
              -0.5128641296026499,
              -0.4051760851140529,
              0.34476960960892966,
              0.1990087127602522,
              -0.14268400013518484,
              -0.2668686156337721,
              0.31470019301830815,
              0.5137977122835929,
              -0.14167720426284452,
              0.12465462414694284,
              -0.9009609082986192,
              -1.0689522051650777,
              0.2951367827738305,
              -1.3542122528593885,
              -0.27232143655174734,
              -2.457384853938548,
              -2.511935534577506
            ],
            "success": true,
            "message": "CONVERGENCE: RELATIVE REDUCTION OF F <= FACTR*EPSMCH",
            "boundary_hit": false,
            "gradient": [
              -0.00010039777227222046,
              -5.105795670434787e-05,
              -1.0799674274697413e-05,
              4.846579299666587e-06,
              7.232273944879353e-05,
              5.863676468820245e-06,
              -0.00011472805804639552,
              2.4941540409884055e-05,
              -4.781193130298789e-06,
              2.173802676330716e-05,
              4.278228756460223e-05,
              -7.511904539647674e-05,
              -2.5281104343521932e-05,
              5.5563541730307975e-05,
              2.1869419542852597e-05,
              -6.079066690034551e-07,
              -6.730587996095494e-05,
              -5.172882407222801e-05
            ],
            "training_log_score": -178686.67220616146,
            "evaluations": 25,
            "iterations": 21,
            "qualified": true,
            "estimate": {
              "latitude_deg": 37.85163770511621,
              "longitude_deg": -122.48386063784174
            },
            "decay_s": 0,
            "unit_id": "exclude_DS8",
            "stage": "source_fit",
            "start_id": "DS9",
            "session_ids": [
              "scan-fw-5f7bf896e4552887",
              "scan-fw-9fb9f600946a202e",
              "scan-fw-c03dcf6c28e82a97",
              "scan-fw-c644746d01db758f",
              "scan-fw-a267faf8e5ca613c",
              "scan-fw-30cb794dc996d187",
              "scan-fw-cefd970b797cdcee",
              "scan-fw-254147e6f142d7d7",
              "scan-fw-98cb28475c2059b9",
              "scan-fw-87e7f715a99a1104",
              "scan-fw-9072108e122dc75a",
              "scan-fw-4115b692366be4b4",
              "scan-fw-9ef543e384adcc7e",
              "scan-fw-bb05a7bda30bd9b9",
              "scan-fw-2b071cfa7b4c0dab",
              "scan-fw-7255cd27e650417c"
            ]
          }
        }
      ],
      "higher_score_unqualified_starts": [],
      "error_m": 331.7447071487308,
      "start_separation_m": 0.0006750799034829008,
      "source_held": {
        "state": "returned",
        "datasets": [
          {
            "dataset": "DS7",
            "tracks": 470,
            "held_observations": 7983,
            "held_delta_vs_same_model_panel": -6.9448531982342026,
            "training_delta_vs_same_model_panel": -4.8731054605798825,
            "held_delta_vs_original_iid_panel": 2777.6744623690834,
            "positive_records_vs_same_model": 4,
            "record_deltas": [
              {
                "session_id": "scan-fw-5f7bf896e4552887",
                "training_vs_same_model_panel": -18.231544035085886,
                "vs_same_model_panel": -9.113616307552007,
                "vs_original_iid_panel": 172.8205214866601
              },
              {
                "session_id": "scan-fw-9fb9f600946a202e",
                "training_vs_same_model_panel": -8.984133340484565,
                "vs_same_model_panel": -6.753616763208058,
                "vs_original_iid_panel": 253.00201789070786
              },
              {
                "session_id": "scan-fw-c03dcf6c28e82a97",
                "training_vs_same_model_panel": 14.356719354107614,
                "vs_same_model_panel": 9.810014021269527,
                "vs_original_iid_panel": 251.48497002230442
              },
              {
                "session_id": "scan-fw-c644746d01db758f",
                "training_vs_same_model_panel": 0.6466539693643725,
                "vs_same_model_panel": -0.8616477927607704,
                "vs_original_iid_panel": 260.4557049738737
              },
              {
                "session_id": "scan-fw-a267faf8e5ca613c",
                "training_vs_same_model_panel": 0.3921207795210435,
                "vs_same_model_panel": 1.0797398799484768,
                "vs_original_iid_panel": 761.6071265191547
              },
              {
                "session_id": "scan-fw-30cb794dc996d187",
                "training_vs_same_model_panel": 4.9611815229263065,
                "vs_same_model_panel": 1.0838286536877355,
                "vs_original_iid_panel": 131.0968646945039
              },
              {
                "session_id": "scan-fw-cefd970b797cdcee",
                "training_vs_same_model_panel": -4.160381789342836,
                "vs_same_model_panel": -2.4598417128361305,
                "vs_original_iid_panel": 484.68912752462955
              },
              {
                "session_id": "scan-fw-254147e6f142d7d7",
                "training_vs_same_model_panel": 6.146278078414067,
                "vs_same_model_panel": 0.2702868232170239,
                "vs_original_iid_panel": 462.518129257249
              }
            ]
          },
          {
            "dataset": "DS9",
            "tracks": 478,
            "held_observations": 9255,
            "held_delta_vs_same_model_panel": -17.029546649573938,
            "training_delta_vs_same_model_panel": -8.47382014381309,
            "held_delta_vs_original_iid_panel": 6104.516969413286,
            "positive_records_vs_same_model": 2,
            "record_deltas": [
              {
                "session_id": "scan-fw-98cb28475c2059b9",
                "training_vs_same_model_panel": -1.952607469279414,
                "vs_same_model_panel": -1.1338374051087143,
                "vs_original_iid_panel": 678.2584475124359
              },
              {
                "session_id": "scan-fw-87e7f715a99a1104",
                "training_vs_same_model_panel": -9.79727378785655,
                "vs_same_model_panel": -6.090644878655759,
                "vs_original_iid_panel": 574.5172290200728
              },
              {
                "session_id": "scan-fw-9072108e122dc75a",
                "training_vs_same_model_panel": -14.973585756478393,
                "vs_same_model_panel": -10.623179831015499,
                "vs_original_iid_panel": 389.46683488140627
              },
              {
                "session_id": "scan-fw-4115b692366be4b4",
                "training_vs_same_model_panel": -7.191929821175108,
                "vs_same_model_panel": -6.49166331164713,
                "vs_original_iid_panel": 773.0603921224483
              },
              {
                "session_id": "scan-fw-9ef543e384adcc7e",
                "training_vs_same_model_panel": 4.928384879426709,
                "vs_same_model_panel": 2.073186639709462,
                "vs_original_iid_panel": 1483.1210873469151
              },
              {
                "session_id": "scan-fw-bb05a7bda30bd9b9",
                "training_vs_same_model_panel": 3.2075492473887124,
                "vs_same_model_panel": -1.3757754920893532,
                "vs_original_iid_panel": 597.3257675020922
              },
              {
                "session_id": "scan-fw-2b071cfa7b4c0dab",
                "training_vs_same_model_panel": -0.8397034048485281,
                "vs_same_model_panel": -4.062728331124077,
                "vs_original_iid_panel": 1078.0005285199854
              },
              {
                "session_id": "scan-fw-7255cd27e650417c",
                "training_vs_same_model_panel": 18.145345969009483,
                "vs_same_model_panel": 10.675095960357133,
                "vs_original_iid_panel": 530.7666825079298
              }
            ]
          }
        ],
        "gradient_check": [
          {
            "axis": 0,
            "step_km": 0.001,
            "numerical": -5.874608177691698e-05,
            "analytic": -8.440635771345129e-05,
            "absolute_difference": 2.5660275936534305e-05
          },
          {
            "axis": 1,
            "step_km": 0.001,
            "numerical": -6.606569513678551e-06,
            "analytic": -2.7767995094407638e-05,
            "absolute_difference": 2.1161425580729087e-05
          },
          {
            "axis": 0,
            "step_km": 0.0005,
            "numerical": -7.767812348902225e-05,
            "analytic": -8.440635771345129e-05,
            "absolute_difference": 6.7282342244290305e-06
          },
          {
            "axis": 1,
            "step_km": 0.0005,
            "numerical": -2.3836037144064903e-05,
            "analytic": -2.7767995094407638e-05,
            "absolute_difference": 3.931957950342735e-06
          }
        ],
        "offset_stationarity": 4.334893022017299e-12
      },
      "target_qualified_starts": 3,
      "target_selected": {
        "initial": [
          2.0,
          2.0,
          2.0,
          2.0,
          2.0,
          2.0,
          2.0,
          2.0
        ],
        "x": [
          0.0451574154589469,
          -0.5128642219529566,
          -0.25258477080964153,
          0.2893168345938337,
          -0.5314319218510337,
          -0.46499661504622863,
          0.2234277585335081,
          -0.8378043166165576,
          -0.00641000747066186,
          -1.7923116165104742
        ],
        "success": true,
        "message": "CONVERGENCE: RELATIVE REDUCTION OF F <= FACTR*EPSMCH",
        "boundary_hit": false,
        "gradient": [
          8.117487636960519e-06,
          -2.601214634800897e-06,
          -1.5375700523012625e-05,
          -8.62764450459963e-06,
          -3.023972574567324e-07,
          1.0087136310232836e-05,
          -6.267751666788612e-06,
          -4.2673464726306065e-06
        ],
        "training_log_score": -96461.36280486023,
        "evaluations": 31,
        "iterations": 25,
        "qualified": true,
        "estimate": {
          "latitude_deg": 37.851637704285686,
          "longitude_deg": -122.48386064545831
        },
        "decay_s": 0,
        "unit_id": "exclude_DS8",
        "stage": "target_fit",
        "start_id": "2",
        "session_ids": [
          "scan-fw-aadcd44b66085469",
          "scan-fw-4ad7afd9a4944b11",
          "scan-fw-d0640560d2bb0674",
          "scan-fw-4cde9b2367652c52",
          "scan-fw-edf1b92b8b96d41f",
          "scan-fw-08645dc6e7e77c73",
          "scan-fw-a229f5cb2f4f975c",
          "scan-fw-5f1241d380ff155f"
        ]
      },
      "target_held": {
        "state": "returned",
        "datasets": [
          {
            "dataset": "DS8",
            "tracks": 483,
            "held_observations": 9340,
            "held_delta_vs_same_model_panel": -106.8401670698382,
            "training_delta_vs_same_model_panel": -256.2931966501099,
            "held_delta_vs_original_iid_panel": 4349.027942696224,
            "positive_records_vs_same_model": 2,
            "record_deltas": [
              {
                "session_id": "scan-fw-aadcd44b66085469",
                "training_vs_same_model_panel": -48.67671088690227,
                "vs_same_model_panel": -39.69389756057644,
                "vs_original_iid_panel": 348.85745250824476
              },
              {
                "session_id": "scan-fw-4ad7afd9a4944b11",
                "training_vs_same_model_panel": -171.50040391192556,
                "vs_same_model_panel": -107.08737631308801,
                "vs_original_iid_panel": 401.242080881729
              },
              {
                "session_id": "scan-fw-d0640560d2bb0674",
                "training_vs_same_model_panel": 94.36955600739962,
                "vs_same_model_panel": 88.47985575240645,
                "vs_original_iid_panel": 391.70850945617974
              },
              {
                "session_id": "scan-fw-4cde9b2367652c52",
                "training_vs_same_model_panel": -36.61073388172389,
                "vs_same_model_panel": -26.97601797882308,
                "vs_original_iid_panel": 764.7551107104654
              },
              {
                "session_id": "scan-fw-edf1b92b8b96d41f",
                "training_vs_same_model_panel": -49.999495909619995,
                "vs_same_model_panel": -25.73611428893267,
                "vs_original_iid_panel": 390.26578078605286
              },
              {
                "session_id": "scan-fw-08645dc6e7e77c73",
                "training_vs_same_model_panel": 12.582807693338044,
                "vs_same_model_panel": 9.15162280338781,
                "vs_original_iid_panel": 502.48039495486216
              },
              {
                "session_id": "scan-fw-a229f5cb2f4f975c",
                "training_vs_same_model_panel": -19.919826325592627,
                "vs_same_model_panel": -1.4152158038545224,
                "vs_original_iid_panel": 572.9795180125006
              },
              {
                "session_id": "scan-fw-5f1241d380ff155f",
                "training_vs_same_model_panel": -36.53838943508322,
                "vs_same_model_panel": -3.5630236803577304,
                "vs_original_iid_panel": 976.7390953861901
              }
            ]
          }
        ],
        "gradient_check": [],
        "offset_stationarity": 5.42443089019508e-12
      }
    },
    {
      "decay_s": 0,
      "unit_id": "exclude_DS9",
      "source_datasets": [
        "DS7",
        "DS8"
      ],
      "excluded_dataset": "DS9",
      "planned_starts": 2,
      "qualified_starts": 2,
      "selected": {
        "initial": [
          -1.9069188934347734,
          -1.4358102975076001,
          -0.40003841315519045,
          0.3782009797156699,
          0.20229627074718864,
          -0.10665644139069719,
          -0.22499206021788337,
          0.3453517853312266,
          0.5353618213241734,
          -0.1408124344794445,
          -0.2871224893791399,
          0.12900280228252306,
          -0.682195407710029,
          -0.7510021525003309,
          0.0029170097264131696,
          -1.1377112669469236,
          -0.27803838760958377,
          -2.142335259185845
        ],
        "x": [
          -0.6776551478249729,
          -0.987062915382787,
          -0.4173447378599477,
          0.23943720369788965,
          0.15708463006793785,
          -0.2753009941424979,
          -0.3989373279757575,
          0.2377319734932088,
          0.4600431352458796,
          -0.045923591155623784,
          -0.2512438239843333,
          0.17959901043563764,
          -0.5679426842966885,
          -0.569687252718104,
          0.14670724159835455,
          -0.965825695995807,
          -0.11339388946387075,
          -1.9396054167289878
        ],
        "success": true,
        "message": "CONVERGENCE: RELATIVE REDUCTION OF F <= FACTR*EPSMCH",
        "boundary_hit": false,
        "gradient": [
          0.00023179326945577117,
          8.529320933670093e-05,
          2.3173889096117506e-05,
          0.00012902802218484055,
          -0.00019842527925817421,
          -1.0311673058538418e-05,
          -0.00018964664413344268,
          -0.0003494776332448879,
          2.7179113857300763e-06,
          -7.173294370310668e-05,
          0.0002545691944049744,
          3.940777754574132e-05,
          1.0173396862045436e-05,
          -5.5929249271002845e-05,
          0.00010213896183941529,
          3.758099899187073e-05,
          1.1456310644253342e-05,
          -1.5442225098638573e-05
        ],
        "training_log_score": -178058.50121439062,
        "evaluations": 31,
        "iterations": 26,
        "qualified": true,
        "estimate": {
          "latitude_deg": 37.84737313579403,
          "longitude_deg": -122.49209366590334
        },
        "decay_s": 0,
        "unit_id": "exclude_DS9",
        "stage": "source_fit",
        "start_id": "DS8",
        "session_ids": [
          "scan-fw-5f7bf896e4552887",
          "scan-fw-9fb9f600946a202e",
          "scan-fw-c03dcf6c28e82a97",
          "scan-fw-c644746d01db758f",
          "scan-fw-a267faf8e5ca613c",
          "scan-fw-30cb794dc996d187",
          "scan-fw-cefd970b797cdcee",
          "scan-fw-254147e6f142d7d7",
          "scan-fw-aadcd44b66085469",
          "scan-fw-4ad7afd9a4944b11",
          "scan-fw-d0640560d2bb0674",
          "scan-fw-4cde9b2367652c52",
          "scan-fw-edf1b92b8b96d41f",
          "scan-fw-08645dc6e7e77c73",
          "scan-fw-a229f5cb2f4f975c",
          "scan-fw-5f1241d380ff155f"
        ]
      },
      "source_runs": [
        {
          "start_id": "DS7",
          "exit_code": 0,
          "result": {
            "initial": [
              0.30560817943529756,
              -0.4915043737614608,
              -0.40003841315519045,
              0.3782009797156699,
              0.20229627074718864,
              -0.10665644139069719,
              -0.22499206021788337,
              0.3453517853312266,
              0.5353618213241734,
              -0.1408124344794445,
              -0.2871224893791399,
              0.12900280228252306,
              -0.682195407710029,
              -0.7510021525003309,
              0.0029170097264131696,
              -1.1377112669469236,
              -0.27803838760958377,
              -2.142335259185845
            ],
            "x": [
              -0.6776526413161603,
              -0.9870625519105406,
              -0.41734469800519114,
              0.23943763228168696,
              0.15708467329227452,
              -0.2753006267672349,
              -0.3989377555687915,
              0.23773219518544186,
              0.4600433764470939,
              -0.04592371122033154,
              -0.2512437513310904,
              0.17959911753549374,
              -0.5679426089790641,
              -0.5696868460015597,
              0.1467082384802936,
              -0.9658253819007557,
              -0.1133932771667067,
              -1.9396051000240586
            ],
            "success": true,
            "message": "CONVERGENCE: RELATIVE REDUCTION OF F <= FACTR*EPSMCH",
            "boundary_hit": false,
            "gradient": [
              -0.0004634937037373277,
              0.00015639520114074656,
              0.00012046098082801882,
              -6.663077698298991e-05,
              -3.6969952994070354e-05,
              -3.447836718883934e-05,
              0.0003596369598925786,
              -6.192379919411906e-05,
              -5.226742208463975e-05,
              -1.5831317016323787e-05,
              -1.4390448046519566e-06,
              0.00010693648774273701,
              0.00012479332534653942,
              -0.00016485112330144602,
              -0.00023530839586882735,
              7.121334718362959e-06,
              -0.00033399892360475025,
              2.3432311056836852e-05
            ],
            "training_log_score": -178058.50121439144,
            "evaluations": 28,
            "iterations": 23,
            "qualified": true,
            "estimate": {
              "latitude_deg": 37.84737313906281,
              "longitude_deg": -122.49209363735356
            },
            "decay_s": 0,
            "unit_id": "exclude_DS9",
            "stage": "source_fit",
            "start_id": "DS7",
            "session_ids": [
              "scan-fw-5f7bf896e4552887",
              "scan-fw-9fb9f600946a202e",
              "scan-fw-c03dcf6c28e82a97",
              "scan-fw-c644746d01db758f",
              "scan-fw-a267faf8e5ca613c",
              "scan-fw-30cb794dc996d187",
              "scan-fw-cefd970b797cdcee",
              "scan-fw-254147e6f142d7d7",
              "scan-fw-aadcd44b66085469",
              "scan-fw-4ad7afd9a4944b11",
              "scan-fw-d0640560d2bb0674",
              "scan-fw-4cde9b2367652c52",
              "scan-fw-edf1b92b8b96d41f",
              "scan-fw-08645dc6e7e77c73",
              "scan-fw-a229f5cb2f4f975c",
              "scan-fw-5f1241d380ff155f"
            ]
          }
        },
        {
          "start_id": "DS8",
          "exit_code": 0,
          "result": {
            "initial": [
              -1.9069188934347734,
              -1.4358102975076001,
              -0.40003841315519045,
              0.3782009797156699,
              0.20229627074718864,
              -0.10665644139069719,
              -0.22499206021788337,
              0.3453517853312266,
              0.5353618213241734,
              -0.1408124344794445,
              -0.2871224893791399,
              0.12900280228252306,
              -0.682195407710029,
              -0.7510021525003309,
              0.0029170097264131696,
              -1.1377112669469236,
              -0.27803838760958377,
              -2.142335259185845
            ],
            "x": [
              -0.6776551478249729,
              -0.987062915382787,
              -0.4173447378599477,
              0.23943720369788965,
              0.15708463006793785,
              -0.2753009941424979,
              -0.3989373279757575,
              0.2377319734932088,
              0.4600431352458796,
              -0.045923591155623784,
              -0.2512438239843333,
              0.17959901043563764,
              -0.5679426842966885,
              -0.569687252718104,
              0.14670724159835455,
              -0.965825695995807,
              -0.11339388946387075,
              -1.9396054167289878
            ],
            "success": true,
            "message": "CONVERGENCE: RELATIVE REDUCTION OF F <= FACTR*EPSMCH",
            "boundary_hit": false,
            "gradient": [
              0.00023179326945577117,
              8.529320933670093e-05,
              2.3173889096117506e-05,
              0.00012902802218484055,
              -0.00019842527925817421,
              -1.0311673058538418e-05,
              -0.00018964664413344268,
              -0.0003494776332448879,
              2.7179113857300763e-06,
              -7.173294370310668e-05,
              0.0002545691944049744,
              3.940777754574132e-05,
              1.0173396862045436e-05,
              -5.5929249271002845e-05,
              0.00010213896183941529,
              3.758099899187073e-05,
              1.1456310644253342e-05,
              -1.5442225098638573e-05
            ],
            "training_log_score": -178058.50121439062,
            "evaluations": 31,
            "iterations": 26,
            "qualified": true,
            "estimate": {
              "latitude_deg": 37.84737313579403,
              "longitude_deg": -122.49209366590334
            },
            "decay_s": 0,
            "unit_id": "exclude_DS9",
            "stage": "source_fit",
            "start_id": "DS8",
            "session_ids": [
              "scan-fw-5f7bf896e4552887",
              "scan-fw-9fb9f600946a202e",
              "scan-fw-c03dcf6c28e82a97",
              "scan-fw-c644746d01db758f",
              "scan-fw-a267faf8e5ca613c",
              "scan-fw-30cb794dc996d187",
              "scan-fw-cefd970b797cdcee",
              "scan-fw-254147e6f142d7d7",
              "scan-fw-aadcd44b66085469",
              "scan-fw-4ad7afd9a4944b11",
              "scan-fw-d0640560d2bb0674",
              "scan-fw-4cde9b2367652c52",
              "scan-fw-edf1b92b8b96d41f",
              "scan-fw-08645dc6e7e77c73",
              "scan-fw-a229f5cb2f4f975c",
              "scan-fw-5f1241d380ff155f"
            ]
          }
        }
      ],
      "higher_score_unqualified_starts": [],
      "error_m": 587.1941874891478,
      "start_separation_m": 0.002533025992410206,
      "source_held": {
        "state": "returned",
        "datasets": [
          {
            "dataset": "DS7",
            "tracks": 470,
            "held_observations": 7983,
            "held_delta_vs_same_model_panel": -93.12006696171517,
            "training_delta_vs_same_model_panel": -78.6736818714624,
            "held_delta_vs_original_iid_panel": 2691.499248605602,
            "positive_records_vs_same_model": 3,
            "record_deltas": [
              {
                "session_id": "scan-fw-5f7bf896e4552887",
                "training_vs_same_model_panel": -77.92170818577713,
                "vs_same_model_panel": -42.819707023673196,
                "vs_original_iid_panel": 139.11443077053892
              },
              {
                "session_id": "scan-fw-9fb9f600946a202e",
                "training_vs_same_model_panel": -41.04235606351259,
                "vs_same_model_panel": -34.541897365058304,
                "vs_original_iid_panel": 225.21373728885763
              },
              {
                "session_id": "scan-fw-c03dcf6c28e82a97",
                "training_vs_same_model_panel": 40.66601389803045,
                "vs_same_model_panel": 30.930388343637006,
                "vs_original_iid_panel": 272.6053443446719
              },
              {
                "session_id": "scan-fw-c644746d01db758f",
                "training_vs_same_model_panel": 1.2173963770540865,
                "vs_same_model_panel": -13.243434184765356,
                "vs_original_iid_panel": 248.07391858186915
              },
              {
                "session_id": "scan-fw-a267faf8e5ca613c",
                "training_vs_same_model_panel": -15.706439466880628,
                "vs_same_model_panel": 3.9885101975042083,
                "vs_original_iid_panel": 764.5158968367105
              },
              {
                "session_id": "scan-fw-30cb794dc996d187",
                "training_vs_same_model_panel": 19.74288756266594,
                "vs_same_model_panel": 1.295767348740391,
                "vs_original_iid_panel": 131.30880338955654
              },
              {
                "session_id": "scan-fw-cefd970b797cdcee",
                "training_vs_same_model_panel": -28.946164727786957,
                "vs_same_model_panel": -22.89510960638618,
                "vs_original_iid_panel": 464.25385963107954
              },
              {
                "session_id": "scan-fw-254147e6f142d7d7",
                "training_vs_same_model_panel": 23.316688734744428,
                "vs_same_model_panel": -15.834584671713746,
                "vs_original_iid_panel": 446.4132577623182
              }
            ]
          },
          {
            "dataset": "DS8",
            "tracks": 483,
            "held_observations": 9340,
            "held_delta_vs_same_model_panel": -18.856400856302653,
            "training_delta_vs_same_model_panel": -92.71137327251475,
            "held_delta_vs_original_iid_panel": 4437.01170890976,
            "positive_records_vs_same_model": 4,
            "record_deltas": [
              {
                "session_id": "scan-fw-aadcd44b66085469",
                "training_vs_same_model_panel": -0.9326290634611496,
                "vs_same_model_panel": -5.199299047414684,
                "vs_original_iid_panel": 383.3520510214065
              },
              {
                "session_id": "scan-fw-4ad7afd9a4944b11",
                "training_vs_same_model_panel": -97.44963905392778,
                "vs_same_model_panel": -54.12924385359107,
                "vs_original_iid_panel": 454.20021334122595
              },
              {
                "session_id": "scan-fw-d0640560d2bb0674",
                "training_vs_same_model_panel": 64.81674477546616,
                "vs_same_model_panel": 58.08993124674783,
                "vs_original_iid_panel": 361.31858495052114
              },
              {
                "session_id": "scan-fw-4cde9b2367652c52",
                "training_vs_same_model_panel": -11.08760855651282,
                "vs_same_model_panel": -6.536796486941199,
                "vs_original_iid_panel": 785.1943322023473
              },
              {
                "session_id": "scan-fw-edf1b92b8b96d41f",
                "training_vs_same_model_panel": -27.761269173710335,
                "vs_same_model_panel": -13.658671318679861,
                "vs_original_iid_panel": 402.34322375630563
              },
              {
                "session_id": "scan-fw-08645dc6e7e77c73",
                "training_vs_same_model_panel": 1.2327289932581031,
                "vs_same_model_panel": 0.5901380084924028,
                "vs_original_iid_panel": 493.91891015996674
              },
              {
                "session_id": "scan-fw-a229f5cb2f4f975c",
                "training_vs_same_model_panel": -8.522549529876258,
                "vs_same_model_panel": 0.6876631020504362,
                "vs_original_iid_panel": 575.0823969184056
              },
              {
                "session_id": "scan-fw-5f1241d380ff155f",
                "training_vs_same_model_panel": -13.007151663750676,
                "vs_same_model_panel": 1.2998774930334918,
                "vs_original_iid_panel": 981.6019965595814
              }
            ]
          }
        ],
        "gradient_check": [
          {
            "axis": 0,
            "step_km": 0.001,
            "numerical": 0.0002304732333868742,
            "analytic": 0.00023179326945577117,
            "absolute_difference": 1.3200360688969681e-06
          },
          {
            "axis": 1,
            "step_km": 0.001,
            "numerical": 5.8775185607373714e-05,
            "analytic": 8.529320933670093e-05,
            "absolute_difference": 2.651802372932721e-05
          },
          {
            "axis": 0,
            "step_km": 0.0005,
            "numerical": 0.0002307351678609848,
            "analytic": 0.00023179326945577117,
            "absolute_difference": 1.0581015947863648e-06
          },
          {
            "axis": 1,
            "step_km": 0.0005,
            "numerical": 7.904600352048874e-05,
            "analytic": 8.529320933670093e-05,
            "absolute_difference": 6.247205816212187e-06
          }
        ],
        "offset_stationarity": 7.049344335516477e-12
      },
      "target_qualified_starts": 3,
      "target_selected": {
        "initial": [
          0.0,
          0.0,
          0.0,
          0.0,
          0.0,
          0.0,
          0.0,
          0.0
        ],
        "x": [
          -0.6776551478249729,
          -0.987062915382787,
          0.11991006295943056,
          -1.0211812115058565,
          -1.1813825343897608,
          0.20103538849617825,
          -1.4569877288466695,
          -0.34247222040074704,
          -2.5848223249728295,
          -2.6498615792175837
        ],
        "success": true,
        "message": "CONVERGENCE: RELATIVE REDUCTION OF F <= FACTR*EPSMCH",
        "boundary_hit": false,
        "gradient": [
          -7.696554074509976e-06,
          -2.577309132156813e-05,
          1.1508157258477425e-05,
          -1.0772479769549648e-05,
          5.64026102001236e-06,
          -2.985192597559916e-05,
          2.1610310120934173e-05,
          1.0717829372453025e-05
        ],
        "training_log_score": -97023.48687933352,
        "evaluations": 31,
        "iterations": 22,
        "qualified": true,
        "estimate": {
          "latitude_deg": 37.84737313579403,
          "longitude_deg": -122.49209366590334
        },
        "decay_s": 0,
        "unit_id": "exclude_DS9",
        "stage": "target_fit",
        "start_id": "0",
        "session_ids": [
          "scan-fw-98cb28475c2059b9",
          "scan-fw-87e7f715a99a1104",
          "scan-fw-9072108e122dc75a",
          "scan-fw-4115b692366be4b4",
          "scan-fw-9ef543e384adcc7e",
          "scan-fw-bb05a7bda30bd9b9",
          "scan-fw-2b071cfa7b4c0dab",
          "scan-fw-7255cd27e650417c"
        ]
      },
      "target_held": {
        "state": "returned",
        "datasets": [
          {
            "dataset": "DS9",
            "tracks": 478,
            "held_observations": 9255,
            "held_delta_vs_same_model_panel": -34.515438330806035,
            "training_delta_vs_same_model_panel": -32.20814981390117,
            "held_delta_vs_original_iid_panel": 6087.031077732054,
            "positive_records_vs_same_model": 2,
            "record_deltas": [
              {
                "session_id": "scan-fw-98cb28475c2059b9",
                "training_vs_same_model_panel": -4.512471897757663,
                "vs_same_model_panel": -1.8945028911535218,
                "vs_original_iid_panel": 677.4977820263911
              },
              {
                "session_id": "scan-fw-87e7f715a99a1104",
                "training_vs_same_model_panel": -1.9157826495240542,
                "vs_same_model_panel": 0.17283122712128574,
                "vs_original_iid_panel": 580.7807051258499
              },
              {
                "session_id": "scan-fw-9072108e122dc75a",
                "training_vs_same_model_panel": -9.347429959316358,
                "vs_same_model_panel": -5.7288872308881835,
                "vs_original_iid_panel": 394.3611274815336
              },
              {
                "session_id": "scan-fw-4115b692366be4b4",
                "training_vs_same_model_panel": 0.5199359005923725,
                "vs_same_model_panel": -4.918726051435556,
                "vs_original_iid_panel": 774.6333293826599
              },
              {
                "session_id": "scan-fw-9ef543e384adcc7e",
                "training_vs_same_model_panel": 18.110875856923954,
                "vs_same_model_panel": 11.21523310087018,
                "vs_original_iid_panel": 1492.263133808076
              },
              {
                "session_id": "scan-fw-bb05a7bda30bd9b9",
                "training_vs_same_model_panel": -13.311795764491613,
                "vs_same_model_panel": -12.46928346735001,
                "vs_original_iid_panel": 586.2322595268315
              },
              {
                "session_id": "scan-fw-2b071cfa7b4c0dab",
                "training_vs_same_model_panel": -11.896362293910233,
                "vs_same_model_panel": -12.92365288714144,
                "vs_original_iid_panel": 1069.139603963968
              },
              {
                "session_id": "scan-fw-7255cd27e650417c",
                "training_vs_same_model_panel": -9.855119006417574,
                "vs_same_model_panel": -7.968450130828785,
                "vs_original_iid_panel": 512.1231364167439
              }
            ]
          }
        ],
        "gradient_check": [],
        "offset_stationarity": 5.8969571831235396e-12
      }
    },
    {
      "decay_s": 10,
      "unit_id": "all24",
      "source_datasets": [
        "DS7",
        "DS8",
        "DS9"
      ],
      "excluded_dataset": null,
      "planned_starts": 3,
      "qualified_starts": 3,
      "selected": {
        "initial": [
          -1.0902922902918561,
          1.0737824382116024,
          -0.45517113940075515,
          0.280158965835052,
          0.13484792246816532,
          -0.16725309665289456,
          -0.27873772282451537,
          0.35726199550843096,
          0.4028793584930137,
          0.006803640788609374,
          -0.48785864136475704,
          -0.20258907225309766,
          -0.7792796805688171,
          -0.5809709579571606,
          -0.7066228831586043,
          -1.1265935667640106,
          -0.20107960435402622,
          -1.7776327293736716,
          -0.3971753401574775,
          -0.8567065745389371,
          -1.398868498027994,
          -1.0123326719048507,
          -1.8654527666605882,
          -0.47421421899768945,
          -2.5842807561850485,
          -2.2252010779510223
        ],
        "x": [
          -0.8504967560866418,
          -0.8815126809637073,
          -0.5301721711836025,
          0.13923065345941663,
          0.07346734715061787,
          -0.3023429901461648,
          -0.42518583341291205,
          0.23128831882492237,
          0.3178727237681038,
          -0.0290765131134698,
          -0.40069205965830557,
          -0.1763983538594177,
          -0.7014383941979295,
          -0.44359672489825164,
          -0.6013445101244437,
          -0.9555185702601166,
          -0.11714157652770413,
          -1.7037497620674522,
          -0.1367919918228838,
          -0.9621651784013524,
          -1.493004613524347,
          -0.9318414385192014,
          -1.8810313805744008,
          -0.3667315279517524,
          -2.6523607309123447,
          -2.378361756647083
        ],
        "success": true,
        "message": "CONVERGENCE: RELATIVE REDUCTION OF F <= FACTR*EPSMCH",
        "boundary_hit": false,
        "gradient": [
          -5.707862463943947e-05,
          4.777311111525684e-05,
          -8.433771421234582e-07,
          1.124007147623729e-05,
          0.00011461836218273902,
          0.00011902588881262943,
          -5.917462685958719e-05,
          6.129553389566667e-05,
          9.872569471980341e-05,
          0.0002589282638917889,
          1.9349364543952419e-07,
          4.777779336134769e-05,
          2.843601377156002e-05,
          8.007116716335361e-05,
          -0.0001432663044500515,
          -0.0003157200118089065,
          0.00010895930918186636,
          -4.36338397378222e-05,
          7.455659987470886e-05,
          1.7053172483016965e-06,
          7.121851029207038e-05,
          1.4759873608882756e-05,
          -7.460549282899132e-05,
          7.393667706523388e-05,
          0.0002188055868259653,
          -5.169968486384846e-05
        ],
        "training_log_score": -256351.81036757023,
        "evaluations": 24,
        "iterations": 20,
        "qualified": true,
        "estimate": {
          "latitude_deg": 37.84832237123104,
          "longitude_deg": -122.49406237614284
        },
        "decay_s": 10,
        "unit_id": "all24",
        "stage": "source_fit",
        "start_id": "DS9",
        "session_ids": [
          "scan-fw-5f7bf896e4552887",
          "scan-fw-9fb9f600946a202e",
          "scan-fw-c03dcf6c28e82a97",
          "scan-fw-c644746d01db758f",
          "scan-fw-a267faf8e5ca613c",
          "scan-fw-30cb794dc996d187",
          "scan-fw-cefd970b797cdcee",
          "scan-fw-254147e6f142d7d7",
          "scan-fw-aadcd44b66085469",
          "scan-fw-4ad7afd9a4944b11",
          "scan-fw-d0640560d2bb0674",
          "scan-fw-4cde9b2367652c52",
          "scan-fw-edf1b92b8b96d41f",
          "scan-fw-08645dc6e7e77c73",
          "scan-fw-a229f5cb2f4f975c",
          "scan-fw-5f1241d380ff155f",
          "scan-fw-98cb28475c2059b9",
          "scan-fw-87e7f715a99a1104",
          "scan-fw-9072108e122dc75a",
          "scan-fw-4115b692366be4b4",
          "scan-fw-9ef543e384adcc7e",
          "scan-fw-bb05a7bda30bd9b9",
          "scan-fw-2b071cfa7b4c0dab",
          "scan-fw-7255cd27e650417c"
        ]
      },
      "source_runs": [
        {
          "start_id": "DS7",
          "exit_code": 0,
          "result": {
            "initial": [
              0.1830089000856211,
              -0.9913847889025129,
              -0.45517113940075515,
              0.280158965835052,
              0.13484792246816532,
              -0.16725309665289456,
              -0.27873772282451537,
              0.35726199550843096,
              0.4028793584930137,
              0.006803640788609374,
              -0.48785864136475704,
              -0.20258907225309766,
              -0.7792796805688171,
              -0.5809709579571606,
              -0.7066228831586043,
              -1.1265935667640106,
              -0.20107960435402622,
              -1.7776327293736716,
              -0.3971753401574775,
              -0.8567065745389371,
              -1.398868498027994,
              -1.0123326719048507,
              -1.8654527666605882,
              -0.47421421899768945,
              -2.5842807561850485,
              -2.2252010779510223
            ],
            "x": [
              -0.850495287407975,
              -0.8815122175898958,
              -0.53017205314323,
              0.13923088737893644,
              0.07346760037743631,
              -0.30234253218131246,
              -0.4251858196747099,
              0.23128866768704698,
              0.3178730938835593,
              -0.02907617215849769,
              -0.40069204506878,
              -0.17639827759652357,
              -0.7014381696111364,
              -0.4435963246600651,
              -0.6013454704808404,
              -0.9555188229882102,
              -0.11714105133411921,
              -1.7037495611732714,
              -0.13679169964712617,
              -0.9621649322867093,
              -1.4930039391818748,
              -0.9318414276884325,
              -1.8810308292077604,
              -0.3667308232172567,
              -2.6523602378430704,
              -2.378361777288684
            ],
            "success": true,
            "message": "CONVERGENCE: RELATIVE REDUCTION OF F <= FACTR*EPSMCH",
            "boundary_hit": false,
            "gradient": [
              -8.039097391532302e-05,
              -6.051408557206095e-05,
              -6.313694452142471e-06,
              -9.651047141012725e-06,
              -3.371278548947032e-05,
              -2.912740120919466e-05,
              1.689650248901109e-05,
              -0.0001328060559917521,
              -3.853012803478606e-06,
              1.4051629671885113e-05,
              2.0028945707323276e-05,
              6.606267396036536e-05,
              -2.601226591175676e-05,
              -6.830893576648123e-05,
              1.1563591105989701e-05,
              5.217064757090384e-05,
              -2.1565423270697437e-05,
              -5.5253174222613666e-05,
              -9.608900178093016e-06,
              -3.2156928700288745e-05,
              -3.9366635668780514e-05,
              4.472828093837755e-05,
              -0.0001093189710168474,
              -5.4986748052154866e-05,
              1.8224716784587258e-05,
              2.643226680021371e-05
            ],
            "training_log_score": -256351.81036757038,
            "evaluations": 24,
            "iterations": 20,
            "qualified": true,
            "estimate": {
              "latitude_deg": 37.84832237539826,
              "longitude_deg": -122.49406235941422
            },
            "decay_s": 10,
            "unit_id": "all24",
            "stage": "source_fit",
            "start_id": "DS7",
            "session_ids": [
              "scan-fw-5f7bf896e4552887",
              "scan-fw-9fb9f600946a202e",
              "scan-fw-c03dcf6c28e82a97",
              "scan-fw-c644746d01db758f",
              "scan-fw-a267faf8e5ca613c",
              "scan-fw-30cb794dc996d187",
              "scan-fw-cefd970b797cdcee",
              "scan-fw-254147e6f142d7d7",
              "scan-fw-aadcd44b66085469",
              "scan-fw-4ad7afd9a4944b11",
              "scan-fw-d0640560d2bb0674",
              "scan-fw-4cde9b2367652c52",
              "scan-fw-edf1b92b8b96d41f",
              "scan-fw-08645dc6e7e77c73",
              "scan-fw-a229f5cb2f4f975c",
              "scan-fw-5f1241d380ff155f",
              "scan-fw-98cb28475c2059b9",
              "scan-fw-87e7f715a99a1104",
              "scan-fw-9072108e122dc75a",
              "scan-fw-4115b692366be4b4",
              "scan-fw-9ef543e384adcc7e",
              "scan-fw-bb05a7bda30bd9b9",
              "scan-fw-2b071cfa7b4c0dab",
              "scan-fw-7255cd27e650417c"
            ]
          }
        },
        {
          "start_id": "DS8",
          "exit_code": 0,
          "result": {
            "initial": [
              -1.7297733372258524,
              -1.817570963094556,
              -0.45517113940075515,
              0.280158965835052,
              0.13484792246816532,
              -0.16725309665289456,
              -0.27873772282451537,
              0.35726199550843096,
              0.4028793584930137,
              0.006803640788609374,
              -0.48785864136475704,
              -0.20258907225309766,
              -0.7792796805688171,
              -0.5809709579571606,
              -0.7066228831586043,
              -1.1265935667640106,
              -0.20107960435402622,
              -1.7776327293736716,
              -0.3971753401574775,
              -0.8567065745389371,
              -1.398868498027994,
              -1.0123326719048507,
              -1.8654527666605882,
              -0.47421421899768945,
              -2.5842807561850485,
              -2.2252010779510223
            ],
            "x": [
              -0.8504964151590394,
              -0.8815117104151627,
              -0.530171897813802,
              0.13923073873263228,
              0.07346772595051743,
              -0.30234265804420013,
              -0.42518623621486795,
              0.23128822781899258,
              0.31787303909940995,
              -0.029076650598247586,
              -0.40069205951254244,
              -0.17639842570929687,
              -0.7014383554000697,
              -0.443596760702735,
              -0.6013462025729299,
              -0.9555186114459215,
              -0.11714115956990245,
              -1.7037499009783665,
              -0.13679202044465064,
              -0.9621648257542672,
              -1.49300358684343,
              -0.931841438408869,
              -1.8810307483270121,
              -0.3667298185543484,
              -2.652360598116792,
              -2.37836201351793
            ],
            "success": true,
            "message": "CONVERGENCE: RELATIVE REDUCTION OF F <= FACTR*EPSMCH",
            "boundary_hit": false,
            "gradient": [
              1.5611312496055518e-06,
              -9.973717051314779e-05,
              -0.000111070215240483,
              1.0552101104011058e-06,
              -0.00021319163203337155,
              -2.5919429211818112e-05,
              0.00010574195683324406,
              0.00017517979725023558,
              -1.7195409413695018e-05,
              0.0003028705124645259,
              3.9353975031963806e-05,
              9.202004523645169e-05,
              3.662559958989009e-05,
              0.00014779248243890208,
              8.685562039811856e-05,
              -0.0001908425367247446,
              -3.635385499634047e-05,
              2.3592310670395022e-05,
              4.645627204702407e-05,
              -0.0001841066597885188,
              -0.0001559099618670401,
              4.54702872909607e-06,
              -0.0001327642059809897,
              -0.0003496261651800836,
              0.00018427986152325104,
              9.351464937523701e-05
            ],
            "training_log_score": -256351.8103675713,
            "evaluations": 26,
            "iterations": 20,
            "qualified": true,
            "estimate": {
              "latitude_deg": 37.84832237995939,
              "longitude_deg": -122.49406237225959
            },
            "decay_s": 10,
            "unit_id": "all24",
            "stage": "source_fit",
            "start_id": "DS8",
            "session_ids": [
              "scan-fw-5f7bf896e4552887",
              "scan-fw-9fb9f600946a202e",
              "scan-fw-c03dcf6c28e82a97",
              "scan-fw-c644746d01db758f",
              "scan-fw-a267faf8e5ca613c",
              "scan-fw-30cb794dc996d187",
              "scan-fw-cefd970b797cdcee",
              "scan-fw-254147e6f142d7d7",
              "scan-fw-aadcd44b66085469",
              "scan-fw-4ad7afd9a4944b11",
              "scan-fw-d0640560d2bb0674",
              "scan-fw-4cde9b2367652c52",
              "scan-fw-edf1b92b8b96d41f",
              "scan-fw-08645dc6e7e77c73",
              "scan-fw-a229f5cb2f4f975c",
              "scan-fw-5f1241d380ff155f",
              "scan-fw-98cb28475c2059b9",
              "scan-fw-87e7f715a99a1104",
              "scan-fw-9072108e122dc75a",
              "scan-fw-4115b692366be4b4",
              "scan-fw-9ef543e384adcc7e",
              "scan-fw-bb05a7bda30bd9b9",
              "scan-fw-2b071cfa7b4c0dab",
              "scan-fw-7255cd27e650417c"
            ]
          }
        },
        {
          "start_id": "DS9",
          "exit_code": 0,
          "result": {
            "initial": [
              -1.0902922902918561,
              1.0737824382116024,
              -0.45517113940075515,
              0.280158965835052,
              0.13484792246816532,
              -0.16725309665289456,
              -0.27873772282451537,
              0.35726199550843096,
              0.4028793584930137,
              0.006803640788609374,
              -0.48785864136475704,
              -0.20258907225309766,
              -0.7792796805688171,
              -0.5809709579571606,
              -0.7066228831586043,
              -1.1265935667640106,
              -0.20107960435402622,
              -1.7776327293736716,
              -0.3971753401574775,
              -0.8567065745389371,
              -1.398868498027994,
              -1.0123326719048507,
              -1.8654527666605882,
              -0.47421421899768945,
              -2.5842807561850485,
              -2.2252010779510223
            ],
            "x": [
              -0.8504967560866418,
              -0.8815126809637073,
              -0.5301721711836025,
              0.13923065345941663,
              0.07346734715061787,
              -0.3023429901461648,
              -0.42518583341291205,
              0.23128831882492237,
              0.3178727237681038,
              -0.0290765131134698,
              -0.40069205965830557,
              -0.1763983538594177,
              -0.7014383941979295,
              -0.44359672489825164,
              -0.6013445101244437,
              -0.9555185702601166,
              -0.11714157652770413,
              -1.7037497620674522,
              -0.1367919918228838,
              -0.9621651784013524,
              -1.493004613524347,
              -0.9318414385192014,
              -1.8810313805744008,
              -0.3667315279517524,
              -2.6523607309123447,
              -2.378361756647083
            ],
            "success": true,
            "message": "CONVERGENCE: RELATIVE REDUCTION OF F <= FACTR*EPSMCH",
            "boundary_hit": false,
            "gradient": [
              -5.707862463943947e-05,
              4.777311111525684e-05,
              -8.433771421234582e-07,
              1.124007147623729e-05,
              0.00011461836218273902,
              0.00011902588881262943,
              -5.917462685958719e-05,
              6.129553389566667e-05,
              9.872569471980341e-05,
              0.0002589282638917889,
              1.9349364543952419e-07,
              4.777779336134769e-05,
              2.843601377156002e-05,
              8.007116716335361e-05,
              -0.0001432663044500515,
              -0.0003157200118089065,
              0.00010895930918186636,
              -4.36338397378222e-05,
              7.455659987470886e-05,
              1.7053172483016965e-06,
              7.121851029207038e-05,
              1.4759873608882756e-05,
              -7.460549282899132e-05,
              7.393667706523388e-05,
              0.0002188055868259653,
              -5.169968486384846e-05
            ],
            "training_log_score": -256351.81036757023,
            "evaluations": 24,
            "iterations": 20,
            "qualified": true,
            "estimate": {
              "latitude_deg": 37.84832237123104,
              "longitude_deg": -122.49406237614284
            },
            "decay_s": 10,
            "unit_id": "all24",
            "stage": "source_fit",
            "start_id": "DS9",
            "session_ids": [
              "scan-fw-5f7bf896e4552887",
              "scan-fw-9fb9f600946a202e",
              "scan-fw-c03dcf6c28e82a97",
              "scan-fw-c644746d01db758f",
              "scan-fw-a267faf8e5ca613c",
              "scan-fw-30cb794dc996d187",
              "scan-fw-cefd970b797cdcee",
              "scan-fw-254147e6f142d7d7",
              "scan-fw-aadcd44b66085469",
              "scan-fw-4ad7afd9a4944b11",
              "scan-fw-d0640560d2bb0674",
              "scan-fw-4cde9b2367652c52",
              "scan-fw-edf1b92b8b96d41f",
              "scan-fw-08645dc6e7e77c73",
              "scan-fw-a229f5cb2f4f975c",
              "scan-fw-5f1241d380ff155f",
              "scan-fw-98cb28475c2059b9",
              "scan-fw-87e7f715a99a1104",
              "scan-fw-9072108e122dc75a",
              "scan-fw-4115b692366be4b4",
              "scan-fw-9ef543e384adcc7e",
              "scan-fw-bb05a7bda30bd9b9",
              "scan-fw-2b071cfa7b4c0dab",
              "scan-fw-7255cd27e650417c"
            ]
          }
        }
      ],
      "higher_score_unqualified_starts": [],
      "error_m": 733.975776858952,
      "start_separation_m": 0.0015401942174669855,
      "source_held": {
        "state": "returned",
        "datasets": [
          {
            "dataset": "DS7",
            "tracks": 470,
            "held_observations": 7983,
            "held_delta_vs_same_model_panel": 2.5971411018069723,
            "training_delta_vs_same_model_panel": -18.094208996526266,
            "held_delta_vs_original_iid_panel": 7019.690024483746,
            "positive_records_vs_same_model": 6,
            "record_deltas": [
              {
                "session_id": "scan-fw-5f7bf896e4552887",
                "training_vs_same_model_panel": -26.118785072221247,
                "vs_same_model_panel": 0.028350740596376767,
                "vs_original_iid_panel": 731.3141367703843
              },
              {
                "session_id": "scan-fw-9fb9f600946a202e",
                "training_vs_same_model_panel": -6.298090633025868,
                "vs_same_model_panel": 0.4718589341084396,
                "vs_original_iid_panel": 767.3778964649151
              },
              {
                "session_id": "scan-fw-c03dcf6c28e82a97",
                "training_vs_same_model_panel": 3.835689562830229,
                "vs_same_model_panel": 1.0314484494282325,
                "vs_original_iid_panel": 625.7703767726531
              },
              {
                "session_id": "scan-fw-c644746d01db758f",
                "training_vs_same_model_panel": 3.2220892969474946,
                "vs_same_model_panel": 0.8720586938813604,
                "vs_original_iid_panel": 839.3862047085602
              },
              {
                "session_id": "scan-fw-a267faf8e5ca613c",
                "training_vs_same_model_panel": 0.2343910006616774,
                "vs_same_model_panel": -0.4197204417934941,
                "vs_original_iid_panel": 1518.3709321519727
              },
              {
                "session_id": "scan-fw-30cb794dc996d187",
                "training_vs_same_model_panel": 0.7762486170092657,
                "vs_same_model_panel": 0.9212360022165598,
                "vs_original_iid_panel": 419.2241043726143
              },
              {
                "session_id": "scan-fw-cefd970b797cdcee",
                "training_vs_same_model_panel": -3.5515668433753476,
                "vs_same_model_panel": 1.8506515724425086,
                "vs_original_iid_panel": 978.2527761197423
              },
              {
                "session_id": "scan-fw-254147e6f142d7d7",
                "training_vs_same_model_panel": 9.80581507464753,
                "vs_same_model_panel": -2.158742849073011,
                "vs_original_iid_panel": 1139.993597122904
              }
            ]
          },
          {
            "dataset": "DS8",
            "tracks": 483,
            "held_observations": 9340,
            "held_delta_vs_same_model_panel": 2.0243873856733288,
            "training_delta_vs_same_model_panel": -41.317494436254826,
            "held_delta_vs_original_iid_panel": 11945.146585941608,
            "positive_records_vs_same_model": 4,
            "record_deltas": [
              {
                "session_id": "scan-fw-aadcd44b66085469",
                "training_vs_same_model_panel": -23.13985001324727,
                "vs_same_model_panel": -7.554511334133622,
                "vs_original_iid_panel": 1092.0717538962547
              },
              {
                "session_id": "scan-fw-4ad7afd9a4944b11",
                "training_vs_same_model_panel": -19.48727766966428,
                "vs_same_model_panel": 0.7668080693063573,
                "vs_original_iid_panel": 1465.8043775091353
              },
              {
                "session_id": "scan-fw-d0640560d2bb0674",
                "training_vs_same_model_panel": 19.234991075622194,
                "vs_same_model_panel": 9.439576190935089,
                "vs_original_iid_panel": 1064.6634766546545
              },
              {
                "session_id": "scan-fw-4cde9b2367652c52",
                "training_vs_same_model_panel": -14.859712125954978,
                "vs_same_model_panel": -0.6696400779382046,
                "vs_original_iid_panel": 1941.6304422329738
              },
              {
                "session_id": "scan-fw-edf1b92b8b96d41f",
                "training_vs_same_model_panel": -6.042733760437915,
                "vs_same_model_panel": -0.7000195055828193,
                "vs_original_iid_panel": 974.6691575686798
              },
              {
                "session_id": "scan-fw-08645dc6e7e77c73",
                "training_vs_same_model_panel": 10.490157152232243,
                "vs_same_model_panel": 3.1624222777011965,
                "vs_original_iid_panel": 1507.7736764009571
              },
              {
                "session_id": "scan-fw-a229f5cb2f4f975c",
                "training_vs_same_model_panel": 0.49189642580392956,
                "vs_same_model_panel": 2.770662439166962,
                "vs_original_iid_panel": 1555.5327745670904
              },
              {
                "session_id": "scan-fw-5f1241d380ff155f",
                "training_vs_same_model_panel": -8.00496552060875,
                "vs_same_model_panel": -5.19091067378163,
                "vs_original_iid_panel": 2343.0009271118615
              }
            ]
          },
          {
            "dataset": "DS9",
            "tracks": 478,
            "held_observations": 9255,
            "held_delta_vs_same_model_panel": -23.8001595896952,
            "training_delta_vs_same_model_panel": -66.29855002608778,
            "held_delta_vs_original_iid_panel": 13653.400840179056,
            "positive_records_vs_same_model": 5,
            "record_deltas": [
              {
                "session_id": "scan-fw-98cb28475c2059b9",
                "training_vs_same_model_panel": -27.000414675384945,
                "vs_same_model_panel": -2.231482637102161,
                "vs_original_iid_panel": 1323.572437191442
              },
              {
                "session_id": "scan-fw-87e7f715a99a1104",
                "training_vs_same_model_panel": 1.4440588409683492,
                "vs_same_model_panel": 0.10235837133390646,
                "vs_original_iid_panel": 1123.7201329566403
              },
              {
                "session_id": "scan-fw-9072108e122dc75a",
                "training_vs_same_model_panel": -19.049007298203463,
                "vs_same_model_panel": 2.0627467114676747,
                "vs_original_iid_panel": 1622.1059478317468
              },
              {
                "session_id": "scan-fw-4115b692366be4b4",
                "training_vs_same_model_panel": 21.188056563632955,
                "vs_same_model_panel": 2.3783161166873725,
                "vs_original_iid_panel": 2046.5920106319454
              },
              {
                "session_id": "scan-fw-9ef543e384adcc7e",
                "training_vs_same_model_panel": 28.038862349219713,
                "vs_same_model_panel": 3.2100798610723373,
                "vs_original_iid_panel": 2547.9585205438652
              },
              {
                "session_id": "scan-fw-bb05a7bda30bd9b9",
                "training_vs_same_model_panel": -12.209718065731629,
                "vs_same_model_panel": -3.8901148948608864,
                "vs_original_iid_panel": 1475.6913848827937
              },
              {
                "session_id": "scan-fw-2b071cfa7b4c0dab",
                "training_vs_same_model_panel": -7.07411529425962,
                "vs_same_model_panel": 3.5364439587595413,
                "vs_original_iid_panel": 1961.215657996858
              },
              {
                "session_id": "scan-fw-7255cd27e650417c",
                "training_vs_same_model_panel": -51.63627244632914,
                "vs_same_model_panel": -28.968507077052983,
                "vs_original_iid_panel": 1552.5447481437652
              }
            ]
          }
        ],
        "gradient_check": [
          {
            "axis": 0,
            "step_km": 0.001,
            "numerical": -5.7843863032758236e-05,
            "analytic": -5.707862463943947e-05,
            "absolute_difference": 7.652383933187679e-07
          },
          {
            "axis": 1,
            "step_km": 0.001,
            "numerical": 4.716275725513697e-05,
            "analytic": 4.777311111525684e-05,
            "absolute_difference": 6.103538601198721e-07
          },
          {
            "axis": 0,
            "step_km": 0.0005,
            "numerical": -5.75091689825058e-05,
            "analytic": -5.707862463943947e-05,
            "absolute_difference": 4.3054434306633027e-07
          },
          {
            "axis": 1,
            "step_km": 0.0005,
            "numerical": 4.7817593440413475e-05,
            "analytic": 4.777311111525684e-05,
            "absolute_difference": 4.448232515663619e-08
          }
        ],
        "offset_stationarity": 2.1962992702119553e-13
      }
    },
    {
      "decay_s": 10,
      "unit_id": "exclude_DS7",
      "source_datasets": [
        "DS8",
        "DS9"
      ],
      "excluded_dataset": "DS7",
      "planned_starts": 2,
      "qualified_starts": 2,
      "selected": {
        "initial": [
          -1.0902922902918561,
          1.0737824382116024,
          -0.48785864136475704,
          -0.20258907225309766,
          -0.7792796805688171,
          -0.5809709579571606,
          -0.7066228831586043,
          -1.1265935667640106,
          -0.20107960435402622,
          -1.7776327293736716,
          -0.3971753401574775,
          -0.8567065745389371,
          -1.398868498027994,
          -1.0123326719048507,
          -1.8654527666605882,
          -0.47421421899768945,
          -2.5842807561850485,
          -2.2252010779510223
        ],
        "x": [
          -1.514385012692843,
          -0.8758681551934853,
          -0.4152564069078426,
          -0.22787290596402351,
          -0.752329710486045,
          -0.5321924368428235,
          -0.6842960655471857,
          -1.0285563619709637,
          -0.1969702891353564,
          -1.7914971835850004,
          -0.20761608793657463,
          -1.0392862988355474,
          -1.5825206740776274,
          -0.9682212513381416,
          -1.9748109342991105,
          -0.45954840408684033,
          -2.741357866161239,
          -2.448762052359103
        ],
        "success": true,
        "message": "CONVERGENCE: RELATIVE REDUCTION OF F <= FACTR*EPSMCH",
        "boundary_hit": false,
        "gradient": [
          -3.451939693044359e-05,
          0.00025284615764653573,
          -4.746393668708659e-06,
          -2.7562607944287e-05,
          1.484062214340831e-06,
          -4.4706065601474165e-05,
          0.00014534746110506092,
          2.7617341835650677e-05,
          1.4195823613172287e-05,
          -1.1040952680119176e-05,
          -6.174020850757689e-05,
          -1.8916813562697143e-05,
          -2.689317906101607e-05,
          -6.9860714053682216e-06,
          -1.749927543448493e-05,
          -8.13935034660318e-06,
          2.7565187826539272e-05,
          3.8918056182168925e-05
        ],
        "training_log_score": -178753.55648303585,
        "evaluations": 24,
        "iterations": 21,
        "qualified": true,
        "estimate": {
          "latitude_deg": 37.84837313363736,
          "longitude_deg": -122.50162423362498
        },
        "decay_s": 10,
        "unit_id": "exclude_DS7",
        "stage": "source_fit",
        "start_id": "DS9",
        "session_ids": [
          "scan-fw-aadcd44b66085469",
          "scan-fw-4ad7afd9a4944b11",
          "scan-fw-d0640560d2bb0674",
          "scan-fw-4cde9b2367652c52",
          "scan-fw-edf1b92b8b96d41f",
          "scan-fw-08645dc6e7e77c73",
          "scan-fw-a229f5cb2f4f975c",
          "scan-fw-5f1241d380ff155f",
          "scan-fw-98cb28475c2059b9",
          "scan-fw-87e7f715a99a1104",
          "scan-fw-9072108e122dc75a",
          "scan-fw-4115b692366be4b4",
          "scan-fw-9ef543e384adcc7e",
          "scan-fw-bb05a7bda30bd9b9",
          "scan-fw-2b071cfa7b4c0dab",
          "scan-fw-7255cd27e650417c"
        ]
      },
      "source_runs": [
        {
          "start_id": "DS8",
          "exit_code": 0,
          "result": {
            "initial": [
              -1.7297733372258524,
              -1.817570963094556,
              -0.48785864136475704,
              -0.20258907225309766,
              -0.7792796805688171,
              -0.5809709579571606,
              -0.7066228831586043,
              -1.1265935667640106,
              -0.20107960435402622,
              -1.7776327293736716,
              -0.3971753401574775,
              -0.8567065745389371,
              -1.398868498027994,
              -1.0123326719048507,
              -1.8654527666605882,
              -0.47421421899768945,
              -2.5842807561850485,
              -2.2252010779510223
            ],
            "x": [
              -1.514386363111565,
              -0.8758664377258792,
              -0.4152561181765111,
              -0.2278728680833286,
              -0.752329737601212,
              -0.5321919589088713,
              -0.6842941181594724,
              -1.0285552260226007,
              -0.1969703376144906,
              -1.7914972441608952,
              -0.2076169445098523,
              -1.0392849488178546,
              -1.5825217210587341,
              -0.9682217132762063,
              -1.9748100833967674,
              -0.45954883843155575,
              -2.741357488479201,
              -2.448761644577662
            ],
            "success": true,
            "message": "CONVERGENCE: RELATIVE REDUCTION OF F <= FACTR*EPSMCH",
            "boundary_hit": false,
            "gradient": [
              0.00039917937852829155,
              0.0002795571006963815,
              -0.00011826383733729018,
              -0.0001663336293488693,
              -1.4453149340676319e-05,
              -0.0004935906546528201,
              -0.0001299651951613967,
              -0.0009320461036850247,
              -4.268012320829406e-05,
              -7.414145109407855e-05,
              0.0001291008519109793,
              -0.0010544955064881734,
              0.00020245651644063,
              0.00016719957772703964,
              -0.0001337220346608048,
              4.0726780318411926e-05,
              -0.0003184071323936166,
              -0.00010808252723393252
            ],
            "training_log_score": -178753.55648303672,
            "evaluations": 23,
            "iterations": 20,
            "qualified": true,
            "estimate": {
              "latitude_deg": 37.8483731490829,
              "longitude_deg": -122.5016242490066
            },
            "decay_s": 10,
            "unit_id": "exclude_DS7",
            "stage": "source_fit",
            "start_id": "DS8",
            "session_ids": [
              "scan-fw-aadcd44b66085469",
              "scan-fw-4ad7afd9a4944b11",
              "scan-fw-d0640560d2bb0674",
              "scan-fw-4cde9b2367652c52",
              "scan-fw-edf1b92b8b96d41f",
              "scan-fw-08645dc6e7e77c73",
              "scan-fw-a229f5cb2f4f975c",
              "scan-fw-5f1241d380ff155f",
              "scan-fw-98cb28475c2059b9",
              "scan-fw-87e7f715a99a1104",
              "scan-fw-9072108e122dc75a",
              "scan-fw-4115b692366be4b4",
              "scan-fw-9ef543e384adcc7e",
              "scan-fw-bb05a7bda30bd9b9",
              "scan-fw-2b071cfa7b4c0dab",
              "scan-fw-7255cd27e650417c"
            ]
          }
        },
        {
          "start_id": "DS9",
          "exit_code": 0,
          "result": {
            "initial": [
              -1.0902922902918561,
              1.0737824382116024,
              -0.48785864136475704,
              -0.20258907225309766,
              -0.7792796805688171,
              -0.5809709579571606,
              -0.7066228831586043,
              -1.1265935667640106,
              -0.20107960435402622,
              -1.7776327293736716,
              -0.3971753401574775,
              -0.8567065745389371,
              -1.398868498027994,
              -1.0123326719048507,
              -1.8654527666605882,
              -0.47421421899768945,
              -2.5842807561850485,
              -2.2252010779510223
            ],
            "x": [
              -1.514385012692843,
              -0.8758681551934853,
              -0.4152564069078426,
              -0.22787290596402351,
              -0.752329710486045,
              -0.5321924368428235,
              -0.6842960655471857,
              -1.0285563619709637,
              -0.1969702891353564,
              -1.7914971835850004,
              -0.20761608793657463,
              -1.0392862988355474,
              -1.5825206740776274,
              -0.9682212513381416,
              -1.9748109342991105,
              -0.45954840408684033,
              -2.741357866161239,
              -2.448762052359103
            ],
            "success": true,
            "message": "CONVERGENCE: RELATIVE REDUCTION OF F <= FACTR*EPSMCH",
            "boundary_hit": false,
            "gradient": [
              -3.451939693044359e-05,
              0.00025284615764653573,
              -4.746393668708659e-06,
              -2.7562607944287e-05,
              1.484062214340831e-06,
              -4.4706065601474165e-05,
              0.00014534746110506092,
              2.7617341835650677e-05,
              1.4195823613172287e-05,
              -1.1040952680119176e-05,
              -6.174020850757689e-05,
              -1.8916813562697143e-05,
              -2.689317906101607e-05,
              -6.9860714053682216e-06,
              -1.749927543448493e-05,
              -8.13935034660318e-06,
              2.7565187826539272e-05,
              3.8918056182168925e-05
            ],
            "training_log_score": -178753.55648303585,
            "evaluations": 24,
            "iterations": 21,
            "qualified": true,
            "estimate": {
              "latitude_deg": 37.84837313363736,
              "longitude_deg": -122.50162423362498
            },
            "decay_s": 10,
            "unit_id": "exclude_DS7",
            "stage": "source_fit",
            "start_id": "DS9",
            "session_ids": [
              "scan-fw-aadcd44b66085469",
              "scan-fw-4ad7afd9a4944b11",
              "scan-fw-d0640560d2bb0674",
              "scan-fw-4cde9b2367652c52",
              "scan-fw-edf1b92b8b96d41f",
              "scan-fw-08645dc6e7e77c73",
              "scan-fw-a229f5cb2f4f975c",
              "scan-fw-5f1241d380ff155f",
              "scan-fw-98cb28475c2059b9",
              "scan-fw-87e7f715a99a1104",
              "scan-fw-9072108e122dc75a",
              "scan-fw-4115b692366be4b4",
              "scan-fw-9ef543e384adcc7e",
              "scan-fw-bb05a7bda30bd9b9",
              "scan-fw-2b071cfa7b4c0dab",
              "scan-fw-7255cd27e650417c"
            ]
          }
        }
      ],
      "higher_score_unqualified_starts": [],
      "error_m": 1395.4503426113026,
      "start_separation_m": 0.002184884652634755,
      "source_held": {
        "state": "returned",
        "datasets": [
          {
            "dataset": "DS8",
            "tracks": 483,
            "held_observations": 9340,
            "held_delta_vs_same_model_panel": 5.2860916015699395,
            "training_delta_vs_same_model_panel": -31.559561857796922,
            "held_delta_vs_original_iid_panel": 11948.408290157504,
            "positive_records_vs_same_model": 5,
            "record_deltas": [
              {
                "session_id": "scan-fw-aadcd44b66085469",
                "training_vs_same_model_panel": -22.821535073230365,
                "vs_same_model_panel": -4.729152232160146,
                "vs_original_iid_panel": 1094.8971129982283
              },
              {
                "session_id": "scan-fw-4ad7afd9a4944b11",
                "training_vs_same_model_panel": -5.481801796385426,
                "vs_same_model_panel": 1.2748607027688763,
                "vs_original_iid_panel": 1466.3124301425978
              },
              {
                "session_id": "scan-fw-d0640560d2bb0674",
                "training_vs_same_model_panel": 11.555321892925463,
                "vs_same_model_panel": 7.914065087646435,
                "vs_original_iid_panel": 1063.1379655513658
              },
              {
                "session_id": "scan-fw-4cde9b2367652c52",
                "training_vs_same_model_panel": -15.405977856846963,
                "vs_same_model_panel": 0.12011154519048262,
                "vs_original_iid_panel": 1942.4201938561025
              },
              {
                "session_id": "scan-fw-edf1b92b8b96d41f",
                "training_vs_same_model_panel": -5.790964083281565,
                "vs_same_model_panel": -0.41309392041726056,
                "vs_original_iid_panel": 974.9560831538453
              },
              {
                "session_id": "scan-fw-08645dc6e7e77c73",
                "training_vs_same_model_panel": 16.23372075175995,
                "vs_same_model_panel": 5.319046666167658,
                "vs_original_iid_panel": 1509.9303007894234
              },
              {
                "session_id": "scan-fw-a229f5cb2f4f975c",
                "training_vs_same_model_panel": -0.522867955061642,
                "vs_same_model_panel": 2.4675135999544615,
                "vs_original_iid_panel": 1555.2296257278779
              },
              {
                "session_id": "scan-fw-5f1241d380ff155f",
                "training_vs_same_model_panel": -9.325457737676373,
                "vs_same_model_panel": -6.667259847580567,
                "vs_original_iid_panel": 2341.524577938063
              }
            ]
          },
          {
            "dataset": "DS9",
            "tracks": 478,
            "held_observations": 9255,
            "held_delta_vs_same_model_panel": -20.555077207603762,
            "training_delta_vs_same_model_panel": -64.7024862184478,
            "held_delta_vs_original_iid_panel": 13656.645922561149,
            "positive_records_vs_same_model": 4,
            "record_deltas": [
              {
                "session_id": "scan-fw-98cb28475c2059b9",
                "training_vs_same_model_panel": -31.235323301265595,
                "vs_same_model_panel": -2.6587336468952785,
                "vs_original_iid_panel": 1323.145186181649
              },
              {
                "session_id": "scan-fw-87e7f715a99a1104",
                "training_vs_same_model_panel": 3.0142951835481213,
                "vs_same_model_panel": -0.0901177201492942,
                "vs_original_iid_panel": 1123.527656865157
              },
              {
                "session_id": "scan-fw-9072108e122dc75a",
                "training_vs_same_model_panel": -9.340763221419117,
                "vs_same_model_panel": 5.69166162919408,
                "vs_original_iid_panel": 1625.7348627494732
              },
              {
                "session_id": "scan-fw-4115b692366be4b4",
                "training_vs_same_model_panel": 22.345010049817432,
                "vs_same_model_panel": 1.6313674898239157,
                "vs_original_iid_panel": 2045.8450620050821
              },
              {
                "session_id": "scan-fw-9ef543e384adcc7e",
                "training_vs_same_model_panel": 27.344466417514667,
                "vs_same_model_panel": 3.1884085180782975,
                "vs_original_iid_panel": 2547.936849200871
              },
              {
                "session_id": "scan-fw-bb05a7bda30bd9b9",
                "training_vs_same_model_panel": -13.413479344240322,
                "vs_same_model_panel": -3.9540597898449477,
                "vs_original_iid_panel": 1475.6274399878096
              },
              {
                "session_id": "scan-fw-2b071cfa7b4c0dab",
                "training_vs_same_model_panel": -7.470375467635499,
                "vs_same_model_panel": 3.939844113707718,
                "vs_original_iid_panel": 1961.619058151806
              },
              {
                "session_id": "scan-fw-7255cd27e650417c",
                "training_vs_same_model_panel": -55.9463165347675,
                "vs_same_model_panel": -28.303447801518253,
                "vs_original_iid_panel": 1553.2098074193
              }
            ]
          }
        ],
        "gradient_check": [
          {
            "axis": 0,
            "step_km": 0.001,
            "numerical": -3.604509402066469e-05,
            "analytic": -3.451939693044359e-05,
            "absolute_difference": 1.5256970902211009e-06
          },
          {
            "axis": 1,
            "step_km": 0.001,
            "numerical": 0.00025240296963602304,
            "analytic": 0.00025284615764653573,
            "absolute_difference": 4.431880105126851e-07
          },
          {
            "axis": 0,
            "step_km": 0.0005,
            "numerical": -3.466266207396984e-05,
            "analytic": -3.451939693044359e-05,
            "absolute_difference": 1.4326514352624997e-07
          },
          {
            "axis": 1,
            "step_km": 0.0005,
            "numerical": 0.0002525921445339918,
            "analytic": 0.00025284615764653573,
            "absolute_difference": 2.54013112543916e-07
          }
        ],
        "offset_stationarity": 2.3911716331126816e-13
      },
      "target_qualified_starts": 3,
      "target_selected": {
        "initial": [
          0.0,
          0.0,
          0.0,
          0.0,
          0.0,
          0.0,
          0.0,
          0.0
        ],
        "x": [
          -1.514385012692843,
          -0.8758681551934853,
          -0.5810279279076196,
          0.04686769052204271,
          0.02522176242271696,
          -0.391988216172042,
          -0.5182389770002392,
          0.15251174723696115,
          0.25640628480163336,
          -0.046949558584523064
        ],
        "success": true,
        "message": "CONVERGENCE: RELATIVE REDUCTION OF F <= FACTR*EPSMCH",
        "boundary_hit": false,
        "gradient": [
          5.991630109836166e-07,
          -1.488547283923225e-05,
          1.109835450741059e-05,
          -3.5356968908217823e-06,
          7.184273446508849e-06,
          -3.270811573807819e-06,
          -6.4328529298940396e-06,
          -5.062203271150034e-06
        ],
        "training_log_score": -77616.88408514264,
        "evaluations": 14,
        "iterations": 11,
        "qualified": true,
        "estimate": {
          "latitude_deg": 37.84837313363736,
          "longitude_deg": -122.50162423362498
        },
        "decay_s": 10,
        "unit_id": "exclude_DS7",
        "stage": "target_fit",
        "start_id": "0",
        "session_ids": [
          "scan-fw-5f7bf896e4552887",
          "scan-fw-9fb9f600946a202e",
          "scan-fw-c03dcf6c28e82a97",
          "scan-fw-c644746d01db758f",
          "scan-fw-a267faf8e5ca613c",
          "scan-fw-30cb794dc996d187",
          "scan-fw-cefd970b797cdcee",
          "scan-fw-254147e6f142d7d7"
        ]
      },
      "target_held": {
        "state": "returned",
        "datasets": [
          {
            "dataset": "DS7",
            "tracks": 470,
            "held_observations": 7983,
            "held_delta_vs_same_model_panel": 2.7499161540581056,
            "training_delta_vs_same_model_panel": -48.0784059911324,
            "held_delta_vs_original_iid_panel": 7019.842799535997,
            "positive_records_vs_same_model": 5,
            "record_deltas": [
              {
                "session_id": "scan-fw-5f7bf896e4552887",
                "training_vs_same_model_panel": -46.093327953061916,
                "vs_same_model_panel": -0.21433012196194667,
                "vs_original_iid_panel": 731.0714559078259
              },
              {
                "session_id": "scan-fw-9fb9f600946a202e",
                "training_vs_same_model_panel": -12.046951391615107,
                "vs_same_model_panel": 0.4084647843956084,
                "vs_original_iid_panel": 767.3145023152023
              },
              {
                "session_id": "scan-fw-c03dcf6c28e82a97",
                "training_vs_same_model_panel": 1.1640266554485343,
                "vs_same_model_panel": 1.8270797379295338,
                "vs_original_iid_panel": 626.5660080611544
              },
              {
                "session_id": "scan-fw-c644746d01db758f",
                "training_vs_same_model_panel": 4.546181550020933,
                "vs_same_model_panel": 1.440844139109334,
                "vs_original_iid_panel": 839.9549901537881
              },
              {
                "session_id": "scan-fw-a267faf8e5ca613c",
                "training_vs_same_model_panel": -0.923024589751904,
                "vs_same_model_panel": -0.51670952676713,
                "vs_original_iid_panel": 1518.2739430669992
              },
              {
                "session_id": "scan-fw-30cb794dc996d187",
                "training_vs_same_model_panel": -0.3451459277096234,
                "vs_same_model_panel": 1.32760081979497,
                "vs_original_iid_panel": 419.6304691901927
              },
              {
                "session_id": "scan-fw-cefd970b797cdcee",
                "training_vs_same_model_panel": -8.439188646260824,
                "vs_same_model_panel": 2.7219841620598686,
                "vs_original_iid_panel": 979.1241087093597
              },
              {
                "session_id": "scan-fw-254147e6f142d7d7",
                "training_vs_same_model_panel": 14.059024311797504,
                "vs_same_model_panel": -4.245017840502133,
                "vs_original_iid_panel": 1137.907322131475
              }
            ]
          }
        ],
        "gradient_check": [],
        "offset_stationarity": 1.0544963347431624e-13
      }
    },
    {
      "decay_s": 10,
      "unit_id": "exclude_DS8",
      "source_datasets": [
        "DS7",
        "DS9"
      ],
      "excluded_dataset": "DS8",
      "planned_starts": 2,
      "qualified_starts": 2,
      "selected": {
        "initial": [
          -1.0902922902918561,
          1.0737824382116024,
          -0.45517113940075515,
          0.280158965835052,
          0.13484792246816532,
          -0.16725309665289456,
          -0.27873772282451537,
          0.35726199550843096,
          0.4028793584930137,
          0.006803640788609374,
          -0.3971753401574775,
          -0.8567065745389371,
          -1.398868498027994,
          -1.0123326719048507,
          -1.8654527666605882,
          -0.47421421899768945,
          -2.5842807561850485,
          -2.2252010779510223
        ],
        "x": [
          -0.40721470303332574,
          -0.21924853995675245,
          -0.5123103542427937,
          0.19729581495062437,
          0.1377248703116782,
          -0.21007741882653272,
          -0.3659197707695243,
          0.2705708490046097,
          0.3778482989598088,
          -0.06994397479514443,
          -0.1687747680178239,
          -0.8660692797449807,
          -1.3914314695898848,
          -0.9297191504084893,
          -1.7921460684592196,
          -0.3390177570379468,
          -2.558566022849733,
          -2.2657542788032363
        ],
        "success": true,
        "message": "CONVERGENCE: RELATIVE REDUCTION OF F <= FACTR*EPSMCH",
        "boundary_hit": false,
        "gradient": [
          -3.604223053632616e-05,
          -1.3258020308715146e-05,
          1.5604551581782644e-05,
          8.385108147734854e-05,
          -3.991018907800736e-05,
          6.4304748088162e-05,
          4.62777534668557e-05,
          2.1696024761652666e-05,
          -4.166320933451928e-05,
          -3.311064432184874e-05,
          -8.058697551549532e-06,
          5.449415982905492e-05,
          6.171870454463324e-05,
          -2.0800812513765976e-05,
          2.4448809688881745e-05,
          -0.00016497164966366995,
          3.8356837562147916e-05,
          -9.613037335043373e-07
        ],
        "training_log_score": -167398.46257009922,
        "evaluations": 23,
        "iterations": 19,
        "qualified": true,
        "estimate": {
          "latitude_deg": 37.85427825181027,
          "longitude_deg": -122.48901327988872
        },
        "decay_s": 10,
        "unit_id": "exclude_DS8",
        "stage": "source_fit",
        "start_id": "DS9",
        "session_ids": [
          "scan-fw-5f7bf896e4552887",
          "scan-fw-9fb9f600946a202e",
          "scan-fw-c03dcf6c28e82a97",
          "scan-fw-c644746d01db758f",
          "scan-fw-a267faf8e5ca613c",
          "scan-fw-30cb794dc996d187",
          "scan-fw-cefd970b797cdcee",
          "scan-fw-254147e6f142d7d7",
          "scan-fw-98cb28475c2059b9",
          "scan-fw-87e7f715a99a1104",
          "scan-fw-9072108e122dc75a",
          "scan-fw-4115b692366be4b4",
          "scan-fw-9ef543e384adcc7e",
          "scan-fw-bb05a7bda30bd9b9",
          "scan-fw-2b071cfa7b4c0dab",
          "scan-fw-7255cd27e650417c"
        ]
      },
      "source_runs": [
        {
          "start_id": "DS7",
          "exit_code": 0,
          "result": {
            "initial": [
              0.1830089000856211,
              -0.9913847889025129,
              -0.45517113940075515,
              0.280158965835052,
              0.13484792246816532,
              -0.16725309665289456,
              -0.27873772282451537,
              0.35726199550843096,
              0.4028793584930137,
              0.006803640788609374,
              -0.3971753401574775,
              -0.8567065745389371,
              -1.398868498027994,
              -1.0123326719048507,
              -1.8654527666605882,
              -0.47421421899768945,
              -2.5842807561850485,
              -2.2252010779510223
            ],
            "x": [
              -0.40721618412181576,
              -0.21924750884546432,
              -0.512310423547816,
              0.19729574954608206,
              0.1377247828801556,
              -0.2100774535871874,
              -0.3659198556489812,
              0.27057067573928584,
              0.3778481046764435,
              -0.06994420800870253,
              -0.168775105977654,
              -0.8660692525990897,
              -1.3914311895350047,
              -0.9297192549453926,
              -1.7921465869590059,
              -0.3390190076367903,
              -2.558566144892229,
              -2.265754375159293
            ],
            "success": true,
            "message": "CONVERGENCE: RELATIVE REDUCTION OF F <= FACTR*EPSMCH",
            "boundary_hit": false,
            "gradient": [
              4.902531558403922e-05,
              -7.634278137458317e-05,
              -1.8826216758416336e-05,
              1.5317684560756106e-06,
              5.73890810429134e-07,
              -2.931105989034677e-07,
              -6.24487257874784e-06,
              4.4219871453421433e-07,
              -1.2006469886305382e-05,
              3.2299400790997135e-05,
              7.095118053968008e-06,
              -4.3345029880903496e-05,
              -3.815393705508541e-05,
              -1.2254766413644091e-05,
              7.031423356729238e-05,
              8.822016620424478e-05,
              2.771709999294103e-05,
              1.8024085317591698e-05
            ],
            "training_log_score": -167398.46257009942,
            "evaluations": 23,
            "iterations": 19,
            "qualified": true,
            "estimate": {
              "latitude_deg": 37.854278261083266,
              "longitude_deg": -122.4890132967587
            },
            "decay_s": 10,
            "unit_id": "exclude_DS8",
            "stage": "source_fit",
            "start_id": "DS7",
            "session_ids": [
              "scan-fw-5f7bf896e4552887",
              "scan-fw-9fb9f600946a202e",
              "scan-fw-c03dcf6c28e82a97",
              "scan-fw-c644746d01db758f",
              "scan-fw-a267faf8e5ca613c",
              "scan-fw-30cb794dc996d187",
              "scan-fw-cefd970b797cdcee",
              "scan-fw-254147e6f142d7d7",
              "scan-fw-98cb28475c2059b9",
              "scan-fw-87e7f715a99a1104",
              "scan-fw-9072108e122dc75a",
              "scan-fw-4115b692366be4b4",
              "scan-fw-9ef543e384adcc7e",
              "scan-fw-bb05a7bda30bd9b9",
              "scan-fw-2b071cfa7b4c0dab",
              "scan-fw-7255cd27e650417c"
            ]
          }
        },
        {
          "start_id": "DS9",
          "exit_code": 0,
          "result": {
            "initial": [
              -1.0902922902918561,
              1.0737824382116024,
              -0.45517113940075515,
              0.280158965835052,
              0.13484792246816532,
              -0.16725309665289456,
              -0.27873772282451537,
              0.35726199550843096,
              0.4028793584930137,
              0.006803640788609374,
              -0.3971753401574775,
              -0.8567065745389371,
              -1.398868498027994,
              -1.0123326719048507,
              -1.8654527666605882,
              -0.47421421899768945,
              -2.5842807561850485,
              -2.2252010779510223
            ],
            "x": [
              -0.40721470303332574,
              -0.21924853995675245,
              -0.5123103542427937,
              0.19729581495062437,
              0.1377248703116782,
              -0.21007741882653272,
              -0.3659197707695243,
              0.2705708490046097,
              0.3778482989598088,
              -0.06994397479514443,
              -0.1687747680178239,
              -0.8660692797449807,
              -1.3914314695898848,
              -0.9297191504084893,
              -1.7921460684592196,
              -0.3390177570379468,
              -2.558566022849733,
              -2.2657542788032363
            ],
            "success": true,
            "message": "CONVERGENCE: RELATIVE REDUCTION OF F <= FACTR*EPSMCH",
            "boundary_hit": false,
            "gradient": [
              -3.604223053632616e-05,
              -1.3258020308715146e-05,
              1.5604551581782644e-05,
              8.385108147734854e-05,
              -3.991018907800736e-05,
              6.4304748088162e-05,
              4.62777534668557e-05,
              2.1696024761652666e-05,
              -4.166320933451928e-05,
              -3.311064432184874e-05,
              -8.058697551549532e-06,
              5.449415982905492e-05,
              6.171870454463324e-05,
              -2.0800812513765976e-05,
              2.4448809688881745e-05,
              -0.00016497164966366995,
              3.8356837562147916e-05,
              -9.613037335043373e-07
            ],
            "training_log_score": -167398.46257009922,
            "evaluations": 23,
            "iterations": 19,
            "qualified": true,
            "estimate": {
              "latitude_deg": 37.85427825181027,
              "longitude_deg": -122.48901327988872
            },
            "decay_s": 10,
            "unit_id": "exclude_DS8",
            "stage": "source_fit",
            "start_id": "DS9",
            "session_ids": [
              "scan-fw-5f7bf896e4552887",
              "scan-fw-9fb9f600946a202e",
              "scan-fw-c03dcf6c28e82a97",
              "scan-fw-c644746d01db758f",
              "scan-fw-a267faf8e5ca613c",
              "scan-fw-30cb794dc996d187",
              "scan-fw-cefd970b797cdcee",
              "scan-fw-254147e6f142d7d7",
              "scan-fw-98cb28475c2059b9",
              "scan-fw-87e7f715a99a1104",
              "scan-fw-9072108e122dc75a",
              "scan-fw-4115b692366be4b4",
              "scan-fw-9ef543e384adcc7e",
              "scan-fw-bb05a7bda30bd9b9",
              "scan-fw-2b071cfa7b4c0dab",
              "scan-fw-7255cd27e650417c"
            ]
          }
        }
      ],
      "higher_score_unqualified_starts": [],
      "error_m": 647.3082995280764,
      "start_separation_m": 0.0018046977985266097,
      "source_held": {
        "state": "returned",
        "datasets": [
          {
            "dataset": "DS7",
            "tracks": 470,
            "held_observations": 7983,
            "held_delta_vs_same_model_panel": 8.594807932195458,
            "training_delta_vs_same_model_panel": -22.592030121329532,
            "held_delta_vs_original_iid_panel": 7025.687691314134,
            "positive_records_vs_same_model": 6,
            "record_deltas": [
              {
                "session_id": "scan-fw-5f7bf896e4552887",
                "training_vs_same_model_panel": -15.169467881790993,
                "vs_same_model_panel": -1.2194095834724266,
                "vs_original_iid_panel": 730.0663764463154
              },
              {
                "session_id": "scan-fw-9fb9f600946a202e",
                "training_vs_same_model_panel": 1.7345339397954653,
                "vs_same_model_panel": 1.1718281629199225,
                "vs_original_iid_panel": 768.0778656937266
              },
              {
                "session_id": "scan-fw-c03dcf6c28e82a97",
                "training_vs_same_model_panel": -5.505780035265978,
                "vs_same_model_panel": 2.0648913530140796,
                "vs_original_iid_panel": 626.803819676239
              },
              {
                "session_id": "scan-fw-c644746d01db758f",
                "training_vs_same_model_panel": 1.875111275146125,
                "vs_same_model_panel": 1.8379664347721487,
                "vs_original_iid_panel": 840.3521124494509
              },
              {
                "session_id": "scan-fw-a267faf8e5ca613c",
                "training_vs_same_model_panel": 4.631816162118536,
                "vs_same_model_panel": -2.6085385269247574,
                "vs_original_iid_panel": 1516.1821140668415
              },
              {
                "session_id": "scan-fw-30cb794dc996d187",
                "training_vs_same_model_panel": -4.16530459694652,
                "vs_same_model_panel": 3.4668268047899744,
                "vs_original_iid_panel": 421.76969517518774
              },
              {
                "session_id": "scan-fw-cefd970b797cdcee",
                "training_vs_same_model_panel": -1.1371678100962939,
                "vs_same_model_panel": 1.794228958328798,
                "vs_original_iid_panel": 978.1963535056286
              },
              {
                "session_id": "scan-fw-254147e6f142d7d7",
                "training_vs_same_model_panel": -4.855771174289874,
                "vs_same_model_panel": 2.0870143287677188,
                "vs_original_iid_panel": 1144.2393543007447
              }
            ]
          },
          {
            "dataset": "DS9",
            "tracks": 478,
            "held_observations": 9255,
            "held_delta_vs_same_model_panel": -12.346248314718732,
            "training_delta_vs_same_model_panel": -35.45262524871234,
            "held_delta_vs_original_iid_panel": 13664.854751454033,
            "positive_records_vs_same_model": 4,
            "record_deltas": [
              {
                "session_id": "scan-fw-98cb28475c2059b9",
                "training_vs_same_model_panel": -15.746499091959102,
                "vs_same_model_panel": -0.5096852874773532,
                "vs_original_iid_panel": 1325.2942345410668
              },
              {
                "session_id": "scan-fw-87e7f715a99a1104",
                "training_vs_same_model_panel": 1.4277069350940685,
                "vs_same_model_panel": 0.4631830871283853,
                "vs_original_iid_panel": 1124.0809576724348
              },
              {
                "session_id": "scan-fw-9072108e122dc75a",
                "training_vs_same_model_panel": -18.634103029385606,
                "vs_same_model_panel": -0.9845525935512143,
                "vs_original_iid_panel": 1619.058648526728
              },
              {
                "session_id": "scan-fw-4115b692366be4b4",
                "training_vs_same_model_panel": 13.013951555756279,
                "vs_same_model_panel": 1.9495635649729053,
                "vs_original_iid_panel": 2046.1632580802311
              },
              {
                "session_id": "scan-fw-9ef543e384adcc7e",
                "training_vs_same_model_panel": 20.91864370903714,
                "vs_same_model_panel": 3.039817645816619,
                "vs_original_iid_panel": 2547.788258328609
              },
              {
                "session_id": "scan-fw-bb05a7bda30bd9b9",
                "training_vs_same_model_panel": -5.9006644514587805,
                "vs_same_model_panel": -1.361632292229828,
                "vs_original_iid_panel": 1478.2198674854246
              },
              {
                "session_id": "scan-fw-2b071cfa7b4c0dab",
                "training_vs_same_model_panel": -2.417888092945322,
                "vs_same_model_panel": 2.091777878254309,
                "vs_original_iid_panel": 1959.7709919163526
              },
              {
                "session_id": "scan-fw-7255cd27e650417c",
                "training_vs_same_model_panel": -28.113772782851015,
                "vs_same_model_panel": -17.034720317632555,
                "vs_original_iid_panel": 1564.4785349031856
              }
            ]
          }
        ],
        "gradient_check": [
          {
            "axis": 0,
            "step_km": 0.001,
            "numerical": -3.4371623769402504e-05,
            "analytic": -3.604223053632616e-05,
            "absolute_difference": 1.6706067669236546e-06
          },
          {
            "axis": 1,
            "step_km": 0.001,
            "numerical": -1.2951204553246498e-05,
            "analytic": -1.3258020308715146e-05,
            "absolute_difference": 3.068157554686479e-07
          },
          {
            "axis": 0,
            "step_km": 0.0005,
            "numerical": -3.568129613995552e-05,
            "analytic": -3.604223053632616e-05,
            "absolute_difference": 3.6093439637063796e-07
          },
          {
            "axis": 1,
            "step_km": 0.0005,
            "numerical": -1.335865817964077e-05,
            "analytic": -1.3258020308715146e-05,
            "absolute_difference": 1.0063787092562393e-07
          }
        ],
        "offset_stationarity": 1.5704475514347147e-13
      },
      "target_qualified_starts": 3,
      "target_selected": {
        "initial": [
          0.0,
          0.0,
          0.0,
          0.0,
          0.0,
          0.0,
          0.0,
          0.0
        ],
        "x": [
          -0.40721470303332574,
          -0.21924853995675245,
          -0.36267233866669163,
          -0.17022610578091094,
          -0.6421424386298129,
          -0.36776049100424013,
          -0.5595784378173515,
          -0.8511507846909492,
          -0.07360030857344191,
          -1.6675884988114262
        ],
        "success": true,
        "message": "CONVERGENCE: RELATIVE REDUCTION OF F <= FACTR*EPSMCH",
        "boundary_hit": false,
        "gradient": [
          -4.8479862702552334e-06,
          2.8621328119760037e-05,
          4.6032770513348975e-05,
          1.0344310782173238e-05,
          3.6958176741208604e-06,
          -2.1816548532171964e-05,
          2.543643251995409e-05,
          -9.658808695078847e-06
        ],
        "training_log_score": -88998.3821716684,
        "evaluations": 18,
        "iterations": 15,
        "qualified": true,
        "estimate": {
          "latitude_deg": 37.85427825181027,
          "longitude_deg": -122.48901327988872
        },
        "decay_s": 10,
        "unit_id": "exclude_DS8",
        "stage": "target_fit",
        "start_id": "0",
        "session_ids": [
          "scan-fw-aadcd44b66085469",
          "scan-fw-4ad7afd9a4944b11",
          "scan-fw-d0640560d2bb0674",
          "scan-fw-4cde9b2367652c52",
          "scan-fw-edf1b92b8b96d41f",
          "scan-fw-08645dc6e7e77c73",
          "scan-fw-a229f5cb2f4f975c",
          "scan-fw-5f1241d380ff155f"
        ]
      },
      "target_held": {
        "state": "returned",
        "datasets": [
          {
            "dataset": "DS8",
            "tracks": 483,
            "held_observations": 9340,
            "held_delta_vs_same_model_panel": -7.042253633142913,
            "training_delta_vs_same_model_panel": -112.69997228638026,
            "held_delta_vs_original_iid_panel": 11936.07994492279,
            "positive_records_vs_same_model": 3,
            "record_deltas": [
              {
                "session_id": "scan-fw-aadcd44b66085469",
                "training_vs_same_model_panel": -45.4284105802916,
                "vs_same_model_panel": -13.809176915386793,
                "vs_original_iid_panel": 1085.8170883150017
              },
              {
                "session_id": "scan-fw-4ad7afd9a4944b11",
                "training_vs_same_model_panel": -39.23108852663091,
                "vs_same_model_panel": -0.905724727447776,
                "vs_original_iid_panel": 1464.131844712381
              },
              {
                "session_id": "scan-fw-d0640560d2bb0674",
                "training_vs_same_model_panel": 22.093062835579577,
                "vs_same_model_panel": 12.956389837161186,
                "vs_original_iid_panel": 1068.1802903008806
              },
              {
                "session_id": "scan-fw-4cde9b2367652c52",
                "training_vs_same_model_panel": -30.261056988707256,
                "vs_same_model_panel": -2.1936316408111978,
                "vs_original_iid_panel": 1940.1064506701007
              },
              {
                "session_id": "scan-fw-edf1b92b8b96d41f",
                "training_vs_same_model_panel": -11.341498383440094,
                "vs_same_model_panel": -1.5924861607600214,
                "vs_original_iid_panel": 973.7766909135025
              },
              {
                "session_id": "scan-fw-08645dc6e7e77c73",
                "training_vs_same_model_panel": 16.807618721658784,
                "vs_same_model_panel": 4.943551036467838,
                "vs_original_iid_panel": 1509.5548051597236
              },
              {
                "session_id": "scan-fw-a229f5cb2f4f975c",
                "training_vs_same_model_panel": -2.4878062393214506,
                "vs_same_model_panel": 3.736396885332944,
                "vs_original_iid_panel": 1556.4985090132564
              },
              {
                "session_id": "scan-fw-5f1241d380ff155f",
                "training_vs_same_model_panel": -22.850793125227312,
                "vs_same_model_panel": -10.177571947699093,
                "vs_original_iid_panel": 2338.014265837944
              }
            ]
          }
        ],
        "gradient_check": [],
        "offset_stationarity": 2.9096082673470223e-13
      }
    },
    {
      "decay_s": 10,
      "unit_id": "exclude_DS9",
      "source_datasets": [
        "DS7",
        "DS8"
      ],
      "excluded_dataset": "DS9",
      "planned_starts": 2,
      "qualified_starts": 2,
      "selected": {
        "initial": [
          -1.7297733372258524,
          -1.817570963094556,
          -0.45517113940075515,
          0.280158965835052,
          0.13484792246816532,
          -0.16725309665289456,
          -0.27873772282451537,
          0.35726199550843096,
          0.4028793584930137,
          0.006803640788609374,
          -0.48785864136475704,
          -0.20258907225309766,
          -0.7792796805688171,
          -0.5809709579571606,
          -0.7066228831586043,
          -1.1265935667640106,
          -0.20107960435402622,
          -1.7776327293736716
        ],
        "x": [
          -0.7008015439740994,
          -1.3866337881749324,
          -0.5104066230005171,
          0.15769177352619201,
          0.05991410603131583,
          -0.3048805310905599,
          -0.40111237374036635,
          0.2592797154419152,
          0.3155302373047225,
          0.011255617628245842,
          -0.42913577189876834,
          -0.14321716090196654,
          -0.7117580407266106,
          -0.4326121730952259,
          -0.5782090022524448,
          -0.9776239601193918,
          -0.088253023805203,
          -1.6638595425229612
        ],
        "success": true,
        "message": "CONVERGENCE: RELATIVE REDUCTION OF F <= FACTR*EPSMCH",
        "boundary_hit": false,
        "gradient": [
          1.3615197632432796e-05,
          7.905574764599521e-06,
          -1.3915196375058336e-05,
          4.1094006233421965e-06,
          7.522181606312017e-05,
          8.115294042099208e-06,
          -2.2748704296055022e-05,
          -3.38461429767456e-05,
          2.8228986525880018e-05,
          3.356055495395971e-06,
          2.6080412601769964e-05,
          6.819833184845692e-06,
          1.2394799509873877e-05,
          -1.4521774216902372e-05,
          -2.825963541397414e-06,
          -2.445643458770519e-05,
          2.3272749457903252e-05,
          -2.6965396591194235e-05
        ],
        "training_log_score": -166496.5002107757,
        "evaluations": 22,
        "iterations": 18,
        "qualified": true,
        "estimate": {
          "latitude_deg": 37.84377971097464,
          "longitude_deg": -122.49235730929087
        },
        "decay_s": 10,
        "unit_id": "exclude_DS9",
        "stage": "source_fit",
        "start_id": "DS8",
        "session_ids": [
          "scan-fw-5f7bf896e4552887",
          "scan-fw-9fb9f600946a202e",
          "scan-fw-c03dcf6c28e82a97",
          "scan-fw-c644746d01db758f",
          "scan-fw-a267faf8e5ca613c",
          "scan-fw-30cb794dc996d187",
          "scan-fw-cefd970b797cdcee",
          "scan-fw-254147e6f142d7d7",
          "scan-fw-aadcd44b66085469",
          "scan-fw-4ad7afd9a4944b11",
          "scan-fw-d0640560d2bb0674",
          "scan-fw-4cde9b2367652c52",
          "scan-fw-edf1b92b8b96d41f",
          "scan-fw-08645dc6e7e77c73",
          "scan-fw-a229f5cb2f4f975c",
          "scan-fw-5f1241d380ff155f"
        ]
      },
      "source_runs": [
        {
          "start_id": "DS7",
          "exit_code": 0,
          "result": {
            "initial": [
              0.1830089000856211,
              -0.9913847889025129,
              -0.45517113940075515,
              0.280158965835052,
              0.13484792246816532,
              -0.16725309665289456,
              -0.27873772282451537,
              0.35726199550843096,
              0.4028793584930137,
              0.006803640788609374,
              -0.48785864136475704,
              -0.20258907225309766,
              -0.7792796805688171,
              -0.5809709579571606,
              -0.7066228831586043,
              -1.1265935667640106,
              -0.20107960435402622,
              -1.7776327293736716
            ],
            "x": [
              -0.7008019901756988,
              -1.3866334886767675,
              -0.5104068019367113,
              0.1576915072831435,
              0.05991385864654573,
              -0.30488092750870954,
              -0.4011126403927608,
              0.25927896050743804,
              0.31553014985068534,
              0.01125537796735583,
              -0.4291354869653508,
              -0.14321728737976044,
              -0.7117580559469656,
              -0.4326119394523895,
              -0.5782088895829665,
              -0.9776240991759783,
              -0.08825270619823339,
              -1.6638599611756641
            ],
            "success": true,
            "message": "CONVERGENCE: RELATIVE REDUCTION OF F <= FACTR*EPSMCH",
            "boundary_hit": false,
            "gradient": [
              -0.0001035936792106451,
              -1.534977665640369e-05,
              3.1496701054511966e-05,
              0.00010118447971585454,
              0.00032192337028469353,
              0.0002427847198305244,
              3.125476738405353e-05,
              0.00065640678073553,
              5.476937716486496e-05,
              0.00015138248088170103,
              -0.00015519007673253649,
              5.896222561679876e-05,
              1.8914275369485978e-05,
              -0.00022182987436458745,
              -1.784308956320757e-05,
              8.179866803104119e-05,
              -0.00010724823143870577,
              8.109068308037592e-05
            ],
            "training_log_score": -166496.5002107767,
            "evaluations": 22,
            "iterations": 18,
            "qualified": true,
            "estimate": {
              "latitude_deg": 37.843779713668084,
              "longitude_deg": -122.49235731437321
            },
            "decay_s": 10,
            "unit_id": "exclude_DS9",
            "stage": "source_fit",
            "start_id": "DS7",
            "session_ids": [
              "scan-fw-5f7bf896e4552887",
              "scan-fw-9fb9f600946a202e",
              "scan-fw-c03dcf6c28e82a97",
              "scan-fw-c644746d01db758f",
              "scan-fw-a267faf8e5ca613c",
              "scan-fw-30cb794dc996d187",
              "scan-fw-cefd970b797cdcee",
              "scan-fw-254147e6f142d7d7",
              "scan-fw-aadcd44b66085469",
              "scan-fw-4ad7afd9a4944b11",
              "scan-fw-d0640560d2bb0674",
              "scan-fw-4cde9b2367652c52",
              "scan-fw-edf1b92b8b96d41f",
              "scan-fw-08645dc6e7e77c73",
              "scan-fw-a229f5cb2f4f975c",
              "scan-fw-5f1241d380ff155f"
            ]
          }
        },
        {
          "start_id": "DS8",
          "exit_code": 0,
          "result": {
            "initial": [
              -1.7297733372258524,
              -1.817570963094556,
              -0.45517113940075515,
              0.280158965835052,
              0.13484792246816532,
              -0.16725309665289456,
              -0.27873772282451537,
              0.35726199550843096,
              0.4028793584930137,
              0.006803640788609374,
              -0.48785864136475704,
              -0.20258907225309766,
              -0.7792796805688171,
              -0.5809709579571606,
              -0.7066228831586043,
              -1.1265935667640106,
              -0.20107960435402622,
              -1.7776327293736716
            ],
            "x": [
              -0.7008015439740994,
              -1.3866337881749324,
              -0.5104066230005171,
              0.15769177352619201,
              0.05991410603131583,
              -0.3048805310905599,
              -0.40111237374036635,
              0.2592797154419152,
              0.3155302373047225,
              0.011255617628245842,
              -0.42913577189876834,
              -0.14321716090196654,
              -0.7117580407266106,
              -0.4326121730952259,
              -0.5782090022524448,
              -0.9776239601193918,
              -0.088253023805203,
              -1.6638595425229612
            ],
            "success": true,
            "message": "CONVERGENCE: RELATIVE REDUCTION OF F <= FACTR*EPSMCH",
            "boundary_hit": false,
            "gradient": [
              1.3615197632432796e-05,
              7.905574764599521e-06,
              -1.3915196375058336e-05,
              4.1094006233421965e-06,
              7.522181606312017e-05,
              8.115294042099208e-06,
              -2.2748704296055022e-05,
              -3.38461429767456e-05,
              2.8228986525880018e-05,
              3.356055495395971e-06,
              2.6080412601769964e-05,
              6.819833184845692e-06,
              1.2394799509873877e-05,
              -1.4521774216902372e-05,
              -2.825963541397414e-06,
              -2.445643458770519e-05,
              2.3272749457903252e-05,
              -2.6965396591194235e-05
            ],
            "training_log_score": -166496.5002107757,
            "evaluations": 22,
            "iterations": 18,
            "qualified": true,
            "estimate": {
              "latitude_deg": 37.84377971097464,
              "longitude_deg": -122.49235730929087
            },
            "decay_s": 10,
            "unit_id": "exclude_DS9",
            "stage": "source_fit",
            "start_id": "DS8",
            "session_ids": [
              "scan-fw-5f7bf896e4552887",
              "scan-fw-9fb9f600946a202e",
              "scan-fw-c03dcf6c28e82a97",
              "scan-fw-c644746d01db758f",
              "scan-fw-a267faf8e5ca613c",
              "scan-fw-30cb794dc996d187",
              "scan-fw-cefd970b797cdcee",
              "scan-fw-254147e6f142d7d7",
              "scan-fw-aadcd44b66085469",
              "scan-fw-4ad7afd9a4944b11",
              "scan-fw-d0640560d2bb0674",
              "scan-fw-4cde9b2367652c52",
              "scan-fw-edf1b92b8b96d41f",
              "scan-fw-08645dc6e7e77c73",
              "scan-fw-a229f5cb2f4f975c",
              "scan-fw-5f1241d380ff155f"
            ]
          }
        }
      ],
      "higher_score_unqualified_starts": [],
      "error_m": 824.8271222758607,
      "start_separation_m": 0.0005374590917616953,
      "source_held": {
        "state": "returned",
        "datasets": [
          {
            "dataset": "DS7",
            "tracks": 470,
            "held_observations": 7983,
            "held_delta_vs_same_model_panel": -4.024270526994901,
            "training_delta_vs_same_model_panel": -19.491242966889825,
            "held_delta_vs_original_iid_panel": 7013.068612854944,
            "positive_records_vs_same_model": 4,
            "record_deltas": [
              {
                "session_id": "scan-fw-5f7bf896e4552887",
                "training_vs_same_model_panel": -23.52462609718322,
                "vs_same_model_panel": 0.7928257093923001,
                "vs_original_iid_panel": 732.0786117391801
              },
              {
                "session_id": "scan-fw-9fb9f600946a202e",
                "training_vs_same_model_panel": -10.927371533621617,
                "vs_same_model_panel": -0.40877969435817363,
                "vs_original_iid_panel": 766.4972578364485
              },
              {
                "session_id": "scan-fw-c03dcf6c28e82a97",
                "training_vs_same_model_panel": 8.234947057412523,
                "vs_same_model_panel": -0.6358120339911935,
                "vs_original_iid_panel": 624.1031162892336
              },
              {
                "session_id": "scan-fw-c644746d01db758f",
                "training_vs_same_model_panel": 1.4255571010204164,
                "vs_same_model_panel": 0.14257348875001696,
                "vs_original_iid_panel": 838.6567195034288
              },
              {
                "session_id": "scan-fw-a267faf8e5ca613c",
                "training_vs_same_model_panel": -4.496941453175719,
                "vs_same_model_panel": 1.1563877095988708,
                "vs_original_iid_panel": 1519.9470403033652
              },
              {
                "session_id": "scan-fw-30cb794dc996d187",
                "training_vs_same_model_panel": 0.4504468238055388,
                "vs_same_model_panel": -1.0015661987695381,
                "vs_original_iid_panel": 417.3013021716282
              },
              {
                "session_id": "scan-fw-cefd970b797cdcee",
                "training_vs_same_model_panel": -4.169969131556016,
                "vs_same_model_panel": 0.6331679399249026,
                "vs_original_iid_panel": 977.0352924872248
              },
              {
                "session_id": "scan-fw-254147e6f142d7d7",
                "training_vs_same_model_panel": 13.516714266408268,
                "vs_same_model_panel": -4.703067447542086,
                "vs_original_iid_panel": 1137.449272524435
              }
            ]
          },
          {
            "dataset": "DS8",
            "tracks": 483,
            "held_observations": 9340,
            "held_delta_vs_same_model_panel": 0.39071455400435795,
            "training_delta_vs_same_model_panel": -22.521089275292972,
            "held_delta_vs_original_iid_panel": 11943.512913109938,
            "positive_records_vs_same_model": 3,
            "record_deltas": [
              {
                "session_id": "scan-fw-aadcd44b66085469",
                "training_vs_same_model_panel": -11.227641571530967,
                "vs_same_model_panel": -6.023863915687393,
                "vs_original_iid_panel": 1093.602401314701
              },
              {
                "session_id": "scan-fw-4ad7afd9a4944b11",
                "training_vs_same_model_panel": -20.432372119501466,
                "vs_same_model_panel": 0.8695170644382202,
                "vs_original_iid_panel": 1465.9070865042672
              },
              {
                "session_id": "scan-fw-d0640560d2bb0674",
                "training_vs_same_model_panel": 18.35531190507881,
                "vs_same_model_panel": 6.615637987420509,
                "vs_original_iid_panel": 1061.8395384511398
              },
              {
                "session_id": "scan-fw-4cde9b2367652c52",
                "training_vs_same_model_panel": -6.266375490209249,
                "vs_same_model_panel": -0.7546677969412414,
                "vs_original_iid_panel": 1941.5454145139706
              },
              {
                "session_id": "scan-fw-edf1b92b8b96d41f",
                "training_vs_same_model_panel": -2.755338267783788,
                "vs_same_model_panel": -0.603486293396319,
                "vs_original_iid_panel": 974.7656907808663
              },
              {
                "session_id": "scan-fw-08645dc6e7e77c73",
                "training_vs_same_model_panel": -1.464603832631223,
                "vs_same_model_panel": -0.46967182598611856,
                "vs_original_iid_panel": 1504.1415822972697
              },
              {
                "session_id": "scan-fw-a229f5cb2f4f975c",
                "training_vs_same_model_panel": 2.114761925419412,
                "vs_same_model_panel": 1.8055672800715037,
                "vs_original_iid_panel": 1554.567679407995
              },
              {
                "session_id": "scan-fw-5f1241d380ff155f",
                "training_vs_same_model_panel": -0.8448318241345021,
                "vs_same_model_panel": -1.0483179459148033,
                "vs_original_iid_panel": 2347.1435198397285
              }
            ]
          }
        ],
        "gradient_check": [
          {
            "axis": 0,
            "step_km": 0.001,
            "numerical": 1.280568540096283e-05,
            "analytic": 1.3615197632432796e-05,
            "absolute_difference": 8.095122314699665e-07
          },
          {
            "axis": 1,
            "step_km": 0.001,
            "numerical": 7.727066986262798e-06,
            "analytic": 7.905574764599521e-06,
            "absolute_difference": 1.7850777833672282e-07
          },
          {
            "axis": 0,
            "step_km": 0.0005,
            "numerical": 1.289299689233303e-05,
            "analytic": 1.3615197632432796e-05,
            "absolute_difference": 7.222007400997654e-07
          },
          {
            "axis": 1,
            "step_km": 0.0005,
            "numerical": 7.8580342233181e-06,
            "analytic": 7.905574764599521e-06,
            "absolute_difference": 4.7540541281421156e-08
          }
        ],
        "offset_stationarity": 1.8232180329994234e-13
      },
      "target_qualified_starts": 3,
      "target_selected": {
        "initial": [
          -2.0,
          -2.0,
          -2.0,
          -2.0,
          -2.0,
          -2.0,
          -2.0,
          -2.0
        ],
        "x": [
          -0.7008015439740994,
          -1.3866337881749324,
          -0.06426609561023468,
          -0.9781601336554523,
          -1.510777761587225,
          -0.9044189213970918,
          -1.8873636193416221,
          -0.3175400401903447,
          -2.6577951423273176,
          -2.410148135202295
        ],
        "success": true,
        "message": "CONVERGENCE: RELATIVE REDUCTION OF F <= FACTR*EPSMCH",
        "boundary_hit": false,
        "gradient": [
          5.564777914868202e-05,
          3.0878804225586975e-05,
          -8.810750624532737e-06,
          5.2113823219013256e-06,
          -1.2702204347098123e-05,
          -6.0011660490744134e-05,
          -2.2380552469059012e-05,
          0.0001403961290300515
        ],
        "training_log_score": -89877.44930219615,
        "evaluations": 20,
        "iterations": 15,
        "qualified": true,
        "estimate": {
          "latitude_deg": 37.84377971097464,
          "longitude_deg": -122.49235730929087
        },
        "decay_s": 10,
        "unit_id": "exclude_DS9",
        "stage": "target_fit",
        "start_id": "-2",
        "session_ids": [
          "scan-fw-98cb28475c2059b9",
          "scan-fw-87e7f715a99a1104",
          "scan-fw-9072108e122dc75a",
          "scan-fw-4115b692366be4b4",
          "scan-fw-9ef543e384adcc7e",
          "scan-fw-bb05a7bda30bd9b9",
          "scan-fw-2b071cfa7b4c0dab",
          "scan-fw-7255cd27e650417c"
        ]
      },
      "target_held": {
        "state": "returned",
        "datasets": [
          {
            "dataset": "DS9",
            "tracks": 478,
            "held_observations": 9255,
            "held_delta_vs_same_model_panel": -41.398727801904315,
            "training_delta_vs_same_model_panel": -105.83706661848986,
            "held_delta_vs_original_iid_panel": 13635.802271966848,
            "positive_records_vs_same_model": 4,
            "record_deltas": [
              {
                "session_id": "scan-fw-98cb28475c2059b9",
                "training_vs_same_model_panel": -33.49298662720184,
                "vs_same_model_panel": -3.7896779371255533,
                "vs_original_iid_panel": 1322.0142418914186
              },
              {
                "session_id": "scan-fw-87e7f715a99a1104",
                "training_vs_same_model_panel": -0.7779738357375159,
                "vs_same_model_panel": -0.07628965598695459,
                "vs_original_iid_panel": 1123.5414849293195
              },
              {
                "session_id": "scan-fw-9072108e122dc75a",
                "training_vs_same_model_panel": -27.827738631202237,
                "vs_same_model_panel": 1.2066522726792996,
                "vs_original_iid_panel": 1621.2498533929586
              },
              {
                "session_id": "scan-fw-4115b692366be4b4",
                "training_vs_same_model_panel": 21.824532662665874,
                "vs_same_model_panel": 0.7211065592326946,
                "vs_original_iid_panel": 2044.934801074491
              },
              {
                "session_id": "scan-fw-9ef543e384adcc7e",
                "training_vs_same_model_panel": 31.969813197756167,
                "vs_same_model_panel": 2.605418645520203,
                "vs_original_iid_panel": 2547.353859328313
              },
              {
                "session_id": "scan-fw-bb05a7bda30bd9b9",
                "training_vs_same_model_panel": -17.47273756385613,
                "vs_same_model_panel": -6.6558386959795115,
                "vs_original_iid_panel": 1472.9256610816751
              },
              {
                "session_id": "scan-fw-2b071cfa7b4c0dab",
                "training_vs_same_model_panel": -11.559018690422015,
                "vs_same_model_panel": 3.8497826835484474,
                "vs_original_iid_panel": 1961.5289967216468
              },
              {
                "session_id": "scan-fw-7255cd27e650417c",
                "training_vs_same_model_panel": -68.50095713049217,
                "vs_same_model_panel": -39.25988167379294,
                "vs_original_iid_panel": 1542.2533735470251
              }
            ]
          }
        ],
        "gradient_check": [],
        "offset_stationarity": 1.7858920565764992e-13
      }
    }
  ],
  "reference": [
    37.849056280893684,
    -122.48575489722863
  ],
  "execution_bindings_verified": 359,
  "reference_bindings": {
    "reports/2026_09_27_ds7_post_ds6/manifest.json": "47007b1c18e8182f6a005dfd05c237cb3edb9bf85ae6376c99ccf29d54434109",
    "reports/2026_09_27_ds7_post_ds6/pose/scan-fw-5f7bf896e4552887.json": "220f12484d396321b33752b96b3289a3ece274651493eced98aef0a65df2a8ea",
    "reports/2026_09_27_ds7_post_ds6/pose/scan-fw-9fb9f600946a202e.json": "7d66b42e3d48333d1571056d0e0e4bf9cb98cc39cb37a7a085fbcead0b908b87",
    "reports/2026_09_27_ds7_post_ds6/pose/scan-fw-c03dcf6c28e82a97.json": "99523539c10aae8eb90559842409972152985480b95943b58bc12fc9afb685dc",
    "reports/2026_09_27_ds7_post_ds6/pose/scan-fw-c644746d01db758f.json": "f9c6e37f9cb32e68bdf82d01871624ab923ed056b66f05fb07839b3030a6d96b",
    "reports/2026_09_27_ds7_post_ds6/pose/scan-fw-a267faf8e5ca613c.json": "35dd18e21f098e7f8bad9e481ccd1792ba4b1b44d1c5ee695f3e3441d9178cc2",
    "reports/2026_09_27_ds7_post_ds6/pose/scan-fw-30cb794dc996d187.json": "6ac31986332e40e6c900555823574c4dc8f04939a84b8834d892e27b5ced8afb",
    "reports/2026_09_27_ds7_post_ds6/pose/scan-fw-cefd970b797cdcee.json": "d35e39ed86b9538c4bfdb5543951d1df619b5f9c737a5a0d79dbeaa0b18cdc0e",
    "reports/2026_09_27_ds7_post_ds6/pose/scan-fw-254147e6f142d7d7.json": "343a9184818239dc094c065edb35a18bb8bc4755e07f0be9e6434efc37748d9b",
    "reports/2026_09_28_ds8_post_ds7/manifest.json": "33689ed731c176bff865d703ea0aaa2e5f2ef60168f3f150276ffc125fbbbc9b",
    "reports/2026_09_28_ds8_post_ds7/pose/scan-fw-aadcd44b66085469.json": "702465a74370d580ff54455ac9065cbe7052acede2e13074a23dcdb6521bf810",
    "reports/2026_09_28_ds8_post_ds7/pose/scan-fw-4ad7afd9a4944b11.json": "288cbfdddfebc8979ea80f6bc9be5c77aff4037bb09af3518ee21a82fee7bf9c",
    "reports/2026_09_28_ds8_post_ds7/pose/scan-fw-d0640560d2bb0674.json": "2ce9b3bab45eba93a76f7007d49d6eae87090112f9710e4e24e2e26b3504064d",
    "reports/2026_09_28_ds8_post_ds7/pose/scan-fw-4cde9b2367652c52.json": "506a3480eeddac4b47d36e8ebc3d28fb49ab9afbaff7a44a29a96affd5be910f",
    "reports/2026_09_28_ds8_post_ds7/pose/scan-fw-edf1b92b8b96d41f.json": "39492fde9d071406217027ed789be47eab22691f7d666b8ad6c18d8ce203cf83",
    "reports/2026_09_28_ds8_post_ds7/pose/scan-fw-08645dc6e7e77c73.json": "b5574430d757079628cfd4feca1c6b818d22ce492c9fbd49045028d8854ba976",
    "reports/2026_09_28_ds8_post_ds7/pose/scan-fw-a229f5cb2f4f975c.json": "7c76fe4bc988aac676ed530db03a914cd093b99d77f6230d3fc839d93f49a086",
    "reports/2026_09_28_ds8_post_ds7/pose/scan-fw-5f1241d380ff155f.json": "d6874ce1f915c74b1d7197c3df6e8ec75c4b9f881e0946dbe8c069b228d822cf",
    "reports/2026_09_28_ds9_post_ds8/manifest.json": "ac208acf413462178e88073857ced0de4cae49ebde35a7338781459865c97f0d",
    "reports/2026_09_28_ds9_post_ds8/pose/scan-fw-98cb28475c2059b9.json": "ccb894439d99f71aea9bbbb0986540bf5c733cd5635a67d7d17fe800bc2295d0",
    "reports/2026_09_28_ds9_post_ds8/pose/scan-fw-87e7f715a99a1104.json": "85a57aa6101e67743e713419487348182f46e8525adf9c85cd91ba56712e7526",
    "reports/2026_09_28_ds9_post_ds8/pose/scan-fw-9072108e122dc75a.json": "c47413bb32bc5b6712d5869f551d23ae51c3a2221d9afbf22d983c7d85d51b14",
    "reports/2026_09_28_ds9_post_ds8/pose/scan-fw-4115b692366be4b4.json": "d10be5edc455153b3cbdd86090fe41346facbcfe371f1c78b143ca87ef4c7e6d",
    "reports/2026_09_28_ds9_post_ds8/pose/scan-fw-9ef543e384adcc7e.json": "3fdf9e21f4ca42f7624a9f659f95649762edf6f1ca2c1236da4d5ee0952a5c89",
    "reports/2026_09_28_ds9_post_ds8/pose/scan-fw-bb05a7bda30bd9b9.json": "87efe9eb766ad8f20bc71c11dca38943eb8cd6a3f257fe68a29d4f1925fc52a6",
    "reports/2026_09_28_ds9_post_ds8/pose/scan-fw-2b071cfa7b4c0dab.json": "008e8ac24760c2f9940a1c11ec7dce58ce75c27af1d5cda6f0759b590f0d6bc1",
    "reports/2026_09_28_ds9_post_ds8/pose/scan-fw-7255cd27e650417c.json": "57472e7ab70874edc70d8860bf28a30bb660e2d6e92761cf00790ca49449d6b6"
  }
}
