visit_index,time_s,held_after_20ms,qin_phase_deg,qin_tone_coherence,rx0_exact_control_power_ratio,rx1_exact_control_power_ratio,broadband_phase_deg,broadband_coherence,pilot_band_phase_deg,pilot_band_coherence,outside_pilot_phase_deg,outside_pilot_coherence,unmasked_phase_deg,unmasked_coherence
259,0.000902327863025489,False,-67.94707510678957,0.9734938765818525,8.95302376597587,20.361364516800432,-72.53749977251532,0.07260130327276992,-76.73659908032356,0.07935955286189562,-69.6910447771265,0.06948867129622442,-71.83519037911088,0.0693141840520372
259,0.00223562786302549,False,-68.24778668729357,0.9500323576722102,18.329409503203756,37.79448416152904,-41.60514690756745,0.041148251314655576,-54.65115990034553,0.0675599495195308,-37.95850276721378,0.036215254950012016,-42.06003029982676,0.04139571936450562
259,0.00356902786302549,False,-69.95930596035116,0.9677358162027744,12.548111426725937,31.24482044439701,-70.88919428616755,0.08633447444756638,-80.37194884855691,0.07859909668199005,-67.30317259251629,0.0886104424152183,-72.18300521660468,0.08552262488007203
259,0.00490232786302549,False,-65.98074256502306,0.9521000010074893,21.38234183715347,53.053240873873676,-50.729000250326955,0.044228530584548516,-48.71998488909439,0.017816271676884137,-48.571243006114294,0.05225630999010633,-51.66149139672806,0.04203490737222863
259,0.00623562786302549,False,-70.67487121356413,0.9542620158381135,15.017053002759113,30.7405946718752,-84.40370018922835,0.04824103306795345,-54.84472959399734,0.03765204913106754,-90.24283023788017,0.05534292213128578,-84.26142048300812,0.046749295322527175
259,0.00756902786302549,False,-85.05860191290571,0.948661541829603,10.75437441735843,44.886165544291345,-86.52496407313103,0.09335950546257389,-83.36535529911013,0.10260357170113896,-87.0133882326795,0.09240061628113483,-87.05124986026581,0.09088706090099018
259,0.008902327863025488,False,-96.23501805209065,0.9797370279013148,24.939843662050137,39.4821284745044,-100.5436923900585,0.0713530559620397,-103.22028519001948,0.12035752717252626,-97.42609334465928,0.058076394868989176,-101.31404851678346,0.0707333444476333
259,0.010235627863025488,False,-105.80078832976156,0.9619874604216844,28.69052714196482,57.620398087898224,-102.51597315404935,0.050483437936252415,-103.22103884400491,0.09082332708411928,-103.4766624941625,0.03850728522683994,-103.61893925058439,0.05186886243893654
259,0.011569027863025485,False,-115.36002928268528,0.9616069288974463,19.055644619658374,36.82183137221726,-117.72337727321407,0.08552105863259636,-115.34902976008209,0.07043814186138542,-119.38133891755646,0.09122035395910792,-117.08721384133223,0.08055439403107655
259,0.012902327863025484,False,-122.74068610189073,0.9730222061925298,15.82792417690736,34.833725728085604,-114.25654598753326,0.04317522356279596,-81.6575996719035,0.043855256124837004,-119.9568899179207,0.04788107448193021,-115.89895850420162,0.04174756009428705
259,0.014235627863025485,False,-142.9243701589237,0.9671846829142509,18.6815137546499,18.87972375560864,-126.35154040253649,0.03602900783638471,-131.37857399451184,0.039333239249429074,-128.18146729282975,0.03625797808511516,-127.92560520532787,0.03460763525720511
259,0.015569027863025485,False,-146.40846789572942,0.9764573526794595,20.451899821265865,78.86824992961664,-154.1015537016953,0.08025837716845227,-164.57709267687312,0.09464114823317225,-149.79147103860083,0.07789029822344942,-154.7297329996938,0.07654464567208583
259,0.016902327863025486,False,-151.2820324013595,0.9727074547681623,11.64713831740771,30.1120316637592,-151.1472722287678,0.08133380319449925,-158.09973118347773,0.06810562202009544,-149.68364242040948,0.08420857681083008,-150.34722134629038,0.07879431337509055
259,0.018235627863025485,False,-168.01647029270364,0.9623922927078434,39.66322366185416,50.69807400075352,-152.96003232921797,0.03544286045012271,-166.72009183447489,0.025772011806783523,-150.82088699323788,0.03979493729009537,-153.6735277103717,0.03584868192826088
259,0.019569027863025484,False,-172.74949797770975,0.9537913446611517,9.610718270124258,42.79168086778486,-176.4736599111541,0.08481521146468989,173.16066470218271,0.07792380685460279,-173.16538616500355,0.08886581621904246,-176.5181347420134,0.0830047178474521
259,0.020902327863025486,True,-163.8428441566706,0.9541165167218177,20.31212891078157,27.86293500352842,-137.64663763692576,0.04099808436672834,-125.78865315746341,0.03853365283695301,-143.03470181207547,0.04145855122056729,-139.83089987617632,0.03963589489657538
259,0.022235627863025485,True,176.07358332226087,0.9635904867779214,15.286504784810429,30.053100395317212,-167.415080404348,0.03735398790082513,-139.36830532226807,0.051345898548723005,-174.5109959279207,0.03666156028145933,-166.7416911601384,0.03810915555547895
259,0.023569027863025484,True,164.33323704212802,0.9694254155195161,23.77783128298134,37.79625395446257,157.32641791103467,0.08448115833159833,155.32016647139454,0.08623964758478875,158.08222347660316,0.08425993827479185,157.92348223423815,0.08489252600098486
259,0.024902327863025486,True,136.24839205633558,0.9534891349404517,12.38758426984503,29.833827877433702,162.04114484940106,0.05121832000893938,161.71234319696438,0.07257085882633024,162.69427553601062,0.04606310539758653,163.27048337539932,0.050842919196346946
259,0.026235627863025485,True,125.68911561006507,0.9683280105466521,30.117128843356728,24.546223730232928,126.77606325118937,0.08685893123172919,123.74119447005965,0.09295385225830109,127.14358069024567,0.08482188657424314,126.39196082540363,0.08411887504690886
259,0.027569027863025484,True,125.19027491432246,0.9645200743145816,15.761074870030917,68.70163540940251,124.3786114711303,0.08955952832141326,134.34516781890474,0.047652281533116035,123.06264108289417,0.10338183888634339,124.52502646974314,0.08709331619175789
259,0.028902327863025486,True,130.00265006087758,0.9629540125732844,21.981993963801756,20.866850228126125,159.22049312208972,0.05493751712945198,155.57173808172627,0.07105421037485178,160.22763866061294,0.052361908611688254,158.61514773287118,0.05115857840410133
259,0.030235627863025485,True,120.69236106993803,0.9531325264536973,22.24327496870935,32.76451832377859,133.07098983412578,0.05221405144399959,136.58855848483782,0.06597425681074509,131.9683926697682,0.048610822833823134,130.7914808292164,0.05018922842175442
259,0.031569027863025484,True,111.5514495869421,0.9720867185692397,23.70952336815988,30.217107050472908,113.55180418032536,0.07344707560078385,124.85129325863349,0.08698895387892454,108.80004732091061,0.07080131895080341,113.50385974268143,0.0716239995503215
259,0.03290232786302549,True,96.55696950667146,0.9765820886941103,20.930673941722446,30.170143061252094,98.79979653240471,0.09462108661234749,98.44109690460958,0.11727001751769747,99.2761864713787,0.08728325671428558,99.58387744588852,0.09102577567368066
259,0.03423562786302549,True,64.89575913190488,0.9805965474855867,12.478228540605018,27.936953486707644,62.82680815120204,0.07403894647653596,36.592671932102434,0.09013816753303493,71.64164657559304,0.07342209063314409,62.44428893771149,0.07349575813416155
259,0.03556902786302549,True,47.76445614595897,0.9829346790387999,13.07086193846975,56.80004862868982,37.526960178206096,0.06334734580153756,66.13865892129228,0.06189746263274822,29.39852528271026,0.06670969026012519,35.951800303060544,0.06199332592397507
259,0.03690232786302549,True,15.592181622329859,0.976435910903384,10.14239815838732,27.39474981589705,32.45680175743642,0.04057602298564696,-12.814015787269021,0.07828316062078067,57.92374844607507,0.04071536597241132,32.38498941572613,0.03948744681662283
259,0.03823562786302549,True,1.8443816190316682,0.9667629116206112,42.13273410461062,53.75444168161894,20.362208690189927,0.0481422495320776,33.437393022352275,0.044804085955827654,18.383706722915143,0.051926714850236505,19.615223437172705,0.04603817849918424
259,0.03956902786302549,True,-27.384158588868633,0.9696739057258151,30.97701701136639,27.07700267483127,-25.03677574025903,0.08807362639520071,-13.839830488945463,0.12114072001830588,-30.65057691471859,0.07968314965797993,-23.419580968878723,0.0839121524567093
259,0.040902327863025494,True,-41.22680729598343,0.9703701612202695,17.635007094423763,26.314736595684927,-46.732761241749415,0.07835268771871204,-71.82336271761834,0.08432721048654494,-39.47327185567589,0.07864677330935708,-45.85978104083969,0.07634299941273406
259,0.04223562786302549,True,-76.57416808514446,0.9566225119889592,26.775716736792845,19.885126026607093,-50.02481098082917,0.07292143393991878,-45.58388409334142,0.06793415888460629,-52.088543355600294,0.07288290328750385,-51.442711984477164,0.07259068535187745
259,0.04356902786302549,True,-95.65047769440484,0.9590506079613318,20.675445176721027,35.529983398017045,-79.8116588412289,0.07373084925931797,-91.50673529201944,0.08607902885326241,-77.01262467540506,0.07097951361333946,-80.23738733055058,0.0714257177662905
259,0.04490232786302549,True,-125.63458301679007,0.957465418571196,38.96157799012118,21.4366374373258,-103.59811254816155,0.03777141298102448,-85.90260163008027,0.08556125066555346,-121.64639059766061,0.026179150610378798,-103.86152199036492,0.03652993987642216
259,0.04623562786302549,True,177.4265117348784,0.9664815581304769,12.364885323047924,24.642303846612947,176.90458577039954,0.05462015058822833,-171.26693992855712,0.05829959871173695,173.53803307727893,0.05164139910997476,176.6120986263867,0.05346117909688015
259,0.04756902786302549,True,133.70438210374093,0.9690926949744533,15.853215428861905,26.37737389366269,136.5663514606042,0.07953462412692518,154.03581422752399,0.08308048928213668,131.79406614084684,0.08099399563179846,136.45073839863542,0.07479608360654494
259,0.048902327863025494,True,106.80265676230653,0.9718662858199831,32.39553610389991,46.66185339911313,102.64336038301242,0.08663157566414141,106.42099250990198,0.11717257160771162,100.58147641911236,0.0772469885861856,103.0596515643635,0.08644326315975127
259,0.05023562786302549,True,94.62029414472984,0.9739218040199484,22.741831276272436,19.97519879252566,100.0500825061594,0.07269060944534532,112.47043390334812,0.11474190130539949,93.05014038061388,0.0635002386037594,99.96322678364918,0.06990276821010837
259,0.05156902786302549,True,77.93559446850375,0.9690689101632554,19.131677676594634,24.485414555559267,82.81907806499281,0.07724424991918387,77.55234919907808,0.08687575537291821,84.13738946403018,0.0720002168143447,83.25349337516892,0.0742510994044115
259,0.05290232786302549,True,70.82979336199446,0.9418575492208631,18.24104026219098,39.87726329360051,53.60812879825654,0.03629053500594501,97.42260990246632,0.025626818856955214,49.156398440241844,0.04102607339962098,54.42866931751527,0.036529817947951126
259,0.05423562786302549,True,80.18105680368816,0.9594972303277625,44.728502163898476,31.69795686565086,105.97831778379687,0.04685439525243724,127.55245700345202,0.057720683028839585,96.89039725042248,0.04740472344626774,105.18558249331421,0.04623205709044119
259,0.05556902786302549,True,69.3994693053768,0.9330105540976106,16.410797765234097,51.74290602134589,75.86333760159648,0.07677398742905486,73.27800390841723,0.0710128765921528,75.99796557941772,0.0793732953805382,75.29803873023053,0.0749782921096831
259,0.056902327863025494,True,58.040751221651156,0.9672992744938711,15.528150134856608,29.353201959800707,60.7549554225986,0.07730541669066873,55.835369081288896,0.08292672159882782,63.583069144017486,0.07585390368682246,59.75421760873523,0.07391196564514649
259,0.05823562786302549,True,68.30306147539467,0.9619034611674204,13.723988190893376,56.137176878578074,80.56653793531208,0.039160755692992766,127.99215409054558,0.04889547479114132,69.29589847968117,0.0426408946921562,79.49102792382469,0.03792562172955434
259,0.05956902786302549,True,60.03200194074885,0.9806832643207039,14.993649174694447,14.735768264943733,57.084421658756185,0.07932383908204595,86.64052166942737,0.1039629765367109,45.925087058020104,0.07784077309689406,57.47649322701171,0.07727322595590008
259,0.06090232786302549,True,39.02208651998057,0.9857327952327934,12.197484220964201,27.69791733445029,64.74790991004213,0.03765939482214816,72.04877548937635,0.05289189837398626,57.875135813851756,0.035867419185929915,63.37361123263519,0.03747311181354167
259,0.06223562786302549,True,19.472230602279726,0.9716978509252568,13.318225468748315,32.4859057380146,32.859090581064386,0.05262920678895021,54.62232659272352,0.05611674607063455,26.5431639123865,0.05331172564320677,32.46159598802241,0.051234353585866844
259,0.06356902786302548,True,6.6953269057532045,0.9719850180754757,25.174207289276623,23.630903236451474,14.323026532354145,0.07699217028774975,35.41327210804287,0.09247472218376226,8.756050239574359,0.07568862593592524,14.527831665342276,0.07654677616599292
259,0.0649023278630255,True,-0.11329684287976599,0.9595944456638186,7.393345252691389,28.6817639943562,23.72505284499472,0.026173606328325973,75.09655236837673,0.0372317966459153,8.995014043648826,0.03179915819512768,23.447840821418026,0.024868754781846122
259,0.06623562786302549,True,-20.13522077412903,0.9543545072022048,16.058147592252272,43.59514982576583,11.307430931408511,0.03334648346976388,-2.0216238643875304,0.01805780404569634,10.660801054043406,0.037924990206092364,8.90467964517833,0.032572343855643185
259,0.06756902786302549,True,-7.537324684915916,0.971734430332509,18.620699107815543,32.08466349460227,-4.603736501107604,0.07922826723851861,16.287883078150976,0.05488900131517996,-7.546316760563809,0.08466087758443537,-6.925224329469265,0.07774131096383521
259,0.06890232786302548,True,-11.546059121181253,0.9538864439526165,21.80559013117423,22.77497018588716,-7.6412280825073156,0.08622445818359208,-9.639338749961148,0.09089715189557765,-7.740467094915284,0.08487968464301593,-9.509906174680802,0.08260114618263274
259,0.0702356278630255,True,-23.02680525591694,0.9682336114360127,10.787160199312396,27.03141057212084,-3.196717922958105,0.026890212614105662,-6.842657848373666,0.01578388198518661,-3.0799442084798763,0.02964466003161606,-1.349564008276297,0.02603633616714444
259,0.07156902786302549,True,-39.40362838162693,0.9294950149038674,13.74913735223295,51.194341137474204,-30.524441040541163,0.08787006499642315,-34.52003206240602,0.08513459716325421,-29.04820610974766,0.08915835718419333,-30.1870696749017,0.08480772951190517
259,0.07290232786302549,True,-22.330857135231494,0.9399897216811435,21.978682196157433,26.32061032666596,-23.6454602569406,0.04127499422203168,-18.42253391863726,0.05107612161473723,-26.13454615683068,0.03853255759523143,-21.823953128202046,0.03864722081536967
259,0.0742356278630255,True,-18.915559249829883,0.9481642840496345,9.066861297720777,22.363042317308015,-16.98420156257698,0.0474470677009364,-18.482331147813866,0.05012792442032818,-18.387658313561527,0.04791031331265189,-17.922815653296226,0.04654976379543746
259,0.0755690278630255,True,-14.887558558224836,0.9434473457017322,18.563673891609145,15.803330863362193,3.051246842552303,0.0900808636559139,-8.853070834461276,0.09828042209500715,7.414468425239045,0.08847026959082206,2.47491491070211,0.0882284561219997
259,0.07690232786302549,True,10.869583907733375,0.9509138315786514,12.647257178727939,19.36381307715253,1.6212011872114025,0.08913571027855104,10.28166530987033,0.08460709379561918,-0.5229657285126595,0.09057957856120087,2.6950520916307963,0.08417780001256221
259,0.07823562786302549,True,20.65657166425425,0.9895261539640474,18.318670714170107,27.739597051677656,13.879232478580494,0.05744334812218544,46.70711010920789,0.06121582357372215,5.5299155989609625,0.06106811292198118,14.225287888291872,0.05458870083451553
259,0.07956902786302548,True,40.695121443211235,0.9660528804691173,29.975353985436282,29.75540190418129,34.61818565591654,0.07111300629577708,43.24471161325249,0.08170845135200591,30.769368169469452,0.07034926873691967,33.593343576317615,0.06941673815783275
259,0.0809023278630255,True,41.651504142658105,0.9525935413761017,15.665883634676314,24.677091935901412,77.75833975469753,0.044408145208543845,79.29829400260017,0.05303381304269138,77.37909654314501,0.04157908689204736,77.85328726835728,0.042500780248599816
259,0.08223562786302549,True,52.58240333105572,0.9255455672006566,18.28361135515443,32.35752078074429,102.21527037988861,0.044738156980042645,106.51358511272093,0.04669233494994934,102.20125077744068,0.046392633131635365,102.89120220495201,0.04204328888345033
259,0.08356902786302549,True,69.0530969969234,0.9522165907488366,10.461423185389618,23.341108222260374,77.79771364514205,0.09032129178949204,96.40615730477717,0.10047481233784429,73.21062954341093,0.09009273617730117,78.98565762260057,0.08852161198510167
259,0.08490232786302548,True,53.517808225073246,0.9868674891889269,10.647375994055917,22.232119524450123,58.235534122878434,0.07561312980574499,45.34019113838105,0.060325664494662715,60.52489627554308,0.0792799870932756,59.71764835344247,0.0737309655264341
259,0.0862356278630255,True,62.31623549984108,0.970621592592212,10.907591605207486,42.487846932798185,73.82274563845674,0.050483719983044115,100.14417360973853,0.06406695780306788,64.49796011297292,0.04932442682647403,75.44734425104546,0.04805409085841832
259,0.08756902786302549,True,69.26420619722082,0.950347899593103,19.962149455654814,34.4012942630917,54.37463577726331,0.08095820012858984,84.62401725481682,0.07205314019663335,46.46641160639187,0.08818539194545312,54.98033760327255,0.07803145216167913
259,0.08890232786302549,True,31.9140345749472,0.9378006370202991,22.455904447027514,45.92540145578473,63.3412831627702,0.03139793799289092,50.54790670524445,0.05191067457522303,72.53287000043488,0.026453922727530024,64.03665387159579,0.03195072695264561
259,0.0902356278630255,True,28.62356882075256,0.9554257616656207,20.473056154215527,31.150184421277007,35.12435256495737,0.045099135972669055,40.79368618131303,0.05625842340815259,33.14933963781003,0.042686204604175486,33.84103571138923,0.04246290057387083
259,0.0915690278630255,True,23.392047435345397,0.970534873396378,13.200523806901609,26.886604535457366,11.233599392837295,0.07757344317175642,7.819988961989733,0.09366317118365663,12.340989833749951,0.07278540985173396,11.412725588272151,0.07605922084325169
259,0.09290232786302549,True,10.74875811248897,0.9491864703266047,16.35823236223857,27.72687750888672,16.162966237217926,0.05135874461424807,25.358320728179045,0.06819996195200301,15.3062275263165,0.04629297468725956,15.036841558852053,0.0481901738010088
259,0.09423562786302549,True,7.577056234329813,0.947976109841557,25.791244855041793,15.185677200628971,2.2481794350291744,0.07240201177255806,1.9540870547960965,0.0806781021795867,3.659273602675319,0.06856710683371031,2.859275941746429,0.07245603124931964
259,0.09556902786302549,True,16.44726381418017,0.9434795208438214,15.049537053077932,65.61015018768448,8.130736035208614,0.07141655083742884,7.019043250325217,0.11211319511535803,8.29189470763912,0.06030675587632091,10.29434576677609,0.0686572900938055
259,0.0969023278630255,True,12.15760405623156,0.9570286897156871,15.66028360146474,16.448030087706424,27.02438618932459,0.02908033014725485,110.18780797916443,0.03368850010279209,11.22513608222866,0.036632854907207815,30.274055237304918,0.029352477073017202
259,0.09823562786302549,True,10.880656746276289,0.9698461528299085,15.149943943663448,29.261164100423112,33.21260424519741,0.036958155585694645,56.06973729445779,0.03936986700697298,26.423908459113544,0.03655877288137246,35.988039708382374,0.03627872748682467
259,0.09956902786302549,True,3.624583524269504,0.9572259081040246,17.726381492859854,21.864338884266072,0.07698181442861546,0.07430658770718408,-19.368886654068206,0.08041630394467378,6.038545845028067,0.07406000047434753,-0.8931071622980803,0.07217147436046688
259,0.10090232786302548,True,12.482612110098724,0.9542744760218674,11.865722490658277,23.37608048449771,45.751390119261714,0.04607808617769983,77.31090220670016,0.050188346214551455,36.46222602597895,0.047013850222186446,45.07282773723821,0.04489670874809383
259,0.1022356278630255,True,3.7896303901564097,0.9754085713917536,10.686835290199621,34.91601126184982,7.727527870665901,0.07273928192288028,22.19215517264172,0.08123767873407702,3.805027135827285,0.07298662054483356,7.173102704069038,0.07078477449488703
259,0.10356902786302549,True,20.472663282605875,0.9738459357074543,13.692955123749313,16.535437075798644,8.204432756835857,0.08345064320212911,13.880632659519064,0.09192507366266442,5.7326217285733545,0.07905473783432751,7.850003766042408,0.08045644334382279
259,0.1049023278630255,True,14.176371046224164,0.9312649262054147,22.129963941275573,29.915353260051393,40.66265432711594,0.0361773625638932,26.767038142151325,0.03722370738045055,45.577324207599105,0.03673978222716647,43.26475656777067,0.03467798419620857
259,0.1062356278630255,True,1.0866336552946239,0.9291308516929657,13.54217668745514,13.709277346244189,37.30572212929248,0.03375772284823696,87.54469808546287,0.021749431558272546,33.388295076797036,0.040328004059056385,35.629688373063935,0.03335213066235537
259,0.1075690278630255,True,11.512291304558296,0.966165516020254,9.371489025545783,39.36343497808984,28.405767599619058,0.0748711991134785,19.344033568746443,0.07145243375859255,29.33128428550418,0.07418297206276711,26.17361911304752,0.07313182069314016
259,0.1089023278630255,True,23.103070432414846,0.9546414149660621,12.157836703148497,35.54575662531351,38.1404491775816,0.06530114923667968,37.123097152600266,0.04856849393083959,37.970715850921586,0.07093583439952769,37.697249408358395,0.06302184420264752
259,0.1102356278630255,True,37.05988746663599,0.9095776924052349,15.600750535179532,29.475958410396,38.12848268240948,0.0835738757932521,32.04826015443484,0.07441017464266339,41.567624460703954,0.08622612607992863,38.611804797987844,0.08202781517628975
259,0.1115690278630255,True,50.01496576112202,0.9641572911623513,12.007627800223958,18.755985997810004,46.88394667947703,0.08065979288193285,49.769176798435275,0.10446132965886512,46.25091099239975,0.07370403670250061,46.44889366734562,0.07663155678933678
259,0.11290232786302551,True,69.41263746562676,0.9568436124187432,9.829386740858586,31.861935721680428,78.50342778861116,0.04514457495622388,88.31172254859979,0.0622597698357235,72.55269545278303,0.039295946621224,77.98253386650794,0.043645560546582585
259,0.1142356278630255,True,74.61707926712222,0.9704666440010044,10.166104105565022,18.26107117146819,88.34225847135868,0.04527251274151854,56.95540274981845,0.04820128843914222,96.8388489956872,0.046658255275313094,89.68474769631402,0.04387787130579134
259,0.1155690278630255,True,91.05900830381026,0.9555861458790019,17.302343142693626,32.62378720643658,100.7865284259215,0.07844493483768082,97.95475213611674,0.08825578823952446,102.1549402014391,0.07574131923610625,100.7649324714351,0.07675044672775394
259,0.1169023278630255,True,103.57633723690287,0.9389941693910151,11.227163295871392,25.993316930109394,87.33036065027324,0.06119307959376403,95.35337628649256,0.07470625796722222,82.65507198279161,0.0580054459270166,88.96309341666878,0.05897521263838023
259,0.11823562786302551,True,94.22876132468107,0.9584977256992994,19.658423485672145,40.7880769047204,102.79790552332031,0.08331421400508751,116.93863734017452,0.07680376594276506,100.12681783888725,0.08586612769512467,102.84345139908591,0.08068970859019058
260,0.12090280234495615,False,101.48206552375392,0.9620979763194902,34.11026403382509,26.09049439884111,142.49083748852044,0.05147825936587304,155.01788337821807,0.04265055897278464,138.00370539950947,0.05539544247585399,142.06820395177374,0.05169471446528443
260,0.12223610234495616,False,106.93952044343943,0.9633968608452091,24.546767282205792,31.712371629164775,127.80357025070036,0.044839356734408635,129.36087412860684,0.05415831180941783,126.36441010519279,0.04284945613805423,127.8551673009274,0.04269185718685599
260,0.12356950234495616,False,106.33671152222446,0.9356730239007564,17.745837562489353,32.48341209748977,104.6340855008619,0.0745259958172619,112.82340133362702,0.0649542409753557,101.73702530973557,0.07753676337349041,102.87459178200262,0.07301095381571493
260,0.12490280234495615,False,71.65342401611689,0.9439020750082563,13.291477395488538,24.80861471323976,76.51000330522298,0.07343615861437053,82.16311986666419,0.07561281352905523,73.82779359436844,0.07265721424679439,76.50958701027048,0.07334967255912767
260,0.12623610234495616,False,59.691829399447435,0.9495172315111945,18.22006198138166,44.878977211497514,60.67262288671614,0.09119707682684418,57.167371046225085,0.08956435470860406,61.20035571965149,0.09091910295662564,61.14220199355639,0.08958444199339992
260,0.12756950234495615,False,42.46290295724146,0.9412317080129713,22.115411870962735,32.965172139781046,36.84360432671357,0.06983118244187328,44.25524815563156,0.07268363583866463,35.38538227469442,0.07060940157858837,37.48620991715086,0.06859029990342867
260,0.12890280234495616,False,21.03200488126128,0.9327806096720267,26.312328203543238,23.64617566089352,62.14596491928042,0.03085913941427879,65.65782450637674,0.05780315661519657,60.4371524636752,0.022910556980811476,61.504592688766245,0.03135905965559305
260,0.13023610234495617,False,-3.8672264667328844,0.9511967691213604,13.87432582022771,26.56406924559594,-2.496008110676322,0.058114744716917466,11.657123396242971,0.07234316664878448,-9.335104639832867,0.052821635895772864,-2.815750616065712,0.05764685219351167
260,0.13156950234495615,False,-15.712660770787805,0.9791401653910113,17.123041751365978,36.25824520890976,-7.609770072103219,0.07590305495669676,-8.87387753476272,0.08285249551116784,-8.034435655176802,0.0733235009876284,-8.759070847202278,0.07519256744109121
260,0.13290280234495616,False,-29.36664008539139,0.9349184929866905,14.787016354072012,28.754560055888266,-36.29160356055296,0.0740143959317606,-20.737072610501983,0.03544102298162412,-38.086895509432324,0.0826184261079053,-36.67723584348908,0.07296485984781968
260,0.13423610234495617,False,-46.40297599618188,0.9659167150948907,14.476759787803319,30.658221658534575,-12.95843023159181,0.04900287445593407,20.06012133417264,0.06816046248984674,-24.800243767214404,0.04788765490416855,-11.079941626549555,0.04827253081885839
260,0.13556950234495616,False,-50.67701710535824,0.9782158394328591,14.200192353481127,46.41284047745558,-43.00706017652971,0.08650298401634714,-44.99015937137478,0.07769992836652431,-44.49146850361613,0.08767111762607813,-42.94874103606884,0.08461889955702911
260,0.13690280234495616,False,-72.16911941850528,0.9377202205471017,21.157776905673696,48.42195748081879,-73.49530901692975,0.04237580914134667,-87.51055069170502,0.041669417947621544,-69.56339271534284,0.043456167937874844,-73.6375303240068,0.04084047262754167
260,0.13823610234495615,False,-83.92913044554393,0.9414912155172686,9.742638293522646,22.607225169038916,-71.16775376599814,0.050806533443625256,-73.59024385671047,0.05124916702482123,-69.6038504434694,0.05062538263396605,-70.99129009475983,0.05164858434181646
260,0.13956950234495616,False,-108.90366204090382,0.9556319439860913,8.718824642414676,23.9092644005882,-99.97115233046937,0.07797754641722619,-131.7686623683793,0.084861706379813,-90.9783009129849,0.0800250027403784,-100.46071893167056,0.07609308112593645
260,0.14090280234495617,True,-111.02008293211523,0.9695540830618156,8.950379403555093,20.11716070400096,-66.63654340116986,0.026344701896131948,54.59808586385962,0.00203002356769135,-64.27302206237187,0.0347750090765666,-67.14534803771072,0.026007099079334167
260,0.14223610234495615,True,-108.38802376324597,0.9636168562261254,9.387333812987908,16.015756262188507,-103.33590919520509,0.048758854471944287,-71.35379440290477,0.03574742375344105,-109.87111193301514,0.054640027971996345,-103.68935302108393,0.04839477969669888
260,0.14356950234495616,True,-121.34093284201924,0.9747441470534529,12.133448175217138,25.000277649077603,-121.91702558930855,0.08462810608692357,-134.58142315530708,0.07232894036691363,-119.19386016855462,0.08944818410019477,-121.51372381932812,0.08340085614610318
260,0.14490280234495617,True,-116.50713135016598,0.9637836579377357,15.683212171767103,27.128680604172025,-111.49367368197412,0.08876452873615202,-124.69099530308291,0.0996407945963637,-106.5601111136005,0.08555184648591571,-110.64795104313536,0.08568221428568673
260,0.14623610234495615,True,-124.34455612069348,0.9651842612386251,8.551098431186837,35.668674051486974,-108.42584757330229,0.04129496353247095,-113.85964076033193,0.03603820431450536,-108.58975541948237,0.04349729517270415,-107.73553853003314,0.040428095999101986
260,0.14756950234495617,True,-126.93585624749794,0.9580099527203058,11.896802668951542,13.404299162407646,-110.849543319762,0.07270797229101791,-97.20612888100575,0.0721364158096176,-113.2547861665622,0.07165222759199483,-110.50410963613858,0.07096190074184996
260,0.14890280234495615,True,-136.8121935208362,0.9805257868748113,20.37496657623142,34.230473393454574,-116.20220682720434,0.03429931402129687,-111.79695563627922,0.039406382882004036,-115.9112504513794,0.03514170021360596,-116.88595969199291,0.03458099359383725
260,0.15023610234495616,True,-134.84105890467094,0.9611095567333634,12.295709853636946,24.521231705880545,-109.80949169016769,0.045670002222495905,-118.44067299034883,0.08462923206396948,-101.11936824847356,0.03582099453314178,-108.11073662462019,0.044663699565228934
260,0.15156950234495614,True,-164.84013255612933,0.983356571462499,26.936536405569825,35.80535863276665,-152.1515915846903,0.07654350587525878,-140.36816877594717,0.07206980342883615,-155.01666658997576,0.0790408068456618,-151.75371432581284,0.0753587708590812
260,0.15290280234495615,True,-174.28070224474777,0.9508381896805568,10.20488400349075,17.50865790709447,-174.63968139444603,0.08225908025372895,-173.03939001797235,0.07515415571563237,-174.78065279368403,0.08551151636757999,-174.2776977581481,0.08247357574474462
260,0.15423610234495616,True,170.13602344667845,0.9748092730984377,13.266084863754834,18.561267952295168,-176.5561043457612,0.052646508164058574,-171.32413383188813,0.05519553906877619,-178.74670864511162,0.05161434206854597,-175.16122007805936,0.0513355251904545
260,0.15556950234495615,True,163.41161321939333,0.9683596130782015,40.97964413418463,34.762317273893,156.7769549050635,0.07641774331359819,171.93197585901615,0.07930775066112795,152.28029683753482,0.07537950531301027,157.18279676629658,0.07558024410807998
260,0.15690280234495615,True,155.44835305485182,0.9631671837502433,19.755601683816963,26.690752451086173,171.8903133839197,0.04286283486485011,-171.38370278747428,0.03562776386259046,168.16456728319378,0.04653321592349219,172.34531713827465,0.0424954248808521
260,0.15823610234495616,True,156.93582196391785,0.9514212957417657,23.306464811806126,18.35581248738703,168.00905470412465,0.038107455670669595,-179.24123258853464,0.034022794479258295,167.62981334432058,0.04022358776188019,167.33796954651726,0.03673671537948597
260,0.15956950234495615,True,153.8840211796676,0.964048841037438,27.605413634431535,21.946231375462236,151.35518125212982,0.07821353295242772,151.91478611712668,0.08329599156015075,150.98604064427303,0.07809487386251351,151.40510157055095,0.07727812420444526
260,0.16090280234495616,True,139.2418358431375,0.9411591137167652,18.303255549204568,18.431976952350077,138.04120852239427,0.07866041159872171,157.5326188050357,0.07204583077337824,134.26159360875468,0.08159564340536989,138.21646276554335,0.07705399863706174
260,0.16223610234495617,True,117.63668342312445,0.9382884498151223,13.514339541623004,29.92246859046189,104.67759154186632,0.03553894723035464,108.58235059783125,0.048961878182954846,101.66002973532237,0.03265231868457387,105.00706153575565,0.03600496099967311
260,0.16356950234495615,True,99.29843297783039,0.934686782958488,11.706838195739476,45.350993847157746,115.22120208523597,0.0703587551701925,131.6213655829226,0.07099561690418624,109.15098859285136,0.0708181858882284,113.58724810404472,0.069375211684559
260,0.16490280234495616,True,93.01343235961583,0.9483363042201164,35.46641485403729,33.49932071823913,101.11234299187807,0.041642274533980395,101.06116293996187,0.018390410227308654,102.09775816241763,0.04606018334673488,101.33807151929643,0.041681589810241455
260,0.16623610234495614,True,53.954025451910354,0.966671820075706,13.830412644919047,18.437419449533532,83.78806673817265,0.024006898931047058,64.73006511377696,0.03811776220974808,91.46487740295478,0.02163521604650775,84.3628075663457,0.022677895894963086
260,0.16756950234495616,True,47.70112063167111,0.9583471510569451,20.39792944116606,14.231130733352531,40.862426814911764,0.07592387145935697,47.40898258453897,0.05810134743852825,39.11911915119222,0.08140131374366676,41.10791620268635,0.07586346134715877
260,0.16890280234495614,True,31.946730525293905,0.9614281746100997,11.332080807701757,39.18652099060401,33.33673908912427,0.07942021673090421,56.9266181237153,0.09347875152284066,28.211195468921055,0.0786163736169253,33.73359124097739,0.07850038255116111
260,0.17023610234495615,True,-13.6611729639922,0.9571853962695867,16.11407171450235,22.5652676718414,15.632014855564158,0.04058680391826296,27.746052276453888,0.05952603821631112,6.878608883558228,0.035055315929504664,15.62669263370843,0.04079170205536146
260,0.17156950234495616,True,-27.261319245049844,0.9731181144229554,12.036638636347652,31.73264168220678,-22.603226898213766,0.07662926404023121,1.9950958501483458,0.053194629127503695,-27.843860176736563,0.0851404223010559,-23.128449860650356,0.07564276875172907
260,0.17290280234495617,True,-58.00741490475366,0.9408136750767369,8.100554301024152,40.543053482900426,-37.9055622619274,0.03583044928894331,-69.17843820204652,0.05729377201614308,-23.0108565777833,0.031002170738007245,-38.84597689076107,0.03517813863065401
260,0.17423610234495615,True,-71.02470044596505,0.9350711471369646,19.852732718132156,18.97099537033177,-70.3855116831973,0.0462476974665918,-56.674872545021586,0.08466978458107825,-75.33022552282114,0.035682084637387826,-70.77736686113457,0.047071568749885204
260,0.17556950234495616,True,-99.92476837037817,0.9718187533414067,14.025666532670103,21.118856132900294,-103.1811007769601,0.06807239831273934,-100.02036555200083,0.09073753342323522,-105.5760772542095,0.06282981230959561,-103.49714213063612,0.0677869689698632
260,0.17690280234495614,True,-132.50722115522902,0.9322475304050191,24.22588746970495,19.92663451765208,-108.25483807521026,0.03643219526683889,-116.72320755035517,0.03072099992337408,-107.67322188212201,0.03565211171491927,-107.49424549300849,0.03681767784190253
260,0.17823610234495615,True,-148.48840029720495,0.9621956252188111,18.42537095227794,27.379919860019573,-135.1978078204253,0.07915454826347575,-116.05374557483346,0.0744551801863342,-141.34054959298976,0.08190816060949828,-135.57098765314646,0.07835820464204257
260,0.17956950234495617,True,-170.51346516477525,0.9911823451311792,15.589636538714638,28.57831966528858,-166.93216970573548,0.07728737643897429,-171.22572671256808,0.10879428231791037,-165.41053031559397,0.06959164729468058,-167.33535475066768,0.07563769634886017
260,0.18090280234495615,True,160.71341940517846,0.9564314786262459,13.64652854132714,26.49987336479913,152.65618810395193,0.03543846381962404,145.3543108667017,0.04164898724275343,150.66773227909545,0.03316638985865937,152.58275132806352,0.03401654782223074
260,0.18223610234495616,True,114.84440395329212,0.9535025837305839,10.707919651887822,14.497723588354178,133.94794088959287,0.026510015377459367,97.88696576403848,0.006699775515794939,133.0492213413017,0.030736139916301003,135.38954127615347,0.026810462505754046
260,0.18356950234495617,True,89.79663062052032,0.9567226273933608,27.86093339251917,22.936287557270564,81.19660272543045,0.09010181803843245,76.30876034341652,0.08774398943657986,80.35051234629094,0.09126798218090752,81.06783970834582,0.08854079390420493
260,0.18490280234495615,True,60.618890203606995,0.9607547548300728,16.264997733665542,22.551124086619154,61.317519135523895,0.09039035493512501,45.03262283241509,0.09864803756261327,66.48180889801874,0.08827106436205331,61.364959857778295,0.08871481471489519
260,0.18623610234495616,True,34.693820950195985,0.9575051875535927,18.971038887979912,29.132314201362664,25.435379063578264,0.07931410907081508,43.17803790730818,0.09027306243524842,19.0727843522675,0.0801559076674382,24.993035533552273,0.07894858331982076
260,0.18756950234495617,True,2.184623650434809,0.97215777092347,17.273806940027253,18.978838801339567,-1.9273708914898844,0.07253035553744577,-9.686480166909346,0.06423302111136468,1.7870285711486684,0.07420210131029943,-1.584467203991029,0.0718764084194508
260,0.18890280234495616,True,-24.717966133397713,0.9505460351572523,9.79235351232344,47.62822904923269,-6.973223669621528,0.05886030744164052,-12.570263851821577,0.0743455487356577,-4.533714787446286,0.055906724936701395,-6.814948376599451,0.05811006643242683
260,0.19023610234495614,True,-56.98318375406256,0.9278847574262449,21.650988952289367,27.115414706502193,-24.57440661792587,0.03313026546202111,-40.12561960764704,0.04198114971526173,-20.244546288298903,0.03061409220228699,-25.16571044282755,0.032407323697861826
260,0.19156950234495612,True,-94.13497845806239,0.9693937050301172,13.948579889236601,21.47646444576883,-97.4274669730567,0.07985485850757389,-108.65108529327507,0.07871296955033213,-93.24426322269838,0.08078999719352724,-98.07022846846348,0.07827292279969739
260,0.19290280234495613,True,-135.13514790679994,0.979293207904973,34.59593694340272,41.522219125454555,-136.4472383459841,0.08217524960734778,-130.76805146501076,0.07261112480958677,-137.70166961956457,0.08589214066516722,-136.0604559691437,0.08172815266650724
260,0.19423610234495614,True,137.96333170626968,0.9630839704480164,25.647441885429824,33.184888150079885,128.5618602165036,0.08312318972844246,112.83533348992277,0.10330011624432926,134.13852737751031,0.07932436716101542,129.17920256152865,0.08123776981193916
260,0.19556950234495613,True,49.75563439655015,0.9508655342216757,31.01162932882525,18.406906874846864,56.64290606894568,0.08925989547482387,53.221991381808,0.07126940925925299,57.54625287489993,0.09490069553592992,56.443170808823204,0.08740257528875532
260,0.1969028023449561,True,-41.881784316600765,0.9601737445080777,22.52118867210286,15.237940365853406,-18.40956185971048,0.03546149429137,-0.7945515578768031,0.03513798880345885,-22.259279188807845,0.034733903133114585,-21.08592206931692,0.034376109255546
260,0.19823610234495614,True,-128.84185318986974,0.9605707542193147,12.173148247231897,15.622516959732735,-113.45313522887034,0.03550652727117625,-121.56785212825943,0.03627545777157312,-112.47581363349333,0.03316380452867915,-113.65496414130506,0.03509033206009349
260,0.19956950234495613,True,137.73085512959506,0.9636368696525889,17.117813304992783,17.224514413156317,137.85174363102385,0.06213574482757753,114.30804818379887,0.053205182074298786,143.86008622094727,0.06773265843798583,138.1345789495907,0.060186256881269065
260,0.2009028023449561,True,58.670316852166785,0.9441706442658943,8.4282079344386,15.955857853926982,42.954768847950305,0.07313403177703405,38.765058625250035,0.06960955440287837,44.352699207650105,0.07283354191651951,43.43176177068829,0.07129101529370621
260,0.20223610234495612,True,23.62096914413176,0.9536092279316362,11.426372262497411,11.706096757954906,21.07291092664663,0.07529774350868032,23.702989466667557,0.0784960179596577,21.135687626589533,0.07565950509629436,21.460091700828524,0.0743826527811262
260,0.20356950234495613,True,-8.363128094591653,0.9296011981881237,19.977110050311154,23.180489655035878,11.628850717872625,0.0772004655388502,13.997452247259957,0.11437379867175972,12.061953021634471,0.06526544332314357,11.975077136025455,0.0758725353534767
260,0.20490280234495611,True,-19.07196059033062,0.9560288827737862,12.397646067943953,22.535463550325595,-34.5794924981538,0.03488615201029399,-48.05322560526416,0.047669081832448106,-27.207859541362108,0.029993918562178278,-33.92618878698687,0.03402371739010391
260,0.20623610234495612,True,-28.120372895849172,0.9728296852505055,10.581428578988447,41.472539727202076,-20.822768618594942,0.03079047573720393,-62.11693213795901,0.02474122662436102,-17.04122109420211,0.03777318319322772,-21.076059716840543,0.03111728744723137
260,0.20756950234495614,True,-40.74076610948354,0.974832573484391,10.830933890354707,38.73653980597076,-43.9647594368893,0.07430881877274514,-26.675976334642584,0.06341168243260345,-47.9482552754848,0.0776060747933129,-43.454434327836374,0.07306736103964317
260,0.20890280234495612,True,-57.28561077612284,0.9464407963957457,15.80757347254601,21.091779402538496,-62.75686137711611,0.07191881545135402,-50.87702396313605,0.05575484211980759,-65.0189171318848,0.07712453926748522,-62.52527057040026,0.0715045954391949
260,0.21023610234495613,True,-83.85882470969979,0.9232314137868759,10.184446506576933,23.57782931427864,-56.78571892279642,0.04782680412783294,-39.848001530337775,0.041711101196248025,-60.31228096540416,0.048475620054042476,-55.93099960344759,0.046634710360586036
260,0.21156950234495614,True,-111.86871855714635,0.922487812666516,15.821394434916622,25.567011358303347,-121.18813924000371,0.09068828809705418,-120.89546831709085,0.10165379867069832,-119.76861666552338,0.08515036054370362,-121.81254470367367,0.08911129749955052
260,0.21290280234495612,True,-143.06931018500967,0.8911093425485607,14.70943877416942,17.75812265602416,-118.04710649794913,0.02999228970119324,144.91000967623734,0.021217866813670237,-110.94525065443081,0.042727453310089036,-116.10956041344961,0.029979448308521554
260,0.21423610234495613,True,173.5799121246466,0.9571631490630225,36.8034846350736,26.636352743082217,-170.2217735824984,0.04765764803384676,-171.33656253730825,0.0536713508019703,-169.32126263977176,0.04532444975547668,-170.82334255796516,0.04564397922382871
260,0.21556950234495614,True,149.70768326994812,0.9202056574022456,22.021139530436404,52.99195214290345,151.26566759188674,0.08164563191967131,154.66900817552528,0.08922001593235768,150.42454662794282,0.07911834385306772,151.17425927131376,0.07990703753391674
260,0.21690280234495612,True,125.35106377232353,0.9528055934225298,18.724982147468985,21.528983510821917,146.66829904095192,0.0363356810095053,157.28571393363907,0.03726570746849231,143.47938290499965,0.038242773615399794,146.87026300518494,0.03616946404467254
260,0.2182361023449561,True,90.11842856442053,0.9606495171519,8.120767486514142,20.38902984862653,119.08144767091254,0.04795497637631506,132.744346877782,0.060736625355185744,115.86472019109397,0.04618375613018796,117.4411953735626,0.048555800825925026
260,0.21956950234495612,True,65.46163742592434,0.9667102020785486,16.522175543652153,39.12905028943247,59.652933751278844,0.06635665763688442,80.8042567303715,0.07275380798398019,55.08197887149867,0.06503365726766121,58.67168268929075,0.06572898661746195
260,0.22090280234495613,True,38.95418878077652,0.9644492226459553,25.289443576892662,17.460517092986954,32.69783350320614,0.0747751674887331,30.519492932418675,0.09269916970340607,34.36553020821858,0.06855712819093168,32.73270024115683,0.07436631307185805
260,0.2222361023449561,True,8.674583262411184,0.9508824434691974,15.60178066896122,48.261498413525025,42.740521443568255,0.0504169285266082,63.85394030059641,0.08311307534407363,29.500137240306984,0.04339152131927395,44.06828132832815,0.04983570613365494
260,0.22356950234495612,True,-14.498779111554741,0.9423147342625834,22.04318532842206,17.026039290669413,-4.313203449959249,0.07828566978433607,-8.181910034790812,0.09115172313506935,-2.4150006979221206,0.07445621265169694,-4.32481419145709,0.07660304614297647
260,0.22490280234495613,True,-32.84160127674441,0.956034423269397,9.021684034742988,16.31777794422744,-36.195836846807374,0.037906719433375,-24.43087049967064,0.049917856499397804,-41.84611993255646,0.03260485481970356,-37.874155147607524,0.037663070186414745
260,0.22623610234495617,True,-49.82453329425408,0.9204530635430839,10.195368021287269,10.2580848295261,-68.92227520245865,0.033036803628852994,-25.602009474705834,0.03363113513781371,-82.27216079966432,0.03665761064828541,-68.9926947154758,0.03315149705226851
260,0.22756950234495618,True,-97.87308310577637,0.9509610988745802,13.72397547903391,27.573482020437957,-96.63746641221577,0.08028932914958195,-101.34255634850886,0.11659654386788189,-94.89299422106461,0.06976268162100119,-96.57792164129967,0.08096815918567743
260,0.2289028023449562,True,-135.46477555684956,0.9612874642987753,56.18315428322068,19.420031377178013,-125.8265059504266,0.07173988508396928,-116.75083215130944,0.08932832360033763,-128.9706275691354,0.0675445335672477,-125.69990329067055,0.07052167137495421
260,0.23023610234495617,True,-167.6136771084055,0.9535661384870869,17.002510748548662,23.580111477458598,-134.57046429500215,0.044819278954446505,-172.0450684211658,0.05398006530678262,-123.84534727114237,0.044908891677346574,-136.45045317120648,0.042977970045634
260,0.23156950234495619,True,167.68831802004087,0.9798343056814071,21.521797824735486,18.034742558510715,177.95627918247857,0.07197600404372964,175.95255546688958,0.06074976515225049,178.70164451205176,0.07674461997835026,178.31644589335193,0.07048128161206324
260,0.2329028023449562,True,152.04145869914282,0.957203069290646,11.591291809111523,26.455118915754408,-167.61205749142937,0.037336881501624994,-168.00141049888063,0.027849210490230345,-167.03447386138004,0.03956415879791671,-166.54241872427164,0.03698394334941291
260,0.23423610234495618,True,121.24136921842677,0.9547894673282343,10.979797399076919,24.464642804390614,149.22371688343438,0.03241833085253793,130.38211556202677,0.07172031034146766,168.8153408467678,0.023353929522692773,145.37871045918,0.03253333456149441
260,0.2355695023449562,True,104.0147881509569,0.9703098161998663,18.41403173109134,21.70521292515033,104.29972828461177,0.07347991761173434,85.59649917829022,0.05897734823381301,111.03512136929878,0.07716025822858436,104.82661182528223,0.07261645452893291
260,0.2369028023449562,True,84.41521984828678,0.9511410824032627,10.439855113311134,30.837313762502003,89.2470266614373,0.0889034387131878,76.39372479097526,0.10705412157883534,92.96025120046801,0.08518924632813994,89.40474080404319,0.08755432562144498
260,0.23823610234495618,True,60.26473204061921,0.9565751723943975,36.116977359608605,14.105867657499054,75.35008737578023,0.04270044402625931,106.54620143866882,0.06243995157481642,63.90760032245395,0.040869969327800834,76.80151983086402,0.04105234360621952
261,0.2422366546084755,False,-40.70374475016966,0.9623672219123905,23.400030359359842,33.47997177666239,-21.681024272791706,0.030576571711853903,-124.7198127398438,0.005775075318957419,-21.061698641059095,0.04087279576025436,-22.25868613866836,0.03114058069924229
261,0.2435699546084755,False,-39.320840144432545,0.9731527147277276,23.42475919766376,14.636898446797217,-34.383229050974116,0.0801974272607702,-28.831166692137895,0.1085632567985445,-35.565992935797546,0.07284920791292865,-35.86780180609929,0.07712036092633533
261,0.24490335460847548,False,-34.25907868312303,0.960926226804639,16.07485699505225,22.50754641223867,-18.253459954220677,0.06634246298599894,-26.29491696886368,0.07808169167082574,-17.00225226299327,0.06306067934018679,-17.689374498534626,0.06729959760288076
261,0.2462366546084755,False,-22.59931572712526,0.9449643957417617,13.154061253579146,32.32384126946146,-23.21648090533752,0.040679422182929956,5.159033187322389,0.043948574962820855,-33.31252004810139,0.04065787629494722,-24.268847159839254,0.04060901667441192
261,0.24756995460847547,False,-10.142527584167283,0.938508116524421,14.806589395476733,20.380168897739274,-5.5050805990909835,0.08369556151524912,1.7923009129432457,0.07478720979540503,-6.778120896150973,0.08827294152879656,-3.761971862844034,0.07978892465688825
261,0.24890335460847549,False,-20.549428487747385,0.9613482444794625,30.26663111151405,25.546763715503587,1.3810976589549944,0.034040043300911885,6.762363118174138,0.04448641617920132,-6.8003611689280286,0.031179595765953166,4.015094489004796,0.033351952654979304
261,0.2502366546084755,False,-21.10222463691869,0.9670164239060568,11.711723434636957,18.328334574372505,11.387996277133352,0.03294671162843633,88.47466605257745,0.018461807902183516,2.9400675317214566,0.041804256926946066,11.94279468265534,0.028561297526935016
261,0.2515699546084755,False,-12.895220470139957,0.9589354910749682,12.773967260774288,18.530200455618985,-7.19743062807174,0.07189790719658777,0.7942955840381195,0.09197418064560078,-11.162098644440627,0.06796022158350817,-7.767378359032523,0.07042580894951044
261,0.25290335460847546,False,3.5926362764051243,0.9616416549387868,14.76474273292261,21.805360260478544,9.486534462073582,0.07952679527587936,3.4872052635229664,0.0676569390194599,11.316268922345959,0.0823565804829295,10.886883946528393,0.0772172045534473
261,0.2542366546084755,False,15.353037038605333,0.9647820374764726,11.6883907553596,32.42065828736038,46.96929288530677,0.04001428937993255,35.09610416199326,0.02966589428213627,50.295519570618836,0.04395999977546888,48.51113879363652,0.038891534630301046
261,0.2555699546084755,False,32.58086190295661,0.9644341125227154,15.074634121674066,31.52547684158773,25.010774906159135,0.08290946773561086,25.14346359591515,0.08047448960766974,25.853483129063683,0.08346360736794547,25.33125007977413,0.07856153482622143
261,0.25690335460847546,False,45.99749042152314,0.9565589283863976,22.971130971949325,52.14992585454575,65.0321555282879,0.03046765543701453,41.74108594328329,0.04099350859483206,76.96052519506135,0.030019675677944693,69.69990836017881,0.028547027717694167
261,0.2582366546084755,False,54.52381775337049,0.9589949467131534,7.180163607089787,26.123089647840427,62.94642529513691,0.04482146814119974,45.09017300050803,0.05294487163532833,68.59012209686468,0.045340941152328784,63.18578444327624,0.0433921409010995
261,0.2595699546084755,False,53.44558745436311,0.96653315329541,15.00546220314886,33.647459516441586,55.47373308718642,0.0934924191391335,61.83792708350293,0.11205911595385554,52.884405331424695,0.08877647426675017,56.03300488857512,0.09405719103027356
261,0.26090335460847547,False,63.3477783474478,0.9225630441090833,11.183290048670887,13.296637614475708,86.51811921963834,0.0186214392254281,110.95776307402478,0.026050002833435212,77.78132843667699,0.015364942467769179,87.58096552203412,0.02085084427341644
261,0.2622366546084755,True,72.69513914216438,0.9630258551821996,11.762540051069756,31.116406430675873,78.67051877366157,0.07412594679023374,75.77066507201523,0.0822395359975632,79.55815435184257,0.0714722360089067,78.21817513686297,0.07188880413670519
261,0.2635699546084755,True,70.9873024532156,0.9767645315174738,38.08543486996789,25.80299651830923,77.25560668839293,0.07691727299157376,73.11864911967835,0.123155692782508,79.09157343617879,0.06290241038159128,75.95007419322661,0.07409758817482315
261,0.26490335460847547,True,68.07384889094762,0.9562716586145433,53.91969843546963,31.414373383304856,94.52536615987746,0.04118991247205016,90.04891064874933,0.04650881251514983,95.6193930872015,0.03688559679706054,92.29214928919693,0.03926954749268837
261,0.2662366546084755,True,61.19184264497297,0.9567956956735049,7.370916306088257,29.638362796336665,66.45338565944948,0.030727804420384197,104.21880854318478,0.0393022772829729,50.29772549536182,0.03162022436138949,65.63793502050211,0.028767158456177333
261,0.2675699546084755,True,45.93748039867716,0.9786437649869497,11.353266269370062,27.07294717699732,32.82651148615569,0.07402466581090823,39.48199296338361,0.08070428554312256,32.02132990781917,0.0703850660245803,33.31290063631325,0.07122611266031999
261,0.2689033546084755,True,37.753510498243934,0.9612221793923288,19.956400631685547,33.250223341642425,51.87500981308158,0.0691823210494865,76.02839373501234,0.05485216332714552,45.69179785198709,0.07517758090562543,50.42110130392318,0.06862615100719344
261,0.2702366546084755,True,39.55243604904245,0.9584939595832511,13.98800824435363,25.696145919035,36.5928225013329,0.09486056986324294,18.40221239550507,0.08480220510855029,40.72669623698201,0.09819749189450161,36.03608828320336,0.09412996178503547
261,0.2715699546084755,True,11.360708889949708,0.9764596774651377,23.12253787636718,35.60544160181865,15.983956236303158,0.07070118591645333,20.583745981931393,0.05339438988834623,15.653768840292784,0.07538175933206699,17.805467323350914,0.06794062674314794
261,0.2729033546084755,True,-8.696122123872648,0.9530580006002852,11.306027161368037,16.576455250546612,5.6321103195769116,0.020666027844744684,-24.040651161865355,0.04051237284814848,26.5526802526645,0.014693201463325386,7.150084932725769,0.018995193739783717
261,0.2742366546084755,True,-20.953305309322975,0.9596917482812433,18.63043575677369,31.539954385242176,7.493142580108601,0.041141329010067194,31.370893729832197,0.0437631381401079,-0.8872331744972362,0.0413200118859694,8.345220992396346,0.03597151834506425
261,0.2755699546084755,True,-50.45227658020951,0.974308578341697,11.64617769472223,41.33803576094411,-43.89838375469219,0.08920887836942291,-58.594277129635145,0.12100051269504865,-38.5344021580082,0.08499008911415747,-44.29975225925921,0.08549520790543044
261,0.2769033546084755,True,-73.6547055852765,0.9721924239377204,14.452510020609775,32.310766467844374,-69.47754342441186,0.0609386774939536,-76.81309712386917,0.07700811092755734,-67.408884340359,0.055856649858225645,-71.35344384102153,0.05943253396151495
261,0.2782366546084755,True,-73.77002232580257,0.9714107364958453,16.92302603383656,27.641745368263205,-76.98257622146207,0.08882975853517139,-55.67991326076704,0.08122468183769092,-83.08245294320847,0.09362685312686345,-76.67085322510714,0.08857381509228546
261,0.2795699546084755,True,-88.673855765907,0.9557265197931855,11.216475338080137,25.053468874935,-75.47355059581768,0.0748626145278966,-61.521135047894106,0.08081116167128988,-79.83444951072404,0.07383106298848943,-75.98936939687188,0.0736782062951446
261,0.2809033546084755,True,-97.21474233428437,0.9718726416304518,24.915351319282227,45.087559490926054,-97.07901647976242,0.045896449751352625,-112.1849543792308,0.03166494458522617,-92.64911609096796,0.05124377997937067,-97.28329060515738,0.041736735957586
261,0.28223665460847547,True,-106.57890643788343,0.9869137422626634,8.409440692439398,21.120541485016084,-91.01892413399592,0.05093950996853115,-80.74203519708401,0.031123831783772624,-90.77234098023207,0.05748460987637669,-91.06020129636674,0.047280617851084616
261,0.2835699546084755,True,-124.05297726018979,0.9738160435440663,21.920553985410006,30.945569135878515,-116.3445062691921,0.0693445647598827,-132.72554959989162,0.08146634220521008,-110.07410429221127,0.0673065274414417,-116.35811209152169,0.0699411586063812
261,0.2849033546084755,True,-124.38808666636568,0.9616591360400292,35.15422787981225,24.337455712444495,-108.63799292214765,0.07153471327950299,-93.14000050258763,0.08747594768943756,-116.25509313828778,0.06958997381189436,-109.77453063788545,0.07083786016468649
261,0.28623665460847547,True,-120.04544578406633,0.9164409141149034,9.579787026524103,25.37871057828089,-99.56815668529018,0.03437272968232172,-101.91926464745212,0.05455042087939321,-95.53798386351096,0.02664920932225871,-99.70976838723868,0.033337963486081805
261,0.2875699546084755,True,-128.09853521256457,0.9369531165506281,15.462981023129796,20.37082899666367,-128.1628104828148,0.08880617128232943,-115.46326630945907,0.09713372174346871,-131.9025783837532,0.08469329732387845,-128.56878115882108,0.08506181310004002
261,0.2889033546084755,True,-133.22915853706093,0.9417860275964927,13.656213973465796,19.072385961026253,-108.84045187688142,0.057950930775646045,-96.74206460120934,0.035864436278959876,-110.40012871737791,0.0696244336088512,-106.7772094875419,0.05588409433986378
261,0.2902366546084755,True,-145.58073380463685,0.9416442272513118,20.953674814724806,32.91557692305951,-104.17580746868447,0.04941480484659207,-122.56680765591274,0.041697574676400624,-100.15033837761294,0.053269727910480534,-104.90185246580602,0.046348792264527885
261,0.2915699546084755,True,-152.88441488031043,0.9743575142093032,31.564832696709193,42.218373432426894,-144.29623421818474,0.07674846094727739,-119.42110344879299,0.08241289146345263,-151.68548568147145,0.07489629965164946,-143.09512149498659,0.07423501169905926
261,0.2929033546084755,True,-178.91798820377437,0.9574764392894825,15.636016860511557,18.519050585647264,-114.56811570967396,0.022415929227449113,-91.94059858442904,0.028843984711632555,-125.28513472459294,0.020837899283717428,-111.81066852030344,0.02357263111973902
261,0.2942366546084755,True,156.83666760139903,0.9479985095731828,10.888435051779762,29.55316178844023,167.2241481643711,0.03898972531629407,163.30690733984048,0.02015609111170738,167.0702759834829,0.04571568800631003,168.8866074842511,0.03763247439970718
261,0.2955699546084755,True,136.02092461591224,0.9809097766919526,24.175299988750094,24.544759930855975,157.69475054702292,0.0678205836393727,157.0920644819209,0.0850291305534772,157.67809093769478,0.06396933787838646,157.34034460572528,0.06596029450543975
261,0.2969033546084755,True,121.07450037021789,0.9630796793339342,24.76850848853343,15.764558800956166,130.15793256592556,0.0834029510618255,146.45804286877214,0.07053582451053006,127.8374647093105,0.08958942755209609,131.0672250606402,0.07943342348289058
261,0.2982366546084755,True,117.91359834117858,0.9179596323758308,22.30173456040569,30.74676221907804,111.38485860443616,0.03910503840315065,137.30763083558,0.04890471601623752,102.98942180560486,0.03830174430441998,114.08208269320899,0.03604153538464351
261,0.2995699546084755,True,100.2028822261401,0.9498722360717614,18.248124586321566,25.487877503616666,88.06275933053497,0.0830710877015144,100.04449849494429,0.09736206248016796,84.61244214514711,0.07886577871049061,88.40290952887565,0.08083431181947208
261,0.3009033546084755,True,74.35195680627639,0.9619654902516233,34.309013869389254,44.029187853985285,89.26524425126676,0.0447950642947877,81.40471388307223,0.06741070909197551,95.16601277899139,0.038842041634618345,90.00662658903342,0.04165104475908132
261,0.3022366546084755,True,58.67259984535119,0.9469536274283273,43.5137560742369,37.94720884496421,62.884768049714275,0.026442224974623653,114.53058347655447,0.02468432588673023,50.170995315196606,0.027978897130096908,68.0605699702849,0.02665252284221571
261,0.30356995460847547,True,23.19289550021879,0.9591645581186556,22.14925301496736,45.25693203530548,18.059517773294765,0.08760462638165899,37.18395990665425,0.1190738965692525,11.382499715507812,0.08238628065796313,18.207627258909465,0.08237364364533108
261,0.3049033546084755,True,-14.97104229384242,0.9634446540969894,11.022263989106747,15.104284423168917,-8.683898227666974,0.09284426743406123,-13.14014539038391,0.11124591875118957,-6.645243643725161,0.08817043212257727,-8.951257705687832,0.0917671709690348
261,0.3062366546084755,True,-48.02051873276814,0.9396963751084868,13.970373935449656,30.049783138493176,-49.72043359097365,0.03902306545509546,-120.23644882806367,0.030221147885650643,-41.962447241055244,0.047566970586318084,-48.775464332375556,0.03980698815949486
261,0.30756995460847547,True,-82.10882241816809,0.9198566260239653,18.860869781308004,18.9725121911608,-65.54472830783685,0.07994840188880112,-77.20104663743547,0.102924209741612,-61.43506121798987,0.07380468904189919,-67.727818930777,0.07651511544046301
261,0.3089033546084755,True,-110.24765280438244,0.9675457014127737,20.252614861344313,23.780771148181998,-107.31220058764761,0.03707655879814159,-118.37044475364057,0.06497998618875034,-104.10843637029991,0.029589718937335387,-110.08723610456505,0.03389269128332115
261,0.3102366546084755,True,-127.87903508066465,0.9477324254152455,11.174920723536005,32.79473186333884,-125.96310524166026,0.03333925411122845,-111.33454479329238,0.031504468447580584,-129.8471587828324,0.03279105400061927,-127.2708920886623,0.03115464699681277
261,0.3115699546084755,True,-174.61200544794866,0.9706794564741064,11.083924183072204,49.243728031813426,176.75846085595248,0.07764427410958646,-176.763990490174,0.08438406719899937,174.4499045405613,0.07658408689154626,176.14540914884748,0.07281180223756832
261,0.3129033546084755,True,159.3009054961025,0.9155802974265739,20.307749995094316,33.56697538189235,171.99989359409452,0.07142761591037536,-173.06202887297005,0.0699303150785051,167.3873909124353,0.07286972560180965,173.52272088250325,0.06847902474948557
261,0.3142366546084755,True,143.63793223060955,0.9631464342396358,13.964224486933915,26.986915271892606,164.84220275076171,0.042760268263710495,161.93602201611344,0.04468613440935293,167.38738705317698,0.04263326259162907,167.56240633024834,0.03887955998201914
261,0.3155699546084755,True,110.87224742155914,0.9338738097382749,33.038750513371,21.358238057296372,107.54298666580156,0.06949116975038955,122.27252901845137,0.09537702915652013,102.85908857835544,0.06506941032359298,109.47771474172843,0.06814657242791693
261,0.3169033546084755,True,98.02733638395316,0.9639181355919163,17.892536559708606,31.121087267533017,103.42042991070171,0.03318641412091418,124.33394399678934,0.049633156992106145,92.8454341955371,0.030228706058974892,104.60339247195675,0.03058601288582386
261,0.3182366546084755,True,88.63030025548667,0.9591201366768303,15.09874486328041,15.718534272935356,103.3449580863709,0.03916241939326471,142.20935826751332,0.02646225923978311,95.91449329408617,0.044269755079882685,105.71835983280587,0.03642062446468533
261,0.3195699546084755,True,100.44594427971678,0.9600261794027233,11.72921332415692,22.41120264988585,93.73515457068072,0.07496738173693092,97.42807133594066,0.0819196252776222,93.95872054959214,0.0731351810408453,93.95900748658019,0.07329065566131343
261,0.3209033546084755,True,89.72746577419035,0.9823893623139539,21.729339611315478,27.31168095727218,120.83867609725266,0.046836032372744335,133.15339434360294,0.04761737753564131,118.74147292225095,0.04682407818038395,117.64718824691336,0.04537746679377126
261,0.3222366546084755,True,74.14130262588874,0.9820174424476391,16.148164940732645,66.54041253799437,88.20690484868537,0.07924822361040687,91.06592188242668,0.07766080797680684,88.58613529443893,0.08028217982470207,87.05672872400785,0.07474250921573294
261,0.3235699546084755,True,68.24233826217574,0.9457599930809003,13.971541791877899,17.41935054506925,81.85188155358149,0.09730858102942272,67.85748422618927,0.06963834767138519,84.94844975523255,0.10689964284441411,81.12128449863172,0.09410210147878523
261,0.32490335460847547,True,74.16458173063522,0.9506497711002851,18.08562066146713,28.826867066884045,75.37732922223098,0.053784719199594266,91.52811731944121,0.06514681326531055,68.86027144473167,0.05162129460377157,77.78254236235479,0.05152633852731501
261,0.32623665460847545,True,83.26087057668748,0.9766221511743597,10.005080704994999,28.098767121333953,107.70966837524941,0.03200000283550788,168.9811886824789,0.03872673595411969,92.64272408209973,0.036287138736381154,107.14667860093586,0.03203695842649638
261,0.3275699546084755,True,90.10031763942104,0.9692599426116218,20.739250366582226,27.53924864479798,91.98020136263719,0.08910381907688422,92.04409099319305,0.06589871688036644,93.04136403484992,0.09619749551453381,92.43567826454907,0.08497653057940487
261,0.3289033546084755,True,101.66291344798488,0.9711829883284855,10.288532104582075,44.592793819925504,97.26851926123467,0.08504851692845798,129.5476886079924,0.10583702969577093,86.76733762352609,0.08558059912409303,98.0974060739698,0.07996532673840384
261,0.33023665460847546,True,110.58024740579519,0.9485602955869389,20.576798819268937,19.273479222943976,111.0106184692712,0.07172825956958705,120.27398453835758,0.09544865858172792,106.94364344406279,0.06622678828179492,111.05241474341433,0.07036516237987754
261,0.3315699546084755,True,110.47711631070594,0.9529595391051443,14.492730253999694,35.363671756879505,94.09042197767904,0.0679678689224151,93.11216632781624,0.0474219904045375,94.71847980155906,0.07523179570037197,93.96836137082354,0.06521705488902903
261,0.3329033546084755,True,117.90605588810062,0.9639689448299524,10.282466031216329,53.46486474838342,132.0350803642809,0.047858585958934184,102.36189238029003,0.03839278560837668,137.16902691317574,0.05191064735117753,130.45501336821695,0.049594577258304545
261,0.33423665460847546,True,135.52706105418528,0.9462259527677234,11.595568948866097,23.975317428748575,150.5602075645965,0.03919922698584729,-169.63569058093566,0.05452570179360058,134.93623270131096,0.03930731160140887,149.76147356312657,0.037288142890547785
261,0.3355699546084755,True,162.35069023269196,0.95178149893412,18.2624708601282,29.051580704233327,158.36251343282999,0.0721744446585647,167.12143266734137,0.09753103536944081,154.11508160165556,0.06751570697660328,158.10099499421318,0.07191443268290858
261,0.3369033546084755,True,-177.69437005056955,0.969209217581184,14.616426724723896,19.424673000759604,176.3053817357525,0.08020132286697235,166.54368580782236,0.07763501737989252,177.03662676632246,0.0823816372237645,176.30355058505816,0.07658907439461972
261,0.33823665460847546,True,178.6943880532034,0.9324239607764971,11.632169822346771,14.139846395987062,-176.6603760465884,0.06773429682544486,163.9126566263766,0.08286084844147681,-169.29033302969563,0.06425049726873654,-175.81418432357682,0.06420513698835707
261,0.33956995460847544,True,175.86424455968654,0.9628478274681053,10.954058388503627,17.766913674467837,174.00286871345892,0.07813833314603875,-179.09312858355682,0.08273822067959048,169.66898229681945,0.07569096088714689,174.0322406860933,0.07580584784077588
261,0.34090335460847543,True,171.80031955279375,0.924919005312862,8.858800765627324,18.387746124212086,-155.92998059584335,0.038983010097762595,-155.50346765045092,0.03619906943753914,-156.9552140653708,0.04021967336797461,-157.34427283388555,0.03626379558856486
261,0.34223665460847547,True,-179.6581251922795,0.9382837982434219,19.113815987530213,15.676528812396494,-177.36630426241834,0.05017823755740191,-156.13416370565022,0.07165498443910837,172.58695798255926,0.04578739401043167,179.51367569946305,0.05049836662765765
261,0.34356995460847545,True,163.84451939218647,0.9608995488515818,11.860961988791793,14.322578791139621,160.87855120149356,0.07698739047268933,165.53131438301475,0.10250864672245746,157.38393530131333,0.07002913649349382,162.0245085917739,0.07612017188339412
261,0.34490335460847543,True,-175.27162105710548,0.9685761920860164,10.852764092635724,12.417534636888416,172.325205576062,0.08797216850957035,167.97628078765047,0.10026996700255185,175.3580040384736,0.0844994154273956,173.29167217348336,0.08454762877291574
261,0.34623665460847547,True,-162.7413146111056,0.9671627478576005,22.377747129595246,30.82272431158513,-167.21008882963736,0.07924259026868764,-165.21870180514733,0.09964382648311249,-168.1526963574585,0.07373598060653597,-167.23091178396336,0.076567699048938
261,0.34756995460847545,True,-172.43685443547864,0.9770617983541736,9.744184546587046,16.584427953109408,-160.8293461143575,0.06678636073386447,-163.96374026864416,0.0718697424129221,-160.55808639730247,0.0657107457948611,-160.93171518044255,0.06851407950394042
261,0.34890335460847544,True,134.76548283546384,0.955850207136364,23.995833219868878,37.45754309367869,163.38407307602702,0.04393826369465689,149.03905045917756,0.055146012521644305,169.53376556254182,0.03945583563026773,162.0386225478068,0.04147563830216389
261,0.3502366546084755,True,139.95515757912278,0.9176321661862802,18.34878521203638,28.990885084554858,138.15167250385178,0.027163898428134572,178.33716018991223,0.05480312325200448,114.30907548269968,0.02512684994220196,134.26698275466583,0.028376493354847335
261,0.35156995460847545,True,142.91202012749508,0.9734433399335455,32.28424479530689,12.546296678848863,145.10460993175505,0.0883776118652359,119.2050222052902,0.10365291319798202,153.14428240608174,0.090903481929538,143.83839463268697,0.08351499596935215
261,0.35290335460847544,True,142.53474721834215,0.9357945109100287,21.657889241448565,15.516613051584688,142.93890607432382,0.08264515716157941,145.6737381673474,0.09367616707624561,141.9641040725789,0.07804176072362178,144.42626214400119,0.07989526892468167
261,0.3542366546084755,True,159.89941805592133,0.9369629665893895,17.988483690065358,20.745516154442413,157.68746499890034,0.07883786310223767,144.77921929286416,0.09941567443776067,162.12335946493968,0.07503450122632065,157.5901153537379,0.07400718597009072
261,0.35556995460847546,True,167.77796133585903,0.9778563635190575,9.47765078066682,17.372365042006088,179.28717561219887,0.08377859888444565,178.95434716905493,0.09932778611760743,179.38263562299502,0.07823791526325086,-179.34438323213553,0.08214186375147604
261,0.35690335460847544,True,178.54658127566765,0.9753050194782559,13.740537134496625,45.93340875737961,-151.15926033960844,0.03658183776483016,-86.87133650667485,0.059666781669994444,-176.16741849712255,0.044172264848710965,-150.96120464281046,0.03513287446270381
261,0.3582366546084755,True,-178.81518691785791,0.974123038733303,17.312942669727406,19.83442759709843,-149.36768902514504,0.043109614374184306,-167.54577259622434,0.06296413145724834,-140.96437104472966,0.03842397625781485,-147.8765837184592,0.04161532767044317
261,0.35956995460847546,True,-169.5532876989603,0.9662528546661303,12.455343441715513,14.676681664904931,-154.6816234582899,0.07662884638009616,-144.10997523877418,0.09614212959415144,-156.91118616380137,0.07181587760877056,-152.68130838045965,0.07371624276263018
262,0.3622371207536246,False,-157.4310163090221,0.9393414308390194,15.912837365329448,21.731603188102525,-156.67193159038663,0.04961343595816759,-154.77957079732332,0.05087092324948941,-160.2787503230608,0.0474302078914939,-157.11161520973772,0.0476446708056383
262,0.3635704207536246,False,-162.6895791167649,0.9600042803715917,11.281054584296543,24.3242984650529,-163.8981372106451,0.07875255281390309,-150.6872619656314,0.07295124155821535,-167.1418654316977,0.08110905294256433,-164.37150943235943,0.07833368672309833
262,0.3649038207536246,False,-162.42244203202532,0.9678703760130882,18.216168114143777,33.46445400852975,-169.46648329085835,0.04869713439581647,150.74562962058644,0.05202807107785148,-158.31105725677284,0.05286355971321262,-168.23593032118853,0.047592037896301106
262,0.3662371207536246,False,-159.25780554423295,0.9593267912010547,18.430862224378952,25.86118090973509,-123.88101424329925,0.014935499778434348,-115.4015958381824,0.05025689267303212,-128.76934993354638,0.003764140785725567,-122.26889491461904,0.014245871791969235
262,0.3675704207536246,False,-156.0998845334303,0.9649312256704448,18.02918172548816,31.271609840160444,-154.4113929693215,0.07048332055655472,-142.69515040247234,0.060990510893859005,-156.70952402932517,0.07419252535175191,-154.67276693804413,0.06904568361774592
262,0.3689038207536246,False,-163.43707787551904,0.9607150675987779,13.223607343192288,29.126779032127843,-143.31449499874014,0.03574102399276897,-174.50869340309674,0.057129672228308,-128.02900734505576,0.03191595191519448,-143.3581346689684,0.035295979993037165
262,0.3702371207536246,False,-141.04380724662605,0.9315756200394508,28.370223223080497,21.96278978840243,-117.12467859051964,0.04302293547529884,-132.15739709007173,0.031007851523415817,-114.47176220904934,0.04635903433940492,-118.53178389755928,0.04086052969544255
262,0.3715704207536246,False,-139.3360819606501,0.9558899216402589,10.496113715141822,27.248616225974224,-147.73235091046536,0.07395377138109054,-170.91701051415072,0.05522716666177809,-142.84849557983776,0.07859232225551104,-147.96228888751708,0.07192813228266502
262,0.3729038207536246,False,-136.30413961558895,0.9768029091526232,18.101749635206424,24.638991238677573,-135.08937501157004,0.08387422957380883,-145.04152035102643,0.10584892043261036,-131.13340076924916,0.07813057357429123,-134.98352779696526,0.08277693161405696
262,0.3742371207536246,False,-143.03248581869403,0.9503655015815299,14.161117526451948,32.83595791836102,-123.37936890643557,0.029308976229988293,-80.92602084037358,0.02347943716144332,-133.07167367824195,0.033676347893999786,-126.53151128736526,0.0282283917291911
262,0.3755704207536246,False,-121.88034144713146,0.959527148071431,19.258188750680983,34.79409142784857,-130.30898259466042,0.08277078028802547,-121.29588263286668,0.1236025368082992,-132.32072702952928,0.07118726860346691,-129.5854944811333,0.08056798254739862
262,0.3769038207536246,False,-113.05568826198046,0.9730342413371356,15.316465748178837,19.41989899927712,-105.4016878137182,0.0399104463755575,-63.02816452904602,0.02734240702972851,-113.2917876579986,0.046125555237981584,-105.5172017658053,0.03986122370887144
262,0.3782371207536246,False,-91.10290242862413,0.9503968682296577,19.351990652488894,42.531966006514,-81.14794870997693,0.05096274933994902,-70.57352881469019,0.06020884586381595,-83.709963514411,0.048874742172988046,-81.3662139022774,0.048029591642632555
262,0.37957042075362457,False,-80.99478963361024,0.9773776368118066,17.778470949711842,29.544996654251165,-82.23142285681438,0.07939958838469821,-87.25482986507825,0.06874810958472227,-82.45926814999237,0.0823720223917421,-83.17735721214027,0.07814553964994182
262,0.3809038207536246,False,-72.07464895995427,0.97408147220301,57.20264338288806,23.071898997445594,-71.4452676169749,0.07663198844189462,-69.38479305055297,0.048452070010474836,-72.29129799528377,0.0841142716333285,-71.8924174751426,0.07376718935631531
262,0.3822371207536246,True,-66.4617615451051,0.9595941724841729,13.852449169675216,37.85786751470103,-40.97314374756268,0.02652220595471035,-34.73635906533252,0.062351117501075234,-52.822585689929944,0.01528306221720246,-42.88080620698395,0.026460479037129957
262,0.3835704207536246,True,-42.79379943824386,0.9795142387776047,19.813697300879134,30.265486389978758,-38.694834163123545,0.06959568043958943,-37.22217832613933,0.08228847254390292,-39.091148599197155,0.06556952855552316,-38.76638972900921,0.0697671291990794
262,0.3849038207536246,True,-31.591379600365624,0.9307046503473742,7.582843431976543,15.02420547808107,-33.5067223107492,0.0330058671682477,-6.866996905017639,0.045794899024106966,-40.90010981375121,0.03194920905443085,-32.20676182516709,0.031108502765351237
262,0.3862371207536246,True,-7.751426940104995,0.9624531915021117,15.22497477658645,43.72296011347408,5.02074026766767,0.025199314102948765,13.063034559875163,0.04702245079384376,-3.9832839457754976,0.01977156210397693,6.467692476922447,0.024173667730462214
262,0.3875704207536246,True,-10.237123865764284,0.9712542034951643,24.844736079542834,24.995241702943538,-14.983019609453335,0.062295376859805636,-22.967942986448822,0.061952748384276904,-12.389688872103001,0.06492049328990233,-14.702617596641206,0.06020002361011023
262,0.3889038207536246,True,-13.22865930210389,0.9681734195735561,10.256993269948433,13.98188136943777,-19.73630240293148,0.07375041998518493,-27.27768852122623,0.08231387116938212,-17.945904148348944,0.07079604913201581,-19.224746911378595,0.07133601741445109
262,0.3902371207536246,True,-4.880695049609203,0.952089464044746,20.768157110707467,20.492294257626405,4.399465157834607,0.03309985556939081,-43.74096663994701,0.0347929819957546,15.872054049220017,0.03678580667864578,4.737784516284982,0.033460667295172775
262,0.3915704207536246,True,-15.778740430571105,0.9562098144066256,13.62465568822171,27.113508630957877,-1.3655437082156316,0.08467461171834377,-13.269191715374399,0.07321843515236977,-0.17982990895251053,0.08630455459775764,-1.6327347992571581,0.08427492772639916
262,0.3929038207536246,True,0.8371973486431957,0.9503598746896097,25.375625918589904,22.205414817839532,16.2883496669883,0.03582762609684645,-2.292829454544037,0.018907227360681185,19.558613697460903,0.040356609582689586,16.911517967089335,0.03465280770196852
262,0.3942371207536246,True,3.1443196065395487,0.9810763422876395,10.142798974374234,27.205212892139286,8.13961078400443,0.06356761085946676,-1.8997509386214324,0.06522080203015124,11.080735444095358,0.0654503267675406,7.627951227500832,0.06269077997249681
262,0.3955704207536246,True,15.733897265330627,0.9885054992405252,20.429133644948966,17.710495222462505,23.257837437947135,0.0918454681085401,13.384763423809545,0.12974298330106113,27.114740129622717,0.08174563211575203,22.75887191859903,0.09213545777310439
262,0.3969038207536246,True,13.267419892097838,0.9473148438349949,11.997418122652334,24.062651089351178,15.771010406413826,0.0897929235738156,8.540451607795795,0.09633622214973939,17.959337884369088,0.08879619391348838,15.43824216723664,0.08714999776320029
262,0.3982371207536246,True,14.00941964604499,0.941025681000431,30.557859136984252,22.068067741753474,19.500996279691883,0.0416248708945167,-25.564016522247698,0.05605987075261043,33.78892673509252,0.04269476138529268,19.474726198144197,0.040497019585532194
262,0.3995704207536246,True,16.255873885089372,0.9631549779008711,16.323307603478696,24.22903003317205,13.251989358299447,0.08264809263971487,7.644284355296773,0.09046783838587116,14.957132429378715,0.08147813416462227,13.184282960693896,0.08095301573366212
262,0.4009038207536246,True,18.837621020835986,0.9672790143718414,21.118374656567422,51.75442297576398,34.4453022764502,0.03161912216857504,74.5416417472108,0.04110729555417682,23.680591600753683,0.03136402528698853,33.11518159347466,0.032502322377145926
262,0.4022371207536246,True,22.124615093134594,0.9590066314214907,29.79971699957977,20.324975779102306,44.69940674451539,0.04470023966060301,57.526269169890604,0.031065108257964297,44.69426533590495,0.05089130985361524,46.11425580782207,0.04631130641321433
262,0.4035704207536246,True,33.274285529512944,0.9577722318656261,11.586449875516443,22.540571840412085,40.34933719506677,0.10677140227111413,36.1240492422044,0.10291717319134751,41.60826934976689,0.11123122653363857,39.48009059761426,0.10530135399294618
262,0.4049038207536246,True,32.621763252691856,0.9264388292751521,10.25943651904778,21.731749052520758,46.706074113855394,0.08109215301991238,35.7181392880187,0.08526174891227814,50.183808145060205,0.08106366289923488,45.99433817953388,0.07933187362180685
262,0.4062371207536246,True,42.58906554129067,0.9712487545325997,16.71718409626018,20.91555208851574,51.13918019822776,0.043126291986321036,43.844164134559605,0.05795727245766837,56.00315234976432,0.03736130806438088,51.642262839834316,0.04185002965280888
262,0.4075704207536246,True,28.99759323997082,0.9267719735764364,24.37908364094892,16.478495846619868,40.95923194064469,0.07633228523951459,59.90458588899796,0.09716079739558312,32.01765277225077,0.07336452237005797,40.647036775345256,0.07417398806101962
262,0.4089038207536246,True,24.029655757291685,0.953672311734177,23.004990999002757,25.093330976219132,42.64170108534374,0.04383100904162147,27.500329569676207,0.05941148596706816,50.59332135285711,0.04090403966471427,44.64648272146979,0.04216135228287657
262,0.4102371207536246,True,15.784745727001944,0.9619270106344063,16.23526678710006,38.41582205299536,34.49327540825032,0.048095837951204735,37.59166407808343,0.09792716028145855,32.12911315271602,0.03425837555266581,33.96467807328776,0.04551849598795391
262,0.4115704207536246,True,-2.6380623820103724,0.9798102790186206,25.169554414103455,38.808768937295646,-2.66969010197292,0.08499253021948439,-6.226477851421686,0.08237122916782884,-1.9653281699123784,0.08503187016084122,-2.3850888318310033,0.08175554819432007
262,0.4129038207536246,True,-6.518567578110113,0.9624089639615926,12.140428927486413,11.427058905983392,20.65848867242235,0.0341978637255713,16.5928889586937,0.04155956141554107,17.922050243135562,0.03053634708419934,18.566277930064324,0.03263828982252844
262,0.4142371207536246,True,-3.0937109608387163,0.9478731534429216,10.921484464839839,32.8756504659784,2.708371888363841,0.0871253244747271,16.339553964561272,0.09418962570356382,-3.3153601893783273,0.08545337638810521,1.2235782555482924,0.08446005089087989
262,0.4155704207536246,True,-15.009635665821085,0.9755011545754502,44.71627200862993,25.39140501881415,-19.034623514963165,0.09049609055005318,-17.21564022850129,0.13323298597104433,-18.952842068070463,0.07702517608536326,-19.050074771800446,0.08782223973013606
262,0.4169038207536246,True,-26.20753878294162,0.9247422657776857,12.369744095152495,26.021401349218372,-9.76678598411582,0.040500163364422685,-0.6044886329896062,0.042223459813490884,-13.710583398141711,0.040612202241148546,-10.494754515270074,0.040674679051512584
262,0.4182371207536246,True,-29.44964541776593,0.9520024120142454,14.882143323204897,26.79095242966218,-3.22869212606739,0.03018739866301481,18.12622679851872,0.029961323486563277,-8.841732631320685,0.0323775964105082,-4.285159456848548,0.02932277972241262
262,0.4195704207536246,True,-44.09603130160251,0.9670767768737812,20.431170293531448,38.09715630229073,-45.038835480043325,0.09113707443529426,-37.290232089667604,0.09833445930297634,-47.7986628249847,0.09101420520606578,-44.440186745416035,0.08864671962820658
262,0.4209038207536246,True,-51.77720442521209,0.9619268885050577,13.27942601293789,26.345097558599893,-30.803989842866812,0.037311946255870185,-12.732782775900029,0.0431860587416184,-39.94873041295352,0.036305818567950995,-32.10373074448191,0.037698824829219144
262,0.4222371207536246,True,-47.25356608283483,0.9797253594233092,10.008579989660575,20.15829234157512,-41.591721548501944,0.08906859849627091,-30.795988444533105,0.06894640913813911,-43.64382263403657,0.09510375175434965,-42.91234364417927,0.08679625293673626
262,0.4235704207536246,True,-60.24155184866064,0.9493478957187858,19.687409387285285,15.615728512462274,-67.44827475284416,0.06919619305807083,-64.49699945805723,0.06309844932518006,-67.57490097212724,0.07226372690184608,-67.03383408280328,0.0666065063804195
262,0.4249038207536246,True,-62.538439555629886,0.9445168532340705,25.14954225392865,30.91442901831504,-39.36679481451557,0.04414273765433361,-62.79714545235297,0.07026315650384989,-29.21826385763455,0.03860862487996835,-39.745532306188856,0.04547340933792051
262,0.4262371207536246,True,-93.07187508528962,0.9758829127353393,12.364602838827913,30.620984320690155,-77.41127135221019,0.04306475611975978,-84.06313978348872,0.07393975159374967,-76.73123764875731,0.03572073464958729,-77.59050726882714,0.042043448962424665
262,0.4275704207536246,True,-122.40835915667819,0.9485368514255355,20.0501172041272,29.936737468158373,-134.78578432524475,0.09095256235167754,-143.6046556889869,0.08442895798555898,-133.33864603112846,0.09285897603689963,-135.31925621615355,0.08894103481945517
262,0.4289038207536246,True,-134.95406079531213,0.9523292135082796,15.073217224968726,26.833679568623257,-122.98096705302663,0.054195527682509466,-84.16814880990442,0.041744252371503095,-131.11440020106824,0.060035902163614194,-122.00391262759972,0.05343251615263507
262,0.4302371207536246,True,-144.72038754306226,0.9299365294195321,10.352678297911813,28.42844539097431,-133.2560128127592,0.09695847087559979,-127.40096436206596,0.11129563952065573,-135.67719815428978,0.09490906710401414,-133.04946488692934,0.09429753179633456
262,0.4315704207536246,True,-147.13014991865282,0.9686020574441826,14.790044401023367,37.937916554950554,-147.73902188390613,0.09860066405958362,-133.9033037038686,0.1047057889991337,-152.1682824534665,0.09844637378587673,-146.57902671283344,0.09620760066831233
262,0.4329038207536246,True,-152.83385632232722,0.9499709114393777,28.711964677381328,32.151959755248804,-152.53193012851742,0.05349396046187913,-163.88977611659396,0.03386684877527657,-148.4175867919835,0.060975749396394906,-151.6975673543889,0.0513726683653004
262,0.43423712075362464,True,-158.35846663603706,0.9421525967978555,17.894023681050484,21.187956407066334,-156.43295071787009,0.04832899820176538,-164.30644060406797,0.05740124057484478,-154.78223842641847,0.04640481663059261,-156.24986138868704,0.04622001306949941
262,0.4355704207536246,True,-169.85123511477946,0.9600505330416755,17.12199828938757,32.54647631072469,-168.66117421289601,0.07488038497111293,173.65303896198276,0.08055664333908233,-163.47698383920272,0.07684960585229987,-168.03068226699804,0.074965930608151
262,0.4369038207536246,True,172.7671573913355,0.974612085596784,11.232435896391113,27.80702541421322,164.44904352376057,0.09712376068113378,166.7602574727787,0.09333409534169217,165.04916048881103,0.09795354118138819,165.0087096009181,0.09467510022976318
262,0.43823712075362464,True,159.26308462717586,0.961540993001228,30.203900766485585,27.970745181479284,174.5568765536364,0.05984652282961305,155.93830451274835,0.04973013374323814,176.54547702567868,0.06459771258791863,175.17753317122364,0.05821992884515219
262,0.4395704207536246,True,161.46699162020596,0.9725882030338407,16.5644718168373,39.9064666347235,175.6215253134998,0.08337894574270667,170.41940896673125,0.1053840192650962,177.31488109158215,0.07666764529272403,175.23682693866655,0.07998733670196759
262,0.4409038207536246,True,155.1564733321236,0.988988415526055,20.389273454594374,23.32514883257289,-179.21948791065657,0.03700700730165663,-163.99850493976783,0.06771527915068737,171.4929203239256,0.028170328076075463,-178.24345992414862,0.03621874662013465
262,0.44223712075362465,True,151.30849767800888,0.9469270805264661,9.988892971687777,39.860585975536004,170.3552352572652,0.04704957425166802,157.09791889095237,0.04072173663154183,174.97254898862747,0.048212682292293016,171.57438745273654,0.04548934324035859
262,0.44357042075362463,True,156.00543995421899,0.9734971826334549,21.968122935168832,19.715243676973692,158.98971711455604,0.09536043540955522,165.07969289460723,0.09893440448480573,156.98274506117335,0.09484456496144913,159.55934198607403,0.09308644416453639
262,0.4449038207536246,True,150.49725430802755,0.9582790645517644,18.193542035578176,20.506432984491642,154.3189797094007,0.036185797255549615,141.67096085423844,0.04452528632957544,162.33686506501292,0.035320700602319975,154.01534795181624,0.03602137004707551
262,0.44623712075362465,True,125.81636263277522,0.9595334830689879,13.731971021264494,34.37257419946118,151.4763291282752,0.05110232663682352,170.78217230257303,0.02767186918293594,148.25750203783667,0.05700640514578769,151.19939266155495,0.0495789671035496
262,0.44757042075362463,True,124.58373856272117,0.9671029492099759,21.097606085897056,27.236663658794047,126.82499613530545,0.08570868709036518,116.6762961261621,0.08263164856777751,130.7123288539764,0.08641953319957102,126.64081033826001,0.0830544275815607
262,0.4489038207536246,True,120.21811567215187,0.9459731423432356,21.391660368935035,39.761087202016896,125.26490409292349,0.08277426480590344,104.82672484917613,0.09540388028750087,130.890073726642,0.0823367894350226,124.391731386716,0.07967424284774971
262,0.4502371207536246,True,122.99949423990796,0.9273379900755325,24.469600211856676,20.962209851810893,137.34538721622627,0.025870379514879617,156.78099557852735,0.033628981664131107,127.64931874976317,0.023071466825429095,137.17403864035813,0.027384078733134698
262,0.45157042075362464,True,110.47138610507861,0.9442568191307841,12.195361907909268,19.377854411494074,117.30878172654603,0.07638403030812456,139.60349192474789,0.06648810342821272,113.3491078120744,0.08098143492505769,117.17427149367448,0.07571726742649151
262,0.4529038207536246,True,106.33126377214819,0.97904695755281,13.975711728654378,15.430379959509578,110.52842278826546,0.031140185473669695,146.6815020299216,0.03028118698581044,103.56839150557848,0.033253152790577764,111.06657410262713,0.03123487956310942
262,0.4542371207536246,True,94.26381232206809,0.9333242415303932,10.699461775626107,19.92890511511422,105.58585392206804,0.024655716351786667,48.903444245092075,0.044335103989555244,126.78992573270459,0.02785000790746065,106.4406569113841,0.025932786812220072
262,0.45557042075362464,True,122.71005598331259,0.9719638053615524,20.789787350634967,18.502514577412757,118.64969633535631,0.09067186435224132,115.44057168877588,0.09071614609847262,118.69781289551685,0.08916048188201585,119.03769700475272,0.0875291943248887
262,0.4569038207536246,True,117.41706855981157,0.9087220963992555,27.03358850157354,20.949498241639116,120.60431368816953,0.08548762113939591,105.84080366705781,0.10271077641955487,125.36180841278848,0.08126001167501022,120.89478625437154,0.08272463653490217
262,0.4582371207536246,True,119.68922831233918,0.931440238098589,22.3905851315023,21.461401107527507,129.61797445383812,0.040939560294214375,154.36246824230642,0.061966404695206624,116.8065322116422,0.038486212964137824,130.37080020641733,0.04077506017568605
262,0.45957042075362464,True,111.97963965336749,0.9504135203254931,13.768335949371352,23.242057917674973,104.9690215455694,0.09548146553469716,99.88643386866964,0.06414914826716799,105.2431972610766,0.10466194337631782,104.72636553143404,0.09386314571188634
262,0.4609038207536246,True,94.84221382523779,0.9458524201654551,18.507102664653527,16.924732574369546,136.83657971707143,0.05138054775887577,143.01562340822818,0.07705556005207959,130.72599166033547,0.043448218736725164,136.53479446226697,0.04877914888548868
262,0.4622371207536246,True,93.18011577684877,0.9581124143006068,24.618559134151244,13.47662989348158,112.23108857956953,0.0514386074718956,134.67991108442254,0.055753635829557134,104.24073771425235,0.05265300038312288,114.25776651495023,0.04913453251692222
262,0.46357042075362465,True,73.28881637972455,0.9513408597149288,30.759437562032016,65.75771861723744,86.70031559638812,0.07819419705686358,94.50939990528876,0.12310476351391478,83.09908441936302,0.06571242173677999,86.66341886125055,0.07596955228333209
262,0.46490382075362463,True,69.75174182683085,0.9528701744658541,14.139472016868329,15.295270618920929,76.9828199308164,0.08789508997272669,86.55273880057702,0.06853918741068164,74.05076490738159,0.08942496371795852,78.86198118729835,0.08424168887869969
262,0.4662371207536246,True,90.4809844270644,0.9611774668193865,14.030427787485182,8.360158445005164,111.23979456048168,0.03390906365384669,113.72550649648221,0.03171966192425263,109.25492897838276,0.03500097618390601,113.29972551438838,0.03255268933734964
262,0.46757042075362465,True,99.97848452569374,0.9697523751004145,21.28267493288255,15.474941347628363,103.40072186855159,0.08855020851628259,86.69415274573534,0.10432933628188475,108.17527795651795,0.08754169820612885,103.54937245293142,0.08651644948090943
262,0.46890382075362463,True,115.54538876648296,0.9113307597982692,23.738295508323915,36.62318212807888,138.29109379509174,0.0426852236873814,137.72251557618628,0.07077733622057283,137.59502387334695,0.03429718200084227,139.34997014553952,0.04139095296940055
262,0.4702371207536246,True,112.9131128908588,0.977593583478945,41.27656699982116,32.99149483804681,143.18001015329526,0.055720417455442164,84.8646183656748,0.03800448028834164,150.83840271980623,0.06450728193569215,142.18288272404325,0.05382701646880993
262,0.4715704207536246,True,140.8247199736019,0.948472837220901,11.66791841337898,16.986511093253913,134.42095029260537,0.07277270577870741,134.7067922624249,0.08557271356055679,135.09639352620707,0.06909144992691861,134.61903992751786,0.07069104288558498
262,0.47290382075362464,True,149.9356958676275,0.9741760913751576,19.210041917684638,27.58733877923891,166.81749876202696,0.042681006805926305,173.8280296499825,0.056506245937604525,162.7245528810016,0.03750162707463018,167.71796363493726,0.040883531975179056
262,0.4742371207536246,True,158.05050452526817,0.9803188443199565,13.98563005010806,28.391013968548908,151.32958400067847,0.08559681369294976,123.84105642609076,0.10420003485547641,159.01553506628127,0.08206643120002238,151.95287825964286,0.08308752517118105
262,0.4755704207536246,True,147.61867861991195,0.9749959869894654,11.727064444841329,26.21154623055904,145.15139432519166,0.08438315199943083,146.13976147637138,0.08586645897219734,146.1170226932031,0.08374930377180888,144.59233619009504,0.08244154433996714
262,0.4769038207536246,True,164.01262987220218,0.9732791810906057,9.25905715340455,40.13188510008688,174.3563518630139,0.05810019257302614,175.55886852801925,0.07381755285153448,170.94554434348225,0.054871485532134556,173.81950552959535,0.055204919918842965
262,0.4782371207536246,True,166.17579042739442,0.9707131245955719,11.372038807544374,17.861291671013035,-174.86542624078908,0.04416147372387725,-165.7935823070504,0.07721296383517529,177.3211329227316,0.0359723353601733,-171.24226730045632,0.04200148434061834
262,0.4795704207536246,True,-174.80108899683998,0.9473251035680353,21.38626936266471,29.685880144567996,176.8972378030715,0.08144635571905212,-158.01733991888153,0.11231943527566284,165.97753595932224,0.07657089482280605,175.757099493736,0.0806672599646853
263,0.4835709525851879,False,-156.17711708721527,0.9617347518427637,18.563931595349192,46.40352003352713,-141.96055342493545,0.08706099924799583,-121.87863633246562,0.0708009621881439,-146.25987692397135,0.0944029200739301,-142.37944392257188,0.08332926427158248
263,0.4849042525851879,False,-141.5194354038598,0.9777759519059476,13.497618473730892,27.2590655668297,-133.30544963816698,0.046011455747166835,-96.53046668149538,0.043986587214949725,-139.70728761895612,0.05082152248649882,-130.4967528850726,0.04606280685496365
263,0.4862376525851879,False,-140.32643408833786,0.9705432439541,16.14632179711645,20.79859560234406,-114.70699060128821,0.04387925417108115,-120.20854335482707,0.034410577140705896,-112.05599734649036,0.047979934133657955,-114.42864045471794,0.04629206632203994
263,0.4875709525851879,False,-127.79223034306845,0.9458220010310965,16.319990559990636,25.681089697631677,-130.09384845575335,0.07019028090305422,-132.68340429703358,0.07479404916772348,-127.83800300000917,0.06946944536469148,-130.9660788305445,0.06784915824406616
263,0.4889042525851879,False,-129.46860345660974,0.9726985482293777,31.09735907143315,26.958463529521456,-131.53643568586324,0.08079037457025459,-136.2690374483041,0.12328368817684877,-126.89901048535582,0.06899337918910937,-131.34637029937835,0.07560354280876741
263,0.4902376525851879,False,-144.1562349957182,0.9443439228009783,34.2047855287309,48.148083206851034,-146.10348673658402,0.10230008365787746,-136.96395765689564,0.11390927781861586,-149.11694210858653,0.09900127739178387,-146.25934368927912,0.0971843686764043
263,0.4915709525851879,False,-136.4402021332138,0.9667896681048022,25.22803299610578,26.158242859402456,-132.94410565270795,0.08185811762132936,-122.28334192739015,0.05410736566012031,-135.53116608228237,0.09050042898732474,-132.5873582420714,0.07916413654862899
263,0.4929042525851879,False,-137.68127764277554,0.9627936370645543,22.420329142255902,24.269410236773847,-110.98336736782537,0.038724352129415635,-123.05633902866718,0.009397018232374208,-111.52492431087477,0.046677432184949644,-112.50404895121338,0.03564401087222932
263,0.49423765258518787,False,-136.28094841264615,0.9849768428593849,18.487629566062537,37.533418693695985,-109.78466173862705,0.07076151944046555,-124.95259344517095,0.063165010259788,-106.38937243702739,0.07407355241457622,-109.72489115093401,0.06943797932733269
263,0.4955709525851879,False,-111.03667782875097,0.9542068585538934,25.258816112396993,34.560429490556,-100.42036368382902,0.09291774611501104,-125.97380830122523,0.11130758484169127,-91.9995554194982,0.09137334363189765,-100.52585424897252,0.08910954591819042
263,0.4969042525851879,False,-97.27723207130865,0.960647168212701,24.14964162704693,23.723458736388203,-89.840021940642,0.08340691576377553,-106.0127620962299,0.09937133830466699,-84.22314985124872,0.07997723261157423,-90.22984334828237,0.08220761461409093
263,0.4982376525851879,False,-104.96204908205435,0.9495160083080116,18.973927195137758,24.926464697072177,-98.91670865817072,0.08329046748243824,-109.47303646926322,0.08846963485051407,-94.19826953034186,0.08154609672439994,-98.72852082194186,0.08223319930171893
263,0.4995709525851879,False,-93.51596542737086,0.9608295721246233,20.357183202767107,45.5695114064055,-96.696169930387,0.09207636955302889,-102.50487736834648,0.10486781626302875,-94.97967397460094,0.08699682867795676,-97.03555806212138,0.08912853652679745
263,0.5009042525851879,False,-101.0309337677428,0.9478198591405,19.31855375957342,40.10057157678533,-89.81019530953597,0.05386529959508987,-68.8714570393393,0.047517360165686404,-95.40078107311903,0.05620750519506442,-92.49464940425041,0.05052871211572993
263,0.5022376525851879,True,-104.75871871839486,0.9619522690366615,34.09325660703095,13.943273897725687,-85.56680545667523,0.0452345353567457,-62.011871392925144,0.05164114971536335,-92.38485853317665,0.04611309730073547,-82.76091292844649,0.04214039433580566
263,0.5035709525851879,True,-93.18956908987157,0.976711840486848,22.13513286038609,25.759769254949628,-77.81359377982132,0.073655602998309,-77.73264061451547,0.06858009787987729,-78.19733947812337,0.07289408369908078,-79.26412989745663,0.06983327361979892
263,0.5049042525851879,True,-86.69963611175365,0.9654717930462432,10.819625026798601,26.963991595665608,-69.64756729726558,0.08978545250241571,-69.35995977154867,0.10310797033431347,-68.7786812516012,0.08753530600819935,-70.09307709585507,0.08780714848249274
263,0.5062376525851879,True,-85.1466715681434,0.9477091168810448,13.723546808427978,15.776232833733934,-84.41086063854038,0.07410412593542097,-102.54278971674695,0.05329112808563825,-81.77905509826039,0.08034104021501856,-84.62634357024766,0.07264357793376634
263,0.5075709525851879,True,-92.27262593705916,0.9437659607020445,12.725932341857218,16.993932453832905,-89.79878246625336,0.08135015304356587,-114.60042225783961,0.07020095698483031,-85.16157491981086,0.08741015172760397,-88.58427958217636,0.07577564442695638
263,0.5089042525851879,True,-86.2606553616055,0.9590872000487599,25.383181052838626,28.88778556182762,-66.91927544907448,0.05720336533904637,-77.0366710849651,0.08925433811056019,-61.7834592116273,0.048808801738992304,-67.37290675897508,0.055331698277752875
263,0.5102376525851879,True,-72.1679641577521,0.981560510649602,20.727424649691866,13.25098498768531,-66.49859494777412,0.06298656208065603,-55.84062327329614,0.04441017015462941,-69.00926951124303,0.06657796070005179,-66.37884311683581,0.06077407223178203
263,0.5115709525851879,True,-78.81092805975324,0.9740876347908571,8.03717506396485,32.18852292975735,-72.35148667498292,0.08116139118450306,-101.18994444602839,0.05945323515032817,-68.91044594391192,0.0869705124311649,-73.00414172620033,0.07656741461484613
263,0.5129042525851879,True,-62.3964306723307,0.9516077568096911,17.76722378571536,33.81810902459843,-61.080822458736236,0.09813613198055444,-56.79489425303275,0.10680396665638317,-63.175241282453385,0.09770575692370484,-60.96778647369403,0.09516849656166401
263,0.5142376525851879,True,-60.05021359103191,0.9537474759832368,15.986158876951354,23.42030641432881,-32.32500567191347,0.05790300790834748,-11.122836702339038,0.06299432831348538,-38.46603797212705,0.05692080477968867,-32.23330602225821,0.056888147833070585
263,0.5155709525851879,True,-71.40105666413896,0.9679711297949337,21.92940134494673,22.873190873560745,-51.03314305497677,0.08782459819642305,-53.890370324980864,0.07103388349721773,-51.04481165830993,0.09369257314962648,-51.48632802845158,0.08473084147538862
263,0.5169042525851879,True,-62.846154563317256,0.9625735334705027,13.843645073411464,17.88440847176585,-71.76549351783096,0.05190836020523105,-84.51760780107847,0.06509119728187199,-67.92151654030725,0.050526558527864696,-70.65701358106566,0.050716884965304423
263,0.518237652585188,True,-77.29960910599915,0.9591150094245938,16.272078734943715,20.395420383731796,-60.96105837794268,0.06265806283502995,-56.85370886997282,0.0456270473660816,-61.32567297289481,0.06681115019805021,-61.64803222185844,0.0604674122080026
263,0.5195709525851879,True,-72.31165042825025,0.9827894523530284,22.83341161538408,96.53692829313506,-54.693483833862516,0.0729922111104989,-23.00314079641394,0.04147090710881382,-60.07030103301679,0.08303478895057473,-57.64430177605056,0.0704139242017542
263,0.5209042525851879,True,-81.63052718239621,0.9606216295588713,13.542808001052977,41.02888373322724,-63.978519615990685,0.03599612544334664,-52.57497557381442,0.05378880911294427,-65.2337222619093,0.02997754192053518,-64.16641935087561,0.03641526727047126
263,0.522237652585188,True,-87.1350603227269,0.9610708510069577,12.908538186853052,19.705168869811153,-72.820637585674,0.05086562362331199,-82.68831869826714,0.030653023718682552,-71.71366023735663,0.055037988747646996,-71.93872779139102,0.04795814683094152
263,0.5235709525851879,True,-98.19726090514959,0.9818770002365015,20.56482635854666,26.433638366134215,-102.34015247429296,0.07848429232941563,-111.5800677530292,0.07940500643037095,-100.61637505423342,0.07777481571146838,-101.67699086330909,0.07480021058756423
263,0.5249042525851879,True,-104.8911180429382,0.9717999545587559,37.662912700997985,31.608088211333225,-102.82538262831278,0.08013959560631238,-91.44878961247021,0.07802617006323326,-106.7304619031919,0.08221220562439074,-103.6854892969521,0.07801513559262986
263,0.526237652585188,True,-92.99876092237838,0.9733144097349969,11.083160972571136,24.434695673112717,-87.34976017076299,0.08751047846467827,-115.37361919048477,0.05674506788621826,-83.58618591478425,0.09908547574532497,-85.6894122592045,0.08473970514908725
263,0.5275709525851879,True,-60.094841739760284,0.9781837335655602,10.935362840173651,15.136225073144926,-51.175687474116714,0.07511301233839526,-77.30874533896794,0.07471414541057371,-45.940263537498154,0.07624147564001944,-50.8564917106892,0.07186039851513161
263,0.5289042525851879,True,-17.532581565861346,0.9496729776962612,29.798245828978303,21.204478015069537,-12.036574432469044,0.04570450581582483,37.73795295616132,0.07016023278213188,-31.87259879615331,0.04473446306929659,-10.522485602497298,0.04183700101149478
263,0.530237652585188,True,4.260277798519381,0.9659809841053625,29.597576880657407,24.835905520564786,32.50833929416439,0.03539043677091424,21.775150476613394,0.041520815606243884,36.93083825226687,0.03516950679254752,30.74019913854839,0.03605208100747673
263,0.5315709525851879,True,42.58121522862433,0.9581422806484301,22.70694442925483,17.46216440646887,26.221393601547383,0.09558564593002071,32.82054866474248,0.06884634125675301,24.770797560120915,0.10254879542334495,26.260565106703094,0.09468190464261798
263,0.5329042525851879,True,66.20239670890776,0.9820864623575829,16.2433932229737,14.224421314530142,60.664823768413896,0.07599089439703133,64.93235749547361,0.05684600725868626,59.65303948519454,0.08007207614374252,60.447531426319564,0.07519360265413012
263,0.534237652585188,True,102.4189196282309,0.9469459633818696,40.17033718122786,20.345979989250917,99.55663365622301,0.07699448745156505,121.51887260449182,0.06785712476084686,94.83135058101966,0.07961271303645688,100.12726125809729,0.07354341687696542
263,0.5355709525851879,True,133.3554823897965,0.9811659718139862,25.4611123317846,24.591163698272233,132.90737908507796,0.07943900509929758,132.70333485652225,0.10058974480155099,134.07577279378077,0.07025317658680715,132.69718167971845,0.07563406213774403
263,0.5369042525851879,True,165.80260645966337,0.9616132731596222,25.002511211636886,20.481879392829487,170.6426681893916,0.03968035207595867,179.01014971939017,0.056350069434083584,165.75536385356142,0.03471920141714867,171.85965702477517,0.03642236656281232
263,0.538237652585188,True,-167.55045499429374,0.9366236107086043,26.97165840789665,11.542671891977596,-126.66745851611981,0.05303670211930166,-89.16508716509115,0.06806436899209307,-135.36672014859786,0.053315393883550784,-128.03433452114692,0.052304674094879204
263,0.539570952585188,True,-139.17668412213226,0.9481533887882095,23.110669847568687,11.25073366850372,-138.06431868366124,0.08190882420221995,-130.30403638266395,0.07830693558497716,-139.65942928405246,0.08441199635587274,-137.55274703052766,0.07954711426902017
263,0.5409042525851879,True,-112.62721289380521,0.9852035461402481,14.611689254495793,20.651371173117447,-103.23647358427253,0.08682406776029866,-88.37542142056766,0.09059959335210967,-107.29053573845506,0.087487356357729,-105.03635937999037,0.08060262835371679
263,0.5422376525851879,True,-87.84112509700101,0.9526183360910797,15.937129389210114,14.427324261218743,-88.1306199318702,0.0682019491898386,-96.1342951219631,0.06474988562110104,-86.49905712295106,0.0697003338632027,-88.29974281258605,0.06441905277742441
263,0.543570952585188,True,-61.135926332340595,0.967572096045434,30.85665601470264,34.60371241030929,-59.00048239067615,0.08435702358445317,-55.78996557942582,0.09502014914929226,-58.984112294974814,0.08176188293947342,-59.809162564849785,0.07997947438935138
263,0.5449042525851879,True,-35.731631265835745,0.9294271652580227,17.41207496840097,14.570420028988472,-17.420646822531356,0.03301817514672347,-32.28283631908926,0.041169497309010095,-11.503832682994927,0.03083443758620263,-15.779344784853418,0.031431941248723165
263,0.5462376525851879,True,8.602154025362703,0.9234250291555249,33.307632156265484,39.94138396316094,29.16587790849874,0.025953097443733652,36.53775289726489,0.05580226200735285,22.998421722821224,0.01760576892354306,26.606903774504936,0.025927048940956092
263,0.547570952585188,True,34.342469674330054,0.9408387517922308,17.988019077915954,16.17536988366952,39.10656271461659,0.0702775551434514,22.50492345625863,0.10185118624360034,46.26759101996526,0.06397178388833397,37.18743369143012,0.06743695788700325
263,0.5489042525851879,True,85.91334327640926,0.9719146904551685,12.544757637525978,29.093990429499858,80.76716583408906,0.08959719329601525,97.9177512276587,0.11185348701451223,74.44912014372377,0.0848616870803332,80.92496461955331,0.08591965921282724
263,0.5502376525851879,True,124.1482185124117,0.9702950930753744,27.34003358540825,34.13473739690281,129.74881929268957,0.06515860516955982,120.34402590708468,0.08788522951291171,133.68370445775446,0.06060720554781592,128.90653641699794,0.06234815769665205
263,0.551570952585188,True,168.5339859388652,0.9675587409697778,11.56375144857865,19.70287710679045,170.05158800224712,0.07437780917537844,165.58738576660124,0.08383283222605477,172.03564331998552,0.07142466396699802,170.46164952489494,0.07084563829141151
263,0.5529042525851879,True,-168.8323150061111,0.9787820609545674,49.83051019559865,25.591778615337017,-144.8708124642009,0.04019852108258076,-148.2004107938441,0.06453812655652354,-147.78446036371776,0.034387874040256505,-146.33390782856134,0.03832915613091915
263,0.5542376525851879,True,-143.43925637055716,0.9764428562693024,13.96465443540604,33.35169547137299,-120.40298985989044,0.0426542623756469,-114.87532674522984,0.07236121807320113,-119.82846750621589,0.03384622495656993,-119.29292138155775,0.039199661706365234
263,0.555570952585188,True,-120.25757875269805,0.9587822738214336,14.003592726306875,24.4444203945482,-123.2728602256744,0.06136314295395965,-138.30067021188864,0.056709579734245806,-119.02463444168572,0.06349521642194099,-121.38728722563467,0.058181699794161316
263,0.5569042525851879,True,-94.52846175299672,0.9243941636925612,14.618563269611803,29.016478374487594,-91.60901047182286,0.06567666882267723,-86.56559524244729,0.08984688716519214,-95.96296887670154,0.05776014661688042,-91.39170407517798,0.06421464998093453
263,0.5582376525851879,True,-68.57296827140014,0.9599302028342429,25.50972443925538,20.553227699586692,-58.45636791832696,0.07160996659277367,-77.49634675109085,0.0574254664422122,-52.98806733647654,0.07745206544417137,-59.285817825358535,0.07251366237767204
263,0.559570952585188,True,-41.11264605031644,0.971632250918937,16.773323448028954,30.94735332992389,-36.370713083594666,0.07385492292456614,-31.117084390226747,0.10056519087693065,-40.66846186544514,0.06891297419059098,-38.55410040762377,0.07206104285902243
263,0.560904252585188,True,-1.44182580538796,0.9458231555222928,38.56394455215507,16.001204574511974,26.975471233628152,0.03932442422325287,13.187396638152329,0.034848096050006154,29.725215461152224,0.04226136473224766,28.484362485072033,0.038342864492741456
263,0.5622376525851879,True,40.1096019220862,0.9782922241629125,19.259754322315935,38.26344211976747,60.007654179440436,0.04063583952962223,84.84751627824984,0.033555124038079816,54.16611974173565,0.043941784323791935,61.50323363229616,0.03811020934355916
263,0.563570952585188,True,78.99254682998641,0.9734802738035372,17.416952157440658,16.10320489224818,82.88342328225609,0.06663441772786187,109.63062574282884,0.10451309710351449,68.91161112005571,0.05973528723238544,83.8191020740604,0.06238655275463855
263,0.564904252585188,True,108.30209825285765,0.9584167028718319,25.429434301316256,23.973106227856643,114.13951451447173,0.0866227959659004,120.31454657576376,0.07988905048691523,112.28398011773496,0.0894603648935678,114.9528207090204,0.0823787558714793
263,0.566237652585188,True,148.619737021287,0.9767856306376864,12.972559052654999,24.981689911104915,137.79035525163206,0.08062911976423803,132.9470426737268,0.09711158839431198,139.03457201517185,0.07563955936890253,138.230186671767,0.07643275637679531
263,0.567570952585188,True,-165.1401022404331,0.9752337303793458,18.79373074733272,44.684448987807635,-162.34359555682164,0.07138509841067671,-175.29286403441245,0.08192477677216085,-159.14059590200503,0.06985040409510053,-161.92894207481285,0.06909432799938124
263,0.568904252585188,True,-122.94128647316299,0.9486212119250177,21.444230193560873,15.572428632597102,-120.73902054396315,0.04308606063779962,-108.23807070867957,0.06323173702894834,-127.55164807370458,0.03710748203744369,-116.42540738743992,0.039840634632022996
263,0.570237652585188,True,-94.18955420961551,0.971726072945741,15.288028216833258,24.366571145356517,-74.96047268445481,0.041329148842488964,-96.0704296273985,0.02970083276580638,-70.73621352516969,0.04509894726542096,-76.09017177014327,0.03907300108762667
263,0.571570952585188,True,-35.24338597787277,0.9650204542296332,18.160878526579573,30.49085621159438,-36.96581542434495,0.08235672318554468,-28.346934759974545,0.0826583579261151,-39.76050005367746,0.08250093875562978,-37.01718679532505,0.0791921737716673
263,0.572904252585188,True,-0.4129775940219229,0.9688678196107103,14.189653755410502,12.85821316741752,15.070381547655302,0.08014432161703752,4.830411631802598,0.08439720941958334,16.228621192848316,0.07707937182357487,13.2284072235991,0.08020679097121242
263,0.5742376525851879,True,33.47533551156571,0.9718109727336995,23.218765633413533,26.9344292730096,45.67860737468953,0.06314362776667687,42.471044097960835,0.11532354741884249,48.67785194145148,0.047165280728039695,44.12594667176705,0.05970606598228117
263,0.575570952585188,True,61.50167893950252,0.9760979148291732,14.000912146359754,8.90378288613547,65.4481140263982,0.08461235700059729,65.87738205754545,0.07159665551172824,65.226214734039,0.0887052043632467,65.63012198400176,0.08244358541126776
263,0.576904252585188,True,105.11390215875272,0.970865994104614,26.3055203378651,23.07029076184669,137.55484246134273,0.03199606477579883,99.1405449445019,0.022647630321887213,143.53178492055235,0.03875069931459448,135.70324344290907,0.03140214899757342
263,0.5782376525851879,True,117.0566926012002,0.958881369146279,14.906761835662468,20.005389473388906,150.537605201095,0.03906785475664451,116.4310260540138,0.04973631698513373,161.7586995680369,0.03893744808948445,151.776351475936,0.03772767534441557
263,0.579570952585188,True,144.21517744848052,0.9653404613168121,27.90959690989959,22.71163147506191,155.49718552807502,0.07165365333464832,174.79906029789362,0.05170973859937956,151.87223520164176,0.076834725769809,155.1669334583982,0.06948717666366763
263,0.580904252585188,True,-175.49689108325376,0.9680306831999151,14.020594179621373,28.00957137804096,-174.5094771790147,0.07808607190921779,-138.5210526462296,0.0730851192794655,177.70649581268424,0.08484100274914926,-173.84888012263266,0.07541059575608729
263,0.5822376525851879,True,-142.39487680889096,0.9453331090249032,16.69401248882011,14.9370342801701,-121.32012372604596,0.07256886703550826,-112.94485924696872,0.08539047863119206,-124.63164332195873,0.06963100349177205,-121.33178072786959,0.07195269103478355
263,0.583570952585188,True,-104.9121766151809,0.9651688878242756,23.84621836337994,16.865831634595395,-100.37902519587281,0.09262577321286512,-104.61788295953485,0.12315263603237765,-100.01575735501439,0.08263733718819284,-99.54845935495,0.08829708668403648
263,0.584904252585188,True,-65.50652000560103,0.930178370339203,19.587201158670815,27.514436567769206,-38.14736319323003,0.05434154393603608,-22.304290940326077,0.09372786929319915,-47.200298185132354,0.0465460774913272,-35.17576051051254,0.05248361628574278
263,0.5862376525851879,True,-25.74483573403543,0.9555154328992161,19.237406600788006,24.36294926139176,4.245102466103914,0.045076399696158474,-0.6554476469107247,0.07731275586523212,9.959416621517386,0.03699925526300463,6.26991475088089,0.04335163810167404
263,0.5875709525851879,True,11.550223165212424,0.9588971048092477,17.986116283928915,27.048684006892675,13.606102447857673,0.07391594239107309,33.49895417680643,0.09935882953947028,4.2466401653729475,0.06899638996934829,13.145931076055476,0.0700438083890534
263,0.588904252585188,True,24.432734603279858,0.9666352872380276,10.64907969469717,17.562842198192996,20.51755516165288,0.06909373381829767,48.703602357396406,0.06237993836798604,14.75929031781249,0.07417860055854454,20.031081609161767,0.06661800819102037
263,0.5902376525851879,True,66.33921241237668,0.9521055600081864,26.576966718268956,17.314221259966306,73.63499540667627,0.03454832908111576,-104.22165754173749,0.004345323871019357,72.79424213047993,0.04413495251940223,73.87194383835114,0.03314501967116131
263,0.5915709525851879,True,102.94206702614825,0.9579567673223346,17.02520867285385,24.9179271352576,95.53163034917912,0.07017231496504221,110.56522062816533,0.07745612232031181,90.89536700016293,0.0689642084608964,96.08815347145848,0.06907688040919868
263,0.592904252585188,True,148.01099490204993,0.9422892047129554,8.769639496236028,22.198987086017958,167.2109698828037,0.0538763671187231,172.55437616604306,0.045253633180110296,169.08146727894737,0.05339329171575901,167.37262036186848,0.05134277540352206
263,0.5942376525851879,True,173.81130214597727,0.9509827718761897,23.897394959462286,34.06276087389891,-170.64960701387707,0.046684447702227495,175.14560004901128,0.0721365756490718,-163.84023368743212,0.039393349288426124,-171.73194733360413,0.04643793094887852
263,0.5955709525851879,True,-152.81922757345222,0.9463751032126407,13.262878021879688,35.510953128458446,-150.68907137470396,0.07305514448918785,-143.33632541116998,0.06284158090607073,-152.94041353972506,0.07825644666281213,-150.14957746537942,0.07098845547538651
263,0.596904252585188,True,-106.74558216238556,0.9621898070682551,9.743633715200675,23.13189255469892,-86.03184896601903,0.05303359313660341,-68.96680788951753,0.05289045479213292,-92.45866770202296,0.052023655620258555,-86.33639141321406,0.05110078638963656
263,0.5982376525851879,True,-78.52836984305232,0.9730911061100807,14.086165607386606,21.418099708119296,-49.57738147802897,0.038769394954786304,-8.300091281814172,0.050620607419057696,-64.05197423136441,0.041246912585970165,-47.51225505225793,0.03799169535223218
263,0.5995709525851879,True,-35.363301687539185,0.9525253641504648,26.2357621940871,23.503949672109677,-45.267552909504495,0.09010720127551296,-52.41080660585511,0.08551084596739753,-42.77055481952468,0.09381441333571115,-45.25734459336473,0.08848809315918921
263,0.600904252585188,True,11.312033049825395,0.9445726178897258,21.121077683976694,16.92672164433506,9.298605369165596,0.08731038999256242,20.836222198601494,0.08269795572151623,6.62415353492755,0.0903522198035081,8.825502256465564,0.08698738691016653
