tracking_snapshot GLT1SNAP 00010000 474c5431 0000000b 00000001 8eeb323a 00000011 00000002 00000000 00000000 00000000 00000000 00000000 00000000 00000000 00000000 00000000 00000000 00000000 00000000 00000000 00000000 03938700 00013560 b04a2fab 00000001
capture_baseline_snapshot GLI1 00010000 60000000 2500000 1 0 60000000 0 0 0 0 0 0 0 00000000 00000000 00000000 00000000 00000000 00000000 00000000 00000000 00000000 00000000 00000000 00000000 00000000 00000000 00000000 00000000 00000000 00000000 00000000 00000820 008b3199 00000000 00000000 00000001 00000000 00000000 00000000 00000000 00000000 00000000 00000000 00000000 00000000 00000000 00000000 00000000 00000000 00000000 00000000 00000000 f9f0b426 0000001d 8eedfe14 00000011 00000000 00000000 00000000 00000000 00000201 00000081 00000000 00000000 00000000 00000000 00000000 00000000 00000000 00003333 00004ccd 00002667 00000001 00000000 03938700 000004f8
capture_snapshot GLI1 00010000 60000000 2500000 2 0 60000000 0 0 0 0 0 0 0 8eee4088 00000011 8ef46170 00000011 00004160 00000000 00004160 00000000 0000006a 00000000 00000000 00000000 00062b14 00000000 000041ca 00000000 00000000 00000000 00000000 00000039 008b3199 00000001 00000000 00000001 00000000 00000000 00000000 00000000 00000000 00000000 00000000 00000000 00000000 00000000 00000000 00000000 00000000 00000000 00000000 00000000 f9fb59f4 0000001d 8ef4619c 00000011 00000000 00000000 00000000 00000000 00000201 00000101 00000000 00000000 00000000 00000000 00000000 00000000 00000000 00003333 00004ccd 00002667 00000001 00000000 03938700 000004f8
tracking_snapshot GLT1SNAP 00010000 474c5431 0000000c 00000002 8ef4ce93 00000011 00000033 00000000 00000000 00000000 00000000 00000000 00000000 00000000 00000000 00000000 00000000 00000000 00000000 00000000 00000000 03938700 00013560 b04a2fab 00000001

epoch_binding 9122201 2 75412852371 3142202183
capture_snapshot GLI1 00010000 60000000 2500000 3 0 60000000 0 0 0 0 0 0 0 8eee4088 00000011 8efa5f78 00000011 0000814b 00000000 0000814b 00000000 0000006a 00000000 00000000 00000000 000c291f 00000000 000081b5 00000000 00000000 00000000 00000000 00000039 008b3199 00000001 00000000 00000001 00000000 00000000 00000000 00000000 00000000 00000000 00000000 00000000 00000000 00000000 00000000 00000000 00000000 00000000 00000000 00000000 fa05569d 0000001d 8efa5fa7 00000011 00000000 00000000 00000000 00000000 00000201 00000101 00000000 00000000 00000000 00000000 00000000 00000000 00000000 00003333 00004ccd 00002667 00000001 00000000 03938700 000004f8
capture_snapshot GLI1 00010000 60000000 2500000 4 0 60000000 0 0 0 0 0 0 0 8eee4088 00000011 8f0072f8 00000011 0000c21b 00000000 0000c21b 00000000 0000006a 00000000 00000000 00000000 00123c98 00000000 0000c285 00000000 00000000 00000000 00000000 00000039 008b3199 00000001 00000000 00000001 00000000 00000000 00000000 00000000 00000000 00000000 00000000 00000000 00000000 00000000 00000000 00000000 00000000 00000000 00000000 00000000 fa0f76fd 0000001d 8f007320 00000011 00000000 00000000 00000000 00000000 00000202 00000100 00000000 00000000 00000000 00000000 00000000 00000000 00000000 00003333 00004ccd 00002667 00000001 00000000 03938700 000004f8
capture_snapshot GLI1 00010000 60000000 2500000 5 0 60000000 0 0 0 0 0 0 0 8eee4088 00000011 8f0668f0 00000011 000101b0 00000000 000101b0 00000000 0000006a 00000000 00000000 00000000 0018329b 00000000 0001021a 00000000 00000000 00000000 00000000 00000039 008b3199 00000001 00000000 00000001 00000000 00000000 00000000 00000000 00000000 00000000 00000000 00000000 00000000 00000000 00000000 00000000 00000000 00000000 00000000 00000000 fa196643 0000001d 8f066923 00000011 00000000 00000000 00000000 00000000 00000201 00000101 00000000 00000000 00000000 00000000 00000000 00000000 00000000 00003333 00004ccd 00002667 00000001 00000000 03938700 000004f8
capture_snapshot GLI1 00010000 60000000 2500000 6 0 60000000 0 0 0 0 0 0 0 8eee4088 00000011 8f0c67d0 00000011 000141a4 00000000 000141a4 00000000 0000006a 00000000 00000000 00000000 001e316d 00000000 0001420e 00000000 00000000 00000000 00000000 00000039 008b3199 00000001 00000000 00000001 00000000 00000000 00000000 00000000 00000000 00000000 00000000 00000000 00000000 00000000 00000000 00000000 00000000 00000000 00000000 00000000 fa236439 0000001d 8f0c67f5 00000011 00000000 00000000 00000000 00000000 00000202 00000100 00000000 00000000 00000000 00000000 00000000 00000000 00000000 00003333 00004ccd 00002667 00000001 00000000 03938700 000004f8
capture_snapshot GLI1 00010000 60000000 2500000 7 0 60000000 0 0 0 0 0 0 0 8eee4088 00000011 8f1268f0 00000011 000181b0 00000000 000181b0 00000000 0000006a 00000000 00000000 00000000 0024329b 00000000 0001821a 00000000 00000000 00000000 00000000 00000039 008b3199 00000001 00000000 00000001 00000000 00000000 00000000 00000000 00000000 00000000 00000000 00000000 00000000 00000000 00000000 00000000 00000000 00000000 00000000 00000000 fa2d661c 0000001d 8f126923 00000011 00000000 00000000 00000000 00000000 00000201 00000101 00000000 00000000 00000000 00000000 00000000 00000000 00000000 00003333 00004ccd 00002667 00000001 00000000 03938700 000004f8
capture_snapshot GLI1 00010000 60000000 2500000 8 0 60000000 0 0 0 0 0 0 0 8eee4088 00000011 8f186818 00000011 0001c1a7 00000000 0001c1a7 00000000 0000006a 00000000 00000000 00000000 002a31af 00000000 0001c211 00000000 00000000 00000000 00000000 00000039 008b3199 00000001 00000000 00000001 00000000 00000000 00000000 00000000 00000000 00000000 00000000 00000000 00000000 00000000 00000000 00000000 00000000 00000000 00000000 00000000 fa376480 0000001d 8f186837 00000011 00000000 00000000 00000000 00000000 00000202 00000101 00000000 00000000 00000000 00000000 00000000 00000000 00000000 00003333 00004ccd 00002667 00000001 00000000 03938700 000004f8
capture_snapshot GLI1 00010000 60000000 2500000 9 0 60000000 0 0 0 0 0 0 0 8eee4088 00000011 8f1e66b0 00000011 00020198 00000000 00020198 00000000 0000006a 00000000 00000000 00000000 00303051 00000000 00020202 00000000 00000000 00000000 00000000 00000039 008b3199 00000001 00000000 00000001 00000000 00000000 00000000 00000000 00000000 00000000 00000000 00000000 00000000 00000000 00000000 00000000 00000000 00000000 00000000 00000000 fa416225 0000001d 8f1e66d9 00000011 00000000 00000000 00000000 00000000 00000202 00000101 00000000 00000000 00000000 00000000 00000000 00000000 00000000 00003333 00004ccd 00002667 00000001 00000000 03938700 000004f8
capture_snapshot GLI1 00010000 60000000 2500000 10 0 60000000 0 0 0 0 0 0 0 8eee4088 00000011 8f2466f8 00000011 0002419b 00000000 0002419b 00000000 0000006a 00000000 00000000 00000000 003630a2 00000000 00024205 00000000 00000000 00000000 00000000 00000039 008b3199 00000001 00000000 00000001 00000000 00000000 00000000 00000000 00000000 00000000 00000000 00000000 00000000 00000000 00000000 00000000 00000000 00000000 00000000 00000000 fa4b6298 0000001d 8f24672a 00000011 00000000 00000000 00000000 00000000 00000201 00000101 00000000 00000000 00000000 00000000 00000000 00000000 00000000 00003333 00004ccd 00002667 00000001 00000000 03938700 000004f8
capture_snapshot GLI1 00010000 60000000 2500000 11 0 60000000 0 0 0 0 0 0 0 8eee4088 00000011 8f2a66f8 00000011 0002819b 00000000 0002819b 00000000 0000006a 00000000 00000000 00000000 003c30a1 00000000 00028205 00000000 00000000 00000000 00000000 00000039 008b3199 00000001 00000000 00000001 00000000 00000000 00000000 00000000 00000000 00000000 00000000 00000000 00000000 00000000 00000000 00000000 00000000 00000000 00000000 00000000 fa556284 0000001d 8f2a6729 00000011 00000000 00000000 00000000 00000000 00000201 00000101 00000000 00000000 00000000 00000000 00000000 00000000 00000000 00003333 00004ccd 00002667 00000001 00000000 03938700 000004f8
capture_snapshot GLI1 00010000 60000000 2500000 12 0 60000000 0 0 0 0 0 0 0 8eee4088 00000011 8f3068d8 00000011 0002c1af 00000000 0002c1af 00000000 0000006a 00000000 00000000 00000000 00423274 00000000 0002c219 00000000 00000000 00000000 00000000 00000039 008b3199 00000001 00000000 00000001 00000000 00000000 00000000 00000000 00000000 00000000 00000000 00000000 00000000 00000000 00000000 00000000 00000000 00000000 00000000 00000000 fa5f657b 0000001d 8f3068fc 00000011 00000000 00000000 00000000 00000000 00000201 00000101 00000000 00000000 00000000 00000000 00000000 00000000 00000000 00003333 00004ccd 00002667 00000001 00000000 03938700 000004f8
capture_snapshot GLI1 00010000 60000000 2500000 13 0 60000000 0 0 0 0 0 0 0 8eee4088 00000011 8f366938 00000011 000301b3 00000000 000301b3 00000000 0000006a 00000000 00000000 00000000 004832de 00000000 0003021d 00000000 00000000 00000000 00000000 00000039 008b3199 00000001 00000000 00000001 00000000 00000000 00000000 00000000 00000000 00000000 00000000 00000000 00000000 00000000 00000000 00000000 00000000 00000000 00000000 00000000 fa696617 0000001d 8f366966 00000011 00000000 00000000 00000000 00000000 00000202 00000101 00000000 00000000 00000000 00000000 00000000 00000000 00000000 00003333 00004ccd 00002667 00000001 00000000 03938700 000004f8
capture_snapshot GLI1 00010000 60000000 2500000 14 0 60000000 0 0 0 0 0 0 0 8eee4088 00000011 8f3c6788 00000011 000341a1 00000000 000341a1 00000000 0000006a 00000000 00000000 00000000 004e3134 00000000 0003420b 00000000 00000000 00000000 00000000 00000039 008b3199 00000001 00000000 00000001 00000000 00000000 00000000 00000000 00000000 00000000 00000000 00000000 00000000 00000000 00000000 00000000 00000000 00000000 00000000 00000000 fa73633e 0000001d 8f3c67bc 00000011 00000000 00000000 00000000 00000000 00000201 00000101 00000000 00000000 00000000 00000000 00000000 00000000 00000000 00003333 00004ccd 00002667 00000001 00000000 03938700 000004f8
capture_snapshot GLI1 00010000 60000000 2500000 15 0 60000000 0 0 0 0 0 0 0 8eee4088 00000011 8f426818 00000011 000381a7 00000000 000381a7 00000000 0000006a 00000000 00000000 00000000 005431c2 00000000 00038211 00000000 00000000 00000000 00000000 00000039 008b3199 00000001 00000000 00000001 00000000 00000000 00000000 00000000 00000000 00000000 00000000 00000000 00000000 00000000 00000000 00000000 00000000 00000000 00000000 00000000 fa7d6417 0000001d 8f42684a 00000011 00000000 00000000 00000000 00000000 00000201 00000100 00000000 00000000 00000000 00000000 00000000 00000000 00000000 00003333 00004ccd 00002667 00000001 00000000 03938700 000004f8
capture_snapshot GLI1 00010000 60000000 2500000 16 0 60000000 0 0 0 0 0 0 0 8eee4088 00000011 8f486830 00000011 0003c1a8 00000000 0003c1a8 00000000 0000006a 00000000 00000000 00000000 005a31d9 00000000 0003c212 00000000 00000000 00000000 00000000 00000039 008b3199 00000001 00000000 00000001 00000000 00000000 00000000 00000000 00000000 00000000 00000000 00000000 00000000 00000000 00000000 00000000 00000000 00000000 00000000 00000000 fa876429 0000001d 8f486861 00000011 00000000 00000000 00000000 00000000 00000201 00000101 00000000 00000000 00000000 00000000 00000000 00000000 00000000 00003333 00004ccd 00002667 00000001 00000000 03938700 000004f8
capture_snapshot GLI1 00010000 60000000 2500000 17 0 60000000 0 0 0 0 0 0 0 8eee4088 00000011 8f4e66e0 00000011 0004019a 00000000 0004019a 00000000 0000006a 00000000 00000000 00000000 00603086 00000000 00040204 00000000 00000000 00000000 00000000 00000039 008b3199 00000001 00000000 00000001 00000000 00000000 00000000 00000000 00000000 00000000 00000000 00000000 00000000 00000000 00000000 00000000 00000000 00000000 00000000 00000000 fa9161e1 0000001d 8f4e670e 00000011 00000000 00000000 00000000 00000000 00000202 00000101 00000000 00000000 00000000 00000000 00000000 00000000 00000000 00003333 00004ccd 00002667 00000001 00000000 03938700 000004f8
capture_snapshot GLI1 00010000 60000000 2500000 18 0 60000000 0 0 0 0 0 0 0 8eee4088 00000011 8f5467d0 00000011 000441a4 00000000 000441a4 00000000 0000006a 00000000 00000000 00000000 00663175 00000000 0004420e 00000000 00000000 00000000 00000000 00000039 008b3199 00000001 00000000 00000001 00000000 00000000 00000000 00000000 00000000 00000000 00000000 00000000 00000000 00000000 00000000 00000000 00000000 00000000 00000000 00000000 fa9b635c 0000001d 8f5467fd 00000011 00000000 00000000 00000000 00000000 00000201 00000100 00000000 00000000 00000000 00000000 00000000 00000000 00000000 00003333 00004ccd 00002667 00000001 00000000 03938700 000004f8
capture_snapshot GLI1 00010000 60000000 2500000 19 0 60000000 0 0 0 0 0 0 0 8eee4088 00000011 8f5a6710 00000011 0004819c 00000000 0004819c 00000000 0000006a 00000000 00000000 00000000 006c30ba 00000000 00048206 00000000 00000000 00000000 00000000 00000039 008b3199 00000001 00000000 00000001 00000000 00000000 00000000 00000000 00000000 00000000 00000000 00000000 00000000 00000000 00000000 00000000 00000000 00000000 00000000 00000000 faa56211 0000001d 8f5a6742 00000011 00000000 00000000 00000000 00000000 00000201 00000100 00000000 00000000 00000000 00000000 00000000 00000000 00000000 00003333 00004ccd 00002667 00000001 00000000 03938700 000004f8
capture_snapshot GLI1 00010000 60000000 2500000 20 0 60000000 0 0 0 0 0 0 0 8eee4088 00000011 8f606740 00000011 0004c19e 00000000 0004c19e 00000000 0000006a 00000000 00000000 00000000 007230de 00000000 0004c208 00000000 00000000 00000000 00000000 00000039 008b3199 00000001 00000000 00000001 00000000 00000000 00000000 00000000 00000000 00000000 00000000 00000000 00000000 00000000 00000000 00000000 00000000 00000000 00000000 00000000 faaf6239 0000001d 8f606766 00000011 00000000 00000000 00000000 00000000 00000202 00000101 00000000 00000000 00000000 00000000 00000000 00000000 00000000 00003333 00004ccd 00002667 00000001 00000000 03938700 000004f8
capture_snapshot GLI1 00010000 60000000 2500000 21 0 60000000 0 0 0 0 0 0 0 8eee4088 00000011 8f6668a8 00000011 000501ad 00000000 000501ad 00000000 0000006a 00000000 00000000 00000000 00783248 00000000 00050217 00000000 00000000 00000000 00000000 00000039 008b3199 00000001 00000000 00000001 00000000 00000000 00000000 00000000 00000000 00000000 00000000 00000000 00000000 00000000 00000000 00000000 00000000 00000000 00000000 00000000 fab96481 0000001d 8f6668d0 00000011 00000000 00000000 00000000 00000000 00000201 00000100 00000000 00000000 00000000 00000000 00000000 00000000 00000000 00003333 00004ccd 00002667 00000001 00000000 03938700 000004f8
capture_snapshot GLI1 00010000 60000000 2500000 22 0 60000000 0 0 0 0 0 0 0 8eee4088 00000011 8f6c6860 00000011 000541aa 00000000 000541aa 00000000 0000006a 00000000 00000000 00000000 007e31f7 00000000 00054214 00000000 00000000 00000000 00000000 00000039 008b3199 00000001 00000000 00000001 00000000 00000000 00000000 00000000 00000000 00000000 00000000 00000000 00000000 00000000 00000000 00000000 00000000 00000000 00000000 00000000 fac363e7 0000001d 8f6c687f 00000011 00000000 00000000 00000000 00000000 00000201 00000101 00000000 00000000 00000000 00000000 00000000 00000000 00000000 00003333 00004ccd 00002667 00000001 00000000 03938700 000004f8
capture_snapshot GLI1 00010000 60000000 2500000 23 0 60000000 0 0 0 0 0 0 0 8eee4088 00000011 8f7266f8 00000011 0005819b 00000000 0005819b 00000000 0000006a 00000000 00000000 00000000 0084308d 00000000 00058205 00000000 00000000 00000000 00000000 00000039 008b3199 00000001 00000000 00000001 00000000 00000000 00000000 00000000 00000000 00000000 00000000 00000000 00000000 00000000 00000000 00000000 00000000 00000000 00000000 00000000 facd6178 0000001d 8f726715 00000011 00000000 00000000 00000000 00000000 00000201 00000101 00000000 00000000 00000000 00000000 00000000 00000000 00000000 00003333 00004ccd 00002667 00000001 00000000 03938700 000004f8
capture_snapshot GLI1 00010000 60000000 2500000 24 0 60000000 0 0 0 0 0 0 0 8eee4088 00000011 8f7867b8 00000011 0005c1a3 00000000 0005c1a3 00000000 0000006a 00000000 00000000 00000000 008a3158 00000000 0005c20d 00000000 00000000 00000000 00000000 00000039 008b3199 00000001 00000000 00000001 00000000 00000000 00000000 00000000 00000000 00000000 00000000 00000000 00000000 00000000 00000000 00000000 00000000 00000000 00000000 00000000 fad762b6 0000001d 8f7867e0 00000011 00000000 00000000 00000000 00000000 00000202 00000100 00000000 00000000 00000000 00000000 00000000 00000000 00000000 00003333 00004ccd 00002667 00000001 00000000 03938700 000004f8
capture_snapshot GLI1 00010000 60000000 2500000 25 0 60000000 0 0 0 0 0 0 0 8eee4088 00000011 8f7e6770 00000011 000601a0 00000000 000601a0 00000000 0000006a 00000000 00000000 00000000 00903107 00000000 0006020a 00000000 00000000 00000000 00000000 00000039 008b3199 00000001 00000000 00000001 00000000 00000000 00000000 00000000 00000000 00000000 00000000 00000000 00000000 00000000 00000000 00000000 00000000 00000000 00000000 00000000 fae1621d 0000001d 8f7e678f 00000011 00000000 00000000 00000000 00000000 00000201 00000101 00000000 00000000 00000000 00000000 00000000 00000000 00000000 00003333 00004ccd 00002667 00000001 00000000 03938700 000004f8
capture_snapshot GLI1 00010000 60000000 2500000 26 0 60000000 0 0 0 0 0 0 0 8eee4088 00000011 8f8466b0 00000011 00064198 00000000 00064198 00000000 0000006a 00000000 00000000 00000000 0096305c 00000000 00064202 00000000 00000000 00000000 00000000 00000039 008b3199 00000001 00000000 00000001 00000000 00000000 00000000 00000000 00000000 00000000 00000000 00000000 00000000 00000000 00000000 00000000 00000000 00000000 00000000 00000000 faeb60ec 0000001d 8f8466e4 00000011 00000000 00000000 00000000 00000000 00000201 00000101 00000000 00000000 00000000 00000000 00000000 00000000 00000000 00003333 00004ccd 00002667 00000001 00000000 03938700 000004f8
capture_snapshot GLI1 00010000 60000000 2500000 27 0 60000000 0 0 0 0 0 0 0 8eee4088 00000011 8f8a6788 00000011 000681a1 00000000 000681a1 00000000 0000006a 00000000 00000000 00000000 009c3130 00000000 0006820b 00000000 00000000 00000000 00000000 00000039 008b3199 00000001 00000000 00000001 00000000 00000000 00000000 00000000 00000000 00000000 00000000 00000000 00000000 00000000 00000000 00000000 00000000 00000000 00000000 00000000 faf56239 0000001d 8f8a67b8 00000011 00000000 00000000 00000000 00000000 00000201 00000100 00000000 00000000 00000000 00000000 00000000 00000000 00000000 00003333 00004ccd 00002667 00000001 00000000 03938700 000004f8
capture_snapshot GLI1 00010000 60000000 2500000 28 0 60000000 0 0 0 0 0 0 0 8eee4088 00000011 8f906740 00000011 0006c19e 00000000 0006c19e 00000000 0000006a 00000000 00000000 00000000 00a230da 00000000 0006c208 00000000 00000000 00000000 00000000 00000039 008b3199 00000001 00000000 00000001 00000000 00000000 00000000 00000000 00000000 00000000 00000000 00000000 00000000 00000000 00000000 00000000 00000000 00000000 00000000 00000000 faff6196 0000001d 8f906762 00000011 00000000 00000000 00000000 00000000 00000202 00000100 00000000 00000000 00000000 00000000 00000000 00000000 00000000 00003333 00004ccd 00002667 00000001 00000000 03938700 000004f8
capture_snapshot GLI1 00010000 60000000 2500000 29 0 60000000 0 0 0 0 0 0 0 8eee4088 00000011 8f9666e0 00000011 0007019a 00000000 0007019a 00000000 0000006a 00000000 00000000 00000000 00a83077 00000000 00070204 00000000 00000000 00000000 00000000 00000039 008b3199 00000001 00000000 00000001 00000000 00000000 00000000 00000000 00000000 00000000 00000000 00000000 00000000 00000000 00000000 00000000 00000000 00000000 00000000 00000000 fb0960de 0000001d 8f9666ff 00000011 00000000 00000000 00000000 00000000 00000201 00000101 00000000 00000000 00000000 00000000 00000000 00000000 00000000 00003333 00004ccd 00002667 00000001 00000000 03938700 000004f8
capture_snapshot GLI1 00010000 60000000 2500000 30 0 60000000 0 0 0 0 0 0 0 8eee4088 00000011 8f9c6818 00000011 000741a7 00000000 000741a7 00000000 0000006a 00000000 00000000 00000000 00ae31be 00000000 00074211 00000000 00000000 00000000 00000000 00000039 008b3199 00000001 00000000 00000001 00000000 00000000 00000000 00000000 00000000 00000000 00000000 00000000 00000000 00000000 00000000 00000000 00000000 00000000 00000000 00000000 fb1362eb 0000001d 8f9c6846 00000011 00000000 00000000 00000000 00000000 00000201 00000100 00000000 00000000 00000000 00000000 00000000 00000000 00000000 00003333 00004ccd 00002667 00000001 00000000 03938700 000004f8
capture_snapshot GLI1 00010000 60000000 2500000 31 0 60000000 0 0 0 0 0 0 0 8eee4088 00000011 8fa267b8 00000011 000781a3 00000000 000781a3 00000000 0000006a 00000000 00000000 00000000 00b43162 00000000 0007820d 00000000 00000000 00000000 00000000 00000039 008b3199 00000001 00000000 00000001 00000000 00000000 00000000 00000000 00000000 00000000 00000000 00000000 00000000 00000000 00000000 00000000 00000000 00000000 00000000 00000000 fb1d623e 0000001d 8fa267ea 00000011 00000000 00000000 00000000 00000000 00000202 00000100 00000000 00000000 00000000 00000000 00000000 00000000 00000000 00003333 00004ccd 00002667 00000001 00000000 03938700 000004f8
capture_snapshot GLI1 00010000 60000000 2500000 32 0 60000000 0 0 0 0 0 0 0 8eee4088 00000011 8fa867a0 00000011 0007c1a2 00000000 0007c1a2 00000000 0000006a 00000000 00000000 00000000 00ba313a 00000000 0007c20c 00000000 00000000 00000000 00000000 00000039 008b3199 00000001 00000000 00000001 00000000 00000000 00000000 00000000 00000000 00000000 00000000 00000000 00000000 00000000 00000000 00000000 00000000 00000000 00000000 00000000 fb2761e8 0000001d 8fa867c2 00000011 00000000 00000000 00000000 00000000 00000201 00000100 00000000 00000000 00000000 00000000 00000000 00000000 00000000 00003333 00004ccd 00002667 00000001 00000000 03938700 000004f8
capture_snapshot GLI1 00010000 60000000 2500000 33 0 60000000 0 0 0 0 0 0 0 8eee4088 00000011 8fae6860 00000011 000801aa 00000000 000801aa 00000000 0000006a 00000000 00000000 00000000 00c031ff 00000000 00080214 00000000 00000000 00000000 00000000 00000039 008b3199 00000001 00000000 00000001 00000000 00000000 00000000 00000000 00000000 00000000 00000000 00000000 00000000 00000000 00000000 00000000 00000000 00000000 00000000 00000000 fb31631e 0000001d 8fae6887 00000011 00000000 00000000 00000000 00000000 00000201 00000101 00000000 00000000 00000000 00000000 00000000 00000000 00000000 00003333 00004ccd 00002667 00000001 00000000 03938700 000004f8
capture_snapshot GLI1 00010000 60000000 2500000 34 0 60000000 0 0 0 0 0 0 0 8eee4088 00000011 8fb46890 00000011 000841ac 00000000 000841ac 00000000 0000006a 00000000 00000000 00000000 00c6323a 00000000 00084216 00000000 00000000 00000000 00000000 00000039 008b3199 00000001 00000000 00000001 00000000 00000000 00000000 00000000 00000000 00000000 00000000 00000000 00000000 00000000 00000000 00000000 00000000 00000000 00000000 00000000 fb3b636b 0000001d 8fb468c2 00000011 00000000 00000000 00000000 00000000 00000201 00000101 00000000 00000000 00000000 00000000 00000000 00000000 00000000 00003333 00004ccd 00002667 00000001 00000000 03938700 000004f8
capture_snapshot GLI1 00010000 60000000 2500000 35 0 60000000 0 0 0 0 0 0 0 8eee4088 00000011 8fba6740 00000011 0008819e 00000000 0008819e 00000000 0000006a 00000000 00000000 00000000 00cc30e8 00000000 00088208 00000000 00000000 00000000 00000000 00000039 008b3199 00000001 00000000 00000001 00000000 00000000 00000000 00000000 00000000 00000000 00000000 00000000 00000000 00000000 00000000 00000000 00000000 00000000 00000000 00000000 fb456125 0000001d 8fba6770 00000011 00000000 00000000 00000000 00000000 00000201 00000101 00000000 00000000 00000000 00000000 00000000 00000000 00000000 00003333 00004ccd 00002667 00000001 00000000 03938700 000004f8
capture_snapshot GLI1 00010000 60000000 2500000 36 0 60000000 0 0 0 0 0 0 0 8eee4088 00000011 8fc067a0 00000011 0008c1a2 00000000 0008c1a2 00000000 0000006a 00000000 00000000 00000000 00d23144 00000000 0008c20c 00000000 00000000 00000000 00000000 00000039 008b3199 00000001 00000000 00000001 00000000 00000000 00000000 00000000 00000000 00000000 00000000 00000000 00000000 00000000 00000000 00000000 00000000 00000000 00000000 00000000 fb4f61ab 0000001d 8fc067cc 00000011 00000000 00000000 00000000 00000000 00000201 00000101 00000000 00000000 00000000 00000000 00000000 00000000 00000000 00003333 00004ccd 00002667 00000001 00000000 03938700 000004f8
capture_snapshot GLI1 00010000 60000000 2500000 37 0 60000000 0 0 0 0 0 0 0 8eee4088 00000011 8fc66860 00000011 000901aa 00000000 000901aa 00000000 0000006a 00000000 00000000 00000000 00d831fe 00000000 00090214 00000000 00000000 00000000 00000000 00000039 008b3199 00000001 00000000 00000001 00000000 00000000 00000000 00000000 00000000 00000000 00000000 00000000 00000000 00000000 00000000 00000000 00000000 00000000 00000000 00000000 fb5962cc 0000001d 8fc66886 00000011 00000000 00000000 00000000 00000000 00000201 00000101 00000000 00000000 00000000 00000000 00000000 00000000 00000000 00003333 00004ccd 00002667 00000001 00000000 03938700 000004f8
capture_snapshot GLI1 00010000 60000000 2500000 38 0 60000000 0 0 0 0 0 0 0 8eee4088 00000011 8fcc6860 00000011 000941aa 00000000 000941aa 00000000 0000006a 00000000 00000000 00000000 00de31ff 00000000 00094214 00000000 00000000 00000000 00000000 00000039 008b3199 00000001 00000000 00000001 00000000 00000000 00000000 00000000 00000000 00000000 00000000 00000000 00000000 00000000 00000000 00000000 00000000 00000000 00000000 00000000 fb6362bc 0000001d 8fcc6887 00000011 00000000 00000000 00000000 00000000 00000201 00000101 00000000 00000000 00000000 00000000 00000000 00000000 00000000 00003333 00004ccd 00002667 00000001 00000000 03938700 000004f8
capture_snapshot GLI1 00010000 60000000 2500000 39 0 60000000 0 0 0 0 0 0 0 8eee4088 00000011 8fd26830 00000011 000981a8 00000000 000981a8 00000000 0000006a 00000000 00000000 00000000 00e431d3 00000000 00098212 00000000 00000000 00000000 00000000 00000039 008b3199 00000001 00000000 00000001 00000000 00000000 00000000 00000000 00000000 00000000 00000000 00000000 00000000 00000000 00000000 00000000 00000000 00000000 00000000 00000000 fb6d625f 0000001d 8fd2685b 00000011 00000000 00000000 00000000 00000000 00000201 00000101 00000000 00000000 00000000 00000000 00000000 00000000 00000000 00003333 00004ccd 00002667 00000001 00000000 03938700 000004f8
capture_snapshot GLI1 00010000 60000000 2500000 40 0 60000000 0 0 0 0 0 0 0 8eee4088 00000011 8fd86758 00000011 0009c19f 00000000 0009c19f 00000000 0000006a 00000000 00000000 00000000 00ea30f7 00000000 0009c209 00000000 00000000 00000000 00000000 00000039 008b3199 00000001 00000000 00000001 00000000 00000000 00000000 00000000 00000000 00000000 00000000 00000000 00000000 00000000 00000000 00000000 00000000 00000000 00000000 00000000 fb7760dd 0000001d 8fd8677f 00000011 00000000 00000000 00000000 00000000 00000201 00000101 00000000 00000000 00000000 00000000 00000000 00000000 00000000 00003333 00004ccd 00002667 00000001 00000000 03938700 000004f8
capture_snapshot GLI1 00010000 60000000 2500000 41 0 60000000 0 0 0 0 0 0 0 8eee4088 00000011 8fde67d0 00000011 000a01a4 00000000 000a01a4 00000000 0000006a 00000000 00000000 00000000 00f03179 00000000 000a020e 00000000 00000000 00000000 00000000 00000039 008b3199 00000001 00000000 00000001 00000000 00000000 00000000 00000000 00000000 00000000 00000000 00000000 00000000 00000000 00000000 00000000 00000000 00000000 00000000 00000000 fb8161a0 0000001d 8fde6801 00000011 00000000 00000000 00000000 00000000 00000201 00000101 00000000 00000000 00000000 00000000 00000000 00000000 00000000 00003333 00004ccd 00002667 00000001 00000000 03938700 000004f8
capture_snapshot GLI1 00010000 60000000 2500000 42 0 60000000 0 0 0 0 0 0 0 8eee4088 00000011 8fe467e8 00000011 000a41a5 00000000 000a41a5 00000000 0000006a 00000000 00000000 00000000 00f6318b 00000000 000a420f 00000000 00000000 00000000 00000000 00000039 008b3199 00000001 00000000 00000001 00000000 00000000 00000000 00000000 00000000 00000000 00000000 00000000 00000000 00000000 00000000 00000000 00000000 00000000 00000000 00000000 fb8b61ac 0000001d 8fe46813 00000011 00000000 00000000 00000000 00000000 00000201 00000101 00000000 00000000 00000000 00000000 00000000 00000000 00000000 00003333 00004ccd 00002667 00000001 00000000 03938700 000004f8
capture_snapshot GLI1 00010000 60000000 2500000 43 0 60000000 0 0 0 0 0 0 0 8eee4088 00000011 8fea6710 00000011 000a819c 00000000 000a819c 00000000 0000006a 00000000 00000000 00000000 00fc30b4 00000000 000a8206 00000000 00000000 00000000 00000000 00000039 008b3199 00000001 00000000 00000001 00000000 00000000 00000000 00000000 00000000 00000000 00000000 00000000 00000000 00000000 00000000 00000000 00000000 00000000 00000000 00000000 fb956032 0000001d 8fea673c 00000011 00000000 00000000 00000000 00000000 00000201 00000101 00000000 00000000 00000000 00000000 00000000 00000000 00000000 00003333 00004ccd 00002667 00000001 00000000 03938700 000004f8
capture_snapshot GLI1 00010000 60000000 2500000 44 0 60000000 0 0 0 0 0 0 0 8eee4088 00000011 8ff067b8 00000011 000ac1a3 00000000 000ac1a3 00000000 0000006a 00000000 00000000 00000000 0102315f 00000000 000ac20d 00000000 00000000 00000000 00000000 00000039 008b3199 00000001 00000000 00000001 00000000 00000000 00000000 00000000 00000000 00000000 00000000 00000000 00000000 00000000 00000000 00000000 00000000 00000000 00000000 00000000 fb9f613b 0000001d 8ff067e7 00000011 00000000 00000000 00000000 00000000 00000202 00000101 00000000 00000000 00000000 00000000 00000000 00000000 00000000 00003333 00004ccd 00002667 00000001 00000000 03938700 000004f8
capture_snapshot GLI1 00010000 60000000 2500000 45 0 60000000 0 0 0 0 0 0 0 8eee4088 00000011 8ff667e8 00000011 000b01a5 00000000 000b01a5 00000000 0000006a 00000000 00000000 00000000 01083183 00000000 000b020f 00000000 00000000 00000000 00000000 00000039 008b3199 00000001 00000000 00000001 00000000 00000000 00000000 00000000 00000000 00000000 00000000 00000000 00000000 00000000 00000000 00000000 00000000 00000000 00000000 00000000 fba96164 0000001d 8ff6680b 00000011 00000000 00000000 00000000 00000000 00000201 00000101 00000000 00000000 00000000 00000000 00000000 00000000 00000000 00003333 00004ccd 00002667 00000001 00000000 03938700 000004f8
capture_snapshot GLI1 00010000 60000000 2500000 46 0 60000000 0 0 0 0 0 0 0 8eee4088 00000011 8ffc6770 00000011 000b41a0 00000000 000b41a0 00000000 0000006a 00000000 00000000 00000000 010e311c 00000000 000b420a 00000000 00000000 00000000 00000000 00000039 008b3199 00000001 00000000 00000001 00000000 00000000 00000000 00000000 00000000 00000000 00000000 00000000 00000000 00000000 00000000 00000000 00000000 00000000 00000000 00000000 fbb360a4 0000001d 8ffc67a4 00000011 00000000 00000000 00000000 00000000 00000202 00000101 00000000 00000000 00000000 00000000 00000000 00000000 00000000 00003333 00004ccd 00002667 00000001 00000000 03938700 000004f8
capture_snapshot GLI1 00010000 60000000 2500000 47 0 60000000 0 0 0 0 0 0 0 8eee4088 00000011 90026830 00000011 000b81a8 00000000 000b81a8 00000000 0000006a 00000000 00000000 00000000 011431d8 00000000 000b8212 00000000 00000000 00000000 00000000 00000039 008b3199 00000001 00000000 00000001 00000000 00000000 00000000 00000000 00000000 00000000 00000000 00000000 00000000 00000000 00000000 00000000 00000000 00000000 00000000 00000000 fbbd61ca 0000001d 90026860 00000011 00000000 00000000 00000000 00000000 00000202 00000100 00000000 00000000 00000000 00000000 00000000 00000000 00000000 00003333 00004ccd 00002667 00000001 00000000 03938700 000004f8
capture_snapshot GLI1 00010000 60000000 2500000 48 0 60000000 0 0 0 0 0 0 0 8eee4088 00000011 90086830 00000011 000bc1a8 00000000 000bc1a8 00000000 0000006a 00000000 00000000 00000000 011a31cb 00000000 000bc212 00000000 00000000 00000000 00000000 00000039 008b3199 00000001 00000000 00000001 00000000 00000000 00000000 00000000 00000000 00000000 00000000 00000000 00000000 00000000 00000000 00000000 00000000 00000000 00000000 00000000 fbc761a1 0000001d 90086853 00000011 00000000 00000000 00000000 00000000 00000201 00000100 00000000 00000000 00000000 00000000 00000000 00000000 00000000 00003333 00004ccd 00002667 00000001 00000000 03938700 000004f8
capture_snapshot GLI1 00010000 60000000 2500000 49 0 60000000 0 0 0 0 0 0 0 8eee4088 00000011 900e6758 00000011 000c019f 00000000 000c019f 00000000 0000006a 00000000 00000000 00000000 012030ff 00000000 000c0209 00000000 00000000 00000000 00000000 00000039 008b3199 00000001 00000000 00000001 00000000 00000000 00000000 00000000 00000000 00000000 00000000 00000000 00000000 00000000 00000000 00000000 00000000 00000000 00000000 00000000 fbd16039 0000001d 900e6787 00000011 00000000 00000000 00000000 00000000 00000202 00000101 00000000 00000000 00000000 00000000 00000000 00000000 00000000 00003333 00004ccd 00002667 00000001 00000000 03938700 000004f8
capture_snapshot GLI1 00010000 60000000 2500000 50 0 60000000 0 0 0 0 0 0 0 8eee4088 00000011 901466e0 00000011 000c419a 00000000 000c419a 00000000 0000006a 00000000 00000000 00000000 0126307c 00000000 000c4204 00000000 00000000 00000000 00000000 00000039 008b3199 00000001 00000000 00000001 00000000 00000000 00000000 00000000 00000000 00000000 00000000 00000000 00000000 00000000 00000000 00000000 00000000 00000000 00000000 00000000 fbdb5f4b 0000001d 90146704 00000011 00000000 00000000 00000000 00000000 00000201 00000101 00000000 00000000 00000000 00000000 00000000 00000000 00000000 00003333 00004ccd 00002667 00000001 00000000 03938700 000004f8
capture_snapshot GLI1 00010000 60000000 2500000 51 0 60000000 0 0 0 0 0 0 0 8eee4088 00000011 901a6770 00000011 000c81a0 00000000 000c81a0 00000000 0000006a 00000000 00000000 00000000 012c3114 00000000 000c820a 00000000 00000000 00000000 00000000 00000039 008b3199 00000001 00000000 00000001 00000000 00000000 00000000 00000000 00000000 00000000 00000000 00000000 00000000 00000000 00000000 00000000 00000000 00000000 00000000 00000000 fbe56035 0000001d 901a679c 00000011 00000000 00000000 00000000 00000000 00000202 00000101 00000000 00000000 00000000 00000000 00000000 00000000 00000000 00003333 00004ccd 00002667 00000001 00000000 03938700 000004f8
capture_snapshot GLI1 00010000 60000000 2500000 52 0 60000000 0 0 0 0 0 0 0 8eee4088 00000011 90206680 00000011 000cc196 00000000 000cc196 00000000 0000006a 00000000 00000000 00000000 01323027 00000000 000cc200 00000000 00000000 00000000 00000000 00000039 008b3199 00000001 00000000 00000001 00000000 00000000 00000000 00000000 00000000 00000000 00000000 00000000 00000000 00000000 00000000 00000000 00000000 00000000 00000000 00000000 fbef5e97 0000001d 902066af 00000011 00000000 00000000 00000000 00000000 00000201 00000101 00000000 00000000 00000000 00000000 00000000 00000000 00000000 00003333 00004ccd 00002667 00000001 00000000 03938700 000004f8
capture_snapshot GLI1 00010000 60000000 2500000 53 0 60000000 0 0 0 0 0 0 0 8eee4088 00000011 90266740 00000011 000d019e 00000000 000d019e 00000000 0000006a 00000000 00000000 00000000 013830eb 00000000 000d0208 00000000 00000000 00000000 00000000 00000039 008b3199 00000001 00000000 00000001 00000000 00000000 00000000 00000000 00000000 00000000 00000000 00000000 00000000 00000000 00000000 00000000 00000000 00000000 00000000 00000000 fbf95fca 0000001d 90266773 00000011 00000000 00000000 00000000 00000000 00000201 00000100 00000000 00000000 00000000 00000000 00000000 00000000 00000000 00003333 00004ccd 00002667 00000001 00000000 03938700 000004f8
capture_snapshot GLI1 00010000 60000000 2500000 54 0 60000000 0 0 0 0 0 0 0 8eee4088 00000011 902c6770 00000011 000d41a0 00000000 000d41a0 00000000 0000006a 00000000 00000000 00000000 013e3114 00000000 000d420a 00000000 00000000 00000000 00000000 00000039 008b3199 00000001 00000000 00000001 00000000 00000000 00000000 00000000 00000000 00000000 00000000 00000000 00000000 00000000 00000000 00000000 00000000 00000000 00000000 00000000 fc035ffb 0000001d 902c679c 00000011 00000000 00000000 00000000 00000000 00000201 00000101 00000000 00000000 00000000 00000000 00000000 00000000 00000000 00003333 00004ccd 00002667 00000001 00000000 03938700 000004f8
capture_snapshot GLI1 00010000 60000000 2500000 55 0 60000000 0 0 0 0 0 0 0 8eee4088 00000011 90326830 00000011 000d81a8 00000000 000d81a8 00000000 0000006a 00000000 00000000 00000000 014431db 00000000 000d8212 00000000 00000000 00000000 00000000 00000039 008b3199 00000001 00000000 00000001 00000000 00000000 00000000 00000000 00000000 00000000 00000000 00000000 00000000 00000000 00000000 00000000 00000000 00000000 00000000 00000000 fc0d6132 0000001d 90326863 00000011 00000000 00000000 00000000 00000000 00000201 00000101 00000000 00000000 00000000 00000000 00000000 00000000 00000000 00003333 00004ccd 00002667 00000001 00000000 03938700 000004f8
capture_snapshot GLI1 00010000 60000000 2500000 56 0 60000000 0 0 0 0 0 0 0 8eee4088 00000011 90386dd0 00000011 000dc1e4 00000000 000dc1e4 00000000 0000006a 00000000 00000000 00000000 014a376d 00000000 000dc24e 00000000 00000000 00000000 00000000 00000039 008b3199 00000001 00000000 00000001 00000000 00000000 00000000 00000000 00000000 00000000 00000000 00000000 00000000 00000000 00000000 00000000 00000000 00000000 00000000 00000000 fc176a68 0000001d 90386df5 00000011 00000000 00000000 00000000 00000000 00000201 00000100 00000000 00000000 00000000 00000000 00000000 00000000 00000000 00003333 00004ccd 00002667 00000001 00000000 03938700 000004f8
capture_snapshot GLI1 00010000 60000000 2500000 57 0 60000000 0 0 0 0 0 0 0 8eee4088 00000011 903e74a8 00000011 000e022d 00000000 000e022d 00000000 0000006a 00000000 00000000 00000000 01503e43 00000000 000e0297 00000000 00000000 00000000 00000000 00000039 008b3199 00000001 00000000 00000001 00000000 00000000 00000000 00000000 00000000 00000000 00000000 00000000 00000000 00000000 00000000 00000000 00000000 00000000 00000000 00000000 fc2175b8 0000001d 903e74cb 00000011 00000000 00000000 00000000 00000000 00000201 00000101 00000000 00000000 00000000 00000000 00000000 00000000 00000000 00003333 00004ccd 00002667 00000001 00000000 03938700 000004f8
capture_snapshot GLI1 00010000 60000000 2500000 58 0 60000000 0 0 0 0 0 0 0 8eee4088 00000011 90446a58 00000011 000e41bf 00000000 000e41bf 00000000 0000006a 00000000 00000000 00000000 015633f8 00000000 000e4229 00000000 00000000 00000000 00000000 00000039 008b3199 00000001 00000000 00000001 00000000 00000000 00000000 00000000 00000000 00000000 00000000 00000000 00000000 00000000 00000000 00000000 00000000 00000000 00000000 00000000 fc2b647e 0000001d 90446a80 00000011 00000000 00000000 00000000 00000000 00000201 00000101 00000000 00000000 00000000 00000000 00000000 00000000 00000000 00003333 00004ccd 00002667 00000001 00000000 03938700 000004f8
capture_snapshot GLI1 00010000 60000000 2500000 59 0 60000000 0 0 0 0 0 0 0 8eee4088 00000011 904a6cc8 00000011 000e81d9 00000000 000e81d9 00000000 0000006a 00000000 00000000 00000000 015c3664 00000000 000e8243 00000000 00000000 00000000 00000000 00000039 008b3199 00000001 00000000 00000001 00000000 00000000 00000000 00000000 00000000 00000000 00000000 00000000 00000000 00000000 00000000 00000000 00000000 00000000 00000000 00000000 fc356873 0000001d 904a6cec 00000011 00000000 00000000 00000000 00000000 00000201 00000101 00000000 00000000 00000000 00000000 00000000 00000000 00000000 00003333 00004ccd 00002667 00000001 00000000 03938700 000004f8
capture_snapshot GLI1 00010000 60000000 2500000 60 0 60000000 0 0 0 0 0 0 0 8eee4088 00000011 90506788 00000011 000ec1a1 00000000 000ec1a1 00000000 0000006a 00000000 00000000 00000000 0162311f 00000000 000ec20b 00000000 00000000 00000000 00000000 00000039 008b3199 00000001 00000000 00000001 00000000 00000000 00000000 00000000 00000000 00000000 00000000 00000000 00000000 00000000 00000000 00000000 00000000 00000000 00000000 00000000 fc3f5f98 0000001d 905067a7 00000011 00000000 00000000 00000000 00000000 00000201 00000101 00000000 00000000 00000000 00000000 00000000 00000000 00000000 00003333 00004ccd 00002667 00000001 00000000 03938700 000004f8
capture_snapshot GLI1 00010000 60000000 2500000 61 0 60000000 0 0 0 0 0 0 0 8eee4088 00000011 90566890 00000011 000f01ac 00000000 000f01ac 00000000 0000006a 00000000 00000000 00000000 0168322f 00000000 000f0216 00000000 00000000 00000000 00000000 00000039 008b3199 00000001 00000000 00000001 00000000 00000000 00000000 00000000 00000000 00000000 00000000 00000000 00000000 00000000 00000000 00000000 00000000 00000000 00000000 00000000 fc49614a 0000001d 905668b7 00000011 00000000 00000000 00000000 00000000 00000201 00000101 00000000 00000000 00000000 00000000 00000000 00000000 00000000 00003333 00004ccd 00002667 00000001 00000000 03938700 000004f8
capture_snapshot GLI1 00010000 60000000 2500000 62 0 60000000 0 0 0 0 0 0 0 8eee4088 00000011 905c6818 00000011 000f41a7 00000000 000f41a7 00000000 0000006a 00000000 00000000 00000000 016e31c2 00000000 000f4211 00000000 00000000 00000000 00000000 00000039 008b3199 00000001 00000000 00000001 00000000 00000000 00000000 00000000 00000000 00000000 00000000 00000000 00000000 00000000 00000000 00000000 00000000 00000000 00000000 00000000 fc536080 0000001d 905c684a 00000011 00000000 00000000 00000000 00000000 00000202 00000100 00000000 00000000 00000000 00000000 00000000 00000000 00000000 00003333 00004ccd 00002667 00000001 00000000 03938700 000004f8
capture_snapshot GLI1 00010000 60000000 2500000 63 0 60000000 0 0 0 0 0 0 0 8eee4088 00000011 906268a8 00000011 000f81ad 00000000 000f81ad 00000000 0000006a 00000000 00000000 00000000 01743246 00000000 000f8217 00000000 00000000 00000000 00000000 00000039 008b3199 00000001 00000000 00000001 00000000 00000000 00000000 00000000 00000000 00000000 00000000 00000000 00000000 00000000 00000000 00000000 00000000 00000000 00000000 00000000 fc5d6148 0000001d 906268ce 00000011 00000000 00000000 00000000 00000000 00000201 00000101 00000000 00000000 00000000 00000000 00000000 00000000 00000000 00003333 00004ccd 00002667 00000001 00000000 03938700 000004f8
capture_snapshot GLI1 00010000 60000000 2500000 64 0 60000000 0 0 0 0 0 0 0 8eee4088 00000011 906867a0 00000011 000fc1a2 00000000 000fc1a2 00000000 0000006a 00000000 00000000 00000000 017a3141 00000000 000fc20c 00000000 00000000 00000000 00000000 00000039 008b3199 00000001 00000000 00000001 00000000 00000000 00000000 00000000 00000000 00000000 00000000 00000000 00000000 00000000 00000000 00000000 00000000 00000000 00000000 00000000 fc675f83 0000001d 906867c9 00000011 00000000 00000000 00000000 00000000 00000201 00000101 00000000 00000000 00000000 00000000 00000000 00000000 00000000 00003333 00004ccd 00002667 00000001 00000000 03938700 000004f8
capture_snapshot GLI1 00010000 60000000 2500000 65 0 60000000 0 0 0 0 0 0 0 8eee4088 00000011 906e69c8 00000011 001001b9 00000000 001001b9 00000000 0000006a 00000000 00000000 00000000 0180336e 00000000 00100223 00000000 00000000 00000000 00000000 00000039 008b3199 00000001 00000000 00000001 00000000 00000000 00000000 00000000 00000000 00000000 00000000 00000000 00000000 00000000 00000000 00000000 00000000 00000000 00000000 00000000 fc71630e 0000001d 906e69f6 00000011 00000000 00000000 00000000 00000000 00000201 00000101 00000000 00000000 00000000 00000000 00000000 00000000 00000000 00003333 00004ccd 00002667 00000001 00000000 03938700 000004f8
capture_snapshot GLI1 00010000 60000000 2500000 66 0 60000000 0 0 0 0 0 0 0 8eee4088 00000011 907465c0 00000011 0010418e 00000000 0010418e 00000000 0000006a 00000000 00000000 00000000 01862f5f 00000000 001041f8 00000000 00000000 00000000 00000000 00000039 008b3199 00000001 00000000 00000001 00000000 00000000 00000000 00000000 00000000 00000000 00000000 00000000 00000000 00000000 00000000 00000000 00000000 00000000 00000000 00000000 fc7b5c39 0000001d 907465e7 00000011 00000000 00000000 00000000 00000000 00000201 00000101 00000000 00000000 00000000 00000000 00000000 00000000 00000000 00003333 00004ccd 00002667 00000001 00000000 03938700 000004f8
capture_snapshot GLI1 00010000 60000000 2500000 67 0 60000000 0 0 0 0 0 0 0 8eee4088 00000011 907a65d8 00000011 0010818f 00000000 0010818f 00000000 0000006a 00000000 00000000 00000000 018c2f83 00000000 001081f9 00000000 00000000 00000000 00000000 00000039 008b3199 00000001 00000000 00000001 00000000 00000000 00000000 00000000 00000000 00000000 00000000 00000000 00000000 00000000 00000000 00000000 00000000 00000000 00000000 00000000 fc855c60 0000001d 907a660b 00000011 00000000 00000000 00000000 00000000 00000202 00000101 00000000 00000000 00000000 00000000 00000000 00000000 00000000 00003333 00004ccd 00002667 00000001 00000000 03938700 000004f8
capture_snapshot GLI1 00010000 60000000 2500000 68 0 60000000 0 0 0 0 0 0 0 8eee4088 00000011 90806620 00000011 0010c192 00000000 0010c192 00000000 0000006a 00000000 00000000 00000000 01922fc9 00000000 0010c1fc 00000000 00000000 00000000 00000000 00000039 008b3199 00000001 00000000 00000001 00000000 00000000 00000000 00000000 00000000 00000000 00000000 00000000 00000000 00000000 00000000 00000000 00000000 00000000 00000000 00000000 fc8f5cc2 0000001d 90806651 00000011 00000000 00000000 00000000 00000000 00000201 00000101 00000000 00000000 00000000 00000000 00000000 00000000 00000000 00003333 00004ccd 00002667 00000001 00000000 03938700 000004f8
capture_snapshot GLI1 00010000 60000000 2500000 69 0 60000000 0 0 0 0 0 0 0 8eee4088 00000011 90866500 00000011 00110186 00000000 00110186 00000000 0000006a 00000000 00000000 00000000 01982e9b 00000000 001101f0 00000000 00000000 00000000 00000000 00000039 008b3199 00000001 00000000 00000001 00000000 00000000 00000000 00000000 00000000 00000000 00000000 00000000 00000000 00000000 00000000 00000000 00000000 00000000 00000000 00000000 fc995ab6 0000001d 90866523 00000011 00000000 00000000 00000000 00000000 00000201 00000101 00000000 00000000 00000000 00000000 00000000 00000000 00000000 00003333 00004ccd 00002667 00000001 00000000 03938700 000004f8
capture_snapshot GLI1 00010000 60000000 2500000 70 0 60000000 0 0 0 0 0 0 0 8eee4088 00000011 908c6638 00000011 00114193 00000000 00114193 00000000 0000006a 00000000 00000000 00000000 019e2fd4 00000000 001141fd 00000000 00000000 00000000 00000000 00000039 008b3199 00000001 00000000 00000001 00000000 00000000 00000000 00000000 00000000 00000000 00000000 00000000 00000000 00000000 00000000 00000000 00000000 00000000 00000000 00000000 fca35cac 0000001d 908c665c 00000011 00000000 00000000 00000000 00000000 00000201 00000101 00000000 00000000 00000000 00000000 00000000 00000000 00000000 00003333 00004ccd 00002667 00000001 00000000 03938700 000004f8
capture_snapshot GLI1 00010000 60000000 2500000 71 0 60000000 0 0 0 0 0 0 0 8eee4088 00000011 909265d8 00000011 0011818f 00000000 0011818f 00000000 0000006a 00000000 00000000 00000000 01a42f84 00000000 001181f9 00000000 00000000 00000000 00000000 00000039 008b3199 00000001 00000000 00000001 00000000 00000000 00000000 00000000 00000000 00000000 00000000 00000000 00000000 00000000 00000000 00000000 00000000 00000000 00000000 00000000 fcad5c13 0000001d 9092660c 00000011 00000000 00000000 00000000 00000000 00000201 00000101 00000000 00000000 00000000 00000000 00000000 00000000 00000000 00003333 00004ccd 00002667 00000001 00000000 03938700 000004f8
capture_snapshot GLI1 00010000 60000000 2500000 72 0 60000000 0 0 0 0 0 0 0 8eee4088 00000011 90986470 00000011 0011c180 00000000 0011c180 00000000 0000006a 00000000 00000000 00000000 01aa2e19 00000000 0011c1ea 00000000 00000000 00000000 00000000 00000039 008b3199 00000001 00000000 00000001 00000000 00000000 00000000 00000000 00000000 00000000 00000000 00000000 00000000 00000000 00000000 00000000 00000000 00000000 00000000 00000000 fcb759a4 0000001d 909864a1 00000011 00000000 00000000 00000000 00000000 00000201 00000101 00000000 00000000 00000000 00000000 00000000 00000000 00000000 00003333 00004ccd 00002667 00000001 00000000 03938700 000004f8
capture_snapshot GLI1 00010000 60000000 2500000 73 0 60000000 0 0 0 0 0 0 0 8eee4088 00000011 909e6638 00000011 00120193 00000000 00120193 00000000 0000006a 00000000 00000000 00000000 01b02fcf 00000000 001201fd 00000000 00000000 00000000 00000000 00000039 008b3199 00000001 00000000 00000001 00000000 00000000 00000000 00000000 00000000 00000000 00000000 00000000 00000000 00000000 00000000 00000000 00000000 00000000 00000000 00000000 fcc15c6a 0000001d 909e6657 00000011 00000000 00000000 00000000 00000000 00000201 00000101 00000000 00000000 00000000 00000000 00000000 00000000 00000000 00003333 00004ccd 00002667 00000001 00000000 03938700 000004f8
capture_snapshot GLI1 00010000 60000000 2500000 74 0 60000000 0 0 0 0 0 0 0 8eee4088 00000011 90a465c0 00000011 0012418e 00000000 0012418e 00000000 0000006a 00000000 00000000 00000000 01b62f56 00000000 001241f8 00000000 00000000 00000000 00000000 00000039 008b3199 00000001 00000000 00000001 00000000 00000000 00000000 00000000 00000000 00000000 00000000 00000000 00000000 00000000 00000000 00000000 00000000 00000000 00000000 00000000 fccb5b8c 0000001d 90a465de 00000011 00000000 00000000 00000000 00000000 00000202 00000101 00000000 00000000 00000000 00000000 00000000 00000000 00000000 00003333 00004ccd 00002667 00000001 00000000 03938700 000004f8
capture_snapshot GLI1 00010000 60000000 2500000 75 0 60000000 0 0 0 0 0 0 0 8eee4088 00000011 90aa63f8 00000011 0012817b 00000000 0012817b 00000000 0000006a 00000000 00000000 00000000 01bc2d9f 00000000 001281e5 00000000 00000000 00000000 00000000 00000039 008b3199 00000001 00000000 00000001 00000000 00000000 00000000 00000000 00000000 00000000 00000000 00000000 00000000 00000000 00000000 00000000 00000000 00000000 00000000 00000000 fcd5589d 0000001d 90aa6427 00000011 00000000 00000000 00000000 00000000 00000202 00000101 00000000 00000000 00000000 00000000 00000000 00000000 00000000 00003333 00004ccd 00002667 00000001 00000000 03938700 000004f8
capture_snapshot GLI1 00010000 60000000 2500000 76 0 60000000 0 0 0 0 0 0 0 8eee4088 00000011 90b06608 00000011 0012c191 00000000 0012c191 00000000 0000006a 00000000 00000000 00000000 01c22faa 00000000 0012c1fb 00000000 00000000 00000000 00000000 00000039 008b3199 00000001 00000000 00000001 00000000 00000000 00000000 00000000 00000000 00000000 00000000 00000000 00000000 00000000 00000000 00000000 00000000 00000000 00000000 00000000 fcdf5bf1 0000001d 90b06632 00000011 00000000 00000000 00000000 00000000 00000202 00000100 00000000 00000000 00000000 00000000 00000000 00000000 00000000 00003333 00004ccd 00002667 00000001 00000000 03938700 000004f8
capture_snapshot GLI1 00010000 60000000 2500000 77 0 60000000 0 0 0 0 0 0 0 8eee4088 00000011 90b66680 00000011 00130196 00000000 00130196 00000000 0000006a 00000000 00000000 00000000 01c8302c 00000000 00130200 00000000 00000000 00000000 00000000 00000039 008b3199 00000001 00000000 00000001 00000000 00000000 00000000 00000000 00000000 00000000 00000000 00000000 00000000 00000000 00000000 00000000 00000000 00000000 00000000 00000000 fce95cb7 0000001d 90b666b4 00000011 00000000 00000000 00000000 00000000 00000201 00000101 00000000 00000000 00000000 00000000 00000000 00000000 00000000 00003333 00004ccd 00002667 00000001 00000000 03938700 000004f8
capture_snapshot GLI1 00010000 60000000 2500000 78 0 60000000 0 0 0 0 0 0 0 8eee4088 00000011 90bc6590 00000011 0013418c 00000000 0013418c 00000000 0000006a 00000000 00000000 00000000 01ce2f3a 00000000 001341f6 00000000 00000000 00000000 00000000 00000039 008b3199 00000001 00000000 00000001 00000000 00000000 00000000 00000000 00000000 00000000 00000000 00000000 00000000 00000000 00000000 00000000 00000000 00000000 00000000 00000000 fcf35b0f 0000001d 90bc65c2 00000011 00000000 00000000 00000000 00000000 00000201 00000101 00000000 00000000 00000000 00000000 00000000 00000000 00000000 00003333 00004ccd 00002667 00000001 00000000 03938700 000004f8
capture_snapshot GLI1 00010000 60000000 2500000 79 0 60000000 0 0 0 0 0 0 0 8eee4088 00000011 90c265c0 00000011 0013818e 00000000 0013818e 00000000 0000006a 00000000 00000000 00000000 01d42f69 00000000 001381f8 00000000 00000000 00000000 00000000 00000039 008b3199 00000001 00000000 00000001 00000000 00000000 00000000 00000000 00000000 00000000 00000000 00000000 00000000 00000000 00000000 00000000 00000000 00000000 00000000 00000000 fcfd5b4b 0000001d 90c265f1 00000011 00000000 00000000 00000000 00000000 00000201 00000101 00000000 00000000 00000000 00000000 00000000 00000000 00000000 00003333 00004ccd 00002667 00000001 00000000 03938700 000004f8
capture_snapshot GLI1 00010000 60000000 2500000 80 0 60000000 0 0 0 0 0 0 0 8eee4088 00000011 90c88c48 00000011 0013c329 00000000 0013c329 00000000 0000006a 00000000 00000000 00000000 01da55f0 00000000 0013c393 00000000 00000000 00000000 00000000 00000039 008b3199 00000001 00000000 00000001 00000000 00000000 00000000 00000000 00000000 00000000 00000000 00000000 00000000 00000000 00000000 00000000 00000000 00000000 00000000 00000000 fd079b6d 0000001d 90c88c78 00000011 00000000 00000000 00000000 00000000 00000201 00000101 00000000 00000000 00000000 00000000 00000000 00000000 00000000 00003333 00004ccd 00002667 00000001 00000000 03938700 000004f8
capture_snapshot GLI1 00010000 60000000 2500000 81 0 60000000 0 0 0 0 0 0 0 8eee4088 00000011 90ce9728 00000011 0014039d 00000000 0014039c 00000000 0000006a 00000000 00000000 00000000 01e060bd 00000000 00140407 00000000 00000000 00000000 00000000 0000003b 008b3199 00000001 00000001 00000001 00000000 00000000 00000000 00000000 00000000 00000000 00000000 00000000 00000000 00000000 00000000 00000000 00000000 00000000 00000000 00000000 fd11ad59 0000001d 90ce9745 00000011 00000000 00000000 00000000 00000000 00000202 00000100 00000000 00000000 00000000 00000000 00000000 00000000 00000000 00003333 00004ccd 00002667 00000001 00000000 03938700 000004f8
capture_snapshot GLI1 00010000 60000000 2500000 82 0 60000000 0 0 0 0 0 0 0 8eee4088 00000011 90d49578 00000011 0014438b 00000000 0014438b 00000000 0000006a 00000000 00000000 00000000 01e65f1f 00000000 001443f5 00000000 00000000 00000000 00000000 00000039 008b3199 00000001 00000000 00000001 00000000 00000000 00000000 00000000 00000000 00000000 00000000 00000000 00000000 00000000 00000000 00000000 00000000 00000000 00000000 00000000 fd1baa95 0000001d 90d495a7 00000011 00000000 00000000 00000000 00000000 00000201 00000101 00000000 00000000 00000000 00000000 00000000 00000000 00000000 00003333 00004ccd 00002667 00000001 00000000 03938700 000004f8
capture_snapshot GLI1 00010000 60000000 2500000 83 0 60000000 0 0 0 0 0 0 0 8eee4088 00000011 90da8408 00000011 001482d1 00000000 001482d1 00000000 0000006a 00000000 00000000 00000000 01ec4db1 00000000 0014833b 00000000 00000000 00000000 00000000 00000039 008b3199 00000001 00000000 00000001 00000000 00000000 00000000 00000000 00000000 00000000 00000000 00000000 00000000 00000000 00000000 00000000 00000000 00000000 00000000 00000000 fd258d73 0000001d 90da8439 00000011 00000000 00000000 00000000 00000000 00000201 00000101 00000000 00000000 00000000 00000000 00000000 00000000 00000000 00003333 00004ccd 00002667 00000001 00000000 03938700 000004f8
capture_snapshot GLI1 00010000 60000000 2500000 84 0 60000000 0 0 0 0 0 0 0 8eee4088 00000011 90e08528 00000011 0014c2dd 00000000 0014c2dd 00000000 0000006a 00000000 00000000 00000000 01f24ecb 00000000 0014c347 00000000 00000000 00000000 00000000 00000039 008b3199 00000001 00000000 00000001 00000000 00000000 00000000 00000000 00000000 00000000 00000000 00000000 00000000 00000000 00000000 00000000 00000000 00000000 00000000 00000000 fd2f8f36 0000001d 90e08553 00000011 00000000 00000000 00000000 00000000 00000202 00000101 00000000 00000000 00000000 00000000 00000000 00000000 00000000 00003333 00004ccd 00002667 00000001 00000000 03938700 000004f8
capture_snapshot GLI1 00010000 60000000 2500000 85 0 60000000 0 0 0 0 0 0 0 8eee4088 00000011 90e68240 00000011 001502be 00000000 001502be 00000000 0000006a 00000000 00000000 00000000 01f84bdc 00000000 00150328 00000000 00000000 00000000 00000000 00000039 008b3199 00000001 00000000 00000001 00000000 00000000 00000000 00000000 00000000 00000000 00000000 00000000 00000000 00000000 00000000 00000000 00000000 00000000 00000000 00000000 fd398a3f 0000001d 90e68264 00000011 00000000 00000000 00000000 00000000 00000201 00000101 00000000 00000000 00000000 00000000 00000000 00000000 00000000 00003333 00004ccd 00002667 00000001 00000000 03938700 000004f8
capture_snapshot GLI1 00010000 60000000 2500000 86 0 60000000 0 0 0 0 0 0 0 8eee4088 00000011 90ec7bc8 00000011 00154279 00000000 00154279 00000000 0000006a 00000000 00000000 00000000 01fe4563 00000000 001542e3 00000000 00000000 00000000 00000000 00000039 008b3199 00000001 00000000 00000001 00000000 00000000 00000000 00000000 00000000 00000000 00000000 00000000 00000000 00000000 00000000 00000000 00000000 00000000 00000000 00000000 fd437f61 0000001d 90ec7beb 00000011 00000000 00000000 00000000 00000000 00000201 00000101 00000000 00000000 00000000 00000000 00000000 00000000 00000000 00003333 00004ccd 00002667 00000001 00000000 03938700 000004f8
capture_snapshot GLI1 00010000 60000000 2500000 87 0 60000000 0 0 0 0 0 0 0 8eee4088 00000011 90f27d48 00000011 00158289 00000000 00158289 00000000 0000006a 00000000 00000000 00000000 020446f1 00000000 001582f3 00000000 00000000 00000000 00000000 00000039 008b3199 00000001 00000000 00000001 00000000 00000000 00000000 00000000 00000000 00000000 00000000 00000000 00000000 00000000 00000000 00000000 00000000 00000000 00000000 00000000 fd4d81e5 0000001d 90f27d79 00000011 00000000 00000000 00000000 00000000 00000201 00000101 00000000 00000000 00000000 00000000 00000000 00000000 00000000 00003333 00004ccd 00002667 00000001 00000000 03938700 000004f8
capture_snapshot GLI1 00010000 60000000 2500000 88 0 60000000 0 0 0 0 0 0 0 8eee4088 00000011 90f87dc0 00000011 0015c28e 00000000 0015c28e 00000000 0000006a 00000000 00000000 00000000 020a4756 00000000 0015c2f8 00000000 00000000 00000000 00000000 00000039 008b3199 00000001 00000000 00000001 00000000 00000000 00000000 00000000 00000000 00000000 00000000 00000000 00000000 00000000 00000000 00000000 00000000 00000000 00000000 00000000 fd57827a 0000001d 90f87dde 00000011 00000000 00000000 00000000 00000000 00000201 00000101 00000000 00000000 00000000 00000000 00000000 00000000 00000000 00003333 00004ccd 00002667 00000001 00000000 03938700 000004f8
capture_snapshot GLI1 00010000 60000000 2500000 89 0 60000000 0 0 0 0 0 0 0 8eee4088 00000011 90fe7c88 00000011 00160281 00000000 00160281 00000000 0000006a 00000000 00000000 00000000 02104633 00000000 001602eb 00000000 00000000 00000000 00000000 00000039 008b3199 00000001 00000000 00000001 00000000 00000000 00000000 00000000 00000000 00000000 00000000 00000000 00000000 00000000 00000000 00000000 00000000 00000000 00000000 00000000 fd618081 0000001d 90fe7cbb 00000011 00000000 00000000 00000000 00000000 00000201 00000101 00000000 00000000 00000000 00000000 00000000 00000000 00000000 00003333 00004ccd 00002667 00000001 00000000 03938700 000004f8
capture_snapshot GLI1 00010000 60000000 2500000 90 0 60000000 0 0 0 0 0 0 0 8eee4088 00000011 91047c58 00000011 0016427f 00000000 0016427f 00000000 0000006a 00000000 00000000 00000000 021645ef 00000000 001642e9 00000000 00000000 00000000 00000000 00000039 008b3199 00000001 00000000 00000001 00000000 00000000 00000000 00000000 00000000 00000000 00000000 00000000 00000000 00000000 00000000 00000000 00000000 00000000 00000000 00000000 fd6b7ffd 0000001d 91047c77 00000011 00000000 00000000 00000000 00000000 00000201 00000101 00000000 00000000 00000000 00000000 00000000 00000000 00000000 00003333 00004ccd 00002667 00000001 00000000 03938700 000004f8
capture_snapshot GLI1 00010000 60000000 2500000 91 0 60000000 0 0 0 0 0 0 0 8eee4088 00000011 910a7cd0 00000011 00168284 00000000 00168284 00000000 0000006a 00000000 00000000 00000000 021c4671 00000000 001682ee 00000000 00000000 00000000 00000000 00000039 008b3199 00000001 00000000 00000001 00000000 00000000 00000000 00000000 00000000 00000000 00000000 00000000 00000000 00000000 00000000 00000000 00000000 00000000 00000000 00000000 fd7580c2 0000001d 910a7cf9 00000011 00000000 00000000 00000000 00000000 00000202 00000101 00000000 00000000 00000000 00000000 00000000 00000000 00000000 00003333 00004ccd 00002667 00000001 00000000 03938700 000004f8
capture_snapshot GLI1 00010000 60000000 2500000 92 0 60000000 0 0 0 0 0 0 0 8eee4088 00000011 91107d30 00000011 0016c288 00000000 0016c288 00000000 0000006a 00000000 00000000 00000000 022246d9 00000000 0016c2f2 00000000 00000000 00000000 00000000 00000039 008b3199 00000001 00000000 00000001 00000000 00000000 00000000 00000000 00000000 00000000 00000000 00000000 00000000 00000000 00000000 00000000 00000000 00000000 00000000 00000000 fd7f815c 0000001d 91107d61 00000011 00000000 00000000 00000000 00000000 00000201 00000100 00000000 00000000 00000000 00000000 00000000 00000000 00000000 00003333 00004ccd 00002667 00000001 00000000 03938700 000004f8
capture_snapshot GLI1 00010000 60000000 2500000 93 0 60000000 0 0 0 0 0 0 0 8eee4088 00000011 91167c28 00000011 0017027d 00000000 0017027d 00000000 0000006a 00000000 00000000 00000000 022845c4 00000000 001702e7 00000000 00000000 00000000 00000000 00000039 008b3199 00000001 00000000 00000001 00000000 00000000 00000000 00000000 00000000 00000000 00000000 00000000 00000000 00000000 00000000 00000000 00000000 00000000 00000000 00000000 fd897f7b 0000001d 91167c4c 00000011 00000000 00000000 00000000 00000000 00000201 00000101 00000000 00000000 00000000 00000000 00000000 00000000 00000000 00003333 00004ccd 00002667 00000001 00000000 03938700 000004f8
capture_snapshot GLI1 00010000 60000000 2500000 94 0 60000000 0 0 0 0 0 0 0 8eee4088 00000011 911c7da8 00000011 0017428d 00000000 0017428d 00000000 0000006a 00000000 00000000 00000000 022e4743 00000000 001742f7 00000000 00000000 00000000 00000000 00000039 008b3199 00000001 00000000 00000001 00000000 00000000 00000000 00000000 00000000 00000000 00000000 00000000 00000000 00000000 00000000 00000000 00000000 00000000 00000000 00000000 fd9381e6 0000001d 911c7dcb 00000011 00000000 00000000 00000000 00000000 00000201 00000101 00000000 00000000 00000000 00000000 00000000 00000000 00000000 00003333 00004ccd 00002667 00000001 00000000 03938700 000004f8
capture_snapshot GLI1 00010000 60000000 2500000 95 0 60000000 0 0 0 0 0 0 0 8eee4088 00000011 91229a10 00000011 001783bc 00000000 001783bc 00000000 0000006a 00000000 00000000 00000000 023463b1 00000000 00178426 00000000 00000000 00000000 00000000 00000039 008b3199 00000001 00000000 00000001 00000000 00000000 00000000 00000000 00000000 00000000 00000000 00000000 00000000 00000000 00000000 00000000 00000000 00000000 00000000 00000000 fd9db133 0000001d 91229a39 00000011 00000000 00000000 00000000 00000000 00000201 00000101 00000000 00000000 00000000 00000000 00000000 00000000 00000000 00003333 00004ccd 00002667 00000001 00000000 03938700 000004f8
capture_snapshot GLI1 00010000 60000000 2500000 96 0 60000000 0 0 0 0 0 0 0 8eee4088 00000011 91288138 00000011 0017c2b3 00000000 0017c2b3 00000000 0000006a 00000000 00000000 00000000 023a4ad0 00000000 0017c31d 00000000 00000000 00000000 00000000 00000039 008b3199 00000001 00000000 00000001 00000000 00000000 00000000 00000000 00000000 00000000 00000000 00000000 00000000 00000000 00000000 00000000 00000000 00000000 00000000 00000000 fda787a9 0000001d 91288158 00000011 00000000 00000000 00000000 00000000 00000202 00000100 00000000 00000000 00000000 00000000 00000000 00000000 00000000 00003333 00004ccd 00002667 00000001 00000000 03938700 000004f8
capture_snapshot GLI1 00010000 60000000 2500000 97 0 60000000 0 0 0 0 0 0 0 8eee4088 00000011 912e8060 00000011 001802aa 00000000 001802aa 00000000 0000006a 00000000 00000000 00000000 02404a07 00000000 00180314 00000000 00000000 00000000 00000000 00000039 008b3199 00000001 00000000 00000001 00000000 00000000 00000000 00000000 00000000 00000000 00000000 00000000 00000000 00000000 00000000 00000000 00000000 00000000 00000000 00000000 fdb18648 0000001d 912e808f 00000011 00000000 00000000 00000000 00000000 00000201 00000101 00000000 00000000 00000000 00000000 00000000 00000000 00000000 00003333 00004ccd 00002667 00000001 00000000 03938700 000004f8
capture_snapshot GLI1 00010000 60000000 2500000 98 0 60000000 0 0 0 0 0 0 0 8eee4088 00000011 91348048 00000011 001842a9 00000000 001842a9 00000000 0000006a 00000000 00000000 00000000 024649e6 00000000 00184313 00000000 00000000 00000000 00000000 00000039 008b3199 00000001 00000000 00000001 00000000 00000000 00000000 00000000 00000000 00000000 00000000 00000000 00000000 00000000 00000000 00000000 00000000 00000000 00000000 00000000 fdbb85fd 0000001d 9134806e 00000011 00000000 00000000 00000000 00000000 00000201 00000101 00000000 00000000 00000000 00000000 00000000 00000000 00000000 00003333 00004ccd 00002667 00000001 00000000 03938700 000004f8
capture_snapshot GLI1 00010000 60000000 2500000 99 0 60000000 0 0 0 0 0 0 0 8eee4088 00000011 913a7eb0 00000011 00188298 00000000 00188298 00000000 0000006a 00000000 00000000 00000000 024c484b 00000000 00188302 00000000 00000000 00000000 00000000 00000039 008b3199 00000001 00000000 00000001 00000000 00000000 00000000 00000000 00000000 00000000 00000000 00000000 00000000 00000000 00000000 00000000 00000000 00000000 00000000 00000000 fdc5833c 0000001d 913a7ed3 00000011 00000000 00000000 00000000 00000000 00000201 00000100 00000000 00000000 00000000 00000000 00000000 00000000 00000000 00003333 00004ccd 00002667 00000001 00000000 03938700 000004f8
capture_snapshot GLI1 00010000 60000000 2500000 100 0 60000000 0 0 0 0 0 0 0 8eee4088 00000011 914083d8 00000011 0018c2cf 00000000 0018c2cf 00000000 0000006a 00000000 00000000 00000000 02524d7b 00000000 0018c339 00000000 00000000 00000000 00000000 00000039 008b3199 00000001 00000000 00000001 00000000 00000000 00000000 00000000 00000000 00000000 00000000 00000000 00000000 00000000 00000000 00000000 00000000 00000000 00000000 00000000 fdcf8bcd 0000001d 91408403 00000011 00000000 00000000 00000000 00000000 00000201 00000101 00000000 00000000 00000000 00000000 00000000 00000000 00000000 00003333 00004ccd 00002667 00000001 00000000 03938700 000004f8
capture_snapshot GLI1 00010000 60000000 2500000 101 0 60000000 0 0 0 0 0 0 0 8eee4088 00000011 91468dc8 00000011 00190339 00000000 00190339 00000000 0000006a 00000000 00000000 00000000 02585760 00000000 001903a3 00000000 00000000 00000000 00000000 00000039 008b3199 00000001 00000000 00000001 00000000 00000000 00000000 00000000 00000000 00000000 00000000 00000000 00000000 00000000 00000000 00000000 00000000 00000000 00000000 00000000 fdd99c38 0000001d 91468de8 00000011 00000000 00000000 00000000 00000000 00000201 00000101 00000000 00000000 00000000 00000000 00000000 00000000 00000000 00003333 00004ccd 00002667 00000001 00000000 03938700 000004f8
capture_snapshot GLI1 00010000 60000000 2500000 102 0 60000000 0 0 0 0 0 0 0 8eee4088 00000011 914c8e10 00000011 0019433c 00000000 0019433c 00000000 0000006a 00000000 00000000 00000000 025e57af 00000000 001943a6 00000000 00000000 00000000 00000000 00000039 008b3199 00000001 00000000 00000001 00000000 00000000 00000000 00000000 00000000 00000000 00000000 00000000 00000000 00000000 00000000 00000000 00000000 00000000 00000000 00000000 fde39ca8 0000001d 914c8e37 00000011 00000000 00000000 00000000 00000000 00000201 00000101 00000000 00000000 00000000 00000000 00000000 00000000 00000000 00003333 00004ccd 00002667 00000001 00000000 03938700 000004f8
capture_snapshot GLI1 00010000 60000000 2500000 103 0 60000000 0 0 0 0 0 0 0 8eee4088 00000011 91529f80 00000011 001983f6 00000000 001983f6 00000000 0000006a 00000000 00000000 00000000 02646916 00000000 00198460 00000000 00000000 00000000 00000000 00000039 008b3199 00000001 00000000 00000001 00000000 00000000 00000000 00000000 00000000 00000000 00000000 00000000 00000000 00000000 00000000 00000000 00000000 00000000 00000000 00000000 fdedb995 0000001d 91529f9e 00000011 00000000 00000000 00000000 00000000 00000201 00000100 00000000 00000000 00000000 00000000 00000000 00000000 00000000 00003333 00004ccd 00002667 00000001 00000000 03938700 000004f8
capture_snapshot GLI1 00010000 60000000 2500000 104 0 60000000 0 0 0 0 0 0 0 8eee4088 00000011 91588cd8 00000011 0019c32f 00000000 0019c32f 00000000 0000006a 00000000 00000000 00000000 026a5682 00000000 0019c399 00000000 00000000 00000000 00000000 00000039 008b3199 00000001 00000000 00000001 00000000 00000000 00000000 00000000 00000000 00000000 00000000 00000000 00000000 00000000 00000000 00000000 00000000 00000000 00000000 00000000 fdf79a8b 0000001d 91588d0a 00000011 00000000 00000000 00000000 00000000 00000201 00000100 00000000 00000000 00000000 00000000 00000000 00000000 00000000 00003333 00004ccd 00002667 00000001 00000000 03938700 000004f8
capture_snapshot GLI1 00010000 60000000 2500000 105 0 60000000 0 0 0 0 0 0 0 8eee4088 00000011 915e8990 00000011 001a030c 00000000 001a030c 00000000 0000006a 00000000 00000000 00000000 0270532b 00000000 001a0376 00000000 00000000 00000000 00000000 00000039 008b3199 00000001 00000000 00000001 00000000 00000000 00000000 00000000 00000000 00000000 00000000 00000000 00000000 00000000 00000000 00000000 00000000 00000000 00000000 00000000 fe0194e7 0000001d 915e89b3 00000011 00000000 00000000 00000000 00000000 00000201 00000101 00000000 00000000 00000000 00000000 00000000 00000000 00000000 00003333 00004ccd 00002667 00000001 00000000 03938700 000004f8
capture_snapshot GLI1 00010000 60000000 2500000 106 0 60000000 0 0 0 0 0 0 0 8eee4088 00000011 916484b0 00000011 001a42d8 00000000 001a42d8 00000000 0000006a 00000000 00000000 00000000 02764e47 00000000 001a4342 00000000 00000000 00000000 00000000 00000039 008b3199 00000001 00000000 00000001 00000000 00000000 00000000 00000000 00000000 00000000 00000000 00000000 00000000 00000000 00000000 00000000 00000000 00000000 00000000 00000000 fe0b8cac 0000001d 916484cf 00000011 00000000 00000000 00000000 00000000 00000202 00000101 00000000 00000000 00000000 00000000 00000000 00000000 00000000 00003333 00004ccd 00002667 00000001 00000000 03938700 000004f8
capture_snapshot GLI1 00010000 60000000 2500000 107 0 60000000 0 0 0 0 0 0 0 8eee4088 00000011 916a88e8 00000011 001a8305 00000000 001a8305 00000000 0000006a 00000000 00000000 00000000 027c5286 00000000 001a836f 00000000 00000000 00000000 00000000 00000039 008b3199 00000001 00000000 00000001 00000000 00000000 00000000 00000000 00000000 00000000 00000000 00000000 00000000 00000000 00000000 00000000 00000000 00000000 00000000 00000000 fe1593ad 0000001d 916a890e 00000011 00000000 00000000 00000000 00000000 00000201 00000101 00000000 00000000 00000000 00000000 00000000 00000000 00000000 00003333 00004ccd 00002667 00000001 00000000 03938700 000004f8
capture_snapshot GLI1 00010000 60000000 2500000 108 0 60000000 0 0 0 0 0 0 0 8eee4088 00000011 91708e10 00000011 001ac33c 00000000 001ac33c 00000000 0000006a 00000000 00000000 00000000 028257bb 00000000 001ac3a6 00000000 00000000 00000000 00000000 00000039 008b3199 00000001 00000000 00000001 00000000 00000000 00000000 00000000 00000000 00000000 00000000 00000000 00000000 00000000 00000000 00000000 00000000 00000000 00000000 00000000 fe1f9c47 0000001d 91708e43 00000011 00000000 00000000 00000000 00000000 00000201 00000101 00000000 00000000 00000000 00000000 00000000 00000000 00000000 00003333 00004ccd 00002667 00000001 00000000 03938700 000004f8
capture_snapshot GLI1 00010000 60000000 2500000 109 0 60000000 0 0 0 0 0 0 0 8eee4088 00000011 91768b88 00000011 001b0321 00000000 001b0321 00000000 0000006a 00000000 00000000 00000000 02885523 00000000 001b038b 00000000 00000000 00000000 00000000 00000039 008b3199 00000001 00000000 00000001 00000000 00000000 00000000 00000000 00000000 00000000 00000000 00000000 00000000 00000000 00000000 00000000 00000000 00000000 00000000 00000000 fe2997e0 0000001d 91768bab 00000011 00000000 00000000 00000000 00000000 00000202 00000101 00000000 00000000 00000000 00000000 00000000 00000000 00000000 00003333 00004ccd 00002667 00000001 00000000 03938700 000004f8
capture_snapshot GLI1 00010000 60000000 2500000 110 0 60000000 0 0 0 0 0 0 0 8eee4088 00000011 917c8990 00000011 001b430c 00000000 001b430c 00000000 0000006a 00000000 00000000 00000000 028e5336 00000000 001b4376 00000000 00000000 00000000 00000000 00000039 008b3199 00000001 00000000 00000001 00000000 00000000 00000000 00000000 00000000 00000000 00000000 00000000 00000000 00000000 00000000 00000000 00000000 00000000 00000000 00000000 fe339496 0000001d 917c89be 00000011 00000000 00000000 00000000 00000000 00000201 00000101 00000000 00000000 00000000 00000000 00000000 00000000 00000000 00003333 00004ccd 00002667 00000001 00000000 03938700 000004f8
capture_snapshot GLI1 00010000 60000000 2500000 111 0 60000000 0 0 0 0 0 0 0 8eee4088 00000011 918286f0 00000011 001b82f0 00000000 001b82f0 00000000 0000006a 00000000 00000000 00000000 0294508b 00000000 001b835a 00000000 00000000 00000000 00000000 00000039 008b3199 00000001 00000000 00000001 00000000 00000000 00000000 00000000 00000000 00000000 00000000 00000000 00000000 00000000 00000000 00000000 00000000 00000000 00000000 00000000 fe3d9011 0000001d 91828713 00000011 00000000 00000000 00000000 00000000 00000202 00000101 00000000 00000000 00000000 00000000 00000000 00000000 00000000 00003333 00004ccd 00002667 00000001 00000000 03938700 000004f8
capture_snapshot GLI1 00010000 60000000 2500000 112 0 60000000 0 0 0 0 0 0 0 8eee4088 00000011 91888a20 00000011 001bc312 00000000 001bc312 00000000 0000006a 00000000 00000000 00000000 029a53c7 00000000 001bc37c 00000000 00000000 00000000 00000000 00000039 008b3199 00000001 00000000 00000001 00000000 00000000 00000000 00000000 00000000 00000000 00000000 00000000 00000000 00000000 00000000 00000000 00000000 00000000 00000000 00000000 fe479562 0000001d 91888a4f 00000011 00000000 00000000 00000000 00000000 00000201 00000101 00000000 00000000 00000000 00000000 00000000 00000000 00000000 00003333 00004ccd 00002667 00000001 00000000 03938700 000004f8
capture_snapshot GLI1 00010000 60000000 2500000 113 0 60000000 0 0 0 0 0 0 0 8eee4088 00000011 918e9728 00000011 001c039d 00000000 001c039d 00000000 0000006a 00000000 00000000 00000000 02a060cc 00000000 001c0407 00000000 00000000 00000000 00000000 00000039 008b3199 00000001 00000000 00000001 00000000 00000000 00000000 00000000 00000000 00000000 00000000 00000000 00000000 00000000 00000000 00000000 00000000 00000000 00000000 00000000 fe51ab02 0000001d 918e9754 00000011 00000000 00000000 00000000 00000000 00000201 00000101 00000000 00000000 00000000 00000000 00000000 00000000 00000000 00003333 00004ccd 00002667 00000001 00000000 03938700 000004f8
capture_snapshot GLI1 00010000 60000000 2500000 114 0 60000000 0 0 0 0 0 0 0 8eee4088 00000011 9194a130 00000011 001c4408 00000000 001c4408 00000000 0000006a 00000000 00000000 00000000 02a66ac6 00000000 001c4472 00000000 00000000 00000000 00000000 00000039 008b3199 00000001 00000000 00000001 00000000 00000000 00000000 00000000 00000000 00000000 00000000 00000000 00000000 00000000 00000000 00000000 00000000 00000000 00000000 00000000 fe5bbb8d 0000001d 9194a14e 00000011 00000000 00000000 00000000 00000000 00000201 00000101 00000000 00000000 00000000 00000000 00000000 00000000 00000000 00003333 00004ccd 00002667 00000001 00000000 03938700 000004f8
capture_snapshot GLI1 00010000 60000000 2500000 115 0 60000000 0 0 0 0 0 0 0 8eee4088 00000011 919a9ab8 00000011 001c83c3 00000000 001c83c3 00000000 0000006a 00000000 00000000 00000000 02ac6451 00000000 001c842d 00000000 00000000 00000000 00000000 00000039 008b3199 00000001 00000000 00000001 00000000 00000000 00000000 00000000 00000000 00000000 00000000 00000000 00000000 00000000 00000000 00000000 00000000 00000000 00000000 00000000 fe65b0b7 0000001d 919a9ad9 00000011 00000000 00000000 00000000 00000000 00000202 00000101 00000000 00000000 00000000 00000000 00000000 00000000 00000000 00003333 00004ccd 00002667 00000001 00000000 03938700 000004f8
capture_snapshot GLI1 00010000 60000000 2500000 116 0 60000000 0 0 0 0 0 0 0 8eee4088 00000011 91a08660 00000011 001cc2ea 00000000 001cc2ea 00000000 0000006a 00000000 00000000 00000000 02b25006 00000000 001cc354 00000000 00000000 00000000 00000000 00000039 008b3199 00000001 00000000 00000001 00000000 00000000 00000000 00000000 00000000 00000000 00000000 00000000 00000000 00000000 00000000 00000000 00000000 00000000 00000000 00000000 fe6f8ed1 0000001d 91a0868e 00000011 00000000 00000000 00000000 00000000 00000201 00000101 00000000 00000000 00000000 00000000 00000000 00000000 00000000 00003333 00004ccd 00002667 00000001 00000000 03938700 000004f8
capture_snapshot GLI1 00010000 60000000 2500000 117 0 60000000 0 0 0 0 0 0 0 8eee4088 00000011 91a69500 00000011 001d0386 00000000 001d0386 00000000 0000006a 00000000 00000000 00000000 02b85e97 00000000 001d03f0 00000000 00000000 00000000 00000000 00000039 008b3199 00000001 00000000 00000001 00000000 00000000 00000000 00000000 00000000 00000000 00000000 00000000 00000000 00000000 00000000 00000000 00000000 00000000 00000000 00000000 fe79a706 0000001d 91a6951f 00000011 00000000 00000000 00000000 00000000 00000201 00000101 00000000 00000000 00000000 00000000 00000000 00000000 00000000 00003333 00004ccd 00002667 00000001 00000000 03938700 000004f8
capture_snapshot GLI1 00010000 60000000 2500000 118 0 60000000 0 0 0 0 0 0 0 8eee4088 00000011 91ac8810 00000011 001d42fc 00000000 001d42fc 00000000 0000006a 00000000 00000000 00000000 02be51b4 00000000 001d4366 00000000 00000000 00000000 00000000 00000039 008b3199 00000001 00000000 00000001 00000000 00000000 00000000 00000000 00000000 00000000 00000000 00000000 00000000 00000000 00000000 00000000 00000000 00000000 00000000 00000000 fe839178 0000001d 91ac883c 00000011 00000000 00000000 00000000 00000000 00000201 00000101 00000000 00000000 00000000 00000000 00000000 00000000 00000000 00003333 00004ccd 00002667 00000001 00000000 03938700 000004f8
capture_snapshot GLI1 00010000 60000000 2500000 119 0 60000000 0 0 0 0 0 0 0 8eee4088 00000011 91b29380 00000011 001d8376 00000000 001d8376 00000000 0000006a 00000000 00000000 00000000 02c45d29 00000000 001d83e0 00000000 00000000 00000000 00000000 00000039 008b3199 00000001 00000000 00000001 00000000 00000000 00000000 00000000 00000000 00000000 00000000 00000000 00000000 00000000 00000000 00000000 00000000 00000000 00000000 00000000 fe8da47c 0000001d 91b293b1 00000011 00000000 00000000 00000000 00000000 00000201 00000100 00000000 00000000 00000000 00000000 00000000 00000000 00000000 00003333 00004ccd 00002667 00000001 00000000 03938700 000004f8
capture_snapshot GLI1 00010000 60000000 2500000 120 0 60000000 0 0 0 0 0 0 0 8eee4088 00000011 91b886f0 00000011 001dc2f0 00000000 001dc2f0 00000000 0000006a 00000000 00000000 00000000 02ca508f 00000000 001dc35a 00000000 00000000 00000000 00000000 00000039 008b3199 00000001 00000000 00000001 00000000 00000000 00000000 00000000 00000000 00000000 00000000 00000000 00000000 00000000 00000000 00000000 00000000 00000000 00000000 00000000 fe978f68 0000001d 91b88717 00000011 00000000 00000000 00000000 00000000 00000201 00000101 00000000 00000000 00000000 00000000 00000000 00000000 00000000 00003333 00004ccd 00002667 00000001 00000000 03938700 000004f8
capture_snapshot GLI1 00010000 60000000 2500000 121 0 60000000 0 0 0 0 0 0 0 8eee4088 00000011 91be8ab0 00000011 001e0318 00000000 001e0318 00000000 0000006a 00000000 00000000 00000000 02d0544d 00000000 001e0382 00000000 00000000 00000000 00000000 00000039 008b3199 00000001 00000000 00000001 00000000 00000000 00000000 00000000 00000000 00000000 00000000 00000000 00000000 00000000 00000000 00000000 00000000 00000000 00000000 00000000 fea19591 0000001d 91be8ad5 00000011 00000000 00000000 00000000 00000000 00000201 00000100 00000000 00000000 00000000 00000000 00000000 00000000 00000000 00003333 00004ccd 00002667 00000001 00000000 03938700 000004f8
capture_snapshot GLI1 00010000 60000000 2500000 122 0 60000000 0 0 0 0 0 0 0 8eee4088 00000011 91c49c80 00000011 001e43d6 00000000 001e43d6 00000000 0000006a 00000000 00000000 00000000 02d6662c 00000000 001e4440 00000000 00000000 00000000 00000000 00000039 008b3199 00000001 00000000 00000001 00000000 00000000 00000000 00000000 00000000 00000000 00000000 00000000 00000000 00000000 00000000 00000000 00000000 00000000 00000000 00000000 feabb346 0000001d 91c49cb4 00000011 00000000 00000000 00000000 00000000 00000202 00000101 00000000 00000000 00000000 00000000 00000000 00000000 00000000 00003333 00004ccd 00002667 00000001 00000000 03938700 000004f8
capture_snapshot GLI1 00010000 60000000 2500000 123 0 60000000 0 0 0 0 0 0 0 8eee4088 00000011 91ca9fc8 00000011 001e83f9 00000000 001e83f9 00000000 0000006a 00000000 00000000 00000000 02dc695e 00000000 001e8463 00000000 00000000 00000000 00000000 00000039 008b3199 00000001 00000000 00000001 00000000 00000000 00000000 00000000 00000000 00000000 00000000 00000000 00000000 00000000 00000000 00000000 00000000 00000000 00000000 00000000 feb5b885 0000001d 91ca9fe6 00000011 00000000 00000000 00000000 00000000 00000201 00000101 00000000 00000000 00000000 00000000 00000000 00000000 00000000 00003333 00004ccd 00002667 00000001 00000000 03938700 000004f8
capture_snapshot GLI1 00010000 60000000 2500000 124 0 60000000 0 0 0 0 0 0 0 8eee4088 00000011 91d0ac10 00000011 001ec47c 00000000 001ec47c 00000000 0000006a 00000000 00000000 00000000 02e275ae 00000000 001ec4e6 00000000 00000000 00000000 00000000 00000039 008b3199 00000001 00000000 00000001 00000000 00000000 00000000 00000000 00000000 00000000 00000000 00000000 00000000 00000000 00000000 00000000 00000000 00000000 00000000 00000000 febfccf8 0000001d 91d0ac36 00000011 00000000 00000000 00000000 00000000 00000201 00000101 00000000 00000000 00000000 00000000 00000000 00000000 00000000 00003333 00004ccd 00002667 00000001 00000000 03938700 000004f8
capture_snapshot GLI1 00010000 60000000 2500000 125 0 60000000 0 0 0 0 0 0 0 8eee4088 00000011 91d686a8 00000011 001f02ed 00000000 001f02ed 00000000 0000006a 00000000 00000000 00000000 02e85047 00000000 001f0357 00000000 00000000 00000000 00000000 00000039 008b3199 00000001 00000000 00000001 00000000 00000000 00000000 00000000 00000000 00000000 00000000 00000000 00000000 00000000 00000000 00000000 00000000 00000000 00000000 00000000 fec98e8f 0000001d 91d686cf 00000011 00000000 00000000 00000000 00000000 00000201 00000101 00000000 00000000 00000000 00000000 00000000 00000000 00000000 00003333 00004ccd 00002667 00000001 00000000 03938700 000004f8
capture_snapshot GLI1 00010000 60000000 2500000 126 0 60000000 0 0 0 0 0 0 0 8eee4088 00000011 91dc8a38 00000011 001f4313 00000000 001f4313 00000000 0000006a 00000000 00000000 00000000 02ee53d4 00000000 001f437d 00000000 00000000 00000000 00000000 00000039 008b3199 00000001 00000000 00000001 00000000 00000000 00000000 00000000 00000000 00000000 00000000 00000000 00000000 00000000 00000000 00000000 00000000 00000000 00000000 00000000 fed39466 0000001d 91dc8a5c 00000011 00000000 00000000 00000000 00000000 00000201 00000101 00000000 00000000 00000000 00000000 00000000 00000000 00000000 00003333 00004ccd 00002667 00000001 00000000 03938700 000004f8
capture_snapshot GLI1 00010000 60000000 2500000 127 0 60000000 0 0 0 0 0 0 0 8eee4088 00000011 91e28d38 00000011 001f8333 00000000 001f8333 00000000 0000006a 00000000 00000000 00000000 02f456de 00000000 001f839d 00000000 00000000 00000000 00000000 00000039 008b3199 00000001 00000000 00000001 00000000 00000000 00000000 00000000 00000000 00000000 00000000 00000000 00000000 00000000 00000000 00000000 00000000 00000000 00000000 00000000 fedd9963 0000001d 91e28d66 00000011 00000000 00000000 00000000 00000000 00000201 00000101 00000000 00000000 00000000 00000000 00000000 00000000 00000000 00003333 00004ccd 00002667 00000001 00000000 03938700 000004f8
capture_snapshot GLI1 00010000 60000000 2500000 128 0 60000000 0 0 0 0 0 0 0 8eee4088 00000011 91e88c00 00000011 001fc326 00000000 001fc326 00000000 0000006a 00000000 00000000 00000000 02fa5598 00000000 001fc390 00000000 00000000 00000000 00000000 00000039 008b3199 00000001 00000000 00000001 00000000 00000000 00000000 00000000 00000000 00000000 00000000 00000000 00000000 00000000 00000000 00000000 00000000 00000000 00000000 00000000 fee79730 0000001d 91e88c20 00000011 00000000 00000000 00000000 00000000 00000201 00000100 00000000 00000000 00000000 00000000 00000000 00000000 00000000 00003333 00004ccd 00002667 00000001 00000000 03938700 000004f8
capture_snapshot GLI1 00010000 60000000 2500000 129 0 60000000 0 0 0 0 0 0 0 8eee4088 00000011 91ee8870 00000011 00200300 00000000 00200300 00000000 0000006a 00000000 00000000 00000000 0300520a 00000000 0020036a 00000000 00000000 00000000 00000000 00000039 008b3199 00000001 00000000 00000001 00000000 00000000 00000000 00000000 00000000 00000000 00000000 00000000 00000000 00000000 00000000 00000000 00000000 00000000 00000000 00000000 fef19130 0000001d 91ee8892 00000011 00000000 00000000 00000000 00000000 00000201 00000101 00000000 00000000 00000000 00000000 00000000 00000000 00000000 00003333 00004ccd 00002667 00000001 00000000 03938700 000004f8
capture_snapshot GLI1 00010000 60000000 2500000 130 0 60000000 0 0 0 0 0 0 0 8eee4088 00000011 91f48720 00000011 002042f2 00000000 002042f2 00000000 0000006a 00000000 00000000 00000000 030650c3 00000000 0020435c 00000000 00000000 00000000 00000000 00000039 008b3199 00000001 00000000 00000001 00000000 00000000 00000000 00000000 00000000 00000000 00000000 00000000 00000000 00000000 00000000 00000000 00000000 00000000 00000000 00000000 fefb8efb 0000001d 91f4874b 00000011 00000000 00000000 00000000 00000000 00000201 00000100 00000000 00000000 00000000 00000000 00000000 00000000 00000000 00003333 00004ccd 00002667 00000001 00000000 03938700 000004f8
capture_snapshot GLI1 00010000 60000000 2500000 131 0 60000000 0 0 0 0 0 0 0 8eee4088 00000011 91fa8900 00000011 00208306 00000000 00208306 00000000 0000006a 00000000 00000000 00000000 030c52a9 00000000 00208370 00000000 00000000 00000000 00000000 00000039 008b3199 00000001 00000000 00000001 00000000 00000000 00000000 00000000 00000000 00000000 00000000 00000000 00000000 00000000 00000000 00000000 00000000 00000000 00000000 00000000 ff059212 0000001d 91fa8931 00000011 00000000 00000000 00000000 00000000 00000201 00000101 00000000 00000000 00000000 00000000 00000000 00000000 00000000 00003333 00004ccd 00002667 00000001 00000000 03938700 000004f8
capture_snapshot GLI1 00010000 60000000 2500000 132 0 60000000 0 0 0 0 0 0 0 8eee4088 00000011 920094e8 00000011 0020c385 00000000 0020c385 00000000 0000006a 00000000 00000000 00000000 03125e8e 00000000 0020c3ef 00000000 00000000 00000000 00000000 00000039 008b3199 00000001 00000000 00000001 00000000 00000000 00000000 00000000 00000000 00000000 00000000 00000000 00000000 00000000 00000000 00000000 00000000 00000000 00000000 00000000 ff0fa5d0 0000001d 92009516 00000011 00000000 00000000 00000000 00000000 00000201 00000101 00000000 00000000 00000000 00000000 00000000 00000000 00000000 00003333 00004ccd 00002667 00000001 00000000 03938700 000004f8
capture_snapshot GLI1 00010000 60000000 2500000 133 0 60000000 0 0 0 0 0 0 0 8eee4088 00000011 92069f68 00000011 002103f5 00000000 002103f5 00000000 0000006a 00000000 00000000 00000000 03186904 00000000 0021045f 00000000 00000000 00000000 00000000 00000039 008b3199 00000001 00000000 00000001 00000000 00000000 00000000 00000000 00000000 00000000 00000000 00000000 00000000 00000000 00000000 00000000 00000000 00000000 00000000 00000000 ff19b72d 0000001d 92069f8c 00000011 00000000 00000000 00000000 00000000 00000201 00000101 00000000 00000000 00000000 00000000 00000000 00000000 00000000 00003333 00004ccd 00002667 00000001 00000000 03938700 000004f8
capture_snapshot GLI1 00010000 60000000 2500000 134 0 60000000 0 0 0 0 0 0 0 8eee4088 00000011 920c9d10 00000011 002143dc 00000000 002143dc 00000000 0000006a 00000000 00000000 00000000 031e66b9 00000000 00214446 00000000 00000000 00000000 00000000 00000039 008b3199 00000001 00000000 00000001 00000000 00000000 00000000 00000000 00000000 00000000 00000000 00000000 00000000 00000000 00000000 00000000 00000000 00000000 00000000 00000000 ff23b346 0000001d 920c9d41 00000011 00000000 00000000 00000000 00000000 00000201 00000101 00000000 00000000 00000000 00000000 00000000 00000000 00000000 00003333 00004ccd 00002667 00000001 00000000 03938700 000004f8
capture_snapshot GLI1 00010000 60000000 2500000 135 0 60000000 0 0 0 0 0 0 0 8eee4088 00000011 92128768 00000011 002182f5 00000000 002182f5 00000000 0000006a 00000000 00000000 00000000 03245114 00000000 0021835f 00000000 00000000 00000000 00000000 00000039 008b3199 00000001 00000000 00000001 00000000 00000000 00000000 00000000 00000000 00000000 00000000 00000000 00000000 00000000 00000000 00000000 00000000 00000000 00000000 00000000 ff2d8f20 0000001d 9212879c 00000011 00000000 00000000 00000000 00000000 00000202 00000101 00000000 00000000 00000000 00000000 00000000 00000000 00000000 00003333 00004ccd 00002667 00000001 00000000 03938700 000004f8
capture_snapshot GLI1 00010000 60000000 2500000 136 0 60000000 0 0 0 0 0 0 0 8eee4088 00000011 92189518 00000011 0021c387 00000000 0021c387 00000000 0000006a 00000000 00000000 00000000 032a5eb1 00000000 0021c3f1 00000000 00000000 00000000 00000000 00000039 008b3199 00000001 00000000 00000001 00000000 00000000 00000000 00000000 00000000 00000000 00000000 00000000 00000000 00000000 00000000 00000000 00000000 00000000 00000000 00000000 ff37a5bd 0000001d 92189539 00000011 00000000 00000000 00000000 00000000 00000201 00000100 00000000 00000000 00000000 00000000 00000000 00000000 00000000 00003333 00004ccd 00002667 00000001 00000000 03938700 000004f8
capture_snapshot GLI1 00010000 60000000 2500000 137 0 60000000 0 0 0 0 0 0 0 8eee4088 00000011 921e8d08 00000011 00220331 00000000 00220330 00000000 0000006a 00000000 00000000 00000000 0330569d 00000000 0022039b 00000000 00000000 00000000 00000000 0000003b 008b3199 00000001 00000001 00000001 00000000 00000000 00000000 00000000 00000000 00000000 00000000 00000000 00000000 00000000 00000000 00000000 00000000 00000000 00000000 00000000 ff419833 0000001d 921e8d25 00000011 00000000 00000000 00000000 00000000 00000201 00000100 00000000 00000000 00000000 00000000 00000000 00000000 00000000 00003333 00004ccd 00002667 00000001 00000000 03938700 000004f8
capture_snapshot GLI1 00010000 60000000 2500000 138 0 60000000 0 0 0 0 0 0 0 8eee4088 00000011 92248c48 00000011 00224329 00000000 00224329 00000000 0000006a 00000000 00000000 00000000 033655e9 00000000 00224393 00000000 00000000 00000000 00000000 00000039 008b3199 00000001 00000000 00000001 00000000 00000000 00000000 00000000 00000000 00000000 00000000 00000000 00000000 00000000 00000000 00000000 00000000 00000000 00000000 00000000 ff4b96f4 0000001d 92248c71 00000011 00000000 00000000 00000000 00000000 00000201 00000101 00000000 00000000 00000000 00000000 00000000 00000000 00000000 00003333 00004ccd 00002667 00000001 00000000 03938700 000004f8
capture_snapshot GLI1 00010000 60000000 2500000 139 0 60000000 0 0 0 0 0 0 0 8eee4088 00000011 922a87c8 00000011 002282f9 00000000 002282f9 00000000 0000006a 00000000 00000000 00000000 033c5161 00000000 00228363 00000000 00000000 00000000 00000000 00000039 008b3199 00000001 00000000 00000001 00000000 00000000 00000000 00000000 00000000 00000000 00000000 00000000 00000000 00000000 00000000 00000000 00000000 00000000 00000000 00000000 ff558f52 0000001d 922a87e9 00000011 00000000 00000000 00000000 00000000 00000201 00000101 00000000 00000000 00000000 00000000 00000000 00000000 00000000 00003333 00004ccd 00002667 00000001 00000000 03938700 000004f8
capture_snapshot GLI1 00010000 60000000 2500000 140 0 60000000 0 0 0 0 0 0 0 8eee4088 00000011 923088b8 00000011 0022c303 00000000 0022c303 00000000 0000006a 00000000 00000000 00000000 0342525e 00000000 0022c36d 00000000 00000000 00000000 00000000 00000039 008b3199 00000001 00000000 00000001 00000000 00000000 00000000 00000000 00000000 00000000 00000000 00000000 00000000 00000000 00000000 00000000 00000000 00000000 00000000 00000000 ff5f90e5 0000001d 923088e6 00000011 00000000 00000000 00000000 00000000 00000201 00000101 00000000 00000000 00000000 00000000 00000000 00000000 00000000 00003333 00004ccd 00002667 00000001 00000000 03938700 000004f8
capture_snapshot GLI1 00010000 60000000 2500000 141 0 60000000 0 0 0 0 0 0 0 8eee4088 00000011 92368ac8 00000011 00230319 00000000 00230319 00000000 0000006a 00000000 00000000 00000000 0348546e 00000000 00230383 00000000 00000000 00000000 00000000 00000039 008b3199 00000001 00000000 00000001 00000000 00000000 00000000 00000000 00000000 00000000 00000000 00000000 00000000 00000000 00000000 00000000 00000000 00000000 00000000 00000000 ff699440 0000001d 92368af6 00000011 00000000 00000000 00000000 00000000 00000201 00000101 00000000 00000000 00000000 00000000 00000000 00000000 00000000 00003333 00004ccd 00002667 00000001 00000000 03938700 000004f8
capture_snapshot GLI1 00010000 60000000 2500000 142 0 60000000 0 0 0 0 0 0 0 8eee4088 00000011 923c9398 00000011 00234377 00000000 00234377 00000000 0000006a 00000000 00000000 00000000 034e5d3b 00000000 002343e1 00000000 00000000 00000000 00000000 00000039 008b3199 00000001 00000000 00000001 00000000 00000000 00000000 00000000 00000000 00000000 00000000 00000000 00000000 00000000 00000000 00000000 00000000 00000000 00000000 00000000 ff73a2d8 0000001d 923c93c3 00000011 00000000 00000000 00000000 00000000 00000202 00000101 00000000 00000000 00000000 00000000 00000000 00000000 00000000 00003333 00004ccd 00002667 00000001 00000000 03938700 000004f8
capture_snapshot GLI1 00010000 60000000 2500000 143 0 60000000 0 0 0 0 0 0 0 8eee4088 00000011 92429800 00000011 002383a6 00000000 002383a6 00000000 0000006a 00000000 00000000 00000000 035461a2 00000000 00238410 00000000 00000000 00000000 00000000 00000039 008b3199 00000001 00000000 00000001 00000000 00000000 00000000 00000000 00000000 00000000 00000000 00000000 00000000 00000000 00000000 00000000 00000000 00000000 00000000 00000000 ff7daa1b 0000001d 9242982a 00000011 00000000 00000000 00000000 00000000 00000202 00000100 00000000 00000000 00000000 00000000 00000000 00000000 00000000 00003333 00004ccd 00002667 00000001 00000000 03938700 000004f8
capture_snapshot GLI1 00010000 60000000 2500000 144 0 60000000 0 0 0 0 0 0 0 8eee4088 00000011 92489938 00000011 0023c3b3 00000000 0023c3b3 00000000 0000006a 00000000 00000000 00000000 035a62d0 00000000 0023c41d 00000000 00000000 00000000 00000000 00000039 008b3199 00000001 00000000 00000001 00000000 00000000 00000000 00000000 00000000 00000000 00000000 00000000 00000000 00000000 00000000 00000000 00000000 00000000 00000000 00000000 ff87abff 0000001d 92489958 00000011 00000000 00000000 00000000 00000000 00000201 00000100 00000000 00000000 00000000 00000000 00000000 00000000 00000000 00003333 00004ccd 00002667 00000001 00000000 03938700 000004f8
capture_snapshot GLI1 00010000 60000000 2500000 145 0 60000000 0 0 0 0 0 0 0 8eee4088 00000011 924e8978 00000011 0024030b 00000000 0024030b 00000000 0000006a 00000000 00000000 00000000 0360531d 00000000 00240375 00000000 00000000 00000000 00000000 00000039 008b3199 00000001 00000000 00000001 00000000 00000000 00000000 00000000 00000000 00000000 00000000 00000000 00000000 00000000 00000000 00000000 00000000 00000000 00000000 00000000 ff9191c1 0000001d 924e89a5 00000011 00000000 00000000 00000000 00000000 00000202 00000100 00000000 00000000 00000000 00000000 00000000 00000000 00000000 00003333 00004ccd 00002667 00000001 00000000 03938700 000004f8
capture_snapshot GLI1 00010000 60000000 2500000 146 0 60000000 0 0 0 0 0 0 0 8eee4088 00000011 92548de0 00000011 0024433a 00000000 0024433a 00000000 0000006a 00000000 00000000 00000000 0366578b 00000000 002443a4 00000000 00000000 00000000 00000000 00000039 008b3199 00000001 00000000 00000001 00000000 00000000 00000000 00000000 00000000 00000000 00000000 00000000 00000000 00000000 00000000 00000000 00000000 00000000 00000000 00000000 ff9b990f 0000001d 92548e13 00000011 00000000 00000000 00000000 00000000 00000201 00000101 00000000 00000000 00000000 00000000 00000000 00000000 00000000 00003333 00004ccd 00002667 00000001 00000000 03938700 000004f8
capture_snapshot GLI1 00010000 60000000 2500000 147 0 60000000 0 0 0 0 0 0 0 8eee4088 00000011 925a89c0 00000011 0024830e 00000000 0024830e 00000000 0000006a 00000000 00000000 00000000 036c5356 00000000 00248378 00000000 00000000 00000000 00000000 00000039 008b3199 00000001 00000000 00000001 00000000 00000000 00000000 00000000 00000000 00000000 00000000 00000000 00000000 00000000 00000000 00000000 00000000 00000000 00000000 00000000 ffa591f9 0000001d 925a89de 00000011 00000000 00000000 00000000 00000000 00000202 00000101 00000000 00000000 00000000 00000000 00000000 00000000 00000000 00003333 00004ccd 00002667 00000001 00000000 03938700 000004f8
capture_snapshot GLI1 00010000 60000000 2500000 148 0 60000000 0 0 0 0 0 0 0 8eee4088 00000011 92608960 00000011 0024c30a 00000000 0024c30a 00000000 0000006a 00000000 00000000 00000000 03725309 00000000 0024c374 00000000 00000000 00000000 00000000 00000039 008b3199 00000001 00000000 00000001 00000000 00000000 00000000 00000000 00000000 00000000 00000000 00000000 00000000 00000000 00000000 00000000 00000000 00000000 00000000 00000000 ffaf9165 0000001d 92608991 00000011 00000000 00000000 00000000 00000000 00000202 00000101 00000000 00000000 00000000 00000000 00000000 00000000 00000000 00003333 00004ccd 00002667 00000001 00000000 03938700 000004f8
capture_snapshot GLI1 00010000 60000000 2500000 149 0 60000000 0 0 0 0 0 0 0 8eee4088 00000011 92668720 00000011 002502f2 00000000 002502f2 00000000 0000006a 00000000 00000000 00000000 037850b7 00000000 0025035c 00000000 00000000 00000000 00000000 00000039 008b3199 00000001 00000000 00000001 00000000 00000000 00000000 00000000 00000000 00000000 00000000 00000000 00000000 00000000 00000000 00000000 00000000 00000000 00000000 00000000 ffb98d73 0000001d 9266873f 00000011 00000000 00000000 00000000 00000000 00000201 00000101 00000000 00000000 00000000 00000000 00000000 00000000 00000000 00003333 00004ccd 00002667 00000001 00000000 03938700 000004f8
capture_snapshot GLI1 00010000 60000000 2500000 150 0 60000000 0 0 0 0 0 0 0 8eee4088 00000011 926c91b8 00000011 00254363 00000000 00254363 00000000 0000006a 00000000 00000000 00000000 037e5b57 00000000 002543cd 00000000 00000000 00000000 00000000 00000039 008b3199 00000001 00000000 00000001 00000000 00000000 00000000 00000000 00000000 00000000 00000000 00000000 00000000 00000000 00000000 00000000 00000000 00000000 00000000 00000000 ffc39f16 0000001d 926c91df 00000011 00000000 00000000 00000000 00000000 00000201 00000101 00000000 00000000 00000000 00000000 00000000 00000000 00000000 00003333 00004ccd 00002667 00000001 00000000 03938700 000004f8
capture_snapshot GLI1 00010000 60000000 2500000 151 0 60000000 0 0 0 0 0 0 0 8eee4088 00000011 92728b88 00000011 00258321 00000000 00258321 00000000 0000006a 00000000 00000000 00000000 0384552b 00000000 0025838b 00000000 00000000 00000000 00000000 00000039 008b3199 00000001 00000000 00000001 00000000 00000000 00000000 00000000 00000000 00000000 00000000 00000000 00000000 00000000 00000000 00000000 00000000 00000000 00000000 00000000 ffcd94b8 0000001d 92728bb3 00000011 00000000 00000000 00000000 00000000 00000201 00000101 00000000 00000000 00000000 00000000 00000000 00000000 00000000 00003333 00004ccd 00002667 00000001 00000000 03938700 000004f8
capture_snapshot GLI1 00010000 60000000 2500000 152 0 60000000 0 0 0 0 0 0 0 8eee4088 00000011 92789860 00000011 0025c3aa 00000000 0025c3aa 00000000 0000006a 00000000 00000000 00000000 038a620b 00000000 0025c414 00000000 00000000 00000000 00000000 00000039 008b3199 00000001 00000000 00000001 00000000 00000000 00000000 00000000 00000000 00000000 00000000 00000000 00000000 00000000 00000000 00000000 00000000 00000000 00000000 00000000 ffd7aa1a 0000001d 92789893 00000011 00000000 00000000 00000000 00000000 00000202 00000101 00000000 00000000 00000000 00000000 00000000 00000000 00000000 00003333 00004ccd 00002667 00000001 00000000 03938700 000004f8
capture_snapshot GLI1 00010000 60000000 2500000 153 0 60000000 0 0 0 0 0 0 0 8eee4088 00000011 927eac40 00000011 0026047e 00000000 0026047e 00000000 0000006a 00000000 00000000 00000000 039075e4 00000000 002604e8 00000000 00000000 00000000 00000000 00000039 008b3199 00000001 00000000 00000001 00000000 00000000 00000000 00000000 00000000 00000000 00000000 00000000 00000000 00000000 00000000 00000000 00000000 00000000 00000000 00000000 ffe1cb1b 0000001d 927eac6c 00000011 00000000 00000000 00000000 00000000 00000201 00000101 00000000 00000000 00000000 00000000 00000000 00000000 00000000 00003333 00004ccd 00002667 00000001 00000000 03938700 000004f8
capture_snapshot GLI1 00010000 60000000 2500000 154 0 60000000 0 0 0 0 0 0 0 8eee4088 00000011 92849db8 00000011 002643e3 00000000 002643e3 00000000 0000006a 00000000 00000000 00000000 03966753 00000000 0026444d 00000000 00000000 00000000 00000000 00000039 008b3199 00000001 00000000 00000001 00000000 00000000 00000000 00000000 00000000 00000000 00000000 00000000 00000000 00000000 00000000 00000000 00000000 00000000 00000000 00000000 ffebb2c1 0000001d 92849ddb 00000011 00000000 00000000 00000000 00000000 00000201 00000101 00000000 00000000 00000000 00000000 00000000 00000000 00000000 00003333 00004ccd 00002667 00000001 00000000 03938700 000004f8
capture_snapshot GLI1 00010000 60000000 2500000 155 0 60000000 0 0 0 0 0 0 0 8eee4088 00000011 928a8e88 00000011 00268341 00000000 00268341 00000000 0000006a 00000000 00000000 00000000 039c582c 00000000 002683ab 00000000 00000000 00000000 00000000 00000039 008b3199 00000001 00000000 00000001 00000000 00000000 00000000 00000000 00000000 00000000 00000000 00000000 00000000 00000000 00000000 00000000 00000000 00000000 00000000 00000000 fff5996c 0000001d 928a8eb4 00000011 00000000 00000000 00000000 00000000 00000201 00000101 00000000 00000000 00000000 00000000 00000000 00000000 00000000 00003333 00004ccd 00002667 00000001 00000000 03938700 000004f8
capture_snapshot GLI1 00010000 60000000 2500000 156 0 60000000 0 0 0 0 0 0 0 8eee4088 00000011 92908e70 00000011 0026c340 00000000 0026c340 00000000 0000006a 00000000 00000000 00000000 03a25812 00000000 0026c3aa 00000000 00000000 00000000 00000000 00000039 008b3199 00000001 00000000 00000001 00000000 00000000 00000000 00000000 00000000 00000000 00000000 00000000 00000000 00000000 00000000 00000000 00000000 00000000 00000000 00000000 ffff992d 0000001d 92908e9a 00000011 00000000 00000000 00000000 00000000 00000202 00000100 00000000 00000000 00000000 00000000 00000000 00000000 00000000 00003333 00004ccd 00002667 00000001 00000000 03938700 000004f8
capture_snapshot GLI1 00010000 60000000 2500000 157 0 60000000 0 0 0 0 0 0 0 8eee4088 00000011 92969158 00000011 0027035f 00000000 0027035f 00000000 0000006a 00000000 00000000 00000000 03a85af3 00000000 002703c9 00000000 00000000 00000000 00000000 00000039 008b3199 00000001 00000000 00000001 00000000 00000000 00000000 00000000 00000000 00000000 00000000 00000000 00000000 00000000 00000000 00000000 00000000 00000000 00000000 00000000 00099de5 0000001e 9296917b 00000011 00000000 00000000 00000000 00000000 00000201 00000101 00000000 00000000 00000000 00000000 00000000 00000000 00000000 00003333 00004ccd 00002667 00000001 00000000 03938700 000004f8
capture_snapshot GLI1 00010000 60000000 2500000 158 0 60000000 0 0 0 0 0 0 0 8eee4088 00000011 929c8498 00000011 002742d7 00000000 002742d7 00000000 0000006a 00000000 00000000 00000000 03ae4e41 00000000 00274341 00000000 00000000 00000000 00000000 00000039 008b3199 00000001 00000000 00000001 00000000 00000000 00000000 00000000 00000000 00000000 00000000 00000000 00000000 00000000 00000000 00000000 00000000 00000000 00000000 00000000 001388aa 0000001e 929c84c9 00000011 00000000 00000000 00000000 00000000 00000201 00000100 00000000 00000000 00000000 00000000 00000000 00000000 00000000 00003333 00004ccd 00002667 00000001 00000000 03938700 000004f8
capture_snapshot GLI1 00010000 60000000 2500000 159 0 60000000 0 0 0 0 0 0 0 8eee4088 00000011 92a289d8 00000011 0027830f 00000000 0027830f 00000000 0000006a 00000000 00000000 00000000 03b4536e 00000000 00278379 00000000 00000000 00000000 00000000 00000039 008b3199 00000001 00000000 00000001 00000000 00000000 00000000 00000000 00000000 00000000 00000000 00000000 00000000 00000000 00000000 00000000 00000000 00000000 00000000 00000000 001d9136 0000001e 92a289f6 00000011 00000000 00000000 00000000 00000000 00000201 00000101 00000000 00000000 00000000 00000000 00000000 00000000 00000000 00003333 00004ccd 00002667 00000001 00000000 03938700 000004f8
capture_snapshot GLI1 00010000 60000000 2500000 160 0 60000000 0 0 0 0 0 0 0 8eee4088 00000011 92a88cc0 00000011 0027c32e 00000000 0027c32e 00000000 0000006a 00000000 00000000 00000000 03ba565c 00000000 0027c398 00000000 00000000 00000000 00000000 00000039 008b3199 00000001 00000000 00000001 00000000 00000000 00000000 00000000 00000000 00000000 00000000 00000000 00000000 00000000 00000000 00000000 00000000 00000000 00000000 00000000 00279605 0000001e 92a88ce4 00000011 00000000 00000000 00000000 00000000 00000201 00000101 00000000 00000000 00000000 00000000 00000000 00000000 00000000 00003333 00004ccd 00002667 00000001 00000000 03938700 000004f8
capture_snapshot GLI1 00010000 60000000 2500000 161 0 60000000 0 0 0 0 0 0 0 8eee4088 00000011 92ae8a20 00000011 00280312 00000000 00280312 00000000 0000006a 00000000 00000000 00000000 03c053c6 00000000 0028037c 00000000 00000000 00000000 00000000 00000039 008b3199 00000001 00000000 00000001 00000000 00000000 00000000 00000000 00000000 00000000 00000000 00000000 00000000 00000000 00000000 00000000 00000000 00000000 00000000 00000000 003191a2 0000001e 92ae8a4e 00000011 00000000 00000000 00000000 00000000 00000202 00000101 00000000 00000000 00000000 00000000 00000000 00000000 00000000 00003333 00004ccd 00002667 00000001 00000000 03938700 000004f8
capture_snapshot GLI1 00010000 60000000 2500000 162 0 60000000 0 0 0 0 0 0 0 8eee4088 00000011 92b48e88 00000011 00284341 00000000 00284341 00000000 0000006a 00000000 00000000 00000000 03c65831 00000000 002843ab 00000000 00000000 00000000 00000000 00000039 008b3199 00000001 00000000 00000001 00000000 00000000 00000000 00000000 00000000 00000000 00000000 00000000 00000000 00000000 00000000 00000000 00000000 00000000 00000000 00000000 003b98eb 0000001e 92b48eb9 00000011 00000000 00000000 00000000 00000000 00000201 00000101 00000000 00000000 00000000 00000000 00000000 00000000 00000000 00003333 00004ccd 00002667 00000001 00000000 03938700 000004f8
capture_snapshot GLI1 00010000 60000000 2500000 163 0 60000000 0 0 0 0 0 0 0 8eee4088 00000011 92ba96f8 00000011 0028839b 00000000 0028839b 00000000 0000006a 00000000 00000000 00000000 03cc60a3 00000000 00288405 00000000 00000000 00000000 00000000 00000039 008b3199 00000001 00000000 00000001 00000000 00000000 00000000 00000000 00000000 00000000 00000000 00000000 00000000 00000000 00000000 00000000 00000000 00000000 00000000 00000000 0045a6eb 0000001e 92ba972b 00000011 00000000 00000000 00000000 00000000 00000202 00000101 00000000 00000000 00000000 00000000 00000000 00000000 00000000 00003333 00004ccd 00002667 00000001 00000000 03938700 000004f8
capture_snapshot GLI1 00010000 60000000 2500000 164 0 60000000 0 0 0 0 0 0 0 8eee4088 00000011 92c0ad00 00000011 0028c486 00000000 0028c485 00000000 0000006a 00000000 00000000 00000000 03d27694 00000000 0028c4f0 00000000 00000000 00000000 00000000 0000003b 008b3199 00000001 00000001 00000001 00000000 00000000 00000000 00000000 00000000 00000000 00000000 00000000 00000000 00000000 00000000 00000000 00000000 00000000 00000000 00000000 004fcb6a 0000001e 92c0ad1c 00000011 00000000 00000000 00000000 00000000 00000201 00000101 00000000 00000000 00000000 00000000 00000000 00000000 00000000 00003333 00004ccd 00002667 00000001 00000000 03938700 000004f8
capture_snapshot GLI1 00010000 60000000 2500000 165 0 60000000 0 0 0 0 0 0 0 8eee4088 00000011 92c68c18 00000011 00290327 00000000 00290327 00000000 0000006a 00000000 00000000 00000000 03d855c3 00000000 00290391 00000000 00000000 00000000 00000000 00000039 008b3199 00000001 00000000 00000001 00000000 00000000 00000000 00000000 00000000 00000000 00000000 00000000 00000000 00000000 00000000 00000000 00000000 00000000 00000000 00000000 005994a5 0000001e 92c68c4b 00000011 00000000 00000000 00000000 00000000 00000201 00000101 00000000 00000000 00000000 00000000 00000000 00000000 00000000 00003333 00004ccd 00002667 00000001 00000000 03938700 000004f8
capture_snapshot GLI1 00010000 60000000 2500000 166 0 60000000 0 0 0 0 0 0 0 8eee4088 00000011 92cc8be8 00000011 00294325 00000000 00294325 00000000 0000006a 00000000 00000000 00000000 03de5594 00000000 0029438f 00000000 00000000 00000000 00000000 00000039 008b3199 00000001 00000000 00000001 00000000 00000000 00000000 00000000 00000000 00000000 00000000 00000000 00000000 00000000 00000000 00000000 00000000 00000000 00000000 00000000 00639443 0000001e 92cc8c1c 00000011 00000000 00000000 00000000 00000000 00000201 00000101 00000000 00000000 00000000 00000000 00000000 00000000 00000000 00003333 00004ccd 00002667 00000001 00000000 03938700 000004f8
capture_snapshot GLI1 00010000 60000000 2500000 167 0 60000000 0 0 0 0 0 0 0 8eee4088 00000011 92d287b0 00000011 002982f8 00000000 002982f8 00000000 0000006a 00000000 00000000 00000000 03e45149 00000000 00298362 00000000 00000000 00000000 00000000 00000039 008b3199 00000001 00000000 00000001 00000000 00000000 00000000 00000000 00000000 00000000 00000000 00000000 00000000 00000000 00000000 00000000 00000000 00000000 00000000 00000000 006d8d07 0000001e 92d287d1 00000011 00000000 00000000 00000000 00000000 00000202 00000101 00000000 00000000 00000000 00000000 00000000 00000000 00000000 00003333 00004ccd 00002667 00000001 00000000 03938700 000004f8
capture_snapshot GLI1 00010000 60000000 2500000 168 0 60000000 0 0 0 0 0 0 0 8eee4088 00000011 92d887b0 00000011 0029c2f8 00000000 0029c2f8 00000000 0000006a 00000000 00000000 00000000 03ea5159 00000000 0029c362 00000000 00000000 00000000 00000000 00000039 008b3199 00000001 00000000 00000001 00000000 00000000 00000000 00000000 00000000 00000000 00000000 00000000 00000000 00000000 00000000 00000000 00000000 00000000 00000000 00000000 00778d0f 0000001e 92d887e1 00000011 00000000 00000000 00000000 00000000 00000201 00000101 00000000 00000000 00000000 00000000 00000000 00000000 00000000 00003333 00004ccd 00002667 00000001 00000000 03938700 000004f8
capture_snapshot GLI1 00010000 60000000 2500000 169 0 60000000 0 0 0 0 0 0 0 8eee4088 00000011 92de8f30 00000011 002a0348 00000000 002a0348 00000000 0000006a 00000000 00000000 00000000 03f058c8 00000000 002a03b2 00000000 00000000 00000000 00000000 00000039 008b3199 00000001 00000000 00000001 00000000 00000000 00000000 00000000 00000000 00000000 00000000 00000000 00000000 00000000 00000000 00000000 00000000 00000000 00000000 00000000 0081995e 0000001e 92de8f50 00000011 00000000 00000000 00000000 00000000 00000202 00000100 00000000 00000000 00000000 00000000 00000000 00000000 00000000 00003333 00004ccd 00002667 00000001 00000000 03938700 000004f8
capture_snapshot GLI1 00010000 60000000 2500000 170 0 60000000 0 0 0 0 0 0 0 8eee4088 00000011 92e48a68 00000011 002a4315 00000000 002a4315 00000000 0000006a 00000000 00000000 00000000 03f6540e 00000000 002a437f 00000000 00000000 00000000 00000000 00000039 008b3199 00000001 00000000 00000001 00000000 00000000 00000000 00000000 00000000 00000000 00000000 00000000 00000000 00000000 00000000 00000000 00000000 00000000 00000000 00000000 008b916a 0000001e 92e48a96 00000011 00000000 00000000 00000000 00000000 00000202 00000101 00000000 00000000 00000000 00000000 00000000 00000000 00000000 00003333 00004ccd 00002667 00000001 00000000 03938700 000004f8
capture_snapshot GLI1 00010000 60000000 2500000 171 0 60000000 0 0 0 0 0 0 0 8eee4088 00000011 92ea9bd8 00000011 002a83cf 00000000 002a83cf 00000000 0000006a 00000000 00000000 00000000 03fc6584 00000000 002a8439 00000000 00000000 00000000 00000000 00000039 008b3199 00000001 00000000 00000001 00000000 00000000 00000000 00000000 00000000 00000000 00000000 00000000 00000000 00000000 00000000 00000000 00000000 00000000 00000000 00000000 0095ae70 0000001e 92ea9c0c 00000011 00000000 00000000 00000000 00000000 00000201 00000101 00000000 00000000 00000000 00000000 00000000 00000000 00000000 00003333 00004ccd 00002667 00000001 00000000 03938700 000004f8
capture_snapshot GLI1 00010000 60000000 2500000 172 0 60000000 0 0 0 0 0 0 0 8eee4088 00000011 92f095d8 00000011 002ac38f 00000000 002ac38f 00000000 0000006a 00000000 00000000 00000000 04025f7f 00000000 002ac3f9 00000000 00000000 00000000 00000000 00000039 008b3199 00000001 00000000 00000001 00000000 00000000 00000000 00000000 00000000 00000000 00000000 00000000 00000000 00000000 00000000 00000000 00000000 00000000 00000000 00000000 009fa455 0000001e 92f09607 00000011 00000000 00000000 00000000 00000000 00000201 00000101 00000000 00000000 00000000 00000000 00000000 00000000 00000000 00003333 00004ccd 00002667 00000001 00000000 03938700 000004f8
capture_snapshot GLI1 00010000 60000000 2500000 173 0 60000000 0 0 0 0 0 0 0 8eee4088 00000011 92f69b00 00000011 002b03c6 00000000 002b03c6 00000000 0000006a 00000000 00000000 00000000 040864ab 00000000 002b0430 00000000 00000000 00000000 00000000 00000039 008b3199 00000001 00000000 00000001 00000000 00000000 00000000 00000000 00000000 00000000 00000000 00000000 00000000 00000000 00000000 00000000 00000000 00000000 00000000 00000000 00a9ace0 0000001e 92f69b33 00000011 00000000 00000000 00000000 00000000 00000201 00000101 00000000 00000000 00000000 00000000 00000000 00000000 00000000 00003333 00004ccd 00002667 00000001 00000000 03938700 000004f8
capture_snapshot GLI1 00010000 60000000 2500000 174 0 60000000 0 0 0 0 0 0 0 8eee4088 00000011 92fca6d0 00000011 002b4444 00000000 002b4444 00000000 0000006a 00000000 00000000 00000000 040e7066 00000000 002b44ae 00000000 00000000 00000000 00000000 00000039 008b3199 00000001 00000000 00000001 00000000 00000000 00000000 00000000 00000000 00000000 00000000 00000000 00000000 00000000 00000000 00000000 00000000 00000000 00000000 00000000 00b3c059 0000001e 92fca6ee 00000011 00000000 00000000 00000000 00000000 00000201 00000100 00000000 00000000 00000000 00000000 00000000 00000000 00000000 00003333 00004ccd 00002667 00000001 00000000 03938700 000004f8
capture_snapshot GLI1 00010000 60000000 2500000 175 0 60000000 0 0 0 0 0 0 0 8eee4088 00000011 93028ba0 00000011 002b8322 00000000 002b8322 00000000 0000006a 00000000 00000000 00000000 0414553a 00000000 002b838c 00000000 00000000 00000000 00000000 00000039 008b3199 00000001 00000000 00000001 00000000 00000000 00000000 00000000 00000000 00000000 00000000 00000000 00000000 00000000 00000000 00000000 00000000 00000000 00000000 00000000 00bd92fd 0000001e 93028bc2 00000011 00000000 00000000 00000000 00000000 00000201 00000101 00000000 00000000 00000000 00000000 00000000 00000000 00000000 00003333 00004ccd 00002667 00000001 00000000 03938700 000004f8
capture_snapshot GLI1 00010000 60000000 2500000 176 0 60000000 0 0 0 0 0 0 0 8eee4088 00000011 93088708 00000011 002bc2f1 00000000 002bc2f1 00000000 0000006a 00000000 00000000 00000000 041a50a4 00000000 002bc35b 00000000 00000000 00000000 00000000 00000039 008b3199 00000001 00000000 00000001 00000000 00000000 00000000 00000000 00000000 00000000 00000000 00000000 00000000 00000000 00000000 00000000 00000000 00000000 00000000 00000000 00c78b45 0000001e 9308872c 00000011 00000000 00000000 00000000 00000000 00000201 00000101 00000000 00000000 00000000 00000000 00000000 00000000 00000000 00003333 00004ccd 00002667 00000001 00000000 03938700 000004f8
capture_snapshot GLI1 00010000 60000000 2500000 177 0 60000000 0 0 0 0 0 0 0 8eee4088 00000011 930e8708 00000011 002c02f1 00000000 002c02f1 00000000 0000006a 00000000 00000000 00000000 042050b2 00000000 002c035b 00000000 00000000 00000000 00000000 00000039 008b3199 00000001 00000000 00000001 00000000 00000000 00000000 00000000 00000000 00000000 00000000 00000000 00000000 00000000 00000000 00000000 00000000 00000000 00000000 00000000 00d18b48 0000001e 930e873a 00000011 00000000 00000000 00000000 00000000 00000202 00000100 00000000 00000000 00000000 00000000 00000000 00000000 00000000 00003333 00004ccd 00002667 00000001 00000000 03938700 000004f8
capture_snapshot GLI1 00010000 60000000 2500000 178 0 60000000 0 0 0 0 0 0 0 8eee4088 00000011 931489c0 00000011 002c430e 00000000 002c430e 00000000 0000006a 00000000 00000000 00000000 04265361 00000000 002c4378 00000000 00000000 00000000 00000000 00000039 008b3199 00000001 00000000 00000001 00000000 00000000 00000000 00000000 00000000 00000000 00000000 00000000 00000000 00000000 00000000 00000000 00000000 00000000 00000000 00000000 00db8fae 0000001e 931489e9 00000011 00000000 00000000 00000000 00000000 00000201 00000101 00000000 00000000 00000000 00000000 00000000 00000000 00000000 00003333 00004ccd 00002667 00000001 00000000 03938700 000004f8
capture_snapshot GLI1 00010000 60000000 2500000 179 0 60000000 0 0 0 0 0 0 0 8eee4088 00000011 931a8918 00000011 002c8307 00000000 002c8307 00000000 0000006a 00000000 00000000 00000000 042c52c4 00000000 002c8371 00000000 00000000 00000000 00000000 00000039 008b3199 00000001 00000000 00000001 00000000 00000000 00000000 00000000 00000000 00000000 00000000 00000000 00000000 00000000 00000000 00000000 00000000 00000000 00000000 00000000 00e58e95 0000001e 931a894c 00000011 00000000 00000000 00000000 00000000 00000201 00000101 00000000 00000000 00000000 00000000 00000000 00000000 00000000 00003333 00004ccd 00002667 00000001 00000000 03938700 000004f8
capture_snapshot GLI1 00010000 60000000 2500000 180 0 60000000 0 0 0 0 0 0 0 8eee4088 00000011 93208b88 00000011 002cc321 00000000 002cc321 00000000 0000006a 00000000 00000000 00000000 04325521 00000000 002cc38b 00000000 00000000 00000000 00000000 00000039 008b3199 00000001 00000000 00000001 00000000 00000000 00000000 00000000 00000000 00000000 00000000 00000000 00000000 00000000 00000000 00000000 00000000 00000000 00000000 00000000 00ef9271 0000001e 93208ba9 00000011 00000000 00000000 00000000 00000000 00000202 00000100 00000000 00000000 00000000 00000000 00000000 00000000 00000000 00003333 00004ccd 00002667 00000001 00000000 03938700 000004f8
capture_snapshot GLI1 00010000 60000000 2500000 181 0 60000000 0 0 0 0 0 0 0 8eee4088 00000011 93268af8 00000011 002d031b 00000000 002d031b 00000000 0000006a 00000000 00000000 00000000 04385497 00000000 002d0385 00000000 00000000 00000000 00000000 00000039 008b3199 00000001 00000000 00000001 00000000 00000000 00000000 00000000 00000000 00000000 00000000 00000000 00000000 00000000 00000000 00000000 00000000 00000000 00000000 00000000 00f99178 0000001e 93268b1f 00000011 00000000 00000000 00000000 00000000 00000201 00000101 00000000 00000000 00000000 00000000 00000000 00000000 00000000 00003333 00004ccd 00002667 00000001 00000000 03938700 000004f8
capture_snapshot GLI1 00010000 60000000 2500000 182 0 60000000 0 0 0 0 0 0 0 8eee4088 00000011 932cab50 00000011 002d4474 00000000 002d4474 00000000 0000006a 00000000 00000000 00000000 043e74e9 00000000 002d44de 00000000 00000000 00000000 00000000 00000039 008b3199 00000001 00000000 00000001 00000000 00000000 00000000 00000000 00000000 00000000 00000000 00000000 00000000 00000000 00000000 00000000 00000000 00000000 00000000 00000000 0103c741 0000001e 932cab71 00000011 00000000 00000000 00000000 00000000 00000201 00000101 00000000 00000000 00000000 00000000 00000000 00000000 00000000 00003333 00004ccd 00002667 00000001 00000000 03938700 000004f8
capture_snapshot GLI1 00010000 60000000 2500000 183 0 60000000 0 0 0 0 0 0 0 8eee4088 00000011 9332aac0 00000011 002d846e 00000000 002d846e 00000000 0000006a 00000000 00000000 00000000 04447457 00000000 002d84d8 00000000 00000000 00000000 00000000 00000039 008b3199 00000001 00000000 00000001 00000000 00000000 00000000 00000000 00000000 00000000 00000000 00000000 00000000 00000000 00000000 00000000 00000000 00000000 00000000 00000000 010dc63a 0000001e 9332aadf 00000011 00000000 00000000 00000000 00000000 00000201 00000101 00000000 00000000 00000000 00000000 00000000 00000000 00000000 00003333 00004ccd 00002667 00000001 00000000 03938700 000004f8
capture_snapshot GLI1 00010000 60000000 2500000 184 0 60000000 0 0 0 0 0 0 0 8eee4088 00000011 93388e58 00000011 002dc33f 00000000 002dc33f 00000000 0000006a 00000000 00000000 00000000 044a57f9 00000000 002dc3a9 00000000 00000000 00000000 00000000 00000039 008b3199 00000001 00000000 00000001 00000000 00000000 00000000 00000000 00000000 00000000 00000000 00000000 00000000 00000000 00000000 00000000 00000000 00000000 00000000 00000000 011796e1 0000001e 93388e81 00000011 00000000 00000000 00000000 00000000 00000201 00000101 00000000 00000000 00000000 00000000 00000000 00000000 00000000 00003333 00004ccd 00002667 00000001 00000000 03938700 000004f8
capture_snapshot GLI1 00010000 60000000 2500000 185 0 60000000 0 0 0 0 0 0 0 8eee4088 00000011 933eabe0 00000011 002e047a 00000000 002e047a 00000000 0000006a 00000000 00000000 00000000 04507579 00000000 002e04e4 00000000 00000000 00000000 00000000 00000039 008b3199 00000001 00000000 00000001 00000000 00000000 00000000 00000000 00000000 00000000 00000000 00000000 00000000 00000000 00000000 00000000 00000000 00000000 00000000 00000000 0121c7f7 0000001e 933eac01 00000011 00000000 00000000 00000000 00000000 00000201 00000100 00000000 00000000 00000000 00000000 00000000 00000000 00000000 00003333 00004ccd 00002667 00000001 00000000 03938700 000004f8
capture_snapshot GLI1 00010000 60000000 2500000 186 0 60000000 0 0 0 0 0 0 0 8eee4088 00000011 93448780 00000011 002e42f6 00000000 002e42f6 00000000 0000006a 00000000 00000000 00000000 0456511d 00000000 002e4360 00000000 00000000 00000000 00000000 00000039 008b3199 00000001 00000000 00000001 00000000 00000000 00000000 00000000 00000000 00000000 00000000 00000000 00000000 00000000 00000000 00000000 00000000 00000000 00000000 00000000 012b8b4b 0000001e 934487a5 00000011 00000000 00000000 00000000 00000000 00000201 00000101 00000000 00000000 00000000 00000000 00000000 00000000 00000000 00003333 00004ccd 00002667 00000001 00000000 03938700 000004f8
capture_snapshot GLI1 00010000 60000000 2500000 187 0 60000000 0 0 0 0 0 0 0 8eee4088 00000011 934a87c8 00000011 002e82f9 00000000 002e82f9 00000000 0000006a 00000000 00000000 00000000 045c5167 00000000 002e8363 00000000 00000000 00000000 00000000 00000039 008b3199 00000001 00000000 00000001 00000000 00000000 00000000 00000000 00000000 00000000 00000000 00000000 00000000 00000000 00000000 00000000 00000000 00000000 00000000 00000000 01358bb3 0000001e 934a87ef 00000011 00000000 00000000 00000000 00000000 00000201 00000101 00000000 00000000 00000000 00000000 00000000 00000000 00000000 00003333 00004ccd 00002667 00000001 00000000 03938700 000004f8
capture_snapshot GLI1 00010000 60000000 2500000 188 0 60000000 0 0 0 0 0 0 0 8eee4088 00000011 93509380 00000011 002ec376 00000000 002ec376 00000000 0000006a 00000000 00000000 00000000 04625d19 00000000 002ec3e0 00000000 00000000 00000000 00000000 00000039 008b3199 00000001 00000000 00000001 00000000 00000000 00000000 00000000 00000000 00000000 00000000 00000000 00000000 00000000 00000000 00000000 00000000 00000000 00000000 00000000 013f9f1d 0000001e 935093a1 00000011 00000000 00000000 00000000 00000000 00000201 00000101 00000000 00000000 00000000 00000000 00000000 00000000 00000000 00003333 00004ccd 00002667 00000001 00000000 03938700 000004f8
capture_snapshot GLI1 00010000 60000000 2500000 189 0 60000000 0 0 0 0 0 0 0 8eee4088 00000011 93567850 00000011 002f0254 00000000 002f0254 00000000 0000006a 00000000 00000000 00000000 046841f8 00000000 002f02be 00000000 00000000 00000000 00000000 00000039 008b3199 00000001 00000000 00000001 00000000 00000000 00000000 00000000 00000000 00000000 00000000 00000000 00000000 00000000 00000000 00000000 00000000 00000000 00000000 00000000 014971d3 0000001e 93567880 00000011 00000000 00000000 00000000 00000000 00000201 00000101 00000000 00000000 00000000 00000000 00000000 00000000 00000000 00003333 00004ccd 00002667 00000001 00000000 03938700 000004f8
capture_snapshot GLI1 00010000 60000000 2500000 190 0 60000000 0 0 0 0 0 0 0 8eee4088 00000011 935c6db8 00000011 002f41e3 00000000 002f41e3 00000000 0000006a 00000000 00000000 00000000 046e374f 00000000 002f424d 00000000 00000000 00000000 00000000 00000039 008b3199 00000001 00000000 00000001 00000000 00000000 00000000 00000000 00000000 00000000 00000000 00000000 00000000 00000000 00000000 00000000 00000000 00000000 00000000 00000000 01535ffb 0000001e 935c6dd7 00000011 00000000 00000000 00000000 00000000 00000201 00000101 00000000 00000000 00000000 00000000 00000000 00000000 00000000 00003333 00004ccd 00002667 00000001 00000000 03938700 000004f8
capture_snapshot GLI1 00010000 60000000 2500000 191 0 60000000 0 0 0 0 0 0 0 8eee4088 00000011 93626c20 00000011 002f81d2 00000000 002f81d2 00000000 0000006a 00000000 00000000 00000000 047435cc 00000000 002f823c 00000000 00000000 00000000 00000000 00000039 008b3199 00000001 00000000 00000001 00000000 00000000 00000000 00000000 00000000 00000000 00000000 00000000 00000000 00000000 00000000 00000000 00000000 00000000 00000000 00000000 015d5d62 0000001e 93626c54 00000011 00000000 00000000 00000000 00000000 00000202 00000101 00000000 00000000 00000000 00000000 00000000 00000000 00000000 00003333 00004ccd 00002667 00000001 00000000 03938700 000004f8
capture_snapshot GLI1 00010000 60000000 2500000 192 0 60000000 0 0 0 0 0 0 0 8eee4088 00000011 93687460 00000011 002fc22a 00000000 002fc22a 00000000 0000006a 00000000 00000000 00000000 047a3e03 00000000 002fc294 00000000 00000000 00000000 00000000 00000039 008b3199 00000001 00000000 00000001 00000000 00000000 00000000 00000000 00000000 00000000 00000000 00000000 00000000 00000000 00000000 00000000 00000000 00000000 00000000 00000000 01676aff 0000001e 9368748b 00000011 00000000 00000000 00000000 00000000 00000201 00000101 00000000 00000000 00000000 00000000 00000000 00000000 00000000 00003333 00004ccd 00002667 00000001 00000000 03938700 000004f8
capture_snapshot GLI1 00010000 60000000 2500000 193 0 60000000 0 0 0 0 0 0 0 8eee4088 00000011 936e6f08 00000011 003001f1 00000000 003001f1 00000000 0000006a 00000000 00000000 00000000 048038ac 00000000 0030025b 00000000 00000000 00000000 00000000 00000039 008b3199 00000001 00000000 00000001 00000000 00000000 00000000 00000000 00000000 00000000 00000000 00000000 00000000 00000000 00000000 00000000 00000000 00000000 00000000 00000000 01716205 0000001e 936e6f34 00000011 00000000 00000000 00000000 00000000 00000201 00000101 00000000 00000000 00000000 00000000 00000000 00000000 00000000 00003333 00004ccd 00002667 00000001 00000000 03938700 000004f8
capture_snapshot GLI1 00010000 60000000 2500000 194 0 60000000 0 0 0 0 0 0 0 8eee4088 00000011 93746ae8 00000011 003041c5 00000000 003041c5 00000000 0000006a 00000000 00000000 00000000 04863483 00000000 0030422f 00000000 00000000 00000000 00000000 00000039 008b3199 00000001 00000000 00000001 00000000 00000000 00000000 00000000 00000000 00000000 00000000 00000000 00000000 00000000 00000000 00000000 00000000 00000000 00000000 00000000 017b5b04 0000001e 93746b0b 00000011 00000000 00000000 00000000 00000000 00000201 00000101 00000000 00000000 00000000 00000000 00000000 00000000 00000000 00003333 00004ccd 00002667 00000001 00000000 03938700 000004f8
capture_snapshot GLI1 00010000 60000000 2500000 195 0 60000000 0 0 0 0 0 0 0 8eee4088 00000011 937a6b00 00000011 003081c6 00000000 003081c6 00000000 0000006a 00000000 00000000 00000000 048c34a5 00000000 00308230 00000000 00000000 00000000 00000000 00000039 008b3199 00000001 00000000 00000001 00000000 00000000 00000000 00000000 00000000 00000000 00000000 00000000 00000000 00000000 00000000 00000000 00000000 00000000 00000000 00000000 01855b28 0000001e 937a6b2d 00000011 00000000 00000000 00000000 00000000 00000202 00000100 00000000 00000000 00000000 00000000 00000000 00000000 00000000 00003333 00004ccd 00002667 00000001 00000000 03938700 000004f8
capture_snapshot GLI1 00010000 60000000 2500000 196 0 60000000 0 0 0 0 0 0 0 8eee4088 00000011 938069c8 00000011 0030c1b9 00000000 0030c1b9 00000000 0000006a 00000000 00000000 00000000 04923362 00000000 0030c223 00000000 00000000 00000000 00000000 00000039 008b3199 00000001 00000000 00000001 00000000 00000000 00000000 00000000 00000000 00000000 00000000 00000000 00000000 00000000 00000000 00000000 00000000 00000000 00000000 00000000 018f58fb 0000001e 938069ea 00000011 00000000 00000000 00000000 00000000 00000201 00000101 00000000 00000000 00000000 00000000 00000000 00000000 00000000 00003333 00004ccd 00002667 00000001 00000000 03938700 000004f8
capture_snapshot GLI1 00010000 60000000 2500000 197 0 60000000 0 0 0 0 0 0 0 8eee4088 00000011 93866770 00000011 003101a0 00000000 003101a0 00000000 0000006a 00000000 00000000 00000000 04983112 00000000 0031020a 00000000 00000000 00000000 00000000 00000039 008b3199 00000001 00000000 00000001 00000000 00000000 00000000 00000000 00000000 00000000 00000000 00000000 00000000 00000000 00000000 00000000 00000000 00000000 00000000 00000000 0199550c 0000001e 9386679a 00000011 00000000 00000000 00000000 00000000 00000202 00000100 00000000 00000000 00000000 00000000 00000000 00000000 00000000 00003333 00004ccd 00002667 00000001 00000000 03938700 000004f8
capture_snapshot GLI1 00010000 60000000 2500000 198 0 60000000 0 0 0 0 0 0 0 8eee4088 00000011 938c67d0 00000011 003141a4 00000000 003141a4 00000000 0000006a 00000000 00000000 00000000 049e3178 00000000 0031420e 00000000 00000000 00000000 00000000 00000039 008b3199 00000001 00000000 00000001 00000000 00000000 00000000 00000000 00000000 00000000 00000000 00000000 00000000 00000000 00000000 00000000 00000000 00000000 00000000 00000000 01a355a3 0000001e 938c6800 00000011 00000000 00000000 00000000 00000000 00000201 00000101 00000000 00000000 00000000 00000000 00000000 00000000 00000000 00003333 00004ccd 00002667 00000001 00000000 03938700 000004f8
capture_snapshot GLI1 00010000 60000000 2500000 199 0 60000000 0 0 0 0 0 0 0 8eee4088 00000011 93926728 00000011 0031819d 00000000 0031819d 00000000 0000006a 00000000 00000000 00000000 04a430bd 00000000 00318207 00000000 00000000 00000000 00000000 00000039 008b3199 00000001 00000000 00000001 00000000 00000000 00000000 00000000 00000000 00000000 00000000 00000000 00000000 00000000 00000000 00000000 00000000 00000000 00000000 00000000 01ad5458 0000001e 93926745 00000011 00000000 00000000 00000000 00000000 00000201 00000101 00000000 00000000 00000000 00000000 00000000 00000000 00000000 00003333 00004ccd 00002667 00000001 00000000 03938700 000004f8
capture_snapshot GLI1 00010000 60000000 2500000 200 0 60000000 0 0 0 0 0 0 0 8eee4088 00000011 939868c0 00000011 0031c1ae 00000000 0031c1ae 00000000 0000006a 00000000 00000000 00000000 04aa3269 00000000 0031c218 00000000 00000000 00000000 00000000 00000039 008b3199 00000001 00000000 00000001 00000000 00000000 00000000 00000000 00000000 00000000 00000000 00000000 00000000 00000000 00000000 00000000 00000000 00000000 00000000 00000000 01b7570d 0000001e 939868f1 00000011 00000000 00000000 00000000 00000000 00000202 00000101 00000000 00000000 00000000 00000000 00000000 00000000 00000000 00003333 00004ccd 00002667 00000001 00000000 03938700 000004f8
capture_snapshot GLI1 00010000 60000000 2500000 201 0 60000000 0 0 0 0 0 0 0 8eee4088 00000011 939e67e8 00000011 003201a5 00000000 003201a5 00000000 0000006a 00000000 00000000 00000000 04b03187 00000000 0032020f 00000000 00000000 00000000 00000000 00000039 008b3199 00000001 00000000 00000001 00000000 00000000 00000000 00000000 00000000 00000000 00000000 00000000 00000000 00000000 00000000 00000000 00000000 00000000 00000000 00000000 01c15581 0000001e 939e680f 00000011 00000000 00000000 00000000 00000000 00000202 00000101 00000000 00000000 00000000 00000000 00000000 00000000 00000000 00003333 00004ccd 00002667 00000001 00000000 03938700 000004f8
capture_snapshot GLI1 00010000 60000000 2500000 202 0 60000000 0 0 0 0 0 0 0 8eee4088 00000011 93a466f8 00000011 0032419b 00000000 0032419b 00000000 0000006a 00000000 00000000 00000000 04b63095 00000000 00324205 00000000 00000000 00000000 00000000 00000039 008b3199 00000001 00000000 00000001 00000000 00000000 00000000 00000000 00000000 00000000 00000000 00000000 00000000 00000000 00000000 00000000 00000000 00000000 00000000 00000000 01cb53da 0000001e 93a4671d 00000011 00000000 00000000 00000000 00000000 00000202 00000100 00000000 00000000 00000000 00000000 00000000 00000000 00000000 00003333 00004ccd 00002667 00000001 00000000 03938700 000004f8
capture_snapshot GLI1 00010000 60000000 2500000 203 0 60000000 0 0 0 0 0 0 0 8eee4088 00000011 93aa6668 00000011 00328195 00000000 00328195 00000000 0000006a 00000000 00000000 00000000 04bc3003 00000000 003281ff 00000000 00000000 00000000 00000000 00000039 008b3199 00000001 00000000 00000001 00000000 00000000 00000000 00000000 00000000 00000000 00000000 00000000 00000000 00000000 00000000 00000000 00000000 00000000 00000000 00000000 01d552d4 0000001e 93aa668b 00000011 00000000 00000000 00000000 00000000 00000201 00000101 00000000 00000000 00000000 00000000 00000000 00000000 00000000 00003333 00004ccd 00002667 00000001 00000000 03938700 000004f8
capture_snapshot GLI1 00010000 60000000 2500000 204 0 60000000 0 0 0 0 0 0 0 8eee4088 00000011 93b06818 00000011 0032c1a7 00000000 0032c1a7 00000000 0000006a 00000000 00000000 00000000 04c231ae 00000000 0032c211 00000000 00000000 00000000 00000000 00000039 008b3199 00000001 00000000 00000001 00000000 00000000 00000000 00000000 00000000 00000000 00000000 00000000 00000000 00000000 00000000 00000000 00000000 00000000 00000000 00000000 01df5587 0000001e 93b06836 00000011 00000000 00000000 00000000 00000000 00000201 00000101 00000000 00000000 00000000 00000000 00000000 00000000 00000000 00003333 00004ccd 00002667 00000001 00000000 03938700 000004f8
capture_snapshot GLI1 00010000 60000000 2500000 205 0 60000000 0 0 0 0 0 0 0 8eee4088 00000011 93b668c0 00000011 003301ae 00000000 003301ae 00000000 0000006a 00000000 00000000 00000000 04c83267 00000000 00330218 00000000 00000000 00000000 00000000 00000039 008b3199 00000001 00000000 00000001 00000000 00000000 00000000 00000000 00000000 00000000 00000000 00000000 00000000 00000000 00000000 00000000 00000000 00000000 00000000 00000000 01e956a8 0000001e 93b668ef 00000011 00000000 00000000 00000000 00000000 00000202 00000101 00000000 00000000 00000000 00000000 00000000 00000000 00000000 00003333 00004ccd 00002667 00000001 00000000 03938700 000004f8
capture_snapshot GLI1 00010000 60000000 2500000 206 0 60000000 0 0 0 0 0 0 0 8eee4088 00000011 93bc6770 00000011 003341a0 00000000 003341a0 00000000 0000006a 00000000 00000000 00000000 04ce3119 00000000 0033420a 00000000 00000000 00000000 00000000 00000039 008b3199 00000001 00000000 00000001 00000000 00000000 00000000 00000000 00000000 00000000 00000000 00000000 00000000 00000000 00000000 00000000 00000000 00000000 00000000 00000000 01f35467 0000001e 93bc67a1 00000011 00000000 00000000 00000000 00000000 00000201 00000101 00000000 00000000 00000000 00000000 00000000 00000000 00000000 00003333 00004ccd 00002667 00000001 00000000 03938700 000004f8
capture_snapshot GLI1 00010000 60000000 2500000 207 0 60000000 0 0 0 0 0 0 0 8eee4088 00000011 93c26878 00000011 003381ab 00000000 003381ab 00000000 0000006a 00000000 00000000 00000000 04d43216 00000000 00338215 00000000 00000000 00000000 00000000 00000039 008b3199 00000001 00000000 00000001 00000000 00000000 00000000 00000000 00000000 00000000 00000000 00000000 00000000 00000000 00000000 00000000 00000000 00000000 00000000 00000000 01fd55fb 0000001e 93c2689e 00000011 00000000 00000000 00000000 00000000 00000201 00000101 00000000 00000000 00000000 00000000 00000000 00000000 00000000 00003333 00004ccd 00002667 00000001 00000000 03938700 000004f8
capture_snapshot GLI1 00010000 60000000 2500000 208 0 60000000 0 0 0 0 0 0 0 8eee4088 00000011 93c86818 00000011 0033c1a7 00000000 0033c1a7 00000000 0000006a 00000000 00000000 00000000 04da31bb 00000000 0033c211 00000000 00000000 00000000 00000000 00000039 008b3199 00000001 00000000 00000001 00000000 00000000 00000000 00000000 00000000 00000000 00000000 00000000 00000000 00000000 00000000 00000000 00000000 00000000 00000000 00000000 0207554e 0000001e 93c86843 00000011 00000000 00000000 00000000 00000000 00000201 00000101 00000000 00000000 00000000 00000000 00000000 00000000 00000000 00003333 00004ccd 00002667 00000001 00000000 03938700 000004f8
capture_snapshot GLI1 00010000 60000000 2500000 209 0 60000000 0 0 0 0 0 0 0 8eee4088 00000011 93ce6710 00000011 0034019c 00000000 0034019c 00000000 0000006a 00000000 00000000 00000000 04e030b2 00000000 00340206 00000000 00000000 00000000 00000000 00000039 008b3199 00000001 00000000 00000001 00000000 00000000 00000000 00000000 00000000 00000000 00000000 00000000 00000000 00000000 00000000 00000000 00000000 00000000 00000000 00000000 02115381 0000001e 93ce673a 00000011 00000000 00000000 00000000 00000000 00000201 00000101 00000000 00000000 00000000 00000000 00000000 00000000 00000000 00003333 00004ccd 00002667 00000001 00000000 03938700 000004f8
capture_snapshot GLI1 00010000 60000000 2500000 210 0 60000000 0 0 0 0 0 0 0 8eee4088 00000011 93d467d0 00000011 003441a4 00000000 003441a4 00000000 0000006a 00000000 00000000 00000000 04e6316e 00000000 0034420e 00000000 00000000 00000000 00000000 00000039 008b3199 00000001 00000000 00000001 00000000 00000000 00000000 00000000 00000000 00000000 00000000 00000000 00000000 00000000 00000000 00000000 00000000 00000000 00000000 00000000 021b54a7 0000001e 93d467f6 00000011 00000000 00000000 00000000 00000000 00000201 00000101 00000000 00000000 00000000 00000000 00000000 00000000 00000000 00003333 00004ccd 00002667 00000001 00000000 03938700 000004f8
capture_snapshot GLI1 00010000 60000000 2500000 211 0 60000000 0 0 0 0 0 0 0 8eee4088 00000011 93da6da0 00000011 003481e2 00000000 003481e2 00000000 0000006a 00000000 00000000 00000000 04ec3747 00000000 0034824c 00000000 00000000 00000000 00000000 00000039 008b3199 00000001 00000000 00000001 00000000 00000000 00000000 00000000 00000000 00000000 00000000 00000000 00000000 00000000 00000000 00000000 00000000 00000000 00000000 00000000 02255e53 0000001e 93da6dcf 00000011 00000000 00000000 00000000 00000000 00000201 00000101 00000000 00000000 00000000 00000000 00000000 00000000 00000000 00003333 00004ccd 00002667 00000001 00000000 03938700 000004f8
capture_snapshot GLI1 00010000 60000000 2500000 212 0 60000000 0 0 0 0 0 0 0 8eee4088 00000011 93e06db8 00000011 0034c1e3 00000000 0034c1e3 00000000 0000006a 00000000 00000000 00000000 04f2374e 00000000 0034c24d 00000000 00000000 00000000 00000000 00000039 008b3199 00000001 00000000 00000001 00000000 00000000 00000000 00000000 00000000 00000000 00000000 00000000 00000000 00000000 00000000 00000000 00000000 00000000 00000000 00000000 022f5e4b 0000001e 93e06dd6 00000011 00000000 00000000 00000000 00000000 00000201 00000100 00000000 00000000 00000000 00000000 00000000 00000000 00000000 00003333 00004ccd 00002667 00000001 00000000 03938700 000004f8
capture_snapshot GLI1 00010000 60000000 2500000 213 0 60000000 0 0 0 0 0 0 0 8eee4088 00000011 93e67748 00000011 00350249 00000000 00350249 00000000 0000006a 00000000 00000000 00000000 04f840e0 00000000 003502b3 00000000 00000000 00000000 00000000 00000039 008b3199 00000001 00000000 00000001 00000000 00000000 00000000 00000000 00000000 00000000 00000000 00000000 00000000 00000000 00000000 00000000 00000000 00000000 00000000 00000000 02396e2b 0000001e 93e67768 00000011 00000000 00000000 00000000 00000000 00000201 00000101 00000000 00000000 00000000 00000000 00000000 00000000 00000000 00003333 00004ccd 00002667 00000001 00000000 03938700 000004f8
capture_snapshot GLI1 00010000 60000000 2500000 214 0 60000000 0 0 0 0 0 0 0 8eee4088 00000011 93ec6b30 00000011 003541c8 00000000 003541c8 00000000 0000006a 00000000 00000000 00000000 04fe34d6 00000000 00354232 00000000 00000000 00000000 00000000 00000039 008b3199 00000001 00000000 00000001 00000000 00000000 00000000 00000000 00000000 00000000 00000000 00000000 00000000 00000000 00000000 00000000 00000000 00000000 00000000 00000000 02435a07 0000001e 93ec6b5e 00000011 00000000 00000000 00000000 00000000 00000201 00000101 00000000 00000000 00000000 00000000 00000000 00000000 00000000 00003333 00004ccd 00002667 00000001 00000000 03938700 000004f8
capture_snapshot GLI1 00010000 60000000 2500000 215 0 60000000 0 0 0 0 0 0 0 8eee4088 00000011 93f26818 00000011 003581a7 00000000 003581a7 00000000 0000006a 00000000 00000000 00000000 050431c1 00000000 00358211 00000000 00000000 00000000 00000000 00000039 008b3199 00000001 00000000 00000001 00000000 00000000 00000000 00000000 00000000 00000000 00000000 00000000 00000000 00000000 00000000 00000000 00000000 00000000 00000000 00000000 024d54d0 0000001e 93f26849 00000011 00000000 00000000 00000000 00000000 00000202 00000101 00000000 00000000 00000000 00000000 00000000 00000000 00000000 00003333 00004ccd 00002667 00000001 00000000 03938700 000004f8
capture_snapshot GLI1 00010000 60000000 2500000 216 0 60000000 0 0 0 0 0 0 0 8eee4088 00000011 93f86c50 00000011 0035c1d4 00000000 0035c1d4 00000000 0000006a 00000000 00000000 00000000 050a35e6 00000000 0035c23e 00000000 00000000 00000000 00000000 00000039 008b3199 00000001 00000000 00000001 00000000 00000000 00000000 00000000 00000000 00000000 00000000 00000000 00000000 00000000 00000000 00000000 00000000 00000000 00000000 00000000 02575ba4 0000001e 93f86c6e 00000011 00000000 00000000 00000000 00000000 00000201 00000101 00000000 00000000 00000000 00000000 00000000 00000000 00000000 00003333 00004ccd 00002667 00000001 00000000 03938700 000004f8
capture_snapshot GLI1 00010000 60000000 2500000 217 0 60000000 0 0 0 0 0 0 0 8eee4088 00000011 93fe66f8 00000011 0036019b 00000000 0036019b 00000000 0000006a 00000000 00000000 00000000 05103096 00000000 00360205 00000000 00000000 00000000 00000000 00000039 008b3199 00000001 00000000 00000001 00000000 00000000 00000000 00000000 00000000 00000000 00000000 00000000 00000000 00000000 00000000 00000000 00000000 00000000 00000000 00000000 026152b6 0000001e 93fe671e 00000011 00000000 00000000 00000000 00000000 00000201 00000101 00000000 00000000 00000000 00000000 00000000 00000000 00000000 00003333 00004ccd 00002667 00000001 00000000 03938700 000004f8
capture_snapshot GLI1 00010000 60000000 2500000 218 0 60000000 0 0 0 0 0 0 0 8eee4088 00000011 94046878 00000011 003641ab 00000000 003641ab 00000000 0000006a 00000000 00000000 00000000 05163221 00000000 00364215 00000000 00000000 00000000 00000000 00000039 008b3199 00000001 00000000 00000001 00000000 00000000 00000000 00000000 00000000 00000000 00000000 00000000 00000000 00000000 00000000 00000000 00000000 00000000 00000000 00000000 026b5535 0000001e 940468a9 00000011 00000000 00000000 00000000 00000000 00000201 00000101 00000000 00000000 00000000 00000000 00000000 00000000 00000000 00003333 00004ccd 00002667 00000001 00000000 03938700 000004f8
capture_snapshot GLI1 00010000 60000000 2500000 219 0 60000000 0 0 0 0 0 0 0 8eee4088 00000011 940a6770 00000011 003681a0 00000000 003681a0 00000000 0000006a 00000000 00000000 00000000 051c3107 00000000 0036820a 00000000 00000000 00000000 00000000 00000039 008b3199 00000001 00000000 00000001 00000000 00000000 00000000 00000000 00000000 00000000 00000000 00000000 00000000 00000000 00000000 00000000 00000000 00000000 00000000 00000000 0275534d 0000001e 940a678f 00000011 00000000 00000000 00000000 00000000 00000201 00000101 00000000 00000000 00000000 00000000 00000000 00000000 00000000 00003333 00004ccd 00002667 00000001 00000000 03938700 000004f8
capture_snapshot GLI1 00010000 60000000 2500000 220 0 60000000 0 0 0 0 0 0 0 8eee4088 00000011 941067a0 00000011 0036c1a2 00000000 0036c1a2 00000000 0000006a 00000000 00000000 00000000 05223144 00000000 0036c20c 00000000 00000000 00000000 00000000 00000039 008b3199 00000001 00000000 00000001 00000000 00000000 00000000 00000000 00000000 00000000 00000000 00000000 00000000 00000000 00000000 00000000 00000000 00000000 00000000 00000000 027f539f 0000001e 941067cc 00000011 00000000 00000000 00000000 00000000 00000201 00000101 00000000 00000000 00000000 00000000 00000000 00000000 00000000 00003333 00004ccd 00002667 00000001 00000000 03938700 000004f8
capture_snapshot GLI1 00010000 60000000 2500000 221 0 60000000 0 0 0 0 0 0 0 8eee4088 00000011 941667a0 00000011 003701a2 00000000 003701a2 00000000 0000006a 00000000 00000000 00000000 0528313f 00000000 0037020c 00000000 00000000 00000000 00000000 00000039 008b3199 00000001 00000000 00000001 00000000 00000000 00000000 00000000 00000000 00000000 00000000 00000000 00000000 00000000 00000000 00000000 00000000 00000000 00000000 00000000 02895383 0000001e 941667c7 00000011 00000000 00000000 00000000 00000000 00000201 00000101 00000000 00000000 00000000 00000000 00000000 00000000 00000000 00003333 00004ccd 00002667 00000001 00000000 03938700 000004f8
capture_snapshot GLI1 00010000 60000000 2500000 222 0 60000000 0 0 0 0 0 0 0 8eee4088 00000011 941c6848 00000011 003741a9 00000000 003741a9 00000000 0000006a 00000000 00000000 00000000 052e31ee 00000000 00374213 00000000 00000000 00000000 00000000 00000039 008b3199 00000001 00000000 00000001 00000000 00000000 00000000 00000000 00000000 00000000 00000000 00000000 00000000 00000000 00000000 00000000 00000000 00000000 00000000 00000000 02935492 0000001e 941c6876 00000011 00000000 00000000 00000000 00000000 00000202 00000101 00000000 00000000 00000000 00000000 00000000 00000000 00000000 00003333 00004ccd 00002667 00000001 00000000 03938700 000004f8
capture_snapshot GLI1 00010000 60000000 2500000 223 0 60000000 0 0 0 0 0 0 0 8eee4088 00000011 94226758 00000011 0037819f 00000000 0037819f 00000000 0000006a 00000000 00000000 00000000 053430ef 00000000 00378209 00000000 00000000 00000000 00000000 00000039 008b3199 00000001 00000000 00000001 00000000 00000000 00000000 00000000 00000000 00000000 00000000 00000000 00000000 00000000 00000000 00000000 00000000 00000000 00000000 00000000 029d52d7 0000001e 94226777 00000011 00000000 00000000 00000000 00000000 00000201 00000101 00000000 00000000 00000000 00000000 00000000 00000000 00000000 00003333 00004ccd 00002667 00000001 00000000 03938700 000004f8
capture_snapshot GLI1 00010000 60000000 2500000 224 0 60000000 0 0 0 0 0 0 0 8eee4088 00000011 94286710 00000011 0037c19c 00000000 0037c19c 00000000 0000006a 00000000 00000000 00000000 053a30a9 00000000 0037c206 00000000 00000000 00000000 00000000 00000039 008b3199 00000001 00000000 00000001 00000000 00000000 00000000 00000000 00000000 00000000 00000000 00000000 00000000 00000000 00000000 00000000 00000000 00000000 00000000 00000000 02a7524d 0000001e 94286731 00000011 00000000 00000000 00000000 00000000 00000201 00000101 00000000 00000000 00000000 00000000 00000000 00000000 00000000 00003333 00004ccd 00002667 00000001 00000000 03938700 000004f8
capture_snapshot GLI1 00010000 60000000 2500000 225 0 60000000 0 0 0 0 0 0 0 8eee4088 00000011 942e6710 00000011 0038019c 00000000 0038019c 00000000 0000006a 00000000 00000000 00000000 054030ae 00000000 00380206 00000000 00000000 00000000 00000000 00000039 008b3199 00000001 00000000 00000001 00000000 00000000 00000000 00000000 00000000 00000000 00000000 00000000 00000000 00000000 00000000 00000000 00000000 00000000 00000000 00000000 02b15242 0000001e 942e6736 00000011 00000000 00000000 00000000 00000000 00000202 00000101 00000000 00000000 00000000 00000000 00000000 00000000 00000000 00003333 00004ccd 00002667 00000001 00000000 03938700 000004f8
capture_snapshot GLI1 00010000 60000000 2500000 226 0 60000000 0 0 0 0 0 0 0 8eee4088 00000011 94346620 00000011 00384192 00000000 00384192 00000000 0000006a 00000000 00000000 00000000 05462fc4 00000000 003841fc 00000000 00000000 00000000 00000000 00000039 008b3199 00000001 00000000 00000001 00000000 00000000 00000000 00000000 00000000 00000000 00000000 00000000 00000000 00000000 00000000 00000000 00000000 00000000 00000000 00000000 02bb50a9 0000001e 9434664c 00000011 00000000 00000000 00000000 00000000 00000201 00000101 00000000 00000000 00000000 00000000 00000000 00000000 00000000 00003333 00004ccd 00002667 00000001 00000000 03938700 000004f8
capture_snapshot GLI1 00010000 60000000 2500000 227 0 60000000 0 0 0 0 0 0 0 8eee4088 00000011 943a6770 00000011 003881a0 00000000 003881a0 00000000 0000006a 00000000 00000000 00000000 054c310c 00000000 0038820a 00000000 00000000 00000000 00000000 00000039 008b3199 00000001 00000000 00000001 00000000 00000000 00000000 00000000 00000000 00000000 00000000 00000000 00000000 00000000 00000000 00000000 00000000 00000000 00000000 00000000 02c552b8 0000001e 943a6794 00000011 00000000 00000000 00000000 00000000 00000201 00000101 00000000 00000000 00000000 00000000 00000000 00000000 00000000 00003333 00004ccd 00002667 00000001 00000000 03938700 000004f8
capture_snapshot GLI1 00010000 60000000 2500000 228 0 60000000 0 0 0 0 0 0 0 8eee4088 00000011 94406878 00000011 0038c1ab 00000000 0038c1ab 00000000 0000006a 00000000 00000000 00000000 05523221 00000000 0038c215 00000000 00000000 00000000 00000000 00000039 008b3199 00000001 00000000 00000001 00000000 00000000 00000000 00000000 00000000 00000000 00000000 00000000 00000000 00000000 00000000 00000000 00000000 00000000 00000000 00000000 02cf5472 0000001e 944068a9 00000011 00000000 00000000 00000000 00000000 00000201 00000100 00000000 00000000 00000000 00000000 00000000 00000000 00000000 00003333 00004ccd 00002667 00000001 00000000 03938700 000004f8
capture_snapshot GLI1 00010000 60000000 2500000 229 0 60000000 0 0 0 0 0 0 0 8eee4088 00000011 94466860 00000011 003901aa 00000000 003901aa 00000000 0000006a 00000000 00000000 00000000 055831fc 00000000 00390214 00000000 00000000 00000000 00000000 00000039 008b3199 00000001 00000000 00000001 00000000 00000000 00000000 00000000 00000000 00000000 00000000 00000000 00000000 00000000 00000000 00000000 00000000 00000000 00000000 00000000 02d95421 0000001e 94466884 00000011 00000000 00000000 00000000 00000000 00000201 00000101 00000000 00000000 00000000 00000000 00000000 00000000 00000000 00003333 00004ccd 00002667 00000001 00000000 03938700 000004f8
capture_snapshot GLI1 00010000 60000000 2500000 230 0 60000000 0 0 0 0 0 0 0 8eee4088 00000011 944c69f8 00000011 003941bb 00000000 003941bb 00000000 0000006a 00000000 00000000 00000000 055e33a4 00000000 00394225 00000000 00000000 00000000 00000000 00000039 008b3199 00000001 00000000 00000001 00000000 00000000 00000000 00000000 00000000 00000000 00000000 00000000 00000000 00000000 00000000 00000000 00000000 00000000 00000000 00000000 02e356d0 0000001e 944c6a2c 00000011 00000000 00000000 00000000 00000000 00000201 00000101 00000000 00000000 00000000 00000000 00000000 00000000 00000000 00003333 00004ccd 00002667 00000001 00000000 03938700 000004f8
capture_snapshot GLI1 00010000 60000000 2500000 231 0 60000000 0 0 0 0 0 0 0 8eee4088 00000011 94526770 00000011 003981a0 00000000 003981a0 00000000 0000006a 00000000 00000000 00000000 05643108 00000000 0039820a 00000000 00000000 00000000 00000000 00000039 008b3199 00000001 00000000 00000001 00000000 00000000 00000000 00000000 00000000 00000000 00000000 00000000 00000000 00000000 00000000 00000000 00000000 00000000 00000000 00000000 02ed5263 0000001e 94526790 00000011 00000000 00000000 00000000 00000000 00000202 00000100 00000000 00000000 00000000 00000000 00000000 00000000 00000000 00003333 00004ccd 00002667 00000001 00000000 03938700 000004f8
capture_snapshot GLI1 00010000 60000000 2500000 232 0 60000000 0 0 0 0 0 0 0 8eee4088 00000011 94586668 00000011 0039c195 00000000 0039c195 00000000 0000006a 00000000 00000000 00000000 056a3009 00000000 0039c1ff 00000000 00000000 00000000 00000000 00000039 008b3199 00000001 00000000 00000001 00000000 00000000 00000000 00000000 00000000 00000000 00000000 00000000 00000000 00000000 00000000 00000000 00000000 00000000 00000000 00000000 02f750a6 0000001e 94586691 00000011 00000000 00000000 00000000 00000000 00000201 00000101 00000000 00000000 00000000 00000000 00000000 00000000 00000000 00003333 00004ccd 00002667 00000001 00000000 03938700 000004f8
capture_snapshot GLI1 00010000 60000000 2500000 233 0 60000000 0 0 0 0 0 0 0 8eee4088 00000011 945e6758 00000011 003a019f 00000000 003a019f 00000000 0000006a 00000000 00000000 00000000 057030ef 00000000 003a0209 00000000 00000000 00000000 00000000 00000039 008b3199 00000001 00000000 00000001 00000000 00000000 00000000 00000000 00000000 00000000 00000000 00000000 00000000 00000000 00000000 00000000 00000000 00000000 00000000 00000000 03015213 0000001e 945e6777 00000011 00000000 00000000 00000000 00000000 00000201 00000101 00000000 00000000 00000000 00000000 00000000 00000000 00000000 00003333 00004ccd 00002667 00000001 00000000 03938700 000004f8
capture_snapshot GLI1 00010000 60000000 2500000 234 0 60000000 0 0 0 0 0 0 0 8eee4088 00000011 94646728 00000011 003a419d 00000000 003a419d 00000000 0000006a 00000000 00000000 00000000 057630c8 00000000 003a4207 00000000 00000000 00000000 00000000 00000039 008b3199 00000001 00000000 00000001 00000000 00000000 00000000 00000000 00000000 00000000 00000000 00000000 00000000 00000000 00000000 00000000 00000000 00000000 00000000 00000000 030b51be 0000001e 94646750 00000011 00000000 00000000 00000000 00000000 00000201 00000100 00000000 00000000 00000000 00000000 00000000 00000000 00000000 00003333 00004ccd 00002667 00000001 00000000 03938700 000004f8
capture_snapshot GLI1 00010000 60000000 2500000 235 0 60000000 0 0 0 0 0 0 0 8eee4088 00000011 946a6680 00000011 003a8196 00000000 003a8196 00000000 0000006a 00000000 00000000 00000000 057c301c 00000000 003a8200 00000000 00000000 00000000 00000000 00000039 008b3199 00000001 00000000 00000001 00000000 00000000 00000000 00000000 00000000 00000000 00000000 00000000 00000000 00000000 00000000 00000000 00000000 00000000 00000000 00000000 0315508b 0000001e 946a66a4 00000011 00000000 00000000 00000000 00000000 00000201 00000101 00000000 00000000 00000000 00000000 00000000 00000000 00000000 00003333 00004ccd 00002667 00000001 00000000 03938700 000004f8
capture_snapshot GLI1 00010000 60000000 2500000 236 0 60000000 0 0 0 0 0 0 0 8eee4088 00000011 94706728 00000011 003ac19d 00000000 003ac19d 00000000 0000006a 00000000 00000000 00000000 058230cf 00000000 003ac207 00000000 00000000 00000000 00000000 00000039 008b3199 00000001 00000000 00000001 00000000 00000000 00000000 00000000 00000000 00000000 00000000 00000000 00000000 00000000 00000000 00000000 00000000 00000000 00000000 00000000 031f51a2 0000001e 94706757 00000011 00000000 00000000 00000000 00000000 00000202 00000101 00000000 00000000 00000000 00000000 00000000 00000000 00000000 00003333 00004ccd 00002667 00000001 00000000 03938700 000004f8
capture_snapshot GLI1 00010000 60000000 2500000 237 0 60000000 0 0 0 0 0 0 0 8eee4088 00000011 94766638 00000011 003b0193 00000000 003b0193 00000000 0000006a 00000000 00000000 00000000 05882fd6 00000000 003b01fd 00000000 00000000 00000000 00000000 00000039 008b3199 00000001 00000000 00000001 00000000 00000000 00000000 00000000 00000000 00000000 00000000 00000000 00000000 00000000 00000000 00000000 00000000 00000000 00000000 00000000 03294fef 0000001e 9476665e 00000011 00000000 00000000 00000000 00000000 00000201 00000101 00000000 00000000 00000000 00000000 00000000 00000000 00000000 00003333 00004ccd 00002667 00000001 00000000 03938700 000004f8
capture_snapshot GLI1 00010000 60000000 2500000 238 0 60000000 0 0 0 0 0 0 0 8eee4088 00000011 947c6728 00000011 003b419d 00000000 003b419d 00000000 0000006a 00000000 00000000 00000000 058e30c6 00000000 003b4207 00000000 00000000 00000000 00000000 00000039 008b3199 00000001 00000000 00000001 00000000 00000000 00000000 00000000 00000000 00000000 00000000 00000000 00000000 00000000 00000000 00000000 00000000 00000000 00000000 00000000 0333516c 0000001e 947c674e 00000011 00000000 00000000 00000000 00000000 00000202 00000101 00000000 00000000 00000000 00000000 00000000 00000000 00000000 00003333 00004ccd 00002667 00000001 00000000 03938700 000004f8
capture_snapshot GLI1 00010000 60000000 2500000 239 0 60000000 0 0 0 0 0 0 0 8eee4088 00000011 94826818 00000011 003b81a7 00000000 003b81a7 00000000 0000006a 00000000 00000000 00000000 059431be 00000000 003b8211 00000000 00000000 00000000 00000000 00000039 008b3199 00000001 00000000 00000001 00000000 00000000 00000000 00000000 00000000 00000000 00000000 00000000 00000000 00000000 00000000 00000000 00000000 00000000 00000000 00000000 033d52f6 0000001e 94826846 00000011 00000000 00000000 00000000 00000000 00000201 00000100 00000000 00000000 00000000 00000000 00000000 00000000 00000000 00003333 00004ccd 00002667 00000001 00000000 03938700 000004f8
capture_snapshot GLI1 00010000 60000000 2500000 240 0 60000000 0 0 0 0 0 0 0 8eee4088 00000011 948867a0 00000011 003bc1a2 00000000 003bc1a2 00000000 0000006a 00000000 00000000 00000000 059a3144 00000000 003bc20c 00000000 00000000 00000000 00000000 00000039 008b3199 00000001 00000000 00000001 00000000 00000000 00000000 00000000 00000000 00000000 00000000 00000000 00000000 00000000 00000000 00000000 00000000 00000000 00000000 00000000 03475218 0000001e 948867cc 00000011 00000000 00000000 00000000 00000000 00000201 00000101 00000000 00000000 00000000 00000000 00000000 00000000 00000000 00003333 00004ccd 00002667 00000001 00000000 03938700 000004f8
capture_snapshot GLI1 00010000 60000000 2500000 241 0 60000000 0 0 0 0 0 0 0 8eee4088 00000011 948e66e0 00000011 003c019a 00000000 003c019a 00000000 0000006a 00000000 00000000 00000000 05a0307c 00000000 003c0204 00000000 00000000 00000000 00000000 00000039 008b3199 00000001 00000000 00000001 00000000 00000000 00000000 00000000 00000000 00000000 00000000 00000000 00000000 00000000 00000000 00000000 00000000 00000000 00000000 00000000 035150b7 0000001e 948e6704 00000011 00000000 00000000 00000000 00000000 00000201 00000101 00000000 00000000 00000000 00000000 00000000 00000000 00000000 00003333 00004ccd 00002667 00000001 00000000 03938700 000004f8
capture_snapshot GLI1 00010000 60000000 2500000 242 0 60000000 0 0 0 0 0 0 0 8eee4088 00000011 94946920 00000011 003c41b2 00000000 003c41b2 00000000 0000006a 00000000 00000000 00000000 05a632c1 00000000 003c421c 00000000 00000000 00000000 00000000 00000039 008b3199 00000001 00000000 00000001 00000000 00000000 00000000 00000000 00000000 00000000 00000000 00000000 00000000 00000000 00000000 00000000 00000000 00000000 00000000 00000000 035b546a 0000001e 94946949 00000011 00000000 00000000 00000000 00000000 00000201 00000101 00000000 00000000 00000000 00000000 00000000 00000000 00000000 00003333 00004ccd 00002667 00000001 00000000 03938700 000004f8
capture_snapshot GLI1 00010000 60000000 2500000 243 0 60000000 0 0 0 0 0 0 0 8eee4088 00000011 949a6698 00000011 003c8197 00000000 003c8197 00000000 0000006a 00000000 00000000 00000000 05ac3032 00000000 003c8201 00000000 00000000 00000000 00000000 00000039 008b3199 00000001 00000000 00000001 00000000 00000000 00000000 00000000 00000000 00000000 00000000 00000000 00000000 00000000 00000000 00000000 00000000 00000000 00000000 00000000 03655014 0000001e 949a66ba 00000011 00000000 00000000 00000000 00000000 00000201 00000100 00000000 00000000 00000000 00000000 00000000 00000000 00000000 00003333 00004ccd 00002667 00000001 00000000 03938700 000004f8
capture_snapshot GLI1 00010000 60000000 2500000 244 0 60000000 0 0 0 0 0 0 0 8eee4088 00000011 94a06758 00000011 003cc19f 00000000 003cc19f 00000000 0000006a 00000000 00000000 00000000 05b230ef 00000000 003cc209 00000000 00000000 00000000 00000000 00000039 008b3199 00000001 00000000 00000001 00000000 00000000 00000000 00000000 00000000 00000000 00000000 00000000 00000000 00000000 00000000 00000000 00000000 00000000 00000000 00000000 036f513c 0000001e 94a06777 00000011 00000000 00000000 00000000 00000000 00000201 00000101 00000000 00000000 00000000 00000000 00000000 00000000 00000000 00003333 00004ccd 00002667 00000001 00000000 03938700 000004f8
capture_snapshot GLI1 00010000 60000000 2500000 245 0 60000000 0 0 0 0 0 0 0 8eee4088 00000011 94a66908 00000011 003d01b1 00000000 003d01b1 00000000 0000006a 00000000 00000000 00000000 05b832b4 00000000 003d021b 00000000 00000000 00000000 00000000 00000039 008b3199 00000001 00000000 00000001 00000000 00000000 00000000 00000000 00000000 00000000 00000000 00000000 00000000 00000000 00000000 00000000 00000000 00000000 00000000 00000000 0379541b 0000001e 94a6693c 00000011 00000000 00000000 00000000 00000000 00000201 00000101 00000000 00000000 00000000 00000000 00000000 00000000 00000000 00003333 00004ccd 00002667 00000001 00000000 03938700 000004f8
capture_snapshot GLI1 00010000 60000000 2500000 246 0 60000000 0 0 0 0 0 0 0 8eee4088 00000011 94ac68a8 00000011 003d41ad 00000000 003d41ad 00000000 0000006a 00000000 00000000 00000000 05be324f 00000000 003d4217 00000000 00000000 00000000 00000000 00000039 008b3199 00000001 00000000 00000001 00000000 00000000 00000000 00000000 00000000 00000000 00000000 00000000 00000000 00000000 00000000 00000000 00000000 00000000 00000000 00000000 0383535f 0000001e 94ac68d7 00000011 00000000 00000000 00000000 00000000 00000201 00000101 00000000 00000000 00000000 00000000 00000000 00000000 00000000 00003333 00004ccd 00002667 00000001 00000000 03938700 000004f8
capture_snapshot GLI1 00010000 60000000 2500000 247 0 60000000 0 0 0 0 0 0 0 8eee4088 00000011 94b26698 00000011 003d8197 00000000 003d8197 00000000 0000006a 00000000 00000000 00000000 05c43033 00000000 003d8201 00000000 00000000 00000000 00000000 00000039 008b3199 00000001 00000000 00000001 00000000 00000000 00000000 00000000 00000000 00000000 00000000 00000000 00000000 00000000 00000000 00000000 00000000 00000000 00000000 00000000 038d4fc7 0000001e 94b266bb 00000011 00000000 00000000 00000000 00000000 00000202 00000101 00000000 00000000 00000000 00000000 00000000 00000000 00000000 00003333 00004ccd 00002667 00000001 00000000 03938700 000004f8
capture_snapshot GLI1 00010000 60000000 2500000 248 0 60000000 0 0 0 0 0 0 0 8eee4088 00000011 94b867a0 00000011 003dc1a2 00000000 003dc1a2 00000000 0000006a 00000000 00000000 00000000 05ca3144 00000000 003dc20c 00000000 00000000 00000000 00000000 00000039 008b3199 00000001 00000000 00000001 00000000 00000000 00000000 00000000 00000000 00000000 00000000 00000000 00000000 00000000 00000000 00000000 00000000 00000000 00000000 00000000 0397517c 0000001e 94b867cc 00000011 00000000 00000000 00000000 00000000 00000201 00000101 00000000 00000000 00000000 00000000 00000000 00000000 00000000 00003333 00004ccd 00002667 00000001 00000000 03938700 000004f8
capture_snapshot GLI1 00010000 60000000 2500000 249 0 60000000 0 0 0 0 0 0 0 8eee4088 00000011 94be6770 00000011 003e01a0 00000000 003e01a0 00000000 0000006a 00000000 00000000 00000000 05d03106 00000000 003e020a 00000000 00000000 00000000 00000000 00000039 008b3199 00000001 00000000 00000001 00000000 00000000 00000000 00000000 00000000 00000000 00000000 00000000 00000000 00000000 00000000 00000000 00000000 00000000 00000000 00000000 03a150ff 0000001e 94be678e 00000011 00000000 00000000 00000000 00000000 00000201 00000101 00000000 00000000 00000000 00000000 00000000 00000000 00000000 00003333 00004ccd 00002667 00000001 00000000 03938700 000004f8
capture_snapshot GLI1 00010000 60000000 2500000 250 0 60000000 0 0 0 0 0 0 0 8eee4088 00000011 94c46710 00000011 003e419c 00000000 003e419c 00000000 0000006a 00000000 00000000 00000000 05d630a8 00000000 003e4206 00000000 00000000 00000000 00000000 00000039 008b3199 00000001 00000000 00000001 00000000 00000000 00000000 00000000 00000000 00000000 00000000 00000000 00000000 00000000 00000000 00000000 00000000 00000000 00000000 00000000 03ab5050 0000001e 94c46730 00000011 00000000 00000000 00000000 00000000 00000201 00000101 00000000 00000000 00000000 00000000 00000000 00000000 00000000 00003333 00004ccd 00002667 00000001 00000000 03938700 000004f8
capture_snapshot GLI1 00010000 60000000 2500000 251 0 60000000 0 0 0 0 0 0 0 8eee4088 00000011 94ca6968 00000011 003e81b5 00000000 003e81b5 00000000 0000006a 00000000 00000000 00000000 05dc330e 00000000 003e821f 00000000 00000000 00000000 00000000 00000039 008b3199 00000001 00000000 00000001 00000000 00000000 00000000 00000000 00000000 00000000 00000000 00000000 00000000 00000000 00000000 00000000 00000000 00000000 00000000 00000000 03b5543b 0000001e 94ca6996 00000011 00000000 00000000 00000000 00000000 00000201 00000101 00000000 00000000 00000000 00000000 00000000 00000000 00000000 00003333 00004ccd 00002667 00000001 00000000 03938700 000004f8
capture_snapshot GLI1 00010000 60000000 2500000 252 0 60000000 0 0 0 0 0 0 0 8eee4088 00000011 94d06560 00000011 003ec18a 00000000 003ec18a 00000000 0000006a 00000000 00000000 00000000 05e22f01 00000000 003ec1f4 00000000 00000000 00000000 00000000 00000039 008b3199 00000001 00000000 00000001 00000000 00000000 00000000 00000000 00000000 00000000 00000000 00000000 00000000 00000000 00000000 00000000 00000000 00000000 00000000 00000000 03bf4d68 0000001e 94d06589 00000011 00000000 00000000 00000000 00000000 00000201 00000101 00000000 00000000 00000000 00000000 00000000 00000000 00000000 00003333 00004ccd 00002667 00000001 00000000 03938700 000004f8
capture_snapshot GLI1 00010000 60000000 2500000 253 0 60000000 0 0 0 0 0 0 0 8eee4088 00000011 94d66650 00000011 003f0194 00000000 003f0194 00000000 0000006a 00000000 00000000 00000000 05e82fee 00000000 003f01fe 00000000 00000000 00000000 00000000 00000039 008b3199 00000001 00000000 00000001 00000000 00000000 00000000 00000000 00000000 00000000 00000000 00000000 00000000 00000000 00000000 00000000 00000000 00000000 00000000 00000000 03c94ee0 0000001e 94d66676 00000011 00000000 00000000 00000000 00000000 00000201 00000101 00000000 00000000 00000000 00000000 00000000 00000000 00000000 00003333 00004ccd 00002667 00000001 00000000 03938700 000004f8
capture_snapshot GLI1 00010000 60000000 2500000 254 0 60000000 0 0 0 0 0 0 0 8eee4088 00000011 94dc6518 00000011 003f4187 00000000 003f4187 00000000 0000006a 00000000 00000000 00000000 05ee2eb6 00000000 003f41f1 00000000 00000000 00000000 00000000 00000039 008b3199 00000001 00000000 00000001 00000000 00000000 00000000 00000000 00000000 00000000 00000000 00000000 00000000 00000000 00000000 00000000 00000000 00000000 00000000 00000000 03d34cc4 0000001e 94dc653e 00000011 00000000 00000000 00000000 00000000 00000201 00000101 00000000 00000000 00000000 00000000 00000000 00000000 00000000 00003333 00004ccd 00002667 00000001 00000000 03938700 000004f8
capture_snapshot GLI1 00010000 60000000 2500000 255 0 60000000 0 0 0 0 0 0 0 8eee4088 00000011 94e26500 00000011 003f8186 00000000 003f8186 00000000 0000006a 00000000 00000000 00000000 05f42eaa 00000000 003f81f0 00000000 00000000 00000000 00000000 00000039 008b3199 00000001 00000000 00000001 00000000 00000000 00000000 00000000 00000000 00000000 00000000 00000000 00000000 00000000 00000000 00000000 00000000 00000000 00000000 00000000 03dd4c9c 0000001e 94e26532 00000011 00000000 00000000 00000000 00000000 00000201 00000100 00000000 00000000 00000000 00000000 00000000 00000000 00000000 00003333 00004ccd 00002667 00000001 00000000 03938700 000004f8
capture_snapshot GLI1 00010000 60000000 2500000 256 0 60000000 0 0 0 0 0 0 0 8eee4088 00000011 94e86560 00000011 003fc18a 00000000 003fc18a 00000000 0000006a 00000000 00000000 00000000 05fa2f01 00000000 003fc1f4 00000000 00000000 00000000 00000000 00000039 008b3199 00000001 00000000 00000001 00000000 00000000 00000000 00000000 00000000 00000000 00000000 00000000 00000000 00000000 00000000 00000000 00000000 00000000 00000000 00000000 03e74d1a 0000001e 94e86589 00000011 00000000 00000000 00000000 00000000 00000201 00000101 00000000 00000000 00000000 00000000 00000000 00000000 00000000 00003333 00004ccd 00002667 00000001 00000000 03938700 000004f8
capture_snapshot GLI1 00010000 60000000 2500000 257 0 60000000 0 0 0 0 0 0 0 8eee4088 00000011 94ee65f0 00000011 00400190 00000000 00400190 00000000 0000006a 00000000 00000000 00000000 06002f91 00000000 004001fa 00000000 00000000 00000000 00000000 00000039 008b3199 00000001 00000000 00000001 00000000 00000000 00000000 00000000 00000000 00000000 00000000 00000000 00000000 00000000 00000000 00000000 00000000 00000000 00000000 00000000 03f14df6 0000001e 94ee6619 00000011 00000000 00000000 00000000 00000000 00000201 00000100 00000000 00000000 00000000 00000000 00000000 00000000 00000000 00003333 00004ccd 00002667 00000001 00000000 03938700 000004f8
capture_snapshot GLI1 00010000 60000000 2500000 258 0 60000000 0 0 0 0 0 0 0 8eee4088 00000011 94f464e8 00000011 00404185 00000000 00404185 00000000 0000006a 00000000 00000000 00000000 06062e83 00000000 004041ef 00000000 00000000 00000000 00000000 00000039 008b3199 00000001 00000000 00000001 00000000 00000000 00000000 00000000 00000000 00000000 00000000 00000000 00000000 00000000 00000000 00000000 00000000 00000000 00000000 00000000 03fb4c21 0000001e 94f4650b 00000011 00000000 00000000 00000000 00000000 00000201 00000101 00000000 00000000 00000000 00000000 00000000 00000000 00000000 00003333 00004ccd 00002667 00000001 00000000 03938700 000004f8
capture_snapshot GLI1 00010000 60000000 2500000 259 0 60000000 0 0 0 0 0 0 0 8eee4088 00000011 94fa65a8 00000011 0040818d 00000000 0040818d 00000000 0000006a 00000000 00000000 00000000 060c2f54 00000000 004081f7 00000000 00000000 00000000 00000000 00000039 008b3199 00000001 00000000 00000001 00000000 00000000 00000000 00000000 00000000 00000000 00000000 00000000 00000000 00000000 00000000 00000000 00000000 00000000 00000000 00000000 04054d69 0000001e 94fa65dc 00000011 00000000 00000000 00000000 00000000 00000202 00000101 00000000 00000000 00000000 00000000 00000000 00000000 00000000 00003333 00004ccd 00002667 00000001 00000000 03938700 000004f8
capture_snapshot GLI1 00010000 60000000 2500000 260 0 60000000 0 0 0 0 0 0 0 8eee4088 00000011 95006500 00000011 0040c186 00000000 0040c186 00000000 0000006a 00000000 00000000 00000000 06122e9f 00000000 0040c1f0 00000000 00000000 00000000 00000000 00000039 008b3199 00000001 00000000 00000001 00000000 00000000 00000000 00000000 00000000 00000000 00000000 00000000 00000000 00000000 00000000 00000000 00000000 00000000 00000000 00000000 040f4c29 0000001e 95006527 00000011 00000000 00000000 00000000 00000000 00000201 00000101 00000000 00000000 00000000 00000000 00000000 00000000 00000000 00003333 00004ccd 00002667 00000001 00000000 03938700 000004f8
capture_snapshot GLI1 00010000 60000000 2500000 261 0 60000000 0 0 0 0 0 0 0 8eee4088 00000011 95066518 00000011 00410187 00000000 00410187 00000000 0000006a 00000000 00000000 00000000 06182ec3 00000000 004101f1 00000000 00000000 00000000 00000000 00000039 008b3199 00000001 00000000 00000001 00000000 00000000 00000000 00000000 00000000 00000000 00000000 00000000 00000000 00000000 00000000 00000000 00000000 00000000 00000000 00000000 04194c51 0000001e 9506654b 00000011 00000000 00000000 00000000 00000000 00000201 00000101 00000000 00000000 00000000 00000000 00000000 00000000 00000000 00003333 00004ccd 00002667 00000001 00000000 03938700 000004f8
capture_snapshot GLI1 00010000 60000000 2500000 262 0 60000000 0 0 0 0 0 0 0 8eee4088 00000011 950c66e0 00000011 0041419a 00000000 0041419a 00000000 0000006a 00000000 00000000 00000000 061e3086 00000000 00414204 00000000 00000000 00000000 00000000 00000039 008b3199 00000001 00000000 00000001 00000000 00000000 00000000 00000000 00000000 00000000 00000000 00000000 00000000 00000000 00000000 00000000 00000000 00000000 00000000 00000000 04234f2c 0000001e 950c670e 00000011 00000000 00000000 00000000 00000000 00000201 00000101 00000000 00000000 00000000 00000000 00000000 00000000 00000000 00003333 00004ccd 00002667 00000001 00000000 03938700 000004f8
capture_snapshot GLI1 00010000 60000000 2500000 263 0 60000000 0 0 0 0 0 0 0 8eee4088 00000011 95126590 00000011 0041818c 00000000 0041818c 00000000 0000006a 00000000 00000000 00000000 06242f34 00000000 004181f6 00000000 00000000 00000000 00000000 00000039 008b3199 00000001 00000000 00000001 00000000 00000000 00000000 00000000 00000000 00000000 00000000 00000000 00000000 00000000 00000000 00000000 00000000 00000000 00000000 00000000 042d4ce5 0000001e 951265bc 00000011 00000000 00000000 00000000 00000000 00000201 00000101 00000000 00000000 00000000 00000000 00000000 00000000 00000000 00003333 00004ccd 00002667 00000001 00000000 03938700 000004f8
capture_snapshot GLI1 00010000 60000000 2500000 264 0 60000000 0 0 0 0 0 0 0 8eee4088 00000011 95186518 00000011 0041c187 00000000 0041c187 00000000 0000006a 00000000 00000000 00000000 062a2ebb 00000000 0041c1f1 00000000 00000000 00000000 00000000 00000039 008b3199 00000001 00000000 00000001 00000000 00000000 00000000 00000000 00000000 00000000 00000000 00000000 00000000 00000000 00000000 00000000 00000000 00000000 00000000 00000000 04374c08 0000001e 95186543 00000011 00000000 00000000 00000000 00000000 00000201 00000101 00000000 00000000 00000000 00000000 00000000 00000000 00000000 00003333 00004ccd 00002667 00000001 00000000 03938700 000004f8
capture_snapshot GLI1 00010000 60000000 2500000 265 0 60000000 0 0 0 0 0 0 0 8eee4088 00000011 951e6650 00000011 00420194 00000000 00420193 00000000 0000006a 00000000 00000000 00000000 06302fe4 00000000 004201fe 00000000 00000000 00000000 00000000 0000003b 008b3199 00000001 00000001 00000001 00000000 00000000 00000000 00000000 00000000 00000000 00000000 00000000 00000000 00000000 00000000 00000000 00000000 00000000 00000000 00000000 04414de5 0000001e 951e666c 00000011 00000000 00000000 00000000 00000000 00000201 00000101 00000000 00000000 00000000 00000000 00000000 00000000 00000000 00003333 00004ccd 00002667 00000001 00000000 03938700 000004f8
capture_snapshot GLI1 00010000 60000000 2500000 266 0 60000000 0 0 0 0 0 0 0 8eee4088 00000011 952472c8 00000011 00424219 00000000 00424219 00000000 0000006a 00000000 00000000 00000000 06363c6d 00000000 00424283 00000000 00000000 00000000 00000000 00000039 008b3199 00000001 00000000 00000001 00000000 00000000 00000000 00000000 00000000 00000000 00000000 00000000 00000000 00000000 00000000 00000000 00000000 00000000 00000000 00000000 044b62b5 0000001e 952472f5 00000011 00000000 00000000 00000000 00000000 00000201 00000101 00000000 00000000 00000000 00000000 00000000 00000000 00000000 00003333 00004ccd 00002667 00000001 00000000 03938700 000004f8
capture_snapshot GLI1 00010000 60000000 2500000 267 0 60000000 0 0 0 0 0 0 0 8eee4088 00000011 952a6f20 00000011 004281f2 00000000 004281f2 00000000 0000006a 00000000 00000000 00000000 063c38ba 00000000 0042825c 00000000 00000000 00000000 00000000 00000039 008b3199 00000001 00000000 00000001 00000000 00000000 00000000 00000000 00000000 00000000 00000000 00000000 00000000 00000000 00000000 00000000 00000000 00000000 00000000 00000000 04555c76 0000001e 952a6f42 00000011 00000000 00000000 00000000 00000000 00000201 00000101 00000000 00000000 00000000 00000000 00000000 00000000 00000000 00003333 00004ccd 00002667 00000001 00000000 03938700 000004f8
capture_snapshot GLI1 00010000 60000000 2500000 268 0 60000000 0 0 0 0 0 0 0 8eee4088 00000011 95306650 00000011 0042c194 00000000 0042c194 00000000 0000006a 00000000 00000000 00000000 06422ff3 00000000 0042c1fe 00000000 00000000 00000000 00000000 00000039 008b3199 00000001 00000000 00000001 00000000 00000000 00000000 00000000 00000000 00000000 00000000 00000000 00000000 00000000 00000000 00000000 00000000 00000000 00000000 00000000 045f4dc2 0000001e 9530667b 00000011 00000000 00000000 00000000 00000000 00000202 00000101 00000000 00000000 00000000 00000000 00000000 00000000 00000000 00003333 00004ccd 00002667 00000001 00000000 03938700 000004f8
capture_snapshot GLI1 00010000 60000000 2500000 269 0 60000000 0 0 0 0 0 0 0 8eee4088 00000011 953664d0 00000011 00430184 00000000 00430184 00000000 0000006a 00000000 00000000 00000000 06482e76 00000000 004301ee 00000000 00000000 00000000 00000000 00000039 008b3199 00000001 00000000 00000001 00000000 00000000 00000000 00000000 00000000 00000000 00000000 00000000 00000000 00000000 00000000 00000000 00000000 00000000 00000000 00000000 04694b33 0000001e 953664fe 00000011 00000000 00000000 00000000 00000000 00000201 00000101 00000000 00000000 00000000 00000000 00000000 00000000 00000000 00003333 00004ccd 00002667 00000001 00000000 03938700 000004f8
capture_snapshot GLI1 00010000 60000000 2500000 270 0 60000000 0 0 0 0 0 0 0 8eee4088 00000011 953c7268 00000011 00434215 00000000 00434215 00000000 0000006a 00000000 00000000 00000000 064e3c08 00000000 0043427f 00000000 00000000 00000000 00000000 00000039 008b3199 00000001 00000000 00000001 00000000 00000000 00000000 00000000 00000000 00000000 00000000 00000000 00000000 00000000 00000000 00000000 00000000 00000000 00000000 00000000 047361be 0000001e 953c7290 00000011 00000000 00000000 00000000 00000000 00000201 00000100 00000000 00000000 00000000 00000000 00000000 00000000 00000000 00003333 00004ccd 00002667 00000001 00000000 03938700 000004f8
capture_snapshot GLI1 00010000 60000000 2500000 271 0 60000000 0 0 0 0 0 0 0 8eee4088 00000011 95429a40 00000011 004383be 00000000 004383be 00000000 0000006a 00000000 00000000 00000000 065463d6 00000000 00438428 00000000 00000000 00000000 00000000 00000039 008b3199 00000001 00000000 00000001 00000000 00000000 00000000 00000000 00000000 00000000 00000000 00000000 00000000 00000000 00000000 00000000 00000000 00000000 00000000 00000000 047da402 0000001e 95429a5e 00000011 00000000 00000000 00000000 00000000 00000201 00000101 00000000 00000000 00000000 00000000 00000000 00000000 00000000 00003333 00004ccd 00002667 00000001 00000000 03938700 000004f8
capture_snapshot GLI1 00010000 60000000 2500000 272 0 60000000 0 0 0 0 0 0 0 8eee4088 00000011 95489d40 00000011 0043c3de 00000000 0043c3de 00000000 0000006a 00000000 00000000 00000000 065a66dc 00000000 0043c448 00000000 00000000 00000000 00000000 00000039 008b3199 00000001 00000000 00000001 00000000 00000000 00000000 00000000 00000000 00000000 00000000 00000000 00000000 00000000 00000000 00000000 00000000 00000000 00000000 00000000 0487a8f7 0000001e 95489d64 00000011 00000000 00000000 00000000 00000000 00000201 00000101 00000000 00000000 00000000 00000000 00000000 00000000 00000000 00003333 00004ccd 00002667 00000001 00000000 03938700 000004f8
capture_snapshot GLI1 00010000 60000000 2500000 273 0 60000000 0 0 0 0 0 0 0 8eee4088 00000011 954e7d60 00000011 0044028a 00000000 0044028a 00000000 0000006a 00000000 00000000 00000000 066046fe 00000000 004402f4 00000000 00000000 00000000 00000000 00000039 008b3199 00000001 00000000 00000001 00000000 00000000 00000000 00000000 00000000 00000000 00000000 00000000 00000000 00000000 00000000 00000000 00000000 00000000 00000000 00000000 049173c8 0000001e 954e7d86 00000011 00000000 00000000 00000000 00000000 00000201 00000100 00000000 00000000 00000000 00000000 00000000 00000000 00000000 00003333 00004ccd 00002667 00000001 00000000 03938700 000004f8
capture_snapshot GLI1 00010000 60000000 2500000 274 0 60000000 0 0 0 0 0 0 0 8eee4088 00000011 95547d48 00000011 00444289 00000000 00444289 00000000 0000006a 00000000 00000000 00000000 066646e1 00000000 004442f3 00000000 00000000 00000000 00000000 00000039 008b3199 00000001 00000000 00000001 00000000 00000000 00000000 00000000 00000000 00000000 00000000 00000000 00000000 00000000 00000000 00000000 00000000 00000000 00000000 00000000 049b7384 0000001e 95547d69 00000011 00000000 00000000 00000000 00000000 00000201 00000100 00000000 00000000 00000000 00000000 00000000 00000000 00000000 00003333 00004ccd 00002667 00000001 00000000 03938700 000004f8
capture_snapshot GLI1 00010000 60000000 2500000 275 0 60000000 0 0 0 0 0 0 0 8eee4088 00000011 955a7d18 00000011 00448287 00000000 00448287 00000000 0000006a 00000000 00000000 00000000 066c46b0 00000000 004482f1 00000000 00000000 00000000 00000000 00000039 008b3199 00000001 00000000 00000001 00000000 00000000 00000000 00000000 00000000 00000000 00000000 00000000 00000000 00000000 00000000 00000000 00000000 00000000 00000000 00000000 04a5731f 0000001e 955a7d38 00000011 00000000 00000000 00000000 00000000 00000201 00000100 00000000 00000000 00000000 00000000 00000000 00000000 00000000 00003333 00004ccd 00002667 00000001 00000000 03938700 000004f8
capture_snapshot GLI1 00010000 60000000 2500000 276 0 60000000 0 0 0 0 0 0 0 8eee4088 00000011 95607e38 00000011 0044c293 00000000 0044c293 00000000 0000006a 00000000 00000000 00000000 067247dd 00000000 0044c2fd 00000000 00000000 00000000 00000000 00000039 008b3199 00000001 00000000 00000001 00000000 00000000 00000000 00000000 00000000 00000000 00000000 00000000 00000000 00000000 00000000 00000000 00000000 00000000 00000000 00000000 04af7501 0000001e 95607e65 00000011 00000000 00000000 00000000 00000000 00000201 00000100 00000000 00000000 00000000 00000000 00000000 00000000 00000000 00003333 00004ccd 00002667 00000001 00000000 03938700 000004f8
capture_snapshot GLI1 00010000 60000000 2500000 277 0 60000000 0 0 0 0 0 0 0 8eee4088 00000011 95667ef8 00000011 0045029b 00000000 0045029b 00000000 0000006a 00000000 00000000 00000000 067848a1 00000000 00450305 00000000 00000000 00000000 00000000 00000039 008b3199 00000001 00000000 00000001 00000000 00000000 00000000 00000000 00000000 00000000 00000000 00000000 00000000 00000000 00000000 00000000 00000000 00000000 00000000 00000000 04b97634 0000001e 95667f29 00000011 00000000 00000000 00000000 00000000 00000202 00000100 00000000 00000000 00000000 00000000 00000000 00000000 00000000 00003333 00004ccd 00002667 00000001 00000000 03938700 000004f8
capture_snapshot GLI1 00010000 60000000 2500000 278 0 60000000 0 0 0 0 0 0 0 8eee4088 00000011 956c81c8 00000011 004542b9 00000000 004542b9 00000000 0000006a 00000000 00000000 00000000 067e4b6c 00000000 00454323 00000000 00000000 00000000 00000000 00000039 008b3199 00000001 00000000 00000001 00000000 00000000 00000000 00000000 00000000 00000000 00000000 00000000 00000000 00000000 00000000 00000000 00000000 00000000 00000000 00000000 04c37ac8 0000001e 956c81f4 00000011 00000000 00000000 00000000 00000000 00000202 00000101 00000000 00000000 00000000 00000000 00000000 00000000 00000000 00003333 00004ccd 00002667 00000001 00000000 03938700 000004f8
capture_snapshot GLI1 00010000 60000000 2500000 279 0 60000000 0 0 0 0 0 0 0 8eee4088 00000011 95728168 00000011 004582b5 00000000 004582b5 00000000 0000006a 00000000 00000000 00000000 06844b03 00000000 0045831f 00000000 00000000 00000000 00000000 00000039 008b3199 00000001 00000000 00000001 00000000 00000000 00000000 00000000 00000000 00000000 00000000 00000000 00000000 00000000 00000000 00000000 00000000 00000000 00000000 00000000 04cd7a05 0000001e 9572818b 00000011 00000000 00000000 00000000 00000000 00000201 00000101 00000000 00000000 00000000 00000000 00000000 00000000 00000000 00003333 00004ccd 00002667 00000001 00000000 03938700 000004f8
capture_snapshot GLI1 00010000 60000000 2500000 280 0 60000000 0 0 0 0 0 0 0 8eee4088 00000011 95787fb8 00000011 0045c2a3 00000000 0045c2a3 00000000 0000006a 00000000 00000000 00000000 068a495a 00000000 0045c30d 00000000 00000000 00000000 00000000 00000039 008b3199 00000001 00000000 00000001 00000000 00000000 00000000 00000000 00000000 00000000 00000000 00000000 00000000 00000000 00000000 00000000 00000000 00000000 00000000 00000000 04d7772e 0000001e 95787fe2 00000011 00000000 00000000 00000000 00000000 00000201 00000100 00000000 00000000 00000000 00000000 00000000 00000000 00000000 00003333 00004ccd 00002667 00000001 00000000 03938700 000004f8
capture_snapshot GLI1 00010000 60000000 2500000 281 0 60000000 0 0 0 0 0 0 0 8eee4088 00000011 957e7fd0 00000011 004602a4 00000000 004602a4 00000000 0000006a 00000000 00000000 00000000 06904976 00000000 0046030e 00000000 00000000 00000000 00000000 00000039 008b3199 00000001 00000000 00000001 00000000 00000000 00000000 00000000 00000000 00000000 00000000 00000000 00000000 00000000 00000000 00000000 00000000 00000000 00000000 00000000 04e17748 0000001e 957e7ffe 00000011 00000000 00000000 00000000 00000000 00000201 00000101 00000000 00000000 00000000 00000000 00000000 00000000 00000000 00003333 00004ccd 00002667 00000001 00000000 03938700 000004f8
capture_snapshot GLI1 00010000 60000000 2500000 282 0 60000000 0 0 0 0 0 0 0 8eee4088 00000011 95848168 00000011 004642b5 00000000 004642b5 00000000 0000006a 00000000 00000000 00000000 06964b11 00000000 0046431f 00000000 00000000 00000000 00000000 00000039 008b3199 00000001 00000000 00000001 00000000 00000000 00000000 00000000 00000000 00000000 00000000 00000000 00000000 00000000 00000000 00000000 00000000 00000000 00000000 00000000 04eb79e3 0000001e 95848199 00000011 00000000 00000000 00000000 00000000 00000201 00000101 00000000 00000000 00000000 00000000 00000000 00000000 00000000 00003333 00004ccd 00002667 00000001 00000000 03938700 000004f8
capture_snapshot GLI1 00010000 60000000 2500000 283 0 60000000 0 0 0 0 0 0 0 8eee4088 00000011 958a8510 00000011 004682dc 00000000 004682dc 00000000 0000006a 00000000 00000000 00000000 069c4eae 00000000 00468346 00000000 00000000 00000000 00000000 00000039 008b3199 00000001 00000000 00000001 00000000 00000000 00000000 00000000 00000000 00000000 00000000 00000000 00000000 00000000 00000000 00000000 00000000 00000000 00000000 00000000 04f57fd4 0000001e 958a8536 00000011 00000000 00000000 00000000 00000000 00000202 00000101 00000000 00000000 00000000 00000000 00000000 00000000 00000000 00003333 00004ccd 00002667 00000001 00000000 03938700 000004f8
capture_snapshot GLI1 00010000 60000000 2500000 284 0 60000000 0 0 0 0 0 0 0 8eee4088 00000011 959084b0 00000011 0046c2d8 00000000 0046c2d7 00000000 0000006a 00000000 00000000 00000000 06a24e45 00000000 0046c342 00000000 00000000 00000000 00000000 0000003b 008b3199 00000001 00000001 00000001 00000000 00000000 00000000 00000000 00000000 00000000 00000000 00000000 00000000 00000000 00000000 00000000 00000000 00000000 00000000 00000000 04ff7f12 0000001e 959084cd 00000011 00000000 00000000 00000000 00000000 00000201 00000100 00000000 00000000 00000000 00000000 00000000 00000000 00000000 00003333 00004ccd 00002667 00000001 00000000 03938700 000004f8
capture_snapshot GLI1 00010000 60000000 2500000 285 0 60000000 0 0 0 0 0 0 0 8eee4088 00000011 95968228 00000011 004702bd 00000000 004702bd 00000000 0000006a 00000000 00000000 00000000 06a84bd4 00000000 00470327 00000000 00000000 00000000 00000000 00000039 008b3199 00000001 00000000 00000001 00000000 00000000 00000000 00000000 00000000 00000000 00000000 00000000 00000000 00000000 00000000 00000000 00000000 00000000 00000000 00000000 05097aed 0000001e 9596825c 00000011 00000000 00000000 00000000 00000000 00000201 00000101 00000000 00000000 00000000 00000000 00000000 00000000 00000000 00003333 00004ccd 00002667 00000001 00000000 03938700 000004f8
capture_snapshot GLI1 00010000 60000000 2500000 286 0 60000000 0 0 0 0 0 0 0 8eee4088 00000011 959c7d18 00000011 00474287 00000000 00474287 00000000 0000006a 00000000 00000000 00000000 06ae46af 00000000 004742f1 00000000 00000000 00000000 00000000 00000039 008b3199 00000001 00000000 00000001 00000000 00000000 00000000 00000000 00000000 00000000 00000000 00000000 00000000 00000000 00000000 00000000 00000000 00000000 00000000 00000000 05137247 0000001e 959c7d37 00000011 00000000 00000000 00000000 00000000 00000201 00000101 00000000 00000000 00000000 00000000 00000000 00000000 00000000 00003333 00004ccd 00002667 00000001 00000000 03938700 000004f8
capture_snapshot GLI1 00010000 60000000 2500000 287 0 60000000 0 0 0 0 0 0 0 8eee4088 00000011 95a27d30 00000011 00478288 00000000 00478288 00000000 0000006a 00000000 00000000 00000000 06b446db 00000000 004782f2 00000000 00000000 00000000 00000000 00000039 008b3199 00000001 00000000 00000001 00000000 00000000 00000000 00000000 00000000 00000000 00000000 00000000 00000000 00000000 00000000 00000000 00000000 00000000 00000000 00000000 051d727b 0000001e 95a27d63 00000011 00000000 00000000 00000000 00000000 00000201 00000101 00000000 00000000 00000000 00000000 00000000 00000000 00000000 00003333 00004ccd 00002667 00000001 00000000 03938700 000004f8
capture_snapshot GLI1 00010000 60000000 2500000 288 0 60000000 0 0 0 0 0 0 0 8eee4088 00000011 95a87ca0 00000011 0047c282 00000000 0047c282 00000000 0000006a 00000000 00000000 00000000 06ba4649 00000000 0047c2ec 00000000 00000000 00000000 00000000 00000039 008b3199 00000001 00000000 00000001 00000000 00000000 00000000 00000000 00000000 00000000 00000000 00000000 00000000 00000000 00000000 00000000 00000000 00000000 00000000 00000000 05277175 0000001e 95a87cd1 00000011 00000000 00000000 00000000 00000000 00000202 00000101 00000000 00000000 00000000 00000000 00000000 00000000 00000000 00003333 00004ccd 00002667 00000001 00000000 03938700 000004f8
capture_snapshot GLI1 00010000 60000000 2500000 289 0 60000000 0 0 0 0 0 0 0 8eee4088 00000011 95ae7c88 00000011 00480281 00000000 00480281 00000000 0000006a 00000000 00000000 00000000 06c0462e 00000000 004802eb 00000000 00000000 00000000 00000000 00000039 008b3199 00000001 00000000 00000001 00000000 00000000 00000000 00000000 00000000 00000000 00000000 00000000 00000000 00000000 00000000 00000000 00000000 00000000 00000000 00000000 05317135 0000001e 95ae7cb6 00000011 00000000 00000000 00000000 00000000 00000201 00000101 00000000 00000000 00000000 00000000 00000000 00000000 00000000 00003333 00004ccd 00002667 00000001 00000000 03938700 000004f8
capture_snapshot GLI1 00010000 60000000 2500000 290 0 60000000 0 0 0 0 0 0 0 8eee4088 00000011 95b485a0 00000011 004842e2 00000000 004842e2 00000000 0000006a 00000000 00000000 00000000 06c64f37 00000000 0048434c 00000000 00000000 00000000 00000000 00000039 008b3199 00000001 00000000 00000001 00000000 00000000 00000000 00000000 00000000 00000000 00000000 00000000 00000000 00000000 00000000 00000000 00000000 00000000 00000000 00000000 053b8030 0000001e 95b485bf 00000011 00000000 00000000 00000000 00000000 00000201 00000101 00000000 00000000 00000000 00000000 00000000 00000000 00000000 00003333 00004ccd 00002667 00000001 00000000 03938700 000004f8
capture_snapshot GLI1 00010000 60000000 2500000 291 0 60000000 0 0 0 0 0 0 0 8eee4088 00000011 95ba8e88 00000011 00488341 00000000 00488341 00000000 0000006a 00000000 00000000 00000000 06cc5830 00000000 004883ab 00000000 00000000 00000000 00000000 00000039 008b3199 00000001 00000000 00000001 00000000 00000000 00000000 00000000 00000000 00000000 00000000 00000000 00000000 00000000 00000000 00000000 00000000 00000000 00000000 00000000 05458f11 0000001e 95ba8eb8 00000011 00000000 00000000 00000000 00000000 00000201 00000101 00000000 00000000 00000000 00000000 00000000 00000000 00000000 00003333 00004ccd 00002667 00000001 00000000 03938700 000004f8
capture_snapshot GLI1 00010000 60000000 2500000 292 0 60000000 0 0 0 0 0 0 0 8eee4088 00000011 95c09608 00000011 0048c391 00000000 0048c391 00000000 0000006a 00000000 00000000 00000000 06d25fac 00000000 0048c3fb 00000000 00000000 00000000 00000000 00000039 008b3199 00000001 00000000 00000001 00000000 00000000 00000000 00000000 00000000 00000000 00000000 00000000 00000000 00000000 00000000 00000000 00000000 00000000 00000000 00000000 054f9b77 0000001e 95c09634 00000011 00000000 00000000 00000000 00000000 00000201 00000101 00000000 00000000 00000000 00000000 00000000 00000000 00000000 00003333 00004ccd 00002667 00000001 00000000 03938700 000004f8
capture_snapshot GLI1 00010000 60000000 2500000 293 0 60000000 0 0 0 0 0 0 0 8eee4088 00000011 95c68df8 00000011 0049033b 00000000 0049033b 00000000 0000006a 00000000 00000000 00000000 06d857a2 00000000 004903a5 00000000 00000000 00000000 00000000 00000039 008b3199 00000001 00000000 00000001 00000000 00000000 00000000 00000000 00000000 00000000 00000000 00000000 00000000 00000000 00000000 00000000 00000000 00000000 00000000 00000000 05598dfd 0000001e 95c68e2a 00000011 00000000 00000000 00000000 00000000 00000201 00000100 00000000 00000000 00000000 00000000 00000000 00000000 00000000 00003333 00004ccd 00002667 00000001 00000000 03938700 000004f8
capture_snapshot GLI1 00010000 60000000 2500000 294 0 60000000 0 0 0 0 0 0 0 8eee4088 00000011 95cc8e28 00000011 0049433d 00000000 0049433d 00000000 0000006a 00000000 00000000 00000000 06de57d3 00000000 004943a7 00000000 00000000 00000000 00000000 00000039 008b3199 00000001 00000000 00000001 00000000 00000000 00000000 00000000 00000000 00000000 00000000 00000000 00000000 00000000 00000000 00000000 00000000 00000000 00000000 00000000 05638e3b 0000001e 95cc8e5b 00000011 00000000 00000000 00000000 00000000 00000201 00000100 00000000 00000000 00000000 00000000 00000000 00000000 00000000 00003333 00004ccd 00002667 00000001 00000000 03938700 000004f8
capture_snapshot GLI1 00010000 60000000 2500000 295 0 60000000 0 0 0 0 0 0 0 8eee4088 00000011 95d28360 00000011 004982ca 00000000 004982ca 00000000 0000006a 00000000 00000000 00000000 06e44cf9 00000000 00498334 00000000 00000000 00000000 00000000 00000039 008b3199 00000001 00000000 00000001 00000000 00000000 00000000 00000000 00000000 00000000 00000000 00000000 00000000 00000000 00000000 00000000 00000000 00000000 00000000 00000000 056d7c12 0000001e 95d28381 00000011 00000000 00000000 00000000 00000000 00000201 00000101 00000000 00000000 00000000 00000000 00000000 00000000 00000000 00003333 00004ccd 00002667 00000001 00000000 03938700 000004f8
capture_snapshot GLI1 00010000 60000000 2500000 296 0 60000000 0 0 0 0 0 0 0 8eee4088 00000011 95d88930 00000011 0049c308 00000000 0049c308 00000000 0000006a 00000000 00000000 00000000 06ea52cf 00000000 0049c372 00000000 00000000 00000000 00000000 00000039 008b3199 00000001 00000000 00000001 00000000 00000000 00000000 00000000 00000000 00000000 00000000 00000000 00000000 00000000 00000000 00000000 00000000 00000000 00000000 00000000 057785b8 0000001e 95d88957 00000011 00000000 00000000 00000000 00000000 00000201 00000101 00000000 00000000 00000000 00000000 00000000 00000000 00000000 00003333 00004ccd 00002667 00000001 00000000 03938700 000004f8
capture_snapshot GLI1 00010000 60000000 2500000 297 0 60000000 0 0 0 0 0 0 0 8eee4088 00000011 95de8e88 00000011 004a0341 00000000 004a0341 00000000 0000006a 00000000 00000000 00000000 06f0582f 00000000 004a03ab 00000000 00000000 00000000 00000000 00000039 008b3199 00000001 00000000 00000001 00000000 00000000 00000000 00000000 00000000 00000000 00000000 00000000 00000000 00000000 00000000 00000000 00000000 00000000 00000000 00000000 05818e99 0000001e 95de8eb7 00000011 00000000 00000000 00000000 00000000 00000201 00000101 00000000 00000000 00000000 00000000 00000000 00000000 00000000 00003333 00004ccd 00002667 00000001 00000000 03938700 000004f8
capture_snapshot GLI1 00010000 60000000 2500000 298 0 60000000 0 0 0 0 0 0 0 8eee4088 00000011 95e48870 00000011 004a4300 00000000 004a4300 00000000 0000006a 00000000 00000000 00000000 06f65216 00000000 004a436a 00000000 00000000 00000000 00000000 00000039 008b3199 00000001 00000000 00000001 00000000 00000000 00000000 00000000 00000000 00000000 00000000 00000000 00000000 00000000 00000000 00000000 00000000 00000000 00000000 00000000 058b845c 0000001e 95e4889e 00000011 00000000 00000000 00000000 00000000 00000201 00000101 00000000 00000000 00000000 00000000 00000000 00000000 00000000 00003333 00004ccd 00002667 00000001 00000000 03938700 000004f8
capture_snapshot GLI1 00010000 60000000 2500000 299 0 60000000 0 0 0 0 0 0 0 8eee4088 00000011 95ea8ff0 00000011 004a8350 00000000 004a8350 00000000 0000006a 00000000 00000000 00000000 06fc5990 00000000 004a83ba 00000000 00000000 00000000 00000000 00000039 008b3199 00000001 00000000 00000001 00000000 00000000 00000000 00000000 00000000 00000000 00000000 00000000 00000000 00000000 00000000 00000000 00000000 00000000 00000000 00000000 059590bf 0000001e 95ea9018 00000011 00000000 00000000 00000000 00000000 00000201 00000100 00000000 00000000 00000000 00000000 00000000 00000000 00000000 00003333 00004ccd 00002667 00000001 00000000 03938700 000004f8
capture_snapshot GLI1 00010000 60000000 2500000 300 0 60000000 0 0 0 0 0 0 0 8eee4088 00000011 95f09818 00000011 004ac3a7 00000000 004ac3a7 00000000 0000006a 00000000 00000000 00000000 070261b4 00000000 004ac411 00000000 00000000 00000000 00000000 00000039 008b3199 00000001 00000000 00000001 00000000 00000000 00000000 00000000 00000000 00000000 00000000 00000000 00000000 00000000 00000000 00000000 00000000 00000000 00000000 00000000 059f9e3d 0000001e 95f0983c 00000011 00000000 00000000 00000000 00000000 00000201 00000101 00000000 00000000 00000000 00000000 00000000 00000000 00000000 00003333 00004ccd 00002667 00000001 00000000 03938700 000004f8
capture_snapshot GLI1 00010000 60000000 2500000 301 0 60000000 0 0 0 0 0 0 0 8eee4088 00000011 95f6adc0 00000011 004b048e 00000000 004b048e 00000000 0000006a 00000000 00000000 00000000 0708775a 00000000 004b04f8 00000000 00000000 00000000 00000000 00000039 008b3199 00000001 00000000 00000001 00000000 00000000 00000000 00000000 00000000 00000000 00000000 00000000 00000000 00000000 00000000 00000000 00000000 00000000 00000000 00000000 05a9c23d 0000001e 95f6ade2 00000011 00000000 00000000 00000000 00000000 00000201 00000101 00000000 00000000 00000000 00000000 00000000 00000000 00000000 00003333 00004ccd 00002667 00000001 00000000 03938700 000004f8
capture_snapshot GLI1 00010000 60000000 2500000 302 0 60000000 0 0 0 0 0 0 0 8eee4088 00000011 95fc8ee8 00000011 004b4345 00000000 004b4345 00000000 0000006a 00000000 00000000 00000000 070e5893 00000000 004b43af 00000000 00000000 00000000 00000000 00000039 008b3199 00000001 00000000 00000001 00000000 00000000 00000000 00000000 00000000 00000000 00000000 00000000 00000000 00000000 00000000 00000000 00000000 00000000 00000000 00000000 05b38edf 0000001e 95fc8f1b 00000011 00000000 00000000 00000000 00000000 00000201 00000101 00000000 00000000 00000000 00000000 00000000 00000000 00000000 00003333 00004ccd 00002667 00000001 00000000 03938700 000004f8
capture_snapshot GLI1 00010000 60000000 2500000 303 0 60000000 0 0 0 0 0 0 0 8eee4088 00000011 96028d98 00000011 004b8337 00000000 004b8337 00000000 0000006a 00000000 00000000 00000000 07145742 00000000 004b83a1 00000000 00000000 00000000 00000000 00000039 008b3199 00000001 00000000 00000001 00000000 00000000 00000000 00000000 00000000 00000000 00000000 00000000 00000000 00000000 00000000 00000000 00000000 00000000 00000000 00000000 05bd8c99 0000001e 96028dca 00000011 00000000 00000000 00000000 00000000 00000202 00000100 00000000 00000000 00000000 00000000 00000000 00000000 00000000 00003333 00004ccd 00002667 00000001 00000000 03938700 000004f8
capture_snapshot GLI1 00010000 60000000 2500000 304 0 60000000 0 0 0 0 0 0 0 8eee4088 00000011 96088858 00000011 004bc2ff 00000000 004bc2ff 00000000 0000006a 00000000 00000000 00000000 071a51ef 00000000 004bc369 00000000 00000000 00000000 00000000 00000039 008b3199 00000001 00000000 00000001 00000000 00000000 00000000 00000000 00000000 00000000 00000000 00000000 00000000 00000000 00000000 00000000 00000000 00000000 00000000 00000000 05c783a7 0000001e 96088877 00000011 00000000 00000000 00000000 00000000 00000201 00000101 00000000 00000000 00000000 00000000 00000000 00000000 00000000 00003333 00004ccd 00002667 00000001 00000000 03938700 000004f8
capture_snapshot GLI1 00010000 60000000 2500000 305 0 60000000 0 0 0 0 0 0 0 8eee4088 00000011 960e8870 00000011 004c0300 00000000 004c0300 00000000 0000006a 00000000 00000000 00000000 07205208 00000000 004c036a 00000000 00000000 00000000 00000000 00000039 008b3199 00000001 00000000 00000001 00000000 00000000 00000000 00000000 00000000 00000000 00000000 00000000 00000000 00000000 00000000 00000000 00000000 00000000 00000000 00000000 05d183bc 0000001e 960e8890 00000011 00000000 00000000 00000000 00000000 00000202 00000100 00000000 00000000 00000000 00000000 00000000 00000000 00000000 00003333 00004ccd 00002667 00000001 00000000 03938700 000004f8
capture_snapshot GLI1 00010000 60000000 2500000 306 0 60000000 0 0 0 0 0 0 0 8eee4088 00000011 961492d8 00000011 004c436f 00000000 004c436f 00000000 0000006a 00000000 00000000 00000000 07265c81 00000000 004c43d9 00000000 00000000 00000000 00000000 00000039 008b3199 00000001 00000000 00000001 00000000 00000000 00000000 00000000 00000000 00000000 00000000 00000000 00000000 00000000 00000000 00000000 00000000 00000000 00000000 00000000 05db951c 0000001e 96149309 00000011 00000000 00000000 00000000 00000000 00000201 00000101 00000000 00000000 00000000 00000000 00000000 00000000 00000000 00003333 00004ccd 00002667 00000001 00000000 03938700 000004f8
capture_snapshot GLI1 00010000 60000000 2500000 307 0 60000000 0 0 0 0 0 0 0 8eee4088 00000011 961a8d80 00000011 004c8336 00000000 004c8336 00000000 0000006a 00000000 00000000 00000000 072c5721 00000000 004c83a0 00000000 00000000 00000000 00000000 00000039 008b3199 00000001 00000000 00000001 00000000 00000000 00000000 00000000 00000000 00000000 00000000 00000000 00000000 00000000 00000000 00000000 00000000 00000000 00000000 00000000 05e58c14 0000001e 961a8da9 00000011 00000000 00000000 00000000 00000000 00000202 00000101 00000000 00000000 00000000 00000000 00000000 00000000 00000000 00003333 00004ccd 00002667 00000001 00000000 03938700 000004f8
capture_snapshot GLI1 00010000 60000000 2500000 308 0 60000000 0 0 0 0 0 0 0 8eee4088 00000011 96208d08 00000011 004cc331 00000000 004cc331 00000000 0000006a 00000000 00000000 00000000 073256ae 00000000 004cc39b 00000000 00000000 00000000 00000000 00000039 008b3199 00000001 00000000 00000001 00000000 00000000 00000000 00000000 00000000 00000000 00000000 00000000 00000000 00000000 00000000 00000000 00000000 00000000 00000000 00000000 05ef8b41 0000001e 96208d36 00000011 00000000 00000000 00000000 00000000 00000201 00000100 00000000 00000000 00000000 00000000 00000000 00000000 00000000 00003333 00004ccd 00002667 00000001 00000000 03938700 000004f8
capture_snapshot GLI1 00010000 60000000 2500000 309 0 60000000 0 0 0 0 0 0 0 8eee4088 00000011 96268f18 00000011 004d0347 00000000 004d0347 00000000 0000006a 00000000 00000000 00000000 073858b2 00000000 004d03b1 00000000 00000000 00000000 00000000 00000039 008b3199 00000001 00000000 00000001 00000000 00000000 00000000 00000000 00000000 00000000 00000000 00000000 00000000 00000000 00000000 00000000 00000000 00000000 00000000 00000000 05f98e89 0000001e 96268f3a 00000011 00000000 00000000 00000000 00000000 00000201 00000101 00000000 00000000 00000000 00000000 00000000 00000000 00000000 00003333 00004ccd 00002667 00000001 00000000 03938700 000004f8
capture_snapshot GLI1 00010000 60000000 2500000 310 0 60000000 0 0 0 0 0 0 0 8eee4088 00000011 962c97a0 00000011 004d43a2 00000000 004d43a2 00000000 0000006a 00000000 00000000 00000000 073e6139 00000000 004d440c 00000000 00000000 00000000 00000000 00000039 008b3199 00000001 00000000 00000001 00000000 00000000 00000000 00000000 00000000 00000000 00000000 00000000 00000000 00000000 00000000 00000000 00000000 00000000 00000000 00000000 06039cad 0000001e 962c97c1 00000011 00000000 00000000 00000000 00000000 00000201 00000101 00000000 00000000 00000000 00000000 00000000 00000000 00000000 00003333 00004ccd 00002667 00000001 00000000 03938700 000004f8
capture_snapshot GLI1 00010000 60000000 2500000 311 0 60000000 0 0 0 0 0 0 0 8eee4088 00000011 9632ad18 00000011 004d8487 00000000 004d8487 00000000 0000006a 00000000 00000000 00000000 074476ae 00000000 004d84f1 00000000 00000000 00000000 00000000 00000039 008b3199 00000001 00000000 00000001 00000000 00000000 00000000 00000000 00000000 00000000 00000000 00000000 00000000 00000000 00000000 00000000 00000000 00000000 00000000 00000000 060dc05b 0000001e 9632ad36 00000011 00000000 00000000 00000000 00000000 00000202 00000101 00000000 00000000 00000000 00000000 00000000 00000000 00000000 00003333 00004ccd 00002667 00000001 00000000 03938700 000004f8
capture_snapshot GLI1 00010000 60000000 2500000 312 0 60000000 0 0 0 0 0 0 0 8eee4088 00000011 96388b70 00000011 004dc320 00000000 004dc320 00000000 0000006a 00000000 00000000 00000000 074a5518 00000000 004dc38a 00000000 00000000 00000000 00000000 00000039 008b3199 00000001 00000000 00000001 00000000 00000000 00000000 00000000 00000000 00000000 00000000 00000000 00000000 00000000 00000000 00000000 00000000 00000000 00000000 00000000 0617884e 0000001e 96388ba0 00000011 00000000 00000000 00000000 00000000 00000202 00000100 00000000 00000000 00000000 00000000 00000000 00000000 00000000 00003333 00004ccd 00002667 00000001 00000000 03938700 000004f8
capture_snapshot GLI1 00010000 60000000 2500000 313 0 60000000 0 0 0 0 0 0 0 8eee4088 00000011 963e92a8 00000011 004e036d 00000000 004e036d 00000000 0000006a 00000000 00000000 00000000 07505c51 00000000 004e03d7 00000000 00000000 00000000 00000000 00000039 008b3199 00000001 00000000 00000001 00000000 00000000 00000000 00000000 00000000 00000000 00000000 00000000 00000000 00000000 00000000 00000000 00000000 00000000 00000000 00000000 06219444 0000001e 963e92d9 00000011 00000000 00000000 00000000 00000000 00000202 00000101 00000000 00000000 00000000 00000000 00000000 00000000 00000000 00003333 00004ccd 00002667 00000001 00000000 03938700 000004f8
capture_snapshot GLI1 00010000 60000000 2500000 314 0 60000000 0 0 0 0 0 0 0 8eee4088 00000011 96448798 00000011 004e42f7 00000000 004e42f7 00000000 0000006a 00000000 00000000 00000000 0756513f 00000000 004e4361 00000000 00000000 00000000 00000000 00000039 008b3199 00000001 00000000 00000001 00000000 00000000 00000000 00000000 00000000 00000000 00000000 00000000 00000000 00000000 00000000 00000000 00000000 00000000 00000000 00000000 062b81be 0000001e 964487c7 00000011 00000000 00000000 00000000 00000000 00000201 00000101 00000000 00000000 00000000 00000000 00000000 00000000 00000000 00003333 00004ccd 00002667 00000001 00000000 03938700 000004f8
capture_snapshot GLI1 00010000 60000000 2500000 315 0 60000000 0 0 0 0 0 0 0 8eee4088 00000011 964a8678 00000011 004e82eb 00000000 004e82eb 00000000 0000006a 00000000 00000000 00000000 075c5010 00000000 004e8355 00000000 00000000 00000000 00000000 00000039 008b3199 00000001 00000000 00000001 00000000 00000000 00000000 00000000 00000000 00000000 00000000 00000000 00000000 00000000 00000000 00000000 00000000 00000000 00000000 00000000 06357fb1 0000001e 964a8698 00000011 00000000 00000000 00000000 00000000 00000201 00000100 00000000 00000000 00000000 00000000 00000000 00000000 00000000 00003333 00004ccd 00002667 00000001 00000000 03938700 000004f8
capture_snapshot GLI1 00010000 60000000 2500000 316 0 60000000 0 0 0 0 0 0 0 8eee4088 00000011 96508fa8 00000011 004ec34d 00000000 004ec34d 00000000 0000006a 00000000 00000000 00000000 07625943 00000000 004ec3b7 00000000 00000000 00000000 00000000 00000039 008b3199 00000001 00000000 00000001 00000000 00000000 00000000 00000000 00000000 00000000 00000000 00000000 00000000 00000000 00000000 00000000 00000000 00000000 00000000 00000000 063f8ef3 0000001e 96508fcb 00000011 00000000 00000000 00000000 00000000 00000201 00000101 00000000 00000000 00000000 00000000 00000000 00000000 00000000 00003333 00004ccd 00002667 00000001 00000000 03938700 000004f8
capture_snapshot GLI1 00010000 60000000 2500000 317 0 60000000 0 0 0 0 0 0 0 8eee4088 00000011 965689f0 00000011 004f0310 00000000 004f0310 00000000 0000006a 00000000 00000000 00000000 07685388 00000000 004f037a 00000000 00000000 00000000 00000000 00000039 008b3199 00000001 00000000 00000001 00000000 00000000 00000000 00000000 00000000 00000000 00000000 00000000 00000000 00000000 00000000 00000000 00000000 00000000 00000000 00000000 06498552 0000001e 96568a10 00000011 00000000 00000000 00000000 00000000 00000201 00000100 00000000 00000000 00000000 00000000 00000000 00000000 00000000 00003333 00004ccd 00002667 00000001 00000000 03938700 000004f8
capture_snapshot GLI1 00010000 60000000 2500000 318 0 60000000 0 0 0 0 0 0 0 8eee4088 00000011 965c87c8 00000011 004f42f9 00000000 004f42f9 00000000 0000006a 00000000 00000000 00000000 076e515f 00000000 004f4363 00000000 00000000 00000000 00000000 00000039 008b3199 00000001 00000000 00000001 00000000 00000000 00000000 00000000 00000000 00000000 00000000 00000000 00000000 00000000 00000000 00000000 00000000 00000000 00000000 00000000 065381a4 0000001e 965c87e7 00000011 00000000 00000000 00000000 00000000 00000201 00000101 00000000 00000000 00000000 00000000 00000000 00000000 00000000 00003333 00004ccd 00002667 00000001 00000000 03938700 000004f8
capture_snapshot GLI1 00010000 60000000 2500000 319 0 60000000 0 0 0 0 0 0 0 8eee4088 00000011 96629740 00000011 004f839e 00000000 004f839e 00000000 0000006a 00000000 00000000 00000000 077460eb 00000000 004f8408 00000000 00000000 00000000 00000000 00000039 008b3199 00000001 00000000 00000001 00000000 00000000 00000000 00000000 00000000 00000000 00000000 00000000 00000000 00000000 00000000 00000000 00000000 00000000 00000000 00000000 065d9b7b 0000001e 96629773 00000011 00000000 00000000 00000000 00000000 00000201 00000101 00000000 00000000 00000000 00000000 00000000 00000000 00000000 00003333 00004ccd 00002667 00000001 00000000 03938700 000004f8
capture_snapshot GLI1 00010000 60000000 2500000 320 0 60000000 0 0 0 0 0 0 0 8eee4088 00000011 96689e48 00000011 004fc3e9 00000000 004fc3e9 00000000 0000006a 00000000 00000000 00000000 077a67de 00000000 004fc453 00000000 00000000 00000000 00000000 00000039 008b3199 00000001 00000000 00000001 00000000 00000000 00000000 00000000 00000000 00000000 00000000 00000000 00000000 00000000 00000000 00000000 00000000 00000000 00000000 00000000 0667a6fb 0000001e 96689e66 00000011 00000000 00000000 00000000 00000000 00000201 00000101 00000000 00000000 00000000 00000000 00000000 00000000 00000000 00003333 00004ccd 00002667 00000001 00000000 03938700 000004f8
capture_snapshot GLI1 00010000 60000000 2500000 321 0 60000000 0 0 0 0 0 0 0 8eee4088 00000011 966ea160 00000011 0050040a 00000000 0050040a 00000000 0000006a 00000000 00000000 00000000 07806af9 00000000 00500474 00000000 00000000 00000000 00000000 00000039 008b3199 00000001 00000000 00000001 00000000 00000000 00000000 00000000 00000000 00000000 00000000 00000000 00000000 00000000 00000000 00000000 00000000 00000000 00000000 00000000 0671ac14 0000001e 966ea181 00000011 00000000 00000000 00000000 00000000 00000201 00000101 00000000 00000000 00000000 00000000 00000000 00000000 00000000 00003333 00004ccd 00002667 00000001 00000000 03938700 000004f8
capture_snapshot GLI1 00010000 60000000 2500000 322 0 60000000 0 0 0 0 0 0 0 8eee4088 00000011 96748bb8 00000011 00504323 00000000 00504323 00000000 0000006a 00000000 00000000 00000000 0786554e 00000000 0050438d 00000000 00000000 00000000 00000000 00000039 008b3199 00000001 00000000 00000001 00000000 00000000 00000000 00000000 00000000 00000000 00000000 00000000 00000000 00000000 00000000 00000000 00000000 00000000 00000000 00000000 067b87e4 0000001e 96748bd6 00000011 00000000 00000000 00000000 00000000 00000201 00000101 00000000 00000000 00000000 00000000 00000000 00000000 00000000 00003333 00004ccd 00002667 00000001 00000000 03938700 000004f8
capture_snapshot GLI1 00010000 60000000 2500000 323 0 60000000 0 0 0 0 0 0 0 8eee4088 00000011 967a87e0 00000011 005082fa 00000000 005082fa 00000000 0000006a 00000000 00000000 00000000 078c5186 00000000 00508364 00000000 00000000 00000000 00000000 00000039 008b3199 00000001 00000000 00000001 00000000 00000000 00000000 00000000 00000000 00000000 00000000 00000000 00000000 00000000 00000000 00000000 00000000 00000000 00000000 00000000 06858183 0000001e 967a880e 00000011 00000000 00000000 00000000 00000000 00000201 00000101 00000000 00000000 00000000 00000000 00000000 00000000 00000000 00003333 00004ccd 00002667 00000001 00000000 03938700 000004f8
capture_snapshot GLI1 00010000 60000000 2500000 324 0 60000000 0 0 0 0 0 0 0 8eee4088 00000011 96808588 00000011 0050c2e1 00000000 0050c2e1 00000000 0000006a 00000000 00000000 00000000 07924f2f 00000000 0050c34b 00000000 00000000 00000000 00000000 00000039 008b3199 00000001 00000000 00000001 00000000 00000000 00000000 00000000 00000000 00000000 00000000 00000000 00000000 00000000 00000000 00000000 00000000 00000000 00000000 00000000 068f7d8b 0000001e 968085b7 00000011 00000000 00000000 00000000 00000000 00000201 00000101 00000000 00000000 00000000 00000000 00000000 00000000 00000000 00003333 00004ccd 00002667 00000001 00000000 03938700 000004f8
capture_snapshot GLI1 00010000 60000000 2500000 325 0 60000000 0 0 0 0 0 0 0 8eee4088 00000011 968694a0 00000011 00510382 00000000 00510382 00000000 0000006a 00000000 00000000 00000000 07985e4c 00000000 005103ec 00000000 00000000 00000000 00000000 00000039 008b3199 00000001 00000000 00000001 00000000 00000000 00000000 00000000 00000000 00000000 00000000 00000000 00000000 00000000 00000000 00000000 00000000 00000000 00000000 00000000 069996a7 0000001e 968694d4 00000011 00000000 00000000 00000000 00000000 00000201 00000101 00000000 00000000 00000000 00000000 00000000 00000000 00000000 00003333 00004ccd 00002667 00000001 00000000 03938700 000004f8
capture_snapshot GLI1 00010000 60000000 2500000 326 0 60000000 0 0 0 0 0 0 0 8eee4088 00000011 968c8ac8 00000011 00514319 00000000 00514319 00000000 0000006a 00000000 00000000 00000000 079e5460 00000000 00514383 00000000 00000000 00000000 00000000 00000039 008b3199 00000001 00000000 00000001 00000000 00000000 00000000 00000000 00000000 00000000 00000000 00000000 00000000 00000000 00000000 00000000 00000000 00000000 00000000 00000000 06a3860a 0000001e 968c8ae8 00000011 00000000 00000000 00000000 00000000 00000201 00000100 00000000 00000000 00000000 00000000 00000000 00000000 00000000 00003333 00004ccd 00002667 00000001 00000000 03938700 000004f8
capture_snapshot GLI1 00010000 60000000 2500000 327 0 60000000 0 0 0 0 0 0 0 8eee4088 00000011 969289a8 00000011 0051830d 00000000 0051830d 00000000 0000006a 00000000 00000000 00000000 07a45349 00000000 00518377 00000000 00000000 00000000 00000000 00000039 008b3199 00000001 00000000 00000001 00000000 00000000 00000000 00000000 00000000 00000000 00000000 00000000 00000000 00000000 00000000 00000000 00000000 00000000 00000000 00000000 06ad8425 0000001e 969289d1 00000011 00000000 00000000 00000000 00000000 00000201 00000101 00000000 00000000 00000000 00000000 00000000 00000000 00000000 00003333 00004ccd 00002667 00000001 00000000 03938700 000004f8
capture_snapshot GLI1 00010000 60000000 2500000 328 0 60000000 0 0 0 0 0 0 0 8eee4088 00000011 969887c8 00000011 0051c2f9 00000000 0051c2f9 00000000 0000006a 00000000 00000000 00000000 07aa5174 00000000 0051c363 00000000 00000000 00000000 00000000 00000039 008b3199 00000001 00000000 00000001 00000000 00000000 00000000 00000000 00000000 00000000 00000000 00000000 00000000 00000000 00000000 00000000 00000000 00000000 00000000 00000000 06b78104 0000001e 969887fc 00000011 00000000 00000000 00000000 00000000 00000202 00000101 00000000 00000000 00000000 00000000 00000000 00000000 00000000 00003333 00004ccd 00002667 00000001 00000000 03938700 000004f8
capture_snapshot GLI1 00010000 60000000 2500000 329 0 60000000 0 0 0 0 0 0 0 8eee4088 00000011 969e97b8 00000011 005203a3 00000000 005203a3 00000000 0000006a 00000000 00000000 00000000 07b06161 00000000 0052040d 00000000 00000000 00000000 00000000 00000039 008b3199 00000001 00000000 00000001 00000000 00000000 00000000 00000000 00000000 00000000 00000000 00000000 00000000 00000000 00000000 00000000 00000000 00000000 00000000 00000000 06c19b7b 0000001e 969e97e9 00000011 00000000 00000000 00000000 00000000 00000201 00000101 00000000 00000000 00000000 00000000 00000000 00000000 00000000 00003333 00004ccd 00002667 00000001 00000000 03938700 000004f8
capture_snapshot GLI1 00010000 60000000 2500000 330 0 60000000 0 0 0 0 0 0 0 8eee4088 00000011 96a4ba68 00000011 00524515 00000000 00524515 00000000 0000006a 00000000 00000000 00000000 07b68408 00000000 0052457f 00000000 00000000 00000000 00000000 00000039 008b3199 00000001 00000000 00000001 00000000 00000000 00000000 00000000 00000000 00000000 00000000 00000000 00000000 00000000 00000000 00000000 00000000 00000000 00000000 00000000 06cbd529 0000001e 96a4ba90 00000011 00000000 00000000 00000000 00000000 00000201 00000101 00000000 00000000 00000000 00000000 00000000 00000000 00000000 00003333 00004ccd 00002667 00000001 00000000 03938700 000004f8
capture_snapshot GLI1 00010000 60000000 2500000 331 0 60000000 0 0 0 0 0 0 0 8eee4088 00000011 96aaa400 00000011 00528426 00000000 00528426 00000000 0000006a 00000000 00000000 00000000 07bc6d9b 00000000 00528490 00000000 00000000 00000000 00000000 00000039 008b3199 00000001 00000000 00000001 00000000 00000000 00000000 00000000 00000000 00000000 00000000 00000000 00000000 00000000 00000000 00000000 00000000 00000000 00000000 00000000 06d5afb4 0000001e 96aaa423 00000011 00000000 00000000 00000000 00000000 00000201 00000101 00000000 00000000 00000000 00000000 00000000 00000000 00000000 00003333 00004ccd 00002667 00000001 00000000 03938700 000004f8
capture_snapshot GLI1 00010000 60000000 2500000 332 0 60000000 0 0 0 0 0 0 0 8eee4088 00000011 96b09128 00000011 0052c35d 00000000 0052c35d 00000000 0000006a 00000000 00000000 00000000 07c25ac3 00000000 0052c3c7 00000000 00000000 00000000 00000000 00000039 008b3199 00000001 00000000 00000001 00000000 00000000 00000000 00000000 00000000 00000000 00000000 00000000 00000000 00000000 00000000 00000000 00000000 00000000 00000000 00000000 06df9039 0000001e 96b0914b 00000011 00000000 00000000 00000000 00000000 00000201 00000101 00000000 00000000 00000000 00000000 00000000 00000000 00000000 00003333 00004ccd 00002667 00000001 00000000 03938700 000004f8
capture_snapshot GLI1 00010000 60000000 2500000 333 0 60000000 0 0 0 0 0 0 0 8eee4088 00000011 96b68918 00000011 00530307 00000000 00530307 00000000 0000006a 00000000 00000000 00000000 07c852c4 00000000 00530371 00000000 00000000 00000000 00000000 00000039 008b3199 00000001 00000000 00000001 00000000 00000000 00000000 00000000 00000000 00000000 00000000 00000000 00000000 00000000 00000000 00000000 00000000 00000000 00000000 00000000 06e982d3 0000001e 96b6894c 00000011 00000000 00000000 00000000 00000000 00000201 00000101 00000000 00000000 00000000 00000000 00000000 00000000 00000000 00003333 00004ccd 00002667 00000001 00000000 03938700 000004f8
capture_snapshot GLI1 00010000 60000000 2500000 334 0 60000000 0 0 0 0 0 0 0 8eee4088 00000011 96bc88e8 00000011 00534305 00000000 00534305 00000000 0000006a 00000000 00000000 00000000 07ce527d 00000000 0053436f 00000000 00000000 00000000 00000000 00000039 008b3199 00000001 00000000 00000001 00000000 00000000 00000000 00000000 00000000 00000000 00000000 00000000 00000000 00000000 00000000 00000000 00000000 00000000 00000000 00000000 06f38249 0000001e 96bc8905 00000011 00000000 00000000 00000000 00000000 00000201 00000101 00000000 00000000 00000000 00000000 00000000 00000000 00000000 00003333 00004ccd 00002667 00000001 00000000 03938700 000004f8
capture_snapshot GLI1 00010000 60000000 2500000 335 0 60000000 0 0 0 0 0 0 0 8eee4088 00000011 96c28ac8 00000011 00538319 00000000 00538319 00000000 0000006a 00000000 00000000 00000000 07d4545f 00000000 00538383 00000000 00000000 00000000 00000000 00000039 008b3199 00000001 00000000 00000001 00000000 00000000 00000000 00000000 00000000 00000000 00000000 00000000 00000000 00000000 00000000 00000000 00000000 00000000 00000000 00000000 06fd8559 0000001e 96c28ae7 00000011 00000000 00000000 00000000 00000000 00000201 00000101 00000000 00000000 00000000 00000000 00000000 00000000 00000000 00003333 00004ccd 00002667 00000001 00000000 03938700 000004f8
capture_snapshot GLI1 00010000 60000000 2500000 336 0 60000000 0 0 0 0 0 0 0 8eee4088 00000011 96c88c48 00000011 0053c329 00000000 0053c329 00000000 0000006a 00000000 00000000 00000000 07da55de 00000000 0053c393 00000000 00000000 00000000 00000000 00000039 008b3199 00000001 00000000 00000001 00000000 00000000 00000000 00000000 00000000 00000000 00000000 00000000 00000000 00000000 00000000 00000000 00000000 00000000 00000000 00000000 070787c3 0000001e 96c88c66 00000011 00000000 00000000 00000000 00000000 00000202 00000101 00000000 00000000 00000000 00000000 00000000 00000000 00000000 00003333 00004ccd 00002667 00000001 00000000 03938700 000004f8
capture_snapshot GLI1 00010000 60000000 2500000 337 0 60000000 0 0 0 0 0 0 0 8eee4088 00000011 96ce88d0 00000011 00540304 00000000 00540304 00000000 0000006a 00000000 00000000 00000000 07e05273 00000000 0054036e 00000000 00000000 00000000 00000000 00000039 008b3199 00000001 00000000 00000001 00000000 00000000 00000000 00000000 00000000 00000000 00000000 00000000 00000000 00000000 00000000 00000000 00000000 00000000 00000000 00000000 071181fd 0000001e 96ce88fb 00000011 00000000 00000000 00000000 00000000 00000202 00000101 00000000 00000000 00000000 00000000 00000000 00000000 00000000 00003333 00004ccd 00002667 00000001 00000000 03938700 000004f8
capture_snapshot GLI1 00010000 60000000 2500000 338 0 60000000 0 0 0 0 0 0 0 8eee4088 00000011 96d48540 00000011 005442de 00000000 005442de 00000000 0000006a 00000000 00000000 00000000 07e64edd 00000000 00544348 00000000 00000000 00000000 00000000 00000039 008b3199 00000001 00000000 00000001 00000000 00000000 00000000 00000000 00000000 00000000 00000000 00000000 00000000 00000000 00000000 00000000 00000000 00000000 00000000 00000000 071b7bf0 0000001e 96d48565 00000011 00000000 00000000 00000000 00000000 00000201 00000100 00000000 00000000 00000000 00000000 00000000 00000000 00000000 00003333 00004ccd 00002667 00000001 00000000 03938700 000004f8
capture_snapshot GLI1 00010000 60000000 2500000 339 0 60000000 0 0 0 0 0 0 0 8eee4088 00000011 96da95f0 00000011 00548390 00000000 00548390 00000000 0000006a 00000000 00000000 00000000 07ec5f93 00000000 005483fa 00000000 00000000 00000000 00000000 00000039 008b3199 00000001 00000000 00000001 00000000 00000000 00000000 00000000 00000000 00000000 00000000 00000000 00000000 00000000 00000000 00000000 00000000 00000000 00000000 00000000 072597b5 0000001e 96da961b 00000011 00000000 00000000 00000000 00000000 00000201 00000101 00000000 00000000 00000000 00000000 00000000 00000000 00000000 00003333 00004ccd 00002667 00000001 00000000 03938700 000004f8
capture_snapshot GLI1 00010000 60000000 2500000 340 0 60000000 0 0 0 0 0 0 0 8eee4088 00000011 96e0a190 00000011 0054c40c 00000000 0054c40c 00000000 0000006a 00000000 00000000 00000000 07f26b3b 00000000 0054c476 00000000 00000000 00000000 00000000 00000039 008b3199 00000001 00000000 00000001 00000000 00000000 00000000 00000000 00000000 00000000 00000000 00000000 00000000 00000000 00000000 00000000 00000000 00000000 00000000 00000000 072fab0f 0000001e 96e0a1c3 00000011 00000000 00000000 00000000 00000000 00000201 00000101 00000000 00000000 00000000 00000000 00000000 00000000 00000000 00003333 00004ccd 00002667 00000001 00000000 03938700 000004f8
capture_snapshot GLI1 00010000 60000000 2500000 341 0 60000000 0 0 0 0 0 0 0 8eee4088 00000011 96e6a1c0 00000011 0055040e 00000000 0055040d 00000000 0000006a 00000000 00000000 00000000 07f86b54 00000000 00550478 00000000 00000000 00000000 00000000 0000003b 008b3199 00000001 00000001 00000001 00000000 00000000 00000000 00000000 00000000 00000000 00000000 00000000 00000000 00000000 00000000 00000000 00000000 00000000 00000000 00000000 0739ab27 0000001e 96e6a1dc 00000011 00000000 00000000 00000000 00000000 00000201 00000101 00000000 00000000 00000000 00000000 00000000 00000000 00000000 00003333 00004ccd 00002667 00000001 00000000 03938700 000004f8
capture_snapshot GLI1 00010000 60000000 2500000 342 0 60000000 0 0 0 0 0 0 0 8eee4088 00000011 96ec89c0 00000011 0055430e 00000000 0055430e 00000000 0000006a 00000000 00000000 00000000 07fe535b 00000000 00554378 00000000 00000000 00000000 00000000 00000039 008b3199 00000001 00000000 00000001 00000000 00000000 00000000 00000000 00000000 00000000 00000000 00000000 00000000 00000000 00000000 00000000 00000000 00000000 00000000 00000000 0743831f 0000001e 96ec89e3 00000011 00000000 00000000 00000000 00000000 00000201 00000101 00000000 00000000 00000000 00000000 00000000 00000000 00000000 00003333 00004ccd 00002667 00000001 00000000 03938700 000004f8
capture_snapshot GLI1 00010000 60000000 2500000 343 0 60000000 0 0 0 0 0 0 0 8eee4088 00000011 96f288e8 00000011 00558305 00000000 00558305 00000000 0000006a 00000000 00000000 00000000 08045291 00000000 0055836f 00000000 00000000 00000000 00000000 00000039 008b3199 00000001 00000000 00000001 00000000 00000000 00000000 00000000 00000000 00000000 00000000 00000000 00000000 00000000 00000000 00000000 00000000 00000000 00000000 00000000 074d81b9 0000001e 96f28919 00000011 00000000 00000000 00000000 00000000 00000201 00000101 00000000 00000000 00000000 00000000 00000000 00000000 00000000 00003333 00004ccd 00002667 00000001 00000000 03938700 000004f8
capture_snapshot GLI1 00010000 60000000 2500000 344 0 60000000 0 0 0 0 0 0 0 8eee4088 00000011 96f891e8 00000011 0055c365 00000000 0055c365 00000000 0000006a 00000000 00000000 00000000 080a5b94 00000000 0055c3cf 00000000 00000000 00000000 00000000 00000039 008b3199 00000001 00000000 00000001 00000000 00000000 00000000 00000000 00000000 00000000 00000000 00000000 00000000 00000000 00000000 00000000 00000000 00000000 00000000 00000000 075790ac 0000001e 96f8921c 00000011 00000000 00000000 00000000 00000000 00000201 00000101 00000000 00000000 00000000 00000000 00000000 00000000 00000000 00003333 00004ccd 00002667 00000001 00000000 03938700 000004f8
capture_snapshot GLI1 00010000 60000000 2500000 345 0 60000000 0 0 0 0 0 0 0 8eee4088 00000011 96fe8d20 00000011 00560332 00000000 00560332 00000000 0000006a 00000000 00000000 00000000 081056c3 00000000 0056039c 00000000 00000000 00000000 00000000 00000039 008b3199 00000001 00000000 00000001 00000000 00000000 00000000 00000000 00000000 00000000 00000000 00000000 00000000 00000000 00000000 00000000 00000000 00000000 00000000 00000000 07618890 0000001e 96fe8d4b 00000011 00000000 00000000 00000000 00000000 00000201 00000101 00000000 00000000 00000000 00000000 00000000 00000000 00000000 00003333 00004ccd 00002667 00000001 00000000 03938700 000004f8
capture_snapshot GLI1 00010000 60000000 2500000 346 0 60000000 0 0 0 0 0 0 0 8eee4088 00000011 97048bb8 00000011 00564323 00000000 00564323 00000000 0000006a 00000000 00000000 00000000 08165563 00000000 0056438d 00000000 00000000 00000000 00000000 00000039 008b3199 00000001 00000000 00000001 00000000 00000000 00000000 00000000 00000000 00000000 00000000 00000000 00000000 00000000 00000000 00000000 00000000 00000000 00000000 00000000 076b8633 0000001e 97048beb 00000011 00000000 00000000 00000000 00000000 00000201 00000101 00000000 00000000 00000000 00000000 00000000 00000000 00000000 00003333 00004ccd 00002667 00000001 00000000 03938700 000004f8
capture_snapshot GLI1 00010000 60000000 2500000 347 0 60000000 0 0 0 0 0 0 0 8eee4088 00000011 970a85e8 00000011 005682e5 00000000 005682e5 00000000 0000006a 00000000 00000000 00000000 081c4f8c 00000000 0056834f 00000000 00000000 00000000 00000000 00000039 008b3199 00000001 00000000 00000001 00000000 00000000 00000000 00000000 00000000 00000000 00000000 00000000 00000000 00000000 00000000 00000000 00000000 00000000 00000000 00000000 07757c64 0000001e 970a8614 00000011 00000000 00000000 00000000 00000000 00000201 00000101 00000000 00000000 00000000 00000000 00000000 00000000 00000000 00003333 00004ccd 00002667 00000001 00000000 03938700 000004f8
capture_snapshot GLI1 00010000 60000000 2500000 348 0 60000000 0 0 0 0 0 0 0 8eee4088 00000011 97108750 00000011 0056c2f4 00000000 0056c2f4 00000000 0000006a 00000000 00000000 00000000 082250f5 00000000 0056c35e 00000000 00000000 00000000 00000000 00000039 008b3199 00000001 00000000 00000001 00000000 00000000 00000000 00000000 00000000 00000000 00000000 00000000 00000000 00000000 00000000 00000000 00000000 00000000 00000000 00000000 077f7eaa 0000001e 9710877d 00000011 00000000 00000000 00000000 00000000 00000201 00000101 00000000 00000000 00000000 00000000 00000000 00000000 00000000 00003333 00004ccd 00002667 00000001 00000000 03938700 000004f8
capture_snapshot GLI1 00010000 60000000 2500000 349 0 60000000 0 0 0 0 0 0 0 8eee4088 00000011 9716a100 00000011 00570406 00000000 00570406 00000000 0000006a 00000000 00000000 00000000 08286aa2 00000000 00570470 00000000 00000000 00000000 00000000 00000039 008b3199 00000001 00000000 00000001 00000000 00000000 00000000 00000000 00000000 00000000 00000000 00000000 00000000 00000000 00000000 00000000 00000000 00000000 00000000 00000000 0789a961 0000001e 9716a12a 00000011 00000000 00000000 00000000 00000000 00000201 00000100 00000000 00000000 00000000 00000000 00000000 00000000 00000000 00003333 00004ccd 00002667 00000001 00000000 03938700 000004f8
capture_snapshot GLI1 00010000 60000000 2500000 350 0 60000000 0 0 0 0 0 0 0 8eee4088 00000011 971c9e78 00000011 005743eb 00000000 005743eb 00000000 0000006a 00000000 00000000 00000000 082e6819 00000000 00574455 00000000 00000000 00000000 00000000 00000039 008b3199 00000001 00000000 00000001 00000000 00000000 00000000 00000000 00000000 00000000 00000000 00000000 00000000 00000000 00000000 00000000 00000000 00000000 00000000 00000000 0793a514 0000001e 971c9ea1 00000011 00000000 00000000 00000000 00000000 00000201 00000101 00000000 00000000 00000000 00000000 00000000 00000000 00000000 00003333 00004ccd 00002667 00000001 00000000 03938700 000004f8
capture_snapshot GLI1 00010000 60000000 2500000 351 0 60000000 0 0 0 0 0 0 0 8eee4088 00000011 9722a970 00000011 00578460 00000000 00578460 00000000 0000006a 00000000 00000000 00000000 0834730e 00000000 005784ca 00000000 00000000 00000000 00000000 00000039 008b3199 00000001 00000000 00000001 00000000 00000000 00000000 00000000 00000000 00000000 00000000 00000000 00000000 00000000 00000000 00000000 00000000 00000000 00000000 00000000 079db742 0000001e 9722a996 00000011 00000000 00000000 00000000 00000000 00000201 00000101 00000000 00000000 00000000 00000000 00000000 00000000 00000000 00003333 00004ccd 00002667 00000001 00000000 03938700 000004f8
capture_snapshot GLI1 00010000 60000000 2500000 352 0 60000000 0 0 0 0 0 0 0 8eee4088 00000011 972886f0 00000011 0057c2f0 00000000 0057c2f0 00000000 0000006a 00000000 00000000 00000000 083a5086 00000000 0057c35a 00000000 00000000 00000000 00000000 00000039 008b3199 00000001 00000000 00000001 00000000 00000000 00000000 00000000 00000000 00000000 00000000 00000000 00000000 00000000 00000000 00000000 00000000 00000000 00000000 00000000 07a77da2 0000001e 9728870e 00000011 00000000 00000000 00000000 00000000 00000201 00000101 00000000 00000000 00000000 00000000 00000000 00000000 00000000 00003333 00004ccd 00002667 00000001 00000000 03938700 000004f8
capture_snapshot GLI1 00010000 60000000 2500000 353 0 60000000 0 0 0 0 0 0 0 8eee4088 00000011 972e8570 00000011 005802e0 00000000 005802e0 00000000 0000006a 00000000 00000000 00000000 08404f0b 00000000 0058034a 00000000 00000000 00000000 00000000 00000039 008b3199 00000001 00000000 00000001 00000000 00000000 00000000 00000000 00000000 00000000 00000000 00000000 00000000 00000000 00000000 00000000 00000000 00000000 00000000 00000000 07b17b17 0000001e 972e8593 00000011 00000000 00000000 00000000 00000000 00000202 00000101 00000000 00000000 00000000 00000000 00000000 00000000 00000000 00003333 00004ccd 00002667 00000001 00000000 03938700 000004f8
capture_snapshot GLI1 00010000 60000000 2500000 354 0 60000000 0 0 0 0 0 0 0 8eee4088 00000011 97348bb8 00000011 00584323 00000000 00584323 00000000 0000006a 00000000 00000000 00000000 0846554e 00000000 0058438d 00000000 00000000 00000000 00000000 00000039 008b3199 00000001 00000000 00000001 00000000 00000000 00000000 00000000 00000000 00000000 00000000 00000000 00000000 00000000 00000000 00000000 00000000 00000000 00000000 00000000 07bb8574 0000001e 97348bd6 00000011 00000000 00000000 00000000 00000000 00000201 00000101 00000000 00000000 00000000 00000000 00000000 00000000 00000000 00003333 00004ccd 00002667 00000001 00000000 03938700 000004f8
capture_snapshot GLI1 00010000 60000000 2500000 355 0 60000000 0 0 0 0 0 0 0 8eee4088 00000011 973a8b88 00000011 00588321 00000000 00588321 00000000 0000006a 00000000 00000000 00000000 084c5527 00000000 0058838b 00000000 00000000 00000000 00000000 00000039 008b3199 00000001 00000000 00000001 00000000 00000000 00000000 00000000 00000000 00000000 00000000 00000000 00000000 00000000 00000000 00000000 00000000 00000000 00000000 00000000 07c5851f 0000001e 973a8baf 00000011 00000000 00000000 00000000 00000000 00000201 00000101 00000000 00000000 00000000 00000000 00000000 00000000 00000000 00003333 00004ccd 00002667 00000001 00000000 03938700 000004f8
capture_snapshot GLI1 00010000 60000000 2500000 356 0 60000000 0 0 0 0 0 0 0 8eee4088 00000011 974085d0 00000011 0058c2e4 00000000 0058c2e4 00000000 0000006a 00000000 00000000 00000000 08524f75 00000000 0058c34e 00000000 00000000 00000000 00000000 00000039 008b3199 00000001 00000000 00000001 00000000 00000000 00000000 00000000 00000000 00000000 00000000 00000000 00000000 00000000 00000000 00000000 00000000 00000000 00000000 00000000 07cf7b8d 0000001e 974085fd 00000011 00000000 00000000 00000000 00000000 00000202 00000100 00000000 00000000 00000000 00000000 00000000 00000000 00000000 00003333 00004ccd 00002667 00000001 00000000 03938700 000004f8
capture_snapshot GLI1 00010000 60000000 2500000 357 0 60000000 0 0 0 0 0 0 0 8eee4088 00000011 97468708 00000011 005902f1 00000000 005902f1 00000000 0000006a 00000000 00000000 00000000 085850ac 00000000 0059035b 00000000 00000000 00000000 00000000 00000039 008b3199 00000001 00000000 00000001 00000000 00000000 00000000 00000000 00000000 00000000 00000000 00000000 00000000 00000000 00000000 00000000 00000000 00000000 00000000 00000000 07d97d81 0000001e 97468734 00000011 00000000 00000000 00000000 00000000 00000201 00000101 00000000 00000000 00000000 00000000 00000000 00000000 00000000 00003333 00004ccd 00002667 00000001 00000000 03938700 000004f8
capture_snapshot GLI1 00010000 60000000 2500000 358 0 60000000 0 0 0 0 0 0 0 8eee4088 00000011 974c9410 00000011 0059437c 00000000 0059437c 00000000 0000006a 00000000 00000000 00000000 085e5da8 00000000 005943e6 00000000 00000000 00000000 00000000 00000039 008b3199 00000001 00000000 00000001 00000000 00000000 00000000 00000000 00000000 00000000 00000000 00000000 00000000 00000000 00000000 00000000 00000000 00000000 00000000 00000000 07e39311 0000001e 974c9430 00000011 00000000 00000000 00000000 00000000 00000201 00000101 00000000 00000000 00000000 00000000 00000000 00000000 00000000 00003333 00004ccd 00002667 00000001 00000000 03938700 000004f8
capture_snapshot GLI1 00010000 60000000 2500000 359 0 60000000 0 0 0 0 0 0 0 8eee4088 00000011 9752b168 00000011 005984b5 00000000 005984b5 00000000 0000006a 00000000 00000000 00000000 08647afe 00000000 0059851f 00000000 00000000 00000000 00000000 00000039 008b3199 00000001 00000000 00000001 00000000 00000000 00000000 00000000 00000000 00000000 00000000 00000000 00000000 00000000 00000000 00000000 00000000 00000000 00000000 00000000 07edc3e1 0000001e 9752b186 00000011 00000000 00000000 00000000 00000000 00000202 00000101 00000000 00000000 00000000 00000000 00000000 00000000 00000000 00003333 00004ccd 00002667 00000001 00000000 03938700 000004f8
capture_snapshot GLI1 00010000 60000000 2500000 360 0 60000000 0 0 0 0 0 0 0 8eee4088 00000011 9758a3d0 00000011 0059c424 00000000 0059c424 00000000 0000006a 00000000 00000000 00000000 086a6d7a 00000000 0059c48e 00000000 00000000 00000000 00000000 00000039 008b3199 00000001 00000000 00000001 00000000 00000000 00000000 00000000 00000000 00000000 00000000 00000000 00000000 00000000 00000000 00000000 00000000 00000000 00000000 00000000 07f7ad47 0000001e 9758a402 00000011 00000000 00000000 00000000 00000000 00000202 00000100 00000000 00000000 00000000 00000000 00000000 00000000 00000000 00003333 00004ccd 00002667 00000001 00000000 03938700 000004f8
capture_snapshot GLI1 00010000 60000000 2500000 361 0 60000000 0 0 0 0 0 0 0 8eee4088 00000011 975e8858 00000011 005a02ff 00000000 005a02ff 00000000 0000006a 00000000 00000000 00000000 087051f7 00000000 005a0369 00000000 00000000 00000000 00000000 00000039 008b3199 00000001 00000000 00000001 00000000 00000000 00000000 00000000 00000000 00000000 00000000 00000000 00000000 00000000 00000000 00000000 00000000 00000000 00000000 00000000 08017f5a 0000001e 975e887f 00000011 00000000 00000000 00000000 00000000 00000201 00000101 00000000 00000000 00000000 00000000 00000000 00000000 00000000 00003333 00004ccd 00002667 00000001 00000000 03938700 000004f8
capture_snapshot GLI1 00010000 60000000 2500000 362 0 60000000 0 0 0 0 0 0 0 8eee4088 00000011 97648798 00000011 005a42f7 00000000 005a42f7 00000000 0000006a 00000000 00000000 00000000 0876512e 00000000 005a4361 00000000 00000000 00000000 00000000 00000039 008b3199 00000001 00000000 00000001 00000000 00000000 00000000 00000000 00000000 00000000 00000000 00000000 00000000 00000000 00000000 00000000 00000000 00000000 00000000 00000000 080b7df7 0000001e 976487b6 00000011 00000000 00000000 00000000 00000000 00000201 00000100 00000000 00000000 00000000 00000000 00000000 00000000 00000000 00003333 00004ccd 00002667 00000001 00000000 03938700 000004f8
capture_snapshot GLI1 00010000 60000000 2500000 363 0 60000000 0 0 0 0 0 0 0 8eee4088 00000011 976a8978 00000011 005a830b 00000000 005a830b 00000000 0000006a 00000000 00000000 00000000 087c531e 00000000 005a8375 00000000 00000000 00000000 00000000 00000039 008b3199 00000001 00000000 00000001 00000000 00000000 00000000 00000000 00000000 00000000 00000000 00000000 00000000 00000000 00000000 00000000 00000000 00000000 00000000 00000000 0815811f 0000001e 976a89a6 00000011 00000000 00000000 00000000 00000000 00000201 00000101 00000000 00000000 00000000 00000000 00000000 00000000 00000000 00003333 00004ccd 00002667 00000001 00000000 03938700 000004f8
capture_snapshot GLI1 00010000 60000000 2500000 364 0 60000000 0 0 0 0 0 0 0 8eee4088 00000011 97708a98 00000011 005ac317 00000000 005ac317 00000000 0000006a 00000000 00000000 00000000 08825443 00000000 005ac381 00000000 00000000 00000000 00000000 00000039 008b3199 00000001 00000000 00000001 00000000 00000000 00000000 00000000 00000000 00000000 00000000 00000000 00000000 00000000 00000000 00000000 00000000 00000000 00000000 00000000 081f82f2 0000001e 97708acb 00000011 00000000 00000000 00000000 00000000 00000201 00000101 00000000 00000000 00000000 00000000 00000000 00000000 00000000 00003333 00004ccd 00002667 00000001 00000000 03938700 000004f8
capture_snapshot GLI1 00010000 60000000 2500000 365 0 60000000 0 0 0 0 0 0 0 8eee4088 00000011 97768be8 00000011 005b0325 00000000 005b0325 00000000 0000006a 00000000 00000000 00000000 08885581 00000000 005b038f 00000000 00000000 00000000 00000000 00000039 008b3199 00000001 00000000 00000001 00000000 00000000 00000000 00000000 00000000 00000000 00000000 00000000 00000000 00000000 00000000 00000000 00000000 00000000 00000000 00000000 082984f2 0000001e 97768c09 00000011 00000000 00000000 00000000 00000000 00000201 00000101 00000000 00000000 00000000 00000000 00000000 00000000 00000000 00003333 00004ccd 00002667 00000001 00000000 03938700 000004f8
capture_snapshot GLI1 00010000 60000000 2500000 366 0 60000000 0 0 0 0 0 0 0 8eee4088 00000011 977c88e8 00000011 005b4305 00000000 005b4305 00000000 0000006a 00000000 00000000 00000000 088e5286 00000000 005b436f 00000000 00000000 00000000 00000000 00000039 008b3199 00000001 00000000 00000001 00000000 00000000 00000000 00000000 00000000 00000000 00000000 00000000 00000000 00000000 00000000 00000000 00000000 00000000 00000000 00000000 08337fe7 0000001e 977c890e 00000011 00000000 00000000 00000000 00000000 00000201 00000101 00000000 00000000 00000000 00000000 00000000 00000000 00000000 00003333 00004ccd 00002667 00000001 00000000 03938700 000004f8
capture_snapshot GLI1 00010000 60000000 2500000 367 0 60000000 0 0 0 0 0 0 0 8eee4088 00000011 978285b8 00000011 005b82e3 00000000 005b82e3 00000000 0000006a 00000000 00000000 00000000 08944f4f 00000000 005b834d 00000000 00000000 00000000 00000000 00000039 008b3199 00000001 00000000 00000001 00000000 00000000 00000000 00000000 00000000 00000000 00000000 00000000 00000000 00000000 00000000 00000000 00000000 00000000 00000000 00000000 083d7a78 0000001e 978285d7 00000011 00000000 00000000 00000000 00000000 00000201 00000101 00000000 00000000 00000000 00000000 00000000 00000000 00000000 00003333 00004ccd 00002667 00000001 00000000 03938700 000004f8
capture_snapshot GLI1 00010000 60000000 2500000 368 0 60000000 0 0 0 0 0 0 0 8eee4088 00000011 97889e48 00000011 005bc3e9 00000000 005bc3e9 00000000 0000006a 00000000 00000000 00000000 089a67e1 00000000 005bc453 00000000 00000000 00000000 00000000 00000039 008b3199 00000001 00000000 00000001 00000000 00000000 00000000 00000000 00000000 00000000 00000000 00000000 00000000 00000000 00000000 00000000 00000000 00000000 00000000 00000000 0847a356 0000001e 97889e69 00000011 00000000 00000000 00000000 00000000 00000201 00000101 00000000 00000000 00000000 00000000 00000000 00000000 00000000 00003333 00004ccd 00002667 00000001 00000000 03938700 000004f8
capture_snapshot GLI1 00010000 60000000 2500000 369 0 60000000 0 0 0 0 0 0 0 8eee4088 00000011 978e8588 00000011 005c02e1 00000000 005c02e1 00000000 0000006a 00000000 00000000 00000000 08a04f24 00000000 005c034b 00000000 00000000 00000000 00000000 00000039 008b3199 00000001 00000000 00000001 00000000 00000000 00000000 00000000 00000000 00000000 00000000 00000000 00000000 00000000 00000000 00000000 00000000 00000000 00000000 00000000 08517a09 0000001e 978e85ac 00000011 00000000 00000000 00000000 00000000 00000201 00000101 00000000 00000000 00000000 00000000 00000000 00000000 00000000 00003333 00004ccd 00002667 00000001 00000000 03938700 000004f8
capture_snapshot GLI1 00010000 60000000 2500000 370 0 60000000 0 0 0 0 0 0 0 8eee4088 00000011 97948288 00000011 005c42c1 00000000 005c42c1 00000000 0000006a 00000000 00000000 00000000 08a64c25 00000000 005c432b 00000000 00000000 00000000 00000000 00000039 008b3199 00000001 00000000 00000001 00000000 00000000 00000000 00000000 00000000 00000000 00000000 00000000 00000000 00000000 00000000 00000000 00000000 00000000 00000000 00000000 085b74f7 0000001e 979482ad 00000011 00000000 00000000 00000000 00000000 00000201 00000101 00000000 00000000 00000000 00000000 00000000 00000000 00000000 00003333 00004ccd 00002667 00000001 00000000 03938700 000004f8
capture_snapshot GLI1 00010000 60000000 2500000 371 0 60000000 0 0 0 0 0 0 0 8eee4088 00000011 979a87b0 00000011 005c82f8 00000000 005c82f8 00000000 0000006a 00000000 00000000 00000000 08ac514f 00000000 005c8362 00000000 00000000 00000000 00000000 00000039 008b3199 00000001 00000000 00000001 00000000 00000000 00000000 00000000 00000000 00000000 00000000 00000000 00000000 00000000 00000000 00000000 00000000 00000000 00000000 00000000 08657d7f 0000001e 979a87d7 00000011 00000000 00000000 00000000 00000000 00000201 00000101 00000000 00000000 00000000 00000000 00000000 00000000 00000000 00003333 00004ccd 00002667 00000001 00000000 03938700 000004f8
capture_snapshot GLI1 00010000 60000000 2500000 372 0 60000000 0 0 0 0 0 0 0 8eee4088 00000011 97a09d10 00000011 005cc3dc 00000000 005cc3dc 00000000 0000006a 00000000 00000000 00000000 08b266af 00000000 005cc446 00000000 00000000 00000000 00000000 00000039 008b3199 00000001 00000000 00000001 00000000 00000000 00000000 00000000 00000000 00000000 00000000 00000000 00000000 00000000 00000000 00000000 00000000 00000000 00000000 00000000 086fa10a 0000001e 97a09d37 00000011 00000000 00000000 00000000 00000000 00000202 00000101 00000000 00000000 00000000 00000000 00000000 00000000 00000000 00003333 00004ccd 00002667 00000001 00000000 03938700 000004f8
capture_snapshot GLI1 00010000 60000000 2500000 373 0 60000000 0 0 0 0 0 0 0 8eee4088 00000011 97a68b58 00000011 005d031f 00000000 005d031f 00000000 0000006a 00000000 00000000 00000000 08b85503 00000000 005d0389 00000000 00000000 00000000 00000000 00000039 008b3199 00000001 00000000 00000001 00000000 00000000 00000000 00000000 00000000 00000000 00000000 00000000 00000000 00000000 00000000 00000000 00000000 00000000 00000000 00000000 08798383 0000001e 97a68b8b 00000011 00000000 00000000 00000000 00000000 00000201 00000100 00000000 00000000 00000000 00000000 00000000 00000000 00000000 00003333 00004ccd 00002667 00000001 00000000 03938700 000004f8
capture_snapshot GLI1 00010000 60000000 2500000 374 0 60000000 0 0 0 0 0 0 0 8eee4088 00000011 97ac9188 00000011 005d4361 00000000 005d4361 00000000 0000006a 00000000 00000000 00000000 08be5b32 00000000 005d43cb 00000000 00000000 00000000 00000000 00000039 008b3199 00000001 00000000 00000001 00000000 00000000 00000000 00000000 00000000 00000000 00000000 00000000 00000000 00000000 00000000 00000000 00000000 00000000 00000000 00000000 08838dbd 0000001e 97ac91ba 00000011 00000000 00000000 00000000 00000000 00000201 00000101 00000000 00000000 00000000 00000000 00000000 00000000 00000000 00003333 00004ccd 00002667 00000001 00000000 03938700 000004f8
capture_snapshot GLI1 00010000 60000000 2500000 375 0 60000000 0 0 0 0 0 0 0 8eee4088 00000011 97b286a8 00000011 005d82ed 00000000 005d82ed 00000000 0000006a 00000000 00000000 00000000 08c45044 00000000 005d8357 00000000 00000000 00000000 00000000 00000039 008b3199 00000001 00000000 00000001 00000000 00000000 00000000 00000000 00000000 00000000 00000000 00000000 00000000 00000000 00000000 00000000 00000000 00000000 00000000 00000000 088d7b74 0000001e 97b286cc 00000011 00000000 00000000 00000000 00000000 00000201 00000101 00000000 00000000 00000000 00000000 00000000 00000000 00000000 00003333 00004ccd 00002667 00000001 00000000 03938700 000004f8
capture_snapshot GLI1 00010000 60000000 2500000 376 0 60000000 0 0 0 0 0 0 0 8eee4088 00000011 97b88528 00000011 005dc2dd 00000000 005dc2dd 00000000 0000006a 00000000 00000000 00000000 08ca4ed2 00000000 005dc347 00000000 00000000 00000000 00000000 00000039 008b3199 00000001 00000000 00000001 00000000 00000000 00000000 00000000 00000000 00000000 00000000 00000000 00000000 00000000 00000000 00000000 00000000 00000000 00000000 00000000 089778f7 0000001e 97b8855a 00000011 00000000 00000000 00000000 00000000 00000201 00000100 00000000 00000000 00000000 00000000 00000000 00000000 00000000 00003333 00004ccd 00002667 00000001 00000000 03938700 000004f8
capture_snapshot GLI1 00010000 60000000 2500000 377 0 60000000 0 0 0 0 0 0 0 8eee4088 00000011 97be8e28 00000011 005e033d 00000000 005e033d 00000000 0000006a 00000000 00000000 00000000 08d057cc 00000000 005e03a7 00000000 00000000 00000000 00000000 00000039 008b3199 00000001 00000000 00000001 00000000 00000000 00000000 00000000 00000000 00000000 00000000 00000000 00000000 00000000 00000000 00000000 00000000 00000000 00000000 00000000 08a187d9 0000001e 97be8e54 00000011 00000000 00000000 00000000 00000000 00000202 00000101 00000000 00000000 00000000 00000000 00000000 00000000 00000000 00003333 00004ccd 00002667 00000001 00000000 03938700 000004f8
capture_snapshot GLI1 00010000 60000000 2500000 378 0 60000000 0 0 0 0 0 0 0 8eee4088 00000011 97c49728 00000011 005e439d 00000000 005e439d 00000000 0000006a 00000000 00000000 00000000 08d660bf 00000000 005e4407 00000000 00000000 00000000 00000000 00000039 008b3199 00000001 00000000 00000001 00000000 00000000 00000000 00000000 00000000 00000000 00000000 00000000 00000000 00000000 00000000 00000000 00000000 00000000 00000000 00000000 08ab96b0 0000001e 97c49747 00000011 00000000 00000000 00000000 00000000 00000201 00000101 00000000 00000000 00000000 00000000 00000000 00000000 00000000 00003333 00004ccd 00002667 00000001 00000000 03938700 000004f8
capture_snapshot GLI1 00010000 60000000 2500000 379 0 60000000 0 0 0 0 0 0 0 8eee4088 00000011 97ca96c8 00000011 005e8399 00000000 005e8399 00000000 0000006a 00000000 00000000 00000000 08dc6061 00000000 005e8403 00000000 00000000 00000000 00000000 00000039 008b3199 00000001 00000000 00000001 00000000 00000000 00000000 00000000 00000000 00000000 00000000 00000000 00000000 00000000 00000000 00000000 00000000 00000000 00000000 00000000 08b595ff 0000001e 97ca96e9 00000011 00000000 00000000 00000000 00000000 00000201 00000101 00000000 00000000 00000000 00000000 00000000 00000000 00000000 00003333 00004ccd 00002667 00000001 00000000 03938700 000004f8
capture_snapshot GLI1 00010000 60000000 2500000 380 0 60000000 0 0 0 0 0 0 0 8eee4088 00000011 97d07e20 00000011 005ec292 00000000 005ec292 00000000 0000006a 00000000 00000000 00000000 08e247bf 00000000 005ec2fc 00000000 00000000 00000000 00000000 00000039 008b3199 00000001 00000000 00000001 00000000 00000000 00000000 00000000 00000000 00000000 00000000 00000000 00000000 00000000 00000000 00000000 00000000 00000000 00000000 00000000 08bf6cdf 0000001e 97d07e47 00000011 00000000 00000000 00000000 00000000 00000201 00000101 00000000 00000000 00000000 00000000 00000000 00000000 00000000 00003333 00004ccd 00002667 00000001 00000000 03938700 000004f8
capture_snapshot GLI1 00010000 60000000 2500000 381 0 60000000 0 0 0 0 0 0 0 8eee4088 00000011 97d679e8 00000011 005f0265 00000000 005f0265 00000000 0000006a 00000000 00000000 00000000 08e8438c 00000000 005f02cf 00000000 00000000 00000000 00000000 00000039 008b3199 00000001 00000000 00000001 00000000 00000000 00000000 00000000 00000000 00000000 00000000 00000000 00000000 00000000 00000000 00000000 00000000 00000000 00000000 00000000 08c965cb 0000001e 97d67a14 00000011 00000000 00000000 00000000 00000000 00000202 00000101 00000000 00000000 00000000 00000000 00000000 00000000 00000000 00003333 00004ccd 00002667 00000001 00000000 03938700 000004f8
capture_snapshot GLI1 00010000 60000000 2500000 382 0 60000000 0 0 0 0 0 0 0 8eee4088 00000011 97dc7730 00000011 005f4248 00000000 005f4248 00000000 0000006a 00000000 00000000 00000000 08ee40dc 00000000 005f42b2 00000000 00000000 00000000 00000000 00000039 008b3199 00000001 00000000 00000001 00000000 00000000 00000000 00000000 00000000 00000000 00000000 00000000 00000000 00000000 00000000 00000000 00000000 00000000 00000000 00000000 08d3613d 0000001e 97dc7764 00000011 00000000 00000000 00000000 00000000 00000201 00000101 00000000 00000000 00000000 00000000 00000000 00000000 00000000 00003333 00004ccd 00002667 00000001 00000000 03938700 000004f8
capture_snapshot GLI1 00010000 60000000 2500000 383 0 60000000 0 0 0 0 0 0 0 8eee4088 00000011 97e274d8 00000011 005f822f 00000000 005f822f 00000000 0000006a 00000000 00000000 00000000 08f43e7b 00000000 005f8299 00000000 00000000 00000000 00000000 00000039 008b3199 00000001 00000000 00000001 00000000 00000000 00000000 00000000 00000000 00000000 00000000 00000000 00000000 00000000 00000000 00000000 00000000 00000000 00000000 00000000 08dd5d32 0000001e 97e27503 00000011 00000000 00000000 00000000 00000000 00000201 00000101 00000000 00000000 00000000 00000000 00000000 00000000 00000000 00003333 00004ccd 00002667 00000001 00000000 03938700 000004f8
capture_snapshot GLI1 00010000 60000000 2500000 384 0 60000000 0 0 0 0 0 0 0 8eee4088 00000011 97e868d8 00000011 005fc1af 00000000 005fc1af 00000000 0000006a 00000000 00000000 00000000 08fa327e 00000000 005fc219 00000000 00000000 00000000 00000000 00000039 008b3199 00000001 00000000 00000001 00000000 00000000 00000000 00000000 00000000 00000000 00000000 00000000 00000000 00000000 00000000 00000000 00000000 00000000 00000000 00000000 08e74924 0000001e 97e86906 00000011 00000000 00000000 00000000 00000000 00000202 00000101 00000000 00000000 00000000 00000000 00000000 00000000 00000000 00003333 00004ccd 00002667 00000001 00000000 03938700 000004f8
capture_snapshot GLI1 00010000 60000000 2500000 385 0 60000000 0 0 0 0 0 0 0 8eee4088 00000011 97ee66c8 00000011 00600199 00000000 00600199 00000000 0000006a 00000000 00000000 00000000 09003066 00000000 00600203 00000000 00000000 00000000 00000000 00000039 008b3199 00000001 00000000 00000001 00000000 00000000 00000000 00000000 00000000 00000000 00000000 00000000 00000000 00000000 00000000 00000000 00000000 00000000 00000000 00000000 08f14593 0000001e 97ee66ee 00000011 00000000 00000000 00000000 00000000 00000202 00000101 00000000 00000000 00000000 00000000 00000000 00000000 00000000 00003333 00004ccd 00002667 00000001 00000000 03938700 000004f8
capture_snapshot GLI1 00010000 60000000 2500000 386 0 60000000 0 0 0 0 0 0 0 8eee4088 00000011 97f46560 00000011 0060418a 00000000 0060418a 00000000 0000006a 00000000 00000000 00000000 09062f03 00000000 006041f4 00000000 00000000 00000000 00000000 00000039 008b3199 00000001 00000000 00000001 00000000 00000000 00000000 00000000 00000000 00000000 00000000 00000000 00000000 00000000 00000000 00000000 00000000 00000000 00000000 00000000 08fb4330 0000001e 97f4658b 00000011 00000000 00000000 00000000 00000000 00000202 00000101 00000000 00000000 00000000 00000000 00000000 00000000 00000000 00003333 00004ccd 00002667 00000001 00000000 03938700 000004f8
capture_snapshot GLI1 00010000 60000000 2500000 387 0 60000000 0 0 0 0 0 0 0 8eee4088 00000011 97fa67b8 00000011 006081a3 00000000 006081a3 00000000 0000006a 00000000 00000000 00000000 090c314f 00000000 0060820d 00000000 00000000 00000000 00000000 00000039 008b3199 00000001 00000000 00000001 00000000 00000000 00000000 00000000 00000000 00000000 00000000 00000000 00000000 00000000 00000000 00000000 00000000 00000000 00000000 00000000 090546f0 0000001e 97fa67d7 00000011 00000000 00000000 00000000 00000000 00000201 00000101 00000000 00000000 00000000 00000000 00000000 00000000 00000000 00003333 00004ccd 00002667 00000001 00000000 03938700 000004f8
capture_snapshot GLI1 00010000 60000000 2500000 388 0 60000000 0 0 0 0 0 0 0 8eee4088 00000011 98006848 00000011 0060c1a9 00000000 0060c1a9 00000000 0000006a 00000000 00000000 00000000 091231e5 00000000 0060c213 00000000 00000000 00000000 00000000 00000039 008b3199 00000001 00000000 00000001 00000000 00000000 00000000 00000000 00000000 00000000 00000000 00000000 00000000 00000000 00000000 00000000 00000000 00000000 00000000 00000000 090f47d7 0000001e 9800686d 00000011 00000000 00000000 00000000 00000000 00000201 00000100 00000000 00000000 00000000 00000000 00000000 00000000 00000000 00003333 00004ccd 00002667 00000001 00000000 03938700 000004f8
capture_snapshot GLI1 00010000 60000000 2500000 389 0 60000000 0 0 0 0 0 0 0 8eee4088 00000011 98066710 00000011 0061019c 00000000 0061019c 00000000 0000006a 00000000 00000000 00000000 091830bc 00000000 00610206 00000000 00000000 00000000 00000000 00000039 008b3199 00000001 00000000 00000001 00000000 00000000 00000000 00000000 00000000 00000000 00000000 00000000 00000000 00000000 00000000 00000000 00000000 00000000 00000000 00000000 091945d4 0000001e 98066744 00000011 00000000 00000000 00000000 00000000 00000201 00000101 00000000 00000000 00000000 00000000 00000000 00000000 00000000 00003333 00004ccd 00002667 00000001 00000000 03938700 000004f8
capture_snapshot GLI1 00010000 60000000 2500000 390 0 60000000 0 0 0 0 0 0 0 8eee4088 00000011 980c6770 00000011 006141a0 00000000 0061419f 00000000 0000006a 00000000 00000000 00000000 091e3104 00000000 0061420a 00000000 00000000 00000000 00000000 0000003b 008b3199 00000001 00000001 00000001 00000000 00000000 00000000 00000000 00000000 00000000 00000000 00000000 00000000 00000000 00000000 00000000 00000000 00000000 00000000 00000000 0923463a 0000001e 980c678c 00000011 00000000 00000000 00000000 00000000 00000201 00000101 00000000 00000000 00000000 00000000 00000000 00000000 00000000 00003333 00004ccd 00002667 00000001 00000000 03938700 000004f8
capture_snapshot GLI1 00010000 60000000 2500000 391 0 60000000 0 0 0 0 0 0 0 8eee4088 00000011 98126578 00000011 0061818b 00000000 0061818b 00000000 0000006a 00000000 00000000 00000000 09242f18 00000000 006181f5 00000000 00000000 00000000 00000000 00000039 008b3199 00000001 00000000 00000001 00000000 00000000 00000000 00000000 00000000 00000000 00000000 00000000 00000000 00000000 00000000 00000000 00000000 00000000 00000000 00000000 092d42f1 0000001e 981265a0 00000011 00000000 00000000 00000000 00000000 00000202 00000100 00000000 00000000 00000000 00000000 00000000 00000000 00000000 00003333 00004ccd 00002667 00000001 00000000 03938700 000004f8
capture_snapshot GLI1 00010000 60000000 2500000 392 0 60000000 0 0 0 0 0 0 0 8eee4088 00000011 981867d0 00000011 0061c1a4 00000000 0061c1a4 00000000 0000006a 00000000 00000000 00000000 092a317a 00000000 0061c20e 00000000 00000000 00000000 00000000 00000039 008b3199 00000001 00000000 00000001 00000000 00000000 00000000 00000000 00000000 00000000 00000000 00000000 00000000 00000000 00000000 00000000 00000000 00000000 00000000 00000000 093746d7 0000001e 98186802 00000011 00000000 00000000 00000000 00000000 00000201 00000101 00000000 00000000 00000000 00000000 00000000 00000000 00000000 00003333 00004ccd 00002667 00000001 00000000 03938700 000004f8
capture_snapshot GLI1 00010000 60000000 2500000 393 0 60000000 0 0 0 0 0 0 0 8eee4088 00000011 981e6650 00000011 00620194 00000000 00620194 00000000 0000006a 00000000 00000000 00000000 09302ff2 00000000 006201fe 00000000 00000000 00000000 00000000 00000039 008b3199 00000001 00000000 00000001 00000000 00000000 00000000 00000000 00000000 00000000 00000000 00000000 00000000 00000000 00000000 00000000 00000000 00000000 00000000 00000000 09414435 0000001e 981e667a 00000011 00000000 00000000 00000000 00000000 00000201 00000101 00000000 00000000 00000000 00000000 00000000 00000000 00000000 00003333 00004ccd 00002667 00000001 00000000 03938700 000004f8
capture_snapshot GLI1 00010000 60000000 2500000 394 0 60000000 0 0 0 0 0 0 0 8eee4088 00000011 98246650 00000011 00624194 00000000 00624194 00000000 0000006a 00000000 00000000 00000000 09362fee 00000000 006241fe 00000000 00000000 00000000 00000000 00000039 008b3199 00000001 00000000 00000001 00000000 00000000 00000000 00000000 00000000 00000000 00000000 00000000 00000000 00000000 00000000 00000000 00000000 00000000 00000000 00000000 094b441b 0000001e 98246676 00000011 00000000 00000000 00000000 00000000 00000202 00000101 00000000 00000000 00000000 00000000 00000000 00000000 00000000 00003333 00004ccd 00002667 00000001 00000000 03938700 000004f8
capture_snapshot GLI1 00010000 60000000 2500000 395 0 60000000 0 0 0 0 0 0 0 8eee4088 00000011 982a6728 00000011 0062819d 00000000 0062819d 00000000 0000006a 00000000 00000000 00000000 093c30c4 00000000 00628207 00000000 00000000 00000000 00000000 00000039 008b3199 00000001 00000000 00000001 00000000 00000000 00000000 00000000 00000000 00000000 00000000 00000000 00000000 00000000 00000000 00000000 00000000 00000000 00000000 00000000 0955456d 0000001e 982a674c 00000011 00000000 00000000 00000000 00000000 00000201 00000101 00000000 00000000 00000000 00000000 00000000 00000000 00000000 00003333 00004ccd 00002667 00000001 00000000 03938700 000004f8
capture_snapshot GLI1 00010000 60000000 2500000 396 0 60000000 0 0 0 0 0 0 0 8eee4088 00000011 98306710 00000011 0062c19c 00000000 0062c19c 00000000 0000006a 00000000 00000000 00000000 094230a9 00000000 0062c206 00000000 00000000 00000000 00000000 00000039 008b3199 00000001 00000000 00000001 00000000 00000000 00000000 00000000 00000000 00000000 00000000 00000000 00000000 00000000 00000000 00000000 00000000 00000000 00000000 00000000 095f452c 0000001e 98306731 00000011 00000000 00000000 00000000 00000000 00000201 00000100 00000000 00000000 00000000 00000000 00000000 00000000 00000000 00003333 00004ccd 00002667 00000001 00000000 03938700 000004f8
capture_snapshot GLI1 00010000 60000000 2500000 397 0 60000000 0 0 0 0 0 0 0 8eee4088 00000011 98366620 00000011 00630192 00000000 00630192 00000000 0000006a 00000000 00000000 00000000 09482fbf 00000000 006301fc 00000000 00000000 00000000 00000000 00000039 008b3199 00000001 00000000 00000001 00000000 00000000 00000000 00000000 00000000 00000000 00000000 00000000 00000000 00000000 00000000 00000000 00000000 00000000 00000000 00000000 09694392 0000001e 98366647 00000011 00000000 00000000 00000000 00000000 00000201 00000101 00000000 00000000 00000000 00000000 00000000 00000000 00000000 00003333 00004ccd 00002667 00000001 00000000 03938700 000004f8
capture_snapshot GLI1 00010000 60000000 2500000 398 0 60000000 0 0 0 0 0 0 0 8eee4088 00000011 983c66b0 00000011 00634198 00000000 00634198 00000000 0000006a 00000000 00000000 00000000 094e3054 00000000 00634202 00000000 00000000 00000000 00000000 00000039 008b3199 00000001 00000000 00000001 00000000 00000000 00000000 00000000 00000000 00000000 00000000 00000000 00000000 00000000 00000000 00000000 00000000 00000000 00000000 00000000 09734477 0000001e 983c66dc 00000011 00000000 00000000 00000000 00000000 00000202 00000101 00000000 00000000 00000000 00000000 00000000 00000000 00000000 00003333 00004ccd 00002667 00000001 00000000 03938700 000004f8
capture_snapshot GLI1 00010000 60000000 2500000 399 0 60000000 0 0 0 0 0 0 0 8eee4088 00000011 98426680 00000011 00638196 00000000 00638196 00000000 0000006a 00000000 00000000 00000000 0954302a 00000000 00638200 00000000 00000000 00000000 00000000 00000039 008b3199 00000001 00000000 00000001 00000000 00000000 00000000 00000000 00000000 00000000 00000000 00000000 00000000 00000000 00000000 00000000 00000000 00000000 00000000 00000000 097d441e 0000001e 984266b2 00000011 00000000 00000000 00000000 00000000 00000201 00000101 00000000 00000000 00000000 00000000 00000000 00000000 00000000 00003333 00004ccd 00002667 00000001 00000000 03938700 000004f8
capture_snapshot GLI1 00010000 60000000 2500000 400 0 60000000 0 0 0 0 0 0 0 8eee4088 00000011 98486620 00000011 0063c192 00000000 0063c192 00000000 0000006a 00000000 00000000 00000000 095a2fc9 00000000 0063c1fc 00000000 00000000 00000000 00000000 00000039 008b3199 00000001 00000000 00000001 00000000 00000000 00000000 00000000 00000000 00000000 00000000 00000000 00000000 00000000 00000000 00000000 00000000 00000000 00000000 00000000 09874369 0000001e 98486651 00000011 00000000 00000000 00000000 00000000 00000201 00000101 00000000 00000000 00000000 00000000 00000000 00000000 00000000 00003333 00004ccd 00002667 00000001 00000000 03938700 000004f8
capture_snapshot GLI1 00010000 60000000 2500000 401 0 60000000 0 0 0 0 0 0 0 8eee4088 00000011 984e6728 00000011 0064019d 00000000 0064019d 00000000 0000006a 00000000 00000000 00000000 096030c4 00000000 00640207 00000000 00000000 00000000 00000000 00000039 008b3199 00000001 00000000 00000001 00000000 00000000 00000000 00000000 00000000 00000000 00000000 00000000 00000000 00000000 00000000 00000000 00000000 00000000 00000000 00000000 099144f8 0000001e 984e674c 00000011 00000000 00000000 00000000 00000000 00000201 00000101 00000000 00000000 00000000 00000000 00000000 00000000 00000000 00003333 00004ccd 00002667 00000001 00000000 03938700 000004f8
capture_snapshot GLI1 00010000 60000000 2500000 402 0 60000000 0 0 0 0 0 0 0 8eee4088 00000011 98546710 00000011 0064419c 00000000 0064419c 00000000 0000006a 00000000 00000000 00000000 096630b7 00000000 00644206 00000000 00000000 00000000 00000000 00000039 008b3199 00000001 00000000 00000001 00000000 00000000 00000000 00000000 00000000 00000000 00000000 00000000 00000000 00000000 00000000 00000000 00000000 00000000 00000000 00000000 099b44ce 0000001e 9854673f 00000011 00000000 00000000 00000000 00000000 00000201 00000101 00000000 00000000 00000000 00000000 00000000 00000000 00000000 00003333 00004ccd 00002667 00000001 00000000 03938700 000004f8
capture_snapshot GLI1 00010000 60000000 2500000 403 0 60000000 0 0 0 0 0 0 0 8eee4088 00000011 985a6650 00000011 00648194 00000000 00648194 00000000 0000006a 00000000 00000000 00000000 096c2fe9 00000000 006481fe 00000000 00000000 00000000 00000000 00000039 008b3199 00000001 00000000 00000001 00000000 00000000 00000000 00000000 00000000 00000000 00000000 00000000 00000000 00000000 00000000 00000000 00000000 00000000 00000000 00000000 09a54364 0000001e 985a6671 00000011 00000000 00000000 00000000 00000000 00000201 00000101 00000000 00000000 00000000 00000000 00000000 00000000 00000000 00003333 00004ccd 00002667 00000001 00000000 03938700 000004f8
capture_snapshot GLI1 00010000 60000000 2500000 404 0 60000000 0 0 0 0 0 0 0 8eee4088 00000011 98606788 00000011 0064c1a1 00000000 0064c1a1 00000000 0000006a 00000000 00000000 00000000 09723127 00000000 0064c20b 00000000 00000000 00000000 00000000 00000039 008b3199 00000001 00000000 00000001 00000000 00000000 00000000 00000000 00000000 00000000 00000000 00000000 00000000 00000000 00000000 00000000 00000000 00000000 00000000 00000000 09af4561 0000001e 986067af 00000011 00000000 00000000 00000000 00000000 00000201 00000101 00000000 00000000 00000000 00000000 00000000 00000000 00000000 00003333 00004ccd 00002667 00000001 00000000 03938700 000004f8
capture_snapshot GLI1 00010000 60000000 2500000 405 0 60000000 0 0 0 0 0 0 0 8eee4088 00000011 98666680 00000011 00650196 00000000 00650196 00000000 0000006a 00000000 00000000 00000000 0978302a 00000000 00650200 00000000 00000000 00000000 00000000 00000039 008b3199 00000001 00000000 00000001 00000000 00000000 00000000 00000000 00000000 00000000 00000000 00000000 00000000 00000000 00000000 00000000 00000000 00000000 00000000 00000000 09b943a8 0000001e 986666b2 00000011 00000000 00000000 00000000 00000000 00000202 00000101 00000000 00000000 00000000 00000000 00000000 00000000 00000000 00003333 00004ccd 00002667 00000001 00000000 03938700 000004f8
capture_snapshot GLI1 00010000 60000000 2500000 406 0 60000000 0 0 0 0 0 0 0 8eee4088 00000011 986c6668 00000011 00654195 00000000 00654195 00000000 0000006a 00000000 00000000 00000000 097e300d 00000000 006541ff 00000000 00000000 00000000 00000000 00000039 008b3199 00000001 00000000 00000001 00000000 00000000 00000000 00000000 00000000 00000000 00000000 00000000 00000000 00000000 00000000 00000000 00000000 00000000 00000000 00000000 09c34365 0000001e 986c6695 00000011 00000000 00000000 00000000 00000000 00000201 00000101 00000000 00000000 00000000 00000000 00000000 00000000 00000000 00003333 00004ccd 00002667 00000001 00000000 03938700 000004f8
capture_snapshot GLI1 00010000 60000000 2500000 407 0 60000000 0 0 0 0 0 0 0 8eee4088 00000011 98726680 00000011 00658196 00000000 00658196 00000000 0000006a 00000000 00000000 00000000 09843023 00000000 00658200 00000000 00000000 00000000 00000000 00000039 008b3199 00000001 00000000 00000001 00000000 00000000 00000000 00000000 00000000 00000000 00000000 00000000 00000000 00000000 00000000 00000000 00000000 00000000 00000000 00000000 09cd4375 0000001e 987266ab 00000011 00000000 00000000 00000000 00000000 00000201 00000101 00000000 00000000 00000000 00000000 00000000 00000000 00000000 00003333 00004ccd 00002667 00000001 00000000 03938700 000004f8
capture_snapshot GLI1 00010000 60000000 2500000 408 0 60000000 0 0 0 0 0 0 0 8eee4088 00000011 98786728 00000011 0065c19d 00000000 0065c19d 00000000 0000006a 00000000 00000000 00000000 098a30be 00000000 0065c207 00000000 00000000 00000000 00000000 00000039 008b3199 00000001 00000000 00000001 00000000 00000000 00000000 00000000 00000000 00000000 00000000 00000000 00000000 00000000 00000000 00000000 00000000 00000000 00000000 00000000 09d74465 0000001e 98786746 00000011 00000000 00000000 00000000 00000000 00000201 00000101 00000000 00000000 00000000 00000000 00000000 00000000 00000000 00003333 00004ccd 00002667 00000001 00000000 03938700 000004f8
capture_snapshot GLI1 00010000 60000000 2500000 409 0 60000000 0 0 0 0 0 0 0 8eee4088 00000011 987e67d0 00000011 006601a4 00000000 006601a4 00000000 0000006a 00000000 00000000 00000000 0990316f 00000000 0066020e 00000000 00000000 00000000 00000000 00000039 008b3199 00000001 00000000 00000001 00000000 00000000 00000000 00000000 00000000 00000000 00000000 00000000 00000000 00000000 00000000 00000000 00000000 00000000 00000000 00000000 09e14578 0000001e 987e67f7 00000011 00000000 00000000 00000000 00000000 00000201 00000101 00000000 00000000 00000000 00000000 00000000 00000000 00000000 00003333 00004ccd 00002667 00000001 00000000 03938700 000004f8
capture_snapshot GLI1 00010000 60000000 2500000 410 0 60000000 0 0 0 0 0 0 0 8eee4088 00000011 988467d0 00000011 006641a4 00000000 006641a4 00000000 0000006a 00000000 00000000 00000000 09963176 00000000 0066420e 00000000 00000000 00000000 00000000 00000039 008b3199 00000001 00000000 00000001 00000000 00000000 00000000 00000000 00000000 00000000 00000000 00000000 00000000 00000000 00000000 00000000 00000000 00000000 00000000 00000000 09eb456f 0000001e 988467fe 00000011 00000000 00000000 00000000 00000000 00000201 00000101 00000000 00000000 00000000 00000000 00000000 00000000 00000000 00003333 00004ccd 00002667 00000001 00000000 03938700 000004f8
capture_snapshot GLI1 00010000 60000000 2500000 411 0 60000000 0 0 0 0 0 0 0 8eee4088 00000011 988a6620 00000011 00668192 00000000 00668192 00000000 0000006a 00000000 00000000 00000000 099c2fbb 00000000 006681fc 00000000 00000000 00000000 00000000 00000039 008b3199 00000001 00000000 00000001 00000000 00000000 00000000 00000000 00000000 00000000 00000000 00000000 00000000 00000000 00000000 00000000 00000000 00000000 00000000 00000000 09f5427b 0000001e 988a6643 00000011 00000000 00000000 00000000 00000000 00000201 00000101 00000000 00000000 00000000 00000000 00000000 00000000 00000000 00003333 00004ccd 00002667 00000001 00000000 03938700 000004f8
capture_snapshot GLI1 00010000 60000000 2500000 412 0 60000000 0 0 0 0 0 0 0 8eee4088 00000011 98906650 00000011 0066c194 00000000 0066c194 00000000 0000006a 00000000 00000000 00000000 09a22ff7 00000000 0066c1fe 00000000 00000000 00000000 00000000 00000039 008b3199 00000001 00000000 00000001 00000000 00000000 00000000 00000000 00000000 00000000 00000000 00000000 00000000 00000000 00000000 00000000 00000000 00000000 00000000 00000000 09ff42ca 0000001e 9890667f 00000011 00000000 00000000 00000000 00000000 00000201 00000101 00000000 00000000 00000000 00000000 00000000 00000000 00000000 00003333 00004ccd 00002667 00000001 00000000 03938700 000004f8
capture_snapshot GLI1 00010000 60000000 2500000 413 0 60000000 0 0 0 0 0 0 0 8eee4088 00000011 989666e0 00000011 0067019a 00000000 0067019a 00000000 0000006a 00000000 00000000 00000000 09a83084 00000000 00670204 00000000 00000000 00000000 00000000 00000039 008b3199 00000001 00000000 00000001 00000000 00000000 00000000 00000000 00000000 00000000 00000000 00000000 00000000 00000000 00000000 00000000 00000000 00000000 00000000 00000000 0a0943a3 0000001e 9896670c 00000011 00000000 00000000 00000000 00000000 00000201 00000101 00000000 00000000 00000000 00000000 00000000 00000000 00000000 00003333 00004ccd 00002667 00000001 00000000 03938700 000004f8
capture_snapshot GLI1 00010000 60000000 2500000 414 0 60000000 0 0 0 0 0 0 0 8eee4088 00000011 989c6710 00000011 0067419c 00000000 0067419c 00000000 0000006a 00000000 00000000 00000000 09ae30b1 00000000 00674206 00000000 00000000 00000000 00000000 00000039 008b3199 00000001 00000000 00000001 00000000 00000000 00000000 00000000 00000000 00000000 00000000 00000000 00000000 00000000 00000000 00000000 00000000 00000000 00000000 00000000 0a1343d9 0000001e 989c6739 00000011 00000000 00000000 00000000 00000000 00000201 00000101 00000000 00000000 00000000 00000000 00000000 00000000 00000000 00003333 00004ccd 00002667 00000001 00000000 03938700 000004f8
capture_snapshot GLI1 00010000 60000000 2500000 415 0 60000000 0 0 0 0 0 0 0 8eee4088 00000011 98a265d8 00000011 0067818f 00000000 0067818f 00000000 0000006a 00000000 00000000 00000000 09b42f7e 00000000 006781f9 00000000 00000000 00000000 00000000 00000039 008b3199 00000001 00000000 00000001 00000000 00000000 00000000 00000000 00000000 00000000 00000000 00000000 00000000 00000000 00000000 00000000 00000000 00000000 00000000 00000000 0a1d41c6 0000001e 98a26606 00000011 00000000 00000000 00000000 00000000 00000202 00000101 00000000 00000000 00000000 00000000 00000000 00000000 00000000 00003333 00004ccd 00002667 00000001 00000000 03938700 000004f8
capture_snapshot GLI1 00010000 60000000 2500000 416 0 60000000 0 0 0 0 0 0 0 8eee4088 00000011 98a86680 00000011 0067c196 00000000 0067c196 00000000 0000006a 00000000 00000000 00000000 09ba3020 00000000 0067c200 00000000 00000000 00000000 00000000 00000039 008b3199 00000001 00000000 00000001 00000000 00000000 00000000 00000000 00000000 00000000 00000000 00000000 00000000 00000000 00000000 00000000 00000000 00000000 00000000 00000000 0a2742c1 0000001e 98a866a8 00000011 00000000 00000000 00000000 00000000 00000201 00000100 00000000 00000000 00000000 00000000 00000000 00000000 00000000 00003333 00004ccd 00002667 00000001 00000000 03938700 000004f8
capture_snapshot GLI1 00010000 60000000 2500000 417 0 60000000 0 0 0 0 0 0 0 8eee4088 00000011 98ae66f8 00000011 0068019b 00000000 0068019b 00000000 0000006a 00000000 00000000 00000000 09c0309e 00000000 00680205 00000000 00000000 00000000 00000000 00000039 008b3199 00000001 00000000 00000001 00000000 00000000 00000000 00000000 00000000 00000000 00000000 00000000 00000000 00000000 00000000 00000000 00000000 00000000 00000000 00000000 0a31437f 0000001e 98ae6726 00000011 00000000 00000000 00000000 00000000 00000202 00000101 00000000 00000000 00000000 00000000 00000000 00000000 00000000 00003333 00004ccd 00002667 00000001 00000000 03938700 000004f8
capture_snapshot GLI1 00010000 60000000 2500000 418 0 60000000 0 0 0 0 0 0 0 8eee4088 00000011 98b465c0 00000011 0068418e 00000000 0068418e 00000000 0000006a 00000000 00000000 00000000 09c62f6c 00000000 006841f8 00000000 00000000 00000000 00000000 00000039 008b3199 00000001 00000000 00000001 00000000 00000000 00000000 00000000 00000000 00000000 00000000 00000000 00000000 00000000 00000000 00000000 00000000 00000000 00000000 00000000 0a3b416e 0000001e 98b465f4 00000011 00000000 00000000 00000000 00000000 00000201 00000101 00000000 00000000 00000000 00000000 00000000 00000000 00000000 00003333 00004ccd 00002667 00000001 00000000 03938700 000004f8
capture_snapshot GLI1 00010000 60000000 2500000 419 0 60000000 0 0 0 0 0 0 0 8eee4088 00000011 98ba6770 00000011 006881a0 00000000 006881a0 00000000 0000006a 00000000 00000000 00000000 09cc3109 00000000 0068820a 00000000 00000000 00000000 00000000 00000039 008b3199 00000001 00000000 00000001 00000000 00000000 00000000 00000000 00000000 00000000 00000000 00000000 00000000 00000000 00000000 00000000 00000000 00000000 00000000 00000000 0a45440a 0000001e 98ba6791 00000011 00000000 00000000 00000000 00000000 00000201 00000101 00000000 00000000 00000000 00000000 00000000 00000000 00000000 00003333 00004ccd 00002667 00000001 00000000 03938700 000004f8
capture_snapshot GLI1 00010000 60000000 2500000 420 0 60000000 0 0 0 0 0 0 0 8eee4088 00000011 98c06650 00000011 0068c194 00000000 0068c194 00000000 0000006a 00000000 00000000 00000000 09d22fe7 00000000 0068c1fe 00000000 00000000 00000000 00000000 00000039 008b3199 00000001 00000000 00000001 00000000 00000000 00000000 00000000 00000000 00000000 00000000 00000000 00000000 00000000 00000000 00000000 00000000 00000000 00000000 00000000 0a4f4214 0000001e 98c0666f 00000011 00000000 00000000 00000000 00000000 00000201 00000101 00000000 00000000 00000000 00000000 00000000 00000000 00000000 00003333 00004ccd 00002667 00000001 00000000 03938700 000004f8
capture_snapshot GLI1 00010000 60000000 2500000 421 0 60000000 0 0 0 0 0 0 0 8eee4088 00000011 98c66740 00000011 0069019e 00000000 0069019e 00000000 0000006a 00000000 00000000 00000000 09d830e9 00000000 00690208 00000000 00000000 00000000 00000000 00000039 008b3199 00000001 00000000 00000001 00000000 00000000 00000000 00000000 00000000 00000000 00000000 00000000 00000000 00000000 00000000 00000000 00000000 00000000 00000000 00000000 0a5943ae 0000001e 98c66771 00000011 00000000 00000000 00000000 00000000 00000202 00000100 00000000 00000000 00000000 00000000 00000000 00000000 00000000 00003333 00004ccd 00002667 00000001 00000000 03938700 000004f8
capture_snapshot GLI1 00010000 60000000 2500000 422 0 60000000 0 0 0 0 0 0 0 8eee4088 00000011 98cc66c8 00000011 00694199 00000000 00694199 00000000 0000006a 00000000 00000000 00000000 09de306b 00000000 00694203 00000000 00000000 00000000 00000000 00000039 008b3199 00000001 00000000 00000001 00000000 00000000 00000000 00000000 00000000 00000000 00000000 00000000 00000000 00000000 00000000 00000000 00000000 00000000 00000000 00000000 0a6342c9 0000001e 98cc66f3 00000011 00000000 00000000 00000000 00000000 00000201 00000101 00000000 00000000 00000000 00000000 00000000 00000000 00000000 00003333 00004ccd 00002667 00000001 00000000 03938700 000004f8
capture_snapshot GLI1 00010000 60000000 2500000 423 0 60000000 0 0 0 0 0 0 0 8eee4088 00000011 98d265c0 00000011 0069818e 00000000 0069818e 00000000 0000006a 00000000 00000000 00000000 09e42f59 00000000 006981f8 00000000 00000000 00000000 00000000 00000039 008b3199 00000001 00000000 00000001 00000000 00000000 00000000 00000000 00000000 00000000 00000000 00000000 00000000 00000000 00000000 00000000 00000000 00000000 00000000 00000000 0a6d40ed 0000001e 98d265e1 00000011 00000000 00000000 00000000 00000000 00000201 00000101 00000000 00000000 00000000 00000000 00000000 00000000 00000000 00003333 00004ccd 00002667 00000001 00000000 03938700 000004f8
capture_snapshot GLI1 00010000 60000000 2500000 424 0 60000000 0 0 0 0 0 0 0 8eee4088 00000011 98d86620 00000011 0069c192 00000000 0069c192 00000000 0000006a 00000000 00000000 00000000 09ea2fbc 00000000 0069c1fc 00000000 00000000 00000000 00000000 00000039 008b3199 00000001 00000000 00000001 00000000 00000000 00000000 00000000 00000000 00000000 00000000 00000000 00000000 00000000 00000000 00000000 00000000 00000000 00000000 00000000 0a77417f 0000001e 98d86644 00000011 00000000 00000000 00000000 00000000 00000201 00000101 00000000 00000000 00000000 00000000 00000000 00000000 00000000 00003333 00004ccd 00002667 00000001 00000000 03938700 000004f8
capture_snapshot GLI1 00010000 60000000 2500000 425 0 60000000 0 0 0 0 0 0 0 8eee4088 00000011 98de6818 00000011 006a01a7 00000000 006a01a7 00000000 0000006a 00000000 00000000 00000000 09f031b3 00000000 006a0211 00000000 00000000 00000000 00000000 00000039 008b3199 00000001 00000000 00000001 00000000 00000000 00000000 00000000 00000000 00000000 00000000 00000000 00000000 00000000 00000000 00000000 00000000 00000000 00000000 00000000 0a8144b1 0000001e 98de683b 00000011 00000000 00000000 00000000 00000000 00000201 00000101 00000000 00000000 00000000 00000000 00000000 00000000 00000000 00003333 00004ccd 00002667 00000001 00000000 03938700 000004f8
capture_snapshot GLI1 00010000 60000000 2500000 426 0 60000000 0 0 0 0 0 0 0 8eee4088 00000011 98e46548 00000011 006a4189 00000000 006a4189 00000000 0000006a 00000000 00000000 00000000 09f62eea 00000000 006a41f3 00000000 00000000 00000000 00000000 00000039 008b3199 00000001 00000000 00000001 00000000 00000000 00000000 00000000 00000000 00000000 00000000 00000000 00000000 00000000 00000000 00000000 00000000 00000000 00000000 00000000 0a8b3ff8 0000001e 98e46572 00000011 00000000 00000000 00000000 00000000 00000201 00000101 00000000 00000000 00000000 00000000 00000000 00000000 00000000 00003333 00004ccd 00002667 00000001 00000000 03938700 000004f8
capture_snapshot GLI1 00010000 60000000 2500000 427 0 60000000 0 0 0 0 0 0 0 8eee4088 00000011 98ea66f8 00000011 006a819b 00000000 006a819b 00000000 0000006a 00000000 00000000 00000000 09fc3090 00000000 006a8205 00000000 00000000 00000000 00000000 00000039 008b3199 00000001 00000000 00000001 00000000 00000000 00000000 00000000 00000000 00000000 00000000 00000000 00000000 00000000 00000000 00000000 00000000 00000000 00000000 00000000 0a9542a5 0000001e 98ea6718 00000011 00000000 00000000 00000000 00000000 00000201 00000101 00000000 00000000 00000000 00000000 00000000 00000000 00000000 00003333 00004ccd 00002667 00000001 00000000 03938700 000004f8
capture_snapshot GLI1 00010000 60000000 2500000 428 0 60000000 0 0 0 0 0 0 0 8eee4088 00000011 98f06710 00000011 006ac19c 00000000 006ac19c 00000000 0000006a 00000000 00000000 00000000 0a0230a8 00000000 006ac206 00000000 00000000 00000000 00000000 00000039 008b3199 00000001 00000000 00000001 00000000 00000000 00000000 00000000 00000000 00000000 00000000 00000000 00000000 00000000 00000000 00000000 00000000 00000000 00000000 00000000 0a9f42b9 0000001e 98f06730 00000011 00000000 00000000 00000000 00000000 00000201 00000100 00000000 00000000 00000000 00000000 00000000 00000000 00000000 00003333 00004ccd 00002667 00000001 00000000 03938700 000004f8
capture_snapshot GLI1 00010000 60000000 2500000 429 0 60000000 0 0 0 0 0 0 0 8eee4088 00000011 98f66608 00000011 006b0191 00000000 006b0191 00000000 0000006a 00000000 00000000 00000000 0a082f9e 00000000 006b01fb 00000000 00000000 00000000 00000000 00000039 008b3199 00000001 00000000 00000001 00000000 00000000 00000000 00000000 00000000 00000000 00000000 00000000 00000000 00000000 00000000 00000000 00000000 00000000 00000000 00000000 0aa940e9 0000001e 98f66626 00000011 00000000 00000000 00000000 00000000 00000201 00000101 00000000 00000000 00000000 00000000 00000000 00000000 00000000 00003333 00004ccd 00002667 00000001 00000000 03938700 000004f8
capture_snapshot GLI1 00010000 60000000 2500000 430 0 60000000 0 0 0 0 0 0 0 8eee4088 00000011 98fc6650 00000011 006b4194 00000000 006b4194 00000000 0000006a 00000000 00000000 00000000 0a0e2ff6 00000000 006b41fe 00000000 00000000 00000000 00000000 00000039 008b3199 00000001 00000000 00000001 00000000 00000000 00000000 00000000 00000000 00000000 00000000 00000000 00000000 00000000 00000000 00000000 00000000 00000000 00000000 00000000 0ab34169 0000001e 98fc667e 00000011 00000000 00000000 00000000 00000000 00000202 00000101 00000000 00000000 00000000 00000000 00000000 00000000 00000000 00003333 00004ccd 00002667 00000001 00000000 03938700 000004f8
capture_snapshot GLI1 00010000 60000000 2500000 431 0 60000000 0 0 0 0 0 0 0 8eee4088 00000011 99026620 00000011 006b8192 00000000 006b8192 00000000 0000006a 00000000 00000000 00000000 0a142fcb 00000000 006b81fc 00000000 00000000 00000000 00000000 00000039 008b3199 00000001 00000000 00000001 00000000 00000000 00000000 00000000 00000000 00000000 00000000 00000000 00000000 00000000 00000000 00000000 00000000 00000000 00000000 00000000 0abd410d 0000001e 99026653 00000011 00000000 00000000 00000000 00000000 00000201 00000101 00000000 00000000 00000000 00000000 00000000 00000000 00000000 00003333 00004ccd 00002667 00000001 00000000 03938700 000004f8
capture_snapshot GLI1 00010000 60000000 2500000 432 0 60000000 0 0 0 0 0 0 0 8eee4088 00000011 99086620 00000011 006bc192 00000000 006bc192 00000000 0000006a 00000000 00000000 00000000 0a1a2fc0 00000000 006bc1fc 00000000 00000000 00000000 00000000 00000039 008b3199 00000001 00000000 00000001 00000000 00000000 00000000 00000000 00000000 00000000 00000000 00000000 00000000 00000000 00000000 00000000 00000000 00000000 00000000 00000000 0ac740e8 0000001e 99086648 00000011 00000000 00000000 00000000 00000000 00000202 00000100 00000000 00000000 00000000 00000000 00000000 00000000 00000000 00003333 00004ccd 00002667 00000001 00000000 03938700 000004f8
capture_snapshot GLI1 00010000 60000000 2500000 433 0 60000000 0 0 0 0 0 0 0 8eee4088 00000011 990e6698 00000011 006c0197 00000000 006c0197 00000000 0000006a 00000000 00000000 00000000 0a203031 00000000 006c0201 00000000 00000000 00000000 00000000 00000039 008b3199 00000001 00000000 00000001 00000000 00000000 00000000 00000000 00000000 00000000 00000000 00000000 00000000 00000000 00000000 00000000 00000000 00000000 00000000 00000000 0ad14190 0000001e 990e66b9 00000011 00000000 00000000 00000000 00000000 00000201 00000101 00000000 00000000 00000000 00000000 00000000 00000000 00000000 00003333 00004ccd 00002667 00000001 00000000 03938700 000004f8
capture_snapshot GLI1 00010000 60000000 2500000 434 0 60000000 0 0 0 0 0 0 0 8eee4088 00000011 991466c8 00000011 006c4199 00000000 006c4199 00000000 0000006a 00000000 00000000 00000000 0a26306b 00000000 006c4203 00000000 00000000 00000000 00000000 00000039 008b3199 00000001 00000000 00000001 00000000 00000000 00000000 00000000 00000000 00000000 00000000 00000000 00000000 00000000 00000000 00000000 00000000 00000000 00000000 00000000 0adb41dd 0000001e 991466f3 00000011 00000000 00000000 00000000 00000000 00000201 00000101 00000000 00000000 00000000 00000000 00000000 00000000 00000000 00003333 00004ccd 00002667 00000001 00000000 03938700 000004f8
capture_snapshot GLI1 00010000 60000000 2500000 435 0 60000000 0 0 0 0 0 0 0 8eee4088 00000011 991a6668 00000011 006c8195 00000000 006c8195 00000000 0000006a 00000000 00000000 00000000 0a2c2fff 00000000 006c81ff 00000000 00000000 00000000 00000000 00000039 008b3199 00000001 00000000 00000001 00000000 00000000 00000000 00000000 00000000 00000000 00000000 00000000 00000000 00000000 00000000 00000000 00000000 00000000 00000000 00000000 0ae54117 0000001e 991a6687 00000011 00000000 00000000 00000000 00000000 00000201 00000101 00000000 00000000 00000000 00000000 00000000 00000000 00000000 00003333 00004ccd 00002667 00000001 00000000 03938700 000004f8
capture_snapshot GLI1 00010000 60000000 2500000 436 0 60000000 0 0 0 0 0 0 0 8eee4088 00000011 99206668 00000011 006cc195 00000000 006cc195 00000000 0000006a 00000000 00000000 00000000 0a323007 00000000 006cc1ff 00000000 00000000 00000000 00000000 00000039 008b3199 00000001 00000000 00000001 00000000 00000000 00000000 00000000 00000000 00000000 00000000 00000000 00000000 00000000 00000000 00000000 00000000 00000000 00000000 00000000 0aef4110 0000001e 9920668f 00000011 00000000 00000000 00000000 00000000 00000202 00000101 00000000 00000000 00000000 00000000 00000000 00000000 00000000 00003333 00004ccd 00002667 00000001 00000000 03938700 000004f8
capture_snapshot GLI1 00010000 60000000 2500000 437 0 60000000 0 0 0 0 0 0 0 8eee4088 00000011 99266740 00000011 006d019e 00000000 006d019e 00000000 0000006a 00000000 00000000 00000000 0a3830db 00000000 006d0208 00000000 00000000 00000000 00000000 00000039 008b3199 00000001 00000000 00000001 00000000 00000000 00000000 00000000 00000000 00000000 00000000 00000000 00000000 00000000 00000000 00000000 00000000 00000000 00000000 00000000 0af9425d 0000001e 99266763 00000011 00000000 00000000 00000000 00000000 00000201 00000101 00000000 00000000 00000000 00000000 00000000 00000000 00000000 00003333 00004ccd 00002667 00000001 00000000 03938700 000004f8
capture_snapshot GLI1 00010000 60000000 2500000 438 0 60000000 0 0 0 0 0 0 0 8eee4088 00000011 992c6638 00000011 006d4193 00000000 006d4193 00000000 0000006a 00000000 00000000 00000000 0a3e2fdc 00000000 006d41fd 00000000 00000000 00000000 00000000 00000039 008b3199 00000001 00000000 00000001 00000000 00000000 00000000 00000000 00000000 00000000 00000000 00000000 00000000 00000000 00000000 00000000 00000000 00000000 00000000 00000000 0b0340a2 0000001e 992c6664 00000011 00000000 00000000 00000000 00000000 00000201 00000101 00000000 00000000 00000000 00000000 00000000 00000000 00000000 00003333 00004ccd 00002667 00000001 00000000 03938700 000004f8
capture_snapshot GLI1 00010000 60000000 2500000 439 0 60000000 0 0 0 0 0 0 0 8eee4088 00000011 99326770 00000011 006d81a0 00000000 006d81a0 00000000 0000006a 00000000 00000000 00000000 0a443112 00000000 006d820a 00000000 00000000 00000000 00000000 00000039 008b3199 00000001 00000000 00000001 00000000 00000000 00000000 00000000 00000000 00000000 00000000 00000000 00000000 00000000 00000000 00000000 00000000 00000000 00000000 00000000 0b0d4293 0000001e 9932679a 00000011 00000000 00000000 00000000 00000000 00000201 00000101 00000000 00000000 00000000 00000000 00000000 00000000 00000000 00003333 00004ccd 00002667 00000001 00000000 03938700 000004f8
capture_snapshot GLI1 00010000 60000000 2500000 440 0 60000000 0 0 0 0 0 0 0 8eee4088 00000011 99386740 00000011 006dc19e 00000000 006dc19e 00000000 0000006a 00000000 00000000 00000000 0a4a30dd 00000000 006dc208 00000000 00000000 00000000 00000000 00000039 008b3199 00000001 00000000 00000001 00000000 00000000 00000000 00000000 00000000 00000000 00000000 00000000 00000000 00000000 00000000 00000000 00000000 00000000 00000000 00000000 0b174227 0000001e 99386765 00000011 00000000 00000000 00000000 00000000 00000201 00000101 00000000 00000000 00000000 00000000 00000000 00000000 00000000 00003333 00004ccd 00002667 00000001 00000000 03938700 000004f8
capture_snapshot GLI1 00010000 60000000 2500000 441 0 60000000 0 0 0 0 0 0 0 8eee4088 00000011 993e66f8 00000011 006e019b 00000000 006e019b 00000000 0000006a 00000000 00000000 00000000 0a503094 00000000 006e0205 00000000 00000000 00000000 00000000 00000039 008b3199 00000001 00000000 00000001 00000000 00000000 00000000 00000000 00000000 00000000 00000000 00000000 00000000 00000000 00000000 00000000 00000000 00000000 00000000 00000000 0b214199 0000001e 993e671c 00000011 00000000 00000000 00000000 00000000 00000201 00000101 00000000 00000000 00000000 00000000 00000000 00000000 00000000 00003333 00004ccd 00002667 00000001 00000000 03938700 000004f8
capture_snapshot GLI1 00010000 60000000 2500000 442 0 60000000 0 0 0 0 0 0 0 8eee4088 00000011 994465a8 00000011 006e418d 00000000 006e418d 00000000 0000006a 00000000 00000000 00000000 0a562f3e 00000000 006e41f7 00000000 00000000 00000000 00000000 00000039 008b3199 00000001 00000000 00000001 00000000 00000000 00000000 00000000 00000000 00000000 00000000 00000000 00000000 00000000 00000000 00000000 00000000 00000000 00000000 00000000 0b2b3f4b 0000001e 994465c6 00000011 00000000 00000000 00000000 00000000 00000201 00000101 00000000 00000000 00000000 00000000 00000000 00000000 00000000 00003333 00004ccd 00002667 00000001 00000000 03938700 000004f8
capture_snapshot GLI1 00010000 60000000 2500000 443 0 60000000 0 0 0 0 0 0 0 8eee4088 00000011 994a65a8 00000011 006e818d 00000000 006e818d 00000000 0000006a 00000000 00000000 00000000 0a5c2f50 00000000 006e81f7 00000000 00000000 00000000 00000000 00000039 008b3199 00000001 00000000 00000001 00000000 00000000 00000000 00000000 00000000 00000000 00000000 00000000 00000000 00000000 00000000 00000000 00000000 00000000 00000000 00000000 0b353f57 0000001e 994a65d8 00000011 00000000 00000000 00000000 00000000 00000201 00000101 00000000 00000000 00000000 00000000 00000000 00000000 00000000 00003333 00004ccd 00002667 00000001 00000000 03938700 000004f8
capture_snapshot GLI1 00010000 60000000 2500000 444 0 60000000 0 0 0 0 0 0 0 8eee4088 00000011 995064b8 00000011 006ec183 00000000 006ec183 00000000 0000006a 00000000 00000000 00000000 0a622e63 00000000 006ec1ed 00000000 00000000 00000000 00000000 00000039 008b3199 00000001 00000000 00000001 00000000 00000000 00000000 00000000 00000000 00000000 00000000 00000000 00000000 00000000 00000000 00000000 00000000 00000000 00000000 00000000 0b3f3db7 0000001e 995064eb 00000011 00000000 00000000 00000000 00000000 00000201 00000101 00000000 00000000 00000000 00000000 00000000 00000000 00000000 00003333 00004ccd 00002667 00000001 00000000 03938700 000004f8
capture_snapshot GLI1 00010000 60000000 2500000 445 0 60000000 0 0 0 0 0 0 0 8eee4088 00000011 99566680 00000011 006f0196 00000000 006f0196 00000000 0000006a 00000000 00000000 00000000 0a683023 00000000 006f0200 00000000 00000000 00000000 00000000 00000039 008b3199 00000001 00000000 00000001 00000000 00000000 00000000 00000000 00000000 00000000 00000000 00000000 00000000 00000000 00000000 00000000 00000000 00000000 00000000 00000000 0b49408f 0000001e 995666ab 00000011 00000000 00000000 00000000 00000000 00000201 00000100 00000000 00000000 00000000 00000000 00000000 00000000 00000000 00003333 00004ccd 00002667 00000001 00000000 03938700 000004f8
capture_snapshot GLI1 00010000 60000000 2500000 446 0 60000000 0 0 0 0 0 0 0 8eee4088 00000011 995c6698 00000011 006f4197 00000000 006f4197 00000000 0000006a 00000000 00000000 00000000 0a6e3033 00000000 006f4201 00000000 00000000 00000000 00000000 00000039 008b3199 00000001 00000000 00000001 00000000 00000000 00000000 00000000 00000000 00000000 00000000 00000000 00000000 00000000 00000000 00000000 00000000 00000000 00000000 00000000 0b534097 0000001e 995c66bb 00000011 00000000 00000000 00000000 00000000 00000201 00000101 00000000 00000000 00000000 00000000 00000000 00000000 00000000 00003333 00004ccd 00002667 00000001 00000000 03938700 000004f8
capture_snapshot GLI1 00010000 60000000 2500000 447 0 60000000 0 0 0 0 0 0 0 8eee4088 00000011 99626560 00000011 006f818a 00000000 006f818a 00000000 0000006a 00000000 00000000 00000000 0a742f08 00000000 006f81f4 00000000 00000000 00000000 00000000 00000039 008b3199 00000001 00000000 00000001 00000000 00000000 00000000 00000000 00000000 00000000 00000000 00000000 00000000 00000000 00000000 00000000 00000000 00000000 00000000 00000000 0b5d3e90 0000001e 99626590 00000011 00000000 00000000 00000000 00000000 00000202 00000100 00000000 00000000 00000000 00000000 00000000 00000000 00000000 00003333 00004ccd 00002667 00000001 00000000 03938700 000004f8
capture_snapshot GLI1 00010000 60000000 2500000 448 0 60000000 0 0 0 0 0 0 0 8eee4088 00000011 99686638 00000011 006fc193 00000000 006fc193 00000000 0000006a 00000000 00000000 00000000 0a7a2fcf 00000000 006fc1fd 00000000 00000000 00000000 00000000 00000039 008b3199 00000001 00000000 00000001 00000000 00000000 00000000 00000000 00000000 00000000 00000000 00000000 00000000 00000000 00000000 00000000 00000000 00000000 00000000 00000000 0b673fc9 0000001e 99686657 00000011 00000000 00000000 00000000 00000000 00000201 00000101 00000000 00000000 00000000 00000000 00000000 00000000 00000000 00003333 00004ccd 00002667 00000001 00000000 03938700 000004f8
capture_snapshot GLI1 00010000 60000000 2500000 449 0 60000000 0 0 0 0 0 0 0 8eee4088 00000011 996e6500 00000011 00700186 00000000 00700186 00000000 0000006a 00000000 00000000 00000000 0a802e9b 00000000 007001f0 00000000 00000000 00000000 00000000 00000039 008b3199 00000001 00000000 00000001 00000000 00000000 00000000 00000000 00000000 00000000 00000000 00000000 00000000 00000000 00000000 00000000 00000000 00000000 00000000 00000000 0b713db3 0000001e 996e6523 00000011 00000000 00000000 00000000 00000000 00000201 00000101 00000000 00000000 00000000 00000000 00000000 00000000 00000000 00003333 00004ccd 00002667 00000001 00000000 03938700 000004f8
capture_snapshot GLI1 00010000 60000000 2500000 450 0 60000000 0 0 0 0 0 0 0 8eee4088 00000011 997464d0 00000011 00704184 00000000 00704184 00000000 0000006a 00000000 00000000 00000000 0a862e78 00000000 007041ee 00000000 00000000 00000000 00000000 00000039 008b3199 00000001 00000000 00000001 00000000 00000000 00000000 00000000 00000000 00000000 00000000 00000000 00000000 00000000 00000000 00000000 00000000 00000000 00000000 00000000 0b7b3d66 0000001e 99746500 00000011 00000000 00000000 00000000 00000000 00000201 00000101 00000000 00000000 00000000 00000000 00000000 00000000 00000000 00003333 00004ccd 00002667 00000001 00000000 03938700 000004f8
capture_snapshot GLI1 00010000 60000000 2500000 451 0 60000000 0 0 0 0 0 0 0 8eee4088 00000011 997a6680 00000011 00708196 00000000 00708196 00000000 0000006a 00000000 00000000 00000000 0a8c3028 00000000 00708200 00000000 00000000 00000000 00000000 00000039 008b3199 00000001 00000000 00000001 00000000 00000000 00000000 00000000 00000000 00000000 00000000 00000000 00000000 00000000 00000000 00000000 00000000 00000000 00000000 00000000 0b854022 0000001e 997a66b0 00000011 00000000 00000000 00000000 00000000 00000202 00000100 00000000 00000000 00000000 00000000 00000000 00000000 00000000 00003333 00004ccd 00002667 00000001 00000000 03938700 000004f8
capture_snapshot GLI1 00010000 60000000 2500000 452 0 60000000 0 0 0 0 0 0 0 8eee4088 00000011 998065c0 00000011 0070c18e 00000000 0070c18e 00000000 0000006a 00000000 00000000 00000000 0a922f63 00000000 0070c1f8 00000000 00000000 00000000 00000000 00000039 008b3199 00000001 00000000 00000001 00000000 00000000 00000000 00000000 00000000 00000000 00000000 00000000 00000000 00000000 00000000 00000000 00000000 00000000 00000000 00000000 0b8f3ec7 0000001e 998065eb 00000011 00000000 00000000 00000000 00000000 00000201 00000101 00000000 00000000 00000000 00000000 00000000 00000000 00000000 00003333 00004ccd 00002667 00000001 00000000 03938700 000004f8
capture_snapshot GLI1 00010000 60000000 2500000 453 0 60000000 0 0 0 0 0 0 0 8eee4088 00000011 99867238 00000011 00710213 00000000 00710213 00000000 0000006a 00000000 00000000 00000000 0a983bd4 00000000 0071027d 00000000 00000000 00000000 00000000 00000039 008b3199 00000001 00000000 00000001 00000000 00000000 00000000 00000000 00000000 00000000 00000000 00000000 00000000 00000000 00000000 00000000 00000000 00000000 00000000 00000000 0b995370 0000001e 9986725c 00000011 00000000 00000000 00000000 00000000 00000201 00000101 00000000 00000000 00000000 00000000 00000000 00000000 00000000 00003333 00004ccd 00002667 00000001 00000000 03938700 000004f8
capture_snapshot GLI1 00010000 60000000 2500000 454 0 60000000 0 0 0 0 0 0 0 8eee4088 00000011 998c7148 00000011 00714209 00000000 00714209 00000000 0000006a 00000000 00000000 00000000 0a9e3ae8 00000000 00714273 00000000 00000000 00000000 00000000 00000039 008b3199 00000001 00000000 00000001 00000000 00000000 00000000 00000000 00000000 00000000 00000000 00000000 00000000 00000000 00000000 00000000 00000000 00000000 00000000 00000000 0ba351d2 0000001e 998c7170 00000011 00000000 00000000 00000000 00000000 00000201 00000100 00000000 00000000 00000000 00000000 00000000 00000000 00000000 00003333 00004ccd 00002667 00000001 00000000 03938700 000004f8
capture_snapshot GLI1 00010000 60000000 2500000 455 0 60000000 0 0 0 0 0 0 0 8eee4088 00000011 999266e0 00000011 0071819a 00000000 0071819a 00000000 0000006a 00000000 00000000 00000000 0aa43088 00000000 00718204 00000000 00000000 00000000 00000000 00000039 008b3199 00000001 00000000 00000001 00000000 00000000 00000000 00000000 00000000 00000000 00000000 00000000 00000000 00000000 00000000 00000000 00000000 00000000 00000000 00000000 0bad4074 0000001e 99926710 00000011 00000000 00000000 00000000 00000000 00000201 00000100 00000000 00000000 00000000 00000000 00000000 00000000 00000000 00003333 00004ccd 00002667 00000001 00000000 03938700 000004f8
capture_snapshot GLI1 00010000 60000000 2500000 456 0 60000000 0 0 0 0 0 0 0 8eee4088 00000011 999865f0 00000011 0071c190 00000000 0071c190 00000000 0000006a 00000000 00000000 00000000 0aaa2f87 00000000 0071c1fa 00000000 00000000 00000000 00000000 00000039 008b3199 00000001 00000000 00000001 00000000 00000000 00000000 00000000 00000000 00000000 00000000 00000000 00000000 00000000 00000000 00000000 00000000 00000000 00000000 00000000 0bb73eb5 0000001e 9998660f 00000011 00000000 00000000 00000000 00000000 00000201 00000101 00000000 00000000 00000000 00000000 00000000 00000000 00000000 00003333 00004ccd 00002667 00000001 00000000 03938700 000004f8
capture_snapshot GLI1 00010000 60000000 2500000 457 0 60000000 0 0 0 0 0 0 0 8eee4088 00000011 999e6728 00000011 0072019d 00000000 0072019d 00000000 0000006a 00000000 00000000 00000000 0ab030c7 00000000 00720207 00000000 00000000 00000000 00000000 00000039 008b3199 00000001 00000000 00000001 00000000 00000000 00000000 00000000 00000000 00000000 00000000 00000000 00000000 00000000 00000000 00000000 00000000 00000000 00000000 00000000 0bc140b7 0000001e 999e674f 00000011 00000000 00000000 00000000 00000000 00000201 00000101 00000000 00000000 00000000 00000000 00000000 00000000 00000000 00003333 00004ccd 00002667 00000001 00000000 03938700 000004f8
capture_snapshot GLI1 00010000 60000000 2500000 458 0 60000000 0 0 0 0 0 0 0 8eee4088 00000011 99a46608 00000011 00724191 00000000 00724191 00000000 0000006a 00000000 00000000 00000000 0ab62fa8 00000000 007241fb 00000000 00000000 00000000 00000000 00000039 008b3199 00000001 00000000 00000001 00000000 00000000 00000000 00000000 00000000 00000000 00000000 00000000 00000000 00000000 00000000 00000000 00000000 00000000 00000000 00000000 0bcb3ec4 0000001e 99a46630 00000011 00000000 00000000 00000000 00000000 00000201 00000100 00000000 00000000 00000000 00000000 00000000 00000000 00000000 00003333 00004ccd 00002667 00000001 00000000 03938700 000004f8
capture_snapshot GLI1 00010000 60000000 2500000 459 0 60000000 0 0 0 0 0 0 0 8eee4088 00000011 99aa7838 00000011 00728253 00000000 00728253 00000000 0000006a 00000000 00000000 00000000 0abc41ce 00000000 007282bd 00000000 00000000 00000000 00000000 00000039 008b3199 00000001 00000000 00000001 00000000 00000000 00000000 00000000 00000000 00000000 00000000 00000000 00000000 00000000 00000000 00000000 00000000 00000000 00000000 00000000 0bd55cef 0000001e 99aa7856 00000011 00000000 00000000 00000000 00000000 00000201 00000101 00000000 00000000 00000000 00000000 00000000 00000000 00000000 00003333 00004ccd 00002667 00000001 00000000 03938700 000004f8
capture_snapshot GLI1 00010000 60000000 2500000 460 0 60000000 0 0 0 0 0 0 0 8eee4088 00000011 99b08108 00000011 0072c2b1 00000000 0072c2b1 00000000 0000006a 00000000 00000000 00000000 0ac24ab3 00000000 0072c31b 00000000 00000000 00000000 00000000 00000039 008b3199 00000001 00000000 00000001 00000000 00000000 00000000 00000000 00000000 00000000 00000000 00000000 00000000 00000000 00000000 00000000 00000000 00000000 00000000 00000000 0bdf6baf 0000001e 99b0813b 00000011 00000000 00000000 00000000 00000000 00000201 00000100 00000000 00000000 00000000 00000000 00000000 00000000 00000000 00003333 00004ccd 00002667 00000001 00000000 03938700 000004f8
capture_snapshot GLI1 00010000 60000000 2500000 461 0 60000000 0 0 0 0 0 0 0 8eee4088 00000011 99b67e80 00000011 00730296 00000000 00730296 00000000 0000006a 00000000 00000000 00000000 0ac84828 00000000 00730300 00000000 00000000 00000000 00000000 00000039 008b3199 00000001 00000000 00000001 00000000 00000000 00000000 00000000 00000000 00000000 00000000 00000000 00000000 00000000 00000000 00000000 00000000 00000000 00000000 00000000 0be9675e 0000001e 99b67eb0 00000011 00000000 00000000 00000000 00000000 00000202 00000100 00000000 00000000 00000000 00000000 00000000 00000000 00000000 00003333 00004ccd 00002667 00000001 00000000 03938700 000004f8
capture_snapshot GLI1 00010000 60000000 2500000 462 0 60000000 0 0 0 0 0 0 0 8eee4088 00000011 99bc8138 00000011 007342b3 00000000 007342b3 00000000 0000006a 00000000 00000000 00000000 0ace4ae4 00000000 0073431d 00000000 00000000 00000000 00000000 00000039 008b3199 00000001 00000000 00000001 00000000 00000000 00000000 00000000 00000000 00000000 00000000 00000000 00000000 00000000 00000000 00000000 00000000 00000000 00000000 00000000 0bf36bda 0000001e 99bc816c 00000011 00000000 00000000 00000000 00000000 00000201 00000101 00000000 00000000 00000000 00000000 00000000 00000000 00000000 00003333 00004ccd 00002667 00000001 00000000 03938700 000004f8
capture_snapshot GLI1 00010000 60000000 2500000 463 0 60000000 0 0 0 0 0 0 0 8eee4088 00000011 99c27e68 00000011 00738295 00000000 00738295 00000000 0000006a 00000000 00000000 00000000 0ad44804 00000000 007382ff 00000000 00000000 00000000 00000000 00000039 008b3199 00000001 00000000 00000001 00000000 00000000 00000000 00000000 00000000 00000000 00000000 00000000 00000000 00000000 00000000 00000000 00000000 00000000 00000000 00000000 0bfd66fc 0000001e 99c27e8c 00000011 00000000 00000000 00000000 00000000 00000201 00000101 00000000 00000000 00000000 00000000 00000000 00000000 00000000 00003333 00004ccd 00002667 00000001 00000000 03938700 000004f8
capture_snapshot GLI1 00010000 60000000 2500000 464 0 60000000 0 0 0 0 0 0 0 8eee4088 00000011 99c881e0 00000011 0073c2ba 00000000 0073c2ba 00000000 0000006a 00000000 00000000 00000000 0ada4b82 00000000 0073c324 00000000 00000000 00000000 00000000 00000039 008b3199 00000001 00000000 00000001 00000000 00000000 00000000 00000000 00000000 00000000 00000000 00000000 00000000 00000000 00000000 00000000 00000000 00000000 00000000 00000000 0c076cba 0000001e 99c8820a 00000011 00000000 00000000 00000000 00000000 00000201 00000101 00000000 00000000 00000000 00000000 00000000 00000000 00000000 00003333 00004ccd 00002667 00000001 00000000 03938700 000004f8
capture_snapshot GLI1 00010000 60000000 2500000 465 0 60000000 0 0 0 0 0 0 0 8eee4088 00000011 99ce8e28 00000011 0074033d 00000000 0074033d 00000000 0000006a 00000000 00000000 00000000 0ae057c7 00000000 007403a7 00000000 00000000 00000000 00000000 00000039 008b3199 00000001 00000000 00000001 00000000 00000000 00000000 00000000 00000000 00000000 00000000 00000000 00000000 00000000 00000000 00000000 00000000 00000000 00000000 00000000 0c118119 0000001e 99ce8e4f 00000011 00000000 00000000 00000000 00000000 00000201 00000101 00000000 00000000 00000000 00000000 00000000 00000000 00000000 00003333 00004ccd 00002667 00000001 00000000 03938700 000004f8
capture_snapshot GLI1 00010000 60000000 2500000 466 0 60000000 0 0 0 0 0 0 0 8eee4088 00000011 99d48bd0 00000011 00744324 00000000 00744324 00000000 0000006a 00000000 00000000 00000000 0ae6556f 00000000 0074438e 00000000 00000000 00000000 00000000 00000039 008b3199 00000001 00000000 00000001 00000000 00000000 00000000 00000000 00000000 00000000 00000000 00000000 00000000 00000000 00000000 00000000 00000000 00000000 00000000 00000000 0c1b7d1e 0000001e 99d48bf7 00000011 00000000 00000000 00000000 00000000 00000201 00000101 00000000 00000000 00000000 00000000 00000000 00000000 00000000 00003333 00004ccd 00002667 00000001 00000000 03938700 000004f8
capture_snapshot GLI1 00010000 60000000 2500000 467 0 60000000 0 0 0 0 0 0 0 8eee4088 00000011 99da8ba0 00000011 00748322 00000000 00748322 00000000 0000006a 00000000 00000000 00000000 0aec553e 00000000 0074838c 00000000 00000000 00000000 00000000 00000039 008b3199 00000001 00000000 00000001 00000000 00000000 00000000 00000000 00000000 00000000 00000000 00000000 00000000 00000000 00000000 00000000 00000000 00000000 00000000 00000000 0c257cb8 0000001e 99da8bc6 00000011 00000000 00000000 00000000 00000000 00000202 00000101 00000000 00000000 00000000 00000000 00000000 00000000 00000000 00003333 00004ccd 00002667 00000001 00000000 03938700 000004f8
capture_snapshot GLI1 00010000 60000000 2500000 468 0 60000000 0 0 0 0 0 0 0 8eee4088 00000011 99e08f48 00000011 0074c349 00000000 0074c349 00000000 0000006a 00000000 00000000 00000000 0af258e7 00000000 0074c3b3 00000000 00000000 00000000 00000000 00000039 008b3199 00000001 00000000 00000001 00000000 00000000 00000000 00000000 00000000 00000000 00000000 00000000 00000000 00000000 00000000 00000000 00000000 00000000 00000000 00000000 0c2f82bf 0000001e 99e08f6f 00000011 00000000 00000000 00000000 00000000 00000201 00000101 00000000 00000000 00000000 00000000 00000000 00000000 00000000 00003333 00004ccd 00002667 00000001 00000000 03938700 000004f8
capture_snapshot GLI1 00010000 60000000 2500000 469 0 60000000 0 0 0 0 0 0 0 8eee4088 00000011 99e67cb8 00000011 00750283 00000000 00750283 00000000 0000006a 00000000 00000000 00000000 0af84650 00000000 007502ed 00000000 00000000 00000000 00000000 00000039 008b3199 00000001 00000000 00000001 00000000 00000000 00000000 00000000 00000000 00000000 00000000 00000000 00000000 00000000 00000000 00000000 00000000 00000000 00000000 00000000 0c3963af 0000001e 99e67cd8 00000011 00000000 00000000 00000000 00000000 00000202 00000100 00000000 00000000 00000000 00000000 00000000 00000000 00000000 00003333 00004ccd 00002667 00000001 00000000 03938700 000004f8
capture_snapshot GLI1 00010000 60000000 2500000 470 0 60000000 0 0 0 0 0 0 0 8eee4088 00000011 99ec7c88 00000011 00754281 00000000 00754281 00000000 0000006a 00000000 00000000 00000000 0afe462c 00000000 007542eb 00000000 00000000 00000000 00000000 00000039 008b3199 00000001 00000000 00000001 00000000 00000000 00000000 00000000 00000000 00000000 00000000 00000000 00000000 00000000 00000000 00000000 00000000 00000000 00000000 00000000 0c436361 0000001e 99ec7cb4 00000011 00000000 00000000 00000000 00000000 00000201 00000101 00000000 00000000 00000000 00000000 00000000 00000000 00000000 00003333 00004ccd 00002667 00000001 00000000 03938700 000004f8
capture_snapshot GLI1 00010000 60000000 2500000 471 0 60000000 0 0 0 0 0 0 0 8eee4088 00000011 99f28270 00000011 007582c0 00000000 007582c0 00000000 0000006a 00000000 00000000 00000000 0b044c0d 00000000 0075832a 00000000 00000000 00000000 00000000 00000039 008b3199 00000001 00000000 00000001 00000000 00000000 00000000 00000000 00000000 00000000 00000000 00000000 00000000 00000000 00000000 00000000 00000000 00000000 00000000 00000000 0c4d6d19 0000001e 99f28295 00000011 00000000 00000000 00000000 00000000 00000201 00000101 00000000 00000000 00000000 00000000 00000000 00000000 00000000 00003333 00004ccd 00002667 00000001 00000000 03938700 000004f8
capture_snapshot GLI1 00010000 60000000 2500000 472 0 60000000 0 0 0 0 0 0 0 8eee4088 00000011 99f87f40 00000011 0075c29e 00000000 0075c29e 00000000 0000006a 00000000 00000000 00000000 0b0a48e9 00000000 0075c308 00000000 00000000 00000000 00000000 00000039 008b3199 00000001 00000000 00000001 00000000 00000000 00000000 00000000 00000000 00000000 00000000 00000000 00000000 00000000 00000000 00000000 00000000 00000000 00000000 00000000 0c5767c9 0000001e 99f87f71 00000011 00000000 00000000 00000000 00000000 00000201 00000100 00000000 00000000 00000000 00000000 00000000 00000000 00000000 00003333 00004ccd 00002667 00000001 00000000 03938700 000004f8
capture_snapshot GLI1 00010000 60000000 2500000 473 0 60000000 0 0 0 0 0 0 0 8eee4088 00000011 99fe8120 00000011 007602b2 00000000 007602b2 00000000 0000006a 00000000 00000000 00000000 0b104abf 00000000 0076031c 00000000 00000000 00000000 00000000 00000039 008b3199 00000001 00000000 00000001 00000000 00000000 00000000 00000000 00000000 00000000 00000000 00000000 00000000 00000000 00000000 00000000 00000000 00000000 00000000 00000000 0c616ac5 0000001e 99fe8147 00000011 00000000 00000000 00000000 00000000 00000201 00000101 00000000 00000000 00000000 00000000 00000000 00000000 00000000 00003333 00004ccd 00002667 00000001 00000000 03938700 000004f8
capture_snapshot GLI1 00010000 60000000 2500000 474 0 60000000 0 0 0 0 0 0 0 8eee4088 00000011 9a048618 00000011 007642e7 00000000 007642e7 00000000 0000006a 00000000 00000000 00000000 0b164faf 00000000 00764351 00000000 00000000 00000000 00000000 00000039 008b3199 00000001 00000000 00000001 00000000 00000000 00000000 00000000 00000000 00000000 00000000 00000000 00000000 00000000 00000000 00000000 00000000 00000000 00000000 00000000 0c6b72ed 0000001e 9a048637 00000011 00000000 00000000 00000000 00000000 00000201 00000101 00000000 00000000 00000000 00000000 00000000 00000000 00000000 00003333 00004ccd 00002667 00000001 00000000 03938700 000004f8
capture_snapshot GLI1 00010000 60000000 2500000 475 0 60000000 0 0 0 0 0 0 0 8eee4088 00000011 9a0a7c58 00000011 0076827f 00000000 0076827f 00000000 0000006a 00000000 00000000 00000000 0b1c45ff 00000000 007682e9 00000000 00000000 00000000 00000000 00000039 008b3199 00000001 00000000 00000001 00000000 00000000 00000000 00000000 00000000 00000000 00000000 00000000 00000000 00000000 00000000 00000000 00000000 00000000 00000000 00000000 0c7562b3 0000001e 9a0a7c87 00000011 00000000 00000000 00000000 00000000 00000202 00000101 00000000 00000000 00000000 00000000 00000000 00000000 00000000 00003333 00004ccd 00002667 00000001 00000000 03938700 000004f8
capture_snapshot GLI1 00010000 60000000 2500000 476 0 60000000 0 0 0 0 0 0 0 8eee4088 00000011 9a107c28 00000011 0076c27d 00000000 0076c27d 00000000 0000006a 00000000 00000000 00000000 0b2245ce 00000000 0076c2e7 00000000 00000000 00000000 00000000 00000039 008b3199 00000001 00000000 00000001 00000000 00000000 00000000 00000000 00000000 00000000 00000000 00000000 00000000 00000000 00000000 00000000 00000000 00000000 00000000 00000000 0c7f624e 0000001e 9a107c56 00000011 00000000 00000000 00000000 00000000 00000201 00000100 00000000 00000000 00000000 00000000 00000000 00000000 00000000 00003333 00004ccd 00002667 00000001 00000000 03938700 000004f8
capture_snapshot GLI1 00010000 60000000 2500000 477 0 60000000 0 0 0 0 0 0 0 8eee4088 00000011 9a167ca0 00000011 00770282 00000000 00770282 00000000 0000006a 00000000 00000000 00000000 0b284640 00000000 007702ec 00000000 00000000 00000000 00000000 00000039 008b3199 00000001 00000000 00000001 00000000 00000000 00000000 00000000 00000000 00000000 00000000 00000000 00000000 00000000 00000000 00000000 00000000 00000000 00000000 00000000 0c8962f8 0000001e 9a167cc8 00000011 00000000 00000000 00000000 00000000 00000202 00000100 00000000 00000000 00000000 00000000 00000000 00000000 00000000 00003333 00004ccd 00002667 00000001 00000000 03938700 000004f8
capture_snapshot GLI1 00010000 60000000 2500000 478 0 60000000 0 0 0 0 0 0 0 8eee4088 00000011 9a1c91b8 00000011 00774363 00000000 00774363 00000000 0000006a 00000000 00000000 00000000 0b2e5b53 00000000 007743cd 00000000 00000000 00000000 00000000 00000039 008b3199 00000001 00000000 00000001 00000000 00000000 00000000 00000000 00000000 00000000 00000000 00000000 00000000 00000000 00000000 00000000 00000000 00000000 00000000 00000000 0c938605 0000001e 9a1c91db 00000011 00000000 00000000 00000000 00000000 00000201 00000101 00000000 00000000 00000000 00000000 00000000 00000000 00000000 00003333 00004ccd 00002667 00000001 00000000 03938700 000004f8
capture_snapshot GLI1 00010000 60000000 2500000 479 0 60000000 0 0 0 0 0 0 0 8eee4088 00000011 9a228108 00000011 007782b1 00000000 007782b1 00000000 0000006a 00000000 00000000 00000000 0b344ab2 00000000 0077831b 00000000 00000000 00000000 00000000 00000039 008b3199 00000001 00000000 00000001 00000000 00000000 00000000 00000000 00000000 00000000 00000000 00000000 00000000 00000000 00000000 00000000 00000000 00000000 00000000 00000000 0c9d6a3a 0000001e 9a22813a 00000011 00000000 00000000 00000000 00000000 00000201 00000100 00000000 00000000 00000000 00000000 00000000 00000000 00000000 00003333 00004ccd 00002667 00000001 00000000 03938700 000004f8
capture_snapshot GLI1 00010000 60000000 2500000 480 0 60000000 0 0 0 0 0 0 0 8eee4088 00000011 9a287fa0 00000011 0077c2a2 00000000 0077c2a2 00000000 0000006a 00000000 00000000 00000000 0b3a4936 00000000 0077c30c 00000000 00000000 00000000 00000000 00000039 008b3199 00000001 00000000 00000001 00000000 00000000 00000000 00000000 00000000 00000000 00000000 00000000 00000000 00000000 00000000 00000000 00000000 00000000 00000000 00000000 0ca767ad 0000001e 9a287fbe 00000011 00000000 00000000 00000000 00000000 00000201 00000100 00000000 00000000 00000000 00000000 00000000 00000000 00000000 00003333 00004ccd 00002667 00000001 00000000 03938700 000004f8
capture_snapshot GLI1 00010000 60000000 2500000 481 0 60000000 0 0 0 0 0 0 0 8eee4088 00000011 9a2e7da8 00000011 0078028d 00000000 0078028d 00000000 0000006a 00000000 00000000 00000000 0b40474a 00000000 007802f7 00000000 00000000 00000000 00000000 00000039 008b3199 00000001 00000000 00000001 00000000 00000000 00000000 00000000 00000000 00000000 00000000 00000000 00000000 00000000 00000000 00000000 00000000 00000000 00000000 00000000 0cb16465 0000001e 9a2e7dd2 00000011 00000000 00000000 00000000 00000000 00000201 00000101 00000000 00000000 00000000 00000000 00000000 00000000 00000000 00003333 00004ccd 00002667 00000001 00000000 03938700 000004f8
capture_snapshot GLI1 00010000 60000000 2500000 482 0 60000000 0 0 0 0 0 0 0 8eee4088 00000011 9a348d68 00000011 00784335 00000000 00784335 00000000 0000006a 00000000 00000000 00000000 0b465702 00000000 0078439f 00000000 00000000 00000000 00000000 00000039 008b3199 00000001 00000000 00000001 00000000 00000000 00000000 00000000 00000000 00000000 00000000 00000000 00000000 00000000 00000000 00000000 00000000 00000000 00000000 00000000 0cbb7e84 0000001e 9a348d8a 00000011 00000000 00000000 00000000 00000000 00000202 00000101 00000000 00000000 00000000 00000000 00000000 00000000 00000000 00003333 00004ccd 00002667 00000001 00000000 03938700 000004f8
capture_snapshot GLI1 00010000 60000000 2500000 483 0 60000000 0 0 0 0 0 0 0 8eee4088 00000011 9a3a85d0 00000011 007882e4 00000000 007882e4 00000000 0000006a 00000000 00000000 00000000 0b4c4f6a 00000000 0078834e 00000000 00000000 00000000 00000000 00000039 008b3199 00000001 00000000 00000001 00000000 00000000 00000000 00000000 00000000 00000000 00000000 00000000 00000000 00000000 00000000 00000000 00000000 00000000 00000000 00000000 0cc571c9 0000001e 9a3a85f2 00000011 00000000 00000000 00000000 00000000 00000201 00000100 00000000 00000000 00000000 00000000 00000000 00000000 00000000 00003333 00004ccd 00002667 00000001 00000000 03938700 000004f8
capture_snapshot GLI1 00010000 60000000 2500000 484 0 60000000 0 0 0 0 0 0 0 8eee4088 00000011 9a408540 00000011 0078c2de 00000000 0078c2de 00000000 0000006a 00000000 00000000 00000000 0b524ee9 00000000 0078c348 00000000 00000000 00000000 00000000 00000039 008b3199 00000001 00000000 00000001 00000000 00000000 00000000 00000000 00000000 00000000 00000000 00000000 00000000 00000000 00000000 00000000 00000000 00000000 00000000 00000000 0ccf70de 0000001e 9a408571 00000011 00000000 00000000 00000000 00000000 00000201 00000101 00000000 00000000 00000000 00000000 00000000 00000000 00000000 00003333 00004ccd 00002667 00000001 00000000 03938700 000004f8
capture_snapshot GLI1 00010000 60000000 2500000 485 0 60000000 0 0 0 0 0 0 0 8eee4088 00000011 9a469470 00000011 00790380 00000000 00790380 00000000 0000006a 00000000 00000000 00000000 0b585e12 00000000 007903ea 00000000 00000000 00000000 00000000 00000039 008b3199 00000001 00000000 00000001 00000000 00000000 00000000 00000000 00000000 00000000 00000000 00000000 00000000 00000000 00000000 00000000 00000000 00000000 00000000 00000000 0cd98a0f 0000001e 9a46949a 00000011 00000000 00000000 00000000 00000000 00000201 00000100 00000000 00000000 00000000 00000000 00000000 00000000 00000000 00003333 00004ccd 00002667 00000001 00000000 03938700 000004f8
capture_snapshot GLI1 00010000 60000000 2500000 486 0 60000000 0 0 0 0 0 0 0 8eee4088 00000011 9a4c9b60 00000011 007943ca 00000000 007943ca 00000000 0000006a 00000000 00000000 00000000 0b5e650b 00000000 00794434 00000000 00000000 00000000 00000000 00000039 008b3199 00000001 00000000 00000001 00000000 00000000 00000000 00000000 00000000 00000000 00000000 00000000 00000000 00000000 00000000 00000000 00000000 00000000 00000000 00000000 0ce3959b 0000001e 9a4c9b93 00000011 00000000 00000000 00000000 00000000 00000201 00000101 00000000 00000000 00000000 00000000 00000000 00000000 00000000 00003333 00004ccd 00002667 00000001 00000000 03938700 000004f8
capture_snapshot GLI1 00010000 60000000 2500000 487 0 60000000 0 0 0 0 0 0 0 8eee4088 00000011 9a52a1f0 00000011 00798410 00000000 00798410 00000000 0000006a 00000000 00000000 00000000 0b646b89 00000000 0079847a 00000000 00000000 00000000 00000000 00000039 008b3199 00000001 00000000 00000001 00000000 00000000 00000000 00000000 00000000 00000000 00000000 00000000 00000000 00000000 00000000 00000000 00000000 00000000 00000000 00000000 0ceda058 0000001e 9a52a211 00000011 00000000 00000000 00000000 00000000 00000201 00000101 00000000 00000000 00000000 00000000 00000000 00000000 00000000 00003333 00004ccd 00002667 00000001 00000000 03938700 000004f8
capture_snapshot GLI1 00010000 60000000 2500000 488 0 60000000 0 0 0 0 0 0 0 8eee4088 00000011 9a588558 00000011 0079c2df 00000000 0079c2df 00000000 0000006a 00000000 00000000 00000000 0b6a4ef7 00000000 0079c349 00000000 00000000 00000000 00000000 00000039 008b3199 00000001 00000000 00000001 00000000 00000000 00000000 00000000 00000000 00000000 00000000 00000000 00000000 00000000 00000000 00000000 00000000 00000000 00000000 00000000 0cf770a8 0000001e 9a58857f 00000011 00000000 00000000 00000000 00000000 00000201 00000101 00000000 00000000 00000000 00000000 00000000 00000000 00000000 00003333 00004ccd 00002667 00000001 00000000 03938700 000004f8
capture_snapshot GLI1 00010000 60000000 2500000 489 0 60000000 0 0 0 0 0 0 0 8eee4088 00000011 9a5e85a0 00000011 007a02e2 00000000 007a02e2 00000000 0000006a 00000000 00000000 00000000 0b704f3d 00000000 007a034c 00000000 00000000 00000000 00000000 00000039 008b3199 00000001 00000000 00000001 00000000 00000000 00000000 00000000 00000000 00000000 00000000 00000000 00000000 00000000 00000000 00000000 00000000 00000000 00000000 00000000 0d017109 0000001e 9a5e85c5 00000011 00000000 00000000 00000000 00000000 00000201 00000101 00000000 00000000 00000000 00000000 00000000 00000000 00000000 00003333 00004ccd 00002667 00000001 00000000 03938700 000004f8
capture_snapshot GLI1 00010000 60000000 2500000 490 0 60000000 0 0 0 0 0 0 0 8eee4088 00000011 9a648f18 00000011 007a4347 00000000 007a4347 00000000 0000006a 00000000 00000000 00000000 0b7658c1 00000000 007a43b1 00000000 00000000 00000000 00000000 00000039 008b3199 00000001 00000000 00000001 00000000 00000000 00000000 00000000 00000000 00000000 00000000 00000000 00000000 00000000 00000000 00000000 00000000 00000000 00000000 00000000 0d0b80d0 0000001e 9a648f49 00000011 00000000 00000000 00000000 00000000 00000201 00000101 00000000 00000000 00000000 00000000 00000000 00000000 00000000 00003333 00004ccd 00002667 00000001 00000000 03938700 000004f8
capture_snapshot GLI1 00010000 60000000 2500000 491 0 60000000 0 0 0 0 0 0 0 8eee4088 00000011 9a6a8a68 00000011 007a8315 00000000 007a8315 00000000 0000006a 00000000 00000000 00000000 0b7c5404 00000000 007a837f 00000000 00000000 00000000 00000000 00000039 008b3199 00000001 00000000 00000001 00000000 00000000 00000000 00000000 00000000 00000000 00000000 00000000 00000000 00000000 00000000 00000000 00000000 00000000 00000000 00000000 0d1578d8 0000001e 9a6a8a8c 00000011 00000000 00000000 00000000 00000000 00000201 00000101 00000000 00000000 00000000 00000000 00000000 00000000 00000000 00003333 00004ccd 00002667 00000001 00000000 03938700 000004f8
capture_snapshot GLI1 00010000 60000000 2500000 492 0 60000000 0 0 0 0 0 0 0 8eee4088 00000011 9a7086d8 00000011 007ac2ef 00000000 007ac2ef 00000000 0000006a 00000000 00000000 00000000 0b825083 00000000 007ac359 00000000 00000000 00000000 00000000 00000039 008b3199 00000001 00000000 00000001 00000000 00000000 00000000 00000000 00000000 00000000 00000000 00000000 00000000 00000000 00000000 00000000 00000000 00000000 00000000 00000000 0d1f72ed 0000001e 9a70870b 00000011 00000000 00000000 00000000 00000000 00000201 00000101 00000000 00000000 00000000 00000000 00000000 00000000 00000000 00003333 00004ccd 00002667 00000001 00000000 03938700 000004f8
capture_snapshot GLI1 00010000 60000000 2500000 493 0 60000000 0 0 0 0 0 0 0 8eee4088 00000011 9a7686f0 00000011 007b02f0 00000000 007b02f0 00000000 0000006a 00000000 00000000 00000000 0b88509c 00000000 007b035a 00000000 00000000 00000000 00000000 00000039 008b3199 00000001 00000000 00000001 00000000 00000000 00000000 00000000 00000000 00000000 00000000 00000000 00000000 00000000 00000000 00000000 00000000 00000000 00000000 00000000 0d297303 0000001e 9a768724 00000011 00000000 00000000 00000000 00000000 00000201 00000101 00000000 00000000 00000000 00000000 00000000 00000000 00000000 00003333 00004ccd 00002667 00000001 00000000 03938700 000004f8
capture_snapshot GLI1 00010000 60000000 2500000 494 0 60000000 0 0 0 0 0 0 0 8eee4088 00000011 9a7c88a0 00000011 007b4302 00000000 007b4301 00000000 0000006a 00000000 00000000 00000000 0b8e5234 00000000 007b436c 00000000 00000000 00000000 00000000 0000003b 008b3199 00000001 00000001 00000001 00000000 00000000 00000000 00000000 00000000 00000000 00000000 00000000 00000000 00000000 00000000 00000000 00000000 00000000 00000000 00000000 0d337599 0000001e 9a7c88bc 00000011 00000000 00000000 00000000 00000000 00000201 00000101 00000000 00000000 00000000 00000000 00000000 00000000 00000000 00003333 00004ccd 00002667 00000001 00000000 03938700 000004f8
capture_snapshot GLI1 00010000 60000000 2500000 495 0 60000000 0 0 0 0 0 0 0 8eee4088 00000011 9a828990 00000011 007b830c 00000000 007b830b 00000000 0000006a 00000000 00000000 00000000 0b945325 00000000 007b8376 00000000 00000000 00000000 00000000 0000003b 008b3199 00000001 00000001 00000001 00000000 00000000 00000000 00000000 00000000 00000000 00000000 00000000 00000000 00000000 00000000 00000000 00000000 00000000 00000000 00000000 0d3d7716 0000001e 9a8289ad 00000011 00000000 00000000 00000000 00000000 00000201 00000100 00000000 00000000 00000000 00000000 00000000 00000000 00000000 00003333 00004ccd 00002667 00000001 00000000 03938700 000004f8
capture_snapshot GLI1 00010000 60000000 2500000 496 0 60000000 0 0 0 0 0 0 0 8eee4088 00000011 9a889290 00000011 007bc36c 00000000 007bc36c 00000000 0000006a 00000000 00000000 00000000 0b9a5c26 00000000 007bc3d6 00000000 00000000 00000000 00000000 00000039 008b3199 00000001 00000000 00000001 00000000 00000000 00000000 00000000 00000000 00000000 00000000 00000000 00000000 00000000 00000000 00000000 00000000 00000000 00000000 00000000 0d478605 0000001e 9a8892ae 00000011 00000000 00000000 00000000 00000000 00000201 00000101 00000000 00000000 00000000 00000000 00000000 00000000 00000000 00003333 00004ccd 00002667 00000001 00000000 03938700 000004f8
capture_snapshot GLI1 00010000 60000000 2500000 497 0 60000000 0 0 0 0 0 0 0 8eee4088 00000011 9a8e9800 00000011 007c03a6 00000000 007c03a6 00000000 0000006a 00000000 00000000 00000000 0ba061a7 00000000 007c0410 00000000 00000000 00000000 00000000 00000039 008b3199 00000001 00000000 00000001 00000000 00000000 00000000 00000000 00000000 00000000 00000000 00000000 00000000 00000000 00000000 00000000 00000000 00000000 00000000 00000000 0d518f1e 0000001e 9a8e982f 00000011 00000000 00000000 00000000 00000000 00000201 00000101 00000000 00000000 00000000 00000000 00000000 00000000 00000000 00003333 00004ccd 00002667 00000001 00000000 03938700 000004f8
capture_snapshot GLI1 00010000 60000000 2500000 498 0 60000000 0 0 0 0 0 0 0 8eee4088 00000011 9a9486c0 00000011 007c42ee 00000000 007c42ee 00000000 0000006a 00000000 00000000 00000000 0ba6506b 00000000 007c4358 00000000 00000000 00000000 00000000 00000039 008b3199 00000001 00000000 00000001 00000000 00000000 00000000 00000000 00000000 00000000 00000000 00000000 00000000 00000000 00000000 00000000 00000000 00000000 00000000 00000000 0d5b7251 0000001e 9a9486f3 00000011 00000000 00000000 00000000 00000000 00000201 00000101 00000000 00000000 00000000 00000000 00000000 00000000 00000000 00003333 00004ccd 00002667 00000001 00000000 03938700 000004f8
capture_snapshot GLI1 00010000 60000000 2500000 499 0 60000000 0 0 0 0 0 0 0 8eee4088 00000011 9a9a8b88 00000011 007c8321 00000000 007c8321 00000000 0000006a 00000000 00000000 00000000 0bac552b 00000000 007c838b 00000000 00000000 00000000 00000000 00000039 008b3199 00000001 00000000 00000001 00000000 00000000 00000000 00000000 00000000 00000000 00000000 00000000 00000000 00000000 00000000 00000000 00000000 00000000 00000000 00000000 0d657a28 0000001e 9a9a8bb3 00000011 00000000 00000000 00000000 00000000 00000201 00000101 00000000 00000000 00000000 00000000 00000000 00000000 00000000 00003333 00004ccd 00002667 00000001 00000000 03938700 000004f8
capture_snapshot GLI1 00010000 60000000 2500000 500 0 60000000 0 0 0 0 0 0 0 8eee4088 00000011 9aa08cf0 00000011 007cc330 00000000 007cc330 00000000 0000006a 00000000 00000000 00000000 0bb2568f 00000000 007cc39a 00000000 00000000 00000000 00000000 00000039 008b3199 00000001 00000000 00000001 00000000 00000000 00000000 00000000 00000000 00000000 00000000 00000000 00000000 00000000 00000000 00000000 00000000 00000000 00000000 00000000 0d6f7c66 0000001e 9aa08d17 00000011 00000000 00000000 00000000 00000000 00000201 00000101 00000000 00000000 00000000 00000000 00000000 00000000 00000000 00003333 00004ccd 00002667 00000001 00000000 03938700 000004f8
capture_snapshot GLI1 00010000 60000000 2500000 501 0 60000000 0 0 0 0 0 0 0 8eee4088 00000011 9aa68930 00000011 007d0308 00000000 007d0308 00000000 0000006a 00000000 00000000 00000000 0bb852c6 00000000 007d0372 00000000 00000000 00000000 00000000 00000039 008b3199 00000001 00000000 00000001 00000000 00000000 00000000 00000000 00000000 00000000 00000000 00000000 00000000 00000000 00000000 00000000 00000000 00000000 00000000 00000000 0d797603 0000001e 9aa6894e 00000011 00000000 00000000 00000000 00000000 00000201 00000101 00000000 00000000 00000000 00000000 00000000 00000000 00000000 00003333 00004ccd 00002667 00000001 00000000 03938700 000004f8
capture_snapshot GLI1 00010000 60000000 2500000 502 0 60000000 0 0 0 0 0 0 0 8eee4088 00000011 9aac85e8 00000011 007d42e5 00000000 007d42e5 00000000 0000006a 00000000 00000000 00000000 0bbe4f8d 00000000 007d434f 00000000 00000000 00000000 00000000 00000039 008b3199 00000001 00000000 00000001 00000000 00000000 00000000 00000000 00000000 00000000 00000000 00000000 00000000 00000000 00000000 00000000 00000000 00000000 00000000 00000000 0d837090 0000001e 9aac8615 00000011 00000000 00000000 00000000 00000000 00000201 00000100 00000000 00000000 00000000 00000000 00000000 00000000 00000000 00003333 00004ccd 00002667 00000001 00000000 03938700 000004f8
capture_snapshot GLI1 00010000 60000000 2500000 503 0 60000000 0 0 0 0 0 0 0 8eee4088 00000011 9ab29398 00000011 007d8377 00000000 007d8377 00000000 0000006a 00000000 00000000 00000000 0bc45d3c 00000000 007d83e1 00000000 00000000 00000000 00000000 00000039 008b3199 00000001 00000000 00000001 00000000 00000000 00000000 00000000 00000000 00000000 00000000 00000000 00000000 00000000 00000000 00000000 00000000 00000000 00000000 00000000 0d8d874b 0000001e 9ab293c4 00000011 00000000 00000000 00000000 00000000 00000201 00000101 00000000 00000000 00000000 00000000 00000000 00000000 00000000 00003333 00004ccd 00002667 00000001 00000000 03938700 000004f8
capture_snapshot GLI1 00010000 60000000 2500000 504 0 60000000 0 0 0 0 0 0 0 8eee4088 00000011 9ab88978 00000011 007dc30b 00000000 007dc30b 00000000 0000006a 00000000 00000000 00000000 0bca5313 00000000 007dc375 00000000 00000000 00000000 00000000 00000039 008b3199 00000001 00000000 00000001 00000000 00000000 00000000 00000000 00000000 00000000 00000000 00000000 00000000 00000000 00000000 00000000 00000000 00000000 00000000 00000000 0d977648 0000001e 9ab8899b 00000011 00000000 00000000 00000000 00000000 00000202 00000101 00000000 00000000 00000000 00000000 00000000 00000000 00000000 00003333 00004ccd 00002667 00000001 00000000 03938700 000004f8
capture_snapshot GLI1 00010000 60000000 2500000 505 0 60000000 0 0 0 0 0 0 0 8eee4088 00000011 9abe88e8 00000011 007e0305 00000000 007e0305 00000000 0000006a 00000000 00000000 00000000 0bd05281 00000000 007e036f 00000000 00000000 00000000 00000000 00000039 008b3199 00000001 00000000 00000001 00000000 00000000 00000000 00000000 00000000 00000000 00000000 00000000 00000000 00000000 00000000 00000000 00000000 00000000 00000000 00000000 0da17542 0000001e 9abe8909 00000011 00000000 00000000 00000000 00000000 00000201 00000101 00000000 00000000 00000000 00000000 00000000 00000000 00000000 00003333 00004ccd 00002667 00000001 00000000 03938700 000004f8
capture_snapshot GLI1 00010000 60000000 2500000 506 0 60000000 0 0 0 0 0 0 0 8eee4088 00000011 9ac492c0 00000011 007e436e 00000000 007e436e 00000000 0000006a 00000000 00000000 00000000 0bd65c69 00000000 007e43d8 00000000 00000000 00000000 00000000 00000039 008b3199 00000001 00000000 00000001 00000000 00000000 00000000 00000000 00000000 00000000 00000000 00000000 00000000 00000000 00000000 00000000 00000000 00000000 00000000 00000000 0dab85b0 0000001e 9ac492f1 00000011 00000000 00000000 00000000 00000000 00000202 00000101 00000000 00000000 00000000 00000000 00000000 00000000 00000000 00003333 00004ccd 00002667 00000001 00000000 03938700 000004f8
capture_snapshot GLI1 00010000 60000000 2500000 507 0 60000000 0 0 0 0 0 0 0 8eee4088 00000011 9acaabf8 00000011 007e847b 00000000 007e847b 00000000 0000006a 00000000 00000000 00000000 0bdc759e 00000000 007e84e5 00000000 00000000 00000000 00000000 00000039 008b3199 00000001 00000000 00000001 00000000 00000000 00000000 00000000 00000000 00000000 00000000 00000000 00000000 00000000 00000000 00000000 00000000 00000000 00000000 00000000 0db5af9f 0000001e 9acaac26 00000011 00000000 00000000 00000000 00000000 00000201 00000101 00000000 00000000 00000000 00000000 00000000 00000000 00000000 00003333 00004ccd 00002667 00000001 00000000 03938700 000004f8
capture_snapshot GLI1 00010000 60000000 2500000 508 0 60000000 0 0 0 0 0 0 0 8eee4088 00000011 9ad0a190 00000011 007ec40c 00000000 007ec40c 00000000 0000006a 00000000 00000000 00000000 0be26b39 00000000 007ec476 00000000 00000000 00000000 00000000 00000039 008b3199 00000001 00000000 00000001 00000000 00000000 00000000 00000000 00000000 00000000 00000000 00000000 00000000 00000000 00000000 00000000 00000000 00000000 00000000 00000000 0dbf9e39 0000001e 9ad0a1c1 00000011 00000000 00000000 00000000 00000000 00000201 00000100 00000000 00000000 00000000 00000000 00000000 00000000 00000000 00003333 00004ccd 00002667 00000001 00000000 03938700 000004f8
capture_snapshot GLI1 00010000 60000000 2500000 509 0 60000000 0 0 0 0 0 0 0 8eee4088 00000011 9ad68ae0 00000011 007f031a 00000000 007f031a 00000000 0000006a 00000000 00000000 00000000 0be85482 00000000 007f0384 00000000 00000000 00000000 00000000 00000039 008b3199 00000001 00000000 00000001 00000000 00000000 00000000 00000000 00000000 00000000 00000000 00000000 00000000 00000000 00000000 00000000 00000000 00000000 00000000 00000000 0dc9784a 0000001e 9ad68b0a 00000011 00000000 00000000 00000000 00000000 00000202 00000100 00000000 00000000 00000000 00000000 00000000 00000000 00000000 00003333 00004ccd 00002667 00000001 00000000 03938700 000004f8
capture_snapshot GLI1 00010000 60000000 2500000 510 0 60000000 0 0 0 0 0 0 0 8eee4088 00000011 9adc8930 00000011 007f4308 00000000 007f4308 00000000 0000006a 00000000 00000000 00000000 0bee52da 00000000 007f4372 00000000 00000000 00000000 00000000 00000039 008b3199 00000001 00000000 00000001 00000000 00000000 00000000 00000000 00000000 00000000 00000000 00000000 00000000 00000000 00000000 00000000 00000000 00000000 00000000 00000000 0dd37574 0000001e 9adc8962 00000011 00000000 00000000 00000000 00000000 00000201 00000100 00000000 00000000 00000000 00000000 00000000 00000000 00000000 00003333 00004ccd 00002667 00000001 00000000 03938700 000004f8
capture_snapshot GLI1 00010000 60000000 2500000 511 0 60000000 0 0 0 0 0 0 0 8eee4088 00000011 9ae28570 00000011 007f82e0 00000000 007f82e0 00000000 0000006a 00000000 00000000 00000000 0bf44f10 00000000 007f834a 00000000 00000000 00000000 00000000 00000039 008b3199 00000001 00000000 00000001 00000000 00000000 00000000 00000000 00000000 00000000 00000000 00000000 00000000 00000000 00000000 00000000 00000000 00000000 00000000 00000000 0ddd6f10 0000001e 9ae28598 00000011 00000000 00000000 00000000 00000000 00000201 00000100 00000000 00000000 00000000 00000000 00000000 00000000 00000000 00003333 00004ccd 00002667 00000001 00000000 03938700 000004f8
capture_snapshot GLI1 00010000 60000000 2500000 512 0 60000000 0 0 0 0 0 0 0 8eee4088 00000011 9ae88750 00000011 007fc2f4 00000000 007fc2f4 00000000 0000006a 00000000 00000000 00000000 0bfa50ea 00000000 007fc35e 00000000 00000000 00000000 00000000 00000039 008b3199 00000001 00000000 00000001 00000000 00000000 00000000 00000000 00000000 00000000 00000000 00000000 00000000 00000000 00000000 00000000 00000000 00000000 00000000 00000000 0de77212 0000001e 9ae88772 00000011 00000000 00000000 00000000 00000000 00000202 00000100 00000000 00000000 00000000 00000000 00000000 00000000 00000000 00003333 00004ccd 00002667 00000001 00000000 03938700 000004f8
capture_snapshot GLI1 00010000 60000000 2500000 513 0 60000000 0 0 0 0 0 0 0 8eee4088 00000011 9aee8b58 00000011 0080031f 00000000 0080031f 00000000 0000006a 00000000 00000000 00000000 0c0054f6 00000000 00800389 00000000 00000000 00000000 00000000 00000039 008b3199 00000001 00000000 00000001 00000000 00000000 00000000 00000000 00000000 00000000 00000000 00000000 00000000 00000000 00000000 00000000 00000000 00000000 00000000 00000000 0df178be 0000001e 9aee8b7e 00000011 00000000 00000000 00000000 00000000 00000201 00000101 00000000 00000000 00000000 00000000 00000000 00000000 00000000 00003333 00004ccd 00002667 00000001 00000000 03938700 000004f8
capture_snapshot GLI1 00010000 60000000 2500000 514 0 60000000 0 0 0 0 0 0 0 8eee4088 00000011 9af48a68 00000011 00804315 00000000 00804315 00000000 0000006a 00000000 00000000 00000000 0c065412 00000000 0080437f 00000000 00000000 00000000 00000000 00000039 008b3199 00000001 00000000 00000001 00000000 00000000 00000000 00000000 00000000 00000000 00000000 00000000 00000000 00000000 00000000 00000000 00000000 00000000 00000000 00000000 0dfb772e 0000001e 9af48a9a 00000011 00000000 00000000 00000000 00000000 00000201 00000100 00000000 00000000 00000000 00000000 00000000 00000000 00000000 00003333 00004ccd 00002667 00000001 00000000 03938700 000004f8
capture_snapshot GLI1 00010000 60000000 2500000 515 0 60000000 0 0 0 0 0 0 0 8eee4088 00000011 9afa8540 00000011 008082de 00000000 008082de 00000000 0000006a 00000000 00000000 00000000 0c0c4ed7 00000000 00808348 00000000 00000000 00000000 00000000 00000039 008b3199 00000001 00000000 00000001 00000000 00000000 00000000 00000000 00000000 00000000 00000000 00000000 00000000 00000000 00000000 00000000 00000000 00000000 00000000 00000000 0e056e63 0000001e 9afa855f 00000011 00000000 00000000 00000000 00000000 00000201 00000101 00000000 00000000 00000000 00000000 00000000 00000000 00000000 00003333 00004ccd 00002667 00000001 00000000 03938700 000004f8
capture_snapshot GLI1 00010000 60000000 2500000 516 0 60000000 0 0 0 0 0 0 0 8eee4088 00000011 9b009458 00000011 0080c37f 00000000 0080c37f 00000000 0000006a 00000000 00000000 00000000 0c125dfe 00000000 0080c3e9 00000000 00000000 00000000 00000000 00000039 008b3199 00000001 00000000 00000001 00000000 00000000 00000000 00000000 00000000 00000000 00000000 00000000 00000000 00000000 00000000 00000000 00000000 00000000 00000000 00000000 0e0f878f 0000001e 9b009486 00000011 00000000 00000000 00000000 00000000 00000201 00000101 00000000 00000000 00000000 00000000 00000000 00000000 00000000 00003333 00004ccd 00002667 00000001 00000000 03938700 000004f8
capture_snapshot GLI1 00010000 60000000 2500000 517 0 60000000 0 0 0 0 0 0 0 8eee4088 00000011 9b06a880 00000011 00810456 00000000 00810456 00000000 0000006a 00000000 00000000 00000000 0c18722a 00000000 008104c0 00000000 00000000 00000000 00000000 00000039 008b3199 00000001 00000000 00000001 00000000 00000000 00000000 00000000 00000000 00000000 00000000 00000000 00000000 00000000 00000000 00000000 00000000 00000000 00000000 00000000 0e19a91a 0000001e 9b06a8b2 00000011 00000000 00000000 00000000 00000000 00000201 00000101 00000000 00000000 00000000 00000000 00000000 00000000 00000000 00003333 00004ccd 00002667 00000001 00000000 03938700 000004f8
capture_snapshot GLI1 00010000 60000000 2500000 518 0 60000000 0 0 0 0 0 0 0 8eee4088 00000011 9b0c9f50 00000011 008143f4 00000000 008143f4 00000000 0000006a 00000000 00000000 00000000 0c1e68ee 00000000 0081445e 00000000 00000000 00000000 00000000 00000039 008b3199 00000001 00000000 00000001 00000000 00000000 00000000 00000000 00000000 00000000 00000000 00000000 00000000 00000000 00000000 00000000 00000000 00000000 00000000 00000000 0e2399a4 0000001e 9b0c9f76 00000011 00000000 00000000 00000000 00000000 00000201 00000101 00000000 00000000 00000000 00000000 00000000 00000000 00000000 00003333 00004ccd 00002667 00000001 00000000 03938700 000004f8
capture_snapshot GLI1 00010000 60000000 2500000 519 0 60000000 0 0 0 0 0 0 0 8eee4088 00000011 9b1288d0 00000011 00818304 00000000 00818304 00000000 0000006a 00000000 00000000 00000000 0c245273 00000000 0081836e 00000000 00000000 00000000 00000000 00000039 008b3199 00000001 00000000 00000001 00000000 00000000 00000000 00000000 00000000 00000000 00000000 00000000 00000000 00000000 00000000 00000000 00000000 00000000 00000000 00000000 0e2d7419 0000001e 9b1288fb 00000011 00000000 00000000 00000000 00000000 00000201 00000101 00000000 00000000 00000000 00000000 00000000 00000000 00000000 00003333 00004ccd 00002667 00000001 00000000 03938700 000004f8
capture_snapshot GLI1 00010000 60000000 2500000 520 0 60000000 0 0 0 0 0 0 0 8eee4088 00000011 9b1886a8 00000011 0081c2ed 00000000 0081c2ed 00000000 0000006a 00000000 00000000 00000000 0c2a504d 00000000 0081c357 00000000 00000000 00000000 00000000 00000039 008b3199 00000001 00000000 00000001 00000000 00000000 00000000 00000000 00000000 00000000 00000000 00000000 00000000 00000000 00000000 00000000 00000000 00000000 00000000 00000000 0e377070 0000001e 9b1886d5 00000011 00000000 00000000 00000000 00000000 00000202 00000100 00000000 00000000 00000000 00000000 00000000 00000000 00000000 00003333 00004ccd 00002667 00000001 00000000 03938700 000004f8
capture_snapshot GLI1 00010000 60000000 2500000 521 0 60000000 0 0 0 0 0 0 0 8eee4088 00000011 9b1e8618 00000011 008202e7 00000000 008202e7 00000000 0000006a 00000000 00000000 00000000 0c304fb6 00000000 00820351 00000000 00000000 00000000 00000000 00000039 008b3199 00000001 00000000 00000001 00000000 00000000 00000000 00000000 00000000 00000000 00000000 00000000 00000000 00000000 00000000 00000000 00000000 00000000 00000000 00000000 0e416f60 0000001e 9b1e863e 00000011 00000000 00000000 00000000 00000000 00000201 00000101 00000000 00000000 00000000 00000000 00000000 00000000 00000000 00003333 00004ccd 00002667 00000001 00000000 03938700 000004f8
capture_snapshot GLI1 00010000 60000000 2500000 522 0 60000000 0 0 0 0 0 0 0 8eee4088 00000011 9b248c18 00000011 00824327 00000000 00824327 00000000 0000006a 00000000 00000000 00000000 0c3655b8 00000000 00824391 00000000 00000000 00000000 00000000 00000039 008b3199 00000001 00000000 00000001 00000000 00000000 00000000 00000000 00000000 00000000 00000000 00000000 00000000 00000000 00000000 00000000 00000000 00000000 00000000 00000000 0e4b7951 0000001e 9b248c40 00000011 00000000 00000000 00000000 00000000 00000201 00000101 00000000 00000000 00000000 00000000 00000000 00000000 00000000 00003333 00004ccd 00002667 00000001 00000000 03938700 000004f8
capture_snapshot GLI1 00010000 60000000 2500000 523 0 60000000 0 0 0 0 0 0 0 8eee4088 00000011 9b2a78b0 00000011 00828258 00000000 00828258 00000000 0000006a 00000000 00000000 00000000 0c3c4246 00000000 008282c2 00000000 00000000 00000000 00000000 00000039 008b3199 00000001 00000000 00000001 00000000 00000000 00000000 00000000 00000000 00000000 00000000 00000000 00000000 00000000 00000000 00000000 00000000 00000000 00000000 00000000 0e5558d5 0000001e 9b2a78ce 00000011 00000000 00000000 00000000 00000000 00000201 00000101 00000000 00000000 00000000 00000000 00000000 00000000 00000000 00003333 00004ccd 00002667 00000001 00000000 03938700 000004f8
capture_snapshot GLI1 00010000 60000000 2500000 524 0 60000000 0 0 0 0 0 0 0 8eee4088 00000011 9b307f58 00000011 0082c29f 00000000 0082c29f 00000000 0000006a 00000000 00000000 00000000 0c424900 00000000 0082c309 00000000 00000000 00000000 00000000 00000039 008b3199 00000001 00000000 00000001 00000000 00000000 00000000 00000000 00000000 00000000 00000000 00000000 00000000 00000000 00000000 00000000 00000000 00000000 00000000 00000000 0e5f63f7 0000001e 9b307f88 00000011 00000000 00000000 00000000 00000000 00000202 00000100 00000000 00000000 00000000 00000000 00000000 00000000 00000000 00003333 00004ccd 00002667 00000001 00000000 03938700 000004f8
capture_snapshot GLI1 00010000 60000000 2500000 525 0 60000000 0 0 0 0 0 0 0 8eee4088 00000011 9b3691b8 00000011 00830363 00000000 00830363 00000000 0000006a 00000000 00000000 00000000 0c485b56 00000000 008303cd 00000000 00000000 00000000 00000000 00000039 008b3199 00000001 00000000 00000001 00000000 00000000 00000000 00000000 00000000 00000000 00000000 00000000 00000000 00000000 00000000 00000000 00000000 00000000 00000000 00000000 0e698272 0000001e 9b3691de 00000011 00000000 00000000 00000000 00000000 00000201 00000101 00000000 00000000 00000000 00000000 00000000 00000000 00000000 00003333 00004ccd 00002667 00000001 00000000 03938700 000004f8
capture_snapshot GLI1 00010000 60000000 2500000 526 0 60000000 0 0 0 0 0 0 0 8eee4088 00000011 9b3c9770 00000011 008343a0 00000000 008343a0 00000000 0000006a 00000000 00000000 00000000 0c4e610f 00000000 0083440a 00000000 00000000 00000000 00000000 00000039 008b3199 00000001 00000000 00000001 00000000 00000000 00000000 00000000 00000000 00000000 00000000 00000000 00000000 00000000 00000000 00000000 00000000 00000000 00000000 00000000 0e738be9 0000001e 9b3c9797 00000011 00000000 00000000 00000000 00000000 00000201 00000101 00000000 00000000 00000000 00000000 00000000 00000000 00000000 00003333 00004ccd 00002667 00000001 00000000 03938700 000004f8
capture_snapshot GLI1 00010000 60000000 2500000 527 0 60000000 0 0 0 0 0 0 0 8eee4088 00000011 9b428c18 00000011 00838327 00000000 00838327 00000000 0000006a 00000000 00000000 00000000 0c5455ad 00000000 00838391 00000000 00000000 00000000 00000000 00000039 008b3199 00000001 00000000 00000001 00000000 00000000 00000000 00000000 00000000 00000000 00000000 00000000 00000000 00000000 00000000 00000000 00000000 00000000 00000000 00000000 0e7d78dd 0000001e 9b428c35 00000011 00000000 00000000 00000000 00000000 00000201 00000101 00000000 00000000 00000000 00000000 00000000 00000000 00000000 00003333 00004ccd 00002667 00000001 00000000 03938700 000004f8
capture_snapshot GLI1 00010000 60000000 2500000 528 0 60000000 0 0 0 0 0 0 0 8eee4088 00000011 9b488828 00000011 0083c2fd 00000000 0083c2fd 00000000 0000006a 00000000 00000000 00000000 0c5a51c3 00000000 0083c367 00000000 00000000 00000000 00000000 00000039 008b3199 00000001 00000000 00000001 00000000 00000000 00000000 00000000 00000000 00000000 00000000 00000000 00000000 00000000 00000000 00000000 00000000 00000000 00000000 00000000 0e877244 0000001e 9b48884b 00000011 00000000 00000000 00000000 00000000 00000201 00000101 00000000 00000000 00000000 00000000 00000000 00000000 00000000 00003333 00004ccd 00002667 00000001 00000000 03938700 000004f8
capture_snapshot GLI1 00010000 60000000 2500000 529 0 60000000 0 0 0 0 0 0 0 8eee4088 00000011 9b4e87e0 00000011 008402fa 00000000 008402fa 00000000 0000006a 00000000 00000000 00000000 0c605179 00000000 00840364 00000000 00000000 00000000 00000000 00000039 008b3199 00000001 00000000 00000001 00000000 00000000 00000000 00000000 00000000 00000000 00000000 00000000 00000000 00000000 00000000 00000000 00000000 00000000 00000000 00000000 0e9171b5 0000001e 9b4e8801 00000011 00000000 00000000 00000000 00000000 00000201 00000101 00000000 00000000 00000000 00000000 00000000 00000000 00000000 00003333 00004ccd 00002667 00000001 00000000 03938700 000004f8
capture_snapshot GLI1 00010000 60000000 2500000 530 0 60000000 0 0 0 0 0 0 0 8eee4088 00000011 9b548888 00000011 00844301 00000000 00844301 00000000 0000006a 00000000 00000000 00000000 0c665233 00000000 0084436b 00000000 00000000 00000000 00000000 00000039 008b3199 00000001 00000000 00000001 00000000 00000000 00000000 00000000 00000000 00000000 00000000 00000000 00000000 00000000 00000000 00000000 00000000 00000000 00000000 00000000 0e9b72d6 0000001e 9b5488bb 00000011 00000000 00000000 00000000 00000000 00000201 00000101 00000000 00000000 00000000 00000000 00000000 00000000 00000000 00003333 00004ccd 00002667 00000001 00000000 03938700 000004f8
capture_snapshot GLI1 00010000 60000000 2500000 531 0 60000000 0 0 0 0 0 0 0 8eee4088 00000011 9b5a8ab0 00000011 00848318 00000000 00848318 00000000 0000006a 00000000 00000000 00000000 0c6c545a 00000000 00848382 00000000 00000000 00000000 00000000 00000039 008b3199 00000001 00000000 00000001 00000000 00000000 00000000 00000000 00000000 00000000 00000000 00000000 00000000 00000000 00000000 00000000 00000000 00000000 00000000 00000000 0ea5765a 0000001e 9b5a8ae2 00000011 00000000 00000000 00000000 00000000 00000201 00000101 00000000 00000000 00000000 00000000 00000000 00000000 00000000 00003333 00004ccd 00002667 00000001 00000000 03938700 000004f8
capture_snapshot GLI1 00010000 60000000 2500000 532 0 60000000 0 0 0 0 0 0 0 8eee4088 00000011 9b6086d8 00000011 0084c2ef 00000000 0084c2ef 00000000 0000006a 00000000 00000000 00000000 0c725077 00000000 0084c359 00000000 00000000 00000000 00000000 00000039 008b3199 00000001 00000000 00000001 00000000 00000000 00000000 00000000 00000000 00000000 00000000 00000000 00000000 00000000 00000000 00000000 00000000 00000000 00000000 00000000 0eaf6fcb 0000001e 9b6086ff 00000011 00000000 00000000 00000000 00000000 00000201 00000101 00000000 00000000 00000000 00000000 00000000 00000000 00000000 00003333 00004ccd 00002667 00000001 00000000 03938700 000004f8
capture_snapshot GLI1 00010000 60000000 2500000 533 0 60000000 0 0 0 0 0 0 0 8eee4088 00000011 9b668198 00000011 008502b7 00000000 008502b7 00000000 0000006a 00000000 00000000 00000000 0c784b3c 00000000 00850321 00000000 00000000 00000000 00000000 00000039 008b3199 00000001 00000000 00000001 00000000 00000000 00000000 00000000 00000000 00000000 00000000 00000000 00000000 00000000 00000000 00000000 00000000 00000000 00000000 00000000 0eb96701 0000001e 9b6681c4 00000011 00000000 00000000 00000000 00000000 00000201 00000101 00000000 00000000 00000000 00000000 00000000 00000000 00000000 00003333 00004ccd 00002667 00000001 00000000 03938700 000004f8
capture_snapshot GLI1 00010000 60000000 2500000 534 0 60000000 0 0 0 0 0 0 0 8eee4088 00000011 9b6c8eb8 00000011 00854343 00000000 00854343 00000000 0000006a 00000000 00000000 00000000 0c7e5857 00000000 008543ad 00000000 00000000 00000000 00000000 00000039 008b3199 00000001 00000000 00000001 00000000 00000000 00000000 00000000 00000000 00000000 00000000 00000000 00000000 00000000 00000000 00000000 00000000 00000000 00000000 00000000 0ec37cc5 0000001e 9b6c8edf 00000011 00000000 00000000 00000000 00000000 00000201 00000101 00000000 00000000 00000000 00000000 00000000 00000000 00000000 00003333 00004ccd 00002667 00000001 00000000 03938700 000004f8
capture_snapshot GLI1 00010000 60000000 2500000 535 0 60000000 0 0 0 0 0 0 0 8eee4088 00000011 9b729410 00000011 0085837c 00000000 0085837c 00000000 0000006a 00000000 00000000 00000000 0c845da8 00000000 008583e6 00000000 00000000 00000000 00000000 00000039 008b3199 00000001 00000000 00000001 00000000 00000000 00000000 00000000 00000000 00000000 00000000 00000000 00000000 00000000 00000000 00000000 00000000 00000000 00000000 00000000 0ecd858d 0000001e 9b729430 00000011 00000000 00000000 00000000 00000000 00000202 00000100 00000000 00000000 00000000 00000000 00000000 00000000 00000000 00003333 00004ccd 00002667 00000001 00000000 03938700 000004f8
capture_snapshot GLI1 00010000 60000000 2500000 536 0 60000000 0 0 0 0 0 0 0 8eee4088 00000011 9b78b450 00000011 0085c4d4 00000000 0085c4d4 00000000 0000006a 00000000 00000000 00000000 0c8a7df6 00000000 0085c53e 00000000 00000000 00000000 00000000 00000039 008b3199 00000001 00000000 00000001 00000000 00000000 00000000 00000000 00000000 00000000 00000000 00000000 00000000 00000000 00000000 00000000 00000000 00000000 00000000 00000000 0ed7bb51 0000001e 9b78b47e 00000011 00000000 00000000 00000000 00000000 00000201 00000101 00000000 00000000 00000000 00000000 00000000 00000000 00000000 00003333 00004ccd 00002667 00000001 00000000 03938700 000004f8
capture_snapshot GLI1 00010000 60000000 2500000 537 0 60000000 0 0 0 0 0 0 0 8eee4088 00000011 9b7e9980 00000011 008603b6 00000000 008603b6 00000000 0000006a 00000000 00000000 00000000 0c906319 00000000 00860420 00000000 00000000 00000000 00000000 00000039 008b3199 00000001 00000000 00000001 00000000 00000000 00000000 00000000 00000000 00000000 00000000 00000000 00000000 00000000 00000000 00000000 00000000 00000000 00000000 00000000 0ee18e77 0000001e 9b7e99a1 00000011 00000000 00000000 00000000 00000000 00000201 00000101 00000000 00000000 00000000 00000000 00000000 00000000 00000000 00003333 00004ccd 00002667 00000001 00000000 03938700 000004f8
capture_snapshot GLI1 00010000 60000000 2500000 538 0 60000000 0 0 0 0 0 0 0 8eee4088 00000011 9b8487e0 00000011 008642fa 00000000 008642fa 00000000 0000006a 00000000 00000000 00000000 0c96517c 00000000 00864364 00000000 00000000 00000000 00000000 00000039 008b3199 00000001 00000000 00000001 00000000 00000000 00000000 00000000 00000000 00000000 00000000 00000000 00000000 00000000 00000000 00000000 00000000 00000000 00000000 00000000 0eeb7109 0000001e 9b848804 00000011 00000000 00000000 00000000 00000000 00000201 00000101 00000000 00000000 00000000 00000000 00000000 00000000 00000000 00003333 00004ccd 00002667 00000001 00000000 03938700 000004f8
capture_snapshot GLI1 00010000 60000000 2500000 539 0 60000000 0 0 0 0 0 0 0 8eee4088 00000011 9b8a8cc0 00000011 0086832e 00000000 0086832e 00000000 0000006a 00000000 00000000 00000000 0c9c5667 00000000 00868398 00000000 00000000 00000000 00000000 00000039 008b3199 00000001 00000000 00000001 00000000 00000000 00000000 00000000 00000000 00000000 00000000 00000000 00000000 00000000 00000000 00000000 00000000 00000000 00000000 00000000 0ef57928 0000001e 9b8a8cef 00000011 00000000 00000000 00000000 00000000 00000202 00000101 00000000 00000000 00000000 00000000 00000000 00000000 00000000 00003333 00004ccd 00002667 00000001 00000000 03938700 000004f8
capture_snapshot GLI1 00010000 60000000 2500000 540 0 60000000 0 0 0 0 0 0 0 8eee4088 00000011 9b908a98 00000011 0086c317 00000000 0086c317 00000000 0000006a 00000000 00000000 00000000 0ca2542f 00000000 0086c381 00000000 00000000 00000000 00000000 00000039 008b3199 00000001 00000000 00000001 00000000 00000000 00000000 00000000 00000000 00000000 00000000 00000000 00000000 00000000 00000000 00000000 00000000 00000000 00000000 00000000 0eff7562 0000001e 9b908ab7 00000011 00000000 00000000 00000000 00000000 00000201 00000101 00000000 00000000 00000000 00000000 00000000 00000000 00000000 00003333 00004ccd 00002667 00000001 00000000 03938700 000004f8
capture_snapshot GLI1 00010000 60000000 2500000 541 0 60000000 0 0 0 0 0 0 0 8eee4088 00000011 9b9688d0 00000011 00870304 00000000 00870304 00000000 0000006a 00000000 00000000 00000000 0ca85270 00000000 0087036e 00000000 00000000 00000000 00000000 00000039 008b3199 00000001 00000000 00000001 00000000 00000000 00000000 00000000 00000000 00000000 00000000 00000000 00000000 00000000 00000000 00000000 00000000 00000000 00000000 00000000 0f097266 0000001e 9b9688f8 00000011 00000000 00000000 00000000 00000000 00000201 00000101 00000000 00000000 00000000 00000000 00000000 00000000 00000000 00003333 00004ccd 00002667 00000001 00000000 03938700 000004f8
capture_snapshot GLI1 00010000 60000000 2500000 542 0 60000000 0 0 0 0 0 0 0 8eee4088 00000011 9b9c8678 00000011 008742eb 00000000 008742eb 00000000 0000006a 00000000 00000000 00000000 0cae5013 00000000 00874355 00000000 00000000 00000000 00000000 00000039 008b3199 00000001 00000000 00000001 00000000 00000000 00000000 00000000 00000000 00000000 00000000 00000000 00000000 00000000 00000000 00000000 00000000 00000000 00000000 00000000 0f136e61 0000001e 9b9c869b 00000011 00000000 00000000 00000000 00000000 00000201 00000101 00000000 00000000 00000000 00000000 00000000 00000000 00000000 00003333 00004ccd 00002667 00000001 00000000 03938700 000004f8
capture_snapshot GLI1 00010000 60000000 2500000 543 0 60000000 0 0 0 0 0 0 0 8eee4088 00000011 9ba29050 00000011 00878354 00000000 00878354 00000000 0000006a 00000000 00000000 00000000 0cb459f9 00000000 008783be 00000000 00000000 00000000 00000000 00000039 008b3199 00000001 00000000 00000001 00000000 00000000 00000000 00000000 00000000 00000000 00000000 00000000 00000000 00000000 00000000 00000000 00000000 00000000 00000000 00000000 0f1d7ece 0000001e 9ba29081 00000011 00000000 00000000 00000000 00000000 00000201 00000101 00000000 00000000 00000000 00000000 00000000 00000000 00000000 00003333 00004ccd 00002667 00000001 00000000 03938700 000004f8
capture_snapshot GLI1 00010000 60000000 2500000 544 0 60000000 0 0 0 0 0 0 0 8eee4088 00000011 9ba88a50 00000011 0087c314 00000000 0087c314 00000000 0000006a 00000000 00000000 00000000 0cba53ec 00000000 0087c37e 00000000 00000000 00000000 00000000 00000039 008b3199 00000001 00000000 00000001 00000000 00000000 00000000 00000000 00000000 00000000 00000000 00000000 00000000 00000000 00000000 00000000 00000000 00000000 00000000 00000000 0f2774a4 0000001e 9ba88a74 00000011 00000000 00000000 00000000 00000000 00000202 00000101 00000000 00000000 00000000 00000000 00000000 00000000 00000000 00003333 00004ccd 00002667 00000001 00000000 03938700 000004f8
capture_snapshot GLI1 00010000 60000000 2500000 545 0 60000000 0 0 0 0 0 0 0 8eee4088 00000011 9bae9938 00000011 008803b3 00000000 008803b3 00000000 0000006a 00000000 00000000 00000000 0cc062da 00000000 0088041d 00000000 00000000 00000000 00000000 00000039 008b3199 00000001 00000000 00000001 00000000 00000000 00000000 00000000 00000000 00000000 00000000 00000000 00000000 00000000 00000000 00000000 00000000 00000000 00000000 00000000 0f318d72 0000001e 9bae9962 00000011 00000000 00000000 00000000 00000000 00000202 00000100 00000000 00000000 00000000 00000000 00000000 00000000 00000000 00003333 00004ccd 00002667 00000001 00000000 03938700 000004f8
capture_snapshot GLI1 00010000 60000000 2500000 546 0 60000000 0 0 0 0 0 0 0 8eee4088 00000011 9bb49560 00000011 0088438a 00000000 0088438a 00000000 0000006a 00000000 00000000 00000000 0cc65f03 00000000 008843f4 00000000 00000000 00000000 00000000 00000039 008b3199 00000001 00000000 00000001 00000000 00000000 00000000 00000000 00000000 00000000 00000000 00000000 00000000 00000000 00000000 00000000 00000000 00000000 00000000 00000000 0f3b86f8 0000001e 9bb4958b 00000011 00000000 00000000 00000000 00000000 00000201 00000101 00000000 00000000 00000000 00000000 00000000 00000000 00000000 00003333 00004ccd 00002667 00000001 00000000 03938700 000004f8
capture_snapshot GLI1 00010000 60000000 2500000 547 0 60000000 0 0 0 0 0 0 0 8eee4088 00000011 9bba8678 00000011 008882eb 00000000 008882ea 00000000 0000006a 00000000 00000000 00000000 0ccc500d 00000000 00888355 00000000 00000000 00000000 00000000 0000003b 008b3199 00000001 00000001 00000001 00000000 00000000 00000000 00000000 00000000 00000000 00000000 00000000 00000000 00000000 00000000 00000000 00000000 00000000 00000000 00000000 0f456df6 0000001e 9bba8695 00000011 00000000 00000000 00000000 00000000 00000201 00000100 00000000 00000000 00000000 00000000 00000000 00000000 00000000 00003333 00004ccd 00002667 00000001 00000000 03938700 000004f8
capture_snapshot GLI1 00010000 60000000 2500000 548 0 60000000 0 0 0 0 0 0 0 8eee4088 00000011 9bc08a50 00000011 0088c314 00000000 0088c314 00000000 0000006a 00000000 00000000 00000000 0cd253eb 00000000 0088c37e 00000000 00000000 00000000 00000000 00000039 008b3199 00000001 00000000 00000001 00000000 00000000 00000000 00000000 00000000 00000000 00000000 00000000 00000000 00000000 00000000 00000000 00000000 00000000 00000000 00000000 0f4f7455 0000001e 9bc08a73 00000011 00000000 00000000 00000000 00000000 00000201 00000101 00000000 00000000 00000000 00000000 00000000 00000000 00000000 00003333 00004ccd 00002667 00000001 00000000 03938700 000004f8
capture_snapshot GLI1 00010000 60000000 2500000 549 0 60000000 0 0 0 0 0 0 0 8eee4088 00000011 9bc688d0 00000011 00890304 00000000 00890304 00000000 0000006a 00000000 00000000 00000000 0cd85272 00000000 0089036e 00000000 00000000 00000000 00000000 00000039 008b3199 00000001 00000000 00000001 00000000 00000000 00000000 00000000 00000000 00000000 00000000 00000000 00000000 00000000 00000000 00000000 00000000 00000000 00000000 00000000 0f5971cc 0000001e 9bc688fa 00000011 00000000 00000000 00000000 00000000 00000201 00000101 00000000 00000000 00000000 00000000 00000000 00000000 00000000 00003333 00004ccd 00002667 00000001 00000000 03938700 000004f8
capture_snapshot GLI1 00010000 60000000 2500000 550 0 60000000 0 0 0 0 0 0 0 8eee4088 00000011 9bcc87c8 00000011 008942f9 00000000 008942f9 00000000 0000006a 00000000 00000000 00000000 0cde516c 00000000 00894363 00000000 00000000 00000000 00000000 00000039 008b3199 00000001 00000000 00000001 00000000 00000000 00000000 00000000 00000000 00000000 00000000 00000000 00000000 00000000 00000000 00000000 00000000 00000000 00000000 00000000 0f637004 0000001e 9bcc87f4 00000011 00000000 00000000 00000000 00000000 00000202 00000101 00000000 00000000 00000000 00000000 00000000 00000000 00000000 00003333 00004ccd 00002667 00000001 00000000 03938700 000004f8
capture_snapshot GLI1 00010000 60000000 2500000 551 0 60000000 0 0 0 0 0 0 0 8eee4088 00000011 9bd28630 00000011 008982e8 00000000 008982e8 00000000 0000006a 00000000 00000000 00000000 0ce44fc8 00000000 00898352 00000000 00000000 00000000 00000000 00000039 008b3199 00000001 00000000 00000001 00000000 00000000 00000000 00000000 00000000 00000000 00000000 00000000 00000000 00000000 00000000 00000000 00000000 00000000 00000000 00000000 0f6d6d35 0000001e 9bd28650 00000011 00000000 00000000 00000000 00000000 00000201 00000101 00000000 00000000 00000000 00000000 00000000 00000000 00000000 00003333 00004ccd 00002667 00000001 00000000 03938700 000004f8
capture_snapshot GLI1 00010000 60000000 2500000 552 0 60000000 0 0 0 0 0 0 0 8eee4088 00000011 9bd892a8 00000011 0089c36d 00000000 0089c36d 00000000 0000006a 00000000 00000000 00000000 0cea5c49 00000000 0089c3d7 00000000 00000000 00000000 00000000 00000039 008b3199 00000001 00000000 00000001 00000000 00000000 00000000 00000000 00000000 00000000 00000000 00000000 00000000 00000000 00000000 00000000 00000000 00000000 00000000 00000000 0f7781f8 0000001e 9bd892d1 00000011 00000000 00000000 00000000 00000000 00000201 00000100 00000000 00000000 00000000 00000000 00000000 00000000 00000000 00003333 00004ccd 00002667 00000001 00000000 03938700 000004f8
capture_snapshot GLI1 00010000 60000000 2500000 553 0 60000000 0 0 0 0 0 0 0 8eee4088 00000011 9bde8888 00000011 008a0301 00000000 008a0301 00000000 0000006a 00000000 00000000 00000000 0cf0522b 00000000 008a036b 00000000 00000000 00000000 00000000 00000039 008b3199 00000001 00000000 00000001 00000000 00000000 00000000 00000000 00000000 00000000 00000000 00000000 00000000 00000000 00000000 00000000 00000000 00000000 00000000 00000000 0f817108 0000001e 9bde88b3 00000011 00000000 00000000 00000000 00000000 00000201 00000100 00000000 00000000 00000000 00000000 00000000 00000000 00000000 00003333 00004ccd 00002667 00000001 00000000 03938700 000004f8
capture_snapshot GLI1 00010000 60000000 2500000 554 0 60000000 0 0 0 0 0 0 0 8eee4088 00000011 9be49158 00000011 008a435f 00000000 008a435f 00000000 0000006a 00000000 00000000 00000000 0cf65b04 00000000 008a43c9 00000000 00000000 00000000 00000000 00000039 008b3199 00000001 00000000 00000001 00000000 00000000 00000000 00000000 00000000 00000000 00000000 00000000 00000000 00000000 00000000 00000000 00000000 00000000 00000000 00000000 0f8b7fb4 0000001e 9be4918c 00000011 00000000 00000000 00000000 00000000 00000201 00000101 00000000 00000000 00000000 00000000 00000000 00000000 00000000 00003333 00004ccd 00002667 00000001 00000000 03938700 000004f8
capture_snapshot GLI1 00010000 60000000 2500000 555 0 60000000 0 0 0 0 0 0 0 8eee4088 00000011 9bea90c8 00000011 008a8359 00000000 008a8359 00000000 0000006a 00000000 00000000 00000000 0cfc5a69 00000000 008a83c3 00000000 00000000 00000000 00000000 00000039 008b3199 00000001 00000000 00000001 00000000 00000000 00000000 00000000 00000000 00000000 00000000 00000000 00000000 00000000 00000000 00000000 00000000 00000000 00000000 00000000 0f957e9e 0000001e 9bea90f1 00000011 00000000 00000000 00000000 00000000 00000201 00000101 00000000 00000000 00000000 00000000 00000000 00000000 00000000 00003333 00004ccd 00002667 00000001 00000000 03938700 000004f8
capture_snapshot GLI1 00010000 60000000 2500000 556 0 60000000 0 0 0 0 0 0 0 8eee4088 00000011 9bf09920 00000011 008ac3b2 00000000 008ac3b2 00000000 0000006a 00000000 00000000 00000000 0d0262ca 00000000 008ac41c 00000000 00000000 00000000 00000000 00000039 008b3199 00000001 00000000 00000001 00000000 00000000 00000000 00000000 00000000 00000000 00000000 00000000 00000000 00000000 00000000 00000000 00000000 00000000 00000000 00000000 0f9f8c81 0000001e 9bf09952 00000011 00000000 00000000 00000000 00000000 00000201 00000100 00000000 00000000 00000000 00000000 00000000 00000000 00000000 00003333 00004ccd 00002667 00000001 00000000 03938700 000004f8
capture_snapshot GLI1 00010000 60000000 2500000 557 0 60000000 0 0 0 0 0 0 0 8eee4088 00000011 9bf6a388 00000011 008b0421 00000000 008b0421 00000000 0000006a 00000000 00000000 00000000 0d086d22 00000000 008b048b 00000000 00000000 00000000 00000000 00000039 008b3199 00000001 00000000 00000001 00000000 00000000 00000000 00000000 00000000 00000000 00000000 00000000 00000000 00000000 00000000 00000000 00000000 00000000 00000000 00000000 0fa99daa 0000001e 9bf6a3aa 00000011 00000000 00000000 00000000 00000000 00000202 00000100 00000000 00000000 00000000 00000000 00000000 00000000 00000000 00003333 00004ccd 00002667 00000001 00000000 03938700 000004f8
capture_snapshot GLI1 00010000 60000000 2500000 558 0 60000000 0 0 0 0 0 0 0 8eee4088 00000011 9bfc8a50 00000011 008b4314 00000000 008b4314 00000000 0000006a 00000000 00000000 00000000 0d0e53f3 00000000 008b437e 00000000 00000000 00000000 00000000 00000039 008b3199 00000001 00000000 00000001 00000000 00000000 00000000 00000000 00000000 00000000 00000000 00000000 00000000 00000000 00000000 00000000 00000000 00000000 00000000 00000000 0fb3739e 0000001e 9bfc8a7b 00000011 00000000 00000000 00000000 00000000 00000202 00000101 00000000 00000000 00000000 00000000 00000000 00000000 00000000 00003333 00004ccd 00002667 00000001 00000000 03938700 000004f8
capture_snapshot GLI1 00010000 60000000 2500000 559 0 60000000 0 0 0 0 0 0 0 8eee4088 00000011 9c028678 00000011 008b82eb 00000000 008b82eb 00000000 0000006a 00000000 00000000 00000000 0d14500e 00000000 008b8355 00000000 00000000 00000000 00000000 00000039 008b3199 00000001 00000000 00000001 00000000 00000000 00000000 00000000 00000000 00000000 00000000 00000000 00000000 00000000 00000000 00000000 00000000 00000000 00000000 00000000 0fbd6d0d 0000001e 9c028696 00000011 00000000 00000000 00000000 00000000 00000201 00000100 00000000 00000000 00000000 00000000 00000000 00000000 00000000 00003333 00004ccd 00002667 00000001 00000000 03938700 000004f8
capture_snapshot GLI1 00010000 60000000 2500000 560 0 60000000 0 0 0 0 0 0 0 8eee4088 00000011 9c088690 00000011 008bc2ec 00000000 008bc2ec 00000000 0000006a 00000000 00000000 00000000 0d1a503c 00000000 008bc356 00000000 00000000 00000000 00000000 00000039 008b3199 00000001 00000000 00000001 00000000 00000000 00000000 00000000 00000000 00000000 00000000 00000000 00000000 00000000 00000000 00000000 00000000 00000000 00000000 00000000 0fc76d46 0000001e 9c0886c4 00000011 00000000 00000000 00000000 00000000 00000202 00000101 00000000 00000000 00000000 00000000 00000000 00000000 00000000 00003333 00004ccd 00002667 00000001 00000000 03938700 000004f8
capture_snapshot GLI1 00010000 60000000 2500000 561 0 60000000 0 0 0 0 0 0 0 8eee4088 00000011 9c0e90c8 00000011 008c0359 00000000 008c0359 00000000 0000006a 00000000 00000000 00000000 0d205a67 00000000 008c03c3 00000000 00000000 00000000 00000000 00000039 008b3199 00000001 00000000 00000001 00000000 00000000 00000000 00000000 00000000 00000000 00000000 00000000 00000000 00000000 00000000 00000000 00000000 00000000 00000000 00000000 0fd17e25 0000001e 9c0e90ef 00000011 00000000 00000000 00000000 00000000 00000201 00000101 00000000 00000000 00000000 00000000 00000000 00000000 00000000 00003333 00004ccd 00002667 00000001 00000000 03938700 000004f8
capture_snapshot GLI1 00010000 60000000 2500000 562 0 60000000 0 0 0 0 0 0 0 8eee4088 00000011 9c1486f0 00000011 008c42f0 00000000 008c42f0 00000000 0000006a 00000000 00000000 00000000 0d26508d 00000000 008c435a 00000000 00000000 00000000 00000000 00000039 008b3199 00000001 00000000 00000001 00000000 00000000 00000000 00000000 00000000 00000000 00000000 00000000 00000000 00000000 00000000 00000000 00000000 00000000 00000000 00000000 0fdb6da6 0000001e 9c148715 00000011 00000000 00000000 00000000 00000000 00000201 00000100 00000000 00000000 00000000 00000000 00000000 00000000 00000000 00003333 00004ccd 00002667 00000001 00000000 03938700 000004f8
capture_snapshot GLI1 00010000 60000000 2500000 563 0 60000000 0 0 0 0 0 0 0 8eee4088 00000011 9c1a8960 00000011 008c830a 00000000 008c830a 00000000 0000006a 00000000 00000000 00000000 0d2c5305 00000000 008c8374 00000000 00000000 00000000 00000000 00000039 008b3199 00000001 00000000 00000001 00000000 00000000 00000000 00000000 00000000 00000000 00000000 00000000 00000000 00000000 00000000 00000000 00000000 00000000 00000000 00000000 0fe571b0 0000001e 9c1a898d 00000011 00000000 00000000 00000000 00000000 00000201 00000100 00000000 00000000 00000000 00000000 00000000 00000000 00000000 00003333 00004ccd 00002667 00000001 00000000 03938700 000004f8
capture_snapshot GLI1 00010000 60000000 2500000 564 0 60000000 0 0 0 0 0 0 0 8eee4088 00000011 9c208720 00000011 008cc2f2 00000000 008cc2f2 00000000 0000006a 00000000 00000000 00000000 0d3250c0 00000000 008cc35c 00000000 00000000 00000000 00000000 00000039 008b3199 00000001 00000000 00000001 00000000 00000000 00000000 00000000 00000000 00000000 00000000 00000000 00000000 00000000 00000000 00000000 00000000 00000000 00000000 00000000 0fef6dd4 0000001e 9c208748 00000011 00000000 00000000 00000000 00000000 00000201 00000100 00000000 00000000 00000000 00000000 00000000 00000000 00000000 00003333 00004ccd 00002667 00000001 00000000 03938700 000004f8
capture_snapshot GLI1 00010000 60000000 2500000 565 0 60000000 0 0 0 0 0 0 0 8eee4088 00000011 9c269758 00000011 008d039f 00000000 008d039f 00000000 0000006a 00000000 00000000 00000000 0d386104 00000000 008d0409 00000000 00000000 00000000 00000000 00000039 008b3199 00000001 00000000 00000001 00000000 00000000 00000000 00000000 00000000 00000000 00000000 00000000 00000000 00000000 00000000 00000000 00000000 00000000 00000000 00000000 0ff988dd 0000001e 9c26978c 00000011 00000000 00000000 00000000 00000000 00000201 00000101 00000000 00000000 00000000 00000000 00000000 00000000 00000000 00003333 00004ccd 00002667 00000001 00000000 03938700 000004f8
capture_snapshot GLI1 00010000 60000000 2500000 566 0 60000000 0 0 0 0 0 0 0 8eee4088 00000011 9c2c9bf0 00000011 008d43d0 00000000 008d43d0 00000000 0000006a 00000000 00000000 00000000 0d3e658d 00000000 008d443a 00000000 00000000 00000000 00000000 00000039 008b3199 00000001 00000000 00000001 00000000 00000000 00000000 00000000 00000000 00000000 00000000 00000000 00000000 00000000 00000000 00000000 00000000 00000000 00000000 00000000 10039058 0000001e 9c2c9c15 00000011 00000000 00000000 00000000 00000000 00000201 00000101 00000000 00000000 00000000 00000000 00000000 00000000 00000000 00003333 00004ccd 00002667 00000001 00000000 03938700 000004f8
capture_snapshot GLI1 00010000 60000000 2500000 567 0 60000000 0 0 0 0 0 0 0 8eee4088 00000011 9c32a148 00000011 008d8409 00000000 008d8409 00000000 0000006a 00000000 00000000 00000000 0d446ade 00000000 008d8473 00000000 00000000 00000000 00000000 00000039 008b3199 00000001 00000000 00000001 00000000 00000000 00000000 00000000 00000000 00000000 00000000 00000000 00000000 00000000 00000000 00000000 00000000 00000000 00000000 00000000 100d9920 0000001e 9c32a166 00000011 00000000 00000000 00000000 00000000 00000202 00000101 00000000 00000000 00000000 00000000 00000000 00000000 00000000 00003333 00004ccd 00002667 00000001 00000000 03938700 000004f8
capture_snapshot GLI1 00010000 60000000 2500000 568 0 60000000 0 0 0 0 0 0 0 8eee4088 00000011 9c388828 00000011 008dc2fd 00000000 008dc2fd 00000000 0000006a 00000000 00000000 00000000 0d4a51cb 00000000 008dc367 00000000 00000000 00000000 00000000 00000039 008b3199 00000001 00000000 00000001 00000000 00000000 00000000 00000000 00000000 00000000 00000000 00000000 00000000 00000000 00000000 00000000 00000000 00000000 00000000 00000000 10176f42 0000001e 9c388853 00000011 00000000 00000000 00000000 00000000 00000201 00000101 00000000 00000000 00000000 00000000 00000000 00000000 00000000 00003333 00004ccd 00002667 00000001 00000000 03938700 000004f8
capture_snapshot GLI1 00010000 60000000 2500000 569 0 60000000 0 0 0 0 0 0 0 8eee4088 00000011 9c3e8768 00000011 008e02f5 00000000 008e02f5 00000000 0000006a 00000000 00000000 00000000 0d5050fe 00000000 008e035f 00000000 00000000 00000000 00000000 00000039 008b3199 00000001 00000000 00000001 00000000 00000000 00000000 00000000 00000000 00000000 00000000 00000000 00000000 00000000 00000000 00000000 00000000 00000000 00000000 00000000 10216dda 0000001e 9c3e8786 00000011 00000000 00000000 00000000 00000000 00000201 00000101 00000000 00000000 00000000 00000000 00000000 00000000 00000000 00003333 00004ccd 00002667 00000001 00000000 03938700 000004f8
capture_snapshot GLI1 00010000 60000000 2500000 570 0 60000000 0 0 0 0 0 0 0 8eee4088 00000011 9c447460 00000011 008e422a 00000000 008e422a 00000000 0000006a 00000000 00000000 00000000 0d563e09 00000000 008e4294 00000000 00000000 00000000 00000000 00000039 008b3199 00000001 00000000 00000001 00000000 00000000 00000000 00000000 00000000 00000000 00000000 00000000 00000000 00000000 00000000 00000000 00000000 00000000 00000000 00000000 102b4e2d 0000001e 9c447491 00000011 00000000 00000000 00000000 00000000 00000201 00000101 00000000 00000000 00000000 00000000 00000000 00000000 00000000 00003333 00004ccd 00002667 00000001 00000000 03938700 000004f8
capture_snapshot GLI1 00010000 60000000 2500000 571 0 60000000 0 0 0 0 0 0 0 8eee4088 00000011 9c4a6c38 00000011 008e81d3 00000000 008e81d3 00000000 0000006a 00000000 00000000 00000000 0d5c35e0 00000000 008e823d 00000000 00000000 00000000 00000000 00000039 008b3199 00000001 00000000 00000001 00000000 00000000 00000000 00000000 00000000 00000000 00000000 00000000 00000000 00000000 00000000 00000000 00000000 00000000 00000000 00000000 10354081 0000001e 9c4a6c68 00000011 00000000 00000000 00000000 00000000 00000201 00000100 00000000 00000000 00000000 00000000 00000000 00000000 00000000 00003333 00004ccd 00002667 00000001 00000000 03938700 000004f8
capture_snapshot GLI1 00010000 60000000 2500000 572 0 60000000 0 0 0 0 0 0 0 8eee4088 00000011 9c506ec0 00000011 008ec1ee 00000000 008ec1ee 00000000 0000006a 00000000 00000000 00000000 0d62386c 00000000 008ec258 00000000 00000000 00000000 00000000 00000039 008b3199 00000001 00000000 00000001 00000000 00000000 00000000 00000000 00000000 00000000 00000000 00000000 00000000 00000000 00000000 00000000 00000000 00000000 00000000 00000000 103f44ac 0000001e 9c506ef4 00000011 00000000 00000000 00000000 00000000 00000201 00000101 00000000 00000000 00000000 00000000 00000000 00000000 00000000 00003333 00004ccd 00002667 00000001 00000000 03938700 000004f8
capture_snapshot GLI1 00010000 60000000 2500000 573 0 60000000 0 0 0 0 0 0 0 8eee4088 00000011 9c567370 00000011 008f0220 00000000 008f0220 00000000 0000006a 00000000 00000000 00000000 0d683d15 00000000 008f028a 00000000 00000000 00000000 00000000 00000039 008b3199 00000001 00000000 00000001 00000000 00000000 00000000 00000000 00000000 00000000 00000000 00000000 00000000 00000000 00000000 00000000 00000000 00000000 00000000 00000000 10494c5d 0000001e 9c56739d 00000011 00000000 00000000 00000000 00000000 00000201 00000101 00000000 00000000 00000000 00000000 00000000 00000000 00000000 00003333 00004ccd 00002667 00000001 00000000 03938700 000004f8
capture_snapshot GLI1 00010000 60000000 2500000 574 0 60000000 0 0 0 0 0 0 0 8eee4088 00000011 9c5c66b0 00000011 008f4198 00000000 008f4197 00000000 0000006a 00000000 00000000 00000000 0d6e3044 00000000 008f4202 00000000 00000000 00000000 00000000 0000003b 008b3199 00000001 00000001 00000001 00000000 00000000 00000000 00000000 00000000 00000000 00000000 00000000 00000000 00000000 00000000 00000000 00000000 00000000 00000000 00000000 105336ee 0000001e 9c5c66cc 00000011 00000000 00000000 00000000 00000000 00000201 00000101 00000000 00000000 00000000 00000000 00000000 00000000 00000000 00003333 00004ccd 00002667 00000001 00000000 03938700 000004f8
capture_snapshot GLI1 00010000 60000000 2500000 575 0 60000000 0 0 0 0 0 0 0 8eee4088 00000011 9c626758 00000011 008f819f 00000000 008f819f 00000000 0000006a 00000000 00000000 00000000 0d7430fb 00000000 008f8209 00000000 00000000 00000000 00000000 00000039 008b3199 00000001 00000000 00000001 00000000 00000000 00000000 00000000 00000000 00000000 00000000 00000000 00000000 00000000 00000000 00000000 00000000 00000000 00000000 00000000 105d380a 0000001e 9c626783 00000011 00000000 00000000 00000000 00000000 00000202 00000101 00000000 00000000 00000000 00000000 00000000 00000000 00000000 00003333 00004ccd 00002667 00000001 00000000 03938700 000004f8
capture_snapshot GLI1 00010000 60000000 2500000 576 0 60000000 0 0 0 0 0 0 0 8eee4088 00000011 9c686518 00000011 008fc187 00000000 008fc187 00000000 0000006a 00000000 00000000 00000000 0d7a2eaf 00000000 008fc1f1 00000000 00000000 00000000 00000000 00000039 008b3199 00000001 00000000 00000001 00000000 00000000 00000000 00000000 00000000 00000000 00000000 00000000 00000000 00000000 00000000 00000000 00000000 00000000 00000000 00000000 10673424 0000001e 9c686537 00000011 00000000 00000000 00000000 00000000 00000201 00000101 00000000 00000000 00000000 00000000 00000000 00000000 00000000 00003333 00004ccd 00002667 00000001 00000000 03938700 000004f8
capture_snapshot GLI1 00010000 60000000 2500000 577 0 60000000 0 0 0 0 0 0 0 8eee4088 00000011 9c6e6428 00000011 0090017d 00000000 0090017d 00000000 0000006a 00000000 00000000 00000000 0d802dce 00000000 009001e7 00000000 00000000 00000000 00000000 00000039 008b3199 00000001 00000000 00000001 00000000 00000000 00000000 00000000 00000000 00000000 00000000 00000000 00000000 00000000 00000000 00000000 00000000 00000000 00000000 00000000 10713299 0000001e 9c6e6456 00000011 00000000 00000000 00000000 00000000 00000201 00000101 00000000 00000000 00000000 00000000 00000000 00000000 00000000 00003333 00004ccd 00002667 00000001 00000000 03938700 000004f8
capture_snapshot GLI1 00010000 60000000 2500000 578 0 60000000 0 0 0 0 0 0 0 8eee4088 00000011 9c746788 00000011 009041a1 00000000 009041a1 00000000 0000006a 00000000 00000000 00000000 0d863131 00000000 0090420b 00000000 00000000 00000000 00000000 00000039 008b3199 00000001 00000000 00000001 00000000 00000000 00000000 00000000 00000000 00000000 00000000 00000000 00000000 00000000 00000000 00000000 00000000 00000000 00000000 00000000 107b3829 0000001e 9c7467b9 00000011 00000000 00000000 00000000 00000000 00000201 00000101 00000000 00000000 00000000 00000000 00000000 00000000 00000000 00003333 00004ccd 00002667 00000001 00000000 03938700 000004f8
capture_snapshot GLI1 00010000 60000000 2500000 579 0 60000000 0 0 0 0 0 0 0 8eee4088 00000011 9c7a66c8 00000011 00908199 00000000 00908199 00000000 0000006a 00000000 00000000 00000000 0d8c3071 00000000 00908203 00000000 00000000 00000000 00000000 00000039 008b3199 00000001 00000000 00000001 00000000 00000000 00000000 00000000 00000000 00000000 00000000 00000000 00000000 00000000 00000000 00000000 00000000 00000000 00000000 00000000 108536d7 0000001e 9c7a66f9 00000011 00000000 00000000 00000000 00000000 00000201 00000101 00000000 00000000 00000000 00000000 00000000 00000000 00000000 00003333 00004ccd 00002667 00000001 00000000 03938700 000004f8
capture_snapshot GLI1 00010000 60000000 2500000 580 0 60000000 0 0 0 0 0 0 0 8eee4088 00000011 9c8064d0 00000011 0090c184 00000000 0090c184 00000000 0000006a 00000000 00000000 00000000 0d922e78 00000000 0090c1ee 00000000 00000000 00000000 00000000 00000039 008b3199 00000001 00000000 00000001 00000000 00000000 00000000 00000000 00000000 00000000 00000000 00000000 00000000 00000000 00000000 00000000 00000000 00000000 00000000 00000000 108f3379 0000001e 9c806500 00000011 00000000 00000000 00000000 00000000 00000201 00000100 00000000 00000000 00000000 00000000 00000000 00000000 00000000 00003333 00004ccd 00002667 00000001 00000000 03938700 000004f8
capture_snapshot GLI1 00010000 60000000 2500000 581 0 60000000 0 0 0 0 0 0 0 8eee4088 00000011 9c8666c8 00000011 00910199 00000000 00910199 00000000 0000006a 00000000 00000000 00000000 0d983067 00000000 00910203 00000000 00000000 00000000 00000000 00000039 008b3199 00000001 00000000 00000001 00000000 00000000 00000000 00000000 00000000 00000000 00000000 00000000 00000000 00000000 00000000 00000000 00000000 00000000 00000000 00000000 1099369f 0000001e 9c8666ef 00000011 00000000 00000000 00000000 00000000 00000201 00000101 00000000 00000000 00000000 00000000 00000000 00000000 00000000 00003333 00004ccd 00002667 00000001 00000000 03938700 000004f8
capture_snapshot GLI1 00010000 60000000 2500000 582 0 60000000 0 0 0 0 0 0 0 8eee4088 00000011 9c8c6638 00000011 00914193 00000000 00914193 00000000 0000006a 00000000 00000000 00000000 0d9e2fd4 00000000 009141fd 00000000 00000000 00000000 00000000 00000039 008b3199 00000001 00000000 00000001 00000000 00000000 00000000 00000000 00000000 00000000 00000000 00000000 00000000 00000000 00000000 00000000 00000000 00000000 00000000 00000000 10a33596 0000001e 9c8c665c 00000011 00000000 00000000 00000000 00000000 00000201 00000101 00000000 00000000 00000000 00000000 00000000 00000000 00000000 00003333 00004ccd 00002667 00000001 00000000 03938700 000004f8
capture_snapshot GLI1 00010000 60000000 2500000 583 0 60000000 0 0 0 0 0 0 0 8eee4088 00000011 9c9265c0 00000011 0091818e 00000000 0091818e 00000000 0000006a 00000000 00000000 00000000 0da42f5b 00000000 009181f8 00000000 00000000 00000000 00000000 00000039 008b3199 00000001 00000000 00000001 00000000 00000000 00000000 00000000 00000000 00000000 00000000 00000000 00000000 00000000 00000000 00000000 00000000 00000000 00000000 00000000 10ad34b8 0000001e 9c9265e3 00000011 00000000 00000000 00000000 00000000 00000201 00000101 00000000 00000000 00000000 00000000 00000000 00000000 00000000 00003333 00004ccd 00002667 00000001 00000000 03938700 000004f8
capture_snapshot GLI1 00010000 60000000 2500000 584 0 60000000 0 0 0 0 0 0 0 8eee4088 00000011 9c9867e8 00000011 0091c1a5 00000000 0091c1a5 00000000 0000006a 00000000 00000000 00000000 0daa3194 00000000 0091c20f 00000000 00000000 00000000 00000000 00000039 008b3199 00000001 00000000 00000001 00000000 00000000 00000000 00000000 00000000 00000000 00000000 00000000 00000000 00000000 00000000 00000000 00000000 00000000 00000000 00000000 10b7385a 0000001e 9c98681c 00000011 00000000 00000000 00000000 00000000 00000201 00000101 00000000 00000000 00000000 00000000 00000000 00000000 00000000 00003333 00004ccd 00002667 00000001 00000000 03938700 000004f8
capture_snapshot GLI1 00010000 60000000 2500000 585 0 60000000 0 0 0 0 0 0 0 8eee4088 00000011 9c9e6740 00000011 0092019e 00000000 0092019e 00000000 0000006a 00000000 00000000 00000000 0db030e3 00000000 00920208 00000000 00000000 00000000 00000000 00000039 008b3199 00000001 00000000 00000001 00000000 00000000 00000000 00000000 00000000 00000000 00000000 00000000 00000000 00000000 00000000 00000000 00000000 00000000 00000000 00000000 10c1371f 0000001e 9c9e676b 00000011 00000000 00000000 00000000 00000000 00000201 00000100 00000000 00000000 00000000 00000000 00000000 00000000 00000000 00003333 00004ccd 00002667 00000001 00000000 03938700 000004f8
capture_snapshot GLI1 00010000 60000000 2500000 586 0 60000000 0 0 0 0 0 0 0 8eee4088 00000011 9ca46548 00000011 00924189 00000000 00924189 00000000 0000006a 00000000 00000000 00000000 0db62ee4 00000000 009241f3 00000000 00000000 00000000 00000000 00000039 008b3199 00000001 00000000 00000001 00000000 00000000 00000000 00000000 00000000 00000000 00000000 00000000 00000000 00000000 00000000 00000000 00000000 00000000 00000000 00000000 10cb33b9 0000001e 9ca4656c 00000011 00000000 00000000 00000000 00000000 00000201 00000101 00000000 00000000 00000000 00000000 00000000 00000000 00000000 00003333 00004ccd 00002667 00000001 00000000 03938700 000004f8
capture_snapshot GLI1 00010000 60000000 2500000 587 0 60000000 0 0 0 0 0 0 0 8eee4088 00000011 9caa66c8 00000011 00928199 00000000 00928199 00000000 0000006a 00000000 00000000 00000000 0dbc3067 00000000 00928203 00000000 00000000 00000000 00000000 00000039 008b3199 00000001 00000000 00000001 00000000 00000000 00000000 00000000 00000000 00000000 00000000 00000000 00000000 00000000 00000000 00000000 00000000 00000000 00000000 00000000 10d5362a 0000001e 9caa66ef 00000011 00000000 00000000 00000000 00000000 00000201 00000101 00000000 00000000 00000000 00000000 00000000 00000000 00000000 00003333 00004ccd 00002667 00000001 00000000 03938700 000004f8
capture_snapshot GLI1 00010000 60000000 2500000 588 0 60000000 0 0 0 0 0 0 0 8eee4088 00000011 9cb06578 00000011 0092c18b 00000000 0092c18b 00000000 0000006a 00000000 00000000 00000000 0dc22f16 00000000 0092c1f5 00000000 00000000 00000000 00000000 00000039 008b3199 00000001 00000000 00000001 00000000 00000000 00000000 00000000 00000000 00000000 00000000 00000000 00000000 00000000 00000000 00000000 00000000 00000000 00000000 00000000 10df33e3 0000001e 9cb0659e 00000011 00000000 00000000 00000000 00000000 00000201 00000101 00000000 00000000 00000000 00000000 00000000 00000000 00000000 00003333 00004ccd 00002667 00000001 00000000 03938700 000004f8
capture_snapshot GLI1 00010000 60000000 2500000 589 0 60000000 0 0 0 0 0 0 0 8eee4088 00000011 9cb66530 00000011 00930188 00000000 00930188 00000000 0000006a 00000000 00000000 00000000 0dc82ed7 00000000 009301f2 00000000 00000000 00000000 00000000 00000039 008b3199 00000001 00000000 00000001 00000000 00000000 00000000 00000000 00000000 00000000 00000000 00000000 00000000 00000000 00000000 00000000 00000000 00000000 00000000 00000000 10e93368 0000001e 9cb6655f 00000011 00000000 00000000 00000000 00000000 00000201 00000101 00000000 00000000 00000000 00000000 00000000 00000000 00000000 00003333 00004ccd 00002667 00000001 00000000 03938700 000004f8
capture_snapshot GLI1 00010000 60000000 2500000 590 0 60000000 0 0 0 0 0 0 0 8eee4088 00000011 9cbc6800 00000011 009341a6 00000000 009341a6 00000000 0000006a 00000000 00000000 00000000 0dce319d 00000000 00934210 00000000 00000000 00000000 00000000 00000039 008b3199 00000001 00000000 00000001 00000000 00000000 00000000 00000000 00000000 00000000 00000000 00000000 00000000 00000000 00000000 00000000 00000000 00000000 00000000 00000000 10f337f3 0000001e 9cbc6825 00000011 00000000 00000000 00000000 00000000 00000202 00000100 00000000 00000000 00000000 00000000 00000000 00000000 00000000 00003333 00004ccd 00002667 00000001 00000000 03938700 000004f8
capture_snapshot GLI1 00010000 60000000 2500000 591 0 60000000 0 0 0 0 0 0 0 8eee4088 00000011 9cc265a8 00000011 0093818d 00000000 0093818d 00000000 0000006a 00000000 00000000 00000000 0dd42f43 00000000 009381f7 00000000 00000000 00000000 00000000 00000039 008b3199 00000001 00000000 00000001 00000000 00000000 00000000 00000000 00000000 00000000 00000000 00000000 00000000 00000000 00000000 00000000 00000000 00000000 00000000 00000000 10fd33f4 0000001e 9cc265cb 00000011 00000000 00000000 00000000 00000000 00000202 00000101 00000000 00000000 00000000 00000000 00000000 00000000 00000000 00003333 00004ccd 00002667 00000001 00000000 03938700 000004f8
capture_snapshot GLI1 00010000 60000000 2500000 592 0 60000000 0 0 0 0 0 0 0 8eee4088 00000011 9cc86530 00000011 0093c188 00000000 0093c188 00000000 0000006a 00000000 00000000 00000000 0dda2ecf 00000000 0093c1f2 00000000 00000000 00000000 00000000 00000039 008b3199 00000001 00000000 00000001 00000000 00000000 00000000 00000000 00000000 00000000 00000000 00000000 00000000 00000000 00000000 00000000 00000000 00000000 00000000 00000000 11073320 0000001e 9cc86557 00000011 00000000 00000000 00000000 00000000 00000201 00000101 00000000 00000000 00000000 00000000 00000000 00000000 00000000 00003333 00004ccd 00002667 00000001 00000000 03938700 000004f8
capture_snapshot GLI1 00010000 60000000 2500000 593 0 60000000 0 0 0 0 0 0 0 8eee4088 00000011 9cce66e0 00000011 0094019a 00000000 0094019a 00000000 0000006a 00000000 00000000 00000000 0de03077 00000000 00940204 00000000 00000000 00000000 00000000 00000039 008b3199 00000001 00000000 00000001 00000000 00000000 00000000 00000000 00000000 00000000 00000000 00000000 00000000 00000000 00000000 00000000 00000000 00000000 00000000 00000000 111135cf 0000001e 9cce66ff 00000011 00000000 00000000 00000000 00000000 00000201 00000101 00000000 00000000 00000000 00000000 00000000 00000000 00000000 00003333 00004ccd 00002667 00000001 00000000 03938700 000004f8
capture_snapshot GLI1 00010000 60000000 2500000 594 0 60000000 0 0 0 0 0 0 0 8eee4088 00000011 9cd466f8 00000011 0094419b 00000000 0094419b 00000000 0000006a 00000000 00000000 00000000 0de6309b 00000000 00944205 00000000 00000000 00000000 00000000 00000039 008b3199 00000001 00000000 00000001 00000000 00000000 00000000 00000000 00000000 00000000 00000000 00000000 00000000 00000000 00000000 00000000 00000000 00000000 00000000 00000000 111b35f7 0000001e 9cd46723 00000011 00000000 00000000 00000000 00000000 00000202 00000101 00000000 00000000 00000000 00000000 00000000 00000000 00000000 00003333 00004ccd 00002667 00000001 00000000 03938700 000004f8
capture_snapshot GLI1 00010000 60000000 2500000 595 0 60000000 0 0 0 0 0 0 0 8eee4088 00000011 9cda6578 00000011 0094818b 00000000 0094818b 00000000 0000006a 00000000 00000000 00000000 0dec2f13 00000000 009481f5 00000000 00000000 00000000 00000000 00000039 008b3199 00000001 00000000 00000001 00000000 00000000 00000000 00000000 00000000 00000000 00000000 00000000 00000000 00000000 00000000 00000000 00000000 00000000 00000000 00000000 11253356 0000001e 9cda659b 00000011 00000000 00000000 00000000 00000000 00000202 00000101 00000000 00000000 00000000 00000000 00000000 00000000 00000000 00003333 00004ccd 00002667 00000001 00000000 03938700 000004f8
capture_snapshot GLI1 00010000 60000000 2500000 596 0 60000000 0 0 0 0 0 0 0 8eee4088 00000011 9ce066e0 00000011 0094c19a 00000000 0094c19a 00000000 0000006a 00000000 00000000 00000000 0df23089 00000000 0094c204 00000000 00000000 00000000 00000000 00000039 008b3199 00000001 00000000 00000001 00000000 00000000 00000000 00000000 00000000 00000000 00000000 00000000 00000000 00000000 00000000 00000000 00000000 00000000 00000000 00000000 112f35b1 0000001e 9ce06711 00000011 00000000 00000000 00000000 00000000 00000201 00000101 00000000 00000000 00000000 00000000 00000000 00000000 00000000 00003333 00004ccd 00002667 00000001 00000000 03938700 000004f8
capture_snapshot GLI1 00010000 60000000 2500000 597 0 60000000 0 0 0 0 0 0 0 8eee4088 00000011 9ce666e0 00000011 0095019a 00000000 0095019a 00000000 0000006a 00000000 00000000 00000000 0df8308b 00000000 00950204 00000000 00000000 00000000 00000000 00000039 008b3199 00000001 00000000 00000001 00000000 00000000 00000000 00000000 00000000 00000000 00000000 00000000 00000000 00000000 00000000 00000000 00000000 00000000 00000000 00000000 113935a2 0000001e 9ce66713 00000011 00000000 00000000 00000000 00000000 00000201 00000100 00000000 00000000 00000000 00000000 00000000 00000000 00000000 00003333 00004ccd 00002667 00000001 00000000 03938700 000004f8
capture_snapshot GLI1 00010000 60000000 2500000 598 0 60000000 0 0 0 0 0 0 0 8eee4088 00000011 9cec68d8 00000011 009541af 00000000 009541af 00000000 0000006a 00000000 00000000 00000000 0dfe3276 00000000 00954219 00000000 00000000 00000000 00000000 00000039 008b3199 00000001 00000000 00000001 00000000 00000000 00000000 00000000 00000000 00000000 00000000 00000000 00000000 00000000 00000000 00000000 00000000 00000000 00000000 00000000 114338c0 0000001e 9cec68fe 00000011 00000000 00000000 00000000 00000000 00000201 00000101 00000000 00000000 00000000 00000000 00000000 00000000 00000000 00003333 00004ccd 00002667 00000001 00000000 03938700 000004f8
capture_snapshot GLI1 00010000 60000000 2500000 599 0 60000000 0 0 0 0 0 0 0 8eee4088 00000011 9cf267e8 00000011 009581a5 00000000 009581a5 00000000 0000006a 00000000 00000000 00000000 0e043184 00000000 0095820f 00000000 00000000 00000000 00000000 00000039 008b3199 00000001 00000000 00000001 00000000 00000000 00000000 00000000 00000000 00000000 00000000 00000000 00000000 00000000 00000000 00000000 00000000 00000000 00000000 00000000 114d371a 0000001e 9cf2680c 00000011 00000000 00000000 00000000 00000000 00000201 00000101 00000000 00000000 00000000 00000000 00000000 00000000 00000000 00003333 00004ccd 00002667 00000001 00000000 03938700 000004f8
capture_snapshot GLI1 00010000 60000000 2500000 600 0 60000000 0 0 0 0 0 0 0 8eee4088 00000011 9cf86500 00000011 0095c186 00000000 0095c186 00000000 0000006a 00000000 00000000 00000000 0e0a2ea9 00000000 0095c1f0 00000000 00000000 00000000 00000000 00000039 008b3199 00000001 00000000 00000001 00000000 00000000 00000000 00000000 00000000 00000000 00000000 00000000 00000000 00000000 00000000 00000000 00000000 00000000 00000000 00000000 11573243 0000001e 9cf86531 00000011 00000000 00000000 00000000 00000000 00000201 00000101 00000000 00000000 00000000 00000000 00000000 00000000 00000000 00003333 00004ccd 00002667 00000001 00000000 03938700 000004f8
capture_snapshot GLI1 00010000 60000000 2500000 601 0 60000000 0 0 0 0 0 0 0 8eee4088 00000011 9cfe6638 00000011 00960193 00000000 00960193 00000000 0000006a 00000000 00000000 00000000 0e102fd8 00000000 009601fd 00000000 00000000 00000000 00000000 00000039 008b3199 00000001 00000000 00000001 00000000 00000000 00000000 00000000 00000000 00000000 00000000 00000000 00000000 00000000 00000000 00000000 00000000 00000000 00000000 00000000 11613429 0000001e 9cfe6660 00000011 00000000 00000000 00000000 00000000 00000202 00000100 00000000 00000000 00000000 00000000 00000000 00000000 00000000 00003333 00004ccd 00002667 00000001 00000000 03938700 000004f8
capture_snapshot GLI1 00010000 60000000 2500000 602 0 60000000 0 0 0 0 0 0 0 8eee4088 00000011 9d046638 00000011 00964193 00000000 00964193 00000000 0000006a 00000000 00000000 00000000 0e162fd3 00000000 009641fd 00000000 00000000 00000000 00000000 00000039 008b3199 00000001 00000000 00000001 00000000 00000000 00000000 00000000 00000000 00000000 00000000 00000000 00000000 00000000 00000000 00000000 00000000 00000000 00000000 00000000 116b340d 0000001e 9d04665b 00000011 00000000 00000000 00000000 00000000 00000201 00000101 00000000 00000000 00000000 00000000 00000000 00000000 00000000 00003333 00004ccd 00002667 00000001 00000000 03938700 000004f8
capture_snapshot GLI1 00010000 60000000 2500000 603 0 60000000 0 0 0 0 0 0 0 8eee4088 00000011 9d0a65a8 00000011 0096818d 00000000 0096818d 00000000 0000006a 00000000 00000000 00000000 0e1c2f4d 00000000 009681f7 00000000 00000000 00000000 00000000 00000039 008b3199 00000001 00000000 00000001 00000000 00000000 00000000 00000000 00000000 00000000 00000000 00000000 00000000 00000000 00000000 00000000 00000000 00000000 00000000 00000000 1175331b 0000001e 9d0a65d5 00000011 00000000 00000000 00000000 00000000 00000201 00000101 00000000 00000000 00000000 00000000 00000000 00000000 00000000 00003333 00004ccd 00002667 00000001 00000000 03938700 000004f8
capture_snapshot GLI1 00010000 60000000 2500000 604 0 60000000 0 0 0 0 0 0 0 8eee4088 00000011 9d106728 00000011 0096c19d 00000000 0096c19d 00000000 0000006a 00000000 00000000 00000000 0e2230bf 00000000 0096c207 00000000 00000000 00000000 00000000 00000039 008b3199 00000001 00000000 00000001 00000000 00000000 00000000 00000000 00000000 00000000 00000000 00000000 00000000 00000000 00000000 00000000 00000000 00000000 00000000 00000000 117f356f 0000001e 9d106747 00000011 00000000 00000000 00000000 00000000 00000201 00000101 00000000 00000000 00000000 00000000 00000000 00000000 00000000 00003333 00004ccd 00002667 00000001 00000000 03938700 000004f8
capture_snapshot GLI1 00010000 60000000 2500000 605 0 60000000 0 0 0 0 0 0 0 8eee4088 00000011 9d166740 00000011 0097019e 00000000 0097019e 00000000 0000006a 00000000 00000000 00000000 0e2830db 00000000 00970208 00000000 00000000 00000000 00000000 00000039 008b3199 00000001 00000000 00000001 00000000 00000000 00000000 00000000 00000000 00000000 00000000 00000000 00000000 00000000 00000000 00000000 00000000 00000000 00000000 00000000 1189358a 0000001e 9d166763 00000011 00000000 00000000 00000000 00000000 00000201 00000101 00000000 00000000 00000000 00000000 00000000 00000000 00000000 00003333 00004ccd 00002667 00000001 00000000 03938700 000004f8
capture_snapshot GLI1 00010000 60000000 2500000 606 0 60000000 0 0 0 0 0 0 0 8eee4088 00000011 9d1c6470 00000011 00974180 00000000 00974180 00000000 0000006a 00000000 00000000 00000000 0e2e2e12 00000000 009741ea 00000000 00000000 00000000 00000000 00000039 008b3199 00000001 00000000 00000001 00000000 00000000 00000000 00000000 00000000 00000000 00000000 00000000 00000000 00000000 00000000 00000000 00000000 00000000 00000000 00000000 119330d3 0000001e 9d1c649a 00000011 00000000 00000000 00000000 00000000 00000201 00000100 00000000 00000000 00000000 00000000 00000000 00000000 00000000 00003333 00004ccd 00002667 00000001 00000000 03938700 000004f8
capture_snapshot GLI1 00010000 60000000 2500000 607 0 60000000 0 0 0 0 0 0 0 8eee4088 00000011 9d2265a8 00000011 0097818d 00000000 0097818d 00000000 0000006a 00000000 00000000 00000000 0e342f4e 00000000 009781f7 00000000 00000000 00000000 00000000 00000039 008b3199 00000001 00000000 00000001 00000000 00000000 00000000 00000000 00000000 00000000 00000000 00000000 00000000 00000000 00000000 00000000 00000000 00000000 00000000 00000000 119d32cd 0000001e 9d2265d6 00000011 00000000 00000000 00000000 00000000 00000201 00000101 00000000 00000000 00000000 00000000 00000000 00000000 00000000 00003333 00004ccd 00002667 00000001 00000000 03938700 000004f8
capture_snapshot GLI1 00010000 60000000 2500000 608 0 60000000 0 0 0 0 0 0 0 8eee4088 00000011 9d286698 00000011 0097c197 00000000 0097c197 00000000 0000006a 00000000 00000000 00000000 0e3a3032 00000000 0097c201 00000000 00000000 00000000 00000000 00000039 008b3199 00000001 00000000 00000001 00000000 00000000 00000000 00000000 00000000 00000000 00000000 00000000 00000000 00000000 00000000 00000000 00000000 00000000 00000000 00000000 11a73437 0000001e 9d2866ba 00000011 00000000 00000000 00000000 00000000 00000201 00000101 00000000 00000000 00000000 00000000 00000000 00000000 00000000 00003333 00004ccd 00002667 00000001 00000000 03938700 000004f8
capture_snapshot GLI1 00010000 60000000 2500000 609 0 60000000 0 0 0 0 0 0 0 8eee4088 00000011 9d2e65f0 00000011 00980190 00000000 00980190 00000000 0000006a 00000000 00000000 00000000 0e402f93 00000000 009801fa 00000000 00000000 00000000 00000000 00000039 008b3199 00000001 00000000 00000001 00000000 00000000 00000000 00000000 00000000 00000000 00000000 00000000 00000000 00000000 00000000 00000000 00000000 00000000 00000000 00000000 11b1331a 0000001e 9d2e661b 00000011 00000000 00000000 00000000 00000000 00000201 00000100 00000000 00000000 00000000 00000000 00000000 00000000 00000000 00003333 00004ccd 00002667 00000001 00000000 03938700 000004f8
capture_snapshot GLI1 00010000 60000000 2500000 610 0 60000000 0 0 0 0 0 0 0 8eee4088 00000011 9d3466b0 00000011 00984198 00000000 00984198 00000000 0000006a 00000000 00000000 00000000 0e463057 00000000 00984202 00000000 00000000 00000000 00000000 00000039 008b3199 00000001 00000000 00000001 00000000 00000000 00000000 00000000 00000000 00000000 00000000 00000000 00000000 00000000 00000000 00000000 00000000 00000000 00000000 00000000 11bb344e 0000001e 9d3466df 00000011 00000000 00000000 00000000 00000000 00000201 00000101 00000000 00000000 00000000 00000000 00000000 00000000 00000000 00003333 00004ccd 00002667 00000001 00000000 03938700 000004f8
capture_snapshot GLI1 00010000 60000000 2500000 611 0 60000000 0 0 0 0 0 0 0 8eee4088 00000011 9d3a66e0 00000011 0098819a 00000000 0098819a 00000000 0000006a 00000000 00000000 00000000 0e4c307b 00000000 00988204 00000000 00000000 00000000 00000000 00000039 008b3199 00000001 00000000 00000001 00000000 00000000 00000000 00000000 00000000 00000000 00000000 00000000 00000000 00000000 00000000 00000000 00000000 00000000 00000000 00000000 11c53475 0000001e 9d3a6703 00000011 00000000 00000000 00000000 00000000 00000201 00000101 00000000 00000000 00000000 00000000 00000000 00000000 00000000 00003333 00004ccd 00002667 00000001 00000000 03938700 000004f8
capture_snapshot GLI1 00010000 60000000 2500000 612 0 60000000 0 0 0 0 0 0 0 8eee4088 00000011 9d406560 00000011 0098c18a 00000000 0098c18a 00000000 0000006a 00000000 00000000 00000000 0e522f03 00000000 0098c1f4 00000000 00000000 00000000 00000000 00000039 008b3199 00000001 00000000 00000001 00000000 00000000 00000000 00000000 00000000 00000000 00000000 00000000 00000000 00000000 00000000 00000000 00000000 00000000 00000000 00000000 11cf31f0 0000001e 9d40658b 00000011 00000000 00000000 00000000 00000000 00000201 00000101 00000000 00000000 00000000 00000000 00000000 00000000 00000000 00003333 00004ccd 00002667 00000001 00000000 03938700 000004f8
capture_snapshot GLI1 00010000 60000000 2500000 613 0 60000000 0 0 0 0 0 0 0 8eee4088 00000011 9d4667b8 00000011 009901a3 00000000 009901a3 00000000 0000006a 00000000 00000000 00000000 0e583158 00000000 0099020d 00000000 00000000 00000000 00000000 00000039 008b3199 00000001 00000000 00000001 00000000 00000000 00000000 00000000 00000000 00000000 00000000 00000000 00000000 00000000 00000000 00000000 00000000 00000000 00000000 00000000 11d935bf 0000001e 9d4667e0 00000011 00000000 00000000 00000000 00000000 00000201 00000100 00000000 00000000 00000000 00000000 00000000 00000000 00000000 00003333 00004ccd 00002667 00000001 00000000 03938700 000004f8
capture_snapshot GLI1 00010000 60000000 2500000 614 0 60000000 0 0 0 0 0 0 0 8eee4088 00000011 9d4c6740 00000011 0099419e 00000000 0099419e 00000000 0000006a 00000000 00000000 00000000 0e5e30e4 00000000 00994208 00000000 00000000 00000000 00000000 00000039 008b3199 00000001 00000000 00000001 00000000 00000000 00000000 00000000 00000000 00000000 00000000 00000000 00000000 00000000 00000000 00000000 00000000 00000000 00000000 00000000 11e334ea 0000001e 9d4c676c 00000011 00000000 00000000 00000000 00000000 00000201 00000101 00000000 00000000 00000000 00000000 00000000 00000000 00000000 00003333 00004ccd 00002667 00000001 00000000 03938700 000004f8
capture_snapshot GLI1 00010000 60000000 2500000 615 0 60000000 0 0 0 0 0 0 0 8eee4088 00000011 9d526560 00000011 0099818a 00000000 0099818a 00000000 0000006a 00000000 00000000 00000000 0e642f0c 00000000 009981f4 00000000 00000000 00000000 00000000 00000039 008b3199 00000001 00000000 00000001 00000000 00000000 00000000 00000000 00000000 00000000 00000000 00000000 00000000 00000000 00000000 00000000 00000000 00000000 00000000 00000000 11ed31c3 0000001e 9d526594 00000011 00000000 00000000 00000000 00000000 00000201 00000101 00000000 00000000 00000000 00000000 00000000 00000000 00000000 00003333 00004ccd 00002667 00000001 00000000 03938700 000004f8
capture_snapshot GLI1 00010000 60000000 2500000 616 0 60000000 0 0 0 0 0 0 0 8eee4088 00000011 9d586698 00000011 0099c197 00000000 0099c197 00000000 0000006a 00000000 00000000 00000000 0e6a3041 00000000 0099c201 00000000 00000000 00000000 00000000 00000039 008b3199 00000001 00000000 00000001 00000000 00000000 00000000 00000000 00000000 00000000 00000000 00000000 00000000 00000000 00000000 00000000 00000000 00000000 00000000 00000000 11f733b4 0000001e 9d5866c9 00000011 00000000 00000000 00000000 00000000 00000201 00000101 00000000 00000000 00000000 00000000 00000000 00000000 00000000 00003333 00004ccd 00002667 00000001 00000000 03938700 000004f8
capture_snapshot GLI1 00010000 60000000 2500000 617 0 60000000 0 0 0 0 0 0 0 8eee4088 00000011 9d5e66f8 00000011 009a019b 00000000 009a019b 00000000 0000006a 00000000 00000000 00000000 0e70309c 00000000 009a0205 00000000 00000000 00000000 00000000 00000039 008b3199 00000001 00000000 00000001 00000000 00000000 00000000 00000000 00000000 00000000 00000000 00000000 00000000 00000000 00000000 00000000 00000000 00000000 00000000 00000000 12013438 0000001e 9d5e6724 00000011 00000000 00000000 00000000 00000000 00000201 00000101 00000000 00000000 00000000 00000000 00000000 00000000 00000000 00003333 00004ccd 00002667 00000001 00000000 03938700 000004f8
capture_snapshot GLI1 00010000 60000000 2500000 618 0 60000000 0 0 0 0 0 0 0 8eee4088 00000011 9d646488 00000011 009a4181 00000000 009a4181 00000000 0000006a 00000000 00000000 00000000 0e762e2a 00000000 009a41eb 00000000 00000000 00000000 00000000 00000039 008b3199 00000001 00000000 00000001 00000000 00000000 00000000 00000000 00000000 00000000 00000000 00000000 00000000 00000000 00000000 00000000 00000000 00000000 00000000 00000000 120b3011 0000001e 9d6464b2 00000011 00000000 00000000 00000000 00000000 00000201 00000101 00000000 00000000 00000000 00000000 00000000 00000000 00000000 00003333 00004ccd 00002667 00000001 00000000 03938700 000004f8
capture_snapshot GLI1 00010000 60000000 2500000 619 0 60000000 0 0 0 0 0 0 0 8eee4088 00000011 9d6a66e0 00000011 009a819a 00000000 009a819a 00000000 0000006a 00000000 00000000 00000000 0e7c307b 00000000 009a8204 00000000 00000000 00000000 00000000 00000039 008b3199 00000001 00000000 00000001 00000000 00000000 00000000 00000000 00000000 00000000 00000000 00000000 00000000 00000000 00000000 00000000 00000000 00000000 00000000 00000000 121533da 0000001e 9d6a6703 00000011 00000000 00000000 00000000 00000000 00000201 00000101 00000000 00000000 00000000 00000000 00000000 00000000 00000000 00003333 00004ccd 00002667 00000001 00000000 03938700 000004f8
capture_snapshot GLI1 00010000 60000000 2500000 620 0 60000000 0 0 0 0 0 0 0 8eee4088 00000011 9d7066e0 00000011 009ac19a 00000000 009ac19a 00000000 0000006a 00000000 00000000 00000000 0e823084 00000000 009ac204 00000000 00000000 00000000 00000000 00000039 008b3199 00000001 00000000 00000001 00000000 00000000 00000000 00000000 00000000 00000000 00000000 00000000 00000000 00000000 00000000 00000000 00000000 00000000 00000000 00000000 121f33d4 0000001e 9d70670c 00000011 00000000 00000000 00000000 00000000 00000201 00000101 00000000 00000000 00000000 00000000 00000000 00000000 00000000 00003333 00004ccd 00002667 00000001 00000000 03938700 000004f8
capture_snapshot GLI1 00010000 60000000 2500000 621 0 60000000 0 0 0 0 0 0 0 8eee4088 00000011 9d766578 00000011 009b018b 00000000 009b018b 00000000 0000006a 00000000 00000000 00000000 0e882f21 00000000 009b01f5 00000000 00000000 00000000 00000000 00000039 008b3199 00000001 00000000 00000001 00000000 00000000 00000000 00000000 00000000 00000000 00000000 00000000 00000000 00000000 00000000 00000000 00000000 00000000 00000000 00000000 12293172 0000001e 9d7665a9 00000011 00000000 00000000 00000000 00000000 00000201 00000101 00000000 00000000 00000000 00000000 00000000 00000000 00000000 00003333 00004ccd 00002667 00000001 00000000 03938700 000004f8
capture_snapshot GLI1 00010000 60000000 2500000 622 0 60000000 0 0 0 0 0 0 0 8eee4088 00000011 9d7c69b0 00000011 009b41b8 00000000 009b41b8 00000000 0000006a 00000000 00000000 00000000 0e8e3354 00000000 009b4222 00000000 00000000 00000000 00000000 00000039 008b3199 00000001 00000000 00000001 00000000 00000000 00000000 00000000 00000000 00000000 00000000 00000000 00000000 00000000 00000000 00000000 00000000 00000000 00000000 00000000 1233385d 0000001e 9d7c69dc 00000011 00000000 00000000 00000000 00000000 00000201 00000101 00000000 00000000 00000000 00000000 00000000 00000000 00000000 00003333 00004ccd 00002667 00000001 00000000 03938700 000004f8
capture_snapshot GLI1 00010000 60000000 2500000 623 0 60000000 0 0 0 0 0 0 0 8eee4088 00000011 9d826a58 00000011 009b81bf 00000000 009b81bf 00000000 0000006a 00000000 00000000 00000000 0e943401 00000000 009b8229 00000000 00000000 00000000 00000000 00000039 008b3199 00000001 00000000 00000001 00000000 00000000 00000000 00000000 00000000 00000000 00000000 00000000 00000000 00000000 00000000 00000000 00000000 00000000 00000000 00000000 123d396a 0000001e 9d826a89 00000011 00000000 00000000 00000000 00000000 00000202 00000101 00000000 00000000 00000000 00000000 00000000 00000000 00000000 00003333 00004ccd 00002667 00000001 00000000 03938700 000004f8
capture_snapshot GLI1 00010000 60000000 2500000 624 0 60000000 0 0 0 0 0 0 0 8eee4088 00000011 9d8867a0 00000011 009bc1a2 00000000 009bc1a2 00000000 0000006a 00000000 00000000 00000000 0e9a3142 00000000 009bc20c 00000000 00000000 00000000 00000000 00000039 008b3199 00000001 00000000 00000001 00000000 00000000 00000000 00000000 00000000 00000000 00000000 00000000 00000000 00000000 00000000 00000000 00000000 00000000 00000000 00000000 124734c3 0000001e 9d8867ca 00000011 00000000 00000000 00000000 00000000 00000202 00000100 00000000 00000000 00000000 00000000 00000000 00000000 00000000 00003333 00004ccd 00002667 00000001 00000000 03938700 000004f8
capture_snapshot GLI1 00010000 60000000 2500000 625 0 60000000 0 0 0 0 0 0 0 8eee4088 00000011 9d8e66b0 00000011 009c0198 00000000 009c0198 00000000 0000006a 00000000 00000000 00000000 0ea03052 00000000 009c0202 00000000 00000000 00000000 00000000 00000039 008b3199 00000001 00000000 00000001 00000000 00000000 00000000 00000000 00000000 00000000 00000000 00000000 00000000 00000000 00000000 00000000 00000000 00000000 00000000 00000000 12513320 0000001e 9d8e66da 00000011 00000000 00000000 00000000 00000000 00000201 00000101 00000000 00000000 00000000 00000000 00000000 00000000 00000000 00003333 00004ccd 00002667 00000001 00000000 03938700 000004f8
capture_snapshot GLI1 00010000 60000000 2500000 626 0 60000000 0 0 0 0 0 0 0 8eee4088 00000011 9d9466b0 00000011 009c4198 00000000 009c4198 00000000 0000006a 00000000 00000000 00000000 0ea63046 00000000 009c4202 00000000 00000000 00000000 00000000 00000039 008b3199 00000001 00000000 00000001 00000000 00000000 00000000 00000000 00000000 00000000 00000000 00000000 00000000 00000000 00000000 00000000 00000000 00000000 00000000 00000000 125b32f7 0000001e 9d9466ce 00000011 00000000 00000000 00000000 00000000 00000201 00000101 00000000 00000000 00000000 00000000 00000000 00000000 00000000 00003333 00004ccd 00002667 00000001 00000000 03938700 000004f8
capture_snapshot GLI1 00010000 60000000 2500000 627 0 60000000 0 0 0 0 0 0 0 8eee4088 00000011 9d9a6698 00000011 009c8197 00000000 009c8197 00000000 0000006a 00000000 00000000 00000000 0eac3041 00000000 009c8201 00000000 00000000 00000000 00000000 00000039 008b3199 00000001 00000000 00000001 00000000 00000000 00000000 00000000 00000000 00000000 00000000 00000000 00000000 00000000 00000000 00000000 00000000 00000000 00000000 00000000 126532dd 0000001e 9d9a66c9 00000011 00000000 00000000 00000000 00000000 00000201 00000101 00000000 00000000 00000000 00000000 00000000 00000000 00000000 00003333 00004ccd 00002667 00000001 00000000 03938700 000004f8
capture_snapshot GLI1 00010000 60000000 2500000 628 0 60000000 0 0 0 0 0 0 0 8eee4088 00000011 9da067b8 00000011 009cc1a3 00000000 009cc1a3 00000000 0000006a 00000000 00000000 00000000 0eb2314e 00000000 009cc20d 00000000 00000000 00000000 00000000 00000039 008b3199 00000001 00000000 00000001 00000000 00000000 00000000 00000000 00000000 00000000 00000000 00000000 00000000 00000000 00000000 00000000 00000000 00000000 00000000 00000000 126f3488 0000001e 9da067d6 00000011 00000000 00000000 00000000 00000000 00000201 00000101 00000000 00000000 00000000 00000000 00000000 00000000 00000000 00003333 00004ccd 00002667 00000001 00000000 03938700 000004f8
capture_snapshot GLI1 00010000 60000000 2500000 629 0 60000000 0 0 0 0 0 0 0 8eee4088 00000011 9da667d0 00000011 009d01a4 00000000 009d01a4 00000000 0000006a 00000000 00000000 00000000 0eb83173 00000000 009d020e 00000000 00000000 00000000 00000000 00000039 008b3199 00000001 00000000 00000001 00000000 00000000 00000000 00000000 00000000 00000000 00000000 00000000 00000000 00000000 00000000 00000000 00000000 00000000 00000000 00000000 127934b3 0000001e 9da667fb 00000011 00000000 00000000 00000000 00000000 00000202 00000101 00000000 00000000 00000000 00000000 00000000 00000000 00000000 00003333 00004ccd 00002667 00000001 00000000 03938700 000004f8
capture_snapshot GLI1 00010000 60000000 2500000 630 0 60000000 0 0 0 0 0 0 0 8eee4088 00000011 9dac66c8 00000011 009d4199 00000000 009d4199 00000000 0000006a 00000000 00000000 00000000 0ebe3066 00000000 009d4203 00000000 00000000 00000000 00000000 00000039 008b3199 00000001 00000000 00000001 00000000 00000000 00000000 00000000 00000000 00000000 00000000 00000000 00000000 00000000 00000000 00000000 00000000 00000000 00000000 00000000 128332df 0000001e 9dac66ee 00000011 00000000 00000000 00000000 00000000 00000202 00000101 00000000 00000000 00000000 00000000 00000000 00000000 00000000 00003333 00004ccd 00002667 00000001 00000000 03938700 000004f8
capture_snapshot GLI1 00010000 60000000 2500000 631 0 60000000 0 0 0 0 0 0 0 8eee4088 00000011 9db265d8 00000011 009d818f 00000000 009d818f 00000000 0000006a 00000000 00000000 00000000 0ec42f7f 00000000 009d81f9 00000000 00000000 00000000 00000000 00000039 008b3199 00000001 00000000 00000001 00000000 00000000 00000000 00000000 00000000 00000000 00000000 00000000 00000000 00000000 00000000 00000000 00000000 00000000 00000000 00000000 128d314a 0000001e 9db26607 00000011 00000000 00000000 00000000 00000000 00000201 00000101 00000000 00000000 00000000 00000000 00000000 00000000 00000000 00003333 00004ccd 00002667 00000001 00000000 03938700 000004f8
capture_snapshot GLI1 00010000 60000000 2500000 632 0 60000000 0 0 0 0 0 0 0 8eee4088 00000011 9db86608 00000011 009dc191 00000000 009dc191 00000000 0000006a 00000000 00000000 00000000 0eca2fb1 00000000 009dc1fb 00000000 00000000 00000000 00000000 00000039 008b3199 00000001 00000000 00000001 00000000 00000000 00000000 00000000 00000000 00000000 00000000 00000000 00000000 00000000 00000000 00000000 00000000 00000000 00000000 00000000 1297318b 0000001e 9db86639 00000011 00000000 00000000 00000000 00000000 00000201 00000101 00000000 00000000 00000000 00000000 00000000 00000000 00000000 00003333 00004ccd 00002667 00000001 00000000 03938700 000004f8
capture_snapshot GLI1 00010000 60000000 2500000 633 0 60000000 0 0 0 0 0 0 0 8eee4088 00000011 9dbe6830 00000011 009e01a8 00000000 009e01a8 00000000 0000006a 00000000 00000000 00000000 0ed031d6 00000000 009e0212 00000000 00000000 00000000 00000000 00000039 008b3199 00000001 00000000 00000001 00000000 00000000 00000000 00000000 00000000 00000000 00000000 00000000 00000000 00000000 00000000 00000000 00000000 00000000 00000000 00000000 12a13509 0000001e 9dbe685e 00000011 00000000 00000000 00000000 00000000 00000201 00000101 00000000 00000000 00000000 00000000 00000000 00000000 00000000 00003333 00004ccd 00002667 00000001 00000000 03938700 000004f8
capture_snapshot GLI1 00010000 60000000 2500000 634 0 60000000 0 0 0 0 0 0 0 8eee4088 00000011 9dc46680 00000011 009e4196 00000000 009e4196 00000000 0000006a 00000000 00000000 00000000 0ed63024 00000000 009e4200 00000000 00000000 00000000 00000000 00000039 008b3199 00000001 00000000 00000001 00000000 00000000 00000000 00000000 00000000 00000000 00000000 00000000 00000000 00000000 00000000 00000000 00000000 00000000 00000000 00000000 12ab3224 0000001e 9dc466ac 00000011 00000000 00000000 00000000 00000000 00000201 00000101 00000000 00000000 00000000 00000000 00000000 00000000 00000000 00003333 00004ccd 00002667 00000001 00000000 03938700 000004f8
capture_snapshot GLI1 00010000 60000000 2500000 635 0 60000000 0 0 0 0 0 0 0 8eee4088 00000011 9dca6548 00000011 009e8189 00000000 009e8189 00000000 0000006a 00000000 00000000 00000000 0edc2ef1 00000000 009e81f3 00000000 00000000 00000000 00000000 00000039 008b3199 00000001 00000000 00000001 00000000 00000000 00000000 00000000 00000000 00000000 00000000 00000000 00000000 00000000 00000000 00000000 00000000 00000000 00000000 00000000 12b5300f 0000001e 9dca6579 00000011 00000000 00000000 00000000 00000000 00000201 00000101 00000000 00000000 00000000 00000000 00000000 00000000 00000000 00003333 00004ccd 00002667 00000001 00000000 03938700 000004f8
capture_snapshot GLI1 00010000 60000000 2500000 636 0 60000000 0 0 0 0 0 0 0 8eee4088 00000011 9dd065a8 00000011 009ec18d 00000000 009ec18d 00000000 0000006a 00000000 00000000 00000000 0ee22f49 00000000 009ec1f7 00000000 00000000 00000000 00000000 00000039 008b3199 00000001 00000000 00000001 00000000 00000000 00000000 00000000 00000000 00000000 00000000 00000000 00000000 00000000 00000000 00000000 00000000 00000000 00000000 00000000 12bf308f 0000001e 9dd065d1 00000011 00000000 00000000 00000000 00000000 00000201 00000100 00000000 00000000 00000000 00000000 00000000 00000000 00000000 00003333 00004ccd 00002667 00000001 00000000 03938700 000004f8
capture_snapshot GLI1 00010000 60000000 2500000 637 0 60000000 0 0 0 0 0 0 0 8eee4088 00000011 9dd66548 00000011 009f0189 00000000 009f0189 00000000 0000006a 00000000 00000000 00000000 0ee82eec 00000000 009f01f3 00000000 00000000 00000000 00000000 00000039 008b3199 00000001 00000000 00000001 00000000 00000000 00000000 00000000 00000000 00000000 00000000 00000000 00000000 00000000 00000000 00000000 00000000 00000000 00000000 00000000 12c92fe0 0000001e 9dd66574 00000011 00000000 00000000 00000000 00000000 00000201 00000101 00000000 00000000 00000000 00000000 00000000 00000000 00000000 00003333 00004ccd 00002667 00000001 00000000 03938700 000004f8
capture_snapshot GLI1 00010000 60000000 2500000 638 0 60000000 0 0 0 0 0 0 0 8eee4088 00000011 9ddc6548 00000011 009f4189 00000000 009f4189 00000000 0000006a 00000000 00000000 00000000 0eee2eea 00000000 009f41f3 00000000 00000000 00000000 00000000 00000039 008b3199 00000001 00000000 00000001 00000000 00000000 00000000 00000000 00000000 00000000 00000000 00000000 00000000 00000000 00000000 00000000 00000000 00000000 00000000 00000000 12d32fc9 0000001e 9ddc6572 00000011 00000000 00000000 00000000 00000000 00000201 00000101 00000000 00000000 00000000 00000000 00000000 00000000 00000000 00003333 00004ccd 00002667 00000001 00000000 03938700 000004f8
capture_snapshot GLI1 00010000 60000000 2500000 639 0 60000000 0 0 0 0 0 0 0 8eee4088 00000011 9de26560 00000011 009f818a 00000000 009f818a 00000000 0000006a 00000000 00000000 00000000 0ef42f00 00000000 009f81f4 00000000 00000000 00000000 00000000 00000039 008b3199 00000001 00000000 00000001 00000000 00000000 00000000 00000000 00000000 00000000 00000000 00000000 00000000 00000000 00000000 00000000 00000000 00000000 00000000 00000000 12dd2fdb 0000001e 9de26588 00000011 00000000 00000000 00000000 00000000 00000201 00000101 00000000 00000000 00000000 00000000 00000000 00000000 00000000 00003333 00004ccd 00002667 00000001 00000000 03938700 000004f8
capture_snapshot GLI1 00010000 60000000 2500000 640 0 60000000 0 0 0 0 0 0 0 8eee4088 00000011 9de865c0 00000011 009fc18e 00000000 009fc18e 00000000 0000006a 00000000 00000000 00000000 0efa2f65 00000000 009fc1f8 00000000 00000000 00000000 00000000 00000039 008b3199 00000001 00000000 00000001 00000000 00000000 00000000 00000000 00000000 00000000 00000000 00000000 00000000 00000000 00000000 00000000 00000000 00000000 00000000 00000000 12e73070 0000001e 9de865ed 00000011 00000000 00000000 00000000 00000000 00000201 00000101 00000000 00000000 00000000 00000000 00000000 00000000 00000000 00003333 00004ccd 00002667 00000001 00000000 03938700 000004f8
capture_snapshot GLI1 00010000 60000000 2500000 641 0 60000000 0 0 0 0 0 0 0 8eee4088 00000011 9dee6530 00000011 00a00188 00000000 00a00188 00000000 0000006a 00000000 00000000 00000000 0f002ed6 00000000 00a001f2 00000000 00000000 00000000 00000000 00000039 008b3199 00000001 00000000 00000001 00000000 00000000 00000000 00000000 00000000 00000000 00000000 00000000 00000000 00000000 00000000 00000000 00000000 00000000 00000000 00000000 12f12f6d 0000001e 9dee655e 00000011 00000000 00000000 00000000 00000000 00000201 00000101 00000000 00000000 00000000 00000000 00000000 00000000 00000000 00003333 00004ccd 00002667 00000001 00000000 03938700 000004f8
capture_snapshot GLI1 00010000 60000000 2500000 642 0 60000000 0 0 0 0 0 0 0 8eee4088 00000011 9df465a8 00000011 00a0418d 00000000 00a0418d 00000000 0000006a 00000000 00000000 00000000 0f062f3f 00000000 00a041f7 00000000 00000000 00000000 00000000 00000039 008b3199 00000001 00000000 00000001 00000000 00000000 00000000 00000000 00000000 00000000 00000000 00000000 00000000 00000000 00000000 00000000 00000000 00000000 00000000 00000000 12fb300a 0000001e 9df465c7 00000011 00000000 00000000 00000000 00000000 00000201 00000101 00000000 00000000 00000000 00000000 00000000 00000000 00000000 00003333 00004ccd 00002667 00000001 00000000 03938700 000004f8
capture_snapshot GLI1 00010000 60000000 2500000 643 0 60000000 0 0 0 0 0 0 0 8eee4088 00000011 9dfa6638 00000011 00a08193 00000000 00a08193 00000000 0000006a 00000000 00000000 00000000 0f0c2fdf 00000000 00a081fd 00000000 00000000 00000000 00000000 00000039 008b3199 00000001 00000000 00000001 00000000 00000000 00000000 00000000 00000000 00000000 00000000 00000000 00000000 00000000 00000000 00000000 00000000 00000000 00000000 00000000 13053100 0000001e 9dfa6667 00000011 00000000 00000000 00000000 00000000 00000202 00000101 00000000 00000000 00000000 00000000 00000000 00000000 00000000 00003333 00004ccd 00002667 00000001 00000000 03938700 000004f8
capture_snapshot GLI1 00010000 60000000 2500000 644 0 60000000 0 0 0 0 0 0 0 8eee4088 00000011 9e006530 00000011 00a0c188 00000000 00a0c188 00000000 0000006a 00000000 00000000 00000000 0f122ed7 00000000 00a0c1f2 00000000 00000000 00000000 00000000 00000039 008b3199 00000001 00000000 00000001 00000000 00000000 00000000 00000000 00000000 00000000 00000000 00000000 00000000 00000000 00000000 00000000 00000000 00000000 00000000 00000000 130f2f34 0000001e 9e00655f 00000011 00000000 00000000 00000000 00000000 00000201 00000101 00000000 00000000 00000000 00000000 00000000 00000000 00000000 00003333 00004ccd 00002667 00000001 00000000 03938700 000004f8
capture_snapshot GLI1 00010000 60000000 2500000 645 0 60000000 0 0 0 0 0 0 0 8eee4088 00000011 9e0666f8 00000011 00a1019b 00000000 00a1019b 00000000 0000006a 00000000 00000000 00000000 0f18309e 00000000 00a10205 00000000 00000000 00000000 00000000 00000039 008b3199 00000001 00000000 00000001 00000000 00000000 00000000 00000000 00000000 00000000 00000000 00000000 00000000 00000000 00000000 00000000 00000000 00000000 00000000 00000000 13193218 0000001e 9e066726 00000011 00000000 00000000 00000000 00000000 00000201 00000101 00000000 00000000 00000000 00000000 00000000 00000000 00000000 00003333 00004ccd 00002667 00000001 00000000 03938700 000004f8
capture_snapshot GLI1 00010000 60000000 2500000 646 0 60000000 0 0 0 0 0 0 0 8eee4088 00000011 9e0c7310 00000011 00a1421c 00000000 00a1421c 00000000 0000006a 00000000 00000000 00000000 0f1e3cbb 00000000 00a14286 00000000 00000000 00000000 00000000 00000039 008b3199 00000001 00000000 00000001 00000000 00000000 00000000 00000000 00000000 00000000 00000000 00000000 00000000 00000000 00000000 00000000 00000000 00000000 00000000 00000000 13234633 0000001e 9e0c7343 00000011 00000000 00000000 00000000 00000000 00000201 00000101 00000000 00000000 00000000 00000000 00000000 00000000 00000000 00003333 00004ccd 00002667 00000001 00000000 03938700 000004f8
capture_snapshot GLI1 00010000 60000000 2500000 647 0 60000000 0 0 0 0 0 0 0 8eee4088 00000011 9e126f50 00000011 00a181f4 00000000 00a181f4 00000000 0000006a 00000000 00000000 00000000 0f2438f6 00000000 00a1825e 00000000 00000000 00000000 00000000 00000039 008b3199 00000001 00000000 00000001 00000000 00000000 00000000 00000000 00000000 00000000 00000000 00000000 00000000 00000000 00000000 00000000 00000000 00000000 00000000 00000000 132d3fd8 0000001e 9e126f7e 00000011 00000000 00000000 00000000 00000000 00000202 00000101 00000000 00000000 00000000 00000000 00000000 00000000 00000000 00003333 00004ccd 00002667 00000001 00000000 03938700 000004f8
capture_snapshot GLI1 00010000 60000000 2500000 648 0 60000000 0 0 0 0 0 0 0 8eee4088 00000011 9e1882d0 00000011 00a1c2c4 00000000 00a1c2c4 00000000 0000006a 00000000 00000000 00000000 0f2a4c75 00000000 00a1c32e 00000000 00000000 00000000 00000000 00000039 008b3199 00000001 00000000 00000001 00000000 00000000 00000000 00000000 00000000 00000000 00000000 00000000 00000000 00000000 00000000 00000000 00000000 00000000 00000000 00000000 13376043 0000001e 9e1882fd 00000011 00000000 00000000 00000000 00000000 00000201 00000100 00000000 00000000 00000000 00000000 00000000 00000000 00000000 00003333 00004ccd 00002667 00000001 00000000 03938700 000004f8
capture_snapshot GLI1 00010000 60000000 2500000 649 0 60000000 0 0 0 0 0 0 0 8eee4088 00000011 9e1e9290 00000011 00a2036c 00000000 00a2036c 00000000 0000006a 00000000 00000000 00000000 0f305c33 00000000 00a203d6 00000000 00000000 00000000 00000000 00000039 008b3199 00000001 00000000 00000001 00000000 00000000 00000000 00000000 00000000 00000000 00000000 00000000 00000000 00000000 00000000 00000000 00000000 00000000 00000000 00000000 13417a6c 0000001e 9e1e92bb 00000011 00000000 00000000 00000000 00000000 00000201 00000101 00000000 00000000 00000000 00000000 00000000 00000000 00000000 00003333 00004ccd 00002667 00000001 00000000 03938700 000004f8
capture_snapshot GLI1 00010000 60000000 2500000 650 0 60000000 0 0 0 0 0 0 0 8eee4088 00000011 9e249290 00000011 00a2436c 00000000 00a2436c 00000000 0000006a 00000000 00000000 00000000 0f365c31 00000000 00a243d6 00000000 00000000 00000000 00000000 00000039 008b3199 00000001 00000000 00000001 00000000 00000000 00000000 00000000 00000000 00000000 00000000 00000000 00000000 00000000 00000000 00000000 00000000 00000000 00000000 00000000 134b7a55 0000001e 9e2492b9 00000011 00000000 00000000 00000000 00000000 00000201 00000100 00000000 00000000 00000000 00000000 00000000 00000000 00000000 00003333 00004ccd 00002667 00000001 00000000 03938700 000004f8
capture_snapshot GLI1 00010000 60000000 2500000 651 0 60000000 0 0 0 0 0 0 0 8eee4088 00000011 9e2a97a0 00000011 00a283a2 00000000 00a283a2 00000000 0000006a 00000000 00000000 00000000 0f3c6146 00000000 00a2840c 00000000 00000000 00000000 00000000 00000039 008b3199 00000001 00000000 00000001 00000000 00000000 00000000 00000000 00000000 00000000 00000000 00000000 00000000 00000000 00000000 00000000 00000000 00000000 00000000 00000000 135582ba 0000001e 9e2a97ce 00000011 00000000 00000000 00000000 00000000 00000201 00000101 00000000 00000000 00000000 00000000 00000000 00000000 00000000 00003333 00004ccd 00002667 00000001 00000000 03938700 000004f8
capture_snapshot GLI1 00010000 60000000 2500000 652 0 60000000 0 0 0 0 0 0 0 8eee4088 00000011 9e309260 00000011 00a2c36a 00000000 00a2c36a 00000000 0000006a 00000000 00000000 00000000 0f425c04 00000000 00a2c3d4 00000000 00000000 00000000 00000000 00000039 008b3199 00000001 00000000 00000001 00000000 00000000 00000000 00000000 00000000 00000000 00000000 00000000 00000000 00000000 00000000 00000000 00000000 00000000 00000000 00000000 135f79e3 0000001e 9e30928c 00000011 00000000 00000000 00000000 00000000 00000201 00000101 00000000 00000000 00000000 00000000 00000000 00000000 00000000 00003333 00004ccd 00002667 00000001 00000000 03938700 000004f8
capture_snapshot GLI1 00010000 60000000 2500000 653 0 60000000 0 0 0 0 0 0 0 8eee4088 00000011 9e368f30 00000011 00a30348 00000000 00a30348 00000000 0000006a 00000000 00000000 00000000 0f4858d4 00000000 00a303b2 00000000 00000000 00000000 00000000 00000039 008b3199 00000001 00000000 00000001 00000000 00000000 00000000 00000000 00000000 00000000 00000000 00000000 00000000 00000000 00000000 00000000 00000000 00000000 00000000 00000000 1369747f 0000001e 9e368f5c 00000011 00000000 00000000 00000000 00000000 00000202 00000101 00000000 00000000 00000000 00000000 00000000 00000000 00000000 00003333 00004ccd 00002667 00000001 00000000 03938700 000004f8
capture_snapshot GLI1 00010000 60000000 2500000 654 0 60000000 0 0 0 0 0 0 0 8eee4088 00000011 9e3c8f00 00000011 00a34346 00000000 00a34346 00000000 0000006a 00000000 00000000 00000000 0f4e58a3 00000000 00a343b0 00000000 00000000 00000000 00000000 00000039 008b3199 00000001 00000000 00000001 00000000 00000000 00000000 00000000 00000000 00000000 00000000 00000000 00000000 00000000 00000000 00000000 00000000 00000000 00000000 00000000 1373741a 0000001e 9e3c8f2b 00000011 00000000 00000000 00000000 00000000 00000201 00000100 00000000 00000000 00000000 00000000 00000000 00000000 00000000 00003333 00004ccd 00002667 00000001 00000000 03938700 000004f8
capture_snapshot GLI1 00010000 60000000 2500000 655 0 60000000 0 0 0 0 0 0 0 8eee4088 00000011 9e42a478 00000011 00a3842b 00000000 00a3842a 00000000 0000006a 00000000 00000000 00000000 0f546e0d 00000000 00a38495 00000000 00000000 00000000 00000000 0000003b 008b3199 00000001 00000001 00000001 00000000 00000000 00000000 00000000 00000000 00000000 00000000 00000000 00000000 00000000 00000000 00000000 00000000 00000000 00000000 00000000 137d97b7 0000001e 9e42a495 00000011 00000000 00000000 00000000 00000000 00000201 00000100 00000000 00000000 00000000 00000000 00000000 00000000 00000000 00003333 00004ccd 00002667 00000001 00000000 03938700 000004f8
capture_snapshot GLI1 00010000 60000000 2500000 656 0 60000000 0 0 0 0 0 0 0 8eee4088 00000011 9e487fa0 00000011 00a3c2a2 00000000 00a3c2a2 00000000 0000006a 00000000 00000000 00000000 0f5a4944 00000000 00a3c30c 00000000 00000000 00000000 00000000 00000039 008b3199 00000001 00000000 00000001 00000000 00000000 00000000 00000000 00000000 00000000 00000000 00000000 00000000 00000000 00000000 00000000 00000000 00000000 00000000 00000000 13875a56 0000001e 9e487fcc 00000011 00000000 00000000 00000000 00000000 00000201 00000101 00000000 00000000 00000000 00000000 00000000 00000000 00000000 00003333 00004ccd 00002667 00000001 00000000 03938700 000004f8
capture_snapshot GLI1 00010000 60000000 2500000 657 0 60000000 0 0 0 0 0 0 0 8eee4088 00000011 9e4e7f28 00000011 00a4029d 00000000 00a4029d 00000000 0000006a 00000000 00000000 00000000 0f6048c7 00000000 00a40307 00000000 00000000 00000000 00000000 00000039 008b3199 00000001 00000000 00000001 00000000 00000000 00000000 00000000 00000000 00000000 00000000 00000000 00000000 00000000 00000000 00000000 00000000 00000000 00000000 00000000 13915971 0000001e 9e4e7f4f 00000011 00000000 00000000 00000000 00000000 00000201 00000101 00000000 00000000 00000000 00000000 00000000 00000000 00000000 00003333 00004ccd 00002667 00000001 00000000 03938700 000004f8
capture_snapshot GLI1 00010000 60000000 2500000 658 0 60000000 0 0 0 0 0 0 0 8eee4088 00000011 9e548018 00000011 00a442a7 00000000 00a442a7 00000000 0000006a 00000000 00000000 00000000 0f6649be 00000000 00a44311 00000000 00000000 00000000 00000000 00000039 008b3199 00000001 00000000 00000001 00000000 00000000 00000000 00000000 00000000 00000000 00000000 00000000 00000000 00000000 00000000 00000000 00000000 00000000 00000000 00000000 139b5af8 0000001e 9e548046 00000011 00000000 00000000 00000000 00000000 00000201 00000101 00000000 00000000 00000000 00000000 00000000 00000000 00000000 00003333 00004ccd 00002667 00000001 00000000 03938700 000004f8
capture_snapshot GLI1 00010000 60000000 2500000 659 0 60000000 0 0 0 0 0 0 0 8eee4088 00000011 9e5a8240 00000011 00a482be 00000000 00a482be 00000000 0000006a 00000000 00000000 00000000 0f6c4bd9 00000000 00a48328 00000000 00000000 00000000 00000000 00000039 008b3199 00000001 00000000 00000001 00000000 00000000 00000000 00000000 00000000 00000000 00000000 00000000 00000000 00000000 00000000 00000000 00000000 00000000 00000000 00000000 13a55e68 0000001e 9e5a8261 00000011 00000000 00000000 00000000 00000000 00000201 00000100 00000000 00000000 00000000 00000000 00000000 00000000 00000000 00003333 00004ccd 00002667 00000001 00000000 03938700 000004f8
capture_snapshot GLI1 00010000 60000000 2500000 660 0 60000000 0 0 0 0 0 0 0 8eee4088 00000011 9e608348 00000011 00a4c2c9 00000000 00a4c2c9 00000000 0000006a 00000000 00000000 00000000 0f724cf3 00000000 00a4c333 00000000 00000000 00000000 00000000 00000039 008b3199 00000001 00000000 00000001 00000000 00000000 00000000 00000000 00000000 00000000 00000000 00000000 00000000 00000000 00000000 00000000 00000000 00000000 00000000 00000000 13af602a 0000001e 9e60837b 00000011 00000000 00000000 00000000 00000000 00000202 00000101 00000000 00000000 00000000 00000000 00000000 00000000 00000000 00003333 00004ccd 00002667 00000001 00000000 03938700 000004f8
capture_snapshot GLI1 00010000 60000000 2500000 661 0 60000000 0 0 0 0 0 0 0 8eee4088 00000011 9e667dd8 00000011 00a5028f 00000000 00a5028f 00000000 0000006a 00000000 00000000 00000000 0f784775 00000000 00a502f9 00000000 00000000 00000000 00000000 00000039 008b3199 00000001 00000000 00000001 00000000 00000000 00000000 00000000 00000000 00000000 00000000 00000000 00000000 00000000 00000000 00000000 00000000 00000000 00000000 00000000 13b956f0 0000001e 9e667dfd 00000011 00000000 00000000 00000000 00000000 00000201 00000101 00000000 00000000 00000000 00000000 00000000 00000000 00000000 00003333 00004ccd 00002667 00000001 00000000 03938700 000004f8
capture_snapshot GLI1 00010000 60000000 2500000 662 0 60000000 0 0 0 0 0 0 0 8eee4088 00000011 9e6c7d48 00000011 00a54289 00000000 00a54289 00000000 0000006a 00000000 00000000 00000000 0f7e46ee 00000000 00a542f3 00000000 00000000 00000000 00000000 00000039 008b3199 00000001 00000000 00000001 00000000 00000000 00000000 00000000 00000000 00000000 00000000 00000000 00000000 00000000 00000000 00000000 00000000 00000000 00000000 00000000 13c355fa 0000001e 9e6c7d76 00000011 00000000 00000000 00000000 00000000 00000201 00000101 00000000 00000000 00000000 00000000 00000000 00000000 00000000 00003333 00004ccd 00002667 00000001 00000000 03938700 000004f8
capture_snapshot GLI1 00010000 60000000 2500000 663 0 60000000 0 0 0 0 0 0 0 8eee4088 00000011 9e727d30 00000011 00a58288 00000000 00a58288 00000000 0000006a 00000000 00000000 00000000 0f8446c6 00000000 00a582f2 00000000 00000000 00000000 00000000 00000039 008b3199 00000001 00000000 00000001 00000000 00000000 00000000 00000000 00000000 00000000 00000000 00000000 00000000 00000000 00000000 00000000 00000000 00000000 00000000 00000000 13cd55a4 0000001e 9e727d4e 00000011 00000000 00000000 00000000 00000000 00000201 00000101 00000000 00000000 00000000 00000000 00000000 00000000 00000000 00003333 00004ccd 00002667 00000001 00000000 03938700 000004f8
capture_snapshot GLI1 00010000 60000000 2500000 664 0 60000000 0 0 0 0 0 0 0 8eee4088 00000011 9e787d30 00000011 00a5c288 00000000 00a5c288 00000000 0000006a 00000000 00000000 00000000 0f8a46d1 00000000 00a5c2f2 00000000 00000000 00000000 00000000 00000039 008b3199 00000001 00000000 00000001 00000000 00000000 00000000 00000000 00000000 00000000 00000000 00000000 00000000 00000000 00000000 00000000 00000000 00000000 00000000 00000000 13d755a3 0000001e 9e787d59 00000011 00000000 00000000 00000000 00000000 00000201 00000101 00000000 00000000 00000000 00000000 00000000 00000000 00000000 00003333 00004ccd 00002667 00000001 00000000 03938700 000004f8
capture_snapshot GLI1 00010000 60000000 2500000 665 0 60000000 0 0 0 0 0 0 0 8eee4088 00000011 9e7e8078 00000011 00a602ab 00000000 00a602ab 00000000 0000006a 00000000 00000000 00000000 0f904a13 00000000 00a60315 00000000 00000000 00000000 00000000 00000039 008b3199 00000001 00000000 00000001 00000000 00000000 00000000 00000000 00000000 00000000 00000000 00000000 00000000 00000000 00000000 00000000 00000000 00000000 00000000 00000000 13e15afd 0000001e 9e7e809b 00000011 00000000 00000000 00000000 00000000 00000201 00000101 00000000 00000000 00000000 00000000 00000000 00000000 00000000 00003333 00004ccd 00002667 00000001 00000000 03938700 000004f8
capture_snapshot GLI1 00010000 60000000 2500000 666 0 60000000 0 0 0 0 0 0 0 8eee4088 00000011 9e847e20 00000011 00a64292 00000000 00a64292 00000000 0000006a 00000000 00000000 00000000 0f9647bc 00000000 00a642fc 00000000 00000000 00000000 00000000 00000039 008b3199 00000001 00000000 00000001 00000000 00000000 00000000 00000000 00000000 00000000 00000000 00000000 00000000 00000000 00000000 00000000 00000000 00000000 00000000 00000000 13eb5705 0000001e 9e847e44 00000011 00000000 00000000 00000000 00000000 00000201 00000101 00000000 00000000 00000000 00000000 00000000 00000000 00000000 00003333 00004ccd 00002667 00000001 00000000 03938700 000004f8
capture_snapshot GLI1 00010000 60000000 2500000 667 0 60000000 0 0 0 0 0 0 0 8eee4088 00000011 9e8a7f40 00000011 00a6829e 00000000 00a6829d 00000000 0000006a 00000000 00000000 00000000 0f9c48d5 00000000 00a68308 00000000 00000000 00000000 00000000 0000003b 008b3199 00000001 00000001 00000001 00000000 00000000 00000000 00000000 00000000 00000000 00000000 00000000 00000000 00000000 00000000 00000000 00000000 00000000 00000000 00000000 13f558c5 0000001e 9e8a7f5d 00000011 00000000 00000000 00000000 00000000 00000201 00000100 00000000 00000000 00000000 00000000 00000000 00000000 00000000 00003333 00004ccd 00002667 00000001 00000000 03938700 000004f8
capture_snapshot GLI1 00010000 60000000 2500000 668 0 60000000 0 0 0 0 0 0 0 8eee4088 00000011 9e908270 00000011 00a6c2c0 00000000 00a6c2c0 00000000 0000006a 00000000 00000000 00000000 0fa24c0a 00000000 00a6c32a 00000000 00000000 00000000 00000000 00000039 008b3199 00000001 00000000 00000001 00000000 00000000 00000000 00000000 00000000 00000000 00000000 00000000 00000000 00000000 00000000 00000000 00000000 00000000 00000000 00000000 13ff5e09 0000001e 9e908292 00000011 00000000 00000000 00000000 00000000 00000201 00000101 00000000 00000000 00000000 00000000 00000000 00000000 00000000 00003333 00004ccd 00002667 00000001 00000000 03938700 000004f8
capture_snapshot GLI1 00010000 60000000 2500000 669 0 60000000 0 0 0 0 0 0 0 8eee4088 00000011 9e968198 00000011 00a702b7 00000000 00a702b7 00000000 0000006a 00000000 00000000 00000000 0fa84b36 00000000 00a70321 00000000 00000000 00000000 00000000 00000039 008b3199 00000001 00000000 00000001 00000000 00000000 00000000 00000000 00000000 00000000 00000000 00000000 00000000 00000000 00000000 00000000 00000000 00000000 00000000 00000000 14095c94 0000001e 9e9681be 00000011 00000000 00000000 00000000 00000000 00000201 00000101 00000000 00000000 00000000 00000000 00000000 00000000 00000000 00003333 00004ccd 00002667 00000001 00000000 03938700 000004f8
capture_snapshot GLI1 00010000 60000000 2500000 670 0 60000000 0 0 0 0 0 0 0 8eee4088 00000011 9e9c7ca0 00000011 00a74282 00000000 00a74282 00000000 0000006a 00000000 00000000 00000000 0fae463f 00000000 00a742ec 00000000 00000000 00000000 00000000 00000039 008b3199 00000001 00000000 00000001 00000000 00000000 00000000 00000000 00000000 00000000 00000000 00000000 00000000 00000000 00000000 00000000 00000000 00000000 00000000 00000000 1413543b 0000001e 9e9c7cc7 00000011 00000000 00000000 00000000 00000000 00000201 00000101 00000000 00000000 00000000 00000000 00000000 00000000 00000000 00003333 00004ccd 00002667 00000001 00000000 03938700 000004f8
capture_snapshot GLI1 00010000 60000000 2500000 671 0 60000000 0 0 0 0 0 0 0 8eee4088 00000011 9ea28bd0 00000011 00a78324 00000000 00a78324 00000000 0000006a 00000000 00000000 00000000 0fb45568 00000000 00a7838e 00000000 00000000 00000000 00000000 00000039 008b3199 00000001 00000000 00000001 00000000 00000000 00000000 00000000 00000000 00000000 00000000 00000000 00000000 00000000 00000000 00000000 00000000 00000000 00000000 00000000 141d6d6c 0000001e 9ea28bf0 00000011 00000000 00000000 00000000 00000000 00000201 00000101 00000000 00000000 00000000 00000000 00000000 00000000 00000000 00003333 00004ccd 00002667 00000001 00000000 03938700 000004f8
capture_snapshot GLI1 00010000 60000000 2500000 672 0 60000000 0 0 0 0 0 0 0 8eee4088 00000011 9ea883d8 00000011 00a7c2cf 00000000 00a7c2cf 00000000 0000006a 00000000 00000000 00000000 0fba4d76 00000000 00a7c339 00000000 00000000 00000000 00000000 00000039 008b3199 00000001 00000000 00000001 00000000 00000000 00000000 00000000 00000000 00000000 00000000 00000000 00000000 00000000 00000000 00000000 00000000 00000000 00000000 00000000 1427601a 0000001e 9ea883fe 00000011 00000000 00000000 00000000 00000000 00000202 00000101 00000000 00000000 00000000 00000000 00000000 00000000 00000000 00003333 00004ccd 00002667 00000001 00000000 03938700 000004f8
capture_snapshot GLI1 00010000 60000000 2500000 673 0 60000000 0 0 0 0 0 0 0 8eee4088 00000011 9eae9620 00000011 00a80392 00000000 00a80392 00000000 0000006a 00000000 00000000 00000000 0fc05fc7 00000000 00a803fc 00000000 00000000 00000000 00000000 00000039 008b3199 00000001 00000000 00000001 00000000 00000000 00000000 00000000 00000000 00000000 00000000 00000000 00000000 00000000 00000000 00000000 00000000 00000000 00000000 00000000 14317e8e 0000001e 9eae964f 00000011 00000000 00000000 00000000 00000000 00000201 00000101 00000000 00000000 00000000 00000000 00000000 00000000 00000000 00003333 00004ccd 00002667 00000001 00000000 03938700 000004f8
capture_snapshot GLI1 00010000 60000000 2500000 674 0 60000000 0 0 0 0 0 0 0 8eee4088 00000011 9eb4a2e0 00000011 00a8441a 00000000 00a8441a 00000000 0000006a 00000000 00000000 00000000 0fc66c7b 00000000 00a84484 00000000 00000000 00000000 00000000 00000039 008b3199 00000001 00000000 00000001 00000000 00000000 00000000 00000000 00000000 00000000 00000000 00000000 00000000 00000000 00000000 00000000 00000000 00000000 00000000 00000000 143b93a5 0000001e 9eb4a303 00000011 00000000 00000000 00000000 00000000 00000201 00000101 00000000 00000000 00000000 00000000 00000000 00000000 00000000 00003333 00004ccd 00002667 00000001 00000000 03938700 000004f8
capture_snapshot GLI1 00010000 60000000 2500000 675 0 60000000 0 0 0 0 0 0 0 8eee4088 00000011 9eba9f50 00000011 00a883f4 00000000 00a883f4 00000000 0000006a 00000000 00000000 00000000 0fcc68eb 00000000 00a8845e 00000000 00000000 00000000 00000000 00000039 008b3199 00000001 00000000 00000001 00000000 00000000 00000000 00000000 00000000 00000000 00000000 00000000 00000000 00000000 00000000 00000000 00000000 00000000 00000000 00000000 14458da3 0000001e 9eba9f73 00000011 00000000 00000000 00000000 00000000 00000201 00000101 00000000 00000000 00000000 00000000 00000000 00000000 00000000 00003333 00004ccd 00002667 00000001 00000000 03938700 000004f8
capture_snapshot GLI1 00010000 60000000 2500000 676 0 60000000 0 0 0 0 0 0 0 8eee4088 00000011 9ec088b8 00000011 00a8c303 00000000 00a8c303 00000000 0000006a 00000000 00000000 00000000 0fd25263 00000000 00a8c36d 00000000 00000000 00000000 00000000 00000039 008b3199 00000001 00000000 00000001 00000000 00000000 00000000 00000000 00000000 00000000 00000000 00000000 00000000 00000000 00000000 00000000 00000000 00000000 00000000 00000000 144f6801 0000001e 9ec088eb 00000011 00000000 00000000 00000000 00000000 00000201 00000101 00000000 00000000 00000000 00000000 00000000 00000000 00000000 00003333 00004ccd 00002667 00000001 00000000 03938700 000004f8
capture_snapshot GLI1 00010000 60000000 2500000 677 0 60000000 0 0 0 0 0 0 0 8eee4088 00000011 9ec68750 00000011 00a902f4 00000000 00a902f4 00000000 0000006a 00000000 00000000 00000000 0fd850f4 00000000 00a9035e 00000000 00000000 00000000 00000000 00000039 008b3199 00000001 00000000 00000001 00000000 00000000 00000000 00000000 00000000 00000000 00000000 00000000 00000000 00000000 00000000 00000000 00000000 00000000 00000000 00000000 1459658a 0000001e 9ec6877c 00000011 00000000 00000000 00000000 00000000 00000202 00000101 00000000 00000000 00000000 00000000 00000000 00000000 00000000 00003333 00004ccd 00002667 00000001 00000000 03938700 000004f8
capture_snapshot GLI1 00010000 60000000 2500000 678 0 60000000 0 0 0 0 0 0 0 8eee4088 00000011 9ecc8978 00000011 00a9430b 00000000 00a9430b 00000000 0000006a 00000000 00000000 00000000 0fde5319 00000000 00a94375 00000000 00000000 00000000 00000000 00000039 008b3199 00000001 00000000 00000001 00000000 00000000 00000000 00000000 00000000 00000000 00000000 00000000 00000000 00000000 00000000 00000000 00000000 00000000 00000000 00000000 14636909 0000001e 9ecc89a1 00000011 00000000 00000000 00000000 00000000 00000201 00000101 00000000 00000000 00000000 00000000 00000000 00000000 00000000 00003333 00004ccd 00002667 00000001 00000000 03938700 000004f8
capture_snapshot GLI1 00010000 60000000 2500000 679 0 60000000 0 0 0 0 0 0 0 8eee4088 00000011 9ed29860 00000011 00a983aa 00000000 00a983aa 00000000 0000006a 00000000 00000000 00000000 0fe46208 00000000 00a98414 00000000 00000000 00000000 00000000 00000039 008b3199 00000001 00000000 00000001 00000000 00000000 00000000 00000000 00000000 00000000 00000000 00000000 00000000 00000000 00000000 00000000 00000000 00000000 00000000 00000000 146d81da 0000001e 9ed29890 00000011 00000000 00000000 00000000 00000000 00000201 00000101 00000000 00000000 00000000 00000000 00000000 00000000 00000000 00003333 00004ccd 00002667 00000001 00000000 03938700 000004f8
capture_snapshot GLI1 00010000 60000000 2500000 680 0 60000000 0 0 0 0 0 0 0 8eee4088 00000011 9ed88798 00000011 00a9c2f7 00000000 00a9c2f7 00000000 0000006a 00000000 00000000 00000000 0fea513b 00000000 00a9c361 00000000 00000000 00000000 00000000 00000039 008b3199 00000001 00000000 00000001 00000000 00000000 00000000 00000000 00000000 00000000 00000000 00000000 00000000 00000000 00000000 00000000 00000000 00000000 00000000 00000000 147765c5 0000001e 9ed887c3 00000011 00000000 00000000 00000000 00000000 00000201 00000101 00000000 00000000 00000000 00000000 00000000 00000000 00000000 00003333 00004ccd 00002667 00000001 00000000 03938700 000004f8
capture_snapshot GLI1 00010000 60000000 2500000 681 0 60000000 0 0 0 0 0 0 0 8eee4088 00000011 9ede84c8 00000011 00aa02d9 00000000 00aa02d9 00000000 0000006a 00000000 00000000 00000000 0ff04e72 00000000 00aa0343 00000000 00000000 00000000 00000000 00000039 008b3199 00000001 00000000 00000001 00000000 00000000 00000000 00000000 00000000 00000000 00000000 00000000 00000000 00000000 00000000 00000000 00000000 00000000 00000000 00000000 1481610e 0000001e 9ede84fa 00000011 00000000 00000000 00000000 00000000 00000202 00000100 00000000 00000000 00000000 00000000 00000000 00000000 00000000 00003333 00004ccd 00002667 00000001 00000000 03938700 000004f8
capture_snapshot GLI1 00010000 60000000 2500000 682 0 60000000 0 0 0 0 0 0 0 8eee4088 00000011 9ee48d68 00000011 00aa4335 00000000 00aa4335 00000000 0000006a 00000000 00000000 00000000 0ff65701 00000000 00aa439f 00000000 00000000 00000000 00000000 00000039 008b3199 00000001 00000000 00000001 00000000 00000000 00000000 00000000 00000000 00000000 00000000 00000000 00000000 00000000 00000000 00000000 00000000 00000000 00000000 00000000 148b6f3f 0000001e 9ee48d89 00000011 00000000 00000000 00000000 00000000 00000201 00000101 00000000 00000000 00000000 00000000 00000000 00000000 00000000 00003333 00004ccd 00002667 00000001 00000000 03938700 000004f8
capture_snapshot GLI1 00010000 60000000 2500000 683 0 60000000 0 0 0 0 0 0 0 8eee4088 00000011 9eea8c18 00000011 00aa8327 00000000 00aa8327 00000000 0000006a 00000000 00000000 00000000 0ffc55b7 00000000 00aa8391 00000000 00000000 00000000 00000000 00000039 008b3199 00000001 00000000 00000001 00000000 00000000 00000000 00000000 00000000 00000000 00000000 00000000 00000000 00000000 00000000 00000000 00000000 00000000 00000000 00000000 14956d04 0000001e 9eea8c3f 00000011 00000000 00000000 00000000 00000000 00000201 00000101 00000000 00000000 00000000 00000000 00000000 00000000 00000000 00003333 00004ccd 00002667 00000001 00000000 03938700 000004f8
capture_snapshot GLI1 00010000 60000000 2500000 684 0 60000000 0 0 0 0 0 0 0 8eee4088 00000011 9ef09f98 00000011 00aac3f7 00000000 00aac3f7 00000000 0000006a 00000000 00000000 00000000 10026931 00000000 00aac461 00000000 00000000 00000000 00000000 00000039 008b3199 00000001 00000000 00000001 00000000 00000000 00000000 00000000 00000000 00000000 00000000 00000000 00000000 00000000 00000000 00000000 00000000 00000000 00000000 00000000 149f8d66 0000001e 9ef09fb9 00000011 00000000 00000000 00000000 00000000 00000201 00000101 00000000 00000000 00000000 00000000 00000000 00000000 00000000 00003333 00004ccd 00002667 00000001 00000000 03938700 000004f8
capture_snapshot GLI1 00010000 60000000 2500000 685 0 60000000 0 0 0 0 0 0 0 8eee4088 00000011 9ef686f0 00000011 00ab02f0 00000000 00ab02f0 00000000 0000006a 00000000 00000000 00000000 10085096 00000000 00ab035a 00000000 00000000 00000000 00000000 00000039 008b3199 00000001 00000000 00000001 00000000 00000000 00000000 00000000 00000000 00000000 00000000 00000000 00000000 00000000 00000000 00000000 00000000 00000000 00000000 00000000 14a96451 0000001e 9ef6871e 00000011 00000000 00000000 00000000 00000000 00000202 00000101 00000000 00000000 00000000 00000000 00000000 00000000 00000000 00003333 00004ccd 00002667 00000001 00000000 03938700 000004f8
capture_snapshot GLI1 00010000 60000000 2500000 686 0 60000000 0 0 0 0 0 0 0 8eee4088 00000011 9efc8900 00000011 00ab4306 00000000 00ab4306 00000000 0000006a 00000000 00000000 00000000 100e52a1 00000000 00ab4370 00000000 00000000 00000000 00000000 00000039 008b3199 00000001 00000000 00000001 00000000 00000000 00000000 00000000 00000000 00000000 00000000 00000000 00000000 00000000 00000000 00000000 00000000 00000000 00000000 00000000 14b367a5 0000001e 9efc8929 00000011 00000000 00000000 00000000 00000000 00000201 00000101 00000000 00000000 00000000 00000000 00000000 00000000 00000000 00003333 00004ccd 00002667 00000001 00000000 03938700 000004f8
capture_snapshot GLI1 00010000 60000000 2500000 687 0 60000000 0 0 0 0 0 0 0 8eee4088 00000011 9f028948 00000011 00ab8309 00000000 00ab8309 00000000 0000006a 00000000 00000000 00000000 101452f3 00000000 00ab8373 00000000 00000000 00000000 00000000 00000039 008b3199 00000001 00000000 00000001 00000000 00000000 00000000 00000000 00000000 00000000 00000000 00000000 00000000 00000000 00000000 00000000 00000000 00000000 00000000 00000000 14bd681b 0000001e 9f02897b 00000011 00000000 00000000 00000000 00000000 00000201 00000101 00000000 00000000 00000000 00000000 00000000 00000000 00000000 00003333 00004ccd 00002667 00000001 00000000 03938700 000004f8
capture_snapshot GLI1 00010000 60000000 2500000 688 0 60000000 0 0 0 0 0 0 0 8eee4088 00000011 9f088a50 00000011 00abc314 00000000 00abc314 00000000 0000006a 00000000 00000000 00000000 101a53ef 00000000 00abc37e 00000000 00000000 00000000 00000000 00000039 008b3199 00000001 00000000 00000001 00000000 00000000 00000000 00000000 00000000 00000000 00000000 00000000 00000000 00000000 00000000 00000000 00000000 00000000 00000000 00000000 14c769ab 0000001e 9f088a77 00000011 00000000 00000000 00000000 00000000 00000201 00000101 00000000 00000000 00000000 00000000 00000000 00000000 00000000 00003333 00004ccd 00002667 00000001 00000000 03938700 000004f8
capture_snapshot GLI1 00010000 60000000 2500000 689 0 60000000 0 0 0 0 0 0 0 8eee4088 00000011 9f0e8498 00000011 00ac02d7 00000000 00ac02d7 00000000 0000006a 00000000 00000000 00000000 10204e3d 00000000 00ac0341 00000000 00000000 00000000 00000000 00000039 008b3199 00000001 00000000 00000001 00000000 00000000 00000000 00000000 00000000 00000000 00000000 00000000 00000000 00000000 00000000 00000000 00000000 00000000 00000000 00000000 14d1601a 0000001e 9f0e84c5 00000011 00000000 00000000 00000000 00000000 00000201 00000101 00000000 00000000 00000000 00000000 00000000 00000000 00000000 00003333 00004ccd 00002667 00000001 00000000 03938700 000004f8
capture_snapshot GLI1 00010000 60000000 2500000 690 0 60000000 0 0 0 0 0 0 0 8eee4088 00000011 9f1491a0 00000011 00ac4362 00000000 00ac4362 00000000 0000006a 00000000 00000000 00000000 10265b42 00000000 00ac43cc 00000000 00000000 00000000 00000000 00000039 008b3199 00000001 00000000 00000001 00000000 00000000 00000000 00000000 00000000 00000000 00000000 00000000 00000000 00000000 00000000 00000000 00000000 00000000 00000000 00000000 14db75b9 0000001e 9f1491ca 00000011 00000000 00000000 00000000 00000000 00000201 00000100 00000000 00000000 00000000 00000000 00000000 00000000 00000000 00003333 00004ccd 00002667 00000001 00000000 03938700 000004f8
capture_snapshot GLI1 00010000 60000000 2500000 691 0 60000000 0 0 0 0 0 0 0 8eee4088 00000011 9f1aa460 00000011 00ac842a 00000000 00ac842a 00000000 0000006a 00000000 00000000 00000000 102c6e04 00000000 00ac8494 00000000 00000000 00000000 00000000 00000039 008b3199 00000001 00000000 00000001 00000000 00000000 00000000 00000000 00000000 00000000 00000000 00000000 00000000 00000000 00000000 00000000 00000000 00000000 00000000 00000000 14e594e8 0000001e 9f1aa48c 00000011 00000000 00000000 00000000 00000000 00000202 00000101 00000000 00000000 00000000 00000000 00000000 00000000 00000000 00003333 00004ccd 00002667 00000001 00000000 03938700 000004f8
capture_snapshot GLI1 00010000 60000000 2500000 692 0 60000000 0 0 0 0 0 0 0 8eee4088 00000011 9f20a130 00000011 00acc408 00000000 00acc408 00000000 0000006a 00000000 00000000 00000000 10326ad8 00000000 00acc472 00000000 00000000 00000000 00000000 00000039 008b3199 00000001 00000000 00000001 00000000 00000000 00000000 00000000 00000000 00000000 00000000 00000000 00000000 00000000 00000000 00000000 00000000 00000000 00000000 00000000 14ef8f8c 0000001e 9f20a160 00000011 00000000 00000000 00000000 00000000 00000201 00000101 00000000 00000000 00000000 00000000 00000000 00000000 00000000 00003333 00004ccd 00002667 00000001 00000000 03938700 000004f8
capture_snapshot GLI1 00010000 60000000 2500000 693 0 60000000 0 0 0 0 0 0 0 8eee4088 00000011 9f2686a8 00000011 00ad02ed 00000000 00ad02ed 00000000 0000006a 00000000 00000000 00000000 10385041 00000000 00ad0357 00000000 00000000 00000000 00000000 00000039 008b3199 00000001 00000000 00000001 00000000 00000000 00000000 00000000 00000000 00000000 00000000 00000000 00000000 00000000 00000000 00000000 00000000 00000000 00000000 00000000 14f96327 0000001e 9f2686c9 00000011 00000000 00000000 00000000 00000000 00000202 00000101 00000000 00000000 00000000 00000000 00000000 00000000 00000000 00003333 00004ccd 00002667 00000001 00000000 03938700 000004f8
capture_snapshot GLI1 00010000 60000000 2500000 694 0 60000000 0 0 0 0 0 0 0 8eee4088 00000011 9f2c8570 00000011 00ad42e0 00000000 00ad42e0 00000000 0000006a 00000000 00000000 00000000 103e4f12 00000000 00ad434a 00000000 00000000 00000000 00000000 00000039 008b3199 00000001 00000000 00000001 00000000 00000000 00000000 00000000 00000000 00000000 00000000 00000000 00000000 00000000 00000000 00000000 00000000 00000000 00000000 00000000 1503611b 0000001e 9f2c859a 00000011 00000000 00000000 00000000 00000000 00000201 00000100 00000000 00000000 00000000 00000000 00000000 00000000 00000000 00003333 00004ccd 00002667 00000001 00000000 03938700 000004f8
capture_snapshot GLI1 00010000 60000000 2500000 695 0 60000000 0 0 0 0 0 0 0 8eee4088 00000011 9f3289d8 00000011 00ad830f 00000000 00ad830f 00000000 0000006a 00000000 00000000 00000000 1044536d 00000000 00ad8379 00000000 00000000 00000000 00000000 00000039 008b3199 00000001 00000000 00000001 00000000 00000000 00000000 00000000 00000000 00000000 00000000 00000000 00000000 00000000 00000000 00000000 00000000 00000000 00000000 00000000 150d684a 0000001e 9f3289f5 00000011 00000000 00000000 00000000 00000000 00000201 00000101 00000000 00000000 00000000 00000000 00000000 00000000 00000000 00003333 00004ccd 00002667 00000001 00000000 03938700 000004f8
capture_snapshot GLI1 00010000 60000000 2500000 696 0 60000000 0 0 0 0 0 0 0 8eee4088 00000011 9f388ab0 00000011 00adc318 00000000 00adc318 00000000 0000006a 00000000 00000000 00000000 104a545b 00000000 00adc382 00000000 00000000 00000000 00000000 00000039 008b3199 00000001 00000000 00000001 00000000 00000000 00000000 00000000 00000000 00000000 00000000 00000000 00000000 00000000 00000000 00000000 00000000 00000000 00000000 00000000 151769c2 0000001e 9f388ae3 00000011 00000000 00000000 00000000 00000000 00000201 00000101 00000000 00000000 00000000 00000000 00000000 00000000 00000000 00003333 00004ccd 00002667 00000001 00000000 03938700 000004f8
capture_snapshot GLI1 00010000 60000000 2500000 697 0 60000000 0 0 0 0 0 0 0 8eee4088 00000011 9f3e8e40 00000011 00ae033e 00000000 00ae033e 00000000 0000006a 00000000 00000000 00000000 105057df 00000000 00ae03a8 00000000 00000000 00000000 00000000 00000039 008b3199 00000001 00000000 00000001 00000000 00000000 00000000 00000000 00000000 00000000 00000000 00000000 00000000 00000000 00000000 00000000 00000000 00000000 00000000 00000000 15216f8b 0000001e 9f3e8e67 00000011 00000000 00000000 00000000 00000000 00000202 00000101 00000000 00000000 00000000 00000000 00000000 00000000 00000000 00003333 00004ccd 00002667 00000001 00000000 03938700 000004f8
capture_snapshot GLI1 00010000 60000000 2500000 698 0 60000000 0 0 0 0 0 0 0 8eee4088 00000011 9f448450 00000011 00ae42d4 00000000 00ae42d4 00000000 0000006a 00000000 00000000 00000000 10564de9 00000000 00ae433e 00000000 00000000 00000000 00000000 00000039 008b3199 00000001 00000000 00000001 00000000 00000000 00000000 00000000 00000000 00000000 00000000 00000000 00000000 00000000 00000000 00000000 00000000 00000000 00000000 00000000 152b5edd 0000001e 9f448471 00000011 00000000 00000000 00000000 00000000 00000201 00000101 00000000 00000000 00000000 00000000 00000000 00000000 00000000 00003333 00004ccd 00002667 00000001 00000000 03938700 000004f8
capture_snapshot GLI1 00010000 60000000 2500000 699 0 60000000 0 0 0 0 0 0 0 8eee4088 00000011 9f4a8708 00000011 00ae82f1 00000000 00ae82f1 00000000 0000006a 00000000 00000000 00000000 105c50a1 00000000 00ae835b 00000000 00000000 00000000 00000000 00000039 008b3199 00000001 00000000 00000001 00000000 00000000 00000000 00000000 00000000 00000000 00000000 00000000 00000000 00000000 00000000 00000000 00000000 00000000 00000000 00000000 15356353 0000001e 9f4a8729 00000011 00000000 00000000 00000000 00000000 00000201 00000101 00000000 00000000 00000000 00000000 00000000 00000000 00000000 00003333 00004ccd 00002667 00000001 00000000 03938700 000004f8
capture_snapshot GLI1 00010000 60000000 2500000 700 0 60000000 0 0 0 0 0 0 0 8eee4088 00000011 9f508c30 00000011 00aec328 00000000 00aec327 00000000 0000006a 00000000 00000000 00000000 106255c5 00000000 00aec392 00000000 00000000 00000000 00000000 0000003b 008b3199 00000001 00000001 00000001 00000000 00000000 00000000 00000000 00000000 00000000 00000000 00000000 00000000 00000000 00000000 00000000 00000000 00000000 00000000 00000000 153f6bd0 0000001e 9f508c4d 00000011 00000000 00000000 00000000 00000000 00000201 00000100 00000000 00000000 00000000 00000000 00000000 00000000 00000000 00003333 00004ccd 00002667 00000001 00000000 03938700 000004f8
capture_snapshot GLI1 00010000 60000000 2500000 701 0 60000000 0 0 0 0 0 0 0 8eee4088 00000011 9f5689a8 00000011 00af030d 00000000 00af030d 00000000 0000006a 00000000 00000000 00000000 10685340 00000000 00af0377 00000000 00000000 00000000 00000000 00000039 008b3199 00000001 00000000 00000001 00000000 00000000 00000000 00000000 00000000 00000000 00000000 00000000 00000000 00000000 00000000 00000000 00000000 00000000 00000000 00000000 15496789 0000001e 9f5689c8 00000011 00000000 00000000 00000000 00000000 00000202 00000100 00000000 00000000 00000000 00000000 00000000 00000000 00000000 00003333 00004ccd 00002667 00000001 00000000 03938700 000004f8
capture_snapshot GLI1 00010000 60000000 2500000 702 0 60000000 0 0 0 0 0 0 0 8eee4088 00000011 9f5c9470 00000011 00af4380 00000000 00af4380 00000000 0000006a 00000000 00000000 00000000 106e5e1b 00000000 00af43ea 00000000 00000000 00000000 00000000 00000039 008b3199 00000001 00000000 00000001 00000000 00000000 00000000 00000000 00000000 00000000 00000000 00000000 00000000 00000000 00000000 00000000 00000000 00000000 00000000 00000000 1553798e 0000001e 9f5c94a3 00000011 00000000 00000000 00000000 00000000 00000201 00000101 00000000 00000000 00000000 00000000 00000000 00000000 00000000 00003333 00004ccd 00002667 00000001 00000000 03938700 000004f8
capture_snapshot GLI1 00010000 60000000 2500000 703 0 60000000 0 0 0 0 0 0 0 8eee4088 00000011 9f6299c8 00000011 00af83b9 00000000 00af83b9 00000000 0000006a 00000000 00000000 00000000 1074636d 00000000 00af8423 00000000 00000000 00000000 00000000 00000039 008b3199 00000001 00000000 00000001 00000000 00000000 00000000 00000000 00000000 00000000 00000000 00000000 00000000 00000000 00000000 00000000 00000000 00000000 00000000 00000000 155d8258 0000001e 9f6299f5 00000011 00000000 00000000 00000000 00000000 00000201 00000101 00000000 00000000 00000000 00000000 00000000 00000000 00000000 00003333 00004ccd 00002667 00000001 00000000 03938700 000004f8
capture_snapshot GLI1 00010000 60000000 2500000 704 0 60000000 0 0 0 0 0 0 0 8eee4088 00000011 9f68a5c8 00000011 00afc439 00000000 00afc439 00000000 0000006a 00000000 00000000 00000000 107a6f5f 00000000 00afc4a3 00000000 00000000 00000000 00000000 00000039 008b3199 00000001 00000000 00000001 00000000 00000000 00000000 00000000 00000000 00000000 00000000 00000000 00000000 00000000 00000000 00000000 00000000 00000000 00000000 00000000 1567962d 0000001e 9f68a5e7 00000011 00000000 00000000 00000000 00000000 00000201 00000101 00000000 00000000 00000000 00000000 00000000 00000000 00000000 00003333 00004ccd 00002667 00000001 00000000 03938700 000004f8
capture_snapshot GLI1 00010000 60000000 2500000 705 0 60000000 0 0 0 0 0 0 0 8eee4088 00000011 9f6e8b58 00000011 00b0031f 00000000 00b0031f 00000000 0000006a 00000000 00000000 00000000 108054ee 00000000 00b00389 00000000 00000000 00000000 00000000 00000039 008b3199 00000001 00000000 00000001 00000000 00000000 00000000 00000000 00000000 00000000 00000000 00000000 00000000 00000000 00000000 00000000 00000000 00000000 00000000 00000000 15716a08 0000001e 9f6e8b76 00000011 00000000 00000000 00000000 00000000 00000201 00000100 00000000 00000000 00000000 00000000 00000000 00000000 00000000 00003333 00004ccd 00002667 00000001 00000000 03938700 000004f8
capture_snapshot GLI1 00010000 60000000 2500000 706 0 60000000 0 0 0 0 0 0 0 8eee4088 00000011 9f748c30 00000011 00b04328 00000000 00b04328 00000000 0000006a 00000000 00000000 00000000 108655cb 00000000 00b04392 00000000 00000000 00000000 00000000 00000039 008b3199 00000001 00000000 00000001 00000000 00000000 00000000 00000000 00000000 00000000 00000000 00000000 00000000 00000000 00000000 00000000 00000000 00000000 00000000 00000000 157b6b64 0000001e 9f748c53 00000011 00000000 00000000 00000000 00000000 00000201 00000101 00000000 00000000 00000000 00000000 00000000 00000000 00000000 00003333 00004ccd 00002667 00000001 00000000 03938700 000004f8
capture_snapshot GLI1 00010000 60000000 2500000 707 0 60000000 0 0 0 0 0 0 0 8eee4088 00000011 9f7a8660 00000011 00b082ea 00000000 00b082ea 00000000 0000006a 00000000 00000000 00000000 108c5009 00000000 00b08354 00000000 00000000 00000000 00000000 00000039 008b3199 00000001 00000000 00000001 00000000 00000000 00000000 00000000 00000000 00000000 00000000 00000000 00000000 00000000 00000000 00000000 00000000 00000000 00000000 00000000 158561b8 0000001e 9f7a8691 00000011 00000000 00000000 00000000 00000000 00000201 00000101 00000000 00000000 00000000 00000000 00000000 00000000 00000000 00003333 00004ccd 00002667 00000001 00000000 03938700 000004f8
capture_snapshot GLI1 00010000 60000000 2500000 708 0 60000000 0 0 0 0 0 0 0 8eee4088 00000011 9f808678 00000011 00b0c2eb 00000000 00b0c2eb 00000000 0000006a 00000000 00000000 00000000 10925015 00000000 00b0c355 00000000 00000000 00000000 00000000 00000039 008b3199 00000001 00000000 00000001 00000000 00000000 00000000 00000000 00000000 00000000 00000000 00000000 00000000 00000000 00000000 00000000 00000000 00000000 00000000 00000000 158f61b9 0000001e 9f80869d 00000011 00000000 00000000 00000000 00000000 00000201 00000100 00000000 00000000 00000000 00000000 00000000 00000000 00000000 00003333 00004ccd 00002667 00000001 00000000 03938700 000004f8
capture_snapshot GLI1 00010000 60000000 2500000 709 0 60000000 0 0 0 0 0 0 0 8eee4088 00000011 9f868c00 00000011 00b10326 00000000 00b10326 00000000 0000006a 00000000 00000000 00000000 10985598 00000000 00b10390 00000000 00000000 00000000 00000000 00000039 008b3199 00000001 00000000 00000001 00000000 00000000 00000000 00000000 00000000 00000000 00000000 00000000 00000000 00000000 00000000 00000000 00000000 00000000 00000000 00000000 15996ad5 0000001e 9f868c20 00000011 00000000 00000000 00000000 00000000 00000201 00000100 00000000 00000000 00000000 00000000 00000000 00000000 00000000 00003333 00004ccd 00002667 00000001 00000000 03938700 000004f8
capture_snapshot GLI1 00010000 60000000 2500000 710 0 60000000 0 0 0 0 0 0 0 8eee4088 00000011 9f8c8768 00000011 00b142f5 00000000 00b142f5 00000000 0000006a 00000000 00000000 00000000 109e5111 00000000 00b1435f 00000000 00000000 00000000 00000000 00000039 008b3199 00000001 00000000 00000001 00000000 00000000 00000000 00000000 00000000 00000000 00000000 00000000 00000000 00000000 00000000 00000000 00000000 00000000 00000000 00000000 15a36336 0000001e 9f8c8799 00000011 00000000 00000000 00000000 00000000 00000201 00000100 00000000 00000000 00000000 00000000 00000000 00000000 00000000 00003333 00004ccd 00002667 00000001 00000000 03938700 000004f8
capture_snapshot GLI1 00010000 60000000 2500000 711 0 60000000 0 0 0 0 0 0 0 8eee4088 00000011 9f928858 00000011 00b182ff 00000000 00b182ff 00000000 0000006a 00000000 00000000 00000000 10a451fe 00000000 00b18369 00000000 00000000 00000000 00000000 00000039 008b3199 00000001 00000000 00000001 00000000 00000000 00000000 00000000 00000000 00000000 00000000 00000000 00000000 00000000 00000000 00000000 00000000 00000000 00000000 00000000 15ad64ad 0000001e 9f928886 00000011 00000000 00000000 00000000 00000000 00000202 00000101 00000000 00000000 00000000 00000000 00000000 00000000 00000000 00003333 00004ccd 00002667 00000001 00000000 03938700 000004f8
capture_snapshot GLI1 00010000 60000000 2500000 712 0 60000000 0 0 0 0 0 0 0 8eee4088 00000011 9f9891b8 00000011 00b1c363 00000000 00b1c363 00000000 0000006a 00000000 00000000 00000000 10aa5b59 00000000 00b1c3cd 00000000 00000000 00000000 00000000 00000039 008b3199 00000001 00000000 00000001 00000000 00000000 00000000 00000000 00000000 00000000 00000000 00000000 00000000 00000000 00000000 00000000 00000000 00000000 00000000 00000000 15b77431 0000001e 9f9891e1 00000011 00000000 00000000 00000000 00000000 00000202 00000101 00000000 00000000 00000000 00000000 00000000 00000000 00000000 00003333 00004ccd 00002667 00000001 00000000 03938700 000004f8
capture_snapshot GLI1 00010000 60000000 2500000 713 0 60000000 0 0 0 0 0 0 0 8eee4088 00000011 9f9eb468 00000011 00b204d5 00000000 00b204d5 00000000 0000006a 00000000 00000000 00000000 10b07e05 00000000 00b2053f 00000000 00000000 00000000 00000000 00000039 008b3199 00000001 00000000 00000001 00000000 00000000 00000000 00000000 00000000 00000000 00000000 00000000 00000000 00000000 00000000 00000000 00000000 00000000 00000000 00000000 15c1ade7 0000001e 9f9eb48d 00000011 00000000 00000000 00000000 00000000 00000201 00000101 00000000 00000000 00000000 00000000 00000000 00000000 00000000 00003333 00004ccd 00002667 00000001 00000000 03938700 000004f8
capture_snapshot GLI1 00010000 60000000 2500000 714 0 60000000 0 0 0 0 0 0 0 8eee4088 00000011 9fa4a2f8 00000011 00b2441b 00000000 00b2441b 00000000 0000006a 00000000 00000000 00000000 10b66c9e 00000000 00b24485 00000000 00000000 00000000 00000000 00000039 008b3199 00000001 00000000 00000001 00000000 00000000 00000000 00000000 00000000 00000000 00000000 00000000 00000000 00000000 00000000 00000000 00000000 00000000 00000000 00000000 15cb90d3 0000001e 9fa4a326 00000011 00000000 00000000 00000000 00000000 00000201 00000101 00000000 00000000 00000000 00000000 00000000 00000000 00000000 00003333 00004ccd 00002667 00000001 00000000 03938700 000004f8
capture_snapshot GLI1 00010000 60000000 2500000 715 0 60000000 0 0 0 0 0 0 0 8eee4088 00000011 9faa8af8 00000011 00b2831b 00000000 00b2831b 00000000 0000006a 00000000 00000000 00000000 10bc5491 00000000 00b28385 00000000 00000000 00000000 00000000 00000039 008b3199 00000001 00000000 00000001 00000000 00000000 00000000 00000000 00000000 00000000 00000000 00000000 00000000 00000000 00000000 00000000 00000000 00000000 00000000 00000000 15d568a9 0000001e 9faa8b19 00000011 00000000 00000000 00000000 00000000 00000202 00000101 00000000 00000000 00000000 00000000 00000000 00000000 00000000 00003333 00004ccd 00002667 00000001 00000000 03938700 000004f8
capture_snapshot GLI1 00010000 60000000 2500000 716 0 60000000 0 0 0 0 0 0 0 8eee4088 00000011 9fb086a8 00000011 00b2c2ed 00000000 00b2c2ed 00000000 0000006a 00000000 00000000 00000000 10c25049 00000000 00b2c357 00000000 00000000 00000000 00000000 00000039 008b3199 00000001 00000000 00000001 00000000 00000000 00000000 00000000 00000000 00000000 00000000 00000000 00000000 00000000 00000000 00000000 00000000 00000000 00000000 00000000 15df6174 0000001e 9fb086d1 00000011 00000000 00000000 00000000 00000000 00000201 00000101 00000000 00000000 00000000 00000000 00000000 00000000 00000000 00003333 00004ccd 00002667 00000001 00000000 03938700 000004f8
capture_snapshot GLI1 00010000 60000000 2500000 717 0 60000000 0 0 0 0 0 0 0 8eee4088 00000011 9fb68810 00000011 00b302fc 00000000 00b302fc 00000000 0000006a 00000000 00000000 00000000 10c851af 00000000 00b30366 00000000 00000000 00000000 00000000 00000039 008b3199 00000001 00000000 00000001 00000000 00000000 00000000 00000000 00000000 00000000 00000000 00000000 00000000 00000000 00000000 00000000 00000000 00000000 00000000 00000000 15e963b5 0000001e 9fb68837 00000011 00000000 00000000 00000000 00000000 00000201 00000101 00000000 00000000 00000000 00000000 00000000 00000000 00000000 00003333 00004ccd 00002667 00000001 00000000 03938700 000004f8
capture_snapshot GLI1 00010000 60000000 2500000 718 0 60000000 0 0 0 0 0 0 0 8eee4088 00000011 9fbc8930 00000011 00b34308 00000000 00b34308 00000000 0000006a 00000000 00000000 00000000 10ce52d4 00000000 00b34372 00000000 00000000 00000000 00000000 00000039 008b3199 00000001 00000000 00000001 00000000 00000000 00000000 00000000 00000000 00000000 00000000 00000000 00000000 00000000 00000000 00000000 00000000 00000000 00000000 00000000 15f36589 0000001e 9fbc895c 00000011 00000000 00000000 00000000 00000000 00000202 00000101 00000000 00000000 00000000 00000000 00000000 00000000 00000000 00003333 00004ccd 00002667 00000001 00000000 03938700 000004f8
capture_snapshot GLI1 00010000 60000000 2500000 719 0 60000000 0 0 0 0 0 0 0 8eee4088 00000011 9fc28af8 00000011 00b3831b 00000000 00b3831b 00000000 0000006a 00000000 00000000 00000000 10d45497 00000000 00b38385 00000000 00000000 00000000 00000000 00000039 008b3199 00000001 00000000 00000001 00000000 00000000 00000000 00000000 00000000 00000000 00000000 00000000 00000000 00000000 00000000 00000000 00000000 00000000 00000000 00000000 15fd6866 0000001e 9fc28b1f 00000011 00000000 00000000 00000000 00000000 00000201 00000101 00000000 00000000 00000000 00000000 00000000 00000000 00000000 00003333 00004ccd 00002667 00000001 00000000 03938700 000004f8
capture_snapshot GLI1 00010000 60000000 2500000 720 0 60000000 0 0 0 0 0 0 0 8eee4088 00000011 9fc88780 00000011 00b3c2f6 00000000 00b3c2f6 00000000 0000006a 00000000 00000000 00000000 10da511c 00000000 00b3c360 00000000 00000000 00000000 00000000 00000039 008b3199 00000001 00000000 00000001 00000000 00000000 00000000 00000000 00000000 00000000 00000000 00000000 00000000 00000000 00000000 00000000 00000000 00000000 00000000 00000000 16076284 0000001e 9fc887a4 00000011 00000000 00000000 00000000 00000000 00000201 00000101 00000000 00000000 00000000 00000000 00000000 00000000 00000000 00003333 00004ccd 00002667 00000001 00000000 03938700 000004f8
capture_snapshot GLI1 00010000 60000000 2500000 721 0 60000000 0 0 0 0 0 0 0 8eee4088 00000011 9fce8510 00000011 00b402dc 00000000 00b402dc 00000000 0000006a 00000000 00000000 00000000 10e04eb9 00000000 00b40346 00000000 00000000 00000000 00000000 00000039 008b3199 00000001 00000000 00000001 00000000 00000000 00000000 00000000 00000000 00000000 00000000 00000000 00000000 00000000 00000000 00000000 00000000 00000000 00000000 00000000 16115e77 0000001e 9fce8541 00000011 00000000 00000000 00000000 00000000 00000201 00000100 00000000 00000000 00000000 00000000 00000000 00000000 00000000 00003333 00004ccd 00002667 00000001 00000000 03938700 000004f8
capture_snapshot GLI1 00010000 60000000 2500000 722 0 60000000 0 0 0 0 0 0 0 8eee4088 00000011 9fd498f0 00000011 00b443b0 00000000 00b443b0 00000000 0000006a 00000000 00000000 00000000 10e66288 00000000 00b4441a 00000000 00000000 00000000 00000000 00000039 008b3199 00000001 00000000 00000001 00000000 00000000 00000000 00000000 00000000 00000000 00000000 00000000 00000000 00000000 00000000 00000000 00000000 00000000 00000000 00000000 161b7f67 0000001e 9fd49910 00000011 00000000 00000000 00000000 00000000 00000201 00000101 00000000 00000000 00000000 00000000 00000000 00000000 00000000 00003333 00004ccd 00002667 00000001 00000000 03938700 000004f8
capture_snapshot GLI1 00010000 60000000 2500000 723 0 60000000 0 0 0 0 0 0 0 8eee4088 00000011 9fda9f38 00000011 00b483f3 00000000 00b483f2 00000000 0000006a 00000000 00000000 00000000 10ec68cd 00000000 00b4845d 00000000 00000000 00000000 00000000 0000003b 008b3199 00000001 00000001 00000001 00000000 00000000 00000000 00000000 00000000 00000000 00000000 00000000 00000000 00000000 00000000 00000000 00000000 00000000 00000000 00000000 162589c6 0000001e 9fda9f55 00000011 00000000 00000000 00000000 00000000 00000202 00000100 00000000 00000000 00000000 00000000 00000000 00000000 00000000 00003333 00004ccd 00002667 00000001 00000000 03938700 000004f8
capture_snapshot GLI1 00010000 60000000 2500000 724 0 60000000 0 0 0 0 0 0 0 8eee4088 00000011 9fe08a98 00000011 00b4c317 00000000 00b4c317 00000000 0000006a 00000000 00000000 00000000 10f25433 00000000 00b4c381 00000000 00000000 00000000 00000000 00000039 008b3199 00000001 00000000 00000001 00000000 00000000 00000000 00000000 00000000 00000000 00000000 00000000 00000000 00000000 00000000 00000000 00000000 00000000 00000000 00000000 162f675c 0000001e 9fe08abb 00000011 00000000 00000000 00000000 00000000 00000201 00000101 00000000 00000000 00000000 00000000 00000000 00000000 00000000 00003333 00004ccd 00002667 00000001 00000000 03938700 000004f8
capture_snapshot GLI1 00010000 60000000 2500000 725 0 60000000 0 0 0 0 0 0 0 8eee4088 00000011 9fe68630 00000011 00b502e8 00000000 00b502e8 00000000 0000006a 00000000 00000000 00000000 10f84fc7 00000000 00b50352 00000000 00000000 00000000 00000000 00000039 008b3199 00000001 00000000 00000001 00000000 00000000 00000000 00000000 00000000 00000000 00000000 00000000 00000000 00000000 00000000 00000000 00000000 00000000 00000000 00000000 16395feb 0000001e 9fe6864f 00000011 00000000 00000000 00000000 00000000 00000201 00000101 00000000 00000000 00000000 00000000 00000000 00000000 00000000 00003333 00004ccd 00002667 00000001 00000000 03938700 000004f8
capture_snapshot GLI1 00010000 60000000 2500000 726 0 60000000 0 0 0 0 0 0 0 8eee4088 00000011 9fec87e0 00000011 00b542fa 00000000 00b542fa 00000000 0000006a 00000000 00000000 00000000 10fe517c 00000000 00b54364 00000000 00000000 00000000 00000000 00000039 008b3199 00000001 00000000 00000001 00000000 00000000 00000000 00000000 00000000 00000000 00000000 00000000 00000000 00000000 00000000 00000000 00000000 00000000 00000000 00000000 164362af 0000001e 9fec8804 00000011 00000000 00000000 00000000 00000000 00000201 00000101 00000000 00000000 00000000 00000000 00000000 00000000 00000000 00003333 00004ccd 00002667 00000001 00000000 03938700 000004f8
capture_snapshot GLI1 00010000 60000000 2500000 727 0 60000000 0 0 0 0 0 0 0 8eee4088 00000011 9ff28cd8 00000011 00b5832f 00000000 00b5832f 00000000 0000006a 00000000 00000000 00000000 11045684 00000000 00b58399 00000000 00000000 00000000 00000000 00000039 008b3199 00000001 00000000 00000001 00000000 00000000 00000000 00000000 00000000 00000000 00000000 00000000 00000000 00000000 00000000 00000000 00000000 00000000 00000000 00000000 164d6afe 0000001e 9ff28d0c 00000011 00000000 00000000 00000000 00000000 00000201 00000101 00000000 00000000 00000000 00000000 00000000 00000000 00000000 00003333 00004ccd 00002667 00000001 00000000 03938700 000004f8
capture_snapshot GLI1 00010000 60000000 2500000 728 0 60000000 0 0 0 0 0 0 0 8eee4088 00000011 9ff88ba0 00000011 00b5c322 00000000 00b5c322 00000000 0000006a 00000000 00000000 00000000 110a554b 00000000 00b5c38c 00000000 00000000 00000000 00000000 00000039 008b3199 00000001 00000000 00000001 00000000 00000000 00000000 00000000 00000000 00000000 00000000 00000000 00000000 00000000 00000000 00000000 00000000 00000000 00000000 00000000 165768e1 0000001e 9ff88bd3 00000011 00000000 00000000 00000000 00000000 00000202 00000101 00000000 00000000 00000000 00000000 00000000 00000000 00000000 00003333 00004ccd 00002667 00000001 00000000 03938700 000004f8
capture_snapshot GLI1 00010000 60000000 2500000 729 0 60000000 0 0 0 0 0 0 0 8eee4088 00000011 9ffe87c8 00000011 00b602f9 00000000 00b602f9 00000000 0000006a 00000000 00000000 00000000 1110516e 00000000 00b60363 00000000 00000000 00000000 00000000 00000039 008b3199 00000001 00000000 00000001 00000000 00000000 00000000 00000000 00000000 00000000 00000000 00000000 00000000 00000000 00000000 00000000 00000000 00000000 00000000 00000000 1661625d 0000001e 9ffe87f6 00000011 00000000 00000000 00000000 00000000 00000201 00000101 00000000 00000000 00000000 00000000 00000000 00000000 00000000 00003333 00004ccd 00002667 00000001 00000000 03938700 000004f8
capture_snapshot GLI1 00010000 60000000 2500000 730 0 60000000 0 0 0 0 0 0 0 8eee4088 00000011 a0048558 00000011 00b642df 00000000 00b642df 00000000 0000006a 00000000 00000000 00000000 11164ef8 00000000 00b64349 00000000 00000000 00000000 00000000 00000039 008b3199 00000001 00000000 00000001 00000000 00000000 00000000 00000000 00000000 00000000 00000000 00000000 00000000 00000000 00000000 00000000 00000000 00000000 00000000 00000000 166b5e30 0000001e a0048580 00000011 00000000 00000000 00000000 00000000 00000201 00000100 00000000 00000000 00000000 00000000 00000000 00000000 00000000 00003333 00004ccd 00002667 00000001 00000000 03938700 000004f8
capture_snapshot GLI1 00010000 60000000 2500000 731 0 60000000 0 0 0 0 0 0 0 8eee4088 00000011 a00a8978 00000011 00b6830b 00000000 00b6830b 00000000 0000006a 00000000 00000000 00000000 111c5314 00000000 00b68375 00000000 00000000 00000000 00000000 00000039 008b3199 00000001 00000000 00000001 00000000 00000000 00000000 00000000 00000000 00000000 00000000 00000000 00000000 00000000 00000000 00000000 00000000 00000000 00000000 00000000 167564f6 0000001e a00a899c 00000011 00000000 00000000 00000000 00000000 00000201 00000101 00000000 00000000 00000000 00000000 00000000 00000000 00000000 00003333 00004ccd 00002667 00000001 00000000 03938700 000004f8
capture_snapshot GLI1 00010000 60000000 2500000 732 0 60000000 0 0 0 0 0 0 0 8eee4088 00000011 a0109d10 00000011 00b6c3dc 00000000 00b6c3dc 00000000 0000006a 00000000 00000000 00000000 112266b7 00000000 00b6c446 00000000 00000000 00000000 00000000 00000039 008b3199 00000001 00000000 00000001 00000000 00000000 00000000 00000000 00000000 00000000 00000000 00000000 00000000 00000000 00000000 00000000 00000000 00000000 00000000 00000000 167f859c 0000001e a0109d3f 00000011 00000000 00000000 00000000 00000000 00000202 00000101 00000000 00000000 00000000 00000000 00000000 00000000 00000000 00003333 00004ccd 00002667 00000001 00000000 03938700 000004f8
capture_snapshot GLI1 00010000 60000000 2500000 733 0 60000000 0 0 0 0 0 0 0 8eee4088 00000011 a016a3b8 00000011 00b70423 00000000 00b70423 00000000 0000006a 00000000 00000000 00000000 11286d53 00000000 00b7048d 00000000 00000000 00000000 00000000 00000039 008b3199 00000001 00000000 00000001 00000000 00000000 00000000 00000000 00000000 00000000 00000000 00000000 00000000 00000000 00000000 00000000 00000000 00000000 00000000 00000000 1689908d 0000001e a016a3db 00000011 00000000 00000000 00000000 00000000 00000201 00000101 00000000 00000000 00000000 00000000 00000000 00000000 00000000 00003333 00004ccd 00002667 00000001 00000000 03938700 000004f8
capture_snapshot GLI1 00010000 60000000 2500000 734 0 60000000 0 0 0 0 0 0 0 8eee4088 00000011 a01c8648 00000011 00b742e9 00000000 00b742e9 00000000 0000006a 00000000 00000000 00000000 112e4ff1 00000000 00b74353 00000000 00000000 00000000 00000000 00000039 008b3199 00000001 00000000 00000001 00000000 00000000 00000000 00000000 00000000 00000000 00000000 00000000 00000000 00000000 00000000 00000000 00000000 00000000 00000000 00000000 16935f81 0000001e a01c8679 00000011 00000000 00000000 00000000 00000000 00000201 00000100 00000000 00000000 00000000 00000000 00000000 00000000 00000000 00003333 00004ccd 00002667 00000001 00000000 03938700 000004f8
capture_snapshot GLI1 00010000 60000000 2500000 735 0 60000000 0 0 0 0 0 0 0 8eee4088 00000011 a02285b8 00000011 00b782e3 00000000 00b782e3 00000000 0000006a 00000000 00000000 00000000 11344f5e 00000000 00b7834d 00000000 00000000 00000000 00000000 00000039 008b3199 00000001 00000000 00000001 00000000 00000000 00000000 00000000 00000000 00000000 00000000 00000000 00000000 00000000 00000000 00000000 00000000 00000000 00000000 00000000 169d5e78 0000001e a02285e6 00000011 00000000 00000000 00000000 00000000 00000202 00000101 00000000 00000000 00000000 00000000 00000000 00000000 00000000 00003333 00004ccd 00002667 00000001 00000000 03938700 000004f8
capture_snapshot GLI1 00010000 60000000 2500000 736 0 60000000 0 0 0 0 0 0 0 8eee4088 00000011 a0288d50 00000011 00b7c334 00000000 00b7c334 00000000 0000006a 00000000 00000000 00000000 113a56f1 00000000 00b7c39e 00000000 00000000 00000000 00000000 00000039 008b3199 00000001 00000000 00000001 00000000 00000000 00000000 00000000 00000000 00000000 00000000 00000000 00000000 00000000 00000000 00000000 00000000 00000000 00000000 00000000 16a76b05 0000001e a0288d79 00000011 00000000 00000000 00000000 00000000 00000201 00000101 00000000 00000000 00000000 00000000 00000000 00000000 00000000 00003333 00004ccd 00002667 00000001 00000000 03938700 000004f8
capture_snapshot GLI1 00010000 60000000 2500000 737 0 60000000 0 0 0 0 0 0 0 8eee4088 00000011 a02e89a8 00000011 00b8030d 00000000 00b8030d 00000000 0000006a 00000000 00000000 00000000 11405351 00000000 00b80377 00000000 00000000 00000000 00000000 00000039 008b3199 00000001 00000000 00000001 00000000 00000000 00000000 00000000 00000000 00000000 00000000 00000000 00000000 00000000 00000000 00000000 00000000 00000000 00000000 00000000 16b164e7 0000001e a02e89d9 00000011 00000000 00000000 00000000 00000000 00000201 00000101 00000000 00000000 00000000 00000000 00000000 00000000 00000000 00003333 00004ccd 00002667 00000001 00000000 03938700 000004f8
capture_snapshot GLI1 00010000 60000000 2500000 738 0 60000000 0 0 0 0 0 0 0 8eee4088 00000011 a03484b0 00000011 00b842d8 00000000 00b842d8 00000000 0000006a 00000000 00000000 00000000 11464e46 00000000 00b84342 00000000 00000000 00000000 00000000 00000039 008b3199 00000001 00000000 00000001 00000000 00000000 00000000 00000000 00000000 00000000 00000000 00000000 00000000 00000000 00000000 00000000 00000000 00000000 00000000 00000000 16bb5c6b 0000001e a03484ce 00000011 00000000 00000000 00000000 00000000 00000201 00000100 00000000 00000000 00000000 00000000 00000000 00000000 00000000 00003333 00004ccd 00002667 00000001 00000000 03938700 000004f8
capture_snapshot GLI1 00010000 60000000 2500000 739 0 60000000 0 0 0 0 0 0 0 8eee4088 00000011 a03a83f0 00000011 00b882d0 00000000 00b882d0 00000000 0000006a 00000000 00000000 00000000 114c4d93 00000000 00b8833a 00000000 00000000 00000000 00000000 00000039 008b3199 00000001 00000000 00000001 00000000 00000000 00000000 00000000 00000000 00000000 00000000 00000000 00000000 00000000 00000000 00000000 00000000 00000000 00000000 00000000 16c55b2d 0000001e a03a841b 00000011 00000000 00000000 00000000 00000000 00000202 00000101 00000000 00000000 00000000 00000000 00000000 00000000 00000000 00003333 00004ccd 00002667 00000001 00000000 03938700 000004f8
capture_snapshot GLI1 00010000 60000000 2500000 740 0 60000000 0 0 0 0 0 0 0 8eee4088 00000011 a0408678 00000011 00b8c2eb 00000000 00b8c2eb 00000000 0000006a 00000000 00000000 00000000 11525011 00000000 00b8c355 00000000 00000000 00000000 00000000 00000039 008b3199 00000001 00000000 00000001 00000000 00000000 00000000 00000000 00000000 00000000 00000000 00000000 00000000 00000000 00000000 00000000 00000000 00000000 00000000 00000000 16cf5f40 0000001e a0408699 00000011 00000000 00000000 00000000 00000000 00000201 00000101 00000000 00000000 00000000 00000000 00000000 00000000 00000000 00003333 00004ccd 00002667 00000001 00000000 03938700 000004f8
capture_snapshot GLI1 00010000 60000000 2500000 741 0 60000000 0 0 0 0 0 0 0 8eee4088 00000011 a0468e88 00000011 00b90341 00000000 00b90341 00000000 0000006a 00000000 00000000 00000000 11585821 00000000 00b903ab 00000000 00000000 00000000 00000000 00000039 008b3199 00000001 00000000 00000001 00000000 00000000 00000000 00000000 00000000 00000000 00000000 00000000 00000000 00000000 00000000 00000000 00000000 00000000 00000000 00000000 16d96c9d 0000001e a0468ea9 00000011 00000000 00000000 00000000 00000000 00000202 00000101 00000000 00000000 00000000 00000000 00000000 00000000 00000000 00003333 00004ccd 00002667 00000001 00000000 03938700 000004f8
capture_snapshot GLI1 00010000 60000000 2500000 742 0 60000000 0 0 0 0 0 0 0 8eee4088 00000011 a04cafb8 00000011 00b944a3 00000000 00b944a3 00000000 0000006a 00000000 00000000 00000000 115e795f 00000000 00b9450d 00000000 00000000 00000000 00000000 00000039 008b3199 00000001 00000000 00000001 00000000 00000000 00000000 00000000 00000000 00000000 00000000 00000000 00000000 00000000 00000000 00000000 00000000 00000000 00000000 00000000 16e3a3f1 0000001e a04cafe7 00000011 00000000 00000000 00000000 00000000 00000201 00000101 00000000 00000000 00000000 00000000 00000000 00000000 00000000 00003333 00004ccd 00002667 00000001 00000000 03938700 000004f8
capture_snapshot GLI1 00010000 60000000 2500000 743 0 60000000 0 0 0 0 0 0 0 8eee4088 00000011 a0529c98 00000011 00b983d7 00000000 00b983d7 00000000 0000006a 00000000 00000000 00000000 11646636 00000000 00b98441 00000000 00000000 00000000 00000000 00000039 008b3199 00000001 00000000 00000001 00000000 00000000 00000000 00000000 00000000 00000000 00000000 00000000 00000000 00000000 00000000 00000000 00000000 00000000 00000000 00000000 16ed83ef 0000001e a0529cbe 00000011 00000000 00000000 00000000 00000000 00000201 00000101 00000000 00000000 00000000 00000000 00000000 00000000 00000000 00003333 00004ccd 00002667 00000001 00000000 03938700 000004f8
capture_snapshot GLI1 00010000 60000000 2500000 744 0 60000000 0 0 0 0 0 0 0 8eee4088 00000011 a0588678 00000011 00b9c2eb 00000000 00b9c2eb 00000000 0000006a 00000000 00000000 00000000 116a5023 00000000 00b9c355 00000000 00000000 00000000 00000000 00000039 008b3199 00000001 00000000 00000001 00000000 00000000 00000000 00000000 00000000 00000000 00000000 00000000 00000000 00000000 00000000 00000000 00000000 00000000 00000000 00000000 16f75f11 0000001e a05886ab 00000011 00000000 00000000 00000000 00000000 00000201 00000101 00000000 00000000 00000000 00000000 00000000 00000000 00000000 00003333 00004ccd 00002667 00000001 00000000 03938700 000004f8
capture_snapshot GLI1 00010000 60000000 2500000 745 0 60000000 0 0 0 0 0 0 0 8eee4088 00000011 a05e90f8 00000011 00ba035b 00000000 00ba035b 00000000 0000006a 00000000 00000000 00000000 11705aa1 00000000 00ba03c5 00000000 00000000 00000000 00000000 00000039 008b3199 00000001 00000000 00000001 00000000 00000000 00000000 00000000 00000000 00000000 00000000 00000000 00000000 00000000 00000000 00000000 00000000 00000000 00000000 00000000 1701707a 0000001e a05e9129 00000011 00000000 00000000 00000000 00000000 00000201 00000101 00000000 00000000 00000000 00000000 00000000 00000000 00000000 00003333 00004ccd 00002667 00000001 00000000 03938700 000004f8
capture_snapshot GLI1 00010000 60000000 2500000 746 0 60000000 0 0 0 0 0 0 0 8eee4088 00000011 a0648ae0 00000011 00ba431a 00000000 00ba431a 00000000 0000006a 00000000 00000000 00000000 1176548b 00000000 00ba4384 00000000 00000000 00000000 00000000 00000039 008b3199 00000001 00000000 00000001 00000000 00000000 00000000 00000000 00000000 00000000 00000000 00000000 00000000 00000000 00000000 00000000 00000000 00000000 00000000 00000000 170b6641 0000001e a0648b13 00000011 00000000 00000000 00000000 00000000 00000201 00000101 00000000 00000000 00000000 00000000 00000000 00000000 00000000 00003333 00004ccd 00002667 00000001 00000000 03938700 000004f8
capture_snapshot GLI1 00010000 60000000 2500000 747 0 60000000 0 0 0 0 0 0 0 8eee4088 00000011 a06a9128 00000011 00ba835d 00000000 00ba835d 00000000 0000006a 00000000 00000000 00000000 117c5ac4 00000000 00ba83c7 00000000 00000000 00000000 00000000 00000039 008b3199 00000001 00000000 00000001 00000000 00000000 00000000 00000000 00000000 00000000 00000000 00000000 00000000 00000000 00000000 00000000 00000000 00000000 00000000 00000000 1715708d 0000001e a06a914c 00000011 00000000 00000000 00000000 00000000 00000201 00000101 00000000 00000000 00000000 00000000 00000000 00000000 00000000 00003333 00004ccd 00002667 00000001 00000000 03938700 000004f8
capture_snapshot GLI1 00010000 60000000 2500000 748 0 60000000 0 0 0 0 0 0 0 8eee4088 00000011 a0708648 00000011 00bac2e9 00000000 00bac2e9 00000000 0000006a 00000000 00000000 00000000 11824fe2 00000000 00bac353 00000000 00000000 00000000 00000000 00000039 008b3199 00000001 00000000 00000001 00000000 00000000 00000000 00000000 00000000 00000000 00000000 00000000 00000000 00000000 00000000 00000000 00000000 00000000 00000000 00000000 171f5e56 0000001e a070866a 00000011 00000000 00000000 00000000 00000000 00000202 00000100 00000000 00000000 00000000 00000000 00000000 00000000 00000000 00003333 00004ccd 00002667 00000001 00000000 03938700 000004f8
capture_snapshot GLI1 00010000 60000000 2500000 749 0 60000000 0 0 0 0 0 0 0 8eee4088 00000011 a07686f0 00000011 00bb02f0 00000000 00bb02f0 00000000 0000006a 00000000 00000000 00000000 1188508c 00000000 00bb035a 00000000 00000000 00000000 00000000 00000039 008b3199 00000001 00000000 00000001 00000000 00000000 00000000 00000000 00000000 00000000 00000000 00000000 00000000 00000000 00000000 00000000 00000000 00000000 00000000 00000000 17295f5e 0000001e a0768714 00000011 00000000 00000000 00000000 00000000 00000201 00000101 00000000 00000000 00000000 00000000 00000000 00000000 00000000 00003333 00004ccd 00002667 00000001 00000000 03938700 000004f8
capture_snapshot GLI1 00010000 60000000 2500000 750 0 60000000 0 0 0 0 0 0 0 8eee4088 00000011 a07c8ae0 00000011 00bb431a 00000000 00bb431a 00000000 0000006a 00000000 00000000 00000000 118e548c 00000000 00bb4384 00000000 00000000 00000000 00000000 00000039 008b3199 00000001 00000000 00000001 00000000 00000000 00000000 00000000 00000000 00000000 00000000 00000000 00000000 00000000 00000000 00000000 00000000 00000000 00000000 00000000 173365f6 0000001e a07c8b14 00000011 00000000 00000000 00000000 00000000 00000201 00000101 00000000 00000000 00000000 00000000 00000000 00000000 00000000 00003333 00004ccd 00002667 00000001 00000000 03938700 000004f8
capture_snapshot GLI1 00010000 60000000 2500000 751 0 60000000 0 0 0 0 0 0 0 8eee4088 00000011 a08290e0 00000011 00bb835a 00000000 00bb835a 00000000 0000006a 00000000 00000000 00000000 11945a85 00000000 00bb83c4 00000000 00000000 00000000 00000000 00000039 008b3199 00000001 00000000 00000001 00000000 00000000 00000000 00000000 00000000 00000000 00000000 00000000 00000000 00000000 00000000 00000000 00000000 00000000 00000000 00000000 173d6fd6 0000001e a082910d 00000011 00000000 00000000 00000000 00000000 00000201 00000100 00000000 00000000 00000000 00000000 00000000 00000000 00000000 00003333 00004ccd 00002667 00000001 00000000 03938700 000004f8
capture_snapshot GLI1 00010000 60000000 2500000 752 0 60000000 0 0 0 0 0 0 0 8eee4088 00000011 a08899b0 00000011 00bbc3b8 00000000 00bbc3b8 00000000 0000006a 00000000 00000000 00000000 119a634c 00000000 00bbc422 00000000 00000000 00000000 00000000 00000039 008b3199 00000001 00000000 00000001 00000000 00000000 00000000 00000000 00000000 00000000 00000000 00000000 00000000 00000000 00000000 00000000 00000000 00000000 00000000 00000000 17477e63 0000001e a08899d4 00000011 00000000 00000000 00000000 00000000 00000202 00000101 00000000 00000000 00000000 00000000 00000000 00000000 00000000 00003333 00004ccd 00002667 00000001 00000000 03938700 000004f8
capture_snapshot GLI1 00010000 60000000 2500000 753 0 60000000 0 0 0 0 0 0 0 8eee4088 00000011 a08e98c0 00000011 00bc03ae 00000000 00bc03ae 00000000 0000006a 00000000 00000000 00000000 11a06257 00000000 00bc0418 00000000 00000000 00000000 00000000 00000039 008b3199 00000001 00000000 00000001 00000000 00000000 00000000 00000000 00000000 00000000 00000000 00000000 00000000 00000000 00000000 00000000 00000000 00000000 00000000 00000000 17517cb8 0000001e a08e98df 00000011 00000000 00000000 00000000 00000000 00000201 00000101 00000000 00000000 00000000 00000000 00000000 00000000 00000000 00003333 00004ccd 00002667 00000001 00000000 03938700 000004f8
capture_snapshot GLI1 00010000 60000000 2500000 754 0 60000000 0 0 0 0 0 0 0 8eee4088 00000011 a0949128 00000011 00bc435d 00000000 00bc435d 00000000 0000006a 00000000 00000000 00000000 11a65abd 00000000 00bc43c7 00000000 00000000 00000000 00000000 00000039 008b3199 00000001 00000000 00000001 00000000 00000000 00000000 00000000 00000000 00000000 00000000 00000000 00000000 00000000 00000000 00000000 00000000 00000000 00000000 00000000 175b6ff9 0000001e a0949145 00000011 00000000 00000000 00000000 00000000 00000201 00000101 00000000 00000000 00000000 00000000 00000000 00000000 00000000 00003333 00004ccd 00002667 00000001 00000000 03938700 000004f8
capture_snapshot GLI1 00010000 60000000 2500000 755 0 60000000 0 0 0 0 0 0 0 8eee4088 00000011 a09a8b88 00000011 00bc8321 00000000 00bc8321 00000000 0000006a 00000000 00000000 00000000 11ac5530 00000000 00bc838b 00000000 00000000 00000000 00000000 00000039 008b3199 00000001 00000000 00000001 00000000 00000000 00000000 00000000 00000000 00000000 00000000 00000000 00000000 00000000 00000000 00000000 00000000 00000000 00000000 00000000 176566a5 0000001e a09a8bb8 00000011 00000000 00000000 00000000 00000000 00000201 00000101 00000000 00000000 00000000 00000000 00000000 00000000 00000000 00003333 00004ccd 00002667 00000001 00000000 03938700 000004f8
capture_snapshot GLI1 00010000 60000000 2500000 756 0 60000000 0 0 0 0 0 0 0 8eee4088 00000011 a0a089d8 00000011 00bcc30f 00000000 00bcc30f 00000000 0000006a 00000000 00000000 00000000 11b25377 00000000 00bcc379 00000000 00000000 00000000 00000000 00000039 008b3199 00000001 00000000 00000001 00000000 00000000 00000000 00000000 00000000 00000000 00000000 00000000 00000000 00000000 00000000 00000000 00000000 00000000 00000000 00000000 176f63b3 0000001e a0a089ff 00000011 00000000 00000000 00000000 00000000 00000201 00000101 00000000 00000000 00000000 00000000 00000000 00000000 00000000 00003333 00004ccd 00002667 00000001 00000000 03938700 000004f8
capture_snapshot GLI1 00010000 60000000 2500000 757 0 60000000 0 0 0 0 0 0 0 8eee4088 00000011 a0a686a8 00000011 00bd02ed 00000000 00bd02ed 00000000 0000006a 00000000 00000000 00000000 11b85049 00000000 00bd0357 00000000 00000000 00000000 00000000 00000039 008b3199 00000001 00000000 00000001 00000000 00000000 00000000 00000000 00000000 00000000 00000000 00000000 00000000 00000000 00000000 00000000 00000000 00000000 00000000 00000000 17795e51 0000001e a0a686d1 00000011 00000000 00000000 00000000 00000000 00000201 00000101 00000000 00000000 00000000 00000000 00000000 00000000 00000000 00003333 00004ccd 00002667 00000001 00000000 03938700 000004f8
capture_snapshot GLI1 00010000 60000000 2500000 758 0 60000000 0 0 0 0 0 0 0 8eee4088 00000011 a0ac8768 00000011 00bd42f5 00000000 00bd42f5 00000000 0000006a 00000000 00000000 00000000 11be5107 00000000 00bd435f 00000000 00000000 00000000 00000000 00000039 008b3199 00000001 00000000 00000001 00000000 00000000 00000000 00000000 00000000 00000000 00000000 00000000 00000000 00000000 00000000 00000000 00000000 00000000 00000000 00000000 17835f7b 0000001e a0ac878f 00000011 00000000 00000000 00000000 00000000 00000202 00000101 00000000 00000000 00000000 00000000 00000000 00000000 00000000 00003333 00004ccd 00002667 00000001 00000000 03938700 000004f8
capture_snapshot GLI1 00010000 60000000 2500000 759 0 60000000 0 0 0 0 0 0 0 8eee4088 00000011 a0b27f88 00000011 00bd82a1 00000000 00bd82a1 00000000 0000006a 00000000 00000000 00000000 11c4492f 00000000 00bd830b 00000000 00000000 00000000 00000000 00000039 008b3199 00000001 00000000 00000001 00000000 00000000 00000000 00000000 00000000 00000000 00000000 00000000 00000000 00000000 00000000 00000000 00000000 00000000 00000000 00000000 178d5255 0000001e a0b27fb7 00000011 00000000 00000000 00000000 00000000 00000201 00000101 00000000 00000000 00000000 00000000 00000000 00000000 00000000 00003333 00004ccd 00002667 00000001 00000000 03938700 000004f8
capture_snapshot GLI1 00010000 60000000 2500000 760 0 60000000 0 0 0 0 0 0 0 8eee4088 00000011 a0b86c80 00000011 00bdc1d6 00000000 00bdc1d6 00000000 0000006a 00000000 00000000 00000000 11ca3623 00000000 00bdc240 00000000 00000000 00000000 00000000 00000039 008b3199 00000001 00000000 00000001 00000000 00000000 00000000 00000000 00000000 00000000 00000000 00000000 00000000 00000000 00000000 00000000 00000000 00000000 00000000 00000000 17973282 0000001e a0b86cab 00000011 00000000 00000000 00000000 00000000 00000201 00000101 00000000 00000000 00000000 00000000 00000000 00000000 00000000 00003333 00004ccd 00002667 00000001 00000000 03938700 000004f8
capture_snapshot GLI1 00010000 60000000 2500000 761 0 60000000 0 0 0 0 0 0 0 8eee4088 00000011 a0be6b78 00000011 00be01cb 00000000 00be01cb 00000000 0000006a 00000000 00000000 00000000 11d0351c 00000000 00be0235 00000000 00000000 00000000 00000000 00000039 008b3199 00000001 00000000 00000001 00000000 00000000 00000000 00000000 00000000 00000000 00000000 00000000 00000000 00000000 00000000 00000000 00000000 00000000 00000000 00000000 17a130b9 0000001e a0be6ba4 00000011 00000000 00000000 00000000 00000000 00000202 00000101 00000000 00000000 00000000 00000000 00000000 00000000 00000000 00003333 00004ccd 00002667 00000001 00000000 03938700 000004f8
capture_snapshot GLI1 00010000 60000000 2500000 762 0 60000000 0 0 0 0 0 0 0 8eee4088 00000011 a0c47430 00000011 00be4228 00000000 00be4228 00000000 0000006a 00000000 00000000 00000000 11d63dda 00000000 00be4292 00000000 00000000 00000000 00000000 00000039 008b3199 00000001 00000000 00000001 00000000 00000000 00000000 00000000 00000000 00000000 00000000 00000000 00000000 00000000 00000000 00000000 00000000 00000000 00000000 00000000 17ab3f38 0000001e a0c47462 00000011 00000000 00000000 00000000 00000000 00000201 00000101 00000000 00000000 00000000 00000000 00000000 00000000 00000000 00003333 00004ccd 00002667 00000001 00000000 03938700 000004f8
capture_snapshot GLI1 00010000 60000000 2500000 763 0 60000000 0 0 0 0 0 0 0 8eee4088 00000011 a0ca6680 00000011 00be8196 00000000 00be8196 00000000 0000006a 00000000 00000000 00000000 11dc301f 00000000 00be8200 00000000 00000000 00000000 00000000 00000039 008b3199 00000001 00000000 00000001 00000000 00000000 00000000 00000000 00000000 00000000 00000000 00000000 00000000 00000000 00000000 00000000 00000000 00000000 00000000 00000000 17b52842 0000001e a0ca66a7 00000011 00000000 00000000 00000000 00000000 00000201 00000101 00000000 00000000 00000000 00000000 00000000 00000000 00000000 00003333 00004ccd 00002667 00000001 00000000 03938700 000004f8
capture_snapshot GLI1 00010000 60000000 2500000 764 0 60000000 0 0 0 0 0 0 0 8eee4088 00000011 a0d066e0 00000011 00bec19a 00000000 00bec19a 00000000 0000006a 00000000 00000000 00000000 11e2308a 00000000 00bec204 00000000 00000000 00000000 00000000 00000039 008b3199 00000001 00000000 00000001 00000000 00000000 00000000 00000000 00000000 00000000 00000000 00000000 00000000 00000000 00000000 00000000 00000000 00000000 00000000 00000000 17bf28e1 0000001e a0d06712 00000011 00000000 00000000 00000000 00000000 00000201 00000101 00000000 00000000 00000000 00000000 00000000 00000000 00000000 00003333 00004ccd 00002667 00000001 00000000 03938700 000004f8
capture_snapshot GLI1 00010000 60000000 2500000 765 0 60000000 0 0 0 0 0 0 0 8eee4088 00000011 a0d66608 00000011 00bf0191 00000000 00bf0191 00000000 0000006a 00000000 00000000 00000000 11e82fa9 00000000 00bf01fb 00000000 00000000 00000000 00000000 00000039 008b3199 00000001 00000000 00000001 00000000 00000000 00000000 00000000 00000000 00000000 00000000 00000000 00000000 00000000 00000000 00000000 00000000 00000000 00000000 00000000 17c92756 0000001e a0d66631 00000011 00000000 00000000 00000000 00000000 00000202 00000101 00000000 00000000 00000000 00000000 00000000 00000000 00000000 00003333 00004ccd 00002667 00000001 00000000 03938700 000004f8
capture_snapshot GLI1 00010000 60000000 2500000 766 0 60000000 0 0 0 0 0 0 0 8eee4088 00000011 a0dc65f0 00000011 00bf4190 00000000 00bf418f 00000000 0000006a 00000000 00000000 00000000 11ee2f84 00000000 00bf41fa 00000000 00000000 00000000 00000000 0000003b 008b3199 00000001 00000001 00000001 00000000 00000000 00000000 00000000 00000000 00000000 00000000 00000000 00000000 00000000 00000000 00000000 00000000 00000000 00000000 00000000 17d32706 0000001e a0dc660c 00000011 00000000 00000000 00000000 00000000 00000201 00000101 00000000 00000000 00000000 00000000 00000000 00000000 00000000 00003333 00004ccd 00002667 00000001 00000000 03938700 000004f8
capture_snapshot GLI1 00010000 60000000 2500000 767 0 60000000 0 0 0 0 0 0 0 8eee4088 00000011 a0e266c8 00000011 00bf8199 00000000 00bf8199 00000000 0000006a 00000000 00000000 00000000 11f43071 00000000 00bf8203 00000000 00000000 00000000 00000000 00000039 008b3199 00000001 00000000 00000001 00000000 00000000 00000000 00000000 00000000 00000000 00000000 00000000 00000000 00000000 00000000 00000000 00000000 00000000 00000000 00000000 17dd287c 0000001e a0e266f9 00000011 00000000 00000000 00000000 00000000 00000202 00000101 00000000 00000000 00000000 00000000 00000000 00000000 00000000 00003333 00004ccd 00002667 00000001 00000000 03938700 000004f8
capture_snapshot GLI1 00010000 60000000 2500000 768 0 60000000 0 0 0 0 0 0 0 8eee4088 00000011 a0e86578 00000011 00bfc18b 00000000 00bfc18b 00000000 0000006a 00000000 00000000 00000000 11fa2f0d 00000000 00bfc1f5 00000000 00000000 00000000 00000000 00000039 008b3199 00000001 00000000 00000001 00000000 00000000 00000000 00000000 00000000 00000000 00000000 00000000 00000000 00000000 00000000 00000000 00000000 00000000 00000000 00000000 17e72618 0000001e a0e86595 00000011 00000000 00000000 00000000 00000000 00000201 00000101 00000000 00000000 00000000 00000000 00000000 00000000 00000000 00003333 00004ccd 00002667 00000001 00000000 03938700 000004f8
capture_snapshot GLI1 00010000 60000000 2500000 769 0 60000000 0 0 0 0 0 0 0 8eee4088 00000011 a0ee6428 00000011 00c0017d 00000000 00c0017d 00000000 0000006a 00000000 00000000 00000000 12002dc6 00000000 00c001e7 00000000 00000000 00000000 00000000 00000039 008b3199 00000001 00000000 00000001 00000000 00000000 00000000 00000000 00000000 00000000 00000000 00000000 00000000 00000000 00000000 00000000 00000000 00000000 00000000 00000000 17f123e2 0000001e a0ee644e 00000011 00000000 00000000 00000000 00000000 00000201 00000101 00000000 00000000 00000000 00000000 00000000 00000000 00000000 00003333 00004ccd 00002667 00000001 00000000 03938700 000004f8
capture_snapshot GLI1 00010000 60000000 2500000 770 0 60000000 0 0 0 0 0 0 0 8eee4088 00000011 a0f46710 00000011 00c0419c 00000000 00c0419c 00000000 0000006a 00000000 00000000 00000000 120630a6 00000000 00c04206 00000000 00000000 00000000 00000000 00000039 008b3199 00000001 00000000 00000001 00000000 00000000 00000000 00000000 00000000 00000000 00000000 00000000 00000000 00000000 00000000 00000000 00000000 00000000 00000000 00000000 17fb2899 0000001e a0f4672e 00000011 00000000 00000000 00000000 00000000 00000201 00000101 00000000 00000000 00000000 00000000 00000000 00000000 00000000 00003333 00004ccd 00002667 00000001 00000000 03938700 000004f8
capture_snapshot GLI1 00010000 60000000 2500000 771 0 60000000 0 0 0 0 0 0 0 8eee4088 00000011 a0fa6de8 00000011 00c081e5 00000000 00c081e5 00000000 0000006a 00000000 00000000 00000000 120c3790 00000000 00c0824f 00000000 00000000 00000000 00000000 00000039 008b3199 00000001 00000000 00000001 00000000 00000000 00000000 00000000 00000000 00000000 00000000 00000000 00000000 00000000 00000000 00000000 00000000 00000000 00000000 00000000 1805340d 0000001e a0fa6e18 00000011 00000000 00000000 00000000 00000000 00000201 00000101 00000000 00000000 00000000 00000000 00000000 00000000 00000000 00003333 00004ccd 00002667 00000001 00000000 03938700 000004f8
capture_snapshot GLI1 00010000 60000000 2500000 772 0 60000000 0 0 0 0 0 0 0 8eee4088 00000011 a1006608 00000011 00c0c191 00000000 00c0c191 00000000 0000006a 00000000 00000000 00000000 12122fa2 00000000 00c0c1fb 00000000 00000000 00000000 00000000 00000039 008b3199 00000001 00000000 00000001 00000000 00000000 00000000 00000000 00000000 00000000 00000000 00000000 00000000 00000000 00000000 00000000 00000000 00000000 00000000 00000000 180f26c2 0000001e a100662a 00000011 00000000 00000000 00000000 00000000 00000201 00000101 00000000 00000000 00000000 00000000 00000000 00000000 00000000 00003333 00004ccd 00002667 00000001 00000000 03938700 000004f8
capture_snapshot GLI1 00010000 60000000 2500000 773 0 60000000 0 0 0 0 0 0 0 8eee4088 00000011 a1066668 00000011 00c10195 00000000 00c10195 00000000 0000006a 00000000 00000000 00000000 12183011 00000000 00c101ff 00000000 00000000 00000000 00000000 00000039 008b3199 00000001 00000000 00000001 00000000 00000000 00000000 00000000 00000000 00000000 00000000 00000000 00000000 00000000 00000000 00000000 00000000 00000000 00000000 00000000 18192767 0000001e a1066699 00000011 00000000 00000000 00000000 00000000 00000202 00000101 00000000 00000000 00000000 00000000 00000000 00000000 00000000 00003333 00004ccd 00002667 00000001 00000000 03938700 000004f8
capture_snapshot GLI1 00010000 60000000 2500000 774 0 60000000 0 0 0 0 0 0 0 8eee4088 00000011 a10c64e8 00000011 00c14185 00000000 00c14185 00000000 0000006a 00000000 00000000 00000000 121e2e8a 00000000 00c141ef 00000000 00000000 00000000 00000000 00000039 008b3199 00000001 00000000 00000001 00000000 00000000 00000000 00000000 00000000 00000000 00000000 00000000 00000000 00000000 00000000 00000000 00000000 00000000 00000000 00000000 182324c8 0000001e a10c6512 00000011 00000000 00000000 00000000 00000000 00000201 00000100 00000000 00000000 00000000 00000000 00000000 00000000 00000000 00003333 00004ccd 00002667 00000001 00000000 03938700 000004f8
capture_snapshot GLI1 00010000 60000000 2500000 775 0 60000000 0 0 0 0 0 0 0 8eee4088 00000011 a1126698 00000011 00c18197 00000000 00c18197 00000000 0000006a 00000000 00000000 00000000 1224303b 00000000 00c18201 00000000 00000000 00000000 00000000 00000039 008b3199 00000001 00000000 00000001 00000000 00000000 00000000 00000000 00000000 00000000 00000000 00000000 00000000 00000000 00000000 00000000 00000000 00000000 00000000 00000000 182d2786 0000001e a11266c3 00000011 00000000 00000000 00000000 00000000 00000201 00000100 00000000 00000000 00000000 00000000 00000000 00000000 00000000 00003333 00004ccd 00002667 00000001 00000000 03938700 000004f8
capture_snapshot GLI1 00010000 60000000 2500000 776 0 60000000 0 0 0 0 0 0 0 8eee4088 00000011 a11866e0 00000011 00c1c19a 00000000 00c1c19a 00000000 0000006a 00000000 00000000 00000000 122a3078 00000000 00c1c204 00000000 00000000 00000000 00000000 00000039 008b3199 00000001 00000000 00000001 00000000 00000000 00000000 00000000 00000000 00000000 00000000 00000000 00000000 00000000 00000000 00000000 00000000 00000000 00000000 00000000 183727d8 0000001e a1186700 00000011 00000000 00000000 00000000 00000000 00000202 00000100 00000000 00000000 00000000 00000000 00000000 00000000 00000000 00003333 00004ccd 00002667 00000001 00000000 03938700 000004f8
capture_snapshot GLI1 00010000 60000000 2500000 777 0 60000000 0 0 0 0 0 0 0 8eee4088 00000011 a11e6518 00000011 00c20187 00000000 00c20187 00000000 0000006a 00000000 00000000 00000000 12302ebe 00000000 00c201f1 00000000 00000000 00000000 00000000 00000039 008b3199 00000001 00000000 00000001 00000000 00000000 00000000 00000000 00000000 00000000 00000000 00000000 00000000 00000000 00000000 00000000 00000000 00000000 00000000 00000000 184124e3 0000001e a11e6546 00000011 00000000 00000000 00000000 00000000 00000201 00000101 00000000 00000000 00000000 00000000 00000000 00000000 00000000 00003333 00004ccd 00002667 00000001 00000000 03938700 000004f8
capture_snapshot GLI1 00010000 60000000 2500000 778 0 60000000 0 0 0 0 0 0 0 8eee4088 00000011 a1246770 00000011 00c241a0 00000000 00c241a0 00000000 0000006a 00000000 00000000 00000000 1236310e 00000000 00c2420a 00000000 00000000 00000000 00000000 00000039 008b3199 00000001 00000000 00000001 00000000 00000000 00000000 00000000 00000000 00000000 00000000 00000000 00000000 00000000 00000000 00000000 00000000 00000000 00000000 00000000 184b28aa 0000001e a1246796 00000011 00000000 00000000 00000000 00000000 00000201 00000101 00000000 00000000 00000000 00000000 00000000 00000000 00000000 00003333 00004ccd 00002667 00000001 00000000 03938700 000004f8
capture_snapshot GLI1 00010000 60000000 2500000 779 0 60000000 0 0 0 0 0 0 0 8eee4088 00000011 a12a66c8 00000011 00c28199 00000000 00c28198 00000000 0000006a 00000000 00000000 00000000 123c305c 00000000 00c28203 00000000 00000000 00000000 00000000 0000003b 008b3199 00000001 00000001 00000001 00000000 00000000 00000000 00000000 00000000 00000000 00000000 00000000 00000000 00000000 00000000 00000000 00000000 00000000 00000000 00000000 18552770 0000001e a12a66e4 00000011 00000000 00000000 00000000 00000000 00000201 00000101 00000000 00000000 00000000 00000000 00000000 00000000 00000000 00003333 00004ccd 00002667 00000001 00000000 03938700 000004f8
capture_snapshot GLI1 00010000 60000000 2500000 780 0 60000000 0 0 0 0 0 0 0 8eee4088 00000011 a1306500 00000011 00c2c186 00000000 00c2c186 00000000 0000006a 00000000 00000000 00000000 12422ea2 00000000 00c2c1f0 00000000 00000000 00000000 00000000 00000039 008b3199 00000001 00000000 00000001 00000000 00000000 00000000 00000000 00000000 00000000 00000000 00000000 00000000 00000000 00000000 00000000 00000000 00000000 00000000 00000000 185f247b 0000001e a130652a 00000011 00000000 00000000 00000000 00000000 00000201 00000101 00000000 00000000 00000000 00000000 00000000 00000000 00000000 00003333 00004ccd 00002667 00000001 00000000 03938700 000004f8
capture_snapshot GLI1 00010000 60000000 2500000 781 0 60000000 0 0 0 0 0 0 0 8eee4088 00000011 a1366758 00000011 00c3019f 00000000 00c3019f 00000000 0000006a 00000000 00000000 00000000 12483100 00000000 00c30209 00000000 00000000 00000000 00000000 00000039 008b3199 00000001 00000000 00000001 00000000 00000000 00000000 00000000 00000000 00000000 00000000 00000000 00000000 00000000 00000000 00000000 00000000 00000000 00000000 00000000 18692859 0000001e a1366788 00000011 00000000 00000000 00000000 00000000 00000202 00000100 00000000 00000000 00000000 00000000 00000000 00000000 00000000 00003333 00004ccd 00002667 00000001 00000000 03938700 000004f8
capture_snapshot GLI1 00010000 60000000 2500000 782 0 60000000 0 0 0 0 0 0 0 8eee4088 00000011 a13c65c0 00000011 00c3418e 00000000 00c3418e 00000000 0000006a 00000000 00000000 00000000 124e2f5f 00000000 00c341f8 00000000 00000000 00000000 00000000 00000039 008b3199 00000001 00000000 00000001 00000000 00000000 00000000 00000000 00000000 00000000 00000000 00000000 00000000 00000000 00000000 00000000 00000000 00000000 00000000 00000000 1873258f 0000001e a13c65e7 00000011 00000000 00000000 00000000 00000000 00000201 00000101 00000000 00000000 00000000 00000000 00000000 00000000 00000000 00003333 00004ccd 00002667 00000001 00000000 03938700 000004f8
capture_snapshot GLI1 00010000 60000000 2500000 783 0 60000000 0 0 0 0 0 0 0 8eee4088 00000011 a14264e8 00000011 00c38185 00000000 00c38185 00000000 0000006a 00000000 00000000 00000000 12542e84 00000000 00c381ef 00000000 00000000 00000000 00000000 00000039 008b3199 00000001 00000000 00000001 00000000 00000000 00000000 00000000 00000000 00000000 00000000 00000000 00000000 00000000 00000000 00000000 00000000 00000000 00000000 00000000 187d240e 0000001e a142650c 00000011 00000000 00000000 00000000 00000000 00000201 00000101 00000000 00000000 00000000 00000000 00000000 00000000 00000000 00003333 00004ccd 00002667 00000001 00000000 03938700 000004f8
capture_snapshot GLI1 00010000 60000000 2500000 784 0 60000000 0 0 0 0 0 0 0 8eee4088 00000011 a1486608 00000011 00c3c191 00000000 00c3c191 00000000 0000006a 00000000 00000000 00000000 125a2fa1 00000000 00c3c1fb 00000000 00000000 00000000 00000000 00000039 008b3199 00000001 00000000 00000001 00000000 00000000 00000000 00000000 00000000 00000000 00000000 00000000 00000000 00000000 00000000 00000000 00000000 00000000 00000000 00000000 188725d6 0000001e a1486629 00000011 00000000 00000000 00000000 00000000 00000201 00000101 00000000 00000000 00000000 00000000 00000000 00000000 00000000 00003333 00004ccd 00002667 00000001 00000000 03938700 000004f8
capture_snapshot GLI1 00010000 60000000 2500000 785 0 60000000 0 0 0 0 0 0 0 8eee4088 00000011 a14e66e0 00000011 00c4019a 00000000 00c4019a 00000000 0000006a 00000000 00000000 00000000 12603079 00000000 00c40204 00000000 00000000 00000000 00000000 00000039 008b3199 00000001 00000000 00000001 00000000 00000000 00000000 00000000 00000000 00000000 00000000 00000000 00000000 00000000 00000000 00000000 00000000 00000000 00000000 00000000 18912729 0000001e a14e6701 00000011 00000000 00000000 00000000 00000000 00000201 00000101 00000000 00000000 00000000 00000000 00000000 00000000 00000000 00003333 00004ccd 00002667 00000001 00000000 03938700 000004f8
capture_snapshot GLI1 00010000 60000000 2500000 786 0 60000000 0 0 0 0 0 0 0 8eee4088 00000011 a15465d8 00000011 00c4418f 00000000 00c4418f 00000000 0000006a 00000000 00000000 00000000 12662f79 00000000 00c441f9 00000000 00000000 00000000 00000000 00000039 008b3199 00000001 00000000 00000001 00000000 00000000 00000000 00000000 00000000 00000000 00000000 00000000 00000000 00000000 00000000 00000000 00000000 00000000 00000000 00000000 189b256c 0000001e a1546601 00000011 00000000 00000000 00000000 00000000 00000201 00000100 00000000 00000000 00000000 00000000 00000000 00000000 00000000 00003333 00004ccd 00002667 00000001 00000000 03938700 000004f8
capture_snapshot GLI1 00010000 60000000 2500000 787 0 60000000 0 0 0 0 0 0 0 8eee4088 00000011 a15a6560 00000011 00c4818a 00000000 00c4818a 00000000 0000006a 00000000 00000000 00000000 126c2f01 00000000 00c481f4 00000000 00000000 00000000 00000000 00000039 008b3199 00000001 00000000 00000001 00000000 00000000 00000000 00000000 00000000 00000000 00000000 00000000 00000000 00000000 00000000 00000000 00000000 00000000 00000000 00000000 18a52491 0000001e a15a6589 00000011 00000000 00000000 00000000 00000000 00000201 00000101 00000000 00000000 00000000 00000000 00000000 00000000 00000000 00003333 00004ccd 00002667 00000001 00000000 03938700 000004f8
capture_snapshot GLI1 00010000 60000000 2500000 788 0 60000000 0 0 0 0 0 0 0 8eee4088 00000011 a1606578 00000011 00c4c18b 00000000 00c4c18b 00000000 0000006a 00000000 00000000 00000000 12722f1c 00000000 00c4c1f5 00000000 00000000 00000000 00000000 00000039 008b3199 00000001 00000000 00000001 00000000 00000000 00000000 00000000 00000000 00000000 00000000 00000000 00000000 00000000 00000000 00000000 00000000 00000000 00000000 00000000 18af24a9 0000001e a16065a4 00000011 00000000 00000000 00000000 00000000 00000201 00000101 00000000 00000000 00000000 00000000 00000000 00000000 00000000 00003333 00004ccd 00002667 00000001 00000000 03938700 000004f8
capture_snapshot GLI1 00010000 60000000 2500000 789 0 60000000 0 0 0 0 0 0 0 8eee4088 00000011 a1666590 00000011 00c5018c 00000000 00c5018c 00000000 0000006a 00000000 00000000 00000000 12782f29 00000000 00c501f6 00000000 00000000 00000000 00000000 00000039 008b3199 00000001 00000000 00000001 00000000 00000000 00000000 00000000 00000000 00000000 00000000 00000000 00000000 00000000 00000000 00000000 00000000 00000000 00000000 00000000 18b924ab 0000001e a16665b1 00000011 00000000 00000000 00000000 00000000 00000201 00000101 00000000 00000000 00000000 00000000 00000000 00000000 00000000 00003333 00004ccd 00002667 00000001 00000000 03938700 000004f8
capture_snapshot GLI1 00010000 60000000 2500000 790 0 60000000 0 0 0 0 0 0 0 8eee4088 00000011 a16c66b0 00000011 00c54198 00000000 00c54198 00000000 0000006a 00000000 00000000 00000000 127e304d 00000000 00c54202 00000000 00000000 00000000 00000000 00000039 008b3199 00000001 00000000 00000001 00000000 00000000 00000000 00000000 00000000 00000000 00000000 00000000 00000000 00000000 00000000 00000000 00000000 00000000 00000000 00000000 18c3267f 0000001e a16c66d5 00000011 00000000 00000000 00000000 00000000 00000201 00000100 00000000 00000000 00000000 00000000 00000000 00000000 00000000 00003333 00004ccd 00002667 00000001 00000000 03938700 000004f8
capture_snapshot GLI1 00010000 60000000 2500000 791 0 60000000 0 0 0 0 0 0 0 8eee4088 00000011 a1726620 00000011 00c58192 00000000 00c58192 00000000 0000006a 00000000 00000000 00000000 12842fc4 00000000 00c581fc 00000000 00000000 00000000 00000000 00000039 008b3199 00000001 00000000 00000001 00000000 00000000 00000000 00000000 00000000 00000000 00000000 00000000 00000000 00000000 00000000 00000000 00000000 00000000 00000000 00000000 18cd2587 0000001e a172664c 00000011 00000000 00000000 00000000 00000000 00000201 00000101 00000000 00000000 00000000 00000000 00000000 00000000 00000000 00003333 00004ccd 00002667 00000001 00000000 03938700 000004f8
capture_snapshot GLI1 00010000 60000000 2500000 792 0 60000000 0 0 0 0 0 0 0 8eee4088 00000011 a1786410 00000011 00c5c17c 00000000 00c5c17c 00000000 0000006a 00000000 00000000 00000000 128a2dae 00000000 00c5c1e6 00000000 00000000 00000000 00000000 00000039 008b3199 00000001 00000000 00000001 00000000 00000000 00000000 00000000 00000000 00000000 00000000 00000000 00000000 00000000 00000000 00000000 00000000 00000000 00000000 00000000 18d721f9 0000001e a1786436 00000011 00000000 00000000 00000000 00000000 00000201 00000101 00000000 00000000 00000000 00000000 00000000 00000000 00000000 00003333 00004ccd 00002667 00000001 00000000 03938700 000004f8
capture_snapshot GLI1 00010000 60000000 2500000 793 0 60000000 0 0 0 0 0 0 0 8eee4088 00000011 a17e65a8 00000011 00c6018d 00000000 00c6018d 00000000 0000006a 00000000 00000000 00000000 12902f46 00000000 00c601f7 00000000 00000000 00000000 00000000 00000039 008b3199 00000001 00000000 00000001 00000000 00000000 00000000 00000000 00000000 00000000 00000000 00000000 00000000 00000000 00000000 00000000 00000000 00000000 00000000 00000000 18e1248d 0000001e a17e65ce 00000011 00000000 00000000 00000000 00000000 00000201 00000101 00000000 00000000 00000000 00000000 00000000 00000000 00000000 00003333 00004ccd 00002667 00000001 00000000 03938700 000004f8
capture_snapshot GLI1 00010000 60000000 2500000 794 0 60000000 0 0 0 0 0 0 0 8eee4088 00000011 a1846518 00000011 00c64187 00000000 00c64187 00000000 0000006a 00000000 00000000 00000000 12962eaf 00000000 00c641f1 00000000 00000000 00000000 00000000 00000039 008b3199 00000001 00000000 00000001 00000000 00000000 00000000 00000000 00000000 00000000 00000000 00000000 00000000 00000000 00000000 00000000 00000000 00000000 00000000 00000000 18eb2380 0000001e a1846537 00000011 00000000 00000000 00000000 00000000 00000201 00000101 00000000 00000000 00000000 00000000 00000000 00000000 00000000 00003333 00004ccd 00002667 00000001 00000000 03938700 000004f8
capture_snapshot GLI1 00010000 60000000 2500000 795 0 60000000 0 0 0 0 0 0 0 8eee4088 00000011 a18a64d0 00000011 00c68184 00000000 00c68184 00000000 0000006a 00000000 00000000 00000000 129c2e69 00000000 00c681ee 00000000 00000000 00000000 00000000 00000039 008b3199 00000001 00000000 00000001 00000000 00000000 00000000 00000000 00000000 00000000 00000000 00000000 00000000 00000000 00000000 00000000 00000000 00000000 00000000 00000000 18f522f6 0000001e a18a64f1 00000011 00000000 00000000 00000000 00000000 00000201 00000101 00000000 00000000 00000000 00000000 00000000 00000000 00000000 00003333 00004ccd 00002667 00000001 00000000 03938700 000004f8
capture_snapshot GLI1 00010000 60000000 2500000 796 0 60000000 0 0 0 0 0 0 0 8eee4088 00000011 a19065a8 00000011 00c6c18d 00000000 00c6c18d 00000000 0000006a 00000000 00000000 00000000 12a22f4d 00000000 00c6c1f7 00000000 00000000 00000000 00000000 00000039 008b3199 00000001 00000000 00000001 00000000 00000000 00000000 00000000 00000000 00000000 00000000 00000000 00000000 00000000 00000000 00000000 00000000 00000000 00000000 00000000 18ff245f 0000001e a19065d5 00000011 00000000 00000000 00000000 00000000 00000201 00000100 00000000 00000000 00000000 00000000 00000000 00000000 00000000 00003333 00004ccd 00002667 00000001 00000000 03938700 000004f8
capture_snapshot GLI1 00010000 60000000 2500000 797 0 60000000 0 0 0 0 0 0 0 8eee4088 00000011 a1966758 00000011 00c7019f 00000000 00c7019f 00000000 0000006a 00000000 00000000 00000000 12a830ee 00000000 00c70209 00000000 00000000 00000000 00000000 00000039 008b3199 00000001 00000000 00000001 00000000 00000000 00000000 00000000 00000000 00000000 00000000 00000000 00000000 00000000 00000000 00000000 00000000 00000000 00000000 00000000 19092702 0000001e a1966776 00000011 00000000 00000000 00000000 00000000 00000201 00000101 00000000 00000000 00000000 00000000 00000000 00000000 00000000 00003333 00004ccd 00002667 00000001 00000000 03938700 000004f8
capture_snapshot GLI1 00010000 60000000 2500000 798 0 60000000 0 0 0 0 0 0 0 8eee4088 00000011 a19c64b8 00000011 00c74183 00000000 00c74183 00000000 0000006a 00000000 00000000 00000000 12ae2e63 00000000 00c741ed 00000000 00000000 00000000 00000000 00000039 008b3199 00000001 00000000 00000001 00000000 00000000 00000000 00000000 00000000 00000000 00000000 00000000 00000000 00000000 00000000 00000000 00000000 00000000 00000000 00000000 191322b1 0000001e a19c64eb 00000011 00000000 00000000 00000000 00000000 00000201 00000101 00000000 00000000 00000000 00000000 00000000 00000000 00000000 00003333 00004ccd 00002667 00000001 00000000 03938700 000004f8
capture_snapshot GLI1 00010000 60000000 2500000 799 0 60000000 0 0 0 0 0 0 0 8eee4088 00000011 a1a266c8 00000011 00c78199 00000000 00c78199 00000000 0000006a 00000000 00000000 00000000 12b43074 00000000 00c78203 00000000 00000000 00000000 00000000 00000039 008b3199 00000001 00000000 00000001 00000000 00000000 00000000 00000000 00000000 00000000 00000000 00000000 00000000 00000000 00000000 00000000 00000000 00000000 00000000 00000000 191d2610 0000001e a1a266fc 00000011 00000000 00000000 00000000 00000000 00000201 00000101 00000000 00000000 00000000 00000000 00000000 00000000 00000000 00003333 00004ccd 00002667 00000001 00000000 03938700 000004f8
capture_snapshot GLI1 00010000 60000000 2500000 800 0 60000000 0 0 0 0 0 0 0 8eee4088 00000011 a1a86548 00000011 00c7c189 00000000 00c7c189 00000000 0000006a 00000000 00000000 00000000 12ba2ee7 00000000 00c7c1f3 00000000 00000000 00000000 00000000 00000039 008b3199 00000001 00000000 00000001 00000000 00000000 00000000 00000000 00000000 00000000 00000000 00000000 00000000 00000000 00000000 00000000 00000000 00000000 00000000 00000000 19272368 0000001e a1a8656f 00000011 00000000 00000000 00000000 00000000 00000201 00000101 00000000 00000000 00000000 00000000 00000000 00000000 00000000 00003333 00004ccd 00002667 00000001 00000000 03938700 000004f8
capture_snapshot GLI1 00010000 60000000 2500000 801 0 60000000 0 0 0 0 0 0 0 8eee4088 00000011 a1ae6590 00000011 00c8018c 00000000 00c8018c 00000000 0000006a 00000000 00000000 00000000 12c02f2c 00000000 00c801f6 00000000 00000000 00000000 00000000 00000039 008b3199 00000001 00000000 00000001 00000000 00000000 00000000 00000000 00000000 00000000 00000000 00000000 00000000 00000000 00000000 00000000 00000000 00000000 00000000 00000000 193123c6 0000001e a1ae65b4 00000011 00000000 00000000 00000000 00000000 00000202 00000101 00000000 00000000 00000000 00000000 00000000 00000000 00000000 00003333 00004ccd 00002667 00000001 00000000 03938700 000004f8
capture_snapshot GLI1 00010000 60000000 2500000 802 0 60000000 0 0 0 0 0 0 0 8eee4088 00000011 a1b46668 00000011 00c84195 00000000 00c84195 00000000 0000006a 00000000 00000000 00000000 12c6300b 00000000 00c841ff 00000000 00000000 00000000 00000000 00000039 008b3199 00000001 00000000 00000001 00000000 00000000 00000000 00000000 00000000 00000000 00000000 00000000 00000000 00000000 00000000 00000000 00000000 00000000 00000000 00000000 193b2527 0000001e a1b46693 00000011 00000000 00000000 00000000 00000000 00000201 00000101 00000000 00000000 00000000 00000000 00000000 00000000 00000000 00003333 00004ccd 00002667 00000001 00000000 03938700 000004f8
capture_snapshot GLI1 00010000 60000000 2500000 803 0 60000000 0 0 0 0 0 0 0 8eee4088 00000011 a1ba65c0 00000011 00c8818e 00000000 00c8818e 00000000 0000006a 00000000 00000000 00000000 12cc2f5c 00000000 00c881f8 00000000 00000000 00000000 00000000 00000039 008b3199 00000001 00000000 00000001 00000000 00000000 00000000 00000000 00000000 00000000 00000000 00000000 00000000 00000000 00000000 00000000 00000000 00000000 00000000 00000000 194523f0 0000001e a1ba65e4 00000011 00000000 00000000 00000000 00000000 00000201 00000101 00000000 00000000 00000000 00000000 00000000 00000000 00000000 00003333 00004ccd 00002667 00000001 00000000 03938700 000004f8
capture_snapshot GLI1 00010000 60000000 2500000 804 0 60000000 0 0 0 0 0 0 0 8eee4088 00000011 a1c065c0 00000011 00c8c18e 00000000 00c8c18e 00000000 0000006a 00000000 00000000 00000000 12d22f5e 00000000 00c8c1f8 00000000 00000000 00000000 00000000 00000039 008b3199 00000001 00000000 00000001 00000000 00000000 00000000 00000000 00000000 00000000 00000000 00000000 00000000 00000000 00000000 00000000 00000000 00000000 00000000 00000000 194f23de 0000001e a1c065e6 00000011 00000000 00000000 00000000 00000000 00000201 00000101 00000000 00000000 00000000 00000000 00000000 00000000 00000000 00003333 00004ccd 00002667 00000001 00000000 03938700 000004f8
capture_snapshot GLI1 00010000 60000000 2500000 805 0 60000000 0 0 0 0 0 0 0 8eee4088 00000011 a1c66740 00000011 00c9019e 00000000 00c9019e 00000000 0000006a 00000000 00000000 00000000 12d830d9 00000000 00c90208 00000000 00000000 00000000 00000000 00000039 008b3199 00000001 00000000 00000001 00000000 00000000 00000000 00000000 00000000 00000000 00000000 00000000 00000000 00000000 00000000 00000000 00000000 00000000 00000000 00000000 19592644 0000001e a1c66761 00000011 00000000 00000000 00000000 00000000 00000201 00000101 00000000 00000000 00000000 00000000 00000000 00000000 00000000 00003333 00004ccd 00002667 00000001 00000000 03938700 000004f8
capture_snapshot GLI1 00010000 60000000 2500000 806 0 60000000 0 0 0 0 0 0 0 8eee4088 00000011 a1cc6500 00000011 00c94186 00000000 00c94186 00000000 0000006a 00000000 00000000 00000000 12de2ea7 00000000 00c941f0 00000000 00000000 00000000 00000000 00000039 008b3199 00000001 00000000 00000001 00000000 00000000 00000000 00000000 00000000 00000000 00000000 00000000 00000000 00000000 00000000 00000000 00000000 00000000 00000000 00000000 19632288 0000001e a1cc652f 00000011 00000000 00000000 00000000 00000000 00000201 00000101 00000000 00000000 00000000 00000000 00000000 00000000 00000000 00003333 00004ccd 00002667 00000001 00000000 03938700 000004f8
capture_snapshot GLI1 00010000 60000000 2500000 807 0 60000000 0 0 0 0 0 0 0 8eee4088 00000011 a1d26698 00000011 00c98197 00000000 00c98197 00000000 0000006a 00000000 00000000 00000000 12e43043 00000000 00c98201 00000000 00000000 00000000 00000000 00000039 008b3199 00000001 00000000 00000001 00000000 00000000 00000000 00000000 00000000 00000000 00000000 00000000 00000000 00000000 00000000 00000000 00000000 00000000 00000000 00000000 196d2521 0000001e a1d266cb 00000011 00000000 00000000 00000000 00000000 00000201 00000101 00000000 00000000 00000000 00000000 00000000 00000000 00000000 00003333 00004ccd 00002667 00000001 00000000 03938700 000004f8
capture_snapshot GLI1 00010000 60000000 2500000 808 0 60000000 0 0 0 0 0 0 0 8eee4088 00000011 a1d86740 00000011 00c9c19e 00000000 00c9c19e 00000000 0000006a 00000000 00000000 00000000 12ea30e3 00000000 00c9c208 00000000 00000000 00000000 00000000 00000039 008b3199 00000001 00000000 00000001 00000000 00000000 00000000 00000000 00000000 00000000 00000000 00000000 00000000 00000000 00000000 00000000 00000000 00000000 00000000 00000000 1977261a 0000001e a1d8676b 00000011 00000000 00000000 00000000 00000000 00000201 00000101 00000000 00000000 00000000 00000000 00000000 00000000 00000000 00003333 00004ccd 00002667 00000001 00000000 03938700 000004f8
capture_snapshot GLI1 00010000 60000000 2500000 809 0 60000000 0 0 0 0 0 0 0 8eee4088 00000011 a1de65c0 00000011 00ca018e 00000000 00ca018e 00000000 0000006a 00000000 00000000 00000000 12f02f5e 00000000 00ca01f8 00000000 00000000 00000000 00000000 00000039 008b3199 00000001 00000000 00000001 00000000 00000000 00000000 00000000 00000000 00000000 00000000 00000000 00000000 00000000 00000000 00000000 00000000 00000000 00000000 00000000 1981237e 0000001e a1de65e6 00000011 00000000 00000000 00000000 00000000 00000201 00000101 00000000 00000000 00000000 00000000 00000000 00000000 00000000 00003333 00004ccd 00002667 00000001 00000000 03938700 000004f8
capture_snapshot GLI1 00010000 60000000 2500000 810 0 60000000 0 0 0 0 0 0 0 8eee4088 00000011 a1e46758 00000011 00ca419f 00000000 00ca419f 00000000 0000006a 00000000 00000000 00000000 12f63100 00000000 00ca4209 00000000 00000000 00000000 00000000 00000039 008b3199 00000001 00000000 00000001 00000000 00000000 00000000 00000000 00000000 00000000 00000000 00000000 00000000 00000000 00000000 00000000 00000000 00000000 00000000 00000000 198b2623 0000001e a1e46788 00000011 00000000 00000000 00000000 00000000 00000201 00000101 00000000 00000000 00000000 00000000 00000000 00000000 00000000 00003333 00004ccd 00002667 00000001 00000000 03938700 000004f8
capture_snapshot GLI1 00010000 60000000 2500000 811 0 60000000 0 0 0 0 0 0 0 8eee4088 00000011 a1ea66c8 00000011 00ca8199 00000000 00ca8199 00000000 0000006a 00000000 00000000 00000000 12fc3065 00000000 00ca8203 00000000 00000000 00000000 00000000 00000039 008b3199 00000001 00000000 00000001 00000000 00000000 00000000 00000000 00000000 00000000 00000000 00000000 00000000 00000000 00000000 00000000 00000000 00000000 00000000 00000000 1995250d 0000001e a1ea66ed 00000011 00000000 00000000 00000000 00000000 00000201 00000101 00000000 00000000 00000000 00000000 00000000 00000000 00000000 00003333 00004ccd 00002667 00000001 00000000 03938700 000004f8
capture_snapshot GLI1 00010000 60000000 2500000 812 0 60000000 0 0 0 0 0 0 0 8eee4088 00000011 a1f06500 00000011 00cac186 00000000 00cac186 00000000 0000006a 00000000 00000000 00000000 13022eab 00000000 00cac1f0 00000000 00000000 00000000 00000000 00000039 008b3199 00000001 00000000 00000001 00000000 00000000 00000000 00000000 00000000 00000000 00000000 00000000 00000000 00000000 00000000 00000000 00000000 00000000 00000000 00000000 199f2218 0000001e a1f06533 00000011 00000000 00000000 00000000 00000000 00000202 00000101 00000000 00000000 00000000 00000000 00000000 00000000 00000000 00003333 00004ccd 00002667 00000001 00000000 03938700 000004f8
capture_snapshot GLI1 00010000 60000000 2500000 813 0 60000000 0 0 0 0 0 0 0 8eee4088 00000011 a1f66638 00000011 00cb0193 00000000 00cb0193 00000000 0000006a 00000000 00000000 00000000 13082fd5 00000000 00cb01fd 00000000 00000000 00000000 00000000 00000039 008b3199 00000001 00000000 00000001 00000000 00000000 00000000 00000000 00000000 00000000 00000000 00000000 00000000 00000000 00000000 00000000 00000000 00000000 00000000 00000000 19a923f6 0000001e a1f6665d 00000011 00000000 00000000 00000000 00000000 00000201 00000101 00000000 00000000 00000000 00000000 00000000 00000000 00000000 00003333 00004ccd 00002667 00000001 00000000 03938700 000004f8
capture_snapshot GLI1 00010000 60000000 2500000 814 0 60000000 0 0 0 0 0 0 0 8eee4088 00000011 a1fc66c8 00000011 00cb4199 00000000 00cb4199 00000000 0000006a 00000000 00000000 00000000 130e3072 00000000 00cb4203 00000000 00000000 00000000 00000000 00000039 008b3199 00000001 00000000 00000001 00000000 00000000 00000000 00000000 00000000 00000000 00000000 00000000 00000000 00000000 00000000 00000000 00000000 00000000 00000000 00000000 19b324e8 0000001e a1fc66fa 00000011 00000000 00000000 00000000 00000000 00000201 00000101 00000000 00000000 00000000 00000000 00000000 00000000 00000000 00003333 00004ccd 00002667 00000001 00000000 03938700 000004f8
capture_snapshot GLI1 00010000 60000000 2500000 815 0 60000000 0 0 0 0 0 0 0 8eee4088 00000011 a20265d8 00000011 00cb818f 00000000 00cb818f 00000000 0000006a 00000000 00000000 00000000 13142f71 00000000 00cb81f9 00000000 00000000 00000000 00000000 00000039 008b3199 00000001 00000000 00000001 00000000 00000000 00000000 00000000 00000000 00000000 00000000 00000000 00000000 00000000 00000000 00000000 00000000 00000000 00000000 00000000 19bd2328 0000001e a20265f9 00000011 00000000 00000000 00000000 00000000 00000201 00000101 00000000 00000000 00000000 00000000 00000000 00000000 00000000 00003333 00004ccd 00002667 00000001 00000000 03938700 000004f8
capture_snapshot GLI1 00010000 60000000 2500000 816 0 60000000 0 0 0 0 0 0 0 8eee4088 00000011 a2086728 00000011 00cbc19d 00000000 00cbc19d 00000000 0000006a 00000000 00000000 00000000 131a30cf 00000000 00cbc207 00000000 00000000 00000000 00000000 00000039 008b3199 00000001 00000000 00000001 00000000 00000000 00000000 00000000 00000000 00000000 00000000 00000000 00000000 00000000 00000000 00000000 00000000 00000000 00000000 00000000 19c7255b 0000001e a2086757 00000011 00000000 00000000 00000000 00000000 00000201 00000101 00000000 00000000 00000000 00000000 00000000 00000000 00000000 00003333 00004ccd 00002667 00000001 00000000 03938700 000004f8
capture_snapshot GLI1 00010000 60000000 2500000 817 0 60000000 0 0 0 0 0 0 0 8eee4088 00000011 a20e6740 00000011 00cc019e 00000000 00cc019e 00000000 0000006a 00000000 00000000 00000000 132030e9 00000000 00cc0208 00000000 00000000 00000000 00000000 00000039 008b3199 00000001 00000000 00000001 00000000 00000000 00000000 00000000 00000000 00000000 00000000 00000000 00000000 00000000 00000000 00000000 00000000 00000000 00000000 00000000 19d12573 0000001e a20e6771 00000011 00000000 00000000 00000000 00000000 00000202 00000101 00000000 00000000 00000000 00000000 00000000 00000000 00000000 00003333 00004ccd 00002667 00000001 00000000 03938700 000004f8
capture_snapshot GLI1 00010000 60000000 2500000 818 0 60000000 0 0 0 0 0 0 0 8eee4088 00000011 a21465d8 00000011 00cc418f 00000000 00cc418f 00000000 0000006a 00000000 00000000 00000000 13262f70 00000000 00cc41f9 00000000 00000000 00000000 00000000 00000039 008b3199 00000001 00000000 00000001 00000000 00000000 00000000 00000000 00000000 00000000 00000000 00000000 00000000 00000000 00000000 00000000 00000000 00000000 00000000 00000000 19db22ec 0000001e a21465f8 00000011 00000000 00000000 00000000 00000000 00000201 00000101 00000000 00000000 00000000 00000000 00000000 00000000 00000000 00003333 00004ccd 00002667 00000001 00000000 03938700 000004f8
capture_snapshot GLI1 00010000 60000000 2500000 819 0 60000000 0 0 0 0 0 0 0 8eee4088 00000011 a21a65f0 00000011 00cc8190 00000000 00cc8190 00000000 0000006a 00000000 00000000 00000000 132c2f89 00000000 00cc81fa 00000000 00000000 00000000 00000000 00000039 008b3199 00000001 00000000 00000001 00000000 00000000 00000000 00000000 00000000 00000000 00000000 00000000 00000000 00000000 00000000 00000000 00000000 00000000 00000000 00000000 19e52302 0000001e a21a6611 00000011 00000000 00000000 00000000 00000000 00000201 00000101 00000000 00000000 00000000 00000000 00000000 00000000 00000000 00003333 00004ccd 00002667 00000001 00000000 03938700 000004f8
capture_snapshot GLI1 00010000 60000000 2500000 820 0 60000000 0 0 0 0 0 0 0 8eee4088 00000011 a2206728 00000011 00ccc19d 00000000 00ccc19d 00000000 0000006a 00000000 00000000 00000000 133230c2 00000000 00ccc207 00000000 00000000 00000000 00000000 00000039 008b3199 00000001 00000000 00000001 00000000 00000000 00000000 00000000 00000000 00000000 00000000 00000000 00000000 00000000 00000000 00000000 00000000 00000000 00000000 00000000 19ef24f8 0000001e a220674a 00000011 00000000 00000000 00000000 00000000 00000201 00000101 00000000 00000000 00000000 00000000 00000000 00000000 00000000 00003333 00004ccd 00002667 00000001 00000000 03938700 000004f8
capture_snapshot GLI1 00010000 60000000 2500000 821 0 60000000 0 0 0 0 0 0 0 8eee4088 00000011 a22668a8 00000011 00cd01ad 00000000 00cd01ad 00000000 0000006a 00000000 00000000 00000000 1338323f 00000000 00cd0217 00000000 00000000 00000000 00000000 00000039 008b3199 00000001 00000000 00000001 00000000 00000000 00000000 00000000 00000000 00000000 00000000 00000000 00000000 00000000 00000000 00000000 00000000 00000000 00000000 00000000 19f92760 0000001e a22668c7 00000011 00000000 00000000 00000000 00000000 00000201 00000101 00000000 00000000 00000000 00000000 00000000 00000000 00000000 00003333 00004ccd 00002667 00000001 00000000 03938700 000004f8
capture_snapshot GLI1 00010000 60000000 2500000 822 0 60000000 0 0 0 0 0 0 0 8eee4088 00000011 a22c65a8 00000011 00cd418d 00000000 00cd418d 00000000 0000006a 00000000 00000000 00000000 133e2f3f 00000000 00cd41f7 00000000 00000000 00000000 00000000 00000039 008b3199 00000001 00000000 00000001 00000000 00000000 00000000 00000000 00000000 00000000 00000000 00000000 00000000 00000000 00000000 00000000 00000000 00000000 00000000 00000000 1a03224b 0000001e a22c65c7 00000011 00000000 00000000 00000000 00000000 00000201 00000101 00000000 00000000 00000000 00000000 00000000 00000000 00000000 00003333 00004ccd 00002667 00000001 00000000 03938700 000004f8
capture_snapshot GLI1 00010000 60000000 2500000 823 0 60000000 0 0 0 0 0 0 0 8eee4088 00000011 a2326650 00000011 00cd8194 00000000 00cd8194 00000000 0000006a 00000000 00000000 00000000 13442ffa 00000000 00cd81fe 00000000 00000000 00000000 00000000 00000039 008b3199 00000001 00000000 00000001 00000000 00000000 00000000 00000000 00000000 00000000 00000000 00000000 00000000 00000000 00000000 00000000 00000000 00000000 00000000 00000000 1a0d236f 0000001e a2326682 00000011 00000000 00000000 00000000 00000000 00000201 00000101 00000000 00000000 00000000 00000000 00000000 00000000 00000000 00003333 00004ccd 00002667 00000001 00000000 03938700 000004f8
capture_snapshot GLI1 00010000 60000000 2500000 824 0 60000000 0 0 0 0 0 0 0 8eee4088 00000011 a2386440 00000011 00cdc17e 00000000 00cdc17e 00000000 0000006a 00000000 00000000 00000000 134a2dd9 00000000 00cdc1e8 00000000 00000000 00000000 00000000 00000039 008b3199 00000001 00000000 00000001 00000000 00000000 00000000 00000000 00000000 00000000 00000000 00000000 00000000 00000000 00000000 00000000 00000000 00000000 00000000 00000000 1a171fd0 0000001e a2386461 00000011 00000000 00000000 00000000 00000000 00000201 00000100 00000000 00000000 00000000 00000000 00000000 00000000 00000000 00003333 00004ccd 00002667 00000001 00000000 03938700 000004f8
capture_snapshot GLI1 00010000 60000000 2500000 825 0 60000000 0 0 0 0 0 0 0 8eee4088 00000011 a23e6590 00000011 00ce018c 00000000 00ce018c 00000000 0000006a 00000000 00000000 00000000 13502f33 00000000 00ce01f6 00000000 00000000 00000000 00000000 00000039 008b3199 00000001 00000000 00000001 00000000 00000000 00000000 00000000 00000000 00000000 00000000 00000000 00000000 00000000 00000000 00000000 00000000 00000000 00000000 00000000 1a2121fd 0000001e a23e65bb 00000011 00000000 00000000 00000000 00000000 00000201 00000100 00000000 00000000 00000000 00000000 00000000 00000000 00000000 00003333 00004ccd 00002667 00000001 00000000 03938700 000004f8
capture_snapshot GLI1 00010000 60000000 2500000 826 0 60000000 0 0 0 0 0 0 0 8eee4088 00000011 a2446650 00000011 00ce4194 00000000 00ce4194 00000000 0000006a 00000000 00000000 00000000 13562ff1 00000000 00ce41fe 00000000 00000000 00000000 00000000 00000039 008b3199 00000001 00000000 00000001 00000000 00000000 00000000 00000000 00000000 00000000 00000000 00000000 00000000 00000000 00000000 00000000 00000000 00000000 00000000 00000000 1a2b2327 0000001e a2446679 00000011 00000000 00000000 00000000 00000000 00000201 00000101 00000000 00000000 00000000 00000000 00000000 00000000 00000000 00003333 00004ccd 00002667 00000001 00000000 03938700 000004f8
capture_snapshot GLI1 00010000 60000000 2500000 827 0 60000000 0 0 0 0 0 0 0 8eee4088 00000011 a24a6548 00000011 00ce8189 00000000 00ce8189 00000000 0000006a 00000000 00000000 00000000 135c2eea 00000000 00ce81f3 00000000 00000000 00000000 00000000 00000039 008b3199 00000001 00000000 00000001 00000000 00000000 00000000 00000000 00000000 00000000 00000000 00000000 00000000 00000000 00000000 00000000 00000000 00000000 00000000 00000000 1a35215c 0000001e a24a6572 00000011 00000000 00000000 00000000 00000000 00000202 00000100 00000000 00000000 00000000 00000000 00000000 00000000 00000000 00003333 00004ccd 00002667 00000001 00000000 03938700 000004f8
capture_snapshot GLI1 00010000 60000000 2500000 828 0 60000000 0 0 0 0 0 0 0 8eee4088 00000011 a2506530 00000011 00cec188 00000000 00cec188 00000000 0000006a 00000000 00000000 00000000 13622ec9 00000000 00cec1f2 00000000 00000000 00000000 00000000 00000039 008b3199 00000001 00000000 00000001 00000000 00000000 00000000 00000000 00000000 00000000 00000000 00000000 00000000 00000000 00000000 00000000 00000000 00000000 00000000 00000000 1a3f2111 0000001e a2506551 00000011 00000000 00000000 00000000 00000000 00000201 00000101 00000000 00000000 00000000 00000000 00000000 00000000 00000000 00003333 00004ccd 00002667 00000001 00000000 03938700 000004f8
capture_snapshot GLI1 00010000 60000000 2500000 829 0 60000000 0 0 0 0 0 0 0 8eee4088 00000011 a25666b0 00000011 00cf0198 00000000 00cf0198 00000000 0000006a 00000000 00000000 00000000 13683047 00000000 00cf0202 00000000 00000000 00000000 00000000 00000039 008b3199 00000001 00000000 00000001 00000000 00000000 00000000 00000000 00000000 00000000 00000000 00000000 00000000 00000000 00000000 00000000 00000000 00000000 00000000 00000000 1a49237b 0000001e a25666cf 00000011 00000000 00000000 00000000 00000000 00000201 00000101 00000000 00000000 00000000 00000000 00000000 00000000 00000000 00003333 00004ccd 00002667 00000001 00000000 03938700 000004f8
capture_snapshot GLI1 00010000 60000000 2500000 830 0 60000000 0 0 0 0 0 0 0 8eee4088 00000011 a25c65c0 00000011 00cf418e 00000000 00cf418e 00000000 0000006a 00000000 00000000 00000000 136e2f64 00000000 00cf41f8 00000000 00000000 00000000 00000000 00000039 008b3199 00000001 00000000 00000001 00000000 00000000 00000000 00000000 00000000 00000000 00000000 00000000 00000000 00000000 00000000 00000000 00000000 00000000 00000000 00000000 1a5321ed 0000001e a25c65ec 00000011 00000000 00000000 00000000 00000000 00000201 00000101 00000000 00000000 00000000 00000000 00000000 00000000 00000000 00003333 00004ccd 00002667 00000001 00000000 03938700 000004f8
capture_snapshot GLI1 00010000 60000000 2500000 831 0 60000000 0 0 0 0 0 0 0 8eee4088 00000011 a2626578 00000011 00cf818b 00000000 00cf818b 00000000 0000006a 00000000 00000000 00000000 13742f1b 00000000 00cf81f5 00000000 00000000 00000000 00000000 00000039 008b3199 00000001 00000000 00000001 00000000 00000000 00000000 00000000 00000000 00000000 00000000 00000000 00000000 00000000 00000000 00000000 00000000 00000000 00000000 00000000 1a5d2160 0000001e a26265a3 00000011 00000000 00000000 00000000 00000000 00000201 00000100 00000000 00000000 00000000 00000000 00000000 00000000 00000000 00003333 00004ccd 00002667 00000001 00000000 03938700 000004f8
capture_snapshot GLI1 00010000 60000000 2500000 832 0 60000000 0 0 0 0 0 0 0 8eee4088 00000011 a2687b80 00000011 00cfc276 00000000 00cfc276 00000000 0000006a 00000000 00000000 00000000 137a4526 00000000 00cfc2e0 00000000 00000000 00000000 00000000 00000039 008b3199 00000001 00000000 00000001 00000000 00000000 00000000 00000000 00000000 00000000 00000000 00000000 00000000 00000000 00000000 00000000 00000000 00000000 00000000 00000000 1a674609 0000001e a2687bae 00000011 00000000 00000000 00000000 00000000 00000201 00000100 00000000 00000000 00000000 00000000 00000000 00000000 00000000 00003333 00004ccd 00002667 00000001 00000000 03938700 000004f8
capture_snapshot GLI1 00010000 60000000 2500000 833 0 60000000 0 0 0 0 0 0 0 8eee4088 00000011 a26e6ab8 00000011 00d001c3 00000000 00d001c3 00000000 0000006a 00000000 00000000 00000000 1380345c 00000000 00d0022d 00000000 00000000 00000000 00000000 00000039 008b3199 00000001 00000000 00000001 00000000 00000000 00000000 00000000 00000000 00000000 00000000 00000000 00000000 00000000 00000000 00000000 00000000 00000000 00000000 00000000 1a7129fa 0000001e a26e6ae4 00000011 00000000 00000000 00000000 00000000 00000202 00000101 00000000 00000000 00000000 00000000 00000000 00000000 00000000 00003333 00004ccd 00002667 00000001 00000000 03938700 000004f8
capture_snapshot GLI1 00010000 60000000 2500000 834 0 60000000 0 0 0 0 0 0 0 8eee4088 00000011 a2746590 00000011 00d0418c 00000000 00d0418c 00000000 0000006a 00000000 00000000 00000000 13862f2f 00000000 00d041f6 00000000 00000000 00000000 00000000 00000039 008b3199 00000001 00000000 00000001 00000000 00000000 00000000 00000000 00000000 00000000 00000000 00000000 00000000 00000000 00000000 00000000 00000000 00000000 00000000 00000000 1a7b2146 0000001e a27465b7 00000011 00000000 00000000 00000000 00000000 00000201 00000101 00000000 00000000 00000000 00000000 00000000 00000000 00000000 00003333 00004ccd 00002667 00000001 00000000 03938700 000004f8
capture_snapshot GLI1 00010000 60000000 2500000 835 0 60000000 0 0 0 0 0 0 0 8eee4088 00000011 a27a64e8 00000011 00d08185 00000000 00d08185 00000000 0000006a 00000000 00000000 00000000 138c2e7f 00000000 00d081ef 00000000 00000000 00000000 00000000 00000039 008b3199 00000001 00000000 00000001 00000000 00000000 00000000 00000000 00000000 00000000 00000000 00000000 00000000 00000000 00000000 00000000 00000000 00000000 00000000 00000000 1a85200d 0000001e a27a6507 00000011 00000000 00000000 00000000 00000000 00000201 00000101 00000000 00000000 00000000 00000000 00000000 00000000 00000000 00003333 00004ccd 00002667 00000001 00000000 03938700 000004f8
capture_snapshot GLI1 00010000 60000000 2500000 836 0 60000000 0 0 0 0 0 0 0 8eee4088 00000011 a28065a8 00000011 00d0c18d 00000000 00d0c18d 00000000 0000006a 00000000 00000000 00000000 13922f52 00000000 00d0c1f7 00000000 00000000 00000000 00000000 00000039 008b3199 00000001 00000000 00000001 00000000 00000000 00000000 00000000 00000000 00000000 00000000 00000000 00000000 00000000 00000000 00000000 00000000 00000000 00000000 00000000 1a8f2159 0000001e a28065da 00000011 00000000 00000000 00000000 00000000 00000201 00000101 00000000 00000000 00000000 00000000 00000000 00000000 00000000 00003333 00004ccd 00002667 00000001 00000000 03938700 000004f8
capture_snapshot GLI1 00010000 60000000 2500000 837 0 60000000 0 0 0 0 0 0 0 8eee4088 00000011 a28674a8 00000011 00d1022d 00000000 00d1022d 00000000 0000006a 00000000 00000000 00000000 13983e51 00000000 00d10297 00000000 00000000 00000000 00000000 00000039 008b3199 00000001 00000000 00000001 00000000 00000000 00000000 00000000 00000000 00000000 00000000 00000000 00000000 00000000 00000000 00000000 00000000 00000000 00000000 00000000 1a993a44 0000001e a28674d9 00000011 00000000 00000000 00000000 00000000 00000202 00000101 00000000 00000000 00000000 00000000 00000000 00000000 00000000 00003333 00004ccd 00002667 00000001 00000000 03938700 000004f8
capture_snapshot GLI1 00010000 60000000 2500000 838 0 60000000 0 0 0 0 0 0 0 8eee4088 00000011 a28c6ec0 00000011 00d141ee 00000000 00d141ee 00000000 0000006a 00000000 00000000 00000000 139e385e 00000000 00d14258 00000000 00000000 00000000 00000000 00000039 008b3199 00000001 00000000 00000001 00000000 00000000 00000000 00000000 00000000 00000000 00000000 00000000 00000000 00000000 00000000 00000000 00000000 00000000 00000000 00000000 1aa33046 0000001e a28c6ee6 00000011 00000000 00000000 00000000 00000000 00000201 00000101 00000000 00000000 00000000 00000000 00000000 00000000 00000000 00003333 00004ccd 00002667 00000001 00000000 03938700 000004f8
capture_snapshot GLI1 00010000 60000000 2500000 839 0 60000000 0 0 0 0 0 0 0 8eee4088 00000011 a2928498 00000011 00d182d7 00000000 00d182d7 00000000 0000006a 00000000 00000000 00000000 13a44e3d 00000000 00d18341 00000000 00000000 00000000 00000000 00000039 008b3199 00000001 00000000 00000001 00000000 00000000 00000000 00000000 00000000 00000000 00000000 00000000 00000000 00000000 00000000 00000000 00000000 00000000 00000000 00000000 1aad54a6 0000001e a29284c5 00000011 00000000 00000000 00000000 00000000 00000202 00000100 00000000 00000000 00000000 00000000 00000000 00000000 00000000 00003333 00004ccd 00002667 00000001 00000000 03938700 000004f8
capture_snapshot GLI1 00010000 60000000 2500000 840 0 60000000 0 0 0 0 0 0 0 8eee4088 00000011 a2989aa0 00000011 00d1c3c2 00000000 00d1c3c2 00000000 0000006a 00000000 00000000 00000000 13aa6437 00000000 00d1c42c 00000000 00000000 00000000 00000000 00000039 008b3199 00000001 00000000 00000001 00000000 00000000 00000000 00000000 00000000 00000000 00000000 00000000 00000000 00000000 00000000 00000000 00000000 00000000 00000000 00000000 1ab77934 0000001e a2989abf 00000011 00000000 00000000 00000000 00000000 00000201 00000101 00000000 00000000 00000000 00000000 00000000 00000000 00000000 00003333 00004ccd 00002667 00000001 00000000 03938700 000004f8
capture_snapshot GLI1 00010000 60000000 2500000 841 0 60000000 0 0 0 0 0 0 0 8eee4088 00000011 a29e8ca8 00000011 00d2032d 00000000 00d2032d 00000000 0000006a 00000000 00000000 00000000 13b0563f 00000000 00d20397 00000000 00000000 00000000 00000000 00000039 008b3199 00000001 00000000 00000001 00000000 00000000 00000000 00000000 00000000 00000000 00000000 00000000 00000000 00000000 00000000 00000000 00000000 00000000 00000000 00000000 1ac161d9 0000001e a29e8cc7 00000011 00000000 00000000 00000000 00000000 00000201 00000101 00000000 00000000 00000000 00000000 00000000 00000000 00000000 00003333 00004ccd 00002667 00000001 00000000 03938700 000004f8
capture_snapshot GLI1 00010000 60000000 2500000 842 0 60000000 0 0 0 0 0 0 0 8eee4088 00000011 a2a47d78 00000011 00d2428b 00000000 00d2428b 00000000 0000006a 00000000 00000000 00000000 13b6471d 00000000 00d242f5 00000000 00000000 00000000 00000000 00000039 008b3199 00000001 00000000 00000001 00000000 00000000 00000000 00000000 00000000 00000000 00000000 00000000 00000000 00000000 00000000 00000000 00000000 00000000 00000000 00000000 1acb488c 0000001e a2a47da5 00000011 00000000 00000000 00000000 00000000 00000201 00000100 00000000 00000000 00000000 00000000 00000000 00000000 00000000 00003333 00004ccd 00002667 00000001 00000000 03938700 000004f8
capture_snapshot GLI1 00010000 60000000 2500000 843 0 60000000 0 0 0 0 0 0 0 8eee4088 00000011 a2aa7e50 00000011 00d28294 00000000 00d28294 00000000 0000006a 00000000 00000000 00000000 13bc47e7 00000000 00d282fe 00000000 00000000 00000000 00000000 00000039 008b3199 00000001 00000000 00000001 00000000 00000000 00000000 00000000 00000000 00000000 00000000 00000000 00000000 00000000 00000000 00000000 00000000 00000000 00000000 00000000 1ad549ca 0000001e a2aa7e6f 00000011 00000000 00000000 00000000 00000000 00000201 00000101 00000000 00000000 00000000 00000000 00000000 00000000 00000000 00003333 00004ccd 00002667 00000001 00000000 03938700 000004f8
capture_snapshot GLI1 00010000 60000000 2500000 844 0 60000000 0 0 0 0 0 0 0 8eee4088 00000011 a2b07d18 00000011 00d2c287 00000000 00d2c287 00000000 0000006a 00000000 00000000 00000000 13c246c3 00000000 00d2c2f1 00000000 00000000 00000000 00000000 00000039 008b3199 00000001 00000000 00000001 00000000 00000000 00000000 00000000 00000000 00000000 00000000 00000000 00000000 00000000 00000000 00000000 00000000 00000000 00000000 00000000 1adf47ce 0000001e a2b07d4b 00000011 00000000 00000000 00000000 00000000 00000201 00000101 00000000 00000000 00000000 00000000 00000000 00000000 00000000 00003333 00004ccd 00002667 00000001 00000000 03938700 000004f8
capture_snapshot GLI1 00010000 60000000 2500000 845 0 60000000 0 0 0 0 0 0 0 8eee4088 00000011 a2b67f28 00000011 00d3029d 00000000 00d3029d 00000000 0000006a 00000000 00000000 00000000 13c848ca 00000000 00d30307 00000000 00000000 00000000 00000000 00000039 008b3199 00000001 00000000 00000001 00000000 00000000 00000000 00000000 00000000 00000000 00000000 00000000 00000000 00000000 00000000 00000000 00000000 00000000 00000000 00000000 1ae94b1c 0000001e a2b67f52 00000011 00000000 00000000 00000000 00000000 00000202 00000100 00000000 00000000 00000000 00000000 00000000 00000000 00000000 00003333 00004ccd 00002667 00000001 00000000 03938700 000004f8
capture_snapshot GLI1 00010000 60000000 2500000 846 0 60000000 0 0 0 0 0 0 0 8eee4088 00000011 a2bc7eb0 00000011 00d34298 00000000 00d34298 00000000 0000006a 00000000 00000000 00000000 13ce485a 00000000 00d34302 00000000 00000000 00000000 00000000 00000039 008b3199 00000001 00000000 00000001 00000000 00000000 00000000 00000000 00000000 00000000 00000000 00000000 00000000 00000000 00000000 00000000 00000000 00000000 00000000 00000000 1af34a4e 0000001e a2bc7ee2 00000011 00000000 00000000 00000000 00000000 00000201 00000100 00000000 00000000 00000000 00000000 00000000 00000000 00000000 00003333 00004ccd 00002667 00000001 00000000 03938700 000004f8
capture_snapshot GLI1 00010000 60000000 2500000 847 0 60000000 0 0 0 0 0 0 0 8eee4088 00000011 a2c28120 00000011 00d382b2 00000000 00d382b1 00000000 0000006a 00000000 00000000 00000000 13d44ab4 00000000 00d3831c 00000000 00000000 00000000 00000000 0000003b 008b3199 00000001 00000001 00000001 00000000 00000000 00000000 00000000 00000000 00000000 00000000 00000000 00000000 00000000 00000000 00000000 00000000 00000000 00000000 00000000 1afd4e27 0000001e a2c2813c 00000011 00000000 00000000 00000000 00000000 00000201 00000101 00000000 00000000 00000000 00000000 00000000 00000000 00000000 00003333 00004ccd 00002667 00000001 00000000 03938700 000004f8
capture_snapshot GLI1 00010000 60000000 2500000 848 0 60000000 0 0 0 0 0 0 0 8eee4088 00000011 a2c88540 00000011 00d3c2de 00000000 00d3c2de 00000000 0000006a 00000000 00000000 00000000 13da4ede 00000000 00d3c348 00000000 00000000 00000000 00000000 00000039 008b3199 00000001 00000000 00000001 00000000 00000000 00000000 00000000 00000000 00000000 00000000 00000000 00000000 00000000 00000000 00000000 00000000 00000000 00000000 00000000 1b075502 0000001e a2c88566 00000011 00000000 00000000 00000000 00000000 00000201 00000101 00000000 00000000 00000000 00000000 00000000 00000000 00000000 00003333 00004ccd 00002667 00000001 00000000 03938700 000004f8
capture_snapshot GLI1 00010000 60000000 2500000 849 0 60000000 0 0 0 0 0 0 0 8eee4088 00000011 a2ce7af0 00000011 00d40270 00000000 00d40270 00000000 0000006a 00000000 00000000 00000000 13e0448d 00000000 00d402da 00000000 00000000 00000000 00000000 00000039 008b3199 00000001 00000000 00000001 00000000 00000000 00000000 00000000 00000000 00000000 00000000 00000000 00000000 00000000 00000000 00000000 00000000 00000000 00000000 00000000 1b1143be 0000001e a2ce7b15 00000011 00000000 00000000 00000000 00000000 00000201 00000100 00000000 00000000 00000000 00000000 00000000 00000000 00000000 00003333 00004ccd 00002667 00000001 00000000 03938700 000004f8
capture_snapshot GLI1 00010000 60000000 2500000 850 0 60000000 0 0 0 0 0 0 0 8eee4088 00000011 a2d47ca0 00000011 00d44282 00000000 00d44282 00000000 0000006a 00000000 00000000 00000000 13e6463c 00000000 00d442ec 00000000 00000000 00000000 00000000 00000039 008b3199 00000001 00000000 00000001 00000000 00000000 00000000 00000000 00000000 00000000 00000000 00000000 00000000 00000000 00000000 00000000 00000000 00000000 00000000 00000000 1b1b4678 0000001e a2d47cc4 00000011 00000000 00000000 00000000 00000000 00000201 00000101 00000000 00000000 00000000 00000000 00000000 00000000 00000000 00003333 00004ccd 00002667 00000001 00000000 03938700 000004f8
capture_snapshot GLI1 00010000 60000000 2500000 851 0 60000000 0 0 0 0 0 0 0 8eee4088 00000011 a2da7df0 00000011 00d48290 00000000 00d48290 00000000 0000006a 00000000 00000000 00000000 13ec478e 00000000 00d482fa 00000000 00000000 00000000 00000000 00000039 008b3199 00000001 00000000 00000001 00000000 00000000 00000000 00000000 00000000 00000000 00000000 00000000 00000000 00000000 00000000 00000000 00000000 00000000 00000000 00000000 1b254898 0000001e a2da7e16 00000011 00000000 00000000 00000000 00000000 00000202 00000101 00000000 00000000 00000000 00000000 00000000 00000000 00000000 00003333 00004ccd 00002667 00000001 00000000 03938700 000004f8
capture_snapshot GLI1 00010000 60000000 2500000 852 0 60000000 0 0 0 0 0 0 0 8eee4088 00000011 a2e07c88 00000011 00d4c281 00000000 00d4c281 00000000 0000006a 00000000 00000000 00000000 13f2462e 00000000 00d4c2eb 00000000 00000000 00000000 00000000 00000039 008b3199 00000001 00000000 00000001 00000000 00000000 00000000 00000000 00000000 00000000 00000000 00000000 00000000 00000000 00000000 00000000 00000000 00000000 00000000 00000000 1b2f463b 0000001e a2e07cb6 00000011 00000000 00000000 00000000 00000000 00000201 00000101 00000000 00000000 00000000 00000000 00000000 00000000 00000000 00003333 00004ccd 00002667 00000001 00000000 03938700 000004f8
capture_snapshot GLI1 00010000 60000000 2500000 853 0 60000000 0 0 0 0 0 0 0 8eee4088 00000011 a2e67e80 00000011 00d50296 00000000 00d50296 00000000 0000006a 00000000 00000000 00000000 13f84822 00000000 00d50300 00000000 00000000 00000000 00000000 00000039 008b3199 00000001 00000000 00000001 00000000 00000000 00000000 00000000 00000000 00000000 00000000 00000000 00000000 00000000 00000000 00000000 00000000 00000000 00000000 00000000 1b394968 0000001e a2e67eaa 00000011 00000000 00000000 00000000 00000000 00000201 00000100 00000000 00000000 00000000 00000000 00000000 00000000 00000000 00003333 00004ccd 00002667 00000001 00000000 03938700 000004f8
capture_snapshot GLI1 00010000 60000000 2500000 854 0 60000000 0 0 0 0 0 0 0 8eee4088 00000011 a2ec8330 00000011 00d542c8 00000000 00d542c8 00000000 0000006a 00000000 00000000 00000000 13fe4cd6 00000000 00d54332 00000000 00000000 00000000 00000000 00000039 008b3199 00000001 00000000 00000001 00000000 00000000 00000000 00000000 00000000 00000000 00000000 00000000 00000000 00000000 00000000 00000000 00000000 00000000 00000000 00000000 1b43512b 0000001e a2ec835e 00000011 00000000 00000000 00000000 00000000 00000201 00000100 00000000 00000000 00000000 00000000 00000000 00000000 00000000 00003333 00004ccd 00002667 00000001 00000000 03938700 000004f8
capture_snapshot GLI1 00010000 60000000 2500000 855 0 60000000 0 0 0 0 0 0 0 8eee4088 00000011 a2f27d90 00000011 00d5828c 00000000 00d5828c 00000000 0000006a 00000000 00000000 00000000 14044739 00000000 00d582f6 00000000 00000000 00000000 00000000 00000039 008b3199 00000001 00000000 00000001 00000000 00000000 00000000 00000000 00000000 00000000 00000000 00000000 00000000 00000000 00000000 00000000 00000000 00000000 00000000 00000000 1b4d47bd 0000001e a2f27dc1 00000011 00000000 00000000 00000000 00000000 00000201 00000101 00000000 00000000 00000000 00000000 00000000 00000000 00000000 00003333 00004ccd 00002667 00000001 00000000 03938700 000004f8
capture_snapshot GLI1 00010000 60000000 2500000 856 0 60000000 0 0 0 0 0 0 0 8eee4088 00000011 a2f880f0 00000011 00d5c2b0 00000000 00d5c2b0 00000000 0000006a 00000000 00000000 00000000 140a4a8f 00000000 00d5c31a 00000000 00000000 00000000 00000000 00000039 008b3199 00000001 00000000 00000001 00000000 00000000 00000000 00000000 00000000 00000000 00000000 00000000 00000000 00000000 00000000 00000000 00000000 00000000 00000000 00000000 1b574d38 0000001e a2f88117 00000011 00000000 00000000 00000000 00000000 00000202 00000101 00000000 00000000 00000000 00000000 00000000 00000000 00000000 00003333 00004ccd 00002667 00000001 00000000 03938700 000004f8
capture_snapshot GLI1 00010000 60000000 2500000 857 0 60000000 0 0 0 0 0 0 0 8eee4088 00000011 a2fe8480 00000011 00d602d6 00000000 00d602d6 00000000 0000006a 00000000 00000000 00000000 14104e2c 00000000 00d60340 00000000 00000000 00000000 00000000 00000039 008b3199 00000001 00000000 00000001 00000000 00000000 00000000 00000000 00000000 00000000 00000000 00000000 00000000 00000000 00000000 00000000 00000000 00000000 00000000 00000000 1b61532a 0000001e a2fe84b4 00000011 00000000 00000000 00000000 00000000 00000202 00000101 00000000 00000000 00000000 00000000 00000000 00000000 00000000 00003333 00004ccd 00002667 00000001 00000000 03938700 000004f8
capture_snapshot GLI1 00010000 60000000 2500000 858 0 60000000 0 0 0 0 0 0 0 8eee4088 00000011 a30479a0 00000011 00d64262 00000000 00d64262 00000000 0000006a 00000000 00000000 00000000 14164337 00000000 00d642cc 00000000 00000000 00000000 00000000 00000039 008b3199 00000001 00000000 00000001 00000000 00000000 00000000 00000000 00000000 00000000 00000000 00000000 00000000 00000000 00000000 00000000 00000000 00000000 00000000 00000000 1b6b40d5 0000001e a30479bf 00000011 00000000 00000000 00000000 00000000 00000201 00000101 00000000 00000000 00000000 00000000 00000000 00000000 00000000 00003333 00004ccd 00002667 00000001 00000000 03938700 000004f8
capture_snapshot GLI1 00010000 60000000 2500000 859 0 60000000 0 0 0 0 0 0 0 8eee4088 00000011 a30a7b68 00000011 00d68275 00000000 00d68275 00000000 0000006a 00000000 00000000 00000000 141c44fe 00000000 00d682df 00000000 00000000 00000000 00000000 00000039 008b3199 00000001 00000000 00000001 00000000 00000000 00000000 00000000 00000000 00000000 00000000 00000000 00000000 00000000 00000000 00000000 00000000 00000000 00000000 00000000 1b7543b7 0000001e a30a7b86 00000011 00000000 00000000 00000000 00000000 00000201 00000101 00000000 00000000 00000000 00000000 00000000 00000000 00000000 00003333 00004ccd 00002667 00000001 00000000 03938700 000004f8
capture_snapshot GLI1 00010000 60000000 2500000 860 0 60000000 0 0 0 0 0 0 0 8eee4088 00000011 a3107d18 00000011 00d6c287 00000000 00d6c287 00000000 0000006a 00000000 00000000 00000000 142246c4 00000000 00d6c2f1 00000000 00000000 00000000 00000000 00000039 008b3199 00000001 00000000 00000001 00000000 00000000 00000000 00000000 00000000 00000000 00000000 00000000 00000000 00000000 00000000 00000000 00000000 00000000 00000000 00000000 1b7f4698 0000001e a3107d4c 00000011 00000000 00000000 00000000 00000000 00000201 00000101 00000000 00000000 00000000 00000000 00000000 00000000 00000000 00003333 00004ccd 00002667 00000001 00000000 03938700 000004f8
capture_snapshot GLI1 00010000 60000000 2500000 861 0 60000000 0 0 0 0 0 0 0 8eee4088 00000011 a3169710 00000011 00d7039c 00000000 00d7039c 00000000 0000006a 00000000 00000000 00000000 142860b8 00000000 00d70406 00000000 00000000 00000000 00000000 00000039 008b3199 00000001 00000000 00000001 00000000 00000000 00000000 00000000 00000000 00000000 00000000 00000000 00000000 00000000 00000000 00000000 00000000 00000000 00000000 00000000 1b8971c5 0000001e a3169740 00000011 00000000 00000000 00000000 00000000 00000202 00000100 00000000 00000000 00000000 00000000 00000000 00000000 00000000 00003333 00004ccd 00002667 00000001 00000000 03938700 000004f8
capture_snapshot GLI1 00010000 60000000 2500000 862 0 60000000 0 0 0 0 0 0 0 8eee4088 00000011 a31c9158 00000011 00d7435f 00000000 00d7435e 00000000 0000006a 00000000 00000000 00000000 142e5aed 00000000 00d743c9 00000000 00000000 00000000 00000000 0000003b 008b3199 00000001 00000001 00000001 00000000 00000000 00000000 00000000 00000000 00000000 00000000 00000000 00000000 00000000 00000000 00000000 00000000 00000000 00000000 00000000 1b93680a 0000001e a31c9175 00000011 00000000 00000000 00000000 00000000 00000202 00000100 00000000 00000000 00000000 00000000 00000000 00000000 00000000 00003333 00004ccd 00002667 00000001 00000000 03938700 000004f8
capture_snapshot GLI1 00010000 60000000 2500000 863 0 60000000 0 0 0 0 0 0 0 8eee4088 00000011 a322a430 00000011 00d78428 00000000 00d78428 00000000 0000006a 00000000 00000000 00000000 14346dc6 00000000 00d78492 00000000 00000000 00000000 00000000 00000039 008b3199 00000001 00000000 00000001 00000000 00000000 00000000 00000000 00000000 00000000 00000000 00000000 00000000 00000000 00000000 00000000 00000000 00000000 00000000 00000000 1b9d8760 0000001e a322a44e 00000011 00000000 00000000 00000000 00000000 00000201 00000100 00000000 00000000 00000000 00000000 00000000 00000000 00000000 00003333 00004ccd 00002667 00000001 00000000 03938700 000004f8
capture_snapshot GLI1 00010000 60000000 2500000 864 0 60000000 0 0 0 0 0 0 0 8eee4088 00000011 a3289800 00000011 00d7c3a6 00000000 00d7c3a5 00000000 0000006a 00000000 00000000 00000000 143a6195 00000000 00d7c410 00000000 00000000 00000000 00000000 0000003b 008b3199 00000001 00000001 00000001 00000000 00000000 00000000 00000000 00000000 00000000 00000000 00000000 00000000 00000000 00000000 00000000 00000000 00000000 00000000 00000000 1ba772fb 0000001e a328981d 00000011 00000000 00000000 00000000 00000000 00000201 00000100 00000000 00000000 00000000 00000000 00000000 00000000 00000000 00003333 00004ccd 00002667 00000001 00000000 03938700 000004f8
capture_snapshot GLI1 00010000 60000000 2500000 865 0 60000000 0 0 0 0 0 0 0 8eee4088 00000011 a32e88d0 00000011 00d80304 00000000 00d80304 00000000 0000006a 00000000 00000000 00000000 14405279 00000000 00d8036e 00000000 00000000 00000000 00000000 00000039 008b3199 00000001 00000000 00000001 00000000 00000000 00000000 00000000 00000000 00000000 00000000 00000000 00000000 00000000 00000000 00000000 00000000 00000000 00000000 00000000 1bb159b9 0000001e a32e8901 00000011 00000000 00000000 00000000 00000000 00000201 00000100 00000000 00000000 00000000 00000000 00000000 00000000 00000000 00003333 00004ccd 00002667 00000001 00000000 03938700 000004f8
capture_snapshot GLI1 00010000 60000000 2500000 866 0 60000000 0 0 0 0 0 0 0 8eee4088 00000011 a3348978 00000011 00d8430b 00000000 00d8430b 00000000 0000006a 00000000 00000000 00000000 14465315 00000000 00d84375 00000000 00000000 00000000 00000000 00000039 008b3199 00000001 00000000 00000001 00000000 00000000 00000000 00000000 00000000 00000000 00000000 00000000 00000000 00000000 00000000 00000000 00000000 00000000 00000000 00000000 1bbb5aa9 0000001e a334899d 00000011 00000000 00000000 00000000 00000000 00000202 00000100 00000000 00000000 00000000 00000000 00000000 00000000 00000000 00003333 00004ccd 00002667 00000001 00000000 03938700 000004f8
capture_snapshot GLI1 00010000 60000000 2500000 867 0 60000000 0 0 0 0 0 0 0 8eee4088 00000011 a33a8a20 00000011 00d88312 00000000 00d88312 00000000 0000006a 00000000 00000000 00000000 144c53c3 00000000 00d8837c 00000000 00000000 00000000 00000000 00000039 008b3199 00000001 00000000 00000001 00000000 00000000 00000000 00000000 00000000 00000000 00000000 00000000 00000000 00000000 00000000 00000000 00000000 00000000 00000000 00000000 1bc55bb8 0000001e a33a8a4b 00000011 00000000 00000000 00000000 00000000 00000201 00000100 00000000 00000000 00000000 00000000 00000000 00000000 00000000 00003333 00004ccd 00002667 00000001 00000000 03938700 000004f8
capture_snapshot GLI1 00010000 60000000 2500000 868 0 60000000 0 0 0 0 0 0 0 8eee4088 00000011 a3408780 00000011 00d8c2f6 00000000 00d8c2f6 00000000 0000006a 00000000 00000000 00000000 1452511f 00000000 00d8c360 00000000 00000000 00000000 00000000 00000039 008b3199 00000001 00000000 00000001 00000000 00000000 00000000 00000000 00000000 00000000 00000000 00000000 00000000 00000000 00000000 00000000 00000000 00000000 00000000 00000000 1bcf573d 0000001e a34087a7 00000011 00000000 00000000 00000000 00000000 00000201 00000101 00000000 00000000 00000000 00000000 00000000 00000000 00000000 00003333 00004ccd 00002667 00000001 00000000 03938700 000004f8
capture_snapshot GLI1 00010000 60000000 2500000 869 0 60000000 0 0 0 0 0 0 0 8eee4088 00000011 a3468588 00000011 00d902e1 00000000 00d902e1 00000000 0000006a 00000000 00000000 00000000 14584f1f 00000000 00d9034b 00000000 00000000 00000000 00000000 00000039 008b3199 00000001 00000000 00000001 00000000 00000000 00000000 00000000 00000000 00000000 00000000 00000000 00000000 00000000 00000000 00000000 00000000 00000000 00000000 00000000 1bd953d5 0000001e a34685a7 00000011 00000000 00000000 00000000 00000000 00000201 00000101 00000000 00000000 00000000 00000000 00000000 00000000 00000000 00003333 00004ccd 00002667 00000001 00000000 03938700 000004f8
capture_snapshot GLI1 00010000 60000000 2500000 870 0 60000000 0 0 0 0 0 0 0 8eee4088 00000011 a34c9290 00000011 00d9436c 00000000 00d9436c 00000000 0000006a 00000000 00000000 00000000 145e5c29 00000000 00d943d6 00000000 00000000 00000000 00000000 00000039 008b3199 00000001 00000000 00000001 00000000 00000000 00000000 00000000 00000000 00000000 00000000 00000000 00000000 00000000 00000000 00000000 00000000 00000000 00000000 00000000 1be3697c 0000001e a34c92b1 00000011 00000000 00000000 00000000 00000000 00000201 00000101 00000000 00000000 00000000 00000000 00000000 00000000 00000000 00003333 00004ccd 00002667 00000001 00000000 03938700 000004f8
capture_snapshot GLI1 00010000 60000000 2500000 871 0 60000000 0 0 0 0 0 0 0 8eee4088 00000011 a3528ae0 00000011 00d9831a 00000000 00d9831a 00000000 0000006a 00000000 00000000 00000000 14645489 00000000 00d98384 00000000 00000000 00000000 00000000 00000039 008b3199 00000001 00000000 00000001 00000000 00000000 00000000 00000000 00000000 00000000 00000000 00000000 00000000 00000000 00000000 00000000 00000000 00000000 00000000 00000000 1bed5cb3 0000001e a3528b11 00000011 00000000 00000000 00000000 00000000 00000201 00000101 00000000 00000000 00000000 00000000 00000000 00000000 00000000 00003333 00004ccd 00002667 00000001 00000000 03938700 000004f8
capture_snapshot GLI1 00010000 60000000 2500000 872 0 60000000 0 0 0 0 0 0 0 8eee4088 00000011 a3588dc8 00000011 00d9c339 00000000 00d9c339 00000000 0000006a 00000000 00000000 00000000 146a576d 00000000 00d9c3a3 00000000 00000000 00000000 00000000 00000039 008b3199 00000001 00000000 00000001 00000000 00000000 00000000 00000000 00000000 00000000 00000000 00000000 00000000 00000000 00000000 00000000 00000000 00000000 00000000 00000000 1bf76172 0000001e a3588df5 00000011 00000000 00000000 00000000 00000000 00000201 00000101 00000000 00000000 00000000 00000000 00000000 00000000 00000000 00003333 00004ccd 00002667 00000001 00000000 03938700 000004f8
capture_snapshot GLI1 00010000 60000000 2500000 873 0 60000000 0 0 0 0 0 0 0 8eee4088 00000011 a35e8480 00000011 00da02d6 00000000 00da02d6 00000000 0000006a 00000000 00000000 00000000 14704e26 00000000 00da0340 00000000 00000000 00000000 00000000 00000039 008b3199 00000001 00000000 00000001 00000000 00000000 00000000 00000000 00000000 00000000 00000000 00000000 00000000 00000000 00000000 00000000 00000000 00000000 00000000 00000000 1c0151e7 0000001e a35e84ae 00000011 00000000 00000000 00000000 00000000 00000201 00000101 00000000 00000000 00000000 00000000 00000000 00000000 00000000 00003333 00004ccd 00002667 00000001 00000000 03938700 000004f8
capture_snapshot GLI1 00010000 60000000 2500000 874 0 60000000 0 0 0 0 0 0 0 8eee4088 00000011 a3648db0 00000011 00da4338 00000000 00da4338 00000000 0000006a 00000000 00000000 00000000 1476575b 00000000 00da43a2 00000000 00000000 00000000 00000000 00000039 008b3199 00000001 00000000 00000001 00000000 00000000 00000000 00000000 00000000 00000000 00000000 00000000 00000000 00000000 00000000 00000000 00000000 00000000 00000000 00000000 1c0b612c 0000001e a3648de3 00000011 00000000 00000000 00000000 00000000 00000202 00000101 00000000 00000000 00000000 00000000 00000000 00000000 00000000 00003333 00004ccd 00002667 00000001 00000000 03938700 000004f8
capture_snapshot GLI1 00010000 60000000 2500000 875 0 60000000 0 0 0 0 0 0 0 8eee4088 00000011 a36a99c8 00000011 00da83b9 00000000 00da83b9 00000000 0000006a 00000000 00000000 00000000 147c6361 00000000 00da8423 00000000 00000000 00000000 00000000 00000039 008b3199 00000001 00000000 00000001 00000000 00000000 00000000 00000000 00000000 00000000 00000000 00000000 00000000 00000000 00000000 00000000 00000000 00000000 00000000 00000000 1c157523 0000001e a36a99e9 00000011 00000000 00000000 00000000 00000000 00000201 00000101 00000000 00000000 00000000 00000000 00000000 00000000 00000000 00003333 00004ccd 00002667 00000001 00000000 03938700 000004f8
capture_snapshot GLI1 00010000 60000000 2500000 876 0 60000000 0 0 0 0 0 0 0 8eee4088 00000011 a370a118 00000011 00dac407 00000000 00dac407 00000000 0000006a 00000000 00000000 00000000 14826abb 00000000 00dac471 00000000 00000000 00000000 00000000 00000039 008b3199 00000001 00000000 00000001 00000000 00000000 00000000 00000000 00000000 00000000 00000000 00000000 00000000 00000000 00000000 00000000 00000000 00000000 00000000 00000000 1c1f8150 0000001e a370a143 00000011 00000000 00000000 00000000 00000000 00000201 00000101 00000000 00000000 00000000 00000000 00000000 00000000 00000000 00003333 00004ccd 00002667 00000001 00000000 03938700 000004f8
capture_snapshot GLI1 00010000 60000000 2500000 877 0 60000000 0 0 0 0 0 0 0 8eee4088 00000011 a37687c8 00000011 00db02f9 00000000 00db02f9 00000000 0000006a 00000000 00000000 00000000 14885164 00000000 00db0363 00000000 00000000 00000000 00000000 00000039 008b3199 00000001 00000000 00000001 00000000 00000000 00000000 00000000 00000000 00000000 00000000 00000000 00000000 00000000 00000000 00000000 00000000 00000000 00000000 00000000 1c295702 0000001e a37687ec 00000011 00000000 00000000 00000000 00000000 00000201 00000101 00000000 00000000 00000000 00000000 00000000 00000000 00000000 00003333 00004ccd 00002667 00000001 00000000 03938700 000004f8
capture_snapshot GLI1 00010000 60000000 2500000 878 0 60000000 0 0 0 0 0 0 0 8eee4088 00000011 a37c83f0 00000011 00db42d0 00000000 00db42d0 00000000 0000006a 00000000 00000000 00000000 148e4d93 00000000 00db433a 00000000 00000000 00000000 00000000 00000039 008b3199 00000001 00000000 00000001 00000000 00000000 00000000 00000000 00000000 00000000 00000000 00000000 00000000 00000000 00000000 00000000 00000000 00000000 00000000 00000000 1c335091 0000001e a37c841b 00000011 00000000 00000000 00000000 00000000 00000201 00000100 00000000 00000000 00000000 00000000 00000000 00000000 00000000 00003333 00004ccd 00002667 00000001 00000000 03938700 000004f8
capture_snapshot GLI1 00010000 60000000 2500000 879 0 60000000 0 0 0 0 0 0 0 8eee4088 00000011 a38292a8 00000011 00db836d 00000000 00db836d 00000000 0000006a 00000000 00000000 00000000 14945c53 00000000 00db83d7 00000000 00000000 00000000 00000000 00000039 008b3199 00000001 00000000 00000001 00000000 00000000 00000000 00000000 00000000 00000000 00000000 00000000 00000000 00000000 00000000 00000000 00000000 00000000 00000000 00000000 1c3d6913 0000001e a38292db 00000011 00000000 00000000 00000000 00000000 00000201 00000101 00000000 00000000 00000000 00000000 00000000 00000000 00000000 00003333 00004ccd 00002667 00000001 00000000 03938700 000004f8
capture_snapshot GLI1 00010000 60000000 2500000 880 0 60000000 0 0 0 0 0 0 0 8eee4088 00000011 a3888a98 00000011 00dbc317 00000000 00dbc317 00000000 0000006a 00000000 00000000 00000000 149a5440 00000000 00dbc381 00000000 00000000 00000000 00000000 00000039 008b3199 00000001 00000000 00000001 00000000 00000000 00000000 00000000 00000000 00000000 00000000 00000000 00000000 00000000 00000000 00000000 00000000 00000000 00000000 00000000 1c475b8a 0000001e a3888ac8 00000011 00000000 00000000 00000000 00000000 00000202 00000100 00000000 00000000 00000000 00000000 00000000 00000000 00000000 00003333 00004ccd 00002667 00000001 00000000 03938700 000004f8
capture_snapshot GLI1 00010000 60000000 2500000 881 0 60000000 0 0 0 0 0 0 0 8eee4088 00000011 a38e8a08 00000011 00dc0311 00000000 00dc0311 00000000 0000006a 00000000 00000000 00000000 14a053aa 00000000 00dc037b 00000000 00000000 00000000 00000000 00000039 008b3199 00000001 00000000 00000001 00000000 00000000 00000000 00000000 00000000 00000000 00000000 00000000 00000000 00000000 00000000 00000000 00000000 00000000 00000000 00000000 1c515a7c 0000001e a38e8a32 00000011 00000000 00000000 00000000 00000000 00000201 00000101 00000000 00000000 00000000 00000000 00000000 00000000 00000000 00003333 00004ccd 00002667 00000001 00000000 03938700 000004f8
capture_snapshot GLI1 00010000 60000000 2500000 882 0 60000000 0 0 0 0 0 0 0 8eee4088 00000011 a3948600 00000011 00dc42e6 00000000 00dc42e6 00000000 0000006a 00000000 00000000 00000000 14a64fa3 00000000 00dc4350 00000000 00000000 00000000 00000000 00000039 008b3199 00000001 00000000 00000001 00000000 00000000 00000000 00000000 00000000 00000000 00000000 00000000 00000000 00000000 00000000 00000000 00000000 00000000 00000000 00000000 1c5b53b2 0000001e a394862b 00000011 00000000 00000000 00000000 00000000 00000201 00000101 00000000 00000000 00000000 00000000 00000000 00000000 00000000 00003333 00004ccd 00002667 00000001 00000000 03938700 000004f8
capture_snapshot GLI1 00010000 60000000 2500000 883 0 60000000 0 0 0 0 0 0 0 8eee4088 00000011 a39a8738 00000011 00dc82f3 00000000 00dc82f3 00000000 0000006a 00000000 00000000 00000000 14ac50db 00000000 00dc835d 00000000 00000000 00000000 00000000 00000039 008b3199 00000001 00000000 00000001 00000000 00000000 00000000 00000000 00000000 00000000 00000000 00000000 00000000 00000000 00000000 00000000 00000000 00000000 00000000 00000000 1c6555a7 0000001e a39a8763 00000011 00000000 00000000 00000000 00000000 00000202 00000101 00000000 00000000 00000000 00000000 00000000 00000000 00000000 00003333 00004ccd 00002667 00000001 00000000 03938700 000004f8
capture_snapshot GLI1 00010000 60000000 2500000 884 0 60000000 0 0 0 0 0 0 0 8eee4088 00000011 a3a087c8 00000011 00dcc2f9 00000000 00dcc2f9 00000000 0000006a 00000000 00000000 00000000 14b25160 00000000 00dcc363 00000000 00000000 00000000 00000000 00000039 008b3199 00000001 00000000 00000001 00000000 00000000 00000000 00000000 00000000 00000000 00000000 00000000 00000000 00000000 00000000 00000000 00000000 00000000 00000000 00000000 1c6f5671 0000001e a3a087e8 00000011 00000000 00000000 00000000 00000000 00000202 00000100 00000000 00000000 00000000 00000000 00000000 00000000 00000000 00003333 00004ccd 00002667 00000001 00000000 03938700 000004f8
capture_snapshot GLI1 00010000 60000000 2500000 885 0 60000000 0 0 0 0 0 0 0 8eee4088 00000011 a3a68900 00000011 00dd0306 00000000 00dd0306 00000000 0000006a 00000000 00000000 00000000 14b852a6 00000000 00dd0370 00000000 00000000 00000000 00000000 00000039 008b3199 00000001 00000000 00000001 00000000 00000000 00000000 00000000 00000000 00000000 00000000 00000000 00000000 00000000 00000000 00000000 00000000 00000000 00000000 00000000 1c79587d 0000001e a3a6892e 00000011 00000000 00000000 00000000 00000000 00000202 00000101 00000000 00000000 00000000 00000000 00000000 00000000 00000000 00003333 00004ccd 00002667 00000001 00000000 03938700 000004f8
capture_snapshot GLI1 00010000 60000000 2500000 886 0 60000000 0 0 0 0 0 0 0 8eee4088 00000011 a3ac8690 00000011 00dd42ec 00000000 00dd42ec 00000000 0000006a 00000000 00000000 00000000 14be503b 00000000 00dd4356 00000000 00000000 00000000 00000000 00000039 008b3199 00000001 00000000 00000001 00000000 00000000 00000000 00000000 00000000 00000000 00000000 00000000 00000000 00000000 00000000 00000000 00000000 00000000 00000000 00000000 1c835461 0000001e a3ac86c3 00000011 00000000 00000000 00000000 00000000 00000201 00000101 00000000 00000000 00000000 00000000 00000000 00000000 00000000 00003333 00004ccd 00002667 00000001 00000000 03938700 000004f8
capture_snapshot GLI1 00010000 60000000 2500000 887 0 60000000 0 0 0 0 0 0 0 8eee4088 00000011 a3b29218 00000011 00dd8367 00000000 00dd8367 00000000 0000006a 00000000 00000000 00000000 14c45bbc 00000000 00dd83d1 00000000 00000000 00000000 00000000 00000039 008b3199 00000001 00000000 00000001 00000000 00000000 00000000 00000000 00000000 00000000 00000000 00000000 00000000 00000000 00000000 00000000 00000000 00000000 00000000 00000000 1c8d677a 0000001e a3b29244 00000011 00000000 00000000 00000000 00000000 00000201 00000101 00000000 00000000 00000000 00000000 00000000 00000000 00000000 00003333 00004ccd 00002667 00000001 00000000 03938700 000004f8
capture_snapshot GLI1 00010000 60000000 2500000 888 0 60000000 0 0 0 0 0 0 0 8eee4088 00000011 a3b8a820 00000011 00ddc452 00000000 00ddc452 00000000 0000006a 00000000 00000000 00000000 14ca71b9 00000000 00ddc4bc 00000000 00000000 00000000 00000000 00000039 008b3199 00000001 00000000 00000001 00000000 00000000 00000000 00000000 00000000 00000000 00000000 00000000 00000000 00000000 00000000 00000000 00000000 00000000 00000000 00000000 1c978c0d 0000001e a3b8a841 00000011 00000000 00000000 00000000 00000000 00000201 00000101 00000000 00000000 00000000 00000000 00000000 00000000 00000000 00003333 00004ccd 00002667 00000001 00000000 03938700 000004f8
capture_snapshot GLI1 00010000 60000000 2500000 889 0 60000000 0 0 0 0 0 0 0 8eee4088 00000011 a3bea190 00000011 00de040c 00000000 00de040c 00000000 0000006a 00000000 00000000 00000000 14d06b2f 00000000 00de0476 00000000 00000000 00000000 00000000 00000039 008b3199 00000001 00000000 00000001 00000000 00000000 00000000 00000000 00000000 00000000 00000000 00000000 00000000 00000000 00000000 00000000 00000000 00000000 00000000 00000000 1ca18113 0000001e a3bea1b7 00000011 00000000 00000000 00000000 00000000 00000201 00000101 00000000 00000000 00000000 00000000 00000000 00000000 00000000 00003333 00004ccd 00002667 00000001 00000000 03938700 000004f8
capture_snapshot GLI1 00010000 60000000 2500000 890 0 60000000 0 0 0 0 0 0 0 8eee4088 00000011 a3c4bdf8 00000011 00de453b 00000000 00de453b 00000000 0000006a 00000000 00000000 00000000 14d68799 00000000 00de45a5 00000000 00000000 00000000 00000000 00000039 008b3199 00000001 00000000 00000001 00000000 00000000 00000000 00000000 00000000 00000000 00000000 00000000 00000000 00000000 00000000 00000000 00000000 00000000 00000000 00000000 1cabb05a 0000001e a3c4be21 00000011 00000000 00000000 00000000 00000000 00000201 00000101 00000000 00000000 00000000 00000000 00000000 00000000 00000000 00003333 00004ccd 00002667 00000001 00000000 03938700 000004f8
capture_snapshot GLI1 00010000 60000000 2500000 891 0 60000000 0 0 0 0 0 0 0 8eee4088 00000011 a3ca84e0 00000011 00de82da 00000000 00de82da 00000000 0000006a 00000000 00000000 00000000 14dc4e7c 00000000 00de8344 00000000 00000000 00000000 00000000 00000039 008b3199 00000001 00000000 00000001 00000000 00000000 00000000 00000000 00000000 00000000 00000000 00000000 00000000 00000000 00000000 00000000 00000000 00000000 00000000 00000000 1cb55117 0000001e a3ca8504 00000011 00000000 00000000 00000000 00000000 00000202 00000101 00000000 00000000 00000000 00000000 00000000 00000000 00000000 00003333 00004ccd 00002667 00000001 00000000 03938700 000004f8
capture_snapshot GLI1 00010000 60000000 2500000 892 0 60000000 0 0 0 0 0 0 0 8eee4088 00000011 a3d08798 00000011 00dec2f7 00000000 00dec2f7 00000000 0000006a 00000000 00000000 00000000 14e25142 00000000 00dec361 00000000 00000000 00000000 00000000 00000039 008b3199 00000001 00000000 00000001 00000000 00000000 00000000 00000000 00000000 00000000 00000000 00000000 00000000 00000000 00000000 00000000 00000000 00000000 00000000 00000000 1cbf55a3 0000001e a3d087ca 00000011 00000000 00000000 00000000 00000000 00000201 00000100 00000000 00000000 00000000 00000000 00000000 00000000 00000000 00003333 00004ccd 00002667 00000001 00000000 03938700 000004f8
capture_snapshot GLI1 00010000 60000000 2500000 893 0 60000000 0 0 0 0 0 0 0 8eee4088 00000011 a3d68ac8 00000011 00df0319 00000000 00df0319 00000000 0000006a 00000000 00000000 00000000 14e85463 00000000 00df0383 00000000 00000000 00000000 00000000 00000039 008b3199 00000001 00000000 00000001 00000000 00000000 00000000 00000000 00000000 00000000 00000000 00000000 00000000 00000000 00000000 00000000 00000000 00000000 00000000 00000000 1cc95ac6 0000001e a3d68aeb 00000011 00000000 00000000 00000000 00000000 00000201 00000101 00000000 00000000 00000000 00000000 00000000 00000000 00000000 00003333 00004ccd 00002667 00000001 00000000 03938700 000004f8
capture_snapshot GLI1 00010000 60000000 2500000 894 0 60000000 0 0 0 0 0 0 0 8eee4088 00000011 a3dc8c18 00000011 00df4327 00000000 00df4327 00000000 0000006a 00000000 00000000 00000000 14ee55c1 00000000 00df4391 00000000 00000000 00000000 00000000 00000039 008b3199 00000001 00000000 00000001 00000000 00000000 00000000 00000000 00000000 00000000 00000000 00000000 00000000 00000000 00000000 00000000 00000000 00000000 00000000 00000000 1cd35cfa 0000001e a3dc8c49 00000011 00000000 00000000 00000000 00000000 00000202 00000101 00000000 00000000 00000000 00000000 00000000 00000000 00000000 00003333 00004ccd 00002667 00000001 00000000 03938700 000004f8
capture_snapshot GLI1 00010000 60000000 2500000 895 0 60000000 0 0 0 0 0 0 0 8eee4088 00000011 a3e28600 00000011 00df82e6 00000000 00df82e6 00000000 0000006a 00000000 00000000 00000000 14f44fab 00000000 00df8350 00000000 00000000 00000000 00000000 00000039 008b3199 00000001 00000000 00000001 00000000 00000000 00000000 00000000 00000000 00000000 00000000 00000000 00000000 00000000 00000000 00000000 00000000 00000000 00000000 00000000 1cdd52c3 0000001e a3e28633 00000011 00000000 00000000 00000000 00000000 00000201 00000101 00000000 00000000 00000000 00000000 00000000 00000000 00000000 00003333 00004ccd 00002667 00000001 00000000 03938700 000004f8
capture_snapshot GLI1 00010000 60000000 2500000 896 0 60000000 0 0 0 0 0 0 0 8eee4088 00000011 a3e88708 00000011 00dfc2f1 00000000 00dfc2f1 00000000 0000006a 00000000 00000000 00000000 14fa50b4 00000000 00dfc35b 00000000 00000000 00000000 00000000 00000039 008b3199 00000001 00000000 00000001 00000000 00000000 00000000 00000000 00000000 00000000 00000000 00000000 00000000 00000000 00000000 00000000 00000000 00000000 00000000 00000000 1ce75468 0000001e a3e8873c 00000011 00000000 00000000 00000000 00000000 00000202 00000101 00000000 00000000 00000000 00000000 00000000 00000000 00000000 00003333 00004ccd 00002667 00000001 00000000 03938700 000004f8
capture_snapshot GLI1 00010000 60000000 2500000 897 0 60000000 0 0 0 0 0 0 0 8eee4088 00000011 a3ee8918 00000011 00e00307 00000000 00e00307 00000000 0000006a 00000000 00000000 00000000 150052be 00000000 00e00371 00000000 00000000 00000000 00000000 00000039 008b3199 00000001 00000000 00000001 00000000 00000000 00000000 00000000 00000000 00000000 00000000 00000000 00000000 00000000 00000000 00000000 00000000 00000000 00000000 00000000 1cf157ba 0000001e a3ee8946 00000011 00000000 00000000 00000000 00000000 00000201 00000101 00000000 00000000 00000000 00000000 00000000 00000000 00000000 00003333 00004ccd 00002667 00000001 00000000 03938700 000004f8
capture_snapshot GLI1 00010000 60000000 2500000 898 0 60000000 0 0 0 0 0 0 0 8eee4088 00000011 a3f48f00 00000011 00e04346 00000000 00e04346 00000000 0000006a 00000000 00000000 00000000 1506589b 00000000 00e043b0 00000000 00000000 00000000 00000000 00000039 008b3199 00000001 00000000 00000001 00000000 00000000 00000000 00000000 00000000 00000000 00000000 00000000 00000000 00000000 00000000 00000000 00000000 00000000 00000000 00000000 1cfb616c 0000001e a3f48f23 00000011 00000000 00000000 00000000 00000000 00000201 00000101 00000000 00000000 00000000 00000000 00000000 00000000 00000000 00003333 00004ccd 00002667 00000001 00000000 03938700 000004f8
capture_snapshot GLI1 00010000 60000000 2500000 899 0 60000000 0 0 0 0 0 0 0 8eee4088 00000011 a3fa9c08 00000011 00e083d1 00000000 00e083d1 00000000 0000006a 00000000 00000000 00000000 150c65a1 00000000 00e0843b 00000000 00000000 00000000 00000000 00000039 008b3199 00000001 00000000 00000001 00000000 00000000 00000000 00000000 00000000 00000000 00000000 00000000 00000000 00000000 00000000 00000000 00000000 00000000 00000000 00000000 1d05770e 0000001e a3fa9c29 00000011 00000000 00000000 00000000 00000000 00000201 00000101 00000000 00000000 00000000 00000000 00000000 00000000 00000000 00003333 00004ccd 00002667 00000001 00000000 03938700 000004f8
capture_snapshot GLI1 00010000 60000000 2500000 900 0 60000000 0 0 0 0 0 0 0 8eee4088 00000011 a4009b00 00000011 00e0c3c6 00000000 00e0c3c6 00000000 0000006a 00000000 00000000 00000000 151264a8 00000000 00e0c430 00000000 00000000 00000000 00000000 00000039 008b3199 00000001 00000000 00000001 00000000 00000000 00000000 00000000 00000000 00000000 00000000 00000000 00000000 00000000 00000000 00000000 00000000 00000000 00000000 00000000 1d0f755b 0000001e a4009b30 00000011 00000000 00000000 00000000 00000000 00000202 00000100 00000000 00000000 00000000 00000000 00000000 00000000 00000000 00003333 00004ccd 00002667 00000001 00000000 03938700 000004f8
capture_snapshot GLI1 00010000 60000000 2500000 901 0 60000000 0 0 0 0 0 0 0 8eee4088 00000011 a4068768 00000011 00e102f5 00000000 00e102f5 00000000 0000006a 00000000 00000000 00000000 15185105 00000000 00e1035f 00000000 00000000 00000000 00000000 00000039 008b3199 00000001 00000000 00000001 00000000 00000000 00000000 00000000 00000000 00000000 00000000 00000000 00000000 00000000 00000000 00000000 00000000 00000000 00000000 00000000 1d19548e 0000001e a406878d 00000011 00000000 00000000 00000000 00000000 00000201 00000101 00000000 00000000 00000000 00000000 00000000 00000000 00000000 00003333 00004ccd 00002667 00000001 00000000 03938700 000004f8
capture_snapshot GLI1 00010000 60000000 2500000 902 0 60000000 0 0 0 0 0 0 0 8eee4088 00000011 a40c8e88 00000011 00e14341 00000000 00e14341 00000000 0000006a 00000000 00000000 00000000 151e5833 00000000 00e143ab 00000000 00000000 00000000 00000000 00000039 008b3199 00000001 00000000 00000001 00000000 00000000 00000000 00000000 00000000 00000000 00000000 00000000 00000000 00000000 00000000 00000000 00000000 00000000 00000000 00000000 1d236071 0000001e a40c8ebb 00000011 00000000 00000000 00000000 00000000 00000202 00000101 00000000 00000000 00000000 00000000 00000000 00000000 00000000 00003333 00004ccd 00002667 00000001 00000000 03938700 000004f8
capture_snapshot GLI1 00010000 60000000 2500000 903 0 60000000 0 0 0 0 0 0 0 8eee4088 00000011 a4128c18 00000011 00e18327 00000000 00e18327 00000000 0000006a 00000000 00000000 00000000 152455ae 00000000 00e18391 00000000 00000000 00000000 00000000 00000039 008b3199 00000001 00000000 00000001 00000000 00000000 00000000 00000000 00000000 00000000 00000000 00000000 00000000 00000000 00000000 00000000 00000000 00000000 00000000 00000000 1d2d5c2a 0000001e a4128c36 00000011 00000000 00000000 00000000 00000000 00000201 00000101 00000000 00000000 00000000 00000000 00000000 00000000 00000000 00003333 00004ccd 00002667 00000001 00000000 03938700 000004f8
capture_snapshot GLI1 00010000 60000000 2500000 904 0 60000000 0 0 0 0 0 0 0 8eee4088 00000011 a41886d8 00000011 00e1c2ef 00000000 00e1c2ef 00000000 0000006a 00000000 00000000 00000000 152a5077 00000000 00e1c359 00000000 00000000 00000000 00000000 00000039 008b3199 00000001 00000000 00000001 00000000 00000000 00000000 00000000 00000000 00000000 00000000 00000000 00000000 00000000 00000000 00000000 00000000 00000000 00000000 00000000 1d375367 0000001e a41886ff 00000011 00000000 00000000 00000000 00000000 00000201 00000101 00000000 00000000 00000000 00000000 00000000 00000000 00000000 00003333 00004ccd 00002667 00000001 00000000 03938700 000004f8
capture_snapshot GLI1 00010000 60000000 2500000 905 0 60000000 0 0 0 0 0 0 0 8eee4088 00000011 a41e8588 00000011 00e202e1 00000000 00e202e1 00000000 0000006a 00000000 00000000 00000000 15304f21 00000000 00e2034b 00000000 00000000 00000000 00000000 00000039 008b3199 00000001 00000000 00000001 00000000 00000000 00000000 00000000 00000000 00000000 00000000 00000000 00000000 00000000 00000000 00000000 00000000 00000000 00000000 00000000 1d415118 0000001e a41e85a9 00000011 00000000 00000000 00000000 00000000 00000201 00000101 00000000 00000000 00000000 00000000 00000000 00000000 00000000 00003333 00004ccd 00002667 00000001 00000000 03938700 000004f8
capture_snapshot GLI1 00010000 60000000 2500000 906 0 60000000 0 0 0 0 0 0 0 8eee4088 00000011 a4248840 00000011 00e242fe 00000000 00e242fe 00000000 0000006a 00000000 00000000 00000000 153651db 00000000 00e24368 00000000 00000000 00000000 00000000 00000039 008b3199 00000001 00000000 00000001 00000000 00000000 00000000 00000000 00000000 00000000 00000000 00000000 00000000 00000000 00000000 00000000 00000000 00000000 00000000 00000000 1d4b5591 0000001e a4248863 00000011 00000000 00000000 00000000 00000000 00000201 00000101 00000000 00000000 00000000 00000000 00000000 00000000 00000000 00003333 00004ccd 00002667 00000001 00000000 03938700 000004f8
capture_snapshot GLI1 00010000 60000000 2500000 907 0 60000000 0 0 0 0 0 0 0 8eee4088 00000011 a42a87c8 00000011 00e282f9 00000000 00e282f9 00000000 0000006a 00000000 00000000 00000000 153c516e 00000000 00e28363 00000000 00000000 00000000 00000000 00000039 008b3199 00000001 00000000 00000001 00000000 00000000 00000000 00000000 00000000 00000000 00000000 00000000 00000000 00000000 00000000 00000000 00000000 00000000 00000000 00000000 1d5554c7 0000001e a42a87f6 00000011 00000000 00000000 00000000 00000000 00000202 00000101 00000000 00000000 00000000 00000000 00000000 00000000 00000000 00003333 00004ccd 00002667 00000001 00000000 03938700 000004f8
capture_snapshot GLI1 00010000 60000000 2500000 908 0 60000000 0 0 0 0 0 0 0 8eee4088 00000011 a4309038 00000011 00e2c353 00000000 00e2c353 00000000 0000006a 00000000 00000000 00000000 154259db 00000000 00e2c3bd 00000000 00000000 00000000 00000000 00000039 008b3199 00000001 00000000 00000001 00000000 00000000 00000000 00000000 00000000 00000000 00000000 00000000 00000000 00000000 00000000 00000000 00000000 00000000 00000000 00000000 1d5f62bf 0000001e a4309063 00000011 00000000 00000000 00000000 00000000 00000201 00000101 00000000 00000000 00000000 00000000 00000000 00000000 00000000 00003333 00004ccd 00002667 00000001 00000000 03938700 000004f8
capture_snapshot GLI1 00010000 60000000 2500000 909 0 60000000 0 0 0 0 0 0 0 8eee4088 00000011 a4369788 00000011 00e303a1 00000000 00e303a1 00000000 0000006a 00000000 00000000 00000000 15486129 00000000 00e3040b 00000000 00000000 00000000 00000000 00000039 008b3199 00000001 00000000 00000001 00000000 00000000 00000000 00000000 00000000 00000000 00000000 00000000 00000000 00000000 00000000 00000000 00000000 00000000 00000000 00000000 1d696ed8 0000001e a43697b1 00000011 00000000 00000000 00000000 00000000 00000201 00000101 00000000 00000000 00000000 00000000 00000000 00000000 00000000 00003333 00004ccd 00002667 00000001 00000000 03938700 000004f8
capture_snapshot GLI1 00010000 60000000 2500000 910 0 60000000 0 0 0 0 0 0 0 8eee4088 00000011 a43c9680 00000011 00e34396 00000000 00e34396 00000000 0000006a 00000000 00000000 00000000 154e6024 00000000 00e34400 00000000 00000000 00000000 00000000 00000039 008b3199 00000001 00000000 00000001 00000000 00000000 00000000 00000000 00000000 00000000 00000000 00000000 00000000 00000000 00000000 00000000 00000000 00000000 00000000 00000000 1d736d12 0000001e a43c96ac 00000011 00000000 00000000 00000000 00000000 00000201 00000101 00000000 00000000 00000000 00000000 00000000 00000000 00000000 00003333 00004ccd 00002667 00000001 00000000 03938700 000004f8
capture_snapshot GLI1 00010000 60000000 2500000 911 0 60000000 0 0 0 0 0 0 0 8eee4088 00000011 a4428b28 00000011 00e3831d 00000000 00e3831d 00000000 0000006a 00000000 00000000 00000000 155454c6 00000000 00e38387 00000000 00000000 00000000 00000000 00000039 008b3199 00000001 00000000 00000001 00000000 00000000 00000000 00000000 00000000 00000000 00000000 00000000 00000000 00000000 00000000 00000000 00000000 00000000 00000000 00000000 1d7d5a0b 0000001e a4428b4e 00000011 00000000 00000000 00000000 00000000 00000201 00000101 00000000 00000000 00000000 00000000 00000000 00000000 00000000 00003333 00004ccd 00002667 00000001 00000000 03938700 000004f8
capture_snapshot GLI1 00010000 60000000 2500000 912 0 60000000 0 0 0 0 0 0 0 8eee4088 00000011 a4488c90 00000011 00e3c32c 00000000 00e3c32c 00000000 0000006a 00000000 00000000 00000000 155a563c 00000000 00e3c396 00000000 00000000 00000000 00000000 00000039 008b3199 00000001 00000000 00000001 00000000 00000000 00000000 00000000 00000000 00000000 00000000 00000000 00000000 00000000 00000000 00000000 00000000 00000000 00000000 00000000 1d875c68 0000001e a4488cc4 00000011 00000000 00000000 00000000 00000000 00000201 00000101 00000000 00000000 00000000 00000000 00000000 00000000 00000000 00003333 00004ccd 00002667 00000001 00000000 03938700 000004f8
capture_snapshot GLI1 00010000 60000000 2500000 913 0 60000000 0 0 0 0 0 0 0 8eee4088 00000011 a44e8720 00000011 00e402f2 00000000 00e402f2 00000000 0000006a 00000000 00000000 00000000 156050b7 00000000 00e4035c 00000000 00000000 00000000 00000000 00000039 008b3199 00000001 00000000 00000001 00000000 00000000 00000000 00000000 00000000 00000000 00000000 00000000 00000000 00000000 00000000 00000000 00000000 00000000 00000000 00000000 1d915322 0000001e a44e873f 00000011 00000000 00000000 00000000 00000000 00000201 00000101 00000000 00000000 00000000 00000000 00000000 00000000 00000000 00003333 00004ccd 00002667 00000001 00000000 03938700 000004f8
capture_snapshot GLI1 00010000 60000000 2500000 914 0 60000000 0 0 0 0 0 0 0 8eee4088 00000011 a4548690 00000011 00e442ec 00000000 00e442ec 00000000 0000006a 00000000 00000000 00000000 1566502a 00000000 00e44356 00000000 00000000 00000000 00000000 00000039 008b3199 00000001 00000000 00000001 00000000 00000000 00000000 00000000 00000000 00000000 00000000 00000000 00000000 00000000 00000000 00000000 00000000 00000000 00000000 00000000 1d9b5223 0000001e a45486b2 00000011 00000000 00000000 00000000 00000000 00000201 00000101 00000000 00000000 00000000 00000000 00000000 00000000 00000000 00003333 00004ccd 00002667 00000001 00000000 03938700 000004f8
capture_snapshot GLI1 00010000 60000000 2500000 915 0 60000000 0 0 0 0 0 0 0 8eee4088 00000011 a45a91d0 00000011 00e48364 00000000 00e48364 00000000 0000006a 00000000 00000000 00000000 156c5b76 00000000 00e483ce 00000000 00000000 00000000 00000000 00000039 008b3199 00000001 00000000 00000001 00000000 00000000 00000000 00000000 00000000 00000000 00000000 00000000 00000000 00000000 00000000 00000000 00000000 00000000 00000000 00000000 1da564e3 0000001e a45a91fe 00000011 00000000 00000000 00000000 00000000 00000201 00000100 00000000 00000000 00000000 00000000 00000000 00000000 00000000 00003333 00004ccd 00002667 00000001 00000000 03938700 000004f8
capture_snapshot GLI1 00010000 60000000 2500000 916 0 60000000 0 0 0 0 0 0 0 8eee4088 00000011 a46086f0 00000011 00e4c2f0 00000000 00e4c2f0 00000000 0000006a 00000000 00000000 00000000 1572508a 00000000 00e4c35a 00000000 00000000 00000000 00000000 00000039 008b3199 00000001 00000000 00000001 00000000 00000000 00000000 00000000 00000000 00000000 00000000 00000000 00000000 00000000 00000000 00000000 00000000 00000000 00000000 00000000 1daf529b 0000001e a4608712 00000011 00000000 00000000 00000000 00000000 00000201 00000101 00000000 00000000 00000000 00000000 00000000 00000000 00000000 00003333 00004ccd 00002667 00000001 00000000 03938700 000004f8
capture_snapshot GLI1 00010000 60000000 2500000 917 0 60000000 0 0 0 0 0 0 0 8eee4088 00000011 a4668b70 00000011 00e50320 00000000 00e50320 00000000 0000006a 00000000 00000000 00000000 1578550a 00000000 00e5038a 00000000 00000000 00000000 00000000 00000039 008b3199 00000001 00000000 00000001 00000000 00000000 00000000 00000000 00000000 00000000 00000000 00000000 00000000 00000000 00000000 00000000 00000000 00000000 00000000 00000000 1db95a08 0000001e a4668b92 00000011 00000000 00000000 00000000 00000000 00000201 00000100 00000000 00000000 00000000 00000000 00000000 00000000 00000000 00003333 00004ccd 00002667 00000001 00000000 03938700 000004f8
capture_snapshot GLI1 00010000 60000000 2500000 918 0 60000000 0 0 0 0 0 0 0 8eee4088 00000011 a46c9218 00000011 00e54367 00000000 00e54367 00000000 0000006a 00000000 00000000 00000000 157e5bbb 00000000 00e543d1 00000000 00000000 00000000 00000000 00000039 008b3199 00000001 00000000 00000001 00000000 00000000 00000000 00000000 00000000 00000000 00000000 00000000 00000000 00000000 00000000 00000000 00000000 00000000 00000000 00000000 1dc3651c 0000001e a46c9243 00000011 00000000 00000000 00000000 00000000 00000201 00000101 00000000 00000000 00000000 00000000 00000000 00000000 00000000 00003333 00004ccd 00002667 00000001 00000000 03938700 000004f8
capture_snapshot GLI1 00010000 60000000 2500000 919 0 60000000 0 0 0 0 0 0 0 8eee4088 00000011 a472ada8 00000011 00e5848d 00000000 00e5848d 00000000 0000006a 00000000 00000000 00000000 15847743 00000000 00e584f7 00000000 00000000 00000000 00000000 00000039 008b3199 00000001 00000000 00000001 00000000 00000000 00000000 00000000 00000000 00000000 00000000 00000000 00000000 00000000 00000000 00000000 00000000 00000000 00000000 00000000 1dcd92ea 0000001e a472adcb 00000011 00000000 00000000 00000000 00000000 00000201 00000100 00000000 00000000 00000000 00000000 00000000 00000000 00000000 00003333 00004ccd 00002667 00000001 00000000 03938700 000004f8
capture_snapshot GLI1 00010000 60000000 2500000 920 0 60000000 0 0 0 0 0 0 0 8eee4088 00000011 a478a508 00000011 00e5c431 00000000 00e5c431 00000000 0000006a 00000000 00000000 00000000 158a6eb3 00000000 00e5c49b 00000000 00000000 00000000 00000000 00000039 008b3199 00000001 00000000 00000001 00000000 00000000 00000000 00000000 00000000 00000000 00000000 00000000 00000000 00000000 00000000 00000000 00000000 00000000 00000000 00000000 1dd78492 0000001e a478a53b 00000011 00000000 00000000 00000000 00000000 00000201 00000101 00000000 00000000 00000000 00000000 00000000 00000000 00000000 00003333 00004ccd 00002667 00000001 00000000 03938700 000004f8
capture_snapshot GLI1 00010000 60000000 2500000 921 0 60000000 0 0 0 0 0 0 0 8eee4088 00000011 a47e8c18 00000011 00e60327 00000000 00e60327 00000000 0000006a 00000000 00000000 00000000 159055c1 00000000 00e60391 00000000 00000000 00000000 00000000 00000039 008b3199 00000001 00000000 00000001 00000000 00000000 00000000 00000000 00000000 00000000 00000000 00000000 00000000 00000000 00000000 00000000 00000000 00000000 00000000 00000000 1de15aeb 0000001e a47e8c49 00000011 00000000 00000000 00000000 00000000 00000201 00000101 00000000 00000000 00000000 00000000 00000000 00000000 00000000 00003333 00004ccd 00002667 00000001 00000000 03938700 000004f8
capture_snapshot GLI1 00010000 60000000 2500000 922 0 60000000 0 0 0 0 0 0 0 8eee4088 00000011 a48487f8 00000011 00e642fb 00000000 00e642fb 00000000 0000006a 00000000 00000000 00000000 1596518f 00000000 00e64365 00000000 00000000 00000000 00000000 00000039 008b3199 00000001 00000000 00000001 00000000 00000000 00000000 00000000 00000000 00000000 00000000 00000000 00000000 00000000 00000000 00000000 00000000 00000000 00000000 00000000 1deb53da 0000001e a4848817 00000011 00000000 00000000 00000000 00000000 00000201 00000101 00000000 00000000 00000000 00000000 00000000 00000000 00000000 00003333 00004ccd 00002667 00000001 00000000 03938700 000004f8
capture_snapshot GLI1 00010000 60000000 2500000 923 0 60000000 0 0 0 0 0 0 0 8eee4088 00000011 a48a8660 00000011 00e682ea 00000000 00e682ea 00000000 0000006a 00000000 00000000 00000000 159c4ff6 00000000 00e68354 00000000 00000000 00000000 00000000 00000039 008b3199 00000001 00000000 00000001 00000000 00000000 00000000 00000000 00000000 00000000 00000000 00000000 00000000 00000000 00000000 00000000 00000000 00000000 00000000 00000000 1df5511c 0000001e a48a867e 00000011 00000000 00000000 00000000 00000000 00000201 00000100 00000000 00000000 00000000 00000000 00000000 00000000 00000000 00003333 00004ccd 00002667 00000001 00000000 03938700 000004f8
capture_snapshot GLI1 00010000 60000000 2500000 924 0 60000000 0 0 0 0 0 0 0 8eee4088 00000011 a4908e58 00000011 00e6c33f 00000000 00e6c33f 00000000 0000006a 00000000 00000000 00000000 15a25800 00000000 00e6c3a9 00000000 00000000 00000000 00000000 00000039 008b3199 00000001 00000000 00000001 00000000 00000000 00000000 00000000 00000000 00000000 00000000 00000000 00000000 00000000 00000000 00000000 00000000 00000000 00000000 00000000 1dff5e6e 0000001e a4908e88 00000011 00000000 00000000 00000000 00000000 00000202 00000100 00000000 00000000 00000000 00000000 00000000 00000000 00000000 00003333 00004ccd 00002667 00000001 00000000 03938700 000004f8
capture_snapshot GLI1 00010000 60000000 2500000 925 0 60000000 0 0 0 0 0 0 0 8eee4088 00000011 a4968900 00000011 00e70306 00000000 00e70306 00000000 0000006a 00000000 00000000 00000000 15a852a6 00000000 00e70370 00000000 00000000 00000000 00000000 00000039 008b3199 00000001 00000000 00000001 00000000 00000000 00000000 00000000 00000000 00000000 00000000 00000000 00000000 00000000 00000000 00000000 00000000 00000000 00000000 00000000 1e09556f 0000001e a496892e 00000011 00000000 00000000 00000000 00000000 00000201 00000101 00000000 00000000 00000000 00000000 00000000 00000000 00000000 00003333 00004ccd 00002667 00000001 00000000 03938700 000004f8
capture_snapshot GLI1 00010000 60000000 2500000 926 0 60000000 0 0 0 0 0 0 0 8eee4088 00000011 a49c91a0 00000011 00e74362 00000000 00e74362 00000000 0000006a 00000000 00000000 00000000 15ae5b46 00000000 00e743cc 00000000 00000000 00000000 00000000 00000039 008b3199 00000001 00000000 00000001 00000000 00000000 00000000 00000000 00000000 00000000 00000000 00000000 00000000 00000000 00000000 00000000 00000000 00000000 00000000 00000000 1e1363bc 0000001e a49c91ce 00000011 00000000 00000000 00000000 00000000 00000201 00000100 00000000 00000000 00000000 00000000 00000000 00000000 00000000 00003333 00004ccd 00002667 00000001 00000000 03938700 000004f8
capture_snapshot GLI1 00010000 60000000 2500000 927 0 60000000 0 0 0 0 0 0 0 8eee4088 00000011 a4a290b0 00000011 00e78358 00000000 00e78358 00000000 0000006a 00000000 00000000 00000000 15b45a46 00000000 00e783c2 00000000 00000000 00000000 00000000 00000039 008b3199 00000001 00000000 00000001 00000000 00000000 00000000 00000000 00000000 00000000 00000000 00000000 00000000 00000000 00000000 00000000 00000000 00000000 00000000 00000000 1e1d61fd 0000001e a4a290ce 00000011 00000000 00000000 00000000 00000000 00000201 00000101 00000000 00000000 00000000 00000000 00000000 00000000 00000000 00003333 00004ccd 00002667 00000001 00000000 03938700 000004f8
capture_snapshot GLI1 00010000 60000000 2500000 928 0 60000000 0 0 0 0 0 0 0 8eee4088 00000011 a4a89bd8 00000011 00e7c3cf 00000000 00e7c3cf 00000000 0000006a 00000000 00000000 00000000 15ba6582 00000000 00e7c439 00000000 00000000 00000000 00000000 00000039 008b3199 00000001 00000000 00000001 00000000 00000000 00000000 00000000 00000000 00000000 00000000 00000000 00000000 00000000 00000000 00000000 00000000 00000000 00000000 00000000 1e2774a3 0000001e a4a89c0a 00000011 00000000 00000000 00000000 00000000 00000202 00000100 00000000 00000000 00000000 00000000 00000000 00000000 00000000 00003333 00004ccd 00002667 00000001 00000000 03938700 000004f8
capture_snapshot GLI1 00010000 60000000 2500000 929 0 60000000 0 0 0 0 0 0 0 8eee4088 00000011 a4aea340 00000011 00e8041e 00000000 00e8041e 00000000 0000006a 00000000 00000000 00000000 15c06ce7 00000000 00e80488 00000000 00000000 00000000 00000000 00000039 008b3199 00000001 00000000 00000001 00000000 00000000 00000000 00000000 00000000 00000000 00000000 00000000 00000000 00000000 00000000 00000000 00000000 00000000 00000000 00000000 1e3180e2 0000001e a4aea36f 00000011 00000000 00000000 00000000 00000000 00000201 00000101 00000000 00000000 00000000 00000000 00000000 00000000 00000000 00003333 00004ccd 00002667 00000001 00000000 03938700 000004f8
capture_snapshot GLI1 00010000 60000000 2500000 930 0 60000000 0 0 0 0 0 0 0 8eee4088 00000011 a4b489a8 00000011 00e8430d 00000000 00e8430d 00000000 0000006a 00000000 00000000 00000000 15c6534c 00000000 00e84377 00000000 00000000 00000000 00000000 00000039 008b3199 00000001 00000000 00000001 00000000 00000000 00000000 00000000 00000000 00000000 00000000 00000000 00000000 00000000 00000000 00000000 00000000 00000000 00000000 00000000 1e3b5622 0000001e a4b489d4 00000011 00000000 00000000 00000000 00000000 00000201 00000101 00000000 00000000 00000000 00000000 00000000 00000000 00000000 00003333 00004ccd 00002667 00000001 00000000 03938700 000004f8
capture_snapshot GLI1 00010000 60000000 2500000 931 0 60000000 0 0 0 0 0 0 0 8eee4088 00000011 a4ba8738 00000011 00e882f3 00000000 00e882f3 00000000 0000006a 00000000 00000000 00000000 15cc50d7 00000000 00e8835d 00000000 00000000 00000000 00000000 00000039 008b3199 00000001 00000000 00000001 00000000 00000000 00000000 00000000 00000000 00000000 00000000 00000000 00000000 00000000 00000000 00000000 00000000 00000000 00000000 00000000 1e4551f7 0000001e a4ba875f 00000011 00000000 00000000 00000000 00000000 00000201 00000101 00000000 00000000 00000000 00000000 00000000 00000000 00000000 00003333 00004ccd 00002667 00000001 00000000 03938700 000004f8
capture_snapshot GLI1 00010000 60000000 2500000 932 0 60000000 0 0 0 0 0 0 0 8eee4088 00000011 a4c08768 00000011 00e8c2f5 00000000 00e8c2f5 00000000 0000006a 00000000 00000000 00000000 15d25114 00000000 00e8c35f 00000000 00000000 00000000 00000000 00000039 008b3199 00000001 00000000 00000001 00000000 00000000 00000000 00000000 00000000 00000000 00000000 00000000 00000000 00000000 00000000 00000000 00000000 00000000 00000000 00000000 1e4f5249 0000001e a4c0879c 00000011 00000000 00000000 00000000 00000000 00000201 00000101 00000000 00000000 00000000 00000000 00000000 00000000 00000000 00003333 00004ccd 00002667 00000001 00000000 03938700 000004f8
capture_snapshot GLI1 00010000 60000000 2500000 933 0 60000000 0 0 0 0 0 0 0 8eee4088 00000011 a4c69068 00000011 00e90355 00000000 00e90355 00000000 0000006a 00000000 00000000 00000000 15d859fe 00000000 00e903bf 00000000 00000000 00000000 00000000 00000039 008b3199 00000001 00000000 00000001 00000000 00000000 00000000 00000000 00000000 00000000 00000000 00000000 00000000 00000000 00000000 00000000 00000000 00000000 00000000 00000000 1e596111 0000001e a4c69086 00000011 00000000 00000000 00000000 00000000 00000201 00000101 00000000 00000000 00000000 00000000 00000000 00000000 00000000 00003333 00004ccd 00002667 00000001 00000000 03938700 000004f8
capture_snapshot GLI1 00010000 60000000 2500000 934 0 60000000 0 0 0 0 0 0 0 8eee4088 00000011 a4cc8a98 00000011 00e94317 00000000 00e94317 00000000 0000006a 00000000 00000000 00000000 15de5431 00000000 00e94381 00000000 00000000 00000000 00000000 00000039 008b3199 00000001 00000000 00000001 00000000 00000000 00000000 00000000 00000000 00000000 00000000 00000000 00000000 00000000 00000000 00000000 00000000 00000000 00000000 00000000 1e635752 0000001e a4cc8ab9 00000011 00000000 00000000 00000000 00000000 00000201 00000100 00000000 00000000 00000000 00000000 00000000 00000000 00000000 00003333 00004ccd 00002667 00000001 00000000 03938700 000004f8
capture_snapshot GLI1 00010000 60000000 2500000 935 0 60000000 0 0 0 0 0 0 0 8eee4088 00000011 a4d28cd8 00000011 00e9832f 00000000 00e9832f 00000000 0000006a 00000000 00000000 00000000 15e45682 00000000 00e98399 00000000 00000000 00000000 00000000 00000039 008b3199 00000001 00000000 00000001 00000000 00000000 00000000 00000000 00000000 00000000 00000000 00000000 00000000 00000000 00000000 00000000 00000000 00000000 00000000 00000000 1e6d5b1b 0000001e a4d28d0a 00000011 00000000 00000000 00000000 00000000 00000201 00000100 00000000 00000000 00000000 00000000 00000000 00000000 00000000 00003333 00004ccd 00002667 00000001 00000000 03938700 000004f8
capture_snapshot GLI1 00010000 60000000 2500000 936 0 60000000 0 0 0 0 0 0 0 8eee4088 00000011 a4d88318 00000011 00e9c2c7 00000000 00e9c2c7 00000000 0000006a 00000000 00000000 00000000 15ea4cb3 00000000 00e9c331 00000000 00000000 00000000 00000000 00000039 008b3199 00000001 00000000 00000001 00000000 00000000 00000000 00000000 00000000 00000000 00000000 00000000 00000000 00000000 00000000 00000000 00000000 00000000 00000000 00000000 1e774aae 0000001e a4d8833b 00000011 00000000 00000000 00000000 00000000 00000202 00000101 00000000 00000000 00000000 00000000 00000000 00000000 00000000 00003333 00004ccd 00002667 00000001 00000000 03938700 000004f8
capture_snapshot GLI1 00010000 60000000 2500000 937 0 60000000 0 0 0 0 0 0 0 8eee4088 00000011 a4de8f30 00000011 00ea0348 00000000 00ea0348 00000000 0000006a 00000000 00000000 00000000 15f058d9 00000000 00ea03b2 00000000 00000000 00000000 00000000 00000039 008b3199 00000001 00000000 00000001 00000000 00000000 00000000 00000000 00000000 00000000 00000000 00000000 00000000 00000000 00000000 00000000 00000000 00000000 00000000 00000000 1e815eda 0000001e a4de8f61 00000011 00000000 00000000 00000000 00000000 00000201 00000100 00000000 00000000 00000000 00000000 00000000 00000000 00000000 00003333 00004ccd 00002667 00000001 00000000 03938700 000004f8
capture_snapshot GLI1 00010000 60000000 2500000 938 0 60000000 0 0 0 0 0 0 0 8eee4088 00000011 a4e49db8 00000011 00ea43e3 00000000 00ea43e3 00000000 0000006a 00000000 00000000 00000000 15f66764 00000000 00ea444d 00000000 00000000 00000000 00000000 00000039 008b3199 00000001 00000000 00000001 00000000 00000000 00000000 00000000 00000000 00000000 00000000 00000000 00000000 00000000 00000000 00000000 00000000 00000000 00000000 00000000 1e8b7704 0000001e a4e49dec 00000011 00000000 00000000 00000000 00000000 00000201 00000101 00000000 00000000 00000000 00000000 00000000 00000000 00000000 00003333 00004ccd 00002667 00000001 00000000 03938700 000004f8
capture_snapshot GLI1 00010000 60000000 2500000 939 0 60000000 0 0 0 0 0 0 0 8eee4088 00000011 a4eaa160 00000011 00ea840a 00000000 00ea840a 00000000 0000006a 00000000 00000000 00000000 15fc6afc 00000000 00ea8474 00000000 00000000 00000000 00000000 00000039 008b3199 00000001 00000000 00000001 00000000 00000000 00000000 00000000 00000000 00000000 00000000 00000000 00000000 00000000 00000000 00000000 00000000 00000000 00000000 00000000 1e957ced 0000001e a4eaa184 00000011 00000000 00000000 00000000 00000000 00000201 00000101 00000000 00000000 00000000 00000000 00000000 00000000 00000000 00003333 00004ccd 00002667 00000001 00000000 03938700 000004f8
capture_snapshot GLI1 00010000 60000000 2500000 940 0 60000000 0 0 0 0 0 0 0 8eee4088 00000011 a4f086c0 00000011 00eac2ee 00000000 00eac2ee 00000000 0000006a 00000000 00000000 00000000 16025064 00000000 00eac358 00000000 00000000 00000000 00000000 00000039 008b3199 00000001 00000000 00000001 00000000 00000000 00000000 00000000 00000000 00000000 00000000 00000000 00000000 00000000 00000000 00000000 00000000 00000000 00000000 00000000 1e9f5087 0000001e a4f086ec 00000011 00000000 00000000 00000000 00000000 00000202 00000101 00000000 00000000 00000000 00000000 00000000 00000000 00000000 00003333 00004ccd 00002667 00000001 00000000 03938700 000004f8
capture_snapshot GLI1 00010000 60000000 2500000 941 0 60000000 0 0 0 0 0 0 0 8eee4088 00000011 a4f68738 00000011 00eb02f3 00000000 00eb02f3 00000000 0000006a 00000000 00000000 00000000 160850db 00000000 00eb035d 00000000 00000000 00000000 00000000 00000039 008b3199 00000001 00000000 00000001 00000000 00000000 00000000 00000000 00000000 00000000 00000000 00000000 00000000 00000000 00000000 00000000 00000000 00000000 00000000 00000000 1ea9513a 0000001e a4f68763 00000011 00000000 00000000 00000000 00000000 00000201 00000100 00000000 00000000 00000000 00000000 00000000 00000000 00000000 00003333 00004ccd 00002667 00000001 00000000 03938700 000004f8
capture_snapshot GLI1 00010000 60000000 2500000 942 0 60000000 0 0 0 0 0 0 0 8eee4088 00000011 a4fc9098 00000011 00eb4357 00000000 00eb4357 00000000 0000006a 00000000 00000000 00000000 160e5a2f 00000000 00eb43c1 00000000 00000000 00000000 00000000 00000039 008b3199 00000001 00000000 00000001 00000000 00000000 00000000 00000000 00000000 00000000 00000000 00000000 00000000 00000000 00000000 00000000 00000000 00000000 00000000 00000000 1eb360b2 0000001e a4fc90b7 00000011 00000000 00000000 00000000 00000000 00000202 00000101 00000000 00000000 00000000 00000000 00000000 00000000 00000000 00003333 00004ccd 00002667 00000001 00000000 03938700 000004f8
capture_snapshot GLI1 00010000 60000000 2500000 943 0 60000000 0 0 0 0 0 0 0 8eee4088 00000011 a50289d8 00000011 00eb830f 00000000 00eb830e 00000000 0000006a 00000000 00000000 00000000 1614536c 00000000 00eb8379 00000000 00000000 00000000 00000000 0000003b 008b3199 00000001 00000001 00000001 00000000 00000000 00000000 00000000 00000000 00000000 00000000 00000000 00000000 00000000 00000000 00000000 00000000 00000000 00000000 00000000 1ebd555b 0000001e a50289f4 00000011 00000000 00000000 00000000 00000000 00000201 00000101 00000000 00000000 00000000 00000000 00000000 00000000 00000000 00003333 00004ccd 00002667 00000001 00000000 03938700 000004f8
capture_snapshot GLI1 00010000 60000000 2500000 944 0 60000000 0 0 0 0 0 0 0 8eee4088 00000011 a5088be8 00000011 00ebc325 00000000 00ebc325 00000000 0000006a 00000000 00000000 00000000 161a557e 00000000 00ebc38f 00000000 00000000 00000000 00000000 00000039 008b3199 00000001 00000000 00000001 00000000 00000000 00000000 00000000 00000000 00000000 00000000 00000000 00000000 00000000 00000000 00000000 00000000 00000000 00000000 00000000 1ec758b9 0000001e a5088c06 00000011 00000000 00000000 00000000 00000000 00000201 00000101 00000000 00000000 00000000 00000000 00000000 00000000 00000000 00003333 00004ccd 00002667 00000001 00000000 03938700 000004f8
capture_snapshot GLI1 00010000 60000000 2500000 945 0 60000000 0 0 0 0 0 0 0 8eee4088 00000011 a50e8360 00000011 00ec02ca 00000000 00ec02ca 00000000 0000006a 00000000 00000000 00000000 16204d0a 00000000 00ec0334 00000000 00000000 00000000 00000000 00000039 008b3199 00000001 00000000 00000001 00000000 00000000 00000000 00000000 00000000 00000000 00000000 00000000 00000000 00000000 00000000 00000000 00000000 00000000 00000000 00000000 1ed14a8f 0000001e a50e8392 00000011 00000000 00000000 00000000 00000000 00000201 00000101 00000000 00000000 00000000 00000000 00000000 00000000 00000000 00003333 00004ccd 00002667 00000001 00000000 03938700 000004f8
capture_snapshot GLI1 00010000 60000000 2500000 946 0 60000000 0 0 0 0 0 0 0 8eee4088 00000011 a5148630 00000011 00ec42e8 00000000 00ec42e8 00000000 0000006a 00000000 00000000 00000000 16264fd7 00000000 00ec4352 00000000 00000000 00000000 00000000 00000039 008b3199 00000001 00000000 00000001 00000000 00000000 00000000 00000000 00000000 00000000 00000000 00000000 00000000 00000000 00000000 00000000 00000000 00000000 00000000 00000000 1edb4f27 0000001e a514865f 00000011 00000000 00000000 00000000 00000000 00000201 00000101 00000000 00000000 00000000 00000000 00000000 00000000 00000000 00003333 00004ccd 00002667 00000001 00000000 03938700 000004f8
capture_snapshot GLI1 00010000 60000000 2500000 947 0 60000000 0 0 0 0 0 0 0 8eee4088 00000011 a51a90f8 00000011 00ec835b 00000000 00ec835b 00000000 0000006a 00000000 00000000 00000000 162c5a9d 00000000 00ec83c5 00000000 00000000 00000000 00000000 00000039 008b3199 00000001 00000000 00000001 00000000 00000000 00000000 00000000 00000000 00000000 00000000 00000000 00000000 00000000 00000000 00000000 00000000 00000000 00000000 00000000 1ee56108 0000001e a51a9125 00000011 00000000 00000000 00000000 00000000 00000201 00000100 00000000 00000000 00000000 00000000 00000000 00000000 00000000 00003333 00004ccd 00002667 00000001 00000000 03938700 000004f8
capture_snapshot GLI1 00010000 60000000 2500000 948 0 60000000 0 0 0 0 0 0 0 8eee4088 00000011 a520b0a8 00000011 00ecc4ad 00000000 00ecc4ad 00000000 0000006a 00000000 00000000 00000000 16327a51 00000000 00ecc517 00000000 00000000 00000000 00000000 00000039 008b3199 00000001 00000000 00000001 00000000 00000000 00000000 00000000 00000000 00000000 00000000 00000000 00000000 00000000 00000000 00000000 00000000 00000000 00000000 00000000 1eef95cb 0000001e a520b0d9 00000011 00000000 00000000 00000000 00000000 00000201 00000101 00000000 00000000 00000000 00000000 00000000 00000000 00000000 00003333 00004ccd 00002667 00000001 00000000 03938700 000004f8
capture_snapshot GLI1 00010000 60000000 2500000 949 0 60000000 0 0 0 0 0 0 0 8eee4088 00000011 a5269c50 00000011 00ed03d4 00000000 00ed03d4 00000000 0000006a 00000000 00000000 00000000 163865fc 00000000 00ed043e 00000000 00000000 00000000 00000000 00000039 008b3199 00000001 00000000 00000001 00000000 00000000 00000000 00000000 00000000 00000000 00000000 00000000 00000000 00000000 00000000 00000000 00000000 00000000 00000000 00000000 1ef973d4 0000001e a5269c84 00000011 00000000 00000000 00000000 00000000 00000202 00000101 00000000 00000000 00000000 00000000 00000000 00000000 00000000 00003333 00004ccd 00002667 00000001 00000000 03938700 000004f8
capture_snapshot GLI1 00010000 60000000 2500000 950 0 60000000 0 0 0 0 0 0 0 8eee4088 00000011 a52c70b8 00000011 00ed4203 00000000 00ed4203 00000000 0000006a 00000000 00000000 00000000 163e3a4f 00000000 00ed426d 00000000 00000000 00000000 00000000 00000039 008b3199 00000001 00000000 00000001 00000000 00000000 00000000 00000000 00000000 00000000 00000000 00000000 00000000 00000000 00000000 00000000 00000000 00000000 00000000 00000000 1f032af7 0000001e a52c70d7 00000011 00000000 00000000 00000000 00000000 00000201 00000101 00000000 00000000 00000000 00000000 00000000 00000000 00000000 00003333 00004ccd 00002667 00000001 00000000 03938700 000004f8
capture_snapshot GLI1 00010000 60000000 2500000 951 0 60000000 0 0 0 0 0 0 0 8eee4088 00000011 a5326b00 00000011 00ed81c6 00000000 00ed81c6 00000000 0000006a 00000000 00000000 00000000 164434a4 00000000 00ed8230 00000000 00000000 00000000 00000000 00000039 008b3199 00000001 00000000 00000001 00000000 00000000 00000000 00000000 00000000 00000000 00000000 00000000 00000000 00000000 00000000 00000000 00000000 00000000 00000000 00000000 1f0d2170 0000001e a5326b2c 00000011 00000000 00000000 00000000 00000000 00000201 00000101 00000000 00000000 00000000 00000000 00000000 00000000 00000000 00003333 00004ccd 00002667 00000001 00000000 03938700 000004f8
capture_snapshot GLI1 00010000 60000000 2500000 952 0 60000000 0 0 0 0 0 0 0 8eee4088 00000011 a5387928 00000011 00edc25d 00000000 00edc25d 00000000 0000006a 00000000 00000000 00000000 164a42c5 00000000 00edc2c7 00000000 00000000 00000000 00000000 00000039 008b3199 00000001 00000000 00000001 00000000 00000000 00000000 00000000 00000000 00000000 00000000 00000000 00000000 00000000 00000000 00000000 00000000 00000000 00000000 00000000 1f1738e9 0000001e a538794d 00000011 00000000 00000000 00000000 00000000 00000202 00000100 00000000 00000000 00000000 00000000 00000000 00000000 00000000 00003333 00004ccd 00002667 00000001 00000000 03938700 000004f8
capture_snapshot GLI1 00010000 60000000 2500000 953 0 60000000 0 0 0 0 0 0 0 8eee4088 00000011 a53e77a8 00000011 00ee024d 00000000 00ee024d 00000000 0000006a 00000000 00000000 00000000 1650414e 00000000 00ee02b7 00000000 00000000 00000000 00000000 00000039 008b3199 00000001 00000000 00000001 00000000 00000000 00000000 00000000 00000000 00000000 00000000 00000000 00000000 00000000 00000000 00000000 00000000 00000000 00000000 00000000 1f213664 0000001e a53e77d6 00000011 00000000 00000000 00000000 00000000 00000201 00000101 00000000 00000000 00000000 00000000 00000000 00000000 00000000 00003333 00004ccd 00002667 00000001 00000000 03938700 000004f8
capture_snapshot GLI1 00010000 60000000 2500000 954 0 60000000 0 0 0 0 0 0 0 8eee4088 00000011 a54466e0 00000011 00ee419a 00000000 00ee419a 00000000 0000006a 00000000 00000000 00000000 16563080 00000000 00ee4204 00000000 00000000 00000000 00000000 00000039 008b3199 00000001 00000000 00000001 00000000 00000000 00000000 00000000 00000000 00000000 00000000 00000000 00000000 00000000 00000000 00000000 00000000 00000000 00000000 00000000 1f2b1a4f 0000001e a5446708 00000011 00000000 00000000 00000000 00000000 00000202 00000100 00000000 00000000 00000000 00000000 00000000 00000000 00000000 00003333 00004ccd 00002667 00000001 00000000 03938700 000004f8
capture_snapshot GLI1 00010000 60000000 2500000 955 0 60000000 0 0 0 0 0 0 0 8eee4088 00000011 a54a65d8 00000011 00ee818f 00000000 00ee818f 00000000 0000006a 00000000 00000000 00000000 165c2f79 00000000 00ee81f9 00000000 00000000 00000000 00000000 00000039 008b3199 00000001 00000000 00000001 00000000 00000000 00000000 00000000 00000000 00000000 00000000 00000000 00000000 00000000 00000000 00000000 00000000 00000000 00000000 00000000 1f351885 0000001e a54a6601 00000011 00000000 00000000 00000000 00000000 00000201 00000101 00000000 00000000 00000000 00000000 00000000 00000000 00000000 00003333 00004ccd 00002667 00000001 00000000 03938700 000004f8
capture_snapshot GLI1 00010000 60000000 2500000 956 0 60000000 0 0 0 0 0 0 0 8eee4088 00000011 a5506698 00000011 00eec197 00000000 00eec197 00000000 0000006a 00000000 00000000 00000000 16623030 00000000 00eec201 00000000 00000000 00000000 00000000 00000039 008b3199 00000001 00000000 00000001 00000000 00000000 00000000 00000000 00000000 00000000 00000000 00000000 00000000 00000000 00000000 00000000 00000000 00000000 00000000 00000000 1f3f19a3 0000001e a55066b8 00000011 00000000 00000000 00000000 00000000 00000201 00000100 00000000 00000000 00000000 00000000 00000000 00000000 00000000 00003333 00004ccd 00002667 00000001 00000000 03938700 000004f8
capture_snapshot GLI1 00010000 60000000 2500000 957 0 60000000 0 0 0 0 0 0 0 8eee4088 00000011 a5566590 00000011 00ef018c 00000000 00ef018c 00000000 0000006a 00000000 00000000 00000000 16682f31 00000000 00ef01f6 00000000 00000000 00000000 00000000 00000039 008b3199 00000001 00000000 00000001 00000000 00000000 00000000 00000000 00000000 00000000 00000000 00000000 00000000 00000000 00000000 00000000 00000000 00000000 00000000 00000000 1f4917e6 0000001e a55665b9 00000011 00000000 00000000 00000000 00000000 00000202 00000101 00000000 00000000 00000000 00000000 00000000 00000000 00000000 00003333 00004ccd 00002667 00000001 00000000 03938700 000004f8
capture_snapshot GLI1 00010000 60000000 2500000 958 0 60000000 0 0 0 0 0 0 0 8eee4088 00000011 a55c6548 00000011 00ef4189 00000000 00ef4189 00000000 0000006a 00000000 00000000 00000000 166e2ee8 00000000 00ef41f3 00000000 00000000 00000000 00000000 00000039 008b3199 00000001 00000000 00000001 00000000 00000000 00000000 00000000 00000000 00000000 00000000 00000000 00000000 00000000 00000000 00000000 00000000 00000000 00000000 00000000 1f531759 0000001e a55c6570 00000011 00000000 00000000 00000000 00000000 00000202 00000100 00000000 00000000 00000000 00000000 00000000 00000000 00000000 00003333 00004ccd 00002667 00000001 00000000 03938700 000004f8
capture_snapshot GLI1 00010000 60000000 2500000 959 0 60000000 0 0 0 0 0 0 0 8eee4088 00000011 a56266e0 00000011 00ef819a 00000000 00ef819a 00000000 0000006a 00000000 00000000 00000000 16743085 00000000 00ef8204 00000000 00000000 00000000 00000000 00000039 008b3199 00000001 00000000 00000001 00000000 00000000 00000000 00000000 00000000 00000000 00000000 00000000 00000000 00000000 00000000 00000000 00000000 00000000 00000000 00000000 1f5d19f6 0000001e a562670d 00000011 00000000 00000000 00000000 00000000 00000201 00000100 00000000 00000000 00000000 00000000 00000000 00000000 00000000 00003333 00004ccd 00002667 00000001 00000000 03938700 000004f8
capture_snapshot GLI1 00010000 60000000 2500000 960 0 60000000 0 0 0 0 0 0 0 8eee4088 00000011 a5686578 00000011 00efc18b 00000000 00efc18b 00000000 0000006a 00000000 00000000 00000000 167a2f0e 00000000 00efc1f5 00000000 00000000 00000000 00000000 00000039 008b3199 00000001 00000000 00000001 00000000 00000000 00000000 00000000 00000000 00000000 00000000 00000000 00000000 00000000 00000000 00000000 00000000 00000000 00000000 00000000 1f671771 0000001e a5686596 00000011 00000000 00000000 00000000 00000000 00000201 00000101 00000000 00000000 00000000 00000000 00000000 00000000 00000000 00003333 00004ccd 00002667 00000001 00000000 03938700 000004f8
capture_snapshot GLI1 00010000 60000000 2500000 961 0 60000000 0 0 0 0 0 0 0 8eee4088 00000011 a56e66f8 00000011 00f0019b 00000000 00f0019b 00000000 0000006a 00000000 00000000 00000000 16803090 00000000 00f00205 00000000 00000000 00000000 00000000 00000039 008b3199 00000001 00000000 00000001 00000000 00000000 00000000 00000000 00000000 00000000 00000000 00000000 00000000 00000000 00000000 00000000 00000000 00000000 00000000 00000000 1f7119e1 0000001e a56e6718 00000011 00000000 00000000 00000000 00000000 00000202 00000100 00000000 00000000 00000000 00000000 00000000 00000000 00000000 00003333 00004ccd 00002667 00000001 00000000 03938700 000004f8
capture_snapshot GLI1 00010000 60000000 2500000 962 0 60000000 0 0 0 0 0 0 0 8eee4088 00000011 a5746578 00000011 00f0418b 00000000 00f0418b 00000000 0000006a 00000000 00000000 00000000 16862f0d 00000000 00f041f5 00000000 00000000 00000000 00000000 00000039 008b3199 00000001 00000000 00000001 00000000 00000000 00000000 00000000 00000000 00000000 00000000 00000000 00000000 00000000 00000000 00000000 00000000 00000000 00000000 00000000 1f7b1749 0000001e a5746595 00000011 00000000 00000000 00000000 00000000 00000201 00000101 00000000 00000000 00000000 00000000 00000000 00000000 00000000 00003333 00004ccd 00002667 00000001 00000000 03938700 000004f8
capture_snapshot GLI1 00010000 60000000 2500000 963 0 60000000 0 0 0 0 0 0 0 8eee4088 00000011 a57a6548 00000011 00f08189 00000000 00f08189 00000000 0000006a 00000000 00000000 00000000 168c2eeb 00000000 00f081f3 00000000 00000000 00000000 00000000 00000039 008b3199 00000001 00000000 00000001 00000000 00000000 00000000 00000000 00000000 00000000 00000000 00000000 00000000 00000000 00000000 00000000 00000000 00000000 00000000 00000000 1f8516fc 0000001e a57a6573 00000011 00000000 00000000 00000000 00000000 00000201 00000101 00000000 00000000 00000000 00000000 00000000 00000000 00000000 00003333 00004ccd 00002667 00000001 00000000 03938700 000004f8
capture_snapshot GLI1 00010000 60000000 2500000 964 0 60000000 0 0 0 0 0 0 0 8eee4088 00000011 a5806518 00000011 00f0c187 00000000 00f0c187 00000000 0000006a 00000000 00000000 00000000 16922eb4 00000000 00f0c1f1 00000000 00000000 00000000 00000000 00000039 008b3199 00000001 00000000 00000001 00000000 00000000 00000000 00000000 00000000 00000000 00000000 00000000 00000000 00000000 00000000 00000000 00000000 00000000 00000000 00000000 1f8f168e 0000001e a580653c 00000011 00000000 00000000 00000000 00000000 00000201 00000101 00000000 00000000 00000000 00000000 00000000 00000000 00000000 00003333 00004ccd 00002667 00000001 00000000 03938700 000004f8
capture_snapshot GLI1 00010000 60000000 2500000 965 0 60000000 0 0 0 0 0 0 0 8eee4088 00000011 a58666c8 00000011 00f10199 00000000 00f10199 00000000 0000006a 00000000 00000000 00000000 16983064 00000000 00f10203 00000000 00000000 00000000 00000000 00000039 008b3199 00000001 00000000 00000001 00000000 00000000 00000000 00000000 00000000 00000000 00000000 00000000 00000000 00000000 00000000 00000000 00000000 00000000 00000000 00000000 1f991949 0000001e a58666ec 00000011 00000000 00000000 00000000 00000000 00000201 00000101 00000000 00000000 00000000 00000000 00000000 00000000 00000000 00003333 00004ccd 00002667 00000001 00000000 03938700 000004f8
capture_snapshot GLI1 00010000 60000000 2500000 966 0 60000000 0 0 0 0 0 0 0 8eee4088 00000011 a58c6500 00000011 00f14186 00000000 00f14186 00000000 0000006a 00000000 00000000 00000000 169e2ea5 00000000 00f141f0 00000000 00000000 00000000 00000000 00000039 008b3199 00000001 00000000 00000001 00000000 00000000 00000000 00000000 00000000 00000000 00000000 00000000 00000000 00000000 00000000 00000000 00000000 00000000 00000000 00000000 1fa3164d 0000001e a58c652d 00000011 00000000 00000000 00000000 00000000 00000202 00000100 00000000 00000000 00000000 00000000 00000000 00000000 00000000 00003333 00004ccd 00002667 00000001 00000000 03938700 000004f8
capture_snapshot GLI1 00010000 60000000 2500000 967 0 60000000 0 0 0 0 0 0 0 8eee4088 00000011 a5926710 00000011 00f1819c 00000000 00f1819c 00000000 0000006a 00000000 00000000 00000000 16a430a7 00000000 00f18206 00000000 00000000 00000000 00000000 00000039 008b3199 00000001 00000000 00000001 00000000 00000000 00000000 00000000 00000000 00000000 00000000 00000000 00000000 00000000 00000000 00000000 00000000 00000000 00000000 00000000 1fad1992 0000001e a592672f 00000011 00000000 00000000 00000000 00000000 00000202 00000101 00000000 00000000 00000000 00000000 00000000 00000000 00000000 00003333 00004ccd 00002667 00000001 00000000 03938700 000004f8
capture_snapshot GLI1 00010000 60000000 2500000 968 0 60000000 0 0 0 0 0 0 0 8eee4088 00000011 a59867b8 00000011 00f1c1a3 00000000 00f1c1a3 00000000 0000006a 00000000 00000000 00000000 16aa3159 00000000 00f1c20d 00000000 00000000 00000000 00000000 00000039 008b3199 00000001 00000000 00000001 00000000 00000000 00000000 00000000 00000000 00000000 00000000 00000000 00000000 00000000 00000000 00000000 00000000 00000000 00000000 00000000 1fb71aa8 0000001e a59867e1 00000011 00000000 00000000 00000000 00000000 00000201 00000101 00000000 00000000 00000000 00000000 00000000 00000000 00000000 00003333 00004ccd 00002667 00000001 00000000 03938700 000004f8
capture_snapshot GLI1 00010000 60000000 2500000 969 0 60000000 0 0 0 0 0 0 0 8eee4088 00000011 a59e65c0 00000011 00f2018e 00000000 00f2018e 00000000 0000006a 00000000 00000000 00000000 16b02f5b 00000000 00f201f8 00000000 00000000 00000000 00000000 00000039 008b3199 00000001 00000000 00000001 00000000 00000000 00000000 00000000 00000000 00000000 00000000 00000000 00000000 00000000 00000000 00000000 00000000 00000000 00000000 00000000 1fc11742 0000001e a59e65e3 00000011 00000000 00000000 00000000 00000000 00000201 00000100 00000000 00000000 00000000 00000000 00000000 00000000 00000000 00003333 00004ccd 00002667 00000001 00000000 03938700 000004f8
capture_snapshot GLI1 00010000 60000000 2500000 970 0 60000000 0 0 0 0 0 0 0 8eee4088 00000011 a5a46530 00000011 00f24188 00000000 00f24188 00000000 0000006a 00000000 00000000 00000000 16b62edc 00000000 00f241f2 00000000 00000000 00000000 00000000 00000039 008b3199 00000001 00000000 00000001 00000000 00000000 00000000 00000000 00000000 00000000 00000000 00000000 00000000 00000000 00000000 00000000 00000000 00000000 00000000 00000000 1fcb165a 0000001e a5a46564 00000011 00000000 00000000 00000000 00000000 00000201 00000101 00000000 00000000 00000000 00000000 00000000 00000000 00000000 00003333 00004ccd 00002667 00000001 00000000 03938700 000004f8
capture_snapshot GLI1 00010000 60000000 2500000 971 0 60000000 0 0 0 0 0 0 0 8eee4088 00000011 a5aa67b8 00000011 00f281a3 00000000 00f281a3 00000000 0000006a 00000000 00000000 00000000 16bc315e 00000000 00f2820d 00000000 00000000 00000000 00000000 00000039 008b3199 00000001 00000000 00000001 00000000 00000000 00000000 00000000 00000000 00000000 00000000 00000000 00000000 00000000 00000000 00000000 00000000 00000000 00000000 00000000 1fd51a75 0000001e a5aa67e6 00000011 00000000 00000000 00000000 00000000 00000202 00000101 00000000 00000000 00000000 00000000 00000000 00000000 00000000 00003333 00004ccd 00002667 00000001 00000000 03938700 000004f8
capture_snapshot GLI1 00010000 60000000 2500000 972 0 60000000 0 0 0 0 0 0 0 8eee4088 00000011 a5b06530 00000011 00f2c188 00000000 00f2c188 00000000 0000006a 00000000 00000000 00000000 16c22ed4 00000000 00f2c1f2 00000000 00000000 00000000 00000000 00000039 008b3199 00000001 00000000 00000001 00000000 00000000 00000000 00000000 00000000 00000000 00000000 00000000 00000000 00000000 00000000 00000000 00000000 00000000 00000000 00000000 1fdf1627 0000001e a5b0655c 00000011 00000000 00000000 00000000 00000000 00000201 00000101 00000000 00000000 00000000 00000000 00000000 00000000 00000000 00003333 00004ccd 00002667 00000001 00000000 03938700 000004f8
capture_snapshot GLI1 00010000 60000000 2500000 973 0 60000000 0 0 0 0 0 0 0 8eee4088 00000011 a5b66740 00000011 00f3019e 00000000 00f3019e 00000000 0000006a 00000000 00000000 00000000 16c830e7 00000000 00f30208 00000000 00000000 00000000 00000000 00000039 008b3199 00000001 00000000 00000001 00000000 00000000 00000000 00000000 00000000 00000000 00000000 00000000 00000000 00000000 00000000 00000000 00000000 00000000 00000000 00000000 1fe91987 0000001e a5b6676f 00000011 00000000 00000000 00000000 00000000 00000201 00000101 00000000 00000000 00000000 00000000 00000000 00000000 00000000 00003333 00004ccd 00002667 00000001 00000000 03938700 000004f8
capture_snapshot GLI1 00010000 60000000 2500000 974 0 60000000 0 0 0 0 0 0 0 8eee4088 00000011 a5bc6698 00000011 00f34197 00000000 00f34197 00000000 0000006a 00000000 00000000 00000000 16ce3034 00000000 00f34201 00000000 00000000 00000000 00000000 00000039 008b3199 00000001 00000000 00000001 00000000 00000000 00000000 00000000 00000000 00000000 00000000 00000000 00000000 00000000 00000000 00000000 00000000 00000000 00000000 00000000 1ff3184a 0000001e a5bc66bc 00000011 00000000 00000000 00000000 00000000 00000201 00000101 00000000 00000000 00000000 00000000 00000000 00000000 00000000 00003333 00004ccd 00002667 00000001 00000000 03938700 000004f8
capture_snapshot GLI1 00010000 60000000 2500000 975 0 60000000 0 0 0 0 0 0 0 8eee4088 00000011 a5c265d8 00000011 00f3818f 00000000 00f3818f 00000000 0000006a 00000000 00000000 00000000 16d42f72 00000000 00f381f9 00000000 00000000 00000000 00000000 00000039 008b3199 00000001 00000000 00000001 00000000 00000000 00000000 00000000 00000000 00000000 00000000 00000000 00000000 00000000 00000000 00000000 00000000 00000000 00000000 00000000 1ffd16f3 0000001e a5c265fa 00000011 00000000 00000000 00000000 00000000 00000201 00000100 00000000 00000000 00000000 00000000 00000000 00000000 00000000 00003333 00004ccd 00002667 00000001 00000000 03938700 000004f8
capture_snapshot GLI1 00010000 60000000 2500000 976 0 60000000 0 0 0 0 0 0 0 8eee4088 00000011 a5c86638 00000011 00f3c193 00000000 00f3c193 00000000 0000006a 00000000 00000000 00000000 16da2fd6 00000000 00f3c1fd 00000000 00000000 00000000 00000000 00000039 008b3199 00000001 00000000 00000001 00000000 00000000 00000000 00000000 00000000 00000000 00000000 00000000 00000000 00000000 00000000 00000000 00000000 00000000 00000000 00000000 20071787 0000001e a5c8665e 00000011 00000000 00000000 00000000 00000000 00000201 00000101 00000000 00000000 00000000 00000000 00000000 00000000 00000000 00003333 00004ccd 00002667 00000001 00000000 03938700 000004f8
capture_snapshot GLI1 00010000 60000000 2500000 977 0 60000000 0 0 0 0 0 0 0 8eee4088 00000011 a5ce6ef0 00000011 00f401f0 00000000 00f401f0 00000000 0000006a 00000000 00000000 00000000 16e03892 00000000 00f4025a 00000000 00000000 00000000 00000000 00000039 008b3199 00000001 00000000 00000001 00000000 00000000 00000000 00000000 00000000 00000000 00000000 00000000 00000000 00000000 00000000 00000000 00000000 00000000 00000000 00000000 20112601 0000001e a5ce6f1a 00000011 00000000 00000000 00000000 00000000 00000202 00000100 00000000 00000000 00000000 00000000 00000000 00000000 00000000 00003333 00004ccd 00002667 00000001 00000000 03938700 000004f8
capture_snapshot GLI1 00010000 60000000 2500000 978 0 60000000 0 0 0 0 0 0 0 8eee4088 00000011 a5d46518 00000011 00f44187 00000000 00f44187 00000000 0000006a 00000000 00000000 00000000 16e62eae 00000000 00f441f1 00000000 00000000 00000000 00000000 00000039 008b3199 00000001 00000000 00000001 00000000 00000000 00000000 00000000 00000000 00000000 00000000 00000000 00000000 00000000 00000000 00000000 00000000 00000000 00000000 00000000 201b1571 0000001e a5d46536 00000011 00000000 00000000 00000000 00000000 00000201 00000101 00000000 00000000 00000000 00000000 00000000 00000000 00000000 00003333 00004ccd 00002667 00000001 00000000 03938700 000004f8
capture_snapshot GLI1 00010000 60000000 2500000 979 0 60000000 0 0 0 0 0 0 0 8eee4088 00000011 a5da6680 00000011 00f48196 00000000 00f48196 00000000 0000006a 00000000 00000000 00000000 16ec3016 00000000 00f48200 00000000 00000000 00000000 00000000 00000039 008b3199 00000001 00000000 00000001 00000000 00000000 00000000 00000000 00000000 00000000 00000000 00000000 00000000 00000000 00000000 00000000 00000000 00000000 00000000 00000000 202517b6 0000001e a5da669e 00000011 00000000 00000000 00000000 00000000 00000202 00000101 00000000 00000000 00000000 00000000 00000000 00000000 00000000 00003333 00004ccd 00002667 00000001 00000000 03938700 000004f8
capture_snapshot GLI1 00010000 60000000 2500000 980 0 60000000 0 0 0 0 0 0 0 8eee4088 00000011 a5e06530 00000011 00f4c188 00000000 00f4c188 00000000 0000006a 00000000 00000000 00000000 16f22ed9 00000000 00f4c1f2 00000000 00000000 00000000 00000000 00000039 008b3199 00000001 00000000 00000001 00000000 00000000 00000000 00000000 00000000 00000000 00000000 00000000 00000000 00000000 00000000 00000000 00000000 00000000 00000000 00000000 202f1592 0000001e a5e06561 00000011 00000000 00000000 00000000 00000000 00000202 00000101 00000000 00000000 00000000 00000000 00000000 00000000 00000000 00003333 00004ccd 00002667 00000001 00000000 03938700 000004f8
capture_snapshot GLI1 00010000 60000000 2500000 981 0 60000000 0 0 0 0 0 0 0 8eee4088 00000011 a5e66698 00000011 00f50197 00000000 00f50197 00000000 0000006a 00000000 00000000 00000000 16f8303f 00000000 00f50201 00000000 00000000 00000000 00000000 00000039 008b3199 00000001 00000000 00000001 00000000 00000000 00000000 00000000 00000000 00000000 00000000 00000000 00000000 00000000 00000000 00000000 00000000 00000000 00000000 00000000 203917d3 0000001e a5e666c7 00000011 00000000 00000000 00000000 00000000 00000202 00000101 00000000 00000000 00000000 00000000 00000000 00000000 00000000 00003333 00004ccd 00002667 00000001 00000000 03938700 000004f8
capture_snapshot GLI1 00010000 60000000 2500000 982 0 60000000 0 0 0 0 0 0 0 8eee4088 00000011 a5ec65a8 00000011 00f5418d 00000000 00f5418d 00000000 0000006a 00000000 00000000 00000000 16fe2f49 00000000 00f541f7 00000000 00000000 00000000 00000000 00000039 008b3199 00000001 00000000 00000001 00000000 00000000 00000000 00000000 00000000 00000000 00000000 00000000 00000000 00000000 00000000 00000000 00000000 00000000 00000000 00000000 20431626 0000001e a5ec65d1 00000011 00000000 00000000 00000000 00000000 00000201 00000100 00000000 00000000 00000000 00000000 00000000 00000000 00000000 00003333 00004ccd 00002667 00000001 00000000 03938700 000004f8
capture_snapshot GLI1 00010000 60000000 2500000 983 0 60000000 0 0 0 0 0 0 0 8eee4088 00000011 a5f264e8 00000011 00f58185 00000000 00f58185 00000000 0000006a 00000000 00000000 00000000 17042e81 00000000 00f581ef 00000000 00000000 00000000 00000000 00000039 008b3199 00000001 00000000 00000001 00000000 00000000 00000000 00000000 00000000 00000000 00000000 00000000 00000000 00000000 00000000 00000000 00000000 00000000 00000000 00000000 204d14c4 0000001e a5f26509 00000011 00000000 00000000 00000000 00000000 00000201 00000101 00000000 00000000 00000000 00000000 00000000 00000000 00000000 00003333 00004ccd 00002667 00000001 00000000 03938700 000004f8
capture_snapshot GLI1 00010000 60000000 2500000 984 0 60000000 0 0 0 0 0 0 0 8eee4088 00000011 a5f865c0 00000011 00f5c18e 00000000 00f5c18e 00000000 0000006a 00000000 00000000 00000000 170a2f6a 00000000 00f5c1f8 00000000 00000000 00000000 00000000 00000039 008b3199 00000001 00000000 00000001 00000000 00000000 00000000 00000000 00000000 00000000 00000000 00000000 00000000 00000000 00000000 00000000 00000000 00000000 00000000 00000000 20571636 0000001e a5f865f2 00000011 00000000 00000000 00000000 00000000 00000201 00000100 00000000 00000000 00000000 00000000 00000000 00000000 00000000 00003333 00004ccd 00002667 00000001 00000000 03938700 000004f8
capture_snapshot GLI1 00010000 60000000 2500000 985 0 60000000 0 0 0 0 0 0 0 8eee4088 00000011 a5fe6f08 00000011 00f601f1 00000000 00f601f1 00000000 0000006a 00000000 00000000 00000000 171038af 00000000 00f6025b 00000000 00000000 00000000 00000000 00000039 008b3199 00000001 00000000 00000001 00000000 00000000 00000000 00000000 00000000 00000000 00000000 00000000 00000000 00000000 00000000 00000000 00000000 00000000 00000000 00000000 20612596 0000001e a5fe6f37 00000011 00000000 00000000 00000000 00000000 00000201 00000101 00000000 00000000 00000000 00000000 00000000 00000000 00000000 00003333 00004ccd 00002667 00000001 00000000 03938700 000004f8
capture_snapshot GLI1 00010000 60000000 2500000 986 0 60000000 0 0 0 0 0 0 0 8eee4088 00000011 a6046620 00000011 00f64192 00000000 00f64192 00000000 0000006a 00000000 00000000 00000000 17162fcc 00000000 00f641fc 00000000 00000000 00000000 00000000 00000039 008b3199 00000001 00000000 00000001 00000000 00000000 00000000 00000000 00000000 00000000 00000000 00000000 00000000 00000000 00000000 00000000 00000000 00000000 00000000 00000000 206b16b2 0000001e a6046654 00000011 00000000 00000000 00000000 00000000 00000201 00000101 00000000 00000000 00000000 00000000 00000000 00000000 00000000 00003333 00004ccd 00002667 00000001 00000000 03938700 000004f8
capture_snapshot GLI1 00010000 60000000 2500000 987 0 60000000 0 0 0 0 0 0 0 8eee4088 00000011 a60a77d8 00000011 00f6824f 00000000 00f6824f 00000000 0000006a 00000000 00000000 00000000 171c4172 00000000 00f682b9 00000000 00000000 00000000 00000000 00000039 008b3199 00000001 00000000 00000001 00000000 00000000 00000000 00000000 00000000 00000000 00000000 00000000 00000000 00000000 00000000 00000000 00000000 00000000 00000000 00000000 20753408 0000001e a60a77fa 00000011 00000000 00000000 00000000 00000000 00000202 00000100 00000000 00000000 00000000 00000000 00000000 00000000 00000000 00003333 00004ccd 00002667 00000001 00000000 03938700 000004f8
capture_snapshot GLI1 00010000 60000000 2500000 988 0 60000000 0 0 0 0 0 0 0 8eee4088 00000011 a6106920 00000011 00f6c1b2 00000000 00f6c1b2 00000000 0000006a 00000000 00000000 00000000 172232c6 00000000 00f6c21c 00000000 00000000 00000000 00000000 00000039 008b3199 00000001 00000000 00000001 00000000 00000000 00000000 00000000 00000000 00000000 00000000 00000000 00000000 00000000 00000000 00000000 00000000 00000000 00000000 00000000 207f1b81 0000001e a610694e 00000011 00000000 00000000 00000000 00000000 00000201 00000100 00000000 00000000 00000000 00000000 00000000 00000000 00000000 00003333 00004ccd 00002667 00000001 00000000 03938700 000004f8
capture_snapshot GLI1 00010000 60000000 2500000 989 0 60000000 0 0 0 0 0 0 0 8eee4088 00000011 a6166518 00000011 00f70187 00000000 00f70187 00000000 0000006a 00000000 00000000 00000000 17282eb1 00000000 00f701f1 00000000 00000000 00000000 00000000 00000039 008b3199 00000001 00000000 00000001 00000000 00000000 00000000 00000000 00000000 00000000 00000000 00000000 00000000 00000000 00000000 00000000 00000000 00000000 00000000 00000000 2089149f 0000001e a6166539 00000011 00000000 00000000 00000000 00000000 00000201 00000101 00000000 00000000 00000000 00000000 00000000 00000000 00000000 00003333 00004ccd 00002667 00000001 00000000 03938700 000004f8
capture_snapshot GLI1 00010000 60000000 2500000 990 0 60000000 0 0 0 0 0 0 0 8eee4088 00000011 a61c6bc0 00000011 00f741ce 00000000 00f741ce 00000000 0000006a 00000000 00000000 00000000 172e3563 00000000 00f74238 00000000 00000000 00000000 00000000 00000039 008b3199 00000001 00000000 00000001 00000000 00000000 00000000 00000000 00000000 00000000 00000000 00000000 00000000 00000000 00000000 00000000 00000000 00000000 00000000 00000000 20931fb5 0000001e a61c6beb 00000011 00000000 00000000 00000000 00000000 00000201 00000100 00000000 00000000 00000000 00000000 00000000 00000000 00000000 00003333 00004ccd 00002667 00000001 00000000 03938700 000004f8
capture_snapshot GLI1 00010000 60000000 2500000 991 0 60000000 0 0 0 0 0 0 0 8eee4088 00000011 a62266e0 00000011 00f7819a 00000000 00f7819a 00000000 0000006a 00000000 00000000 00000000 17343082 00000000 00f78204 00000000 00000000 00000000 00000000 00000039 008b3199 00000001 00000000 00000001 00000000 00000000 00000000 00000000 00000000 00000000 00000000 00000000 00000000 00000000 00000000 00000000 00000000 00000000 00000000 00000000 209d1780 0000001e a622670a 00000011 00000000 00000000 00000000 00000000 00000201 00000101 00000000 00000000 00000000 00000000 00000000 00000000 00000000 00003333 00004ccd 00002667 00000001 00000000 03938700 000004f8
capture_snapshot GLI1 00010000 60000000 2500000 992 0 60000000 0 0 0 0 0 0 0 8eee4088 00000011 a6286518 00000011 00f7c187 00000000 00f7c187 00000000 0000006a 00000000 00000000 00000000 173a2ebb 00000000 00f7c1f1 00000000 00000000 00000000 00000000 00000039 008b3199 00000001 00000000 00000001 00000000 00000000 00000000 00000000 00000000 00000000 00000000 00000000 00000000 00000000 00000000 00000000 00000000 00000000 00000000 00000000 20a71475 0000001e a6286543 00000011 00000000 00000000 00000000 00000000 00000201 00000101 00000000 00000000 00000000 00000000 00000000 00000000 00000000 00003333 00004ccd 00002667 00000001 00000000 03938700 000004f8
capture_snapshot GLI1 00010000 60000000 2500000 993 0 60000000 0 0 0 0 0 0 0 8eee4088 00000011 a62e6758 00000011 00f8019f 00000000 00f8019f 00000000 0000006a 00000000 00000000 00000000 174030ef 00000000 00f80209 00000000 00000000 00000000 00000000 00000039 008b3199 00000001 00000000 00000001 00000000 00000000 00000000 00000000 00000000 00000000 00000000 00000000 00000000 00000000 00000000 00000000 00000000 00000000 00000000 00000000 20b1180f 0000001e a62e6777 00000011 00000000 00000000 00000000 00000000 00000201 00000101 00000000 00000000 00000000 00000000 00000000 00000000 00000000 00003333 00004ccd 00002667 00000001 00000000 03938700 000004f8
capture_snapshot GLI1 00010000 60000000 2500000 994 0 60000000 0 0 0 0 0 0 0 8eee4088 00000011 a6346668 00000011 00f84195 00000000 00f84195 00000000 0000006a 00000000 00000000 00000000 17463011 00000000 00f841ff 00000000 00000000 00000000 00000000 00000039 008b3199 00000001 00000000 00000001 00000000 00000000 00000000 00000000 00000000 00000000 00000000 00000000 00000000 00000000 00000000 00000000 00000000 00000000 00000000 00000000 20bb1689 0000001e a6346699 00000011 00000000 00000000 00000000 00000000 00000201 00000101 00000000 00000000 00000000 00000000 00000000 00000000 00000000 00003333 00004ccd 00002667 00000001 00000000 03938700 000004f8
capture_snapshot GLI1 00010000 60000000 2500000 995 0 60000000 0 0 0 0 0 0 0 8eee4088 00000011 a63a6548 00000011 00f88189 00000000 00f88189 00000000 0000006a 00000000 00000000 00000000 174c2ede 00000000 00f881f3 00000000 00000000 00000000 00000000 00000039 008b3199 00000001 00000000 00000001 00000000 00000000 00000000 00000000 00000000 00000000 00000000 00000000 00000000 00000000 00000000 00000000 00000000 00000000 00000000 00000000 20c51475 0000001e a63a6566 00000011 00000000 00000000 00000000 00000000 00000201 00000101 00000000 00000000 00000000 00000000 00000000 00000000 00000000 00003333 00004ccd 00002667 00000001 00000000 03938700 000004f8
capture_snapshot GLI1 00010000 60000000 2500000 996 0 60000000 0 0 0 0 0 0 0 8eee4088 00000011 a6406680 00000011 00f8c196 00000000 00f8c196 00000000 0000006a 00000000 00000000 00000000 1752302a 00000000 00f8c200 00000000 00000000 00000000 00000000 00000039 008b3199 00000001 00000000 00000001 00000000 00000000 00000000 00000000 00000000 00000000 00000000 00000000 00000000 00000000 00000000 00000000 00000000 00000000 00000000 00000000 20cf168b 0000001e a64066b2 00000011 00000000 00000000 00000000 00000000 00000202 00000100 00000000 00000000 00000000 00000000 00000000 00000000 00000000 00003333 00004ccd 00002667 00000001 00000000 03938700 000004f8
capture_snapshot GLI1 00010000 60000000 2500000 997 0 60000000 0 0 0 0 0 0 0 8eee4088 00000011 a6466710 00000011 00f9019c 00000000 00f9019c 00000000 0000006a 00000000 00000000 00000000 175830b2 00000000 00f90206 00000000 00000000 00000000 00000000 00000039 008b3199 00000001 00000000 00000001 00000000 00000000 00000000 00000000 00000000 00000000 00000000 00000000 00000000 00000000 00000000 00000000 00000000 00000000 00000000 00000000 20d9175b 0000001e a646673a 00000011 00000000 00000000 00000000 00000000 00000201 00000101 00000000 00000000 00000000 00000000 00000000 00000000 00000000 00003333 00004ccd 00002667 00000001 00000000 03938700 000004f8
capture_snapshot GLI1 00010000 60000000 2500000 998 0 60000000 0 0 0 0 0 0 0 8eee4088 00000011 a64c6620 00000011 00f94192 00000000 00f94192 00000000 0000006a 00000000 00000000 00000000 175e2fc1 00000000 00f941fc 00000000 00000000 00000000 00000000 00000039 008b3199 00000001 00000000 00000001 00000000 00000000 00000000 00000000 00000000 00000000 00000000 00000000 00000000 00000000 00000000 00000000 00000000 00000000 00000000 00000000 20e315b6 0000001e a64c6649 00000011 00000000 00000000 00000000 00000000 00000201 00000101 00000000 00000000 00000000 00000000 00000000 00000000 00000000 00003333 00004ccd 00002667 00000001 00000000 03938700 000004f8
capture_snapshot GLI1 00010000 60000000 2500000 999 0 60000000 0 0 0 0 0 0 0 8eee4088 00000011 a65267d0 00000011 00f981a4 00000000 00f981a4 00000000 0000006a 00000000 00000000 00000000 17643176 00000000 00f9820e 00000000 00000000 00000000 00000000 00000039 008b3199 00000001 00000000 00000001 00000000 00000000 00000000 00000000 00000000 00000000 00000000 00000000 00000000 00000000 00000000 00000000 00000000 00000000 00000000 00000000 20ed1879 0000001e a65267fe 00000011 00000000 00000000 00000000 00000000 00000201 00000101 00000000 00000000 00000000 00000000 00000000 00000000 00000000 00003333 00004ccd 00002667 00000001 00000000 03938700 000004f8
capture_snapshot GLI1 00010000 60000000 2500000 1000 0 60000000 0 0 0 0 0 0 0 8eee4088 00000011 a65866f8 00000011 00f9c19b 00000000 00f9c19b 00000000 0000006a 00000000 00000000 00000000 176a309d 00000000 00f9c205 00000000 00000000 00000000 00000000 00000039 008b3199 00000001 00000000 00000001 00000000 00000000 00000000 00000000 00000000 00000000 00000000 00000000 00000000 00000000 00000000 00000000 00000000 00000000 00000000 00000000 20f716fd 0000001e a6586725 00000011 00000000 00000000 00000000 00000000 00000201 00000100 00000000 00000000 00000000 00000000 00000000 00000000 00000000 00003333 00004ccd 00002667 00000001 00000000 03938700 000004f8
capture_snapshot GLI1 00010000 60000000 2500000 1001 0 60000000 0 0 0 0 0 0 0 8eee4088 00000011 a65e6518 00000011 00fa0187 00000000 00fa0187 00000000 0000006a 00000000 00000000 00000000 17702eb6 00000000 00fa01f1 00000000 00000000 00000000 00000000 00000039 008b3199 00000001 00000000 00000001 00000000 00000000 00000000 00000000 00000000 00000000 00000000 00000000 00000000 00000000 00000000 00000000 00000000 00000000 00000000 00000000 210113be 0000001e a65e653e 00000011 00000000 00000000 00000000 00000000 00000201 00000101 00000000 00000000 00000000 00000000 00000000 00000000 00000000 00003333 00004ccd 00002667 00000001 00000000 03938700 000004f8
capture_snapshot GLI1 00010000 60000000 2500000 1002 0 60000000 0 0 0 0 0 0 0 8eee4088 00000011 a66465c0 00000011 00fa418e 00000000 00fa418e 00000000 0000006a 00000000 00000000 00000000 17762f6b 00000000 00fa41f8 00000000 00000000 00000000 00000000 00000039 008b3199 00000001 00000000 00000001 00000000 00000000 00000000 00000000 00000000 00000000 00000000 00000000 00000000 00000000 00000000 00000000 00000000 00000000 00000000 00000000 210b14d8 0000001e a66465f3 00000011 00000000 00000000 00000000 00000000 00000201 00000100 00000000 00000000 00000000 00000000 00000000 00000000 00000000 00003333 00004ccd 00002667 00000001 00000000 03938700 000004f8
capture_snapshot GLI1 00010000 60000000 2500000 1003 0 60000000 0 0 0 0 0 0 0 8eee4088 00000011 a66a6758 00000011 00fa819f 00000000 00fa819f 00000000 0000006a 00000000 00000000 00000000 177c30fb 00000000 00fa8209 00000000 00000000 00000000 00000000 00000039 008b3199 00000001 00000000 00000001 00000000 00000000 00000000 00000000 00000000 00000000 00000000 00000000 00000000 00000000 00000000 00000000 00000000 00000000 00000000 00000000 2115175e 0000001e a66a6783 00000011 00000000 00000000 00000000 00000000 00000201 00000101 00000000 00000000 00000000 00000000 00000000 00000000 00000000 00003333 00004ccd 00002667 00000001 00000000 03938700 000004f8
capture_snapshot GLI1 00010000 60000000 2500000 1004 0 60000000 0 0 0 0 0 0 0 8eee4088 00000011 a6706638 00000011 00fac193 00000000 00fac193 00000000 0000006a 00000000 00000000 00000000 17822fe2 00000000 00fac1fd 00000000 00000000 00000000 00000000 00000039 008b3199 00000001 00000000 00000001 00000000 00000000 00000000 00000000 00000000 00000000 00000000 00000000 00000000 00000000 00000000 00000000 00000000 00000000 00000000 00000000 211f1577 0000001e a670666a 00000011 00000000 00000000 00000000 00000000 00000201 00000100 00000000 00000000 00000000 00000000 00000000 00000000 00000000 00003333 00004ccd 00002667 00000001 00000000 03938700 000004f8
capture_snapshot GLI1 00010000 60000000 2500000 1005 0 60000000 0 0 0 0 0 0 0 8eee4088 00000011 a6766788 00000011 00fb01a1 00000000 00fb01a1 00000000 0000006a 00000000 00000000 00000000 17883126 00000000 00fb020b 00000000 00000000 00000000 00000000 00000039 008b3199 00000001 00000000 00000001 00000000 00000000 00000000 00000000 00000000 00000000 00000000 00000000 00000000 00000000 00000000 00000000 00000000 00000000 00000000 00000000 21291780 0000001e a67667ae 00000011 00000000 00000000 00000000 00000000 00000201 00000101 00000000 00000000 00000000 00000000 00000000 00000000 00000000 00003333 00004ccd 00002667 00000001 00000000 03938700 000004f8
capture_snapshot GLI1 00010000 60000000 2500000 1006 0 60000000 0 0 0 0 0 0 0 8eee4088 00000011 a67c6668 00000011 00fb4195 00000000 00fb4195 00000000 0000006a 00000000 00000000 00000000 178e300b 00000000 00fb41ff 00000000 00000000 00000000 00000000 00000039 008b3199 00000001 00000000 00000001 00000000 00000000 00000000 00000000 00000000 00000000 00000000 00000000 00000000 00000000 00000000 00000000 00000000 00000000 00000000 00000000 21331594 0000001e a67c6693 00000011 00000000 00000000 00000000 00000000 00000202 00000101 00000000 00000000 00000000 00000000 00000000 00000000 00000000 00003333 00004ccd 00002667 00000001 00000000 03938700 000004f8
capture_snapshot GLI1 00010000 60000000 2500000 1007 0 60000000 0 0 0 0 0 0 0 8eee4088 00000011 a6826530 00000011 00fb8188 00000000 00fb8187 00000000 0000006a 00000000 00000000 00000000 17942ec4 00000000 00fb81f2 00000000 00000000 00000000 00000000 0000003b 008b3199 00000001 00000001 00000001 00000000 00000000 00000000 00000000 00000000 00000000 00000000 00000000 00000000 00000000 00000000 00000000 00000000 00000000 00000000 00000000 213d1361 0000001e a682654c 00000011 00000000 00000000 00000000 00000000 00000201 00000101 00000000 00000000 00000000 00000000 00000000 00000000 00000000 00003333 00004ccd 00002667 00000001 00000000 03938700 000004f8
capture_snapshot GLI1 00010000 60000000 2500000 1008 0 60000000 0 0 0 0 0 0 0 8eee4088 00000011 a6886728 00000011 00fbc19d 00000000 00fbc19c 00000000 0000006a 00000000 00000000 00000000 179a30bd 00000000 00fbc207 00000000 00000000 00000000 00000000 0000003b 008b3199 00000001 00000001 00000001 00000000 00000000 00000000 00000000 00000000 00000000 00000000 00000000 00000000 00000000 00000000 00000000 00000000 00000000 00000000 00000000 21471696 0000001e a6886745 00000011 00000000 00000000 00000000 00000000 00000201 00000100 00000000 00000000 00000000 00000000 00000000 00000000 00000000 00003333 00004ccd 00002667 00000001 00000000 03938700 000004f8
capture_snapshot GLI1 00010000 60000000 2500000 1009 0 60000000 0 0 0 0 0 0 0 8eee4088 00000011 a68e6518 00000011 00fc0187 00000000 00fc0187 00000000 0000006a 00000000 00000000 00000000 17a02ebc 00000000 00fc01f1 00000000 00000000 00000000 00000000 00000039 008b3199 00000001 00000000 00000001 00000000 00000000 00000000 00000000 00000000 00000000 00000000 00000000 00000000 00000000 00000000 00000000 00000000 00000000 00000000 00000000 2151132c 0000001e a68e6544 00000011 00000000 00000000 00000000 00000000 00000201 00000101 00000000 00000000 00000000 00000000 00000000 00000000 00000000 00003333 00004ccd 00002667 00000001 00000000 03938700 000004f8
capture_snapshot GLI1 00010000 60000000 2500000 1010 0 60000000 0 0 0 0 0 0 0 8eee4088 00000011 a69465f0 00000011 00fc4190 00000000 00fc4190 00000000 0000006a 00000000 00000000 00000000 17a62f8c 00000000 00fc41fa 00000000 00000000 00000000 00000000 00000039 008b3199 00000001 00000000 00000001 00000000 00000000 00000000 00000000 00000000 00000000 00000000 00000000 00000000 00000000 00000000 00000000 00000000 00000000 00000000 00000000 215b1472 0000001e a6946614 00000011 00000000 00000000 00000000 00000000 00000201 00000101 00000000 00000000 00000000 00000000 00000000 00000000 00000000 00003333 00004ccd 00002667 00000001 00000000 03938700 000004f8
capture_snapshot GLI1 00010000 60000000 2500000 1011 0 60000000 0 0 0 0 0 0 0 8eee4088 00000011 a69a6620 00000011 00fc8192 00000000 00fc8192 00000000 0000006a 00000000 00000000 00000000 17ac2fb9 00000000 00fc81fc 00000000 00000000 00000000 00000000 00000039 008b3199 00000001 00000000 00000001 00000000 00000000 00000000 00000000 00000000 00000000 00000000 00000000 00000000 00000000 00000000 00000000 00000000 00000000 00000000 00000000 216514a9 0000001e a69a6641 00000011 00000000 00000000 00000000 00000000 00000201 00000101 00000000 00000000 00000000 00000000 00000000 00000000 00000000 00003333 00004ccd 00002667 00000001 00000000 03938700 000004f8
capture_snapshot GLI1 00010000 60000000 2500000 1012 0 60000000 0 0 0 0 0 0 0 8eee4088 00000011 a6a068f0 00000011 00fcc1b0 00000000 00fcc1b0 00000000 0000006a 00000000 00000000 00000000 17b2328e 00000000 00fcc21a 00000000 00000000 00000000 00000000 00000039 008b3199 00000001 00000000 00000001 00000000 00000000 00000000 00000000 00000000 00000000 00000000 00000000 00000000 00000000 00000000 00000000 00000000 00000000 00000000 00000000 216f194e 0000001e a6a06916 00000011 00000000 00000000 00000000 00000000 00000201 00000101 00000000 00000000 00000000 00000000 00000000 00000000 00000000 00003333 00004ccd 00002667 00000001 00000000 03938700 000004f8
capture_snapshot GLI1 00010000 60000000 2500000 1013 0 60000000 0 0 0 0 0 0 0 8eee4088 00000011 a6a66500 00000011 00fd0186 00000000 00fd0186 00000000 0000006a 00000000 00000000 00000000 17b82e9f 00000000 00fd01f0 00000000 00000000 00000000 00000000 00000039 008b3199 00000001 00000000 00000001 00000000 00000000 00000000 00000000 00000000 00000000 00000000 00000000 00000000 00000000 00000000 00000000 00000000 00000000 00000000 00000000 217912ae 0000001e a6a66527 00000011 00000000 00000000 00000000 00000000 00000201 00000101 00000000 00000000 00000000 00000000 00000000 00000000 00000000 00003333 00004ccd 00002667 00000001 00000000 03938700 000004f8
capture_snapshot GLI1 00010000 60000000 2500000 1014 0 60000000 0 0 0 0 0 0 0 8eee4088 00000011 a6ac6530 00000011 00fd4188 00000000 00fd4188 00000000 0000006a 00000000 00000000 00000000 17be2eca 00000000 00fd41f2 00000000 00000000 00000000 00000000 00000039 008b3199 00000001 00000000 00000001 00000000 00000000 00000000 00000000 00000000 00000000 00000000 00000000 00000000 00000000 00000000 00000000 00000000 00000000 00000000 00000000 218312e1 0000001e a6ac6552 00000011 00000000 00000000 00000000 00000000 00000201 00000100 00000000 00000000 00000000 00000000 00000000 00000000 00000000 00003333 00004ccd 00002667 00000001 00000000 03938700 000004f8
capture_snapshot GLI1 00010000 60000000 2500000 1015 0 60000000 0 0 0 0 0 0 0 8eee4088 00000011 a6b26518 00000011 00fd8187 00000000 00fd8187 00000000 0000006a 00000000 00000000 00000000 17c42ebb 00000000 00fd81f1 00000000 00000000 00000000 00000000 00000039 008b3199 00000001 00000000 00000001 00000000 00000000 00000000 00000000 00000000 00000000 00000000 00000000 00000000 00000000 00000000 00000000 00000000 00000000 00000000 00000000 218d12b5 0000001e a6b26543 00000011 00000000 00000000 00000000 00000000 00000201 00000101 00000000 00000000 00000000 00000000 00000000 00000000 00000000 00003333 00004ccd 00002667 00000001 00000000 03938700 000004f8
capture_snapshot GLI1 00010000 60000000 2500000 1016 0 60000000 0 0 0 0 0 0 0 8eee4088 00000011 a6b86590 00000011 00fdc18c 00000000 00fdc18c 00000000 0000006a 00000000 00000000 00000000 17ca2f2f 00000000 00fdc1f6 00000000 00000000 00000000 00000000 00000039 008b3199 00000001 00000000 00000001 00000000 00000000 00000000 00000000 00000000 00000000 00000000 00000000 00000000 00000000 00000000 00000000 00000000 00000000 00000000 00000000 21971363 0000001e a6b865b7 00000011 00000000 00000000 00000000 00000000 00000201 00000101 00000000 00000000 00000000 00000000 00000000 00000000 00000000 00003333 00004ccd 00002667 00000001 00000000 03938700 000004f8
capture_snapshot GLI1 00010000 60000000 2500000 1017 0 60000000 0 0 0 0 0 0 0 8eee4088 00000011 a6be66f8 00000011 00fe019b 00000000 00fe019b 00000000 0000006a 00000000 00000000 00000000 17d030a4 00000000 00fe0205 00000000 00000000 00000000 00000000 00000039 008b3199 00000001 00000000 00000001 00000000 00000000 00000000 00000000 00000000 00000000 00000000 00000000 00000000 00000000 00000000 00000000 00000000 00000000 00000000 00000000 21a115bd 0000001e a6be672c 00000011 00000000 00000000 00000000 00000000 00000201 00000101 00000000 00000000 00000000 00000000 00000000 00000000 00000000 00003333 00004ccd 00002667 00000001 00000000 03938700 000004f8
capture_snapshot GLI1 00010000 60000000 2500000 1018 0 60000000 0 0 0 0 0 0 0 8eee4088 00000011 a6c46518 00000011 00fe4187 00000000 00fe4187 00000000 0000006a 00000000 00000000 00000000 17d62eaf 00000000 00fe41f1 00000000 00000000 00000000 00000000 00000039 008b3199 00000001 00000000 00000001 00000000 00000000 00000000 00000000 00000000 00000000 00000000 00000000 00000000 00000000 00000000 00000000 00000000 00000000 00000000 00000000 21ab1267 0000001e a6c46537 00000011 00000000 00000000 00000000 00000000 00000201 00000101 00000000 00000000 00000000 00000000 00000000 00000000 00000000 00003333 00004ccd 00002667 00000001 00000000 03938700 000004f8
capture_snapshot GLI1 00010000 60000000 2500000 1019 0 60000000 0 0 0 0 0 0 0 8eee4088 00000011 a6ca64b8 00000011 00fe8183 00000000 00fe8183 00000000 0000006a 00000000 00000000 00000000 17dc2e5b 00000000 00fe81ed 00000000 00000000 00000000 00000000 00000039 008b3199 00000001 00000000 00000001 00000000 00000000 00000000 00000000 00000000 00000000 00000000 00000000 00000000 00000000 00000000 00000000 00000000 00000000 00000000 00000000 21b511c7 0000001e a6ca64e3 00000011 00000000 00000000 00000000 00000000 00000201 00000101 00000000 00000000 00000000 00000000 00000000 00000000 00000000 00003333 00004ccd 00002667 00000001 00000000 03938700 000004f8
capture_snapshot GLI1 00010000 60000000 2500000 1020 0 60000000 0 0 0 0 0 0 0 8eee4088 00000011 a6d06608 00000011 00fec191 00000000 00fec191 00000000 0000006a 00000000 00000000 00000000 17e22fa9 00000000 00fec1fb 00000000 00000000 00000000 00000000 00000039 008b3199 00000001 00000000 00000001 00000000 00000000 00000000 00000000 00000000 00000000 00000000 00000000 00000000 00000000 00000000 00000000 00000000 00000000 00000000 00000000 21bf13df 0000001e a6d06631 00000011 00000000 00000000 00000000 00000000 00000202 00000101 00000000 00000000 00000000 00000000 00000000 00000000 00000000 00003333 00004ccd 00002667 00000001 00000000 03938700 000004f8
capture_snapshot GLI1 00010000 60000000 2500000 1021 0 60000000 0 0 0 0 0 0 0 8eee4088 00000011 a6d664d0 00000011 00ff0184 00000000 00ff0183 00000000 0000006a 00000000 00000000 00000000 17e82e65 00000000 00ff01ee 00000000 00000000 00000000 00000000 0000003b 008b3199 00000001 00000001 00000001 00000000 00000000 00000000 00000000 00000000 00000000 00000000 00000000 00000000 00000000 00000000 00000000 00000000 00000000 00000000 00000000 21c911b0 0000001e a6d664ed 00000011 00000000 00000000 00000000 00000000 00000201 00000100 00000000 00000000 00000000 00000000 00000000 00000000 00000000 00003333 00004ccd 00002667 00000001 00000000 03938700 000004f8
capture_snapshot GLI1 00010000 60000000 2500000 1022 0 60000000 0 0 0 0 0 0 0 8eee4088 00000011 a6dc6548 00000011 00ff4189 00000000 00ff4189 00000000 0000006a 00000000 00000000 00000000 17ee2ee0 00000000 00ff41f3 00000000 00000000 00000000 00000000 00000039 008b3199 00000001 00000000 00000001 00000000 00000000 00000000 00000000 00000000 00000000 00000000 00000000 00000000 00000000 00000000 00000000 00000000 00000000 00000000 00000000 21d31269 0000001e a6dc6568 00000011 00000000 00000000 00000000 00000000 00000202 00000100 00000000 00000000 00000000 00000000 00000000 00000000 00000000 00003333 00004ccd 00002667 00000001 00000000 03938700 000004f8
capture_snapshot GLI1 00010000 60000000 2500000 1023 0 60000000 0 0 0 0 0 0 0 8eee4088 00000011 a6e26698 00000011 00ff8197 00000000 00ff8197 00000000 0000006a 00000000 00000000 00000000 17f43031 00000000 00ff8201 00000000 00000000 00000000 00000000 00000039 008b3199 00000001 00000000 00000001 00000000 00000000 00000000 00000000 00000000 00000000 00000000 00000000 00000000 00000000 00000000 00000000 00000000 00000000 00000000 00000000 21dd1487 0000001e a6e266b9 00000011 00000000 00000000 00000000 00000000 00000201 00000101 00000000 00000000 00000000 00000000 00000000 00000000 00000000 00003333 00004ccd 00002667 00000001 00000000 03938700 000004f8
capture_snapshot GLI1 00010000 60000000 2500000 1024 0 60000000 0 0 0 0 0 0 0 8eee4088 00000011 a6e86578 00000011 00ffc18b 00000000 00ffc18b 00000000 0000006a 00000000 00000000 00000000 17fa2f14 00000000 00ffc1f5 00000000 00000000 00000000 00000000 00000039 008b3199 00000001 00000000 00000001 00000000 00000000 00000000 00000000 00000000 00000000 00000000 00000000 00000000 00000000 00000000 00000000 00000000 00000000 00000000 00000000 21e71299 0000001e a6e8659c 00000011 00000000 00000000 00000000 00000000 00000201 00000101 00000000 00000000 00000000 00000000 00000000 00000000 00000000 00003333 00004ccd 00002667 00000001 00000000 03938700 000004f8
capture_snapshot GLI1 00010000 60000000 2500000 1025 0 60000000 0 0 0 0 0 0 0 8eee4088 00000011 a6ee72c8 00000011 01000219 00000000 01000219 00000000 0000006a 00000000 00000000 00000000 18003c63 00000000 01000283 00000000 00000000 00000000 00000000 00000039 008b3199 00000001 00000000 00000001 00000000 00000000 00000000 00000000 00000000 00000000 00000000 00000000 00000000 00000000 00000000 00000000 00000000 00000000 00000000 00000000 21f128b4 0000001e a6ee72eb 00000011 00000000 00000000 00000000 00000000 00000201 00000101 00000000 00000000 00000000 00000000 00000000 00000000 00000000 00003333 00004ccd 00002667 00000001 00000000 03938700 000004f8
capture_snapshot GLI1 00010000 60000000 2500000 1026 0 60000000 0 0 0 0 0 0 0 8eee4088 00000011 a6f473a0 00000011 01004222 00000000 01004222 00000000 0000006a 00000000 00000000 00000000 18063d39 00000000 0100428c 00000000 00000000 00000000 00000000 00000039 008b3199 00000001 00000000 00000001 00000000 00000000 00000000 00000000 00000000 00000000 00000000 00000000 00000000 00000000 00000000 00000000 00000000 00000000 00000000 00000000 21fb2a04 0000001e a6f473c1 00000011 00000000 00000000 00000000 00000000 00000201 00000101 00000000 00000000 00000000 00000000 00000000 00000000 00000000 00003333 00004ccd 00002667 00000001 00000000 03938700 000004f8
capture_snapshot GLI1 00010000 60000000 2500000 1027 0 60000000 0 0 0 0 0 0 0 8eee4088 00000011 a6fa6de8 00000011 010081e5 00000000 010081e5 00000000 0000006a 00000000 00000000 00000000 180c378f 00000000 0100824f 00000000 00000000 00000000 00000000 00000039 008b3199 00000001 00000000 00000001 00000000 00000000 00000000 00000000 00000000 00000000 00000000 00000000 00000000 00000000 00000000 00000000 00000000 00000000 00000000 00000000 22052081 0000001e a6fa6e17 00000011 00000000 00000000 00000000 00000000 00000201 00000101 00000000 00000000 00000000 00000000 00000000 00000000 00000000 00003333 00004ccd 00002667 00000001 00000000 03938700 000004f8
capture_snapshot GLI1 00010000 60000000 2500000 1028 0 60000000 0 0 0 0 0 0 0 8eee4088 00000011 a70066b0 00000011 0100c198 00000000 0100c198 00000000 0000006a 00000000 00000000 00000000 18123057 00000000 0100c202 00000000 00000000 00000000 00000000 00000039 008b3199 00000001 00000000 00000001 00000000 00000000 00000000 00000000 00000000 00000000 00000000 00000000 00000000 00000000 00000000 00000000 00000000 00000000 00000000 00000000 220f1466 0000001e a70066df 00000011 00000000 00000000 00000000 00000000 00000201 00000101 00000000 00000000 00000000 00000000 00000000 00000000 00000000 00003333 00004ccd 00002667 00000001 00000000 03938700 000004f8
capture_snapshot GLI1 00010000 60000000 2500000 1029 0 60000000 0 0 0 0 0 0 0 8eee4088 00000011 a70667a0 00000011 010101a2 00000000 010101a2 00000000 0000006a 00000000 00000000 00000000 18183146 00000000 0101020c 00000000 00000000 00000000 00000000 00000039 008b3199 00000001 00000000 00000001 00000000 00000000 00000000 00000000 00000000 00000000 00000000 00000000 00000000 00000000 00000000 00000000 00000000 00000000 00000000 00000000 221915df 0000001e a70667ce 00000011 00000000 00000000 00000000 00000000 00000201 00000101 00000000 00000000 00000000 00000000 00000000 00000000 00000000 00003333 00004ccd 00002667 00000001 00000000 03938700 000004f8
capture_snapshot GLI1 00010000 60000000 2500000 1030 0 60000000 0 0 0 0 0 0 0 8eee4088 00000011 a70c8120 00000011 010142b2 00000000 010142b2 00000000 0000006a 00000000 00000000 00000000 181e4aca 00000000 0101431c 00000000 00000000 00000000 00000000 00000039 008b3199 00000001 00000000 00000001 00000000 00000000 00000000 00000000 00000000 00000000 00000000 00000000 00000000 00000000 00000000 00000000 00000000 00000000 00000000 00000000 22234053 0000001e a70c8152 00000011 00000000 00000000 00000000 00000000 00000201 00000101 00000000 00000000 00000000 00000000 00000000 00000000 00000000 00003333 00004ccd 00002667 00000001 00000000 03938700 000004f8
capture_snapshot GLI1 00010000 60000000 2500000 1031 0 60000000 0 0 0 0 0 0 0 8eee4088 00000011 a71283a8 00000011 010182cd 00000000 010182cd 00000000 0000006a 00000000 00000000 00000000 18244d41 00000000 01018337 00000000 00000000 00000000 00000000 00000039 008b3199 00000001 00000000 00000001 00000000 00000000 00000000 00000000 00000000 00000000 00000000 00000000 00000000 00000000 00000000 00000000 00000000 00000000 00000000 00000000 222d445b 0000001e a71283c9 00000011 00000000 00000000 00000000 00000000 00000201 00000100 00000000 00000000 00000000 00000000 00000000 00000000 00000000 00003333 00004ccd 00002667 00000001 00000000 03938700 000004f8
capture_snapshot GLI1 00010000 60000000 2500000 1032 0 60000000 0 0 0 0 0 0 0 8eee4088 00000011 a7188660 00000011 0101c2ea 00000000 0101c2ea 00000000 0000006a 00000000 00000000 00000000 182a4ff6 00000000 0101c354 00000000 00000000 00000000 00000000 00000039 008b3199 00000001 00000000 00000001 00000000 00000000 00000000 00000000 00000000 00000000 00000000 00000000 00000000 00000000 00000000 00000000 00000000 00000000 00000000 00000000 223748ca 0000001e a718867e 00000011 00000000 00000000 00000000 00000000 00000202 00000101 00000000 00000000 00000000 00000000 00000000 00000000 00000000 00003333 00004ccd 00002667 00000001 00000000 03938700 000004f8
capture_snapshot GLI1 00010000 60000000 2500000 1033 0 60000000 0 0 0 0 0 0 0 8eee4088 00000011 a71e8ba0 00000011 01020322 00000000 01020322 00000000 0000006a 00000000 00000000 00000000 1830553e 00000000 0102038c 00000000 00000000 00000000 00000000 00000039 008b3199 00000001 00000000 00000001 00000000 00000000 00000000 00000000 00000000 00000000 00000000 00000000 00000000 00000000 00000000 00000000 00000000 00000000 00000000 00000000 22415184 0000001e a71e8bc6 00000011 00000000 00000000 00000000 00000000 00000201 00000100 00000000 00000000 00000000 00000000 00000000 00000000 00000000 00003333 00004ccd 00002667 00000001 00000000 03938700 000004f8
capture_snapshot GLI1 00010000 60000000 2500000 1034 0 60000000 0 0 0 0 0 0 0 8eee4088 00000011 a7249020 00000011 01024352 00000000 01024352 00000000 0000006a 00000000 00000000 00000000 183659cb 00000000 010243bc 00000000 00000000 00000000 00000000 00000039 008b3199 00000001 00000000 00000001 00000000 00000000 00000000 00000000 00000000 00000000 00000000 00000000 00000000 00000000 00000000 00000000 00000000 00000000 00000000 00000000 224b5906 0000001e a7249053 00000011 00000000 00000000 00000000 00000000 00000201 00000100 00000000 00000000 00000000 00000000 00000000 00000000 00000000 00003333 00004ccd 00002667 00000001 00000000 03938700 000004f8
capture_snapshot GLI1 00010000 60000000 2500000 1035 0 60000000 0 0 0 0 0 0 0 8eee4088 00000011 a72a96f8 00000011 0102839b 00000000 0102839b 00000000 0000006a 00000000 00000000 00000000 183c6095 00000000 01028405 00000000 00000000 00000000 00000000 00000039 008b3199 00000001 00000000 00000001 00000000 00000000 00000000 00000000 00000000 00000000 00000000 00000000 00000000 00000000 00000000 00000000 00000000 00000000 00000000 00000000 22556443 0000001e a72a971d 00000011 00000000 00000000 00000000 00000000 00000201 00000100 00000000 00000000 00000000 00000000 00000000 00000000 00000000 00003333 00004ccd 00002667 00000001 00000000 03938700 000004f8
capture_snapshot GLI1 00010000 60000000 2500000 1036 0 60000000 0 0 0 0 0 0 0 8eee4088 00000011 a73090e0 00000011 0102c35a 00000000 0102c35a 00000000 0000006a 00000000 00000000 00000000 18425a81 00000000 0102c3c4 00000000 00000000 00000000 00000000 00000039 008b3199 00000001 00000000 00000001 00000000 00000000 00000000 00000000 00000000 00000000 00000000 00000000 00000000 00000000 00000000 00000000 00000000 00000000 00000000 00000000 225f5a0f 0000001e a7309109 00000011 00000000 00000000 00000000 00000000 00000201 00000101 00000000 00000000 00000000 00000000 00000000 00000000 00000000 00003333 00004ccd 00002667 00000001 00000000 03938700 000004f8
capture_snapshot GLI1 00010000 60000000 2500000 1037 0 60000000 0 0 0 0 0 0 0 8eee4088 00000011 a7368f78 00000011 0103034b 00000000 0103034b 00000000 0000006a 00000000 00000000 00000000 18485923 00000000 010303b5 00000000 00000000 00000000 00000000 00000039 008b3199 00000001 00000000 00000001 00000000 00000000 00000000 00000000 00000000 00000000 00000000 00000000 00000000 00000000 00000000 00000000 00000000 00000000 00000000 00000000 226957b4 0000001e a7368fab 00000011 00000000 00000000 00000000 00000000 00000201 00000101 00000000 00000000 00000000 00000000 00000000 00000000 00000000 00003333 00004ccd 00002667 00000001 00000000 03938700 000004f8
capture_snapshot GLI1 00010000 60000000 2500000 1038 0 60000000 0 0 0 0 0 0 0 8eee4088 00000011 a73ca340 00000011 0103441e 00000000 0103441e 00000000 0000006a 00000000 00000000 00000000 184e6ce3 00000000 01034488 00000000 00000000 00000000 00000000 00000039 008b3199 00000001 00000000 00000001 00000000 00000000 00000000 00000000 00000000 00000000 00000000 00000000 00000000 00000000 00000000 00000000 00000000 00000000 00000000 00000000 2273788b 0000001e a73ca36b 00000011 00000000 00000000 00000000 00000000 00000201 00000101 00000000 00000000 00000000 00000000 00000000 00000000 00000000 00003333 00004ccd 00002667 00000001 00000000 03938700 000004f8
capture_snapshot GLI1 00010000 60000000 2500000 1039 0 60000000 0 0 0 0 0 0 0 8eee4088 00000011 a7427e68 00000011 01038295 00000000 01038295 00000000 0000006a 00000000 00000000 00000000 18544805 00000000 010382ff 00000000 00000000 00000000 00000000 00000039 008b3199 00000001 00000000 00000001 00000000 00000000 00000000 00000000 00000000 00000000 00000000 00000000 00000000 00000000 00000000 00000000 00000000 00000000 00000000 00000000 227d3b05 0000001e a7427e8d 00000011 00000000 00000000 00000000 00000000 00000202 00000100 00000000 00000000 00000000 00000000 00000000 00000000 00000000 00003333 00004ccd 00002667 00000001 00000000 03938700 000004f8
capture_snapshot GLI1 00010000 60000000 2500000 1040 0 60000000 0 0 0 0 0 0 0 8eee4088 00000011 a74882a0 00000011 0103c2c2 00000000 0103c2c2 00000000 0000006a 00000000 00000000 00000000 185a4c43 00000000 0103c32c 00000000 00000000 00000000 00000000 00000039 008b3199 00000001 00000000 00000001 00000000 00000000 00000000 00000000 00000000 00000000 00000000 00000000 00000000 00000000 00000000 00000000 00000000 00000000 00000000 00000000 22874203 0000001e a74882cb 00000011 00000000 00000000 00000000 00000000 00000201 00000101 00000000 00000000 00000000 00000000 00000000 00000000 00000000 00003333 00004ccd 00002667 00000001 00000000 03938700 000004f8
capture_snapshot GLI1 00010000 60000000 2500000 1041 0 60000000 0 0 0 0 0 0 0 8eee4088 00000011 a74e7e20 00000011 01040292 00000000 01040292 00000000 0000006a 00000000 00000000 00000000 186047c1 00000000 010402fc 00000000 00000000 00000000 00000000 00000039 008b3199 00000001 00000000 00000001 00000000 00000000 00000000 00000000 00000000 00000000 00000000 00000000 00000000 00000000 00000000 00000000 00000000 00000000 00000000 00000000 22913a6c 0000001e a74e7e49 00000011 00000000 00000000 00000000 00000000 00000201 00000101 00000000 00000000 00000000 00000000 00000000 00000000 00000000 00003333 00004ccd 00002667 00000001 00000000 03938700 000004f8
capture_snapshot GLI1 00010000 60000000 2500000 1042 0 60000000 0 0 0 0 0 0 0 8eee4088 00000011 a7547fa0 00000011 010442a2 00000000 010442a2 00000000 0000006a 00000000 00000000 00000000 1866493c 00000000 0104430c 00000000 00000000 00000000 00000000 00000039 008b3199 00000001 00000000 00000001 00000000 00000000 00000000 00000000 00000000 00000000 00000000 00000000 00000000 00000000 00000000 00000000 00000000 00000000 00000000 00000000 229b3cd1 0000001e a7547fc4 00000011 00000000 00000000 00000000 00000000 00000201 00000101 00000000 00000000 00000000 00000000 00000000 00000000 00000000 00003333 00004ccd 00002667 00000001 00000000 03938700 000004f8
capture_snapshot GLI1 00010000 60000000 2500000 1043 0 60000000 0 0 0 0 0 0 0 8eee4088 00000011 a75a83c0 00000011 010482ce 00000000 010482ce 00000000 0000006a 00000000 00000000 00000000 186c4d67 00000000 01048338 00000000 00000000 00000000 00000000 00000039 008b3199 00000001 00000000 00000001 00000000 00000000 00000000 00000000 00000000 00000000 00000000 00000000 00000000 00000000 00000000 00000000 00000000 00000000 00000000 00000000 22a543af 0000001e a75a83ef 00000011 00000000 00000000 00000000 00000000 00000201 00000101 00000000 00000000 00000000 00000000 00000000 00000000 00000000 00003333 00004ccd 00002667 00000001 00000000 03938700 000004f8
capture_snapshot GLI1 00010000 60000000 2500000 1044 0 60000000 0 0 0 0 0 0 0 8eee4088 00000011 a76081b0 00000011 0104c2b8 00000000 0104c2b8 00000000 0000006a 00000000 00000000 00000000 18724b46 00000000 0104c322 00000000 00000000 00000000 00000000 00000039 008b3199 00000001 00000000 00000001 00000000 00000000 00000000 00000000 00000000 00000000 00000000 00000000 00000000 00000000 00000000 00000000 00000000 00000000 00000000 00000000 22af4010 0000001e a76081ce 00000011 00000000 00000000 00000000 00000000 00000201 00000100 00000000 00000000 00000000 00000000 00000000 00000000 00000000 00003333 00004ccd 00002667 00000001 00000000 03938700 000004f8
capture_snapshot GLI1 00010000 60000000 2500000 1045 0 60000000 0 0 0 0 0 0 0 8eee4088 00000011 a7667c10 00000011 0105027c 00000000 0105027c 00000000 0000006a 00000000 00000000 00000000 187845b4 00000000 010502e6 00000000 00000000 00000000 00000000 00000039 008b3199 00000001 00000000 00000001 00000000 00000000 00000000 00000000 00000000 00000000 00000000 00000000 00000000 00000000 00000000 00000000 00000000 00000000 00000000 00000000 22b936b4 0000001e a7667c3c 00000011 00000000 00000000 00000000 00000000 00000201 00000101 00000000 00000000 00000000 00000000 00000000 00000000 00000000 00003333 00004ccd 00002667 00000001 00000000 03938700 000004f8
capture_snapshot GLI1 00010000 60000000 2500000 1046 0 60000000 0 0 0 0 0 0 0 8eee4088 00000011 a76c7d18 00000011 01054287 00000000 01054287 00000000 0000006a 00000000 00000000 00000000 187e46c3 00000000 010542f1 00000000 00000000 00000000 00000000 00000039 008b3199 00000001 00000000 00000001 00000000 00000000 00000000 00000000 00000000 00000000 00000000 00000000 00000000 00000000 00000000 00000000 00000000 00000000 00000000 00000000 22c33864 0000001e a76c7d4b 00000011 00000000 00000000 00000000 00000000 00000201 00000100 00000000 00000000 00000000 00000000 00000000 00000000 00000000 00003333 00004ccd 00002667 00000001 00000000 03938700 000004f8
capture_snapshot GLI1 00010000 60000000 2500000 1047 0 60000000 0 0 0 0 0 0 0 8eee4088 00000011 a7727d60 00000011 0105828a 00000000 0105828a 00000000 0000006a 00000000 00000000 00000000 18844704 00000000 010582f4 00000000 00000000 00000000 00000000 00000039 008b3199 00000001 00000000 00000001 00000000 00000000 00000000 00000000 00000000 00000000 00000000 00000000 00000000 00000000 00000000 00000000 00000000 00000000 00000000 00000000 22cd38bc 0000001e a7727d8c 00000011 00000000 00000000 00000000 00000000 00000201 00000101 00000000 00000000 00000000 00000000 00000000 00000000 00000000 00003333 00004ccd 00002667 00000001 00000000 03938700 000004f8
capture_snapshot GLI1 00010000 60000000 2500000 1048 0 60000000 0 0 0 0 0 0 0 8eee4088 00000011 a7787cb8 00000011 0105c283 00000000 0105c283 00000000 0000006a 00000000 00000000 00000000 188a465f 00000000 0105c2ed 00000000 00000000 00000000 00000000 00000039 008b3199 00000001 00000000 00000001 00000000 00000000 00000000 00000000 00000000 00000000 00000000 00000000 00000000 00000000 00000000 00000000 00000000 00000000 00000000 00000000 22d73796 0000001e a7787ce7 00000011 00000000 00000000 00000000 00000000 00000201 00000101 00000000 00000000 00000000 00000000 00000000 00000000 00000000 00003333 00004ccd 00002667 00000001 00000000 03938700 000004f8
capture_snapshot GLI1 00010000 60000000 2500000 1049 0 60000000 0 0 0 0 0 0 0 8eee4088 00000011 a77e8150 00000011 010602b4 00000000 010602b4 00000000 0000006a 00000000 00000000 00000000 18904aea 00000000 0106031e 00000000 00000000 00000000 00000000 00000039 008b3199 00000001 00000000 00000001 00000000 00000000 00000000 00000000 00000000 00000000 00000000 00000000 00000000 00000000 00000000 00000000 00000000 00000000 00000000 00000000 22e13f15 0000001e a77e8172 00000011 00000000 00000000 00000000 00000000 00000201 00000100 00000000 00000000 00000000 00000000 00000000 00000000 00000000 00003333 00004ccd 00002667 00000001 00000000 03938700 000004f8
capture_snapshot GLI1 00010000 60000000 2500000 1050 0 60000000 0 0 0 0 0 0 0 8eee4088 00000011 a7847eb0 00000011 01064298 00000000 01064298 00000000 0000006a 00000000 00000000 00000000 18964854 00000000 01064302 00000000 00000000 00000000 00000000 00000039 008b3199 00000001 00000000 00000001 00000000 00000000 00000000 00000000 00000000 00000000 00000000 00000000 00000000 00000000 00000000 00000000 00000000 00000000 00000000 00000000 22eb3ab3 0000001e a7847edc 00000011 00000000 00000000 00000000 00000000 00000201 00000101 00000000 00000000 00000000 00000000 00000000 00000000 00000000 00003333 00004ccd 00002667 00000001 00000000 03938700 000004f8
capture_snapshot GLI1 00010000 60000000 2500000 1051 0 60000000 0 0 0 0 0 0 0 8eee4088 00000011 a78a80a8 00000011 010682ad 00000000 010682ad 00000000 0000006a 00000000 00000000 00000000 189c4a45 00000000 01068317 00000000 00000000 00000000 00000000 00000039 008b3199 00000001 00000000 00000001 00000000 00000000 00000000 00000000 00000000 00000000 00000000 00000000 00000000 00000000 00000000 00000000 00000000 00000000 00000000 00000000 22f53ddb 0000001e a78a80cd 00000011 00000000 00000000 00000000 00000000 00000201 00000101 00000000 00000000 00000000 00000000 00000000 00000000 00000000 00003333 00004ccd 00002667 00000001 00000000 03938700 000004f8
capture_snapshot GLI1 00010000 60000000 2500000 1052 0 60000000 0 0 0 0 0 0 0 8eee4088 00000011 a7907a90 00000011 0106c26c 00000000 0106c26c 00000000 0000006a 00000000 00000000 00000000 18a24428 00000000 0106c2d6 00000000 00000000 00000000 00000000 00000039 008b3199 00000001 00000000 00000001 00000000 00000000 00000000 00000000 00000000 00000000 00000000 00000000 00000000 00000000 00000000 00000000 00000000 00000000 00000000 00000000 22ff3397 0000001e a7907ab0 00000011 00000000 00000000 00000000 00000000 00000201 00000100 00000000 00000000 00000000 00000000 00000000 00000000 00000000 00003333 00004ccd 00002667 00000001 00000000 03938700 000004f8
capture_snapshot GLI1 00010000 60000000 2500000 1053 0 60000000 0 0 0 0 0 0 0 8eee4088 00000011 a7968630 00000011 010702e8 00000000 010702e8 00000000 0000006a 00000000 00000000 00000000 18a84fcb 00000000 01070352 00000000 00000000 00000000 00000000 00000039 008b3199 00000001 00000000 00000001 00000000 00000000 00000000 00000000 00000000 00000000 00000000 00000000 00000000 00000000 00000000 00000000 00000000 00000000 00000000 00000000 230946e8 0000001e a7968653 00000011 00000000 00000000 00000000 00000000 00000202 00000101 00000000 00000000 00000000 00000000 00000000 00000000 00000000 00003333 00004ccd 00002667 00000001 00000000 03938700 000004f8
capture_snapshot GLI1 00010000 60000000 2500000 1054 0 60000000 0 0 0 0 0 0 0 8eee4088 00000011 a79c8e70 00000011 01074340 00000000 01074340 00000000 0000006a 00000000 00000000 00000000 18ae5811 00000000 010743aa 00000000 00000000 00000000 00000000 00000039 008b3199 00000001 00000000 00000001 00000000 00000000 00000000 00000000 00000000 00000000 00000000 00000000 00000000 00000000 00000000 00000000 00000000 00000000 00000000 00000000 2313549f 0000001e a79c8e99 00000011 00000000 00000000 00000000 00000000 00000201 00000101 00000000 00000000 00000000 00000000 00000000 00000000 00000000 00003333 00004ccd 00002667 00000001 00000000 03938700 000004f8
capture_snapshot GLI1 00010000 60000000 2500000 1055 0 60000000 0 0 0 0 0 0 0 8eee4088 00000011 a7a29878 00000011 010783ab 00000000 010783ab 00000000 0000006a 00000000 00000000 00000000 18b46224 00000000 01078415 00000000 00000000 00000000 00000000 00000039 008b3199 00000001 00000000 00000001 00000000 00000000 00000000 00000000 00000000 00000000 00000000 00000000 00000000 00000000 00000000 00000000 00000000 00000000 00000000 00000000 231d6556 0000001e a7a298ac 00000011 00000000 00000000 00000000 00000000 00000201 00000101 00000000 00000000 00000000 00000000 00000000 00000000 00000000 00003333 00004ccd 00002667 00000001 00000000 03938700 000004f8
capture_snapshot GLI1 00010000 60000000 2500000 1056 0 60000000 0 0 0 0 0 0 0 8eee4088 00000011 a7a8a808 00000011 0107c451 00000000 0107c451 00000000 0000006a 00000000 00000000 00000000 18ba71a7 00000000 0107c4bb 00000000 00000000 00000000 00000000 00000039 008b3199 00000001 00000000 00000001 00000000 00000000 00000000 00000000 00000000 00000000 00000000 00000000 00000000 00000000 00000000 00000000 00000000 00000000 00000000 00000000 23277f1c 0000001e a7a8a82f 00000011 00000000 00000000 00000000 00000000 00000201 00000101 00000000 00000000 00000000 00000000 00000000 00000000 00000000 00003333 00004ccd 00002667 00000001 00000000 03938700 000004f8
capture_snapshot GLI1 00010000 60000000 2500000 1057 0 60000000 0 0 0 0 0 0 0 8eee4088 00000011 a7ae84e0 00000011 010802da 00000000 010802da 00000000 0000006a 00000000 00000000 00000000 18c04e85 00000000 01080344 00000000 00000000 00000000 00000000 00000039 008b3199 00000001 00000000 00000001 00000000 00000000 00000000 00000000 00000000 00000000 00000000 00000000 00000000 00000000 00000000 00000000 00000000 00000000 00000000 00000000 2331447b 0000001e a7ae850d 00000011 00000000 00000000 00000000 00000000 00000201 00000101 00000000 00000000 00000000 00000000 00000000 00000000 00000000 00003333 00004ccd 00002667 00000001 00000000 03938700 000004f8
capture_snapshot GLI1 00010000 60000000 2500000 1058 0 60000000 0 0 0 0 0 0 0 8eee4088 00000011 a7b488e8 00000011 01084305 00000000 01084305 00000000 0000006a 00000000 00000000 00000000 18c65293 00000000 0108436f 00000000 00000000 00000000 00000000 00000039 008b3199 00000001 00000000 00000001 00000000 00000000 00000000 00000000 00000000 00000000 00000000 00000000 00000000 00000000 00000000 00000000 00000000 00000000 00000000 00000000 233b4b2a 0000001e a7b4891b 00000011 00000000 00000000 00000000 00000000 00000201 00000101 00000000 00000000 00000000 00000000 00000000 00000000 00000000 00003333 00004ccd 00002667 00000001 00000000 03938700 000004f8
capture_snapshot GLI1 00010000 60000000 2500000 1059 0 60000000 0 0 0 0 0 0 0 8eee4088 00000011 a7ba8a80 00000011 01088316 00000000 01088316 00000000 0000006a 00000000 00000000 00000000 18cc541b 00000000 01088380 00000000 00000000 00000000 00000000 00000039 008b3199 00000001 00000000 00000001 00000000 00000000 00000000 00000000 00000000 00000000 00000000 00000000 00000000 00000000 00000000 00000000 00000000 00000000 00000000 00000000 23454da2 0000001e a7ba8aa3 00000011 00000000 00000000 00000000 00000000 00000201 00000101 00000000 00000000 00000000 00000000 00000000 00000000 00000000 00003333 00004ccd 00002667 00000001 00000000 03938700 000004f8
capture_snapshot GLI1 00010000 60000000 2500000 1060 0 60000000 0 0 0 0 0 0 0 8eee4088 00000011 a7c08c60 00000011 0108c32a 00000000 0108c32a 00000000 0000006a 00000000 00000000 00000000 18d255f6 00000000 0108c394 00000000 00000000 00000000 00000000 00000039 008b3199 00000001 00000000 00000001 00000000 00000000 00000000 00000000 00000000 00000000 00000000 00000000 00000000 00000000 00000000 00000000 00000000 00000000 00000000 00000000 234f50a7 0000001e a7c08c7e 00000011 00000000 00000000 00000000 00000000 00000201 00000100 00000000 00000000 00000000 00000000 00000000 00000000 00000000 00003333 00004ccd 00002667 00000001 00000000 03938700 000004f8
capture_snapshot GLI1 00010000 60000000 2500000 1061 0 60000000 0 0 0 0 0 0 0 8eee4088 00000011 a7c685d0 00000011 010902e4 00000000 010902e4 00000000 0000006a 00000000 00000000 00000000 18d84f6c 00000000 0109034e 00000000 00000000 00000000 00000000 00000039 008b3199 00000001 00000000 00000001 00000000 00000000 00000000 00000000 00000000 00000000 00000000 00000000 00000000 00000000 00000000 00000000 00000000 00000000 00000000 00000000 235945ae 0000001e a7c685f4 00000011 00000000 00000000 00000000 00000000 00000201 00000101 00000000 00000000 00000000 00000000 00000000 00000000 00000000 00003333 00004ccd 00002667 00000001 00000000 03938700 000004f8
capture_snapshot GLI1 00010000 60000000 2500000 1062 0 60000000 0 0 0 0 0 0 0 8eee4088 00000011 a7cc8510 00000011 010942dc 00000000 010942dc 00000000 0000006a 00000000 00000000 00000000 18de4eb7 00000000 01094346 00000000 00000000 00000000 00000000 00000039 008b3199 00000001 00000000 00000001 00000000 00000000 00000000 00000000 00000000 00000000 00000000 00000000 00000000 00000000 00000000 00000000 00000000 00000000 00000000 00000000 2363446d 0000001e a7cc853f 00000011 00000000 00000000 00000000 00000000 00000201 00000101 00000000 00000000 00000000 00000000 00000000 00000000 00000000 00003333 00004ccd 00002667 00000001 00000000 03938700 000004f8
capture_snapshot GLI1 00010000 60000000 2500000 1063 0 60000000 0 0 0 0 0 0 0 8eee4088 00000011 a7d28c60 00000011 0109832a 00000000 0109832a 00000000 0000006a 00000000 00000000 00000000 18e455f9 00000000 01098394 00000000 00000000 00000000 00000000 00000039 008b3199 00000001 00000000 00000001 00000000 00000000 00000000 00000000 00000000 00000000 00000000 00000000 00000000 00000000 00000000 00000000 00000000 00000000 00000000 00000000 236d5072 0000001e a7d28c81 00000011 00000000 00000000 00000000 00000000 00000201 00000101 00000000 00000000 00000000 00000000 00000000 00000000 00000000 00003333 00004ccd 00002667 00000001 00000000 03938700 000004f8
capture_snapshot GLI1 00010000 60000000 2500000 1064 0 60000000 0 0 0 0 0 0 0 8eee4088 00000011 a7d88960 00000011 0109c30a 00000000 0109c309 00000000 0000006a 00000000 00000000 00000000 18ea52f5 00000000 0109c374 00000000 00000000 00000000 00000000 0000003b 008b3199 00000001 00000001 00000001 00000000 00000000 00000000 00000000 00000000 00000000 00000000 00000000 00000000 00000000 00000000 00000000 00000000 00000000 00000000 00000000 23774b57 0000001e a7d8897d 00000011 00000000 00000000 00000000 00000000 00000202 00000100 00000000 00000000 00000000 00000000 00000000 00000000 00000000 00003333 00004ccd 00002667 00000001 00000000 03938700 000004f8
capture_snapshot GLI1 00010000 60000000 2500000 1065 0 60000000 0 0 0 0 0 0 0 8eee4088 00000011 a7de9e48 00000011 010a03e9 00000000 010a03e9 00000000 0000006a 00000000 00000000 00000000 18f067e8 00000000 010a0453 00000000 00000000 00000000 00000000 00000039 008b3199 00000001 00000000 00000001 00000000 00000000 00000000 00000000 00000000 00000000 00000000 00000000 00000000 00000000 00000000 00000000 00000000 00000000 00000000 00000000 23816e2e 0000001e a7de9e70 00000011 00000000 00000000 00000000 00000000 00000201 00000100 00000000 00000000 00000000 00000000 00000000 00000000 00000000 00003333 00004ccd 00002667 00000001 00000000 03938700 000004f8
capture_snapshot GLI1 00010000 60000000 2500000 1066 0 60000000 0 0 0 0 0 0 0 8eee4088 00000011 a7e49608 00000011 010a4391 00000000 010a4391 00000000 0000006a 00000000 00000000 00000000 18f65fac 00000000 010a43fb 00000000 00000000 00000000 00000000 00000039 008b3199 00000001 00000000 00000001 00000000 00000000 00000000 00000000 00000000 00000000 00000000 00000000 00000000 00000000 00000000 00000000 00000000 00000000 00000000 00000000 238b6061 0000001e a7e49634 00000011 00000000 00000000 00000000 00000000 00000201 00000101 00000000 00000000 00000000 00000000 00000000 00000000 00000000 00003333 00004ccd 00002667 00000001 00000000 03938700 000004f8
capture_snapshot GLI1 00010000 60000000 2500000 1067 0 60000000 0 0 0 0 0 0 0 8eee4088 00000011 a7eaae68 00000011 010a8495 00000000 010a8495 00000000 0000006a 00000000 00000000 00000000 18fc7804 00000000 010a84ff 00000000 00000000 00000000 00000000 00000039 008b3199 00000001 00000000 00000001 00000000 00000000 00000000 00000000 00000000 00000000 00000000 00000000 00000000 00000000 00000000 00000000 00000000 00000000 00000000 00000000 239588e0 0000001e a7eaae8c 00000011 00000000 00000000 00000000 00000000 00000201 00000101 00000000 00000000 00000000 00000000 00000000 00000000 00000000 00003333 00004ccd 00002667 00000001 00000000 03938700 000004f8
capture_snapshot GLI1 00010000 60000000 2500000 1068 0 60000000 0 0 0 0 0 0 0 8eee4088 00000011 a7f08ba0 00000011 010ac322 00000000 010ac322 00000000 0000006a 00000000 00000000 00000000 1902553e 00000000 010ac38c 00000000 00000000 00000000 00000000 00000039 008b3199 00000001 00000000 00000001 00000000 00000000 00000000 00000000 00000000 00000000 00000000 00000000 00000000 00000000 00000000 00000000 00000000 00000000 00000000 00000000 239f4ed8 0000001e a7f08bc6 00000011 00000000 00000000 00000000 00000000 00000201 00000100 00000000 00000000 00000000 00000000 00000000 00000000 00000000 00003333 00004ccd 00002667 00000001 00000000 03938700 000004f8
capture_snapshot GLI1 00010000 60000000 2500000 1069 0 60000000 0 0 0 0 0 0 0 8eee4088 00000011 a7f68b58 00000011 010b031f 00000000 010b031e 00000000 0000006a 00000000 00000000 00000000 190854ec 00000000 010b0389 00000000 00000000 00000000 00000000 0000003b 008b3199 00000001 00000001 00000001 00000000 00000000 00000000 00000000 00000000 00000000 00000000 00000000 00000000 00000000 00000000 00000000 00000000 00000000 00000000 00000000 23a94e3d 0000001e a7f68b74 00000011 00000000 00000000 00000000 00000000 00000201 00000101 00000000 00000000 00000000 00000000 00000000 00000000 00000000 00003333 00004ccd 00002667 00000001 00000000 03938700 000004f8
capture_snapshot GLI1 00010000 60000000 2500000 1070 0 60000000 0 0 0 0 0 0 0 8eee4088 00000011 a7fc8780 00000011 010b42f6 00000000 010b42f6 00000000 0000006a 00000000 00000000 00000000 190e5121 00000000 010b4360 00000000 00000000 00000000 00000000 00000039 008b3199 00000001 00000000 00000001 00000000 00000000 00000000 00000000 00000000 00000000 00000000 00000000 00000000 00000000 00000000 00000000 00000000 00000000 00000000 00000000 23b347d6 0000001e a7fc87a9 00000011 00000000 00000000 00000000 00000000 00000201 00000100 00000000 00000000 00000000 00000000 00000000 00000000 00000000 00003333 00004ccd 00002667 00000001 00000000 03938700 000004f8
capture_snapshot GLI1 00010000 60000000 2500000 1071 0 60000000 0 0 0 0 0 0 0 8eee4088 00000011 a80286d8 00000011 010b82ef 00000000 010b82ef 00000000 0000006a 00000000 00000000 00000000 19145080 00000000 010b8359 00000000 00000000 00000000 00000000 00000039 008b3199 00000001 00000000 00000001 00000000 00000000 00000000 00000000 00000000 00000000 00000000 00000000 00000000 00000000 00000000 00000000 00000000 00000000 00000000 00000000 23bd46b6 0000001e a8028708 00000011 00000000 00000000 00000000 00000000 00000202 00000100 00000000 00000000 00000000 00000000 00000000 00000000 00000000 00003333 00004ccd 00002667 00000001 00000000 03938700 000004f8
capture_snapshot GLI1 00010000 60000000 2500000 1072 0 60000000 0 0 0 0 0 0 0 8eee4088 00000011 a8089110 00000011 010bc35c 00000000 010bc35c 00000000 0000006a 00000000 00000000 00000000 191a5ab0 00000000 010bc3c6 00000000 00000000 00000000 00000000 00000039 008b3199 00000001 00000000 00000001 00000000 00000000 00000000 00000000 00000000 00000000 00000000 00000000 00000000 00000000 00000000 00000000 00000000 00000000 00000000 00000000 23c7579d 0000001e a8089138 00000011 00000000 00000000 00000000 00000000 00000202 00000100 00000000 00000000 00000000 00000000 00000000 00000000 00000000 00003333 00004ccd 00002667 00000001 00000000 03938700 000004f8
capture_snapshot GLI1 00010000 60000000 2500000 1073 0 60000000 0 0 0 0 0 0 0 8eee4088 00000011 a80e8a20 00000011 010c0312 00000000 010c0312 00000000 0000006a 00000000 00000000 00000000 192053c9 00000000 010c037c 00000000 00000000 00000000 00000000 00000039 008b3199 00000001 00000000 00000001 00000000 00000000 00000000 00000000 00000000 00000000 00000000 00000000 00000000 00000000 00000000 00000000 00000000 00000000 00000000 00000000 23d14c08 0000001e a80e8a51 00000011 00000000 00000000 00000000 00000000 00000201 00000101 00000000 00000000 00000000 00000000 00000000 00000000 00000000 00003333 00004ccd 00002667 00000001 00000000 03938700 000004f8
capture_snapshot GLI1 00010000 60000000 2500000 1074 0 60000000 0 0 0 0 0 0 0 8eee4088 00000011 a8148768 00000011 010c42f5 00000000 010c42f5 00000000 0000006a 00000000 00000000 00000000 19265101 00000000 010c435f 00000000 00000000 00000000 00000000 00000039 008b3199 00000001 00000000 00000001 00000000 00000000 00000000 00000000 00000000 00000000 00000000 00000000 00000000 00000000 00000000 00000000 00000000 00000000 00000000 00000000 23db4752 0000001e a8148789 00000011 00000000 00000000 00000000 00000000 00000201 00000101 00000000 00000000 00000000 00000000 00000000 00000000 00000000 00003333 00004ccd 00002667 00000001 00000000 03938700 000004f8
capture_snapshot GLI1 00010000 60000000 2500000 1075 0 60000000 0 0 0 0 0 0 0 8eee4088 00000011 a81a92a8 00000011 010c836d 00000000 010c836d 00000000 0000006a 00000000 00000000 00000000 192c5c3f 00000000 010c83d7 00000000 00000000 00000000 00000000 00000039 008b3199 00000001 00000000 00000001 00000000 00000000 00000000 00000000 00000000 00000000 00000000 00000000 00000000 00000000 00000000 00000000 00000000 00000000 00000000 00000000 23e559fb 0000001e a81a92c7 00000011 00000000 00000000 00000000 00000000 00000201 00000101 00000000 00000000 00000000 00000000 00000000 00000000 00000000 00003333 00004ccd 00002667 00000001 00000000 03938700 000004f8
capture_snapshot GLI1 00010000 60000000 2500000 1076 0 60000000 0 0 0 0 0 0 0 8eee4088 00000011 a8209c80 00000011 010cc3d6 00000000 010cc3d6 00000000 0000006a 00000000 00000000 00000000 19326620 00000000 010cc440 00000000 00000000 00000000 00000000 00000039 008b3199 00000001 00000000 00000001 00000000 00000000 00000000 00000000 00000000 00000000 00000000 00000000 00000000 00000000 00000000 00000000 00000000 00000000 00000000 00000000 23ef6a5f 0000001e a8209ca8 00000011 00000000 00000000 00000000 00000000 00000201 00000100 00000000 00000000 00000000 00000000 00000000 00000000 00000000 00003333 00004ccd 00002667 00000001 00000000 03938700 000004f8
capture_snapshot GLI1 00010000 60000000 2500000 1077 0 60000000 0 0 0 0 0 0 0 8eee4088 00000011 a826a088 00000011 010d0401 00000000 010d0400 00000000 0000006a 00000000 00000000 00000000 19386a1d 00000000 010d046b 00000000 00000000 00000000 00000000 0000003b 008b3199 00000001 00000001 00000001 00000000 00000000 00000000 00000000 00000000 00000000 00000000 00000000 00000000 00000000 00000000 00000000 00000000 00000000 00000000 00000000 23f970f1 0000001e a826a0a5 00000011 00000000 00000000 00000000 00000000 00000201 00000100 00000000 00000000 00000000 00000000 00000000 00000000 00000000 00003333 00004ccd 00002667 00000001 00000000 03938700 000004f8
capture_snapshot GLI1 00010000 60000000 2500000 1078 0 60000000 0 0 0 0 0 0 0 8eee4088 00000011 a82c8948 00000011 010d4309 00000000 010d4309 00000000 0000006a 00000000 00000000 00000000 193e52eb 00000000 010d4373 00000000 00000000 00000000 00000000 00000039 008b3199 00000001 00000000 00000001 00000000 00000000 00000000 00000000 00000000 00000000 00000000 00000000 00000000 00000000 00000000 00000000 00000000 00000000 00000000 00000000 24034a35 0000001e a82c8973 00000011 00000000 00000000 00000000 00000000 00000201 00000100 00000000 00000000 00000000 00000000 00000000 00000000 00000000 00003333 00004ccd 00002667 00000001 00000000 03938700 000004f8
capture_snapshot GLI1 00010000 60000000 2500000 1079 0 60000000 0 0 0 0 0 0 0 8eee4088 00000011 a8328738 00000011 010d82f3 00000000 010d82f3 00000000 0000006a 00000000 00000000 00000000 194450dd 00000000 010d835d 00000000 00000000 00000000 00000000 00000039 008b3199 00000001 00000000 00000001 00000000 00000000 00000000 00000000 00000000 00000000 00000000 00000000 00000000 00000000 00000000 00000000 00000000 00000000 00000000 00000000 240d46b5 0000001e a8328765 00000011 00000000 00000000 00000000 00000000 00000201 00000100 00000000 00000000 00000000 00000000 00000000 00000000 00000000 00003333 00004ccd 00002667 00000001 00000000 03938700 000004f8
capture_snapshot GLI1 00010000 60000000 2500000 1080 0 60000000 0 0 0 0 0 0 0 8eee4088 00000011 a8388750 00000011 010dc2f4 00000000 010dc2f4 00000000 0000006a 00000000 00000000 00000000 194a50ef 00000000 010dc35e 00000000 00000000 00000000 00000000 00000039 008b3199 00000001 00000000 00000001 00000000 00000000 00000000 00000000 00000000 00000000 00000000 00000000 00000000 00000000 00000000 00000000 00000000 00000000 00000000 00000000 241746bf 0000001e a8388777 00000011 00000000 00000000 00000000 00000000 00000202 00000101 00000000 00000000 00000000 00000000 00000000 00000000 00000000 00003333 00004ccd 00002667 00000001 00000000 03938700 000004f8
capture_snapshot GLI1 00010000 60000000 2500000 1081 0 60000000 0 0 0 0 0 0 0 8eee4088 00000011 a83e8dc8 00000011 010e0339 00000000 010e0339 00000000 0000006a 00000000 00000000 00000000 19505770 00000000 010e03a3 00000000 00000000 00000000 00000000 00000039 008b3199 00000001 00000000 00000001 00000000 00000000 00000000 00000000 00000000 00000000 00000000 00000000 00000000 00000000 00000000 00000000 00000000 00000000 00000000 00000000 24215183 0000001e a83e8df8 00000011 00000000 00000000 00000000 00000000 00000201 00000101 00000000 00000000 00000000 00000000 00000000 00000000 00000000 00003333 00004ccd 00002667 00000001 00000000 03938700 000004f8
capture_snapshot GLI1 00010000 60000000 2500000 1082 0 60000000 0 0 0 0 0 0 0 8eee4088 00000011 a8448a20 00000011 010e4312 00000000 010e4312 00000000 0000006a 00000000 00000000 00000000 195653be 00000000 010e437c 00000000 00000000 00000000 00000000 00000039 008b3199 00000001 00000000 00000001 00000000 00000000 00000000 00000000 00000000 00000000 00000000 00000000 00000000 00000000 00000000 00000000 00000000 00000000 00000000 00000000 242b4b47 0000001e a8448a46 00000011 00000000 00000000 00000000 00000000 00000201 00000101 00000000 00000000 00000000 00000000 00000000 00000000 00000000 00003333 00004ccd 00002667 00000001 00000000 03938700 000004f8
capture_snapshot GLI1 00010000 60000000 2500000 1083 0 60000000 0 0 0 0 0 0 0 8eee4088 00000011 a84a83d8 00000011 010e82cf 00000000 010e82cf 00000000 0000006a 00000000 00000000 00000000 195c4d84 00000000 010e8339 00000000 00000000 00000000 00000000 00000039 008b3199 00000001 00000000 00000001 00000000 00000000 00000000 00000000 00000000 00000000 00000000 00000000 00000000 00000000 00000000 00000000 00000000 00000000 00000000 00000000 243540d3 0000001e a84a840c 00000011 00000000 00000000 00000000 00000000 00000201 00000101 00000000 00000000 00000000 00000000 00000000 00000000 00000000 00003333 00004ccd 00002667 00000001 00000000 03938700 000004f8
capture_snapshot GLI1 00010000 60000000 2500000 1084 0 60000000 0 0 0 0 0 0 0 8eee4088 00000011 a8508438 00000011 010ec2d3 00000000 010ec2d3 00000000 0000006a 00000000 00000000 00000000 19624dd0 00000000 010ec33d 00000000 00000000 00000000 00000000 00000039 008b3199 00000001 00000000 00000001 00000000 00000000 00000000 00000000 00000000 00000000 00000000 00000000 00000000 00000000 00000000 00000000 00000000 00000000 00000000 00000000 243f413e 0000001e a8508458 00000011 00000000 00000000 00000000 00000000 00000201 00000101 00000000 00000000 00000000 00000000 00000000 00000000 00000000 00003333 00004ccd 00002667 00000001 00000000 03938700 000004f8
capture_snapshot GLI1 00010000 60000000 2500000 1085 0 60000000 0 0 0 0 0 0 0 8eee4088 00000011 a85697d0 00000011 010f03a4 00000000 010f03a4 00000000 0000006a 00000000 00000000 00000000 19686177 00000000 010f040e 00000000 00000000 00000000 00000000 00000039 008b3199 00000001 00000000 00000001 00000000 00000000 00000000 00000000 00000000 00000000 00000000 00000000 00000000 00000000 00000000 00000000 00000000 00000000 00000000 00000000 244961ea 0000001e a85697ff 00000011 00000000 00000000 00000000 00000000 00000201 00000101 00000000 00000000 00000000 00000000 00000000 00000000 00000000 00003333 00004ccd 00002667 00000001 00000000 03938700 000004f8
capture_snapshot GLI1 00010000 60000000 2500000 1086 0 60000000 0 0 0 0 0 0 0 8eee4088 00000011 a85ca268 00000011 010f4415 00000000 010f4415 00000000 0000006a 00000000 00000000 00000000 196e6c0e 00000000 010f447f 00000000 00000000 00000000 00000000 00000039 008b3199 00000001 00000000 00000001 00000000 00000000 00000000 00000000 00000000 00000000 00000000 00000000 00000000 00000000 00000000 00000000 00000000 00000000 00000000 00000000 2453737e 0000001e a85ca296 00000011 00000000 00000000 00000000 00000000 00000201 00000101 00000000 00000000 00000000 00000000 00000000 00000000 00000000 00003333 00004ccd 00002667 00000001 00000000 03938700 000004f8
capture_snapshot GLI1 00010000 60000000 2500000 1087 0 60000000 0 0 0 0 0 0 0 8eee4088 00000011 a86289f0 00000011 010f8310 00000000 010f8310 00000000 0000006a 00000000 00000000 00000000 19745391 00000000 010f837a 00000000 00000000 00000000 00000000 00000039 008b3199 00000001 00000000 00000001 00000000 00000000 00000000 00000000 00000000 00000000 00000000 00000000 00000000 00000000 00000000 00000000 00000000 00000000 00000000 00000000 245d4a99 0000001e a8628a19 00000011 00000000 00000000 00000000 00000000 00000201 00000101 00000000 00000000 00000000 00000000 00000000 00000000 00000000 00003333 00004ccd 00002667 00000001 00000000 03938700 000004f8
capture_snapshot GLI1 00010000 60000000 2500000 1088 0 60000000 0 0 0 0 0 0 0 8eee4088 00000011 a8688630 00000011 010fc2e8 00000000 010fc2e8 00000000 0000006a 00000000 00000000 00000000 197a4fda 00000000 010fc352 00000000 00000000 00000000 00000000 00000039 008b3199 00000001 00000000 00000001 00000000 00000000 00000000 00000000 00000000 00000000 00000000 00000000 00000000 00000000 00000000 00000000 00000000 00000000 00000000 00000000 24674455 0000001e a8688662 00000011 00000000 00000000 00000000 00000000 00000202 00000100 00000000 00000000 00000000 00000000 00000000 00000000 00000000 00003333 00004ccd 00002667 00000001 00000000 03938700 000004f8
capture_snapshot GLI1 00010000 60000000 2500000 1089 0 60000000 0 0 0 0 0 0 0 8eee4088 00000011 a86e86c0 00000011 011002ee 00000000 011002ee 00000000 0000006a 00000000 00000000 00000000 1980505a 00000000 01100358 00000000 00000000 00000000 00000000 00000039 008b3199 00000001 00000000 00000001 00000000 00000000 00000000 00000000 00000000 00000000 00000000 00000000 00000000 00000000 00000000 00000000 00000000 00000000 00000000 00000000 24714517 0000001e a86e86e2 00000011 00000000 00000000 00000000 00000000 00000202 00000100 00000000 00000000 00000000 00000000 00000000 00000000 00000000 00003333 00004ccd 00002667 00000001 00000000 03938700 000004f8
capture_snapshot GLI1 00010000 60000000 2500000 1090 0 60000000 0 0 0 0 0 0 0 8eee4088 00000011 a8748b10 00000011 0110431c 00000000 0110431c 00000000 0000006a 00000000 00000000 00000000 198654ab 00000000 01104386 00000000 00000000 00000000 00000000 00000039 008b3199 00000001 00000000 00000001 00000000 00000000 00000000 00000000 00000000 00000000 00000000 00000000 00000000 00000000 00000000 00000000 00000000 00000000 00000000 00000000 247b4c36 0000001e a8748b33 00000011 00000000 00000000 00000000 00000000 00000201 00000101 00000000 00000000 00000000 00000000 00000000 00000000 00000000 00003333 00004ccd 00002667 00000001 00000000 03938700 000004f8
capture_snapshot GLI1 00010000 60000000 2500000 1091 0 60000000 0 0 0 0 0 0 0 8eee4088 00000011 a87a89d8 00000011 0110830f 00000000 0110830f 00000000 0000006a 00000000 00000000 00000000 198c5371 00000000 01108379 00000000 00000000 00000000 00000000 00000039 008b3199 00000001 00000000 00000001 00000000 00000000 00000000 00000000 00000000 00000000 00000000 00000000 00000000 00000000 00000000 00000000 00000000 00000000 00000000 00000000 24854a16 0000001e a87a89f9 00000011 00000000 00000000 00000000 00000000 00000202 00000101 00000000 00000000 00000000 00000000 00000000 00000000 00000000 00003333 00004ccd 00002667 00000001 00000000 03938700 000004f8
capture_snapshot GLI1 00010000 60000000 2500000 1092 0 60000000 0 0 0 0 0 0 0 8eee4088 00000011 a8808828 00000011 0110c2fd 00000000 0110c2fd 00000000 0000006a 00000000 00000000 00000000 199251cb 00000000 0110c367 00000000 00000000 00000000 00000000 00000039 008b3199 00000001 00000000 00000001 00000000 00000000 00000000 00000000 00000000 00000000 00000000 00000000 00000000 00000000 00000000 00000000 00000000 00000000 00000000 00000000 248f4743 0000001e a8808853 00000011 00000000 00000000 00000000 00000000 00000201 00000101 00000000 00000000 00000000 00000000 00000000 00000000 00000000 00003333 00004ccd 00002667 00000001 00000000 03938700 000004f8
capture_snapshot GLI1 00010000 60000000 2500000 1093 0 60000000 0 0 0 0 0 0 0 8eee4088 00000011 a8868510 00000011 011102dc 00000000 011102dc 00000000 0000006a 00000000 00000000 00000000 19984eb8 00000000 01110346 00000000 00000000 00000000 00000000 00000039 008b3199 00000001 00000000 00000001 00000000 00000000 00000000 00000000 00000000 00000000 00000000 00000000 00000000 00000000 00000000 00000000 00000000 00000000 00000000 00000000 24994210 0000001e a8868540 00000011 00000000 00000000 00000000 00000000 00000202 00000100 00000000 00000000 00000000 00000000 00000000 00000000 00000000 00003333 00004ccd 00002667 00000001 00000000 03938700 000004f8
capture_snapshot GLI1 00010000 60000000 2500000 1094 0 60000000 0 0 0 0 0 0 0 8eee4088 00000011 a88c9500 00000011 01114386 00000000 01114386 00000000 0000006a 00000000 00000000 00000000 199e5eaa 00000000 011143f0 00000000 00000000 00000000 00000000 00000039 008b3199 00000001 00000000 00000001 00000000 00000000 00000000 00000000 00000000 00000000 00000000 00000000 00000000 00000000 00000000 00000000 00000000 00000000 00000000 00000000 24a35c90 0000001e a88c9532 00000011 00000000 00000000 00000000 00000000 00000201 00000100 00000000 00000000 00000000 00000000 00000000 00000000 00000000 00003333 00004ccd 00002667 00000001 00000000 03938700 000004f8
capture_snapshot GLI1 00010000 60000000 2500000 1095 0 60000000 0 0 0 0 0 0 0 8eee4088 00000011 a8929dd0 00000011 011183e4 00000000 011183e4 00000000 0000006a 00000000 00000000 00000000 19a4676c 00000000 0111844e 00000000 00000000 00000000 00000000 00000039 008b3199 00000001 00000000 00000001 00000000 00000000 00000000 00000000 00000000 00000000 00000000 00000000 00000000 00000000 00000000 00000000 00000000 00000000 00000000 00000000 24ad6b15 0000001e a8929df4 00000011 00000000 00000000 00000000 00000000 00000201 00000101 00000000 00000000 00000000 00000000 00000000 00000000 00000000 00003333 00004ccd 00002667 00000001 00000000 03938700 000004f8
capture_snapshot GLI1 00010000 60000000 2500000 1096 0 60000000 0 0 0 0 0 0 0 8eee4088 00000011 a898b570 00000011 0111c4e0 00000000 0111c4e0 00000000 0000006a 00000000 00000000 00000000 19aa7f17 00000000 0111c54a 00000000 00000000 00000000 00000000 00000039 008b3199 00000001 00000000 00000001 00000000 00000000 00000000 00000000 00000000 00000000 00000000 00000000 00000000 00000000 00000000 00000000 00000000 00000000 00000000 00000000 24b79273 0000001e a898b59f 00000011 00000000 00000000 00000000 00000000 00000201 00000101 00000000 00000000 00000000 00000000 00000000 00000000 00000000 00003333 00004ccd 00002667 00000001 00000000 03938700 000004f8
capture_snapshot GLI1 00010000 60000000 2500000 1097 0 60000000 0 0 0 0 0 0 0 8eee4088 00000011 a89e8798 00000011 011202f7 00000000 011202f7 00000000 0000006a 00000000 00000000 00000000 19b0513d 00000000 01120361 00000000 00000000 00000000 00000000 00000039 008b3199 00000001 00000000 00000001 00000000 00000000 00000000 00000000 00000000 00000000 00000000 00000000 00000000 00000000 00000000 00000000 00000000 00000000 00000000 00000000 24c145f5 0000001e a89e87c5 00000011 00000000 00000000 00000000 00000000 00000202 00000100 00000000 00000000 00000000 00000000 00000000 00000000 00000000 00003333 00004ccd 00002667 00000001 00000000 03938700 000004f8
capture_snapshot GLI1 00010000 60000000 2500000 1098 0 60000000 0 0 0 0 0 0 0 8eee4088 00000011 a8a48630 00000011 011242e8 00000000 011242e8 00000000 0000006a 00000000 00000000 00000000 19b64fcf 00000000 01124352 00000000 00000000 00000000 00000000 00000039 008b3199 00000001 00000000 00000001 00000000 00000000 00000000 00000000 00000000 00000000 00000000 00000000 00000000 00000000 00000000 00000000 00000000 00000000 00000000 00000000 24cb4380 0000001e a8a48657 00000011 00000000 00000000 00000000 00000000 00000201 00000101 00000000 00000000 00000000 00000000 00000000 00000000 00000000 00003333 00004ccd 00002667 00000001 00000000 03938700 000004f8
capture_snapshot GLI1 00010000 60000000 2500000 1099 0 60000000 0 0 0 0 0 0 0 8eee4088 00000011 a8aa8b70 00000011 01128320 00000000 01128320 00000000 0000006a 00000000 00000000 00000000 19bc5516 00000000 0112838a 00000000 00000000 00000000 00000000 00000039 008b3199 00000001 00000000 00000001 00000000 00000000 00000000 00000000 00000000 00000000 00000000 00000000 00000000 00000000 00000000 00000000 00000000 00000000 00000000 00000000 24d54c38 0000001e a8aa8b9e 00000011 00000000 00000000 00000000 00000000 00000201 00000101 00000000 00000000 00000000 00000000 00000000 00000000 00000000 00003333 00004ccd 00002667 00000001 00000000 03938700 000004f8
capture_snapshot GLI1 00010000 60000000 2500000 1100 0 60000000 0 0 0 0 0 0 0 8eee4088 00000011 a8b08978 00000011 0112c30b 00000000 0112c30b 00000000 0000006a 00000000 00000000 00000000 19c25321 00000000 0112c375 00000000 00000000 00000000 00000000 00000039 008b3199 00000001 00000000 00000001 00000000 00000000 00000000 00000000 00000000 00000000 00000000 00000000 00000000 00000000 00000000 00000000 00000000 00000000 00000000 00000000 24df48e2 0000001e a8b089a9 00000011 00000000 00000000 00000000 00000000 00000201 00000101 00000000 00000000 00000000 00000000 00000000 00000000 00000000 00003333 00004ccd 00002667 00000001 00000000 03938700 000004f8
capture_snapshot GLI1 00010000 60000000 2500000 1101 0 60000000 0 0 0 0 0 0 0 8eee4088 00000011 a8b68660 00000011 011302ea 00000000 011302ea 00000000 0000006a 00000000 00000000 00000000 19c85009 00000000 01130354 00000000 00000000 00000000 00000000 00000039 008b3199 00000001 00000000 00000001 00000000 00000000 00000000 00000000 00000000 00000000 00000000 00000000 00000000 00000000 00000000 00000000 00000000 00000000 00000000 00000000 24e943a5 0000001e a8b68691 00000011 00000000 00000000 00000000 00000000 00000201 00000101 00000000 00000000 00000000 00000000 00000000 00000000 00000000 00003333 00004ccd 00002667 00000001 00000000 03938700 000004f8
capture_snapshot GLI1 00010000 60000000 2500000 1102 0 60000000 0 0 0 0 0 0 0 8eee4088 00000011 a8bc8570 00000011 011342e0 00000000 011342e0 00000000 0000006a 00000000 00000000 00000000 19ce4f19 00000000 0113434a 00000000 00000000 00000000 00000000 00000039 008b3199 00000001 00000000 00000001 00000000 00000000 00000000 00000000 00000000 00000000 00000000 00000000 00000000 00000000 00000000 00000000 00000000 00000000 00000000 00000000 24f34203 0000001e a8bc85a1 00000011 00000000 00000000 00000000 00000000 00000201 00000101 00000000 00000000 00000000 00000000 00000000 00000000 00000000 00003333 00004ccd 00002667 00000001 00000000 03938700 000004f8
capture_snapshot GLI1 00010000 60000000 2500000 1103 0 60000000 0 0 0 0 0 0 0 8eee4088 00000011 a8c28888 00000011 01138301 00000000 01138301 00000000 0000006a 00000000 00000000 00000000 19d45221 00000000 0113836b 00000000 00000000 00000000 00000000 00000039 008b3199 00000001 00000000 00000001 00000000 00000000 00000000 00000000 00000000 00000000 00000000 00000000 00000000 00000000 00000000 00000000 00000000 00000000 00000000 00000000 24fd46fb 0000001e a8c288a9 00000011 00000000 00000000 00000000 00000000 00000201 00000101 00000000 00000000 00000000 00000000 00000000 00000000 00000000 00003333 00004ccd 00002667 00000001 00000000 03938700 000004f8
capture_snapshot GLI1 00010000 60000000 2500000 1104 0 60000000 0 0 0 0 0 0 0 8eee4088 00000011 a8c898d8 00000011 0113c3af 00000000 0113c3af 00000000 0000006a 00000000 00000000 00000000 19da6283 00000000 0113c419 00000000 00000000 00000000 00000000 00000039 008b3199 00000001 00000000 00000001 00000000 00000000 00000000 00000000 00000000 00000000 00000000 00000000 00000000 00000000 00000000 00000000 00000000 00000000 00000000 00000000 25076237 0000001e a8c8990b 00000011 00000000 00000000 00000000 00000000 00000201 00000101 00000000 00000000 00000000 00000000 00000000 00000000 00000000 00003333 00004ccd 00002667 00000001 00000000 03938700 000004f8
capture_snapshot GLI1 00010000 60000000 2500000 1105 0 60000000 0 0 0 0 0 0 0 8eee4088 00000011 a8ce9e30 00000011 011403e8 00000000 011403e8 00000000 0000006a 00000000 00000000 00000000 19e067cd 00000000 01140452 00000000 00000000 00000000 00000000 00000039 008b3199 00000001 00000000 00000001 00000000 00000000 00000000 00000000 00000000 00000000 00000000 00000000 00000000 00000000 00000000 00000000 00000000 00000000 00000000 00000000 25116af3 0000001e a8ce9e55 00000011 00000000 00000000 00000000 00000000 00000202 00000100 00000000 00000000 00000000 00000000 00000000 00000000 00000000 00003333 00004ccd 00002667 00000001 00000000 03938700 000004f8
capture_snapshot GLI1 00010000 60000000 2500000 1106 0 60000000 0 0 0 0 0 0 0 8eee4088 00000011 a8d49a10 00000011 011443bc 00000000 011443bc 00000000 0000006a 00000000 00000000 00000000 19e663b1 00000000 01144426 00000000 00000000 00000000 00000000 00000039 008b3199 00000001 00000000 00000001 00000000 00000000 00000000 00000000 00000000 00000000 00000000 00000000 00000000 00000000 00000000 00000000 00000000 00000000 00000000 00000000 251b6407 0000001e a8d49a39 00000011 00000000 00000000 00000000 00000000 00000201 00000101 00000000 00000000 00000000 00000000 00000000 00000000 00000000 00003333 00004ccd 00002667 00000001 00000000 03938700 000004f8
capture_snapshot GLI1 00010000 60000000 2500000 1107 0 60000000 0 0 0 0 0 0 0 8eee4088 00000011 a8da8600 00000011 011482e6 00000000 011482e6 00000000 0000006a 00000000 00000000 00000000 19ec4f9d 00000000 01148350 00000000 00000000 00000000 00000000 00000039 008b3199 00000001 00000000 00000001 00000000 00000000 00000000 00000000 00000000 00000000 00000000 00000000 00000000 00000000 00000000 00000000 00000000 00000000 00000000 00000000 2525427d 0000001e a8da8625 00000011 00000000 00000000 00000000 00000000 00000201 00000101 00000000 00000000 00000000 00000000 00000000 00000000 00000000 00003333 00004ccd 00002667 00000001 00000000 03938700 000004f8
capture_snapshot GLI1 00010000 60000000 2500000 1108 0 60000000 0 0 0 0 0 0 0 8eee4088 00000011 a8e09218 00000011 0114c367 00000000 0114c367 00000000 0000006a 00000000 00000000 00000000 19f25bc3 00000000 0114c3d1 00000000 00000000 00000000 00000000 00000039 008b3199 00000001 00000000 00000001 00000000 00000000 00000000 00000000 00000000 00000000 00000000 00000000 00000000 00000000 00000000 00000000 00000000 00000000 00000000 00000000 252f56a8 0000001e a8e0924b 00000011 00000000 00000000 00000000 00000000 00000201 00000100 00000000 00000000 00000000 00000000 00000000 00000000 00000000 00003333 00004ccd 00002667 00000001 00000000 03938700 000004f8
capture_snapshot GLI1 00010000 60000000 2500000 1109 0 60000000 0 0 0 0 0 0 0 8eee4088 00000011 a8e68af8 00000011 0115031b 00000000 0115031b 00000000 0000006a 00000000 00000000 00000000 19f8549b 00000000 01150385 00000000 00000000 00000000 00000000 00000039 008b3199 00000001 00000000 00000001 00000000 00000000 00000000 00000000 00000000 00000000 00000000 00000000 00000000 00000000 00000000 00000000 00000000 00000000 00000000 00000000 25394aa8 0000001e a8e68b23 00000011 00000000 00000000 00000000 00000000 00000201 00000101 00000000 00000000 00000000 00000000 00000000 00000000 00000000 00003333 00004ccd 00002667 00000001 00000000 03938700 000004f8
capture_snapshot GLI1 00010000 60000000 2500000 1110 0 60000000 0 0 0 0 0 0 0 8eee4088 00000011 a8ec8708 00000011 011542f1 00000000 011542f1 00000000 0000006a 00000000 00000000 00000000 19fe50a9 00000000 0115435b 00000000 00000000 00000000 00000000 00000039 008b3199 00000001 00000000 00000001 00000000 00000000 00000000 00000000 00000000 00000000 00000000 00000000 00000000 00000000 00000000 00000000 00000000 00000000 00000000 00000000 25434401 0000001e a8ec8731 00000011 00000000 00000000 00000000 00000000 00000201 00000101 00000000 00000000 00000000 00000000 00000000 00000000 00000000 00003333 00004ccd 00002667 00000001 00000000 03938700 000004f8
capture_snapshot GLI1 00010000 60000000 2500000 1111 0 60000000 0 0 0 0 0 0 0 8eee4088 00000011 a8f28600 00000011 011582e6 00000000 011582e6 00000000 0000006a 00000000 00000000 00000000 1a044fa3 00000000 01158350 00000000 00000000 00000000 00000000 00000039 008b3199 00000001 00000000 00000001 00000000 00000000 00000000 00000000 00000000 00000000 00000000 00000000 00000000 00000000 00000000 00000000 00000000 00000000 00000000 00000000 254d4239 0000001e a8f2862b 00000011 00000000 00000000 00000000 00000000 00000201 00000101 00000000 00000000 00000000 00000000 00000000 00000000 00000000 00003333 00004ccd 00002667 00000001 00000000 03938700 000004f8
capture_snapshot GLI1 00010000 60000000 2500000 1112 0 60000000 0 0 0 0 0 0 0 8eee4088 00000011 a8f887c8 00000011 0115c2f9 00000000 0115c2f9 00000000 0000006a 00000000 00000000 00000000 1a0a5167 00000000 0115c363 00000000 00000000 00000000 00000000 00000039 008b3199 00000001 00000000 00000001 00000000 00000000 00000000 00000000 00000000 00000000 00000000 00000000 00000000 00000000 00000000 00000000 00000000 00000000 00000000 00000000 25574517 0000001e a8f887ef 00000011 00000000 00000000 00000000 00000000 00000201 00000101 00000000 00000000 00000000 00000000 00000000 00000000 00000000 00003333 00004ccd 00002667 00000001 00000000 03938700 000004f8
capture_snapshot GLI1 00010000 60000000 2500000 1113 0 60000000 0 0 0 0 0 0 0 8eee4088 00000011 a8fe87c8 00000011 011602f9 00000000 011602f9 00000000 0000006a 00000000 00000000 00000000 1a105162 00000000 01160363 00000000 00000000 00000000 00000000 00000039 008b3199 00000001 00000000 00000001 00000000 00000000 00000000 00000000 00000000 00000000 00000000 00000000 00000000 00000000 00000000 00000000 00000000 00000000 00000000 00000000 256144fa 0000001e a8fe87ea 00000011 00000000 00000000 00000000 00000000 00000202 00000100 00000000 00000000 00000000 00000000 00000000 00000000 00000000 00003333 00004ccd 00002667 00000001 00000000 03938700 000004f8
capture_snapshot GLI1 00010000 60000000 2500000 1114 0 60000000 0 0 0 0 0 0 0 8eee4088 00000011 a90491a0 00000011 01164362 00000000 01164362 00000000 0000006a 00000000 00000000 00000000 1a165b44 00000000 011643cc 00000000 00000000 00000000 00000000 00000039 008b3199 00000001 00000000 00000001 00000000 00000000 00000000 00000000 00000000 00000000 00000000 00000000 00000000 00000000 00000000 00000000 00000000 00000000 00000000 00000000 256b555f 0000001e a90491cc 00000011 00000000 00000000 00000000 00000000 00000202 00000101 00000000 00000000 00000000 00000000 00000000 00000000 00000000 00003333 00004ccd 00002667 00000001 00000000 03938700 000004f8
capture_snapshot GLI1 00010000 60000000 2500000 1115 0 60000000 0 0 0 0 0 0 0 8eee4088 00000011 a90a9710 00000011 0116839c 00000000 0116839c 00000000 0000006a 00000000 00000000 00000000 1a1c60a6 00000000 01168406 00000000 00000000 00000000 00000000 00000039 008b3199 00000001 00000000 00000001 00000000 00000000 00000000 00000000 00000000 00000000 00000000 00000000 00000000 00000000 00000000 00000000 00000000 00000000 00000000 00000000 25755e44 0000001e a90a972e 00000011 00000000 00000000 00000000 00000000 00000202 00000101 00000000 00000000 00000000 00000000 00000000 00000000 00000000 00003333 00004ccd 00002667 00000001 00000000 03938700 000004f8
capture_snapshot GLI1 00010000 60000000 2500000 1116 0 60000000 0 0 0 0 0 0 0 8eee4088 00000011 a91084e0 00000011 0116c2da 00000000 0116c2da 00000000 0000006a 00000000 00000000 00000000 1a224e80 00000000 0116c344 00000000 00000000 00000000 00000000 00000039 008b3199 00000001 00000000 00000001 00000000 00000000 00000000 00000000 00000000 00000000 00000000 00000000 00000000 00000000 00000000 00000000 00000000 00000000 00000000 00000000 257f3ff2 0000001e a9108508 00000011 00000000 00000000 00000000 00000000 00000201 00000101 00000000 00000000 00000000 00000000 00000000 00000000 00000000 00003333 00004ccd 00002667 00000001 00000000 03938700 000004f8
capture_snapshot GLI1 00010000 60000000 2500000 1117 0 60000000 0 0 0 0 0 0 0 8eee4088 00000011 a91691a0 00000011 01170362 00000000 01170362 00000000 0000006a 00000000 00000000 00000000 1a285b43 00000000 011703cc 00000000 00000000 00000000 00000000 00000039 008b3199 00000001 00000000 00000001 00000000 00000000 00000000 00000000 00000000 00000000 00000000 00000000 00000000 00000000 00000000 00000000 00000000 00000000 00000000 00000000 25895523 0000001e a91691cb 00000011 00000000 00000000 00000000 00000000 00000201 00000100 00000000 00000000 00000000 00000000 00000000 00000000 00000000 00003333 00004ccd 00002667 00000001 00000000 03938700 000004f8
capture_snapshot GLI1 00010000 60000000 2500000 1118 0 60000000 0 0 0 0 0 0 0 8eee4088 00000011 a91c8be8 00000011 01174325 00000000 01174325 00000000 0000006a 00000000 00000000 00000000 1a2e5593 00000000 0117438f 00000000 00000000 00000000 00000000 00000039 008b3199 00000001 00000000 00000001 00000000 00000000 00000000 00000000 00000000 00000000 00000000 00000000 00000000 00000000 00000000 00000000 00000000 00000000 00000000 00000000 25934b95 0000001e a91c8c1b 00000011 00000000 00000000 00000000 00000000 00000201 00000100 00000000 00000000 00000000 00000000 00000000 00000000 00000000 00003333 00004ccd 00002667 00000001 00000000 03938700 000004f8
capture_snapshot GLI1 00010000 60000000 2500000 1119 0 60000000 0 0 0 0 0 0 0 8eee4088 00000011 a9228348 00000011 011782c9 00000000 011782c9 00000000 0000006a 00000000 00000000 00000000 1a344cde 00000000 01178333 00000000 00000000 00000000 00000000 00000039 008b3199 00000001 00000000 00000001 00000000 00000000 00000000 00000000 00000000 00000000 00000000 00000000 00000000 00000000 00000000 00000000 00000000 00000000 00000000 00000000 259d3cff 0000001e a9228366 00000011 00000000 00000000 00000000 00000000 00000201 00000101 00000000 00000000 00000000 00000000 00000000 00000000 00000000 00003333 00004ccd 00002667 00000001 00000000 03938700 000004f8
capture_snapshot GLI1 00010000 60000000 2500000 1120 0 60000000 0 0 0 0 0 0 0 8eee4088 00000011 a9288648 00000011 0117c2e9 00000000 0117c2e9 00000000 0000006a 00000000 00000000 00000000 1a3a4fef 00000000 0117c353 00000000 00000000 00000000 00000000 00000039 008b3199 00000001 00000000 00000001 00000000 00000000 00000000 00000000 00000000 00000000 00000000 00000000 00000000 00000000 00000000 00000000 00000000 00000000 00000000 00000000 25a74208 0000001e a9288677 00000011 00000000 00000000 00000000 00000000 00000201 00000101 00000000 00000000 00000000 00000000 00000000 00000000 00000000 00003333 00004ccd 00002667 00000001 00000000 03938700 000004f8
capture_snapshot GLI1 00010000 60000000 2500000 1121 0 60000000 0 0 0 0 0 0 0 8eee4088 00000011 a92e8750 00000011 011802f4 00000000 011802f4 00000000 0000006a 00000000 00000000 00000000 1a4050ef 00000000 0118035e 00000000 00000000 00000000 00000000 00000039 008b3199 00000001 00000000 00000001 00000000 00000000 00000000 00000000 00000000 00000000 00000000 00000000 00000000 00000000 00000000 00000000 00000000 00000000 00000000 00000000 25b1439f 0000001e a92e8777 00000011 00000000 00000000 00000000 00000000 00000201 00000101 00000000 00000000 00000000 00000000 00000000 00000000 00000000 00003333 00004ccd 00002667 00000001 00000000 03938700 000004f8
capture_snapshot GLI1 00010000 60000000 2500000 1122 0 60000000 0 0 0 0 0 0 0 8eee4088 00000011 a93487c8 00000011 011842f9 00000000 011842f9 00000000 0000006a 00000000 00000000 00000000 1a465168 00000000 01184363 00000000 00000000 00000000 00000000 00000039 008b3199 00000001 00000000 00000001 00000000 00000000 00000000 00000000 00000000 00000000 00000000 00000000 00000000 00000000 00000000 00000000 00000000 00000000 00000000 00000000 25bb4454 0000001e a93487f0 00000011 00000000 00000000 00000000 00000000 00000202 00000100 00000000 00000000 00000000 00000000 00000000 00000000 00000000 00003333 00004ccd 00002667 00000001 00000000 03938700 000004f8
capture_snapshot GLI1 00010000 60000000 2500000 1123 0 60000000 0 0 0 0 0 0 0 8eee4088 00000011 a93a8a50 00000011 01188314 00000000 01188314 00000000 0000006a 00000000 00000000 00000000 1a4c53f6 00000000 0118837e 00000000 00000000 00000000 00000000 00000039 008b3199 00000001 00000000 00000001 00000000 00000000 00000000 00000000 00000000 00000000 00000000 00000000 00000000 00000000 00000000 00000000 00000000 00000000 00000000 00000000 25c54883 0000001e a93a8a7e 00000011 00000000 00000000 00000000 00000000 00000201 00000100 00000000 00000000 00000000 00000000 00000000 00000000 00000000 00003333 00004ccd 00002667 00000001 00000000 03938700 000004f8
capture_snapshot GLI1 00010000 60000000 2500000 1124 0 60000000 0 0 0 0 0 0 0 8eee4088 00000011 a9409650 00000011 0118c394 00000000 0118c394 00000000 0000006a 00000000 00000000 00000000 1a525ff2 00000000 0118c3fe 00000000 00000000 00000000 00000000 00000039 008b3199 00000001 00000000 00000001 00000000 00000000 00000000 00000000 00000000 00000000 00000000 00000000 00000000 00000000 00000000 00000000 00000000 00000000 00000000 00000000 25cf5c68 0000001e a940967a 00000011 00000000 00000000 00000000 00000000 00000202 00000100 00000000 00000000 00000000 00000000 00000000 00000000 00000000 00003333 00004ccd 00002667 00000001 00000000 03938700 000004f8
capture_snapshot GLI1 00010000 60000000 2500000 1125 0 60000000 0 0 0 0 0 0 0 8eee4088 00000011 a946aac0 00000011 0119046e 00000000 0119046e 00000000 0000006a 00000000 00000000 00000000 1a58745c 00000000 011904d8 00000000 00000000 00000000 00000000 00000039 008b3199 00000001 00000000 00000001 00000000 00000000 00000000 00000000 00000000 00000000 00000000 00000000 00000000 00000000 00000000 00000000 00000000 00000000 00000000 00000000 25d97e5b 0000001e a946aae4 00000011 00000000 00000000 00000000 00000000 00000201 00000101 00000000 00000000 00000000 00000000 00000000 00000000 00000000 00003333 00004ccd 00002667 00000001 00000000 03938700 000004f8
capture_snapshot GLI1 00010000 60000000 2500000 1126 0 60000000 0 0 0 0 0 0 0 8eee4088 00000011 a94ca9a0 00000011 01194462 00000000 01194462 00000000 0000006a 00000000 00000000 00000000 1a5e734c 00000000 011944cc 00000000 00000000 00000000 00000000 00000039 008b3199 00000001 00000000 00000001 00000000 00000000 00000000 00000000 00000000 00000000 00000000 00000000 00000000 00000000 00000000 00000000 00000000 00000000 00000000 00000000 25e37c81 0000001e a94ca9d4 00000011 00000000 00000000 00000000 00000000 00000201 00000101 00000000 00000000 00000000 00000000 00000000 00000000 00000000 00003333 00004ccd 00002667 00000001 00000000 03938700 000004f8
capture_snapshot GLI1 00010000 60000000 2500000 1127 0 60000000 0 0 0 0 0 0 0 8eee4088 00000011 a9528ba0 00000011 01198322 00000000 01198322 00000000 0000006a 00000000 00000000 00000000 1a645540 00000000 0119838c 00000000 00000000 00000000 00000000 00000039 008b3199 00000001 00000000 00000001 00000000 00000000 00000000 00000000 00000000 00000000 00000000 00000000 00000000 00000000 00000000 00000000 00000000 00000000 00000000 00000000 25ed4a5b 0000001e a9528bc8 00000011 00000000 00000000 00000000 00000000 00000201 00000101 00000000 00000000 00000000 00000000 00000000 00000000 00000000 00003333 00004ccd 00002667 00000001 00000000 03938700 000004f8
capture_snapshot GLI1 00010000 60000000 2500000 1128 0 60000000 0 0 0 0 0 0 0 8eee4088 00000011 a9588c90 00000011 0119c32c 00000000 0119c32c 00000000 0000006a 00000000 00000000 00000000 1a6a5627 00000000 0119c396 00000000 00000000 00000000 00000000 00000039 008b3199 00000001 00000000 00000001 00000000 00000000 00000000 00000000 00000000 00000000 00000000 00000000 00000000 00000000 00000000 00000000 00000000 00000000 00000000 00000000 25f74bc9 0000001e a9588caf 00000011 00000000 00000000 00000000 00000000 00000201 00000101 00000000 00000000 00000000 00000000 00000000 00000000 00000000 00003333 00004ccd 00002667 00000001 00000000 03938700 000004f8
capture_snapshot GLI1 00010000 60000000 2500000 1129 0 60000000 0 0 0 0 0 0 0 8eee4088 00000011 a95e86a8 00000011 011a02ed 00000000 011a02ed 00000000 0000006a 00000000 00000000 00000000 1a705041 00000000 011a0357 00000000 00000000 00000000 00000000 00000039 008b3199 00000001 00000000 00000001 00000000 00000000 00000000 00000000 00000000 00000000 00000000 00000000 00000000 00000000 00000000 00000000 00000000 00000000 00000000 00000000 260141df 0000001e a95e86c9 00000011 00000000 00000000 00000000 00000000 00000201 00000101 00000000 00000000 00000000 00000000 00000000 00000000 00000000 00003333 00004ccd 00002667 00000001 00000000 03938700 000004f8
capture_snapshot GLI1 00010000 60000000 2500000 1130 0 60000000 0 0 0 0 0 0 0 8eee4088 00000011 a96487b0 00000011 011a42f8 00000000 011a42f8 00000000 0000006a 00000000 00000000 00000000 1a765156 00000000 011a4362 00000000 00000000 00000000 00000000 00000039 008b3199 00000001 00000000 00000001 00000000 00000000 00000000 00000000 00000000 00000000 00000000 00000000 00000000 00000000 00000000 00000000 00000000 00000000 00000000 00000000 260b439a 0000001e a96487de 00000011 00000000 00000000 00000000 00000000 00000201 00000100 00000000 00000000 00000000 00000000 00000000 00000000 00000000 00003333 00004ccd 00002667 00000001 00000000 03938700 000004f8
capture_snapshot GLI1 00010000 60000000 2500000 1131 0 60000000 0 0 0 0 0 0 0 8eee4088 00000011 a96a8b40 00000011 011a831e 00000000 011a831e 00000000 0000006a 00000000 00000000 00000000 1a7c54e9 00000000 011a8388 00000000 00000000 00000000 00000000 00000039 008b3199 00000001 00000000 00000001 00000000 00000000 00000000 00000000 00000000 00000000 00000000 00000000 00000000 00000000 00000000 00000000 00000000 00000000 00000000 00000000 2615497b 0000001e a96a8b71 00000011 00000000 00000000 00000000 00000000 00000201 00000101 00000000 00000000 00000000 00000000 00000000 00000000 00000000 00003333 00004ccd 00002667 00000001 00000000 03938700 000004f8
capture_snapshot GLI1 00010000 60000000 2500000 1132 0 60000000 0 0 0 0 0 0 0 8eee4088 00000011 a9708948 00000011 011ac309 00000000 011ac309 00000000 0000006a 00000000 00000000 00000000 1a8252f2 00000000 011ac373 00000000 00000000 00000000 00000000 00000039 008b3199 00000001 00000000 00000001 00000000 00000000 00000000 00000000 00000000 00000000 00000000 00000000 00000000 00000000 00000000 00000000 00000000 00000000 00000000 00000000 261f4621 0000001e a970897a 00000011 00000000 00000000 00000000 00000000 00000201 00000101 00000000 00000000 00000000 00000000 00000000 00000000 00000000 00003333 00004ccd 00002667 00000001 00000000 03938700 000004f8
capture_snapshot GLI1 00010000 60000000 2500000 1133 0 60000000 0 0 0 0 0 0 0 8eee4088 00000011 a97685d0 00000011 011b02e4 00000000 011b02e4 00000000 0000006a 00000000 00000000 00000000 1a884f73 00000000 011b034e 00000000 00000000 00000000 00000000 00000039 008b3199 00000001 00000000 00000001 00000000 00000000 00000000 00000000 00000000 00000000 00000000 00000000 00000000 00000000 00000000 00000000 00000000 00000000 00000000 00000000 2629403a 0000001e a97685fb 00000011 00000000 00000000 00000000 00000000 00000201 00000101 00000000 00000000 00000000 00000000 00000000 00000000 00000000 00003333 00004ccd 00002667 00000001 00000000 03938700 000004f8
capture_snapshot GLI1 00010000 60000000 2500000 1134 0 60000000 0 0 0 0 0 0 0 8eee4088 00000011 a97c9440 00000011 011b437e 00000000 011b437e 00000000 0000006a 00000000 00000000 00000000 1a8e5dea 00000000 011b43e8 00000000 00000000 00000000 00000000 00000039 008b3199 00000001 00000000 00000001 00000000 00000000 00000000 00000000 00000000 00000000 00000000 00000000 00000000 00000000 00000000 00000000 00000000 00000000 00000000 00000000 26335842 0000001e a97c9472 00000011 00000000 00000000 00000000 00000000 00000202 00000100 00000000 00000000 00000000 00000000 00000000 00000000 00000000 00003333 00004ccd 00002667 00000001 00000000 03938700 000004f8
capture_snapshot GLI1 00010000 60000000 2500000 1135 0 60000000 0 0 0 0 0 0 0 8eee4088 00000011 a982a808 00000011 011b8451 00000000 011b8451 00000000 0000006a 00000000 00000000 00000000 1a9471b1 00000000 011b84bb 00000000 00000000 00000000 00000000 00000039 008b3199 00000001 00000000 00000001 00000000 00000000 00000000 00000000 00000000 00000000 00000000 00000000 00000000 00000000 00000000 00000000 00000000 00000000 00000000 00000000 263d7924 0000001e a982a839 00000011 00000000 00000000 00000000 00000000 00000201 00000101 00000000 00000000 00000000 00000000 00000000 00000000 00000000 00003333 00004ccd 00002667 00000001 00000000 03938700 000004f8
capture_snapshot GLI1 00010000 60000000 2500000 1136 0 60000000 0 0 0 0 0 0 0 8eee4088 00000011 a98889c0 00000011 011bc30e 00000000 011bc30e 00000000 0000006a 00000000 00000000 00000000 1a9a5364 00000000 011bc378 00000000 00000000 00000000 00000000 00000039 008b3199 00000001 00000000 00000001 00000000 00000000 00000000 00000000 00000000 00000000 00000000 00000000 00000000 00000000 00000000 00000000 00000000 00000000 00000000 00000000 26474691 0000001e a98889ec 00000011 00000000 00000000 00000000 00000000 00000201 00000101 00000000 00000000 00000000 00000000 00000000 00000000 00000000 00003333 00004ccd 00002667 00000001 00000000 03938700 000004f8
capture_snapshot GLI1 00010000 60000000 2500000 1137 0 60000000 0 0 0 0 0 0 0 8eee4088 00000011 a98e9098 00000011 011c0357 00000000 011c0357 00000000 0000006a 00000000 00000000 00000000 1aa05a2f 00000000 011c03c1 00000000 00000000 00000000 00000000 00000039 008b3199 00000001 00000000 00000001 00000000 00000000 00000000 00000000 00000000 00000000 00000000 00000000 00000000 00000000 00000000 00000000 00000000 00000000 00000000 00000000 265151d0 0000001e a98e90b7 00000011 00000000 00000000 00000000 00000000 00000202 00000101 00000000 00000000 00000000 00000000 00000000 00000000 00000000 00003333 00004ccd 00002667 00000001 00000000 03938700 000004f8
capture_snapshot GLI1 00010000 60000000 2500000 1138 0 60000000 0 0 0 0 0 0 0 8eee4088 00000011 a9948660 00000011 011c42ea 00000000 011c42ea 00000000 0000006a 00000000 00000000 00000000 1aa6500a 00000000 011c4354 00000000 00000000 00000000 00000000 00000039 008b3199 00000001 00000000 00000001 00000000 00000000 00000000 00000000 00000000 00000000 00000000 00000000 00000000 00000000 00000000 00000000 00000000 00000000 00000000 00000000 265b40d4 0000001e a9948692 00000011 00000000 00000000 00000000 00000000 00000202 00000100 00000000 00000000 00000000 00000000 00000000 00000000 00000000 00003333 00004ccd 00002667 00000001 00000000 03938700 000004f8
capture_snapshot GLI1 00010000 60000000 2500000 1139 0 60000000 0 0 0 0 0 0 0 8eee4088 00000011 a99a8660 00000011 011c82ea 00000000 011c82ea 00000000 0000006a 00000000 00000000 00000000 1aac4ff6 00000000 011c8354 00000000 00000000 00000000 00000000 00000039 008b3199 00000001 00000000 00000001 00000000 00000000 00000000 00000000 00000000 00000000 00000000 00000000 00000000 00000000 00000000 00000000 00000000 00000000 00000000 00000000 266540a0 0000001e a99a867e 00000011 00000000 00000000 00000000 00000000 00000201 00000101 00000000 00000000 00000000 00000000 00000000 00000000 00000000 00003333 00004ccd 00002667 00000001 00000000 03938700 000004f8
capture_snapshot GLI1 00010000 60000000 2500000 1140 0 60000000 0 0 0 0 0 0 0 8eee4088 00000011 a9a07fb8 00000011 011cc2a3 00000000 011cc2a3 00000000 0000006a 00000000 00000000 00000000 1ab24957 00000000 011cc30d 00000000 00000000 00000000 00000000 00000039 008b3199 00000001 00000000 00000001 00000000 00000000 00000000 00000000 00000000 00000000 00000000 00000000 00000000 00000000 00000000 00000000 00000000 00000000 00000000 00000000 266f3583 0000001e a9a07fdf 00000011 00000000 00000000 00000000 00000000 00000201 00000101 00000000 00000000 00000000 00000000 00000000 00000000 00000000 00003333 00004ccd 00002667 00000001 00000000 03938700 000004f8
capture_snapshot GLI1 00010000 60000000 2500000 1141 0 60000000 0 0 0 0 0 0 0 8eee4088 00000011 a9a66d40 00000011 011d01de 00000000 011d01de 00000000 0000006a 00000000 00000000 00000000 1ab836df 00000000 011d0248 00000000 00000000 00000000 00000000 00000039 008b3199 00000001 00000000 00000001 00000000 00000000 00000000 00000000 00000000 00000000 00000000 00000000 00000000 00000000 00000000 00000000 00000000 00000000 00000000 00000000 267916a9 0000001e a9a66d67 00000011 00000000 00000000 00000000 00000000 00000201 00000101 00000000 00000000 00000000 00000000 00000000 00000000 00000000 00003333 00004ccd 00002667 00000001 00000000 03938700 000004f8
capture_snapshot GLI1 00010000 60000000 2500000 1142 0 60000000 0 0 0 0 0 0 0 8eee4088 00000011 a9acafb8 00000011 011d44a3 00000000 011d44a3 00000000 0000006a 00000000 00000000 00000000 1abe7963 00000000 011d450d 00000000 00000000 00000000 00000000 00000039 008b3199 00000001 00000000 00000001 00000000 00000000 00000000 00000000 00000000 00000000 00000000 00000000 00000000 00000000 00000000 00000000 00000000 00000000 00000000 00000000 26838570 0000001e a9acafeb 00000011 00000000 00000000 00000000 00000000 00000201 00000101 00000000 00000000 00000000 00000000 00000000 00000000 00000000 00003333 00004ccd 00002667 00000001 00000000 03938700 000004f8
capture_snapshot GLI1 00010000 60000000 2500000 1143 0 60000000 0 0 0 0 0 0 0 8eee4088 00000011 a9b27c70 00000011 011d8280 00000000 011d8280 00000000 0000006a 00000000 00000000 00000000 1ac4460f 00000000 011d82ea 00000000 00000000 00000000 00000000 00000039 008b3199 00000001 00000000 00000001 00000000 00000000 00000000 00000000 00000000 00000000 00000000 00000000 00000000 00000000 00000000 00000000 00000000 00000000 00000000 00000000 268d2fd0 0000001e a9b27c97 00000011 00000000 00000000 00000000 00000000 00000201 00000101 00000000 00000000 00000000 00000000 00000000 00000000 00000000 00003333 00004ccd 00002667 00000001 00000000 03938700 000004f8
capture_final_snapshot GLI1 00010000 60000000 2500000 1145 0 60000000 0 0 0 0 0 0 0 8eee4088 00000011 a9b39e20 00000011 011d8e92 00000000 011d8e92 00000000 0000006a 00000000 00000000 00000000 1ac567b9 00000000 011d8efd 00000000 00000000 00000000 00000000 00000038 008b3199 00000001 00000000 00000001 00000000 00000000 00000000 00000000 00000000 00000000 00000000 00000000 00000000 00000000 00000000 00000000 00000000 00000000 00000000 00000000 268f2b47 0000001e a9b3ad14 00000011 00000000 00000000 00000000 00000000 00000201 00000101 00000000 00000000 00000000 00000000 00000000 00000000 00000000 00003333 00004ccd 00002667 00000001 00000000 03938700 000004f8
capture_final_extension_snapshot GLI1 00010000 1145 9122201 60000000 00000007 00000000 a9b39e41 00000011 00000000 00000000 00000000 00000000 00000000 00000000 00000000 00000000 00000000 00000000 00000000 00000000
tracking_snapshot GLT1SNAP 00010000 474c5431 0000000d 00000002 a9b49d7c 00000011 00000002 00000008 00000000 00000000 00000000 00000000 00000000 00000000 00000000 00000000 00000000 00000000 00000000 00000000 00000000 03938700 00013560 b04a2fab 00000001
tracking_snapshot GLT1SNAP 00010000 474c5431 0000000f 00000002 a9b4ff23 00000011 00000002 00000000 00000000 00000000 00000000 00000000 00000000 00000000 00000000 00000000 00000000 00000000 00000000 00000000 00000000 03938700 00013560 b04a2fab 00000001
