SPF_IIOD_TIMING_V1 snapshot=0 dev=cf-ad9361-lpc metadata=0 burst=0 ring=0 direct=0 frame_iq_bytes=1048576 transported_iq_bytes=1048576 transported_frames=1 wall_ns=41529391 stage=dma_refill count=1 total_ns=25753290 max_ns=25753290
SPF_IIOD_TIMING_V1 snapshot=0 dev=cf-ad9361-lpc metadata=0 burst=0 ring=0 direct=0 frame_iq_bytes=1048576 transported_iq_bytes=1048576 transported_frames=1 wall_ns=41529391 stage=transport_frame count=1 total_ns=15772891 max_ns=15772891
SPF_IIOD_TIMING_V1 snapshot=0 dev=cf-ad9361-lpc metadata=0 burst=0 ring=0 direct=0 frame_iq_bytes=1048576 transported_iq_bytes=1048576 transported_frames=1 wall_ns=41529391 stage=transport_iq count=1 total_ns=15651655 max_ns=15651655
SPF_IIOD_TIMING_V1 snapshot=1 dev=cf-ad9361-lpc metadata=1 burst=0 ring=0 direct=0 frame_iq_bytes=1048576 transported_iq_bytes=104857600 transported_frames=100 wall_ns=2597438258 stage=sampler_admit count=100 total_ns=50297214 max_ns=1524678
SPF_IIOD_TIMING_V1 snapshot=1 dev=cf-ad9361-lpc metadata=1 burst=0 ring=0 direct=0 frame_iq_bytes=1048576 transported_iq_bytes=104857600 transported_frames=100 wall_ns=2597438258 stage=dma_refill count=100 total_ns=389358040 max_ns=8175558
SPF_IIOD_TIMING_V1 snapshot=1 dev=cf-ad9361-lpc metadata=1 burst=0 ring=0 direct=0 frame_iq_bytes=1048576 transported_iq_bytes=104857600 transported_frames=100 wall_ns=2597438258 stage=sampler_finish count=100 total_ns=57655237 max_ns=2144460
SPF_IIOD_TIMING_V1 snapshot=1 dev=cf-ad9361-lpc metadata=1 burst=0 ring=0 direct=0 frame_iq_bytes=1048576 transported_iq_bytes=104857600 transported_frames=100 wall_ns=2597438258 stage=metadata_build count=100 total_ns=64840825 max_ns=4282032
SPF_IIOD_TIMING_V1 snapshot=1 dev=cf-ad9361-lpc metadata=1 burst=0 ring=0 direct=0 frame_iq_bytes=1048576 transported_iq_bytes=104857600 transported_frames=100 wall_ns=2597438258 stage=transport_frame count=100 total_ns=1846414517 max_ns=28228722
SPF_IIOD_TIMING_V1 snapshot=1 dev=cf-ad9361-lpc metadata=1 burst=0 ring=0 direct=0 frame_iq_bytes=1048576 transported_iq_bytes=104857600 transported_frames=100 wall_ns=2597438258 stage=transport_iq count=100 total_ns=1746361180 max_ns=26671470
SPF_IIOD_TIMING_V1 snapshot=1 dev=cf-ad9361-lpc metadata=1 burst=0 ring=0 direct=0 frame_iq_bytes=1048576 transported_iq_bytes=209715200 transported_frames=200 wall_ns=5219119672 stage=sampler_admit count=200 total_ns=100462735 max_ns=2831317
SPF_IIOD_TIMING_V1 snapshot=1 dev=cf-ad9361-lpc metadata=1 burst=0 ring=0 direct=0 frame_iq_bytes=1048576 transported_iq_bytes=209715200 transported_frames=200 wall_ns=5219119672 stage=dma_refill count=200 total_ns=806422609 max_ns=8175558
SPF_IIOD_TIMING_V1 snapshot=1 dev=cf-ad9361-lpc metadata=1 burst=0 ring=0 direct=0 frame_iq_bytes=1048576 transported_iq_bytes=209715200 transported_frames=200 wall_ns=5219119672 stage=sampler_finish count=200 total_ns=110281485 max_ns=3883014
SPF_IIOD_TIMING_V1 snapshot=1 dev=cf-ad9361-lpc metadata=1 burst=0 ring=0 direct=0 frame_iq_bytes=1048576 transported_iq_bytes=209715200 transported_frames=200 wall_ns=5219119672 stage=metadata_build count=200 total_ns=125446735 max_ns=4282032
SPF_IIOD_TIMING_V1 snapshot=1 dev=cf-ad9361-lpc metadata=1 burst=0 ring=0 direct=0 frame_iq_bytes=1048576 transported_iq_bytes=209715200 transported_frames=200 wall_ns=5219119672 stage=transport_frame count=200 total_ns=3693861501 max_ns=28228722
SPF_IIOD_TIMING_V1 snapshot=1 dev=cf-ad9361-lpc metadata=1 burst=0 ring=0 direct=0 frame_iq_bytes=1048576 transported_iq_bytes=209715200 transported_frames=200 wall_ns=5219119672 stage=transport_iq count=200 total_ns=3497437106 max_ns=26671470
SPF_IIOD_TIMING_V1 snapshot=1 dev=cf-ad9361-lpc metadata=1 burst=0 ring=0 direct=0 frame_iq_bytes=1048576 transported_iq_bytes=314572800 transported_frames=300 wall_ns=7840256574 stage=sampler_admit count=300 total_ns=153382213 max_ns=2831317
SPF_IIOD_TIMING_V1 snapshot=1 dev=cf-ad9361-lpc metadata=1 burst=0 ring=0 direct=0 frame_iq_bytes=1048576 transported_iq_bytes=314572800 transported_frames=300 wall_ns=7840256574 stage=dma_refill count=300 total_ns=1234560538 max_ns=8535216
SPF_IIOD_TIMING_V1 snapshot=1 dev=cf-ad9361-lpc metadata=1 burst=0 ring=0 direct=0 frame_iq_bytes=1048576 transported_iq_bytes=314572800 transported_frames=300 wall_ns=7840256574 stage=sampler_finish count=300 total_ns=162570514 max_ns=3883014
SPF_IIOD_TIMING_V1 snapshot=1 dev=cf-ad9361-lpc metadata=1 burst=0 ring=0 direct=0 frame_iq_bytes=1048576 transported_iq_bytes=314572800 transported_frames=300 wall_ns=7840256574 stage=metadata_build count=300 total_ns=185694721 max_ns=4282032
SPF_IIOD_TIMING_V1 snapshot=1 dev=cf-ad9361-lpc metadata=1 burst=0 ring=0 direct=0 frame_iq_bytes=1048576 transported_iq_bytes=314572800 transported_frames=300 wall_ns=7840256574 stage=transport_frame count=300 total_ns=5497880247 max_ns=28228722
SPF_IIOD_TIMING_V1 snapshot=1 dev=cf-ad9361-lpc metadata=1 burst=0 ring=0 direct=0 frame_iq_bytes=1048576 transported_iq_bytes=314572800 transported_frames=300 wall_ns=7840256574 stage=transport_iq count=300 total_ns=5206140583 max_ns=26671470
SPF_IIOD_TIMING_V1 snapshot=1 dev=cf-ad9361-lpc metadata=1 burst=0 ring=0 direct=0 frame_iq_bytes=1048576 transported_iq_bytes=419430400 transported_frames=400 wall_ns=10464270350 stage=sampler_admit count=400 total_ns=202117345 max_ns=2831317
SPF_IIOD_TIMING_V1 snapshot=1 dev=cf-ad9361-lpc metadata=1 burst=0 ring=0 direct=0 frame_iq_bytes=1048576 transported_iq_bytes=419430400 transported_frames=400 wall_ns=10464270350 stage=dma_refill count=400 total_ns=1611522397 max_ns=8535216
SPF_IIOD_TIMING_V1 snapshot=1 dev=cf-ad9361-lpc metadata=1 burst=0 ring=0 direct=0 frame_iq_bytes=1048576 transported_iq_bytes=419430400 transported_frames=400 wall_ns=10464270350 stage=sampler_finish count=400 total_ns=218515500 max_ns=3883014
SPF_IIOD_TIMING_V1 snapshot=1 dev=cf-ad9361-lpc metadata=1 burst=0 ring=0 direct=0 frame_iq_bytes=1048576 transported_iq_bytes=419430400 transported_frames=400 wall_ns=10464270350 stage=metadata_build count=400 total_ns=246655093 max_ns=4282032
SPF_IIOD_TIMING_V1 snapshot=1 dev=cf-ad9361-lpc metadata=1 burst=0 ring=0 direct=0 frame_iq_bytes=1048576 transported_iq_bytes=419430400 transported_frames=400 wall_ns=10464270350 stage=transport_frame count=400 total_ns=7345398830 max_ns=28228722
SPF_IIOD_TIMING_V1 snapshot=1 dev=cf-ad9361-lpc metadata=1 burst=0 ring=0 direct=0 frame_iq_bytes=1048576 transported_iq_bytes=419430400 transported_frames=400 wall_ns=10464270350 stage=transport_iq count=400 total_ns=6956508923 max_ns=26671470
SPF_IIOD_TIMING_V1 snapshot=1 dev=cf-ad9361-lpc metadata=1 burst=0 ring=0 direct=0 frame_iq_bytes=1048576 transported_iq_bytes=524288000 transported_frames=500 wall_ns=13083617074 stage=sampler_admit count=500 total_ns=248471852 max_ns=2831317
SPF_IIOD_TIMING_V1 snapshot=1 dev=cf-ad9361-lpc metadata=1 burst=0 ring=0 direct=0 frame_iq_bytes=1048576 transported_iq_bytes=524288000 transported_frames=500 wall_ns=13083617074 stage=dma_refill count=500 total_ns=2002114542 max_ns=8535216
SPF_IIOD_TIMING_V1 snapshot=1 dev=cf-ad9361-lpc metadata=1 burst=0 ring=0 direct=0 frame_iq_bytes=1048576 transported_iq_bytes=524288000 transported_frames=500 wall_ns=13083617074 stage=sampler_finish count=500 total_ns=271476991 max_ns=3883014
SPF_IIOD_TIMING_V1 snapshot=1 dev=cf-ad9361-lpc metadata=1 burst=0 ring=0 direct=0 frame_iq_bytes=1048576 transported_iq_bytes=524288000 transported_frames=500 wall_ns=13083617074 stage=metadata_build count=500 total_ns=306830636 max_ns=4282032
SPF_IIOD_TIMING_V1 snapshot=1 dev=cf-ad9361-lpc metadata=1 burst=0 ring=0 direct=0 frame_iq_bytes=1048576 transported_iq_bytes=524288000 transported_frames=500 wall_ns=13083617074 stage=transport_frame count=500 total_ns=9192971755 max_ns=28228722
SPF_IIOD_TIMING_V1 snapshot=1 dev=cf-ad9361-lpc metadata=1 burst=0 ring=0 direct=0 frame_iq_bytes=1048576 transported_iq_bytes=524288000 transported_frames=500 wall_ns=13083617074 stage=transport_iq count=500 total_ns=8708615163 max_ns=26671470
SPF_IIOD_TIMING_V1 snapshot=1 dev=cf-ad9361-lpc metadata=1 burst=0 ring=0 direct=0 frame_iq_bytes=1048576 transported_iq_bytes=629145600 transported_frames=600 wall_ns=15704475348 stage=sampler_admit count=600 total_ns=297664004 max_ns=2831317
SPF_IIOD_TIMING_V1 snapshot=1 dev=cf-ad9361-lpc metadata=1 burst=0 ring=0 direct=0 frame_iq_bytes=1048576 transported_iq_bytes=629145600 transported_frames=600 wall_ns=15704475348 stage=dma_refill count=600 total_ns=2371369714 max_ns=8535216
SPF_IIOD_TIMING_V1 snapshot=1 dev=cf-ad9361-lpc metadata=1 burst=0 ring=0 direct=0 frame_iq_bytes=1048576 transported_iq_bytes=629145600 transported_frames=600 wall_ns=15704475348 stage=sampler_finish count=600 total_ns=321584803 max_ns=3883014
SPF_IIOD_TIMING_V1 snapshot=1 dev=cf-ad9361-lpc metadata=1 burst=0 ring=0 direct=0 frame_iq_bytes=1048576 transported_iq_bytes=629145600 transported_frames=600 wall_ns=15704475348 stage=metadata_build count=600 total_ns=367996971 max_ns=4282032
SPF_IIOD_TIMING_V1 snapshot=1 dev=cf-ad9361-lpc metadata=1 burst=0 ring=0 direct=0 frame_iq_bytes=1048576 transported_iq_bytes=629145600 transported_frames=600 wall_ns=15704475348 stage=transport_frame count=600 total_ns=11045222904 max_ns=28228722
SPF_IIOD_TIMING_V1 snapshot=1 dev=cf-ad9361-lpc metadata=1 burst=0 ring=0 direct=0 frame_iq_bytes=1048576 transported_iq_bytes=629145600 transported_frames=600 wall_ns=15704475348 stage=transport_iq count=600 total_ns=10462994893 max_ns=26671470
SPF_IIOD_TIMING_V1 snapshot=1 dev=cf-ad9361-lpc metadata=1 burst=0 ring=0 direct=0 frame_iq_bytes=1048576 transported_iq_bytes=734003200 transported_frames=700 wall_ns=18325617872 stage=sampler_admit count=700 total_ns=348719432 max_ns=2831317
SPF_IIOD_TIMING_V1 snapshot=1 dev=cf-ad9361-lpc metadata=1 burst=0 ring=0 direct=0 frame_iq_bytes=1048576 transported_iq_bytes=734003200 transported_frames=700 wall_ns=18325617872 stage=dma_refill count=700 total_ns=2772883790 max_ns=8535216
SPF_IIOD_TIMING_V1 snapshot=1 dev=cf-ad9361-lpc metadata=1 burst=0 ring=0 direct=0 frame_iq_bytes=1048576 transported_iq_bytes=734003200 transported_frames=700 wall_ns=18325617872 stage=sampler_finish count=700 total_ns=373930196 max_ns=3883014
SPF_IIOD_TIMING_V1 snapshot=1 dev=cf-ad9361-lpc metadata=1 burst=0 ring=0 direct=0 frame_iq_bytes=1048576 transported_iq_bytes=734003200 transported_frames=700 wall_ns=18325617872 stage=metadata_build count=700 total_ns=428612271 max_ns=4282032
SPF_IIOD_TIMING_V1 snapshot=1 dev=cf-ad9361-lpc metadata=1 burst=0 ring=0 direct=0 frame_iq_bytes=1048576 transported_iq_bytes=734003200 transported_frames=700 wall_ns=18325617872 stage=transport_frame count=700 total_ns=12866815092 max_ns=28228722
SPF_IIOD_TIMING_V1 snapshot=1 dev=cf-ad9361-lpc metadata=1 burst=0 ring=0 direct=0 frame_iq_bytes=1048576 transported_iq_bytes=734003200 transported_frames=700 wall_ns=18325617872 stage=transport_iq count=700 total_ns=12188364391 max_ns=26671470
SPF_IIOD_TIMING_V1 snapshot=1 dev=cf-ad9361-lpc metadata=1 burst=0 ring=0 direct=0 frame_iq_bytes=1048576 transported_iq_bytes=838860800 transported_frames=800 wall_ns=20946934696 stage=sampler_admit count=800 total_ns=395003606 max_ns=2831317
SPF_IIOD_TIMING_V1 snapshot=1 dev=cf-ad9361-lpc metadata=1 burst=0 ring=0 direct=0 frame_iq_bytes=1048576 transported_iq_bytes=838860800 transported_frames=800 wall_ns=20946934696 stage=dma_refill count=800 total_ns=3182587801 max_ns=8535216
SPF_IIOD_TIMING_V1 snapshot=1 dev=cf-ad9361-lpc metadata=1 burst=0 ring=0 direct=0 frame_iq_bytes=1048576 transported_iq_bytes=838860800 transported_frames=800 wall_ns=20946934696 stage=sampler_finish count=800 total_ns=420134720 max_ns=3883014
SPF_IIOD_TIMING_V1 snapshot=1 dev=cf-ad9361-lpc metadata=1 burst=0 ring=0 direct=0 frame_iq_bytes=1048576 transported_iq_bytes=838860800 transported_frames=800 wall_ns=20946934696 stage=metadata_build count=800 total_ns=489738622 max_ns=4282032
SPF_IIOD_TIMING_V1 snapshot=1 dev=cf-ad9361-lpc metadata=1 burst=0 ring=0 direct=0 frame_iq_bytes=1048576 transported_iq_bytes=838860800 transported_frames=800 wall_ns=20946934696 stage=transport_frame count=800 total_ns=14717657695 max_ns=28228722
SPF_IIOD_TIMING_V1 snapshot=1 dev=cf-ad9361-lpc metadata=1 burst=0 ring=0 direct=0 frame_iq_bytes=1048576 transported_iq_bytes=838860800 transported_frames=800 wall_ns=20946934696 stage=transport_iq count=800 total_ns=13941463765 max_ns=26671470
SPF_IIOD_TIMING_V1 snapshot=1 dev=cf-ad9361-lpc metadata=1 burst=0 ring=0 direct=0 frame_iq_bytes=1048576 transported_iq_bytes=943718400 transported_frames=900 wall_ns=23568500892 stage=sampler_admit count=900 total_ns=441620787 max_ns=2831317
SPF_IIOD_TIMING_V1 snapshot=1 dev=cf-ad9361-lpc metadata=1 burst=0 ring=0 direct=0 frame_iq_bytes=1048576 transported_iq_bytes=943718400 transported_frames=900 wall_ns=23568500892 stage=dma_refill count=900 total_ns=3556348480 max_ns=8535216
SPF_IIOD_TIMING_V1 snapshot=1 dev=cf-ad9361-lpc metadata=1 burst=0 ring=0 direct=0 frame_iq_bytes=1048576 transported_iq_bytes=943718400 transported_frames=900 wall_ns=23568500892 stage=sampler_finish count=900 total_ns=475658271 max_ns=3883014
SPF_IIOD_TIMING_V1 snapshot=1 dev=cf-ad9361-lpc metadata=1 burst=0 ring=0 direct=0 frame_iq_bytes=1048576 transported_iq_bytes=943718400 transported_frames=900 wall_ns=23568500892 stage=metadata_build count=900 total_ns=550307998 max_ns=4282032
SPF_IIOD_TIMING_V1 snapshot=1 dev=cf-ad9361-lpc metadata=1 burst=0 ring=0 direct=0 frame_iq_bytes=1048576 transported_iq_bytes=943718400 transported_frames=900 wall_ns=23568500892 stage=transport_frame count=900 total_ns=16558906135 max_ns=28228722
SPF_IIOD_TIMING_V1 snapshot=1 dev=cf-ad9361-lpc metadata=1 burst=0 ring=0 direct=0 frame_iq_bytes=1048576 transported_iq_bytes=943718400 transported_frames=900 wall_ns=23568500892 stage=transport_iq count=900 total_ns=15685932175 max_ns=26671470
SPF_IIOD_TIMING_V1 snapshot=1 dev=cf-ad9361-lpc metadata=1 burst=0 ring=0 direct=0 frame_iq_bytes=1048576 transported_iq_bytes=1048576000 transported_frames=1000 wall_ns=26190200996 stage=sampler_admit count=1000 total_ns=486935183 max_ns=2831317
SPF_IIOD_TIMING_V1 snapshot=1 dev=cf-ad9361-lpc metadata=1 burst=0 ring=0 direct=0 frame_iq_bytes=1048576 transported_iq_bytes=1048576000 transported_frames=1000 wall_ns=26190200996 stage=dma_refill count=1000 total_ns=3952704608 max_ns=8535216
SPF_IIOD_TIMING_V1 snapshot=1 dev=cf-ad9361-lpc metadata=1 burst=0 ring=0 direct=0 frame_iq_bytes=1048576 transported_iq_bytes=1048576000 transported_frames=1000 wall_ns=26190200996 stage=sampler_finish count=1000 total_ns=529163452 max_ns=3883014
SPF_IIOD_TIMING_V1 snapshot=1 dev=cf-ad9361-lpc metadata=1 burst=0 ring=0 direct=0 frame_iq_bytes=1048576 transported_iq_bytes=1048576000 transported_frames=1000 wall_ns=26190200996 stage=metadata_build count=1000 total_ns=613697525 max_ns=4282032
SPF_IIOD_TIMING_V1 snapshot=1 dev=cf-ad9361-lpc metadata=1 burst=0 ring=0 direct=0 frame_iq_bytes=1048576 transported_iq_bytes=1048576000 transported_frames=1000 wall_ns=26190200996 stage=transport_frame count=1000 total_ns=18406016143 max_ns=28228722
SPF_IIOD_TIMING_V1 snapshot=1 dev=cf-ad9361-lpc metadata=1 burst=0 ring=0 direct=0 frame_iq_bytes=1048576 transported_iq_bytes=1048576000 transported_frames=1000 wall_ns=26190200996 stage=transport_iq count=1000 total_ns=17433514068 max_ns=26671470
SPF_IIOD_TIMING_V1 snapshot=1 dev=cf-ad9361-lpc metadata=1 burst=0 ring=0 direct=0 frame_iq_bytes=1048576 transported_iq_bytes=1153433600 transported_frames=1100 wall_ns=28811172010 stage=sampler_admit count=1100 total_ns=532411313 max_ns=2831317
SPF_IIOD_TIMING_V1 snapshot=1 dev=cf-ad9361-lpc metadata=1 burst=0 ring=0 direct=0 frame_iq_bytes=1048576 transported_iq_bytes=1153433600 transported_frames=1100 wall_ns=28811172010 stage=dma_refill count=1100 total_ns=4314262932 max_ns=8535216
SPF_IIOD_TIMING_V1 snapshot=1 dev=cf-ad9361-lpc metadata=1 burst=0 ring=0 direct=0 frame_iq_bytes=1048576 transported_iq_bytes=1153433600 transported_frames=1100 wall_ns=28811172010 stage=sampler_finish count=1100 total_ns=589198234 max_ns=3951288
SPF_IIOD_TIMING_V1 snapshot=1 dev=cf-ad9361-lpc metadata=1 burst=0 ring=0 direct=0 frame_iq_bytes=1048576 transported_iq_bytes=1153433600 transported_frames=1100 wall_ns=28811172010 stage=metadata_build count=1100 total_ns=674796638 max_ns=4282032
SPF_IIOD_TIMING_V1 snapshot=1 dev=cf-ad9361-lpc metadata=1 burst=0 ring=0 direct=0 frame_iq_bytes=1048576 transported_iq_bytes=1153433600 transported_frames=1100 wall_ns=28811172010 stage=transport_frame count=1100 total_ns=20237592873 max_ns=28228722
SPF_IIOD_TIMING_V1 snapshot=1 dev=cf-ad9361-lpc metadata=1 burst=0 ring=0 direct=0 frame_iq_bytes=1048576 transported_iq_bytes=1153433600 transported_frames=1100 wall_ns=28811172010 stage=transport_iq count=1100 total_ns=19168384175 max_ns=26671470
SPF_IIOD_TIMING_V1 snapshot=1 dev=cf-ad9361-lpc metadata=1 burst=0 ring=0 direct=0 frame_iq_bytes=1048576 transported_iq_bytes=1258291200 transported_frames=1200 wall_ns=31432349286 stage=sampler_admit count=1200 total_ns=580895681 max_ns=2831317
SPF_IIOD_TIMING_V1 snapshot=1 dev=cf-ad9361-lpc metadata=1 burst=0 ring=0 direct=0 frame_iq_bytes=1048576 transported_iq_bytes=1258291200 transported_frames=1200 wall_ns=31432349286 stage=dma_refill count=1200 total_ns=4679908462 max_ns=8535216
SPF_IIOD_TIMING_V1 snapshot=1 dev=cf-ad9361-lpc metadata=1 burst=0 ring=0 direct=0 frame_iq_bytes=1048576 transported_iq_bytes=1258291200 transported_frames=1200 wall_ns=31432349286 stage=sampler_finish count=1200 total_ns=644006260 max_ns=3951288
SPF_IIOD_TIMING_V1 snapshot=1 dev=cf-ad9361-lpc metadata=1 burst=0 ring=0 direct=0 frame_iq_bytes=1048576 transported_iq_bytes=1258291200 transported_frames=1200 wall_ns=31432349286 stage=metadata_build count=1200 total_ns=735604191 max_ns=4282032
SPF_IIOD_TIMING_V1 snapshot=1 dev=cf-ad9361-lpc metadata=1 burst=0 ring=0 direct=0 frame_iq_bytes=1048576 transported_iq_bytes=1258291200 transported_frames=1200 wall_ns=31432349286 stage=transport_frame count=1200 total_ns=22078025433 max_ns=28228722
SPF_IIOD_TIMING_V1 snapshot=1 dev=cf-ad9361-lpc metadata=1 burst=0 ring=0 direct=0 frame_iq_bytes=1048576 transported_iq_bytes=1258291200 transported_frames=1200 wall_ns=31432349286 stage=transport_iq count=1200 total_ns=20912479042 max_ns=26671470
SPF_IIOD_TIMING_V1 snapshot=1 dev=cf-ad9361-lpc metadata=1 burst=0 ring=0 direct=0 frame_iq_bytes=1048576 transported_iq_bytes=1363148800 transported_frames=1300 wall_ns=34053713330 stage=sampler_admit count=1300 total_ns=631641461 max_ns=2831317
SPF_IIOD_TIMING_V1 snapshot=1 dev=cf-ad9361-lpc metadata=1 burst=0 ring=0 direct=0 frame_iq_bytes=1048576 transported_iq_bytes=1363148800 transported_frames=1300 wall_ns=34053713330 stage=dma_refill count=1300 total_ns=5051611352 max_ns=8535216
SPF_IIOD_TIMING_V1 snapshot=1 dev=cf-ad9361-lpc metadata=1 burst=0 ring=0 direct=0 frame_iq_bytes=1048576 transported_iq_bytes=1363148800 transported_frames=1300 wall_ns=34053713330 stage=sampler_finish count=1300 total_ns=693691067 max_ns=3951288
SPF_IIOD_TIMING_V1 snapshot=1 dev=cf-ad9361-lpc metadata=1 burst=0 ring=0 direct=0 frame_iq_bytes=1048576 transported_iq_bytes=1363148800 transported_frames=1300 wall_ns=34053713330 stage=metadata_build count=1300 total_ns=796632826 max_ns=4282032
SPF_IIOD_TIMING_V1 snapshot=1 dev=cf-ad9361-lpc metadata=1 burst=0 ring=0 direct=0 frame_iq_bytes=1048576 transported_iq_bytes=1363148800 transported_frames=1300 wall_ns=34053713330 stage=transport_frame count=1300 total_ns=23918211489 max_ns=28228722
SPF_IIOD_TIMING_V1 snapshot=1 dev=cf-ad9361-lpc metadata=1 burst=0 ring=0 direct=0 frame_iq_bytes=1048576 transported_iq_bytes=1363148800 transported_frames=1300 wall_ns=34053713330 stage=transport_iq count=1300 total_ns=22654927545 max_ns=26671470
SPF_IIOD_TIMING_V1 snapshot=1 dev=cf-ad9361-lpc metadata=1 burst=0 ring=0 direct=0 frame_iq_bytes=1048576 transported_iq_bytes=1468006400 transported_frames=1400 wall_ns=36677156500 stage=sampler_admit count=1400 total_ns=684224615 max_ns=3003450
SPF_IIOD_TIMING_V1 snapshot=1 dev=cf-ad9361-lpc metadata=1 burst=0 ring=0 direct=0 frame_iq_bytes=1048576 transported_iq_bytes=1468006400 transported_frames=1400 wall_ns=36677156500 stage=dma_refill count=1400 total_ns=5424537702 max_ns=8535216
SPF_IIOD_TIMING_V1 snapshot=1 dev=cf-ad9361-lpc metadata=1 burst=0 ring=0 direct=0 frame_iq_bytes=1048576 transported_iq_bytes=1468006400 transported_frames=1400 wall_ns=36677156500 stage=sampler_finish count=1400 total_ns=750278112 max_ns=3951288
SPF_IIOD_TIMING_V1 snapshot=1 dev=cf-ad9361-lpc metadata=1 burst=0 ring=0 direct=0 frame_iq_bytes=1048576 transported_iq_bytes=1468006400 transported_frames=1400 wall_ns=36677156500 stage=metadata_build count=1400 total_ns=864237623 max_ns=4282032
SPF_IIOD_TIMING_V1 snapshot=1 dev=cf-ad9361-lpc metadata=1 burst=0 ring=0 direct=0 frame_iq_bytes=1048576 transported_iq_bytes=1468006400 transported_frames=1400 wall_ns=36677156500 stage=transport_frame count=1400 total_ns=25755708580 max_ns=28228722
SPF_IIOD_TIMING_V1 snapshot=1 dev=cf-ad9361-lpc metadata=1 burst=0 ring=0 direct=0 frame_iq_bytes=1048576 transported_iq_bytes=1468006400 transported_frames=1400 wall_ns=36677156500 stage=transport_iq count=1400 total_ns=24390009770 max_ns=26671470
SPF_IIOD_TIMING_V1 snapshot=1 dev=cf-ad9361-lpc metadata=1 burst=0 ring=0 direct=0 frame_iq_bytes=1048576 transported_iq_bytes=1572864000 transported_frames=1500 wall_ns=39296655144 stage=sampler_admit count=1500 total_ns=732250373 max_ns=3003450
SPF_IIOD_TIMING_V1 snapshot=1 dev=cf-ad9361-lpc metadata=1 burst=0 ring=0 direct=0 frame_iq_bytes=1048576 transported_iq_bytes=1572864000 transported_frames=1500 wall_ns=39296655144 stage=dma_refill count=1500 total_ns=5813627655 max_ns=8535216
SPF_IIOD_TIMING_V1 snapshot=1 dev=cf-ad9361-lpc metadata=1 burst=0 ring=0 direct=0 frame_iq_bytes=1048576 transported_iq_bytes=1572864000 transported_frames=1500 wall_ns=39296655144 stage=sampler_finish count=1500 total_ns=799583359 max_ns=3951288
SPF_IIOD_TIMING_V1 snapshot=1 dev=cf-ad9361-lpc metadata=1 burst=0 ring=0 direct=0 frame_iq_bytes=1048576 transported_iq_bytes=1572864000 transported_frames=1500 wall_ns=39296655144 stage=metadata_build count=1500 total_ns=925179977 max_ns=4282032
SPF_IIOD_TIMING_V1 snapshot=1 dev=cf-ad9361-lpc metadata=1 burst=0 ring=0 direct=0 frame_iq_bytes=1048576 transported_iq_bytes=1572864000 transported_frames=1500 wall_ns=39296655144 stage=transport_frame count=1500 total_ns=27605592377 max_ns=28228722
SPF_IIOD_TIMING_V1 snapshot=1 dev=cf-ad9361-lpc metadata=1 burst=0 ring=0 direct=0 frame_iq_bytes=1048576 transported_iq_bytes=1572864000 transported_frames=1500 wall_ns=39296655144 stage=transport_iq count=1500 total_ns=26142258566 max_ns=26671470
SPF_IIOD_TIMING_V1 snapshot=1 dev=cf-ad9361-lpc metadata=1 burst=0 ring=0 direct=0 frame_iq_bytes=1048576 transported_iq_bytes=1677721600 transported_frames=1600 wall_ns=41917812398 stage=sampler_admit count=1600 total_ns=780162917 max_ns=3003450
SPF_IIOD_TIMING_V1 snapshot=1 dev=cf-ad9361-lpc metadata=1 burst=0 ring=0 direct=0 frame_iq_bytes=1048576 transported_iq_bytes=1677721600 transported_frames=1600 wall_ns=41917812398 stage=dma_refill count=1600 total_ns=6188034384 max_ns=8535216
SPF_IIOD_TIMING_V1 snapshot=1 dev=cf-ad9361-lpc metadata=1 burst=0 ring=0 direct=0 frame_iq_bytes=1048576 transported_iq_bytes=1677721600 transported_frames=1600 wall_ns=41917812398 stage=sampler_finish count=1600 total_ns=856350506 max_ns=3951288
SPF_IIOD_TIMING_V1 snapshot=1 dev=cf-ad9361-lpc metadata=1 burst=0 ring=0 direct=0 frame_iq_bytes=1048576 transported_iq_bytes=1677721600 transported_frames=1600 wall_ns=41917812398 stage=metadata_build count=1600 total_ns=986450237 max_ns=4282032
SPF_IIOD_TIMING_V1 snapshot=1 dev=cf-ad9361-lpc metadata=1 burst=0 ring=0 direct=0 frame_iq_bytes=1048576 transported_iq_bytes=1677721600 transported_frames=1600 wall_ns=41917812398 stage=transport_frame count=1600 total_ns=29454121770 max_ns=28228722
SPF_IIOD_TIMING_V1 snapshot=1 dev=cf-ad9361-lpc metadata=1 burst=0 ring=0 direct=0 frame_iq_bytes=1048576 transported_iq_bytes=1677721600 transported_frames=1600 wall_ns=41917812398 stage=transport_iq count=1600 total_ns=27893461856 max_ns=26671470
SPF_IIOD_TIMING_V1 snapshot=1 dev=cf-ad9361-lpc metadata=1 burst=0 ring=0 direct=0 frame_iq_bytes=1048576 transported_iq_bytes=1782579200 transported_frames=1700 wall_ns=44539156006 stage=sampler_admit count=1700 total_ns=834323136 max_ns=3003450
SPF_IIOD_TIMING_V1 snapshot=1 dev=cf-ad9361-lpc metadata=1 burst=0 ring=0 direct=0 frame_iq_bytes=1048576 transported_iq_bytes=1782579200 transported_frames=1700 wall_ns=44539156006 stage=dma_refill count=1700 total_ns=6587683443 max_ns=8535216
SPF_IIOD_TIMING_V1 snapshot=1 dev=cf-ad9361-lpc metadata=1 burst=0 ring=0 direct=0 frame_iq_bytes=1048576 transported_iq_bytes=1782579200 transported_frames=1700 wall_ns=44539156006 stage=sampler_finish count=1700 total_ns=909288909 max_ns=3951288
SPF_IIOD_TIMING_V1 snapshot=1 dev=cf-ad9361-lpc metadata=1 burst=0 ring=0 direct=0 frame_iq_bytes=1048576 transported_iq_bytes=1782579200 transported_frames=1700 wall_ns=44539156006 stage=metadata_build count=1700 total_ns=1046967965 max_ns=4282032
SPF_IIOD_TIMING_V1 snapshot=1 dev=cf-ad9361-lpc metadata=1 burst=0 ring=0 direct=0 frame_iq_bytes=1048576 transported_iq_bytes=1782579200 transported_frames=1700 wall_ns=44539156006 stage=transport_frame count=1700 total_ns=31269377508 max_ns=28228722
SPF_IIOD_TIMING_V1 snapshot=1 dev=cf-ad9361-lpc metadata=1 burst=0 ring=0 direct=0 frame_iq_bytes=1048576 transported_iq_bytes=1782579200 transported_frames=1700 wall_ns=44539156006 stage=transport_iq count=1700 total_ns=29612664331 max_ns=26671470
SPF_IIOD_TIMING_V1 snapshot=1 dev=cf-ad9361-lpc metadata=1 burst=0 ring=0 direct=0 frame_iq_bytes=1048576 transported_iq_bytes=1887436800 transported_frames=1800 wall_ns=47160443766 stage=sampler_admit count=1800 total_ns=884015058 max_ns=3003450
SPF_IIOD_TIMING_V1 snapshot=1 dev=cf-ad9361-lpc metadata=1 burst=0 ring=0 direct=0 frame_iq_bytes=1048576 transported_iq_bytes=1887436800 transported_frames=1800 wall_ns=47160443766 stage=dma_refill count=1800 total_ns=6981836725 max_ns=8535216
SPF_IIOD_TIMING_V1 snapshot=1 dev=cf-ad9361-lpc metadata=1 burst=0 ring=0 direct=0 frame_iq_bytes=1048576 transported_iq_bytes=1887436800 transported_frames=1800 wall_ns=47160443766 stage=sampler_finish count=1800 total_ns=964365214 max_ns=3951288
SPF_IIOD_TIMING_V1 snapshot=1 dev=cf-ad9361-lpc metadata=1 burst=0 ring=0 direct=0 frame_iq_bytes=1048576 transported_iq_bytes=1887436800 transported_frames=1800 wall_ns=47160443766 stage=metadata_build count=1800 total_ns=1107199865 max_ns=4282032
SPF_IIOD_TIMING_V1 snapshot=1 dev=cf-ad9361-lpc metadata=1 burst=0 ring=0 direct=0 frame_iq_bytes=1048576 transported_iq_bytes=1887436800 transported_frames=1800 wall_ns=47160443766 stage=transport_frame count=1800 total_ns=33098006537 max_ns=28228722
SPF_IIOD_TIMING_V1 snapshot=1 dev=cf-ad9361-lpc metadata=1 burst=0 ring=0 direct=0 frame_iq_bytes=1048576 transported_iq_bytes=1887436800 transported_frames=1800 wall_ns=47160443766 stage=transport_iq count=1800 total_ns=31346010642 max_ns=26671470
SPF_IIOD_TIMING_V1 snapshot=1 dev=cf-ad9361-lpc metadata=1 burst=0 ring=0 direct=0 frame_iq_bytes=1048576 transported_iq_bytes=1992294400 transported_frames=1900 wall_ns=49781818179 stage=sampler_admit count=1900 total_ns=931460395 max_ns=3003450
SPF_IIOD_TIMING_V1 snapshot=1 dev=cf-ad9361-lpc metadata=1 burst=0 ring=0 direct=0 frame_iq_bytes=1048576 transported_iq_bytes=1992294400 transported_frames=1900 wall_ns=49781818179 stage=dma_refill count=1900 total_ns=7378693541 max_ns=8535216
SPF_IIOD_TIMING_V1 snapshot=1 dev=cf-ad9361-lpc metadata=1 burst=0 ring=0 direct=0 frame_iq_bytes=1048576 transported_iq_bytes=1992294400 transported_frames=1900 wall_ns=49781818179 stage=sampler_finish count=1900 total_ns=1014601126 max_ns=3951288
SPF_IIOD_TIMING_V1 snapshot=1 dev=cf-ad9361-lpc metadata=1 burst=0 ring=0 direct=0 frame_iq_bytes=1048576 transported_iq_bytes=1992294400 transported_frames=1900 wall_ns=49781818179 stage=metadata_build count=1900 total_ns=1167531191 max_ns=4282032
SPF_IIOD_TIMING_V1 snapshot=1 dev=cf-ad9361-lpc metadata=1 burst=0 ring=0 direct=0 frame_iq_bytes=1048576 transported_iq_bytes=1992294400 transported_frames=1900 wall_ns=49781818179 stage=transport_frame count=1900 total_ns=34949532624 max_ns=28228722
SPF_IIOD_TIMING_V1 snapshot=1 dev=cf-ad9361-lpc metadata=1 burst=0 ring=0 direct=0 frame_iq_bytes=1048576 transported_iq_bytes=1992294400 transported_frames=1900 wall_ns=49781818179 stage=transport_iq count=1900 total_ns=33101072425 max_ns=26671470
SPF_IIOD_TIMING_V1 snapshot=1 dev=cf-ad9361-lpc metadata=1 burst=0 ring=0 direct=0 frame_iq_bytes=1048576 transported_iq_bytes=2097152000 transported_frames=2000 wall_ns=52403169725 stage=sampler_admit count=2000 total_ns=988450952 max_ns=9096252
SPF_IIOD_TIMING_V1 snapshot=1 dev=cf-ad9361-lpc metadata=1 burst=0 ring=0 direct=0 frame_iq_bytes=1048576 transported_iq_bytes=2097152000 transported_frames=2000 wall_ns=52403169725 stage=dma_refill count=2000 total_ns=7778101089 max_ns=8535216
SPF_IIOD_TIMING_V1 snapshot=1 dev=cf-ad9361-lpc metadata=1 burst=0 ring=0 direct=0 frame_iq_bytes=1048576 transported_iq_bytes=2097152000 transported_frames=2000 wall_ns=52403169725 stage=sampler_finish count=2000 total_ns=1071062699 max_ns=3951288
SPF_IIOD_TIMING_V1 snapshot=1 dev=cf-ad9361-lpc metadata=1 burst=0 ring=0 direct=0 frame_iq_bytes=1048576 transported_iq_bytes=2097152000 transported_frames=2000 wall_ns=52403169725 stage=metadata_build count=2000 total_ns=1234823816 max_ns=4282032
SPF_IIOD_TIMING_V1 snapshot=1 dev=cf-ad9361-lpc metadata=1 burst=0 ring=0 direct=0 frame_iq_bytes=1048576 transported_iq_bytes=2097152000 transported_frames=2000 wall_ns=52403169725 stage=transport_frame count=2000 total_ns=36796101037 max_ns=28228722
SPF_IIOD_TIMING_V1 snapshot=1 dev=cf-ad9361-lpc metadata=1 burst=0 ring=0 direct=0 frame_iq_bytes=1048576 transported_iq_bytes=2097152000 transported_frames=2000 wall_ns=52403169725 stage=transport_iq count=2000 total_ns=34845718553 max_ns=26671470
SPF_IIOD_TIMING_V1 snapshot=1 dev=cf-ad9361-lpc metadata=1 burst=0 ring=0 direct=0 frame_iq_bytes=1048576 transported_iq_bytes=2202009600 transported_frames=2100 wall_ns=55024622341 stage=sampler_admit count=2100 total_ns=1041852332 max_ns=9096252
SPF_IIOD_TIMING_V1 snapshot=1 dev=cf-ad9361-lpc metadata=1 burst=0 ring=0 direct=0 frame_iq_bytes=1048576 transported_iq_bytes=2202009600 transported_frames=2100 wall_ns=55024622341 stage=dma_refill count=2100 total_ns=8225344153 max_ns=8535216
SPF_IIOD_TIMING_V1 snapshot=1 dev=cf-ad9361-lpc metadata=1 burst=0 ring=0 direct=0 frame_iq_bytes=1048576 transported_iq_bytes=2202009600 transported_frames=2100 wall_ns=55024622341 stage=sampler_finish count=2100 total_ns=1120783271 max_ns=3951288
SPF_IIOD_TIMING_V1 snapshot=1 dev=cf-ad9361-lpc metadata=1 burst=0 ring=0 direct=0 frame_iq_bytes=1048576 transported_iq_bytes=2202009600 transported_frames=2100 wall_ns=55024622341 stage=metadata_build count=2100 total_ns=1295203035 max_ns=4282032
SPF_IIOD_TIMING_V1 snapshot=1 dev=cf-ad9361-lpc metadata=1 burst=0 ring=0 direct=0 frame_iq_bytes=1048576 transported_iq_bytes=2202009600 transported_frames=2100 wall_ns=55024622341 stage=transport_frame count=2100 total_ns=38624597156 max_ns=28228722
SPF_IIOD_TIMING_V1 snapshot=1 dev=cf-ad9361-lpc metadata=1 burst=0 ring=0 direct=0 frame_iq_bytes=1048576 transported_iq_bytes=2202009600 transported_frames=2100 wall_ns=55024622341 stage=transport_iq count=2100 total_ns=36578934011 max_ns=26671470
SPF_IIOD_TIMING_V1 snapshot=1 dev=cf-ad9361-lpc metadata=1 burst=0 ring=0 direct=0 frame_iq_bytes=1048576 transported_iq_bytes=2306867200 transported_frames=2200 wall_ns=57646260345 stage=sampler_admit count=2200 total_ns=1086840562 max_ns=9096252
SPF_IIOD_TIMING_V1 snapshot=1 dev=cf-ad9361-lpc metadata=1 burst=0 ring=0 direct=0 frame_iq_bytes=1048576 transported_iq_bytes=2306867200 transported_frames=2200 wall_ns=57646260345 stage=dma_refill count=2200 total_ns=8641215430 max_ns=8535216
SPF_IIOD_TIMING_V1 snapshot=1 dev=cf-ad9361-lpc metadata=1 burst=0 ring=0 direct=0 frame_iq_bytes=1048576 transported_iq_bytes=2306867200 transported_frames=2200 wall_ns=57646260345 stage=sampler_finish count=2200 total_ns=1173326309 max_ns=3951288
SPF_IIOD_TIMING_V1 snapshot=1 dev=cf-ad9361-lpc metadata=1 burst=0 ring=0 direct=0 frame_iq_bytes=1048576 transported_iq_bytes=2306867200 transported_frames=2200 wall_ns=57646260345 stage=metadata_build count=2200 total_ns=1360474775 max_ns=4544112
SPF_IIOD_TIMING_V1 snapshot=1 dev=cf-ad9361-lpc metadata=1 burst=0 ring=0 direct=0 frame_iq_bytes=1048576 transported_iq_bytes=2306867200 transported_frames=2200 wall_ns=57646260345 stage=transport_frame count=2200 total_ns=40467612711 max_ns=28228722
SPF_IIOD_TIMING_V1 snapshot=1 dev=cf-ad9361-lpc metadata=1 burst=0 ring=0 direct=0 frame_iq_bytes=1048576 transported_iq_bytes=2306867200 transported_frames=2200 wall_ns=57646260345 stage=transport_iq count=2200 total_ns=38321066836 max_ns=26671470
SPF_IIOD_TIMING_V1 snapshot=1 dev=cf-ad9361-lpc metadata=1 burst=0 ring=0 direct=0 frame_iq_bytes=1048576 transported_iq_bytes=2411724800 transported_frames=2300 wall_ns=60267322043 stage=sampler_admit count=2300 total_ns=1141234576 max_ns=9096252
SPF_IIOD_TIMING_V1 snapshot=1 dev=cf-ad9361-lpc metadata=1 burst=0 ring=0 direct=0 frame_iq_bytes=1048576 transported_iq_bytes=2411724800 transported_frames=2300 wall_ns=60267322043 stage=dma_refill count=2300 total_ns=9070909648 max_ns=8900808
SPF_IIOD_TIMING_V1 snapshot=1 dev=cf-ad9361-lpc metadata=1 burst=0 ring=0 direct=0 frame_iq_bytes=1048576 transported_iq_bytes=2411724800 transported_frames=2300 wall_ns=60267322043 stage=sampler_finish count=2300 total_ns=1225700399 max_ns=3951288
SPF_IIOD_TIMING_V1 snapshot=1 dev=cf-ad9361-lpc metadata=1 burst=0 ring=0 direct=0 frame_iq_bytes=1048576 transported_iq_bytes=2411724800 transported_frames=2300 wall_ns=60267322043 stage=metadata_build count=2300 total_ns=1420790856 max_ns=4544112
SPF_IIOD_TIMING_V1 snapshot=1 dev=cf-ad9361-lpc metadata=1 burst=0 ring=0 direct=0 frame_iq_bytes=1048576 transported_iq_bytes=2411724800 transported_frames=2300 wall_ns=60267322043 stage=transport_frame count=2300 total_ns=42279085203 max_ns=28228722
SPF_IIOD_TIMING_V1 snapshot=1 dev=cf-ad9361-lpc metadata=1 burst=0 ring=0 direct=0 frame_iq_bytes=1048576 transported_iq_bytes=2411724800 transported_frames=2300 wall_ns=60267322043 stage=transport_iq count=2300 total_ns=40037385621 max_ns=26671470
SPF_IIOD_TIMING_V1 snapshot=1 dev=cf-ad9361-lpc metadata=1 burst=0 ring=0 direct=0 frame_iq_bytes=1048576 transported_iq_bytes=2516582400 transported_frames=2400 wall_ns=62888774017 stage=sampler_admit count=2400 total_ns=1184742664 max_ns=9096252
SPF_IIOD_TIMING_V1 snapshot=1 dev=cf-ad9361-lpc metadata=1 burst=0 ring=0 direct=0 frame_iq_bytes=1048576 transported_iq_bytes=2516582400 transported_frames=2400 wall_ns=62888774017 stage=dma_refill count=2400 total_ns=9459488355 max_ns=8900808
SPF_IIOD_TIMING_V1 snapshot=1 dev=cf-ad9361-lpc metadata=1 burst=0 ring=0 direct=0 frame_iq_bytes=1048576 transported_iq_bytes=2516582400 transported_frames=2400 wall_ns=62888774017 stage=sampler_finish count=2400 total_ns=1274750039 max_ns=3951288
SPF_IIOD_TIMING_V1 snapshot=1 dev=cf-ad9361-lpc metadata=1 burst=0 ring=0 direct=0 frame_iq_bytes=1048576 transported_iq_bytes=2516582400 transported_frames=2400 wall_ns=62888774017 stage=metadata_build count=2400 total_ns=1481658631 max_ns=4544112
SPF_IIOD_TIMING_V1 snapshot=1 dev=cf-ad9361-lpc metadata=1 burst=0 ring=0 direct=0 frame_iq_bytes=1048576 transported_iq_bytes=2516582400 transported_frames=2400 wall_ns=62888774017 stage=transport_frame count=2400 total_ns=44123201547 max_ns=28228722
SPF_IIOD_TIMING_V1 snapshot=1 dev=cf-ad9361-lpc metadata=1 burst=0 ring=0 direct=0 frame_iq_bytes=1048576 transported_iq_bytes=2516582400 transported_frames=2400 wall_ns=62888774017 stage=transport_iq count=2400 total_ns=41784952520 max_ns=26671470
SPF_IIOD_TIMING_V1 snapshot=1 dev=cf-ad9361-lpc metadata=1 burst=0 ring=0 direct=0 frame_iq_bytes=1048576 transported_iq_bytes=2621440000 transported_frames=2500 wall_ns=65510285385 stage=sampler_admit count=2500 total_ns=1231369775 max_ns=9096252
SPF_IIOD_TIMING_V1 snapshot=1 dev=cf-ad9361-lpc metadata=1 burst=0 ring=0 direct=0 frame_iq_bytes=1048576 transported_iq_bytes=2621440000 transported_frames=2500 wall_ns=65510285385 stage=dma_refill count=2500 total_ns=9822764304 max_ns=8900808
SPF_IIOD_TIMING_V1 snapshot=1 dev=cf-ad9361-lpc metadata=1 burst=0 ring=0 direct=0 frame_iq_bytes=1048576 transported_iq_bytes=2621440000 transported_frames=2500 wall_ns=65510285385 stage=sampler_finish count=2500 total_ns=1326396665 max_ns=3951288
SPF_IIOD_TIMING_V1 snapshot=1 dev=cf-ad9361-lpc metadata=1 burst=0 ring=0 direct=0 frame_iq_bytes=1048576 transported_iq_bytes=2621440000 transported_frames=2500 wall_ns=65510285385 stage=metadata_build count=2500 total_ns=1542135177 max_ns=4544112
SPF_IIOD_TIMING_V1 snapshot=1 dev=cf-ad9361-lpc metadata=1 burst=0 ring=0 direct=0 frame_iq_bytes=1048576 transported_iq_bytes=2621440000 transported_frames=2500 wall_ns=65510285385 stage=transport_frame count=2500 total_ns=45972550612 max_ns=28228722
SPF_IIOD_TIMING_V1 snapshot=1 dev=cf-ad9361-lpc metadata=1 burst=0 ring=0 direct=0 frame_iq_bytes=1048576 transported_iq_bytes=2621440000 transported_frames=2500 wall_ns=65510285385 stage=transport_iq count=2500 total_ns=43537525447 max_ns=26671470
SPF_IIOD_TIMING_V1 snapshot=1 dev=cf-ad9361-lpc metadata=1 burst=0 ring=0 direct=0 frame_iq_bytes=1048576 transported_iq_bytes=2726297600 transported_frames=2600 wall_ns=68132917523 stage=sampler_admit count=2600 total_ns=1278091709 max_ns=9096252
SPF_IIOD_TIMING_V1 snapshot=1 dev=cf-ad9361-lpc metadata=1 burst=0 ring=0 direct=0 frame_iq_bytes=1048576 transported_iq_bytes=2726297600 transported_frames=2600 wall_ns=68132917523 stage=dma_refill count=2600 total_ns=10248140927 max_ns=8900808
SPF_IIOD_TIMING_V1 snapshot=1 dev=cf-ad9361-lpc metadata=1 burst=0 ring=0 direct=0 frame_iq_bytes=1048576 transported_iq_bytes=2726297600 transported_frames=2600 wall_ns=68132917523 stage=sampler_finish count=2600 total_ns=1378860221 max_ns=3958224
SPF_IIOD_TIMING_V1 snapshot=1 dev=cf-ad9361-lpc metadata=1 burst=0 ring=0 direct=0 frame_iq_bytes=1048576 transported_iq_bytes=2726297600 transported_frames=2600 wall_ns=68132917523 stage=metadata_build count=2600 total_ns=1603056035 max_ns=4544112
SPF_IIOD_TIMING_V1 snapshot=1 dev=cf-ad9361-lpc metadata=1 burst=0 ring=0 direct=0 frame_iq_bytes=1048576 transported_iq_bytes=2726297600 transported_frames=2600 wall_ns=68132917523 stage=transport_frame count=2600 total_ns=47812330217 max_ns=28228722
SPF_IIOD_TIMING_V1 snapshot=1 dev=cf-ad9361-lpc metadata=1 burst=0 ring=0 direct=0 frame_iq_bytes=1048576 transported_iq_bytes=2726297600 transported_frames=2600 wall_ns=68132917523 stage=transport_iq count=2600 total_ns=45281266842 max_ns=26671470
SPF_IIOD_TIMING_V1 snapshot=1 dev=cf-ad9361-lpc metadata=1 burst=0 ring=0 direct=0 frame_iq_bytes=1048576 transported_iq_bytes=2831155200 transported_frames=2700 wall_ns=70752850105 stage=sampler_admit count=2700 total_ns=1336703406 max_ns=9096252
SPF_IIOD_TIMING_V1 snapshot=1 dev=cf-ad9361-lpc metadata=1 burst=0 ring=0 direct=0 frame_iq_bytes=1048576 transported_iq_bytes=2831155200 transported_frames=2700 wall_ns=70752850105 stage=dma_refill count=2700 total_ns=10653079113 max_ns=8900808
SPF_IIOD_TIMING_V1 snapshot=1 dev=cf-ad9361-lpc metadata=1 burst=0 ring=0 direct=0 frame_iq_bytes=1048576 transported_iq_bytes=2831155200 transported_frames=2700 wall_ns=70752850105 stage=sampler_finish count=2700 total_ns=1441769790 max_ns=3958224
SPF_IIOD_TIMING_V1 snapshot=1 dev=cf-ad9361-lpc metadata=1 burst=0 ring=0 direct=0 frame_iq_bytes=1048576 transported_iq_bytes=2831155200 transported_frames=2700 wall_ns=70752850105 stage=metadata_build count=2700 total_ns=1663147668 max_ns=4544112
SPF_IIOD_TIMING_V1 snapshot=1 dev=cf-ad9361-lpc metadata=1 burst=0 ring=0 direct=0 frame_iq_bytes=1048576 transported_iq_bytes=2831155200 transported_frames=2700 wall_ns=70752850105 stage=transport_frame count=2700 total_ns=49596469300 max_ns=28228722
SPF_IIOD_TIMING_V1 snapshot=1 dev=cf-ad9361-lpc metadata=1 burst=0 ring=0 direct=0 frame_iq_bytes=1048576 transported_iq_bytes=2831155200 transported_frames=2700 wall_ns=70752850105 stage=transport_iq count=2700 total_ns=46971385300 max_ns=26671470
SPF_IIOD_TIMING_V1 snapshot=1 dev=cf-ad9361-lpc metadata=1 burst=0 ring=0 direct=0 frame_iq_bytes=1048576 transported_iq_bytes=2936012800 transported_frames=2800 wall_ns=73374996327 stage=sampler_admit count=2800 total_ns=1388597568 max_ns=9096252
SPF_IIOD_TIMING_V1 snapshot=1 dev=cf-ad9361-lpc metadata=1 burst=0 ring=0 direct=0 frame_iq_bytes=1048576 transported_iq_bytes=2936012800 transported_frames=2800 wall_ns=73374996327 stage=dma_refill count=2800 total_ns=11039759281 max_ns=8900808
SPF_IIOD_TIMING_V1 snapshot=1 dev=cf-ad9361-lpc metadata=1 burst=0 ring=0 direct=0 frame_iq_bytes=1048576 transported_iq_bytes=2936012800 transported_frames=2800 wall_ns=73374996327 stage=sampler_finish count=2800 total_ns=1496798089 max_ns=3958224
SPF_IIOD_TIMING_V1 snapshot=1 dev=cf-ad9361-lpc metadata=1 burst=0 ring=0 direct=0 frame_iq_bytes=1048576 transported_iq_bytes=2936012800 transported_frames=2800 wall_ns=73374996327 stage=metadata_build count=2800 total_ns=1723434006 max_ns=4544112
SPF_IIOD_TIMING_V1 snapshot=1 dev=cf-ad9361-lpc metadata=1 burst=0 ring=0 direct=0 frame_iq_bytes=1048576 transported_iq_bytes=2936012800 transported_frames=2800 wall_ns=73374996327 stage=transport_frame count=2800 total_ns=51429478624 max_ns=28228722
SPF_IIOD_TIMING_V1 snapshot=1 dev=cf-ad9361-lpc metadata=1 burst=0 ring=0 direct=0 frame_iq_bytes=1048576 transported_iq_bytes=2936012800 transported_frames=2800 wall_ns=73374996327 stage=transport_iq count=2800 total_ns=48708691179 max_ns=26671470
SPF_IIOD_TIMING_V1 snapshot=1 dev=cf-ad9361-lpc metadata=1 burst=0 ring=0 direct=0 frame_iq_bytes=1048576 transported_iq_bytes=3040870400 transported_frames=2900 wall_ns=75995427161 stage=sampler_admit count=2900 total_ns=1441050756 max_ns=9096252
SPF_IIOD_TIMING_V1 snapshot=1 dev=cf-ad9361-lpc metadata=1 burst=0 ring=0 direct=0 frame_iq_bytes=1048576 transported_iq_bytes=3040870400 transported_frames=2900 wall_ns=75995427161 stage=dma_refill count=2900 total_ns=11402474008 max_ns=9008034
SPF_IIOD_TIMING_V1 snapshot=1 dev=cf-ad9361-lpc metadata=1 burst=0 ring=0 direct=0 frame_iq_bytes=1048576 transported_iq_bytes=3040870400 transported_frames=2900 wall_ns=75995427161 stage=sampler_finish count=2900 total_ns=1551502394 max_ns=3958224
SPF_IIOD_TIMING_V1 snapshot=1 dev=cf-ad9361-lpc metadata=1 burst=0 ring=0 direct=0 frame_iq_bytes=1048576 transported_iq_bytes=3040870400 transported_frames=2900 wall_ns=75995427161 stage=metadata_build count=2900 total_ns=1784967558 max_ns=4544112
SPF_IIOD_TIMING_V1 snapshot=1 dev=cf-ad9361-lpc metadata=1 burst=0 ring=0 direct=0 frame_iq_bytes=1048576 transported_iq_bytes=3040870400 transported_frames=2900 wall_ns=75995427161 stage=transport_frame count=2900 total_ns=53263400926 max_ns=28228722
SPF_IIOD_TIMING_V1 snapshot=1 dev=cf-ad9361-lpc metadata=1 burst=0 ring=0 direct=0 frame_iq_bytes=1048576 transported_iq_bytes=3040870400 transported_frames=2900 wall_ns=75995427161 stage=transport_iq count=2900 total_ns=50445067939 max_ns=26671470
SPF_IIOD_TIMING_V1 snapshot=1 dev=cf-ad9361-lpc metadata=1 burst=0 ring=0 direct=0 frame_iq_bytes=1048576 transported_iq_bytes=3145728000 transported_frames=3000 wall_ns=78617081317 stage=sampler_admit count=3000 total_ns=1493379140 max_ns=9096252
SPF_IIOD_TIMING_V1 snapshot=1 dev=cf-ad9361-lpc metadata=1 burst=0 ring=0 direct=0 frame_iq_bytes=1048576 transported_iq_bytes=3145728000 transported_frames=3000 wall_ns=78617081317 stage=dma_refill count=3000 total_ns=11732097462 max_ns=9008034
SPF_IIOD_TIMING_V1 snapshot=1 dev=cf-ad9361-lpc metadata=1 burst=0 ring=0 direct=0 frame_iq_bytes=1048576 transported_iq_bytes=3145728000 transported_frames=3000 wall_ns=78617081317 stage=sampler_finish count=3000 total_ns=1608250185 max_ns=3958224
SPF_IIOD_TIMING_V1 snapshot=1 dev=cf-ad9361-lpc metadata=1 burst=0 ring=0 direct=0 frame_iq_bytes=1048576 transported_iq_bytes=3145728000 transported_frames=3000 wall_ns=78617081317 stage=metadata_build count=3000 total_ns=1845695845 max_ns=4544112
SPF_IIOD_TIMING_V1 snapshot=1 dev=cf-ad9361-lpc metadata=1 burst=0 ring=0 direct=0 frame_iq_bytes=1048576 transported_iq_bytes=3145728000 transported_frames=3000 wall_ns=78617081317 stage=transport_frame count=3000 total_ns=55119508761 max_ns=28228722
SPF_IIOD_TIMING_V1 snapshot=1 dev=cf-ad9361-lpc metadata=1 burst=0 ring=0 direct=0 frame_iq_bytes=1048576 transported_iq_bytes=3145728000 transported_frames=3000 wall_ns=78617081317 stage=transport_iq count=3000 total_ns=52203667954 max_ns=26671470
SPF_IIOD_TIMING_V1 snapshot=1 dev=cf-ad9361-lpc metadata=1 burst=0 ring=0 direct=0 frame_iq_bytes=1048576 transported_iq_bytes=3250585600 transported_frames=3100 wall_ns=81238995987 stage=sampler_admit count=3100 total_ns=1539103749 max_ns=9096252
SPF_IIOD_TIMING_V1 snapshot=1 dev=cf-ad9361-lpc metadata=1 burst=0 ring=0 direct=0 frame_iq_bytes=1048576 transported_iq_bytes=3250585600 transported_frames=3100 wall_ns=81238995987 stage=dma_refill count=3100 total_ns=12117372008 max_ns=9008034
SPF_IIOD_TIMING_V1 snapshot=1 dev=cf-ad9361-lpc metadata=1 burst=0 ring=0 direct=0 frame_iq_bytes=1048576 transported_iq_bytes=3250585600 transported_frames=3100 wall_ns=81238995987 stage=sampler_finish count=3100 total_ns=1660884130 max_ns=3958224
SPF_IIOD_TIMING_V1 snapshot=1 dev=cf-ad9361-lpc metadata=1 burst=0 ring=0 direct=0 frame_iq_bytes=1048576 transported_iq_bytes=3250585600 transported_frames=3100 wall_ns=81238995987 stage=metadata_build count=3100 total_ns=1906199851 max_ns=4544112
SPF_IIOD_TIMING_V1 snapshot=1 dev=cf-ad9361-lpc metadata=1 burst=0 ring=0 direct=0 frame_iq_bytes=1048576 transported_iq_bytes=3250585600 transported_frames=3100 wall_ns=81238995987 stage=transport_frame count=3100 total_ns=56957865465 max_ns=28228722
SPF_IIOD_TIMING_V1 snapshot=1 dev=cf-ad9361-lpc metadata=1 burst=0 ring=0 direct=0 frame_iq_bytes=1048576 transported_iq_bytes=3250585600 transported_frames=3100 wall_ns=81238995987 stage=transport_iq count=3100 total_ns=53946371794 max_ns=26671470
SPF_IIOD_TIMING_V1 snapshot=1 dev=cf-ad9361-lpc metadata=1 burst=0 ring=0 direct=0 frame_iq_bytes=1048576 transported_iq_bytes=3355443200 transported_frames=3200 wall_ns=83859298841 stage=sampler_admit count=3200 total_ns=1584885369 max_ns=9096252
SPF_IIOD_TIMING_V1 snapshot=1 dev=cf-ad9361-lpc metadata=1 burst=0 ring=0 direct=0 frame_iq_bytes=1048576 transported_iq_bytes=3355443200 transported_frames=3200 wall_ns=83859298841 stage=dma_refill count=3200 total_ns=12508456560 max_ns=9008034
SPF_IIOD_TIMING_V1 snapshot=1 dev=cf-ad9361-lpc metadata=1 burst=0 ring=0 direct=0 frame_iq_bytes=1048576 transported_iq_bytes=3355443200 transported_frames=3200 wall_ns=83859298841 stage=sampler_finish count=3200 total_ns=1714322910 max_ns=3958224
SPF_IIOD_TIMING_V1 snapshot=1 dev=cf-ad9361-lpc metadata=1 burst=0 ring=0 direct=0 frame_iq_bytes=1048576 transported_iq_bytes=3355443200 transported_frames=3200 wall_ns=83859298841 stage=metadata_build count=3200 total_ns=1967070799 max_ns=4544112
SPF_IIOD_TIMING_V1 snapshot=1 dev=cf-ad9361-lpc metadata=1 burst=0 ring=0 direct=0 frame_iq_bytes=1048576 transported_iq_bytes=3355443200 transported_frames=3200 wall_ns=83859298841 stage=transport_frame count=3200 total_ns=58800303033 max_ns=28228722
SPF_IIOD_TIMING_V1 snapshot=1 dev=cf-ad9361-lpc metadata=1 burst=0 ring=0 direct=0 frame_iq_bytes=1048576 transported_iq_bytes=3355443200 transported_frames=3200 wall_ns=83859298841 stage=transport_iq count=3200 total_ns=55692175216 max_ns=26671470
SPF_IIOD_TIMING_V1 snapshot=1 dev=cf-ad9361-lpc metadata=1 burst=0 ring=0 direct=0 frame_iq_bytes=1048576 transported_iq_bytes=3460300800 transported_frames=3300 wall_ns=86481128275 stage=sampler_admit count=3300 total_ns=1630311321 max_ns=9096252
SPF_IIOD_TIMING_V1 snapshot=1 dev=cf-ad9361-lpc metadata=1 burst=0 ring=0 direct=0 frame_iq_bytes=1048576 transported_iq_bytes=3460300800 transported_frames=3300 wall_ns=86481128275 stage=dma_refill count=3300 total_ns=12889943571 max_ns=9008034
SPF_IIOD_TIMING_V1 snapshot=1 dev=cf-ad9361-lpc metadata=1 burst=0 ring=0 direct=0 frame_iq_bytes=1048576 transported_iq_bytes=3460300800 transported_frames=3300 wall_ns=86481128275 stage=sampler_finish count=3300 total_ns=1767690558 max_ns=3958224
SPF_IIOD_TIMING_V1 snapshot=1 dev=cf-ad9361-lpc metadata=1 burst=0 ring=0 direct=0 frame_iq_bytes=1048576 transported_iq_bytes=3460300800 transported_frames=3300 wall_ns=86481128275 stage=metadata_build count=3300 total_ns=2027342312 max_ns=4544112
SPF_IIOD_TIMING_V1 snapshot=1 dev=cf-ad9361-lpc metadata=1 burst=0 ring=0 direct=0 frame_iq_bytes=1048576 transported_iq_bytes=3460300800 transported_frames=3300 wall_ns=86481128275 stage=transport_frame count=3300 total_ns=60653410817 max_ns=28228722
SPF_IIOD_TIMING_V1 snapshot=1 dev=cf-ad9361-lpc metadata=1 burst=0 ring=0 direct=0 frame_iq_bytes=1048576 transported_iq_bytes=3460300800 transported_frames=3300 wall_ns=86481128275 stage=transport_iq count=3300 total_ns=57448746497 max_ns=26671470
SPF_IIOD_TIMING_V1 snapshot=1 dev=cf-ad9361-lpc metadata=1 burst=0 ring=0 direct=0 frame_iq_bytes=1048576 transported_iq_bytes=3565158400 transported_frames=3400 wall_ns=89103225585 stage=sampler_admit count=3400 total_ns=1677018676 max_ns=9096252
SPF_IIOD_TIMING_V1 snapshot=1 dev=cf-ad9361-lpc metadata=1 burst=0 ring=0 direct=0 frame_iq_bytes=1048576 transported_iq_bytes=3565158400 transported_frames=3400 wall_ns=89103225585 stage=dma_refill count=3400 total_ns=13251176808 max_ns=9008034
SPF_IIOD_TIMING_V1 snapshot=1 dev=cf-ad9361-lpc metadata=1 burst=0 ring=0 direct=0 frame_iq_bytes=1048576 transported_iq_bytes=3565158400 transported_frames=3400 wall_ns=89103225585 stage=sampler_finish count=3400 total_ns=1829562552 max_ns=3958224
SPF_IIOD_TIMING_V1 snapshot=1 dev=cf-ad9361-lpc metadata=1 burst=0 ring=0 direct=0 frame_iq_bytes=1048576 transported_iq_bytes=3565158400 transported_frames=3400 wall_ns=89103225585 stage=metadata_build count=3400 total_ns=2087677119 max_ns=4544112
SPF_IIOD_TIMING_V1 snapshot=1 dev=cf-ad9361-lpc metadata=1 burst=0 ring=0 direct=0 frame_iq_bytes=1048576 transported_iq_bytes=3565158400 transported_frames=3400 wall_ns=89103225585 stage=transport_frame count=3400 total_ns=62483895602 max_ns=28228722
SPF_IIOD_TIMING_V1 snapshot=1 dev=cf-ad9361-lpc metadata=1 burst=0 ring=0 direct=0 frame_iq_bytes=1048576 transported_iq_bytes=3565158400 transported_frames=3400 wall_ns=89103225585 stage=transport_iq count=3400 total_ns=59183373474 max_ns=26671470
SPF_IIOD_TIMING_V1 snapshot=1 dev=cf-ad9361-lpc metadata=1 burst=0 ring=0 direct=0 frame_iq_bytes=1048576 transported_iq_bytes=3670016000 transported_frames=3500 wall_ns=91723742831 stage=sampler_admit count=3500 total_ns=1726659521 max_ns=9096252
SPF_IIOD_TIMING_V1 snapshot=1 dev=cf-ad9361-lpc metadata=1 burst=0 ring=0 direct=0 frame_iq_bytes=1048576 transported_iq_bytes=3670016000 transported_frames=3500 wall_ns=91723742831 stage=dma_refill count=3500 total_ns=13616490861 max_ns=9008034
SPF_IIOD_TIMING_V1 snapshot=1 dev=cf-ad9361-lpc metadata=1 burst=0 ring=0 direct=0 frame_iq_bytes=1048576 transported_iq_bytes=3670016000 transported_frames=3500 wall_ns=91723742831 stage=sampler_finish count=3500 total_ns=1888311541 max_ns=3958224
SPF_IIOD_TIMING_V1 snapshot=1 dev=cf-ad9361-lpc metadata=1 burst=0 ring=0 direct=0 frame_iq_bytes=1048576 transported_iq_bytes=3670016000 transported_frames=3500 wall_ns=91723742831 stage=metadata_build count=3500 total_ns=2148370486 max_ns=4544112
SPF_IIOD_TIMING_V1 snapshot=1 dev=cf-ad9361-lpc metadata=1 burst=0 ring=0 direct=0 frame_iq_bytes=1048576 transported_iq_bytes=3670016000 transported_frames=3500 wall_ns=91723742831 stage=transport_frame count=3500 total_ns=64324752831 max_ns=28228722
SPF_IIOD_TIMING_V1 snapshot=1 dev=cf-ad9361-lpc metadata=1 burst=0 ring=0 direct=0 frame_iq_bytes=1048576 transported_iq_bytes=3670016000 transported_frames=3500 wall_ns=91723742831 stage=transport_iq count=3500 total_ns=60927645786 max_ns=26671470
SPF_IIOD_TIMING_V1 snapshot=1 dev=cf-ad9361-lpc metadata=1 burst=0 ring=0 direct=0 frame_iq_bytes=1048576 transported_iq_bytes=3774873600 transported_frames=3600 wall_ns=94345129615 stage=sampler_admit count=3600 total_ns=1772627916 max_ns=9096252
SPF_IIOD_TIMING_V1 snapshot=1 dev=cf-ad9361-lpc metadata=1 burst=0 ring=0 direct=0 frame_iq_bytes=1048576 transported_iq_bytes=3774873600 transported_frames=3600 wall_ns=94345129615 stage=dma_refill count=3600 total_ns=13981118744 max_ns=9008034
SPF_IIOD_TIMING_V1 snapshot=1 dev=cf-ad9361-lpc metadata=1 burst=0 ring=0 direct=0 frame_iq_bytes=1048576 transported_iq_bytes=3774873600 transported_frames=3600 wall_ns=94345129615 stage=sampler_finish count=3600 total_ns=1949584213 max_ns=3958224
SPF_IIOD_TIMING_V1 snapshot=1 dev=cf-ad9361-lpc metadata=1 burst=0 ring=0 direct=0 frame_iq_bytes=1048576 transported_iq_bytes=3774873600 transported_frames=3600 wall_ns=94345129615 stage=metadata_build count=3600 total_ns=2208568793 max_ns=4544112
SPF_IIOD_TIMING_V1 snapshot=1 dev=cf-ad9361-lpc metadata=1 burst=0 ring=0 direct=0 frame_iq_bytes=1048576 transported_iq_bytes=3774873600 transported_frames=3600 wall_ns=94345129615 stage=transport_frame count=3600 total_ns=66152247615 max_ns=28228722
SPF_IIOD_TIMING_V1 snapshot=1 dev=cf-ad9361-lpc metadata=1 burst=0 ring=0 direct=0 frame_iq_bytes=1048576 transported_iq_bytes=3774873600 transported_frames=3600 wall_ns=94345129615 stage=transport_iq count=3600 total_ns=62659488053 max_ns=26671470
SPF_IIOD_TIMING_V1 snapshot=1 dev=cf-ad9361-lpc metadata=1 burst=0 ring=0 direct=0 frame_iq_bytes=1048576 transported_iq_bytes=3879731200 transported_frames=3700 wall_ns=96968728701 stage=sampler_admit count=3700 total_ns=1820799414 max_ns=9096252
SPF_IIOD_TIMING_V1 snapshot=1 dev=cf-ad9361-lpc metadata=1 burst=0 ring=0 direct=0 frame_iq_bytes=1048576 transported_iq_bytes=3879731200 transported_frames=3700 wall_ns=96968728701 stage=dma_refill count=3700 total_ns=14360761357 max_ns=9008034
SPF_IIOD_TIMING_V1 snapshot=1 dev=cf-ad9361-lpc metadata=1 burst=0 ring=0 direct=0 frame_iq_bytes=1048576 transported_iq_bytes=3879731200 transported_frames=3700 wall_ns=96968728701 stage=sampler_finish count=3700 total_ns=2003366191 max_ns=3958224
SPF_IIOD_TIMING_V1 snapshot=1 dev=cf-ad9361-lpc metadata=1 burst=0 ring=0 direct=0 frame_iq_bytes=1048576 transported_iq_bytes=3879731200 transported_frames=3700 wall_ns=96968728701 stage=metadata_build count=3700 total_ns=2268917220 max_ns=4544112
SPF_IIOD_TIMING_V1 snapshot=1 dev=cf-ad9361-lpc metadata=1 burst=0 ring=0 direct=0 frame_iq_bytes=1048576 transported_iq_bytes=3879731200 transported_frames=3700 wall_ns=96968728701 stage=transport_frame count=3700 total_ns=67994263042 max_ns=28228722
SPF_IIOD_TIMING_V1 snapshot=1 dev=cf-ad9361-lpc metadata=1 burst=0 ring=0 direct=0 frame_iq_bytes=1048576 transported_iq_bytes=3879731200 transported_frames=3700 wall_ns=96968728701 stage=transport_iq count=3700 total_ns=64405170965 max_ns=26671470
SPF_IIOD_TIMING_V1 snapshot=1 dev=cf-ad9361-lpc metadata=1 burst=0 ring=0 direct=0 frame_iq_bytes=1048576 transported_iq_bytes=3984588800 transported_frames=3800 wall_ns=99590283203 stage=sampler_admit count=3800 total_ns=1868281843 max_ns=9096252
SPF_IIOD_TIMING_V1 snapshot=1 dev=cf-ad9361-lpc metadata=1 burst=0 ring=0 direct=0 frame_iq_bytes=1048576 transported_iq_bytes=3984588800 transported_frames=3800 wall_ns=99590283203 stage=dma_refill count=3800 total_ns=14772461466 max_ns=9008034
SPF_IIOD_TIMING_V1 snapshot=1 dev=cf-ad9361-lpc metadata=1 burst=0 ring=0 direct=0 frame_iq_bytes=1048576 transported_iq_bytes=3984588800 transported_frames=3800 wall_ns=99590283203 stage=sampler_finish count=3800 total_ns=2058944671 max_ns=3958224
SPF_IIOD_TIMING_V1 snapshot=1 dev=cf-ad9361-lpc metadata=1 burst=0 ring=0 direct=0 frame_iq_bytes=1048576 transported_iq_bytes=3984588800 transported_frames=3800 wall_ns=99590283203 stage=metadata_build count=3800 total_ns=2329906045 max_ns=4544112
SPF_IIOD_TIMING_V1 snapshot=1 dev=cf-ad9361-lpc metadata=1 burst=0 ring=0 direct=0 frame_iq_bytes=1048576 transported_iq_bytes=3984588800 transported_frames=3800 wall_ns=99590283203 stage=transport_frame count=3800 total_ns=69841411901 max_ns=28228722
SPF_IIOD_TIMING_V1 snapshot=1 dev=cf-ad9361-lpc metadata=1 burst=0 ring=0 direct=0 frame_iq_bytes=1048576 transported_iq_bytes=3984588800 transported_frames=3800 wall_ns=99590283203 stage=transport_iq count=3800 total_ns=66155613095 max_ns=26671470
SPF_IIOD_TIMING_V1 snapshot=1 dev=cf-ad9361-lpc metadata=1 burst=0 ring=0 direct=0 frame_iq_bytes=1048576 transported_iq_bytes=4089446400 transported_frames=3900 wall_ns=102209169109 stage=sampler_admit count=3900 total_ns=1908861793 max_ns=9096252
SPF_IIOD_TIMING_V1 snapshot=1 dev=cf-ad9361-lpc metadata=1 burst=0 ring=0 direct=0 frame_iq_bytes=1048576 transported_iq_bytes=4089446400 transported_frames=3900 wall_ns=102209169109 stage=dma_refill count=3900 total_ns=15135498137 max_ns=9008034
SPF_IIOD_TIMING_V1 snapshot=1 dev=cf-ad9361-lpc metadata=1 burst=0 ring=0 direct=0 frame_iq_bytes=1048576 transported_iq_bytes=4089446400 transported_frames=3900 wall_ns=102209169109 stage=sampler_finish count=3900 total_ns=2114733049 max_ns=3958224
SPF_IIOD_TIMING_V1 snapshot=1 dev=cf-ad9361-lpc metadata=1 burst=0 ring=0 direct=0 frame_iq_bytes=1048576 transported_iq_bytes=4089446400 transported_frames=3900 wall_ns=102209169109 stage=metadata_build count=3900 total_ns=2390385296 max_ns=4544112
SPF_IIOD_TIMING_V1 snapshot=1 dev=cf-ad9361-lpc metadata=1 burst=0 ring=0 direct=0 frame_iq_bytes=1048576 transported_iq_bytes=4089446400 transported_frames=3900 wall_ns=102209169109 stage=transport_frame count=3900 total_ns=71694282570 max_ns=28228722
SPF_IIOD_TIMING_V1 snapshot=1 dev=cf-ad9361-lpc metadata=1 burst=0 ring=0 direct=0 frame_iq_bytes=1048576 transported_iq_bytes=4089446400 transported_frames=3900 wall_ns=102209169109 stage=transport_iq count=3900 total_ns=67911895667 max_ns=26671470
SPF_IIOD_TIMING_V1 snapshot=1 dev=cf-ad9361-lpc metadata=1 burst=0 ring=0 direct=0 frame_iq_bytes=1048576 transported_iq_bytes=4194304000 transported_frames=4000 wall_ns=104831630493 stage=sampler_admit count=4000 total_ns=1954619533 max_ns=9096252
SPF_IIOD_TIMING_V1 snapshot=1 dev=cf-ad9361-lpc metadata=1 burst=0 ring=0 direct=0 frame_iq_bytes=1048576 transported_iq_bytes=4194304000 transported_frames=4000 wall_ns=104831630493 stage=dma_refill count=4000 total_ns=15493902225 max_ns=9008034
SPF_IIOD_TIMING_V1 snapshot=1 dev=cf-ad9361-lpc metadata=1 burst=0 ring=0 direct=0 frame_iq_bytes=1048576 transported_iq_bytes=4194304000 transported_frames=4000 wall_ns=104831630493 stage=sampler_finish count=4000 total_ns=2168788147 max_ns=3958224
SPF_IIOD_TIMING_V1 snapshot=1 dev=cf-ad9361-lpc metadata=1 burst=0 ring=0 direct=0 frame_iq_bytes=1048576 transported_iq_bytes=4194304000 transported_frames=4000 wall_ns=104831630493 stage=metadata_build count=4000 total_ns=2451423933 max_ns=4544112
SPF_IIOD_TIMING_V1 snapshot=1 dev=cf-ad9361-lpc metadata=1 burst=0 ring=0 direct=0 frame_iq_bytes=1048576 transported_iq_bytes=4194304000 transported_frames=4000 wall_ns=104831630493 stage=transport_frame count=4000 total_ns=73545001818 max_ns=28228722
SPF_IIOD_TIMING_V1 snapshot=1 dev=cf-ad9361-lpc metadata=1 burst=0 ring=0 direct=0 frame_iq_bytes=1048576 transported_iq_bytes=4194304000 transported_frames=4000 wall_ns=104831630493 stage=transport_iq count=4000 total_ns=69664916962 max_ns=26671470
SPF_IIOD_TIMING_V1 snapshot=1 dev=cf-ad9361-lpc metadata=1 burst=0 ring=0 direct=0 frame_iq_bytes=1048576 transported_iq_bytes=4299161600 transported_frames=4100 wall_ns=107451817193 stage=sampler_admit count=4100 total_ns=2003866670 max_ns=9096252
SPF_IIOD_TIMING_V1 snapshot=1 dev=cf-ad9361-lpc metadata=1 burst=0 ring=0 direct=0 frame_iq_bytes=1048576 transported_iq_bytes=4299161600 transported_frames=4100 wall_ns=107451817193 stage=dma_refill count=4100 total_ns=15880794415 max_ns=9008034
SPF_IIOD_TIMING_V1 snapshot=1 dev=cf-ad9361-lpc metadata=1 burst=0 ring=0 direct=0 frame_iq_bytes=1048576 transported_iq_bytes=4299161600 transported_frames=4100 wall_ns=107451817193 stage=sampler_finish count=4100 total_ns=2226517310 max_ns=3958224
SPF_IIOD_TIMING_V1 snapshot=1 dev=cf-ad9361-lpc metadata=1 burst=0 ring=0 direct=0 frame_iq_bytes=1048576 transported_iq_bytes=4299161600 transported_frames=4100 wall_ns=107451817193 stage=metadata_build count=4100 total_ns=2512264569 max_ns=4544112
SPF_IIOD_TIMING_V1 snapshot=1 dev=cf-ad9361-lpc metadata=1 burst=0 ring=0 direct=0 frame_iq_bytes=1048576 transported_iq_bytes=4299161600 transported_frames=4100 wall_ns=107451817193 stage=transport_frame count=4100 total_ns=75353756530 max_ns=28228722
SPF_IIOD_TIMING_V1 snapshot=1 dev=cf-ad9361-lpc metadata=1 burst=0 ring=0 direct=0 frame_iq_bytes=1048576 transported_iq_bytes=4299161600 transported_frames=4100 wall_ns=107451817193 stage=transport_iq count=4100 total_ns=71377492627 max_ns=26671470
SPF_IIOD_TIMING_V1 snapshot=1 dev=cf-ad9361-lpc metadata=1 burst=0 ring=0 direct=0 frame_iq_bytes=1048576 transported_iq_bytes=4404019200 transported_frames=4200 wall_ns=110073213547 stage=sampler_admit count=4200 total_ns=2051409681 max_ns=9096252
SPF_IIOD_TIMING_V1 snapshot=1 dev=cf-ad9361-lpc metadata=1 burst=0 ring=0 direct=0 frame_iq_bytes=1048576 transported_iq_bytes=4404019200 transported_frames=4200 wall_ns=110073213547 stage=dma_refill count=4200 total_ns=16259883262 max_ns=9008034
SPF_IIOD_TIMING_V1 snapshot=1 dev=cf-ad9361-lpc metadata=1 burst=0 ring=0 direct=0 frame_iq_bytes=1048576 transported_iq_bytes=4404019200 transported_frames=4200 wall_ns=110073213547 stage=sampler_finish count=4200 total_ns=2279382802 max_ns=3958224
SPF_IIOD_TIMING_V1 snapshot=1 dev=cf-ad9361-lpc metadata=1 burst=0 ring=0 direct=0 frame_iq_bytes=1048576 transported_iq_bytes=4404019200 transported_frames=4200 wall_ns=110073213547 stage=metadata_build count=4200 total_ns=2573315085 max_ns=4544112
SPF_IIOD_TIMING_V1 snapshot=1 dev=cf-ad9361-lpc metadata=1 burst=0 ring=0 direct=0 frame_iq_bytes=1048576 transported_iq_bytes=4404019200 transported_frames=4200 wall_ns=110073213547 stage=transport_frame count=4200 total_ns=77197618047 max_ns=28228722
SPF_IIOD_TIMING_V1 snapshot=1 dev=cf-ad9361-lpc metadata=1 burst=0 ring=0 direct=0 frame_iq_bytes=1048576 transported_iq_bytes=4404019200 transported_frames=4200 wall_ns=110073213547 stage=transport_iq count=4200 total_ns=73124352815 max_ns=26671470
SPF_IIOD_TIMING_V1 snapshot=1 dev=cf-ad9361-lpc metadata=1 burst=0 ring=0 direct=0 frame_iq_bytes=1048576 transported_iq_bytes=4508876800 transported_frames=4300 wall_ns=112694799856 stage=sampler_admit count=4300 total_ns=2097085336 max_ns=9096252
SPF_IIOD_TIMING_V1 snapshot=1 dev=cf-ad9361-lpc metadata=1 burst=0 ring=0 direct=0 frame_iq_bytes=1048576 transported_iq_bytes=4508876800 transported_frames=4300 wall_ns=112694799856 stage=dma_refill count=4300 total_ns=16680038991 max_ns=9008034
SPF_IIOD_TIMING_V1 snapshot=1 dev=cf-ad9361-lpc metadata=1 burst=0 ring=0 direct=0 frame_iq_bytes=1048576 transported_iq_bytes=4508876800 transported_frames=4300 wall_ns=112694799856 stage=sampler_finish count=4300 total_ns=2326548125 max_ns=3958224
SPF_IIOD_TIMING_V1 snapshot=1 dev=cf-ad9361-lpc metadata=1 burst=0 ring=0 direct=0 frame_iq_bytes=1048576 transported_iq_bytes=4508876800 transported_frames=4300 wall_ns=112694799856 stage=metadata_build count=4300 total_ns=2633859039 max_ns=4544112
SPF_IIOD_TIMING_V1 snapshot=1 dev=cf-ad9361-lpc metadata=1 burst=0 ring=0 direct=0 frame_iq_bytes=1048576 transported_iq_bytes=4508876800 transported_frames=4300 wall_ns=112694799856 stage=transport_frame count=4300 total_ns=79045010217 max_ns=28228722
SPF_IIOD_TIMING_V1 snapshot=1 dev=cf-ad9361-lpc metadata=1 burst=0 ring=0 direct=0 frame_iq_bytes=1048576 transported_iq_bytes=4508876800 transported_frames=4300 wall_ns=112694799856 stage=transport_iq count=4300 total_ns=74875668130 max_ns=26671470
SPF_IIOD_TIMING_V1 snapshot=1 dev=cf-ad9361-lpc metadata=1 burst=0 ring=0 direct=0 frame_iq_bytes=1048576 transported_iq_bytes=4613734400 transported_frames=4400 wall_ns=115315940160 stage=sampler_admit count=4400 total_ns=2150638440 max_ns=9096252
SPF_IIOD_TIMING_V1 snapshot=1 dev=cf-ad9361-lpc metadata=1 burst=0 ring=0 direct=0 frame_iq_bytes=1048576 transported_iq_bytes=4613734400 transported_frames=4400 wall_ns=115315940160 stage=dma_refill count=4400 total_ns=17058632309 max_ns=9008034
SPF_IIOD_TIMING_V1 snapshot=1 dev=cf-ad9361-lpc metadata=1 burst=0 ring=0 direct=0 frame_iq_bytes=1048576 transported_iq_bytes=4613734400 transported_frames=4400 wall_ns=115315940160 stage=sampler_finish count=4400 total_ns=2380359642 max_ns=3958224
SPF_IIOD_TIMING_V1 snapshot=1 dev=cf-ad9361-lpc metadata=1 burst=0 ring=0 direct=0 frame_iq_bytes=1048576 transported_iq_bytes=4613734400 transported_frames=4400 wall_ns=115315940160 stage=metadata_build count=4400 total_ns=2694779361 max_ns=4544112
SPF_IIOD_TIMING_V1 snapshot=1 dev=cf-ad9361-lpc metadata=1 burst=0 ring=0 direct=0 frame_iq_bytes=1048576 transported_iq_bytes=4613734400 transported_frames=4400 wall_ns=115315940160 stage=transport_frame count=4400 total_ns=80869985721 max_ns=28228722
SPF_IIOD_TIMING_V1 snapshot=1 dev=cf-ad9361-lpc metadata=1 burst=0 ring=0 direct=0 frame_iq_bytes=1048576 transported_iq_bytes=4613734400 transported_frames=4400 wall_ns=115315940160 stage=transport_iq count=4400 total_ns=76604257714 max_ns=26671470
SPF_IIOD_TIMING_V1 snapshot=1 dev=cf-ad9361-lpc metadata=1 burst=0 ring=0 direct=0 frame_iq_bytes=1048576 transported_iq_bytes=4718592000 transported_frames=4500 wall_ns=117937402562 stage=sampler_admit count=4500 total_ns=2197528536 max_ns=9096252
SPF_IIOD_TIMING_V1 snapshot=1 dev=cf-ad9361-lpc metadata=1 burst=0 ring=0 direct=0 frame_iq_bytes=1048576 transported_iq_bytes=4718592000 transported_frames=4500 wall_ns=117937402562 stage=dma_refill count=4500 total_ns=17412695763 max_ns=9008034
SPF_IIOD_TIMING_V1 snapshot=1 dev=cf-ad9361-lpc metadata=1 burst=0 ring=0 direct=0 frame_iq_bytes=1048576 transported_iq_bytes=4718592000 transported_frames=4500 wall_ns=117937402562 stage=sampler_finish count=4500 total_ns=2436242905 max_ns=3958224
SPF_IIOD_TIMING_V1 snapshot=1 dev=cf-ad9361-lpc metadata=1 burst=0 ring=0 direct=0 frame_iq_bytes=1048576 transported_iq_bytes=4718592000 transported_frames=4500 wall_ns=117937402562 stage=metadata_build count=4500 total_ns=2762959905 max_ns=4544112
SPF_IIOD_TIMING_V1 snapshot=1 dev=cf-ad9361-lpc metadata=1 burst=0 ring=0 direct=0 frame_iq_bytes=1048576 transported_iq_bytes=4718592000 transported_frames=4500 wall_ns=117937402562 stage=transport_frame count=4500 total_ns=82712918037 max_ns=28228722
SPF_IIOD_TIMING_V1 snapshot=1 dev=cf-ad9361-lpc metadata=1 burst=0 ring=0 direct=0 frame_iq_bytes=1048576 transported_iq_bytes=4718592000 transported_frames=4500 wall_ns=117937402562 stage=transport_iq count=4500 total_ns=78343066713 max_ns=26671470
SPF_IIOD_TIMING_V1 snapshot=1 dev=cf-ad9361-lpc metadata=1 burst=0 ring=0 direct=0 frame_iq_bytes=1048576 transported_iq_bytes=4823449600 transported_frames=4600 wall_ns=120559887112 stage=sampler_admit count=4600 total_ns=2248127539 max_ns=9096252
SPF_IIOD_TIMING_V1 snapshot=1 dev=cf-ad9361-lpc metadata=1 burst=0 ring=0 direct=0 frame_iq_bytes=1048576 transported_iq_bytes=4823449600 transported_frames=4600 wall_ns=120559887112 stage=dma_refill count=4600 total_ns=17782771541 max_ns=9008034
SPF_IIOD_TIMING_V1 snapshot=1 dev=cf-ad9361-lpc metadata=1 burst=0 ring=0 direct=0 frame_iq_bytes=1048576 transported_iq_bytes=4823449600 transported_frames=4600 wall_ns=120559887112 stage=sampler_finish count=4600 total_ns=2489681797 max_ns=3958224
SPF_IIOD_TIMING_V1 snapshot=1 dev=cf-ad9361-lpc metadata=1 burst=0 ring=0 direct=0 frame_iq_bytes=1048576 transported_iq_bytes=4823449600 transported_frames=4600 wall_ns=120559887112 stage=metadata_build count=4600 total_ns=2823630574 max_ns=4544112
SPF_IIOD_TIMING_V1 snapshot=1 dev=cf-ad9361-lpc metadata=1 burst=0 ring=0 direct=0 frame_iq_bytes=1048576 transported_iq_bytes=4823449600 transported_frames=4600 wall_ns=120559887112 stage=transport_frame count=4600 total_ns=84562503364 max_ns=28228722
SPF_IIOD_TIMING_V1 snapshot=1 dev=cf-ad9361-lpc metadata=1 burst=0 ring=0 direct=0 frame_iq_bytes=1048576 transported_iq_bytes=4823449600 transported_frames=4600 wall_ns=120559887112 stage=transport_iq count=4600 total_ns=80095295283 max_ns=26671470
SPF_IIOD_TIMING_V1 snapshot=1 dev=cf-ad9361-lpc metadata=1 burst=0 ring=0 direct=0 frame_iq_bytes=1048576 transported_iq_bytes=4928307200 transported_frames=4700 wall_ns=123180247884 stage=sampler_admit count=4700 total_ns=2293718137 max_ns=9096252
SPF_IIOD_TIMING_V1 snapshot=1 dev=cf-ad9361-lpc metadata=1 burst=0 ring=0 direct=0 frame_iq_bytes=1048576 transported_iq_bytes=4928307200 transported_frames=4700 wall_ns=123180247884 stage=dma_refill count=4700 total_ns=18130225311 max_ns=9008034
SPF_IIOD_TIMING_V1 snapshot=1 dev=cf-ad9361-lpc metadata=1 burst=0 ring=0 direct=0 frame_iq_bytes=1048576 transported_iq_bytes=4928307200 transported_frames=4700 wall_ns=123180247884 stage=sampler_finish count=4700 total_ns=2549733097 max_ns=3958224
SPF_IIOD_TIMING_V1 snapshot=1 dev=cf-ad9361-lpc metadata=1 burst=0 ring=0 direct=0 frame_iq_bytes=1048576 transported_iq_bytes=4928307200 transported_frames=4700 wall_ns=123180247884 stage=metadata_build count=4700 total_ns=2884095647 max_ns=4544112
SPF_IIOD_TIMING_V1 snapshot=1 dev=cf-ad9361-lpc metadata=1 burst=0 ring=0 direct=0 frame_iq_bytes=1048576 transported_iq_bytes=4928307200 transported_frames=4700 wall_ns=123180247884 stage=transport_frame count=4700 total_ns=86412084425 max_ns=28228722
SPF_IIOD_TIMING_V1 snapshot=1 dev=cf-ad9361-lpc metadata=1 burst=0 ring=0 direct=0 frame_iq_bytes=1048576 transported_iq_bytes=4928307200 transported_frames=4700 wall_ns=123180247884 stage=transport_iq count=4700 total_ns=81847836686 max_ns=26671470
SPF_IIOD_TIMING_V1 snapshot=1 dev=cf-ad9361-lpc metadata=1 burst=0 ring=0 direct=0 frame_iq_bytes=1048576 transported_iq_bytes=5033164800 transported_frames=4800 wall_ns=125801502272 stage=sampler_admit count=4800 total_ns=2338283456 max_ns=9096252
SPF_IIOD_TIMING_V1 snapshot=1 dev=cf-ad9361-lpc metadata=1 burst=0 ring=0 direct=0 frame_iq_bytes=1048576 transported_iq_bytes=5033164800 transported_frames=4800 wall_ns=125801502272 stage=dma_refill count=4800 total_ns=18473946985 max_ns=9008034
SPF_IIOD_TIMING_V1 snapshot=1 dev=cf-ad9361-lpc metadata=1 burst=0 ring=0 direct=0 frame_iq_bytes=1048576 transported_iq_bytes=5033164800 transported_frames=4800 wall_ns=125801502272 stage=sampler_finish count=4800 total_ns=2606788951 max_ns=3958224
SPF_IIOD_TIMING_V1 snapshot=1 dev=cf-ad9361-lpc metadata=1 burst=0 ring=0 direct=0 frame_iq_bytes=1048576 transported_iq_bytes=5033164800 transported_frames=4800 wall_ns=125801502272 stage=metadata_build count=4800 total_ns=2944787274 max_ns=4544112
SPF_IIOD_TIMING_V1 snapshot=1 dev=cf-ad9361-lpc metadata=1 burst=0 ring=0 direct=0 frame_iq_bytes=1048576 transported_iq_bytes=5033164800 transported_frames=4800 wall_ns=125801502272 stage=transport_frame count=4800 total_ns=88263656405 max_ns=28228722
SPF_IIOD_TIMING_V1 snapshot=1 dev=cf-ad9361-lpc metadata=1 burst=0 ring=0 direct=0 frame_iq_bytes=1048576 transported_iq_bytes=5033164800 transported_frames=4800 wall_ns=125801502272 stage=transport_iq count=4800 total_ns=83601669415 max_ns=26671470
SPF_IIOD_TIMING_V1 snapshot=1 dev=cf-ad9361-lpc metadata=1 burst=0 ring=0 direct=0 frame_iq_bytes=1048576 transported_iq_bytes=5138022400 transported_frames=4900 wall_ns=128422653526 stage=sampler_admit count=4900 total_ns=2384840312 max_ns=9096252
SPF_IIOD_TIMING_V1 snapshot=1 dev=cf-ad9361-lpc metadata=1 burst=0 ring=0 direct=0 frame_iq_bytes=1048576 transported_iq_bytes=5138022400 transported_frames=4900 wall_ns=128422653526 stage=dma_refill count=4900 total_ns=18883276145 max_ns=9008034
SPF_IIOD_TIMING_V1 snapshot=1 dev=cf-ad9361-lpc metadata=1 burst=0 ring=0 direct=0 frame_iq_bytes=1048576 transported_iq_bytes=5138022400 transported_frames=4900 wall_ns=128422653526 stage=sampler_finish count=4900 total_ns=2658922603 max_ns=3960564
SPF_IIOD_TIMING_V1 snapshot=1 dev=cf-ad9361-lpc metadata=1 burst=0 ring=0 direct=0 frame_iq_bytes=1048576 transported_iq_bytes=5138022400 transported_frames=4900 wall_ns=128422653526 stage=metadata_build count=4900 total_ns=3006504205 max_ns=4544112
SPF_IIOD_TIMING_V1 snapshot=1 dev=cf-ad9361-lpc metadata=1 burst=0 ring=0 direct=0 frame_iq_bytes=1048576 transported_iq_bytes=5138022400 transported_frames=4900 wall_ns=128422653526 stage=transport_frame count=4900 total_ns=90107118569 max_ns=28228722
SPF_IIOD_TIMING_V1 snapshot=1 dev=cf-ad9361-lpc metadata=1 burst=0 ring=0 direct=0 frame_iq_bytes=1048576 transported_iq_bytes=5138022400 transported_frames=4900 wall_ns=128422653526 stage=transport_iq count=4900 total_ns=85347788340 max_ns=26671470
SPF_IIOD_TIMING_V1 snapshot=1 dev=cf-ad9361-lpc metadata=1 burst=0 ring=0 direct=0 frame_iq_bytes=1048576 transported_iq_bytes=5242880000 transported_frames=5000 wall_ns=131040898278 stage=sampler_admit count=5000 total_ns=2430805268 max_ns=9096252
SPF_IIOD_TIMING_V1 snapshot=1 dev=cf-ad9361-lpc metadata=1 burst=0 ring=0 direct=0 frame_iq_bytes=1048576 transported_iq_bytes=5242880000 transported_frames=5000 wall_ns=131040898278 stage=dma_refill count=5000 total_ns=19241674846 max_ns=9008034
SPF_IIOD_TIMING_V1 snapshot=1 dev=cf-ad9361-lpc metadata=1 burst=0 ring=0 direct=0 frame_iq_bytes=1048576 transported_iq_bytes=5242880000 transported_frames=5000 wall_ns=131040898278 stage=sampler_finish count=5000 total_ns=2719016407 max_ns=3994896
SPF_IIOD_TIMING_V1 snapshot=1 dev=cf-ad9361-lpc metadata=1 burst=0 ring=0 direct=0 frame_iq_bytes=1048576 transported_iq_bytes=5242880000 transported_frames=5000 wall_ns=131040898278 stage=metadata_build count=5000 total_ns=3067343864 max_ns=4544112
SPF_IIOD_TIMING_V1 snapshot=1 dev=cf-ad9361-lpc metadata=1 burst=0 ring=0 direct=0 frame_iq_bytes=1048576 transported_iq_bytes=5242880000 transported_frames=5000 wall_ns=131040898278 stage=transport_frame count=5000 total_ns=91949534784 max_ns=28228722
SPF_IIOD_TIMING_V1 snapshot=1 dev=cf-ad9361-lpc metadata=1 burst=0 ring=0 direct=0 frame_iq_bytes=1048576 transported_iq_bytes=5242880000 transported_frames=5000 wall_ns=131040898278 stage=transport_iq count=5000 total_ns=87093794400 max_ns=26671470
SPF_IIOD_TIMING_V1 snapshot=1 dev=cf-ad9361-lpc metadata=1 burst=0 ring=0 direct=0 frame_iq_bytes=1048576 transported_iq_bytes=5347737600 transported_frames=5100 wall_ns=133665526952 stage=sampler_admit count=5100 total_ns=2483573324 max_ns=9096252
SPF_IIOD_TIMING_V1 snapshot=1 dev=cf-ad9361-lpc metadata=1 burst=0 ring=0 direct=0 frame_iq_bytes=1048576 transported_iq_bytes=5347737600 transported_frames=5100 wall_ns=133665526952 stage=dma_refill count=5100 total_ns=19645950669 max_ns=9008034
SPF_IIOD_TIMING_V1 snapshot=1 dev=cf-ad9361-lpc metadata=1 burst=0 ring=0 direct=0 frame_iq_bytes=1048576 transported_iq_bytes=5347737600 transported_frames=5100 wall_ns=133665526952 stage=sampler_finish count=5100 total_ns=2774200225 max_ns=3994896
SPF_IIOD_TIMING_V1 snapshot=1 dev=cf-ad9361-lpc metadata=1 burst=0 ring=0 direct=0 frame_iq_bytes=1048576 transported_iq_bytes=5347737600 transported_frames=5100 wall_ns=133665526952 stage=metadata_build count=5100 total_ns=3127826217 max_ns=4544112
SPF_IIOD_TIMING_V1 snapshot=1 dev=cf-ad9361-lpc metadata=1 burst=0 ring=0 direct=0 frame_iq_bytes=1048576 transported_iq_bytes=5347737600 transported_frames=5100 wall_ns=133665526952 stage=transport_frame count=5100 total_ns=93777316596 max_ns=28228722
SPF_IIOD_TIMING_V1 snapshot=1 dev=cf-ad9361-lpc metadata=1 burst=0 ring=0 direct=0 frame_iq_bytes=1048576 transported_iq_bytes=5347737600 transported_frames=5100 wall_ns=133665526952 stage=transport_iq count=5100 total_ns=88825918115 max_ns=26671470
SPF_IIOD_TIMING_V1 snapshot=1 dev=cf-ad9361-lpc metadata=1 burst=0 ring=0 direct=0 frame_iq_bytes=1048576 transported_iq_bytes=5452595200 transported_frames=5200 wall_ns=136290452344 stage=sampler_admit count=5200 total_ns=2529114500 max_ns=9096252
SPF_IIOD_TIMING_V1 snapshot=1 dev=cf-ad9361-lpc metadata=1 burst=0 ring=0 direct=0 frame_iq_bytes=1048576 transported_iq_bytes=5452595200 transported_frames=5200 wall_ns=136290452344 stage=dma_refill count=5200 total_ns=20005168243 max_ns=9008034
SPF_IIOD_TIMING_V1 snapshot=1 dev=cf-ad9361-lpc metadata=1 burst=0 ring=0 direct=0 frame_iq_bytes=1048576 transported_iq_bytes=5452595200 transported_frames=5200 wall_ns=136290452344 stage=sampler_finish count=5200 total_ns=2830630393 max_ns=3994896
SPF_IIOD_TIMING_V1 snapshot=1 dev=cf-ad9361-lpc metadata=1 burst=0 ring=0 direct=0 frame_iq_bytes=1048576 transported_iq_bytes=5452595200 transported_frames=5200 wall_ns=136290452344 stage=metadata_build count=5200 total_ns=3188164816 max_ns=4544112
SPF_IIOD_TIMING_V1 snapshot=1 dev=cf-ad9361-lpc metadata=1 burst=0 ring=0 direct=0 frame_iq_bytes=1048576 transported_iq_bytes=5452595200 transported_frames=5200 wall_ns=136290452344 stage=transport_frame count=5200 total_ns=95625715453 max_ns=28228722
SPF_IIOD_TIMING_V1 snapshot=1 dev=cf-ad9361-lpc metadata=1 burst=0 ring=0 direct=0 frame_iq_bytes=1048576 transported_iq_bytes=5452595200 transported_frames=5200 wall_ns=136290452344 stage=transport_iq count=5200 total_ns=90578455097 max_ns=26671470
SPF_IIOD_TIMING_V1 snapshot=1 dev=cf-ad9361-lpc metadata=1 burst=0 ring=0 direct=0 frame_iq_bytes=1048576 transported_iq_bytes=5557452800 transported_frames=5300 wall_ns=138908195400 stage=sampler_admit count=5300 total_ns=2574056618 max_ns=9096252
SPF_IIOD_TIMING_V1 snapshot=1 dev=cf-ad9361-lpc metadata=1 burst=0 ring=0 direct=0 frame_iq_bytes=1048576 transported_iq_bytes=5557452800 transported_frames=5300 wall_ns=138908195400 stage=dma_refill count=5300 total_ns=20408057855 max_ns=9008034
SPF_IIOD_TIMING_V1 snapshot=1 dev=cf-ad9361-lpc metadata=1 burst=0 ring=0 direct=0 frame_iq_bytes=1048576 transported_iq_bytes=5557452800 transported_frames=5300 wall_ns=138908195400 stage=sampler_finish count=5300 total_ns=2883590755 max_ns=3994896
SPF_IIOD_TIMING_V1 snapshot=1 dev=cf-ad9361-lpc metadata=1 burst=0 ring=0 direct=0 frame_iq_bytes=1048576 transported_iq_bytes=5557452800 transported_frames=5300 wall_ns=138908195400 stage=metadata_build count=5300 total_ns=3248204969 max_ns=4544112
SPF_IIOD_TIMING_V1 snapshot=1 dev=cf-ad9361-lpc metadata=1 burst=0 ring=0 direct=0 frame_iq_bytes=1048576 transported_iq_bytes=5557452800 transported_frames=5300 wall_ns=138908195400 stage=transport_frame count=5300 total_ns=97463686712 max_ns=28228722
SPF_IIOD_TIMING_V1 snapshot=1 dev=cf-ad9361-lpc metadata=1 burst=0 ring=0 direct=0 frame_iq_bytes=1048576 transported_iq_bytes=5557452800 transported_frames=5300 wall_ns=138908195400 stage=transport_iq count=5300 total_ns=92321648747 max_ns=26671470
SPF_IIOD_TIMING_V1 snapshot=1 dev=cf-ad9361-lpc metadata=1 burst=0 ring=0 direct=0 frame_iq_bytes=1048576 transported_iq_bytes=5662310400 transported_frames=5400 wall_ns=141529837544 stage=sampler_admit count=5400 total_ns=2620551428 max_ns=9096252
SPF_IIOD_TIMING_V1 snapshot=1 dev=cf-ad9361-lpc metadata=1 burst=0 ring=0 direct=0 frame_iq_bytes=1048576 transported_iq_bytes=5662310400 transported_frames=5400 wall_ns=141529837544 stage=dma_refill count=5400 total_ns=20786292164 max_ns=9008034
SPF_IIOD_TIMING_V1 snapshot=1 dev=cf-ad9361-lpc metadata=1 burst=0 ring=0 direct=0 frame_iq_bytes=1048576 transported_iq_bytes=5662310400 transported_frames=5400 wall_ns=141529837544 stage=sampler_finish count=5400 total_ns=2934404948 max_ns=3994896
SPF_IIOD_TIMING_V1 snapshot=1 dev=cf-ad9361-lpc metadata=1 burst=0 ring=0 direct=0 frame_iq_bytes=1048576 transported_iq_bytes=5662310400 transported_frames=5400 wall_ns=141529837544 stage=metadata_build count=5400 total_ns=3309209819 max_ns=4544112
SPF_IIOD_TIMING_V1 snapshot=1 dev=cf-ad9361-lpc metadata=1 burst=0 ring=0 direct=0 frame_iq_bytes=1048576 transported_iq_bytes=5662310400 transported_frames=5400 wall_ns=141529837544 stage=transport_frame count=5400 total_ns=99311894785 max_ns=28228722
SPF_IIOD_TIMING_V1 snapshot=1 dev=cf-ad9361-lpc metadata=1 burst=0 ring=0 direct=0 frame_iq_bytes=1048576 transported_iq_bytes=5662310400 transported_frames=5400 wall_ns=141529837544 stage=transport_iq count=5400 total_ns=94073408883 max_ns=26671470
SPF_IIOD_TIMING_V1 snapshot=1 dev=cf-ad9361-lpc metadata=1 burst=0 ring=0 direct=0 frame_iq_bytes=1048576 transported_iq_bytes=5767168000 transported_frames=5500 wall_ns=144150966808 stage=sampler_admit count=5500 total_ns=2665163702 max_ns=9096252
SPF_IIOD_TIMING_V1 snapshot=1 dev=cf-ad9361-lpc metadata=1 burst=0 ring=0 direct=0 frame_iq_bytes=1048576 transported_iq_bytes=5767168000 transported_frames=5500 wall_ns=144150966808 stage=dma_refill count=5500 total_ns=21149291063 max_ns=9008034
SPF_IIOD_TIMING_V1 snapshot=1 dev=cf-ad9361-lpc metadata=1 burst=0 ring=0 direct=0 frame_iq_bytes=1048576 transported_iq_bytes=5767168000 transported_frames=5500 wall_ns=144150966808 stage=sampler_finish count=5500 total_ns=2991836361 max_ns=3994896
SPF_IIOD_TIMING_V1 snapshot=1 dev=cf-ad9361-lpc metadata=1 burst=0 ring=0 direct=0 frame_iq_bytes=1048576 transported_iq_bytes=5767168000 transported_frames=5500 wall_ns=144150966808 stage=metadata_build count=5500 total_ns=3369549551 max_ns=4544112
SPF_IIOD_TIMING_V1 snapshot=1 dev=cf-ad9361-lpc metadata=1 burst=0 ring=0 direct=0 frame_iq_bytes=1048576 transported_iq_bytes=5767168000 transported_frames=5500 wall_ns=144150966808 stage=transport_frame count=5500 total_ns=101152923529 max_ns=28228722
SPF_IIOD_TIMING_V1 snapshot=1 dev=cf-ad9361-lpc metadata=1 burst=0 ring=0 direct=0 frame_iq_bytes=1048576 transported_iq_bytes=5767168000 transported_frames=5500 wall_ns=144150966808 stage=transport_iq count=5500 total_ns=95818698320 max_ns=26671470
SPF_IIOD_TIMING_V1 snapshot=1 dev=cf-ad9361-lpc metadata=1 burst=0 ring=0 direct=0 frame_iq_bytes=1048576 transported_iq_bytes=5872025600 transported_frames=5600 wall_ns=146772423354 stage=sampler_admit count=5600 total_ns=2714328626 max_ns=9096252
SPF_IIOD_TIMING_V1 snapshot=1 dev=cf-ad9361-lpc metadata=1 burst=0 ring=0 direct=0 frame_iq_bytes=1048576 transported_iq_bytes=5872025600 transported_frames=5600 wall_ns=146772423354 stage=dma_refill count=5600 total_ns=21575154471 max_ns=9008034
SPF_IIOD_TIMING_V1 snapshot=1 dev=cf-ad9361-lpc metadata=1 burst=0 ring=0 direct=0 frame_iq_bytes=1048576 transported_iq_bytes=5872025600 transported_frames=5600 wall_ns=146772423354 stage=sampler_finish count=5600 total_ns=3040667110 max_ns=3994896
SPF_IIOD_TIMING_V1 snapshot=1 dev=cf-ad9361-lpc metadata=1 burst=0 ring=0 direct=0 frame_iq_bytes=1048576 transported_iq_bytes=5872025600 transported_frames=5600 wall_ns=146772423354 stage=metadata_build count=5600 total_ns=3430060619 max_ns=4544112
SPF_IIOD_TIMING_V1 snapshot=1 dev=cf-ad9361-lpc metadata=1 burst=0 ring=0 direct=0 frame_iq_bytes=1048576 transported_iq_bytes=5872025600 transported_frames=5600 wall_ns=146772423354 stage=transport_frame count=5600 total_ns=102980645732 max_ns=28228722
SPF_IIOD_TIMING_V1 snapshot=1 dev=cf-ad9361-lpc metadata=1 burst=0 ring=0 direct=0 frame_iq_bytes=1048576 transported_iq_bytes=5872025600 transported_frames=5600 wall_ns=146772423354 stage=transport_iq count=5600 total_ns=97551541580 max_ns=26671470
SPF_IIOD_TIMING_V1 snapshot=1 dev=cf-ad9361-lpc metadata=1 burst=0 ring=0 direct=0 frame_iq_bytes=1048576 transported_iq_bytes=5976883200 transported_frames=5700 wall_ns=149395861844 stage=sampler_admit count=5700 total_ns=2760678974 max_ns=9096252
SPF_IIOD_TIMING_V1 snapshot=1 dev=cf-ad9361-lpc metadata=1 burst=0 ring=0 direct=0 frame_iq_bytes=1048576 transported_iq_bytes=5976883200 transported_frames=5700 wall_ns=149395861844 stage=dma_refill count=5700 total_ns=21962749458 max_ns=9008034
SPF_IIOD_TIMING_V1 snapshot=1 dev=cf-ad9361-lpc metadata=1 burst=0 ring=0 direct=0 frame_iq_bytes=1048576 transported_iq_bytes=5976883200 transported_frames=5700 wall_ns=149395861844 stage=sampler_finish count=5700 total_ns=3093137099 max_ns=3994896
SPF_IIOD_TIMING_V1 snapshot=1 dev=cf-ad9361-lpc metadata=1 burst=0 ring=0 direct=0 frame_iq_bytes=1048576 transported_iq_bytes=5976883200 transported_frames=5700 wall_ns=149395861844 stage=metadata_build count=5700 total_ns=3490552961 max_ns=4544112
SPF_IIOD_TIMING_V1 snapshot=1 dev=cf-ad9361-lpc metadata=1 burst=0 ring=0 direct=0 frame_iq_bytes=1048576 transported_iq_bytes=5976883200 transported_frames=5700 wall_ns=149395861844 stage=transport_frame count=5700 total_ns=104821245729 max_ns=28228722
SPF_IIOD_TIMING_V1 snapshot=1 dev=cf-ad9361-lpc metadata=1 burst=0 ring=0 direct=0 frame_iq_bytes=1048576 transported_iq_bytes=5976883200 transported_frames=5700 wall_ns=149395861844 stage=transport_iq count=5700 total_ns=99295724912 max_ns=26671470
SPF_IIOD_TIMING_V1 snapshot=1 dev=cf-ad9361-lpc metadata=1 burst=0 ring=0 direct=0 frame_iq_bytes=1048576 transported_iq_bytes=6081740800 transported_frames=5800 wall_ns=152015829502 stage=sampler_admit count=5800 total_ns=2805517328 max_ns=9096252
SPF_IIOD_TIMING_V1 snapshot=1 dev=cf-ad9361-lpc metadata=1 burst=0 ring=0 direct=0 frame_iq_bytes=1048576 transported_iq_bytes=6081740800 transported_frames=5800 wall_ns=152015829502 stage=dma_refill count=5800 total_ns=22320097995 max_ns=9008034
SPF_IIOD_TIMING_V1 snapshot=1 dev=cf-ad9361-lpc metadata=1 burst=0 ring=0 direct=0 frame_iq_bytes=1048576 transported_iq_bytes=6081740800 transported_frames=5800 wall_ns=152015829502 stage=sampler_finish count=5800 total_ns=3149528232 max_ns=3994896
SPF_IIOD_TIMING_V1 snapshot=1 dev=cf-ad9361-lpc metadata=1 burst=0 ring=0 direct=0 frame_iq_bytes=1048576 transported_iq_bytes=6081740800 transported_frames=5800 wall_ns=152015829502 stage=metadata_build count=5800 total_ns=3550517519 max_ns=4544112
SPF_IIOD_TIMING_V1 snapshot=1 dev=cf-ad9361-lpc metadata=1 burst=0 ring=0 direct=0 frame_iq_bytes=1048576 transported_iq_bytes=6081740800 transported_frames=5800 wall_ns=152015829502 stage=transport_frame count=5800 total_ns=106673460129 max_ns=28228722
SPF_IIOD_TIMING_V1 snapshot=1 dev=cf-ad9361-lpc metadata=1 burst=0 ring=0 direct=0 frame_iq_bytes=1048576 transported_iq_bytes=6081740800 transported_frames=5800 wall_ns=152015829502 stage=transport_iq count=5800 total_ns=101052425023 max_ns=26671470
SPF_IIOD_TIMING_V1 snapshot=1 dev=cf-ad9361-lpc metadata=1 burst=0 ring=0 direct=0 frame_iq_bytes=1048576 transported_iq_bytes=6186598400 transported_frames=5900 wall_ns=154636478916 stage=sampler_admit count=5900 total_ns=2855772791 max_ns=9096252
SPF_IIOD_TIMING_V1 snapshot=1 dev=cf-ad9361-lpc metadata=1 burst=0 ring=0 direct=0 frame_iq_bytes=1048576 transported_iq_bytes=6186598400 transported_frames=5900 wall_ns=154636478916 stage=dma_refill count=5900 total_ns=22663103692 max_ns=9008034
SPF_IIOD_TIMING_V1 snapshot=1 dev=cf-ad9361-lpc metadata=1 burst=0 ring=0 direct=0 frame_iq_bytes=1048576 transported_iq_bytes=6186598400 transported_frames=5900 wall_ns=154636478916 stage=sampler_finish count=5900 total_ns=3206010301 max_ns=3994896
SPF_IIOD_TIMING_V1 snapshot=1 dev=cf-ad9361-lpc metadata=1 burst=0 ring=0 direct=0 frame_iq_bytes=1048576 transported_iq_bytes=6186598400 transported_frames=5900 wall_ns=154636478916 stage=metadata_build count=5900 total_ns=3611594699 max_ns=4544112
SPF_IIOD_TIMING_V1 snapshot=1 dev=cf-ad9361-lpc metadata=1 burst=0 ring=0 direct=0 frame_iq_bytes=1048576 transported_iq_bytes=6186598400 transported_frames=5900 wall_ns=154636478916 stage=transport_frame count=5900 total_ns=108518142040 max_ns=28228722
SPF_IIOD_TIMING_V1 snapshot=1 dev=cf-ad9361-lpc metadata=1 burst=0 ring=0 direct=0 frame_iq_bytes=1048576 transported_iq_bytes=6186598400 transported_frames=5900 wall_ns=154636478916 stage=transport_iq count=5900 total_ns=102800114822 max_ns=26671470
SPF_IIOD_TIMING_V1 snapshot=1 dev=cf-ad9361-lpc metadata=1 burst=0 ring=0 direct=0 frame_iq_bytes=1048576 transported_iq_bytes=6291456000 transported_frames=6000 wall_ns=157256786144 stage=sampler_admit count=6000 total_ns=2908000499 max_ns=9096252
SPF_IIOD_TIMING_V1 snapshot=1 dev=cf-ad9361-lpc metadata=1 burst=0 ring=0 direct=0 frame_iq_bytes=1048576 transported_iq_bytes=6291456000 transported_frames=6000 wall_ns=157256786144 stage=dma_refill count=6000 total_ns=23038910678 max_ns=9008034
SPF_IIOD_TIMING_V1 snapshot=1 dev=cf-ad9361-lpc metadata=1 burst=0 ring=0 direct=0 frame_iq_bytes=1048576 transported_iq_bytes=6291456000 transported_frames=6000 wall_ns=157256786144 stage=sampler_finish count=6000 total_ns=3260278178 max_ns=3994896
SPF_IIOD_TIMING_V1 snapshot=1 dev=cf-ad9361-lpc metadata=1 burst=0 ring=0 direct=0 frame_iq_bytes=1048576 transported_iq_bytes=6291456000 transported_frames=6000 wall_ns=157256786144 stage=metadata_build count=6000 total_ns=3679344732 max_ns=4544112
SPF_IIOD_TIMING_V1 snapshot=1 dev=cf-ad9361-lpc metadata=1 burst=0 ring=0 direct=0 frame_iq_bytes=1048576 transported_iq_bytes=6291456000 transported_frames=6000 wall_ns=157256786144 stage=transport_frame count=6000 total_ns=110364589343 max_ns=28228722
SPF_IIOD_TIMING_V1 snapshot=1 dev=cf-ad9361-lpc metadata=1 burst=0 ring=0 direct=0 frame_iq_bytes=1048576 transported_iq_bytes=6291456000 transported_frames=6000 wall_ns=157256786144 stage=transport_iq count=6000 total_ns=104542782535 max_ns=26671470
SPF_IIOD_TIMING_V1 snapshot=1 dev=cf-ad9361-lpc metadata=1 burst=0 ring=0 direct=0 frame_iq_bytes=1048576 transported_iq_bytes=6396313600 transported_frames=6100 wall_ns=159879092326 stage=sampler_admit count=6100 total_ns=2955413562 max_ns=9096252
SPF_IIOD_TIMING_V1 snapshot=1 dev=cf-ad9361-lpc metadata=1 burst=0 ring=0 direct=0 frame_iq_bytes=1048576 transported_iq_bytes=6396313600 transported_frames=6100 wall_ns=159879092326 stage=dma_refill count=6100 total_ns=23449686612 max_ns=9008034
SPF_IIOD_TIMING_V1 snapshot=1 dev=cf-ad9361-lpc metadata=1 burst=0 ring=0 direct=0 frame_iq_bytes=1048576 transported_iq_bytes=6396313600 transported_frames=6100 wall_ns=159879092326 stage=sampler_finish count=6100 total_ns=3314708282 max_ns=3994896
SPF_IIOD_TIMING_V1 snapshot=1 dev=cf-ad9361-lpc metadata=1 burst=0 ring=0 direct=0 frame_iq_bytes=1048576 transported_iq_bytes=6396313600 transported_frames=6100 wall_ns=159879092326 stage=metadata_build count=6100 total_ns=3739544107 max_ns=4544112
SPF_IIOD_TIMING_V1 snapshot=1 dev=cf-ad9361-lpc metadata=1 burst=0 ring=0 direct=0 frame_iq_bytes=1048576 transported_iq_bytes=6396313600 transported_frames=6100 wall_ns=159879092326 stage=transport_frame count=6100 total_ns=112213984267 max_ns=28228722
SPF_IIOD_TIMING_V1 snapshot=1 dev=cf-ad9361-lpc metadata=1 burst=0 ring=0 direct=0 frame_iq_bytes=1048576 transported_iq_bytes=6396313600 transported_frames=6100 wall_ns=159879092326 stage=transport_iq count=6100 total_ns=106295834018 max_ns=26671470
SPF_IIOD_TIMING_V1 snapshot=1 dev=cf-ad9361-lpc metadata=1 burst=0 ring=0 direct=0 frame_iq_bytes=1048576 transported_iq_bytes=6501171200 transported_frames=6200 wall_ns=162500483352 stage=sampler_admit count=6200 total_ns=3001191049 max_ns=9096252
SPF_IIOD_TIMING_V1 snapshot=1 dev=cf-ad9361-lpc metadata=1 burst=0 ring=0 direct=0 frame_iq_bytes=1048576 transported_iq_bytes=6501171200 transported_frames=6200 wall_ns=162500483352 stage=dma_refill count=6200 total_ns=23844347614 max_ns=9008034
SPF_IIOD_TIMING_V1 snapshot=1 dev=cf-ad9361-lpc metadata=1 burst=0 ring=0 direct=0 frame_iq_bytes=1048576 transported_iq_bytes=6501171200 transported_frames=6200 wall_ns=162500483352 stage=sampler_finish count=6200 total_ns=3363921584 max_ns=3994896
SPF_IIOD_TIMING_V1 snapshot=1 dev=cf-ad9361-lpc metadata=1 burst=0 ring=0 direct=0 frame_iq_bytes=1048576 transported_iq_bytes=6501171200 transported_frames=6200 wall_ns=162500483352 stage=metadata_build count=6200 total_ns=3800992784 max_ns=4544112
SPF_IIOD_TIMING_V1 snapshot=1 dev=cf-ad9361-lpc metadata=1 burst=0 ring=0 direct=0 frame_iq_bytes=1048576 transported_iq_bytes=6501171200 transported_frames=6200 wall_ns=162500483352 stage=transport_frame count=6200 total_ns=114061523241 max_ns=28228722
SPF_IIOD_TIMING_V1 snapshot=1 dev=cf-ad9361-lpc metadata=1 burst=0 ring=0 direct=0 frame_iq_bytes=1048576 transported_iq_bytes=6501171200 transported_frames=6200 wall_ns=162500483352 stage=transport_iq count=6200 total_ns=108046218447 max_ns=26671470
SPF_IIOD_TIMING_V1 snapshot=1 dev=cf-ad9361-lpc metadata=1 burst=0 ring=0 direct=0 frame_iq_bytes=1048576 transported_iq_bytes=6606028800 transported_frames=6300 wall_ns=165121822322 stage=sampler_admit count=6300 total_ns=3046463647 max_ns=9096252
SPF_IIOD_TIMING_V1 snapshot=1 dev=cf-ad9361-lpc metadata=1 burst=0 ring=0 direct=0 frame_iq_bytes=1048576 transported_iq_bytes=6606028800 transported_frames=6300 wall_ns=165121822322 stage=dma_refill count=6300 total_ns=24210499687 max_ns=9008034
SPF_IIOD_TIMING_V1 snapshot=1 dev=cf-ad9361-lpc metadata=1 burst=0 ring=0 direct=0 frame_iq_bytes=1048576 transported_iq_bytes=6606028800 transported_frames=6300 wall_ns=165121822322 stage=sampler_finish count=6300 total_ns=3418382906 max_ns=3994896
SPF_IIOD_TIMING_V1 snapshot=1 dev=cf-ad9361-lpc metadata=1 burst=0 ring=0 direct=0 frame_iq_bytes=1048576 transported_iq_bytes=6606028800 transported_frames=6300 wall_ns=165121822322 stage=metadata_build count=6300 total_ns=3864794883 max_ns=4544112
SPF_IIOD_TIMING_V1 snapshot=1 dev=cf-ad9361-lpc metadata=1 burst=0 ring=0 direct=0 frame_iq_bytes=1048576 transported_iq_bytes=6606028800 transported_frames=6300 wall_ns=165121822322 stage=transport_frame count=6300 total_ns=115905605122 max_ns=28228722
SPF_IIOD_TIMING_V1 snapshot=1 dev=cf-ad9361-lpc metadata=1 burst=0 ring=0 direct=0 frame_iq_bytes=1048576 transported_iq_bytes=6606028800 transported_frames=6300 wall_ns=165121822322 stage=transport_iq count=6300 total_ns=109791354303 max_ns=26671470
SPF_IIOD_TIMING_V1 snapshot=1 dev=cf-ad9361-lpc metadata=1 burst=0 ring=0 direct=0 frame_iq_bytes=1048576 transported_iq_bytes=6710886400 transported_frames=6400 wall_ns=167744111674 stage=sampler_admit count=6400 total_ns=3092643001 max_ns=9096252
SPF_IIOD_TIMING_V1 snapshot=1 dev=cf-ad9361-lpc metadata=1 burst=0 ring=0 direct=0 frame_iq_bytes=1048576 transported_iq_bytes=6710886400 transported_frames=6400 wall_ns=167744111674 stage=dma_refill count=6400 total_ns=24580603806 max_ns=9008034
SPF_IIOD_TIMING_V1 snapshot=1 dev=cf-ad9361-lpc metadata=1 burst=0 ring=0 direct=0 frame_iq_bytes=1048576 transported_iq_bytes=6710886400 transported_frames=6400 wall_ns=167744111674 stage=sampler_finish count=6400 total_ns=3470578322 max_ns=3994896
SPF_IIOD_TIMING_V1 snapshot=1 dev=cf-ad9361-lpc metadata=1 burst=0 ring=0 direct=0 frame_iq_bytes=1048576 transported_iq_bytes=6710886400 transported_frames=6400 wall_ns=167744111674 stage=metadata_build count=6400 total_ns=3925194832 max_ns=4544112
SPF_IIOD_TIMING_V1 snapshot=1 dev=cf-ad9361-lpc metadata=1 burst=0 ring=0 direct=0 frame_iq_bytes=1048576 transported_iq_bytes=6710886400 transported_frames=6400 wall_ns=167744111674 stage=transport_frame count=6400 total_ns=117755046695 max_ns=28228722
SPF_IIOD_TIMING_V1 snapshot=1 dev=cf-ad9361-lpc metadata=1 burst=0 ring=0 direct=0 frame_iq_bytes=1048576 transported_iq_bytes=6710886400 transported_frames=6400 wall_ns=167744111674 stage=transport_iq count=6400 total_ns=111544861233 max_ns=26671470
SPF_IIOD_TIMING_V1 snapshot=1 dev=cf-ad9361-lpc metadata=1 burst=0 ring=0 direct=0 frame_iq_bytes=1048576 transported_iq_bytes=6815744000 transported_frames=6500 wall_ns=170364446016 stage=sampler_admit count=6500 total_ns=3146833993 max_ns=9096252
SPF_IIOD_TIMING_V1 snapshot=1 dev=cf-ad9361-lpc metadata=1 burst=0 ring=0 direct=0 frame_iq_bytes=1048576 transported_iq_bytes=6815744000 transported_frames=6500 wall_ns=170364446016 stage=dma_refill count=6500 total_ns=24961446490 max_ns=9008034
SPF_IIOD_TIMING_V1 snapshot=1 dev=cf-ad9361-lpc metadata=1 burst=0 ring=0 direct=0 frame_iq_bytes=1048576 transported_iq_bytes=6815744000 transported_frames=6500 wall_ns=170364446016 stage=sampler_finish count=6500 total_ns=3523884560 max_ns=3994896
SPF_IIOD_TIMING_V1 snapshot=1 dev=cf-ad9361-lpc metadata=1 burst=0 ring=0 direct=0 frame_iq_bytes=1048576 transported_iq_bytes=6815744000 transported_frames=6500 wall_ns=170364446016 stage=metadata_build count=6500 total_ns=3986389559 max_ns=4544112
SPF_IIOD_TIMING_V1 snapshot=1 dev=cf-ad9361-lpc metadata=1 burst=0 ring=0 direct=0 frame_iq_bytes=1048576 transported_iq_bytes=6815744000 transported_frames=6500 wall_ns=170364446016 stage=transport_frame count=6500 total_ns=119587964830 max_ns=28228722
SPF_IIOD_TIMING_V1 snapshot=1 dev=cf-ad9361-lpc metadata=1 burst=0 ring=0 direct=0 frame_iq_bytes=1048576 transported_iq_bytes=6815744000 transported_frames=6500 wall_ns=170364446016 stage=transport_iq count=6500 total_ns=113280950077 max_ns=26671470
SPF_IIOD_TIMING_V1 snapshot=1 dev=cf-ad9361-lpc metadata=1 burst=0 ring=0 direct=0 frame_iq_bytes=1048576 transported_iq_bytes=6920601600 transported_frames=6600 wall_ns=172985904218 stage=sampler_admit count=6600 total_ns=3191564473 max_ns=9096252
SPF_IIOD_TIMING_V1 snapshot=1 dev=cf-ad9361-lpc metadata=1 burst=0 ring=0 direct=0 frame_iq_bytes=1048576 transported_iq_bytes=6920601600 transported_frames=6600 wall_ns=172985904218 stage=dma_refill count=6600 total_ns=25368543921 max_ns=9008034
SPF_IIOD_TIMING_V1 snapshot=1 dev=cf-ad9361-lpc metadata=1 burst=0 ring=0 direct=0 frame_iq_bytes=1048576 transported_iq_bytes=6920601600 transported_frames=6600 wall_ns=172985904218 stage=sampler_finish count=6600 total_ns=3581358167 max_ns=3994896
SPF_IIOD_TIMING_V1 snapshot=1 dev=cf-ad9361-lpc metadata=1 burst=0 ring=0 direct=0 frame_iq_bytes=1048576 transported_iq_bytes=6920601600 transported_frames=6600 wall_ns=172985904218 stage=metadata_build count=6600 total_ns=4046532677 max_ns=4544112
SPF_IIOD_TIMING_V1 snapshot=1 dev=cf-ad9361-lpc metadata=1 burst=0 ring=0 direct=0 frame_iq_bytes=1048576 transported_iq_bytes=6920601600 transported_frames=6600 wall_ns=172985904218 stage=transport_frame count=6600 total_ns=121423421815 max_ns=28228722
SPF_IIOD_TIMING_V1 snapshot=1 dev=cf-ad9361-lpc metadata=1 burst=0 ring=0 direct=0 frame_iq_bytes=1048576 transported_iq_bytes=6920601600 transported_frames=6600 wall_ns=172985904218 stage=transport_iq count=6600 total_ns=115021294774 max_ns=26671470
SPF_IIOD_TIMING_V1 snapshot=1 dev=cf-ad9361-lpc metadata=1 burst=0 ring=0 direct=0 frame_iq_bytes=1048576 transported_iq_bytes=7025459200 transported_frames=6700 wall_ns=175607297560 stage=sampler_admit count=6700 total_ns=3239207222 max_ns=9096252
SPF_IIOD_TIMING_V1 snapshot=1 dev=cf-ad9361-lpc metadata=1 burst=0 ring=0 direct=0 frame_iq_bytes=1048576 transported_iq_bytes=7025459200 transported_frames=6700 wall_ns=175607297560 stage=dma_refill count=6700 total_ns=25755963787 max_ns=9008034
SPF_IIOD_TIMING_V1 snapshot=1 dev=cf-ad9361-lpc metadata=1 burst=0 ring=0 direct=0 frame_iq_bytes=1048576 transported_iq_bytes=7025459200 transported_frames=6700 wall_ns=175607297560 stage=sampler_finish count=6700 total_ns=3635352276 max_ns=3994896
SPF_IIOD_TIMING_V1 snapshot=1 dev=cf-ad9361-lpc metadata=1 burst=0 ring=0 direct=0 frame_iq_bytes=1048576 transported_iq_bytes=7025459200 transported_frames=6700 wall_ns=175607297560 stage=metadata_build count=6700 total_ns=4106785049 max_ns=4544112
SPF_IIOD_TIMING_V1 snapshot=1 dev=cf-ad9361-lpc metadata=1 burst=0 ring=0 direct=0 frame_iq_bytes=1048576 transported_iq_bytes=7025459200 transported_frames=6700 wall_ns=175607297560 stage=transport_frame count=6700 total_ns=123267752729 max_ns=28228722
SPF_IIOD_TIMING_V1 snapshot=1 dev=cf-ad9361-lpc metadata=1 burst=0 ring=0 direct=0 frame_iq_bytes=1048576 transported_iq_bytes=7025459200 transported_frames=6700 wall_ns=175607297560 stage=transport_iq count=6700 total_ns=116771017088 max_ns=26671470
SPF_IIOD_TIMING_V1 snapshot=1 dev=cf-ad9361-lpc metadata=1 burst=0 ring=0 direct=0 frame_iq_bytes=1048576 transported_iq_bytes=7130316800 transported_frames=6800 wall_ns=178230051679 stage=sampler_admit count=6800 total_ns=3285192255 max_ns=9096252
SPF_IIOD_TIMING_V1 snapshot=1 dev=cf-ad9361-lpc metadata=1 burst=0 ring=0 direct=0 frame_iq_bytes=1048576 transported_iq_bytes=7130316800 transported_frames=6800 wall_ns=178230051679 stage=dma_refill count=6800 total_ns=26125355932 max_ns=9008034
SPF_IIOD_TIMING_V1 snapshot=1 dev=cf-ad9361-lpc metadata=1 burst=0 ring=0 direct=0 frame_iq_bytes=1048576 transported_iq_bytes=7130316800 transported_frames=6800 wall_ns=178230051679 stage=sampler_finish count=6800 total_ns=3689120137 max_ns=3994896
SPF_IIOD_TIMING_V1 snapshot=1 dev=cf-ad9361-lpc metadata=1 burst=0 ring=0 direct=0 frame_iq_bytes=1048576 transported_iq_bytes=7130316800 transported_frames=6800 wall_ns=178230051679 stage=metadata_build count=6800 total_ns=4166934449 max_ns=4544112
SPF_IIOD_TIMING_V1 snapshot=1 dev=cf-ad9361-lpc metadata=1 burst=0 ring=0 direct=0 frame_iq_bytes=1048576 transported_iq_bytes=7130316800 transported_frames=6800 wall_ns=178230051679 stage=transport_frame count=6800 total_ns=125116807007 max_ns=28228722
SPF_IIOD_TIMING_V1 snapshot=1 dev=cf-ad9361-lpc metadata=1 burst=0 ring=0 direct=0 frame_iq_bytes=1048576 transported_iq_bytes=7130316800 transported_frames=6800 wall_ns=178230051679 stage=transport_iq count=6800 total_ns=118524426091 max_ns=26671470
SPF_IIOD_TIMING_V1 snapshot=1 dev=cf-ad9361-lpc metadata=1 burst=0 ring=0 direct=0 frame_iq_bytes=1048576 transported_iq_bytes=7235174400 transported_frames=6900 wall_ns=180850018083 stage=sampler_admit count=6900 total_ns=3331558139 max_ns=9096252
SPF_IIOD_TIMING_V1 snapshot=1 dev=cf-ad9361-lpc metadata=1 burst=0 ring=0 direct=0 frame_iq_bytes=1048576 transported_iq_bytes=7235174400 transported_frames=6900 wall_ns=180850018083 stage=dma_refill count=6900 total_ns=26478580452 max_ns=9008034
SPF_IIOD_TIMING_V1 snapshot=1 dev=cf-ad9361-lpc metadata=1 burst=0 ring=0 direct=0 frame_iq_bytes=1048576 transported_iq_bytes=7235174400 transported_frames=6900 wall_ns=180850018083 stage=sampler_finish count=6900 total_ns=3744573896 max_ns=3994896
SPF_IIOD_TIMING_V1 snapshot=1 dev=cf-ad9361-lpc metadata=1 burst=0 ring=0 direct=0 frame_iq_bytes=1048576 transported_iq_bytes=7235174400 transported_frames=6900 wall_ns=180850018083 stage=metadata_build count=6900 total_ns=4227995244 max_ns=4544112
SPF_IIOD_TIMING_V1 snapshot=1 dev=cf-ad9361-lpc metadata=1 burst=0 ring=0 direct=0 frame_iq_bytes=1048576 transported_iq_bytes=7235174400 transported_frames=6900 wall_ns=180850018083 stage=transport_frame count=6900 total_ns=126966341561 max_ns=28228722
SPF_IIOD_TIMING_V1 snapshot=1 dev=cf-ad9361-lpc metadata=1 burst=0 ring=0 direct=0 frame_iq_bytes=1048576 transported_iq_bytes=7235174400 transported_frames=6900 wall_ns=180850018083 stage=transport_iq count=6900 total_ns=120276393258 max_ns=26671470
SPF_IIOD_TIMING_V1 snapshot=1 dev=cf-ad9361-lpc metadata=1 burst=0 ring=0 direct=0 frame_iq_bytes=1048576 transported_iq_bytes=7340032000 transported_frames=7000 wall_ns=183470784761 stage=sampler_admit count=7000 total_ns=3382577106 max_ns=9096252
SPF_IIOD_TIMING_V1 snapshot=1 dev=cf-ad9361-lpc metadata=1 burst=0 ring=0 direct=0 frame_iq_bytes=1048576 transported_iq_bytes=7340032000 transported_frames=7000 wall_ns=183470784761 stage=dma_refill count=7000 total_ns=26868768472 max_ns=9008034
SPF_IIOD_TIMING_V1 snapshot=1 dev=cf-ad9361-lpc metadata=1 burst=0 ring=0 direct=0 frame_iq_bytes=1048576 transported_iq_bytes=7340032000 transported_frames=7000 wall_ns=183470784761 stage=sampler_finish count=7000 total_ns=3798907509 max_ns=3994896
SPF_IIOD_TIMING_V1 snapshot=1 dev=cf-ad9361-lpc metadata=1 burst=0 ring=0 direct=0 frame_iq_bytes=1048576 transported_iq_bytes=7340032000 transported_frames=7000 wall_ns=183470784761 stage=metadata_build count=7000 total_ns=4292851026 max_ns=4544112
SPF_IIOD_TIMING_V1 snapshot=1 dev=cf-ad9361-lpc metadata=1 burst=0 ring=0 direct=0 frame_iq_bytes=1048576 transported_iq_bytes=7340032000 transported_frames=7000 wall_ns=183470784761 stage=transport_frame count=7000 total_ns=128808008123 max_ns=28228722
SPF_IIOD_TIMING_V1 snapshot=1 dev=cf-ad9361-lpc metadata=1 burst=0 ring=0 direct=0 frame_iq_bytes=1048576 transported_iq_bytes=7340032000 transported_frames=7000 wall_ns=183470784761 stage=transport_iq count=7000 total_ns=122017278011 max_ns=26671470
SPF_IIOD_TIMING_V1 snapshot=1 dev=cf-ad9361-lpc metadata=1 burst=0 ring=0 direct=0 frame_iq_bytes=1048576 transported_iq_bytes=7444889600 transported_frames=7100 wall_ns=186093035701 stage=sampler_admit count=7100 total_ns=3440104572 max_ns=9096252
SPF_IIOD_TIMING_V1 snapshot=1 dev=cf-ad9361-lpc metadata=1 burst=0 ring=0 direct=0 frame_iq_bytes=1048576 transported_iq_bytes=7444889600 transported_frames=7100 wall_ns=186093035701 stage=dma_refill count=7100 total_ns=27313184516 max_ns=9008034
SPF_IIOD_TIMING_V1 snapshot=1 dev=cf-ad9361-lpc metadata=1 burst=0 ring=0 direct=0 frame_iq_bytes=1048576 transported_iq_bytes=7444889600 transported_frames=7100 wall_ns=186093035701 stage=sampler_finish count=7100 total_ns=3855848536 max_ns=3994896
SPF_IIOD_TIMING_V1 snapshot=1 dev=cf-ad9361-lpc metadata=1 burst=0 ring=0 direct=0 frame_iq_bytes=1048576 transported_iq_bytes=7444889600 transported_frames=7100 wall_ns=186093035701 stage=metadata_build count=7100 total_ns=4353284646 max_ns=4544112
SPF_IIOD_TIMING_V1 snapshot=1 dev=cf-ad9361-lpc metadata=1 burst=0 ring=0 direct=0 frame_iq_bytes=1048576 transported_iq_bytes=7444889600 transported_frames=7100 wall_ns=186093035701 stage=transport_frame count=7100 total_ns=130604605696 max_ns=28228722
SPF_IIOD_TIMING_V1 snapshot=1 dev=cf-ad9361-lpc metadata=1 burst=0 ring=0 direct=0 frame_iq_bytes=1048576 transported_iq_bytes=7444889600 transported_frames=7100 wall_ns=186093035701 stage=transport_iq count=7100 total_ns=123718737183 max_ns=26671470
SPF_IIOD_TIMING_V1 snapshot=1 dev=cf-ad9361-lpc metadata=1 burst=0 ring=0 direct=0 frame_iq_bytes=1048576 transported_iq_bytes=7549747200 transported_frames=7200 wall_ns=188714134701 stage=sampler_admit count=7200 total_ns=3488024514 max_ns=9096252
SPF_IIOD_TIMING_V1 snapshot=1 dev=cf-ad9361-lpc metadata=1 burst=0 ring=0 direct=0 frame_iq_bytes=1048576 transported_iq_bytes=7549747200 transported_frames=7200 wall_ns=188714134701 stage=dma_refill count=7200 total_ns=27684553962 max_ns=9008034
SPF_IIOD_TIMING_V1 snapshot=1 dev=cf-ad9361-lpc metadata=1 burst=0 ring=0 direct=0 frame_iq_bytes=1048576 transported_iq_bytes=7549747200 transported_frames=7200 wall_ns=188714134701 stage=sampler_finish count=7200 total_ns=3916758672 max_ns=3994896
SPF_IIOD_TIMING_V1 snapshot=1 dev=cf-ad9361-lpc metadata=1 burst=0 ring=0 direct=0 frame_iq_bytes=1048576 transported_iq_bytes=7549747200 transported_frames=7200 wall_ns=188714134701 stage=metadata_build count=7200 total_ns=4413145332 max_ns=4544112
SPF_IIOD_TIMING_V1 snapshot=1 dev=cf-ad9361-lpc metadata=1 burst=0 ring=0 direct=0 frame_iq_bytes=1048576 transported_iq_bytes=7549747200 transported_frames=7200 wall_ns=188714134701 stage=transport_frame count=7200 total_ns=132447830073 max_ns=28228722
SPF_IIOD_TIMING_V1 snapshot=1 dev=cf-ad9361-lpc metadata=1 burst=0 ring=0 direct=0 frame_iq_bytes=1048576 transported_iq_bytes=7549747200 transported_frames=7200 wall_ns=188714134701 stage=transport_iq count=7200 total_ns=125466524569 max_ns=26671470
SPF_IIOD_TIMING_V1 snapshot=1 dev=cf-ad9361-lpc metadata=1 burst=0 ring=0 direct=0 frame_iq_bytes=1048576 transported_iq_bytes=7654604800 transported_frames=7300 wall_ns=191334594875 stage=sampler_admit count=7300 total_ns=3534201763 max_ns=9096252
SPF_IIOD_TIMING_V1 snapshot=1 dev=cf-ad9361-lpc metadata=1 burst=0 ring=0 direct=0 frame_iq_bytes=1048576 transported_iq_bytes=7654604800 transported_frames=7300 wall_ns=191334594875 stage=dma_refill count=7300 total_ns=28075135552 max_ns=9008034
SPF_IIOD_TIMING_V1 snapshot=1 dev=cf-ad9361-lpc metadata=1 burst=0 ring=0 direct=0 frame_iq_bytes=1048576 transported_iq_bytes=7654604800 transported_frames=7300 wall_ns=191334594875 stage=sampler_finish count=7300 total_ns=3969669751 max_ns=3994896
SPF_IIOD_TIMING_V1 snapshot=1 dev=cf-ad9361-lpc metadata=1 burst=0 ring=0 direct=0 frame_iq_bytes=1048576 transported_iq_bytes=7654604800 transported_frames=7300 wall_ns=191334594875 stage=metadata_build count=7300 total_ns=4473698749 max_ns=4544112
SPF_IIOD_TIMING_V1 snapshot=1 dev=cf-ad9361-lpc metadata=1 burst=0 ring=0 direct=0 frame_iq_bytes=1048576 transported_iq_bytes=7654604800 transported_frames=7300 wall_ns=191334594875 stage=transport_frame count=7300 total_ns=134298866450 max_ns=28228722
SPF_IIOD_TIMING_V1 snapshot=1 dev=cf-ad9361-lpc metadata=1 burst=0 ring=0 direct=0 frame_iq_bytes=1048576 transported_iq_bytes=7654604800 transported_frames=7300 wall_ns=191334594875 stage=transport_iq count=7300 total_ns=127221709469 max_ns=26671470
SPF_IIOD_TIMING_V1 snapshot=1 dev=cf-ad9361-lpc metadata=1 burst=0 ring=0 direct=0 frame_iq_bytes=1048576 transported_iq_bytes=7759462400 transported_frames=7400 wall_ns=193956230179 stage=sampler_admit count=7400 total_ns=3585198889 max_ns=9096252
SPF_IIOD_TIMING_V1 snapshot=1 dev=cf-ad9361-lpc metadata=1 burst=0 ring=0 direct=0 frame_iq_bytes=1048576 transported_iq_bytes=7759462400 transported_frames=7400 wall_ns=193956230179 stage=dma_refill count=7400 total_ns=28463931914 max_ns=9008034
SPF_IIOD_TIMING_V1 snapshot=1 dev=cf-ad9361-lpc metadata=1 burst=0 ring=0 direct=0 frame_iq_bytes=1048576 transported_iq_bytes=7759462400 transported_frames=7400 wall_ns=193956230179 stage=sampler_finish count=7400 total_ns=4025411299 max_ns=3994896
SPF_IIOD_TIMING_V1 snapshot=1 dev=cf-ad9361-lpc metadata=1 burst=0 ring=0 direct=0 frame_iq_bytes=1048576 transported_iq_bytes=7759462400 transported_frames=7400 wall_ns=193956230179 stage=metadata_build count=7400 total_ns=4537008873 max_ns=4544112
SPF_IIOD_TIMING_V1 snapshot=1 dev=cf-ad9361-lpc metadata=1 burst=0 ring=0 direct=0 frame_iq_bytes=1048576 transported_iq_bytes=7759462400 transported_frames=7400 wall_ns=193956230179 stage=transport_frame count=7400 total_ns=136149644158 max_ns=28228722
SPF_IIOD_TIMING_V1 snapshot=1 dev=cf-ad9361-lpc metadata=1 burst=0 ring=0 direct=0 frame_iq_bytes=1048576 transported_iq_bytes=7759462400 transported_frames=7400 wall_ns=193956230179 stage=transport_iq count=7400 total_ns=128974036013 max_ns=26671470
SPF_IIOD_TIMING_V1 snapshot=1 dev=cf-ad9361-lpc metadata=1 burst=0 ring=0 direct=0 frame_iq_bytes=1048576 transported_iq_bytes=7864320000 transported_frames=7500 wall_ns=196578164061 stage=sampler_admit count=7500 total_ns=3631853666 max_ns=9096252
SPF_IIOD_TIMING_V1 snapshot=1 dev=cf-ad9361-lpc metadata=1 burst=0 ring=0 direct=0 frame_iq_bytes=1048576 transported_iq_bytes=7864320000 transported_frames=7500 wall_ns=196578164061 stage=dma_refill count=7500 total_ns=28867504763 max_ns=9008034
SPF_IIOD_TIMING_V1 snapshot=1 dev=cf-ad9361-lpc metadata=1 burst=0 ring=0 direct=0 frame_iq_bytes=1048576 transported_iq_bytes=7864320000 transported_frames=7500 wall_ns=196578164061 stage=sampler_finish count=7500 total_ns=4074293641 max_ns=3994896
SPF_IIOD_TIMING_V1 snapshot=1 dev=cf-ad9361-lpc metadata=1 burst=0 ring=0 direct=0 frame_iq_bytes=1048576 transported_iq_bytes=7864320000 transported_frames=7500 wall_ns=196578164061 stage=metadata_build count=7500 total_ns=4597188166 max_ns=4544112
SPF_IIOD_TIMING_V1 snapshot=1 dev=cf-ad9361-lpc metadata=1 burst=0 ring=0 direct=0 frame_iq_bytes=1048576 transported_iq_bytes=7864320000 transported_frames=7500 wall_ns=196578164061 stage=transport_frame count=7500 total_ns=137999222735 max_ns=28228722
SPF_IIOD_TIMING_V1 snapshot=1 dev=cf-ad9361-lpc metadata=1 burst=0 ring=0 direct=0 frame_iq_bytes=1048576 transported_iq_bytes=7864320000 transported_frames=7500 wall_ns=196578164061 stage=transport_iq count=7500 total_ns=130728278645 max_ns=26671470
SPF_IIOD_TIMING_V1 snapshot=1 dev=cf-ad9361-lpc metadata=1 burst=0 ring=0 direct=0 frame_iq_bytes=1048576 transported_iq_bytes=7969177600 transported_frames=7600 wall_ns=199199923355 stage=sampler_admit count=7600 total_ns=3680770502 max_ns=9096252
SPF_IIOD_TIMING_V1 snapshot=1 dev=cf-ad9361-lpc metadata=1 burst=0 ring=0 direct=0 frame_iq_bytes=1048576 transported_iq_bytes=7969177600 transported_frames=7600 wall_ns=199199923355 stage=dma_refill count=7600 total_ns=29277474939 max_ns=9008034
SPF_IIOD_TIMING_V1 snapshot=1 dev=cf-ad9361-lpc metadata=1 burst=0 ring=0 direct=0 frame_iq_bytes=1048576 transported_iq_bytes=7969177600 transported_frames=7600 wall_ns=199199923355 stage=sampler_finish count=7600 total_ns=4124661811 max_ns=3994896
SPF_IIOD_TIMING_V1 snapshot=1 dev=cf-ad9361-lpc metadata=1 burst=0 ring=0 direct=0 frame_iq_bytes=1048576 transported_iq_bytes=7969177600 transported_frames=7600 wall_ns=199199923355 stage=metadata_build count=7600 total_ns=4657739645 max_ns=4544112
SPF_IIOD_TIMING_V1 snapshot=1 dev=cf-ad9361-lpc metadata=1 burst=0 ring=0 direct=0 frame_iq_bytes=1048576 transported_iq_bytes=7969177600 transported_frames=7600 wall_ns=199199923355 stage=transport_frame count=7600 total_ns=139833885786 max_ns=28228722
SPF_IIOD_TIMING_V1 snapshot=1 dev=cf-ad9361-lpc metadata=1 burst=0 ring=0 direct=0 frame_iq_bytes=1048576 transported_iq_bytes=7969177600 transported_frames=7600 wall_ns=199199923355 stage=transport_iq count=7600 total_ns=132467190821 max_ns=26671470
SPF_IIOD_TIMING_V1 snapshot=1 dev=cf-ad9361-lpc metadata=1 burst=0 ring=0 direct=0 frame_iq_bytes=1048576 transported_iq_bytes=8074035200 transported_frames=7700 wall_ns=201821648461 stage=sampler_admit count=7700 total_ns=3728285186 max_ns=9096252
SPF_IIOD_TIMING_V1 snapshot=1 dev=cf-ad9361-lpc metadata=1 burst=0 ring=0 direct=0 frame_iq_bytes=1048576 transported_iq_bytes=8074035200 transported_frames=7700 wall_ns=201821648461 stage=dma_refill count=7700 total_ns=29650614079 max_ns=9008034
SPF_IIOD_TIMING_V1 snapshot=1 dev=cf-ad9361-lpc metadata=1 burst=0 ring=0 direct=0 frame_iq_bytes=1048576 transported_iq_bytes=8074035200 transported_frames=7700 wall_ns=201821648461 stage=sampler_finish count=7700 total_ns=4174586383 max_ns=3994896
SPF_IIOD_TIMING_V1 snapshot=1 dev=cf-ad9361-lpc metadata=1 burst=0 ring=0 direct=0 frame_iq_bytes=1048576 transported_iq_bytes=8074035200 transported_frames=7700 wall_ns=201821648461 stage=metadata_build count=7700 total_ns=4722114240 max_ns=4544112
SPF_IIOD_TIMING_V1 snapshot=1 dev=cf-ad9361-lpc metadata=1 burst=0 ring=0 direct=0 frame_iq_bytes=1048576 transported_iq_bytes=8074035200 transported_frames=7700 wall_ns=201821648461 stage=transport_frame count=7700 total_ns=141682442383 max_ns=28228722
SPF_IIOD_TIMING_V1 snapshot=1 dev=cf-ad9361-lpc metadata=1 burst=0 ring=0 direct=0 frame_iq_bytes=1048576 transported_iq_bytes=8074035200 transported_frames=7700 wall_ns=201821648461 stage=transport_iq count=7700 total_ns=134215537757 max_ns=26671470
SPF_IIOD_TIMING_V1 snapshot=1 dev=cf-ad9361-lpc metadata=1 burst=0 ring=0 direct=0 frame_iq_bytes=1048576 transported_iq_bytes=8178892800 transported_frames=7800 wall_ns=204442492563 stage=sampler_admit count=7800 total_ns=3775312202 max_ns=9096252
SPF_IIOD_TIMING_V1 snapshot=1 dev=cf-ad9361-lpc metadata=1 burst=0 ring=0 direct=0 frame_iq_bytes=1048576 transported_iq_bytes=8178892800 transported_frames=7800 wall_ns=204442492563 stage=dma_refill count=7800 total_ns=30026761002 max_ns=9008034
SPF_IIOD_TIMING_V1 snapshot=1 dev=cf-ad9361-lpc metadata=1 burst=0 ring=0 direct=0 frame_iq_bytes=1048576 transported_iq_bytes=8178892800 transported_frames=7800 wall_ns=204442492563 stage=sampler_finish count=7800 total_ns=4234283258 max_ns=3994896
SPF_IIOD_TIMING_V1 snapshot=1 dev=cf-ad9361-lpc metadata=1 burst=0 ring=0 direct=0 frame_iq_bytes=1048576 transported_iq_bytes=8178892800 transported_frames=7800 wall_ns=204442492563 stage=metadata_build count=7800 total_ns=4783434764 max_ns=4544112
SPF_IIOD_TIMING_V1 snapshot=1 dev=cf-ad9361-lpc metadata=1 burst=0 ring=0 direct=0 frame_iq_bytes=1048576 transported_iq_bytes=8178892800 transported_frames=7800 wall_ns=204442492563 stage=transport_frame count=7800 total_ns=143522166319 max_ns=28228722
SPF_IIOD_TIMING_V1 snapshot=1 dev=cf-ad9361-lpc metadata=1 burst=0 ring=0 direct=0 frame_iq_bytes=1048576 transported_iq_bytes=8178892800 transported_frames=7800 wall_ns=204442492563 stage=transport_iq count=7800 total_ns=135958634223 max_ns=26671470
SPF_IIOD_TIMING_V1 snapshot=1 dev=cf-ad9361-lpc metadata=1 burst=0 ring=0 direct=0 frame_iq_bytes=1048576 transported_iq_bytes=8283750400 transported_frames=7900 wall_ns=207061326281 stage=sampler_admit count=7900 total_ns=3824344545 max_ns=9096252
SPF_IIOD_TIMING_V1 snapshot=1 dev=cf-ad9361-lpc metadata=1 burst=0 ring=0 direct=0 frame_iq_bytes=1048576 transported_iq_bytes=8283750400 transported_frames=7900 wall_ns=207061326281 stage=dma_refill count=7900 total_ns=30404040213 max_ns=9008034
SPF_IIOD_TIMING_V1 snapshot=1 dev=cf-ad9361-lpc metadata=1 burst=0 ring=0 direct=0 frame_iq_bytes=1048576 transported_iq_bytes=8283750400 transported_frames=7900 wall_ns=207061326281 stage=sampler_finish count=7900 total_ns=4293254781 max_ns=3994896
SPF_IIOD_TIMING_V1 snapshot=1 dev=cf-ad9361-lpc metadata=1 burst=0 ring=0 direct=0 frame_iq_bytes=1048576 transported_iq_bytes=8283750400 transported_frames=7900 wall_ns=207061326281 stage=metadata_build count=7900 total_ns=4847991170 max_ns=4544112
SPF_IIOD_TIMING_V1 snapshot=1 dev=cf-ad9361-lpc metadata=1 burst=0 ring=0 direct=0 frame_iq_bytes=1048576 transported_iq_bytes=8283750400 transported_frames=7900 wall_ns=207061326281 stage=transport_frame count=7900 total_ns=145353013057 max_ns=28228722
SPF_IIOD_TIMING_V1 snapshot=1 dev=cf-ad9361-lpc metadata=1 burst=0 ring=0 direct=0 frame_iq_bytes=1048576 transported_iq_bytes=8283750400 transported_frames=7900 wall_ns=207061326281 stage=transport_iq count=7900 total_ns=137689836543 max_ns=26671470
SPF_IIOD_TIMING_V1 snapshot=1 dev=cf-ad9361-lpc metadata=1 burst=0 ring=0 direct=0 frame_iq_bytes=1048576 transported_iq_bytes=8388608000 transported_frames=8000 wall_ns=209687194867 stage=sampler_admit count=8000 total_ns=3878276116 max_ns=9096252
SPF_IIOD_TIMING_V1 snapshot=1 dev=cf-ad9361-lpc metadata=1 burst=0 ring=0 direct=0 frame_iq_bytes=1048576 transported_iq_bytes=8388608000 transported_frames=8000 wall_ns=209687194867 stage=dma_refill count=8000 total_ns=30804803449 max_ns=9008034
SPF_IIOD_TIMING_V1 snapshot=1 dev=cf-ad9361-lpc metadata=1 burst=0 ring=0 direct=0 frame_iq_bytes=1048576 transported_iq_bytes=8388608000 transported_frames=8000 wall_ns=209687194867 stage=sampler_finish count=8000 total_ns=4344627729 max_ns=3994896
SPF_IIOD_TIMING_V1 snapshot=1 dev=cf-ad9361-lpc metadata=1 burst=0 ring=0 direct=0 frame_iq_bytes=1048576 transported_iq_bytes=8388608000 transported_frames=8000 wall_ns=209687194867 stage=metadata_build count=8000 total_ns=4915741527 max_ns=4544112
SPF_IIOD_TIMING_V1 snapshot=1 dev=cf-ad9361-lpc metadata=1 burst=0 ring=0 direct=0 frame_iq_bytes=1048576 transported_iq_bytes=8388608000 transported_frames=8000 wall_ns=209687194867 stage=transport_frame count=8000 total_ns=147175570237 max_ns=28228722
SPF_IIOD_TIMING_V1 snapshot=1 dev=cf-ad9361-lpc metadata=1 burst=0 ring=0 direct=0 frame_iq_bytes=1048576 transported_iq_bytes=8388608000 transported_frames=8000 wall_ns=209687194867 stage=transport_iq count=8000 total_ns=139410150127 max_ns=26671470
SPF_IIOD_TIMING_V1 snapshot=1 dev=cf-ad9361-lpc metadata=1 burst=0 ring=0 direct=0 frame_iq_bytes=1048576 transported_iq_bytes=8493465600 transported_frames=8100 wall_ns=212306251383 stage=sampler_admit count=8100 total_ns=3923741597 max_ns=9096252
SPF_IIOD_TIMING_V1 snapshot=1 dev=cf-ad9361-lpc metadata=1 burst=0 ring=0 direct=0 frame_iq_bytes=1048576 transported_iq_bytes=8493465600 transported_frames=8100 wall_ns=212306251383 stage=dma_refill count=8100 total_ns=31145792824 max_ns=9008034
SPF_IIOD_TIMING_V1 snapshot=1 dev=cf-ad9361-lpc metadata=1 burst=0 ring=0 direct=0 frame_iq_bytes=1048576 transported_iq_bytes=8493465600 transported_frames=8100 wall_ns=212306251383 stage=sampler_finish count=8100 total_ns=4408581076 max_ns=3994896
SPF_IIOD_TIMING_V1 snapshot=1 dev=cf-ad9361-lpc metadata=1 burst=0 ring=0 direct=0 frame_iq_bytes=1048576 transported_iq_bytes=8493465600 transported_frames=8100 wall_ns=212306251383 stage=metadata_build count=8100 total_ns=4976072763 max_ns=4544112
SPF_IIOD_TIMING_V1 snapshot=1 dev=cf-ad9361-lpc metadata=1 burst=0 ring=0 direct=0 frame_iq_bytes=1048576 transported_iq_bytes=8493465600 transported_frames=8100 wall_ns=212306251383 stage=transport_frame count=8100 total_ns=149026939508 max_ns=28228722
SPF_IIOD_TIMING_V1 snapshot=1 dev=cf-ad9361-lpc metadata=1 burst=0 ring=0 direct=0 frame_iq_bytes=1048576 transported_iq_bytes=8493465600 transported_frames=8100 wall_ns=212306251383 stage=transport_iq count=8100 total_ns=141165777139 max_ns=26671470
SPF_IIOD_TIMING_V1 snapshot=1 dev=cf-ad9361-lpc metadata=1 burst=0 ring=0 direct=0 frame_iq_bytes=1048576 transported_iq_bytes=8598323200 transported_frames=8200 wall_ns=214927690913 stage=sampler_admit count=8200 total_ns=3978041304 max_ns=9096252
SPF_IIOD_TIMING_V1 snapshot=1 dev=cf-ad9361-lpc metadata=1 burst=0 ring=0 direct=0 frame_iq_bytes=1048576 transported_iq_bytes=8598323200 transported_frames=8200 wall_ns=214927690913 stage=dma_refill count=8200 total_ns=31502270838 max_ns=9008034
SPF_IIOD_TIMING_V1 snapshot=1 dev=cf-ad9361-lpc metadata=1 burst=0 ring=0 direct=0 frame_iq_bytes=1048576 transported_iq_bytes=8598323200 transported_frames=8200 wall_ns=214927690913 stage=sampler_finish count=8200 total_ns=4462527672 max_ns=3994896
SPF_IIOD_TIMING_V1 snapshot=1 dev=cf-ad9361-lpc metadata=1 burst=0 ring=0 direct=0 frame_iq_bytes=1048576 transported_iq_bytes=8598323200 transported_frames=8200 wall_ns=214927690913 stage=metadata_build count=8200 total_ns=5039899185 max_ns=4544112
SPF_IIOD_TIMING_V1 snapshot=1 dev=cf-ad9361-lpc metadata=1 burst=0 ring=0 direct=0 frame_iq_bytes=1048576 transported_iq_bytes=8598323200 transported_frames=8200 wall_ns=214927690913 stage=transport_frame count=8200 total_ns=150867699837 max_ns=28228722
SPF_IIOD_TIMING_V1 snapshot=1 dev=cf-ad9361-lpc metadata=1 burst=0 ring=0 direct=0 frame_iq_bytes=1048576 transported_iq_bytes=8598323200 transported_frames=8200 wall_ns=214927690913 stage=transport_iq count=8200 total_ns=142907014969 max_ns=26671470
SPF_IIOD_TIMING_V1 snapshot=1 dev=cf-ad9361-lpc metadata=1 burst=0 ring=0 direct=0 frame_iq_bytes=1048576 transported_iq_bytes=8703180800 transported_frames=8300 wall_ns=217550030431 stage=sampler_admit count=8300 total_ns=4029477799 max_ns=9096252
SPF_IIOD_TIMING_V1 snapshot=1 dev=cf-ad9361-lpc metadata=1 burst=0 ring=0 direct=0 frame_iq_bytes=1048576 transported_iq_bytes=8703180800 transported_frames=8300 wall_ns=217550030431 stage=dma_refill count=8300 total_ns=31901529327 max_ns=9008034
SPF_IIOD_TIMING_V1 snapshot=1 dev=cf-ad9361-lpc metadata=1 burst=0 ring=0 direct=0 frame_iq_bytes=1048576 transported_iq_bytes=8703180800 transported_frames=8300 wall_ns=217550030431 stage=sampler_finish count=8300 total_ns=4515674353 max_ns=3994896
SPF_IIOD_TIMING_V1 snapshot=1 dev=cf-ad9361-lpc metadata=1 burst=0 ring=0 direct=0 frame_iq_bytes=1048576 transported_iq_bytes=8703180800 transported_frames=8300 wall_ns=217550030431 stage=metadata_build count=8300 total_ns=5100179895 max_ns=4544112
SPF_IIOD_TIMING_V1 snapshot=1 dev=cf-ad9361-lpc metadata=1 burst=0 ring=0 direct=0 frame_iq_bytes=1048576 transported_iq_bytes=8703180800 transported_frames=8300 wall_ns=217550030431 stage=transport_frame count=8300 total_ns=152697326289 max_ns=28228722
SPF_IIOD_TIMING_V1 snapshot=1 dev=cf-ad9361-lpc metadata=1 burst=0 ring=0 direct=0 frame_iq_bytes=1048576 transported_iq_bytes=8703180800 transported_frames=8300 wall_ns=217550030431 stage=transport_iq count=8300 total_ns=144641356992 max_ns=26671470
SPF_IIOD_TIMING_V1 snapshot=1 dev=cf-ad9361-lpc metadata=1 burst=0 ring=0 direct=0 frame_iq_bytes=1048576 transported_iq_bytes=8808038400 transported_frames=8400 wall_ns=220172466147 stage=sampler_admit count=8400 total_ns=4090513130 max_ns=10807062
SPF_IIOD_TIMING_V1 snapshot=1 dev=cf-ad9361-lpc metadata=1 burst=0 ring=0 direct=0 frame_iq_bytes=1048576 transported_iq_bytes=8808038400 transported_frames=8400 wall_ns=220172466147 stage=dma_refill count=8400 total_ns=32297783947 max_ns=9008034
SPF_IIOD_TIMING_V1 snapshot=1 dev=cf-ad9361-lpc metadata=1 burst=0 ring=0 direct=0 frame_iq_bytes=1048576 transported_iq_bytes=8808038400 transported_frames=8400 wall_ns=220172466147 stage=sampler_finish count=8400 total_ns=4574973033 max_ns=3994896
SPF_IIOD_TIMING_V1 snapshot=1 dev=cf-ad9361-lpc metadata=1 burst=0 ring=0 direct=0 frame_iq_bytes=1048576 transported_iq_bytes=8808038400 transported_frames=8400 wall_ns=220172466147 stage=metadata_build count=8400 total_ns=5160963969 max_ns=4544112
SPF_IIOD_TIMING_V1 snapshot=1 dev=cf-ad9361-lpc metadata=1 burst=0 ring=0 direct=0 frame_iq_bytes=1048576 transported_iq_bytes=8808038400 transported_frames=8400 wall_ns=220172466147 stage=transport_frame count=8400 total_ns=154489940768 max_ns=28228722
SPF_IIOD_TIMING_V1 snapshot=1 dev=cf-ad9361-lpc metadata=1 burst=0 ring=0 direct=0 frame_iq_bytes=1048576 transported_iq_bytes=8808038400 transported_frames=8400 wall_ns=220172466147 stage=transport_iq count=8400 total_ns=146339026696 max_ns=26671470
SPF_IIOD_TIMING_V1 snapshot=1 dev=cf-ad9361-lpc metadata=1 burst=0 ring=0 direct=0 frame_iq_bytes=1048576 transported_iq_bytes=8912896000 transported_frames=8500 wall_ns=222791773649 stage=sampler_admit count=8500 total_ns=4135506674 max_ns=10807062
SPF_IIOD_TIMING_V1 snapshot=1 dev=cf-ad9361-lpc metadata=1 burst=0 ring=0 direct=0 frame_iq_bytes=1048576 transported_iq_bytes=8912896000 transported_frames=8500 wall_ns=222791773649 stage=dma_refill count=8500 total_ns=32575755161 max_ns=9008034
SPF_IIOD_TIMING_V1 snapshot=1 dev=cf-ad9361-lpc metadata=1 burst=0 ring=0 direct=0 frame_iq_bytes=1048576 transported_iq_bytes=8912896000 transported_frames=8500 wall_ns=222791773649 stage=sampler_finish count=8500 total_ns=4645669059 max_ns=3994896
SPF_IIOD_TIMING_V1 snapshot=1 dev=cf-ad9361-lpc metadata=1 burst=0 ring=0 direct=0 frame_iq_bytes=1048576 transported_iq_bytes=8912896000 transported_frames=8500 wall_ns=222791773649 stage=metadata_build count=8500 total_ns=5221481187 max_ns=4544112
SPF_IIOD_TIMING_V1 snapshot=1 dev=cf-ad9361-lpc metadata=1 burst=0 ring=0 direct=0 frame_iq_bytes=1048576 transported_iq_bytes=8912896000 transported_frames=8500 wall_ns=222791773649 stage=transport_frame count=8500 total_ns=156338888559 max_ns=28228722
SPF_IIOD_TIMING_V1 snapshot=1 dev=cf-ad9361-lpc metadata=1 burst=0 ring=0 direct=0 frame_iq_bytes=1048576 transported_iq_bytes=8912896000 transported_frames=8500 wall_ns=222791773649 stage=transport_iq count=8500 total_ns=148091841353 max_ns=26671470
SPF_IIOD_TIMING_V1 snapshot=1 dev=cf-ad9361-lpc metadata=1 burst=0 ring=0 direct=0 frame_iq_bytes=1048576 transported_iq_bytes=9017753600 transported_frames=8600 wall_ns=225413166463 stage=sampler_admit count=8600 total_ns=4183258449 max_ns=10807062
SPF_IIOD_TIMING_V1 snapshot=1 dev=cf-ad9361-lpc metadata=1 burst=0 ring=0 direct=0 frame_iq_bytes=1048576 transported_iq_bytes=9017753600 transported_frames=8600 wall_ns=225413166463 stage=dma_refill count=8600 total_ns=32899825550 max_ns=9008034
SPF_IIOD_TIMING_V1 snapshot=1 dev=cf-ad9361-lpc metadata=1 burst=0 ring=0 direct=0 frame_iq_bytes=1048576 transported_iq_bytes=9017753600 transported_frames=8600 wall_ns=225413166463 stage=sampler_finish count=8600 total_ns=4705581531 max_ns=3994896
SPF_IIOD_TIMING_V1 snapshot=1 dev=cf-ad9361-lpc metadata=1 burst=0 ring=0 direct=0 frame_iq_bytes=1048576 transported_iq_bytes=9017753600 transported_frames=8600 wall_ns=225413166463 stage=metadata_build count=8600 total_ns=5282347769 max_ns=4544112
SPF_IIOD_TIMING_V1 snapshot=1 dev=cf-ad9361-lpc metadata=1 burst=0 ring=0 direct=0 frame_iq_bytes=1048576 transported_iq_bytes=9017753600 transported_frames=8600 wall_ns=225413166463 stage=transport_frame count=8600 total_ns=158193048310 max_ns=28228722
SPF_IIOD_TIMING_V1 snapshot=1 dev=cf-ad9361-lpc metadata=1 burst=0 ring=0 direct=0 frame_iq_bytes=1048576 transported_iq_bytes=9017753600 transported_frames=8600 wall_ns=225413166463 stage=transport_iq count=8600 total_ns=149848780402 max_ns=26671470
SPF_IIOD_TIMING_V1 snapshot=1 dev=cf-ad9361-lpc metadata=1 burst=0 ring=0 direct=0 frame_iq_bytes=1048576 transported_iq_bytes=9122611200 transported_frames=8700 wall_ns=228034547955 stage=sampler_admit count=8700 total_ns=4230869993 max_ns=10807062
SPF_IIOD_TIMING_V1 snapshot=1 dev=cf-ad9361-lpc metadata=1 burst=0 ring=0 direct=0 frame_iq_bytes=1048576 transported_iq_bytes=9122611200 transported_frames=8700 wall_ns=228034547955 stage=dma_refill count=8700 total_ns=33323037035 max_ns=9008034
SPF_IIOD_TIMING_V1 snapshot=1 dev=cf-ad9361-lpc metadata=1 burst=0 ring=0 direct=0 frame_iq_bytes=1048576 transported_iq_bytes=9122611200 transported_frames=8700 wall_ns=228034547955 stage=sampler_finish count=8700 total_ns=4755025245 max_ns=3994896
SPF_IIOD_TIMING_V1 snapshot=1 dev=cf-ad9361-lpc metadata=1 burst=0 ring=0 direct=0 frame_iq_bytes=1048576 transported_iq_bytes=9122611200 transported_frames=8700 wall_ns=228034547955 stage=metadata_build count=8700 total_ns=5343444966 max_ns=4544112
SPF_IIOD_TIMING_V1 snapshot=1 dev=cf-ad9361-lpc metadata=1 burst=0 ring=0 direct=0 frame_iq_bytes=1048576 transported_iq_bytes=9122611200 transported_frames=8700 wall_ns=228034547955 stage=transport_frame count=8700 total_ns=160043982816 max_ns=28228722
SPF_IIOD_TIMING_V1 snapshot=1 dev=cf-ad9361-lpc metadata=1 burst=0 ring=0 direct=0 frame_iq_bytes=1048576 transported_iq_bytes=9122611200 transported_frames=8700 wall_ns=228034547955 stage=transport_iq count=8700 total_ns=151602374495 max_ns=26671470
SPF_IIOD_TIMING_V1 snapshot=1 dev=cf-ad9361-lpc metadata=1 burst=0 ring=0 direct=0 frame_iq_bytes=1048576 transported_iq_bytes=9227468800 transported_frames=8800 wall_ns=230656709753 stage=sampler_admit count=8800 total_ns=4279417566 max_ns=10807062
SPF_IIOD_TIMING_V1 snapshot=1 dev=cf-ad9361-lpc metadata=1 burst=0 ring=0 direct=0 frame_iq_bytes=1048576 transported_iq_bytes=9227468800 transported_frames=8800 wall_ns=230656709753 stage=dma_refill count=8800 total_ns=33733635746 max_ns=9008034
SPF_IIOD_TIMING_V1 snapshot=1 dev=cf-ad9361-lpc metadata=1 burst=0 ring=0 direct=0 frame_iq_bytes=1048576 transported_iq_bytes=9227468800 transported_frames=8800 wall_ns=230656709753 stage=sampler_finish count=8800 total_ns=4809947433 max_ns=3994896
SPF_IIOD_TIMING_V1 snapshot=1 dev=cf-ad9361-lpc metadata=1 burst=0 ring=0 direct=0 frame_iq_bytes=1048576 transported_iq_bytes=9227468800 transported_frames=8800 wall_ns=230656709753 stage=metadata_build count=8800 total_ns=5403545263 max_ns=4544112
SPF_IIOD_TIMING_V1 snapshot=1 dev=cf-ad9361-lpc metadata=1 burst=0 ring=0 direct=0 frame_iq_bytes=1048576 transported_iq_bytes=9227468800 transported_frames=8800 wall_ns=230656709753 stage=transport_frame count=8800 total_ns=161883981392 max_ns=28228722
SPF_IIOD_TIMING_V1 snapshot=1 dev=cf-ad9361-lpc metadata=1 burst=0 ring=0 direct=0 frame_iq_bytes=1048576 transported_iq_bytes=9227468800 transported_frames=8800 wall_ns=230656709753 stage=transport_iq count=8800 total_ns=153347775978 max_ns=26671470
SPF_IIOD_TIMING_V1 snapshot=1 dev=cf-ad9361-lpc metadata=1 burst=0 ring=0 direct=0 frame_iq_bytes=1048576 transported_iq_bytes=9332326400 transported_frames=8900 wall_ns=233285628427 stage=sampler_admit count=8900 total_ns=4324688502 max_ns=10807062
SPF_IIOD_TIMING_V1 snapshot=1 dev=cf-ad9361-lpc metadata=1 burst=0 ring=0 direct=0 frame_iq_bytes=1048576 transported_iq_bytes=9332326400 transported_frames=8900 wall_ns=233285628427 stage=dma_refill count=8900 total_ns=34149102601 max_ns=9008034
SPF_IIOD_TIMING_V1 snapshot=1 dev=cf-ad9361-lpc metadata=1 burst=0 ring=0 direct=0 frame_iq_bytes=1048576 transported_iq_bytes=9332326400 transported_frames=8900 wall_ns=233285628427 stage=sampler_finish count=8900 total_ns=4866567669 max_ns=3994896
SPF_IIOD_TIMING_V1 snapshot=1 dev=cf-ad9361-lpc metadata=1 burst=0 ring=0 direct=0 frame_iq_bytes=1048576 transported_iq_bytes=9332326400 transported_frames=8900 wall_ns=233285628427 stage=metadata_build count=8900 total_ns=5463579902 max_ns=4544112
SPF_IIOD_TIMING_V1 snapshot=1 dev=cf-ad9361-lpc metadata=1 burst=0 ring=0 direct=0 frame_iq_bytes=1048576 transported_iq_bytes=9332326400 transported_frames=8900 wall_ns=233285628427 stage=transport_frame count=8900 total_ns=163720889342 max_ns=28228722
SPF_IIOD_TIMING_V1 snapshot=1 dev=cf-ad9361-lpc metadata=1 burst=0 ring=0 direct=0 frame_iq_bytes=1048576 transported_iq_bytes=9332326400 transported_frames=8900 wall_ns=233285628427 stage=transport_iq count=8900 total_ns=155090239751 max_ns=26671470
SPF_IIOD_TIMING_V1 snapshot=1 dev=cf-ad9361-lpc metadata=1 burst=0 ring=0 direct=0 frame_iq_bytes=1048576 transported_iq_bytes=9437184000 transported_frames=9000 wall_ns=235898573139 stage=sampler_admit count=9000 total_ns=4368698514 max_ns=10807062
SPF_IIOD_TIMING_V1 snapshot=1 dev=cf-ad9361-lpc metadata=1 burst=0 ring=0 direct=0 frame_iq_bytes=1048576 transported_iq_bytes=9437184000 transported_frames=9000 wall_ns=235898573139 stage=dma_refill count=9000 total_ns=34552145922 max_ns=9008034
SPF_IIOD_TIMING_V1 snapshot=1 dev=cf-ad9361-lpc metadata=1 burst=0 ring=0 direct=0 frame_iq_bytes=1048576 transported_iq_bytes=9437184000 transported_frames=9000 wall_ns=235898573139 stage=sampler_finish count=9000 total_ns=4921850320 max_ns=3994896
SPF_IIOD_TIMING_V1 snapshot=1 dev=cf-ad9361-lpc metadata=1 burst=0 ring=0 direct=0 frame_iq_bytes=1048576 transported_iq_bytes=9437184000 transported_frames=9000 wall_ns=235898573139 stage=metadata_build count=9000 total_ns=5524651569 max_ns=4544112
SPF_IIOD_TIMING_V1 snapshot=1 dev=cf-ad9361-lpc metadata=1 burst=0 ring=0 direct=0 frame_iq_bytes=1048576 transported_iq_bytes=9437184000 transported_frames=9000 wall_ns=235898573139 stage=transport_frame count=9000 total_ns=165573461792 max_ns=28228722
SPF_IIOD_TIMING_V1 snapshot=1 dev=cf-ad9361-lpc metadata=1 burst=0 ring=0 direct=0 frame_iq_bytes=1048576 transported_iq_bytes=9437184000 transported_frames=9000 wall_ns=235898573139 stage=transport_iq count=9000 total_ns=156845989564 max_ns=26671470
SPF_IIOD_TIMING_V1 snapshot=1 dev=cf-ad9361-lpc metadata=1 burst=0 ring=0 direct=0 frame_iq_bytes=1048576 transported_iq_bytes=9542041600 transported_frames=9100 wall_ns=238520058227 stage=sampler_admit count=9100 total_ns=4415637714 max_ns=10807062
SPF_IIOD_TIMING_V1 snapshot=1 dev=cf-ad9361-lpc metadata=1 burst=0 ring=0 direct=0 frame_iq_bytes=1048576 transported_iq_bytes=9542041600 transported_frames=9100 wall_ns=238520058227 stage=dma_refill count=9100 total_ns=34968645361 max_ns=9008034
SPF_IIOD_TIMING_V1 snapshot=1 dev=cf-ad9361-lpc metadata=1 burst=0 ring=0 direct=0 frame_iq_bytes=1048576 transported_iq_bytes=9542041600 transported_frames=9100 wall_ns=238520058227 stage=sampler_finish count=9100 total_ns=4972423031 max_ns=3994896
SPF_IIOD_TIMING_V1 snapshot=1 dev=cf-ad9361-lpc metadata=1 burst=0 ring=0 direct=0 frame_iq_bytes=1048576 transported_iq_bytes=9542041600 transported_frames=9100 wall_ns=238520058227 stage=metadata_build count=9100 total_ns=5585214436 max_ns=4544112
SPF_IIOD_TIMING_V1 snapshot=1 dev=cf-ad9361-lpc metadata=1 burst=0 ring=0 direct=0 frame_iq_bytes=1048576 transported_iq_bytes=9542041600 transported_frames=9100 wall_ns=238520058227 stage=transport_frame count=9100 total_ns=167421369481 max_ns=28228722
SPF_IIOD_TIMING_V1 snapshot=1 dev=cf-ad9361-lpc metadata=1 burst=0 ring=0 direct=0 frame_iq_bytes=1048576 transported_iq_bytes=9542041600 transported_frames=9100 wall_ns=238520058227 stage=transport_iq count=9100 total_ns=158598019232 max_ns=26671470
SPF_IIOD_TIMING_V1 snapshot=1 dev=cf-ad9361-lpc metadata=1 burst=0 ring=0 direct=0 frame_iq_bytes=1048576 transported_iq_bytes=9646899200 transported_frames=9200 wall_ns=241142814320 stage=sampler_admit count=9200 total_ns=4464335094 max_ns=10807062
SPF_IIOD_TIMING_V1 snapshot=1 dev=cf-ad9361-lpc metadata=1 burst=0 ring=0 direct=0 frame_iq_bytes=1048576 transported_iq_bytes=9646899200 transported_frames=9200 wall_ns=241142814320 stage=dma_refill count=9200 total_ns=35307789217 max_ns=9008034
SPF_IIOD_TIMING_V1 snapshot=1 dev=cf-ad9361-lpc metadata=1 burst=0 ring=0 direct=0 frame_iq_bytes=1048576 transported_iq_bytes=9646899200 transported_frames=9200 wall_ns=241142814320 stage=sampler_finish count=9200 total_ns=5028557279 max_ns=3994896
SPF_IIOD_TIMING_V1 snapshot=1 dev=cf-ad9361-lpc metadata=1 burst=0 ring=0 direct=0 frame_iq_bytes=1048576 transported_iq_bytes=9646899200 transported_frames=9200 wall_ns=241142814320 stage=metadata_build count=9200 total_ns=5645947571 max_ns=4544112
SPF_IIOD_TIMING_V1 snapshot=1 dev=cf-ad9361-lpc metadata=1 burst=0 ring=0 direct=0 frame_iq_bytes=1048576 transported_iq_bytes=9646899200 transported_frames=9200 wall_ns=241142814320 stage=transport_frame count=9200 total_ns=169271753144 max_ns=28228722
SPF_IIOD_TIMING_V1 snapshot=1 dev=cf-ad9361-lpc metadata=1 burst=0 ring=0 direct=0 frame_iq_bytes=1048576 transported_iq_bytes=9646899200 transported_frames=9200 wall_ns=241142814320 stage=transport_iq count=9200 total_ns=160352051833 max_ns=26671470
SPF_IIOD_TIMING_V1 snapshot=1 dev=cf-ad9361-lpc metadata=1 burst=0 ring=0 direct=0 frame_iq_bytes=1048576 transported_iq_bytes=9751756800 transported_frames=9300 wall_ns=243762847090 stage=sampler_admit count=9300 total_ns=4520035134 max_ns=10807062
SPF_IIOD_TIMING_V1 snapshot=1 dev=cf-ad9361-lpc metadata=1 burst=0 ring=0 direct=0 frame_iq_bytes=1048576 transported_iq_bytes=9751756800 transported_frames=9300 wall_ns=243762847090 stage=dma_refill count=9300 total_ns=35632719869 max_ns=9008034
SPF_IIOD_TIMING_V1 snapshot=1 dev=cf-ad9361-lpc metadata=1 burst=0 ring=0 direct=0 frame_iq_bytes=1048576 transported_iq_bytes=9751756800 transported_frames=9300 wall_ns=243762847090 stage=sampler_finish count=9300 total_ns=5085266843 max_ns=3994896
SPF_IIOD_TIMING_V1 snapshot=1 dev=cf-ad9361-lpc metadata=1 burst=0 ring=0 direct=0 frame_iq_bytes=1048576 transported_iq_bytes=9751756800 transported_frames=9300 wall_ns=243762847090 stage=metadata_build count=9300 total_ns=5710408440 max_ns=4544112
SPF_IIOD_TIMING_V1 snapshot=1 dev=cf-ad9361-lpc metadata=1 burst=0 ring=0 direct=0 frame_iq_bytes=1048576 transported_iq_bytes=9751756800 transported_frames=9300 wall_ns=243762847090 stage=transport_frame count=9300 total_ns=171125145249 max_ns=28228722
SPF_IIOD_TIMING_V1 snapshot=1 dev=cf-ad9361-lpc metadata=1 burst=0 ring=0 direct=0 frame_iq_bytes=1048576 transported_iq_bytes=9751756800 transported_frames=9300 wall_ns=243762847090 stage=transport_iq count=9300 total_ns=162105308125 max_ns=26671470
SPF_IIOD_TIMING_V1 snapshot=1 dev=cf-ad9361-lpc metadata=1 burst=0 ring=0 direct=0 frame_iq_bytes=1048576 transported_iq_bytes=9856614400 transported_frames=9400 wall_ns=246384955260 stage=sampler_admit count=9400 total_ns=4565833771 max_ns=10807062
SPF_IIOD_TIMING_V1 snapshot=1 dev=cf-ad9361-lpc metadata=1 burst=0 ring=0 direct=0 frame_iq_bytes=1048576 transported_iq_bytes=9856614400 transported_frames=9400 wall_ns=246384955260 stage=dma_refill count=9400 total_ns=36019387460 max_ns=9008034
SPF_IIOD_TIMING_V1 snapshot=1 dev=cf-ad9361-lpc metadata=1 burst=0 ring=0 direct=0 frame_iq_bytes=1048576 transported_iq_bytes=9856614400 transported_frames=9400 wall_ns=246384955260 stage=sampler_finish count=9400 total_ns=5136756372 max_ns=3994896
SPF_IIOD_TIMING_V1 snapshot=1 dev=cf-ad9361-lpc metadata=1 burst=0 ring=0 direct=0 frame_iq_bytes=1048576 transported_iq_bytes=9856614400 transported_frames=9400 wall_ns=246384955260 stage=metadata_build count=9400 total_ns=5771103030 max_ns=4544112
SPF_IIOD_TIMING_V1 snapshot=1 dev=cf-ad9361-lpc metadata=1 burst=0 ring=0 direct=0 frame_iq_bytes=1048576 transported_iq_bytes=9856614400 transported_frames=9400 wall_ns=246384955260 stage=transport_frame count=9400 total_ns=172975170916 max_ns=28228722
SPF_IIOD_TIMING_V1 snapshot=1 dev=cf-ad9361-lpc metadata=1 burst=0 ring=0 direct=0 frame_iq_bytes=1048576 transported_iq_bytes=9856614400 transported_frames=9400 wall_ns=246384955260 stage=transport_iq count=9400 total_ns=163858973028 max_ns=26671470
SPF_IIOD_TIMING_V1 snapshot=1 dev=cf-ad9361-lpc metadata=1 burst=0 ring=0 direct=0 frame_iq_bytes=1048576 transported_iq_bytes=9961472000 transported_frames=9500 wall_ns=249005438162 stage=sampler_admit count=9500 total_ns=4607433607 max_ns=10807062
SPF_IIOD_TIMING_V1 snapshot=1 dev=cf-ad9361-lpc metadata=1 burst=0 ring=0 direct=0 frame_iq_bytes=1048576 transported_iq_bytes=9961472000 transported_frames=9500 wall_ns=249005438162 stage=dma_refill count=9500 total_ns=36377540921 max_ns=9008034
SPF_IIOD_TIMING_V1 snapshot=1 dev=cf-ad9361-lpc metadata=1 burst=0 ring=0 direct=0 frame_iq_bytes=1048576 transported_iq_bytes=9961472000 transported_frames=9500 wall_ns=249005438162 stage=sampler_finish count=9500 total_ns=5199674360 max_ns=4250316
SPF_IIOD_TIMING_V1 snapshot=1 dev=cf-ad9361-lpc metadata=1 burst=0 ring=0 direct=0 frame_iq_bytes=1048576 transported_iq_bytes=9961472000 transported_frames=9500 wall_ns=249005438162 stage=metadata_build count=9500 total_ns=5831235120 max_ns=4544112
SPF_IIOD_TIMING_V1 snapshot=1 dev=cf-ad9361-lpc metadata=1 burst=0 ring=0 direct=0 frame_iq_bytes=1048576 transported_iq_bytes=9961472000 transported_frames=9500 wall_ns=249005438162 stage=transport_frame count=9500 total_ns=174819227343 max_ns=28228722
SPF_IIOD_TIMING_V1 snapshot=1 dev=cf-ad9361-lpc metadata=1 burst=0 ring=0 direct=0 frame_iq_bytes=1048576 transported_iq_bytes=9961472000 transported_frames=9500 wall_ns=249005438162 stage=transport_iq count=9500 total_ns=165607654198 max_ns=26671470
SPF_IIOD_TIMING_V1 snapshot=1 dev=cf-ad9361-lpc metadata=1 burst=0 ring=0 direct=0 frame_iq_bytes=1048576 transported_iq_bytes=10066329600 transported_frames=9600 wall_ns=251626720156 stage=sampler_admit count=9600 total_ns=4657151461 max_ns=10807062
SPF_IIOD_TIMING_V1 snapshot=1 dev=cf-ad9361-lpc metadata=1 burst=0 ring=0 direct=0 frame_iq_bytes=1048576 transported_iq_bytes=10066329600 transported_frames=9600 wall_ns=251626720156 stage=dma_refill count=9600 total_ns=36748303803 max_ns=9008034
SPF_IIOD_TIMING_V1 snapshot=1 dev=cf-ad9361-lpc metadata=1 burst=0 ring=0 direct=0 frame_iq_bytes=1048576 transported_iq_bytes=10066329600 transported_frames=9600 wall_ns=251626720156 stage=sampler_finish count=9600 total_ns=5266738005 max_ns=4250316
SPF_IIOD_TIMING_V1 snapshot=1 dev=cf-ad9361-lpc metadata=1 burst=0 ring=0 direct=0 frame_iq_bytes=1048576 transported_iq_bytes=10066329600 transported_frames=9600 wall_ns=251626720156 stage=metadata_build count=9600 total_ns=5891310444 max_ns=4544112
SPF_IIOD_TIMING_V1 snapshot=1 dev=cf-ad9361-lpc metadata=1 burst=0 ring=0 direct=0 frame_iq_bytes=1048576 transported_iq_bytes=10066329600 transported_frames=9600 wall_ns=251626720156 stage=transport_frame count=9600 total_ns=176633187560 max_ns=28228722
SPF_IIOD_TIMING_V1 snapshot=1 dev=cf-ad9361-lpc metadata=1 burst=0 ring=0 direct=0 frame_iq_bytes=1048576 transported_iq_bytes=10066329600 transported_frames=9600 wall_ns=251626720156 stage=transport_iq count=9600 total_ns=167326833852 max_ns=26671470
SPF_IIOD_TIMING_V1 snapshot=1 dev=cf-ad9361-lpc metadata=1 burst=0 ring=0 direct=0 frame_iq_bytes=1048576 transported_iq_bytes=10171187200 transported_frames=9700 wall_ns=254248124892 stage=sampler_admit count=9700 total_ns=4705640701 max_ns=10807062
SPF_IIOD_TIMING_V1 snapshot=1 dev=cf-ad9361-lpc metadata=1 burst=0 ring=0 direct=0 frame_iq_bytes=1048576 transported_iq_bytes=10171187200 transported_frames=9700 wall_ns=254248124892 stage=dma_refill count=9700 total_ns=37134543091 max_ns=9008034
SPF_IIOD_TIMING_V1 snapshot=1 dev=cf-ad9361-lpc metadata=1 burst=0 ring=0 direct=0 frame_iq_bytes=1048576 transported_iq_bytes=10171187200 transported_frames=9700 wall_ns=254248124892 stage=sampler_finish count=9700 total_ns=5320499650 max_ns=4250316
SPF_IIOD_TIMING_V1 snapshot=1 dev=cf-ad9361-lpc metadata=1 burst=0 ring=0 direct=0 frame_iq_bytes=1048576 transported_iq_bytes=10171187200 transported_frames=9700 wall_ns=254248124892 stage=metadata_build count=9700 total_ns=5951108832 max_ns=4544112
SPF_IIOD_TIMING_V1 snapshot=1 dev=cf-ad9361-lpc metadata=1 burst=0 ring=0 direct=0 frame_iq_bytes=1048576 transported_iq_bytes=10171187200 transported_frames=9700 wall_ns=254248124892 stage=transport_frame count=9700 total_ns=178472466919 max_ns=28228722
SPF_IIOD_TIMING_V1 snapshot=1 dev=cf-ad9361-lpc metadata=1 burst=0 ring=0 direct=0 frame_iq_bytes=1048576 transported_iq_bytes=10171187200 transported_frames=9700 wall_ns=254248124892 stage=transport_iq count=9700 total_ns=169072276354 max_ns=26671470
SPF_IIOD_TIMING_V1 snapshot=1 dev=cf-ad9361-lpc metadata=1 burst=0 ring=0 direct=0 frame_iq_bytes=1048576 transported_iq_bytes=10276044800 transported_frames=9800 wall_ns=256869510320 stage=sampler_admit count=9800 total_ns=4753211311 max_ns=10807062
SPF_IIOD_TIMING_V1 snapshot=1 dev=cf-ad9361-lpc metadata=1 burst=0 ring=0 direct=0 frame_iq_bytes=1048576 transported_iq_bytes=10276044800 transported_frames=9800 wall_ns=256869510320 stage=dma_refill count=9800 total_ns=37487224426 max_ns=9008034
SPF_IIOD_TIMING_V1 snapshot=1 dev=cf-ad9361-lpc metadata=1 burst=0 ring=0 direct=0 frame_iq_bytes=1048576 transported_iq_bytes=10276044800 transported_frames=9800 wall_ns=256869510320 stage=sampler_finish count=9800 total_ns=5376280151 max_ns=4250316
SPF_IIOD_TIMING_V1 snapshot=1 dev=cf-ad9361-lpc metadata=1 burst=0 ring=0 direct=0 frame_iq_bytes=1048576 transported_iq_bytes=10276044800 transported_frames=9800 wall_ns=256869510320 stage=metadata_build count=9800 total_ns=6011272614 max_ns=4544112
SPF_IIOD_TIMING_V1 snapshot=1 dev=cf-ad9361-lpc metadata=1 burst=0 ring=0 direct=0 frame_iq_bytes=1048576 transported_iq_bytes=10276044800 transported_frames=9800 wall_ns=256869510320 stage=transport_frame count=9800 total_ns=180314605836 max_ns=28228722
SPF_IIOD_TIMING_V1 snapshot=1 dev=cf-ad9361-lpc metadata=1 burst=0 ring=0 direct=0 frame_iq_bytes=1048576 transported_iq_bytes=10276044800 transported_frames=9800 wall_ns=256869510320 stage=transport_iq count=9800 total_ns=170817192855 max_ns=26671470
SPF_IIOD_TIMING_V1 snapshot=1 dev=cf-ad9361-lpc metadata=1 burst=0 ring=0 direct=0 frame_iq_bytes=1048576 transported_iq_bytes=10380902400 transported_frames=9900 wall_ns=259489171942 stage=sampler_admit count=9900 total_ns=4796864402 max_ns=10807062
SPF_IIOD_TIMING_V1 snapshot=1 dev=cf-ad9361-lpc metadata=1 burst=0 ring=0 direct=0 frame_iq_bytes=1048576 transported_iq_bytes=10380902400 transported_frames=9900 wall_ns=259489171942 stage=dma_refill count=9900 total_ns=37890340640 max_ns=9008034
SPF_IIOD_TIMING_V1 snapshot=1 dev=cf-ad9361-lpc metadata=1 burst=0 ring=0 direct=0 frame_iq_bytes=1048576 transported_iq_bytes=10380902400 transported_frames=9900 wall_ns=259489171942 stage=sampler_finish count=9900 total_ns=5433222977 max_ns=4250316
SPF_IIOD_TIMING_V1 snapshot=1 dev=cf-ad9361-lpc metadata=1 burst=0 ring=0 direct=0 frame_iq_bytes=1048576 transported_iq_bytes=10380902400 transported_frames=9900 wall_ns=259489171942 stage=metadata_build count=9900 total_ns=6071043685 max_ns=4544112
SPF_IIOD_TIMING_V1 snapshot=1 dev=cf-ad9361-lpc metadata=1 burst=0 ring=0 direct=0 frame_iq_bytes=1048576 transported_iq_bytes=10380902400 transported_frames=9900 wall_ns=259489171942 stage=transport_frame count=9900 total_ns=182152731584 max_ns=28228722
SPF_IIOD_TIMING_V1 snapshot=1 dev=cf-ad9361-lpc metadata=1 burst=0 ring=0 direct=0 frame_iq_bytes=1048576 transported_iq_bytes=10380902400 transported_frames=9900 wall_ns=259489171942 stage=transport_iq count=9900 total_ns=172561859992 max_ns=26671470
SPF_IIOD_TIMING_V1 snapshot=1 dev=cf-ad9361-lpc metadata=1 burst=0 ring=0 direct=0 frame_iq_bytes=1048576 transported_iq_bytes=10485760000 transported_frames=10000 wall_ns=262113105336 stage=sampler_admit count=10000 total_ns=4849305416 max_ns=10807062
SPF_IIOD_TIMING_V1 snapshot=1 dev=cf-ad9361-lpc metadata=1 burst=0 ring=0 direct=0 frame_iq_bytes=1048576 transported_iq_bytes=10485760000 transported_frames=10000 wall_ns=262113105336 stage=dma_refill count=10000 total_ns=38300803003 max_ns=9008034
SPF_IIOD_TIMING_V1 snapshot=1 dev=cf-ad9361-lpc metadata=1 burst=0 ring=0 direct=0 frame_iq_bytes=1048576 transported_iq_bytes=10485760000 transported_frames=10000 wall_ns=262113105336 stage=sampler_finish count=10000 total_ns=5485271699 max_ns=4250316
SPF_IIOD_TIMING_V1 snapshot=1 dev=cf-ad9361-lpc metadata=1 burst=0 ring=0 direct=0 frame_iq_bytes=1048576 transported_iq_bytes=10485760000 transported_frames=10000 wall_ns=262113105336 stage=metadata_build count=10000 total_ns=6131170592 max_ns=4544112
SPF_IIOD_TIMING_V1 snapshot=1 dev=cf-ad9361-lpc metadata=1 burst=0 ring=0 direct=0 frame_iq_bytes=1048576 transported_iq_bytes=10485760000 transported_frames=10000 wall_ns=262113105336 stage=transport_frame count=10000 total_ns=183977132289 max_ns=28228722
SPF_IIOD_TIMING_V1 snapshot=1 dev=cf-ad9361-lpc metadata=1 burst=0 ring=0 direct=0 frame_iq_bytes=1048576 transported_iq_bytes=10485760000 transported_frames=10000 wall_ns=262113105336 stage=transport_iq count=10000 total_ns=174291222316 max_ns=26671470
SPF_IIOD_TIMING_V1 snapshot=1 dev=cf-ad9361-lpc metadata=1 burst=0 ring=0 direct=0 frame_iq_bytes=1048576 transported_iq_bytes=10590617600 transported_frames=10100 wall_ns=264733562756 stage=sampler_admit count=10100 total_ns=4899969356 max_ns=10807062
SPF_IIOD_TIMING_V1 snapshot=1 dev=cf-ad9361-lpc metadata=1 burst=0 ring=0 direct=0 frame_iq_bytes=1048576 transported_iq_bytes=10590617600 transported_frames=10100 wall_ns=264733562756 stage=dma_refill count=10100 total_ns=38690537050 max_ns=9008034
SPF_IIOD_TIMING_V1 snapshot=1 dev=cf-ad9361-lpc metadata=1 burst=0 ring=0 direct=0 frame_iq_bytes=1048576 transported_iq_bytes=10590617600 transported_frames=10100 wall_ns=264733562756 stage=sampler_finish count=10100 total_ns=5539627457 max_ns=4250316
SPF_IIOD_TIMING_V1 snapshot=1 dev=cf-ad9361-lpc metadata=1 burst=0 ring=0 direct=0 frame_iq_bytes=1048576 transported_iq_bytes=10590617600 transported_frames=10100 wall_ns=264733562756 stage=metadata_build count=10100 total_ns=6192186171 max_ns=4544112
SPF_IIOD_TIMING_V1 snapshot=1 dev=cf-ad9361-lpc metadata=1 burst=0 ring=0 direct=0 frame_iq_bytes=1048576 transported_iq_bytes=10590617600 transported_frames=10100 wall_ns=264733562756 stage=transport_frame count=10100 total_ns=185805138555 max_ns=28228722
SPF_IIOD_TIMING_V1 snapshot=1 dev=cf-ad9361-lpc metadata=1 burst=0 ring=0 direct=0 frame_iq_bytes=1048576 transported_iq_bytes=10590617600 transported_frames=10100 wall_ns=264733562756 stage=transport_iq count=10100 total_ns=176024723961 max_ns=26671470
SPF_IIOD_TIMING_V1 snapshot=1 dev=cf-ad9361-lpc metadata=1 burst=0 ring=0 direct=0 frame_iq_bytes=1048576 transported_iq_bytes=10695475200 transported_frames=10200 wall_ns=267354925846 stage=sampler_admit count=10200 total_ns=4944230715 max_ns=10807062
SPF_IIOD_TIMING_V1 snapshot=1 dev=cf-ad9361-lpc metadata=1 burst=0 ring=0 direct=0 frame_iq_bytes=1048576 transported_iq_bytes=10695475200 transported_frames=10200 wall_ns=267354925846 stage=dma_refill count=10200 total_ns=39058934659 max_ns=9008034
SPF_IIOD_TIMING_V1 snapshot=1 dev=cf-ad9361-lpc metadata=1 burst=0 ring=0 direct=0 frame_iq_bytes=1048576 transported_iq_bytes=10695475200 transported_frames=10200 wall_ns=267354925846 stage=sampler_finish count=10200 total_ns=5603185787 max_ns=4250316
SPF_IIOD_TIMING_V1 snapshot=1 dev=cf-ad9361-lpc metadata=1 burst=0 ring=0 direct=0 frame_iq_bytes=1048576 transported_iq_bytes=10695475200 transported_frames=10200 wall_ns=267354925846 stage=metadata_build count=10200 total_ns=6253226992 max_ns=4544112
SPF_IIOD_TIMING_V1 snapshot=1 dev=cf-ad9361-lpc metadata=1 burst=0 ring=0 direct=0 frame_iq_bytes=1048576 transported_iq_bytes=10695475200 transported_frames=10200 wall_ns=267354925846 stage=transport_frame count=10200 total_ns=187641702082 max_ns=28228722
SPF_IIOD_TIMING_V1 snapshot=1 dev=cf-ad9361-lpc metadata=1 burst=0 ring=0 direct=0 frame_iq_bytes=1048576 transported_iq_bytes=10695475200 transported_frames=10200 wall_ns=267354925846 stage=transport_iq count=10200 total_ns=177765597897 max_ns=26671470
SPF_IIOD_TIMING_V1 snapshot=1 dev=cf-ad9361-lpc metadata=1 burst=0 ring=0 direct=0 frame_iq_bytes=1048576 transported_iq_bytes=10800332800 transported_frames=10300 wall_ns=269976241998 stage=sampler_admit count=10300 total_ns=4989888682 max_ns=10807062
SPF_IIOD_TIMING_V1 snapshot=1 dev=cf-ad9361-lpc metadata=1 burst=0 ring=0 direct=0 frame_iq_bytes=1048576 transported_iq_bytes=10800332800 transported_frames=10300 wall_ns=269976241998 stage=dma_refill count=10300 total_ns=39452814286 max_ns=9008034
SPF_IIOD_TIMING_V1 snapshot=1 dev=cf-ad9361-lpc metadata=1 burst=0 ring=0 direct=0 frame_iq_bytes=1048576 transported_iq_bytes=10800332800 transported_frames=10300 wall_ns=269976241998 stage=sampler_finish count=10300 total_ns=5654629853 max_ns=4250316
SPF_IIOD_TIMING_V1 snapshot=1 dev=cf-ad9361-lpc metadata=1 burst=0 ring=0 direct=0 frame_iq_bytes=1048576 transported_iq_bytes=10800332800 transported_frames=10300 wall_ns=269976241998 stage=metadata_build count=10300 total_ns=6313601129 max_ns=4544112
SPF_IIOD_TIMING_V1 snapshot=1 dev=cf-ad9361-lpc metadata=1 burst=0 ring=0 direct=0 frame_iq_bytes=1048576 transported_iq_bytes=10800332800 transported_frames=10300 wall_ns=269976241998 stage=transport_frame count=10300 total_ns=189493484746 max_ns=28228722
SPF_IIOD_TIMING_V1 snapshot=1 dev=cf-ad9361-lpc metadata=1 burst=0 ring=0 direct=0 frame_iq_bytes=1048576 transported_iq_bytes=10800332800 transported_frames=10300 wall_ns=269976241998 stage=transport_iq count=10300 total_ns=179521332380 max_ns=26671470
SPF_IIOD_TIMING_V1 snapshot=1 dev=cf-ad9361-lpc metadata=1 burst=0 ring=0 direct=0 frame_iq_bytes=1048576 transported_iq_bytes=10905190400 transported_frames=10400 wall_ns=272599864790 stage=sampler_admit count=10400 total_ns=5040045653 max_ns=10807062
SPF_IIOD_TIMING_V1 snapshot=1 dev=cf-ad9361-lpc metadata=1 burst=0 ring=0 direct=0 frame_iq_bytes=1048576 transported_iq_bytes=10905190400 transported_frames=10400 wall_ns=272599864790 stage=dma_refill count=10400 total_ns=39858716817 max_ns=9008034
SPF_IIOD_TIMING_V1 snapshot=1 dev=cf-ad9361-lpc metadata=1 burst=0 ring=0 direct=0 frame_iq_bytes=1048576 transported_iq_bytes=10905190400 transported_frames=10400 wall_ns=272599864790 stage=sampler_finish count=10400 total_ns=5707631669 max_ns=4250316
SPF_IIOD_TIMING_V1 snapshot=1 dev=cf-ad9361-lpc metadata=1 burst=0 ring=0 direct=0 frame_iq_bytes=1048576 transported_iq_bytes=10905190400 transported_frames=10400 wall_ns=272599864790 stage=metadata_build count=10400 total_ns=6374256696 max_ns=4544112
SPF_IIOD_TIMING_V1 snapshot=1 dev=cf-ad9361-lpc metadata=1 burst=0 ring=0 direct=0 frame_iq_bytes=1048576 transported_iq_bytes=10905190400 transported_frames=10400 wall_ns=272599864790 stage=transport_frame count=10400 total_ns=191337485140 max_ns=28228722
SPF_IIOD_TIMING_V1 snapshot=1 dev=cf-ad9361-lpc metadata=1 burst=0 ring=0 direct=0 frame_iq_bytes=1048576 transported_iq_bytes=10905190400 transported_frames=10400 wall_ns=272599864790 stage=transport_iq count=10400 total_ns=181269560935 max_ns=26671470
SPF_IIOD_TIMING_V1 snapshot=1 dev=cf-ad9361-lpc metadata=1 burst=0 ring=0 direct=0 frame_iq_bytes=1048576 transported_iq_bytes=11010048000 transported_frames=10500 wall_ns=275219035894 stage=sampler_admit count=10500 total_ns=5098162349 max_ns=10807062
SPF_IIOD_TIMING_V1 snapshot=1 dev=cf-ad9361-lpc metadata=1 burst=0 ring=0 direct=0 frame_iq_bytes=1048576 transported_iq_bytes=11010048000 transported_frames=10500 wall_ns=275219035894 stage=dma_refill count=10500 total_ns=40311728481 max_ns=9008034
SPF_IIOD_TIMING_V1 snapshot=1 dev=cf-ad9361-lpc metadata=1 burst=0 ring=0 direct=0 frame_iq_bytes=1048576 transported_iq_bytes=11010048000 transported_frames=10500 wall_ns=275219035894 stage=sampler_finish count=10500 total_ns=5760562547 max_ns=4250316
SPF_IIOD_TIMING_V1 snapshot=1 dev=cf-ad9361-lpc metadata=1 burst=0 ring=0 direct=0 frame_iq_bytes=1048576 transported_iq_bytes=11010048000 transported_frames=10500 wall_ns=275219035894 stage=metadata_build count=10500 total_ns=6434814373 max_ns=4544112
SPF_IIOD_TIMING_V1 snapshot=1 dev=cf-ad9361-lpc metadata=1 burst=0 ring=0 direct=0 frame_iq_bytes=1048576 transported_iq_bytes=11010048000 transported_frames=10500 wall_ns=275219035894 stage=transport_frame count=10500 total_ns=193122438388 max_ns=28228722
SPF_IIOD_TIMING_V1 snapshot=1 dev=cf-ad9361-lpc metadata=1 burst=0 ring=0 direct=0 frame_iq_bytes=1048576 transported_iq_bytes=11010048000 transported_frames=10500 wall_ns=275219035894 stage=transport_iq count=10500 total_ns=182962947372 max_ns=26671470
SPF_IIOD_TIMING_V1 snapshot=1 dev=cf-ad9361-lpc metadata=1 burst=0 ring=0 direct=0 frame_iq_bytes=1048576 transported_iq_bytes=11114905600 transported_frames=10600 wall_ns=277841141082 stage=sampler_admit count=10600 total_ns=5144359379 max_ns=10807062
SPF_IIOD_TIMING_V1 snapshot=1 dev=cf-ad9361-lpc metadata=1 burst=0 ring=0 direct=0 frame_iq_bytes=1048576 transported_iq_bytes=11114905600 transported_frames=10600 wall_ns=277841141082 stage=dma_refill count=10600 total_ns=40696223066 max_ns=9008034
SPF_IIOD_TIMING_V1 snapshot=1 dev=cf-ad9361-lpc metadata=1 burst=0 ring=0 direct=0 frame_iq_bytes=1048576 transported_iq_bytes=11114905600 transported_frames=10600 wall_ns=277841141082 stage=sampler_finish count=10600 total_ns=5812065323 max_ns=4250316
SPF_IIOD_TIMING_V1 snapshot=1 dev=cf-ad9361-lpc metadata=1 burst=0 ring=0 direct=0 frame_iq_bytes=1048576 transported_iq_bytes=11114905600 transported_frames=10600 wall_ns=277841141082 stage=metadata_build count=10600 total_ns=6495456140 max_ns=4544112
SPF_IIOD_TIMING_V1 snapshot=1 dev=cf-ad9361-lpc metadata=1 burst=0 ring=0 direct=0 frame_iq_bytes=1048576 transported_iq_bytes=11114905600 transported_frames=10600 wall_ns=277841141082 stage=transport_frame count=10600 total_ns=194972258753 max_ns=28228722
SPF_IIOD_TIMING_V1 snapshot=1 dev=cf-ad9361-lpc metadata=1 burst=0 ring=0 direct=0 frame_iq_bytes=1048576 transported_iq_bytes=11114905600 transported_frames=10600 wall_ns=277841141082 stage=transport_iq count=10600 total_ns=184717702122 max_ns=26671470
SPF_IIOD_TIMING_V1 snapshot=1 dev=cf-ad9361-lpc metadata=1 burst=0 ring=0 direct=0 frame_iq_bytes=1048576 transported_iq_bytes=11219763200 transported_frames=10700 wall_ns=280461703730 stage=sampler_admit count=10700 total_ns=5186857319 max_ns=10807062
SPF_IIOD_TIMING_V1 snapshot=1 dev=cf-ad9361-lpc metadata=1 burst=0 ring=0 direct=0 frame_iq_bytes=1048576 transported_iq_bytes=11219763200 transported_frames=10700 wall_ns=280461703730 stage=dma_refill count=10700 total_ns=41082060877 max_ns=9008034
SPF_IIOD_TIMING_V1 snapshot=1 dev=cf-ad9361-lpc metadata=1 burst=0 ring=0 direct=0 frame_iq_bytes=1048576 transported_iq_bytes=11219763200 transported_frames=10700 wall_ns=280461703730 stage=sampler_finish count=10700 total_ns=5863051241 max_ns=4250316
SPF_IIOD_TIMING_V1 snapshot=1 dev=cf-ad9361-lpc metadata=1 burst=0 ring=0 direct=0 frame_iq_bytes=1048576 transported_iq_bytes=11219763200 transported_frames=10700 wall_ns=280461703730 stage=metadata_build count=10700 total_ns=6556263254 max_ns=4544112
SPF_IIOD_TIMING_V1 snapshot=1 dev=cf-ad9361-lpc metadata=1 burst=0 ring=0 direct=0 frame_iq_bytes=1048576 transported_iq_bytes=11219763200 transported_frames=10700 wall_ns=280461703730 stage=transport_frame count=10700 total_ns=196821606479 max_ns=28228722
SPF_IIOD_TIMING_V1 snapshot=1 dev=cf-ad9361-lpc metadata=1 burst=0 ring=0 direct=0 frame_iq_bytes=1048576 transported_iq_bytes=11219763200 transported_frames=10700 wall_ns=280461703730 stage=transport_iq count=10700 total_ns=186470556575 max_ns=26671470
SPF_IIOD_TIMING_V1 snapshot=1 dev=cf-ad9361-lpc metadata=1 burst=0 ring=0 direct=0 frame_iq_bytes=1048576 transported_iq_bytes=11324620800 transported_frames=10800 wall_ns=283083103078 stage=sampler_admit count=10800 total_ns=5236678039 max_ns=10807062
SPF_IIOD_TIMING_V1 snapshot=1 dev=cf-ad9361-lpc metadata=1 burst=0 ring=0 direct=0 frame_iq_bytes=1048576 transported_iq_bytes=11324620800 transported_frames=10800 wall_ns=283083103078 stage=dma_refill count=10800 total_ns=41435620281 max_ns=9008034
SPF_IIOD_TIMING_V1 snapshot=1 dev=cf-ad9361-lpc metadata=1 burst=0 ring=0 direct=0 frame_iq_bytes=1048576 transported_iq_bytes=11324620800 transported_frames=10800 wall_ns=283083103078 stage=sampler_finish count=10800 total_ns=5916887052 max_ns=4250316
SPF_IIOD_TIMING_V1 snapshot=1 dev=cf-ad9361-lpc metadata=1 burst=0 ring=0 direct=0 frame_iq_bytes=1048576 transported_iq_bytes=11324620800 transported_frames=10800 wall_ns=283083103078 stage=metadata_build count=10800 total_ns=6621063764 max_ns=4544112
SPF_IIOD_TIMING_V1 snapshot=1 dev=cf-ad9361-lpc metadata=1 burst=0 ring=0 direct=0 frame_iq_bytes=1048576 transported_iq_bytes=11324620800 transported_frames=10800 wall_ns=283083103078 stage=transport_frame count=10800 total_ns=198678425016 max_ns=28228722
SPF_IIOD_TIMING_V1 snapshot=1 dev=cf-ad9361-lpc metadata=1 burst=0 ring=0 direct=0 frame_iq_bytes=1048576 transported_iq_bytes=11324620800 transported_frames=10800 wall_ns=283083103078 stage=transport_iq count=10800 total_ns=188227661111 max_ns=26671470
SPF_IIOD_TIMING_V1 snapshot=1 dev=cf-ad9361-lpc metadata=1 burst=0 ring=0 direct=0 frame_iq_bytes=1048576 transported_iq_bytes=11429478400 transported_frames=10900 wall_ns=285706347534 stage=sampler_admit count=10900 total_ns=5286120181 max_ns=10807062
SPF_IIOD_TIMING_V1 snapshot=1 dev=cf-ad9361-lpc metadata=1 burst=0 ring=0 direct=0 frame_iq_bytes=1048576 transported_iq_bytes=11429478400 transported_frames=10900 wall_ns=285706347534 stage=dma_refill count=10900 total_ns=41845687326 max_ns=9008034
SPF_IIOD_TIMING_V1 snapshot=1 dev=cf-ad9361-lpc metadata=1 burst=0 ring=0 direct=0 frame_iq_bytes=1048576 transported_iq_bytes=11429478400 transported_frames=10900 wall_ns=285706347534 stage=sampler_finish count=10900 total_ns=5969859134 max_ns=4250316
SPF_IIOD_TIMING_V1 snapshot=1 dev=cf-ad9361-lpc metadata=1 burst=0 ring=0 direct=0 frame_iq_bytes=1048576 transported_iq_bytes=11429478400 transported_frames=10900 wall_ns=285706347534 stage=metadata_build count=10900 total_ns=6688270785 max_ns=4544112
SPF_IIOD_TIMING_V1 snapshot=1 dev=cf-ad9361-lpc metadata=1 burst=0 ring=0 direct=0 frame_iq_bytes=1048576 transported_iq_bytes=11429478400 transported_frames=10900 wall_ns=285706347534 stage=transport_frame count=10900 total_ns=200513979245 max_ns=28228722
SPF_IIOD_TIMING_V1 snapshot=1 dev=cf-ad9361-lpc metadata=1 burst=0 ring=0 direct=0 frame_iq_bytes=1048576 transported_iq_bytes=11429478400 transported_frames=10900 wall_ns=285706347534 stage=transport_iq count=10900 total_ns=189963543099 max_ns=26671470
SPF_IIOD_TIMING_V1 snapshot=1 dev=cf-ad9361-lpc metadata=1 burst=0 ring=0 direct=0 frame_iq_bytes=1048576 transported_iq_bytes=11534336000 transported_frames=11000 wall_ns=288325847468 stage=sampler_admit count=11000 total_ns=5331361447 max_ns=10807062
SPF_IIOD_TIMING_V1 snapshot=1 dev=cf-ad9361-lpc metadata=1 burst=0 ring=0 direct=0 frame_iq_bytes=1048576 transported_iq_bytes=11534336000 transported_frames=11000 wall_ns=288325847468 stage=dma_refill count=11000 total_ns=42188828631 max_ns=9008034
SPF_IIOD_TIMING_V1 snapshot=1 dev=cf-ad9361-lpc metadata=1 burst=0 ring=0 direct=0 frame_iq_bytes=1048576 transported_iq_bytes=11534336000 transported_frames=11000 wall_ns=288325847468 stage=sampler_finish count=11000 total_ns=6032969817 max_ns=4250316
SPF_IIOD_TIMING_V1 snapshot=1 dev=cf-ad9361-lpc metadata=1 burst=0 ring=0 direct=0 frame_iq_bytes=1048576 transported_iq_bytes=11534336000 transported_frames=11000 wall_ns=288325847468 stage=metadata_build count=11000 total_ns=6751803027 max_ns=4544112
SPF_IIOD_TIMING_V1 snapshot=1 dev=cf-ad9361-lpc metadata=1 burst=0 ring=0 direct=0 frame_iq_bytes=1048576 transported_iq_bytes=11534336000 transported_frames=11000 wall_ns=288325847468 stage=transport_frame count=11000 total_ns=202360103453 max_ns=28228722
SPF_IIOD_TIMING_V1 snapshot=1 dev=cf-ad9361-lpc metadata=1 burst=0 ring=0 direct=0 frame_iq_bytes=1048576 transported_iq_bytes=11534336000 transported_frames=11000 wall_ns=288325847468 stage=transport_iq count=11000 total_ns=191710744556 max_ns=26671470
SPF_IIOD_TIMING_V1 snapshot=1 dev=cf-ad9361-lpc metadata=1 burst=0 ring=0 direct=0 frame_iq_bytes=1048576 transported_iq_bytes=11639193600 transported_frames=11100 wall_ns=290947372498 stage=sampler_admit count=11100 total_ns=5381558666 max_ns=10807062
SPF_IIOD_TIMING_V1 snapshot=1 dev=cf-ad9361-lpc metadata=1 burst=0 ring=0 direct=0 frame_iq_bytes=1048576 transported_iq_bytes=11639193600 transported_frames=11100 wall_ns=290947372498 stage=dma_refill count=11100 total_ns=42585148625 max_ns=9008034
SPF_IIOD_TIMING_V1 snapshot=1 dev=cf-ad9361-lpc metadata=1 burst=0 ring=0 direct=0 frame_iq_bytes=1048576 transported_iq_bytes=11639193600 transported_frames=11100 wall_ns=290947372498 stage=sampler_finish count=11100 total_ns=6085919998 max_ns=4250316
SPF_IIOD_TIMING_V1 snapshot=1 dev=cf-ad9361-lpc metadata=1 burst=0 ring=0 direct=0 frame_iq_bytes=1048576 transported_iq_bytes=11639193600 transported_frames=11100 wall_ns=290947372498 stage=metadata_build count=11100 total_ns=6812824839 max_ns=4544112
SPF_IIOD_TIMING_V1 snapshot=1 dev=cf-ad9361-lpc metadata=1 burst=0 ring=0 direct=0 frame_iq_bytes=1048576 transported_iq_bytes=11639193600 transported_frames=11100 wall_ns=290947372498 stage=transport_frame count=11100 total_ns=204205076706 max_ns=28228722
SPF_IIOD_TIMING_V1 snapshot=1 dev=cf-ad9361-lpc metadata=1 burst=0 ring=0 direct=0 frame_iq_bytes=1048576 transported_iq_bytes=11639193600 transported_frames=11100 wall_ns=290947372498 stage=transport_iq count=11100 total_ns=193459345160 max_ns=26671470
SPF_IIOD_TIMING_V1 snapshot=1 dev=cf-ad9361-lpc metadata=1 burst=0 ring=0 direct=0 frame_iq_bytes=1048576 transported_iq_bytes=11744051200 transported_frames=11200 wall_ns=293569335594 stage=sampler_admit count=11200 total_ns=5425427414 max_ns=10807062
SPF_IIOD_TIMING_V1 snapshot=1 dev=cf-ad9361-lpc metadata=1 burst=0 ring=0 direct=0 frame_iq_bytes=1048576 transported_iq_bytes=11744051200 transported_frames=11200 wall_ns=293569335594 stage=dma_refill count=11200 total_ns=42935785005 max_ns=9008034
SPF_IIOD_TIMING_V1 snapshot=1 dev=cf-ad9361-lpc metadata=1 burst=0 ring=0 direct=0 frame_iq_bytes=1048576 transported_iq_bytes=11744051200 transported_frames=11200 wall_ns=293569335594 stage=sampler_finish count=11200 total_ns=6142484902 max_ns=4250316
SPF_IIOD_TIMING_V1 snapshot=1 dev=cf-ad9361-lpc metadata=1 burst=0 ring=0 direct=0 frame_iq_bytes=1048576 transported_iq_bytes=11744051200 transported_frames=11200 wall_ns=293569335594 stage=metadata_build count=11200 total_ns=6873334012 max_ns=4544112
SPF_IIOD_TIMING_V1 snapshot=1 dev=cf-ad9361-lpc metadata=1 burst=0 ring=0 direct=0 frame_iq_bytes=1048576 transported_iq_bytes=11744051200 transported_frames=11200 wall_ns=293569335594 stage=transport_frame count=11200 total_ns=206053773350 max_ns=28228722
SPF_IIOD_TIMING_V1 snapshot=1 dev=cf-ad9361-lpc metadata=1 burst=0 ring=0 direct=0 frame_iq_bytes=1048576 transported_iq_bytes=11744051200 transported_frames=11200 wall_ns=293569335594 stage=transport_iq count=11200 total_ns=195211694504 max_ns=26671470
SPF_IIOD_TIMING_V1 snapshot=1 dev=cf-ad9361-lpc metadata=1 burst=0 ring=0 direct=0 frame_iq_bytes=1048576 transported_iq_bytes=11848908800 transported_frames=11300 wall_ns=296189807534 stage=sampler_admit count=11300 total_ns=5472771669 max_ns=10807062
SPF_IIOD_TIMING_V1 snapshot=1 dev=cf-ad9361-lpc metadata=1 burst=0 ring=0 direct=0 frame_iq_bytes=1048576 transported_iq_bytes=11848908800 transported_frames=11300 wall_ns=296189807534 stage=dma_refill count=11300 total_ns=43313912425 max_ns=9008034
SPF_IIOD_TIMING_V1 snapshot=1 dev=cf-ad9361-lpc metadata=1 burst=0 ring=0 direct=0 frame_iq_bytes=1048576 transported_iq_bytes=11848908800 transported_frames=11300 wall_ns=296189807534 stage=sampler_finish count=11300 total_ns=6202032466 max_ns=4250316
SPF_IIOD_TIMING_V1 snapshot=1 dev=cf-ad9361-lpc metadata=1 burst=0 ring=0 direct=0 frame_iq_bytes=1048576 transported_iq_bytes=11848908800 transported_frames=11300 wall_ns=296189807534 stage=metadata_build count=11300 total_ns=6937096763 max_ns=4544112
SPF_IIOD_TIMING_V1 snapshot=1 dev=cf-ad9361-lpc metadata=1 burst=0 ring=0 direct=0 frame_iq_bytes=1048576 transported_iq_bytes=11848908800 transported_frames=11300 wall_ns=296189807534 stage=transport_frame count=11300 total_ns=207889702090 max_ns=28228722
SPF_IIOD_TIMING_V1 snapshot=1 dev=cf-ad9361-lpc metadata=1 burst=0 ring=0 direct=0 frame_iq_bytes=1048576 transported_iq_bytes=11848908800 transported_frames=11300 wall_ns=296189807534 stage=transport_iq count=11300 total_ns=196949136423 max_ns=26671470
SPF_IIOD_TIMING_V1 snapshot=1 dev=cf-ad9361-lpc metadata=1 burst=0 ring=0 direct=0 frame_iq_bytes=1048576 transported_iq_bytes=11953766400 transported_frames=11400 wall_ns=298811316826 stage=sampler_admit count=11400 total_ns=5518109758 max_ns=10807062
SPF_IIOD_TIMING_V1 snapshot=1 dev=cf-ad9361-lpc metadata=1 burst=0 ring=0 direct=0 frame_iq_bytes=1048576 transported_iq_bytes=11953766400 transported_frames=11400 wall_ns=298811316826 stage=dma_refill count=11400 total_ns=43707932945 max_ns=9008034
SPF_IIOD_TIMING_V1 snapshot=1 dev=cf-ad9361-lpc metadata=1 burst=0 ring=0 direct=0 frame_iq_bytes=1048576 transported_iq_bytes=11953766400 transported_frames=11400 wall_ns=298811316826 stage=sampler_finish count=11400 total_ns=6263311180 max_ns=4250316
SPF_IIOD_TIMING_V1 snapshot=1 dev=cf-ad9361-lpc metadata=1 burst=0 ring=0 direct=0 frame_iq_bytes=1048576 transported_iq_bytes=11953766400 transported_frames=11400 wall_ns=298811316826 stage=metadata_build count=11400 total_ns=6997278354 max_ns=4544112
SPF_IIOD_TIMING_V1 snapshot=1 dev=cf-ad9361-lpc metadata=1 burst=0 ring=0 direct=0 frame_iq_bytes=1048576 transported_iq_bytes=11953766400 transported_frames=11400 wall_ns=298811316826 stage=transport_frame count=11400 total_ns=209722841484 max_ns=28228722
SPF_IIOD_TIMING_V1 snapshot=1 dev=cf-ad9361-lpc metadata=1 burst=0 ring=0 direct=0 frame_iq_bytes=1048576 transported_iq_bytes=11953766400 transported_frames=11400 wall_ns=298811316826 stage=transport_iq count=11400 total_ns=198687298180 max_ns=26671470
SPF_IIOD_TIMING_V1 snapshot=0 dev=cf-ad9361-lpc metadata=1 burst=0 ring=0 direct=0 frame_iq_bytes=1048576 transported_iq_bytes=12006195200 transported_frames=11450 wall_ns=300128265155 stage=sampler_admit count=11450 total_ns=5542663438 max_ns=10807062
SPF_IIOD_TIMING_V1 snapshot=0 dev=cf-ad9361-lpc metadata=1 burst=0 ring=0 direct=0 frame_iq_bytes=1048576 transported_iq_bytes=12006195200 transported_frames=11450 wall_ns=300128265155 stage=dma_refill count=11450 total_ns=43933699231 max_ns=9008034
SPF_IIOD_TIMING_V1 snapshot=0 dev=cf-ad9361-lpc metadata=1 burst=0 ring=0 direct=0 frame_iq_bytes=1048576 transported_iq_bytes=12006195200 transported_frames=11450 wall_ns=300128265155 stage=sampler_finish count=11450 total_ns=6287092132 max_ns=4250316
SPF_IIOD_TIMING_V1 snapshot=0 dev=cf-ad9361-lpc metadata=1 burst=0 ring=0 direct=0 frame_iq_bytes=1048576 transported_iq_bytes=12006195200 transported_frames=11450 wall_ns=300128265155 stage=metadata_build count=11450 total_ns=7033773918 max_ns=6824400
SPF_IIOD_TIMING_V1 snapshot=0 dev=cf-ad9361-lpc metadata=1 burst=0 ring=0 direct=0 frame_iq_bytes=1048576 transported_iq_bytes=12006195200 transported_frames=11450 wall_ns=300128265155 stage=transport_frame count=11450 total_ns=210653423566 max_ns=28228722
SPF_IIOD_TIMING_V1 snapshot=0 dev=cf-ad9361-lpc metadata=1 burst=0 ring=0 direct=0 frame_iq_bytes=1048576 transported_iq_bytes=12006195200 transported_frames=11450 wall_ns=300128265155 stage=transport_iq count=11450 total_ns=199563560792 max_ns=26671470
