dwell_label,phase,region_role,trajectory_id,alias_index,frame_start_sample,frame_time_s,strong_interior,crosses_refill,source_seed_hz,primary_absolute_cfo_hz,primary_supported,primary_rejections,sensitivity_absolute_cfo_hz,split_even_absolute_cfo_hz,split_odd_absolute_cfo_hz,split_training_supported
470384,explore,early_median_margin,sha256:f751bbe5a13af4ba0481e6d434fc5a373c5a95a64c55aa0df8b80a86963ca601,0,87875643,35.150926,1,0,433704.6875,433624.587819,1,,433624.587819,433602.442048,433648.919305,1
470384,explore,early_median_margin,sha256:f751bbe5a13af4ba0481e6d434fc5a373c5a95a64c55aa0df8b80a86963ca601,0,87878976,35.1522592,1,0,433704.6875,433604.243308,1,,433604.243308,433598.58664,433614.010515,1
470384,explore,early_median_margin,sha256:f751bbe5a13af4ba0481e6d434fc5a373c5a95a64c55aa0df8b80a86963ca601,0,87882310,35.1535928,1,0,433704.6875,433611.573794,1,,433611.573794,433596.762941,433628.058754,1
470384,explore,early_median_margin,sha256:f751bbe5a13af4ba0481e6d434fc5a373c5a95a64c55aa0df8b80a86963ca601,0,87885643,35.154926,1,0,433704.6875,433611.614933,1,,433611.614933,433614.029504,433607.637366,1
470384,explore,early_median_margin,sha256:f751bbe5a13af4ba0481e6d434fc5a373c5a95a64c55aa0df8b80a86963ca601,0,87888976,35.1562592,1,0,433704.6875,433595.372335,1,,433595.372335,433587.493469,433594.036405,1
470384,explore,early_median_margin,sha256:f751bbe5a13af4ba0481e6d434fc5a373c5a95a64c55aa0df8b80a86963ca601,0,87892310,35.1575928,1,0,433704.6875,433587.987569,1,,433587.987569,433591.250249,433591.056276,1
470384,explore,early_median_margin,sha256:f751bbe5a13af4ba0481e6d434fc5a373c5a95a64c55aa0df8b80a86963ca601,0,87895643,35.158926,1,0,433704.6875,433586.899523,1,,433586.899523,433601.912266,433572.357163,1
470384,explore,early_median_margin,sha256:f751bbe5a13af4ba0481e6d434fc5a373c5a95a64c55aa0df8b80a86963ca601,0,87898976,35.1602592,1,0,433704.6875,433565.865288,1,,433565.865288,433550.934575,433585.817409,1
470384,explore,early_median_margin,sha256:f751bbe5a13af4ba0481e6d434fc5a373c5a95a64c55aa0df8b80a86963ca601,0,87902310,35.1615928,1,0,433704.6875,433589.289765,1,,433589.289765,433583.206377,433600.763542,1
470384,explore,early_median_margin,sha256:f751bbe5a13af4ba0481e6d434fc5a373c5a95a64c55aa0df8b80a86963ca601,0,87905643,35.162926,1,0,433704.6875,433582.7727,1,,433582.7727,433604.570746,433558.243865,1
470384,explore,early_median_margin,sha256:f751bbe5a13af4ba0481e6d434fc5a373c5a95a64c55aa0df8b80a86963ca601,0,87908976,35.1642592,1,0,433704.6875,433546.932418,1,,433546.932418,433606.63454,433509.646893,1
470384,explore,early_median_margin,sha256:f751bbe5a13af4ba0481e6d434fc5a373c5a95a64c55aa0df8b80a86963ca601,0,87912310,35.1655928,1,0,433704.6875,433563.105472,1,,433563.105472,433540.672848,433573.349742,1
470384,explore,early_median_margin,sha256:f751bbe5a13af4ba0481e6d434fc5a373c5a95a64c55aa0df8b80a86963ca601,0,87915643,35.166926,1,0,433704.6875,433576.445151,1,,433576.445151,433579.746736,433570.068297,1
470384,explore,early_median_margin,sha256:f751bbe5a13af4ba0481e6d434fc5a373c5a95a64c55aa0df8b80a86963ca601,0,87918976,35.1682592,1,0,433704.6875,433570.9584,1,,433570.9584,433580.327349,433561.885793,1
470384,explore,early_median_margin,sha256:f751bbe5a13af4ba0481e6d434fc5a373c5a95a64c55aa0df8b80a86963ca601,0,87922310,35.1695928,1,0,433704.6875,433568.225331,1,,433568.225331,433580.371636,433552.936819,1
470384,explore,early_median_margin,sha256:f751bbe5a13af4ba0481e6d434fc5a373c5a95a64c55aa0df8b80a86963ca601,0,87925643,35.170926,1,0,433704.6875,433559.525503,1,,433559.525503,433574.166933,433543.319148,1
470384,explore,early_median_margin,sha256:f751bbe5a13af4ba0481e6d434fc5a373c5a95a64c55aa0df8b80a86963ca601,0,87928976,35.1722592,1,0,433704.6875,433559.696744,1,,433559.696744,433572.734604,433541.397395,1
470384,explore,early_median_margin,sha256:f751bbe5a13af4ba0481e6d434fc5a373c5a95a64c55aa0df8b80a86963ca601,0,87932310,35.1735928,1,0,433704.6875,433538.145615,1,,433538.145615,433532.897548,433539.777209,1
470384,explore,early_median_margin,sha256:f751bbe5a13af4ba0481e6d434fc5a373c5a95a64c55aa0df8b80a86963ca601,0,87935643,35.174926,1,0,433704.6875,433547.878278,1,,433547.878278,433568.909425,433529.319671,1
470384,explore,early_median_margin,sha256:f751bbe5a13af4ba0481e6d434fc5a373c5a95a64c55aa0df8b80a86963ca601,0,87938976,35.1762592,1,0,433704.6875,433529.81013,1,,433529.81013,433533.292167,433526.213465,1
470384,explore,early_median_margin,sha256:f751bbe5a13af4ba0481e6d434fc5a373c5a95a64c55aa0df8b80a86963ca601,0,87942310,35.1775928,1,0,433704.6875,433514.470047,1,,433514.470047,433523.516586,433510.161652,1
470384,explore,early_median_margin,sha256:f751bbe5a13af4ba0481e6d434fc5a373c5a95a64c55aa0df8b80a86963ca601,0,87945643,35.178926,1,0,433704.6875,433513.423864,1,,433513.423864,433495.977011,433533.153201,1
470384,explore,early_median_margin,sha256:f751bbe5a13af4ba0481e6d434fc5a373c5a95a64c55aa0df8b80a86963ca601,0,87948976,35.1802592,1,0,433704.6875,433509.409976,1,,433509.409976,433515.279604,433499.681859,1
470384,explore,early_median_margin,sha256:f751bbe5a13af4ba0481e6d434fc5a373c5a95a64c55aa0df8b80a86963ca601,0,87952310,35.1815928,1,0,433704.6875,433479.028967,1,,433479.028967,433484.589433,433482.809648,1
470384,explore,early_median_margin,sha256:f751bbe5a13af4ba0481e6d434fc5a373c5a95a64c55aa0df8b80a86963ca601,0,87955643,35.182926,1,0,433704.6875,433492.786795,1,,433492.786795,433472.404997,433512.321559,1
470384,explore,early_median_margin,sha256:f751bbe5a13af4ba0481e6d434fc5a373c5a95a64c55aa0df8b80a86963ca601,0,87958976,35.1842592,1,0,433704.6875,433498.84949,1,,433498.84949,433504.657398,433490.973562,1
470384,explore,early_median_margin,sha256:f751bbe5a13af4ba0481e6d434fc5a373c5a95a64c55aa0df8b80a86963ca601,0,87962310,35.1855928,1,0,433704.6875,433478.68739,1,,433478.68739,433465.653786,433492.628349,1
470384,explore,early_median_margin,sha256:f751bbe5a13af4ba0481e6d434fc5a373c5a95a64c55aa0df8b80a86963ca601,0,87965643,35.186926,1,0,433704.6875,433504.790163,1,,433504.790163,433525.215561,433482.079003,1
470384,explore,early_median_margin,sha256:f751bbe5a13af4ba0481e6d434fc5a373c5a95a64c55aa0df8b80a86963ca601,0,87968976,35.1882592,1,0,433704.6875,433468.329872,1,,433468.329872,433478.552368,433459.571882,1
470384,explore,early_median_margin,sha256:f751bbe5a13af4ba0481e6d434fc5a373c5a95a64c55aa0df8b80a86963ca601,0,87972310,35.1895928,1,0,433704.6875,433482.36596,1,,433482.36596,433464.372974,433495.829438,1
470384,explore,early_median_margin,sha256:f751bbe5a13af4ba0481e6d434fc5a373c5a95a64c55aa0df8b80a86963ca601,0,87975643,35.190926,1,0,433704.6875,433456.348914,1,,433456.348914,433485.874948,433413.064083,1
470384,explore,early_median_margin,sha256:f751bbe5a13af4ba0481e6d434fc5a373c5a95a64c55aa0df8b80a86963ca601,0,87978976,35.1922592,1,0,433704.6875,433465.703349,1,,433465.703349,433458.85166,433474.620918,1
470384,explore,early_median_margin,sha256:f751bbe5a13af4ba0481e6d434fc5a373c5a95a64c55aa0df8b80a86963ca601,0,87982310,35.1935928,1,0,433704.6875,433461.386584,1,,433461.386584,433463.859344,433457.804916,1
470384,explore,early_median_margin,sha256:f751bbe5a13af4ba0481e6d434fc5a373c5a95a64c55aa0df8b80a86963ca601,0,87985643,35.194926,1,0,433704.6875,433452.857016,1,,433452.857016,433467.121016,433434.132973,1
470384,explore,early_median_margin,sha256:f751bbe5a13af4ba0481e6d434fc5a373c5a95a64c55aa0df8b80a86963ca601,0,87988976,35.1962592,1,0,433704.6875,433434.134612,1,,433434.134612,433461.54012,433403.762604,1
470384,explore,early_median_margin,sha256:f751bbe5a13af4ba0481e6d434fc5a373c5a95a64c55aa0df8b80a86963ca601,0,87992310,35.1975928,1,0,433704.6875,433430.56183,1,,433430.56183,433451.390651,433412.922246,1
470384,explore,early_median_margin,sha256:f751bbe5a13af4ba0481e6d434fc5a373c5a95a64c55aa0df8b80a86963ca601,0,87995643,35.198926,1,0,433704.6875,433455.721632,1,,433455.721632,433446.607337,433450.087358,1
470384,explore,early_median_margin,sha256:f751bbe5a13af4ba0481e6d434fc5a373c5a95a64c55aa0df8b80a86963ca601,0,87998976,35.2002592,1,0,433704.6875,433431.493449,1,,433431.493449,433441.301562,433422.774739,1
470384,explore,early_median_margin,sha256:f751bbe5a13af4ba0481e6d434fc5a373c5a95a64c55aa0df8b80a86963ca601,0,88002310,35.2015928,1,0,433704.6875,433426.623683,1,,433426.623683,433414.341024,433434.510895,1
470384,explore,early_median_margin,sha256:f751bbe5a13af4ba0481e6d434fc5a373c5a95a64c55aa0df8b80a86963ca601,0,88005643,35.202926,1,0,433704.6875,433419.77477,1,,433419.77477,433427.100037,433416.547127,1
470384,explore,early_median_margin,sha256:f751bbe5a13af4ba0481e6d434fc5a373c5a95a64c55aa0df8b80a86963ca601,0,88008976,35.2042592,1,0,433704.6875,433418.624779,1,,433418.624779,433412.271844,433423.798365,1
470384,explore,early_median_margin,sha256:f751bbe5a13af4ba0481e6d434fc5a373c5a95a64c55aa0df8b80a86963ca601,0,88012310,35.2055928,1,0,433704.6875,433416.519316,1,,433416.519316,433408.327983,433428.711265,1
470384,explore,early_median_margin,sha256:f751bbe5a13af4ba0481e6d434fc5a373c5a95a64c55aa0df8b80a86963ca601,0,88015643,35.206926,1,0,433704.6875,433404.597851,1,,433404.597851,433387.581112,433415.172621,1
470384,explore,early_median_margin,sha256:f751bbe5a13af4ba0481e6d434fc5a373c5a95a64c55aa0df8b80a86963ca601,0,88018976,35.2082592,1,0,433704.6875,433395.345185,1,,433395.345185,433374.900394,433410.401024,1
470384,explore,early_median_margin,sha256:f751bbe5a13af4ba0481e6d434fc5a373c5a95a64c55aa0df8b80a86963ca601,0,88022310,35.2095928,1,0,433704.6875,433397.346823,1,,433397.346823,433402.992216,433392.980256,1
470384,explore,early_median_margin,sha256:f751bbe5a13af4ba0481e6d434fc5a373c5a95a64c55aa0df8b80a86963ca601,0,88025643,35.210926,1,0,433704.6875,433397.344243,1,,433397.344243,433387.706575,433408.729285,1
470384,explore,early_median_margin,sha256:f751bbe5a13af4ba0481e6d434fc5a373c5a95a64c55aa0df8b80a86963ca601,0,88028976,35.2122592,1,0,433704.6875,433400.024702,1,,433400.024702,433399.700089,433403.707702,1
470384,explore,early_median_margin,sha256:f751bbe5a13af4ba0481e6d434fc5a373c5a95a64c55aa0df8b80a86963ca601,0,88032310,35.2135928,1,0,433704.6875,433367.86115,1,,433367.86115,433370.139338,433365.466077,1
470384,explore,early_median_margin,sha256:f751bbe5a13af4ba0481e6d434fc5a373c5a95a64c55aa0df8b80a86963ca601,0,88035643,35.214926,1,0,433704.6875,433386.362294,1,,433386.362294,433377.809995,433393.296816,1
470384,explore,early_median_margin,sha256:f751bbe5a13af4ba0481e6d434fc5a373c5a95a64c55aa0df8b80a86963ca601,0,88038976,35.2162592,1,0,433704.6875,433398.390825,1,,433398.390825,433403.651635,433390.231713,1
470384,explore,early_median_margin,sha256:f751bbe5a13af4ba0481e6d434fc5a373c5a95a64c55aa0df8b80a86963ca601,0,88042310,35.2175928,1,0,433704.6875,433366.005683,1,,433366.005683,433376.67643,433355.916074,1
470384,explore,early_median_margin,sha256:f751bbe5a13af4ba0481e6d434fc5a373c5a95a64c55aa0df8b80a86963ca601,0,88045643,35.218926,1,0,433704.6875,433361.644809,1,,433361.644809,433395.972727,433336.646937,1
470384,explore,early_median_margin,sha256:f751bbe5a13af4ba0481e6d434fc5a373c5a95a64c55aa0df8b80a86963ca601,0,88048976,35.2202592,1,0,433704.6875,433341.484404,1,,433341.484404,433331.426814,433361.945033,1
470384,explore,early_median_margin,sha256:f751bbe5a13af4ba0481e6d434fc5a373c5a95a64c55aa0df8b80a86963ca601,0,88052310,35.2215928,1,0,433704.6875,433352.436695,1,,433352.436695,433326.046404,433349.054813,1
470384,explore,early_median_margin,sha256:f751bbe5a13af4ba0481e6d434fc5a373c5a95a64c55aa0df8b80a86963ca601,0,88055643,35.222926,1,0,433704.6875,433352.011429,1,,433352.011429,433350.519031,433353.461467,1
470384,explore,early_median_margin,sha256:f751bbe5a13af4ba0481e6d434fc5a373c5a95a64c55aa0df8b80a86963ca601,0,88058976,35.2242592,1,0,433704.6875,433353.900865,1,,433353.900865,433341.384639,433356.865512,1
470384,explore,high_margin,sha256:f751bbe5a13af4ba0481e6d434fc5a373c5a95a64c55aa0df8b80a86963ca601,0,100814100,40.3263088,1,0,397554.868324,397585.715672,1,,397585.715672,397593.286223,397582.673068,1
470384,explore,high_margin,sha256:f751bbe5a13af4ba0481e6d434fc5a373c5a95a64c55aa0df8b80a86963ca601,0,100817433,40.327642,1,0,397554.868324,397604.927159,1,,397604.927159,397607.03944,397604.196551,1
470384,explore,high_margin,sha256:f751bbe5a13af4ba0481e6d434fc5a373c5a95a64c55aa0df8b80a86963ca601,0,100820767,40.3289756,1,0,397554.868324,397599.907252,1,,397599.907252,397592.571085,397609.544974,1
470384,explore,high_margin,sha256:f751bbe5a13af4ba0481e6d434fc5a373c5a95a64c55aa0df8b80a86963ca601,0,100824100,40.3303088,1,0,397554.868324,397577.008345,1,,397577.008345,397588.721915,397564.220782,1
470384,explore,high_margin,sha256:f751bbe5a13af4ba0481e6d434fc5a373c5a95a64c55aa0df8b80a86963ca601,0,100827433,40.331642,1,0,397554.868324,397603.885588,1,,397603.885588,397626.184087,397582.962537,1
470384,explore,high_margin,sha256:f751bbe5a13af4ba0481e6d434fc5a373c5a95a64c55aa0df8b80a86963ca601,0,100830767,40.3329756,1,0,397554.868324,397568.420372,1,,397568.420372,397590.575633,397543.912045,1
470384,explore,high_margin,sha256:f751bbe5a13af4ba0481e6d434fc5a373c5a95a64c55aa0df8b80a86963ca601,0,100834100,40.3343088,1,0,397554.868324,397577.62912,1,,397577.62912,397579.93704,397575.342925,1
470384,explore,high_margin,sha256:f751bbe5a13af4ba0481e6d434fc5a373c5a95a64c55aa0df8b80a86963ca601,0,100837433,40.335642,1,0,397554.868324,397539.282686,1,,397539.282686,397541.364098,397530.557777,1
470384,explore,high_margin,sha256:f751bbe5a13af4ba0481e6d434fc5a373c5a95a64c55aa0df8b80a86963ca601,0,100840767,40.3369756,1,0,397554.868324,397536.42235,1,,397536.42235,397536.358818,397538.231936,1
470384,explore,high_margin,sha256:f751bbe5a13af4ba0481e6d434fc5a373c5a95a64c55aa0df8b80a86963ca601,0,100844100,40.3383088,1,0,397554.868324,397566.9307,1,,397566.9307,397560.792721,397579.120137,1
470384,explore,high_margin,sha256:f751bbe5a13af4ba0481e6d434fc5a373c5a95a64c55aa0df8b80a86963ca601,0,100847433,40.339642,1,0,397554.868324,397539.970817,1,,397539.970817,397530.733107,397551.712126,1
470384,explore,high_margin,sha256:f751bbe5a13af4ba0481e6d434fc5a373c5a95a64c55aa0df8b80a86963ca601,0,100850767,40.3409756,1,0,397554.868324,397506.829165,1,,397506.829165,397517.087673,397492.994868,1
470384,explore,high_margin,sha256:f751bbe5a13af4ba0481e6d434fc5a373c5a95a64c55aa0df8b80a86963ca601,0,100854100,40.3423088,1,0,397554.868324,397529.602835,1,,397529.602835,397553.379069,397512.016791,1
470384,explore,high_margin,sha256:f751bbe5a13af4ba0481e6d434fc5a373c5a95a64c55aa0df8b80a86963ca601,0,100857433,40.343642,1,0,397554.868324,397546.274604,1,,397546.274604,397545.468926,397550.534415,1
470384,explore,high_margin,sha256:f751bbe5a13af4ba0481e6d434fc5a373c5a95a64c55aa0df8b80a86963ca601,0,100860767,40.3449756,1,0,397554.868324,397519.031593,1,,397519.031593,397524.197557,397512.595278,1
470384,explore,high_margin,sha256:f751bbe5a13af4ba0481e6d434fc5a373c5a95a64c55aa0df8b80a86963ca601,0,100864100,40.3463088,1,0,397554.868324,397529.869964,1,,397529.869964,397522.725236,397538.803576,1
470384,explore,high_margin,sha256:f751bbe5a13af4ba0481e6d434fc5a373c5a95a64c55aa0df8b80a86963ca601,0,100867433,40.347642,1,0,397554.868324,397521.867506,1,,397521.867506,397524.702975,397522.061272,1
470384,explore,high_margin,sha256:f751bbe5a13af4ba0481e6d434fc5a373c5a95a64c55aa0df8b80a86963ca601,0,100870767,40.3489756,1,0,397554.868324,397515.424788,1,,397515.424788,397527.100679,397504.565978,1
470384,explore,high_margin,sha256:f751bbe5a13af4ba0481e6d434fc5a373c5a95a64c55aa0df8b80a86963ca601,0,100874100,40.3503088,1,0,397554.868324,397504.767958,1,,397504.767958,397502.86002,397503.911898,1
470384,explore,high_margin,sha256:f751bbe5a13af4ba0481e6d434fc5a373c5a95a64c55aa0df8b80a86963ca601,0,100877433,40.351642,1,0,397554.868324,397524.639105,1,,397524.639105,397526.314895,397524.414802,1
470384,explore,high_margin,sha256:f751bbe5a13af4ba0481e6d434fc5a373c5a95a64c55aa0df8b80a86963ca601,0,100880767,40.3529756,1,0,397554.868324,397482.51163,1,,397482.51163,397464.521607,397500.691763,1
470384,explore,high_margin,sha256:f751bbe5a13af4ba0481e6d434fc5a373c5a95a64c55aa0df8b80a86963ca601,0,100884100,40.3543088,1,0,397554.868324,397497.965737,1,,397497.965737,397510.970663,397486.590233,1
470384,explore,high_margin,sha256:f751bbe5a13af4ba0481e6d434fc5a373c5a95a64c55aa0df8b80a86963ca601,0,100887433,40.355642,1,0,397554.868324,397514.194912,1,,397514.194912,397523.818052,397507.482597,1
470384,explore,high_margin,sha256:f751bbe5a13af4ba0481e6d434fc5a373c5a95a64c55aa0df8b80a86963ca601,0,100890767,40.3569756,1,0,397554.868324,397481.83293,1,,397481.83293,397480.584958,397485.421844,1
470384,explore,high_margin,sha256:f751bbe5a13af4ba0481e6d434fc5a373c5a95a64c55aa0df8b80a86963ca601,0,100894100,40.3583088,1,0,397554.868324,397497.897223,1,,397497.897223,397496.220511,397510.622663,1
470384,explore,high_margin,sha256:f751bbe5a13af4ba0481e6d434fc5a373c5a95a64c55aa0df8b80a86963ca601,0,100897433,40.359642,1,0,397554.868324,397468.644953,1,,397468.644953,397465.99699,397474.772451,1
470384,explore,high_margin,sha256:f751bbe5a13af4ba0481e6d434fc5a373c5a95a64c55aa0df8b80a86963ca601,0,100900767,40.3609756,1,0,397554.868324,397465.337058,1,,397465.337058,397461.623854,397473.533345,1
470384,explore,high_margin,sha256:f751bbe5a13af4ba0481e6d434fc5a373c5a95a64c55aa0df8b80a86963ca601,0,100904100,40.3623088,1,0,397554.868324,397456.670344,1,,397456.670344,397455.586473,397461.010091,1
470384,explore,high_margin,sha256:f751bbe5a13af4ba0481e6d434fc5a373c5a95a64c55aa0df8b80a86963ca601,0,100907433,40.363642,1,0,397554.868324,397473.375896,1,,397473.375896,397464.937884,397481.601723,1
470384,explore,high_margin,sha256:f751bbe5a13af4ba0481e6d434fc5a373c5a95a64c55aa0df8b80a86963ca601,0,100910767,40.3649756,1,0,397554.868324,397432.204977,1,,397432.204977,397424.617492,397438.009898,1
470384,explore,high_margin,sha256:f751bbe5a13af4ba0481e6d434fc5a373c5a95a64c55aa0df8b80a86963ca601,0,100914100,40.3663088,1,0,397554.868324,397453.309728,1,,397453.309728,397448.05605,397457.68294,1
470384,explore,high_margin,sha256:f751bbe5a13af4ba0481e6d434fc5a373c5a95a64c55aa0df8b80a86963ca601,0,100917433,40.367642,1,0,397554.868324,397455.259976,1,,397455.259976,397473.545054,397430.10658,1
470384,explore,high_margin,sha256:f751bbe5a13af4ba0481e6d434fc5a373c5a95a64c55aa0df8b80a86963ca601,0,100920767,40.3689756,1,0,397554.868324,397438.646705,1,,397438.646705,397446.496057,397429.518756,1
470384,explore,high_margin,sha256:f751bbe5a13af4ba0481e6d434fc5a373c5a95a64c55aa0df8b80a86963ca601,0,100924100,40.3703088,0,1,397554.868324,,0,refill_boundary_crossing,,,,0
470384,explore,high_margin,sha256:f751bbe5a13af4ba0481e6d434fc5a373c5a95a64c55aa0df8b80a86963ca601,0,100927433,40.371642,1,0,397554.868324,396488.326916,0,exact_coherence_below_minimum;even_odd_disagreement_above_maximum;timing_spread_above_maximum;half_frame_difference_above_maximum;tone_deletion_shift_above_maximum,402342.826259,396370.545468,396655.935814,0
470384,explore,high_margin,sha256:f751bbe5a13af4ba0481e6d434fc5a373c5a95a64c55aa0df8b80a86963ca601,0,100930767,40.3729756,1,0,397554.868324,395644.028179,0,exact_coherence_below_minimum;even_odd_disagreement_above_maximum;timing_spread_above_maximum;half_frame_difference_above_maximum;tone_deletion_shift_above_maximum,392367.610799,396685.244504,396867.367571,0
470384,explore,high_margin,sha256:f751bbe5a13af4ba0481e6d434fc5a373c5a95a64c55aa0df8b80a86963ca601,0,100934100,40.3743088,1,0,397554.868324,398631.515272,0,exact_coherence_below_minimum;coherence_margin_below_minimum;even_odd_disagreement_above_maximum;timing_spread_above_maximum;half_frame_difference_above_maximum;tone_deletion_shift_above_maximum,398631.515272,398759.556544,399554.868324,0
470384,explore,high_margin,sha256:f751bbe5a13af4ba0481e6d434fc5a373c5a95a64c55aa0df8b80a86963ca601,0,100937433,40.375642,1,0,397554.868324,399286.500418,0,exact_coherence_below_minimum;coherence_margin_below_minimum;even_odd_disagreement_above_maximum;timing_spread_above_maximum;half_frame_difference_above_maximum;tone_deletion_shift_above_maximum,400726.52185,397164.281865,398552.848566,0
470384,explore,high_margin,sha256:f751bbe5a13af4ba0481e6d434fc5a373c5a95a64c55aa0df8b80a86963ca601,0,100940767,40.3769756,1,0,397554.868324,397746.809459,0,exact_coherence_below_minimum;even_odd_disagreement_above_maximum;timing_spread_above_maximum;half_frame_difference_above_maximum;tone_deletion_shift_above_maximum,391595.640841,399481.69748,397933.156541,0
470384,explore,high_margin,sha256:f751bbe5a13af4ba0481e6d434fc5a373c5a95a64c55aa0df8b80a86963ca601,0,100944100,40.3783088,1,0,397554.868324,399554.868324,0,exact_coherence_below_minimum;coherence_margin_below_minimum;even_odd_disagreement_above_maximum;half_frame_difference_above_maximum;tone_deletion_shift_above_maximum;search_boundary,392242.108382,395554.868324,399550.761375,0
470384,explore,high_margin,sha256:f751bbe5a13af4ba0481e6d434fc5a373c5a95a64c55aa0df8b80a86963ca601,0,100947433,40.379642,1,0,397554.868324,398615.285554,0,exact_coherence_below_minimum;coherence_margin_below_minimum;even_odd_disagreement_above_maximum;timing_spread_above_maximum;half_frame_difference_above_maximum;tone_deletion_shift_above_maximum,403508.557548,395814.563811,397245.785957,0
470384,explore,high_margin,sha256:f751bbe5a13af4ba0481e6d434fc5a373c5a95a64c55aa0df8b80a86963ca601,0,100950767,40.3809756,1,0,397554.868324,395554.868324,0,exact_coherence_below_minimum;coherence_margin_below_minimum;even_odd_disagreement_above_maximum;timing_spread_above_maximum;tone_deletion_shift_above_maximum;search_boundary,395261.796736,397268.735818,398652.206361,0
470384,explore,high_margin,sha256:f751bbe5a13af4ba0481e6d434fc5a373c5a95a64c55aa0df8b80a86963ca601,0,100954100,40.3823088,1,0,397554.868324,396118.238216,0,exact_coherence_below_minimum;even_odd_disagreement_above_maximum;timing_spread_above_maximum;half_frame_difference_above_maximum;tone_deletion_shift_above_maximum,392771.538052,398811.400753,397860.299277,0
470384,explore,high_margin,sha256:f751bbe5a13af4ba0481e6d434fc5a373c5a95a64c55aa0df8b80a86963ca601,0,100957433,40.383642,1,0,397554.868324,398191.969499,0,exact_coherence_below_minimum;even_odd_disagreement_above_maximum;timing_spread_above_maximum;half_frame_difference_above_maximum;tone_deletion_shift_above_maximum,400557.960814,396973.072012,396368.056942,0
470384,explore,high_margin,sha256:f751bbe5a13af4ba0481e6d434fc5a373c5a95a64c55aa0df8b80a86963ca601,0,100960767,40.3849756,1,0,397554.868324,399137.216663,0,exact_coherence_below_minimum;coherence_margin_below_minimum;even_odd_disagreement_above_maximum;timing_spread_above_maximum;half_frame_difference_above_maximum;tone_deletion_shift_above_maximum,402069.404344,395554.868324,399071.05101,0
470384,explore,high_margin,sha256:f751bbe5a13af4ba0481e6d434fc5a373c5a95a64c55aa0df8b80a86963ca601,0,100964100,40.3863088,1,0,397554.868324,398727.2605,0,exact_coherence_below_minimum;coherence_margin_below_minimum;even_odd_disagreement_above_maximum;timing_spread_above_maximum;half_frame_difference_above_maximum;tone_deletion_shift_above_maximum,393251.146634,397159.992323,398823.481015,0
470384,explore,high_margin,sha256:f751bbe5a13af4ba0481e6d434fc5a373c5a95a64c55aa0df8b80a86963ca601,0,100967433,40.387642,1,0,397554.868324,399237.290534,0,exact_coherence_below_minimum;even_odd_disagreement_above_maximum;timing_spread_above_maximum;half_frame_difference_above_maximum;tone_deletion_shift_above_maximum,399237.290534,399272.184778,395554.868324,0
470384,explore,high_margin,sha256:f751bbe5a13af4ba0481e6d434fc5a373c5a95a64c55aa0df8b80a86963ca601,0,100970767,40.3889756,1,0,397554.868324,399554.868324,0,exact_coherence_below_minimum;coherence_margin_below_minimum;even_odd_disagreement_above_maximum;timing_spread_above_maximum;half_frame_difference_above_maximum;tone_deletion_shift_above_maximum;search_boundary,402858.847866,399438.502657,398420.126554,0
470384,explore,high_margin,sha256:f751bbe5a13af4ba0481e6d434fc5a373c5a95a64c55aa0df8b80a86963ca601,0,100974100,40.3903088,1,0,397554.868324,399379.894959,0,exact_coherence_below_minimum;even_odd_disagreement_above_maximum;timing_spread_above_maximum;half_frame_difference_above_maximum;tone_deletion_shift_above_maximum,399379.894959,399554.868324,399212.241543,0
470384,explore,high_margin,sha256:f751bbe5a13af4ba0481e6d434fc5a373c5a95a64c55aa0df8b80a86963ca601,0,100977433,40.391642,1,0,397554.868324,396674.536617,0,exact_coherence_below_minimum;even_odd_disagreement_above_maximum;timing_spread_above_maximum;half_frame_difference_above_maximum;tone_deletion_shift_above_maximum,396674.536617,396686.580959,398065.699418,0
470384,explore,high_margin,sha256:f751bbe5a13af4ba0481e6d434fc5a373c5a95a64c55aa0df8b80a86963ca601,0,100980767,40.3929756,1,0,397554.868324,397108.617744,0,exact_coherence_below_minimum;even_odd_disagreement_above_maximum;timing_spread_above_maximum;half_frame_difference_above_maximum;tone_deletion_shift_above_maximum,403554.868324,395641.654413,399175.460072,0
470384,explore,high_margin,sha256:f751bbe5a13af4ba0481e6d434fc5a373c5a95a64c55aa0df8b80a86963ca601,0,100984100,40.3943088,1,0,397554.868324,397371.805516,0,exact_coherence_below_minimum;coherence_margin_below_minimum;even_odd_disagreement_above_maximum;timing_spread_above_maximum;half_frame_difference_above_maximum;tone_deletion_shift_above_maximum,392396.709953,397461.062652,398020.756892,0
470384,explore,high_margin,sha256:f751bbe5a13af4ba0481e6d434fc5a373c5a95a64c55aa0df8b80a86963ca601,0,100987433,40.395642,1,0,397554.868324,396338.863865,0,exact_coherence_below_minimum;even_odd_disagreement_above_maximum;timing_spread_above_maximum;half_frame_difference_above_maximum;tone_deletion_shift_above_maximum,396338.863865,395559.743242,399554.868324,0
470384,explore,high_margin,sha256:f751bbe5a13af4ba0481e6d434fc5a373c5a95a64c55aa0df8b80a86963ca601,0,100990767,40.3969756,1,0,397554.868324,397982.363888,0,exact_coherence_below_minimum;coherence_margin_below_minimum;even_odd_disagreement_above_maximum;timing_spread_above_maximum;half_frame_difference_above_maximum;tone_deletion_shift_above_maximum,392029.014502,398879.195241,398128.240178,0
470384,explore,high_margin,sha256:f751bbe5a13af4ba0481e6d434fc5a373c5a95a64c55aa0df8b80a86963ca601,0,100994100,40.3983088,1,0,397554.868324,395932.135966,0,exact_coherence_below_minimum;coherence_margin_below_minimum;even_odd_disagreement_above_maximum;half_frame_difference_above_maximum;tone_deletion_shift_above_maximum,391798.267557,396024.879818,397123.28879,0
470384,explore,high_margin,sha256:f751bbe5a13af4ba0481e6d434fc5a373c5a95a64c55aa0df8b80a86963ca601,0,100997433,40.399642,1,0,397554.868324,396879.324286,0,exact_coherence_below_minimum;even_odd_disagreement_above_maximum;timing_spread_above_maximum;half_frame_difference_above_maximum,396879.324286,399242.703592,396775.456645,0
470384,explore,late_median_margin,sha256:f751bbe5a13af4ba0481e6d434fc5a373c5a95a64c55aa0df8b80a86963ca601,0,100128301,40.0519892,1,0,399110.026682,399457.828096,0,exact_coherence_below_minimum;even_odd_disagreement_above_maximum;half_frame_difference_above_maximum;tone_deletion_shift_above_maximum,399457.828096,399396.462421,397945.482313,0
470384,explore,late_median_margin,sha256:f751bbe5a13af4ba0481e6d434fc5a373c5a95a64c55aa0df8b80a86963ca601,0,100131634,40.0533224,1,0,399110.026682,399430.77125,0,exact_coherence_below_minimum;coherence_margin_below_minimum;timing_spread_above_maximum;half_frame_difference_above_maximum;tone_deletion_shift_above_maximum,395898.849855,399421.505597,399369.852485,0
470384,explore,late_median_margin,sha256:f751bbe5a13af4ba0481e6d434fc5a373c5a95a64c55aa0df8b80a86963ca601,0,100134968,40.054656,1,0,399110.026682,399182.742577,0,exact_coherence_below_minimum;coherence_margin_below_minimum;even_odd_disagreement_above_maximum;timing_spread_above_maximum;half_frame_difference_above_maximum;tone_deletion_shift_above_maximum,403543.421353,399140.51939,397110.026682,0
470384,explore,late_median_margin,sha256:f751bbe5a13af4ba0481e6d434fc5a373c5a95a64c55aa0df8b80a86963ca601,0,100138301,40.0559892,0,1,399110.026682,,0,refill_boundary_crossing,,,,0
470384,explore,late_median_margin,sha256:f751bbe5a13af4ba0481e6d434fc5a373c5a95a64c55aa0df8b80a86963ca601,0,100141634,40.0573224,1,0,399110.026682,399163.355791,1,,399163.355791,399168.116467,399151.823356,1
470384,explore,late_median_margin,sha256:f751bbe5a13af4ba0481e6d434fc5a373c5a95a64c55aa0df8b80a86963ca601,0,100144968,40.058656,1,0,399110.026682,399143.034994,1,,399143.034994,399125.663192,399160.710211,1
470384,explore,late_median_margin,sha256:f751bbe5a13af4ba0481e6d434fc5a373c5a95a64c55aa0df8b80a86963ca601,0,100148301,40.0599892,1,0,399110.026682,399140.781552,1,,399140.781552,399130.090613,399152.12698,1
470384,explore,late_median_margin,sha256:f751bbe5a13af4ba0481e6d434fc5a373c5a95a64c55aa0df8b80a86963ca601,0,100151634,40.0613224,1,0,399110.026682,399130.898072,1,,399130.898072,399118.890745,399137.050325,1
470384,explore,late_median_margin,sha256:f751bbe5a13af4ba0481e6d434fc5a373c5a95a64c55aa0df8b80a86963ca601,0,100154968,40.062656,1,0,399110.026682,399112.351901,1,,399112.351901,399108.260018,399114.362942,1
470384,explore,late_median_margin,sha256:f751bbe5a13af4ba0481e6d434fc5a373c5a95a64c55aa0df8b80a86963ca601,0,100158301,40.0639892,1,0,399110.026682,399129.170705,1,,399129.170705,399130.08716,399127.9578,1
470384,explore,late_median_margin,sha256:f751bbe5a13af4ba0481e6d434fc5a373c5a95a64c55aa0df8b80a86963ca601,0,100161634,40.0653224,1,0,399110.026682,399108.490561,1,,399108.490561,399107.941944,399106.203485,1
470384,explore,late_median_margin,sha256:f751bbe5a13af4ba0481e6d434fc5a373c5a95a64c55aa0df8b80a86963ca601,0,100164968,40.066656,1,0,399110.026682,399116.273869,1,,399116.273869,399111.084691,399118.601821,1
470384,explore,late_median_margin,sha256:f751bbe5a13af4ba0481e6d434fc5a373c5a95a64c55aa0df8b80a86963ca601,0,100168301,40.0679892,1,0,399110.026682,399130.893906,1,,399130.893906,399136.271146,399129.004321,1
470384,explore,late_median_margin,sha256:f751bbe5a13af4ba0481e6d434fc5a373c5a95a64c55aa0df8b80a86963ca601,0,100171634,40.0693224,1,0,399110.026682,399105.263819,1,,399105.263819,399103.732064,399106.799623,1
470384,explore,late_median_margin,sha256:f751bbe5a13af4ba0481e6d434fc5a373c5a95a64c55aa0df8b80a86963ca601,0,100174968,40.070656,1,0,399110.026682,399109.564371,1,,399109.564371,399098.984741,399115.076337,1
470384,explore,late_median_margin,sha256:f751bbe5a13af4ba0481e6d434fc5a373c5a95a64c55aa0df8b80a86963ca601,0,100178301,40.0719892,1,0,399110.026682,399096.591003,1,,399096.591003,399098.509412,399094.948811,1
470384,explore,late_median_margin,sha256:f751bbe5a13af4ba0481e6d434fc5a373c5a95a64c55aa0df8b80a86963ca601,0,100181634,40.0733224,1,0,399110.026682,399089.470474,1,,399089.470474,399078.946102,399103.451651,1
470384,explore,late_median_margin,sha256:f751bbe5a13af4ba0481e6d434fc5a373c5a95a64c55aa0df8b80a86963ca601,0,100184968,40.074656,1,0,399110.026682,399091.395441,1,,399091.395441,399088.340364,399098.146055,1
470384,explore,late_median_margin,sha256:f751bbe5a13af4ba0481e6d434fc5a373c5a95a64c55aa0df8b80a86963ca601,0,100188301,40.0759892,1,0,399110.026682,399091.016026,1,,399091.016026,399086.443102,399095.72402,1
470384,explore,late_median_margin,sha256:f751bbe5a13af4ba0481e6d434fc5a373c5a95a64c55aa0df8b80a86963ca601,0,100191634,40.0773224,1,0,399110.026682,399094.565729,1,,399094.565729,399089.345296,399090.004993,1
470384,explore,late_median_margin,sha256:f751bbe5a13af4ba0481e6d434fc5a373c5a95a64c55aa0df8b80a86963ca601,0,100194968,40.078656,1,0,399110.026682,399069.617202,1,,399069.617202,399062.453548,399077.838043,1
470384,explore,late_median_margin,sha256:f751bbe5a13af4ba0481e6d434fc5a373c5a95a64c55aa0df8b80a86963ca601,0,100198301,40.0799892,1,0,399110.026682,399076.509331,1,,399076.509331,399087.000596,399059.006213,1
470384,explore,late_median_margin,sha256:f751bbe5a13af4ba0481e6d434fc5a373c5a95a64c55aa0df8b80a86963ca601,0,100201634,40.0813224,1,0,399110.026682,399066.229157,1,,399066.229157,399074.72185,399066.314288,1
470384,explore,late_median_margin,sha256:f751bbe5a13af4ba0481e6d434fc5a373c5a95a64c55aa0df8b80a86963ca601,0,100204968,40.082656,1,0,399110.026682,399069.045514,1,,399069.045514,399058.377983,399079.064134,1
470384,explore,late_median_margin,sha256:f751bbe5a13af4ba0481e6d434fc5a373c5a95a64c55aa0df8b80a86963ca601,0,100208301,40.0839892,1,0,399110.026682,399045.956321,1,,399045.956321,399031.767666,399058.55787,1
470384,explore,late_median_margin,sha256:f751bbe5a13af4ba0481e6d434fc5a373c5a95a64c55aa0df8b80a86963ca601,0,100211634,40.0853224,1,0,399110.026682,399046.504018,1,,399046.504018,399027.10871,399062.766793,1
470384,explore,late_median_margin,sha256:f751bbe5a13af4ba0481e6d434fc5a373c5a95a64c55aa0df8b80a86963ca601,0,100214968,40.086656,1,0,399110.026682,399033.802712,1,,399033.802712,399039.374561,399024.694119,1
470384,explore,late_median_margin,sha256:f751bbe5a13af4ba0481e6d434fc5a373c5a95a64c55aa0df8b80a86963ca601,0,100218301,40.0879892,1,0,399110.026682,399030.340338,1,,399030.340338,399046.947533,399017.242329,1
470384,explore,late_median_margin,sha256:f751bbe5a13af4ba0481e6d434fc5a373c5a95a64c55aa0df8b80a86963ca601,0,100221634,40.0893224,1,0,399110.026682,399022.949266,1,,399022.949266,399026.277699,399022.140488,1
470384,explore,late_median_margin,sha256:f751bbe5a13af4ba0481e6d434fc5a373c5a95a64c55aa0df8b80a86963ca601,0,100224968,40.090656,1,0,399110.026682,399030.502679,1,,399030.502679,399001.689625,399058.54783,1
470384,explore,late_median_margin,sha256:f751bbe5a13af4ba0481e6d434fc5a373c5a95a64c55aa0df8b80a86963ca601,0,100228301,40.0919892,1,0,399110.026682,399035.935487,1,,399035.935487,399023.676551,399050.51454,1
470384,explore,late_median_margin,sha256:f751bbe5a13af4ba0481e6d434fc5a373c5a95a64c55aa0df8b80a86963ca601,0,100231634,40.0933224,1,0,399110.026682,399001.172025,1,,399001.172025,398991.421571,399012.672538,1
470384,explore,late_median_margin,sha256:f751bbe5a13af4ba0481e6d434fc5a373c5a95a64c55aa0df8b80a86963ca601,0,100234968,40.094656,1,0,399110.026682,399029.911259,1,,399029.911259,399040.577604,399023.42645,1
470384,explore,late_median_margin,sha256:f751bbe5a13af4ba0481e6d434fc5a373c5a95a64c55aa0df8b80a86963ca601,0,100238301,40.0959892,1,0,399110.026682,399016.704517,1,,399016.704517,399014.935596,399027.056895,1
470384,explore,late_median_margin,sha256:f751bbe5a13af4ba0481e6d434fc5a373c5a95a64c55aa0df8b80a86963ca601,0,100241634,40.0973224,1,0,399110.026682,399012.646809,1,,399012.646809,399022.48796,399007.7312,1
470384,explore,late_median_margin,sha256:f751bbe5a13af4ba0481e6d434fc5a373c5a95a64c55aa0df8b80a86963ca601,0,100244968,40.098656,1,0,399110.026682,398957.750342,1,,398957.750342,398952.635809,398950.743378,1
470384,explore,late_median_margin,sha256:f751bbe5a13af4ba0481e6d434fc5a373c5a95a64c55aa0df8b80a86963ca601,0,100248301,40.0999892,1,0,399110.026682,398995.811773,1,,398995.811773,398972.471044,399032.962963,1
470384,explore,late_median_margin,sha256:f751bbe5a13af4ba0481e6d434fc5a373c5a95a64c55aa0df8b80a86963ca601,0,100251634,40.1013224,1,0,399110.026682,399000.751697,1,,399000.751697,399018.676375,398986.633595,1
470384,explore,late_median_margin,sha256:f751bbe5a13af4ba0481e6d434fc5a373c5a95a64c55aa0df8b80a86963ca601,0,100254968,40.102656,1,0,399110.026682,398972.03079,1,,398972.03079,398986.616006,398956.4624,1
470384,explore,late_median_margin,sha256:f751bbe5a13af4ba0481e6d434fc5a373c5a95a64c55aa0df8b80a86963ca601,0,100258301,40.1039892,1,0,399110.026682,398962.639964,1,,398962.639964,398961.270492,398965.744951,1
470384,explore,late_median_margin,sha256:f751bbe5a13af4ba0481e6d434fc5a373c5a95a64c55aa0df8b80a86963ca601,0,100261634,40.1053224,1,0,399110.026682,398984.570238,1,,398984.570238,398981.090087,398990.593787,1
470384,explore,late_median_margin,sha256:f751bbe5a13af4ba0481e6d434fc5a373c5a95a64c55aa0df8b80a86963ca601,0,100264968,40.106656,1,0,399110.026682,398968.870674,1,,398968.870674,398981.001754,398958.60915,1
470384,explore,late_median_margin,sha256:f751bbe5a13af4ba0481e6d434fc5a373c5a95a64c55aa0df8b80a86963ca601,0,100268301,40.1079892,1,0,399110.026682,398956.087244,1,,398956.087244,398965.591834,398948.303077,1
470384,explore,late_median_margin,sha256:f751bbe5a13af4ba0481e6d434fc5a373c5a95a64c55aa0df8b80a86963ca601,0,100271634,40.1093224,1,0,399110.026682,398964.002988,1,,398964.002988,398978.753949,398955.585577,1
470384,explore,late_median_margin,sha256:f751bbe5a13af4ba0481e6d434fc5a373c5a95a64c55aa0df8b80a86963ca601,0,100274968,40.110656,1,0,399110.026682,398946.26025,1,,398946.26025,398947.109704,398946.200299,1
470384,explore,late_median_margin,sha256:f751bbe5a13af4ba0481e6d434fc5a373c5a95a64c55aa0df8b80a86963ca601,0,100278301,40.1119892,1,0,399110.026682,398920.477732,1,,398920.477732,398918.110711,398921.363918,1
470384,explore,late_median_margin,sha256:f751bbe5a13af4ba0481e6d434fc5a373c5a95a64c55aa0df8b80a86963ca601,0,100281634,40.1133224,1,0,399110.026682,398941.176294,1,,398941.176294,398925.390717,398955.234866,1
470384,explore,late_median_margin,sha256:f751bbe5a13af4ba0481e6d434fc5a373c5a95a64c55aa0df8b80a86963ca601,0,100284968,40.114656,1,0,399110.026682,398921.484653,1,,398921.484653,398913.916051,398928.764341,1
470384,explore,late_median_margin,sha256:f751bbe5a13af4ba0481e6d434fc5a373c5a95a64c55aa0df8b80a86963ca601,0,100288301,40.1159892,1,0,399110.026682,398931.769515,1,,398931.769515,398921.660299,398941.563055,1
470384,explore,late_median_margin,sha256:f751bbe5a13af4ba0481e6d434fc5a373c5a95a64c55aa0df8b80a86963ca601,0,100291634,40.1173224,1,0,399110.026682,398908.55647,1,,398908.55647,398914.315401,398905.423477,1
470384,explore,late_median_margin,sha256:f751bbe5a13af4ba0481e6d434fc5a373c5a95a64c55aa0df8b80a86963ca601,0,100294968,40.118656,1,0,399110.026682,398910.110652,1,,398910.110652,398906.210743,398912.894551,1
470384,explore,late_median_margin,sha256:f751bbe5a13af4ba0481e6d434fc5a373c5a95a64c55aa0df8b80a86963ca601,0,100298301,40.1199892,1,0,399110.026682,398911.784262,1,,398911.784262,398907.993293,398918.673827,1
470384,explore,late_median_margin,sha256:f751bbe5a13af4ba0481e6d434fc5a373c5a95a64c55aa0df8b80a86963ca601,0,100301634,40.1213224,1,0,399110.026682,398899.321169,1,,398899.321169,398893.800257,398903.746402,1
470384,explore,late_median_margin,sha256:f751bbe5a13af4ba0481e6d434fc5a373c5a95a64c55aa0df8b80a86963ca601,0,100304968,40.122656,1,0,399110.026682,398897.907597,1,,398897.907597,398916.557292,398871.312644,1
470384,explore,late_median_margin,sha256:f751bbe5a13af4ba0481e6d434fc5a373c5a95a64c55aa0df8b80a86963ca601,0,100308301,40.1239892,1,0,399110.026682,398885.317782,1,,398885.317782,398891.706794,398881.451145,1
470384,explore,late_median_margin,sha256:f751bbe5a13af4ba0481e6d434fc5a373c5a95a64c55aa0df8b80a86963ca601,0,100311634,40.1253224,1,0,399110.026682,398889.225176,1,,398889.225176,398901.958687,398873.981225,1
470384,explore,low_positive_margin,sha256:f751bbe5a13af4ba0481e6d434fc5a373c5a95a64c55aa0df8b80a86963ca601,0,102065736,40.8269632,0,0,391619.244156,390388.237629,0,exact_coherence_below_minimum;coherence_margin_below_minimum;even_odd_disagreement_above_maximum;timing_spread_above_maximum;tone_deletion_shift_above_maximum,389231.311485,390267.130959,389619.244156,0
470384,explore,low_positive_margin,sha256:f751bbe5a13af4ba0481e6d434fc5a373c5a95a64c55aa0df8b80a86963ca601,0,102069069,40.8282964,0,0,391619.244156,391401.869617,0,exact_coherence_below_minimum;even_odd_disagreement_above_maximum;timing_spread_above_maximum;half_frame_difference_above_maximum;tone_deletion_shift_above_maximum,395765.224192,389619.244156,391180.267647,0
470384,explore,low_positive_margin,sha256:f751bbe5a13af4ba0481e6d434fc5a373c5a95a64c55aa0df8b80a86963ca601,0,102072403,40.82963,0,0,391619.244156,391346.888212,0,exact_coherence_below_minimum;coherence_margin_below_minimum;even_odd_disagreement_above_maximum;timing_spread_above_maximum;tone_deletion_shift_above_maximum,385772.252565,391469.005658,392132.014195,0
470384,explore,low_positive_margin,sha256:f751bbe5a13af4ba0481e6d434fc5a373c5a95a64c55aa0df8b80a86963ca601,0,102075736,40.8309632,0,0,391619.244156,390738.91263,0,exact_coherence_below_minimum;coherence_margin_below_minimum;even_odd_disagreement_above_maximum;timing_spread_above_maximum;half_frame_difference_above_maximum;tone_deletion_shift_above_maximum,388270.22222,390732.000568,391093.84694,0
470384,explore,low_positive_margin,sha256:f751bbe5a13af4ba0481e6d434fc5a373c5a95a64c55aa0df8b80a86963ca601,0,102079069,40.8322964,0,0,391619.244156,391637.213382,0,exact_coherence_below_minimum;even_odd_disagreement_above_maximum;timing_spread_above_maximum;half_frame_difference_above_maximum;tone_deletion_shift_above_maximum,387506.337655,393524.756246,391677.32678,0
470384,explore,low_positive_margin,sha256:f751bbe5a13af4ba0481e6d434fc5a373c5a95a64c55aa0df8b80a86963ca601,0,102082403,40.83363,0,0,391619.244156,390887.800925,0,exact_coherence_below_minimum;coherence_margin_below_minimum;even_odd_disagreement_above_maximum;timing_spread_above_maximum;tone_deletion_shift_above_maximum,386801.681586,389778.472058,393619.244156,0
470384,explore,low_positive_margin,sha256:f751bbe5a13af4ba0481e6d434fc5a373c5a95a64c55aa0df8b80a86963ca601,0,102085736,40.8349632,0,0,391619.244156,390746.678782,0,exact_coherence_below_minimum;coherence_margin_below_minimum;even_odd_disagreement_above_maximum;timing_spread_above_maximum;half_frame_difference_above_maximum;tone_deletion_shift_above_maximum,390746.678782,392819.950981,393495.519857,0
470384,explore,low_positive_margin,sha256:f751bbe5a13af4ba0481e6d434fc5a373c5a95a64c55aa0df8b80a86963ca601,0,102089069,40.8362964,0,0,391619.244156,389687.422795,0,exact_coherence_below_minimum;even_odd_disagreement_above_maximum,397227.176178,389619.244156,392962.308814,0
470384,explore,low_positive_margin,sha256:f751bbe5a13af4ba0481e6d434fc5a373c5a95a64c55aa0df8b80a86963ca601,0,102092403,40.83763,0,0,391619.244156,392905.348646,0,exact_coherence_below_minimum;coherence_margin_below_minimum;even_odd_disagreement_above_maximum;timing_spread_above_maximum;half_frame_difference_above_maximum;tone_deletion_shift_above_maximum,394210.199173,391159.481124,392397.707466,0
470384,explore,low_positive_margin,sha256:f751bbe5a13af4ba0481e6d434fc5a373c5a95a64c55aa0df8b80a86963ca601,0,102095736,40.8389632,0,0,391619.244156,391248.580475,0,exact_coherence_below_minimum;even_odd_disagreement_above_maximum;timing_spread_above_maximum;half_frame_difference_above_maximum;tone_deletion_shift_above_maximum,385619.244156,391041.638133,391317.63961,0
470384,explore,low_positive_margin,sha256:f751bbe5a13af4ba0481e6d434fc5a373c5a95a64c55aa0df8b80a86963ca601,0,102099069,40.8402964,0,0,391619.244156,391453.604665,0,exact_coherence_below_minimum;even_odd_disagreement_above_maximum;timing_spread_above_maximum;half_frame_difference_above_maximum,388875.160953,391474.119677,393422.127444,0
470384,explore,low_positive_margin,sha256:f751bbe5a13af4ba0481e6d434fc5a373c5a95a64c55aa0df8b80a86963ca601,0,102102403,40.84163,0,0,391619.244156,391990.661536,0,exact_coherence_below_minimum;even_odd_disagreement_above_maximum;timing_spread_above_maximum;half_frame_difference_above_maximum;tone_deletion_shift_above_maximum,396183.296305,392443.673281,391681.344958,0
470384,explore,low_positive_margin,sha256:f751bbe5a13af4ba0481e6d434fc5a373c5a95a64c55aa0df8b80a86963ca601,0,102105736,40.8429632,0,0,391619.244156,390989.736469,0,exact_coherence_below_minimum;even_odd_disagreement_above_maximum;timing_spread_above_maximum;half_frame_difference_above_maximum;tone_deletion_shift_above_maximum,388524.608029,389799.937804,392354.64711,0
470384,explore,low_positive_margin,sha256:f751bbe5a13af4ba0481e6d434fc5a373c5a95a64c55aa0df8b80a86963ca601,0,102109069,40.8442964,0,0,391619.244156,392853.757775,0,exact_coherence_below_minimum;even_odd_disagreement_above_maximum;timing_spread_above_maximum;tone_deletion_shift_above_maximum,386782.168623,392849.320083,391479.704605,0
470384,explore,low_positive_margin,sha256:f751bbe5a13af4ba0481e6d434fc5a373c5a95a64c55aa0df8b80a86963ca601,0,102112403,40.84563,0,0,391619.244156,392550.493955,0,exact_coherence_below_minimum;coherence_margin_below_minimum;even_odd_disagreement_above_maximum;timing_spread_above_maximum;half_frame_difference_above_maximum;tone_deletion_shift_above_maximum,392550.493955,389742.935258,392378.967533,0
470384,explore,low_positive_margin,sha256:f751bbe5a13af4ba0481e6d434fc5a373c5a95a64c55aa0df8b80a86963ca601,0,102115736,40.8469632,0,0,391619.244156,390415.737047,0,exact_coherence_below_minimum;even_odd_disagreement_above_maximum;half_frame_difference_above_maximum;tone_deletion_shift_above_maximum,390415.737047,390521.514297,393154.704996,0
470384,explore,low_positive_margin,sha256:f751bbe5a13af4ba0481e6d434fc5a373c5a95a64c55aa0df8b80a86963ca601,0,102119069,40.8482964,0,0,391619.244156,393415.498923,0,exact_coherence_below_minimum;coherence_margin_below_minimum;even_odd_disagreement_above_maximum;timing_spread_above_maximum;half_frame_difference_above_maximum;tone_deletion_shift_above_maximum,387454.621403,393362.526452,392587.831638,0
470384,explore,low_positive_margin,sha256:f751bbe5a13af4ba0481e6d434fc5a373c5a95a64c55aa0df8b80a86963ca601,0,102122403,40.84963,0,0,391619.244156,393619.244156,0,exact_coherence_below_minimum;even_odd_disagreement_above_maximum;half_frame_difference_above_maximum;tone_deletion_shift_above_maximum;search_boundary,393687.37624,393087.313166,392142.869748,0
470384,explore,low_positive_margin,sha256:f751bbe5a13af4ba0481e6d434fc5a373c5a95a64c55aa0df8b80a86963ca601,0,102125736,40.8509632,0,0,391619.244156,393185.069783,0,exact_coherence_below_minimum;coherence_margin_below_minimum;even_odd_disagreement_above_maximum;timing_spread_above_maximum;half_frame_difference_above_maximum;tone_deletion_shift_above_maximum,397245.161103,391219.7383,393297.737981,0
470384,explore,low_positive_margin,sha256:f751bbe5a13af4ba0481e6d434fc5a373c5a95a64c55aa0df8b80a86963ca601,0,102129069,40.8522964,0,0,391619.244156,391051.566953,0,exact_coherence_below_minimum;even_odd_disagreement_above_maximum;timing_spread_above_maximum;half_frame_difference_above_maximum;tone_deletion_shift_above_maximum,388566.297685,390307.652103,389870.424261,0
470384,explore,low_positive_margin,sha256:f751bbe5a13af4ba0481e6d434fc5a373c5a95a64c55aa0df8b80a86963ca601,0,102132403,40.85363,0,0,391619.244156,392081.103455,0,exact_coherence_below_minimum;coherence_margin_below_minimum;even_odd_disagreement_above_maximum;timing_spread_above_maximum;half_frame_difference_above_maximum;tone_deletion_shift_above_maximum,397619.244156,389786.937493,393136.221142,0
470384,explore,low_positive_margin,sha256:f751bbe5a13af4ba0481e6d434fc5a373c5a95a64c55aa0df8b80a86963ca601,0,102135736,40.8549632,0,0,391619.244156,393619.244156,0,exact_coherence_below_minimum;coherence_margin_below_minimum;even_odd_disagreement_above_maximum;half_frame_difference_above_maximum;tone_deletion_shift_above_maximum;search_boundary,397619.244156,389619.244156,393619.244156,0
470384,explore,low_positive_margin,sha256:f751bbe5a13af4ba0481e6d434fc5a373c5a95a64c55aa0df8b80a86963ca601,0,102139069,40.8562964,0,0,391619.244156,391200.357355,0,exact_coherence_below_minimum;even_odd_disagreement_above_maximum;timing_spread_above_maximum;half_frame_difference_above_maximum;tone_deletion_shift_above_maximum,391200.357355,389619.244156,392939.985735,0
470384,explore,low_positive_margin,sha256:f751bbe5a13af4ba0481e6d434fc5a373c5a95a64c55aa0df8b80a86963ca601,0,102142403,40.85763,0,0,391619.244156,392186.029613,0,exact_coherence_below_minimum;even_odd_disagreement_above_maximum;timing_spread_above_maximum;half_frame_difference_above_maximum;tone_deletion_shift_above_maximum,392186.029613,392182.098396,389619.244156,0
470384,explore,low_positive_margin,sha256:f751bbe5a13af4ba0481e6d434fc5a373c5a95a64c55aa0df8b80a86963ca601,0,102145736,40.8589632,0,0,391619.244156,391365.712234,0,exact_coherence_below_minimum;even_odd_disagreement_above_maximum;timing_spread_above_maximum;tone_deletion_shift_above_maximum,391365.712234,391419.286783,391125.08903,0
470384,explore,low_positive_margin,sha256:f751bbe5a13af4ba0481e6d434fc5a373c5a95a64c55aa0df8b80a86963ca601,0,102149069,40.8602964,0,0,391619.244156,391755.205193,0,exact_coherence_below_minimum;coherence_margin_below_minimum;even_odd_disagreement_above_maximum;timing_spread_above_maximum;half_frame_difference_above_maximum,395883.10028,389619.244156,391126.045716,0
470384,explore,low_positive_margin,sha256:f751bbe5a13af4ba0481e6d434fc5a373c5a95a64c55aa0df8b80a86963ca601,0,102152403,40.86163,0,0,391619.244156,391929.754064,0,exact_coherence_below_minimum;coherence_margin_below_minimum;even_odd_disagreement_above_maximum;timing_spread_above_maximum;tone_deletion_shift_above_maximum,388302.356287,389619.244156,392132.922371,0
470384,explore,low_positive_margin,sha256:f751bbe5a13af4ba0481e6d434fc5a373c5a95a64c55aa0df8b80a86963ca601,0,102155736,40.8629632,0,0,391619.244156,391616.633958,0,exact_coherence_below_minimum;coherence_margin_below_minimum;even_odd_disagreement_above_maximum;timing_spread_above_maximum;half_frame_difference_above_maximum;tone_deletion_shift_above_maximum,387696.080042,390402.358552,391969.499868,0
470384,explore,low_positive_margin,sha256:f751bbe5a13af4ba0481e6d434fc5a373c5a95a64c55aa0df8b80a86963ca601,0,102159069,40.8642964,0,0,391619.244156,391837.02965,0,exact_coherence_below_minimum;even_odd_disagreement_above_maximum;timing_spread_above_maximum;half_frame_difference_above_maximum;tone_deletion_shift_above_maximum,387788.812638,392869.245329,390249.726517,0
470384,explore,low_positive_margin,sha256:f751bbe5a13af4ba0481e6d434fc5a373c5a95a64c55aa0df8b80a86963ca601,0,102162403,40.86563,0,0,391619.244156,391095.327002,0,exact_coherence_below_minimum;coherence_margin_below_minimum;even_odd_disagreement_above_maximum;timing_spread_above_maximum;half_frame_difference_above_maximum;tone_deletion_shift_above_maximum,391095.327002,391334.701342,392051.636935,0
470384,explore,low_positive_margin,sha256:f751bbe5a13af4ba0481e6d434fc5a373c5a95a64c55aa0df8b80a86963ca601,0,102165736,40.8669632,0,0,391619.244156,389619.244156,0,exact_coherence_below_minimum;coherence_margin_below_minimum;even_odd_disagreement_above_maximum;timing_spread_above_maximum;half_frame_difference_above_maximum;tone_deletion_shift_above_maximum;search_boundary,397438.943988,389619.244156,393403.169448,0
470384,explore,low_positive_margin,sha256:f751bbe5a13af4ba0481e6d434fc5a373c5a95a64c55aa0df8b80a86963ca601,0,102169069,40.8682964,0,0,391619.244156,389682.232044,0,exact_coherence_below_minimum;coherence_margin_below_minimum;even_odd_disagreement_above_maximum;timing_spread_above_maximum;half_frame_difference_above_maximum;tone_deletion_shift_above_maximum,397387.48828,393036.587423,389769.231455,0
470384,explore,low_positive_margin,sha256:f751bbe5a13af4ba0481e6d434fc5a373c5a95a64c55aa0df8b80a86963ca601,0,102172403,40.86963,0,0,391619.244156,389691.078409,0,exact_coherence_below_minimum;even_odd_disagreement_above_maximum;timing_spread_above_maximum;tone_deletion_shift_above_maximum,396405.454858,389623.547486,391280.088445,0
470384,explore,low_positive_margin,sha256:f751bbe5a13af4ba0481e6d434fc5a373c5a95a64c55aa0df8b80a86963ca601,0,102175736,40.8709632,0,0,391619.244156,393490.593369,0,exact_coherence_below_minimum;coherence_margin_below_minimum;even_odd_disagreement_above_maximum;timing_spread_above_maximum;half_frame_difference_above_maximum;tone_deletion_shift_above_maximum,393490.593369,392396.833969,393442.58367,0
470384,explore,low_positive_margin,sha256:f751bbe5a13af4ba0481e6d434fc5a373c5a95a64c55aa0df8b80a86963ca601,0,102179069,40.8722964,0,0,391619.244156,390698.377658,0,exact_coherence_below_minimum;coherence_margin_below_minimum;even_odd_disagreement_above_maximum;timing_spread_above_maximum;tone_deletion_shift_above_maximum,389046.766561,389619.244156,390703.96531,0
470384,explore,low_positive_margin,sha256:f751bbe5a13af4ba0481e6d434fc5a373c5a95a64c55aa0df8b80a86963ca601,0,102182403,40.87363,0,0,391619.244156,389619.244156,0,exact_coherence_below_minimum;coherence_margin_below_minimum;even_odd_disagreement_above_maximum;timing_spread_above_maximum;tone_deletion_shift_above_maximum;search_boundary,388884.312671,391934.342504,393478.735391,0
470384,explore,low_positive_margin,sha256:f751bbe5a13af4ba0481e6d434fc5a373c5a95a64c55aa0df8b80a86963ca601,0,102185736,40.8749632,0,0,391619.244156,392166.578493,0,exact_coherence_below_minimum;coherence_margin_below_minimum;even_odd_disagreement_above_maximum;timing_spread_above_maximum;half_frame_difference_above_maximum;tone_deletion_shift_above_maximum,385619.244156,390127.387196,392165.659661,0
470384,explore,low_positive_margin,sha256:f751bbe5a13af4ba0481e6d434fc5a373c5a95a64c55aa0df8b80a86963ca601,0,102189069,40.8762964,0,0,391619.244156,393611.76105,0,exact_coherence_below_minimum;even_odd_disagreement_above_maximum;half_frame_difference_above_maximum,393611.76105,392859.41183,393477.681086,0
470384,explore,low_positive_margin,sha256:f751bbe5a13af4ba0481e6d434fc5a373c5a95a64c55aa0df8b80a86963ca601,0,102192403,40.87763,0,0,391619.244156,393499.692545,0,exact_coherence_below_minimum;coherence_margin_below_minimum;even_odd_disagreement_above_maximum;half_frame_difference_above_maximum;tone_deletion_shift_above_maximum,388383.181007,391638.813354,390475.607195,0
470384,explore,low_positive_margin,sha256:f751bbe5a13af4ba0481e6d434fc5a373c5a95a64c55aa0df8b80a86963ca601,0,102195736,40.8789632,0,0,391619.244156,392624.970166,0,exact_coherence_below_minimum;coherence_margin_below_minimum;even_odd_disagreement_above_maximum;timing_spread_above_maximum;half_frame_difference_above_maximum;tone_deletion_shift_above_maximum,397523.502257,393294.96841,390034.975422,0
470384,explore,low_positive_margin,sha256:f751bbe5a13af4ba0481e6d434fc5a373c5a95a64c55aa0df8b80a86963ca601,0,102199069,40.8802964,0,0,391619.244156,391321.999529,0,exact_coherence_below_minimum;coherence_margin_below_minimum;even_odd_disagreement_above_maximum;timing_spread_above_maximum;half_frame_difference_above_maximum,391321.999529,389619.244156,391397.038509,0
470384,explore,low_positive_margin,sha256:f751bbe5a13af4ba0481e6d434fc5a373c5a95a64c55aa0df8b80a86963ca601,0,102202403,40.88163,0,0,391619.244156,390947.81686,0,exact_coherence_below_minimum;coherence_margin_below_minimum;even_odd_disagreement_above_maximum;timing_spread_above_maximum;half_frame_difference_above_maximum;tone_deletion_shift_above_maximum,388725.225786,389862.718846,391594.813671,0
470384,explore,low_positive_margin,sha256:f751bbe5a13af4ba0481e6d434fc5a373c5a95a64c55aa0df8b80a86963ca601,0,102205736,40.8829632,0,0,391619.244156,390578.256546,0,exact_coherence_below_minimum;even_odd_disagreement_above_maximum;timing_spread_above_maximum;half_frame_difference_above_maximum,396976.242306,389619.244156,393099.420403,0
470384,explore,low_positive_margin,sha256:f751bbe5a13af4ba0481e6d434fc5a373c5a95a64c55aa0df8b80a86963ca601,0,102209069,40.8842964,0,0,391619.244156,391093.369373,0,exact_coherence_below_minimum;even_odd_disagreement_above_maximum;timing_spread_above_maximum;tone_deletion_shift_above_maximum,391093.369373,391150.394701,390450.498579,0
470384,explore,low_positive_margin,sha256:f751bbe5a13af4ba0481e6d434fc5a373c5a95a64c55aa0df8b80a86963ca601,0,102212403,40.88563,0,0,391619.244156,391303.146052,0,exact_coherence_below_minimum;even_odd_disagreement_above_maximum;timing_spread_above_maximum;half_frame_difference_above_maximum;tone_deletion_shift_above_maximum,388199.228257,393143.609074,390390.386889,0
470384,explore,low_positive_margin,sha256:f751bbe5a13af4ba0481e6d434fc5a373c5a95a64c55aa0df8b80a86963ca601,0,102215736,40.8869632,0,0,391619.244156,390859.281143,0,exact_coherence_below_minimum;even_odd_disagreement_above_maximum;half_frame_difference_above_maximum,390859.281143,389747.606125,390702.832677,0
470384,explore,low_positive_margin,sha256:f751bbe5a13af4ba0481e6d434fc5a373c5a95a64c55aa0df8b80a86963ca601,0,102219069,40.8882964,0,0,391619.244156,389619.244156,0,exact_coherence_below_minimum;coherence_margin_below_minimum;even_odd_disagreement_above_maximum;timing_spread_above_maximum;half_frame_difference_above_maximum;tone_deletion_shift_above_maximum;search_boundary,395855.455212,393153.142584,389867.128898,0
470384,explore,low_positive_margin,sha256:f751bbe5a13af4ba0481e6d434fc5a373c5a95a64c55aa0df8b80a86963ca601,0,102222403,40.88963,0,0,391619.244156,389914.332225,0,exact_coherence_below_minimum;coherence_margin_below_minimum;even_odd_disagreement_above_maximum;timing_spread_above_maximum;half_frame_difference_above_maximum;tone_deletion_shift_above_maximum,395522.479707,393400.816406,392943.080393,0
470384,explore,low_positive_margin,sha256:f751bbe5a13af4ba0481e6d434fc5a373c5a95a64c55aa0df8b80a86963ca601,0,102225736,40.8909632,0,0,391619.244156,393118.245464,0,exact_coherence_below_minimum;coherence_margin_below_minimum;even_odd_disagreement_above_maximum;timing_spread_above_maximum;tone_deletion_shift_above_maximum,393118.245464,393321.958865,389626.164585,0
470384,explore,low_positive_margin,sha256:f751bbe5a13af4ba0481e6d434fc5a373c5a95a64c55aa0df8b80a86963ca601,0,102229069,40.8922964,0,0,391619.244156,392252.281226,0,exact_coherence_below_minimum;coherence_margin_below_minimum;even_odd_disagreement_above_maximum;timing_spread_above_maximum;tone_deletion_shift_above_maximum,392252.281226,392221.198927,392508.860064,0
470384,explore,low_positive_margin,sha256:f751bbe5a13af4ba0481e6d434fc5a373c5a95a64c55aa0df8b80a86963ca601,0,102232403,40.89363,0,0,391619.244156,393112.770838,0,exact_coherence_below_minimum;coherence_margin_below_minimum;even_odd_disagreement_above_maximum;timing_spread_above_maximum;half_frame_difference_above_maximum;tone_deletion_shift_above_maximum,393112.770838,392921.193299,393609.206632,0
470384,explore,low_positive_margin,sha256:f751bbe5a13af4ba0481e6d434fc5a373c5a95a64c55aa0df8b80a86963ca601,0,102235736,40.8949632,0,1,391619.244156,,0,refill_boundary_crossing,,,,0
470384,explore,low_positive_margin,sha256:f751bbe5a13af4ba0481e6d434fc5a373c5a95a64c55aa0df8b80a86963ca601,0,102239069,40.8962964,0,0,391619.244156,391363.755554,0,exact_coherence_below_minimum;coherence_margin_below_minimum;even_odd_disagreement_above_maximum;timing_spread_above_maximum;half_frame_difference_above_maximum;tone_deletion_shift_above_maximum,395410.517428,391361.384622,392524.158768,0
470384,explore,low_positive_margin,sha256:f751bbe5a13af4ba0481e6d434fc5a373c5a95a64c55aa0df8b80a86963ca601,0,102242403,40.89763,0,0,391619.244156,390354.080874,0,exact_coherence_below_minimum;even_odd_disagreement_above_maximum;timing_spread_above_maximum;tone_deletion_shift_above_maximum,390354.080874,390304.669356,389665.938339,0
470384,explore,low_positive_margin,sha256:f751bbe5a13af4ba0481e6d434fc5a373c5a95a64c55aa0df8b80a86963ca601,0,102245736,40.8989632,0,0,391619.244156,392820.828235,0,exact_coherence_below_minimum;coherence_margin_below_minimum;even_odd_disagreement_above_maximum;half_frame_difference_above_maximum;tone_deletion_shift_above_maximum,386724.795058,393476.369623,392835.547724,0
470384,explore,low_positive_margin,sha256:f751bbe5a13af4ba0481e6d434fc5a373c5a95a64c55aa0df8b80a86963ca601,0,102249069,40.9002964,0,0,391619.244156,391230.993295,0,exact_coherence_below_minimum;coherence_margin_below_minimum;even_odd_disagreement_above_maximum;timing_spread_above_maximum;half_frame_difference_above_maximum;tone_deletion_shift_above_maximum,397276.832065,390976.262354,393619.244156,0
470384,explore,middle_median_margin,sha256:f751bbe5a13af4ba0481e6d434fc5a373c5a95a64c55aa0df8b80a86963ca601,0,94814605,37.9265108,1,0,413891.127086,413888.010755,1,,413888.010755,413883.038656,413894.697816,1
470384,explore,middle_median_margin,sha256:f751bbe5a13af4ba0481e6d434fc5a373c5a95a64c55aa0df8b80a86963ca601,0,94817938,37.927844,1,0,413891.127086,413864.331612,1,,413864.331612,413875.260839,413852.88879,1
470384,explore,middle_median_margin,sha256:f751bbe5a13af4ba0481e6d434fc5a373c5a95a64c55aa0df8b80a86963ca601,0,94821272,37.9291776,1,0,413891.127086,413879.522419,1,,413879.522419,413861.447458,413902.10929,1
470384,explore,middle_median_margin,sha256:f751bbe5a13af4ba0481e6d434fc5a373c5a95a64c55aa0df8b80a86963ca601,0,94824605,37.9305108,1,0,413891.127086,413855.918389,1,,413855.918389,413844.10077,413873.236575,1
470384,explore,middle_median_margin,sha256:f751bbe5a13af4ba0481e6d434fc5a373c5a95a64c55aa0df8b80a86963ca601,0,94827938,37.931844,1,0,413891.127086,413854.222992,1,,413854.222992,413832.666513,413878.304211,1
470384,explore,middle_median_margin,sha256:f751bbe5a13af4ba0481e6d434fc5a373c5a95a64c55aa0df8b80a86963ca601,0,94831272,37.9331776,1,0,413891.127086,413845.196477,1,,413845.196477,413835.41459,413855.65451,1
470384,explore,middle_median_margin,sha256:f751bbe5a13af4ba0481e6d434fc5a373c5a95a64c55aa0df8b80a86963ca601,0,94834605,37.9345108,1,0,413891.127086,413858.427689,1,,413858.427689,413849.603312,413872.356983,1
470384,explore,middle_median_margin,sha256:f751bbe5a13af4ba0481e6d434fc5a373c5a95a64c55aa0df8b80a86963ca601,0,94837938,37.935844,1,0,413891.127086,413838.845964,1,,413838.845964,413841.52944,413842.623823,1
470384,explore,middle_median_margin,sha256:f751bbe5a13af4ba0481e6d434fc5a373c5a95a64c55aa0df8b80a86963ca601,0,94841272,37.9371776,1,0,413891.127086,413816.915023,1,,413816.915023,413841.401918,413797.044577,1
470384,explore,middle_median_margin,sha256:f751bbe5a13af4ba0481e6d434fc5a373c5a95a64c55aa0df8b80a86963ca601,0,94844605,37.9385108,1,0,413891.127086,413835.360813,1,,413835.360813,413843.754437,413835.841774,1
470384,explore,middle_median_margin,sha256:f751bbe5a13af4ba0481e6d434fc5a373c5a95a64c55aa0df8b80a86963ca601,0,94847938,37.939844,1,0,413891.127086,413829.625443,1,,413829.625443,413827.840524,413830.844586,1
470384,explore,middle_median_margin,sha256:f751bbe5a13af4ba0481e6d434fc5a373c5a95a64c55aa0df8b80a86963ca601,0,94851272,37.9411776,1,0,413891.127086,413817.377943,1,,413817.377943,413803.368267,413834.693486,1
470384,explore,middle_median_margin,sha256:f751bbe5a13af4ba0481e6d434fc5a373c5a95a64c55aa0df8b80a86963ca601,0,94854605,37.9425108,1,0,413891.127086,413803.481568,1,,413803.481568,413821.697973,413791.526498,1
470384,explore,middle_median_margin,sha256:f751bbe5a13af4ba0481e6d434fc5a373c5a95a64c55aa0df8b80a86963ca601,0,94857938,37.943844,1,0,413891.127086,413817.269419,1,,413817.269419,413810.995814,413820.658926,1
470384,explore,middle_median_margin,sha256:f751bbe5a13af4ba0481e6d434fc5a373c5a95a64c55aa0df8b80a86963ca601,0,94861272,37.9451776,1,0,413891.127086,413804.782706,1,,413804.782706,413797.589497,413822.078281,1
470384,explore,middle_median_margin,sha256:f751bbe5a13af4ba0481e6d434fc5a373c5a95a64c55aa0df8b80a86963ca601,0,94864605,37.9465108,1,0,413891.127086,413805.931603,1,,413805.931603,413790.610717,413816.717647,1
470384,explore,middle_median_margin,sha256:f751bbe5a13af4ba0481e6d434fc5a373c5a95a64c55aa0df8b80a86963ca601,0,94867938,37.947844,1,0,413891.127086,413806.44744,1,,413806.44744,413790.128661,413827.199592,1
470384,explore,middle_median_margin,sha256:f751bbe5a13af4ba0481e6d434fc5a373c5a95a64c55aa0df8b80a86963ca601,0,94871272,37.9491776,1,0,413891.127086,413775.890489,1,,413775.890489,413749.865877,413801.685847,1
470384,explore,middle_median_margin,sha256:f751bbe5a13af4ba0481e6d434fc5a373c5a95a64c55aa0df8b80a86963ca601,0,94874605,37.9505108,1,0,413891.127086,413778.450489,1,,413778.450489,413786.315056,413779.240515,1
470384,explore,middle_median_margin,sha256:f751bbe5a13af4ba0481e6d434fc5a373c5a95a64c55aa0df8b80a86963ca601,0,94877938,37.951844,1,0,413891.127086,413769.331725,1,,413769.331725,413759.092698,413777.760269,1
470384,explore,middle_median_margin,sha256:f751bbe5a13af4ba0481e6d434fc5a373c5a95a64c55aa0df8b80a86963ca601,0,94881272,37.9531776,1,0,413891.127086,413806.597576,1,,413806.597576,413792.054149,413816.41491,1
470384,explore,middle_median_margin,sha256:f751bbe5a13af4ba0481e6d434fc5a373c5a95a64c55aa0df8b80a86963ca601,0,94884605,37.9545108,1,0,413891.127086,413777.865437,1,,413777.865437,413788.490604,413767.482884,1
470384,explore,middle_median_margin,sha256:f751bbe5a13af4ba0481e6d434fc5a373c5a95a64c55aa0df8b80a86963ca601,0,94887938,37.955844,1,0,413891.127086,413774.66852,1,,413774.66852,413771.64226,413772.220299,1
470384,explore,middle_median_margin,sha256:f751bbe5a13af4ba0481e6d434fc5a373c5a95a64c55aa0df8b80a86963ca601,0,94891272,37.9571776,1,0,413891.127086,413764.093685,1,,413764.093685,413757.5946,413768.969756,1
470384,explore,middle_median_margin,sha256:f751bbe5a13af4ba0481e6d434fc5a373c5a95a64c55aa0df8b80a86963ca601,0,94894605,37.9585108,0,1,413891.127086,,0,refill_boundary_crossing,,,,0
470384,explore,middle_median_margin,sha256:f751bbe5a13af4ba0481e6d434fc5a373c5a95a64c55aa0df8b80a86963ca601,0,94897938,37.959844,1,0,413891.127086,413936.942127,0,exact_coherence_below_minimum;even_odd_disagreement_above_maximum;timing_spread_above_maximum;tone_deletion_shift_above_maximum,413936.942127,414632.398115,414210.489808,0
470384,explore,middle_median_margin,sha256:f751bbe5a13af4ba0481e6d434fc5a373c5a95a64c55aa0df8b80a86963ca601,0,94901272,37.9611776,1,0,413891.127086,413454.494916,0,exact_coherence_below_minimum;coherence_margin_below_minimum;even_odd_disagreement_above_maximum;timing_spread_above_maximum;tone_deletion_shift_above_maximum,410395.962536,414022.922413,413015.975965,0
470384,explore,middle_median_margin,sha256:f751bbe5a13af4ba0481e6d434fc5a373c5a95a64c55aa0df8b80a86963ca601,0,94904605,37.9625108,1,0,413891.127086,414086.758539,0,exact_coherence_below_minimum;even_odd_disagreement_above_maximum;timing_spread_above_maximum;half_frame_difference_above_maximum;tone_deletion_shift_above_maximum,408609.552772,414518.642243,415891.127086,0
470384,explore,middle_median_margin,sha256:f751bbe5a13af4ba0481e6d434fc5a373c5a95a64c55aa0df8b80a86963ca601,0,94907938,37.963844,1,0,413891.127086,413665.955428,0,exact_coherence_below_minimum;even_odd_disagreement_above_maximum;timing_spread_above_maximum;half_frame_difference_above_maximum;tone_deletion_shift_above_maximum,417681.221188,412535.008075,412200.193282,0
470384,explore,middle_median_margin,sha256:f751bbe5a13af4ba0481e6d434fc5a373c5a95a64c55aa0df8b80a86963ca601,0,94911272,37.9651776,1,0,413891.127086,414012.497104,0,exact_coherence_below_minimum;coherence_margin_below_minimum;even_odd_disagreement_above_maximum;timing_spread_above_maximum;tone_deletion_shift_above_maximum,408776.261135,414129.925902,414815.619297,0
470384,explore,middle_median_margin,sha256:f751bbe5a13af4ba0481e6d434fc5a373c5a95a64c55aa0df8b80a86963ca601,0,94914605,37.9665108,1,0,413891.127086,414442.421455,0,exact_coherence_below_minimum;even_odd_disagreement_above_maximum;timing_spread_above_maximum;half_frame_difference_above_maximum;tone_deletion_shift_above_maximum,407891.127086,414538.072919,414300.738853,0
470384,explore,middle_median_margin,sha256:f751bbe5a13af4ba0481e6d434fc5a373c5a95a64c55aa0df8b80a86963ca601,0,94917938,37.967844,1,0,413891.127086,412517.253547,0,exact_coherence_below_minimum;even_odd_disagreement_above_maximum;timing_spread_above_maximum;half_frame_difference_above_maximum;tone_deletion_shift_above_maximum,412517.253547,412662.491766,414806.703992,0
470384,explore,middle_median_margin,sha256:f751bbe5a13af4ba0481e6d434fc5a373c5a95a64c55aa0df8b80a86963ca601,0,94921272,37.9691776,1,0,413891.127086,415372.882518,0,exact_coherence_below_minimum;coherence_margin_below_minimum;even_odd_disagreement_above_maximum;timing_spread_above_maximum;half_frame_difference_above_maximum;tone_deletion_shift_above_maximum,408969.253556,412394.30984,415631.649337,0
470384,explore,middle_median_margin,sha256:f751bbe5a13af4ba0481e6d434fc5a373c5a95a64c55aa0df8b80a86963ca601,0,94924605,37.9705108,1,0,413891.127086,412043.068544,0,exact_coherence_below_minimum;even_odd_disagreement_above_maximum;timing_spread_above_maximum;half_frame_difference_above_maximum;tone_deletion_shift_above_maximum,412043.068544,413929.290572,411989.418739,0
470384,explore,middle_median_margin,sha256:f751bbe5a13af4ba0481e6d434fc5a373c5a95a64c55aa0df8b80a86963ca601,0,94927938,37.971844,1,0,413891.127086,415449.604652,0,exact_coherence_below_minimum;even_odd_disagreement_above_maximum;timing_spread_above_maximum;tone_deletion_shift_above_maximum,418265.171571,415844.529907,412676.823178,0
470384,explore,middle_median_margin,sha256:f751bbe5a13af4ba0481e6d434fc5a373c5a95a64c55aa0df8b80a86963ca601,0,94931272,37.9731776,1,0,413891.127086,411956.88936,0,exact_coherence_below_minimum;coherence_margin_below_minimum;even_odd_disagreement_above_maximum;timing_spread_above_maximum;half_frame_difference_above_maximum;tone_deletion_shift_above_maximum,411956.88936,415891.127086,413446.627261,0
470384,explore,middle_median_margin,sha256:f751bbe5a13af4ba0481e6d434fc5a373c5a95a64c55aa0df8b80a86963ca601,0,94934605,37.9745108,1,0,413891.127086,415607.149634,0,exact_coherence_below_minimum;even_odd_disagreement_above_maximum;timing_spread_above_maximum;half_frame_difference_above_maximum;tone_deletion_shift_above_maximum,408902.504719,415828.465625,415221.849691,0
470384,explore,middle_median_margin,sha256:f751bbe5a13af4ba0481e6d434fc5a373c5a95a64c55aa0df8b80a86963ca601,0,94937938,37.975844,1,0,413891.127086,414972.875949,0,exact_coherence_below_minimum;coherence_margin_below_minimum;even_odd_disagreement_above_maximum;timing_spread_above_maximum;half_frame_difference_above_maximum;tone_deletion_shift_above_maximum,409726.306858,414929.929797,412209.968959,0
470384,explore,middle_median_margin,sha256:f751bbe5a13af4ba0481e6d434fc5a373c5a95a64c55aa0df8b80a86963ca601,0,94941272,37.9771776,1,0,413891.127086,413023.484901,0,exact_coherence_below_minimum;coherence_margin_below_minimum;even_odd_disagreement_above_maximum;timing_spread_above_maximum;half_frame_difference_above_maximum;tone_deletion_shift_above_maximum,419258.011641,415891.127086,412119.010301,0
470384,explore,middle_median_margin,sha256:f751bbe5a13af4ba0481e6d434fc5a373c5a95a64c55aa0df8b80a86963ca601,0,94944605,37.9785108,1,0,413891.127086,411951.297242,0,exact_coherence_below_minimum;coherence_margin_below_minimum;even_odd_disagreement_above_maximum;timing_spread_above_maximum;tone_deletion_shift_above_maximum,411248.347267,412130.956605,413437.229781,0
470384,explore,middle_median_margin,sha256:f751bbe5a13af4ba0481e6d434fc5a373c5a95a64c55aa0df8b80a86963ca601,0,94947938,37.979844,1,0,413891.127086,415121.686289,0,exact_coherence_below_minimum;coherence_margin_below_minimum;even_odd_disagreement_above_maximum;timing_spread_above_maximum;half_frame_difference_above_maximum,415121.686289,415296.574804,411916.55488,0
470384,explore,middle_median_margin,sha256:f751bbe5a13af4ba0481e6d434fc5a373c5a95a64c55aa0df8b80a86963ca601,0,94951272,37.9811776,1,0,413891.127086,412786.884936,0,exact_coherence_below_minimum;even_odd_disagreement_above_maximum;timing_spread_above_maximum;half_frame_difference_above_maximum;tone_deletion_shift_above_maximum,419891.127086,413616.375293,412729.058965,0
470384,explore,middle_median_margin,sha256:f751bbe5a13af4ba0481e6d434fc5a373c5a95a64c55aa0df8b80a86963ca601,0,94954605,37.9825108,1,0,413891.127086,412806.995163,0,exact_coherence_below_minimum;coherence_margin_below_minimum;even_odd_disagreement_above_maximum;timing_spread_above_maximum;half_frame_difference_above_maximum;tone_deletion_shift_above_maximum,418137.205521,413213.442785,412768.357077,0
470384,explore,middle_median_margin,sha256:f751bbe5a13af4ba0481e6d434fc5a373c5a95a64c55aa0df8b80a86963ca601,0,94957938,37.983844,1,0,413891.127086,413737.61366,0,exact_coherence_below_minimum;even_odd_disagreement_above_maximum;timing_spread_above_maximum;half_frame_difference_above_maximum;tone_deletion_shift_above_maximum,413737.61366,415015.036815,413624.363442,0
470384,explore,middle_median_margin,sha256:f751bbe5a13af4ba0481e6d434fc5a373c5a95a64c55aa0df8b80a86963ca601,0,94961272,37.9851776,1,0,413891.127086,414203.664272,0,exact_coherence_below_minimum;even_odd_disagreement_above_maximum;timing_spread_above_maximum;half_frame_difference_above_maximum;tone_deletion_shift_above_maximum,419559.700214,414177.350551,412373.443907,0
470384,explore,middle_median_margin,sha256:f751bbe5a13af4ba0481e6d434fc5a373c5a95a64c55aa0df8b80a86963ca601,0,94964605,37.9865108,1,0,413891.127086,415891.127086,0,exact_coherence_below_minimum;coherence_margin_below_minimum;even_odd_disagreement_above_maximum;timing_spread_above_maximum;half_frame_difference_above_maximum;tone_deletion_shift_above_maximum;search_boundary,408962.314648,415466.37861,413359.528277,0
470384,explore,middle_median_margin,sha256:f751bbe5a13af4ba0481e6d434fc5a373c5a95a64c55aa0df8b80a86963ca601,0,94967938,37.987844,1,0,413891.127086,415571.708657,0,exact_coherence_below_minimum;even_odd_disagreement_above_maximum;half_frame_difference_above_maximum;tone_deletion_shift_above_maximum,418874.637299,415655.047407,413694.76875,0
470384,explore,middle_median_margin,sha256:f751bbe5a13af4ba0481e6d434fc5a373c5a95a64c55aa0df8b80a86963ca601,0,94971272,37.9891776,1,0,413891.127086,415704.283881,0,exact_coherence_below_minimum;timing_spread_above_maximum;half_frame_difference_above_maximum;tone_deletion_shift_above_maximum,415704.283881,415821.282893,415891.127086,0
470384,explore,middle_median_margin,sha256:f751bbe5a13af4ba0481e6d434fc5a373c5a95a64c55aa0df8b80a86963ca601,0,94974605,37.9905108,1,0,413891.127086,415891.127086,0,exact_coherence_below_minimum;coherence_margin_below_minimum;even_odd_disagreement_above_maximum;timing_spread_above_maximum;half_frame_difference_above_maximum;tone_deletion_shift_above_maximum;search_boundary,415968.820393,415759.635377,413885.936739,0
470384,explore,middle_median_margin,sha256:f751bbe5a13af4ba0481e6d434fc5a373c5a95a64c55aa0df8b80a86963ca601,0,94977938,37.991844,1,0,413891.127086,415299.767494,0,exact_coherence_below_minimum;even_odd_disagreement_above_maximum;timing_spread_above_maximum;tone_deletion_shift_above_maximum,408672.314868,415105.588511,415346.544432,0
470384,explore,middle_median_margin,sha256:f751bbe5a13af4ba0481e6d434fc5a373c5a95a64c55aa0df8b80a86963ca601,0,94981272,37.9931776,1,0,413891.127086,415891.127086,0,exact_coherence_below_minimum;coherence_margin_below_minimum;even_odd_disagreement_above_maximum;timing_spread_above_maximum;tone_deletion_shift_above_maximum;search_boundary,409140.697606,413826.874522,415392.7721,0
470384,explore,middle_median_margin,sha256:f751bbe5a13af4ba0481e6d434fc5a373c5a95a64c55aa0df8b80a86963ca601,0,94984605,37.9945108,1,0,413891.127086,415891.127086,0,exact_coherence_below_minimum;coherence_margin_below_minimum;timing_spread_above_maximum;half_frame_difference_above_maximum;tone_deletion_shift_above_maximum;search_boundary,410563.097629,415891.127086,415891.127086,0
470384,explore,middle_median_margin,sha256:f751bbe5a13af4ba0481e6d434fc5a373c5a95a64c55aa0df8b80a86963ca601,0,94987938,37.995844,1,0,413891.127086,413626.437716,0,exact_coherence_below_minimum;even_odd_disagreement_above_maximum;timing_spread_above_maximum;half_frame_difference_above_maximum;tone_deletion_shift_above_maximum,407891.127086,415545.800109,412067.64692,0
470384,explore,middle_median_margin,sha256:f751bbe5a13af4ba0481e6d434fc5a373c5a95a64c55aa0df8b80a86963ca601,0,94991272,37.9971776,1,0,413891.127086,412287.933594,0,exact_coherence_below_minimum;even_odd_disagreement_above_maximum;timing_spread_above_maximum;half_frame_difference_above_maximum;tone_deletion_shift_above_maximum,416891.688156,414939.826526,412085.85992,0
470384,explore,middle_median_margin,sha256:f751bbe5a13af4ba0481e6d434fc5a373c5a95a64c55aa0df8b80a86963ca601,0,94994605,37.9985108,1,0,413891.127086,412557.938196,0,exact_coherence_below_minimum;coherence_margin_below_minimum;even_odd_disagreement_above_maximum;timing_spread_above_maximum;half_frame_difference_above_maximum;tone_deletion_shift_above_maximum,411079.103582,415189.500494,415730.187836,0
470384,explore,middle_median_margin,sha256:f751bbe5a13af4ba0481e6d434fc5a373c5a95a64c55aa0df8b80a86963ca601,0,94997938,37.999844,1,0,413891.127086,415027.118789,0,exact_coherence_below_minimum;even_odd_disagreement_above_maximum;timing_spread_above_maximum,417129.175353,414197.613474,415109.849194,0
470384,explore,refill_boundary,sha256:f751bbe5a13af4ba0481e6d434fc5a373c5a95a64c55aa0df8b80a86963ca601,0,93753311,37.5019932,0,0,416777.56177,416739.685356,1,,416739.685356,416741.150465,416743.112867,1
470384,explore,refill_boundary,sha256:f751bbe5a13af4ba0481e6d434fc5a373c5a95a64c55aa0df8b80a86963ca601,0,93756644,37.5033264,0,0,416777.56177,416717.376149,1,,416717.376149,416703.893354,416726.530038,1
470384,explore,refill_boundary,sha256:f751bbe5a13af4ba0481e6d434fc5a373c5a95a64c55aa0df8b80a86963ca601,0,93759978,37.50466,0,0,416777.56177,416700.744416,1,,416700.744416,416690.513555,416707.480598,1
470384,explore,refill_boundary,sha256:f751bbe5a13af4ba0481e6d434fc5a373c5a95a64c55aa0df8b80a86963ca601,0,93763311,37.5059932,0,0,416777.56177,416692.372686,1,,416692.372686,416655.58703,416724.409364,1
470384,explore,refill_boundary,sha256:f751bbe5a13af4ba0481e6d434fc5a373c5a95a64c55aa0df8b80a86963ca601,0,93766644,37.5073264,0,0,416777.56177,416699.728045,1,,416699.728045,416692.622703,416699.039266,1
470384,explore,refill_boundary,sha256:f751bbe5a13af4ba0481e6d434fc5a373c5a95a64c55aa0df8b80a86963ca601,0,93769978,37.50866,0,0,416777.56177,416656.188011,1,,416656.188011,416669.549118,416642.255237,1
470384,explore,refill_boundary,sha256:f751bbe5a13af4ba0481e6d434fc5a373c5a95a64c55aa0df8b80a86963ca601,0,93773311,37.5099932,0,0,416777.56177,416689.066251,1,,416689.066251,416704.02745,416678.017722,1
470384,explore,refill_boundary,sha256:f751bbe5a13af4ba0481e6d434fc5a373c5a95a64c55aa0df8b80a86963ca601,0,93776644,37.5113264,0,0,416777.56177,416667.6793,1,,416667.6793,416652.007681,416681.714098,1
470384,explore,refill_boundary,sha256:f751bbe5a13af4ba0481e6d434fc5a373c5a95a64c55aa0df8b80a86963ca601,0,93779978,37.51266,0,0,416777.56177,416677.972549,1,,416677.972549,416671.71582,416686.774412,1
470384,explore,refill_boundary,sha256:f751bbe5a13af4ba0481e6d434fc5a373c5a95a64c55aa0df8b80a86963ca601,0,93783311,37.5139932,0,0,416777.56177,416657.710542,1,,416657.710542,416640.950338,416675.134979,1
470384,explore,refill_boundary,sha256:f751bbe5a13af4ba0481e6d434fc5a373c5a95a64c55aa0df8b80a86963ca601,0,93786644,37.5153264,0,0,416777.56177,416694.778823,1,,416694.778823,416670.82518,416720.92539,1
470384,explore,refill_boundary,sha256:f751bbe5a13af4ba0481e6d434fc5a373c5a95a64c55aa0df8b80a86963ca601,0,93789978,37.51666,0,0,416777.56177,416647.367206,1,,416647.367206,416646.13495,416651.624027,1
470384,explore,refill_boundary,sha256:f751bbe5a13af4ba0481e6d434fc5a373c5a95a64c55aa0df8b80a86963ca601,0,93793311,37.5179932,0,0,416777.56177,416643.25318,1,,416643.25318,416656.36439,416629.830117,1
470384,explore,refill_boundary,sha256:f751bbe5a13af4ba0481e6d434fc5a373c5a95a64c55aa0df8b80a86963ca601,0,93796644,37.5193264,0,0,416777.56177,416649.981764,1,,416649.981764,416644.818676,416652.546281,1
470384,explore,refill_boundary,sha256:f751bbe5a13af4ba0481e6d434fc5a373c5a95a64c55aa0df8b80a86963ca601,0,93799978,37.52066,0,0,416777.56177,416632.02406,1,,416632.02406,416636.427598,416636.750764,1
470384,explore,refill_boundary,sha256:f751bbe5a13af4ba0481e6d434fc5a373c5a95a64c55aa0df8b80a86963ca601,0,93803311,37.5219932,0,0,416777.56177,416645.045052,1,,416645.045052,416637.814727,416658.272509,1
470384,explore,refill_boundary,sha256:f751bbe5a13af4ba0481e6d434fc5a373c5a95a64c55aa0df8b80a86963ca601,0,93806644,37.5233264,0,0,416777.56177,416631.350506,1,,416631.350506,416650.903289,416614.371474,1
470384,explore,refill_boundary,sha256:f751bbe5a13af4ba0481e6d434fc5a373c5a95a64c55aa0df8b80a86963ca601,0,93809978,37.52466,0,0,416777.56177,416605.19196,1,,416605.19196,416618.680863,416595.634479,1
470384,explore,refill_boundary,sha256:f751bbe5a13af4ba0481e6d434fc5a373c5a95a64c55aa0df8b80a86963ca601,0,93813311,37.5259932,0,0,416777.56177,416634.787013,1,,416634.787013,416639.596737,416626.482438,1
470384,explore,refill_boundary,sha256:f751bbe5a13af4ba0481e6d434fc5a373c5a95a64c55aa0df8b80a86963ca601,0,93816644,37.5273264,0,0,416777.56177,416586.987316,1,,416586.987316,416590.1092,416587.220057,1
470384,explore,refill_boundary,sha256:f751bbe5a13af4ba0481e6d434fc5a373c5a95a64c55aa0df8b80a86963ca601,0,93819978,37.52866,0,0,416777.56177,416619.998389,1,,416619.998389,416594.544933,416647.817033,1
470384,explore,refill_boundary,sha256:f751bbe5a13af4ba0481e6d434fc5a373c5a95a64c55aa0df8b80a86963ca601,0,93823311,37.5299932,0,0,416777.56177,416603.531962,1,,416603.531962,416608.936096,416602.32062,1
470384,explore,refill_boundary,sha256:f751bbe5a13af4ba0481e6d434fc5a373c5a95a64c55aa0df8b80a86963ca601,0,93826644,37.5313264,0,0,416777.56177,416592.51242,1,,416592.51242,416599.758384,416576.347634,1
470384,explore,refill_boundary,sha256:f751bbe5a13af4ba0481e6d434fc5a373c5a95a64c55aa0df8b80a86963ca601,0,93829978,37.53266,0,0,416777.56177,416596.686304,1,,416596.686304,416609.007827,416588.579981,1
470384,explore,refill_boundary,sha256:f751bbe5a13af4ba0481e6d434fc5a373c5a95a64c55aa0df8b80a86963ca601,0,93833311,37.5339932,0,0,416777.56177,416615.530168,1,,416615.530168,416625.713186,416608.784131,1
470384,explore,refill_boundary,sha256:f751bbe5a13af4ba0481e6d434fc5a373c5a95a64c55aa0df8b80a86963ca601,0,93836644,37.5353264,0,0,416777.56177,416600.410195,1,,416600.410195,416602.314849,416596.778098,1
470384,explore,refill_boundary,sha256:f751bbe5a13af4ba0481e6d434fc5a373c5a95a64c55aa0df8b80a86963ca601,0,93839978,37.53666,0,0,416777.56177,416575.374739,1,,416575.374739,416579.746428,416573.763195,1
470384,explore,refill_boundary,sha256:f751bbe5a13af4ba0481e6d434fc5a373c5a95a64c55aa0df8b80a86963ca601,0,93843311,37.5379932,0,0,416777.56177,416594.115093,1,,416594.115093,416624.004444,416563.203527,1
470384,explore,refill_boundary,sha256:f751bbe5a13af4ba0481e6d434fc5a373c5a95a64c55aa0df8b80a86963ca601,0,93846644,37.5393264,0,1,416777.56177,,0,refill_boundary_crossing,,,,0
470384,explore,refill_boundary,sha256:f751bbe5a13af4ba0481e6d434fc5a373c5a95a64c55aa0df8b80a86963ca601,0,93849978,37.54066,0,0,416777.56177,416783.071633,0,exact_coherence_below_minimum;coherence_margin_below_minimum;even_odd_disagreement_above_maximum;timing_spread_above_maximum;half_frame_difference_above_maximum;tone_deletion_shift_above_maximum,416783.071633,415256.968013,416873.797203,0
470384,explore,refill_boundary,sha256:f751bbe5a13af4ba0481e6d434fc5a373c5a95a64c55aa0df8b80a86963ca601,0,93853311,37.5419932,0,0,416777.56177,418501.390513,0,exact_coherence_below_minimum;even_odd_disagreement_above_maximum;timing_spread_above_maximum;half_frame_difference_above_maximum;tone_deletion_shift_above_maximum,418501.390513,418499.378326,418260.353216,0
470384,explore,refill_boundary,sha256:f751bbe5a13af4ba0481e6d434fc5a373c5a95a64c55aa0df8b80a86963ca601,0,93856644,37.5433264,0,0,416777.56177,416638.548379,0,exact_coherence_below_minimum;coherence_margin_below_minimum;even_odd_disagreement_above_maximum;half_frame_difference_above_maximum;tone_deletion_shift_above_maximum,422306.377969,417340.131504,414777.56177,0
470384,explore,refill_boundary,sha256:f751bbe5a13af4ba0481e6d434fc5a373c5a95a64c55aa0df8b80a86963ca601,0,93859978,37.54466,0,0,416777.56177,416181.066137,0,exact_coherence_below_minimum;coherence_margin_below_minimum;even_odd_disagreement_above_maximum;timing_spread_above_maximum;half_frame_difference_above_maximum;tone_deletion_shift_above_maximum,416181.066137,416184.394323,415781.818965,0
470384,explore,refill_boundary,sha256:f751bbe5a13af4ba0481e6d434fc5a373c5a95a64c55aa0df8b80a86963ca601,0,93863311,37.5459932,0,0,416777.56177,414852.619139,0,exact_coherence_below_minimum;even_odd_disagreement_above_maximum;timing_spread_above_maximum;half_frame_difference_above_maximum;tone_deletion_shift_above_maximum,414852.619139,418777.56177,414985.669032,0
470384,explore,refill_boundary,sha256:f751bbe5a13af4ba0481e6d434fc5a373c5a95a64c55aa0df8b80a86963ca601,0,93866644,37.5473264,0,0,416777.56177,416449.950642,0,exact_coherence_below_minimum;coherence_margin_below_minimum;even_odd_disagreement_above_maximum;timing_spread_above_maximum;half_frame_difference_above_maximum;tone_deletion_shift_above_maximum,421688.306087,417145.51582,418629.116308,0
470384,explore,refill_boundary,sha256:f751bbe5a13af4ba0481e6d434fc5a373c5a95a64c55aa0df8b80a86963ca601,0,93869978,37.54866,0,0,416777.56177,415147.591796,0,exact_coherence_below_minimum;coherence_margin_below_minimum;even_odd_disagreement_above_maximum;half_frame_difference_above_maximum;tone_deletion_shift_above_maximum,415147.591796,415120.070073,416769.257349,0
470384,explore,refill_boundary,sha256:f751bbe5a13af4ba0481e6d434fc5a373c5a95a64c55aa0df8b80a86963ca601,0,93873311,37.5499932,0,0,416777.56177,418777.56177,0,exact_coherence_below_minimum;coherence_margin_below_minimum;even_odd_disagreement_above_maximum;half_frame_difference_above_maximum;tone_deletion_shift_above_maximum;search_boundary,421365.087399,418777.56177,415479.332402,0
470384,explore,refill_boundary,sha256:f751bbe5a13af4ba0481e6d434fc5a373c5a95a64c55aa0df8b80a86963ca601,0,93876644,37.5513264,0,0,416777.56177,417383.603258,0,exact_coherence_below_minimum;coherence_margin_below_minimum;even_odd_disagreement_above_maximum;timing_spread_above_maximum;tone_deletion_shift_above_maximum,420395.187942,416497.881658,414777.56177,0
470384,explore,refill_boundary,sha256:f751bbe5a13af4ba0481e6d434fc5a373c5a95a64c55aa0df8b80a86963ca601,0,93879978,37.55266,0,0,416777.56177,417124.951728,0,exact_coherence_below_minimum;even_odd_disagreement_above_maximum;half_frame_difference_above_maximum;tone_deletion_shift_above_maximum,417124.951728,417074.672156,415852.744987,0
470384,explore,refill_boundary,sha256:f751bbe5a13af4ba0481e6d434fc5a373c5a95a64c55aa0df8b80a86963ca601,0,93883311,37.5539932,0,0,416777.56177,418099.095103,0,exact_coherence_below_minimum;coherence_margin_below_minimum;even_odd_disagreement_above_maximum;timing_spread_above_maximum;half_frame_difference_above_maximum;tone_deletion_shift_above_maximum,418099.095103,416463.611524,418271.318031,0
470384,explore,refill_boundary,sha256:f751bbe5a13af4ba0481e6d434fc5a373c5a95a64c55aa0df8b80a86963ca601,0,93886644,37.5553264,0,0,416777.56177,415669.756997,0,exact_coherence_below_minimum;even_odd_disagreement_above_maximum;half_frame_difference_above_maximum;tone_deletion_shift_above_maximum,421053.586637,418754.44178,415544.530678,0
470384,explore,refill_boundary,sha256:f751bbe5a13af4ba0481e6d434fc5a373c5a95a64c55aa0df8b80a86963ca601,0,93889978,37.55666,0,0,416777.56177,416598.66243,0,exact_coherence_below_minimum;even_odd_disagreement_above_maximum;timing_spread_above_maximum;tone_deletion_shift_above_maximum,416598.66243,416562.866073,414880.385084,0
470384,explore,refill_boundary,sha256:f751bbe5a13af4ba0481e6d434fc5a373c5a95a64c55aa0df8b80a86963ca601,0,93893311,37.5579932,0,0,416777.56177,416688.99278,0,exact_coherence_below_minimum;even_odd_disagreement_above_maximum;half_frame_difference_above_maximum;tone_deletion_shift_above_maximum,411264.492966,417021.800375,414825.006133,0
470384,explore,refill_boundary,sha256:f751bbe5a13af4ba0481e6d434fc5a373c5a95a64c55aa0df8b80a86963ca601,0,93896644,37.5593264,0,0,416777.56177,417177.793995,0,exact_coherence_below_minimum;coherence_margin_below_minimum;even_odd_disagreement_above_maximum;timing_spread_above_maximum;half_frame_difference_above_maximum;tone_deletion_shift_above_maximum,410777.56177,415697.361393,416348.17375,0
470384,explore,refill_boundary,sha256:f751bbe5a13af4ba0481e6d434fc5a373c5a95a64c55aa0df8b80a86963ca601,0,93899978,37.56066,0,0,416777.56177,416837.705033,0,exact_coherence_below_minimum;coherence_margin_below_minimum;even_odd_disagreement_above_maximum;timing_spread_above_maximum;tone_deletion_shift_above_maximum,422511.138616,416928.794336,415863.514553,0
470384,explore,refill_boundary,sha256:f751bbe5a13af4ba0481e6d434fc5a373c5a95a64c55aa0df8b80a86963ca601,0,93903311,37.5619932,0,0,416777.56177,415569.033676,0,exact_coherence_below_minimum;even_odd_disagreement_above_maximum;timing_spread_above_maximum;half_frame_difference_above_maximum;tone_deletion_shift_above_maximum,412814.367582,415336.189407,415771.698107,0
470384,explore,refill_boundary,sha256:f751bbe5a13af4ba0481e6d434fc5a373c5a95a64c55aa0df8b80a86963ca601,0,93906644,37.5633264,0,0,416777.56177,418432.362301,0,exact_coherence_below_minimum;coherence_margin_below_minimum;even_odd_disagreement_above_maximum;timing_spread_above_maximum;half_frame_difference_above_maximum,413242.105896,418301.801719,414934.094025,0
470384,explore,refill_boundary,sha256:f751bbe5a13af4ba0481e6d434fc5a373c5a95a64c55aa0df8b80a86963ca601,0,93909978,37.56466,0,0,416777.56177,417887.860081,0,exact_coherence_below_minimum;coherence_margin_below_minimum;even_odd_disagreement_above_maximum;timing_spread_above_maximum;tone_deletion_shift_above_maximum,417887.860081,417468.196514,418062.528722,0
470384,explore,refill_boundary,sha256:f751bbe5a13af4ba0481e6d434fc5a373c5a95a64c55aa0df8b80a86963ca601,0,93913311,37.5659932,0,0,416777.56177,416846.52603,0,exact_coherence_below_minimum;coherence_margin_below_minimum;even_odd_disagreement_above_maximum;timing_spread_above_maximum;tone_deletion_shift_above_maximum,422777.56177,417235.885487,418609.526484,0
470384,explore,refill_boundary,sha256:f751bbe5a13af4ba0481e6d434fc5a373c5a95a64c55aa0df8b80a86963ca601,0,93916644,37.5673264,0,0,416777.56177,415466.255448,0,exact_coherence_below_minimum;coherence_margin_below_minimum;even_odd_disagreement_above_maximum;timing_spread_above_maximum;half_frame_difference_above_maximum;tone_deletion_shift_above_maximum,420532.233941,418777.56177,415398.794189,0
470384,explore,refill_boundary,sha256:f751bbe5a13af4ba0481e6d434fc5a373c5a95a64c55aa0df8b80a86963ca601,0,93919978,37.56866,0,0,416777.56177,417265.814603,0,exact_coherence_below_minimum;coherence_margin_below_minimum;even_odd_disagreement_above_maximum;timing_spread_above_maximum;half_frame_difference_above_maximum;tone_deletion_shift_above_maximum,414471.082293,417135.251414,414777.56177,0
470384,explore,refill_boundary,sha256:f751bbe5a13af4ba0481e6d434fc5a373c5a95a64c55aa0df8b80a86963ca601,0,93923311,37.5699932,0,0,416777.56177,416699.513106,0,exact_coherence_below_minimum;coherence_margin_below_minimum;even_odd_disagreement_above_maximum;timing_spread_above_maximum;half_frame_difference_above_maximum;tone_deletion_shift_above_maximum,416699.513106,418622.325202,416340.839188,0
470384,explore,refill_boundary,sha256:f751bbe5a13af4ba0481e6d434fc5a373c5a95a64c55aa0df8b80a86963ca601,0,93926644,37.5713264,0,0,416777.56177,416527.472767,0,exact_coherence_below_minimum;even_odd_disagreement_above_maximum;timing_spread_above_maximum;tone_deletion_shift_above_maximum,416527.472767,416447.79245,415511.256286,0
470384,explore,refill_boundary,sha256:f751bbe5a13af4ba0481e6d434fc5a373c5a95a64c55aa0df8b80a86963ca601,0,93929978,37.57266,0,0,416777.56177,417818.362276,0,exact_coherence_below_minimum;even_odd_disagreement_above_maximum;timing_spread_above_maximum;half_frame_difference_above_maximum;tone_deletion_shift_above_maximum,417818.362276,418495.657067,417718.292037,0
470384,explore,refill_boundary,sha256:f751bbe5a13af4ba0481e6d434fc5a373c5a95a64c55aa0df8b80a86963ca601,0,93933311,37.5739932,0,0,416777.56177,416665.376958,0,exact_coherence_below_minimum;even_odd_disagreement_above_maximum;timing_spread_above_maximum;half_frame_difference_above_maximum;tone_deletion_shift_above_maximum,420274.806275,418410.030624,418674.899536,0
470384,explore,refill_boundary,sha256:f751bbe5a13af4ba0481e6d434fc5a373c5a95a64c55aa0df8b80a86963ca601,0,93936644,37.5753264,0,0,416777.56177,418723.089223,0,exact_coherence_below_minimum;coherence_margin_below_minimum;even_odd_disagreement_above_maximum;timing_spread_above_maximum;half_frame_difference_above_maximum;tone_deletion_shift_above_maximum,421054.237858,418338.668661,416545.689727,0
T01,explore,early_median_margin,sha256:6ae9ef2b5aa90b3bbb9802217448db5fc8fb2677ee31d8948bd28dd1ba6dd09c,-1,35751810,14.3013928,1,0,-268258.378456,-268210.036222,0,exact_coherence_below_minimum;even_odd_disagreement_above_maximum;timing_spread_above_maximum;half_frame_difference_above_maximum,-268210.036222,-268233.834806,-267903.940841,0
T01,explore,early_median_margin,sha256:6ae9ef2b5aa90b3bbb9802217448db5fc8fb2677ee31d8948bd28dd1ba6dd09c,-1,35755143,14.302726,1,0,-268258.378456,-268163.353682,0,exact_coherence_below_minimum;even_odd_disagreement_above_maximum;tone_deletion_shift_above_maximum,-268163.353682,-268189.036355,-267945.769015,0
T01,explore,early_median_margin,sha256:6ae9ef2b5aa90b3bbb9802217448db5fc8fb2677ee31d8948bd28dd1ba6dd09c,-1,35758477,14.3040596,1,0,-268258.378456,-268188.298911,0,exact_coherence_below_minimum;even_odd_disagreement_above_maximum;timing_spread_above_maximum;tone_deletion_shift_above_maximum,-268188.298911,-268097.558728,-268342.471878,0
T01,explore,early_median_margin,sha256:6ae9ef2b5aa90b3bbb9802217448db5fc8fb2677ee31d8948bd28dd1ba6dd09c,-1,35761810,14.3053928,1,0,-268258.378456,-268113.367526,0,exact_coherence_below_minimum;even_odd_disagreement_above_maximum;timing_spread_above_maximum,-268113.367526,-267168.803619,-267980.733299,0
T01,explore,early_median_margin,sha256:6ae9ef2b5aa90b3bbb9802217448db5fc8fb2677ee31d8948bd28dd1ba6dd09c,-1,35765143,14.306726,1,0,-268258.378456,-268274.183609,0,exact_coherence_below_minimum;even_odd_disagreement_above_maximum;timing_spread_above_maximum;tone_deletion_shift_above_maximum,-268274.183609,-268100.564629,-268369.503689,1
T01,explore,early_median_margin,sha256:6ae9ef2b5aa90b3bbb9802217448db5fc8fb2677ee31d8948bd28dd1ba6dd09c,-1,35768477,14.3080596,1,0,-268258.378456,-268321.366519,0,exact_coherence_below_minimum;even_odd_disagreement_above_maximum,-268321.366519,-268122.515357,-268392.301376,0
T01,explore,early_median_margin,sha256:6ae9ef2b5aa90b3bbb9802217448db5fc8fb2677ee31d8948bd28dd1ba6dd09c,-1,35771810,14.3093928,1,0,-268258.378456,-267981.932022,0,exact_coherence_below_minimum;coherence_margin_below_minimum;even_odd_disagreement_above_maximum;timing_spread_above_maximum;tone_deletion_shift_above_maximum,-263382.903179,-268133.164824,-269244.943391,0
T01,explore,early_median_margin,sha256:6ae9ef2b5aa90b3bbb9802217448db5fc8fb2677ee31d8948bd28dd1ba6dd09c,-1,35775143,14.310726,1,0,-268258.378456,-268409.323715,0,exact_coherence_below_minimum;timing_spread_above_maximum,-268409.323715,-268359.305564,-268353.317556,0
T01,explore,early_median_margin,sha256:6ae9ef2b5aa90b3bbb9802217448db5fc8fb2677ee31d8948bd28dd1ba6dd09c,-1,35778477,14.3120596,1,0,-268258.378456,-268341.104353,0,exact_coherence_below_minimum;even_odd_disagreement_above_maximum,-268341.104353,-268263.579876,-268423.935022,0
T01,explore,early_median_margin,sha256:6ae9ef2b5aa90b3bbb9802217448db5fc8fb2677ee31d8948bd28dd1ba6dd09c,-1,35781810,14.3133928,1,0,-268258.378456,-268277.122837,0,exact_coherence_below_minimum;even_odd_disagreement_above_maximum;timing_spread_above_maximum;half_frame_difference_above_maximum;tone_deletion_shift_above_maximum,-268277.122837,-267118.210534,-268263.835278,0
T01,explore,early_median_margin,sha256:6ae9ef2b5aa90b3bbb9802217448db5fc8fb2677ee31d8948bd28dd1ba6dd09c,-1,35785143,14.314726,1,0,-268258.378456,-268350.527307,0,exact_coherence_below_minimum,-268350.527307,-268357.145204,-268434.323839,0
T01,explore,early_median_margin,sha256:6ae9ef2b5aa90b3bbb9802217448db5fc8fb2677ee31d8948bd28dd1ba6dd09c,-1,35788477,14.3160596,1,0,-268258.378456,-268366.666313,0,exact_coherence_below_minimum;even_odd_disagreement_above_maximum;timing_spread_above_maximum,-268366.666313,-268242.635911,-270232.16742,1
T01,explore,early_median_margin,sha256:6ae9ef2b5aa90b3bbb9802217448db5fc8fb2677ee31d8948bd28dd1ba6dd09c,-1,35791810,14.3173928,1,0,-268258.378456,-268186.222667,0,exact_coherence_below_minimum;half_frame_difference_above_maximum,-268186.222667,-268224.019374,-268223.096707,0
T01,explore,early_median_margin,sha256:6ae9ef2b5aa90b3bbb9802217448db5fc8fb2677ee31d8948bd28dd1ba6dd09c,-1,35795143,14.318726,1,0,-268258.378456,-268183.456543,0,exact_coherence_below_minimum;even_odd_disagreement_above_maximum;timing_spread_above_maximum;tone_deletion_shift_above_maximum,-268183.456543,-268241.186017,-266763.899163,0
T01,explore,early_median_margin,sha256:6ae9ef2b5aa90b3bbb9802217448db5fc8fb2677ee31d8948bd28dd1ba6dd09c,-1,35798477,14.3200596,1,0,-268258.378456,-268300.174886,0,exact_coherence_below_minimum;even_odd_disagreement_above_maximum;half_frame_difference_above_maximum,-268300.174886,-268323.423813,-268216.656823,0
T01,explore,early_median_margin,sha256:6ae9ef2b5aa90b3bbb9802217448db5fc8fb2677ee31d8948bd28dd1ba6dd09c,-1,35801810,14.3213928,1,0,-268258.378456,-268386.797458,0,exact_coherence_below_minimum;even_odd_disagreement_above_maximum;tone_deletion_shift_above_maximum,-268386.797458,-268364.593142,-266276.990515,0
T01,explore,early_median_margin,sha256:6ae9ef2b5aa90b3bbb9802217448db5fc8fb2677ee31d8948bd28dd1ba6dd09c,-1,35805143,14.322726,1,0,-268258.378456,-268277.535217,0,exact_coherence_below_minimum;even_odd_disagreement_above_maximum;tone_deletion_shift_above_maximum,-268277.535217,-268368.412776,-268482.499661,0
T01,explore,early_median_margin,sha256:6ae9ef2b5aa90b3bbb9802217448db5fc8fb2677ee31d8948bd28dd1ba6dd09c,-1,35808477,14.3240596,1,0,-268258.378456,-268393.799827,0,exact_coherence_below_minimum;even_odd_disagreement_above_maximum;timing_spread_above_maximum;half_frame_difference_above_maximum,-268393.799827,-268399.304403,-267388.898825,0
T01,explore,early_median_margin,sha256:6ae9ef2b5aa90b3bbb9802217448db5fc8fb2677ee31d8948bd28dd1ba6dd09c,-1,35811810,14.3253928,1,0,-268258.378456,-268240.000889,0,exact_coherence_below_minimum;even_odd_disagreement_above_maximum,-268240.000889,-268207.056165,-269920.017405,0
T01,explore,early_median_margin,sha256:6ae9ef2b5aa90b3bbb9802217448db5fc8fb2677ee31d8948bd28dd1ba6dd09c,-1,35815143,14.326726,1,0,-268258.378456,-268357.687725,0,exact_coherence_below_minimum;even_odd_disagreement_above_maximum;timing_spread_above_maximum;tone_deletion_shift_above_maximum,-268357.687725,-266430.80866,-268269.011022,0
T01,explore,early_median_margin,sha256:6ae9ef2b5aa90b3bbb9802217448db5fc8fb2677ee31d8948bd28dd1ba6dd09c,-1,35818477,14.3280596,1,0,-268258.378456,-268173.735681,0,exact_coherence_below_minimum;timing_spread_above_maximum,-268173.735681,-268192.773495,-268248.619022,0
T01,explore,early_median_margin,sha256:6ae9ef2b5aa90b3bbb9802217448db5fc8fb2677ee31d8948bd28dd1ba6dd09c,-1,35821810,14.3293928,1,0,-268258.378456,-268365.730167,0,exact_coherence_below_minimum;even_odd_disagreement_above_maximum,-268365.730167,-268261.490119,-267653.102156,0
T01,explore,early_median_margin,sha256:6ae9ef2b5aa90b3bbb9802217448db5fc8fb2677ee31d8948bd28dd1ba6dd09c,-1,35825143,14.330726,1,0,-268258.378456,-268377.039871,0,exact_coherence_below_minimum;even_odd_disagreement_above_maximum;half_frame_difference_above_maximum;tone_deletion_shift_above_maximum,-268377.039871,-268343.194695,-268233.039787,0
T01,explore,early_median_margin,sha256:6ae9ef2b5aa90b3bbb9802217448db5fc8fb2677ee31d8948bd28dd1ba6dd09c,-1,35828477,14.3320596,1,0,-268258.378456,-268517.208157,0,exact_coherence_below_minimum;even_odd_disagreement_above_maximum;timing_spread_above_maximum;tone_deletion_shift_above_maximum,-268517.208157,-268664.809105,-268234.056015,0
T01,explore,early_median_margin,sha256:6ae9ef2b5aa90b3bbb9802217448db5fc8fb2677ee31d8948bd28dd1ba6dd09c,-1,35831810,14.3333928,1,0,-268258.378456,-268385.916419,0,exact_coherence_below_minimum;even_odd_disagreement_above_maximum;half_frame_difference_above_maximum,-268385.916419,-268358.95606,-268561.300025,0
T01,explore,early_median_margin,sha256:6ae9ef2b5aa90b3bbb9802217448db5fc8fb2677ee31d8948bd28dd1ba6dd09c,-1,35835143,14.334726,1,0,-268258.378456,-268420.677198,0,exact_coherence_below_minimum;coherence_margin_below_minimum;even_odd_disagreement_above_maximum;tone_deletion_shift_above_maximum,-268420.677198,-266619.220315,-268492.445928,0
T01,explore,early_median_margin,sha256:6ae9ef2b5aa90b3bbb9802217448db5fc8fb2677ee31d8948bd28dd1ba6dd09c,-1,35838477,14.3360596,1,0,-268258.378456,-268399.423875,0,exact_coherence_below_minimum;even_odd_disagreement_above_maximum,-268399.423875,-268483.054268,-266810.009449,0
T01,explore,early_median_margin,sha256:6ae9ef2b5aa90b3bbb9802217448db5fc8fb2677ee31d8948bd28dd1ba6dd09c,-1,35841810,14.3373928,1,0,-268258.378456,-268381.62432,0,exact_coherence_below_minimum,-268381.62432,-268350.476428,-268301.212001,0
T01,explore,early_median_margin,sha256:6ae9ef2b5aa90b3bbb9802217448db5fc8fb2677ee31d8948bd28dd1ba6dd09c,-1,35845143,14.338726,1,0,-268258.378456,-268374.345775,0,exact_coherence_below_minimum;even_odd_disagreement_above_maximum;timing_spread_above_maximum,-268374.345775,-268268.564001,-268406.386301,0
T01,explore,early_median_margin,sha256:6ae9ef2b5aa90b3bbb9802217448db5fc8fb2677ee31d8948bd28dd1ba6dd09c,-1,35848477,14.3400596,1,0,-268258.378456,-268335.13603,0,exact_coherence_below_minimum;even_odd_disagreement_above_maximum;half_frame_difference_above_maximum,-268335.13603,-270004.788601,-268322.697602,0
T01,explore,early_median_margin,sha256:6ae9ef2b5aa90b3bbb9802217448db5fc8fb2677ee31d8948bd28dd1ba6dd09c,-1,35851810,14.3413928,1,0,-268258.378456,-268436.816591,0,exact_coherence_below_minimum;even_odd_disagreement_above_maximum;half_frame_difference_above_maximum,-268436.816591,-269364.590379,-268506.929402,0
T01,explore,early_median_margin,sha256:6ae9ef2b5aa90b3bbb9802217448db5fc8fb2677ee31d8948bd28dd1ba6dd09c,-1,35855143,14.342726,1,0,-268258.378456,-268550.458665,0,exact_coherence_below_minimum;even_odd_disagreement_above_maximum;timing_spread_above_maximum;half_frame_difference_above_maximum,-268550.458665,-268671.948799,-268495.052495,0
T01,explore,early_median_margin,sha256:6ae9ef2b5aa90b3bbb9802217448db5fc8fb2677ee31d8948bd28dd1ba6dd09c,-1,35858477,14.3440596,1,0,-268258.378456,-268417.450258,0,exact_coherence_below_minimum;timing_spread_above_maximum,-268417.450258,-268516.497689,-268451.153689,0
T01,explore,early_median_margin,sha256:6ae9ef2b5aa90b3bbb9802217448db5fc8fb2677ee31d8948bd28dd1ba6dd09c,-1,35861810,14.3453928,1,0,-268258.378456,-268298.463564,0,exact_coherence_below_minimum;even_odd_disagreement_above_maximum;timing_spread_above_maximum,-268298.463564,-267380.963467,-268224.475558,0
T01,explore,early_median_margin,sha256:6ae9ef2b5aa90b3bbb9802217448db5fc8fb2677ee31d8948bd28dd1ba6dd09c,-1,35865143,14.346726,1,0,-268258.378456,-268303.969726,0,exact_coherence_below_minimum;even_odd_disagreement_above_maximum;half_frame_difference_above_maximum;tone_deletion_shift_above_maximum,-268303.969726,-266587.130618,-268154.933367,0
T01,explore,early_median_margin,sha256:6ae9ef2b5aa90b3bbb9802217448db5fc8fb2677ee31d8948bd28dd1ba6dd09c,-1,35868477,14.3480596,1,0,-268258.378456,-268319.476927,0,exact_coherence_below_minimum;timing_spread_above_maximum;tone_deletion_shift_above_maximum,-268319.476927,-268339.199436,-268251.711577,0
T01,explore,early_median_margin,sha256:6ae9ef2b5aa90b3bbb9802217448db5fc8fb2677ee31d8948bd28dd1ba6dd09c,-1,35871810,14.3493928,1,0,-268258.378456,-268424.148183,0,exact_coherence_below_minimum;even_odd_disagreement_above_maximum;timing_spread_above_maximum,-268424.148183,-267172.11286,-268466.756808,0
T01,explore,early_median_margin,sha256:6ae9ef2b5aa90b3bbb9802217448db5fc8fb2677ee31d8948bd28dd1ba6dd09c,-1,35875143,14.350726,1,0,-268258.378456,-269467.993428,0,exact_coherence_below_minimum;even_odd_disagreement_above_maximum;timing_spread_above_maximum;tone_deletion_shift_above_maximum,-273715.40233,-269326.088731,-269701.101766,0
T01,explore,early_median_margin,sha256:6ae9ef2b5aa90b3bbb9802217448db5fc8fb2677ee31d8948bd28dd1ba6dd09c,-1,35878477,14.3520596,1,0,-268258.378456,-268486.691865,0,exact_coherence_below_minimum;even_odd_disagreement_above_maximum;timing_spread_above_maximum,-268486.691865,-270258.378456,-268461.005404,0
T01,explore,early_median_margin,sha256:6ae9ef2b5aa90b3bbb9802217448db5fc8fb2677ee31d8948bd28dd1ba6dd09c,-1,35881810,14.3533928,1,0,-268258.378456,-268267.575209,0,exact_coherence_below_minimum;timing_spread_above_maximum;tone_deletion_shift_above_maximum,-268267.575209,-268479.359099,-268529.006312,0
T01,explore,early_median_margin,sha256:6ae9ef2b5aa90b3bbb9802217448db5fc8fb2677ee31d8948bd28dd1ba6dd09c,-1,35885143,14.354726,1,0,-268258.378456,-268377.448224,0,exact_coherence_below_minimum;even_odd_disagreement_above_maximum;timing_spread_above_maximum,-268377.448224,-268274.676912,-268527.802617,0
T01,explore,early_median_margin,sha256:6ae9ef2b5aa90b3bbb9802217448db5fc8fb2677ee31d8948bd28dd1ba6dd09c,-1,35888477,14.3560596,1,0,-268258.378456,-268371.612568,0,exact_coherence_below_minimum,-268371.612568,-268353.045632,-268444.800052,0
T01,explore,early_median_margin,sha256:6ae9ef2b5aa90b3bbb9802217448db5fc8fb2677ee31d8948bd28dd1ba6dd09c,-1,35891810,14.3573928,1,0,-268258.378456,-268385.181425,0,exact_coherence_below_minimum;even_odd_disagreement_above_maximum;timing_spread_above_maximum,-268385.181425,-269410.624654,-268463.341958,0
T01,explore,early_median_margin,sha256:6ae9ef2b5aa90b3bbb9802217448db5fc8fb2677ee31d8948bd28dd1ba6dd09c,-1,35895143,14.358726,1,0,-268258.378456,-268488.221418,0,exact_coherence_below_minimum;even_odd_disagreement_above_maximum,-268488.221418,-267318.716823,-268597.904009,0
T01,explore,early_median_margin,sha256:6ae9ef2b5aa90b3bbb9802217448db5fc8fb2677ee31d8948bd28dd1ba6dd09c,-1,35898477,14.3600596,1,0,-268258.378456,-268487.83398,0,exact_coherence_below_minimum;even_odd_disagreement_above_maximum;timing_spread_above_maximum;tone_deletion_shift_above_maximum,-268487.83398,-267367.173787,-268459.094047,0
T01,explore,early_median_margin,sha256:6ae9ef2b5aa90b3bbb9802217448db5fc8fb2677ee31d8948bd28dd1ba6dd09c,-1,35901810,14.3613928,1,0,-268258.378456,-268614.692081,0,exact_coherence_below_minimum;half_frame_difference_above_maximum,-268614.692081,-268617.894118,-268566.241909,0
T01,explore,early_median_margin,sha256:6ae9ef2b5aa90b3bbb9802217448db5fc8fb2677ee31d8948bd28dd1ba6dd09c,-1,35905143,14.362726,1,0,-268258.378456,-268368.821432,0,exact_coherence_below_minimum;even_odd_disagreement_above_maximum;timing_spread_above_maximum;tone_deletion_shift_above_maximum,-268368.821432,-267807.357721,-268358.84237,0
T01,explore,early_median_margin,sha256:6ae9ef2b5aa90b3bbb9802217448db5fc8fb2677ee31d8948bd28dd1ba6dd09c,-1,35908477,14.3640596,1,0,-268258.378456,-268507.614161,0,exact_coherence_below_minimum,-268507.614161,-268480.227323,-268507.970691,0
T01,explore,early_median_margin,sha256:6ae9ef2b5aa90b3bbb9802217448db5fc8fb2677ee31d8948bd28dd1ba6dd09c,-1,35911810,14.3653928,0,1,-268258.378456,,0,refill_boundary_crossing,,,,0
T01,explore,early_median_margin,sha256:6ae9ef2b5aa90b3bbb9802217448db5fc8fb2677ee31d8948bd28dd1ba6dd09c,-1,35915143,14.366726,1,0,-268258.378456,-266588.666328,0,exact_coherence_below_minimum;even_odd_disagreement_above_maximum,-266588.666328,-266586.233882,-268229.748375,0
T01,explore,early_median_margin,sha256:6ae9ef2b5aa90b3bbb9802217448db5fc8fb2677ee31d8948bd28dd1ba6dd09c,-1,35918477,14.3680596,1,0,-268258.378456,-268573.049901,0,exact_coherence_below_minimum;even_odd_disagreement_above_maximum;timing_spread_above_maximum;half_frame_difference_above_maximum;tone_deletion_shift_above_maximum,-265468.691139,-268736.612511,-267935.657418,0
T01,explore,early_median_margin,sha256:6ae9ef2b5aa90b3bbb9802217448db5fc8fb2677ee31d8948bd28dd1ba6dd09c,-1,35921810,14.3693928,1,0,-268258.378456,-266258.378456,0,exact_coherence_below_minimum;coherence_margin_below_minimum;timing_spread_above_maximum;half_frame_difference_above_maximum;tone_deletion_shift_above_maximum;search_boundary,-266107.450076,-266258.378456,-266258.378456,0
T01,explore,early_median_margin,sha256:6ae9ef2b5aa90b3bbb9802217448db5fc8fb2677ee31d8948bd28dd1ba6dd09c,-1,35925143,14.370726,1,0,-268258.378456,-268503.941271,0,exact_coherence_below_minimum;coherence_margin_below_minimum;even_odd_disagreement_above_maximum;timing_spread_above_maximum;half_frame_difference_above_maximum;tone_deletion_shift_above_maximum,-263005.168617,-269693.437998,-266946.126859,0
T01,explore,early_median_margin,sha256:6ae9ef2b5aa90b3bbb9802217448db5fc8fb2677ee31d8948bd28dd1ba6dd09c,-1,35928477,14.3720596,1,0,-268258.378456,-269750.794364,0,exact_coherence_below_minimum;even_odd_disagreement_above_maximum;timing_spread_above_maximum;half_frame_difference_above_maximum;tone_deletion_shift_above_maximum,-265873.984228,-269440.395328,-269848.263308,0
T01,explore,early_median_margin,sha256:6ae9ef2b5aa90b3bbb9802217448db5fc8fb2677ee31d8948bd28dd1ba6dd09c,-1,35931810,14.3733928,1,0,-268258.378456,-267294.059808,0,exact_coherence_below_minimum;even_odd_disagreement_above_maximum;timing_spread_above_maximum;half_frame_difference_above_maximum;tone_deletion_shift_above_maximum,-267294.059808,-269397.986509,-266664.348993,0
T01,explore,early_median_margin,sha256:6ae9ef2b5aa90b3bbb9802217448db5fc8fb2677ee31d8948bd28dd1ba6dd09c,-1,35935143,14.374726,1,0,-268258.378456,-269859.452451,0,exact_coherence_below_minimum;even_odd_disagreement_above_maximum;half_frame_difference_above_maximum;tone_deletion_shift_above_maximum,-269859.452451,-266416.279987,-268810.779065,0
T01,explore,high_margin,sha256:6ae9ef2b5aa90b3bbb9802217448db5fc8fb2677ee31d8948bd28dd1ba6dd09c,-1,44875239,17.9507644,1,0,-291011.467472,-290770.179252,0,exact_coherence_below_minimum;even_odd_disagreement_above_maximum;timing_spread_above_maximum;tone_deletion_shift_above_maximum,-290770.179252,-291118.350719,-290804.81272,0
T01,explore,high_margin,sha256:6ae9ef2b5aa90b3bbb9802217448db5fc8fb2677ee31d8948bd28dd1ba6dd09c,-1,44878572,17.9520976,1,0,-291011.467472,-290926.25687,0,exact_coherence_below_minimum;even_odd_disagreement_above_maximum;timing_spread_above_maximum;tone_deletion_shift_above_maximum,-290926.25687,-291150.768512,-289206.454312,0
T01,explore,high_margin,sha256:6ae9ef2b5aa90b3bbb9802217448db5fc8fb2677ee31d8948bd28dd1ba6dd09c,-1,44881906,17.9534312,1,0,-291011.467472,-291062.659992,0,exact_coherence_below_minimum;even_odd_disagreement_above_maximum,-291062.659992,-290960.363555,-291281.805354,0
T01,explore,high_margin,sha256:6ae9ef2b5aa90b3bbb9802217448db5fc8fb2677ee31d8948bd28dd1ba6dd09c,-1,44885239,17.9547644,1,0,-291011.467472,-290993.254049,0,exact_coherence_below_minimum;even_odd_disagreement_above_maximum,-290993.254049,-291044.801651,-291956.943542,0
T01,explore,high_margin,sha256:6ae9ef2b5aa90b3bbb9802217448db5fc8fb2677ee31d8948bd28dd1ba6dd09c,-1,44888572,17.9560976,1,0,-291011.467472,-291035.190844,0,exact_coherence_below_minimum;even_odd_disagreement_above_maximum,-291035.190844,-290947.553418,-291101.22075,0
T01,explore,high_margin,sha256:6ae9ef2b5aa90b3bbb9802217448db5fc8fb2677ee31d8948bd28dd1ba6dd09c,-1,44891906,17.9574312,1,0,-291011.467472,-292701.139072,0,exact_coherence_below_minimum;even_odd_disagreement_above_maximum;timing_spread_above_maximum;half_frame_difference_above_maximum;tone_deletion_shift_above_maximum,-285972.933565,-289597.095904,-291274.4112,0
T01,explore,high_margin,sha256:6ae9ef2b5aa90b3bbb9802217448db5fc8fb2677ee31d8948bd28dd1ba6dd09c,-1,44895239,17.9587644,1,0,-291011.467472,-291445.570551,0,exact_coherence_below_minimum;even_odd_disagreement_above_maximum;timing_spread_above_maximum;tone_deletion_shift_above_maximum,-291445.570551,-289815.150764,-291639.841215,0
T01,explore,high_margin,sha256:6ae9ef2b5aa90b3bbb9802217448db5fc8fb2677ee31d8948bd28dd1ba6dd09c,-1,44898572,17.9600976,1,0,-291011.467472,-291163.48056,0,exact_coherence_below_minimum;even_odd_disagreement_above_maximum;timing_spread_above_maximum;half_frame_difference_above_maximum,-291163.48056,-292515.859672,-291168.034162,0
T01,explore,high_margin,sha256:6ae9ef2b5aa90b3bbb9802217448db5fc8fb2677ee31d8948bd28dd1ba6dd09c,-1,44901906,17.9614312,1,0,-291011.467472,-290912.411707,0,exact_coherence_below_minimum;timing_spread_above_maximum;half_frame_difference_above_maximum,-290912.411707,-290971.735824,-290883.947363,0
T01,explore,high_margin,sha256:6ae9ef2b5aa90b3bbb9802217448db5fc8fb2677ee31d8948bd28dd1ba6dd09c,-1,44905239,17.9627644,1,0,-291011.467472,-290950.146533,0,exact_coherence_below_minimum;half_frame_difference_above_maximum,-290950.146533,-290990.348961,-291053.319502,0
T01,explore,high_margin,sha256:6ae9ef2b5aa90b3bbb9802217448db5fc8fb2677ee31d8948bd28dd1ba6dd09c,-1,44908572,17.9640976,1,0,-291011.467472,-291039.056816,0,exact_coherence_below_minimum;even_odd_disagreement_above_maximum,-291039.056816,-291046.45226,-291151.465057,1
T01,explore,high_margin,sha256:6ae9ef2b5aa90b3bbb9802217448db5fc8fb2677ee31d8948bd28dd1ba6dd09c,-1,44911906,17.9654312,1,0,-291011.467472,-291006.766042,0,exact_coherence_below_minimum;half_frame_difference_above_maximum,-291006.766042,-290983.162749,-291038.641434,1
T01,explore,high_margin,sha256:6ae9ef2b5aa90b3bbb9802217448db5fc8fb2677ee31d8948bd28dd1ba6dd09c,-1,44915239,17.9667644,1,0,-291011.467472,-291084.030333,0,exact_coherence_below_minimum;even_odd_disagreement_above_maximum,-291084.030333,-289738.459348,-291030.033637,0
T01,explore,high_margin,sha256:6ae9ef2b5aa90b3bbb9802217448db5fc8fb2677ee31d8948bd28dd1ba6dd09c,-1,44918572,17.9680976,1,0,-291011.467472,-291021.731028,0,exact_coherence_below_minimum,-291021.731028,-290984.851271,-291014.666206,0
T01,explore,high_margin,sha256:6ae9ef2b5aa90b3bbb9802217448db5fc8fb2677ee31d8948bd28dd1ba6dd09c,-1,44921906,17.9694312,1,0,-291011.467472,-291089.386632,0,exact_coherence_below_minimum;even_odd_disagreement_above_maximum;timing_spread_above_maximum;half_frame_difference_above_maximum,-291089.386632,-290972.853757,-291186.580673,0
T01,explore,high_margin,sha256:6ae9ef2b5aa90b3bbb9802217448db5fc8fb2677ee31d8948bd28dd1ba6dd09c,-1,44925239,17.9707644,1,0,-291011.467472,-291179.001694,0,exact_coherence_below_minimum;even_odd_disagreement_above_maximum;timing_spread_above_maximum;tone_deletion_shift_above_maximum,-296589.157965,-289195.681778,-292572.171057,0
T01,explore,high_margin,sha256:6ae9ef2b5aa90b3bbb9802217448db5fc8fb2677ee31d8948bd28dd1ba6dd09c,-1,44928572,17.9720976,1,0,-291011.467472,-291094.219984,0,exact_coherence_below_minimum;even_odd_disagreement_above_maximum;timing_spread_above_maximum;half_frame_difference_above_maximum;tone_deletion_shift_above_maximum,-291094.219984,-292077.709413,-291149.827476,0
T01,explore,high_margin,sha256:6ae9ef2b5aa90b3bbb9802217448db5fc8fb2677ee31d8948bd28dd1ba6dd09c,-1,44931906,17.9734312,1,0,-291011.467472,-291070.313201,0,exact_coherence_below_minimum;even_odd_disagreement_above_maximum,-291070.313201,-289318.881917,-290982.247354,0
T01,explore,high_margin,sha256:6ae9ef2b5aa90b3bbb9802217448db5fc8fb2677ee31d8948bd28dd1ba6dd09c,-1,44935239,17.9747644,1,0,-291011.467472,-290992.814686,0,exact_coherence_below_minimum;even_odd_disagreement_above_maximum,-290992.814686,-291022.850324,-290629.59902,0
T01,explore,high_margin,sha256:6ae9ef2b5aa90b3bbb9802217448db5fc8fb2677ee31d8948bd28dd1ba6dd09c,-1,44938572,17.9760976,1,0,-291011.467472,-291135.707813,0,exact_coherence_below_minimum;even_odd_disagreement_above_maximum;half_frame_difference_above_maximum,-291135.707813,-289618.910941,-291056.870423,0
T01,explore,high_margin,sha256:6ae9ef2b5aa90b3bbb9802217448db5fc8fb2677ee31d8948bd28dd1ba6dd09c,-1,44941906,17.9774312,1,0,-291011.467472,-291144.699301,0,exact_coherence_below_minimum;even_odd_disagreement_above_maximum;half_frame_difference_above_maximum;tone_deletion_shift_above_maximum,-291144.699301,-291665.401409,-291067.954159,0
T01,explore,high_margin,sha256:6ae9ef2b5aa90b3bbb9802217448db5fc8fb2677ee31d8948bd28dd1ba6dd09c,-1,44945239,17.9787644,1,0,-291011.467472,-291149.23027,0,exact_coherence_below_minimum;timing_spread_above_maximum,-291149.23027,-291117.249634,-291190.572928,0
T01,explore,high_margin,sha256:6ae9ef2b5aa90b3bbb9802217448db5fc8fb2677ee31d8948bd28dd1ba6dd09c,-1,44948572,17.9800976,1,0,-291011.467472,-291097.812199,0,exact_coherence_below_minimum;even_odd_disagreement_above_maximum;tone_deletion_shift_above_maximum,-291097.812199,-290986.870115,-291172.014662,0
T01,explore,high_margin,sha256:6ae9ef2b5aa90b3bbb9802217448db5fc8fb2677ee31d8948bd28dd1ba6dd09c,-1,44951906,17.9814312,1,0,-291011.467472,-291160.751907,0,exact_coherence_below_minimum;coherence_margin_below_minimum;even_odd_disagreement_above_maximum;half_frame_difference_above_maximum;tone_deletion_shift_above_maximum,-291160.751907,-290600.996034,-289128.985945,0
T01,explore,high_margin,sha256:6ae9ef2b5aa90b3bbb9802217448db5fc8fb2677ee31d8948bd28dd1ba6dd09c,-1,44955239,17.9827644,1,0,-291011.467472,-291170.783832,0,exact_coherence_below_minimum;timing_spread_above_maximum;half_frame_difference_above_maximum;tone_deletion_shift_above_maximum,-291170.783832,-291094.98552,-291179.307691,0
T01,explore,high_margin,sha256:6ae9ef2b5aa90b3bbb9802217448db5fc8fb2677ee31d8948bd28dd1ba6dd09c,-1,44958572,17.9840976,1,0,-291011.467472,-291044.002536,0,exact_coherence_below_minimum;even_odd_disagreement_above_maximum,-291044.002536,-292428.141898,-291138.678807,0
T01,explore,high_margin,sha256:6ae9ef2b5aa90b3bbb9802217448db5fc8fb2677ee31d8948bd28dd1ba6dd09c,-1,44961906,17.9854312,1,0,-291011.467472,-291040.191318,0,exact_coherence_below_minimum;even_odd_disagreement_above_maximum;timing_spread_above_maximum;half_frame_difference_above_maximum,-291040.191318,-291232.984159,-292245.44345,0
T01,explore,high_margin,sha256:6ae9ef2b5aa90b3bbb9802217448db5fc8fb2677ee31d8948bd28dd1ba6dd09c,-1,44965239,17.9867644,1,0,-291011.467472,-291216.393746,0,exact_coherence_below_minimum;even_odd_disagreement_above_maximum;half_frame_difference_above_maximum,-291216.393746,-291269.478624,-293011.467472,0
T01,explore,high_margin,sha256:6ae9ef2b5aa90b3bbb9802217448db5fc8fb2677ee31d8948bd28dd1ba6dd09c,-1,44968572,17.9880976,1,0,-291011.467472,-291208.305562,0,exact_coherence_below_minimum;even_odd_disagreement_above_maximum;timing_spread_above_maximum;tone_deletion_shift_above_maximum,-291208.305562,-291248.326153,-291008.392112,0
T01,explore,high_margin,sha256:6ae9ef2b5aa90b3bbb9802217448db5fc8fb2677ee31d8948bd28dd1ba6dd09c,-1,44971906,17.9894312,1,0,-291011.467472,-290990.86157,0,exact_coherence_below_minimum;even_odd_disagreement_above_maximum;tone_deletion_shift_above_maximum,-290990.86157,-291114.831918,-290906.405454,0
T01,explore,high_margin,sha256:6ae9ef2b5aa90b3bbb9802217448db5fc8fb2677ee31d8948bd28dd1ba6dd09c,-1,44975239,17.9907644,1,0,-291011.467472,-290978.915341,0,exact_coherence_below_minimum;even_odd_disagreement_above_maximum;timing_spread_above_maximum;half_frame_difference_above_maximum,-290978.915341,-291094.61846,-290934.367548,0
T01,explore,high_margin,sha256:6ae9ef2b5aa90b3bbb9802217448db5fc8fb2677ee31d8948bd28dd1ba6dd09c,-1,44978572,17.9920976,1,0,-291011.467472,-291231.131229,0,exact_coherence_below_minimum;even_odd_disagreement_above_maximum;tone_deletion_shift_above_maximum,-291231.131229,-291188.527537,-291381.012075,0
T01,explore,high_margin,sha256:6ae9ef2b5aa90b3bbb9802217448db5fc8fb2677ee31d8948bd28dd1ba6dd09c,-1,44981906,17.9934312,1,0,-291011.467472,-291016.018904,0,exact_coherence_below_minimum;even_odd_disagreement_above_maximum;timing_spread_above_maximum;tone_deletion_shift_above_maximum,-291016.018904,-290886.114518,-291178.847315,0
T01,explore,high_margin,sha256:6ae9ef2b5aa90b3bbb9802217448db5fc8fb2677ee31d8948bd28dd1ba6dd09c,-1,44985239,17.9947644,1,0,-291011.467472,-291160.116078,0,exact_coherence_below_minimum;even_odd_disagreement_above_maximum,-291160.116078,-291175.041591,-291041.504228,0
T01,explore,high_margin,sha256:6ae9ef2b5aa90b3bbb9802217448db5fc8fb2677ee31d8948bd28dd1ba6dd09c,-1,44988572,17.9960976,1,0,-291011.467472,-291389.139257,0,exact_coherence_below_minimum;even_odd_disagreement_above_maximum;timing_spread_above_maximum;half_frame_difference_above_maximum;tone_deletion_shift_above_maximum,-291389.139257,-292478.8179,-291298.977015,0
T01,explore,high_margin,sha256:6ae9ef2b5aa90b3bbb9802217448db5fc8fb2677ee31d8948bd28dd1ba6dd09c,-1,44991906,17.9974312,1,0,-291011.467472,-291271.72177,0,exact_coherence_below_minimum;even_odd_disagreement_above_maximum;timing_spread_above_maximum;half_frame_difference_above_maximum,-291271.72177,-292223.660043,-291246.369711,0
T01,explore,high_margin,sha256:6ae9ef2b5aa90b3bbb9802217448db5fc8fb2677ee31d8948bd28dd1ba6dd09c,-1,44995239,17.9987644,1,0,-291011.467472,-293001.027331,0,exact_coherence_below_minimum;even_odd_disagreement_above_maximum;timing_spread_above_maximum,-293001.027331,-293011.467472,-291076.071858,0
T01,explore,high_margin,sha256:6ae9ef2b5aa90b3bbb9802217448db5fc8fb2677ee31d8948bd28dd1ba6dd09c,-1,44998572,18.0000976,1,0,-291011.467472,-291287.875598,0,exact_coherence_below_minimum;even_odd_disagreement_above_maximum;timing_spread_above_maximum;tone_deletion_shift_above_maximum,-291287.875598,-291402.205713,-291230.35782,0
T01,explore,high_margin,sha256:6ae9ef2b5aa90b3bbb9802217448db5fc8fb2677ee31d8948bd28dd1ba6dd09c,-1,45001906,18.0014312,1,0,-291011.467472,-291210.611542,0,exact_coherence_below_minimum,-291210.611542,-291217.475599,-291207.080929,0
T01,explore,high_margin,sha256:6ae9ef2b5aa90b3bbb9802217448db5fc8fb2677ee31d8948bd28dd1ba6dd09c,-1,45005239,18.0027644,1,0,-291011.467472,-291139.46785,0,exact_coherence_below_minimum;even_odd_disagreement_above_maximum;timing_spread_above_maximum,-291139.46785,-291188.560918,-291534.16565,1
T01,explore,high_margin,sha256:6ae9ef2b5aa90b3bbb9802217448db5fc8fb2677ee31d8948bd28dd1ba6dd09c,-1,45008572,18.0040976,1,0,-291011.467472,-291176.120054,0,exact_coherence_below_minimum;even_odd_disagreement_above_maximum,-291176.120054,-291027.828185,-291215.088693,0
T01,explore,high_margin,sha256:6ae9ef2b5aa90b3bbb9802217448db5fc8fb2677ee31d8948bd28dd1ba6dd09c,-1,45011906,18.0054312,1,0,-291011.467472,-291176.218836,0,exact_coherence_below_minimum;even_odd_disagreement_above_maximum;timing_spread_above_maximum,-291176.218836,-289217.257671,-291321.899768,0
T01,explore,high_margin,sha256:6ae9ef2b5aa90b3bbb9802217448db5fc8fb2677ee31d8948bd28dd1ba6dd09c,-1,45015239,18.0067644,1,0,-291011.467472,-291184.968721,0,exact_coherence_below_minimum;coherence_margin_below_minimum;even_odd_disagreement_above_maximum,-291184.968721,-289080.49722,-291034.219179,0
T01,explore,high_margin,sha256:6ae9ef2b5aa90b3bbb9802217448db5fc8fb2677ee31d8948bd28dd1ba6dd09c,-1,45018572,18.0080976,1,0,-291011.467472,-291266.490092,0,exact_coherence_below_minimum;even_odd_disagreement_above_maximum,-291266.490092,-291101.998327,-291369.394876,0
T01,explore,high_margin,sha256:6ae9ef2b5aa90b3bbb9802217448db5fc8fb2677ee31d8948bd28dd1ba6dd09c,-1,45021906,18.0094312,1,0,-291011.467472,-290013.208362,0,exact_coherence_below_minimum;even_odd_disagreement_above_maximum;timing_spread_above_maximum;half_frame_difference_above_maximum,-285457.583225,-291160.2668,-291327.290032,0
T01,explore,high_margin,sha256:6ae9ef2b5aa90b3bbb9802217448db5fc8fb2677ee31d8948bd28dd1ba6dd09c,-1,45025239,18.0107644,1,0,-291011.467472,-291252.865857,0,exact_coherence_below_minimum;even_odd_disagreement_above_maximum;timing_spread_above_maximum;half_frame_difference_above_maximum,-291252.865857,-291214.555123,-291333.395636,0
T01,explore,high_margin,sha256:6ae9ef2b5aa90b3bbb9802217448db5fc8fb2677ee31d8948bd28dd1ba6dd09c,-1,45028572,18.0120976,1,0,-291011.467472,-291069.594452,0,exact_coherence_below_minimum;even_odd_disagreement_above_maximum;timing_spread_above_maximum;half_frame_difference_above_maximum,-291069.594452,-289152.865697,-290645.359205,0
T01,explore,high_margin,sha256:6ae9ef2b5aa90b3bbb9802217448db5fc8fb2677ee31d8948bd28dd1ba6dd09c,-1,45031906,18.0134312,1,0,-291011.467472,-290884.350054,0,exact_coherence_below_minimum;even_odd_disagreement_above_maximum;timing_spread_above_maximum;half_frame_difference_above_maximum;tone_deletion_shift_above_maximum,-290884.350054,-289486.713631,-290981.727034,0
T01,explore,high_margin,sha256:6ae9ef2b5aa90b3bbb9802217448db5fc8fb2677ee31d8948bd28dd1ba6dd09c,-1,45035239,18.0147644,1,0,-291011.467472,-291213.443756,0,exact_coherence_below_minimum;coherence_margin_below_minimum;even_odd_disagreement_above_maximum;timing_spread_above_maximum;tone_deletion_shift_above_maximum,-291213.443756,-291135.571409,-292887.867411,0
T01,explore,high_margin,sha256:6ae9ef2b5aa90b3bbb9802217448db5fc8fb2677ee31d8948bd28dd1ba6dd09c,-1,45038572,18.0160976,1,0,-291011.467472,-291343.517949,0,exact_coherence_below_minimum;even_odd_disagreement_above_maximum,-291343.517949,-291524.409357,-291339.140616,0
T01,explore,high_margin,sha256:6ae9ef2b5aa90b3bbb9802217448db5fc8fb2677ee31d8948bd28dd1ba6dd09c,-1,45041906,18.0174312,1,0,-291011.467472,-291442.672751,0,exact_coherence_below_minimum;timing_spread_above_maximum,-291442.672751,-291442.946384,-291409.813883,0
T01,explore,high_margin,sha256:6ae9ef2b5aa90b3bbb9802217448db5fc8fb2677ee31d8948bd28dd1ba6dd09c,-1,45045239,18.0187644,1,0,-291011.467472,-291317.334469,0,exact_coherence_below_minimum;timing_spread_above_maximum,-291317.334469,-291213.361184,-291270.889143,0
T01,explore,high_margin,sha256:6ae9ef2b5aa90b3bbb9802217448db5fc8fb2677ee31d8948bd28dd1ba6dd09c,-1,45048572,18.0200976,1,0,-291011.467472,-291199.509136,0,exact_coherence_below_minimum;even_odd_disagreement_above_maximum;tone_deletion_shift_above_maximum,-291199.509136,-292913.135618,-291178.898,0
T01,explore,high_margin,sha256:6ae9ef2b5aa90b3bbb9802217448db5fc8fb2677ee31d8948bd28dd1ba6dd09c,-1,45051906,18.0214312,1,0,-291011.467472,-292507.547671,0,exact_coherence_below_minimum;even_odd_disagreement_above_maximum;timing_spread_above_maximum;half_frame_difference_above_maximum;tone_deletion_shift_above_maximum,-292507.547671,-292471.251863,-290663.913193,0
T01,explore,high_margin,sha256:6ae9ef2b5aa90b3bbb9802217448db5fc8fb2677ee31d8948bd28dd1ba6dd09c,-1,45055239,18.0227644,1,0,-291011.467472,-291235.400382,0,exact_coherence_below_minimum;even_odd_disagreement_above_maximum;half_frame_difference_above_maximum,-291235.400382,-290284.17794,-291236.466525,0
T01,explore,high_margin,sha256:6ae9ef2b5aa90b3bbb9802217448db5fc8fb2677ee31d8948bd28dd1ba6dd09c,-1,45058572,18.0240976,1,0,-291011.467472,-291365.722421,0,exact_coherence_below_minimum;even_odd_disagreement_above_maximum;half_frame_difference_above_maximum;tone_deletion_shift_above_maximum,-291365.722421,-291423.82843,-291929.463808,0
T01,explore,late_median_margin,sha256:6ae9ef2b5aa90b3bbb9802217448db5fc8fb2677ee31d8948bd28dd1ba6dd09c,-1,47063453,18.82605,1,0,-296254.4475,-296126.885616,0,exact_coherence_below_minimum;even_odd_disagreement_above_maximum;tone_deletion_shift_above_maximum,-296126.885616,-296145.852506,-295876.260855,0
T01,explore,late_median_margin,sha256:6ae9ef2b5aa90b3bbb9802217448db5fc8fb2677ee31d8948bd28dd1ba6dd09c,-1,47066786,18.8273832,1,0,-296254.4475,-296134.690561,0,exact_coherence_below_minimum;even_odd_disagreement_above_maximum;timing_spread_above_maximum;half_frame_difference_above_maximum;tone_deletion_shift_above_maximum,-296134.690561,-296379.695403,-294993.349027,0
T01,explore,late_median_margin,sha256:6ae9ef2b5aa90b3bbb9802217448db5fc8fb2677ee31d8948bd28dd1ba6dd09c,-1,47070120,18.8287168,1,0,-296254.4475,-296172.950297,0,exact_coherence_below_minimum;even_odd_disagreement_above_maximum;timing_spread_above_maximum;half_frame_difference_above_maximum,-296172.950297,-297288.209936,-296124.286796,0
T01,explore,late_median_margin,sha256:6ae9ef2b5aa90b3bbb9802217448db5fc8fb2677ee31d8948bd28dd1ba6dd09c,-1,47073453,18.83005,1,0,-296254.4475,-296181.513105,0,exact_coherence_below_minimum;even_odd_disagreement_above_maximum;timing_spread_above_maximum,-296181.513105,-296432.102979,-296142.844419,0
T01,explore,late_median_margin,sha256:6ae9ef2b5aa90b3bbb9802217448db5fc8fb2677ee31d8948bd28dd1ba6dd09c,-1,47076786,18.8313832,1,0,-296254.4475,-296260.831319,0,exact_coherence_below_minimum;even_odd_disagreement_above_maximum;timing_spread_above_maximum;half_frame_difference_above_maximum,-296260.831319,-296264.303358,-298194.178784,0
T01,explore,late_median_margin,sha256:6ae9ef2b5aa90b3bbb9802217448db5fc8fb2677ee31d8948bd28dd1ba6dd09c,-1,47080120,18.8327168,1,0,-296254.4475,-296251.255961,0,exact_coherence_below_minimum;even_odd_disagreement_above_maximum,-296251.255961,-296142.913259,-296335.736131,0
T01,explore,late_median_margin,sha256:6ae9ef2b5aa90b3bbb9802217448db5fc8fb2677ee31d8948bd28dd1ba6dd09c,-1,47083453,18.83405,1,0,-296254.4475,-296231.002225,0,exact_coherence_below_minimum;even_odd_disagreement_above_maximum;timing_spread_above_maximum;half_frame_difference_above_maximum;tone_deletion_shift_above_maximum,-296231.002225,-295075.961045,-296121.612841,0
T01,explore,late_median_margin,sha256:6ae9ef2b5aa90b3bbb9802217448db5fc8fb2677ee31d8948bd28dd1ba6dd09c,-1,47086786,18.8353832,1,0,-296254.4475,-296250.190447,0,exact_coherence_below_minimum;even_odd_disagreement_above_maximum;timing_spread_above_maximum;tone_deletion_shift_above_maximum,-296250.190447,-296304.799766,-297747.187088,0
T01,explore,late_median_margin,sha256:6ae9ef2b5aa90b3bbb9802217448db5fc8fb2677ee31d8948bd28dd1ba6dd09c,-1,47090120,18.8367168,1,0,-296254.4475,-296310.720599,0,exact_coherence_below_minimum;coherence_margin_below_minimum;even_odd_disagreement_above_maximum;tone_deletion_shift_above_maximum,-300711.771008,-296328.929913,-295848.915388,0
T01,explore,late_median_margin,sha256:6ae9ef2b5aa90b3bbb9802217448db5fc8fb2677ee31d8948bd28dd1ba6dd09c,-1,47093453,18.83805,1,0,-296254.4475,-296187.648395,0,exact_coherence_below_minimum;even_odd_disagreement_above_maximum;timing_spread_above_maximum;half_frame_difference_above_maximum;tone_deletion_shift_above_maximum,-301398.470444,-295972.686339,-296118.774919,0
T01,explore,late_median_margin,sha256:6ae9ef2b5aa90b3bbb9802217448db5fc8fb2677ee31d8948bd28dd1ba6dd09c,-1,47096786,18.8393832,1,0,-296254.4475,-296374.310648,0,exact_coherence_below_minimum;even_odd_disagreement_above_maximum;timing_spread_above_maximum,-296374.310648,-296201.665727,-297522.520362,0
T01,explore,late_median_margin,sha256:6ae9ef2b5aa90b3bbb9802217448db5fc8fb2677ee31d8948bd28dd1ba6dd09c,-1,47100120,18.8407168,1,0,-296254.4475,-296531.369684,0,exact_coherence_below_minimum;even_odd_disagreement_above_maximum;timing_spread_above_maximum;tone_deletion_shift_above_maximum,-296531.369684,-296511.533324,-296657.559561,0
T01,explore,late_median_margin,sha256:6ae9ef2b5aa90b3bbb9802217448db5fc8fb2677ee31d8948bd28dd1ba6dd09c,-1,47103453,18.84205,1,0,-296254.4475,-296430.834862,0,exact_coherence_below_minimum;even_odd_disagreement_above_maximum,-296430.834862,-295296.276162,-296540.471901,0
T01,explore,late_median_margin,sha256:6ae9ef2b5aa90b3bbb9802217448db5fc8fb2677ee31d8948bd28dd1ba6dd09c,-1,47106786,18.8433832,1,0,-296254.4475,-296255.333271,0,exact_coherence_below_minimum,-296255.333271,-296281.777118,-296207.515044,0
T01,explore,late_median_margin,sha256:6ae9ef2b5aa90b3bbb9802217448db5fc8fb2677ee31d8948bd28dd1ba6dd09c,-1,47110120,18.8447168,1,0,-296254.4475,-296269.38761,0,exact_coherence_below_minimum;even_odd_disagreement_above_maximum;tone_deletion_shift_above_maximum,-296269.38761,-298129.452273,-297406.504116,0
T01,explore,late_median_margin,sha256:6ae9ef2b5aa90b3bbb9802217448db5fc8fb2677ee31d8948bd28dd1ba6dd09c,-1,47113453,18.84605,1,0,-296254.4475,-296409.733385,0,exact_coherence_below_minimum;timing_spread_above_maximum,-296409.733385,-296370.078844,-296408.93828,0
T01,explore,late_median_margin,sha256:6ae9ef2b5aa90b3bbb9802217448db5fc8fb2677ee31d8948bd28dd1ba6dd09c,-1,47116786,18.8473832,1,0,-296254.4475,-296507.120789,0,exact_coherence_below_minimum;even_odd_disagreement_above_maximum;timing_spread_above_maximum;tone_deletion_shift_above_maximum,-296507.120789,-294617.556513,-296677.273387,0
T01,explore,late_median_margin,sha256:6ae9ef2b5aa90b3bbb9802217448db5fc8fb2677ee31d8948bd28dd1ba6dd09c,-1,47120120,18.8487168,1,0,-296254.4475,-296355.831725,0,exact_coherence_below_minimum;coherence_margin_below_minimum;even_odd_disagreement_above_maximum;timing_spread_above_maximum;tone_deletion_shift_above_maximum,-299244.230732,-297322.89707,-296603.911444,0
T01,explore,late_median_margin,sha256:6ae9ef2b5aa90b3bbb9802217448db5fc8fb2677ee31d8948bd28dd1ba6dd09c,-1,47123453,18.85005,1,0,-296254.4475,-296769.121518,0,exact_coherence_below_minimum;even_odd_disagreement_above_maximum;timing_spread_above_maximum;half_frame_difference_above_maximum;tone_deletion_shift_above_maximum,-296769.121518,-294893.787841,-297308.138575,0
T01,explore,late_median_margin,sha256:6ae9ef2b5aa90b3bbb9802217448db5fc8fb2677ee31d8948bd28dd1ba6dd09c,-1,47126786,18.8513832,1,0,-296254.4475,-296332.284304,0,exact_coherence_below_minimum;even_odd_disagreement_above_maximum;timing_spread_above_maximum,-296332.284304,-296266.906387,-296424.733926,0
T01,explore,late_median_margin,sha256:6ae9ef2b5aa90b3bbb9802217448db5fc8fb2677ee31d8948bd28dd1ba6dd09c,-1,47130120,18.8527168,1,0,-296254.4475,-296508.577626,0,exact_coherence_below_minimum;even_odd_disagreement_above_maximum;timing_spread_above_maximum;tone_deletion_shift_above_maximum,-296508.577626,-295910.114138,-296594.039819,0
T01,explore,late_median_margin,sha256:6ae9ef2b5aa90b3bbb9802217448db5fc8fb2677ee31d8948bd28dd1ba6dd09c,-1,47133453,18.85405,1,0,-296254.4475,-296520.207382,0,exact_coherence_below_minimum;even_odd_disagreement_above_maximum;timing_spread_above_maximum;half_frame_difference_above_maximum;tone_deletion_shift_above_maximum,-296520.207382,-296585.778806,-297491.410818,0
T01,explore,late_median_margin,sha256:6ae9ef2b5aa90b3bbb9802217448db5fc8fb2677ee31d8948bd28dd1ba6dd09c,-1,47136786,18.8553832,1,0,-296254.4475,-296284.25538,0,exact_coherence_below_minimum;even_odd_disagreement_above_maximum;timing_spread_above_maximum;half_frame_difference_above_maximum,-296284.25538,-296396.24958,-296272.37501,0
T01,explore,late_median_margin,sha256:6ae9ef2b5aa90b3bbb9802217448db5fc8fb2677ee31d8948bd28dd1ba6dd09c,-1,47140120,18.8567168,1,0,-296254.4475,-296441.113334,0,exact_coherence_below_minimum;even_odd_disagreement_above_maximum;timing_spread_above_maximum;half_frame_difference_above_maximum;tone_deletion_shift_above_maximum,-292959.197495,-296310.792834,-296584.546856,0
T01,explore,late_median_margin,sha256:6ae9ef2b5aa90b3bbb9802217448db5fc8fb2677ee31d8948bd28dd1ba6dd09c,-1,47143453,18.85805,1,0,-296254.4475,-296346.989921,0,exact_coherence_below_minimum;even_odd_disagreement_above_maximum;tone_deletion_shift_above_maximum,-296346.989921,-297862.858943,-296548.11461,0
T01,explore,late_median_margin,sha256:6ae9ef2b5aa90b3bbb9802217448db5fc8fb2677ee31d8948bd28dd1ba6dd09c,-1,47146786,18.8593832,1,0,-296254.4475,-296418.895394,0,exact_coherence_below_minimum;even_odd_disagreement_above_maximum;half_frame_difference_above_maximum,-296418.895394,-296353.085779,-298228.369009,0
T01,explore,late_median_margin,sha256:6ae9ef2b5aa90b3bbb9802217448db5fc8fb2677ee31d8948bd28dd1ba6dd09c,-1,47150120,18.8607168,1,0,-296254.4475,-296233.441013,0,exact_coherence_below_minimum;even_odd_disagreement_above_maximum;timing_spread_above_maximum;half_frame_difference_above_maximum,-296233.441013,-295217.297778,-296261.464465,0
T01,explore,late_median_margin,sha256:6ae9ef2b5aa90b3bbb9802217448db5fc8fb2677ee31d8948bd28dd1ba6dd09c,-1,47153453,18.86205,1,0,-296254.4475,-295543.30786,0,exact_coherence_below_minimum;even_odd_disagreement_above_maximum;timing_spread_above_maximum;half_frame_difference_above_maximum;tone_deletion_shift_above_maximum,-301558.853729,-295433.814281,-295589.330411,0
T01,explore,late_median_margin,sha256:6ae9ef2b5aa90b3bbb9802217448db5fc8fb2677ee31d8948bd28dd1ba6dd09c,-1,47156786,18.8633832,1,0,-296254.4475,-296325.819675,0,exact_coherence_below_minimum;half_frame_difference_above_maximum,-296325.819675,-296376.213208,-296308.830779,0
T01,explore,late_median_margin,sha256:6ae9ef2b5aa90b3bbb9802217448db5fc8fb2677ee31d8948bd28dd1ba6dd09c,-1,47160120,18.8647168,1,0,-296254.4475,-296410.904088,0,exact_coherence_below_minimum;even_odd_disagreement_above_maximum;half_frame_difference_above_maximum,-296410.904088,-296410.225476,-296234.483793,0
T01,explore,late_median_margin,sha256:6ae9ef2b5aa90b3bbb9802217448db5fc8fb2677ee31d8948bd28dd1ba6dd09c,-1,47163453,18.86605,1,0,-296254.4475,-296289.628509,0,exact_coherence_below_minimum;timing_spread_above_maximum;half_frame_difference_above_maximum,-296289.628509,-296375.277334,-296328.439349,1
T01,explore,late_median_margin,sha256:6ae9ef2b5aa90b3bbb9802217448db5fc8fb2677ee31d8948bd28dd1ba6dd09c,-1,47166786,18.8673832,1,0,-296254.4475,-296512.936877,0,exact_coherence_below_minimum,-296512.936877,-296576.689479,-296548.741939,0
T01,explore,late_median_margin,sha256:6ae9ef2b5aa90b3bbb9802217448db5fc8fb2677ee31d8948bd28dd1ba6dd09c,-1,47170120,18.8687168,1,0,-296254.4475,-296713.186006,0,exact_coherence_below_minimum;coherence_margin_below_minimum;even_odd_disagreement_above_maximum;timing_spread_above_maximum;half_frame_difference_above_maximum;tone_deletion_shift_above_maximum,-299986.428596,-296713.558463,-298048.889302,0
T01,explore,late_median_margin,sha256:6ae9ef2b5aa90b3bbb9802217448db5fc8fb2677ee31d8948bd28dd1ba6dd09c,-1,47173453,18.87005,1,0,-296254.4475,-296448.857968,0,exact_coherence_below_minimum;even_odd_disagreement_above_maximum;half_frame_difference_above_maximum,-296448.857968,-296414.697943,-296522.389238,0
T01,explore,late_median_margin,sha256:6ae9ef2b5aa90b3bbb9802217448db5fc8fb2677ee31d8948bd28dd1ba6dd09c,-1,47176786,18.8713832,1,0,-296254.4475,-296287.177606,0,exact_coherence_below_minimum;even_odd_disagreement_above_maximum;timing_spread_above_maximum;tone_deletion_shift_above_maximum,-296287.177606,-295910.430091,-297557.265672,0
T01,explore,late_median_margin,sha256:6ae9ef2b5aa90b3bbb9802217448db5fc8fb2677ee31d8948bd28dd1ba6dd09c,-1,47180120,18.8727168,1,0,-296254.4475,-296489.137227,0,exact_coherence_below_minimum;even_odd_disagreement_above_maximum,-296489.137227,-296535.076095,-296418.391201,0
T01,explore,late_median_margin,sha256:6ae9ef2b5aa90b3bbb9802217448db5fc8fb2677ee31d8948bd28dd1ba6dd09c,-1,47183453,18.87405,0,1,-296254.4475,,0,refill_boundary_crossing,,,,0
T01,explore,late_median_margin,sha256:6ae9ef2b5aa90b3bbb9802217448db5fc8fb2677ee31d8948bd28dd1ba6dd09c,-1,47186786,18.8753832,1,0,-296254.4475,-297253.127178,0,exact_coherence_below_minimum;coherence_margin_below_minimum;even_odd_disagreement_above_maximum;timing_spread_above_maximum;tone_deletion_shift_above_maximum,-297253.127178,-295106.982661,-298198.563992,0
T01,explore,late_median_margin,sha256:6ae9ef2b5aa90b3bbb9802217448db5fc8fb2677ee31d8948bd28dd1ba6dd09c,-1,47190120,18.8767168,1,0,-296254.4475,-296454.832063,0,exact_coherence_below_minimum;coherence_margin_below_minimum;even_odd_disagreement_above_maximum;timing_spread_above_maximum;half_frame_difference_above_maximum;tone_deletion_shift_above_maximum,-291984.379712,-296484.425471,-296775.674999,0
T01,explore,late_median_margin,sha256:6ae9ef2b5aa90b3bbb9802217448db5fc8fb2677ee31d8948bd28dd1ba6dd09c,-1,47193453,18.87805,1,0,-296254.4475,-297504.786894,0,exact_coherence_below_minimum;timing_spread_above_maximum;tone_deletion_shift_above_maximum,-297504.786894,-297442.509647,-297475.700876,0
T01,explore,late_median_margin,sha256:6ae9ef2b5aa90b3bbb9802217448db5fc8fb2677ee31d8948bd28dd1ba6dd09c,-1,47196786,18.8793832,1,0,-296254.4475,-295855.156735,0,exact_coherence_below_minimum;even_odd_disagreement_above_maximum;timing_spread_above_maximum;half_frame_difference_above_maximum,-295855.156735,-295159.884808,-294957.2883,0
T01,explore,late_median_margin,sha256:6ae9ef2b5aa90b3bbb9802217448db5fc8fb2677ee31d8948bd28dd1ba6dd09c,-1,47200120,18.8807168,1,0,-296254.4475,-297542.870927,0,exact_coherence_below_minimum;coherence_margin_below_minimum;even_odd_disagreement_above_maximum;timing_spread_above_maximum;half_frame_difference_above_maximum;tone_deletion_shift_above_maximum,-302035.390755,-297870.97481,-295375.559842,0
T01,explore,late_median_margin,sha256:6ae9ef2b5aa90b3bbb9802217448db5fc8fb2677ee31d8948bd28dd1ba6dd09c,-1,47203453,18.88205,1,0,-296254.4475,-294682.652163,0,exact_coherence_below_minimum;coherence_margin_below_minimum;even_odd_disagreement_above_maximum;tone_deletion_shift_above_maximum,-300030.031312,-295279.277045,-297540.824403,0
T01,explore,late_median_margin,sha256:6ae9ef2b5aa90b3bbb9802217448db5fc8fb2677ee31d8948bd28dd1ba6dd09c,-1,47206786,18.8833832,1,0,-296254.4475,-296102.228175,0,exact_coherence_below_minimum;even_odd_disagreement_above_maximum;timing_spread_above_maximum;half_frame_difference_above_maximum;tone_deletion_shift_above_maximum,-296102.228175,-297008.797037,-296267.276579,0
T01,explore,late_median_margin,sha256:6ae9ef2b5aa90b3bbb9802217448db5fc8fb2677ee31d8948bd28dd1ba6dd09c,-1,47210120,18.8847168,1,0,-296254.4475,-295666.192818,0,exact_coherence_below_minimum;coherence_margin_below_minimum;timing_spread_above_maximum;half_frame_difference_above_maximum;tone_deletion_shift_above_maximum,-291504.68209,-295407.206974,-295502.124169,0
T01,explore,late_median_margin,sha256:6ae9ef2b5aa90b3bbb9802217448db5fc8fb2677ee31d8948bd28dd1ba6dd09c,-1,47213453,18.88605,1,0,-296254.4475,-297211.027209,0,exact_coherence_below_minimum;coherence_margin_below_minimum;even_odd_disagreement_above_maximum;half_frame_difference_above_maximum;tone_deletion_shift_above_maximum,-301968.140049,-297744.685683,-298159.852423,0
T01,explore,late_median_margin,sha256:6ae9ef2b5aa90b3bbb9802217448db5fc8fb2677ee31d8948bd28dd1ba6dd09c,-1,47216786,18.8873832,1,0,-296254.4475,-297627.889462,0,exact_coherence_below_minimum;even_odd_disagreement_above_maximum;timing_spread_above_maximum;half_frame_difference_above_maximum;tone_deletion_shift_above_maximum,-297627.889462,-298254.4475,-295133.445448,0
T01,explore,late_median_margin,sha256:6ae9ef2b5aa90b3bbb9802217448db5fc8fb2677ee31d8948bd28dd1ba6dd09c,-1,47220120,18.8887168,1,0,-296254.4475,-296101.132691,0,exact_coherence_below_minimum;coherence_margin_below_minimum;even_odd_disagreement_above_maximum;half_frame_difference_above_maximum,-296101.132691,-295349.795725,-298254.4475,0
T01,explore,late_median_margin,sha256:6ae9ef2b5aa90b3bbb9802217448db5fc8fb2677ee31d8948bd28dd1ba6dd09c,-1,47223453,18.89005,1,0,-296254.4475,-294323.571895,0,exact_coherence_below_minimum;coherence_margin_below_minimum;even_odd_disagreement_above_maximum;timing_spread_above_maximum;half_frame_difference_above_maximum;tone_deletion_shift_above_maximum,-292571.993076,-295721.378662,-295106.428558,0
T01,explore,late_median_margin,sha256:6ae9ef2b5aa90b3bbb9802217448db5fc8fb2677ee31d8948bd28dd1ba6dd09c,-1,47226786,18.8913832,1,0,-296254.4475,-297279.632258,0,exact_coherence_below_minimum;even_odd_disagreement_above_maximum;timing_spread_above_maximum;half_frame_difference_above_maximum;tone_deletion_shift_above_maximum,-297279.632258,-297124.958251,-295392.102918,0
T01,explore,late_median_margin,sha256:6ae9ef2b5aa90b3bbb9802217448db5fc8fb2677ee31d8948bd28dd1ba6dd09c,-1,47230120,18.8927168,1,0,-296254.4475,-295365.172849,0,exact_coherence_below_minimum;even_odd_disagreement_above_maximum;timing_spread_above_maximum;half_frame_difference_above_maximum,-298554.991586,-296007.678858,-298254.4475,0
T01,explore,late_median_margin,sha256:6ae9ef2b5aa90b3bbb9802217448db5fc8fb2677ee31d8948bd28dd1ba6dd09c,-1,47233453,18.89405,1,0,-296254.4475,-298254.4475,0,exact_coherence_below_minimum;even_odd_disagreement_above_maximum;half_frame_difference_above_maximum;search_boundary,-298372.568757,-298254.4475,-294349.008554,0
T01,explore,late_median_margin,sha256:6ae9ef2b5aa90b3bbb9802217448db5fc8fb2677ee31d8948bd28dd1ba6dd09c,-1,47236786,18.8953832,1,0,-296254.4475,-297365.115051,0,exact_coherence_below_minimum;coherence_margin_below_minimum;even_odd_disagreement_above_maximum;half_frame_difference_above_maximum;tone_deletion_shift_above_maximum,-301566.625713,-296216.109785,-298020.675631,0
T01,explore,late_median_margin,sha256:6ae9ef2b5aa90b3bbb9802217448db5fc8fb2677ee31d8948bd28dd1ba6dd09c,-1,47240120,18.8967168,1,0,-296254.4475,-297286.403144,0,exact_coherence_below_minimum;even_odd_disagreement_above_maximum;timing_spread_above_maximum;tone_deletion_shift_above_maximum,-301255.505141,-294794.741396,-297349.878829,0
T01,explore,late_median_margin,sha256:6ae9ef2b5aa90b3bbb9802217448db5fc8fb2677ee31d8948bd28dd1ba6dd09c,-1,47243453,18.89805,1,0,-296254.4475,-298254.4475,0,exact_coherence_below_minimum;coherence_margin_below_minimum;even_odd_disagreement_above_maximum;timing_spread_above_maximum;half_frame_difference_above_maximum;tone_deletion_shift_above_maximum;search_boundary,-292634.293006,-294254.4475,-298254.4475,0
T01,explore,late_median_margin,sha256:6ae9ef2b5aa90b3bbb9802217448db5fc8fb2677ee31d8948bd28dd1ba6dd09c,-1,47246786,18.8993832,1,0,-296254.4475,-298254.4475,0,exact_coherence_below_minimum;even_odd_disagreement_above_maximum;timing_spread_above_maximum;tone_deletion_shift_above_maximum;search_boundary,-298283.417565,-294419.583807,-297896.640899,0
T01,explore,low_positive_margin,sha256:6ae9ef2b5aa90b3bbb9802217448db5fc8fb2677ee31d8948bd28dd1ba6dd09c,-1,50563638,20.226124,0,0,-304527.000614,-304462.960299,0,exact_coherence_below_minimum;even_odd_disagreement_above_maximum,-304462.960299,-304638.041985,-304394.27175,0
T01,explore,low_positive_margin,sha256:6ae9ef2b5aa90b3bbb9802217448db5fc8fb2677ee31d8948bd28dd1ba6dd09c,-1,50566971,20.2274572,0,0,-304527.000614,-304511.612767,0,exact_coherence_below_minimum,-304511.612767,-304481.37089,-304527.942936,1
T01,explore,low_positive_margin,sha256:6ae9ef2b5aa90b3bbb9802217448db5fc8fb2677ee31d8948bd28dd1ba6dd09c,-1,50570305,20.2287908,0,0,-304527.000614,-304563.719193,0,exact_coherence_below_minimum;even_odd_disagreement_above_maximum;timing_spread_above_maximum;tone_deletion_shift_above_maximum,-298718.856983,-304215.461042,-305927.007981,0
T01,explore,low_positive_margin,sha256:6ae9ef2b5aa90b3bbb9802217448db5fc8fb2677ee31d8948bd28dd1ba6dd09c,-1,50573638,20.230124,0,0,-304527.000614,-304592.46619,0,exact_coherence_below_minimum,-304592.46619,-304595.048252,-304568.109134,0
T01,explore,low_positive_margin,sha256:6ae9ef2b5aa90b3bbb9802217448db5fc8fb2677ee31d8948bd28dd1ba6dd09c,-1,50576971,20.2314572,0,0,-304527.000614,-304539.141435,0,exact_coherence_below_minimum;tone_deletion_shift_above_maximum,-304539.141435,-304627.816583,-304539.590197,0
T01,explore,low_positive_margin,sha256:6ae9ef2b5aa90b3bbb9802217448db5fc8fb2677ee31d8948bd28dd1ba6dd09c,-1,50580305,20.2327908,0,0,-304527.000614,-304476.463375,0,exact_coherence_below_minimum;even_odd_disagreement_above_maximum;half_frame_difference_above_maximum;tone_deletion_shift_above_maximum,-304476.463375,-304693.649207,-306014.435066,0
T01,explore,low_positive_margin,sha256:6ae9ef2b5aa90b3bbb9802217448db5fc8fb2677ee31d8948bd28dd1ba6dd09c,-1,50583638,20.234124,0,0,-304527.000614,-304492.578746,0,exact_coherence_below_minimum;even_odd_disagreement_above_maximum;timing_spread_above_maximum,-304492.578746,-304556.34385,-304319.44752,0
T01,explore,low_positive_margin,sha256:6ae9ef2b5aa90b3bbb9802217448db5fc8fb2677ee31d8948bd28dd1ba6dd09c,-1,50586971,20.2354572,0,0,-304527.000614,-304482.870917,0,exact_coherence_below_minimum;even_odd_disagreement_above_maximum;timing_spread_above_maximum;half_frame_difference_above_maximum,-304482.870917,-304718.585282,-304344.959443,0
T01,explore,low_positive_margin,sha256:6ae9ef2b5aa90b3bbb9802217448db5fc8fb2677ee31d8948bd28dd1ba6dd09c,-1,50590305,20.2367908,0,0,-304527.000614,-304543.011013,0,exact_coherence_below_minimum;half_frame_difference_above_maximum,-304543.011013,-304547.353571,-304628.392465,0
T01,explore,low_positive_margin,sha256:6ae9ef2b5aa90b3bbb9802217448db5fc8fb2677ee31d8948bd28dd1ba6dd09c,-1,50593638,20.238124,0,1,-304527.000614,,0,refill_boundary_crossing,,,,0
T01,explore,low_positive_margin,sha256:6ae9ef2b5aa90b3bbb9802217448db5fc8fb2677ee31d8948bd28dd1ba6dd09c,-1,50596971,20.2394572,0,0,-304527.000614,-305985.379995,0,exact_coherence_below_minimum;even_odd_disagreement_above_maximum;timing_spread_above_maximum;half_frame_difference_above_maximum,-301187.004699,-304509.950231,-305739.726401,0
T01,explore,low_positive_margin,sha256:6ae9ef2b5aa90b3bbb9802217448db5fc8fb2677ee31d8948bd28dd1ba6dd09c,-1,50600305,20.2407908,0,0,-304527.000614,-306515.148065,0,exact_coherence_below_minimum;coherence_margin_below_minimum;even_odd_disagreement_above_maximum;timing_spread_above_maximum;tone_deletion_shift_above_maximum,-306515.148065,-303417.942139,-305136.411566,0
T01,explore,low_positive_margin,sha256:6ae9ef2b5aa90b3bbb9802217448db5fc8fb2677ee31d8948bd28dd1ba6dd09c,-1,50603638,20.242124,0,0,-304527.000614,-306445.565673,0,exact_coherence_below_minimum;coherence_margin_below_minimum;even_odd_disagreement_above_maximum;timing_spread_above_maximum;half_frame_difference_above_maximum;tone_deletion_shift_above_maximum,-299630.911145,-304521.003806,-305624.517367,0
T01,explore,low_positive_margin,sha256:6ae9ef2b5aa90b3bbb9802217448db5fc8fb2677ee31d8948bd28dd1ba6dd09c,-1,50606971,20.2434572,0,0,-304527.000614,-303820.850517,0,exact_coherence_below_minimum;even_odd_disagreement_above_maximum;timing_spread_above_maximum;half_frame_difference_above_maximum;tone_deletion_shift_above_maximum,-300630.904959,-305889.42372,-303972.096634,0
T01,explore,low_positive_margin,sha256:6ae9ef2b5aa90b3bbb9802217448db5fc8fb2677ee31d8948bd28dd1ba6dd09c,-1,50610305,20.2447908,0,0,-304527.000614,-303366.814302,0,exact_coherence_below_minimum;even_odd_disagreement_above_maximum;half_frame_difference_above_maximum;tone_deletion_shift_above_maximum,-303366.814302,-303286.238664,-305966.325557,0
T01,explore,low_positive_margin,sha256:6ae9ef2b5aa90b3bbb9802217448db5fc8fb2677ee31d8948bd28dd1ba6dd09c,-1,50613638,20.246124,0,0,-304527.000614,-304799.322547,0,exact_coherence_below_minimum;even_odd_disagreement_above_maximum;timing_spread_above_maximum;half_frame_difference_above_maximum;tone_deletion_shift_above_maximum,-304799.322547,-302648.541418,-304044.935866,0
T01,explore,low_positive_margin,sha256:6ae9ef2b5aa90b3bbb9802217448db5fc8fb2677ee31d8948bd28dd1ba6dd09c,-1,50616971,20.2474572,0,0,-304527.000614,-303387.153161,0,exact_coherence_below_minimum;coherence_margin_below_minimum;even_odd_disagreement_above_maximum;timing_spread_above_maximum;half_frame_difference_above_maximum;tone_deletion_shift_above_maximum,-307453.876425,-304773.980649,-304090.489987,0
T01,explore,low_positive_margin,sha256:6ae9ef2b5aa90b3bbb9802217448db5fc8fb2677ee31d8948bd28dd1ba6dd09c,-1,50620305,20.2487908,0,0,-304527.000614,-305337.755561,0,exact_coherence_below_minimum;coherence_margin_below_minimum;even_odd_disagreement_above_maximum;timing_spread_above_maximum;half_frame_difference_above_maximum;tone_deletion_shift_above_maximum,-305337.755561,-305404.074675,-302649.531893,0
T01,explore,low_positive_margin,sha256:6ae9ef2b5aa90b3bbb9802217448db5fc8fb2677ee31d8948bd28dd1ba6dd09c,-1,50623638,20.250124,0,0,-304527.000614,-306527.000614,0,exact_coherence_below_minimum;coherence_margin_below_minimum;even_odd_disagreement_above_maximum;timing_spread_above_maximum;half_frame_difference_above_maximum;tone_deletion_shift_above_maximum;search_boundary,-310470.91527,-303345.239558,-306527.000614,0
T01,explore,low_positive_margin,sha256:6ae9ef2b5aa90b3bbb9802217448db5fc8fb2677ee31d8948bd28dd1ba6dd09c,-1,50626971,20.2514572,0,0,-304527.000614,-303396.632526,0,exact_coherence_below_minimum;even_odd_disagreement_above_maximum;timing_spread_above_maximum;half_frame_difference_above_maximum;tone_deletion_shift_above_maximum,-303396.632526,-303351.176403,-303496.997647,0
T01,explore,low_positive_margin,sha256:6ae9ef2b5aa90b3bbb9802217448db5fc8fb2677ee31d8948bd28dd1ba6dd09c,-1,50630305,20.2527908,0,0,-304527.000614,-306527.000614,0,exact_coherence_below_minimum;even_odd_disagreement_above_maximum;timing_spread_above_maximum;half_frame_difference_above_maximum;tone_deletion_shift_above_maximum;search_boundary,-308854.567589,-305869.371038,-306481.382764,0
T01,explore,low_positive_margin,sha256:6ae9ef2b5aa90b3bbb9802217448db5fc8fb2677ee31d8948bd28dd1ba6dd09c,-1,50633638,20.254124,0,0,-304527.000614,-304590.705479,0,exact_coherence_below_minimum;even_odd_disagreement_above_maximum;timing_spread_above_maximum;tone_deletion_shift_above_maximum,-304590.705479,-305383.505524,-304479.286531,0
T01,explore,low_positive_margin,sha256:6ae9ef2b5aa90b3bbb9802217448db5fc8fb2677ee31d8948bd28dd1ba6dd09c,-1,50636971,20.2554572,0,0,-304527.000614,-306120.987125,0,exact_coherence_below_minimum;even_odd_disagreement_above_maximum,-306120.987125,-302780.286734,-306010.071967,0
T01,explore,low_positive_margin,sha256:6ae9ef2b5aa90b3bbb9802217448db5fc8fb2677ee31d8948bd28dd1ba6dd09c,-1,50640305,20.2567908,0,0,-304527.000614,-304638.332329,0,exact_coherence_below_minimum;tone_deletion_shift_above_maximum,-307883.330543,-304766.026609,-304754.28285,0
T01,explore,low_positive_margin,sha256:6ae9ef2b5aa90b3bbb9802217448db5fc8fb2677ee31d8948bd28dd1ba6dd09c,-1,50643638,20.258124,0,0,-304527.000614,-303461.93084,0,exact_coherence_below_minimum;coherence_margin_below_minimum;timing_spread_above_maximum;half_frame_difference_above_maximum;tone_deletion_shift_above_maximum,-303461.93084,-306456.451017,-306527.000614,0
T01,explore,low_positive_margin,sha256:6ae9ef2b5aa90b3bbb9802217448db5fc8fb2677ee31d8948bd28dd1ba6dd09c,-1,50646971,20.2594572,0,0,-304527.000614,-303032.836022,0,exact_coherence_below_minimum;even_odd_disagreement_above_maximum;timing_spread_above_maximum;tone_deletion_shift_above_maximum,-303032.836022,-303032.160258,-304288.64724,0
T01,explore,low_positive_margin,sha256:6ae9ef2b5aa90b3bbb9802217448db5fc8fb2677ee31d8948bd28dd1ba6dd09c,-1,50650305,20.2607908,0,0,-304527.000614,-304968.062882,0,exact_coherence_below_minimum;coherence_margin_below_minimum;even_odd_disagreement_above_maximum;timing_spread_above_maximum;half_frame_difference_above_maximum;tone_deletion_shift_above_maximum,-310527.000614,-306281.070654,-302713.308414,0
T01,explore,low_positive_margin,sha256:6ae9ef2b5aa90b3bbb9802217448db5fc8fb2677ee31d8948bd28dd1ba6dd09c,-1,50653638,20.262124,0,0,-304527.000614,-303400.565305,0,exact_coherence_below_minimum;even_odd_disagreement_above_maximum;timing_spread_above_maximum;tone_deletion_shift_above_maximum,-303400.565305,-304437.899817,-305484.084666,0
T01,explore,low_positive_margin,sha256:6ae9ef2b5aa90b3bbb9802217448db5fc8fb2677ee31d8948bd28dd1ba6dd09c,-1,50656971,20.2634572,0,0,-304527.000614,-306355.012564,0,exact_coherence_below_minimum;coherence_margin_below_minimum;even_odd_disagreement_above_maximum;timing_spread_above_maximum;half_frame_difference_above_maximum;tone_deletion_shift_above_maximum,-309059.117635,-303153.833958,-304444.924733,0
T01,explore,low_positive_margin,sha256:6ae9ef2b5aa90b3bbb9802217448db5fc8fb2677ee31d8948bd28dd1ba6dd09c,-1,50660305,20.2647908,0,0,-304527.000614,-304280.446729,0,exact_coherence_below_minimum;even_odd_disagreement_above_maximum;timing_spread_above_maximum;half_frame_difference_above_maximum;tone_deletion_shift_above_maximum,-304280.446729,-304189.203777,-303161.921344,0
T01,explore,low_positive_margin,sha256:6ae9ef2b5aa90b3bbb9802217448db5fc8fb2677ee31d8948bd28dd1ba6dd09c,-1,50663638,20.266124,0,0,-304527.000614,-306527.000614,0,exact_coherence_below_minimum;even_odd_disagreement_above_maximum;half_frame_difference_above_maximum;search_boundary,-298787.719487,-305059.392805,-302527.000614,0
T01,explore,low_positive_margin,sha256:6ae9ef2b5aa90b3bbb9802217448db5fc8fb2677ee31d8948bd28dd1ba6dd09c,-1,50666971,20.2674572,0,0,-304527.000614,-306250.649055,0,exact_coherence_below_minimum;even_odd_disagreement_above_maximum;timing_spread_above_maximum;tone_deletion_shift_above_maximum,-302169.943624,-303088.515832,-306244.878476,0
T01,explore,low_positive_margin,sha256:6ae9ef2b5aa90b3bbb9802217448db5fc8fb2677ee31d8948bd28dd1ba6dd09c,-1,50670305,20.2687908,0,0,-304527.000614,-304551.625608,0,exact_coherence_below_minimum;even_odd_disagreement_above_maximum;timing_spread_above_maximum;half_frame_difference_above_maximum;tone_deletion_shift_above_maximum,-309951.26391,-304463.466572,-302581.172532,0
T01,explore,low_positive_margin,sha256:6ae9ef2b5aa90b3bbb9802217448db5fc8fb2677ee31d8948bd28dd1ba6dd09c,-1,50673638,20.270124,0,0,-304527.000614,-302816.691961,0,exact_coherence_below_minimum;coherence_margin_below_minimum;even_odd_disagreement_above_maximum;timing_spread_above_maximum;half_frame_difference_above_maximum;tone_deletion_shift_above_maximum,-300620.934401,-306413.769697,-305303.439312,0
T01,explore,low_positive_margin,sha256:6ae9ef2b5aa90b3bbb9802217448db5fc8fb2677ee31d8948bd28dd1ba6dd09c,-1,50676971,20.2714572,0,0,-304527.000614,-304738.756377,0,exact_coherence_below_minimum;even_odd_disagreement_above_maximum;timing_spread_above_maximum;half_frame_difference_above_maximum;tone_deletion_shift_above_maximum,-304738.756377,-304906.939341,-303030.976399,0
T01,explore,low_positive_margin,sha256:6ae9ef2b5aa90b3bbb9802217448db5fc8fb2677ee31d8948bd28dd1ba6dd09c,-1,50680305,20.2727908,0,0,-304527.000614,-305874.433085,0,exact_coherence_below_minimum;coherence_margin_below_minimum;even_odd_disagreement_above_maximum;timing_spread_above_maximum;half_frame_difference_above_maximum;tone_deletion_shift_above_maximum,-300804.947477,-305448.53015,-303574.332761,0
T01,explore,low_positive_margin,sha256:6ae9ef2b5aa90b3bbb9802217448db5fc8fb2677ee31d8948bd28dd1ba6dd09c,-1,50683638,20.274124,0,0,-304527.000614,-306527.000614,0,exact_coherence_below_minimum;even_odd_disagreement_above_maximum;timing_spread_above_maximum;half_frame_difference_above_maximum;tone_deletion_shift_above_maximum;search_boundary,-306554.433144,-304669.531168,-306527.000614,0
T01,explore,low_positive_margin,sha256:6ae9ef2b5aa90b3bbb9802217448db5fc8fb2677ee31d8948bd28dd1ba6dd09c,-1,50686971,20.2754572,0,0,-304527.000614,-306177.449827,0,exact_coherence_below_minimum;coherence_margin_below_minimum;even_odd_disagreement_above_maximum;timing_spread_above_maximum;half_frame_difference_above_maximum;tone_deletion_shift_above_maximum,-299073.970235,-306527.000614,-302708.277159,0
T01,explore,low_positive_margin,sha256:6ae9ef2b5aa90b3bbb9802217448db5fc8fb2677ee31d8948bd28dd1ba6dd09c,-1,50690305,20.2767908,0,0,-304527.000614,-305777.999207,0,exact_coherence_below_minimum;even_odd_disagreement_above_maximum;timing_spread_above_maximum;half_frame_difference_above_maximum;tone_deletion_shift_above_maximum,-299006.970751,-305170.987209,-305962.724612,0
T01,explore,low_positive_margin,sha256:6ae9ef2b5aa90b3bbb9802217448db5fc8fb2677ee31d8948bd28dd1ba6dd09c,-1,50693638,20.278124,0,0,-304527.000614,-303738.95894,0,exact_coherence_below_minimum;even_odd_disagreement_above_maximum;timing_spread_above_maximum;half_frame_difference_above_maximum;tone_deletion_shift_above_maximum,-310527.000614,-303852.26872,-303230.873453,0
T01,explore,low_positive_margin,sha256:6ae9ef2b5aa90b3bbb9802217448db5fc8fb2677ee31d8948bd28dd1ba6dd09c,-1,50696971,20.2794572,0,0,-304527.000614,-304755.990627,0,exact_coherence_below_minimum;even_odd_disagreement_above_maximum;timing_spread_above_maximum;half_frame_difference_above_maximum;tone_deletion_shift_above_maximum,-299101.010295,-303253.343282,-303733.306815,0
T01,explore,low_positive_margin,sha256:6ae9ef2b5aa90b3bbb9802217448db5fc8fb2677ee31d8948bd28dd1ba6dd09c,-1,50700305,20.2807908,0,0,-304527.000614,-303350.28447,0,exact_coherence_below_minimum;coherence_margin_below_minimum;even_odd_disagreement_above_maximum;timing_spread_above_maximum;half_frame_difference_above_maximum;tone_deletion_shift_above_maximum,-299696.588698,-305862.240232,-303410.33492,0
T01,explore,low_positive_margin,sha256:6ae9ef2b5aa90b3bbb9802217448db5fc8fb2677ee31d8948bd28dd1ba6dd09c,-1,50703638,20.282124,0,0,-304527.000614,-306527.000614,0,exact_coherence_below_minimum;coherence_margin_below_minimum;even_odd_disagreement_above_maximum;timing_spread_above_maximum;half_frame_difference_above_maximum;tone_deletion_shift_above_maximum;search_boundary,-299080.939107,-305260.079593,-304556.481746,0
T01,explore,low_positive_margin,sha256:6ae9ef2b5aa90b3bbb9802217448db5fc8fb2677ee31d8948bd28dd1ba6dd09c,-1,50706971,20.2834572,0,0,-304527.000614,-305681.985274,0,exact_coherence_below_minimum;even_odd_disagreement_above_maximum;timing_spread_above_maximum;half_frame_difference_above_maximum;tone_deletion_shift_above_maximum,-309887.429065,-302566.683287,-305671.072917,0
T01,explore,low_positive_margin,sha256:6ae9ef2b5aa90b3bbb9802217448db5fc8fb2677ee31d8948bd28dd1ba6dd09c,-1,50710305,20.2847908,0,0,-304527.000614,-305706.99462,0,exact_coherence_below_minimum;even_odd_disagreement_above_maximum;timing_spread_above_maximum;half_frame_difference_above_maximum;tone_deletion_shift_above_maximum,-305706.99462,-304068.613621,-305780.105325,0
T01,explore,low_positive_margin,sha256:6ae9ef2b5aa90b3bbb9802217448db5fc8fb2677ee31d8948bd28dd1ba6dd09c,-1,50713638,20.286124,0,0,-304527.000614,-303095.103232,0,exact_coherence_below_minimum;coherence_margin_below_minimum;even_odd_disagreement_above_maximum;timing_spread_above_maximum;half_frame_difference_above_maximum;tone_deletion_shift_above_maximum,-301438.449167,-302894.718113,-306164.187924,0
T01,explore,low_positive_margin,sha256:6ae9ef2b5aa90b3bbb9802217448db5fc8fb2677ee31d8948bd28dd1ba6dd09c,-1,50716971,20.2874572,0,0,-304527.000614,-306141.926031,0,exact_coherence_below_minimum;coherence_margin_below_minimum;even_odd_disagreement_above_maximum;timing_spread_above_maximum;half_frame_difference_above_maximum;tone_deletion_shift_above_maximum,-310223.981092,-302841.40111,-305058.092964,0
T01,explore,low_positive_margin,sha256:6ae9ef2b5aa90b3bbb9802217448db5fc8fb2677ee31d8948bd28dd1ba6dd09c,-1,50720305,20.2887908,0,0,-304527.000614,-302537.46585,0,exact_coherence_below_minimum;coherence_margin_below_minimum;even_odd_disagreement_above_maximum;timing_spread_above_maximum;half_frame_difference_above_maximum;tone_deletion_shift_above_maximum,-310158.667983,-303770.268915,-302527.000614,0
T01,explore,low_positive_margin,sha256:6ae9ef2b5aa90b3bbb9802217448db5fc8fb2677ee31d8948bd28dd1ba6dd09c,-1,50723638,20.290124,0,0,-304527.000614,-305772.173506,0,exact_coherence_below_minimum;coherence_margin_below_minimum;timing_spread_above_maximum;half_frame_difference_above_maximum;tone_deletion_shift_above_maximum,-300314.673936,-305441.692929,-305533.444437,0
T01,explore,low_positive_margin,sha256:6ae9ef2b5aa90b3bbb9802217448db5fc8fb2677ee31d8948bd28dd1ba6dd09c,-1,50726971,20.2914572,0,0,-304527.000614,-303052.839078,0,exact_coherence_below_minimum;even_odd_disagreement_above_maximum;timing_spread_above_maximum;half_frame_difference_above_maximum,-300255.209329,-302844.348042,-303104.725962,0
T01,explore,low_positive_margin,sha256:6ae9ef2b5aa90b3bbb9802217448db5fc8fb2677ee31d8948bd28dd1ba6dd09c,-1,50730305,20.2927908,0,0,-304527.000614,-306527.000614,0,exact_coherence_below_minimum;coherence_margin_below_minimum;even_odd_disagreement_above_maximum;timing_spread_above_maximum;tone_deletion_shift_above_maximum;search_boundary,-306791.639376,-302935.070671,-306527.000614,0
T01,explore,low_positive_margin,sha256:6ae9ef2b5aa90b3bbb9802217448db5fc8fb2677ee31d8948bd28dd1ba6dd09c,-1,50733638,20.294124,0,0,-304527.000614,-306527.000614,0,exact_coherence_below_minimum;coherence_margin_below_minimum;even_odd_disagreement_above_maximum;half_frame_difference_above_maximum;search_boundary,-306639.839999,-303067.700968,-306527.000614,0
T01,explore,low_positive_margin,sha256:6ae9ef2b5aa90b3bbb9802217448db5fc8fb2677ee31d8948bd28dd1ba6dd09c,-1,50736971,20.2954572,0,0,-304527.000614,-304763.522262,0,exact_coherence_below_minimum;coherence_margin_below_minimum;even_odd_disagreement_above_maximum;timing_spread_above_maximum;half_frame_difference_above_maximum;tone_deletion_shift_above_maximum,-304763.522262,-304920.311898,-302586.481764,0
T01,explore,low_positive_margin,sha256:6ae9ef2b5aa90b3bbb9802217448db5fc8fb2677ee31d8948bd28dd1ba6dd09c,-1,50740305,20.2967908,0,0,-304527.000614,-303437.174637,0,exact_coherence_below_minimum;even_odd_disagreement_above_maximum;timing_spread_above_maximum,-303437.174637,-303578.355052,-303429.171546,0
T01,explore,low_positive_margin,sha256:6ae9ef2b5aa90b3bbb9802217448db5fc8fb2677ee31d8948bd28dd1ba6dd09c,-1,50743638,20.298124,0,0,-304527.000614,-306277.997985,0,exact_coherence_below_minimum;coherence_margin_below_minimum;even_odd_disagreement_above_maximum;timing_spread_above_maximum;half_frame_difference_above_maximum;tone_deletion_shift_above_maximum,-300696.093819,-305224.32763,-306443.106563,0
T01,explore,low_positive_margin,sha256:6ae9ef2b5aa90b3bbb9802217448db5fc8fb2677ee31d8948bd28dd1ba6dd09c,-1,50746971,20.2994572,0,0,-304527.000614,-304674.15263,0,exact_coherence_below_minimum;coherence_margin_below_minimum;even_odd_disagreement_above_maximum;timing_spread_above_maximum;half_frame_difference_above_maximum;tone_deletion_shift_above_maximum,-299520.012042,-303286.327875,-302959.603427,0
T01,explore,middle_median_margin,sha256:6ae9ef2b5aa90b3bbb9802217448db5fc8fb2677ee31d8948bd28dd1ba6dd09c,-1,44189703,17.67655,1,0,-289224.94889,-289148.956323,0,exact_coherence_below_minimum;even_odd_disagreement_above_maximum;tone_deletion_shift_above_maximum,-289148.956323,-288985.639819,-289262.646649,0
T01,explore,middle_median_margin,sha256:6ae9ef2b5aa90b3bbb9802217448db5fc8fb2677ee31d8948bd28dd1ba6dd09c,-1,44193036,17.6778832,1,0,-289224.94889,-289080.412362,0,exact_coherence_below_minimum;even_odd_disagreement_above_maximum;timing_spread_above_maximum,-289080.412362,-289282.492548,-289093.006415,0
T01,explore,middle_median_margin,sha256:6ae9ef2b5aa90b3bbb9802217448db5fc8fb2677ee31d8948bd28dd1ba6dd09c,-1,44196370,17.6792168,1,0,-289224.94889,-289200.450224,0,exact_coherence_below_minimum;even_odd_disagreement_above_maximum;half_frame_difference_above_maximum,-289200.450224,-288190.852686,-289292.652277,0
T01,explore,middle_median_margin,sha256:6ae9ef2b5aa90b3bbb9802217448db5fc8fb2677ee31d8948bd28dd1ba6dd09c,-1,44199703,17.68055,1,0,-289224.94889,-289314.918598,0,exact_coherence_below_minimum;even_odd_disagreement_above_maximum;timing_spread_above_maximum;half_frame_difference_above_maximum;tone_deletion_shift_above_maximum,-284965.419779,-289290.620843,-289445.24061,0
T01,explore,middle_median_margin,sha256:6ae9ef2b5aa90b3bbb9802217448db5fc8fb2677ee31d8948bd28dd1ba6dd09c,-1,44203036,17.6818832,1,0,-289224.94889,-289339.912713,0,exact_coherence_below_minimum;even_odd_disagreement_above_maximum,-289339.912713,-288446.240591,-289321.73936,0
T01,explore,middle_median_margin,sha256:6ae9ef2b5aa90b3bbb9802217448db5fc8fb2677ee31d8948bd28dd1ba6dd09c,-1,44206370,17.6832168,1,0,-289224.94889,-289191.442224,0,exact_coherence_below_minimum;even_odd_disagreement_above_maximum,-289191.442224,-289180.522708,-289547.782223,0
T01,explore,middle_median_margin,sha256:6ae9ef2b5aa90b3bbb9802217448db5fc8fb2677ee31d8948bd28dd1ba6dd09c,-1,44209703,17.68455,1,0,-289224.94889,-289038.707709,0,exact_coherence_below_minimum;even_odd_disagreement_above_maximum;timing_spread_above_maximum,-289038.707709,-289266.619789,-288689.89927,0
T01,explore,middle_median_margin,sha256:6ae9ef2b5aa90b3bbb9802217448db5fc8fb2677ee31d8948bd28dd1ba6dd09c,-1,44213036,17.6858832,1,0,-289224.94889,-289024.158597,0,exact_coherence_below_minimum;tone_deletion_shift_above_maximum,-289024.158597,-289041.693549,-289111.081272,0
T01,explore,middle_median_margin,sha256:6ae9ef2b5aa90b3bbb9802217448db5fc8fb2677ee31d8948bd28dd1ba6dd09c,-1,44216370,17.6872168,1,0,-289224.94889,-289206.756912,0,exact_coherence_below_minimum;even_odd_disagreement_above_maximum;timing_spread_above_maximum;tone_deletion_shift_above_maximum,-289206.756912,-289028.276215,-290403.545333,0
T01,explore,middle_median_margin,sha256:6ae9ef2b5aa90b3bbb9802217448db5fc8fb2677ee31d8948bd28dd1ba6dd09c,-1,44219703,17.68855,1,0,-289224.94889,-289315.265492,0,exact_coherence_below_minimum;even_odd_disagreement_above_maximum;half_frame_difference_above_maximum,-289315.265492,-289190.218884,-287682.993423,0
T01,explore,middle_median_margin,sha256:6ae9ef2b5aa90b3bbb9802217448db5fc8fb2677ee31d8948bd28dd1ba6dd09c,-1,44223036,17.6898832,1,0,-289224.94889,-289117.603499,0,exact_coherence_below_minimum;timing_spread_above_maximum,-289117.603499,-289243.893192,-289155.727958,0
T01,explore,middle_median_margin,sha256:6ae9ef2b5aa90b3bbb9802217448db5fc8fb2677ee31d8948bd28dd1ba6dd09c,-1,44226370,17.6912168,1,0,-289224.94889,-289373.221761,0,exact_coherence_below_minimum;even_odd_disagreement_above_maximum;timing_spread_above_maximum;tone_deletion_shift_above_maximum,-289373.221761,-291197.384616,-289421.445444,0
T01,explore,middle_median_margin,sha256:6ae9ef2b5aa90b3bbb9802217448db5fc8fb2677ee31d8948bd28dd1ba6dd09c,-1,44229703,17.69255,1,0,-289224.94889,-289218.206758,0,exact_coherence_below_minimum;even_odd_disagreement_above_maximum;half_frame_difference_above_maximum,-289218.206758,-288234.837186,-289312.864739,0
T01,explore,middle_median_margin,sha256:6ae9ef2b5aa90b3bbb9802217448db5fc8fb2677ee31d8948bd28dd1ba6dd09c,-1,44233036,17.6938832,1,0,-289224.94889,-289188.1609,0,exact_coherence_below_minimum;even_odd_disagreement_above_maximum;timing_spread_above_maximum,-289188.1609,-289221.791603,-290427.442204,0
T01,explore,middle_median_margin,sha256:6ae9ef2b5aa90b3bbb9802217448db5fc8fb2677ee31d8948bd28dd1ba6dd09c,-1,44236370,17.6952168,1,0,-289224.94889,-291154.198664,0,exact_coherence_below_minimum;even_odd_disagreement_above_maximum;timing_spread_above_maximum;half_frame_difference_above_maximum;tone_deletion_shift_above_maximum,-285933.378029,-291060.711799,-287241.756767,0
T01,explore,middle_median_margin,sha256:6ae9ef2b5aa90b3bbb9802217448db5fc8fb2677ee31d8948bd28dd1ba6dd09c,-1,44239703,17.69655,1,0,-289224.94889,-289456.657206,0,exact_coherence_below_minimum;even_odd_disagreement_above_maximum;timing_spread_above_maximum;half_frame_difference_above_maximum;tone_deletion_shift_above_maximum,-289456.657206,-289552.938413,-289390.92643,0
T01,explore,middle_median_margin,sha256:6ae9ef2b5aa90b3bbb9802217448db5fc8fb2677ee31d8948bd28dd1ba6dd09c,-1,44243036,17.6978832,1,0,-289224.94889,-289205.354656,0,exact_coherence_below_minimum;even_odd_disagreement_above_maximum;timing_spread_above_maximum,-289205.354656,-288993.384702,-289200.382548,0
T01,explore,middle_median_margin,sha256:6ae9ef2b5aa90b3bbb9802217448db5fc8fb2677ee31d8948bd28dd1ba6dd09c,-1,44246370,17.6992168,1,0,-289224.94889,-289338.038805,0,exact_coherence_below_minimum;even_odd_disagreement_above_maximum;timing_spread_above_maximum,-289338.038805,-289376.999389,-288232.495326,0
T01,explore,middle_median_margin,sha256:6ae9ef2b5aa90b3bbb9802217448db5fc8fb2677ee31d8948bd28dd1ba6dd09c,-1,44249703,17.70055,1,0,-289224.94889,-289214.628276,0,exact_coherence_below_minimum;tone_deletion_shift_above_maximum,-289214.628276,-289292.26251,-289290.608123,0
T01,explore,middle_median_margin,sha256:6ae9ef2b5aa90b3bbb9802217448db5fc8fb2677ee31d8948bd28dd1ba6dd09c,-1,44253036,17.7018832,1,0,-289224.94889,-289287.156207,0,exact_coherence_below_minimum;even_odd_disagreement_above_maximum;timing_spread_above_maximum;half_frame_difference_above_maximum;tone_deletion_shift_above_maximum,-289287.156207,-290890.589445,-289035.678771,0
T01,explore,middle_median_margin,sha256:6ae9ef2b5aa90b3bbb9802217448db5fc8fb2677ee31d8948bd28dd1ba6dd09c,-1,44256370,17.7032168,1,0,-289224.94889,-289396.410892,0,exact_coherence_below_minimum;even_odd_disagreement_above_maximum;half_frame_difference_above_maximum;tone_deletion_shift_above_maximum,-289396.410892,-287696.292168,-289450.727969,0
T01,explore,middle_median_margin,sha256:6ae9ef2b5aa90b3bbb9802217448db5fc8fb2677ee31d8948bd28dd1ba6dd09c,-1,44259703,17.70455,1,0,-289224.94889,-289299.429108,0,exact_coherence_below_minimum;half_frame_difference_above_maximum,-289299.429108,-289333.914422,-289283.440543,0
T01,explore,middle_median_margin,sha256:6ae9ef2b5aa90b3bbb9802217448db5fc8fb2677ee31d8948bd28dd1ba6dd09c,-1,44263036,17.7058832,1,0,-289224.94889,-289311.917383,0,exact_coherence_below_minimum;even_odd_disagreement_above_maximum;timing_spread_above_maximum;half_frame_difference_above_maximum;tone_deletion_shift_above_maximum,-289311.917383,-289460.068024,-289233.595755,0
T01,explore,middle_median_margin,sha256:6ae9ef2b5aa90b3bbb9802217448db5fc8fb2677ee31d8948bd28dd1ba6dd09c,-1,44266370,17.7072168,1,0,-289224.94889,-291224.94889,0,exact_coherence_below_minimum;coherence_margin_below_minimum;even_odd_disagreement_above_maximum;timing_spread_above_maximum;half_frame_difference_above_maximum;tone_deletion_shift_above_maximum;search_boundary,-291314.21796,-291063.815271,-288664.254471,0
T01,explore,middle_median_margin,sha256:6ae9ef2b5aa90b3bbb9802217448db5fc8fb2677ee31d8948bd28dd1ba6dd09c,-1,44269703,17.70855,1,0,-289224.94889,-289351.561454,0,exact_coherence_below_minimum;tone_deletion_shift_above_maximum,-289351.561454,-289363.282013,-289381.360816,0
T01,explore,middle_median_margin,sha256:6ae9ef2b5aa90b3bbb9802217448db5fc8fb2677ee31d8948bd28dd1ba6dd09c,-1,44273036,17.7098832,1,0,-289224.94889,-289407.606274,0,exact_coherence_below_minimum;even_odd_disagreement_above_maximum;timing_spread_above_maximum;half_frame_difference_above_maximum;tone_deletion_shift_above_maximum,-289407.606274,-289111.617113,-289531.42305,0
T01,explore,middle_median_margin,sha256:6ae9ef2b5aa90b3bbb9802217448db5fc8fb2677ee31d8948bd28dd1ba6dd09c,-1,44276370,17.7112168,1,0,-289224.94889,-289142.501628,0,exact_coherence_below_minimum;timing_spread_above_maximum,-289142.501628,-289157.300493,-289058.612199,0
T01,explore,middle_median_margin,sha256:6ae9ef2b5aa90b3bbb9802217448db5fc8fb2677ee31d8948bd28dd1ba6dd09c,-1,44279703,17.71255,1,0,-289224.94889,-289303.689506,0,exact_coherence_below_minimum;even_odd_disagreement_above_maximum;timing_spread_above_maximum,-289303.689506,-289439.538231,-289169.836673,0
T01,explore,middle_median_margin,sha256:6ae9ef2b5aa90b3bbb9802217448db5fc8fb2677ee31d8948bd28dd1ba6dd09c,-1,44283036,17.7138832,1,0,-289224.94889,-289394.866612,0,exact_coherence_below_minimum;even_odd_disagreement_above_maximum;half_frame_difference_above_maximum,-289394.866612,-289403.128405,-287405.046658,0
T01,explore,middle_median_margin,sha256:6ae9ef2b5aa90b3bbb9802217448db5fc8fb2677ee31d8948bd28dd1ba6dd09c,-1,44286370,17.7152168,1,0,-289224.94889,-289385.850914,0,exact_coherence_below_minimum;coherence_margin_below_minimum;even_odd_disagreement_above_maximum;timing_spread_above_maximum,-289385.850914,-288011.635096,-289526.092086,0
T01,explore,middle_median_margin,sha256:6ae9ef2b5aa90b3bbb9802217448db5fc8fb2677ee31d8948bd28dd1ba6dd09c,-1,44289703,17.71655,1,0,-289224.94889,-289211.521929,0,exact_coherence_below_minimum;even_odd_disagreement_above_maximum;timing_spread_above_maximum;half_frame_difference_above_maximum;tone_deletion_shift_above_maximum,-289211.521929,-289589.907672,-289184.426423,0
T01,explore,middle_median_margin,sha256:6ae9ef2b5aa90b3bbb9802217448db5fc8fb2677ee31d8948bd28dd1ba6dd09c,-1,44293036,17.7178832,1,0,-289224.94889,-289210.341801,0,exact_coherence_below_minimum;even_odd_disagreement_above_maximum;timing_spread_above_maximum;half_frame_difference_above_maximum;tone_deletion_shift_above_maximum,-289210.341801,-291026.651171,-288801.391006,0
T01,explore,middle_median_margin,sha256:6ae9ef2b5aa90b3bbb9802217448db5fc8fb2677ee31d8948bd28dd1ba6dd09c,-1,44296370,17.7192168,1,0,-289224.94889,-289436.546512,0,exact_coherence_below_minimum;even_odd_disagreement_above_maximum;timing_spread_above_maximum;half_frame_difference_above_maximum;tone_deletion_shift_above_maximum,-289436.546512,-289437.895948,-287784.294829,0
T01,explore,middle_median_margin,sha256:6ae9ef2b5aa90b3bbb9802217448db5fc8fb2677ee31d8948bd28dd1ba6dd09c,-1,44299703,17.72055,0,1,-289224.94889,,0,refill_boundary_crossing,,,,0
T01,explore,middle_median_margin,sha256:6ae9ef2b5aa90b3bbb9802217448db5fc8fb2677ee31d8948bd28dd1ba6dd09c,-1,44303036,17.7218832,1,0,-289224.94889,-290462.04642,0,exact_coherence_below_minimum;coherence_margin_below_minimum;even_odd_disagreement_above_maximum;timing_spread_above_maximum;tone_deletion_shift_above_maximum,-291649.217469,-289671.708259,-290760.401962,0
T01,explore,middle_median_margin,sha256:6ae9ef2b5aa90b3bbb9802217448db5fc8fb2677ee31d8948bd28dd1ba6dd09c,-1,44306370,17.7232168,1,0,-289224.94889,-290722.572402,0,exact_coherence_below_minimum;coherence_margin_below_minimum;even_odd_disagreement_above_maximum;timing_spread_above_maximum;tone_deletion_shift_above_maximum,-286606.856022,-290069.722931,-288479.011846,0
T01,explore,middle_median_margin,sha256:6ae9ef2b5aa90b3bbb9802217448db5fc8fb2677ee31d8948bd28dd1ba6dd09c,-1,44309703,17.72455,1,0,-289224.94889,-287916.374944,0,exact_coherence_below_minimum;even_odd_disagreement_above_maximum;timing_spread_above_maximum;tone_deletion_shift_above_maximum,-286563.387848,-287993.580327,-291139.639193,0
T01,explore,middle_median_margin,sha256:6ae9ef2b5aa90b3bbb9802217448db5fc8fb2677ee31d8948bd28dd1ba6dd09c,-1,44313036,17.7258832,1,0,-289224.94889,-290598.549474,0,exact_coherence_below_minimum;coherence_margin_below_minimum;even_odd_disagreement_above_maximum;timing_spread_above_maximum;half_frame_difference_above_maximum;tone_deletion_shift_above_maximum,-290598.549474,-289634.489815,-290751.325061,0
T01,explore,middle_median_margin,sha256:6ae9ef2b5aa90b3bbb9802217448db5fc8fb2677ee31d8948bd28dd1ba6dd09c,-1,44316370,17.7272168,1,0,-289224.94889,-289043.767241,0,exact_coherence_below_minimum;coherence_margin_below_minimum;even_odd_disagreement_above_maximum;timing_spread_above_maximum;half_frame_difference_above_maximum;tone_deletion_shift_above_maximum,-295224.94889,-287427.031944,-290006.437355,0
T01,explore,middle_median_margin,sha256:6ae9ef2b5aa90b3bbb9802217448db5fc8fb2677ee31d8948bd28dd1ba6dd09c,-1,44319703,17.72855,1,0,-289224.94889,-289296.054709,0,exact_coherence_below_minimum;even_odd_disagreement_above_maximum;timing_spread_above_maximum;half_frame_difference_above_maximum;tone_deletion_shift_above_maximum,-286896.59594,-289152.901982,-289443.562943,0
T01,explore,middle_median_margin,sha256:6ae9ef2b5aa90b3bbb9802217448db5fc8fb2677ee31d8948bd28dd1ba6dd09c,-1,44323036,17.7298832,1,0,-289224.94889,-289679.800809,0,exact_coherence_below_minimum;coherence_margin_below_minimum;even_odd_disagreement_above_maximum;timing_spread_above_maximum;tone_deletion_shift_above_maximum,-284980.700201,-291224.94889,-289760.906853,0
T01,explore,middle_median_margin,sha256:6ae9ef2b5aa90b3bbb9802217448db5fc8fb2677ee31d8948bd28dd1ba6dd09c,-1,44326370,17.7312168,1,0,-289224.94889,-290924.712526,0,exact_coherence_below_minimum;even_odd_disagreement_above_maximum;timing_spread_above_maximum;half_frame_difference_above_maximum;tone_deletion_shift_above_maximum,-290924.712526,-291187.882984,-287452.408951,0
T01,explore,middle_median_margin,sha256:6ae9ef2b5aa90b3bbb9802217448db5fc8fb2677ee31d8948bd28dd1ba6dd09c,-1,44329703,17.73255,1,0,-289224.94889,-289588.354563,0,exact_coherence_below_minimum;even_odd_disagreement_above_maximum;timing_spread_above_maximum;half_frame_difference_above_maximum;tone_deletion_shift_above_maximum,-289588.354563,-290771.588145,-288499.252755,0
T01,explore,middle_median_margin,sha256:6ae9ef2b5aa90b3bbb9802217448db5fc8fb2677ee31d8948bd28dd1ba6dd09c,-1,44333036,17.7338832,1,0,-289224.94889,-288138.959701,0,exact_coherence_below_minimum;even_odd_disagreement_above_maximum;half_frame_difference_above_maximum;tone_deletion_shift_above_maximum,-288138.959701,-288216.043913,-289398.536581,0
T01,explore,middle_median_margin,sha256:6ae9ef2b5aa90b3bbb9802217448db5fc8fb2677ee31d8948bd28dd1ba6dd09c,-1,44336370,17.7352168,1,0,-289224.94889,-287509.8463,0,exact_coherence_below_minimum;coherence_margin_below_minimum;even_odd_disagreement_above_maximum;timing_spread_above_maximum;half_frame_difference_above_maximum;tone_deletion_shift_above_maximum,-293731.198181,-289728.653786,-287794.820292,0
T01,explore,middle_median_margin,sha256:6ae9ef2b5aa90b3bbb9802217448db5fc8fb2677ee31d8948bd28dd1ba6dd09c,-1,44339703,17.73655,1,0,-289224.94889,-288005.534279,0,exact_coherence_below_minimum;even_odd_disagreement_above_maximum;timing_spread_above_maximum;half_frame_difference_above_maximum;tone_deletion_shift_above_maximum,-288005.534279,-291067.868426,-288600.882724,0
T01,explore,middle_median_margin,sha256:6ae9ef2b5aa90b3bbb9802217448db5fc8fb2677ee31d8948bd28dd1ba6dd09c,-1,44343036,17.7378832,1,0,-289224.94889,-288076.993948,0,exact_coherence_below_minimum;even_odd_disagreement_above_maximum;timing_spread_above_maximum;half_frame_difference_above_maximum;tone_deletion_shift_above_maximum,-288076.993948,-289132.977189,-288126.975628,0
T01,explore,middle_median_margin,sha256:6ae9ef2b5aa90b3bbb9802217448db5fc8fb2677ee31d8948bd28dd1ba6dd09c,-1,44346370,17.7392168,1,0,-289224.94889,-287867.807376,0,exact_coherence_below_minimum;coherence_margin_below_minimum;even_odd_disagreement_above_maximum;timing_spread_above_maximum;half_frame_difference_above_maximum;tone_deletion_shift_above_maximum,-294925.143148,-287943.312927,-290702.205708,0
T01,explore,middle_median_margin,sha256:6ae9ef2b5aa90b3bbb9802217448db5fc8fb2677ee31d8948bd28dd1ba6dd09c,-1,44349703,17.74055,1,0,-289224.94889,-289149.59532,0,exact_coherence_below_minimum;coherence_margin_below_minimum;even_odd_disagreement_above_maximum;timing_spread_above_maximum;half_frame_difference_above_maximum;tone_deletion_shift_above_maximum,-293769.005375,-288002.891833,-289213.914861,0
T01,explore,middle_median_margin,sha256:6ae9ef2b5aa90b3bbb9802217448db5fc8fb2677ee31d8948bd28dd1ba6dd09c,-1,44353036,17.7418832,1,0,-289224.94889,-291224.94889,0,exact_coherence_below_minimum;coherence_margin_below_minimum;even_odd_disagreement_above_maximum;half_frame_difference_above_maximum;tone_deletion_shift_above_maximum;search_boundary,-292628.86336,-291125.737323,-289519.618392,0
T01,explore,middle_median_margin,sha256:6ae9ef2b5aa90b3bbb9802217448db5fc8fb2677ee31d8948bd28dd1ba6dd09c,-1,44356370,17.7432168,1,0,-289224.94889,-287748.50644,0,exact_coherence_below_minimum;coherence_margin_below_minimum;even_odd_disagreement_above_maximum;timing_spread_above_maximum;half_frame_difference_above_maximum;tone_deletion_shift_above_maximum,-284459.962156,-287892.353597,-290627.114021,0
T01,explore,middle_median_margin,sha256:6ae9ef2b5aa90b3bbb9802217448db5fc8fb2677ee31d8948bd28dd1ba6dd09c,-1,44359703,17.74455,1,0,-289224.94889,-291163.558845,0,exact_coherence_below_minimum;even_odd_disagreement_above_maximum;timing_spread_above_maximum;half_frame_difference_above_maximum;tone_deletion_shift_above_maximum,-293725.679212,-290618.981715,-291187.999897,0
T01,explore,middle_median_margin,sha256:6ae9ef2b5aa90b3bbb9802217448db5fc8fb2677ee31d8948bd28dd1ba6dd09c,-1,44363036,17.7458832,1,0,-289224.94889,-287729.109149,0,exact_coherence_below_minimum;even_odd_disagreement_above_maximum;timing_spread_above_maximum;tone_deletion_shift_above_maximum,-287729.109149,-287652.397728,-288706.681901,0
T01,explore,middle_median_margin,sha256:6ae9ef2b5aa90b3bbb9802217448db5fc8fb2677ee31d8948bd28dd1ba6dd09c,-1,44366370,17.7472168,1,0,-289224.94889,-287549.302516,0,exact_coherence_below_minimum;coherence_margin_below_minimum;even_odd_disagreement_above_maximum;timing_spread_above_maximum;half_frame_difference_above_maximum;tone_deletion_shift_above_maximum,-284173.133773,-290242.295356,-287463.947716,0
T01,explore,middle_median_margin,sha256:6ae9ef2b5aa90b3bbb9802217448db5fc8fb2677ee31d8948bd28dd1ba6dd09c,-1,44369703,17.74855,1,0,-289224.94889,-287583.768956,0,exact_coherence_below_minimum;coherence_margin_below_minimum;even_odd_disagreement_above_maximum;timing_spread_above_maximum;tone_deletion_shift_above_maximum,-294118.406961,-290969.889034,-287724.242992,0
T01,explore,middle_median_margin,sha256:6ae9ef2b5aa90b3bbb9802217448db5fc8fb2677ee31d8948bd28dd1ba6dd09c,-1,44373036,17.7498832,1,0,-289224.94889,-288904.875377,0,exact_coherence_below_minimum;even_odd_disagreement_above_maximum;timing_spread_above_maximum;tone_deletion_shift_above_maximum,-288904.875377,-288882.320795,-287705.651869,0
T01,explore,refill_boundary,sha256:6ae9ef2b5aa90b3bbb9802217448db5fc8fb2677ee31d8948bd28dd1ba6dd09c,-1,49188811,19.6761932,0,0,-301291.860309,-301176.261459,0,exact_coherence_below_minimum,-301176.261459,-301234.982025,-301233.867677,0
T01,explore,refill_boundary,sha256:6ae9ef2b5aa90b3bbb9802217448db5fc8fb2677ee31d8948bd28dd1ba6dd09c,-1,49192144,19.6775264,0,0,-301291.860309,-301243.130014,0,exact_coherence_below_minimum,-301243.130014,-301259.713954,-301173.584402,0
T01,explore,refill_boundary,sha256:6ae9ef2b5aa90b3bbb9802217448db5fc8fb2677ee31d8948bd28dd1ba6dd09c,-1,49195478,19.67886,0,0,-301291.860309,-301317.413241,0,exact_coherence_below_minimum;even_odd_disagreement_above_maximum;tone_deletion_shift_above_maximum,-301317.413241,-301093.236478,-301743.512467,0
T01,explore,refill_boundary,sha256:6ae9ef2b5aa90b3bbb9802217448db5fc8fb2677ee31d8948bd28dd1ba6dd09c,-1,49198811,19.6801932,0,0,-301291.860309,-301218.735043,0,exact_coherence_below_minimum;even_odd_disagreement_above_maximum;timing_spread_above_maximum,-301218.735043,-301237.708173,-302296.303336,0
T01,explore,refill_boundary,sha256:6ae9ef2b5aa90b3bbb9802217448db5fc8fb2677ee31d8948bd28dd1ba6dd09c,-1,49202144,19.6815264,0,0,-301291.860309,-301311.420681,0,exact_coherence_below_minimum;even_odd_disagreement_above_maximum;half_frame_difference_above_maximum,-301311.420681,-301280.863598,-300418.427612,0
T01,explore,refill_boundary,sha256:6ae9ef2b5aa90b3bbb9802217448db5fc8fb2677ee31d8948bd28dd1ba6dd09c,-1,49205478,19.68286,0,0,-301291.860309,-301407.877021,0,exact_coherence_below_minimum;coherence_margin_below_minimum;even_odd_disagreement_above_maximum;half_frame_difference_above_maximum,-301407.877021,-301311.256729,-299836.71699,0
T01,explore,refill_boundary,sha256:6ae9ef2b5aa90b3bbb9802217448db5fc8fb2677ee31d8948bd28dd1ba6dd09c,-1,49208811,19.6841932,0,0,-301291.860309,-301496.068982,0,exact_coherence_below_minimum;even_odd_disagreement_above_maximum;timing_spread_above_maximum;tone_deletion_shift_above_maximum,-301496.068982,-301404.050892,-301629.946916,0
T01,explore,refill_boundary,sha256:6ae9ef2b5aa90b3bbb9802217448db5fc8fb2677ee31d8948bd28dd1ba6dd09c,-1,49212144,19.6855264,0,0,-301291.860309,-301257.634814,0,exact_coherence_below_minimum;timing_spread_above_maximum;half_frame_difference_above_maximum;tone_deletion_shift_above_maximum,-301257.634814,-301215.42376,-301261.822728,0
T01,explore,refill_boundary,sha256:6ae9ef2b5aa90b3bbb9802217448db5fc8fb2677ee31d8948bd28dd1ba6dd09c,-1,49215478,19.68686,0,0,-301291.860309,-301485.520394,0,exact_coherence_below_minimum;even_odd_disagreement_above_maximum;half_frame_difference_above_maximum,-301485.520394,-300458.831893,-303156.110708,0
T01,explore,refill_boundary,sha256:6ae9ef2b5aa90b3bbb9802217448db5fc8fb2677ee31d8948bd28dd1ba6dd09c,-1,49218811,19.6881932,0,0,-301291.860309,-301350.017725,0,exact_coherence_below_minimum;even_odd_disagreement_above_maximum;timing_spread_above_maximum,-301350.017725,-301445.452391,-301274.436442,0
T01,explore,refill_boundary,sha256:6ae9ef2b5aa90b3bbb9802217448db5fc8fb2677ee31d8948bd28dd1ba6dd09c,-1,49222144,19.6895264,0,0,-301291.860309,-301416.535567,0,exact_coherence_below_minimum;even_odd_disagreement_above_maximum;timing_spread_above_maximum;half_frame_difference_above_maximum,-301416.535567,-301550.0701,-301390.411597,0
T01,explore,refill_boundary,sha256:6ae9ef2b5aa90b3bbb9802217448db5fc8fb2677ee31d8948bd28dd1ba6dd09c,-1,49225478,19.69086,0,0,-301291.860309,-301276.65935,0,exact_coherence_below_minimum;timing_spread_above_maximum,-301276.65935,-301252.199701,-301264.867392,0
T01,explore,refill_boundary,sha256:6ae9ef2b5aa90b3bbb9802217448db5fc8fb2677ee31d8948bd28dd1ba6dd09c,-1,49228811,19.6921932,0,0,-301291.860309,-301387.587353,0,exact_coherence_below_minimum;even_odd_disagreement_above_maximum;half_frame_difference_above_maximum;tone_deletion_shift_above_maximum,-301387.587353,-301158.873666,-301327.347565,0
T01,explore,refill_boundary,sha256:6ae9ef2b5aa90b3bbb9802217448db5fc8fb2677ee31d8948bd28dd1ba6dd09c,-1,49232144,19.6935264,0,0,-301291.860309,-301286.49812,0,exact_coherence_below_minimum,-301286.49812,-301318.917025,-301300.332777,1
T01,explore,refill_boundary,sha256:6ae9ef2b5aa90b3bbb9802217448db5fc8fb2677ee31d8948bd28dd1ba6dd09c,-1,49235478,19.69486,0,0,-301291.860309,-301513.264918,0,exact_coherence_below_minimum;even_odd_disagreement_above_maximum;timing_spread_above_maximum;half_frame_difference_above_maximum,-301513.264918,-302584.473484,-301482.412236,0
T01,explore,refill_boundary,sha256:6ae9ef2b5aa90b3bbb9802217448db5fc8fb2677ee31d8948bd28dd1ba6dd09c,-1,49238811,19.6961932,0,0,-301291.860309,-301405.654296,0,exact_coherence_below_minimum;even_odd_disagreement_above_maximum;timing_spread_above_maximum;tone_deletion_shift_above_maximum,-301405.654296,-301353.622196,-299880.424717,0
T01,explore,refill_boundary,sha256:6ae9ef2b5aa90b3bbb9802217448db5fc8fb2677ee31d8948bd28dd1ba6dd09c,-1,49242144,19.6975264,0,0,-301291.860309,-301583.99506,0,exact_coherence_below_minimum;even_odd_disagreement_above_maximum;timing_spread_above_maximum,-301583.99506,-301568.962604,-301700.685413,0
T01,explore,refill_boundary,sha256:6ae9ef2b5aa90b3bbb9802217448db5fc8fb2677ee31d8948bd28dd1ba6dd09c,-1,49245478,19.69886,0,0,-301291.860309,-302570.086696,0,exact_coherence_below_minimum;even_odd_disagreement_above_maximum;timing_spread_above_maximum;half_frame_difference_above_maximum;tone_deletion_shift_above_maximum,-302570.086696,-301614.441506,-302543.744746,0
T01,explore,refill_boundary,sha256:6ae9ef2b5aa90b3bbb9802217448db5fc8fb2677ee31d8948bd28dd1ba6dd09c,-1,49248811,19.7001932,0,0,-301291.860309,-301461.055733,0,exact_coherence_below_minimum;even_odd_disagreement_above_maximum;timing_spread_above_maximum;half_frame_difference_above_maximum,-301461.055733,-301324.7638,-301570.168777,0
T01,explore,refill_boundary,sha256:6ae9ef2b5aa90b3bbb9802217448db5fc8fb2677ee31d8948bd28dd1ba6dd09c,-1,49252144,19.7015264,0,0,-301291.860309,-302666.474301,0,exact_coherence_below_minimum;even_odd_disagreement_above_maximum;timing_spread_above_maximum;half_frame_difference_above_maximum;tone_deletion_shift_above_maximum,-302666.474301,-302759.156096,-302529.449589,0
T01,explore,refill_boundary,sha256:6ae9ef2b5aa90b3bbb9802217448db5fc8fb2677ee31d8948bd28dd1ba6dd09c,-1,49255478,19.70286,0,0,-301291.860309,-301308.201673,0,exact_coherence_below_minimum;even_odd_disagreement_above_maximum;timing_spread_above_maximum;half_frame_difference_above_maximum,-301308.201673,-300790.103243,-301283.354052,0
T01,explore,refill_boundary,sha256:6ae9ef2b5aa90b3bbb9802217448db5fc8fb2677ee31d8948bd28dd1ba6dd09c,-1,49258811,19.7041932,0,0,-301291.860309,-301321.106075,0,exact_coherence_below_minimum;even_odd_disagreement_above_maximum;tone_deletion_shift_above_maximum,-301321.106075,-301344.120968,-301095.576574,0
T01,explore,refill_boundary,sha256:6ae9ef2b5aa90b3bbb9802217448db5fc8fb2677ee31d8948bd28dd1ba6dd09c,-1,49262144,19.7055264,0,0,-301291.860309,-301416.773558,0,exact_coherence_below_minimum;even_odd_disagreement_above_maximum,-301416.773558,-301333.638462,-301481.363473,1
T01,explore,refill_boundary,sha256:6ae9ef2b5aa90b3bbb9802217448db5fc8fb2677ee31d8948bd28dd1ba6dd09c,-1,49265478,19.70686,0,0,-301291.860309,-301349.241269,0,exact_coherence_below_minimum;even_odd_disagreement_above_maximum,-301349.241269,-301426.157172,-303291.860309,0
T01,explore,refill_boundary,sha256:6ae9ef2b5aa90b3bbb9802217448db5fc8fb2677ee31d8948bd28dd1ba6dd09c,-1,49268811,19.7081932,0,0,-301291.860309,-301584.905105,0,exact_coherence_below_minimum;even_odd_disagreement_above_maximum;timing_spread_above_maximum;half_frame_difference_above_maximum,-301584.905105,-303291.860309,-301553.405841,0
T01,explore,refill_boundary,sha256:6ae9ef2b5aa90b3bbb9802217448db5fc8fb2677ee31d8948bd28dd1ba6dd09c,-1,49272144,19.7095264,0,0,-301291.860309,-301284.489566,0,exact_coherence_below_minimum;even_odd_disagreement_above_maximum;timing_spread_above_maximum;half_frame_difference_above_maximum,-301284.489566,-301284.942838,-301481.758517,1
T01,explore,refill_boundary,sha256:6ae9ef2b5aa90b3bbb9802217448db5fc8fb2677ee31d8948bd28dd1ba6dd09c,-1,49275478,19.71086,0,0,-301291.860309,-301564.801499,0,exact_coherence_below_minimum;even_odd_disagreement_above_maximum;timing_spread_above_maximum,-301564.801499,-301633.255183,-300284.789916,0
T01,explore,refill_boundary,sha256:6ae9ef2b5aa90b3bbb9802217448db5fc8fb2677ee31d8948bd28dd1ba6dd09c,-1,49278811,19.7121932,0,0,-301291.860309,-301376.876964,0,exact_coherence_below_minimum;even_odd_disagreement_above_maximum;timing_spread_above_maximum;half_frame_difference_above_maximum;tone_deletion_shift_above_maximum,-301376.876964,-301360.427333,-302200.111847,1
T01,explore,refill_boundary,sha256:6ae9ef2b5aa90b3bbb9802217448db5fc8fb2677ee31d8948bd28dd1ba6dd09c,-1,49282144,19.7135264,0,1,-301291.860309,,0,refill_boundary_crossing,,,,0
T01,explore,refill_boundary,sha256:6ae9ef2b5aa90b3bbb9802217448db5fc8fb2677ee31d8948bd28dd1ba6dd09c,-1,49285478,19.71486,0,0,-301291.860309,-299695.713251,0,exact_coherence_below_minimum;coherence_margin_below_minimum;even_odd_disagreement_above_maximum;timing_spread_above_maximum;half_frame_difference_above_maximum;tone_deletion_shift_above_maximum,-297899.935806,-301902.772752,-299835.893662,0
T01,explore,refill_boundary,sha256:6ae9ef2b5aa90b3bbb9802217448db5fc8fb2677ee31d8948bd28dd1ba6dd09c,-1,49288811,19.7161932,0,0,-301291.860309,-299877.061409,0,exact_coherence_below_minimum;coherence_margin_below_minimum;even_odd_disagreement_above_maximum;timing_spread_above_maximum;half_frame_difference_above_maximum;tone_deletion_shift_above_maximum,-295301.01889,-300115.987786,-300803.73442,0
T01,explore,refill_boundary,sha256:6ae9ef2b5aa90b3bbb9802217448db5fc8fb2677ee31d8948bd28dd1ba6dd09c,-1,49292144,19.7175264,0,0,-301291.860309,-301448.279197,0,exact_coherence_below_minimum;even_odd_disagreement_above_maximum;half_frame_difference_above_maximum,-306991.658315,-299636.664187,-301462.654967,0
T01,explore,refill_boundary,sha256:6ae9ef2b5aa90b3bbb9802217448db5fc8fb2677ee31d8948bd28dd1ba6dd09c,-1,49295478,19.71886,0,0,-301291.860309,-299996.221893,0,exact_coherence_below_minimum;even_odd_disagreement_above_maximum;timing_spread_above_maximum;half_frame_difference_above_maximum;tone_deletion_shift_above_maximum,-299996.221893,-302484.008023,-299973.770966,0
T01,explore,refill_boundary,sha256:6ae9ef2b5aa90b3bbb9802217448db5fc8fb2677ee31d8948bd28dd1ba6dd09c,-1,49298811,19.7201932,0,0,-301291.860309,-299291.860309,0,exact_coherence_below_minimum;coherence_margin_below_minimum;even_odd_disagreement_above_maximum;timing_spread_above_maximum;half_frame_difference_above_maximum;tone_deletion_shift_above_maximum;search_boundary,-304659.62204,-302893.934974,-299291.860309,0
T01,explore,refill_boundary,sha256:6ae9ef2b5aa90b3bbb9802217448db5fc8fb2677ee31d8948bd28dd1ba6dd09c,-1,49302144,19.7215264,0,0,-301291.860309,-299665.227791,0,exact_coherence_below_minimum;even_odd_disagreement_above_maximum;timing_spread_above_maximum;tone_deletion_shift_above_maximum,-306596.434943,-299955.43779,-302099.816097,0
T01,explore,refill_boundary,sha256:6ae9ef2b5aa90b3bbb9802217448db5fc8fb2677ee31d8948bd28dd1ba6dd09c,-1,49305478,19.72286,0,0,-301291.860309,-300516.259738,0,exact_coherence_below_minimum;even_odd_disagreement_above_maximum;timing_spread_above_maximum;half_frame_difference_above_maximum;tone_deletion_shift_above_maximum,-300516.259738,-299794.582631,-300523.813704,0
T01,explore,refill_boundary,sha256:6ae9ef2b5aa90b3bbb9802217448db5fc8fb2677ee31d8948bd28dd1ba6dd09c,-1,49308811,19.7241932,0,0,-301291.860309,-300042.477181,0,exact_coherence_below_minimum,-300042.477181,-300051.550571,-300041.635917,0
T01,explore,refill_boundary,sha256:6ae9ef2b5aa90b3bbb9802217448db5fc8fb2677ee31d8948bd28dd1ba6dd09c,-1,49312144,19.7255264,0,0,-301291.860309,-303148.774756,0,exact_coherence_below_minimum;timing_spread_above_maximum;half_frame_difference_above_maximum;tone_deletion_shift_above_maximum,-303148.774756,-303222.464454,-303174.097441,0
T01,explore,refill_boundary,sha256:6ae9ef2b5aa90b3bbb9802217448db5fc8fb2677ee31d8948bd28dd1ba6dd09c,-1,49315478,19.72686,0,0,-301291.860309,-299803.847451,0,exact_coherence_below_minimum;even_odd_disagreement_above_maximum;timing_spread_above_maximum;half_frame_difference_above_maximum;tone_deletion_shift_above_maximum,-305630.494485,-302009.14407,-299647.634196,0
T01,explore,refill_boundary,sha256:6ae9ef2b5aa90b3bbb9802217448db5fc8fb2677ee31d8948bd28dd1ba6dd09c,-1,49318811,19.7281932,0,0,-301291.860309,-299808.341137,0,exact_coherence_below_minimum;even_odd_disagreement_above_maximum;timing_spread_above_maximum;half_frame_difference_above_maximum;tone_deletion_shift_above_maximum,-295291.860309,-299924.22127,-302836.925032,0
T01,explore,refill_boundary,sha256:6ae9ef2b5aa90b3bbb9802217448db5fc8fb2677ee31d8948bd28dd1ba6dd09c,-1,49322144,19.7295264,0,0,-301291.860309,-301675.331658,0,exact_coherence_below_minimum;coherence_margin_below_minimum;even_odd_disagreement_above_maximum;timing_spread_above_maximum;half_frame_difference_above_maximum;tone_deletion_shift_above_maximum,-304238.746194,-301496.951394,-300333.002074,0
T01,explore,refill_boundary,sha256:6ae9ef2b5aa90b3bbb9802217448db5fc8fb2677ee31d8948bd28dd1ba6dd09c,-1,49325478,19.73086,0,0,-301291.860309,-299758.700206,0,exact_coherence_below_minimum;coherence_margin_below_minimum;even_odd_disagreement_above_maximum;timing_spread_above_maximum;half_frame_difference_above_maximum;tone_deletion_shift_above_maximum,-306223.689193,-301221.212505,-299722.382163,0
T01,explore,refill_boundary,sha256:6ae9ef2b5aa90b3bbb9802217448db5fc8fb2677ee31d8948bd28dd1ba6dd09c,-1,49328811,19.7321932,0,0,-301291.860309,-300289.359559,0,exact_coherence_below_minimum;even_odd_disagreement_above_maximum;timing_spread_above_maximum;half_frame_difference_above_maximum;tone_deletion_shift_above_maximum,-300289.359559,-300405.888068,-299723.626961,0
T01,explore,refill_boundary,sha256:6ae9ef2b5aa90b3bbb9802217448db5fc8fb2677ee31d8948bd28dd1ba6dd09c,-1,49332144,19.7335264,0,0,-301291.860309,-302087.393455,0,exact_coherence_below_minimum;coherence_margin_below_minimum;even_odd_disagreement_above_maximum;timing_spread_above_maximum;tone_deletion_shift_above_maximum,-295291.860309,-300607.720043,-301314.406374,0
T01,explore,refill_boundary,sha256:6ae9ef2b5aa90b3bbb9802217448db5fc8fb2677ee31d8948bd28dd1ba6dd09c,-1,49335478,19.73486,0,0,-301291.860309,-302858.616245,0,exact_coherence_below_minimum;coherence_margin_below_minimum;even_odd_disagreement_above_maximum;half_frame_difference_above_maximum;tone_deletion_shift_above_maximum,-304086.081172,-302796.024226,-301329.269836,0
T01,explore,refill_boundary,sha256:6ae9ef2b5aa90b3bbb9802217448db5fc8fb2677ee31d8948bd28dd1ba6dd09c,-1,49338811,19.7361932,0,0,-301291.860309,-301731.480482,0,exact_coherence_below_minimum;even_odd_disagreement_above_maximum;half_frame_difference_above_maximum;tone_deletion_shift_above_maximum,-301731.480482,-301162.056501,-302084.327852,0
T01,explore,refill_boundary,sha256:6ae9ef2b5aa90b3bbb9802217448db5fc8fb2677ee31d8948bd28dd1ba6dd09c,-1,49342144,19.7375264,0,0,-301291.860309,-300701.247663,0,exact_coherence_below_minimum;coherence_margin_below_minimum;even_odd_disagreement_above_maximum;timing_spread_above_maximum;half_frame_difference_above_maximum;tone_deletion_shift_above_maximum,-296528.337013,-300713.825409,-300473.553616,0
T01,explore,refill_boundary,sha256:6ae9ef2b5aa90b3bbb9802217448db5fc8fb2677ee31d8948bd28dd1ba6dd09c,-1,49345478,19.73886,0,0,-301291.860309,-302077.086549,0,exact_coherence_below_minimum;even_odd_disagreement_above_maximum;tone_deletion_shift_above_maximum,-302077.086549,-299291.860309,-299518.878801,0
T01,explore,refill_boundary,sha256:6ae9ef2b5aa90b3bbb9802217448db5fc8fb2677ee31d8948bd28dd1ba6dd09c,-1,49348811,19.7401932,0,0,-301291.860309,-300690.159337,0,exact_coherence_below_minimum;coherence_margin_below_minimum;even_odd_disagreement_above_maximum;timing_spread_above_maximum;half_frame_difference_above_maximum;tone_deletion_shift_above_maximum,-295291.860309,-302493.256175,-300619.092229,0
T01,explore,refill_boundary,sha256:6ae9ef2b5aa90b3bbb9802217448db5fc8fb2677ee31d8948bd28dd1ba6dd09c,-1,49352144,19.7415264,0,0,-301291.860309,-300935.981133,0,exact_coherence_below_minimum;coherence_margin_below_minimum;even_odd_disagreement_above_maximum;timing_spread_above_maximum;half_frame_difference_above_maximum;tone_deletion_shift_above_maximum,-298399.462879,-301172.464488,-302364.146572,0
T01,explore,refill_boundary,sha256:6ae9ef2b5aa90b3bbb9802217448db5fc8fb2677ee31d8948bd28dd1ba6dd09c,-1,49355478,19.74286,0,0,-301291.860309,-300952.34818,0,exact_coherence_below_minimum;coherence_margin_below_minimum;even_odd_disagreement_above_maximum;timing_spread_above_maximum;half_frame_difference_above_maximum;tone_deletion_shift_above_maximum,-306414.165634,-301460.345591,-302317.041318,0
T01,explore,refill_boundary,sha256:6ae9ef2b5aa90b3bbb9802217448db5fc8fb2677ee31d8948bd28dd1ba6dd09c,-1,49358811,19.7441932,0,0,-301291.860309,-302482.2298,0,exact_coherence_below_minimum;even_odd_disagreement_above_maximum;timing_spread_above_maximum;half_frame_difference_above_maximum,-302482.2298,-302529.867328,-300554.969873,0
T01,explore,refill_boundary,sha256:6ae9ef2b5aa90b3bbb9802217448db5fc8fb2677ee31d8948bd28dd1ba6dd09c,-1,49362144,19.7455264,0,0,-301291.860309,-302436.863968,0,exact_coherence_below_minimum;even_odd_disagreement_above_maximum;timing_spread_above_maximum;half_frame_difference_above_maximum;tone_deletion_shift_above_maximum,-304801.773612,-303291.860309,-300957.899139,0
T01,explore,refill_boundary,sha256:6ae9ef2b5aa90b3bbb9802217448db5fc8fb2677ee31d8948bd28dd1ba6dd09c,-1,49365478,19.74686,0,0,-301291.860309,-303214.679853,0,exact_coherence_below_minimum;even_odd_disagreement_above_maximum;timing_spread_above_maximum,-303214.679853,-302976.541307,-303194.417873,0
T01,explore,refill_boundary,sha256:6ae9ef2b5aa90b3bbb9802217448db5fc8fb2677ee31d8948bd28dd1ba6dd09c,-1,49368811,19.7481932,0,0,-301291.860309,-300284.470905,0,exact_coherence_below_minimum;coherence_margin_below_minimum;even_odd_disagreement_above_maximum;timing_spread_above_maximum;half_frame_difference_above_maximum;tone_deletion_shift_above_maximum,-303815.978538,-299381.51251,-300108.14561,0
T01,explore,refill_boundary,sha256:6ae9ef2b5aa90b3bbb9802217448db5fc8fb2677ee31d8948bd28dd1ba6dd09c,-1,49372144,19.7495264,0,0,-301291.860309,-303291.860309,0,exact_coherence_below_minimum;coherence_margin_below_minimum;even_odd_disagreement_above_maximum;half_frame_difference_above_maximum;tone_deletion_shift_above_maximum;search_boundary,-298792.07292,-303291.860309,-299972.736199,0
T01,explore,early_median_margin,sha256:83ef7b0317c86416f5e1b13a1e34d1c661eff4bd1229f1f947ed567b4403822e,0,35751810,14.3013928,1,0,-40985.6511836,-40948.9887328,1,,-40948.9887328,-40971.0443255,-40921.5632712,1
T01,explore,early_median_margin,sha256:83ef7b0317c86416f5e1b13a1e34d1c661eff4bd1229f1f947ed567b4403822e,0,35755143,14.302726,1,0,-40985.6511836,-40941.9397676,1,,-40941.9397676,-40913.0138723,-40963.0029001,1
T01,explore,early_median_margin,sha256:83ef7b0317c86416f5e1b13a1e34d1c661eff4bd1229f1f947ed567b4403822e,0,35758477,14.3040596,1,0,-40985.6511836,-40917.2618992,1,,-40917.2618992,-40913.1000419,-40920.2554741,1
T01,explore,early_median_margin,sha256:83ef7b0317c86416f5e1b13a1e34d1c661eff4bd1229f1f947ed567b4403822e,0,35761810,14.3053928,1,0,-40985.6511836,-40970.5216531,1,,-40970.5216531,-40969.8611477,-40979.695823,1
T01,explore,early_median_margin,sha256:83ef7b0317c86416f5e1b13a1e34d1c661eff4bd1229f1f947ed567b4403822e,0,35765143,14.306726,1,0,-40985.6511836,-40928.8994827,1,,-40928.8994827,-40897.8276545,-40961.258407,1
T01,explore,early_median_margin,sha256:83ef7b0317c86416f5e1b13a1e34d1c661eff4bd1229f1f947ed567b4403822e,0,35768477,14.3080596,1,0,-40985.6511836,-40980.4150151,1,,-40980.4150151,-40992.7935513,-40963.8896381,1
T01,explore,early_median_margin,sha256:83ef7b0317c86416f5e1b13a1e34d1c661eff4bd1229f1f947ed567b4403822e,0,35771810,14.3093928,1,0,-40985.6511836,-40988.3550028,1,,-40988.3550028,-40969.587302,-41010.8131302,1
T01,explore,early_median_margin,sha256:83ef7b0317c86416f5e1b13a1e34d1c661eff4bd1229f1f947ed567b4403822e,0,35775143,14.310726,1,0,-40985.6511836,-40982.7276529,1,,-40982.7276529,-40996.0729848,-40971.0530081,1
T01,explore,early_median_margin,sha256:83ef7b0317c86416f5e1b13a1e34d1c661eff4bd1229f1f947ed567b4403822e,0,35778477,14.3120596,1,0,-40985.6511836,-40976.8580031,1,,-40976.8580031,-40960.9466941,-40994.3225929,1
T01,explore,early_median_margin,sha256:83ef7b0317c86416f5e1b13a1e34d1c661eff4bd1229f1f947ed567b4403822e,0,35781810,14.3133928,1,0,-40985.6511836,-40983.7768083,1,,-40983.7768083,-40983.8879185,-40979.1531954,1
T01,explore,early_median_margin,sha256:83ef7b0317c86416f5e1b13a1e34d1c661eff4bd1229f1f947ed567b4403822e,0,35785143,14.314726,1,0,-40985.6511836,-41009.2849111,1,,-41009.2849111,-41018.4400399,-40972.4909256,1
T01,explore,early_median_margin,sha256:83ef7b0317c86416f5e1b13a1e34d1c661eff4bd1229f1f947ed567b4403822e,0,35788477,14.3160596,1,0,-40985.6511836,-41015.1643038,1,,-41015.1643038,-41042.159416,-40983.5798834,1
T01,explore,early_median_margin,sha256:83ef7b0317c86416f5e1b13a1e34d1c661eff4bd1229f1f947ed567b4403822e,0,35791810,14.3173928,1,0,-40985.6511836,-41012.5969598,1,,-41012.5969598,-41033.5931826,-40980.6359836,1
T01,explore,early_median_margin,sha256:83ef7b0317c86416f5e1b13a1e34d1c661eff4bd1229f1f947ed567b4403822e,0,35795143,14.318726,1,0,-40985.6511836,-41037.3229436,1,,-41037.3229436,-41028.5888754,-41045.6968004,1
T01,explore,early_median_margin,sha256:83ef7b0317c86416f5e1b13a1e34d1c661eff4bd1229f1f947ed567b4403822e,0,35798477,14.3200596,1,0,-40985.6511836,-41028.7610406,1,,-41028.7610406,-41054.0624147,-41004.516352,1
T01,explore,early_median_margin,sha256:83ef7b0317c86416f5e1b13a1e34d1c661eff4bd1229f1f947ed567b4403822e,0,35801810,14.3213928,1,0,-40985.6511836,-40990.0414398,1,,-40990.0414398,-40993.1906638,-40983.7559024,1
T01,explore,early_median_margin,sha256:83ef7b0317c86416f5e1b13a1e34d1c661eff4bd1229f1f947ed567b4403822e,0,35805143,14.322726,1,0,-40985.6511836,-41042.0275639,1,,-41042.0275639,-41022.5743704,-41057.5459428,1
T01,explore,early_median_margin,sha256:83ef7b0317c86416f5e1b13a1e34d1c661eff4bd1229f1f947ed567b4403822e,0,35808477,14.3240596,1,0,-40985.6511836,-41059.4206575,1,,-41059.4206575,-41054.6772208,-41059.7716623,1
T01,explore,early_median_margin,sha256:83ef7b0317c86416f5e1b13a1e34d1c661eff4bd1229f1f947ed567b4403822e,0,35811810,14.3253928,1,0,-40985.6511836,-41028.9224326,1,,-41028.9224326,-41036.9117388,-41021.5024646,1
T01,explore,early_median_margin,sha256:83ef7b0317c86416f5e1b13a1e34d1c661eff4bd1229f1f947ed567b4403822e,0,35815143,14.326726,1,0,-40985.6511836,-41053.783663,1,,-41053.783663,-41051.8819306,-41059.5274839,1
T01,explore,early_median_margin,sha256:83ef7b0317c86416f5e1b13a1e34d1c661eff4bd1229f1f947ed567b4403822e,0,35818477,14.3280596,1,0,-40985.6511836,-40987.4307912,1,,-40987.4307912,-41022.3327421,-40962.5878063,1
T01,explore,early_median_margin,sha256:83ef7b0317c86416f5e1b13a1e34d1c661eff4bd1229f1f947ed567b4403822e,0,35821810,14.3293928,1,0,-40985.6511836,-41041.2437487,1,,-41041.2437487,-41034.7876101,-41077.0133719,1
T01,explore,early_median_margin,sha256:83ef7b0317c86416f5e1b13a1e34d1c661eff4bd1229f1f947ed567b4403822e,0,35825143,14.330726,1,0,-40985.6511836,-41082.0647003,1,,-41082.0647003,-41063.3959889,-41099.6528612,1
T01,explore,early_median_margin,sha256:83ef7b0317c86416f5e1b13a1e34d1c661eff4bd1229f1f947ed567b4403822e,0,35828477,14.3320596,1,0,-40985.6511836,-41070.6505192,1,,-41070.6505192,-41104.0606073,-41041.3623705,1
T01,explore,early_median_margin,sha256:83ef7b0317c86416f5e1b13a1e34d1c661eff4bd1229f1f947ed567b4403822e,0,35831810,14.3333928,1,0,-40985.6511836,-41075.6946571,1,,-41075.6946571,-41084.0490827,-41071.302494,1
T01,explore,early_median_margin,sha256:83ef7b0317c86416f5e1b13a1e34d1c661eff4bd1229f1f947ed567b4403822e,0,35835143,14.334726,1,0,-40985.6511836,-41090.5855955,1,,-41090.5855955,-41073.2710318,-41101.0119611,1
T01,explore,early_median_margin,sha256:83ef7b0317c86416f5e1b13a1e34d1c661eff4bd1229f1f947ed567b4403822e,0,35838477,14.3360596,1,0,-40985.6511836,-41123.3940089,1,,-41123.3940089,-41104.7013147,-41145.589389,1
T01,explore,early_median_margin,sha256:83ef7b0317c86416f5e1b13a1e34d1c661eff4bd1229f1f947ed567b4403822e,0,35841810,14.3373928,1,0,-40985.6511836,-41096.2793276,1,,-41096.2793276,-41090.1605252,-41095.6238607,1
T01,explore,early_median_margin,sha256:83ef7b0317c86416f5e1b13a1e34d1c661eff4bd1229f1f947ed567b4403822e,0,35845143,14.338726,1,0,-40985.6511836,-41101.7405679,1,,-41101.7405679,-41132.6618012,-41068.5633293,1
T01,explore,early_median_margin,sha256:83ef7b0317c86416f5e1b13a1e34d1c661eff4bd1229f1f947ed567b4403822e,0,35848477,14.3400596,1,0,-40985.6511836,-41093.1908389,1,,-41093.1908389,-41103.1911728,-41094.5537813,1
T01,explore,early_median_margin,sha256:83ef7b0317c86416f5e1b13a1e34d1c661eff4bd1229f1f947ed567b4403822e,0,35851810,14.3413928,1,0,-40985.6511836,-41105.3329934,1,,-41105.3329934,-41126.0696457,-41089.259232,1
T01,explore,early_median_margin,sha256:83ef7b0317c86416f5e1b13a1e34d1c661eff4bd1229f1f947ed567b4403822e,0,35855143,14.342726,1,0,-40985.6511836,-41108.7294315,1,,-41108.7294315,-41128.3478241,-41094.2210579,1
T01,explore,early_median_margin,sha256:83ef7b0317c86416f5e1b13a1e34d1c661eff4bd1229f1f947ed567b4403822e,0,35858477,14.3440596,1,0,-40985.6511836,-41121.061676,1,,-41121.061676,-41127.3110531,-41099.2519954,1
T01,explore,early_median_margin,sha256:83ef7b0317c86416f5e1b13a1e34d1c661eff4bd1229f1f947ed567b4403822e,0,35861810,14.3453928,1,0,-40985.6511836,-41079.326868,1,,-41079.326868,-41095.2811081,-41073.5093912,1
T01,explore,early_median_margin,sha256:83ef7b0317c86416f5e1b13a1e34d1c661eff4bd1229f1f947ed567b4403822e,0,35865143,14.346726,1,0,-40985.6511836,-41134.2335918,1,,-41134.2335918,-41113.2049478,-41190.451224,1
T01,explore,early_median_margin,sha256:83ef7b0317c86416f5e1b13a1e34d1c661eff4bd1229f1f947ed567b4403822e,0,35868477,14.3480596,1,0,-40985.6511836,-41120.1053802,1,,-41120.1053802,-41157.2984547,-41082.0757568,1
T01,explore,early_median_margin,sha256:83ef7b0317c86416f5e1b13a1e34d1c661eff4bd1229f1f947ed567b4403822e,0,35871810,14.3493928,1,0,-40985.6511836,-41128.7536478,1,,-41128.7536478,-41111.4647344,-41146.0385039,1
T01,explore,early_median_margin,sha256:83ef7b0317c86416f5e1b13a1e34d1c661eff4bd1229f1f947ed567b4403822e,0,35875143,14.350726,1,0,-40985.6511836,-41149.8716975,1,,-41149.8716975,-41140.4205108,-41156.9745835,1
T01,explore,early_median_margin,sha256:83ef7b0317c86416f5e1b13a1e34d1c661eff4bd1229f1f947ed567b4403822e,0,35878477,14.3520596,1,0,-40985.6511836,-41139.9930469,1,,-41139.9930469,-41131.9929402,-41150.6826771,1
T01,explore,early_median_margin,sha256:83ef7b0317c86416f5e1b13a1e34d1c661eff4bd1229f1f947ed567b4403822e,0,35881810,14.3533928,1,0,-40985.6511836,-41138.7777413,1,,-41138.7777413,-41148.6215278,-41128.4727217,1
T01,explore,early_median_margin,sha256:83ef7b0317c86416f5e1b13a1e34d1c661eff4bd1229f1f947ed567b4403822e,0,35885143,14.354726,1,0,-40985.6511836,-41149.2982086,1,,-41149.2982086,-41146.1282584,-41164.5831809,1
T01,explore,early_median_margin,sha256:83ef7b0317c86416f5e1b13a1e34d1c661eff4bd1229f1f947ed567b4403822e,0,35888477,14.3560596,1,0,-40985.6511836,-41130.2935405,1,,-41130.2935405,-41131.6945356,-41127.812076,1
T01,explore,early_median_margin,sha256:83ef7b0317c86416f5e1b13a1e34d1c661eff4bd1229f1f947ed567b4403822e,0,35891810,14.3573928,1,0,-40985.6511836,-41192.5566971,1,,-41192.5566971,-41180.1035975,-41209.9233171,1
T01,explore,early_median_margin,sha256:83ef7b0317c86416f5e1b13a1e34d1c661eff4bd1229f1f947ed567b4403822e,0,35895143,14.358726,1,0,-40985.6511836,-41178.3509475,1,,-41178.3509475,-41166.8223284,-41195.6159699,1
T01,explore,early_median_margin,sha256:83ef7b0317c86416f5e1b13a1e34d1c661eff4bd1229f1f947ed567b4403822e,0,35898477,14.3600596,1,0,-40985.6511836,-41148.1656113,1,,-41148.1656113,-41149.6088945,-41144.6729056,1
T01,explore,early_median_margin,sha256:83ef7b0317c86416f5e1b13a1e34d1c661eff4bd1229f1f947ed567b4403822e,0,35901810,14.3613928,1,0,-40985.6511836,-41167.9539411,1,,-41167.9539411,-41163.1638392,-41160.5540223,1
T01,explore,early_median_margin,sha256:83ef7b0317c86416f5e1b13a1e34d1c661eff4bd1229f1f947ed567b4403822e,0,35905143,14.362726,1,0,-40985.6511836,-41204.9058177,1,,-41204.9058177,-41223.2407784,-41192.3233651,1
T01,explore,early_median_margin,sha256:83ef7b0317c86416f5e1b13a1e34d1c661eff4bd1229f1f947ed567b4403822e,0,35908477,14.3640596,1,0,-40985.6511836,-41189.5827195,1,,-41189.5827195,-41221.4557256,-41155.3631375,1
T01,explore,early_median_margin,sha256:83ef7b0317c86416f5e1b13a1e34d1c661eff4bd1229f1f947ed567b4403822e,0,35911810,14.3653928,0,1,-40985.6511836,,0,refill_boundary_crossing,,,,0
T01,explore,early_median_margin,sha256:83ef7b0317c86416f5e1b13a1e34d1c661eff4bd1229f1f947ed567b4403822e,0,35915143,14.366726,1,0,-40985.6511836,-39497.0470259,0,exact_coherence_below_minimum;coherence_margin_below_minimum;even_odd_disagreement_above_maximum;half_frame_difference_above_maximum;tone_deletion_shift_above_maximum,-36443.4636086,-39360.8218401,-40451.9034538,0
T01,explore,early_median_margin,sha256:83ef7b0317c86416f5e1b13a1e34d1c661eff4bd1229f1f947ed567b4403822e,0,35918477,14.3680596,1,0,-40985.6511836,-40572.3700179,0,exact_coherence_below_minimum;even_odd_disagreement_above_maximum;timing_spread_above_maximum;tone_deletion_shift_above_maximum,-43474.6973859,-40394.5132951,-40755.8127517,0
T01,explore,early_median_margin,sha256:83ef7b0317c86416f5e1b13a1e34d1c661eff4bd1229f1f947ed567b4403822e,0,35921810,14.3693928,1,0,-40985.6511836,-42020.7534049,0,exact_coherence_below_minimum;coherence_margin_below_minimum;even_odd_disagreement_above_maximum;timing_spread_above_maximum;half_frame_difference_above_maximum;tone_deletion_shift_above_maximum,-38611.555025,-40227.4285063,-39057.0592841,0
T01,explore,early_median_margin,sha256:83ef7b0317c86416f5e1b13a1e34d1c661eff4bd1229f1f947ed567b4403822e,0,35925143,14.370726,1,0,-40985.6511836,-42307.8373141,0,exact_coherence_below_minimum;coherence_margin_below_minimum;even_odd_disagreement_above_maximum;timing_spread_above_maximum;half_frame_difference_above_maximum;tone_deletion_shift_above_maximum,-37293.4684371,-42207.8282798,-41679.2609958,0
T01,explore,early_median_margin,sha256:83ef7b0317c86416f5e1b13a1e34d1c661eff4bd1229f1f947ed567b4403822e,0,35928477,14.3720596,1,0,-40985.6511836,-40177.0221584,0,exact_coherence_below_minimum;coherence_margin_below_minimum;even_odd_disagreement_above_maximum;timing_spread_above_maximum;half_frame_difference_above_maximum;tone_deletion_shift_above_maximum,-37656.0053532,-41286.4649001,-40376.9548635,0
T01,explore,early_median_margin,sha256:83ef7b0317c86416f5e1b13a1e34d1c661eff4bd1229f1f947ed567b4403822e,0,35931810,14.3733928,1,0,-40985.6511836,-42316.8299849,0,exact_coherence_below_minimum;even_odd_disagreement_above_maximum;half_frame_difference_above_maximum,-42316.8299849,-40201.0965154,-42294.5483354,0
T01,explore,early_median_margin,sha256:83ef7b0317c86416f5e1b13a1e34d1c661eff4bd1229f1f947ed567b4403822e,0,35935143,14.374726,1,0,-40985.6511836,-40708.7932295,0,exact_coherence_below_minimum;even_odd_disagreement_above_maximum;timing_spread_above_maximum;half_frame_difference_above_maximum;tone_deletion_shift_above_maximum,-40708.7932295,-40719.4478306,-39505.7263747,0
T01,explore,high_margin,sha256:83ef7b0317c86416f5e1b13a1e34d1c661eff4bd1229f1f947ed567b4403822e,0,44875239,17.9507644,1,0,-63738.7401992,-63700.4708579,1,,-63700.4708579,-63693.4189955,-63706.682455,1
T01,explore,high_margin,sha256:83ef7b0317c86416f5e1b13a1e34d1c661eff4bd1229f1f947ed567b4403822e,0,44878572,17.9520976,1,0,-63738.7401992,-63710.0331035,1,,-63710.0331035,-63728.6185209,-63693.5576707,1
T01,explore,high_margin,sha256:83ef7b0317c86416f5e1b13a1e34d1c661eff4bd1229f1f947ed567b4403822e,0,44881906,17.9534312,1,0,-63738.7401992,-63732.3509398,1,,-63732.3509398,-63727.1712272,-63731.9260165,1
T01,explore,high_margin,sha256:83ef7b0317c86416f5e1b13a1e34d1c661eff4bd1229f1f947ed567b4403822e,0,44885239,17.9547644,1,0,-63738.7401992,-63705.2203196,1,,-63705.2203196,-63722.3892576,-63698.9276968,1
T01,explore,high_margin,sha256:83ef7b0317c86416f5e1b13a1e34d1c661eff4bd1229f1f947ed567b4403822e,0,44888572,17.9560976,1,0,-63738.7401992,-63726.6367686,1,,-63726.6367686,-63743.317791,-63718.2562009,1
T01,explore,high_margin,sha256:83ef7b0317c86416f5e1b13a1e34d1c661eff4bd1229f1f947ed567b4403822e,0,44891906,17.9574312,1,0,-63738.7401992,-63735.8006619,1,,-63735.8006619,-63751.9500142,-63710.0227178,1
T01,explore,high_margin,sha256:83ef7b0317c86416f5e1b13a1e34d1c661eff4bd1229f1f947ed567b4403822e,0,44895239,17.9587644,1,0,-63738.7401992,-63727.8306406,1,,-63727.8306406,-63727.1284873,-63736.0660488,1
T01,explore,high_margin,sha256:83ef7b0317c86416f5e1b13a1e34d1c661eff4bd1229f1f947ed567b4403822e,0,44898572,17.9600976,1,0,-63738.7401992,-63750.7856753,1,,-63750.7856753,-63750.8755595,-63735.5948159,1
T01,explore,high_margin,sha256:83ef7b0317c86416f5e1b13a1e34d1c661eff4bd1229f1f947ed567b4403822e,0,44901906,17.9614312,1,0,-63738.7401992,-63750.3390498,1,,-63750.3390498,-63758.7724396,-63738.5759076,1
T01,explore,high_margin,sha256:83ef7b0317c86416f5e1b13a1e34d1c661eff4bd1229f1f947ed567b4403822e,0,44905239,17.9627644,1,0,-63738.7401992,-63779.6732463,1,,-63779.6732463,-63787.6141848,-63767.405673,1
T01,explore,high_margin,sha256:83ef7b0317c86416f5e1b13a1e34d1c661eff4bd1229f1f947ed567b4403822e,0,44908572,17.9640976,1,0,-63738.7401992,-63794.5329681,1,,-63794.5329681,-63740.3691964,-63803.9493383,1
T01,explore,high_margin,sha256:83ef7b0317c86416f5e1b13a1e34d1c661eff4bd1229f1f947ed567b4403822e,0,44911906,17.9654312,1,0,-63738.7401992,-63753.3446541,1,,-63753.3446541,-63765.002922,-63745.7246396,1
T01,explore,high_margin,sha256:83ef7b0317c86416f5e1b13a1e34d1c661eff4bd1229f1f947ed567b4403822e,0,44915239,17.9667644,1,0,-63738.7401992,-63753.2729692,1,,-63753.2729692,-63770.3446101,-63742.4905723,1
T01,explore,high_margin,sha256:83ef7b0317c86416f5e1b13a1e34d1c661eff4bd1229f1f947ed567b4403822e,0,44918572,17.9680976,1,0,-63738.7401992,-63765.3649019,1,,-63765.3649019,-63762.891293,-63768.4842909,1
T01,explore,high_margin,sha256:83ef7b0317c86416f5e1b13a1e34d1c661eff4bd1229f1f947ed567b4403822e,0,44921906,17.9694312,1,0,-63738.7401992,-63774.2803806,1,,-63774.2803806,-63800.4459728,-63764.8798905,1
T01,explore,high_margin,sha256:83ef7b0317c86416f5e1b13a1e34d1c661eff4bd1229f1f947ed567b4403822e,0,44925239,17.9707644,1,0,-63738.7401992,-63774.205009,1,,-63774.205009,-63782.0046934,-63770.9422393,1
T01,explore,high_margin,sha256:83ef7b0317c86416f5e1b13a1e34d1c661eff4bd1229f1f947ed567b4403822e,0,44928572,17.9720976,1,0,-63738.7401992,-63785.8729332,1,,-63785.8729332,-63810.7468619,-63767.2337609,1
T01,explore,high_margin,sha256:83ef7b0317c86416f5e1b13a1e34d1c661eff4bd1229f1f947ed567b4403822e,0,44931906,17.9734312,1,0,-63738.7401992,-63816.5307256,1,,-63816.5307256,-63784.8665741,-63836.3997638,1
T01,explore,high_margin,sha256:83ef7b0317c86416f5e1b13a1e34d1c661eff4bd1229f1f947ed567b4403822e,0,44935239,17.9747644,1,0,-63738.7401992,-63783.33096,1,,-63783.33096,-63781.3448632,-63781.203124,1
T01,explore,high_margin,sha256:83ef7b0317c86416f5e1b13a1e34d1c661eff4bd1229f1f947ed567b4403822e,0,44938572,17.9760976,1,0,-63738.7401992,-63817.1305074,1,,-63817.1305074,-63804.9160253,-63835.5838751,1
T01,explore,high_margin,sha256:83ef7b0317c86416f5e1b13a1e34d1c661eff4bd1229f1f947ed567b4403822e,0,44941906,17.9774312,1,0,-63738.7401992,-63824.9110462,1,,-63824.9110462,-63831.8983894,-63820.5900223,1
T01,explore,high_margin,sha256:83ef7b0317c86416f5e1b13a1e34d1c661eff4bd1229f1f947ed567b4403822e,0,44945239,17.9787644,1,0,-63738.7401992,-63809.2602709,1,,-63809.2602709,-63818.0146281,-63795.4425025,1
T01,explore,high_margin,sha256:83ef7b0317c86416f5e1b13a1e34d1c661eff4bd1229f1f947ed567b4403822e,0,44948572,17.9800976,1,0,-63738.7401992,-63831.5433598,1,,-63831.5433598,-63796.9104601,-63883.0771593,1
T01,explore,high_margin,sha256:83ef7b0317c86416f5e1b13a1e34d1c661eff4bd1229f1f947ed567b4403822e,0,44951906,17.9814312,1,0,-63738.7401992,-63838.6043005,1,,-63838.6043005,-63841.3376842,-63848.83534,1
T01,explore,high_margin,sha256:83ef7b0317c86416f5e1b13a1e34d1c661eff4bd1229f1f947ed567b4403822e,0,44955239,17.9827644,1,0,-63738.7401992,-63849.9637975,1,,-63849.9637975,-63822.631828,-63877.4545661,1
T01,explore,high_margin,sha256:83ef7b0317c86416f5e1b13a1e34d1c661eff4bd1229f1f947ed567b4403822e,0,44958572,17.9840976,1,0,-63738.7401992,-63852.9827735,1,,-63852.9827735,-63862.2288798,-63845.7922193,1
T01,explore,high_margin,sha256:83ef7b0317c86416f5e1b13a1e34d1c661eff4bd1229f1f947ed567b4403822e,0,44961906,17.9854312,1,0,-63738.7401992,-63853.0180065,1,,-63853.0180065,-63861.7021096,-63840.796935,1
T01,explore,high_margin,sha256:83ef7b0317c86416f5e1b13a1e34d1c661eff4bd1229f1f947ed567b4403822e,0,44965239,17.9867644,1,0,-63738.7401992,-63876.1185875,1,,-63876.1185875,-63889.015473,-63861.7150442,1
T01,explore,high_margin,sha256:83ef7b0317c86416f5e1b13a1e34d1c661eff4bd1229f1f947ed567b4403822e,0,44968572,17.9880976,1,0,-63738.7401992,-63824.6500507,1,,-63824.6500507,-63811.9916219,-63840.6208417,1
T01,explore,high_margin,sha256:83ef7b0317c86416f5e1b13a1e34d1c661eff4bd1229f1f947ed567b4403822e,0,44971906,17.9894312,1,0,-63738.7401992,-63827.5117712,1,,-63827.5117712,-63829.7985102,-63820.9363257,1
T01,explore,high_margin,sha256:83ef7b0317c86416f5e1b13a1e34d1c661eff4bd1229f1f947ed567b4403822e,0,44975239,17.9907644,1,0,-63738.7401992,-63882.9100982,1,,-63882.9100982,-63864.8561638,-63892.3327009,1
T01,explore,high_margin,sha256:83ef7b0317c86416f5e1b13a1e34d1c661eff4bd1229f1f947ed567b4403822e,0,44978572,17.9920976,1,0,-63738.7401992,-63860.2868925,1,,-63860.2868925,-63842.5649059,-63880.8546999,1
T01,explore,high_margin,sha256:83ef7b0317c86416f5e1b13a1e34d1c661eff4bd1229f1f947ed567b4403822e,0,44981906,17.9934312,1,0,-63738.7401992,-63830.6141718,1,,-63830.6141718,-63842.5227561,-63817.6423225,1
T01,explore,high_margin,sha256:83ef7b0317c86416f5e1b13a1e34d1c661eff4bd1229f1f947ed567b4403822e,0,44985239,17.9947644,1,0,-63738.7401992,-63861.1293315,1,,-63861.1293315,-63863.8879817,-63842.5751234,1
T01,explore,high_margin,sha256:83ef7b0317c86416f5e1b13a1e34d1c661eff4bd1229f1f947ed567b4403822e,0,44988572,17.9960976,1,0,-63738.7401992,-63877.0143607,1,,-63877.0143607,-63860.0016335,-63903.315191,1
T01,explore,high_margin,sha256:83ef7b0317c86416f5e1b13a1e34d1c661eff4bd1229f1f947ed567b4403822e,0,44991906,17.9974312,1,0,-63738.7401992,-63887.6033808,1,,-63887.6033808,-63883.7711006,-63889.6565761,1
T01,explore,high_margin,sha256:83ef7b0317c86416f5e1b13a1e34d1c661eff4bd1229f1f947ed567b4403822e,0,44995239,17.9987644,1,0,-63738.7401992,-63929.5708613,1,,-63929.5708613,-63929.715246,-63937.0922161,1
T01,explore,high_margin,sha256:83ef7b0317c86416f5e1b13a1e34d1c661eff4bd1229f1f947ed567b4403822e,0,44998572,18.0000976,1,0,-63738.7401992,-63931.886745,1,,-63931.886745,-63954.6960275,-63901.0892574,1
T01,explore,high_margin,sha256:83ef7b0317c86416f5e1b13a1e34d1c661eff4bd1229f1f947ed567b4403822e,0,45001906,18.0014312,1,0,-63738.7401992,-63902.0122077,1,,-63902.0122077,-63908.6529593,-63892.110769,1
T01,explore,high_margin,sha256:83ef7b0317c86416f5e1b13a1e34d1c661eff4bd1229f1f947ed567b4403822e,0,45005239,18.0027644,1,0,-63738.7401992,-63894.3423231,1,,-63894.3423231,-63909.1672159,-63876.1285247,1
T01,explore,high_margin,sha256:83ef7b0317c86416f5e1b13a1e34d1c661eff4bd1229f1f947ed567b4403822e,0,45008572,18.0040976,1,0,-63738.7401992,-63923.1263491,1,,-63923.1263491,-63902.0145228,-63938.915329,1
T01,explore,high_margin,sha256:83ef7b0317c86416f5e1b13a1e34d1c661eff4bd1229f1f947ed567b4403822e,0,45011906,18.0054312,1,0,-63738.7401992,-63899.7878846,1,,-63899.7878846,-63884.9731834,-63918.4331195,1
T01,explore,high_margin,sha256:83ef7b0317c86416f5e1b13a1e34d1c661eff4bd1229f1f947ed567b4403822e,0,45015239,18.0067644,1,0,-63738.7401992,-63907.5572877,1,,-63907.5572877,-63896.419343,-63923.9886169,1
T01,explore,high_margin,sha256:83ef7b0317c86416f5e1b13a1e34d1c661eff4bd1229f1f947ed567b4403822e,0,45018572,18.0080976,1,0,-63738.7401992,-63908.4509805,1,,-63908.4509805,-63873.7579533,-63955.9220567,1
T01,explore,high_margin,sha256:83ef7b0317c86416f5e1b13a1e34d1c661eff4bd1229f1f947ed567b4403822e,0,45021906,18.0094312,1,0,-63738.7401992,-63942.7145704,1,,-63942.7145704,-63925.7662339,-63965.0403128,1
T01,explore,high_margin,sha256:83ef7b0317c86416f5e1b13a1e34d1c661eff4bd1229f1f947ed567b4403822e,0,45025239,18.0107644,1,0,-63738.7401992,-63920.7460735,1,,-63920.7460735,-63925.9018615,-63909.9703581,1
T01,explore,high_margin,sha256:83ef7b0317c86416f5e1b13a1e34d1c661eff4bd1229f1f947ed567b4403822e,0,45028572,18.0120976,1,0,-63738.7401992,-63960.0439257,1,,-63960.0439257,-63968.4329185,-63955.883215,1
T01,explore,high_margin,sha256:83ef7b0317c86416f5e1b13a1e34d1c661eff4bd1229f1f947ed567b4403822e,0,45031906,18.0134312,1,0,-63738.7401992,-63931.3314909,1,,-63931.3314909,-63922.7775888,-63947.6730764,1
T01,explore,high_margin,sha256:83ef7b0317c86416f5e1b13a1e34d1c661eff4bd1229f1f947ed567b4403822e,0,45035239,18.0147644,1,0,-63738.7401992,-63949.2782968,1,,-63949.2782968,-63947.8057158,-63951.3714839,1
T01,explore,high_margin,sha256:83ef7b0317c86416f5e1b13a1e34d1c661eff4bd1229f1f947ed567b4403822e,0,45038572,18.0160976,1,0,-63738.7401992,-63978.026089,1,,-63978.026089,-63980.8879317,-63986.5153742,1
T01,explore,high_margin,sha256:83ef7b0317c86416f5e1b13a1e34d1c661eff4bd1229f1f947ed567b4403822e,0,45041906,18.0174312,1,0,-63738.7401992,-63961.5787881,1,,-63961.5787881,-63973.0615648,-63945.7898429,1
T01,explore,high_margin,sha256:83ef7b0317c86416f5e1b13a1e34d1c661eff4bd1229f1f947ed567b4403822e,0,45045239,18.0187644,1,0,-63738.7401992,-63944.336162,1,,-63944.336162,-63937.8849222,-63952.4233487,1
T01,explore,high_margin,sha256:83ef7b0317c86416f5e1b13a1e34d1c661eff4bd1229f1f947ed567b4403822e,0,45048572,18.0200976,1,0,-63738.7401992,-63962.1658156,1,,-63962.1658156,-63963.166854,-63962.1628866,1
T01,explore,high_margin,sha256:83ef7b0317c86416f5e1b13a1e34d1c661eff4bd1229f1f947ed567b4403822e,0,45051906,18.0214312,1,0,-63738.7401992,-63969.8124997,1,,-63969.8124997,-63970.1101778,-63992.9508568,1
T01,explore,high_margin,sha256:83ef7b0317c86416f5e1b13a1e34d1c661eff4bd1229f1f947ed567b4403822e,0,45055239,18.0227644,1,0,-63738.7401992,-63988.0286632,1,,-63988.0286632,-64033.757795,-63955.0006319,1
T01,explore,high_margin,sha256:83ef7b0317c86416f5e1b13a1e34d1c661eff4bd1229f1f947ed567b4403822e,0,45058572,18.0240976,1,0,-63738.7401992,-64006.1470923,1,,-64006.1470923,-64003.6747891,-64007.8452598,1
T01,explore,late_median_margin,sha256:83ef7b0317c86416f5e1b13a1e34d1c661eff4bd1229f1f947ed567b4403822e,0,47063453,18.82605,1,0,-68981.7202274,-68955.8708346,0,even_odd_disagreement_above_maximum,-68955.8708346,-69010.9562451,-68893.1220999,1
T01,explore,late_median_margin,sha256:83ef7b0317c86416f5e1b13a1e34d1c661eff4bd1229f1f947ed567b4403822e,0,47066786,18.8273832,1,0,-68981.7202274,-68920.8114301,1,,-68920.8114301,-68944.6333515,-68900.4023312,1
T01,explore,late_median_margin,sha256:83ef7b0317c86416f5e1b13a1e34d1c661eff4bd1229f1f947ed567b4403822e,0,47070120,18.8287168,1,0,-68981.7202274,-68942.7278409,1,,-68942.7278409,-68918.8622254,-68960.2904452,1
T01,explore,late_median_margin,sha256:83ef7b0317c86416f5e1b13a1e34d1c661eff4bd1229f1f947ed567b4403822e,0,47073453,18.83005,1,0,-68981.7202274,-68965.9142465,1,,-68965.9142465,-68969.0349609,-68971.7539339,1
T01,explore,late_median_margin,sha256:83ef7b0317c86416f5e1b13a1e34d1c661eff4bd1229f1f947ed567b4403822e,0,47076786,18.8313832,1,0,-68981.7202274,-68959.0045731,1,,-68959.0045731,-68983.8980302,-68948.9775552,1
T01,explore,late_median_margin,sha256:83ef7b0317c86416f5e1b13a1e34d1c661eff4bd1229f1f947ed567b4403822e,0,47080120,18.8327168,1,0,-68981.7202274,-68967.8685605,1,,-68967.8685605,-68945.9542262,-68990.7511029,1
T01,explore,late_median_margin,sha256:83ef7b0317c86416f5e1b13a1e34d1c661eff4bd1229f1f947ed567b4403822e,0,47083453,18.83405,1,0,-68981.7202274,-68940.1547861,1,,-68940.1547861,-68945.611891,-68942.8634031,1
T01,explore,late_median_margin,sha256:83ef7b0317c86416f5e1b13a1e34d1c661eff4bd1229f1f947ed567b4403822e,0,47086786,18.8353832,1,0,-68981.7202274,-69012.0472601,1,,-69012.0472601,-68998.5966489,-69033.465404,1
T01,explore,late_median_margin,sha256:83ef7b0317c86416f5e1b13a1e34d1c661eff4bd1229f1f947ed567b4403822e,0,47090120,18.8367168,1,0,-68981.7202274,-69012.7086189,1,,-69012.7086189,-69030.4225394,-69000.0410565,1
T01,explore,late_median_margin,sha256:83ef7b0317c86416f5e1b13a1e34d1c661eff4bd1229f1f947ed567b4403822e,0,47093453,18.83805,1,0,-68981.7202274,-68992.8556515,1,,-68992.8556515,-68991.6931789,-68997.4585735,1
T01,explore,late_median_margin,sha256:83ef7b0317c86416f5e1b13a1e34d1c661eff4bd1229f1f947ed567b4403822e,0,47096786,18.8393832,1,0,-68981.7202274,-69002.5761433,0,even_odd_disagreement_above_maximum,-69002.5761433,-68944.5101844,-69044.7933228,1
T01,explore,late_median_margin,sha256:83ef7b0317c86416f5e1b13a1e34d1c661eff4bd1229f1f947ed567b4403822e,0,47100120,18.8407168,1,0,-68981.7202274,-69007.0788919,1,,-69007.0788919,-68979.1683026,-69041.4377525,1
T01,explore,late_median_margin,sha256:83ef7b0317c86416f5e1b13a1e34d1c661eff4bd1229f1f947ed567b4403822e,0,47103453,18.84205,1,0,-68981.7202274,-69029.8311059,1,,-69029.8311059,-69039.4877079,-69005.6942996,1
T01,explore,late_median_margin,sha256:83ef7b0317c86416f5e1b13a1e34d1c661eff4bd1229f1f947ed567b4403822e,0,47106786,18.8433832,1,0,-68981.7202274,-68990.3208482,1,,-68990.3208482,-69011.0490306,-68956.4024287,1
T01,explore,late_median_margin,sha256:83ef7b0317c86416f5e1b13a1e34d1c661eff4bd1229f1f947ed567b4403822e,0,47110120,18.8447168,1,0,-68981.7202274,-69014.7986832,1,,-69014.7986832,-69024.1619895,-69003.0723444,1
T01,explore,late_median_margin,sha256:83ef7b0317c86416f5e1b13a1e34d1c661eff4bd1229f1f947ed567b4403822e,0,47113453,18.84605,1,0,-68981.7202274,-69018.5045941,1,,-69018.5045941,-69033.9984692,-69003.7321082,1
T01,explore,late_median_margin,sha256:83ef7b0317c86416f5e1b13a1e34d1c661eff4bd1229f1f947ed567b4403822e,0,47116786,18.8473832,1,0,-68981.7202274,-68970.4345628,1,,-68970.4345628,-68963.2830452,-68967.2482745,1
T01,explore,late_median_margin,sha256:83ef7b0317c86416f5e1b13a1e34d1c661eff4bd1229f1f947ed567b4403822e,0,47120120,18.8487168,1,0,-68981.7202274,-69000.5886429,1,,-69000.5886429,-69024.7363268,-68977.9416343,1
T01,explore,late_median_margin,sha256:83ef7b0317c86416f5e1b13a1e34d1c661eff4bd1229f1f947ed567b4403822e,0,47123453,18.85005,1,0,-68981.7202274,-69079.1939419,1,,-69079.1939419,-69068.9800423,-69082.907712,1
T01,explore,late_median_margin,sha256:83ef7b0317c86416f5e1b13a1e34d1c661eff4bd1229f1f947ed567b4403822e,0,47126786,18.8513832,1,0,-68981.7202274,-69045.7825381,1,,-69045.7825381,-69051.7305131,-69028.6600804,1
T01,explore,late_median_margin,sha256:83ef7b0317c86416f5e1b13a1e34d1c661eff4bd1229f1f947ed567b4403822e,0,47130120,18.8527168,1,0,-68981.7202274,-69095.8782338,1,,-69095.8782338,-69072.6450993,-69124.7962865,1
T01,explore,late_median_margin,sha256:83ef7b0317c86416f5e1b13a1e34d1c661eff4bd1229f1f947ed567b4403822e,0,47133453,18.85405,1,0,-68981.7202274,-69054.8518935,1,,-69054.8518935,-69048.2695273,-69051.6640876,1
T01,explore,late_median_margin,sha256:83ef7b0317c86416f5e1b13a1e34d1c661eff4bd1229f1f947ed567b4403822e,0,47136786,18.8553832,1,0,-68981.7202274,-69076.6510241,1,,-69076.6510241,-69049.1048548,-69093.3420607,1
T01,explore,late_median_margin,sha256:83ef7b0317c86416f5e1b13a1e34d1c661eff4bd1229f1f947ed567b4403822e,0,47140120,18.8567168,1,0,-68981.7202274,-69118.0367777,1,,-69118.0367777,-69121.6612935,-69105.675006,1
T01,explore,late_median_margin,sha256:83ef7b0317c86416f5e1b13a1e34d1c661eff4bd1229f1f947ed567b4403822e,0,47143453,18.85805,1,0,-68981.7202274,-69070.4449302,1,,-69070.4449302,-69064.7040214,-69081.7309395,1
T01,explore,late_median_margin,sha256:83ef7b0317c86416f5e1b13a1e34d1c661eff4bd1229f1f947ed567b4403822e,0,47146786,18.8593832,1,0,-68981.7202274,-69115.3546701,1,,-69115.3546701,-69130.9819365,-69107.7027973,1
T01,explore,late_median_margin,sha256:83ef7b0317c86416f5e1b13a1e34d1c661eff4bd1229f1f947ed567b4403822e,0,47150120,18.8607168,1,0,-68981.7202274,-69059.5826998,1,,-69059.5826998,-69040.7706627,-69072.9987429,1
T01,explore,late_median_margin,sha256:83ef7b0317c86416f5e1b13a1e34d1c661eff4bd1229f1f947ed567b4403822e,0,47153453,18.86205,1,0,-68981.7202274,-69066.5641357,1,,-69066.5641357,-69069.4666277,-69057.3704176,1
T01,explore,late_median_margin,sha256:83ef7b0317c86416f5e1b13a1e34d1c661eff4bd1229f1f947ed567b4403822e,0,47156786,18.8633832,1,0,-68981.7202274,-69085.5059124,1,,-69085.5059124,-69105.2438278,-69064.9549408,1
T01,explore,late_median_margin,sha256:83ef7b0317c86416f5e1b13a1e34d1c661eff4bd1229f1f947ed567b4403822e,0,47160120,18.8647168,1,0,-68981.7202274,-69114.4300145,1,,-69114.4300145,-69153.0762685,-69076.5925149,1
T01,explore,late_median_margin,sha256:83ef7b0317c86416f5e1b13a1e34d1c661eff4bd1229f1f947ed567b4403822e,0,47163453,18.86605,1,0,-68981.7202274,-69114.7944586,1,,-69114.7944586,-69106.0964775,-69124.2780183,1
T01,explore,late_median_margin,sha256:83ef7b0317c86416f5e1b13a1e34d1c661eff4bd1229f1f947ed567b4403822e,0,47166786,18.8673832,1,0,-68981.7202274,-69097.5433532,1,,-69097.5433532,-69098.6172374,-69085.5078402,1
T01,explore,late_median_margin,sha256:83ef7b0317c86416f5e1b13a1e34d1c661eff4bd1229f1f947ed567b4403822e,0,47170120,18.8687168,1,0,-68981.7202274,-69145.3590974,1,,-69145.3590974,-69158.0969607,-69141.3818337,1
T01,explore,late_median_margin,sha256:83ef7b0317c86416f5e1b13a1e34d1c661eff4bd1229f1f947ed567b4403822e,0,47173453,18.87005,1,0,-68981.7202274,-69124.0015831,1,,-69124.0015831,-69134.4283766,-69128.0465815,1
T01,explore,late_median_margin,sha256:83ef7b0317c86416f5e1b13a1e34d1c661eff4bd1229f1f947ed567b4403822e,0,47176786,18.8713832,1,0,-68981.7202274,-69141.7320649,1,,-69141.7320649,-69109.6991459,-69176.2765403,1
T01,explore,late_median_margin,sha256:83ef7b0317c86416f5e1b13a1e34d1c661eff4bd1229f1f947ed567b4403822e,0,47180120,18.8727168,1,0,-68981.7202274,-69114.3734582,1,,-69114.3734582,-69128.055564,-69108.2366673,1
T01,explore,late_median_margin,sha256:83ef7b0317c86416f5e1b13a1e34d1c661eff4bd1229f1f947ed567b4403822e,0,47183453,18.87405,0,1,-68981.7202274,,0,refill_boundary_crossing,,,,0
T01,explore,late_median_margin,sha256:83ef7b0317c86416f5e1b13a1e34d1c661eff4bd1229f1f947ed567b4403822e,0,47186786,18.8753832,1,0,-68981.7202274,-70144.6981558,0,exact_coherence_below_minimum;coherence_margin_below_minimum;even_odd_disagreement_above_maximum;timing_spread_above_maximum;tone_deletion_shift_above_maximum,-64877.3019196,-66981.7202274,-70373.6403812,0
T01,explore,late_median_margin,sha256:83ef7b0317c86416f5e1b13a1e34d1c661eff4bd1229f1f947ed567b4403822e,0,47190120,18.8767168,1,0,-68981.7202274,-69699.4962012,0,exact_coherence_below_minimum;coherence_margin_below_minimum;even_odd_disagreement_above_maximum;timing_spread_above_maximum;half_frame_difference_above_maximum;tone_deletion_shift_above_maximum,-63162.0011084,-69755.5457798,-70981.7202274,0
T01,explore,late_median_margin,sha256:83ef7b0317c86416f5e1b13a1e34d1c661eff4bd1229f1f947ed567b4403822e,0,47193453,18.87805,1,0,-68981.7202274,-70658.6482167,0,exact_coherence_below_minimum;coherence_margin_below_minimum;even_odd_disagreement_above_maximum;timing_spread_above_maximum;half_frame_difference_above_maximum;tone_deletion_shift_above_maximum,-71679.4519994,-70598.391552,-67150.4832955,0
T01,explore,late_median_margin,sha256:83ef7b0317c86416f5e1b13a1e34d1c661eff4bd1229f1f947ed567b4403822e,0,47196786,18.8793832,1,0,-68981.7202274,-69229.5595316,0,exact_coherence_below_minimum;even_odd_disagreement_above_maximum;timing_spread_above_maximum;half_frame_difference_above_maximum;tone_deletion_shift_above_maximum,-65245.9206708,-69245.9011534,-68464.2590577,0
T01,explore,late_median_margin,sha256:83ef7b0317c86416f5e1b13a1e34d1c661eff4bd1229f1f947ed567b4403822e,0,47200120,18.8807168,1,0,-68981.7202274,-69975.4740737,0,exact_coherence_below_minimum;coherence_margin_below_minimum;even_odd_disagreement_above_maximum;timing_spread_above_maximum;half_frame_difference_above_maximum;tone_deletion_shift_above_maximum,-74766.0000041,-70489.4721318,-69938.1050211,0
T01,explore,late_median_margin,sha256:83ef7b0317c86416f5e1b13a1e34d1c661eff4bd1229f1f947ed567b4403822e,0,47203453,18.88205,1,0,-68981.7202274,-69345.6112825,0,exact_coherence_below_minimum;coherence_margin_below_minimum;even_odd_disagreement_above_maximum;half_frame_difference_above_maximum,-69345.6112825,-69381.2920134,-70547.4179301,0
T01,explore,late_median_margin,sha256:83ef7b0317c86416f5e1b13a1e34d1c661eff4bd1229f1f947ed567b4403822e,0,47206786,18.8833832,1,0,-68981.7202274,-67899.8672088,0,exact_coherence_below_minimum;even_odd_disagreement_above_maximum;timing_spread_above_maximum;half_frame_difference_above_maximum;tone_deletion_shift_above_maximum,-67899.8672088,-68301.5273546,-67877.1229958,0
T01,explore,late_median_margin,sha256:83ef7b0317c86416f5e1b13a1e34d1c661eff4bd1229f1f947ed567b4403822e,0,47210120,18.8847168,1,0,-68981.7202274,-68453.6590802,0,exact_coherence_below_minimum;coherence_margin_below_minimum;even_odd_disagreement_above_maximum;half_frame_difference_above_maximum;tone_deletion_shift_above_maximum,-68453.6590802,-69319.9347144,-68454.3383533,0
T01,explore,late_median_margin,sha256:83ef7b0317c86416f5e1b13a1e34d1c661eff4bd1229f1f947ed567b4403822e,0,47213453,18.88605,1,0,-68981.7202274,-70981.7202274,0,exact_coherence_below_minimum;coherence_margin_below_minimum;even_odd_disagreement_above_maximum;timing_spread_above_maximum;half_frame_difference_above_maximum;tone_deletion_shift_above_maximum;search_boundary,-71232.4837728,-70144.6293315,-68127.5866164,0
T01,explore,late_median_margin,sha256:83ef7b0317c86416f5e1b13a1e34d1c661eff4bd1229f1f947ed567b4403822e,0,47216786,18.8873832,1,0,-68981.7202274,-70162.4176634,0,exact_coherence_below_minimum;even_odd_disagreement_above_maximum;timing_spread_above_maximum;half_frame_difference_above_maximum,-70162.4176634,-68268.0919637,-70093.3820742,0
T01,explore,late_median_margin,sha256:83ef7b0317c86416f5e1b13a1e34d1c661eff4bd1229f1f947ed567b4403822e,0,47220120,18.8887168,1,0,-68981.7202274,-68550.3345802,0,exact_coherence_below_minimum;coherence_margin_below_minimum;even_odd_disagreement_above_maximum;timing_spread_above_maximum;half_frame_difference_above_maximum;tone_deletion_shift_above_maximum,-65201.0446817,-68444.8970168,-69589.2667365,0
T01,explore,late_median_margin,sha256:83ef7b0317c86416f5e1b13a1e34d1c661eff4bd1229f1f947ed567b4403822e,0,47223453,18.89005,1,0,-68981.7202274,-70693.1606646,0,exact_coherence_below_minimum;coherence_margin_below_minimum;even_odd_disagreement_above_maximum;half_frame_difference_above_maximum;tone_deletion_shift_above_maximum,-63451.5968842,-67248.185427,-68882.1599759,0
T01,explore,late_median_margin,sha256:83ef7b0317c86416f5e1b13a1e34d1c661eff4bd1229f1f947ed567b4403822e,0,47226786,18.8913832,1,0,-68981.7202274,-69427.5036918,0,exact_coherence_below_minimum;coherence_margin_below_minimum;even_odd_disagreement_above_maximum;timing_spread_above_maximum;half_frame_difference_above_maximum;tone_deletion_shift_above_maximum,-73119.123669,-68354.4957382,-69738.4388813,0
T01,explore,late_median_margin,sha256:83ef7b0317c86416f5e1b13a1e34d1c661eff4bd1229f1f947ed567b4403822e,0,47230120,18.8927168,1,0,-68981.7202274,-70902.1379067,0,exact_coherence_below_minimum;coherence_margin_below_minimum;timing_spread_above_maximum;half_frame_difference_above_maximum;tone_deletion_shift_above_maximum,-64725.9774005,-70981.7202274,-70981.7202274,0
T01,explore,late_median_margin,sha256:83ef7b0317c86416f5e1b13a1e34d1c661eff4bd1229f1f947ed567b4403822e,0,47233453,18.89405,1,0,-68981.7202274,-68489.0441997,0,exact_coherence_below_minimum;timing_spread_above_maximum;tone_deletion_shift_above_maximum,-68489.0441997,-68494.6300894,-68478.0557276,0
T01,explore,late_median_margin,sha256:83ef7b0317c86416f5e1b13a1e34d1c661eff4bd1229f1f947ed567b4403822e,0,47236786,18.8953832,1,0,-68981.7202274,-69379.3465689,0,exact_coherence_below_minimum;even_odd_disagreement_above_maximum;timing_spread_above_maximum;half_frame_difference_above_maximum;tone_deletion_shift_above_maximum,-69379.3465689,-68479.1740849,-69308.6769075,0
T01,explore,late_median_margin,sha256:83ef7b0317c86416f5e1b13a1e34d1c661eff4bd1229f1f947ed567b4403822e,0,47240120,18.8967168,1,0,-68981.7202274,-68452.9324879,0,exact_coherence_below_minimum;coherence_margin_below_minimum;even_odd_disagreement_above_maximum;timing_spread_above_maximum;half_frame_difference_above_maximum;tone_deletion_shift_above_maximum,-72496.0957408,-68646.1309834,-69084.7965872,0
T01,explore,late_median_margin,sha256:83ef7b0317c86416f5e1b13a1e34d1c661eff4bd1229f1f947ed567b4403822e,0,47243453,18.89805,1,0,-68981.7202274,-67860.0392544,0,exact_coherence_below_minimum;even_odd_disagreement_above_maximum;timing_spread_above_maximum;tone_deletion_shift_above_maximum,-65666.5147362,-67413.6761988,-68007.0627279,0
T01,explore,late_median_margin,sha256:83ef7b0317c86416f5e1b13a1e34d1c661eff4bd1229f1f947ed567b4403822e,0,47246786,18.8993832,1,0,-68981.7202274,-70064.2099491,0,exact_coherence_below_minimum;even_odd_disagreement_above_maximum;timing_spread_above_maximum;tone_deletion_shift_above_maximum,-65791.884404,-68247.291841,-68538.5345699,0
T01,explore,low_positive_margin,sha256:83ef7b0317c86416f5e1b13a1e34d1c661eff4bd1229f1f947ed567b4403822e,0,50563638,20.226124,0,0,-77254.2733409,-77181.9540406,1,,-77181.9540406,-77151.4480115,-77194.4701875,1
T01,explore,low_positive_margin,sha256:83ef7b0317c86416f5e1b13a1e34d1c661eff4bd1229f1f947ed567b4403822e,0,50566971,20.2274572,0,0,-77254.2733409,-77135.6577886,1,,-77135.6577886,-77149.2634176,-77122.9108608,1
T01,explore,low_positive_margin,sha256:83ef7b0317c86416f5e1b13a1e34d1c661eff4bd1229f1f947ed567b4403822e,0,50570305,20.2287908,0,0,-77254.2733409,-77170.3591718,1,,-77170.3591718,-77131.9386414,-77209.5304634,1
T01,explore,low_positive_margin,sha256:83ef7b0317c86416f5e1b13a1e34d1c661eff4bd1229f1f947ed567b4403822e,0,50573638,20.230124,0,0,-77254.2733409,-77163.8831601,1,,-77163.8831601,-77156.5544418,-77172.1650004,1
T01,explore,low_positive_margin,sha256:83ef7b0317c86416f5e1b13a1e34d1c661eff4bd1229f1f947ed567b4403822e,0,50576971,20.2314572,0,0,-77254.2733409,-77158.4294813,0,even_odd_disagreement_above_maximum,-77158.4294813,-77213.889622,-77097.1452564,1
T01,explore,low_positive_margin,sha256:83ef7b0317c86416f5e1b13a1e34d1c661eff4bd1229f1f947ed567b4403822e,0,50580305,20.2327908,0,0,-77254.2733409,-77140.8365476,1,,-77140.8365476,-77147.9862781,-77127.1045935,1
T01,explore,low_positive_margin,sha256:83ef7b0317c86416f5e1b13a1e34d1c661eff4bd1229f1f947ed567b4403822e,0,50583638,20.234124,0,0,-77254.2733409,-77147.5354723,1,,-77147.5354723,-77128.2877699,-77158.8146516,1
T01,explore,low_positive_margin,sha256:83ef7b0317c86416f5e1b13a1e34d1c661eff4bd1229f1f947ed567b4403822e,0,50586971,20.2354572,0,0,-77254.2733409,-77173.0380087,1,,-77173.0380087,-77148.864657,-77197.7897865,1
T01,explore,low_positive_margin,sha256:83ef7b0317c86416f5e1b13a1e34d1c661eff4bd1229f1f947ed567b4403822e,0,50590305,20.2367908,0,0,-77254.2733409,-77178.4948702,1,,-77178.4948702,-77188.0451067,-77142.907054,1
T01,explore,low_positive_margin,sha256:83ef7b0317c86416f5e1b13a1e34d1c661eff4bd1229f1f947ed567b4403822e,0,50593638,20.238124,0,1,-77254.2733409,,0,refill_boundary_crossing,,,,0
T01,explore,low_positive_margin,sha256:83ef7b0317c86416f5e1b13a1e34d1c661eff4bd1229f1f947ed567b4403822e,0,50596971,20.2394572,0,0,-77254.2733409,-76649.6011272,0,exact_coherence_below_minimum;coherence_margin_below_minimum;even_odd_disagreement_above_maximum;timing_spread_above_maximum;half_frame_difference_above_maximum;tone_deletion_shift_above_maximum,-80627.8655206,-77831.2571923,-76989.7664936,0
T01,explore,low_positive_margin,sha256:83ef7b0317c86416f5e1b13a1e34d1c661eff4bd1229f1f947ed567b4403822e,0,50600305,20.2407908,0,0,-77254.2733409,-78378.4632233,0,exact_coherence_below_minimum;coherence_margin_below_minimum;even_odd_disagreement_above_maximum;timing_spread_above_maximum;half_frame_difference_above_maximum;tone_deletion_shift_above_maximum,-78378.4632233,-78530.3545842,-78939.9911622,0
T01,explore,low_positive_margin,sha256:83ef7b0317c86416f5e1b13a1e34d1c661eff4bd1229f1f947ed567b4403822e,0,50603638,20.242124,0,0,-77254.2733409,-76975.8942142,0,exact_coherence_below_minimum;even_odd_disagreement_above_maximum;timing_spread_above_maximum;half_frame_difference_above_maximum;tone_deletion_shift_above_maximum,-76975.8942142,-76154.2481662,-76311.4444377,0
T01,explore,low_positive_margin,sha256:83ef7b0317c86416f5e1b13a1e34d1c661eff4bd1229f1f947ed567b4403822e,0,50606971,20.2434572,0,0,-77254.2733409,-78623.8018111,0,exact_coherence_below_minimum;even_odd_disagreement_above_maximum;half_frame_difference_above_maximum,-78623.8018111,-78446.9569201,-75766.8270722,0
T01,explore,low_positive_margin,sha256:83ef7b0317c86416f5e1b13a1e34d1c661eff4bd1229f1f947ed567b4403822e,0,50610305,20.2447908,0,0,-77254.2733409,-76934.6275682,0,exact_coherence_below_minimum;even_odd_disagreement_above_maximum;half_frame_difference_above_maximum,-76934.6275682,-77198.8869769,-76821.0225337,0
T01,explore,low_positive_margin,sha256:83ef7b0317c86416f5e1b13a1e34d1c661eff4bd1229f1f947ed567b4403822e,0,50613638,20.246124,0,0,-77254.2733409,-77987.3208604,0,exact_coherence_below_minimum;coherence_margin_below_minimum;even_odd_disagreement_above_maximum;timing_spread_above_maximum;half_frame_difference_above_maximum;tone_deletion_shift_above_maximum,-77987.3208604,-75477.6284704,-79254.2733409,0
T01,explore,low_positive_margin,sha256:83ef7b0317c86416f5e1b13a1e34d1c661eff4bd1229f1f947ed567b4403822e,0,50616971,20.2474572,0,0,-77254.2733409,-77891.6170722,0,exact_coherence_below_minimum;coherence_margin_below_minimum;even_odd_disagreement_above_maximum;timing_spread_above_maximum;half_frame_difference_above_maximum;tone_deletion_shift_above_maximum,-79984.4275522,-75887.4088511,-77861.1488451,0
T01,explore,low_positive_margin,sha256:83ef7b0317c86416f5e1b13a1e34d1c661eff4bd1229f1f947ed567b4403822e,0,50620305,20.2487908,0,0,-77254.2733409,-76368.2930402,0,exact_coherence_below_minimum;coherence_margin_below_minimum;even_odd_disagreement_above_maximum;timing_spread_above_maximum;half_frame_difference_above_maximum;tone_deletion_shift_above_maximum,-74705.3067175,-76036.106445,-77803.3979741,0
T01,explore,low_positive_margin,sha256:83ef7b0317c86416f5e1b13a1e34d1c661eff4bd1229f1f947ed567b4403822e,0,50623638,20.250124,0,0,-77254.2733409,-77460.2107487,0,exact_coherence_below_minimum;coherence_margin_below_minimum;even_odd_disagreement_above_maximum;timing_spread_above_maximum;half_frame_difference_above_maximum;tone_deletion_shift_above_maximum,-81623.34131,-76146.5028954,-75357.9329411,0
T01,explore,low_positive_margin,sha256:83ef7b0317c86416f5e1b13a1e34d1c661eff4bd1229f1f947ed567b4403822e,0,50626971,20.2514572,0,0,-77254.2733409,-79197.6868856,0,exact_coherence_below_minimum;coherence_margin_below_minimum;even_odd_disagreement_above_maximum;timing_spread_above_maximum;half_frame_difference_above_maximum,-83254.2733409,-77500.4478168,-79254.2733409,0
T01,explore,low_positive_margin,sha256:83ef7b0317c86416f5e1b13a1e34d1c661eff4bd1229f1f947ed567b4403822e,0,50630305,20.2527908,0,0,-77254.2733409,-79254.2733409,0,exact_coherence_below_minimum;coherence_margin_below_minimum;even_odd_disagreement_above_maximum;timing_spread_above_maximum;half_frame_difference_above_maximum;tone_deletion_shift_above_maximum;search_boundary,-74416.28581,-77048.6290966,-79254.2733409,0
T01,explore,low_positive_margin,sha256:83ef7b0317c86416f5e1b13a1e34d1c661eff4bd1229f1f947ed567b4403822e,0,50633638,20.254124,0,0,-77254.2733409,-78669.1237891,0,exact_coherence_below_minimum;coherence_margin_below_minimum;even_odd_disagreement_above_maximum;timing_spread_above_maximum;half_frame_difference_above_maximum;tone_deletion_shift_above_maximum,-81335.3069551,-78754.0099434,-77233.05904,0
T01,explore,low_positive_margin,sha256:83ef7b0317c86416f5e1b13a1e34d1c661eff4bd1229f1f947ed567b4403822e,0,50636971,20.2554572,0,0,-77254.2733409,-77127.9818681,0,exact_coherence_below_minimum;coherence_margin_below_minimum;even_odd_disagreement_above_maximum;timing_spread_above_maximum;half_frame_difference_above_maximum;tone_deletion_shift_above_maximum,-74068.7743485,-75339.2771542,-77417.6599962,0
T01,explore,low_positive_margin,sha256:83ef7b0317c86416f5e1b13a1e34d1c661eff4bd1229f1f947ed567b4403822e,0,50640305,20.2567908,0,0,-77254.2733409,-75445.653712,0,exact_coherence_below_minimum;coherence_margin_below_minimum;even_odd_disagreement_above_maximum;timing_spread_above_maximum;tone_deletion_shift_above_maximum,-75445.653712,-75483.5890767,-76385.5081363,0
T01,explore,low_positive_margin,sha256:83ef7b0317c86416f5e1b13a1e34d1c661eff4bd1229f1f947ed567b4403822e,0,50643638,20.258124,0,0,-77254.2733409,-77429.6208534,0,exact_coherence_below_minimum;even_odd_disagreement_above_maximum;timing_spread_above_maximum;tone_deletion_shift_above_maximum,-73448.5652408,-75895.2706799,-79006.201691,0
T01,explore,low_positive_margin,sha256:83ef7b0317c86416f5e1b13a1e34d1c661eff4bd1229f1f947ed567b4403822e,0,50646971,20.2594572,0,0,-77254.2733409,-77870.4315876,0,exact_coherence_below_minimum;even_odd_disagreement_above_maximum;half_frame_difference_above_maximum;tone_deletion_shift_above_maximum,-77870.4315876,-77793.7123311,-76568.9531402,0
T01,explore,low_positive_margin,sha256:83ef7b0317c86416f5e1b13a1e34d1c661eff4bd1229f1f947ed567b4403822e,0,50650305,20.2607908,0,0,-77254.2733409,-78410.29099,0,exact_coherence_below_minimum;coherence_margin_below_minimum;even_odd_disagreement_above_maximum;timing_spread_above_maximum;half_frame_difference_above_maximum;tone_deletion_shift_above_maximum,-71921.8354413,-77363.0458954,-78548.0605299,0
T01,explore,low_positive_margin,sha256:83ef7b0317c86416f5e1b13a1e34d1c661eff4bd1229f1f947ed567b4403822e,0,50653638,20.262124,0,0,-77254.2733409,-78684.6040852,0,exact_coherence_below_minimum;coherence_margin_below_minimum;even_odd_disagreement_above_maximum;timing_spread_above_maximum;half_frame_difference_above_maximum;tone_deletion_shift_above_maximum,-74530.5179314,-75526.430135,-76370.9248736,0
T01,explore,low_positive_margin,sha256:83ef7b0317c86416f5e1b13a1e34d1c661eff4bd1229f1f947ed567b4403822e,0,50656971,20.2634572,0,0,-77254.2733409,-76801.78857,0,exact_coherence_below_minimum;even_odd_disagreement_above_maximum;timing_spread_above_maximum;half_frame_difference_above_maximum;tone_deletion_shift_above_maximum,-74173.4410008,-76725.2504358,-78832.4066617,0
T01,explore,low_positive_margin,sha256:83ef7b0317c86416f5e1b13a1e34d1c661eff4bd1229f1f947ed567b4403822e,0,50660305,20.2647908,0,0,-77254.2733409,-76458.7915333,0,exact_coherence_below_minimum;coherence_margin_below_minimum;even_odd_disagreement_above_maximum;timing_spread_above_maximum;half_frame_difference_above_maximum;tone_deletion_shift_above_maximum,-76458.7915333,-77517.0738582,-78442.3962965,0
T01,explore,low_positive_margin,sha256:83ef7b0317c86416f5e1b13a1e34d1c661eff4bd1229f1f947ed567b4403822e,0,50663638,20.266124,0,0,-77254.2733409,-75254.2733409,0,exact_coherence_below_minimum;even_odd_disagreement_above_maximum;half_frame_difference_above_maximum;tone_deletion_shift_above_maximum;search_boundary,-80229.2118244,-75986.7123258,-78210.8898497,0
T01,explore,low_positive_margin,sha256:83ef7b0317c86416f5e1b13a1e34d1c661eff4bd1229f1f947ed567b4403822e,0,50666971,20.2674572,0,0,-77254.2733409,-78837.9037068,0,exact_coherence_below_minimum;even_odd_disagreement_above_maximum;timing_spread_above_maximum;tone_deletion_shift_above_maximum,-78837.9037068,-76428.608569,-78955.0398407,0
T01,explore,low_positive_margin,sha256:83ef7b0317c86416f5e1b13a1e34d1c661eff4bd1229f1f947ed567b4403822e,0,50670305,20.2687908,0,0,-77254.2733409,-79254.2733409,0,exact_coherence_below_minimum;even_odd_disagreement_above_maximum;timing_spread_above_maximum;tone_deletion_shift_above_maximum;search_boundary,-82310.7542785,-78039.9277842,-75599.9056917,0
T01,explore,low_positive_margin,sha256:83ef7b0317c86416f5e1b13a1e34d1c661eff4bd1229f1f947ed567b4403822e,0,50673638,20.270124,0,0,-77254.2733409,-75254.2733409,0,exact_coherence_below_minimum;even_odd_disagreement_above_maximum;half_frame_difference_above_maximum;search_boundary,-75103.9124015,-77804.6314312,-78636.4497465,0
T01,explore,low_positive_margin,sha256:83ef7b0317c86416f5e1b13a1e34d1c661eff4bd1229f1f947ed567b4403822e,0,50676971,20.2714572,0,0,-77254.2733409,-75845.7511095,0,exact_coherence_below_minimum;coherence_margin_below_minimum;even_odd_disagreement_above_maximum;timing_spread_above_maximum;half_frame_difference_above_maximum;tone_deletion_shift_above_maximum,-83027.4458363,-76194.82169,-77089.6637506,0
T01,explore,low_positive_margin,sha256:83ef7b0317c86416f5e1b13a1e34d1c661eff4bd1229f1f947ed567b4403822e,0,50680305,20.2727908,0,0,-77254.2733409,-76421.6158621,0,exact_coherence_below_minimum;coherence_margin_below_minimum;even_odd_disagreement_above_maximum;timing_spread_above_maximum;half_frame_difference_above_maximum;tone_deletion_shift_above_maximum,-82360.1553576,-78027.0221767,-76547.1239193,0
T01,explore,low_positive_margin,sha256:83ef7b0317c86416f5e1b13a1e34d1c661eff4bd1229f1f947ed567b4403822e,0,50683638,20.274124,0,0,-77254.2733409,-77928.3987775,0,exact_coherence_below_minimum;coherence_margin_below_minimum;even_odd_disagreement_above_maximum;timing_spread_above_maximum;tone_deletion_shift_above_maximum,-77928.3987775,-78151.0317757,-76768.8151119,0
T01,explore,low_positive_margin,sha256:83ef7b0317c86416f5e1b13a1e34d1c661eff4bd1229f1f947ed567b4403822e,0,50686971,20.2754572,0,0,-77254.2733409,-76970.9468332,0,exact_coherence_below_minimum;even_odd_disagreement_above_maximum;timing_spread_above_maximum;half_frame_difference_above_maximum;tone_deletion_shift_above_maximum,-72331.0163845,-76946.0699218,-78415.5205332,0
T01,explore,low_positive_margin,sha256:83ef7b0317c86416f5e1b13a1e34d1c661eff4bd1229f1f947ed567b4403822e,0,50690305,20.2767908,0,0,-77254.2733409,-77520.4766086,0,exact_coherence_below_minimum;even_odd_disagreement_above_maximum;timing_spread_above_maximum;half_frame_difference_above_maximum;tone_deletion_shift_above_maximum,-77520.4766086,-75557.0312357,-77478.8474166,0
T01,explore,low_positive_margin,sha256:83ef7b0317c86416f5e1b13a1e34d1c661eff4bd1229f1f947ed567b4403822e,0,50693638,20.278124,0,0,-77254.2733409,-76103.4418292,0,exact_coherence_below_minimum;even_odd_disagreement_above_maximum;timing_spread_above_maximum;half_frame_difference_above_maximum;tone_deletion_shift_above_maximum,-79859.60567,-76195.6878867,-79254.2733409,0
T01,explore,low_positive_margin,sha256:83ef7b0317c86416f5e1b13a1e34d1c661eff4bd1229f1f947ed567b4403822e,0,50696971,20.2794572,0,0,-77254.2733409,-77067.2475736,0,exact_coherence_below_minimum;even_odd_disagreement_above_maximum;timing_spread_above_maximum;half_frame_difference_above_maximum;tone_deletion_shift_above_maximum,-77067.2475736,-78241.1718491,-77211.0525953,0
T01,explore,low_positive_margin,sha256:83ef7b0317c86416f5e1b13a1e34d1c661eff4bd1229f1f947ed567b4403822e,0,50700305,20.2807908,0,0,-77254.2733409,-77955.1919117,0,exact_coherence_below_minimum;coherence_margin_below_minimum;even_odd_disagreement_above_maximum;timing_spread_above_maximum;half_frame_difference_above_maximum;tone_deletion_shift_above_maximum,-71661.419607,-77900.3600908,-79254.2733409,0
T01,explore,low_positive_margin,sha256:83ef7b0317c86416f5e1b13a1e34d1c661eff4bd1229f1f947ed567b4403822e,0,50703638,20.282124,0,0,-77254.2733409,-77059.8946002,0,exact_coherence_below_minimum;even_odd_disagreement_above_maximum;timing_spread_above_maximum;half_frame_difference_above_maximum;tone_deletion_shift_above_maximum,-72190.7419585,-77270.7306425,-76206.4295497,0
T01,explore,low_positive_margin,sha256:83ef7b0317c86416f5e1b13a1e34d1c661eff4bd1229f1f947ed567b4403822e,0,50706971,20.2834572,0,0,-77254.2733409,-76773.8495806,0,exact_coherence_below_minimum;half_frame_difference_above_maximum;tone_deletion_shift_above_maximum,-74290.5596285,-76834.9518367,-76738.0818443,0
T01,explore,low_positive_margin,sha256:83ef7b0317c86416f5e1b13a1e34d1c661eff4bd1229f1f947ed567b4403822e,0,50710305,20.2847908,0,0,-77254.2733409,-76017.647226,0,exact_coherence_below_minimum;coherence_margin_below_minimum;even_odd_disagreement_above_maximum;timing_spread_above_maximum;half_frame_difference_above_maximum;tone_deletion_shift_above_maximum,-80049.7479055,-79254.2733409,-75516.2352007,0
T01,explore,low_positive_margin,sha256:83ef7b0317c86416f5e1b13a1e34d1c661eff4bd1229f1f947ed567b4403822e,0,50713638,20.286124,0,0,-77254.2733409,-76548.9152087,0,exact_coherence_below_minimum;even_odd_disagreement_above_maximum;timing_spread_above_maximum;half_frame_difference_above_maximum;tone_deletion_shift_above_maximum,-72216.9760039,-77531.9056039,-76528.1492411,0
T01,explore,low_positive_margin,sha256:83ef7b0317c86416f5e1b13a1e34d1c661eff4bd1229f1f947ed567b4403822e,0,50716971,20.2874572,0,0,-77254.2733409,-76782.1176139,0,exact_coherence_below_minimum;coherence_margin_below_minimum;even_odd_disagreement_above_maximum;timing_spread_above_maximum;half_frame_difference_above_maximum;tone_deletion_shift_above_maximum,-76782.1176139,-77681.7120107,-78703.3112393,0
T01,explore,low_positive_margin,sha256:83ef7b0317c86416f5e1b13a1e34d1c661eff4bd1229f1f947ed567b4403822e,0,50720305,20.2887908,0,0,-77254.2733409,-77050.8589769,0,exact_coherence_below_minimum;coherence_margin_below_minimum;even_odd_disagreement_above_maximum;timing_spread_above_maximum;half_frame_difference_above_maximum,-71254.2733409,-77046.6427913,-79254.2733409,0
T01,explore,low_positive_margin,sha256:83ef7b0317c86416f5e1b13a1e34d1c661eff4bd1229f1f947ed567b4403822e,0,50723638,20.290124,0,0,-77254.2733409,-77226.8771074,0,exact_coherence_below_minimum;coherence_margin_below_minimum;even_odd_disagreement_above_maximum;timing_spread_above_maximum;half_frame_difference_above_maximum;tone_deletion_shift_above_maximum,-79906.5706969,-75293.4391225,-76256.9965715,0
T01,explore,low_positive_margin,sha256:83ef7b0317c86416f5e1b13a1e34d1c661eff4bd1229f1f947ed567b4403822e,0,50726971,20.2914572,0,0,-77254.2733409,-79091.1087244,0,exact_coherence_below_minimum;coherence_margin_below_minimum;even_odd_disagreement_above_maximum;timing_spread_above_maximum;half_frame_difference_above_maximum;tone_deletion_shift_above_maximum,-72463.4139657,-77020.9851416,-79037.5017645,0
T01,explore,low_positive_margin,sha256:83ef7b0317c86416f5e1b13a1e34d1c661eff4bd1229f1f947ed567b4403822e,0,50730305,20.2927908,0,0,-77254.2733409,-76628.9859744,0,exact_coherence_below_minimum;even_odd_disagreement_above_maximum;timing_spread_above_maximum;half_frame_difference_above_maximum;tone_deletion_shift_above_maximum,-76628.9859744,-77792.9662955,-76490.8521719,0
T01,explore,low_positive_margin,sha256:83ef7b0317c86416f5e1b13a1e34d1c661eff4bd1229f1f947ed567b4403822e,0,50733638,20.294124,0,0,-77254.2733409,-77363.7614193,0,exact_coherence_below_minimum;coherence_margin_below_minimum;even_odd_disagreement_above_maximum;timing_spread_above_maximum;half_frame_difference_above_maximum;tone_deletion_shift_above_maximum,-73728.4231007,-78336.4584572,-78723.1478649,0
T01,explore,low_positive_margin,sha256:83ef7b0317c86416f5e1b13a1e34d1c661eff4bd1229f1f947ed567b4403822e,0,50736971,20.2954572,0,0,-77254.2733409,-77538.5057922,0,exact_coherence_below_minimum;coherence_margin_below_minimum;even_odd_disagreement_above_maximum;timing_spread_above_maximum;half_frame_difference_above_maximum;tone_deletion_shift_above_maximum,-77538.5057922,-77379.037633,-76634.9187752,0
T01,explore,low_positive_margin,sha256:83ef7b0317c86416f5e1b13a1e34d1c661eff4bd1229f1f947ed567b4403822e,0,50740305,20.2967908,0,0,-77254.2733409,-75407.997878,0,exact_coherence_below_minimum;even_odd_disagreement_above_maximum;timing_spread_above_maximum;half_frame_difference_above_maximum;tone_deletion_shift_above_maximum,-80649.5304814,-78971.7659924,-77586.4481049,0
T01,explore,low_positive_margin,sha256:83ef7b0317c86416f5e1b13a1e34d1c661eff4bd1229f1f947ed567b4403822e,0,50743638,20.298124,0,0,-77254.2733409,-78485.6170513,0,exact_coherence_below_minimum;even_odd_disagreement_above_maximum;timing_spread_above_maximum;half_frame_difference_above_maximum;tone_deletion_shift_above_maximum,-72991.3966886,-79131.3892222,-78468.4373104,0
T01,explore,low_positive_margin,sha256:83ef7b0317c86416f5e1b13a1e34d1c661eff4bd1229f1f947ed567b4403822e,0,50746971,20.2994572,0,0,-77254.2733409,-75482.795234,0,exact_coherence_below_minimum;coherence_margin_below_minimum;even_odd_disagreement_above_maximum;timing_spread_above_maximum;half_frame_difference_above_maximum;tone_deletion_shift_above_maximum,-74461.0927642,-78892.7075956,-77062.1964749,0
T01,explore,middle_median_margin,sha256:83ef7b0317c86416f5e1b13a1e34d1c661eff4bd1229f1f947ed567b4403822e,0,44189703,17.67655,1,0,-61952.2216173,-61910.7843588,1,,-61910.7843588,-61892.5657945,-61932.6943694,1
T01,explore,middle_median_margin,sha256:83ef7b0317c86416f5e1b13a1e34d1c661eff4bd1229f1f947ed567b4403822e,0,44193036,17.6778832,1,0,-61952.2216173,-61926.3991878,1,,-61926.3991878,-61959.5659034,-61892.6523518,1
T01,explore,middle_median_margin,sha256:83ef7b0317c86416f5e1b13a1e34d1c661eff4bd1229f1f947ed567b4403822e,0,44196370,17.6792168,1,0,-61952.2216173,-61893.3629928,1,,-61893.3629928,-61905.8423942,-61873.8888291,1
T01,explore,middle_median_margin,sha256:83ef7b0317c86416f5e1b13a1e34d1c661eff4bd1229f1f947ed567b4403822e,0,44199703,17.68055,1,0,-61952.2216173,-61925.8896647,1,,-61925.8896647,-61938.4581281,-61906.7489018,1
T01,explore,middle_median_margin,sha256:83ef7b0317c86416f5e1b13a1e34d1c661eff4bd1229f1f947ed567b4403822e,0,44203036,17.6818832,1,0,-61952.2216173,-61919.7670255,1,,-61919.7670255,-61939.599903,-61908.43952,1
T01,explore,middle_median_margin,sha256:83ef7b0317c86416f5e1b13a1e34d1c661eff4bd1229f1f947ed567b4403822e,0,44206370,17.6832168,1,0,-61952.2216173,-61962.523992,1,,-61962.523992,-61962.1163512,-61958.9790364,1
T01,explore,middle_median_margin,sha256:83ef7b0317c86416f5e1b13a1e34d1c661eff4bd1229f1f947ed567b4403822e,0,44209703,17.68455,1,0,-61952.2216173,-61919.2796987,1,,-61919.2796987,-61916.919402,-61921.0827555,1
T01,explore,middle_median_margin,sha256:83ef7b0317c86416f5e1b13a1e34d1c661eff4bd1229f1f947ed567b4403822e,0,44213036,17.6858832,1,0,-61952.2216173,-61956.7530262,1,,-61956.7530262,-61954.8699099,-61958.7151344,1
T01,explore,middle_median_margin,sha256:83ef7b0317c86416f5e1b13a1e34d1c661eff4bd1229f1f947ed567b4403822e,0,44216370,17.6872168,1,0,-61952.2216173,-61922.7293525,1,,-61922.7293525,-61913.8219141,-61926.1826355,1
T01,explore,middle_median_margin,sha256:83ef7b0317c86416f5e1b13a1e34d1c661eff4bd1229f1f947ed567b4403822e,0,44219703,17.68855,1,0,-61952.2216173,-61922.4266529,1,,-61922.4266529,-61919.3116857,-61922.645494,1
T01,explore,middle_median_margin,sha256:83ef7b0317c86416f5e1b13a1e34d1c661eff4bd1229f1f947ed567b4403822e,0,44223036,17.6898832,1,0,-61952.2216173,-61964.2150412,1,,-61964.2150412,-61946.5123463,-61979.0596554,1
T01,explore,middle_median_margin,sha256:83ef7b0317c86416f5e1b13a1e34d1c661eff4bd1229f1f947ed567b4403822e,0,44226370,17.6912168,1,0,-61952.2216173,-61946.7600987,1,,-61946.7600987,-61977.1894661,-61911.7305823,1
T01,explore,middle_median_margin,sha256:83ef7b0317c86416f5e1b13a1e34d1c661eff4bd1229f1f947ed567b4403822e,0,44229703,17.69255,1,0,-61952.2216173,-61956.0802111,1,,-61956.0802111,-61976.4717345,-61953.4655708,1
T01,explore,middle_median_margin,sha256:83ef7b0317c86416f5e1b13a1e34d1c661eff4bd1229f1f947ed567b4403822e,0,44233036,17.6938832,1,0,-61952.2216173,-61985.3705146,1,,-61985.3705146,-61973.6115889,-61988.103329,1
T01,explore,middle_median_margin,sha256:83ef7b0317c86416f5e1b13a1e34d1c661eff4bd1229f1f947ed567b4403822e,0,44236370,17.6952168,1,0,-61952.2216173,-61976.9101938,1,,-61976.9101938,-61989.7040231,-61963.8642502,1
T01,explore,middle_median_margin,sha256:83ef7b0317c86416f5e1b13a1e34d1c661eff4bd1229f1f947ed567b4403822e,0,44239703,17.69655,1,0,-61952.2216173,-61970.0871046,1,,-61970.0871046,-61975.5408866,-61958.4373267,1
T01,explore,middle_median_margin,sha256:83ef7b0317c86416f5e1b13a1e34d1c661eff4bd1229f1f947ed567b4403822e,0,44243036,17.6978832,1,0,-61952.2216173,-62006.0539423,1,,-62006.0539423,-61978.0932535,-62017.271124,1
T01,explore,middle_median_margin,sha256:83ef7b0317c86416f5e1b13a1e34d1c661eff4bd1229f1f947ed567b4403822e,0,44246370,17.6992168,1,0,-61952.2216173,-61982.8582952,1,,-61982.8582952,-62002.1569365,-61963.6377024,1
T01,explore,middle_median_margin,sha256:83ef7b0317c86416f5e1b13a1e34d1c661eff4bd1229f1f947ed567b4403822e,0,44249703,17.70055,1,0,-61952.2216173,-62003.2115773,1,,-62003.2115773,-61988.2678469,-62019.166528,1
T01,explore,middle_median_margin,sha256:83ef7b0317c86416f5e1b13a1e34d1c661eff4bd1229f1f947ed567b4403822e,0,44253036,17.7018832,1,0,-61952.2216173,-62026.7985156,1,,-62026.7985156,-62022.0971606,-62035.4406327,1
T01,explore,middle_median_margin,sha256:83ef7b0317c86416f5e1b13a1e34d1c661eff4bd1229f1f947ed567b4403822e,0,44256370,17.7032168,1,0,-61952.2216173,-62025.0806976,1,,-62025.0806976,-62028.4923511,-62022.298493,1
T01,explore,middle_median_margin,sha256:83ef7b0317c86416f5e1b13a1e34d1c661eff4bd1229f1f947ed567b4403822e,0,44259703,17.70455,1,0,-61952.2216173,-62017.3761162,1,,-62017.3761162,-61986.2422143,-62047.8111535,1
T01,explore,middle_median_margin,sha256:83ef7b0317c86416f5e1b13a1e34d1c661eff4bd1229f1f947ed567b4403822e,0,44263036,17.7058832,1,0,-61952.2216173,-62020.3214661,1,,-62020.3214661,-62030.4583268,-62003.1691112,1
T01,explore,middle_median_margin,sha256:83ef7b0317c86416f5e1b13a1e34d1c661eff4bd1229f1f947ed567b4403822e,0,44266370,17.7072168,1,0,-61952.2216173,-62026.8380322,1,,-62026.8380322,-62012.6418375,-62035.5266861,1
T01,explore,middle_median_margin,sha256:83ef7b0317c86416f5e1b13a1e34d1c661eff4bd1229f1f947ed567b4403822e,0,44269703,17.70855,1,0,-61952.2216173,-62021.9960945,1,,-62021.9960945,-62006.855168,-62028.3954401,1
T01,explore,middle_median_margin,sha256:83ef7b0317c86416f5e1b13a1e34d1c661eff4bd1229f1f947ed567b4403822e,0,44273036,17.7098832,1,0,-61952.2216173,-62046.6118905,1,,-62046.6118905,-62022.6926719,-62055.5944715,1
T01,explore,middle_median_margin,sha256:83ef7b0317c86416f5e1b13a1e34d1c661eff4bd1229f1f947ed567b4403822e,0,44276370,17.7112168,1,0,-61952.2216173,-62068.462651,1,,-62068.462651,-62078.357515,-62046.4308157,1
T01,explore,middle_median_margin,sha256:83ef7b0317c86416f5e1b13a1e34d1c661eff4bd1229f1f947ed567b4403822e,0,44279703,17.71255,1,0,-61952.2216173,-62034.4022057,1,,-62034.4022057,-62033.6442984,-62024.4223301,1
T01,explore,middle_median_margin,sha256:83ef7b0317c86416f5e1b13a1e34d1c661eff4bd1229f1f947ed567b4403822e,0,44283036,17.7138832,1,0,-61952.2216173,-62039.4088342,1,,-62039.4088342,-62069.4803888,-62003.7936952,1
T01,explore,middle_median_margin,sha256:83ef7b0317c86416f5e1b13a1e34d1c661eff4bd1229f1f947ed567b4403822e,0,44286370,17.7152168,1,0,-61952.2216173,-62070.3225904,1,,-62070.3225904,-62064.4781299,-62084.0677721,1
T01,explore,middle_median_margin,sha256:83ef7b0317c86416f5e1b13a1e34d1c661eff4bd1229f1f947ed567b4403822e,0,44289703,17.71655,1,0,-61952.2216173,-62014.7641506,1,,-62014.7641506,-62018.3695284,-62012.9304996,1
T01,explore,middle_median_margin,sha256:83ef7b0317c86416f5e1b13a1e34d1c661eff4bd1229f1f947ed567b4403822e,0,44293036,17.7178832,1,0,-61952.2216173,-62031.9036869,1,,-62031.9036869,-62036.3721952,-62036.7262008,1
T01,explore,middle_median_margin,sha256:83ef7b0317c86416f5e1b13a1e34d1c661eff4bd1229f1f947ed567b4403822e,0,44296370,17.7192168,1,0,-61952.2216173,-62036.3733073,1,,-62036.3733073,-62017.8514823,-62057.9355044,1
T01,explore,middle_median_margin,sha256:83ef7b0317c86416f5e1b13a1e34d1c661eff4bd1229f1f947ed567b4403822e,0,44299703,17.72055,0,1,-61952.2216173,,0,refill_boundary_crossing,,,,0
T01,explore,middle_median_margin,sha256:83ef7b0317c86416f5e1b13a1e34d1c661eff4bd1229f1f947ed567b4403822e,0,44303036,17.7218832,1,0,-61952.2216173,-62027.0982243,0,exact_coherence_below_minimum;coherence_margin_below_minimum;even_odd_disagreement_above_maximum;timing_spread_above_maximum;half_frame_difference_above_maximum,-58896.7089862,-60993.6842937,-62961.7513209,0
T01,explore,middle_median_margin,sha256:83ef7b0317c86416f5e1b13a1e34d1c661eff4bd1229f1f947ed567b4403822e,0,44306370,17.7232168,1,0,-61952.2216173,-63081.4080576,0,exact_coherence_below_minimum;even_odd_disagreement_above_maximum;timing_spread_above_maximum;half_frame_difference_above_maximum,-63081.4080576,-62877.1433813,-60988.7147148,0
T01,explore,middle_median_margin,sha256:83ef7b0317c86416f5e1b13a1e34d1c661eff4bd1229f1f947ed567b4403822e,0,44309703,17.72455,1,0,-61952.2216173,-63650.9433607,0,exact_coherence_below_minimum;coherence_margin_below_minimum;even_odd_disagreement_above_maximum;timing_spread_above_maximum;tone_deletion_shift_above_maximum,-58451.9630109,-62629.8711525,-63567.6362101,0
T01,explore,middle_median_margin,sha256:83ef7b0317c86416f5e1b13a1e34d1c661eff4bd1229f1f947ed567b4403822e,0,44313036,17.7258832,1,0,-61952.2216173,-61236.4827127,0,exact_coherence_below_minimum;coherence_margin_below_minimum;even_odd_disagreement_above_maximum;timing_spread_above_maximum;half_frame_difference_above_maximum;tone_deletion_shift_above_maximum,-57884.6051909,-63952.2216173,-60419.9822477,0
T01,explore,middle_median_margin,sha256:83ef7b0317c86416f5e1b13a1e34d1c661eff4bd1229f1f947ed567b4403822e,0,44316370,17.7272168,1,0,-61952.2216173,-61204.3730953,0,exact_coherence_below_minimum;coherence_margin_below_minimum;even_odd_disagreement_above_maximum;timing_spread_above_maximum;tone_deletion_shift_above_maximum,-65107.4255975,-61216.6042755,-60098.8763609,0
T01,explore,middle_median_margin,sha256:83ef7b0317c86416f5e1b13a1e34d1c661eff4bd1229f1f947ed567b4403822e,0,44319703,17.72855,1,0,-61952.2216173,-62124.3986699,0,exact_coherence_below_minimum;coherence_margin_below_minimum;even_odd_disagreement_above_maximum;timing_spread_above_maximum;tone_deletion_shift_above_maximum,-66784.9176583,-63952.2216173,-62046.7789978,0
T01,explore,middle_median_margin,sha256:83ef7b0317c86416f5e1b13a1e34d1c661eff4bd1229f1f947ed567b4403822e,0,44323036,17.7298832,1,0,-61952.2216173,-62770.156617,0,exact_coherence_below_minimum;coherence_margin_below_minimum;even_odd_disagreement_above_maximum;timing_spread_above_maximum;half_frame_difference_above_maximum;tone_deletion_shift_above_maximum,-62770.156617,-60413.0278206,-63938.1505529,0
T01,explore,middle_median_margin,sha256:83ef7b0317c86416f5e1b13a1e34d1c661eff4bd1229f1f947ed567b4403822e,0,44326370,17.7312168,1,0,-61952.2216173,-63015.8344381,0,exact_coherence_below_minimum;coherence_margin_below_minimum;even_odd_disagreement_above_maximum;timing_spread_above_maximum;tone_deletion_shift_above_maximum,-65102.2627677,-62937.6708538,-63952.2216173,0
T01,explore,middle_median_margin,sha256:83ef7b0317c86416f5e1b13a1e34d1c661eff4bd1229f1f947ed567b4403822e,0,44329703,17.73255,1,0,-61952.2216173,-63459.3227985,0,exact_coherence_below_minimum;even_odd_disagreement_above_maximum;timing_spread_above_maximum;half_frame_difference_above_maximum;tone_deletion_shift_above_maximum,-58355.6892763,-61828.9190969,-63468.9230903,0
T01,explore,middle_median_margin,sha256:83ef7b0317c86416f5e1b13a1e34d1c661eff4bd1229f1f947ed567b4403822e,0,44333036,17.7338832,1,0,-61952.2216173,-62729.4698462,0,exact_coherence_below_minimum;coherence_margin_below_minimum;even_odd_disagreement_above_maximum;timing_spread_above_maximum;tone_deletion_shift_above_maximum,-62729.4698462,-61661.2912814,-62697.1061972,0
T01,explore,middle_median_margin,sha256:83ef7b0317c86416f5e1b13a1e34d1c661eff4bd1229f1f947ed567b4403822e,0,44336370,17.7352168,1,0,-61952.2216173,-62533.8844387,0,exact_coherence_below_minimum;coherence_margin_below_minimum;even_odd_disagreement_above_maximum;timing_spread_above_maximum;half_frame_difference_above_maximum;tone_deletion_shift_above_maximum,-66638.3522699,-60092.6470955,-61303.9347489,0
T01,explore,middle_median_margin,sha256:83ef7b0317c86416f5e1b13a1e34d1c661eff4bd1229f1f947ed567b4403822e,0,44339703,17.73655,1,0,-61952.2216173,-60941.8251081,0,exact_coherence_below_minimum;even_odd_disagreement_above_maximum;timing_spread_above_maximum;tone_deletion_shift_above_maximum,-60941.8251081,-63952.2216173,-60938.2791471,0
T01,explore,middle_median_margin,sha256:83ef7b0317c86416f5e1b13a1e34d1c661eff4bd1229f1f947ed567b4403822e,0,44343036,17.7378832,1,0,-61952.2216173,-60374.4798829,0,exact_coherence_below_minimum;coherence_margin_below_minimum;even_odd_disagreement_above_maximum;timing_spread_above_maximum;tone_deletion_shift_above_maximum,-58074.331829,-59952.2216173,-60840.5466455,0
T01,explore,middle_median_margin,sha256:83ef7b0317c86416f5e1b13a1e34d1c661eff4bd1229f1f947ed567b4403822e,0,44346370,17.7392168,1,0,-61952.2216173,-62057.4805084,0,exact_coherence_below_minimum;even_odd_disagreement_above_maximum;timing_spread_above_maximum;half_frame_difference_above_maximum;tone_deletion_shift_above_maximum,-58459.7891488,-60172.2891202,-61152.979746,0
T01,explore,middle_median_margin,sha256:83ef7b0317c86416f5e1b13a1e34d1c661eff4bd1229f1f947ed567b4403822e,0,44349703,17.74055,1,0,-61952.2216173,-60526.7857897,0,exact_coherence_below_minimum;coherence_margin_below_minimum;even_odd_disagreement_above_maximum;timing_spread_above_maximum;tone_deletion_shift_above_maximum,-55952.2216173,-61318.661808,-62271.2141443,0
T01,explore,middle_median_margin,sha256:83ef7b0317c86416f5e1b13a1e34d1c661eff4bd1229f1f947ed567b4403822e,0,44353036,17.7418832,1,0,-61952.2216173,-63074.6044279,0,exact_coherence_below_minimum;even_odd_disagreement_above_maximum;timing_spread_above_maximum;half_frame_difference_above_maximum;tone_deletion_shift_above_maximum,-63074.6044279,-62823.0107962,-61594.7438444,0
T01,explore,middle_median_margin,sha256:83ef7b0317c86416f5e1b13a1e34d1c661eff4bd1229f1f947ed567b4403822e,0,44356370,17.7432168,1,0,-61952.2216173,-60179.2253037,0,exact_coherence_below_minimum;coherence_margin_below_minimum;even_odd_disagreement_above_maximum;half_frame_difference_above_maximum;tone_deletion_shift_above_maximum,-65278.1930634,-63715.408171,-60095.2191504,0
T01,explore,middle_median_margin,sha256:83ef7b0317c86416f5e1b13a1e34d1c661eff4bd1229f1f947ed567b4403822e,0,44359703,17.74455,1,0,-61952.2216173,-63459.8405392,0,exact_coherence_below_minimum;coherence_margin_below_minimum;even_odd_disagreement_above_maximum;timing_spread_above_maximum;half_frame_difference_above_maximum;tone_deletion_shift_above_maximum,-56953.9117304,-61134.0075318,-62150.8408782,0
T01,explore,middle_median_margin,sha256:83ef7b0317c86416f5e1b13a1e34d1c661eff4bd1229f1f947ed567b4403822e,0,44363036,17.7458832,1,0,-61952.2216173,-59952.2216173,0,exact_coherence_below_minimum;even_odd_disagreement_above_maximum;half_frame_difference_above_maximum;search_boundary,-59916.8686177,-62109.6013372,-63419.4696716,0
T01,explore,middle_median_margin,sha256:83ef7b0317c86416f5e1b13a1e34d1c661eff4bd1229f1f947ed567b4403822e,0,44366370,17.7472168,1,0,-61952.2216173,-63558.4973122,0,exact_coherence_below_minimum;even_odd_disagreement_above_maximum;timing_spread_above_maximum;half_frame_difference_above_maximum;tone_deletion_shift_above_maximum,-63558.4973122,-60774.7865021,-62517.2866047,0
T01,explore,middle_median_margin,sha256:83ef7b0317c86416f5e1b13a1e34d1c661eff4bd1229f1f947ed567b4403822e,0,44369703,17.74855,1,0,-61952.2216173,-63453.2665572,0,exact_coherence_below_minimum;coherence_margin_below_minimum;even_odd_disagreement_above_maximum;timing_spread_above_maximum;half_frame_difference_above_maximum;tone_deletion_shift_above_maximum,-58988.4520328,-62387.3240457,-63332.3678884,0
T01,explore,middle_median_margin,sha256:83ef7b0317c86416f5e1b13a1e34d1c661eff4bd1229f1f947ed567b4403822e,0,44373036,17.7498832,1,0,-61952.2216173,-61534.3928223,0,exact_coherence_below_minimum;even_odd_disagreement_above_maximum;timing_spread_above_maximum;tone_deletion_shift_above_maximum,-61534.3928223,-61157.8659915,-61499.1449278,0
T01,explore,refill_boundary,sha256:83ef7b0317c86416f5e1b13a1e34d1c661eff4bd1229f1f947ed567b4403822e,0,49188811,19.6761932,0,0,-74019.1330367,-73974.4870356,1,,-73974.4870356,-74004.5934103,-73953.5942339,1
T01,explore,refill_boundary,sha256:83ef7b0317c86416f5e1b13a1e34d1c661eff4bd1229f1f947ed567b4403822e,0,49192144,19.6775264,0,0,-74019.1330367,-74025.803112,1,,-74025.803112,-74012.838584,-74053.7660119,1
T01,explore,refill_boundary,sha256:83ef7b0317c86416f5e1b13a1e34d1c661eff4bd1229f1f947ed567b4403822e,0,49195478,19.67886,0,0,-74019.1330367,-74012.939081,1,,-74012.939081,-74004.2764825,-74026.0492618,1
T01,explore,refill_boundary,sha256:83ef7b0317c86416f5e1b13a1e34d1c661eff4bd1229f1f947ed567b4403822e,0,49198811,19.6801932,0,0,-74019.1330367,-73979.2090992,1,,-73979.2090992,-73958.0979301,-74001.2108959,1
T01,explore,refill_boundary,sha256:83ef7b0317c86416f5e1b13a1e34d1c661eff4bd1229f1f947ed567b4403822e,0,49202144,19.6815264,0,0,-74019.1330367,-74014.175987,1,,-74014.175987,-74036.4106326,-73979.7469848,1
T01,explore,refill_boundary,sha256:83ef7b0317c86416f5e1b13a1e34d1c661eff4bd1229f1f947ed567b4403822e,0,49205478,19.68286,0,0,-74019.1330367,-74024.9812422,1,,-74024.9812422,-74041.3023348,-74002.2320605,1
T01,explore,refill_boundary,sha256:83ef7b0317c86416f5e1b13a1e34d1c661eff4bd1229f1f947ed567b4403822e,0,49208811,19.6841932,0,0,-74019.1330367,-74014.7564584,1,,-74014.7564584,-73988.648854,-74050.3049553,1
T01,explore,refill_boundary,sha256:83ef7b0317c86416f5e1b13a1e34d1c661eff4bd1229f1f947ed567b4403822e,0,49212144,19.6855264,0,0,-74019.1330367,-74042.1650221,1,,-74042.1650221,-74045.3144565,-74041.8714959,1
T01,explore,refill_boundary,sha256:83ef7b0317c86416f5e1b13a1e34d1c661eff4bd1229f1f947ed567b4403822e,0,49215478,19.68686,0,0,-74019.1330367,-74008.2331191,1,,-74008.2331191,-73983.3703739,-74039.8550389,1
T01,explore,refill_boundary,sha256:83ef7b0317c86416f5e1b13a1e34d1c661eff4bd1229f1f947ed567b4403822e,0,49218811,19.6881932,0,0,-74019.1330367,-74063.3986581,1,,-74063.3986581,-74086.2686984,-74034.6521358,1
T01,explore,refill_boundary,sha256:83ef7b0317c86416f5e1b13a1e34d1c661eff4bd1229f1f947ed567b4403822e,0,49222144,19.6895264,0,0,-74019.1330367,-74002.3385816,1,,-74002.3385816,-74020.1907023,-74023.2639505,1
T01,explore,refill_boundary,sha256:83ef7b0317c86416f5e1b13a1e34d1c661eff4bd1229f1f947ed567b4403822e,0,49225478,19.69086,0,0,-74019.1330367,-74046.7494895,1,,-74046.7494895,-74057.1296657,-74040.2788426,1
T01,explore,refill_boundary,sha256:83ef7b0317c86416f5e1b13a1e34d1c661eff4bd1229f1f947ed567b4403822e,0,49228811,19.6921932,0,0,-74019.1330367,-74063.3669869,1,,-74063.3669869,-74054.3224004,-74081.1398372,1
T01,explore,refill_boundary,sha256:83ef7b0317c86416f5e1b13a1e34d1c661eff4bd1229f1f947ed567b4403822e,0,49232144,19.6935264,0,0,-74019.1330367,-74040.7344636,1,,-74040.7344636,-74061.3684732,-74031.6924693,1
T01,explore,refill_boundary,sha256:83ef7b0317c86416f5e1b13a1e34d1c661eff4bd1229f1f947ed567b4403822e,0,49235478,19.69486,0,0,-74019.1330367,-74080.7817304,1,,-74080.7817304,-74081.0644116,-74068.6845453,1
T01,explore,refill_boundary,sha256:83ef7b0317c86416f5e1b13a1e34d1c661eff4bd1229f1f947ed567b4403822e,0,49238811,19.6961932,0,0,-74019.1330367,-74069.5620363,1,,-74069.5620363,-74086.4909492,-74050.859584,1
T01,explore,refill_boundary,sha256:83ef7b0317c86416f5e1b13a1e34d1c661eff4bd1229f1f947ed567b4403822e,0,49242144,19.6975264,0,0,-74019.1330367,-74079.8714022,1,,-74079.8714022,-74065.4361184,-74081.923367,1
T01,explore,refill_boundary,sha256:83ef7b0317c86416f5e1b13a1e34d1c661eff4bd1229f1f947ed567b4403822e,0,49245478,19.69886,0,0,-74019.1330367,-74093.3848261,1,,-74093.3848261,-74097.6594028,-74089.6624672,1
T01,explore,refill_boundary,sha256:83ef7b0317c86416f5e1b13a1e34d1c661eff4bd1229f1f947ed567b4403822e,0,49248811,19.7001932,0,0,-74019.1330367,-74098.2901648,1,,-74098.2901648,-74082.8791956,-74129.1600839,1
T01,explore,refill_boundary,sha256:83ef7b0317c86416f5e1b13a1e34d1c661eff4bd1229f1f947ed567b4403822e,0,49252144,19.7015264,0,0,-74019.1330367,-74092.4720404,1,,-74092.4720404,-74089.3069821,-74102.2780931,1
T01,explore,refill_boundary,sha256:83ef7b0317c86416f5e1b13a1e34d1c661eff4bd1229f1f947ed567b4403822e,0,49255478,19.70286,0,0,-74019.1330367,-74108.6306725,1,,-74108.6306725,-74109.2055905,-74109.5080149,1
T01,explore,refill_boundary,sha256:83ef7b0317c86416f5e1b13a1e34d1c661eff4bd1229f1f947ed567b4403822e,0,49258811,19.7041932,0,0,-74019.1330367,-74109.2157061,1,,-74109.2157061,-74124.4265941,-74094.6929302,1
T01,explore,refill_boundary,sha256:83ef7b0317c86416f5e1b13a1e34d1c661eff4bd1229f1f947ed567b4403822e,0,49262144,19.7055264,0,0,-74019.1330367,-74119.9501435,1,,-74119.9501435,-74147.3478514,-74108.193851,1
T01,explore,refill_boundary,sha256:83ef7b0317c86416f5e1b13a1e34d1c661eff4bd1229f1f947ed567b4403822e,0,49265478,19.70686,0,0,-74019.1330367,-74126.7090067,1,,-74126.7090067,-74114.7750127,-74141.2835771,1
T01,explore,refill_boundary,sha256:83ef7b0317c86416f5e1b13a1e34d1c661eff4bd1229f1f947ed567b4403822e,0,49268811,19.7081932,0,0,-74019.1330367,-74120.6638257,1,,-74120.6638257,-74119.0124922,-74117.2769223,1
T01,explore,refill_boundary,sha256:83ef7b0317c86416f5e1b13a1e34d1c661eff4bd1229f1f947ed567b4403822e,0,49272144,19.7095264,0,0,-74019.1330367,-74128.3550537,1,,-74128.3550537,-74147.4385672,-74106.5742548,1
T01,explore,refill_boundary,sha256:83ef7b0317c86416f5e1b13a1e34d1c661eff4bd1229f1f947ed567b4403822e,0,49275478,19.71086,0,0,-74019.1330367,-74186.6831955,1,,-74186.6831955,-74214.8635414,-74145.1027349,1
T01,explore,refill_boundary,sha256:83ef7b0317c86416f5e1b13a1e34d1c661eff4bd1229f1f947ed567b4403822e,0,49278811,19.7121932,0,0,-74019.1330367,-74150.8082008,1,,-74150.8082008,-74152.7043546,-74139.5472591,1
T01,explore,refill_boundary,sha256:83ef7b0317c86416f5e1b13a1e34d1c661eff4bd1229f1f947ed567b4403822e,0,49282144,19.7135264,0,1,-74019.1330367,,0,refill_boundary_crossing,,,,0
T01,explore,refill_boundary,sha256:83ef7b0317c86416f5e1b13a1e34d1c661eff4bd1229f1f947ed567b4403822e,0,49285478,19.71486,0,0,-74019.1330367,-75995.5153396,0,exact_coherence_below_minimum;even_odd_disagreement_above_maximum;half_frame_difference_above_maximum;tone_deletion_shift_above_maximum,-75995.5153396,-75447.2856167,-76002.4663464,0
T01,explore,refill_boundary,sha256:83ef7b0317c86416f5e1b13a1e34d1c661eff4bd1229f1f947ed567b4403822e,0,49288811,19.7161932,0,0,-74019.1330367,-72290.7500932,0,exact_coherence_below_minimum;coherence_margin_below_minimum;even_odd_disagreement_above_maximum;timing_spread_above_maximum;half_frame_difference_above_maximum;tone_deletion_shift_above_maximum,-76499.7857607,-73897.6822561,-72169.371487,0
T01,explore,refill_boundary,sha256:83ef7b0317c86416f5e1b13a1e34d1c661eff4bd1229f1f947ed567b4403822e,0,49292144,19.7175264,0,0,-74019.1330367,-75853.291241,0,exact_coherence_below_minimum;even_odd_disagreement_above_maximum;timing_spread_above_maximum;half_frame_difference_above_maximum;tone_deletion_shift_above_maximum,-70789.797365,-72965.492353,-73516.8792998,0
T01,explore,refill_boundary,sha256:83ef7b0317c86416f5e1b13a1e34d1c661eff4bd1229f1f947ed567b4403822e,0,49295478,19.71886,0,0,-74019.1330367,-75635.7807559,0,exact_coherence_below_minimum;even_odd_disagreement_above_maximum;timing_spread_above_maximum;half_frame_difference_above_maximum;tone_deletion_shift_above_maximum,-76693.0502209,-73751.0776002,-72019.1330367,0
T01,explore,refill_boundary,sha256:83ef7b0317c86416f5e1b13a1e34d1c661eff4bd1229f1f947ed567b4403822e,0,49298811,19.7201932,0,0,-74019.1330367,-74654.9576699,0,exact_coherence_below_minimum;coherence_margin_below_minimum;even_odd_disagreement_above_maximum;timing_spread_above_maximum;half_frame_difference_above_maximum;tone_deletion_shift_above_maximum,-74654.9576699,-74489.9117557,-74967.8500805,0
T01,explore,refill_boundary,sha256:83ef7b0317c86416f5e1b13a1e34d1c661eff4bd1229f1f947ed567b4403822e,0,49302144,19.7215264,0,0,-74019.1330367,-73052.297627,0,exact_coherence_below_minimum;coherence_margin_below_minimum;even_odd_disagreement_above_maximum;timing_spread_above_maximum;half_frame_difference_above_maximum;tone_deletion_shift_above_maximum,-69890.1703124,-75890.9931156,-73126.1809822,0
T01,explore,refill_boundary,sha256:83ef7b0317c86416f5e1b13a1e34d1c661eff4bd1229f1f947ed567b4403822e,0,49305478,19.72286,0,0,-74019.1330367,-73536.788229,0,exact_coherence_below_minimum;coherence_margin_below_minimum;even_odd_disagreement_above_maximum;timing_spread_above_maximum;half_frame_difference_above_maximum;tone_deletion_shift_above_maximum,-73536.788229,-73578.2804307,-74244.794705,0
T01,explore,refill_boundary,sha256:83ef7b0317c86416f5e1b13a1e34d1c661eff4bd1229f1f947ed567b4403822e,0,49308811,19.7241932,0,0,-74019.1330367,-74172.1100272,0,exact_coherence_below_minimum;even_odd_disagreement_above_maximum;timing_spread_above_maximum;tone_deletion_shift_above_maximum,-74172.1100272,-75323.5277532,-75679.0334484,0
T01,explore,refill_boundary,sha256:83ef7b0317c86416f5e1b13a1e34d1c661eff4bd1229f1f947ed567b4403822e,0,49312144,19.7255264,0,0,-74019.1330367,-73901.1719713,0,exact_coherence_below_minimum;even_odd_disagreement_above_maximum;timing_spread_above_maximum;tone_deletion_shift_above_maximum,-78378.503109,-72693.0818069,-73841.281519,0
T01,explore,refill_boundary,sha256:83ef7b0317c86416f5e1b13a1e34d1c661eff4bd1229f1f947ed567b4403822e,0,49315478,19.72686,0,0,-74019.1330367,-74564.6228058,0,exact_coherence_below_minimum;even_odd_disagreement_above_maximum;timing_spread_above_maximum;half_frame_difference_above_maximum,-74564.6228058,-74967.0174618,-74636.0163921,0
T01,explore,refill_boundary,sha256:83ef7b0317c86416f5e1b13a1e34d1c661eff4bd1229f1f947ed567b4403822e,0,49318811,19.7281932,0,0,-74019.1330367,-73003.0564665,0,exact_coherence_below_minimum;even_odd_disagreement_above_maximum;timing_spread_above_maximum;half_frame_difference_above_maximum;tone_deletion_shift_above_maximum,-76970.9032542,-74355.5572651,-74210.2862908,0
T01,explore,refill_boundary,sha256:83ef7b0317c86416f5e1b13a1e34d1c661eff4bd1229f1f947ed567b4403822e,0,49322144,19.7295264,0,0,-74019.1330367,-73235.0342723,0,exact_coherence_below_minimum;even_odd_disagreement_above_maximum;timing_spread_above_maximum;half_frame_difference_above_maximum;tone_deletion_shift_above_maximum,-68512.5339719,-72343.3422544,-72919.5144083,0
T01,explore,refill_boundary,sha256:83ef7b0317c86416f5e1b13a1e34d1c661eff4bd1229f1f947ed567b4403822e,0,49325478,19.73086,0,0,-74019.1330367,-72965.6368662,0,exact_coherence_below_minimum;even_odd_disagreement_above_maximum;timing_spread_above_maximum;half_frame_difference_above_maximum,-72965.6368662,-72935.747109,-76019.1330367,0
T01,explore,refill_boundary,sha256:83ef7b0317c86416f5e1b13a1e34d1c661eff4bd1229f1f947ed567b4403822e,0,49328811,19.7321932,0,0,-74019.1330367,-73747.6475158,0,exact_coherence_below_minimum;coherence_margin_below_minimum;timing_spread_above_maximum;half_frame_difference_above_maximum;tone_deletion_shift_above_maximum,-71345.7812262,-72399.3563384,-72489.8315898,0
T01,explore,refill_boundary,sha256:83ef7b0317c86416f5e1b13a1e34d1c661eff4bd1229f1f947ed567b4403822e,0,49332144,19.7335264,0,0,-74019.1330367,-72359.359338,0,exact_coherence_below_minimum;even_odd_disagreement_above_maximum;timing_spread_above_maximum;half_frame_difference_above_maximum;tone_deletion_shift_above_maximum,-72359.359338,-72319.8199039,-72480.0315896,0
T01,explore,refill_boundary,sha256:83ef7b0317c86416f5e1b13a1e34d1c661eff4bd1229f1f947ed567b4403822e,0,49335478,19.73486,0,0,-74019.1330367,-76019.1330367,0,exact_coherence_below_minimum;coherence_margin_below_minimum;even_odd_disagreement_above_maximum;timing_spread_above_maximum;half_frame_difference_above_maximum;tone_deletion_shift_above_maximum;search_boundary,-71091.3154307,-74769.0044036,-75390.1364042,0
T01,explore,refill_boundary,sha256:83ef7b0317c86416f5e1b13a1e34d1c661eff4bd1229f1f947ed567b4403822e,0,49338811,19.7361932,0,0,-74019.1330367,-76019.1330367,0,exact_coherence_below_minimum;coherence_margin_below_minimum;even_odd_disagreement_above_maximum;timing_spread_above_maximum;tone_deletion_shift_above_maximum;search_boundary,-68019.1330367,-76019.1330367,-74881.7793031,0
T01,explore,refill_boundary,sha256:83ef7b0317c86416f5e1b13a1e34d1c661eff4bd1229f1f947ed567b4403822e,0,49342144,19.7375264,0,0,-74019.1330367,-75690.1303759,0,exact_coherence_below_minimum;even_odd_disagreement_above_maximum;timing_spread_above_maximum;half_frame_difference_above_maximum;tone_deletion_shift_above_maximum,-69768.3859935,-75598.8648405,-72958.265741,0
T01,explore,refill_boundary,sha256:83ef7b0317c86416f5e1b13a1e34d1c661eff4bd1229f1f947ed567b4403822e,0,49345478,19.73886,0,0,-74019.1330367,-74246.9065631,0,exact_coherence_below_minimum;coherence_margin_below_minimum;even_odd_disagreement_above_maximum;tone_deletion_shift_above_maximum,-68019.1330367,-73117.2295497,-74592.722259,0
T01,explore,refill_boundary,sha256:83ef7b0317c86416f5e1b13a1e34d1c661eff4bd1229f1f947ed567b4403822e,0,49348811,19.7401932,0,0,-74019.1330367,-75764.4517958,0,exact_coherence_below_minimum;coherence_margin_below_minimum;even_odd_disagreement_above_maximum;timing_spread_above_maximum;half_frame_difference_above_maximum;tone_deletion_shift_above_maximum,-71334.800193,-74015.7515491,-75816.9478566,0
T01,explore,refill_boundary,sha256:83ef7b0317c86416f5e1b13a1e34d1c661eff4bd1229f1f947ed567b4403822e,0,49352144,19.7415264,0,0,-74019.1330367,-75052.0434719,0,exact_coherence_below_minimum;coherence_margin_below_minimum;even_odd_disagreement_above_maximum;timing_spread_above_maximum;half_frame_difference_above_maximum;tone_deletion_shift_above_maximum,-75052.0434719,-75077.8467501,-73922.5855175,0
T01,explore,refill_boundary,sha256:83ef7b0317c86416f5e1b13a1e34d1c661eff4bd1229f1f947ed567b4403822e,0,49355478,19.74286,0,0,-74019.1330367,-72134.7080124,0,exact_coherence_below_minimum;even_odd_disagreement_above_maximum;timing_spread_above_maximum;tone_deletion_shift_above_maximum,-72134.7080124,-72036.1909659,-75064.3213764,0
T01,explore,refill_boundary,sha256:83ef7b0317c86416f5e1b13a1e34d1c661eff4bd1229f1f947ed567b4403822e,0,49358811,19.7441932,0,0,-74019.1330367,-73814.8825732,0,exact_coherence_below_minimum;even_odd_disagreement_above_maximum;timing_spread_above_maximum;half_frame_difference_above_maximum;tone_deletion_shift_above_maximum,-78771.4380845,-72890.382526,-74176.8312812,0
T01,explore,refill_boundary,sha256:83ef7b0317c86416f5e1b13a1e34d1c661eff4bd1229f1f947ed567b4403822e,0,49362144,19.7455264,0,0,-74019.1330367,-74613.6650278,0,exact_coherence_below_minimum;coherence_margin_below_minimum;even_odd_disagreement_above_maximum;timing_spread_above_maximum;half_frame_difference_above_maximum;tone_deletion_shift_above_maximum,-71632.6880957,-72766.0582791,-75501.3263137,0
T01,explore,refill_boundary,sha256:83ef7b0317c86416f5e1b13a1e34d1c661eff4bd1229f1f947ed567b4403822e,0,49365478,19.74686,0,0,-74019.1330367,-75418.4611931,0,exact_coherence_below_minimum;even_odd_disagreement_above_maximum;timing_spread_above_maximum;half_frame_difference_above_maximum;tone_deletion_shift_above_maximum,-71206.9238748,-72356.6868234,-75741.9725613,0
T01,explore,refill_boundary,sha256:83ef7b0317c86416f5e1b13a1e34d1c661eff4bd1229f1f947ed567b4403822e,0,49368811,19.7481932,0,0,-74019.1330367,-75545.4297102,0,exact_coherence_below_minimum;even_odd_disagreement_above_maximum;half_frame_difference_above_maximum,-69096.2184401,-75406.4731452,-75662.5026025,0
T01,explore,refill_boundary,sha256:83ef7b0317c86416f5e1b13a1e34d1c661eff4bd1229f1f947ed567b4403822e,0,49372144,19.7495264,0,0,-74019.1330367,-75642.1037261,0,exact_coherence_below_minimum;even_odd_disagreement_above_maximum;timing_spread_above_maximum;tone_deletion_shift_above_maximum,-76664.3193691,-75597.2029953,-75811.1268505,0
T03,confirm,early_median_margin,sha256:f106ccd250e32654d7424a1e29988be892d1c992e3e88a1bd86d2b5fb15731be,-1,91125195,36.4507468,1,0,-251067.053224,-250942.286886,0,exact_coherence_below_minimum;even_odd_disagreement_above_maximum;half_frame_difference_above_maximum,-250942.286886,-250621.762879,-249288.390989,0
T03,confirm,early_median_margin,sha256:f106ccd250e32654d7424a1e29988be892d1c992e3e88a1bd86d2b5fb15731be,-1,91128528,36.45208,1,0,-251067.053224,-251070.490886,0,exact_coherence_below_minimum;even_odd_disagreement_above_maximum;half_frame_difference_above_maximum,-251070.490886,-251168.780952,-251017.524132,0
T03,confirm,early_median_margin,sha256:f106ccd250e32654d7424a1e29988be892d1c992e3e88a1bd86d2b5fb15731be,-1,91131862,36.4534136,1,0,-251067.053224,-251124.221558,0,exact_coherence_below_minimum;even_odd_disagreement_above_maximum;timing_spread_above_maximum;tone_deletion_shift_above_maximum,-251124.221558,-251086.886621,-251225.144208,0
T03,confirm,early_median_margin,sha256:f106ccd250e32654d7424a1e29988be892d1c992e3e88a1bd86d2b5fb15731be,-1,91135195,36.4547468,1,0,-251067.053224,-251032.029399,0,exact_coherence_below_minimum;even_odd_disagreement_above_maximum;half_frame_difference_above_maximum,-251032.029399,-251137.449813,-250959.994411,0
T03,confirm,early_median_margin,sha256:f106ccd250e32654d7424a1e29988be892d1c992e3e88a1bd86d2b5fb15731be,-1,91138528,36.45608,1,0,-251067.053224,-250966.110427,0,exact_coherence_below_minimum;even_odd_disagreement_above_maximum;timing_spread_above_maximum;tone_deletion_shift_above_maximum,-250966.110427,-251072.863045,-250920.043808,0
T03,confirm,early_median_margin,sha256:f106ccd250e32654d7424a1e29988be892d1c992e3e88a1bd86d2b5fb15731be,-1,91141862,36.4574136,1,0,-251067.053224,-251000.627218,0,exact_coherence_below_minimum,-251000.627218,-250949.541343,-250990.600375,0
T03,confirm,early_median_margin,sha256:f106ccd250e32654d7424a1e29988be892d1c992e3e88a1bd86d2b5fb15731be,-1,91145195,36.4587468,1,0,-251067.053224,-251206.240766,0,exact_coherence_below_minimum;even_odd_disagreement_above_maximum;timing_spread_above_maximum;tone_deletion_shift_above_maximum,-251206.240766,-251106.513449,-252015.531609,0
T03,confirm,early_median_margin,sha256:f106ccd250e32654d7424a1e29988be892d1c992e3e88a1bd86d2b5fb15731be,-1,91148528,36.46008,1,0,-251067.053224,-251108.224917,0,exact_coherence_below_minimum,-251108.224917,-251171.032534,-251107.996514,0
T03,confirm,early_median_margin,sha256:f106ccd250e32654d7424a1e29988be892d1c992e3e88a1bd86d2b5fb15731be,-1,91151862,36.4614136,1,0,-251067.053224,-251116.200539,0,exact_coherence_below_minimum;even_odd_disagreement_above_maximum;timing_spread_above_maximum;tone_deletion_shift_above_maximum,-251116.200539,-252071.494056,-251160.275677,0
T03,confirm,early_median_margin,sha256:f106ccd250e32654d7424a1e29988be892d1c992e3e88a1bd86d2b5fb15731be,-1,91155195,36.4627468,1,0,-251067.053224,-251001.411246,0,exact_coherence_below_minimum;even_odd_disagreement_above_maximum;timing_spread_above_maximum;tone_deletion_shift_above_maximum,-251001.411246,-250900.600012,-250560.646187,0
T03,confirm,early_median_margin,sha256:f106ccd250e32654d7424a1e29988be892d1c992e3e88a1bd86d2b5fb15731be,-1,91158528,36.46408,1,0,-251067.053224,-251191.044658,0,exact_coherence_below_minimum;even_odd_disagreement_above_maximum;timing_spread_above_maximum;half_frame_difference_above_maximum;tone_deletion_shift_above_maximum,-251191.044658,-251064.754166,-251242.849834,0
T03,confirm,early_median_margin,sha256:f106ccd250e32654d7424a1e29988be892d1c992e3e88a1bd86d2b5fb15731be,-1,91161862,36.4654136,1,0,-251067.053224,-251125.419805,0,exact_coherence_below_minimum;even_odd_disagreement_above_maximum;timing_spread_above_maximum,-251125.419805,-251172.634918,-251035.748039,0
T03,confirm,early_median_margin,sha256:f106ccd250e32654d7424a1e29988be892d1c992e3e88a1bd86d2b5fb15731be,-1,91165195,36.4667468,1,0,-251067.053224,-251253.929719,0,exact_coherence_below_minimum,-251253.929719,-251228.538884,-251277.895186,1
T03,confirm,early_median_margin,sha256:f106ccd250e32654d7424a1e29988be892d1c992e3e88a1bd86d2b5fb15731be,-1,91168528,36.46808,1,0,-251067.053224,-251209.602082,0,exact_coherence_below_minimum;even_odd_disagreement_above_maximum;timing_spread_above_maximum;tone_deletion_shift_above_maximum,-251209.602082,-251235.172035,-249832.048063,0
T03,confirm,early_median_margin,sha256:f106ccd250e32654d7424a1e29988be892d1c992e3e88a1bd86d2b5fb15731be,-1,91171862,36.4694136,1,0,-251067.053224,-251191.132502,0,exact_coherence_below_minimum;even_odd_disagreement_above_maximum;timing_spread_above_maximum;half_frame_difference_above_maximum;tone_deletion_shift_above_maximum,-251191.132502,-251067.451691,-251307.392842,0
T03,confirm,early_median_margin,sha256:f106ccd250e32654d7424a1e29988be892d1c992e3e88a1bd86d2b5fb15731be,-1,91175195,36.4707468,1,0,-251067.053224,-251125.881245,0,exact_coherence_below_minimum;timing_spread_above_maximum,-251125.881245,-251129.718418,-251066.208391,0
T03,confirm,early_median_margin,sha256:f106ccd250e32654d7424a1e29988be892d1c992e3e88a1bd86d2b5fb15731be,-1,91178528,36.47208,1,0,-251067.053224,-251090.540311,0,exact_coherence_below_minimum,-251090.540311,-251132.408109,-251110.348549,0
T03,confirm,early_median_margin,sha256:f106ccd250e32654d7424a1e29988be892d1c992e3e88a1bd86d2b5fb15731be,-1,91181862,36.4734136,1,0,-251067.053224,-251259.484264,0,exact_coherence_below_minimum,-251259.484264,-251205.841324,-251218.801732,0
T03,confirm,early_median_margin,sha256:f106ccd250e32654d7424a1e29988be892d1c992e3e88a1bd86d2b5fb15731be,-1,91185195,36.4747468,1,0,-251067.053224,-251193.222628,0,exact_coherence_below_minimum,-251193.222628,-251223.820386,-251164.184273,0
T03,confirm,early_median_margin,sha256:f106ccd250e32654d7424a1e29988be892d1c992e3e88a1bd86d2b5fb15731be,-1,91188528,36.47608,1,0,-251067.053224,-251216.173786,0,exact_coherence_below_minimum;even_odd_disagreement_above_maximum,-251216.173786,-251136.208329,-251279.129994,1
T03,confirm,early_median_margin,sha256:f106ccd250e32654d7424a1e29988be892d1c992e3e88a1bd86d2b5fb15731be,-1,91191862,36.4774136,1,0,-251067.053224,-251237.922812,0,exact_coherence_below_minimum,-251237.922812,-251226.435714,-251302.180448,0
T03,confirm,early_median_margin,sha256:f106ccd250e32654d7424a1e29988be892d1c992e3e88a1bd86d2b5fb15731be,-1,91195195,36.4787468,1,0,-251067.053224,-251266.872259,0,exact_coherence_below_minimum;even_odd_disagreement_above_maximum;timing_spread_above_maximum,-251266.872259,-251351.607852,-251219.600275,0
T03,confirm,early_median_margin,sha256:f106ccd250e32654d7424a1e29988be892d1c992e3e88a1bd86d2b5fb15731be,-1,91198528,36.48008,1,0,-251067.053224,-251179.8356,0,exact_coherence_below_minimum;even_odd_disagreement_above_maximum;half_frame_difference_above_maximum,-251179.8356,-251090.5991,-251526.392366,0
T03,confirm,early_median_margin,sha256:f106ccd250e32654d7424a1e29988be892d1c992e3e88a1bd86d2b5fb15731be,-1,91201862,36.4814136,1,0,-251067.053224,-250972.959749,0,exact_coherence_below_minimum;even_odd_disagreement_above_maximum;half_frame_difference_above_maximum,-250972.959749,-250941.388228,-251075.948269,1
T03,confirm,early_median_margin,sha256:f106ccd250e32654d7424a1e29988be892d1c992e3e88a1bd86d2b5fb15731be,-1,91205195,36.4827468,1,0,-251067.053224,-251130.274115,1,,-251130.274115,-251101.931247,-251123.768658,1
T03,confirm,early_median_margin,sha256:f106ccd250e32654d7424a1e29988be892d1c992e3e88a1bd86d2b5fb15731be,-1,91208528,36.48408,1,0,-251067.053224,-251077.008573,0,exact_coherence_below_minimum,-251077.008573,-251071.247884,-251078.158411,0
T03,confirm,early_median_margin,sha256:f106ccd250e32654d7424a1e29988be892d1c992e3e88a1bd86d2b5fb15731be,-1,91211862,36.4854136,1,0,-251067.053224,-251031.741345,0,exact_coherence_below_minimum;even_odd_disagreement_above_maximum;half_frame_difference_above_maximum,-251031.741345,-251168.177798,-251065.902609,0
T03,confirm,early_median_margin,sha256:f106ccd250e32654d7424a1e29988be892d1c992e3e88a1bd86d2b5fb15731be,-1,91215195,36.4867468,1,0,-251067.053224,-251046.288428,0,exact_coherence_below_minimum;even_odd_disagreement_above_maximum;tone_deletion_shift_above_maximum,-251046.288428,-251216.182121,-251005.622459,0
T03,confirm,early_median_margin,sha256:f106ccd250e32654d7424a1e29988be892d1c992e3e88a1bd86d2b5fb15731be,-1,91218528,36.48808,1,0,-251067.053224,-251080.268527,0,exact_coherence_below_minimum,-251080.268527,-251102.623834,-251183.134928,1
T03,confirm,early_median_margin,sha256:f106ccd250e32654d7424a1e29988be892d1c992e3e88a1bd86d2b5fb15731be,-1,91221862,36.4894136,1,0,-251067.053224,-251039.268564,1,,-251039.268564,-251023.884997,-251061.315069,1
T03,confirm,early_median_margin,sha256:f106ccd250e32654d7424a1e29988be892d1c992e3e88a1bd86d2b5fb15731be,-1,91225195,36.4907468,0,1,-251067.053224,,0,refill_boundary_crossing,,,,0
T03,confirm,early_median_margin,sha256:f106ccd250e32654d7424a1e29988be892d1c992e3e88a1bd86d2b5fb15731be,-1,91228528,36.49208,1,0,-251067.053224,-252222.320544,0,exact_coherence_below_minimum;even_odd_disagreement_above_maximum;timing_spread_above_maximum;tone_deletion_shift_above_maximum,-245767.24448,-252409.54646,-249067.053224,0
T03,confirm,early_median_margin,sha256:f106ccd250e32654d7424a1e29988be892d1c992e3e88a1bd86d2b5fb15731be,-1,91231862,36.4934136,1,0,-251067.053224,-250870.462415,0,exact_coherence_below_minimum;coherence_margin_below_minimum;even_odd_disagreement_above_maximum;timing_spread_above_maximum;tone_deletion_shift_above_maximum,-248176.820491,-252261.551199,-250917.428318,0
T03,confirm,early_median_margin,sha256:f106ccd250e32654d7424a1e29988be892d1c992e3e88a1bd86d2b5fb15731be,-1,91235195,36.4947468,1,0,-251067.053224,-250169.598851,0,exact_coherence_below_minimum;coherence_margin_below_minimum;even_odd_disagreement_above_maximum;timing_spread_above_maximum;half_frame_difference_above_maximum;tone_deletion_shift_above_maximum,-250169.598851,-252329.188968,-249472.14474,0
T03,confirm,early_median_margin,sha256:f106ccd250e32654d7424a1e29988be892d1c992e3e88a1bd86d2b5fb15731be,-1,91238528,36.49608,1,0,-251067.053224,-249874.080328,0,exact_coherence_below_minimum;even_odd_disagreement_above_maximum;timing_spread_above_maximum;half_frame_difference_above_maximum;tone_deletion_shift_above_maximum,-253795.445558,-249912.450518,-250797.588981,0
T03,confirm,early_median_margin,sha256:f106ccd250e32654d7424a1e29988be892d1c992e3e88a1bd86d2b5fb15731be,-1,91241862,36.4974136,1,0,-251067.053224,-250935.522962,0,exact_coherence_below_minimum;coherence_margin_below_minimum;even_odd_disagreement_above_maximum;timing_spread_above_maximum;half_frame_difference_above_maximum;tone_deletion_shift_above_maximum,-245067.053224,-250868.915197,-252954.728009,0
T03,confirm,early_median_margin,sha256:f106ccd250e32654d7424a1e29988be892d1c992e3e88a1bd86d2b5fb15731be,-1,91245195,36.4987468,1,0,-251067.053224,-252620.831134,0,exact_coherence_below_minimum;coherence_margin_below_minimum;even_odd_disagreement_above_maximum;timing_spread_above_maximum;half_frame_difference_above_maximum;tone_deletion_shift_above_maximum,-255573.28648,-252483.044296,-252894.60307,0
T03,confirm,early_median_margin,sha256:f106ccd250e32654d7424a1e29988be892d1c992e3e88a1bd86d2b5fb15731be,-1,91248528,36.50008,1,0,-251067.053224,-250510.451439,0,exact_coherence_below_minimum;coherence_margin_below_minimum;even_odd_disagreement_above_maximum;timing_spread_above_maximum;half_frame_difference_above_maximum;tone_deletion_shift_above_maximum,-254513.513367,-252261.755097,-250257.988999,0
T03,confirm,early_median_margin,sha256:f106ccd250e32654d7424a1e29988be892d1c992e3e88a1bd86d2b5fb15731be,-1,91251862,36.5014136,1,0,-251067.053224,-251925.030356,0,exact_coherence_below_minimum;even_odd_disagreement_above_maximum;half_frame_difference_above_maximum;tone_deletion_shift_above_maximum,-251925.030356,-249067.053224,-251659.203692,0
T03,confirm,early_median_margin,sha256:f106ccd250e32654d7424a1e29988be892d1c992e3e88a1bd86d2b5fb15731be,-1,91255195,36.5027468,1,0,-251067.053224,-249802.080169,0,exact_coherence_below_minimum;even_odd_disagreement_above_maximum;half_frame_difference_above_maximum;tone_deletion_shift_above_maximum,-254542.298325,-251520.183845,-249756.497783,0
T03,confirm,early_median_margin,sha256:f106ccd250e32654d7424a1e29988be892d1c992e3e88a1bd86d2b5fb15731be,-1,91258528,36.50408,1,0,-251067.053224,-249943.845974,0,exact_coherence_below_minimum;even_odd_disagreement_above_maximum;timing_spread_above_maximum;half_frame_difference_above_maximum;tone_deletion_shift_above_maximum,-249943.845974,-249968.983834,-252497.610816,0
T03,confirm,early_median_margin,sha256:f106ccd250e32654d7424a1e29988be892d1c992e3e88a1bd86d2b5fb15731be,-1,91261862,36.5054136,1,0,-251067.053224,-250156.201569,0,exact_coherence_below_minimum;coherence_margin_below_minimum;even_odd_disagreement_above_maximum;timing_spread_above_maximum;half_frame_difference_above_maximum;tone_deletion_shift_above_maximum,-247075.268957,-250759.766493,-252506.731652,0
T03,confirm,early_median_margin,sha256:f106ccd250e32654d7424a1e29988be892d1c992e3e88a1bd86d2b5fb15731be,-1,91265195,36.5067468,1,0,-251067.053224,-250691.936434,0,exact_coherence_below_minimum;even_odd_disagreement_above_maximum;timing_spread_above_maximum;half_frame_difference_above_maximum;tone_deletion_shift_above_maximum,-248066.292013,-252956.166958,-249256.899955,0
T03,confirm,early_median_margin,sha256:f106ccd250e32654d7424a1e29988be892d1c992e3e88a1bd86d2b5fb15731be,-1,91268528,36.50808,1,0,-251067.053224,-251806.872274,0,exact_coherence_below_minimum;even_odd_disagreement_above_maximum;timing_spread_above_maximum;half_frame_difference_above_maximum;tone_deletion_shift_above_maximum,-255476.223558,-251789.59831,-253067.053224,0
T03,confirm,early_median_margin,sha256:f106ccd250e32654d7424a1e29988be892d1c992e3e88a1bd86d2b5fb15731be,-1,91271862,36.5094136,1,0,-251067.053224,-250368.564363,0,exact_coherence_below_minimum;coherence_margin_below_minimum;even_odd_disagreement_above_maximum;timing_spread_above_maximum;tone_deletion_shift_above_maximum,-246597.035984,-249446.721552,-249106.58932,0
T03,confirm,early_median_margin,sha256:f106ccd250e32654d7424a1e29988be892d1c992e3e88a1bd86d2b5fb15731be,-1,91275195,36.5107468,1,0,-251067.053224,-252665.715622,0,exact_coherence_below_minimum;coherence_margin_below_minimum;even_odd_disagreement_above_maximum;timing_spread_above_maximum;half_frame_difference_above_maximum;tone_deletion_shift_above_maximum,-254023.081606,-252649.176844,-251712.122398,0
T03,confirm,early_median_margin,sha256:f106ccd250e32654d7424a1e29988be892d1c992e3e88a1bd86d2b5fb15731be,-1,91278528,36.51208,1,0,-251067.053224,-252302.825248,0,exact_coherence_below_minimum;even_odd_disagreement_above_maximum;timing_spread_above_maximum;half_frame_difference_above_maximum,-252302.825248,-252219.382071,-251206.029275,0
T03,confirm,early_median_margin,sha256:f106ccd250e32654d7424a1e29988be892d1c992e3e88a1bd86d2b5fb15731be,-1,91281862,36.5134136,1,0,-251067.053224,-249222.541022,0,exact_coherence_below_minimum;coherence_margin_below_minimum;even_odd_disagreement_above_maximum;timing_spread_above_maximum;half_frame_difference_above_maximum;tone_deletion_shift_above_maximum,-254711.069689,-251345.934911,-250565.587331,0
T03,confirm,early_median_margin,sha256:f106ccd250e32654d7424a1e29988be892d1c992e3e88a1bd86d2b5fb15731be,-1,91285195,36.5147468,1,0,-251067.053224,-249140.886179,0,exact_coherence_below_minimum;coherence_margin_below_minimum;even_odd_disagreement_above_maximum;half_frame_difference_above_maximum,-249140.886179,-252179.204688,-249137.621807,0
T03,confirm,early_median_margin,sha256:f106ccd250e32654d7424a1e29988be892d1c992e3e88a1bd86d2b5fb15731be,-1,91288528,36.51608,1,0,-251067.053224,-252433.269265,0,exact_coherence_below_minimum;even_odd_disagreement_above_maximum;timing_spread_above_maximum;half_frame_difference_above_maximum;tone_deletion_shift_above_maximum,-255587.046567,-253061.800537,-252419.635509,0
T03,confirm,early_median_margin,sha256:f106ccd250e32654d7424a1e29988be892d1c992e3e88a1bd86d2b5fb15731be,-1,91291862,36.5174136,1,0,-251067.053224,-251077.262545,0,exact_coherence_below_minimum;even_odd_disagreement_above_maximum;timing_spread_above_maximum;half_frame_difference_above_maximum;tone_deletion_shift_above_maximum,-257067.053224,-252541.008196,-251055.736886,0
T03,confirm,early_median_margin,sha256:f106ccd250e32654d7424a1e29988be892d1c992e3e88a1bd86d2b5fb15731be,-1,91295195,36.5187468,1,0,-251067.053224,-252070.283327,0,exact_coherence_below_minimum;coherence_margin_below_minimum;even_odd_disagreement_above_maximum;timing_spread_above_maximum;half_frame_difference_above_maximum;tone_deletion_shift_above_maximum,-253666.069406,-252876.649937,-251907.252179,0
T03,confirm,early_median_margin,sha256:f106ccd250e32654d7424a1e29988be892d1c992e3e88a1bd86d2b5fb15731be,-1,91298528,36.52008,1,0,-251067.053224,-250956.968026,0,exact_coherence_below_minimum;coherence_margin_below_minimum;even_odd_disagreement_above_maximum;timing_spread_above_maximum;half_frame_difference_above_maximum;tone_deletion_shift_above_maximum,-246025.052444,-250968.791472,-252410.379648,0
T03,confirm,early_median_margin,sha256:f106ccd250e32654d7424a1e29988be892d1c992e3e88a1bd86d2b5fb15731be,-1,91301862,36.5214136,1,0,-251067.053224,-249162.459666,0,exact_coherence_below_minimum;coherence_margin_below_minimum;even_odd_disagreement_above_maximum;timing_spread_above_maximum;half_frame_difference_above_maximum;tone_deletion_shift_above_maximum,-255241.411081,-250828.432918,-252968.166357,0
T03,confirm,early_median_margin,sha256:f106ccd250e32654d7424a1e29988be892d1c992e3e88a1bd86d2b5fb15731be,-1,91305195,36.5227468,1,0,-251067.053224,-252633.221652,0,exact_coherence_below_minimum;even_odd_disagreement_above_maximum;timing_spread_above_maximum;tone_deletion_shift_above_maximum,-252633.221652,-252180.117667,-252404.594852,0
T03,confirm,early_median_margin,sha256:f106ccd250e32654d7424a1e29988be892d1c992e3e88a1bd86d2b5fb15731be,-1,91308528,36.52408,1,0,-251067.053224,-252028.705779,0,exact_coherence_below_minimum;coherence_margin_below_minimum;even_odd_disagreement_above_maximum;timing_spread_above_maximum;half_frame_difference_above_maximum;tone_deletion_shift_above_maximum,-245067.053224,-250688.508256,-251871.989728,0
T03,confirm,high_margin,sha256:f106ccd250e32654d7424a1e29988be892d1c992e3e88a1bd86d2b5fb15731be,-1,89189882,35.6766216,1,0,-247053.401234,-247029.487658,0,exact_coherence_below_minimum;even_odd_disagreement_above_maximum;timing_spread_above_maximum;half_frame_difference_above_maximum;tone_deletion_shift_above_maximum,-247029.487658,-245053.401234,-246834.105738,0
T03,confirm,high_margin,sha256:f106ccd250e32654d7424a1e29988be892d1c992e3e88a1bd86d2b5fb15731be,-1,89193215,35.6779548,1,0,-247053.401234,-247037.739976,0,exact_coherence_below_minimum,-247037.739976,-247001.179965,-247083.203513,1
T03,confirm,high_margin,sha256:f106ccd250e32654d7424a1e29988be892d1c992e3e88a1bd86d2b5fb15731be,-1,89196549,35.6792884,1,0,-247053.401234,-247012.064125,0,exact_coherence_below_minimum;even_odd_disagreement_above_maximum;half_frame_difference_above_maximum,-247012.064125,-246900.333502,-245869.376557,0
T03,confirm,high_margin,sha256:f106ccd250e32654d7424a1e29988be892d1c992e3e88a1bd86d2b5fb15731be,-1,89199882,35.6806216,1,0,-247053.401234,-247167.928693,0,exact_coherence_below_minimum;even_odd_disagreement_above_maximum;half_frame_difference_above_maximum,-247167.928693,-247183.570154,-246175.258521,0
T03,confirm,high_margin,sha256:f106ccd250e32654d7424a1e29988be892d1c992e3e88a1bd86d2b5fb15731be,-1,89203215,35.6819548,1,0,-247053.401234,-247023.284413,0,exact_coherence_below_minimum;tone_deletion_shift_above_maximum,-247023.284413,-247002.384315,-247005.587304,0
T03,confirm,high_margin,sha256:f106ccd250e32654d7424a1e29988be892d1c992e3e88a1bd86d2b5fb15731be,-1,89206549,35.6832884,1,0,-247053.401234,-246971.771356,0,exact_coherence_below_minimum;even_odd_disagreement_above_maximum;tone_deletion_shift_above_maximum,-246971.771356,-246947.365712,-248455.979474,0
T03,confirm,high_margin,sha256:f106ccd250e32654d7424a1e29988be892d1c992e3e88a1bd86d2b5fb15731be,-1,89209882,35.6846216,1,0,-247053.401234,-247150.249834,0,exact_coherence_below_minimum;even_odd_disagreement_above_maximum;timing_spread_above_maximum;half_frame_difference_above_maximum,-247150.249834,-245957.077293,-247110.616118,0
T03,confirm,high_margin,sha256:f106ccd250e32654d7424a1e29988be892d1c992e3e88a1bd86d2b5fb15731be,-1,89213215,35.6859548,1,0,-247053.401234,-247087.05191,0,exact_coherence_below_minimum;even_odd_disagreement_above_maximum;half_frame_difference_above_maximum,-247087.05191,-247196.560486,-247010.715062,0
T03,confirm,high_margin,sha256:f106ccd250e32654d7424a1e29988be892d1c992e3e88a1bd86d2b5fb15731be,-1,89216549,35.6872884,1,0,-247053.401234,-247185.598973,0,exact_coherence_below_minimum;even_odd_disagreement_above_maximum;timing_spread_above_maximum,-247185.598973,-247005.390031,-247120.361268,0
T03,confirm,high_margin,sha256:f106ccd250e32654d7424a1e29988be892d1c992e3e88a1bd86d2b5fb15731be,-1,89219882,35.6886216,1,0,-247053.401234,-247031.669381,0,exact_coherence_below_minimum;even_odd_disagreement_above_maximum;tone_deletion_shift_above_maximum,-247031.669381,-246922.685097,-247048.67564,0
T03,confirm,high_margin,sha256:f106ccd250e32654d7424a1e29988be892d1c992e3e88a1bd86d2b5fb15731be,-1,89223215,35.6899548,1,0,-247053.401234,-247058.860738,0,exact_coherence_below_minimum;even_odd_disagreement_above_maximum,-247058.860738,-247259.40043,-247049.171486,0
T03,confirm,high_margin,sha256:f106ccd250e32654d7424a1e29988be892d1c992e3e88a1bd86d2b5fb15731be,-1,89226549,35.6912884,1,0,-247053.401234,-247096.586566,0,exact_coherence_below_minimum;even_odd_disagreement_above_maximum;timing_spread_above_maximum;half_frame_difference_above_maximum,-247096.586566,-246511.750294,-247005.116941,0
T03,confirm,high_margin,sha256:f106ccd250e32654d7424a1e29988be892d1c992e3e88a1bd86d2b5fb15731be,-1,89229882,35.6926216,1,0,-247053.401234,-247043.839853,0,exact_coherence_below_minimum;timing_spread_above_maximum;half_frame_difference_above_maximum;tone_deletion_shift_above_maximum,-247043.839853,-247007.976957,-247065.39592,0
T03,confirm,high_margin,sha256:f106ccd250e32654d7424a1e29988be892d1c992e3e88a1bd86d2b5fb15731be,-1,89233215,35.6939548,1,0,-247053.401234,-247161.747413,0,exact_coherence_below_minimum,-247161.747413,-247121.92921,-247201.40338,0
T03,confirm,high_margin,sha256:f106ccd250e32654d7424a1e29988be892d1c992e3e88a1bd86d2b5fb15731be,-1,89236549,35.6952884,1,0,-247053.401234,-247186.536993,0,exact_coherence_below_minimum;even_odd_disagreement_above_maximum;tone_deletion_shift_above_maximum,-247186.536993,-247475.212271,-247107.036889,0
T03,confirm,high_margin,sha256:f106ccd250e32654d7424a1e29988be892d1c992e3e88a1bd86d2b5fb15731be,-1,89239882,35.6966216,1,0,-247053.401234,-247055.934211,0,exact_coherence_below_minimum;timing_spread_above_maximum,-247055.934211,-247048.619134,-247036.477056,1
T03,confirm,high_margin,sha256:f106ccd250e32654d7424a1e29988be892d1c992e3e88a1bd86d2b5fb15731be,-1,89243215,35.6979548,1,0,-247053.401234,-247124.091451,0,exact_coherence_below_minimum;tone_deletion_shift_above_maximum,-247124.091451,-247139.016386,-247109.734118,0
T03,confirm,high_margin,sha256:f106ccd250e32654d7424a1e29988be892d1c992e3e88a1bd86d2b5fb15731be,-1,89246549,35.6992884,1,0,-247053.401234,-247033.409656,0,exact_coherence_below_minimum;even_odd_disagreement_above_maximum,-247033.409656,-247021.324723,-247169.446844,0
T03,confirm,high_margin,sha256:f106ccd250e32654d7424a1e29988be892d1c992e3e88a1bd86d2b5fb15731be,-1,89249882,35.7006216,1,0,-247053.401234,-247215.927284,0,exact_coherence_below_minimum,-247215.927284,-247261.551816,-247220.992799,0
T03,confirm,high_margin,sha256:f106ccd250e32654d7424a1e29988be892d1c992e3e88a1bd86d2b5fb15731be,-1,89253215,35.7019548,1,0,-247053.401234,-247173.081997,0,exact_coherence_below_minimum;timing_spread_above_maximum;tone_deletion_shift_above_maximum,-247173.081997,-247149.064407,-247094.481498,0
T03,confirm,high_margin,sha256:f106ccd250e32654d7424a1e29988be892d1c992e3e88a1bd86d2b5fb15731be,-1,89256549,35.7032884,1,0,-247053.401234,-247090.714385,0,exact_coherence_below_minimum;even_odd_disagreement_above_maximum;timing_spread_above_maximum;half_frame_difference_above_maximum,-247090.714385,-247081.583818,-249013.780553,0
T03,confirm,high_margin,sha256:f106ccd250e32654d7424a1e29988be892d1c992e3e88a1bd86d2b5fb15731be,-1,89259882,35.7046216,1,0,-247053.401234,-247197.447988,0,exact_coherence_below_minimum;even_odd_disagreement_above_maximum,-247197.447988,-247016.360178,-247322.924582,1
T03,confirm,high_margin,sha256:f106ccd250e32654d7424a1e29988be892d1c992e3e88a1bd86d2b5fb15731be,-1,89263215,35.7059548,1,0,-247053.401234,-247139.19995,0,exact_coherence_below_minimum;even_odd_disagreement_above_maximum,-247139.19995,-245788.781376,-247272.619688,0
T03,confirm,high_margin,sha256:f106ccd250e32654d7424a1e29988be892d1c992e3e88a1bd86d2b5fb15731be,-1,89266549,35.7072884,1,0,-247053.401234,-247170.055642,0,exact_coherence_below_minimum;even_odd_disagreement_above_maximum;half_frame_difference_above_maximum,-247170.055642,-246098.582295,-247038.105405,0
T03,confirm,high_margin,sha256:f106ccd250e32654d7424a1e29988be892d1c992e3e88a1bd86d2b5fb15731be,-1,89269882,35.7086216,1,0,-247053.401234,-247038.96489,0,exact_coherence_below_minimum;even_odd_disagreement_above_maximum;timing_spread_above_maximum;tone_deletion_shift_above_maximum,-247038.96489,-247174.253212,-248801.44558,0
T03,confirm,high_margin,sha256:f106ccd250e32654d7424a1e29988be892d1c992e3e88a1bd86d2b5fb15731be,-1,89273215,35.7099548,1,0,-247053.401234,-247141.709175,0,exact_coherence_below_minimum;even_odd_disagreement_above_maximum,-247141.709175,-247056.668169,-247172.672162,0
T03,confirm,high_margin,sha256:f106ccd250e32654d7424a1e29988be892d1c992e3e88a1bd86d2b5fb15731be,-1,89276549,35.7112884,1,0,-247053.401234,-247229.66073,0,exact_coherence_below_minimum;even_odd_disagreement_above_maximum;timing_spread_above_maximum;half_frame_difference_above_maximum;tone_deletion_shift_above_maximum,-247229.66073,-247056.109192,-247572.31805,0
T03,confirm,high_margin,sha256:f106ccd250e32654d7424a1e29988be892d1c992e3e88a1bd86d2b5fb15731be,-1,89279882,35.7126216,1,0,-247053.401234,-247074.72902,0,exact_coherence_below_minimum;even_odd_disagreement_above_maximum,-247074.72902,-247100.093928,-246974.792678,0
T03,confirm,high_margin,sha256:f106ccd250e32654d7424a1e29988be892d1c992e3e88a1bd86d2b5fb15731be,-1,89283215,35.7139548,1,0,-247053.401234,-247217.444616,0,exact_coherence_below_minimum;even_odd_disagreement_above_maximum;tone_deletion_shift_above_maximum,-247217.444616,-245053.401234,-247237.529946,0
T03,confirm,high_margin,sha256:f106ccd250e32654d7424a1e29988be892d1c992e3e88a1bd86d2b5fb15731be,-1,89286549,35.7152884,1,0,-247053.401234,-247122.037462,0,exact_coherence_below_minimum;even_odd_disagreement_above_maximum;timing_spread_above_maximum;half_frame_difference_above_maximum;tone_deletion_shift_above_maximum,-247122.037462,-247175.530703,-246952.370648,0
T03,confirm,high_margin,sha256:f106ccd250e32654d7424a1e29988be892d1c992e3e88a1bd86d2b5fb15731be,-1,89289882,35.7166216,1,0,-247053.401234,-247225.543542,0,exact_coherence_below_minimum;even_odd_disagreement_above_maximum;timing_spread_above_maximum,-247225.543542,-247783.162898,-247253.449786,0
T03,confirm,high_margin,sha256:f106ccd250e32654d7424a1e29988be892d1c992e3e88a1bd86d2b5fb15731be,-1,89293215,35.7179548,1,0,-247053.401234,-247115.679639,0,exact_coherence_below_minimum;timing_spread_above_maximum,-247115.679639,-247206.906057,-247120.443238,0
T03,confirm,high_margin,sha256:f106ccd250e32654d7424a1e29988be892d1c992e3e88a1bd86d2b5fb15731be,-1,89296549,35.7192884,1,0,-247053.401234,-247206.733055,0,exact_coherence_below_minimum;even_odd_disagreement_above_maximum,-247206.733055,-247136.601665,-247252.162754,1
T03,confirm,high_margin,sha256:f106ccd250e32654d7424a1e29988be892d1c992e3e88a1bd86d2b5fb15731be,-1,89299882,35.7206216,1,0,-247053.401234,-247067.234857,0,exact_coherence_below_minimum;timing_spread_above_maximum;half_frame_difference_above_maximum,-247067.234857,-247105.371092,-247052.762325,0
T03,confirm,high_margin,sha256:f106ccd250e32654d7424a1e29988be892d1c992e3e88a1bd86d2b5fb15731be,-1,89303215,35.7219548,1,0,-247053.401234,-247220.049568,1,,-247220.049568,-247212.186654,-247139.205254,1
T03,confirm,high_margin,sha256:f106ccd250e32654d7424a1e29988be892d1c992e3e88a1bd86d2b5fb15731be,-1,89306549,35.7232884,1,0,-247053.401234,-247208.710086,0,exact_coherence_below_minimum;even_odd_disagreement_above_maximum;timing_spread_above_maximum;tone_deletion_shift_above_maximum,-247208.710086,-248254.443833,-247248.945741,0
T03,confirm,high_margin,sha256:f106ccd250e32654d7424a1e29988be892d1c992e3e88a1bd86d2b5fb15731be,-1,89309882,35.7246216,1,0,-247053.401234,-247250.253363,0,exact_coherence_below_minimum;timing_spread_above_maximum,-247250.253363,-247232.608028,-247237.785422,1
T03,confirm,high_margin,sha256:f106ccd250e32654d7424a1e29988be892d1c992e3e88a1bd86d2b5fb15731be,-1,89313215,35.7259548,1,0,-247053.401234,-247125.460899,0,exact_coherence_below_minimum;even_odd_disagreement_above_maximum;timing_spread_above_maximum,-247125.460899,-247093.257744,-247237.488584,1
T03,confirm,high_margin,sha256:f106ccd250e32654d7424a1e29988be892d1c992e3e88a1bd86d2b5fb15731be,-1,89316549,35.7272884,1,0,-247053.401234,-247222.589866,0,exact_coherence_below_minimum;even_odd_disagreement_above_maximum;half_frame_difference_above_maximum,-247222.589866,-247082.976967,-247232.043899,0
T03,confirm,high_margin,sha256:f106ccd250e32654d7424a1e29988be892d1c992e3e88a1bd86d2b5fb15731be,-1,89319882,35.7286216,1,0,-247053.401234,-247224.65576,1,,-247224.65576,-247244.483479,-247201.052636,1
T03,confirm,high_margin,sha256:f106ccd250e32654d7424a1e29988be892d1c992e3e88a1bd86d2b5fb15731be,-1,89323215,35.7299548,1,0,-247053.401234,-247254.504832,0,exact_coherence_below_minimum,-247254.504832,-247254.556866,-247278.59395,0
T03,confirm,high_margin,sha256:f106ccd250e32654d7424a1e29988be892d1c992e3e88a1bd86d2b5fb15731be,-1,89326549,35.7312884,1,0,-247053.401234,-247201.411379,0,exact_coherence_below_minimum;even_odd_disagreement_above_maximum,-247201.411379,-247318.222745,-247157.701154,1
T03,confirm,high_margin,sha256:f106ccd250e32654d7424a1e29988be892d1c992e3e88a1bd86d2b5fb15731be,-1,89329882,35.7326216,1,0,-247053.401234,-247293.190515,0,exact_coherence_below_minimum;timing_spread_above_maximum,-247293.190515,-247259.81583,-247297.451789,0
T03,confirm,high_margin,sha256:f106ccd250e32654d7424a1e29988be892d1c992e3e88a1bd86d2b5fb15731be,-1,89333215,35.7339548,1,0,-247053.401234,-247239.405975,0,exact_coherence_below_minimum;even_odd_disagreement_above_maximum,-247239.405975,-247297.488646,-247189.805477,1
T03,confirm,high_margin,sha256:f106ccd250e32654d7424a1e29988be892d1c992e3e88a1bd86d2b5fb15731be,-1,89336549,35.7352884,1,0,-247053.401234,-247451.860285,0,exact_coherence_below_minimum,-247451.860285,-247410.040807,-247449.760797,0
T03,confirm,high_margin,sha256:f106ccd250e32654d7424a1e29988be892d1c992e3e88a1bd86d2b5fb15731be,-1,89339882,35.7366216,1,0,-247053.401234,-247259.972067,0,exact_coherence_below_minimum;even_odd_disagreement_above_maximum;timing_spread_above_maximum,-247259.972067,-247198.084868,-245945.452516,1
T03,confirm,high_margin,sha256:f106ccd250e32654d7424a1e29988be892d1c992e3e88a1bd86d2b5fb15731be,-1,89343215,35.7379548,1,0,-247053.401234,-247279.678385,0,exact_coherence_below_minimum;even_odd_disagreement_above_maximum,-247279.678385,-247316.427576,-247140.264244,0
T03,confirm,high_margin,sha256:f106ccd250e32654d7424a1e29988be892d1c992e3e88a1bd86d2b5fb15731be,-1,89346549,35.7392884,1,0,-247053.401234,-247385.024585,0,exact_coherence_below_minimum,-247385.024585,-247349.960648,-247363.583359,1
T03,confirm,high_margin,sha256:f106ccd250e32654d7424a1e29988be892d1c992e3e88a1bd86d2b5fb15731be,-1,89349882,35.7406216,1,0,-247053.401234,-247276.462859,0,exact_coherence_below_minimum,-247276.462859,-247296.807848,-247305.775304,1
T03,confirm,high_margin,sha256:f106ccd250e32654d7424a1e29988be892d1c992e3e88a1bd86d2b5fb15731be,-1,89353215,35.7419548,1,0,-247053.401234,-247317.964584,0,exact_coherence_below_minimum;even_odd_disagreement_above_maximum;timing_spread_above_maximum,-247317.964584,-247405.345088,-247202.603751,0
T03,confirm,high_margin,sha256:f106ccd250e32654d7424a1e29988be892d1c992e3e88a1bd86d2b5fb15731be,-1,89356549,35.7432884,1,0,-247053.401234,-247288.714153,0,exact_coherence_below_minimum;timing_spread_above_maximum,-247288.714153,-247265.589138,-247265.145191,0
T03,confirm,high_margin,sha256:f106ccd250e32654d7424a1e29988be892d1c992e3e88a1bd86d2b5fb15731be,-1,89359882,35.7446216,1,0,-247053.401234,-247328.091097,0,exact_coherence_below_minimum;even_odd_disagreement_above_maximum;timing_spread_above_maximum;tone_deletion_shift_above_maximum,-247328.091097,-247341.904502,-248077.577634,1
T03,confirm,high_margin,sha256:f106ccd250e32654d7424a1e29988be892d1c992e3e88a1bd86d2b5fb15731be,-1,89363215,35.7459548,1,0,-247053.401234,-247248.539664,0,exact_coherence_below_minimum,-247248.539664,-247266.438792,-247211.256683,0
T03,confirm,high_margin,sha256:f106ccd250e32654d7424a1e29988be892d1c992e3e88a1bd86d2b5fb15731be,-1,89366549,35.7472884,1,0,-247053.401234,-247292.916251,0,exact_coherence_below_minimum;even_odd_disagreement_above_maximum;timing_spread_above_maximum;half_frame_difference_above_maximum;tone_deletion_shift_above_maximum,-247292.916251,-245717.508912,-247505.844291,1
T03,confirm,high_margin,sha256:f106ccd250e32654d7424a1e29988be892d1c992e3e88a1bd86d2b5fb15731be,-1,89369882,35.7486216,1,0,-247053.401234,-247367.810044,0,exact_coherence_below_minimum;even_odd_disagreement_above_maximum;half_frame_difference_above_maximum,-247367.810044,-247309.988468,-247419.048061,0
T03,confirm,high_margin,sha256:f106ccd250e32654d7424a1e29988be892d1c992e3e88a1bd86d2b5fb15731be,-1,89373215,35.7499548,1,0,-247053.401234,-247492.069914,0,exact_coherence_below_minimum,-247492.069914,-247473.982321,-247458.051038,1
T03,confirm,late_median_margin,sha256:f106ccd250e32654d7424a1e29988be892d1c992e3e88a1bd86d2b5fb15731be,-1,98876175,39.5511388,1,0,-267334.727095,-267320.025048,0,exact_coherence_below_minimum,-267320.025048,-267287.206853,-267298.790185,1
T03,confirm,late_median_margin,sha256:f106ccd250e32654d7424a1e29988be892d1c992e3e88a1bd86d2b5fb15731be,-1,98879508,39.552472,1,0,-267334.727095,-267391.761234,0,exact_coherence_below_minimum;even_odd_disagreement_above_maximum;timing_spread_above_maximum,-267391.761234,-265513.214583,-267396.603302,0
T03,confirm,late_median_margin,sha256:f106ccd250e32654d7424a1e29988be892d1c992e3e88a1bd86d2b5fb15731be,-1,98882842,39.5538056,1,0,-267334.727095,-267339.358554,0,exact_coherence_below_minimum;even_odd_disagreement_above_maximum,-267339.358554,-267266.493439,-267470.746047,0
T03,confirm,late_median_margin,sha256:f106ccd250e32654d7424a1e29988be892d1c992e3e88a1bd86d2b5fb15731be,-1,98886175,39.5551388,1,0,-267334.727095,-267298.786414,0,exact_coherence_below_minimum;even_odd_disagreement_above_maximum;half_frame_difference_above_maximum;tone_deletion_shift_above_maximum,-261396.007453,-265384.370754,-269056.324746,0
T03,confirm,late_median_margin,sha256:f106ccd250e32654d7424a1e29988be892d1c992e3e88a1bd86d2b5fb15731be,-1,98889508,39.556472,1,0,-267334.727095,-267483.135793,0,exact_coherence_below_minimum;half_frame_difference_above_maximum,-267483.135793,-267549.69587,-267551.838636,0
T03,confirm,late_median_margin,sha256:f106ccd250e32654d7424a1e29988be892d1c992e3e88a1bd86d2b5fb15731be,-1,98892842,39.5578056,1,0,-267334.727095,-267413.539203,0,exact_coherence_below_minimum;even_odd_disagreement_above_maximum;timing_spread_above_maximum,-267413.539203,-267318.072885,-268596.053403,0
T03,confirm,late_median_margin,sha256:f106ccd250e32654d7424a1e29988be892d1c992e3e88a1bd86d2b5fb15731be,-1,98896175,39.5591388,1,0,-267334.727095,-267456.098981,0,exact_coherence_below_minimum;even_odd_disagreement_above_maximum;timing_spread_above_maximum;half_frame_difference_above_maximum,-267456.098981,-267270.833514,-267567.18366,0
T03,confirm,late_median_margin,sha256:f106ccd250e32654d7424a1e29988be892d1c992e3e88a1bd86d2b5fb15731be,-1,98899508,39.560472,1,0,-267334.727095,-267312.022045,0,exact_coherence_below_minimum;even_odd_disagreement_above_maximum;timing_spread_above_maximum;tone_deletion_shift_above_maximum,-267312.022045,-265334.727095,-267339.926962,0
T03,confirm,late_median_margin,sha256:f106ccd250e32654d7424a1e29988be892d1c992e3e88a1bd86d2b5fb15731be,-1,98902842,39.5618056,1,0,-267334.727095,-266246.683827,0,exact_coherence_below_minimum;coherence_margin_below_minimum;timing_spread_above_maximum;half_frame_difference_above_maximum;tone_deletion_shift_above_maximum,-262263.027514,-266234.2566,-266256.065706,0
T03,confirm,late_median_margin,sha256:f106ccd250e32654d7424a1e29988be892d1c992e3e88a1bd86d2b5fb15731be,-1,98906175,39.5631388,1,0,-267334.727095,-267382.112243,0,exact_coherence_below_minimum;even_odd_disagreement_above_maximum;timing_spread_above_maximum;tone_deletion_shift_above_maximum,-267382.112243,-267242.108425,-269334.727095,0
T03,confirm,late_median_margin,sha256:f106ccd250e32654d7424a1e29988be892d1c992e3e88a1bd86d2b5fb15731be,-1,98909508,39.564472,1,0,-267334.727095,-267393.855663,0,exact_coherence_below_minimum;even_odd_disagreement_above_maximum;timing_spread_above_maximum,-267393.855663,-267527.184962,-267305.512216,0
T03,confirm,late_median_margin,sha256:f106ccd250e32654d7424a1e29988be892d1c992e3e88a1bd86d2b5fb15731be,-1,98912842,39.5658056,1,0,-267334.727095,-267366.233596,0,exact_coherence_below_minimum;even_odd_disagreement_above_maximum;half_frame_difference_above_maximum;tone_deletion_shift_above_maximum,-267366.233596,-267223.303445,-265643.400329,1
T03,confirm,late_median_margin,sha256:f106ccd250e32654d7424a1e29988be892d1c992e3e88a1bd86d2b5fb15731be,-1,98916175,39.5671388,1,0,-267334.727095,-267203.259308,0,exact_coherence_below_minimum;even_odd_disagreement_above_maximum;half_frame_difference_above_maximum,-267203.259308,-267370.833527,-267040.668645,0
T03,confirm,late_median_margin,sha256:f106ccd250e32654d7424a1e29988be892d1c992e3e88a1bd86d2b5fb15731be,-1,98919508,39.568472,1,0,-267334.727095,-267242.779234,0,exact_coherence_below_minimum;half_frame_difference_above_maximum,-267242.779234,-267263.737126,-267272.237668,0
T03,confirm,late_median_margin,sha256:f106ccd250e32654d7424a1e29988be892d1c992e3e88a1bd86d2b5fb15731be,-1,98922842,39.5698056,1,0,-267334.727095,-267351.210694,0,exact_coherence_below_minimum;even_odd_disagreement_above_maximum,-267351.210694,-267462.305512,-267283.199985,0
T03,confirm,late_median_margin,sha256:f106ccd250e32654d7424a1e29988be892d1c992e3e88a1bd86d2b5fb15731be,-1,98926175,39.5711388,1,0,-267334.727095,-267344.848752,0,exact_coherence_below_minimum;even_odd_disagreement_above_maximum;tone_deletion_shift_above_maximum,-267344.848752,-267294.023329,-267407.226936,0
T03,confirm,late_median_margin,sha256:f106ccd250e32654d7424a1e29988be892d1c992e3e88a1bd86d2b5fb15731be,-1,98929508,39.572472,1,0,-267334.727095,-267327.646178,0,exact_coherence_below_minimum;even_odd_disagreement_above_maximum,-267327.646178,-267393.237749,-267222.732018,1
T03,confirm,late_median_margin,sha256:f106ccd250e32654d7424a1e29988be892d1c992e3e88a1bd86d2b5fb15731be,-1,98932842,39.5738056,1,0,-267334.727095,-267337.663684,0,exact_coherence_below_minimum;tone_deletion_shift_above_maximum,-267337.663684,-267243.949787,-267326.574687,0
T03,confirm,late_median_margin,sha256:f106ccd250e32654d7424a1e29988be892d1c992e3e88a1bd86d2b5fb15731be,-1,98936175,39.5751388,1,0,-267334.727095,-267319.832764,0,exact_coherence_below_minimum;timing_spread_above_maximum,-267319.832764,-267319.073738,-267356.507277,0
T03,confirm,late_median_margin,sha256:f106ccd250e32654d7424a1e29988be892d1c992e3e88a1bd86d2b5fb15731be,-1,98939508,39.576472,1,0,-267334.727095,-267573.240598,0,exact_coherence_below_minimum;even_odd_disagreement_above_maximum;timing_spread_above_maximum;half_frame_difference_above_maximum;tone_deletion_shift_above_maximum,-267573.240598,-267425.912978,-266512.178817,0
T03,confirm,late_median_margin,sha256:f106ccd250e32654d7424a1e29988be892d1c992e3e88a1bd86d2b5fb15731be,-1,98942842,39.5778056,1,0,-267334.727095,-267427.950437,0,exact_coherence_below_minimum;even_odd_disagreement_above_maximum,-267427.950437,-267708.211169,-267415.200735,0
T03,confirm,late_median_margin,sha256:f106ccd250e32654d7424a1e29988be892d1c992e3e88a1bd86d2b5fb15731be,-1,98946175,39.5791388,1,0,-267334.727095,-267377.55915,0,exact_coherence_below_minimum;even_odd_disagreement_above_maximum;timing_spread_above_maximum;half_frame_difference_above_maximum;tone_deletion_shift_above_maximum,-267377.55915,-267671.28721,-267175.996683,0
T03,confirm,late_median_margin,sha256:f106ccd250e32654d7424a1e29988be892d1c992e3e88a1bd86d2b5fb15731be,-1,98949508,39.580472,1,0,-267334.727095,-267604.401665,0,exact_coherence_below_minimum;even_odd_disagreement_above_maximum;timing_spread_above_maximum;half_frame_difference_above_maximum;tone_deletion_shift_above_maximum,-271619.003347,-267732.039098,-266303.671045,0
T03,confirm,late_median_margin,sha256:f106ccd250e32654d7424a1e29988be892d1c992e3e88a1bd86d2b5fb15731be,-1,98952842,39.5818056,1,0,-267334.727095,-267521.424642,0,exact_coherence_below_minimum;even_odd_disagreement_above_maximum;timing_spread_above_maximum,-267521.424642,-267422.58039,-267586.024155,0
T03,confirm,late_median_margin,sha256:f106ccd250e32654d7424a1e29988be892d1c992e3e88a1bd86d2b5fb15731be,-1,98956175,39.5831388,1,0,-267334.727095,-267409.359925,0,exact_coherence_below_minimum;timing_spread_above_maximum,-267409.359925,-267438.252518,-267403.42124,0
T03,confirm,late_median_margin,sha256:f106ccd250e32654d7424a1e29988be892d1c992e3e88a1bd86d2b5fb15731be,-1,98959508,39.584472,1,0,-267334.727095,-267594.195836,0,exact_coherence_below_minimum;even_odd_disagreement_above_maximum,-267594.195836,-267665.171882,-267523.137058,1
T03,confirm,late_median_margin,sha256:f106ccd250e32654d7424a1e29988be892d1c992e3e88a1bd86d2b5fb15731be,-1,98962842,39.5858056,1,0,-267334.727095,-267417.842368,0,exact_coherence_below_minimum,-267417.842368,-267412.069746,-267406.727715,0
T03,confirm,late_median_margin,sha256:f106ccd250e32654d7424a1e29988be892d1c992e3e88a1bd86d2b5fb15731be,-1,98966175,39.5871388,1,0,-267334.727095,-267152.940807,0,exact_coherence_below_minimum;even_odd_disagreement_above_maximum;timing_spread_above_maximum;tone_deletion_shift_above_maximum,-267152.940807,-267287.240625,-266956.677425,0
T03,confirm,late_median_margin,sha256:f106ccd250e32654d7424a1e29988be892d1c992e3e88a1bd86d2b5fb15731be,-1,98969508,39.588472,1,0,-267334.727095,-267303.977608,0,exact_coherence_below_minimum;even_odd_disagreement_above_maximum,-267303.977608,-267155.675691,-267351.017502,0
T03,confirm,late_median_margin,sha256:f106ccd250e32654d7424a1e29988be892d1c992e3e88a1bd86d2b5fb15731be,-1,98972842,39.5898056,1,0,-267334.727095,-267562.211406,0,exact_coherence_below_minimum;even_odd_disagreement_above_maximum;timing_spread_above_maximum;tone_deletion_shift_above_maximum,-267562.211406,-266625.688615,-267560.005815,0
T03,confirm,late_median_margin,sha256:f106ccd250e32654d7424a1e29988be892d1c992e3e88a1bd86d2b5fb15731be,-1,98976175,39.5911388,1,0,-267334.727095,-267382.342564,0,exact_coherence_below_minimum,-267382.342564,-267388.14341,-267417.076358,0
T03,confirm,late_median_margin,sha256:f106ccd250e32654d7424a1e29988be892d1c992e3e88a1bd86d2b5fb15731be,-1,98979508,39.592472,1,0,-267334.727095,-267379.962504,0,exact_coherence_below_minimum;timing_spread_above_maximum,-267379.962504,-267378.647488,-267462.423909,0
T03,confirm,late_median_margin,sha256:f106ccd250e32654d7424a1e29988be892d1c992e3e88a1bd86d2b5fb15731be,-1,98982842,39.5938056,1,0,-267334.727095,-267449.558378,0,exact_coherence_below_minimum;even_odd_disagreement_above_maximum;timing_spread_above_maximum;tone_deletion_shift_above_maximum,-267449.558378,-267420.452694,-268602.689244,0
T03,confirm,late_median_margin,sha256:f106ccd250e32654d7424a1e29988be892d1c992e3e88a1bd86d2b5fb15731be,-1,98986175,39.5951388,1,0,-267334.727095,-267331.436009,0,exact_coherence_below_minimum;even_odd_disagreement_above_maximum;timing_spread_above_maximum;half_frame_difference_above_maximum,-267331.436009,-267291.220294,-269007.650732,0
T03,confirm,late_median_margin,sha256:f106ccd250e32654d7424a1e29988be892d1c992e3e88a1bd86d2b5fb15731be,-1,98989508,39.596472,1,0,-267334.727095,-267441.474862,0,exact_coherence_below_minimum,-267441.474862,-267397.324362,-267431.276587,0
T03,confirm,late_median_margin,sha256:f106ccd250e32654d7424a1e29988be892d1c992e3e88a1bd86d2b5fb15731be,-1,98992842,39.5978056,1,0,-267334.727095,-267423.222906,0,exact_coherence_below_minimum;tone_deletion_shift_above_maximum,-267423.222906,-267484.653216,-267513.029534,0
T03,confirm,late_median_margin,sha256:f106ccd250e32654d7424a1e29988be892d1c992e3e88a1bd86d2b5fb15731be,-1,98996175,39.5991388,1,0,-267334.727095,-267513.8535,0,exact_coherence_below_minimum;even_odd_disagreement_above_maximum;timing_spread_above_maximum,-267513.8535,-267863.356425,-267346.726732,0
T03,confirm,late_median_margin,sha256:f106ccd250e32654d7424a1e29988be892d1c992e3e88a1bd86d2b5fb15731be,-1,98999508,39.600472,1,0,-267334.727095,-267397.07362,0,exact_coherence_below_minimum;even_odd_disagreement_above_maximum;timing_spread_above_maximum;half_frame_difference_above_maximum;tone_deletion_shift_above_maximum,-267397.07362,-268598.755236,-267257.338996,0
T03,confirm,late_median_margin,sha256:f106ccd250e32654d7424a1e29988be892d1c992e3e88a1bd86d2b5fb15731be,-1,99002842,39.6018056,1,0,-267334.727095,-267558.244809,0,exact_coherence_below_minimum;even_odd_disagreement_above_maximum,-267558.244809,-267529.661451,-267644.692298,0
T03,confirm,late_median_margin,sha256:f106ccd250e32654d7424a1e29988be892d1c992e3e88a1bd86d2b5fb15731be,-1,99006175,39.6031388,1,0,-267334.727095,-267359.498587,0,exact_coherence_below_minimum;even_odd_disagreement_above_maximum;timing_spread_above_maximum;half_frame_difference_above_maximum,-262088.109397,-265501.998959,-267517.357387,0
T03,confirm,late_median_margin,sha256:f106ccd250e32654d7424a1e29988be892d1c992e3e88a1bd86d2b5fb15731be,-1,99009508,39.604472,1,0,-267334.727095,-267469.760462,0,exact_coherence_below_minimum,-267469.760462,-267439.403363,-267507.039569,0
T03,confirm,late_median_margin,sha256:f106ccd250e32654d7424a1e29988be892d1c992e3e88a1bd86d2b5fb15731be,-1,99012842,39.6058056,1,0,-267334.727095,-267426.901613,0,exact_coherence_below_minimum;even_odd_disagreement_above_maximum;timing_spread_above_maximum;half_frame_difference_above_maximum;tone_deletion_shift_above_maximum,-267426.901613,-267371.187707,-265334.727095,0
T03,confirm,late_median_margin,sha256:f106ccd250e32654d7424a1e29988be892d1c992e3e88a1bd86d2b5fb15731be,-1,99016175,39.6071388,1,0,-267334.727095,-267490.203488,0,exact_coherence_below_minimum;even_odd_disagreement_above_maximum;timing_spread_above_maximum;half_frame_difference_above_maximum,-267490.203488,-265924.791226,-267326.490361,0
T03,confirm,late_median_margin,sha256:f106ccd250e32654d7424a1e29988be892d1c992e3e88a1bd86d2b5fb15731be,-1,99019508,39.608472,1,0,-267334.727095,-267427.883201,0,exact_coherence_below_minimum;even_odd_disagreement_above_maximum,-267427.883201,-267236.948214,-268606.997161,0
T03,confirm,late_median_margin,sha256:f106ccd250e32654d7424a1e29988be892d1c992e3e88a1bd86d2b5fb15731be,-1,99022842,39.6098056,1,0,-267334.727095,-267472.535394,0,exact_coherence_below_minimum;even_odd_disagreement_above_maximum;half_frame_difference_above_maximum,-267472.535394,-268352.341419,-267571.808058,0
T03,confirm,late_median_margin,sha256:f106ccd250e32654d7424a1e29988be892d1c992e3e88a1bd86d2b5fb15731be,-1,99026175,39.6111388,1,0,-267334.727095,-267398.274402,0,exact_coherence_below_minimum;even_odd_disagreement_above_maximum;half_frame_difference_above_maximum,-267398.274402,-267380.932917,-268156.7949,0
T03,confirm,late_median_margin,sha256:f106ccd250e32654d7424a1e29988be892d1c992e3e88a1bd86d2b5fb15731be,-1,99029508,39.612472,1,0,-267334.727095,-267475.138445,0,exact_coherence_below_minimum,-267475.138445,-267549.326624,-267490.584597,0
T03,confirm,late_median_margin,sha256:f106ccd250e32654d7424a1e29988be892d1c992e3e88a1bd86d2b5fb15731be,-1,99032842,39.6138056,1,0,-267334.727095,-267471.017416,0,exact_coherence_below_minimum;timing_spread_above_maximum,-267471.017416,-267475.3302,-267419.810122,0
T03,confirm,late_median_margin,sha256:f106ccd250e32654d7424a1e29988be892d1c992e3e88a1bd86d2b5fb15731be,-1,99036175,39.6151388,1,0,-267334.727095,-267563.681446,0,exact_coherence_below_minimum;even_odd_disagreement_above_maximum;tone_deletion_shift_above_maximum,-267563.681446,-267487.075795,-269126.064885,1
T03,confirm,late_median_margin,sha256:f106ccd250e32654d7424a1e29988be892d1c992e3e88a1bd86d2b5fb15731be,-1,99039508,39.616472,1,0,-267334.727095,-267539.232023,0,exact_coherence_below_minimum;timing_spread_above_maximum;half_frame_difference_above_maximum,-267539.232023,-267612.516705,-267599.318476,0
T03,confirm,late_median_margin,sha256:f106ccd250e32654d7424a1e29988be892d1c992e3e88a1bd86d2b5fb15731be,-1,99042842,39.6178056,1,0,-267334.727095,-267587.850184,0,exact_coherence_below_minimum,-267587.850184,-267602.631273,-267673.336573,0
T03,confirm,late_median_margin,sha256:f106ccd250e32654d7424a1e29988be892d1c992e3e88a1bd86d2b5fb15731be,-1,99046175,39.6191388,1,0,-267334.727095,-267556.531568,0,exact_coherence_below_minimum;even_odd_disagreement_above_maximum;tone_deletion_shift_above_maximum,-267556.531568,-267629.513543,-266772.065759,0
T03,confirm,late_median_margin,sha256:f106ccd250e32654d7424a1e29988be892d1c992e3e88a1bd86d2b5fb15731be,-1,99049508,39.620472,1,0,-267334.727095,-267427.226873,0,exact_coherence_below_minimum;timing_spread_above_maximum;half_frame_difference_above_maximum,-267427.226873,-267444.31928,-267390.383196,0
T03,confirm,late_median_margin,sha256:f106ccd250e32654d7424a1e29988be892d1c992e3e88a1bd86d2b5fb15731be,-1,99052842,39.6218056,1,0,-267334.727095,-268853.99201,0,exact_coherence_below_minimum;even_odd_disagreement_above_maximum;timing_spread_above_maximum;half_frame_difference_above_maximum;tone_deletion_shift_above_maximum,-262459.970575,-267184.224831,-268836.83998,0
T03,confirm,late_median_margin,sha256:f106ccd250e32654d7424a1e29988be892d1c992e3e88a1bd86d2b5fb15731be,-1,99056175,39.6231388,1,0,-267334.727095,-267414.485403,0,exact_coherence_below_minimum;tone_deletion_shift_above_maximum,-267414.485403,-267485.342638,-267503.474246,0
T03,confirm,late_median_margin,sha256:f106ccd250e32654d7424a1e29988be892d1c992e3e88a1bd86d2b5fb15731be,-1,99059508,39.624472,1,0,-267334.727095,-267564.234951,0,exact_coherence_below_minimum;even_odd_disagreement_above_maximum,-267564.234951,-267421.67331,-267647.172454,0
T03,confirm,low_positive_margin,sha256:f106ccd250e32654d7424a1e29988be892d1c992e3e88a1bd86d2b5fb15731be,-1,100376036,40.1510832,0,0,-270578.489211,-269027.994358,0,exact_coherence_below_minimum;even_odd_disagreement_above_maximum;timing_spread_above_maximum;half_frame_difference_above_maximum;tone_deletion_shift_above_maximum,-265937.559951,-269268.867041,-268853.159056,0
T03,confirm,low_positive_margin,sha256:f106ccd250e32654d7424a1e29988be892d1c992e3e88a1bd86d2b5fb15731be,-1,100379369,40.1524164,0,0,-270578.489211,-268876.385112,0,exact_coherence_below_minimum;coherence_margin_below_minimum;even_odd_disagreement_above_maximum;timing_spread_above_maximum;half_frame_difference_above_maximum;tone_deletion_shift_above_maximum,-273165.149841,-272578.489211,-268578.489211,0
T03,confirm,low_positive_margin,sha256:f106ccd250e32654d7424a1e29988be892d1c992e3e88a1bd86d2b5fb15731be,-1,100382703,40.15375,0,0,-270578.489211,-270272.223829,0,exact_coherence_below_minimum;even_odd_disagreement_above_maximum;half_frame_difference_above_maximum;tone_deletion_shift_above_maximum,-270272.223829,-270614.76644,-270138.107388,0
T03,confirm,low_positive_margin,sha256:f106ccd250e32654d7424a1e29988be892d1c992e3e88a1bd86d2b5fb15731be,-1,100386036,40.1550832,0,0,-270578.489211,-272566.094385,0,exact_coherence_below_minimum;coherence_margin_below_minimum;even_odd_disagreement_above_maximum;half_frame_difference_above_maximum,-272566.094385,-271588.452162,-272483.498071,0
T03,confirm,low_positive_margin,sha256:f106ccd250e32654d7424a1e29988be892d1c992e3e88a1bd86d2b5fb15731be,-1,100389369,40.1564164,0,0,-270578.489211,-268578.489211,0,exact_coherence_below_minimum;even_odd_disagreement_above_maximum;timing_spread_above_maximum;half_frame_difference_above_maximum;tone_deletion_shift_above_maximum;search_boundary,-268298.468104,-270115.089189,-268896.280523,0
T03,confirm,low_positive_margin,sha256:f106ccd250e32654d7424a1e29988be892d1c992e3e88a1bd86d2b5fb15731be,-1,100392703,40.15775,0,0,-270578.489211,-268750.414408,0,exact_coherence_below_minimum;even_odd_disagreement_above_maximum;half_frame_difference_above_maximum;tone_deletion_shift_above_maximum,-268750.414408,-269253.349865,-268578.489211,0
T03,confirm,low_positive_margin,sha256:f106ccd250e32654d7424a1e29988be892d1c992e3e88a1bd86d2b5fb15731be,-1,100396036,40.1590832,0,0,-270578.489211,-270712.562381,0,exact_coherence_below_minimum;coherence_margin_below_minimum;even_odd_disagreement_above_maximum;timing_spread_above_maximum;half_frame_difference_above_maximum;tone_deletion_shift_above_maximum,-264578.489211,-270802.163785,-271337.667097,0
T03,confirm,low_positive_margin,sha256:f106ccd250e32654d7424a1e29988be892d1c992e3e88a1bd86d2b5fb15731be,-1,100399369,40.1604164,0,1,-270578.489211,,0,refill_boundary_crossing,,,,0
T03,confirm,low_positive_margin,sha256:f106ccd250e32654d7424a1e29988be892d1c992e3e88a1bd86d2b5fb15731be,-1,100402703,40.16175,0,0,-270578.489211,-270625.368341,0,exact_coherence_below_minimum,-270625.368341,-270656.241889,-270587.081759,1
T03,confirm,low_positive_margin,sha256:f106ccd250e32654d7424a1e29988be892d1c992e3e88a1bd86d2b5fb15731be,-1,100406036,40.1630832,0,0,-270578.489211,-270728.145885,0,exact_coherence_below_minimum;even_odd_disagreement_above_maximum;timing_spread_above_maximum,-270728.145885,-270741.290952,-271745.109537,0
T03,confirm,low_positive_margin,sha256:f106ccd250e32654d7424a1e29988be892d1c992e3e88a1bd86d2b5fb15731be,-1,100409369,40.1644164,0,0,-270578.489211,-270734.338515,0,exact_coherence_below_minimum,-270734.338515,-270721.870971,-270794.177586,1
T03,confirm,low_positive_margin,sha256:f106ccd250e32654d7424a1e29988be892d1c992e3e88a1bd86d2b5fb15731be,-1,100412703,40.16575,0,0,-270578.489211,-270674.80428,0,exact_coherence_below_minimum;even_odd_disagreement_above_maximum;half_frame_difference_above_maximum,-270674.80428,-270592.087905,-270772.71465,0
T03,confirm,low_positive_margin,sha256:f106ccd250e32654d7424a1e29988be892d1c992e3e88a1bd86d2b5fb15731be,-1,100416036,40.1670832,0,0,-270578.489211,-270524.326708,0,exact_coherence_below_minimum,-270524.326708,-270515.802198,-270471.044918,1
T03,confirm,low_positive_margin,sha256:f106ccd250e32654d7424a1e29988be892d1c992e3e88a1bd86d2b5fb15731be,-1,100419369,40.1684164,0,0,-270578.489211,-270611.73066,0,exact_coherence_below_minimum;even_odd_disagreement_above_maximum;tone_deletion_shift_above_maximum,-270611.73066,-270690.206498,-270513.032191,0
T03,confirm,low_positive_margin,sha256:f106ccd250e32654d7424a1e29988be892d1c992e3e88a1bd86d2b5fb15731be,-1,100422703,40.16975,0,0,-270578.489211,-270510.259889,0,exact_coherence_below_minimum,-270510.259889,-270602.490196,-270508.852141,0
T03,confirm,low_positive_margin,sha256:f106ccd250e32654d7424a1e29988be892d1c992e3e88a1bd86d2b5fb15731be,-1,100426036,40.1710832,0,0,-270578.489211,-270428.179157,0,exact_coherence_below_minimum;timing_spread_above_maximum,-270428.179157,-270350.032335,-270361.52385,1
T03,confirm,low_positive_margin,sha256:f106ccd250e32654d7424a1e29988be892d1c992e3e88a1bd86d2b5fb15731be,-1,100429369,40.1724164,0,0,-270578.489211,-270561.446555,0,exact_coherence_below_minimum;even_odd_disagreement_above_maximum,-270561.446555,-270617.661017,-270495.163455,0
T03,confirm,low_positive_margin,sha256:f106ccd250e32654d7424a1e29988be892d1c992e3e88a1bd86d2b5fb15731be,-1,100432703,40.17375,0,0,-270578.489211,-270716.163613,0,exact_coherence_below_minimum,-270716.163613,-270722.109085,-270701.505856,1
T03,confirm,low_positive_margin,sha256:f106ccd250e32654d7424a1e29988be892d1c992e3e88a1bd86d2b5fb15731be,-1,100436036,40.1750832,0,0,-270578.489211,-270637.819118,0,exact_coherence_below_minimum;even_odd_disagreement_above_maximum;tone_deletion_shift_above_maximum,-270637.819118,-270649.710253,-269189.230285,0
T03,confirm,low_positive_margin,sha256:f106ccd250e32654d7424a1e29988be892d1c992e3e88a1bd86d2b5fb15731be,-1,100439369,40.1764164,0,0,-270578.489211,-270625.667136,0,exact_coherence_below_minimum;even_odd_disagreement_above_maximum,-270625.667136,-270565.643915,-270716.125355,0
T03,confirm,low_positive_margin,sha256:f106ccd250e32654d7424a1e29988be892d1c992e3e88a1bd86d2b5fb15731be,-1,100442703,40.17775,0,0,-270578.489211,-270631.990531,0,exact_coherence_below_minimum;even_odd_disagreement_above_maximum;timing_spread_above_maximum,-270631.990531,-270704.439656,-271610.887103,0
T03,confirm,low_positive_margin,sha256:f106ccd250e32654d7424a1e29988be892d1c992e3e88a1bd86d2b5fb15731be,-1,100446036,40.1790832,0,0,-270578.489211,-270556.695877,0,exact_coherence_below_minimum;even_odd_disagreement_above_maximum;timing_spread_above_maximum,-270556.695877,-270457.252909,-270717.207995,1
T03,confirm,low_positive_margin,sha256:f106ccd250e32654d7424a1e29988be892d1c992e3e88a1bd86d2b5fb15731be,-1,100449369,40.1804164,0,0,-270578.489211,-270641.750847,0,exact_coherence_below_minimum,-270641.750847,-270614.08973,-270616.258564,1
T03,confirm,low_positive_margin,sha256:f106ccd250e32654d7424a1e29988be892d1c992e3e88a1bd86d2b5fb15731be,-1,100452703,40.18175,0,0,-270578.489211,-270635.5819,0,exact_coherence_below_minimum;even_odd_disagreement_above_maximum,-270635.5819,-270744.15257,-270450.705509,1
T03,confirm,low_positive_margin,sha256:f106ccd250e32654d7424a1e29988be892d1c992e3e88a1bd86d2b5fb15731be,-1,100456036,40.1830832,0,0,-270578.489211,-270714.366985,0,exact_coherence_below_minimum,-270714.366985,-270694.523301,-270716.954548,0
T03,confirm,low_positive_margin,sha256:f106ccd250e32654d7424a1e29988be892d1c992e3e88a1bd86d2b5fb15731be,-1,100459369,40.1844164,0,0,-270578.489211,-270730.330457,0,exact_coherence_below_minimum;even_odd_disagreement_above_maximum,-270730.330457,-270888.993969,-270651.656369,0
T03,confirm,low_positive_margin,sha256:f106ccd250e32654d7424a1e29988be892d1c992e3e88a1bd86d2b5fb15731be,-1,100462703,40.18575,0,0,-270578.489211,-270776.01178,0,exact_coherence_below_minimum,-270776.01178,-270703.175892,-270729.443152,0
T03,confirm,low_positive_margin,sha256:f106ccd250e32654d7424a1e29988be892d1c992e3e88a1bd86d2b5fb15731be,-1,100466036,40.1870832,0,0,-270578.489211,-270602.012918,0,exact_coherence_below_minimum;even_odd_disagreement_above_maximum;timing_spread_above_maximum,-270602.012918,-270580.870788,-272218.175477,0
T03,confirm,low_positive_margin,sha256:f106ccd250e32654d7424a1e29988be892d1c992e3e88a1bd86d2b5fb15731be,-1,100469369,40.1884164,0,0,-270578.489211,-270744.576723,0,exact_coherence_below_minimum;even_odd_disagreement_above_maximum,-270744.576723,-270784.608064,-270677.697588,1
T03,confirm,low_positive_margin,sha256:f106ccd250e32654d7424a1e29988be892d1c992e3e88a1bd86d2b5fb15731be,-1,100472703,40.18975,0,0,-270578.489211,-270759.5953,0,exact_coherence_below_minimum;timing_spread_above_maximum,-270759.5953,-270766.285281,-270775.115671,0
T03,confirm,low_positive_margin,sha256:f106ccd250e32654d7424a1e29988be892d1c992e3e88a1bd86d2b5fb15731be,-1,100476036,40.1910832,0,0,-270578.489211,-270775.007212,0,exact_coherence_below_minimum;even_odd_disagreement_above_maximum;tone_deletion_shift_above_maximum,-270775.007212,-270724.02793,-270836.895288,1
T03,confirm,low_positive_margin,sha256:f106ccd250e32654d7424a1e29988be892d1c992e3e88a1bd86d2b5fb15731be,-1,100479369,40.1924164,0,0,-270578.489211,-270726.796938,1,,-270726.796938,-270713.505902,-270734.192799,1
T03,confirm,low_positive_margin,sha256:f106ccd250e32654d7424a1e29988be892d1c992e3e88a1bd86d2b5fb15731be,-1,100482703,40.19375,0,0,-270578.489211,-270748.70774,0,exact_coherence_below_minimum;even_odd_disagreement_above_maximum;half_frame_difference_above_maximum,-270748.70774,-270834.350454,-272085.833117,1
T03,confirm,low_positive_margin,sha256:f106ccd250e32654d7424a1e29988be892d1c992e3e88a1bd86d2b5fb15731be,-1,100486036,40.1950832,0,0,-270578.489211,-270779.654084,0,exact_coherence_below_minimum;even_odd_disagreement_above_maximum,-270779.654084,-270660.451866,-270948.975882,0
T03,confirm,low_positive_margin,sha256:f106ccd250e32654d7424a1e29988be892d1c992e3e88a1bd86d2b5fb15731be,-1,100489369,40.1964164,0,0,-270578.489211,-270712.976201,0,exact_coherence_below_minimum;half_frame_difference_above_maximum,-270712.976201,-270686.942081,-270704.341555,1
T03,confirm,low_positive_margin,sha256:f106ccd250e32654d7424a1e29988be892d1c992e3e88a1bd86d2b5fb15731be,-1,100492703,40.19775,0,0,-270578.489211,-270627.883525,0,exact_coherence_below_minimum;even_odd_disagreement_above_maximum;timing_spread_above_maximum,-270627.883525,-272191.806665,-270648.128286,0
T03,confirm,low_positive_margin,sha256:f106ccd250e32654d7424a1e29988be892d1c992e3e88a1bd86d2b5fb15731be,-1,100496036,40.1990832,0,0,-270578.489211,-270635.271468,0,exact_coherence_below_minimum;even_odd_disagreement_above_maximum;timing_spread_above_maximum,-270635.271468,-270665.126556,-270556.408547,0
T03,confirm,low_positive_margin,sha256:f106ccd250e32654d7424a1e29988be892d1c992e3e88a1bd86d2b5fb15731be,-1,100499369,40.2004164,0,0,-270578.489211,-270733.017918,0,exact_coherence_below_minimum,-270733.017918,-270779.577397,-270729.118111,1
T03,confirm,low_positive_margin,sha256:f106ccd250e32654d7424a1e29988be892d1c992e3e88a1bd86d2b5fb15731be,-1,100502703,40.20175,0,0,-270578.489211,-270799.397653,0,exact_coherence_below_minimum;even_odd_disagreement_above_maximum;timing_spread_above_maximum,-270799.397653,-270843.684658,-268578.489211,0
T03,confirm,low_positive_margin,sha256:f106ccd250e32654d7424a1e29988be892d1c992e3e88a1bd86d2b5fb15731be,-1,100506036,40.2030832,0,0,-270578.489211,-270702.644891,0,exact_coherence_below_minimum;even_odd_disagreement_above_maximum,-270702.644891,-270810.542024,-270637.390624,1
T03,confirm,low_positive_margin,sha256:f106ccd250e32654d7424a1e29988be892d1c992e3e88a1bd86d2b5fb15731be,-1,100509369,40.2044164,0,0,-270578.489211,-270695.512696,0,exact_coherence_below_minimum,-270695.512696,-270690.073274,-270708.112654,0
T03,confirm,low_positive_margin,sha256:f106ccd250e32654d7424a1e29988be892d1c992e3e88a1bd86d2b5fb15731be,-1,100512703,40.20575,0,0,-270578.489211,-270472.5992,0,exact_coherence_below_minimum;coherence_margin_below_minimum;even_odd_disagreement_above_maximum;timing_spread_above_maximum,-275991.00805,-269051.912862,-270501.137804,0
T03,confirm,low_positive_margin,sha256:f106ccd250e32654d7424a1e29988be892d1c992e3e88a1bd86d2b5fb15731be,-1,100516036,40.2070832,0,0,-270578.489211,-270738.70485,0,exact_coherence_below_minimum;timing_spread_above_maximum,-270738.70485,-270778.534495,-270748.452459,0
T03,confirm,low_positive_margin,sha256:f106ccd250e32654d7424a1e29988be892d1c992e3e88a1bd86d2b5fb15731be,-1,100519369,40.2084164,0,0,-270578.489211,-270778.231906,0,exact_coherence_below_minimum;even_odd_disagreement_above_maximum;timing_spread_above_maximum;half_frame_difference_above_maximum,-270778.231906,-270856.414595,-271001.482035,0
T03,confirm,low_positive_margin,sha256:f106ccd250e32654d7424a1e29988be892d1c992e3e88a1bd86d2b5fb15731be,-1,100522703,40.20975,0,0,-270578.489211,-270667.284709,0,exact_coherence_below_minimum;even_odd_disagreement_above_maximum;timing_spread_above_maximum;tone_deletion_shift_above_maximum,-270667.284709,-270548.536714,-272142.715613,0
T03,confirm,low_positive_margin,sha256:f106ccd250e32654d7424a1e29988be892d1c992e3e88a1bd86d2b5fb15731be,-1,100526036,40.2110832,0,0,-270578.489211,-270691.769415,0,exact_coherence_below_minimum;even_odd_disagreement_above_maximum,-270691.769415,-270620.626626,-270775.521878,0
T03,confirm,low_positive_margin,sha256:f106ccd250e32654d7424a1e29988be892d1c992e3e88a1bd86d2b5fb15731be,-1,100529369,40.2124164,0,0,-270578.489211,-270690.6939,0,exact_coherence_below_minimum,-270690.6939,-270716.484798,-270762.382128,1
T03,confirm,low_positive_margin,sha256:f106ccd250e32654d7424a1e29988be892d1c992e3e88a1bd86d2b5fb15731be,-1,100532703,40.21375,0,0,-270578.489211,-270655.328499,0,exact_coherence_below_minimum;even_odd_disagreement_above_maximum;timing_spread_above_maximum,-270655.328499,-270676.566148,-269611.317353,1
T03,confirm,low_positive_margin,sha256:f106ccd250e32654d7424a1e29988be892d1c992e3e88a1bd86d2b5fb15731be,-1,100536036,40.2150832,0,0,-270578.489211,-270692.943305,0,exact_coherence_below_minimum;even_odd_disagreement_above_maximum,-270692.943305,-270786.922458,-270632.139508,0
T03,confirm,low_positive_margin,sha256:f106ccd250e32654d7424a1e29988be892d1c992e3e88a1bd86d2b5fb15731be,-1,100539369,40.2164164,0,0,-270578.489211,-270781.711129,0,exact_coherence_below_minimum;timing_spread_above_maximum,-270781.711129,-270828.422102,-270738.382496,1
T03,confirm,low_positive_margin,sha256:f106ccd250e32654d7424a1e29988be892d1c992e3e88a1bd86d2b5fb15731be,-1,100542703,40.21775,0,0,-270578.489211,-270677.865493,0,exact_coherence_below_minimum;even_odd_disagreement_above_maximum,-270677.865493,-270652.610826,-270765.34372,0
T03,confirm,low_positive_margin,sha256:f106ccd250e32654d7424a1e29988be892d1c992e3e88a1bd86d2b5fb15731be,-1,100546036,40.2190832,0,0,-270578.489211,-270811.695584,0,exact_coherence_below_minimum;even_odd_disagreement_above_maximum;timing_spread_above_maximum,-270811.695584,-270797.163274,-270937.590084,0
T03,confirm,low_positive_margin,sha256:f106ccd250e32654d7424a1e29988be892d1c992e3e88a1bd86d2b5fb15731be,-1,100549369,40.2204164,0,0,-270578.489211,-270738.73997,0,exact_coherence_below_minimum;even_odd_disagreement_above_maximum,-270738.73997,-270785.843729,-271530.157509,1
T03,confirm,low_positive_margin,sha256:f106ccd250e32654d7424a1e29988be892d1c992e3e88a1bd86d2b5fb15731be,-1,100552703,40.22175,0,0,-270578.489211,-270760.797424,0,exact_coherence_below_minimum;even_odd_disagreement_above_maximum;timing_spread_above_maximum,-270760.797424,-270740.748953,-269541.037921,0
T03,confirm,low_positive_margin,sha256:f106ccd250e32654d7424a1e29988be892d1c992e3e88a1bd86d2b5fb15731be,-1,100556036,40.2230832,0,0,-270578.489211,-270751.208828,0,exact_coherence_below_minimum;even_odd_disagreement_above_maximum,-270751.208828,-268623.10535,-270731.605029,0
T03,confirm,low_positive_margin,sha256:f106ccd250e32654d7424a1e29988be892d1c992e3e88a1bd86d2b5fb15731be,-1,100559369,40.2244164,0,0,-270578.489211,-270761.868639,0,exact_coherence_below_minimum,-270761.868639,-270788.470208,-270803.224887,1
T03,confirm,middle_median_margin,sha256:f106ccd250e32654d7424a1e29988be892d1c992e3e88a1bd86d2b5fb15731be,-1,95750876,38.3010192,1,0,-260842.664244,-260773.313295,0,exact_coherence_below_minimum;even_odd_disagreement_above_maximum;half_frame_difference_above_maximum,-260773.313295,-260867.796398,-258959.756606,0
T03,confirm,middle_median_margin,sha256:f106ccd250e32654d7424a1e29988be892d1c992e3e88a1bd86d2b5fb15731be,-1,95754209,38.3023524,1,0,-260842.664244,-260742.668473,0,exact_coherence_below_minimum;even_odd_disagreement_above_maximum;timing_spread_above_maximum;half_frame_difference_above_maximum;tone_deletion_shift_above_maximum,-260742.668473,-259882.593601,-259621.649695,0
T03,confirm,middle_median_margin,sha256:f106ccd250e32654d7424a1e29988be892d1c992e3e88a1bd86d2b5fb15731be,-1,95757543,38.303686,1,0,-260842.664244,-261144.718028,0,exact_coherence_below_minimum;coherence_margin_below_minimum;timing_spread_above_maximum;tone_deletion_shift_above_maximum,-254956.490189,-262147.32921,-262050.668705,0
T03,confirm,middle_median_margin,sha256:f106ccd250e32654d7424a1e29988be892d1c992e3e88a1bd86d2b5fb15731be,-1,95760876,38.3050192,1,0,-260842.664244,-260823.0235,0,exact_coherence_below_minimum;even_odd_disagreement_above_maximum,-260823.0235,-260739.243717,-260892.957316,0
T03,confirm,middle_median_margin,sha256:f106ccd250e32654d7424a1e29988be892d1c992e3e88a1bd86d2b5fb15731be,-1,95764209,38.3063524,1,0,-260842.664244,-260861.505606,0,exact_coherence_below_minimum;even_odd_disagreement_above_maximum;tone_deletion_shift_above_maximum,-260861.505606,-260666.585583,-260838.292417,0
T03,confirm,middle_median_margin,sha256:f106ccd250e32654d7424a1e29988be892d1c992e3e88a1bd86d2b5fb15731be,-1,95767543,38.307686,1,0,-260842.664244,-260598.723719,0,exact_coherence_below_minimum;timing_spread_above_maximum;tone_deletion_shift_above_maximum,-260598.723719,-260587.328706,-260495.978609,0
T03,confirm,middle_median_margin,sha256:f106ccd250e32654d7424a1e29988be892d1c992e3e88a1bd86d2b5fb15731be,-1,95770876,38.3090192,1,0,-260842.664244,-260847.21658,0,exact_coherence_below_minimum;even_odd_disagreement_above_maximum,-260847.21658,-260699.189789,-260850.50963,0
T03,confirm,middle_median_margin,sha256:f106ccd250e32654d7424a1e29988be892d1c992e3e88a1bd86d2b5fb15731be,-1,95774209,38.3103524,1,0,-260842.664244,-260878.990195,0,exact_coherence_below_minimum;even_odd_disagreement_above_maximum;timing_spread_above_maximum;half_frame_difference_above_maximum;tone_deletion_shift_above_maximum,-260878.990195,-260002.746457,-260906.415893,0
T03,confirm,middle_median_margin,sha256:f106ccd250e32654d7424a1e29988be892d1c992e3e88a1bd86d2b5fb15731be,-1,95777543,38.311686,1,0,-260842.664244,-261044.905415,0,exact_coherence_below_minimum;even_odd_disagreement_above_maximum;timing_spread_above_maximum;half_frame_difference_above_maximum;tone_deletion_shift_above_maximum,-261044.905415,-262044.24431,-260001.880569,0
T03,confirm,middle_median_margin,sha256:f106ccd250e32654d7424a1e29988be892d1c992e3e88a1bd86d2b5fb15731be,-1,95780876,38.3130192,1,0,-260842.664244,-260914.571112,0,exact_coherence_below_minimum;even_odd_disagreement_above_maximum,-260914.571112,-260914.691946,-260798.583738,0
T03,confirm,middle_median_margin,sha256:f106ccd250e32654d7424a1e29988be892d1c992e3e88a1bd86d2b5fb15731be,-1,95784209,38.3143524,1,0,-260842.664244,-260804.259136,0,exact_coherence_below_minimum;even_odd_disagreement_above_maximum;timing_spread_above_maximum;tone_deletion_shift_above_maximum,-260804.259136,-260926.045444,-260452.477329,0
T03,confirm,middle_median_margin,sha256:f106ccd250e32654d7424a1e29988be892d1c992e3e88a1bd86d2b5fb15731be,-1,95787543,38.315686,1,0,-260842.664244,-260776.960205,0,exact_coherence_below_minimum;even_odd_disagreement_above_maximum;timing_spread_above_maximum;tone_deletion_shift_above_maximum,-260776.960205,-260752.149317,-259904.861208,0
T03,confirm,middle_median_margin,sha256:f106ccd250e32654d7424a1e29988be892d1c992e3e88a1bd86d2b5fb15731be,-1,95790876,38.3170192,1,0,-260842.664244,-260933.01725,0,exact_coherence_below_minimum;even_odd_disagreement_above_maximum;half_frame_difference_above_maximum;tone_deletion_shift_above_maximum,-260933.01725,-260930.768601,-261962.614655,0
T03,confirm,middle_median_margin,sha256:f106ccd250e32654d7424a1e29988be892d1c992e3e88a1bd86d2b5fb15731be,-1,95794209,38.3183524,1,0,-260842.664244,-261052.203323,0,exact_coherence_below_minimum;even_odd_disagreement_above_maximum;timing_spread_above_maximum,-261052.203323,-261094.037507,-260976.251336,0
T03,confirm,middle_median_margin,sha256:f106ccd250e32654d7424a1e29988be892d1c992e3e88a1bd86d2b5fb15731be,-1,95797543,38.319686,1,0,-260842.664244,-260867.891361,0,exact_coherence_below_minimum;even_odd_disagreement_above_maximum;timing_spread_above_maximum;half_frame_difference_above_maximum,-260867.891361,-260773.717771,-260972.927505,0
T03,confirm,middle_median_margin,sha256:f106ccd250e32654d7424a1e29988be892d1c992e3e88a1bd86d2b5fb15731be,-1,95800876,38.3210192,1,0,-260842.664244,-261116.838355,0,exact_coherence_below_minimum;half_frame_difference_above_maximum,-261116.838355,-261081.345988,-261112.380232,0
T03,confirm,middle_median_margin,sha256:f106ccd250e32654d7424a1e29988be892d1c992e3e88a1bd86d2b5fb15731be,-1,95804209,38.3223524,1,0,-260842.664244,-260970.404629,0,exact_coherence_below_minimum;even_odd_disagreement_above_maximum;half_frame_difference_above_maximum;tone_deletion_shift_above_maximum,-260970.404629,-259632.178328,-261004.0001,0
T03,confirm,middle_median_margin,sha256:f106ccd250e32654d7424a1e29988be892d1c992e3e88a1bd86d2b5fb15731be,-1,95807543,38.323686,1,0,-260842.664244,-260984.946781,0,exact_coherence_below_minimum,-260984.946781,-261031.399226,-260989.119838,0
T03,confirm,middle_median_margin,sha256:f106ccd250e32654d7424a1e29988be892d1c992e3e88a1bd86d2b5fb15731be,-1,95810876,38.3250192,1,0,-260842.664244,-260830.356577,0,exact_coherence_below_minimum;coherence_margin_below_minimum;even_odd_disagreement_above_maximum;timing_spread_above_maximum;half_frame_difference_above_maximum;tone_deletion_shift_above_maximum,-260830.356577,-260952.475535,-260442.414274,0
T03,confirm,middle_median_margin,sha256:f106ccd250e32654d7424a1e29988be892d1c992e3e88a1bd86d2b5fb15731be,-1,95814209,38.3263524,1,0,-260842.664244,-260672.64013,0,exact_coherence_below_minimum;even_odd_disagreement_above_maximum;timing_spread_above_maximum;half_frame_difference_above_maximum;tone_deletion_shift_above_maximum,-260672.64013,-261138.014285,-260819.192024,0
T03,confirm,middle_median_margin,sha256:f106ccd250e32654d7424a1e29988be892d1c992e3e88a1bd86d2b5fb15731be,-1,95817543,38.327686,1,0,-260842.664244,-260929.580565,0,exact_coherence_below_minimum,-260929.580565,-261034.488275,-260978.02194,0
T03,confirm,middle_median_margin,sha256:f106ccd250e32654d7424a1e29988be892d1c992e3e88a1bd86d2b5fb15731be,-1,95820876,38.3290192,1,0,-260842.664244,-260998.526206,0,exact_coherence_below_minimum;even_odd_disagreement_above_maximum;timing_spread_above_maximum;half_frame_difference_above_maximum;tone_deletion_shift_above_maximum,-260998.526206,-260843.879154,-261094.298909,0
T03,confirm,middle_median_margin,sha256:f106ccd250e32654d7424a1e29988be892d1c992e3e88a1bd86d2b5fb15731be,-1,95824209,38.3303524,1,0,-260842.664244,-260931.820937,0,exact_coherence_below_minimum;even_odd_disagreement_above_maximum;timing_spread_above_maximum,-260931.820937,-260804.613679,-260968.914181,0
T03,confirm,middle_median_margin,sha256:f106ccd250e32654d7424a1e29988be892d1c992e3e88a1bd86d2b5fb15731be,-1,95827543,38.331686,1,0,-260842.664244,-261086.047701,0,exact_coherence_below_minimum;coherence_margin_below_minimum;timing_spread_above_maximum;tone_deletion_shift_above_maximum,-254986.209359,-260911.950098,-260923.024728,0
T03,confirm,middle_median_margin,sha256:f106ccd250e32654d7424a1e29988be892d1c992e3e88a1bd86d2b5fb15731be,-1,95830876,38.3330192,1,0,-260842.664244,-260999.916197,0,exact_coherence_below_minimum;coherence_margin_below_minimum;even_odd_disagreement_above_maximum;timing_spread_above_maximum;half_frame_difference_above_maximum,-260999.916197,-258842.664244,-260934.151724,0
T03,confirm,middle_median_margin,sha256:f106ccd250e32654d7424a1e29988be892d1c992e3e88a1bd86d2b5fb15731be,-1,95834209,38.3343524,1,0,-260842.664244,-260745.614485,0,exact_coherence_below_minimum;even_odd_disagreement_above_maximum;timing_spread_above_maximum,-260745.614485,-259827.251576,-260644.226992,0
T03,confirm,middle_median_margin,sha256:f106ccd250e32654d7424a1e29988be892d1c992e3e88a1bd86d2b5fb15731be,-1,95837543,38.335686,1,0,-260842.664244,-261074.572145,0,exact_coherence_below_minimum;even_odd_disagreement_above_maximum;timing_spread_above_maximum;tone_deletion_shift_above_maximum,-261074.572145,-260164.824209,-261247.2782,0
T03,confirm,middle_median_margin,sha256:f106ccd250e32654d7424a1e29988be892d1c992e3e88a1bd86d2b5fb15731be,-1,95840876,38.3370192,1,0,-260842.664244,-260880.465453,0,exact_coherence_below_minimum;timing_spread_above_maximum;half_frame_difference_above_maximum;tone_deletion_shift_above_maximum,-260880.465453,-260928.51276,-260928.772632,0
T03,confirm,middle_median_margin,sha256:f106ccd250e32654d7424a1e29988be892d1c992e3e88a1bd86d2b5fb15731be,-1,95844209,38.3383524,1,0,-260842.664244,-260869.547076,0,exact_coherence_below_minimum;even_odd_disagreement_above_maximum;half_frame_difference_above_maximum,-260869.547076,-260983.628025,-261853.251537,0
T03,confirm,middle_median_margin,sha256:f106ccd250e32654d7424a1e29988be892d1c992e3e88a1bd86d2b5fb15731be,-1,95847543,38.339686,1,0,-260842.664244,-260867.447985,0,exact_coherence_below_minimum,-260867.447985,-260918.560165,-260854.315782,0
T03,confirm,middle_median_margin,sha256:f106ccd250e32654d7424a1e29988be892d1c992e3e88a1bd86d2b5fb15731be,-1,95850876,38.3410192,1,0,-260842.664244,-260897.350153,0,exact_coherence_below_minimum;timing_spread_above_maximum,-260897.350153,-260954.795823,-260965.295477,0
T03,confirm,middle_median_margin,sha256:f106ccd250e32654d7424a1e29988be892d1c992e3e88a1bd86d2b5fb15731be,-1,95854209,38.3423524,1,0,-260842.664244,-260972.697805,0,exact_coherence_below_minimum;even_odd_disagreement_above_maximum;tone_deletion_shift_above_maximum,-260972.697805,-258842.664244,-261001.785816,0
T03,confirm,middle_median_margin,sha256:f106ccd250e32654d7424a1e29988be892d1c992e3e88a1bd86d2b5fb15731be,-1,95857543,38.343686,1,0,-260842.664244,-260958.502049,0,exact_coherence_below_minimum;even_odd_disagreement_above_maximum;tone_deletion_shift_above_maximum,-260958.502049,-260816.807436,-261122.015276,0
T03,confirm,middle_median_margin,sha256:f106ccd250e32654d7424a1e29988be892d1c992e3e88a1bd86d2b5fb15731be,-1,95860876,38.3450192,1,0,-260842.664244,-260880.943941,0,exact_coherence_below_minimum;even_odd_disagreement_above_maximum,-260880.943941,-260956.262859,-260844.592688,0
T03,confirm,middle_median_margin,sha256:f106ccd250e32654d7424a1e29988be892d1c992e3e88a1bd86d2b5fb15731be,-1,95864209,38.3463524,1,0,-260842.664244,-261143.085867,0,exact_coherence_below_minimum;timing_spread_above_maximum;tone_deletion_shift_above_maximum,-261143.085867,-259531.559964,-259514.671837,0
T03,confirm,middle_median_margin,sha256:f106ccd250e32654d7424a1e29988be892d1c992e3e88a1bd86d2b5fb15731be,-1,95867543,38.347686,1,0,-260842.664244,-261189.323608,0,exact_coherence_below_minimum;coherence_margin_below_minimum;even_odd_disagreement_above_maximum;timing_spread_above_maximum;tone_deletion_shift_above_maximum,-261189.323608,-261337.757569,-261116.207054,0
T03,confirm,middle_median_margin,sha256:f106ccd250e32654d7424a1e29988be892d1c992e3e88a1bd86d2b5fb15731be,-1,95870876,38.3490192,1,0,-260842.664244,-261007.200829,0,exact_coherence_below_minimum;even_odd_disagreement_above_maximum,-261007.200829,-261138.820898,-262454.909353,0
T03,confirm,middle_median_margin,sha256:f106ccd250e32654d7424a1e29988be892d1c992e3e88a1bd86d2b5fb15731be,-1,95874209,38.3503524,1,0,-260842.664244,-260891.464346,0,exact_coherence_below_minimum,-260891.464346,-260936.824102,-260894.266861,0
T03,confirm,middle_median_margin,sha256:f106ccd250e32654d7424a1e29988be892d1c992e3e88a1bd86d2b5fb15731be,-1,95877543,38.351686,1,0,-260842.664244,-261091.117577,0,exact_coherence_below_minimum,-261091.117577,-261173.711038,-261152.540091,0
T03,confirm,middle_median_margin,sha256:f106ccd250e32654d7424a1e29988be892d1c992e3e88a1bd86d2b5fb15731be,-1,95880876,38.3530192,1,0,-260842.664244,-260894.155827,0,exact_coherence_below_minimum;even_odd_disagreement_above_maximum;timing_spread_above_maximum;tone_deletion_shift_above_maximum,-260894.155827,-260806.500052,-261011.82907,0
T03,confirm,middle_median_margin,sha256:f106ccd250e32654d7424a1e29988be892d1c992e3e88a1bd86d2b5fb15731be,-1,95884209,38.3543524,1,0,-260842.664244,-261130.428832,0,exact_coherence_below_minimum;even_odd_disagreement_above_maximum;half_frame_difference_above_maximum,-261130.428832,-261228.831499,-261100.475433,0
T03,confirm,middle_median_margin,sha256:f106ccd250e32654d7424a1e29988be892d1c992e3e88a1bd86d2b5fb15731be,-1,95887543,38.355686,1,0,-260842.664244,-261032.300516,0,exact_coherence_below_minimum;even_odd_disagreement_above_maximum;timing_spread_above_maximum,-261032.300516,-260921.722402,-261130.173643,0
T03,confirm,middle_median_margin,sha256:f106ccd250e32654d7424a1e29988be892d1c992e3e88a1bd86d2b5fb15731be,-1,95890876,38.3570192,1,0,-260842.664244,-260991.17812,0,exact_coherence_below_minimum;even_odd_disagreement_above_maximum,-260991.17812,-261045.344781,-260916.584843,1
T03,confirm,middle_median_margin,sha256:f106ccd250e32654d7424a1e29988be892d1c992e3e88a1bd86d2b5fb15731be,-1,95894209,38.3583524,1,0,-260842.664244,-260896.369523,0,exact_coherence_below_minimum,-260896.369523,-260905.305892,-260927.244187,0
T03,confirm,middle_median_margin,sha256:f106ccd250e32654d7424a1e29988be892d1c992e3e88a1bd86d2b5fb15731be,-1,95897543,38.359686,1,0,-260842.664244,-260957.236663,0,exact_coherence_below_minimum;even_odd_disagreement_above_maximum;tone_deletion_shift_above_maximum,-260957.236663,-260916.40705,-260160.734737,0
T03,confirm,middle_median_margin,sha256:f106ccd250e32654d7424a1e29988be892d1c992e3e88a1bd86d2b5fb15731be,-1,95900876,38.3610192,1,0,-260842.664244,-261112.229592,0,exact_coherence_below_minimum;even_odd_disagreement_above_maximum,-261112.229592,-261158.202782,-261055.085011,0
T03,confirm,middle_median_margin,sha256:f106ccd250e32654d7424a1e29988be892d1c992e3e88a1bd86d2b5fb15731be,-1,95904209,38.3623524,1,0,-260842.664244,-261080.988079,0,exact_coherence_below_minimum;even_odd_disagreement_above_maximum;timing_spread_above_maximum,-261080.988079,-262179.916374,-259110.015454,0
T03,confirm,middle_median_margin,sha256:f106ccd250e32654d7424a1e29988be892d1c992e3e88a1bd86d2b5fb15731be,-1,95907543,38.363686,1,0,-260842.664244,-261143.641843,0,exact_coherence_below_minimum,-261143.641843,-261125.864375,-261125.859156,1
T03,confirm,middle_median_margin,sha256:f106ccd250e32654d7424a1e29988be892d1c992e3e88a1bd86d2b5fb15731be,-1,95910876,38.3650192,1,0,-260842.664244,-261238.439764,0,exact_coherence_below_minimum;timing_spread_above_maximum,-261238.439764,-261183.033596,-261270.340643,0
T03,confirm,middle_median_margin,sha256:f106ccd250e32654d7424a1e29988be892d1c992e3e88a1bd86d2b5fb15731be,-1,95914209,38.3663524,1,0,-260842.664244,-261162.959159,0,exact_coherence_below_minimum,-261162.959159,-261145.024544,-261113.785536,1
T03,confirm,middle_median_margin,sha256:f106ccd250e32654d7424a1e29988be892d1c992e3e88a1bd86d2b5fb15731be,-1,95917543,38.367686,1,0,-260842.664244,-261212.796926,0,exact_coherence_below_minimum;even_odd_disagreement_above_maximum;timing_spread_above_maximum;half_frame_difference_above_maximum;tone_deletion_shift_above_maximum,-261212.796926,-262259.322922,-260929.878148,0
T03,confirm,middle_median_margin,sha256:f106ccd250e32654d7424a1e29988be892d1c992e3e88a1bd86d2b5fb15731be,-1,95920876,38.3690192,1,0,-260842.664244,-261048.987913,0,exact_coherence_below_minimum;even_odd_disagreement_above_maximum;half_frame_difference_above_maximum;tone_deletion_shift_above_maximum,-261048.987913,-260944.17805,-259105.253611,0
T03,confirm,middle_median_margin,sha256:f106ccd250e32654d7424a1e29988be892d1c992e3e88a1bd86d2b5fb15731be,-1,95924209,38.3703524,1,0,-260842.664244,-261144.32055,0,exact_coherence_below_minimum,-261144.32055,-261084.327508,-261126.801082,0
T03,confirm,middle_median_margin,sha256:f106ccd250e32654d7424a1e29988be892d1c992e3e88a1bd86d2b5fb15731be,-1,95927543,38.371686,1,0,-260842.664244,-261166.161366,0,exact_coherence_below_minimum;even_odd_disagreement_above_maximum,-261166.161366,-261245.617806,-261687.065968,0
T03,confirm,middle_median_margin,sha256:f106ccd250e32654d7424a1e29988be892d1c992e3e88a1bd86d2b5fb15731be,-1,95930876,38.3730192,1,0,-260842.664244,-261166.480581,0,exact_coherence_below_minimum;even_odd_disagreement_above_maximum;timing_spread_above_maximum;tone_deletion_shift_above_maximum,-261166.480581,-261138.734874,-259833.46313,0
T03,confirm,middle_median_margin,sha256:f106ccd250e32654d7424a1e29988be892d1c992e3e88a1bd86d2b5fb15731be,-1,95934209,38.3743524,1,0,-260842.664244,-261327.363199,0,exact_coherence_below_minimum;even_odd_disagreement_above_maximum;half_frame_difference_above_maximum,-261327.363199,-261331.366145,-261203.846329,0
T03,confirm,refill_boundary,sha256:f106ccd250e32654d7424a1e29988be892d1c992e3e88a1bd86d2b5fb15731be,-1,96375740,38.5509648,0,0,-262068.410348,-262069.528542,0,exact_coherence_below_minimum;timing_spread_above_maximum,-262069.528542,-262070.275265,-262146.298069,0
T03,confirm,refill_boundary,sha256:f106ccd250e32654d7424a1e29988be892d1c992e3e88a1bd86d2b5fb15731be,-1,96379073,38.552298,0,0,-262068.410348,-262062.186394,0,exact_coherence_below_minimum;even_odd_disagreement_above_maximum,-262062.186394,-262100.451474,-261933.392318,0
T03,confirm,refill_boundary,sha256:f106ccd250e32654d7424a1e29988be892d1c992e3e88a1bd86d2b5fb15731be,-1,96382407,38.5536316,0,0,-262068.410348,-262036.877151,0,exact_coherence_below_minimum;even_odd_disagreement_above_maximum;timing_spread_above_maximum,-262036.877151,-262048.393087,-262877.607508,1
T03,confirm,refill_boundary,sha256:f106ccd250e32654d7424a1e29988be892d1c992e3e88a1bd86d2b5fb15731be,-1,96385740,38.5549648,0,0,-262068.410348,-262142.792153,0,exact_coherence_below_minimum;even_odd_disagreement_above_maximum,-262142.792153,-262043.965143,-262230.455093,0
T03,confirm,refill_boundary,sha256:f106ccd250e32654d7424a1e29988be892d1c992e3e88a1bd86d2b5fb15731be,-1,96389073,38.556298,0,0,-262068.410348,-261969.026372,0,exact_coherence_below_minimum;half_frame_difference_above_maximum,-261969.026372,-261957.707025,-261896.588802,1
T03,confirm,refill_boundary,sha256:f106ccd250e32654d7424a1e29988be892d1c992e3e88a1bd86d2b5fb15731be,-1,96392407,38.5576316,0,0,-262068.410348,-262021.959903,0,exact_coherence_below_minimum;even_odd_disagreement_above_maximum;timing_spread_above_maximum;half_frame_difference_above_maximum;tone_deletion_shift_above_maximum,-262021.959903,-261873.6088,-262255.144105,0
T03,confirm,refill_boundary,sha256:f106ccd250e32654d7424a1e29988be892d1c992e3e88a1bd86d2b5fb15731be,-1,96395740,38.5589648,0,0,-262068.410348,-262073.595902,0,exact_coherence_below_minimum;even_odd_disagreement_above_maximum,-262073.595902,-261933.698871,-262209.535108,0
T03,confirm,refill_boundary,sha256:f106ccd250e32654d7424a1e29988be892d1c992e3e88a1bd86d2b5fb15731be,-1,96399073,38.560298,0,0,-262068.410348,-262045.648558,0,exact_coherence_below_minimum;even_odd_disagreement_above_maximum;timing_spread_above_maximum;half_frame_difference_above_maximum;tone_deletion_shift_above_maximum,-262045.648558,-261949.035296,-263558.954776,0
T03,confirm,refill_boundary,sha256:f106ccd250e32654d7424a1e29988be892d1c992e3e88a1bd86d2b5fb15731be,-1,96402407,38.5616316,0,0,-262068.410348,-262194.717922,0,exact_coherence_below_minimum;coherence_margin_below_minimum;even_odd_disagreement_above_maximum;timing_spread_above_maximum;tone_deletion_shift_above_maximum,-262194.717922,-261996.415833,-262266.865107,0
T03,confirm,refill_boundary,sha256:f106ccd250e32654d7424a1e29988be892d1c992e3e88a1bd86d2b5fb15731be,-1,96405740,38.5629648,0,0,-262068.410348,-262160.902555,0,exact_coherence_below_minimum;timing_spread_above_maximum;tone_deletion_shift_above_maximum,-262160.902555,-262202.931384,-262144.893747,0
T03,confirm,refill_boundary,sha256:f106ccd250e32654d7424a1e29988be892d1c992e3e88a1bd86d2b5fb15731be,-1,96409073,38.564298,0,0,-262068.410348,-262014.780406,0,exact_coherence_below_minimum;even_odd_disagreement_above_maximum;timing_spread_above_maximum,-262014.780406,-262133.90365,-261888.770529,0
T03,confirm,refill_boundary,sha256:f106ccd250e32654d7424a1e29988be892d1c992e3e88a1bd86d2b5fb15731be,-1,96412407,38.5656316,0,0,-262068.410348,-262297.297767,0,exact_coherence_below_minimum;even_odd_disagreement_above_maximum;timing_spread_above_maximum;tone_deletion_shift_above_maximum,-258747.708854,-262133.345131,-260896.941599,0
T03,confirm,refill_boundary,sha256:f106ccd250e32654d7424a1e29988be892d1c992e3e88a1bd86d2b5fb15731be,-1,96415740,38.5669648,0,0,-262068.410348,-261921.379942,0,exact_coherence_below_minimum;even_odd_disagreement_above_maximum,-261921.379942,-261730.393294,-261974.056267,0
T03,confirm,refill_boundary,sha256:f106ccd250e32654d7424a1e29988be892d1c992e3e88a1bd86d2b5fb15731be,-1,96419073,38.568298,0,0,-262068.410348,-262089.176829,0,exact_coherence_below_minimum;even_odd_disagreement_above_maximum;timing_spread_above_maximum;half_frame_difference_above_maximum;tone_deletion_shift_above_maximum,-262089.176829,-262204.198632,-261948.364072,0
T03,confirm,refill_boundary,sha256:f106ccd250e32654d7424a1e29988be892d1c992e3e88a1bd86d2b5fb15731be,-1,96422407,38.5696316,0,0,-262068.410348,-262061.933709,0,exact_coherence_below_minimum;even_odd_disagreement_above_maximum;timing_spread_above_maximum,-262061.933709,-262025.065718,-263201.226138,0
T03,confirm,refill_boundary,sha256:f106ccd250e32654d7424a1e29988be892d1c992e3e88a1bd86d2b5fb15731be,-1,96425740,38.5709648,0,0,-262068.410348,-262295.51136,0,exact_coherence_below_minimum;even_odd_disagreement_above_maximum;timing_spread_above_maximum;tone_deletion_shift_above_maximum,-262295.51136,-262342.30894,-262449.907986,0
T03,confirm,refill_boundary,sha256:f106ccd250e32654d7424a1e29988be892d1c992e3e88a1bd86d2b5fb15731be,-1,96429073,38.572298,0,0,-262068.410348,-262042.279635,0,exact_coherence_below_minimum;even_odd_disagreement_above_maximum;timing_spread_above_maximum;half_frame_difference_above_maximum;tone_deletion_shift_above_maximum,-257271.888009,-260666.215009,-262097.640163,0
T03,confirm,refill_boundary,sha256:f106ccd250e32654d7424a1e29988be892d1c992e3e88a1bd86d2b5fb15731be,-1,96432407,38.5736316,0,0,-262068.410348,-262105.367456,0,exact_coherence_below_minimum;even_odd_disagreement_above_maximum,-262105.367456,-262048.609943,-262470.765468,0
T03,confirm,refill_boundary,sha256:f106ccd250e32654d7424a1e29988be892d1c992e3e88a1bd86d2b5fb15731be,-1,96435740,38.5749648,0,0,-262068.410348,-262191.018048,0,exact_coherence_below_minimum;even_odd_disagreement_above_maximum,-262191.018048,-262227.377068,-260551.502653,0
T03,confirm,refill_boundary,sha256:f106ccd250e32654d7424a1e29988be892d1c992e3e88a1bd86d2b5fb15731be,-1,96439073,38.576298,0,0,-262068.410348,-262178.430687,0,exact_coherence_below_minimum;even_odd_disagreement_above_maximum,-262178.430687,-262389.769058,-262126.39329,0
T03,confirm,refill_boundary,sha256:f106ccd250e32654d7424a1e29988be892d1c992e3e88a1bd86d2b5fb15731be,-1,96442407,38.5776316,0,0,-262068.410348,-262153.258515,0,exact_coherence_below_minimum;even_odd_disagreement_above_maximum;timing_spread_above_maximum;half_frame_difference_above_maximum;tone_deletion_shift_above_maximum,-262153.258515,-260400.963946,-262149.740814,0
T03,confirm,refill_boundary,sha256:f106ccd250e32654d7424a1e29988be892d1c992e3e88a1bd86d2b5fb15731be,-1,96445740,38.5789648,0,0,-262068.410348,-262191.113361,0,exact_coherence_below_minimum;even_odd_disagreement_above_maximum;timing_spread_above_maximum,-262191.113361,-262102.191019,-262259.032285,0
T03,confirm,refill_boundary,sha256:f106ccd250e32654d7424a1e29988be892d1c992e3e88a1bd86d2b5fb15731be,-1,96449073,38.580298,0,0,-262068.410348,-262209.423265,0,exact_coherence_below_minimum;even_odd_disagreement_above_maximum,-262209.423265,-262015.159797,-262300.65325,0
T03,confirm,refill_boundary,sha256:f106ccd250e32654d7424a1e29988be892d1c992e3e88a1bd86d2b5fb15731be,-1,96452407,38.5816316,0,0,-262068.410348,-262072.022095,0,exact_coherence_below_minimum;timing_spread_above_maximum;half_frame_difference_above_maximum,-262072.022095,-262061.760195,-262119.326085,1
T03,confirm,refill_boundary,sha256:f106ccd250e32654d7424a1e29988be892d1c992e3e88a1bd86d2b5fb15731be,-1,96455740,38.5829648,0,0,-262068.410348,-262177.550609,0,exact_coherence_below_minimum,-262177.550609,-262175.981564,-262221.967129,0
T03,confirm,refill_boundary,sha256:f106ccd250e32654d7424a1e29988be892d1c992e3e88a1bd86d2b5fb15731be,-1,96459073,38.584298,0,0,-262068.410348,-262103.842439,0,exact_coherence_below_minimum;timing_spread_above_maximum;tone_deletion_shift_above_maximum,-262103.842439,-262217.824337,-262182.782622,0
T03,confirm,refill_boundary,sha256:f106ccd250e32654d7424a1e29988be892d1c992e3e88a1bd86d2b5fb15731be,-1,96462407,38.5856316,0,0,-262068.410348,-262284.191543,0,exact_coherence_below_minimum,-262284.191543,-262313.546863,-262235.681783,0
T03,confirm,refill_boundary,sha256:f106ccd250e32654d7424a1e29988be892d1c992e3e88a1bd86d2b5fb15731be,-1,96465740,38.5869648,0,1,-262068.410348,,0,refill_boundary_crossing,,,,0
T03,confirm,refill_boundary,sha256:f106ccd250e32654d7424a1e29988be892d1c992e3e88a1bd86d2b5fb15731be,-1,96469073,38.588298,0,0,-262068.410348,-261779.297162,0,exact_coherence_below_minimum;coherence_margin_below_minimum;even_odd_disagreement_above_maximum;timing_spread_above_maximum;half_frame_difference_above_maximum;tone_deletion_shift_above_maximum,-267295.575143,-261981.494355,-262733.779451,0
T03,confirm,refill_boundary,sha256:f106ccd250e32654d7424a1e29988be892d1c992e3e88a1bd86d2b5fb15731be,-1,96472407,38.5896316,0,0,-262068.410348,-262339.59877,0,exact_coherence_below_minimum;even_odd_disagreement_above_maximum;tone_deletion_shift_above_maximum,-256921.890376,-261745.506109,-260153.952394,0
T03,confirm,refill_boundary,sha256:f106ccd250e32654d7424a1e29988be892d1c992e3e88a1bd86d2b5fb15731be,-1,96475740,38.5909648,0,0,-262068.410348,-263841.9818,0,exact_coherence_below_minimum;coherence_margin_below_minimum;even_odd_disagreement_above_maximum;timing_spread_above_maximum;half_frame_difference_above_maximum;tone_deletion_shift_above_maximum,-267466.148615,-264027.471971,-263763.110706,0
T03,confirm,refill_boundary,sha256:f106ccd250e32654d7424a1e29988be892d1c992e3e88a1bd86d2b5fb15731be,-1,96479073,38.592298,0,0,-262068.410348,-262910.480401,0,exact_coherence_below_minimum;even_odd_disagreement_above_maximum;timing_spread_above_maximum;half_frame_difference_above_maximum;tone_deletion_shift_above_maximum,-256108.053131,-263090.021229,-261695.740193,0
T03,confirm,refill_boundary,sha256:f106ccd250e32654d7424a1e29988be892d1c992e3e88a1bd86d2b5fb15731be,-1,96482407,38.5936316,0,0,-262068.410348,-264068.410348,0,exact_coherence_below_minimum;even_odd_disagreement_above_maximum;half_frame_difference_above_maximum;tone_deletion_shift_above_maximum;search_boundary,-264120.686302,-260180.822113,-264012.774217,0
T03,confirm,refill_boundary,sha256:f106ccd250e32654d7424a1e29988be892d1c992e3e88a1bd86d2b5fb15731be,-1,96485740,38.5949648,0,0,-262068.410348,-263468.726351,0,exact_coherence_below_minimum;even_odd_disagreement_above_maximum;timing_spread_above_maximum;half_frame_difference_above_maximum;tone_deletion_shift_above_maximum,-263468.726351,-264068.410348,-260068.410348,0
T03,confirm,refill_boundary,sha256:f106ccd250e32654d7424a1e29988be892d1c992e3e88a1bd86d2b5fb15731be,-1,96489073,38.596298,0,0,-262068.410348,-262664.929338,0,exact_coherence_below_minimum;even_odd_disagreement_above_maximum;timing_spread_above_maximum;tone_deletion_shift_above_maximum,-259866.13398,-262595.496295,-262961.81289,0
T03,confirm,refill_boundary,sha256:f106ccd250e32654d7424a1e29988be892d1c992e3e88a1bd86d2b5fb15731be,-1,96492407,38.5976316,0,0,-262068.410348,-262264.671317,0,exact_coherence_below_minimum;coherence_margin_below_minimum;even_odd_disagreement_above_maximum;timing_spread_above_maximum;tone_deletion_shift_above_maximum,-256898.0095,-261156.420196,-262387.012005,0
T03,confirm,refill_boundary,sha256:f106ccd250e32654d7424a1e29988be892d1c992e3e88a1bd86d2b5fb15731be,-1,96495740,38.5989648,0,0,-262068.410348,-263372.551199,0,exact_coherence_below_minimum;even_odd_disagreement_above_maximum;timing_spread_above_maximum;tone_deletion_shift_above_maximum,-267488.359716,-262331.247802,-263813.973937,0
T03,confirm,refill_boundary,sha256:f106ccd250e32654d7424a1e29988be892d1c992e3e88a1bd86d2b5fb15731be,-1,96499073,38.600298,0,0,-262068.410348,-261831.808124,0,exact_coherence_below_minimum;even_odd_disagreement_above_maximum,-261831.808124,-261644.233296,-261958.731013,0
T03,confirm,refill_boundary,sha256:f106ccd250e32654d7424a1e29988be892d1c992e3e88a1bd86d2b5fb15731be,-1,96502407,38.6016316,0,0,-262068.410348,-261854.133258,0,exact_coherence_below_minimum;coherence_margin_below_minimum;even_odd_disagreement_above_maximum;timing_spread_above_maximum;half_frame_difference_above_maximum;tone_deletion_shift_above_maximum,-261854.133258,-262052.459438,-261779.98183,0
T03,confirm,refill_boundary,sha256:f106ccd250e32654d7424a1e29988be892d1c992e3e88a1bd86d2b5fb15731be,-1,96505740,38.6029648,0,0,-262068.410348,-262264.957869,0,exact_coherence_below_minimum;coherence_margin_below_minimum;even_odd_disagreement_above_maximum;timing_spread_above_maximum;half_frame_difference_above_maximum;tone_deletion_shift_above_maximum,-259698.956512,-262053.003595,-260818.023143,0
T03,confirm,refill_boundary,sha256:f106ccd250e32654d7424a1e29988be892d1c992e3e88a1bd86d2b5fb15731be,-1,96509073,38.604298,0,0,-262068.410348,-261557.310041,0,exact_coherence_below_minimum;coherence_margin_below_minimum;even_odd_disagreement_above_maximum;timing_spread_above_maximum;half_frame_difference_above_maximum;tone_deletion_shift_above_maximum,-265850.999599,-262456.648105,-262681.545912,0
T03,confirm,refill_boundary,sha256:f106ccd250e32654d7424a1e29988be892d1c992e3e88a1bd86d2b5fb15731be,-1,96512407,38.6056316,0,0,-262068.410348,-260600.155426,0,exact_coherence_below_minimum;coherence_margin_below_minimum;even_odd_disagreement_above_maximum;timing_spread_above_maximum;tone_deletion_shift_above_maximum,-267083.29457,-260068.410348,-260523.14708,0
T03,confirm,refill_boundary,sha256:f106ccd250e32654d7424a1e29988be892d1c992e3e88a1bd86d2b5fb15731be,-1,96515740,38.6069648,0,0,-262068.410348,-262952.461805,0,exact_coherence_below_minimum;coherence_margin_below_minimum;even_odd_disagreement_above_maximum;timing_spread_above_maximum;half_frame_difference_above_maximum;tone_deletion_shift_above_maximum,-262952.461805,-260116.856443,-262942.232385,0
T03,confirm,refill_boundary,sha256:f106ccd250e32654d7424a1e29988be892d1c992e3e88a1bd86d2b5fb15731be,-1,96519073,38.608298,0,0,-262068.410348,-263513.857911,0,exact_coherence_below_minimum;even_odd_disagreement_above_maximum;timing_spread_above_maximum;half_frame_difference_above_maximum;tone_deletion_shift_above_maximum,-263513.857911,-263922.770893,-260807.198687,0
T03,confirm,refill_boundary,sha256:f106ccd250e32654d7424a1e29988be892d1c992e3e88a1bd86d2b5fb15731be,-1,96522407,38.6096316,0,0,-262068.410348,-263355.105144,0,exact_coherence_below_minimum;even_odd_disagreement_above_maximum;timing_spread_above_maximum;tone_deletion_shift_above_maximum,-263355.105144,-260384.166057,-262981.333461,0
T03,confirm,refill_boundary,sha256:f106ccd250e32654d7424a1e29988be892d1c992e3e88a1bd86d2b5fb15731be,-1,96525740,38.6109648,0,0,-262068.410348,-261569.517997,0,exact_coherence_below_minimum;timing_spread_above_maximum;half_frame_difference_above_maximum;tone_deletion_shift_above_maximum,-261569.517997,-261593.529465,-261605.101853,0
T03,confirm,refill_boundary,sha256:f106ccd250e32654d7424a1e29988be892d1c992e3e88a1bd86d2b5fb15731be,-1,96529073,38.612298,0,0,-262068.410348,-260765.703876,0,exact_coherence_below_minimum;even_odd_disagreement_above_maximum,-260765.703876,-260764.064817,-260612.181539,0
T03,confirm,refill_boundary,sha256:f106ccd250e32654d7424a1e29988be892d1c992e3e88a1bd86d2b5fb15731be,-1,96532407,38.6136316,0,0,-262068.410348,-263859.764494,0,exact_coherence_below_minimum;coherence_margin_below_minimum;even_odd_disagreement_above_maximum;timing_spread_above_maximum;half_frame_difference_above_maximum;tone_deletion_shift_above_maximum,-264936.427277,-260925.752656,-262178.091508,0
T03,confirm,refill_boundary,sha256:f106ccd250e32654d7424a1e29988be892d1c992e3e88a1bd86d2b5fb15731be,-1,96535740,38.6149648,0,0,-262068.410348,-261939.929192,0,exact_coherence_below_minimum;even_odd_disagreement_above_maximum;timing_spread_above_maximum;half_frame_difference_above_maximum;tone_deletion_shift_above_maximum,-261939.929192,-262015.870429,-264068.410348,0
T03,confirm,refill_boundary,sha256:f106ccd250e32654d7424a1e29988be892d1c992e3e88a1bd86d2b5fb15731be,-1,96539073,38.616298,0,0,-262068.410348,-261821.739007,0,exact_coherence_below_minimum;even_odd_disagreement_above_maximum;half_frame_difference_above_maximum;tone_deletion_shift_above_maximum,-258676.373821,-263415.361593,-261280.413997,0
T03,confirm,refill_boundary,sha256:f106ccd250e32654d7424a1e29988be892d1c992e3e88a1bd86d2b5fb15731be,-1,96542407,38.6176316,0,0,-262068.410348,-263058.125077,0,exact_coherence_below_minimum;even_odd_disagreement_above_maximum;timing_spread_above_maximum;half_frame_difference_above_maximum;tone_deletion_shift_above_maximum,-263058.125077,-263188.74703,-263352.686313,0
T03,confirm,refill_boundary,sha256:f106ccd250e32654d7424a1e29988be892d1c992e3e88a1bd86d2b5fb15731be,-1,96545740,38.6189648,0,0,-262068.410348,-263460.223295,0,exact_coherence_below_minimum;even_odd_disagreement_above_maximum;timing_spread_above_maximum;half_frame_difference_above_maximum;tone_deletion_shift_above_maximum,-263460.223295,-261117.086753,-260465.468535,0
T03,confirm,refill_boundary,sha256:f106ccd250e32654d7424a1e29988be892d1c992e3e88a1bd86d2b5fb15731be,-1,96549073,38.620298,0,0,-262068.410348,-263799.476565,0,exact_coherence_below_minimum;even_odd_disagreement_above_maximum;timing_spread_above_maximum;half_frame_difference_above_maximum;tone_deletion_shift_above_maximum,-256142.631216,-262607.074106,-263600.576989,0
T03,confirm,refill_boundary,sha256:f106ccd250e32654d7424a1e29988be892d1c992e3e88a1bd86d2b5fb15731be,-1,96552407,38.6216316,0,0,-262068.410348,-264068.410348,0,exact_coherence_below_minimum;even_odd_disagreement_above_maximum;timing_spread_above_maximum;half_frame_difference_above_maximum;tone_deletion_shift_above_maximum;search_boundary,-264234.721686,-261267.604684,-264068.410348,0
T03,confirm,refill_boundary,sha256:f106ccd250e32654d7424a1e29988be892d1c992e3e88a1bd86d2b5fb15731be,-1,96555740,38.6229648,0,0,-262068.410348,-262400.076833,0,exact_coherence_below_minimum;coherence_margin_below_minimum;even_odd_disagreement_above_maximum;timing_spread_above_maximum;half_frame_difference_above_maximum;tone_deletion_shift_above_maximum,-257803.74516,-264037.109288,-262386.306477,0
T03,confirm,refill_boundary,sha256:f106ccd250e32654d7424a1e29988be892d1c992e3e88a1bd86d2b5fb15731be,-1,96559073,38.624298,0,0,-262068.410348,-262425.737564,0,exact_coherence_below_minimum;coherence_margin_below_minimum;even_odd_disagreement_above_maximum;timing_spread_above_maximum;tone_deletion_shift_above_maximum,-264818.2116,-260969.680626,-261450.191791,0
T03,confirm,early_median_margin,sha256:a0876414db2523fd6c6876336ceb664e75b197320c1dacdc64b7940afdfce488,0,91125195,36.4507468,1,0,-23794.3259508,-23731.6576887,1,,-23731.6576887,-23703.2099524,-23763.8864662,1
T03,confirm,early_median_margin,sha256:a0876414db2523fd6c6876336ceb664e75b197320c1dacdc64b7940afdfce488,0,91128528,36.45208,1,0,-23794.3259508,-23740.0360907,1,,-23740.0360907,-23749.6429147,-23748.5741391,1
T03,confirm,early_median_margin,sha256:a0876414db2523fd6c6876336ceb664e75b197320c1dacdc64b7940afdfce488,0,91131862,36.4534136,1,0,-23794.3259508,-23700.3059594,1,,-23700.3059594,-23696.9230921,-23703.290607,1
T03,confirm,early_median_margin,sha256:a0876414db2523fd6c6876336ceb664e75b197320c1dacdc64b7940afdfce488,0,91135195,36.4547468,1,0,-23794.3259508,-23694.3853751,1,,-23694.3853751,-23717.697168,-23666.3746974,1
T03,confirm,early_median_margin,sha256:a0876414db2523fd6c6876336ceb664e75b197320c1dacdc64b7940afdfce488,0,91138528,36.45608,1,0,-23794.3259508,-23748.3431206,1,,-23748.3431206,-23760.7970875,-23744.4938179,1
T03,confirm,early_median_margin,sha256:a0876414db2523fd6c6876336ceb664e75b197320c1dacdc64b7940afdfce488,0,91141862,36.4574136,1,0,-23794.3259508,-23702.8458214,1,,-23702.8458214,-23717.4660774,-23688.2753618,1
T03,confirm,early_median_margin,sha256:a0876414db2523fd6c6876336ceb664e75b197320c1dacdc64b7940afdfce488,0,91145195,36.4587468,1,0,-23794.3259508,-23796.7679052,1,,-23796.7679052,-23785.9605414,-23797.5641356,1
T03,confirm,early_median_margin,sha256:a0876414db2523fd6c6876336ceb664e75b197320c1dacdc64b7940afdfce488,0,91148528,36.46008,1,0,-23794.3259508,-23798.119943,1,,-23798.119943,-23792.0914511,-23784.7359956,1
T03,confirm,early_median_margin,sha256:a0876414db2523fd6c6876336ceb664e75b197320c1dacdc64b7940afdfce488,0,91151862,36.4614136,1,0,-23794.3259508,-23844.6514305,1,,-23844.6514305,-23838.9904519,-23848.1077546,1
T03,confirm,early_median_margin,sha256:a0876414db2523fd6c6876336ceb664e75b197320c1dacdc64b7940afdfce488,0,91155195,36.4627468,1,0,-23794.3259508,-23873.7712597,1,,-23873.7712597,-23882.6375464,-23864.2071111,1
T03,confirm,early_median_margin,sha256:a0876414db2523fd6c6876336ceb664e75b197320c1dacdc64b7940afdfce488,0,91158528,36.46408,1,0,-23794.3259508,-23866.4420981,1,,-23866.4420981,-23883.6960901,-23861.3019629,1
T03,confirm,early_median_margin,sha256:a0876414db2523fd6c6876336ceb664e75b197320c1dacdc64b7940afdfce488,0,91161862,36.4654136,1,0,-23794.3259508,-23833.9692928,1,,-23833.9692928,-23842.4350297,-23829.9111011,1
T03,confirm,early_median_margin,sha256:a0876414db2523fd6c6876336ceb664e75b197320c1dacdc64b7940afdfce488,0,91165195,36.4667468,1,0,-23794.3259508,-23870.177745,1,,-23870.177745,-23874.9061657,-23867.8641093,1
T03,confirm,early_median_margin,sha256:a0876414db2523fd6c6876336ceb664e75b197320c1dacdc64b7940afdfce488,0,91168528,36.46808,1,0,-23794.3259508,-23875.7445783,1,,-23875.7445783,-23897.1265247,-23858.6922481,1
T03,confirm,early_median_margin,sha256:a0876414db2523fd6c6876336ceb664e75b197320c1dacdc64b7940afdfce488,0,91171862,36.4694136,1,0,-23794.3259508,-23847.4746568,1,,-23847.4746568,-23855.3021439,-23851.364883,1
T03,confirm,early_median_margin,sha256:a0876414db2523fd6c6876336ceb664e75b197320c1dacdc64b7940afdfce488,0,91175195,36.4707468,1,0,-23794.3259508,-23819.587352,1,,-23819.587352,-23799.9490391,-23831.8734432,1
T03,confirm,early_median_margin,sha256:a0876414db2523fd6c6876336ceb664e75b197320c1dacdc64b7940afdfce488,0,91178528,36.47208,1,0,-23794.3259508,-23862.1051169,1,,-23862.1051169,-23856.5152158,-23873.2710895,1
T03,confirm,early_median_margin,sha256:a0876414db2523fd6c6876336ceb664e75b197320c1dacdc64b7940afdfce488,0,91181862,36.4734136,1,0,-23794.3259508,-23909.2550117,1,,-23909.2550117,-23918.5195639,-23898.8750337,1
T03,confirm,early_median_margin,sha256:a0876414db2523fd6c6876336ceb664e75b197320c1dacdc64b7940afdfce488,0,91185195,36.4747468,1,0,-23794.3259508,-23873.1013831,1,,-23873.1013831,-23880.0632806,-23868.6647654,1
T03,confirm,early_median_margin,sha256:a0876414db2523fd6c6876336ceb664e75b197320c1dacdc64b7940afdfce488,0,91188528,36.47608,1,0,-23794.3259508,-23928.9483095,1,,-23928.9483095,-23913.1658702,-23952.7525114,1
T03,confirm,early_median_margin,sha256:a0876414db2523fd6c6876336ceb664e75b197320c1dacdc64b7940afdfce488,0,91191862,36.4774136,1,0,-23794.3259508,-23852.5924837,1,,-23852.5924837,-23861.9647288,-23858.195962,1
T03,confirm,early_median_margin,sha256:a0876414db2523fd6c6876336ceb664e75b197320c1dacdc64b7940afdfce488,0,91195195,36.4787468,1,0,-23794.3259508,-23820.8655314,1,,-23820.8655314,-23803.5456969,-23836.8646298,1
T03,confirm,early_median_margin,sha256:a0876414db2523fd6c6876336ceb664e75b197320c1dacdc64b7940afdfce488,0,91198528,36.48008,1,0,-23794.3259508,-23780.9226912,1,,-23780.9226912,-23754.0461534,-23824.1820111,1
T03,confirm,early_median_margin,sha256:a0876414db2523fd6c6876336ceb664e75b197320c1dacdc64b7940afdfce488,0,91201862,36.4814136,1,0,-23794.3259508,-23741.6251024,1,,-23741.6251024,-23741.2455291,-23729.5653225,1
T03,confirm,early_median_margin,sha256:a0876414db2523fd6c6876336ceb664e75b197320c1dacdc64b7940afdfce488,0,91205195,36.4827468,1,0,-23794.3259508,-23795.0418975,1,,-23795.0418975,-23812.4587392,-23774.0500729,1
T03,confirm,early_median_margin,sha256:a0876414db2523fd6c6876336ceb664e75b197320c1dacdc64b7940afdfce488,0,91208528,36.48408,1,0,-23794.3259508,-23725.5869512,1,,-23725.5869512,-23720.0431186,-23732.0314132,1
T03,confirm,early_median_margin,sha256:a0876414db2523fd6c6876336ceb664e75b197320c1dacdc64b7940afdfce488,0,91211862,36.4854136,1,0,-23794.3259508,-23766.5871322,1,,-23766.5871322,-23786.6842556,-23752.4788235,1
T03,confirm,early_median_margin,sha256:a0876414db2523fd6c6876336ceb664e75b197320c1dacdc64b7940afdfce488,0,91215195,36.4867468,1,0,-23794.3259508,-23823.6309936,1,,-23823.6309936,-23847.2081272,-23789.5868506,1
T03,confirm,early_median_margin,sha256:a0876414db2523fd6c6876336ceb664e75b197320c1dacdc64b7940afdfce488,0,91218528,36.48808,1,0,-23794.3259508,-23788.9006028,1,,-23788.9006028,-23792.4329627,-23766.8578467,1
T03,confirm,early_median_margin,sha256:a0876414db2523fd6c6876336ceb664e75b197320c1dacdc64b7940afdfce488,0,91221862,36.4894136,1,0,-23794.3259508,-23803.2142529,1,,-23803.2142529,-23811.4858664,-23797.8004302,1
T03,confirm,early_median_margin,sha256:a0876414db2523fd6c6876336ceb664e75b197320c1dacdc64b7940afdfce488,0,91225195,36.4907468,0,1,-23794.3259508,,0,refill_boundary_crossing,,,,0
T03,confirm,early_median_margin,sha256:a0876414db2523fd6c6876336ceb664e75b197320c1dacdc64b7940afdfce488,0,91228528,36.49208,1,0,-23794.3259508,-25007.9624636,0,exact_coherence_below_minimum,-25007.9624636,-24908.0635034,-24990.9629084,0
T03,confirm,early_median_margin,sha256:a0876414db2523fd6c6876336ceb664e75b197320c1dacdc64b7940afdfce488,0,91231862,36.4934136,1,0,-23794.3259508,-23171.4992783,0,exact_coherence_below_minimum;coherence_margin_below_minimum;timing_spread_above_maximum;half_frame_difference_above_maximum;tone_deletion_shift_above_maximum,-23171.4992783,-25720.7206447,-25794.3259508,0
T03,confirm,early_median_margin,sha256:a0876414db2523fd6c6876336ceb664e75b197320c1dacdc64b7940afdfce488,0,91235195,36.4947468,1,0,-23794.3259508,-23388.5729413,0,exact_coherence_below_minimum;even_odd_disagreement_above_maximum;timing_spread_above_maximum;half_frame_difference_above_maximum;tone_deletion_shift_above_maximum,-19904.9900091,-25347.8770464,-25794.3259508,0
T03,confirm,early_median_margin,sha256:a0876414db2523fd6c6876336ceb664e75b197320c1dacdc64b7940afdfce488,0,91238528,36.49608,1,0,-23794.3259508,-24351.3045235,0,exact_coherence_below_minimum;coherence_margin_below_minimum;even_odd_disagreement_above_maximum;timing_spread_above_maximum;half_frame_difference_above_maximum;tone_deletion_shift_above_maximum,-27949.0950008,-24404.2150711,-22582.6799941,0
T03,confirm,early_median_margin,sha256:a0876414db2523fd6c6876336ceb664e75b197320c1dacdc64b7940afdfce488,0,91241862,36.4974136,1,0,-23794.3259508,-22301.6933304,0,exact_coherence_below_minimum;even_odd_disagreement_above_maximum;timing_spread_above_maximum;half_frame_difference_above_maximum;tone_deletion_shift_above_maximum,-28560.1236206,-23867.3937777,-22055.704784,0
T03,confirm,early_median_margin,sha256:a0876414db2523fd6c6876336ceb664e75b197320c1dacdc64b7940afdfce488,0,91245195,36.4987468,1,0,-23794.3259508,-21911.250486,0,exact_coherence_below_minimum;even_odd_disagreement_above_maximum;tone_deletion_shift_above_maximum,-21911.250486,-25521.4337333,-21912.989598,0
T03,confirm,early_median_margin,sha256:a0876414db2523fd6c6876336ceb664e75b197320c1dacdc64b7940afdfce488,0,91248528,36.50008,1,0,-23794.3259508,-22450.0554562,0,exact_coherence_below_minimum;timing_spread_above_maximum;half_frame_difference_above_maximum;tone_deletion_shift_above_maximum,-29794.3259508,-25750.6185834,-25794.3259508,0
T03,confirm,early_median_margin,sha256:a0876414db2523fd6c6876336ceb664e75b197320c1dacdc64b7940afdfce488,0,91251862,36.5014136,1,0,-23794.3259508,-23407.1936833,0,exact_coherence_below_minimum;even_odd_disagreement_above_maximum;timing_spread_above_maximum;half_frame_difference_above_maximum;tone_deletion_shift_above_maximum,-19891.6831959,-22279.8632806,-25064.4544503,0
T03,confirm,early_median_margin,sha256:a0876414db2523fd6c6876336ceb664e75b197320c1dacdc64b7940afdfce488,0,91255195,36.5027468,1,0,-23794.3259508,-23159.2120223,0,exact_coherence_below_minimum;even_odd_disagreement_above_maximum;timing_spread_above_maximum;tone_deletion_shift_above_maximum,-28832.7782219,-22685.1079978,-24654.5018849,0
T03,confirm,early_median_margin,sha256:a0876414db2523fd6c6876336ceb664e75b197320c1dacdc64b7940afdfce488,0,91258528,36.50408,1,0,-23794.3259508,-22800.3575928,0,exact_coherence_below_minimum;even_odd_disagreement_above_maximum;timing_spread_above_maximum;half_frame_difference_above_maximum;tone_deletion_shift_above_maximum,-29219.6060583,-23095.3408364,-25380.419777,0
T03,confirm,early_median_margin,sha256:a0876414db2523fd6c6876336ceb664e75b197320c1dacdc64b7940afdfce488,0,91261862,36.5054136,1,0,-23794.3259508,-22702.9216918,0,exact_coherence_below_minimum;coherence_margin_below_minimum;timing_spread_above_maximum;half_frame_difference_above_maximum;tone_deletion_shift_above_maximum,-19091.263412,-25584.2482792,-25631.0036148,0
T03,confirm,early_median_margin,sha256:a0876414db2523fd6c6876336ceb664e75b197320c1dacdc64b7940afdfce488,0,91265195,36.5067468,1,0,-23794.3259508,-25351.9241328,0,exact_coherence_below_minimum;coherence_margin_below_minimum;even_odd_disagreement_above_maximum;timing_spread_above_maximum;half_frame_difference_above_maximum;tone_deletion_shift_above_maximum,-18541.2997357,-24141.1915727,-23581.423896,0
T03,confirm,early_median_margin,sha256:a0876414db2523fd6c6876336ceb664e75b197320c1dacdc64b7940afdfce488,0,91268528,36.50808,1,0,-23794.3259508,-23994.1478425,0,exact_coherence_below_minimum;coherence_margin_below_minimum;even_odd_disagreement_above_maximum;timing_spread_above_maximum;half_frame_difference_above_maximum;tone_deletion_shift_above_maximum,-20503.5734852,-24240.9100012,-23591.224199,0
T03,confirm,early_median_margin,sha256:a0876414db2523fd6c6876336ceb664e75b197320c1dacdc64b7940afdfce488,0,91271862,36.5094136,1,0,-23794.3259508,-24666.6915282,0,exact_coherence_below_minimum;coherence_margin_below_minimum;even_odd_disagreement_above_maximum;timing_spread_above_maximum;half_frame_difference_above_maximum;tone_deletion_shift_above_maximum,-19685.1064977,-25536.9780901,-25409.2728797,0
T03,confirm,early_median_margin,sha256:a0876414db2523fd6c6876336ceb664e75b197320c1dacdc64b7940afdfce488,0,91275195,36.5107468,1,0,-23794.3259508,-23517.9680594,0,exact_coherence_below_minimum;even_odd_disagreement_above_maximum;tone_deletion_shift_above_maximum,-23517.9680594,-23629.0539135,-23354.5278361,0
T03,confirm,early_median_margin,sha256:a0876414db2523fd6c6876336ceb664e75b197320c1dacdc64b7940afdfce488,0,91278528,36.51208,1,0,-23794.3259508,-23095.8935957,0,exact_coherence_below_minimum;coherence_margin_below_minimum;even_odd_disagreement_above_maximum;timing_spread_above_maximum;half_frame_difference_above_maximum;tone_deletion_shift_above_maximum,-17794.3259508,-21794.3259508,-22985.8984002,0
T03,confirm,early_median_margin,sha256:a0876414db2523fd6c6876336ceb664e75b197320c1dacdc64b7940afdfce488,0,91281862,36.5134136,1,0,-23794.3259508,-23972.2809559,0,exact_coherence_below_minimum;even_odd_disagreement_above_maximum;timing_spread_above_maximum;half_frame_difference_above_maximum,-28228.2926653,-22346.5318333,-24810.4194463,0
T03,confirm,early_median_margin,sha256:a0876414db2523fd6c6876336ceb664e75b197320c1dacdc64b7940afdfce488,0,91285195,36.5147468,1,0,-23794.3259508,-24327.8268402,0,exact_coherence_below_minimum;even_odd_disagreement_above_maximum;tone_deletion_shift_above_maximum,-18494.5886231,-25314.0361585,-24329.7721792,0
T03,confirm,early_median_margin,sha256:a0876414db2523fd6c6876336ceb664e75b197320c1dacdc64b7940afdfce488,0,91288528,36.51608,1,0,-23794.3259508,-25300.6011146,0,exact_coherence_below_minimum;even_odd_disagreement_above_maximum;timing_spread_above_maximum;tone_deletion_shift_above_maximum,-25300.6011146,-25551.3729225,-25363.5204662,0
T03,confirm,early_median_margin,sha256:a0876414db2523fd6c6876336ceb664e75b197320c1dacdc64b7940afdfce488,0,91291862,36.5174136,1,0,-23794.3259508,-25281.7069894,0,exact_coherence_below_minimum;coherence_margin_below_minimum;even_odd_disagreement_above_maximum;timing_spread_above_maximum;half_frame_difference_above_maximum;tone_deletion_shift_above_maximum,-19096.4122062,-25283.0295547,-25737.710296,0
T03,confirm,early_median_margin,sha256:a0876414db2523fd6c6876336ceb664e75b197320c1dacdc64b7940afdfce488,0,91295195,36.5187468,1,0,-23794.3259508,-23976.5199491,0,exact_coherence_below_minimum;coherence_margin_below_minimum;even_odd_disagreement_above_maximum;timing_spread_above_maximum;half_frame_difference_above_maximum;tone_deletion_shift_above_maximum,-26279.4624882,-23915.487929,-25224.2797203,0
T03,confirm,early_median_margin,sha256:a0876414db2523fd6c6876336ceb664e75b197320c1dacdc64b7940afdfce488,0,91298528,36.52008,1,0,-23794.3259508,-25129.6952418,0,exact_coherence_below_minimum;even_odd_disagreement_above_maximum;timing_spread_above_maximum;half_frame_difference_above_maximum;tone_deletion_shift_above_maximum,-25129.6952418,-25209.4517686,-24867.0501069,0
T03,confirm,early_median_margin,sha256:a0876414db2523fd6c6876336ceb664e75b197320c1dacdc64b7940afdfce488,0,91301862,36.5214136,1,0,-23794.3259508,-23865.2029552,0,exact_coherence_below_minimum;even_odd_disagreement_above_maximum;timing_spread_above_maximum,-28746.1514431,-23662.325685,-23920.3939484,0
T03,confirm,early_median_margin,sha256:a0876414db2523fd6c6876336ceb664e75b197320c1dacdc64b7940afdfce488,0,91305195,36.5227468,1,0,-23794.3259508,-21794.3259508,0,exact_coherence_below_minimum;even_odd_disagreement_above_maximum;timing_spread_above_maximum;half_frame_difference_above_maximum;tone_deletion_shift_above_maximum;search_boundary,-21792.3583623,-23985.0996442,-25657.1402817,0
T03,confirm,early_median_margin,sha256:a0876414db2523fd6c6876336ceb664e75b197320c1dacdc64b7940afdfce488,0,91308528,36.52408,1,0,-23794.3259508,-23892.1523725,0,exact_coherence_below_minimum;even_odd_disagreement_above_maximum;half_frame_difference_above_maximum;tone_deletion_shift_above_maximum,-19292.9506974,-23462.3082367,-24067.3722989,0
T03,confirm,high_margin,sha256:a0876414db2523fd6c6876336ceb664e75b197320c1dacdc64b7940afdfce488,0,89189882,35.6766216,1,0,-19780.6739609,-19729.0966449,1,,-19729.0966449,-19703.872999,-19758.8729378,1
T03,confirm,high_margin,sha256:a0876414db2523fd6c6876336ceb664e75b197320c1dacdc64b7940afdfce488,0,89193215,35.6779548,1,0,-19780.6739609,-19739.4010689,1,,-19739.4010689,-19727.580634,-19751.2939319,1
T03,confirm,high_margin,sha256:a0876414db2523fd6c6876336ceb664e75b197320c1dacdc64b7940afdfce488,0,89196549,35.6792884,1,0,-19780.6739609,-19726.5050862,1,,-19726.5050862,-19700.7649947,-19754.0327448,1
T03,confirm,high_margin,sha256:a0876414db2523fd6c6876336ceb664e75b197320c1dacdc64b7940afdfce488,0,89199882,35.6806216,1,0,-19780.6739609,-19778.5394635,1,,-19778.5394635,-19792.3710287,-19762.6146598,1
T03,confirm,high_margin,sha256:a0876414db2523fd6c6876336ceb664e75b197320c1dacdc64b7940afdfce488,0,89203215,35.6819548,1,0,-19780.6739609,-19772.8218235,1,,-19772.8218235,-19789.0594168,-19764.6410878,1
T03,confirm,high_margin,sha256:a0876414db2523fd6c6876336ceb664e75b197320c1dacdc64b7940afdfce488,0,89206549,35.6832884,1,0,-19780.6739609,-19774.5585355,1,,-19774.5585355,-19768.2571777,-19775.2180058,1
T03,confirm,high_margin,sha256:a0876414db2523fd6c6876336ceb664e75b197320c1dacdc64b7940afdfce488,0,89209882,35.6846216,1,0,-19780.6739609,-19853.051478,1,,-19853.051478,-19852.4266012,-19853.0669824,1
T03,confirm,high_margin,sha256:a0876414db2523fd6c6876336ceb664e75b197320c1dacdc64b7940afdfce488,0,89213215,35.6859548,1,0,-19780.6739609,-19796.8221018,1,,-19796.8221018,-19790.4078296,-19815.3587916,1
T03,confirm,high_margin,sha256:a0876414db2523fd6c6876336ceb664e75b197320c1dacdc64b7940afdfce488,0,89216549,35.6872884,1,0,-19780.6739609,-19753.0924943,1,,-19753.0924943,-19723.0779628,-19783.2347793,1
T03,confirm,high_margin,sha256:a0876414db2523fd6c6876336ceb664e75b197320c1dacdc64b7940afdfce488,0,89219882,35.6886216,1,0,-19780.6739609,-19712.3526128,1,,-19712.3526128,-19709.1208651,-19714.8627524,1
T03,confirm,high_margin,sha256:a0876414db2523fd6c6876336ceb664e75b197320c1dacdc64b7940afdfce488,0,89223215,35.6899548,1,0,-19780.6739609,-19758.1628937,1,,-19758.1628937,-19766.2434502,-19755.9095691,1
T03,confirm,high_margin,sha256:a0876414db2523fd6c6876336ceb664e75b197320c1dacdc64b7940afdfce488,0,89226549,35.6912884,1,0,-19780.6739609,-19807.1609401,1,,-19807.1609401,-19831.5177132,-19791.0353272,1
T03,confirm,high_margin,sha256:a0876414db2523fd6c6876336ceb664e75b197320c1dacdc64b7940afdfce488,0,89229882,35.6926216,1,0,-19780.6739609,-19870.6445405,1,,-19870.6445405,-19882.6070726,-19879.6540467,1
T03,confirm,high_margin,sha256:a0876414db2523fd6c6876336ceb664e75b197320c1dacdc64b7940afdfce488,0,89233215,35.6939548,1,0,-19780.6739609,-19839.1505674,1,,-19839.1505674,-19816.4834342,-19876.4770405,1
T03,confirm,high_margin,sha256:a0876414db2523fd6c6876336ceb664e75b197320c1dacdc64b7940afdfce488,0,89236549,35.6952884,1,0,-19780.6739609,-19892.202516,1,,-19892.202516,-19873.7099146,-19908.1257895,1
T03,confirm,high_margin,sha256:a0876414db2523fd6c6876336ceb664e75b197320c1dacdc64b7940afdfce488,0,89239882,35.6966216,1,0,-19780.6739609,-19821.4167821,1,,-19821.4167821,-19838.9872405,-19803.8467165,1
T03,confirm,high_margin,sha256:a0876414db2523fd6c6876336ceb664e75b197320c1dacdc64b7940afdfce488,0,89243215,35.6979548,1,0,-19780.6739609,-19902.4896422,1,,-19902.4896422,-19906.6581654,-19903.1220358,1
T03,confirm,high_margin,sha256:a0876414db2523fd6c6876336ceb664e75b197320c1dacdc64b7940afdfce488,0,89246549,35.6992884,1,0,-19780.6739609,-19852.1403703,1,,-19852.1403703,-19858.1647049,-19846.4098694,1
T03,confirm,high_margin,sha256:a0876414db2523fd6c6876336ceb664e75b197320c1dacdc64b7940afdfce488,0,89249882,35.7006216,1,0,-19780.6739609,-19873.568038,1,,-19873.568038,-19876.2647601,-19869.0616615,1
T03,confirm,high_margin,sha256:a0876414db2523fd6c6876336ceb664e75b197320c1dacdc64b7940afdfce488,0,89253215,35.7019548,1,0,-19780.6739609,-19896.3611232,1,,-19896.3611232,-19897.092711,-19885.0604898,1
T03,confirm,high_margin,sha256:a0876414db2523fd6c6876336ceb664e75b197320c1dacdc64b7940afdfce488,0,89256549,35.7032884,1,0,-19780.6739609,-19848.1205058,1,,-19848.1205058,-19841.7031945,-19860.8218179,1
T03,confirm,high_margin,sha256:a0876414db2523fd6c6876336ceb664e75b197320c1dacdc64b7940afdfce488,0,89259882,35.7046216,1,0,-19780.6739609,-19897.3119401,1,,-19897.3119401,-19884.662696,-19911.6784622,1
T03,confirm,high_margin,sha256:a0876414db2523fd6c6876336ceb664e75b197320c1dacdc64b7940afdfce488,0,89263215,35.7059548,1,0,-19780.6739609,-19844.4414872,1,,-19844.4414872,-19840.7087104,-19842.8317681,1
T03,confirm,high_margin,sha256:a0876414db2523fd6c6876336ceb664e75b197320c1dacdc64b7940afdfce488,0,89266549,35.7072884,1,0,-19780.6739609,-19868.2683858,1,,-19868.2683858,-19840.972945,-19885.8477327,1
T03,confirm,high_margin,sha256:a0876414db2523fd6c6876336ceb664e75b197320c1dacdc64b7940afdfce488,0,89269882,35.7086216,1,0,-19780.6739609,-19926.2380192,1,,-19926.2380192,-19929.6141337,-19912.8133207,1
T03,confirm,high_margin,sha256:a0876414db2523fd6c6876336ceb664e75b197320c1dacdc64b7940afdfce488,0,89273215,35.7099548,1,0,-19780.6739609,-19897.3879143,1,,-19897.3879143,-19916.6349506,-19905.8180852,1
T03,confirm,high_margin,sha256:a0876414db2523fd6c6876336ceb664e75b197320c1dacdc64b7940afdfce488,0,89276549,35.7112884,1,0,-19780.6739609,-19876.9723867,1,,-19876.9723867,-19885.7557198,-19878.3827975,1
T03,confirm,high_margin,sha256:a0876414db2523fd6c6876336ceb664e75b197320c1dacdc64b7940afdfce488,0,89279882,35.7126216,1,0,-19780.6739609,-19862.5107778,1,,-19862.5107778,-19849.631347,-19879.7676581,1
T03,confirm,high_margin,sha256:a0876414db2523fd6c6876336ceb664e75b197320c1dacdc64b7940afdfce488,0,89283215,35.7139548,1,0,-19780.6739609,-19912.3043283,1,,-19912.3043283,-19919.3386849,-19905.6167902,1
T03,confirm,high_margin,sha256:a0876414db2523fd6c6876336ceb664e75b197320c1dacdc64b7940afdfce488,0,89286549,35.7152884,1,0,-19780.6739609,-19886.1718025,1,,-19886.1718025,-19901.6736546,-19872.9954066,1
T03,confirm,high_margin,sha256:a0876414db2523fd6c6876336ceb664e75b197320c1dacdc64b7940afdfce488,0,89289882,35.7166216,1,0,-19780.6739609,-19896.3571378,1,,-19896.3571378,-19879.4083585,-19914.0712211,1
T03,confirm,high_margin,sha256:a0876414db2523fd6c6876336ceb664e75b197320c1dacdc64b7940afdfce488,0,89293215,35.7179548,1,0,-19780.6739609,-19925.0076455,1,,-19925.0076455,-19916.3887305,-19937.8179828,1
T03,confirm,high_margin,sha256:a0876414db2523fd6c6876336ceb664e75b197320c1dacdc64b7940afdfce488,0,89296549,35.7192884,1,0,-19780.6739609,-19917.7774562,1,,-19917.7774562,-19947.6355249,-19879.4006909,1
T03,confirm,high_margin,sha256:a0876414db2523fd6c6876336ceb664e75b197320c1dacdc64b7940afdfce488,0,89299882,35.7206216,1,0,-19780.6739609,-19930.8772451,1,,-19930.8772451,-19927.0629492,-19933.756895,1
T03,confirm,high_margin,sha256:a0876414db2523fd6c6876336ceb664e75b197320c1dacdc64b7940afdfce488,0,89303215,35.7219548,1,0,-19780.6739609,-19955.4368089,1,,-19955.4368089,-19957.8551232,-19957.3791608,1
T03,confirm,high_margin,sha256:a0876414db2523fd6c6876336ceb664e75b197320c1dacdc64b7940afdfce488,0,89306549,35.7232884,1,0,-19780.6739609,-19941.109037,1,,-19941.109037,-19960.7680663,-19914.4277811,1
T03,confirm,high_margin,sha256:a0876414db2523fd6c6876336ceb664e75b197320c1dacdc64b7940afdfce488,0,89309882,35.7246216,1,0,-19780.6739609,-19949.9052895,1,,-19949.9052895,-19956.8013599,-19928.227615,1
T03,confirm,high_margin,sha256:a0876414db2523fd6c6876336ceb664e75b197320c1dacdc64b7940afdfce488,0,89313215,35.7259548,1,0,-19780.6739609,-19973.3081273,1,,-19973.3081273,-19971.0256574,-19973.149311,1
T03,confirm,high_margin,sha256:a0876414db2523fd6c6876336ceb664e75b197320c1dacdc64b7940afdfce488,0,89316549,35.7272884,1,0,-19780.6739609,-20014.4281398,1,,-20014.4281398,-20012.8720114,-20016.2363888,1
T03,confirm,high_margin,sha256:a0876414db2523fd6c6876336ceb664e75b197320c1dacdc64b7940afdfce488,0,89319882,35.7286216,1,0,-19780.6739609,-19941.1593683,1,,-19941.1593683,-19976.7902534,-19910.4556473,1
T03,confirm,high_margin,sha256:a0876414db2523fd6c6876336ceb664e75b197320c1dacdc64b7940afdfce488,0,89323215,35.7299548,1,0,-19780.6739609,-19920.8449957,1,,-19920.8449957,-19898.9509831,-19945.468329,1
T03,confirm,high_margin,sha256:a0876414db2523fd6c6876336ceb664e75b197320c1dacdc64b7940afdfce488,0,89326549,35.7312884,1,0,-19780.6739609,-19897.8991855,1,,-19897.8991855,-19896.1211902,-19898.5916985,1
T03,confirm,high_margin,sha256:a0876414db2523fd6c6876336ceb664e75b197320c1dacdc64b7940afdfce488,0,89329882,35.7326216,1,0,-19780.6739609,-19923.2185851,1,,-19923.2185851,-19932.1904628,-19921.5780671,1
T03,confirm,high_margin,sha256:a0876414db2523fd6c6876336ceb664e75b197320c1dacdc64b7940afdfce488,0,89333215,35.7339548,1,0,-19780.6739609,-19937.542223,1,,-19937.542223,-19931.8269639,-19949.0662069,1
T03,confirm,high_margin,sha256:a0876414db2523fd6c6876336ceb664e75b197320c1dacdc64b7940afdfce488,0,89336549,35.7352884,1,0,-19780.6739609,-20019.375104,1,,-20019.375104,-20016.6966618,-20019.681063,1
T03,confirm,high_margin,sha256:a0876414db2523fd6c6876336ceb664e75b197320c1dacdc64b7940afdfce488,0,89339882,35.7366216,1,0,-19780.6739609,-19998.04593,1,,-19998.04593,-20013.9635486,-19981.4256259,1
T03,confirm,high_margin,sha256:a0876414db2523fd6c6876336ceb664e75b197320c1dacdc64b7940afdfce488,0,89343215,35.7379548,1,0,-19780.6739609,-20018.0423853,1,,-20018.0423853,-20038.3340478,-19996.2413702,1
T03,confirm,high_margin,sha256:a0876414db2523fd6c6876336ceb664e75b197320c1dacdc64b7940afdfce488,0,89346549,35.7392884,1,0,-19780.6739609,-20024.9662446,1,,-20024.9662446,-20039.6118533,-20008.4343142,1
T03,confirm,high_margin,sha256:a0876414db2523fd6c6876336ceb664e75b197320c1dacdc64b7940afdfce488,0,89349882,35.7406216,1,0,-19780.6739609,-20064.1188014,1,,-20064.1188014,-20069.8807984,-20054.2259443,1
T03,confirm,high_margin,sha256:a0876414db2523fd6c6876336ceb664e75b197320c1dacdc64b7940afdfce488,0,89353215,35.7419548,1,0,-19780.6739609,-20037.3190874,1,,-20037.3190874,-20035.3463049,-20031.2824537,1
T03,confirm,high_margin,sha256:a0876414db2523fd6c6876336ceb664e75b197320c1dacdc64b7940afdfce488,0,89356549,35.7432884,1,0,-19780.6739609,-19999.7350422,1,,-19999.7350422,-19994.8611752,-20005.2761195,1
T03,confirm,high_margin,sha256:a0876414db2523fd6c6876336ceb664e75b197320c1dacdc64b7940afdfce488,0,89359882,35.7446216,1,0,-19780.6739609,-20034.8009152,1,,-20034.8009152,-20040.1650976,-20018.6550233,1
T03,confirm,high_margin,sha256:a0876414db2523fd6c6876336ceb664e75b197320c1dacdc64b7940afdfce488,0,89363215,35.7459548,1,0,-19780.6739609,-20021.0095192,1,,-20021.0095192,-20002.8471476,-20034.8227143,1
T03,confirm,high_margin,sha256:a0876414db2523fd6c6876336ceb664e75b197320c1dacdc64b7940afdfce488,0,89366549,35.7472884,1,0,-19780.6739609,-19971.9349998,1,,-19971.9349998,-19954.5749774,-19985.0608698,1
T03,confirm,high_margin,sha256:a0876414db2523fd6c6876336ceb664e75b197320c1dacdc64b7940afdfce488,0,89369882,35.7486216,1,0,-19780.6739609,-19984.7544322,1,,-19984.7544322,-19982.4163662,-20008.6686111,1
T03,confirm,high_margin,sha256:a0876414db2523fd6c6876336ceb664e75b197320c1dacdc64b7940afdfce488,0,89373215,35.7499548,1,0,-19780.6739609,-20098.8264005,1,,-20098.8264005,-20114.0164854,-20082.9767647,1
T03,confirm,late_median_margin,sha256:a0876414db2523fd6c6876336ceb664e75b197320c1dacdc64b7940afdfce488,0,98876175,39.5511388,1,0,-40061.999822,-40049.3250075,1,,-40049.3250075,-40017.6837773,-40078.807031,1
T03,confirm,late_median_margin,sha256:a0876414db2523fd6c6876336ceb664e75b197320c1dacdc64b7940afdfce488,0,98879508,39.552472,1,0,-40061.999822,-40020.2539064,1,,-40020.2539064,-40042.9995722,-40021.1325929,1
T03,confirm,late_median_margin,sha256:a0876414db2523fd6c6876336ceb664e75b197320c1dacdc64b7940afdfce488,0,98882842,39.5538056,1,0,-40061.999822,-40018.5491892,1,,-40018.5491892,-40003.3927037,-40047.3803893,1
T03,confirm,late_median_margin,sha256:a0876414db2523fd6c6876336ceb664e75b197320c1dacdc64b7940afdfce488,0,98886175,39.5551388,1,0,-40061.999822,-40076.0302307,1,,-40076.0302307,-40079.3850549,-40068.192628,1
T03,confirm,late_median_margin,sha256:a0876414db2523fd6c6876336ceb664e75b197320c1dacdc64b7940afdfce488,0,98889508,39.556472,1,0,-40061.999822,-40063.3360786,1,,-40063.3360786,-40077.5864269,-40053.6208401,1
T03,confirm,late_median_margin,sha256:a0876414db2523fd6c6876336ceb664e75b197320c1dacdc64b7940afdfce488,0,98892842,39.5578056,1,0,-40061.999822,-40127.4227965,1,,-40127.4227965,-40129.6330512,-40124.429122,1
T03,confirm,late_median_margin,sha256:a0876414db2523fd6c6876336ceb664e75b197320c1dacdc64b7940afdfce488,0,98896175,39.5591388,1,0,-40061.999822,-40047.1875646,1,,-40047.1875646,-40079.8277455,-40023.6802705,1
T03,confirm,late_median_margin,sha256:a0876414db2523fd6c6876336ceb664e75b197320c1dacdc64b7940afdfce488,0,98899508,39.560472,1,0,-40061.999822,-40071.9358355,1,,-40071.9358355,-40041.9209593,-40117.1651427,1
T03,confirm,late_median_margin,sha256:a0876414db2523fd6c6876336ceb664e75b197320c1dacdc64b7940afdfce488,0,98902842,39.5618056,1,0,-40061.999822,-40068.1404887,0,even_odd_disagreement_above_maximum,-40068.1404887,-40124.320569,-40018.9098354,1
T03,confirm,late_median_margin,sha256:a0876414db2523fd6c6876336ceb664e75b197320c1dacdc64b7940afdfce488,0,98906175,39.5631388,1,0,-40061.999822,-40104.2286453,1,,-40104.2286453,-40123.9819503,-40088.5792524,1
T03,confirm,late_median_margin,sha256:a0876414db2523fd6c6876336ceb664e75b197320c1dacdc64b7940afdfce488,0,98909508,39.564472,1,0,-40061.999822,-40106.0237624,1,,-40106.0237624,-40119.5434068,-40101.746318,1
T03,confirm,late_median_margin,sha256:a0876414db2523fd6c6876336ceb664e75b197320c1dacdc64b7940afdfce488,0,98912842,39.5658056,1,0,-40061.999822,-40087.1467806,1,,-40087.1467806,-40091.6569373,-40078.4187513,1
T03,confirm,late_median_margin,sha256:a0876414db2523fd6c6876336ceb664e75b197320c1dacdc64b7940afdfce488,0,98916175,39.5671388,1,0,-40061.999822,-40086.5011629,1,,-40086.5011629,-40116.5601591,-40047.5745972,1
T03,confirm,late_median_margin,sha256:a0876414db2523fd6c6876336ceb664e75b197320c1dacdc64b7940afdfce488,0,98919508,39.568472,1,0,-40061.999822,-40065.1293934,1,,-40065.1293934,-40083.7856095,-40047.8192201,1
T03,confirm,late_median_margin,sha256:a0876414db2523fd6c6876336ceb664e75b197320c1dacdc64b7940afdfce488,0,98922842,39.5698056,1,0,-40061.999822,-40069.0376624,1,,-40069.0376624,-40072.7408794,-40057.4549251,1
T03,confirm,late_median_margin,sha256:a0876414db2523fd6c6876336ceb664e75b197320c1dacdc64b7940afdfce488,0,98926175,39.5711388,1,0,-40061.999822,-40073.1395245,1,,-40073.1395245,-40067.0366296,-40083.394066,1
T03,confirm,late_median_margin,sha256:a0876414db2523fd6c6876336ceb664e75b197320c1dacdc64b7940afdfce488,0,98929508,39.572472,1,0,-40061.999822,-40132.7169995,1,,-40132.7169995,-40100.6983981,-40160.7530635,1
T03,confirm,late_median_margin,sha256:a0876414db2523fd6c6876336ceb664e75b197320c1dacdc64b7940afdfce488,0,98932842,39.5738056,1,0,-40061.999822,-40092.6213662,1,,-40092.6213662,-40102.7155851,-40087.5937745,1
T03,confirm,late_median_margin,sha256:a0876414db2523fd6c6876336ceb664e75b197320c1dacdc64b7940afdfce488,0,98936175,39.5751388,1,0,-40061.999822,-40121.8640547,1,,-40121.8640547,-40108.9739992,-40131.9964982,1
T03,confirm,late_median_margin,sha256:a0876414db2523fd6c6876336ceb664e75b197320c1dacdc64b7940afdfce488,0,98939508,39.576472,1,0,-40061.999822,-40215.9881543,1,,-40215.9881543,-40197.4071491,-40238.3806858,1
T03,confirm,late_median_margin,sha256:a0876414db2523fd6c6876336ceb664e75b197320c1dacdc64b7940afdfce488,0,98942842,39.5778056,1,0,-40061.999822,-40210.5904565,1,,-40210.5904565,-40213.6253005,-40210.4801802,1
T03,confirm,late_median_margin,sha256:a0876414db2523fd6c6876336ceb664e75b197320c1dacdc64b7940afdfce488,0,98946175,39.5791388,1,0,-40061.999822,-40207.2314095,1,,-40207.2314095,-40214.770535,-40197.3004126,1
T03,confirm,late_median_margin,sha256:a0876414db2523fd6c6876336ceb664e75b197320c1dacdc64b7940afdfce488,0,98949508,39.580472,1,0,-40061.999822,-40207.9105432,1,,-40207.9105432,-40183.5009624,-40234.6320063,1
T03,confirm,late_median_margin,sha256:a0876414db2523fd6c6876336ceb664e75b197320c1dacdc64b7940afdfce488,0,98952842,39.5818056,1,0,-40061.999822,-40203.0591357,1,,-40203.0591357,-40215.6072817,-40189.2842023,1
T03,confirm,late_median_margin,sha256:a0876414db2523fd6c6876336ceb664e75b197320c1dacdc64b7940afdfce488,0,98956175,39.5831388,1,0,-40061.999822,-40269.3882469,1,,-40269.3882469,-40259.9804837,-40284.0008655,1
T03,confirm,late_median_margin,sha256:a0876414db2523fd6c6876336ceb664e75b197320c1dacdc64b7940afdfce488,0,98959508,39.584472,1,0,-40061.999822,-40212.6813699,1,,-40212.6813699,-40193.5235203,-40219.2752848,1
T03,confirm,late_median_margin,sha256:a0876414db2523fd6c6876336ceb664e75b197320c1dacdc64b7940afdfce488,0,98962842,39.5858056,1,0,-40061.999822,-40138.5064374,1,,-40138.5064374,-40108.2566462,-40179.495867,1
T03,confirm,late_median_margin,sha256:a0876414db2523fd6c6876336ceb664e75b197320c1dacdc64b7940afdfce488,0,98966175,39.5871388,1,0,-40061.999822,-40055.6320596,1,,-40055.6320596,-40073.0839525,-40040.1790267,1
T03,confirm,late_median_margin,sha256:a0876414db2523fd6c6876336ceb664e75b197320c1dacdc64b7940afdfce488,0,98969508,39.588472,1,0,-40061.999822,-40150.0762871,1,,-40150.0762871,-40126.1527621,-40165.0917292,1
T03,confirm,late_median_margin,sha256:a0876414db2523fd6c6876336ceb664e75b197320c1dacdc64b7940afdfce488,0,98972842,39.5898056,1,0,-40061.999822,-40163.5956149,1,,-40163.5956149,-40185.7311031,-40142.8494971,1
T03,confirm,late_median_margin,sha256:a0876414db2523fd6c6876336ceb664e75b197320c1dacdc64b7940afdfce488,0,98976175,39.5911388,1,0,-40061.999822,-40091.8923484,1,,-40091.8923484,-40094.4476998,-40070.2892975,1
T03,confirm,late_median_margin,sha256:a0876414db2523fd6c6876336ceb664e75b197320c1dacdc64b7940afdfce488,0,98979508,39.592472,1,0,-40061.999822,-40124.0106815,1,,-40124.0106815,-40121.7615159,-40126.3092379,1
T03,confirm,late_median_margin,sha256:a0876414db2523fd6c6876336ceb664e75b197320c1dacdc64b7940afdfce488,0,98982842,39.5938056,1,0,-40061.999822,-40186.5186409,1,,-40186.5186409,-40170.5756891,-40193.7458323,1
T03,confirm,late_median_margin,sha256:a0876414db2523fd6c6876336ceb664e75b197320c1dacdc64b7940afdfce488,0,98986175,39.5951388,1,0,-40061.999822,-40165.1278408,1,,-40165.1278408,-40177.3177193,-40154.6604538,1
T03,confirm,late_median_margin,sha256:a0876414db2523fd6c6876336ceb664e75b197320c1dacdc64b7940afdfce488,0,98989508,39.596472,1,0,-40061.999822,-40176.5967549,1,,-40176.5967549,-40139.304876,-40218.1308796,1
T03,confirm,late_median_margin,sha256:a0876414db2523fd6c6876336ceb664e75b197320c1dacdc64b7940afdfce488,0,98992842,39.5978056,1,0,-40061.999822,-40166.2609836,1,,-40166.2609836,-40165.3638523,-40168.036886,1
T03,confirm,late_median_margin,sha256:a0876414db2523fd6c6876336ceb664e75b197320c1dacdc64b7940afdfce488,0,98996175,39.5991388,1,0,-40061.999822,-40219.2398617,1,,-40219.2398617,-40221.9487457,-40202.491723,1
T03,confirm,late_median_margin,sha256:a0876414db2523fd6c6876336ceb664e75b197320c1dacdc64b7940afdfce488,0,98999508,39.600472,1,0,-40061.999822,-40172.6231595,1,,-40172.6231595,-40160.3709934,-40183.8239879,1
T03,confirm,late_median_margin,sha256:a0876414db2523fd6c6876336ceb664e75b197320c1dacdc64b7940afdfce488,0,99002842,39.6018056,1,0,-40061.999822,-40189.1196306,1,,-40189.1196306,-40173.1361273,-40194.9290432,1
T03,confirm,late_median_margin,sha256:a0876414db2523fd6c6876336ceb664e75b197320c1dacdc64b7940afdfce488,0,99006175,39.6031388,1,0,-40061.999822,-40194.292615,1,,-40194.292615,-40198.1452178,-40186.8201749,1
T03,confirm,late_median_margin,sha256:a0876414db2523fd6c6876336ceb664e75b197320c1dacdc64b7940afdfce488,0,99009508,39.604472,1,0,-40061.999822,-40121.7639918,1,,-40121.7639918,-40116.1187062,-40127.3139327,1
T03,confirm,late_median_margin,sha256:a0876414db2523fd6c6876336ceb664e75b197320c1dacdc64b7940afdfce488,0,99012842,39.6058056,1,0,-40061.999822,-40193.5766828,1,,-40193.5766828,-40213.6668456,-40181.0471518,1
T03,confirm,late_median_margin,sha256:a0876414db2523fd6c6876336ceb664e75b197320c1dacdc64b7940afdfce488,0,99016175,39.6071388,1,0,-40061.999822,-40250.3639913,1,,-40250.3639913,-40265.5494713,-40251.2195094,1
T03,confirm,late_median_margin,sha256:a0876414db2523fd6c6876336ceb664e75b197320c1dacdc64b7940afdfce488,0,99019508,39.608472,1,0,-40061.999822,-40230.3693117,1,,-40230.3693117,-40219.489408,-40241.9773805,1
T03,confirm,late_median_margin,sha256:a0876414db2523fd6c6876336ceb664e75b197320c1dacdc64b7940afdfce488,0,99022842,39.6098056,1,0,-40061.999822,-40226.9145429,1,,-40226.9145429,-40218.2831327,-40234.6339222,1
T03,confirm,late_median_margin,sha256:a0876414db2523fd6c6876336ceb664e75b197320c1dacdc64b7940afdfce488,0,99026175,39.6111388,1,0,-40061.999822,-40235.0983864,1,,-40235.0983864,-40244.088451,-40222.861576,1
T03,confirm,late_median_margin,sha256:a0876414db2523fd6c6876336ceb664e75b197320c1dacdc64b7940afdfce488,0,99029508,39.612472,1,0,-40061.999822,-40169.2778568,1,,-40169.2778568,-40148.9755366,-40204.1182927,1
T03,confirm,late_median_margin,sha256:a0876414db2523fd6c6876336ceb664e75b197320c1dacdc64b7940afdfce488,0,99032842,39.6138056,1,0,-40061.999822,-40192.7318895,1,,-40192.7318895,-40165.3372569,-40206.207375,1
T03,confirm,late_median_margin,sha256:a0876414db2523fd6c6876336ceb664e75b197320c1dacdc64b7940afdfce488,0,99036175,39.6151388,1,0,-40061.999822,-40192.795049,1,,-40192.795049,-40193.1356003,-40204.7354303,1
T03,confirm,late_median_margin,sha256:a0876414db2523fd6c6876336ceb664e75b197320c1dacdc64b7940afdfce488,0,99039508,39.616472,1,0,-40061.999822,-40218.9443464,1,,-40218.9443464,-40204.5645114,-40229.9315843,1
T03,confirm,late_median_margin,sha256:a0876414db2523fd6c6876336ceb664e75b197320c1dacdc64b7940afdfce488,0,99042842,39.6178056,1,0,-40061.999822,-40213.6768715,1,,-40213.6768715,-40199.0040657,-40223.0389264,1
T03,confirm,late_median_margin,sha256:a0876414db2523fd6c6876336ceb664e75b197320c1dacdc64b7940afdfce488,0,99046175,39.6191388,1,0,-40061.999822,-40179.2098092,1,,-40179.2098092,-40168.1131414,-40200.7924723,1
T03,confirm,late_median_margin,sha256:a0876414db2523fd6c6876336ceb664e75b197320c1dacdc64b7940afdfce488,0,99049508,39.620472,1,0,-40061.999822,-40234.8982124,1,,-40234.8982124,-40215.2452855,-40255.6072713,1
T03,confirm,late_median_margin,sha256:a0876414db2523fd6c6876336ceb664e75b197320c1dacdc64b7940afdfce488,0,99052842,39.6218056,1,0,-40061.999822,-40231.4897759,1,,-40231.4897759,-40244.6467448,-40215.6195182,1
T03,confirm,late_median_margin,sha256:a0876414db2523fd6c6876336ceb664e75b197320c1dacdc64b7940afdfce488,0,99056175,39.6231388,1,0,-40061.999822,-40210.2952224,1,,-40210.2952224,-40201.2613577,-40219.0327459,1
T03,confirm,late_median_margin,sha256:a0876414db2523fd6c6876336ceb664e75b197320c1dacdc64b7940afdfce488,0,99059508,39.624472,1,0,-40061.999822,-40221.2138044,1,,-40221.2138044,-40213.0830961,-40217.2182918,1
T03,confirm,low_positive_margin,sha256:a0876414db2523fd6c6876336ceb664e75b197320c1dacdc64b7940afdfce488,0,100376036,40.1510832,0,0,-43305.7619386,-44510.6413568,0,exact_coherence_below_minimum;even_odd_disagreement_above_maximum;timing_spread_above_maximum;half_frame_difference_above_maximum;tone_deletion_shift_above_maximum,-39066.9948968,-41619.4351858,-44418.2524764,0
T03,confirm,low_positive_margin,sha256:a0876414db2523fd6c6876336ceb664e75b197320c1dacdc64b7940afdfce488,0,100379369,40.1524164,0,0,-43305.7619386,-42630.6321665,0,exact_coherence_below_minimum;coherence_margin_below_minimum;even_odd_disagreement_above_maximum;timing_spread_above_maximum;tone_deletion_shift_above_maximum,-48106.1737447,-41595.9312713,-41905.9673445,0
T03,confirm,low_positive_margin,sha256:a0876414db2523fd6c6876336ceb664e75b197320c1dacdc64b7940afdfce488,0,100382703,40.15375,0,0,-43305.7619386,-43083.1890221,0,exact_coherence_below_minimum;coherence_margin_below_minimum;timing_spread_above_maximum;half_frame_difference_above_maximum;tone_deletion_shift_above_maximum,-40313.1400772,-41339.3855952,-41305.7619386,0
T03,confirm,low_positive_margin,sha256:a0876414db2523fd6c6876336ceb664e75b197320c1dacdc64b7940afdfce488,0,100386036,40.1550832,0,0,-43305.7619386,-43254.17574,0,exact_coherence_below_minimum;coherence_margin_below_minimum;even_odd_disagreement_above_maximum;timing_spread_above_maximum;tone_deletion_shift_above_maximum,-38554.5811382,-43304.5565759,-43818.2770921,0
T03,confirm,low_positive_margin,sha256:a0876414db2523fd6c6876336ceb664e75b197320c1dacdc64b7940afdfce488,0,100389369,40.1564164,0,0,-43305.7619386,-44823.9936774,0,exact_coherence_below_minimum;even_odd_disagreement_above_maximum;timing_spread_above_maximum;half_frame_difference_above_maximum;tone_deletion_shift_above_maximum,-37305.7619386,-42861.9605498,-44069.7251503,0
T03,confirm,low_positive_margin,sha256:a0876414db2523fd6c6876336ceb664e75b197320c1dacdc64b7940afdfce488,0,100392703,40.15775,0,0,-43305.7619386,-45305.7619386,0,exact_coherence_below_minimum;coherence_margin_below_minimum;even_odd_disagreement_above_maximum;timing_spread_above_maximum;tone_deletion_shift_above_maximum;search_boundary,-49059.847636,-42034.3923688,-45305.7619386,0
T03,confirm,low_positive_margin,sha256:a0876414db2523fd6c6876336ceb664e75b197320c1dacdc64b7940afdfce488,0,100396036,40.1590832,0,0,-43305.7619386,-41431.0740347,0,exact_coherence_below_minimum;coherence_margin_below_minimum;even_odd_disagreement_above_maximum;timing_spread_above_maximum;tone_deletion_shift_above_maximum,-46580.5077504,-44265.0178275,-44046.5892304,0
T03,confirm,low_positive_margin,sha256:a0876414db2523fd6c6876336ceb664e75b197320c1dacdc64b7940afdfce488,0,100399369,40.1604164,0,1,-43305.7619386,,0,refill_boundary_crossing,,,,0
T03,confirm,low_positive_margin,sha256:a0876414db2523fd6c6876336ceb664e75b197320c1dacdc64b7940afdfce488,0,100402703,40.16175,0,0,-43305.7619386,-43279.7419014,1,,-43279.7419014,-43261.6680745,-43294.7574847,1
T03,confirm,low_positive_margin,sha256:a0876414db2523fd6c6876336ceb664e75b197320c1dacdc64b7940afdfce488,0,100406036,40.1630832,0,0,-43305.7619386,-43325.6892928,1,,-43325.6892928,-43352.2183225,-43299.8953679,1
T03,confirm,low_positive_margin,sha256:a0876414db2523fd6c6876336ceb664e75b197320c1dacdc64b7940afdfce488,0,100409369,40.1644164,0,0,-43305.7619386,-43294.9703335,1,,-43294.9703335,-43294.2319205,-43302.6675341,1
T03,confirm,low_positive_margin,sha256:a0876414db2523fd6c6876336ceb664e75b197320c1dacdc64b7940afdfce488,0,100412703,40.16575,0,0,-43305.7619386,-43310.9752902,1,,-43310.9752902,-43290.7637954,-43329.8152823,1
T03,confirm,low_positive_margin,sha256:a0876414db2523fd6c6876336ceb664e75b197320c1dacdc64b7940afdfce488,0,100416036,40.1670832,0,0,-43305.7619386,-43306.618588,1,,-43306.618588,-43269.1466714,-43343.6455617,1
T03,confirm,low_positive_margin,sha256:a0876414db2523fd6c6876336ceb664e75b197320c1dacdc64b7940afdfce488,0,100419369,40.1684164,0,0,-43305.7619386,-43256.6544834,1,,-43256.6544834,-43239.6928019,-43290.7913888,1
T03,confirm,low_positive_margin,sha256:a0876414db2523fd6c6876336ceb664e75b197320c1dacdc64b7940afdfce488,0,100422703,40.16975,0,0,-43305.7619386,-43302.5782661,1,,-43302.5782661,-43312.5921859,-43291.7874064,1
T03,confirm,low_positive_margin,sha256:a0876414db2523fd6c6876336ceb664e75b197320c1dacdc64b7940afdfce488,0,100426036,40.1710832,0,0,-43305.7619386,-43308.4019882,1,,-43308.4019882,-43296.1911242,-43330.3801732,1
T03,confirm,low_positive_margin,sha256:a0876414db2523fd6c6876336ceb664e75b197320c1dacdc64b7940afdfce488,0,100429369,40.1724164,0,0,-43305.7619386,-43286.3872913,1,,-43286.3872913,-43284.4256802,-43292.308988,1
T03,confirm,low_positive_margin,sha256:a0876414db2523fd6c6876336ceb664e75b197320c1dacdc64b7940afdfce488,0,100432703,40.17375,0,0,-43305.7619386,-43347.5684266,1,,-43347.5684266,-43348.3793717,-43343.3208695,1
T03,confirm,low_positive_margin,sha256:a0876414db2523fd6c6876336ceb664e75b197320c1dacdc64b7940afdfce488,0,100436036,40.1750832,0,0,-43305.7619386,-43344.6865656,1,,-43344.6865656,-43356.9120934,-43328.3546633,1
T03,confirm,low_positive_margin,sha256:a0876414db2523fd6c6876336ceb664e75b197320c1dacdc64b7940afdfce488,0,100439369,40.1764164,0,0,-43305.7619386,-43355.5613988,1,,-43355.5613988,-43350.7842074,-43361.4832794,1
T03,confirm,low_positive_margin,sha256:a0876414db2523fd6c6876336ceb664e75b197320c1dacdc64b7940afdfce488,0,100442703,40.17775,0,0,-43305.7619386,-43341.8412691,1,,-43341.8412691,-43355.3313567,-43323.3078355,1
T03,confirm,low_positive_margin,sha256:a0876414db2523fd6c6876336ceb664e75b197320c1dacdc64b7940afdfce488,0,100446036,40.1790832,0,0,-43305.7619386,-43319.860241,0,even_odd_disagreement_above_maximum,-43319.860241,-43275.2995764,-43381.6788281,1
T03,confirm,low_positive_margin,sha256:a0876414db2523fd6c6876336ceb664e75b197320c1dacdc64b7940afdfce488,0,100449369,40.1804164,0,0,-43305.7619386,-43375.1529446,1,,-43375.1529446,-43374.419719,-43365.5886507,1
T03,confirm,low_positive_margin,sha256:a0876414db2523fd6c6876336ceb664e75b197320c1dacdc64b7940afdfce488,0,100452703,40.18175,0,0,-43305.7619386,-43345.9400137,1,,-43345.9400137,-43342.6335056,-43351.790668,1
T03,confirm,low_positive_margin,sha256:a0876414db2523fd6c6876336ceb664e75b197320c1dacdc64b7940afdfce488,0,100456036,40.1830832,0,0,-43305.7619386,-43359.0686787,1,,-43359.0686787,-43380.6318969,-43326.4946495,1
T03,confirm,low_positive_margin,sha256:a0876414db2523fd6c6876336ceb664e75b197320c1dacdc64b7940afdfce488,0,100459369,40.1844164,0,0,-43305.7619386,-43434.2681781,1,,-43434.2681781,-43455.507076,-43401.5524258,1
T03,confirm,low_positive_margin,sha256:a0876414db2523fd6c6876336ceb664e75b197320c1dacdc64b7940afdfce488,0,100462703,40.18575,0,0,-43305.7619386,-43421.3311757,1,,-43421.3311757,-43420.1373894,-43422.2180129,1
T03,confirm,low_positive_margin,sha256:a0876414db2523fd6c6876336ceb664e75b197320c1dacdc64b7940afdfce488,0,100466036,40.1870832,0,0,-43305.7619386,-43369.6905513,1,,-43369.6905513,-43363.5633138,-43372.1748631,1
T03,confirm,low_positive_margin,sha256:a0876414db2523fd6c6876336ceb664e75b197320c1dacdc64b7940afdfce488,0,100469369,40.1884164,0,0,-43305.7619386,-43370.5303556,1,,-43370.5303556,-43373.3967096,-43364.7504074,1
T03,confirm,low_positive_margin,sha256:a0876414db2523fd6c6876336ceb664e75b197320c1dacdc64b7940afdfce488,0,100472703,40.18975,0,0,-43305.7619386,-43442.4060084,1,,-43442.4060084,-43422.7981841,-43463.3116952,1
T03,confirm,low_positive_margin,sha256:a0876414db2523fd6c6876336ceb664e75b197320c1dacdc64b7940afdfce488,0,100476036,40.1910832,0,0,-43305.7619386,-43406.0881846,1,,-43406.0881846,-43393.5757815,-43416.2411986,1
T03,confirm,low_positive_margin,sha256:a0876414db2523fd6c6876336ceb664e75b197320c1dacdc64b7940afdfce488,0,100479369,40.1924164,0,0,-43305.7619386,-43418.6893194,1,,-43418.6893194,-43415.4401684,-43411.6497866,1
T03,confirm,low_positive_margin,sha256:a0876414db2523fd6c6876336ceb664e75b197320c1dacdc64b7940afdfce488,0,100482703,40.19375,0,0,-43305.7619386,-43456.549802,1,,-43456.549802,-43458.0914874,-43460.3197358,1
T03,confirm,low_positive_margin,sha256:a0876414db2523fd6c6876336ceb664e75b197320c1dacdc64b7940afdfce488,0,100486036,40.1950832,0,0,-43305.7619386,-43472.7631971,1,,-43472.7631971,-43437.982533,-43510.4479161,1
T03,confirm,low_positive_margin,sha256:a0876414db2523fd6c6876336ceb664e75b197320c1dacdc64b7940afdfce488,0,100489369,40.1964164,0,0,-43305.7619386,-43429.2627704,1,,-43429.2627704,-43411.4632249,-43448.5802551,1
T03,confirm,low_positive_margin,sha256:a0876414db2523fd6c6876336ceb664e75b197320c1dacdc64b7940afdfce488,0,100492703,40.19775,0,0,-43305.7619386,-43350.7624952,1,,-43350.7624952,-43362.8263656,-43337.548314,1
T03,confirm,low_positive_margin,sha256:a0876414db2523fd6c6876336ceb664e75b197320c1dacdc64b7940afdfce488,0,100496036,40.1990832,0,0,-43305.7619386,-43414.0744914,1,,-43414.0744914,-43402.1397666,-43432.5572092,1
T03,confirm,low_positive_margin,sha256:a0876414db2523fd6c6876336ceb664e75b197320c1dacdc64b7940afdfce488,0,100499369,40.2004164,0,0,-43305.7619386,-43434.4884342,1,,-43434.4884342,-43431.128196,-43450.8521022,1
T03,confirm,low_positive_margin,sha256:a0876414db2523fd6c6876336ceb664e75b197320c1dacdc64b7940afdfce488,0,100502703,40.20175,0,0,-43305.7619386,-43379.3113173,1,,-43379.3113173,-43397.5803598,-43372.4115338,1
T03,confirm,low_positive_margin,sha256:a0876414db2523fd6c6876336ceb664e75b197320c1dacdc64b7940afdfce488,0,100506036,40.2030832,0,0,-43305.7619386,-43392.2410355,1,,-43392.2410355,-43421.5255498,-43366.4176469,1
T03,confirm,low_positive_margin,sha256:a0876414db2523fd6c6876336ceb664e75b197320c1dacdc64b7940afdfce488,0,100509369,40.2044164,0,0,-43305.7619386,-43400.0029978,1,,-43400.0029978,-43408.5317682,-43397.5276001,1
T03,confirm,low_positive_margin,sha256:a0876414db2523fd6c6876336ceb664e75b197320c1dacdc64b7940afdfce488,0,100512703,40.20575,0,0,-43305.7619386,-43438.233996,1,,-43438.233996,-43423.2672795,-43449.4758605,1
T03,confirm,low_positive_margin,sha256:a0876414db2523fd6c6876336ceb664e75b197320c1dacdc64b7940afdfce488,0,100516036,40.2070832,0,0,-43305.7619386,-43416.4200523,1,,-43416.4200523,-43423.881866,-43408.9619158,1
T03,confirm,low_positive_margin,sha256:a0876414db2523fd6c6876336ceb664e75b197320c1dacdc64b7940afdfce488,0,100519369,40.2084164,0,0,-43305.7619386,-43411.2655764,1,,-43411.2655764,-43396.291762,-43458.8298351,1
T03,confirm,low_positive_margin,sha256:a0876414db2523fd6c6876336ceb664e75b197320c1dacdc64b7940afdfce488,0,100522703,40.20975,0,0,-43305.7619386,-43406.5254001,1,,-43406.5254001,-43358.4398027,-43454.9639585,1
T03,confirm,low_positive_margin,sha256:a0876414db2523fd6c6876336ceb664e75b197320c1dacdc64b7940afdfce488,0,100526036,40.2110832,0,0,-43305.7619386,-43392.2381921,1,,-43392.2381921,-43387.4962741,-43393.7446487,1
T03,confirm,low_positive_margin,sha256:a0876414db2523fd6c6876336ceb664e75b197320c1dacdc64b7940afdfce488,0,100529369,40.2124164,0,0,-43305.7619386,-43439.3731999,1,,-43439.3731999,-43447.6939802,-43431.3356065,1
T03,confirm,low_positive_margin,sha256:a0876414db2523fd6c6876336ceb664e75b197320c1dacdc64b7940afdfce488,0,100532703,40.21375,0,0,-43305.7619386,-43433.687018,1,,-43433.687018,-43448.1238629,-43409.872489,1
T03,confirm,low_positive_margin,sha256:a0876414db2523fd6c6876336ceb664e75b197320c1dacdc64b7940afdfce488,0,100536036,40.2150832,0,0,-43305.7619386,-43476.0658579,1,,-43476.0658579,-43473.1478376,-43491.5414702,1
T03,confirm,low_positive_margin,sha256:a0876414db2523fd6c6876336ceb664e75b197320c1dacdc64b7940afdfce488,0,100539369,40.2164164,0,0,-43305.7619386,-43464.9349582,1,,-43464.9349582,-43483.4810245,-43456.2543555,1
T03,confirm,low_positive_margin,sha256:a0876414db2523fd6c6876336ceb664e75b197320c1dacdc64b7940afdfce488,0,100542703,40.21775,0,0,-43305.7619386,-43463.04045,1,,-43463.04045,-43469.2367436,-43452.3333764,1
T03,confirm,low_positive_margin,sha256:a0876414db2523fd6c6876336ceb664e75b197320c1dacdc64b7940afdfce488,0,100546036,40.2190832,0,0,-43305.7619386,-43476.427636,1,,-43476.427636,-43483.9937162,-43468.1796711,1
T03,confirm,low_positive_margin,sha256:a0876414db2523fd6c6876336ceb664e75b197320c1dacdc64b7940afdfce488,0,100549369,40.2204164,0,0,-43305.7619386,-43556.9242984,1,,-43556.9242984,-43546.1348586,-43583.4379915,1
T03,confirm,low_positive_margin,sha256:a0876414db2523fd6c6876336ceb664e75b197320c1dacdc64b7940afdfce488,0,100552703,40.22175,0,0,-43305.7619386,-43490.823853,1,,-43490.823853,-43451.3451281,-43548.8266878,1
T03,confirm,low_positive_margin,sha256:a0876414db2523fd6c6876336ceb664e75b197320c1dacdc64b7940afdfce488,0,100556036,40.2230832,0,0,-43305.7619386,-43444.1792048,1,,-43444.1792048,-43458.3631588,-43430.8000045,1
T03,confirm,low_positive_margin,sha256:a0876414db2523fd6c6876336ceb664e75b197320c1dacdc64b7940afdfce488,0,100559369,40.2244164,0,0,-43305.7619386,-43447.4244713,1,,-43447.4244713,-43400.0790666,-43489.8716134,1
T03,confirm,middle_median_margin,sha256:a0876414db2523fd6c6876336ceb664e75b197320c1dacdc64b7940afdfce488,0,95750876,38.3010192,1,0,-33569.9369713,-33537.1557483,1,,-33537.1557483,-33553.8126396,-33522.9640083,1
T03,confirm,middle_median_margin,sha256:a0876414db2523fd6c6876336ceb664e75b197320c1dacdc64b7940afdfce488,0,95754209,38.3023524,1,0,-33569.9369713,-33550.6209314,1,,-33550.6209314,-33525.6960137,-33572.655467,1
T03,confirm,middle_median_margin,sha256:a0876414db2523fd6c6876336ceb664e75b197320c1dacdc64b7940afdfce488,0,95757543,38.303686,1,0,-33569.9369713,-33552.7160613,1,,-33552.7160613,-33546.3164188,-33563.444812,1
T03,confirm,middle_median_margin,sha256:a0876414db2523fd6c6876336ceb664e75b197320c1dacdc64b7940afdfce488,0,95760876,38.3050192,1,0,-33569.9369713,-33576.3995389,1,,-33576.3995389,-33571.7175504,-33573.6836776,1
T03,confirm,middle_median_margin,sha256:a0876414db2523fd6c6876336ceb664e75b197320c1dacdc64b7940afdfce488,0,95764209,38.3063524,1,0,-33569.9369713,-33552.2680973,1,,-33552.2680973,-33573.885601,-33535.7095731,1
T03,confirm,middle_median_margin,sha256:a0876414db2523fd6c6876336ceb664e75b197320c1dacdc64b7940afdfce488,0,95767543,38.307686,1,0,-33569.9369713,-33582.7576739,1,,-33582.7576739,-33619.0440152,-33558.2120473,1
T03,confirm,middle_median_margin,sha256:a0876414db2523fd6c6876336ceb664e75b197320c1dacdc64b7940afdfce488,0,95770876,38.3090192,1,0,-33569.9369713,-33621.9593589,1,,-33621.9593589,-33601.1020357,-33644.2742121,1
T03,confirm,middle_median_margin,sha256:a0876414db2523fd6c6876336ceb664e75b197320c1dacdc64b7940afdfce488,0,95774209,38.3103524,1,0,-33569.9369713,-33581.8262103,1,,-33581.8262103,-33583.5129378,-33569.5111262,1
T03,confirm,middle_median_margin,sha256:a0876414db2523fd6c6876336ceb664e75b197320c1dacdc64b7940afdfce488,0,95777543,38.311686,1,0,-33569.9369713,-33607.7081388,1,,-33607.7081388,-33586.7422225,-33635.8621849,1
T03,confirm,middle_median_margin,sha256:a0876414db2523fd6c6876336ceb664e75b197320c1dacdc64b7940afdfce488,0,95780876,38.3130192,1,0,-33569.9369713,-33591.9035795,1,,-33591.9035795,-33613.5257654,-33558.3303568,1
T03,confirm,middle_median_margin,sha256:a0876414db2523fd6c6876336ceb664e75b197320c1dacdc64b7940afdfce488,0,95784209,38.3143524,1,0,-33569.9369713,-33564.5594671,1,,-33564.5594671,-33569.4028301,-33548.2950207,1
T03,confirm,middle_median_margin,sha256:a0876414db2523fd6c6876336ceb664e75b197320c1dacdc64b7940afdfce488,0,95787543,38.315686,1,0,-33569.9369713,-33591.3880592,1,,-33591.3880592,-33602.8679376,-33560.292249,1
T03,confirm,middle_median_margin,sha256:a0876414db2523fd6c6876336ceb664e75b197320c1dacdc64b7940afdfce488,0,95790876,38.3170192,1,0,-33569.9369713,-33600.5625082,1,,-33600.5625082,-33648.1548109,-33559.098045,1
T03,confirm,middle_median_margin,sha256:a0876414db2523fd6c6876336ceb664e75b197320c1dacdc64b7940afdfce488,0,95794209,38.3183524,1,0,-33569.9369713,-33652.4130226,1,,-33652.4130226,-33660.9075754,-33643.5626921,1
T03,confirm,middle_median_margin,sha256:a0876414db2523fd6c6876336ceb664e75b197320c1dacdc64b7940afdfce488,0,95797543,38.319686,1,0,-33569.9369713,-33659.1202904,1,,-33659.1202904,-33651.8451929,-33668.7586549,1
T03,confirm,middle_median_margin,sha256:a0876414db2523fd6c6876336ceb664e75b197320c1dacdc64b7940afdfce488,0,95800876,38.3210192,1,0,-33569.9369713,-33643.6476322,1,,-33643.6476322,-33660.0163515,-33632.3500348,1
T03,confirm,middle_median_margin,sha256:a0876414db2523fd6c6876336ceb664e75b197320c1dacdc64b7940afdfce488,0,95804209,38.3223524,1,0,-33569.9369713,-33622.4839338,1,,-33622.4839338,-33627.594188,-33618.0541472,1
T03,confirm,middle_median_margin,sha256:a0876414db2523fd6c6876336ceb664e75b197320c1dacdc64b7940afdfce488,0,95807543,38.323686,1,0,-33569.9369713,-33642.9206807,1,,-33642.9206807,-33645.0069252,-33629.6660411,1
T03,confirm,middle_median_margin,sha256:a0876414db2523fd6c6876336ceb664e75b197320c1dacdc64b7940afdfce488,0,95810876,38.3250192,1,0,-33569.9369713,-33602.7243069,1,,-33602.7243069,-33556.2593711,-33643.0069703,1
T03,confirm,middle_median_margin,sha256:a0876414db2523fd6c6876336ceb664e75b197320c1dacdc64b7940afdfce488,0,95814209,38.3263524,1,0,-33569.9369713,-33573.0394111,1,,-33573.0394111,-33595.6198277,-33560.55228,1
T03,confirm,middle_median_margin,sha256:a0876414db2523fd6c6876336ceb664e75b197320c1dacdc64b7940afdfce488,0,95817543,38.327686,1,0,-33569.9369713,-33668.9427518,1,,-33668.9427518,-33674.0435796,-33666.6411159,1
T03,confirm,middle_median_margin,sha256:a0876414db2523fd6c6876336ceb664e75b197320c1dacdc64b7940afdfce488,0,95820876,38.3290192,1,0,-33569.9369713,-33566.3747949,1,,-33566.3747949,-33589.0807483,-33550.0339275,1
T03,confirm,middle_median_margin,sha256:a0876414db2523fd6c6876336ceb664e75b197320c1dacdc64b7940afdfce488,0,95824209,38.3303524,1,0,-33569.9369713,-33584.8641099,1,,-33584.8641099,-33567.1674871,-33608.5310356,1
T03,confirm,middle_median_margin,sha256:a0876414db2523fd6c6876336ceb664e75b197320c1dacdc64b7940afdfce488,0,95827543,38.331686,1,0,-33569.9369713,-33576.6942542,1,,-33576.6942542,-33600.5530577,-33542.6638226,1
T03,confirm,middle_median_margin,sha256:a0876414db2523fd6c6876336ceb664e75b197320c1dacdc64b7940afdfce488,0,95830876,38.3330192,1,0,-33569.9369713,-33659.0464185,1,,-33659.0464185,-33650.5024862,-33663.8653175,1
T03,confirm,middle_median_margin,sha256:a0876414db2523fd6c6876336ceb664e75b197320c1dacdc64b7940afdfce488,0,95834209,38.3343524,1,0,-33569.9369713,-33615.2540867,1,,-33615.2540867,-33611.1203291,-33619.9302252,1
T03,confirm,middle_median_margin,sha256:a0876414db2523fd6c6876336ceb664e75b197320c1dacdc64b7940afdfce488,0,95837543,38.335686,1,0,-33569.9369713,-33625.7909331,1,,-33625.7909331,-33662.1110959,-33574.4820104,1
T03,confirm,middle_median_margin,sha256:a0876414db2523fd6c6876336ceb664e75b197320c1dacdc64b7940afdfce488,0,95840876,38.3370192,1,0,-33569.9369713,-33654.2168533,1,,-33654.2168533,-33633.1711653,-33677.6685701,1
T03,confirm,middle_median_margin,sha256:a0876414db2523fd6c6876336ceb664e75b197320c1dacdc64b7940afdfce488,0,95844209,38.3383524,1,0,-33569.9369713,-33633.4236859,1,,-33633.4236859,-33645.3366405,-33627.9773625,1
T03,confirm,middle_median_margin,sha256:a0876414db2523fd6c6876336ceb664e75b197320c1dacdc64b7940afdfce488,0,95847543,38.339686,1,0,-33569.9369713,-33620.0752597,1,,-33620.0752597,-33596.9683834,-33637.5620738,1
T03,confirm,middle_median_margin,sha256:a0876414db2523fd6c6876336ceb664e75b197320c1dacdc64b7940afdfce488,0,95850876,38.3410192,1,0,-33569.9369713,-33629.0527679,1,,-33629.0527679,-33637.1984252,-33626.3066937,1
T03,confirm,middle_median_margin,sha256:a0876414db2523fd6c6876336ceb664e75b197320c1dacdc64b7940afdfce488,0,95854209,38.3423524,1,0,-33569.9369713,-33627.007529,1,,-33627.007529,-33623.5982588,-33642.2462205,1
T03,confirm,middle_median_margin,sha256:a0876414db2523fd6c6876336ceb664e75b197320c1dacdc64b7940afdfce488,0,95857543,38.343686,1,0,-33569.9369713,-33631.8391847,1,,-33631.8391847,-33629.5904221,-33642.8104191,1
T03,confirm,middle_median_margin,sha256:a0876414db2523fd6c6876336ceb664e75b197320c1dacdc64b7940afdfce488,0,95860876,38.3450192,1,0,-33569.9369713,-33638.7221528,1,,-33638.7221528,-33637.3303789,-33630.858964,1
T03,confirm,middle_median_margin,sha256:a0876414db2523fd6c6876336ceb664e75b197320c1dacdc64b7940afdfce488,0,95864209,38.3463524,1,0,-33569.9369713,-33667.930252,1,,-33667.930252,-33687.7350092,-33645.1799213,1
T03,confirm,middle_median_margin,sha256:a0876414db2523fd6c6876336ceb664e75b197320c1dacdc64b7940afdfce488,0,95867543,38.347686,1,0,-33569.9369713,-33696.8182992,1,,-33696.8182992,-33680.9229177,-33711.726318,1
T03,confirm,middle_median_margin,sha256:a0876414db2523fd6c6876336ceb664e75b197320c1dacdc64b7940afdfce488,0,95870876,38.3490192,1,0,-33569.9369713,-33707.0610174,1,,-33707.0610174,-33721.2675561,-33668.150708,1
T03,confirm,middle_median_margin,sha256:a0876414db2523fd6c6876336ceb664e75b197320c1dacdc64b7940afdfce488,0,95874209,38.3503524,1,0,-33569.9369713,-33692.4605847,1,,-33692.4605847,-33680.2817894,-33710.7160908,1
T03,confirm,middle_median_margin,sha256:a0876414db2523fd6c6876336ceb664e75b197320c1dacdc64b7940afdfce488,0,95877543,38.351686,1,0,-33569.9369713,-33753.2934435,1,,-33753.2934435,-33703.9914191,-33793.1277995,1
T03,confirm,middle_median_margin,sha256:a0876414db2523fd6c6876336ceb664e75b197320c1dacdc64b7940afdfce488,0,95880876,38.3530192,1,0,-33569.9369713,-33744.7527485,1,,-33744.7527485,-33732.8032614,-33783.3839374,1
T03,confirm,middle_median_margin,sha256:a0876414db2523fd6c6876336ceb664e75b197320c1dacdc64b7940afdfce488,0,95884209,38.3543524,1,0,-33569.9369713,-33807.3617053,1,,-33807.3617053,-33810.4736642,-33808.5188443,1
T03,confirm,middle_median_margin,sha256:a0876414db2523fd6c6876336ceb664e75b197320c1dacdc64b7940afdfce488,0,95887543,38.355686,1,0,-33569.9369713,-33804.7912715,1,,-33804.7912715,-33820.8309921,-33795.4528099,1
T03,confirm,middle_median_margin,sha256:a0876414db2523fd6c6876336ceb664e75b197320c1dacdc64b7940afdfce488,0,95890876,38.3570192,1,0,-33569.9369713,-33759.2895281,1,,-33759.2895281,-33765.1220797,-33760.179201,1
T03,confirm,middle_median_margin,sha256:a0876414db2523fd6c6876336ceb664e75b197320c1dacdc64b7940afdfce488,0,95894209,38.3583524,1,0,-33569.9369713,-33660.4656431,1,,-33660.4656431,-33686.0291988,-33635.3594576,1
T03,confirm,middle_median_margin,sha256:a0876414db2523fd6c6876336ceb664e75b197320c1dacdc64b7940afdfce488,0,95897543,38.359686,1,0,-33569.9369713,-33717.782978,1,,-33717.782978,-33735.0543335,-33707.3297184,1
T03,confirm,middle_median_margin,sha256:a0876414db2523fd6c6876336ceb664e75b197320c1dacdc64b7940afdfce488,0,95900876,38.3610192,1,0,-33569.9369713,-33703.740926,1,,-33703.740926,-33686.7389406,-33720.8280384,1
T03,confirm,middle_median_margin,sha256:a0876414db2523fd6c6876336ceb664e75b197320c1dacdc64b7940afdfce488,0,95904209,38.3623524,1,0,-33569.9369713,-33681.9256491,1,,-33681.9256491,-33671.36573,-33684.7580144,1
T03,confirm,middle_median_margin,sha256:a0876414db2523fd6c6876336ceb664e75b197320c1dacdc64b7940afdfce488,0,95907543,38.363686,1,0,-33569.9369713,-33787.1114927,1,,-33787.1114927,-33793.2739712,-33784.3173598,1
T03,confirm,middle_median_margin,sha256:a0876414db2523fd6c6876336ceb664e75b197320c1dacdc64b7940afdfce488,0,95910876,38.3650192,1,0,-33569.9369713,-33842.3068342,1,,-33842.3068342,-33864.7061068,-33824.8113709,1
T03,confirm,middle_median_margin,sha256:a0876414db2523fd6c6876336ceb664e75b197320c1dacdc64b7940afdfce488,0,95914209,38.3663524,1,0,-33569.9369713,-33772.370718,1,,-33772.370718,-33754.9592046,-33802.3584298,1
T03,confirm,middle_median_margin,sha256:a0876414db2523fd6c6876336ceb664e75b197320c1dacdc64b7940afdfce488,0,95917543,38.367686,1,0,-33569.9369713,-33795.6435622,1,,-33795.6435622,-33803.1421634,-33784.0866972,1
T03,confirm,middle_median_margin,sha256:a0876414db2523fd6c6876336ceb664e75b197320c1dacdc64b7940afdfce488,0,95920876,38.3690192,1,0,-33569.9369713,-33835.9146025,1,,-33835.9146025,-33823.1294071,-33859.5798521,1
T03,confirm,middle_median_margin,sha256:a0876414db2523fd6c6876336ceb664e75b197320c1dacdc64b7940afdfce488,0,95924209,38.3703524,1,0,-33569.9369713,-33803.0323337,1,,-33803.0323337,-33804.5717825,-33793.9510527,1
T03,confirm,middle_median_margin,sha256:a0876414db2523fd6c6876336ceb664e75b197320c1dacdc64b7940afdfce488,0,95927543,38.371686,1,0,-33569.9369713,-33821.1734816,1,,-33821.1734816,-33818.5474799,-33809.2321912,1
T03,confirm,middle_median_margin,sha256:a0876414db2523fd6c6876336ceb664e75b197320c1dacdc64b7940afdfce488,0,95930876,38.3730192,1,0,-33569.9369713,-33864.4104946,1,,-33864.4104946,-33827.7130147,-33909.5637508,1
T03,confirm,middle_median_margin,sha256:a0876414db2523fd6c6876336ceb664e75b197320c1dacdc64b7940afdfce488,0,95934209,38.3743524,1,0,-33569.9369713,-33838.1097772,1,,-33838.1097772,-33878.4137162,-33796.0622963,1
T03,confirm,refill_boundary,sha256:a0876414db2523fd6c6876336ceb664e75b197320c1dacdc64b7940afdfce488,0,96375740,38.5509648,0,0,-34795.6830757,-34704.4772482,1,,-34704.4772482,-34709.2590251,-34695.9135458,1
T03,confirm,refill_boundary,sha256:a0876414db2523fd6c6876336ceb664e75b197320c1dacdc64b7940afdfce488,0,96379073,38.552298,0,0,-34795.6830757,-34762.6384415,1,,-34762.6384415,-34742.3424975,-34786.1045094,1
T03,confirm,refill_boundary,sha256:a0876414db2523fd6c6876336ceb664e75b197320c1dacdc64b7940afdfce488,0,96382407,38.5536316,0,0,-34795.6830757,-34849.4159465,1,,-34849.4159465,-34824.346811,-34880.4818239,1
T03,confirm,refill_boundary,sha256:a0876414db2523fd6c6876336ceb664e75b197320c1dacdc64b7940afdfce488,0,96385740,38.5549648,0,0,-34795.6830757,-34770.5896774,1,,-34770.5896774,-34810.2085501,-34757.6330968,1
T03,confirm,refill_boundary,sha256:a0876414db2523fd6c6876336ceb664e75b197320c1dacdc64b7940afdfce488,0,96389073,38.556298,0,0,-34795.6830757,-34759.9109685,1,,-34759.9109685,-34748.066075,-34767.9750782,1
T03,confirm,refill_boundary,sha256:a0876414db2523fd6c6876336ceb664e75b197320c1dacdc64b7940afdfce488,0,96392407,38.5576316,0,0,-34795.6830757,-34752.7522212,1,,-34752.7522212,-34792.8837376,-34707.7828073,1
T03,confirm,refill_boundary,sha256:a0876414db2523fd6c6876336ceb664e75b197320c1dacdc64b7940afdfce488,0,96395740,38.5589648,0,0,-34795.6830757,-34763.3629938,1,,-34763.3629938,-34729.5697508,-34808.731806,1
T03,confirm,refill_boundary,sha256:a0876414db2523fd6c6876336ceb664e75b197320c1dacdc64b7940afdfce488,0,96399073,38.560298,0,0,-34795.6830757,-34790.366041,1,,-34790.366041,-34796.7395571,-34784.5148794,1
T03,confirm,refill_boundary,sha256:a0876414db2523fd6c6876336ceb664e75b197320c1dacdc64b7940afdfce488,0,96402407,38.5616316,0,0,-34795.6830757,-34785.8294365,1,,-34785.8294365,-34814.8462904,-34760.462117,1
T03,confirm,refill_boundary,sha256:a0876414db2523fd6c6876336ceb664e75b197320c1dacdc64b7940afdfce488,0,96405740,38.5629648,0,0,-34795.6830757,-34786.863661,1,,-34786.863661,-34826.0414615,-34752.400845,1
T03,confirm,refill_boundary,sha256:a0876414db2523fd6c6876336ceb664e75b197320c1dacdc64b7940afdfce488,0,96409073,38.564298,0,0,-34795.6830757,-34759.4367614,1,,-34759.4367614,-34768.7302221,-34742.7754768,1
T03,confirm,refill_boundary,sha256:a0876414db2523fd6c6876336ceb664e75b197320c1dacdc64b7940afdfce488,0,96412407,38.5656316,0,0,-34795.6830757,-34823.2472799,1,,-34823.2472799,-34797.7767257,-34842.2088255,1
T03,confirm,refill_boundary,sha256:a0876414db2523fd6c6876336ceb664e75b197320c1dacdc64b7940afdfce488,0,96415740,38.5669648,0,0,-34795.6830757,-34726.815588,1,,-34726.815588,-34692.513049,-34757.2913352,1
T03,confirm,refill_boundary,sha256:a0876414db2523fd6c6876336ceb664e75b197320c1dacdc64b7940afdfce488,0,96419073,38.568298,0,0,-34795.6830757,-34786.3463939,1,,-34786.3463939,-34777.457463,-34793.1285252,1
T03,confirm,refill_boundary,sha256:a0876414db2523fd6c6876336ceb664e75b197320c1dacdc64b7940afdfce488,0,96422407,38.5696316,0,0,-34795.6830757,-34788.4987668,1,,-34788.4987668,-34797.2472956,-34787.6095659,1
T03,confirm,refill_boundary,sha256:a0876414db2523fd6c6876336ceb664e75b197320c1dacdc64b7940afdfce488,0,96425740,38.5709648,0,0,-34795.6830757,-34801.0495866,1,,-34801.0495866,-34774.1940177,-34833.6516899,1
T03,confirm,refill_boundary,sha256:a0876414db2523fd6c6876336ceb664e75b197320c1dacdc64b7940afdfce488,0,96429073,38.572298,0,0,-34795.6830757,-34782.0353651,1,,-34782.0353651,-34788.9932418,-34809.6242336,1
T03,confirm,refill_boundary,sha256:a0876414db2523fd6c6876336ceb664e75b197320c1dacdc64b7940afdfce488,0,96432407,38.5736316,0,0,-34795.6830757,-34812.4487957,1,,-34812.4487957,-34815.4165393,-34815.0504365,1
T03,confirm,refill_boundary,sha256:a0876414db2523fd6c6876336ceb664e75b197320c1dacdc64b7940afdfce488,0,96435740,38.5749648,0,0,-34795.6830757,-34892.991756,1,,-34892.991756,-34927.9119764,-34856.7920726,1
T03,confirm,refill_boundary,sha256:a0876414db2523fd6c6876336ceb664e75b197320c1dacdc64b7940afdfce488,0,96439073,38.576298,0,0,-34795.6830757,-34837.0318659,1,,-34837.0318659,-34832.6978306,-34830.5612815,1
T03,confirm,refill_boundary,sha256:a0876414db2523fd6c6876336ceb664e75b197320c1dacdc64b7940afdfce488,0,96442407,38.5776316,0,0,-34795.6830757,-34870.8662088,1,,-34870.8662088,-34892.4393304,-34841.6796081,1
T03,confirm,refill_boundary,sha256:a0876414db2523fd6c6876336ceb664e75b197320c1dacdc64b7940afdfce488,0,96445740,38.5789648,0,0,-34795.6830757,-34889.9532472,1,,-34889.9532472,-34856.1873972,-34908.8557077,1
T03,confirm,refill_boundary,sha256:a0876414db2523fd6c6876336ceb664e75b197320c1dacdc64b7940afdfce488,0,96449073,38.580298,0,0,-34795.6830757,-34905.1343911,1,,-34905.1343911,-34891.1457367,-34935.5850804,1
T03,confirm,refill_boundary,sha256:a0876414db2523fd6c6876336ceb664e75b197320c1dacdc64b7940afdfce488,0,96452407,38.5816316,0,0,-34795.6830757,-34917.5898855,1,,-34917.5898855,-34882.1711702,-34951.0982146,1
T03,confirm,refill_boundary,sha256:a0876414db2523fd6c6876336ceb664e75b197320c1dacdc64b7940afdfce488,0,96455740,38.5829648,0,0,-34795.6830757,-34917.0347076,1,,-34917.0347076,-34958.3578103,-34874.9743953,1
T03,confirm,refill_boundary,sha256:a0876414db2523fd6c6876336ceb664e75b197320c1dacdc64b7940afdfce488,0,96459073,38.584298,0,0,-34795.6830757,-34893.6305577,1,,-34893.6305577,-34904.4355779,-34880.6806914,1
T03,confirm,refill_boundary,sha256:a0876414db2523fd6c6876336ceb664e75b197320c1dacdc64b7940afdfce488,0,96462407,38.5856316,0,0,-34795.6830757,-34873.9891837,1,,-34873.9891837,-34891.23343,-34852.9171609,1
T03,confirm,refill_boundary,sha256:a0876414db2523fd6c6876336ceb664e75b197320c1dacdc64b7940afdfce488,0,96465740,38.5869648,0,1,-34795.6830757,,0,refill_boundary_crossing,,,,0
T03,confirm,refill_boundary,sha256:a0876414db2523fd6c6876336ceb664e75b197320c1dacdc64b7940afdfce488,0,96469073,38.588298,0,0,-34795.6830757,-35888.8312982,0,exact_coherence_below_minimum;coherence_margin_below_minimum;even_odd_disagreement_above_maximum;timing_spread_above_maximum;half_frame_difference_above_maximum;tone_deletion_shift_above_maximum,-35888.8312982,-32959.1238527,-34806.2736397,0
T03,confirm,refill_boundary,sha256:a0876414db2523fd6c6876336ceb664e75b197320c1dacdc64b7940afdfce488,0,96472407,38.5896316,0,0,-34795.6830757,-34504.1827789,0,exact_coherence_below_minimum;coherence_margin_below_minimum;even_odd_disagreement_above_maximum;timing_spread_above_maximum;half_frame_difference_above_maximum;tone_deletion_shift_above_maximum,-28919.3737176,-34702.1357269,-34560.235552,0
T03,confirm,refill_boundary,sha256:a0876414db2523fd6c6876336ceb664e75b197320c1dacdc64b7940afdfce488,0,96475740,38.5909648,0,0,-34795.6830757,-33807.0424788,0,exact_coherence_below_minimum;coherence_margin_below_minimum;even_odd_disagreement_above_maximum;half_frame_difference_above_maximum;tone_deletion_shift_above_maximum,-38063.8671868,-33843.9587735,-32795.6830757,0
T03,confirm,refill_boundary,sha256:a0876414db2523fd6c6876336ceb664e75b197320c1dacdc64b7940afdfce488,0,96479073,38.592298,0,0,-34795.6830757,-32795.6830757,0,exact_coherence_below_minimum;coherence_margin_below_minimum;even_odd_disagreement_above_maximum;timing_spread_above_maximum;half_frame_difference_above_maximum;tone_deletion_shift_above_maximum;search_boundary,-40526.5788722,-33836.0214975,-36204.2175697,0
T03,confirm,refill_boundary,sha256:a0876414db2523fd6c6876336ceb664e75b197320c1dacdc64b7940afdfce488,0,96482407,38.5936316,0,0,-34795.6830757,-35929.3726049,0,exact_coherence_below_minimum;coherence_margin_below_minimum;even_odd_disagreement_above_maximum;timing_spread_above_maximum;half_frame_difference_above_maximum;tone_deletion_shift_above_maximum,-29294.0381659,-36012.5608749,-35177.2744973,0
T03,confirm,refill_boundary,sha256:a0876414db2523fd6c6876336ceb664e75b197320c1dacdc64b7940afdfce488,0,96485740,38.5949648,0,0,-34795.6830757,-36758.4459932,0,exact_coherence_below_minimum;coherence_margin_below_minimum;even_odd_disagreement_above_maximum;timing_spread_above_maximum;half_frame_difference_above_maximum;tone_deletion_shift_above_maximum,-30452.6788637,-35435.6653165,-36795.6830757,0
T03,confirm,refill_boundary,sha256:a0876414db2523fd6c6876336ceb664e75b197320c1dacdc64b7940afdfce488,0,96489073,38.596298,0,0,-34795.6830757,-35915.8300996,0,exact_coherence_below_minimum;coherence_margin_below_minimum;even_odd_disagreement_above_maximum;timing_spread_above_maximum;half_frame_difference_above_maximum;tone_deletion_shift_above_maximum,-29061.5697072,-36148.0003927,-35621.461466,0
T03,confirm,refill_boundary,sha256:a0876414db2523fd6c6876336ceb664e75b197320c1dacdc64b7940afdfce488,0,96492407,38.5976316,0,0,-34795.6830757,-36208.4802471,0,exact_coherence_below_minimum;coherence_margin_below_minimum;even_odd_disagreement_above_maximum;timing_spread_above_maximum;tone_deletion_shift_above_maximum,-36208.4802471,-36372.572251,-36049.5311129,0
T03,confirm,refill_boundary,sha256:a0876414db2523fd6c6876336ceb664e75b197320c1dacdc64b7940afdfce488,0,96495740,38.5989648,0,0,-34795.6830757,-35450.324859,0,exact_coherence_below_minimum;even_odd_disagreement_above_maximum;timing_spread_above_maximum;tone_deletion_shift_above_maximum,-35450.324859,-35421.7772317,-35108.969976,0
T03,confirm,refill_boundary,sha256:a0876414db2523fd6c6876336ceb664e75b197320c1dacdc64b7940afdfce488,0,96499073,38.600298,0,0,-34795.6830757,-32795.6830757,0,exact_coherence_below_minimum;coherence_margin_below_minimum;even_odd_disagreement_above_maximum;timing_spread_above_maximum;half_frame_difference_above_maximum;tone_deletion_shift_above_maximum;search_boundary,-40717.5379166,-36312.653711,-33895.616602,0
T03,confirm,refill_boundary,sha256:a0876414db2523fd6c6876336ceb664e75b197320c1dacdc64b7940afdfce488,0,96502407,38.6016316,0,0,-34795.6830757,-33185.087097,0,exact_coherence_below_minimum;even_odd_disagreement_above_maximum;half_frame_difference_above_maximum;tone_deletion_shift_above_maximum,-29247.7911712,-34066.1808797,-33211.3491609,0
T03,confirm,refill_boundary,sha256:a0876414db2523fd6c6876336ceb664e75b197320c1dacdc64b7940afdfce488,0,96505740,38.6029648,0,0,-34795.6830757,-32795.6830757,0,exact_coherence_below_minimum;coherence_margin_below_minimum;even_odd_disagreement_above_maximum;half_frame_difference_above_maximum;tone_deletion_shift_above_maximum;search_boundary,-31161.0543293,-36795.6830757,-34486.887288,0
T03,confirm,refill_boundary,sha256:a0876414db2523fd6c6876336ceb664e75b197320c1dacdc64b7940afdfce488,0,96509073,38.604298,0,0,-34795.6830757,-34327.8462962,0,exact_coherence_below_minimum;even_odd_disagreement_above_maximum;timing_spread_above_maximum,-28795.6830757,-34283.6511859,-35267.0555226,0
T03,confirm,refill_boundary,sha256:a0876414db2523fd6c6876336ceb664e75b197320c1dacdc64b7940afdfce488,0,96512407,38.6056316,0,0,-34795.6830757,-36795.6830757,0,exact_coherence_below_minimum;coherence_margin_below_minimum;even_odd_disagreement_above_maximum;tone_deletion_shift_above_maximum;search_boundary,-31051.5459789,-32795.6830757,-35211.3507758,0
T03,confirm,refill_boundary,sha256:a0876414db2523fd6c6876336ceb664e75b197320c1dacdc64b7940afdfce488,0,96515740,38.6069648,0,0,-34795.6830757,-35328.7811118,0,exact_coherence_below_minimum;coherence_margin_below_minimum;even_odd_disagreement_above_maximum;timing_spread_above_maximum;tone_deletion_shift_above_maximum,-32558.6934526,-35584.4269519,-35275.6577894,0
T03,confirm,refill_boundary,sha256:a0876414db2523fd6c6876336ceb664e75b197320c1dacdc64b7940afdfce488,0,96519073,38.608298,0,0,-34795.6830757,-34262.408762,0,exact_coherence_below_minimum;even_odd_disagreement_above_maximum;timing_spread_above_maximum;half_frame_difference_above_maximum;tone_deletion_shift_above_maximum,-34262.408762,-34102.2321359,-35491.3168429,0
T03,confirm,refill_boundary,sha256:a0876414db2523fd6c6876336ceb664e75b197320c1dacdc64b7940afdfce488,0,96522407,38.6096316,0,0,-34795.6830757,-34558.8840422,0,exact_coherence_below_minimum;even_odd_disagreement_above_maximum;half_frame_difference_above_maximum;tone_deletion_shift_above_maximum,-34558.8840422,-34545.6169043,-36795.6830757,0
T03,confirm,refill_boundary,sha256:a0876414db2523fd6c6876336ceb664e75b197320c1dacdc64b7940afdfce488,0,96525740,38.6109648,0,0,-34795.6830757,-33936.4831565,0,exact_coherence_below_minimum;even_odd_disagreement_above_maximum;timing_spread_above_maximum;tone_deletion_shift_above_maximum,-33936.4831565,-33949.5198376,-33352.2014663,0
T03,confirm,refill_boundary,sha256:a0876414db2523fd6c6876336ceb664e75b197320c1dacdc64b7940afdfce488,0,96529073,38.612298,0,0,-34795.6830757,-36493.0964146,0,exact_coherence_below_minimum;even_odd_disagreement_above_maximum;half_frame_difference_above_maximum;tone_deletion_shift_above_maximum,-36493.0964146,-35632.6616784,-36341.0837666,0
T03,confirm,refill_boundary,sha256:a0876414db2523fd6c6876336ceb664e75b197320c1dacdc64b7940afdfce488,0,96532407,38.6136316,0,0,-34795.6830757,-36771.4771733,0,exact_coherence_below_minimum;even_odd_disagreement_above_maximum;timing_spread_above_maximum;tone_deletion_shift_above_maximum,-40360.2441412,-35830.6532081,-36636.5180028,0
T03,confirm,refill_boundary,sha256:a0876414db2523fd6c6876336ceb664e75b197320c1dacdc64b7940afdfce488,0,96535740,38.6149648,0,0,-34795.6830757,-33851.2273183,0,exact_coherence_below_minimum;coherence_margin_below_minimum;even_odd_disagreement_above_maximum;timing_spread_above_maximum;half_frame_difference_above_maximum;tone_deletion_shift_above_maximum,-33851.2273183,-33433.567341,-33954.0168754,0
T03,confirm,refill_boundary,sha256:a0876414db2523fd6c6876336ceb664e75b197320c1dacdc64b7940afdfce488,0,96539073,38.616298,0,0,-34795.6830757,-36795.6830757,0,exact_coherence_below_minimum;coherence_margin_below_minimum;even_odd_disagreement_above_maximum;tone_deletion_shift_above_maximum;search_boundary,-37093.6186766,-36086.7350752,-34711.5319907,0
T03,confirm,refill_boundary,sha256:a0876414db2523fd6c6876336ceb664e75b197320c1dacdc64b7940afdfce488,0,96542407,38.6176316,0,0,-34795.6830757,-32805.9415057,0,exact_coherence_below_minimum;even_odd_disagreement_above_maximum;timing_spread_above_maximum;half_frame_difference_above_maximum;tone_deletion_shift_above_maximum,-30201.789198,-36507.7702738,-32795.6830757,0
T03,confirm,refill_boundary,sha256:a0876414db2523fd6c6876336ceb664e75b197320c1dacdc64b7940afdfce488,0,96545740,38.6189648,0,0,-34795.6830757,-35615.4779335,0,exact_coherence_below_minimum;even_odd_disagreement_above_maximum;timing_spread_above_maximum;half_frame_difference_above_maximum;tone_deletion_shift_above_maximum,-31732.2039181,-35679.3802708,-35510.7867955,0
T03,confirm,refill_boundary,sha256:a0876414db2523fd6c6876336ceb664e75b197320c1dacdc64b7940afdfce488,0,96549073,38.620298,0,0,-34795.6830757,-34155.7209405,0,exact_coherence_below_minimum;even_odd_disagreement_above_maximum;timing_spread_above_maximum;half_frame_difference_above_maximum;tone_deletion_shift_above_maximum,-40188.8240093,-33635.9745824,-36617.3353085,0
T03,confirm,refill_boundary,sha256:a0876414db2523fd6c6876336ceb664e75b197320c1dacdc64b7940afdfce488,0,96552407,38.6216316,0,0,-34795.6830757,-33317.2710159,0,exact_coherence_below_minimum;coherence_margin_below_minimum;even_odd_disagreement_above_maximum;timing_spread_above_maximum;tone_deletion_shift_above_maximum,-32352.4565889,-36397.5516104,-32991.940934,0
T03,confirm,refill_boundary,sha256:a0876414db2523fd6c6876336ceb664e75b197320c1dacdc64b7940afdfce488,0,96555740,38.6229648,0,0,-34795.6830757,-35975.7781529,0,exact_coherence_below_minimum;coherence_margin_below_minimum;even_odd_disagreement_above_maximum;timing_spread_above_maximum;half_frame_difference_above_maximum;tone_deletion_shift_above_maximum,-39243.5106085,-32795.6830757,-34776.9992139,0
T03,confirm,refill_boundary,sha256:a0876414db2523fd6c6876336ceb664e75b197320c1dacdc64b7940afdfce488,0,96559073,38.624298,0,0,-34795.6830757,-33505.7581097,0,exact_coherence_below_minimum;coherence_margin_below_minimum;even_odd_disagreement_above_maximum;timing_spread_above_maximum;half_frame_difference_above_maximum;tone_deletion_shift_above_maximum,-33505.7581097,-36074.473613,-35499.2017776,0
T04,confirm,early_median_margin,sha256:5bea03bd71ac6ac89e808ee35ee0dac6e230dfbd43323fb3db5f91348b97fd06,-1,375737,0.1509636,1,0,-137281.528333,-137247.548744,1,,-137247.548744,-137270.586583,-137237.672461,1
T04,confirm,early_median_margin,sha256:5bea03bd71ac6ac89e808ee35ee0dac6e230dfbd43323fb3db5f91348b97fd06,-1,379070,0.1522968,1,0,-137281.528333,-137241.979333,1,,-137241.979333,-137247.848526,-137244.271269,1
T04,confirm,early_median_margin,sha256:5bea03bd71ac6ac89e808ee35ee0dac6e230dfbd43323fb3db5f91348b97fd06,-1,382404,0.1536304,1,0,-137281.528333,-137257.22965,1,,-137257.22965,-137248.081087,-137261.751517,1
T04,confirm,early_median_margin,sha256:5bea03bd71ac6ac89e808ee35ee0dac6e230dfbd43323fb3db5f91348b97fd06,-1,385737,0.1549636,1,0,-137281.528333,-137251.365564,1,,-137251.365564,-137271.25024,-137233.973707,1
T04,confirm,early_median_margin,sha256:5bea03bd71ac6ac89e808ee35ee0dac6e230dfbd43323fb3db5f91348b97fd06,-1,389070,0.1562968,1,0,-137281.528333,-137259.185754,1,,-137259.185754,-137277.257911,-137245.046905,1
T04,confirm,early_median_margin,sha256:5bea03bd71ac6ac89e808ee35ee0dac6e230dfbd43323fb3db5f91348b97fd06,-1,392404,0.1576304,1,0,-137281.528333,-137233.296362,1,,-137233.296362,-137257.959021,-137207.932267,1
T04,confirm,early_median_margin,sha256:5bea03bd71ac6ac89e808ee35ee0dac6e230dfbd43323fb3db5f91348b97fd06,-1,395737,0.1589636,1,0,-137281.528333,-137267.411522,1,,-137267.411522,-137262.147749,-137285.287535,1
T04,confirm,early_median_margin,sha256:5bea03bd71ac6ac89e808ee35ee0dac6e230dfbd43323fb3db5f91348b97fd06,-1,399070,0.1602968,1,0,-137281.528333,-137281.183072,1,,-137281.183072,-137285.443955,-137282.494918,1
T04,confirm,early_median_margin,sha256:5bea03bd71ac6ac89e808ee35ee0dac6e230dfbd43323fb3db5f91348b97fd06,-1,402404,0.1616304,1,0,-137281.528333,-137254.198844,1,,-137254.198844,-137270.456605,-137240.050712,1
T04,confirm,early_median_margin,sha256:5bea03bd71ac6ac89e808ee35ee0dac6e230dfbd43323fb3db5f91348b97fd06,-1,405737,0.1629636,1,0,-137281.528333,-137289.576113,1,,-137289.576113,-137302.007561,-137278.068852,1
T04,confirm,early_median_margin,sha256:5bea03bd71ac6ac89e808ee35ee0dac6e230dfbd43323fb3db5f91348b97fd06,-1,409070,0.1642968,1,0,-137281.528333,-137279.28627,1,,-137279.28627,-137286.590386,-137272.749835,1
T04,confirm,early_median_margin,sha256:5bea03bd71ac6ac89e808ee35ee0dac6e230dfbd43323fb3db5f91348b97fd06,-1,412404,0.1656304,1,0,-137281.528333,-137276.009246,1,,-137276.009246,-137303.250213,-137245.092331,1
T04,confirm,early_median_margin,sha256:5bea03bd71ac6ac89e808ee35ee0dac6e230dfbd43323fb3db5f91348b97fd06,-1,415737,0.1669636,1,0,-137281.528333,-137284.009168,1,,-137284.009168,-137279.790761,-137297.733424,1
T04,confirm,early_median_margin,sha256:5bea03bd71ac6ac89e808ee35ee0dac6e230dfbd43323fb3db5f91348b97fd06,-1,419070,0.1682968,1,0,-137281.528333,-137279.657028,1,,-137279.657028,-137297.422317,-137289.379183,1
T04,confirm,early_median_margin,sha256:5bea03bd71ac6ac89e808ee35ee0dac6e230dfbd43323fb3db5f91348b97fd06,-1,422404,0.1696304,1,0,-137281.528333,-137292.828519,1,,-137292.828519,-137292.737735,-137291.957704,1
T04,confirm,early_median_margin,sha256:5bea03bd71ac6ac89e808ee35ee0dac6e230dfbd43323fb3db5f91348b97fd06,-1,425737,0.1709636,1,0,-137281.528333,-137338.03812,1,,-137338.03812,-137270.646719,-137367.837746,1
T04,confirm,early_median_margin,sha256:5bea03bd71ac6ac89e808ee35ee0dac6e230dfbd43323fb3db5f91348b97fd06,-1,429070,0.1722968,1,0,-137281.528333,-137287.222346,1,,-137287.222346,-137299.836788,-137249.196737,1
T04,confirm,early_median_margin,sha256:5bea03bd71ac6ac89e808ee35ee0dac6e230dfbd43323fb3db5f91348b97fd06,-1,432404,0.1736304,1,0,-137281.528333,-137332.662277,1,,-137332.662277,-137347.850469,-137320.052482,1
T04,confirm,early_median_margin,sha256:5bea03bd71ac6ac89e808ee35ee0dac6e230dfbd43323fb3db5f91348b97fd06,-1,435737,0.1749636,1,0,-137281.528333,-137291.674106,1,,-137291.674106,-137255.790794,-137314.622261,1
T04,confirm,early_median_margin,sha256:5bea03bd71ac6ac89e808ee35ee0dac6e230dfbd43323fb3db5f91348b97fd06,-1,439070,0.1762968,1,0,-137281.528333,-137342.119517,1,,-137342.119517,-137336.528793,-137338.871251,1
T04,confirm,early_median_margin,sha256:5bea03bd71ac6ac89e808ee35ee0dac6e230dfbd43323fb3db5f91348b97fd06,-1,442404,0.1776304,1,0,-137281.528333,-137322.887322,1,,-137322.887322,-137342.050923,-137302.864571,1
T04,confirm,early_median_margin,sha256:5bea03bd71ac6ac89e808ee35ee0dac6e230dfbd43323fb3db5f91348b97fd06,-1,445737,0.1789636,1,0,-137281.528333,-137359.703207,1,,-137359.703207,-137380.790181,-137339.589194,1
T04,confirm,early_median_margin,sha256:5bea03bd71ac6ac89e808ee35ee0dac6e230dfbd43323fb3db5f91348b97fd06,-1,449070,0.1802968,1,0,-137281.528333,-137340.082717,1,,-137340.082717,-137340.123565,-137336.517079,1
T04,confirm,early_median_margin,sha256:5bea03bd71ac6ac89e808ee35ee0dac6e230dfbd43323fb3db5f91348b97fd06,-1,452404,0.1816304,1,0,-137281.528333,-137354.213907,1,,-137354.213907,-137376.126681,-137326.142796,1
T04,confirm,early_median_margin,sha256:5bea03bd71ac6ac89e808ee35ee0dac6e230dfbd43323fb3db5f91348b97fd06,-1,455737,0.1829636,1,0,-137281.528333,-137314.66064,1,,-137314.66064,-137340.45821,-137286.170755,1
T04,confirm,early_median_margin,sha256:5bea03bd71ac6ac89e808ee35ee0dac6e230dfbd43323fb3db5f91348b97fd06,-1,459070,0.1842968,1,0,-137281.528333,-137364.824293,1,,-137364.824293,-137356.570388,-137371.395682,1
T04,confirm,early_median_margin,sha256:5bea03bd71ac6ac89e808ee35ee0dac6e230dfbd43323fb3db5f91348b97fd06,-1,462404,0.1856304,1,0,-137281.528333,-137350.17948,1,,-137350.17948,-137340.23056,-137366.475885,1
T04,confirm,early_median_margin,sha256:5bea03bd71ac6ac89e808ee35ee0dac6e230dfbd43323fb3db5f91348b97fd06,-1,465737,0.1869636,1,0,-137281.528333,-137354.432329,1,,-137354.432329,-137360.066356,-137352.013909,1
T04,confirm,early_median_margin,sha256:5bea03bd71ac6ac89e808ee35ee0dac6e230dfbd43323fb3db5f91348b97fd06,-1,469070,0.1882968,1,0,-137281.528333,-137357.603053,1,,-137357.603053,-137355.598264,-137347.778913,1
T04,confirm,early_median_margin,sha256:5bea03bd71ac6ac89e808ee35ee0dac6e230dfbd43323fb3db5f91348b97fd06,-1,472404,0.1896304,1,0,-137281.528333,-137341.135966,1,,-137341.135966,-137339.39573,-137347.494645,1
T04,confirm,early_median_margin,sha256:5bea03bd71ac6ac89e808ee35ee0dac6e230dfbd43323fb3db5f91348b97fd06,-1,475737,0.1909636,1,0,-137281.528333,-137355.921169,1,,-137355.921169,-137362.80859,-137362.902419,1
T04,confirm,early_median_margin,sha256:5bea03bd71ac6ac89e808ee35ee0dac6e230dfbd43323fb3db5f91348b97fd06,-1,479070,0.1922968,1,0,-137281.528333,-137389.608767,1,,-137389.608767,-137399.809225,-137384.210262,1
T04,confirm,early_median_margin,sha256:5bea03bd71ac6ac89e808ee35ee0dac6e230dfbd43323fb3db5f91348b97fd06,-1,482404,0.1936304,1,0,-137281.528333,-137393.703325,1,,-137393.703325,-137388.894663,-137397.426035,1
T04,confirm,early_median_margin,sha256:5bea03bd71ac6ac89e808ee35ee0dac6e230dfbd43323fb3db5f91348b97fd06,-1,485737,0.1949636,1,0,-137281.528333,-137374.793238,1,,-137374.793238,-137406.797761,-137353.39659,1
T04,confirm,early_median_margin,sha256:5bea03bd71ac6ac89e808ee35ee0dac6e230dfbd43323fb3db5f91348b97fd06,-1,489070,0.1962968,1,0,-137281.528333,-137386.661438,1,,-137386.661438,-137402.547944,-137377.275883,1
T04,confirm,early_median_margin,sha256:5bea03bd71ac6ac89e808ee35ee0dac6e230dfbd43323fb3db5f91348b97fd06,-1,492404,0.1976304,1,0,-137281.528333,-137413.936077,1,,-137413.936077,-137421.162586,-137414.899584,1
T04,confirm,early_median_margin,sha256:5bea03bd71ac6ac89e808ee35ee0dac6e230dfbd43323fb3db5f91348b97fd06,-1,495737,0.1989636,1,0,-137281.528333,-137408.830801,1,,-137408.830801,-137396.092467,-137416.086117,1
T04,confirm,early_median_margin,sha256:5bea03bd71ac6ac89e808ee35ee0dac6e230dfbd43323fb3db5f91348b97fd06,-1,499070,0.2002968,1,0,-137281.528333,-137426.861245,1,,-137426.861245,-137383.308048,-137472.414662,1
T04,confirm,early_median_margin,sha256:5bea03bd71ac6ac89e808ee35ee0dac6e230dfbd43323fb3db5f91348b97fd06,-1,502404,0.2016304,1,0,-137281.528333,-137429.883306,1,,-137429.883306,-137431.878121,-137427.20943,1
T04,confirm,early_median_margin,sha256:5bea03bd71ac6ac89e808ee35ee0dac6e230dfbd43323fb3db5f91348b97fd06,-1,505737,0.2029636,1,0,-137281.528333,-137406.47038,1,,-137406.47038,-137412.972565,-137405.775739,1
T04,confirm,early_median_margin,sha256:5bea03bd71ac6ac89e808ee35ee0dac6e230dfbd43323fb3db5f91348b97fd06,-1,509070,0.2042968,1,0,-137281.528333,-137429.334476,1,,-137429.334476,-137419.500188,-137444.954382,1
T04,confirm,early_median_margin,sha256:5bea03bd71ac6ac89e808ee35ee0dac6e230dfbd43323fb3db5f91348b97fd06,-1,512404,0.2056304,1,0,-137281.528333,-137456.281894,1,,-137456.281894,-137445.723968,-137461.680042,1
T04,confirm,early_median_margin,sha256:5bea03bd71ac6ac89e808ee35ee0dac6e230dfbd43323fb3db5f91348b97fd06,-1,515737,0.2069636,1,0,-137281.528333,-137412.688682,1,,-137412.688682,-137420.408002,-137404.922278,1
T04,confirm,early_median_margin,sha256:5bea03bd71ac6ac89e808ee35ee0dac6e230dfbd43323fb3db5f91348b97fd06,-1,519070,0.2082968,1,0,-137281.528333,-137413.504938,1,,-137413.504938,-137398.745049,-137435.853082,1
T04,confirm,early_median_margin,sha256:5bea03bd71ac6ac89e808ee35ee0dac6e230dfbd43323fb3db5f91348b97fd06,-1,522404,0.2096304,0,1,-137281.528333,,0,refill_boundary_crossing,,,,0
T04,confirm,early_median_margin,sha256:5bea03bd71ac6ac89e808ee35ee0dac6e230dfbd43323fb3db5f91348b97fd06,-1,525737,0.2109636,1,0,-137281.528333,-136652.884795,0,exact_coherence_below_minimum;even_odd_disagreement_above_maximum;half_frame_difference_above_maximum;tone_deletion_shift_above_maximum,-139910.943667,-136705.519548,-138681.705197,0
T04,confirm,early_median_margin,sha256:5bea03bd71ac6ac89e808ee35ee0dac6e230dfbd43323fb3db5f91348b97fd06,-1,529070,0.2122968,1,0,-137281.528333,-138333.089774,0,exact_coherence_below_minimum;coherence_margin_below_minimum;even_odd_disagreement_above_maximum;timing_spread_above_maximum;half_frame_difference_above_maximum;tone_deletion_shift_above_maximum,-131507.384392,-139281.528333,-138523.36384,0
T04,confirm,early_median_margin,sha256:5bea03bd71ac6ac89e808ee35ee0dac6e230dfbd43323fb3db5f91348b97fd06,-1,532404,0.2136304,1,0,-137281.528333,-138989.858481,0,exact_coherence_below_minimum;coherence_margin_below_minimum;even_odd_disagreement_above_maximum;timing_spread_above_maximum;tone_deletion_shift_above_maximum,-141896.030561,-136915.38967,-137845.535736,0
T04,confirm,early_median_margin,sha256:5bea03bd71ac6ac89e808ee35ee0dac6e230dfbd43323fb3db5f91348b97fd06,-1,535737,0.2149636,1,0,-137281.528333,-136305.318315,0,exact_coherence_below_minimum;coherence_margin_below_minimum;even_odd_disagreement_above_maximum;timing_spread_above_maximum;half_frame_difference_above_maximum;tone_deletion_shift_above_maximum,-140819.103069,-136135.288121,-138763.876433,0
T04,confirm,early_median_margin,sha256:5bea03bd71ac6ac89e808ee35ee0dac6e230dfbd43323fb3db5f91348b97fd06,-1,539070,0.2162968,1,0,-137281.528333,-137152.224197,0,exact_coherence_below_minimum;even_odd_disagreement_above_maximum;timing_spread_above_maximum;half_frame_difference_above_maximum;tone_deletion_shift_above_maximum,-142455.569824,-136977.674006,-135949.81242,0
T04,confirm,early_median_margin,sha256:5bea03bd71ac6ac89e808ee35ee0dac6e230dfbd43323fb3db5f91348b97fd06,-1,542404,0.2176304,1,0,-137281.528333,-136663.540711,0,exact_coherence_below_minimum;coherence_margin_below_minimum;even_odd_disagreement_above_maximum;timing_spread_above_maximum;half_frame_difference_above_maximum;tone_deletion_shift_above_maximum,-142739.388653,-137793.543438,-135523.556748,0
T04,confirm,early_median_margin,sha256:5bea03bd71ac6ac89e808ee35ee0dac6e230dfbd43323fb3db5f91348b97fd06,-1,545737,0.2189636,1,0,-137281.528333,-136234.136317,0,exact_coherence_below_minimum;even_odd_disagreement_above_maximum;tone_deletion_shift_above_maximum,-132240.436509,-138052.432149,-136171.072411,0
T04,confirm,early_median_margin,sha256:5bea03bd71ac6ac89e808ee35ee0dac6e230dfbd43323fb3db5f91348b97fd06,-1,549070,0.2202968,1,0,-137281.528333,-135762.677241,0,exact_coherence_below_minimum;coherence_margin_below_minimum;even_odd_disagreement_above_maximum;timing_spread_above_maximum;half_frame_difference_above_maximum;tone_deletion_shift_above_maximum,-135762.677241,-135874.580037,-138710.238753,0
T04,confirm,early_median_margin,sha256:5bea03bd71ac6ac89e808ee35ee0dac6e230dfbd43323fb3db5f91348b97fd06,-1,552404,0.2216304,1,0,-137281.528333,-139281.528333,0,exact_coherence_below_minimum;even_odd_disagreement_above_maximum;timing_spread_above_maximum;half_frame_difference_above_maximum;search_boundary,-139556.08663,-137133.072698,-139281.528333,0
T04,confirm,early_median_margin,sha256:5bea03bd71ac6ac89e808ee35ee0dac6e230dfbd43323fb3db5f91348b97fd06,-1,555737,0.2229636,1,0,-137281.528333,-137236.200175,0,exact_coherence_below_minimum;coherence_margin_below_minimum;even_odd_disagreement_above_maximum;timing_spread_above_maximum;half_frame_difference_above_maximum;tone_deletion_shift_above_maximum,-140224.174276,-137193.606845,-135281.528333,0
T04,confirm,early_median_margin,sha256:5bea03bd71ac6ac89e808ee35ee0dac6e230dfbd43323fb3db5f91348b97fd06,-1,559070,0.2242968,1,0,-137281.528333,-135281.528333,0,exact_coherence_below_minimum;coherence_margin_below_minimum;even_odd_disagreement_above_maximum;timing_spread_above_maximum;half_frame_difference_above_maximum;tone_deletion_shift_above_maximum;search_boundary,-135228.291241,-136090.953903,-135543.218433,0
T04,confirm,high_margin,sha256:5bea03bd71ac6ac89e808ee35ee0dac6e230dfbd43323fb3db5f91348b97fd06,-1,4375140,1.7507248,1,0,-146373.630565,-146299.382335,1,,-146299.382335,-146309.690648,-146288.467071,1
T04,confirm,high_margin,sha256:5bea03bd71ac6ac89e808ee35ee0dac6e230dfbd43323fb3db5f91348b97fd06,-1,4378473,1.752058,1,0,-146373.630565,-146326.313075,1,,-146326.313075,-146357.983538,-146290.88839,1
T04,confirm,high_margin,sha256:5bea03bd71ac6ac89e808ee35ee0dac6e230dfbd43323fb3db5f91348b97fd06,-1,4381807,1.7533916,1,0,-146373.630565,-146339.41589,1,,-146339.41589,-146333.899033,-146344.016188,1
T04,confirm,high_margin,sha256:5bea03bd71ac6ac89e808ee35ee0dac6e230dfbd43323fb3db5f91348b97fd06,-1,4385140,1.7547248,1,0,-146373.630565,-146335.620101,1,,-146335.620101,-146356.024047,-146317.161288,1
T04,confirm,high_margin,sha256:5bea03bd71ac6ac89e808ee35ee0dac6e230dfbd43323fb3db5f91348b97fd06,-1,4388473,1.756058,1,0,-146373.630565,-146356.12453,1,,-146356.12453,-146348.936981,-146367.155558,1
T04,confirm,high_margin,sha256:5bea03bd71ac6ac89e808ee35ee0dac6e230dfbd43323fb3db5f91348b97fd06,-1,4391807,1.7573916,1,0,-146373.630565,-146327.130734,1,,-146327.130734,-146343.016612,-146310.60713,1
T04,confirm,high_margin,sha256:5bea03bd71ac6ac89e808ee35ee0dac6e230dfbd43323fb3db5f91348b97fd06,-1,4395140,1.7587248,1,0,-146373.630565,-146332.723807,1,,-146332.723807,-146342.077978,-146322.37807,1
T04,confirm,high_margin,sha256:5bea03bd71ac6ac89e808ee35ee0dac6e230dfbd43323fb3db5f91348b97fd06,-1,4398473,1.760058,1,0,-146373.630565,-146331.494976,1,,-146331.494976,-146365.960897,-146305.417072,1
T04,confirm,high_margin,sha256:5bea03bd71ac6ac89e808ee35ee0dac6e230dfbd43323fb3db5f91348b97fd06,-1,4401807,1.7613916,1,0,-146373.630565,-146335.435451,1,,-146335.435451,-146329.467522,-146348.239664,1
T04,confirm,high_margin,sha256:5bea03bd71ac6ac89e808ee35ee0dac6e230dfbd43323fb3db5f91348b97fd06,-1,4405140,1.7627248,1,0,-146373.630565,-146361.714868,1,,-146361.714868,-146353.009805,-146369.618393,1
T04,confirm,high_margin,sha256:5bea03bd71ac6ac89e808ee35ee0dac6e230dfbd43323fb3db5f91348b97fd06,-1,4408473,1.764058,1,0,-146373.630565,-146333.279691,1,,-146333.279691,-146360.518064,-146309.323014,1
T04,confirm,high_margin,sha256:5bea03bd71ac6ac89e808ee35ee0dac6e230dfbd43323fb3db5f91348b97fd06,-1,4411807,1.7653916,1,0,-146373.630565,-146357.150041,1,,-146357.150041,-146347.841049,-146365.162852,1
T04,confirm,high_margin,sha256:5bea03bd71ac6ac89e808ee35ee0dac6e230dfbd43323fb3db5f91348b97fd06,-1,4415140,1.7667248,1,0,-146373.630565,-146367.467203,1,,-146367.467203,-146361.4073,-146372.324233,1
T04,confirm,high_margin,sha256:5bea03bd71ac6ac89e808ee35ee0dac6e230dfbd43323fb3db5f91348b97fd06,-1,4418473,1.768058,1,0,-146373.630565,-146394.938024,1,,-146394.938024,-146404.374492,-146385.808898,1
T04,confirm,high_margin,sha256:5bea03bd71ac6ac89e808ee35ee0dac6e230dfbd43323fb3db5f91348b97fd06,-1,4421807,1.7693916,1,0,-146373.630565,-146370.673031,1,,-146370.673031,-146377.144474,-146363.319791,1
T04,confirm,high_margin,sha256:5bea03bd71ac6ac89e808ee35ee0dac6e230dfbd43323fb3db5f91348b97fd06,-1,4425140,1.7707248,1,0,-146373.630565,-146368.971166,1,,-146368.971166,-146382.938549,-146353.204296,1
T04,confirm,high_margin,sha256:5bea03bd71ac6ac89e808ee35ee0dac6e230dfbd43323fb3db5f91348b97fd06,-1,4428473,1.772058,1,0,-146373.630565,-146361.026669,1,,-146361.026669,-146379.735071,-146337.805541,1
T04,confirm,high_margin,sha256:5bea03bd71ac6ac89e808ee35ee0dac6e230dfbd43323fb3db5f91348b97fd06,-1,4431807,1.7733916,1,0,-146373.630565,-146364.02089,1,,-146364.02089,-146360.913245,-146367.083355,1
T04,confirm,high_margin,sha256:5bea03bd71ac6ac89e808ee35ee0dac6e230dfbd43323fb3db5f91348b97fd06,-1,4435140,1.7747248,1,0,-146373.630565,-146411.579168,1,,-146411.579168,-146396.265219,-146422.548382,1
T04,confirm,high_margin,sha256:5bea03bd71ac6ac89e808ee35ee0dac6e230dfbd43323fb3db5f91348b97fd06,-1,4438473,1.776058,1,0,-146373.630565,-146385.277345,1,,-146385.277345,-146396.916544,-146373.956698,1
T04,confirm,high_margin,sha256:5bea03bd71ac6ac89e808ee35ee0dac6e230dfbd43323fb3db5f91348b97fd06,-1,4441807,1.7773916,1,0,-146373.630565,-146410.897009,1,,-146410.897009,-146409.288402,-146416.846365,1
T04,confirm,high_margin,sha256:5bea03bd71ac6ac89e808ee35ee0dac6e230dfbd43323fb3db5f91348b97fd06,-1,4445140,1.7787248,1,0,-146373.630565,-146410.41617,1,,-146410.41617,-146406.035202,-146420.571212,1
T04,confirm,high_margin,sha256:5bea03bd71ac6ac89e808ee35ee0dac6e230dfbd43323fb3db5f91348b97fd06,-1,4448473,1.780058,1,0,-146373.630565,-146401.692341,1,,-146401.692341,-146381.3219,-146412.308502,1
T04,confirm,high_margin,sha256:5bea03bd71ac6ac89e808ee35ee0dac6e230dfbd43323fb3db5f91348b97fd06,-1,4451807,1.7813916,1,0,-146373.630565,-146402.119768,1,,-146402.119768,-146395.580192,-146408.987586,1
T04,confirm,high_margin,sha256:5bea03bd71ac6ac89e808ee35ee0dac6e230dfbd43323fb3db5f91348b97fd06,-1,4455140,1.7827248,0,1,-146373.630565,,0,refill_boundary_crossing,,,,0
T04,confirm,high_margin,sha256:5bea03bd71ac6ac89e808ee35ee0dac6e230dfbd43323fb3db5f91348b97fd06,-1,4458473,1.784058,1,0,-146373.630565,-144693.909732,0,exact_coherence_below_minimum;coherence_margin_below_minimum;even_odd_disagreement_above_maximum;timing_spread_above_maximum;tone_deletion_shift_above_maximum,-143864.397499,-145449.438408,-144704.531818,0
T04,confirm,high_margin,sha256:5bea03bd71ac6ac89e808ee35ee0dac6e230dfbd43323fb3db5f91348b97fd06,-1,4461807,1.7853916,1,0,-146373.630565,-148186.648486,0,exact_coherence_below_minimum;even_odd_disagreement_above_maximum;timing_spread_above_maximum,-148186.648486,-147384.976783,-148272.529746,0
T04,confirm,high_margin,sha256:5bea03bd71ac6ac89e808ee35ee0dac6e230dfbd43323fb3db5f91348b97fd06,-1,4465140,1.7867248,1,0,-146373.630565,-147744.89967,0,exact_coherence_below_minimum;even_odd_disagreement_above_maximum;timing_spread_above_maximum;half_frame_difference_above_maximum;tone_deletion_shift_above_maximum,-147744.89967,-147774.893269,-147644.676699,0
T04,confirm,high_margin,sha256:5bea03bd71ac6ac89e808ee35ee0dac6e230dfbd43323fb3db5f91348b97fd06,-1,4468473,1.788058,1,0,-146373.630565,-145789.177674,0,exact_coherence_below_minimum;coherence_margin_below_minimum;even_odd_disagreement_above_maximum;timing_spread_above_maximum;tone_deletion_shift_above_maximum,-145789.177674,-145891.540207,-148280.643856,0
T04,confirm,high_margin,sha256:5bea03bd71ac6ac89e808ee35ee0dac6e230dfbd43323fb3db5f91348b97fd06,-1,4471807,1.7893916,1,0,-146373.630565,-144543.516904,0,exact_coherence_below_minimum;even_odd_disagreement_above_maximum;half_frame_difference_above_maximum,-144543.516904,-147335.379662,-144522.802454,0
T04,confirm,high_margin,sha256:5bea03bd71ac6ac89e808ee35ee0dac6e230dfbd43323fb3db5f91348b97fd06,-1,4475140,1.7907248,1,0,-146373.630565,-148373.630565,0,exact_coherence_below_minimum;coherence_margin_below_minimum;even_odd_disagreement_above_maximum;timing_spread_above_maximum;half_frame_difference_above_maximum;tone_deletion_shift_above_maximum;search_boundary,-142239.965802,-147148.946078,-148326.848813,0
T04,confirm,high_margin,sha256:5bea03bd71ac6ac89e808ee35ee0dac6e230dfbd43323fb3db5f91348b97fd06,-1,4478473,1.792058,1,0,-146373.630565,-145310.998192,0,exact_coherence_below_minimum;coherence_margin_below_minimum;even_odd_disagreement_above_maximum;half_frame_difference_above_maximum;tone_deletion_shift_above_maximum,-145310.998192,-145207.444959,-144708.625997,0
T04,confirm,high_margin,sha256:5bea03bd71ac6ac89e808ee35ee0dac6e230dfbd43323fb3db5f91348b97fd06,-1,4481807,1.7933916,1,0,-146373.630565,-148373.630565,0,exact_coherence_below_minimum;even_odd_disagreement_above_maximum;timing_spread_above_maximum;half_frame_difference_above_maximum;tone_deletion_shift_above_maximum;search_boundary,-151152.041703,-145068.90969,-144390.0921,0
T04,confirm,high_margin,sha256:5bea03bd71ac6ac89e808ee35ee0dac6e230dfbd43323fb3db5f91348b97fd06,-1,4485140,1.7947248,1,0,-146373.630565,-144528.379047,0,exact_coherence_below_minimum;coherence_margin_below_minimum;even_odd_disagreement_above_maximum;timing_spread_above_maximum;half_frame_difference_above_maximum,-140980.982073,-144543.846985,-144373.630565,0
T04,confirm,high_margin,sha256:5bea03bd71ac6ac89e808ee35ee0dac6e230dfbd43323fb3db5f91348b97fd06,-1,4488473,1.796058,1,0,-146373.630565,-147003.120641,0,exact_coherence_below_minimum;coherence_margin_below_minimum;even_odd_disagreement_above_maximum;timing_spread_above_maximum;half_frame_difference_above_maximum;tone_deletion_shift_above_maximum,-150039.879804,-147033.051004,-144962.598948,0
T04,confirm,high_margin,sha256:5bea03bd71ac6ac89e808ee35ee0dac6e230dfbd43323fb3db5f91348b97fd06,-1,4491807,1.7973916,1,0,-146373.630565,-148110.100611,0,exact_coherence_below_minimum;even_odd_disagreement_above_maximum;timing_spread_above_maximum;half_frame_difference_above_maximum;tone_deletion_shift_above_maximum,-148110.100611,-146901.921447,-148095.373322,0
T04,confirm,high_margin,sha256:5bea03bd71ac6ac89e808ee35ee0dac6e230dfbd43323fb3db5f91348b97fd06,-1,4495140,1.7987248,1,0,-146373.630565,-148317.968888,0,exact_coherence_below_minimum;coherence_margin_below_minimum;even_odd_disagreement_above_maximum;timing_spread_above_maximum;tone_deletion_shift_above_maximum,-142030.191944,-145035.22316,-148007.097407,0
T04,confirm,high_margin,sha256:5bea03bd71ac6ac89e808ee35ee0dac6e230dfbd43323fb3db5f91348b97fd06,-1,4498473,1.800058,1,0,-146373.630565,-146339.428457,0,exact_coherence_below_minimum;coherence_margin_below_minimum;even_odd_disagreement_above_maximum;timing_spread_above_maximum;half_frame_difference_above_maximum;tone_deletion_shift_above_maximum,-146339.428457,-147777.160724,-146431.258658,0
T04,confirm,high_margin,sha256:5bea03bd71ac6ac89e808ee35ee0dac6e230dfbd43323fb3db5f91348b97fd06,-1,4501807,1.8013916,1,0,-146373.630565,-146744.339983,0,exact_coherence_below_minimum;coherence_margin_below_minimum;even_odd_disagreement_above_maximum;timing_spread_above_maximum;half_frame_difference_above_maximum;tone_deletion_shift_above_maximum,-146744.339983,-148331.995846,-146829.333761,0
T04,confirm,high_margin,sha256:5bea03bd71ac6ac89e808ee35ee0dac6e230dfbd43323fb3db5f91348b97fd06,-1,4505140,1.8027248,1,0,-146373.630565,-145933.674885,0,exact_coherence_below_minimum;even_odd_disagreement_above_maximum;timing_spread_above_maximum;half_frame_difference_above_maximum;tone_deletion_shift_above_maximum,-145933.674885,-148030.945993,-145712.862691,0
T04,confirm,high_margin,sha256:5bea03bd71ac6ac89e808ee35ee0dac6e230dfbd43323fb3db5f91348b97fd06,-1,4508473,1.804058,1,0,-146373.630565,-145630.560496,0,exact_coherence_below_minimum;even_odd_disagreement_above_maximum;timing_spread_above_maximum;half_frame_difference_above_maximum,-145630.560496,-145615.847344,-148373.630565,0
T04,confirm,high_margin,sha256:5bea03bd71ac6ac89e808ee35ee0dac6e230dfbd43323fb3db5f91348b97fd06,-1,4511807,1.8053916,1,0,-146373.630565,-144456.922053,0,exact_coherence_below_minimum;coherence_margin_below_minimum;even_odd_disagreement_above_maximum;half_frame_difference_above_maximum;tone_deletion_shift_above_maximum,-151677.426024,-147947.616545,-144630.545197,0
T04,confirm,high_margin,sha256:5bea03bd71ac6ac89e808ee35ee0dac6e230dfbd43323fb3db5f91348b97fd06,-1,4515140,1.8067248,1,0,-146373.630565,-144373.630565,0,exact_coherence_below_minimum;coherence_margin_below_minimum;even_odd_disagreement_above_maximum;timing_spread_above_maximum;half_frame_difference_above_maximum;tone_deletion_shift_above_maximum;search_boundary,-141664.733544,-144400.247893,-144875.705026,0
T04,confirm,high_margin,sha256:5bea03bd71ac6ac89e808ee35ee0dac6e230dfbd43323fb3db5f91348b97fd06,-1,4518473,1.808058,1,0,-146373.630565,-145658.454658,0,exact_coherence_below_minimum;even_odd_disagreement_above_maximum;tone_deletion_shift_above_maximum,-148920.759794,-145412.432108,-147104.918664,0
T04,confirm,high_margin,sha256:5bea03bd71ac6ac89e808ee35ee0dac6e230dfbd43323fb3db5f91348b97fd06,-1,4521807,1.8093916,1,0,-146373.630565,-146768.322533,0,exact_coherence_below_minimum;coherence_margin_below_minimum;even_odd_disagreement_above_maximum;timing_spread_above_maximum;half_frame_difference_above_maximum;tone_deletion_shift_above_maximum,-148869.271817,-146651.80042,-148181.002884,0
T04,confirm,high_margin,sha256:5bea03bd71ac6ac89e808ee35ee0dac6e230dfbd43323fb3db5f91348b97fd06,-1,4525140,1.8107248,1,0,-146373.630565,-147666.385385,0,exact_coherence_below_minimum;coherence_margin_below_minimum;even_odd_disagreement_above_maximum;timing_spread_above_maximum;tone_deletion_shift_above_maximum,-141606.42041,-144916.742125,-147718.479677,0
T04,confirm,high_margin,sha256:5bea03bd71ac6ac89e808ee35ee0dac6e230dfbd43323fb3db5f91348b97fd06,-1,4528473,1.812058,1,0,-146373.630565,-148373.630565,0,exact_coherence_below_minimum;even_odd_disagreement_above_maximum;timing_spread_above_maximum;half_frame_difference_above_maximum;tone_deletion_shift_above_maximum;search_boundary,-148565.536605,-147147.454747,-148373.630565,0
T04,confirm,high_margin,sha256:5bea03bd71ac6ac89e808ee35ee0dac6e230dfbd43323fb3db5f91348b97fd06,-1,4531807,1.8133916,1,0,-146373.630565,-144373.630565,0,exact_coherence_below_minimum;even_odd_disagreement_above_maximum;timing_spread_above_maximum;half_frame_difference_above_maximum;search_boundary,-149710.738367,-148373.630565,-146853.56551,0
T04,confirm,high_margin,sha256:5bea03bd71ac6ac89e808ee35ee0dac6e230dfbd43323fb3db5f91348b97fd06,-1,4535140,1.8147248,1,0,-146373.630565,-145496.273216,0,exact_coherence_below_minimum;even_odd_disagreement_above_maximum;timing_spread_above_maximum;half_frame_difference_above_maximum;tone_deletion_shift_above_maximum,-143541.66779,-145318.681194,-148373.630565,0
T04,confirm,high_margin,sha256:5bea03bd71ac6ac89e808ee35ee0dac6e230dfbd43323fb3db5f91348b97fd06,-1,4538473,1.816058,1,0,-146373.630565,-145109.111216,0,exact_coherence_below_minimum;coherence_margin_below_minimum;even_odd_disagreement_above_maximum;timing_spread_above_maximum;tone_deletion_shift_above_maximum,-152199.373752,-147355.779826,-144373.630565,0
T04,confirm,high_margin,sha256:5bea03bd71ac6ac89e808ee35ee0dac6e230dfbd43323fb3db5f91348b97fd06,-1,4541807,1.8173916,1,0,-146373.630565,-148130.474762,0,exact_coherence_below_minimum;even_odd_disagreement_above_maximum;timing_spread_above_maximum;half_frame_difference_above_maximum;tone_deletion_shift_above_maximum,-150359.438299,-146465.320553,-144613.793994,0
T04,confirm,high_margin,sha256:5bea03bd71ac6ac89e808ee35ee0dac6e230dfbd43323fb3db5f91348b97fd06,-1,4545140,1.8187248,1,0,-146373.630565,-146412.1684,0,exact_coherence_below_minimum;coherence_margin_below_minimum;even_odd_disagreement_above_maximum;timing_spread_above_maximum;tone_deletion_shift_above_maximum,-148703.248977,-146407.30182,-148373.630565,0
T04,confirm,high_margin,sha256:5bea03bd71ac6ac89e808ee35ee0dac6e230dfbd43323fb3db5f91348b97fd06,-1,4548473,1.820058,1,0,-146373.630565,-145317.235127,0,exact_coherence_below_minimum;coherence_margin_below_minimum;even_odd_disagreement_above_maximum;timing_spread_above_maximum;half_frame_difference_above_maximum;tone_deletion_shift_above_maximum,-142427.986342,-146722.490866,-145324.846211,0
T04,confirm,high_margin,sha256:5bea03bd71ac6ac89e808ee35ee0dac6e230dfbd43323fb3db5f91348b97fd06,-1,4551807,1.8213916,1,0,-146373.630565,-147122.65184,0,exact_coherence_below_minimum;even_odd_disagreement_above_maximum;half_frame_difference_above_maximum;tone_deletion_shift_above_maximum,-149755.378532,-145357.686524,-144627.446114,0
T04,confirm,high_margin,sha256:5bea03bd71ac6ac89e808ee35ee0dac6e230dfbd43323fb3db5f91348b97fd06,-1,4555140,1.8227248,1,0,-146373.630565,-146818.680428,0,exact_coherence_below_minimum;even_odd_disagreement_above_maximum;half_frame_difference_above_maximum;tone_deletion_shift_above_maximum,-150609.358179,-146595.215815,-145222.039072,0
T04,confirm,high_margin,sha256:5bea03bd71ac6ac89e808ee35ee0dac6e230dfbd43323fb3db5f91348b97fd06,-1,4558473,1.824058,1,0,-146373.630565,-147998.397192,0,exact_coherence_below_minimum;coherence_margin_below_minimum;even_odd_disagreement_above_maximum;timing_spread_above_maximum;half_frame_difference_above_maximum;tone_deletion_shift_above_maximum,-151524.37177,-145028.607342,-144409.57055,0
T04,confirm,late_median_margin,sha256:5bea03bd71ac6ac89e808ee35ee0dac6e230dfbd43323fb3db5f91348b97fd06,-1,12376345,4.9512068,1,0,-164935.62723,-164878.700851,1,,-164878.700851,-164851.649655,-164901.33497,1
T04,confirm,late_median_margin,sha256:5bea03bd71ac6ac89e808ee35ee0dac6e230dfbd43323fb3db5f91348b97fd06,-1,12379678,4.95254,1,0,-164935.62723,-164886.376079,1,,-164886.376079,-164885.541975,-164895.29204,1
T04,confirm,late_median_margin,sha256:5bea03bd71ac6ac89e808ee35ee0dac6e230dfbd43323fb3db5f91348b97fd06,-1,12383012,4.9538736,1,0,-164935.62723,-164929.911538,1,,-164929.911538,-164920.898733,-164942.129837,1
T04,confirm,late_median_margin,sha256:5bea03bd71ac6ac89e808ee35ee0dac6e230dfbd43323fb3db5f91348b97fd06,-1,12386345,4.9552068,1,0,-164935.62723,-164922.031554,1,,-164922.031554,-164933.160926,-164914.700029,1
T04,confirm,late_median_margin,sha256:5bea03bd71ac6ac89e808ee35ee0dac6e230dfbd43323fb3db5f91348b97fd06,-1,12389678,4.95654,1,0,-164935.62723,-164899.821975,1,,-164899.821975,-164903.289613,-164903.697002,1
T04,confirm,late_median_margin,sha256:5bea03bd71ac6ac89e808ee35ee0dac6e230dfbd43323fb3db5f91348b97fd06,-1,12393012,4.9578736,1,0,-164935.62723,-164909.81651,1,,-164909.81651,-164907.286256,-164887.51953,1
T04,confirm,late_median_margin,sha256:5bea03bd71ac6ac89e808ee35ee0dac6e230dfbd43323fb3db5f91348b97fd06,-1,12396345,4.9592068,1,0,-164935.62723,-164925.674132,1,,-164925.674132,-164883.749913,-164962.484588,1
T04,confirm,late_median_margin,sha256:5bea03bd71ac6ac89e808ee35ee0dac6e230dfbd43323fb3db5f91348b97fd06,-1,12399678,4.96054,1,0,-164935.62723,-164932.110354,1,,-164932.110354,-164926.549646,-164942.630267,1
T04,confirm,late_median_margin,sha256:5bea03bd71ac6ac89e808ee35ee0dac6e230dfbd43323fb3db5f91348b97fd06,-1,12403012,4.9618736,1,0,-164935.62723,-164922.21563,1,,-164922.21563,-164909.31273,-164943.026997,1
T04,confirm,late_median_margin,sha256:5bea03bd71ac6ac89e808ee35ee0dac6e230dfbd43323fb3db5f91348b97fd06,-1,12406345,4.9632068,1,0,-164935.62723,-164970.05618,1,,-164970.05618,-164954.587029,-164996.533065,1
T04,confirm,late_median_margin,sha256:5bea03bd71ac6ac89e808ee35ee0dac6e230dfbd43323fb3db5f91348b97fd06,-1,12409678,4.96454,1,0,-164935.62723,-164952.31675,1,,-164952.31675,-164946.359507,-164962.236419,1
T04,confirm,late_median_margin,sha256:5bea03bd71ac6ac89e808ee35ee0dac6e230dfbd43323fb3db5f91348b97fd06,-1,12413012,4.9658736,1,0,-164935.62723,-164925.586201,1,,-164925.586201,-164907.355076,-164940.975157,1
T04,confirm,late_median_margin,sha256:5bea03bd71ac6ac89e808ee35ee0dac6e230dfbd43323fb3db5f91348b97fd06,-1,12416345,4.9672068,1,0,-164935.62723,-164955.942339,1,,-164955.942339,-164970.939013,-164936.071298,1
T04,confirm,late_median_margin,sha256:5bea03bd71ac6ac89e808ee35ee0dac6e230dfbd43323fb3db5f91348b97fd06,-1,12419678,4.96854,1,0,-164935.62723,-164916.734958,1,,-164916.734958,-164927.813621,-164905.054318,1
T04,confirm,late_median_margin,sha256:5bea03bd71ac6ac89e808ee35ee0dac6e230dfbd43323fb3db5f91348b97fd06,-1,12423012,4.9698736,1,0,-164935.62723,-164970.326528,1,,-164970.326528,-164957.158498,-164981.971946,1
T04,confirm,late_median_margin,sha256:5bea03bd71ac6ac89e808ee35ee0dac6e230dfbd43323fb3db5f91348b97fd06,-1,12426345,4.9712068,1,0,-164935.62723,-164945.83033,1,,-164945.83033,-164954.009489,-164927.348356,1
T04,confirm,late_median_margin,sha256:5bea03bd71ac6ac89e808ee35ee0dac6e230dfbd43323fb3db5f91348b97fd06,-1,12429678,4.97254,1,0,-164935.62723,-164956.433871,1,,-164956.433871,-164990.493856,-164918.077743,1
T04,confirm,late_median_margin,sha256:5bea03bd71ac6ac89e808ee35ee0dac6e230dfbd43323fb3db5f91348b97fd06,-1,12433012,4.9738736,1,0,-164935.62723,-165001.350194,1,,-165001.350194,-165006.925136,-164999.764906,1
T04,confirm,late_median_margin,sha256:5bea03bd71ac6ac89e808ee35ee0dac6e230dfbd43323fb3db5f91348b97fd06,-1,12436345,4.9752068,1,0,-164935.62723,-164985.432347,1,,-164985.432347,-164940.937509,-165019.192709,1
T04,confirm,late_median_margin,sha256:5bea03bd71ac6ac89e808ee35ee0dac6e230dfbd43323fb3db5f91348b97fd06,-1,12439678,4.97654,1,0,-164935.62723,-164958.371076,1,,-164958.371076,-164934.936515,-164970.342769,1
T04,confirm,late_median_margin,sha256:5bea03bd71ac6ac89e808ee35ee0dac6e230dfbd43323fb3db5f91348b97fd06,-1,12443012,4.9778736,1,0,-164935.62723,-164980.583263,1,,-164980.583263,-164987.930487,-164973.483167,1
T04,confirm,late_median_margin,sha256:5bea03bd71ac6ac89e808ee35ee0dac6e230dfbd43323fb3db5f91348b97fd06,-1,12446345,4.9792068,1,0,-164935.62723,-164959.450187,1,,-164959.450187,-164943.54632,-164960.572934,1
T04,confirm,late_median_margin,sha256:5bea03bd71ac6ac89e808ee35ee0dac6e230dfbd43323fb3db5f91348b97fd06,-1,12449678,4.98054,1,0,-164935.62723,-164974.703913,1,,-164974.703913,-164958.819135,-164976.752003,1
T04,confirm,late_median_margin,sha256:5bea03bd71ac6ac89e808ee35ee0dac6e230dfbd43323fb3db5f91348b97fd06,-1,12453012,4.9818736,1,0,-164935.62723,-164979.981001,1,,-164979.981001,-164972.735813,-164974.709502,1
T04,confirm,late_median_margin,sha256:5bea03bd71ac6ac89e808ee35ee0dac6e230dfbd43323fb3db5f91348b97fd06,-1,12456345,4.9832068,1,0,-164935.62723,-164994.151437,1,,-164994.151437,-165011.112049,-164970.811504,1
T04,confirm,late_median_margin,sha256:5bea03bd71ac6ac89e808ee35ee0dac6e230dfbd43323fb3db5f91348b97fd06,-1,12459678,4.98454,1,0,-164935.62723,-165020.243002,1,,-165020.243002,-165016.831324,-165020.789548,1
T04,confirm,late_median_margin,sha256:5bea03bd71ac6ac89e808ee35ee0dac6e230dfbd43323fb3db5f91348b97fd06,-1,12463012,4.9858736,1,0,-164935.62723,-165009.626482,1,,-165009.626482,-165026.436004,-164998.802505,1
T04,confirm,late_median_margin,sha256:5bea03bd71ac6ac89e808ee35ee0dac6e230dfbd43323fb3db5f91348b97fd06,-1,12466345,4.9872068,1,0,-164935.62723,-165047.533928,1,,-165047.533928,-165066.947002,-165021.187051,1
T04,confirm,late_median_margin,sha256:5bea03bd71ac6ac89e808ee35ee0dac6e230dfbd43323fb3db5f91348b97fd06,-1,12469678,4.98854,1,0,-164935.62723,-165024.898772,1,,-165024.898772,-165048.818607,-164998.636986,1
T04,confirm,late_median_margin,sha256:5bea03bd71ac6ac89e808ee35ee0dac6e230dfbd43323fb3db5f91348b97fd06,-1,12473012,4.9898736,1,0,-164935.62723,-165043.957699,1,,-165043.957699,-165047.54933,-165042.821487,1
T04,confirm,late_median_margin,sha256:5bea03bd71ac6ac89e808ee35ee0dac6e230dfbd43323fb3db5f91348b97fd06,-1,12476345,4.9912068,1,0,-164935.62723,-165020.770724,1,,-165020.770724,-165027.669362,-165017.748288,1
T04,confirm,late_median_margin,sha256:5bea03bd71ac6ac89e808ee35ee0dac6e230dfbd43323fb3db5f91348b97fd06,-1,12479678,4.99254,1,0,-164935.62723,-165041.500642,1,,-165041.500642,-165069.045949,-165008.638929,1
T04,confirm,late_median_margin,sha256:5bea03bd71ac6ac89e808ee35ee0dac6e230dfbd43323fb3db5f91348b97fd06,-1,12483012,4.9938736,1,0,-164935.62723,-165065.295382,1,,-165065.295382,-165111.099125,-165030.241993,1
T04,confirm,late_median_margin,sha256:5bea03bd71ac6ac89e808ee35ee0dac6e230dfbd43323fb3db5f91348b97fd06,-1,12486345,4.9952068,1,0,-164935.62723,-165072.670319,1,,-165072.670319,-165065.34331,-165072.496144,1
T04,confirm,late_median_margin,sha256:5bea03bd71ac6ac89e808ee35ee0dac6e230dfbd43323fb3db5f91348b97fd06,-1,12489678,4.99654,1,0,-164935.62723,-165085.299318,1,,-165085.299318,-165105.142015,-165061.958679,1
T04,confirm,late_median_margin,sha256:5bea03bd71ac6ac89e808ee35ee0dac6e230dfbd43323fb3db5f91348b97fd06,-1,12493012,4.9978736,1,0,-164935.62723,-165021.905663,1,,-165021.905663,-164980.114379,-165064.01888,1
T04,confirm,late_median_margin,sha256:5bea03bd71ac6ac89e808ee35ee0dac6e230dfbd43323fb3db5f91348b97fd06,-1,12496345,4.9992068,1,0,-164935.62723,-165022.487933,1,,-165022.487933,-165012.644506,-165032.262348,1
T04,confirm,late_median_margin,sha256:5bea03bd71ac6ac89e808ee35ee0dac6e230dfbd43323fb3db5f91348b97fd06,-1,12499678,5.00054,1,0,-164935.62723,-165079.739717,1,,-165079.739717,-165086.467041,-165073.659597,1
T04,confirm,late_median_margin,sha256:5bea03bd71ac6ac89e808ee35ee0dac6e230dfbd43323fb3db5f91348b97fd06,-1,12503012,5.0018736,1,0,-164935.62723,-165074.723787,1,,-165074.723787,-165060.395287,-165090.898745,1
T04,confirm,late_median_margin,sha256:5bea03bd71ac6ac89e808ee35ee0dac6e230dfbd43323fb3db5f91348b97fd06,-1,12506345,5.0032068,1,0,-164935.62723,-165094.394599,1,,-165094.394599,-165114.637457,-165077.786369,1
T04,confirm,late_median_margin,sha256:5bea03bd71ac6ac89e808ee35ee0dac6e230dfbd43323fb3db5f91348b97fd06,-1,12509678,5.00454,1,0,-164935.62723,-165071.494725,1,,-165071.494725,-165058.859801,-165070.518076,1
T04,confirm,late_median_margin,sha256:5bea03bd71ac6ac89e808ee35ee0dac6e230dfbd43323fb3db5f91348b97fd06,-1,12513012,5.0058736,1,0,-164935.62723,-165041.234832,1,,-165041.234832,-165062.815408,-165019.135846,1
T04,confirm,late_median_margin,sha256:5bea03bd71ac6ac89e808ee35ee0dac6e230dfbd43323fb3db5f91348b97fd06,-1,12516345,5.0072068,1,0,-164935.62723,-165068.114094,1,,-165068.114094,-165056.998837,-165078.005537,1
T04,confirm,late_median_margin,sha256:5bea03bd71ac6ac89e808ee35ee0dac6e230dfbd43323fb3db5f91348b97fd06,-1,12519678,5.00854,1,0,-164935.62723,-165105.39322,1,,-165105.39322,-165124.915179,-165072.377109,1
T04,confirm,late_median_margin,sha256:5bea03bd71ac6ac89e808ee35ee0dac6e230dfbd43323fb3db5f91348b97fd06,-1,12523012,5.0098736,1,0,-164935.62723,-165077.787339,1,,-165077.787339,-165046.601023,-165111.04002,1
T04,confirm,late_median_margin,sha256:5bea03bd71ac6ac89e808ee35ee0dac6e230dfbd43323fb3db5f91348b97fd06,-1,12526345,5.0112068,1,0,-164935.62723,-165129.966999,1,,-165129.966999,-165140.192226,-165125.82943,1
T04,confirm,late_median_margin,sha256:5bea03bd71ac6ac89e808ee35ee0dac6e230dfbd43323fb3db5f91348b97fd06,-1,12529678,5.01254,1,0,-164935.62723,-165143.891474,1,,-165143.891474,-165121.780695,-165163.038269,1
T04,confirm,late_median_margin,sha256:5bea03bd71ac6ac89e808ee35ee0dac6e230dfbd43323fb3db5f91348b97fd06,-1,12533012,5.0138736,1,0,-164935.62723,-165091.044108,1,,-165091.044108,-165077.713205,-165099.793989,1
T04,confirm,late_median_margin,sha256:5bea03bd71ac6ac89e808ee35ee0dac6e230dfbd43323fb3db5f91348b97fd06,-1,12536345,5.0152068,1,0,-164935.62723,-165116.506604,1,,-165116.506604,-165124.385777,-165102.513038,1
T04,confirm,late_median_margin,sha256:5bea03bd71ac6ac89e808ee35ee0dac6e230dfbd43323fb3db5f91348b97fd06,-1,12539678,5.01654,1,0,-164935.62723,-165102.266592,1,,-165102.266592,-165066.302954,-165114.029612,1
T04,confirm,late_median_margin,sha256:5bea03bd71ac6ac89e808ee35ee0dac6e230dfbd43323fb3db5f91348b97fd06,-1,12543012,5.0178736,1,0,-164935.62723,-165136.491907,1,,-165136.491907,-165136.628624,-165134.668604,1
T04,confirm,late_median_margin,sha256:5bea03bd71ac6ac89e808ee35ee0dac6e230dfbd43323fb3db5f91348b97fd06,-1,12546345,5.0192068,1,0,-164935.62723,-165132.666691,1,,-165132.666691,-165118.300937,-165161.930639,1
T04,confirm,late_median_margin,sha256:5bea03bd71ac6ac89e808ee35ee0dac6e230dfbd43323fb3db5f91348b97fd06,-1,12549678,5.02054,1,0,-164935.62723,-165154.817847,1,,-165154.817847,-165168.57666,-165150.41175,1
T04,confirm,late_median_margin,sha256:5bea03bd71ac6ac89e808ee35ee0dac6e230dfbd43323fb3db5f91348b97fd06,-1,12553012,5.0218736,1,0,-164935.62723,-165152.548538,1,,-165152.548538,-165161.349768,-165133.549571,1
T04,confirm,late_median_margin,sha256:5bea03bd71ac6ac89e808ee35ee0dac6e230dfbd43323fb3db5f91348b97fd06,-1,12556345,5.0232068,1,0,-164935.62723,-165163.828827,1,,-165163.828827,-165143.507121,-165189.947019,1
T04,confirm,late_median_margin,sha256:5bea03bd71ac6ac89e808ee35ee0dac6e230dfbd43323fb3db5f91348b97fd06,-1,12559678,5.02454,1,0,-164935.62723,-165154.820165,1,,-165154.820165,-165155.466217,-165162.408731,1
T04,confirm,low_positive_margin,sha256:5bea03bd71ac6ac89e808ee35ee0dac6e230dfbd43323fb3db5f91348b97fd06,-1,15439890,6.1766248,0,0,-171672.055938,-172454.34671,0,exact_coherence_below_minimum;coherence_margin_below_minimum;even_odd_disagreement_above_maximum;timing_spread_above_maximum;half_frame_difference_above_maximum;tone_deletion_shift_above_maximum,-175951.570112,-172684.011203,-172798.919384,0
T04,confirm,low_positive_margin,sha256:5bea03bd71ac6ac89e808ee35ee0dac6e230dfbd43323fb3db5f91348b97fd06,-1,15443223,6.177958,0,0,-171672.055938,-170058.26447,0,exact_coherence_below_minimum;even_odd_disagreement_above_maximum;half_frame_difference_above_maximum;tone_deletion_shift_above_maximum,-175352.631569,-169774.46252,-171201.875364,0
T04,confirm,low_positive_margin,sha256:5bea03bd71ac6ac89e808ee35ee0dac6e230dfbd43323fb3db5f91348b97fd06,-1,15446557,6.1792916,0,0,-171672.055938,-169985.720027,0,exact_coherence_below_minimum;coherence_margin_below_minimum;even_odd_disagreement_above_maximum;timing_spread_above_maximum;tone_deletion_shift_above_maximum,-175596.913079,-173206.775331,-172592.953694,0
T04,confirm,low_positive_margin,sha256:5bea03bd71ac6ac89e808ee35ee0dac6e230dfbd43323fb3db5f91348b97fd06,-1,15449890,6.1806248,0,0,-171672.055938,-171245.658503,0,exact_coherence_below_minimum;coherence_margin_below_minimum;even_odd_disagreement_above_maximum;timing_spread_above_maximum;half_frame_difference_above_maximum;tone_deletion_shift_above_maximum,-171245.658503,-171454.960277,-170932.154226,0
T04,confirm,low_positive_margin,sha256:5bea03bd71ac6ac89e808ee35ee0dac6e230dfbd43323fb3db5f91348b97fd06,-1,15453223,6.181958,0,0,-171672.055938,-171985.184131,0,exact_coherence_below_minimum;even_odd_disagreement_above_maximum;timing_spread_above_maximum;half_frame_difference_above_maximum;tone_deletion_shift_above_maximum,-165672.055938,-172082.245237,-171735.624187,0
T04,confirm,low_positive_margin,sha256:5bea03bd71ac6ac89e808ee35ee0dac6e230dfbd43323fb3db5f91348b97fd06,-1,15456557,6.1832916,0,0,-171672.055938,-171419.44653,0,exact_coherence_below_minimum;even_odd_disagreement_above_maximum;timing_spread_above_maximum;half_frame_difference_above_maximum;tone_deletion_shift_above_maximum,-169081.822035,-171752.978837,-172443.228351,0
T04,confirm,low_positive_margin,sha256:5bea03bd71ac6ac89e808ee35ee0dac6e230dfbd43323fb3db5f91348b97fd06,-1,15459890,6.1846248,0,0,-171672.055938,-170834.569183,0,exact_coherence_below_minimum;coherence_margin_below_minimum;even_odd_disagreement_above_maximum;timing_spread_above_maximum;half_frame_difference_above_maximum;tone_deletion_shift_above_maximum,-174390.376793,-173672.055938,-171289.916107,0
T04,confirm,low_positive_margin,sha256:5bea03bd71ac6ac89e808ee35ee0dac6e230dfbd43323fb3db5f91348b97fd06,-1,15463223,6.185958,0,1,-171672.055938,,0,refill_boundary_crossing,,,,0
T04,confirm,low_positive_margin,sha256:5bea03bd71ac6ac89e808ee35ee0dac6e230dfbd43323fb3db5f91348b97fd06,-1,15466557,6.1872916,0,0,-171672.055938,-171687.526585,1,,-171687.526585,-171707.973987,-171669.07128,1
T04,confirm,low_positive_margin,sha256:5bea03bd71ac6ac89e808ee35ee0dac6e230dfbd43323fb3db5f91348b97fd06,-1,15469890,6.1886248,0,0,-171672.055938,-171651.640073,1,,-171651.640073,-171636.478087,-171648.266049,1
T04,confirm,low_positive_margin,sha256:5bea03bd71ac6ac89e808ee35ee0dac6e230dfbd43323fb3db5f91348b97fd06,-1,15473223,6.189958,0,0,-171672.055938,-171694.658568,1,,-171694.658568,-171697.472405,-171695.100152,1
T04,confirm,low_positive_margin,sha256:5bea03bd71ac6ac89e808ee35ee0dac6e230dfbd43323fb3db5f91348b97fd06,-1,15476557,6.1912916,0,0,-171672.055938,-171663.093669,1,,-171663.093669,-171668.585989,-171669.685789,1
T04,confirm,low_positive_margin,sha256:5bea03bd71ac6ac89e808ee35ee0dac6e230dfbd43323fb3db5f91348b97fd06,-1,15479890,6.1926248,0,0,-171672.055938,-171716.056804,1,,-171716.056804,-171729.324784,-171707.341006,1
T04,confirm,low_positive_margin,sha256:5bea03bd71ac6ac89e808ee35ee0dac6e230dfbd43323fb3db5f91348b97fd06,-1,15483223,6.193958,0,0,-171672.055938,-171705.801386,1,,-171705.801386,-171733.184148,-171695.731877,1
T04,confirm,low_positive_margin,sha256:5bea03bd71ac6ac89e808ee35ee0dac6e230dfbd43323fb3db5f91348b97fd06,-1,15486557,6.1952916,0,0,-171672.055938,-171708.702289,1,,-171708.702289,-171721.601014,-171699.85548,1
T04,confirm,low_positive_margin,sha256:5bea03bd71ac6ac89e808ee35ee0dac6e230dfbd43323fb3db5f91348b97fd06,-1,15489890,6.1966248,0,0,-171672.055938,-171729.707761,1,,-171729.707761,-171702.029439,-171736.84262,1
T04,confirm,low_positive_margin,sha256:5bea03bd71ac6ac89e808ee35ee0dac6e230dfbd43323fb3db5f91348b97fd06,-1,15493223,6.197958,0,0,-171672.055938,-171685.021572,1,,-171685.021572,-171697.969174,-171667.854094,1
T04,confirm,low_positive_margin,sha256:5bea03bd71ac6ac89e808ee35ee0dac6e230dfbd43323fb3db5f91348b97fd06,-1,15496557,6.1992916,0,0,-171672.055938,-171698.945757,1,,-171698.945757,-171711.583957,-171686.731982,1
T04,confirm,low_positive_margin,sha256:5bea03bd71ac6ac89e808ee35ee0dac6e230dfbd43323fb3db5f91348b97fd06,-1,15499890,6.2006248,0,0,-171672.055938,-171719.348714,1,,-171719.348714,-171758.158509,-171682.608061,1
T04,confirm,low_positive_margin,sha256:5bea03bd71ac6ac89e808ee35ee0dac6e230dfbd43323fb3db5f91348b97fd06,-1,15503223,6.201958,0,0,-171672.055938,-171745.419931,1,,-171745.419931,-171767.218554,-171723.150322,1
T04,confirm,low_positive_margin,sha256:5bea03bd71ac6ac89e808ee35ee0dac6e230dfbd43323fb3db5f91348b97fd06,-1,15506557,6.2032916,0,0,-171672.055938,-171733.338429,1,,-171733.338429,-171703.567828,-171758.393274,1
T04,confirm,low_positive_margin,sha256:5bea03bd71ac6ac89e808ee35ee0dac6e230dfbd43323fb3db5f91348b97fd06,-1,15509890,6.2046248,0,0,-171672.055938,-171756.24514,1,,-171756.24514,-171748.28066,-171765.286457,1
T04,confirm,low_positive_margin,sha256:5bea03bd71ac6ac89e808ee35ee0dac6e230dfbd43323fb3db5f91348b97fd06,-1,15513223,6.205958,0,0,-171672.055938,-171747.444692,1,,-171747.444692,-171705.619442,-171789.896011,1
T04,confirm,low_positive_margin,sha256:5bea03bd71ac6ac89e808ee35ee0dac6e230dfbd43323fb3db5f91348b97fd06,-1,15516557,6.2072916,0,0,-171672.055938,-171735.571119,1,,-171735.571119,-171749.118557,-171725.638453,1
T04,confirm,low_positive_margin,sha256:5bea03bd71ac6ac89e808ee35ee0dac6e230dfbd43323fb3db5f91348b97fd06,-1,15519890,6.2086248,0,0,-171672.055938,-171750.355604,1,,-171750.355604,-171738.813901,-171775.661796,1
T04,confirm,low_positive_margin,sha256:5bea03bd71ac6ac89e808ee35ee0dac6e230dfbd43323fb3db5f91348b97fd06,-1,15523223,6.209958,0,0,-171672.055938,-171756.475591,1,,-171756.475591,-171781.629076,-171737.733402,1
T04,confirm,low_positive_margin,sha256:5bea03bd71ac6ac89e808ee35ee0dac6e230dfbd43323fb3db5f91348b97fd06,-1,15526557,6.2112916,0,0,-171672.055938,-171759.933396,1,,-171759.933396,-171769.443353,-171752.828861,1
T04,confirm,low_positive_margin,sha256:5bea03bd71ac6ac89e808ee35ee0dac6e230dfbd43323fb3db5f91348b97fd06,-1,15529890,6.2126248,0,0,-171672.055938,-171747.362298,1,,-171747.362298,-171746.024406,-171743.284799,1
T04,confirm,low_positive_margin,sha256:5bea03bd71ac6ac89e808ee35ee0dac6e230dfbd43323fb3db5f91348b97fd06,-1,15533223,6.213958,0,0,-171672.055938,-171787.48937,1,,-171787.48937,-171776.109692,-171804.1694,1
T04,confirm,low_positive_margin,sha256:5bea03bd71ac6ac89e808ee35ee0dac6e230dfbd43323fb3db5f91348b97fd06,-1,15536557,6.2152916,0,0,-171672.055938,-171791.126774,1,,-171791.126774,-171794.846239,-171790.890051,1
T04,confirm,low_positive_margin,sha256:5bea03bd71ac6ac89e808ee35ee0dac6e230dfbd43323fb3db5f91348b97fd06,-1,15539890,6.2166248,0,0,-171672.055938,-171789.66064,1,,-171789.66064,-171790.986812,-171790.236088,1
T04,confirm,low_positive_margin,sha256:5bea03bd71ac6ac89e808ee35ee0dac6e230dfbd43323fb3db5f91348b97fd06,-1,15543223,6.217958,0,0,-171672.055938,-171783.418934,1,,-171783.418934,-171772.788389,-171784.20287,1
T04,confirm,low_positive_margin,sha256:5bea03bd71ac6ac89e808ee35ee0dac6e230dfbd43323fb3db5f91348b97fd06,-1,15546557,6.2192916,0,0,-171672.055938,-171785.137634,1,,-171785.137634,-171769.696661,-171800.596334,1
T04,confirm,low_positive_margin,sha256:5bea03bd71ac6ac89e808ee35ee0dac6e230dfbd43323fb3db5f91348b97fd06,-1,15549890,6.2206248,0,0,-171672.055938,-171782.19169,1,,-171782.19169,-171788.507269,-171776.309796,1
T04,confirm,low_positive_margin,sha256:5bea03bd71ac6ac89e808ee35ee0dac6e230dfbd43323fb3db5f91348b97fd06,-1,15553223,6.221958,0,0,-171672.055938,-171795.309986,1,,-171795.309986,-171771.933834,-171828.620945,1
T04,confirm,low_positive_margin,sha256:5bea03bd71ac6ac89e808ee35ee0dac6e230dfbd43323fb3db5f91348b97fd06,-1,15556557,6.2232916,0,0,-171672.055938,-171834.649624,1,,-171834.649624,-171825.885532,-171852.540172,1
T04,confirm,low_positive_margin,sha256:5bea03bd71ac6ac89e808ee35ee0dac6e230dfbd43323fb3db5f91348b97fd06,-1,15559890,6.2246248,0,0,-171672.055938,-171799.914916,1,,-171799.914916,-171827.692921,-171777.751194,1
T04,confirm,low_positive_margin,sha256:5bea03bd71ac6ac89e808ee35ee0dac6e230dfbd43323fb3db5f91348b97fd06,-1,15563223,6.225958,0,0,-171672.055938,-171828.259923,1,,-171828.259923,-171828.984241,-171829.604733,1
T04,confirm,low_positive_margin,sha256:5bea03bd71ac6ac89e808ee35ee0dac6e230dfbd43323fb3db5f91348b97fd06,-1,15566557,6.2272916,0,0,-171672.055938,-171795.619605,1,,-171795.619605,-171794.167174,-171792.697963,1
T04,confirm,low_positive_margin,sha256:5bea03bd71ac6ac89e808ee35ee0dac6e230dfbd43323fb3db5f91348b97fd06,-1,15569890,6.2286248,0,0,-171672.055938,-171815.634986,1,,-171815.634986,-171794.675466,-171832.836552,1
T04,confirm,low_positive_margin,sha256:5bea03bd71ac6ac89e808ee35ee0dac6e230dfbd43323fb3db5f91348b97fd06,-1,15573223,6.229958,0,0,-171672.055938,-171803.882096,1,,-171803.882096,-171814.06418,-171800.888964,1
T04,confirm,low_positive_margin,sha256:5bea03bd71ac6ac89e808ee35ee0dac6e230dfbd43323fb3db5f91348b97fd06,-1,15576557,6.2312916,0,0,-171672.055938,-171829.003394,1,,-171829.003394,-171804.017622,-171847.822985,1
T04,confirm,low_positive_margin,sha256:5bea03bd71ac6ac89e808ee35ee0dac6e230dfbd43323fb3db5f91348b97fd06,-1,15579890,6.2326248,0,0,-171672.055938,-171838.40388,1,,-171838.40388,-171839.927289,-171841.097476,1
T04,confirm,low_positive_margin,sha256:5bea03bd71ac6ac89e808ee35ee0dac6e230dfbd43323fb3db5f91348b97fd06,-1,15583223,6.233958,0,0,-171672.055938,-171875.414611,1,,-171875.414611,-171877.514838,-171887.868606,1
T04,confirm,low_positive_margin,sha256:5bea03bd71ac6ac89e808ee35ee0dac6e230dfbd43323fb3db5f91348b97fd06,-1,15586557,6.2352916,0,0,-171672.055938,-171855.812476,1,,-171855.812476,-171873.594001,-171846.890995,1
T04,confirm,low_positive_margin,sha256:5bea03bd71ac6ac89e808ee35ee0dac6e230dfbd43323fb3db5f91348b97fd06,-1,15589890,6.2366248,0,0,-171672.055938,-171845.462295,1,,-171845.462295,-171854.113726,-171833.494565,1
T04,confirm,low_positive_margin,sha256:5bea03bd71ac6ac89e808ee35ee0dac6e230dfbd43323fb3db5f91348b97fd06,-1,15593223,6.237958,0,0,-171672.055938,-171832.241652,1,,-171832.241652,-171836.133067,-171826.70093,1
T04,confirm,low_positive_margin,sha256:5bea03bd71ac6ac89e808ee35ee0dac6e230dfbd43323fb3db5f91348b97fd06,-1,15596557,6.2392916,0,0,-171672.055938,-171856.327672,1,,-171856.327672,-171864.33702,-171857.060434,1
T04,confirm,low_positive_margin,sha256:5bea03bd71ac6ac89e808ee35ee0dac6e230dfbd43323fb3db5f91348b97fd06,-1,15599890,6.2406248,0,0,-171672.055938,-171861.874291,1,,-171861.874291,-171874.384736,-171850.537837,1
T04,confirm,low_positive_margin,sha256:5bea03bd71ac6ac89e808ee35ee0dac6e230dfbd43323fb3db5f91348b97fd06,-1,15603223,6.241958,0,0,-171672.055938,-171867.405159,1,,-171867.405159,-171876.570844,-171865.595117,1
T04,confirm,low_positive_margin,sha256:5bea03bd71ac6ac89e808ee35ee0dac6e230dfbd43323fb3db5f91348b97fd06,-1,15606557,6.2432916,0,0,-171672.055938,-171886.428098,1,,-171886.428098,-171866.027871,-171912.679077,1
T04,confirm,low_positive_margin,sha256:5bea03bd71ac6ac89e808ee35ee0dac6e230dfbd43323fb3db5f91348b97fd06,-1,15609890,6.2446248,0,0,-171672.055938,-171919.458069,1,,-171919.458069,-171887.57699,-171951.813256,1
T04,confirm,low_positive_margin,sha256:5bea03bd71ac6ac89e808ee35ee0dac6e230dfbd43323fb3db5f91348b97fd06,-1,15613223,6.245958,0,0,-171672.055938,-171874.725869,1,,-171874.725869,-171851.677672,-171893.94759,1
T04,confirm,low_positive_margin,sha256:5bea03bd71ac6ac89e808ee35ee0dac6e230dfbd43323fb3db5f91348b97fd06,-1,15616557,6.2472916,0,0,-171672.055938,-171902.074068,1,,-171902.074068,-171887.322666,-171920.426044,1
T04,confirm,low_positive_margin,sha256:5bea03bd71ac6ac89e808ee35ee0dac6e230dfbd43323fb3db5f91348b97fd06,-1,15619890,6.2486248,0,0,-171672.055938,-171884.513687,1,,-171884.513687,-171860.67334,-171904.555389,1
T04,confirm,low_positive_margin,sha256:5bea03bd71ac6ac89e808ee35ee0dac6e230dfbd43323fb3db5f91348b97fd06,-1,15623223,6.249958,0,0,-171672.055938,-171878.77213,1,,-171878.77213,-171895.743306,-171852.592317,1
T04,confirm,middle_median_margin,sha256:5bea03bd71ac6ac89e808ee35ee0dac6e230dfbd43323fb3db5f91348b97fd06,-1,9251641,3.7013252,1,0,-157698.389893,-157704.227909,1,,-157704.227909,-157699.658167,-157700.526984,1
T04,confirm,middle_median_margin,sha256:5bea03bd71ac6ac89e808ee35ee0dac6e230dfbd43323fb3db5f91348b97fd06,-1,9254974,3.7026584,1,0,-157698.389893,-157720.568685,1,,-157720.568685,-157734.991367,-157708.998255,1
T04,confirm,middle_median_margin,sha256:5bea03bd71ac6ac89e808ee35ee0dac6e230dfbd43323fb3db5f91348b97fd06,-1,9258308,3.703992,1,0,-157698.389893,-157682.935342,1,,-157682.935342,-157699.688857,-157665.004982,1
T04,confirm,middle_median_margin,sha256:5bea03bd71ac6ac89e808ee35ee0dac6e230dfbd43323fb3db5f91348b97fd06,-1,9261641,3.7053252,1,0,-157698.389893,-157704.080065,1,,-157704.080065,-157689.987861,-157723.538697,1
T04,confirm,middle_median_margin,sha256:5bea03bd71ac6ac89e808ee35ee0dac6e230dfbd43323fb3db5f91348b97fd06,-1,9264974,3.7066584,1,0,-157698.389893,-157687.069099,1,,-157687.069099,-157689.85255,-157680.426509,1
T04,confirm,middle_median_margin,sha256:5bea03bd71ac6ac89e808ee35ee0dac6e230dfbd43323fb3db5f91348b97fd06,-1,9268308,3.707992,1,0,-157698.389893,-157721.621318,1,,-157721.621318,-157725.570647,-157722.557088,1
T04,confirm,middle_median_margin,sha256:5bea03bd71ac6ac89e808ee35ee0dac6e230dfbd43323fb3db5f91348b97fd06,-1,9271641,3.7093252,1,0,-157698.389893,-157737.37207,1,,-157737.37207,-157749.640786,-157721.535576,1
T04,confirm,middle_median_margin,sha256:5bea03bd71ac6ac89e808ee35ee0dac6e230dfbd43323fb3db5f91348b97fd06,-1,9274974,3.7106584,1,0,-157698.389893,-157729.435785,1,,-157729.435785,-157732.863458,-157723.70416,1
T04,confirm,middle_median_margin,sha256:5bea03bd71ac6ac89e808ee35ee0dac6e230dfbd43323fb3db5f91348b97fd06,-1,9278308,3.711992,1,0,-157698.389893,-157717.167262,1,,-157717.167262,-157698.251497,-157733.490486,1
T04,confirm,middle_median_margin,sha256:5bea03bd71ac6ac89e808ee35ee0dac6e230dfbd43323fb3db5f91348b97fd06,-1,9281641,3.7133252,1,0,-157698.389893,-157755.230568,1,,-157755.230568,-157745.366792,-157779.069197,1
T04,confirm,middle_median_margin,sha256:5bea03bd71ac6ac89e808ee35ee0dac6e230dfbd43323fb3db5f91348b97fd06,-1,9284974,3.7146584,1,0,-157698.389893,-157711.039872,1,,-157711.039872,-157716.649709,-157707.482272,1
T04,confirm,middle_median_margin,sha256:5bea03bd71ac6ac89e808ee35ee0dac6e230dfbd43323fb3db5f91348b97fd06,-1,9288308,3.715992,1,0,-157698.389893,-157734.945841,1,,-157734.945841,-157731.98099,-157732.610187,1
T04,confirm,middle_median_margin,sha256:5bea03bd71ac6ac89e808ee35ee0dac6e230dfbd43323fb3db5f91348b97fd06,-1,9291641,3.7173252,1,0,-157698.389893,-157779.792236,1,,-157779.792236,-157779.794368,-157779.556331,1
T04,confirm,middle_median_margin,sha256:5bea03bd71ac6ac89e808ee35ee0dac6e230dfbd43323fb3db5f91348b97fd06,-1,9294974,3.7186584,1,0,-157698.389893,-157729.546536,1,,-157729.546536,-157720.113096,-157752.299551,1
T04,confirm,middle_median_margin,sha256:5bea03bd71ac6ac89e808ee35ee0dac6e230dfbd43323fb3db5f91348b97fd06,-1,9298308,3.719992,1,0,-157698.389893,-157715.226563,1,,-157715.226563,-157706.445437,-157723.437051,1
T04,confirm,middle_median_margin,sha256:5bea03bd71ac6ac89e808ee35ee0dac6e230dfbd43323fb3db5f91348b97fd06,-1,9301641,3.7213252,1,0,-157698.389893,-157763.725155,1,,-157763.725155,-157754.533055,-157771.200569,1
T04,confirm,middle_median_margin,sha256:5bea03bd71ac6ac89e808ee35ee0dac6e230dfbd43323fb3db5f91348b97fd06,-1,9304974,3.7226584,1,0,-157698.389893,-157749.118095,1,,-157749.118095,-157765.602413,-157751.703778,1
T04,confirm,middle_median_margin,sha256:5bea03bd71ac6ac89e808ee35ee0dac6e230dfbd43323fb3db5f91348b97fd06,-1,9308308,3.723992,1,0,-157698.389893,-157753.804137,1,,-157753.804137,-157757.780577,-157753.126911,1
T04,confirm,middle_median_margin,sha256:5bea03bd71ac6ac89e808ee35ee0dac6e230dfbd43323fb3db5f91348b97fd06,-1,9311641,3.7253252,1,0,-157698.389893,-157746.208568,1,,-157746.208568,-157754.399294,-157740.76772,1
T04,confirm,middle_median_margin,sha256:5bea03bd71ac6ac89e808ee35ee0dac6e230dfbd43323fb3db5f91348b97fd06,-1,9314974,3.7266584,1,0,-157698.389893,-157777.266649,1,,-157777.266649,-157771.607244,-157786.354204,1
T04,confirm,middle_median_margin,sha256:5bea03bd71ac6ac89e808ee35ee0dac6e230dfbd43323fb3db5f91348b97fd06,-1,9318308,3.727992,1,0,-157698.389893,-157753.801537,1,,-157753.801537,-157750.773051,-157750.702614,1
T04,confirm,middle_median_margin,sha256:5bea03bd71ac6ac89e808ee35ee0dac6e230dfbd43323fb3db5f91348b97fd06,-1,9321641,3.7293252,1,0,-157698.389893,-157781.039266,1,,-157781.039266,-157813.28215,-157760.601892,1
T04,confirm,middle_median_margin,sha256:5bea03bd71ac6ac89e808ee35ee0dac6e230dfbd43323fb3db5f91348b97fd06,-1,9324974,3.7306584,1,0,-157698.389893,-157801.591581,1,,-157801.591581,-157778.974175,-157833.396749,1
T04,confirm,middle_median_margin,sha256:5bea03bd71ac6ac89e808ee35ee0dac6e230dfbd43323fb3db5f91348b97fd06,-1,9328308,3.731992,1,0,-157698.389893,-157791.527378,1,,-157791.527378,-157782.988378,-157801.818854,1
T04,confirm,middle_median_margin,sha256:5bea03bd71ac6ac89e808ee35ee0dac6e230dfbd43323fb3db5f91348b97fd06,-1,9331641,3.7333252,1,0,-157698.389893,-157799.582387,1,,-157799.582387,-157788.048745,-157803.323895,1
T04,confirm,middle_median_margin,sha256:5bea03bd71ac6ac89e808ee35ee0dac6e230dfbd43323fb3db5f91348b97fd06,-1,9334974,3.7346584,1,0,-157698.389893,-157798.389299,1,,-157798.389299,-157810.395131,-157789.68356,1
T04,confirm,middle_median_margin,sha256:5bea03bd71ac6ac89e808ee35ee0dac6e230dfbd43323fb3db5f91348b97fd06,-1,9338308,3.735992,1,0,-157698.389893,-157792.525816,1,,-157792.525816,-157806.305938,-157772.934314,1
T04,confirm,middle_median_margin,sha256:5bea03bd71ac6ac89e808ee35ee0dac6e230dfbd43323fb3db5f91348b97fd06,-1,9341641,3.7373252,1,0,-157698.389893,-157807.068841,1,,-157807.068841,-157790.322688,-157822.904696,1
T04,confirm,middle_median_margin,sha256:5bea03bd71ac6ac89e808ee35ee0dac6e230dfbd43323fb3db5f91348b97fd06,-1,9344974,3.7386584,1,0,-157698.389893,-157858.275073,1,,-157858.275073,-157871.364734,-157838.188875,1
T04,confirm,middle_median_margin,sha256:5bea03bd71ac6ac89e808ee35ee0dac6e230dfbd43323fb3db5f91348b97fd06,-1,9348308,3.739992,1,0,-157698.389893,-157790.998779,1,,-157790.998779,-157804.067596,-157812.967731,1
T04,confirm,middle_median_margin,sha256:5bea03bd71ac6ac89e808ee35ee0dac6e230dfbd43323fb3db5f91348b97fd06,-1,9351641,3.7413252,1,0,-157698.389893,-157818.691135,1,,-157818.691135,-157823.442937,-157811.71755,1
T04,confirm,middle_median_margin,sha256:5bea03bd71ac6ac89e808ee35ee0dac6e230dfbd43323fb3db5f91348b97fd06,-1,9354974,3.7426584,1,0,-157698.389893,-157832.298408,1,,-157832.298408,-157851.614773,-157812.36622,1
T04,confirm,middle_median_margin,sha256:5bea03bd71ac6ac89e808ee35ee0dac6e230dfbd43323fb3db5f91348b97fd06,-1,9358308,3.743992,1,0,-157698.389893,-157817.514806,1,,-157817.514806,-157789.828326,-157841.780312,1
T04,confirm,middle_median_margin,sha256:5bea03bd71ac6ac89e808ee35ee0dac6e230dfbd43323fb3db5f91348b97fd06,-1,9361641,3.7453252,1,0,-157698.389893,-157813.780412,1,,-157813.780412,-157781.426162,-157835.206956,1
T04,confirm,middle_median_margin,sha256:5bea03bd71ac6ac89e808ee35ee0dac6e230dfbd43323fb3db5f91348b97fd06,-1,9364974,3.7466584,1,0,-157698.389893,-157886.430509,1,,-157886.430509,-157875.924771,-157898.14488,1
T04,confirm,middle_median_margin,sha256:5bea03bd71ac6ac89e808ee35ee0dac6e230dfbd43323fb3db5f91348b97fd06,-1,9368308,3.747992,1,0,-157698.389893,-157837.498621,1,,-157837.498621,-157825.639584,-157850.065397,1
T04,confirm,middle_median_margin,sha256:5bea03bd71ac6ac89e808ee35ee0dac6e230dfbd43323fb3db5f91348b97fd06,-1,9371641,3.7493252,1,0,-157698.389893,-157890.48703,1,,-157890.48703,-157901.118228,-157877.772773,1
T04,confirm,middle_median_margin,sha256:5bea03bd71ac6ac89e808ee35ee0dac6e230dfbd43323fb3db5f91348b97fd06,-1,9374974,3.7506584,1,0,-157698.389893,-157881.167218,1,,-157881.167218,-157859.22319,-157910.547111,1
T04,confirm,middle_median_margin,sha256:5bea03bd71ac6ac89e808ee35ee0dac6e230dfbd43323fb3db5f91348b97fd06,-1,9378308,3.751992,1,0,-157698.389893,-157864.512291,1,,-157864.512291,-157843.742989,-157886.334287,1
T04,confirm,middle_median_margin,sha256:5bea03bd71ac6ac89e808ee35ee0dac6e230dfbd43323fb3db5f91348b97fd06,-1,9381641,3.7533252,1,0,-157698.389893,-157854.625405,1,,-157854.625405,-157861.467461,-157857.494289,1
T04,confirm,middle_median_margin,sha256:5bea03bd71ac6ac89e808ee35ee0dac6e230dfbd43323fb3db5f91348b97fd06,-1,9384974,3.7546584,1,0,-157698.389893,-157880.587808,1,,-157880.587808,-157872.268484,-157888.381133,1
T04,confirm,middle_median_margin,sha256:5bea03bd71ac6ac89e808ee35ee0dac6e230dfbd43323fb3db5f91348b97fd06,-1,9388308,3.755992,1,0,-157698.389893,-157889.877965,1,,-157889.877965,-157904.866993,-157877.812982,1
T04,confirm,middle_median_margin,sha256:5bea03bd71ac6ac89e808ee35ee0dac6e230dfbd43323fb3db5f91348b97fd06,-1,9391641,3.7573252,1,0,-157698.389893,-157858.446873,1,,-157858.446873,-157854.14983,-157857.222942,1
T04,confirm,middle_median_margin,sha256:5bea03bd71ac6ac89e808ee35ee0dac6e230dfbd43323fb3db5f91348b97fd06,-1,9394974,3.7586584,1,0,-157698.389893,-157872.890571,1,,-157872.890571,-157858.020344,-157892.095083,1
T04,confirm,middle_median_margin,sha256:5bea03bd71ac6ac89e808ee35ee0dac6e230dfbd43323fb3db5f91348b97fd06,-1,9398308,3.759992,1,0,-157698.389893,-157908.505365,1,,-157908.505365,-157928.808262,-157894.301741,1
T04,confirm,middle_median_margin,sha256:5bea03bd71ac6ac89e808ee35ee0dac6e230dfbd43323fb3db5f91348b97fd06,-1,9401641,3.7613252,1,0,-157698.389893,-157883.114507,1,,-157883.114507,-157874.232432,-157890.959937,1
T04,confirm,middle_median_margin,sha256:5bea03bd71ac6ac89e808ee35ee0dac6e230dfbd43323fb3db5f91348b97fd06,-1,9404974,3.7626584,1,0,-157698.389893,-157879.656996,1,,-157879.656996,-157882.046369,-157875.586075,1
T04,confirm,middle_median_margin,sha256:5bea03bd71ac6ac89e808ee35ee0dac6e230dfbd43323fb3db5f91348b97fd06,-1,9408308,3.763992,1,0,-157698.389893,-157888.150039,1,,-157888.150039,-157900.624202,-157873.679854,1
T04,confirm,middle_median_margin,sha256:5bea03bd71ac6ac89e808ee35ee0dac6e230dfbd43323fb3db5f91348b97fd06,-1,9411641,3.7653252,1,0,-157698.389893,-157916.084884,1,,-157916.084884,-157944.792109,-157897.119435,1
T04,confirm,middle_median_margin,sha256:5bea03bd71ac6ac89e808ee35ee0dac6e230dfbd43323fb3db5f91348b97fd06,-1,9414974,3.7666584,1,0,-157698.389893,-157887.049827,1,,-157887.049827,-157913.725983,-157866.825381,1
T04,confirm,middle_median_margin,sha256:5bea03bd71ac6ac89e808ee35ee0dac6e230dfbd43323fb3db5f91348b97fd06,-1,9418308,3.767992,1,0,-157698.389893,-157929.802403,1,,-157929.802403,-157949.196527,-157919.33537,1
T04,confirm,middle_median_margin,sha256:5bea03bd71ac6ac89e808ee35ee0dac6e230dfbd43323fb3db5f91348b97fd06,-1,9421641,3.7693252,1,0,-157698.389893,-157911.06543,1,,-157911.06543,-157911.619999,-157896.220314,1
T04,confirm,middle_median_margin,sha256:5bea03bd71ac6ac89e808ee35ee0dac6e230dfbd43323fb3db5f91348b97fd06,-1,9424974,3.7706584,1,0,-157698.389893,-157936.350861,1,,-157936.350861,-157930.596825,-157943.55715,1
T04,confirm,middle_median_margin,sha256:5bea03bd71ac6ac89e808ee35ee0dac6e230dfbd43323fb3db5f91348b97fd06,-1,9428308,3.771992,1,0,-157698.389893,-157906.628033,1,,-157906.628033,-157881.970986,-157932.1023,1
T04,confirm,middle_median_margin,sha256:5bea03bd71ac6ac89e808ee35ee0dac6e230dfbd43323fb3db5f91348b97fd06,-1,9431641,3.7733252,1,0,-157698.389893,-157927.13324,1,,-157927.13324,-157952.138409,-157904.405229,1
T04,confirm,middle_median_margin,sha256:5bea03bd71ac6ac89e808ee35ee0dac6e230dfbd43323fb3db5f91348b97fd06,-1,9434974,3.7746584,0,1,-157698.389893,,0,refill_boundary_crossing,,,,0
T04,confirm,refill_boundary,sha256:5bea03bd71ac6ac89e808ee35ee0dac6e230dfbd43323fb3db5f91348b97fd06,-1,11440475,4.5768588,0,0,-162741.965048,-162729.982017,1,,-162729.982017,-162727.093864,-162728.248582,1
T04,confirm,refill_boundary,sha256:5bea03bd71ac6ac89e808ee35ee0dac6e230dfbd43323fb3db5f91348b97fd06,-1,11443808,4.578192,0,0,-162741.965048,-162740.369112,1,,-162740.369112,-162729.867502,-162743.782518,1
T04,confirm,refill_boundary,sha256:5bea03bd71ac6ac89e808ee35ee0dac6e230dfbd43323fb3db5f91348b97fd06,-1,11447142,4.5795256,0,0,-162741.965048,-162732.782998,1,,-162732.782998,-162747.003639,-162733.308848,1
T04,confirm,refill_boundary,sha256:5bea03bd71ac6ac89e808ee35ee0dac6e230dfbd43323fb3db5f91348b97fd06,-1,11450475,4.5808588,0,0,-162741.965048,-162740.365765,1,,-162740.365765,-162729.808539,-162756.003337,1
T04,confirm,refill_boundary,sha256:5bea03bd71ac6ac89e808ee35ee0dac6e230dfbd43323fb3db5f91348b97fd06,-1,11453808,4.582192,0,0,-162741.965048,-162711.867481,1,,-162711.867481,-162695.135663,-162730.738161,1
T04,confirm,refill_boundary,sha256:5bea03bd71ac6ac89e808ee35ee0dac6e230dfbd43323fb3db5f91348b97fd06,-1,11457142,4.5835256,0,0,-162741.965048,-162777.112456,1,,-162777.112456,-162756.799143,-162763.403459,1
T04,confirm,refill_boundary,sha256:5bea03bd71ac6ac89e808ee35ee0dac6e230dfbd43323fb3db5f91348b97fd06,-1,11460475,4.5848588,0,0,-162741.965048,-162749.577118,1,,-162749.577118,-162744.797437,-162750.19632,1
T04,confirm,refill_boundary,sha256:5bea03bd71ac6ac89e808ee35ee0dac6e230dfbd43323fb3db5f91348b97fd06,-1,11463808,4.586192,0,0,-162741.965048,-162725.880023,1,,-162725.880023,-162744.349944,-162711.541515,1
T04,confirm,refill_boundary,sha256:5bea03bd71ac6ac89e808ee35ee0dac6e230dfbd43323fb3db5f91348b97fd06,-1,11467142,4.5875256,0,0,-162741.965048,-162736.132879,1,,-162736.132879,-162729.867286,-162734.201845,1
T04,confirm,refill_boundary,sha256:5bea03bd71ac6ac89e808ee35ee0dac6e230dfbd43323fb3db5f91348b97fd06,-1,11470475,4.5888588,0,0,-162741.965048,-162739.131207,1,,-162739.131207,-162752.976814,-162718.707056,1
T04,confirm,refill_boundary,sha256:5bea03bd71ac6ac89e808ee35ee0dac6e230dfbd43323fb3db5f91348b97fd06,-1,11473808,4.590192,0,0,-162741.965048,-162737.597335,1,,-162737.597335,-162749.794328,-162716.889481,1
T04,confirm,refill_boundary,sha256:5bea03bd71ac6ac89e808ee35ee0dac6e230dfbd43323fb3db5f91348b97fd06,-1,11477142,4.5915256,0,0,-162741.965048,-162716.834734,1,,-162716.834734,-162730.780024,-162704.095094,1
T04,confirm,refill_boundary,sha256:5bea03bd71ac6ac89e808ee35ee0dac6e230dfbd43323fb3db5f91348b97fd06,-1,11480475,4.5928588,0,0,-162741.965048,-162772.896987,1,,-162772.896987,-162786.997607,-162759.328193,1
T04,confirm,refill_boundary,sha256:5bea03bd71ac6ac89e808ee35ee0dac6e230dfbd43323fb3db5f91348b97fd06,-1,11483808,4.594192,0,0,-162741.965048,-162768.267752,1,,-162768.267752,-162738.671979,-162799.672168,1
T04,confirm,refill_boundary,sha256:5bea03bd71ac6ac89e808ee35ee0dac6e230dfbd43323fb3db5f91348b97fd06,-1,11487142,4.5955256,0,0,-162741.965048,-162772.800031,1,,-162772.800031,-162769.481159,-162777.961869,1
T04,confirm,refill_boundary,sha256:5bea03bd71ac6ac89e808ee35ee0dac6e230dfbd43323fb3db5f91348b97fd06,-1,11490475,4.5968588,0,0,-162741.965048,-162799.00534,1,,-162799.00534,-162790.360462,-162812.010127,1
T04,confirm,refill_boundary,sha256:5bea03bd71ac6ac89e808ee35ee0dac6e230dfbd43323fb3db5f91348b97fd06,-1,11493808,4.598192,0,0,-162741.965048,-162798.815576,1,,-162798.815576,-162811.329623,-162788.278905,1
T04,confirm,refill_boundary,sha256:5bea03bd71ac6ac89e808ee35ee0dac6e230dfbd43323fb3db5f91348b97fd06,-1,11497142,4.5995256,0,0,-162741.965048,-162783.231409,1,,-162783.231409,-162781.017432,-162781.806139,1
T04,confirm,refill_boundary,sha256:5bea03bd71ac6ac89e808ee35ee0dac6e230dfbd43323fb3db5f91348b97fd06,-1,11500475,4.6008588,0,0,-162741.965048,-162777.893698,1,,-162777.893698,-162781.312092,-162779.336214,1
T04,confirm,refill_boundary,sha256:5bea03bd71ac6ac89e808ee35ee0dac6e230dfbd43323fb3db5f91348b97fd06,-1,11503808,4.602192,0,0,-162741.965048,-162835.812001,1,,-162835.812001,-162869.382339,-162805.806597,1
T04,confirm,refill_boundary,sha256:5bea03bd71ac6ac89e808ee35ee0dac6e230dfbd43323fb3db5f91348b97fd06,-1,11507142,4.6035256,0,0,-162741.965048,-162816.91712,1,,-162816.91712,-162779.77749,-162841.755545,1
T04,confirm,refill_boundary,sha256:5bea03bd71ac6ac89e808ee35ee0dac6e230dfbd43323fb3db5f91348b97fd06,-1,11510475,4.6048588,0,0,-162741.965048,-162806.426276,1,,-162806.426276,-162773.499184,-162842.818415,1
T04,confirm,refill_boundary,sha256:5bea03bd71ac6ac89e808ee35ee0dac6e230dfbd43323fb3db5f91348b97fd06,-1,11513808,4.606192,0,0,-162741.965048,-162831.642309,1,,-162831.642309,-162850.880093,-162811.245954,1
T04,confirm,refill_boundary,sha256:5bea03bd71ac6ac89e808ee35ee0dac6e230dfbd43323fb3db5f91348b97fd06,-1,11517142,4.6075256,0,0,-162741.965048,-162805.623365,1,,-162805.623365,-162825.737389,-162785.702714,1
T04,confirm,refill_boundary,sha256:5bea03bd71ac6ac89e808ee35ee0dac6e230dfbd43323fb3db5f91348b97fd06,-1,11520475,4.6088588,0,0,-162741.965048,-162803.0437,1,,-162803.0437,-162789.65477,-162814.469813,1
T04,confirm,refill_boundary,sha256:5bea03bd71ac6ac89e808ee35ee0dac6e230dfbd43323fb3db5f91348b97fd06,-1,11523808,4.610192,0,0,-162741.965048,-162817.225256,1,,-162817.225256,-162840.661879,-162800.258996,1
T04,confirm,refill_boundary,sha256:5bea03bd71ac6ac89e808ee35ee0dac6e230dfbd43323fb3db5f91348b97fd06,-1,11527142,4.6115256,0,0,-162741.965048,-162833.778011,1,,-162833.778011,-162833.782883,-162837.648802,1
T04,confirm,refill_boundary,sha256:5bea03bd71ac6ac89e808ee35ee0dac6e230dfbd43323fb3db5f91348b97fd06,-1,11530475,4.6128588,0,0,-162741.965048,-162829.5152,1,,-162829.5152,-162828.016229,-162805.386902,1
T04,confirm,refill_boundary,sha256:5bea03bd71ac6ac89e808ee35ee0dac6e230dfbd43323fb3db5f91348b97fd06,-1,11533808,4.614192,0,1,-162741.965048,,0,refill_boundary_crossing,,,,0
T04,confirm,refill_boundary,sha256:5bea03bd71ac6ac89e808ee35ee0dac6e230dfbd43323fb3db5f91348b97fd06,-1,11537142,4.6155256,0,0,-162741.965048,-160741.965048,0,exact_coherence_below_minimum;coherence_margin_below_minimum;even_odd_disagreement_above_maximum;timing_spread_above_maximum;half_frame_difference_above_maximum;tone_deletion_shift_above_maximum;search_boundary,-167426.336273,-162027.4678,-164246.520142,0
T04,confirm,refill_boundary,sha256:5bea03bd71ac6ac89e808ee35ee0dac6e230dfbd43323fb3db5f91348b97fd06,-1,11540475,4.6168588,0,0,-162741.965048,-164029.094418,0,exact_coherence_below_minimum;even_odd_disagreement_above_maximum;timing_spread_above_maximum;half_frame_difference_above_maximum;tone_deletion_shift_above_maximum,-164029.094418,-161983.793102,-163875.549642,0
T04,confirm,refill_boundary,sha256:5bea03bd71ac6ac89e808ee35ee0dac6e230dfbd43323fb3db5f91348b97fd06,-1,11543808,4.618192,0,0,-162741.965048,-164421.910302,0,exact_coherence_below_minimum;coherence_margin_below_minimum;even_odd_disagreement_above_maximum;timing_spread_above_maximum;half_frame_difference_above_maximum;tone_deletion_shift_above_maximum,-166496.191058,-164741.965048,-164300.128405,0
T04,confirm,refill_boundary,sha256:5bea03bd71ac6ac89e808ee35ee0dac6e230dfbd43323fb3db5f91348b97fd06,-1,11547142,4.6195256,0,0,-162741.965048,-161121.052099,0,exact_coherence_below_minimum;coherence_margin_below_minimum;even_odd_disagreement_above_maximum;timing_spread_above_maximum;half_frame_difference_above_maximum;tone_deletion_shift_above_maximum,-167075.174784,-163950.303851,-160986.08477,0
T04,confirm,refill_boundary,sha256:5bea03bd71ac6ac89e808ee35ee0dac6e230dfbd43323fb3db5f91348b97fd06,-1,11550475,4.6208588,0,0,-162741.965048,-162524.588651,0,exact_coherence_below_minimum;even_odd_disagreement_above_maximum;timing_spread_above_maximum;half_frame_difference_above_maximum;tone_deletion_shift_above_maximum,-167071.847427,-162265.992167,-164741.965048,0
T04,confirm,refill_boundary,sha256:5bea03bd71ac6ac89e808ee35ee0dac6e230dfbd43323fb3db5f91348b97fd06,-1,11553808,4.622192,0,0,-162741.965048,-160741.965048,0,exact_coherence_below_minimum;coherence_margin_below_minimum;even_odd_disagreement_above_maximum;timing_spread_above_maximum;half_frame_difference_above_maximum;tone_deletion_shift_above_maximum;search_boundary,-160539.460052,-160741.965048,-162191.644021,0
T04,confirm,refill_boundary,sha256:5bea03bd71ac6ac89e808ee35ee0dac6e230dfbd43323fb3db5f91348b97fd06,-1,11557142,4.6235256,0,0,-162741.965048,-161874.259756,0,exact_coherence_below_minimum;coherence_margin_below_minimum;even_odd_disagreement_above_maximum;timing_spread_above_maximum;half_frame_difference_above_maximum;tone_deletion_shift_above_maximum,-167646.119257,-163793.288209,-161348.686855,0
T04,confirm,refill_boundary,sha256:5bea03bd71ac6ac89e808ee35ee0dac6e230dfbd43323fb3db5f91348b97fd06,-1,11560475,4.6248588,0,0,-162741.965048,-161201.665321,0,exact_coherence_below_minimum;even_odd_disagreement_above_maximum;timing_spread_above_maximum;half_frame_difference_above_maximum;tone_deletion_shift_above_maximum,-161201.665321,-161152.254188,-163209.968255,0
T04,confirm,refill_boundary,sha256:5bea03bd71ac6ac89e808ee35ee0dac6e230dfbd43323fb3db5f91348b97fd06,-1,11563808,4.626192,0,0,-162741.965048,-162914.669028,0,exact_coherence_below_minimum;even_odd_disagreement_above_maximum;timing_spread_above_maximum;tone_deletion_shift_above_maximum,-162914.669028,-161459.695308,-162932.92241,0
T04,confirm,refill_boundary,sha256:5bea03bd71ac6ac89e808ee35ee0dac6e230dfbd43323fb3db5f91348b97fd06,-1,11567142,4.6275256,0,0,-162741.965048,-160799.765487,0,exact_coherence_below_minimum;coherence_margin_below_minimum;even_odd_disagreement_above_maximum;timing_spread_above_maximum;half_frame_difference_above_maximum;tone_deletion_shift_above_maximum,-157688.630214,-162332.055036,-161127.063471,0
T04,confirm,refill_boundary,sha256:5bea03bd71ac6ac89e808ee35ee0dac6e230dfbd43323fb3db5f91348b97fd06,-1,11570475,4.6288588,0,0,-162741.965048,-162531.477686,0,exact_coherence_below_minimum;even_odd_disagreement_above_maximum;timing_spread_above_maximum;half_frame_difference_above_maximum;tone_deletion_shift_above_maximum,-157776.505234,-163778.010263,-162439.993136,0
T04,confirm,refill_boundary,sha256:5bea03bd71ac6ac89e808ee35ee0dac6e230dfbd43323fb3db5f91348b97fd06,-1,11573808,4.630192,0,0,-162741.965048,-164495.138024,0,exact_coherence_below_minimum;even_odd_disagreement_above_maximum;timing_spread_above_maximum;half_frame_difference_above_maximum,-164495.138024,-164594.424558,-162576.393335,0
T04,confirm,refill_boundary,sha256:5bea03bd71ac6ac89e808ee35ee0dac6e230dfbd43323fb3db5f91348b97fd06,-1,11577142,4.6315256,0,0,-162741.965048,-163572.655942,0,exact_coherence_below_minimum;coherence_margin_below_minimum;even_odd_disagreement_above_maximum;timing_spread_above_maximum;tone_deletion_shift_above_maximum,-156741.965048,-163778.396934,-164515.479396,0
T04,confirm,refill_boundary,sha256:5bea03bd71ac6ac89e808ee35ee0dac6e230dfbd43323fb3db5f91348b97fd06,-1,11580475,4.6328588,0,0,-162741.965048,-162352.335302,0,exact_coherence_below_minimum;coherence_margin_below_minimum;even_odd_disagreement_above_maximum;timing_spread_above_maximum;half_frame_difference_above_maximum;tone_deletion_shift_above_maximum,-168605.915347,-162451.745415,-163562.714427,0
T04,confirm,refill_boundary,sha256:5bea03bd71ac6ac89e808ee35ee0dac6e230dfbd43323fb3db5f91348b97fd06,-1,11583808,4.634192,0,0,-162741.965048,-162155.754254,0,exact_coherence_below_minimum;even_odd_disagreement_above_maximum;timing_spread_above_maximum;half_frame_difference_above_maximum,-162155.754254,-162965.957123,-161807.196794,0
T04,confirm,refill_boundary,sha256:5bea03bd71ac6ac89e808ee35ee0dac6e230dfbd43323fb3db5f91348b97fd06,-1,11587142,4.6355256,0,0,-162741.965048,-161074.890485,0,exact_coherence_below_minimum;even_odd_disagreement_above_maximum;timing_spread_above_maximum;tone_deletion_shift_above_maximum,-161074.890485,-161397.906648,-160754.976058,0
T04,confirm,refill_boundary,sha256:5bea03bd71ac6ac89e808ee35ee0dac6e230dfbd43323fb3db5f91348b97fd06,-1,11590475,4.6368588,0,0,-162741.965048,-164741.965048,0,exact_coherence_below_minimum;coherence_margin_below_minimum;even_odd_disagreement_above_maximum;timing_spread_above_maximum;half_frame_difference_above_maximum;tone_deletion_shift_above_maximum;search_boundary,-168051.518466,-163447.793254,-164005.260931,0
T04,confirm,refill_boundary,sha256:5bea03bd71ac6ac89e808ee35ee0dac6e230dfbd43323fb3db5f91348b97fd06,-1,11593808,4.638192,0,0,-162741.965048,-164741.965048,0,exact_coherence_below_minimum;coherence_margin_below_minimum;even_odd_disagreement_above_maximum;timing_spread_above_maximum;half_frame_difference_above_maximum;tone_deletion_shift_above_maximum;search_boundary,-165758.757768,-164098.902885,-164627.165559,0
T04,confirm,refill_boundary,sha256:5bea03bd71ac6ac89e808ee35ee0dac6e230dfbd43323fb3db5f91348b97fd06,-1,11597142,4.6395256,0,0,-162741.965048,-163936.147766,0,exact_coherence_below_minimum;coherence_margin_below_minimum;even_odd_disagreement_above_maximum;timing_spread_above_maximum;half_frame_difference_above_maximum;tone_deletion_shift_above_maximum,-165862.572184,-162855.430677,-161693.492965,0
T04,confirm,refill_boundary,sha256:5bea03bd71ac6ac89e808ee35ee0dac6e230dfbd43323fb3db5f91348b97fd06,-1,11600475,4.6408588,0,0,-162741.965048,-161116.122235,0,exact_coherence_below_minimum;coherence_margin_below_minimum;even_odd_disagreement_above_maximum;timing_spread_above_maximum;half_frame_difference_above_maximum;tone_deletion_shift_above_maximum,-161116.122235,-163407.534291,-161162.667183,0
T04,confirm,refill_boundary,sha256:5bea03bd71ac6ac89e808ee35ee0dac6e230dfbd43323fb3db5f91348b97fd06,-1,11603808,4.642192,0,0,-162741.965048,-161071.369949,0,exact_coherence_below_minimum;coherence_margin_below_minimum;even_odd_disagreement_above_maximum;timing_spread_above_maximum;tone_deletion_shift_above_maximum,-165667.567602,-161054.922124,-164238.931626,0
T04,confirm,refill_boundary,sha256:5bea03bd71ac6ac89e808ee35ee0dac6e230dfbd43323fb3db5f91348b97fd06,-1,11607142,4.6435256,0,0,-162741.965048,-164093.75377,0,exact_coherence_below_minimum;even_odd_disagreement_above_maximum;timing_spread_above_maximum;tone_deletion_shift_above_maximum,-159265.189618,-164309.871699,-164136.704001,0
T04,confirm,refill_boundary,sha256:5bea03bd71ac6ac89e808ee35ee0dac6e230dfbd43323fb3db5f91348b97fd06,-1,11610475,4.6448588,0,0,-162741.965048,-162051.966939,0,exact_coherence_below_minimum;coherence_margin_below_minimum;even_odd_disagreement_above_maximum;timing_spread_above_maximum;half_frame_difference_above_maximum;tone_deletion_shift_above_maximum,-157831.644339,-160759.190074,-161990.396398,0
T04,confirm,refill_boundary,sha256:5bea03bd71ac6ac89e808ee35ee0dac6e230dfbd43323fb3db5f91348b97fd06,-1,11613808,4.646192,0,0,-162741.965048,-163141.722339,0,exact_coherence_below_minimum;even_odd_disagreement_above_maximum;timing_spread_above_maximum;half_frame_difference_above_maximum;tone_deletion_shift_above_maximum,-163141.722339,-162192.477132,-164320.642197,0
T04,confirm,refill_boundary,sha256:5bea03bd71ac6ac89e808ee35ee0dac6e230dfbd43323fb3db5f91348b97fd06,-1,11617142,4.6475256,0,0,-162741.965048,-161033.38055,0,exact_coherence_below_minimum;coherence_margin_below_minimum;even_odd_disagreement_above_maximum;timing_spread_above_maximum;half_frame_difference_above_maximum;tone_deletion_shift_above_maximum,-166002.818981,-163206.223277,-163807.837815,0
T04,confirm,refill_boundary,sha256:5bea03bd71ac6ac89e808ee35ee0dac6e230dfbd43323fb3db5f91348b97fd06,-1,11620475,4.6488588,0,0,-162741.965048,-164564.559764,0,exact_coherence_below_minimum;even_odd_disagreement_above_maximum;timing_spread_above_maximum;half_frame_difference_above_maximum;tone_deletion_shift_above_maximum,-164564.559764,-160741.965048,-164418.55396,0
T04,confirm,refill_boundary,sha256:5bea03bd71ac6ac89e808ee35ee0dac6e230dfbd43323fb3db5f91348b97fd06,-1,11623808,4.650192,0,0,-162741.965048,-161920.976144,0,exact_coherence_below_minimum;even_odd_disagreement_above_maximum;timing_spread_above_maximum;half_frame_difference_above_maximum;tone_deletion_shift_above_maximum,-161920.976144,-161184.682663,-162067.757178,0
T04,confirm,early_median_margin,sha256:e52e1cb8b1ce2626d0daca2ff05d22134b7ed7c13e099a589a463a162be03334,0,375737,0.1509636,1,0,89991.1989394,90038.8418628,0,exact_coherence_below_minimum;even_odd_disagreement_above_maximum;tone_deletion_shift_above_maximum,90038.8418628,90585.7422253,89889.663967,0
T04,confirm,early_median_margin,sha256:e52e1cb8b1ce2626d0daca2ff05d22134b7ed7c13e099a589a463a162be03334,0,379070,0.1522968,1,0,89991.1989394,90029.2137336,0,exact_coherence_below_minimum;even_odd_disagreement_above_maximum,90029.2137336,91608.0107599,90083.753926,0
T04,confirm,early_median_margin,sha256:e52e1cb8b1ce2626d0daca2ff05d22134b7ed7c13e099a589a463a162be03334,0,382404,0.1536304,1,0,89991.1989394,90100.6778077,0,exact_coherence_below_minimum;even_odd_disagreement_above_maximum;timing_spread_above_maximum;tone_deletion_shift_above_maximum,90100.6778077,90258.8573617,89949.0084093,0
T04,confirm,early_median_margin,sha256:e52e1cb8b1ce2626d0daca2ff05d22134b7ed7c13e099a589a463a162be03334,0,385737,0.1549636,1,0,89991.1989394,89953.3845272,0,exact_coherence_below_minimum;even_odd_disagreement_above_maximum;timing_spread_above_maximum;tone_deletion_shift_above_maximum,89953.3845272,90014.63448,90275.5351616,0
T04,confirm,early_median_margin,sha256:e52e1cb8b1ce2626d0daca2ff05d22134b7ed7c13e099a589a463a162be03334,0,389070,0.1562968,1,0,89991.1989394,90056.8310431,0,exact_coherence_below_minimum;even_odd_disagreement_above_maximum;timing_spread_above_maximum;half_frame_difference_above_maximum;tone_deletion_shift_above_maximum,90056.8310431,90028.7641133,89028.2119533,0
T04,confirm,early_median_margin,sha256:e52e1cb8b1ce2626d0daca2ff05d22134b7ed7c13e099a589a463a162be03334,0,392404,0.1576304,1,0,89991.1989394,90105.8089815,0,exact_coherence_below_minimum;even_odd_disagreement_above_maximum;half_frame_difference_above_maximum,90105.8089815,90059.5264732,91185.4259404,0
T04,confirm,early_median_margin,sha256:e52e1cb8b1ce2626d0daca2ff05d22134b7ed7c13e099a589a463a162be03334,0,395737,0.1589636,1,0,89991.1989394,91436.6883086,0,exact_coherence_below_minimum;timing_spread_above_maximum;tone_deletion_shift_above_maximum,91436.6883086,90096.3824413,90128.2598477,0
T04,confirm,early_median_margin,sha256:e52e1cb8b1ce2626d0daca2ff05d22134b7ed7c13e099a589a463a162be03334,0,399070,0.1602968,1,0,89991.1989394,90279.1184617,0,exact_coherence_below_minimum;even_odd_disagreement_above_maximum;timing_spread_above_maximum;half_frame_difference_above_maximum;tone_deletion_shift_above_maximum,90279.1184617,90167.8137546,90647.2139253,0
T04,confirm,early_median_margin,sha256:e52e1cb8b1ce2626d0daca2ff05d22134b7ed7c13e099a589a463a162be03334,0,402404,0.1616304,1,0,89991.1989394,89975.2950078,0,exact_coherence_below_minimum;even_odd_disagreement_above_maximum,89975.2950078,89924.533597,90206.1037307,1
T04,confirm,early_median_margin,sha256:e52e1cb8b1ce2626d0daca2ff05d22134b7ed7c13e099a589a463a162be03334,0,405737,0.1629636,1,0,89991.1989394,89900.1776048,0,exact_coherence_below_minimum;even_odd_disagreement_above_maximum;timing_spread_above_maximum;half_frame_difference_above_maximum;tone_deletion_shift_above_maximum,84483.3550931,91991.1989394,89963.3450058,0
T04,confirm,early_median_margin,sha256:e52e1cb8b1ce2626d0daca2ff05d22134b7ed7c13e099a589a463a162be03334,0,409070,0.1642968,1,0,89991.1989394,90009.449438,0,exact_coherence_below_minimum;timing_spread_above_maximum;tone_deletion_shift_above_maximum,90009.449438,90008.5299203,90076.051938,0
T04,confirm,early_median_margin,sha256:e52e1cb8b1ce2626d0daca2ff05d22134b7ed7c13e099a589a463a162be03334,0,412404,0.1656304,1,0,89991.1989394,89955.5423099,0,exact_coherence_below_minimum;even_odd_disagreement_above_maximum;half_frame_difference_above_maximum,83991.1989394,89923.7245643,89149.4373509,0
T04,confirm,early_median_margin,sha256:e52e1cb8b1ce2626d0daca2ff05d22134b7ed7c13e099a589a463a162be03334,0,415737,0.1669636,1,0,89991.1989394,89865.2129144,0,exact_coherence_below_minimum;even_odd_disagreement_above_maximum;timing_spread_above_maximum,89865.2129144,89786.7730521,89958.2416672,0
T04,confirm,early_median_margin,sha256:e52e1cb8b1ce2626d0daca2ff05d22134b7ed7c13e099a589a463a162be03334,0,419070,0.1682968,1,0,89991.1989394,90011.2453994,0,exact_coherence_below_minimum;coherence_margin_below_minimum;even_odd_disagreement_above_maximum;timing_spread_above_maximum;half_frame_difference_above_maximum;tone_deletion_shift_above_maximum,90011.2453994,89680.9164813,89951.8225811,0
T04,confirm,early_median_margin,sha256:e52e1cb8b1ce2626d0daca2ff05d22134b7ed7c13e099a589a463a162be03334,0,422404,0.1696304,1,0,89991.1989394,90139.1112573,0,exact_coherence_below_minimum;even_odd_disagreement_above_maximum;timing_spread_above_maximum;half_frame_difference_above_maximum;tone_deletion_shift_above_maximum,90139.1112573,91991.1989394,90020.5651234,0
T04,confirm,early_median_margin,sha256:e52e1cb8b1ce2626d0daca2ff05d22134b7ed7c13e099a589a463a162be03334,0,425737,0.1709636,1,0,89991.1989394,91100.0706504,0,exact_coherence_below_minimum;even_odd_disagreement_above_maximum;timing_spread_above_maximum;half_frame_difference_above_maximum;tone_deletion_shift_above_maximum,92167.8053534,90134.4035286,91128.4079834,0
T04,confirm,early_median_margin,sha256:e52e1cb8b1ce2626d0daca2ff05d22134b7ed7c13e099a589a463a162be03334,0,429070,0.1722968,1,0,89991.1989394,90086.9753404,0,exact_coherence_below_minimum;even_odd_disagreement_above_maximum;timing_spread_above_maximum;half_frame_difference_above_maximum;tone_deletion_shift_above_maximum,90086.9753404,90359.6917342,90058.2119322,0
T04,confirm,early_median_margin,sha256:e52e1cb8b1ce2626d0daca2ff05d22134b7ed7c13e099a589a463a162be03334,0,432404,0.1736304,1,0,89991.1989394,89969.63098,0,exact_coherence_below_minimum;even_odd_disagreement_above_maximum,89969.63098,90082.7729874,89895.9763466,0
T04,confirm,early_median_margin,sha256:e52e1cb8b1ce2626d0daca2ff05d22134b7ed7c13e099a589a463a162be03334,0,435737,0.1749636,1,0,89991.1989394,89841.407711,0,exact_coherence_below_minimum;even_odd_disagreement_above_maximum;timing_spread_above_maximum;tone_deletion_shift_above_maximum,89841.407711,89119.5737683,90067.7615459,0
T04,confirm,early_median_margin,sha256:e52e1cb8b1ce2626d0daca2ff05d22134b7ed7c13e099a589a463a162be03334,0,439070,0.1762968,1,0,89991.1989394,89971.4758401,0,exact_coherence_below_minimum;even_odd_disagreement_above_maximum;timing_spread_above_maximum;tone_deletion_shift_above_maximum,89971.4758401,89521.6098589,90125.9523412,0
T04,confirm,early_median_margin,sha256:e52e1cb8b1ce2626d0daca2ff05d22134b7ed7c13e099a589a463a162be03334,0,442404,0.1776304,1,0,89991.1989394,89848.1917483,0,exact_coherence_below_minimum;timing_spread_above_maximum;half_frame_difference_above_maximum;tone_deletion_shift_above_maximum,89848.1917483,89799.6413069,89868.555685,0
T04,confirm,early_median_margin,sha256:e52e1cb8b1ce2626d0daca2ff05d22134b7ed7c13e099a589a463a162be03334,0,445737,0.1789636,1,0,89991.1989394,89953.8838275,0,exact_coherence_below_minimum;even_odd_disagreement_above_maximum;timing_spread_above_maximum;tone_deletion_shift_above_maximum,89953.8838275,88831.9968196,91820.4592156,0
T04,confirm,early_median_margin,sha256:e52e1cb8b1ce2626d0daca2ff05d22134b7ed7c13e099a589a463a162be03334,0,449070,0.1802968,1,0,89991.1989394,89980.3509665,0,exact_coherence_below_minimum;even_odd_disagreement_above_maximum,89980.3509665,89996.4714913,91233.499934,0
T04,confirm,early_median_margin,sha256:e52e1cb8b1ce2626d0daca2ff05d22134b7ed7c13e099a589a463a162be03334,0,452404,0.1816304,1,0,89991.1989394,89927.1789769,0,exact_coherence_below_minimum;even_odd_disagreement_above_maximum;half_frame_difference_above_maximum,89927.1789769,90731.5518902,89988.9121955,0
T04,confirm,early_median_margin,sha256:e52e1cb8b1ce2626d0daca2ff05d22134b7ed7c13e099a589a463a162be03334,0,455737,0.1829636,1,0,89991.1989394,88534.6208077,0,exact_coherence_below_minimum;even_odd_disagreement_above_maximum;timing_spread_above_maximum;half_frame_difference_above_maximum,85772.9652202,90160.5019367,88623.4160086,0
T04,confirm,early_median_margin,sha256:e52e1cb8b1ce2626d0daca2ff05d22134b7ed7c13e099a589a463a162be03334,0,459070,0.1842968,1,0,89991.1989394,90229.5562511,0,exact_coherence_below_minimum;even_odd_disagreement_above_maximum;timing_spread_above_maximum;half_frame_difference_above_maximum;tone_deletion_shift_above_maximum,90229.5562511,90791.3276222,90191.1542238,0
T04,confirm,early_median_margin,sha256:e52e1cb8b1ce2626d0daca2ff05d22134b7ed7c13e099a589a463a162be03334,0,462404,0.1856304,1,0,89991.1989394,91664.5193826,0,exact_coherence_below_minimum;even_odd_disagreement_above_maximum;timing_spread_above_maximum;half_frame_difference_above_maximum;tone_deletion_shift_above_maximum,95308.7663197,90622.9558994,91682.2172093,0
T04,confirm,early_median_margin,sha256:e52e1cb8b1ce2626d0daca2ff05d22134b7ed7c13e099a589a463a162be03334,0,465737,0.1869636,1,0,89991.1989394,89988.2681417,0,exact_coherence_below_minimum;even_odd_disagreement_above_maximum;timing_spread_above_maximum,89988.2681417,91034.6659125,89928.8211011,0
T04,confirm,early_median_margin,sha256:e52e1cb8b1ce2626d0daca2ff05d22134b7ed7c13e099a589a463a162be03334,0,469070,0.1882968,1,0,89991.1989394,90018.1913715,0,exact_coherence_below_minimum;even_odd_disagreement_above_maximum;timing_spread_above_maximum;tone_deletion_shift_above_maximum,90018.1913715,90210.451346,91717.4455661,0
T04,confirm,early_median_margin,sha256:e52e1cb8b1ce2626d0daca2ff05d22134b7ed7c13e099a589a463a162be03334,0,472404,0.1896304,1,0,89991.1989394,89716.5633384,0,exact_coherence_below_minimum;even_odd_disagreement_above_maximum;timing_spread_above_maximum;half_frame_difference_above_maximum;tone_deletion_shift_above_maximum,89716.5633384,91514.5330628,91261.9991812,0
T04,confirm,early_median_margin,sha256:e52e1cb8b1ce2626d0daca2ff05d22134b7ed7c13e099a589a463a162be03334,0,475737,0.1909636,1,0,89991.1989394,88213.2320996,0,exact_coherence_below_minimum;coherence_margin_below_minimum;even_odd_disagreement_above_maximum;timing_spread_above_maximum;half_frame_difference_above_maximum;tone_deletion_shift_above_maximum,88213.2320996,90322.4392363,89956.1274467,0
T04,confirm,early_median_margin,sha256:e52e1cb8b1ce2626d0daca2ff05d22134b7ed7c13e099a589a463a162be03334,0,479070,0.1922968,1,0,89991.1989394,90041.431059,0,exact_coherence_below_minimum;even_odd_disagreement_above_maximum;timing_spread_above_maximum,90041.431059,90191.3399303,90026.9982974,0
T04,confirm,early_median_margin,sha256:e52e1cb8b1ce2626d0daca2ff05d22134b7ed7c13e099a589a463a162be03334,0,482404,0.1936304,1,0,89991.1989394,89874.6689739,0,exact_coherence_below_minimum;even_odd_disagreement_above_maximum;timing_spread_above_maximum;half_frame_difference_above_maximum;tone_deletion_shift_above_maximum,89874.6689739,89160.7633229,90282.3267434,0
T04,confirm,early_median_margin,sha256:e52e1cb8b1ce2626d0daca2ff05d22134b7ed7c13e099a589a463a162be03334,0,485737,0.1949636,1,0,89991.1989394,89865.4412803,0,exact_coherence_below_minimum;even_odd_disagreement_above_maximum;timing_spread_above_maximum;tone_deletion_shift_above_maximum,89865.4412803,91991.1989394,89918.1383332,0
T04,confirm,early_median_margin,sha256:e52e1cb8b1ce2626d0daca2ff05d22134b7ed7c13e099a589a463a162be03334,0,489070,0.1962968,1,0,89991.1989394,88655.366368,0,exact_coherence_below_minimum;coherence_margin_below_minimum;even_odd_disagreement_above_maximum;timing_spread_above_maximum;half_frame_difference_above_maximum;tone_deletion_shift_above_maximum,93440.5772003,91991.1989394,90079.6210607,0
T04,confirm,early_median_margin,sha256:e52e1cb8b1ce2626d0daca2ff05d22134b7ed7c13e099a589a463a162be03334,0,492404,0.1976304,1,0,89991.1989394,90134.3960943,0,exact_coherence_below_minimum;even_odd_disagreement_above_maximum;timing_spread_above_maximum;half_frame_difference_above_maximum;tone_deletion_shift_above_maximum,90134.3960943,91954.2232571,88326.4688802,0
T04,confirm,early_median_margin,sha256:e52e1cb8b1ce2626d0daca2ff05d22134b7ed7c13e099a589a463a162be03334,0,495737,0.1989636,1,0,89991.1989394,90105.8851657,0,exact_coherence_below_minimum;even_odd_disagreement_above_maximum;timing_spread_above_maximum;half_frame_difference_above_maximum;tone_deletion_shift_above_maximum,90105.8851657,91234.0627838,89802.3156057,0
T04,confirm,early_median_margin,sha256:e52e1cb8b1ce2626d0daca2ff05d22134b7ed7c13e099a589a463a162be03334,0,499070,0.2002968,1,0,89991.1989394,89879.7331745,0,exact_coherence_below_minimum;even_odd_disagreement_above_maximum;tone_deletion_shift_above_maximum,89879.7331745,90779.2224135,89975.5698996,0
T04,confirm,early_median_margin,sha256:e52e1cb8b1ce2626d0daca2ff05d22134b7ed7c13e099a589a463a162be03334,0,502404,0.2016304,1,0,89991.1989394,89550.70703,0,exact_coherence_below_minimum;coherence_margin_below_minimum;even_odd_disagreement_above_maximum;timing_spread_above_maximum;tone_deletion_shift_above_maximum,93047.8805024,89642.1305476,88880.2291081,0
T04,confirm,early_median_margin,sha256:e52e1cb8b1ce2626d0daca2ff05d22134b7ed7c13e099a589a463a162be03334,0,505737,0.2029636,1,0,89991.1989394,89524.7329292,0,exact_coherence_below_minimum;even_odd_disagreement_above_maximum;timing_spread_above_maximum;half_frame_difference_above_maximum;tone_deletion_shift_above_maximum,89524.7329292,89491.6005786,87991.1989394,0
T04,confirm,early_median_margin,sha256:e52e1cb8b1ce2626d0daca2ff05d22134b7ed7c13e099a589a463a162be03334,0,509070,0.2042968,1,0,89991.1989394,89762.1563529,0,exact_coherence_below_minimum;half_frame_difference_above_maximum,89762.1563529,89690.1449386,89739.6673014,0
T04,confirm,early_median_margin,sha256:e52e1cb8b1ce2626d0daca2ff05d22134b7ed7c13e099a589a463a162be03334,0,512404,0.2056304,1,0,89991.1989394,89857.5466236,0,exact_coherence_below_minimum;even_odd_disagreement_above_maximum;half_frame_difference_above_maximum,89857.5466236,89612.5963068,89813.2892173,0
T04,confirm,early_median_margin,sha256:e52e1cb8b1ce2626d0daca2ff05d22134b7ed7c13e099a589a463a162be03334,0,515737,0.2069636,1,0,89991.1989394,89764.2288863,0,exact_coherence_below_minimum;even_odd_disagreement_above_maximum;timing_spread_above_maximum;half_frame_difference_above_maximum;tone_deletion_shift_above_maximum,89764.2288863,88463.4990845,90085.8971339,0
T04,confirm,early_median_margin,sha256:e52e1cb8b1ce2626d0daca2ff05d22134b7ed7c13e099a589a463a162be03334,0,519070,0.2082968,1,0,89991.1989394,90079.1295355,0,exact_coherence_below_minimum;coherence_margin_below_minimum;even_odd_disagreement_above_maximum;timing_spread_above_maximum;half_frame_difference_above_maximum;tone_deletion_shift_above_maximum,93334.5766863,91975.6663001,90375.5593847,0
T04,confirm,early_median_margin,sha256:e52e1cb8b1ce2626d0daca2ff05d22134b7ed7c13e099a589a463a162be03334,0,522404,0.2096304,0,1,89991.1989394,,0,refill_boundary_crossing,,,,0
T04,confirm,early_median_margin,sha256:e52e1cb8b1ce2626d0daca2ff05d22134b7ed7c13e099a589a463a162be03334,0,525737,0.2109636,1,0,89991.1989394,90361.4369723,0,exact_coherence_below_minimum;even_odd_disagreement_above_maximum;timing_spread_above_maximum;tone_deletion_shift_above_maximum,90361.4369723,89212.0848811,90537.9637337,0
T04,confirm,early_median_margin,sha256:e52e1cb8b1ce2626d0daca2ff05d22134b7ed7c13e099a589a463a162be03334,0,529070,0.2122968,1,0,89991.1989394,91869.8970878,0,exact_coherence_below_minimum;coherence_margin_below_minimum;even_odd_disagreement_above_maximum,93823.0988064,90884.4241554,91903.4596587,0
T04,confirm,early_median_margin,sha256:e52e1cb8b1ce2626d0daca2ff05d22134b7ed7c13e099a589a463a162be03334,0,532404,0.2136304,1,0,89991.1989394,90495.7558938,0,exact_coherence_below_minimum;coherence_margin_below_minimum;even_odd_disagreement_above_maximum;timing_spread_above_maximum;half_frame_difference_above_maximum;tone_deletion_shift_above_maximum,84035.8403785,90604.7180794,91515.9990423,0
T04,confirm,early_median_margin,sha256:e52e1cb8b1ce2626d0daca2ff05d22134b7ed7c13e099a589a463a162be03334,0,535737,0.2149636,1,0,89991.1989394,89926.6616066,0,exact_coherence_below_minimum;coherence_margin_below_minimum;even_odd_disagreement_above_maximum;timing_spread_above_maximum;tone_deletion_shift_above_maximum,92150.4129362,91991.1989394,89803.5626571,0
T04,confirm,early_median_margin,sha256:e52e1cb8b1ce2626d0daca2ff05d22134b7ed7c13e099a589a463a162be03334,0,539070,0.2162968,1,0,89991.1989394,88493.2122178,0,exact_coherence_below_minimum;coherence_margin_below_minimum;even_odd_disagreement_above_maximum;timing_spread_above_maximum;half_frame_difference_above_maximum;tone_deletion_shift_above_maximum,94298.5405607,90405.058205,88579.0369846,0
T04,confirm,early_median_margin,sha256:e52e1cb8b1ce2626d0daca2ff05d22134b7ed7c13e099a589a463a162be03334,0,542404,0.2176304,1,0,89991.1989394,89605.3851771,0,exact_coherence_below_minimum;coherence_margin_below_minimum;even_odd_disagreement_above_maximum;timing_spread_above_maximum;half_frame_difference_above_maximum;tone_deletion_shift_above_maximum,93316.170627,91991.1989394,91024.7478191,0
T04,confirm,early_median_margin,sha256:e52e1cb8b1ce2626d0daca2ff05d22134b7ed7c13e099a589a463a162be03334,0,545737,0.2189636,1,0,89991.1989394,91065.7947587,0,exact_coherence_below_minimum;coherence_margin_below_minimum;even_odd_disagreement_above_maximum;half_frame_difference_above_maximum;tone_deletion_shift_above_maximum,85515.7723843,89896.3256752,90833.8917252,0
T04,confirm,early_median_margin,sha256:e52e1cb8b1ce2626d0daca2ff05d22134b7ed7c13e099a589a463a162be03334,0,549070,0.2202968,1,0,89991.1989394,88750.2964901,0,exact_coherence_below_minimum;even_odd_disagreement_above_maximum;timing_spread_above_maximum;half_frame_difference_above_maximum;tone_deletion_shift_above_maximum,88750.2964901,88860.2740806,87991.1989394,0
T04,confirm,early_median_margin,sha256:e52e1cb8b1ce2626d0daca2ff05d22134b7ed7c13e099a589a463a162be03334,0,552404,0.2216304,1,0,89991.1989394,90442.5186106,0,exact_coherence_below_minimum;coherence_margin_below_minimum;even_odd_disagreement_above_maximum;timing_spread_above_maximum;half_frame_difference_above_maximum;tone_deletion_shift_above_maximum,95194.2472706,88502.879443,90496.4760917,0
T04,confirm,early_median_margin,sha256:e52e1cb8b1ce2626d0daca2ff05d22134b7ed7c13e099a589a463a162be03334,0,555737,0.2229636,1,0,89991.1989394,88544.463293,0,exact_coherence_below_minimum;coherence_margin_below_minimum;even_odd_disagreement_above_maximum;timing_spread_above_maximum;half_frame_difference_above_maximum;tone_deletion_shift_above_maximum,85873.1964112,89022.0948107,91781.5000375,0
T04,confirm,early_median_margin,sha256:e52e1cb8b1ce2626d0daca2ff05d22134b7ed7c13e099a589a463a162be03334,0,559070,0.2242968,1,0,89991.1989394,91380.6794408,0,exact_coherence_below_minimum;half_frame_difference_above_maximum,93664.1785636,91311.379851,91388.9061286,0
T04,confirm,high_margin,sha256:e52e1cb8b1ce2626d0daca2ff05d22134b7ed7c13e099a589a463a162be03334,0,4375140,1.7507248,1,0,80899.0967077,81021.7056492,0,exact_coherence_below_minimum;even_odd_disagreement_above_maximum,81021.7056492,81169.0131658,80949.515942,0
T04,confirm,high_margin,sha256:e52e1cb8b1ce2626d0daca2ff05d22134b7ed7c13e099a589a463a162be03334,0,4378473,1.752058,1,0,80899.0967077,81010.9135771,0,exact_coherence_below_minimum;even_odd_disagreement_above_maximum;timing_spread_above_maximum,81010.9135771,80958.7154164,81215.4039391,1
T04,confirm,high_margin,sha256:e52e1cb8b1ce2626d0daca2ff05d22134b7ed7c13e099a589a463a162be03334,0,4381807,1.7533916,1,0,80899.0967077,80060.0688364,0,exact_coherence_below_minimum;even_odd_disagreement_above_maximum;timing_spread_above_maximum;half_frame_difference_above_maximum;tone_deletion_shift_above_maximum,80060.0688364,79976.1109241,78970.5209942,0
T04,confirm,high_margin,sha256:e52e1cb8b1ce2626d0daca2ff05d22134b7ed7c13e099a589a463a162be03334,0,4385140,1.7547248,1,0,80899.0967077,81031.9255785,0,exact_coherence_below_minimum;even_odd_disagreement_above_maximum;timing_spread_above_maximum;tone_deletion_shift_above_maximum,81031.9255785,79226.6744784,81243.8835251,0
T04,confirm,high_margin,sha256:e52e1cb8b1ce2626d0daca2ff05d22134b7ed7c13e099a589a463a162be03334,0,4388473,1.756058,1,0,80899.0967077,80902.7085772,0,exact_coherence_below_minimum;even_odd_disagreement_above_maximum;timing_spread_above_maximum;half_frame_difference_above_maximum;tone_deletion_shift_above_maximum,80902.7085772,80438.914448,81114.8058674,0
T04,confirm,high_margin,sha256:e52e1cb8b1ce2626d0daca2ff05d22134b7ed7c13e099a589a463a162be03334,0,4391807,1.7573916,1,0,80899.0967077,80760.5467438,0,exact_coherence_below_minimum;even_odd_disagreement_above_maximum;timing_spread_above_maximum;tone_deletion_shift_above_maximum,80760.5467438,80965.1027404,80501.5668813,0
T04,confirm,high_margin,sha256:e52e1cb8b1ce2626d0daca2ff05d22134b7ed7c13e099a589a463a162be03334,0,4395140,1.7587248,1,0,80899.0967077,80928.5493678,0,exact_coherence_below_minimum;even_odd_disagreement_above_maximum;timing_spread_above_maximum;tone_deletion_shift_above_maximum,80928.5493678,80910.3622661,81071.1190546,0
T04,confirm,high_margin,sha256:e52e1cb8b1ce2626d0daca2ff05d22134b7ed7c13e099a589a463a162be03334,0,4398473,1.760058,1,0,80899.0967077,80965.9800819,0,exact_coherence_below_minimum;even_odd_disagreement_above_maximum,80965.9800819,81061.559797,80849.8621804,0
T04,confirm,high_margin,sha256:e52e1cb8b1ce2626d0daca2ff05d22134b7ed7c13e099a589a463a162be03334,0,4401807,1.7613916,1,0,80899.0967077,80930.2731512,0,exact_coherence_below_minimum;even_odd_disagreement_above_maximum;timing_spread_above_maximum;tone_deletion_shift_above_maximum,80930.2731512,80889.8969073,78986.6547267,0
T04,confirm,high_margin,sha256:e52e1cb8b1ce2626d0daca2ff05d22134b7ed7c13e099a589a463a162be03334,0,4405140,1.7627248,1,0,80899.0967077,80926.6549015,0,exact_coherence_below_minimum;even_odd_disagreement_above_maximum;timing_spread_above_maximum;half_frame_difference_above_maximum,80926.6549015,80895.4779887,81008.961322,0
T04,confirm,high_margin,sha256:e52e1cb8b1ce2626d0daca2ff05d22134b7ed7c13e099a589a463a162be03334,0,4408473,1.764058,1,0,80899.0967077,80888.1661116,0,exact_coherence_below_minimum;tone_deletion_shift_above_maximum,80888.1661116,80901.8119262,80870.8088968,0
T04,confirm,high_margin,sha256:e52e1cb8b1ce2626d0daca2ff05d22134b7ed7c13e099a589a463a162be03334,0,4411807,1.7653916,1,0,80899.0967077,80957.7851087,0,exact_coherence_below_minimum;coherence_margin_below_minimum;even_odd_disagreement_above_maximum;tone_deletion_shift_above_maximum,83096.5912157,82030.7662287,80838.9011724,0
T04,confirm,high_margin,sha256:e52e1cb8b1ce2626d0daca2ff05d22134b7ed7c13e099a589a463a162be03334,0,4415140,1.7667248,1,0,80899.0967077,81113.8084858,0,exact_coherence_below_minimum;even_odd_disagreement_above_maximum;timing_spread_above_maximum;half_frame_difference_above_maximum;tone_deletion_shift_above_maximum,75707.7088132,80169.1184647,80943.9258121,0
T04,confirm,high_margin,sha256:e52e1cb8b1ce2626d0daca2ff05d22134b7ed7c13e099a589a463a162be03334,0,4418473,1.768058,1,0,80899.0967077,80953.9882698,0,exact_coherence_below_minimum;timing_spread_above_maximum,80953.9882698,80974.3932062,80997.6973502,1
T04,confirm,high_margin,sha256:e52e1cb8b1ce2626d0daca2ff05d22134b7ed7c13e099a589a463a162be03334,0,4421807,1.7693916,1,0,80899.0967077,80943.5712247,0,exact_coherence_below_minimum;even_odd_disagreement_above_maximum;timing_spread_above_maximum;tone_deletion_shift_above_maximum,80943.5712247,81030.567046,79811.7992307,0
T04,confirm,high_margin,sha256:e52e1cb8b1ce2626d0daca2ff05d22134b7ed7c13e099a589a463a162be03334,0,4425140,1.7707248,1,0,80899.0967077,80859.6441528,0,exact_coherence_below_minimum;even_odd_disagreement_above_maximum,80859.6441528,82899.0967077,80979.5712658,0
T04,confirm,high_margin,sha256:e52e1cb8b1ce2626d0daca2ff05d22134b7ed7c13e099a589a463a162be03334,0,4428473,1.772058,1,0,80899.0967077,80785.7832534,0,exact_coherence_below_minimum;even_odd_disagreement_above_maximum,80785.7832534,80776.4258448,82227.2656212,1
T04,confirm,high_margin,sha256:e52e1cb8b1ce2626d0daca2ff05d22134b7ed7c13e099a589a463a162be03334,0,4431807,1.7733916,1,0,80899.0967077,80844.7644495,0,exact_coherence_below_minimum;coherence_margin_below_minimum;even_odd_disagreement_above_maximum;timing_spread_above_maximum;half_frame_difference_above_maximum;tone_deletion_shift_above_maximum,80844.7644495,80772.1807596,79146.5677829,0
T04,confirm,high_margin,sha256:e52e1cb8b1ce2626d0daca2ff05d22134b7ed7c13e099a589a463a162be03334,0,4435140,1.7747248,1,0,80899.0967077,80759.755217,0,exact_coherence_below_minimum,80759.755217,80787.0672022,80764.394432,0
T04,confirm,high_margin,sha256:e52e1cb8b1ce2626d0daca2ff05d22134b7ed7c13e099a589a463a162be03334,0,4438473,1.776058,1,0,80899.0967077,80913.4313927,0,exact_coherence_below_minimum;even_odd_disagreement_above_maximum,80913.4313927,80762.8006483,80989.2683254,0
T04,confirm,high_margin,sha256:e52e1cb8b1ce2626d0daca2ff05d22134b7ed7c13e099a589a463a162be03334,0,4441807,1.7773916,1,0,80899.0967077,80938.5958404,0,exact_coherence_below_minimum;even_odd_disagreement_above_maximum;timing_spread_above_maximum;half_frame_difference_above_maximum;tone_deletion_shift_above_maximum,80938.5958404,80188.8465888,80796.5973228,0
T04,confirm,high_margin,sha256:e52e1cb8b1ce2626d0daca2ff05d22134b7ed7c13e099a589a463a162be03334,0,4445140,1.7787248,1,0,80899.0967077,80874.3413276,0,exact_coherence_below_minimum,80874.3413276,80807.7599034,80791.8192802,1
T04,confirm,high_margin,sha256:e52e1cb8b1ce2626d0daca2ff05d22134b7ed7c13e099a589a463a162be03334,0,4448473,1.780058,1,0,80899.0967077,80925.9606086,0,exact_coherence_below_minimum;timing_spread_above_maximum,80925.9606086,80907.0752678,80958.298863,0
T04,confirm,high_margin,sha256:e52e1cb8b1ce2626d0daca2ff05d22134b7ed7c13e099a589a463a162be03334,0,4451807,1.7813916,1,0,80899.0967077,80832.4137633,0,exact_coherence_below_minimum;even_odd_disagreement_above_maximum;timing_spread_above_maximum;half_frame_difference_above_maximum;tone_deletion_shift_above_maximum,80832.4137633,79368.9639728,81862.2958816,0
T04,confirm,high_margin,sha256:e52e1cb8b1ce2626d0daca2ff05d22134b7ed7c13e099a589a463a162be03334,0,4455140,1.7827248,0,1,80899.0967077,,0,refill_boundary_crossing,,,,0
T04,confirm,high_margin,sha256:e52e1cb8b1ce2626d0daca2ff05d22134b7ed7c13e099a589a463a162be03334,0,4458473,1.784058,1,0,80899.0967077,81367.3601293,0,exact_coherence_below_minimum;even_odd_disagreement_above_maximum;timing_spread_above_maximum;half_frame_difference_above_maximum;tone_deletion_shift_above_maximum,85491.0043695,81523.4436324,79778.0382599,0
T04,confirm,high_margin,sha256:e52e1cb8b1ce2626d0daca2ff05d22134b7ed7c13e099a589a463a162be03334,0,4461807,1.7853916,1,0,80899.0967077,79852.182961,0,exact_coherence_below_minimum;coherence_margin_below_minimum;even_odd_disagreement_above_maximum;timing_spread_above_maximum;half_frame_difference_above_maximum;tone_deletion_shift_above_maximum,84403.9170384,79926.9159,80306.0182267,0
T04,confirm,high_margin,sha256:e52e1cb8b1ce2626d0daca2ff05d22134b7ed7c13e099a589a463a162be03334,0,4465140,1.7867248,1,0,80899.0967077,78899.0967077,0,exact_coherence_below_minimum;even_odd_disagreement_above_maximum;half_frame_difference_above_maximum;search_boundary,78898.2275806,78978.6642189,80556.4194611,0
T04,confirm,high_margin,sha256:e52e1cb8b1ce2626d0daca2ff05d22134b7ed7c13e099a589a463a162be03334,0,4468473,1.788058,1,0,80899.0967077,80694.1070842,0,exact_coherence_below_minimum;timing_spread_above_maximum;half_frame_difference_above_maximum,80694.1070842,80612.3187615,80702.119175,0
T04,confirm,high_margin,sha256:e52e1cb8b1ce2626d0daca2ff05d22134b7ed7c13e099a589a463a162be03334,0,4471807,1.7893916,1,0,80899.0967077,79600.9153617,0,exact_coherence_below_minimum;even_odd_disagreement_above_maximum;timing_spread_above_maximum;tone_deletion_shift_above_maximum,79600.9153617,80592.8256283,82828.9891682,0
T04,confirm,high_margin,sha256:e52e1cb8b1ce2626d0daca2ff05d22134b7ed7c13e099a589a463a162be03334,0,4475140,1.7907248,1,0,80899.0967077,82417.2953213,0,exact_coherence_below_minimum;coherence_margin_below_minimum;even_odd_disagreement_above_maximum;timing_spread_above_maximum;half_frame_difference_above_maximum;tone_deletion_shift_above_maximum,82417.2953213,79661.9744853,82368.8152763,0
T04,confirm,high_margin,sha256:e52e1cb8b1ce2626d0daca2ff05d22134b7ed7c13e099a589a463a162be03334,0,4478473,1.792058,1,0,80899.0967077,80091.7979733,0,exact_coherence_below_minimum;coherence_margin_below_minimum;even_odd_disagreement_above_maximum;timing_spread_above_maximum;half_frame_difference_above_maximum;tone_deletion_shift_above_maximum,75959.4540879,80168.73786,82184.8271749,0
T04,confirm,high_margin,sha256:e52e1cb8b1ce2626d0daca2ff05d22134b7ed7c13e099a589a463a162be03334,0,4481807,1.7933916,1,0,80899.0967077,82498.7256173,0,exact_coherence_below_minimum;coherence_margin_below_minimum;even_odd_disagreement_above_maximum;timing_spread_above_maximum;tone_deletion_shift_above_maximum,86097.0678609,82557.8961017,80136.1929983,0
T04,confirm,high_margin,sha256:e52e1cb8b1ce2626d0daca2ff05d22134b7ed7c13e099a589a463a162be03334,0,4485140,1.7947248,1,0,80899.0967077,82807.1512528,0,exact_coherence_below_minimum;coherence_margin_below_minimum;even_odd_disagreement_above_maximum;timing_spread_above_maximum;tone_deletion_shift_above_maximum,78095.0301991,78899.0967077,81642.9654523,0
T04,confirm,high_margin,sha256:e52e1cb8b1ce2626d0daca2ff05d22134b7ed7c13e099a589a463a162be03334,0,4488473,1.796058,1,0,80899.0967077,81281.0723958,0,exact_coherence_below_minimum;coherence_margin_below_minimum;even_odd_disagreement_above_maximum;timing_spread_above_maximum;half_frame_difference_above_maximum;tone_deletion_shift_above_maximum,77132.8774571,82899.0967077,80066.8544493,0
T04,confirm,high_margin,sha256:e52e1cb8b1ce2626d0daca2ff05d22134b7ed7c13e099a589a463a162be03334,0,4491807,1.7973916,1,0,80899.0967077,81621.984817,0,exact_coherence_below_minimum;even_odd_disagreement_above_maximum;timing_spread_above_maximum;half_frame_difference_above_maximum;tone_deletion_shift_above_maximum,81621.984817,81781.4255112,79454.6318964,0
T04,confirm,high_margin,sha256:e52e1cb8b1ce2626d0daca2ff05d22134b7ed7c13e099a589a463a162be03334,0,4495140,1.7987248,1,0,80899.0967077,81667.923526,0,exact_coherence_below_minimum;even_odd_disagreement_above_maximum;timing_spread_above_maximum;half_frame_difference_above_maximum;tone_deletion_shift_above_maximum,75305.7292555,79899.1352165,81570.7325108,0
T04,confirm,high_margin,sha256:e52e1cb8b1ce2626d0daca2ff05d22134b7ed7c13e099a589a463a162be03334,0,4498473,1.800058,1,0,80899.0967077,79193.3097835,0,exact_coherence_below_minimum;coherence_margin_below_minimum;even_odd_disagreement_above_maximum;timing_spread_above_maximum;half_frame_difference_above_maximum;tone_deletion_shift_above_maximum,85528.9001689,81645.8905431,80368.3393738,0
T04,confirm,high_margin,sha256:e52e1cb8b1ce2626d0daca2ff05d22134b7ed7c13e099a589a463a162be03334,0,4501807,1.8013916,1,0,80899.0967077,81259.2508297,0,exact_coherence_below_minimum;coherence_margin_below_minimum;even_odd_disagreement_above_maximum;timing_spread_above_maximum;tone_deletion_shift_above_maximum,81259.2508297,81194.6576592,79524.7936112,0
T04,confirm,high_margin,sha256:e52e1cb8b1ce2626d0daca2ff05d22134b7ed7c13e099a589a463a162be03334,0,4505140,1.8027248,1,0,80899.0967077,80475.2488137,0,exact_coherence_below_minimum;even_odd_disagreement_above_maximum;timing_spread_above_maximum;half_frame_difference_above_maximum;tone_deletion_shift_above_maximum,80475.2488137,80422.5653481,79908.4994837,0
T04,confirm,high_margin,sha256:e52e1cb8b1ce2626d0daca2ff05d22134b7ed7c13e099a589a463a162be03334,0,4508473,1.804058,1,0,80899.0967077,80408.3168357,0,exact_coherence_below_minimum;timing_spread_above_maximum;half_frame_difference_above_maximum;tone_deletion_shift_above_maximum,80408.3168357,79338.2875423,79285.0290855,0
T04,confirm,high_margin,sha256:e52e1cb8b1ce2626d0daca2ff05d22134b7ed7c13e099a589a463a162be03334,0,4511807,1.8053916,1,0,80899.0967077,82710.9670474,0,exact_coherence_below_minimum;coherence_margin_below_minimum;timing_spread_above_maximum;half_frame_difference_above_maximum;tone_deletion_shift_above_maximum,84377.3183949,79936.9795929,79924.9896798,0
T04,confirm,high_margin,sha256:e52e1cb8b1ce2626d0daca2ff05d22134b7ed7c13e099a589a463a162be03334,0,4515140,1.8067248,1,0,80899.0967077,81338.5406783,0,exact_coherence_below_minimum;coherence_margin_below_minimum;even_odd_disagreement_above_maximum;timing_spread_above_maximum;half_frame_difference_above_maximum;tone_deletion_shift_above_maximum,83821.5879401,81413.5583166,78959.9396522,0
T04,confirm,high_margin,sha256:e52e1cb8b1ce2626d0daca2ff05d22134b7ed7c13e099a589a463a162be03334,0,4518473,1.808058,1,0,80899.0967077,81267.3516429,0,exact_coherence_below_minimum;coherence_margin_below_minimum;even_odd_disagreement_above_maximum;timing_spread_above_maximum;half_frame_difference_above_maximum;tone_deletion_shift_above_maximum,85726.0580247,79337.4125849,82899.0967077,0
T04,confirm,high_margin,sha256:e52e1cb8b1ce2626d0daca2ff05d22134b7ed7c13e099a589a463a162be03334,0,4521807,1.8093916,1,0,80899.0967077,79152.2341499,0,exact_coherence_below_minimum;even_odd_disagreement_above_maximum;timing_spread_above_maximum;half_frame_difference_above_maximum;tone_deletion_shift_above_maximum,79152.2341499,79177.4127952,82245.6453234,0
T04,confirm,high_margin,sha256:e52e1cb8b1ce2626d0daca2ff05d22134b7ed7c13e099a589a463a162be03334,0,4525140,1.8107248,1,0,80899.0967077,80744.3015904,0,exact_coherence_below_minimum;coherence_margin_below_minimum;even_odd_disagreement_above_maximum;timing_spread_above_maximum;half_frame_difference_above_maximum;tone_deletion_shift_above_maximum,86031.8611247,81690.6692041,80813.0932922,0
T04,confirm,high_margin,sha256:e52e1cb8b1ce2626d0daca2ff05d22134b7ed7c13e099a589a463a162be03334,0,4528473,1.812058,1,0,80899.0967077,82183.4669218,0,exact_coherence_below_minimum;even_odd_disagreement_above_maximum;timing_spread_above_maximum;half_frame_difference_above_maximum;tone_deletion_shift_above_maximum,78035.6603225,81426.059947,80443.1881304,0
T04,confirm,high_margin,sha256:e52e1cb8b1ce2626d0daca2ff05d22134b7ed7c13e099a589a463a162be03334,0,4531807,1.8133916,1,0,80899.0967077,82899.0967077,0,exact_coherence_below_minimum;even_odd_disagreement_above_maximum;timing_spread_above_maximum;half_frame_difference_above_maximum;tone_deletion_shift_above_maximum;search_boundary,75098.8153799,82888.3145531,81411.4403165,0
T04,confirm,high_margin,sha256:e52e1cb8b1ce2626d0daca2ff05d22134b7ed7c13e099a589a463a162be03334,0,4535140,1.8147248,1,0,80899.0967077,82862.3749539,0,exact_coherence_below_minimum;even_odd_disagreement_above_maximum;timing_spread_above_maximum;half_frame_difference_above_maximum;tone_deletion_shift_above_maximum,82862.3749539,82899.0967077,80888.2291365,0
T04,confirm,high_margin,sha256:e52e1cb8b1ce2626d0daca2ff05d22134b7ed7c13e099a589a463a162be03334,0,4538473,1.816058,1,0,80899.0967077,80293.8291829,0,exact_coherence_below_minimum;even_odd_disagreement_above_maximum;timing_spread_above_maximum;half_frame_difference_above_maximum;tone_deletion_shift_above_maximum,74899.0967077,82899.0967077,81320.5354065,0
T04,confirm,high_margin,sha256:e52e1cb8b1ce2626d0daca2ff05d22134b7ed7c13e099a589a463a162be03334,0,4541807,1.8173916,1,0,80899.0967077,80507.604244,0,exact_coherence_below_minimum;even_odd_disagreement_above_maximum;timing_spread_above_maximum;tone_deletion_shift_above_maximum,85232.3410588,80841.0061502,79905.7193761,0
T04,confirm,high_margin,sha256:e52e1cb8b1ce2626d0daca2ff05d22134b7ed7c13e099a589a463a162be03334,0,4545140,1.8187248,1,0,80899.0967077,78899.0967077,0,exact_coherence_below_minimum;even_odd_disagreement_above_maximum;timing_spread_above_maximum;half_frame_difference_above_maximum;tone_deletion_shift_above_maximum;search_boundary,76987.5682476,82899.0967077,80394.0453959,0
T04,confirm,high_margin,sha256:e52e1cb8b1ce2626d0daca2ff05d22134b7ed7c13e099a589a463a162be03334,0,4548473,1.820058,1,0,80899.0967077,82134.9454814,0,exact_coherence_below_minimum;coherence_margin_below_minimum;even_odd_disagreement_above_maximum;timing_spread_above_maximum;tone_deletion_shift_above_maximum,84869.8783048,81853.537407,82473.3422633,0
T04,confirm,high_margin,sha256:e52e1cb8b1ce2626d0daca2ff05d22134b7ed7c13e099a589a463a162be03334,0,4551807,1.8213916,1,0,80899.0967077,82870.5365924,0,exact_coherence_below_minimum;coherence_margin_below_minimum;even_odd_disagreement_above_maximum;timing_spread_above_maximum;half_frame_difference_above_maximum;tone_deletion_shift_above_maximum,76497.1405889,80729.3742976,79543.1721969,0
T04,confirm,high_margin,sha256:e52e1cb8b1ce2626d0daca2ff05d22134b7ed7c13e099a589a463a162be03334,0,4555140,1.8227248,1,0,80899.0967077,78899.0967077,0,exact_coherence_below_minimum;coherence_margin_below_minimum;even_odd_disagreement_above_maximum;timing_spread_above_maximum;half_frame_difference_above_maximum;tone_deletion_shift_above_maximum;search_boundary,85992.6127756,82899.0967077,79521.2709374,0
T04,confirm,high_margin,sha256:e52e1cb8b1ce2626d0daca2ff05d22134b7ed7c13e099a589a463a162be03334,0,4558473,1.824058,1,0,80899.0967077,81662.3592257,0,exact_coherence_below_minimum;coherence_margin_below_minimum;even_odd_disagreement_above_maximum;timing_spread_above_maximum;half_frame_difference_above_maximum;tone_deletion_shift_above_maximum,77571.7922067,82428.0474407,81753.8878481,0
T04,confirm,late_median_margin,sha256:e52e1cb8b1ce2626d0daca2ff05d22134b7ed7c13e099a589a463a162be03334,0,12376345,4.9512068,1,0,62337.100043,62462.4173844,0,exact_coherence_below_minimum;half_frame_difference_above_maximum,62462.4173844,62526.0596742,62505.9389883,0
T04,confirm,late_median_margin,sha256:e52e1cb8b1ce2626d0daca2ff05d22134b7ed7c13e099a589a463a162be03334,0,12379678,4.95254,1,0,62337.100043,62321.0519935,0,exact_coherence_below_minimum;even_odd_disagreement_above_maximum;timing_spread_above_maximum;tone_deletion_shift_above_maximum,62321.0519935,62746.6547966,62235.4482703,0
T04,confirm,late_median_margin,sha256:e52e1cb8b1ce2626d0daca2ff05d22134b7ed7c13e099a589a463a162be03334,0,12383012,4.9538736,1,0,62337.100043,62154.1890482,0,exact_coherence_below_minimum;even_odd_disagreement_above_maximum;timing_spread_above_maximum;half_frame_difference_above_maximum;tone_deletion_shift_above_maximum,62154.1890482,62152.0720659,62450.2522309,0
T04,confirm,late_median_margin,sha256:e52e1cb8b1ce2626d0daca2ff05d22134b7ed7c13e099a589a463a162be03334,0,12386345,4.9552068,1,0,62337.100043,62149.176421,0,exact_coherence_below_minimum;even_odd_disagreement_above_maximum;timing_spread_above_maximum,62149.176421,61813.0900655,62090.0222614,0
T04,confirm,late_median_margin,sha256:e52e1cb8b1ce2626d0daca2ff05d22134b7ed7c13e099a589a463a162be03334,0,12389678,4.95654,1,0,62337.100043,62121.0012408,0,exact_coherence_below_minimum;even_odd_disagreement_above_maximum;timing_spread_above_maximum;half_frame_difference_above_maximum;tone_deletion_shift_above_maximum,64888.3686042,63185.0597524,60337.100043,0
T04,confirm,late_median_margin,sha256:e52e1cb8b1ce2626d0daca2ff05d22134b7ed7c13e099a589a463a162be03334,0,12393012,4.9578736,1,0,62337.100043,62297.7282222,0,exact_coherence_below_minimum;even_odd_disagreement_above_maximum;half_frame_difference_above_maximum;tone_deletion_shift_above_maximum,62297.7282222,60608.2645636,61211.0972963,0
T04,confirm,late_median_margin,sha256:e52e1cb8b1ce2626d0daca2ff05d22134b7ed7c13e099a589a463a162be03334,0,12396345,4.9592068,1,0,62337.100043,62743.9362191,0,exact_coherence_below_minimum;coherence_margin_below_minimum;even_odd_disagreement_above_maximum;timing_spread_above_maximum;half_frame_difference_above_maximum;tone_deletion_shift_above_maximum,68247.8742755,64227.9598605,62230.2991739,0
T04,confirm,late_median_margin,sha256:e52e1cb8b1ce2626d0daca2ff05d22134b7ed7c13e099a589a463a162be03334,0,12399678,4.96054,1,0,62337.100043,62516.6342833,0,exact_coherence_below_minimum;even_odd_disagreement_above_maximum;timing_spread_above_maximum,62516.6342833,60556.3777966,62499.4096753,0
T04,confirm,late_median_margin,sha256:e52e1cb8b1ce2626d0daca2ff05d22134b7ed7c13e099a589a463a162be03334,0,12403012,4.9618736,1,0,62337.100043,60714.0594425,0,exact_coherence_below_minimum;coherence_margin_below_minimum;even_odd_disagreement_above_maximum;timing_spread_above_maximum;half_frame_difference_above_maximum;tone_deletion_shift_above_maximum,66049.690436,61257.7391979,62412.0136694,0
T04,confirm,late_median_margin,sha256:e52e1cb8b1ce2626d0daca2ff05d22134b7ed7c13e099a589a463a162be03334,0,12406345,4.9632068,1,0,62337.100043,63239.5658213,0,exact_coherence_below_minimum;even_odd_disagreement_above_maximum;timing_spread_above_maximum;half_frame_difference_above_maximum;tone_deletion_shift_above_maximum,68337.100043,63179.4441773,64299.0841693,0
T04,confirm,late_median_margin,sha256:e52e1cb8b1ce2626d0daca2ff05d22134b7ed7c13e099a589a463a162be03334,0,12409678,4.96454,1,0,62337.100043,62328.4481972,0,exact_coherence_below_minimum;even_odd_disagreement_above_maximum;timing_spread_above_maximum;tone_deletion_shift_above_maximum,62328.4481972,62487.6770253,62161.7905641,0
T04,confirm,late_median_margin,sha256:e52e1cb8b1ce2626d0daca2ff05d22134b7ed7c13e099a589a463a162be03334,0,12413012,4.9658736,1,0,62337.100043,61959.4583878,0,exact_coherence_below_minimum;timing_spread_above_maximum;tone_deletion_shift_above_maximum,61959.4583878,61902.1930321,61986.9597003,0
T04,confirm,late_median_margin,sha256:e52e1cb8b1ce2626d0daca2ff05d22134b7ed7c13e099a589a463a162be03334,0,12416345,4.9672068,1,0,62337.100043,62274.9434978,0,exact_coherence_below_minimum;even_odd_disagreement_above_maximum;timing_spread_above_maximum;half_frame_difference_above_maximum;tone_deletion_shift_above_maximum,62274.9434978,63567.3655727,62429.6857175,0
T04,confirm,late_median_margin,sha256:e52e1cb8b1ce2626d0daca2ff05d22134b7ed7c13e099a589a463a162be03334,0,12419678,4.96854,1,0,62337.100043,62250.9900391,0,exact_coherence_below_minimum;even_odd_disagreement_above_maximum;timing_spread_above_maximum,62250.9900391,62541.8453409,62224.5469805,0
T04,confirm,late_median_margin,sha256:e52e1cb8b1ce2626d0daca2ff05d22134b7ed7c13e099a589a463a162be03334,0,12423012,4.9698736,1,0,62337.100043,60476.0626504,0,exact_coherence_below_minimum;even_odd_disagreement_above_maximum;timing_spread_above_maximum;half_frame_difference_above_maximum;tone_deletion_shift_above_maximum,56337.100043,62171.0160923,60390.8621108,0
T04,confirm,late_median_margin,sha256:e52e1cb8b1ce2626d0daca2ff05d22134b7ed7c13e099a589a463a162be03334,0,12426345,4.9712068,1,0,62337.100043,62315.0802577,0,exact_coherence_below_minimum;even_odd_disagreement_above_maximum,62315.0802577,62365.9635951,61221.1051613,0
T04,confirm,late_median_margin,sha256:e52e1cb8b1ce2626d0daca2ff05d22134b7ed7c13e099a589a463a162be03334,0,12429678,4.97254,1,0,62337.100043,62257.03087,0,exact_coherence_below_minimum;even_odd_disagreement_above_maximum;timing_spread_above_maximum;half_frame_difference_above_maximum;tone_deletion_shift_above_maximum,62257.03087,64337.100043,62483.7480652,0
T04,confirm,late_median_margin,sha256:e52e1cb8b1ce2626d0daca2ff05d22134b7ed7c13e099a589a463a162be03334,0,12433012,4.9738736,1,0,62337.100043,62268.8004466,0,exact_coherence_below_minimum;even_odd_disagreement_above_maximum;half_frame_difference_above_maximum,62268.8004466,62227.1860277,63371.0361698,0
T04,confirm,late_median_margin,sha256:e52e1cb8b1ce2626d0daca2ff05d22134b7ed7c13e099a589a463a162be03334,0,12436345,4.9752068,1,0,62337.100043,62335.8831769,0,exact_coherence_below_minimum;even_odd_disagreement_above_maximum;half_frame_difference_above_maximum,62335.8831769,62300.3552979,62435.2438183,0
T04,confirm,late_median_margin,sha256:e52e1cb8b1ce2626d0daca2ff05d22134b7ed7c13e099a589a463a162be03334,0,12439678,4.97654,1,0,62337.100043,62161.2053719,0,exact_coherence_below_minimum;even_odd_disagreement_above_maximum;timing_spread_above_maximum;half_frame_difference_above_maximum;tone_deletion_shift_above_maximum,62161.2053719,60337.100043,62239.3405,0
T04,confirm,late_median_margin,sha256:e52e1cb8b1ce2626d0daca2ff05d22134b7ed7c13e099a589a463a162be03334,0,12443012,4.9778736,1,0,62337.100043,62376.0683353,0,exact_coherence_below_minimum;coherence_margin_below_minimum;even_odd_disagreement_above_maximum;half_frame_difference_above_maximum;tone_deletion_shift_above_maximum,62376.0683353,62151.9947806,62497.973899,0
T04,confirm,late_median_margin,sha256:e52e1cb8b1ce2626d0daca2ff05d22134b7ed7c13e099a589a463a162be03334,0,12446345,4.9792068,1,0,62337.100043,62410.5939342,0,exact_coherence_below_minimum;even_odd_disagreement_above_maximum;timing_spread_above_maximum;half_frame_difference_above_maximum;tone_deletion_shift_above_maximum,62410.5939342,62471.5214927,63569.3438339,0
T04,confirm,late_median_margin,sha256:e52e1cb8b1ce2626d0daca2ff05d22134b7ed7c13e099a589a463a162be03334,0,12449678,4.98054,1,0,62337.100043,62449.8980034,0,exact_coherence_below_minimum;even_odd_disagreement_above_maximum;timing_spread_above_maximum,62449.8980034,62469.2440887,62672.742149,0
T04,confirm,late_median_margin,sha256:e52e1cb8b1ce2626d0daca2ff05d22134b7ed7c13e099a589a463a162be03334,0,12453012,4.9818736,1,0,62337.100043,63944.6514758,0,exact_coherence_below_minimum;coherence_margin_below_minimum;even_odd_disagreement_above_maximum;timing_spread_above_maximum;half_frame_difference_above_maximum;tone_deletion_shift_above_maximum,67284.5523509,63867.1773192,62247.2974134,0
T04,confirm,late_median_margin,sha256:e52e1cb8b1ce2626d0daca2ff05d22134b7ed7c13e099a589a463a162be03334,0,12456345,4.9832068,1,0,62337.100043,62238.6817673,0,exact_coherence_below_minimum;even_odd_disagreement_above_maximum;timing_spread_above_maximum,62238.6817673,61585.5202444,62202.6003998,0
T04,confirm,late_median_margin,sha256:e52e1cb8b1ce2626d0daca2ff05d22134b7ed7c13e099a589a463a162be03334,0,12459678,4.98454,1,0,62337.100043,61427.8216225,0,exact_coherence_below_minimum;even_odd_disagreement_above_maximum;timing_spread_above_maximum;tone_deletion_shift_above_maximum,61427.8216225,61389.7645885,62618.9492523,0
T04,confirm,late_median_margin,sha256:e52e1cb8b1ce2626d0daca2ff05d22134b7ed7c13e099a589a463a162be03334,0,12463012,4.9858736,1,0,62337.100043,62413.776425,0,exact_coherence_below_minimum;coherence_margin_below_minimum;even_odd_disagreement_above_maximum;timing_spread_above_maximum;half_frame_difference_above_maximum,62413.776425,61505.0955973,62572.6651832,0
T04,confirm,late_median_margin,sha256:e52e1cb8b1ce2626d0daca2ff05d22134b7ed7c13e099a589a463a162be03334,0,12466345,4.9872068,1,0,62337.100043,61050.9270936,0,exact_coherence_below_minimum;coherence_margin_below_minimum;even_odd_disagreement_above_maximum;timing_spread_above_maximum;half_frame_difference_above_maximum;tone_deletion_shift_above_maximum,68087.5121383,64094.3635625,61301.2081631,0
T04,confirm,late_median_margin,sha256:e52e1cb8b1ce2626d0daca2ff05d22134b7ed7c13e099a589a463a162be03334,0,12469678,4.98854,1,0,62337.100043,62023.0968474,0,exact_coherence_below_minimum;even_odd_disagreement_above_maximum;timing_spread_above_maximum;tone_deletion_shift_above_maximum,62023.0968474,64113.6820263,62412.7254164,0
T04,confirm,late_median_margin,sha256:e52e1cb8b1ce2626d0daca2ff05d22134b7ed7c13e099a589a463a162be03334,0,12473012,4.9898736,1,0,62337.100043,62524.0624138,0,exact_coherence_below_minimum;even_odd_disagreement_above_maximum;timing_spread_above_maximum;half_frame_difference_above_maximum;tone_deletion_shift_above_maximum,62524.0624138,63854.8691532,62602.0295734,0
T04,confirm,late_median_margin,sha256:e52e1cb8b1ce2626d0daca2ff05d22134b7ed7c13e099a589a463a162be03334,0,12476345,4.9912068,1,0,62337.100043,62383.8796787,0,exact_coherence_below_minimum;even_odd_disagreement_above_maximum;timing_spread_above_maximum,62383.8796787,61768.0776921,62489.4882163,0
T04,confirm,late_median_margin,sha256:e52e1cb8b1ce2626d0daca2ff05d22134b7ed7c13e099a589a463a162be03334,0,12479678,4.99254,1,0,62337.100043,62039.4111511,0,exact_coherence_below_minimum,62039.4111511,62094.990834,62033.4958327,0
T04,confirm,late_median_margin,sha256:e52e1cb8b1ce2626d0daca2ff05d22134b7ed7c13e099a589a463a162be03334,0,12483012,4.9938736,1,0,62337.100043,61310.0130781,0,exact_coherence_below_minimum;even_odd_disagreement_above_maximum;timing_spread_above_maximum;half_frame_difference_above_maximum;tone_deletion_shift_above_maximum,67014.2578163,60370.5701384,61280.7704504,0
T04,confirm,late_median_margin,sha256:e52e1cb8b1ce2626d0daca2ff05d22134b7ed7c13e099a589a463a162be03334,0,12486345,4.9952068,1,0,62337.100043,61366.9306292,0,exact_coherence_below_minimum;even_odd_disagreement_above_maximum;half_frame_difference_above_maximum,61366.9306292,61372.65667,62320.686084,0
T04,confirm,late_median_margin,sha256:e52e1cb8b1ce2626d0daca2ff05d22134b7ed7c13e099a589a463a162be03334,0,12489678,4.99654,1,0,62337.100043,62238.3227801,0,exact_coherence_below_minimum;even_odd_disagreement_above_maximum,62238.3227801,62280.1004899,61963.9344255,1
T04,confirm,late_median_margin,sha256:e52e1cb8b1ce2626d0daca2ff05d22134b7ed7c13e099a589a463a162be03334,0,12493012,4.9978736,1,0,62337.100043,62251.2764193,0,exact_coherence_below_minimum;even_odd_disagreement_above_maximum;half_frame_difference_above_maximum;tone_deletion_shift_above_maximum,62251.2764193,62143.0714339,62287.8862083,0
T04,confirm,late_median_margin,sha256:e52e1cb8b1ce2626d0daca2ff05d22134b7ed7c13e099a589a463a162be03334,0,12496345,4.9992068,1,0,62337.100043,64337.100043,0,exact_coherence_below_minimum;coherence_margin_below_minimum;even_odd_disagreement_above_maximum;timing_spread_above_maximum;half_frame_difference_above_maximum;tone_deletion_shift_above_maximum;search_boundary,59582.8354588,60457.6217174,62062.933659,0
T04,confirm,late_median_margin,sha256:e52e1cb8b1ce2626d0daca2ff05d22134b7ed7c13e099a589a463a162be03334,0,12499678,5.00054,1,0,62337.100043,62159.5536997,0,exact_coherence_below_minimum;even_odd_disagreement_above_maximum;timing_spread_above_maximum,62159.5536997,62083.7521601,63815.1626462,0
T04,confirm,late_median_margin,sha256:e52e1cb8b1ce2626d0daca2ff05d22134b7ed7c13e099a589a463a162be03334,0,12503012,5.0018736,1,0,62337.100043,62033.9793242,0,exact_coherence_below_minimum;even_odd_disagreement_above_maximum;timing_spread_above_maximum;half_frame_difference_above_maximum,62033.9793242,63211.6803622,64186.7715315,0
T04,confirm,late_median_margin,sha256:e52e1cb8b1ce2626d0daca2ff05d22134b7ed7c13e099a589a463a162be03334,0,12506345,5.0032068,1,0,62337.100043,62224.8763762,0,exact_coherence_below_minimum;even_odd_disagreement_above_maximum;timing_spread_above_maximum;half_frame_difference_above_maximum;tone_deletion_shift_above_maximum,62224.8763762,62258.1883924,61974.4409442,0
T04,confirm,late_median_margin,sha256:e52e1cb8b1ce2626d0daca2ff05d22134b7ed7c13e099a589a463a162be03334,0,12509678,5.00454,1,0,62337.100043,62345.348164,0,exact_coherence_below_minimum;even_odd_disagreement_above_maximum;timing_spread_above_maximum;half_frame_difference_above_maximum;tone_deletion_shift_above_maximum,59603.2846155,64337.100043,62217.6240024,0
T04,confirm,late_median_margin,sha256:e52e1cb8b1ce2626d0daca2ff05d22134b7ed7c13e099a589a463a162be03334,0,12513012,5.0058736,1,0,62337.100043,62399.2016832,0,exact_coherence_below_minimum;coherence_margin_below_minimum;even_odd_disagreement_above_maximum;timing_spread_above_maximum,62399.2016832,62341.0298118,63995.5608423,0
T04,confirm,late_median_margin,sha256:e52e1cb8b1ce2626d0daca2ff05d22134b7ed7c13e099a589a463a162be03334,0,12516345,5.0072068,1,0,62337.100043,62092.7581577,0,exact_coherence_below_minimum;coherence_margin_below_minimum;even_odd_disagreement_above_maximum;half_frame_difference_above_maximum,62092.7581577,60337.100043,62200.9586995,0
T04,confirm,late_median_margin,sha256:e52e1cb8b1ce2626d0daca2ff05d22134b7ed7c13e099a589a463a162be03334,0,12519678,5.00854,1,0,62337.100043,62185.7283354,0,exact_coherence_below_minimum;even_odd_disagreement_above_maximum;tone_deletion_shift_above_maximum,62185.7283354,62777.2949928,62076.0726857,0
T04,confirm,late_median_margin,sha256:e52e1cb8b1ce2626d0daca2ff05d22134b7ed7c13e099a589a463a162be03334,0,12523012,5.0098736,1,0,62337.100043,62010.9422871,0,exact_coherence_below_minimum;even_odd_disagreement_above_maximum;timing_spread_above_maximum,62010.9422871,62499.649852,61947.7222569,0
T04,confirm,late_median_margin,sha256:e52e1cb8b1ce2626d0daca2ff05d22134b7ed7c13e099a589a463a162be03334,0,12526345,5.0112068,1,0,62337.100043,60666.9376917,0,exact_coherence_below_minimum;coherence_margin_below_minimum;even_odd_disagreement_above_maximum;timing_spread_above_maximum;tone_deletion_shift_above_maximum,60666.9376917,62175.4311693,60337.100043,0
T04,confirm,late_median_margin,sha256:e52e1cb8b1ce2626d0daca2ff05d22134b7ed7c13e099a589a463a162be03334,0,12529678,5.01254,1,0,62337.100043,62198.6495409,0,exact_coherence_below_minimum;even_odd_disagreement_above_maximum,62198.6495409,62211.2728013,61077.6014253,0
T04,confirm,late_median_margin,sha256:e52e1cb8b1ce2626d0daca2ff05d22134b7ed7c13e099a589a463a162be03334,0,12533012,5.0138736,1,0,62337.100043,61533.6446589,0,exact_coherence_below_minimum;even_odd_disagreement_above_maximum;timing_spread_above_maximum;half_frame_difference_above_maximum;tone_deletion_shift_above_maximum,61533.6446589,64014.2639799,61562.610126,0
T04,confirm,late_median_margin,sha256:e52e1cb8b1ce2626d0daca2ff05d22134b7ed7c13e099a589a463a162be03334,0,12536345,5.0152068,1,0,62337.100043,62187.5984169,0,exact_coherence_below_minimum;timing_spread_above_maximum,62187.5984169,62164.0136643,62239.9092798,0
T04,confirm,late_median_margin,sha256:e52e1cb8b1ce2626d0daca2ff05d22134b7ed7c13e099a589a463a162be03334,0,12539678,5.01654,1,0,62337.100043,62240.4951457,0,exact_coherence_below_minimum;even_odd_disagreement_above_maximum;timing_spread_above_maximum,62240.4951457,60671.8640403,62204.8100126,0
T04,confirm,late_median_margin,sha256:e52e1cb8b1ce2626d0daca2ff05d22134b7ed7c13e099a589a463a162be03334,0,12543012,5.0178736,1,0,62337.100043,61935.4762959,0,exact_coherence_below_minimum;even_odd_disagreement_above_maximum;timing_spread_above_maximum;tone_deletion_shift_above_maximum,61935.4762959,61968.1828262,63438.9298881,0
T04,confirm,late_median_margin,sha256:e52e1cb8b1ce2626d0daca2ff05d22134b7ed7c13e099a589a463a162be03334,0,12546345,5.0192068,1,0,62337.100043,62219.4405069,0,exact_coherence_below_minimum;even_odd_disagreement_above_maximum;timing_spread_above_maximum;half_frame_difference_above_maximum;tone_deletion_shift_above_maximum,62219.4405069,62190.1110752,61987.3338681,0
T04,confirm,late_median_margin,sha256:e52e1cb8b1ce2626d0daca2ff05d22134b7ed7c13e099a589a463a162be03334,0,12549678,5.02054,1,0,62337.100043,64222.0832648,0,exact_coherence_below_minimum;even_odd_disagreement_above_maximum;timing_spread_above_maximum;half_frame_difference_above_maximum;tone_deletion_shift_above_maximum,64222.0832648,62253.6166366,64158.4838673,0
T04,confirm,late_median_margin,sha256:e52e1cb8b1ce2626d0daca2ff05d22134b7ed7c13e099a589a463a162be03334,0,12553012,5.0218736,1,0,62337.100043,62153.4996136,0,exact_coherence_below_minimum;even_odd_disagreement_above_maximum;tone_deletion_shift_above_maximum,62153.4996136,61305.2112099,62287.3804185,0
T04,confirm,late_median_margin,sha256:e52e1cb8b1ce2626d0daca2ff05d22134b7ed7c13e099a589a463a162be03334,0,12556345,5.0232068,1,0,62337.100043,62291.0248947,0,exact_coherence_below_minimum;even_odd_disagreement_above_maximum;timing_spread_above_maximum;tone_deletion_shift_above_maximum,62291.0248947,62214.426226,62688.1466914,0
T04,confirm,late_median_margin,sha256:e52e1cb8b1ce2626d0daca2ff05d22134b7ed7c13e099a589a463a162be03334,0,12559678,5.02454,1,0,62337.100043,62132.5342786,0,exact_coherence_below_minimum;even_odd_disagreement_above_maximum;half_frame_difference_above_maximum,62132.5342786,61947.6892472,63526.3088226,0
T04,confirm,low_positive_margin,sha256:e52e1cb8b1ce2626d0daca2ff05d22134b7ed7c13e099a589a463a162be03334,0,15439890,6.1766248,0,0,55600.671335,57445.8365633,0,exact_coherence_below_minimum;even_odd_disagreement_above_maximum;timing_spread_above_maximum;tone_deletion_shift_above_maximum,57445.8365633,54206.2555619,57581.7013411,0
T04,confirm,low_positive_margin,sha256:e52e1cb8b1ce2626d0daca2ff05d22134b7ed7c13e099a589a463a162be03334,0,15443223,6.177958,0,0,55600.671335,56316.3707378,0,exact_coherence_below_minimum;coherence_margin_below_minimum;even_odd_disagreement_above_maximum;timing_spread_above_maximum;half_frame_difference_above_maximum;tone_deletion_shift_above_maximum,52135.388005,54171.3753876,57351.940567,0
T04,confirm,low_positive_margin,sha256:e52e1cb8b1ce2626d0daca2ff05d22134b7ed7c13e099a589a463a162be03334,0,15446557,6.1792916,0,0,55600.671335,56959.5074649,0,exact_coherence_below_minimum;coherence_margin_below_minimum;even_odd_disagreement_above_maximum;timing_spread_above_maximum,56959.5074649,56623.7472671,56875.1842355,0
T04,confirm,low_positive_margin,sha256:e52e1cb8b1ce2626d0daca2ff05d22134b7ed7c13e099a589a463a162be03334,0,15449890,6.1806248,0,0,55600.671335,54647.1738725,0,exact_coherence_below_minimum;even_odd_disagreement_above_maximum;timing_spread_above_maximum;half_frame_difference_above_maximum;tone_deletion_shift_above_maximum,54647.1738725,55089.8113099,54582.2261999,0
T04,confirm,low_positive_margin,sha256:e52e1cb8b1ce2626d0daca2ff05d22134b7ed7c13e099a589a463a162be03334,0,15453223,6.181958,0,0,55600.671335,57536.1882125,0,exact_coherence_below_minimum;coherence_margin_below_minimum;even_odd_disagreement_above_maximum;timing_spread_above_maximum;half_frame_difference_above_maximum;tone_deletion_shift_above_maximum,57536.1882125,56564.9465875,57385.1264497,0
T04,confirm,low_positive_margin,sha256:e52e1cb8b1ce2626d0daca2ff05d22134b7ed7c13e099a589a463a162be03334,0,15456557,6.1832916,0,0,55600.671335,53662.5075893,0,exact_coherence_below_minimum;even_odd_disagreement_above_maximum;timing_spread_above_maximum;tone_deletion_shift_above_maximum,52393.3871305,57292.6199262,53600.671335,0
T04,confirm,low_positive_margin,sha256:e52e1cb8b1ce2626d0daca2ff05d22134b7ed7c13e099a589a463a162be03334,0,15459890,6.1846248,0,0,55600.671335,57600.671335,0,exact_coherence_below_minimum;coherence_margin_below_minimum;even_odd_disagreement_above_maximum;timing_spread_above_maximum;tone_deletion_shift_above_maximum;search_boundary,59979.2030352,57558.24815,54869.8578101,0
T04,confirm,low_positive_margin,sha256:e52e1cb8b1ce2626d0daca2ff05d22134b7ed7c13e099a589a463a162be03334,0,15463223,6.185958,0,1,55600.671335,,0,refill_boundary_crossing,,,,0
T04,confirm,low_positive_margin,sha256:e52e1cb8b1ce2626d0daca2ff05d22134b7ed7c13e099a589a463a162be03334,0,15466557,6.1872916,0,0,55600.671335,55378.0511478,0,exact_coherence_below_minimum;even_odd_disagreement_above_maximum;timing_spread_above_maximum;half_frame_difference_above_maximum;tone_deletion_shift_above_maximum,60298.4499438,55111.3157114,54523.2836148,0
T04,confirm,low_positive_margin,sha256:e52e1cb8b1ce2626d0daca2ff05d22134b7ed7c13e099a589a463a162be03334,0,15469890,6.1886248,0,0,55600.671335,55631.1182951,0,exact_coherence_below_minimum;even_odd_disagreement_above_maximum,55631.1182951,55649.802392,55925.4862803,0
T04,confirm,low_positive_margin,sha256:e52e1cb8b1ce2626d0daca2ff05d22134b7ed7c13e099a589a463a162be03334,0,15473223,6.189958,0,0,55600.671335,55328.5657929,0,exact_coherence_below_minimum;even_odd_disagreement_above_maximum;timing_spread_above_maximum,55328.5657929,55410.582979,56826.8086365,0
T04,confirm,low_positive_margin,sha256:e52e1cb8b1ce2626d0daca2ff05d22134b7ed7c13e099a589a463a162be03334,0,15476557,6.1912916,0,0,55600.671335,55626.5361712,0,exact_coherence_below_minimum;coherence_margin_below_minimum;even_odd_disagreement_above_maximum;half_frame_difference_above_maximum;tone_deletion_shift_above_maximum,50424.3785867,55701.4880951,57320.3354697,0
T04,confirm,low_positive_margin,sha256:e52e1cb8b1ce2626d0daca2ff05d22134b7ed7c13e099a589a463a162be03334,0,15479890,6.1926248,0,0,55600.671335,55737.6984947,0,exact_coherence_below_minimum;even_odd_disagreement_above_maximum;timing_spread_above_maximum;half_frame_difference_above_maximum;tone_deletion_shift_above_maximum,55737.6984947,55956.8076127,53797.929099,0
T04,confirm,low_positive_margin,sha256:e52e1cb8b1ce2626d0daca2ff05d22134b7ed7c13e099a589a463a162be03334,0,15483223,6.193958,0,0,55600.671335,55669.9324389,0,exact_coherence_below_minimum;even_odd_disagreement_above_maximum,55669.9324389,55538.5790134,55696.7045468,0
T04,confirm,low_positive_margin,sha256:e52e1cb8b1ce2626d0daca2ff05d22134b7ed7c13e099a589a463a162be03334,0,15486557,6.1952916,0,0,55600.671335,55524.697389,0,exact_coherence_below_minimum;even_odd_disagreement_above_maximum;half_frame_difference_above_maximum;tone_deletion_shift_above_maximum,55524.697389,55668.4119481,55190.5817148,0
T04,confirm,low_positive_margin,sha256:e52e1cb8b1ce2626d0daca2ff05d22134b7ed7c13e099a589a463a162be03334,0,15489890,6.1966248,0,0,55600.671335,55600.360398,0,exact_coherence_below_minimum;even_odd_disagreement_above_maximum;timing_spread_above_maximum;tone_deletion_shift_above_maximum,55600.360398,55451.9192046,56989.4005949,0
T04,confirm,low_positive_margin,sha256:e52e1cb8b1ce2626d0daca2ff05d22134b7ed7c13e099a589a463a162be03334,0,15493223,6.197958,0,0,55600.671335,55697.1270182,0,exact_coherence_below_minimum;coherence_margin_below_minimum;even_odd_disagreement_above_maximum;timing_spread_above_maximum;half_frame_difference_above_maximum;tone_deletion_shift_above_maximum,55697.1270182,55577.2090014,54018.2810381,0
T04,confirm,low_positive_margin,sha256:e52e1cb8b1ce2626d0daca2ff05d22134b7ed7c13e099a589a463a162be03334,0,15496557,6.1992916,0,0,55600.671335,55392.8184392,0,exact_coherence_below_minimum;timing_spread_above_maximum,55392.8184392,55396.2579214,55425.1003618,0
T04,confirm,low_positive_margin,sha256:e52e1cb8b1ce2626d0daca2ff05d22134b7ed7c13e099a589a463a162be03334,0,15499890,6.2006248,0,0,55600.671335,55632.7697082,0,exact_coherence_below_minimum;even_odd_disagreement_above_maximum,55632.7697082,54267.4040011,55629.4481081,0
T04,confirm,low_positive_margin,sha256:e52e1cb8b1ce2626d0daca2ff05d22134b7ed7c13e099a589a463a162be03334,0,15503223,6.201958,0,0,55600.671335,55443.1372174,0,exact_coherence_below_minimum;even_odd_disagreement_above_maximum;half_frame_difference_above_maximum;tone_deletion_shift_above_maximum,60056.8474973,55231.4958982,56630.1251078,0
T04,confirm,low_positive_margin,sha256:e52e1cb8b1ce2626d0daca2ff05d22134b7ed7c13e099a589a463a162be03334,0,15506557,6.2032916,0,0,55600.671335,56265.1921457,0,exact_coherence_below_minimum;even_odd_disagreement_above_maximum;timing_spread_above_maximum;half_frame_difference_above_maximum;tone_deletion_shift_above_maximum,56265.1921457,55387.6106725,56350.3233047,0
T04,confirm,low_positive_margin,sha256:e52e1cb8b1ce2626d0daca2ff05d22134b7ed7c13e099a589a463a162be03334,0,15509890,6.2046248,0,0,55600.671335,55678.5766067,0,exact_coherence_below_minimum;timing_spread_above_maximum;half_frame_difference_above_maximum,55678.5766067,55679.8106516,55628.4030323,0
T04,confirm,low_positive_margin,sha256:e52e1cb8b1ce2626d0daca2ff05d22134b7ed7c13e099a589a463a162be03334,0,15513223,6.205958,0,0,55600.671335,55452.9388462,0,exact_coherence_below_minimum;even_odd_disagreement_above_maximum;timing_spread_above_maximum,55452.9388462,55293.1436195,53600.671335,0
T04,confirm,low_positive_margin,sha256:e52e1cb8b1ce2626d0daca2ff05d22134b7ed7c13e099a589a463a162be03334,0,15516557,6.2072916,0,0,55600.671335,55393.1931736,0,exact_coherence_below_minimum;coherence_margin_below_minimum;even_odd_disagreement_above_maximum;timing_spread_above_maximum;half_frame_difference_above_maximum;tone_deletion_shift_above_maximum,49600.671335,54140.842947,57313.154258,0
T04,confirm,low_positive_margin,sha256:e52e1cb8b1ce2626d0daca2ff05d22134b7ed7c13e099a589a463a162be03334,0,15519890,6.2086248,0,0,55600.671335,54649.0672833,0,exact_coherence_below_minimum;even_odd_disagreement_above_maximum;timing_spread_above_maximum;tone_deletion_shift_above_maximum,54649.0672833,54668.274101,54546.4140578,0
T04,confirm,low_positive_margin,sha256:e52e1cb8b1ce2626d0daca2ff05d22134b7ed7c13e099a589a463a162be03334,0,15523223,6.209958,0,0,55600.671335,55284.7962316,0,exact_coherence_below_minimum;even_odd_disagreement_above_maximum;timing_spread_above_maximum;half_frame_difference_above_maximum;tone_deletion_shift_above_maximum,55284.7962316,54817.1653152,56686.1157193,0
T04,confirm,low_positive_margin,sha256:e52e1cb8b1ce2626d0daca2ff05d22134b7ed7c13e099a589a463a162be03334,0,15526557,6.2112916,0,0,55600.671335,55411.0748574,0,exact_coherence_below_minimum;even_odd_disagreement_above_maximum;timing_spread_above_maximum,55411.0748574,55440.0939561,54575.9366534,0
T04,confirm,low_positive_margin,sha256:e52e1cb8b1ce2626d0daca2ff05d22134b7ed7c13e099a589a463a162be03334,0,15529890,6.2126248,0,0,55600.671335,55527.8507769,0,exact_coherence_below_minimum;even_odd_disagreement_above_maximum;tone_deletion_shift_above_maximum,55527.8507769,55490.0932022,56609.0640715,0
T04,confirm,low_positive_margin,sha256:e52e1cb8b1ce2626d0daca2ff05d22134b7ed7c13e099a589a463a162be03334,0,15533223,6.213958,0,0,55600.671335,55344.9535353,0,exact_coherence_below_minimum;even_odd_disagreement_above_maximum;timing_spread_above_maximum;half_frame_difference_above_maximum,55344.9535353,57600.671335,55143.7967183,0
T04,confirm,low_positive_margin,sha256:e52e1cb8b1ce2626d0daca2ff05d22134b7ed7c13e099a589a463a162be03334,0,15536557,6.2152916,0,0,55600.671335,55645.437142,0,exact_coherence_below_minimum;even_odd_disagreement_above_maximum;half_frame_difference_above_maximum;tone_deletion_shift_above_maximum,55645.437142,55691.770002,54591.2202443,0
T04,confirm,low_positive_margin,sha256:e52e1cb8b1ce2626d0daca2ff05d22134b7ed7c13e099a589a463a162be03334,0,15539890,6.2166248,0,0,55600.671335,57600.671335,0,exact_coherence_below_minimum;coherence_margin_below_minimum;even_odd_disagreement_above_maximum;timing_spread_above_maximum;half_frame_difference_above_maximum;tone_deletion_shift_above_maximum;search_boundary,58063.5155869,56224.1763872,54515.9415341,0
T04,confirm,low_positive_margin,sha256:e52e1cb8b1ce2626d0daca2ff05d22134b7ed7c13e099a589a463a162be03334,0,15543223,6.217958,0,0,55600.671335,55736.6827617,0,exact_coherence_below_minimum;coherence_margin_below_minimum;even_odd_disagreement_above_maximum;timing_spread_above_maximum;tone_deletion_shift_above_maximum,50000.6535628,55835.8624386,57214.0330739,0
T04,confirm,low_positive_margin,sha256:e52e1cb8b1ce2626d0daca2ff05d22134b7ed7c13e099a589a463a162be03334,0,15546557,6.2192916,0,0,55600.671335,55468.2855768,0,exact_coherence_below_minimum;coherence_margin_below_minimum;even_odd_disagreement_above_maximum;timing_spread_above_maximum;half_frame_difference_above_maximum;tone_deletion_shift_above_maximum,55468.2855768,54016.0206221,55210.1939342,0
T04,confirm,low_positive_margin,sha256:e52e1cb8b1ce2626d0daca2ff05d22134b7ed7c13e099a589a463a162be03334,0,15549890,6.2206248,0,0,55600.671335,55465.674268,0,exact_coherence_below_minimum;even_odd_disagreement_above_maximum,55465.674268,55398.5501699,54439.9960539,0
T04,confirm,low_positive_margin,sha256:e52e1cb8b1ce2626d0daca2ff05d22134b7ed7c13e099a589a463a162be03334,0,15553223,6.221958,0,0,55600.671335,55368.5391075,0,exact_coherence_below_minimum;even_odd_disagreement_above_maximum;tone_deletion_shift_above_maximum,55368.5391075,55305.9690825,55587.7999232,0
T04,confirm,low_positive_margin,sha256:e52e1cb8b1ce2626d0daca2ff05d22134b7ed7c13e099a589a463a162be03334,0,15556557,6.2232916,0,0,55600.671335,55486.8580976,0,exact_coherence_below_minimum;even_odd_disagreement_above_maximum;half_frame_difference_above_maximum;tone_deletion_shift_above_maximum,55486.8580976,55391.7224235,57497.7633923,0
T04,confirm,low_positive_margin,sha256:e52e1cb8b1ce2626d0daca2ff05d22134b7ed7c13e099a589a463a162be03334,0,15559890,6.2246248,0,0,55600.671335,55382.1558128,0,exact_coherence_below_minimum;even_odd_disagreement_above_maximum,59339.1867603,54447.9131039,55400.6804071,0
T04,confirm,low_positive_margin,sha256:e52e1cb8b1ce2626d0daca2ff05d22134b7ed7c13e099a589a463a162be03334,0,15563223,6.225958,0,0,55600.671335,55473.64403,0,exact_coherence_below_minimum;even_odd_disagreement_above_maximum;timing_spread_above_maximum;half_frame_difference_above_maximum;tone_deletion_shift_above_maximum,55473.64403,55030.8484336,55624.6053851,0
T04,confirm,low_positive_margin,sha256:e52e1cb8b1ce2626d0daca2ff05d22134b7ed7c13e099a589a463a162be03334,0,15566557,6.2272916,0,0,55600.671335,55541.5996556,0,exact_coherence_below_minimum;even_odd_disagreement_above_maximum,55541.5996556,57529.6784645,55518.6112239,0
T04,confirm,low_positive_margin,sha256:e52e1cb8b1ce2626d0daca2ff05d22134b7ed7c13e099a589a463a162be03334,0,15569890,6.2286248,0,0,55600.671335,56258.2689856,0,exact_coherence_below_minimum;timing_spread_above_maximum;tone_deletion_shift_above_maximum,56258.2689856,56319.3444562,56220.3227977,0
T04,confirm,low_positive_margin,sha256:e52e1cb8b1ce2626d0daca2ff05d22134b7ed7c13e099a589a463a162be03334,0,15573223,6.229958,0,0,55600.671335,55569.3880532,0,exact_coherence_below_minimum;even_odd_disagreement_above_maximum;timing_spread_above_maximum;tone_deletion_shift_above_maximum,59306.5648967,55571.0707356,55889.9267578,0
T04,confirm,low_positive_margin,sha256:e52e1cb8b1ce2626d0daca2ff05d22134b7ed7c13e099a589a463a162be03334,0,15576557,6.2312916,0,0,55600.671335,55528.1184904,0,exact_coherence_below_minimum;even_odd_disagreement_above_maximum;tone_deletion_shift_above_maximum,55528.1184904,55348.7966133,55623.781926,0
T04,confirm,low_positive_margin,sha256:e52e1cb8b1ce2626d0daca2ff05d22134b7ed7c13e099a589a463a162be03334,0,15579890,6.2326248,0,0,55600.671335,55432.5092301,0,exact_coherence_below_minimum;even_odd_disagreement_above_maximum;timing_spread_above_maximum;tone_deletion_shift_above_maximum,55432.5092301,54661.5290448,55288.0256914,0
T04,confirm,low_positive_margin,sha256:e52e1cb8b1ce2626d0daca2ff05d22134b7ed7c13e099a589a463a162be03334,0,15583223,6.233958,0,0,55600.671335,55360.9002402,0,exact_coherence_below_minimum,55360.9002402,55377.4778383,55357.4973138,1
T04,confirm,low_positive_margin,sha256:e52e1cb8b1ce2626d0daca2ff05d22134b7ed7c13e099a589a463a162be03334,0,15586557,6.2352916,0,0,55600.671335,55564.4029099,0,exact_coherence_below_minimum;even_odd_disagreement_above_maximum;timing_spread_above_maximum;tone_deletion_shift_above_maximum,55564.4029099,55560.8574415,57145.4020688,0
T04,confirm,low_positive_margin,sha256:e52e1cb8b1ce2626d0daca2ff05d22134b7ed7c13e099a589a463a162be03334,0,15589890,6.2366248,0,0,55600.671335,55295.653129,0,exact_coherence_below_minimum;even_odd_disagreement_above_maximum;tone_deletion_shift_above_maximum,55295.653129,57026.7614638,55340.165746,0
T04,confirm,low_positive_margin,sha256:e52e1cb8b1ce2626d0daca2ff05d22134b7ed7c13e099a589a463a162be03334,0,15593223,6.237958,0,0,55600.671335,55325.8001166,0,exact_coherence_below_minimum;even_odd_disagreement_above_maximum;timing_spread_above_maximum;tone_deletion_shift_above_maximum,55325.8001166,55351.1589748,55540.3711559,0
T04,confirm,low_positive_margin,sha256:e52e1cb8b1ce2626d0daca2ff05d22134b7ed7c13e099a589a463a162be03334,0,15596557,6.2392916,0,0,55600.671335,57600.671335,0,exact_coherence_below_minimum;even_odd_disagreement_above_maximum;timing_spread_above_maximum;half_frame_difference_above_maximum;search_boundary,57705.4223112,55440.8335474,57600.671335,0
T04,confirm,low_positive_margin,sha256:e52e1cb8b1ce2626d0daca2ff05d22134b7ed7c13e099a589a463a162be03334,0,15599890,6.2406248,0,0,55600.671335,55399.6498532,0,exact_coherence_below_minimum;even_odd_disagreement_above_maximum;timing_spread_above_maximum;half_frame_difference_above_maximum;tone_deletion_shift_above_maximum,61600.671335,56414.7579672,53722.4489535,0
T04,confirm,low_positive_margin,sha256:e52e1cb8b1ce2626d0daca2ff05d22134b7ed7c13e099a589a463a162be03334,0,15603223,6.241958,0,0,55600.671335,55253.1290497,0,exact_coherence_below_minimum;even_odd_disagreement_above_maximum;half_frame_difference_above_maximum,55253.1290497,54194.5029433,55254.1880498,0
T04,confirm,low_positive_margin,sha256:e52e1cb8b1ce2626d0daca2ff05d22134b7ed7c13e099a589a463a162be03334,0,15606557,6.2432916,0,0,55600.671335,55596.6961915,0,exact_coherence_below_minimum;even_odd_disagreement_above_maximum;timing_spread_above_maximum;half_frame_difference_above_maximum;tone_deletion_shift_above_maximum,58469.9965989,56489.118659,54202.0371697,0
T04,confirm,low_positive_margin,sha256:e52e1cb8b1ce2626d0daca2ff05d22134b7ed7c13e099a589a463a162be03334,0,15609890,6.2446248,0,0,55600.671335,55428.4817555,0,exact_coherence_below_minimum;coherence_margin_below_minimum;even_odd_disagreement_above_maximum;timing_spread_above_maximum;half_frame_difference_above_maximum,55428.4817555,56651.6264772,55394.7557977,0
T04,confirm,low_positive_margin,sha256:e52e1cb8b1ce2626d0daca2ff05d22134b7ed7c13e099a589a463a162be03334,0,15613223,6.245958,0,0,55600.671335,55462.4736769,0,exact_coherence_below_minimum;even_odd_disagreement_above_maximum,55462.4736769,54388.9209143,56849.1403771,0
T04,confirm,low_positive_margin,sha256:e52e1cb8b1ce2626d0daca2ff05d22134b7ed7c13e099a589a463a162be03334,0,15616557,6.2472916,0,0,55600.671335,55387.6354417,0,exact_coherence_below_minimum;even_odd_disagreement_above_maximum;timing_spread_above_maximum;half_frame_difference_above_maximum;tone_deletion_shift_above_maximum,55387.6354417,54166.0163373,55278.57274,0
T04,confirm,low_positive_margin,sha256:e52e1cb8b1ce2626d0daca2ff05d22134b7ed7c13e099a589a463a162be03334,0,15619890,6.2486248,0,0,55600.671335,55398.6605416,0,exact_coherence_below_minimum;even_odd_disagreement_above_maximum;half_frame_difference_above_maximum,55398.6605416,57587.0566571,55461.266421,0
T04,confirm,low_positive_margin,sha256:e52e1cb8b1ce2626d0daca2ff05d22134b7ed7c13e099a589a463a162be03334,0,15623223,6.249958,0,0,55600.671335,55479.9727958,0,exact_coherence_below_minimum;even_odd_disagreement_above_maximum;timing_spread_above_maximum;half_frame_difference_above_maximum;tone_deletion_shift_above_maximum,55479.9727958,56087.848264,55452.0647378,0
T04,confirm,middle_median_margin,sha256:e52e1cb8b1ce2626d0daca2ff05d22134b7ed7c13e099a589a463a162be03334,0,9251641,3.7013252,1,0,69574.3373799,68683.6552501,0,exact_coherence_below_minimum;coherence_margin_below_minimum;even_odd_disagreement_above_maximum;timing_spread_above_maximum;half_frame_difference_above_maximum;tone_deletion_shift_above_maximum,72129.656379,68702.490905,70726.2984585,0
T04,confirm,middle_median_margin,sha256:e52e1cb8b1ce2626d0daca2ff05d22134b7ed7c13e099a589a463a162be03334,0,9254974,3.7026584,1,0,69574.3373799,69753.8154671,0,exact_coherence_below_minimum;even_odd_disagreement_above_maximum;timing_spread_above_maximum;tone_deletion_shift_above_maximum,63574.3373799,70155.2354104,69651.298382,0
T04,confirm,middle_median_margin,sha256:e52e1cb8b1ce2626d0daca2ff05d22134b7ed7c13e099a589a463a162be03334,0,9258308,3.703992,1,0,69574.3373799,69573.1918901,0,exact_coherence_below_minimum;even_odd_disagreement_above_maximum;half_frame_difference_above_maximum;tone_deletion_shift_above_maximum,69573.1918901,69787.7119532,69436.781401,0
T04,confirm,middle_median_margin,sha256:e52e1cb8b1ce2626d0daca2ff05d22134b7ed7c13e099a589a463a162be03334,0,9261641,3.7053252,1,0,69574.3373799,69763.960193,0,exact_coherence_below_minimum;even_odd_disagreement_above_maximum;timing_spread_above_maximum;tone_deletion_shift_above_maximum,69763.960193,69859.490743,69681.2281168,0
T04,confirm,middle_median_margin,sha256:e52e1cb8b1ce2626d0daca2ff05d22134b7ed7c13e099a589a463a162be03334,0,9264974,3.7066584,1,0,69574.3373799,69001.8685098,0,exact_coherence_below_minimum;coherence_margin_below_minimum;even_odd_disagreement_above_maximum;timing_spread_above_maximum;tone_deletion_shift_above_maximum,65336.5637525,71574.3373799,69634.6195985,0
T04,confirm,middle_median_margin,sha256:e52e1cb8b1ce2626d0daca2ff05d22134b7ed7c13e099a589a463a162be03334,0,9268308,3.707992,1,0,69574.3373799,69341.9417484,0,exact_coherence_below_minimum;even_odd_disagreement_above_maximum;timing_spread_above_maximum;tone_deletion_shift_above_maximum,69341.9417484,69525.7697121,69119.3980015,0
T04,confirm,middle_median_margin,sha256:e52e1cb8b1ce2626d0daca2ff05d22134b7ed7c13e099a589a463a162be03334,0,9271641,3.7093252,1,0,69574.3373799,69737.1640832,0,exact_coherence_below_minimum;even_odd_disagreement_above_maximum;timing_spread_above_maximum;half_frame_difference_above_maximum,69737.1640832,69650.6521053,69877.4532174,0
T04,confirm,middle_median_margin,sha256:e52e1cb8b1ce2626d0daca2ff05d22134b7ed7c13e099a589a463a162be03334,0,9274974,3.7106584,1,0,69574.3373799,69600.0192845,0,exact_coherence_below_minimum;tone_deletion_shift_above_maximum,69600.0192845,69705.4500822,69640.0226828,0
T04,confirm,middle_median_margin,sha256:e52e1cb8b1ce2626d0daca2ff05d22134b7ed7c13e099a589a463a162be03334,0,9278308,3.711992,1,0,69574.3373799,69602.8687785,0,exact_coherence_below_minimum;even_odd_disagreement_above_maximum;half_frame_difference_above_maximum,69602.8687785,69552.4711175,70676.4585563,0
T04,confirm,middle_median_margin,sha256:e52e1cb8b1ce2626d0daca2ff05d22134b7ed7c13e099a589a463a162be03334,0,9281641,3.7133252,1,0,69574.3373799,69378.6129417,0,exact_coherence_below_minimum;even_odd_disagreement_above_maximum;timing_spread_above_maximum;half_frame_difference_above_maximum;tone_deletion_shift_above_maximum,69378.6129417,70355.6269135,69172.6396834,0
T04,confirm,middle_median_margin,sha256:e52e1cb8b1ce2626d0daca2ff05d22134b7ed7c13e099a589a463a162be03334,0,9284974,3.7146584,1,0,69574.3373799,69614.5785725,0,exact_coherence_below_minimum;even_odd_disagreement_above_maximum;timing_spread_above_maximum;half_frame_difference_above_maximum,69614.5785725,70109.213773,69505.4163473,0
T04,confirm,middle_median_margin,sha256:e52e1cb8b1ce2626d0daca2ff05d22134b7ed7c13e099a589a463a162be03334,0,9288308,3.715992,1,0,69574.3373799,69604.9464936,0,exact_coherence_below_minimum;even_odd_disagreement_above_maximum;timing_spread_above_maximum;half_frame_difference_above_maximum;tone_deletion_shift_above_maximum,69604.9464936,69117.5752901,68664.3348273,0
T04,confirm,middle_median_margin,sha256:e52e1cb8b1ce2626d0daca2ff05d22134b7ed7c13e099a589a463a162be03334,0,9291641,3.7173252,1,0,69574.3373799,69176.6863139,0,exact_coherence_below_minimum;even_odd_disagreement_above_maximum;timing_spread_above_maximum;tone_deletion_shift_above_maximum,69176.6863139,68803.4218329,71300.3560628,0
T04,confirm,middle_median_margin,sha256:e52e1cb8b1ce2626d0daca2ff05d22134b7ed7c13e099a589a463a162be03334,0,9294974,3.7186584,1,0,69574.3373799,69590.6609448,0,exact_coherence_below_minimum;timing_spread_above_maximum,69590.6609448,69615.3950293,69523.293818,0
T04,confirm,middle_median_margin,sha256:e52e1cb8b1ce2626d0daca2ff05d22134b7ed7c13e099a589a463a162be03334,0,9298308,3.719992,1,0,69574.3373799,70808.7057071,0,exact_coherence_below_minimum;even_odd_disagreement_above_maximum;timing_spread_above_maximum;half_frame_difference_above_maximum;tone_deletion_shift_above_maximum,70808.7057071,69772.6743613,67574.3373799,0
T04,confirm,middle_median_margin,sha256:e52e1cb8b1ce2626d0daca2ff05d22134b7ed7c13e099a589a463a162be03334,0,9301641,3.7213252,1,0,69574.3373799,69486.614628,0,exact_coherence_below_minimum;coherence_margin_below_minimum;even_odd_disagreement_above_maximum;timing_spread_above_maximum;tone_deletion_shift_above_maximum,75271.8201543,70682.1671792,68653.4092598,0
T04,confirm,middle_median_margin,sha256:e52e1cb8b1ce2626d0daca2ff05d22134b7ed7c13e099a589a463a162be03334,0,9304974,3.7226584,1,0,69574.3373799,69373.8261396,0,exact_coherence_below_minimum;even_odd_disagreement_above_maximum;timing_spread_above_maximum;half_frame_difference_above_maximum;tone_deletion_shift_above_maximum,69373.8261396,71356.6627738,68542.3375949,0
T04,confirm,middle_median_margin,sha256:e52e1cb8b1ce2626d0daca2ff05d22134b7ed7c13e099a589a463a162be03334,0,9308308,3.723992,1,0,69574.3373799,69430.8678426,0,exact_coherence_below_minimum;even_odd_disagreement_above_maximum,69430.8678426,71454.462747,71291.7887047,0
T04,confirm,middle_median_margin,sha256:e52e1cb8b1ce2626d0daca2ff05d22134b7ed7c13e099a589a463a162be03334,0,9311641,3.7253252,1,0,69574.3373799,69667.9688458,0,exact_coherence_below_minimum;even_odd_disagreement_above_maximum;timing_spread_above_maximum;tone_deletion_shift_above_maximum,64028.4303641,69525.1110536,69745.1578639,0
T04,confirm,middle_median_margin,sha256:e52e1cb8b1ce2626d0daca2ff05d22134b7ed7c13e099a589a463a162be03334,0,9314974,3.7266584,1,0,69574.3373799,69702.8909681,0,exact_coherence_below_minimum;even_odd_disagreement_above_maximum;timing_spread_above_maximum,69702.8909681,68303.1871199,69752.9947457,0
T04,confirm,middle_median_margin,sha256:e52e1cb8b1ce2626d0daca2ff05d22134b7ed7c13e099a589a463a162be03334,0,9318308,3.727992,1,0,69574.3373799,69536.8961407,0,exact_coherence_below_minimum;even_odd_disagreement_above_maximum,69536.8961407,69623.2387598,69427.7752814,0
T04,confirm,middle_median_margin,sha256:e52e1cb8b1ce2626d0daca2ff05d22134b7ed7c13e099a589a463a162be03334,0,9321641,3.7293252,1,0,69574.3373799,69355.5137232,0,exact_coherence_below_minimum;coherence_margin_below_minimum;even_odd_disagreement_above_maximum;timing_spread_above_maximum;tone_deletion_shift_above_maximum,75574.3373799,67871.1460742,71312.1478026,0
T04,confirm,middle_median_margin,sha256:e52e1cb8b1ce2626d0daca2ff05d22134b7ed7c13e099a589a463a162be03334,0,9324974,3.7306584,1,0,69574.3373799,70744.6368718,0,exact_coherence_below_minimum;coherence_margin_below_minimum;even_odd_disagreement_above_maximum;timing_spread_above_maximum;half_frame_difference_above_maximum;tone_deletion_shift_above_maximum,72685.5747967,67574.3373799,70769.690295,0
T04,confirm,middle_median_margin,sha256:e52e1cb8b1ce2626d0daca2ff05d22134b7ed7c13e099a589a463a162be03334,0,9328308,3.731992,1,0,69574.3373799,69467.6249254,0,exact_coherence_below_minimum;even_odd_disagreement_above_maximum;half_frame_difference_above_maximum;tone_deletion_shift_above_maximum,73885.5948442,68075.8393852,69205.1602762,0
T04,confirm,middle_median_margin,sha256:e52e1cb8b1ce2626d0daca2ff05d22134b7ed7c13e099a589a463a162be03334,0,9331641,3.7333252,1,0,69574.3373799,69565.7309736,0,exact_coherence_below_minimum;timing_spread_above_maximum;tone_deletion_shift_above_maximum,69565.7309736,69607.1009246,69662.5961558,0
T04,confirm,middle_median_margin,sha256:e52e1cb8b1ce2626d0daca2ff05d22134b7ed7c13e099a589a463a162be03334,0,9334974,3.7346584,1,0,69574.3373799,69465.1504172,0,exact_coherence_below_minimum;even_odd_disagreement_above_maximum;tone_deletion_shift_above_maximum,69465.1504172,70801.7963291,69520.4833136,0
T04,confirm,middle_median_margin,sha256:e52e1cb8b1ce2626d0daca2ff05d22134b7ed7c13e099a589a463a162be03334,0,9338308,3.735992,1,0,69574.3373799,69462.2073363,0,exact_coherence_below_minimum;even_odd_disagreement_above_maximum,69462.2073363,69378.8655081,70549.1151705,0
T04,confirm,middle_median_margin,sha256:e52e1cb8b1ce2626d0daca2ff05d22134b7ed7c13e099a589a463a162be03334,0,9341641,3.7373252,1,0,69574.3373799,69769.3342777,0,exact_coherence_below_minimum;coherence_margin_below_minimum;even_odd_disagreement_above_maximum;timing_spread_above_maximum;half_frame_difference_above_maximum;tone_deletion_shift_above_maximum,69769.3342777,71416.9154762,69868.7531891,0
T04,confirm,middle_median_margin,sha256:e52e1cb8b1ce2626d0daca2ff05d22134b7ed7c13e099a589a463a162be03334,0,9344974,3.7386584,1,0,69574.3373799,70494.6314437,0,exact_coherence_below_minimum;even_odd_disagreement_above_maximum;timing_spread_above_maximum;tone_deletion_shift_above_maximum,70494.6314437,70183.3725013,69507.0415085,0
T04,confirm,middle_median_margin,sha256:e52e1cb8b1ce2626d0daca2ff05d22134b7ed7c13e099a589a463a162be03334,0,9348308,3.739992,1,0,69574.3373799,69557.713957,0,exact_coherence_below_minimum;even_odd_disagreement_above_maximum,69557.713957,69359.0880031,69630.9340289,0
T04,confirm,middle_median_margin,sha256:e52e1cb8b1ce2626d0daca2ff05d22134b7ed7c13e099a589a463a162be03334,0,9351641,3.7413252,1,0,69574.3373799,69629.5266838,0,exact_coherence_below_minimum;coherence_margin_below_minimum;even_odd_disagreement_above_maximum;timing_spread_above_maximum;half_frame_difference_above_maximum;tone_deletion_shift_above_maximum,64352.1686687,69590.4828699,69712.6430496,0
T04,confirm,middle_median_margin,sha256:e52e1cb8b1ce2626d0daca2ff05d22134b7ed7c13e099a589a463a162be03334,0,9354974,3.7426584,1,0,69574.3373799,69377.0894683,0,exact_coherence_below_minimum;even_odd_disagreement_above_maximum;timing_spread_above_maximum;half_frame_difference_above_maximum;tone_deletion_shift_above_maximum,72795.52188,68365.3474912,69650.1193123,0
T04,confirm,middle_median_margin,sha256:e52e1cb8b1ce2626d0daca2ff05d22134b7ed7c13e099a589a463a162be03334,0,9358308,3.743992,1,0,69574.3373799,69742.7347172,0,exact_coherence_below_minimum;even_odd_disagreement_above_maximum;timing_spread_above_maximum;tone_deletion_shift_above_maximum,69742.7347172,69695.1995285,70230.1091914,0
T04,confirm,middle_median_margin,sha256:e52e1cb8b1ce2626d0daca2ff05d22134b7ed7c13e099a589a463a162be03334,0,9361641,3.7453252,1,0,69574.3373799,69644.0775087,0,exact_coherence_below_minimum;coherence_margin_below_minimum;even_odd_disagreement_above_maximum;timing_spread_above_maximum;half_frame_difference_above_maximum;tone_deletion_shift_above_maximum,69644.0775087,69709.6239413,70076.0288705,0
T04,confirm,middle_median_margin,sha256:e52e1cb8b1ce2626d0daca2ff05d22134b7ed7c13e099a589a463a162be03334,0,9364974,3.7466584,1,0,69574.3373799,69430.4520948,0,exact_coherence_below_minimum,69430.4520948,69398.456466,69379.6573151,0
T04,confirm,middle_median_margin,sha256:e52e1cb8b1ce2626d0daca2ff05d22134b7ed7c13e099a589a463a162be03334,0,9368308,3.747992,1,0,69574.3373799,69329.4718253,0,exact_coherence_below_minimum;even_odd_disagreement_above_maximum;timing_spread_above_maximum,69329.4718253,69410.8020167,69268.419664,0
T04,confirm,middle_median_margin,sha256:e52e1cb8b1ce2626d0daca2ff05d22134b7ed7c13e099a589a463a162be03334,0,9371641,3.7493252,1,0,69574.3373799,69425.0816322,0,exact_coherence_below_minimum;even_odd_disagreement_above_maximum,69425.0816322,71574.3373799,69572.878297,0
T04,confirm,middle_median_margin,sha256:e52e1cb8b1ce2626d0daca2ff05d22134b7ed7c13e099a589a463a162be03334,0,9374974,3.7506584,1,0,69574.3373799,69477.7102977,0,exact_coherence_below_minimum;coherence_margin_below_minimum;even_odd_disagreement_above_maximum,69477.7102977,68900.9114564,69530.374489,0
T04,confirm,middle_median_margin,sha256:e52e1cb8b1ce2626d0daca2ff05d22134b7ed7c13e099a589a463a162be03334,0,9378308,3.751992,1,0,69574.3373799,69492.6769073,0,exact_coherence_below_minimum;even_odd_disagreement_above_maximum;half_frame_difference_above_maximum,64413.0425252,70043.4428675,68516.930649,0
T04,confirm,middle_median_margin,sha256:e52e1cb8b1ce2626d0daca2ff05d22134b7ed7c13e099a589a463a162be03334,0,9381641,3.7533252,1,0,69574.3373799,69434.7448761,0,exact_coherence_below_minimum;even_odd_disagreement_above_maximum;half_frame_difference_above_maximum,69434.7448761,69453.5029826,70860.7232374,0
T04,confirm,middle_median_margin,sha256:e52e1cb8b1ce2626d0daca2ff05d22134b7ed7c13e099a589a463a162be03334,0,9384974,3.7546584,1,0,69574.3373799,69398.3734023,0,exact_coherence_below_minimum;even_odd_disagreement_above_maximum;half_frame_difference_above_maximum;tone_deletion_shift_above_maximum,69398.3734023,70138.4140228,71476.7190748,0
T04,confirm,middle_median_margin,sha256:e52e1cb8b1ce2626d0daca2ff05d22134b7ed7c13e099a589a463a162be03334,0,9388308,3.755992,1,0,69574.3373799,69463.0158017,0,exact_coherence_below_minimum;even_odd_disagreement_above_maximum;timing_spread_above_maximum;half_frame_difference_above_maximum;tone_deletion_shift_above_maximum,72689.4169356,68267.6463242,69387.7919083,0
T04,confirm,middle_median_margin,sha256:e52e1cb8b1ce2626d0daca2ff05d22134b7ed7c13e099a589a463a162be03334,0,9391641,3.7573252,1,0,69574.3373799,69292.734297,0,exact_coherence_below_minimum;even_odd_disagreement_above_maximum,69292.734297,69740.2201836,70894.7570264,0
T04,confirm,middle_median_margin,sha256:e52e1cb8b1ce2626d0daca2ff05d22134b7ed7c13e099a589a463a162be03334,0,9394974,3.7586584,1,0,69574.3373799,70219.0929683,0,exact_coherence_below_minimum;even_odd_disagreement_above_maximum;timing_spread_above_maximum;tone_deletion_shift_above_maximum,70219.0929683,70469.6586611,69876.2083664,0
T04,confirm,middle_median_margin,sha256:e52e1cb8b1ce2626d0daca2ff05d22134b7ed7c13e099a589a463a162be03334,0,9398308,3.759992,1,0,69574.3373799,69454.526919,0,exact_coherence_below_minimum;tone_deletion_shift_above_maximum,64146.7013865,69524.2579891,69510.6371964,0
T04,confirm,middle_median_margin,sha256:e52e1cb8b1ce2626d0daca2ff05d22134b7ed7c13e099a589a463a162be03334,0,9401641,3.7613252,1,0,69574.3373799,70659.191817,0,exact_coherence_below_minimum;even_odd_disagreement_above_maximum;timing_spread_above_maximum;half_frame_difference_above_maximum;tone_deletion_shift_above_maximum,75009.0370954,69965.5727555,70621.5749819,0
T04,confirm,middle_median_margin,sha256:e52e1cb8b1ce2626d0daca2ff05d22134b7ed7c13e099a589a463a162be03334,0,9404974,3.7626584,1,0,69574.3373799,68383.6954876,0,exact_coherence_below_minimum;even_odd_disagreement_above_maximum;timing_spread_above_maximum;half_frame_difference_above_maximum;tone_deletion_shift_above_maximum,68383.6954876,69728.4793528,68436.0747273,0
T04,confirm,middle_median_margin,sha256:e52e1cb8b1ce2626d0daca2ff05d22134b7ed7c13e099a589a463a162be03334,0,9408308,3.763992,1,0,69574.3373799,69685.2556067,0,exact_coherence_below_minimum;timing_spread_above_maximum;half_frame_difference_above_maximum;tone_deletion_shift_above_maximum,69685.2556067,69607.0093329,69547.5695689,0
T04,confirm,middle_median_margin,sha256:e52e1cb8b1ce2626d0daca2ff05d22134b7ed7c13e099a589a463a162be03334,0,9411641,3.7653252,1,0,69574.3373799,69228.0799935,0,exact_coherence_below_minimum;even_odd_disagreement_above_maximum;timing_spread_above_maximum;tone_deletion_shift_above_maximum,73324.907625,69178.9367731,69280.0822298,0
T04,confirm,middle_median_margin,sha256:e52e1cb8b1ce2626d0daca2ff05d22134b7ed7c13e099a589a463a162be03334,0,9414974,3.7666584,1,0,69574.3373799,69263.409973,0,exact_coherence_below_minimum;even_odd_disagreement_above_maximum;half_frame_difference_above_maximum;tone_deletion_shift_above_maximum,69263.409973,69422.5801715,67574.3373799,0
T04,confirm,middle_median_margin,sha256:e52e1cb8b1ce2626d0daca2ff05d22134b7ed7c13e099a589a463a162be03334,0,9418308,3.767992,1,0,69574.3373799,69225.9908819,0,exact_coherence_below_minimum;even_odd_disagreement_above_maximum;half_frame_difference_above_maximum;tone_deletion_shift_above_maximum,69225.9908819,70745.1272458,69295.7623689,0
T04,confirm,middle_median_margin,sha256:e52e1cb8b1ce2626d0daca2ff05d22134b7ed7c13e099a589a463a162be03334,0,9421641,3.7693252,1,0,69574.3373799,71093.4584425,0,exact_coherence_below_minimum;even_odd_disagreement_above_maximum;timing_spread_above_maximum;half_frame_difference_above_maximum;tone_deletion_shift_above_maximum,72342.5148558,68086.825851,70492.0543796,0
T04,confirm,middle_median_margin,sha256:e52e1cb8b1ce2626d0daca2ff05d22134b7ed7c13e099a589a463a162be03334,0,9424974,3.7706584,1,0,69574.3373799,69373.0983749,0,exact_coherence_below_minimum;even_odd_disagreement_above_maximum,69373.0983749,69279.1678321,69497.8627965,0
T04,confirm,middle_median_margin,sha256:e52e1cb8b1ce2626d0daca2ff05d22134b7ed7c13e099a589a463a162be03334,0,9428308,3.771992,1,0,69574.3373799,69281.8030002,0,exact_coherence_below_minimum;even_odd_disagreement_above_maximum;half_frame_difference_above_maximum;tone_deletion_shift_above_maximum,69281.8030002,69978.0974191,69486.6226359,0
T04,confirm,middle_median_margin,sha256:e52e1cb8b1ce2626d0daca2ff05d22134b7ed7c13e099a589a463a162be03334,0,9431641,3.7733252,1,0,69574.3373799,69233.7181569,0,exact_coherence_below_minimum;even_odd_disagreement_above_maximum;timing_spread_above_maximum;half_frame_difference_above_maximum,65235.7629987,68674.5607403,69404.9708825,0
T04,confirm,middle_median_margin,sha256:e52e1cb8b1ce2626d0daca2ff05d22134b7ed7c13e099a589a463a162be03334,0,9434974,3.7746584,0,1,69574.3373799,,0,refill_boundary_crossing,,,,0
T04,confirm,refill_boundary,sha256:e52e1cb8b1ce2626d0daca2ff05d22134b7ed7c13e099a589a463a162be03334,0,11440475,4.5768588,0,0,64530.7622251,64622.5313258,0,exact_coherence_below_minimum;even_odd_disagreement_above_maximum;tone_deletion_shift_above_maximum,64622.5313258,64611.4065757,65155.4985765,0
T04,confirm,refill_boundary,sha256:e52e1cb8b1ce2626d0daca2ff05d22134b7ed7c13e099a589a463a162be03334,0,11443808,4.578192,0,0,64530.7622251,64660.1599846,0,exact_coherence_below_minimum;even_odd_disagreement_above_maximum;timing_spread_above_maximum;half_frame_difference_above_maximum;tone_deletion_shift_above_maximum,64660.1599846,64449.8848324,64892.619531,0
T04,confirm,refill_boundary,sha256:e52e1cb8b1ce2626d0daca2ff05d22134b7ed7c13e099a589a463a162be03334,0,11447142,4.5795256,0,0,64530.7622251,64402.9871823,0,exact_coherence_below_minimum;even_odd_disagreement_above_maximum;timing_spread_above_maximum,64402.9871823,64359.8327491,63555.8173425,0
T04,confirm,refill_boundary,sha256:e52e1cb8b1ce2626d0daca2ff05d22134b7ed7c13e099a589a463a162be03334,0,11450475,4.5808588,0,0,64530.7622251,64555.3384658,0,exact_coherence_below_minimum;even_odd_disagreement_above_maximum;timing_spread_above_maximum;tone_deletion_shift_above_maximum,64555.3384658,65592.0991404,64552.8853671,0
T04,confirm,refill_boundary,sha256:e52e1cb8b1ce2626d0daca2ff05d22134b7ed7c13e099a589a463a162be03334,0,11453808,4.582192,0,0,64530.7622251,64537.7076391,0,exact_coherence_below_minimum;even_odd_disagreement_above_maximum;timing_spread_above_maximum;half_frame_difference_above_maximum;tone_deletion_shift_above_maximum,64537.7076391,66530.7622251,65546.3313255,0
T04,confirm,refill_boundary,sha256:e52e1cb8b1ce2626d0daca2ff05d22134b7ed7c13e099a589a463a162be03334,0,11457142,4.5835256,0,0,64530.7622251,64386.6314042,0,exact_coherence_below_minimum;even_odd_disagreement_above_maximum;timing_spread_above_maximum;half_frame_difference_above_maximum;tone_deletion_shift_above_maximum,64386.6314042,64397.1591838,65888.8435517,0
T04,confirm,refill_boundary,sha256:e52e1cb8b1ce2626d0daca2ff05d22134b7ed7c13e099a589a463a162be03334,0,11460475,4.5848588,0,0,64530.7622251,64644.8110163,0,exact_coherence_below_minimum;even_odd_disagreement_above_maximum;timing_spread_above_maximum;tone_deletion_shift_above_maximum,64644.8110163,63567.2954772,64652.905408,0
T04,confirm,refill_boundary,sha256:e52e1cb8b1ce2626d0daca2ff05d22134b7ed7c13e099a589a463a162be03334,0,11463808,4.586192,0,0,64530.7622251,64406.8055569,0,exact_coherence_below_minimum;even_odd_disagreement_above_maximum;timing_spread_above_maximum;tone_deletion_shift_above_maximum,64406.8055569,64570.7110006,63389.0411328,0
T04,confirm,refill_boundary,sha256:e52e1cb8b1ce2626d0daca2ff05d22134b7ed7c13e099a589a463a162be03334,0,11467142,4.5875256,0,0,64530.7622251,64502.352255,0,exact_coherence_below_minimum;timing_spread_above_maximum;half_frame_difference_above_maximum,64502.352255,64452.1153705,64494.2383211,0
T04,confirm,refill_boundary,sha256:e52e1cb8b1ce2626d0daca2ff05d22134b7ed7c13e099a589a463a162be03334,0,11470475,4.5888588,0,0,64530.7622251,64706.4566031,0,exact_coherence_below_minimum;even_odd_disagreement_above_maximum;timing_spread_above_maximum;tone_deletion_shift_above_maximum,64706.4566031,64567.0333907,65257.968555,0
T04,confirm,refill_boundary,sha256:e52e1cb8b1ce2626d0daca2ff05d22134b7ed7c13e099a589a463a162be03334,0,11473808,4.590192,0,0,64530.7622251,64531.4238096,0,exact_coherence_below_minimum;even_odd_disagreement_above_maximum,64531.4238096,64457.3664828,64628.0987732,0
T04,confirm,refill_boundary,sha256:e52e1cb8b1ce2626d0daca2ff05d22134b7ed7c13e099a589a463a162be03334,0,11477142,4.5915256,0,0,64530.7622251,64492.8155076,0,exact_coherence_below_minimum;even_odd_disagreement_above_maximum;timing_spread_above_maximum;tone_deletion_shift_above_maximum,64492.8155076,64515.9644031,65873.2943238,0
T04,confirm,refill_boundary,sha256:e52e1cb8b1ce2626d0daca2ff05d22134b7ed7c13e099a589a463a162be03334,0,11480475,4.5928588,0,0,64530.7622251,64530.1754318,0,exact_coherence_below_minimum;even_odd_disagreement_above_maximum;timing_spread_above_maximum;tone_deletion_shift_above_maximum,64530.1754318,64646.551365,65899.2415205,0
T04,confirm,refill_boundary,sha256:e52e1cb8b1ce2626d0daca2ff05d22134b7ed7c13e099a589a463a162be03334,0,11483808,4.594192,0,0,64530.7622251,64531.6984471,0,exact_coherence_below_minimum;even_odd_disagreement_above_maximum;timing_spread_above_maximum,64531.6984471,64666.1568337,64489.1394502,0
T04,confirm,refill_boundary,sha256:e52e1cb8b1ce2626d0daca2ff05d22134b7ed7c13e099a589a463a162be03334,0,11487142,4.5955256,0,0,64530.7622251,64459.7274472,0,exact_coherence_below_minimum;even_odd_disagreement_above_maximum;timing_spread_above_maximum;half_frame_difference_above_maximum;tone_deletion_shift_above_maximum,64459.7274472,64563.9506858,64370.1731558,0
T04,confirm,refill_boundary,sha256:e52e1cb8b1ce2626d0daca2ff05d22134b7ed7c13e099a589a463a162be03334,0,11490475,4.5968588,0,0,64530.7622251,64517.9210366,0,exact_coherence_below_minimum;even_odd_disagreement_above_maximum;timing_spread_above_maximum,64517.9210366,65693.231058,64591.3979057,0
T04,confirm,refill_boundary,sha256:e52e1cb8b1ce2626d0daca2ff05d22134b7ed7c13e099a589a463a162be03334,0,11493808,4.598192,0,0,64530.7622251,64445.1509738,0,exact_coherence_below_minimum;even_odd_disagreement_above_maximum;half_frame_difference_above_maximum,64445.1509738,64591.0645069,64391.805335,0
T04,confirm,refill_boundary,sha256:e52e1cb8b1ce2626d0daca2ff05d22134b7ed7c13e099a589a463a162be03334,0,11497142,4.5995256,0,0,64530.7622251,64484.1779734,0,exact_coherence_below_minimum;even_odd_disagreement_above_maximum;half_frame_difference_above_maximum;tone_deletion_shift_above_maximum,64484.1779734,64570.3885637,63260.6916042,0
T04,confirm,refill_boundary,sha256:e52e1cb8b1ce2626d0daca2ff05d22134b7ed7c13e099a589a463a162be03334,0,11500475,4.6008588,0,0,64530.7622251,64628.4892184,0,exact_coherence_below_minimum;even_odd_disagreement_above_maximum;tone_deletion_shift_above_maximum,64628.4892184,64949.3651874,66323.7926526,0
T04,confirm,refill_boundary,sha256:e52e1cb8b1ce2626d0daca2ff05d22134b7ed7c13e099a589a463a162be03334,0,11503808,4.602192,0,0,64530.7622251,64476.4490472,0,exact_coherence_below_minimum;even_odd_disagreement_above_maximum;timing_spread_above_maximum;half_frame_difference_above_maximum;tone_deletion_shift_above_maximum,64476.4490472,64482.5003116,63905.6914647,0
T04,confirm,refill_boundary,sha256:e52e1cb8b1ce2626d0daca2ff05d22134b7ed7c13e099a589a463a162be03334,0,11507142,4.6035256,0,0,64530.7622251,64438.7959754,0,exact_coherence_below_minimum;even_odd_disagreement_above_maximum;half_frame_difference_above_maximum,64438.7959754,64557.3590533,65792.3276083,0
T04,confirm,refill_boundary,sha256:e52e1cb8b1ce2626d0daca2ff05d22134b7ed7c13e099a589a463a162be03334,0,11510475,4.6048588,0,0,64530.7622251,63854.2588255,0,exact_coherence_below_minimum;even_odd_disagreement_above_maximum;timing_spread_above_maximum;half_frame_difference_above_maximum;tone_deletion_shift_above_maximum,63854.2588255,65258.6643086,64914.147709,0
T04,confirm,refill_boundary,sha256:e52e1cb8b1ce2626d0daca2ff05d22134b7ed7c13e099a589a463a162be03334,0,11513808,4.606192,0,0,64530.7622251,64663.4721593,0,exact_coherence_below_minimum;even_odd_disagreement_above_maximum;timing_spread_above_maximum;half_frame_difference_above_maximum;tone_deletion_shift_above_maximum,68946.7602841,63140.2332738,64584.8351727,0
T04,confirm,refill_boundary,sha256:e52e1cb8b1ce2626d0daca2ff05d22134b7ed7c13e099a589a463a162be03334,0,11517142,4.6075256,0,0,64530.7622251,64570.0780068,0,exact_coherence_below_minimum;even_odd_disagreement_above_maximum;half_frame_difference_above_maximum,64570.0780068,64663.535573,64521.1748703,0
T04,confirm,refill_boundary,sha256:e52e1cb8b1ce2626d0daca2ff05d22134b7ed7c13e099a589a463a162be03334,0,11520475,4.6088588,0,0,64530.7622251,64371.1728126,0,exact_coherence_below_minimum;timing_spread_above_maximum;tone_deletion_shift_above_maximum,64371.1728126,64384.5916366,64433.7218599,0
T04,confirm,refill_boundary,sha256:e52e1cb8b1ce2626d0daca2ff05d22134b7ed7c13e099a589a463a162be03334,0,11523808,4.610192,0,0,64530.7622251,64428.9587399,0,exact_coherence_below_minimum;even_odd_disagreement_above_maximum;timing_spread_above_maximum;half_frame_difference_above_maximum;tone_deletion_shift_above_maximum,58949.3501977,64381.4202602,63477.2993211,0
T04,confirm,refill_boundary,sha256:e52e1cb8b1ce2626d0daca2ff05d22134b7ed7c13e099a589a463a162be03334,0,11527142,4.6115256,0,0,64530.7622251,66179.2113544,0,exact_coherence_below_minimum;coherence_margin_below_minimum;even_odd_disagreement_above_maximum;timing_spread_above_maximum;half_frame_difference_above_maximum;tone_deletion_shift_above_maximum,68118.3557574,63574.5832711,66148.0163798,0
T04,confirm,refill_boundary,sha256:e52e1cb8b1ce2626d0daca2ff05d22134b7ed7c13e099a589a463a162be03334,0,11530475,4.6128588,0,0,64530.7622251,64422.4264929,0,exact_coherence_below_minimum;even_odd_disagreement_above_maximum;half_frame_difference_above_maximum;tone_deletion_shift_above_maximum,69993.9100812,63628.8765207,62710.1253484,0
T04,confirm,refill_boundary,sha256:e52e1cb8b1ce2626d0daca2ff05d22134b7ed7c13e099a589a463a162be03334,0,11533808,4.614192,0,1,64530.7622251,,0,refill_boundary_crossing,,,,0
T04,confirm,refill_boundary,sha256:e52e1cb8b1ce2626d0daca2ff05d22134b7ed7c13e099a589a463a162be03334,0,11537142,4.6155256,0,0,64530.7622251,65520.4296232,0,exact_coherence_below_minimum;even_odd_disagreement_above_maximum;timing_spread_above_maximum;half_frame_difference_above_maximum;tone_deletion_shift_above_maximum,65520.4296232,64592.6031217,63365.0085611,0
T04,confirm,refill_boundary,sha256:e52e1cb8b1ce2626d0daca2ff05d22134b7ed7c13e099a589a463a162be03334,0,11540475,4.6168588,0,0,64530.7622251,66071.7633757,0,exact_coherence_below_minimum;coherence_margin_below_minimum;even_odd_disagreement_above_maximum;timing_spread_above_maximum;tone_deletion_shift_above_maximum,61888.401915,66259.4347414,64214.6203152,0
T04,confirm,refill_boundary,sha256:e52e1cb8b1ce2626d0daca2ff05d22134b7ed7c13e099a589a463a162be03334,0,11543808,4.618192,0,0,64530.7622251,63401.8902709,0,exact_coherence_below_minimum;even_odd_disagreement_above_maximum;timing_spread_above_maximum;half_frame_difference_above_maximum;tone_deletion_shift_above_maximum,63401.8902709,64666.0422336,63466.2967044,0
T04,confirm,refill_boundary,sha256:e52e1cb8b1ce2626d0daca2ff05d22134b7ed7c13e099a589a463a162be03334,0,11547142,4.6195256,0,0,64530.7622251,62530.7622251,0,exact_coherence_below_minimum;coherence_margin_below_minimum;even_odd_disagreement_above_maximum;timing_spread_above_maximum;half_frame_difference_above_maximum;tone_deletion_shift_above_maximum;search_boundary,62478.9584486,65930.7384696,64480.5806802,0
T04,confirm,refill_boundary,sha256:e52e1cb8b1ce2626d0daca2ff05d22134b7ed7c13e099a589a463a162be03334,0,11550475,4.6208588,0,0,64530.7622251,66101.1785437,0,exact_coherence_below_minimum;even_odd_disagreement_above_maximum;timing_spread_above_maximum;half_frame_difference_above_maximum;tone_deletion_shift_above_maximum,66101.1785437,65612.3975296,66145.6877938,0
T04,confirm,refill_boundary,sha256:e52e1cb8b1ce2626d0daca2ff05d22134b7ed7c13e099a589a463a162be03334,0,11553808,4.622192,0,0,64530.7622251,64435.0808859,0,exact_coherence_below_minimum;coherence_margin_below_minimum;even_odd_disagreement_above_maximum;timing_spread_above_maximum;tone_deletion_shift_above_maximum,70086.90762,64365.7526803,63565.625497,0
T04,confirm,refill_boundary,sha256:e52e1cb8b1ce2626d0daca2ff05d22134b7ed7c13e099a589a463a162be03334,0,11557142,4.6235256,0,0,64530.7622251,66036.6482575,0,exact_coherence_below_minimum;coherence_margin_below_minimum;timing_spread_above_maximum;half_frame_difference_above_maximum;tone_deletion_shift_above_maximum,58691.65135,66043.8391141,66103.6743481,0
T04,confirm,refill_boundary,sha256:e52e1cb8b1ce2626d0daca2ff05d22134b7ed7c13e099a589a463a162be03334,0,11560475,4.6248588,0,0,64530.7622251,65952.438554,0,exact_coherence_below_minimum;coherence_margin_below_minimum;even_odd_disagreement_above_maximum;timing_spread_above_maximum;half_frame_difference_above_maximum,70140.6059858,65901.0682559,64925.3891457,0
T04,confirm,refill_boundary,sha256:e52e1cb8b1ce2626d0daca2ff05d22134b7ed7c13e099a589a463a162be03334,0,11563808,4.626192,0,0,64530.7622251,63802.6426971,0,exact_coherence_below_minimum;even_odd_disagreement_above_maximum;half_frame_difference_above_maximum;tone_deletion_shift_above_maximum,63802.6426971,62530.7622251,63928.9926743,0
T04,confirm,refill_boundary,sha256:e52e1cb8b1ce2626d0daca2ff05d22134b7ed7c13e099a589a463a162be03334,0,11567142,4.6275256,0,0,64530.7622251,63778.9150802,0,exact_coherence_below_minimum;coherence_margin_below_minimum;even_odd_disagreement_above_maximum;timing_spread_above_maximum;half_frame_difference_above_maximum;tone_deletion_shift_above_maximum,60921.5080562,64045.4843243,63231.8214743,0
T04,confirm,refill_boundary,sha256:e52e1cb8b1ce2626d0daca2ff05d22134b7ed7c13e099a589a463a162be03334,0,11570475,4.6288588,0,0,64530.7622251,63638.0127443,0,exact_coherence_below_minimum;even_odd_disagreement_above_maximum;tone_deletion_shift_above_maximum,63638.0127443,63612.3628755,64718.9749884,0
T04,confirm,refill_boundary,sha256:e52e1cb8b1ce2626d0daca2ff05d22134b7ed7c13e099a589a463a162be03334,0,11573808,4.630192,0,0,64530.7622251,62933.0563722,0,exact_coherence_below_minimum;even_odd_disagreement_above_maximum;timing_spread_above_maximum;half_frame_difference_above_maximum;tone_deletion_shift_above_maximum,70351.9531047,62829.0791572,63079.1608946,0
T04,confirm,refill_boundary,sha256:e52e1cb8b1ce2626d0daca2ff05d22134b7ed7c13e099a589a463a162be03334,0,11577142,4.6315256,0,0,64530.7622251,63470.4816735,0,exact_coherence_below_minimum;even_odd_disagreement_above_maximum;timing_spread_above_maximum;half_frame_difference_above_maximum;tone_deletion_shift_above_maximum,60813.2375964,63610.6909238,65682.1963839,0
T04,confirm,refill_boundary,sha256:e52e1cb8b1ce2626d0daca2ff05d22134b7ed7c13e099a589a463a162be03334,0,11580475,4.6328588,0,0,64530.7622251,62848.3782983,0,exact_coherence_below_minimum;coherence_margin_below_minimum;even_odd_disagreement_above_maximum;timing_spread_above_maximum;half_frame_difference_above_maximum;tone_deletion_shift_above_maximum,60337.1875403,63682.2296122,62931.6565989,0
T04,confirm,refill_boundary,sha256:e52e1cb8b1ce2626d0daca2ff05d22134b7ed7c13e099a589a463a162be03334,0,11583808,4.634192,0,0,64530.7622251,63320.9169227,0,exact_coherence_below_minimum;even_odd_disagreement_above_maximum;timing_spread_above_maximum;half_frame_difference_above_maximum,62122.7681949,65263.8439364,63391.1196604,0
T04,confirm,refill_boundary,sha256:e52e1cb8b1ce2626d0daca2ff05d22134b7ed7c13e099a589a463a162be03334,0,11587142,4.6355256,0,0,64530.7622251,63077.2466554,0,exact_coherence_below_minimum;coherence_margin_below_minimum;even_odd_disagreement_above_maximum;timing_spread_above_maximum;half_frame_difference_above_maximum;tone_deletion_shift_above_maximum,60651.0254936,66530.7622251,64956.4392965,0
T04,confirm,refill_boundary,sha256:e52e1cb8b1ce2626d0daca2ff05d22134b7ed7c13e099a589a463a162be03334,0,11590475,4.6368588,0,0,64530.7622251,63209.5470344,0,exact_coherence_below_minimum;coherence_margin_below_minimum;even_odd_disagreement_above_maximum;timing_spread_above_maximum;half_frame_difference_above_maximum;tone_deletion_shift_above_maximum,61822.2880352,66264.8709407,62599.3651942,0
T04,confirm,refill_boundary,sha256:e52e1cb8b1ce2626d0daca2ff05d22134b7ed7c13e099a589a463a162be03334,0,11593808,4.638192,0,0,64530.7622251,62920.6600004,0,exact_coherence_below_minimum;even_odd_disagreement_above_maximum;timing_spread_above_maximum;half_frame_difference_above_maximum;tone_deletion_shift_above_maximum,68568.8785342,62987.6405846,62530.7622251,0
T04,confirm,refill_boundary,sha256:e52e1cb8b1ce2626d0daca2ff05d22134b7ed7c13e099a589a463a162be03334,0,11597142,4.6395256,0,0,64530.7622251,62734.6002063,0,exact_coherence_below_minimum;even_odd_disagreement_above_maximum,62734.6002063,62692.7038201,63774.4519327,0
T04,confirm,refill_boundary,sha256:e52e1cb8b1ce2626d0daca2ff05d22134b7ed7c13e099a589a463a162be03334,0,11600475,4.6408588,0,0,64530.7622251,64713.0001457,0,exact_coherence_below_minimum;even_odd_disagreement_above_maximum;half_frame_difference_above_maximum;tone_deletion_shift_above_maximum,64713.0001457,66027.6207132,64574.5876433,0
T04,confirm,refill_boundary,sha256:e52e1cb8b1ce2626d0daca2ff05d22134b7ed7c13e099a589a463a162be03334,0,11603808,4.642192,0,0,64530.7622251,66206.8745281,0,exact_coherence_below_minimum;coherence_margin_below_minimum;even_odd_disagreement_above_maximum;timing_spread_above_maximum;half_frame_difference_above_maximum;tone_deletion_shift_above_maximum,66206.8745281,65967.5719052,64089.8831129,0
T04,confirm,refill_boundary,sha256:e52e1cb8b1ce2626d0daca2ff05d22134b7ed7c13e099a589a463a162be03334,0,11607142,4.6435256,0,0,64530.7622251,63856.896621,0,exact_coherence_below_minimum;coherence_margin_below_minimum;timing_spread_above_maximum;half_frame_difference_above_maximum;tone_deletion_shift_above_maximum,69625.1151116,64233.2071618,64250.2340186,0
T04,confirm,refill_boundary,sha256:e52e1cb8b1ce2626d0daca2ff05d22134b7ed7c13e099a589a463a162be03334,0,11610475,4.6448588,0,0,64530.7622251,65188.0153748,0,exact_coherence_below_minimum;even_odd_disagreement_above_maximum;timing_spread_above_maximum;half_frame_difference_above_maximum;tone_deletion_shift_above_maximum,65188.0153748,65143.2661637,62530.7622251,0
T04,confirm,refill_boundary,sha256:e52e1cb8b1ce2626d0daca2ff05d22134b7ed7c13e099a589a463a162be03334,0,11613808,4.646192,0,0,64530.7622251,63083.2017229,0,exact_coherence_below_minimum;coherence_margin_below_minimum;even_odd_disagreement_above_maximum;half_frame_difference_above_maximum;tone_deletion_shift_above_maximum,68744.9140561,62964.4068659,62848.4367064,0
T04,confirm,refill_boundary,sha256:e52e1cb8b1ce2626d0daca2ff05d22134b7ed7c13e099a589a463a162be03334,0,11617142,4.6475256,0,0,64530.7622251,64673.6354829,0,exact_coherence_below_minimum;coherence_margin_below_minimum;even_odd_disagreement_above_maximum;timing_spread_above_maximum;half_frame_difference_above_maximum;tone_deletion_shift_above_maximum,66895.9202345,62988.7311793,64601.8051893,0
T04,confirm,refill_boundary,sha256:e52e1cb8b1ce2626d0daca2ff05d22134b7ed7c13e099a589a463a162be03334,0,11620475,4.6488588,0,0,64530.7622251,64971.3219542,0,exact_coherence_below_minimum;even_odd_disagreement_above_maximum;half_frame_difference_above_maximum;tone_deletion_shift_above_maximum,64971.3219542,64981.2920672,64112.3615358,0
T04,confirm,refill_boundary,sha256:e52e1cb8b1ce2626d0daca2ff05d22134b7ed7c13e099a589a463a162be03334,0,11623808,4.650192,0,0,64530.7622251,63341.8618799,0,exact_coherence_below_minimum;even_odd_disagreement_above_maximum;timing_spread_above_maximum;half_frame_difference_above_maximum;tone_deletion_shift_above_maximum,63341.8618799,63681.0732704,63174.4734061,0
T06,explore,early_median_margin,sha256:2bff3b061a18ed774c5cce47460d8ad7d9ea453a8b8e33712a72b254bbcff848,0,86627341,34.6516052,1,0,-93023.6451764,-92885.521747,0,exact_coherence_below_minimum;coherence_margin_below_minimum;even_odd_disagreement_above_maximum;timing_spread_above_maximum;tone_deletion_shift_above_maximum,-87205.4387459,-93239.2462844,-92674.0376666,0
T06,explore,early_median_margin,sha256:2bff3b061a18ed774c5cce47460d8ad7d9ea453a8b8e33712a72b254bbcff848,0,86630674,34.6529384,1,0,-93023.6451764,-93165.3745112,0,exact_coherence_below_minimum;timing_spread_above_maximum,-93165.3745112,-93243.2509026,-93171.9032177,0
T06,explore,early_median_margin,sha256:2bff3b061a18ed774c5cce47460d8ad7d9ea453a8b8e33712a72b254bbcff848,0,86634008,34.654272,1,0,-93023.6451764,-93009.6780926,1,,-93009.6780926,-92999.1505112,-93027.9176494,1
T06,explore,early_median_margin,sha256:2bff3b061a18ed774c5cce47460d8ad7d9ea453a8b8e33712a72b254bbcff848,0,86637341,34.6556052,1,0,-93023.6451764,-92982.197852,1,,-92982.197852,-92983.4485518,-92974.8100397,1
T06,explore,early_median_margin,sha256:2bff3b061a18ed774c5cce47460d8ad7d9ea453a8b8e33712a72b254bbcff848,0,86640674,34.6569384,1,0,-93023.6451764,-93027.7358768,1,,-93027.7358768,-93019.3974695,-93031.61916,1
T06,explore,early_median_margin,sha256:2bff3b061a18ed774c5cce47460d8ad7d9ea453a8b8e33712a72b254bbcff848,0,86644008,34.658272,1,0,-93023.6451764,-93014.2351708,1,,-93014.2351708,-93043.1754946,-92994.2346833,1
T06,explore,early_median_margin,sha256:2bff3b061a18ed774c5cce47460d8ad7d9ea453a8b8e33712a72b254bbcff848,0,86647341,34.6596052,1,0,-93023.6451764,-92739.8119364,0,exact_coherence_below_minimum;even_odd_disagreement_above_maximum;timing_spread_above_maximum;half_frame_difference_above_maximum;tone_deletion_shift_above_maximum,-95565.4037524,-92872.9833962,-93829.5001572,0
T06,explore,early_median_margin,sha256:2bff3b061a18ed774c5cce47460d8ad7d9ea453a8b8e33712a72b254bbcff848,0,86650674,34.6609384,1,0,-93023.6451764,-92861.1317893,0,exact_coherence_below_minimum;even_odd_disagreement_above_maximum;timing_spread_above_maximum;half_frame_difference_above_maximum;tone_deletion_shift_above_maximum,-92861.1317893,-91735.8458204,-94506.2564853,0
T06,explore,early_median_margin,sha256:2bff3b061a18ed774c5cce47460d8ad7d9ea453a8b8e33712a72b254bbcff848,0,86654008,34.662272,1,0,-93023.6451764,-93046.9174885,1,,-93046.9174885,-93066.3127231,-93031.5008323,1
T06,explore,early_median_margin,sha256:2bff3b061a18ed774c5cce47460d8ad7d9ea453a8b8e33712a72b254bbcff848,0,86657341,34.6636052,1,0,-93023.6451764,-93012.0087062,1,,-93012.0087062,-93013.4045711,-93016.3420016,1
T06,explore,early_median_margin,sha256:2bff3b061a18ed774c5cce47460d8ad7d9ea453a8b8e33712a72b254bbcff848,0,86660674,34.6649384,1,0,-93023.6451764,-93024.7009516,1,,-93024.7009516,-93015.0014692,-93012.9307877,1
T06,explore,early_median_margin,sha256:2bff3b061a18ed774c5cce47460d8ad7d9ea453a8b8e33712a72b254bbcff848,0,86664008,34.666272,1,0,-93023.6451764,-93050.3020737,1,,-93050.3020737,-93038.9695276,-93057.7336357,1
T06,explore,early_median_margin,sha256:2bff3b061a18ed774c5cce47460d8ad7d9ea453a8b8e33712a72b254bbcff848,0,86667341,34.6676052,1,0,-93023.6451764,-93082.5847707,0,exact_coherence_below_minimum;coherence_margin_below_minimum;even_odd_disagreement_above_maximum;timing_spread_above_maximum;half_frame_difference_above_maximum;tone_deletion_shift_above_maximum,-87484.6977155,-93242.9274265,-94172.282175,0
T06,explore,early_median_margin,sha256:2bff3b061a18ed774c5cce47460d8ad7d9ea453a8b8e33712a72b254bbcff848,0,86670674,34.6689384,1,0,-93023.6451764,-91933.5703408,0,exact_coherence_below_minimum;coherence_margin_below_minimum;even_odd_disagreement_above_maximum;timing_spread_above_maximum;tone_deletion_shift_above_maximum,-91933.5703408,-91845.8121938,-92618.4377902,0
T06,explore,early_median_margin,sha256:2bff3b061a18ed774c5cce47460d8ad7d9ea453a8b8e33712a72b254bbcff848,0,86674008,34.670272,1,0,-93023.6451764,-93063.8361779,1,,-93063.8361779,-93046.2589546,-93082.7823783,1
T06,explore,early_median_margin,sha256:2bff3b061a18ed774c5cce47460d8ad7d9ea453a8b8e33712a72b254bbcff848,0,86677341,34.6716052,1,0,-93023.6451764,-93052.7118736,1,,-93052.7118736,-93067.317941,-93037.2804021,1
T06,explore,early_median_margin,sha256:2bff3b061a18ed774c5cce47460d8ad7d9ea453a8b8e33712a72b254bbcff848,0,86680674,34.6729384,1,0,-93023.6451764,-93095.1766989,1,,-93095.1766989,-93107.7469499,-93091.4606537,1
T06,explore,early_median_margin,sha256:2bff3b061a18ed774c5cce47460d8ad7d9ea453a8b8e33712a72b254bbcff848,0,86684008,34.674272,1,0,-93023.6451764,-93058.8268516,1,,-93058.8268516,-93066.4789423,-93062.5992239,1
T06,explore,early_median_margin,sha256:2bff3b061a18ed774c5cce47460d8ad7d9ea453a8b8e33712a72b254bbcff848,0,86687341,34.6756052,1,0,-93023.6451764,-93489.3112994,0,exact_coherence_below_minimum;even_odd_disagreement_above_maximum;timing_spread_above_maximum;half_frame_difference_above_maximum;tone_deletion_shift_above_maximum,-90153.1646846,-91120.3103838,-93663.1817935,0
T06,explore,early_median_margin,sha256:2bff3b061a18ed774c5cce47460d8ad7d9ea453a8b8e33712a72b254bbcff848,0,86690674,34.6769384,1,0,-93023.6451764,-93012.3769895,0,exact_coherence_below_minimum;coherence_margin_below_minimum;even_odd_disagreement_above_maximum;timing_spread_above_maximum;half_frame_difference_above_maximum;tone_deletion_shift_above_maximum,-96110.7433484,-94117.4353805,-94002.0567831,0
T06,explore,early_median_margin,sha256:2bff3b061a18ed774c5cce47460d8ad7d9ea453a8b8e33712a72b254bbcff848,0,86694008,34.678272,1,0,-93023.6451764,-93063.3817297,1,,-93063.3817297,-93057.3396523,-93068.7893155,1
T06,explore,early_median_margin,sha256:2bff3b061a18ed774c5cce47460d8ad7d9ea453a8b8e33712a72b254bbcff848,0,86697341,34.6796052,1,0,-93023.6451764,-93075.8553323,1,,-93075.8553323,-93092.8457499,-93070.2478776,1
T06,explore,early_median_margin,sha256:2bff3b061a18ed774c5cce47460d8ad7d9ea453a8b8e33712a72b254bbcff848,0,86700674,34.6809384,1,0,-93023.6451764,-93088.965491,1,,-93088.965491,-93106.8348922,-93078.4863174,1
T06,explore,early_median_margin,sha256:2bff3b061a18ed774c5cce47460d8ad7d9ea453a8b8e33712a72b254bbcff848,0,86704008,34.682272,1,0,-93023.6451764,-93089.535972,1,,-93089.535972,-93091.3147525,-93088.5767833,1
T06,explore,early_median_margin,sha256:2bff3b061a18ed774c5cce47460d8ad7d9ea453a8b8e33712a72b254bbcff848,0,86707341,34.6836052,1,0,-93023.6451764,-94026.1912695,0,exact_coherence_below_minimum;coherence_margin_below_minimum;even_odd_disagreement_above_maximum;timing_spread_above_maximum;half_frame_difference_above_maximum;tone_deletion_shift_above_maximum,-95308.9320765,-92897.1588504,-92474.3144628,0
T06,explore,early_median_margin,sha256:2bff3b061a18ed774c5cce47460d8ad7d9ea453a8b8e33712a72b254bbcff848,0,86710674,34.6849384,1,0,-93023.6451764,-92546.4241431,0,exact_coherence_below_minimum;even_odd_disagreement_above_maximum;tone_deletion_shift_above_maximum,-92546.4241431,-92327.2054714,-92710.4496444,0
T06,explore,early_median_margin,sha256:2bff3b061a18ed774c5cce47460d8ad7d9ea453a8b8e33712a72b254bbcff848,0,86714008,34.686272,1,0,-93023.6451764,-92899.785482,0,exact_coherence_below_minimum;even_odd_disagreement_above_maximum;tone_deletion_shift_above_maximum,-92899.785482,-94810.5692863,-92891.2251704,0
T06,explore,early_median_margin,sha256:2bff3b061a18ed774c5cce47460d8ad7d9ea453a8b8e33712a72b254bbcff848,0,86717341,34.6876052,1,0,-93023.6451764,-93195.5899523,0,exact_coherence_below_minimum;even_odd_disagreement_above_maximum;timing_spread_above_maximum;tone_deletion_shift_above_maximum,-98245.5809595,-91990.6180918,-93336.052108,0
T06,explore,early_median_margin,sha256:2bff3b061a18ed774c5cce47460d8ad7d9ea453a8b8e33712a72b254bbcff848,0,86720674,34.6889384,1,0,-93023.6451764,-93123.0792423,1,,-93123.0792423,-93122.1789677,-93118.9183672,1
T06,explore,early_median_margin,sha256:2bff3b061a18ed774c5cce47460d8ad7d9ea453a8b8e33712a72b254bbcff848,0,86724008,34.690272,1,0,-93023.6451764,-94481.1166132,0,exact_coherence_below_minimum;even_odd_disagreement_above_maximum;timing_spread_above_maximum;half_frame_difference_above_maximum;tone_deletion_shift_above_maximum,-94481.1166132,-94513.9858728,-92371.4610285,0
T06,explore,early_median_margin,sha256:2bff3b061a18ed774c5cce47460d8ad7d9ea453a8b8e33712a72b254bbcff848,0,86727341,34.6916052,1,0,-93023.6451764,-93192.5813144,0,exact_coherence_below_minimum;even_odd_disagreement_above_maximum;timing_spread_above_maximum;tone_deletion_shift_above_maximum,-93192.5813144,-93158.0489296,-91798.8359951,1
T06,explore,early_median_margin,sha256:2bff3b061a18ed774c5cce47460d8ad7d9ea453a8b8e33712a72b254bbcff848,0,86730674,34.6929384,1,0,-93023.6451764,-93133.5455337,1,,-93133.5455337,-93136.0623612,-93129.7486374,1
T06,explore,early_median_margin,sha256:2bff3b061a18ed774c5cce47460d8ad7d9ea453a8b8e33712a72b254bbcff848,0,86734008,34.694272,1,0,-93023.6451764,-93148.6589012,1,,-93148.6589012,-93130.6635632,-93166.8581258,1
T06,explore,early_median_margin,sha256:2bff3b061a18ed774c5cce47460d8ad7d9ea453a8b8e33712a72b254bbcff848,0,86737341,34.6956052,1,0,-93023.6451764,-93129.7795945,1,,-93129.7795945,-93138.7346351,-93129.1075085,1
T06,explore,early_median_margin,sha256:2bff3b061a18ed774c5cce47460d8ad7d9ea453a8b8e33712a72b254bbcff848,0,86740674,34.6969384,1,0,-93023.6451764,-93136.3437048,1,,-93136.3437048,-93147.5338291,-93125.9636052,1
T06,explore,early_median_margin,sha256:2bff3b061a18ed774c5cce47460d8ad7d9ea453a8b8e33712a72b254bbcff848,0,86744008,34.698272,1,0,-93023.6451764,-93050.3907268,0,exact_coherence_below_minimum;even_odd_disagreement_above_maximum;timing_spread_above_maximum;half_frame_difference_above_maximum;tone_deletion_shift_above_maximum,-93050.3907268,-93168.6651212,-92010.185096,0
T06,explore,early_median_margin,sha256:2bff3b061a18ed774c5cce47460d8ad7d9ea453a8b8e33712a72b254bbcff848,0,86747341,34.6996052,1,0,-93023.6451764,-93814.7159353,0,exact_coherence_below_minimum;coherence_margin_below_minimum;even_odd_disagreement_above_maximum;timing_spread_above_maximum;half_frame_difference_above_maximum;tone_deletion_shift_above_maximum,-93814.7159353,-91074.8561962,-93898.5566515,0
T06,explore,early_median_margin,sha256:2bff3b061a18ed774c5cce47460d8ad7d9ea453a8b8e33712a72b254bbcff848,0,86750674,34.7009384,1,0,-93023.6451764,-93147.5587812,1,,-93147.5587812,-93110.2314725,-93170.5812299,1
T06,explore,early_median_margin,sha256:2bff3b061a18ed774c5cce47460d8ad7d9ea453a8b8e33712a72b254bbcff848,0,86754008,34.702272,1,0,-93023.6451764,-93149.7812324,1,,-93149.7812324,-93122.7350573,-93176.9188654,1
T06,explore,early_median_margin,sha256:2bff3b061a18ed774c5cce47460d8ad7d9ea453a8b8e33712a72b254bbcff848,0,86757341,34.7036052,1,0,-93023.6451764,-93166.2030155,1,,-93166.2030155,-93160.226337,-93172.6137635,1
T06,explore,early_median_margin,sha256:2bff3b061a18ed774c5cce47460d8ad7d9ea453a8b8e33712a72b254bbcff848,0,86760674,34.7049384,1,0,-93023.6451764,-93188.4635967,1,,-93188.4635967,-93177.0582578,-93203.4699626,1
T06,explore,early_median_margin,sha256:2bff3b061a18ed774c5cce47460d8ad7d9ea453a8b8e33712a72b254bbcff848,0,86764008,34.706272,1,0,-93023.6451764,-91610.054484,0,exact_coherence_below_minimum;even_odd_disagreement_above_maximum;half_frame_difference_above_maximum;tone_deletion_shift_above_maximum,-89203.6673365,-91582.9940174,-93285.8332575,0
T06,explore,early_median_margin,sha256:2bff3b061a18ed774c5cce47460d8ad7d9ea453a8b8e33712a72b254bbcff848,0,86767341,34.7076052,0,1,-93023.6451764,,0,refill_boundary_crossing,,,,0
T06,explore,early_median_margin,sha256:2bff3b061a18ed774c5cce47460d8ad7d9ea453a8b8e33712a72b254bbcff848,0,86770674,34.7089384,1,0,-93023.6451764,-93194.1451882,1,,-93194.1451882,-93210.5623325,-93180.3933618,1
T06,explore,early_median_margin,sha256:2bff3b061a18ed774c5cce47460d8ad7d9ea453a8b8e33712a72b254bbcff848,0,86774008,34.710272,1,0,-93023.6451764,-93207.4902665,1,,-93207.4902665,-93213.0344818,-93206.6549238,1
T06,explore,early_median_margin,sha256:2bff3b061a18ed774c5cce47460d8ad7d9ea453a8b8e33712a72b254bbcff848,0,86777341,34.7116052,1,0,-93023.6451764,-93203.3694359,1,,-93203.3694359,-93210.6434561,-93205.4699346,1
T06,explore,early_median_margin,sha256:2bff3b061a18ed774c5cce47460d8ad7d9ea453a8b8e33712a72b254bbcff848,0,86780674,34.7129384,1,0,-93023.6451764,-93200.645878,1,,-93200.645878,-93205.157998,-93199.8257814,1
T06,explore,early_median_margin,sha256:2bff3b061a18ed774c5cce47460d8ad7d9ea453a8b8e33712a72b254bbcff848,0,86784008,34.714272,1,0,-93023.6451764,-91275.4691478,0,exact_coherence_below_minimum;coherence_margin_below_minimum;even_odd_disagreement_above_maximum;timing_spread_above_maximum;half_frame_difference_above_maximum;tone_deletion_shift_above_maximum,-89007.6337723,-91023.6451764,-91615.5587454,0
T06,explore,early_median_margin,sha256:2bff3b061a18ed774c5cce47460d8ad7d9ea453a8b8e33712a72b254bbcff848,0,86787341,34.7156052,1,0,-93023.6451764,-93526.4919166,0,exact_coherence_below_minimum;timing_spread_above_maximum;half_frame_difference_above_maximum;tone_deletion_shift_above_maximum,-93526.4919166,-93683.7491942,-93631.0444665,0
T06,explore,early_median_margin,sha256:2bff3b061a18ed774c5cce47460d8ad7d9ea453a8b8e33712a72b254bbcff848,0,86790674,34.7169384,1,0,-93023.6451764,-93181.0393055,1,,-93181.0393055,-93189.4058416,-93175.9425154,1
T06,explore,early_median_margin,sha256:2bff3b061a18ed774c5cce47460d8ad7d9ea453a8b8e33712a72b254bbcff848,0,86794008,34.718272,1,0,-93023.6451764,-93207.0725133,1,,-93207.0725133,-93188.5025128,-93224.6191816,1
T06,explore,early_median_margin,sha256:2bff3b061a18ed774c5cce47460d8ad7d9ea453a8b8e33712a72b254bbcff848,0,86797341,34.7196052,1,0,-93023.6451764,-93204.2231718,1,,-93204.2231718,-93197.5570498,-93218.1493527,1
T06,explore,early_median_margin,sha256:2bff3b061a18ed774c5cce47460d8ad7d9ea453a8b8e33712a72b254bbcff848,0,86800674,34.7209384,1,0,-93023.6451764,-93249.9830004,1,,-93249.9830004,-93218.3866974,-93279.9569853,1
T06,explore,early_median_margin,sha256:2bff3b061a18ed774c5cce47460d8ad7d9ea453a8b8e33712a72b254bbcff848,0,86804008,34.722272,1,0,-93023.6451764,-92018.0741634,0,exact_coherence_below_minimum;even_odd_disagreement_above_maximum;timing_spread_above_maximum;tone_deletion_shift_above_maximum,-87865.6206414,-92510.1684889,-92222.834624,0
T06,explore,early_median_margin,sha256:2bff3b061a18ed774c5cce47460d8ad7d9ea453a8b8e33712a72b254bbcff848,0,86807341,34.7236052,1,0,-93023.6451764,-91066.4414435,0,exact_coherence_below_minimum;even_odd_disagreement_above_maximum;timing_spread_above_maximum;half_frame_difference_above_maximum;tone_deletion_shift_above_maximum,-91066.4414435,-92330.9785439,-91023.6451764,0
T06,explore,early_median_margin,sha256:2bff3b061a18ed774c5cce47460d8ad7d9ea453a8b8e33712a72b254bbcff848,0,86810674,34.7249384,1,0,-93023.6451764,-93259.46173,1,,-93259.46173,-93268.424464,-93261.947886,1
T06,explore,high_margin,sha256:2bff3b061a18ed774c5cce47460d8ad7d9ea453a8b8e33712a72b254bbcff848,0,85750669,34.3009364,1,0,-91846.3253551,-91813.2654135,1,,-91813.2654135,-91812.2717241,-91823.713654,1
T06,explore,high_margin,sha256:2bff3b061a18ed774c5cce47460d8ad7d9ea453a8b8e33712a72b254bbcff848,0,85754002,34.3022696,1,0,-91846.3253551,-91827.549649,1,,-91827.549649,-91825.4524576,-91824.6638332,1
T06,explore,high_margin,sha256:2bff3b061a18ed774c5cce47460d8ad7d9ea453a8b8e33712a72b254bbcff848,0,85757336,34.3036032,1,0,-91846.3253551,-91788.054208,1,,-91788.054208,-91793.862325,-91783.6037647,1
T06,explore,high_margin,sha256:2bff3b061a18ed774c5cce47460d8ad7d9ea453a8b8e33712a72b254bbcff848,0,85760669,34.3049364,1,0,-91846.3253551,-91731.9470633,0,exact_coherence_below_minimum;even_odd_disagreement_above_maximum;timing_spread_above_maximum;tone_deletion_shift_above_maximum,-91731.9470633,-92884.4276495,-91495.5123498,0
T06,explore,high_margin,sha256:2bff3b061a18ed774c5cce47460d8ad7d9ea453a8b8e33712a72b254bbcff848,0,85764002,34.3062696,1,0,-91846.3253551,-91649.6277823,0,exact_coherence_below_minimum;even_odd_disagreement_above_maximum;timing_spread_above_maximum;tone_deletion_shift_above_maximum,-91649.6277823,-91577.8534875,-92652.06908,1
T06,explore,high_margin,sha256:2bff3b061a18ed774c5cce47460d8ad7d9ea453a8b8e33712a72b254bbcff848,0,85767336,34.3076032,1,0,-91846.3253551,-91831.14814,1,,-91831.14814,-91849.9440076,-91816.135353,1
T06,explore,high_margin,sha256:2bff3b061a18ed774c5cce47460d8ad7d9ea453a8b8e33712a72b254bbcff848,0,85770669,34.3089364,1,0,-91846.3253551,-91806.1719981,1,,-91806.1719981,-91798.5586454,-91815.8130175,1
T06,explore,high_margin,sha256:2bff3b061a18ed774c5cce47460d8ad7d9ea453a8b8e33712a72b254bbcff848,0,85774002,34.3102696,1,0,-91846.3253551,-91827.3654406,1,,-91827.3654406,-91824.4595302,-91826.6589251,1
T06,explore,high_margin,sha256:2bff3b061a18ed774c5cce47460d8ad7d9ea453a8b8e33712a72b254bbcff848,0,85777336,34.3116032,1,0,-91846.3253551,-91841.0151811,1,,-91841.0151811,-91848.8696799,-91833.9429246,1
T06,explore,high_margin,sha256:2bff3b061a18ed774c5cce47460d8ad7d9ea453a8b8e33712a72b254bbcff848,0,85780669,34.3129364,1,0,-91846.3253551,-91895.3691935,0,exact_coherence_below_minimum;even_odd_disagreement_above_maximum;half_frame_difference_above_maximum;tone_deletion_shift_above_maximum,-91895.3691935,-91699.5962932,-90866.4300767,0
T06,explore,high_margin,sha256:2bff3b061a18ed774c5cce47460d8ad7d9ea453a8b8e33712a72b254bbcff848,0,85784002,34.3142696,1,0,-91846.3253551,-91602.5737602,0,exact_coherence_below_minimum;even_odd_disagreement_above_maximum;tone_deletion_shift_above_maximum,-91602.5737602,-91349.1453684,-91724.7293441,0
T06,explore,high_margin,sha256:2bff3b061a18ed774c5cce47460d8ad7d9ea453a8b8e33712a72b254bbcff848,0,85787336,34.3156032,1,0,-91846.3253551,-91845.7993882,1,,-91845.7993882,-91832.800191,-91860.5647278,1
T06,explore,high_margin,sha256:2bff3b061a18ed774c5cce47460d8ad7d9ea453a8b8e33712a72b254bbcff848,0,85790669,34.3169364,1,0,-91846.3253551,-91857.6203736,1,,-91857.6203736,-91873.6152274,-91832.2650099,1
T06,explore,high_margin,sha256:2bff3b061a18ed774c5cce47460d8ad7d9ea453a8b8e33712a72b254bbcff848,0,85794002,34.3182696,1,0,-91846.3253551,-91862.8995964,1,,-91862.8995964,-91850.7977048,-91873.9587466,1
T06,explore,high_margin,sha256:2bff3b061a18ed774c5cce47460d8ad7d9ea453a8b8e33712a72b254bbcff848,0,85797336,34.3196032,1,0,-91846.3253551,-91880.620018,1,,-91880.620018,-91887.9026943,-91875.3204862,1
T06,explore,high_margin,sha256:2bff3b061a18ed774c5cce47460d8ad7d9ea453a8b8e33712a72b254bbcff848,0,85800669,34.3209364,1,0,-91846.3253551,-90913.2354615,0,exact_coherence_below_minimum;even_odd_disagreement_above_maximum;timing_spread_above_maximum;tone_deletion_shift_above_maximum,-90913.2354615,-90715.866481,-91951.7158038,0
T06,explore,high_margin,sha256:2bff3b061a18ed774c5cce47460d8ad7d9ea453a8b8e33712a72b254bbcff848,0,85804002,34.3222696,1,0,-91846.3253551,-91767.1901371,0,exact_coherence_below_minimum,-91767.1901371,-91676.4724141,-91704.5777256,0
T06,explore,high_margin,sha256:2bff3b061a18ed774c5cce47460d8ad7d9ea453a8b8e33712a72b254bbcff848,0,85807336,34.3236032,1,0,-91846.3253551,-91864.7217162,1,,-91864.7217162,-91854.216312,-91881.1540456,1
T06,explore,high_margin,sha256:2bff3b061a18ed774c5cce47460d8ad7d9ea453a8b8e33712a72b254bbcff848,0,85810669,34.3249364,1,0,-91846.3253551,-91883.3527525,1,,-91883.3527525,-91872.97189,-91896.8616797,1
T06,explore,high_margin,sha256:2bff3b061a18ed774c5cce47460d8ad7d9ea453a8b8e33712a72b254bbcff848,0,85814002,34.3262696,1,0,-91846.3253551,-91900.3362406,1,,-91900.3362406,-91881.4970265,-91919.4123363,1
T06,explore,high_margin,sha256:2bff3b061a18ed774c5cce47460d8ad7d9ea453a8b8e33712a72b254bbcff848,0,85817336,34.3276032,1,0,-91846.3253551,-91889.4028981,1,,-91889.4028981,-91879.2385074,-91893.9651301,1
T06,explore,high_margin,sha256:2bff3b061a18ed774c5cce47460d8ad7d9ea453a8b8e33712a72b254bbcff848,0,85820669,34.3289364,1,0,-91846.3253551,-93467.1375149,0,exact_coherence_below_minimum;timing_spread_above_maximum;half_frame_difference_above_maximum;tone_deletion_shift_above_maximum,-93467.1375149,-92489.2322484,-92561.5030731,0
T06,explore,high_margin,sha256:2bff3b061a18ed774c5cce47460d8ad7d9ea453a8b8e33712a72b254bbcff848,0,85824002,34.3302696,1,0,-91846.3253551,-91957.7849494,0,exact_coherence_below_minimum;coherence_margin_below_minimum;even_odd_disagreement_above_maximum;timing_spread_above_maximum;half_frame_difference_above_maximum,-91957.7849494,-92243.0107211,-91789.3367395,0
T06,explore,high_margin,sha256:2bff3b061a18ed774c5cce47460d8ad7d9ea453a8b8e33712a72b254bbcff848,0,85827336,34.3316032,1,0,-91846.3253551,-91893.3353587,1,,-91893.3353587,-91904.4325094,-91880.4937629,1
T06,explore,high_margin,sha256:2bff3b061a18ed774c5cce47460d8ad7d9ea453a8b8e33712a72b254bbcff848,0,85830669,34.3329364,1,0,-91846.3253551,-91892.6752454,1,,-91892.6752454,-91888.155618,-91897.8104008,1
T06,explore,high_margin,sha256:2bff3b061a18ed774c5cce47460d8ad7d9ea453a8b8e33712a72b254bbcff848,0,85834002,34.3342696,1,0,-91846.3253551,-91923.647152,1,,-91923.647152,-91889.7446792,-91957.3640857,1
T06,explore,high_margin,sha256:2bff3b061a18ed774c5cce47460d8ad7d9ea453a8b8e33712a72b254bbcff848,0,85837336,34.3356032,1,0,-91846.3253551,-91917.0177211,1,,-91917.0177211,-91921.4568793,-91914.306476,1
T06,explore,high_margin,sha256:2bff3b061a18ed774c5cce47460d8ad7d9ea453a8b8e33712a72b254bbcff848,0,85840669,34.3369364,1,0,-91846.3253551,-93815.9119919,0,exact_coherence_below_minimum;coherence_margin_below_minimum;even_odd_disagreement_above_maximum;timing_spread_above_maximum;tone_deletion_shift_above_maximum,-88045.8349199,-90017.7697321,-91555.4518408,0
T06,explore,high_margin,sha256:2bff3b061a18ed774c5cce47460d8ad7d9ea453a8b8e33712a72b254bbcff848,0,85844002,34.3382696,1,0,-91846.3253551,-91925.1976439,0,exact_coherence_below_minimum;even_odd_disagreement_above_maximum;timing_spread_above_maximum;half_frame_difference_above_maximum,-91925.1976439,-92088.0487372,-93432.6731412,0
T06,explore,high_margin,sha256:2bff3b061a18ed774c5cce47460d8ad7d9ea453a8b8e33712a72b254bbcff848,0,85847336,34.3396032,1,0,-91846.3253551,-91944.4868696,1,,-91944.4868696,-91915.9091764,-91972.5777883,1
T06,explore,high_margin,sha256:2bff3b061a18ed774c5cce47460d8ad7d9ea453a8b8e33712a72b254bbcff848,0,85850669,34.3409364,1,0,-91846.3253551,-91940.3188068,1,,-91940.3188068,-91931.7807843,-91947.522413,1
T06,explore,high_margin,sha256:2bff3b061a18ed774c5cce47460d8ad7d9ea453a8b8e33712a72b254bbcff848,0,85854002,34.3422696,1,0,-91846.3253551,-91957.8116518,1,,-91957.8116518,-91963.4217393,-91950.9164471,1
T06,explore,high_margin,sha256:2bff3b061a18ed774c5cce47460d8ad7d9ea453a8b8e33712a72b254bbcff848,0,85857336,34.3436032,1,0,-91846.3253551,-91942.6943008,1,,-91942.6943008,-91949.8349272,-91939.2198353,1
T06,explore,high_margin,sha256:2bff3b061a18ed774c5cce47460d8ad7d9ea453a8b8e33712a72b254bbcff848,0,85860669,34.3449364,1,0,-91846.3253551,-93141.127561,0,exact_coherence_below_minimum;coherence_margin_below_minimum;even_odd_disagreement_above_maximum;timing_spread_above_maximum;half_frame_difference_above_maximum;tone_deletion_shift_above_maximum,-88389.1848238,-91208.1750976,-90175.449202,0
T06,explore,high_margin,sha256:2bff3b061a18ed774c5cce47460d8ad7d9ea453a8b8e33712a72b254bbcff848,0,85864002,34.3462696,1,0,-91846.3253551,-91988.5460374,0,exact_coherence_below_minimum;coherence_margin_below_minimum;even_odd_disagreement_above_maximum;timing_spread_above_maximum;half_frame_difference_above_maximum,-95163.920789,-91871.1071333,-91460.9512753,0
T06,explore,high_margin,sha256:2bff3b061a18ed774c5cce47460d8ad7d9ea453a8b8e33712a72b254bbcff848,0,85867336,34.3476032,1,0,-91846.3253551,-91957.719974,1,,-91957.719974,-91951.6070111,-91964.4826241,1
T06,explore,high_margin,sha256:2bff3b061a18ed774c5cce47460d8ad7d9ea453a8b8e33712a72b254bbcff848,0,85870669,34.3489364,1,0,-91846.3253551,-91968.8686008,1,,-91968.8686008,-91973.4326756,-91961.1335265,1
T06,explore,high_margin,sha256:2bff3b061a18ed774c5cce47460d8ad7d9ea453a8b8e33712a72b254bbcff848,0,85874002,34.3502696,1,0,-91846.3253551,-91983.671403,1,,-91983.671403,-91991.9332255,-91983.6744025,1
T06,explore,high_margin,sha256:2bff3b061a18ed774c5cce47460d8ad7d9ea453a8b8e33712a72b254bbcff848,0,85877336,34.3516032,1,0,-91846.3253551,-91972.7337113,1,,-91972.7337113,-91975.398651,-91970.8948505,1
T06,explore,high_margin,sha256:2bff3b061a18ed774c5cce47460d8ad7d9ea453a8b8e33712a72b254bbcff848,0,85880669,34.3529364,1,0,-91846.3253551,-92049.4746067,0,exact_coherence_below_minimum;coherence_margin_below_minimum;even_odd_disagreement_above_maximum;timing_spread_above_maximum;tone_deletion_shift_above_maximum,-86396.9913535,-91996.1830461,-93340.2028349,0
T06,explore,high_margin,sha256:2bff3b061a18ed774c5cce47460d8ad7d9ea453a8b8e33712a72b254bbcff848,0,85884002,34.3542696,1,0,-91846.3253551,-90260.3141058,0,exact_coherence_below_minimum;coherence_margin_below_minimum;even_odd_disagreement_above_maximum;timing_spread_above_maximum;half_frame_difference_above_maximum;tone_deletion_shift_above_maximum,-89076.7914172,-91235.7178419,-93041.8769879,0
T06,explore,high_margin,sha256:2bff3b061a18ed774c5cce47460d8ad7d9ea453a8b8e33712a72b254bbcff848,0,85887336,34.3556032,1,0,-91846.3253551,-91991.0508673,1,,-91991.0508673,-91985.7606431,-91991.6401459,1
T06,explore,high_margin,sha256:2bff3b061a18ed774c5cce47460d8ad7d9ea453a8b8e33712a72b254bbcff848,0,85890669,34.3569364,1,0,-91846.3253551,-91998.324047,1,,-91998.324047,-92006.9421056,-91991.101055,1
T06,explore,high_margin,sha256:2bff3b061a18ed774c5cce47460d8ad7d9ea453a8b8e33712a72b254bbcff848,0,85894002,34.3582696,1,0,-91846.3253551,-91986.669118,1,,-91986.669118,-92010.1541434,-91971.1683041,1
T06,explore,high_margin,sha256:2bff3b061a18ed774c5cce47460d8ad7d9ea453a8b8e33712a72b254bbcff848,0,85897336,34.3596032,1,0,-91846.3253551,-92004.7850078,1,,-92004.7850078,-92005.9652366,-92004.1370319,1
T06,explore,high_margin,sha256:2bff3b061a18ed774c5cce47460d8ad7d9ea453a8b8e33712a72b254bbcff848,0,85900669,34.3609364,1,0,-91846.3253551,-91736.1752805,0,exact_coherence_below_minimum;coherence_margin_below_minimum;even_odd_disagreement_above_maximum;timing_spread_above_maximum;half_frame_difference_above_maximum;tone_deletion_shift_above_maximum,-91736.1752805,-91903.9445992,-91431.7260966,0
T06,explore,high_margin,sha256:2bff3b061a18ed774c5cce47460d8ad7d9ea453a8b8e33712a72b254bbcff848,0,85904002,34.3622696,1,0,-91846.3253551,-90413.4902657,0,exact_coherence_below_minimum;coherence_margin_below_minimum;even_odd_disagreement_above_maximum;timing_spread_above_maximum;half_frame_difference_above_maximum;tone_deletion_shift_above_maximum,-89410.8424089,-91641.0481346,-90525.3343905,0
T06,explore,high_margin,sha256:2bff3b061a18ed774c5cce47460d8ad7d9ea453a8b8e33712a72b254bbcff848,0,85907336,34.3636032,1,0,-91846.3253551,-91991.6084179,1,,-91991.6084179,-91980.3562514,-92006.368598,1
T06,explore,high_margin,sha256:2bff3b061a18ed774c5cce47460d8ad7d9ea453a8b8e33712a72b254bbcff848,0,85910669,34.3649364,1,0,-91846.3253551,-92032.4790821,1,,-92032.4790821,-92027.4006378,-92031.794901,1
T06,explore,high_margin,sha256:2bff3b061a18ed774c5cce47460d8ad7d9ea453a8b8e33712a72b254bbcff848,0,85914002,34.3662696,1,0,-91846.3253551,-92017.6332665,1,,-92017.6332665,-92011.2829709,-92021.2481171,1
T06,explore,high_margin,sha256:2bff3b061a18ed774c5cce47460d8ad7d9ea453a8b8e33712a72b254bbcff848,0,85917336,34.3676032,1,0,-91846.3253551,-92029.9322287,1,,-92029.9322287,-92028.3375515,-92031.9452405,1
T06,explore,high_margin,sha256:2bff3b061a18ed774c5cce47460d8ad7d9ea453a8b8e33712a72b254bbcff848,0,85920669,34.3689364,1,0,-91846.3253551,-93157.09394,0,exact_coherence_below_minimum;even_odd_disagreement_above_maximum;timing_spread_above_maximum;half_frame_difference_above_maximum;tone_deletion_shift_above_maximum,-87411.8805513,-91005.1121407,-89846.3253551,0
T06,explore,high_margin,sha256:2bff3b061a18ed774c5cce47460d8ad7d9ea453a8b8e33712a72b254bbcff848,0,85924002,34.3702696,1,0,-91846.3253551,-92332.1415443,0,exact_coherence_below_minimum;timing_spread_above_maximum;half_frame_difference_above_maximum;tone_deletion_shift_above_maximum,-92332.1415443,-93458.1230534,-93462.5827318,0
T06,explore,high_margin,sha256:2bff3b061a18ed774c5cce47460d8ad7d9ea453a8b8e33712a72b254bbcff848,0,85927336,34.3716032,1,0,-91846.3253551,-92469.7240574,0,exact_coherence_below_minimum;coherence_margin_below_minimum;even_odd_disagreement_above_maximum;timing_spread_above_maximum;half_frame_difference_above_maximum,-96756.1381927,-89846.3253551,-90873.981341,0
T06,explore,high_margin,sha256:2bff3b061a18ed774c5cce47460d8ad7d9ea453a8b8e33712a72b254bbcff848,0,85930669,34.3729364,1,0,-91846.3253551,-91913.3301205,0,exact_coherence_below_minimum;coherence_margin_below_minimum;even_odd_disagreement_above_maximum;timing_spread_above_maximum;half_frame_difference_above_maximum;tone_deletion_shift_above_maximum,-91913.3301205,-92046.2081097,-91450.3148765,0
T06,explore,high_margin,sha256:2bff3b061a18ed774c5cce47460d8ad7d9ea453a8b8e33712a72b254bbcff848,0,85934002,34.3742696,1,0,-91846.3253551,-92048.7308466,1,,-92048.7308466,-92057.1898892,-92037.2136284,1
T06,explore,late_median_margin,sha256:2bff3b061a18ed774c5cce47460d8ad7d9ea453a8b8e33712a72b254bbcff848,0,100690743,40.276966,1,0,-112549.018614,-112661.502534,0,exact_coherence_below_minimum;even_odd_disagreement_above_maximum;tone_deletion_shift_above_maximum,-112661.502534,-114549.018614,-112681.105225,0
T06,explore,late_median_margin,sha256:2bff3b061a18ed774c5cce47460d8ad7d9ea453a8b8e33712a72b254bbcff848,0,100694076,40.2782992,1,0,-112549.018614,-112536.402097,1,,-112536.402097,-112530.930516,-112539.237264,1
T06,explore,late_median_margin,sha256:2bff3b061a18ed774c5cce47460d8ad7d9ea453a8b8e33712a72b254bbcff848,0,100697410,40.2796328,1,0,-112549.018614,-112548.778867,1,,-112548.778867,-112524.687391,-112573.708078,1
T06,explore,late_median_margin,sha256:2bff3b061a18ed774c5cce47460d8ad7d9ea453a8b8e33712a72b254bbcff848,0,100700743,40.280966,1,0,-112549.018614,-112561.094097,1,,-112561.094097,-112546.804639,-112560.146811,1
T06,explore,late_median_margin,sha256:2bff3b061a18ed774c5cce47460d8ad7d9ea453a8b8e33712a72b254bbcff848,0,100704076,40.2822992,1,0,-112549.018614,-112584.201322,1,,-112584.201322,-112595.04642,-112571.398682,1
T06,explore,late_median_margin,sha256:2bff3b061a18ed774c5cce47460d8ad7d9ea453a8b8e33712a72b254bbcff848,0,100707410,40.2836328,1,0,-112549.018614,-112905.120945,0,exact_coherence_below_minimum;coherence_margin_below_minimum;even_odd_disagreement_above_maximum;timing_spread_above_maximum;half_frame_difference_above_maximum;tone_deletion_shift_above_maximum,-116218.685625,-111014.140214,-113743.307791,0
T06,explore,late_median_margin,sha256:2bff3b061a18ed774c5cce47460d8ad7d9ea453a8b8e33712a72b254bbcff848,0,100710743,40.284966,1,0,-112549.018614,-112697.629794,0,exact_coherence_below_minimum;even_odd_disagreement_above_maximum;timing_spread_above_maximum;tone_deletion_shift_above_maximum,-112697.629794,-112820.046255,-112530.816278,0
T06,explore,late_median_margin,sha256:2bff3b061a18ed774c5cce47460d8ad7d9ea453a8b8e33712a72b254bbcff848,0,100714076,40.2862992,1,0,-112549.018614,-112560.253788,1,,-112560.253788,-112561.284444,-112558.480224,1
T06,explore,late_median_margin,sha256:2bff3b061a18ed774c5cce47460d8ad7d9ea453a8b8e33712a72b254bbcff848,0,100717410,40.2876328,1,0,-112549.018614,-112560.117925,1,,-112560.117925,-112526.826789,-112589.306348,1
T06,explore,late_median_margin,sha256:2bff3b061a18ed774c5cce47460d8ad7d9ea453a8b8e33712a72b254bbcff848,0,100720743,40.288966,1,0,-112549.018614,-112565.241841,1,,-112565.241841,-112567.598818,-112561.54873,1
T06,explore,late_median_margin,sha256:2bff3b061a18ed774c5cce47460d8ad7d9ea453a8b8e33712a72b254bbcff848,0,100724076,40.2902992,1,0,-112549.018614,-112585.428552,1,,-112585.428552,-112571.353857,-112592.10032,1
T06,explore,late_median_margin,sha256:2bff3b061a18ed774c5cce47460d8ad7d9ea453a8b8e33712a72b254bbcff848,0,100727410,40.2916328,1,0,-112549.018614,-112528.423442,0,exact_coherence_below_minimum;even_odd_disagreement_above_maximum;half_frame_difference_above_maximum,-112528.423442,-110549.018614,-113636.26881,0
T06,explore,late_median_margin,sha256:2bff3b061a18ed774c5cce47460d8ad7d9ea453a8b8e33712a72b254bbcff848,0,100730743,40.292966,1,0,-112549.018614,-112587.266252,0,exact_coherence_below_minimum;coherence_margin_below_minimum;even_odd_disagreement_above_maximum;half_frame_difference_above_maximum;tone_deletion_shift_above_maximum,-112587.266252,-112181.187151,-112724.455421,0
T06,explore,late_median_margin,sha256:2bff3b061a18ed774c5cce47460d8ad7d9ea453a8b8e33712a72b254bbcff848,0,100734076,40.2942992,1,0,-112549.018614,-112600.140128,1,,-112600.140128,-112597.800279,-112602.663487,1
T06,explore,late_median_margin,sha256:2bff3b061a18ed774c5cce47460d8ad7d9ea453a8b8e33712a72b254bbcff848,0,100737410,40.2956328,1,0,-112549.018614,-112619.219661,1,,-112619.219661,-112604.839557,-112629.475301,1
T06,explore,late_median_margin,sha256:2bff3b061a18ed774c5cce47460d8ad7d9ea453a8b8e33712a72b254bbcff848,0,100740743,40.296966,1,0,-112549.018614,-112632.919627,1,,-112632.919627,-112614.244262,-112652.687441,1
T06,explore,late_median_margin,sha256:2bff3b061a18ed774c5cce47460d8ad7d9ea453a8b8e33712a72b254bbcff848,0,100744076,40.2982992,1,0,-112549.018614,-112598.294996,1,,-112598.294996,-112610.003865,-112589.61114,1
T06,explore,late_median_margin,sha256:2bff3b061a18ed774c5cce47460d8ad7d9ea453a8b8e33712a72b254bbcff848,0,100747410,40.2996328,1,0,-112549.018614,-112533.138919,0,exact_coherence_below_minimum;coherence_margin_below_minimum;even_odd_disagreement_above_maximum;timing_spread_above_maximum;half_frame_difference_above_maximum;tone_deletion_shift_above_maximum,-109943.309786,-112576.414005,-111468.933114,0
T06,explore,late_median_margin,sha256:2bff3b061a18ed774c5cce47460d8ad7d9ea453a8b8e33712a72b254bbcff848,0,100750743,40.300966,1,0,-112549.018614,-112720.013378,0,exact_coherence_below_minimum;even_odd_disagreement_above_maximum;timing_spread_above_maximum,-112720.013378,-112782.842247,-113376.11226,0
T06,explore,late_median_margin,sha256:2bff3b061a18ed774c5cce47460d8ad7d9ea453a8b8e33712a72b254bbcff848,0,100754076,40.3022992,1,0,-112549.018614,-112626.96337,1,,-112626.96337,-112619.421607,-112624.306321,1
T06,explore,late_median_margin,sha256:2bff3b061a18ed774c5cce47460d8ad7d9ea453a8b8e33712a72b254bbcff848,0,100757410,40.3036328,1,0,-112549.018614,-112640.605035,1,,-112640.605035,-112629.514296,-112654.29541,1
T06,explore,late_median_margin,sha256:2bff3b061a18ed774c5cce47460d8ad7d9ea453a8b8e33712a72b254bbcff848,0,100760743,40.304966,1,0,-112549.018614,-112636.710943,1,,-112636.710943,-112637.501015,-112639.181014,1
T06,explore,late_median_margin,sha256:2bff3b061a18ed774c5cce47460d8ad7d9ea453a8b8e33712a72b254bbcff848,0,100764076,40.3062992,1,0,-112549.018614,-112649.975924,1,,-112649.975924,-112662.772144,-112639.420834,1
T06,explore,late_median_margin,sha256:2bff3b061a18ed774c5cce47460d8ad7d9ea453a8b8e33712a72b254bbcff848,0,100767410,40.3076328,1,0,-112549.018614,-113427.909139,0,exact_coherence_below_minimum;coherence_margin_below_minimum;even_odd_disagreement_above_maximum;timing_spread_above_maximum;half_frame_difference_above_maximum;tone_deletion_shift_above_maximum,-110054.337754,-111901.819686,-110564.302804,0
T06,explore,late_median_margin,sha256:2bff3b061a18ed774c5cce47460d8ad7d9ea453a8b8e33712a72b254bbcff848,0,100770743,40.308966,1,0,-112549.018614,-112492.426593,0,exact_coherence_below_minimum;even_odd_disagreement_above_maximum;timing_spread_above_maximum;tone_deletion_shift_above_maximum,-112492.426593,-113608.271469,-112451.947097,0
T06,explore,late_median_margin,sha256:2bff3b061a18ed774c5cce47460d8ad7d9ea453a8b8e33712a72b254bbcff848,0,100774076,40.3102992,1,0,-112549.018614,-112643.122705,1,,-112643.122705,-112618.038974,-112651.603252,1
T06,explore,late_median_margin,sha256:2bff3b061a18ed774c5cce47460d8ad7d9ea453a8b8e33712a72b254bbcff848,0,100777410,40.3116328,1,0,-112549.018614,-112656.030417,1,,-112656.030417,-112687.111358,-112623.584489,1
T06,explore,late_median_margin,sha256:2bff3b061a18ed774c5cce47460d8ad7d9ea453a8b8e33712a72b254bbcff848,0,100780743,40.312966,1,0,-112549.018614,-112673.008769,1,,-112673.008769,-112660.6289,-112684.516824,1
T06,explore,late_median_margin,sha256:2bff3b061a18ed774c5cce47460d8ad7d9ea453a8b8e33712a72b254bbcff848,0,100784076,40.3142992,1,0,-112549.018614,-112679.684845,1,,-112679.684845,-112688.696096,-112670.702831,1
T06,explore,late_median_margin,sha256:2bff3b061a18ed774c5cce47460d8ad7d9ea453a8b8e33712a72b254bbcff848,0,100787410,40.3156328,1,0,-112549.018614,-114497.485957,0,exact_coherence_below_minimum;even_odd_disagreement_above_maximum;timing_spread_above_maximum;tone_deletion_shift_above_maximum,-114497.485957,-112293.014974,-114426.373424,0
T06,explore,late_median_margin,sha256:2bff3b061a18ed774c5cce47460d8ad7d9ea453a8b8e33712a72b254bbcff848,0,100790743,40.316966,1,0,-112549.018614,-112461.557815,0,exact_coherence_below_minimum;even_odd_disagreement_above_maximum;timing_spread_above_maximum;tone_deletion_shift_above_maximum,-112461.557815,-111051.07925,-112316.269423,0
T06,explore,late_median_margin,sha256:2bff3b061a18ed774c5cce47460d8ad7d9ea453a8b8e33712a72b254bbcff848,0,100794076,40.3182992,1,0,-112549.018614,-112695.546082,1,,-112695.546082,-112712.55507,-112669.195331,1
T06,explore,late_median_margin,sha256:2bff3b061a18ed774c5cce47460d8ad7d9ea453a8b8e33712a72b254bbcff848,0,100797410,40.3196328,1,0,-112549.018614,-112733.070493,1,,-112733.070493,-112709.936118,-112750.256025,1
T06,explore,late_median_margin,sha256:2bff3b061a18ed774c5cce47460d8ad7d9ea453a8b8e33712a72b254bbcff848,0,100800743,40.320966,1,0,-112549.018614,-112710.446751,1,,-112710.446751,-112700.360305,-112722.723178,1
T06,explore,late_median_margin,sha256:2bff3b061a18ed774c5cce47460d8ad7d9ea453a8b8e33712a72b254bbcff848,0,100804076,40.3222992,1,0,-112549.018614,-112710.84048,1,,-112710.84048,-112720.04301,-112699.62114,1
T06,explore,late_median_margin,sha256:2bff3b061a18ed774c5cce47460d8ad7d9ea453a8b8e33712a72b254bbcff848,0,100807410,40.3236328,1,0,-112549.018614,-110549.018614,0,exact_coherence_below_minimum;coherence_margin_below_minimum;even_odd_disagreement_above_maximum;timing_spread_above_maximum;half_frame_difference_above_maximum;tone_deletion_shift_above_maximum;search_boundary,-106944.815865,-112838.026803,-111016.000648,0
T06,explore,late_median_margin,sha256:2bff3b061a18ed774c5cce47460d8ad7d9ea453a8b8e33712a72b254bbcff848,0,100810743,40.324966,1,0,-112549.018614,-114251.331989,0,exact_coherence_below_minimum;even_odd_disagreement_above_maximum;timing_spread_above_maximum;half_frame_difference_above_maximum;tone_deletion_shift_above_maximum,-106739.557211,-110869.666664,-114227.8213,0
T06,explore,late_median_margin,sha256:2bff3b061a18ed774c5cce47460d8ad7d9ea453a8b8e33712a72b254bbcff848,0,100814076,40.3262992,1,0,-112549.018614,-112735.64677,1,,-112735.64677,-112730.072908,-112742.160388,1
T06,explore,late_median_margin,sha256:2bff3b061a18ed774c5cce47460d8ad7d9ea453a8b8e33712a72b254bbcff848,0,100817410,40.3276328,1,0,-112549.018614,-112697.44581,1,,-112697.44581,-112741.830312,-112655.898367,1
T06,explore,late_median_margin,sha256:2bff3b061a18ed774c5cce47460d8ad7d9ea453a8b8e33712a72b254bbcff848,0,100820743,40.328966,1,0,-112549.018614,-112738.706455,1,,-112738.706455,-112752.218294,-112727.229637,1
T06,explore,late_median_margin,sha256:2bff3b061a18ed774c5cce47460d8ad7d9ea453a8b8e33712a72b254bbcff848,0,100824076,40.3302992,1,0,-112549.018614,-112732.000415,1,,-112732.000415,-112722.357778,-112740.71194,1
T06,explore,late_median_margin,sha256:2bff3b061a18ed774c5cce47460d8ad7d9ea453a8b8e33712a72b254bbcff848,0,100827410,40.3316328,1,0,-112549.018614,-111561.91618,0,exact_coherence_below_minimum;even_odd_disagreement_above_maximum;half_frame_difference_above_maximum,-111561.91618,-111472.158554,-111000.079008,0
T06,explore,late_median_margin,sha256:2bff3b061a18ed774c5cce47460d8ad7d9ea453a8b8e33712a72b254bbcff848,0,100830743,40.332966,1,0,-112549.018614,-114106.001552,0,exact_coherence_below_minimum;coherence_margin_below_minimum;even_odd_disagreement_above_maximum;timing_spread_above_maximum;half_frame_difference_above_maximum;tone_deletion_shift_above_maximum,-114106.001552,-110549.018614,-112007.324154,0
T06,explore,late_median_margin,sha256:2bff3b061a18ed774c5cce47460d8ad7d9ea453a8b8e33712a72b254bbcff848,0,100834076,40.3342992,1,0,-112549.018614,-112740.425708,1,,-112740.425708,-112751.996726,-112732.833115,1
T06,explore,late_median_margin,sha256:2bff3b061a18ed774c5cce47460d8ad7d9ea453a8b8e33712a72b254bbcff848,0,100837410,40.3356328,1,0,-112549.018614,-112734.569851,1,,-112734.569851,-112743.081818,-112718.679968,1
T06,explore,late_median_margin,sha256:2bff3b061a18ed774c5cce47460d8ad7d9ea453a8b8e33712a72b254bbcff848,0,100840743,40.336966,1,0,-112549.018614,-112755.942111,1,,-112755.942111,-112767.781019,-112754.921094,1
T06,explore,late_median_margin,sha256:2bff3b061a18ed774c5cce47460d8ad7d9ea453a8b8e33712a72b254bbcff848,0,100844076,40.3382992,1,0,-112549.018614,-112775.711737,1,,-112775.711737,-112780.037096,-112774.430427,1
T06,explore,late_median_margin,sha256:2bff3b061a18ed774c5cce47460d8ad7d9ea453a8b8e33712a72b254bbcff848,0,100847410,40.3396328,1,0,-112549.018614,-112980.554927,0,exact_coherence_below_minimum;even_odd_disagreement_above_maximum;timing_spread_above_maximum;tone_deletion_shift_above_maximum,-112980.554927,-112284.837243,-112739.204469,0
T06,explore,late_median_margin,sha256:2bff3b061a18ed774c5cce47460d8ad7d9ea453a8b8e33712a72b254bbcff848,0,100850743,40.340966,1,0,-112549.018614,-114247.00282,0,exact_coherence_below_minimum;coherence_margin_below_minimum;even_odd_disagreement_above_maximum;timing_spread_above_maximum;half_frame_difference_above_maximum;tone_deletion_shift_above_maximum,-117786.857969,-114137.983973,-112282.755268,0
T06,explore,late_median_margin,sha256:2bff3b061a18ed774c5cce47460d8ad7d9ea453a8b8e33712a72b254bbcff848,0,100854076,40.3422992,1,0,-112549.018614,-112767.113181,1,,-112767.113181,-112767.303364,-112764.026253,1
T06,explore,late_median_margin,sha256:2bff3b061a18ed774c5cce47460d8ad7d9ea453a8b8e33712a72b254bbcff848,0,100857410,40.3436328,1,0,-112549.018614,-112762.708413,1,,-112762.708413,-112745.831956,-112765.153295,1
T06,explore,late_median_margin,sha256:2bff3b061a18ed774c5cce47460d8ad7d9ea453a8b8e33712a72b254bbcff848,0,100860743,40.344966,1,0,-112549.018614,-112769.980631,1,,-112769.980631,-112784.916903,-112751.313749,1
T06,explore,late_median_margin,sha256:2bff3b061a18ed774c5cce47460d8ad7d9ea453a8b8e33712a72b254bbcff848,0,100864076,40.3462992,1,0,-112549.018614,-112797.392807,1,,-112797.392807,-112795.839278,-112796.553517,1
T06,explore,late_median_margin,sha256:2bff3b061a18ed774c5cce47460d8ad7d9ea453a8b8e33712a72b254bbcff848,0,100867410,40.3476328,1,0,-112549.018614,-111060.764288,0,exact_coherence_below_minimum;even_odd_disagreement_above_maximum;timing_spread_above_maximum;half_frame_difference_above_maximum;tone_deletion_shift_above_maximum,-111060.764288,-111062.967081,-112938.822429,0
T06,explore,late_median_margin,sha256:2bff3b061a18ed774c5cce47460d8ad7d9ea453a8b8e33712a72b254bbcff848,0,100870743,40.348966,1,0,-112549.018614,-112948.251141,0,exact_coherence_below_minimum;even_odd_disagreement_above_maximum;timing_spread_above_maximum;tone_deletion_shift_above_maximum,-112948.251141,-112933.552793,-110630.842244,0
T06,explore,late_median_margin,sha256:2bff3b061a18ed774c5cce47460d8ad7d9ea453a8b8e33712a72b254bbcff848,0,100874076,40.3502992,1,0,-112549.018614,-111210.373181,0,exact_coherence_below_minimum;coherence_margin_below_minimum;even_odd_disagreement_above_maximum;tone_deletion_shift_above_maximum,-110269.368378,-111984.428568,-111455.993857,0
T06,explore,low_positive_margin,sha256:2bff3b061a18ed774c5cce47460d8ad7d9ea453a8b8e33712a72b254bbcff848,0,88064015,35.2262748,0,0,-94831.4770293,-95134.0141473,0,exact_coherence_below_minimum;coherence_margin_below_minimum;even_odd_disagreement_above_maximum;timing_spread_above_maximum;tone_deletion_shift_above_maximum,-99727.6423973,-95125.9094756,-95006.6892207,0
T06,explore,low_positive_margin,sha256:2bff3b061a18ed774c5cce47460d8ad7d9ea453a8b8e33712a72b254bbcff848,0,88067348,35.227608,0,0,-94831.4770293,-94398.9202614,0,exact_coherence_below_minimum;even_odd_disagreement_above_maximum;timing_spread_above_maximum;half_frame_difference_above_maximum;tone_deletion_shift_above_maximum,-91172.238045,-94152.9101781,-95277.8744964,0
T06,explore,low_positive_margin,sha256:2bff3b061a18ed774c5cce47460d8ad7d9ea453a8b8e33712a72b254bbcff848,0,88070682,35.2289416,0,0,-94831.4770293,-95008.7301979,1,,-95008.7301979,-95033.3807073,-94987.4431351,1
T06,explore,low_positive_margin,sha256:2bff3b061a18ed774c5cce47460d8ad7d9ea453a8b8e33712a72b254bbcff848,0,88074015,35.2302748,0,0,-94831.4770293,-94982.5381596,1,,-94982.5381596,-94999.1690129,-94956.5888364,1
T06,explore,low_positive_margin,sha256:2bff3b061a18ed774c5cce47460d8ad7d9ea453a8b8e33712a72b254bbcff848,0,88077348,35.231608,0,1,-94831.4770293,,0,refill_boundary_crossing,,,,0
T06,explore,low_positive_margin,sha256:2bff3b061a18ed774c5cce47460d8ad7d9ea453a8b8e33712a72b254bbcff848,0,88080682,35.2329416,0,0,-94831.4770293,-95005.2170455,1,,-95005.2170455,-95004.7843123,-94998.6341131,1
T06,explore,low_positive_margin,sha256:2bff3b061a18ed774c5cce47460d8ad7d9ea453a8b8e33712a72b254bbcff848,0,88084015,35.2342748,0,0,-94831.4770293,-95257.600226,0,exact_coherence_below_minimum;coherence_margin_below_minimum;even_odd_disagreement_above_maximum;timing_spread_above_maximum;half_frame_difference_above_maximum;tone_deletion_shift_above_maximum,-95257.600226,-94346.2961389,-93291.581549,0
T06,explore,low_positive_margin,sha256:2bff3b061a18ed774c5cce47460d8ad7d9ea453a8b8e33712a72b254bbcff848,0,88087348,35.235608,0,0,-94831.4770293,-94894.6602562,0,exact_coherence_below_minimum;even_odd_disagreement_above_maximum,-91491.6627809,-94893.4445571,-93342.5177628,0
T06,explore,low_positive_margin,sha256:2bff3b061a18ed774c5cce47460d8ad7d9ea453a8b8e33712a72b254bbcff848,0,88090682,35.2369416,0,0,-94831.4770293,-95126.9033265,0,exact_coherence_below_minimum;even_odd_disagreement_above_maximum;timing_spread_above_maximum;half_frame_difference_above_maximum;tone_deletion_shift_above_maximum,-89861.5061375,-93591.5781643,-96701.6473256,0
T06,explore,low_positive_margin,sha256:2bff3b061a18ed774c5cce47460d8ad7d9ea453a8b8e33712a72b254bbcff848,0,88094015,35.2382748,0,0,-94831.4770293,-96045.0943101,0,exact_coherence_below_minimum;even_odd_disagreement_above_maximum;timing_spread_above_maximum;half_frame_difference_above_maximum,-99827.1691062,-96141.1437723,-95160.7685941,0
T06,explore,low_positive_margin,sha256:2bff3b061a18ed774c5cce47460d8ad7d9ea453a8b8e33712a72b254bbcff848,0,88097348,35.239608,0,0,-94831.4770293,-95007.2639559,1,,-95007.2639559,-95010.9869506,-95011.7261591,1
T06,explore,low_positive_margin,sha256:2bff3b061a18ed774c5cce47460d8ad7d9ea453a8b8e33712a72b254bbcff848,0,88100682,35.2409416,0,0,-94831.4770293,-94955.5377914,0,exact_coherence_below_minimum;coherence_margin_below_minimum;even_odd_disagreement_above_maximum;timing_spread_above_maximum;half_frame_difference_above_maximum;tone_deletion_shift_above_maximum,-94955.5377914,-96009.0062546,-93472.9713082,0
T06,explore,low_positive_margin,sha256:2bff3b061a18ed774c5cce47460d8ad7d9ea453a8b8e33712a72b254bbcff848,0,88104015,35.2422748,0,0,-94831.4770293,-94933.3355125,0,exact_coherence_below_minimum;coherence_margin_below_minimum;even_odd_disagreement_above_maximum;half_frame_difference_above_maximum;tone_deletion_shift_above_maximum,-94933.3355125,-92831.4770293,-94943.4181243,0
T06,explore,low_positive_margin,sha256:2bff3b061a18ed774c5cce47460d8ad7d9ea453a8b8e33712a72b254bbcff848,0,88107348,35.243608,0,0,-94831.4770293,-95032.109585,1,,-95032.109585,-95027.2287467,-95034.2558332,1
T06,explore,low_positive_margin,sha256:2bff3b061a18ed774c5cce47460d8ad7d9ea453a8b8e33712a72b254bbcff848,0,88110682,35.2449416,0,0,-94831.4770293,-95015.1917861,1,,-95015.1917861,-95026.986003,-94998.424636,1
T06,explore,low_positive_margin,sha256:2bff3b061a18ed774c5cce47460d8ad7d9ea453a8b8e33712a72b254bbcff848,0,88114015,35.2462748,0,0,-94831.4770293,-95027.2220814,1,,-95027.2220814,-95037.9610129,-95021.8509017,1
T06,explore,low_positive_margin,sha256:2bff3b061a18ed774c5cce47460d8ad7d9ea453a8b8e33712a72b254bbcff848,0,88117348,35.247608,0,0,-94831.4770293,-95034.8329957,1,,-95034.8329957,-95035.8979155,-95040.7267557,1
T06,explore,low_positive_margin,sha256:2bff3b061a18ed774c5cce47460d8ad7d9ea453a8b8e33712a72b254bbcff848,0,88120682,35.2489416,0,0,-94831.4770293,-96734.0600945,0,exact_coherence_below_minimum;coherence_margin_below_minimum;even_odd_disagreement_above_maximum;timing_spread_above_maximum;tone_deletion_shift_above_maximum,-100109.510516,-95068.5281482,-92935.9590987,0
T06,explore,low_positive_margin,sha256:2bff3b061a18ed774c5cce47460d8ad7d9ea453a8b8e33712a72b254bbcff848,0,88124015,35.2502748,0,0,-94831.4770293,-95150.0304703,0,exact_coherence_below_minimum;even_odd_disagreement_above_maximum;timing_spread_above_maximum;half_frame_difference_above_maximum;tone_deletion_shift_above_maximum,-92127.7858161,-94949.7537606,-95970.3276428,0
T06,explore,low_positive_margin,sha256:2bff3b061a18ed774c5cce47460d8ad7d9ea453a8b8e33712a72b254bbcff848,0,88127348,35.251608,0,0,-94831.4770293,-95088.241763,1,,-95088.241763,-95085.8475668,-95092.7581705,1
T06,explore,low_positive_margin,sha256:2bff3b061a18ed774c5cce47460d8ad7d9ea453a8b8e33712a72b254bbcff848,0,88130682,35.2529416,0,0,-94831.4770293,-95051.2253377,1,,-95051.2253377,-95029.6793014,-95074.1017311,1
T06,explore,low_positive_margin,sha256:2bff3b061a18ed774c5cce47460d8ad7d9ea453a8b8e33712a72b254bbcff848,0,88134015,35.2542748,0,0,-94831.4770293,-95087.8134961,1,,-95087.8134961,-95101.927165,-95072.5277816,1
T06,explore,low_positive_margin,sha256:2bff3b061a18ed774c5cce47460d8ad7d9ea453a8b8e33712a72b254bbcff848,0,88137348,35.255608,0,0,-94831.4770293,-95079.9660421,1,,-95079.9660421,-95081.7034207,-95078.4305543,1
T06,explore,low_positive_margin,sha256:2bff3b061a18ed774c5cce47460d8ad7d9ea453a8b8e33712a72b254bbcff848,0,88140682,35.2569416,0,0,-94831.4770293,-95306.2814034,0,exact_coherence_below_minimum;even_odd_disagreement_above_maximum;half_frame_difference_above_maximum;tone_deletion_shift_above_maximum,-97068.6670085,-96831.4770293,-95306.2151635,0
T06,explore,low_positive_margin,sha256:2bff3b061a18ed774c5cce47460d8ad7d9ea453a8b8e33712a72b254bbcff848,0,88144015,35.2582748,0,0,-94831.4770293,-95095.1149535,0,exact_coherence_below_minimum;even_odd_disagreement_above_maximum,-95095.1149535,-94868.3070568,-95107.9033333,0
T06,explore,low_positive_margin,sha256:2bff3b061a18ed774c5cce47460d8ad7d9ea453a8b8e33712a72b254bbcff848,0,88147348,35.259608,0,0,-94831.4770293,-95077.8960959,1,,-95077.8960959,-95116.7249472,-95031.8135385,1
T06,explore,low_positive_margin,sha256:2bff3b061a18ed774c5cce47460d8ad7d9ea453a8b8e33712a72b254bbcff848,0,88150682,35.2609416,0,0,-94831.4770293,-95079.3698192,1,,-95079.3698192,-95091.9755388,-95059.997238,1
T06,explore,low_positive_margin,sha256:2bff3b061a18ed774c5cce47460d8ad7d9ea453a8b8e33712a72b254bbcff848,0,88154015,35.2622748,0,0,-94831.4770293,-95103.8484229,1,,-95103.8484229,-95080.8430443,-95126.2696772,1
T06,explore,low_positive_margin,sha256:2bff3b061a18ed774c5cce47460d8ad7d9ea453a8b8e33712a72b254bbcff848,0,88157348,35.263608,0,0,-94831.4770293,-95121.5076845,1,,-95121.5076845,-95082.519987,-95160.1869713,1
T06,explore,low_positive_margin,sha256:2bff3b061a18ed774c5cce47460d8ad7d9ea453a8b8e33712a72b254bbcff848,0,88160682,35.2649416,0,0,-94831.4770293,-94267.0977627,0,exact_coherence_below_minimum;coherence_margin_below_minimum;even_odd_disagreement_above_maximum;timing_spread_above_maximum;half_frame_difference_above_maximum;tone_deletion_shift_above_maximum,-100831.477029,-96247.0647295,-94339.466675,0
T06,explore,low_positive_margin,sha256:2bff3b061a18ed774c5cce47460d8ad7d9ea453a8b8e33712a72b254bbcff848,0,88164015,35.2662748,0,0,-94831.4770293,-95196.8596626,0,exact_coherence_below_minimum;even_odd_disagreement_above_maximum;timing_spread_above_maximum;tone_deletion_shift_above_maximum,-95196.8596626,-93240.8482974,-95172.9345013,0
T06,explore,low_positive_margin,sha256:2bff3b061a18ed774c5cce47460d8ad7d9ea453a8b8e33712a72b254bbcff848,0,88167348,35.267608,0,0,-94831.4770293,-95144.3082987,1,,-95144.3082987,-95164.4714094,-95125.3278362,1
T06,explore,low_positive_margin,sha256:2bff3b061a18ed774c5cce47460d8ad7d9ea453a8b8e33712a72b254bbcff848,0,88170682,35.2689416,0,0,-94831.4770293,-95092.9198598,1,,-95092.9198598,-95065.3545918,-95118.6180014,1
T06,explore,low_positive_margin,sha256:2bff3b061a18ed774c5cce47460d8ad7d9ea453a8b8e33712a72b254bbcff848,0,88174015,35.2702748,0,0,-94831.4770293,-95120.0461239,1,,-95120.0461239,-95114.7519573,-95133.2410376,1
T06,explore,low_positive_margin,sha256:2bff3b061a18ed774c5cce47460d8ad7d9ea453a8b8e33712a72b254bbcff848,0,88177348,35.271608,0,0,-94831.4770293,-95151.6486738,1,,-95151.6486738,-95150.9382317,-95146.3938202,1
T06,explore,low_positive_margin,sha256:2bff3b061a18ed774c5cce47460d8ad7d9ea453a8b8e33712a72b254bbcff848,0,88180682,35.2729416,0,0,-94831.4770293,-93472.2061396,0,exact_coherence_below_minimum;coherence_margin_below_minimum;even_odd_disagreement_above_maximum;timing_spread_above_maximum;half_frame_difference_above_maximum;tone_deletion_shift_above_maximum,-93472.2061396,-93352.1592532,-94353.1453148,0
T06,explore,low_positive_margin,sha256:2bff3b061a18ed774c5cce47460d8ad7d9ea453a8b8e33712a72b254bbcff848,0,88184015,35.2742748,0,0,-94831.4770293,-95051.7542467,0,exact_coherence_below_minimum;coherence_margin_below_minimum;even_odd_disagreement_above_maximum;timing_spread_above_maximum;half_frame_difference_above_maximum;tone_deletion_shift_above_maximum,-91799.9598619,-95053.4862201,-92863.5725032,0
T06,explore,low_positive_margin,sha256:2bff3b061a18ed774c5cce47460d8ad7d9ea453a8b8e33712a72b254bbcff848,0,88187348,35.275608,0,0,-94831.4770293,-95139.202983,1,,-95139.202983,-95163.6442745,-95111.3839956,1
T06,explore,low_positive_margin,sha256:2bff3b061a18ed774c5cce47460d8ad7d9ea453a8b8e33712a72b254bbcff848,0,88190682,35.2769416,0,0,-94831.4770293,-95154.7129474,1,,-95154.7129474,-95170.4098487,-95137.8308369,1
T06,explore,low_positive_margin,sha256:2bff3b061a18ed774c5cce47460d8ad7d9ea453a8b8e33712a72b254bbcff848,0,88194015,35.2782748,0,0,-94831.4770293,-95189.5661039,1,,-95189.5661039,-95208.4185425,-95170.247092,1
T06,explore,low_positive_margin,sha256:2bff3b061a18ed774c5cce47460d8ad7d9ea453a8b8e33712a72b254bbcff848,0,88197348,35.279608,0,0,-94831.4770293,-95175.2620655,1,,-95175.2620655,-95185.9734439,-95149.6867683,1
T06,explore,low_positive_margin,sha256:2bff3b061a18ed774c5cce47460d8ad7d9ea453a8b8e33712a72b254bbcff848,0,88200682,35.2809416,0,0,-94831.4770293,-95447.7367183,0,exact_coherence_below_minimum;even_odd_disagreement_above_maximum;half_frame_difference_above_maximum,-95447.7367183,-95238.7144209,-95666.9093689,0
T06,explore,low_positive_margin,sha256:2bff3b061a18ed774c5cce47460d8ad7d9ea453a8b8e33712a72b254bbcff848,0,88204015,35.2822748,0,0,-94831.4770293,-95009.6459606,0,exact_coherence_below_minimum;even_odd_disagreement_above_maximum;half_frame_difference_above_maximum,-95009.6459606,-94210.6266681,-96831.4770293,0
T06,explore,low_positive_margin,sha256:2bff3b061a18ed774c5cce47460d8ad7d9ea453a8b8e33712a72b254bbcff848,0,88207348,35.283608,0,0,-94831.4770293,-95171.9940443,1,,-95171.9940443,-95184.4491167,-95155.529597,1
T06,explore,low_positive_margin,sha256:2bff3b061a18ed774c5cce47460d8ad7d9ea453a8b8e33712a72b254bbcff848,0,88210682,35.2849416,0,0,-94831.4770293,-95193.0597788,1,,-95193.0597788,-95181.673338,-95254.9431947,1
T06,explore,low_positive_margin,sha256:2bff3b061a18ed774c5cce47460d8ad7d9ea453a8b8e33712a72b254bbcff848,0,88214015,35.2862748,0,0,-94831.4770293,-95190.8851294,1,,-95190.8851294,-95174.9822488,-95207.7023401,1
T06,explore,low_positive_margin,sha256:2bff3b061a18ed774c5cce47460d8ad7d9ea453a8b8e33712a72b254bbcff848,0,88217348,35.287608,0,0,-94831.4770293,-95208.6818019,1,,-95208.6818019,-95195.6124619,-95214.6742454,1
T06,explore,low_positive_margin,sha256:2bff3b061a18ed774c5cce47460d8ad7d9ea453a8b8e33712a72b254bbcff848,0,88220682,35.2889416,0,0,-94831.4770293,-93987.9950514,0,exact_coherence_below_minimum;coherence_margin_below_minimum;even_odd_disagreement_above_maximum;timing_spread_above_maximum;half_frame_difference_above_maximum;tone_deletion_shift_above_maximum,-98312.356593,-94572.6412202,-96831.4770293,0
T06,explore,low_positive_margin,sha256:2bff3b061a18ed774c5cce47460d8ad7d9ea453a8b8e33712a72b254bbcff848,0,88224015,35.2902748,0,0,-94831.4770293,-93007.8021006,0,exact_coherence_below_minimum;coherence_margin_below_minimum;even_odd_disagreement_above_maximum;timing_spread_above_maximum;tone_deletion_shift_above_maximum,-90559.9450802,-96831.4770293,-95323.2581995,0
T06,explore,low_positive_margin,sha256:2bff3b061a18ed774c5cce47460d8ad7d9ea453a8b8e33712a72b254bbcff848,0,88227348,35.291608,0,0,-94831.4770293,-95190.354645,1,,-95190.354645,-95208.8579357,-95175.4833409,1
T06,explore,low_positive_margin,sha256:2bff3b061a18ed774c5cce47460d8ad7d9ea453a8b8e33712a72b254bbcff848,0,88230682,35.2929416,0,0,-94831.4770293,-95205.7883692,1,,-95205.7883692,-95210.7721493,-95192.4610694,1
T06,explore,low_positive_margin,sha256:2bff3b061a18ed774c5cce47460d8ad7d9ea453a8b8e33712a72b254bbcff848,0,88234015,35.2942748,0,0,-94831.4770293,-95213.7102972,1,,-95213.7102972,-95213.6270675,-95201.4064897,1
T06,explore,low_positive_margin,sha256:2bff3b061a18ed774c5cce47460d8ad7d9ea453a8b8e33712a72b254bbcff848,0,88237348,35.295608,0,0,-94831.4770293,-95218.2423319,1,,-95218.2423319,-95225.3104765,-95213.347659,1
T06,explore,low_positive_margin,sha256:2bff3b061a18ed774c5cce47460d8ad7d9ea453a8b8e33712a72b254bbcff848,0,88240682,35.2969416,0,0,-94831.4770293,-95092.2045263,0,exact_coherence_below_minimum;coherence_margin_below_minimum;even_odd_disagreement_above_maximum;tone_deletion_shift_above_maximum,-95092.2045263,-96487.6279526,-96009.0777865,0
T06,explore,low_positive_margin,sha256:2bff3b061a18ed774c5cce47460d8ad7d9ea453a8b8e33712a72b254bbcff848,0,88244015,35.2982748,0,0,-94831.4770293,-93931.9673267,0,exact_coherence_below_minimum;even_odd_disagreement_above_maximum;timing_spread_above_maximum;half_frame_difference_above_maximum;tone_deletion_shift_above_maximum,-100831.477029,-94381.5597748,-93914.4829551,0
T06,explore,low_positive_margin,sha256:2bff3b061a18ed774c5cce47460d8ad7d9ea453a8b8e33712a72b254bbcff848,0,88247348,35.299608,0,0,-94831.4770293,-95225.2709162,1,,-95225.2709162,-95222.2504355,-95226.7750077,1
T06,explore,middle_median_margin,sha256:2bff3b061a18ed774c5cce47460d8ad7d9ea453a8b8e33712a72b254bbcff848,0,91627368,36.651616,1,0,-99949.8380434,-99981.8899776,0,exact_coherence_below_minimum;even_odd_disagreement_above_maximum;timing_spread_above_maximum,-99981.8899776,-100000.896533,-100115.285896,0
T06,explore,middle_median_margin,sha256:2bff3b061a18ed774c5cce47460d8ad7d9ea453a8b8e33712a72b254bbcff848,0,91630701,36.6529492,1,0,-99949.8380434,-101748.178947,0,exact_coherence_below_minimum;coherence_margin_below_minimum;even_odd_disagreement_above_maximum;tone_deletion_shift_above_maximum,-101748.178947,-99073.6811288,-101668.460381,0
T06,explore,middle_median_margin,sha256:2bff3b061a18ed774c5cce47460d8ad7d9ea453a8b8e33712a72b254bbcff848,0,91634035,36.6542828,1,0,-99949.8380434,-100117.883579,0,exact_coherence_below_minimum;even_odd_disagreement_above_maximum;half_frame_difference_above_maximum;tone_deletion_shift_above_maximum,-100117.883579,-98803.0855461,-101102.9302,0
T06,explore,middle_median_margin,sha256:2bff3b061a18ed774c5cce47460d8ad7d9ea453a8b8e33712a72b254bbcff848,0,91637368,36.655616,1,0,-99949.8380434,-99913.559897,1,,-99913.559897,-99941.4961527,-99884.4765513,1
T06,explore,middle_median_margin,sha256:2bff3b061a18ed774c5cce47460d8ad7d9ea453a8b8e33712a72b254bbcff848,0,91640701,36.6569492,1,0,-99949.8380434,-100041.331571,0,exact_coherence_below_minimum;even_odd_disagreement_above_maximum;timing_spread_above_maximum,-100041.331571,-101879.475417,-99964.1929722,0
T06,explore,middle_median_margin,sha256:2bff3b061a18ed774c5cce47460d8ad7d9ea453a8b8e33712a72b254bbcff848,0,91644035,36.6582828,1,0,-99949.8380434,-99889.7002391,0,exact_coherence_below_minimum;even_odd_disagreement_above_maximum;half_frame_difference_above_maximum,-99889.7002391,-99118.8576012,-97985.1390237,0
T06,explore,middle_median_margin,sha256:2bff3b061a18ed774c5cce47460d8ad7d9ea453a8b8e33712a72b254bbcff848,0,91647368,36.659616,1,0,-99949.8380434,-99933.811612,1,,-99933.811612,-99931.156114,-99916.4054164,1
T06,explore,middle_median_margin,sha256:2bff3b061a18ed774c5cce47460d8ad7d9ea453a8b8e33712a72b254bbcff848,0,91650701,36.6609492,1,0,-99949.8380434,-99941.6516982,1,,-99941.6516982,-99946.9197994,-99926.6092289,1
T06,explore,middle_median_margin,sha256:2bff3b061a18ed774c5cce47460d8ad7d9ea453a8b8e33712a72b254bbcff848,0,91654035,36.6622828,1,0,-99949.8380434,-99957.9024906,1,,-99957.9024906,-99961.4633398,-99961.8918567,1
T06,explore,middle_median_margin,sha256:2bff3b061a18ed774c5cce47460d8ad7d9ea453a8b8e33712a72b254bbcff848,0,91657368,36.663616,1,0,-99949.8380434,-99917.3234897,1,,-99917.3234897,-99899.5618827,-99935.8344343,1
T06,explore,middle_median_margin,sha256:2bff3b061a18ed774c5cce47460d8ad7d9ea453a8b8e33712a72b254bbcff848,0,91660701,36.6649492,1,0,-99949.8380434,-99101.531942,0,exact_coherence_below_minimum;coherence_margin_below_minimum;even_odd_disagreement_above_maximum;timing_spread_above_maximum;half_frame_difference_above_maximum;tone_deletion_shift_above_maximum,-99101.531942,-100782.579954,-98589.412346,0
T06,explore,middle_median_margin,sha256:2bff3b061a18ed774c5cce47460d8ad7d9ea453a8b8e33712a72b254bbcff848,0,91664035,36.6662828,1,0,-99949.8380434,-99882.0712014,0,exact_coherence_below_minimum;even_odd_disagreement_above_maximum;timing_spread_above_maximum;half_frame_difference_above_maximum,-99882.0712014,-100027.358828,-97949.8380434,0
T06,explore,middle_median_margin,sha256:2bff3b061a18ed774c5cce47460d8ad7d9ea453a8b8e33712a72b254bbcff848,0,91667368,36.667616,1,0,-99949.8380434,-99952.3018388,1,,-99952.3018388,-99970.9951235,-99936.3973069,1
T06,explore,middle_median_margin,sha256:2bff3b061a18ed774c5cce47460d8ad7d9ea453a8b8e33712a72b254bbcff848,0,91670701,36.6689492,1,0,-99949.8380434,-99979.3098648,1,,-99979.3098648,-99969.4511289,-99994.4721241,1
T06,explore,middle_median_margin,sha256:2bff3b061a18ed774c5cce47460d8ad7d9ea453a8b8e33712a72b254bbcff848,0,91674035,36.6702828,1,0,-99949.8380434,-99961.3034801,1,,-99961.3034801,-99954.5997693,-99963.3123097,1
T06,explore,middle_median_margin,sha256:2bff3b061a18ed774c5cce47460d8ad7d9ea453a8b8e33712a72b254bbcff848,0,91677368,36.671616,1,0,-99949.8380434,-99956.8167574,1,,-99956.8167574,-99959.8618453,-99954.2993468,1
T06,explore,middle_median_margin,sha256:2bff3b061a18ed774c5cce47460d8ad7d9ea453a8b8e33712a72b254bbcff848,0,91680701,36.6729492,1,0,-99949.8380434,-100060.478989,0,exact_coherence_below_minimum;even_odd_disagreement_above_maximum;timing_spread_above_maximum;tone_deletion_shift_above_maximum,-100060.478989,-99329.3038853,-98150.4978351,0
T06,explore,middle_median_margin,sha256:2bff3b061a18ed774c5cce47460d8ad7d9ea453a8b8e33712a72b254bbcff848,0,91684035,36.6742828,1,0,-99949.8380434,-100063.494134,0,exact_coherence_below_minimum;even_odd_disagreement_above_maximum;timing_spread_above_maximum;tone_deletion_shift_above_maximum,-100063.494134,-100341.966266,-99900.5759832,0
T06,explore,middle_median_margin,sha256:2bff3b061a18ed774c5cce47460d8ad7d9ea453a8b8e33712a72b254bbcff848,0,91687368,36.675616,1,0,-99949.8380434,-99957.2477273,1,,-99957.2477273,-99951.9636818,-99957.352025,1
T06,explore,middle_median_margin,sha256:2bff3b061a18ed774c5cce47460d8ad7d9ea453a8b8e33712a72b254bbcff848,0,91690701,36.6769492,1,0,-99949.8380434,-99996.6735938,1,,-99996.6735938,-100034.398383,-99966.3368474,1
T06,explore,middle_median_margin,sha256:2bff3b061a18ed774c5cce47460d8ad7d9ea453a8b8e33712a72b254bbcff848,0,91694035,36.6782828,1,0,-99949.8380434,-99973.5291065,1,,-99973.5291065,-100004.64143,-99931.7922273,1
T06,explore,middle_median_margin,sha256:2bff3b061a18ed774c5cce47460d8ad7d9ea453a8b8e33712a72b254bbcff848,0,91697368,36.679616,1,0,-99949.8380434,-99986.8462197,1,,-99986.8462197,-100002.363239,-100006.7456,1
T06,explore,middle_median_margin,sha256:2bff3b061a18ed774c5cce47460d8ad7d9ea453a8b8e33712a72b254bbcff848,0,91700701,36.6809492,1,0,-99949.8380434,-100606.617037,0,exact_coherence_below_minimum;coherence_margin_below_minimum;even_odd_disagreement_above_maximum;timing_spread_above_maximum;half_frame_difference_above_maximum;tone_deletion_shift_above_maximum,-102824.85447,-97949.8380434,-100539.320019,0
T06,explore,middle_median_margin,sha256:2bff3b061a18ed774c5cce47460d8ad7d9ea453a8b8e33712a72b254bbcff848,0,91704035,36.6822828,1,0,-99949.8380434,-100006.17698,0,exact_coherence_below_minimum;even_odd_disagreement_above_maximum,-100006.17698,-99964.2977635,-97949.8380434,0
T06,explore,middle_median_margin,sha256:2bff3b061a18ed774c5cce47460d8ad7d9ea453a8b8e33712a72b254bbcff848,0,91707368,36.683616,1,0,-99949.8380434,-100027.863352,1,,-100027.863352,-100014.002538,-100041.857039,1
T06,explore,middle_median_margin,sha256:2bff3b061a18ed774c5cce47460d8ad7d9ea453a8b8e33712a72b254bbcff848,0,91710701,36.6849492,1,0,-99949.8380434,-99988.4926717,1,,-99988.4926717,-99992.075756,-99983.5154082,1
T06,explore,middle_median_margin,sha256:2bff3b061a18ed774c5cce47460d8ad7d9ea453a8b8e33712a72b254bbcff848,0,91714035,36.6862828,1,0,-99949.8380434,-100014.954506,1,,-100014.954506,-99994.6784591,-100039.65402,1
T06,explore,middle_median_margin,sha256:2bff3b061a18ed774c5cce47460d8ad7d9ea453a8b8e33712a72b254bbcff848,0,91717368,36.687616,1,0,-99949.8380434,-100004.894359,1,,-100004.894359,-100010.995169,-100001.166516,1
T06,explore,middle_median_margin,sha256:2bff3b061a18ed774c5cce47460d8ad7d9ea453a8b8e33712a72b254bbcff848,0,91720701,36.6889492,1,0,-99949.8380434,-98595.1417615,0,exact_coherence_below_minimum;even_odd_disagreement_above_maximum;timing_spread_above_maximum;tone_deletion_shift_above_maximum,-98595.1417615,-100159.906298,-98457.645662,0
T06,explore,middle_median_margin,sha256:2bff3b061a18ed774c5cce47460d8ad7d9ea453a8b8e33712a72b254bbcff848,0,91724035,36.6902828,1,0,-99949.8380434,-100162.657541,0,exact_coherence_below_minimum;even_odd_disagreement_above_maximum;half_frame_difference_above_maximum;tone_deletion_shift_above_maximum,-100162.657541,-99184.6808221,-101949.838043,0
T06,explore,middle_median_margin,sha256:2bff3b061a18ed774c5cce47460d8ad7d9ea453a8b8e33712a72b254bbcff848,0,91727368,36.691616,1,0,-99949.8380434,-100043.705292,1,,-100043.705292,-100054.334035,-100029.401869,1
T06,explore,middle_median_margin,sha256:2bff3b061a18ed774c5cce47460d8ad7d9ea453a8b8e33712a72b254bbcff848,0,91730701,36.6929492,1,0,-99949.8380434,-100029.929482,1,,-100029.929482,-100016.633945,-100043.754232,1
T06,explore,middle_median_margin,sha256:2bff3b061a18ed774c5cce47460d8ad7d9ea453a8b8e33712a72b254bbcff848,0,91734035,36.6942828,1,0,-99949.8380434,-100079.255789,1,,-100079.255789,-100030.098139,-100100.671262,1
T06,explore,middle_median_margin,sha256:2bff3b061a18ed774c5cce47460d8ad7d9ea453a8b8e33712a72b254bbcff848,0,91737368,36.695616,1,0,-99949.8380434,-100052.197025,1,,-100052.197025,-100071.596225,-100030.90825,1
T06,explore,middle_median_margin,sha256:2bff3b061a18ed774c5cce47460d8ad7d9ea453a8b8e33712a72b254bbcff848,0,91740701,36.6969492,1,0,-99949.8380434,-99590.9712952,0,exact_coherence_below_minimum;coherence_margin_below_minimum;even_odd_disagreement_above_maximum;timing_spread_above_maximum;tone_deletion_shift_above_maximum,-99590.9712952,-99471.0843185,-101949.838043,0
T06,explore,middle_median_margin,sha256:2bff3b061a18ed774c5cce47460d8ad7d9ea453a8b8e33712a72b254bbcff848,0,91744035,36.6982828,1,0,-99949.8380434,-101037.849979,0,exact_coherence_below_minimum;coherence_margin_below_minimum;even_odd_disagreement_above_maximum;timing_spread_above_maximum;half_frame_difference_above_maximum;tone_deletion_shift_above_maximum,-97558.3526842,-99344.4685202,-100851.976378,0
T06,explore,middle_median_margin,sha256:2bff3b061a18ed774c5cce47460d8ad7d9ea453a8b8e33712a72b254bbcff848,0,91747368,36.699616,0,1,-99949.8380434,,0,refill_boundary_crossing,,,,0
T06,explore,middle_median_margin,sha256:2bff3b061a18ed774c5cce47460d8ad7d9ea453a8b8e33712a72b254bbcff848,0,91750701,36.7009492,1,0,-99949.8380434,-100052.840247,1,,-100052.840247,-100023.091255,-100083.168161,1
T06,explore,middle_median_margin,sha256:2bff3b061a18ed774c5cce47460d8ad7d9ea453a8b8e33712a72b254bbcff848,0,91754035,36.7022828,1,0,-99949.8380434,-100090.108932,1,,-100090.108932,-100070.511299,-100112.38712,1
T06,explore,middle_median_margin,sha256:2bff3b061a18ed774c5cce47460d8ad7d9ea453a8b8e33712a72b254bbcff848,0,91757368,36.703616,1,0,-99949.8380434,-100079.311738,1,,-100079.311738,-100102.82025,-100060.552176,1
T06,explore,middle_median_margin,sha256:2bff3b061a18ed774c5cce47460d8ad7d9ea453a8b8e33712a72b254bbcff848,0,91760701,36.7049492,1,0,-99949.8380434,-99093.4228627,0,exact_coherence_below_minimum;coherence_margin_below_minimum;even_odd_disagreement_above_maximum;timing_spread_above_maximum;half_frame_difference_above_maximum;tone_deletion_shift_above_maximum,-102657.58404,-101932.219334,-101099.99323,0
T06,explore,middle_median_margin,sha256:2bff3b061a18ed774c5cce47460d8ad7d9ea453a8b8e33712a72b254bbcff848,0,91764035,36.7062828,1,0,-99949.8380434,-100157.287351,0,exact_coherence_below_minimum;half_frame_difference_above_maximum,-100157.287351,-100249.5735,-100327.175474,0
T06,explore,middle_median_margin,sha256:2bff3b061a18ed774c5cce47460d8ad7d9ea453a8b8e33712a72b254bbcff848,0,91767368,36.707616,1,0,-99949.8380434,-100094.903981,1,,-100094.903981,-100082.511396,-100113.018216,1
T06,explore,middle_median_margin,sha256:2bff3b061a18ed774c5cce47460d8ad7d9ea453a8b8e33712a72b254bbcff848,0,91770701,36.7089492,1,0,-99949.8380434,-100138.68064,1,,-100138.68064,-100114.023478,-100159.584926,1
T06,explore,middle_median_margin,sha256:2bff3b061a18ed774c5cce47460d8ad7d9ea453a8b8e33712a72b254bbcff848,0,91774035,36.7102828,1,0,-99949.8380434,-100086.008267,1,,-100086.008267,-100092.977789,-100081.999438,1
T06,explore,middle_median_margin,sha256:2bff3b061a18ed774c5cce47460d8ad7d9ea453a8b8e33712a72b254bbcff848,0,91777368,36.711616,1,0,-99949.8380434,-100122.49159,1,,-100122.49159,-100119.460936,-100126.655402,1
T06,explore,middle_median_margin,sha256:2bff3b061a18ed774c5cce47460d8ad7d9ea453a8b8e33712a72b254bbcff848,0,91780701,36.7129492,1,0,-99949.8380434,-101020.704984,0,exact_coherence_below_minimum;even_odd_disagreement_above_maximum;timing_spread_above_maximum;half_frame_difference_above_maximum;tone_deletion_shift_above_maximum,-101020.704984,-101059.355438,-98881.6042223,0
T06,explore,middle_median_margin,sha256:2bff3b061a18ed774c5cce47460d8ad7d9ea453a8b8e33712a72b254bbcff848,0,91784035,36.7142828,1,0,-99949.8380434,-99522.0485148,0,exact_coherence_below_minimum;coherence_margin_below_minimum;even_odd_disagreement_above_maximum;timing_spread_above_maximum;half_frame_difference_above_maximum;tone_deletion_shift_above_maximum,-95881.3528408,-101552.533826,-100147.586136,0
T06,explore,middle_median_margin,sha256:2bff3b061a18ed774c5cce47460d8ad7d9ea453a8b8e33712a72b254bbcff848,0,91787368,36.715616,1,0,-99949.8380434,-100133.994821,1,,-100133.994821,-100129.086534,-100147.10167,1
T06,explore,middle_median_margin,sha256:2bff3b061a18ed774c5cce47460d8ad7d9ea453a8b8e33712a72b254bbcff848,0,91790701,36.7169492,1,0,-99949.8380434,-100128.669657,1,,-100128.669657,-100119.683044,-100116.068307,1
T06,explore,middle_median_margin,sha256:2bff3b061a18ed774c5cce47460d8ad7d9ea453a8b8e33712a72b254bbcff848,0,91794035,36.7182828,1,0,-99949.8380434,-100149.346303,1,,-100149.346303,-100146.20893,-100157.43919,1
T06,explore,middle_median_margin,sha256:2bff3b061a18ed774c5cce47460d8ad7d9ea453a8b8e33712a72b254bbcff848,0,91797368,36.719616,1,0,-99949.8380434,-100164.041472,1,,-100164.041472,-100174.914525,-100159.305949,1
T06,explore,middle_median_margin,sha256:2bff3b061a18ed774c5cce47460d8ad7d9ea453a8b8e33712a72b254bbcff848,0,91800701,36.7209492,1,0,-99949.8380434,-101756.325694,0,exact_coherence_below_minimum;coherence_margin_below_minimum;even_odd_disagreement_above_maximum;timing_spread_above_maximum;half_frame_difference_above_maximum;tone_deletion_shift_above_maximum,-105501.204691,-101949.838043,-99043.2509686,0
T06,explore,middle_median_margin,sha256:2bff3b061a18ed774c5cce47460d8ad7d9ea453a8b8e33712a72b254bbcff848,0,91804035,36.7222828,1,0,-99949.8380434,-99647.8251544,0,exact_coherence_below_minimum;coherence_margin_below_minimum;even_odd_disagreement_above_maximum;timing_spread_above_maximum;half_frame_difference_above_maximum;tone_deletion_shift_above_maximum,-104304.879829,-99548.8405258,-98114.573449,0
T06,explore,middle_median_margin,sha256:2bff3b061a18ed774c5cce47460d8ad7d9ea453a8b8e33712a72b254bbcff848,0,91807368,36.723616,1,0,-99949.8380434,-100145.408501,1,,-100145.408501,-100164.311378,-100139.141846,1
T06,explore,middle_median_margin,sha256:2bff3b061a18ed774c5cce47460d8ad7d9ea453a8b8e33712a72b254bbcff848,0,91810701,36.7249492,1,0,-99949.8380434,-100163.780246,1,,-100163.780246,-100163.252419,-100157.171921,1
T06,explore,refill_boundary,sha256:2bff3b061a18ed774c5cce47460d8ad7d9ea453a8b8e33712a72b254bbcff848,0,95064051,38.0262892,0,0,-104660.76714,-104391.437731,0,exact_coherence_below_minimum;coherence_margin_below_minimum;even_odd_disagreement_above_maximum;timing_spread_above_maximum;half_frame_difference_above_maximum,-109527.627788,-104144.694834,-103459.039309,0
T06,explore,refill_boundary,sha256:2bff3b061a18ed774c5cce47460d8ad7d9ea453a8b8e33712a72b254bbcff848,0,95067384,38.0276224,0,0,-104660.76714,-104906.489886,0,exact_coherence_below_minimum;coherence_margin_below_minimum;even_odd_disagreement_above_maximum;timing_spread_above_maximum;half_frame_difference_above_maximum,-104906.489886,-105706.382033,-104982.231046,0
T06,explore,refill_boundary,sha256:2bff3b061a18ed774c5cce47460d8ad7d9ea453a8b8e33712a72b254bbcff848,0,95070718,38.028956,0,0,-104660.76714,-104665.143885,1,,-104665.143885,-104646.812776,-104680.732555,1
T06,explore,refill_boundary,sha256:2bff3b061a18ed774c5cce47460d8ad7d9ea453a8b8e33712a72b254bbcff848,0,95074051,38.0302892,0,0,-104660.76714,-104669.189495,1,,-104669.189495,-104647.06573,-104690.876172,1
T06,explore,refill_boundary,sha256:2bff3b061a18ed774c5cce47460d8ad7d9ea453a8b8e33712a72b254bbcff848,0,95077384,38.0316224,0,0,-104660.76714,-104683.813488,1,,-104683.813488,-104682.581301,-104688.590084,1
T06,explore,refill_boundary,sha256:2bff3b061a18ed774c5cce47460d8ad7d9ea453a8b8e33712a72b254bbcff848,0,95080718,38.032956,0,0,-104660.76714,-104681.894378,1,,-104681.894378,-104675.237388,-104689.291605,1
T06,explore,refill_boundary,sha256:2bff3b061a18ed774c5cce47460d8ad7d9ea453a8b8e33712a72b254bbcff848,0,95084051,38.0342892,0,0,-104660.76714,-106660.76714,0,exact_coherence_below_minimum;timing_spread_above_maximum;half_frame_difference_above_maximum;tone_deletion_shift_above_maximum;search_boundary,-106978.196163,-106625.039337,-106660.76714,0
T06,explore,refill_boundary,sha256:2bff3b061a18ed774c5cce47460d8ad7d9ea453a8b8e33712a72b254bbcff848,0,95087384,38.0356224,0,0,-104660.76714,-102698.057055,0,exact_coherence_below_minimum;even_odd_disagreement_above_maximum;timing_spread_above_maximum;tone_deletion_shift_above_maximum,-102698.057055,-106038.603411,-105116.828134,0
T06,explore,refill_boundary,sha256:2bff3b061a18ed774c5cce47460d8ad7d9ea453a8b8e33712a72b254bbcff848,0,95090718,38.036956,0,0,-104660.76714,-104684.965282,1,,-104684.965282,-104691.856881,-104681.550297,1
T06,explore,refill_boundary,sha256:2bff3b061a18ed774c5cce47460d8ad7d9ea453a8b8e33712a72b254bbcff848,0,95094051,38.0382892,0,0,-104660.76714,-104704.818203,1,,-104704.818203,-104704.530849,-104721.057489,1
T06,explore,refill_boundary,sha256:2bff3b061a18ed774c5cce47460d8ad7d9ea453a8b8e33712a72b254bbcff848,0,95097384,38.0396224,0,0,-104660.76714,-104753.011281,1,,-104753.011281,-104734.636183,-104759.788838,1
T06,explore,refill_boundary,sha256:2bff3b061a18ed774c5cce47460d8ad7d9ea453a8b8e33712a72b254bbcff848,0,95100718,38.040956,0,0,-104660.76714,-104736.918156,1,,-104736.918156,-104728.446066,-104744.864068,1
T06,explore,refill_boundary,sha256:2bff3b061a18ed774c5cce47460d8ad7d9ea453a8b8e33712a72b254bbcff848,0,95104051,38.0422892,0,0,-104660.76714,-104667.840736,0,exact_coherence_below_minimum;even_odd_disagreement_above_maximum;half_frame_difference_above_maximum,-104667.840736,-104429.165593,-104746.817007,0
T06,explore,refill_boundary,sha256:2bff3b061a18ed774c5cce47460d8ad7d9ea453a8b8e33712a72b254bbcff848,0,95107384,38.0436224,0,0,-104660.76714,-104760.760361,0,exact_coherence_below_minimum;coherence_margin_below_minimum;even_odd_disagreement_above_maximum;timing_spread_above_maximum;half_frame_difference_above_maximum;tone_deletion_shift_above_maximum,-110401.551069,-105555.012953,-104362.392517,0
T06,explore,refill_boundary,sha256:2bff3b061a18ed774c5cce47460d8ad7d9ea453a8b8e33712a72b254bbcff848,0,95110718,38.044956,0,0,-104660.76714,-104728.254334,1,,-104728.254334,-104731.6496,-104724.295437,1
T06,explore,refill_boundary,sha256:2bff3b061a18ed774c5cce47460d8ad7d9ea453a8b8e33712a72b254bbcff848,0,95114051,38.0462892,0,0,-104660.76714,-104748.550875,1,,-104748.550875,-104750.197494,-104748.342692,1
T06,explore,refill_boundary,sha256:2bff3b061a18ed774c5cce47460d8ad7d9ea453a8b8e33712a72b254bbcff848,0,95117384,38.0476224,0,0,-104660.76714,-104732.473266,1,,-104732.473266,-104733.157343,-104732.645913,1
T06,explore,refill_boundary,sha256:2bff3b061a18ed774c5cce47460d8ad7d9ea453a8b8e33712a72b254bbcff848,0,95120718,38.048956,0,0,-104660.76714,-104729.301513,1,,-104729.301513,-104722.899057,-104744.430257,1
T06,explore,refill_boundary,sha256:2bff3b061a18ed774c5cce47460d8ad7d9ea453a8b8e33712a72b254bbcff848,0,95124051,38.0502892,0,0,-104660.76714,-106452.073995,0,exact_coherence_below_minimum;even_odd_disagreement_above_maximum;timing_spread_above_maximum;half_frame_difference_above_maximum;tone_deletion_shift_above_maximum,-109166.825394,-103379.000445,-106455.493113,0
T06,explore,refill_boundary,sha256:2bff3b061a18ed774c5cce47460d8ad7d9ea453a8b8e33712a72b254bbcff848,0,95127384,38.0516224,0,0,-104660.76714,-105782.93407,0,exact_coherence_below_minimum;even_odd_disagreement_above_maximum;timing_spread_above_maximum;half_frame_difference_above_maximum;tone_deletion_shift_above_maximum,-105782.93407,-105493.323546,-104744.557244,0
T06,explore,refill_boundary,sha256:2bff3b061a18ed774c5cce47460d8ad7d9ea453a8b8e33712a72b254bbcff848,0,95130718,38.052956,0,0,-104660.76714,-104718.482953,1,,-104718.482953,-104743.332774,-104698.610463,1
T06,explore,refill_boundary,sha256:2bff3b061a18ed774c5cce47460d8ad7d9ea453a8b8e33712a72b254bbcff848,0,95134051,38.0542892,0,0,-104660.76714,-104765.598322,1,,-104765.598322,-104742.760183,-104769.611108,1
T06,explore,refill_boundary,sha256:2bff3b061a18ed774c5cce47460d8ad7d9ea453a8b8e33712a72b254bbcff848,0,95137384,38.0556224,0,0,-104660.76714,-104761.380383,1,,-104761.380383,-104757.891015,-104749.130145,1
T06,explore,refill_boundary,sha256:2bff3b061a18ed774c5cce47460d8ad7d9ea453a8b8e33712a72b254bbcff848,0,95140718,38.056956,0,0,-104660.76714,-104789.655847,1,,-104789.655847,-104794.104187,-104783.739992,1
T06,explore,refill_boundary,sha256:2bff3b061a18ed774c5cce47460d8ad7d9ea453a8b8e33712a72b254bbcff848,0,95144051,38.0582892,0,0,-104660.76714,-104796.031378,0,exact_coherence_below_minimum;even_odd_disagreement_above_maximum;half_frame_difference_above_maximum,-104796.031378,-104731.362829,-104861.199003,0
T06,explore,refill_boundary,sha256:2bff3b061a18ed774c5cce47460d8ad7d9ea453a8b8e33712a72b254bbcff848,0,95147384,38.0596224,0,0,-104660.76714,-103232.458248,0,exact_coherence_below_minimum;timing_spread_above_maximum;tone_deletion_shift_above_maximum,-103232.458248,-103197.641666,-103293.970192,0
T06,explore,refill_boundary,sha256:2bff3b061a18ed774c5cce47460d8ad7d9ea453a8b8e33712a72b254bbcff848,0,95150718,38.060956,0,0,-104660.76714,-104791.771591,1,,-104791.771591,-104816.521367,-104767.524236,1
T06,explore,refill_boundary,sha256:2bff3b061a18ed774c5cce47460d8ad7d9ea453a8b8e33712a72b254bbcff848,0,95154051,38.0622892,0,0,-104660.76714,-104788.338813,1,,-104788.338813,-104793.720708,-104782.833757,1
T06,explore,refill_boundary,sha256:2bff3b061a18ed774c5cce47460d8ad7d9ea453a8b8e33712a72b254bbcff848,0,95157384,38.0636224,0,1,-104660.76714,,0,refill_boundary_crossing,,,,0
T06,explore,refill_boundary,sha256:2bff3b061a18ed774c5cce47460d8ad7d9ea453a8b8e33712a72b254bbcff848,0,95160718,38.064956,0,0,-104660.76714,-104808.655358,1,,-104808.655358,-104826.527737,-104795.383452,1
T06,explore,refill_boundary,sha256:2bff3b061a18ed774c5cce47460d8ad7d9ea453a8b8e33712a72b254bbcff848,0,95164051,38.0662892,0,0,-104660.76714,-106503.536825,0,exact_coherence_below_minimum;even_odd_disagreement_above_maximum;timing_spread_above_maximum;half_frame_difference_above_maximum;tone_deletion_shift_above_maximum,-107689.662447,-103444.844357,-104742.378678,0
T06,explore,refill_boundary,sha256:2bff3b061a18ed774c5cce47460d8ad7d9ea453a8b8e33712a72b254bbcff848,0,95167384,38.0676224,0,0,-104660.76714,-105127.78934,0,exact_coherence_below_minimum;even_odd_disagreement_above_maximum;timing_spread_above_maximum;half_frame_difference_above_maximum;tone_deletion_shift_above_maximum,-105127.78934,-105119.289608,-104931.091613,0
T06,explore,refill_boundary,sha256:2bff3b061a18ed774c5cce47460d8ad7d9ea453a8b8e33712a72b254bbcff848,0,95170718,38.068956,0,0,-104660.76714,-103862.113982,0,exact_coherence_below_minimum;coherence_margin_below_minimum;even_odd_disagreement_above_maximum;timing_spread_above_maximum;half_frame_difference_above_maximum;tone_deletion_shift_above_maximum,-103862.113982,-103385.33623,-105272.81024,0
T06,explore,refill_boundary,sha256:2bff3b061a18ed774c5cce47460d8ad7d9ea453a8b8e33712a72b254bbcff848,0,95174051,38.0702892,0,0,-104660.76714,-103554.824305,0,exact_coherence_below_minimum;coherence_margin_below_minimum;even_odd_disagreement_above_maximum;timing_spread_above_maximum;half_frame_difference_above_maximum,-103554.824305,-103564.77635,-103755.380453,0
T06,explore,refill_boundary,sha256:2bff3b061a18ed774c5cce47460d8ad7d9ea453a8b8e33712a72b254bbcff848,0,95177384,38.0716224,0,0,-104660.76714,-104804.380807,1,,-104804.380807,-104822.90583,-104779.712619,1
T06,explore,refill_boundary,sha256:2bff3b061a18ed774c5cce47460d8ad7d9ea453a8b8e33712a72b254bbcff848,0,95180718,38.072956,0,0,-104660.76714,-104841.270461,0,exact_coherence_below_minimum,-104841.270461,-104829.850446,-104792.225873,0
T06,explore,refill_boundary,sha256:2bff3b061a18ed774c5cce47460d8ad7d9ea453a8b8e33712a72b254bbcff848,0,95184051,38.0742892,0,0,-104660.76714,-105039.065052,0,exact_coherence_below_minimum;even_odd_disagreement_above_maximum;tone_deletion_shift_above_maximum,-105039.065052,-105051.964428,-104862.901114,0
T06,explore,refill_boundary,sha256:2bff3b061a18ed774c5cce47460d8ad7d9ea453a8b8e33712a72b254bbcff848,0,95187384,38.0756224,0,0,-104660.76714,-104841.077317,1,,-104841.077317,-104868.312501,-104815.935576,1
T06,explore,refill_boundary,sha256:2bff3b061a18ed774c5cce47460d8ad7d9ea453a8b8e33712a72b254bbcff848,0,95190718,38.076956,0,0,-104660.76714,-104857.587223,1,,-104857.587223,-104824.186345,-104876.341448,1
T06,explore,refill_boundary,sha256:2bff3b061a18ed774c5cce47460d8ad7d9ea453a8b8e33712a72b254bbcff848,0,95194051,38.0782892,0,0,-104660.76714,-104882.0403,1,,-104882.0403,-104855.966061,-104902.118794,1
T06,explore,refill_boundary,sha256:2bff3b061a18ed774c5cce47460d8ad7d9ea453a8b8e33712a72b254bbcff848,0,95197384,38.0796224,0,0,-104660.76714,-104862.500823,1,,-104862.500823,-104827.321685,-104897.17525,1
T06,explore,refill_boundary,sha256:2bff3b061a18ed774c5cce47460d8ad7d9ea453a8b8e33712a72b254bbcff848,0,95200718,38.080956,0,0,-104660.76714,-103504.102559,0,exact_coherence_below_minimum;even_odd_disagreement_above_maximum;timing_spread_above_maximum;half_frame_difference_above_maximum;tone_deletion_shift_above_maximum,-108129.215193,-104369.310993,-106137.633758,0
T06,explore,refill_boundary,sha256:2bff3b061a18ed774c5cce47460d8ad7d9ea453a8b8e33712a72b254bbcff848,0,95204051,38.0822892,0,0,-104660.76714,-105897.424377,0,exact_coherence_below_minimum;even_odd_disagreement_above_maximum;timing_spread_above_maximum;tone_deletion_shift_above_maximum,-105897.424377,-103536.418098,-105796.531237,0
T06,explore,refill_boundary,sha256:2bff3b061a18ed774c5cce47460d8ad7d9ea453a8b8e33712a72b254bbcff848,0,95207384,38.0836224,0,0,-104660.76714,-104856.00296,1,,-104856.00296,-104883.083811,-104830.828275,1
T06,explore,refill_boundary,sha256:2bff3b061a18ed774c5cce47460d8ad7d9ea453a8b8e33712a72b254bbcff848,0,95210718,38.084956,0,0,-104660.76714,-104881.169517,1,,-104881.169517,-104872.079567,-104894.628976,1
T06,explore,refill_boundary,sha256:2bff3b061a18ed774c5cce47460d8ad7d9ea453a8b8e33712a72b254bbcff848,0,95214051,38.0862892,0,0,-104660.76714,-104893.67014,1,,-104893.67014,-104912.8852,-104877.147104,1
T06,explore,refill_boundary,sha256:2bff3b061a18ed774c5cce47460d8ad7d9ea453a8b8e33712a72b254bbcff848,0,95217384,38.0876224,0,0,-104660.76714,-104881.813831,1,,-104881.813831,-104889.589684,-104859.487747,1
T06,explore,refill_boundary,sha256:2bff3b061a18ed774c5cce47460d8ad7d9ea453a8b8e33712a72b254bbcff848,0,95220718,38.088956,0,0,-104660.76714,-105534.744761,0,exact_coherence_below_minimum;even_odd_disagreement_above_maximum;timing_spread_above_maximum;half_frame_difference_above_maximum;tone_deletion_shift_above_maximum,-105534.744761,-104284.500671,-105215.89285,0
T06,explore,refill_boundary,sha256:2bff3b061a18ed774c5cce47460d8ad7d9ea453a8b8e33712a72b254bbcff848,0,95224051,38.0902892,0,0,-104660.76714,-104533.544507,0,exact_coherence_below_minimum;coherence_margin_below_minimum;even_odd_disagreement_above_maximum;timing_spread_above_maximum;half_frame_difference_above_maximum,-110165.190141,-103082.185598,-104485.069896,0
T06,explore,refill_boundary,sha256:2bff3b061a18ed774c5cce47460d8ad7d9ea453a8b8e33712a72b254bbcff848,0,95227384,38.0916224,0,0,-104660.76714,-104891.824305,1,,-104891.824305,-104871.781026,-104903.545811,1
T06,explore,refill_boundary,sha256:2bff3b061a18ed774c5cce47460d8ad7d9ea453a8b8e33712a72b254bbcff848,0,95230718,38.092956,0,0,-104660.76714,-104888.1777,1,,-104888.1777,-104902.547662,-104877.598138,1
T06,explore,refill_boundary,sha256:2bff3b061a18ed774c5cce47460d8ad7d9ea453a8b8e33712a72b254bbcff848,0,95234051,38.0942892,0,0,-104660.76714,-104913.377565,1,,-104913.377565,-104937.567309,-104889.225475,1
T06,explore,refill_boundary,sha256:2bff3b061a18ed774c5cce47460d8ad7d9ea453a8b8e33712a72b254bbcff848,0,95237384,38.0956224,0,0,-104660.76714,-104902.251187,1,,-104902.251187,-104933.680549,-104878.076132,1
T06,explore,refill_boundary,sha256:2bff3b061a18ed774c5cce47460d8ad7d9ea453a8b8e33712a72b254bbcff848,0,95240718,38.096956,0,0,-104660.76714,-106660.76714,0,exact_coherence_below_minimum;even_odd_disagreement_above_maximum;tone_deletion_shift_above_maximum;search_boundary,-106794.659825,-104187.795939,-104457.750586,0
T06,explore,refill_boundary,sha256:2bff3b061a18ed774c5cce47460d8ad7d9ea453a8b8e33712a72b254bbcff848,0,95244051,38.0982892,0,0,-104660.76714,-106168.094785,0,exact_coherence_below_minimum;coherence_margin_below_minimum;even_odd_disagreement_above_maximum;timing_spread_above_maximum;half_frame_difference_above_maximum;tone_deletion_shift_above_maximum,-99905.1593102,-106273.737864,-104982.09998,0
T06,explore,refill_boundary,sha256:2bff3b061a18ed774c5cce47460d8ad7d9ea453a8b8e33712a72b254bbcff848,0,95247384,38.0996224,0,0,-104660.76714,-104870.388699,1,,-104870.388699,-104882.726184,-104874.720554,1
T06,explore,early_median_margin,sha256:d04127698d6d235706822be1586e21ab07aff33d78c4641b2ea77ee5805f057c,1,86627341,34.6516052,1,0,134249.082096,132249.082096,0,exact_coherence_below_minimum;even_odd_disagreement_above_maximum;timing_spread_above_maximum;tone_deletion_shift_above_maximum;search_boundary,137901.552837,133309.699497,132967.523586,0
T06,explore,early_median_margin,sha256:d04127698d6d235706822be1586e21ab07aff33d78c4641b2ea77ee5805f057c,1,86630674,34.6529384,1,0,134249.082096,135162.227893,0,exact_coherence_below_minimum;coherence_margin_below_minimum;even_odd_disagreement_above_maximum;timing_spread_above_maximum;half_frame_difference_above_maximum;tone_deletion_shift_above_maximum,136667.604567,135056.644197,134041.383003,0
T06,explore,early_median_margin,sha256:d04127698d6d235706822be1586e21ab07aff33d78c4641b2ea77ee5805f057c,1,86634008,34.654272,1,0,134249.082096,134501.732339,0,exact_coherence_below_minimum;even_odd_disagreement_above_maximum;timing_spread_above_maximum;tone_deletion_shift_above_maximum,134501.732339,136249.082096,134599.243384,0
T06,explore,early_median_margin,sha256:d04127698d6d235706822be1586e21ab07aff33d78c4641b2ea77ee5805f057c,1,86637341,34.6556052,1,0,134249.082096,134318.642335,0,exact_coherence_below_minimum;even_odd_disagreement_above_maximum,134318.642335,134280.287068,134452.928422,1
T06,explore,early_median_margin,sha256:d04127698d6d235706822be1586e21ab07aff33d78c4641b2ea77ee5805f057c,1,86640674,34.6569384,1,0,134249.082096,134261.764466,0,exact_coherence_below_minimum;even_odd_disagreement_above_maximum;timing_spread_above_maximum,134261.764466,133355.285792,134266.392932,0
T06,explore,early_median_margin,sha256:d04127698d6d235706822be1586e21ab07aff33d78c4641b2ea77ee5805f057c,1,86644008,34.658272,1,0,134249.082096,134310.039024,0,exact_coherence_below_minimum;even_odd_disagreement_above_maximum;tone_deletion_shift_above_maximum,134310.039024,133122.900738,134405.847969,0
T06,explore,early_median_margin,sha256:d04127698d6d235706822be1586e21ab07aff33d78c4641b2ea77ee5805f057c,1,86647341,34.6596052,1,0,134249.082096,134073.080801,0,exact_coherence_below_minimum;coherence_margin_below_minimum;even_odd_disagreement_above_maximum;timing_spread_above_maximum;tone_deletion_shift_above_maximum,134073.080801,133916.998838,132557.018618,0
T06,explore,early_median_margin,sha256:d04127698d6d235706822be1586e21ab07aff33d78c4641b2ea77ee5805f057c,1,86650674,34.6609384,1,0,134249.082096,133555.109135,0,exact_coherence_below_minimum;coherence_margin_below_minimum;even_odd_disagreement_above_maximum;timing_spread_above_maximum;half_frame_difference_above_maximum;tone_deletion_shift_above_maximum,130589.118215,133314.777038,133534.852107,0
T06,explore,early_median_margin,sha256:d04127698d6d235706822be1586e21ab07aff33d78c4641b2ea77ee5805f057c,1,86654008,34.662272,1,0,134249.082096,134258.29589,0,exact_coherence_below_minimum;even_odd_disagreement_above_maximum,134258.29589,134997.563864,134255.0611,0
T06,explore,early_median_margin,sha256:d04127698d6d235706822be1586e21ab07aff33d78c4641b2ea77ee5805f057c,1,86657341,34.6636052,1,0,134249.082096,134373.647307,0,exact_coherence_below_minimum;timing_spread_above_maximum,134373.647307,134357.179325,134352.681028,0
T06,explore,early_median_margin,sha256:d04127698d6d235706822be1586e21ab07aff33d78c4641b2ea77ee5805f057c,1,86660674,34.6649384,1,0,134249.082096,134217.011537,0,exact_coherence_below_minimum,134217.011537,134225.308034,134281.620292,1
T06,explore,early_median_margin,sha256:d04127698d6d235706822be1586e21ab07aff33d78c4641b2ea77ee5805f057c,1,86664008,34.666272,1,0,134249.082096,134172.854407,0,exact_coherence_below_minimum;tone_deletion_shift_above_maximum,134172.854407,134210.666187,134133.584857,0
T06,explore,early_median_margin,sha256:d04127698d6d235706822be1586e21ab07aff33d78c4641b2ea77ee5805f057c,1,86667341,34.6676052,1,0,134249.082096,134438.626827,0,exact_coherence_below_minimum;even_odd_disagreement_above_maximum;tone_deletion_shift_above_maximum,134438.626827,133197.014177,134384.474695,0
T06,explore,early_median_margin,sha256:d04127698d6d235706822be1586e21ab07aff33d78c4641b2ea77ee5805f057c,1,86670674,34.6689384,1,0,134249.082096,136029.346703,0,exact_coherence_below_minimum;coherence_margin_below_minimum;even_odd_disagreement_above_maximum;timing_spread_above_maximum;half_frame_difference_above_maximum;tone_deletion_shift_above_maximum,129186.423841,135903.518082,136008.314359,0
T06,explore,early_median_margin,sha256:d04127698d6d235706822be1586e21ab07aff33d78c4641b2ea77ee5805f057c,1,86674008,34.670272,1,0,134249.082096,134301.505859,0,exact_coherence_below_minimum;even_odd_disagreement_above_maximum;timing_spread_above_maximum;half_frame_difference_above_maximum;tone_deletion_shift_above_maximum,134301.505859,132788.533046,135513.774474,0
T06,explore,early_median_margin,sha256:d04127698d6d235706822be1586e21ab07aff33d78c4641b2ea77ee5805f057c,1,86677341,34.6716052,1,0,134249.082096,134308.970156,0,exact_coherence_below_minimum;even_odd_disagreement_above_maximum;timing_spread_above_maximum;half_frame_difference_above_maximum,134308.970156,134273.905995,135609.001004,1
T06,explore,early_median_margin,sha256:d04127698d6d235706822be1586e21ab07aff33d78c4641b2ea77ee5805f057c,1,86680674,34.6729384,1,0,134249.082096,134169.464089,0,exact_coherence_below_minimum,134169.464089,134208.817211,134137.865832,1
T06,explore,early_median_margin,sha256:d04127698d6d235706822be1586e21ab07aff33d78c4641b2ea77ee5805f057c,1,86684008,34.674272,1,0,134249.082096,134059.962815,0,exact_coherence_below_minimum;even_odd_disagreement_above_maximum;timing_spread_above_maximum;half_frame_difference_above_maximum;tone_deletion_shift_above_maximum,134059.962815,133955.119861,134500.789655,0
T06,explore,early_median_margin,sha256:d04127698d6d235706822be1586e21ab07aff33d78c4641b2ea77ee5805f057c,1,86687341,34.6756052,1,0,134249.082096,133427.885463,0,exact_coherence_below_minimum;even_odd_disagreement_above_maximum;timing_spread_above_maximum;half_frame_difference_above_maximum;tone_deletion_shift_above_maximum,133427.885463,136104.850901,135498.210476,0
T06,explore,early_median_margin,sha256:d04127698d6d235706822be1586e21ab07aff33d78c4641b2ea77ee5805f057c,1,86690674,34.6769384,1,0,134249.082096,134748.411705,0,exact_coherence_below_minimum;coherence_margin_below_minimum;even_odd_disagreement_above_maximum;timing_spread_above_maximum;half_frame_difference_above_maximum;tone_deletion_shift_above_maximum,130769.530343,134376.801354,134530.532473,0
T06,explore,early_median_margin,sha256:d04127698d6d235706822be1586e21ab07aff33d78c4641b2ea77ee5805f057c,1,86694008,34.678272,1,0,134249.082096,134176.623843,0,exact_coherence_below_minimum;even_odd_disagreement_above_maximum,134176.623843,134103.129207,134226.63376,0
T06,explore,early_median_margin,sha256:d04127698d6d235706822be1586e21ab07aff33d78c4641b2ea77ee5805f057c,1,86697341,34.6796052,1,0,134249.082096,134224.569708,0,exact_coherence_below_minimum;even_odd_disagreement_above_maximum;timing_spread_above_maximum;half_frame_difference_above_maximum,134224.569708,134130.051467,134316.122103,0
T06,explore,early_median_margin,sha256:d04127698d6d235706822be1586e21ab07aff33d78c4641b2ea77ee5805f057c,1,86700674,34.6809384,1,0,134249.082096,134239.336818,0,exact_coherence_below_minimum;even_odd_disagreement_above_maximum;half_frame_difference_above_maximum,134239.336818,134321.551852,134191.360944,0
T06,explore,early_median_margin,sha256:d04127698d6d235706822be1586e21ab07aff33d78c4641b2ea77ee5805f057c,1,86704008,34.682272,1,0,134249.082096,134248.757346,0,exact_coherence_below_minimum;even_odd_disagreement_above_maximum;half_frame_difference_above_maximum,134248.757346,134361.987452,133120.115513,0
T06,explore,early_median_margin,sha256:d04127698d6d235706822be1586e21ab07aff33d78c4641b2ea77ee5805f057c,1,86707341,34.6836052,1,0,134249.082096,132249.082096,0,exact_coherence_below_minimum;coherence_margin_below_minimum;even_odd_disagreement_above_maximum;timing_spread_above_maximum;half_frame_difference_above_maximum;tone_deletion_shift_above_maximum;search_boundary,138232.776458,135791.939389,132537.571949,0
T06,explore,early_median_margin,sha256:d04127698d6d235706822be1586e21ab07aff33d78c4641b2ea77ee5805f057c,1,86710674,34.6849384,1,0,134249.082096,136249.082096,0,exact_coherence_below_minimum;even_odd_disagreement_above_maximum;timing_spread_above_maximum;half_frame_difference_above_maximum;tone_deletion_shift_above_maximum;search_boundary,131068.379187,134771.589832,135908.552344,0
T06,explore,early_median_margin,sha256:d04127698d6d235706822be1586e21ab07aff33d78c4641b2ea77ee5805f057c,1,86714008,34.686272,1,0,134249.082096,132594.592694,0,exact_coherence_below_minimum;even_odd_disagreement_above_maximum;timing_spread_above_maximum;half_frame_difference_above_maximum;tone_deletion_shift_above_maximum,129308.817907,132473.84869,133673.35786,0
T06,explore,early_median_margin,sha256:d04127698d6d235706822be1586e21ab07aff33d78c4641b2ea77ee5805f057c,1,86717341,34.6876052,1,0,134249.082096,133186.41747,0,exact_coherence_below_minimum;even_odd_disagreement_above_maximum;tone_deletion_shift_above_maximum,133186.41747,135217.92986,134694.147299,0
T06,explore,early_median_margin,sha256:d04127698d6d235706822be1586e21ab07aff33d78c4641b2ea77ee5805f057c,1,86720674,34.6889384,1,0,134249.082096,134139.594486,0,exact_coherence_below_minimum,134139.594486,134156.010488,134232.594263,0
T06,explore,early_median_margin,sha256:d04127698d6d235706822be1586e21ab07aff33d78c4641b2ea77ee5805f057c,1,86724008,34.690272,1,0,134249.082096,133432.174635,0,exact_coherence_below_minimum;even_odd_disagreement_above_maximum;timing_spread_above_maximum;half_frame_difference_above_maximum;tone_deletion_shift_above_maximum,137409.754675,135454.73342,133182.356692,0
T06,explore,early_median_margin,sha256:d04127698d6d235706822be1586e21ab07aff33d78c4641b2ea77ee5805f057c,1,86727341,34.6916052,1,0,134249.082096,133260.808388,0,exact_coherence_below_minimum;even_odd_disagreement_above_maximum;half_frame_difference_above_maximum,133260.808388,133213.367842,136249.082096,0
T06,explore,early_median_margin,sha256:d04127698d6d235706822be1586e21ab07aff33d78c4641b2ea77ee5805f057c,1,86730674,34.6929384,1,0,134249.082096,134141.06902,0,exact_coherence_below_minimum,134141.06902,134193.726101,134157.111021,0
T06,explore,early_median_margin,sha256:d04127698d6d235706822be1586e21ab07aff33d78c4641b2ea77ee5805f057c,1,86734008,34.694272,1,0,134249.082096,134047.315954,0,exact_coherence_below_minimum;even_odd_disagreement_above_maximum;timing_spread_above_maximum;half_frame_difference_above_maximum;tone_deletion_shift_above_maximum,134047.315954,134060.340791,134384.513073,0
T06,explore,early_median_margin,sha256:d04127698d6d235706822be1586e21ab07aff33d78c4641b2ea77ee5805f057c,1,86737341,34.6956052,1,0,134249.082096,134204.521943,0,exact_coherence_below_minimum,134204.521943,134123.196847,134209.129705,1
T06,explore,early_median_margin,sha256:d04127698d6d235706822be1586e21ab07aff33d78c4641b2ea77ee5805f057c,1,86740674,34.6969384,1,0,134249.082096,134119.425511,0,exact_coherence_below_minimum;even_odd_disagreement_above_maximum;timing_spread_above_maximum,134119.425511,133791.26291,134160.847746,0
T06,explore,early_median_margin,sha256:d04127698d6d235706822be1586e21ab07aff33d78c4641b2ea77ee5805f057c,1,86744008,34.698272,1,0,134249.082096,132338.122863,0,exact_coherence_below_minimum;timing_spread_above_maximum;tone_deletion_shift_above_maximum,139704.918948,132300.768979,132270.645925,0
T06,explore,early_median_margin,sha256:d04127698d6d235706822be1586e21ab07aff33d78c4641b2ea77ee5805f057c,1,86747341,34.6996052,1,0,134249.082096,132849.77495,0,exact_coherence_below_minimum;coherence_margin_below_minimum;even_odd_disagreement_above_maximum;timing_spread_above_maximum;half_frame_difference_above_maximum;tone_deletion_shift_above_maximum,136701.606429,132985.646428,136249.082096,0
T06,explore,early_median_margin,sha256:d04127698d6d235706822be1586e21ab07aff33d78c4641b2ea77ee5805f057c,1,86750674,34.7009384,1,0,134249.082096,134177.796977,0,exact_coherence_below_minimum;even_odd_disagreement_above_maximum;timing_spread_above_maximum,134177.796977,134122.608112,132249.082096,0
T06,explore,early_median_margin,sha256:d04127698d6d235706822be1586e21ab07aff33d78c4641b2ea77ee5805f057c,1,86754008,34.702272,1,0,134249.082096,133983.049226,0,exact_coherence_below_minimum;timing_spread_above_maximum,133983.049226,133958.039143,133996.407427,0
T06,explore,early_median_margin,sha256:d04127698d6d235706822be1586e21ab07aff33d78c4641b2ea77ee5805f057c,1,86757341,34.7036052,1,0,134249.082096,134095.13189,0,exact_coherence_below_minimum;even_odd_disagreement_above_maximum;timing_spread_above_maximum,134095.13189,133949.977179,134106.147584,0
T06,explore,early_median_margin,sha256:d04127698d6d235706822be1586e21ab07aff33d78c4641b2ea77ee5805f057c,1,86760674,34.7049384,1,0,134249.082096,134119.812308,1,,134119.812308,134113.034393,134165.874307,1
T06,explore,early_median_margin,sha256:d04127698d6d235706822be1586e21ab07aff33d78c4641b2ea77ee5805f057c,1,86764008,34.706272,1,0,134249.082096,134422.687479,0,exact_coherence_below_minimum;coherence_margin_below_minimum;even_odd_disagreement_above_maximum;half_frame_difference_above_maximum;tone_deletion_shift_above_maximum,129762.761732,134606.804792,132270.375566,0
T06,explore,early_median_margin,sha256:d04127698d6d235706822be1586e21ab07aff33d78c4641b2ea77ee5805f057c,1,86767341,34.7076052,0,1,134249.082096,,0,refill_boundary_crossing,,,,0
T06,explore,early_median_margin,sha256:d04127698d6d235706822be1586e21ab07aff33d78c4641b2ea77ee5805f057c,1,86770674,34.7089384,1,0,134249.082096,134150.230417,0,exact_coherence_below_minimum;timing_spread_above_maximum;tone_deletion_shift_above_maximum,134150.230417,134170.027372,134074.98259,0
T06,explore,early_median_margin,sha256:d04127698d6d235706822be1586e21ab07aff33d78c4641b2ea77ee5805f057c,1,86774008,34.710272,1,0,134249.082096,133990.658017,0,exact_coherence_below_minimum;even_odd_disagreement_above_maximum;timing_spread_above_maximum;tone_deletion_shift_above_maximum,133990.658017,134011.52448,134189.777266,0
T06,explore,early_median_margin,sha256:d04127698d6d235706822be1586e21ab07aff33d78c4641b2ea77ee5805f057c,1,86777341,34.7116052,1,0,134249.082096,134130.624216,0,exact_coherence_below_minimum;even_odd_disagreement_above_maximum,134130.624216,134306.03846,134021.341251,0
T06,explore,early_median_margin,sha256:d04127698d6d235706822be1586e21ab07aff33d78c4641b2ea77ee5805f057c,1,86780674,34.7129384,1,0,134249.082096,134049.125902,0,exact_coherence_below_minimum;even_odd_disagreement_above_maximum,134049.125902,133959.768312,134107.383446,0
T06,explore,early_median_margin,sha256:d04127698d6d235706822be1586e21ab07aff33d78c4641b2ea77ee5805f057c,1,86784008,34.714272,1,0,134249.082096,133215.770919,0,exact_coherence_below_minimum;coherence_margin_below_minimum;even_odd_disagreement_above_maximum;timing_spread_above_maximum;half_frame_difference_above_maximum;tone_deletion_shift_above_maximum,133215.770919,133164.158843,133907.646137,0
T06,explore,early_median_margin,sha256:d04127698d6d235706822be1586e21ab07aff33d78c4641b2ea77ee5805f057c,1,86787341,34.7156052,1,0,134249.082096,133680.081971,0,exact_coherence_below_minimum;even_odd_disagreement_above_maximum;timing_spread_above_maximum;half_frame_difference_above_maximum;tone_deletion_shift_above_maximum,133680.081971,133714.014587,136192.303853,0
T06,explore,early_median_margin,sha256:d04127698d6d235706822be1586e21ab07aff33d78c4641b2ea77ee5805f057c,1,86790674,34.7169384,1,0,134249.082096,134104.781914,0,exact_coherence_below_minimum;timing_spread_above_maximum,134104.781914,134148.601567,134075.849506,1
T06,explore,early_median_margin,sha256:d04127698d6d235706822be1586e21ab07aff33d78c4641b2ea77ee5805f057c,1,86794008,34.718272,1,0,134249.082096,134162.589124,1,,134162.589124,134134.454852,134159.008655,1
T06,explore,early_median_margin,sha256:d04127698d6d235706822be1586e21ab07aff33d78c4641b2ea77ee5805f057c,1,86797341,34.7196052,1,0,134249.082096,134042.668173,0,exact_coherence_below_minimum;even_odd_disagreement_above_maximum,134042.668173,134151.992112,133988.759914,0
T06,explore,early_median_margin,sha256:d04127698d6d235706822be1586e21ab07aff33d78c4641b2ea77ee5805f057c,1,86800674,34.7209384,1,0,134249.082096,134038.362497,1,,134038.362497,134085.277083,133988.64803,1
T06,explore,early_median_margin,sha256:d04127698d6d235706822be1586e21ab07aff33d78c4641b2ea77ee5805f057c,1,86804008,34.722272,1,0,134249.082096,133530.493908,0,exact_coherence_below_minimum;even_odd_disagreement_above_maximum;timing_spread_above_maximum;half_frame_difference_above_maximum;tone_deletion_shift_above_maximum,137589.589901,133493.229075,135682.910074,0
T06,explore,early_median_margin,sha256:d04127698d6d235706822be1586e21ab07aff33d78c4641b2ea77ee5805f057c,1,86807341,34.7236052,1,0,134249.082096,132739.615261,0,exact_coherence_below_minimum;even_odd_disagreement_above_maximum;timing_spread_above_maximum;half_frame_difference_above_maximum;tone_deletion_shift_above_maximum,132739.615261,132651.581248,132249.082096,0
T06,explore,early_median_margin,sha256:d04127698d6d235706822be1586e21ab07aff33d78c4641b2ea77ee5805f057c,1,86810674,34.7249384,1,0,134249.082096,133971.933963,1,,133971.933963,134022.681017,133963.595305,0
T06,explore,high_margin,sha256:d04127698d6d235706822be1586e21ab07aff33d78c4641b2ea77ee5805f057c,1,85750669,34.3009364,1,0,135426.401918,135642.019147,0,exact_coherence_below_minimum;timing_spread_above_maximum,135642.019147,135643.65805,135596.542152,0
T06,explore,high_margin,sha256:d04127698d6d235706822be1586e21ab07aff33d78c4641b2ea77ee5805f057c,1,85754002,34.3022696,1,0,135426.401918,135466.737481,0,exact_coherence_below_minimum;even_odd_disagreement_above_maximum;timing_spread_above_maximum,135466.737481,135358.675898,135603.331715,0
T06,explore,high_margin,sha256:d04127698d6d235706822be1586e21ab07aff33d78c4641b2ea77ee5805f057c,1,85757336,34.3036032,1,0,135426.401918,135442.53398,0,exact_coherence_below_minimum,135442.53398,135446.67732,135444.636134,1
T06,explore,high_margin,sha256:d04127698d6d235706822be1586e21ab07aff33d78c4641b2ea77ee5805f057c,1,85760669,34.3049364,1,0,135426.401918,136294.293535,0,exact_coherence_below_minimum;coherence_margin_below_minimum;even_odd_disagreement_above_maximum;timing_spread_above_maximum;tone_deletion_shift_above_maximum,138310.082879,136253.34912,133692.881331,0
T06,explore,high_margin,sha256:d04127698d6d235706822be1586e21ab07aff33d78c4641b2ea77ee5805f057c,1,85764002,34.3062696,1,0,135426.401918,137426.401918,0,exact_coherence_below_minimum;even_odd_disagreement_above_maximum;half_frame_difference_above_maximum;tone_deletion_shift_above_maximum;search_boundary,137657.859174,133526.2219,137113.51704,0
T06,explore,high_margin,sha256:d04127698d6d235706822be1586e21ab07aff33d78c4641b2ea77ee5805f057c,1,85767336,34.3076032,1,0,135426.401918,135615.704347,0,exact_coherence_below_minimum,135615.704347,135615.418151,135645.565037,0
T06,explore,high_margin,sha256:d04127698d6d235706822be1586e21ab07aff33d78c4641b2ea77ee5805f057c,1,85770669,34.3089364,1,0,135426.401918,135495.667237,0,exact_coherence_below_minimum;even_odd_disagreement_above_maximum;timing_spread_above_maximum,135495.667237,135698.642401,135530.532148,0
T06,explore,high_margin,sha256:d04127698d6d235706822be1586e21ab07aff33d78c4641b2ea77ee5805f057c,1,85774002,34.3102696,1,0,135426.401918,135495.951243,0,exact_coherence_below_minimum;timing_spread_above_maximum,135495.951243,135551.308275,135589.621395,0
T06,explore,high_margin,sha256:d04127698d6d235706822be1586e21ab07aff33d78c4641b2ea77ee5805f057c,1,85777336,34.3116032,1,0,135426.401918,135409.76288,0,exact_coherence_below_minimum,135409.76288,135394.067492,135411.396291,0
T06,explore,high_margin,sha256:d04127698d6d235706822be1586e21ab07aff33d78c4641b2ea77ee5805f057c,1,85780669,34.3129364,1,0,135426.401918,135985.817069,0,exact_coherence_below_minimum;coherence_margin_below_minimum;even_odd_disagreement_above_maximum;timing_spread_above_maximum;half_frame_difference_above_maximum;tone_deletion_shift_above_maximum,140029.162217,136161.03052,136011.493802,0
T06,explore,high_margin,sha256:d04127698d6d235706822be1586e21ab07aff33d78c4641b2ea77ee5805f057c,1,85784002,34.3142696,1,0,135426.401918,135759.188886,0,exact_coherence_below_minimum;even_odd_disagreement_above_maximum;timing_spread_above_maximum;half_frame_difference_above_maximum;tone_deletion_shift_above_maximum,129950.53717,133426.401918,135780.782864,0
T06,explore,high_margin,sha256:d04127698d6d235706822be1586e21ab07aff33d78c4641b2ea77ee5805f057c,1,85787336,34.3156032,1,0,135426.401918,135475.277426,0,exact_coherence_below_minimum;even_odd_disagreement_above_maximum,135475.277426,135339.352596,135456.637301,0
T06,explore,high_margin,sha256:d04127698d6d235706822be1586e21ab07aff33d78c4641b2ea77ee5805f057c,1,85790669,34.3169364,1,0,135426.401918,135380.157963,0,exact_coherence_below_minimum;even_odd_disagreement_above_maximum,135380.157963,135777.62858,135435.780647,0
T06,explore,high_margin,sha256:d04127698d6d235706822be1586e21ab07aff33d78c4641b2ea77ee5805f057c,1,85794002,34.3182696,1,0,135426.401918,135509.177437,0,exact_coherence_below_minimum,135509.177437,135460.576424,135491.477279,0
T06,explore,high_margin,sha256:d04127698d6d235706822be1586e21ab07aff33d78c4641b2ea77ee5805f057c,1,85797336,34.3196032,1,0,135426.401918,135452.506607,0,exact_coherence_below_minimum;even_odd_disagreement_above_maximum;timing_spread_above_maximum;tone_deletion_shift_above_maximum,135452.506607,135296.499541,135605.902652,0
T06,explore,high_margin,sha256:d04127698d6d235706822be1586e21ab07aff33d78c4641b2ea77ee5805f057c,1,85800669,34.3209364,1,0,135426.401918,135434.114143,0,exact_coherence_below_minimum;even_odd_disagreement_above_maximum;timing_spread_above_maximum;tone_deletion_shift_above_maximum,138542.265059,135739.652174,135089.550012,0
T06,explore,high_margin,sha256:d04127698d6d235706822be1586e21ab07aff33d78c4641b2ea77ee5805f057c,1,85804002,34.3222696,1,0,135426.401918,136523.034805,0,exact_coherence_below_minimum;coherence_margin_below_minimum;even_odd_disagreement_above_maximum;timing_spread_above_maximum;tone_deletion_shift_above_maximum,138569.089717,136270.005307,133949.694731,0
T06,explore,high_margin,sha256:d04127698d6d235706822be1586e21ab07aff33d78c4641b2ea77ee5805f057c,1,85807336,34.3236032,1,0,135426.401918,135443.42884,0,exact_coherence_below_minimum;even_odd_disagreement_above_maximum;timing_spread_above_maximum;tone_deletion_shift_above_maximum,135443.42884,136052.662912,135527.884077,0
T06,explore,high_margin,sha256:d04127698d6d235706822be1586e21ab07aff33d78c4641b2ea77ee5805f057c,1,85810669,34.3249364,1,0,135426.401918,135542.462114,0,exact_coherence_below_minimum;timing_spread_above_maximum,135542.462114,135499.199581,135559.133209,0
T06,explore,high_margin,sha256:d04127698d6d235706822be1586e21ab07aff33d78c4641b2ea77ee5805f057c,1,85814002,34.3262696,1,0,135426.401918,135471.842156,0,exact_coherence_below_minimum,135471.842156,135484.279755,135472.518969,0
T06,explore,high_margin,sha256:d04127698d6d235706822be1586e21ab07aff33d78c4641b2ea77ee5805f057c,1,85817336,34.3276032,1,0,135426.401918,135380.396726,0,exact_coherence_below_minimum;even_odd_disagreement_above_maximum,135380.396726,135327.190607,135436.515119,0
T06,explore,high_margin,sha256:d04127698d6d235706822be1586e21ab07aff33d78c4641b2ea77ee5805f057c,1,85820669,34.3289364,1,0,135426.401918,136062.347412,0,exact_coherence_below_minimum;even_odd_disagreement_above_maximum;timing_spread_above_maximum;half_frame_difference_above_maximum;tone_deletion_shift_above_maximum,140205.841594,134862.389152,133426.401918,0
T06,explore,high_margin,sha256:d04127698d6d235706822be1586e21ab07aff33d78c4641b2ea77ee5805f057c,1,85824002,34.3302696,1,0,135426.401918,134129.942931,0,exact_coherence_below_minimum;coherence_margin_below_minimum;even_odd_disagreement_above_maximum;timing_spread_above_maximum;half_frame_difference_above_maximum;tone_deletion_shift_above_maximum,139939.013373,134064.528911,134913.528705,0
T06,explore,high_margin,sha256:d04127698d6d235706822be1586e21ab07aff33d78c4641b2ea77ee5805f057c,1,85827336,34.3316032,1,0,135426.401918,135339.050835,0,exact_coherence_below_minimum;even_odd_disagreement_above_maximum;tone_deletion_shift_above_maximum,135339.050835,135584.387989,135443.041729,0
T06,explore,high_margin,sha256:d04127698d6d235706822be1586e21ab07aff33d78c4641b2ea77ee5805f057c,1,85830669,34.3329364,1,0,135426.401918,135363.986692,0,exact_coherence_below_minimum,135363.986692,135372.201247,135430.100172,0
T06,explore,high_margin,sha256:d04127698d6d235706822be1586e21ab07aff33d78c4641b2ea77ee5805f057c,1,85834002,34.3342696,1,0,135426.401918,135446.167537,0,exact_coherence_below_minimum,135446.167537,135407.140582,135476.393088,1
T06,explore,high_margin,sha256:d04127698d6d235706822be1586e21ab07aff33d78c4641b2ea77ee5805f057c,1,85837336,34.3356032,1,0,135426.401918,135379.24538,0,exact_coherence_below_minimum,135379.24538,135300.626751,135386.106181,0
T06,explore,high_margin,sha256:d04127698d6d235706822be1586e21ab07aff33d78c4641b2ea77ee5805f057c,1,85840669,34.3369364,1,0,135426.401918,135300.791325,0,exact_coherence_below_minimum;even_odd_disagreement_above_maximum;timing_spread_above_maximum;half_frame_difference_above_maximum;tone_deletion_shift_above_maximum,132694.189809,136255.864404,135260.746334,0
T06,explore,high_margin,sha256:d04127698d6d235706822be1586e21ab07aff33d78c4641b2ea77ee5805f057c,1,85844002,34.3382696,1,0,135426.401918,137279.683803,0,exact_coherence_below_minimum;even_odd_disagreement_above_maximum;timing_spread_above_maximum;half_frame_difference_above_maximum;tone_deletion_shift_above_maximum,137279.683803,134149.021237,133501.526536,0
T06,explore,high_margin,sha256:d04127698d6d235706822be1586e21ab07aff33d78c4641b2ea77ee5805f057c,1,85847336,34.3396032,1,0,135426.401918,135370.785806,0,exact_coherence_below_minimum,135370.785806,135398.410287,135436.045417,0
T06,explore,high_margin,sha256:d04127698d6d235706822be1586e21ab07aff33d78c4641b2ea77ee5805f057c,1,85850669,34.3409364,1,0,135426.401918,135363.71574,0,exact_coherence_below_minimum;even_odd_disagreement_above_maximum;timing_spread_above_maximum,135363.71574,135270.909713,135423.523243,0
T06,explore,high_margin,sha256:d04127698d6d235706822be1586e21ab07aff33d78c4641b2ea77ee5805f057c,1,85854002,34.3422696,1,0,135426.401918,135325.146546,0,exact_coherence_below_minimum,135325.146546,135312.556891,135361.596084,0
T06,explore,high_margin,sha256:d04127698d6d235706822be1586e21ab07aff33d78c4641b2ea77ee5805f057c,1,85857336,34.3436032,1,0,135426.401918,135311.595167,0,exact_coherence_below_minimum;even_odd_disagreement_above_maximum;timing_spread_above_maximum;half_frame_difference_above_maximum,135311.595167,135461.924231,135277.867063,0
T06,explore,high_margin,sha256:d04127698d6d235706822be1586e21ab07aff33d78c4641b2ea77ee5805f057c,1,85860669,34.3449364,1,0,135426.401918,134493.131398,0,exact_coherence_below_minimum;coherence_margin_below_minimum;even_odd_disagreement_above_maximum;timing_spread_above_maximum;half_frame_difference_above_maximum;tone_deletion_shift_above_maximum,131497.013523,136714.708001,134426.117163,0
T06,explore,high_margin,sha256:d04127698d6d235706822be1586e21ab07aff33d78c4641b2ea77ee5805f057c,1,85864002,34.3462696,1,0,135426.401918,135836.563853,0,exact_coherence_below_minimum;coherence_margin_below_minimum;even_odd_disagreement_above_maximum;timing_spread_above_maximum;half_frame_difference_above_maximum;tone_deletion_shift_above_maximum,139731.442299,134235.480869,135893.779455,0
T06,explore,high_margin,sha256:d04127698d6d235706822be1586e21ab07aff33d78c4641b2ea77ee5805f057c,1,85867336,34.3476032,1,0,135426.401918,135390.581548,0,exact_coherence_below_minimum;even_odd_disagreement_above_maximum,135390.581548,135318.288464,135465.633801,1
T06,explore,high_margin,sha256:d04127698d6d235706822be1586e21ab07aff33d78c4641b2ea77ee5805f057c,1,85870669,34.3489364,1,0,135426.401918,135325.513775,0,exact_coherence_below_minimum;even_odd_disagreement_above_maximum;timing_spread_above_maximum,135325.513775,135257.735465,135359.379817,0
T06,explore,high_margin,sha256:d04127698d6d235706822be1586e21ab07aff33d78c4641b2ea77ee5805f057c,1,85874002,34.3502696,1,0,135426.401918,135329.640935,0,exact_coherence_below_minimum,135329.640935,135358.617068,135344.070523,1
T06,explore,high_margin,sha256:d04127698d6d235706822be1586e21ab07aff33d78c4641b2ea77ee5805f057c,1,85877336,34.3516032,1,0,135426.401918,135387.581007,0,exact_coherence_below_minimum,135387.581007,135355.643976,135390.5391,1
T06,explore,high_margin,sha256:d04127698d6d235706822be1586e21ab07aff33d78c4641b2ea77ee5805f057c,1,85880669,34.3529364,1,0,135426.401918,134417.750512,0,exact_coherence_below_minimum;even_odd_disagreement_above_maximum;half_frame_difference_above_maximum;tone_deletion_shift_above_maximum,134417.750512,135843.842444,134435.919817,0
T06,explore,high_margin,sha256:d04127698d6d235706822be1586e21ab07aff33d78c4641b2ea77ee5805f057c,1,85884002,34.3542696,1,0,135426.401918,134323.757834,0,exact_coherence_below_minimum;even_odd_disagreement_above_maximum;tone_deletion_shift_above_maximum,131664.666907,133570.565504,134271.105888,0
T06,explore,high_margin,sha256:d04127698d6d235706822be1586e21ab07aff33d78c4641b2ea77ee5805f057c,1,85887336,34.3556032,1,0,135426.401918,135318.343357,0,exact_coherence_below_minimum,135318.343357,135324.391696,135266.464883,1
T06,explore,high_margin,sha256:d04127698d6d235706822be1586e21ab07aff33d78c4641b2ea77ee5805f057c,1,85890669,34.3569364,1,0,135426.401918,135314.481088,1,,135314.481088,135344.30963,135300.824695,1
T06,explore,high_margin,sha256:d04127698d6d235706822be1586e21ab07aff33d78c4641b2ea77ee5805f057c,1,85894002,34.3582696,1,0,135426.401918,135308.810138,1,,135308.810138,135264.14192,135341.391366,1
T06,explore,high_margin,sha256:d04127698d6d235706822be1586e21ab07aff33d78c4641b2ea77ee5805f057c,1,85897336,34.3596032,1,0,135426.401918,135342.161552,0,exact_coherence_below_minimum;even_odd_disagreement_above_maximum;timing_spread_above_maximum;tone_deletion_shift_above_maximum,135342.161552,135455.623506,135306.595915,0
T06,explore,high_margin,sha256:d04127698d6d235706822be1586e21ab07aff33d78c4641b2ea77ee5805f057c,1,85900669,34.3609364,1,0,135426.401918,135546.940224,0,exact_coherence_below_minimum;even_odd_disagreement_above_maximum;half_frame_difference_above_maximum,135546.940224,135514.914971,136096.193518,0
T06,explore,high_margin,sha256:d04127698d6d235706822be1586e21ab07aff33d78c4641b2ea77ee5805f057c,1,85904002,34.3622696,1,0,135426.401918,134341.711329,0,exact_coherence_below_minimum;even_odd_disagreement_above_maximum;timing_spread_above_maximum;half_frame_difference_above_maximum;tone_deletion_shift_above_maximum,134341.711329,136880.763471,136216.574106,0
T06,explore,high_margin,sha256:d04127698d6d235706822be1586e21ab07aff33d78c4641b2ea77ee5805f057c,1,85907336,34.3636032,1,0,135426.401918,135232.048457,0,exact_coherence_below_minimum;even_odd_disagreement_above_maximum;half_frame_difference_above_maximum,135232.048457,135341.61996,135133.211298,0
T06,explore,high_margin,sha256:d04127698d6d235706822be1586e21ab07aff33d78c4641b2ea77ee5805f057c,1,85910669,34.3649364,1,0,135426.401918,135245.785455,0,exact_coherence_below_minimum;even_odd_disagreement_above_maximum,135245.785455,135175.433078,135315.642598,1
T06,explore,high_margin,sha256:d04127698d6d235706822be1586e21ab07aff33d78c4641b2ea77ee5805f057c,1,85914002,34.3662696,1,0,135426.401918,135230.041598,0,even_odd_disagreement_above_maximum,135230.041598,135307.757027,135147.021239,1
T06,explore,high_margin,sha256:d04127698d6d235706822be1586e21ab07aff33d78c4641b2ea77ee5805f057c,1,85917336,34.3676032,1,0,135426.401918,135269.34658,0,exact_coherence_below_minimum,135269.34658,135288.883237,135264.372713,0
T06,explore,high_margin,sha256:d04127698d6d235706822be1586e21ab07aff33d78c4641b2ea77ee5805f057c,1,85920669,34.3689364,1,0,135426.401918,133448.973537,0,exact_coherence_below_minimum;coherence_margin_below_minimum;even_odd_disagreement_above_maximum;timing_spread_above_maximum;tone_deletion_shift_above_maximum,132466.968697,134130.231928,135256.374263,0
T06,explore,high_margin,sha256:d04127698d6d235706822be1586e21ab07aff33d78c4641b2ea77ee5805f057c,1,85924002,34.3702696,1,0,135426.401918,136815.559062,0,exact_coherence_below_minimum;coherence_margin_below_minimum;even_odd_disagreement_above_maximum;timing_spread_above_maximum;half_frame_difference_above_maximum;tone_deletion_shift_above_maximum,140099.529643,135821.840964,133532.01568,0
T06,explore,high_margin,sha256:d04127698d6d235706822be1586e21ab07aff33d78c4641b2ea77ee5805f057c,1,85927336,34.3716032,1,0,135426.401918,137426.401918,0,exact_coherence_below_minimum;coherence_margin_below_minimum;even_odd_disagreement_above_maximum;timing_spread_above_maximum;half_frame_difference_above_maximum;tone_deletion_shift_above_maximum;search_boundary,132689.809828,135744.303532,134699.746521,0
T06,explore,high_margin,sha256:d04127698d6d235706822be1586e21ab07aff33d78c4641b2ea77ee5805f057c,1,85930669,34.3729364,1,0,135426.401918,135419.640784,0,exact_coherence_below_minimum;even_odd_disagreement_above_maximum;timing_spread_above_maximum;tone_deletion_shift_above_maximum,135419.640784,136877.957153,135475.874628,0
T06,explore,high_margin,sha256:d04127698d6d235706822be1586e21ab07aff33d78c4641b2ea77ee5805f057c,1,85934002,34.3742696,1,0,135426.401918,135211.953519,0,even_odd_disagreement_above_maximum;timing_spread_above_maximum,135211.953519,135311.391746,135090.231753,1
T06,explore,late_median_margin,sha256:d04127698d6d235706822be1586e21ab07aff33d78c4641b2ea77ee5805f057c,1,100690743,40.276966,1,0,114723.708658,113948.297653,0,exact_coherence_below_minimum;even_odd_disagreement_above_maximum;timing_spread_above_maximum;half_frame_difference_above_maximum;tone_deletion_shift_above_maximum,113948.297653,113567.375126,113907.551474,0
T06,explore,late_median_margin,sha256:d04127698d6d235706822be1586e21ab07aff33d78c4641b2ea77ee5805f057c,1,100694076,40.2782992,1,0,114723.708658,114834.191838,0,exact_coherence_below_minimum,114834.191838,114908.806816,114845.654119,0
T06,explore,late_median_margin,sha256:d04127698d6d235706822be1586e21ab07aff33d78c4641b2ea77ee5805f057c,1,100697410,40.2796328,1,0,114723.708658,114739.760808,0,exact_coherence_below_minimum;even_odd_disagreement_above_maximum;half_frame_difference_above_maximum,114739.760808,113696.288934,114702.41695,0
T06,explore,late_median_margin,sha256:d04127698d6d235706822be1586e21ab07aff33d78c4641b2ea77ee5805f057c,1,100700743,40.280966,1,0,114723.708658,114623.385435,0,exact_coherence_below_minimum;even_odd_disagreement_above_maximum;timing_spread_above_maximum;half_frame_difference_above_maximum;tone_deletion_shift_above_maximum,108912.008296,114625.214244,113607.402086,0
T06,explore,late_median_margin,sha256:d04127698d6d235706822be1586e21ab07aff33d78c4641b2ea77ee5805f057c,1,100704076,40.2822992,1,0,114723.708658,114830.754337,0,exact_coherence_below_minimum;even_odd_disagreement_above_maximum;half_frame_difference_above_maximum,114830.754337,113762.528646,114878.517381,0
T06,explore,late_median_margin,sha256:d04127698d6d235706822be1586e21ab07aff33d78c4641b2ea77ee5805f057c,1,100707410,40.2836328,1,0,114723.708658,113518.249971,0,exact_coherence_below_minimum;even_odd_disagreement_above_maximum;timing_spread_above_maximum;half_frame_difference_above_maximum;tone_deletion_shift_above_maximum,113518.249971,113873.910098,113373.947591,0
T06,explore,late_median_margin,sha256:d04127698d6d235706822be1586e21ab07aff33d78c4641b2ea77ee5805f057c,1,100710743,40.284966,1,0,114723.708658,114837.410299,0,exact_coherence_below_minimum;coherence_margin_below_minimum;even_odd_disagreement_above_maximum;timing_spread_above_maximum;half_frame_difference_above_maximum;tone_deletion_shift_above_maximum,118825.039526,114686.085352,115452.515096,0
T06,explore,late_median_margin,sha256:d04127698d6d235706822be1586e21ab07aff33d78c4641b2ea77ee5805f057c,1,100714076,40.2862992,1,0,114723.708658,114672.184071,0,exact_coherence_below_minimum;even_odd_disagreement_above_maximum;half_frame_difference_above_maximum,114672.184071,114571.477714,114972.391191,0
T06,explore,late_median_margin,sha256:d04127698d6d235706822be1586e21ab07aff33d78c4641b2ea77ee5805f057c,1,100717410,40.2876328,1,0,114723.708658,115054.146205,0,exact_coherence_below_minimum;timing_spread_above_maximum;tone_deletion_shift_above_maximum,110412.331707,114970.446414,114906.93631,0
T06,explore,late_median_margin,sha256:d04127698d6d235706822be1586e21ab07aff33d78c4641b2ea77ee5805f057c,1,100720743,40.288966,1,0,114723.708658,114843.200761,0,exact_coherence_below_minimum;even_odd_disagreement_above_maximum,114843.200761,114706.613769,114912.342171,0
T06,explore,late_median_margin,sha256:d04127698d6d235706822be1586e21ab07aff33d78c4641b2ea77ee5805f057c,1,100724076,40.2902992,1,0,114723.708658,114920.244979,0,exact_coherence_below_minimum;even_odd_disagreement_above_maximum;timing_spread_above_maximum;tone_deletion_shift_above_maximum,108723.708658,116317.487768,114917.264314,0
T06,explore,late_median_margin,sha256:d04127698d6d235706822be1586e21ab07aff33d78c4641b2ea77ee5805f057c,1,100727410,40.2916328,1,0,114723.708658,114179.906164,0,exact_coherence_below_minimum;coherence_margin_below_minimum;even_odd_disagreement_above_maximum;timing_spread_above_maximum;half_frame_difference_above_maximum;tone_deletion_shift_above_maximum,118719.319528,114231.502111,113550.474857,0
T06,explore,late_median_margin,sha256:d04127698d6d235706822be1586e21ab07aff33d78c4641b2ea77ee5805f057c,1,100730743,40.292966,1,0,114723.708658,113086.55043,0,exact_coherence_below_minimum;even_odd_disagreement_above_maximum;timing_spread_above_maximum;tone_deletion_shift_above_maximum,111926.642279,114902.796849,115248.11064,0
T06,explore,late_median_margin,sha256:d04127698d6d235706822be1586e21ab07aff33d78c4641b2ea77ee5805f057c,1,100734076,40.2942992,1,0,114723.708658,114625.942431,0,exact_coherence_below_minimum;even_odd_disagreement_above_maximum;timing_spread_above_maximum,114625.942431,114518.523916,114736.464854,0
T06,explore,late_median_margin,sha256:d04127698d6d235706822be1586e21ab07aff33d78c4641b2ea77ee5805f057c,1,100737410,40.2956328,1,0,114723.708658,114661.211873,0,exact_coherence_below_minimum;even_odd_disagreement_above_maximum;timing_spread_above_maximum;half_frame_difference_above_maximum;tone_deletion_shift_above_maximum,114661.211873,115303.897784,114614.552681,0
T06,explore,late_median_margin,sha256:d04127698d6d235706822be1586e21ab07aff33d78c4641b2ea77ee5805f057c,1,100740743,40.296966,1,0,114723.708658,115199.546297,0,exact_coherence_below_minimum;coherence_margin_below_minimum;even_odd_disagreement_above_maximum;timing_spread_above_maximum;tone_deletion_shift_above_maximum,118658.826631,113278.49529,115476.624349,0
T06,explore,late_median_margin,sha256:d04127698d6d235706822be1586e21ab07aff33d78c4641b2ea77ee5805f057c,1,100744076,40.2982992,1,0,114723.708658,114736.785554,0,exact_coherence_below_minimum,114736.785554,114727.065716,114779.700666,0
T06,explore,late_median_margin,sha256:d04127698d6d235706822be1586e21ab07aff33d78c4641b2ea77ee5805f057c,1,100747410,40.2996328,1,0,114723.708658,112723.708658,0,exact_coherence_below_minimum;even_odd_disagreement_above_maximum;timing_spread_above_maximum;half_frame_difference_above_maximum;tone_deletion_shift_above_maximum;search_boundary,112411.680391,114260.283349,115324.489696,0
T06,explore,late_median_margin,sha256:d04127698d6d235706822be1586e21ab07aff33d78c4641b2ea77ee5805f057c,1,100750743,40.300966,1,0,114723.708658,116707.906967,0,exact_coherence_below_minimum;even_odd_disagreement_above_maximum;tone_deletion_shift_above_maximum,116707.906967,116723.708658,116486.308775,0
T06,explore,late_median_margin,sha256:d04127698d6d235706822be1586e21ab07aff33d78c4641b2ea77ee5805f057c,1,100754076,40.3022992,1,0,114723.708658,114714.202034,0,exact_coherence_below_minimum;even_odd_disagreement_above_maximum;timing_spread_above_maximum;tone_deletion_shift_above_maximum,114714.202034,114672.413998,112762.24048,0
T06,explore,late_median_margin,sha256:d04127698d6d235706822be1586e21ab07aff33d78c4641b2ea77ee5805f057c,1,100757410,40.3036328,1,0,114723.708658,114788.402554,0,exact_coherence_below_minimum;timing_spread_above_maximum;tone_deletion_shift_above_maximum,114788.402554,114858.249711,114786.624276,0
T06,explore,late_median_margin,sha256:d04127698d6d235706822be1586e21ab07aff33d78c4641b2ea77ee5805f057c,1,100760743,40.304966,1,0,114723.708658,114607.35794,0,exact_coherence_below_minimum;even_odd_disagreement_above_maximum;timing_spread_above_maximum;half_frame_difference_above_maximum,108824.934152,112850.469504,114741.559416,0
T06,explore,late_median_margin,sha256:d04127698d6d235706822be1586e21ab07aff33d78c4641b2ea77ee5805f057c,1,100764076,40.3062992,1,0,114723.708658,114612.138033,0,exact_coherence_below_minimum;even_odd_disagreement_above_maximum;tone_deletion_shift_above_maximum,114612.138033,114743.363956,113258.675438,0
T06,explore,late_median_margin,sha256:d04127698d6d235706822be1586e21ab07aff33d78c4641b2ea77ee5805f057c,1,100767410,40.3076328,1,0,114723.708658,113516.209924,0,exact_coherence_below_minimum;even_odd_disagreement_above_maximum;timing_spread_above_maximum;half_frame_difference_above_maximum,113516.209924,113691.83573,115561.359394,0
T06,explore,late_median_margin,sha256:d04127698d6d235706822be1586e21ab07aff33d78c4641b2ea77ee5805f057c,1,100770743,40.308966,1,0,114723.708658,114537.423382,0,exact_coherence_below_minimum;coherence_margin_below_minimum;even_odd_disagreement_above_maximum;timing_spread_above_maximum;half_frame_difference_above_maximum;tone_deletion_shift_above_maximum,117338.319067,114582.640181,114857.615055,0
T06,explore,late_median_margin,sha256:d04127698d6d235706822be1586e21ab07aff33d78c4641b2ea77ee5805f057c,1,100774076,40.3102992,1,0,114723.708658,114490.601466,0,exact_coherence_below_minimum;even_odd_disagreement_above_maximum;timing_spread_above_maximum;tone_deletion_shift_above_maximum,114490.601466,114387.080623,114632.998353,0
T06,explore,late_median_margin,sha256:d04127698d6d235706822be1586e21ab07aff33d78c4641b2ea77ee5805f057c,1,100777410,40.3116328,1,0,114723.708658,114551.954766,0,exact_coherence_below_minimum;even_odd_disagreement_above_maximum;half_frame_difference_above_maximum;tone_deletion_shift_above_maximum,120066.038479,116721.122838,114712.511844,0
T06,explore,late_median_margin,sha256:d04127698d6d235706822be1586e21ab07aff33d78c4641b2ea77ee5805f057c,1,100780743,40.312966,1,0,114723.708658,114666.164697,0,exact_coherence_below_minimum;even_odd_disagreement_above_maximum;half_frame_difference_above_maximum,114666.164697,112723.708658,114766.489816,0
T06,explore,late_median_margin,sha256:d04127698d6d235706822be1586e21ab07aff33d78c4641b2ea77ee5805f057c,1,100784076,40.3142992,1,0,114723.708658,114505.768082,0,exact_coherence_below_minimum;even_odd_disagreement_above_maximum;timing_spread_above_maximum;half_frame_difference_above_maximum;tone_deletion_shift_above_maximum,114505.768082,114566.982533,116723.708658,0
T06,explore,late_median_margin,sha256:d04127698d6d235706822be1586e21ab07aff33d78c4641b2ea77ee5805f057c,1,100787410,40.3156328,1,0,114723.708658,113739.917872,0,exact_coherence_below_minimum;coherence_margin_below_minimum;even_odd_disagreement_above_maximum;timing_spread_above_maximum;half_frame_difference_above_maximum;tone_deletion_shift_above_maximum,113739.917872,113816.836584,115554.033704,0
T06,explore,late_median_margin,sha256:d04127698d6d235706822be1586e21ab07aff33d78c4641b2ea77ee5805f057c,1,100790743,40.316966,1,0,114723.708658,116466.810367,0,exact_coherence_below_minimum;coherence_margin_below_minimum;even_odd_disagreement_above_maximum;timing_spread_above_maximum;half_frame_difference_above_maximum;tone_deletion_shift_above_maximum,116466.810367,114994.374533,116229.292859,0
T06,explore,late_median_margin,sha256:d04127698d6d235706822be1586e21ab07aff33d78c4641b2ea77ee5805f057c,1,100794076,40.3182992,1,0,114723.708658,113816.722015,0,exact_coherence_below_minimum;coherence_margin_below_minimum;even_odd_disagreement_above_maximum;timing_spread_above_maximum;tone_deletion_shift_above_maximum,110385.816881,114724.257952,113807.140596,0
T06,explore,late_median_margin,sha256:d04127698d6d235706822be1586e21ab07aff33d78c4641b2ea77ee5805f057c,1,100797410,40.3196328,1,0,114723.708658,113898.702194,0,exact_coherence_below_minimum;even_odd_disagreement_above_maximum;timing_spread_above_maximum,113898.702194,113781.448042,114438.201555,0
T06,explore,late_median_margin,sha256:d04127698d6d235706822be1586e21ab07aff33d78c4641b2ea77ee5805f057c,1,100800743,40.320966,1,0,114723.708658,114671.150989,0,exact_coherence_below_minimum;coherence_margin_below_minimum;even_odd_disagreement_above_maximum;timing_spread_above_maximum;half_frame_difference_above_maximum;tone_deletion_shift_above_maximum,118777.226622,116516.828087,116105.348318,0
T06,explore,late_median_margin,sha256:d04127698d6d235706822be1586e21ab07aff33d78c4641b2ea77ee5805f057c,1,100804076,40.3222992,1,0,114723.708658,114522.505214,0,exact_coherence_below_minimum;even_odd_disagreement_above_maximum;timing_spread_above_maximum;half_frame_difference_above_maximum;tone_deletion_shift_above_maximum,114522.505214,114215.144992,113232.084821,0
T06,explore,late_median_margin,sha256:d04127698d6d235706822be1586e21ab07aff33d78c4641b2ea77ee5805f057c,1,100807410,40.3236328,1,0,114723.708658,114539.718357,0,exact_coherence_below_minimum;even_odd_disagreement_above_maximum;timing_spread_above_maximum;half_frame_difference_above_maximum;tone_deletion_shift_above_maximum,109470.082122,114367.782582,114493.865904,0
T06,explore,late_median_margin,sha256:d04127698d6d235706822be1586e21ab07aff33d78c4641b2ea77ee5805f057c,1,100810743,40.324966,1,0,114723.708658,114047.732094,0,exact_coherence_below_minimum;even_odd_disagreement_above_maximum;half_frame_difference_above_maximum;tone_deletion_shift_above_maximum,114047.732094,116723.708658,113071.181721,0
T06,explore,late_median_margin,sha256:d04127698d6d235706822be1586e21ab07aff33d78c4641b2ea77ee5805f057c,1,100814076,40.3262992,1,0,114723.708658,114635.004011,0,exact_coherence_below_minimum;timing_spread_above_maximum;half_frame_difference_above_maximum,114635.004011,114564.892366,114607.696725,0
T06,explore,late_median_margin,sha256:d04127698d6d235706822be1586e21ab07aff33d78c4641b2ea77ee5805f057c,1,100817410,40.3276328,1,0,114723.708658,114614.400402,0,exact_coherence_below_minimum;even_odd_disagreement_above_maximum;half_frame_difference_above_maximum,114614.400402,114595.648439,113681.316407,0
T06,explore,late_median_margin,sha256:d04127698d6d235706822be1586e21ab07aff33d78c4641b2ea77ee5805f057c,1,100820743,40.328966,1,0,114723.708658,114801.051221,0,exact_coherence_below_minimum;even_odd_disagreement_above_maximum;timing_spread_above_maximum;tone_deletion_shift_above_maximum,114801.051221,112746.196289,114712.706617,0
T06,explore,late_median_margin,sha256:d04127698d6d235706822be1586e21ab07aff33d78c4641b2ea77ee5805f057c,1,100824076,40.3302992,1,0,114723.708658,114462.250253,0,exact_coherence_below_minimum;timing_spread_above_maximum;half_frame_difference_above_maximum,114462.250253,114437.429821,114507.908264,0
T06,explore,late_median_margin,sha256:d04127698d6d235706822be1586e21ab07aff33d78c4641b2ea77ee5805f057c,1,100827410,40.3316328,1,0,114723.708658,112723.708658,0,exact_coherence_below_minimum;coherence_margin_below_minimum;even_odd_disagreement_above_maximum;half_frame_difference_above_maximum;tone_deletion_shift_above_maximum;search_boundary,112077.589994,114120.092856,116414.066476,0
T06,explore,late_median_margin,sha256:d04127698d6d235706822be1586e21ab07aff33d78c4641b2ea77ee5805f057c,1,100830743,40.332966,1,0,114723.708658,116698.593802,0,exact_coherence_below_minimum;even_odd_disagreement_above_maximum;timing_spread_above_maximum;half_frame_difference_above_maximum;tone_deletion_shift_above_maximum,112423.943535,116651.166884,116528.725464,0
T06,explore,late_median_margin,sha256:d04127698d6d235706822be1586e21ab07aff33d78c4641b2ea77ee5805f057c,1,100834076,40.3342992,1,0,114723.708658,114453.628494,0,exact_coherence_below_minimum;tone_deletion_shift_above_maximum,114453.628494,114405.83691,114439.808807,0
T06,explore,late_median_margin,sha256:d04127698d6d235706822be1586e21ab07aff33d78c4641b2ea77ee5805f057c,1,100837410,40.3356328,1,0,114723.708658,114560.097677,0,exact_coherence_below_minimum;even_odd_disagreement_above_maximum,114560.097677,114721.755244,114505.944072,0
T06,explore,late_median_margin,sha256:d04127698d6d235706822be1586e21ab07aff33d78c4641b2ea77ee5805f057c,1,100840743,40.336966,1,0,114723.708658,114654.486387,0,exact_coherence_below_minimum;even_odd_disagreement_above_maximum;timing_spread_above_maximum;half_frame_difference_above_maximum,114654.486387,114731.291724,114535.094629,0
T06,explore,late_median_margin,sha256:d04127698d6d235706822be1586e21ab07aff33d78c4641b2ea77ee5805f057c,1,100844076,40.3382992,1,0,114723.708658,114584.135198,0,exact_coherence_below_minimum;even_odd_disagreement_above_maximum;timing_spread_above_maximum;half_frame_difference_above_maximum,114584.135198,114302.97536,116022.471694,0
T06,explore,late_median_margin,sha256:d04127698d6d235706822be1586e21ab07aff33d78c4641b2ea77ee5805f057c,1,100847410,40.3396328,1,0,114723.708658,115820.351605,0,exact_coherence_below_minimum;coherence_margin_below_minimum;even_odd_disagreement_above_maximum;timing_spread_above_maximum;half_frame_difference_above_maximum,111451.94661,116449.371326,116066.530138,0
T06,explore,late_median_margin,sha256:d04127698d6d235706822be1586e21ab07aff33d78c4641b2ea77ee5805f057c,1,100850743,40.340966,1,0,114723.708658,113968.636447,0,exact_coherence_below_minimum;coherence_margin_below_minimum;even_odd_disagreement_above_maximum;timing_spread_above_maximum;half_frame_difference_above_maximum,109854.591965,113982.836687,112723.708658,0
T06,explore,late_median_margin,sha256:d04127698d6d235706822be1586e21ab07aff33d78c4641b2ea77ee5805f057c,1,100854076,40.3422992,1,0,114723.708658,114333.696205,0,exact_coherence_below_minimum;even_odd_disagreement_above_maximum,114333.696205,114217.538513,114505.166048,0
T06,explore,late_median_margin,sha256:d04127698d6d235706822be1586e21ab07aff33d78c4641b2ea77ee5805f057c,1,100857410,40.3436328,1,0,114723.708658,114460.230529,0,exact_coherence_below_minimum;even_odd_disagreement_above_maximum,114460.230529,114428.97185,114580.683274,0
T06,explore,late_median_margin,sha256:d04127698d6d235706822be1586e21ab07aff33d78c4641b2ea77ee5805f057c,1,100860743,40.344966,1,0,114723.708658,114557.516817,0,exact_coherence_below_minimum;even_odd_disagreement_above_maximum;timing_spread_above_maximum,114557.516817,114566.152686,114398.859412,0
T06,explore,late_median_margin,sha256:d04127698d6d235706822be1586e21ab07aff33d78c4641b2ea77ee5805f057c,1,100864076,40.3462992,1,0,114723.708658,114444.766051,0,exact_coherence_below_minimum;tone_deletion_shift_above_maximum,114444.766051,114565.048157,114565.03204,0
T06,explore,late_median_margin,sha256:d04127698d6d235706822be1586e21ab07aff33d78c4641b2ea77ee5805f057c,1,100867410,40.3476328,1,0,114723.708658,112842.120418,0,exact_coherence_below_minimum;even_odd_disagreement_above_maximum;timing_spread_above_maximum;half_frame_difference_above_maximum;tone_deletion_shift_above_maximum,111183.876153,113997.292052,116223.928195,0
T06,explore,late_median_margin,sha256:d04127698d6d235706822be1586e21ab07aff33d78c4641b2ea77ee5805f057c,1,100870743,40.348966,1,0,114723.708658,112723.708658,0,exact_coherence_below_minimum;even_odd_disagreement_above_maximum;timing_spread_above_maximum;half_frame_difference_above_maximum;tone_deletion_shift_above_maximum;search_boundary,108723.708658,113788.049226,115598.845289,0
T06,explore,late_median_margin,sha256:d04127698d6d235706822be1586e21ab07aff33d78c4641b2ea77ee5805f057c,1,100874076,40.3502992,1,0,114723.708658,113512.882871,0,exact_coherence_below_minimum;coherence_margin_below_minimum;even_odd_disagreement_above_maximum;timing_spread_above_maximum;half_frame_difference_above_maximum;tone_deletion_shift_above_maximum,113512.882871,114085.61284,113447.048777,0
T06,explore,low_positive_margin,sha256:d04127698d6d235706822be1586e21ab07aff33d78c4641b2ea77ee5805f057c,1,88064015,35.2262748,0,0,132441.250243,130441.250243,0,exact_coherence_below_minimum;coherence_margin_below_minimum;even_odd_disagreement_above_maximum;timing_spread_above_maximum;half_frame_difference_above_maximum;tone_deletion_shift_above_maximum;search_boundary,126834.537062,131418.282944,130467.897418,0
T06,explore,low_positive_margin,sha256:d04127698d6d235706822be1586e21ab07aff33d78c4641b2ea77ee5805f057c,1,88067348,35.227608,0,0,132441.250243,134033.007712,0,exact_coherence_below_minimum;coherence_margin_below_minimum;even_odd_disagreement_above_maximum;timing_spread_above_maximum;half_frame_difference_above_maximum;tone_deletion_shift_above_maximum,135958.4096,134441.250243,133860.208599,0
T06,explore,low_positive_margin,sha256:d04127698d6d235706822be1586e21ab07aff33d78c4641b2ea77ee5805f057c,1,88070682,35.2289416,0,0,132441.250243,132198.633286,0,exact_coherence_below_minimum;timing_spread_above_maximum;half_frame_difference_above_maximum;tone_deletion_shift_above_maximum,132198.633286,132201.237909,132263.635142,0
T06,explore,low_positive_margin,sha256:d04127698d6d235706822be1586e21ab07aff33d78c4641b2ea77ee5805f057c,1,88074015,35.2302748,0,0,132441.250243,132459.116818,0,exact_coherence_below_minimum;even_odd_disagreement_above_maximum;timing_spread_above_maximum,132459.116818,132480.976915,132608.598664,0
T06,explore,low_positive_margin,sha256:d04127698d6d235706822be1586e21ab07aff33d78c4641b2ea77ee5805f057c,1,88077348,35.231608,0,1,132441.250243,,0,refill_boundary_crossing,,,,0
T06,explore,low_positive_margin,sha256:d04127698d6d235706822be1586e21ab07aff33d78c4641b2ea77ee5805f057c,1,88080682,35.2329416,0,0,132441.250243,132143.037532,0,exact_coherence_below_minimum;even_odd_disagreement_above_maximum;timing_spread_above_maximum;half_frame_difference_above_maximum,132143.037532,132311.065476,132118.272641,0
T06,explore,low_positive_margin,sha256:d04127698d6d235706822be1586e21ab07aff33d78c4641b2ea77ee5805f057c,1,88084015,35.2342748,0,0,132441.250243,133617.41639,0,exact_coherence_below_minimum;even_odd_disagreement_above_maximum;timing_spread_above_maximum;half_frame_difference_above_maximum;tone_deletion_shift_above_maximum,138166.090421,131300.741236,133687.035407,0
T06,explore,low_positive_margin,sha256:d04127698d6d235706822be1586e21ab07aff33d78c4641b2ea77ee5805f057c,1,88087348,35.235608,0,0,132441.250243,134146.600658,0,exact_coherence_below_minimum;coherence_margin_below_minimum;even_odd_disagreement_above_maximum;timing_spread_above_maximum;half_frame_difference_above_maximum;tone_deletion_shift_above_maximum,134146.600658,134334.912422,131647.102715,0
T06,explore,low_positive_margin,sha256:d04127698d6d235706822be1586e21ab07aff33d78c4641b2ea77ee5805f057c,1,88090682,35.2369416,0,0,132441.250243,131577.874434,0,exact_coherence_below_minimum;even_odd_disagreement_above_maximum;timing_spread_above_maximum;half_frame_difference_above_maximum;tone_deletion_shift_above_maximum,128271.707519,130441.250243,133898.067517,0
T06,explore,low_positive_margin,sha256:d04127698d6d235706822be1586e21ab07aff33d78c4641b2ea77ee5805f057c,1,88094015,35.2382748,0,0,132441.250243,132451.388615,0,exact_coherence_below_minimum;coherence_margin_below_minimum;even_odd_disagreement_above_maximum;timing_spread_above_maximum;half_frame_difference_above_maximum;tone_deletion_shift_above_maximum,129819.702399,132334.928854,131353.766318,0
T06,explore,low_positive_margin,sha256:d04127698d6d235706822be1586e21ab07aff33d78c4641b2ea77ee5805f057c,1,88097348,35.239608,0,0,132441.250243,132423.137116,0,exact_coherence_below_minimum;even_odd_disagreement_above_maximum;timing_spread_above_maximum;half_frame_difference_above_maximum;tone_deletion_shift_above_maximum,132423.137116,132396.909529,133657.809627,0
T06,explore,low_positive_margin,sha256:d04127698d6d235706822be1586e21ab07aff33d78c4641b2ea77ee5805f057c,1,88100682,35.2409416,0,0,132441.250243,134441.250243,0,exact_coherence_below_minimum;even_odd_disagreement_above_maximum;half_frame_difference_above_maximum;tone_deletion_shift_above_maximum;search_boundary,134719.548234,133478.22458,132178.401568,0
T06,explore,low_positive_margin,sha256:d04127698d6d235706822be1586e21ab07aff33d78c4641b2ea77ee5805f057c,1,88104015,35.2422748,0,0,132441.250243,133338.658459,0,exact_coherence_below_minimum;even_odd_disagreement_above_maximum;timing_spread_above_maximum;half_frame_difference_above_maximum;tone_deletion_shift_above_maximum,127238.740091,130578.22934,133026.859221,0
T06,explore,low_positive_margin,sha256:d04127698d6d235706822be1586e21ab07aff33d78c4641b2ea77ee5805f057c,1,88107348,35.243608,0,0,132441.250243,132242.805276,0,exact_coherence_below_minimum;even_odd_disagreement_above_maximum;tone_deletion_shift_above_maximum,132242.805276,131973.923395,132241.208001,0
T06,explore,low_positive_margin,sha256:d04127698d6d235706822be1586e21ab07aff33d78c4641b2ea77ee5805f057c,1,88110682,35.2449416,0,0,132441.250243,132160.31725,0,exact_coherence_below_minimum;even_odd_disagreement_above_maximum,132160.31725,132071.337419,132266.313844,0
T06,explore,low_positive_margin,sha256:d04127698d6d235706822be1586e21ab07aff33d78c4641b2ea77ee5805f057c,1,88114015,35.2462748,0,0,132441.250243,132218.0465,0,exact_coherence_below_minimum;timing_spread_above_maximum;half_frame_difference_above_maximum,132218.0465,132305.929859,132227.072012,0
T06,explore,low_positive_margin,sha256:d04127698d6d235706822be1586e21ab07aff33d78c4641b2ea77ee5805f057c,1,88117348,35.247608,0,0,132441.250243,132264.187125,0,exact_coherence_below_minimum,132264.187125,132295.75774,132297.406022,1
T06,explore,low_positive_margin,sha256:d04127698d6d235706822be1586e21ab07aff33d78c4641b2ea77ee5805f057c,1,88120682,35.2489416,0,0,132441.250243,131130.206308,0,exact_coherence_below_minimum;even_odd_disagreement_above_maximum;timing_spread_above_maximum;half_frame_difference_above_maximum;tone_deletion_shift_above_maximum,131130.206308,132179.434739,131265.447369,0
T06,explore,low_positive_margin,sha256:d04127698d6d235706822be1586e21ab07aff33d78c4641b2ea77ee5805f057c,1,88124015,35.2502748,0,0,132441.250243,130592.130653,0,exact_coherence_below_minimum;even_odd_disagreement_above_maximum;timing_spread_above_maximum;half_frame_difference_above_maximum;tone_deletion_shift_above_maximum,137838.006199,131006.034123,130456.129934,0
T06,explore,low_positive_margin,sha256:d04127698d6d235706822be1586e21ab07aff33d78c4641b2ea77ee5805f057c,1,88127348,35.251608,0,0,132441.250243,132295.824839,0,exact_coherence_below_minimum,132295.824839,132328.385359,132281.116725,1
T06,explore,low_positive_margin,sha256:d04127698d6d235706822be1586e21ab07aff33d78c4641b2ea77ee5805f057c,1,88130682,35.2529416,0,0,132441.250243,132186.097798,0,exact_coherence_below_minimum;even_odd_disagreement_above_maximum,132186.097798,132330.144792,132163.249737,0
T06,explore,low_positive_margin,sha256:d04127698d6d235706822be1586e21ab07aff33d78c4641b2ea77ee5805f057c,1,88134015,35.2542748,0,0,132441.250243,132254.089823,0,exact_coherence_below_minimum,132254.089823,132221.46039,132196.218273,0
T06,explore,low_positive_margin,sha256:d04127698d6d235706822be1586e21ab07aff33d78c4641b2ea77ee5805f057c,1,88137348,35.255608,0,0,132441.250243,132221.821749,0,exact_coherence_below_minimum;even_odd_disagreement_above_maximum,132221.821749,132281.411089,132141.428967,1
T06,explore,low_positive_margin,sha256:d04127698d6d235706822be1586e21ab07aff33d78c4641b2ea77ee5805f057c,1,88140682,35.2569416,0,0,132441.250243,134441.250243,0,exact_coherence_below_minimum;coherence_margin_below_minimum;even_odd_disagreement_above_maximum;timing_spread_above_maximum;half_frame_difference_above_maximum;tone_deletion_shift_above_maximum;search_boundary,137288.258181,130528.722508,131674.738954,0
T06,explore,low_positive_margin,sha256:d04127698d6d235706822be1586e21ab07aff33d78c4641b2ea77ee5805f057c,1,88144015,35.2582748,0,0,132441.250243,133967.112903,0,exact_coherence_below_minimum;coherence_margin_below_minimum;even_odd_disagreement_above_maximum;timing_spread_above_maximum;half_frame_difference_above_maximum;tone_deletion_shift_above_maximum,136196.634207,130564.36722,131479.88376,0
T06,explore,low_positive_margin,sha256:d04127698d6d235706822be1586e21ab07aff33d78c4641b2ea77ee5805f057c,1,88147348,35.259608,0,0,132441.250243,132246.136341,0,exact_coherence_below_minimum;even_odd_disagreement_above_maximum;timing_spread_above_maximum;tone_deletion_shift_above_maximum,132246.136341,132324.913109,133053.385324,1
T06,explore,low_positive_margin,sha256:d04127698d6d235706822be1586e21ab07aff33d78c4641b2ea77ee5805f057c,1,88150682,35.2609416,0,0,132441.250243,132086.579639,0,exact_coherence_below_minimum;timing_spread_above_maximum,132086.579639,132087.257334,132152.964513,0
T06,explore,low_positive_margin,sha256:d04127698d6d235706822be1586e21ab07aff33d78c4641b2ea77ee5805f057c,1,88154015,35.2622748,0,0,132441.250243,132208.208255,0,exact_coherence_below_minimum;even_odd_disagreement_above_maximum,132208.208255,132303.724095,132077.776147,0
T06,explore,low_positive_margin,sha256:d04127698d6d235706822be1586e21ab07aff33d78c4641b2ea77ee5805f057c,1,88157348,35.263608,0,0,132441.250243,132230.670902,0,exact_coherence_below_minimum;timing_spread_above_maximum,132230.670902,132211.038812,132166.182504,1
T06,explore,low_positive_margin,sha256:d04127698d6d235706822be1586e21ab07aff33d78c4641b2ea77ee5805f057c,1,88160682,35.2649416,0,0,132441.250243,132927.223922,0,exact_coherence_below_minimum;even_odd_disagreement_above_maximum;timing_spread_above_maximum;half_frame_difference_above_maximum;tone_deletion_shift_above_maximum,135795.780937,133438.167711,130879.88774,0
T06,explore,low_positive_margin,sha256:d04127698d6d235706822be1586e21ab07aff33d78c4641b2ea77ee5805f057c,1,88164015,35.2662748,0,0,132441.250243,132872.606851,0,exact_coherence_below_minimum;even_odd_disagreement_above_maximum;timing_spread_above_maximum;half_frame_difference_above_maximum;tone_deletion_shift_above_maximum,129836.531015,132776.431689,131169.195072,0
T06,explore,low_positive_margin,sha256:d04127698d6d235706822be1586e21ab07aff33d78c4641b2ea77ee5805f057c,1,88167348,35.267608,0,0,132441.250243,132169.474015,0,exact_coherence_below_minimum;even_odd_disagreement_above_maximum;half_frame_difference_above_maximum,132169.474015,132061.90876,132309.864505,0
T06,explore,low_positive_margin,sha256:d04127698d6d235706822be1586e21ab07aff33d78c4641b2ea77ee5805f057c,1,88170682,35.2689416,0,0,132441.250243,132188.777665,0,exact_coherence_below_minimum;even_odd_disagreement_above_maximum,132188.777665,133976.412363,132278.640513,0
T06,explore,low_positive_margin,sha256:d04127698d6d235706822be1586e21ab07aff33d78c4641b2ea77ee5805f057c,1,88174015,35.2702748,0,0,132441.250243,132097.520309,0,exact_coherence_below_minimum;even_odd_disagreement_above_maximum;timing_spread_above_maximum;tone_deletion_shift_above_maximum,132097.520309,132263.739424,132056.480484,0
T06,explore,low_positive_margin,sha256:d04127698d6d235706822be1586e21ab07aff33d78c4641b2ea77ee5805f057c,1,88177348,35.271608,0,0,132441.250243,132150.831948,0,exact_coherence_below_minimum;timing_spread_above_maximum,132150.831948,132174.63395,132161.717423,1
T06,explore,low_positive_margin,sha256:d04127698d6d235706822be1586e21ab07aff33d78c4641b2ea77ee5805f057c,1,88180682,35.2729416,0,0,132441.250243,132511.596808,0,exact_coherence_below_minimum;even_odd_disagreement_above_maximum;half_frame_difference_above_maximum,132511.596808,133549.130686,132457.915639,0
T06,explore,low_positive_margin,sha256:d04127698d6d235706822be1586e21ab07aff33d78c4641b2ea77ee5805f057c,1,88184015,35.2742748,0,0,132441.250243,131265.075299,0,exact_coherence_below_minimum;coherence_margin_below_minimum;even_odd_disagreement_above_maximum;timing_spread_above_maximum;half_frame_difference_above_maximum;tone_deletion_shift_above_maximum,135710.839325,131197.755699,131033.169948,0
T06,explore,low_positive_margin,sha256:d04127698d6d235706822be1586e21ab07aff33d78c4641b2ea77ee5805f057c,1,88187348,35.275608,0,0,132441.250243,132048.995312,0,exact_coherence_below_minimum;timing_spread_above_maximum;tone_deletion_shift_above_maximum,132048.995312,131960.888977,131999.816895,0
T06,explore,low_positive_margin,sha256:d04127698d6d235706822be1586e21ab07aff33d78c4641b2ea77ee5805f057c,1,88190682,35.2769416,0,0,132441.250243,132144.993688,0,exact_coherence_below_minimum,132144.993688,132167.946304,132161.419356,0
T06,explore,low_positive_margin,sha256:d04127698d6d235706822be1586e21ab07aff33d78c4641b2ea77ee5805f057c,1,88194015,35.2782748,0,0,132441.250243,132224.220062,0,exact_coherence_below_minimum;timing_spread_above_maximum,132224.220062,132242.529234,132202.276768,1
T06,explore,low_positive_margin,sha256:d04127698d6d235706822be1586e21ab07aff33d78c4641b2ea77ee5805f057c,1,88197348,35.279608,0,0,132441.250243,132153.039146,0,exact_coherence_below_minimum,132153.039146,132129.238316,132177.466797,1
T06,explore,low_positive_margin,sha256:d04127698d6d235706822be1586e21ab07aff33d78c4641b2ea77ee5805f057c,1,88200682,35.2809416,0,0,132441.250243,133304.113961,0,exact_coherence_below_minimum;even_odd_disagreement_above_maximum;timing_spread_above_maximum;half_frame_difference_above_maximum;tone_deletion_shift_above_maximum,135356.366201,133100.388513,131700.079392,0
T06,explore,low_positive_margin,sha256:d04127698d6d235706822be1586e21ab07aff33d78c4641b2ea77ee5805f057c,1,88204015,35.2822748,0,0,132441.250243,131984.72387,0,exact_coherence_below_minimum;even_odd_disagreement_above_maximum;timing_spread_above_maximum;tone_deletion_shift_above_maximum,126441.250243,132744.037191,132155.172237,0
T06,explore,low_positive_margin,sha256:d04127698d6d235706822be1586e21ab07aff33d78c4641b2ea77ee5805f057c,1,88207348,35.283608,0,0,132441.250243,132115.908555,0,exact_coherence_below_minimum;even_odd_disagreement_above_maximum,132115.908555,132066.265092,132303.202256,1
T06,explore,low_positive_margin,sha256:d04127698d6d235706822be1586e21ab07aff33d78c4641b2ea77ee5805f057c,1,88210682,35.2849416,0,0,132441.250243,132066.955662,0,exact_coherence_below_minimum;timing_spread_above_maximum,132066.955662,132082.79232,132112.867314,1
T06,explore,low_positive_margin,sha256:d04127698d6d235706822be1586e21ab07aff33d78c4641b2ea77ee5805f057c,1,88214015,35.2862748,0,0,132441.250243,132078.79185,1,,132078.79185,132068.824958,132119.900743,1
T06,explore,low_positive_margin,sha256:d04127698d6d235706822be1586e21ab07aff33d78c4641b2ea77ee5805f057c,1,88217348,35.287608,0,0,132441.250243,132099.522276,1,,132099.522276,132140.658642,132071.249772,1
T06,explore,low_positive_margin,sha256:d04127698d6d235706822be1586e21ab07aff33d78c4641b2ea77ee5805f057c,1,88220682,35.2889416,0,0,132441.250243,132001.53744,0,exact_coherence_below_minimum;even_odd_disagreement_above_maximum;half_frame_difference_above_maximum,132001.53744,131984.423522,132101.84497,0
T06,explore,low_positive_margin,sha256:d04127698d6d235706822be1586e21ab07aff33d78c4641b2ea77ee5805f057c,1,88224015,35.2902748,0,0,132441.250243,130441.250243,0,exact_coherence_below_minimum;even_odd_disagreement_above_maximum;search_boundary,130387.422732,134248.596446,131867.30534,0
T06,explore,low_positive_margin,sha256:d04127698d6d235706822be1586e21ab07aff33d78c4641b2ea77ee5805f057c,1,88227348,35.291608,0,0,132441.250243,132033.762822,0,exact_coherence_below_minimum,132033.762822,132027.001365,132110.408186,1
T06,explore,low_positive_margin,sha256:d04127698d6d235706822be1586e21ab07aff33d78c4641b2ea77ee5805f057c,1,88230682,35.2929416,0,0,132441.250243,131980.223831,0,exact_coherence_below_minimum,131980.223831,131977.966098,132004.741778,0
T06,explore,low_positive_margin,sha256:d04127698d6d235706822be1586e21ab07aff33d78c4641b2ea77ee5805f057c,1,88234015,35.2942748,0,0,132441.250243,131991.200942,1,,131991.200942,131976.788299,132040.355118,0
T06,explore,low_positive_margin,sha256:d04127698d6d235706822be1586e21ab07aff33d78c4641b2ea77ee5805f057c,1,88237348,35.295608,0,0,132441.250243,131935.935837,0,exact_coherence_below_minimum;even_odd_disagreement_above_maximum;timing_spread_above_maximum,131935.935837,132007.180434,134431.567642,1
T06,explore,low_positive_margin,sha256:d04127698d6d235706822be1586e21ab07aff33d78c4641b2ea77ee5805f057c,1,88240682,35.2969416,0,0,132441.250243,131846.268082,0,exact_coherence_below_minimum;even_odd_disagreement_above_maximum;timing_spread_above_maximum,131846.268082,134265.911869,131585.683407,0
T06,explore,low_positive_margin,sha256:d04127698d6d235706822be1586e21ab07aff33d78c4641b2ea77ee5805f057c,1,88244015,35.2982748,0,0,132441.250243,132136.886192,0,exact_coherence_below_minimum;coherence_margin_below_minimum;even_odd_disagreement_above_maximum;timing_spread_above_maximum;half_frame_difference_above_maximum;tone_deletion_shift_above_maximum,137652.291111,133031.517599,133782.585461,0
T06,explore,low_positive_margin,sha256:d04127698d6d235706822be1586e21ab07aff33d78c4641b2ea77ee5805f057c,1,88247348,35.299608,0,0,132441.250243,132071.199653,0,timing_spread_above_maximum,132071.199653,132077.233374,132044.253118,1
T06,explore,middle_median_margin,sha256:d04127698d6d235706822be1586e21ab07aff33d78c4641b2ea77ee5805f057c,1,91627368,36.651616,1,0,127322.889229,128522.803393,0,exact_coherence_below_minimum;even_odd_disagreement_above_maximum;timing_spread_above_maximum;tone_deletion_shift_above_maximum,131352.384532,127907.114158,128534.243691,0
T06,explore,middle_median_margin,sha256:d04127698d6d235706822be1586e21ab07aff33d78c4641b2ea77ee5805f057c,1,91630701,36.6529492,1,0,127322.889229,126719.002509,0,exact_coherence_below_minimum;even_odd_disagreement_above_maximum;timing_spread_above_maximum;half_frame_difference_above_maximum;tone_deletion_shift_above_maximum,122020.463857,126860.645331,126656.750773,0
T06,explore,middle_median_margin,sha256:d04127698d6d235706822be1586e21ab07aff33d78c4641b2ea77ee5805f057c,1,91634035,36.6542828,1,0,127322.889229,125505.466249,0,exact_coherence_below_minimum;timing_spread_above_maximum;half_frame_difference_above_maximum;tone_deletion_shift_above_maximum,125505.466249,125578.983418,125645.864254,0
T06,explore,middle_median_margin,sha256:d04127698d6d235706822be1586e21ab07aff33d78c4641b2ea77ee5805f057c,1,91637368,36.655616,1,0,127322.889229,127479.882024,0,exact_coherence_below_minimum;even_odd_disagreement_above_maximum;half_frame_difference_above_maximum,127479.882024,127679.583975,127504.095417,0
T06,explore,middle_median_margin,sha256:d04127698d6d235706822be1586e21ab07aff33d78c4641b2ea77ee5805f057c,1,91640701,36.6569492,1,0,127322.889229,127857.33816,0,exact_coherence_below_minimum;even_odd_disagreement_above_maximum;timing_spread_above_maximum;half_frame_difference_above_maximum,125012.035468,127795.276527,126074.163861,0
T06,explore,middle_median_margin,sha256:d04127698d6d235706822be1586e21ab07aff33d78c4641b2ea77ee5805f057c,1,91644035,36.6582828,1,0,127322.889229,128470.665923,0,exact_coherence_below_minimum;even_odd_disagreement_above_maximum;timing_spread_above_maximum;tone_deletion_shift_above_maximum,130306.854452,127416.33076,126585.291017,0
T06,explore,middle_median_margin,sha256:d04127698d6d235706822be1586e21ab07aff33d78c4641b2ea77ee5805f057c,1,91647368,36.659616,1,0,127322.889229,127500.337801,0,exact_coherence_below_minimum;even_odd_disagreement_above_maximum;timing_spread_above_maximum;half_frame_difference_above_maximum,127500.337801,127492.827024,127665.936768,0
T06,explore,middle_median_margin,sha256:d04127698d6d235706822be1586e21ab07aff33d78c4641b2ea77ee5805f057c,1,91650701,36.6609492,1,0,127322.889229,127311.300249,0,exact_coherence_below_minimum;even_odd_disagreement_above_maximum,127311.300249,127126.371024,126365.903309,0
T06,explore,middle_median_margin,sha256:d04127698d6d235706822be1586e21ab07aff33d78c4641b2ea77ee5805f057c,1,91654035,36.6622828,1,0,127322.889229,127495.918879,0,exact_coherence_below_minimum;even_odd_disagreement_above_maximum;half_frame_difference_above_maximum,127495.918879,126315.745617,127443.177108,0
T06,explore,middle_median_margin,sha256:d04127698d6d235706822be1586e21ab07aff33d78c4641b2ea77ee5805f057c,1,91657368,36.663616,1,0,127322.889229,127295.070091,0,exact_coherence_below_minimum;tone_deletion_shift_above_maximum,127295.070091,127296.580184,127293.795577,0
T06,explore,middle_median_margin,sha256:d04127698d6d235706822be1586e21ab07aff33d78c4641b2ea77ee5805f057c,1,91660701,36.6649492,1,0,127322.889229,128663.558376,0,exact_coherence_below_minimum;even_odd_disagreement_above_maximum;timing_spread_above_maximum;half_frame_difference_above_maximum;tone_deletion_shift_above_maximum,132718.042376,128909.162549,127399.375924,0
T06,explore,middle_median_margin,sha256:d04127698d6d235706822be1586e21ab07aff33d78c4641b2ea77ee5805f057c,1,91664035,36.6662828,1,0,127322.889229,126791.983406,0,exact_coherence_below_minimum;even_odd_disagreement_above_maximum;timing_spread_above_maximum;tone_deletion_shift_above_maximum,121722.245908,127503.250162,126577.980353,0
T06,explore,middle_median_margin,sha256:d04127698d6d235706822be1586e21ab07aff33d78c4641b2ea77ee5805f057c,1,91667368,36.667616,1,0,127322.889229,127250.207186,0,exact_coherence_below_minimum;even_odd_disagreement_above_maximum;timing_spread_above_maximum;half_frame_difference_above_maximum,127250.207186,129322.889229,127199.454085,0
T06,explore,middle_median_margin,sha256:d04127698d6d235706822be1586e21ab07aff33d78c4641b2ea77ee5805f057c,1,91670701,36.6689492,1,0,127322.889229,127374.612145,0,exact_coherence_below_minimum,127374.612145,127452.434457,127379.510974,0
T06,explore,middle_median_margin,sha256:d04127698d6d235706822be1586e21ab07aff33d78c4641b2ea77ee5805f057c,1,91674035,36.6702828,1,0,127322.889229,127278.054662,0,exact_coherence_below_minimum;even_odd_disagreement_above_maximum;tone_deletion_shift_above_maximum,132820.506506,127070.235175,127462.519388,0
T06,explore,middle_median_margin,sha256:d04127698d6d235706822be1586e21ab07aff33d78c4641b2ea77ee5805f057c,1,91677368,36.671616,1,0,127322.889229,127301.260207,0,exact_coherence_below_minimum;even_odd_disagreement_above_maximum;half_frame_difference_above_maximum,127301.260207,127049.588472,127405.027459,0
T06,explore,middle_median_margin,sha256:d04127698d6d235706822be1586e21ab07aff33d78c4641b2ea77ee5805f057c,1,91680701,36.6729492,1,0,127322.889229,129210.366251,0,exact_coherence_below_minimum;coherence_margin_below_minimum;even_odd_disagreement_above_maximum;timing_spread_above_maximum;half_frame_difference_above_maximum;tone_deletion_shift_above_maximum,121532.597723,127928.256909,125755.78174,0
T06,explore,middle_median_margin,sha256:d04127698d6d235706822be1586e21ab07aff33d78c4641b2ea77ee5805f057c,1,91684035,36.6742828,1,0,127322.889229,127390.548795,0,exact_coherence_below_minimum;even_odd_disagreement_above_maximum;timing_spread_above_maximum;half_frame_difference_above_maximum;tone_deletion_shift_above_maximum,127390.548795,129063.65427,127548.024193,0
T06,explore,middle_median_margin,sha256:d04127698d6d235706822be1586e21ab07aff33d78c4641b2ea77ee5805f057c,1,91687368,36.675616,1,0,127322.889229,127413.961135,0,exact_coherence_below_minimum;even_odd_disagreement_above_maximum;timing_spread_above_maximum,127413.961135,127561.512592,128568.578422,0
T06,explore,middle_median_margin,sha256:d04127698d6d235706822be1586e21ab07aff33d78c4641b2ea77ee5805f057c,1,91690701,36.6769492,1,0,127322.889229,127242.638759,0,exact_coherence_below_minimum;even_odd_disagreement_above_maximum;tone_deletion_shift_above_maximum,127242.638759,127160.91037,127347.187577,1
T06,explore,middle_median_margin,sha256:d04127698d6d235706822be1586e21ab07aff33d78c4641b2ea77ee5805f057c,1,91694035,36.6782828,1,0,127322.889229,127157.591679,0,exact_coherence_below_minimum;even_odd_disagreement_above_maximum;tone_deletion_shift_above_maximum,127157.591679,127051.052681,127227.855358,0
T06,explore,middle_median_margin,sha256:d04127698d6d235706822be1586e21ab07aff33d78c4641b2ea77ee5805f057c,1,91697368,36.679616,1,0,127322.889229,127398.716298,0,exact_coherence_below_minimum,127398.716298,127433.351665,127407.141955,0
T06,explore,middle_median_margin,sha256:d04127698d6d235706822be1586e21ab07aff33d78c4641b2ea77ee5805f057c,1,91700701,36.6809492,1,0,127322.889229,129303.587823,0,exact_coherence_below_minimum;even_odd_disagreement_above_maximum;half_frame_difference_above_maximum,131794.688868,128313.673363,129202.342507,0
T06,explore,middle_median_margin,sha256:d04127698d6d235706822be1586e21ab07aff33d78c4641b2ea77ee5805f057c,1,91704035,36.6822828,1,0,127322.889229,128980.884339,0,exact_coherence_below_minimum;coherence_margin_below_minimum;even_odd_disagreement_above_maximum;half_frame_difference_above_maximum,128980.884339,126496.984965,128913.847652,0
T06,explore,middle_median_margin,sha256:d04127698d6d235706822be1586e21ab07aff33d78c4641b2ea77ee5805f057c,1,91707368,36.683616,1,0,127322.889229,127261.193564,0,exact_coherence_below_minimum;even_odd_disagreement_above_maximum;half_frame_difference_above_maximum,127261.193564,125322.889229,127360.904526,0
T06,explore,middle_median_margin,sha256:d04127698d6d235706822be1586e21ab07aff33d78c4641b2ea77ee5805f057c,1,91710701,36.6849492,1,0,127322.889229,127251.57704,0,exact_coherence_below_minimum;even_odd_disagreement_above_maximum,127251.57704,127133.282535,127322.320867,0
T06,explore,middle_median_margin,sha256:d04127698d6d235706822be1586e21ab07aff33d78c4641b2ea77ee5805f057c,1,91714035,36.6862828,1,0,127322.889229,127387.469963,0,exact_coherence_below_minimum;timing_spread_above_maximum,127387.469963,127449.496487,127389.63208,0
T06,explore,middle_median_margin,sha256:d04127698d6d235706822be1586e21ab07aff33d78c4641b2ea77ee5805f057c,1,91717368,36.687616,1,0,127322.889229,127329.788238,0,exact_coherence_below_minimum;timing_spread_above_maximum,127329.788238,127325.170302,127383.857494,0
T06,explore,middle_median_margin,sha256:d04127698d6d235706822be1586e21ab07aff33d78c4641b2ea77ee5805f057c,1,91720701,36.6889492,1,0,127322.889229,125322.889229,0,exact_coherence_below_minimum;coherence_margin_below_minimum;even_odd_disagreement_above_maximum;timing_spread_above_maximum;half_frame_difference_above_maximum;tone_deletion_shift_above_maximum;search_boundary,122047.127377,125803.827826,128841.205266,0
T06,explore,middle_median_margin,sha256:d04127698d6d235706822be1586e21ab07aff33d78c4641b2ea77ee5805f057c,1,91724035,36.6902828,1,0,127322.889229,127459.120475,0,exact_coherence_below_minimum;coherence_margin_below_minimum;even_odd_disagreement_above_maximum;timing_spread_above_maximum;half_frame_difference_above_maximum;tone_deletion_shift_above_maximum,123517.106542,127398.150483,128181.138061,0
T06,explore,middle_median_margin,sha256:d04127698d6d235706822be1586e21ab07aff33d78c4641b2ea77ee5805f057c,1,91727368,36.691616,1,0,127322.889229,127248.661177,0,exact_coherence_below_minimum;even_odd_disagreement_above_maximum,127248.661177,125322.889229,127277.027808,0
T06,explore,middle_median_margin,sha256:d04127698d6d235706822be1586e21ab07aff33d78c4641b2ea77ee5805f057c,1,91730701,36.6929492,1,0,127322.889229,127241.571393,0,exact_coherence_below_minimum;even_odd_disagreement_above_maximum;timing_spread_above_maximum,127241.571393,127158.455869,127284.228735,0
T06,explore,middle_median_margin,sha256:d04127698d6d235706822be1586e21ab07aff33d78c4641b2ea77ee5805f057c,1,91734035,36.6942828,1,0,127322.889229,127140.774526,0,exact_coherence_below_minimum;timing_spread_above_maximum,127140.774526,127191.195813,127189.815799,0
T06,explore,middle_median_margin,sha256:d04127698d6d235706822be1586e21ab07aff33d78c4641b2ea77ee5805f057c,1,91737368,36.695616,1,0,127322.889229,127383.054307,0,exact_coherence_below_minimum,127383.054307,127410.449684,127361.288679,0
T06,explore,middle_median_margin,sha256:d04127698d6d235706822be1586e21ab07aff33d78c4641b2ea77ee5805f057c,1,91740701,36.6969492,1,0,127322.889229,128296.549516,0,exact_coherence_below_minimum;even_odd_disagreement_above_maximum;timing_spread_above_maximum;half_frame_difference_above_maximum;tone_deletion_shift_above_maximum,128296.549516,128069.761003,127564.688975,0
T06,explore,middle_median_margin,sha256:d04127698d6d235706822be1586e21ab07aff33d78c4641b2ea77ee5805f057c,1,91744035,36.6982828,1,0,127322.889229,128939.232303,0,exact_coherence_below_minimum;coherence_margin_below_minimum;even_odd_disagreement_above_maximum;half_frame_difference_above_maximum;tone_deletion_shift_above_maximum,128939.232303,127924.409904,128784.008564,0
T06,explore,middle_median_margin,sha256:d04127698d6d235706822be1586e21ab07aff33d78c4641b2ea77ee5805f057c,1,91747368,36.699616,0,1,127322.889229,,0,refill_boundary_crossing,,,,0
T06,explore,middle_median_margin,sha256:d04127698d6d235706822be1586e21ab07aff33d78c4641b2ea77ee5805f057c,1,91750701,36.7009492,1,0,127322.889229,127298.756889,0,exact_coherence_below_minimum;timing_spread_above_maximum,127298.756889,127348.369094,127269.363418,0
T06,explore,middle_median_margin,sha256:d04127698d6d235706822be1586e21ab07aff33d78c4641b2ea77ee5805f057c,1,91754035,36.7022828,1,0,127322.889229,127130.348191,0,exact_coherence_below_minimum;even_odd_disagreement_above_maximum,127130.348191,127025.531952,127220.454598,0
T06,explore,middle_median_margin,sha256:d04127698d6d235706822be1586e21ab07aff33d78c4641b2ea77ee5805f057c,1,91757368,36.703616,1,0,127322.889229,127081.826838,0,exact_coherence_below_minimum;even_odd_disagreement_above_maximum;timing_spread_above_maximum;half_frame_difference_above_maximum;tone_deletion_shift_above_maximum,127081.826838,126495.780498,127039.164549,0
T06,explore,middle_median_margin,sha256:d04127698d6d235706822be1586e21ab07aff33d78c4641b2ea77ee5805f057c,1,91760701,36.7049492,1,0,127322.889229,127589.085663,0,exact_coherence_below_minimum;coherence_margin_below_minimum;even_odd_disagreement_above_maximum;timing_spread_above_maximum;half_frame_difference_above_maximum;tone_deletion_shift_above_maximum,133180.752759,127234.243037,126825.315656,0
T06,explore,middle_median_margin,sha256:d04127698d6d235706822be1586e21ab07aff33d78c4641b2ea77ee5805f057c,1,91764035,36.7062828,1,0,127322.889229,126405.496495,0,exact_coherence_below_minimum;even_odd_disagreement_above_maximum;half_frame_difference_above_maximum;tone_deletion_shift_above_maximum,126405.496495,127855.734448,126402.284919,0
T06,explore,middle_median_margin,sha256:d04127698d6d235706822be1586e21ab07aff33d78c4641b2ea77ee5805f057c,1,91767368,36.707616,1,0,127322.889229,127200.550409,0,exact_coherence_below_minimum;even_odd_disagreement_above_maximum,127200.550409,127103.815216,127294.61992,0
T06,explore,middle_median_margin,sha256:d04127698d6d235706822be1586e21ab07aff33d78c4641b2ea77ee5805f057c,1,91770701,36.7089492,1,0,127322.889229,127207.255944,0,exact_coherence_below_minimum;half_frame_difference_above_maximum,127207.255944,127181.256534,127229.347383,0
T06,explore,middle_median_margin,sha256:d04127698d6d235706822be1586e21ab07aff33d78c4641b2ea77ee5805f057c,1,91774035,36.7102828,1,0,127322.889229,127197.383034,0,exact_coherence_below_minimum,127197.383034,127132.524708,127231.040106,0
T06,explore,middle_median_margin,sha256:d04127698d6d235706822be1586e21ab07aff33d78c4641b2ea77ee5805f057c,1,91777368,36.711616,1,0,127322.889229,127148.687727,0,exact_coherence_below_minimum,127148.687727,127154.118162,127117.340445,0
T06,explore,middle_median_margin,sha256:d04127698d6d235706822be1586e21ab07aff33d78c4641b2ea77ee5805f057c,1,91780701,36.7129492,1,0,127322.889229,125753.902094,0,exact_coherence_below_minimum;coherence_margin_below_minimum;even_odd_disagreement_above_maximum;timing_spread_above_maximum;half_frame_difference_above_maximum;tone_deletion_shift_above_maximum,129736.508751,129322.889229,125640.954995,0
T06,explore,middle_median_margin,sha256:d04127698d6d235706822be1586e21ab07aff33d78c4641b2ea77ee5805f057c,1,91784035,36.7142828,1,0,127322.889229,128699.80504,0,exact_coherence_below_minimum;even_odd_disagreement_above_maximum;timing_spread_above_maximum;half_frame_difference_above_maximum;tone_deletion_shift_above_maximum,121343.456263,125371.089128,128780.843607,0
T06,explore,middle_median_margin,sha256:d04127698d6d235706822be1586e21ab07aff33d78c4641b2ea77ee5805f057c,1,91787368,36.715616,1,0,127322.889229,127195.554455,0,exact_coherence_below_minimum;even_odd_disagreement_above_maximum;timing_spread_above_maximum,127195.554455,125589.640702,127218.390509,0
T06,explore,middle_median_margin,sha256:d04127698d6d235706822be1586e21ab07aff33d78c4641b2ea77ee5805f057c,1,91790701,36.7169492,1,0,127322.889229,127135.615036,0,exact_coherence_below_minimum,127135.615036,127118.187741,127111.807726,0
T06,explore,middle_median_margin,sha256:d04127698d6d235706822be1586e21ab07aff33d78c4641b2ea77ee5805f057c,1,91794035,36.7182828,1,0,127322.889229,127214.04096,0,exact_coherence_below_minimum;even_odd_disagreement_above_maximum,127214.04096,127160.019824,127362.911647,0
T06,explore,middle_median_margin,sha256:d04127698d6d235706822be1586e21ab07aff33d78c4641b2ea77ee5805f057c,1,91797368,36.719616,1,0,127322.889229,127095.942586,0,exact_coherence_below_minimum;even_odd_disagreement_above_maximum;timing_spread_above_maximum,127095.942586,126993.560744,127254.198757,0
T06,explore,middle_median_margin,sha256:d04127698d6d235706822be1586e21ab07aff33d78c4641b2ea77ee5805f057c,1,91800701,36.7209492,1,0,127322.889229,125930.395926,0,exact_coherence_below_minimum;even_odd_disagreement_above_maximum;timing_spread_above_maximum;half_frame_difference_above_maximum;tone_deletion_shift_above_maximum,121497.762848,125984.00731,129231.016508,0
T06,explore,middle_median_margin,sha256:d04127698d6d235706822be1586e21ab07aff33d78c4641b2ea77ee5805f057c,1,91804035,36.7222828,1,0,127322.889229,126902.399273,0,exact_coherence_below_minimum;coherence_margin_below_minimum;even_odd_disagreement_above_maximum;timing_spread_above_maximum;half_frame_difference_above_maximum;tone_deletion_shift_above_maximum,131969.423582,128665.944989,127008.644311,0
T06,explore,middle_median_margin,sha256:d04127698d6d235706822be1586e21ab07aff33d78c4641b2ea77ee5805f057c,1,91807368,36.723616,1,0,127322.889229,127183.326945,0,exact_coherence_below_minimum;even_odd_disagreement_above_maximum;timing_spread_above_maximum;half_frame_difference_above_maximum,127183.326945,127169.497828,128443.646258,0
T06,explore,middle_median_margin,sha256:d04127698d6d235706822be1586e21ab07aff33d78c4641b2ea77ee5805f057c,1,91810701,36.7249492,1,0,127322.889229,126992.932461,0,exact_coherence_below_minimum;even_odd_disagreement_above_maximum;timing_spread_above_maximum,126992.932461,126905.439344,127048.32543,1
T06,explore,refill_boundary,sha256:d04127698d6d235706822be1586e21ab07aff33d78c4641b2ea77ee5805f057c,1,95064051,38.0262892,0,0,122611.960133,124611.960133,0,exact_coherence_below_minimum;coherence_margin_below_minimum;even_odd_disagreement_above_maximum;timing_spread_above_maximum;half_frame_difference_above_maximum;tone_deletion_shift_above_maximum;search_boundary,124825.656479,124611.960133,121783.484736,0
T06,explore,refill_boundary,sha256:d04127698d6d235706822be1586e21ab07aff33d78c4641b2ea77ee5805f057c,1,95067384,38.0276224,0,0,122611.960133,124170.815856,0,exact_coherence_below_minimum;timing_spread_above_maximum;tone_deletion_shift_above_maximum,118196.562866,124094.153084,124094.932485,0
T06,explore,refill_boundary,sha256:d04127698d6d235706822be1586e21ab07aff33d78c4641b2ea77ee5805f057c,1,95070718,38.028956,0,0,122611.960133,122696.848541,0,exact_coherence_below_minimum;even_odd_disagreement_above_maximum;timing_spread_above_maximum;tone_deletion_shift_above_maximum,122696.848541,123017.941839,122573.040892,0
T06,explore,refill_boundary,sha256:d04127698d6d235706822be1586e21ab07aff33d78c4641b2ea77ee5805f057c,1,95074051,38.0302892,0,0,122611.960133,122527.047177,0,exact_coherence_below_minimum;even_odd_disagreement_above_maximum;half_frame_difference_above_maximum;tone_deletion_shift_above_maximum,122527.047177,123706.155531,122465.21039,0
T06,explore,refill_boundary,sha256:d04127698d6d235706822be1586e21ab07aff33d78c4641b2ea77ee5805f057c,1,95077384,38.0316224,0,0,122611.960133,122568.700116,0,exact_coherence_below_minimum;even_odd_disagreement_above_maximum;tone_deletion_shift_above_maximum,122568.700116,122725.494037,122447.343844,0
T06,explore,refill_boundary,sha256:d04127698d6d235706822be1586e21ab07aff33d78c4641b2ea77ee5805f057c,1,95080718,38.032956,0,0,122611.960133,122648.230609,0,exact_coherence_below_minimum;even_odd_disagreement_above_maximum;tone_deletion_shift_above_maximum,122648.230609,122663.742445,123232.655658,0
T06,explore,refill_boundary,sha256:d04127698d6d235706822be1586e21ab07aff33d78c4641b2ea77ee5805f057c,1,95084051,38.0342892,0,0,122611.960133,123947.569926,0,exact_coherence_below_minimum;tone_deletion_shift_above_maximum,117826.955821,124016.160006,123955.990062,0
T06,explore,refill_boundary,sha256:d04127698d6d235706822be1586e21ab07aff33d78c4641b2ea77ee5805f057c,1,95087384,38.0356224,0,0,122611.960133,120611.960133,0,exact_coherence_below_minimum;even_odd_disagreement_above_maximum;timing_spread_above_maximum;half_frame_difference_above_maximum;tone_deletion_shift_above_maximum;search_boundary,120495.165156,120611.960133,123502.074639,0
T06,explore,refill_boundary,sha256:d04127698d6d235706822be1586e21ab07aff33d78c4641b2ea77ee5805f057c,1,95090718,38.036956,0,0,122611.960133,122671.339137,0,exact_coherence_below_minimum,122671.339137,122741.295926,122656.141886,0
T06,explore,refill_boundary,sha256:d04127698d6d235706822be1586e21ab07aff33d78c4641b2ea77ee5805f057c,1,95094051,38.0382892,0,0,122611.960133,122681.100379,0,exact_coherence_below_minimum;timing_spread_above_maximum;tone_deletion_shift_above_maximum,122681.100379,122860.227792,122794.4259,0
T06,explore,refill_boundary,sha256:d04127698d6d235706822be1586e21ab07aff33d78c4641b2ea77ee5805f057c,1,95097384,38.0396224,0,0,122611.960133,122616.72559,0,exact_coherence_below_minimum,122616.72559,122595.791611,122615.110177,0
T06,explore,refill_boundary,sha256:d04127698d6d235706822be1586e21ab07aff33d78c4641b2ea77ee5805f057c,1,95100718,38.040956,0,0,122611.960133,122577.09665,0,exact_coherence_below_minimum;even_odd_disagreement_above_maximum,122577.09665,122713.37248,122562.419949,0
T06,explore,refill_boundary,sha256:d04127698d6d235706822be1586e21ab07aff33d78c4641b2ea77ee5805f057c,1,95104051,38.0422892,0,0,122611.960133,124545.889175,0,exact_coherence_below_minimum;even_odd_disagreement_above_maximum;timing_spread_above_maximum;half_frame_difference_above_maximum;tone_deletion_shift_above_maximum,117114.18682,121052.841958,123276.817728,0
T06,explore,refill_boundary,sha256:d04127698d6d235706822be1586e21ab07aff33d78c4641b2ea77ee5805f057c,1,95107384,38.0436224,0,0,122611.960133,124007.939927,0,exact_coherence_below_minimum;even_odd_disagreement_above_maximum;timing_spread_above_maximum;half_frame_difference_above_maximum;tone_deletion_shift_above_maximum,126744.469644,124015.550354,121195.864975,0
T06,explore,refill_boundary,sha256:d04127698d6d235706822be1586e21ab07aff33d78c4641b2ea77ee5805f057c,1,95110718,38.044956,0,0,122611.960133,122576.623971,0,exact_coherence_below_minimum;even_odd_disagreement_above_maximum,122576.623971,122839.79599,122466.376425,0
T06,explore,refill_boundary,sha256:d04127698d6d235706822be1586e21ab07aff33d78c4641b2ea77ee5805f057c,1,95114051,38.0462892,0,0,122611.960133,122549.428646,0,exact_coherence_below_minimum;even_odd_disagreement_above_maximum,122549.428646,122677.102257,122458.160257,1
T06,explore,refill_boundary,sha256:d04127698d6d235706822be1586e21ab07aff33d78c4641b2ea77ee5805f057c,1,95117384,38.0476224,0,0,122611.960133,122532.171272,0,exact_coherence_below_minimum,122532.171272,122573.424978,122610.172486,1
T06,explore,refill_boundary,sha256:d04127698d6d235706822be1586e21ab07aff33d78c4641b2ea77ee5805f057c,1,95120718,38.048956,0,0,122611.960133,122565.502242,0,exact_coherence_below_minimum;even_odd_disagreement_above_maximum;timing_spread_above_maximum,122565.502242,122495.430432,122608.495681,0
T06,explore,refill_boundary,sha256:d04127698d6d235706822be1586e21ab07aff33d78c4641b2ea77ee5805f057c,1,95124051,38.0502892,0,0,122611.960133,121854.143432,0,exact_coherence_below_minimum;even_odd_disagreement_above_maximum;timing_spread_above_maximum;half_frame_difference_above_maximum;tone_deletion_shift_above_maximum,121854.143432,121231.939835,121881.244422,0
T06,explore,refill_boundary,sha256:d04127698d6d235706822be1586e21ab07aff33d78c4641b2ea77ee5805f057c,1,95127384,38.0516224,0,0,122611.960133,121780.256121,0,exact_coherence_below_minimum;coherence_margin_below_minimum;even_odd_disagreement_above_maximum;timing_spread_above_maximum;half_frame_difference_above_maximum;tone_deletion_shift_above_maximum,128188.323025,123653.428132,121803.887298,0
T06,explore,refill_boundary,sha256:d04127698d6d235706822be1586e21ab07aff33d78c4641b2ea77ee5805f057c,1,95130718,38.052956,0,0,122611.960133,122517.756303,0,exact_coherence_below_minimum;even_odd_disagreement_above_maximum;timing_spread_above_maximum;half_frame_difference_above_maximum;tone_deletion_shift_above_maximum,122517.756303,123226.630951,122779.02918,0
T06,explore,refill_boundary,sha256:d04127698d6d235706822be1586e21ab07aff33d78c4641b2ea77ee5805f057c,1,95134051,38.0542892,0,0,122611.960133,122584.614145,0,exact_coherence_below_minimum;even_odd_disagreement_above_maximum,122584.614145,122486.802417,122627.331872,1
T06,explore,refill_boundary,sha256:d04127698d6d235706822be1586e21ab07aff33d78c4641b2ea77ee5805f057c,1,95137384,38.0556224,0,0,122611.960133,122515.848044,0,exact_coherence_below_minimum,122515.848044,122565.191346,122531.848264,0
T06,explore,refill_boundary,sha256:d04127698d6d235706822be1586e21ab07aff33d78c4641b2ea77ee5805f057c,1,95140718,38.056956,0,0,122611.960133,122494.637114,0,exact_coherence_below_minimum;even_odd_disagreement_above_maximum;timing_spread_above_maximum,122494.637114,122514.318002,123593.374334,1
T06,explore,refill_boundary,sha256:d04127698d6d235706822be1586e21ab07aff33d78c4641b2ea77ee5805f057c,1,95144051,38.0582892,0,0,122611.960133,124377.135546,0,exact_coherence_below_minimum;even_odd_disagreement_above_maximum;timing_spread_above_maximum;half_frame_difference_above_maximum;tone_deletion_shift_above_maximum,117142.529503,120895.099482,123494.917592,0
T06,explore,refill_boundary,sha256:d04127698d6d235706822be1586e21ab07aff33d78c4641b2ea77ee5805f057c,1,95147384,38.0596224,0,0,122611.960133,124611.960133,0,exact_coherence_below_minimum;coherence_margin_below_minimum;even_odd_disagreement_above_maximum;timing_spread_above_maximum;tone_deletion_shift_above_maximum;search_boundary,116611.960133,124611.960133,123664.221239,0
T06,explore,refill_boundary,sha256:d04127698d6d235706822be1586e21ab07aff33d78c4641b2ea77ee5805f057c,1,95150718,38.060956,0,0,122611.960133,122469.282547,0,exact_coherence_below_minimum;even_odd_disagreement_above_maximum,122469.282547,122576.532044,122471.05269,0
T06,explore,refill_boundary,sha256:d04127698d6d235706822be1586e21ab07aff33d78c4641b2ea77ee5805f057c,1,95154051,38.0622892,0,0,122611.960133,122488.029386,0,exact_coherence_below_minimum;even_odd_disagreement_above_maximum;timing_spread_above_maximum,122488.029386,122568.136053,122458.773155,1
T06,explore,refill_boundary,sha256:d04127698d6d235706822be1586e21ab07aff33d78c4641b2ea77ee5805f057c,1,95157384,38.0636224,0,1,122611.960133,,0,refill_boundary_crossing,,,,0
T06,explore,refill_boundary,sha256:d04127698d6d235706822be1586e21ab07aff33d78c4641b2ea77ee5805f057c,1,95160718,38.064956,0,0,122611.960133,122429.308964,0,exact_coherence_below_minimum;timing_spread_above_maximum,122429.308964,122351.970736,122420.158595,0
T06,explore,refill_boundary,sha256:d04127698d6d235706822be1586e21ab07aff33d78c4641b2ea77ee5805f057c,1,95164051,38.0662892,0,0,122611.960133,123773.569445,0,exact_coherence_below_minimum;even_odd_disagreement_above_maximum;half_frame_difference_above_maximum;tone_deletion_shift_above_maximum,123773.569445,123543.9026,122732.958502,0
T06,explore,refill_boundary,sha256:d04127698d6d235706822be1586e21ab07aff33d78c4641b2ea77ee5805f057c,1,95167384,38.0676224,0,0,122611.960133,121807.100181,0,exact_coherence_below_minimum;coherence_margin_below_minimum;even_odd_disagreement_above_maximum;timing_spread_above_maximum;half_frame_difference_above_maximum;tone_deletion_shift_above_maximum,125839.071057,121006.197555,121801.016254,0
T06,explore,refill_boundary,sha256:d04127698d6d235706822be1586e21ab07aff33d78c4641b2ea77ee5805f057c,1,95170718,38.068956,0,0,122611.960133,121985.075798,0,exact_coherence_below_minimum;even_odd_disagreement_above_maximum;timing_spread_above_maximum;tone_deletion_shift_above_maximum,117047.322432,121746.232915,122386.147595,0
T06,explore,refill_boundary,sha256:d04127698d6d235706822be1586e21ab07aff33d78c4641b2ea77ee5805f057c,1,95174051,38.0702892,0,0,122611.960133,120611.960133,0,exact_coherence_below_minimum;coherence_margin_below_minimum;even_odd_disagreement_above_maximum;timing_spread_above_maximum;half_frame_difference_above_maximum;tone_deletion_shift_above_maximum;search_boundary,119646.799513,122449.761055,120611.960133,0
T06,explore,refill_boundary,sha256:d04127698d6d235706822be1586e21ab07aff33d78c4641b2ea77ee5805f057c,1,95177384,38.0716224,0,0,122611.960133,122315.944525,0,exact_coherence_below_minimum;even_odd_disagreement_above_maximum;tone_deletion_shift_above_maximum,122315.944525,122360.607836,122237.096851,0
T06,explore,refill_boundary,sha256:d04127698d6d235706822be1586e21ab07aff33d78c4641b2ea77ee5805f057c,1,95180718,38.072956,0,0,122611.960133,120860.445379,0,exact_coherence_below_minimum;even_odd_disagreement_above_maximum;timing_spread_above_maximum;half_frame_difference_above_maximum;tone_deletion_shift_above_maximum,120860.445379,121570.618531,120923.196456,0
T06,explore,refill_boundary,sha256:d04127698d6d235706822be1586e21ab07aff33d78c4641b2ea77ee5805f057c,1,95184051,38.0742892,0,0,122611.960133,120747.736512,0,exact_coherence_below_minimum;even_odd_disagreement_above_maximum;timing_spread_above_maximum;half_frame_difference_above_maximum;tone_deletion_shift_above_maximum,120747.736512,121543.983563,123277.948314,0
T06,explore,refill_boundary,sha256:d04127698d6d235706822be1586e21ab07aff33d78c4641b2ea77ee5805f057c,1,95187384,38.0756224,0,0,122611.960133,122536.970935,0,even_odd_disagreement_above_maximum,122536.970935,122591.67106,122479.970175,1
T06,explore,refill_boundary,sha256:d04127698d6d235706822be1586e21ab07aff33d78c4641b2ea77ee5805f057c,1,95190718,38.076956,0,0,122611.960133,122406.370411,0,exact_coherence_below_minimum;even_odd_disagreement_above_maximum;timing_spread_above_maximum;tone_deletion_shift_above_maximum,122406.370411,121761.641819,122410.618412,0
T06,explore,refill_boundary,sha256:d04127698d6d235706822be1586e21ab07aff33d78c4641b2ea77ee5805f057c,1,95194051,38.0782892,0,0,122611.960133,122384.213083,0,exact_coherence_below_minimum;even_odd_disagreement_above_maximum;timing_spread_above_maximum,122384.213083,122463.898685,122313.038132,1
T06,explore,refill_boundary,sha256:d04127698d6d235706822be1586e21ab07aff33d78c4641b2ea77ee5805f057c,1,95197384,38.0796224,0,0,122611.960133,122415.772951,0,exact_coherence_below_minimum;even_odd_disagreement_above_maximum;timing_spread_above_maximum,122415.772951,122463.458749,122332.74885,1
T06,explore,refill_boundary,sha256:d04127698d6d235706822be1586e21ab07aff33d78c4641b2ea77ee5805f057c,1,95200718,38.080956,0,0,122611.960133,122954.077538,0,exact_coherence_below_minimum;even_odd_disagreement_above_maximum;half_frame_difference_above_maximum;tone_deletion_shift_above_maximum,119895.378179,121894.451826,122885.265727,0
T06,explore,refill_boundary,sha256:d04127698d6d235706822be1586e21ab07aff33d78c4641b2ea77ee5805f057c,1,95204051,38.0822892,0,0,122611.960133,121022.573774,0,exact_coherence_below_minimum;even_odd_disagreement_above_maximum;timing_spread_above_maximum;half_frame_difference_above_maximum;tone_deletion_shift_above_maximum,121022.573774,123216.077631,123638.262534,0
T06,explore,refill_boundary,sha256:d04127698d6d235706822be1586e21ab07aff33d78c4641b2ea77ee5805f057c,1,95207384,38.0836224,0,0,122611.960133,122435.213083,0,even_odd_disagreement_above_maximum,122435.213083,122325.583097,122599.700918,1
T06,explore,refill_boundary,sha256:d04127698d6d235706822be1586e21ab07aff33d78c4641b2ea77ee5805f057c,1,95210718,38.084956,0,0,122611.960133,122410.25189,0,exact_coherence_below_minimum;even_odd_disagreement_above_maximum;timing_spread_above_maximum;tone_deletion_shift_above_maximum,122410.25189,122200.478232,122580.674837,0
T06,explore,refill_boundary,sha256:d04127698d6d235706822be1586e21ab07aff33d78c4641b2ea77ee5805f057c,1,95214051,38.0862892,0,0,122611.960133,122386.031217,0,even_odd_disagreement_above_maximum,122386.031217,122308.750458,122453.706218,1
T06,explore,refill_boundary,sha256:d04127698d6d235706822be1586e21ab07aff33d78c4641b2ea77ee5805f057c,1,95217384,38.0876224,0,0,122611.960133,122335.634921,0,exact_coherence_below_minimum;even_odd_disagreement_above_maximum;timing_spread_above_maximum,122335.634921,122127.872731,122479.546035,0
T06,explore,refill_boundary,sha256:d04127698d6d235706822be1586e21ab07aff33d78c4641b2ea77ee5805f057c,1,95220718,38.088956,0,0,122611.960133,124611.960133,0,exact_coherence_below_minimum;coherence_margin_below_minimum;even_odd_disagreement_above_maximum;timing_spread_above_maximum;half_frame_difference_above_maximum;tone_deletion_shift_above_maximum;search_boundary,117912.318522,121962.925376,121607.252985,0
T06,explore,refill_boundary,sha256:d04127698d6d235706822be1586e21ab07aff33d78c4641b2ea77ee5805f057c,1,95224051,38.0902892,0,0,122611.960133,123151.31565,0,exact_coherence_below_minimum;even_odd_disagreement_above_maximum;timing_spread_above_maximum,123151.31565,123765.057825,121773.206003,0
T06,explore,refill_boundary,sha256:d04127698d6d235706822be1586e21ab07aff33d78c4641b2ea77ee5805f057c,1,95227384,38.0916224,0,0,122611.960133,122373.246785,1,,122373.246785,122419.719979,122388.818027,1
T06,explore,refill_boundary,sha256:d04127698d6d235706822be1586e21ab07aff33d78c4641b2ea77ee5805f057c,1,95230718,38.092956,0,0,122611.960133,122417.43104,0,exact_coherence_below_minimum;even_odd_disagreement_above_maximum;tone_deletion_shift_above_maximum,122417.43104,122503.742983,121445.016092,0
T06,explore,refill_boundary,sha256:d04127698d6d235706822be1586e21ab07aff33d78c4641b2ea77ee5805f057c,1,95234051,38.0942892,0,0,122611.960133,122314.290334,0,exact_coherence_below_minimum,122314.290334,122303.223208,122320.995019,1
T06,explore,refill_boundary,sha256:d04127698d6d235706822be1586e21ab07aff33d78c4641b2ea77ee5805f057c,1,95237384,38.0956224,0,0,122611.960133,122466.389938,0,exact_coherence_below_minimum;even_odd_disagreement_above_maximum;timing_spread_above_maximum;half_frame_difference_above_maximum,122466.389938,122512.660148,122343.892319,0
T06,explore,refill_boundary,sha256:d04127698d6d235706822be1586e21ab07aff33d78c4641b2ea77ee5805f057c,1,95240718,38.096956,0,0,122611.960133,121474.15208,0,exact_coherence_below_minimum;coherence_margin_below_minimum;even_odd_disagreement_above_maximum;timing_spread_above_maximum;half_frame_difference_above_maximum,121474.15208,121376.80238,121644.002411,0
T06,explore,refill_boundary,sha256:d04127698d6d235706822be1586e21ab07aff33d78c4641b2ea77ee5805f057c,1,95244051,38.0982892,0,0,122611.960133,120611.960133,0,exact_coherence_below_minimum;half_frame_difference_above_maximum;search_boundary,120540.496572,120611.960133,120611.960133,0
T06,explore,refill_boundary,sha256:d04127698d6d235706822be1586e21ab07aff33d78c4641b2ea77ee5805f057c,1,95247384,38.0996224,0,0,122611.960133,122375.162268,0,timing_spread_above_maximum,122375.162268,122321.898614,122396.292003,1
