session_id,rx0_tracklet_id,rx1_tracklet_id,review_agreement,rx0_stored_id,rx1_stored_id,joint_best_id,joint_runner_id,joint_best_train_rms_hz,joint_best_evaluation_rms_hz,joint_runner_train_rms_hz,joint_runner_evaluation_rms_hz,shared_tau_s,later_session,rx0_geometry,rx1_geometry,geometry_evidence,identity_claimed,geometry_rejects_candidate
scan-hop-01b11a5d776e7369,sha256:128f9fd8676bbdbc01b10eb5b1bae5052cf66198a5f15b59e59a9982c9cf04dd,sha256:3a6562f22b17dd65a5471d88e15c6f7f5d7114f00b6cb7cdeb3020f3b343b29b,same-leader,67852,67852,67852,64071,84.15703588927913,73.95410191181405,1991.4522395630886,2386.346850365913,-2.0,False,supports-joint-runner,supports-joint-runner,supports-joint-runner,False,False
scan-hop-01b11a5d776e7369,sha256:1798bd29ca3d104c3b50757cc1275d2778cf4f44a90c1a03277470b4669ad439,sha256:ce4f143587a0f9c2e829ce7e9e9359c22a62b67d44c17f2cd0185c22b5ce097d,same-leader,59081,59081,59081,65323,168.57759007658427,89.12690116671575,1731.6098674725981,1639.4250235758807,0.0,False,unsupported,supports-joint-leader,supports-joint-leader,False,False
scan-hop-01b11a5d776e7369,sha256:3615993bc8192ec386e7525dc6d3f53f7be30362a51bd0ddc1aff129ec25a747,sha256:1fa7e5bb48e51a722ce880ee64bf7e4b526b25c393c570be3626f3f6936d879b,same-leader,62478,62478,62478,52452,108.83934190306218,118.13145989831322,493.32632808178306,623.9115550947326,-2.0,False,supports-joint-leader,supports-joint-leader,supports-joint-leader,False,False
scan-hop-01b11a5d776e7369,sha256:3d1e8495d40d9ebe7c6a4335ec6f333be4099d86a1531eb0daf67d0ab053b2b9,sha256:1dd2f82e7bce1e72bc9c9a4819b29f90a660567fe550df098c979aa680829c3b,same-leader,68115,68115,68115,59554,97.67258281003258,106.92444496826266,1947.5235368233027,2415.7425654738427,-2.0,False,supports-joint-leader,supports-joint-leader,supports-joint-leader,False,False
scan-hop-01b11a5d776e7369,sha256:5893fedf39488361e1e25998cd2ab7e864d5c19bd1a39cc4e480164c96c06ef0,sha256:c30467fede94973abad4c0ede4e0c6ae24c909f0a8df2467e6c804e9f4d6484d,same-leader,67870,67870,67870,45369,111.28476413217163,123.52642035351346,1040.1767731275377,1091.0913591993765,-2.0,False,supports-joint-leader,supports-joint-leader,supports-joint-leader,False,False
scan-hop-01b11a5d776e7369,sha256:6c8be18286e9133e439695b49199abaf4d15ddfaec5d55e13448642d82ac580b,sha256:e1c5b1ef792aac8c4785159322880ffaf2ac164339c8e5b98d9caf21c0a69d8b,same-leader,59554,59554,59554,68115,83.6444617526019,60.44305683077674,1717.1365094462437,2230.976630234166,0.0,False,supports-joint-leader,supports-joint-leader,supports-joint-leader,False,False
scan-hop-01b11a5d776e7369,sha256:793c7a4a4ec1e5e6c324e18c38b8953a4cc033a8a168a5d363aa06bcdbf9b3d4,sha256:8c03fa2befa3b173bf445de1fd22a48b845b6ba62db92ff043e5c0e6ccffa2dc,same-leader,67852,67852,67852,64071,88.10483373546734,114.31391442140318,2864.3163915599275,2529.727982446556,-2.0,False,supports-joint-leader,supports-joint-leader,supports-joint-leader,False,False
scan-hop-01b11a5d776e7369,sha256:882ad02fc9e219d6df03966d3ce3c868525c42731d2fac13bab62f47c7af3743,sha256:9ff8a3c8fdd83bd59b3424e1daba1603a74154d76b1af031cc16ac2f403dcf54,same-leader,65348,65348,65348,64184,108.21819998479923,138.27207026585444,358.7699625300039,344.5247709778595,0.0,False,supports-joint-leader,supports-joint-leader,supports-joint-leader,False,False
scan-hop-01b11a5d776e7369,sha256:92b77a1042fdf8e931c09c3713b5ca7c2edfea6996d69c51090e799518eedd5e,sha256:4d78ee5dbf004b071d269000c0a350b279ad14bc45cb1c0ab2da1de5aebde31d,same-leader,68115,68115,68115,52452,105.84655511121224,100.03920594917444,3069.198892826005,2877.605864223519,-2.0,False,supports-joint-runner,supports-joint-runner,supports-joint-runner,False,False
scan-hop-01b11a5d776e7369,sha256:a5496c5be930738c2b378edcc0a4d5b3acf197f9282993ac42b049921d098dae,sha256:d8412d4049ef107783d3dca29eef7700335e7811c6a281e8c44364d02ded5cb6,unreviewed-side,68116,,68116,47770,89.42995123351028,83.95064066704724,118.53529339493855,109.4372804022562,-1.0,False,supports-joint-leader,unsupported,supports-joint-leader,False,False
scan-hop-01b11a5d776e7369,sha256:ab022ad49f7a432fc3130250360d6827348a895920e26f211dc0cce85348227a,sha256:97edfd237f3cc26e95789dee8d13b970423974db60988ec1434dac3761cf30b8,same-leader,59554,59554,59554,68115,91.74186460289286,112.58718827431709,418.1754905979148,417.5393583596048,0.0,False,supports-joint-leader,supports-joint-leader,supports-joint-leader,False,False
scan-hop-01b11a5d776e7369,sha256:b5ce3e1d37bb1dcfb14154c44f4440db0f7462eb2ea6c68e3cde1e2e6a301b73,sha256:30078368301e66b566e1bbb4c45f75cb2e720f4eac07159ae0d942be098d683f,unreviewed-side,,,,,,,,,,False,unsupported,unsupported,unsupported-or-uncertain,False,False
scan-hop-04659e64a57981df,sha256:32fc0859428373200032dc4b85c5d0b1ccd25ba13e7794f50564538a566bf731,sha256:a2396b53c9264bf41b485acc26910425d215a90b9517e999a9acea9dc198e55f,same-leader,66066,66066,66066,55986,108.98024482709253,109.69528520447616,610.270888416669,673.2954008771327,-1.0,False,supports-joint-leader,supports-joint-leader,supports-joint-leader,False,False
scan-hop-04659e64a57981df,sha256:b41f4794dd4a335aa296fa7e3626608b30844c91405df9c147b7256c85f8a047,sha256:8f22259a643b2c6c9dee30e90d18bbd8e1539c1a298db01b76a7be3ad215051e,unreviewed-side,,66575,66575,56003,137.59827409322963,62.37986869337527,209.36359579438152,209.100708921419,-4.0,False,unsupported,supports-joint-leader,supports-joint-leader,False,False
scan-hop-04659e64a57981df,sha256:c68838fc692ee8dc6d7015137dec11e27d841499ba9b7d025814997cd40e6eae,sha256:2d70b07059c12308c85252720c99c4b6539a6d7c2a21ba2adc2fbb031b1c89d5,different-leader,64762,66599,66599,64762,100.10326380015923,545.6159663924017,412.89890865991913,542.9606815029423,-5.0,False,supports-joint-runner,supports-joint-runner,supports-joint-runner,False,False
scan-hop-04659e64a57981df,sha256:d1a2afdc40ff7882adfda4bc74bc67651093228b7cefc43ea5a9da8b01d72c4f,sha256:71b2fb08e1c55ed7d7bb72eab6fa6f20d40ee4582dd0d78c9cc8bdf596b0b7f5,same-leader,66601,66601,66601,63446,146.18835929330868,144.07531869077764,834.866284467571,900.8613134829675,-2.0,False,supports-joint-runner,supports-joint-runner,supports-joint-runner,False,False
scan-hop-04659e64a57981df,sha256:d5d76ef2ab40911e45f3aa9112c18a71f59f295b2eac2e63f9789ea25da9195c,sha256:e7a0917343ef6fa92078840a443fdd87feb300cc85ff4e212a4c520bfbada052,same-leader,66575,66575,66575,56003,146.07683555378603,127.32754188916782,340.02929065027666,317.9356659150978,-5.0,False,supports-joint-leader,supports-joint-leader,supports-joint-leader,False,False
scan-hop-06f6cbf16f6c5563,sha256:4dd4a429d15ee8a0cab32bd9e832708d32a65d8961974feb628cabcd2abde92a,sha256:c1af75c660d1d9aa5835ef87c94d0398b89298bfc8169608d8513d6a3373e8a3,same-leader,57909,57909,57909,48574,122.57714416590152,116.02125543509818,653.507222873797,784.1028906771182,0.0,False,unsupported,uncertain,unsupported-or-uncertain,False,False
scan-hop-06f6cbf16f6c5563,sha256:6b11bf9b7cc02bef12876e2f11bd2094bf3ef6e1b188e80525767b25141ea9f4,sha256:91c454555b5e872bc1cb40fc07c6300f00c5709870829507f12be4e902ddc097,unreviewed-side,,53262,53262,55374,85.07387429758779,81.60459007093937,91.41289964027558,94.24830385893661,3.0,False,unsupported,supports-joint-leader,supports-joint-leader,False,False
scan-hop-06f6cbf16f6c5563,sha256:9d9d87ab57d1868ee36ff70bf4520257a5c8c8f4c64973a74e8017dceb36ae7e,sha256:221929340bd2c5546e0555394d5fe6974672110915fcdff37025413c78b2c47b,unreviewed-side,,66111,66111,64067,95.93474985924894,99.74933924324637,581.1339965002344,568.1008821810065,-1.0,False,unsupported,supports-joint-leader,supports-joint-leader,False,False
scan-hop-06f6cbf16f6c5563,sha256:a04c18877e4963524af33d6bd3279b34c7e3f9a4085c1f2569ad0ef222925692,sha256:fa7703d3d94dce21dccee85013cff4e254a991fa344c9daa757a1e77254a9cc6,same-leader,63677,63677,63677,55372,92.17907219592361,100.85877270183526,251.65118072230416,247.0570861056179,0.0,False,supports-joint-runner,supports-joint-runner,supports-joint-runner,False,False
scan-hop-06f6cbf16f6c5563,sha256:bf603075ccce6d330ed81bb676a512399c7f4b556e25580b05036b43db419efa,sha256:a1db4fd426bb99c0e93d7cff646d54e09ed8b8f3e91f2270fac02954ca126f31,same-leader,67203,67203,67203,57241,117.0832383651534,165.01257869849047,533.6170786109554,636.0613816460993,0.0,False,supports-joint-leader,supports-joint-leader,supports-joint-leader,False,False
scan-hop-09d72b8f81edd530,sha256:07605f1788bc2f436b5a091df765c69a18e562bef0de8b4456f5870cdb6f0b78,sha256:a57f062d3fe1d1725adbb684f753c8ae2f63a13f50645b8c142571a8cbc44996,unreviewed-side,,,,,,,,,,False,unsupported,unsupported,unsupported-or-uncertain,False,False
scan-hop-09d72b8f81edd530,sha256:1c868c1b7657f6a30cfae4a5b241ab189bb0649c216d3ced622ab124943ea8f9,sha256:9d4e78849cc68b6b06a99a9b28c7d253773cbecf44d99e6dd26fbdc302eb3b2b,same-leader,67890,67890,67890,57128,89.905048286338,137.3459091282439,1717.4297120141882,2086.4371585432664,-1.0,False,supports-joint-leader,supports-joint-leader,supports-joint-leader,False,False
scan-hop-09d72b8f81edd530,sha256:1c9511c8ee3895a8238184b6499766e6897588bb423803564fe3b47fea9cb2ea,sha256:768fc43fff2de58306d6cec40bfc9cd7f2856b11eda4d1ac1e58fc9c1f7d7168,same-leader,66494,66494,66494,68315,120.1232594229594,129.9429538470801,699.9387532901416,621.7713875522255,-1.0,False,supports-joint-leader,supports-joint-leader,supports-joint-leader,False,False
scan-hop-09d72b8f81edd530,sha256:36200a03a839696c2fa4b7c4c0d481ac957805a9f3342f80318b60ac3414bae1,sha256:e267d9e072f9c2375b0af2e633223a5c7b0c4a2e8a146f97825d851f0f61b907,different-leader,61534,66570,66570,61534,89.35600870401399,102.72269965287705,256.17155194259175,299.2575035129848,-1.0,False,supports-joint-leader,supports-joint-leader,supports-joint-leader,False,False
scan-hop-09d72b8f81edd530,sha256:3f6b5dc43dc33dae39421b3260081dfb561f154064db4ca3e5f18a504366ada3,sha256:1ce2200a9933a1f022eaab923cfaf9d0695632e43fe2502293c068ea6390cf43,same-leader,67890,67890,67890,57128,81.99002836166909,87.74074692249921,2036.4818068968777,1853.710183273535,-1.0,False,supports-joint-leader,supports-joint-leader,supports-joint-leader,False,False
scan-hop-09d72b8f81edd530,sha256:79416850df49f48344e72dd162987faa0ec18b95fb781d5cda581f1e5c86e4e3,sha256:ab4dcf82e32256e9e7aeb833ca8dcdbc4d8c99482f997d96b619abbe7bb2fa7b,different-leader,68074,100475,100475,68074,123.28762532294219,645.8211622226053,128.57643743630885,858.788202743592,-2.0,False,uncertain,uncertain,unsupported-or-uncertain,False,False
scan-hop-09d72b8f81edd530,sha256:812248387789b90428c0eaed5574b54fb31a99717902f09e1d1933f2619cdc92,sha256:85e2239585d9ebd85df845c3ee62881c92175241ee3c607fd9bce7050a8619e4,same-leader,66509,66509,66509,66544,130.72640741179575,158.25723237083784,1512.661766335868,1692.4881544360449,-2.0,False,supports-joint-runner,supports-joint-runner,supports-joint-runner,False,False
scan-hop-09d72b8f81edd530,sha256:8d4e45a46fb806f4ea536581369d9d90bfc10f2e93314e1d48ead18c7db81a54,sha256:8e332aaa80e1a0ba2664716981cc4cf1cc41ba709c7774ea3469e78f18e1f99c,different-leader,57871,55368,55368,59857,1809.875954842277,2021.417810973195,2068.3602961167903,2345.8448787551556,5.0,False,unsupported,supports-joint-runner,supports-joint-runner,False,False
scan-hop-09d72b8f81edd530,sha256:a602d5ab74cf7da3d6e3dafea061123c955f356bb5ae491b36ea993fd0353c6a,sha256:b2a9322ffb76252a5e0ae2c7405a0efdb678ed7a63b31c6ff59c28ae3f374bde,same-leader,66494,66494,66494,68315,112.31463495715757,117.90598516481928,458.20070930528914,550.5255759173006,-1.0,False,supports-joint-leader,supports-joint-leader,supports-joint-leader,False,False
scan-hop-09d72b8f81edd530,sha256:bbc3b833da20ada8a0c1d80b02cf08b259c6d1242d8716e01a203b127af59f43,sha256:327b8be23ad5789938baceb32f5a7d94fda3292cc6fda6df59a58ca4a4ef68a3,same-leader,68074,68074,68074,62516,126.86589576110416,109.60043524425699,2667.9853533144333,2719.2110267553517,-2.0,False,supports-joint-runner,supports-joint-runner,supports-joint-runner,False,False
scan-hop-126be126acb225de,sha256:0fe8e960c0cf17d6a417c1eccded16370694cd2d043d0990a09b06707b6426a5,sha256:b4e734f3a08f3262cd013d0b62582ec57ed92b51b7ec48a916227fe6ec6bb20b,same-leader,66585,66585,66585,66448,115.77097606337574,100.8950371397135,1755.3066794849708,1756.2230620543628,-3.0,False,unsupported,supports-joint-runner,supports-joint-runner,False,False
scan-hop-126be126acb225de,sha256:11ee021ede390306578f06a88a1371a3823cd73fb0dc869602c2afbe913078ed,sha256:4b6f13f43babd8a386434a319a27636e0ee9d7e94b7be1cd3aaf5b5222cc51bc,different-leader,68076,66531,66531,68076,85.07237160831151,111.58538471580765,197.86020052271755,263.51097859051447,-1.0,False,supports-joint-leader,supports-joint-leader,supports-joint-leader,False,False
scan-hop-126be126acb225de,sha256:75eab9b9cd38f26ed2a39c349963b3934827adbe840f1aa5640ffbc7d85825a8,sha256:4b6f13f43babd8a386434a319a27636e0ee9d7e94b7be1cd3aaf5b5222cc51bc,unreviewed-side,,66531,66531,68076,66.53928652026407,106.37974837189998,218.42362896583856,269.8772783611155,-1.0,False,unsupported,supports-joint-leader,supports-joint-leader,False,False
scan-hop-126be126acb225de,sha256:db29ba7878fd6e22cefcd6b32f4915c90904b4b558508fc3ab2625df6a62afcc,sha256:d0400da9a05d83413233d49529b7944720977973dcd2c07a414ae321786cf9cd,same-leader,59504,59504,59504,58545,104.85746867687811,91.77704305701093,744.5912470961329,779.680185734058,0.0,False,supports-joint-leader,supports-joint-leader,supports-joint-leader,False,False
scan-hop-126be126acb225de,sha256:e269aa89c2f742e1cb984389b9d61769a2bb0bdd346a3ec2662abb0c95aa08d6,sha256:f4fea07dd2e1410e1eb6d2d57de963e66c68942984fb36e95c8f5ee75d20283e,same-leader,66493,66493,66493,68076,239.08904980767835,179.886412262627,326.99178216733395,318.4790771561446,-1.0,False,supports-joint-runner,supports-joint-runner,supports-joint-runner,False,False
scan-hop-179a743995ae3a68,sha256:0148405d070050c973edabbc271011aaa41b1201814530e916766519267645d7,sha256:c38e5f67184e26e7f5e454166fb0d8b493a9692ce5fb0385854a99725aa4773a,same-leader,100636,100636,100636,65828,2113.557762488664,2240.8973867994573,4857.115941913384,4936.101995048779,-5.0,False,uncertain,uncertain,unsupported-or-uncertain,False,False
scan-hop-179a743995ae3a68,sha256:1c037bc83621b48398f3f6f6a7100fe863e29ac5717e2e39cc74315f53d7dea0,sha256:aa66e3f6d70b4a38b0a728c3a5a079b6cf7592717c16592b1ce92cfd0b48e7f4,unreviewed-side,,59015,59015,68393,87.3967740886076,82.19802264313262,152.73184605700445,205.2581887113411,0.0,False,unsupported,supports-joint-leader,supports-joint-leader,False,False
scan-hop-179a743995ae3a68,sha256:521b532c0869fe8a82fe36daf4854ede6c7a95a6ce790efeb496f2cd51623d6f,sha256:e75da2e1c41a540fe6af022e1a194777ad962074f6a731a3a8b39f47878c2aa6,unreviewed-side,,52480,52480,59004,1234.6228222305747,1132.9997504924847,1322.1526911015205,1402.0610568237755,1.0,False,unsupported,supports-joint-runner,supports-joint-runner,False,False
scan-hop-179a743995ae3a68,sha256:69cb66e1454f644b21cfd32a851c416c133a0aa1ccacdd73433858b0b1cc1235,sha256:7c1ddc943192da386b70fa0956a43a9fe5f46922e6fde280c10d82af7abd4019,same-leader,62312,62312,62312,48471,125.74229799431338,105.20199731756536,758.358187240821,663.6601136323936,-2.0,False,supports-joint-runner,supports-joint-runner,supports-joint-runner,False,False
scan-hop-179a743995ae3a68,sha256:79e8d4c980f4617e36453b06eb29510860ee67a2707dfb49c46c3ac8c53661ab,sha256:5d0989dbb189f9de4b532a881341d2f8dc13bd6e0932144145b1f9db9ffbca9d,same-leader,66466,66466,66466,59571,137.87649603269548,134.43113278689265,495.3141307517967,533.8573530867503,-2.0,False,uncertain,uncertain,unsupported-or-uncertain,False,False
scan-hop-179a743995ae3a68,sha256:c736c99785dfe296a7add1212fc55bd2ca052f7b0917840955eb45a0469cb3f5,sha256:e825c1ec055bb41b40c28bbf92ff6100885ff660e0303f3827ed49edf9ece44c,same-leader,68018,68018,68018,100636,84.52186292326628,122.66844155367941,3045.4812918532302,3627.329226187072,-3.0,False,uncertain,uncertain,unsupported-or-uncertain,False,False
scan-hop-179a743995ae3a68,sha256:cd87c249532c98a4d2871ce90cd9000710b2d893bf66ac2482c91c5002573507,sha256:eded33ef845ef0be0a56f982509f1ea91fde6e483f8f5d075a6e7680c0266fda,same-leader,63650,63650,63650,64445,122.84343602689066,119.09881192347147,1084.3064200713877,1175.0898526169913,-2.0,False,supports-joint-runner,supports-joint-runner,supports-joint-runner,False,False
scan-hop-179a743995ae3a68,sha256:ef604f7a4190a91c8eaeaf904a33b3a44d8d3e60022ee8f2077d1dd4cbed3d08,sha256:ae964e7f248e37c72d5ecc87c958f7defe3ee97450ca4408104ec78dcb8d593f,same-leader,100295,100295,100295,100617,1490.740979858907,1634.7181747639802,1776.0285034413737,1968.3068778111274,-5.0,False,uncertain,uncertain,unsupported-or-uncertain,False,False
scan-hop-1a3679fc1c9fd7bf,sha256:45ff882eae495023d2836f9a1647d03bd097d05713373af55c71715c7b5d2354,sha256:dd56ba6ada51f11e2ecbe50e04b8394c6211de63e532a98660349a9ca7e26576,same-leader,62893,62893,62893,64210,231.3496256565091,249.6541439753609,1393.3831144905296,1546.3281400924634,-5.0,False,supports-joint-leader,supports-joint-leader,supports-joint-leader,False,False
scan-hop-1a3679fc1c9fd7bf,sha256:7623d56870375043dd2c298385b910a230eae17bc2350bd60cdf43992c27dce4,sha256:7f9f43deb3253b33c54ea98911a53be6952ecf043de7a76f0ea64422ed1eba35,unreviewed-side,,63481,63481,55453,99.91719182205667,116.19040574169087,203.38429174903706,192.68559727858965,-1.0,False,unsupported,supports-joint-leader,supports-joint-leader,False,False
scan-hop-1a3679fc1c9fd7bf,sha256:83cf627b98114bb7f50659775676f29893d1d148842a5ffe9f14e3bad1fedf14,sha256:aaebeea9ff68907e3c59ce357fdcdf8ca19375fe77c40cbaef4d8fc0cf8745d4,same-leader,59353,59353,59353,52851,105.01570118371335,111.00164618912021,2603.6895580589567,2362.820722295356,0.0,False,unsupported,uncertain,unsupported-or-uncertain,False,False
scan-hop-1a3679fc1c9fd7bf,sha256:b164ecdb4ea1ce3094885421a2da22567aeafffab94250127441467debce6474,sha256:24afa1dfa15cd0c4f44360c85f9f972db96f7cc3e9c96cde0fa84d5e96fe7c49,unreviewed-side,,65202,65202,63487,747.0268240937152,532.2278718570584,862.113666255121,710.3319207675667,-2.0,False,unsupported,uncertain,unsupported-or-uncertain,False,False
scan-hop-1a3679fc1c9fd7bf,sha256:beb1d36b913907dfa4949db4656c533f926fa938b6faa157ab6b9cf2bd85dd73,sha256:00e207f585970baaea725ff2259ca17e9ab421ee442d88c80401daf77aab79fc,same-leader,67320,67320,67320,62220,120.55543630679638,118.16294669441955,1212.488131377291,1165.8330741110099,-3.0,False,supports-joint-runner,supports-joint-runner,supports-joint-runner,False,False
scan-hop-1b83fb54ac5af24b,sha256:0a9a492e22f8ef757204ee0747f68d0c96d098627c1881045f1c1ab6e1d7be9b,sha256:6381b3cb0de270331d53c6847003d3891cf21efae2ed4ec0bf5ca7f11b4bac0d,same-leader,59837,59837,59837,62505,109.04709763628429,77.07601965329783,865.8614874019709,612.9352022449104,0.0,False,supports-joint-runner,supports-joint-runner,supports-joint-runner,False,False
scan-hop-1b83fb54ac5af24b,sha256:0e3867308212632f07f0ff487b0c16ab5a30693b2bb8cc2870dcd7370fad7d60,sha256:0ed51541d121fd6273a1355e44c06ae4c416136d3c73cbfb5a8a33d4fa308937,same-leader,66510,66510,66510,66516,84.02129906985655,63.90586618427105,397.54851510734187,480.9146083925792,-1.0,False,supports-joint-runner,supports-joint-runner,supports-joint-runner,False,False
scan-hop-1b83fb54ac5af24b,sha256:1fe4eabef54833c3ee40be42a54ea59f534c09a9c86beadc0b3fd04d6048458d,sha256:52219530009a2bfd8c796e8ef56abeee9db9635e3895487484af593637a7d760,same-leader,66510,66510,66510,66516,41.557862774623146,48.065114248361425,388.05319414346184,481.7195294310672,-1.0,False,supports-joint-runner,supports-joint-runner,supports-joint-runner,False,False
scan-hop-1b83fb54ac5af24b,sha256:44e84cd729a06b24fee56975eb1c3b91d1c1a64c0b3b274c20ac9fe05c7e22d2,sha256:620c7fb55cabfcc9da236301e14e219cdb461df1558722ad9a4db78cfac4a22e,same-leader,66499,66499,66499,67903,130.5820250455128,91.61017325404221,700.6917489245491,793.9408435876392,-1.0,False,supports-joint-leader,supports-joint-leader,supports-joint-leader,False,False
scan-hop-1b83fb54ac5af24b,sha256:599a907894302b76b890877368885d75668c9f254af23b3a353715f8ca526c2b,sha256:4ff384f6f59a34eb0e1f49dccb407ed6a2f6844fe68fc13ab4d681d30b3a2a0b,same-leader,66557,66557,66557,63095,111.2507319484709,116.08812876105718,757.381940401533,693.065508398977,-1.0,False,supports-joint-leader,supports-joint-leader,supports-joint-leader,False,False
scan-hop-1b83fb54ac5af24b,sha256:5bf0a9eb0d0e5094650f2c884400fe9687cc51e9a1c67ad93eef09570aa9596c,sha256:c7e6ca44135747d6babbac503ea5e56c2c2e914f3bf9bfb0537fb82270e751c8,same-leader,66499,66499,66499,67903,115.68351082220379,154.85495133183636,2219.499107994707,2383.869638320718,-1.0,False,supports-joint-leader,supports-joint-leader,supports-joint-leader,False,False
scan-hop-1b83fb54ac5af24b,sha256:645e5827194d9ab23dc08e8b425b44fa1e3e630abe67bd690e50b0f2c35adba6,sha256:09fba236273477e55a698c9896c94359eef4b46996fe2636b9f8f5792bbb8b9f,same-leader,66516,66516,66516,66510,61.408881642487486,51.00108013128938,107.58199434344907,133.69786805972217,-2.0,False,supports-joint-leader,supports-joint-leader,supports-joint-leader,False,False
scan-hop-1b83fb54ac5af24b,sha256:852ccd5878eb8e479da5bb88ae4384f14192c08427438e8adce8c117196f0a2f,sha256:f313418313a3a75351781f6f707e6c2786b3e7231a10007577b2cf5a67b6635d,unreviewed-side,,66510,66510,66516,78.62726909029125,128.81387321836635,142.15550303175445,188.19002372369036,-1.0,False,unsupported,supports-joint-leader,supports-joint-leader,False,False
scan-hop-1b83fb54ac5af24b,sha256:8b0726a86b90f3fdc7b8b1f76e40ce54c5f5a9166c8e0286488952dbe15f84c7,sha256:bbd3b2079a934109ce09f7ed075c41746d8254be69be388996e863e1c84194e3,same-leader,64811,64811,64811,55488,69.0137701461659,73.81679899459502,758.1993657115141,1267.7912102609,0.0,False,unsupported,supports-joint-runner,supports-joint-runner,False,False
scan-hop-1b83fb54ac5af24b,sha256:9cac44a2194716e20c74e4fd8e34b02e7fe2885e72d2c9f5b3a6d0c5a44e3435,sha256:d0115f4c75f0e8bf40855b417f2fdcfe267c2594f11683afb641b5f51597a8b7,unreviewed-side,61927,,61927,68071,1219.108864585031,827.8842155188204,1432.060054870362,816.1282344176069,-5.0,False,uncertain,unsupported,unsupported-or-uncertain,False,False
scan-hop-1b83fb54ac5af24b,sha256:bd241efa677644dfa892650b2a63bd3ee4e4c83e38bafb747a73e5d65aa9deaa,sha256:cd38cbafc7d408de3873278e79975f8553433b81708a6d24b38b367d7add858d,unreviewed-side,,66557,66557,63095,43.56484079728396,48.46453010248425,207.0609365666809,241.93149711637432,-1.0,False,unsupported,supports-joint-leader,supports-joint-leader,False,False
scan-hop-1bec690f93ce0b1e,sha256:0d17bba4a55969e29994ab2219835967216dfbd48abbe225866aefe93368f42d,sha256:0a0d1af3eb7995817578b1fb8d13dc90e1a22f602750f88b9a630b23e9d10572,same-leader,58547,58547,58547,58113,81.04297945535632,97.42400650189444,214.48289580622213,178.6856594676157,-1.0,False,supports-joint-runner,supports-joint-runner,supports-joint-runner,False,False
scan-hop-1bec690f93ce0b1e,sha256:0e1776b8ebd8841389946d18703048f97f8e7b48d2b384640466d029b5da7134,sha256:e5d8f241dd54d347dc7723fffe4317a63c5259c398a09a858db7ea8de9f894f4,same-leader,59498,59498,59498,67822,107.53653692448282,99.79265425092959,331.38097076356615,359.8383993955055,4.0,False,supports-joint-leader,supports-joint-leader,supports-joint-leader,False,False
scan-hop-1bec690f93ce0b1e,sha256:3d693955fff43a14888bfa918825c2bae3c974e67466426d2a0c87ae3564c3a7,sha256:e268dfdf404001981fab1bf4334e385911f642a0ff7babd4a479c35c87cef9d5,same-leader,65368,65368,65368,60267,99.24862974854769,153.0685576843141,1988.9821782414372,1957.1376731775656,-2.0,False,supports-joint-leader,supports-joint-leader,supports-joint-leader,False,False
scan-hop-1bec690f93ce0b1e,sha256:3f146d625fbdc9b1ef49e7fb09dc20af96970fac865197981d2cf0e764aa6588,sha256:6689bebaccec638c19d7e79a3da03f0de1da857aebc96717aebe006577d66317,same-leader,67699,67699,67699,54776,57.33082753507207,86.97639118143013,2207.4037101596864,3049.0127274963875,-2.0,False,supports-joint-runner,supports-joint-runner,supports-joint-runner,False,False
scan-hop-1bec690f93ce0b1e,sha256:45b74b9bdf5c8d405aa5cf24e0a349e58b9f7221cee8f796c0a6c2d5a030ce77,sha256:d354131509e6ae6421de91ce139ef0a726d64a5b2dffb41b864bddad50e99668,same-leader,67704,67704,67704,65924,125.78912598731131,98.9089838095639,2188.236392712855,2466.7760834524906,-2.0,False,unsupported,supports-joint-runner,supports-joint-runner,False,False
scan-hop-1bec690f93ce0b1e,sha256:688a84cd7e69dbbba2d06dff8bb3214efd3bef85b357dd511e673f801ec5c5d0,sha256:b3d8408d851453f7b029c52d75459341c16b77376c14914f4307cbfe27570b76,unreviewed-side,,62048,62048,52707,93.23217865975595,115.63867857846593,849.7876782776285,1157.5455142960222,-1.0,False,unsupported,supports-joint-leader,supports-joint-leader,False,False
scan-hop-1bec690f93ce0b1e,sha256:755cb73b36e53edbc7f77e78ae8a42761d3f2810bbe84043c88feb16202f491a,sha256:a93d7a231f31fdd7976a49e8e40a7b81b64d7b6b8dbfacf719b47db3e8b3ebdd,same-leader,65368,65368,65368,45772,115.6995748427997,90.18401402357041,1332.7806609072802,1813.2341870149476,-2.0,False,supports-joint-leader,supports-joint-leader,supports-joint-leader,False,False
scan-hop-1bec690f93ce0b1e,sha256:7603a6aa98ec73950326a1a0c1189e7f3c454bb99c1696af0a7e25016f52a768,sha256:251a494a26b9bb998d8603b87eff21146b17a61501ae45a8940578ce5321e6d0,unreviewed-side,,63566,63566,67704,73.78490509035137,136.52923294455542,348.2301246965297,550.1311088150135,0.0,False,unsupported,supports-joint-leader,supports-joint-leader,False,False
scan-hop-1bec690f93ce0b1e,sha256:7c05cbc74d95bf756b86e4e88d688f513e9fe1b44ea71b341e447fcfb7b66e0d,sha256:55a377b4d8280120781f559b27ad508528da75560808839bd91eac42b54b1c4b,same-leader,63566,63566,63566,60255,150.0191938329988,186.18689057145585,1768.356304722621,1961.2114181895333,0.0,False,supports-joint-leader,supports-joint-leader,supports-joint-leader,False,False
scan-hop-1bec690f93ce0b1e,sha256:7e901056d6db0bacc1b1f09ba77dfa3642e9ca6bff901a580aa26da17f83917c,sha256:c1135933301d66f463faf346139adc8364fd8e572e16aa07b8d73d25aa1b4460,same-leader,52847,52847,52847,48099,92.90651273412509,111.48223413683559,2709.977624236138,3189.0437179944556,0.0,False,uncertain,uncertain,unsupported-or-uncertain,False,False
scan-hop-1bec690f93ce0b1e,sha256:b5de9f3092132f5bc7e9deb392e695d52ec30bf3f8c39627432983a04dd85294,sha256:b6fa7df071e5b86199b59335679d0df05ea35460be7d335f40a1174624050b37,same-leader,62506,62506,62506,58113,558.8143465716471,647.1426125395925,1388.4161515418027,1033.605173728429,1.0,False,unsupported,supports-joint-leader,supports-joint-leader,False,False
scan-hop-1bec690f93ce0b1e,sha256:cca11731ca81acd717a02b04e64000fba4f1c075cd10a944d5a891e818a19f77,sha256:22e6560ed12f1c9495a71195f2283e8ede66b54d42d19c424e68228c5dd904d7,same-leader,63566,63566,63566,60255,101.64669435037001,78.63272216856328,2100.5454768281807,2013.1102265477716,0.0,False,supports-joint-runner,unsupported,supports-joint-runner,False,False
scan-hop-1bec690f93ce0b1e,sha256:ea7a3d71083b115ac0481c2e28b1ba564aee89b38e7646ec45741e27ea94cc07,sha256:5037cf28f56feca32df9301a539a604adeabb37dfb1d4452984c42280bfafbcb,same-leader,65924,65924,65924,67704,111.06373982307038,87.07262958771956,1780.3420283722558,1878.136719001958,-2.0,False,supports-joint-leader,supports-joint-leader,supports-joint-leader,False,False
scan-hop-1bec690f93ce0b1e,sha256:eb493946a7f19af557b1ab1c134642df83d9929b950c89bb9985e3091e3d72cd,sha256:6d822e5f6a655e21a57dea6298659da74be5a4a4e536d933676b5a030baf21e9,unreviewed-side,,65924,65924,67704,97.81505996631765,60.810794610278094,265.1487434566292,266.5067775891986,-2.0,False,unsupported,supports-joint-runner,supports-joint-runner,False,False
scan-hop-1c86f4032d91cb95,sha256:0a6d715bbb4cbcfa7f95578c53bd4bef87ca2534a5e1c1ff4d89f9e2d50c9a71,sha256:dcf8f2a762f2dfd5136fa681393f8eda9e5b65892fbafac32f411ca0dde26918,same-leader,65460,65460,65460,69761,169.3738977654223,149.23931025872042,2649.4663764878237,2343.2226716886134,-2.0,True,supports-joint-leader,supports-joint-leader,supports-joint-leader,False,False
scan-hop-1c86f4032d91cb95,sha256:1a2769cb8500ec66046c455a12d5ec7742b0d3c4bc65cd9b9384fc30b56787d4,sha256:f24083c02299aee4269c37843001bee445d19a5b85488970c55e5ef7cecfef81,same-leader,69985,69985,69985,53405,157.94508948503207,163.85999508898533,5790.287269350927,4970.079552511195,-5.0,True,supports-joint-runner,supports-joint-runner,supports-joint-runner,False,False
scan-hop-1c86f4032d91cb95,sha256:1b8c53f076df63919017374335f263019ce626184d2780e18adf7d3ff896b5f1,sha256:7dbe7ddf0a89d3d4c0c6b3b1033dd346a4ff9fdba7f678947887ec3fab5d53a4,same-leader,65460,65460,65460,69761,98.26698167920802,86.96070692089724,306.4184061303463,377.6583399851687,-1.0,True,supports-joint-leader,supports-joint-leader,supports-joint-leader,False,False
scan-hop-1c86f4032d91cb95,sha256:642c56ca1b78401b376708a9e6e555da210ee9c0c2c0c6722b2070596ce51edd,sha256:9a232dcbdea49975d7020bafe0c54f621083ac45b07be876069bc844ef29158e,unreviewed-side,,64010,68625,64010,109.20112631410912,131.66755230328116,110.05415984897503,135.90605648165234,-5.0,True,unsupported,supports-joint-runner,supports-joint-runner,False,False
scan-hop-1c86f4032d91cb95,sha256:9048deaf7d157a99de8151dd7b0e7219c82fbbaaa0748bd89643d6d49cf43d1a,sha256:eea55c343ef5e7e4ef25a4f913f02a33175e2c6d56ea8a61accff8bd3d29214b,same-leader,65470,65470,65470,65469,136.6449242637105,119.58020038100042,345.0455576999235,276.0818643896863,-1.0,True,supports-joint-runner,supports-joint-runner,supports-joint-runner,False,False
scan-hop-1c86f4032d91cb95,sha256:91b4912dbdfa94364f44b6894f2e6183bf6a998ca7dd4160273752223198a8b2,sha256:4dea1bd8095c28bb68fa3beb78e43c292f4cb526b889e65f2767dacfc665453c,same-leader,63862,63862,63862,50197,278.8482788706711,370.5630918503208,1674.155148606538,2261.4198323232995,-5.0,True,unsupported,supports-joint-runner,supports-joint-runner,False,False
scan-hop-1c86f4032d91cb95,sha256:d0c6d07a7b03216c1f860f0c11fc1e27bdc92026b2e1cd5705dfc14647048bae,sha256:58c21237799f2e2280c65a647d28140f4238720d7363be0e6e62d578f33064cc,unreviewed-side,,57499,57499,63553,95.99489282812839,113.7020627215671,602.9606921835533,695.7270962065667,0.0,True,unsupported,uncertain,unsupported-or-uncertain,False,False
scan-hop-1c86f4032d91cb95,sha256:fa26e380f6c4bb18150df09b1f0c15852d218dba8e39f0b29468f6c14bea697d,sha256:3b4104b8cd1347e6c1740122f240340c42cf18e831a7f37484d202e1ab46017b,same-leader,57499,57499,57499,63636,110.42866486710783,93.20992287751059,1374.1023567985567,1389.4066850313793,0.0,True,uncertain,uncertain,unsupported-or-uncertain,False,False
scan-hop-22cdc9b9d8bb1d2f,sha256:0366a098844f092d12c3051d71b02ace50a9892cb15e3ec27415d5098ba8a896,sha256:2ee4ea34824e4341ad48697ebcb23a0e14f4e477831d36bafe5f0c96a8f06568,same-leader,59669,59669,59669,66209,93.25955129652185,121.39773164237572,1541.571404455932,1853.7831425364222,0.0,False,supports-joint-leader,supports-joint-leader,supports-joint-leader,False,False
scan-hop-22cdc9b9d8bb1d2f,sha256:09d534ad00750c5c915b0a60edad1aa4f1e01a97f8c9147e1a6ed36e8fb38bba,sha256:fae2cd59d6ea2a932be94a21f540c4998bb20d24deecf1d38c849b79fa4fff5b,same-leader,58357,58357,58357,67033,139.44952189998594,126.79696207324227,224.3184900278977,258.0234293337903,2.0,False,supports-joint-runner,supports-joint-runner,supports-joint-runner,False,False
scan-hop-22cdc9b9d8bb1d2f,sha256:208f1ca4055c1e7812209ff907a90363368e78f56b8794fd05a60a04ee4a4075,sha256:952e2c01b65cdf3e565e0e9354a96799ae1aba58df7fddfa97d616c5e721f7ce,same-leader,63774,63774,63774,64282,96.0399754288664,144.26969977055785,794.1460069691935,756.0515758538086,0.0,False,supports-joint-leader,supports-joint-leader,supports-joint-leader,False,False
scan-hop-22cdc9b9d8bb1d2f,sha256:29021689e6cab960635dfe5689efa7a1287f93dfe2c4d26414b7685c9d43cb6d,sha256:98199318fc96cf4fd99638800ecaaa6d1ae7b0783060443371ae14162a52e086,same-leader,57462,57462,57462,59660,103.36917404213435,132.6585163248619,2007.111110186985,1613.962845256743,-2.0,False,uncertain,uncertain,unsupported-or-uncertain,False,False
scan-hop-22cdc9b9d8bb1d2f,sha256:3ebb7f42e4f5f24872ebdd5ef3be566860e2e90a1096d03aaf2a5c4d0bd60601,sha256:ec92f649a42309259b470904681263b440eefaea6b676ec6752322425c4ff574,same-leader,59669,59669,59669,66209,108.20006840771009,138.51759192972756,2260.359153703293,2171.087472146703,0.0,False,supports-joint-leader,supports-joint-leader,supports-joint-leader,False,False
scan-hop-22cdc9b9d8bb1d2f,sha256:52113e264a5a0ba0570654adf98d468a32c0293b1d259ffc09259f0c78a0175a,sha256:8429ca02627ced7f002f9d16e69d3f5509a01448d990e79a4624d447241bb6af,same-leader,66209,66209,66209,61201,602.8639753624207,299.6910424036779,1919.1898051175717,1551.6331833138531,-3.0,False,unsupported,uncertain,unsupported-or-uncertain,False,False
scan-hop-22cdc9b9d8bb1d2f,sha256:5b382c61466af457b4d0fb76c509eb4127a7524b66934e9ddf956f9787ac7ce7,sha256:715ac65af806820faada2ac121cfb20f543c7d581ce511b00a54fd2cc1f26c8e,unreviewed-side,64309,,58439,64309,46.31093702674427,43.487627270551116,66.52650137681304,98.04064836778456,0.0,False,uncertain,unsupported,unsupported-or-uncertain,False,False
scan-hop-22cdc9b9d8bb1d2f,sha256:a662e467d0d7f9b842e8f43e685f6f40de03b0b78cd08b1fb83c0745011b821c,sha256:641a1f2c5ad24ad0f5d94ab5418481062033b44487a25eac3458b495965527ea,same-leader,57462,57462,57462,66229,128.94481554485213,118.95581851836656,2825.998409447492,3867.1647478865043,-2.0,False,unsupported,uncertain,unsupported-or-uncertain,False,False
scan-hop-22cdc9b9d8bb1d2f,sha256:b707b0ce35435da6801a3fd8c60ed481ea627346ec7f089daffe887723e39305,sha256:72a810ffe008ff31a41031893d228312212730795f746c17721cb49e3dce26d2,unreviewed-side,,64473,64473,53046,110.13437963124466,67.81339003584777,141.3817642271482,122.16664573853717,0.0,False,unsupported,supports-joint-runner,supports-joint-runner,False,False
scan-hop-22cdc9b9d8bb1d2f,sha256:c5b0bb5af3eb3c3bf2cd307c3975eaf50b776270818b99231ee3865682f122ca,sha256:82d78b3f2244fcc768b98dee4df8f9909170f64d9d96186ab54e3c8d344cabfe,same-leader,58357,58357,58357,67033,47.29846385469523,32.499550497118044,58.44161922205425,79.05808495826746,0.0,False,supports-joint-leader,supports-joint-leader,supports-joint-leader,False,False
scan-hop-22cdc9b9d8bb1d2f,sha256:c6065feda8cc9560906248ddd061efd6dd8870f84cd0174dd5af511721fc3627,sha256:d630931684f464dd49892c343440621b4e7e6f47eee9aa41cf54c3fb8ceee3c1,same-leader,58357,58357,58357,67033,75.05904213251274,75.41036081921715,253.69597529579187,277.1622888407576,0.0,False,supports-joint-leader,supports-joint-leader,supports-joint-leader,False,False
scan-hop-22cdc9b9d8bb1d2f,sha256:cc7a85efa961a4f8d55ee6cd810993992356092b609d690187618326e1a1634b,sha256:43ce4aecfa7d7aa46e5c49c7d565030003761c5f8f0d91baf51e438de1094f34,same-leader,63774,63774,63774,64282,109.69281604956332,99.46348713527222,709.7382302747391,883.5784510437131,0.0,False,supports-joint-leader,supports-joint-leader,supports-joint-leader,False,False
scan-hop-26f38bc0f5577d7c,sha256:25d474e95afc76a2897434fb294dc3606ae48801fee096ac9ce65bbd1971b9d8,sha256:0c40068dc56c464c18af052ac771f32770c0397b8f9fb466a7c9fba5d3abf8b1,same-leader,59522,59522,59522,62074,166.2093288615284,211.47283821850164,1513.5166392708004,1847.2046961154542,0.0,False,uncertain,uncertain,unsupported-or-uncertain,False,False
scan-hop-26f38bc0f5577d7c,sha256:5847f7053d2501e1b25ae3cb9f82101db6acce0f932bbdfb20c6102c1622acac,sha256:869958f6cf7a64b50910d915aff557ce6b18678cdaed0f1cf93c26dfc65cb0b6,same-leader,63122,63122,63122,64458,126.05025947645744,128.97528372228678,781.5827539379474,833.0262976156826,-1.0,False,supports-joint-runner,supports-joint-runner,supports-joint-runner,False,False
scan-hop-26f38bc0f5577d7c,sha256:d5321d66483d53bfe549bffd1da2d7fc8b53ee2ed8254c0ddaa1c43251dc1e5b,sha256:13aed003170c4a62e9d071c4149a376b8945ee9d138498469d3fe7f7cf111e7b,same-leader,59579,59579,59579,68032,133.95681544432728,147.33569387166673,940.2272845162269,867.8881864079563,-1.0,False,unsupported,supports-joint-leader,supports-joint-leader,False,False
scan-hop-2a0a89b753ed7832,sha256:52c00c25442e68abee4ea67783af94b34b97d4722ea14e53268850bfa4ddd99f,sha256:c84cdf259a07cad57d9dabc924769255aacc1f7fc8c72cdcb5395b0eb9c75596,same-leader,64461,64461,64461,100293,109.43922534501587,106.69929804969244,1138.1006465500095,1323.411327546824,-1.0,False,unsupported,supports-joint-leader,supports-joint-leader,False,False
scan-hop-2a0a89b753ed7832,sha256:6fd496561520f8227f8ef16062a55e64b74ffb1f3662dfad6bd251ab3beab65a,sha256:131abcbc932c2596388b2e06d465f1c35ff7c6e5129245135d65002130ed5acc,same-leader,61669,61669,61669,100626,136.10479883421976,121.72513981822937,662.7025433970989,819.2515770248424,-2.0,False,unsupported,supports-joint-leader,supports-joint-leader,False,False
scan-hop-2a0a89b753ed7832,sha256:80444e76a9500d664b57b0abc20477f8ddceebb7f22e4c1a8a65ae7296f47ebc,sha256:db16cf0cdfd926f9fffc9c61232b2ecb06f8a78ca48fe7413d1cefade29b5e9c,same-leader,61669,61669,61669,100626,149.69478874144127,146.93406866331102,3509.4759226933934,3487.885502032651,-2.0,False,uncertain,unsupported,unsupported-or-uncertain,False,False
scan-hop-2a0a89b753ed7832,sha256:ac32ac20761900d664d3d14315ceec8d2312d2fa3a2462aafece38808557b6c6,sha256:52c5dd38b33632f93977c2dbf869ef66dbb7e63863ea8ac35274aba5e2c76c53,unreviewed-side,57503,,57503,55346,97.04630742057638,124.65074939287534,594.0478590551478,461.497099899462,0.0,False,uncertain,unsupported,unsupported-or-uncertain,False,False
scan-hop-2a0a89b753ed7832,sha256:df1556a781ffea7abd061a008c1ca7e3928d2ea644c65f476e477d848e7dec8c,sha256:8233ca6c91a1a71326d46ce7e1a5b903d3edcea38c14562574d4bd9dad5ddbff,same-leader,61669,61669,61669,64187,127.54691665794269,342.4845996272971,2355.191458624713,3546.7223186873734,-2.0,False,supports-joint-leader,supports-joint-leader,supports-joint-leader,False,False
scan-hop-2a0a89b753ed7832,sha256:e57d392daa86e8c5d3d026b051f58439addb3b90385c5596bb9aaf863ae20c5b,sha256:db16cf0cdfd926f9fffc9c61232b2ecb06f8a78ca48fe7413d1cefade29b5e9c,same-leader,61669,61669,61669,100627,113.43806234606195,129.85953913195274,3279.889494349801,3611.803726317679,-2.0,False,unsupported,supports-joint-leader,supports-joint-leader,False,False
scan-hop-2a74986a434a9878,sha256:10bdab3d703eeb7c19d17f237ccbd9c37959350980b16d02c6f78652f9bcc243,sha256:e2c10aa530f7508ea613691d055544358922868041a0668211a8665af8681862,same-leader,60022,60022,60022,62517,110.37451422666798,150.95465923274028,826.5039479880837,1253.5895046811768,1.0,False,supports-joint-runner,unsupported,supports-joint-runner,False,False
scan-hop-2a74986a434a9878,sha256:244c5748d807a351b9a85d8e99949c33b3dde606fa4aaab106d54c21c258fe88,sha256:0819e237d834aaaba6f6d25d83c1ed4583f07033bcf7f7322e24d8e106422c4f,same-leader,100056,100056,100056,53486,136.38932264270252,104.22532822265795,2316.919669454616,2013.4946605530224,0.0,False,supports-joint-leader,supports-joint-leader,supports-joint-leader,False,False
scan-hop-2a74986a434a9878,sha256:43e286e0db545142d0e118f9e9c9aadb3ac11be6c379ea97af2e48125db328c7,sha256:6999cb8683e938a8f3521bec11ee767fe162b3e65413f5b3a3dfd52f55e12609,unreviewed-side,,60022,60022,100493,104.18906171571534,113.68171019445843,1512.3508383315977,2205.3816566972846,1.0,False,unsupported,supports-joint-runner,supports-joint-runner,False,False
scan-hop-2a74986a434a9878,sha256:5d018663b489446c4c9d4ee0332f22c84b46954537251e1861c9f5f3d684dc09,sha256:d326b3c1c1bbb5a0ae5b3f781fb6c7f437a81b9b482a1c03c31a6ae8d518f26b,same-leader,64013,64013,64013,63063,142.41352276206183,122.20431527428163,1607.8101408989746,1667.953140900118,-1.0,False,unsupported,supports-joint-leader,supports-joint-leader,False,False
scan-hop-2a74986a434a9878,sha256:68f7bd8bb6dc7382b5874605f62867e44eb48513c6b154a81e5a8533489451d2,sha256:daf99d7bcdf965cb7ca139cb05c27c6aa64d3d679d36caeb32e81646b20dbf81,same-leader,64013,64013,64013,63063,128.41187917869945,148.95853460604238,1693.6245768025276,1966.6352722785664,-1.0,False,unsupported,supports-joint-leader,supports-joint-leader,False,False
scan-hop-2a74986a434a9878,sha256:a87adaf21eb78dda4c9c378074f2ea6ebcbb00cc8f52240a6fab1078d64439c8,sha256:e65c207985a6be4da8a392a48d8b7d203d71ab157ed3d73d8354533cf9ab09b1,same-leader,62508,62508,62508,64728,101.36912746342074,69.58735890048919,643.8641200717341,776.8130696928309,-4.0,False,supports-joint-leader,unsupported,supports-joint-leader,False,False
scan-hop-2a74986a434a9878,sha256:bdcb7662d589971b68746f7915bc08339660abb7d0c50a6071068abd9c04c385,sha256:d0b941220bb34bb55b4ecafa8331c7c890fd73c3dcd772ac77bb345865d85d88,same-leader,58244,58244,58244,64736,120.7224858121898,117.9008506500117,1470.2895319014683,1372.9750620911318,0.0,False,uncertain,uncertain,unsupported-or-uncertain,False,False
scan-hop-2a74986a434a9878,sha256:d2cece70197450fbe4cd64bb6ffc081f8591b610253dfe07c7d8e2eab0de1372,sha256:711c476e92b2c09aa10a2d9bc3294da72a7d50156ffb890cdab8b0b08bf8f1b2,same-leader,62508,62508,62508,64728,100.46750879028939,116.27544609823632,1840.0260571637662,2652.968544403684,-3.0,False,supports-joint-leader,supports-joint-leader,supports-joint-leader,False,False
scan-hop-2a74986a434a9878,sha256:d3f1d9ad5c8779b2ae77395afd6bbd5e6303e4f9d8624221960b3903bb5fbea8,sha256:6999cb8683e938a8f3521bec11ee767fe162b3e65413f5b3a3dfd52f55e12609,same-leader,60022,60022,60022,60035,80.78615154089177,78.13963155930611,2061.4966050184057,2404.2414518296905,1.0,False,supports-joint-runner,unsupported,supports-joint-runner,False,False
scan-hop-2ad50244661afb92,sha256:17aa4ff7c5d6535e236b64cb353c0a7816a6c18de79aa8e35e25904c2a1e39c8,sha256:b049661bb1b7e0d246bb5cf823668825a243012465934c19f913790b63611c5c,unreviewed-side,,60105,60105,65199,125.23189933034543,110.69402296556663,437.1968546391614,297.6891251705778,-1.0,False,unsupported,supports-joint-leader,supports-joint-leader,False,False
scan-hop-2ad50244661afb92,sha256:413e0f0a2a83b19b73caa0f0d2ceb42d4397e97d472c4996c791d0b0839fe590,sha256:b6e4daa42567a2b55a61a800688b0e71a5d62e2cb530a422754ec15e3cf13d0e,same-leader,63573,63573,63573,57149,116.63194490535065,202.36314925101502,772.7889046979675,871.0733181623107,-2.0,False,supports-joint-leader,supports-joint-leader,supports-joint-leader,False,False
scan-hop-2ad50244661afb92,sha256:bc9068deccbb37b1d350d3ffce82acc280fc69d5f550b4ba9a02fe568ff6af2e,sha256:3de5109089651bcef8a277d19d5ba6f59b55c8d89db601c29d343530db6a7466,unreviewed-side,,60105,60105,65199,1009.7119260032031,1014.7459227419224,1585.9569676726942,1652.020289141861,4.0,False,unsupported,uncertain,unsupported-or-uncertain,False,False
scan-hop-2ad50244661afb92,sha256:d9481d5264f3b16e9b9afc53e1cfd8633af1535ffda4eda235b6c1a44a5fff23,sha256:44c9de02d10631647e65fe1fe847065f3cbdc29c785de8452f0f12d9a2640d1e,same-leader,63573,63573,63573,57149,106.51522520406594,161.87332138419515,1074.1983407076941,1084.5721203850567,-2.0,False,uncertain,uncertain,unsupported-or-uncertain,False,False
scan-hop-2ad50244661afb92,sha256:dcc0b84eb712e2f5c09ec55264bfeb49cc4af2d90c41457579cc4c68f97a066b,sha256:5ca58f8de49a02a8701c2263bb99e71c6b8684b9e2e5684bf5c437eee6ccca2d,same-leader,63572,63572,63572,52000,166.60945844178207,186.52829826781084,441.95453559428887,546.3151569091867,-5.0,False,uncertain,uncertain,unsupported-or-uncertain,False,False
scan-hop-2ad50244661afb92,sha256:e164c5cc73d61e8a10e6e7b4395264b154f7e3ccae53a451050d2407c82412ce,sha256:b6e4daa42567a2b55a61a800688b0e71a5d62e2cb530a422754ec15e3cf13d0e,same-leader,63573,63573,63573,57149,117.92658341596496,81.32774392092006,779.6356917830841,812.840133696207,-2.0,False,supports-joint-runner,supports-joint-leader,mixed,False,False
scan-hop-2ad50244661afb92,sha256:f338caef504109c8c26de257c4642c9480daf9bd7250a8da61e408b3213f9488,sha256:21989e921bec1c26f968d0ebe8f58efb74904f49cc247bf0e784ed99c0568770,same-leader,65199,65199,65199,60105,94.53666297754003,106.82357773278513,574.0385884294878,716.0129420229547,-3.0,False,supports-joint-runner,supports-joint-runner,supports-joint-runner,False,False
scan-hop-2ad50244661afb92,sha256:f4e35f7ab03144bb34a3c36076db734ddca0e9293f80ede5c60835c3e70e8fc2,sha256:7bb491cc1e81da9b3924203f01bf924d2595894d24f17316cfa1d6a43f2b7cf2,same-leader,65199,65199,65199,60105,90.84954093805574,117.02350174392053,543.0747228394428,522.5598980350694,-3.0,False,supports-joint-leader,supports-joint-leader,supports-joint-leader,False,False
scan-hop-2ad50244661afb92,sha256:f72625257fb6383f6d1a1c6ae2e24a0b64a30dd2696063199aeb5259b0372ee5,sha256:2dc30bb9f26b88440a29155597e1f92a86e8a2f97bf4a4faf8fdc345675d7889,same-leader,63573,63573,63573,57149,135.06099786480297,108.45479348499988,456.6639321375174,373.92208173560846,-2.0,False,supports-joint-leader,supports-joint-leader,supports-joint-leader,False,False
scan-hop-34c0b0e1ae062f97,sha256:002e2043d366c2ba2ff7d390b79fca0ffac9ec5f6532608de394ae2425c39fe7,sha256:2e9fc5cb103b3f86b06a5549de5be58ca9c9771895eca126471b2512eff0457e,same-leader,66860,66860,66860,62215,55.11005371898253,96.44178320047762,671.9340870181784,620.3157896213233,-1.0,False,unsupported,uncertain,unsupported-or-uncertain,False,False
scan-hop-34c0b0e1ae062f97,sha256:02f54e941880e77df1c6e5fb59d6091739b035baa68402d1dc1353708016b997,sha256:5d26bb9f4f7f3fab65b1b50f8f259ff1ab27a427aac0c2efa046d5d1f5587294,same-leader,66574,66574,66574,61587,87.3442632648992,158.1290723857474,184.652110911994,317.56479632964266,-2.0,False,supports-joint-leader,supports-joint-leader,supports-joint-leader,False,False
scan-hop-34c0b0e1ae062f97,sha256:2769fa5e6630530debd45d3c10dae5b89df8445c337f53ecf41050985d19dcc5,sha256:5f94be18d030e48b52b26e86d26cd5d4c8acdd315f738ab92eaa47c998da7212,same-leader,66170,66170,66170,69516,106.54050197442226,85.2647768412659,2623.0769875182764,2885.3887565015507,-2.0,False,unsupported,supports-joint-leader,supports-joint-leader,False,False
scan-hop-34c0b0e1ae062f97,sha256:578daf49f2dcc8268bb68d8375f4c0483024e75ee598bbce162e3794df68e9be,sha256:28b5cc56c6fe28bc419c2327abe11baad948b9ac8efe3769005aeb936b488f45,same-leader,59877,59877,59877,47357,101.76343742952706,120.75846236454194,1659.0959252271116,1761.1658524609377,-1.0,False,supports-joint-leader,supports-joint-leader,supports-joint-leader,False,False
scan-hop-34c0b0e1ae062f97,sha256:5a2808a1399fc402aaf4f62b1131a5fa0003c8e6b31ad56bf18383c9b04dd203,sha256:95877eb627f1cb653cc02b305664c9019954cd6543fcecd80bc4ff1e589c5c99,unreviewed-side,,66853,66853,56707,346.76367515665976,268.5244419323083,481.5837773339261,498.6033567637416,-1.0,False,unsupported,supports-joint-leader,supports-joint-leader,False,False
scan-hop-34c0b0e1ae062f97,sha256:7ba20db75576fe65c0c76159c712089de8a80d9b35ae387c5941bd6ab12ce402,sha256:d4e450ce437ae8b9f18a6f8f852c20fdf8e1188d54b52a336a4f5d3bc8dfa4d1,same-leader,66853,66853,66853,56707,626.9114515426628,509.5990552625977,912.214422558018,857.662713220258,-3.0,False,supports-joint-runner,supports-joint-runner,supports-joint-runner,False,False
scan-hop-34c0b0e1ae062f97,sha256:bae23555596ad913b78ac451339376ecec5371b9439718dbb8503cba3cdd822b,sha256:ea376c532f5ec7a46448b7c36d74fa2969928ae98c01da427cc55e569943b8c6,unreviewed-side,66853,,66853,56707,42.66295195119209,46.979431037781204,66.34857737784128,273.92602328596075,-1.0,False,supports-joint-runner,unsupported,supports-joint-runner,False,False
scan-hop-34c0b0e1ae062f97,sha256:e59534b0e67ad6e6ac7c9ce07d461ebd2874d835f4be50a3168be43edf8fa0ba,sha256:d3c7ea6beea707638ce8f91fad610609236aad860efa3207e42432d32deca712,same-leader,66853,66853,66853,56707,91.74946583679788,110.37336824154855,527.2601717717362,629.6925810776438,-1.0,False,supports-joint-leader,supports-joint-leader,supports-joint-leader,False,False
scan-hop-34c0b0e1ae062f97,sha256:f07a6917335f9501b8e9fa68da3fb69d8782cc51bdd6714dd54f5a9e4a1d0234,sha256:2a74ac5c0c3243e2aff09782f7a218430e8f2b5ebe07157fe448eeffc0f5f9a3,same-leader,65374,65374,65374,59535,76.52345856439602,95.37866992771235,2998.034879178563,2857.408730039577,-1.0,False,unsupported,supports-joint-runner,supports-joint-runner,False,False
scan-hop-34c0b0e1ae062f97,sha256:f2ed8037448d15acf9a522a39d9c22ab56f38dc194c38a72f34bcce540bd9b84,sha256:ba4ec01d3a854eb5561cbb582ac6e1542fcfe37117f32cd9f1f615835137cf78,same-leader,59492,59492,65911,59492,85.34904646401806,142.41737194855375,93.55668083865558,110.34085868285334,2.0,False,uncertain,uncertain,unsupported-or-uncertain,False,False
scan-hop-3aba7954745c0b7a,sha256:0021093d6440181877e259b7f526971cfb105d8f5dc83f434f26cb0d553df1ee,sha256:dce73d74f392c028d2f80c81ab47df779a4ee32b4247540b1745914756c97791,same-leader,60282,60282,60282,64134,112.95827616740588,115.01550554014428,1731.16876390997,2050.1895265230205,0.0,False,supports-joint-leader,supports-joint-leader,supports-joint-leader,False,False
scan-hop-3aba7954745c0b7a,sha256:2b95823b0f8780ca0eb335513468fdcc22e9fd662593354601414f74c0a5d53d,sha256:15193fb4bde0c7957f886459b7cbfddccb425e5a5179862f46c77dfbf7291ffc,unreviewed-side,60282,,60282,62037,109.68868634590267,83.79562809354641,1190.849866261699,1423.2865883411096,0.0,False,supports-joint-runner,unsupported,supports-joint-runner,False,False
scan-hop-3aba7954745c0b7a,sha256:30e4c447c8d8df35ab8aa79574f914d504b0ce23475995bfdb9515bf44a520db,sha256:bab0e6e48d4fbe55edaa35938e12f3b105977f525315e2d04d16c879b11620df,same-leader,60289,60289,60289,55501,141.18736875079261,126.23192547999813,1987.8874192347057,2054.561597836066,0.0,False,supports-joint-leader,unsupported,supports-joint-leader,False,False
scan-hop-3aba7954745c0b7a,sha256:478ed643e884a2d860ca998ccc15b57d8e24aebaa25fa5fa6c3603e7a24ebff6,sha256:a73662f64b3a4cc9425cf14238842c464b1aff42045a01ba3bf5d89aee2d3caf,same-leader,69947,69947,69947,59024,110.58166515750248,112.81444612953808,2446.523393626552,1960.8222091670655,-2.0,False,unsupported,supports-joint-leader,supports-joint-leader,False,False
scan-hop-3aba7954745c0b7a,sha256:4dc1f963fe33bccf04c4e2424894beb0fbcca6f3381c6c3268d80571ce808219,sha256:e3e6c793e217ff6a1b7cfd2a80b340521340943cc8500309b0cef0d85dc4f513,same-leader,60277,60277,60277,59858,49.188103712374435,64.43586849010411,126.06283765123091,152.5722916467686,0.0,False,supports-joint-leader,supports-joint-leader,supports-joint-leader,False,False
scan-hop-3aba7954745c0b7a,sha256:7ea44ed73cef949ecefdbbc3c88ea94b1f5e26464ec67e3ab1fe85c82151e3ff,sha256:3e1df78dd6dabb8f63660d871a418f2313d637ff6e31774b8235e7bf658b9016,same-leader,60282,60282,60282,62037,103.35190294726253,106.51473493467863,1602.484059680228,1712.2427805604668,0.0,False,supports-joint-leader,unsupported,supports-joint-leader,False,False
scan-hop-3aba7954745c0b7a,sha256:888c0d552058f9fb9403fdc2428c499968417731fcd1a5f7a82cf592bce52699,sha256:62835eb75e04ddcff88f98ce0e4aaeba08d1ed687e98e23bec1b9ff188bc4f90,same-leader,60298,60298,60298,56704,117.01312289227818,195.7924574122076,2233.3188127406365,2412.3149587211137,0.0,False,supports-joint-leader,supports-joint-leader,supports-joint-leader,False,False
scan-hop-3aba7954745c0b7a,sha256:9ff8c6fb7262b0a5e4dab8b387e33b5ca0be25f1534ce47f767987282ea0c5f6,sha256:0cb01a1cdd3e7e5c1fba72b826ca36baba44558ac30f8b05ea5e8910cc0cc41b,same-leader,56705,56705,56705,69521,96.7509606832731,109.6118755971925,187.98318712050255,231.65652139246353,1.0,False,supports-joint-runner,supports-joint-runner,supports-joint-runner,False,False
scan-hop-3aba7954745c0b7a,sha256:a426f3a3e463078a7154e7b3da977e30e2b1faedda6a533ca05261dc6568a9e2,sha256:5540c7ba7c18fbb2b907be610d22fdef62a77734b88954674dcf2e59127878a0,same-leader,57441,57441,57441,58109,141.53195245099064,139.31995715389257,359.538900403223,369.6757828162915,1.0,False,uncertain,uncertain,unsupported-or-uncertain,False,False
scan-hop-3aba7954745c0b7a,sha256:c2dcec65bca181c878fa8b7d5bd67d5640715dde5f97d4cf5c72f6bab7d9b2e8,sha256:58b1c2b7f889549c79cbe3b2ef818f881490647a7ef8d38ad66543aee09bacb1,unreviewed-side,,60282,60282,59944,125.99284440211277,61.210737724915894,576.6022717477452,617.7395470724049,1.0,False,unsupported,supports-joint-leader,supports-joint-leader,False,False
scan-hop-3aba7954745c0b7a,sha256:dbeca54603590fffe674e1bd6994d45095194ee218f7068f44f66d2be75d77ad,sha256:10cb232dde2d7bc1532aa4a34ad340e7efbe6cf3d51ec073a748e7e03762a6f5,same-leader,60298,60298,60298,56704,122.48404165497392,104.45865197422702,1831.6020810381874,2237.6928262607294,1.0,False,supports-joint-leader,supports-joint-leader,supports-joint-leader,False,False
scan-hop-3aba7954745c0b7a,sha256:df04b270a34942fa298ca753a1cc5e063f07b20035678844c287236c7d68e756,sha256:0905ce3a222a4fb4460d02658f5979bc4663ba928f8a9533692b26009ec9caec,same-leader,59944,59944,59944,68058,99.02870304030408,91.33463725470621,272.28509542210884,373.3691923267937,0.0,False,unsupported,supports-joint-runner,supports-joint-runner,False,False
scan-hop-3aba7954745c0b7a,sha256:ea4816833cbeddc79f0cae1e3a315350e93595a0874eb118d88aebeeeaaed840,sha256:bab0e6e48d4fbe55edaa35938e12f3b105977f525315e2d04d16c879b11620df,same-leader,60289,60289,60289,64134,107.57364357603574,129.4363365674962,1113.0991515399346,964.8767709458364,1.0,False,supports-joint-leader,supports-joint-leader,supports-joint-leader,False,False
scan-hop-3ac4256c8bdb2bca,sha256:00f2c7ad0db799591f124236003ebd88f8cefffecdd84d29896fca3e9979949a,sha256:07f3d390b5d93277cafe8053aacd389b99711a8b76d3b800376e4f87ec102d7e,same-leader,63471,63471,63471,59928,103.37266256382959,103.16350955821805,546.1602086866523,454.17566760175845,-2.0,False,supports-joint-runner,supports-joint-runner,supports-joint-runner,False,False
scan-hop-3ac4256c8bdb2bca,sha256:130366828a643dbaaac0ab9902ad913bd12715ea052ab5beabcad375371cb2e4,sha256:e661feab84f95f2dec44c1f8c9d1db750c9b86a9d104ec4bb2e2d4072df918c6,same-leader,62044,62044,62044,52704,123.02494452145933,93.8480292113647,2879.757053076127,1969.3764387524766,-1.0,False,unsupported,supports-joint-leader,supports-joint-leader,False,False
scan-hop-3ac4256c8bdb2bca,sha256:1b09c7c52550452e02c241db94ee55c6ab9ea6f92c805cf8936254c4adea214a,sha256:d7ee0b162454bb33408d808638415440c5f253f6a961a08b40178d6ae883a707,same-leader,69944,69944,69944,68062,46.66283002436563,143.4039587443015,354.38819422180507,425.85930183860984,-1.0,False,supports-joint-leader,supports-joint-leader,supports-joint-leader,False,False
scan-hop-3ac4256c8bdb2bca,sha256:312df41c3c4fc8bd95b02ebe860fa37bff66bc71733425b60f7c19cb02c55af4,sha256:edf1ab61166e7bee3d9afa3bdaff1b98b6685ddaf433a4e1874c43b5df2f8318,unreviewed-side,62192,,62192,54159,57.693373086519934,129.07896339073685,820.4655531866184,1032.5003727312846,-1.0,False,supports-joint-leader,unsupported,supports-joint-leader,False,False
scan-hop-3ac4256c8bdb2bca,sha256:b29416a0e316ba2c0f646a6ef59025462d05631e005894c5be5b0ff635b25e55,sha256:a38f3bd02bfa0c8244faf1e9de372cd1a5b2b5d4068690c3efc87356dfde4b4f,same-leader,69826,69826,69826,49754,98.63916203918328,96.12240085683054,1168.1191757087788,1168.3764391173277,0.0,False,supports-joint-leader,supports-joint-leader,supports-joint-leader,False,False
scan-hop-3ac4256c8bdb2bca,sha256:fca5859a4b746beefa01e437c3d74523292173ff5aed2b191ece2a29d26f7f80,sha256:ab9800181868e532e069d5848cd4789d7ee27984c9f39dd6cb63f03da29168dc,same-leader,63384,63384,63384,63377,50.707450965529105,62.16608308135622,2618.445560640346,2359.3913505959727,-2.0,False,uncertain,uncertain,unsupported-or-uncertain,False,False
scan-hop-3dcd6395f2675920,sha256:0655c86daf4e2e9a7c7c0c5350942b32cd9b13d836c9e94bcc8e93ba2bb4a77d,sha256:0f7b64e137be5ee913a013caf51addc25dc9afb35d033aa12cb9306a83401236,same-leader,59088,59088,59088,61714,120.49777294844067,148.83616352643602,507.1084552866908,495.2732747720177,1.0,False,supports-joint-runner,supports-joint-runner,supports-joint-runner,False,False
scan-hop-3dcd6395f2675920,sha256:1b2f8e79474f1dc1b20405338dca54a9111c4d5d5ebe4b97a497b68132d67ec9,sha256:924b31324a2d2e5c4748fbaa92bc59177873b0590ce3a06e7b29f0268f59876b,same-leader,57906,57906,57906,59031,111.66588567447675,121.87333464378135,1677.768678175452,1352.8662054150184,0.0,False,unsupported,uncertain,unsupported-or-uncertain,False,False
scan-hop-3dcd6395f2675920,sha256:9f71fe20d7748051bd7ee34f4b7029bfbf075766b44d83ccca05e1806abc2061,sha256:5fb0f2e9f6301066b6dcec0d734653bb69f6178daff89cae583e8db20db497bd,unreviewed-side,,59087,59087,66961,70.56543710890934,108.63043246380974,83.5543434199593,116.65983141257097,0.0,False,unsupported,supports-joint-leader,supports-joint-leader,False,False
scan-hop-3dcd6395f2675920,sha256:a95062dad5e095bd37ac58d930ee74edda556ba7f6f8874b00d7e7b50f8c575b,sha256:6f846f409d8d27ed839cc88190242346951df32474c84b4292bd6de282c4e8d0,same-leader,65328,65328,65328,58835,245.24091161979118,229.4693492680802,499.39318921073743,406.28843693555297,5.0,False,uncertain,uncertain,unsupported-or-uncertain,False,False
scan-hop-3dcd6395f2675920,sha256:aa945e5ba9903452d4f21c4410a244b1dadd154f9677a0affa36da2f23926e8e,sha256:8dba0b586834729803cc2b9ee5a722110617a79d9b90992512a58c39a7455420,same-leader,57904,57904,57904,61711,86.7445834693998,83.41698542333825,143.469102307271,152.0366558938247,2.0,False,supports-joint-runner,supports-joint-runner,supports-joint-runner,False,False
scan-hop-3dcd6395f2675920,sha256:b5509f199f86a4e12a784a80890ec942088db34edbede3999959304caeae75fa,sha256:1cf75b02c0c66e2e7ecc72cba8f7c38ef693963e22c111fa5524d7152fce7ca5,same-leader,57904,57904,57904,61711,111.62962309606077,115.97573906594046,492.48192476242485,470.3735920464479,0.0,False,supports-joint-runner,supports-joint-runner,supports-joint-runner,False,False
scan-hop-3dcd6395f2675920,sha256:c21d1a8f573b4c5af7f01ae758514bc517e15c590cc0f25849ecabb54f6f110b,sha256:00d656a94b7dc993cd737b60935a66a035984ab7ca7125520eb006b71704b9f5,same-leader,65336,65336,65336,65333,120.06457100574002,113.74832188591817,965.3407681496154,926.7973543495557,-1.0,False,uncertain,uncertain,unsupported-or-uncertain,False,False
scan-hop-3dcd6395f2675920,sha256:ced913ce25fa0d595ce1fcbba8b8ac31920f396c3989a934a0d919e8a8cbac4b,sha256:3550d9bb1d0bf98134fb7ea57ad2d7dee19d6b4302b5507b9296ad88fa10a921,unreviewed-side,,65336,65336,65333,128.4384424430145,108.50633328103878,180.14190338767813,171.08696007595066,-1.0,False,unsupported,supports-joint-leader,supports-joint-leader,False,False
scan-hop-3dcd6395f2675920,sha256:eb9fd6513a031029c5c1408e8f4f2cde2d37bce0981977f214b694c78ff1360e,sha256:4bca3115e986d25bbe7119fda76021d12a640c940237987da7bd1c1481a3d2ab,same-leader,52458,52458,52458,61711,95.40186961065685,105.11424871492035,1963.996849590651,2055.1524762636177,-1.0,False,supports-joint-leader,supports-joint-leader,supports-joint-leader,False,False
scan-hop-3e5519c96d2d8fd9,sha256:12da3b804d19978f5fdd94ea725b7a0d0507d2305b80ee0647efbac5d1ab8f69,sha256:bab183c83dda5e30c5820bbca3fb3638b93f17fd7e59df388c52b786f799f7d4,same-leader,63849,63849,63849,48120,155.69950718704115,161.92362109942997,3193.779254949459,3254.093904741414,-1.0,True,supports-joint-runner,supports-joint-runner,supports-joint-runner,False,False
scan-hop-3e5519c96d2d8fd9,sha256:39bd6c98df4d8f2cae5604897836102f7ab910bff5c42d0d452688b5ccbb7db2,sha256:dbe136cff95ca34a5568a63e670e7b7cdf149907558fc1387ffa766d1895e25e,same-leader,62479,62479,62479,69998,90.74940101795775,150.09685459889593,1372.79181129841,2136.1793603382307,-2.0,True,unsupported,supports-joint-leader,supports-joint-leader,False,False
scan-hop-3e5519c96d2d8fd9,sha256:4f7ec48b0f9cb44307ee0370f03566630a2bcf6e4d3fc6b23fe0ca68fdad9724,sha256:b8b3a6f5cfd689dc2d38de8eb1174265923e2813a3017ec8676bcbb9d9aabb01,unreviewed-side,,68844,68844,64380,112.05152570413519,86.96647771694231,741.0928039665004,668.4039690538301,-5.0,True,unsupported,supports-joint-leader,supports-joint-leader,False,False
scan-hop-3e5519c96d2d8fd9,sha256:50e1178a1d1c87ead98136d71aa734dcea2ce0f483a845004aaa1cc1213c4a62,sha256:b62eb9b68b130955f14922a4ead342095033639070268fdd9386621f53736d84,same-leader,65224,65224,65224,68170,337.0714861063413,377.26861953478806,3001.7282549968186,3516.688717584607,-5.0,True,unsupported,uncertain,unsupported-or-uncertain,False,False
scan-hop-3e5519c96d2d8fd9,sha256:6fc00716a4d9e34d819889ebc64ecf17b53f5c5c6eeecf4d84a280ecda893e67,sha256:68a497682a96474d5a72de8147d70c225b6ba44362d4481f8ec1bb12e92cea31,same-leader,63863,63863,63863,63649,139.15238243163492,160.32756630147517,593.6897459046996,571.2700065539234,-5.0,True,supports-joint-leader,supports-joint-leader,supports-joint-leader,False,False
scan-hop-3e5519c96d2d8fd9,sha256:a647c7ebd27c1e657861ad0eb6b1b66bf6d3e051bbe3d3f06cceeaf7253bbaca,sha256:b8eb264f1cda7ebe75a86631b5671c336e5f78a61d3d7dc1c78d1adc7cb5b406,unreviewed-side,,53401,53401,59570,131.25843146130154,125.57957422603278,166.9325598150374,183.0765405597472,-5.0,True,unsupported,supports-joint-leader,supports-joint-leader,False,False
scan-hop-3e5519c96d2d8fd9,sha256:a901d91985e974e8274c17b36105edfe61804324109f7ac73d8324d64d819510,sha256:b4f851037ee8ef18cf1064b972fe3d3efd76f34e925a1469507af6224d7496f7,same-leader,63849,63849,63849,65481,108.10162842374524,116.2453880056813,1309.2596773025064,1645.0942264386922,-2.0,True,supports-joint-leader,unsupported,supports-joint-leader,False,False
scan-hop-3e5519c96d2d8fd9,sha256:ba04b0618fbabd52d696b6ea25ebb97cfb780d579dee2d1ff100d94059ca3ec6,sha256:2cfc4f6bd33e76f1873d262212e3c29e15f3fd15aae7288ab2044286d1a30059,unreviewed-side,,65215,59567,65215,1085.8619305539985,1216.880990452107,1114.5692351297596,1148.522025046192,3.0,True,unsupported,supports-joint-leader,supports-joint-leader,False,False
scan-hop-3e5519c96d2d8fd9,sha256:c32ab3f4ed37608b6164b3ce5a3b9030da5b345c0203b3c0079b8eee6a88f7c8,sha256:199bf2f24acdc481295231b36e20cc90ad9ab34215aabb17129ea54a63e41991,same-leader,63863,63863,63863,63649,170.02051615935287,173.06090181149517,576.1476853873945,606.5780560300808,-5.0,True,uncertain,uncertain,unsupported-or-uncertain,False,False
scan-hop-3e5519c96d2d8fd9,sha256:c8941589425f5c56959c726f136d0a60188649a41c4f02e6b6c8cb9e4ad680b5,sha256:94aefcb10c8062b3a3e71d500f3e88cf6d236784c9a02e3050fe92b23c8c3a2f,same-leader,63863,63863,63863,63649,195.6059705000351,213.69574692854357,1137.5906411096962,1252.176015747208,-5.0,True,uncertain,uncertain,unsupported-or-uncertain,False,False
scan-hop-3e5519c96d2d8fd9,sha256:cfcff97e7cf38bf34d1cb302b5fb680d7aff12b92cecd14f082b22f8a95220d3,sha256:20fd9e3e2a95d7d180e665bee368ced30d87ce49506ab612a0a1ff2d5e361154,same-leader,63849,63849,63849,48120,128.58572901465047,139.94037677975098,2305.259807021216,2281.10442104659,-2.0,True,supports-joint-leader,supports-joint-leader,supports-joint-leader,False,False
scan-hop-3e5519c96d2d8fd9,sha256:fee36f53fefd8b9627dbbb6a0e7e16ab85da277e404b101aed99d86c3283f068,sha256:6cd968a9afc8bbc828280a91ba9c58cc7d1c02c7c88fbfdb6ece617eef31f14f,same-leader,62479,62479,62479,56908,54.97038626519289,54.50478572982118,404.7583346536267,451.13016603062493,-1.0,True,supports-joint-leader,supports-joint-leader,supports-joint-leader,False,False
scan-hop-3f353f6f0c7a9852,sha256:07c66321c8bbeae7c2e0c931932a5b1364e273dd1fffde0343fbfd13d41b29c8,sha256:2c7b5c13e8d653396396d3855c44d9bcce7bc7ffa63db2005f3eb2a11b29f38e,same-leader,66226,66226,66226,54011,128.3397397242541,112.81160609423006,1232.2800797479358,1224.382438512571,0.0,False,supports-joint-leader,supports-joint-leader,supports-joint-leader,False,False
scan-hop-3f353f6f0c7a9852,sha256:5c89f200ef05a7d5fce020e24b0648690e497cd386792564bb6e40c647e34576,sha256:5525592d606cc5845798be7c6dc7cf5f48361640b2f6c7b9bf711e85cb97c0c3,unreviewed-side,,67044,67044,48658,65.27141830604435,68.07252314241086,288.046677487674,354.7591018424877,-1.0,False,unsupported,supports-joint-runner,supports-joint-runner,False,False
scan-hop-3f353f6f0c7a9852,sha256:690d71438054239bc0ae4fd94f3dd8e890f255e3d80c6986f7fe34ae053346e5,sha256:f481497b993f462eb5327f9474df99e6b2a96bc4b753662c1d761a4ea55a5f97,different-leader,64484,59676,59676,46063,702.3927423168185,652.0811855486966,1213.7990848958198,1188.7026405274032,-5.0,False,unsupported,supports-joint-runner,supports-joint-runner,False,False
scan-hop-3f353f6f0c7a9852,sha256:6c78ebc1a191ba82a9760e62e98afb4f251c2f9839aec91d1d3f95a240cc7654,sha256:f481497b993f462eb5327f9474df99e6b2a96bc4b753662c1d761a4ea55a5f97,different-leader,46063,59676,59676,46063,712.2010108403886,948.8326604797209,1425.3429232803778,1721.798783057561,-4.0,False,supports-joint-runner,supports-joint-runner,supports-joint-runner,False,False
scan-hop-3f353f6f0c7a9852,sha256:95ebc1abf0cf78533b4f27fd9d8f50334194824b7a97e8e353cd643225f860f2,sha256:d1ffcfd987d3a85d3ad01b066058e6ee4755a9ea5a0956b7bc08ea24bc8eeacc,same-leader,66218,66218,66218,48658,131.0375159319502,149.37076038567454,1037.0735374738017,1230.1673056624975,-1.0,False,supports-joint-leader,unsupported,supports-joint-leader,False,False
scan-hop-3f353f6f0c7a9852,sha256:a150a0cace5ed91690b7f5e251a31eac3fb6d90aefdc008fd8c8ae0e4da4fcda,sha256:d5b9eda169a27b5041b7acdac9249610ae85d0030399317c5f1224313ade3f1c,same-leader,58437,58437,58437,62275,178.54352908044757,143.99712649922583,2840.468222943786,2418.2801925101526,-3.0,False,unsupported,uncertain,unsupported-or-uncertain,False,False
scan-hop-3f353f6f0c7a9852,sha256:d3853aaf03d9ab605d451e0d1b3569199e117f67855fce9a3134a8f3bbd1dfaa,sha256:5bbbc9cec0cad1c66e6cf5656ee7f483cd483c874899f9a5255e3d46974a24b2,same-leader,64484,64484,64484,46063,118.45341763822167,139.48037000791228,870.8327137858162,804.7777017757181,0.0,False,supports-joint-runner,unsupported,supports-joint-runner,False,False
scan-hop-3f353f6f0c7a9852,sha256:de374dc6df55e19856ae3baaeec442a1d445fe058f4a8ecd16892001a3cc9161,sha256:e4d3b670315ee824a0686b5c241bbd2a07c7be67e8a23835b39dc347759dd7b0,same-leader,66230,66230,66230,59670,95.52223492134571,128.2497327014432,951.5439928077717,925.5231841663285,-2.0,False,uncertain,uncertain,unsupported-or-uncertain,False,False
scan-hop-41e7ed10d3d52cd1,sha256:33a70ddd91116004cdeddc84453001553abff747752b1f7090eddc062818b5e0,sha256:db0c5740d37caf1efd756f54b030d492fe9791c4c12729048067773dc52abda8,unreviewed-side,60270,,60270,59497,115.64087253327246,63.94431993741948,366.5717729606754,353.3506816689077,0.0,False,supports-joint-runner,unsupported,supports-joint-runner,False,False
scan-hop-41e7ed10d3d52cd1,sha256:459e7d02870bce093211837e3e9272c3d8e84c3dab829d0d7d6eddae6d468e23,sha256:202256d99ebdcb9eeb9cc95b4b0a203f017ad6468a9b114a7d3d808848749475,same-leader,57477,57477,57477,55486,118.33090462713002,127.3138270246421,3368.2608748964544,2873.8753483990863,-1.0,False,unsupported,supports-joint-leader,supports-joint-leader,False,False
scan-hop-41e7ed10d3d52cd1,sha256:7149c51d3bdc24b6cf3e1c6c04721a16e497d7df688abcbcdaccdad243b3b51f,sha256:cb886f29f76b027369df612c92b6c85f57901dfae1578b4d0531c234c73cc933,unreviewed-side,,65927,65927,69953,98.60936423654654,134.2429650624284,503.7932297196875,465.3121679297398,-2.0,False,unsupported,uncertain,unsupported-or-uncertain,False,False
scan-hop-41e7ed10d3d52cd1,sha256:9dc0dc18b8eb50dd5f79c9bce2ff26f59cdfa237ee50bec3400ec177f060af0b,sha256:00ea691a15cdec9a428e95f27a0a80100af922f43f8ef2062ef28c98f4b7f996,same-leader,65927,65927,65927,69953,125.8545100143082,148.07306175870312,1835.9083268303316,1797.8368974183381,-2.0,False,unsupported,supports-joint-runner,supports-joint-runner,False,False
scan-hop-41e7ed10d3d52cd1,sha256:a9a5a3bf6244ec7fcc4c270d20dabc6f210caba112bd2ff39ec15f7004c379e5,sha256:bc4081b6fd219a9b371ceddea5ca123112f21b8f9976c49bfb7d0d59e632a52e,same-leader,62047,62047,62047,48094,202.41817476592843,212.40888531872278,371.4971054120374,414.67209217848375,-2.0,False,supports-joint-runner,supports-joint-runner,supports-joint-runner,False,False
scan-hop-41e7ed10d3d52cd1,sha256:b87b464477037f058297db51ffafcb8544b2262b9281a90af7482113900ffe61,sha256:44bcdbec8a388f0227047b6f401357c2ee75e837e27dea7f46e05e1736d1883f,same-leader,62047,62047,62047,48094,222.89727644448743,206.88975016582395,324.2911612251032,336.20669041213125,-2.0,False,unsupported,supports-joint-runner,supports-joint-runner,False,False
scan-hop-41e7ed10d3d52cd1,sha256:c390dca96d5f5c48a082f7ece03862b88913c904817139e6d1e7885418745efd,sha256:7b2ed3c67f8e39f27e6a94ac67f02b3bd71c68db6189d054e06c2dc46a5a79ef,same-leader,60281,60281,60281,58103,115.34549462109125,132.88532695168874,1667.7811459960963,1631.2757720374657,1.0,False,uncertain,uncertain,unsupported-or-uncertain,False,False
scan-hop-41e7ed10d3d52cd1,sha256:c53014393607e4605abd8eaaaf0e143fe794f681204a1c8669e1b3c5c45bfb39,sha256:43254de72423c358dee9d3e6c57e95e5d48fc109c3407d8ad64c55b72d60ce77,same-leader,58409,58409,58409,52832,147.97876244461324,138.92648086412552,1249.4044251707926,1208.878149041316,0.0,False,unsupported,supports-joint-runner,supports-joint-runner,False,False
scan-hop-41e7ed10d3d52cd1,sha256:c6c0465ab91ffc3c0ed56c2a870b9442604b905bf254a4a3218d6a0330bac60b,sha256:43ed3b2540292c6b9424bb26cf407a68c7c174ba3511394dacf335b90da1192f,same-leader,60296,60296,60296,64127,124.39085576072448,175.2078377944614,2262.497588677143,2316.248407845812,0.0,False,uncertain,uncertain,unsupported-or-uncertain,False,False
scan-hop-41e7ed10d3d52cd1,sha256:daafaed0bb70f3a9646267fbbe0c4d318f34865e0aa9f914d546f48f63dc5b06,sha256:fda342ecf4157ac57ae19a088b12e9d3ca53559ad11773a392ec269a2c1917de,unreviewed-side,,60281,60281,58103,87.50103582705857,113.888262320806,1152.2018937087705,1222.5393352096526,1.0,False,unsupported,uncertain,unsupported-or-uncertain,False,False
scan-hop-41e7ed10d3d52cd1,sha256:e9d1e2029b5a0b23b1282c2e000b4167f960792e3d44b58298e4922e1a71a5d9,sha256:01befd4450ea1226ee76e3d9ff624d27e2f543845af73d79ac766568c1716fe3,unreviewed-side,59497,,59497,49744,82.99450100876234,102.86943680995354,126.61254820099269,147.06296137411925,0.0,False,supports-joint-leader,unsupported,supports-joint-leader,False,False
scan-hop-41e7ed10d3d52cd1,sha256:f019bdefd1aabd06446f0ba74f5c93b53252e237dcd57a33a403e4eba103a4fa,sha256:9fcd04ce02e352021d5a58aca96ccf035f4e763b9cfe09f7b5bf7a626f18cd8a,same-leader,60270,60270,60270,62223,199.93255960081723,173.87068179437668,2441.6629024794365,2208.215173907302,0.0,False,unsupported,supports-joint-leader,supports-joint-leader,False,False
scan-hop-42d1a88adb94e628,sha256:1ca58aa1dcc2710238faedb0bd444fa951222c4ab9e1ec2f3dd7b1ee3534a1a5,sha256:4371d2bfe5e09763765ba6ff27b1806e6cf086b37449ab721e081ca3a2a7b0a6,same-leader,47814,47814,47814,66589,2326.6112416748406,3096.7546150201633,3500.440377783578,4661.060096329759,-1.0,True,unsupported,supports-joint-runner,supports-joint-runner,False,False
scan-hop-42d1a88adb94e628,sha256:2ba5e7d0dd3c6bf25e9f47823bf14135f05da7b494a78134b685cdd43eee4238,sha256:5f3c558af10233e5dfcf1d13ebc58f55c06071638da6742eb53ba3af4115b40e,same-leader,66075,66075,66075,62273,96.4681640411767,85.1903411040619,661.8609748828364,661.336321195406,-5.0,True,uncertain,uncertain,unsupported-or-uncertain,False,False
scan-hop-42d1a88adb94e628,sha256:5470ff42fb29da1ec4a4a1edb637e66a128db1fc4972b7dec390c8bb446e0b78,sha256:ec5363a39257be27a44a96a3eb8e2cd6ed5ae52cf6d0a8d5933d5d1de3665a82,same-leader,66574,66574,66574,59703,108.45795148769531,61.754700222915176,161.45042665703846,317.92638838811246,-1.0,True,supports-joint-runner,supports-joint-runner,supports-joint-runner,False,False
scan-hop-42d1a88adb94e628,sha256:6577ad3063524122ea68913ff75c21f3d48ce0fd2ae6f688c0cc3a31f83688fc,sha256:9270ddc17c14e8385a699bb5780714fc911d0be9708955d682ad56f7fdc3bbdc,same-leader,59703,59703,59703,66574,84.30234040149014,106.34828820778536,518.668006956995,597.8572778511625,-1.0,True,unsupported,supports-joint-leader,supports-joint-leader,False,False
scan-hop-42d1a88adb94e628,sha256:79ac27d004561cc34622fd6f436254a26be08e0a7858f57ff3725e88ee8ed354,sha256:62a7270011eaf586430551271c3ea1557ed1221d41df7563772bbd75e328ce1d,unreviewed-side,,,,,,,,,,True,unsupported,unsupported,unsupported-or-uncertain,False,False
scan-hop-42d1a88adb94e628,sha256:7b8f6cc0aa337b0ce60ba06907817b9f21ddd02d9a22ca40cf3319ec98ba6685,sha256:3ba0c57d35925a2ce2329511fe54c700e6c4dd6de87e8cbdafcd9836296f70d6,same-leader,66574,66574,66574,59703,355.2305986284796,348.2609483527676,1166.2548827596313,1098.0486008114826,-1.0,True,supports-joint-leader,supports-joint-leader,supports-joint-leader,False,False
scan-hop-42d1a88adb94e628,sha256:b2cdbd21bf105223ad63bffc5881353c9b5c2e42e9df2513c5d567f4927ce87c,sha256:4418def29607f2d5a249bedb7186f7be006289691adf652ef388a526f5ec9906,same-leader,47814,47814,47814,66589,3130.838689073241,3249.787869253022,4568.268817469961,4728.665213226514,1.0,True,unsupported,supports-joint-runner,supports-joint-runner,False,False
scan-hop-42d1a88adb94e628,sha256:b43838a59ef48fd21602f44ed937be8a02bec83b01007e973c59ccffa995ff9b,sha256:b7fd5a5e027fd96a4db56a56fbac53d16cf5641a0dc52faf082e9d8c8610574f,same-leader,66610,66610,66610,62273,66.28356358085216,77.1522862079076,730.3659267508992,756.045370199761,-2.0,True,unsupported,supports-joint-leader,supports-joint-leader,False,False
scan-hop-42d1a88adb94e628,sha256:c6c357305c4fedb790f5f1e982bcc60806657a4c608843690cef504715572291,sha256:750457fbb2b45eac9266ef6e82ba00674cf5580a87060211e6bffbecd9e92c9a,same-leader,63442,63442,63442,100450,66.653004136411,118.21119284145024,2388.2818842092825,1577.5519374770893,0.0,True,unsupported,supports-joint-runner,supports-joint-runner,False,False
scan-hop-42d1a88adb94e628,sha256:d8383cae282e9078b601de898e180494833678c85f016cd6461f2b89e0b1dfea,sha256:4d6508cc6564b553c8f62fca8a21140aa495f8465cec88d33534bc29a0c38f32,same-leader,66513,66513,66513,56324,1281.0447078608076,994.198799072392,1917.3762153082039,2036.7889624612926,5.0,True,supports-joint-leader,supports-joint-leader,supports-joint-leader,False,False
scan-hop-42d1a88adb94e628,sha256:f984e67c9f1990cd998b64f91c48783a22c7b52c57325481e8296f867f1a757b,sha256:c15cac76a300102fcbd5fe120b02cdb91bac1c9ed1d830bd67c8f266f684e477,same-leader,66503,66503,66503,63458,64.54685361516573,75.46967593509902,2914.319828117457,3366.790584597249,-1.0,True,unsupported,supports-joint-leader,supports-joint-leader,False,False
scan-hop-45b6c11838a3e033,sha256:0f816c16d30a1dc739d9b50f21bcb9c11fab49f55008010063633ce74e785934,sha256:b573194a52cee5ab91d03b94e05e435fc27a32f636110feaa1d9296e86918cf7,same-leader,57523,57523,57523,100284,174.9547796472586,100.40603457227697,830.4767740514936,1036.240366782659,-1.0,False,supports-joint-leader,uncertain,supports-joint-leader,False,False
scan-hop-45b6c11838a3e033,sha256:0f816c16d30a1dc739d9b50f21bcb9c11fab49f55008010063633ce74e785934,sha256:baeaa8c712812c6a3e69812e5fdcf6b0faafe5ce743bcffc1348cd7d0ea012b5,same-leader,57523,57523,57523,100284,127.96060653765103,106.15657365607925,1940.5849716018565,2130.406564219915,0.0,False,supports-joint-leader,unsupported,supports-joint-leader,False,False
scan-hop-45b6c11838a3e033,sha256:1b6563fbaeaea4ffb0e6a6e81c05e9b8492bfd939e4c9f5ee978edd308fabfb1,sha256:efc0b8f2a873f4194aecbbd5b5a67fd6c793e37825fe98e80883eb010b76a515,same-leader,62316,62316,62316,58043,83.16068117511605,151.16611733312902,200.92478829823312,209.1130658416906,-4.0,False,supports-joint-leader,supports-joint-leader,supports-joint-leader,False,False
scan-hop-45b6c11838a3e033,sha256:279b0d5a510ccc9578ae046b5fd33944a51139181c5d00eb9c1f8b35aabb4f4a,sha256:b89cbbcd9677872d24d1f2e0d7984705cc947f20ca251201c59b4258266f7d44,same-leader,62316,62316,62316,59947,94.69176969050487,54.473233900172545,310.77516125380976,251.72171035697014,-3.0,False,supports-joint-runner,supports-joint-runner,supports-joint-runner,False,False
scan-hop-45b6c11838a3e033,sha256:2bed3c6347915236c90608c4719bd970aff92ad9239cd052b70aa4f6041fc15b,sha256:fd8ecbfeaad7e703871178103f44914df0d30ee2a4aa0aa866d1a06f4426d12e,same-leader,63641,63641,63641,62522,75.32110839788534,139.17101177779355,3795.741414381907,3547.702696365807,-1.0,False,unsupported,supports-joint-leader,supports-joint-leader,False,False
scan-hop-45b6c11838a3e033,sha256:3a2a96d1af9d9b9ff52e3d9a8715a68a3eded5430927d9ec5bf5db68a267cf67,sha256:3e0d1ea151bf5b4678255a6fdd7f19e2ba66ab11d6e174a7778d3f132bb4f6a8,same-leader,63659,63659,63659,59009,103.10308341756077,77.94664624292938,933.8140957235343,1020.70184768454,-1.0,False,supports-joint-leader,supports-joint-leader,supports-joint-leader,False,False
scan-hop-45b6c11838a3e033,sha256:4733ba27c71715b3066b34543101c7706a71a434bdb63baa804c997380263a5e,sha256:97fb87194113f7e059abec24882f530b196b262199d448479bd591387b2d0c23,same-leader,63659,63659,63659,59009,74.48219499673951,61.17793603265635,878.672253024088,886.7380504039337,-1.0,False,uncertain,uncertain,unsupported-or-uncertain,False,False
scan-hop-45b6c11838a3e033,sha256:4bb0b585c506c5211cb80e72e2b18f15915f0421b71260dfde9f9daf81a989e6,sha256:f2aebb025248191b92e3567197641b327397fa409d3e6b90a32266eedc2a9d82,same-leader,63659,63659,63659,59009,82.59178216893623,78.62084665884629,273.5453845107969,306.4270996893312,-1.0,False,supports-joint-leader,supports-joint-leader,supports-joint-leader,False,False
scan-hop-45b6c11838a3e033,sha256:5a330534f1b93869f15d74f9db393c279d10655c3e65c859db57816d8bfce721,sha256:989a5e170f7df16286536ec050fd6c8eb286ac34fb5969b422a633eee98a5eae,same-leader,59404,59404,59404,52464,101.43895108944982,87.75906337782656,2922.278160026479,3355.4906126337114,0.0,False,supports-joint-leader,supports-joint-leader,supports-joint-leader,False,False
scan-hop-45b6c11838a3e033,sha256:810a4102fdfc76fedd09dd7a101fefde58b64d85435124e88b5989a074894f49,sha256:1a72cafc7a21c422f36cbb99b917f135341dc94f2140ee3b3159774b7013c275,same-leader,66275,66275,66275,66469,84.8571043577502,115.60991387388981,1490.581090516997,1618.1448670686768,-2.0,False,uncertain,uncertain,unsupported-or-uncertain,False,False
scan-hop-45b6c11838a3e033,sha256:d16b921ef25dadd936655f8cc32718472808cd0d34982d95f9cbbd6c9a30c560,sha256:1b510c5177122e5f5990ed4eb5a3c4e8cd5496eaa255d8a51baec02f8afb0f4c,same-leader,59404,59404,59404,52464,68.82451853986812,77.71045916216212,2062.572996086714,2411.484947428573,0.0,False,supports-joint-leader,unsupported,supports-joint-leader,False,False
scan-hop-45b6c11838a3e033,sha256:e659f3fec8599df9e9e2bc621712dcfdd4db7ffdccadf1d73e2cfed1a601bc20,sha256:256e5a99ba3050a5aa27dfc9030f5318d5784f8888eba8767025beac8cebb7a2,unreviewed-side,,57523,57523,62993,67.24565351023479,106.91530766240169,453.0593486765487,415.31781001460894,0.0,False,unsupported,supports-joint-leader,supports-joint-leader,False,False
scan-hop-46ab481b8e0fa04a,sha256:43742300dd984d1d5bb5072b2ed4855a12d507be7a7957e782376c1b6f550eb7,sha256:957dac84c48bc04c6f2f17f9e4b9ed352d9747e3a563e9d2958dc1effcb8d674,same-leader,100619,100619,100619,100620,96.06187266255618,109.78429950259448,1132.9022702409816,1328.8999267803733,-3.0,False,supports-joint-leader,supports-joint-leader,supports-joint-leader,False,False
scan-hop-46ab481b8e0fa04a,sha256:82d8729760013d2e753bd6d06b6882b05e9b340035031399257c172ddfda55ed,sha256:558ebda7e715ea2038ff687644bcd43123f2fa211145215e0984d3f6c813b65d,different-leader,100285,100620,100620,50834,4909.76872476715,5009.69880895603,6728.626197244214,6514.32104038231,-5.0,False,unsupported,supports-joint-runner,supports-joint-runner,False,False
scan-hop-46ab481b8e0fa04a,sha256:9a4b073fa7c9aecddd50a295e8aeea905f69767d0bd1a530e34057c7e915b19b,sha256:83a432b12c63035664bacb36d2b6357cb2d969644e7eeb26f3fd8c4bbf44f8e2,same-leader,100620,100620,100620,100619,116.98482910727365,144.97477970435045,2757.1175911183445,5192.914231107876,-3.0,False,supports-joint-leader,supports-joint-leader,supports-joint-leader,False,False
scan-hop-46ab481b8e0fa04a,sha256:beca349772f627ad11663ff44d3fde9a8e6d6fe2f2e6fb6f19851eecce052cb4,sha256:d50e8d4f7f1825dee92939ddfcd7eb21142b6436ccd542db9e79f1d8a795fec9,unreviewed-side,,59578,59578,62518,57.819818882297895,49.49348833728132,144.76735485904905,107.87904938100074,-1.0,False,unsupported,supports-joint-leader,supports-joint-leader,False,False
scan-hop-46ab481b8e0fa04a,sha256:c08622f196936b2c519d0d7c670411d5ee5361b8d565660cba7f8c422543e75e,sha256:6d788dfb10cd506547142777092ddd44eda71873ebf23203729fc1fcfeefe4fc,unreviewed-side,,68027,68027,50851,70.90678402002771,85.10889078285334,948.4236783975779,1166.6170463432636,-2.0,False,unsupported,supports-joint-runner,supports-joint-runner,False,False
scan-hop-46ab481b8e0fa04a,sha256:c0f0428d75a32c9e00366b70f38d7b54d96bb9a371c49c4a0129ce535cfb3711,sha256:561eb581f8fdf52bb8ac04f704eaf49fd2d3be67341d40ef4565350a022b6bab,unreviewed-side,,68015,68015,100277,41.03299373180155,75.17945064657657,829.0053616947862,1075.7246845337568,-1.0,False,unsupported,supports-joint-leader,supports-joint-leader,False,False
scan-hop-46ab481b8e0fa04a,sha256:d1817194730621ae5806a32009576bfabba95c7677d76315b79d9667db8d2d31,sha256:2fb30506fb3ace1f6bb79211628c6fea5ff974d3d7895cd7c697ceb9272a06d3,same-leader,68402,68402,68402,100285,119.16144972528407,110.86966454614031,542.5280178337031,426.37660957508086,-2.0,False,supports-joint-leader,supports-joint-leader,supports-joint-leader,False,False
scan-hop-49071904d91ca6eb,sha256:0135a919101e85798cb19e7cab3563da92b73991b013df0596a98ad1cfdba90e,sha256:9f93b46da1467b28c18d20aa0e4dd97c0872c31219a5ff5f36becc233ed2e13c,unreviewed-side,,65378,65378,66875,92.37057959398825,148.00971711910458,698.5819814209895,508.14140074410835,-2.0,False,unsupported,supports-joint-runner,supports-joint-runner,False,False
scan-hop-49071904d91ca6eb,sha256:07c37d1c09947f7fff6137852396352851c5cb507b05589f2b41053194dfc4f1,sha256:f44b432c4acccf2acad13eddf4017850b471735a7e41e39634913f6469892cc1,same-leader,56818,56818,56818,57867,108.0088969951268,115.27606607264397,973.2076518304514,1194.6985195411894,-5.0,False,unsupported,uncertain,unsupported-or-uncertain,False,False
scan-hop-49071904d91ca6eb,sha256:191ab1f0cb820797e72c230606ae8f99f78107c03376a4e5c2f55d3880b01b01,sha256:879f33e09aac3f947eca77afffda86694100a786e0ca4d9d6fbcbf14be692468,unreviewed-side,58539,,58539,66852,31.353964982574116,33.219553482249204,1171.5140445054026,816.3597620298235,0.0,False,supports-joint-leader,unsupported,supports-joint-leader,False,False
scan-hop-49071904d91ca6eb,sha256:875151a6269d80955f0caceb9f9ea56b38e2a0729084ed54069ec1b4b0adb889,sha256:307a94627a452fe1690611213cae3ce8ee113aa2b642b5594a078960217631d2,same-leader,58542,58542,58542,62604,109.26483279393842,102.33212776978483,1979.0122233638754,2005.0320591116056,0.0,False,supports-joint-leader,supports-joint-leader,supports-joint-leader,False,False
scan-hop-49071904d91ca6eb,sha256:aba06501cfc411a42a62ff6ff461d16efd0a62c952b3dc8e2fc6240d47689f76,sha256:fb2602f01c54218df75800d57c450405495f1decbc5069be6ecc9962c572ee07,same-leader,58542,58542,58542,62604,84.59710624187261,107.94417852597033,2503.626774053659,2525.584838287016,1.0,False,uncertain,uncertain,unsupported-or-uncertain,False,False
scan-hop-49071904d91ca6eb,sha256:bdf630aaaf4f3c86e851dfade36c6139f80c32398ad2286071e40412b04e8158,sha256:c7265c4979247eca01fafacb959e22ed949b7a03df859c9ed506d176c7c5a9eb,same-leader,59542,59542,59542,61010,101.26130595928538,93.7039765765953,962.232319639786,931.4587032278583,0.0,False,supports-joint-leader,supports-joint-leader,supports-joint-leader,False,False
scan-hop-49071904d91ca6eb,sha256:db12c6730fc9d60d0a376da328e5d1dec889f54850871403dd97109677480b2a,sha256:72c1f9eba55eb4bdae941de15da021e4d703bbb0b089dbc1da1cc21db8d511d6,same-leader,66852,66852,66852,62991,120.72758070433756,105.31869888181748,736.0004610213495,813.0856996077157,-1.0,False,supports-joint-runner,supports-joint-runner,supports-joint-runner,False,False
scan-hop-49071904d91ca6eb,sha256:efe212099ba29f2352c244a9070e963d97e40716225d75dd5916523f2863ce97,sha256:40e18106321289c5fadf11d79fbee15a7eb1d929c2ff135d5782fe1570c974bb,unreviewed-side,,66450,66450,59494,68.05495772677891,69.16698980429238,563.8280981809133,679.3787635978889,0.0,False,unsupported,uncertain,unsupported-or-uncertain,False,False
scan-hop-4a3627c48d2dfd35,sha256:29a17cf9379c7bc49c38fb0711586bb56b6493fe0e9cdd45883c76c8f1fcec0c,sha256:994f8103f4ce8918ee891231f797277053e59599021d22a7ac1d2956404dc102,same-leader,67797,67797,67797,56321,77.26199933368655,86.7114159014134,1110.9993903465731,1178.1047089243825,-2.0,False,unsupported,supports-joint-leader,supports-joint-leader,False,False
scan-hop-4a3627c48d2dfd35,sha256:320ac349b6ee909f62c3504925ce39bc590737f8dbd38af7c26fe0662265ba55,sha256:b946b2d9a769fef2df137c53fab3f7007e87be05ef0c556a9deed53a2af6871a,unreviewed-side,,66611,66611,53420,91.78870719569375,115.77430468428192,713.1181484906331,713.300647200522,-5.0,False,unsupported,uncertain,unsupported-or-uncertain,False,False
scan-hop-4a3627c48d2dfd35,sha256:3eec7667e8e3e952807dc5fb5e32f853c09fbf781f2aa6822ca2fa5663bc20a3,sha256:ad7baae41ba40098c56668a15d1262ba33941b46abcacb2724c7d9ef4873c44d,different-leader,53420,66611,66611,53420,281.47058237867265,282.0147943065983,351.2559138826464,380.2137493884801,-5.0,False,supports-joint-runner,supports-joint-runner,supports-joint-runner,False,False
scan-hop-4a3627c48d2dfd35,sha256:4f8b6b686c985cf17425d41f1098e87afddb94d8da040093260af188301b9f38,sha256:f82d8ce0922c23bc6589a4df4d6faecd5ecd3f363bb7a02db779695e43007264,unreviewed-side,,66615,66615,56361,102.71968778732754,121.03384184052476,199.5330273608756,210.32490951644746,-1.0,False,unsupported,supports-joint-runner,supports-joint-runner,False,False
scan-hop-4a3627c48d2dfd35,sha256:63d6bc126983f1679e22ce11ce694dd72df5797a515453dc74f6a6776e6f7a0b,sha256:d47f354f1de18ab793cc9834396fa64e5fca2b12c67cdb0f0fc425b9f64ad8ca,same-leader,66576,66576,66576,59153,111.64057257084549,124.86464593137953,1637.8538946960193,2021.9361540007576,0.0,False,unsupported,uncertain,unsupported-or-uncertain,False,False
scan-hop-4a3627c48d2dfd35,sha256:682efd80c1c9979bab8cb4d94035a4d3b6dee99390844e0fd9dd8958db343399,sha256:b6ebaa193d1e127cd784b9ed304ce55b9c837d5741df5e3f8cd255f417092897,same-leader,66576,66576,66576,59153,105.79101545361898,117.16272775228906,1745.5137623332482,1721.414445220374,0.0,False,unsupported,uncertain,unsupported-or-uncertain,False,False
scan-hop-4a3627c48d2dfd35,sha256:7781a1d64d2f75a5e03dee82105d1f37e22bbc47c755792e2d736881ac01a55e,sha256:cd3de4321f2afe77c6cb7319e0495ffc86c993bf0407ad5174c845771ab9f6cf,same-leader,66576,66576,66576,62566,121.14399530449388,110.3399240130318,846.92610727473,949.1414162030352,0.0,False,uncertain,unsupported,unsupported-or-uncertain,False,False
scan-hop-4a3627c48d2dfd35,sha256:7c29d8a621ad0be4bf5ed8dd4085616cffebfb4789dd8760d20241cff57de058,sha256:4f2b5506e23b592846b484383c0d6d5bbfd5e544103c23df2cf5d15e7dc49ade,same-leader,100416,100416,100416,53420,601.0723699517155,515.9484273167204,3357.922856401286,3668.2594427372383,0.0,False,supports-joint-runner,supports-joint-runner,supports-joint-runner,False,False
scan-hop-4a3627c48d2dfd35,sha256:8b51e1e6c4894978091441d0a2171caa952f682eb48c21de458cf581a1e2d932,sha256:c2504691811d8debe6fff6c33d437914b435680eee4930ae392a3398d88e4cbd,unreviewed-side,,66178,66178,56348,95.93763516768384,77.77865505804023,107.73196090944356,121.15649216192371,-2.0,False,unsupported,supports-joint-leader,supports-joint-leader,False,False
scan-hop-4a3627c48d2dfd35,sha256:ab469b51730d69d06f9db439e7eff04e3dc69a1dbd3f2f7665d96b353e8091e3,sha256:b0062af02e26407b5970e66411ac7806710dbf90df639fada086de3766b742c9,same-leader,67797,67797,67797,47844,122.8709509727427,108.29513376023769,1082.994306617541,890.6843325496947,-1.0,False,supports-joint-runner,unsupported,supports-joint-runner,False,False
scan-hop-4bcf0368b9786e20,sha256:2dd6b35f772d237474947c7d67bd5f854642cc43e479660b49d1af830ac123fb,sha256:6ce22fa19b9c63bbaba7a690cda1364199af2b7c1ab30ecf885ece31121b16ec,same-leader,62899,62899,62899,46051,116.5750313250019,130.84514460911717,2005.5331847599148,1956.8992587245677,-1.0,False,unsupported,supports-joint-runner,supports-joint-runner,False,False
scan-hop-4bcf0368b9786e20,sha256:2efa06dbe8a67cfb819af37ab7063b967676d0e8009e54475b5da7c13e330c87,sha256:6bebca131f5b3c43617ab0404e76b61bc8e7d0b41182bd91116b7c0db9145445,different-leader,67319,59667,67319,59667,125.33996301222497,166.10329946298344,129.1571789531161,151.718909562335,0.0,False,supports-joint-leader,supports-joint-leader,supports-joint-leader,False,False
scan-hop-4bcf0368b9786e20,sha256:5ec48af36c3a409963aaa1d7e532b53a4ede4e28a43fdaeb7e67bdb04498f0f4,sha256:fc6b816664574fb08871d5a8848846c533f0ac60270c40bbdf9db570bcd62dcc,same-leader,59612,59612,59612,48648,122.93415954305637,103.04897756556649,1143.1173193448308,1360.9539286993222,0.0,False,supports-joint-runner,supports-joint-runner,supports-joint-runner,False,False
scan-hop-4bcf0368b9786e20,sha256:7c17218e14b8daecde858ae4ccfaf83fbdc726170cae91c4c83381d6efa5a6c8,sha256:7248d0922338c6196c6e749d8fdb18edb185950f0a4965410eef3af8c9632e26,different-leader,67319,59667,67319,59667,120.03916471412472,152.53903569963526,124.7348488056406,135.93721311830348,0.0,False,supports-joint-leader,supports-joint-leader,supports-joint-leader,False,False
scan-hop-4bcf0368b9786e20,sha256:801ceb18fe79aff9ab48b1894ab3d49a1b5909d321060bba68e068c556b8c9b3,sha256:8644fdcf5671599b352b504e2342c3636cee4b236a7c0a3dcdcdb200a0f96db4,same-leader,67035,67035,67035,67328,96.33703471631486,108.37748285682716,120.67429161825848,143.66826074648029,-2.0,False,unsupported,supports-joint-runner,supports-joint-runner,False,False
scan-hop-4bcf0368b9786e20,sha256:b34c406ffedb0887b360e93cc74b754c86fc1a7c8925cf4f64dc652fd79f8e1c,sha256:ddcbd1aca45acebf53dc90cc786e6f58f8df687db7cc970a648f2c0c45a62fe2,unreviewed-side,,63705,63705,62231,89.03133279579892,86.77653945108679,128.63611590074166,202.0601938274993,-1.0,False,unsupported,supports-joint-leader,supports-joint-leader,False,False
scan-hop-4bcf0368b9786e20,sha256:ed113294aebd59e5afc22b39f6374775d4d81f63f6159594617d8366f6104ccf,sha256:60beade5eb3d907d83a9837ffe6b30a7f7b04253ece7bd35784f8e22ee3f824a,same-leader,59654,59654,52333,59654,126.3027187636004,101.61040011574178,145.23732410304157,123.44289315921962,3.0,False,supports-joint-leader,supports-joint-leader,supports-joint-leader,False,False
scan-hop-507871d56b05b1df,sha256:1765d3b6d0b9192ff3083b99a9e184fa959b996ddfe818fe78b320c778b36517,sha256:fd7971b68793ab88ddea5799f456ac98ccc4be4484f24c29dc934ecf5012e06c,same-leader,68822,68822,68822,59758,104.28311255860052,104.01397516164918,1913.8003654272532,2198.3328074841343,-1.0,True,supports-joint-leader,supports-joint-leader,supports-joint-leader,False,False
scan-hop-507871d56b05b1df,sha256:18465a24d749740fde1ad5d134a34d60b4c30d2a33019fdd802146ea5af5d217,sha256:687e3bbb04ad6282e5d2f4530cd6e1ceb8764f3e5fac9830673bbbab6e3293fd,same-leader,59671,59671,59671,57634,352.4285088378082,446.5817441551009,567.2427664541144,526.2950152077079,1.0,True,uncertain,uncertain,unsupported-or-uncertain,False,False
scan-hop-507871d56b05b1df,sha256:666826471dffbe5676ecaa877269afb6774fa987490545a6d003cdc3955df7b2,sha256:89bb47df0d1302efb86b6bb6c5b85e3cb84b9b50d4a6c9b3e79b760f3fb70539,same-leader,63844,63844,63844,55586,105.65187481554246,111.22740898245135,131.3015495675713,143.80054532984082,-5.0,True,supports-joint-runner,supports-joint-runner,supports-joint-runner,False,False
scan-hop-507871d56b05b1df,sha256:796881482a08921ee17c07f4de38102131251caea7d60dadcfa2308cb8b5acd3,sha256:7720ea394777772d626bfbbffc3b5ed48b4d48237e3fb983fd63f1ca67ce4bcb,same-leader,63637,63637,63637,47824,79.16405689175724,173.9280015195591,155.72521149098085,269.4280261672964,-2.0,True,uncertain,uncertain,unsupported-or-uncertain,False,False
scan-hop-507871d56b05b1df,sha256:79bb3605e8dd79088950834697e65ada23404b7c5ddc728de5e537f82a442b43,sha256:9fbfd72cb4efa6084ff69b57d91d3458cfa2a5eb4b68b7fa3c9fee1926bafb60,same-leader,59203,59203,59203,61705,125.65578968210939,150.44013811799783,826.5063775926743,726.302398910953,0.0,True,supports-joint-leader,supports-joint-leader,supports-joint-leader,False,False
scan-hop-507871d56b05b1df,sha256:a06e7765407c9b89860fcb49036a14c09f9e3b4a7f73c9f1facefcc82fcacb9c,sha256:6c1dfb7050705bfdcfd68dfe150f37818650695e8baec72fff18f0e106c299d0,unreviewed-side,,,,,,,,,,True,unsupported,unsupported,unsupported-or-uncertain,False,False
scan-hop-507871d56b05b1df,sha256:c3d1370cb259189e6212857a734c062da77fd131b85843add1eddd5beb397c14,sha256:04df7b6fce8d8dcb762976bb9832cbd576822c50b2dc636b5a70bdf24c494e2f,different-leader,68195,65225,68195,65225,393.45965687832137,308.54636441325596,396.12724650419887,296.6375962092414,0.0,True,supports-joint-leader,supports-joint-leader,supports-joint-leader,False,False
scan-hop-507871d56b05b1df,sha256:d19752f8ece82bdb94645e6004d89bf312071c5203eb6986bf4a7af675081514,sha256:6c5bbb2e5afc0026f268dd5f7dc100ed841037aac4ba216685269a61e66f52a1,different-leader,47824,63637,63637,47824,93.61897693804316,134.1197730017696,99.94818743734824,120.13027610756946,-3.0,True,uncertain,uncertain,unsupported-or-uncertain,False,False
scan-hop-507871d56b05b1df,sha256:e3245deb1e3a353d07db7badf0873b817a746acbea587da2e2c8f25e6eeb3561,sha256:d1f7ade50531c22d3c7cec03ba5830343a8c20d3f50eefdc8dc45f1ab03130cd,same-leader,59565,59565,59565,69679,134.1734911730557,152.50033779730146,1040.6690083277333,2459.631530791297,3.0,True,supports-joint-leader,unsupported,supports-joint-leader,False,False
scan-hop-56b26a40cfeca91f,sha256:37e5500bbc0d619dda64b7bfeabaf33827e0cd725ca10bc5a8c23e3856d74fb5,sha256:eee74ca95fa41349438b7797613ddaa753a533a68f17eb83edebe411546a44cf,same-leader,65829,65829,65829,59077,75.97923446242987,117.44115100381066,1359.476111944046,1426.6158108879577,-2.0,False,unsupported,supports-joint-runner,supports-joint-runner,False,False
scan-hop-56b26a40cfeca91f,sha256:3b8312a02575e500d35c2fcbd70f7ee41e7fcc8be46b87235551f5d5079c2342,sha256:ba3a95ca519eca32fcbf93dd28a2f21018a585b73871b842fec9825582cfbb6f,same-leader,57508,57508,57508,55349,79.07379575528915,62.043305883961594,1581.1025781593212,1294.262607711166,0.0,False,supports-joint-leader,unsupported,supports-joint-leader,False,False
scan-hop-56b26a40cfeca91f,sha256:6359f5e125ee4441616431288c454d3535fa52c344682549839d1342ca5bbcd7,sha256:401cc7620e90b49b4fca76a733573414841a1472c4886b2bcc684a31702a2adf,same-leader,64255,64255,64255,58842,113.34903395054528,103.90449409647069,1632.0008751375462,1744.731405688799,0.0,False,supports-joint-leader,unsupported,supports-joint-leader,False,False
scan-hop-56b26a40cfeca91f,sha256:7a1a28f2942a0ec939b64be18eae900fdb872c2789440bd676b863a7e5ad1667,sha256:eec629d91de4f851b284008dbede8b41765b333685962c2609cd64bf1a59242b,unreviewed-side,,64255,64255,59952,85.93610175540894,73.11642173231043,199.44076443181444,214.83897336626188,-1.0,False,unsupported,uncertain,unsupported-or-uncertain,False,False
scan-hop-56b26a40cfeca91f,sha256:7cf026a319bf8f9c345633857b4d7b82491ada033602aaa0d5e7aab0880ecdcb,sha256:073e315be9aad67d8e6b4f9ddb9550fda979a5c638074b735e56b085b6a0adf1,same-leader,64255,64255,64255,59952,133.28188633780977,179.0586517809219,519.4574694434946,512.5834120485752,0.0,False,uncertain,uncertain,unsupported-or-uncertain,False,False
scan-hop-56b26a40cfeca91f,sha256:ae1c5d58547dc2b998e2c4b2323ce362483b08b507fbbced49684cf9af0c83c4,sha256:7673d4dd1cc5e793c7b6add0cdca29da91d8f79db9bf389943a8de98a706cec1,same-leader,58842,58842,58842,59952,84.58145373580437,127.36821034569351,930.6947083969977,1084.2629528487566,-1.0,False,supports-joint-runner,unsupported,supports-joint-runner,False,False
scan-hop-56b26a40cfeca91f,sha256:bd71111fb0495c0ff4a8b0c7626c1f31a92d267594202284c491bc2a60d3b592,sha256:3833a8a88beb042cb784cdf5f3c53cba08d8442d170b2c7fcda64a7791b2dd76,same-leader,57508,57508,57508,46074,68.66811447652036,110.94200241391368,2021.295979078158,2572.0318857741795,0.0,False,unsupported,supports-joint-leader,supports-joint-leader,False,False
scan-hop-56b26a40cfeca91f,sha256:e1931604fc38e524115ab316f812c7ec243a918326d3dfae274aa2d9e740a2f8,sha256:500c5e08f730f93c18be6c4e27aa6711c9e5d263fe5c80e66fe7a8bb13d42d9b,unreviewed-side,,67080,67080,63642,105.16949879366123,127.20786924010714,417.1821133972802,382.11548773974,-1.0,False,unsupported,supports-joint-runner,supports-joint-runner,False,False
scan-hop-578e39674991dd86,sha256:1a2f74602fc9779490551ae94ca0f88aa6e88b948ff8bb380dc170d9290f1733,sha256:6f9fcfbd142cd28e423c61ab45ab4f8ee03741cd5e04a4ba149e5c46504dd4c8,same-leader,65209,65209,65209,64434,123.19785040349738,118.51575540594423,1229.7514328142436,1129.530227610302,-3.0,True,supports-joint-leader,supports-joint-leader,supports-joint-leader,False,False
scan-hop-578e39674991dd86,sha256:246dc569e76c011b70afb463e201fc1e08d0cde1114c7e8ea6cb3be4c7e3bd08,sha256:314f7e7f198f365e197bb13e8c9ee819c8cdf9b06663282160025b5954106805,same-leader,63859,63859,63859,58622,582.8828518336252,993.324627773973,983.8492264015384,1151.491707794295,0.0,True,supports-joint-leader,unsupported,supports-joint-leader,False,False
scan-hop-578e39674991dd86,sha256:246dc569e76c011b70afb463e201fc1e08d0cde1114c7e8ea6cb3be4c7e3bd08,sha256:7435b6326185cb119b9e4430770b4e4e93175cca1467ae9914112172bb918871,different-leader,63859,59575,59575,63859,1208.6718593071782,1318.6273733547082,1570.111231208867,2048.0796146576185,5.0,True,unsupported,unsupported,unsupported-or-uncertain,False,False
scan-hop-578e39674991dd86,sha256:2558e0c0ff3083bd157c75ba68f56c7559efefd5374919c493ccbafa76cf8250,sha256:41174608b422fffe20d5d060b2ec167a6d0c98becf440e18fed1502bf703d116,unreviewed-side,,57524,57524,47916,79.87290332076884,72.45882791064199,713.3754349741329,438.0471245948787,-1.0,True,unsupported,supports-joint-leader,supports-joint-leader,False,False
scan-hop-578e39674991dd86,sha256:42b388ab784dc2ae26df1b2ea6c7921b3d9332d0fbdfb8bd335779eb40b537e1,sha256:5bb5451166fa5a1a22f87fd80b8a37b6846790dbaf20053370991a0176f6a553,same-leader,57524,57524,57524,57507,120.77305742394825,132.11339455154325,1579.41425687797,1635.2548716347892,-1.0,True,unsupported,supports-joint-leader,supports-joint-leader,False,False
scan-hop-578e39674991dd86,sha256:479d408892211ac9c0212825c8edd17442cf517838850f21c5037cdc9df65e6b,sha256:ff62f46b70b187132ec36fd047238773c65732d56689d9f32c1d23f7c27ffd12,same-leader,64434,64434,64434,65209,145.0830270834595,106.56995684818672,355.35688551347374,402.8087263237874,-1.0,True,uncertain,uncertain,unsupported-or-uncertain,False,False
scan-hop-578e39674991dd86,sha256:64a5c1db183c1acc83082295882c7760e95fcb8fb25fb95c70fad6669fd9917f,sha256:7435b6326185cb119b9e4430770b4e4e93175cca1467ae9914112172bb918871,same-leader,59575,59575,59575,63859,424.3849404895094,478.4168285775522,1949.6712448808014,2073.3357555084986,-1.0,True,uncertain,unsupported,unsupported-or-uncertain,False,False
scan-hop-578e39674991dd86,sha256:8ee4869779a4f0e5d11828f1f90dca2ba8dac28dd676f50d3005f83c16e0c031,sha256:9d4ac721bf36d8fa0af3f4d01a05346c2f5675662c07cf176b153bd377ab2759,unreviewed-side,68845,,68845,67977,56.852551044506484,79.20228511672025,1717.6025574678583,1997.7563034368407,-2.0,True,supports-joint-runner,unsupported,supports-joint-runner,False,False
scan-hop-578e39674991dd86,sha256:b3af34ce79d7c9c31724f42da8e95cc63d8692b9f30933428e81a202514d1b54,sha256:09aac48db08d2e02137d4b339aba4689c7874b06822c11fbdadf01c358b04496,same-leader,63859,63859,63859,52585,101.45916989039982,117.43642143375709,1031.0589678629362,1122.1116653688362,-1.0,True,supports-joint-leader,unsupported,supports-joint-leader,False,False
scan-hop-578e39674991dd86,sha256:ba483dc7df802338a6da3a782a8568f901fbdc62222b998cdba61c6509ed9b29,sha256:a1087e747a8c01808196702f4efbb45a02fcd6a1cbcb2b7a1a1c0e10d22c3907,same-leader,64434,64434,64434,65209,68.20916248818375,81.10053977182923,361.24336514107154,417.0100850558473,-1.0,True,supports-joint-leader,supports-joint-leader,supports-joint-leader,False,False
scan-hop-578e39674991dd86,sha256:bca61d63f80c0e928b1fd8116043689286a510e49a599b9d5cc4673ed76eb043,sha256:c74054aa5045f99ca1add1eb4ca3f3a46e4bec17aa9131f55276fbccce7c9b88,different-leader,65209,64434,65209,64434,111.29097725162947,177.10092199317137,112.1117421071825,171.1527589342867,4.0,True,supports-joint-leader,supports-joint-leader,supports-joint-leader,False,False
scan-hop-578e39674991dd86,sha256:c3f9e1bc56f3b7e50dbe9506f7266f1ddcbb7a7c21a5e3e47ee98145a8f1e1ed,sha256:2e93192d7548aa8640a6e7796d46bd753cf793d1a7ed4b390af691b6230ea019,unreviewed-side,,,,,,,,,,True,unsupported,unsupported,unsupported-or-uncertain,False,False
scan-hop-578e39674991dd86,sha256:cd5afa308d07a5997b8b51f44aaac215c51e49ae025260718a6d4c332e91afd1,sha256:5ee0a78b44d92a4bb0f993f22f3ececd17db61ba3b3fd58d8c32aa89a2518140,same-leader,57524,57524,57524,52561,74.85781244957981,63.555569625050964,2566.8314364957687,2377.431431410221,-1.0,True,unsupported,supports-joint-runner,supports-joint-runner,False,False
scan-hop-578e39674991dd86,sha256:d44c6841a8f5f0fe0cec5cc7205f4d0c45560de15eb60dafb060deefab0a772a,sha256:02cd1927e9b0f6fc27b2a3f2ff1cf54a8fe142c25011f7ae4421d09edf394d0b,same-leader,57524,57524,57524,47916,85.57379440219549,71.14036987051351,1148.5528153001765,1159.1733553801453,-1.0,True,unsupported,uncertain,unsupported-or-uncertain,False,False
scan-hop-5878893927a7b8f9,sha256:0ad59eb0b4710ded2ece49f6fcb063d99067b0c0cc55f3ab53523df9b79ce94a,sha256:fafa5dfa563b8c0332323d2fbd520044ad8c70e09850e7b3d9366a9cd2f3f0b1,same-leader,61527,61527,61527,64372,53.999681366707435,97.81467058581013,736.4519078780068,577.9688351927568,0.0,True,unsupported,supports-joint-leader,supports-joint-leader,False,False
scan-hop-5878893927a7b8f9,sha256:2126d7cacd8a40ffced397d9016814b7be0c8fc7068deb845ea70e17b3584223,sha256:a73f12e7e62e0cbb7f1bc17055118bd6dd9c14a2c6f6647004fdbf3f55bb8b06,unreviewed-side,68613,,68613,67984,116.40281432014777,157.5891310410989,1772.6425338279137,1693.3626268403152,0.0,True,supports-joint-leader,unsupported,supports-joint-leader,False,False
scan-hop-5878893927a7b8f9,sha256:621e362ff90cc0480be604e50a3d11684e99239b6e2c494ee499857b3cb58032,sha256:02398d69697942f4efd07c1801486f3551a955a37ede46e06a97fa3ba8def739,same-leader,65473,65473,65473,53392,118.50345601703566,141.48531855882334,378.37255246992936,426.70019678481435,-2.0,True,supports-joint-leader,supports-joint-leader,supports-joint-leader,False,False
scan-hop-5878893927a7b8f9,sha256:a7e55748bb8d5253d6cc594264c1f78d7bd99043e19df9bf8fdba46d9b0015dd,sha256:5a86e8693a9a8a269423fae09ea8c9ebc4c659e7a785879ab7c772be0dbe1fd9,different-leader,61057,69152,69152,61057,99.09460272799865,140.08867182799054,702.033704078852,967.0775180800562,-2.0,True,supports-joint-leader,supports-joint-leader,supports-joint-leader,False,False
scan-hop-5878893927a7b8f9,sha256:ab0b640307aa63d8b0b804e7f8ce004162cdac014ca698ba97e689b6e768dea1,sha256:335ceefc6513e222871c8c1a180aef8b53dc6a8136a1bd39f4c8df4672bf740e,same-leader,61529,61529,61529,60068,128.61523265369817,146.12434486737035,1590.5300187988212,1528.2495557038535,1.0,True,unsupported,supports-joint-leader,supports-joint-leader,False,False
scan-hop-5878893927a7b8f9,sha256:b2fadb491e569896d598971831b640ec7789467b7e53fcb2ab015e78f9a66e01,sha256:c1a363a3ea2e669cd3214cc042071d958b7d0ea433ebbc7a325894dc7064c6de,same-leader,69152,69152,69152,61057,111.79993761291587,91.02136477015235,815.824246334987,698.6933826502466,-2.0,True,supports-joint-leader,supports-joint-leader,supports-joint-leader,False,False
scan-hop-5878893927a7b8f9,sha256:db2ac2d20b196cf44a77fc627ae9e1f59ba674a4586ddd8f08bfdb6cc74b4ab4,sha256:2466504ad51bfa6d9bce7f43923975a68518fe5bc18e6cc417609851fd17dcc4,same-leader,61527,61527,61527,64372,64.1305624495373,76.63459611368724,677.473662992905,512.527602147077,0.0,True,supports-joint-leader,supports-joint-leader,supports-joint-leader,False,False
scan-hop-5878893927a7b8f9,sha256:f5bc6259d9fa6cf6741ecb155cf716dc55065a02c07c820e63fc12bd36978992,sha256:86e809e9b220c13f67392b0eeb3ca03b60366b13c8a538aa915a2ce63116939c,same-leader,65473,65473,65473,69996,107.02020158688269,104.87529983643205,367.0919312146152,408.6320351135416,-2.0,True,supports-joint-leader,unsupported,supports-joint-leader,False,False
scan-hop-597d327be52d6fec,sha256:30adb40e3f5f45f4b68b3a7380094bf32450366a88fd97b4fad011a6dec56a76,sha256:7de66c99388eb969325984d0eea27a373a97ef34ff89d96287ba6af39cc90fa1,same-leader,58041,58041,58041,62510,152.7351163862103,119.57911003473528,4291.262185460433,4303.6937879661145,0.0,False,supports-joint-leader,unsupported,supports-joint-leader,False,False
scan-hop-597d327be52d6fec,sha256:48b2f7d272cc1c3143bd6dc588824bd3e85d99580f2440656a9dd64210d44a26,sha256:fe7af0fc3223589cd1a805fdec6931247cc01d3632c7e8ae0c946f7e9e2c0cd9,same-leader,59008,59008,59008,66484,140.9037343963042,172.74328492028923,2800.950966450435,2125.7041068940075,0.0,False,supports-joint-runner,unsupported,supports-joint-runner,False,False
scan-hop-597d327be52d6fec,sha256:59fa0a8b98bf2c3e3400b6ba5567821e1d77dcf85616fb0c8c0de5a43c4ea929,sha256:660e1ebbe3266b5d44bbcf5321a5807d7ce7828ad86ffb9924f5ae918e6e1600,same-leader,59008,59008,59008,62567,104.06748131714514,125.95929005711916,3478.9790845960392,3527.922508434109,0.0,False,supports-joint-leader,supports-joint-leader,supports-joint-leader,False,False
scan-hop-597d327be52d6fec,sha256:7a36fe02ebe789393413a921ddd1b0c1e3a48331389f08347f904436247f079c,sha256:24fe8a8e8dc3acb854eaa36f1ae94b6b6eed3fb7655c2bfc3640cfa305c4a8bd,same-leader,59008,59008,59008,66484,144.16461927798795,153.64197843458626,2212.652138175888,2728.9159193893893,0.0,False,supports-joint-runner,unsupported,supports-joint-runner,False,False
scan-hop-597d327be52d6fec,sha256:7d075d922cc7cfa4ebf658cda7c4aa71a6eaa1466435381be406307108df33c1,sha256:e24f9094d45fec9c6a675623c9d58f5350c1e0161517984f81619490f13e9167,same-leader,58041,58041,58041,59002,110.29911137318378,135.59996051942537,3149.023994880297,2630.569675163287,1.0,False,unsupported,uncertain,unsupported-or-uncertain,False,False
scan-hop-597d327be52d6fec,sha256:874d75bccf8d52b0f6ce071bc53e034e8fea80256c8d62343040f0c16aefac5f,sha256:3c3a7a0269134c3a8bb8c98296402d7f1010c9c3d1b4f5eafa79b170526804bb,same-leader,60334,60334,60334,61540,97.01251479815446,92.62526029874488,1205.0914745806638,1523.1065589457717,0.0,False,unsupported,supports-joint-leader,supports-joint-leader,False,False
scan-hop-597d327be52d6fec,sha256:ac2ce2b3a2207669fefe576e1de40f59e77459884fc46260a2f5a21666bffe83,sha256:54e2a3d17b63b3e5f4f66435220f97dd186d4404c185a75bbd71966520cc5ab5,same-leader,64001,64001,64001,53138,101.66419651068382,94.17739809247234,841.4668450769356,916.1933213425872,-1.0,False,unsupported,supports-joint-leader,supports-joint-leader,False,False
scan-hop-597d327be52d6fec,sha256:b0871c24a1b64dfd33fa44f8b469fc02a762b67b4090c228e7e3937208ad3f99,sha256:4325ab8f316410b214fc055943c328ec9dd5a17939a1149f11f3000dd601cfc5,same-leader,58238,58238,58238,53138,116.33063957040973,97.87277292915543,2062.3595629385177,1955.8286232348225,1.0,False,unsupported,uncertain,unsupported-or-uncertain,False,False
scan-hop-597d327be52d6fec,sha256:b5ead13b514800f6582439f9231f6bbaaca7008527e7cc554fb19a35720f2f9e,sha256:7dbf4d3b4a596e001e2ea191655c7b65103c3b4ffaeeaa01ab0373cae4604ae1,unreviewed-side,,63643,63643,100041,97.80010285907841,72.30329198395023,312.2191347992201,371.8623384088392,-1.0,False,unsupported,supports-joint-runner,supports-joint-runner,False,False
scan-hop-597d327be52d6fec,sha256:c022922d9f2ec253bd7fda67ea79ac71750b6d0696a0eec00773efa02438c952,sha256:4d6da05c7e2afaf993affdba7419791e80e4ee37399637eeb187aae759b7adb0,same-leader,58041,58041,58041,52486,126.99526329438828,111.56896492447405,2349.673028546165,2147.969033943374,1.0,False,supports-joint-leader,unsupported,supports-joint-leader,False,False
scan-hop-597d327be52d6fec,sha256:c640a5235bd5f461b42067fabcfaad78c2627d5babfa89d739db3db506e3e902,sha256:62f0a305c7976df142738167d5464cea07f700237b44394bcc5bee7e270cbb73,same-leader,60334,60334,60334,66283,125.4714065392318,130.12963040603336,1981.8786360581666,1830.965554979554,-1.0,False,uncertain,uncertain,unsupported-or-uncertain,False,False
scan-hop-597d327be52d6fec,sha256:cf8654d6d57985094afe0e3e83a8d7ddc5924f73cc825036a33d6aa57b11a887,sha256:5facbfda0c4678db0dcd474656effd7e4e210fb66c22b955dfb30260a101570d,same-leader,64001,64001,64001,53138,127.31124113209624,149.20438341539517,639.5841344771529,724.8985079030468,-1.0,False,supports-joint-runner,supports-joint-runner,supports-joint-runner,False,False
scan-hop-597d327be52d6fec,sha256:d1d556866c00f9f4fea03eed6f49373b649583295b22fe1923fa8d829c926812,sha256:b836d694cf8573345b798b1d7381b4a3b05e3808fa006addb07f608a485268e9,unreviewed-side,,,,,,,,,,False,unsupported,unsupported,unsupported-or-uncertain,False,False
scan-hop-692ffbe028d18930,sha256:00ba218023dc530d5177dde1cea7870a0d9a080008eea0e6b918da4c7171b79c,sha256:15628646a71b4eba7e2c0152f321672c927f8c68e95f44b0dbf351d9b9b028fc,same-leader,59673,59673,59673,62271,89.04030854753692,101.73112353954382,868.9746329047351,807.5086733526044,-1.0,False,uncertain,uncertain,unsupported-or-uncertain,False,False
scan-hop-692ffbe028d18930,sha256:0c9ce6e429d5b1364bbf8944e1f469fe438316994961237edaad9ea67c301852,sha256:6b8dd46ed3d7ae7127ec5b6caf1d17a72eeb33e1b2bc50703c3027b8deb9738e,same-leader,67031,67031,67031,64479,89.73315811537944,50.2328968810961,108.03621538124848,76.93920092331967,-1.0,False,supports-joint-runner,supports-joint-runner,supports-joint-runner,False,False
scan-hop-692ffbe028d18930,sha256:21c6f333ca3cbcd86ebbd9cb73ba7df9de099beaaa6450ae85aa3278de8e6be2,sha256:72bc8665bd9872e16e532efe7cb934658e5f5db9fc124ced07c4605393370b1b,same-leader,59931,59931,59931,53976,101.88550010204906,97.34931874928385,2822.9994660794187,3354.8616021374814,0.0,False,unsupported,supports-joint-leader,supports-joint-leader,False,False
scan-hop-692ffbe028d18930,sha256:31dc0aa9a76dd6d791bb17855411429861f3cbaa2828bfee6522eda88847ece4,sha256:027ceb1d9e86e10de8477a3cf530bfd39e31e2d2f04c7bd8fc2d0d82d1214c07,same-leader,59655,59655,59655,67322,124.88943217432575,94.49226816849182,2776.364153926739,2979.561536043717,0.0,False,supports-joint-leader,supports-joint-leader,supports-joint-leader,False,False
scan-hop-692ffbe028d18930,sha256:4ab2541a94d4bfc1b969e223841ad296eaffd00af117b0bd6f8c78886361c2e6,sha256:ff0b87b5939be4e5046147d54e044b40cd75c89e6c5be3e1d75c06afc0cfe1ae,unreviewed-side,59931,,59931,59475,68.4589573278488,77.30511105864294,1163.4093504172956,1188.706802998233,0.0,False,supports-joint-leader,unsupported,supports-joint-leader,False,False
scan-hop-692ffbe028d18930,sha256:a7027f7e56a7440ac713cbec5b4dea0c909f6acc7b7b921c4ad38ffa8e7c7bd5,sha256:fcb71a7c9df3fa54c6419979185bf28562525c160098f5043ab9c66b45487013,same-leader,46060,46060,46060,64498,350.077830263712,640.4936335289284,405.52357752884313,662.9314846051517,2.0,False,supports-joint-runner,supports-joint-runner,supports-joint-runner,False,False
scan-hop-692ffbe028d18930,sha256:d15ff5e66ca3798aab382c4f5f9c32d0dd42e34a41f1695eda07036d260083ff,sha256:68c93934e38afdd8df8a6493a814c320ad366c3fec3b8603704c4f408807bcd5,unreviewed-side,,58438,58438,66220,46.96855201394526,47.81022653971618,274.4085586254713,1037.1143236840046,0.0,False,unsupported,supports-joint-leader,supports-joint-leader,False,False
scan-hop-6adcb067e2dbce43,sha256:07b13eff38b79fae082496fb1028312ce94b52a8e48d492fcf93b74f0d2e8d3f,sha256:f025e62cd9e53187cf520abad6aa44d9e8bb3f9326c75b386953fc7ee4aa5def,same-leader,66865,66865,66865,59416,103.74162683036027,129.47907543752385,196.2114357037934,200.59679953224426,-4.0,False,supports-joint-runner,supports-joint-runner,supports-joint-runner,False,False
scan-hop-6adcb067e2dbce43,sha256:26ebcf8b5492e6be813f967b27375caba55a7f3de619357d7de359af751bdb20,sha256:18565fc13796a89f2a2150038c0b707e803c13f6e15034509a7ce2dc89b00b5f,same-leader,63779,63779,63779,62856,84.44789725717699,79.71200855649599,1068.0934716050717,1012.0529084705555,-1.0,False,unsupported,supports-joint-leader,supports-joint-leader,False,False
scan-hop-6adcb067e2dbce43,sha256:30a34ab57c4c3e9970540ac66a933fbf27fca225250098bbde046e27534da7ee,sha256:13f085eb03b981c83396eb5de60ff0a6b74e7629592df045cfd30fe5bd7cb92f,same-leader,63779,63779,63779,53970,59.91442381523234,85.13198403522367,153.10723901678867,220.82554160436501,-1.0,False,supports-joint-runner,supports-joint-runner,supports-joint-runner,False,False
scan-hop-6adcb067e2dbce43,sha256:3285d2082464698a9af0291370e82b6951806deec810405dc6fba886b148cd29,sha256:74a3feefb047db3e42631a0e0fa061897952f333c987c9ab1d0f3e6b14dbc217,different-leader,59416,66865,66865,59416,106.14648012679919,96.07161559545368,427.1831382710692,431.8377726951764,-3.0,False,supports-joint-runner,supports-joint-runner,supports-joint-runner,False,False
scan-hop-6adcb067e2dbce43,sha256:3a7d2b501d6f301895ec60274eb630223f48b5db567f9e96369a78fc59d4efe1,sha256:919a35985899703d9c4e8ab81b727c5da56e108920de41a8496a6568a345ed66,same-leader,64777,64777,64777,67799,95.16877108395481,80.5827453796135,1715.1755992814176,1967.8107941490991,-3.0,False,unsupported,supports-joint-leader,supports-joint-leader,False,False
scan-hop-6adcb067e2dbce43,sha256:5736dc4bfdcd0937751424d19b8ef3e1f184121792e8c351d0cf67b5711df26f,sha256:9f73c7a21ad12882e3b929c456c04c9291860e8b8da0db2ebea844c0b8336005,same-leader,64777,64777,64777,67799,106.21375477072317,249.06204489512115,1146.9185703329392,1063.4349840362825,-3.0,False,supports-joint-leader,supports-joint-leader,supports-joint-leader,False,False
scan-hop-6adcb067e2dbce43,sha256:5ba02b11273be681773af5476cbf4fa1ff92862ede6aafed79a936206d989127,sha256:a37ab7811c5bc377820841b20654a5e532b47ced1776c24e9fd7ca9903012744,same-leader,63787,63787,63787,49435,123.39698622635113,112.74220138068871,905.1183994530257,895.3112174225429,-1.0,False,supports-joint-leader,supports-joint-leader,supports-joint-leader,False,False
scan-hop-6adcb067e2dbce43,sha256:dad96c3afcf9b500c0423a9829dd442a6cf8215fd89cd4083ab0533e7b400c32,sha256:d118aba06b8fdacf35a464cafbcc12e69c4affe1d6f931cd0d15cf8a016433ec,different-leader,52270,66595,52270,66595,151.2186710767313,174.93079797522947,163.55025531110658,166.07746274968804,0.0,False,uncertain,uncertain,unsupported-or-uncertain,False,False
scan-hop-6adcb067e2dbce43,sha256:e29d9543a8c77b3154d1d03741b71d936a116a7b24a58ffb37944f083857b3d3,sha256:1ab8a8d2037d979c03cd3f76b9f9e6d6f844cbfa5278797a502d61724c81c9c1,same-leader,52270,52270,52270,66595,418.17105101958475,97.00154881830755,452.52254037868096,119.69934831609518,0.0,False,supports-joint-runner,supports-joint-runner,supports-joint-runner,False,False
scan-hop-6adcb067e2dbce43,sha256:f943f7bc07e41afb7de5927f1ba7601e10bb90c444e6b2175fb147a0fbdc7ec6,sha256:7b7f5937bbe95a34a5899b4979c246254ba7c9ea43cae7a0e26847c85b3081df,same-leader,59498,59498,59498,63455,104.97355896274436,92.59076921658495,1083.2974391309933,779.8747180454883,0.0,False,unsupported,supports-joint-leader,supports-joint-leader,False,False
scan-hop-6ca90c84541ebe31,sha256:539d0a3a0ed5bfcdd039bee8450598ad6a22a1be8a0f3313362512f7f5a1afd9,sha256:0d3c5a71f64c20811b6893c8d268a32b7314b724f29ea69a8f298d9f3bfbf54c,same-leader,66072,66072,66072,52278,118.25436511867797,135.68358161772463,403.07922625282856,443.96474876245315,-1.0,True,supports-joint-runner,supports-joint-runner,supports-joint-runner,False,False
scan-hop-6ca90c84541ebe31,sha256:739bc6e9191dad0e957d36db3d118e9e93f4694d0a79e7f8e9890efd19c30209,sha256:bbec5c6a2eda28522eb1845b3ba8094faa337be3faad7bb13df3a051963b6fb6,same-leader,63452,63452,63452,66498,75.70670664767624,126.6280041246532,2927.147842767546,3159.8651785407583,-3.0,True,uncertain,uncertain,unsupported-or-uncertain,False,False
scan-hop-6ca90c84541ebe31,sha256:768533c20c5eb840160df5245b6aa53c1853681dc8d550ed105e6d7af2a014d4,sha256:a35baeb6c0cee80aa4c746ae183b0a55bdc6bcf6c248c8c2e8d9414decd3d5a9,same-leader,59689,59689,59689,56334,43.473430766122,47.41242607941104,486.0172041683014,589.204579116603,2.0,True,supports-joint-leader,supports-joint-leader,supports-joint-leader,False,False
scan-hop-6ca90c84541ebe31,sha256:81aa057791729186f17f91c2f1b4ca190e39a22d6bb3e7317747784b733c4f90,sha256:7e2e79ac63bb5db437ec32a344ac5bad00ef172dc06c90ffaba303d2185a8700,same-leader,66573,66573,66573,100430,91.8688768615149,112.52735301203174,1424.6870903963468,1427.92873262199,-5.0,True,supports-joint-runner,supports-joint-runner,supports-joint-runner,False,False
scan-hop-6ca90c84541ebe31,sha256:8515676f9632bcedc1eb3d7273f308389ca4e393c2d199d4a819444f734299a8,sha256:d353131dac0ac4d0e5074fabbe9caed6cd7ef7beb7c44a83365122d78dc9ab6b,same-leader,63454,63454,63454,68906,144.18018677504458,130.8941806118968,190.6081216322592,142.55650516567425,0.0,True,supports-joint-leader,supports-joint-leader,supports-joint-leader,False,False
scan-hop-6ca90c84541ebe31,sha256:8742473969d850bb1e9ec6e17fbfc487ccd687aed26847ede1376d97eb3883eb,sha256:cb19b20ca0c7547f310eb24bea581ac8eb2ee807a2c7708523025c14978bb670,same-leader,66065,66065,66065,49409,129.44215593294578,80.55141998607007,498.91494983236726,745.6640524387107,-2.0,True,supports-joint-leader,supports-joint-leader,supports-joint-leader,False,False
scan-hop-6ca90c84541ebe31,sha256:8dfc4a1227dad2f8dcd3fdfaf78610f63c2032b6070e300678f207dd6188eb29,sha256:a044a4bc86467f689acf5b3a9832d48cfd596e463fe6a0ecab47a49a52dc125f,same-leader,59689,59689,59689,68907,142.85167755258792,164.28238528340015,1108.645719101958,1329.4866883117643,2.0,True,supports-joint-leader,supports-joint-leader,supports-joint-leader,False,False
scan-hop-6ca90c84541ebe31,sha256:9f1491bd8e5c05efb6b9d9b06ddd66b89b494de787a38d841a5e783d46a56f29,sha256:6f7b0cf929bb6686d70e54a675d58c684224c0c84e0eba7c60da90ca8a85f350,same-leader,66496,66496,66496,58486,111.38260360322518,121.75498829990542,567.2691126524747,540.1313060854691,0.0,True,uncertain,uncertain,unsupported-or-uncertain,False,False
scan-hop-6ca90c84541ebe31,sha256:a392e3b59115fcc08db55d641b90b9e36257df6dcd5e8b811420f58df621085e,sha256:2b784627d0ac6c2ca59f2dda75296d7d861c494ac87374c249704a723eef3465,same-leader,63454,63454,63454,68906,126.53006645528409,94.5306507066065,273.7869329394709,266.2096004746362,0.0,True,supports-joint-leader,supports-joint-leader,supports-joint-leader,False,False
scan-hop-6ca90c84541ebe31,sha256:aa47534a3cc955ef90800fe71ca61464bbb00236b1f3c3acd958b61681b68887,sha256:3bbf36dc910743dbec6dd491da29b6f4fc874ab39b3942e9f250a4ccb7930139,same-leader,66084,66084,66084,68907,88.76240452775784,114.73278562897632,2699.552213689182,2734.0680739378845,-2.0,True,supports-joint-leader,supports-joint-leader,supports-joint-leader,False,False
scan-hop-6ca90c84541ebe31,sha256:b2694a79d16b1f593bebd68c3250c98044cc4edc1eaeb4f002e96205a0c84f06,sha256:51728ef78f140c178f9428841dc8326307ffe085ff9d764eaba5850d6ca8e9e4,same-leader,66498,66498,66498,56334,346.5146385922526,122.89608401856793,1027.0870603067901,1196.263894995893,0.0,True,unsupported,supports-joint-leader,supports-joint-leader,False,False
scan-hop-6ca90c84541ebe31,sha256:b42b3a87b00e03324fc59de9b467bfd5a8868a3625b69b2f713e051c09c12b3a,sha256:94a05356249c62ed0ee29b19d386f6324d333985c3d911de3cb1c15525de5ea1,same-leader,66065,66065,66065,49409,120.38846612061764,129.8436383621613,739.1735399426,681.2373178419546,-2.0,True,uncertain,uncertain,unsupported-or-uncertain,False,False
scan-hop-6ca90c84541ebe31,sha256:be0f094e9c781bff6fd46080feaaf23a1a91105fb66ecd373291d4daec43ec6b,sha256:018bf2bafbb7d4b9512242ac02bd1b48bd8950bf435bde3a740e26e86948f659,same-leader,66084,66084,66084,66072,117.04659914318158,115.83381289735496,781.8062977581294,2078.443915285165,-2.0,True,supports-joint-runner,unsupported,supports-joint-runner,False,False
scan-hop-6e977f7cb9c578af,sha256:2ab5a87854be8cd1e783b7c802b50633abbbabc0103a261798550a27dd04c814,sha256:9b0ff95248ada971b21021085a3ed19b34a7df405cf743612e5df702ed5e510f,same-leader,66086,66086,66086,59023,96.47153215996862,103.3455643018347,1212.9864194260836,1458.4244367455192,0.0,False,supports-joint-leader,supports-joint-leader,supports-joint-leader,False,False
scan-hop-6e977f7cb9c578af,sha256:5b419c3dc6c33926a06b9f0d2ea642c3353665f4de2d95e7a10b6e464d000e4b,sha256:8039d9de1a46b459b6275fabed28d089c6d16bfa9af761b74894f0733b5b7bda,same-leader,63686,63686,63686,58167,118.11137606654091,108.41849494507841,642.2510474296124,709.2768847046956,-1.0,False,supports-joint-runner,supports-joint-runner,supports-joint-runner,False,False
scan-hop-6e977f7cb9c578af,sha256:69320db47b8526d62ece65d6877933f381c5a938950b8bf576722e4d801851a5,sha256:9b3f7f91d94a2b48f52d75f3f1378974598bcfba7191a0e59b2922b7d54cfdf4,same-leader,63323,63323,63323,66401,145.65605998005032,158.5037858337886,2345.5735887720366,3209.284820802697,0.0,False,supports-joint-leader,supports-joint-leader,supports-joint-leader,False,False
scan-hop-6e977f7cb9c578af,sha256:8cee2fafafd5144949681a323592bac280673df530904c3d5e3de279698e8061,sha256:3c962ef5414c57ed7846589ed1b6f901012fbbe89a664f0257ddc3d5af4ac231,different-leader,60429,58072,60429,66112,705.1185251924353,1169.899930542408,838.3377600803797,1320.9780096249517,2.0,False,supports-joint-runner,unsupported,supports-joint-runner,False,False
scan-hop-6e977f7cb9c578af,sha256:8dc1aa00551b78c6e97bb4b84a998da005dc981b7bbda0edff29083c98874b21,sha256:45e0056db5193b666c44375e2472dbbd69947daa4c40c0632b325d3cc88b7f30,same-leader,60429,60429,60429,58072,112.16567224699175,192.99934236817666,880.5743888176315,1174.427071107813,-3.0,False,supports-joint-leader,supports-joint-leader,supports-joint-leader,False,False
scan-hop-6e977f7cb9c578af,sha256:d7d38a43d239993c7e00e4a0756047ddf721b83d49cd5ce2214d9d7f5adbf605,sha256:e8ed2e5f12da440fa2f6c1e4aa3704d15224af551d5c25aaf598b795f1480409,same-leader,63323,63323,63323,66401,122.00844437820756,122.86569439713365,2830.8106653230057,3081.4596767181547,0.0,False,supports-joint-runner,supports-joint-runner,supports-joint-runner,False,False
scan-hop-6e977f7cb9c578af,sha256:d8534c80c30eb09d7ee0211b93a5b8994fededdf926e4c99feeb9ee370dc536b,sha256:4dbcd8db3fc9aa38a95881d8d3e6d4d93f786b3bf55096407d82c587e67c6b50,same-leader,58072,58072,58072,66024,86.1829441332722,93.17249742383748,335.165837787469,371.78316577146353,1.0,False,supports-joint-runner,supports-joint-runner,supports-joint-runner,False,False
scan-hop-6e977f7cb9c578af,sha256:e82b8685ea47115f813a3235df7996f63ace76cbdc6ccfa554ee80725ab6b31b,sha256:e777f37b11849350a71796465277c9d2281d91265826acbe36a21f42bc9f8c5b,same-leader,60429,60429,60429,63682,100.47380924694855,125.26040451831133,1287.8853440175385,1546.0826170956113,0.0,False,supports-joint-leader,unsupported,supports-joint-leader,False,False
scan-hop-6e977f7cb9c578af,sha256:fbae8736dc8dd496e05653dec5ea2aee0ef9d3849ac43e8a872081a531526682,sha256:ed05021bffb1ff3a33c6480960d4589d63f26342e0d3269f387ae1d319179a23,same-leader,59609,59609,59609,55373,123.64240039138348,132.70810015805998,453.7276767975596,757.7940795001776,0.0,False,unsupported,uncertain,unsupported-or-uncertain,False,False
scan-hop-73a490a9debd1e9d,sha256:1273f998caf3469d83e4670889b9a5c0b545b775c65cabee73b2f0917bd34319,sha256:8bf3407d989f71aab30da11adf6c965bb5359b5bf88120ae19c6f61c694be26a,same-leader,62892,62892,62892,52857,213.97934118873405,206.9181209109691,2019.2001588819635,2391.223130358005,-5.0,False,unsupported,supports-joint-leader,supports-joint-leader,False,False
scan-hop-73a490a9debd1e9d,sha256:426dda105df041dd1b24fb9291d530a1b336937a2ae645bdc81916e40278ac2a,sha256:970d85fc823d593dd74f76272dd2ebc8bf95d313a607feceb91653222f0013ce,unreviewed-side,59360,,59360,68060,117.9344755179863,163.2260919144361,337.55060926909107,678.6918889834586,1.0,False,supports-joint-leader,unsupported,supports-joint-leader,False,False
scan-hop-73a490a9debd1e9d,sha256:6cd2cef61bbf637eee499ca2a7b5626a2063e4451f11e0ca4e5cd2e06de97cdb,sha256:761a6c2ce7ff575f07c332f7133ba0702cf191261f9bc974b7dffe2aace36c5b,same-leader,59360,59360,59360,68060,119.0980691675525,120.02838146108414,995.4320830100876,1063.5373892077218,0.0,False,unsupported,supports-joint-leader,supports-joint-leader,False,False
scan-hop-73a490a9debd1e9d,sha256:83829c15a3b58e52d6263ee989432fcfc2b6c705c0dc1c7f175f3cb75e5969dd,sha256:95df2df00da3b3efc339316e9c0faa75b01cd6b2aa88b7f1d9fca4ecb1ba6737,same-leader,67317,67317,67317,64218,95.78955725275704,92.00646674665634,541.315612453782,623.1986158270479,-4.0,False,supports-joint-leader,supports-joint-leader,supports-joint-leader,False,False
scan-hop-73a490a9debd1e9d,sha256:a1a0733250593089447b6e6345ea27f658b0c4c98ed07ebcadaf46394af1f5ab,sha256:fc52a0cedeb9fc94759a13336b2def42d99a108a6b292710fbabd4a500c9bb18,same-leader,67332,67332,67332,57329,92.75995925188435,91.34627232401404,2104.0268859103735,1925.247779707394,-2.0,False,unsupported,supports-joint-runner,supports-joint-runner,False,False
scan-hop-73a490a9debd1e9d,sha256:a50b0fb8f5c421da6e3a821df3f0e8426ffd169b2649583ba4c3529228f5498f,sha256:2c5c386d1a336f08b9535ff4d3012502ee3750bb1c2e6b14b5e4eb040e7271f6,same-leader,62892,62892,62892,52857,190.2058614203367,153.83235164347343,2235.987455251036,1763.204482297603,-5.0,False,unsupported,uncertain,unsupported-or-uncertain,False,False
scan-hop-764a9ed7cdaf509a,sha256:1cfca40dd08250d02977b6193f68fdcad2302b5aeca089c60a5d74d83bc21c41,sha256:7f291ebc14a26aabecc08856408549f7317a462c10e477b3787db96559f3d64b,same-leader,66472,66472,66472,59580,90.40143515084551,99.01196240371311,667.6014088508043,554.693248237343,-1.0,False,supports-joint-runner,supports-joint-runner,supports-joint-runner,False,False
scan-hop-764a9ed7cdaf509a,sha256:28dcf846065a9edd6e8550ee19508c5902de038338dec960ab83e694ef650d80,sha256:29fa52548e024b3c9ce9b341c4cd20bfe78a037289e4defdd8ab9c79816812f6,unreviewed-side,,62305,62305,60056,71.25044595472122,107.94702501924309,1169.6697394547941,1176.5220685943057,-2.0,False,unsupported,supports-joint-leader,supports-joint-leader,False,False
scan-hop-764a9ed7cdaf509a,sha256:47f4f5b44df53f5aa2be7b67398059c1f99338f02ad270cee704287891b81ca3,sha256:ab29c8bf5a8b9105f4a36fb3aa241e533ef06a52f3126b5f239b325c8ae0aa88,unreviewed-side,,66472,66472,59580,58.2095773413687,43.58146800427885,67.86014973707765,73.1572969502666,-1.0,False,unsupported,supports-joint-runner,supports-joint-runner,False,False
scan-hop-764a9ed7cdaf509a,sha256:584d390fb3c89a3279c2513bd1808f1385f5102b4178c63ecaea4dc52738b8dc,sha256:ae6c5abc8e6ae1164b699bc2bca6a7eb1440037c319aa56ca62027522946b9a5,unreviewed-side,,63646,63646,48562,77.84924392729175,83.00575622043532,1024.646406420916,896.5261689084391,-1.0,False,unsupported,supports-joint-leader,supports-joint-leader,False,False
scan-hop-764a9ed7cdaf509a,sha256:6b4caf14bd5999c621ed12e7af508479a66389a72a01c42ff56be5fc80192309,sha256:78f1bb157438d9367296f4e7e33ac9ad379620d12de0282993bfc2bf50afc6c5,same-leader,63646,63646,63646,48562,96.700406194236,98.39856761008758,1792.8182257404303,1928.1477456843122,-1.0,False,supports-joint-leader,supports-joint-leader,supports-joint-leader,False,False
scan-hop-764a9ed7cdaf509a,sha256:851a9f21be2d48fc6cad38490f38ff4b8307550b2fa4073946d9b439f24f2c70,sha256:ca0c92f0a43d2c207638a9bce4150cb03c3dccb49489480b1f65961053d379bf,same-leader,61258,61258,61258,68016,78.28236678996505,115.77812621572986,873.8961252407231,970.8631745712714,-1.0,False,supports-joint-leader,supports-joint-leader,supports-joint-leader,False,False
scan-hop-764a9ed7cdaf509a,sha256:a8476d3250316ba137b4b933839e900cd804c1031363e6c0605cb068c19fbeb5,sha256:d73d8146f0197645f47d62a86b2b239fbd12ad904647ab6d13848dfbda349140,unreviewed-side,,62569,62569,66284,653.9190965850908,744.7705876817917,1265.2109051807117,935.0177325010314,-3.0,False,unsupported,uncertain,unsupported-or-uncertain,False,False
scan-hop-764a9ed7cdaf509a,sha256:cbde41eeac54dd2f82b569561e7eff9c2bf0ffee416ac1f0f2236e59080a6e3e,sha256:db74052f8cc72396d9c73a61d7ad4d3d25d39a929f015e8794fec70ad4690dc9,unreviewed-side,,66472,66472,59580,50.89492572092749,77.02889806990382,308.8371233809423,352.36497302663406,-1.0,False,unsupported,supports-joint-runner,supports-joint-runner,False,False
scan-hop-764a9ed7cdaf509a,sha256:df49073f0e25339489cd511bc521cc764b0f677777455121bf38fa012290ff7c,sha256:db3890655d9afec2962306e66e8de4b66d28e38975eb9584e45ddd8fbc7bf88a,same-leader,66284,66284,66284,52462,72.07483425850249,101.1308850495039,316.95136229927823,339.43629160860826,-1.0,False,unsupported,supports-joint-leader,supports-joint-leader,False,False
scan-hop-764a9ed7cdaf509a,sha256:f7d6190374725758bc3e2ca80a313e390dcb21633265b66e51a2551703278db7,sha256:464b260063fd49a4e34f23016410621a20da9ab296890718ee1bee019cb48dcc,same-leader,61258,61258,61258,68016,140.00110277349975,162.30052740233685,2504.2977211058187,2439.3793815532053,0.0,False,supports-joint-leader,supports-joint-leader,supports-joint-leader,False,False
scan-hop-76e969f7da82de8f,sha256:0fc6ceb52577baf1e769affefd8bdf868bf67bb6ea5367012f4b89f54af6d3f2,sha256:04fa01de0f37c29887e7ceba6cf115581bf903412be2cb489e063f3df604ba20,same-leader,63329,63329,63329,59934,128.33494161017813,126.68149982211641,1728.8250415774678,1793.666682443323,0.0,False,unsupported,supports-joint-leader,supports-joint-leader,False,False
scan-hop-76e969f7da82de8f,sha256:2edd2b68fc6996a2b56cfda23b97c7f0656c5bb7af2bf407f8181f5fee9f2f6f,sha256:f9b1b8a971b36d54fc0f4ae375d6206b26183437d0246e61220e0c3314fd2c8f,same-leader,57919,57919,57919,48602,126.0181183293605,112.91755267161987,2683.21169376474,2450.8233876679787,0.0,False,unsupported,supports-joint-leader,supports-joint-leader,False,False
scan-hop-76e969f7da82de8f,sha256:76ad056158360dbf8e4b143e6534c871e6c6842069375e38f1471d61d0f45404,sha256:fd0da4f68fb694a763da13abaf44b78febf1bd276500ca193912d988986210eb,unreviewed-side,,63594,63594,48650,142.19814350039243,113.8667105939949,1927.1584112843589,1403.4536318744802,-1.0,False,unsupported,supports-joint-leader,supports-joint-leader,False,False
scan-hop-76e969f7da82de8f,sha256:8a9fec4886f0265854fbc53da31f3aedf70cd4f2d6cb2881b0adb8761fef4c29,sha256:9004acec8ee87c99aa13a0c078759e5e5465422a9afef07ae0e1c47ae6ef5f6e,same-leader,63704,63704,63704,52350,111.12836942407068,98.72213566687547,584.1927645300341,594.755098234347,-1.0,False,supports-joint-runner,supports-joint-runner,supports-joint-runner,False,False
scan-hop-76e969f7da82de8f,sha256:d927f09ca68ed37af4ac03b21dcfd57e4ac6a10d0f0d9eccdbaff2f3a4e7a720,sha256:da3d59f22534b9ec8cbb4adb9d6ea804352488447ede83ac0d2861dd3e5946ea,same-leader,57919,57919,57919,67037,125.14126945362801,101.3728816831781,1903.6998231981618,2212.8775165416655,-1.0,False,uncertain,uncertain,unsupported-or-uncertain,False,False
scan-hop-76e969f7da82de8f,sha256:dc71df49440204a833534cfa0143d2705ccb67642c160ad6406c89b401a9092b,sha256:ad03672a4f358afc7d5bf045772673d77b57a2ab26d22c6a863e777bc1d988fa,unreviewed-side,,67333,67333,52358,75.48729919774031,84.8322516208586,1366.1321568658618,1454.0860361302764,1.0,False,unsupported,uncertain,unsupported-or-uncertain,False,False
scan-hop-76e969f7da82de8f,sha256:e2ed5ba86ba2ec0b4dc59bb2792473413ab06d3b0eeb447103194fa1349cf255,sha256:da3d59f22534b9ec8cbb4adb9d6ea804352488447ede83ac0d2861dd3e5946ea,different-leader,67037,57919,57919,67037,96.33500736740558,113.91923619919659,1633.9517623167192,1844.730056962958,-1.0,False,uncertain,uncertain,unsupported-or-uncertain,False,False
scan-hop-7fbf7bca214d0958,sha256:1537ce5b3c3ae3046b28a2a490c4f9444be6ce1dbcd8a8727eb26e79fdcb4cf3,sha256:00044c6f85b69151820861d6046bccc79464494a40f2961cf0ef092ba32c767b,same-leader,57458,57458,57458,67827,90.03801968120393,75.32991175257048,2105.103768175427,1945.2227608656046,0.0,False,supports-joint-leader,supports-joint-leader,supports-joint-leader,False,False
scan-hop-7fbf7bca214d0958,sha256:1978de13862e4fec3a19a6f1a7c8aec53d4cf15cec4b16435da0990c262d9724,sha256:ae84fd831d74c6124b22f0df9c87c69a9a12c89a0b7e0c636d7409dcce8a7ef1,same-leader,59499,59499,59499,65930,71.85844575680599,70.32216589148406,372.17293277684115,394.0445667657128,-1.0,False,supports-joint-runner,supports-joint-runner,supports-joint-runner,False,False
scan-hop-7fbf7bca214d0958,sha256:535ccc164c52d4590e7b93059bf80288647efb2439adc69e838f6f0a796f7023,sha256:54e489c391bd7ef8ece2e058c0f0c466963de3bf890cf2ee922db6c78b190cc0,same-leader,67827,67827,67827,57458,37.777858970364186,58.18216903608019,96.58480860066592,164.20928769128645,-2.0,False,supports-joint-leader,supports-joint-leader,supports-joint-leader,False,False
scan-hop-7fbf7bca214d0958,sha256:681ac81881b0641f3cab9e3f2a8ef2dbcc85ec031b49976567c1725348a0c4ba,sha256:8bfe39cf60cd9955bbf0c706c65cd0dc643d3c3b32afad294f792c655ae115a8,different-leader,66854,56701,56701,66854,708.0790961957487,777.4278321349724,795.1613646145141,880.2814130655206,2.0,False,uncertain,uncertain,unsupported-or-uncertain,False,False
scan-hop-7fbf7bca214d0958,sha256:7b8fbbe7d0430fe4a72ef25c6a12f4cf67582fdfdf5366d6a47e40aa165e454b,sha256:7e546ad712ae12517e8262a3e9f2a1338fd789c8aedd76b56dbf42314ba9fc7e,same-leader,65367,65367,65367,45677,100.53334333592845,113.67390841085243,159.4004981412778,170.3132507479259,-3.0,False,supports-joint-leader,supports-joint-leader,supports-joint-leader,False,False
scan-hop-7fbf7bca214d0958,sha256:927bc1471197f1814d0079adae55ea8f4206693b5ea84894f55f53cf77e815f4,sha256:c48d340f80818dcc8e62f2531945c493c893797140fd8ff8faf4b2bb56f92a1d,different-leader,65367,45677,65367,45677,159.81721037021902,190.62814938020892,183.48114339522397,193.51847918603238,-3.0,False,supports-joint-leader,supports-joint-leader,supports-joint-leader,False,False
scan-hop-7fbf7bca214d0958,sha256:a5742ed02f30dcf18e85dfa6845e7fd0aefce00a4d15b8b19849051ff54f4df3,sha256:a7f76831b53a72c7af53d7ed5948ed09f4475e1921ed3056000e4b123c2f2abf,same-leader,66575,66575,66575,59940,115.43717881827146,144.9598753791959,890.6573398330587,1138.1957661154574,-4.0,False,unsupported,uncertain,unsupported-or-uncertain,False,False
scan-hop-7fbf7bca214d0958,sha256:b53dbb06ec135fdabc2e4e4aef561b11eeb8f9f3c6f3cbe65fbc2084085b105d,sha256:8bfe39cf60cd9955bbf0c706c65cd0dc643d3c3b32afad294f792c655ae115a8,different-leader,60724,56701,56701,66854,778.2057674208654,674.9603139182968,887.6017035510524,818.715573962865,3.0,False,unsupported,uncertain,unsupported-or-uncertain,False,False
scan-hop-7fbf7bca214d0958,sha256:bf530619eb50324711c3939d1f31026db46f7f2e465865d25254e79a3b47db38,sha256:1dc0d03544a17b9fb65987c7d59b19e133b7848495d155cfd029ff75e3dee31d,unreviewed-side,,65367,65367,45677,48.338832268756576,90.39572873029758,67.91385914372488,89.52598091451553,-2.0,False,unsupported,supports-joint-leader,supports-joint-leader,False,False
scan-hop-7fda2d155e6e1a1a,sha256:07ce15be7de3b1528d80f8ce5a88987f768c857b721c31782f67d18d019af5b7,sha256:97e96aae83520aeddbe04bade6f725369a5bce1fcf7b09c8fe9173ec02fee6de,same-leader,66572,66572,66572,56708,85.10617179660645,121.15675388096491,497.01768450925397,498.4495408145238,-1.0,False,supports-joint-runner,supports-joint-runner,supports-joint-runner,False,False
scan-hop-7fda2d155e6e1a1a,sha256:1550faf557d9edfd18b88558b4df32f39a8f392ce61d411a74dccbd449112530,sha256:af2e8bc1302abf36c339de81d74d423d76882975e60afcbff39a668d714877b6,same-leader,58543,58543,58543,66851,72.52179614631004,88.9968062835689,2079.388861635896,2203.016310494812,1.0,False,supports-joint-leader,supports-joint-leader,supports-joint-leader,False,False
scan-hop-7fda2d155e6e1a1a,sha256:2d40df8db0bf1daed336eea6dbe5afd522b5b211a4e84f02c8f22411cb0ba2c6,sha256:7f88a71d38062b070ed425c35c3f70a8e26a94bf3d3583b4d360a165bfedb7b0,same-leader,66449,66449,66449,59493,158.39884655021822,160.78224561319684,379.5511118543156,383.5769254609929,-1.0,False,supports-joint-leader,supports-joint-leader,supports-joint-leader,False,False
scan-hop-7fda2d155e6e1a1a,sha256:8c6f024684647614c21bb546d4cee317abe58c4e758894d8f6e48899174c173e,sha256:cfaee48cd35d6100073cf6ec25cb06c10e5f0bd665a658188108b5c43b5bb1b5,unreviewed-side,,66851,66851,58543,97.8948138796588,109.23027484576237,665.5959527128165,546.4763658635825,-2.0,False,unsupported,supports-joint-leader,supports-joint-leader,False,False
scan-hop-7fda2d155e6e1a1a,sha256:b62274b2fb0e41e623cb82566cf50cc9c95121b6b4688c94be2f9c86649e11f1,sha256:f2956c27207a23bc06b7a46dcbbaa18624da1b41117cfdd6a1f27b5199e03b24,same-leader,56708,56708,56708,66572,695.2123177100841,316.59937437821964,852.9549941279321,481.00351927723506,2.0,False,unsupported,supports-joint-leader,supports-joint-leader,False,False
scan-hop-7fda2d155e6e1a1a,sha256:b663c1d5026f674159286644068b7e9c27b0a65415051a55ead94b9f8d639abb,sha256:331d5ca10c2787dca0d8bdd63a50643a30a56c493d86b5d5eea79e6cba2307af,same-leader,62605,62605,62605,47371,118.30511227070318,148.27108973753647,1167.7194769536825,1131.8455005170324,0.0,False,supports-joint-leader,supports-joint-leader,supports-joint-leader,False,False
scan-hop-7fda2d155e6e1a1a,sha256:df066c1d37867d177f28a901996719efe23f1ead0ec974a1a365475259048c71,sha256:2aa83d3105104a5ff711c5b91576c5aea1ea48b4b6573d98f17ad8fbcff53c4a,unreviewed-side,,66507,66507,62519,95.79841524435135,68.0768353704902,134.87147055690022,161.14725625638394,-2.0,False,unsupported,supports-joint-leader,supports-joint-leader,False,False
scan-hop-7fda2d155e6e1a1a,sha256:f59ffabf6f821666e9977603395b9faef2f9abf5bf14d13758350dabe7333438,sha256:540b7a7549afcc18aa6704d5c1dd26a45eb01c7241e833b60e50a25bab60a4fd,unreviewed-side,,66873,66873,45581,100.16459141434191,73.97639970590399,1045.7267804182136,1231.5804343456002,-1.0,False,unsupported,supports-joint-runner,supports-joint-runner,False,False
scan-hop-7fda2d155e6e1a1a,sha256:fc2d0559912de611048f04890ec317fa8b2c94e2a2207eb57283a1c55a526794,sha256:46ec124b462fc4f0fedd15401c3df71c4ecce4d2a4a1f01bace27b0288550ff4,same-leader,62605,62605,62605,66153,111.47153070327856,73.46771437571597,798.3125219388143,984.1997472299843,0.0,False,supports-joint-leader,supports-joint-leader,supports-joint-leader,False,False
scan-hop-8a431c8465d7c62e,sha256:0629d9b662019e914b78b310c06396a3a05605a08019eef67fdc927e0635c34d,sha256:33975755689c3707a89eb87d9c2c1b02aa3a1fe8c2a0fd8ca7a08a372035f8bb,same-leader,66388,66388,66388,58162,111.38877465853294,166.17620603515053,868.4132354446862,893.514461070822,-1.0,False,supports-joint-leader,supports-joint-leader,supports-joint-leader,False,False
scan-hop-8a431c8465d7c62e,sha256:14f320ab5972ad641ed8ee015361ebc4f1f07f8a03ab9ac4c165195908db7a24,sha256:86b45f489525053c7344b7090a36e5c2039bba239c530daaf0713698e177190d,same-leader,66388,66388,66388,58162,123.39289660696096,151.2960616092566,926.7383712462158,964.0339208324012,0.0,False,supports-joint-leader,supports-joint-leader,supports-joint-leader,False,False
scan-hop-8a431c8465d7c62e,sha256:25e9f46e0c2d5cdc199280e8c86b5c2ee2213eb3872fb2e428e2ebcba0619da1,sha256:45914d6e0a4dbcb3f2ecf311d311c365865978531dfd12ac98e98da6a9fbda8a,same-leader,64365,64365,64365,59929,117.21718281987624,121.54492842168276,3847.66690444264,4192.835098180052,-1.0,False,supports-joint-leader,supports-joint-leader,supports-joint-leader,False,False
scan-hop-8a431c8465d7c62e,sha256:2b2cb9238f61b7b2f5615a3b869cc603eda4f32b2ef50773826baa756631c186,sha256:950f19220030683c88609017dea102024861c512265fc82282388b30baf25903,different-leader,59621,63592,63592,59621,317.5530042374883,255.41076510297492,333.6426368648325,280.07253135373657,-2.0,False,supports-joint-leader,supports-joint-leader,supports-joint-leader,False,False
scan-hop-8a431c8465d7c62e,sha256:4d5b0c525868aa4868d95af9d311a5770c371ac965f1728ba91658bd0539ce01,sha256:5f36a29261e678c3d25ad2f2b860601379e9f61d7a5a82cb62cdce905656bb2f,same-leader,63678,63678,63678,53001,134.31605540297738,157.12958719453775,637.3135932921678,842.3386456288697,0.0,False,supports-joint-runner,supports-joint-runner,supports-joint-runner,False,False
scan-hop-8a431c8465d7c62e,sha256:52834df65313196ebfe6c016978c16f0022305861de43d0270b9205b415fdf20,sha256:7b1c2519f233df9ca6ca2c81d06e861bda7c97f4b90f49b92637a9905ccdcdd2,same-leader,64365,64365,64365,59929,112.41163149661757,125.3305844888454,4463.198821194865,4574.4317890934235,-1.0,False,supports-joint-leader,supports-joint-leader,supports-joint-leader,False,False
scan-hop-8a431c8465d7c62e,sha256:6b849150331974b87f26d55e049adb2f558daffce2362b69cef5c8efad9f454c,sha256:38fbc1206bf5e87b9f96a76e00c0cd52c60f87dccc42b857f2d5cc1e53ae40a5,same-leader,63678,63678,63678,53001,134.9272841824439,144.38863518185795,293.9079134829644,252.3887015904395,-1.0,False,uncertain,uncertain,unsupported-or-uncertain,False,False
scan-hop-8a431c8465d7c62e,sha256:89568077ca08e89e4892dfa5b711d77e7ffce5b70bb0db3ff952cb45514e34b6,sha256:68b25109631ca15c5b98633ef0c5251dfe3abae16841eaedb1edaa6979910518,same-leader,67323,67323,67323,64365,132.64080924318998,129.80514044463547,1340.2406246837875,1871.8406766535775,-2.0,False,supports-joint-leader,supports-joint-leader,supports-joint-leader,False,False
scan-hop-8b1c5110e2fad852,sha256:0974e014774535defd431a75fa020d3f2f444e6bb2a53e4b0e1ac1a92b9f88a1,sha256:645515b88cd033d855f2bae8c5a7745033b448bfeeea759ec880b55b0401516c,same-leader,69827,69827,69827,57133,174.7471760897113,216.8994035220975,1536.083084009999,1424.2733500334125,-2.0,False,uncertain,uncertain,unsupported-or-uncertain,False,False
scan-hop-8b1c5110e2fad852,sha256:0fcdad44b4374b9555534b723c8c0eda8e4fb0285c6983153979abbc3e3b12ff,sha256:571636900a0784a8a2778a08a201d8ad98dc54bb40d9b279bb9099ef6788f2a9,unreviewed-side,63387,,63387,59933,55.901876882855774,45.66985409386779,351.0892279560797,503.4995097313197,0.0,False,supports-joint-leader,unsupported,supports-joint-leader,False,False
scan-hop-8b1c5110e2fad852,sha256:1c7637fcd8eb3bc2184d34a9b548708eb1d68b768dd265ea4f0be46b1179df6a,sha256:4b46d350579c0e201a69bed1643cd346bf81c61c58dc5ab23b1d6ccae51f225d,same-leader,59358,59358,59358,54157,112.82705900205062,145.00592006606232,485.9793130063228,438.44056615935085,-1.0,False,supports-joint-leader,supports-joint-leader,supports-joint-leader,False,False
scan-hop-8b1c5110e2fad852,sha256:29634f827d7d93f3af95c58f3fc1a981d4e856d668967c5189d1068a81e28979,sha256:b3313459a80b3b661c8395736b70dce366650b573433b345118ff226fad2fc83,unreviewed-side,,62053,62053,54165,215.98293306487832,247.9786010018179,421.3964972469537,524.3156574463517,-5.0,False,unsupported,supports-joint-leader,supports-joint-leader,False,False
scan-hop-8b1c5110e2fad852,sha256:4a189302a815b9018af8ce19e41c38d24f435acc4990fea0b3b35f60e119a7f0,sha256:358bf59cada0678726fc8e53470791a335dfd43956b9feb1ba071a118e8392ca,same-leader,62053,62053,62053,54165,158.39469020202492,223.77035870135566,1160.2235831900339,1356.0285988303526,-2.0,False,unsupported,supports-joint-leader,supports-joint-leader,False,False
scan-hop-8b1c5110e2fad852,sha256:512dfc59a67949e5063da4b4e1aab0d85c63efd486bddee534bd80e2c7246a4f,sha256:57bce912253a27bf02d4ddea431e419f1c2a59c68a3be0859c97f9d64a8fd4b8,unreviewed-side,,59368,59368,54158,75.41865364896037,77.56117051896625,273.1084304723201,288.23290758464356,0.0,False,unsupported,supports-joint-leader,supports-joint-leader,False,False
scan-hop-8b1c5110e2fad852,sha256:520ec93cf9c852447107a31c019290f06ed38ee356c33fffbe8551c7c31d8e4b,sha256:afaa8524628ede529c4a2a800b542033e40b4dd27d178ff584b157e9264e3f81,same-leader,62053,62053,62053,54165,146.94659648069592,127.89780345972719,902.8089801624151,934.9914963766356,-1.0,False,supports-joint-leader,supports-joint-leader,supports-joint-leader,False,False
scan-hop-8b1c5110e2fad852,sha256:7e3b4096b664bb1bd5121a75fe2dceb4cd679a3b15db273fc2fdd224c25f977e,sha256:358bf59cada0678726fc8e53470791a335dfd43956b9feb1ba071a118e8392ca,same-leader,62053,62053,62053,54165,141.652150557676,144.55312530216764,968.0685619923967,1148.391248624641,-1.0,False,uncertain,supports-joint-leader,supports-joint-leader,False,False
scan-hop-8efde145a7b2158a,sha256:0c0c8807feca62eeb58d5b5e201b549a1284d6ddc97eb1ed627c95d755a252fb,sha256:ec09db52fe5a409a02259c040d46dc193a2a1cf036d90fa325accc3c10f34ad6,same-leader,59529,59529,59529,61707,134.15748539564274,108.61268390037604,3261.9969291721286,3214.5217285272215,0.0,False,supports-joint-leader,supports-joint-leader,supports-joint-leader,False,False
scan-hop-8efde145a7b2158a,sha256:1c82a08fb57c0a2cc57183ef33fc2a6d3d364f6063e6f239d0847a4938fe1545,sha256:2c6bb107439a4b60ff2edf02da7113d83e8d0258af347704839815516a751c53,same-leader,57900,57900,57900,66019,89.4247136598902,73.49373840166437,277.76607753278205,259.4318901027768,-1.0,False,supports-joint-leader,supports-joint-leader,supports-joint-leader,False,False
scan-hop-8efde145a7b2158a,sha256:3691d9658aae7dfbad2906f0ba9590131d4734ae91911dfba57c6a5f07facac9,sha256:f53f427e275a99058fecb5ffb9d9e3fde6ebdc40282a69442fe0806dfa909fc3,same-leader,57900,57900,57900,66019,114.6887917953231,116.17406536789666,497.0092624468678,485.2492076490797,0.0,False,supports-joint-leader,supports-joint-leader,supports-joint-leader,False,False
scan-hop-8efde145a7b2158a,sha256:533a747615d622c8b7e7fe5c7f8f46098778759b72e06ac8554e9831671d1180,sha256:e2a1d47bddfdf587c31b168d0cf8301ed8d6e69f9609896995c5abbbd2878a62,same-leader,59040,59040,59040,67190,96.27902592743814,162.9999363066486,146.11389384397475,189.3910423469629,-1.0,False,supports-joint-runner,supports-joint-runner,supports-joint-runner,False,False
scan-hop-8efde145a7b2158a,sha256:7090305b2d108501d4d55d8dc7127ba6b908676e7ca375a9cd6d596596068cce,sha256:010a7a51484d3ae36377d6849c8e3d74f4b05dc6b1af11825d8cbf6dec174b93,unreviewed-side,,65347,65347,57264,101.58716816247455,109.71332104387878,709.9503238965689,704.5561957353574,1.0,False,unsupported,supports-joint-runner,supports-joint-runner,False,False
scan-hop-8efde145a7b2158a,sha256:7a2290ecabddb03c8ca30fc2b023e9a01a66676f09f14ef11fe77df944328676,sha256:3555af2071f903fca0e036da5b5cce48e6e8a2e67e73bac5233ecdc71a2b5d8a,same-leader,59040,59040,59040,67190,1135.1414513308437,946.1078962929045,1382.098940314382,1533.5577666712993,1.0,False,supports-joint-leader,supports-joint-leader,supports-joint-leader,False,False
scan-hop-8efde145a7b2158a,sha256:95d4b3f390f463a0730b4fec0e6bb0f318f170e8e753e8e22aba6d15a914bb6d,sha256:7a306b4c8b4f56abeea72ede8e952f8090085c6711ef83996596e5f9492f435b,same-leader,66973,66973,66973,48333,74.27674030202779,103.91001540338834,111.38522985620608,120.28578868823138,-3.0,False,supports-joint-leader,supports-joint-leader,supports-joint-leader,False,False
scan-hop-8efde145a7b2158a,sha256:b83887ca6ac6a66b423b0e9dd1ea50ea2b129c235d9a91325a2da5ac920b85eb,sha256:1b4896393882553b01d125a457befd0f48f7fb167924e9b4031cc80f15f953c8,unreviewed-side,,65347,65347,52125,81.45908787653336,62.66150225038309,847.7328129618435,846.9473026261425,0.0,False,unsupported,supports-joint-leader,supports-joint-leader,False,False
scan-hop-8efde145a7b2158a,sha256:ccd94cfe14d510ca1dcc0afbf81bc36dc2ec1aece63d1820bcc9fb71bcd2b049,sha256:56824da7cd7f20583bb2a28f971d25610141fbc341ce49d05b04af1eb9de2eae,unreviewed-side,,59529,59529,48333,91.01286576523071,76.50062249617613,860.7677979686212,1207.6653621596013,1.0,False,unsupported,supports-joint-leader,supports-joint-leader,False,False
scan-hop-916f5bd377f3eb36,sha256:54d74e1d0f25e22cd428cbe655be86b38372851d924ee3589e8d835ad190b2c0,sha256:79fa016ebe340a67c3626ab8189311447814445f73bd0f28378c06cd9d9677d9,same-leader,63791,63791,63791,67804,105.25264725405964,103.17672157937317,1868.8105087129134,1949.6919398211764,-1.0,False,unsupported,supports-joint-leader,supports-joint-leader,False,False
scan-hop-916f5bd377f3eb36,sha256:918fe8b0dc7f1e011334aab45c927cc69923fa26867dbb0e0971ebe25f2934ec,sha256:35f31f8cdc2454e0084a2b900eac170a28768cc941aefd67f1818b204fda05bd,same-leader,58225,58225,58225,59505,122.20452134581424,153.2442719285811,1539.4503883443647,1627.4725227197578,0.0,False,supports-joint-runner,supports-joint-runner,supports-joint-runner,False,False
scan-hop-916f5bd377f3eb36,sha256:dbcc32e0bfbf0b9866a393c1371b77fd2b7c2dab85258ab9176799897cea9c41,sha256:052039926b1b4827d2e5a4c59e93da3e16df4ca6a176c2ec916d676b943e6c0a,same-leader,66593,66593,66593,47825,111.26391430968903,142.86322741184696,880.0015579425776,918.363950844843,-2.0,False,supports-joint-runner,supports-joint-runner,supports-joint-runner,False,False
scan-hop-916f5bd377f3eb36,sha256:e7ef055918a94666e9777bbb37f47019a2aaa93b3e4c785329817590c5caa70d,sha256:b6904c7b84d9e2b783636dc72f4f1ebb2c9dbaccf2d1193f11cf2f8ced17655f,same-leader,63791,63791,63791,67804,116.18854224205508,139.7911867265172,2615.169488997152,3707.908292392737,-1.0,False,unsupported,supports-joint-leader,supports-joint-leader,False,False
scan-hop-940cb86aa8a6ba2f,sha256:0d26dbe7267f4607057cb956a33920b7e089aacef07810b32f78906b80350fe7,sha256:13e557cb5131b6d6374eb56bf1d5625846a3d97ba464466237b7d21118bb19a9,same-leader,59572,59572,59572,55988,138.4468925465397,129.10560843915792,1445.706668828726,2158.653521923695,0.0,True,uncertain,unsupported,unsupported-or-uncertain,False,False
scan-hop-940cb86aa8a6ba2f,sha256:3ce5de51a88c8a869abc89ee5bc4c044a66b56eea778466ca4edd49065130c25,sha256:57b5d6ea1ec8edebf259f062236db8d9644eb6c3b0542e0806dfb72a88c29074,same-leader,63032,63032,63032,63447,120.61848824676946,127.53315274597556,4619.415335615595,4795.7761484229695,-4.0,True,unsupported,supports-joint-runner,supports-joint-runner,False,False
scan-hop-940cb86aa8a6ba2f,sha256:3f0bc76b4b0bdb7f70b19295810d27f6fd78b3533463b20f24947433809fa7a9,sha256:76bcbf370bce7e231d63f7d16259a50ccf43b5eea7705d5eb6388e5b1ad390f6,same-leader,69740,69740,69740,53620,160.3156345998138,129.3665626030342,2229.675914271259,2312.8274937145934,-3.0,True,supports-joint-leader,supports-joint-leader,supports-joint-leader,False,False
scan-hop-940cb86aa8a6ba2f,sha256:4bc460961e5c4a3593ecb1c2acd0ac0c1d24b5bda5a52368a3ebc4b0fa566c61,sha256:c6798d3d842216f14c00af46afb8da71835a273661f4fc62cc93593db041bf8b,same-leader,67978,67978,67978,68615,170.38170485764894,131.03480493099724,237.91409014713392,220.21965506879,-3.0,True,supports-joint-leader,unsupported,supports-joint-leader,False,False
scan-hop-940cb86aa8a6ba2f,sha256:73ae8b0e197da0d83c35a4411e4fedb3872a4051ae7e139b36287fa0f8718ee9,sha256:80218377d90b24f84735bf8f1f8dec474e0082ba2f7c413d9d15b8e4165ab61b,unreviewed-side,,69997,69997,52546,133.07912548327832,266.47883146684075,154.43681043064967,583.2518111587722,-5.0,True,unsupported,supports-joint-leader,supports-joint-leader,False,False
scan-hop-940cb86aa8a6ba2f,sha256:73ae8b0e197da0d83c35a4411e4fedb3872a4051ae7e139b36287fa0f8718ee9,sha256:a9d1eef7cdb318cb814742cb1242f065413abdb165deee4de84a954b4c6c3306,unreviewed-side,,67978,67978,69997,78.11637559976631,73.94949086752071,1349.8584379070912,1382.169080426382,-3.0,True,unsupported,uncertain,unsupported-or-uncertain,False,False
scan-hop-940cb86aa8a6ba2f,sha256:73ce5fd2c9ff566a7f117fbdf6e28e5a8dd68601e94c77a89d9ec4b5fdec4c9a,sha256:9a3f896b62a255ec5a435d35fafe1d26fa16bdb5e5b7b739b7c5f3e2002c8cbe,same-leader,67978,67978,67978,69997,74.37030314820316,123.49834433431793,1201.569015247001,1214.2799219076683,-3.0,True,supports-joint-runner,supports-joint-runner,supports-joint-runner,False,False
scan-hop-940cb86aa8a6ba2f,sha256:e054529c4b4a4aa43ca16497ba52a11aff444f34243fe263460bdf5f55b893f4,sha256:13e557cb5131b6d6374eb56bf1d5625846a3d97ba464466237b7d21118bb19a9,same-leader,59572,59572,59572,69149,104.43582034655083,124.82679407974932,407.61592659152103,418.9545677208097,0.0,True,uncertain,uncertain,unsupported-or-uncertain,False,False
scan-hop-940cb86aa8a6ba2f,sha256:e3c299cca7b57b7e442362a5d4e000b373b5c1ed1a993bfb1c2cbbe770963516,sha256:1352c642654beaae823ba512050848f8d37eac164a4b895ed77bb2f185398ff0,same-leader,65480,65480,65480,67978,125.96468488909349,101.75635746970754,1799.7090724835784,1986.8706457673015,-4.0,True,unsupported,supports-joint-leader,supports-joint-leader,False,False
scan-hop-940cb86aa8a6ba2f,sha256:f188a27179e83f783e4583fef28875590f2fdf201d522c50a07edc2bc8468b15,sha256:d7830a3c947d8dfc15743b16cb065ddb77f1c010b49cbfff48ed33f01c87d61d,unreviewed-side,,67978,67978,69997,74.07920981382642,152.20281489432966,1507.3388458847533,1915.5884214657767,-3.0,True,unsupported,supports-joint-runner,supports-joint-runner,False,False
scan-hop-943046d6fb85ec92,sha256:16cfa672eed52ab9d524e37517d875e22153dec253b3b18d8cfee81666d18325,sha256:d7d74225d5aa2d91018da33107699b3cf09759bc899f5f88527ebf238e8a7b40,same-leader,59090,59090,59090,60269,112.67537315440642,98.98927739135353,2004.5174825843735,2062.03475336065,-1.0,False,unsupported,supports-joint-leader,supports-joint-leader,False,False
scan-hop-943046d6fb85ec92,sha256:2e596423143a2a4841dc4d94a3ca453433aa6201df4ed5a3b6d22035cdab5ec8,sha256:16fef6321fc4fae7a838747c983e8695bc485eb505e851ef1a031636e4c1d8a1,different-leader,46698,66831,46698,66831,63.49086381432394,54.4619902306782,66.58247934020214,61.69228911002384,-2.0,False,supports-joint-runner,supports-joint-runner,supports-joint-runner,False,False
scan-hop-943046d6fb85ec92,sha256:3150d337cb99e04f2612c0b416a7bfb054020b5a603ef52aa26d7d0be8db2db3,sha256:1e646e134ff63a7933eee2e7698530950d8aa8c3a30131058bb4463a38e65cd9,same-leader,59932,59932,59932,67714,106.11029013863615,84.12374889897598,1681.8079037614125,1724.2779605833516,5.0,False,unsupported,supports-joint-leader,supports-joint-leader,False,False
scan-hop-943046d6fb85ec92,sha256:32a91be088430df4a55a1ef8e857a8f329233ed10cb4fc14f30eba22b3f8a9bc,sha256:dd982f689f0395e8889fa0d4aaeb3c74806eaa5d70d90ef49f1b913708ebf942,same-leader,59879,59879,59879,63365,122.36106291163372,117.28532457354783,345.83047527425816,493.7475582398687,1.0,False,supports-joint-leader,supports-joint-leader,supports-joint-leader,False,False
scan-hop-943046d6fb85ec92,sha256:33a4d9ff4ee284ccc957cd438d60660089c4f0dec3bf16a158b4534f4c30a0dc,sha256:82b95b0cd7f5b9304a36d209ed52ae914a58995d0c5a5735bd728a239afc9f43,same-leader,69825,69825,69825,59932,90.39731793405602,118.22324043963211,2190.470446879899,2597.5640911372816,-2.0,False,supports-joint-runner,supports-joint-runner,supports-joint-runner,False,False
scan-hop-943046d6fb85ec92,sha256:37e24fcf1ac6b4c27e01628a6874e7e0e051296608cc9a00175adcea98ba1fd6,sha256:646afe6fe84aa285a64ee4d28db21152c7b368577ff8ea2a29585321ab8f54ab,same-leader,59349,59349,59349,69523,101.3844716955211,106.181321614924,938.9649006093717,833.4926009659547,0.0,False,supports-joint-leader,supports-joint-leader,supports-joint-leader,False,False
scan-hop-943046d6fb85ec92,sha256:3f0c44b7fd7267d0c1893c3d8d1311de802f72467b0e373c02064ff60766c647,sha256:e049fb07cc93921def44b9def58124b602c275cded3bf5af9b6c77749c807ff0,same-leader,63365,63365,63365,45759,108.63611443320261,152.76399168372384,354.12892328552897,427.81591261247934,-2.0,False,supports-joint-leader,supports-joint-leader,supports-joint-leader,False,False
scan-hop-943046d6fb85ec92,sha256:4067ab43097c29ed83654294b70ff280b677b4f0289850334e231504799d7de9,sha256:08ad1b4d37949533c689d64d211e30fb8c69b31d86ab241b5e508e0b36f9b8a7,same-leader,63368,63368,63368,63381,111.4567295399361,78.78166788151832,405.47593540287875,441.05240534347234,-3.0,False,supports-joint-runner,supports-joint-runner,supports-joint-runner,False,False
scan-hop-943046d6fb85ec92,sha256:619a43b1b1387257f02ef972c5b0d7c5bf29ecae8f54fe0fed05131c9c0d9f3c,sha256:1463299010be12c48b9583ca06d21f5c96d4ff998a89e1b1bece0037a7bf5824,same-leader,63368,63368,63368,63381,112.92816683671558,105.69295515055647,832.7618320974503,772.3989562895335,-3.0,False,supports-joint-runner,supports-joint-runner,supports-joint-runner,False,False
scan-hop-943046d6fb85ec92,sha256:9417171f2c8b57b1848165b05f287e152df551e2f50b45f79ff1994b01be19a2,sha256:cab6663004c3c4bb746b27457784393abd35efdcbd66258acc4c0084adc61ed6,same-leader,58551,58551,58551,45759,93.3078133377566,106.87545070845668,1481.0644380439692,1450.686485807572,-1.0,False,supports-joint-runner,supports-joint-runner,supports-joint-runner,False,False
scan-hop-943046d6fb85ec92,sha256:b8b48d67076308a144a51f4602a1ac168aeb26be57504161399fdcce6e93eb43,sha256:8f964bcf1878d929f5a15c2cf39e37ab2f471fa0f2da14e29a7a92ffbe34f34a,same-leader,59090,59090,59090,60269,136.5737534330129,121.57695092669722,3675.7470859186437,3236.138143735148,-1.0,False,unsupported,uncertain,unsupported-or-uncertain,False,False
scan-hop-943046d6fb85ec92,sha256:e0e702a7c7e26117d20fd63af5a5c3b9740154f6c40a284ba1b44718b47eaa5b,sha256:11ea776e3fc19c490a1e6a89c81d025a39871c95887205a65764a7d4e9d55222,same-leader,69954,69954,69954,57460,93.66507984264013,102.63117969249488,2444.258447393211,2674.6164872007757,-1.0,False,supports-joint-leader,unsupported,supports-joint-leader,False,False
scan-hop-959b57f1730cc7a5,sha256:0be2d318f14c35611e4132e262c5f5e6169444e2ad72d8a0690163bcbd3b465e,sha256:7c9ef7d01e79d35955eb824fd964d1cd6f0bd16236fecfb67731037988101084,same-leader,62970,62970,62970,53061,97.58586238252558,113.7138063964814,648.0251671086729,878.690157541036,-1.0,False,supports-joint-leader,supports-joint-leader,supports-joint-leader,False,False
scan-hop-959b57f1730cc7a5,sha256:1febdf0115cf26ce36b85e35b7d030f6673bc5b4f4bcb353709ef46ef7bb5f26,sha256:76f207a652f76103d27a22483acadf40e6e1dca2cc556b0ac0507f57c72f5aa4,same-leader,59495,59495,59495,65409,119.46892206463492,130.8104564657311,188.31990660880908,277.9821818273572,0.0,False,supports-joint-runner,supports-joint-runner,supports-joint-runner,False,False
scan-hop-959b57f1730cc7a5,sha256:2999892696bb7e2fd0777f7130bf21994150a8a66ef46c6eba5608a7374d08c9,sha256:031cc90b54a02f4f1a16c0133d1134940cccbbc2403ac71c4ac39fb131774a91,same-leader,68535,68535,68535,64676,145.78754883840824,188.63915898063263,1164.7743084782392,1255.6425855654525,0.0,False,uncertain,uncertain,unsupported-or-uncertain,False,False
scan-hop-959b57f1730cc7a5,sha256:499e36761a8ef2b5c8a0efea4a81d92d2dac9258702c9ac17672df4b40450393,sha256:dacbd1983aeaa78282c7b182f5ea8d187f92dcd72fc231588d84995a4f90fb71,same-leader,57964,57964,57964,62968,114.63314654774875,127.65153127193247,345.11853341848627,325.0142908328752,1.0,False,supports-joint-runner,supports-joint-runner,supports-joint-runner,False,False
scan-hop-959b57f1730cc7a5,sha256:4f87d8d801095ce3d6e2dccc6b6478ce6f2b1c053fe9e35d2c088a5bf88bc505,sha256:41ac91d9858c66fe8aea94fa71aef49f1bac4fa8daa57394eb3faf752710930c,same-leader,65409,65409,65409,57964,140.04276884217262,166.9193689295998,2803.299625122921,2407.049522321297,0.0,False,unsupported,uncertain,unsupported-or-uncertain,False,False
scan-hop-959b57f1730cc7a5,sha256:5634010c699b1347eabfd134e89b29ac2eeb11ce692ea274719ba7355112cb6a,sha256:5b0b5253012b5ed668ac26bdc66d30bbde8b34a5138201f4c6e63b1c32498b22,same-leader,64297,64297,64297,62268,122.33445521865846,105.06085077716766,3146.3616688976963,2794.512546546207,-1.0,False,supports-joint-leader,supports-joint-leader,supports-joint-leader,False,False
scan-hop-959b57f1730cc7a5,sha256:92d0291b6e6be98cd1de244046731006e97c1530b3e5bff2c61448a172efb971,sha256:ad192898242aee0e2e56cc0aee79d60d686f9161a1c254b60fe217c4a5ce4908,same-leader,62968,62968,62968,64676,101.62976840053132,108.91362051461026,138.83844373549695,135.8743660724301,0.0,False,supports-joint-runner,supports-joint-runner,supports-joint-runner,False,False
scan-hop-959b57f1730cc7a5,sha256:a120bbb0a173fbf22c346fcb7bad1725c1d05e8bdb2ca25d855ca4a73d6d5122,sha256:e9a164c14cc7742f208134ac54198e633b1d6096a2a6d64e0468c11641f48686,same-leader,64297,64297,64297,62268,139.1203504114488,116.33984753310392,2519.4505667446683,2420.1880467846136,-1.0,False,supports-joint-leader,supports-joint-leader,supports-joint-leader,False,False
scan-hop-959b57f1730cc7a5,sha256:a7074ae0462971b41dedbd745b79c475d0947612e6288a0729898d142a049326,sha256:a20f4ec28f4dc116decab4959fae286393ce48c28cd9a2ea2c3e3c03eccded22,same-leader,65409,65409,65409,57964,150.59178519423443,152.37774710757367,2815.648935574585,2963.221740344321,0.0,False,unsupported,uncertain,unsupported-or-uncertain,False,False
scan-hop-97c4f7fcad7e77d9,sha256:5ee4040423ce9b28d3b32891115c87cdac62e8f149e3a2d130107c466815df18,sha256:27ddfaae07e1766d477702531a91c2fb405e44207b70d5c3947d77c7a27e0d87,unreviewed-side,62961,,62961,52300,117.56247628764778,127.51074388568176,118.1858415128925,116.68665749618881,-3.0,False,supports-joint-leader,unsupported,supports-joint-leader,False,False
scan-hop-97c4f7fcad7e77d9,sha256:8b01eceea47dd94ca4f31aa664fb5d2ea52671e2223b848b77172a4e48f0631a,sha256:9cf77b87df85ceeeedb66de168cb8ee0f8004255a67b14af58558395af83a457,same-leader,65412,65412,65412,58712,129.1295911497306,117.3985538610877,2012.2970758584074,1840.1157179503862,-2.0,False,uncertain,unsupported,unsupported-or-uncertain,False,False
scan-hop-97c4f7fcad7e77d9,sha256:a9e7fbf71539b0d3df64f4d22d43fd37aecd665563529882457f242b458108db,sha256:b328f527cb9c9b62be485452a5127650a8bb449443b15221278b3508854b1256,same-leader,62964,62964,62964,53082,103.18597893944745,86.91814726147989,1210.3249500489844,1778.448695112753,-2.0,False,supports-joint-leader,supports-joint-leader,supports-joint-leader,False,False
scan-hop-97c4f7fcad7e77d9,sha256:c18a0ca824fe8d26b014157ae1c304411dd5b2781137d7ca73e1a322ccbfd8ee,sha256:0bd5680bf1131883a73a1080a79c47c84d0b4611aedb0dc535d470ea41e01719,same-leader,59938,59938,59938,62964,69.58770634464355,81.6598113965691,134.47993467539123,131.14873098691535,0.0,False,uncertain,uncertain,unsupported-or-uncertain,False,False
scan-hop-97c4f7fcad7e77d9,sha256:c766c384540789c3774184233169d94c74b0f162516b72a352c963c10d8d2f66,sha256:069e9b47d31f7c638602fe4e34c9b65d0682a72f6c96a85eaafb1de195beb835,same-leader,59657,59657,59657,53082,127.18796627714315,102.35636576908499,2823.5532916821135,2452.1096338187863,0.0,False,unsupported,supports-joint-runner,supports-joint-runner,False,False
scan-hop-97c4f7fcad7e77d9,sha256:cfdd425275cf745c14e21c2b3d9e8cdb2ea8bdc655d095518b1f33a19873ff24,sha256:cb50aaf5544da69c142c2de85e8e7078712d21175426a55be40a5fb54eff87f3,unreviewed-side,,63025,63025,52294,116.62089400985269,108.78063440667712,299.86488783926217,387.1949264118712,-3.0,False,unsupported,supports-joint-runner,supports-joint-runner,False,False
scan-hop-97c4f7fcad7e77d9,sha256:e3685c13f8d4cd699bab98c719f70c74104fdbcbf9054acb6a859b66d2572edf,sha256:76c2b618b563cec4e68482653164b287234343340df76a0f773be4e18f1ecc9a,unreviewed-side,,64768,64768,56016,76.03581428287026,92.63365315143122,378.76940932838573,331.1360031476115,-2.0,False,unsupported,supports-joint-leader,supports-joint-leader,False,False
scan-hop-97c4f7fcad7e77d9,sha256:e6b5c0d5d2d0cfe412303a863fe3e635231db8b30d1bebe8ee5ad778501ffb28,sha256:2a575e826fbde773ff8c91f8a8300fc7e9a3738e1cfea569f27f4279ed8daa56,same-leader,68006,68006,68006,64273,113.34229110558304,175.3491981035255,525.028509034075,927.0400248762227,-2.0,False,supports-joint-runner,unsupported,supports-joint-runner,False,False
scan-hop-97c4f7fcad7e77d9,sha256:fe63171335a9a3c2b2fe1089cae63691f8e648183810c00589a0d300d10222e6,sha256:3359537bf62011e8f3d9ce2353613f50b42ff84663e6e8aa89a8ef3a7a31c1b8,different-leader,63784,59506,63784,59506,128.4569006668342,140.9291010237823,128.9603861107356,155.91555231313728,-2.0,False,supports-joint-runner,supports-joint-runner,supports-joint-runner,False,False
scan-hop-9ab2620eb9b79351,sha256:678acaa7db3ec362993c634b59d7bef511e8ddc771b5da15b909e419e0c9f9da,sha256:57f22e5385f6954e4cdcec173259e3e061f26aeed1adbc99ad074c9fb5a3b4ff,same-leader,63515,63515,63515,63459,125.09898638903336,115.03152123030422,1661.3790193579605,1653.8043449718,-1.0,True,supports-joint-runner,supports-joint-runner,supports-joint-runner,False,False
scan-hop-9ab2620eb9b79351,sha256:76bda27da883173214bc41381b5216374a8d5a385f314d3aed9b7c2939b09c10,sha256:ac4db1b4ddcfa22cfb5974b00d8e1e36a9e446d82ed9c8b69b8936ac2e13c226,unreviewed-side,68895,,68895,45080,103.55867609684623,164.31767588486758,270.4466576195381,284.49923585435596,0.0,True,supports-joint-leader,unsupported,supports-joint-leader,False,False
scan-hop-9ab2620eb9b79351,sha256:7f4cf8bf3920a1288028a243df6a8e6668b9cd2bb0645ae877462a4600d2ff37,sha256:62ca7f10c5a599b96ef560e0b3adc0cccce00c34ddb00e629885f30ab86d699d,same-leader,58487,58487,58487,58365,95.0473931228661,114.22775532227597,625.8315676905695,707.81702712621,0.0,True,supports-joint-runner,supports-joint-runner,supports-joint-runner,False,False
scan-hop-a9af4e4b77a20bdc,sha256:0f5680878130a8f5584d16c405d6c97f2c1ca3b30c0ea6119e942502d6be2c45,sha256:aca56484b92da523330b12f22957dcf4c039e944f3781080138aa6574839413c,same-leader,58247,58247,58247,53499,73.5043687817529,84.66943319682001,3130.4306752406515,3343.734313129405,0.0,False,supports-joint-leader,unsupported,supports-joint-leader,False,False
scan-hop-a9af4e4b77a20bdc,sha256:1530ed3940b034668cecd532e185b82bef366aeb49016210d11518dbfd56474c,sha256:5fde88782a26f555e39c0d81aa365c73d0ef7dae6f237b2ec006cda7c5383f43,same-leader,58237,58237,58237,66584,366.0795477959595,397.1562137753778,1498.4855148822687,1546.2578148581622,-5.0,False,supports-joint-leader,unsupported,supports-joint-leader,False,False
scan-hop-a9af4e4b77a20bdc,sha256:1e5e9f7e73c11215a58f011cf582e70762343d46753d84e49c81781e89bc9ef5,sha256:90124711d40e3c3f4f834b75be0329eed06d1810e8885daf2446595b89cc3990,same-leader,58240,58240,58240,52700,122.65559263898406,169.20623924270933,198.71522605544263,231.27951926963866,1.0,False,uncertain,uncertain,unsupported-or-uncertain,False,False
scan-hop-a9af4e4b77a20bdc,sha256:26b674e3def719e7f6ee5e12a8eb0020d7ed9d6ed6f8459df8dc77063c6299d6,sha256:66d3e7e9fde71aa4da66c4ff43618f442db5e4844b605a6d8c12e510f5b6b6b7,unreviewed-side,,59490,59490,62912,483.948712557025,179.9454519022397,1701.1775900073224,1305.6530177858342,-1.0,False,unsupported,supports-joint-leader,supports-joint-leader,False,False
scan-hop-a9af4e4b77a20bdc,sha256:2dd6205e93177230fdb16782cc325fe8786f3ae8843656bbc8224255fd9ccd0e,sha256:d5a5c77e664123bd831808d42f43c9fd7d6d1c97bd27b468fc3d38522af80330,same-leader,68096,68096,68096,64741,117.7233609384039,122.47357692361746,789.5889500576504,800.3854871813573,-1.0,False,supports-joint-leader,supports-joint-leader,supports-joint-leader,False,False
scan-hop-a9af4e4b77a20bdc,sha256:70c87cce720433dac6d1733393f244506d2ef588ae9e5892b22c89c71f915d4c,sha256:19134af94c6ecef9280d20e1cd9a333258160f5f17ebe4e85cc75ed37d941614,same-leader,68096,68096,68096,64741,153.97747981862378,145.56019532660264,930.1484641812305,875.9805163522426,-1.0,False,supports-joint-leader,supports-joint-leader,supports-joint-leader,False,False
scan-hop-a9af4e4b77a20bdc,sha256:768465ef802f629a46d610655d49d9f02b7addc5b06c6b992f6b050a2fd8d774,sha256:ca22cde6553ea45cbbce808de93c442a0e9e08fd04de632397d239581c59aaca,unreviewed-side,,57977,57977,67886,87.82246713965117,107.97939914764287,309.98663613916875,306.3494045086889,0.0,False,unsupported,supports-joint-leader,supports-joint-leader,False,False
scan-hop-a9af4e4b77a20bdc,sha256:8ee7bda3a7d4207c31566a66eec095676374300f1545633be60a4f9aea6e4643,sha256:62cd1955e101096d6cbfbf06367b7f01c17fb33f9485c082343d8fc106db5b31,same-leader,67894,67894,67894,59490,111.26910113267559,98.35657373522358,5686.935466589171,5844.184802606649,-1.0,False,supports-joint-runner,supports-joint-runner,supports-joint-runner,False,False
scan-hop-a9af4e4b77a20bdc,sha256:a8da788e53b305af9ec1c000e6afc1306ced53209f86705b3bcf89d4afb29820,sha256:ce2dd6558c07cb040b0540aeb389a528c25d1b3916bd629d6a510cda9db33b36,same-leader,62521,62521,62521,53571,2033.6886321730833,2046.9420826863732,4009.902181342453,3944.381302272744,1.0,False,supports-joint-leader,supports-joint-leader,supports-joint-leader,False,False
scan-hop-a9af4e4b77a20bdc,sha256:b23d7671479918fca7699896f15cf720b3396eb83f41ad2c9d6137585834b5c9,sha256:c4dc74b41836115042e3c07c826f901cd9e866fa1e6744a2ccfa36b704c3bda9,same-leader,62521,62521,62521,62279,2184.6520662411504,2013.0915461638049,2867.07052874069,2634.8850770955505,5.0,False,supports-joint-leader,supports-joint-leader,supports-joint-leader,False,False
scan-hop-a9af4e4b77a20bdc,sha256:b5547da30e9abfa7227bef1f5017afd4470c1f3de82048d2c4a34788b80ebf96,sha256:827d1b5fedb1489a1e9a7a8268b44b4004b7fc624528b4c16d984ba63822db23,same-leader,67894,67894,67894,59490,109.7166713164425,106.00621309380058,5136.606143837268,4278.104162598033,-1.0,False,supports-joint-leader,uncertain,supports-joint-leader,False,False
scan-hop-a9af4e4b77a20bdc,sha256:b76d5164036635e2063ca42afadb3446b03a36ad2a694fcb9fd15c65d5c5f3a7,sha256:a736b08f4f86623d46d4ecffe32598ad00f0d0511b1023f895d0a651f6534288,same-leader,67894,67894,67894,59490,79.99460971639631,112.14159245133592,4053.9336028837147,4848.149298476,-2.0,False,supports-joint-runner,supports-joint-runner,supports-joint-runner,False,False
scan-hop-a9af4e4b77a20bdc,sha256:cbd5c3b451889cbea84c4fd23ab37aa4e9098e4a0d31a9715e831542a82f7570,sha256:90a761404dfc3be806a1f2ac56a5d31759960db772d0ae823f5bd18d551a86d3,same-leader,100487,100487,100487,100480,75.64674430563547,101.09224562640712,2018.9757519430889,2592.2860190858164,-1.0,False,supports-joint-runner,unsupported,supports-joint-runner,False,False
scan-hop-a9af4e4b77a20bdc,sha256:eabd6fb533b25e917e425b6f1166f962576025ebb63b64f686a0758fe6aca26c,sha256:c146eed5062d8203984c34eb4d263a796b97acb74c15e066622058e31346c1a1,same-leader,58237,58237,58237,53568,162.71811738138732,186.5029851889933,1044.1369729567045,872.3393821255163,-5.0,False,supports-joint-runner,supports-joint-runner,supports-joint-runner,False,False
scan-hop-a9af4e4b77a20bdc,sha256:ef32e2d6459c0a83d90245bfb96d42b949c76ed7ebb5b01c1e7c769eccd7c0bf,sha256:ea24dd363347833a31faa27a49e276cc1baa61f46637924238ae8db80c37fdda,same-leader,58247,58247,58247,53571,89.75786161579988,96.7498404161,3226.6603282058536,3259.9506118581294,0.0,False,unsupported,supports-joint-leader,supports-joint-leader,False,False
scan-hop-b03b765368f63d9f,sha256:1e364627e45bab655f9de131300660fc41259d44f3b6291f675e7dcb30a2699a,sha256:7440ad4cbc78c4828f98312e824cd97e50a4e4a954d4f41e1abcef1ec4f54cb6,same-leader,64037,64037,64037,48131,305.3233862509265,272.66253568397,765.5072574485841,780.8099785780316,-5.0,False,unsupported,uncertain,unsupported-or-uncertain,False,False
scan-hop-b03b765368f63d9f,sha256:2be3fc914be503eb175b291b7f7fbaa426174b5a9a5c86fab2a448b80991f7c9,sha256:276af45b7c5eb982c195586fa06e663a964cdd6b4e6cdb18098e6ab94358284f,same-leader,67313,67313,67313,48131,293.35200869385943,332.1554975038931,672.0587618150294,792.5482055722339,-5.0,False,supports-joint-runner,uncertain,supports-joint-runner,False,False
scan-hop-b03b765368f63d9f,sha256:4851669922e817baeaa9f1838e680b196ba1195ba0ced3f823f935f92e8d8fcd,sha256:276af45b7c5eb982c195586fa06e663a964cdd6b4e6cdb18098e6ab94358284f,different-leader,62222,67313,67313,62222,409.69839804811846,344.94482834776767,1004.1518213211687,987.7579117034795,-5.0,False,unsupported,unsupported,unsupported-or-uncertain,False,False
scan-hop-b03b765368f63d9f,sha256:6217dc43d2d3e575d40e28cc77df9e0253367eb90f123fb221a34d04d56e7be0,sha256:69dc82810770fb675b196e9c78ef647b21909457894c45471f38403a8b328115,same-leader,52557,52557,52557,64031,806.5715751943113,772.6927539123362,933.7216170148583,897.0526192892187,-4.0,False,supports-joint-runner,supports-joint-runner,supports-joint-runner,False,False
scan-hop-b03b765368f63d9f,sha256:698d3acef8f85aa71d40d6f6cccac75b673e7c95239b08bc9cef12007f1a5295,sha256:3363142e3ae6b0f5495dd376bcf6c23064fcc312cfe09c6546d376e1337bbee9,same-leader,63584,63584,63584,59213,116.73163849278934,168.293008461705,234.68319035148556,175.102980118779,-2.0,False,supports-joint-runner,supports-joint-runner,supports-joint-runner,False,False
scan-hop-b03b765368f63d9f,sha256:8cc90c323b5bdbae0858ae9f00f7c793ce42731d27c42d0565b98cb748bdadc5,sha256:8c8c224a345984b3527da52bacfb4bbb4a785355979cc5208bf507d1028104c7,same-leader,64032,64032,64032,59220,100.05676137951194,96.56505693723217,1376.6486393018372,1086.8489487801821,-5.0,False,supports-joint-runner,unsupported,supports-joint-runner,False,False
scan-hop-b03b765368f63d9f,sha256:9d019b8aaec6f54662b7871950a78a4d491fc038b6c0158861e13bbce5c2abdf,sha256:612b53ca828060612126ba5cfccf1184488834cadad5c7fcb1afe9a45b21a714,same-leader,59213,59213,59213,64027,123.09341339758875,99.97921913972459,263.3331280251173,211.43995336879033,-1.0,False,supports-joint-leader,unsupported,supports-joint-leader,False,False
scan-hop-b03b765368f63d9f,sha256:ac38e5f7842e6634c3542297f2e5d515a21e96b99043c742da5d6f5493ce2983,sha256:cbb57f9d365808dd3b9217443c004111ecb1718f8b41c2e84828b4603e7825f2,same-leader,67322,67322,67322,54795,172.16377524515863,172.87123025930836,249.30116391438827,292.11223984063236,-5.0,False,supports-joint-runner,supports-joint-runner,supports-joint-runner,False,False
scan-hop-b03b765368f63d9f,sha256:c53f5be029aca56e331177e4e4752ef42b27455feae914dcb77b63fc35759423,sha256:97815a2532cf96291eff5c9787b0a10f11a331200acfb095254a4eb32b3b2adb,same-leader,64027,64027,64027,59213,96.48167135683534,90.40881000096317,132.02328138067767,217.6420599761345,-1.0,False,supports-joint-runner,supports-joint-runner,supports-joint-runner,False,False
scan-hop-b03b765368f63d9f,sha256:c652b0af8708948313e60a9c4fd857054c8beeb770bb8c5a02bb703a9ece9280,sha256:eb02b0b2f73b48af4b91757d1090807ffbbe791614d3bb8e3abf6e5d98789a53,unreviewed-side,,64037,64037,48131,111.92244040906364,141.7558457257607,614.7988865794458,612.5508787769656,-5.0,False,unsupported,supports-joint-runner,supports-joint-runner,False,False
scan-hop-b03b765368f63d9f,sha256:cca07cf15af47dc9dea49d92ea05d1cd1cf7badeef3312adcd6fd63e5131e47e,sha256:6330652beb8d2f28b1287d6be637ac077f7be1a5cde69444179d3bb0e3bdab7c,same-leader,65220,65220,65220,64032,116.94389355871323,108.53089146647908,881.5090270114789,985.3926823848198,-3.0,False,supports-joint-runner,supports-joint-runner,supports-joint-runner,False,False
scan-hop-b03b765368f63d9f,sha256:e6803d3a837cfe2993f866c993e4a3e173d30b439d8fe6cd2df929ff7f1fac65,sha256:9d3615bf8510ca8c0662a4ae3657466c820881dd440e58eddab8f9cc18422af2,same-leader,57347,57347,57347,48137,125.73433287584149,96.5736642047517,859.6561350980016,848.6959305721314,0.0,False,unsupported,supports-joint-leader,supports-joint-leader,False,False
scan-hop-b03b765368f63d9f,sha256:f8e888b0f52c696b905fff4705152357e19741b7ea80a25f4222bbc0a52c18d9,sha256:84185b979cb1b9b38efbbb44286db87f00633e55037d36e41390cdd8a46d2d9c,different-leader,52557,64031,64031,52557,516.831215143431,499.8469088534865,611.2331115081042,558.4744564720243,-5.0,False,supports-joint-leader,supports-joint-leader,supports-joint-leader,False,False
scan-hop-b158f63a64278e61,sha256:0273bbebe4c4c728a51b4f3f857fc65b8debc1c56787215e9fd6f1b808e91ffd,sha256:c3e3a44cbdc5ee085583025b1f9562544555360b3836ed234f244d9539b165ee,different-leader,62568,62515,62515,62568,806.2893971735274,1331.3279714957514,947.5236471562798,1567.7460355394,5.0,False,unsupported,uncertain,unsupported-or-uncertain,False,False
scan-hop-b158f63a64278e61,sha256:053bdf9b5df83685cef47510973cbaba63920c0da3fd1654007dfe26de251c22,sha256:263a65537f9afb4d922d615195927b25f90d7821bca84d8954cc997e2b79e077,unreviewed-side,58030,,58030,63652,55.41669952865545,55.83781198365733,95.63664038154847,98.54166270434612,0.0,False,supports-joint-leader,unsupported,supports-joint-leader,False,False
scan-hop-b158f63a64278e61,sha256:2082c0ea3a0488defe119d45ab9b143ef840c32dc5d8ec623d41ca03d23e7d57,sha256:228fad0403c11a3f36ba4585ad81d992ccf65f0df11800684fe3306fa31cd0ff,same-leader,62568,62568,62568,63635,62.433248206411236,55.157202758986,125.23726507850046,104.72171900896305,-2.0,False,uncertain,uncertain,unsupported-or-uncertain,False,False
scan-hop-b158f63a64278e61,sha256:311359414fd09c2564a8944fe7b4d53e5406a014e4c84d2e8541dde785bc795e,sha256:3935e28c2911df176aaaa5653f42b778252cfe7c25bfe9acdc509ed1a50fd25a,unreviewed-side,58030,,58030,63652,80.02238758074493,85.83331302864117,105.75459697307565,99.60674130008485,0.0,False,supports-joint-runner,unsupported,supports-joint-runner,False,False
scan-hop-b158f63a64278e61,sha256:44b69b9e7edb8ae057081619cab2302060e39870b9e53d7e5bfd4c89d6dc7104,sha256:b2502efcf23740bb5d2d39d405fcddd68000c6e04ad28f744520ed2afdcb0bd3,same-leader,59014,59014,59014,64377,137.78066469802766,106.70430645005206,1592.1662563962302,1326.9456208546496,1.0,False,supports-joint-runner,supports-joint-runner,supports-joint-runner,False,False
scan-hop-b158f63a64278e61,sha256:5dd9ff693ce158f929563c0b880b2f540289e944efdc82799146dc241d3d4a7f,sha256:996ec1d16bb6ad5cfe15ec6b779fe7d72353cd6dac7775f127f28f14252edfe9,same-leader,58030,58030,58030,52472,101.6199241428537,109.35129705860722,2006.0248628909978,1946.4652315413753,0.0,False,unsupported,uncertain,unsupported-or-uncertain,False,False
scan-hop-b158f63a64278e61,sha256:a9ae9799c552c64a49d2e540c26d52e221ccb905d12da8476f314d6eeff6274e,sha256:b2502efcf23740bb5d2d39d405fcddd68000c6e04ad28f744520ed2afdcb0bd3,same-leader,59014,59014,59014,64377,135.83099980921207,121.04087733676126,1446.9105566177923,1396.7658785804442,0.0,False,supports-joint-leader,supports-joint-runner,mixed,False,False
scan-hop-b158f63a64278e61,sha256:b675c7c9c430c513699d42958dab699b163187e8aa259fbcc7cdb810a263ed54,sha256:3e5d1e52193f0d50233b2b70ac90392b2c83d9098e8b54d1fe6e18dfde581e98,same-leader,59005,59005,59005,53509,84.93030185324014,76.74836269804301,2400.418399041194,2960.240092121343,0.0,False,unsupported,supports-joint-leader,supports-joint-leader,False,False
scan-hop-b158f63a64278e61,sha256:ca5f20c36e97135d74cb5afafa49379b6f5d9bd2ff1e490a348e4c5b55c8fccc,sha256:3e5d1e52193f0d50233b2b70ac90392b2c83d9098e8b54d1fe6e18dfde581e98,same-leader,59005,59005,59005,53509,113.45996727061414,107.98645706995663,2281.159948811321,2711.785134200941,0.0,False,supports-joint-leader,supports-joint-leader,supports-joint-leader,False,False
scan-hop-b158f63a64278e61,sha256:cb5d4d4f5ee3135e5d08bffd55207f8ed0b9ff49b57586630b7d67d508774255,sha256:280bc1db1123d3ec998dff83eb44bc63a7fd33dec9da6bffe8e5097bb931669b,same-leader,60037,60037,60037,52472,115.04070957394165,110.33477503355142,2719.8424640818557,3053.3994674363835,-1.0,False,unsupported,supports-joint-leader,supports-joint-leader,False,False
scan-hop-b158f63a64278e61,sha256:e2bc76ba6f1cf306987773cc40d61fddbc733348e2ab9a5eddfada917d7ad033,sha256:cc6ed199675a74b071acfc4a31565cf793c79b72205a3a3158f9ad220431cee7,same-leader,58030,58030,58030,52472,139.47645105378285,139.80405488394814,1863.9844078825236,2016.8237265996354,0.0,False,uncertain,uncertain,unsupported-or-uncertain,False,False
scan-hop-b6b88d05b8499863,sha256:1e710b1b34ac09e18fc7d3f06abebe32475ede95c0a574d031b65af3637a9864,sha256:85d113a97299d3c66d4dfbac60df38107227ef86ceff7d82f72f50d076cf6466,same-leader,59533,59533,59533,66012,313.99963928246035,620.5737465479325,1234.2439051305603,1378.504694148815,0.0,False,supports-joint-runner,supports-joint-runner,supports-joint-runner,False,False
scan-hop-b6b88d05b8499863,sha256:5ee9ee771379b7962ea7b025755f3fa85498e567ac130c7feba26f1190407930,sha256:736138fb98791a2aba1ead754ed2f39feee249ffc2d3fbd8124ecfa4d954228d,same-leader,67500,67500,67500,52361,157.99958851991462,166.96911165647737,4384.617070719157,4118.726060995426,-1.0,False,supports-joint-leader,unsupported,supports-joint-leader,False,False
scan-hop-b6b88d05b8499863,sha256:63ffcfa9fa5044ae5023602278ceb6996f18326a18c482268cd80e759c8d73ef,sha256:85566ce7f4e286a5de343bd49c3bee60e9399e095839d69b7ccf1675a67c1417,same-leader,57907,57907,57907,53267,101.39249491018482,93.98432359008657,3251.631347007456,4092.3597843065722,0.0,False,unsupported,uncertain,unsupported-or-uncertain,False,False
scan-hop-b6b88d05b8499863,sha256:87d559bbb5379fc38cff1a2b64901837943cb2b4b736b82c0af0ffcfcccf76a4,sha256:c21fd6096e1408e2a8973afa1db9c3989b2d2b928c57bda0c7bc107704b231c7,same-leader,67514,67514,67514,58070,809.9414020964512,1167.7056094218585,949.0192031268244,1336.1097972493453,3.0,False,supports-joint-runner,supports-joint-runner,supports-joint-runner,False,False
scan-hop-b6b88d05b8499863,sha256:8dcbd1b4330e0b71def61cbc4b968cffa882711302520a0ae4a5d2509a1b1d59,sha256:23a996aa97d257ca5b38e818de4a09cc789c0a8014f95501b131a86ad4283cde,same-leader,63685,63685,63685,59533,117.51049061189524,140.74249792790528,1456.9738141864975,1689.6198733904503,1.0,False,unsupported,uncertain,unsupported-or-uncertain,False,False
scan-hop-b6b88d05b8499863,sha256:a67d73345ca5edf942ba0262c8939e8951d865a85634ac53e2769d38b7b2b2ca,sha256:bed1453cc5758553d4533b2023b9f9f2c3eb02ecf04a9c1fec03a219666d8354,same-leader,63685,63685,63685,59533,115.4758172211436,145.98091767237727,1794.7415545636677,1635.5067020980125,0.0,False,uncertain,uncertain,unsupported-or-uncertain,False,False
scan-hop-b6b88d05b8499863,sha256:cbbe66f79353c1776ee36939e07fb31c0a1f099f8e216b0420592b74f15a2160,sha256:32e5434ab8ed2c3aad240d8f74427588c674289e5d83c72e61dc5ca6b7bb1409,same-leader,67514,67514,67514,58070,137.80243538846477,204.62935522872365,386.37640782325565,409.4596333980672,0.0,False,supports-joint-runner,supports-joint-runner,supports-joint-runner,False,False
scan-hop-b6b88d05b8499863,sha256:decb896078f3b8196e0f49d3e4ecac5c65b7075f4e69254ecc3b5148720d28d4,sha256:688cdd0aa25199ed99ad28a855a0106604d9869369d8af1f3a95a3abbe7bca17,different-leader,55379,57676,55379,57676,88.74970689624713,138.62789475574988,728.221990527109,704.575409183139,0.0,False,supports-joint-leader,supports-joint-leader,supports-joint-leader,False,False
scan-hop-b6b88d05b8499863,sha256:decb896078f3b8196e0f49d3e4ecac5c65b7075f4e69254ecc3b5148720d28d4,sha256:b46ce3829fb52a2c6b25ca4ae85f698fdc8347e91d75e7669b2330a1642e487f,unreviewed-side,55379,,55379,57676,102.08902204247893,87.4833503994101,844.4881322762261,782.2511349027181,0.0,False,supports-joint-leader,unsupported,supports-joint-leader,False,False
scan-hop-b6b88d05b8499863,sha256:ef3f9835543ce18a8fa8e66294be3059e8c485ddcc9a1bc971508a61d264db9a,sha256:5f366bcab513b24c765f84dc1bbb8000ffacd5528ffe3675c3f7d1299835c058,unreviewed-side,60445,,60445,61713,130.828094905334,145.2930438320538,619.0937509521106,489.46324290423956,-2.0,False,supports-joint-leader,unsupported,supports-joint-leader,False,False
scan-hop-b85ead33b243a9d7,sha256:13304cad79636d681a20bc6cbd49a80915523b4eeb7005b135435eec96190fe8,sha256:f66743644dd2671ac9b0bab1b2a6749f53a50c2594ab3fa7370b015eaafaeb63,same-leader,100040,100040,100040,64002,127.7316740178649,161.49053061731584,3412.977790680027,3698.473219331678,-2.0,False,uncertain,uncertain,unsupported-or-uncertain,False,False
scan-hop-b85ead33b243a9d7,sha256:150b75db07213c9a061db6a1ce0eb41e52bb2f4db531f2ce59214b73d421ffc4,sha256:0d2e3c561ac762897049cc8ffccde86a4e9193dcac8e015993047ac188d5c38d,same-leader,60030,60030,60030,60034,60.19683950986014,67.29699811299129,901.984688124406,791.5952207980474,1.0,False,uncertain,uncertain,unsupported-or-uncertain,False,False
scan-hop-b85ead33b243a9d7,sha256:2f535fd9686d90198d21d1f9f871089f9a69da5148321f12fb74b08a169665cf,sha256:c1ff9f14ddb58f6b8db2251b94afe0d0a3f368a8b4e7fb787a2cc89428ee64ba,same-leader,64002,64002,64002,58241,119.49836602737084,925.3711164484639,1927.4001720818906,2828.4297456915956,-4.0,False,supports-joint-leader,supports-joint-leader,supports-joint-leader,False,False
scan-hop-b85ead33b243a9d7,sha256:5ba95700f10202c96ac7f0ddc861d0a557fddb3c50eca8ad96bfca06b2652795,sha256:bd9fe0066ce73e29e09a2a0b7d3248e66d50fff86d02349815e6455250ef0bac,unreviewed-side,,58241,58241,100040,83.03385581618376,182.3019826433242,256.36034146068783,324.956758517904,0.0,False,unsupported,uncertain,unsupported-or-uncertain,False,False
scan-hop-b85ead33b243a9d7,sha256:6607366df18afd8f28b7be0e2e70b13a77adbeb8f3d03c733884940932fae70b,sha256:9b520b789bfa50d32f4f596a83c8ef8e3689b4894b7cb9c39eb003345203302f,same-leader,60034,60034,60034,60030,95.0221782029071,110.65906325430291,706.5271737069211,766.6867457655075,0.0,False,supports-joint-leader,supports-joint-leader,supports-joint-leader,False,False
scan-hop-b85ead33b243a9d7,sha256:85e8091346cb6f599e01eda50279edb0f9d965dd67f4f8bf8a551d29e64b6beb,sha256:d30ebe353874d532f183650d5583ef2e7e89c132607c28baa3e5b05e2271a19e,same-leader,100040,100040,100040,64002,80.6267734239475,69.21197362385465,3558.435120027934,3416.211363411067,-2.0,False,unsupported,supports-joint-runner,supports-joint-runner,False,False
scan-hop-b85ead33b243a9d7,sha256:a9014751cab743a7d1fd55277ef6bf7ff80ac69b1cdbca16cac1b7c054912392,sha256:7a591796c8986a55c3e706c498ca86bad64c9a921a064c0f1a13575768ffaec2,same-leader,64002,64002,64002,58241,73.33862730296546,60.34500715252343,79.74068149556508,102.10109541411896,1.0,False,supports-joint-runner,supports-joint-runner,supports-joint-runner,False,False
scan-hop-b85ead33b243a9d7,sha256:cc284e52fcbc86b3caa74de5178e14dd4ded975f70b5a7b993e1a6dcbb9cf953,sha256:783b768c31094f7c3099949fa455ca60be35320db2b7d0714f5805ae1615bba8,different-leader,100055,63052,100055,63052,79.68920333229468,64.97086703156447,86.16646124716243,84.60344032498952,-2.0,False,uncertain,uncertain,unsupported-or-uncertain,False,False
scan-hop-b89bc4be5e52c033,sha256:2dd9a42d3a145283b073af8d5c57ee7cef4c2508888d5631a27115fa6ee4dad6,sha256:7c4e178e6d0e7bb583c4ac17aa72de1e7e6b687b3a24e26978bbca8e85b4eb20,same-leader,69156,69156,69156,63448,115.17448425163973,114.31770553270252,1773.836874660776,2150.3300705843376,-2.0,True,supports-joint-leader,unsupported,supports-joint-leader,False,False
scan-hop-b89bc4be5e52c033,sha256:3c80aa29810c1c409d158a2a9958c68026df3d66b4ac7e0b74f82b9a760cffb9,sha256:f906fae629db08affd64880a2f0c67f8f90897cbeaaebd5b86bd33918efb26e0,same-leader,68918,68918,68918,45047,126.67688885286654,124.07478351579428,454.8467932280784,763.1235344483156,-2.0,True,supports-joint-runner,supports-joint-runner,supports-joint-runner,False,False
scan-hop-b89bc4be5e52c033,sha256:8123596be61dfa1ea6dd827191ebdb5d413432e801d45c0432280dafc8cfb048,sha256:ee1da7c84061d4cc23e87e6e9f5fd682ad2980a6b46488cda58052faaa72749e,same-leader,59724,59724,59724,68918,61.82860830447711,81.02737578983248,3197.051207036843,2461.0893415800642,-1.0,True,supports-joint-leader,supports-joint-leader,supports-joint-leader,False,False
scan-hop-b89bc4be5e52c033,sha256:82b22387fb0bfae7f1bdb27b012c0e9c6bf7ce8c82e04e10c4630b3faa26e36c,sha256:04af4c0e50c414f65d7d0e790f765f399b8f5ed2e723659e71a3e384ff8c94c9,unreviewed-side,,63510,63510,69136,41.06869088416738,55.595598012942354,461.08067802785143,447.75161508175233,-1.0,True,unsupported,supports-joint-runner,supports-joint-runner,False,False
scan-hop-b89bc4be5e52c033,sha256:9f73d26cc88613ab8d35f1f5a796be8b41f795d85e3601f90f4cf58237e3357f,sha256:c303f1cd329118592aafd4a6bea91b605d9711e888e6d667313b54adbd5a77e5,same-leader,68915,68915,68915,59564,112.72960331891981,109.14769225301575,5279.918604153696,5101.154903483268,-3.0,True,unsupported,supports-joint-runner,supports-joint-runner,False,False
scan-hop-b89bc4be5e52c033,sha256:b51d256d70e0b42c5af1c04a9c697c62aae906a5236540770db67a4c2333cafc,sha256:19698105098ba58739f6b9fa0d30b5eeea1af6d68b61cdb2f455bd783da1f8da,same-leader,59211,59211,59211,69136,97.95641663590014,104.98806329049532,680.4275417380808,675.8976448092868,0.0,True,supports-joint-leader,supports-joint-leader,supports-joint-leader,False,False
scan-hop-b89bc4be5e52c033,sha256:c9ea4c202e087143ef9357f5b8aa4818fe8f81a5a8e0fc7188e9335e207574c9,sha256:ceca37c1fd08bbf497d8230c008ea7a66b5d2808b35a6a6d7d8d7c64eb77e617,same-leader,59724,59724,59724,68918,119.2498769461918,92.18824939066657,1127.1718705446592,1066.8683847213817,-1.0,True,supports-joint-leader,supports-joint-leader,supports-joint-leader,False,False
scan-hop-bd5ae3e8c50448cd,sha256:0514abd340604068c4ae19bfbe56c6cbcdedeebc3f4c8171483350c2991f1650,sha256:68a1d3b08d83b8fdd878c397d83ca10ed3c9ea585f52a74d982a70573bd2432b,same-leader,53023,53023,53023,67200,132.85830587985058,131.479654152807,139.28143974218432,138.01123609725227,1.0,False,supports-joint-leader,supports-joint-leader,supports-joint-leader,False,False
scan-hop-bd5ae3e8c50448cd,sha256:17481c2a4b2ee0e659668865291058f2d829aad777248763056de407d35c1ab4,sha256:17f101d967f3801b457d8a18a8f3cc7d99ed4f25f8488fa636b5493a79a702b3,unreviewed-side,66408,,66408,53250,93.26768691680842,161.1384997321442,449.31435528251137,480.92930737567696,-2.0,False,supports-joint-leader,unsupported,supports-joint-leader,False,False
scan-hop-bd5ae3e8c50448cd,sha256:53db32750ba1b043a58848dae96fb095eb8855b1f45300a4616df8c385d0b931,sha256:a7bf81bef970d26329aa975b895ee3a829a64c9b4ee43a921107ae1097bf9234,same-leader,61724,61724,61724,47874,76.18351785307934,64.32164886490132,2105.1891645894357,1772.8628207818865,1.0,False,supports-joint-leader,supports-joint-leader,supports-joint-leader,False,False
scan-hop-bd5ae3e8c50448cd,sha256:6063ff959f44b626adc09ea130ba7bfee615c1fd6296786434fa043f661fbde7,sha256:a9e85e5e5c50096ea0d0016ed4606338f7e1af58e2a83d7377dbd711f96fa12d,same-leader,66978,66978,66978,64370,164.83193811689856,166.5437874717307,789.6261873781212,733.9906431029625,-1.0,False,supports-joint-leader,unsupported,supports-joint-leader,False,False
scan-hop-bd5ae3e8c50448cd,sha256:6237f52282e7a9456bdb0ff6acfe2e723edded3b11737f92a88a8b5825a1f341,sha256:fa02cfa91114aeaee36d592c883d0075284daa29e187a855673ce0b460bd0b18,different-leader,53023,67200,53023,67200,147.0953985004101,131.71148039025542,149.37045127632712,130.01846405814146,2.0,False,supports-joint-leader,supports-joint-leader,supports-joint-leader,False,False
scan-hop-bd5ae3e8c50448cd,sha256:6e3581420b260f2ee4915c25ac9540addacf8f7239286b844bde69df5bb55252,sha256:7ffd3e136f468f3cff9de7a89799f774512f157f1aa0a1925d0de81d4c7b7a01,same-leader,58065,58065,58065,62423,32.43248750472547,58.104950085288614,56.523453977286756,81.11667433247356,1.0,False,supports-joint-runner,supports-joint-runner,supports-joint-runner,False,False
scan-hop-bd5ae3e8c50448cd,sha256:703d74405bd44158bf230b6e2980eccf709b303539a757fcbfa6e8aa36a8e4ad,sha256:a4fbb435697cd630d76afde74f0b4157b8d5d5348c5a053aad44928f463edc01,same-leader,66970,66970,66970,66101,88.39480503062828,90.41368387575206,652.1179666368749,1067.9230120929947,-2.0,False,supports-joint-runner,supports-joint-runner,supports-joint-runner,False,False
scan-hop-bd5ae3e8c50448cd,sha256:7110d969e7b445205f88e65783094454894b048f29bbdcda148d2627a8609189,sha256:23d7567d2f418da85139708b60195e3cd163e20805ebb09927f8bef29d343678,same-leader,66978,66978,66978,57668,102.001792469945,86.16140254967625,596.2156386182235,784.5853717424446,-2.0,False,supports-joint-leader,supports-joint-leader,supports-joint-leader,False,False
scan-hop-bd5ae3e8c50448cd,sha256:7f15fc35fffd9eee05ba1829ad9410176ccb408a8ae3aace77095b81fa0ce84f,sha256:56c9aff0840b9ffbbaa67492a53973fbbe9910b32ee2d4389653563eadc6a2c2,same-leader,67515,67515,67515,66021,100.02044615901298,85.01434363541384,290.54798871124495,268.3663042303275,-1.0,False,unsupported,supports-joint-leader,supports-joint-leader,False,False
scan-hop-bd5ae3e8c50448cd,sha256:8b9e53e198f061e4d7226508d1f57498dcce4df704931aec4cda5356674b6bcd,sha256:93d71069a2cc038bf4576803a1c5d97b940a5cff091d6a79f95ba86a0e677137,same-leader,62236,62236,62236,48318,123.56974426029092,125.15930969251978,402.13762805948335,442.35718408936015,-1.0,False,uncertain,uncertain,unsupported-or-uncertain,False,False
scan-hop-bd5ae3e8c50448cd,sha256:913dce407841d68edf42701fa0d2a524b257b44750543b56ce0fc10b6d51d893,sha256:d8a8ea58f56af7f5348b2d977c425142386321ba3941e4f1bc936af8ae583a6e,unreviewed-side,,59096,59096,64370,90.30269035596552,49.91291802585936,148.90350423039826,430.18455444614375,0.0,False,unsupported,supports-joint-runner,supports-joint-runner,False,False
scan-hop-bd5ae3e8c50448cd,sha256:93eabe50632b87e630cff7f0da95d5104102ec4484249e0826b8fd3603f198c6,sha256:d8a8ea58f56af7f5348b2d977c425142386321ba3941e4f1bc936af8ae583a6e,same-leader,59096,59096,59096,64370,52.71899167345031,67.60128815588044,269.10879512664593,423.6264761187428,0.0,False,supports-joint-runner,supports-joint-runner,supports-joint-runner,False,False
scan-hop-bd5ae3e8c50448cd,sha256:9d515a7ff66888fe16c8f07f4f0318dc2846ab34156bb5e26144d906f5576a5c,sha256:0be170f1bb69ad7667adb470073055142c1272809ac8fef50af00eec6f575f42,same-leader,59095,59095,59095,67315,66.66127367765665,76.39372117969681,2260.171875703291,2212.880702072188,0.0,False,unsupported,supports-joint-runner,supports-joint-runner,False,False
scan-hop-bd5ae3e8c50448cd,sha256:b33c1b62e4f83b6dd63452cbde63ef453b36754df3f0b65244456d9e9a168799,sha256:cc827da17c646d2deed0922e6665683247d4716f07f54e235dd7fae572ba1f10,same-leader,59521,59521,59521,63320,516.354631987084,556.7979181662046,2570.565873760021,3664.762699715379,-4.0,False,uncertain,unsupported,unsupported-or-uncertain,False,False
scan-hop-bd5ae3e8c50448cd,sha256:c459e5ab481ba3d505648683c02f59027408f249f6140f6b5e02de47ef19f0aa,sha256:c92b6e364899e1b25f800d48347334da4a5b48a9963388442c630e88d54cbaec,same-leader,67501,67501,67501,59029,105.82344567175252,105.57824982628347,1167.0165166538761,1227.8978867576525,0.0,False,uncertain,uncertain,unsupported-or-uncertain,False,False
scan-hop-bd5ae3e8c50448cd,sha256:c7ffdf9b81364316a2f0c28ffba207ee3072d4d42bdd710bb67a913f8419d82c,sha256:b1f4ea282408ba0aa59ce742230dbfe98aa66791e7607007c2d4d1c2eae78d46,same-leader,59521,59521,59521,63326,95.38858441681502,77.39519899461955,1257.4713427318518,1287.669102641316,0.0,False,uncertain,unsupported,unsupported-or-uncertain,False,False
scan-hop-bd5ae3e8c50448cd,sha256:ca87b67a0b0e7b056734775bbe15d5e40de464c28bf5461a2a776b43465f6f9b,sha256:c866586235ea6169cc3729d46c570c193fa365b9406d7e41cd05e984d311cc73,same-leader,62423,62423,62423,58065,92.43582107740406,92.69654154443673,270.2195276292153,233.8634233635841,0.0,False,supports-joint-leader,supports-joint-leader,supports-joint-leader,False,False
scan-hop-be3539ebcf1f95c6,sha256:3fa6e6b1ab76d109ac1c123b60cd32829c50b072765a9ef57f053a8292a1e38b,sha256:19bc4aeaaedc96fbeae9c49531a01024a27fa1ef1b285707c41d9a710f10bb20,same-leader,65472,65472,65472,61530,145.84570147738162,180.42639739685293,883.3785836748305,910.6168135166403,-5.0,True,unsupported,supports-joint-runner,supports-joint-runner,False,False
scan-hop-be3539ebcf1f95c6,sha256:5357f23e2d1913a47ded287ce04606c00ec849372b443d51573d327144f88488,sha256:1edf14ed0755b1e9f63dcb6bc79e54570802d9de6519c8479d65e6d92db2e2fe,same-leader,57984,57984,57984,55572,146.38580713142633,176.8693707787382,2368.7981305071517,2752.7654080076427,0.0,True,supports-joint-leader,supports-joint-leader,supports-joint-leader,False,False
scan-hop-be3539ebcf1f95c6,sha256:565fee16acbb3fbfb6ef60cc910decc7738ef610c7846269ee1725a764c48ace,sha256:797fbc7edfceef817834cb41ca6960fd5735934e9e2bd596e2b84d82a682cd60,same-leader,67981,67981,67981,68607,112.93671656060451,200.98500618662808,319.76683049234606,480.89831949969306,-4.0,True,supports-joint-runner,supports-joint-runner,supports-joint-runner,False,False
scan-hop-be3539ebcf1f95c6,sha256:77144ce8d22d4541c81ca5b04648445df73b600e6feffd65f4993c381903cf94,sha256:ed0634e6829490c07640509de56c6a0aec892e724c276c780180175eff940835,same-leader,68607,68607,68607,67981,95.64899754018298,140.6339212040653,580.6428974972392,818.419060174167,-1.0,True,supports-joint-runner,supports-joint-runner,supports-joint-runner,False,False
scan-hop-be3539ebcf1f95c6,sha256:7b2b5578045598a7d4940e7612d204f636dd1cea6083bba3502547ec427d68f1,sha256:235ccd4aeae8862fd97591254abbfbc7e00ceba26453c58d7b0d96920e38ba53,same-leader,58625,58625,58625,59378,163.8939212126269,148.54444068921464,962.0837585815179,931.3261228542445,1.0,True,unsupported,supports-joint-runner,supports-joint-runner,False,False
scan-hop-be3539ebcf1f95c6,sha256:8ad6ab0281d01a3ab4f480e7e7a79bcf18b9f8746468a8f7d88732f86a218d39,sha256:d28b74888b33a9426dfbdfbf789b5fa02bb7cbfcf97abdfd5ea4db15f76212ae,same-leader,59385,59385,59385,69132,122.02480508800878,127.25828397403419,2302.9382396658366,2723.4259430721318,1.0,True,supports-joint-leader,supports-joint-leader,supports-joint-leader,False,False
scan-hop-be3539ebcf1f95c6,sha256:8eb25de493a9b7c7ecf5322c474f8883dc0268c2ee402114af31eb2acfd0ba12,sha256:094fbd0f3d008be903264bffdb37821fcb35e2ac3f1a3748d63beeafad2fdc4b,same-leader,65472,65472,65472,61530,171.15551371854852,171.85368647335795,1622.1506935640123,1639.620488921671,-5.0,True,supports-joint-runner,supports-joint-runner,supports-joint-runner,False,False
scan-hop-be3539ebcf1f95c6,sha256:937e8fb9621639e3edc75241358818003f63a4d225548b87d64c3af1df9fe4bb,sha256:e3a4cb2bb6db79c05c77ddb93bab3aeba8160968442a79988e424f06e5288fcc,unreviewed-side,,,,,,,,,,True,unsupported,unsupported,unsupported-or-uncertain,False,False
scan-hop-c07e26fcb7280fda,sha256:022ad598f56ef9558752cd911ce1237fd91d82c99c073b5164666f77f7c934e1,sha256:34883b31f998c0243451ec0ba371b065078f87e52df594efbbda08176ac6146d,same-leader,58154,58154,58154,46059,129.5759408823557,106.93906221759495,3130.1823798021965,3902.4881501267337,-1.0,False,unsupported,supports-joint-leader,supports-joint-leader,False,False
scan-hop-c07e26fcb7280fda,sha256:04b388dfcb19331681f4987d56ffae6abf7da0460d6e181f3739da113f2c3598,sha256:a8fe7968915a95bdedba32fca52b47c8c172742f133771dc2b50bcc4927a43ac,same-leader,67034,67034,67034,62895,122.01607293510463,103.60048333832297,324.34519846958796,431.65871937454756,-1.0,False,uncertain,uncertain,unsupported-or-uncertain,False,False
scan-hop-c07e26fcb7280fda,sha256:0e2b8cdeb9320497397ea6a9d1eef8e5e44c0d0eebc85fe375f8d33e20417d69,sha256:f7c76b0a7c5ce0c6670ef97be63d3bb168fa7d02b7e5869415fd3d7cdb90ae07,unreviewed-side,,64778,64778,54002,64.39848524147479,100.42990853517782,253.71282882983456,292.5265289605212,0.0,False,unsupported,supports-joint-runner,supports-joint-runner,False,False
scan-hop-c07e26fcb7280fda,sha256:1e7b46cf1892491756080481d9b27a8637fa11bccea7339aeed27da03cb6454a,sha256:8d1f39d65bd68901547451959cdfd714e8b83540194774c42879691861b3062e,same-leader,67034,67034,67034,62895,115.6433777887121,172.82688736762915,780.0392178149037,856.2444971192649,-1.0,False,supports-joint-runner,supports-joint-runner,supports-joint-runner,False,False
scan-hop-c07e26fcb7280fda,sha256:273bc16790cc47f37886f033337e63676dd921e2b1813219b61523ca82c92a8a,sha256:e240ea9fbc92634ed2180d1f98c8eb44d70b9e86f19fc864fda7fa5cc5c04765,same-leader,63589,63589,63589,56838,131.81095799772353,110.83340505562713,1582.226639342738,1982.1891055643187,-2.0,False,supports-joint-leader,supports-joint-leader,supports-joint-leader,False,False
scan-hop-c07e26fcb7280fda,sha256:2b52fa86c2dc2e38bc04cc89bb013defd14064010d35d1234c66d1de15f8e411,sha256:b6be97bb16ba95b264620e1a41699f0b703f9f1cff947b184622d279398e2474,same-leader,67045,67045,67045,57920,115.91592456856144,154.7003148540197,286.15733344744353,259.69115007211775,0.0,False,unsupported,uncertain,unsupported-or-uncertain,False,False
scan-hop-c07e26fcb7280fda,sha256:2b7b890a81be2b95121e6bf331391acc1cc150ea6cc4d9a66020c968e59db767,sha256:f3a3356966759fb03c67b4bb2da2ac7029e5de015159e704cff732b6acd441bf,same-leader,57928,57928,57928,52355,125.8134037285916,157.99351737117135,409.94340988968554,517.2185331946748,0.0,False,supports-joint-runner,supports-joint-runner,supports-joint-runner,False,False
scan-hop-c07e26fcb7280fda,sha256:36e4f6249dfca2843842afc13dc63262a475a098868bb9abeacac4fa180d0fbe,sha256:12dd8fcd19e96cfb068dcb4a9b80d6a05adf0f369c779f39f9cf2f565fe54ffc,same-leader,64778,64778,64778,54002,108.77587239159155,117.46953109655581,122.6322903119606,130.95912066853134,0.0,False,supports-joint-leader,supports-joint-leader,supports-joint-leader,False,False
scan-hop-c07e26fcb7280fda,sha256:4f24d27ab8f928e3063f60e59e35cdd018bf566b9b5201ea1b6e4b855b20615e,sha256:36ff2789aa3cc553249c9108c2431c7993e6fda1a827f5a5c79b222c5326e82d,same-leader,57920,57920,57920,67045,130.2684363754157,95.87799495058279,734.7225600829335,864.8501879097956,0.0,False,uncertain,uncertain,unsupported-or-uncertain,False,False
scan-hop-c07e26fcb7280fda,sha256:5388c278aa9155d083f73f3e2924c3795e910767ad818db0465d3d968d220cc3,sha256:36ff2789aa3cc553249c9108c2431c7993e6fda1a827f5a5c79b222c5326e82d,unreviewed-side,,57920,57920,67045,91.06836382248206,89.3171763716832,971.1767127681655,1153.9249061951116,0.0,False,unsupported,uncertain,unsupported-or-uncertain,False,False
scan-hop-c07e26fcb7280fda,sha256:5b004d8e3aa6f701ab6e0b2af8ad096671e7876891f77fcd1d3bff8d2051fca0,sha256:6f445c98745001fe4e8d8cff66f7fb69186aab62fd8513e70bf5004500c6907e,same-leader,58154,58154,58154,46059,114.30801775997416,97.93959964229596,2457.520183102457,3068.582145428195,-1.0,False,unsupported,supports-joint-leader,supports-joint-leader,False,False
scan-hop-c07e26fcb7280fda,sha256:78a2680a063ce2884aec1d7da4a665937c2a951be65d79d76fdf9e8c52879f0e,sha256:8cced8c0a317903e571100c6cf604ad7d5a18f32a1ec1c2d8c5baaa5e868563b,same-leader,57928,57928,57928,59459,107.33236624195992,101.2243799613159,1296.955345232499,1581.7139910398844,0.0,False,uncertain,uncertain,unsupported-or-uncertain,False,False
scan-hop-c07e26fcb7280fda,sha256:7c24901c7e23b062f9b71c9b9670e6496aa099dfb2ec249e8891fd339d2b0497,sha256:55e5539ef733b462d5ccc40f15059c907168d03ee4de795aa1be532c83c2f32f,different-leader,60991,62895,62895,60991,90.34780870627975,81.73052564954531,259.13743612282167,287.87007772662207,-4.0,False,supports-joint-runner,supports-joint-runner,supports-joint-runner,False,False
scan-hop-c07e26fcb7280fda,sha256:88c0c76c6d042352a58b14d09f9be63e8dd731e4d8355bed8821165695f12571,sha256:10d56b9b065b2974b73c51ccf05a06d9ad5a7887f69b2a3ca478b4edc8f25340,same-leader,57928,57928,57928,64360,139.70619804905584,116.94324041093216,1619.4797632511697,1333.8614046608118,0.0,False,unsupported,supports-joint-leader,supports-joint-leader,False,False
scan-hop-c07e26fcb7280fda,sha256:c25821eec7fca813adda47780bbdc967b07e7996ffb7407fe349630f328ba24f,sha256:cb43adfe1a47a516a0ede7320de92e1e182a92525d757d0d8fff50976038b56e,same-leader,63589,63589,63589,56838,470.6270326497027,376.1866660721578,1352.1792306533862,1223.168238941415,-2.0,False,unsupported,supports-joint-leader,supports-joint-leader,False,False
scan-hop-c07e26fcb7280fda,sha256:ce6c0f30d2d4c0814e149bd3351184cd9635c13d14b979627d2a78e9c7c554ac,sha256:7603b3de34d913c2c597b2bf3c6e908e64131c3697ac591fbbc4559e106a3f98,same-leader,67058,67058,67058,66390,154.67926034550453,138.85933200390477,421.2063858552227,507.75469682524306,1.0,False,supports-joint-runner,supports-joint-runner,supports-joint-runner,False,False
scan-hop-c07e26fcb7280fda,sha256:da26c643131189374bc64c0445fa4c236d54cf756c4ed8dcd22f3703242e5951,sha256:0c6cb8ae14c85a5a9d93717ac9585871a35e2a3ab36a4fcde65a9d6798953761,same-leader,62262,62262,62262,67318,98.59925860689259,125.46812775736709,255.53094257119312,379.45642350146016,-1.0,False,uncertain,uncertain,unsupported-or-uncertain,False,False
scan-hop-c07e26fcb7280fda,sha256:f3a8abcee992a4f55706d9003d10b5b622d46b23c9e5f97b68bbb69865f75232,sha256:943defb0c05f5e91eee25c5fb2f77ed9bb5ea0a417349f972ae5396f4e074281,same-leader,57920,57920,57920,67045,140.13878211639218,108.53721990762676,740.267103658181,549.0051045564892,0.0,False,uncertain,uncertain,unsupported-or-uncertain,False,False
scan-hop-c151a82d9c78b338,sha256:28d2e76bab8061b282fa29ec82fd638f4766b6e238cc883f7d119a017681089b,sha256:f667be0fc4a0be9431d397e46c6b66b727e2c1608feb817a734df8a30104c863,same-leader,63437,63437,63437,62854,74.78771908706476,53.24681698913958,193.2629618179493,188.5180694865611,0.0,False,unsupported,supports-joint-runner,supports-joint-runner,False,False
scan-hop-c151a82d9c78b338,sha256:378db5c5edff23db54aedbcc7e1dd734722dbebc69e23e88550b9ee68ce55169,sha256:7aabd8dafb03725e089e320dc1d4565c48aef5197ad4a845ec52e84ce33b3000,same-leader,67986,67986,67986,62515,92.16710804982668,115.7423957539712,138.85528457905957,186.30241037271688,-4.0,False,supports-joint-leader,supports-joint-leader,supports-joint-leader,False,False
scan-hop-c151a82d9c78b338,sha256:42745b3d17344c4149d33b7e8cd07e370ddc3939fb2b1c8f476674c4653cecb5,sha256:49481215ed4aa56d4902ee737647021fb1d50c9ef06517904629e4f3395e3b6d,same-leader,57461,57461,57461,56332,186.4385575213521,199.7656334167221,587.7376551603174,685.7678881240504,0.0,False,supports-joint-leader,unsupported,supports-joint-leader,False,False
scan-hop-c151a82d9c78b338,sha256:718455b7fb0379cd601af10703d12f17136b5c102c44d693b0ba78a19f104eb1,sha256:d5680e8b702eb26be23ccee514034a173e065e6f7f7c28f461fe973e76cfdff4,same-leader,59684,59684,59684,55576,115.40882702582101,103.41531806531675,840.0197522165795,876.4128889860457,1.0,False,uncertain,uncertain,unsupported-or-uncertain,False,False
scan-hop-c151a82d9c78b338,sha256:7dfaaf4f2c1956efea51a7758ac5e4ae47317240f348b894861f3cdb887dcf67,sha256:266f515a070fc3e15e52ab692ea0383043c97db041ac0d5b90dfc436e9d9a7bf,unreviewed-side,,61891,61891,55604,85.91227167907346,109.95282173014574,922.7730783294609,817.5162519483682,0.0,False,unsupported,supports-joint-leader,supports-joint-leader,False,False
scan-hop-c151a82d9c78b338,sha256:8f3d9595ff5ba1a5f0c37359038122ad5c9f30d3de66936d410a911e28f5faa5,sha256:e820d6a05b2ef6fc3406566e7fd13980ff85aa784920c789eccd6895be5aeeff,same-leader,66603,66603,66603,56332,112.59859450305814,114.9888246864951,243.68132434118462,212.1046822263878,-1.0,False,unsupported,supports-joint-leader,supports-joint-leader,False,False
scan-hop-c151a82d9c78b338,sha256:a0dc324cedeffd3b088818624a61fca47329d3f5c673476f30a8db4d37cc77ca,sha256:506e46d09eddd8f748a355b7c65245b92382355385bbbdc616a4bc85b7d84dee,same-leader,59684,59684,59684,55576,83.80000000081834,82.733024570124,1358.1439066089426,1207.328244999965,1.0,False,supports-joint-leader,supports-joint-leader,supports-joint-leader,False,False
scan-hop-c151a82d9c78b338,sha256:a4a7c9907bcfd96d0a28cf76693fad34b9921b5fe481396eba77e46d5d797534,sha256:eb14283ddc67b696442ed5c0df69a2d0f74166bfb4e74aa389577a46acc00dea,unreviewed-side,,63792,63792,55604,78.89976167519234,140.37221537167977,209.6420376471123,300.3027947798053,-2.0,False,unsupported,supports-joint-leader,supports-joint-leader,False,False
scan-hop-c151a82d9c78b338,sha256:ad2962be72c9f1dbf356a0668505ac19249907f36baf00ee57bdf300b9306cf3,sha256:02f90c199b4f87575ed6fe65354a9906a299b1c176b4da1f38e77473d4302530,same-leader,67986,67986,67986,62515,127.20696695528716,150.8576457245431,251.16898893546954,286.38322919162636,-3.0,False,supports-joint-leader,supports-joint-leader,supports-joint-leader,False,False
scan-hop-c151a82d9c78b338,sha256:b3234aadab5b4288a48c55bb5ec1849f881834f51d167796b4bbbed268990398,sha256:4ad386cdc8d7709ee5037aa25b6862c8a2f60a29140b6656e3667d013eba2455,same-leader,68514,68514,68514,47723,127.32409742327219,200.9872117028833,748.0743441526308,855.6800048241216,-3.0,False,supports-joint-leader,supports-joint-leader,supports-joint-leader,False,False
scan-hop-c151a82d9c78b338,sha256:c22c198e2b7e00d20a23aaa73dc8607061f4a01c8b5002b1d085e3a989ac8223,sha256:12878108b73363a4ce3b9041b48bf2a6b54bccfbf44e0e537f7520469d514ff6,same-leader,61891,61891,61891,100419,122.60404527782283,103.66450632486075,1554.5303520601258,1379.0548775156612,0.0,False,unsupported,supports-joint-runner,supports-joint-runner,False,False
scan-hop-c151a82d9c78b338,sha256:dbc8c9de4834d5155ad7677b4d78ff8cd283ed6ef5d99571641f545fb92afd61,sha256:56376811e872e1a5a2e4a2a7211a886c056d62ca61c7f11776b248f088f104fa,different-leader,65421,59024,59024,100419,101.80154792651398,84.61734262988855,890.9048680492174,1128.4019581696575,0.0,False,unsupported,supports-joint-leader,supports-joint-leader,False,False
scan-hop-d269a49975308aa9,sha256:1859c6418c8886e1048cf715dbec7fd81d5e3d7f1779c0cd7e940d6d0e2d4184,sha256:1c5ad290a79fe6d4c7fa57ba07bd95e3f8812618c0cadd11eb4f0d05a41ff314,same-leader,59846,59846,59846,53468,87.35021487745743,67.59869527496473,185.24832919602582,206.6012457268699,0.0,False,supports-joint-leader,supports-joint-leader,supports-joint-leader,False,False
scan-hop-d269a49975308aa9,sha256:2a81246d7fb39cb9f78d4b85ed13ddc6e69c01c5a91c279c4cc489f5e4a1c242,sha256:8d2037b43225c8c68b4e0968f351c2dd732e7ec61e7d9fb3c4ed6a8517f2cc4c,same-leader,62200,62200,62200,49745,70.38123924177727,170.5061325619664,781.8073479226443,907.3326956364764,0.0,False,uncertain,uncertain,unsupported-or-uncertain,False,False
scan-hop-d269a49975308aa9,sha256:47c182bda49f12a05ff3027524f699f2321703c658c6362f6d1b9160d78c9f2d,sha256:bc1398688862a4348fd06921f7a1ad3e2852dd2a5103b71d88db2a5a842138d6,same-leader,65354,65354,65354,67694,84.23475593199944,82.6570716276441,642.2234526343807,835.3163378925705,-2.0,False,supports-joint-leader,supports-joint-leader,supports-joint-leader,False,False
scan-hop-d269a49975308aa9,sha256:577f8209e8c0f3bc5802efa5ac06c683d14986433d0a1a644ead3b573766409e,sha256:d2e4ecc929a434c27836c4a11aba45c5efe015a572f2dc8a1ea7fb709f40da4f,same-leader,55499,55499,55499,65912,80.77332119154484,68.15194542182934,1336.7540732834955,1091.505073179314,0.0,False,supports-joint-leader,supports-joint-leader,supports-joint-leader,False,False
scan-hop-d269a49975308aa9,sha256:d29a3cce2b53a9ed85dcca8d0f6039dadc2ff8c00bd15225101b00890844434e,sha256:15674665ca7ee70e9e898845da8933f98e7088c2777615799eb79edc54a9d8b3,unreviewed-side,,65912,65912,55499,118.39920418236746,103.39342582613016,817.8522707487791,1087.9119885452005,-1.0,False,unsupported,supports-joint-leader,supports-joint-leader,False,False
scan-hop-d269a49975308aa9,sha256:edbb65af2a893e45038fb4b35d0b724789c2517dc9dbb383c06645a8f2eb6109,sha256:955b57182373f6a3c6a38dfb69590eb0b93030eba0389a848d382c403c68d14c,same-leader,62200,62200,62200,49745,84.85430365764064,106.12106584236835,695.2241380711785,1076.880842454774,-1.0,False,supports-joint-runner,supports-joint-runner,supports-joint-runner,False,False
scan-hop-d7cc71f5a28f8b32,sha256:0aa7c65b68d50f85ab7b64e4b10e668ac626daf773517f555e355683c15c7159,sha256:5c46ffb224831c848694aaf2bb98ccd0972fb34772e6cb512e42ed855064b898,different-leader,52102,67866,52102,67866,117.55633544555106,163.06023215218423,133.35979552244362,181.15972145049633,1.0,False,supports-joint-leader,supports-joint-leader,supports-joint-leader,False,False
scan-hop-d7cc71f5a28f8b32,sha256:0b614861cedc44ecf21d9ed52560eb77f63ba571a0c1d6671ce0599afb681531,sha256:8b38072450323c1611d443beb28c8d77a3aa08afdf97d981003d05b82a023375,same-leader,67174,67174,67174,52371,101.70519368587928,91.9816346617486,307.9387960475647,348.14234718360234,-1.0,False,supports-joint-runner,supports-joint-runner,supports-joint-runner,False,False
scan-hop-d7cc71f5a28f8b32,sha256:0f146c9536fe2d0a66bd5a895488f20d63786b3d24f88614c09436eab6c3feb1,sha256:9d3b8848546c5f493b00c9ebd8a06edddbb4dd63b6dffbd938ac80bc4e29d4ae,same-leader,57902,57902,57902,65349,121.02890243924763,117.80299849316363,412.02835971520244,577.6265672345114,0.0,False,supports-joint-runner,supports-joint-runner,supports-joint-runner,False,False
scan-hop-d7cc71f5a28f8b32,sha256:51736472e56bf9ee6da3833fc3746d3271b80da95c5ac33127df83f93a8b67d6,sha256:713559b938e43cb02b9b08744dc5b4a2a0db90a3ab3fd77bd61d5dca47b90ea8,same-leader,59089,59089,59089,45538,86.11033539494407,363.564935080171,393.3980173665774,449.14982544968893,0.0,False,supports-joint-runner,supports-joint-runner,supports-joint-runner,False,False
scan-hop-d7cc71f5a28f8b32,sha256:84fa365f119bf1d9a2b61e47c780be7b6d6e2fa39ddd6a89331449146257cf63,sha256:d42a811bb9db46ba14d6d4b17632f67a306a6770941cddb42a1179776086a05d,unreviewed-side,,67866,67866,52102,80.63077032949914,80.2193367713347,84.41385691333952,81.69350265776312,-2.0,False,unsupported,supports-joint-leader,supports-joint-leader,False,False
scan-hop-d7cc71f5a28f8b32,sha256:9ad447e0a5c6fdea02e23ee4c061ca4558dc24ac79ea0e2a8bccf631273466c9,sha256:beb714af8bc0708f65be67032a6462be6430fe0faa7130667ec171d6abc672a6,unreviewed-side,,65349,65349,64381,71.82654152871491,80.9156630231491,295.24573833733484,351.9850999079701,-1.0,False,unsupported,supports-joint-leader,supports-joint-leader,False,False
scan-hop-d7cc71f5a28f8b32,sha256:a38ce73b1b9f6b92cd6ced40af2e58d8f5cde187ab248dcf07f2a2bf9bcb3993,sha256:bdfefe9d1c2cbdebdcac2ae1f6b26210c0170743a8e9322de2070039824718c4,different-leader,67866,52102,52102,67866,88.90539987938122,112.85550546493673,106.90832923294623,153.92621042665016,1.0,False,supports-joint-leader,supports-joint-leader,supports-joint-leader,False,False
scan-hop-d7cc71f5a28f8b32,sha256:dee5bc4a6d827f6cfb3c01b0bf99199afc6bde1c3d818a4395eb82dbe1963edf,sha256:f164cdfa7179aa2d1884f287d3e32e961aabbfef243242da5663a3906d7b5ced,unreviewed-side,,68113,68113,64381,117.9262786781574,87.8766369345928,794.0636709334912,763.1453123852557,-1.0,False,unsupported,supports-joint-leader,supports-joint-leader,False,False
scan-hop-d7cc71f5a28f8b32,sha256:e15fac828f8e82dfe3efccf833cc272e249a9be99afb8501aa2d79e65dcd6d67,sha256:eb1ce5812207167c72c4d67c355e905f7d567393cf20e1bbece7c56cbda474ac,same-leader,59082,59082,59082,66962,98.81303297763044,98.20627816674606,2113.784760506602,1515.6759653798772,0.0,False,uncertain,uncertain,unsupported-or-uncertain,False,False
scan-hop-d7cc71f5a28f8b32,sha256:f58d8f7de72a660b798aaaf495706a1ab3aa5f7f6ba880e25b851869a2ee9b4b,sha256:b15fe48ad5598d5c983bcc12db2858dd2df7a61482699d854a3c97a2340a0560,same-leader,59082,59082,59082,66962,132.55976969587928,129.11911514055734,2507.589506542507,2685.0496558081763,0.0,False,uncertain,uncertain,unsupported-or-uncertain,False,False
scan-hop-db07baf703626359,sha256:0cd1c9eb5b9f1bd5679b52508602cf42cfeb65720e8f9c53598d4f752cbbe7ec,sha256:a32c77b34d9784dabaa2722ce00ab0ad4f5fc04a521b820e69ef6b9f09f4637d,same-leader,59367,59367,59367,58099,132.25146376954444,140.3191290620801,2244.2357930002977,2091.1966004712403,0.0,False,uncertain,uncertain,unsupported-or-uncertain,False,False
scan-hop-db07baf703626359,sha256:5347ed34df1cc380b6bb1db17515aaef1ace29eef8141ac75707c183fb44e07d,sha256:876cbfe9f44abb8b0b45ad0cea4d12315a64cc0bd4203e1645a42679feb162c4,same-leader,59367,59367,59367,58099,134.1912921678644,170.64666154668097,2322.045543241292,2378.081856624332,0.0,False,supports-joint-runner,supports-joint-runner,supports-joint-runner,False,False
scan-hop-db07baf703626359,sha256:64263b5feac819e6d05fb6705451c6c958f5a90440db2f6924431b5e10c3ba8b,sha256:39478b50564080ae6859e8e72d65e7cee89590c9005a40ec20cc88554e3df73a,same-leader,59367,59367,59367,58099,137.24793456764309,139.28251297919024,2262.495277164097,2486.069939753487,0.0,False,uncertain,uncertain,unsupported-or-uncertain,False,False
scan-hop-db07baf703626359,sha256:918b05643274e22e705677516bd2b636b8e933789aeee3094fdc5ebb4473281b,sha256:f73334ea46ba2201d79cea0437f336030e7e29eecc10e1a7718e3b87bbe655b2,same-leader,62033,62033,62033,67312,121.29803840574692,97.49321296416826,863.4099556086898,825.3588655825749,-3.0,False,supports-joint-leader,supports-joint-leader,supports-joint-leader,False,False
scan-hop-db07baf703626359,sha256:b8e5d125c325ec7dd040670c0e1f64feba7aaf02e3aa2d87515cd8712ce21127,sha256:932d945bcd4facd12bee0c6b8aa74c075d795ae70e4515907618116d95217550,different-leader,63582,59930,59930,63465,698.4786723635948,846.9229686113129,921.674609914972,1319.8719545345105,5.0,False,unsupported,uncertain,unsupported-or-uncertain,False,False
scan-hop-e46d3aba244cf641,sha256:2b967dd1d322ff97a2301026f6787fd254031abe28cc6cc7e3ab6d90224e7d1d,sha256:a383de9700ba35dba6883c8475b636f68a0a3255187045f5aab0a320afe3827d,same-leader,59661,59661,59661,57921,131.32117910068456,152.35291006994444,204.52516316667405,204.88914744582377,-1.0,False,supports-joint-runner,supports-joint-runner,supports-joint-runner,False,False
scan-hop-e46d3aba244cf641,sha256:33f564e41c9cc3b0c1ab913b8f392390da46e0db11d2d2786fcdc21878fa9d33,sha256:2d8aca61673df69483d6af90db90808c75fc864db2217a643a717878f6318968,unreviewed-side,,57921,57921,59661,58.86431317737552,57.48141573142728,218.62981522838382,132.24232503344606,1.0,False,unsupported,supports-joint-leader,supports-joint-leader,False,False
scan-hop-e46d3aba244cf641,sha256:52135bb05385e0f3820731eca5b8a6371e1c9cccd2d92fe0a2e93c7573df6968,sha256:c56e2c7ab784ff9458a3d2540e8a124ef556f3f30c5ed12ed06088dab68e4f11,different-leader,59925,60188,59925,60188,628.0432842242501,927.4884338396257,653.5891880136186,799.4565082213785,2.0,False,supports-joint-runner,supports-joint-runner,supports-joint-runner,False,False
scan-hop-e46d3aba244cf641,sha256:52945993e54a95bffec8fa397c0ef8f6b8dee8025961b4ecce3a607b9066009f,sha256:f061243e92d4ba328805ea44d4f8d5b1ab7df6245be9a7879ec068c4c01a35d3,same-leader,59674,59674,59674,67321,156.49891335083208,101.89237595895678,1002.712227725726,931.9973245310318,1.0,False,unsupported,supports-joint-leader,supports-joint-leader,False,False
scan-hop-e46d3aba244cf641,sha256:76525237b96a1612144fb4c29e71aae6453f6df22b4afada637bdd559f9e8c18,sha256:68f5a3c1015a9268dc4caccdcdcc0fbcd36af3ae067a1d2191989ae14e4d1b38,same-leader,64497,64497,64497,64483,114.59337774482054,114.72818454541087,941.0936345721542,1030.3419200664569,-2.0,False,unsupported,supports-joint-leader,supports-joint-leader,False,False
scan-hop-e46d3aba244cf641,sha256:7cc20d62c9c6be692e248ab630a4110dd4b96cd06cedd4c5e2622d8d4769e135,sha256:bc85aacc3fb532a0c009ab9dfa69a0976580c7c9e48084a22b5dbb29c25a9228,same-leader,59927,59927,59927,64483,126.22562527692716,120.98358413187769,691.6264210559319,631.7527642504792,0.0,False,supports-joint-runner,supports-joint-runner,supports-joint-runner,False,False
scan-hop-e46d3aba244cf641,sha256:e36b7b6bea061125e5a739521fe465b98cebc51539be5158d6da2a4e59d3791b,sha256:78c307f35318463a89d69c38f2b648d13bf892efaf11810f153bc09b8ddf2173,same-leader,59925,59925,59925,60188,380.6561478507452,556.4221510437569,1482.3167607253636,1948.9020642830112,1.0,False,supports-joint-runner,supports-joint-runner,supports-joint-runner,False,False
scan-hop-e62070d6a4a5b493,sha256:3b991c383935ca1dc86170482c2936c0f719473aa619f1c048559881f97b6043,sha256:c6e3c16ccc9abed7c7d338272945b12c4dd076336d972d22b106d4588ac4eb1e,same-leader,61521,61521,61521,68605,112.51885016564984,79.6950604202852,532.416537045356,765.9195127253823,1.0,True,supports-joint-leader,supports-joint-leader,supports-joint-leader,False,False
scan-hop-e62070d6a4a5b493,sha256:4cf7b62650dfc8a3ea9b43b766fd90adbcf6442c109de8734b70daa6a0741d31,sha256:2f7c8354369d63c07ab518a123e6876c068820698afb19f3b23bba6b9809c24c,same-leader,61521,61521,61521,68605,102.28610105501492,104.2031232893195,429.2387678760659,500.9164686129336,3.0,True,supports-joint-runner,supports-joint-runner,supports-joint-runner,False,False
scan-hop-e62070d6a4a5b493,sha256:821651b57e7620a6aeed9c8845ee4846ffdddbb16d3b3d6507d8fd990cfbe083,sha256:3402421a1dac6f141e85880291695f8152f312f03cf77278ee68e6e807a12643,same-leader,55612,55612,55612,59170,138.30523791111744,120.22728288647917,143.18349359365126,95.05916342327534,-2.0,True,supports-joint-leader,supports-joint-leader,supports-joint-leader,False,False
scan-hop-e62070d6a4a5b493,sha256:844b828e89d65df84949e05e79ffd622523814e153cc883abf94034069123c93,sha256:f61fb85666a18b25e6d43687ffc4c3eb69c2558f0e4f55cc28ff24c4fefbf35a,same-leader,68901,68901,68901,63508,122.25278244219635,167.22414403670174,831.7091492843583,921.0996978066834,-2.0,True,supports-joint-leader,supports-joint-leader,supports-joint-leader,False,False
scan-hop-e62070d6a4a5b493,sha256:86b1f90fc8368556ffdac9b4b3af2319c08023a328ec83ebcf9fdd45997bad47,sha256:9ec6d0c4cf52d996f0cf3ea8ce9de8702dc73a0fb2b913746b46ca40ae201a44,same-leader,69135,69135,69135,57530,115.80092789972727,137.629769538731,7601.720797265207,7109.662583627542,-2.0,True,supports-joint-runner,supports-joint-runner,supports-joint-runner,False,False
scan-hop-e62070d6a4a5b493,sha256:f3f63477be5ac6b1501c7c2526732a124f49a638235238658d2eb2bcfb074632,sha256:c32f99302b4238245628a4c5ea448c586871c9defd0a98c964251ef4d2529e70,same-leader,61526,61526,61526,59170,81.96540807502623,69.38596591545695,1435.25989475822,1580.8589123176796,0.0,True,unsupported,supports-joint-leader,supports-joint-leader,False,False
scan-hop-e62070d6a4a5b493,sha256:fec1c408a59109b6d8a44d5f9258a1b4f08bbb69e2be56c0dc27118e7251ae5a,sha256:c32f99302b4238245628a4c5ea448c586871c9defd0a98c964251ef4d2529e70,same-leader,61526,61526,61526,59170,101.61452176508082,100.79184210346378,1583.4657102193337,3042.181244437766,0.0,True,unsupported,supports-joint-leader,supports-joint-leader,False,False
scan-hop-e6ba619a89a0f227,sha256:0c886b5f30550d6fef37484ba804981b88590151c4770c0c9d49df41092a7a18,sha256:c528da0665196e4ede3d640fa10350341834f7996dbadef5e8044f7772b91f43,same-leader,68004,68004,68004,62860,105.94790398644902,109.09228529838002,1910.1418965589282,1933.0183300287752,-3.0,False,uncertain,uncertain,unsupported-or-uncertain,False,False
scan-hop-e6ba619a89a0f227,sha256:1f89b46357e13ea971d1f0e6cf2e8bfa8ab8e49c029a10415f0f41be1dc8dc1e,sha256:69e4218328ee302531b02b56febc4078335c95c2c5aac26d948d472f91e959df,unreviewed-side,,59503,59503,59693,185.79031195421373,157.45049618359263,236.89716948063773,182.07461974577174,2.0,False,unsupported,supports-joint-runner,supports-joint-runner,False,False
scan-hop-e6ba619a89a0f227,sha256:270f2797bcc8c49b1bea9c178ea855ed196a8813c56f5e981265e003318a16c8,sha256:642a861c822f4de2d4c4a3cd949af6d77e0f09fe6e9d153807b9b8ede693b895,same-leader,66856,66856,66856,60943,110.29067492641683,87.24291172191258,501.2721260816007,733.3182994353351,-1.0,False,supports-joint-leader,unsupported,supports-joint-leader,False,False
scan-hop-e6ba619a89a0f227,sha256:348c26a22ff9ef2ea5ff8b7057b78bd4023d291638f72d0860263ac5c164b2f2,sha256:70c56b6cdebd8d36c4bf0f19e6278200867c16fa748070de42d80a5fddc5daaf,same-leader,67987,67987,67987,46034,161.5653251382269,180.1629336026487,575.9961261690542,730.7236961971499,-5.0,False,supports-joint-leader,supports-joint-leader,supports-joint-leader,False,False
scan-hop-e6ba619a89a0f227,sha256:51d9405b0067f905ec5b6f5cb25b07dc39d8a3513e1c65410086ba3ea60d89c4,sha256:a524b0762f58f99833476bcebcb158d522ed5166eddf667d852b416eb08efd98,unreviewed-side,,59503,59503,59693,87.50573555613425,63.51435150353501,160.340049191903,139.60001334277055,1.0,False,unsupported,supports-joint-runner,supports-joint-runner,False,False
scan-hop-e6ba619a89a0f227,sha256:a3244a5b7e1a8100db5bdd87c50e7e02fd8f7e2f4225f61b35aaa1fc45577735,sha256:be491ec6e22f05f32ad52053449bcd7ff7341c91c0ae5465e3ac5be3fa9bfe78,same-leader,67987,67987,67987,46034,220.50569459860222,198.7381926985883,665.0572409088087,821.6056497897976,-5.0,False,supports-joint-leader,supports-joint-leader,supports-joint-leader,False,False
scan-hop-e6ba619a89a0f227,sha256:c1fd40e4a38576d4a4d974a807f026b573dfcbc3aa07ffbb89f92ab787b4b340,sha256:dad03a47c164237439f3dfac02e0763b028b9750de2b37c3abe5a32966f46b9b,same-leader,67987,67987,67987,46034,111.4039834322974,152.81355547213045,530.970852236582,755.6887072186697,-5.0,False,supports-joint-leader,supports-joint-leader,supports-joint-leader,False,False
scan-hop-e765492d673ecc27,sha256:1185b52396f2c8c7167102084b77e521c201d2e730328371938b530a5fe615b0,sha256:820ad4bcce1f64deb9ea9725b848d1083e477363d7eb43d324dac736baf3519d,same-leader,61666,61666,61666,67873,97.87936795662455,134.83545873230142,1759.4307085151002,2640.4576739699914,0.0,False,uncertain,uncertain,unsupported-or-uncertain,False,False
scan-hop-e765492d673ecc27,sha256:480422874c5ea7e854c661757dd3b59cccc86216e4a50f7b98a9d5d5bd49991d,sha256:cda8658b4eb224b40f5c1eb27d44949f580b2036d8d40fda2c6f706256a56295,same-leader,61666,61666,61666,67873,99.18047694434303,92.36963808437159,2648.680609504341,2966.389929423449,0.0,False,supports-joint-leader,supports-joint-leader,supports-joint-leader,False,False
scan-hop-e765492d673ecc27,sha256:4cbcdb47ee71c6ddaf2277341272ba79afddaa21112db7e221a343fd9257d831,sha256:8e7f880cfc25bfc208ca2ea48cf5ba97df3d264394af916ed118219d2c382178,same-leader,59032,59032,59032,55348,112.66624738481937,87.66042120552466,983.7615155919626,823.0921747870096,0.0,False,supports-joint-leader,supports-joint-leader,supports-joint-leader,False,False
scan-hop-e765492d673ecc27,sha256:4cbcdb47ee71c6ddaf2277341272ba79afddaa21112db7e221a343fd9257d831,sha256:dfdf38c6dc255b83396b3033445877acea845baf00d0810d7ee1f3b97a2321c0,unreviewed-side,59032,,59032,55348,77.15206522894361,156.98407684291354,698.3268109103357,886.0148502618003,0.0,False,supports-joint-leader,unsupported,supports-joint-leader,False,False
scan-hop-e765492d673ecc27,sha256:96e0b4e1a0ceffb600806eafb275bd27f92a85eed29d0a60ba93aa28fee91a51,sha256:dca6b76153ea7431d43445fa90efa01af36c3b68cd472dd19d00c6b9c67ef74b,same-leader,61666,61666,61666,57252,131.92937767651262,196.12518323073357,1892.5757953783652,1853.2225907915415,0.0,False,supports-joint-runner,supports-joint-runner,supports-joint-runner,False,False
scan-hop-e765492d673ecc27,sha256:9eef6bd5a0d4a72f6afa153d82638294cd2093aef28a5e29aa6f41a691c108d4,sha256:455caa73026419e061fb7b0b5d6681680e141182a2795d32218abc7af5f9cacb,same-leader,67873,67873,67873,67865,95.15315634900247,99.26734527287137,3390.6027243623294,4095.0238309732,-2.0,False,supports-joint-leader,supports-joint-leader,supports-joint-leader,False,False
scan-hop-e765492d673ecc27,sha256:a57585cdfad92156b4d7a27ead5cf7a95ff4e2eef102dedd62352284e5885686,sha256:b49cc6118808d6af8a3684542973d5a257689bc68e65a0d707eace97f8132c32,same-leader,64188,64188,64188,65838,103.84247415927895,82.09157824609703,2237.1067394834326,1922.4529351810777,-2.0,False,supports-joint-leader,supports-joint-leader,supports-joint-leader,False,False
scan-hop-e765492d673ecc27,sha256:aae74eb10f1b6886c5a6a0d0e6b712b25b15d24ae17b61532b5c5820ab7f30b9,sha256:9130435252355cdb295a69c8c739644e667e084f08160ca745f2ebf8489b5232,same-leader,67873,67873,67873,67865,112.24625758415321,56.62747888752328,1446.0022414465607,2141.0320808047704,-2.0,False,supports-joint-leader,supports-joint-leader,supports-joint-leader,False,False
scan-hop-e765492d673ecc27,sha256:be5fa4c82eab238260ac19706aa5f29afcdeb202320c2130ef046487ae28558f,sha256:11ea8533d35806bae1cb83891fcde35654062455b1578cc7df9a3b3d736f21f2,same-leader,67876,67876,67876,64254,97.59696883447585,95.84482693087435,457.3603854726222,505.8685492542606,-2.0,False,unsupported,uncertain,unsupported-or-uncertain,False,False
scan-hop-e765492d673ecc27,sha256:c2047f99f2c616e99ffe3769c897859567c1e18058f9cf12871bc6845cb1cdf5,sha256:895c63bd9a691782384f11193187766fb0f03394aaa3be00ef1f06c5e7f7fb97,same-leader,67089,67089,67089,63653,119.08103197397914,129.52530666540378,221.01959226861158,240.35043584162938,0.0,False,uncertain,uncertain,unsupported-or-uncertain,False,False
scan-hop-e765492d673ecc27,sha256:cfebecdf9820532373be8601758e7680063cf3e072a241778c3ab5c80d89a5ff,sha256:137508e30e23dcc96a1013afe7830ab51ab1ef3310a3e505699e2f006fc1f76d,same-leader,61666,61666,61666,57252,52.462064077027385,110.40439431907733,72.7514667747281,135.27379844240377,0.0,False,supports-joint-runner,supports-joint-runner,supports-joint-runner,False,False
scan-hop-e765492d673ecc27,sha256:e1f107451c36f535746f004b6340c22de41873e837afac0082c6b98a190b3ce9,sha256:e20e51ddc6159f1b9f8286462ad93f7b38dff6ed229e94ba918dc11922cb50d8,unreviewed-side,,67873,67873,57252,145.1308170192453,162.69806922419946,703.9133079898179,859.0416827150984,-2.0,False,unsupported,uncertain,unsupported-or-uncertain,False,False
scan-hop-e765492d673ecc27,sha256:fd2de864a5cd1e0836d5266509698890ed78806e56aac4c028a75b699db60a46,sha256:21cd02bb0627cc71061a4ee17260c925c98f18e4e23c545cbb5413272e97801d,same-leader,67869,67869,67869,64319,107.27661657002952,114.46520053868242,2097.6556818668,2724.0225577905526,-2.0,False,unsupported,supports-joint-runner,supports-joint-runner,False,False
scan-hop-ec2503803f23aaaa,sha256:25144db11f046ec2f67405e824c33877dbf8c25fcff00b98cfb2eb9a0a98da5f,sha256:5f1b7b2bbde0b21b351daa1668598fb877095fac5faaea313fc0c98c73ecb2da,same-leader,63587,63587,63587,66093,111.16294109247482,161.14267860277315,1031.4864598922218,984.7248119311448,0.0,False,uncertain,uncertain,unsupported-or-uncertain,False,False
scan-hop-ec2503803f23aaaa,sha256:2fbc2e965b8efe97e98d804009dc97aae65e1f35aed133bcd6f8d835d85527b2,sha256:f22486f7afa3b17437db8ea3e6af09eb952e1ec62e72a021bd8d4bce27c2fef5,unreviewed-side,60447,,60447,58063,34.189347317141284,41.97956640581469,305.75748026551446,460.2478167452173,0.0,False,supports-joint-leader,unsupported,supports-joint-leader,False,False
scan-hop-ec2503803f23aaaa,sha256:51bf33bb94aa814a7859adb4ed0e135712b95979d7a84adec694081fede32545,sha256:198532aa2446e6b06b06bab1484253b694e05a033594311c66ff863fec064da3,same-leader,67499,67499,67499,57234,59.11720118446492,65.71883984513164,471.5856594471708,507.54326353100373,0.0,False,supports-joint-leader,supports-joint-leader,supports-joint-leader,False,False
scan-hop-ec2503803f23aaaa,sha256:de6f6ef7825d182f6d32341cabaedfdcaef587e173d0aeb031d31690fbd435ab,sha256:c718f7110c9df29e786aba8d0b372b76b61d420466ca4bb4fc436dda808d4024,same-leader,59924,59924,59924,48328,76.53021191324916,78.60181587497124,480.4714337253429,528.547712695911,1.0,False,supports-joint-leader,supports-joint-leader,supports-joint-leader,False,False
scan-hop-ede0be76a09fbcd9,sha256:1b188116246d7442f017da920a2d74d0adf26b4913f1472894add856aadf566a,sha256:a60edeb69f33e67a4156a23e3da6da5a076e4a1f2c54044ae2dca776eb28a1ca,same-leader,60344,60344,60344,55600,75.9390317787109,117.00974111180854,2647.6385379514145,3729.2264778898516,1.0,False,unsupported,supports-joint-leader,supports-joint-leader,False,False
scan-hop-ede0be76a09fbcd9,sha256:38074889134b9bce0f8a24c845fd9ced8c32ff099fb4427a1d265bcf0db71f73,sha256:ba5bdf9784d54528d13c4c4246a84b782779f12fe82b46a6f12d07c685e72942,unreviewed-side,,100033,100033,48695,128.0477434709974,146.85227976133694,1508.2288868919566,1521.2807226578675,-1.0,False,unsupported,supports-joint-leader,supports-joint-leader,False,False
scan-hop-ede0be76a09fbcd9,sha256:71afb5b543011b4b3db993b49f390fe6e10c6f2efe2ae309cad66756a686073b,sha256:c14393d35f420b5ad3042df52cbf00a7c5b5f1a3e5a636cd0f04ac7c4c71994b,same-leader,58239,58239,58239,59258,91.69028458578123,99.4611148828478,1341.942283483155,1589.204591147543,0.0,False,unsupported,uncertain,unsupported-or-uncertain,False,False
scan-hop-ede0be76a09fbcd9,sha256:7ebdf39ee4677bc26d8f4b2b534cbc3df66369ae36a49323e4536c079daf2a70,sha256:5a6ee9f0a2499284498354a1801204730123b5a8ae52046243c971ec30f166b8,same-leader,63637,63637,63637,59013,112.5161427268472,141.31873105482,1374.302731413327,1658.5411997452097,-2.0,False,supports-joint-runner,unsupported,supports-joint-runner,False,False
scan-hop-ede0be76a09fbcd9,sha256:af502033055b897c7e298a2fd83dbb397252bbc294f92c92b52ed61f36c5dd1b,sha256:ea1cdba5af194b60705367cdf198c985550d90d2505f9e872d2035a1e3926822,same-leader,60017,60017,60017,55618,118.29280524128698,99.76517764799108,2391.800553794473,2647.8732071170475,1.0,False,unsupported,supports-joint-leader,supports-joint-leader,False,False
scan-hop-ede0be76a09fbcd9,sha256:de0b2f121fcda05b942fc30752be27f334392fea035847e7bb0672b515d8a82f,sha256:892e5b371b5d8c88af5ddeaba3b272045259a0c422d50bacf0d19e6cb8f45f6a,same-leader,60052,60052,60052,62501,104.96219526317923,142.16146253755144,2527.5601257231397,2017.817614775898,1.0,False,supports-joint-leader,supports-joint-leader,supports-joint-leader,False,False
scan-hop-ede0be76a09fbcd9,sha256:eefe756320bb5a4dd603c0e5c5fc75c3391a01454e13f13d9648c1fb35880c3e,sha256:1209f6a546f7b3b71fedfd5b67e189c77cdcd9cecdab1c606d01bfde06f28ed3,same-leader,60017,60017,60017,55618,116.83374855681005,123.83304206750005,2512.7151303617784,2276.724917617944,1.0,False,supports-joint-leader,supports-joint-leader,supports-joint-leader,False,False
scan-hop-ede0be76a09fbcd9,sha256:f2a96c6c96b6dfff0f3756f7bb8b977371bccaf3f2184e45723250535ea20336,sha256:2bc4689116301d67cf7d588ae61878fe10fcff2a863ed7822e898377474ebbda,same-leader,60052,60052,60052,62501,134.8511695658807,122.27026512549237,3459.123836137647,3638.3703083626774,1.0,False,supports-joint-runner,supports-joint-runner,supports-joint-runner,False,False
scan-hop-f3fa86c3c9915233,sha256:09c0fd5c8ba33c868546f88f9128dffd5b1e1ff5a63cbdbd2b04ac1afe5d084f,sha256:562102d64a7bf0d5d43b74baf450651dda5d47e5e8df615e68763a5bbe5e466f,same-leader,62321,62321,62321,55617,104.97121270433671,106.90361528089547,2287.3937226261423,2141.297751453729,-2.0,False,uncertain,uncertain,unsupported-or-uncertain,False,False
scan-hop-f3fa86c3c9915233,sha256:0ae4088311f1dbea7a07ef974046e2541453a2a321ceec589a41f526132e2953,sha256:a3f3c38266a761bf463dd27bb76296355a282146a50ba0a63f53f5ad2b21f938,same-leader,64011,64011,64011,58243,55.029344166584295,46.24419140481679,64.73501017121966,100.09441720334318,0.0,False,uncertain,uncertain,unsupported-or-uncertain,False,False
scan-hop-f3fa86c3c9915233,sha256:6c806214dfaabf17242ce52a7b2dd08078eb69a5ace2afc4a261281b2270c325,sha256:9fc5ef6a5318ac03cf8d4fe0510327636aa503f9aca2f75172141bceb187bfa4,same-leader,68294,68294,68294,100474,135.33076073243274,143.8379336276876,1008.1830149093645,919.6911880758156,-5.0,False,supports-joint-runner,supports-joint-runner,supports-joint-runner,False,False
scan-hop-f3fa86c3c9915233,sha256:7e67b4f85d862e3d56810b5ef1e45b2fffe0f522b6aa1e16a8ca8ff18be98485,sha256:24e6dc13fedca59cf1ff91f331ad62627f3525ba7fad2f0276485f8b5d5ff677,same-leader,64011,64011,64011,58243,41.806271385809495,75.03485423664621,62.03900285507484,99.50109825014746,0.0,False,unsupported,uncertain,unsupported-or-uncertain,False,False
scan-hop-f3fa86c3c9915233,sha256:83934abee885b9cd85f2fa6bd9d4638c6b6286be044ac5ed7642805c4f87b1fb,sha256:073aff53961131e9543ca9a38be08a51d0ecd616cb0a9406d4b7b373064c51fd,same-leader,64743,64743,64743,100485,40.97433387189085,123.54086901353332,313.5020365183761,488.8787595216319,-1.0,False,supports-joint-leader,supports-joint-leader,supports-joint-leader,False,False
scan-hop-f3fa86c3c9915233,sha256:85984b4f75a364c09cec9262c4b455dd9fefbc2941ca81eae46b59784bd284a9,sha256:a508119b1e9c29d5384485325e8630fa5472a5ec4b21ab14712f6d9fa42c4e75,same-leader,64011,64011,64011,58243,76.71528538570229,99.95586291575962,117.51029356253797,136.4141075283045,-1.0,False,supports-joint-runner,supports-joint-runner,supports-joint-runner,False,False
scan-hop-f3fa86c3c9915233,sha256:8d713551dfb9195d9d7192de412a0cedd74e6f6d49089f210ed3812bc3e78c62,sha256:c60c9230c1f5da94a1241094412cb86ac7f8d89a7c3e22c8ff0df918f46a6fd1,same-leader,56460,56460,56460,57111,106.00322280089266,155.69326375890918,646.4503570081678,649.1660257939623,0.0,False,supports-joint-runner,supports-joint-runner,supports-joint-runner,False,False
scan-hop-f3fa86c3c9915233,sha256:e3d664a89135cb098dfed2744993daca5a3a0f8012dfaf5d5456e048aa839571,sha256:6ebced2cfce074182ef6b9eb5d46fa636c82d32ddd8eabe8fe57ec404f14bebf,same-leader,64743,64743,64743,100485,113.41232261007944,90.54876797403129,1367.306855517699,1450.853048752672,-1.0,False,uncertain,uncertain,unsupported-or-uncertain,False,False
scan-hop-f3fa86c3c9915233,sha256:f5430ed40631766f1862edb489e635cf43d1113fcc40395112c2072bc1dfe958,sha256:f7a84d1b941f61ef96f49927c4f6c6f9a0a4e0b203153bc7c33563922e271e8d,unreviewed-side,,64011,64011,58243,126.72057674635462,100.41232854169635,130.1073153165586,119.39594071010353,3.0,False,unsupported,supports-joint-leader,supports-joint-leader,False,False
scan-hop-f3fa86c3c9915233,sha256:fd5dcc9ca6d71e33b6e5e155ec1cb737a556a9cb7129ec260225da0d404d493b,sha256:d495b8852c0adf47603b2d34960f9781b30d77f99f6749cecc70c682fac9ae1e,same-leader,59259,59259,59259,67880,109.95849474081483,131.94828146883296,1772.854050726852,1771.3022900932328,-3.0,False,supports-joint-leader,unsupported,supports-joint-leader,False,False
scan-hop-f3fa86c3c9915233,sha256:fedddcd45f8d6e4cd3e3def54650460060eb5bc99aea81b6b73f685f6960a112,sha256:67ba450796b58c44005d2659bdbbfcc1b9e2525e78371b3e2bb1ea40c4e30145,same-leader,64011,64011,64011,58243,109.69208438372696,108.70817734005928,722.9586777227084,662.2642602551724,-1.0,False,uncertain,uncertain,unsupported-or-uncertain,False,False
scan-hop-f6ec83681b6626df,sha256:298c31a9d92792aa9fe64cfc7b07d205487023736bce69925e397ca63c755f84,sha256:d75c425961b80748e79dfbfe9191f19f1fed8b555cad99d33e70783204427133,same-leader,65410,65410,65410,63773,92.86266338269488,78.69426673796829,831.9109744341259,830.5763865298903,-1.0,False,supports-joint-leader,unsupported,supports-joint-leader,False,False
scan-hop-f6ec83681b6626df,sha256:3ad99bc2aae03ff120e7c9be79680095be4b9ef1d1f865a92d80c33bcd28a07d,sha256:0c9d5a16ff3ad47315909ff158a66d807e0e2ddc53a5c890e6bcbc7f44d16ebd,same-leader,59933,59933,59933,62093,150.46408614737993,145.65172960622027,1501.8419428376094,1693.673968415501,1.0,False,unsupported,supports-joint-runner,supports-joint-runner,False,False
scan-hop-f6ec83681b6626df,sha256:4bad6ca36489f5223f9ad53cfb4ed30855a38d8283d66fd7fe833c919e1c338f,sha256:d3cf877a8f94375b919f5307066b66b54313fcb8493b473f32ed0cfacc3193a9,same-leader,63773,63773,63773,65410,539.8767924525674,551.4175382973534,1318.9341797481125,1441.876670518045,5.0,False,supports-joint-leader,supports-joint-leader,supports-joint-leader,False,False
scan-hop-f6ec83681b6626df,sha256:51bffbc1baee8ce3858ce13155dbe29b2171980d9f5732bb82e0deed25fbeb18,sha256:d335666bee1233008cea0323815d3038c665db9b0d8aac14a5b2385815c49512,different-leader,58721,64303,64303,58721,113.52165317775909,134.11654581782744,179.39320448605682,193.9208399719652,0.0,False,supports-joint-runner,supports-joint-runner,supports-joint-runner,False,False
scan-hop-f6ec83681b6626df,sha256:5de1290f631901ca4ee081a683617bf8d1c35d20de6d7d6d289f79c553daac19,sha256:3fcaffb7ded9da5d6a134345a7ce7acb103369471d18b6cfea4543783d6cf86b,same-leader,65410,65410,65410,63773,74.37733055786744,86.31342089374195,1795.9801227417192,1796.0509502316472,0.0,False,supports-joint-runner,supports-joint-runner,supports-joint-runner,False,False
scan-hop-f6ec83681b6626df,sha256:9ec591fddbdfc17b7b98f21d0881115016cbbd739d7cc95b749c70283d9cf72d,sha256:f8ae0d02d860e303c8e7ed0821f77c09c88c00a84ea2678ebcf076fceff9909b,same-leader,65424,65424,65424,68532,95.49542575201423,84.46584938318705,1478.7960855523404,1292.1584999037423,-2.0,False,unsupported,supports-joint-leader,supports-joint-leader,False,False
scan-hop-f6ec83681b6626df,sha256:ab649b63da6119d4bd177c0de44b71df211d465ddb8b629a265b6b260cfeec10,sha256:4bcf0a99edb87aa41af52e2f3ec4bcf4e9ff97c1dd32f5db2dde215a1ca59e50,unreviewed-side,,59933,59933,62093,88.55311999139698,65.41397059015573,571.1320113212208,549.7927403413978,1.0,False,unsupported,supports-joint-leader,supports-joint-leader,False,False
scan-hop-f6ec83681b6626df,sha256:ad588ab6d150780967255a5916e4e7fc73fd789968da0dffba06b13752492a09,sha256:25db7c2d41f1e8a8160c9d513b5531e4a12d2ee25dbd3be628981041949ec781,same-leader,67989,67989,67989,57975,132.96091643723128,182.18619380191024,205.47050392059555,236.90449625169026,-2.0,False,supports-joint-leader,supports-joint-leader,supports-joint-leader,False,False
scan-hop-f6ec83681b6626df,sha256:aecd79f793122ad59389a4183d67022d818d8eb2039754527d7e2fa51a625458,sha256:8a1f56f1832387153c2fca888e2367cb67f7721f1cc50c488a03a1e8df5d6aeb,same-leader,67989,67989,67989,57975,163.7488667003775,189.11479268813017,273.80265403932333,271.1300299104757,-2.0,False,supports-joint-runner,supports-joint-runner,supports-joint-runner,False,False
scan-hop-f6ec83681b6626df,sha256:c8221e2a33e13d93b7b31355e7e316e2d622618d80ec4c149f477d2c038eebec,sha256:1aa11f0ea1e5d93af3c6e2378344ecbd354d2b35afce495134cbe2d182e6948b,same-leader,65424,65424,65424,62593,69.02371402753334,97.76273753748602,909.7725729202621,1010.3102429413354,-3.0,False,supports-joint-leader,unsupported,supports-joint-leader,False,False
scan-hop-f6ec83681b6626df,sha256:c947bfd96a243a8e6a08f5ec59995a38d82ba6331388184e7a5aa5b16a0c543e,sha256:4803a4d80fa10fb83ddaf8d20b926caeff1776a743d3f97f44dd38de2c7a707f,same-leader,68005,68005,68005,58718,116.19297352159734,120.45039677430594,868.4063348567763,1167.955425568451,-1.0,False,supports-joint-leader,supports-joint-leader,supports-joint-leader,False,False
scan-hop-f8caee6d08673576,sha256:051a787c9bb2f0b3d6e7f8a0d72377fded646ea943ab67493ee6b74671c9e34d,sha256:8a13166dc541f56b4c86b4a332423d5800ade1d6c0cd4610ff38e22ccbbd76f2,same-leader,59502,59502,59502,64674,80.15857882315802,120.58592842859325,852.0784580022178,955.6984436462017,3.0,False,supports-joint-leader,supports-joint-leader,supports-joint-leader,False,False
scan-hop-f8caee6d08673576,sha256:964dd37cb4aae8bf270f77bfd5f951c5ed1ab3710e99ae675f1706ab903107db,sha256:f82381d2ed17bc21eeffcd17f1cda1411e4e49b30e9836d357f7924ac22b2136,same-leader,61889,61889,61889,53056,127.75769665455883,89.16495659460773,910.3533507278235,871.1294552213974,1.0,False,supports-joint-leader,supports-joint-leader,supports-joint-leader,False,False
scan-hop-f8caee6d08673576,sha256:b64731810a64e6d08bc452e9f05aa2a7ab4070e2c109b2017fc656f0b526abd1,sha256:a725e4c8bb60c366f31a5fcb02603dbfc2cdc6165f9695742937b192a10f100e,same-leader,67988,67988,67988,66360,108.08386559966341,141.4483951136189,983.9398760266218,1194.2893484195768,-1.0,False,supports-joint-runner,supports-joint-runner,supports-joint-runner,False,False
scan-hop-f8caee6d08673576,sha256:d5dc3a71112c23a3fff231068736612f159a8a3e1f2f4f7ab4d6cf5668054b77,sha256:5a9ff5132c004634f89dd6227856aa54c1341b6f967d95bf90e93f5cd88d934c,same-leader,67988,67988,67988,66360,85.77775547163176,68.94110442846383,525.9380501211167,640.8807659153423,-1.0,False,supports-joint-leader,supports-joint-leader,supports-joint-leader,False,False
scan-hop-f8caee6d08673576,sha256:fd72d50bafaf6683864c315e02f0b9fe2e32ad613f053085c633947388a8419c,sha256:9e58e443078f02a144516867c8eda11f5a322acb718f8e9ec01d727b808d1199,same-leader,68002,68002,68002,60942,133.43859190882463,117.80993178717685,1870.0125089074152,1628.9803103668003,-2.0,False,supports-joint-leader,supports-joint-leader,supports-joint-leader,False,False
scan-hop-fa900582aaef634d,sha256:2d5277bb5db30dda70c6d5569e0f883901b5763af5a11b4808326ad169101655,sha256:a9c0fba47e5b1bb0c26b94236dd2fef3ed21e94b53189cc3eae29c54860eb488,same-leader,67088,67088,67088,57897,105.20428129390163,99.11288986117447,233.71542114881274,253.16342843591053,-1.0,False,supports-joint-runner,supports-joint-runner,supports-joint-runner,False,False
scan-hop-fa900582aaef634d,sha256:4d07bb70c20433a7555977a452c60ed1e31558032dc1b53a3a0144ccc3a62d84,sha256:2399e185991b55fbe81d1df2f336386eae57b1aa8760b2dc4725441e87fa8237,same-leader,57496,57496,57496,64459,134.2597106504968,136.4542991549661,1654.8843760994541,1465.8606247632385,0.0,False,supports-joint-runner,unsupported,supports-joint-runner,False,False
scan-hop-fa900582aaef634d,sha256:67eafd0775605a2a110f989b22b1828a8b33e8c5f0f3c27257162a574bef8331,sha256:90702ae01956e7774d8dc20a0268abfc1710d8255d34d0c91a2bbd3334c89d86,same-leader,67858,67858,67858,63149,95.67204640622718,101.46453199367873,3602.6110082309847,3145.6491858809595,-2.0,False,supports-joint-leader,unsupported,supports-joint-leader,False,False
scan-hop-fa900582aaef634d,sha256:683d9854a257250f687b645ebf101994a34a39ce7cf767e93c60c20fcd3b7cb9,sha256:0039c0d5bf8733eb671a5d15cd21c5634c2a7bf9c8a4784c58d924d7ef4bda3f,same-leader,67858,67858,67858,63149,127.61550269304918,146.2858040606551,4534.176917094315,4943.92714715447,-2.0,False,supports-joint-leader,supports-joint-leader,supports-joint-leader,False,False
scan-hop-fa900582aaef634d,sha256:86f308d1ca3751e48fa51ee12f0a3491d21a3bcfedf51ce7c9ef00100870d8f2,sha256:25c88fa1eae0ab18ac58bacac5c47accfa241a9e3ade474b6201667f941a9a5d,same-leader,67874,67874,67874,64459,119.58440049004972,186.14207752534176,1487.1031626911067,1688.4778542123183,-1.0,False,supports-joint-leader,supports-joint-leader,supports-joint-leader,False,False
scan-hop-fa900582aaef634d,sha256:964a89957fa8c4178a090d95e8a967bb7284b352d75e1053d58402b7a3861d06,sha256:851b0f31b2af10e3f86459e26d52fca2977ceac42cc7e437c957ce6b433a00d3,same-leader,63124,63124,63124,100628,106.54993423342951,121.25973940571713,2039.0583867957744,2235.398383779051,-4.0,False,unsupported,supports-joint-leader,supports-joint-leader,False,False
scan-hop-fa900582aaef634d,sha256:ab6a8bd65b4748415020046838f53996b1068b66c527464642395283285a841d,sha256:b37b30bc8cee18ce3891f14841232042ce2eabf6f494cf53fd082b9784f499c6,unreviewed-side,64250,,64250,52133,116.23100207719453,154.9240681587262,864.0211084433531,1102.8258224917274,-2.0,False,supports-joint-runner,unsupported,supports-joint-runner,False,False
scan-hop-fa900582aaef634d,sha256:ac738f2cc4df7c873687c29bd1a3f20262dbe3693079a0e3d6efce2e71213d95,sha256:aacabe86c4f99ce245bf46c72d7354ef9e9899ff72eb5bb4d434c2fa327e0ce6,same-leader,57496,57496,57496,53531,128.07619027085752,134.51512908530097,2310.925477743257,2187.4250222767846,0.0,False,unsupported,supports-joint-runner,supports-joint-runner,False,False
scan-hop-fa900582aaef634d,sha256:b135e3bad5bf021355ec3e6cb5eb4e3a827426fb01989b14911448b1526f0ac5,sha256:5d5d64eed73591076f7b036d7c312c016c6e8c6fe409e154831efe9bb717d24e,same-leader,63124,63124,63124,100628,88.68460269528035,94.08823961261547,258.2661338504419,221.0035810724832,-4.0,False,unsupported,supports-joint-runner,supports-joint-runner,False,False
scan-hop-fdee4a852c49e0ae,sha256:2fa748244d5b1633a87c5ff3710bf46663c10a7a0d26d472d14634b2c288a7e7,sha256:6d7e6728f8f16590acd356ef53b61f447c095d86879230eebe64bfb4768e45ce,different-leader,68307,100031,59577,62606,2049.5621304845645,1906.330524547736,2468.0419812386885,1908.085750446002,5.0,False,unsupported,unsupported,unsupported-or-uncertain,False,False
scan-hop-fdee4a852c49e0ae,sha256:623fccd4358e936310dcf8752725afe36aeeae5ad100f08cfe7ae95ffdfe6990,sha256:d529afdc2f77208f47745ff534da0b01555a47fde3f7d0434a87834a5df44cae,unreviewed-side,,63081,63081,55361,103.42591230350455,82.43667132650613,881.6754549324156,1082.6871665918252,-2.0,False,unsupported,supports-joint-runner,supports-joint-runner,False,False
scan-hop-fdee4a852c49e0ae,sha256:825ab5129864adbbc754892b0b1d9f874d210c92a7cb06df48ee25099b17f2d0,sha256:d283b107730e2409323855382798463e3986639f66e1ffa4556d605718042628,different-leader,62269,58245,58245,62269,110.86422102124459,128.3229110531711,563.0142366233036,692.7595378381553,0.0,False,supports-joint-leader,supports-joint-leader,supports-joint-leader,False,False
scan-hop-fdee4a852c49e0ae,sha256:8a28f2f44f5cf96fa193a0183fac64db5cf74c1031a20333431bdf4a14999947,sha256:ea63ec042e6793f4dcb89d0ba46fabb29a2cfd87942b53bbfcab317ad016c9ae,same-leader,57875,57875,57875,52463,80.17604600916506,71.4493155533772,2910.6791529327083,3368.110756460957,1.0,False,unsupported,supports-joint-leader,supports-joint-leader,False,False
scan-hop-fdee4a852c49e0ae,sha256:b44ccf87c085d4747b9eca5da5e1622a760a5894c19f97ba8f009f57d73e3463,sha256:92f3e6f65fc410d9dd3c3aa5bf484480c780914c2811e9166d6f65e435146524,unreviewed-side,64738,,64738,58249,41.819100586663225,47.36580343030621,86.93338653056624,110.0511439773648,-3.0,False,supports-joint-leader,unsupported,supports-joint-leader,False,False
scan-hop-fdee4a852c49e0ae,sha256:d497675a531ec4fd963c93311dc599fe3769932e04899d24d49a44d126e92a2a,sha256:069c3a35e728a1e302fe4d1ac8042b404956dd04a61f1796c7bc3efc155bfccf,same-leader,58245,58245,58245,62269,114.14328791117194,127.60723133568005,455.10388417012007,396.9784233856318,-1.0,False,supports-joint-runner,supports-joint-runner,supports-joint-runner,False,False
scan-hop-fdee4a852c49e0ae,sha256:d517714f9aeff03d9c1c89a3282abfbaed860a9e23e681565c10160500a2a864,sha256:264dfcf1cc38cd0680c2f518080cb8973ad9f4f132c16d6a61dfa3508f71ae63,same-leader,68307,68307,68307,66505,657.7990960646736,505.8635359782744,3545.5510729737357,3424.333118071052,5.0,False,supports-joint-runner,supports-joint-runner,supports-joint-runner,False,False
scan-hop-fdee4a852c49e0ae,sha256:f7796411a0893100a3ee3f0a9b8d951e5b05bfb454cd79a10c53ba7df12a0a11,sha256:6cb6a7c0cde206aca0d5c0e261ba7228c31e1cd7c9e9dc3ea2d0de7439440cb2,different-leader,67884,64730,64730,67884,108.53515529841751,99.36681896238244,178.2981113658045,168.08818414972302,-3.0,False,supports-joint-leader,supports-joint-leader,supports-joint-leader,False,False
scan-hop-fdee4a852c49e0ae,sha256:ff12e1eb1577b32f2b5b85922d8e6927d5a62004052a2cbf0ffb3bd6e6c3cd9c,sha256:d41b2207d3396b60d020b9fdedb550056c0a375e98d978927eac580b813498ba,same-leader,57875,57875,57875,52463,91.49210309003074,101.47187682165661,2789.702547804569,3402.789545510257,1.0,False,supports-joint-leader,supports-joint-leader,supports-joint-leader,False,False
