capture_session_id,observed_start_utc,observed_end_utc,profile_revision_id,capture_state,recording_manifest_uri,recording_manifest_digest,raw_available,analysis_run_id,pipeline_lane,pipeline_release_id,trigger,analysis_state,analysis_created_utc,analysis_sealed_utc,analysis_manifest_uri,analysis_manifest_digest,input_manifest_digest,raw_integrity_attestation_id,product_count,complete_products,no_result_products,partial_products,product_bytes,recording_manifest_path,analysis_manifest_path,screen_category,screen_path_count,screen_band_relationship,screen_common_overlap_s,screen_normalized_slope_spread_hz_s,screen_observation_count,screen_qualified_pilot_segments,screen_analyzed_pilot_segments,screen_path_ids,screen_branch_ids
cap-20260825T010019-89c2889553e0,2026-08-25T01:00:22.692302Z,2026-08-25T01:01:22.796318Z,1106770,committed,bulk://recordings/2026/08/25/cap-20260825T010019-89c2889553e0,sha256:033d1efc0107ff9db956d189b429cea16f576b66739e9548825f0180c8f511ba,t,capture-34471d9087a94ec1b043951350de3956,standard,d331df8eaf4f64bfb2cec75e1c664af10aebbdd8,new_capture,succeeded,2026-08-25T01:01:27.453374Z,2026-08-25T01:14:38.284801Z,bulk://analysis/cap-20260825T010019-89c2889553e0/capture-34471d9087a94ec1b043951350de3956/manifest.json,sha256:7ab61976065607e46ba4953c65b1c74b9b82311dae8f7b3256f2c8ecb3248c8d,sha256:033d1efc0107ff9db956d189b429cea16f576b66739e9548825f0180c8f511ba,883,138,138,0,0,433374109,/srv/bulk/leo/recordings/2026/08/25/cap-20260825T010019-89c2889553e0/manifest.json,/srv/bulk/leo/analysis/cap-20260825T010019-89c2889553e0/capture-34471d9087a94ec1b043951350de3956/manifest.json,4p-same,4,same-band,9.820941315,40.2776761584264,2002,22,64,stream-0/radio_pluto_5d4d/RX0;stream-0/radio_pluto_5d4d/RX1;stream-1/radio_pluto_19f2/RX0;stream-1/radio_pluto_19f2/RX1,sha256:24b75d286a759c39a1c1f428416bbfd1706a4e06dc7c19e9d6a701ede465dbda;sha256:d820a6aa6b6d5b25b49e3e277f7559224c5f810d184350d815608af0c9b0349d;sha256:be34d146cfec9d9fe8b1fd1a73e2dd2c0fa6cc3931eed839f24d8539bcaae69d;sha256:5f2716dd54e070caeac4cc1ea76b694bdea81a4694d9b70d25432e84b238e856
cap-20260825T010300-aa2582286b8f,2026-08-25T01:03:03.238413Z,2026-08-25T01:04:03.384313Z,1106770,committed,bulk://recordings/2026/08/25/cap-20260825T010300-aa2582286b8f,sha256:66fcfbf4e35bec31dc494ab2f918ad05cb6d5f4655e398519b0fc9287c09dd1c,t,research-08abcb555d1b42ce94d8372096b9e508,research,d331df8eaf4f64bfb2cec75e1c664af10aebbdd8,new_capture,succeeded,2026-08-25T01:04:08.336939Z,2026-08-25T01:53:48.984092Z,bulk://analysis/cap-20260825T010300-aa2582286b8f/research-08abcb555d1b42ce94d8372096b9e508/manifest.json,sha256:a260aefde214ddabe669e5af0caf86348b9ccecec44f09d4a6be0b102172cfb7,sha256:66fcfbf4e35bec31dc494ab2f918ad05cb6d5f4655e398519b0fc9287c09dd1c,884,138,98,0,40,1068019561,/srv/bulk/leo/recordings/2026/08/25/cap-20260825T010300-aa2582286b8f/manifest.json,/srv/bulk/leo/analysis/cap-20260825T010300-aa2582286b8f/research-08abcb555d1b42ce94d8372096b9e508/manifest.json,4p-cross,4,cross-band,8.739025352,95.2289412681871,2377,6,48,stream-0/radio_pluto_5d4d/RX1;stream-0/radio_pluto_5d4d/RX0;stream-1/radio_pluto_19f2/RX1;stream-1/radio_pluto_19f2/RX0,sha256:924a67c4e5ee8627fe7a41a140731ab433d5710b776b2743eb07e704970e722a;sha256:b6967659eb98767647053faef31ac7b6cb67805a8dc2573ae0476f2618338bdc;sha256:44abd50f4ca2f5445d412b71ba46dd3854bf0238b46a5fd3173071d6a08ec6a2;sha256:13055a53d2fd626fc40c65ad888efa01d576122cbd4f6674c124f865e52b1e89
cap-20260825T010600-7d9d5f09f5ab,2026-08-25T01:06:03.102144Z,2026-08-25T01:07:03.236738Z,1106770,committed,bulk://recordings/2026/08/25/cap-20260825T010600-7d9d5f09f5ab,sha256:6141a9a8657f6798cb9715882e0438fdcb9b8094ef9495972950b79dc24c4fd1,t,capture-ac39c0debed0494590106627d70f8cda,standard,d331df8eaf4f64bfb2cec75e1c664af10aebbdd8,new_capture,succeeded,2026-08-25T01:07:07.803732Z,2026-08-25T01:28:15.323467Z,bulk://analysis/cap-20260825T010600-7d9d5f09f5ab/capture-ac39c0debed0494590106627d70f8cda/manifest.json,sha256:8b353a847719d7e7847fe93eb778a8a391a9ede0127ca15f02922bd8b7c7cbaa,sha256:6141a9a8657f6798cb9715882e0438fdcb9b8094ef9495972950b79dc24c4fd1,885,138,138,0,0,354409414,/srv/bulk/leo/recordings/2026/08/25/cap-20260825T010600-7d9d5f09f5ab/manifest.json,/srv/bulk/leo/analysis/cap-20260825T010600-7d9d5f09f5ab/capture-ac39c0debed0494590106627d70f8cda/manifest.json,3p-cross,3,cross-band,7.375,31.122448682464892,580,0,32,stream-0/radio_pluto_5d4d/RX1;stream-1/radio_pluto_19f2/RX1;stream-0/radio_pluto_5d4d/RX0,sha256:2f845d8c29be07fb96fb02a33c6c8dd483d81a0399ded325c5033f7dcb3d08ca;sha256:7631b1612cfb6d53bef0bbb02a6cf4e7b07bf1bebc70c4573dace04f2f9b11da;sha256:cc958e675e03ff28ec4ca2a6e856edc0fff064b7b159c44cddfec4e80a0c0660
cap-20260825T012802-452eea3c52f6,2026-08-25T01:28:06.166157Z,2026-08-25T01:29:06.327853Z,1106770,committed,bulk://recordings/2026/08/25/cap-20260825T012802-452eea3c52f6,sha256:8420d055d5095fe14fe35063fa7aacc8f839a6cefcfc8511e340a3a0254b4dd6,t,research-120614c096b14fc88d2a8261f6c33363,research,d331df8eaf4f64bfb2cec75e1c664af10aebbdd8,new_capture,succeeded,2026-08-25T01:29:12.043929Z,2026-08-25T02:14:03.802704Z,bulk://analysis/cap-20260825T012802-452eea3c52f6/research-120614c096b14fc88d2a8261f6c33363/manifest.json,sha256:c60e266e08c2f013d79016e39c0a4f6395a130360f72abfd444ba4bb86d3804b,sha256:8420d055d5095fe14fe35063fa7aacc8f839a6cefcfc8511e340a3a0254b4dd6,886,138,138,0,0,807254947,/srv/bulk/leo/recordings/2026/08/25/cap-20260825T012802-452eea3c52f6/manifest.json,/srv/bulk/leo/analysis/cap-20260825T012802-452eea3c52f6/research-120614c096b14fc88d2a8261f6c33363/manifest.json,4p-same,4,same-band,5.57,33.423248530285946,1013,1,64,stream-0/radio_pluto_5d4d/RX0;stream-1/radio_pluto_19f2/RX0;stream-1/radio_pluto_19f2/RX1;stream-0/radio_pluto_5d4d/RX1,sha256:c6a6e38d162ec726a0c58eb0bf59e644ac760ce9791de78b5213e498d67b3d95;sha256:4633c0e8f4ce210ef10a8bb23d56b082a94938e2093adb69e1e01bdc52d990dc;sha256:9c9d1a471f8d58c9f26f014c07c37d4684a6dc7c3277a365ccc941b7402e050c;sha256:b33e42f86aaaeb0a783edb16e54ca437fa1583bae6470118995f3f65710f1861
cap-20260825T013042-add800a6b98b,2026-08-25T01:30:45.646307Z,2026-08-25T01:31:45.807730Z,1106770,committed,bulk://recordings/2026/08/25/cap-20260825T013042-add800a6b98b,sha256:654d237d5d23635a2a6c4ecfd1f964e4e8f5cdef85e50b74dbc68a76e62d1b23,t,capture-08a67c83ff214a04bc06f5aec1505662,standard,d331df8eaf4f64bfb2cec75e1c664af10aebbdd8,new_capture,succeeded,2026-08-25T01:31:50.958928Z,2026-08-25T01:58:04.784894Z,bulk://analysis/cap-20260825T013042-add800a6b98b/capture-08a67c83ff214a04bc06f5aec1505662/manifest.json,sha256:b7c69a94140aa92cb6be9667d3b8b3d7be1761557abb6655a420e282e2426871,sha256:654d237d5d23635a2a6c4ecfd1f964e4e8f5cdef85e50b74dbc68a76e62d1b23,887,138,42,96,0,264839818,/srv/bulk/leo/recordings/2026/08/25/cap-20260825T013042-add800a6b98b/manifest.json,/srv/bulk/leo/analysis/cap-20260825T013042-add800a6b98b/capture-08a67c83ff214a04bc06f5aec1505662/manifest.json,single-path,,,,,,,,,
cap-20260825T015754-6bfe6b67b1be,2026-08-25T01:57:58.222954Z,2026-08-25T01:58:58.385608Z,1106770,committed,bulk://recordings/2026/08/25/cap-20260825T015754-6bfe6b67b1be,sha256:2e48143fadaca5bb2a976a5818029728d213c309bcf5017d5dbbcb1f47d03042,t,capture-767bebcdeb7e435882f5fad1dd04e2cd,standard,d331df8eaf4f64bfb2cec75e1c664af10aebbdd8,new_capture,succeeded,2026-08-25T01:59:03.981580Z,2026-08-25T02:22:41.033802Z,bulk://analysis/cap-20260825T015754-6bfe6b67b1be/capture-767bebcdeb7e435882f5fad1dd04e2cd/manifest.json,sha256:dd32f3ebb99be22ee304154d443563364e72a97df5238e052989100d639a3a20,sha256:2e48143fadaca5bb2a976a5818029728d213c309bcf5017d5dbbcb1f47d03042,888,138,138,0,0,398953396,/srv/bulk/leo/recordings/2026/08/25/cap-20260825T015754-6bfe6b67b1be/manifest.json,/srv/bulk/leo/analysis/cap-20260825T015754-6bfe6b67b1be/capture-767bebcdeb7e435882f5fad1dd04e2cd/manifest.json,4p-cross,4,cross-band,5.387292253,21.72578470243161,713,18,64,stream-1/radio_pluto_19f2/RX1;stream-0/radio_pluto_5d4d/RX0;stream-0/radio_pluto_5d4d/RX1;stream-1/radio_pluto_19f2/RX0,sha256:f756a0cc1a4871fd73ee82b771a6714ebba1fd3015424364cb33e1a92ae3662e;sha256:68b540f8cc9cacb7ab821afeb17ea0995c988a9aecbcb9c084f4a459e83b39f7;sha256:27dc7b2f88d6fc726f31a1ba8456b6db76c23a0bd9326070f2d927c60069e377;sha256:6200fe0af36b05de2c08e4e90ccf63036ce2b996bbb1ac8ac85d9d16039c82e8
cap-20260825T020035-c9413370f93b,2026-08-25T02:00:38.552496Z,2026-08-25T02:01:38.714610Z,1106770,committed,bulk://recordings/2026/08/25/cap-20260825T020035-c9413370f93b,sha256:cf3c594697f9fde46183162e7684f3dc1b6185e72c4b44dad2f479a9a82195e0,t,capture-7ea06e74566045a9a91414c6774a85b2,standard,d331df8eaf4f64bfb2cec75e1c664af10aebbdd8,new_capture,succeeded,2026-08-25T02:01:44.049677Z,2026-08-25T02:32:31.542102Z,bulk://analysis/cap-20260825T020035-c9413370f93b/capture-7ea06e74566045a9a91414c6774a85b2/manifest.json,sha256:0a28ef79e4c249440c4a87523de84d37c34c9050253e47021aa6b23997ad950f,sha256:cf3c594697f9fde46183162e7684f3dc1b6185e72c4b44dad2f479a9a82195e0,889,138,138,0,0,322830795,/srv/bulk/leo/recordings/2026/08/25/cap-20260825T020035-c9413370f93b/manifest.json,/srv/bulk/leo/analysis/cap-20260825T020035-c9413370f93b/capture-7ea06e74566045a9a91414c6774a85b2/manifest.json,4p-same,4,same-band,4.35,29.109602677338444,632,21,64,stream-1/radio_pluto_19f2/RX0;stream-1/radio_pluto_19f2/RX1;stream-0/radio_pluto_5d4d/RX0;stream-0/radio_pluto_5d4d/RX1,sha256:dd9fc756e2cb9b27f3bc5b31e6c18538be7563ac859bf002a9ee9425ed5e8506;sha256:15ed76ae5e43925a81abd72926dfad25be02ed20d6e72c7df8608e5f9ce714ac;sha256:fec4846c2b9e6fc5a3ead81b2a8d6477ff08a0660fce89e9b5f58ddf08305273;sha256:8824962b2fb9de286595ce7d66b89fc9e7bfb0e40252846b073ee63cd2cc865e
cap-20260825T022235-0afd1298f096,2026-08-25T02:22:38.201510Z,2026-08-25T02:23:38.335539Z,1106770,committed,bulk://recordings/2026/08/25/cap-20260825T022235-0afd1298f096,sha256:fd60b12be6b68c2b896c32b8ac0e913d2e638227b9d680633acdac4978a2058c,t,capture-210113d6f0f842bb9f0b800486c8bdfe,standard,d331df8eaf4f64bfb2cec75e1c664af10aebbdd8,new_capture,succeeded,2026-08-25T02:23:43.300296Z,2026-08-25T02:41:12.916902Z,bulk://analysis/cap-20260825T022235-0afd1298f096/capture-210113d6f0f842bb9f0b800486c8bdfe/manifest.json,sha256:51b93db5130046c2e1b26334d1402be44ba8e3436e535e2b3b9d2c05bc7317af,sha256:fd60b12be6b68c2b896c32b8ac0e913d2e638227b9d680633acdac4978a2058c,890,138,138,0,0,312307677,/srv/bulk/leo/recordings/2026/08/25/cap-20260825T022235-0afd1298f096/manifest.json,/srv/bulk/leo/analysis/cap-20260825T022235-0afd1298f096/capture-210113d6f0f842bb9f0b800486c8bdfe/manifest.json,3p-same,3,same-band,7.984116211,82.96502264684932,1239,35,48,stream-1/radio_pluto_19f2/RX0;stream-1/radio_pluto_19f2/RX1;stream-0/radio_pluto_5d4d/RX0,sha256:c39d6b6e1a3b403d52fcf68dbe5d11ae91ec751a9cdde6b43f197b27e34c7097;sha256:fc220a93f260fdc9ba2a1cef9155f2ba2950392c56e73014c3dfac68ade90e2d;sha256:9c94d933360300240ca48e64d56b0e1e84c42ad17380c427603daa5f80486d6f
cap-20260825T022509-735366370195,2026-08-25T02:25:12.449103Z,2026-08-25T02:26:12.586082Z,1106770,committed,bulk://recordings/2026/08/25/cap-20260825T022509-735366370195,sha256:6ba3f2984c0af96ddca3d6a53e036eeb7b95189df5072620441a08b8cc4f1d48,t,capture-e67fced4a5da471baee04d2245538599,standard,d331df8eaf4f64bfb2cec75e1c664af10aebbdd8,new_capture,succeeded,2026-08-25T02:26:17.228467Z,2026-08-25T02:48:59.472569Z,bulk://analysis/cap-20260825T022509-735366370195/capture-e67fced4a5da471baee04d2245538599/manifest.json,sha256:a0358a8844aa02a190253d6c90f9592452ef22418e11147a172c58c89617ca70,sha256:6ba3f2984c0af96ddca3d6a53e036eeb7b95189df5072620441a08b8cc4f1d48,891,138,108,30,0,249874023,/srv/bulk/leo/recordings/2026/08/25/cap-20260825T022509-735366370195/manifest.json,/srv/bulk/leo/analysis/cap-20260825T022509-735366370195/capture-e67fced4a5da471baee04d2245538599/manifest.json,2p-same,2,same-band,2.162982227,49.17705182957798,133,5,24,stream-0/radio_pluto_5d4d/RX0;stream-1/radio_pluto_19f2/RX1,sha256:442b2968bd141249f495d690ab7eec753a2412f0e000a1d065350f330823202c;sha256:91bc829402ef2a6e311573a0d2cba716e8be5cfbdc8a5b9cda30d8df55aeaf8f
cap-20260825T024108-b84b64ae03dd,2026-08-25T02:41:11.245136Z,2026-08-25T02:42:11.375781Z,1106770,committed,bulk://recordings/2026/08/25/cap-20260825T024108-b84b64ae03dd,sha256:d0f9b95eff8bbf970eb6d277282cbfa6f77cf7bb462dbdd8b834ada050ee6da1,t,capture-0fd67ad813fb4ddb870829003c898075,standard,d331df8eaf4f64bfb2cec75e1c664af10aebbdd8,new_capture,succeeded,2026-08-25T02:42:16.773052Z,2026-08-25T02:57:32.986424Z,bulk://analysis/cap-20260825T024108-b84b64ae03dd/capture-0fd67ad813fb4ddb870829003c898075/manifest.json,sha256:4356347ee25155df282c55b101735fa80aa4d60b94aa89f17986c22ffc46dc68,sha256:d0f9b95eff8bbf970eb6d277282cbfa6f77cf7bb462dbdd8b834ada050ee6da1,892,138,110,28,0,308097404,/srv/bulk/leo/recordings/2026/08/25/cap-20260825T024108-b84b64ae03dd/manifest.json,/srv/bulk/leo/analysis/cap-20260825T024108-b84b64ae03dd/capture-0fd67ad813fb4ddb870829003c898075/manifest.json,2p-same,2,same-band,9.05,1.1544341789031023,546,0,32,stream-0/radio_pluto_5d4d/RX0;stream-0/radio_pluto_5d4d/RX1,sha256:71ffd1ee1cba970843dc5f051ab16ce43b7d03e7b940d80ab19172ef24ef7a33;sha256:3b7d1eeb9d283a8bc7b6e4a5d3cb4f16414a67d0dabfaa41572f30515b13c2e7
cap-20260825T024341-f541d7f4b1b8,2026-08-25T02:43:44.837963Z,2026-08-25T02:44:44.964726Z,1106770,committed,bulk://recordings/2026/08/25/cap-20260825T024341-f541d7f4b1b8,sha256:f608ae48e9f4fe0f21e56ad9c4fa1d6b9c4d4e7467edcf9f184e1a3fb5d4c53d,t,capture-c54715572af241ba863f404d20d508fb,standard,d331df8eaf4f64bfb2cec75e1c664af10aebbdd8,new_capture,succeeded,2026-08-25T02:44:50.271039Z,2026-08-25T03:05:20.287317Z,bulk://analysis/cap-20260825T024341-f541d7f4b1b8/capture-c54715572af241ba863f404d20d508fb/manifest.json,sha256:51f7119326d61d5667bca72c9e2e44435a132c134e8abe1d012afab6756739cd,sha256:f608ae48e9f4fe0f21e56ad9c4fa1d6b9c4d4e7467edcf9f184e1a3fb5d4c53d,893,138,42,96,0,248686998,/srv/bulk/leo/recordings/2026/08/25/cap-20260825T024341-f541d7f4b1b8/manifest.json,/srv/bulk/leo/analysis/cap-20260825T024341-f541d7f4b1b8/capture-c54715572af241ba863f404d20d508fb/manifest.json,single-path,,,,,,,,,
cap-20260825T025726-95600b91320e,2026-08-25T02:57:29.735986Z,2026-08-25T02:58:29.871339Z,1106770,committed,bulk://recordings/2026/08/25/cap-20260825T025726-95600b91320e,sha256:3f52947d6e8ecfd578354c1999a9a57d2d754ed5d18f06b5634fd7df519032b0,t,capture-8947b31bf4e04ebab75bea81adbe1741,standard,d331df8eaf4f64bfb2cec75e1c664af10aebbdd8,new_capture,succeeded,2026-08-25T02:58:34.379932Z,2026-08-25T03:12:52.675009Z,bulk://analysis/cap-20260825T025726-95600b91320e/capture-8947b31bf4e04ebab75bea81adbe1741/manifest.json,sha256:c2826eb30195c5f4149ede41e1bdb39a4f986f4f6d55b3f5095720e27525d0d3,sha256:3f52947d6e8ecfd578354c1999a9a57d2d754ed5d18f06b5634fd7df519032b0,894,138,42,96,0,246588013,/srv/bulk/leo/recordings/2026/08/25/cap-20260825T025726-95600b91320e/manifest.json,/srv/bulk/leo/analysis/cap-20260825T025726-95600b91320e/capture-8947b31bf4e04ebab75bea81adbe1741/manifest.json,single-path,,,,,,,,,
cap-20260825T030000-49e936766343,2026-08-25T03:00:03.339028Z,2026-08-25T03:01:03.462110Z,1106770,committed,bulk://recordings/2026/08/25/cap-20260825T030000-49e936766343,sha256:37ed7ac4531dd0d1406de21c5b7ccada977e43ffd1183b7b091eb4aeeb67f8a1,t,capture-38c9098246b24aba8bfac4fdea6bc77d,standard,d331df8eaf4f64bfb2cec75e1c664af10aebbdd8,new_capture,succeeded,2026-08-25T03:01:07.809488Z,2026-08-25T03:22:28.411740Z,bulk://analysis/cap-20260825T030000-49e936766343/capture-38c9098246b24aba8bfac4fdea6bc77d/manifest.json,sha256:878a14bf8c85f6714138530dfb9cefa7a1e819ce75c39e61813c03853858f1b8,sha256:37ed7ac4531dd0d1406de21c5b7ccada977e43ffd1183b7b091eb4aeeb67f8a1,895,138,138,0,0,393941033,/srv/bulk/leo/recordings/2026/08/25/cap-20260825T030000-49e936766343/manifest.json,/srv/bulk/leo/analysis/cap-20260825T030000-49e936766343/capture-38c9098246b24aba8bfac4fdea6bc77d/manifest.json,4p-same,4,same-band,8.6,31.839686356289803,1455,32,64,stream-1/radio_pluto_19f2/RX1;stream-1/radio_pluto_19f2/RX0;stream-0/radio_pluto_5d4d/RX1;stream-0/radio_pluto_5d4d/RX0,sha256:f8d8c6670e4a70d15915062f69dff9f69cb0a1773b086ba3384ae68ecbcc2442;sha256:d86f88018bafc5144cdaf280127300e0c32cebc3b0e4829c30b2b665c7064f15;sha256:73defbfdb4537178f3e086a188dd674186407b7569c9c8396f8730af37b6ba6c;sha256:9c185bbcd270c144e1fd78758826ddcb5ca065df2c6789a86a44efce6f03ff91
cap-20260825T031245-4fbc260ab065,2026-08-25T03:12:48.648396Z,2026-08-25T03:13:48.781974Z,1106770,committed,bulk://recordings/2026/08/25/cap-20260825T031245-4fbc260ab065,sha256:84990a0f2e6c1a160ff19da68fff16e97a498a8ea583edce9a68a8bdb2de0999,t,capture-aaa5b47434b245a49f6b7490fc19c06a,standard,d331df8eaf4f64bfb2cec75e1c664af10aebbdd8,new_capture,succeeded,2026-08-25T03:13:53.390820Z,2026-08-25T03:30:33.655851Z,bulk://analysis/cap-20260825T031245-4fbc260ab065/capture-aaa5b47434b245a49f6b7490fc19c06a/manifest.json,sha256:b817ff0625dedc79acceb32323c54b1fa7f3aaa1d097e4a3b24caf8d35c75e7f,sha256:84990a0f2e6c1a160ff19da68fff16e97a498a8ea583edce9a68a8bdb2de0999,896,138,138,0,0,288143463,/srv/bulk/leo/recordings/2026/08/25/cap-20260825T031245-4fbc260ab065/manifest.json,/srv/bulk/leo/analysis/cap-20260825T031245-4fbc260ab065/capture-aaa5b47434b245a49f6b7490fc19c06a/manifest.json,4p-cross,4,cross-band,10.316401955,43.89317113980769,1209,29,64,stream-0/radio_pluto_5d4d/RX0;stream-0/radio_pluto_5d4d/RX1;stream-1/radio_pluto_19f2/RX1;stream-1/radio_pluto_19f2/RX0,sha256:6249169db4611720586d7d842bb95799dde64bd4eadb0829675ef50b73c694d1;sha256:d83b1cfa1d4037275fbeb7ba81231f7714732ce666071dee05776793dbbdda19;sha256:11368a3eb64834984834bad3b33b3e1af07f92e516528121b2d83f87ea183423;sha256:ca31485d7d6cba0de0e6f29ee2a6d4c6eac104b4150eb86ba4962489ad23cc56
cap-20260825T031521-ec8adc0e9426,2026-08-25T03:15:24.819918Z,2026-08-25T03:16:24.955767Z,1106770,committed,bulk://recordings/2026/08/25/cap-20260825T031521-ec8adc0e9426,sha256:7baa305ac0424cd51c5ce9f82905a35329f7fd5bd9b13f970c111dc897c4d2da,t,capture-9e45d8e1810245d890fc1bf93e581d02,standard,d331df8eaf4f64bfb2cec75e1c664af10aebbdd8,new_capture,succeeded,2026-08-25T03:16:30.324841Z,2026-08-25T03:39:59.160106Z,bulk://analysis/cap-20260825T031521-ec8adc0e9426/capture-9e45d8e1810245d890fc1bf93e581d02/manifest.json,sha256:62a2a8c5cf222a732c4aec89265caf382950202a077c00c63018d98ab456dfa4,sha256:7baa305ac0424cd51c5ce9f82905a35329f7fd5bd9b13f970c111dc897c4d2da,897,138,138,0,0,376451965,/srv/bulk/leo/recordings/2026/08/25/cap-20260825T031521-ec8adc0e9426/manifest.json,/srv/bulk/leo/analysis/cap-20260825T031521-ec8adc0e9426/capture-9e45d8e1810245d890fc1bf93e581d02/manifest.json,4p-same,4,same-band,11.0,10.019120965704133,1365,45,64,stream-1/radio_pluto_19f2/RX1;stream-0/radio_pluto_5d4d/RX0;stream-1/radio_pluto_19f2/RX0;stream-0/radio_pluto_5d4d/RX1,sha256:5a4bff25ad539481f0decdd903c18ce3f03c75dd91d04f6fb9c706ac7608bb19;sha256:f8e6eddf8c56052dd69b34253f6db0382ea23f8e0ce03bc2914f204823ed498b;sha256:21a4bbba9a6b940fa2bd8721f0547a66d38f57dce85b83574f42c7160bfb9e3e;sha256:a6c4b607ae85165f004a448fe95f0796a1d5606857b357abe89c016b818370cc
cap-20260825T033028-374381fbcd3a,2026-08-25T03:30:31.635689Z,2026-08-25T03:31:31.779540Z,1106770,committed,bulk://recordings/2026/08/25/cap-20260825T033028-374381fbcd3a,sha256:06aee7b8bdf9459d39f51ba2845baaa3967d9e00f976f96efd81b29d68405290,t,capture-84ff52bbc6c946efb9dc72bbed17d5c0,standard,d331df8eaf4f64bfb2cec75e1c664af10aebbdd8,new_capture,succeeded,2026-08-25T03:31:37.000912Z,2026-08-25T03:49:36.450850Z,bulk://analysis/cap-20260825T033028-374381fbcd3a/capture-84ff52bbc6c946efb9dc72bbed17d5c0/manifest.json,sha256:e5bba86f3d3c8af2511043835a44c5ed963c31102ce612e069d4cc6166095c19,sha256:06aee7b8bdf9459d39f51ba2845baaa3967d9e00f976f96efd81b29d68405290,898,138,138,0,0,410736252,/srv/bulk/leo/recordings/2026/08/25/cap-20260825T033028-374381fbcd3a/manifest.json,/srv/bulk/leo/analysis/cap-20260825T033028-374381fbcd3a/capture-84ff52bbc6c946efb9dc72bbed17d5c0/manifest.json,4p-same,4,same-band,13.781115945,28.272733141096523,2377,44,64,stream-0/radio_pluto_5d4d/RX1;stream-1/radio_pluto_19f2/RX0;stream-0/radio_pluto_5d4d/RX0;stream-1/radio_pluto_19f2/RX1,sha256:77fa0bfa4cd640f76294f24368c73cf89a49c4cbcfa9778a56ff8bf3e3753fd6;sha256:0e3d9d9fb7e8d5efa65e5b6a113074af6c6c9168e731e48c90d74ae992e1763f;sha256:dbfb4cb03efdb0d46abdf5e63ef4cfea7a9517b90620cc73b905fdbc1adf9674;sha256:6c320eb9d2cc036ee6c3894c3c8ef40727c1a65d95dc10d1b85f25885bc61831
cap-20260825T033302-80fddf217eb5,2026-08-25T03:33:05.713502Z,2026-08-25T03:34:05.852658Z,1106770,committed,bulk://recordings/2026/08/25/cap-20260825T033302-80fddf217eb5,sha256:89d54f0abf3baaf88a8a517d6bd652bb317d61a637c5a710dee95cce07967f9d,t,capture-fc960c428d5946d8a44dd8b67ac8215b,standard,d331df8eaf4f64bfb2cec75e1c664af10aebbdd8,new_capture,succeeded,2026-08-25T03:34:10.443073Z,2026-08-25T03:58:36.521137Z,bulk://analysis/cap-20260825T033302-80fddf217eb5/capture-fc960c428d5946d8a44dd8b67ac8215b/manifest.json,sha256:6a39a02932cce9004d6b3026cf32e68df078a3c4cd2110cf4083ffde51865e9e,sha256:89d54f0abf3baaf88a8a517d6bd652bb317d61a637c5a710dee95cce07967f9d,899,138,138,0,0,360860503,/srv/bulk/leo/recordings/2026/08/25/cap-20260825T033302-80fddf217eb5/manifest.json,/srv/bulk/leo/analysis/cap-20260825T033302-80fddf217eb5/capture-fc960c428d5946d8a44dd8b67ac8215b/manifest.json,4p-cross,4,cross-band,4.535696196,88.68582869235706,752,21,64,stream-1/radio_pluto_19f2/RX1;stream-0/radio_pluto_5d4d/RX1;stream-1/radio_pluto_19f2/RX0;stream-0/radio_pluto_5d4d/RX0,sha256:063006a3ce8f8ceda4d81d65241281471e1804c65766bb3f24447a0cd1140299;sha256:a0d1d0065f1dc1c551c75370a36df58c692cd719047b89400778ee397f8d585b;sha256:d5d370f9c182f4eac67a6368eee8fc3dc745d733f2bf78e39233c62d32904005;sha256:332ffc9c2de57acf9ecf454cc86b03aeb85a085b731a0c67ce90fbe07d6561a9
cap-20260825T034929-bc0480bdb4a8,2026-08-25T03:49:32.662937Z,2026-08-25T03:50:32.792573Z,1106770,committed,bulk://recordings/2026/08/25/cap-20260825T034929-bc0480bdb4a8,sha256:9f66f8482d7eaa388385792e02dbce5ec1562fcf72617df2d31bfa6406416667,t,capture-b74d5db52d4f418c88135eb7b96301fe,standard,d331df8eaf4f64bfb2cec75e1c664af10aebbdd8,new_capture,succeeded,2026-08-25T03:50:37.416082Z,2026-08-25T04:09:38.954220Z,bulk://analysis/cap-20260825T034929-bc0480bdb4a8/capture-b74d5db52d4f418c88135eb7b96301fe/manifest.json,sha256:b04c9fafe1a7aae4589ecf67b9d5a1fa8a066a3d953c8932aef5ec8283e920e1,sha256:9f66f8482d7eaa388385792e02dbce5ec1562fcf72617df2d31bfa6406416667,900,138,138,0,0,461796779,/srv/bulk/leo/recordings/2026/08/25/cap-20260825T034929-bc0480bdb4a8/manifest.json,/srv/bulk/leo/analysis/cap-20260825T034929-bc0480bdb4a8/capture-b74d5db52d4f418c88135eb7b96301fe/manifest.json,4p-same,4,same-band,14.5,15.617537353081843,1784,49,64,stream-1/radio_pluto_19f2/RX0;stream-0/radio_pluto_5d4d/RX1;stream-1/radio_pluto_19f2/RX1;stream-0/radio_pluto_5d4d/RX0,sha256:b6a2cd06ca0bcab1b2f6e933a65d84b52638f0dc8598ef8f24165489a3bc62b8;sha256:fc22adab70fbbd61148d25a4eb2ae0d02a61d032c0b6e44435eacf73000e6031;sha256:ec2d6317723496c0c1ba1f4286030f721b5db0a28dd4b938d69254310d370310;sha256:f3b0ae04cdc2df0f94774dd272d7a6e2210c19c82c51cd612589ccf7ea4e6b23
cap-20260825T035201-d0abaead734c,2026-08-25T03:52:05.088444Z,2026-08-25T03:53:05.216123Z,1106770,committed,bulk://recordings/2026/08/25/cap-20260825T035201-d0abaead734c,sha256:faa14ec3b6933ac9e75e0aea47fc735f7fda2374461b0ed63fca5874e7268833,t,capture-eb953147019b4aca868273471385ce30,standard,d331df8eaf4f64bfb2cec75e1c664af10aebbdd8,new_capture,succeeded,2026-08-25T03:53:09.658749Z,2026-08-25T04:19:15.194454Z,bulk://analysis/cap-20260825T035201-d0abaead734c/capture-eb953147019b4aca868273471385ce30/manifest.json,sha256:48085fb56ad3a1bddad44a0aad7ec60d8107e5b23a020c7d57a45926bbdaf983,sha256:faa14ec3b6933ac9e75e0aea47fc735f7fda2374461b0ed63fca5874e7268833,901,138,138,0,0,440800947,/srv/bulk/leo/recordings/2026/08/25/cap-20260825T035201-d0abaead734c/manifest.json,/srv/bulk/leo/analysis/cap-20260825T035201-d0abaead734c/capture-eb953147019b4aca868273471385ce30/manifest.json,4p-same,4,same-band,11.622290586,41.16395855238807,1668,25,64,stream-0/radio_pluto_5d4d/RX0;stream-1/radio_pluto_19f2/RX0;stream-0/radio_pluto_5d4d/RX1;stream-1/radio_pluto_19f2/RX1,sha256:b7e8b7b882f977b5b742b5dea8a135e76ddf94dbeb24404ebfc7e16fadee804a;sha256:5be7d07caf2694437c82094f5a827f05bd72c5609e10a674554216f67074e9a6;sha256:c03a924f60b8fc9ac42cb34f612587b7d43d728637b804adde1c391d088e45eb;sha256:ec3063f207ccf449def550beb0ed227e81b3f4ed0d4a914103f33469b1b783c2
cap-20260825T040933-18bd161ed13e,2026-08-25T04:09:36.573331Z,2026-08-25T04:10:36.716292Z,1106770,committed,bulk://recordings/2026/08/25/cap-20260825T040933-18bd161ed13e,sha256:1b6df2af9bd059cc958b135937cadba2d088a2327ff3064620d87f954e12b680,t,research-504576f603304b519ddaf6c4123c4150,research,d331df8eaf4f64bfb2cec75e1c664af10aebbdd8,new_capture,succeeded,2026-08-25T04:10:41.081088Z,2026-08-25T04:43:08.547048Z,bulk://analysis/cap-20260825T040933-18bd161ed13e/research-504576f603304b519ddaf6c4123c4150/manifest.json,sha256:e419ffc1bebb75784d73091bf7f454571743d836528464c9fa74e82da755af78,sha256:1b6df2af9bd059cc958b135937cadba2d088a2327ff3064620d87f954e12b680,902,138,108,30,0,846803840,/srv/bulk/leo/recordings/2026/08/25/cap-20260825T040933-18bd161ed13e/manifest.json,/srv/bulk/leo/analysis/cap-20260825T040933-18bd161ed13e/research-504576f603304b519ddaf6c4123c4150/manifest.json,3p-cross,3,cross-band,4.0,9.234726029616468,547,0,48,stream-0/radio_pluto_5d4d/RX0;stream-1/radio_pluto_19f2/RX1;stream-0/radio_pluto_5d4d/RX1,sha256:3c5f8b2d816060e77ee5eb7d5352cea630ede5eb4342a95198c658b0099894c3;sha256:7b3256631c73ca8b0543af091367e2603bcf360a2126823d58a781d7f7a683b2;sha256:be52d0f8d2f10c2330fae072cb0463aba98ec20b37149d274a444ff1ab5c7284
cap-20260825T041207-a5f08ab5bd42,2026-08-25T04:12:10.483799Z,2026-08-25T04:13:10.624335Z,1106770,committed,bulk://recordings/2026/08/25/cap-20260825T041207-a5f08ab5bd42,sha256:c780f8090dfb74f7e49206dc16497ec4025f7e43dcca12c2fd3e965f057b3483,t,capture-66ff868fe76a46f5823ad895c0e42506,standard,d331df8eaf4f64bfb2cec75e1c664af10aebbdd8,new_capture,succeeded,2026-08-25T04:13:15.370775Z,2026-08-25T04:36:36.899493Z,bulk://analysis/cap-20260825T041207-a5f08ab5bd42/capture-66ff868fe76a46f5823ad895c0e42506/manifest.json,sha256:45e66932c0ae5df94ec0046456f58f531fda4674fc486f4f923d825d5186f95f,sha256:c780f8090dfb74f7e49206dc16497ec4025f7e43dcca12c2fd3e965f057b3483,903,138,138,0,0,438200018,/srv/bulk/leo/recordings/2026/08/25/cap-20260825T041207-a5f08ab5bd42/manifest.json,/srv/bulk/leo/analysis/cap-20260825T041207-a5f08ab5bd42/capture-66ff868fe76a46f5823ad895c0e42506/manifest.json,4p-same,4,same-band,9.1,69.59794530822728,1547,25,64,stream-0/radio_pluto_5d4d/RX1;stream-0/radio_pluto_5d4d/RX0;stream-1/radio_pluto_19f2/RX0;stream-1/radio_pluto_19f2/RX1,sha256:fd2db2baa673895a5802c4d625a667f298467fb5b1b5dccb2c0c2fea9ef1141e;sha256:fc2b36cdd7734c9c3c52e2a8aba7b7fe994277acdb9b83e1d20df4f2f3b1a345;sha256:a22844f0b80a3ee1983ab2baf9e0b40af4980533bc566fd1fe6a0848ba0c6588;sha256:eae5ca8b2e870cac8c97c0a45ffbc4bd68a525cdd66f360dbac5dfe1e3b26f8a
cap-20260825T043423-8ad77822f2d4,2026-08-25T04:34:26.144290Z,2026-08-25T04:35:26.280246Z,1106770,committed,bulk://recordings/2026/08/25/cap-20260825T043423-8ad77822f2d4,sha256:12683ee1e1e6623da9d14b85a7fc684cadbeee25ecec451832363d23e0bc221d,t,capture-4bbc5e595882434692f7a77257f18990,standard,d331df8eaf4f64bfb2cec75e1c664af10aebbdd8,new_capture,succeeded,2026-08-25T04:35:31.234609Z,2026-08-25T04:50:07.159186Z,bulk://analysis/cap-20260825T043423-8ad77822f2d4/capture-4bbc5e595882434692f7a77257f18990/manifest.json,sha256:7d68bdede81a2b593cdb1e47bc0d51830fb84e201035d6d59d709e6181863dbe,sha256:12683ee1e1e6623da9d14b85a7fc684cadbeee25ecec451832363d23e0bc221d,904,138,78,60,0,249468383,/srv/bulk/leo/recordings/2026/08/25/cap-20260825T043423-8ad77822f2d4/manifest.json,/srv/bulk/leo/analysis/cap-20260825T043423-8ad77822f2d4/capture-4bbc5e595882434692f7a77257f18990/manifest.json,fragmented,,,,,,,,,
cap-20260825T043656-2da9e806d487,2026-08-25T04:36:59.816402Z,2026-08-25T04:37:59.956863Z,1106770,committed,bulk://recordings/2026/08/25/cap-20260825T043656-2da9e806d487,sha256:04c914b238c898dc7a8a00dfbc0462cbb022b2f7748eb1c076dadcb38dc46558,t,capture-01f752ce91564a9fafc3debf51ea542e,standard,d331df8eaf4f64bfb2cec75e1c664af10aebbdd8,new_capture,succeeded,2026-08-25T04:38:04.772332Z,2026-08-25T05:00:34.251645Z,bulk://analysis/cap-20260825T043656-2da9e806d487/capture-01f752ce91564a9fafc3debf51ea542e/manifest.json,sha256:1cfd130b510a4a9e7b44214419bad8fc2b37ea8f76bc3f8a19b3f0f6c9c1b521,sha256:04c914b238c898dc7a8a00dfbc0462cbb022b2f7748eb1c076dadcb38dc46558,905,138,138,0,0,460806479,/srv/bulk/leo/recordings/2026/08/25/cap-20260825T043656-2da9e806d487/manifest.json,/srv/bulk/leo/analysis/cap-20260825T043656-2da9e806d487/capture-01f752ce91564a9fafc3debf51ea542e/manifest.json,4p-cross,4,cross-band,7.165554563,67.1775939304207,1602,29,64,stream-0/radio_pluto_5d4d/RX0;stream-1/radio_pluto_19f2/RX1;stream-1/radio_pluto_19f2/RX0;stream-0/radio_pluto_5d4d/RX1,sha256:4dbf5dddfac7fb14b7f086842b32551a3205409520c60c86c1980b577a90215f;sha256:1c2c0b367b76caa03ef6215bd168bfab6a6dd4832e9382330d5ae9a68acf4e18;sha256:437605000f7276111bcaec1f606ef0a4eb7d3d5cb434f1ae2769d9dc28205e92;sha256:7ab4d30d918bd68330d59e6f07085f4620167678b009849a652d1e9f2727de59
cap-20260825T045000-eb07d8b96de1,2026-08-25T04:50:03.285059Z,2026-08-25T04:51:03.418875Z,1106770,committed,bulk://recordings/2026/08/25/cap-20260825T045000-eb07d8b96de1,sha256:a1edb057c2e898fc61f6ba6284a4742a0cf75d6c811e4fb175f0fd8f4f12b859,t,capture-80062115827b4c9f9ed8cbe492dc5343,standard,d331df8eaf4f64bfb2cec75e1c664af10aebbdd8,new_capture,succeeded,2026-08-25T04:51:08.666277Z,2026-08-25T05:09:55.529177Z,bulk://analysis/cap-20260825T045000-eb07d8b96de1/capture-80062115827b4c9f9ed8cbe492dc5343/manifest.json,sha256:d2a98506e68ee8f38dc270199f74987e40ce413e23a0ea77543081b262f8da58,sha256:a1edb057c2e898fc61f6ba6284a4742a0cf75d6c811e4fb175f0fd8f4f12b859,906,138,138,0,0,308592699,/srv/bulk/leo/recordings/2026/08/25/cap-20260825T045000-eb07d8b96de1/manifest.json,/srv/bulk/leo/analysis/cap-20260825T045000-eb07d8b96de1/capture-80062115827b4c9f9ed8cbe492dc5343/manifest.json,4p-same,4,same-band,4.775,10.541414083676045,585,0,64,stream-1/radio_pluto_19f2/RX0;stream-0/radio_pluto_5d4d/RX0;stream-1/radio_pluto_19f2/RX1;stream-0/radio_pluto_5d4d/RX1,sha256:5336dbb2c62e25f22427149328b4ca8fee7d189ec46ab9149807c590b4836c05;sha256:1a681b0975963f46897c82d306256e6dafcfce8eabed7c6a3043152188cc52b9;sha256:951608be840070fb3de8e71909eda562a0d09138e37854808c016478fba2ed66;sha256:818b6f7b5b31f5f8b53d552a990412bc3d643f7e599aaa378e9332c7fe3b4ad4
cap-20260825T045232-ea223eab7de4,2026-08-25T04:52:35.799190Z,2026-08-25T04:53:35.940673Z,1106770,committed,bulk://recordings/2026/08/25/cap-20260825T045232-ea223eab7de4,sha256:b10b0a174a4049cd268c81cbb489ea4439b46dcc602c9e611c97502674c6a2b8,t,capture-9e9ac62b788240d4938ff73ac185542c,standard,d331df8eaf4f64bfb2cec75e1c664af10aebbdd8,new_capture,succeeded,2026-08-25T04:53:41.014918Z,2026-08-25T05:18:45.737758Z,bulk://analysis/cap-20260825T045232-ea223eab7de4/capture-9e9ac62b788240d4938ff73ac185542c/manifest.json,sha256:009fd996b3a61a71ed901b8517ed414176841796b591937408d4293feb0c0057,sha256:b10b0a174a4049cd268c81cbb489ea4439b46dcc602c9e611c97502674c6a2b8,907,138,138,0,0,393147971,/srv/bulk/leo/recordings/2026/08/25/cap-20260825T045232-ea223eab7de4/manifest.json,/srv/bulk/leo/analysis/cap-20260825T045232-ea223eab7de4/capture-9e9ac62b788240d4938ff73ac185542c/manifest.json,4p-cross,4,cross-band,6.025,12.169764972318262,748,0,64,stream-0/radio_pluto_5d4d/RX0;stream-1/radio_pluto_19f2/RX1;stream-0/radio_pluto_5d4d/RX1;stream-1/radio_pluto_19f2/RX0,sha256:8caa0ed76ad370a35ba608f200a9711c79f0cd52af84b42deb77c402ed11beac;sha256:d7c0111ff1170be6951a5343f0f62b0cd62fa6e99618f8a7fdbcf55fc5ef0b82;sha256:2cf6ff3773d13209a9e771c621c5a233ea2eaa2dffab80ad4b5ca49dc648b5ae;sha256:54deed602988cc98b2cf4f2d5f9ac0b3dc77c97b9ada2dde216eec0038641109
cap-20260825T050946-ab916a6d0eee,2026-08-25T05:09:49.915145Z,2026-08-25T05:10:50.040315Z,1106770,committed,bulk://recordings/2026/08/25/cap-20260825T050946-ab916a6d0eee,sha256:d12dbdbe20362abc5ab55362cbd7917474cc0c9453388aa2164e5fb3c6f6ce32,t,capture-30d22d8fe72049c4997111b2ec866668,standard,d331df8eaf4f64bfb2cec75e1c664af10aebbdd8,new_capture,succeeded,2026-08-25T05:10:54.754208Z,2026-08-25T05:27:19.383969Z,bulk://analysis/cap-20260825T050946-ab916a6d0eee/capture-30d22d8fe72049c4997111b2ec866668/manifest.json,sha256:b8def278ffd0e1aa6d9b147e2c91f5a7bca618fa3364fb6c21f40a556f92c456,sha256:d12dbdbe20362abc5ab55362cbd7917474cc0c9453388aa2164e5fb3c6f6ce32,908,138,138,0,0,284359761,/srv/bulk/leo/recordings/2026/08/25/cap-20260825T050946-ab916a6d0eee/manifest.json,/srv/bulk/leo/analysis/cap-20260825T050946-ab916a6d0eee/capture-30d22d8fe72049c4997111b2ec866668/manifest.json,4p-cross,4,cross-band,6.449769385,37.39061073442326,793,18,64,stream-0/radio_pluto_5d4d/RX1;stream-0/radio_pluto_5d4d/RX0;stream-1/radio_pluto_19f2/RX1;stream-1/radio_pluto_19f2/RX0,sha256:735d83777987cd32cbe0aa292b3e4d5396ab1c62b5afcf176f29b94319b4055f;sha256:d905f51497b4c811a95bde8271afb83ef0ae59d1522a72b8ed3ce29c5d6f89d8;sha256:9304b88f139fd2e0443a7813a6f0b6b7c7615d1f3e242a273257fe2bad1ff520;sha256:fd8a3aaf086560667bc0b85e6acd489af14a67d607e9eef9835ac03b45276662
cap-20260825T051221-0032700e2140,2026-08-25T05:12:24.353489Z,2026-08-25T05:13:24.505627Z,1106770,committed,bulk://recordings/2026/08/25/cap-20260825T051221-0032700e2140,sha256:588ff9d30c98712ac9a97e99f30d2a3714f03f356c1a2dd384f380604425655c,t,capture-0661e5d31885403596398dd7b7b3461e,standard,d331df8eaf4f64bfb2cec75e1c664af10aebbdd8,new_capture,succeeded,2026-08-25T05:13:29.092381Z,2026-08-25T05:37:19.678725Z,bulk://analysis/cap-20260825T051221-0032700e2140/capture-0661e5d31885403596398dd7b7b3461e/manifest.json,sha256:b7f8ea4c06049ade1d6066290ca18ff6d05c3c4c3ddd46d4956a047c1bedca30,sha256:588ff9d30c98712ac9a97e99f30d2a3714f03f356c1a2dd384f380604425655c,909,138,138,0,0,445834335,/srv/bulk/leo/recordings/2026/08/25/cap-20260825T051221-0032700e2140/manifest.json,/srv/bulk/leo/analysis/cap-20260825T051221-0032700e2140/capture-0661e5d31885403596398dd7b7b3461e/manifest.json,4p-same,4,same-band,4.902071324,64.56011683512725,1344,46,64,stream-1/radio_pluto_19f2/RX0;stream-1/radio_pluto_19f2/RX1;stream-0/radio_pluto_5d4d/RX0;stream-0/radio_pluto_5d4d/RX1,sha256:db0f88f21a9d8c708a755879a16c01e973f89a10154888495bec80a4bace1dec;sha256:6630ad0a423fa4ff06edb35fec40a9eb6dbae2d12965c0f8bfc7afc6735e93eb;sha256:8c2648ea2adc156a0e87c756cb776217fbe361bc3b43d57075bad7e89013cee5;sha256:8b73eba7d532a315bee4781ed5cb6a735754d4a848a32b406d47e4a2cfa490a7
cap-20260825T052711-1c1897ee98cb,2026-08-25T05:27:14.367661Z,2026-08-25T05:28:14.506575Z,1106770,committed,bulk://recordings/2026/08/25/cap-20260825T052711-1c1897ee98cb,sha256:09377654894f0c82bb0109e619af227933f9e4188bf8db42bba87733afa8cf17,t,capture-a900a81a4f8e4522bf43124e9c62ae6b,standard,d331df8eaf4f64bfb2cec75e1c664af10aebbdd8,new_capture,succeeded,2026-08-25T05:28:18.965594Z,2026-08-25T05:46:35.726606Z,bulk://analysis/cap-20260825T052711-1c1897ee98cb/capture-a900a81a4f8e4522bf43124e9c62ae6b/manifest.json,sha256:cabab6e582f5530d76a560a5546c1e27970c1ec1772fa5bdebeff5f357e19296,sha256:09377654894f0c82bb0109e619af227933f9e4188bf8db42bba87733afa8cf17,910,138,138,0,0,338522125,/srv/bulk/leo/recordings/2026/08/25/cap-20260825T052711-1c1897ee98cb/manifest.json,/srv/bulk/leo/analysis/cap-20260825T052711-1c1897ee98cb/capture-a900a81a4f8e4522bf43124e9c62ae6b/manifest.json,4p-same,4,same-band,5.55,46.965087948653945,684,0,64,stream-0/radio_pluto_5d4d/RX1;stream-1/radio_pluto_19f2/RX0;stream-0/radio_pluto_5d4d/RX0;stream-1/radio_pluto_19f2/RX1,sha256:a4c9795f4b5ffad78c9a529d1838a690292211217f5a66005c794cc83fab9986;sha256:84671e9b192447ac54abdc12d49a8c2716ce8097bb6abb6efb0ba0b3beaa3fcf;sha256:e44b1624817e3f9a3a14a2d3201ec4832301fd82a60a14f9e915c1ac8736aba6;sha256:f625f767589ea2f19d4a44190a7d35e341af3884fe9d352949b117b2841a42da
cap-20260825T053000-08038a3b6ae7,2026-08-25T05:30:03.206373Z,2026-08-25T05:31:03.338838Z,1106770,committed,bulk://recordings/2026/08/25/cap-20260825T053000-08038a3b6ae7,sha256:06ecb3f83db1dcca3d0fd5cb362f54911ae6447a3e811b0212ca65239e13252d,t,capture-0b791f61830a4e34ae9a46c9a11a6a25,standard,d331df8eaf4f64bfb2cec75e1c664af10aebbdd8,new_capture,succeeded,2026-08-25T05:31:08.404997Z,2026-08-25T05:52:39.336024Z,bulk://analysis/cap-20260825T053000-08038a3b6ae7/capture-0b791f61830a4e34ae9a46c9a11a6a25/manifest.json,sha256:21a418225c430b936750229477e79ac91ec164f2c91219447285f480a9d9447a,sha256:06ecb3f83db1dcca3d0fd5cb362f54911ae6447a3e811b0212ca65239e13252d,911,138,78,60,0,254631468,/srv/bulk/leo/recordings/2026/08/25/cap-20260825T053000-08038a3b6ae7/manifest.json,/srv/bulk/leo/analysis/cap-20260825T053000-08038a3b6ae7/capture-0b791f61830a4e34ae9a46c9a11a6a25/manifest.json,2p-same,2,same-band,2.875,10.107337088451231,186,0,31,stream-1/radio_pluto_19f2/RX1;stream-0/radio_pluto_5d4d/RX1,sha256:494bdf7b2c2e2e0d958b62dd0dfb5e025b740b041be18d916a3109a45101dd07;sha256:8b041918e18671f8b2baf2b94800812c7a8168071865b1f65414c2fe2b6ac18a
cap-20260825T054455-47f684bbc3cc,2026-08-25T05:44:58.147943Z,2026-08-25T05:45:58.269299Z,1106770,committed,bulk://recordings/2026/08/25/cap-20260825T054455-47f684bbc3cc,sha256:bdec658bdb3d5b5986675e2c63abdab838250cb80a14d336f390f049d6104beb,t,capture-35c78026067648a4a1b5e21bd051ac8d,standard,d331df8eaf4f64bfb2cec75e1c664af10aebbdd8,new_capture,succeeded,2026-08-25T05:46:02.926361Z,2026-08-25T06:01:56.415574Z,bulk://analysis/cap-20260825T054455-47f684bbc3cc/capture-35c78026067648a4a1b5e21bd051ac8d/manifest.json,sha256:8f0dabd41de86f04fdd2dd594accba3802c75bd10201331203576ce3b9e077e3,sha256:bdec658bdb3d5b5986675e2c63abdab838250cb80a14d336f390f049d6104beb,912,138,138,0,0,335365532,/srv/bulk/leo/recordings/2026/08/25/cap-20260825T054455-47f684bbc3cc/manifest.json,/srv/bulk/leo/analysis/cap-20260825T054455-47f684bbc3cc/capture-35c78026067648a4a1b5e21bd051ac8d/manifest.json,4p-cross,4,cross-band,8.503576555,40.54002316433207,1042,10,64,stream-1/radio_pluto_19f2/RX0;stream-0/radio_pluto_5d4d/RX1;stream-0/radio_pluto_5d4d/RX0;stream-1/radio_pluto_19f2/RX1,sha256:4fcf62119a86dd733fafe85e299c8f863811f9287bd3ceec39936e63dba9762f;sha256:ada382f84dd9254ec161229415552e7e57a3c32899d6c40c7fdd42ad53653e51;sha256:34e9259a099d269af29f8a1ae4445fcca979d8e187cbec48111e8d98eb0253c3;sha256:5ebb8f4af2f9f0c377ff9e28033bfcf15762fe89bcfc5f88dc2f175bca75d5c8
cap-20260825T054732-8f75a82fa0b9,2026-08-25T05:47:35.428532Z,2026-08-25T05:48:35.582341Z,1106770,committed,bulk://recordings/2026/08/25/cap-20260825T054732-8f75a82fa0b9,sha256:b82b04f52edc1fe049bc3e579bed372b5844529f9a09f242fca82d51b1c544fc,t,capture-32c5b23021d84a64a76a39489e5198b3,standard,d331df8eaf4f64bfb2cec75e1c664af10aebbdd8,new_capture,succeeded,2026-08-25T05:48:40.320080Z,2026-08-25T06:11:45.528333Z,bulk://analysis/cap-20260825T054732-8f75a82fa0b9/capture-32c5b23021d84a64a76a39489e5198b3/manifest.json,sha256:595df3836b1f0a2198285bb70388322e84158f393be0e396e9750e37cb67dbb1,sha256:b82b04f52edc1fe049bc3e579bed372b5844529f9a09f242fca82d51b1c544fc,913,138,138,0,0,362017091,/srv/bulk/leo/recordings/2026/08/25/cap-20260825T054732-8f75a82fa0b9/manifest.json,/srv/bulk/leo/analysis/cap-20260825T054732-8f75a82fa0b9/capture-32c5b23021d84a64a76a39489e5198b3/manifest.json,4p-cross,4,cross-band,3.5,84.51859006024642,460,17,64,stream-1/radio_pluto_19f2/RX0;stream-0/radio_pluto_5d4d/RX1;stream-0/radio_pluto_5d4d/RX0;stream-1/radio_pluto_19f2/RX1,sha256:e4dca31dcca0b7bd00b29a426a099dbb83cceb10865be6e0ce8f74fb8c0615e4;sha256:41adfd6d545ac5a08a642361dd127f224ba597d21cac9d70ff31cdc2b2c1a766;sha256:e3ca29b45e96f55c46a388a20ed5a549f574e4dcbe7acf312ea5b117bd6b1689;sha256:2c8167b23c115958d890f534fe802a520819b81b7829cfc6a1a98542386dd79d
cap-20260825T060148-5be06461ce89,2026-08-25T06:01:51.612916Z,2026-08-25T06:02:51.761865Z,1106770,committed,bulk://recordings/2026/08/25/cap-20260825T060148-5be06461ce89,sha256:bcc7213ac55c495b58c9ae4d9d14da013b93857c8fb1b46caeb8341c07396221,t,capture-49007e7a9f834b26ae34608c1904ae50,standard,d331df8eaf4f64bfb2cec75e1c664af10aebbdd8,new_capture,succeeded,2026-08-25T06:02:56.627547Z,2026-08-25T06:21:07.527312Z,bulk://analysis/cap-20260825T060148-5be06461ce89/capture-49007e7a9f834b26ae34608c1904ae50/manifest.json,sha256:cf4c31d843e5b2b992a8f576d287a88d6961fd5cedf656abb609abf3081ccfec,sha256:bcc7213ac55c495b58c9ae4d9d14da013b93857c8fb1b46caeb8341c07396221,914,138,42,96,0,290362106,/srv/bulk/leo/recordings/2026/08/25/cap-20260825T060148-5be06461ce89/manifest.json,/srv/bulk/leo/analysis/cap-20260825T060148-5be06461ce89/capture-49007e7a9f834b26ae34608c1904ae50/manifest.json,single-path,,,,,,,,,
cap-20260825T060423-a01f3d951828,2026-08-25T06:04:26.529825Z,2026-08-25T06:05:26.662322Z,1106770,committed,bulk://recordings/2026/08/25/cap-20260825T060423-a01f3d951828,sha256:b9270c4df8fbc01e89e36f4b19a53d4a9a5500613137ff400e47b6c09f04cc5a,t,capture-53ea6c2673ea40e887570b0d20d67ebb,standard,d331df8eaf4f64bfb2cec75e1c664af10aebbdd8,new_capture,succeeded,2026-08-25T06:05:31.334096Z,2026-08-25T06:27:49.237838Z,bulk://analysis/cap-20260825T060423-a01f3d951828/capture-53ea6c2673ea40e887570b0d20d67ebb/manifest.json,sha256:fe72b86209e6cc449fc0191673662ce7558c0cef67f6601da31070568f38e9fd,sha256:b9270c4df8fbc01e89e36f4b19a53d4a9a5500613137ff400e47b6c09f04cc5a,915,138,78,60,0,262896537,/srv/bulk/leo/recordings/2026/08/25/cap-20260825T060423-a01f3d951828/manifest.json,/srv/bulk/leo/analysis/cap-20260825T060423-a01f3d951828/capture-53ea6c2673ea40e887570b0d20d67ebb/manifest.json,2p-same,2,same-band,8.907580843,45.881252611703985,304,0,32,stream-0/radio_pluto_5d4d/RX1;stream-1/radio_pluto_19f2/RX1,sha256:fc5316d202e59793894f646e25e6b4822914ecb9dfdb1abd15383b646f424c88;sha256:5a1904b9000cfdc7de21b6a170f218af7ae106020ba00d747c2d05acaa09d9bc
cap-20260825T061951-fa942d625b14,2026-08-25T06:19:54.977716Z,2026-08-25T06:20:55.105667Z,1106770,committed,bulk://recordings/2026/08/25/cap-20260825T061951-fa942d625b14,sha256:46a4035ea2b14990ec2056dfbdcd9fa3aa22f3c23c1739f64de25f80ebf88682,t,capture-0aff113a9f764542b38c83f8afd5e714,standard,d331df8eaf4f64bfb2cec75e1c664af10aebbdd8,new_capture,succeeded,2026-08-25T06:21:00.515683Z,2026-08-25T06:38:02.871640Z,bulk://analysis/cap-20260825T061951-fa942d625b14/capture-0aff113a9f764542b38c83f8afd5e714/manifest.json,sha256:7a4a9ac932f29f079fb5f8e22698e4d6e525c78e7c36544eb9fe43a41c3fe05f,sha256:46a4035ea2b14990ec2056dfbdcd9fa3aa22f3c23c1739f64de25f80ebf88682,916,138,138,0,0,328837223,/srv/bulk/leo/recordings/2026/08/25/cap-20260825T061951-fa942d625b14/manifest.json,/srv/bulk/leo/analysis/cap-20260825T061951-fa942d625b14/capture-0aff113a9f764542b38c83f8afd5e714/manifest.json,4p-same,4,same-band,6.877775757,47.66247608284948,742,7,64,stream-0/radio_pluto_5d4d/RX1;stream-1/radio_pluto_19f2/RX0;stream-0/radio_pluto_5d4d/RX0;stream-1/radio_pluto_19f2/RX1,sha256:5980a0f0cb34ea0492c5e0f13099a5c0ce7a1b13327b6fd1144e9e091be2b8db;sha256:2aa3fa1719eb5ada67b5c55bbe37a2f0e67da08d3da92a6d7a66ec0656a24cf6;sha256:f078b62b7f2aed28aa930022c5948799dc87be45c94554df1608b730fd512da1;sha256:72aca27eb1bec66ff68f15ec98edf724008e81c9093cf84d4ee9a9531e571ae5
cap-20260825T062228-886fe2dd9cde,2026-08-25T06:22:32.125740Z,2026-08-25T06:23:32.274141Z,1106770,committed,bulk://recordings/2026/08/25/cap-20260825T062228-886fe2dd9cde,sha256:e19676663eef3a37ae11f050eb041688b0c171efc062ed80dd272fbf9882b718,t,capture-7f4cf1ae6c7746d1904e579c32b78290,standard,d331df8eaf4f64bfb2cec75e1c664af10aebbdd8,new_capture,succeeded,2026-08-25T06:23:37.013176Z,2026-08-25T06:45:57.749670Z,bulk://analysis/cap-20260825T062228-886fe2dd9cde/capture-7f4cf1ae6c7746d1904e579c32b78290/manifest.json,sha256:edf652a1e1aef5209474cf4c35d0ea9434fd407bb6a7c04bd8544a3d46290c94,sha256:e19676663eef3a37ae11f050eb041688b0c171efc062ed80dd272fbf9882b718,917,138,0,138,0,242739003,/srv/bulk/leo/recordings/2026/08/25/cap-20260825T062228-886fe2dd9cde/manifest.json,/srv/bulk/leo/analysis/cap-20260825T062228-886fe2dd9cde/capture-7f4cf1ae6c7746d1904e579c32b78290/manifest.json,hard-null,,,,,,,,,
cap-20260825T063754-ef4ff74230d6,2026-08-25T06:37:57.971291Z,2026-08-25T06:38:58.117820Z,1106770,committed,bulk://recordings/2026/08/25/cap-20260825T063754-ef4ff74230d6,sha256:47cf2f2a6ba38ce4376e4d5e7ffe0e27d622c8d93537811398a8ad582e3260fb,t,capture-0ff7ad558db747f9b78792acb006e928,standard,d331df8eaf4f64bfb2cec75e1c664af10aebbdd8,new_capture,succeeded,2026-08-25T06:39:02.608785Z,2026-08-25T06:54:03.751663Z,bulk://analysis/cap-20260825T063754-ef4ff74230d6/capture-0ff7ad558db747f9b78792acb006e928/manifest.json,sha256:6b27bb18f50b019bde137399a65cf4855e93a3bbcb07da93e3874761574d96a7,sha256:47cf2f2a6ba38ce4376e4d5e7ffe0e27d622c8d93537811398a8ad582e3260fb,918,138,78,60,0,265866349,/srv/bulk/leo/recordings/2026/08/25/cap-20260825T063754-ef4ff74230d6/manifest.json,/srv/bulk/leo/analysis/cap-20260825T063754-ef4ff74230d6/capture-0ff7ad558db747f9b78792acb006e928/manifest.json,2p-cross,2,cross-band,2.75,10.262036288998388,50,0,25,stream-0/radio_pluto_5d4d/RX1;stream-1/radio_pluto_19f2/RX1,sha256:d2901242c2b320efbe0eba986759c300c4a8e7f6b5088543b113a728ac45a208;sha256:aea28c06134051a08a4db1e927c025c94e840c2dda5fcc747bdf487af605ec2c
cap-20260825T064029-41a711347b33,2026-08-25T06:40:32.252043Z,2026-08-25T06:41:32.382923Z,1106770,committed,bulk://recordings/2026/08/25/cap-20260825T064029-41a711347b33,sha256:59354285ff2773dbd9c0fbed434fe7f86cc464c6aede78a6ef41152bb2594daa,t,capture-0c906962f9c443779ba1cbd9ca1f5fd4,standard,d331df8eaf4f64bfb2cec75e1c664af10aebbdd8,new_capture,succeeded,2026-08-25T06:41:37.447868Z,2026-08-25T07:02:12.416478Z,bulk://analysis/cap-20260825T064029-41a711347b33/capture-0c906962f9c443779ba1cbd9ca1f5fd4/manifest.json,sha256:31fcc7c9a8a950fd55aa327ac00563f0c4051dc07ffca0d1fd8d5762c05c7b5e,sha256:59354285ff2773dbd9c0fbed434fe7f86cc464c6aede78a6ef41152bb2594daa,919,138,108,30,0,261661235,/srv/bulk/leo/recordings/2026/08/25/cap-20260825T064029-41a711347b33/manifest.json,/srv/bulk/leo/analysis/cap-20260825T064029-41a711347b33/capture-0c906962f9c443779ba1cbd9ca1f5fd4/manifest.json,3p-cross,3,cross-band,5.05,11.129524649371433,404,0,48,stream-1/radio_pluto_19f2/RX1;stream-0/radio_pluto_5d4d/RX1;stream-0/radio_pluto_5d4d/RX0,sha256:2154514e9da4cdd7425c7c77c634b6cc761ae32c8a5cfdf137b0b35fb6cbf1f8;sha256:742e5e2b166a7a112dd6969006af971ade608f199e12530605bd75a23a23a083;sha256:5f100be5f58c5e4eee63c944f82b7125d125a9a8fc604a609be85e52baf42283
cap-20260825T065355-ba3e4fb8857b,2026-08-25T06:53:58.692896Z,2026-08-25T06:54:58.831714Z,1106770,committed,bulk://recordings/2026/08/25/cap-20260825T065355-ba3e4fb8857b,sha256:5fc3dcec7c32db02555f3676e39772636ff97f7a800539723944b0191de7f53c,t,capture-fec2f268eb324168853828203b6f72fd,standard,d331df8eaf4f64bfb2cec75e1c664af10aebbdd8,new_capture,succeeded,2026-08-25T06:55:03.750918Z,2026-08-25T07:15:39.232340Z,bulk://analysis/cap-20260825T065355-ba3e4fb8857b/capture-fec2f268eb324168853828203b6f72fd/manifest.json,sha256:d660134eb4f6b29e758ccd7065294783d8c5ebb8b32da1618efa353b1c6eb2aa,sha256:5fc3dcec7c32db02555f3676e39772636ff97f7a800539723944b0191de7f53c,920,138,138,0,0,459783471,/srv/bulk/leo/recordings/2026/08/25/cap-20260825T065355-ba3e4fb8857b/manifest.json,/srv/bulk/leo/analysis/cap-20260825T065355-ba3e4fb8857b/capture-fec2f268eb324168853828203b6f72fd/manifest.json,4p-same,4,same-band,14.863927893,11.10404538848752,1806,51,64,stream-0/radio_pluto_5d4d/RX1;stream-1/radio_pluto_19f2/RX1;stream-1/radio_pluto_19f2/RX0;stream-0/radio_pluto_5d4d/RX0,sha256:29af858a6f5a484f1bd968950bec74c4fcd591f26f9f333834a79bd6c3eae4bc;sha256:27c4b6e4ae2d6339a6eb29266ac32fc50b44121b619e28d9e0d5b9945ae9b2f1;sha256:c588b269669184a91454e24254138b68d6d88f246270465e85107dd232ddef2a;sha256:656f5cc2eba4027c0bee875eb4b365a1c164507945d49dc85017743b52896ad9
cap-20260825T065632-7f08bce0ad77,2026-08-25T06:56:35.797687Z,2026-08-25T06:57:35.948050Z,1106770,committed,bulk://recordings/2026/08/25/cap-20260825T065632-7f08bce0ad77,sha256:1caa7f7afb7dea93b657deffccdad12b46a10ea3274f1f8058fc63d5d51605fb,t,capture-ba48da05f5ce4af3bf758b200a29de50,standard,d331df8eaf4f64bfb2cec75e1c664af10aebbdd8,new_capture,succeeded,2026-08-25T06:57:41.397565Z,2026-08-25T07:26:38.447793Z,bulk://analysis/cap-20260825T065632-7f08bce0ad77/capture-ba48da05f5ce4af3bf758b200a29de50/manifest.json,sha256:12cf8e420f41365921a421e2269b26871e5cb3a6bd15f6e2c8a6e7a8d0de7d4e,sha256:1caa7f7afb7dea93b657deffccdad12b46a10ea3274f1f8058fc63d5d51605fb,921,138,108,30,0,340950020,/srv/bulk/leo/recordings/2026/08/25/cap-20260825T065632-7f08bce0ad77/manifest.json,/srv/bulk/leo/analysis/cap-20260825T065632-7f08bce0ad77/capture-ba48da05f5ce4af3bf758b200a29de50/manifest.json,3p-same,3,same-band,5.650376754,46.232819160040435,748,10,48,stream-0/radio_pluto_5d4d/RX1;stream-1/radio_pluto_19f2/RX1;stream-0/radio_pluto_5d4d/RX0,sha256:201d8d48e13a9936297efaef652ce8c6eb5962c51436d39540177c8553e2a5af;sha256:b388d8984b2e565a2e843c7a8f4b158b6ed786526eb7b601fdc3a570f5c1f709;sha256:25ae00309e8c5a013e486d4093a63732333b5a2432c03cf6683dc49454564ec3
cap-20260825T071530-b00e74ac23ee,2026-08-25T07:15:33.589837Z,2026-08-25T07:16:33.698907Z,1106770,committed,bulk://recordings/2026/08/25/cap-20260825T071530-b00e74ac23ee,sha256:811c93426cc919b665b31def0be3fce39cda99c36b4d135f0541c474b85d8fd6,t,capture-e6fde7c7cebc467dbb9f9b020d0eed42,standard,d331df8eaf4f64bfb2cec75e1c664af10aebbdd8,new_capture,succeeded,2026-08-25T07:16:38.859715Z,2026-08-25T07:36:38.867430Z,bulk://analysis/cap-20260825T071530-b00e74ac23ee/capture-e6fde7c7cebc467dbb9f9b020d0eed42/manifest.json,sha256:08eb51af2b11edda75b1a560be17b946e8e99219003b894df99f4f0ccc5a2b5f,sha256:811c93426cc919b665b31def0be3fce39cda99c36b4d135f0541c474b85d8fd6,922,138,138,0,0,334347101,/srv/bulk/leo/recordings/2026/08/25/cap-20260825T071530-b00e74ac23ee/manifest.json,/srv/bulk/leo/analysis/cap-20260825T071530-b00e74ac23ee/capture-e6fde7c7cebc467dbb9f9b020d0eed42/manifest.json,4p-same,4,same-band,7.890885175,54.45934625352402,989,0,64,stream-0/radio_pluto_5d4d/RX0;stream-1/radio_pluto_19f2/RX0;stream-1/radio_pluto_19f2/RX1;stream-0/radio_pluto_5d4d/RX1,sha256:ee88ced6594775be2f858aba8c1736b68bff8ff45a3671d30dc68a602ab5d0f4;sha256:f9948fdb2959b1d4008b49ac4b1069cf4c244df1c9b23ae91346618b0ff4a764;sha256:f4d9cd1d791ccab232189705054042c66809f4c1ebd0bf9ec665f4a00ba84643;sha256:506951ef6eba9c0fe47adc574f99b0c83547ac2277a72a29c141d3f52bccc11f
cap-20260825T071811-863ec02af098,2026-08-25T07:18:14.884478Z,2026-08-25T07:19:15.033763Z,1106770,committed,bulk://recordings/2026/08/25/cap-20260825T071811-863ec02af098,sha256:35d5fa0611c4239070d6b148c91171983b17d0075778152af9817323ab79b9b8,t,research-933af4d213ae475599b32580dc1aacd0,research,d331df8eaf4f64bfb2cec75e1c664af10aebbdd8,new_capture,succeeded,2026-08-25T07:19:19.600691Z,2026-08-25T07:59:47.234629Z,bulk://analysis/cap-20260825T071811-863ec02af098/research-933af4d213ae475599b32580dc1aacd0/manifest.json,sha256:941f1596ebf05faa152ba946131636ad11d07b6c80b3d59ca51f934bbf927641,sha256:35d5fa0611c4239070d6b148c91171983b17d0075778152af9817323ab79b9b8,923,138,108,30,0,884558521,/srv/bulk/leo/recordings/2026/08/25/cap-20260825T071811-863ec02af098/manifest.json,/srv/bulk/leo/analysis/cap-20260825T071811-863ec02af098/research-933af4d213ae475599b32580dc1aacd0/manifest.json,3p-cross,3,cross-band,7.015792809,76.46775503276058,905,3,48,stream-0/radio_pluto_5d4d/RX0;stream-0/radio_pluto_5d4d/RX1;stream-1/radio_pluto_19f2/RX1,sha256:1285863aa5a203736f0a7706bdd8f72350d7c8dc5da5a23bbd61cefd82d4e97c;sha256:4f5b76ec8574316aa1fb3c4185c0063aa9508d417dd3a927db8a4f4ef17d3238;sha256:bdd55109d28931f427ff141b3fa7c9e93c4b561ec10c729ef715510d8e1fe5c2
cap-20260825T073628-9462c103079c,2026-08-25T07:36:32.203274Z,2026-08-25T07:37:32.330701Z,1106770,committed,bulk://recordings/2026/08/25/cap-20260825T073628-9462c103079c,sha256:bcc2dafde4916cdd1c756f36eaf0999b226420fce5f538bd5df181f6c422e115,t,capture-ee8d503174864210b62b47a79c9a96f5,standard,d331df8eaf4f64bfb2cec75e1c664af10aebbdd8,new_capture,succeeded,2026-08-25T07:37:36.850444Z,2026-08-25T08:05:54.077668Z,bulk://analysis/cap-20260825T073628-9462c103079c/capture-ee8d503174864210b62b47a79c9a96f5/manifest.json,sha256:bf20d4f57138821fe466739551aad4b33e9dc83d856af82c88afc288c4781bf9,sha256:bcc2dafde4916cdd1c756f36eaf0999b226420fce5f538bd5df181f6c422e115,924,138,138,0,0,349638768,/srv/bulk/leo/recordings/2026/08/25/cap-20260825T073628-9462c103079c/manifest.json,/srv/bulk/leo/analysis/cap-20260825T073628-9462c103079c/capture-ee8d503174864210b62b47a79c9a96f5/manifest.json,4p-cross,4,cross-band,9.897555734,59.80308051661632,1891,34,64,stream-1/radio_pluto_19f2/RX0;stream-0/radio_pluto_5d4d/RX0;stream-0/radio_pluto_5d4d/RX1;stream-1/radio_pluto_19f2/RX1,sha256:2000cf6ce964bea0a80dc18bbfb4ef60bfac70861b8bf32ad48be7e27461ee31;sha256:87d7e33845c862132018288f7589e58d6fe4cf31a93fb4f92c93a8bf96cb4c04;sha256:226e3f08d0052c393cb8a062d07ecb8b929e24abc93295a28a64214d9599ab4a;sha256:6ae189490d33e8bec8bb05fdd9de1f1cc003e82c2b6d89dfbbaf8f2210bc913b
cap-20260825T073916-2b958ad6e9e6,2026-08-25T07:39:19.749315Z,2026-08-25T07:40:19.898298Z,1106770,committed,bulk://recordings/2026/08/25/cap-20260825T073916-2b958ad6e9e6,sha256:1d9f6a2eb046e90f67a2a485b3b7d1b8b172d16ee333eafaad5dd4b60da4aed5,t,capture-131147668da145519f11c1b4ff2017ff,standard,d331df8eaf4f64bfb2cec75e1c664af10aebbdd8,new_capture,succeeded,2026-08-25T07:40:24.715558Z,2026-08-25T08:12:56.358478Z,bulk://analysis/cap-20260825T073916-2b958ad6e9e6/capture-131147668da145519f11c1b4ff2017ff/manifest.json,sha256:486fc8dd78de87b7c6a09ca2a3a62d83f0bbcfb6bb4d11411099e2b362a6cdd3,sha256:1d9f6a2eb046e90f67a2a485b3b7d1b8b172d16ee333eafaad5dd4b60da4aed5,925,138,138,0,0,273590739,/srv/bulk/leo/recordings/2026/08/25/cap-20260825T073916-2b958ad6e9e6/manifest.json,/srv/bulk/leo/analysis/cap-20260825T073916-2b958ad6e9e6/capture-131147668da145519f11c1b4ff2017ff/manifest.json,2p-same,2,same-band,4.525,13.644385420106119,468,24,32,stream-0/radio_pluto_5d4d/RX0;stream-0/radio_pluto_5d4d/RX1,sha256:ccf31afe1ab520c821d9e45cb1c2a6992817db6cea0d45d56d31fab9b2a976a9;sha256:bd16f58e5728e448761f13f0ad8c7294bfc854bc32745c90ebd3268dfcede351
cap-20260825T080532-93144a3d5014,2026-08-25T08:05:35.698891Z,2026-08-25T08:06:35.815443Z,1106770,committed,bulk://recordings/2026/08/25/cap-20260825T080532-93144a3d5014,sha256:af0f8129ffb4d5751d58f6311d6f3680541eb84ad34dd202b541acfa44d5a004,t,capture-29ccd923566f4c71ae62cbf82f4386b6,standard,d331df8eaf4f64bfb2cec75e1c664af10aebbdd8,new_capture,succeeded,2026-08-25T08:06:40.190355Z,2026-08-25T08:21:04.366627Z,bulk://analysis/cap-20260825T080532-93144a3d5014/capture-29ccd923566f4c71ae62cbf82f4386b6/manifest.json,sha256:62da1592e8e68a129f234e0bdf962f33468a7d9852346d06170cb265c929acf0,sha256:af0f8129ffb4d5751d58f6311d6f3680541eb84ad34dd202b541acfa44d5a004,926,138,138,0,0,377848437,/srv/bulk/leo/recordings/2026/08/25/cap-20260825T080532-93144a3d5014/manifest.json,/srv/bulk/leo/analysis/cap-20260825T080532-93144a3d5014/capture-29ccd923566f4c71ae62cbf82f4386b6/manifest.json,2p-same,2,same-band,12.1,22.320093877465297,665,7,32,stream-0/radio_pluto_5d4d/RX1;stream-0/radio_pluto_5d4d/RX0,sha256:5e0cd53bdf77d67cbb78b8bc139fce5822abe3b64bf249d678d658b2f689add1;sha256:962c22c9afb34a9a40d2d31a2f0a15d6d9cd443dbcc214af14c0f80f2dd9ff75
cap-20260825T080805-6e1d7b635ec8,2026-08-25T08:08:08.816935Z,2026-08-25T08:09:08.947225Z,1106770,committed,bulk://recordings/2026/08/25/cap-20260825T080805-6e1d7b635ec8,sha256:59d6014fefede6f19c6cfe2e0111c6a23a370731b90b020d22cdd9a178fe4fca,t,capture-c374ba2f1da24ae6be6bd664bf64f7cf,standard,d331df8eaf4f64bfb2cec75e1c664af10aebbdd8,new_capture,succeeded,2026-08-25T08:09:14.194362Z,2026-08-25T08:29:06.028276Z,bulk://analysis/cap-20260825T080805-6e1d7b635ec8/capture-c374ba2f1da24ae6be6bd664bf64f7cf/manifest.json,sha256:2594484f8aa6b5e32dacdd6d460d0d290bc91a9b00323c3f0077ec238152866d,sha256:59d6014fefede6f19c6cfe2e0111c6a23a370731b90b020d22cdd9a178fe4fca,927,138,138,0,0,271620925,/srv/bulk/leo/recordings/2026/08/25/cap-20260825T080805-6e1d7b635ec8/manifest.json,/srv/bulk/leo/analysis/cap-20260825T080805-6e1d7b635ec8/capture-c374ba2f1da24ae6be6bd664bf64f7cf/manifest.json,2p-same,2,same-band,9.925,19.82836404288537,783,3,32,stream-1/radio_pluto_19f2/RX1;stream-1/radio_pluto_19f2/RX0,sha256:5c46f606723389715af14bce449d929aa88549e393572a2105ec1643358777e9;sha256:03cb6ead6ea91836f16cd831afd105b9ad0548b82ed11ba2cecf2bcf5f4c3555
cap-20260825T082057-aa0a740de6db,2026-08-25T08:21:00.278853Z,2026-08-25T08:22:00.409981Z,1106770,committed,bulk://recordings/2026/08/25/cap-20260825T082057-aa0a740de6db,sha256:38f80aa2aca82c9e89c55e6a8e4b3ad666facd913790abbbd6a192aefb6ffac6,t,capture-5964408806854097b6d396c5176cdd09,standard,d331df8eaf4f64bfb2cec75e1c664af10aebbdd8,new_capture,succeeded,2026-08-25T08:22:05.032670Z,2026-08-25T08:39:16.408644Z,bulk://analysis/cap-20260825T082057-aa0a740de6db/capture-5964408806854097b6d396c5176cdd09/manifest.json,sha256:2cc40c9b1cb1ee17d314d79c1ab0fee11b600e8bf5033610b562473687e2b4f5,sha256:38f80aa2aca82c9e89c55e6a8e4b3ad666facd913790abbbd6a192aefb6ffac6,928,138,108,30,0,367623506,/srv/bulk/leo/recordings/2026/08/25/cap-20260825T082057-aa0a740de6db/manifest.json,/srv/bulk/leo/analysis/cap-20260825T082057-aa0a740de6db/capture-5964408806854097b6d396c5176cdd09/manifest.json,3p-same,3,same-band,3.025,70.29066984757856,236,2,48,stream-0/radio_pluto_5d4d/RX0;stream-0/radio_pluto_5d4d/RX1;stream-1/radio_pluto_19f2/RX1,sha256:ab700739afaaecafc6b88c8cb96a00db2c27f5eaef003d81212a306c34b13787;sha256:af3739dfd92f25185e559eea99e916157c62487b673cc582a502787a8d2c2284;sha256:917716608278418b68f1d2b75f5acb360a3d83d30e0613e5123fa610ea0205e9
cap-20260825T082330-c8a2692839cd,2026-08-25T08:23:33.345052Z,2026-08-25T08:24:33.479397Z,1106770,committed,bulk://recordings/2026/08/25/cap-20260825T082330-c8a2692839cd,sha256:b9393f93c69ea904f0fc1298c089f3d68800daa270f86c6c2083388d3af1e1bf,t,capture-8f345fe3c6fc4294b28556b5366660d6,standard,d331df8eaf4f64bfb2cec75e1c664af10aebbdd8,new_capture,succeeded,2026-08-25T08:24:38.020476Z,2026-08-25T08:47:57.220317Z,bulk://analysis/cap-20260825T082330-c8a2692839cd/capture-8f345fe3c6fc4294b28556b5366660d6/manifest.json,sha256:3cd942ea1b1851d8304c54a0dca5c0351e28b7f9c754912036bcfb4f2f48b33c,sha256:b9393f93c69ea904f0fc1298c089f3d68800daa270f86c6c2083388d3af1e1bf,929,138,108,30,0,281905520,/srv/bulk/leo/recordings/2026/08/25/cap-20260825T082330-c8a2692839cd/manifest.json,/srv/bulk/leo/analysis/cap-20260825T082330-c8a2692839cd/capture-8f345fe3c6fc4294b28556b5366660d6/manifest.json,2p-same,2,same-band,12.315558862,51.26591174249097,426,19,32,stream-1/radio_pluto_19f2/RX1;stream-0/radio_pluto_5d4d/RX0,sha256:4f30f294e98f262c2a0c3bf459bd66127a294926a9c25d8872f1e8816ce1168c;sha256:198f0c0e3426db631b68b47cd13b971b700eefd5de983573bb272f8ed42ef04d
cap-20260825T083906-9e15fac173f1,2026-08-25T08:39:10.009283Z,2026-08-25T08:40:10.146266Z,1106770,committed,bulk://recordings/2026/08/25/cap-20260825T083906-9e15fac173f1,sha256:66de0b45bea25086e5a1370a3d4ec52536e14e33e0546a29ac924ed96a6e502d,t,capture-71e74e04f6f845dabcef42cebca5d824,standard,d331df8eaf4f64bfb2cec75e1c664af10aebbdd8,new_capture,succeeded,2026-08-25T08:40:14.989269Z,2026-08-25T08:57:39.082619Z,bulk://analysis/cap-20260825T083906-9e15fac173f1/capture-71e74e04f6f845dabcef42cebca5d824/manifest.json,sha256:05e1ee94aa12f4e9cd4aab54c3351bfc7aba7615596762fd90f57e6772fe992d,sha256:66de0b45bea25086e5a1370a3d4ec52536e14e33e0546a29ac924ed96a6e502d,930,138,138,0,0,364076970,/srv/bulk/leo/recordings/2026/08/25/cap-20260825T083906-9e15fac173f1/manifest.json,/srv/bulk/leo/analysis/cap-20260825T083906-9e15fac173f1/capture-71e74e04f6f845dabcef42cebca5d824/manifest.json,3p-same,3,same-band,5.988018586,46.916346382620304,773,9,32,stream-0/radio_pluto_5d4d/RX1;stream-1/radio_pluto_19f2/RX1;stream-1/radio_pluto_19f2/RX0,sha256:94e76208c27183315212f037b3fc6fab0c6b5c08039e2f8ff598005a4530e4fd;sha256:fcdd3ef33617ef12787a4756ffae78dbd75446d14cad09c0cdd153d28c8cc89e;sha256:4355b3141aeb2be271dcdf25114bec400c5fd0e2a6ef881777407dcc7d96cb79
cap-20260825T084200-6614872688fa,2026-08-25T08:42:03.364512Z,2026-08-25T08:43:03.501446Z,1106770,committed,bulk://recordings/2026/08/25/cap-20260825T084200-6614872688fa,sha256:f622fd2ea54e6fa0a546b851d602fca11cfdd77e5be2c49f1fe1a262ec871c74,t,capture-031db41b636c43e2b4aaeb3a69295263,standard,d331df8eaf4f64bfb2cec75e1c664af10aebbdd8,new_capture,succeeded,2026-08-25T08:43:08.038785Z,2026-08-25T09:04:27.626981Z,bulk://analysis/cap-20260825T084200-6614872688fa/capture-031db41b636c43e2b4aaeb3a69295263/manifest.json,sha256:a81bf639c0e417a590f1e23daedfefb5dfe9e1e3e904c5c75e258e13851a45b4,sha256:f622fd2ea54e6fa0a546b851d602fca11cfdd77e5be2c49f1fe1a262ec871c74,931,138,108,30,0,277685465,/srv/bulk/leo/recordings/2026/08/25/cap-20260825T084200-6614872688fa/manifest.json,/srv/bulk/leo/analysis/cap-20260825T084200-6614872688fa/capture-031db41b636c43e2b4aaeb3a69295263/manifest.json,2p-same,2,same-band,6.613067089,18.33004087469135,311,0,32,stream-1/radio_pluto_19f2/RX1;stream-0/radio_pluto_5d4d/RX0,sha256:b70f7a1f21b5d6b15fb5d4a7e2e7b1e67481c6cd184c05d52604702541a77b61;sha256:1281b783264428a4e79f134a94c4b0c01e563b5cfe7b5800de6da238b2e3d7d9
cap-20260825T085623-c725d27cbf0f,2026-08-25T08:56:26.162000Z,2026-08-25T08:57:26.295026Z,1106770,committed,bulk://recordings/2026/08/25/cap-20260825T085623-c725d27cbf0f,sha256:f3743932040b9f7b289404ddff96c24cd096129ce0d6be2773b86ecb7597da45,t,capture-9f6504cc63dd4932a32fc4f010e40456,standard,d331df8eaf4f64bfb2cec75e1c664af10aebbdd8,new_capture,succeeded,2026-08-25T08:57:31.927581Z,2026-08-25T09:14:38.831775Z,bulk://analysis/cap-20260825T085623-c725d27cbf0f/capture-9f6504cc63dd4932a32fc4f010e40456/manifest.json,sha256:406e9826aaa4685e613bd52fdc93107b79dab5d7445948aaaf0a87ae8ff39ff5,sha256:f3743932040b9f7b289404ddff96c24cd096129ce0d6be2773b86ecb7597da45,932,138,138,0,0,431911056,/srv/bulk/leo/recordings/2026/08/25/cap-20260825T085623-c725d27cbf0f/manifest.json,/srv/bulk/leo/analysis/cap-20260825T085623-c725d27cbf0f/capture-9f6504cc63dd4932a32fc4f010e40456/manifest.json,4p-cross,4,cross-band,4.475,19.13499974676506,576,42,64,stream-0/radio_pluto_5d4d/RX0;stream-0/radio_pluto_5d4d/RX1;stream-1/radio_pluto_19f2/RX0;stream-1/radio_pluto_19f2/RX1,sha256:93ef0f347e7a456df56580c50b932568db73810eb14e098323c1221e4561ff3b;sha256:9100343321c2afa94c4c24efee7ac882a79efdda0f99ffb5278ce66b659ed106;sha256:e6e4475dd27539872632b6ac8cf43796d2c0eada043118ef1b87d9a0b2b22a20;sha256:c9a8c62a0f80f94d46e9c2f5a29548a0961a55def8dd1d0cc1fb46c7137a19db
cap-20260825T085857-6d87a16d291d,2026-08-25T08:59:00.408774Z,2026-08-25T09:00:00.532200Z,1106770,committed,bulk://recordings/2026/08/25/cap-20260825T085857-6d87a16d291d,sha256:2e5edff93fe364bc80f436f5294e245bcc4ab01121fc9096afc95387946d4903,t,capture-5d5849f9400d4444bbf172081fe582fb,standard,d331df8eaf4f64bfb2cec75e1c664af10aebbdd8,new_capture,succeeded,2026-08-25T09:00:05.466175Z,2026-08-25T09:21:57.897429Z,bulk://analysis/cap-20260825T085857-6d87a16d291d/capture-5d5849f9400d4444bbf172081fe582fb/manifest.json,sha256:d02eecfb4fbfa06805ed109785993b35e6546e099dc1ed1667e9310769c9354f,sha256:2e5edff93fe364bc80f436f5294e245bcc4ab01121fc9096afc95387946d4903,933,138,78,60,0,267464514,/srv/bulk/leo/recordings/2026/08/25/cap-20260825T085857-6d87a16d291d/manifest.json,/srv/bulk/leo/analysis/cap-20260825T085857-6d87a16d291d/capture-5d5849f9400d4444bbf172081fe582fb/manifest.json,fragmented,,,,,,,,,
cap-20260825T091429-c1446df4dd6a,2026-08-25T09:14:32.578969Z,2026-08-25T09:15:32.712185Z,1106770,committed,bulk://recordings/2026/08/25/cap-20260825T091429-c1446df4dd6a,sha256:01fe9f35bba4a8496d767aab3bc825c2eb25212ea307cfb0191507d79e64fbc3,t,capture-3f876060b46a48c494342b73b4861082,standard,d331df8eaf4f64bfb2cec75e1c664af10aebbdd8,new_capture,succeeded,2026-08-25T09:15:37.183607Z,2026-08-25T09:30:10.732378Z,bulk://analysis/cap-20260825T091429-c1446df4dd6a/capture-3f876060b46a48c494342b73b4861082/manifest.json,sha256:fe1ad18e9541bc318e74f6b5b2b5feff0e2d3f0be3abd3edb1773c8212e5d3c9,sha256:01fe9f35bba4a8496d767aab3bc825c2eb25212ea307cfb0191507d79e64fbc3,934,138,108,30,0,267331155,/srv/bulk/leo/recordings/2026/08/25/cap-20260825T091429-c1446df4dd6a/manifest.json,/srv/bulk/leo/analysis/cap-20260825T091429-c1446df4dd6a/capture-3f876060b46a48c494342b73b4861082/manifest.json,3p-same,3,same-band,3.066798191,87.5942496002408,254,0,48,stream-0/radio_pluto_5d4d/RX1;stream-1/radio_pluto_19f2/RX1;stream-1/radio_pluto_19f2/RX0,sha256:4773386b0d38b9ab83e5699a39f91332c9f0b62b28a22ca4c8f587aa2f603bba;sha256:de501486cd9eb4e5e19dfb3240ed8fa20b4dab6bf919f7ee682a47a98c3a8315;sha256:41ca09b9f893482e976548ec2c47e7215e17ada489af5fa3364298c766a39227
cap-20260825T091703-5f3a5ca69477,2026-08-25T09:17:06.627093Z,2026-08-25T09:18:06.752870Z,1106770,committed,bulk://recordings/2026/08/25/cap-20260825T091703-5f3a5ca69477,sha256:8b68f050b6c8eb54d8f7ec23b81da818759514dd3e62d7405a2aaef842c3489a,t,capture-01ac0aa463df4788ae96260d4143fe5b,standard,d331df8eaf4f64bfb2cec75e1c664af10aebbdd8,new_capture,succeeded,2026-08-25T09:18:11.727556Z,2026-08-25T09:39:39.446719Z,bulk://analysis/cap-20260825T091703-5f3a5ca69477/capture-01ac0aa463df4788ae96260d4143fe5b/manifest.json,sha256:1ba03d856e47865656ce8a962198a6b3e510679603ad9d63e5bf6627de2a4292,sha256:8b68f050b6c8eb54d8f7ec23b81da818759514dd3e62d7405a2aaef842c3489a,935,138,138,0,0,377456445,/srv/bulk/leo/recordings/2026/08/25/cap-20260825T091703-5f3a5ca69477/manifest.json,/srv/bulk/leo/analysis/cap-20260825T091703-5f3a5ca69477/capture-01ac0aa463df4788ae96260d4143fe5b/manifest.json,4p-cross,4,cross-band,9.375,43.076563046468436,1218,21,64,stream-0/radio_pluto_5d4d/RX0;stream-1/radio_pluto_19f2/RX0;stream-1/radio_pluto_19f2/RX1;stream-0/radio_pluto_5d4d/RX1,sha256:6f7cf8903a2fd9107a4c1df7e2fd876e4da8b0f55cee1a8edc9f448a912b2974;sha256:9cbc19686cf86b061cde4bf8ff7f36d8001e85cd92fa18247a8ffa894b4c104b;sha256:07ca9c0cab6fdd3490d1bbabf83e25f409de0bc60a37768ad7fcee67f7f2c2bb;sha256:d2540d2a09701581bf7bbfe3cafc4db5709b740426e719b07d30b67e66b069d2
cap-20260825T093005-48e3188de964,2026-08-25T09:30:08.472025Z,2026-08-25T09:31:08.601437Z,1106770,committed,bulk://recordings/2026/08/25/cap-20260825T093005-48e3188de964,sha256:31efd3fa733f61c951aa2be7a7a97997376efc0573846c4e9ffa624100568830,t,research-e13088cc48774daf8c33800d8551f0bb,research,d331df8eaf4f64bfb2cec75e1c664af10aebbdd8,new_capture,succeeded,2026-08-25T09:31:13.383833Z,2026-08-25T10:15:43.151914Z,bulk://analysis/cap-20260825T093005-48e3188de964/research-e13088cc48774daf8c33800d8551f0bb/manifest.json,sha256:a4ce09f4541cf789ae4c693c368d39223e70fd8d0d967fd8747a4ceccb7c83ed,sha256:31efd3fa733f61c951aa2be7a7a97997376efc0573846c4e9ffa624100568830,936,138,98,0,40,983265457,/srv/bulk/leo/recordings/2026/08/25/cap-20260825T093005-48e3188de964/manifest.json,/srv/bulk/leo/analysis/cap-20260825T093005-48e3188de964/research-e13088cc48774daf8c33800d8551f0bb/manifest.json,4p-cross,4,cross-band,5.885,91.33878938635235,1197,29,64,stream-1/radio_pluto_19f2/RX1;stream-1/radio_pluto_19f2/RX0;stream-0/radio_pluto_5d4d/RX0;stream-0/radio_pluto_5d4d/RX1,sha256:e2acbf8fca34f356c45118b291880a025be4a45c0457ad9c7fd1e7a7adf69dcf;sha256:6c1b783857ce3b602d61d936580a80516edbe7a6f39fba94360371dc1273c72e;sha256:81427cdc63e9148694c1b91046ba719016ff7577dd2d5332e8824159eceac680;sha256:987829ed1ebc991d32c2893715684866d737ec0cb801b0ddcc55a4164619766b
cap-20260825T093300-bf9c531be375,2026-08-25T09:33:03.220415Z,2026-08-25T09:34:03.220448Z,1106770,committed,bulk://recordings/2026/08/25/cap-20260825T093300-bf9c531be375,sha256:e9e0a1e51e2c6e4abcaabba4a608d14a6739d373d7e45f7a71f4708e5f61c887,t,capture-c00ae1bb9f244249add6207965227679,standard,d331df8eaf4f64bfb2cec75e1c664af10aebbdd8,new_capture,succeeded,2026-08-25T09:34:07.918501Z,2026-08-25T09:57:17.636224Z,bulk://analysis/cap-20260825T093300-bf9c531be375/capture-c00ae1bb9f244249add6207965227679/manifest.json,sha256:fb53e0d4dbab66fd9af295ead65b974949b095f2fa866c24558c381910b4bb1d,sha256:e9e0a1e51e2c6e4abcaabba4a608d14a6739d373d7e45f7a71f4708e5f61c887,937,138,138,0,0,341470774,/srv/bulk/leo/recordings/2026/08/25/cap-20260825T093300-bf9c531be375/manifest.json,/srv/bulk/leo/analysis/cap-20260825T093300-bf9c531be375/capture-c00ae1bb9f244249add6207965227679/manifest.json,4p-same,4,same-band,7.0,81.34167158831087,1193,2,64,stream-1/radio_pluto_19f2/RX0;stream-1/radio_pluto_19f2/RX1;stream-0/radio_pluto_5d4d/RX0;stream-0/radio_pluto_5d4d/RX1,sha256:3304924d0ece673b70b523a3fd0f7f1c13b1c010bb6b3961034a44589af48794;sha256:9d1926fbcb9e39c76ce3ef5b5fd71c13274d30daba8f2252d60dbc2c06b490ea;sha256:a3bdb1ea4b86136a67aeeef1364b0d5bba8887d3001189924524af9f9cc79d35;sha256:074b49dd632d67f8654fad5c1cc86b89c7e15461c5a533dc6d3aecec28b63cf3
cap-20260825T095456-2ac0495b1e77,2026-08-25T09:55:00.051788Z,2026-08-25T09:56:00.181266Z,1106770,committed,bulk://recordings/2026/08/25/cap-20260825T095456-2ac0495b1e77,sha256:c2df53c386086d42191f01602ee0d03dd75462e982c8a860d1e7d2e4508ce8b8,t,capture-2c781ff334a046bf85624ae6b7522918,standard,d331df8eaf4f64bfb2cec75e1c664af10aebbdd8,new_capture,succeeded,2026-08-25T09:56:05.487531Z,2026-08-25T10:11:35.450707Z,bulk://analysis/cap-20260825T095456-2ac0495b1e77/capture-2c781ff334a046bf85624ae6b7522918/manifest.json,sha256:b207ba804aff32ccf32e56a2dbfc9a23bb5c4599904f6a473351386fdeef3fcf,sha256:c2df53c386086d42191f01602ee0d03dd75462e982c8a860d1e7d2e4508ce8b8,938,138,138,0,0,298899992,/srv/bulk/leo/recordings/2026/08/25/cap-20260825T095456-2ac0495b1e77/manifest.json,/srv/bulk/leo/analysis/cap-20260825T095456-2ac0495b1e77/capture-2c781ff334a046bf85624ae6b7522918/manifest.json,2p-same,2,same-band,2.125,80.999672819848,91,0,22,stream-0/radio_pluto_5d4d/RX1;stream-0/radio_pluto_5d4d/RX0,sha256:825f1fa115056c3fc6f1359c43c3698b06a2a033094baa13d14720337debb948;sha256:2b77e28ce3b4a2a78cf634fdc12856bffc9d5298e9cbf78891679da1e63add49
cap-20260825T095732-fd1d58211b28,2026-08-25T09:57:35.759295Z,2026-08-25T09:58:35.886967Z,1106770,committed,bulk://recordings/2026/08/25/cap-20260825T095732-fd1d58211b28,sha256:f3558fb35392e9ea3c9031bb8564287873c5fa4863b90c4325c8991df47d45b3,t,capture-139837c33c484dbc8a91c49d3a556266,standard,d331df8eaf4f64bfb2cec75e1c664af10aebbdd8,new_capture,succeeded,2026-08-25T09:58:41.057076Z,2026-08-25T10:22:37.621777Z,bulk://analysis/cap-20260825T095732-fd1d58211b28/capture-139837c33c484dbc8a91c49d3a556266/manifest.json,sha256:e24ae30817477a1c87238e11403c8100ebe0a4394a3b79d4b87acdb528a48995,sha256:f3558fb35392e9ea3c9031bb8564287873c5fa4863b90c4325c8991df47d45b3,939,138,138,0,0,416127758,/srv/bulk/leo/recordings/2026/08/25/cap-20260825T095732-fd1d58211b28/manifest.json,/srv/bulk/leo/analysis/cap-20260825T095732-fd1d58211b28/capture-139837c33c484dbc8a91c49d3a556266/manifest.json,4p-cross,4,cross-band,5.547292367,35.233369012810726,1242,26,64,stream-0/radio_pluto_5d4d/RX0;stream-0/radio_pluto_5d4d/RX1;stream-1/radio_pluto_19f2/RX0;stream-1/radio_pluto_19f2/RX1,sha256:eee9c5fc34fd9c8e4e2be405ee455d916cf077b2b4538d062d5f7c2f12208d81;sha256:56dc44d650c5c82ac946991fc4f1a6f8d7d32c641a01e03abafe3d137b360b92;sha256:7467ceae73301b5517b5ad729d0aa37661e290b75f6fe74ada5e69722bb0491e;sha256:c7873b1be3f22ab3446944c9cd558fac0d9d6873aac3404e052d80c8b5894613
cap-20260825T101428-681b85cf4224,2026-08-25T10:14:32.036663Z,2026-08-25T10:15:32.160210Z,1106770,committed,bulk://recordings/2026/08/25/cap-20260825T101428-681b85cf4224,sha256:baa1090f71473ae609ea0ee243f877ea62238f4e3cb9c7bc35ee056b696ab511,t,capture-f2adc434dea043dd9c990047a0ed606d,standard,d331df8eaf4f64bfb2cec75e1c664af10aebbdd8,new_capture,succeeded,2026-08-25T10:15:37.033263Z,2026-08-25T10:33:39.272810Z,bulk://analysis/cap-20260825T101428-681b85cf4224/capture-f2adc434dea043dd9c990047a0ed606d/manifest.json,sha256:241d4c0767a8862a8905133c01bb71a7e1e9b6278af3bce701de76ef9f183293,sha256:baa1090f71473ae609ea0ee243f877ea62238f4e3cb9c7bc35ee056b696ab511,940,138,64,0,74,504961219,/srv/bulk/leo/recordings/2026/08/25/cap-20260825T101428-681b85cf4224/manifest.json,/srv/bulk/leo/analysis/cap-20260825T101428-681b85cf4224/capture-f2adc434dea043dd9c990047a0ed606d/manifest.json,4p-same,4,same-band,11.123522151,51.649071005386304,1553,12,32,stream-0/radio_pluto_5d4d/RX0;stream-0/radio_pluto_5d4d/RX1;stream-1/radio_pluto_19f2/RX0;stream-1/radio_pluto_19f2/RX1,sha256:349b2af3e35269274b4952de3e61025a0e9dbe31477bac0184c316a5320e4490;sha256:990bb625a2a15a9ce4a906a87aa770502dc5ab40321365d586b9a1d93d139605;sha256:69d882c7ca9a01ba19b8faa73531beaeee5eaf5130ef5c4d1e486efc910c2d0c;sha256:9a95137120e5a7b090f705d2bb6340793ff8696657e491f3d5232baa391ecfdd
cap-20260825T101702-f60463e1402e,2026-08-25T10:17:05.328301Z,2026-08-25T10:18:05.455093Z,1106770,committed,bulk://recordings/2026/08/25/cap-20260825T101702-f60463e1402e,sha256:e34a0199c15c19b7130dcfb3b0211feb2b2ac42ae54ee33a0888f591d438ed89,t,capture-545b8f4de65f47b3aac29658941f842e,standard,d331df8eaf4f64bfb2cec75e1c664af10aebbdd8,new_capture,succeeded,2026-08-25T10:18:10.359571Z,2026-08-25T10:40:48.805678Z,bulk://analysis/cap-20260825T101702-f60463e1402e/capture-545b8f4de65f47b3aac29658941f842e/manifest.json,sha256:ff26bd8d61d8dc3c941dd6111017174e560d3d0bd44a39477a0b4af084627a7e,sha256:e34a0199c15c19b7130dcfb3b0211feb2b2ac42ae54ee33a0888f591d438ed89,941,138,78,60,0,260530790,/srv/bulk/leo/recordings/2026/08/25/cap-20260825T101702-f60463e1402e/manifest.json,/srv/bulk/leo/analysis/cap-20260825T101702-f60463e1402e/capture-545b8f4de65f47b3aac29658941f842e/manifest.json,2p-cross,2,cross-band,5.875,4.106890226293672,415,12,32,stream-0/radio_pluto_5d4d/RX1;stream-1/radio_pluto_19f2/RX1,sha256:c87675a39aba03b5654c84954c0a7d4d10ca7fcf83886865e0d695ffdf8e8667;sha256:70df8abd6211ffc677a03dbd9b0f28e839817704917311c53245971f4bd3f73d
cap-20260825T103332-ce6a8b60eac8,2026-08-25T10:33:35.841909Z,2026-08-25T10:34:35.974456Z,1106770,committed,bulk://recordings/2026/08/25/cap-20260825T103332-ce6a8b60eac8,sha256:90fc87658714134a53fef14a544292ffad7f0214b978b3566871ae0e37c551a0,t,research-2ea3a0e5cc604bc28699baee5b105896,research,d331df8eaf4f64bfb2cec75e1c664af10aebbdd8,new_capture,succeeded,2026-08-25T10:34:40.624411Z,2026-08-25T11:11:26.746852Z,bulk://analysis/cap-20260825T103332-ce6a8b60eac8/research-2ea3a0e5cc604bc28699baee5b105896/manifest.json,sha256:f6c673e89bb1d4fc7f16d989b9ecfdb9b8c8397356dadb064b8f0212722b47df,sha256:90fc87658714134a53fef14a544292ffad7f0214b978b3566871ae0e37c551a0,942,138,108,30,0,876530417,/srv/bulk/leo/recordings/2026/08/25/cap-20260825T103332-ce6a8b60eac8/manifest.json,/srv/bulk/leo/analysis/cap-20260825T103332-ce6a8b60eac8/research-2ea3a0e5cc604bc28699baee5b105896/manifest.json,2p-same,2,same-band,6.952521828,72.44755308514368,675,0,32,stream-1/radio_pluto_19f2/RX1;stream-0/radio_pluto_5d4d/RX1,sha256:7c8bd72066a9e01155782b6349cafcf41be8f54e6bfa92b9a8200f759fe0465f;sha256:0295eac5cda3d5837c0a7e8d5e7c1b56d73814d7f3c17d75082715b7df3c9238
cap-20260825T103607-9bd90a1a50e4,2026-08-25T10:36:10.568803Z,2026-08-25T10:37:10.695359Z,1106770,committed,bulk://recordings/2026/08/25/cap-20260825T103607-9bd90a1a50e4,sha256:d71f087f9cd636a14b95af28cb5938c924b77c4c98e604ca9f1ef9461c1ebfff,t,capture-2b2827007f4d477eb80e018c60a51b88,standard,d331df8eaf4f64bfb2cec75e1c664af10aebbdd8,new_capture,succeeded,2026-08-25T10:37:15.567558Z,2026-08-25T10:58:37.913350Z,bulk://analysis/cap-20260825T103607-9bd90a1a50e4/capture-2b2827007f4d477eb80e018c60a51b88/manifest.json,sha256:bcdaab0e60f11d02904a805f03e63e663c2b2487a1e827793c46e62b922821a9,sha256:d71f087f9cd636a14b95af28cb5938c924b77c4c98e604ca9f1ef9461c1ebfff,943,138,138,0,0,332092453,/srv/bulk/leo/recordings/2026/08/25/cap-20260825T103607-9bd90a1a50e4/manifest.json,/srv/bulk/leo/analysis/cap-20260825T103607-9bd90a1a50e4/capture-2b2827007f4d477eb80e018c60a51b88/manifest.json,3p-cross,3,cross-band,8.7,1.9079160225087435,836,30,48,stream-0/radio_pluto_5d4d/RX1;stream-0/radio_pluto_5d4d/RX0;stream-1/radio_pluto_19f2/RX1,sha256:1ec8f24ffeba80d73347b2f9717693cacb7af13c3c265958cf62e267d3a0b84a;sha256:f8d39da33de2dc087a8039ace242bb0b388182f4b2e61599cc31b553241e7a8f;sha256:e9c927fd2e2e1bf82ee654bbfa54483d1de7b78d1a7603b766b87ff01b8e7649
cap-20260825T105640-facdadeffb3b,2026-08-25T10:56:43.586610Z,2026-08-25T10:57:43.707746Z,1106770,committed,bulk://recordings/2026/08/25/cap-20260825T105640-facdadeffb3b,sha256:3bc39816e57c9af91db342e23e06ff3dbd684a3d1cbfbc5507e175a17bdf202e,t,capture-c0e238da62ad4f95bc76cf8ec8af0053,standard,d331df8eaf4f64bfb2cec75e1c664af10aebbdd8,new_capture,succeeded,2026-08-25T10:57:48.745248Z,2026-08-25T11:12:28.521975Z,bulk://analysis/cap-20260825T105640-facdadeffb3b/capture-c0e238da62ad4f95bc76cf8ec8af0053/manifest.json,sha256:0898825bb8ded379dff1d60f56fdf2b0f36ac428fd4e6daa7f655902632f49a4,sha256:3bc39816e57c9af91db342e23e06ff3dbd684a3d1cbfbc5507e175a17bdf202e,944,138,0,138,0,246592142,/srv/bulk/leo/recordings/2026/08/25/cap-20260825T105640-facdadeffb3b/manifest.json,/srv/bulk/leo/analysis/cap-20260825T105640-facdadeffb3b/capture-c0e238da62ad4f95bc76cf8ec8af0053/manifest.json,hard-null,,,,,,,,,
cap-20260825T105915-2770b84587cc,2026-08-25T10:59:18.416073Z,2026-08-25T11:00:18.540544Z,1106770,committed,bulk://recordings/2026/08/25/cap-20260825T105915-2770b84587cc,sha256:2f632b9f1a1acdbcd98ac44c67fc23f583f797638b08d0ebc2afc762f99635b8,t,capture-deacb926412f4398864e9a5ebd7e73fe,standard,d331df8eaf4f64bfb2cec75e1c664af10aebbdd8,new_capture,succeeded,2026-08-25T11:00:23.473504Z,2026-08-25T11:21:00.101332Z,bulk://analysis/cap-20260825T105915-2770b84587cc/capture-deacb926412f4398864e9a5ebd7e73fe/manifest.json,sha256:7edbdf4759927e88ce3fdd8ac5bd8c61573425fe2b8b7d37c46800f9697bdfec,sha256:2f632b9f1a1acdbcd98ac44c67fc23f583f797638b08d0ebc2afc762f99635b8,945,138,108,30,0,328859357,/srv/bulk/leo/recordings/2026/08/25/cap-20260825T105915-2770b84587cc/manifest.json,/srv/bulk/leo/analysis/cap-20260825T105915-2770b84587cc/capture-deacb926412f4398864e9a5ebd7e73fe/manifest.json,2p-same,2,same-band,12.275,8.511543702278686,743,13,32,stream-0/radio_pluto_5d4d/RX1;stream-0/radio_pluto_5d4d/RX0,sha256:15550fadd61e683233c1383e5b4f72555073e9c451fee01a7a9d453eef6572fa;sha256:f99cd33c8bb4b551e3b0e75e3bfdf59093650507bbd187eba10bb4d16f8a49e2
cap-20260825T111222-a2d4ce2afb9a,2026-08-25T11:12:25.983042Z,2026-08-25T11:13:26.117129Z,1106770,committed,bulk://recordings/2026/08/25/cap-20260825T111222-a2d4ce2afb9a,sha256:d9b26a48cb4c2dae1637478e817dbc2127fb66d5d0dc9be45d2d18fa6521e9eb,t,capture-d57be1215bc54db3a5d3f8c342c5c9fd,standard,d331df8eaf4f64bfb2cec75e1c664af10aebbdd8,new_capture,succeeded,2026-08-25T11:13:30.718063Z,2026-08-25T11:27:59.973198Z,bulk://analysis/cap-20260825T111222-a2d4ce2afb9a/capture-d57be1215bc54db3a5d3f8c342c5c9fd/manifest.json,sha256:bb87c18224792bf9847bf1d391189d02e4cf14f9798ed603d16b98a1e111ef0a,sha256:d9b26a48cb4c2dae1637478e817dbc2127fb66d5d0dc9be45d2d18fa6521e9eb,946,138,0,138,0,242269316,/srv/bulk/leo/recordings/2026/08/25/cap-20260825T111222-a2d4ce2afb9a/manifest.json,/srv/bulk/leo/analysis/cap-20260825T111222-a2d4ce2afb9a/capture-d57be1215bc54db3a5d3f8c342c5c9fd/manifest.json,hard-null,,,,,,,,,
cap-20260825T111500-f86d954a73d8,2026-08-25T11:15:03.261179Z,2026-08-25T11:16:03.391525Z,1106770,committed,bulk://recordings/2026/08/25/cap-20260825T111500-f86d954a73d8,sha256:1c929936924d66d2ae8aefad229ab78f8d4ba5981f34b796f22ac503c876fd26,t,research-c2b5f51396904c4ea708fef57a803f18,research,d331df8eaf4f64bfb2cec75e1c664af10aebbdd8,new_capture,succeeded,2026-08-25T11:16:08.621212Z,2026-08-25T11:43:31.313522Z,bulk://analysis/cap-20260825T111500-f86d954a73d8/research-c2b5f51396904c4ea708fef57a803f18/manifest.json,sha256:47b4b8a9fa9dc43771c920dcaeadc3bc7f4555c5b3ec6b81217039091fa03c4f,sha256:1c929936924d66d2ae8aefad229ab78f8d4ba5981f34b796f22ac503c876fd26,947,138,78,60,0,788031331,/srv/bulk/leo/recordings/2026/08/25/cap-20260825T111500-f86d954a73d8/manifest.json,/srv/bulk/leo/analysis/cap-20260825T111500-f86d954a73d8/research-c2b5f51396904c4ea708fef57a803f18/manifest.json,fragmented,,,,,,,,,
cap-20260825T112754-81caaf92ce27,2026-08-25T11:27:57.585833Z,2026-08-25T11:28:57.721400Z,1106770,committed,bulk://recordings/2026/08/25/cap-20260825T112754-81caaf92ce27,sha256:74ff0bd996a778b6b2505f6fcb2ccc63d0c0d578ef2910c37a1e9dd9828009e7,t,capture-b1ad81dc89304a5fb0674c1dc60b11a2,standard,d331df8eaf4f64bfb2cec75e1c664af10aebbdd8,new_capture,succeeded,2026-08-25T11:29:02.419127Z,2026-08-25T11:51:34.027454Z,bulk://analysis/cap-20260825T112754-81caaf92ce27/capture-b1ad81dc89304a5fb0674c1dc60b11a2/manifest.json,sha256:78ed4b8efd47cdffacfaf35ef928e4515be2c0d600784da98df366485ebae8c9,sha256:74ff0bd996a778b6b2505f6fcb2ccc63d0c0d578ef2910c37a1e9dd9828009e7,948,138,108,30,0,360596201,/srv/bulk/leo/recordings/2026/08/25/cap-20260825T112754-81caaf92ce27/manifest.json,/srv/bulk/leo/analysis/cap-20260825T112754-81caaf92ce27/capture-b1ad81dc89304a5fb0674c1dc60b11a2/manifest.json,2p-same,2,same-band,11.775,22.49713295632182,837,7,32,stream-1/radio_pluto_19f2/RX1;stream-1/radio_pluto_19f2/RX0,sha256:440248035293659573cd3a4dd36b769a9defbccb93afc06212196ab6b6dd3492;sha256:af1c0ba54d0b3488ae90c5357d417c6bc059e62d4c2d5e7ba420d2986645f984
cap-20260825T113026-5f7f357ca4b9,2026-08-25T11:30:30.099540Z,2026-08-25T11:31:30.228709Z,1106770,committed,bulk://recordings/2026/08/25/cap-20260825T113026-5f7f357ca4b9,sha256:3e0a3d45bc00718bafaa73e5931331753144d841b9c3af521f4dcb66c89e6936,t,capture-bcfd717f3713413f93ad3780fafe3520,standard,d331df8eaf4f64bfb2cec75e1c664af10aebbdd8,new_capture,succeeded,2026-08-25T11:31:35.122061Z,2026-08-25T12:00:01.910145Z,bulk://analysis/cap-20260825T113026-5f7f357ca4b9/capture-bcfd717f3713413f93ad3780fafe3520/manifest.json,sha256:707ff9ba36248c2db1599e1090f0f30ac462914e0e7ca8b8a68403145c37b848,sha256:3e0a3d45bc00718bafaa73e5931331753144d841b9c3af521f4dcb66c89e6936,949,138,138,0,0,386945260,/srv/bulk/leo/recordings/2026/08/25/cap-20260825T113026-5f7f357ca4b9/manifest.json,/srv/bulk/leo/analysis/cap-20260825T113026-5f7f357ca4b9/capture-bcfd717f3713413f93ad3780fafe3520/manifest.json,2p-same,2,same-band,11.825,7.481083368504642,518,3,32,stream-0/radio_pluto_5d4d/RX1;stream-0/radio_pluto_5d4d/RX0,sha256:6b764f641532d898977852967c4b6d9f7f1cb64566c511b9f5b7de8b698e4ae3;sha256:3610411a33407ddaf48ad13ca9669cc1bf6f71031f6773a42f6db4fac6652b93
cap-20260825T115127-b61fef4673a4,2026-08-25T11:51:31.168664Z,2026-08-25T11:52:31.310451Z,1106770,committed,bulk://recordings/2026/08/25/cap-20260825T115127-b61fef4673a4,sha256:66834fb6fd1371caaebc1334969460145581f63ecee3b1934a67b99ce224f1db,t,capture-ddac8fb43dc8493aaf920660b61be602,standard,d331df8eaf4f64bfb2cec75e1c664af10aebbdd8,new_capture,succeeded,2026-08-25T11:52:36.130451Z,2026-08-25T12:08:20.464588Z,bulk://analysis/cap-20260825T115127-b61fef4673a4/capture-ddac8fb43dc8493aaf920660b61be602/manifest.json,sha256:77c691899e3e0653e4c37dd0e65a252dc15533b9a9ed866b28669adb3500ebb8,sha256:66834fb6fd1371caaebc1334969460145581f63ecee3b1934a67b99ce224f1db,950,138,138,0,0,306954895,/srv/bulk/leo/recordings/2026/08/25/cap-20260825T115127-b61fef4673a4/manifest.json,/srv/bulk/leo/analysis/cap-20260825T115127-b61fef4673a4/capture-ddac8fb43dc8493aaf920660b61be602/manifest.json,4p-cross,4,cross-band,6.625,26.962169980450653,953,31,64,stream-0/radio_pluto_5d4d/RX1;stream-1/radio_pluto_19f2/RX0;stream-0/radio_pluto_5d4d/RX0;stream-1/radio_pluto_19f2/RX1,sha256:180f79a5eabc1ddc9870a136e86bb4c0d5656e4c40dccedd22136ce1db31cd41;sha256:0e1dd13606ac82856d5bcbb30892dc7d8ccbb757f8c5e4477fe6f63ac8a5ec59;sha256:9b84b58664674112cff6aec89936a5b70e272c08aef79f5284e5854b0cdf0e7f;sha256:4b56be537da99f092e4e10481aae1e4969cade5153aefafc90f8713f11c0e35e
cap-20260825T115401-774be9e8b225,2026-08-25T11:54:04.963469Z,2026-08-25T11:55:05.090998Z,1106770,committed,bulk://recordings/2026/08/25/cap-20260825T115401-774be9e8b225,sha256:985e8988b160e16af81605ec0c750575d16078ae21f474c1b04225392a387855,t,capture-c3609bfcf06340f895037f7d4d76f0f6,standard,d331df8eaf4f64bfb2cec75e1c664af10aebbdd8,new_capture,succeeded,2026-08-25T11:55:10.067191Z,2026-08-25T12:17:52.634847Z,bulk://analysis/cap-20260825T115401-774be9e8b225/capture-c3609bfcf06340f895037f7d4d76f0f6/manifest.json,sha256:be6f6e10d841e41a54ed7f17c135318c342d308eae1bf423bfa0510c477b1cd0,sha256:985e8988b160e16af81605ec0c750575d16078ae21f474c1b04225392a387855,951,138,138,0,0,409452609,/srv/bulk/leo/recordings/2026/08/25/cap-20260825T115401-774be9e8b225/manifest.json,/srv/bulk/leo/analysis/cap-20260825T115401-774be9e8b225/capture-c3609bfcf06340f895037f7d4d76f0f6/manifest.json,4p-cross,4,cross-band,11.825,19.964222555112883,1920,47,64,stream-0/radio_pluto_5d4d/RX0;stream-1/radio_pluto_19f2/RX0;stream-0/radio_pluto_5d4d/RX1;stream-1/radio_pluto_19f2/RX1,sha256:271ebe3092e93f3a4b23f2f425097cf10d1af727da5628b62b6e6648579be5db;sha256:88a3899a568da085dff3fb0f3e312abde315df6e9d5e24badfff0501f988201e;sha256:2d68f45b4def7a56ba02c532852a04cacc566c0d4ff4748401cb2a82a08df140;sha256:b1fb41592daf9551d0012970fcf8534c0a1ae0a43a6962cd49e7f06881bc93ec
cap-20260825T120814-0b3f87b4c621,2026-08-25T12:08:18.060946Z,2026-08-25T12:09:18.193867Z,1106770,committed,bulk://recordings/2026/08/25/cap-20260825T120814-0b3f87b4c621,sha256:6a870fee6aa5da9a6205a4add760ff601e01b11995b41a9413975fda3be1f1e0,t,capture-208731c057a349af9d1af061adf49a5c,standard,d331df8eaf4f64bfb2cec75e1c664af10aebbdd8,new_capture,succeeded,2026-08-25T12:09:23.526955Z,2026-08-25T12:25:11.102499Z,bulk://analysis/cap-20260825T120814-0b3f87b4c621/capture-208731c057a349af9d1af061adf49a5c/manifest.json,sha256:bc14b645ee98beeb47d41f2792f8937e4ca87501cbe505262cf75d7395dda58d,sha256:6a870fee6aa5da9a6205a4add760ff601e01b11995b41a9413975fda3be1f1e0,952,138,108,30,0,251365159,/srv/bulk/leo/recordings/2026/08/25/cap-20260825T120814-0b3f87b4c621/manifest.json,/srv/bulk/leo/analysis/cap-20260825T120814-0b3f87b4c621/capture-208731c057a349af9d1af061adf49a5c/manifest.json,3p-cross,3,cross-band,2.46695892,65.06506222657981,222,0,45,stream-0/radio_pluto_5d4d/RX1;stream-1/radio_pluto_19f2/RX0;stream-1/radio_pluto_19f2/RX1,sha256:28e76ba9cd3d9ce1d32af0e136cbc54b8858a5ab7a3136f94b41e0798200154c;sha256:296b0ba91520f40d270046b7d11146f3af4ac4aeb74a4a7a6668c9904d631b2e;sha256:659c764d96deefde14b916ffca13ea7673683f8a27b4cb8a4728607072a89b72
cap-20260825T121050-814d20dbdb46,2026-08-25T12:10:53.866299Z,2026-08-25T12:11:54.001845Z,1106770,committed,bulk://recordings/2026/08/25/cap-20260825T121050-814d20dbdb46,sha256:0b89ce9140fe7003b15f123b0ab1b38c9a87eb6f2513577f94a5dc4add9c51ee,t,capture-4f38525d8b414eca925bfc32014c8305,standard,d331df8eaf4f64bfb2cec75e1c664af10aebbdd8,new_capture,succeeded,2026-08-25T12:11:58.947805Z,2026-08-25T12:35:07.746925Z,bulk://analysis/cap-20260825T121050-814d20dbdb46/capture-4f38525d8b414eca925bfc32014c8305/manifest.json,sha256:6b553c0c15c05f42a06eef2de7a61cb673e45ef62b9e92e8ab8cccf0be3b51e6,sha256:0b89ce9140fe7003b15f123b0ab1b38c9a87eb6f2513577f94a5dc4add9c51ee,953,138,138,0,0,391199899,/srv/bulk/leo/recordings/2026/08/25/cap-20260825T121050-814d20dbdb46/manifest.json,/srv/bulk/leo/analysis/cap-20260825T121050-814d20dbdb46/capture-4f38525d8b414eca925bfc32014c8305/manifest.json,4p-cross,4,cross-band,6.875,47.41612048726665,934,19,64,stream-1/radio_pluto_19f2/RX1;stream-0/radio_pluto_5d4d/RX1;stream-0/radio_pluto_5d4d/RX0;stream-1/radio_pluto_19f2/RX0,sha256:343fffc4d80e930f6ac82a22f3b569bef8f4f57b099c8856bddeacb2cbd97a93;sha256:f6307733794ac5bc74c102a427b0238ebf8315c186583a9677789786f96e512e;sha256:aaa2ebedb8b37171545f700ccd6e7d08ca6d4638c72dc32513f3095568deb617;sha256:99056213e10e43373979789d687f14452862aea893a4c421144726bfcfc200d0
cap-20260825T122504-118f2dc23da4,2026-08-25T12:25:07.324797Z,2026-08-25T12:26:07.466298Z,1106770,committed,bulk://recordings/2026/08/25/cap-20260825T122504-118f2dc23da4,sha256:4b91a7269aaf3d23efc3b5c8d776389a6a767711ea8b3cd7b3449efee373d8a1,t,capture-a18130d04bc04ef4876af96a8134eeca,standard,d331df8eaf4f64bfb2cec75e1c664af10aebbdd8,new_capture,succeeded,2026-08-25T12:26:13.287631Z,2026-08-25T12:44:00.688524Z,bulk://analysis/cap-20260825T122504-118f2dc23da4/capture-a18130d04bc04ef4876af96a8134eeca/manifest.json,sha256:e8749db2a6f22aa47ac78b506d561c9d5ce00607f6c85fe9188158db08d58be2,sha256:4b91a7269aaf3d23efc3b5c8d776389a6a767711ea8b3cd7b3449efee373d8a1,954,138,108,30,0,359766572,/srv/bulk/leo/recordings/2026/08/25/cap-20260825T122504-118f2dc23da4/manifest.json,/srv/bulk/leo/analysis/cap-20260825T122504-118f2dc23da4/capture-a18130d04bc04ef4876af96a8134eeca/manifest.json,3p-cross,3,cross-band,6.933392018,53.36232988759002,1016,4,48,stream-0/radio_pluto_5d4d/RX1;stream-0/radio_pluto_5d4d/RX0;stream-1/radio_pluto_19f2/RX1,sha256:7a5663c48d6687723d3ea1910907f61b2748c07508eb84d8998a864bab9d215a;sha256:f2074b8dfb3c4a5564ac973669468d04d9188e8b7b056f247d2008c04ad948a8;sha256:c96b5e3c656fd9cf2194bf4ea7139acc1d735718f95bb59687aa6e2feabdf1b0
cap-20260825T122739-68a6c7077fd1,2026-08-25T12:27:42.384216Z,2026-08-25T12:28:42.509438Z,1106770,committed,bulk://recordings/2026/08/25/cap-20260825T122739-68a6c7077fd1,sha256:0fec9fd73979172336462616b2f17fad884035811c2d307b062be5c7c1b600fd,t,capture-a2851c2ff5984aae8e870bc10cd12200,standard,d331df8eaf4f64bfb2cec75e1c664af10aebbdd8,new_capture,succeeded,2026-08-25T12:28:47.860922Z,2026-08-25T12:53:00.131267Z,bulk://analysis/cap-20260825T122739-68a6c7077fd1/capture-a2851c2ff5984aae8e870bc10cd12200/manifest.json,sha256:24c0f9620807912e6346780f02769b252d9d907b1bcb52a5f350b379d78aa02c,sha256:0fec9fd73979172336462616b2f17fad884035811c2d307b062be5c7c1b600fd,955,138,108,30,0,311546655,/srv/bulk/leo/recordings/2026/08/25/cap-20260825T122739-68a6c7077fd1/manifest.json,/srv/bulk/leo/analysis/cap-20260825T122739-68a6c7077fd1/capture-a2851c2ff5984aae8e870bc10cd12200/manifest.json,3p-cross,3,cross-band,3.375303858,34.452863656734735,269,0,48,stream-0/radio_pluto_5d4d/RX0;stream-0/radio_pluto_5d4d/RX1;stream-1/radio_pluto_19f2/RX1,sha256:56d18164f0cefe74dc005b606c64e684513d43a19f908dc21f8f45bc8cf91bcb;sha256:55c150f964640e52e6f6ef9a688492ebc86c9bbb76d21f2d607cd1cf2276f95d;sha256:23a676e2d01df0cf51121d5d1429bacba5d1020bf429af9ed9357ad191ac2e18
cap-20260825T124353-2772a9000f84,2026-08-25T12:43:56.272738Z,2026-08-25T12:44:56.408716Z,1106770,committed,bulk://recordings/2026/08/25/cap-20260825T124353-2772a9000f84,sha256:a427eacdc9089b3e15eea034255c9c9c4ebca3aadf9297249a7317aedaa678ac,t,capture-ce62437d948347199185cad34f02a8a9,standard,d331df8eaf4f64bfb2cec75e1c664af10aebbdd8,new_capture,succeeded,2026-08-25T12:45:01.220449Z,2026-08-25T13:01:59.376429Z,bulk://analysis/cap-20260825T124353-2772a9000f84/capture-ce62437d948347199185cad34f02a8a9/manifest.json,sha256:e019899d531a4a8c0bcb982a07bcd7f2875acf08e1e7fe5b3c0856741ba0b256,sha256:a427eacdc9089b3e15eea034255c9c9c4ebca3aadf9297249a7317aedaa678ac,956,138,138,0,0,383643706,/srv/bulk/leo/recordings/2026/08/25/cap-20260825T124353-2772a9000f84/manifest.json,/srv/bulk/leo/analysis/cap-20260825T124353-2772a9000f84/capture-ce62437d948347199185cad34f02a8a9/manifest.json,4p-cross,4,cross-band,7.75,87.88099366242886,825,11,64,stream-1/radio_pluto_19f2/RX0;stream-0/radio_pluto_5d4d/RX0;stream-1/radio_pluto_19f2/RX1;stream-0/radio_pluto_5d4d/RX1,sha256:3b9322d816e23f769f75a7c784189d8a970726f9fda8249ebe6480e9554df8e5;sha256:684ea2323154359d755082c4e63de08e136b45e208bcae4d413b7373a80ce3ee;sha256:2d24246a355676af88cdb703e827f6066fcf8b0ac153e8e01f874f2391baf6a9;sha256:3ba70fe08dbbb6d298e38db793dfa2202a075ab000f9fcb6c5056b467bcff84b
cap-20260825T124625-47b24c68ea47,2026-08-25T12:46:28.318337Z,2026-08-25T12:47:28.451734Z,1106770,committed,bulk://recordings/2026/08/25/cap-20260825T124625-47b24c68ea47,sha256:3c1d9127f2e7b995ec0802df1a812b8bc04e208f14a7c7a17386b1f61f447887,t,research-0ddd0f0141ec42c08ce8f16aced967a6,research,d331df8eaf4f64bfb2cec75e1c664af10aebbdd8,new_capture,succeeded,2026-08-25T12:47:32.949250Z,2026-08-25T13:30:33.191920Z,bulk://analysis/cap-20260825T124625-47b24c68ea47/research-0ddd0f0141ec42c08ce8f16aced967a6/manifest.json,sha256:708ed34570ee0d9a0b4e8c5e876d2ad3649887559f5dccb1b53b2a8f1aa20fe6,sha256:3c1d9127f2e7b995ec0802df1a812b8bc04e208f14a7c7a17386b1f61f447887,957,138,72,66,0,824497671,/srv/bulk/leo/recordings/2026/08/25/cap-20260825T124625-47b24c68ea47/manifest.json,/srv/bulk/leo/analysis/cap-20260825T124625-47b24c68ea47/research-0ddd0f0141ec42c08ce8f16aced967a6/manifest.json,2p-same,2,same-band,2.45,61.761497467315166,606,10,28,stream-1/radio_pluto_19f2/RX1;stream-1/radio_pluto_19f2/RX0,sha256:9febeb4f74e7cd52095bd41db4381870e022345bacac43f2f547e7b19e89c4d3;sha256:b79b2d892b64c8609b050a7d7b56778227a63db754870764b9f12fe5a8b601d9
cap-20260825T130151-a49ace995c50,2026-08-25T13:01:54.763681Z,2026-08-25T13:02:54.903785Z,1106770,committed,bulk://recordings/2026/08/25/cap-20260825T130151-a49ace995c50,sha256:3326596cf3a250e93845658534f34ed718d1defff1f772cdbd4a8d9a537b9f1f,t,capture-00b2a46cb4ea488e883b6fc3357a657d,standard,d331df8eaf4f64bfb2cec75e1c664af10aebbdd8,new_capture,succeeded,2026-08-25T13:02:59.672103Z,2026-08-25T13:30:43.727227Z,bulk://analysis/cap-20260825T130151-a49ace995c50/capture-00b2a46cb4ea488e883b6fc3357a657d/manifest.json,sha256:47a8b137979b0ee5743b785e93c1bd698bd3a34eaab36e1a36b5fc1250ab28ca,sha256:3326596cf3a250e93845658534f34ed718d1defff1f772cdbd4a8d9a537b9f1f,958,138,138,0,0,280814867,/srv/bulk/leo/recordings/2026/08/25/cap-20260825T130151-a49ace995c50/manifest.json,/srv/bulk/leo/analysis/cap-20260825T130151-a49ace995c50/capture-00b2a46cb4ea488e883b6fc3357a657d/manifest.json,4p-same,4,same-band,2.215056624,52.837783781476446,665,47,62,stream-1/radio_pluto_19f2/RX1;stream-0/radio_pluto_5d4d/RX0;stream-1/radio_pluto_19f2/RX0;stream-0/radio_pluto_5d4d/RX1,sha256:acce28aac90e32724648a53426ca407d90b71e4e26df3c243288c716ac774e05;sha256:f0942e5e402e77da3464b8852b8a658021027ef85b0cc62acaa584746bc244ab;sha256:7b40f20e7d264c15c24e6352a42847448f6c34a1700a6bfcb18f1e2f8dd91508;sha256:fb070e2e6b4b3e64d464ac6cb24a6b380f06f388604b7885d99d94f10506a142
cap-20260825T130425-1678069fefd1,2026-08-25T13:04:28.579084Z,2026-08-25T13:05:28.711582Z,1106770,committed,bulk://recordings/2026/08/25/cap-20260825T130425-1678069fefd1,sha256:e7ff12eb1182d8500470b1d19db44de2b70031d9ead7967fa9bcffb2cfe9dedb,t,capture-26248533f2dd4bd193e840ce10a914b4,standard,d331df8eaf4f64bfb2cec75e1c664af10aebbdd8,new_capture,succeeded,2026-08-25T13:05:33.342505Z,2026-08-25T13:39:58.775692Z,bulk://analysis/cap-20260825T130425-1678069fefd1/capture-26248533f2dd4bd193e840ce10a914b4/manifest.json,sha256:6e5fc7f41120d950dcee5ecde9faf402d1314637a44048c081d8e53d3562f665,sha256:e7ff12eb1182d8500470b1d19db44de2b70031d9ead7967fa9bcffb2cfe9dedb,959,138,138,0,0,437001009,/srv/bulk/leo/recordings/2026/08/25/cap-20260825T130425-1678069fefd1/manifest.json,/srv/bulk/leo/analysis/cap-20260825T130425-1678069fefd1/capture-26248533f2dd4bd193e840ce10a914b4/manifest.json,4p-cross,4,cross-band,9.825,47.77210305505105,1119,18,64,stream-0/radio_pluto_5d4d/RX0;stream-1/radio_pluto_19f2/RX1;stream-1/radio_pluto_19f2/RX0;stream-0/radio_pluto_5d4d/RX1,sha256:6c178e47b6436843e26dea130ba171405d30db772effcbca9ab5c9923a8aa470;sha256:f81fbc067712b17eb893fad089b973f5e4b33b8135b61a98590b4d6e7ed502d1;sha256:9ecaac615c767c67678e13d8d163e31e7c89b9ad9be192044a9fe42a12b19975;sha256:91308f187fddff5957753068c46f145aaa2b5c2460d7190605d7aefec22a04f3
cap-20260825T133033-14e202d5ef1a,2026-08-25T13:30:37.178760Z,2026-08-25T13:31:37.300065Z,1106770,committed,bulk://recordings/2026/08/25/cap-20260825T133033-14e202d5ef1a,sha256:5836699eb61a2d07d3c2f4cbdaa5f49658bc71d1e0db0025a6ceb49ed4c419ea,t,capture-021f1cb329444619a4551770dd9ac558,standard,d331df8eaf4f64bfb2cec75e1c664af10aebbdd8,new_capture,succeeded,2026-08-25T13:31:41.593889Z,2026-08-25T13:49:53.573399Z,bulk://analysis/cap-20260825T133033-14e202d5ef1a/capture-021f1cb329444619a4551770dd9ac558/manifest.json,sha256:e141650aa80e86365cb4e0175ecd75e73b24277bc6ea80fc4bb4d3f1b2266ef3,sha256:5836699eb61a2d07d3c2f4cbdaa5f49658bc71d1e0db0025a6ceb49ed4c419ea,960,138,108,30,0,377458249,/srv/bulk/leo/recordings/2026/08/25/cap-20260825T133033-14e202d5ef1a/manifest.json,/srv/bulk/leo/analysis/cap-20260825T133033-14e202d5ef1a/capture-021f1cb329444619a4551770dd9ac558/manifest.json,3p-same,3,same-band,7.225,49.30865145108237,921,0,48,stream-0/radio_pluto_5d4d/RX0;stream-1/radio_pluto_19f2/RX1;stream-0/radio_pluto_5d4d/RX1,sha256:f6e7b81b83d67c5ef61616a2e323cf1cdc1a5cec347ef396c123d4147965f3f9;sha256:774939222d54f9ab6f8dd343e8f0c477b175eb5bf9057a9da4071368569711e6;sha256:5382055babbdb67262905bc4e5669b8f22e8e9475ff90be5bc3fbec65fa93bfc
cap-20260825T133307-5eaedd058cf5,2026-08-25T13:33:10.745972Z,2026-08-25T13:34:10.881507Z,1106770,committed,bulk://recordings/2026/08/25/cap-20260825T133307-5eaedd058cf5,sha256:30f6ab00d5c2b02e5c02d3381a8126de848a9dbdd7d5ed9b2021af5ecd435d10,t,capture-f7a989e611c0480e9182d25a2fce9b61,standard,d331df8eaf4f64bfb2cec75e1c664af10aebbdd8,new_capture,succeeded,2026-08-25T13:34:15.574583Z,2026-08-25T13:57:36.610539Z,bulk://analysis/cap-20260825T133307-5eaedd058cf5/capture-f7a989e611c0480e9182d25a2fce9b61/manifest.json,sha256:c492a1db5cdfad4d024c9380b80f63484ae597c7d4d22d6bff7125e708646290,sha256:30f6ab00d5c2b02e5c02d3381a8126de848a9dbdd7d5ed9b2021af5ecd435d10,961,138,138,0,0,306502230,/srv/bulk/leo/recordings/2026/08/25/cap-20260825T133307-5eaedd058cf5/manifest.json,/srv/bulk/leo/analysis/cap-20260825T133307-5eaedd058cf5/capture-f7a989e611c0480e9182d25a2fce9b61/manifest.json,3p-same,3,same-band,5.235627094,39.556556527395514,859,30,48,stream-0/radio_pluto_5d4d/RX0;stream-0/radio_pluto_5d4d/RX1;stream-1/radio_pluto_19f2/RX1,sha256:fa6d2a7ccbd994df2284405c392f1ab4e60a2ec38bc74e1e86d48a197c2c24c0;sha256:e011b8dbeef468d8fb8d93683fdc15bbabe57e011e6b01a448173d65a3070e0c;sha256:b6b65ae07271aef1e645ea5b3ce7cdaca468c507ef6ab9af14a1b39106e5c9a3
cap-20260825T134944-696938e832f4,2026-08-25T13:49:47.888607Z,2026-08-25T13:50:48.026059Z,1106770,committed,bulk://recordings/2026/08/25/cap-20260825T134944-696938e832f4,sha256:c7f7e57a28d242129c89235db9c52fad2bc86fe7154c29f5bc113b7b579f3c2b,t,capture-bc7c10e63be74da4a4187eab1336e00a,standard,d331df8eaf4f64bfb2cec75e1c664af10aebbdd8,new_capture,succeeded,2026-08-25T13:50:52.386190Z,2026-08-25T14:05:33.516120Z,bulk://analysis/cap-20260825T134944-696938e832f4/capture-bc7c10e63be74da4a4187eab1336e00a/manifest.json,sha256:1839dad88732595e2417f9ee91c770f9a71de89cd1ad29373125eb36e088182b,sha256:c7f7e57a28d242129c89235db9c52fad2bc86fe7154c29f5bc113b7b579f3c2b,962,138,138,0,0,284152638,/srv/bulk/leo/recordings/2026/08/25/cap-20260825T134944-696938e832f4/manifest.json,/srv/bulk/leo/analysis/cap-20260825T134944-696938e832f4/capture-bc7c10e63be74da4a4187eab1336e00a/manifest.json,4p-same,4,same-band,5.55,19.872816196297208,885,1,64,stream-0/radio_pluto_5d4d/RX0;stream-1/radio_pluto_19f2/RX0;stream-1/radio_pluto_19f2/RX1;stream-0/radio_pluto_5d4d/RX1,sha256:8aecec4c453b32a108f09ee9c1bfb7565f584e3cc4f2e90d1daa01890af31454;sha256:e4cbf994e72c9d5adc86be143fef42c9e8db47299a9ff1a5472b42b80301d708;sha256:df667732d7ad4c1a9eaedc782245dbb4394117e7efcd2c208043f5a230591f04;sha256:832ea80231e540bb139fc8996eb5d479a2c009e43fbbaee2e0d481bfa96ac863
cap-20260825T135219-697f458d0037,2026-08-25T13:52:22.558955Z,2026-08-25T13:53:22.686158Z,1106770,committed,bulk://recordings/2026/08/25/cap-20260825T135219-697f458d0037,sha256:aeba0afd53150fa49ef5a756ead914870f57dc5f7bc598216167bf73131a33ff,t,capture-50a995f9874343b7869391d0c1ef144b,standard,d331df8eaf4f64bfb2cec75e1c664af10aebbdd8,new_capture,succeeded,2026-08-25T13:53:27.588556Z,2026-08-25T14:15:32.281761Z,bulk://analysis/cap-20260825T135219-697f458d0037/capture-50a995f9874343b7869391d0c1ef144b/manifest.json,sha256:da247b1b6d39d64dce0614f0bde5a8c8292a8d9ddcdda298d5eb1a40d569aa60,sha256:aeba0afd53150fa49ef5a756ead914870f57dc5f7bc598216167bf73131a33ff,963,138,138,0,0,439916616,/srv/bulk/leo/recordings/2026/08/25/cap-20260825T135219-697f458d0037/manifest.json,/srv/bulk/leo/analysis/cap-20260825T135219-697f458d0037/capture-50a995f9874343b7869391d0c1ef144b/manifest.json,4p-cross,4,cross-band,11.822813341,26.759038445788974,1631,34,64,stream-1/radio_pluto_19f2/RX1;stream-1/radio_pluto_19f2/RX0;stream-0/radio_pluto_5d4d/RX0;stream-0/radio_pluto_5d4d/RX1,sha256:c3fa9c17064a0ba282498c47585e79f19b39ac71799fc8f17eed5ededddf2eba;sha256:78c88393dbd81e8a4593953fa43f334dc5f934a7540aea84a66991561240d406;sha256:504e43b4259d0467178fb505cff8fce5d2a045c3b2c277a41455dea6e6e6a4c7;sha256:df62a5c2725973a7a8d571eec0ac8a50642b09da4b0d52819323786acc92f768
cap-20260825T140527-d217551beff0,2026-08-25T14:05:30.388320Z,2026-08-25T14:06:30.523410Z,1106770,committed,bulk://recordings/2026/08/25/cap-20260825T140527-d217551beff0,sha256:e423db06d4830eddf15d5481d95197c65f70a84561fc34a0c428f7733d685459,t,research-8e12accfa34c477f82f2d8f57d915dc2,research,d331df8eaf4f64bfb2cec75e1c664af10aebbdd8,new_capture,succeeded,2026-08-25T14:06:35.210153Z,2026-08-25T14:45:14.868484Z,bulk://analysis/cap-20260825T140527-d217551beff0/research-8e12accfa34c477f82f2d8f57d915dc2/manifest.json,sha256:315e2a2a2a00ab79d731d61f1939226d85034bd0f7098ec60c43bd5e1b5319ec,sha256:e423db06d4830eddf15d5481d95197c65f70a84561fc34a0c428f7733d685459,964,138,138,0,0,939890104,/srv/bulk/leo/recordings/2026/08/25/cap-20260825T140527-d217551beff0/manifest.json,/srv/bulk/leo/analysis/cap-20260825T140527-d217551beff0/research-8e12accfa34c477f82f2d8f57d915dc2/manifest.json,4p-same,4,same-band,6.23,53.05554225548531,1487,21,64,stream-0/radio_pluto_5d4d/RX0;stream-1/radio_pluto_19f2/RX0;stream-0/radio_pluto_5d4d/RX1;stream-1/radio_pluto_19f2/RX1,sha256:c394887082dd553ed831851003bb7be9329518528a1812c3501d3b41d34c290d;sha256:43f83ba41a3c1ce4869fc69e6ec112201be8ad7472aa8f43bb69b388ab55e9a4;sha256:92fc1393fd97fd39cba391e7caebf78a2c47109aef7db0191722d4ce27265a48;sha256:cbe25c3505cdfe80212195caf338c08f1c6af06bd024b2af26266cc9f6eb65a6
cap-20260825T140801-f3fab6fb8ea7,2026-08-25T14:08:05.036357Z,2026-08-25T14:09:05.164702Z,1106770,committed,bulk://recordings/2026/08/25/cap-20260825T140801-f3fab6fb8ea7,sha256:683885d606a03d7b30a2884a007ed01af38de865ed845c767cead1f839ec5b25,t,capture-6b5b13e327254a7b83f1473810464b61,standard,d331df8eaf4f64bfb2cec75e1c664af10aebbdd8,new_capture,succeeded,2026-08-25T14:09:09.863533Z,2026-08-25T14:31:40.125582Z,bulk://analysis/cap-20260825T140801-f3fab6fb8ea7/capture-6b5b13e327254a7b83f1473810464b61/manifest.json,sha256:6f12c4b15d71e5b93ef4802904f1e898232cec489880f62f69fae06dca1c3ec8,sha256:683885d606a03d7b30a2884a007ed01af38de865ed845c767cead1f839ec5b25,965,138,108,30,0,325730822,/srv/bulk/leo/recordings/2026/08/25/cap-20260825T140801-f3fab6fb8ea7/manifest.json,/srv/bulk/leo/analysis/cap-20260825T140801-f3fab6fb8ea7/capture-6b5b13e327254a7b83f1473810464b61/manifest.json,2p-same,2,same-band,7.025,25.098464779332062,583,20,32,stream-0/radio_pluto_5d4d/RX1;stream-0/radio_pluto_5d4d/RX0,sha256:e5009b7e1dd456fca818035f14f5784f7386144e24eae5593a1b828ac43e93ba;sha256:e36a8fd5082a9539ed2890c699a7ebd19da2b67be089e89683ebf5c4e3d7ffe7
cap-20260825T142817-9949c81ca994,2026-08-25T14:28:20.508861Z,2026-08-25T14:29:20.631666Z,1106770,committed,bulk://recordings/2026/08/25/cap-20260825T142817-9949c81ca994,sha256:aaf56724083d7d13ba5e1b297e2913db59d20cecdd251b9a9344e9851f800eb0,t,capture-0519963f25144300b914f76ce51cc334,standard,d331df8eaf4f64bfb2cec75e1c664af10aebbdd8,new_capture,succeeded,2026-08-25T14:29:25.884610Z,2026-08-25T14:48:32.544032Z,bulk://analysis/cap-20260825T142817-9949c81ca994/capture-0519963f25144300b914f76ce51cc334/manifest.json,sha256:65a3e32bb28c2df643f0aa66d4086632134ff4a977ca47a80e3f9928f9e2ef9f,sha256:aaf56724083d7d13ba5e1b297e2913db59d20cecdd251b9a9344e9851f800eb0,966,138,138,0,0,408818429,/srv/bulk/leo/recordings/2026/08/25/cap-20260825T142817-9949c81ca994/manifest.json,/srv/bulk/leo/analysis/cap-20260825T142817-9949c81ca994/capture-0519963f25144300b914f76ce51cc334/manifest.json,4p-cross,4,cross-band,12.675,33.76578711621096,1743,29,64,stream-1/radio_pluto_19f2/RX1;stream-1/radio_pluto_19f2/RX0;stream-0/radio_pluto_5d4d/RX0;stream-0/radio_pluto_5d4d/RX1,sha256:f1c843964a6aa6af7eeb3fc4ad22d012b27eb84748785d6ed63a30380e4067e2;sha256:760b07688dc403c578bbae3144cb126aa275aaaf4f07887f70b0b91f1711343b;sha256:32be90ca6288654a07bef8b9c4e4f18743ca6d8153c9336e0ed262ac00e59ce6;sha256:a9f3f224a271cd1f184a39667300d3fa9bead0443833aae5f7fdae8922a9abaa
cap-20260825T143051-e9cfa06eb5fb,2026-08-25T14:30:54.486279Z,2026-08-25T14:31:54.621766Z,1106770,committed,bulk://recordings/2026/08/25/cap-20260825T143051-e9cfa06eb5fb,sha256:3e6f80ac1d772890a891861f0ba611a839c9cf649213aedf01865ae34909b3a9,t,capture-ca8ad81f500948768feeefa3beb49885,standard,d331df8eaf4f64bfb2cec75e1c664af10aebbdd8,new_capture,succeeded,2026-08-25T14:31:59.695543Z,2026-08-25T14:55:14.370580Z,bulk://analysis/cap-20260825T143051-e9cfa06eb5fb/capture-ca8ad81f500948768feeefa3beb49885/manifest.json,sha256:712fa8eedadc12dc191dd46915a6ebbed42fbac845a6c8f629c224ac61c82034,sha256:3e6f80ac1d772890a891861f0ba611a839c9cf649213aedf01865ae34909b3a9,967,138,108,30,0,269802624,/srv/bulk/leo/recordings/2026/08/25/cap-20260825T143051-e9cfa06eb5fb/manifest.json,/srv/bulk/leo/analysis/cap-20260825T143051-e9cfa06eb5fb/capture-ca8ad81f500948768feeefa3beb49885/manifest.json,2p-cross,2,cross-band,6.525,14.057111943666769,204,16,32,stream-1/radio_pluto_19f2/RX1;stream-0/radio_pluto_5d4d/RX1,sha256:48a83a414c15ee9bdf1785fcfb6e254459416a61202566ddc528ef22e3987caf;sha256:a58a34dfa753730461eb58dd51ca71a05db1d8c9ec163e09ef87ae65d4a25a13
cap-20260825T144823-4a812245fce1,2026-08-25T14:48:26.671283Z,2026-08-25T14:49:26.793838Z,1106770,committed,bulk://recordings/2026/08/25/cap-20260825T144823-4a812245fce1,sha256:34354ed9e1e3b5049db5ffa7352cf571ff8c48fb5fd931a3f8154740458901ee,t,capture-40f352e091104c55b7d6ba3cef588ee8,standard,d331df8eaf4f64bfb2cec75e1c664af10aebbdd8,new_capture,succeeded,2026-08-25T14:49:31.593477Z,2026-08-25T15:05:34.679013Z,bulk://analysis/cap-20260825T144823-4a812245fce1/capture-40f352e091104c55b7d6ba3cef588ee8/manifest.json,sha256:1eede9a442f34df082b5caf62701922b6811e4ad6c9f1c8e98cd907bb69d8069,sha256:34354ed9e1e3b5049db5ffa7352cf571ff8c48fb5fd931a3f8154740458901ee,968,138,138,0,0,384912167,/srv/bulk/leo/recordings/2026/08/25/cap-20260825T144823-4a812245fce1/manifest.json,/srv/bulk/leo/analysis/cap-20260825T144823-4a812245fce1/capture-40f352e091104c55b7d6ba3cef588ee8/manifest.json,4p-same,4,same-band,7.775,64.15870973046185,928,0,64,stream-0/radio_pluto_5d4d/RX1;stream-0/radio_pluto_5d4d/RX0;stream-1/radio_pluto_19f2/RX1;stream-1/radio_pluto_19f2/RX0,sha256:c5aaf87df037902343117de0faf96245dd727eb5c3f91374edd428517708d6f1;sha256:425c775f79e9dc67e204708b551e00a68e6741be778861254eb665661bd7d679;sha256:3c7832ad88572d00e5693fce667bcbf1afdb30b14050e74ba5bc46d020061b42;sha256:fbd3ba89414b44aae8c7fe2f0c1d6a88393c88be76e919cb3cca0a7f614944a5
cap-20260825T145100-cc48b00cfa28,2026-08-25T14:51:03.462888Z,2026-08-25T14:52:03.602491Z,1106770,committed,bulk://recordings/2026/08/25/cap-20260825T145100-cc48b00cfa28,sha256:be93b46f13cccfd6b23c477f0d7ecb789b74a9aa2a25789d640c719b3d29c211,t,capture-212d694a2019444da85b63fe021fe295,standard,d331df8eaf4f64bfb2cec75e1c664af10aebbdd8,new_capture,succeeded,2026-08-25T14:52:08.680165Z,2026-08-25T15:16:03.002065Z,bulk://analysis/cap-20260825T145100-cc48b00cfa28/capture-212d694a2019444da85b63fe021fe295/manifest.json,sha256:01d3e38902f95577a356460541aa2153bb6ef02e727b0f7d712fd76f54a9f780,sha256:be93b46f13cccfd6b23c477f0d7ecb789b74a9aa2a25789d640c719b3d29c211,969,138,138,0,0,368359777,/srv/bulk/leo/recordings/2026/08/25/cap-20260825T145100-cc48b00cfa28/manifest.json,/srv/bulk/leo/analysis/cap-20260825T145100-cc48b00cfa28/capture-212d694a2019444da85b63fe021fe295/manifest.json,4p-cross,4,cross-band,6.360387982,57.27894995572342,1462,40,64,stream-0/radio_pluto_5d4d/RX0;stream-1/radio_pluto_19f2/RX0;stream-0/radio_pluto_5d4d/RX1;stream-1/radio_pluto_19f2/RX1,sha256:2337ae80cf9d1dbaf7e6d26875400608e01166c23909b7d65230e284eb179e0c;sha256:a204582b5e31e63815a102b63b5feb9b5217bd3e60838f9d6a3a55faecaacd52;sha256:084abb0d59c7c321d9a0e7db235429a7d3e10a62e19d2d39ef2923686ea1dc33;sha256:f32d3a63229adc3eac37271415cf26407baa10a4ffa3bbdfe598fe1917839be8
cap-20260825T150527-24e704c86c72,2026-08-25T15:05:31.185474Z,2026-08-25T15:06:31.308707Z,1106770,committed,bulk://recordings/2026/08/25/cap-20260825T150527-24e704c86c72,sha256:d82000b39869d01439103ee454e7a20903997ed599513f10209b052f6a194ffb,t,capture-9401475a7b4940c895e5da73358d6331,standard,d331df8eaf4f64bfb2cec75e1c664af10aebbdd8,new_capture,succeeded,2026-08-25T15:06:35.920935Z,2026-08-25T15:24:15.568244Z,bulk://analysis/cap-20260825T150527-24e704c86c72/capture-9401475a7b4940c895e5da73358d6331/manifest.json,sha256:9b5862cde0cc1eaf9c7c52401ecbed61ccb25aa0886270030fe4cd698164ea9f,sha256:d82000b39869d01439103ee454e7a20903997ed599513f10209b052f6a194ffb,970,138,108,30,0,279991366,/srv/bulk/leo/recordings/2026/08/25/cap-20260825T150527-24e704c86c72/manifest.json,/srv/bulk/leo/analysis/cap-20260825T150527-24e704c86c72/capture-9401475a7b4940c895e5da73358d6331/manifest.json,3p-same,3,same-band,2.648185612,88.4139375110849,616,7,48,stream-0/radio_pluto_5d4d/RX1;stream-0/radio_pluto_5d4d/RX0;stream-1/radio_pluto_19f2/RX1,sha256:414c06b4b8bf5ac8ea2c88b2b1a3993e0fcfb86817b1406e75c70b7109721e21;sha256:ec090cd078d807b6025980c4c9811f9c4c8667b63dc18cf59aaa3fc6f6829e73;sha256:a83bcbd37fabd7a22a7e3072b062e54a83591b53725dc01d46f6d6e576027bc3
cap-20260825T150802-473cb5bbcbd6,2026-08-25T15:08:05.580127Z,2026-08-25T15:09:05.709169Z,1106770,committed,bulk://recordings/2026/08/25/cap-20260825T150802-473cb5bbcbd6,sha256:ab55917851a9cd37af94b6145cc719f7b8d9d0809f2202a2dcd1ac38c3e7a31e,t,capture-a5d45dd7752c4fc7833cd017a289f8d7,standard,d331df8eaf4f64bfb2cec75e1c664af10aebbdd8,new_capture,succeeded,2026-08-25T15:09:10.571667Z,2026-08-25T15:31:43.105763Z,bulk://analysis/cap-20260825T150802-473cb5bbcbd6/capture-a5d45dd7752c4fc7833cd017a289f8d7/manifest.json,sha256:2c324981c56db42d68fee05ebdc6fa3b350a067df39e37782d9485bcc6eda47b,sha256:ab55917851a9cd37af94b6145cc719f7b8d9d0809f2202a2dcd1ac38c3e7a31e,971,138,138,0,0,338668636,/srv/bulk/leo/recordings/2026/08/25/cap-20260825T150802-473cb5bbcbd6/manifest.json,/srv/bulk/leo/analysis/cap-20260825T150802-473cb5bbcbd6/capture-a5d45dd7752c4fc7833cd017a289f8d7/manifest.json,4p-cross,4,cross-band,2.975,74.02043042081414,692,35,64,stream-0/radio_pluto_5d4d/RX0;stream-0/radio_pluto_5d4d/RX1;stream-1/radio_pluto_19f2/RX1;stream-1/radio_pluto_19f2/RX0,sha256:d01903b21710c917b7f4a04b6bf6a20bfc02d491e770b21251b8afc2156dc6fa;sha256:9072473395b3f81e9c500bb9f3df2232b8e62f54e327bf1cc0764e7315ef7293;sha256:36150ef6290bfd981906e645fa0373e244b522762a169cd735267c9e4c203a87;sha256:8dd5a75bae2bc7ec1c9fcf6359fc21cf50db70f5d0115f2f2bf6a17ce95baf7f
