session_id,tracklet_id,channel,edge,start_s,end_s,span_s,leading_norad,training_rms_hz,heldout_rms_hz,heldout_rank,tau_s,concerns
scan-hop-e31b77794a04c236,sha256:ed6c4d18ada815548711e2bc8c2e4db722b7edd09ef71aaa73feb0ec88096d3e,4,lower,7.704128446,29.006251934,21.302123488,58711,51.111759835172386,73.52421046832546,1,-1.0,passes descriptive checks; candidate only
scan-hop-e31b77794a04c236,sha256:95a04127167f70264175958c033a77917504d5c236a1df0e5afa517600be2140,2,lower,8.585494069,29.383283701,20.797789632,58711,50.32416293844697,44.037537832218256,1,-1.0,passes descriptive checks; candidate only
scan-hop-e31b77794a04c236,sha256:5886e2d8c9a30cb54e331e5f89f11b54e63662836e820c6110d466a574adb92a,2,upper,8.962829784,29.132613595,20.169783811,58711,54.769909377068075,55.167490415325965,1,-1.0,passes descriptive checks; candidate only
scan-hop-e31b77794a04c236,sha256:e6dcf162c0e742c24ca12c7b2086a0135f712044ef562b128a4d42feaf7badc8,2,upper,30.012845125,58.724193464,28.711348339000004,59621,88.24338898580181,117.09206209023239,1,0.0,500s control fits as well or better
scan-hop-e31b77794a04c236,sha256:a65be35b0ffd4fbb6bd14d95d87624df3b64f1294e715afb0e4cf6a6022ea5a4,2,lower,30.26406091,59.613526551,29.349465641,59621,59.06425288412638,80.69651125846525,1,0.0,500s control fits as well or better
scan-hop-e31b77794a04c236,sha256:7f683fec0ff7605cb933c0b0aacc4339b28ee43a3bbb30c00c25c7132cd70fd5,4,upper,64.898898393,88.834932452,23.936034059000008,69482,87.74291555263127,107.0500469740173,1,-1.0,passes descriptive checks; candidate only
scan-hop-e31b77794a04c236,sha256:edbbfee0e54b8bc2312477cbabf41714fdef076e0a2d784150c569d2dc4d3469,4,lower,65.277567274,89.213417595,23.93585032099999,69482,56.202538378687244,143.00206664480496,1,-2.0,passes descriptive checks; candidate only
scan-hop-e31b77794a04c236,sha256:952e3109b3403e8656cae38d2b46ef8d7fa89a2c3883752512a4b609900c2a88,2,upper,65.65352624,89.589596547,23.936070306999994,69482,82.33669645611897,92.00320286215747,1,-2.0,passes descriptive checks; candidate only
scan-hop-e31b77794a04c236,sha256:7c24c5db77fbb52c9ac2d19dff935eab7dd71244abfc33840a4ef8d02c6a534f,2,lower,66.409190016,89.463970529,23.054780512999997,69482,30.51115350260578,30.99998435851286,1,-1.0,passes descriptive checks; candidate only
scan-hop-e31b77794a04c236,sha256:8da26bce6b8df17b3f3598b451cdf61a36ba3ddafd1c5359e8cead241fd9d8e6,4,upper,89.716220622,113.022787368,23.306566746,67314,76.75498181317424,25.109104470980473,1,0.0,passes descriptive checks; candidate only
scan-hop-e31b77794a04c236,sha256:b8444ed63f6f666a122deaf46fda159687a4c2ccee94f23c1f29d9fe1de6cb80,4,lower,90.093553682,112.770789295,22.677235612999993,67040,89.15578711359068,252.13665961348636,2,-1.0,leader changes on heldout
scan-hop-e31b77794a04c236,sha256:cf1df8028d63a2ad35db07f992309ccf352f4a38ae00e59b43d8f89f29523a53,2,lower,164.913167924,189.978931594,25.065763669999995,67333,29.779749879327046,81.60917335077907,1,0.0,500s control fits as well or better
scan-hop-e31b77794a04c236,sha256:aeab104c80bf112384db0baf9e7e74d1277928a64204045e9d7eadf7c026a536,2,lower,195.020357971,232.550495767,37.53013779599999,66208,22.929156410551585,44.790123006330006,1,-1.0,passes descriptive checks; candidate only
scan-hop-e31b77794a04c236,sha256:89fef5d174c1d7f8a683101235962937cf67381f2be70c8398fa43ca4a49da58,2,upper,195.147025703,223.351120293,28.20409459000001,66208,110.79844488642452,57.68995609722882,1,-1.0,passes descriptive checks; candidate only
scan-hop-e31b77794a04c236,sha256:a043600b8b7bcd47e8020fdd14f7b94321387b31063d94a14686710e0f5dfc8a,4,lower,196.404315123,225.617787632,29.213472508999985,66208,84.7547085655077,38.22198277593441,1,-1.0,passes descriptive checks; candidate only
scan-hop-e31b77794a04c236,sha256:a6295856448b0e5323f978052f568de5e5eb72aeadaf13b28093c743ba2a31da,1,upper,210.007450773,232.675113223,22.667662450000023,66208,16.569670879620944,119.48269828924225,1,-1.0,passes descriptive checks; candidate only
scan-hop-e31b77794a04c236,sha256:420f98ebcf9810d35505ba5c10d1a21d4b35eca9849c8112a1300c36cd4d7a03,1,lower,210.383455103,232.927112274,22.543657171000007,66208,52.22186226322304,200.00844873454682,1,-2.0,passes descriptive checks; candidate only
scan-hop-e31b77794a04c236,sha256:30ce91e33e1e86d9cbb45f01ae31a8b15358d01e1858081fd9d3f12e7354b280,4,lower,254.961703801,283.673469848,28.711766047000026,55631,30.336934115890852,33.153452363074955,1,0.0,passes descriptive checks; candidate only
scan-hop-e31b77794a04c236,sha256:ebae6019c7ed2dd3b9e656b03fb34d81f8f7d02619f13f6950d8c52cee5b5ad6,4,upper,255.465701987,283.924135995,28.458434007999983,55631,88.26972756006698,22.267614098600976,1,0.0,passes descriptive checks; candidate only
scan-hop-e31b77794a04c236,sha256:acb00145ce183af460dd72d0a6ea2fa5cdbce76555999f75feca43727b9019fe,2,upper,269.95104393,298.28184547,28.33080153999998,69031,94.46801713705878,111.90368484466639,1,-1.0,passes descriptive checks; candidate only
scan-hop-e31b77794a04c236,sha256:63c289de5b3bdfeead6e222ae9bdaf5cd22f68fc1e1c27e314adf66d63efd128,2,lower,270.579828871,298.784509956,28.204681085000004,69031,66.95759098021435,105.70442583738989,1,-1.0,passes descriptive checks; candidate only
scan-hop-783c79c5b20d42b3,sha256:0e36c0d2199f1aa07cc51c10c99e92164d7a1ab61dca16a200a9b76b3e60047c,1,upper,1.534920323,28.120381167,26.585460844,62967,43.87274646525769,97.58990691184705,1,-1.0,passes descriptive checks; candidate only
scan-hop-783c79c5b20d42b3,sha256:955d3e6d3e08edd72894c751cb70901a59cbb0bf95b91564cc399e848fe570fb,3,upper,41.862880478,85.169682621,43.306802143000006,67045,91.23646896621511,81.51028232604362,1,-1.0,passes descriptive checks; candidate only
scan-hop-783c79c5b20d42b3,sha256:05f8d0a2f5bdf8e76fb916fe58732d0d3a2853455ca1d51a4e5182668a6ce7d8,3,lower,42.490886572,86.804342506,44.313455934,67045,88.56075138152055,72.97500742287178,1,-1.0,passes descriptive checks; candidate only
scan-hop-783c79c5b20d42b3,sha256:3ba89ddc0eda27e14ac041b1407620c98cbedffdaa7a9eab1641dfa599acddf2,4,lower,59.242415311,88.445700267,29.203284956000005,67045,58.21038599811975,137.83521029965414,1,0.0,passes descriptive checks; candidate only
scan-hop-783c79c5b20d42b3,sha256:91f4a348a8b9ccea66f3aa6faa48cc32c1d84fc91a7cf732af64d145a6ba2ea4,1,upper,59.366876668,86.553572226,27.186695557999997,67045,90.67072325797812,333.9335533455295,1,1.0,passes descriptive checks; candidate only
scan-hop-783c79c5b20d42b3,sha256:b530551f8a81ef2f6ab4a0d35bbed8698f9dc9a585038092f8f74e3e97f3c0bc,1,lower,59.745485658,85.923628771,26.178143112999997,67045,19.51848776634358,66.82752511795107,1,-1.0,passes descriptive checks; candidate only
scan-hop-783c79c5b20d42b3,sha256:9d8cb56aa8ad39b5755d43888509e5ea4ddc186d54519137db59f525a0a8377f,2,lower,149.917597511,171.472042462,21.554444950999994,66207,48.55104743582324,61.39211344436839,1,-4.0,passes descriptive checks; candidate only
scan-hop-783c79c5b20d42b3,sha256:2bea06ec4c60d022289f9bcd1c645617ed4d04d4fd3121a947e867761a06dada,2,upper,151.552283502,173.865798978,22.313515475999992,66207,46.086902489074774,54.10233120517173,1,-4.0,passes descriptive checks; candidate only
scan-hop-783c79c5b20d42b3,sha256:532536913473a326451c9f0a0bc0f47cde595ca43041a16e0fde31f958646e36,4,upper,162.019058213,193.775183954,31.756125741000005,67034,57.95422469156529,92.40127576048151,1,-3.0,passes descriptive checks; candidate only
scan-hop-783c79c5b20d42b3,sha256:bfd402194e837ac1fb4c93ac5ef2936b6cdf26021fd2b4766be3ce0de7e13592,4,lower,162.145726023,193.900244673,31.754518649999994,67034,66.35019793767498,120.3726688565889,1,-3.0,passes descriptive checks; candidate only
scan-hop-783c79c5b20d42b3,sha256:d29e83b53175a55a0f8fc2aa0234497251914b2e427f1d89a1d04b1f42bbe1b2,1,upper,180.295153677,202.335168896,22.040015218999997,67034,67.46891442433414,92.99845933577768,1,-3.0,500s control fits as well or better
scan-hop-783c79c5b20d42b3,sha256:dee0c4caaac42f604791f8c8d04d5db1ac17bc9e0dac22e40f0055cf930320b2,1,lower,200.447222141,225.167274736,24.720052595,58713,58.89897222505757,66.03863771130978,1,0.0,passes descriptive checks; candidate only
scan-hop-783c79c5b20d42b3,sha256:70c21a5278f04fe422c969d3477fac4f9c01e17045f244c882c3260c725f16e6,2,lower,240.044413932,260.081966491,20.037552559000005,66348,24.159731312356598,117.79384135705327,1,-2.0,passes descriptive checks; candidate only
scan-hop-783c79c5b20d42b3,sha256:e6c74a72b01c1b509e251cb51589b6225bd62fdcb59350795f19e7af81044225,3,upper,269.917695135,299.885860183,29.968165048000003,67319,27.313466723685092,128.0452793021773,1,0.0,passes descriptive checks; candidate only
scan-hop-783c79c5b20d42b3,sha256:0a059e17d4edf3834766b703b3577f3a14ee9e0eb33da5378783665f66354124,3,lower,276.341140273,300.011193656,23.67005338299998,67319,24.62191017026911,28.06076527785485,1,0.0,passes descriptive checks; candidate only
scan-hop-783c79c5b20d42b3,sha256:f6eda34db2dba5d778849ec6d443bd126185f547ee0aa6de0ff2adf51c99bbde,1,upper,194.405361145,225.419274055,31.013912909999988,58713,31.127763000614742,42.586336719104544,1,0.0,passes descriptive checks; candidate only
scan-hop-783c79c5b20d42b3,sha256:41938b413890c38cea71e522f30b0fa8a3677b88f5fb107d9152d3864151f127,1,lower,215.083577887,239.283633761,24.200055874000014,100377,732.5186747882794,7751.755387375469,1,-3.0,radio drift fits as well or better; -500s control fits as well or better
scan-hop-dcde2d0e850011de,sha256:a592ef2edf24677646aa389f0f30f5f2975debe16e03f8243bb00b1e52195607,3,lower,0.267382003,36.421354501,36.153972498,62966,114.25474519051609,115.02622178101483,1,-1.0,passes descriptive checks; candidate only
scan-hop-dcde2d0e850011de,sha256:0e213c6c494ad76e28f4d71e7110351a82b1452a030497b8d72674218573f3c3,2,lower,9.211909019,38.940045442,29.728136423,62966,61.368450359551716,174.94802574014108,1,-1.0,passes descriptive checks; candidate only
scan-hop-dcde2d0e850011de,sha256:2ef133c73f6d31e1f092df2edfdab5f724db4b8249395b3a05091f38a9180a39,3,upper,9.840794407,31.761147141,21.920352733999998,62966,19.45613948300861,65.54644250624001,1,-1.0,passes descriptive checks; candidate only
scan-hop-dcde2d0e850011de,sha256:55d5382e443e8aefdab4e9ec6071039a74a4325efb0e8a616a5f90cef9838968,2,upper,11.729325037,38.1853209,26.455995863,62966,97.57119457493744,196.92345298267682,1,-1.0,passes descriptive checks; candidate only
scan-hop-dcde2d0e850011de,sha256:b3d8ee67431d6e1313ca72f70d4122e03fe0802064c6750f9a3041ef9c4508e8,4,lower,16.645282453,37.681265181,21.035982728,62966,90.45372528252021,211.43041502253016,1,1.0,passes descriptive checks; candidate only
scan-hop-dcde2d0e850011de,sha256:524313aa01f0fb36643eac82c2fdeca0d8f6dde56753978eeed0dbd19272cb3c,4,lower,46.75786867,78.870744087,32.112875417000005,68510,18.905774512856187,63.85075603342775,1,-1.0,passes descriptive checks; candidate only
scan-hop-dcde2d0e850011de,sha256:f8858f7b6972f1a1039339f1f2e7d6b2499d9822e976d4490deeb091e6326820,3,lower,47.008012743,74.07342484,27.065412097,68510,23.29006997576864,39.72069395647577,1,-1.0,passes descriptive checks; candidate only
scan-hop-dcde2d0e850011de,sha256:fefc46c61d4925cff21168eb19ad2c26de4814b25016ca1f42e39bd7513007ea,4,lower,104.817408843,131.02412796,26.20671911699999,65803,47.37758802817272,70.81073393661957,1,-1.0,passes descriptive checks; candidate only
scan-hop-dcde2d0e850011de,sha256:d4f38bc4266b716c0643d8862039c2ea9e23856f94ad708ef5d9614c67de2e56,2,lower,104.942773006,135.179975595,30.237202589000006,65803,67.11043858347315,236.09234220688901,1,0.0,passes descriptive checks; candidate only
scan-hop-dcde2d0e850011de,sha256:39c9494b3b709f808d1d9c9fa14898a12d222f1cbf0ee70b5b9d58a2c794c7a8,2,upper,105.446775924,132.661457525,27.21468160100001,65803,73.96694321340377,83.05883387755647,1,-1.0,passes descriptive checks; candidate only
scan-hop-dcde2d0e850011de,sha256:d2e174804e35811b780ffbf9298ad664d9e8ce0c3b1555d28654b95d902c8f35,4,upper,105.825411968,129.264134703,23.438722735,65803,53.77264773290309,196.9361764055529,1,-1.0,passes descriptive checks; candidate only
scan-hop-dcde2d0e850011de,sha256:98aa34915523e5e7171faa499a2d4d7248671cf7f2c650ee7332101cdc5f9a82,4,lower,134.675567963,155.704091704,21.028523741000015,69304,22.285085838446985,128.132608170661,1,-1.0,passes descriptive checks; candidate only
scan-hop-dcde2d0e850011de,sha256:080c689bed3b50c086bd7c83be81de3b89913d8d15c3684cc32c9aa4aa9c5cec,3,lower,143.738809447,163.904038234,20.165228787000018,69304,51.978995692357245,222.78859754588638,1,-1.0,passes descriptive checks; candidate only
scan-hop-dcde2d0e850011de,sha256:98729d036c3b10cf553f2e058742f44c4b2e4e18ca27223bd795f053d27246f4,3,upper,185.312098344,209.397586985,24.085488641000012,66362,92.16387091852907,153.11979900864682,1,-1.0,passes descriptive checks; candidate only
scan-hop-dcde2d0e850011de,sha256:4fc72b09117f40ce33f8b3e880b90a9b7d64c725adc3f9f802324eb9f63c1c01,1,upper,186.442734501,209.270874163,22.828139662000012,66362,68.11170672616959,163.33085132933417,1,-1.0,passes descriptive checks; candidate only
scan-hop-dcde2d0e850011de,sha256:8ca65be999205a34e8031a720acbf1595358d79a4ce6a185253bc011e51da337,3,lower,187.827522078,218.604770199,30.777248121000014,66362,85.42776862754118,121.90808670225091,1,-1.0,passes descriptive checks; candidate only
scan-hop-dcde2d0e850011de,sha256:44a1c87859e48d4dcd97033066c14d1af253c04dd2bba961fb51e83fa3725f5b,1,lower,188.212899216,219.109548425,30.896649209000003,66362,101.55675343560907,117.3838048383488,1,-1.0,passes descriptive checks; candidate only
scan-hop-dcde2d0e850011de,sha256:a61fd174ef2b9819e03f4e8f83599fe653f7eed230d619b51a170a5a12b169f8,4,lower,194.890298111,221.880252101,26.989953990000004,66362,83.97547569058196,62.76637862923426,1,-1.0,passes descriptive checks; candidate only
scan-hop-dcde2d0e850011de,sha256:04d5c3d170977b5394769e48ebc320e75e5b1e7c6333be7308c312a6fbab1d84,4,upper,195.770840479,220.998920393,25.228079914000006,66362,108.56070082577418,86.037179056353,1,-1.0,passes descriptive checks; candidate only
scan-hop-dcde2d0e850011de,sha256:813d027aa7ab3e150dc0c21e4e56daa9f0f9e501795b07d88c26b75cbde90010,2,lower,210.154767679,239.128201949,28.973434269999984,59927,51.783386182672174,44.01515788644162,1,0.0,passes descriptive checks; candidate only
scan-hop-dcde2d0e850011de,sha256:ff6e62bce4628859cfe776c6a92f7e1a8beb2870f67fd5a1bd424c54be474be2,2,upper,233.590908259,260.83766728,27.246759021000003,64673,53.258359962692325,69.98430675571196,1,0.0,passes descriptive checks; candidate only
scan-hop-dcde2d0e850011de,sha256:e03c20473b4f181746443035a1040d71215ec5e7de17aea2cce86e0c741aa790,2,lower,234.094375957,257.302998821,23.208622864000006,64673,53.49342321291712,92.5663546004173,1,-1.0,passes descriptive checks; candidate only
scan-hop-dcde2d0e850011de,sha256:6919fee5db7cf5aeabab4ad9af00e29047caa1f2f16ee4b45b39c214730f97f3,2,lower,135.180020514,159.229405539,24.049385024999992,69304,29.401912875220734,181.33274928424265,1,-2.0,passes descriptive checks; candidate only
scan-hop-33a509c257e5a914,sha256:28f46704ae4ae2d91447b1632c12644b2b89a8e5803836e6c3987d7f00fb24ca,4,lower,16.516086781,43.008297626,26.492210845000002,64683,16.362234843639158,26.293312895451596,1,0.0,passes descriptive checks; candidate only
scan-hop-33a509c257e5a914,sha256:ba7ac8f5d029d55ad50fd31cacaf3900edc0d6a482760d8d1cebf5a27179843a,3,upper,45.27549625,73.995507991,28.720011740999993,62870,66.69161170144407,54.34732487049786,1,-1.0,passes descriptive checks; candidate only
scan-hop-33a509c257e5a914,sha256:27b9ac5f9e51837c9e8a16f0154324a44d74752d45b766d0fa5a067f3435f47d,3,lower,46.029522542,73.869574298,27.840051756,62870,26.434598562497975,40.42152440195857,1,-1.0,passes descriptive checks; candidate only
scan-hop-33a509c257e5a914,sha256:33d756ad88c590e38d0bed6c8369099793d22624d59a7a7d2cb3f0c44dfbfdde,4,lower,90.507517521,115.179576464,24.672058942999996,69346,47.71252060623765,44.97818361991355,1,-1.0,passes descriptive checks; candidate only
scan-hop-33a509c257e5a914,sha256:094acb4597b6236b979c9cfb8b5212b9580dffe1c3c3fb63cc759cfbb5ebcf51,4,upper,92.647017307,116.187573867,23.54055656,69346,46.04218264981277,79.77522811590482,1,-2.0,passes descriptive checks; candidate only
scan-hop-33a509c257e5a914,sha256:41d60d1733a6018bc97107b9dab0cabaeedf241c2840951865ac64404fd4aa8c,2,lower,119.714166987,152.092802403,32.37863541600001,57467,28.23274111874781,127.4133516283509,1,0.0,passes descriptive checks; candidate only
scan-hop-33a509c257e5a914,sha256:f866f6f20bef3124bb08de27843bdc706ff6208d39228e3e44a694d419cfcbba,2,upper,119.840834415,151.463473335,31.62263892,57467,18.827879862724338,183.71681533959736,1,0.0,passes descriptive checks; candidate only
scan-hop-33a509c257e5a914,sha256:461f14d31780053aa2648fe427d1f3df13b00b723417abaa5cdfc76481b4c47b,1,lower,119.967525721,148.066211264,28.098685543000002,57467,22.5556112000212,173.39107252454642,1,1.0,passes descriptive checks; candidate only
scan-hop-33a509c257e5a914,sha256:c3a40413958734dcc3a6df68e71b5ca8fe9ba434da8d2522437cb88bbdc641f2,3,upper,165.326219521,194.668931902,29.342712380999984,59676,44.95776262780218,140.78535144939832,1,-1.0,passes descriptive checks; candidate only
scan-hop-33a509c257e5a914,sha256:29c710d096117604f59cb93d2e21e34ad7f83153b8476825975aaedd913b5acd,3,lower,167.972901881,192.014272745,24.041370863999987,59676,31.27062154821643,68.86562839183486,1,-1.0,passes descriptive checks; candidate only
scan-hop-33a509c257e5a914,sha256:6048bf19bf8dc5514de008369080a1106b5150689145cccda2a18d7c4e461e0f,4,lower,230.206330415,269.55039695,39.344066534999996,62858,90.62497227068678,51.76170335088353,1,0.0,passes descriptive checks; candidate only
scan-hop-33a509c257e5a914,sha256:1f078ff370079ef146c67de12db4edfd771445533e2806487ae3d7642d9fc0e9,4,upper,230.458332552,267.286407746,36.82807519400001,62858,92.15660012127651,61.21476082844009,1,0.0,passes descriptive checks; candidate only
scan-hop-33a509c257e5a914,sha256:ffb897160de3940517d7ea2ff50f4a4d6f2c55b1059178bb98cdd9bd6a9782a4,2,lower,248.729090244,268.921072734,20.191982490000015,62858,19.83796325921658,33.98626481003532,1,0.0,passes descriptive checks; candidate only
scan-hop-33a509c257e5a914,sha256:7ead6c7d0b852412ff71ec62ce42ea950eae5e2afeb6900cfac2a8af6980ce37,2,lower,269.677096154,299.156644954,29.479548799999975,62862,40.9064411524879,121.09036653610595,1,0.0,passes descriptive checks; candidate only
scan-hop-33a509c257e5a914,sha256:2786e4bfc4705f04f1b59f4070fdd71ff9049ab82484019a90626287192c1faa,4,upper,269.803385851,299.282007825,29.47862197400002,55438,124.04981452541762,193.94862023324396,1,1.0,passes descriptive checks; candidate only
scan-hop-33a509c257e5a914,sha256:31c6836006c6007a4dffc0194c6233f4ff29133fb3bbea1bb6c04be95cd51575,2,upper,270.05404423,298.653087485,28.599043255000026,62862,86.54856485378646,93.0080920062155,1,0.0,passes descriptive checks; candidate only
scan-hop-33a509c257e5a914,sha256:e87c1608ff63d305baea73005109b5d1dd7b8da965511be0ebf95601031cf1d9,4,lower,270.432720841,299.031342536,28.59862169500002,55438,93.09053121864072,43.13847095441082,1,0.0,passes descriptive checks; candidate only
scan-hop-33a509c257e5a914,sha256:d3b3b140802e42860e177432e09a4c63afee9a668d1f09c2542776df6d5165f2,4,lower,270.432627952,293.107778359,22.67515040699999,62862,70.6335549218574,112.06057735619397,1,-1.0,passes descriptive checks; candidate only
scan-hop-33a509c257e5a914,sha256:33725e094fc3f64a7fe9365b2a64718901ab3aa78116177db938350c81f86eb2,4,upper,269.803763419,294.995771312,25.192007892999982,62862,25.279413042073553,114.09109076081359,1,-1.0,passes descriptive checks; candidate only
scan-hop-bcd8d20ced9c3968,sha256:cbbadea8f833c0e7eb17244b7b40c0143a0f5b65f6d6cbe1e6a2b081c09319be,3,lower,17.412345701,37.453166969,20.040821268000002,68509,97.54758098132895,740.1212264851476,2,-1.0,leader changes on heldout; radio drift fits as well or better
scan-hop-bcd8d20ced9c3968,sha256:a139ffd108625189d4cf3b2e5f25095172265562e0ab8c3f48dc198f99b1d751,2,lower,37.327029745,58.858661581,21.531631836000003,62857,21.91540060493992,53.09900329259866,1,-3.0,passes descriptive checks; candidate only
scan-hop-bcd8d20ced9c3968,sha256:31f0fd00749dcd34c087abf3217fcf248071885bc945150978a9e548e1654003,2,upper,37.706199258,59.235154919,21.528955661000005,62857,95.2890008624332,31.490452620156216,1,-3.0,passes descriptive checks; candidate only
scan-hop-bcd8d20ced9c3968,sha256:ece4a41b044d192530a2c0d49d766fa4500ab6b2d3b92a9b5ed6ecd0a0ca8733,2,lower,59.487097589,88.09980942,28.612711831,68751,72.04058380746103,59.32101955668994,1,-1.0,passes descriptive checks; candidate only
scan-hop-bcd8d20ced9c3968,sha256:86afd7018858fa7120f6e6425660a2537ca4e5ed02b0d2071578d1373ba37913,2,upper,59.863908334,88.729216363,28.865308029000005,68751,58.97352876234073,53.71159366579621,1,-1.0,passes descriptive checks; candidate only
scan-hop-bcd8d20ced9c3968,sha256:0d0d3ac6f2ad095ee35bb4a463e8a1e7a60eaaac794734337d01adb3d21f3a1e,1,upper,89.48440497,113.535044677,24.050639707000002,57462,107.309010974585,100.33050484277916,1,1.0,passes descriptive checks; candidate only
scan-hop-bcd8d20ced9c3968,sha256:0698d1680994edc2d4ed113a5c3e2b617e6df5f0547ec6ca4273fb8cd6644e33,1,lower,89.987075135,112.525701817,22.538626682,57462,45.34413715039342,56.34385346983424,1,1.0,passes descriptive checks; candidate only
scan-hop-bcd8d20ced9c3968,sha256:cef85526f7f60b099c284408003b4b30288018233be3c136278b20d3bfc0b889,2,lower,115.686754792,136.597655801,20.910901009,63774,29.154562665491106,98.80526297777429,1,0.0,radio drift fits as well or better
scan-hop-bcd8d20ced9c3968,sha256:40e50e90c0f7c323459e504246c649afce04b9e967aec85d4040e25be078e4fd,2,lower,159.273499453,179.322419615,20.048920162,67672,33.29996680402345,47.1105779015667,1,-2.0,passes descriptive checks; candidate only
scan-hop-bcd8d20ced9c3968,sha256:8cfc86d991abcf490daacff9eacf7822bc7f06e5d11ac23fc9eee1dc3f1724cf,2,lower,194.932383724,214.986939063,20.05455533899999,67992,54.051506540548,153.06174947869738,1,-1.0,radio drift fits as well or better; -500s control fits as well or better
scan-hop-bcd8d20ced9c3968,sha256:c6fe60ff7f177c49c37e45a427e0f6fd2913ef9837cd4585ba979a35f79678e5,4,lower,200.979256261,224.177980133,23.198723872000016,64762,34.25152530704172,85.15413797840782,1,-1.0,passes descriptive checks; candidate only
scan-hop-bcd8d20ced9c3968,sha256:1f6bd4afd862cb7aabb692dd6e5a83d4cd29bcbc6f121a702727033540f464c0,2,lower,218.008536794,251.272491091,33.263954297,67992,46.605532184788245,250.500441071066,1,-2.0,passes descriptive checks; candidate only
scan-hop-bcd8d20ced9c3968,sha256:a5f8dabd177bd7f4d76469d2d0351f498a381bc4405a0e99deede9b38a0202a9,2,upper,223.675219278,249.888049748,26.21283047,67992,102.78798699545638,553.9506423534974,2,-3.0,leader changes on heldout; -500s control fits as well or better
scan-hop-bcd8d20ced9c3968,sha256:d0e1843800e6874b167b3d8a8fbf34fb0563dcfe52955434d297dbd479609b66,4,lower,225.184300557,256.435178652,31.25087809499999,62873,14.565872921219079,31.128841298515233,1,-3.0,passes descriptive checks; candidate only
scan-hop-bcd8d20ced9c3968,sha256:cd5e392addd77435ab07708f286c6f37be94ec537f860aa1029cf05e7903d909,4,upper,227.579256604,253.790009299,26.210752694999996,62873,49.26743587654232,74.51553514535992,1,-3.0,passes descriptive checks; candidate only
scan-hop-bcd8d20ced9c3968,sha256:a371389a19bc489a4bdd1cf3b6c9c0305f093a1da09ba93b0a86e0d70803e740,2,lower,194.932544569,224.051313679,29.118769110000017,64762,48.33136621860051,75.48136076629525,1,-1.0,passes descriptive checks; candidate only
scan-hop-24e4b051b0fbc5ca,sha256:9726f877f3f393fb7e9f12cb23429c48e4a4837b8426c0ccfbcbff7eea6a589b,3,lower,30.119827924,59.591723269,29.471895345,67661,49.35632262728749,412.243992927087,1,0.0,passes descriptive checks; candidate only
scan-hop-24e4b051b0fbc5ca,sha256:d68ee29f7bac4bc8766ff70e7efc0523b34b3a58e057eddd0c20a7bbccd130dc,3,upper,30.371038966,59.088818505,28.717779539,67661,79.03743857498797,359.9782019679452,1,0.0,passes descriptive checks; candidate only
scan-hop-24e4b051b0fbc5ca,sha256:baa557f9998c7199304df721080d9d0728cc263837449c31de58ee36fb1badb3,4,lower,31.503065681,59.34051124,27.837445559,67661,35.58470706638466,32.60331929217777,1,-1.0,passes descriptive checks; candidate only
scan-hop-24e4b051b0fbc5ca,sha256:60e2d66198a98b04a35773656ed71af20ba098b03a1c13a955a71e33b0f11755,2,lower,31.880731117,59.844635164,27.963904047000003,67661,31.906206910100817,23.57743446262828,1,-1.0,passes descriptive checks; candidate only
scan-hop-24e4b051b0fbc5ca,sha256:e631139ad501c4f41cc39232c580b38610b1ebba1c6256bbe8d924c8359eac53,2,upper,125.07853835,158.997285165,33.91874681499999,100304,111.84495640423779,155.90868213320175,1,0.0,passes descriptive checks; candidate only
scan-hop-24e4b051b0fbc5ca,sha256:c35da01554ed8387ede0c16ff97e87308186938020722ef2dca202679fd3916a,4,lower,126.461647967,149.669376969,23.207729002000008,100304,74.63121100523446,176.21415211645376,1,-1.0,passes descriptive checks; candidate only
scan-hop-24e4b051b0fbc5ca,sha256:597b2479a1642ac14d559542d751191a0c539bfc550e646666c668ed062a46b9,2,lower,127.971895302,158.619953346,30.648058043999995,100304,82.54343356631952,114.37760536641188,1,0.0,passes descriptive checks; candidate only
scan-hop-24e4b051b0fbc5ca,sha256:18ff5ab509594204670cb18855343f039616c2b2153e631c02e9d9cfc3b94f34,1,lower,158.494561543,190.982655341,32.488093797999994,60413,84.91791841753813,40.82461076269562,1,0.0,passes descriptive checks; candidate only
scan-hop-24e4b051b0fbc5ca,sha256:b0258957eaf59474c77d222c768a9b0a599180736849654dc80e864123859651,1,upper,159.878573184,195.397335363,35.51876217899999,60413,70.69727942762457,103.71210071236318,1,0.0,passes descriptive checks; candidate only
scan-hop-24e4b051b0fbc5ca,sha256:79f93613e3b014a08a004e95fb9f0fde98267d1b0697b821b29540c77bb9cd0e,2,upper,165.045259004,190.857330119,25.81207111500001,60413,100.07946831028426,151.6998671687174,1,0.0,passes descriptive checks; candidate only
scan-hop-24e4b051b0fbc5ca,sha256:b369aab2304cc17888a0e602c2b51e5c1569da5042dd3a07bded60e28af85f40,2,lower,165.421261862,189.22133525,23.800073388000015,60413,96.29720485112502,189.80805802862184,1,1.0,passes descriptive checks; candidate only
scan-hop-24e4b051b0fbc5ca,sha256:fa8035652e37bd939f4b076c5e78498a053640f6a3d0771bc9fd0d56fe2882fe,3,lower,184.060730928,224.37330338,40.31257245200001,67990,56.81472837435706,190.04853683655654,1,-1.0,500s control fits as well or better
scan-hop-24e4b051b0fbc5ca,sha256:b97fb37036aa12e931cc16a26a20f2dff43a25f2369d970ffa87eceb51546e95,3,upper,184.562519325,224.878444358,40.315925032999985,67990,95.53506042077814,186.32508679163922,1,-1.0,500s control fits as well or better
scan-hop-24e4b051b0fbc5ca,sha256:8d4099c2b268a55a80b51d7f4fdf8b2b881ac958b68b863fa151801d118e617b,2,lower,261.155913493,284.376093168,23.220179674999997,65383,110.90989314595559,59.80846117800536,1,0.0,passes descriptive checks; candidate only
scan-hop-24e4b051b0fbc5ca,sha256:9f512ac43d38e632b40faffabfeb782798fdabacb3c070fbd2fb977b083c1994,3,upper,174.482608464,195.64896231,21.166353845999993,60413,119.05149424194985,235.41328619275055,1,-1.0,passes descriptive checks; candidate only
scan-hop-24e4b051b0fbc5ca,sha256:30596e631c142833199c734a3a1f1582d97f115b9d82fb0218429406bc7920f9,3,lower,159.374549203,196.152004017,36.77745481400001,60413,62.485743191457715,119.21631470644984,1,0.0,passes descriptive checks; candidate only
scan-hop-c2313aebc38416ef,sha256:2b47b980520a1855712080c7dd85144f840ad0354cae4efd158c8d820f591eca,2,lower,0.142157729,24.604234394,24.462076664999998,100302,270.65637919693586,2347.5677682078976,1,-5.0,time-shift boundary; radio drift fits as well or better
scan-hop-c2313aebc38416ef,sha256:61790a7af61f61019a63c218cfc777161d7e5698db2523f3b6ffca1955c7dd5a,2,upper,0.64606067,24.10201069,23.45595002,100302,262.2298567563182,2201.996733202275,1,-5.0,time-shift boundary; radio drift fits as well or better
scan-hop-c2313aebc38416ef,sha256:3b3e246f43df5f2f0f707ad380539b3e88fa5f1252da40634b226552a47bd820,3,lower,2.283462951,29.384831913,27.101368962,66868,43.26890522718594,853.3723578087566,1,0.0,passes descriptive checks; candidate only
scan-hop-c2313aebc38416ef,sha256:b9584fc338d9cb012cc4c7e4c17cfba8558ba2c22313eaa7846b3290022ffa5c,1,lower,14.779510423,45.630132554,30.850622131,66868,44.54368879796412,68.45711708968585,1,0.0,passes descriptive checks; candidate only
scan-hop-c2313aebc38416ef,sha256:2f3d269219d7fc764cd107f2c3903079a72f46fadcb0c230170fd68521f648c5,1,upper,15.283146607,42.732356142,27.449209535,66868,77.99181121796003,71.13916593545831,1,0.0,passes descriptive checks; candidate only
scan-hop-c2313aebc38416ef,sha256:2d389ace0d6cb3813daf9dd5e2ff0df34790e15162abb202f13cf74dd4eaaf66,2,lower,58.642008177,88.866279157,30.224270979999993,68005,56.61260395534232,175.49499070406165,1,-1.0,passes descriptive checks; candidate only
scan-hop-c2313aebc38416ef,sha256:9218fdebf7915f961e094c78501509bd318c7fc5f60266fdb800c8220d86234f,2,upper,59.648761918,89.243611517,29.594849599000007,68005,113.10757414639394,203.97384751241754,1,-1.0,passes descriptive checks; candidate only
scan-hop-c2313aebc38416ef,sha256:a4969b3c90ccdf3bd61392c98abd9c2f839792a15972de4535de37e2aabbbf39,1,lower,60.151317991,89.11769027,28.966372278999998,68005,47.41099882474862,222.16244823849846,1,-2.0,radio drift fits as well or better
scan-hop-c2313aebc38416ef,sha256:486da7819ded1caef520d207454b94c1524ceaf5cc621f4d2731efd13b5aeb4f,1,upper,65.443534713,88.991559946,23.54802523299999,68005,71.18119567922791,185.5491004420558,1,-1.0,passes descriptive checks; candidate only
scan-hop-c2313aebc38416ef,sha256:2d2f8cb5989ad0d633464491941651f3b9c7971b8c4f32d4441cf2f9b28b600f,3,upper,94.539581588,127.15023633,32.610654741999994,58411,62.48509932218604,215.0859130848416,1,1.0,500s control fits as well or better
scan-hop-c2313aebc38416ef,sha256:afa34aa68e003f70e67ee3e88772c788a5c2ec09aa4cff3091415f26bb8a1675,3,lower,100.717802011,125.510246466,24.792444454999995,58411,37.65661854381146,215.66929128967467,1,1.0,-500s control fits as well or better; 500s control fits as well or better
scan-hop-c2313aebc38416ef,sha256:492d37daa3d608ec51e574d7506aee50a3e6de6e0c01ad1a68338ea24b48628d,1,lower,143.674363063,173.899765805,30.225402742,66191,48.89547182925093,253.59878376376284,1,-2.0,-500s control fits as well or better
scan-hop-c2313aebc38416ef,sha256:462e6f0ff0e40a735f77c3829aaf74a35bc5a0cef069e9f0259dbb574118ea94,4,lower,194.430263689,223.409093367,28.97882967800001,63795,112.22412193408367,54.555211530655654,1,-2.0,passes descriptive checks; candidate only
scan-hop-c2313aebc38416ef,sha256:06dcf11155e7d3dd803202123f79ccd3961069f2f49c09a5909c43c8e05b04a5,1,upper,194.555951035,222.527760296,27.971809261000004,60411,77.729151047638,129.56630219486004,1,1.0,passes descriptive checks; candidate only
scan-hop-c2313aebc38416ef,sha256:ed1a1c3e9ea00f9a6037330329ea78bad68e20f77245d1612c2cc39aea855069,2,lower,195.059634799,223.031795363,27.972160563999978,63266,31.29750210674135,255.74316755401992,2,-5.0,leader changes on heldout; time-shift boundary
scan-hop-c2313aebc38416ef,sha256:38ac8eeab0883762e2ed06a2b503bf63333ee4dd1505c42de4841478e505521e,2,upper,195.184969367,223.283795416,28.098826048999996,60411,66.66271036329913,152.4332830252506,1,1.0,passes descriptive checks; candidate only
scan-hop-c2313aebc38416ef,sha256:e1c322841bc5f0fc1cd4714edcff49d100e40a6f3a59a8216b561d1e891f2f60,4,upper,195.56760806,245.95703045,50.38942238999999,63795,70.94281248889129,335.0414235291401,1,-2.0,passes descriptive checks; candidate only
scan-hop-c2313aebc38416ef,sha256:65c9b6afff68b0dd9d1801c7e45b8a4294ffa774ff5b735998581bacc2c5c370,4,lower,225.422426389,248.602346346,23.17991995699998,63795,113.0860823148444,73.68923748899103,1,-1.0,passes descriptive checks; candidate only
scan-hop-c2313aebc38416ef,sha256:144b7be5d3d36064179d0130a8255c61fb854a9100747db48a67ea6ee2f82faa,2,lower,253.27224303,280.111836486,26.839593456000017,64434,74.88341352703448,116.39091322739672,1,-1.0,passes descriptive checks; candidate only
scan-hop-c2313aebc38416ef,sha256:680da4f14ba218b312d1ad7b782a13b627a921740ee65683b23d3f8c1ff25878,1,lower,0.016702546,23.472855844,23.456153298,68789,25.098146975619233,17.979374532654827,1,-1.0,passes descriptive checks; candidate only
scan-hop-c2313aebc38416ef,sha256:428a92328842951dab75e13543675f53c284904570fb6b1cb7df55cf1817f61b,4,lower,184.362301998,208.795781249,24.433479250999994,60411,18.562517792569373,69.54466978613267,1,1.0,passes descriptive checks; candidate only
scan-hop-c2313aebc38416ef,sha256:97ea1a0e9769668731bf61d446105979bb1f1034cc192e39cb836ad67e47c76a,1,upper,3.543604331,23.975518657,20.431914325999998,68789,76.73861006936858,41.151597059323876,1,-1.0,passes descriptive checks; candidate only
scan-hop-499abcb9ca352397,sha256:a194540efacfd217afba8903cb2c95c780b472179dd28186f14c287eee3db31b,3,lower,30.018983743,58.994883334,28.975899591,47831,24.07568298143619,125.35362799258938,1,-1.0,passes descriptive checks; candidate only
scan-hop-499abcb9ca352397,sha256:7864b0282d7c335c4133fd26f834dda7b8cd9535a78ea463d96b2a7078cec263,4,upper,60.00302581,82.789254189,22.786228379000008,47832,44.468940952130914,120.22214477877262,1,-1.0,passes descriptive checks; candidate only
scan-hop-499abcb9ca352397,sha256:54856449576e366f341aaef2c7dcdc014e216226ec7e4365379b1a8cd5770def,2,lower,75.363023662,101.561688571,26.198664909,59693,38.61636593383498,35.29994161409229,1,3.0,passes descriptive checks; candidate only
scan-hop-499abcb9ca352397,sha256:f961bf159253374576a1c0487ac5778e0c0742f4405408b3afdf34fd062c563d,2,upper,76.116360124,98.415033984,22.298673860000008,59693,54.068933895747634,38.445023353900694,1,3.0,passes descriptive checks; candidate only
scan-hop-499abcb9ca352397,sha256:fccf1f66a163fac485127a5764474828c27dd58042cd9ae1bdcf0a8286e3ddb9,2,lower,120.472405494,144.674981386,24.202575892000013,66866,17.809772634258977,110.94854211448059,1,-1.0,passes descriptive checks; candidate only
scan-hop-499abcb9ca352397,sha256:8a03a56c2858e3a6490651b4812d51716dcc3a045592f912d9156a99e2c068b3,1,lower,178.181705252,217.131009194,38.949303942,63780,113.30736277212638,131.23277467626872,1,0.0,passes descriptive checks; candidate only
scan-hop-499abcb9ca352397,sha256:f4109860ad11fecb21e01f4ddc5117fa33e1221aaa388a68b6a04be4903c6762,4,lower,178.55834268,219.539148429,40.980805748999984,63780,75.12499660192235,134.67210076353135,1,0.0,500s control fits as well or better
scan-hop-499abcb9ca352397,sha256:228b2876808a59d1421811f27ba055680c2e0ec34804adaa65cead86d2f62ea8,4,upper,178.684343914,218.909817181,40.225473266999984,63780,71.31018562108068,135.12889887158158,1,0.0,500s control fits as well or better
scan-hop-499abcb9ca352397,sha256:1c96cf17ebf24f992590f229ad4e8826847c9ab47e198945e0383614a0d23b36,1,upper,179.193713997,218.266974846,39.07326084900001,63780,78.39426092260513,159.03455347823592,1,0.0,500s control fits as well or better
scan-hop-499abcb9ca352397,sha256:c2db5df08e95504900c5e8318274be1693db6456fb8994869e36a6f0f4b94992,2,lower,186.264868987,209.564550042,23.299681055000008,65258,51.69697188196363,62.84736512605478,1,-1.0,passes descriptive checks; candidate only
scan-hop-499abcb9ca352397,sha256:49598b01b6e7e4982b2b5b22a791c180196df34d9a87a20b5ab2270e67bf77fb,2,upper,186.767660415,209.061883352,22.294222937,65258,49.5497280064152,91.55029582664531,1,-2.0,passes descriptive checks; candidate only
scan-hop-499abcb9ca352397,sha256:a495291569c6d48136bb61596c7e16fd1de3541fd2d39396d6377abd3fe771ed,2,upper,120.095072092,140.253677912,20.158605820000005,66866,54.62278293746245,217.03066444948618,1,-2.0,-500s control fits as well or better
scan-hop-499abcb9ca352397,sha256:f79ccc89382519a453a791d973529bd92b2bcf631ceede70d1eec9703f80be15,1,lower,188.028501927,208.433754849,20.40525292199999,65258,35.41916087005083,66.91961609899302,1,-1.0,passes descriptive checks; candidate only
scan-hop-499abcb9ca352397,sha256:e57c42d4ea48709afbda80fd5591b15fa513307e47dd197bc67f4e210122d6d1,1,upper,186.390687078,209.439194777,23.048507698999998,65258,73.25429140039826,91.33802629361628,1,-2.0,passes descriptive checks; candidate only
scan-hop-031a0825dc751a64,sha256:22304985c2d1a2c1fb5ebf5a434404b151a60d62c8cc355b4fb012162072cde1,3,lower,0.269042834,27.626282164,27.35723933,61529,29.8132777622067,162.61738310465822,1,0.0,passes descriptive checks; candidate only
scan-hop-031a0825dc751a64,sha256:e1e321dcb006599ff35b6b2bea6e4d6fd87015e70a01add9e4b642773c259827,4,lower,0.395671943,23.971669701,23.575997758,61529,30.34926475829243,128.60790274977708,1,0.0,passes descriptive checks; candidate only
scan-hop-031a0825dc751a64,sha256:b3877d57f853d9f3cc1f03b8596908f41e5e23f9a28094c40708aa7735c517b7,3,upper,0.773043258,26.365766253,25.592722995,61529,72.15079368004938,246.0331634180652,1,1.0,passes descriptive checks; candidate only
scan-hop-031a0825dc751a64,sha256:daf9775c302fae64cd8f7b885b78a76c72c7ba8094630ba8530ee1bc9a3fb52e,4,lower,80.037086147,103.855783015,23.818696868000004,63513,24.282825369696443,124.20747307073567,1,-1.0,passes descriptive checks; candidate only
scan-hop-031a0825dc751a64,sha256:eeead7bce7cd57e1c8f522df128891267d689095d41e95e48b0c55ccc257047a,2,upper,104.8636043,133.847772652,28.984168351999998,66562,55.87837467366796,67.94508831240931,1,0.0,passes descriptive checks; candidate only
scan-hop-031a0825dc751a64,sha256:19806d3ec517eef53c239c0300eaee2519562c073f3cce2e4e989dd8038ecd84,1,lower,105.113457033,133.973129612,28.859672579000005,66562,111.01996850553049,106.7265948857305,1,0.0,500s control fits as well or better
scan-hop-031a0825dc751a64,sha256:dc5a386a14e1879dfb11cf4795284359200b849d6eebd3a336990b3e596db619,1,upper,105.872131317,134.099503255,28.227371938000005,66562,101.72152765913005,107.38025714388026,1,0.0,passes descriptive checks; candidate only
scan-hop-031a0825dc751a64,sha256:1236327ab4090c9048bd2fc55e25114d9cfebc1a7f865c554fe137eaa5dabaaa,2,lower,106.124951088,134.230459774,28.105508685999993,66562,55.82372185837462,58.6643380996596,1,0.0,passes descriptive checks; candidate only
scan-hop-031a0825dc751a64,sha256:cb31b235d3392eda2276733d22e2cc560ec2af907cef28b88c90e9333e2fdd1d,4,lower,176.452871682,200.635922666,24.183050984000005,63502,34.89374062767292,84.39478365740865,1,0.0,passes descriptive checks; candidate only
scan-hop-031a0825dc751a64,sha256:6135da833b06f551b9566eb934abe9015a2da19589ed49951883908e0351b42e,3,lower,180.606325436,213.894398515,33.288073079000014,68674,34.99114394484309,211.89341378152918,1,0.0,passes descriptive checks; candidate only
scan-hop-031a0825dc751a64,sha256:33d1c1f981f4900d6e42ae2ce6d88ed8ac4eb2dc7b5fa53360fb1e2f0c976de1,3,upper,186.777034202,215.031727621,28.254693418999977,68674,42.698385596702174,293.74808330118856,1,0.0,radio drift fits as well or better
scan-hop-031a0825dc751a64,sha256:7566caaabd46983f7ba0d24efb61446f361a81e42578858fb5fc7e989685d16c,2,lower,189.294290215,217.555818791,28.261528576000018,66593,31.886479686109002,39.416001098691865,1,-2.0,passes descriptive checks; candidate only
scan-hop-031a0825dc751a64,sha256:3a20e49a1c0f93005a10936b7ab20840f92cc9976eb16bee089fdc292745bb49,2,upper,190.427743758,232.833197556,42.405453797999996,66593,69.93710015077046,216.6764125210405,1,-2.0,passes descriptive checks; candidate only
scan-hop-031a0825dc751a64,sha256:8429d57ca644eb3feaa641dc1f4d7bca67e200b8f28c695d42f5dee5018496fa,1,lower,207.198526054,230.437185767,23.238659712999976,66593,36.75210949907406,150.7381116813523,1,-2.0,passes descriptive checks; candidate only
scan-hop-031a0825dc751a64,sha256:ddb5d4c5decb17d747584b20e9e635cf630648a2cf9d0d1fb2503d5ae4c23828,4,lower,209.727807229,233.966526411,24.238719181999983,66593,101.19192760062265,72.24960177245883,1,-3.0,passes descriptive checks; candidate only
scan-hop-031a0825dc751a64,sha256:62d8653a73ecae4ee63285e2357a202ebc037b179f33a240a718a9a6723752c0,4,upper,210.105141775,232.329199455,22.224057680000016,66593,78.46933177347938,191.56890741103987,1,-2.0,passes descriptive checks; candidate only
scan-hop-031a0825dc751a64,sha256:be53d007ef5b805cbe671da32f1be4d1bba002ce3a85ae130ab2c9d68804c6cb,1,upper,210.357176165,230.563852037,20.206675872000005,66593,91.76494455881995,130.90802736077305,1,-2.0,passes descriptive checks; candidate only
scan-hop-031a0825dc751a64,sha256:53b92fc8801c8e463d9594690007914a99cd328f5bb7b872b452d0b38278262b,4,upper,270.244943097,295.310350482,25.065407385000015,53690,37.03449108988542,80.13854334932398,1,1.0,passes descriptive checks; candidate only
scan-hop-031a0825dc751a64,sha256:30a31d7cc0c30ddb0ff2b1ca109a3443948d45ab02750fcd412f5063df9d9751,4,lower,231.952954636,253.735920942,21.78296630600002,66577,98.89160256572356,145.34510171208484,1,-1.0,radio drift fits as well or better; 500s control fits as well or better
scan-hop-031a0825dc751a64,sha256:969f5968fcafbc160ee4213eef177bfe3a41470b0dac832772f4817d932ff068,1,upper,82.05308681,105.871755141,23.818668330999998,63513,23.308127179190265,79.6643302514524,1,-2.0,passes descriptive checks; candidate only
scan-hop-031a0825dc751a64,sha256:441673e9c238b27fd33bd09668a9049f1d58ba4f7788bc462b3836e40a978f3e,1,lower,81.295749151,106.754417706,25.458668555000003,63513,24.03847283934237,83.82578889563163,1,-2.0,passes descriptive checks; candidate only
scan-hop-99bee37023f62a10,sha256:f1bc58c765b4cbfc962c5e64266eb5e241b3a8d25ea8b95b9438076f6be26c64,1,lower,6.708339603,32.528159203,25.819819600000002,52546,45.06047280326572,94.22036045119783,2,2.0,leader changes on heldout
scan-hop-99bee37023f62a10,sha256:eaa4e88ba3e8adeb688c232daddb0f9cc15527b0c35b155ccb76c9dd82d946ea,1,upper,8.724355444,31.899118194,23.17476275,66506,24.93560596456482,86.19323397643976,1,-1.0,passes descriptive checks; candidate only
scan-hop-99bee37023f62a10,sha256:8d2cf87d255f8d6c9720242f81e5b31d1b10501c305c38a4973142da9c6ee33a,2,lower,16.664287649,51.556453574,34.892165925,69671,78.22068492831679,332.00048887145084,1,-3.0,passes descriptive checks; candidate only
scan-hop-99bee37023f62a10,sha256:452f02ca80a786f80274601db61f023dd361f29a99d9e194b560658b5e4f7b82,2,upper,16.922955665,48.405804575,31.482848909999998,69671,52.318999854395365,280.64483294334656,1,-3.0,passes descriptive checks; candidate only
scan-hop-99bee37023f62a10,sha256:401e333a54192e4a72da3773de639585c2e00c2b612488af7c8722ff87a27e42,2,lower,59.257716706,84.732922809,25.475206103000005,59401,97.28998942788432,206.9998758634579,1,-1.0,passes descriptive checks; candidate only
scan-hop-99bee37023f62a10,sha256:c0fbd2a6f884144c72d2d564bc57880030776bc4c7a81bcc7273ba4e1ec4efde,2,upper,59.640386541,87.127611328,27.487224787000002,59401,58.77771875408094,224.71043362979128,1,-1.0,passes descriptive checks; candidate only
scan-hop-99bee37023f62a10,sha256:163815586fdc6829615ce2eff26ab05675fb502a6362c39a02471c73cb689d83,4,lower,59.765529226,84.348736624,24.583207398,59401,59.26951750239918,162.94681558570994,1,-1.0,passes descriptive checks; candidate only
scan-hop-99bee37023f62a10,sha256:891517851991d5251d9a44ca768a6dabf5bb23a6e323b98cc427795d5dc2d383,1,upper,65.954583941,87.001538232,21.046954291000006,59401,50.47074560193245,41.66699746346285,1,-2.0,passes descriptive checks; candidate only
scan-hop-99bee37023f62a10,sha256:88d53f8121041a5d1e766509f461b8b41d1b5050dc801f11c95222c9c48eec95,1,lower,66.460445421,86.624487631,20.16404220999999,59401,42.424425056865324,29.378041492574688,1,-2.0,passes descriptive checks; candidate only
scan-hop-99bee37023f62a10,sha256:99738e0871fb6d4e5fead0a642520119b7917c12ae6dff1d44e9fe4358605d15,2,upper,89.140365722,132.608469259,43.468103537000005,66559,62.90419119293694,176.37947015406132,1,-1.0,passes descriptive checks; candidate only
scan-hop-99bee37023f62a10,sha256:95b562275b7e1d2db280d46aa55d464feefb248c80447bd9d9ec2ac063633220,1,lower,89.643809973,120.273847111,30.63003713799999,66559,46.77463899202,51.18108589939382,1,-1.0,passes descriptive checks; candidate only
scan-hop-99bee37023f62a10,sha256:27b710890132df96ac393863de4fc9921d104c360341b426d6bc6ef86a588569,2,lower,89.769704738,127.572488189,37.802783450999996,66559,86.18159777805053,127.41858390635319,1,-1.0,passes descriptive checks; candidate only
scan-hop-99bee37023f62a10,sha256:a4dbea3a399b56763209e8b7fcb7193771c3ed8a10a5c4b17aab9c248825f559,1,upper,90.021511809,123.671181037,33.64966922799999,66559,51.77824706871514,67.11818771173552,1,-1.0,passes descriptive checks; candidate only
scan-hop-99bee37023f62a10,sha256:c16da5294d37085f70c3691644214c9bdc914c180cd18087dfb8c96d45be438b,2,lower,135.129825231,170.047267654,34.91744242299998,66624,84.12454655806242,65.69721291083727,1,-4.0,passes descriptive checks; candidate only
scan-hop-99bee37023f62a10,sha256:310f78a9d267cdda77d151cece7179292348f91afa97774632d29f59ce78d288,4,lower,172.694979844,201.763247589,29.068267745000014,66615,37.69996028880121,102.9764645282387,1,-1.0,passes descriptive checks; candidate only
scan-hop-99bee37023f62a10,sha256:f0d295a401d6295fb43f7913fd7150c115f6fbf93b92f36d362369a3bdf0b577,4,upper,175.841832322,195.851232002,20.00939968,66615,54.84434681086394,66.60902590501462,1,-1.0,passes descriptive checks; candidate only
scan-hop-99bee37023f62a10,sha256:55ecb2f30f8aa8132a169d523ec8bf69cb351e4b74fa665d7744f39160959481,2,upper,179.113071063,208.324666162,29.211595098999993,63447,53.090011059784324,30.713620866317275,1,-1.0,passes descriptive checks; candidate only
scan-hop-99bee37023f62a10,sha256:577b121ef0652c5424fb79ed798cbcde4ef93cf6b81aefbfdd14e08224c1269a,2,lower,179.994397844,208.199333328,28.204935484000003,63447,60.116405799352,19.960485864219887,1,-1.0,passes descriptive checks; candidate only
scan-hop-99bee37023f62a10,sha256:7d508a9586ba38e06fe82ce09bc3b20cd0d3ddccd926e28dce323561522f6bdf,3,upper,202.392466557,239.442785421,37.05031886399999,66576,78.27535424754093,181.55343234682343,1,0.0,passes descriptive checks; candidate only
scan-hop-99bee37023f62a10,sha256:6febf383bb9f491108d665b6d32630bca7a12fc1968f1808f71df8154656f9a6,3,lower,202.519004661,241.836571711,39.31756705000001,66576,94.00249917677579,205.2488115865086,1,0.0,passes descriptive checks; candidate only
scan-hop-99bee37023f62a10,sha256:3f93a22cebc7f1ebe01751a37835556f4af9d35fc126b9fbb9721c586c19cf12,1,lower,239.064576683,268.534897385,29.47032070200001,66501,104.39831408637525,37.44765773846636,1,-1.0,passes descriptive checks; candidate only
scan-hop-99bee37023f62a10,sha256:8b8ca5c99d9db5f9fa821100b821f710fa981f66351296a08b654e1a11e6b25c,1,upper,239.947141323,268.283358562,28.33621723899998,66501,87.16289531848952,30.419851044503904,1,-1.0,passes descriptive checks; candidate only
scan-hop-99bee37023f62a10,sha256:d860211a88547557db0509a522eb4efebb1b67e500c362f4be83ef38448a397a,2,lower,246.373134809,281.512688346,35.13955353700001,69658,51.14594946418785,217.9609662290569,1,-2.0,passes descriptive checks; candidate only
scan-hop-99bee37023f62a10,sha256:31d65e18a8fc7c924e6de092341f0e1fa99ee98e1148626305896fb9e4edb036,4,upper,246.87560683,270.303364543,23.427757712999977,69658,117.15528707549953,46.887798575451946,1,-2.0,passes descriptive checks; candidate only
scan-hop-99bee37023f62a10,sha256:78dd8140fd75dc5e5fcd81dd2b5b1c90f5ad63816d9f96d0aa5ddda1cc1b5ef3,2,upper,247.251792721,274.082777339,26.83098461800003,69658,39.79003947139181,127.54573746185343,1,-2.0,passes descriptive checks; candidate only
scan-hop-99bee37023f62a10,sha256:4a3d636f8bcd34c908f4f776b037614a15fcb044f9a4ff86782e44a07526a2fe,4,lower,255.060684343,280.883323301,25.822638958000027,69658,13.447745151762712,88.31575675149719,1,-3.0,passes descriptive checks; candidate only
scan-hop-99bee37023f62a10,sha256:a4f291d697678b64f94314afe3e8be78839ebde4539589e34ee31fdec83803cc,4,lower,179.616549298,208.829997273,29.21344797500001,63447,23.296219393911166,19.486822299806025,1,-1.0,passes descriptive checks; candidate only
scan-hop-2b542a19425a01b3,sha256:9e99f16eea1d7e72ff5a08c15bd05e059d9b8912b90ab2ff68fffec8d0910292,4,lower,70.793804383,103.173925163,32.38012078000001,69172,50.667417130013426,70.23090787413909,1,-1.0,passes descriptive checks; candidate only
scan-hop-2b542a19425a01b3,sha256:ebd272a91caa2d801af50a3b6d536e64a64133d2dd7b09bda8e0349dd9b8ed58,4,upper,73.065823437,102.419259618,29.353436180999992,69172,34.530585261503376,93.34297451120374,1,-1.0,passes descriptive checks; candidate only
scan-hop-2b542a19425a01b3,sha256:ed138e3c7473b9df2eec3bd6111ef4fba7a568ffa35fd4bae8b85dc50ffeddc7,1,lower,74.580496235,102.544599567,27.964103332000008,69172,39.105027175082284,36.479714797570786,1,-1.0,passes descriptive checks; candidate only
scan-hop-2b542a19425a01b3,sha256:7eb42669716c5f6b878cb579f198d21b3565f55dd004fe479c2b56d29815580e,1,upper,74.705830584,102.79659911,28.090768526000005,69172,101.7760566072643,70.09462951780775,1,-1.0,passes descriptive checks; candidate only
scan-hop-2b542a19425a01b3,sha256:56a823b055acbcc08f2709d391ebd15799910a1fbab3da86a3744c9126c8e856,2,upper,77.737854783,101.285894577,23.54803979399999,69172,34.24907262358269,29.47027196279478,1,-1.0,passes descriptive checks; candidate only
scan-hop-2b542a19425a01b3,sha256:13fadbd2ddc5816b240494214b961d1bc9342282f5204d08072dd6697e0c8c61,3,upper,103.048451889,153.951146774,50.90269488499999,66491,115.06669309932946,317.98728228557536,1,0.0,-500s control fits as well or better
scan-hop-2b542a19425a01b3,sha256:255e970fb78dad12d241b91f57ccbce0c4084eee8d053f4c48d603e9731fb19a,3,lower,103.677538659,154.580475593,50.90293693399998,66491,93.96472095645521,329.3536751786668,1,0.0,-500s control fits as well or better
scan-hop-2b542a19425a01b3,sha256:0bfd66291c7bf3442fb9acd91b674ddb23607bca8d667d2a6488b78628354f68,2,lower,134.184025135,159.371306084,25.187280948999984,65459,66.27608043950022,778.7687817105095,2,3.0,leader changes on heldout
scan-hop-2b542a19425a01b3,sha256:6d8fbaa5703b28088fc371fe2dad52ddf6f39382e4ea2314615e38a1f2ba6272,4,lower,134.687199105,154.832617483,20.145418378000016,63453,79.91340638651481,142.03160285414862,1,-2.0,passes descriptive checks; candidate only
scan-hop-2b542a19425a01b3,sha256:f7298cba81bce6371cfc45acdb0bb501929c6708b21a1284b85e2dce9813a61e,3,upper,185.3284608,218.740346938,33.411886138,61524,21.525824578590278,43.32345543082582,1,0.0,passes descriptive checks; candidate only
scan-hop-2b542a19425a01b3,sha256:1cc4f54230546b29324681551c3e6865681ab19d000511ec0530d0bc8138eef7,3,lower,185.45386465,222.515284424,37.06141977399997,61524,26.11633850024622,53.78248610412913,1,0.0,passes descriptive checks; candidate only
scan-hop-2b542a19425a01b3,sha256:3565bdb440593b2fe39161c7dda7ea5f68b0e55f1c97da84ca48f0a711672ce3,4,lower,211.81801466,245.812620289,33.994605629000006,64151,83.94769577158216,94.47487185372187,1,-2.0,passes descriptive checks; candidate only
scan-hop-2b542a19425a01b3,sha256:935b44839539ea14578cc0040f343657a4d2bfdfb1bbc2a31ffb55c54c12f23a,2,upper,212.194017007,234.990020292,22.796003284999983,64151,39.69528203539323,102.17473701567302,1,-2.0,passes descriptive checks; candidate only
scan-hop-2b542a19425a01b3,sha256:286e22c303d1a504bac47da929c15193006c7b642ecd2705355c70aa80daecf4,2,lower,212.572084901,247.575324322,35.00323942099999,64151,54.478121487442216,194.70485915327987,1,-2.0,passes descriptive checks; candidate only
scan-hop-2b542a19425a01b3,sha256:ebc12dd01dac3a59646038de5f1ebdb880f1addf21f6d00cda2523d228554d39,4,upper,214.208694961,246.441998954,32.23330399300002,64151,78.48279425060234,116.52128677343526,1,-2.0,passes descriptive checks; candidate only
scan-hop-2b542a19425a01b3,sha256:f2cc7c3a684c23a5489609c28cd3cf47704ca01be343a9f8f314f9b141a31ab7,2,lower,254.620573459,274.772566567,20.151993108,69171,21.529091397606294,29.094840982685103,1,-2.0,passes descriptive checks; candidate only
scan-hop-2b542a19425a01b3,sha256:0e02128ee45846a76478b293a02385dc79c97b5a148c1bb1b30f4656b6df1c84,4,lower,257.897858749,281.064630307,23.166771557999994,69171,19.98843083307479,41.7198177114901,1,-2.0,passes descriptive checks; candidate only
scan-hop-2b542a19425a01b3,sha256:a908007f565af224026ed8d6892ff5690292e79b3a9c232b3f5cd386a3e05038,4,upper,95.368359413,118.419214738,23.050855325,53608,94.05158896707641,608.6525782437977,4,-5.0,leader changes on heldout; time-shift boundary; radio drift fits as well or better; -500s control fits as well or better; 500s control fits as well or better
scan-hop-2b542a19425a01b3,sha256:01b554445796fb27c1ad1db9b0d109c5c428221f1588ae208d62bf91d04fd591,4,lower,98.139055506,122.58184385,24.442788343999993,66491,89.29204957400556,112.16553292869986,1,0.0,-500s control fits as well or better
scan-hop-543e944f549f5386,sha256:a2d95307dd8420daffe961cf247ad376a43f6855d56c7b37db5c8012619c070b,1,upper,0.530569852,25.347886842,24.817316990000002,100233,101.52996479933127,424.0926228878721,1,-2.0,passes descriptive checks; candidate only
scan-hop-543e944f549f5386,sha256:53cefcf797b8027a3dd3931709038d8e7076c738ab9613ff13f06c681a07d6e3,4,lower,64.791694323,99.9638345,35.172140177,63037,144.54850339977983,249.30195538493086,1,0.0,passes descriptive checks; candidate only
scan-hop-543e944f549f5386,sha256:80ec96e60448f3b9990e2fdfe46e386cdd664567c63dd37e53de0df65fd1ac72,4,upper,66.427709653,98.945169685,32.517460032,63037,116.2339903527706,264.7287783528975,1,0.0,passes descriptive checks; candidate only
scan-hop-543e944f549f5386,sha256:0e7af997abbb6199dfbddbef919913de66e9f93638804252a3b78ef0f980e725,2,lower,75.629062647,98.692719402,23.063656754999997,63037,31.093999024427564,104.25346047347881,1,-1.0,passes descriptive checks; candidate only
scan-hop-543e944f549f5386,sha256:0e09ddac785ef9b6073754044c77b16f7cf2103980eeb9cfcec61d95a290b474,1,lower,82.568863451,108.140910299,25.572046848,65282,31.78255621329114,56.45695385238703,1,-1.0,passes descriptive checks; candidate only
scan-hop-543e944f549f5386,sha256:9a4fe2dda0100112a45e835999af2f18a080ad9ebff3d7c387332a835f6909c9,4,lower,143.151871154,163.799957552,20.648086398000004,65214,75.60340185259086,153.636392671984,1,0.0,passes descriptive checks; candidate only
scan-hop-543e944f549f5386,sha256:34d860d5bc664ae9ed41f024a8b99254b0b434b4bf22c73d552cd820974eeb49,3,lower,143.403894229,173.492017719,30.088123489999987,65214,77.50401401905008,75.67069720789675,1,0.0,passes descriptive checks; candidate only
scan-hop-543e944f549f5386,sha256:0699eb7ed38f7c41088d8dd3b7c9048a662fe10de7b4ec9678bb7454c731d20b,3,upper,144.538567973,165.687879487,21.149311514000004,65214,69.96974029503167,132.31963850558907,1,-1.0,passes descriptive checks; candidate only
scan-hop-543e944f549f5386,sha256:86ee1436cab88b46d0ed68a1e477c6ebb13d1072f5c8c0b794cd488e63d263bb,4,lower,192.76388138,233.07731377,40.31343239,63047,25.19251745163893,65.21823459446544,1,-1.0,passes descriptive checks; candidate only
scan-hop-543e944f549f5386,sha256:55191935c1d93590b997654783226214c294573686435f31f1eb7f72b3b0bffe,4,upper,206.633307838,232.950647627,26.317339788999988,63047,30.079156867366123,105.59247544014255,1,-1.0,passes descriptive checks; candidate only
scan-hop-543e944f549f5386,sha256:9b6d7c2c22ace870650c15f7fea7dc32a007ee482e6324494880c70531155a42,2,lower,207.010624496,230.810663563,23.800039067,63047,76.3527503782184,65.94072714894075,1,0.0,passes descriptive checks; candidate only
scan-hop-543e944f549f5386,sha256:c82ec090db4db82ab3c3e1441a6f3784af8342633270bdb607e3f8d16738dc88,2,upper,209.150342969,230.68533051,21.534987540999992,63047,70.893835477709,76.1930893063698,1,-1.0,passes descriptive checks; candidate only
scan-hop-543e944f549f5386,sha256:ca09ffde373cb6f1dad61f6220f9ff6075b32b10636cd783c0b25b6797a41ad4,3,lower,244.169120847,266.95809947,22.78897862299999,65466,55.293092729289405,110.6346823197178,1,-1.0,-500s control fits as well or better
scan-hop-e336bdc3f097d035,sha256:c32230dced66dab11a1d53727031b37c4950a329fb58a70825f1d95d523bd4cb,3,lower,36.947449131,72.488632708,35.541183577,67733,64.99740703711832,396.9662761422669,1,1.0,passes descriptive checks; candidate only
scan-hop-e336bdc3f097d035,sha256:b685f1c19a00ea23d1ea47210a49b862d6e901ea7264292e36b800d31b7cc437,4,lower,37.19809375,72.612732925,35.414639175000005,67733,31.54992774134886,73.24177804134582,1,0.0,passes descriptive checks; candidate only
scan-hop-e336bdc3f097d035,sha256:5c01a52bae436dc9f5ac835227192ebf086c98c23531da071fa8e37903093991,3,upper,37.575452346,72.235400799,34.659948453000005,67733,67.80763497326306,383.90264221431005,1,1.0,passes descriptive checks; candidate only
scan-hop-e336bdc3f097d035,sha256:a8689ec09478e372a2a17ca33894235d13a8ef822de30e5c78d073b6e8ca08de,4,upper,38.204766058,69.970083825,31.765317767000006,67733,87.81069422175345,299.4451186416749,1,1.0,passes descriptive checks; candidate only
scan-hop-e336bdc3f097d035,sha256:6e2b36c3efb6ef294dd9cc3b5b31302e58d1fa2f679e44051ee3beb69c514574,3,lower,101.086130739,149.695550084,48.60941934499999,65213,132.28472937894801,162.6822029446729,1,-1.0,passes descriptive checks; candidate only
scan-hop-e336bdc3f097d035,sha256:cb7182397000a95512e1c1de19a7455cb7ae54f254a0b7737c0af5c503abd271,3,upper,102.468810619,148.428890008,45.960079389,65213,140.57491014693625,167.41027466810652,1,-1.0,passes descriptive checks; candidate only
scan-hop-e336bdc3f097d035,sha256:fc4cf438480e51b33f3bd39010504de10caf31c1045276134f987218d805faa0,4,lower,104.48345548,134.072949201,29.589493720999997,65213,70.66815951893946,139.03298259118822,1,-1.0,passes descriptive checks; candidate only
scan-hop-e336bdc3f097d035,sha256:21529725ac2a00a4fc0e31f5851e027cb258e4339fa18fce37282ac5cd1809b9,2,lower,134.450756928,175.518327953,41.06757102500001,67539,1056.3113430872838,5683.009388254085,3,-3.0,leader changes on heldout; radio drift fits as well or better; -500s control fits as well or better; 500s control fits as well or better
scan-hop-e336bdc3f097d035,sha256:056594c4af68ec7e26fe1a7df41121e0193b5a2bc17066004aa287fe0e6fcc53,4,upper,141.49923073,163.675649397,22.176418667000007,61702,322.4183495177772,2925.8647219225627,2,3.0,leader changes on heldout; radio drift fits as well or better; 500s control fits as well or better
scan-hop-e336bdc3f097d035,sha256:d6d47cc4f80e32d107189db42a90adab16280be43c608291816041bdc8551c85,4,lower,141.878098945,164.054315249,22.176216304000008,61702,385.9987677588172,3242.2806651137303,2,5.0,leader changes on heldout; time-shift boundary; radio drift fits as well or better; 500s control fits as well or better
scan-hop-e336bdc3f097d035,sha256:7c500f47eb4dcac2902e56b39edef66610504bf60d4d21b630c045a27b6eb233,4,upper,195.536609871,217.312897043,21.776287171999996,48434,79.64638029570204,37.39121521899106,1,3.0,passes descriptive checks; candidate only
scan-hop-e336bdc3f097d035,sha256:2ef3eb84733320115db5958b4ede95022637cbfe2dc6da7190ff18d8ed00cde3,3,lower,259.61835177,299.827837538,40.20948576799998,68979,123.835988085471,117.82882827905041,1,0.0,passes descriptive checks; candidate only
scan-hop-e336bdc3f097d035,sha256:6b3316d0c68aa61bef6c961c25bd882f9333981fa224ad1e9a1ba6c48cc5fcfb,3,upper,260.373025932,298.695806716,38.322780783999974,68979,121.74712725799087,141.33465103539032,1,0.0,passes descriptive checks; candidate only
scan-hop-e336bdc3f097d035,sha256:1897576bcd30fa081cff272e94c2a3d42982c47b8565591361893b463454809b,1,upper,269.318426204,299.576535633,30.258109429,68979,54.78820576886096,118.98474434669193,1,0.0,passes descriptive checks; candidate only
scan-hop-e336bdc3f097d035,sha256:500aef0a58e99521784c96b5446f895d1739e65deb4f240cc34a9d9ac2230827,3,upper,79.80286126,103.224794114,23.421932854000005,59170,26.840039638365383,100.74102688805964,1,0.0,passes descriptive checks; candidate only
scan-hop-d863b5568dd4cb74,sha256:d0c056706a7faa5f3c63d7dc77f4b2524dae644a6cd03115e62b5fad2948d88d,4,lower,14.53232367,36.715030613,22.182706943000003,67544,38.779473493028696,362.30150834744757,1,-3.0,passes descriptive checks; candidate only
scan-hop-d863b5568dd4cb74,sha256:9b781ad54f2ddf63c8e0c142509f9e014d9f150b6797e7bb4da8b8ca3df9c5e9,1,upper,34.828322171,64.8336021,30.00527992899999,68977,91.562552585113,89.92273250371072,1,-3.0,passes descriptive checks; candidate only
scan-hop-d863b5568dd4cb74,sha256:7d542322c7db9c84f04246ee7ddf5786f1deeceef29ca82450afcfd01410d0fc,1,lower,36.339004669,70.116458156,33.777453486999995,68977,70.82055723405671,148.92517272176246,1,-3.0,passes descriptive checks; candidate only
scan-hop-d863b5568dd4cb74,sha256:f875f43bcef72858d123793afe9bd97277161d61aadfe09879f010232d384723,2,lower,49.588328836,71.249741718,21.661412881999993,68977,36.69071304311238,137.60075774448845,1,-3.0,passes descriptive checks; candidate only
scan-hop-d863b5568dd4cb74,sha256:29f3643f44b63233d86cf65672a84fa224c4fc86c3875d3b169c3b004e1cb88d,2,upper,50.216432993,70.997741957,20.781308964000004,68977,92.34034770879305,169.12826355424812,1,-3.0,passes descriptive checks; candidate only
scan-hop-d863b5568dd4cb74,sha256:81583bf13c73268fc64f29c9bf21e5fb90e84b6327af8a61fc778149b52d3a0c,1,upper,74.927134663,106.551213961,31.624079297999998,68180,33.53295029196441,79.9546704457357,1,-3.0,passes descriptive checks; candidate only
scan-hop-d863b5568dd4cb74,sha256:34cce860f1feba78bbf9912f8c491ae605e6197300be2a2b6f7b0ec7ead582ec,1,lower,75.17862213,107.684543637,32.50592150700001,68180,82.56338252761866,123.97776139759512,1,-3.0,passes descriptive checks; candidate only
scan-hop-d863b5568dd4cb74,sha256:92a0bf28d16a3a1b37b7e9c14e7a58b3e725e858ff5dd5ee035bfa4722c49889,4,upper,128.088571925,149.779208179,21.690636253999998,59210,19.13792178813252,70.06171956272205,1,-1.0,passes descriptive checks; candidate only
scan-hop-d863b5568dd4cb74,sha256:03d560572dfe234a92e2f6c8fccb0fd189ef5b02b25622021b15b2c8aab30cf1,4,lower,128.345906031,148.394844073,20.048938042000003,59210,37.39180720433709,48.773548441775354,1,-1.0,passes descriptive checks; candidate only
scan-hop-d863b5568dd4cb74,sha256:c48a2eea14785c85ae3ad12426098a94c7b5f6adbc9d982b1c9d41c3ad244bc9,1,lower,224.537175354,248.335357009,23.798181655000008,68976,26.874489006904323,44.04125829440055,1,-4.0,passes descriptive checks; candidate only
scan-hop-d863b5568dd4cb74,sha256:b5073f701f728581618ac363736e94b6e54a54060b220ed15b70d04d425e55b8,4,lower,239.50855302,269.131241877,29.622688856999986,67534,34.63047843906908,111.8264993723829,1,-2.0,passes descriptive checks; candidate only
scan-hop-d863b5568dd4cb74,sha256:e0ab30247cab35aca0eca57d04bcfa0905b6c707047c9b5259807d19b17c8f96,4,upper,248.082728994,268.624507745,20.54177875100001,67534,58.13318015011257,136.35059505213434,1,-2.0,passes descriptive checks; candidate only
scan-hop-d863b5568dd4cb74,sha256:44206fb244bdcddc9b14571f3476b01b42c82096c2c5a161232f8535f1e4ba49,1,lower,256.903297014,283.616782945,26.713485931000037,68192,366.23486422157544,644.4106420841184,1,-5.0,time-shift boundary
scan-hop-d863b5568dd4cb74,sha256:d7a9428dc84a6e147475da600acd418c52c6407d786bf32e55872812fbdb6a16,2,lower,269.635047005,298.112626431,28.477579426000034,68192,132.74794740440856,161.0348565661016,1,-5.0,time-shift boundary
scan-hop-d863b5568dd4cb74,sha256:80454a55dc083c377c4eea42bf79a323ee986f362c36c3f9a4350bea1aad5ee5,2,upper,270.140749587,296.725965281,26.585215694,68192,120.61746356506653,101.77000336653228,1,-5.0,time-shift boundary
scan-hop-bdb97ee3a5264d7d,sha256:b25aa62e894b6111ff0b07c977968bbda2891f2732c4421f26231872136b1b28,4,lower,32.741335176,58.95517822,26.213843044,68194,81.60084557733977,84.52440049577294,1,-3.0,passes descriptive checks; candidate only
scan-hop-bdb97ee3a5264d7d,sha256:429fb428337867febde0e8510606c24603af1d7dc0fa13c8392d4213e6788060,4,upper,33.628386993,59.331178461,25.702791468,68194,103.90290113597963,104.20852176587576,1,-3.0,passes descriptive checks; candidate only
scan-hop-bdb97ee3a5264d7d,sha256:c2230da70c7f7b0f17ab92ad565a105935ef3c9ab68e8ea201c498030f39ffbd,2,lower,35.641720748,59.205724552,23.564003804000002,68194,18.929519633773083,46.306499618167614,1,-3.0,passes descriptive checks; candidate only
scan-hop-bdb97ee3a5264d7d,sha256:5626d58f8fbfe8a5a7ab633a464425e4f6380683b11d517b073bf03bd0f23734,2,upper,67.397764879,96.019223684,28.621458805000003,67582,85.68680673508982,126.76537248169772,1,-2.0,passes descriptive checks; candidate only
scan-hop-bdb97ee3a5264d7d,sha256:3fbff4f28c12ce175cd12cf047627606ba52043f1f1c62a7a56c5888c2a7b81a,2,lower,68.529755948,99.793875213,31.264119265000005,67582,23.288817134536643,147.60198958866306,1,-2.0,passes descriptive checks; candidate only
scan-hop-bdb97ee3a5264d7d,sha256:fd662ee31ef8792829a097267302a0c22778c66d506df2600500354595941365,4,upper,68.655564839,102.691126774,34.035561935000004,67582,40.83322703386907,219.54325149929628,1,-2.0,passes descriptive checks; candidate only
scan-hop-bdb97ee3a5264d7d,sha256:60f75648340f53911ff1b3f022a5a7bba70b2dff16397065514ea679c68e8050,4,lower,69.284903249,102.315129845,33.030226596000006,67582,27.955162233531567,205.5451247893558,1,-2.0,passes descriptive checks; candidate only
scan-hop-bdb97ee3a5264d7d,sha256:57cb76c7ade98fad64014e12bbd6b648239ba84bc860d7fbc8a82d9c62d5ead3,2,lower,121.970960313,145.158996627,23.188036313999987,69834,68.1656705052467,209.94927605532928,1,-2.0,passes descriptive checks; candidate only
scan-hop-bdb97ee3a5264d7d,sha256:020939f9234367fac46a49ca8e638ed03b4831bb4eb4fbcd377c20670703ecd9,2,upper,123.102595032,170.870902307,47.768307275,67020,78.15036701607897,310.03216739831583,1,-1.0,passes descriptive checks; candidate only
scan-hop-bdb97ee3a5264d7d,sha256:4b158459ad04c9d84b4a9d5caa502ba2c7c70b4672bc0e1a24ff83344f898dcb,1,lower,147.675192414,178.679276264,31.00408385,63636,118.26336317923567,186.34016328877942,1,-2.0,500s control fits as well or better
scan-hop-bdb97ee3a5264d7d,sha256:020e6b5914451ec9551e70c0a18e44b750e36c03ad98b63dc843f7e45d89b0cd,1,upper,149.813848365,178.931275605,29.117427239999984,63636,67.18354345819206,167.853038175559,1,-1.0,500s control fits as well or better
scan-hop-bdb97ee3a5264d7d,sha256:9f2b633eb232f4da01059b8e1eeb7ae0db4ca13bc62561ac17324356f6f4e445,2,lower,150.191202591,186.255278077,36.06407548600001,63636,63.17945326387559,236.22975147042803,1,-1.0,500s control fits as well or better
scan-hop-bdb97ee3a5264d7d,sha256:7a249b5daed8383895b8e164479f93aaea963b1702ad7833f9bd187bc0589a64,4,lower,164.940613043,192.937455129,27.996842085999987,63636,101.03973303414784,288.83496020987104,1,0.0,500s control fits as well or better
scan-hop-bdb97ee3a5264d7d,sha256:ccddf4ae50abd4d003ddacdef4a7beef15b8360be59ed833f76da45132cd398f,3,upper,226.685904868,254.280652078,27.59474721000001,60733,70.90901164313206,227.66221562568154,1,0.0,passes descriptive checks; candidate only
scan-hop-bdb97ee3a5264d7d,sha256:e43328d3fa1b43406f361378df09c08172e003e9bc0372095f442d9f9373fb5a,3,lower,228.833927872,254.028367899,25.194440026999985,60733,71.73502297036089,195.39812064725717,1,0.0,passes descriptive checks; candidate only
scan-hop-bdb97ee3a5264d7d,sha256:5b9126dd4d6511136db2027830bc48ecf46a2aaf1bc6a1ed99bd58af60c39b21,1,lower,255.53794367,282.615058799,27.077115128999992,63861,66.56888439803838,678.4082310742467,2,1.0,leader changes on heldout; -500s control fits as well or better
scan-hop-bdb97ee3a5264d7d,sha256:c9b0d32115a902a151600a45bee539b484dcea22b868f1206729c38bb4384d64,1,upper,256.921956075,284.124749931,27.20279385599997,59569,77.32245713560359,109.38216508746781,1,-2.0,passes descriptive checks; candidate only
scan-hop-bdb97ee3a5264d7d,sha256:9bf6265f94dc283f8edcd084378f3b3eed3062c25bd9831bfbcbcae4fccd4b4b,4,lower,257.551294942,299.872628842,42.321333899999956,59569,68.72276504913489,251.63668959928913,1,-2.0,passes descriptive checks; candidate only
scan-hop-bdb97ee3a5264d7d,sha256:b2f7c8bfe38d89a9e60ce048af5155408603fb7e101a0276cb81a37d04938bf8,4,upper,259.187308508,299.496043498,40.308734990000005,59569,90.5597517340077,263.164600471756,1,-2.0,passes descriptive checks; candidate only
scan-hop-bdb97ee3a5264d7d,sha256:2dabec287c70ec1b31718788e5ae33ca4ae35cf3ad83e81375c98737356e4465,2,lower,269.769996611,299.998007017,30.22801040600001,59569,87.45184747570607,699.6567938105203,1,-2.0,-500s control fits as well or better
scan-hop-bdb97ee3a5264d7d,sha256:da5629458c5b1d44f72dd582da8f11717f5da89ade2b04e69ca9eabffc60ed46,2,upper,270.399334358,298.614065912,28.214731554000025,59569,51.74491873088115,374.1700038314965,1,-3.0,passes descriptive checks; candidate only
scan-hop-bdb97ee3a5264d7d,sha256:6263813943f307a47dedfb4c3b67080b2f7fb9b44bfd405fb67d460dd97e2bd7,2,lower,122.976158646,173.516898938,50.540740291999995,67020,61.04947816324627,387.16331453924744,1,-1.0,passes descriptive checks; candidate only
scan-hop-bdb97ee3a5264d7d,sha256:5ada1db5d193ffe972441ad61954eed3b3bd888a9b9fd7158e80fda79a2c392f,2,upper,150.316545484,177.547292407,27.230746922999998,63636,87.21196152068468,186.77997948580116,1,-1.0,500s control fits as well or better
scan-hop-dc5eb69c6fabf708,sha256:15b01f8191ca447d8980e00080f7e902a014b95e3d9a648aa49398ca3d1ab865,4,lower,44.114164859,73.832912724,29.718747864999997,59584,37.53444072086375,45.74502549244161,1,0.0,passes descriptive checks; candidate only
scan-hop-dc5eb69c6fabf708,sha256:7c7bf8c8a254a086342c7221bcc4d43f0682b4f561fc13834989aacbbf57c2ed,1,lower,45.248839801,74.085499901,28.836660100000003,59584,37.89380840782309,34.38819758000496,1,0.0,passes descriptive checks; candidate only
scan-hop-dc5eb69c6fabf708,sha256:66e4c98c92da120488bfa90e0449f4dd5b64f8b3ae79067af3f52d8d9b94678c,1,upper,45.499508235,73.581494585,28.08198635,49760,45.86301778048935,335.0278433838586,2,4.0,leader changes on heldout; -500s control fits as well or better
scan-hop-dc5eb69c6fabf708,sha256:84c995cf99f5de39b6b12c350b857a7bad3336e53eac804345d2c73431f0ff6b,4,upper,46.759516878,76.990237653,30.230720774999995,59584,65.73747632075761,94.51399645836254,1,-1.0,passes descriptive checks; candidate only
scan-hop-dc5eb69c6fabf708,sha256:bd83d4463be4053f5a52418d5f809ec52f1785abcbd3c40695705ec09f3e061b,3,lower,72.447421426,104.079661026,31.63223959999999,69822,100.3228788652547,109.42734603600506,1,-2.0,passes descriptive checks; candidate only
scan-hop-dc5eb69c6fabf708,sha256:dace941db67dbc413616c67e5567e58cf3be243234dba80c36d86f6f5db9416d,3,upper,74.336850208,98.791634616,24.454784407999995,69822,94.09384017649268,114.56629101267957,1,-3.0,passes descriptive checks; candidate only
scan-hop-dc5eb69c6fabf708,sha256:1b97f681600b43ac5c896a21255c4783a118b95eba39104683dc1a9ce5dd198c,2,upper,74.71423567,109.238367523,34.524131853,69822,112.63728071373987,90.81519402434311,1,-2.0,passes descriptive checks; candidate only
scan-hop-dc5eb69c6fabf708,sha256:91ef3bac9f9e601f4362f91101158c8db73992d373a68da6caa02ce8373ead18,2,lower,75.222240136,111.628687641,36.406447505,69822,71.16957356291864,71.9869825487001,1,-2.0,passes descriptive checks; candidate only
scan-hop-dc5eb69c6fabf708,sha256:5b61e95a0a2619426443dee4670466ef05cf43af32616af3b5ebea68c787dd00,4,lower,110.495642097,134.082393374,23.58675127699999,69949,51.29404956692538,90.85635138293102,1,-4.0,passes descriptive checks; candidate only
scan-hop-dc5eb69c6fabf708,sha256:dcfcc83c7989c32e6d73ccda4d845188fd8654ae110d01dc5a76cef688919cca,4,upper,111.880985005,133.830393464,21.949408458999997,69949,49.7179087600688,95.16675257947112,1,-4.0,passes descriptive checks; candidate only
scan-hop-dc5eb69c6fabf708,sha256:17efc9516fb8a81414cf0f120f3986d83c1426f4abbb80c49ea6c3e8c125b29e,1,upper,120.697672353,144.663702975,23.966030622000005,69949,104.70994133572371,230.1426577104311,1,-4.0,passes descriptive checks; candidate only
scan-hop-dc5eb69c6fabf708,sha256:4f9b9800a845091860133e22caa38cb66ddda2c46ac4749cbdfee4748b864718,2,lower,122.584996336,148.569013404,25.984017068,69949,58.83397296633736,72.92753963541857,1,-5.0,time-shift boundary
scan-hop-dc5eb69c6fabf708,sha256:c93ac67618263f02aadf933cf7be4b91a4de1b24de70c0354f8d6f4df7a6894a,1,lower,149.324419075,171.991684492,22.66726541699998,63841,22.407464345795177,132.38431745757433,1,-2.0,500s control fits as well or better
scan-hop-dc5eb69c6fabf708,sha256:63437177101b5d3c69d7666b322409d13155e8e079fa9e76bb692978cf336c85,1,upper,151.58902176,173.501012636,21.911990876000004,63841,59.564447808027104,177.0273458210079,1,-2.0,500s control fits as well or better
scan-hop-dc5eb69c6fabf708,sha256:606a989796a32134714989cdd234130145080562a3b3fbb6a88c1d85acedba90,4,lower,179.806400825,203.851752643,24.045351818,49763,53.50013262904385,252.87057808110444,1,0.0,-500s control fits as well or better
scan-hop-dc5eb69c6fabf708,sha256:2b0a59b0fd114d5c778163e776fdf1640b50e9e12cb1880c8b5f48c7d219ff9f,4,upper,180.561071144,204.983748687,24.422677542999992,49763,100.40527137849982,55.4528559929951,1,-1.0,passes descriptive checks; candidate only
scan-hop-dc5eb69c6fabf708,sha256:25839802f1f0e1c1b879716cefa3088a805ae698aa8bd1f1788279103d36ae78,1,upper,199.319687633,225.153072542,25.83338490899999,60737,90.56847484099897,179.58282207678442,1,0.0,passes descriptive checks; candidate only
scan-hop-dc5eb69c6fabf708,sha256:5d88903fc95ef781da9c65fa631e06ae41b154f42c1b7c8d46d50768a5c40b1d,1,lower,199.57169009,228.302406964,28.730716873999995,60737,29.117926201796205,129.4807009658986,1,0.0,passes descriptive checks; candidate only
scan-hop-dc5eb69c6fabf708,sha256:c89a1b587aaaabef588cf7aeeaab3b98fa88fd88e2e638fde0eefc0cb6b0e3eb,2,upper,206.494410871,229.937650043,23.443239171999977,60737,34.60659843519572,184.4169445795444,1,0.0,passes descriptive checks; candidate only
scan-hop-dc5eb69c6fabf708,sha256:a346487220bcfbff0a41720264bbe621b9d11638feda9f6522f12119d98f5770,3,lower,233.347333551,255.758040585,22.410707034000012,59567,24.572801892670658,200.26041323122266,2,0.0,leader changes on heldout; 500s control fits as well or better
scan-hop-dc5eb69c6fabf708,sha256:f87a654ba66e6320450648d07bafaf8245eba2f15af84a1bcc55efe6bea378f1,4,upper,240.393779148,283.876597388,43.48281824,59567,69.74144227752845,220.24218759467732,1,0.0,passes descriptive checks; candidate only
scan-hop-dc5eb69c6fabf708,sha256:61d1c9212da983f583e5a90832d07a58d4b0169b03149fe6d7869bf50479ec6a,3,upper,243.539291361,268.631776291,25.092484929999983,63842,88.81217244517647,29.49360058396025,1,-1.0,passes descriptive checks; candidate only
scan-hop-dc5eb69c6fabf708,sha256:b9a429ac0e5b1d93c50c76fae69e0481119fec72a51e156f6bf7965f4836c76e,4,lower,258.407761656,280.22895737,21.821195713999998,59567,35.00372479346421,32.07399697307358,1,-1.0,passes descriptive checks; candidate only
scan-hop-dc5eb69c6fabf708,sha256:66a7e9ff7fe2b82cec1d956350205904bb39073892708a55ac49b43c8c481e06,1,lower,29.363616393,51.1689728,21.805356406999998,65509,30.39751915786274,66.75672315025433,1,-2.0,passes descriptive checks; candidate only
scan-hop-dc5eb69c6fabf708,sha256:d3f9ade91d48c40e4578244223ccf96e1c9476fcfb153f916a5c9a026dd717bd,1,upper,29.866284975,51.419639083,21.553354108,65509,64.89983441300342,312.3493554277461,1,0.0,passes descriptive checks; candidate only
scan-hop-b92871e1644b09d0,sha256:ca59a9e96635b9013362634e952b382b0a4dc9788c208db3595b6a68b069fe6a,2,lower,22.204218119,60.868328185,38.664110066000006,67589,548.628926343771,489.66584915202566,1,-3.0,passes descriptive checks; candidate only
scan-hop-b92871e1644b09d0,sha256:fc3a866299d5fd73331e59d3793e204021ea049134992f7e8a1c90285c13ab62,2,upper,23.588229227,58.086999368,34.498770141,67589,501.3572722195527,371.48857302171973,1,-3.0,passes descriptive checks; candidate only
scan-hop-b92871e1644b09d0,sha256:8953c4b59463613d186c5a779aa2b89e622d5a546d1b3a5b81d19a042a92c36d,1,lower,119.689409032,144.885762722,25.19635369000001,63844,21.7830084727935,137.55961222370442,1,-2.0,passes descriptive checks; candidate only
scan-hop-b92871e1644b09d0,sha256:b34b003ac3c0496ceb1ee9090bfb4250cff4656d7b1e3e589c4f592c94be9528,1,upper,119.940359661,145.135095578,25.194735917000003,63844,34.18789375396481,194.32697598779492,1,-2.0,passes descriptive checks; candidate only
scan-hop-b92871e1644b09d0,sha256:43166ce20900dd6bd03c2cd020de28cd8733218c2bbfd47d6c9ef510d08e13a4,2,upper,134.174979798,186.590541341,52.415561542999995,59565,140.53676422095737,158.6018552844889,1,0.0,passes descriptive checks; candidate only
scan-hop-b92871e1644b09d0,sha256:9e1323c507ed721a183d07ffd44fb16eea4b689299f4b7cf57fe229dd73e28ed,2,lower,134.426982154,187.096374877,52.66939272299999,59565,143.59153304586616,165.36530291417833,1,1.0,-500s control fits as well or better
scan-hop-b92871e1644b09d0,sha256:87590df91e69df122a4b2d2a104be4dddec8404e83a7031354d9ad1ccc8b7870,4,lower,214.216357389,238.788542331,24.572184942000007,63850,56.76008578408538,207.7262513598525,1,-1.0,-500s control fits as well or better; 500s control fits as well or better
scan-hop-b92871e1644b09d0,sha256:f0f8a6cca0d0e758b9f39d5609859ac232aac34d8ae14cf1a5f69ac8121b2a01,4,upper,217.624393165,238.536206654,20.911813489000025,63850,58.94504659218561,172.5289528514423,1,-1.0,-500s control fits as well or better; 500s control fits as well or better
scan-hop-b92871e1644b09d0,sha256:c9d9a334569a12b290730e970e4265b6ea7c2804d5eede4752bd30bb425156e3,2,lower,254.525814575,283.771290646,29.245476071000013,67605,134.34890186259557,291.9065360681687,1,-2.0,passes descriptive checks; candidate only
scan-hop-b92871e1644b09d0,sha256:dd01067ccfb3c254531d4fbb77b5e857ba50fc143b65ec19a78cf6fc0b72da25,2,upper,255.285819945,283.517958173,28.232138228000025,67605,179.81504902066197,304.5183487699927,1,-1.0,passes descriptive checks; candidate only
scan-hop-b92871e1644b09d0,sha256:fdb5660283081be66b3afb524de4728034a132f30c693f53eea2eb72929b2e3c,2,upper,2.665339552,23.588229198,20.922889646,57602,104.13746575568416,411.2321723436881,2,2.0,leader changes on heldout; radio drift fits as well or better; -500s control fits as well or better
scan-hop-b92871e1644b09d0,sha256:6d5f63158af33a2613f10d0ed6470ab6bcaff2e25aaa33c0b139fad735540013,2,lower,104.053628687,134.427053275,30.373424587999992,63844,82.05687610360296,161.58246522139586,1,-1.0,passes descriptive checks; candidate only
scan-hop-157c185070779e8c,sha256:5a76adef43092e92f9137727658420d98f2e501bcaf4eaac8799c159fe6cf8a0,4,lower,53.309610536,73.712365798,20.402755261999992,65921,40.05780004785265,42.12007299904334,1,-1.0,passes descriptive checks; candidate only
scan-hop-157c185070779e8c,sha256:33a73e9081729d58e0b8ae3b2b2ca622290593682827b2565bcffedf6a81dbf0,2,lower,89.466875467,114.662972746,25.196097279,58075,61.66919394873896,114.47603778221894,1,0.0,passes descriptive checks; candidate only
scan-hop-157c185070779e8c,sha256:b0bdd2007854d5a133ef9f97e22d272642868361ae99bf82d4ea6d9c99bc5e80,1,lower,133.568240636,162.274821099,28.706580462999995,67594,31.16918517387657,69.30139422211835,1,-1.0,passes descriptive checks; candidate only
scan-hop-157c185070779e8c,sha256:1e430a0ac5340bb100d5fe37e878210f46f76df1564716d129add0cc55c65dc7,1,upper,134.072211853,161.510826809,27.43861495600001,67594,62.62379440960547,45.875572437354734,1,-1.0,passes descriptive checks; candidate only
scan-hop-157c185070779e8c,sha256:863a506e4d69538398cd83e828a6a214022fceed250baceecb9626a122144b22,2,lower,187.717717039,215.712407895,27.994690856000005,57515,59.536964973956714,33.04965519340979,1,-1.0,passes descriptive checks; candidate only
scan-hop-157c185070779e8c,sha256:c749321cab23b49442a7d62e5b805677f0d3bddc80ed5a8a0b923602f0cc1298,4,lower,198.309567622,223.522686085,25.213118463,63845,63.117883650151896,183.56275430676578,1,-2.0,passes descriptive checks; candidate only
scan-hop-157c185070779e8c,sha256:a4f9959ba0de750b73237a900e71bb2281c47a631ca6c3140b1183241292377e,1,upper,200.074998371,230.321668209,30.246669838000003,63845,73.80855905230189,206.6410210115898,1,-2.0,passes descriptive checks; candidate only
scan-hop-157c185070779e8c,sha256:56f261936d56923bcc76f7b7b3949000ae0302e5b4a8f6b0c3b0486adc35d9ea,1,lower,201.080675152,230.447001778,29.36632662599999,63845,116.04906656460071,136.04635797539194,1,-2.0,passes descriptive checks; candidate only
scan-hop-157c185070779e8c,sha256:3202c6efa7e260525b0f3f0d525b013d60f48dd5cec6f5d176ac477ba34194fe,2,lower,241.927165112,276.20439328,34.277228167999965,58101,38.17145818391948,2156.535775644899,1,1.0,radio drift fits as well or better
scan-hop-157c185070779e8c,sha256:df7d4e23a0417d86ca63b6f608e0a8ff1bae0d07df79f520d5c636ac6749ced4,3,upper,254.665088649,274.819823035,20.154734386,59574,14.5640293260074,1826.7444277286618,3,0.0,leader changes on heldout; 500s control fits as well or better
scan-hop-157c185070779e8c,sha256:ed1cfb6665a555ee0b2b389d81740364707b45ed1846c9a924751d7dacc9e275,2,upper,254.791077327,277.9643856,23.173308273000004,59574,669.1870164232598,648.68883261965,1,-5.0,time-shift boundary
scan-hop-157c185070779e8c,sha256:98630ad987193e0832be525d7316c12e7af7f3bec69770f5ad2b10ee8b07bcdb,1,lower,274.064550431,299.756608807,25.692058376000034,65376,28.550332584607478,58.10041048744313,1,0.0,passes descriptive checks; candidate only
scan-hop-157c185070779e8c,sha256:d486d4f8eba18132db6909264f3d2e7d028ff9a16f58a179ffcf09afec6ecc32,1,upper,275.699904887,300.008608377,24.30870348999997,65376,107.6622104778723,63.56840328414367,1,-1.0,passes descriptive checks; candidate only
scan-hop-002263e74ae412da,sha256:93313a0f43fafa9f250a02c2b0226f2d51d5eafb2ff97de7dc9a895bdcfa320e,1,upper,44.598746891,73.805967398,29.20722050700001,58117,63.83990681712569,126.73704889246817,1,0.0,passes descriptive checks; candidate only
scan-hop-002263e74ae412da,sha256:18a8d36314e20019c83f47161707037d76813a23cc5f64b921fc830b597b8c09,2,upper,44.723263928,73.931346593,29.208082665,58117,44.948167800087994,116.95581615489185,1,0.0,passes descriptive checks; candidate only
scan-hop-002263e74ae412da,sha256:d69737408211080818f1635f6d36dadf0786b6a0ad1390bffc2a72164a86f40d,2,lower,44.975264749,73.552680547,28.577415797999997,58117,39.346983015893734,106.6978776171821,1,0.0,passes descriptive checks; candidate only
scan-hop-002263e74ae412da,sha256:3487e3e205a808df3a0fcab35c69d5c3958e88ed61313f461e2aaac0ed2e4a6b,1,lower,47.365880966,73.42734965,26.061468683999998,58117,34.573700698360206,110.8048068028138,1,0.0,passes descriptive checks; candidate only
scan-hop-002263e74ae412da,sha256:b48bdd8ca8ec7a1f2ef02f77445094c0a5c6d5d1e1bc9c251315d7b3bc6ce367,4,upper,61.97146791,89.297952629,27.326484718999993,56498,72.81373377249888,88.51027661246393,1,-1.0,passes descriptive checks; candidate only
scan-hop-002263e74ae412da,sha256:9253480bcfbe97eead594b31899aae77b5c402b8761b10f98c34a5e427ab0852,4,lower,89.045117749,117.533407811,28.488290062000004,65371,39.66007126063485,237.34556847579276,1,-2.0,passes descriptive checks; candidate only
scan-hop-002263e74ae412da,sha256:d29427f8c9c3524ce901ef14de1eead19850e0c42872ef036ef1e61e5d98dabe,4,upper,91.316658861,117.789985792,26.473326931000003,65371,31.733740055078755,72.01212261385218,1,-3.0,passes descriptive checks; candidate only
scan-hop-002263e74ae412da,sha256:e1257e9a894cc31fc5ca143f40ce2d368a8f1fc5bbe22dc2856131eeec330488,3,upper,103.16323518,123.717796704,20.554561523999993,57622,74.92299097863723,172.2884681225,1,0.0,-500s control fits as well or better; 500s control fits as well or better
scan-hop-002263e74ae412da,sha256:634816e0b658a9c8f15eb3b781ed58862de60e4e9c07275e65a17d10e19c47ea,1,upper,131.421902201,165.803378921,34.381476719999995,58679,38.46031332455739,39.8160975530013,1,0.0,passes descriptive checks; candidate only
scan-hop-002263e74ae412da,sha256:571e7b9f7bd885a4e6c5739dce8967badb03fa8666f3f2893f0ad30c9576a5d1,1,lower,133.056583202,154.342925457,21.286342254999994,58679,70.699233212484,43.40499706248756,1,0.0,-500s control fits as well or better
scan-hop-002263e74ae412da,sha256:c739f579ae305000ef2303f9d65898b746fffa456978d18b39b648958f3184f6,2,upper,161.39659383,211.288476075,49.891882245000005,57498,72.60798899855682,104.82257058116204,1,2.0,passes descriptive checks; candidate only
scan-hop-002263e74ae412da,sha256:360dcb1ed6f03ce39b50bce8f6757de93beadfc8c120f6a1822a8b96dadd6361,2,lower,162.025933044,210.030017638,48.004084594000005,57498,62.983593868862194,108.01840286674802,1,2.0,passes descriptive checks; candidate only
scan-hop-002263e74ae412da,sha256:dc68794cd5494d1a0727a02f0f518ce49d0e72fab152841599e2fbcbcbafcc70,1,lower,164.41928783,190.384601048,25.965313218000006,57498,53.19616190109177,97.49579135010565,1,2.0,passes descriptive checks; candidate only
scan-hop-002263e74ae412da,sha256:7d4a1a779bcf7083b0538be632fd594c5918139888ca015ea4a138a9be058138,4,lower,171.349984819,206.378036684,35.02805186499998,57498,66.78908677345449,227.70867272407884,1,1.0,passes descriptive checks; candidate only
scan-hop-002263e74ae412da,sha256:42dff25f833fa4124912d4926b8c98cab57312ef45f7a99bca66580a671ee065,4,upper,179.404716469,204.364078783,24.959362314000003,57498,64.59461801642101,51.289684268785635,1,2.0,passes descriptive checks; candidate only
scan-hop-002263e74ae412da,sha256:1d755d7d8746d4707b96b3788ffdb2388d37323b532c635046bf8b06edf0006a,4,upper,246.960409556,277.225780577,30.26537102100002,49151,34.044836995689906,106.78413754274607,1,-1.0,passes descriptive checks; candidate only
scan-hop-002263e74ae412da,sha256:3b0643d372ea0758f0348f9e8446982274c0e30600f054ee9c782d4990f5f47f,4,lower,250.112204368,276.091117169,25.97891280099998,49151,33.44885057335063,99.66027138002083,1,-1.0,passes descriptive checks; candidate only
scan-hop-002263e74ae412da,sha256:de9d018f57d91ba48fa5d1e920ff44f045c3486c91fc58dbab8b5930a00ca060,1,lower,273.322025007,298.384407277,25.06238227,57511,84.38994967585072,163.78797138313337,1,0.0,passes descriptive checks; candidate only
scan-hop-002263e74ae412da,sha256:f37030041273c01f054120a7c4b43d548a886e508fff146253601322653c73b2,1,upper,273.57393796,298.635503454,25.06156549399998,57511,94.4833997628596,181.27302249453493,1,0.0,-500s control fits as well or better
scan-hop-002263e74ae412da,sha256:c94f262e8fbfe9c31016b2e286a792e2055f8a35cc1da7cdcb4923247c07fea9,4,lower,62.476798768,90.058104681,27.581305913,56498,39.20054388575967,78.88923925041954,1,-1.0,passes descriptive checks; candidate only
scan-hop-002263e74ae412da,sha256:21267792a8d2faca680ce1e269b2f2ab2dbeccc4c918e6f71a4fc764657f6561,1,upper,164.293953418,194.166831125,29.872877706999986,57498,49.46866875501225,79.45376203752517,1,2.0,passes descriptive checks; candidate only
scan-hop-002263e74ae412da,sha256:c894089b60d13422d9c787701cfa89a3865fd1cc8776486765a057c571671534,4,upper,89.297823361,111.867811377,22.569988015999996,48116,57.808917471279585,24.663088984583705,1,0.0,passes descriptive checks; candidate only
scan-hop-ed11f2f4c5f9c6d5,sha256:94cc6ee478a863e794c8075b75af347f5ea4029b6db4a7d8aea5b79b74dbc139,1,lower,24.09835051,74.115741566,50.017391055999994,57495,57.50068387876889,71.32131471327502,1,0.0,passes descriptive checks; candidate only
scan-hop-ed11f2f4c5f9c6d5,sha256:7133b82e46ec22644373e8c1cf2113411b4ea028240239d29976c86736b49f94,1,upper,24.474353888,73.612411577,49.13805768900001,57495,80.97497495459743,56.34886585945449,1,0.0,passes descriptive checks; candidate only
scan-hop-ed11f2f4c5f9c6d5,sha256:1ec092c76d7a4c51542ae463f43025407d49d73bf52d982f4580f8b16e14625f,1,upper,119.487828226,151.08789494,31.600066714000008,58669,24.89215718886985,96.54979780816674,1,0.0,passes descriptive checks; candidate only
scan-hop-ed11f2f4c5f9c6d5,sha256:8aebc0c4d80f6fd7a95e3cca3df5a3bcecd298a8525e465c5572134db18c942f,1,lower,119.612647921,149.702564182,30.089916261,58669,103.87545236506449,87.9267992128701,1,0.0,passes descriptive checks; candidate only
scan-hop-ed11f2f4c5f9c6d5,sha256:2abf3a4f9748200b2a6e62a325b7c3f1e65ebcc502c5963b5e20a7b177277b9f,1,upper,233.845249612,254.010713119,20.165463507,65356,78.13864061802751,85.56478532739894,1,1.0,passes descriptive checks; candidate only
scan-hop-ed11f2f4c5f9c6d5,sha256:424f54905a14718bd06a07f1033b3ca23321bfc5820e29c2af62d27066714452,4,lower,256.413182284,283.863810744,27.45062845999996,57516,69.32833162761212,127.88787491942927,1,0.0,passes descriptive checks; candidate only
scan-hop-ed11f2f4c5f9c6d5,sha256:dabc3f7022309b3083186303c6b72d080d16cec83d3495a5c259bacb31231bf6,4,upper,256.789186065,283.737354696,26.948168630999987,57516,68.65457235551087,116.32978571753105,1,0.0,passes descriptive checks; candidate only
scan-hop-ed11f2f4c5f9c6d5,sha256:0c252a48782cb62733aa0d99da3aaf9ab5bd9f035178edc1f798ab9df14c0011,2,upper,260.816743139,290.787048348,29.970305209000003,57516,67.94374108479052,74.835108638597,1,0.0,passes descriptive checks; candidate only
scan-hop-ed11f2f4c5f9c6d5,sha256:d92cc3a91b140758d19a50ef55d978083189b50124c74b1776f3fa9b093ed6ea,2,lower,261.193228907,298.591128475,37.397899568000014,57516,57.795814377266076,49.47096662848134,1,0.0,passes descriptive checks; candidate only
scan-hop-ed11f2f4c5f9c6d5,sha256:0753e0aea6b57a715fcc5d71bd40d5b829a676b79209c19a001f2c5133b55c21,1,lower,254.514495922,279.07066091,24.556164988000006,57516,72.72346992844379,166.06750599081857,1,0.0,passes descriptive checks; candidate only
scan-hop-51307ad2476e5cc2,sha256:35b0ff9814eaf86b05f0c70d89293fa86fc6e1957bad65f1a86577ea5e1284b4,4,lower,5.425019623,27.591839442,22.166819819,62481,66.9210744011068,136.13483001809203,1,-1.0,passes descriptive checks; candidate only
scan-hop-51307ad2476e5cc2,sha256:336855ae3823a3074bdbc628981776b119cb4916a14b68bd95f760556362f435,2,upper,96.347349887,123.806635285,27.459285398000006,58689,77.0138107331122,151.5329746239306,1,0.0,passes descriptive checks; candidate only
scan-hop-51307ad2476e5cc2,sha256:80eae5fad94fc47a57a8c59638d565aab3f76ab32404e572e2e4310b803ea330,4,upper,123.555888159,149.157370421,25.60148226199999,60917,55.79614864484984,62.327227521332006,2,-5.0,leader changes on heldout; time-shift boundary
scan-hop-51307ad2476e5cc2,sha256:93e94ad04c51d9deb04e310ad67f7f298c3a606cefc0a4ad3b66f370e6ba2250,4,lower,123.682293923,148.528035937,24.845742013999995,60917,40.09333536281812,36.690184069688264,1,-5.0,time-shift boundary
scan-hop-51307ad2476e5cc2,sha256:1b5f77c70b728298efb35524c9308133e63be5e05083bbba2559a4c2c3a0c79f,2,lower,124.058559655,148.905370254,24.846810598999994,60917,41.19769820853819,98.50358114522442,2,-5.0,leader changes on heldout; time-shift boundary
scan-hop-51307ad2476e5cc2,sha256:6da7533f5fb65fee90b3210b4e1f22ccce5b29f2d8ede19f08b173218213aad2,2,upper,128.849268595,149.032037084,20.182768488999983,60917,31.46949596123023,73.98777047468351,2,-5.0,leader changes on heldout; time-shift boundary
scan-hop-51307ad2476e5cc2,sha256:de0e746939bfd7b18072316be1bb5ffca445f8f98ecb6097aa8e7324e60d0b39,1,upper,134.270114466,170.194687671,35.924573205,62849,97.24934334499538,130.44720319155093,1,-2.0,passes descriptive checks; candidate only
scan-hop-51307ad2476e5cc2,sha256:85e1b1009aa75aca9954b98cbcac3214e6e3c0cc6312f1d25b9b3dfc105fda94,1,lower,136.543642411,169.816022557,33.27238014599999,62849,44.49951142666976,57.07017899381494,1,-3.0,passes descriptive checks; candidate only
scan-hop-51307ad2476e5cc2,sha256:0726eb25f269bf7040621ea4a28ee1a5616b729dbecba66594db450b4704e53b,2,upper,211.281416169,232.943365287,21.661949117999995,66983,19.528351936384794,241.0666728332253,1,-3.0,passes descriptive checks; candidate only
scan-hop-51307ad2476e5cc2,sha256:406b3a4524fd15ce134e9b93c3f6a47ea85de282d61dea2060a82adbd46bfc4d,2,lower,211.406749632,233.06803122,21.66128158800001,66983,13.298791795077193,87.40208222864497,1,-4.0,passes descriptive checks; candidate only
scan-hop-51307ad2476e5cc2,sha256:a5480b35d43c8aabb30996861480002a987e76b7530c380b6a6d7023a53423f7,2,lower,95.591836343,126.078216323,30.48637998000001,66259,69.06762334298983,471.7698910915631,2,-4.0,leader changes on heldout
scan-hop-77d48b1a4eb9be93,sha256:fdb2049e603a7e46c3ed541782727882ab53bf054cca0e91db959332c6f29e57,2,lower,68.693596592,94.294542036,25.60094544399999,66977,24.293619885266846,141.92104375976135,1,-1.0,passes descriptive checks; candidate only
scan-hop-77d48b1a4eb9be93,sha256:b6b2ab0d78d6f6527d394a5077c51febabef3e0ce122e5d7a34e8c7264fd29d3,1,lower,142.147005892,167.712319772,25.56531387999999,64026,116.98468543076521,4503.563745355535,8,-1.0,leader changes on heldout; radio drift fits as well or better; -500s control fits as well or better; 500s control fits as well or better
scan-hop-77d48b1a4eb9be93,sha256:aa1c78e157e98dbafcb636fc5dae1c56db1a9f4c3e3b15f2008c024bb0fdb029,4,lower,143.533641859,164.187039657,20.653397798000015,64026,35.62137352176705,33.58096161078436,1,-1.0,passes descriptive checks; candidate only
scan-hop-77d48b1a4eb9be93,sha256:cbcdd4a22cb804199d1de628655407923dbadf948c9517dad30f3fdd7a75f35c,1,upper,143.660343262,163.684378511,20.024035249000008,57844,49.36123566089533,317.7119460951104,2,2.0,leader changes on heldout
scan-hop-77d48b1a4eb9be93,sha256:f1bb043dc425f6c10d743e3e5effb1396c21a285178d53fa7f1773c543144bda,3,lower,173.517630314,223.237647669,49.72001735500001,66968,64.59116340688179,215.10361738457647,1,-4.0,passes descriptive checks; candidate only
scan-hop-77d48b1a4eb9be93,sha256:a1f5a4b43ec0d09c5284c693da1080f61860d95a7bfb15103626b6795484e5e7,3,upper,176.037124917,221.225532373,45.18840745599999,66968,79.59214782701468,214.19238403668314,1,-4.0,passes descriptive checks; candidate only
scan-hop-77d48b1a4eb9be93,sha256:d05cf90a311599036c651a6b7e6e961f50c98f497879eb1418082b880b251a1d,4,lower,176.288213075,208.519066257,32.230853182000004,66968,29.565414020617197,42.78247948363045,1,-4.0,passes descriptive checks; candidate only
scan-hop-77d48b1a4eb9be93,sha256:1a272293fb32ee600b42ae66f3557ee41a5dc1956a0555f93950337cc1477ab3,4,upper,179.184324797,207.889734297,28.705409500000002,66968,81.11014035383157,53.144354548071085,1,-4.0,passes descriptive checks; candidate only
scan-hop-77d48b1a4eb9be93,sha256:35a23bc66da558c11ec2c211fa10931368163f361d763edfe0966274d25bad64,1,upper,273.933777305,297.625838228,23.692060923000042,59199,24.285409306405242,126.03277355566888,1,0.0,passes descriptive checks; candidate only
scan-hop-2a9d97c91ad3a83e,sha256:b035e5d992b1e6c9d4069d411583b89edeb66129b54f622475b9fd5521d8d586,2,lower,44.729705242,73.823110298,29.093405056,64037,67.59323437925971,102.6376084554163,1,0.0,passes descriptive checks; candidate only
scan-hop-2a9d97c91ad3a83e,sha256:80603113c922bead742443e6da3444c26fc595d9fd649aa610fe4e6b655ca943,4,lower,45.4856625,75.205764191,29.720101691000004,64037,56.63627612449345,40.4069888364446,1,-1.0,passes descriptive checks; candidate only
scan-hop-2a9d97c91ad3a83e,sha256:8f30df734e0267d3225c18bb7e0b59b92d501f5cbe2e6cf7ecdac9a6237319a5,2,upper,46.364367501,73.188444391,26.824076890000008,64037,59.91364027700732,97.58081569505173,1,0.0,passes descriptive checks; candidate only
scan-hop-2a9d97c91ad3a83e,sha256:cfee6ba02dbc3f36d0bd40816c8da7b4218ec0f646168c40a132b1a240532fb8,4,upper,99.878511067,123.81255675,23.934045682999994,66255,24.614463233209342,124.83358504101372,1,0.0,passes descriptive checks; candidate only
scan-hop-2a9d97c91ad3a83e,sha256:39f53f9872bca605c98e0d15155352e52242b43fe2f0c2e6e8e310bb737b5264,4,lower,101.513762552,126.58457019,25.07080763799999,66255,23.402496026608986,116.65932321996513,1,0.0,passes descriptive checks; candidate only
scan-hop-2a9d97c91ad3a83e,sha256:981a175a5353cdfb7da6779ca8b0b0e534e5a7c590c6d85d433b4a21c1ef0a8d,1,lower,168.168524232,204.825998818,36.65747458599998,68257,27.266835382131045,188.52103758623466,1,-2.0,passes descriptive checks; candidate only
scan-hop-2a9d97c91ad3a83e,sha256:cd150dcb600d221757e5627e68784cbd05a5510c77f890c4b14877050f47f426,4,lower,169.300534399,211.121951872,41.821417473000025,68257,105.52388010320944,181.60986946052213,1,-2.0,passes descriptive checks; candidate only
scan-hop-2a9d97c91ad3a83e,sha256:8faa687639786d0f1994194a25cc24da9038d45c3ee3458857ba89fc74325c67,2,lower,169.426878897,211.373986854,41.947107957000014,68257,87.19116775183512,173.02391945191306,1,-2.0,passes descriptive checks; candidate only
scan-hop-2a9d97c91ad3a83e,sha256:5cf167dd4797b6e53dd5d26990e043a417d37921692428c4e1d44f3f10eb10df,4,upper,171.690979736,210.619286849,38.92830711299999,68257,49.45896021368684,170.48390521510132,1,-2.0,passes descriptive checks; candidate only
scan-hop-2a9d97c91ad3a83e,sha256:dae459f45bb6df8d6bcbbb839d1ab79a14282e82f53a705d61dde9e7fab1c8e6,2,upper,174.711128335,209.73799196,35.026863624999976,68257,82.49479439436558,191.8725922294866,1,-2.0,passes descriptive checks; candidate only
scan-hop-2a9d97c91ad3a83e,sha256:572e09f88035eda0bebc72b0d2ed5ece6d8e9d30e66163e115a002edf9892d57,2,lower,194.371003552,233.539250108,39.168246556000014,58055,42.038371812581296,310.605974357363,1,0.0,passes descriptive checks; candidate only
scan-hop-2a9d97c91ad3a83e,sha256:7f931bf510bb6d7d835dc313bdbc5bfd84d319e2659e4439be30c30282c258cf,2,upper,194.74967263,227.107233705,32.35756107500001,58055,31.49637582591676,186.8987620116798,1,0.0,passes descriptive checks; candidate only
scan-hop-dc538fa7df739a79,sha256:5bbb7b5a6fbbfab82c6de9574a8c6f160d30bc28ba8d3901f01b8c9d0d153637,1,lower,48.241536719,73.92876059,25.687223870999993,59027,36.74038283287876,110.01335879697467,1,0.0,500s control fits as well or better
scan-hop-dc538fa7df739a79,sha256:dfaf8cc85f2680ee265871f893c2bb6e2ebef54cb63ce9a3ed0bb245b825be88,1,upper,48.618207304,75.060809456,26.442602152,59027,96.29058439479617,82.74078797590865,1,0.0,passes descriptive checks; candidate only
scan-hop-dc538fa7df739a79,sha256:e113ec6ce703fe64d502f9f1fd83660f6f37d309ff35d4689661d8b822eb978d,3,lower,96.375694734,117.777920694,21.402225959999996,59460,25.219344281666196,46.822915607495204,1,0.0,passes descriptive checks; candidate only
scan-hop-dc538fa7df739a79,sha256:ab55a08744e11d43032a9ad986223bc4b1783939561c742fd299cdeaef31bc8c,1,lower,137.172588856,174.717174265,37.54458540900001,68245,69.28720528050444,76.67270368132365,1,-1.0,passes descriptive checks; candidate only
scan-hop-dc538fa7df739a79,sha256:492409c895433cf2a2f53ecf8a1635ced4ebe8b91ff87c1b9ac6255e518f6be9,3,lower,137.550407532,174.339783774,36.789376242,68245,77.8106784503348,53.151031138328285,1,-1.0,passes descriptive checks; candidate only
scan-hop-dc538fa7df739a79,sha256:dfaaa5d8c368218f459c8cc04d3e639198d49626c49bc5eb9c8dfc1cebb7f7d2,1,upper,137.675731858,175.598504354,37.92277249599999,68245,74.41944267721978,80.24894290367271,1,-1.0,passes descriptive checks; candidate only
scan-hop-dc538fa7df739a79,sha256:47a1a7d004b6cac32efc6ec8c2128aa68bf9c9253fd17fe22e2d562951d9390d,3,upper,138.937085865,173.077119473,34.14003360800001,68245,63.754524389248836,48.16082077878239,1,-1.0,passes descriptive checks; candidate only
scan-hop-dc538fa7df739a79,sha256:b1d6c66ebfbb7a10b2cc2ae343241c52c6909f1c8628ec705b08b6b067fb78ba,1,upper,182.519790065,220.174515734,37.654725669000015,62303,62.065776422336505,106.77162970326137,1,-3.0,passes descriptive checks; candidate only
scan-hop-dc538fa7df739a79,sha256:d99d47e2c7ede6de1f7377eb9c7bde372c9bd1c0e4385ef46fbd2530946cc7dc,1,lower,184.283804853,216.649201041,32.365396188000005,62303,45.220253454459176,85.23253828636487,1,-3.0,passes descriptive checks; candidate only
scan-hop-dc538fa7df739a79,sha256:1a2a9f86ebdb4b8afaed737015c09f26a7a799d0bad4bdbb9922ffe6dbf99065,4,lower,206.823161877,239.225126623,32.401964746000004,63324,24.584966708939188,23.933035051543207,1,-3.0,passes descriptive checks; candidate only
scan-hop-dc538fa7df739a79,sha256:90e92183766468ee9dd78c9fb534de071cb3ae394b436488d42508b9848af2d4,4,upper,207.201130888,239.351792622,32.15066173400001,63324,81.67003592431202,32.324022678555025,1,-3.0,-500s control fits as well or better
scan-hop-dc538fa7df739a79,sha256:2afb2009d64d210c552c81ad5352fddfe2768eceb99f118f1ee3058f69f00561,1,lower,255.341841474,277.642430377,22.300588902999976,66975,37.55819795740607,69.74816401248307,1,-5.0,time-shift boundary
scan-hop-db129c9469a5a8b2,sha256:4f86e4b3ec14533baa114a2a22d682bd1be7c739eab0cfa12bca3ee8e9407ece,3,lower,58.773047296,88.626431637,29.853384340999995,53161,40.00342577561311,69.88037309430162,1,0.0,passes descriptive checks; candidate only
scan-hop-db129c9469a5a8b2,sha256:4a8044af028d3543b80fdac9c28529ad537b3636e7c2971fe36bb2cc89db06f2,3,upper,59.025049011,88.375765872,29.350716861000002,53161,62.60934054315921,49.64148699809664,1,0.0,passes descriptive checks; candidate only
scan-hop-db129c9469a5a8b2,sha256:a2d766d3da0056d1977f123870ca09013ebfe66018a94056f99b8f34925e3112,3,lower,118.978444516,148.830492583,29.852048067,65881,176.85951333873592,44.36811494138681,1,-4.0,passes descriptive checks; candidate only
scan-hop-db129c9469a5a8b2,sha256:409cfdeaaf1e19e8173e256cefc96b1e2b199c3b523784c671fedeab74ed39d0,4,lower,143.034362366,169.367808357,26.33344599099999,62313,19.2131074092191,120.13487099158819,1,-2.0,passes descriptive checks; candidate only
scan-hop-db129c9469a5a8b2,sha256:97af68796b4272c3b014a873aec76fa1d8c457b8413d5b6efc6b3e1505e35a4d,4,lower,173.897118738,195.571880491,21.674761753000013,64742,16.901399686504394,61.10019716820472,1,-3.0,passes descriptive checks; candidate only
scan-hop-db129c9469a5a8b2,sha256:d7ea0ad7f6e1d3be172a40fbcbedd1ab20c5752c2b0a99aee2b23851004b4e0a,2,upper,180.066470445,200.115884381,20.049413936000008,64742,31.320207187000918,69.29556670087874,1,-3.0,passes descriptive checks; candidate only
scan-hop-db129c9469a5a8b2,sha256:1bb5b6783920c5b02cdd41d399301dcb5a9ce02ed6ace5c3197319e841da1d4d,4,upper,269.538370359,298.759772523,29.221402163999983,58056,89.28420097578424,41.45974585783375,1,0.0,passes descriptive checks; candidate only
scan-hop-db129c9469a5a8b2,sha256:da29a4c6534c39322a443ed89012bfa1c30826eb91da7f32d90a7f4a3778ae1c,4,lower,270.167707916,298.509106402,28.341398486000003,58056,21.731748102602992,135.7578924577248,1,0.0,passes descriptive checks; candidate only
scan-hop-423aa9b751e8a3f5,sha256:bb385129bad42903142d610b603a9afc1155050feea013c960edfcb58046dfbf,4,lower,74.581995066,100.403470887,25.821475820999993,65878,36.80458715532738,95.3965419940009,1,-2.0,passes descriptive checks; candidate only
scan-hop-423aa9b751e8a3f5,sha256:3a2cb9744b055cbf79ab60c4ee37293bdd44396e98b6f5252a13e3a7ae82825e,2,lower,80.378010277,103.800380653,23.422370376000003,65878,38.764607867949316,75.55432423662853,1,-2.0,passes descriptive checks; candidate only
scan-hop-423aa9b751e8a3f5,sha256:ec9d7bf9c5546b697129fc683afa2000e39ab3297f870fb68e3710cdfac8f2cf,2,lower,108.83808244,149.196871017,40.35878857700001,65021,86.87504397110966,98.27530143185953,1,-1.0,passes descriptive checks; candidate only
scan-hop-423aa9b751e8a3f5,sha256:6cf34fc7732690321fc71076a14c77d85fb24ae868a8f3b2020cbc21e458defb,2,upper,109.97542642,148.43554074,38.46011431999999,65021,80.58878248546013,61.76800192658593,1,-1.0,passes descriptive checks; candidate only
scan-hop-423aa9b751e8a3f5,sha256:6036630194dd0603cb70881d2fdaebc336a675e718490e18016127e4a8b2905e,4,lower,259.424720276,282.618984453,23.19426417699998,65865,92.09474599577071,292.2762722518034,1,-1.0,passes descriptive checks; candidate only
scan-hop-423aa9b751e8a3f5,sha256:c6e9295dfb9f24f33cf92450823b5108c1fc42196f2a9629987dd16267f4f543,4,upper,261.184739007,283.754234781,22.56949577399996,65865,85.70364489101829,245.31151155277917,1,-1.0,passes descriptive checks; candidate only
scan-hop-423aa9b751e8a3f5,sha256:0d14d26efc74f49e0b70e38a77027728e44b4f425bf6296f3d41d50e8dfcff00,2,lower,137.234029819,164.558042221,27.324012401999994,64725,38.96366873044326,79.22840813760612,1,-5.0,time-shift boundary
scan-hop-aab019dd63812034,sha256:ed6d6d809333bb69f028b97b8ecebc3bb27e6cd3425ccd18ac3976eb8ec22f04,2,lower,29.880989685,52.042564833,22.161575148,58510,60.57478116631412,121.23316138470922,1,0.0,-500s control fits as well or better; 500s control fits as well or better
scan-hop-aab019dd63812034,sha256:8a3dd8b64c6354ae1bdbdbed4c876a533815f947330ec37c281c3a7f6c6f3ddc,4,upper,60.977126358,102.847920489,41.870794131000004,59467,56.24470022459947,120.5107789457899,1,0.0,500s control fits as well or better
scan-hop-aab019dd63812034,sha256:a244216ec00282f10127910008a49877c90b637cdce292f54da1c2f01a878a50,4,lower,61.353129929,96.154605114,34.80147518500001,59467,32.7472300433481,64.9750906102943,1,0.0,500s control fits as well or better
scan-hop-aab019dd63812034,sha256:23597cd9bc4bc77438fc10fe7159aa93149623e5cf0a6bb0929d8b7732bf04a5,4,lower,106.385262786,144.290683406,37.90542062,60315,127.07516443526718,117.06866290894013,1,0.0,passes descriptive checks; candidate only
scan-hop-aab019dd63812034,sha256:78c0112328fc277bd3b96ff723f089156c791dac0dd0762dfacb4432c7d27a8f,4,upper,107.141935817,143.155809763,36.013873946000004,60315,118.22419110349453,111.36662129921781,1,0.0,passes descriptive checks; candidate only
scan-hop-aab019dd63812034,sha256:083aa8c28e166ad411fd9a26be502948e0859c17e3ba32112db71b6425955f72,1,lower,150.481214455,180.343984647,29.862770192,58458,1118.9860431339582,5385.518014295293,5,-5.0,leader changes on heldout; time-shift boundary; radio drift fits as well or better
scan-hop-aab019dd63812034,sha256:dd0e9176c5e6068c3a524ae9ba5d6eb79d89d277aa3d997480c34c1a9f32db54,1,upper,150.983904855,180.469317777,29.485412921999995,56834,67.38103644605657,78.56361181801275,1,1.0,passes descriptive checks; candidate only
scan-hop-aab019dd63812034,sha256:bcaff321ebbf68573103fb146fb84f9dec056a42c3a51d0ca78e6ad853722f7b,4,lower,213.105269092,253.553337513,40.448068421000016,59601,127.20240690625586,496.4701729461541,1,1.0,passes descriptive checks; candidate only
scan-hop-aab019dd63812034,sha256:8ddf41f9d1e9c25a54f6d9467a1e809eb16a6861851c847ba85ba64182c78fd8,4,upper,213.230623137,253.684003514,40.453380377,59601,144.2497860257295,480.27973625296204,1,1.0,passes descriptive checks; candidate only
scan-hop-aab019dd63812034,sha256:4624e9c01c4c4f1fe278c57ac49f49022108f0d5f0418357b15035c893b52aa0,1,lower,220.785223874,253.937345937,33.15212206300001,59601,106.05096321440423,572.4191367113866,1,1.0,passes descriptive checks; candidate only
scan-hop-aab019dd63812034,sha256:b369178de507c37899ca8f86b636c1379a0efd1a10db6e86754b311b56d5f4dc,1,upper,224.445323861,254.187871576,29.742547715,59601,131.09404375710238,340.48927158876563,1,0.0,passes descriptive checks; candidate only
scan-hop-36d2dd2ffc2e973d,sha256:54731f344f8cf39f70a84915da0707ca6ee19af229b388a5c6c968b3d380ce6e,3,lower,23.320640004,43.760644989,20.440004984999998,65039,93.54621784196607,200.23866117972565,2,-1.0,leader changes on heldout; -500s control fits as well or better
scan-hop-36d2dd2ffc2e973d,sha256:5fa12fb3f2ff721ae7cedae1a4e6fd3bc459b54689acf6b05b002ece5a9f85a9,3,upper,43.634198342,80.426286448,36.792088106,63418,105.74289561064103,202.02899221240142,1,-2.0,-500s control fits as well or better
scan-hop-36d2dd2ffc2e973d,sha256:7a6e667d138d9b4eca0c5776ab9e0018ad4481e5e4e3f0bc3f5c1f4fb65f1dfa,1,lower,44.652796309,85.586213275,40.933416966,63418,70.31512054286235,186.98210872371877,1,-2.0,-500s control fits as well or better
scan-hop-36d2dd2ffc2e973d,sha256:ebd0e3e474152255ee1fbba775d41f4a8ac577d64cb7431113b9059fee85c8d5,1,upper,45.660805569,88.232947216,42.572141647,63418,70.15938884132403,192.04588990686693,1,-2.0,-500s control fits as well or better
scan-hop-36d2dd2ffc2e973d,sha256:51206c4af433f2b83e1a58762ea161811de3ceead6178909986d7e5901786cf6,3,lower,73.996898666,118.748949277,44.75205061099999,67041,47.652147437745114,69.14539308937646,1,-2.0,passes descriptive checks; candidate only
scan-hop-36d2dd2ffc2e973d,sha256:64fcdb77d638856f4dc9c9e22f05acfc458f77a86053b4ac87c1fef526099b19,1,upper,89.119244844,119.00231734,29.88307249600001,67041,47.2699011151984,178.97529469655873,1,-1.0,500s control fits as well or better
scan-hop-36d2dd2ffc2e973d,sha256:596e3e4e0a977670d16c4b2badfe6411b8dd06094de650b56a4cb4f0e4710932,1,lower,89.496977543,118.624514013,29.127536469999995,67041,19.16667805406969,52.07553258545138,1,-2.0,passes descriptive checks; candidate only
scan-hop-36d2dd2ffc2e973d,sha256:0556543b30e37f76a2a44b776da860bb563ee9563d65792bb321bd43a356d154,4,lower,126.938208037,156.946359042,30.008151005000016,58512,62.447599574762755,155.86293874052913,1,1.0,passes descriptive checks; candidate only
scan-hop-36d2dd2ffc2e973d,sha256:8ee0188e2bfb02c77aa0a22a5080778ce09b6fd4dec90638994c304ed3b54b35,4,upper,128.320887245,160.101023388,31.780136142999993,58512,78.27746655931627,129.02553716123018,1,1.0,passes descriptive checks; candidate only
scan-hop-36d2dd2ffc2e973d,sha256:f11168fff8258886b57ea1891e0f749486b54307c95a57741b6ddf3b776f74ad,1,upper,150.905930485,176.466249748,25.560319262999997,59668,29.23268647548984,57.32180083775411,1,0.0,passes descriptive checks; candidate only
scan-hop-36d2dd2ffc2e973d,sha256:7f084320125fa6c66bcf8c57fc2c0febc85ae01c98db1db42850ff2d954606c4,2,lower,189.573848758,237.700177374,48.126328615999995,67048,40.45824541482292,197.44741735469412,1,-1.0,500s control fits as well or better
scan-hop-36d2dd2ffc2e973d,sha256:667986faefaf32bcfc13fba242e102636df75725d5e94246763ebc09f13366e0,2,upper,202.670380672,233.16288323,30.492502558000012,67048,46.73058787903095,166.25582021548936,1,-1.0,500s control fits as well or better
scan-hop-36d2dd2ffc2e973d,sha256:4890848ef49fb1f161057a3560781053da4915e98ff6108361484b8c34664b4b,4,upper,270.597084896,298.81189136,28.21480646399999,69188,71.45446662686496,192.70777801838804,1,-2.0,passes descriptive checks; candidate only
scan-hop-36d2dd2ffc2e973d,sha256:17cd3a6f3fb1abfda605e62f3bfce7b9ec6baa6d86a82e0c88d1eaabb6cb072c,4,lower,271.099756251,299.315900873,28.216144622,69188,110.68476969942296,116.61146787862175,1,-2.0,passes descriptive checks; candidate only
scan-hop-36d2dd2ffc2e973d,sha256:35a172746665615f517c6a9147bc316bc194acda5b535f760c0ed4469620263f,2,lower,279.035103899,299.190567475,20.155463576000045,51469,142.94769032781238,656.5110482648457,2,-2.0,leader changes on heldout; radio drift fits as well or better
scan-hop-36d2dd2ffc2e973d,sha256:dad99294b8de308cd245ff73187c691b2c068aa4bdb5338ffbb87a3f42a0cc30,3,upper,74.499564544,118.371618192,43.872053648000005,67041,58.51322492545841,87.62266956426258,1,-2.0,passes descriptive checks; candidate only
scan-hop-36d2dd2ffc2e973d,sha256:1315f81420bf6a6eb7399fd78581b344ffae462b84f253bb3b8238884f3bc7e5,3,lower,43.760645012,78.779614954,35.018969942,63418,74.88210616397676,177.1590483161064,1,-2.0,-500s control fits as well or better
scan-hop-36d2dd2ffc2e973d,sha256:4b3292aedcf64c37de3e22ff6f4800cba52bf1c9490516a004852298e0fe8fa0,2,lower,201.412487445,223.584816056,22.172328610999983,63930,112.74336162298133,27.80832154296364,1,-1.0,passes descriptive checks; candidate only
scan-hop-d0217fb020ce235b,sha256:72f9e603c43be067c8017749cff7e88c39440c76745916fa5a7301ca79c06c15,3,upper,58.733189393,88.332399,29.59920960699999,67053,96.77609638844929,77.44791915866058,1,-1.0,passes descriptive checks; candidate only
scan-hop-d0217fb020ce235b,sha256:3bd6b84d19f75331f915af510f8f56acb19f18846d377c1bef2c6543755f4fbf,3,lower,59.877658186,99.175026789,39.297368603,67053,69.59077752753535,67.80346272335586,1,-1.0,passes descriptive checks; candidate only
scan-hop-d0217fb020ce235b,sha256:c647d2ab8660cb06c84a3b99862cb4b941b31007a15d9fb13aa1cb9430df5053,4,upper,100.306945873,133.173771723,32.866825849999984,59607,58.795467226002785,83.98285576040672,1,1.0,passes descriptive checks; candidate only
scan-hop-d0217fb020ce235b,sha256:8eb8c546550d9dbb63a5c7f55d54a6e5b2344b484cf9da4cec74d2ccd4e4338a,2,upper,119.069768522,143.783793395,24.714024873,59607,69.51400148136366,271.6213208256298,1,0.0,-500s control fits as well or better; 500s control fits as well or better
scan-hop-d0217fb020ce235b,sha256:64d71debf165db6c284ef0a465242e1ca0959a15714c626197a4cea107108f71,2,lower,120.329805636,145.293126184,24.963320547999984,59607,80.7180584725092,163.50647166757116,1,1.0,-500s control fits as well or better; 500s control fits as well or better
scan-hop-d0217fb020ce235b,sha256:afca4b5f11714b7a53b8e0a96181e52b6bf12d725f16dfac92297d29b286d237,4,lower,127.508202754,148.951084128,21.442881373999995,63426,27.789326574393847,15.548034382702353,1,0.0,passes descriptive checks; candidate only
scan-hop-d0217fb020ce235b,sha256:382044a92c678e242c356964a65ca872d52acf867405df9454c8d1c8a2eb59b2,2,lower,151.347207208,178.795229518,27.448022310000027,62306,36.73570914117521,110.54997109499791,1,0.0,passes descriptive checks; candidate only
scan-hop-d0217fb020ce235b,sha256:8df30e5c0b4ae5486af3eed8e8df041e9fad0436a328e10fc2e7044c9f6cd5dd,4,lower,200.713729419,224.256540105,23.542810685999996,58413,49.62861529763803,150.78777434047404,1,0.0,passes descriptive checks; candidate only
scan-hop-d0217fb020ce235b,sha256:0005febf659aad706ff85066eb1c8404cbcea74fbc3d91aad310e539e6c17406,4,upper,200.840237333,224.383207263,23.542969929999998,58413,78.3532732363648,127.3913600477401,1,0.0,passes descriptive checks; candidate only
scan-hop-d0217fb020ce235b,sha256:ef2fae826cd2056ccc0b8f0cf8dfd8a2bdf1fca4de0e5ab992ec4b47439cb532,1,upper,202.601747706,238.752475908,36.15072820200001,58413,64.4959548514978,175.74456598537878,1,0.0,passes descriptive checks; candidate only
scan-hop-d0217fb020ce235b,sha256:07e2cb47498d71de7d145cde6e5a774f24e5314a127270f4e81862ca82b61b2c,1,lower,203.73489096,239.380543804,35.64565284400001,58413,66.44559520616814,135.27188931636928,1,0.0,passes descriptive checks; candidate only
scan-hop-d0217fb020ce235b,sha256:3888cfb0ca63965da577dd3ca44c7018fab29756b26f03b0465b57381c7492aa,2,upper,256.997782022,288.740579824,31.742797801999984,59167,96.17710006510106,217.56829999473,1,0.0,passes descriptive checks; candidate only
scan-hop-d0217fb020ce235b,sha256:d5799d1c1d9580807d4a4b7b6cc3f85cc3f1e3844033feb2b3ab68e9c9c93d1d,2,lower,257.753608416,287.734964527,29.981356110999968,59167,128.08130038907993,114.32468592064961,1,0.0,passes descriptive checks; candidate only
scan-hop-d0217fb020ce235b,sha256:08bd0aa5701c7ea647f9429447bee7ca238f15b14ac3e0628689ff23f4490d94,4,upper,127.002863023,148.569748045,21.566885022000008,63426,64.02751140169696,19.905699576398533,1,0.0,passes descriptive checks; candidate only
scan-hop-d185309146aa8ab6,sha256:63f042f1e1ede9d3a8bf0f2c245f7427db39b48f2ed78f3a8c616da3e7a67b77,3,lower,72.442071334,125.203679077,52.761607743,66809,63.08783011929263,76.61634989061513,1,-1.0,passes descriptive checks; candidate only
scan-hop-d185309146aa8ab6,sha256:5106b52fbde7c35ee041c64a4eb058e1513fe16250acfc67150beeab1071d4f9,3,upper,75.08530595,97.632066244,22.546760293999995,66809,52.93140871801388,103.95169292143264,2,-1.0,leader changes on heldout
scan-hop-d185309146aa8ab6,sha256:b70d3dd01e1772fd7359cb7b55f64a9ebda3de9102a2b51371b3f510568ffcfc,3,upper,139.81870971,171.206856944,31.388147234,48482,96.370771733007,82.05305887854904,1,-1.0,passes descriptive checks; candidate only
scan-hop-d185309146aa8ab6,sha256:87fb6d88a62c97f7be6dbb2fe68ce70d3a457f6dfa261e423bbe5d10ca65a24c,3,lower,141.580059529,168.557524046,26.977464516999987,48482,32.882279414749,19.99011709406349,1,-1.0,passes descriptive checks; candidate only
scan-hop-d185309146aa8ab6,sha256:462fda81d90b6c559354894ff6927c1311cc8edf3c39b68dee617368dc0f4522,2,upper,181.029340105,205.865514066,24.836173961000014,59658,24.190156136679008,70.02636672423195,1,-1.0,passes descriptive checks; candidate only
scan-hop-d185309146aa8ab6,sha256:241297c8338eb0f762a49493fbda8cd8155a2481f755c8dc75e2886533db27a3,2,lower,184.181371937,224.128183932,39.94681199500002,59658,56.8378748651475,77.74169756852227,1,-1.0,passes descriptive checks; candidate only
scan-hop-d185309146aa8ab6,sha256:bbc62de12f03c7ca6c4166546b10ffd442eafa235550d9843273216f49739039,4,lower,185.817166441,211.525100768,25.707934326999975,64793,44.96677124254295,34.75696790876002,1,0.0,passes descriptive checks; candidate only
scan-hop-d185309146aa8ab6,sha256:f8e66db6ebc262d9735ab9c04a9beff1241a6730753fb83b99963e2222f158dc,1,lower,229.539946004,253.617566546,24.077620542000005,63764,87.75241227146664,73.63312000983696,1,-1.0,passes descriptive checks; candidate only
scan-hop-d185309146aa8ab6,sha256:30a111c1f0b069bef98a3f41978a3e4a92f8689ca307d33ced832fec017986d6,4,upper,265.702890441,298.949679987,33.246789546,60590,89.1110330923263,79.86761790944131,1,0.0,passes descriptive checks; candidate only
scan-hop-d185309146aa8ab6,sha256:5736c21f5b6461e5737f003cd5b4ae462a2a8dfe78c46df54f104892dea4270b,4,lower,265.828891584,299.957670964,34.12877937999997,60590,89.69901539490353,82.09215321527397,1,0.0,passes descriptive checks; candidate only
scan-hop-cf54d8096b706750,sha256:104b31d0e1ae9cd39832435f984e22c00ae1c1acff45ea6e6d14e7472122c7fb,3,upper,51.659452942,89.45822872,37.79877577799999,67884,94.86228822296417,860.1592578220556,2,4.0,leader changes on heldout
scan-hop-cf54d8096b706750,sha256:46f1b005b4b5e06e8c2059ff3b06dcf24c0c8c851e736498aa34a8a5001b4a78,3,lower,52.790129765,89.33289583,36.542766064999995,67884,56.173106102160574,814.9492966856661,2,4.0,leader changes on heldout
scan-hop-cf54d8096b706750,sha256:7f050f2daeda898e5cea586a47513ec237c0f3aa788bbb180d3a9f6a571dcff6,1,lower,59.602194543,88.703523148,29.101328605,67884,599.8026826091534,1282.203695564494,2,5.0,leader changes on heldout; time-shift boundary; radio drift fits as well or better
scan-hop-cf54d8096b706750,sha256:5caea69f8ed70e297b9b9dcf5db0cd840c68231ce704e446569820169ad2c6e5,1,upper,63.378081213,84.043530977,20.665449764,46786,538.8472281542746,2853.062300481626,4,-3.0,leader changes on heldout; radio drift fits as well or better; -500s control fits as well or better; 500s control fits as well or better
scan-hop-cf54d8096b706750,sha256:a5a6641bdd25775dcc2d41f3e85a4a15c375ab46ab80c11e03e19812f8d36d98,4,upper,90.590427097,131.427515704,40.837088607,56035,68.37829786529929,209.73683262404006,1,0.0,passes descriptive checks; candidate only
scan-hop-cf54d8096b706750,sha256:d61295f61e96819d91862a467ee05553ab2c56263a6e15c9608fee4c425c8cb4,4,lower,103.957013994,129.286033983,25.329019989000017,56035,32.36463066998135,112.48935095685214,1,1.0,passes descriptive checks; candidate only
scan-hop-cf54d8096b706750,sha256:60f22076a9dca330d6e84a7978a228bb20fd1f775f788429ae2b122bf5c21cc3,4,lower,170.231533254,208.667618818,38.436085563999995,66816,30.26746305423067,30.39618597018713,1,0.0,passes descriptive checks; candidate only
scan-hop-cf54d8096b706750,sha256:8330ca852a0cbc51f2c238f18e665f6df088ddea3555c549c0b005ba215e3814,1,lower,177.033980971,203.49293799,26.458957018999996,66816,34.66908562172896,28.990082650814717,1,0.0,passes descriptive checks; candidate only
scan-hop-cf54d8096b706750,sha256:18211266d7f1ed37181d06329e9bbbe7fe7a08039371376269ead572d81ef430,4,upper,177.536919271,206.399627127,28.862707856000014,66816,81.51767689436127,66.63108649898797,1,0.0,passes descriptive checks; candidate only
scan-hop-cf54d8096b706750,sha256:e1b0f7c5375efe6db7f98d0c3b3d0d0f4aa8645147b0f8df9131d6159f1c5610,1,upper,180.431513954,206.778263564,26.346749610000018,66816,76.3527790733205,30.887061252996013,1,0.0,-500s control fits as well or better
scan-hop-cf54d8096b706750,sha256:c52eea662cd334afe2f655914dc2148d3b952e9db155c3da784fa232915c7dda,2,lower,258.578307336,299.141277089,40.562969753000004,65644,88.96145483393487,166.13938776530594,1,-1.0,passes descriptive checks; candidate only
scan-hop-cf54d8096b706750,sha256:a8ce65eed6e189d62f858e78d531542ff81d989fc1049b2fdd82017fcbf291d5,4,lower,259.587636566,293.214421184,33.62678461799999,65644,53.02222067160826,142.66752817515945,1,-1.0,passes descriptive checks; candidate only
scan-hop-cf54d8096b706750,sha256:399e9513c591ded0851e5d4044e6c7a39f0bfb0f4289804f90c8536ea4c4104c,4,upper,259.714304411,288.426005005,28.71170059399998,65644,93.11913555291864,153.197969398448,1,-1.0,passes descriptive checks; candidate only
scan-hop-cf54d8096b706750,sha256:7c5f9e490ae79e48bc964f9c4592f56ab9fb1d8e30d46fd55bc146f519d1ec6f,2,upper,259.964986379,290.697073003,30.732086624000033,65644,71.76475016179398,147.39940584060864,1,-1.0,passes descriptive checks; candidate only
scan-hop-cf54d8096b706750,sha256:a2be9f408a96d4a9fe41f0639209cd1df2a28ecadae75c6bb9b178db934baeef,1,lower,260.723652933,285.028995179,24.30534224600001,65644,55.93942437821545,111.63141862849807,1,-1.0,passes descriptive checks; candidate only
scan-hop-339720f8f00ad239,sha256:58a8976138e30e7dcfb4ee04c7e9d29b5e0424e060eb422f271c9672d79a967f,1,lower,29.789613426,56.60850868,26.818895254,60355,63.504756320508314,204.93846841874966,1,-1.0,passes descriptive checks; candidate only
scan-hop-339720f8f00ad239,sha256:1a5ff1f2057e48e357f18e9504b1eb66db97b75e539e083318d63554cdbcd6da,1,upper,30.044472068,55.854780207,25.810308138999996,60355,82.98879171277491,168.92421060669514,1,0.0,passes descriptive checks; candidate only
scan-hop-339720f8f00ad239,sha256:9fd25a315946078634937a9a3dd5404848ab6170290e157ab3d9756d36591616,2,lower,32.433634185,59.251109882,26.817475697,66800,67.983516773376,60.981125609074226,1,-2.0,passes descriptive checks; candidate only
scan-hop-339720f8f00ad239,sha256:9bf644742c415751ae876b8171b34d788796f76272e515483bfd4b2a8bc72270,2,upper,35.20165878,59.635110264,24.433451483999995,66800,33.47682252232545,135.82541384758332,1,-2.0,passes descriptive checks; candidate only
scan-hop-339720f8f00ad239,sha256:3640bdd6d49f99e1ecfea32617357837396a755d3e77eeca25a04826e880fedf,1,lower,67.959202938,88.112541805,20.153338867000002,58937,31.229057573835554,167.36505184975354,1,-1.0,passes descriptive checks; candidate only
scan-hop-339720f8f00ad239,sha256:db53d4c1510089424861332474f7b6e15bafe85459bdf96c5f5c1343a0791d07,1,upper,74.891132161,105.112433262,30.221301100999995,63777,43.45170350991003,38.90107395314212,1,0.0,passes descriptive checks; candidate only
scan-hop-339720f8f00ad239,sha256:ada7f98f81f59540c796f39196c4feed6e3c189f50bdeea8d52dcaa16d01b607,1,upper,107.633775182,132.188508492,24.554733310000017,59688,66.57320685688578,79.74158341222008,1,1.0,-500s control fits as well or better
scan-hop-339720f8f00ad239,sha256:299cce381464bad79d9fb9bfedcdd6308ca9c8795ad0c8e60bdaad9b42951683,1,lower,108.009778165,133.824539025,25.814760860000007,59688,37.05872116296653,56.00772337764517,1,1.0,passes descriptive checks; candidate only
scan-hop-339720f8f00ad239,sha256:5897c142614b5cdc137cf90c9dcd6acd29e7444fdd29a28aee7025ac3d6457d9,4,lower,151.3457496,178.824521072,27.478771472000005,66813,36.335910683290706,34.28186729351363,1,-1.0,passes descriptive checks; candidate only
scan-hop-339720f8f00ad239,sha256:db679f30ec8366b1b45b9e01d5a45b1a8771b01b4188d7f6e587d3bae2dd2570,1,upper,173.66575758,194.20353881,20.537781230000007,67892,22.171600730744778,38.52632562910912,1,-1.0,passes descriptive checks; candidate only
scan-hop-339720f8f00ad239,sha256:1ba285da20ee683687e0c15dfe109aa9808a6ff6b19ba5b52adf4608343cad6c,1,lower,195.335912263,223.993922662,28.658010398999977,57703,37.7343376663731,174.74751894549118,1,-1.0,passes descriptive checks; candidate only
scan-hop-339720f8f00ad239,sha256:2db5c8eb4310f0ce58bb1eece7ef0d698380c3edaa2319d8690176aa6be0e899,1,upper,200.249929922,223.741923644,23.49199372199999,57703,34.45119428914892,72.57192903693814,1,0.0,passes descriptive checks; candidate only
scan-hop-339720f8f00ad239,sha256:f64d8ffa659c5dd2be6cb37603a8686b30c4687020e336087e2e587351b4ff1b,3,lower,238.248427808,264.073263653,25.824835845000024,53287,31.31874965838037,41.92169928398643,1,0.0,passes descriptive checks; candidate only
scan-hop-339720f8f00ad239,sha256:262bc13c9449ca1d9ff936ed421939b371a2dc17fe4da7a4585c080ada079d9f,3,upper,239.004424669,263.820432893,24.816008223999972,53287,42.292509732514006,45.259449663175715,1,0.0,passes descriptive checks; candidate only
scan-hop-339720f8f00ad239,sha256:13519d34f5c31f61dad9a41e20821326bc238130f3a411e12e2dc518e5cc7434,4,lower,241.900633259,269.615389626,27.714756367000035,60358,55.785986759613145,46.253444166418966,1,-1.0,passes descriptive checks; candidate only
scan-hop-339720f8f00ad239,sha256:b9dedbab1be1f2ea876dc645c8d4f336f4e7229328512440763bfe1a01c29020,4,upper,245.176657568,268.986057268,23.80939970000003,60358,48.384672805438726,36.08651434305717,1,-1.0,passes descriptive checks; candidate only
scan-hop-339720f8f00ad239,sha256:c7fb3d36862391f059073b078a949e1e3a685742703a7fd3fe3afda1c6b4b137,1,lower,75.267133487,108.39108621,33.123952723,63777,63.513120719559026,64.37888895567201,1,0.0,passes descriptive checks; candidate only
scan-hop-339720f8f00ad239,sha256:45679f0150f46687cdb4921e485022d4ead072f4f0da4a2e9405b09053a4a72f,3,lower,225.642959009,254.239287538,28.596328529000004,67996,37.57210003367903,183.46922867571087,1,-1.0,passes descriptive checks; candidate only
scan-hop-339720f8f00ad239,sha256:966f4c1a90787d6077fe4dc4eb2ea689f7e090cce0fee1d63c306553c5d0aa30,1,upper,63.799183922,91.383195965,27.584012043,58937,29.938633839842428,182.33897470365628,1,-1.0,passes descriptive checks; candidate only
scan-hop-6692a1700f427025,sha256:999ea40334f1099615792c8c4240b54f7789e41cc603c32de34c21858bbe6158,1,lower,116.923044628,147.552602933,30.629558305000003,58404,65.1530062699997,61.52118140373052,1,0.0,passes descriptive checks; candidate only
scan-hop-6692a1700f427025,sha256:11f84417d8b6fd56be6e011f6f885aa75c6891993eb09f6a5d0064695773a596,1,upper,120.829906094,143.901934397,23.072028302999996,58404,72.37796824457843,36.702856424681215,1,0.0,passes descriptive checks; candidate only
scan-hop-6692a1700f427025,sha256:4bf69fb6d76ff7e711afff5ec5ba0accb3c4c681981482cb93a4e0687fc0608f,4,lower,121.600550669,160.909861026,39.30931035699999,58404,28.970137444806255,134.6922233961912,1,0.0,passes descriptive checks; candidate only
scan-hop-6692a1700f427025,sha256:26f4d25e7f7c25585b48e825c378b25c46ad3e7d47a0e87df96913839669dfb7,4,upper,121.85255217,156.121890226,34.26933805600001,58404,55.78761767428585,99.90117880207181,1,0.0,passes descriptive checks; candidate only
scan-hop-6692a1700f427025,sha256:8f843d949a957290888e4ed9bc55e40158f87df77e15ce76733a8c8702cf8ce3,2,lower,201.475189068,225.763277567,24.288088498999997,60372,39.08632468595853,83.97952075427497,1,0.0,passes descriptive checks; candidate only
scan-hop-6692a1700f427025,sha256:3479dbbb984d28d92e45f6e07780812b8ffa40cc27830e74591ac272160906fa,3,lower,202.608556071,238.23535999,35.626803919,60372,59.55070188599978,162.86264047438044,1,0.0,-500s control fits as well or better
scan-hop-6692a1700f427025,sha256:526df4112ff263d7e175a54d999e2a17a8a1b19e1b90fa606964231f3b7a0928,1,lower,203.86987839,224.000080471,20.130202080999993,60372,29.788653509211827,72.72914428797397,1,0.0,passes descriptive checks; candidate only
scan-hop-6692a1700f427025,sha256:3ff9ce13803c1533c8c3e1b2c6e8a7e2ada3d8c6cbb6fbc4dc2c8f591c6fae27,3,upper,205.001911336,239.115357908,34.11344657199999,60372,106.49418937064615,179.39676168037317,1,0.0,-500s control fits as well or better
scan-hop-6692a1700f427025,sha256:dff42854df0ab2900b531854d6dbbac37cec50e2f630ba20f4cacf79e132af60,2,upper,207.013905647,231.305818412,24.291912765000006,60372,31.43535959863749,106.3226482938575,1,0.0,passes descriptive checks; candidate only
scan-hop-6692a1700f427025,sha256:2da927bfaafba3b09201f3de81641023aefe64140c5c28992686955d936952e5,4,lower,239.871324516,270.612686392,30.741361876000013,63799,22.89387928051293,98.13750241946815,1,-1.0,-500s control fits as well or better
scan-hop-6692a1700f427025,sha256:d6c648b3183f5291c8df1c587ff910f1bfe8eee0992a58f7f3a4fcbe2de2cca8,4,upper,240.499327376,268.599318302,28.099990925999975,63799,24.19833100113333,81.79909225688134,1,-1.0,-500s control fits as well or better
scan-hop-5cfe222fca9b6f0e,sha256:0259043fcb3f4a200de0d8dead3c6ad8ba11e3303c408c93b441cc5537b53407,3,lower,41.985672462,62.908120444,20.922447982,68267,28.55405943876352,41.38712881540025,1,-2.0,passes descriptive checks; candidate only
scan-hop-5cfe222fca9b6f0e,sha256:4fe2647e23ed58d5d7c1cb9fddea7a0be229759a1e189520d0a836655e4dd7f0,1,lower,93.780395882,118.996500048,25.216104166000008,57673,66.75997252673835,113.51223972826511,1,-2.0,passes descriptive checks; candidate only
scan-hop-5cfe222fca9b6f0e,sha256:a6eb994ad28e2f792ffa2d060eddb16717142e68f1e8a9953e8a931c07d7a979,1,upper,94.159065661,118.62049998,24.461434319000006,57673,76.25577013921516,104.37068620861123,1,-2.0,passes descriptive checks; candidate only
scan-hop-5cfe222fca9b6f0e,sha256:34a55daf71a6bcb422bd39d5673ef4206aaa9b103c99516abc05e99dddf7125d,2,upper,94.409750306,115.455159055,21.04540874899999,57673,89.31773606622332,116.769921276469,1,-2.0,passes descriptive checks; candidate only
scan-hop-5cfe222fca9b6f0e,sha256:64db4e1282866fbbf3e3faf4446d7012b6a74aeef70d5e2d62150510e677854e,1,lower,179.096404979,220.424489365,41.328084386,64339,107.96279110599679,54.837783637324804,1,-3.0,passes descriptive checks; candidate only
scan-hop-5cfe222fca9b6f0e,sha256:17b28f308480efcd7851067928b54816b58bd8ef77ec6bb701927e5e06f21f2d,1,upper,179.222515076,219.66582577,40.44331069399999,64339,114.9512823627156,87.45169116382769,1,-3.0,passes descriptive checks; candidate only
scan-hop-5cfe222fca9b6f0e,sha256:b91913b48d41b21a38cec0f07d83ea560ecfc471d4fdec33f34db1e908b6aaba,2,lower,179.34705652,217.901803004,38.55474648399999,64339,78.8255844675816,94.80891500377231,1,-3.0,passes descriptive checks; candidate only
scan-hop-5cfe222fca9b6f0e,sha256:0daed154f02f337209d688fd6351c6ade476d047ba35617e09bcfec67ad14441,2,upper,180.102877991,203.535139024,23.432261032999975,64339,56.46401006799328,102.41784639053152,1,-3.0,passes descriptive checks; candidate only
scan-hop-5cfe222fca9b6f0e,sha256:d20b10179110b6633d8dc3b4cb7775ec03a27657d9c7967c9cc7d53fc0b64675,4,upper,209.580925787,239.557778037,29.97685224999998,63782,41.62042583230667,57.66473415224116,1,0.0,passes descriptive checks; candidate only
scan-hop-5cfe222fca9b6f0e,sha256:b045b6c1e652847171351614e0ddb910c2a00cd7fb681491bebcb72ef318bcf3,4,lower,209.831591751,240.565796538,30.73420478700001,63782,27.720748556434806,43.918240360423525,1,0.0,passes descriptive checks; candidate only
scan-hop-5cfe222fca9b6f0e,sha256:093c39aa8c2f9a976a4134c15f8f3822a77c63558da0cf933c8478b09cf22712,1,upper,249.879223714,283.279230559,33.40000684499998,58836,63.4157771650946,95.37739408754364,1,0.0,passes descriptive checks; candidate only
scan-hop-5cfe222fca9b6f0e,sha256:d1ccca69a4d610af3e77232f798753fc34f31a83a94ad18a985ef4c19afaff21,1,lower,250.005890976,283.531229377,33.525338401,58836,43.47813709381075,275.8263136991996,1,1.0,passes descriptive checks; candidate only
scan-hop-5cfe222fca9b6f0e,sha256:b6dfb59772b7a8f1907321a9c3af44dfb24d26b9005fa4f339255a71e96c17bc,3,lower,253.16448604,276.483158812,23.318672771999985,66614,35.54811929410257,126.39204623785128,1,0.0,passes descriptive checks; candidate only
scan-hop-5cfe222fca9b6f0e,sha256:47e1673448a072c3065b13cd1a583d0c7b2c0cd469378ddad0237a9b134ca409,1,upper,207.06019154,229.739186891,22.678995350999998,63782,16.57062824223957,67.7776583730425,1,0.0,passes descriptive checks; candidate only
scan-hop-5cfe222fca9b6f0e,sha256:0e726c48ed07ebaa9a770b999c6e5302a9e3426b8d4d9a241819aa36844c4fab,1,lower,212.978729198,239.936183291,26.957454092999996,63782,25.4414342477229,54.06560614267974,1,0.0,passes descriptive checks; candidate only
scan-hop-dd2937728dab2d65,sha256:9882ab17a10de51dcd9731dc4f9710b0e95cf486d557f917762f8fa63892faae,3,lower,73.190225887,118.663632133,45.473406245999996,63786,89.54090405399455,137.46849045727376,1,-1.0,passes descriptive checks; candidate only
scan-hop-dd2937728dab2d65,sha256:46de24bbc5b6768b73cf95112378a4864bd87985847b9343c9c66b2f498a2391,3,upper,76.083582772,111.22999667,35.146413898000006,63786,64.36427524186082,112.15244953900877,1,-1.0,passes descriptive checks; candidate only
scan-hop-dd2937728dab2d65,sha256:53df073ce55bfae845bbd1b1b963013498c2e6d8321fd506d307c4fccbd7bf2c,1,lower,106.312944135,135.797035819,29.484091684000006,62927,261.88306509754557,900.0587189614716,1,3.0,radio drift fits as well or better; -500s control fits as well or better; 500s control fits as well or better
scan-hop-dd2937728dab2d65,sha256:51bb4327d96a93fc8c4112002fd1b9417d98223f8491f2a16bafe4eb0d1037cd,3,upper,116.019681628,148.773064301,32.753382673000004,59419,119.32510463664953,98.48672500722297,1,1.0,passes descriptive checks; candidate only
scan-hop-dd2937728dab2d65,sha256:56c73724082b5f08c02457dee81f60221221fc1b94c3ef879924b1f78217f000,1,lower,179.620555685,210.983860847,31.36330516199999,68280,35.03556753346728,101.22314911942718,1,-2.0,passes descriptive checks; candidate only
scan-hop-dd2937728dab2d65,sha256:306b8190ecadd45908b6459ca65de44c98b2148a897f288b67aa23407f223bbc,1,upper,182.389081054,210.731861262,28.342780207999994,68280,36.95102731871265,97.72311852978017,1,-2.0,passes descriptive checks; candidate only
scan-hop-dd2937728dab2d65,sha256:781cab605843a0abf1a0942c04034f5cd53bf8e866eeb1eb7e75cb5399ac7a87,3,upper,192.463824027,221.813068751,29.349244724000016,67703,35.09942334754501,210.52772534036748,1,-1.0,passes descriptive checks; candidate only
scan-hop-dd2937728dab2d65,sha256:4a6f291d3cf774c6daf0e4f184cfaf14e1e78cd27dbabce99aaa26a37dd2fb64,3,lower,192.715542138,218.665100379,25.949558241000005,67703,23.531241583839392,189.07969135096135,1,-1.0,passes descriptive checks; candidate only
scan-hop-dd2937728dab2d65,sha256:15414e58a0bbea8e886e10d75946ee5ef5c4ca8bc2a770acadd5f5e21e7fcd4c,4,upper,260.630116301,298.964816833,38.334700532,55676,46.57198372298845,86.90157274998124,1,0.0,passes descriptive checks; candidate only
scan-hop-dd2937728dab2d65,sha256:6a83119f07ba619ebf4bc5cd2e1b2482852900748043af23e02afbacc9671dbd,3,lower,117.026355262,148.899457926,31.873102664,59419,44.19783580933952,153.77695222075553,1,1.0,passes descriptive checks; candidate only
scan-hop-78bfff64757c1fbd,sha256:e432f215778ffdb1bf46439d90e4dbbc4dff33697e2c448473ad56170061d622,2,lower,74.534960887,95.936284466,21.401323579000007,59899,20.842760598801977,26.851347421889827,1,0.0,passes descriptive checks; candidate only
scan-hop-78bfff64757c1fbd,sha256:d6ed853b4ac3c161d04f594167a786fc2991264a0785e8e313c954085fc9cdd0,2,upper,74.785880596,95.307215657,20.521335061000002,59899,20.94804384378868,19.151635363924314,1,0.0,passes descriptive checks; candidate only
scan-hop-78bfff64757c1fbd,sha256:29023df09d14b670975480b01640328c672f561b0480ec5a0f2b5094d76c9cfe,3,upper,145.872453964,166.151243861,20.278789897000024,55989,28.933791566115087,80.10449697961043,1,0.0,-500s control fits as well or better
scan-hop-7560d96129525ada,sha256:094d12672ec5df5d7ffdb60ee087d2eadfe46eb84bea7986c2b2a231b06e986a,4,upper,115.312261717,135.461721344,20.149459627000013,56010,26.800389382441423,42.0330047926483,1,0.0,passes descriptive checks; candidate only
scan-hop-7560d96129525ada,sha256:1caac8140c57bd9de0dfe8714623253e02726d19de7c667bf9c83d0ec53b97de,4,upper,144.899314916,178.939056733,34.03974181699999,58493,87.2948596245075,118.89580956495209,1,0.0,passes descriptive checks; candidate only
scan-hop-7560d96129525ada,sha256:80f1f0946af7d28a46d35e487a87f472988d4ca8901df1867828b95c11db1c7b,1,lower,145.031831554,179.064357919,34.032526364999995,58493,42.92913627443495,111.62856403100031,1,0.0,passes descriptive checks; candidate only
scan-hop-7560d96129525ada,sha256:98d1cffcab7eb2d9324912ec0de5635c730054f935dce018c68e4fdb3dab2339,4,lower,148.699167301,179.191056932,30.49188963100002,58493,58.81032563764069,131.5219738594989,1,1.0,passes descriptive checks; candidate only
scan-hop-7560d96129525ada,sha256:13564715691298c7de752fb58c39dea5a9a0fe5bc3e1ac2cef411092c3a05620,1,upper,148.824364246,179.316356829,30.491992583000012,58493,103.90155959565213,127.83118182964229,1,1.0,passes descriptive checks; candidate only
scan-hop-7560d96129525ada,sha256:4fefe2e1f7a8bfb7e9f5941db8abffe033303b52e02a966e871f7d13493b0333,2,upper,168.358947354,193.809792013,25.450844658999983,62760,65.0357137695567,83.90136339142482,1,-1.0,passes descriptive checks; candidate only
scan-hop-7560d96129525ada,sha256:ae5065e6533aec10bab2512e764b198a88d760aff48e96d87616cd1061cf8ab3,2,lower,168.609616624,194.0604592,25.450842575999985,62760,87.2545794246948,72.06224477259458,1,-1.0,passes descriptive checks; candidate only
scan-hop-7560d96129525ada,sha256:e80d7668b1df7109468c987da32785a25bf8e017a35a47c5758929b2983bd757,4,upper,202.641724854,231.120479627,28.47875477300002,60201,27.11798427770427,31.42296269518555,1,1.0,passes descriptive checks; candidate only
scan-hop-7560d96129525ada,sha256:b2bec0d47754345ed64c908a94feabe88353c3d43e7e4d012ebc035159c0166d,4,lower,206.673756794,231.749812535,25.076055740999976,60201,25.924887692570007,42.037251616679164,1,1.0,passes descriptive checks; candidate only
scan-hop-7560d96129525ada,sha256:578f442384ba0e8d222fdc818718be504f4637e9c5a31bfb5aa02c6d52f2f503,1,upper,211.840473888,232.001821539,20.161347651,60201,68.3832969590977,73.33540489370351,1,1.0,passes descriptive checks; candidate only
scan-hop-7560d96129525ada,sha256:2dc801ef22ab737a3a0a831f5c5e915514ba6751dfaab80978fed33e9088f8b5,2,upper,227.462637999,265.876553756,38.41391575700001,62770,59.80199584586063,175.02029060023864,1,-1.0,-500s control fits as well or better
scan-hop-7560d96129525ada,sha256:7c73a82790bfb99cd633a03e02fd62a96d54497c5a02dba2c5c1fadd19a57c26,2,lower,227.840403885,270.416151926,42.575748041,62770,90.5444335400041,235.52367585025627,1,-1.0,passes descriptive checks; candidate only
scan-hop-7560d96129525ada,sha256:e4824792dbfe90a30160cbb8ec512c1829590f9050e97a03d9b5836c5d9f1754,1,lower,245.347988751,268.145432331,22.797443579999992,62770,108.66374360847352,164.49431599920268,1,-1.0,-500s control fits as well or better
scan-hop-7560d96129525ada,sha256:cd3a94c450d527e8a9521d24b4fa91abdcea201eed2075871b770cbf34029e80,1,upper,247.10983078,268.271162666,21.161331886,62770,60.05035431524053,89.72180399215505,1,0.0,passes descriptive checks; candidate only
scan-hop-4d85ec3c4f985f42,sha256:72037cd60e65102efed730a71a5247b62112d1db656a47d891cde9750b81524b,4,lower,60.112418682,81.295164045,21.18274536300001,57823,22.953912805788384,56.005091856896655,1,0.0,passes descriptive checks; candidate only
scan-hop-4d85ec3c4f985f42,sha256:9251a0dc198194e47e4639ff46947449eb23ee7a8aa3c954ef38a7f07343fa90,4,lower,87.960439996,119.574137762,31.613697766,59174,127.99380908339184,1525.080252454772,2,3.0,leader changes on heldout; 500s control fits as well or better
scan-hop-4d85ec3c4f985f42,sha256:4177e04de54e9a22fcf7ddcbd424180b7fd0c7360e94df686eeb95d3eb518aaf,1,upper,89.973769936,131.411178615,41.437408679000015,59174,567.5586523948581,3984.0829749406766,2,4.0,leader changes on heldout; radio drift fits as well or better; -500s control fits as well or better; 500s control fits as well or better
scan-hop-4d85ec3c4f985f42,sha256:4e4f6303cf7a57428c62fe8411a6f20cd8cfbcadf867234c139718d0cda42ebd,1,lower,90.351103154,131.663177095,41.31207394100001,59174,592.6620949843101,4053.4344328517577,2,4.0,leader changes on heldout; radio drift fits as well or better; -500s control fits as well or better; 500s control fits as well or better
scan-hop-4d85ec3c4f985f42,sha256:135c9d081c4cd7135d9a597e154bd3bb6395fbf61d4f96cf7a4eb9467d6be710,2,upper,198.556458544,224.37529368,25.81883513599999,58132,46.50658474724984,112.73854915876326,1,2.0,passes descriptive checks; candidate only
scan-hop-4d85ec3c4f985f42,sha256:979b7932d2939be2f6884ed5d9e63f1160c502fda74dd6d0c11d22d058e47df2,2,lower,198.683126102,223.747009762,25.063883660000016,58132,16.27607130100125,57.30618866985601,1,2.0,passes descriptive checks; candidate only
scan-hop-4d85ec3c4f985f42,sha256:044747143f88488c0dbe1d189a02b6c47287d214c8fc92a4a5a39f646765c84a,4,lower,201.959189771,224.123294914,22.164105143,58132,25.81408780581952,50.28413074239113,1,2.0,passes descriptive checks; candidate only
scan-hop-4d85ec3c4f985f42,sha256:e95992375e5367cd3b88d93a88e2f9fa84ce6572aee98aa295d911791acb6593,4,upper,203.091198857,223.997961474,20.906762617,58132,23.192358422699108,17.42438096773261,1,2.0,passes descriptive checks; candidate only
scan-hop-4d85ec3c4f985f42,sha256:e351e4eacde537bc83274002f5a68bfa666ecc7f48a587f934b6e150aa2ee91b,3,lower,214.921593268,251.768619081,36.84702581299999,68037,38.59540944874341,331.2706246264214,1,0.0,passes descriptive checks; candidate only
scan-hop-4d85ec3c4f985f42,sha256:f5dea1b615f4475af0c196edae54abe7a11ef0e88499952937a5b47f07fb157f,4,lower,276.601757936,296.620591984,20.018834047999974,58131,59.31573746221314,145.2461505749424,1,0.0,passes descriptive checks; candidate only
scan-hop-4d85ec3c4f985f42,sha256:e625d8ccbaf8305ff990c76e5fa192a4eea7f345c2a5c250dc741c3d1ea03c23,2,lower,49.279008981,70.577598483,21.298589502000006,57823,82.16898461423648,23.610287797215253,1,0.0,passes descriptive checks; candidate only
scan-hop-8a7c8202a5bf67c8,sha256:e50e8c2b07a0ce65b1cfdee76822b2f11b750af10bee685b1c2277ee46814c09,2,lower,19.560623065,59.212669121,39.652046055999996,58639,60.81386510731782,60.47724700308861,1,0.0,passes descriptive checks; candidate only
scan-hop-8a7c8202a5bf67c8,sha256:f7b7a1e3c340486fee3abae73eba9c32434928c8fc8d3c5a0d5e2ed9fef7ca1b,2,upper,20.06329328,59.088345428,39.025052148,58639,68.54396922639859,101.9695113593919,1,0.0,passes descriptive checks; candidate only
scan-hop-8a7c8202a5bf67c8,sha256:e90f1106b034eda97d1fe082ea7f3b3e18cdb2092d140d974c484500e2c515c6,1,upper,21.824635987,58.70989665,36.885260663,58639,50.145231351218804,88.30422368293846,1,0.0,passes descriptive checks; candidate only
scan-hop-8a7c8202a5bf67c8,sha256:82ee7779735734b339d7f658d028425958a9c24a7ef9fdc684269f7657a9da94,1,lower,22.077348121,58.961984797,36.884636676,58639,102.9213288384153,31.717780227200052,1,0.0,passes descriptive checks; candidate only
scan-hop-8a7c8202a5bf67c8,sha256:63eab85678772e629ef8622377c44cb1b6958079d95f120ebacb93185f064230,1,lower,129.905993046,164.292803146,34.38681010000002,57993,91.97756359870215,191.75275112917495,1,0.0,-500s control fits as well or better
scan-hop-8a7c8202a5bf67c8,sha256:ac2147cf9d90681e72af008b4cd5d5a01617b1aab4f2bfaad226a009a2b7e4f0,2,lower,195.423557375,215.470198088,20.046640712999988,69372,113.57230181403492,332.10962949188803,1,-3.0,-500s control fits as well or better
scan-hop-8a7c8202a5bf67c8,sha256:33e14698452cfd27bde018d2bb56b27459ea73da5d8af8cab58c3e4c6b350ad8,1,upper,215.596797832,235.872277198,20.275479366000013,63708,33.92005255816537,476.11901277234335,2,5.0,leader changes on heldout; time-shift boundary; -500s control fits as well or better
scan-hop-c997353435840769,sha256:985ba82aa66efaaf59d6cd68706647736441523a6a181e2855f296dc573ce24e,2,lower,82.159930163,119.096052078,36.936121915,62135,94.76247781548014,178.32760358376407,1,-4.0,passes descriptive checks; candidate only
scan-hop-c997353435840769,sha256:11f4b7cac88b5fceb52d1f72d15980c9a3bd16574427492d5ce77d8c6afd360d,1,lower,82.789247815,118.8440514,36.054803585,62135,91.66512225607241,141.62196293498207,1,-4.0,passes descriptive checks; candidate only
scan-hop-c997353435840769,sha256:6695425e1b11ac76792cf181a0f496bc265b71b62c44b23c6358cccc06f31d04,3,lower,82.914637036,121.86669217,38.95205513399999,62135,92.39405056314654,138.18462915775828,1,-4.0,passes descriptive checks; candidate only
scan-hop-c997353435840769,sha256:87c7fdb3cfdd859ec8eb6e8ab154142a361f411b540798fe7fc68bb1543e1eae,2,upper,84.301282503,118.718518355,34.417235852000005,62135,68.65184909310548,135.73380127077615,1,-4.0,passes descriptive checks; candidate only
scan-hop-c997353435840769,sha256:f71470da05dded04ec96f2b67fe3ac943d4f7f7e6f87ef8da1389a9bbba98b5f,3,upper,90.861317354,121.23736172,30.376044366000002,62135,65.78292124262983,95.34400805261976,1,-5.0,time-shift boundary; 500s control fits as well or better
scan-hop-c997353435840769,sha256:69119c8a260bbf516f9ef228b77f68666273e6de2bdd5a30249d43f4aa0b66c9,1,lower,149.692090912,176.008143895,26.31605298299999,69360,33.36244819927066,48.56594723683464,1,-1.0,passes descriptive checks; candidate only
scan-hop-c997353435840769,sha256:1e4c5daf7b26fdfac8f8ee0f32d50127bead2e14656aa786edd767bbe537875c,1,upper,150.06809352,175.504145544,25.43605202400002,69360,85.8187985725185,106.95732510917263,1,-2.0,passes descriptive checks; candidate only
scan-hop-c997353435840769,sha256:d77dedd60c5a8049e19a9358208c3266c027b04944438d9e827cf69e10561781,3,lower,185.569513234,211.291766091,25.722252857,63720,41.35213460423043,155.90099629929225,1,-4.0,passes descriptive checks; candidate only
scan-hop-c997353435840769,sha256:aafa255f59100f39e0606fee7c1d400192edd8b4c42eb2b703d12150ea3ea1c9,2,upper,194.523792041,220.241518576,25.717726534999997,63720,67.24877273934865,183.23130042341094,1,-3.0,passes descriptive checks; candidate only
scan-hop-c997353435840769,sha256:1f923789f8069970058758e7cebcfbdc25b6087c261409630996936ad0e026d1,2,lower,194.774826126,222.882841533,28.10801540700001,63720,37.343034394833445,251.7324897973189,1,-3.0,passes descriptive checks; candidate only
scan-hop-82e3eef31eb77a1f,sha256:914a15bfe4fa5fc7766439f6d46db60e90e1ca66bff8a61a311b593efa30225e,2,lower,104.957048312,133.558427075,28.601378763,67639,20.44598287708926,72.6810500124849,1,-1.0,passes descriptive checks; candidate only
scan-hop-82e3eef31eb77a1f,sha256:55339ea9a41e3b558c90f71aa7b3ae3d42ad72c8be130bc39a93d13d026f8d1e,1,lower,112.638402665,134.062412587,21.42400992200001,67639,73.90128188098417,91.05565242907693,1,-2.0,passes descriptive checks; candidate only
scan-hop-82e3eef31eb77a1f,sha256:9db5a80a79a2eb672b48fadadd254f68fa47ebd27a83cfe4dd5dcf78b1a8dbf0,3,upper,129.654251601,153.449018602,23.794767000999997,59242,55.414145035952416,135.687589774219,2,-1.0,leader changes on heldout
scan-hop-82e3eef31eb77a1f,sha256:ecacf582eeb26bbffc30261a4b35d57b05975df7903e8eb5b92abac5dadd79f3,2,lower,134.440340663,171.869026117,37.428685454000004,59242,170.12826785347139,247.7079144331783,1,-1.0,passes descriptive checks; candidate only
scan-hop-82e3eef31eb77a1f,sha256:7f4609f13d00e71f8da7da04c4c677c0de6f60c2993ce81f32b132d3771ecb71,1,lower,211.681054461,238.415805963,26.734751501999995,67625,146.02597297452914,102.01255859630973,1,-1.0,500s control fits as well or better
scan-hop-82e3eef31eb77a1f,sha256:30b327584e6aa6e25ae56b3f3e4144bb069e345d3236844dd6f4d07cd30b284e,2,lower,223.039795908,251.763235202,28.723439294000002,67625,32.01343886709532,41.604866443419226,1,-1.0,passes descriptive checks; candidate only
scan-hop-82e3eef31eb77a1f,sha256:6ed9072d5e58bfeabd63631756e56baa05d9dbbe74cc3ae9b71728cc820c65be,2,upper,224.426481423,251.889169048,27.462687625,67625,24.774486540313887,50.92958006715851,1,-1.0,passes descriptive checks; candidate only
scan-hop-82e3eef31eb77a1f,sha256:67b37f8a174f141d7d14c977701059a3f4f550917e6d3f621d7222d6409af90e,4,lower,224.803830793,251.385847193,26.582016399999986,67625,39.07540472057945,41.1492884197678,1,-1.0,passes descriptive checks; candidate only
scan-hop-82e3eef31eb77a1f,sha256:36d0e796659cdf2c9575ba09cc4670872deacfcf9152ac6e22650b14b4d8d1d6,2,lower,271.29451158,296.594417799,25.29990621899998,58196,47.214114393952066,227.48868047693938,1,-4.0,passes descriptive checks; candidate only
scan-hop-966bb8eec823f15c,sha256:0256c0861d4be4d6f928c7dca986226f18f4d245fe7d4ccde4735e25e65a3685,1,upper,45.223706245,73.826750157,28.603043912000004,62182,20.63859149154798,49.95738094106832,1,-1.0,passes descriptive checks; candidate only
scan-hop-966bb8eec823f15c,sha256:d5a21283dffbb100df6e93261c775ffc0fa81360e173c3f4645c8c00f1479e17,1,lower,47.486812521,73.302623102,25.815810581,62182,20.243218710726808,49.773958031172086,1,-1.0,passes descriptive checks; candidate only
scan-hop-966bb8eec823f15c,sha256:3bab3b9342e6ce010a43d86e3a5efb7ce8b7754db77a5cc0e94b59d0287cf7d3,4,lower,77.984451734,103.693901627,25.709449893,67618,54.12630729517585,130.23594825476977,1,0.0,passes descriptive checks; candidate only
scan-hop-966bb8eec823f15c,sha256:7ebc9e32cf220d167588c4065412a6a33f0fa4558a0e881c345ea008c421267c,2,upper,104.952595384,134.053963689,29.101368304999994,68299,81.8454144608929,101.92401390879276,1,-2.0,passes descriptive checks; candidate only
scan-hop-966bb8eec823f15c,sha256:026379fe574e0061d889544ecc79aac2777fb72b8b37e716bd67f55d595e255f,2,lower,105.077929652,134.305962805,29.228033153000013,68299,47.09584683825356,120.38808126377057,1,-2.0,passes descriptive checks; candidate only
scan-hop-966bb8eec823f15c,sha256:10d2167439a40a966649f0cb14a5298c8944cc2f2157f391316fba4f6a5a431a,4,upper,108.605823629,153.837946096,45.232122466999996,59241,97.13756737876139,81.56083347300488,1,-1.0,passes descriptive checks; candidate only
scan-hop-966bb8eec823f15c,sha256:e97e16d74611f95a1c1256f596f1724b8c304d0970b32f394deccfdf44d0e953,4,lower,108.729824682,153.083279903,44.353455221000004,59241,82.90938203498487,39.74528320068833,1,-1.0,passes descriptive checks; candidate only
scan-hop-966bb8eec823f15c,sha256:61a148828f6847a57b0f55427fcdab2d89e95629132650e77b359c39baf1e0e6,1,lower,119.941924527,150.691359716,30.749435188999996,64619,42.65791832404235,68.63219610169992,1,-2.0,passes descriptive checks; candidate only
scan-hop-966bb8eec823f15c,sha256:2c271835fcdefdcb23c182250e32c63b2132e4dc6221128b9585691377eb90fd,1,upper,122.207275761,149.559360598,27.352084837000007,64619,36.93596024494567,56.88300638450692,1,-2.0,passes descriptive checks; candidate only
scan-hop-fcd4703daa52a827,sha256:2710355bb3f52f328b26cf0e1b8302357caf485b933f80a1261b49e8ed313f2a,1,lower,45.619042661,73.075092566,27.456049904999993,63840,25.49676552115879,71.49925940367349,1,-1.0,passes descriptive checks; candidate only
scan-hop-fcd4703daa52a827,sha256:5ccec97835408637b3c379a51f3c86e71470c770bd505785ffd6fc339acd64eb,1,upper,46.372380646,68.794797712,22.422417066,63840,27.395306341607178,74.58183874422365,1,-1.0,passes descriptive checks; candidate only
scan-hop-fcd4703daa52a827,sha256:4f3239340db1682350e76d7064c05e586801ae3e1ce1af14afc71800ed36a1b9,3,upper,179.674846187,208.657443397,28.982597209999994,62171,83.81863471159036,58.125315468836476,1,0.0,passes descriptive checks; candidate only
scan-hop-fcd4703daa52a827,sha256:9c9284166f594b7ad2b8d53d4caa7bdeb856901dc415ac458f0e6c02585c17e0,3,lower,180.178846982,214.196070679,34.01722369699999,62171,61.45395970545553,88.55768631224191,1,0.0,passes descriptive checks; candidate only
scan-hop-fcd4703daa52a827,sha256:401f06e4c846973642c940bdaa3357387ffc8076d43e2a46275d9fd27db32641,2,upper,222.504143202,244.536532442,22.032389240000015,58183,111.54789213502242,164.1515492560781,1,-2.0,radio drift fits as well or better
scan-hop-fcd4703daa52a827,sha256:4ee11510cd6bb052e5317691a959a9a28471c9cabfebc3159908d00ae7b94c66,2,lower,222.629832732,245.920529725,23.290696992999983,58183,47.35061181857573,84.82230422279005,1,-1.0,passes descriptive checks; candidate only
scan-hop-fcd4703daa52a827,sha256:e438be5cec7bf8fa623ef6fa2e7d4a450ec00262f877c38d6f941d2e4082d341,1,upper,225.021799837,245.668540034,20.646740196999986,58183,61.7762236905985,202.4582782424338,1,-2.0,passes descriptive checks; candidate only
scan-hop-fcd4703daa52a827,sha256:ee92fdae18754e971aac9b8837b3488ef2230d7447edd548f6b7a495a8133db1,2,lower,274.015185739,298.957947582,24.94276184299997,63858,44.386358599465815,51.97122907620728,1,-1.0,passes descriptive checks; candidate only
scan-hop-c385aedb1181e285,sha256:a2c18d48e26325932c93eda7667a50f4bff2ece83afbf9bba41b17f792294c17,3,upper,78.258227367,104.986205776,26.727978409000002,64711,49.46280264928269,148.00949550918708,1,0.0,passes descriptive checks; candidate only
scan-hop-c385aedb1181e285,sha256:0b22cc7f1a01f6f8a1b59bea0cb031aba794da82155128a7a2b8f2cf17011edc,3,lower,78.887566379,103.853031095,24.965464716,64711,40.784825233483154,132.81099592745957,1,0.0,passes descriptive checks; candidate only
scan-hop-c385aedb1181e285,sha256:60985ff4ec50a2b16cc96c8d2339ea08d7164c29195f122f2ae111ae18395d09,4,lower,197.549268022,221.350394037,23.801126014999994,65422,17.52958764472779,75.45791814895847,1,-1.0,passes descriptive checks; candidate only
scan-hop-c385aedb1181e285,sha256:c9c733ae2ef86133265d7687d5845a7bcaf5b776e3faf8a1d0466e3715192322,3,lower,249.947151375,285.454419209,35.507267833999975,63860,64.35057019919682,128.85383514139622,1,0.0,passes descriptive checks; candidate only
scan-hop-c385aedb1181e285,sha256:a30e39f698f8c26161a4f7178617f85bc66efe18ff626d8cea613e642101dfee,3,upper,251.205161833,286.083755851,34.87859401799997,63860,85.16142714373343,147.72975704528767,1,0.0,passes descriptive checks; candidate only
scan-hop-9e4724f933719f16,sha256:53cf70669e5702d9287e947aa1d48441ba60932756a141931367cace5a0aa423,3,lower,0.271105673,20.440894579,20.169788905999997,60416,11.382911494698153,60.74381461207665,1,1.0,passes descriptive checks; candidate only
scan-hop-9e4724f933719f16,sha256:91f4e70c7f050ad92dfc99e6cc83c0a7034dd2f103e1dfcb3922d58f89b6f1af,1,lower,28.253607335,52.813735476,24.560128140999996,57612,41.944874878402516,117.26550083248235,1,0.0,passes descriptive checks; candidate only
scan-hop-9e4724f933719f16,sha256:9482a4894e9402947dd9dd2ef9a85fbe73a5ea23ca35e3c858e299fc8e676e3a,2,lower,29.388287709,74.22695584,44.838668131000006,57612,79.41731345657098,203.7977599462609,1,0.0,passes descriptive checks; candidate only
scan-hop-9e4724f933719f16,sha256:adddcfbfaec409dffd7f063b1030d5030e5c4e3216bff216a97f76b61f2c6010,2,upper,29.890959146,73.472412135,43.581452989,57612,104.36084434334848,191.607979970267,1,0.0,passes descriptive checks; candidate only
scan-hop-9e4724f933719f16,sha256:4758da79043a5d9291397ad5565de3abc8ff1c34256012ae34e53e037654ffc0,1,upper,50.921724927,73.34709857,22.425373643,57612,44.72240494190741,105.26109535561476,1,-1.0,passes descriptive checks; candidate only
scan-hop-9e4724f933719f16,sha256:1e98705a378fe07cd973748cf1b391ca0ae22e9ea2a231162c61c4ff33803ae8,4,lower,62.646634868,90.221807703,27.575172834999996,69265,31.889855619493712,21.901549774689954,1,0.0,passes descriptive checks; candidate only
scan-hop-9e4724f933719f16,sha256:0b0c04197b1498a05613427d0976a8cf4241c9572da3cf2da7f5cd60b716e677,3,lower,86.061666091,116.04146669,29.979800598999987,63069,59.513241510265566,128.68366381029298,1,0.0,passes descriptive checks; candidate only
scan-hop-9e4724f933719f16,sha256:13b09e1807e56894276c8f5abf9ad971e57af88fe10db711d516b2d3ff0c15b1,3,upper,86.826339332,115.916457687,29.090118355,63069,61.590728903596265,135.9282810528654,1,0.0,passes descriptive checks; candidate only
scan-hop-9e4724f933719f16,sha256:e08b535c17233b96cc681c2a8bd5df1780626fc7f7145c669028f270d8743277,1,lower,161.531150763,196.537254489,35.00610372599999,57651,536.6932936037406,1563.7374805514676,2,-5.0,leader changes on heldout; time-shift boundary; radio drift fits as well or better; -500s control fits as well or better
scan-hop-9e4724f933719f16,sha256:fce96c8ecd6f1a19cb3e3d5a10b7af3c50e871ba299a04271758872b4f09245e,1,upper,165.305374231,196.160459566,30.855085334999984,57651,77.84026540954774,87.02558842726319,1,0.0,passes descriptive checks; candidate only
scan-hop-9e4724f933719f16,sha256:35350264b5ddf3478cd4948403fdcea171cd26097fce7473ab9a825fc5f4ec44,1,lower,276.758401012,298.805931076,22.047530064,59645,26.71505862985493,142.83602462512698,1,0.0,passes descriptive checks; candidate only
scan-hop-2e5291e998d9539d,sha256:bdb2e28a9e0d105db9d62cbbb97a76611d6cd7bb33e9c44d3072d4d436d2fb99,1,lower,21.665925185,43.977988999,22.312063814,62742,28.468805791053192,205.67068632968068,2,-1.0,leader changes on heldout
scan-hop-2e5291e998d9539d,sha256:1b6319ada3fd1f665724a28030c4bd7c2cfea73b12f1ed1fa46da015d23f8445,4,upper,83.678054022,121.330144224,37.652090202,49436,109.43607219030727,135.91029447567874,1,-5.0,time-shift boundary
scan-hop-2e5291e998d9539d,sha256:6d0d48c9b12c22f94205340482f8d186135d9d27666ed899e04532b774225593,4,lower,84.936731405,121.456810423,36.52007901799999,49436,75.1957492311902,105.79774478263501,1,-5.0,time-shift boundary
scan-hop-2e5291e998d9539d,sha256:47b844115d73f3d5fa79f7b3f64c5fb61910f9395e0d051ccd63e20fef80af15,1,lower,134.556668145,169.180740418,34.624072272999996,57618,24.861136358896907,117.85618711844924,1,1.0,500s control fits as well or better
scan-hop-2e5291e998d9539d,sha256:1c410c799c1dee565e468dbb27fbdb0191fc40f473aea595732ee24ec3e9cf1a,1,upper,134.682002381,170.944733821,36.26273144000001,57618,76.97075806392976,97.85368532944419,1,1.0,500s control fits as well or better
scan-hop-2e5291e998d9539d,sha256:2758c94cefb875075d9fd1328334996d4a2dab909fa0665cc41a2973a0764102,4,lower,241.519343146,269.362146539,27.84280339299997,66351,55.7035793166676,580.1151589905708,3,0.0,leader changes on heldout; -500s control fits as well or better; 500s control fits as well or better
scan-hop-2e5291e998d9539d,sha256:0a3375127f4f678971f89e01e28aea3a88dc31ea9c0250cea1e48ebbb68f7aa8,4,upper,242.148273981,271.507393109,29.35911912800003,66351,62.70935638012161,614.9161425820281,3,0.0,leader changes on heldout; -500s control fits as well or better; 500s control fits as well or better
scan-hop-2e5291e998d9539d,sha256:dce55fd3029ca4792021b0bac7a5244f85e515ad6ecdb5271841b162dbca943e,2,lower,270.498128776,299.730211293,29.232082517000038,65679,76.8656499410396,133.9959295099669,1,-1.0,passes descriptive checks; candidate only
scan-hop-2e5291e998d9539d,sha256:819110e5ac15664330aef942bae8d310df9c029fd8da42fd887013c5ea390cb4,4,lower,274.407118025,299.351605519,24.944487493999986,65679,69.60947892812962,92.79542580690125,1,-1.0,passes descriptive checks; candidate only
scan-hop-2e5291e998d9539d,sha256:20a862d665118c43b36428522e1c0a7e33de0d45ad8d493ba3947a3dd3b582eb,4,upper,276.927303418,299.604938792,22.677635373999976,65679,56.43102109802189,56.26446893392189,1,-1.0,passes descriptive checks; candidate only
scan-hop-ccd4ff7d73b8e12e,sha256:14a14da793d7b50df0eb49df5723f81333476ddefed79c479c96a0fed70e4a77,2,lower,30.012652462,60.746155948,30.733503486000004,63202,34.29368102314096,104.86384096580825,1,0.0,passes descriptive checks; candidate only
scan-hop-ccd4ff7d73b8e12e,sha256:4194f824d0661b82e411170595a237f00893d9ae4063816ef01d32c5640a4256,2,upper,40.485988927,62.130156771,21.644167844000002,63202,60.204847801507526,68.91320249144303,1,0.0,passes descriptive checks; candidate only
scan-hop-ccd4ff7d73b8e12e,sha256:95bd0d124724f72a37a192d73ad153c1ea8b22d081937e31500af4f78a302826,2,lower,117.689292333,160.395810083,42.70651774999999,67192,39.95124459250068,299.3853410358157,1,-1.0,passes descriptive checks; candidate only
scan-hop-ccd4ff7d73b8e12e,sha256:2bdb851234bcfbedb95ada48b43e0d242ed58bbf34e9db4e28b11fdadceb0b21,1,upper,240.572775321,268.294295001,27.72151968000003,61629,53.47919738665017,108.76727346049225,1,-1.0,passes descriptive checks; candidate only
scan-hop-ccd4ff7d73b8e12e,sha256:0c2815d59bf4765455c79690634acc899bf6a05459cb0f0a3854d49c2b681ede,1,lower,242.087600266,268.419627942,26.332027675999967,61629,33.51382766392884,122.93102973734275,1,-1.0,passes descriptive checks; candidate only
