blocked_status,common_blocked_rms_hz,common_full_rms_hz,common_heldout_rms_hz,episode_id,heldout_count,label,maximum_retained_gap_s,observations,own_heldout_rms_hz,profile,reason,retained_count,retained_full_rms_hz,retained_span_s,retention,sample_rate_hz,segment_count,session_id,span_s,split,status,training_retention
ok,135.82489736086268,130.72653374871123,1380.512133186548,E04,65,CH2LU RX0+1,1.0147868690000053,159,1380.512133186548,baseline,,159,130.72653374871123,42.209400066,1.0,2500000,4,scan-hop-8c7ccd34793a0d9e,42.209400066,development,ok,1.0
ok,135.82489736086268,130.72653374871123,1380.512133186548,E04,65,CH2LU RX0+1,1.0147868690000053,159,1380.512133186548,margin_0.05,,159,130.72653374871123,42.209400066,1.0,2500000,4,scan-hop-8c7ccd34793a0d9e,42.209400066,development,ok,1.0
ok,135.82489736086268,130.72653374871123,1380.512133186548,E04,65,CH2LU RX0+1,1.0147868690000053,159,1380.512133186548,margin_0.075,,159,130.72653374871123,42.209400066,1.0,2500000,4,scan-hop-8c7ccd34793a0d9e,42.209400066,development,ok,1.0
ok,135.82489736086268,130.72653374871123,1380.512133186548,E04,65,CH2LU RX0+1,1.0147868690000053,159,1380.512133186548,margin_0.1,,159,130.72653374871123,42.209400066,1.0,2500000,4,scan-hop-8c7ccd34793a0d9e,42.209400066,development,ok,1.0
ok,135.82489736086268,130.72653374871123,1380.512133186548,E04,65,CH2LU RX0+1,1.0147868690000053,159,1380.512133186548,margin_0.15,,159,130.72653374871123,42.209400066,1.0,2500000,4,scan-hop-8c7ccd34793a0d9e,42.209400066,development,ok,1.0
ok,135.82489736086268,130.72653374871123,1380.512133186548,E04,65,CH2LU RX0+1,1.0147868690000053,159,1380.512133186548,margin_0.2,,159,130.72653374871123,42.209400066,1.0,2500000,4,scan-hop-8c7ccd34793a0d9e,42.209400066,development,ok,1.0
ok,155.04335127840048,145.67378982482964,1230.0101660817022,E04,65,CH2LU RX0+1,11.066679305999997,159,1230.0101660817022,top_1,,56,126.17786573361475,39.195874185,0.3522012578616352,2500000,4,scan-hop-8c7ccd34793a0d9e,42.209400066,development,ok,0.32978723404255317
ok,139.61627424582682,134.72159275585136,752.7179629493452,E04,65,CH2LU RX0+1,9.054909834999997,159,752.7179629493452,top_2,,102,112.67025016840418,41.708069339000005,0.6415094339622641,2500000,4,scan-hop-8c7ccd34793a0d9e,42.209400066,development,ok,0.6170212765957447
ok,136.85089349856662,131.56305548808976,1133.6258316813612,E04,65,CH2LU RX0+1,4.030668573,159,1133.6258316813612,top_4,,139,129.15982375911256,42.209400066,0.8742138364779874,2500000,4,scan-hop-8c7ccd34793a0d9e,42.209400066,development,ok,0.8617021276595744
ok,136.13569754747974,131.78624857999012,1247.4268056479589,E04,65,CH2LU RX0+1,1.0147868690000053,159,1247.4268056479589,bounded_score_weight,,159,131.78624857999012,42.209400066,1.0,2500000,4,scan-hop-8c7ccd34793a0d9e,42.209400066,development,ok,1.0
ok,136.1103651831903,131.97971640914085,1214.307005582912,E04,65,CH2LU RX0+1,1.0147868690000053,159,1214.307005582912,production_score_weight,,159,131.97971640914085,42.209400066,1.0,2500000,4,scan-hop-8c7ccd34793a0d9e,42.209400066,development,ok,1.0
ok,139.0618789975057,131.90272222201045,1009.544918592729,E04,65,CH2LU RX0+1,1.0147868690000053,159,1009.7231139725944,integer_epoch,,159,131.43846146175596,42.209400066,1.0,2500000,4,scan-hop-8c7ccd34793a0d9e,42.209400066,development,ok,1.0
ok,111.6173998430102,100.25808701349831,437.7472669028478,E02,64,CH2LU RX0+1,1.0133278349999983,153,437.7472669028478,baseline,,153,100.25808701349831,50.324144039000004,1.0,5000000,4,scan-hop-444c34930efd42e1,50.324144039000004,development,ok,1.0
ok,111.6173998430102,100.25808701349831,437.7472669028478,E02,64,CH2LU RX0+1,1.0133278349999983,153,437.7472669028478,margin_0.05,,153,100.25808701349831,50.324144039000004,1.0,5000000,4,scan-hop-444c34930efd42e1,50.324144039000004,development,ok,1.0
ok,111.6173998430102,100.25808701349831,437.7472669028478,E02,64,CH2LU RX0+1,1.0133278349999983,153,437.7472669028478,margin_0.075,,153,100.25808701349831,50.324144039000004,1.0,5000000,4,scan-hop-444c34930efd42e1,50.324144039000004,development,ok,1.0
ok,111.6173998430102,100.25808701349831,437.7472669028478,E02,64,CH2LU RX0+1,1.0133278349999983,153,437.7472669028478,margin_0.1,,153,100.25808701349831,50.324144039000004,1.0,5000000,4,scan-hop-444c34930efd42e1,50.324144039000004,development,ok,1.0
ok,111.6173998430102,100.25808701349831,437.7472669028478,E02,64,CH2LU RX0+1,1.0133278349999983,153,437.7472669028478,margin_0.15,,153,100.25808701349831,50.324144039000004,1.0,5000000,4,scan-hop-444c34930efd42e1,50.324144039000004,development,ok,1.0
ok,111.00058451488853,100.3027864442889,436.60624639565117,E02,64,CH2LU RX0+1,2.0133449100000007,153,436.60624639565117,margin_0.2,,151,99.71593895843917,50.324144039000004,0.9869281045751634,5000000,4,scan-hop-444c34930efd42e1,50.324144039000004,development,ok,0.9775280898876404
ok,119.14800008637248,112.03703227814741,481.04439651227574,E02,64,CH2LU RX0+1,9.060014172999999,153,481.04439651227574,top_1,,66,72.49258237984711,50.324144039000004,0.43137254901960786,5000000,4,scan-hop-444c34930efd42e1,50.324144039000004,development,ok,0.48314606741573035
ok,112.71028029388019,104.8128085756767,274.6992682708519,E02,64,CH2LU RX0+1,9.060014172999999,153,274.6992682708519,top_2,,120,72.28741204550546,50.324144039000004,0.7843137254901961,5000000,4,scan-hop-444c34930efd42e1,50.324144039000004,development,ok,0.7865168539325843
ok,112.14992562230607,100.62602854989264,308.04552964291713,E02,64,CH2LU RX0+1,3.018686368000001,153,308.04552964291713,top_4,,138,90.24020066576833,50.324144039000004,0.9019607843137255,5000000,4,scan-hop-444c34930efd42e1,50.324144039000004,development,ok,0.898876404494382
ok,111.39599612691299,100.97416722715948,301.61069245178606,E02,64,CH2LU RX0+1,1.0133278349999983,153,301.61069245178606,bounded_score_weight,,153,100.97416722715948,50.324144039000004,1.0,5000000,4,scan-hop-444c34930efd42e1,50.324144039000004,development,ok,1.0
ok,111.19855911256288,101.04539335114146,295.37339891695643,E02,64,CH2LU RX0+1,1.0133278349999983,153,295.37339891695643,production_score_weight,,153,101.04539335114146,50.324144039000004,1.0,5000000,4,scan-hop-444c34930efd42e1,50.324144039000004,development,ok,1.0
ok,110.06699237789401,100.63500511594935,422.5108582736993,E02,64,CH2LU RX0+1,1.0133278349999983,153,422.5108582736993,integer_epoch,,153,99.83456061450329,50.324144039000004,1.0,5000000,4,scan-hop-444c34930efd42e1,50.324144039000004,development,ok,1.0
ok,113.04206742420833,104.37710705554233,372.8780993788063,E03,71,CH1LU RX0+1,1.0133335270000003,171,372.8780993788063,baseline,,171,104.37710705554233,50.32387777700001,1.0,5000000,4,scan-hop-444c34930efd42e1,50.32387777700001,development,ok,1.0
ok,113.04206742420833,104.37710705554233,372.8780993788063,E03,71,CH1LU RX0+1,1.0133335270000003,171,372.8780993788063,margin_0.05,,171,104.37710705554233,50.32387777700001,1.0,5000000,4,scan-hop-444c34930efd42e1,50.32387777700001,development,ok,1.0
ok,113.04206742420833,104.37710705554233,372.8780993788063,E03,71,CH1LU RX0+1,1.0133335270000003,171,372.8780993788063,margin_0.075,,171,104.37710705554233,50.32387777700001,1.0,5000000,4,scan-hop-444c34930efd42e1,50.32387777700001,development,ok,1.0
ok,113.04206742420833,104.37710705554233,372.8780993788063,E03,71,CH1LU RX0+1,1.0133335270000003,171,372.8780993788063,margin_0.1,,171,104.37710705554233,50.32387777700001,1.0,5000000,4,scan-hop-444c34930efd42e1,50.32387777700001,development,ok,1.0
ok,113.04206742420833,104.37710705554233,372.8780993788063,E03,71,CH1LU RX0+1,1.0133335270000003,171,372.8780993788063,margin_0.15,,171,104.37710705554233,50.32387777700001,1.0,5000000,4,scan-hop-444c34930efd42e1,50.32387777700001,development,ok,1.0
ok,112.93216893155561,104.42221740244148,361.16076268532333,E03,71,CH1LU RX0+1,1.0133335270000003,171,361.16076268532333,margin_0.2,,170,103.80568708332872,50.32387777700001,0.9941520467836257,5000000,4,scan-hop-444c34930efd42e1,50.32387777700001,development,ok,0.99
ok,119.45239212091074,108.28342553386656,1078.6792544103293,E03,71,CH1LU RX0+1,12.070577876999998,171,1078.6792544103293,top_1,,75,103.72218034840333,49.821215248,0.43859649122807015,5000000,4,scan-hop-444c34930efd42e1,50.32387777700001,development,ok,0.45
ok,116.29350617609468,108.63913052524002,569.8609241296375,E03,71,CH1LU RX0+1,9.053265187000001,171,569.8609241296375,top_2,,141,88.97837558006881,50.32387777700001,0.8245614035087719,5000000,4,scan-hop-444c34930efd42e1,50.32387777700001,development,ok,0.81
ok,114.69345297324152,104.76498019795426,568.6215189598782,E03,71,CH1LU RX0+1,6.035927856000001,171,568.6215189598782,top_4,,151,98.25141236506848,50.32387777700001,0.8830409356725146,5000000,4,scan-hop-444c34930efd42e1,50.32387777700001,development,ok,0.88
ok,113.23150481757419,104.8758146538322,358.579412533296,E03,71,CH1LU RX0+1,1.0133335270000003,171,358.579412533296,bounded_score_weight,,171,104.8758146538322,50.32387777700001,1.0,5000000,4,scan-hop-444c34930efd42e1,50.32387777700001,development,ok,1.0
ok,113.24966753483847,104.89690332364881,355.2836089163305,E03,71,CH1LU RX0+1,1.0133335270000003,171,355.2836089163305,production_score_weight,,171,104.89690332364881,50.32387777700001,1.0,5000000,4,scan-hop-444c34930efd42e1,50.32387777700001,development,ok,1.0
ok,112.15374106328882,104.59004390378516,243.5162187235733,E03,71,CH1LU RX0+1,1.0133335270000003,171,243.5162187235733,integer_epoch,,171,101.5840829801027,50.32387777700001,1.0,5000000,4,scan-hop-444c34930efd42e1,50.32387777700001,development,ok,1.0
ok,70.27911287692264,62.569037530039175,179.1421590816575,E04,25,CH4LU RX1,1.0114812999999998,62,179.1421590816575,baseline,,62,62.569037530039175,31.206768098999998,1.0,5000000,2,scan-hop-444c34930efd42e1,31.206768098999998,development,ok,1.0
ok,70.27911287692264,62.569037530039175,179.1421590816575,E04,25,CH4LU RX1,1.0114812999999998,62,179.1421590816575,margin_0.05,,62,62.569037530039175,31.206768098999998,1.0,5000000,2,scan-hop-444c34930efd42e1,31.206768098999998,development,ok,1.0
ok,70.27911287692264,62.569037530039175,179.1421590816575,E04,25,CH4LU RX1,1.0114812999999998,62,179.1421590816575,margin_0.075,,62,62.569037530039175,31.206768098999998,1.0,5000000,2,scan-hop-444c34930efd42e1,31.206768098999998,development,ok,1.0
ok,70.27911287692264,62.569037530039175,179.1421590816575,E04,25,CH4LU RX1,1.0114812999999998,62,179.1421590816575,margin_0.1,,62,62.569037530039175,31.206768098999998,1.0,5000000,2,scan-hop-444c34930efd42e1,31.206768098999998,development,ok,1.0
ok,70.27911287692264,62.569037530039175,179.1421590816575,E04,25,CH4LU RX1,1.0114812999999998,62,179.1421590816575,margin_0.15,,62,62.569037530039175,31.206768098999998,1.0,5000000,2,scan-hop-444c34930efd42e1,31.206768098999998,development,ok,1.0
ok,70.27911287692264,62.569037530039175,179.1421590816575,E04,25,CH4LU RX1,1.0114812999999998,62,179.1421590816575,margin_0.2,,62,62.569037530039175,31.206768098999998,1.0,5000000,2,scan-hop-444c34930efd42e1,31.206768098999998,development,ok,1.0
ok,70.67938984273941,64.72940997026825,387.9459706687551,E04,25,CH4LU RX1,4.032027875000004,62,387.9459706687551,top_1,,35,22.994710095017016,31.206768098999998,0.5645161290322581,5000000,2,scan-hop-444c34930efd42e1,31.206768098999998,development,ok,0.6486486486486487
ok,69.83626127207046,64.44402061087419,326.58883311776805,E04,25,CH4LU RX1,2.014371042999997,62,326.58883311776805,top_2,,58,22.635400919456035,31.206768098999998,0.9354838709677419,5000000,2,scan-hop-444c34930efd42e1,31.206768098999998,development,ok,0.918918918918919
ok,69.03232784479853,63.63648990704323,168.63691442822355,E04,25,CH4LU RX1,2.012212798,62,168.63691442822355,top_4,,60,46.962140116523706,31.206768098999998,0.967741935483871,5000000,2,scan-hop-444c34930efd42e1,31.206768098999998,development,ok,0.972972972972973
ok,70.04871132443229,62.751501724831535,231.6277520565324,E04,25,CH4LU RX1,1.0114812999999998,62,231.6277520565324,bounded_score_weight,,62,62.751501724831535,31.206768098999998,1.0,5000000,2,scan-hop-444c34930efd42e1,31.206768098999998,development,ok,1.0
ok,70.04871132443704,62.75150172482988,231.62775205674507,E04,25,CH4LU RX1,1.0114812999999998,62,231.62775205674507,production_score_weight,,62,62.75150172482988,31.206768098999998,1.0,5000000,2,scan-hop-444c34930efd42e1,31.206768098999998,development,ok,1.0
ok,68.73893940295112,64.00274815648625,179.1421590816575,E04,25,CH4LU RX1,1.0114812999999998,62,180.81253873359918,integer_epoch,,62,47.8927849238996,31.206768098999998,1.0,5000000,2,scan-hop-444c34930efd42e1,31.206768098999998,development,ok,1.0
ok,105.28233973729841,98.12308003673219,563.3130247795598,E07,53,CH2LU RX0+1,1.0146688570000038,127,563.3130247795598,baseline,,127,98.12308003673219,35.729631766,1.0,5000000,4,scan-hop-444c34930efd42e1,35.729631766,development,ok,1.0
ok,105.28233973729841,98.12308003673219,563.3130247795598,E07,53,CH2LU RX0+1,1.0146688570000038,127,563.3130247795598,margin_0.05,,127,98.12308003673219,35.729631766,1.0,5000000,4,scan-hop-444c34930efd42e1,35.729631766,development,ok,1.0
ok,105.28233973729841,98.12308003673219,563.3130247795598,E07,53,CH2LU RX0+1,1.0146688570000038,127,563.3130247795598,margin_0.075,,127,98.12308003673219,35.729631766,1.0,5000000,4,scan-hop-444c34930efd42e1,35.729631766,development,ok,1.0
ok,105.28233973729841,98.12308003673219,563.3130247795598,E07,53,CH2LU RX0+1,1.0146688570000038,127,563.3130247795598,margin_0.1,,127,98.12308003673219,35.729631766,1.0,5000000,4,scan-hop-444c34930efd42e1,35.729631766,development,ok,1.0
ok,105.28233973729841,98.12308003673219,563.3130247795598,E07,53,CH2LU RX0+1,1.0146688570000038,127,563.3130247795598,margin_0.15,,127,98.12308003673219,35.729631766,1.0,5000000,4,scan-hop-444c34930efd42e1,35.729631766,development,ok,1.0
ok,105.28233973729841,98.12308003673219,563.3130247795598,E07,53,CH2LU RX0+1,1.0146688570000038,127,563.3130247795598,margin_0.2,,127,98.12308003673219,35.729631766,1.0,5000000,4,scan-hop-444c34930efd42e1,35.729631766,development,ok,1.0
ok,108.38440947654385,103.46218379360934,417.53125386391184,E07,53,CH2LU RX0+1,11.069304090999992,127,417.53125386391184,top_1,,47,75.47801855849983,32.205403558,0.3700787401574803,5000000,4,scan-hop-444c34930efd42e1,35.729631766,development,ok,0.40540540540540543
ok,104.24388572278113,102.26103753775317,457.90164001666864,E07,53,CH2LU RX0+1,5.032223454999993,127,457.90164001666864,top_2,,89,69.09835621748968,35.22696871699999,0.7007874015748031,5000000,4,scan-hop-444c34930efd42e1,35.729631766,development,ok,0.7162162162162162
ok,104.05847397368491,98.88205724633474,436.05888539785053,E07,53,CH2LU RX0+1,5.032223454999993,127,436.05888539785053,top_4,,110,93.94549756567486,35.729631766,0.8661417322834646,5000000,4,scan-hop-444c34930efd42e1,35.729631766,development,ok,0.8513513513513513
ok,105.72216781616044,98.2380280682223,579.5150381614126,E07,53,CH2LU RX0+1,1.0146688570000038,127,579.5150381614126,bounded_score_weight,,127,98.2380280682223,35.729631766,1.0,5000000,4,scan-hop-444c34930efd42e1,35.729631766,development,ok,1.0
ok,105.76844123049713,98.25266255848625,585.2121296413986,E07,53,CH2LU RX0+1,1.0146688570000038,127,585.2121296413986,production_score_weight,,127,98.25266255848625,35.729631766,1.0,5000000,4,scan-hop-444c34930efd42e1,35.729631766,development,ok,1.0
ok,104.90816348177219,98.80696916743292,542.7469647695434,E07,53,CH2LU RX0+1,1.0146688570000038,127,542.7469647695434,integer_epoch,,127,100.46336830915176,35.729631766,1.0,5000000,4,scan-hop-444c34930efd42e1,35.729631766,development,ok,1.0
ok,128.07418232291806,109.42038506197426,299.8359995370193,E18,62,CH4LU RX0+1,1.0146675040000446,148,299.8359995370193,baseline,,148,109.42038506197426,44.79002180700002,1.0,5000000,6,scan-hop-444c34930efd42e1,44.79002180700002,development,ok,1.0
ok,128.07418232291806,109.42038506197426,299.8359995370193,E18,62,CH4LU RX0+1,1.0146675040000446,148,299.8359995370193,margin_0.05,,148,109.42038506197426,44.79002180700002,1.0,5000000,6,scan-hop-444c34930efd42e1,44.79002180700002,development,ok,1.0
ok,129.5339328831222,109.48698533753814,295.9467912430411,E18,62,CH4LU RX0+1,1.0146675040000446,148,295.9467912430411,margin_0.075,,147,109.43294819001109,44.79002180700002,0.9932432432432432,5000000,6,scan-hop-444c34930efd42e1,44.79002180700002,development,ok,0.9883720930232558
ok,130.99007319440966,109.55658284569037,295.98272747771836,E18,62,CH4LU RX0+1,1.0146675040000446,148,295.98272747771836,margin_0.1,,146,109.74217042115959,44.79002180700002,0.9864864864864865,5000000,6,scan-hop-444c34930efd42e1,44.79002180700002,development,ok,0.9767441860465116
ok,130.99007319440966,109.55658284569037,295.98272747771836,E18,62,CH4LU RX0+1,1.0146675040000446,148,295.98272747771836,margin_0.15,,146,109.74217042115959,44.79002180700002,0.9864864864864865,5000000,6,scan-hop-444c34930efd42e1,44.79002180700002,development,ok,0.9767441860465116
ok,125.0426242540276,111.98702625161008,288.13245237399406,E18,62,CH4LU RX0+1,2.012011969000014,148,288.13245237399406,margin_0.2,,144,101.93313512299258,44.79002180700002,0.972972972972973,5000000,6,scan-hop-444c34930efd42e1,44.79002180700002,development,ok,0.9534883720930233
,,,,E18,62,CH4LU RX0+1,,148,,top_1,fewer than four training observations in a source segment,80,,,0.5405405405405406,5000000,6,scan-hop-444c34930efd42e1,44.79002180700002,development,insufficient_support,0.5116279069767442
ok,125.38719471153068,111.54773716207593,286.353995989433,E18,62,CH4LU RX0+1,9.06905448599997,148,286.353995989433,top_2,,119,98.64420952680432,43.78334776800003,0.8040540540540541,5000000,6,scan-hop-444c34930efd42e1,44.79002180700002,development,ok,0.7093023255813954
ok,125.20551526363951,111.6087731955262,296.0869606958242,E18,62,CH4LU RX0+1,4.022692890000002,148,296.0869606958242,top_4,,128,99.25976008981334,43.78334776800003,0.8648648648648649,5000000,6,scan-hop-444c34930efd42e1,44.79002180700002,development,ok,0.8023255813953488
ok,127.67333920506555,110.47078914105201,326.4856961093015,E18,62,CH4LU RX0+1,1.0146675040000446,148,326.4856961093015,bounded_score_weight,,148,110.47078914105201,44.79002180700002,1.0,5000000,6,scan-hop-444c34930efd42e1,44.79002180700002,development,ok,1.0
ok,127.59698070063585,110.81055035376554,322.2203653460417,E18,62,CH4LU RX0+1,1.0146675040000446,148,322.2203653460417,production_score_weight,,148,110.81055035376554,44.79002180700002,1.0,5000000,6,scan-hop-444c34930efd42e1,44.79002180700002,development,ok,1.0
ok,126.96074913750714,110.44946528580333,328.9858089561781,E18,62,CH4LU RX0+1,1.0146675040000446,148,328.9858089561781,integer_epoch,,148,115.66856987463525,44.79002180700002,1.0,5000000,6,scan-hop-444c34930efd42e1,44.79002180700002,development,ok,1.0
ok,114.3496650668989,100.92312078460577,349.4508808403739,E15,23,CH4LU RX0+1,1.0133318949999932,55,349.4508808403739,baseline,,55,100.92312078460577,34.657238938000006,1.0,2500000,3,scan-hop-fb52971f6bb09c12,34.657238938000006,development,ok,1.0
ok,114.3496650668989,100.92312078460577,349.4508808403739,E15,23,CH4LU RX0+1,1.0133318949999932,55,349.4508808403739,margin_0.05,,55,100.92312078460577,34.657238938000006,1.0,2500000,3,scan-hop-fb52971f6bb09c12,34.657238938000006,development,ok,1.0
ok,114.3496650668989,100.92312078460577,349.4508808403739,E15,23,CH4LU RX0+1,1.0133318949999932,55,349.4508808403739,margin_0.075,,55,100.92312078460577,34.657238938000006,1.0,2500000,3,scan-hop-fb52971f6bb09c12,34.657238938000006,development,ok,1.0
ok,114.3496650668989,100.92312078460577,349.4508808403739,E15,23,CH4LU RX0+1,1.0133318949999932,55,349.4508808403739,margin_0.1,,55,100.92312078460577,34.657238938000006,1.0,2500000,3,scan-hop-fb52971f6bb09c12,34.657238938000006,development,ok,1.0
ok,114.3496650668989,100.92312078460577,349.4508808403739,E15,23,CH4LU RX0+1,1.0133318949999932,55,349.4508808403739,margin_0.15,,55,100.92312078460577,34.657238938000006,1.0,2500000,3,scan-hop-fb52971f6bb09c12,34.657238938000006,development,ok,1.0
ok,114.3496650668989,100.92312078460577,349.4508808403739,E15,23,CH4LU RX0+1,1.0133318949999932,55,349.4508808403739,margin_0.2,,55,100.92312078460577,34.657238938000006,1.0,2500000,3,scan-hop-fb52971f6bb09c12,34.657238938000006,development,ok,1.0
fewer than four training observations in a source segment,,118.2476428505399,442.1064566144224,E15,23,CH4LU RX0+1,18.093279292999995,55,442.1064566144224,top_1,,20,49.150976549997765,31.645261844000032,0.36363636363636365,2500000,3,scan-hop-fb52971f6bb09c12,34.657238938000006,development,ok,0.40625
ok,122.66616475509535,108.26941842893137,220.81419687501193,E15,23,CH4LU RX0+1,15.085407231000005,55,220.81419687501193,top_2,,34,57.04180105443982,33.656817571000005,0.6181818181818182,2500000,3,scan-hop-fb52971f6bb09c12,34.657238938000006,development,ok,0.59375
ok,121.38673304071679,102.8263228953072,267.4813391413813,E15,23,CH4LU RX0+1,6.029290347999989,55,267.4813391413813,top_4,,47,87.0164024320619,34.657238938000006,0.8545454545454545,2500000,3,scan-hop-fb52971f6bb09c12,34.657238938000006,development,ok,0.84375
ok,113.85613788114351,100.99493591854967,338.1350501687626,E15,23,CH4LU RX0+1,1.0133318949999932,55,338.1350501687626,bounded_score_weight,,55,100.99493591854967,34.657238938000006,1.0,2500000,3,scan-hop-fb52971f6bb09c12,34.657238938000006,development,ok,1.0
ok,113.85613788122669,100.99493591855676,338.1350501710962,E15,23,CH4LU RX0+1,1.0133318949999932,55,338.1350501710962,production_score_weight,,55,100.99493591855676,34.657238938000006,1.0,2500000,3,scan-hop-fb52971f6bb09c12,34.657238938000006,development,ok,1.0
ok,114.43644846937742,106.42789063058233,354.301926172676,E15,23,CH4LU RX0+1,1.0133318949999932,55,364.4708428798946,integer_epoch,,55,111.42520852908693,34.657238938000006,1.0,2500000,3,scan-hop-fb52971f6bb09c12,34.657238938000006,development,ok,1.0
ok,133.74674372443363,128.73113457558782,1252.979997927166,E02,51,CH1LU RX0+1,1.0191447280000006,123,1252.979997927166,baseline,,123,128.73113457558782,40.281933877,1.0,5000000,4,scan-hop-432b03933b8c76bf,40.281933877,development,ok,1.0
ok,133.74674372443363,128.73113457558782,1252.979997927166,E02,51,CH1LU RX0+1,1.0191447280000006,123,1252.979997927166,margin_0.05,,123,128.73113457558782,40.281933877,1.0,5000000,4,scan-hop-432b03933b8c76bf,40.281933877,development,ok,1.0
ok,133.74674372443363,128.73113457558782,1252.979997927166,E02,51,CH1LU RX0+1,1.0191447280000006,123,1252.979997927166,margin_0.075,,123,128.73113457558782,40.281933877,1.0,5000000,4,scan-hop-432b03933b8c76bf,40.281933877,development,ok,1.0
ok,134.23488486556133,128.88129983131728,1253.581772370174,E02,51,CH1LU RX0+1,1.0191447280000006,123,1253.581772370174,margin_0.1,,122,127.76764117555577,40.281933877,0.991869918699187,5000000,4,scan-hop-432b03933b8c76bf,40.281933877,development,ok,0.9861111111111112
ok,134.43718031809863,128.91858584280976,1245.3538081179695,E02,51,CH1LU RX0+1,2.0093458019999986,123,1245.3538081179695,margin_0.15,,121,128.21809457912326,40.281933877,0.983739837398374,5000000,4,scan-hop-432b03933b8c76bf,40.281933877,development,ok,0.9722222222222222
ok,136.32490922450754,130.41123702109465,1067.308501027411,E02,51,CH1LU RX0+1,2.0120136940000037,123,1067.308501027411,margin_0.2,,119,124.6131776909586,40.281933877,0.967479674796748,5000000,4,scan-hop-432b03933b8c76bf,40.281933877,development,ok,0.9444444444444444
,,,,E02,51,CH1LU RX0+1,,123,,top_1,fewer than four training observations in a source segment,45,,,0.36585365853658536,5000000,4,scan-hop-432b03933b8c76bf,40.281933877,development,insufficient_support,0.375
ok,146.5098569145298,143.95998089618138,566.8977235965064,E02,51,CH1LU RX0+1,12.076055949000008,123,566.8977235965064,top_2,,66,91.8469130869127,40.281933877,0.5365853658536586,5000000,4,scan-hop-432b03933b8c76bf,40.281933877,development,ok,0.5277777777777778
ok,134.38603350172403,129.58904383982863,1177.8739076233899,E02,51,CH1LU RX0+1,4.024351303000003,123,1177.8739076233899,top_4,,108,121.61485624227478,40.281933877,0.8780487804878049,5000000,4,scan-hop-432b03933b8c76bf,40.281933877,development,ok,0.9027777777777778
ok,135.01836867273576,129.62986913212652,1052.0172869917408,E02,51,CH1LU RX0+1,1.0191447280000006,123,1052.0172869917408,bounded_score_weight,,123,129.62986913212652,40.281933877,1.0,5000000,4,scan-hop-432b03933b8c76bf,40.281933877,development,ok,1.0
ok,136.12149369462458,130.40977647966977,984.6155629041136,E02,51,CH1LU RX0+1,1.0191447280000006,123,984.6155629041136,production_score_weight,,123,130.40977647966977,40.281933877,1.0,5000000,4,scan-hop-432b03933b8c76bf,40.281933877,development,ok,1.0
ok,136.27360613555743,129.9339398193197,1427.312927607271,E02,51,CH1LU RX0+1,1.0191447280000006,123,1426.999178830842,integer_epoch,,123,139.7147322153225,40.281933877,1.0,5000000,4,scan-hop-432b03933b8c76bf,40.281933877,development,ok,1.0
ok,148.45421873469422,140.88051075255916,1031.6055814003737,E14,27,CH4LU RX0,1.0137068220000174,67,1031.6055814003737,baseline,,67,140.88051075255916,39.27079361999998,1.0,5000000,2,scan-hop-432b03933b8c76bf,39.27079361999998,development,ok,1.0
ok,148.45421873469422,140.88051075255916,1031.6055814003737,E14,27,CH4LU RX0,1.0137068220000174,67,1031.6055814003737,margin_0.05,,67,140.88051075255916,39.27079361999998,1.0,5000000,2,scan-hop-432b03933b8c76bf,39.27079361999998,development,ok,1.0
ok,148.45421873469422,140.88051075255916,1031.6055814003737,E14,27,CH4LU RX0,1.0137068220000174,67,1031.6055814003737,margin_0.075,,67,140.88051075255916,39.27079361999998,1.0,5000000,2,scan-hop-432b03933b8c76bf,39.27079361999998,development,ok,1.0
ok,148.45421873469422,140.88051075255916,1031.6055814003737,E14,27,CH4LU RX0,1.0137068220000174,67,1031.6055814003737,margin_0.1,,67,140.88051075255916,39.27079361999998,1.0,5000000,2,scan-hop-432b03933b8c76bf,39.27079361999998,development,ok,1.0
ok,148.53866567893456,140.89234169987813,1048.080477138811,E14,27,CH4LU RX0,2.017347792999999,67,1048.080477138811,margin_0.15,,66,141.75951553754297,39.27079361999998,0.9850746268656716,5000000,2,scan-hop-432b03933b8c76bf,39.27079361999998,development,ok,0.975
ok,148.66808298595484,142.36413976274096,969.8318084003023,E14,27,CH4LU RX0,3.028022080999989,67,969.8318084003023,margin_0.2,,64,137.11643929920947,39.27079361999998,0.9552238805970149,5000000,2,scan-hop-432b03933b8c76bf,39.27079361999998,development,ok,0.925
ok,165.93459328922717,145.84876792465172,3412.6603210266157,E14,27,CH4LU RX0,8.045353954000007,67,3412.6603210266157,top_1,,31,128.22551321800535,39.27079361999998,0.4626865671641791,5000000,2,scan-hop-432b03933b8c76bf,39.27079361999998,development,ok,0.425
ok,162.20244577357403,141.61601197131887,1324.4695404457323,E14,27,CH4LU RX0,6.049371287000014,67,1324.4695404457323,top_2,,44,128.93982631821268,39.27079361999998,0.6567164179104478,5000000,2,scan-hop-432b03933b8c76bf,39.27079361999998,development,ok,0.6
ok,151.31939192213383,141.07963731664645,1560.8713454923661,E14,27,CH4LU RX0,3.028022080999989,67,1560.8713454923661,top_4,,54,148.60050407351454,39.27079361999998,0.8059701492537313,5000000,2,scan-hop-432b03933b8c76bf,39.27079361999998,development,ok,0.8
ok,148.9706181607479,142.2171481397433,1030.5184627636672,E14,27,CH4LU RX0,1.0137068220000174,67,1030.5184627636672,bounded_score_weight,,67,142.2171481397433,39.27079361999998,1.0,5000000,2,scan-hop-432b03933b8c76bf,39.27079361999998,development,ok,1.0
ok,149.1357902797154,142.4048192453058,1024.1607935566387,E14,27,CH4LU RX0,1.0137068220000174,67,1024.1607935566387,production_score_weight,,67,142.4048192453058,39.27079361999998,1.0,5000000,2,scan-hop-432b03933b8c76bf,39.27079361999998,development,ok,1.0
ok,147.18283727406504,142.12363934795385,878.0528335968361,E14,27,CH4LU RX0,1.0137068220000174,67,870.0828677463345,integer_epoch,,67,136.8305162304058,39.27079361999998,1.0,5000000,2,scan-hop-432b03933b8c76bf,39.27079361999998,development,ok,1.0
ok,96.75254530568064,86.72896091438578,120.91738049017982,E02,38,CH4LU RX0+1,1.009334906999996,91,120.91738049017982,baseline,,91,86.72896091438578,31.142446956,1.0,2500000,4,scan-hop-594b7d540a1d0b5a,31.142446956,development,ok,1.0
ok,96.75254530568064,86.72896091438578,120.91738049017982,E02,38,CH4LU RX0+1,1.009334906999996,91,120.91738049017982,margin_0.05,,91,86.72896091438578,31.142446956,1.0,2500000,4,scan-hop-594b7d540a1d0b5a,31.142446956,development,ok,1.0
ok,96.75254530568064,86.72896091438578,120.91738049017982,E02,38,CH4LU RX0+1,1.009334906999996,91,120.91738049017982,margin_0.075,,91,86.72896091438578,31.142446956,1.0,2500000,4,scan-hop-594b7d540a1d0b5a,31.142446956,development,ok,1.0
ok,96.75254530568064,86.72896091438578,120.91738049017982,E02,38,CH4LU RX0+1,1.009334906999996,91,120.91738049017982,margin_0.1,,91,86.72896091438578,31.142446956,1.0,2500000,4,scan-hop-594b7d540a1d0b5a,31.142446956,development,ok,1.0
ok,96.75254530568064,86.72896091438578,120.91738049017982,E02,38,CH4LU RX0+1,1.009334906999996,91,120.91738049017982,margin_0.15,,91,86.72896091438578,31.142446956,1.0,2500000,4,scan-hop-594b7d540a1d0b5a,31.142446956,development,ok,1.0
ok,96.75254530568064,86.72896091438578,120.91738049017982,E02,38,CH4LU RX0+1,1.009334906999996,91,120.91738049017982,margin_0.2,,91,86.72896091438578,31.142446956,1.0,2500000,4,scan-hop-594b7d540a1d0b5a,31.142446956,development,ok,1.0
,,,,E02,38,CH4LU RX0+1,,91,,top_1,fewer than four training observations in a source segment,39,,,0.42857142857142855,2500000,4,scan-hop-594b7d540a1d0b5a,31.142446956,development,insufficient_support,0.39622641509433965
ok,97.33988402650856,91.2658619192793,114.17719948609331,E02,38,CH4LU RX0+1,7.026191183000002,91,114.17719948609331,top_2,,61,53.9165178076909,30.64051633199999,0.6703296703296703,2500000,4,scan-hop-594b7d540a1d0b5a,31.142446956,development,ok,0.6981132075471698
ok,100.94192407403483,89.49500743038497,89.0232320552072,E02,38,CH4LU RX0+1,4.026396509999998,91,89.0232320552072,top_4,,74,63.809313081980655,31.142446956,0.8131868131868132,2500000,4,scan-hop-594b7d540a1d0b5a,31.142446956,development,ok,0.7924528301886793
ok,96.63891236562438,86.82819931658169,152.98997593988082,E02,38,CH4LU RX0+1,1.009334906999996,91,152.98997593988082,bounded_score_weight,,91,86.82819931658169,31.142446956,1.0,2500000,4,scan-hop-594b7d540a1d0b5a,31.142446956,development,ok,1.0
ok,96.63891236562824,86.82819931658265,152.98997593982426,E02,38,CH4LU RX0+1,1.009334906999996,91,152.98997593982426,production_score_weight,,91,86.82819931658265,31.142446956,1.0,2500000,4,scan-hop-594b7d540a1d0b5a,31.142446956,development,ok,1.0
ok,102.89597435709052,87.52973827639022,96.87737477161602,E02,38,CH4LU RX0+1,1.009334906999996,91,96.87737477161602,integer_epoch,,91,84.80266200908646,31.142446956,1.0,2500000,4,scan-hop-594b7d540a1d0b5a,31.142446956,development,ok,1.0
ok,44.794532607718494,30.10636136961515,273.50319316730014,E03,13,CH4L RX1,1.0093273100000033,31,273.50319316730014,baseline,,31,30.10636136961515,30.14037915,1.0,2500000,1,scan-hop-594b7d540a1d0b5a,30.14037915,development,ok,1.0
ok,44.794532607718494,30.10636136961515,273.50319316730014,E03,13,CH4L RX1,1.0093273100000033,31,273.50319316730014,margin_0.05,,31,30.10636136961515,30.14037915,1.0,2500000,1,scan-hop-594b7d540a1d0b5a,30.14037915,development,ok,1.0
ok,44.794532607718494,30.10636136961515,273.50319316730014,E03,13,CH4L RX1,1.0093273100000033,31,273.50319316730014,margin_0.075,,31,30.10636136961515,30.14037915,1.0,2500000,1,scan-hop-594b7d540a1d0b5a,30.14037915,development,ok,1.0
ok,44.794532607718494,30.10636136961515,273.50319316730014,E03,13,CH4L RX1,1.0093273100000033,31,273.50319316730014,margin_0.1,,31,30.10636136961515,30.14037915,1.0,2500000,1,scan-hop-594b7d540a1d0b5a,30.14037915,development,ok,1.0
ok,44.794532607718494,30.10636136961515,273.50319316730014,E03,13,CH4L RX1,1.0093273100000033,31,273.50319316730014,margin_0.15,,31,30.10636136961515,30.14037915,1.0,2500000,1,scan-hop-594b7d540a1d0b5a,30.14037915,development,ok,1.0
ok,44.794532607718494,30.10636136961515,273.50319316730014,E03,13,CH4L RX1,1.0093273100000033,31,273.50319316730014,margin_0.2,,31,30.10636136961515,30.14037915,1.0,2500000,1,scan-hop-594b7d540a1d0b5a,30.14037915,development,ok,1.0
ok,63.94292949735278,31.034049972865194,98.75792007539171,E03,13,CH4L RX1,6.038398268000002,31,98.75792007539171,top_1,,19,24.040088485983237,30.14037915,0.6129032258064516,2500000,1,scan-hop-594b7d540a1d0b5a,30.14037915,development,ok,0.4444444444444444
ok,48.5062099389427,30.531144346053402,340.9453598669928,E03,13,CH4L RX1,2.0125069540000027,31,340.9453598669928,top_2,,29,23.857558718341654,30.14037915,0.9354838709677419,2500000,1,scan-hop-594b7d540a1d0b5a,30.14037915,development,ok,0.8888888888888888
ok,44.794532607718494,30.10636136961515,273.50319316730014,E03,13,CH4L RX1,1.0093273100000033,31,273.50319316730014,top_4,,31,30.10636136961515,30.14037915,1.0,2500000,1,scan-hop-594b7d540a1d0b5a,30.14037915,development,ok,1.0
ok,44.305798976703066,30.159038440081794,259.35041124921344,E03,13,CH4L RX1,1.0093273100000033,31,259.35041124921344,bounded_score_weight,,31,30.159038440081794,30.14037915,1.0,2500000,1,scan-hop-594b7d540a1d0b5a,30.14037915,development,ok,1.0
ok,44.30579897668467,30.159038440081794,259.35041124921344,E03,13,CH4L RX1,1.0093273100000033,31,259.35041124921344,production_score_weight,,31,30.159038440081794,30.14037915,1.0,2500000,1,scan-hop-594b7d540a1d0b5a,30.14037915,development,ok,1.0
ok,44.794532607718494,30.10636136961515,273.50319316730014,E03,13,CH4L RX1,1.0093273100000033,31,273.50319316730014,integer_epoch,,31,30.10636136961515,30.14037915,1.0,2500000,1,scan-hop-594b7d540a1d0b5a,30.14037915,development,ok,1.0
ok,120.14401220272312,106.26505105895245,643.8997408773441,E06,25,CH3LU RX0,1.0157225469999958,62,643.8997408773441,baseline,,62,106.26505105895245,36.186689314000006,1.0,2500000,2,scan-hop-594b7d540a1d0b5a,36.186689314000006,development,ok,1.0
ok,120.14401220272312,106.26505105895245,643.8997408773441,E06,25,CH3LU RX0,1.0157225469999958,62,643.8997408773441,margin_0.05,,62,106.26505105895245,36.186689314000006,1.0,2500000,2,scan-hop-594b7d540a1d0b5a,36.186689314000006,development,ok,1.0
ok,120.14401220272312,106.26505105895245,643.8997408773441,E06,25,CH3LU RX0,1.0157225469999958,62,643.8997408773441,margin_0.075,,62,106.26505105895245,36.186689314000006,1.0,2500000,2,scan-hop-594b7d540a1d0b5a,36.186689314000006,development,ok,1.0
ok,120.14401220272312,106.26505105895245,643.8997408773441,E06,25,CH3LU RX0,1.0157225469999958,62,643.8997408773441,margin_0.1,,62,106.26505105895245,36.186689314000006,1.0,2500000,2,scan-hop-594b7d540a1d0b5a,36.186689314000006,development,ok,1.0
ok,120.14401220272312,106.26505105895245,643.8997408773441,E06,25,CH3LU RX0,1.0157225469999958,62,643.8997408773441,margin_0.15,,62,106.26505105895245,36.186689314000006,1.0,2500000,2,scan-hop-594b7d540a1d0b5a,36.186689314000006,development,ok,1.0
ok,120.14401220272312,106.26505105895245,643.8997408773441,E06,25,CH3LU RX0,1.0157225469999958,62,643.8997408773441,margin_0.2,,62,106.26505105895245,36.186689314000006,1.0,2500000,2,scan-hop-594b7d540a1d0b5a,36.186689314000006,development,ok,1.0
fewer than four training observations in a source segment,,115.2578991597189,1489.9992671742655,E06,25,CH3LU RX0,10.056015045999999,62,1489.9992671742655,top_1,,20,122.4678583943277,32.153375192,0.3225806451612903,2500000,2,scan-hop-594b7d540a1d0b5a,36.186689314000006,development,ok,0.40540540540540543
ok,129.92764142528785,108.25827185805043,727.7734635580634,E06,25,CH3LU RX0,6.023937461000003,62,727.7734635580634,top_2,,46,105.09368354349571,36.186689314000006,0.7419354838709677,2500000,2,scan-hop-594b7d540a1d0b5a,36.186689314000006,development,ok,0.7567567567567568
ok,129.09588652471703,106.69227990789183,880.1606576202632,E06,25,CH3LU RX0,6.023937461000003,62,880.1606576202632,top_4,,50,110.94317146917587,36.186689314000006,0.8064516129032258,2500000,2,scan-hop-594b7d540a1d0b5a,36.186689314000006,development,ok,0.8108108108108109
ok,119.11410739434491,106.34048840724573,603.4714164317068,E06,25,CH3LU RX0,1.0157225469999958,62,603.4714164317068,bounded_score_weight,,62,106.34048840724573,36.186689314000006,1.0,2500000,2,scan-hop-594b7d540a1d0b5a,36.186689314000006,development,ok,1.0
ok,119.11410739435573,106.340488407233,603.471416432605,E06,25,CH3LU RX0,1.0157225469999958,62,603.471416432605,production_score_weight,,62,106.340488407233,36.186689314000006,1.0,2500000,2,scan-hop-594b7d540a1d0b5a,36.186689314000006,development,ok,1.0
ok,120.53132787123388,107.06637752460725,462.6703748333348,E06,25,CH3LU RX0,1.0157225469999958,62,462.6703748333348,integer_epoch,,62,101.98330379805628,36.186689314000006,1.0,2500000,2,scan-hop-594b7d540a1d0b5a,36.186689314000006,development,ok,1.0
ok,130.93161964601393,120.02495037719268,157.5193997433858,E01,55,CH2LU RX0+1,1.0133303900000001,131,157.5193997433858,baseline,,131,120.02495037719268,32.715910127,1.0,5000000,4,scan-hop-5658a9556ee1ffad,32.715910127,development,ok,1.0
ok,130.93161964601393,120.02495037719268,157.5193997433858,E01,55,CH2LU RX0+1,1.0133303900000001,131,157.5193997433858,margin_0.05,,131,120.02495037719268,32.715910127,1.0,5000000,4,scan-hop-5658a9556ee1ffad,32.715910127,development,ok,1.0
ok,130.93161964601393,120.02495037719268,157.5193997433858,E01,55,CH2LU RX0+1,1.0133303900000001,131,157.5193997433858,margin_0.075,,131,120.02495037719268,32.715910127,1.0,5000000,4,scan-hop-5658a9556ee1ffad,32.715910127,development,ok,1.0
ok,130.93161964601393,120.02495037719268,157.5193997433858,E01,55,CH2LU RX0+1,1.0133303900000001,131,157.5193997433858,margin_0.1,,131,120.02495037719268,32.715910127,1.0,5000000,4,scan-hop-5658a9556ee1ffad,32.715910127,development,ok,1.0
ok,130.93161964601393,120.02495037719268,157.5193997433858,E01,55,CH2LU RX0+1,1.0133303900000001,131,157.5193997433858,margin_0.15,,131,120.02495037719268,32.715910127,1.0,5000000,4,scan-hop-5658a9556ee1ffad,32.715910127,development,ok,1.0
ok,130.93161964601393,120.02495037719268,157.5193997433858,E01,55,CH2LU RX0+1,1.0133303900000001,131,157.5193997433858,margin_0.2,,131,120.02495037719268,32.715910127,1.0,5000000,4,scan-hop-5658a9556ee1ffad,32.715910127,development,ok,1.0
,,,,E01,55,CH2LU RX0+1,,131,,top_1,fewer than four training observations in a source segment,38,,,0.2900763358778626,5000000,4,scan-hop-5658a9556ee1ffad,32.715910127,development,insufficient_support,0.27631578947368424
ok,129.57118365482273,128.44930727918697,158.82650692251045,E01,55,CH2LU RX0+1,6.036609089000001,131,158.82650692251045,top_2,,81,84.47737610293206,32.21244484,0.6183206106870229,5000000,4,scan-hop-5658a9556ee1ffad,32.715910127,development,ok,0.5921052631578947
ok,129.47854578215842,120.83586612459752,236.37115095113387,E01,55,CH2LU RX0+1,3.0253210869999982,131,236.37115095113387,top_4,,115,112.40428179463328,32.715910127,0.8778625954198473,5000000,4,scan-hop-5658a9556ee1ffad,32.715910127,development,ok,0.8421052631578947
ok,130.32146944973732,120.30318942195449,207.43464232248016,E01,55,CH2LU RX0+1,1.0133303900000001,131,207.43464232248016,bounded_score_weight,,131,120.30318942195449,32.715910127,1.0,5000000,4,scan-hop-5658a9556ee1ffad,32.715910127,development,ok,1.0
ok,130.32146944971308,120.30318942195841,207.43464232219804,E01,55,CH2LU RX0+1,1.0133303900000001,131,207.43464232219804,production_score_weight,,131,120.30318942195841,32.715910127,1.0,5000000,4,scan-hop-5658a9556ee1ffad,32.715910127,development,ok,1.0
ok,128.72668946950012,120.72591834976488,170.07993492525608,E01,55,CH2LU RX0+1,1.0133303900000001,131,168.77296367996516,integer_epoch,,131,117.61121428704334,32.715910127,1.0,5000000,4,scan-hop-5658a9556ee1ffad,32.715910127,development,ok,1.0
ok,170.880570889236,149.22372339089074,485.5449842838244,E02,23,CH1LU RX0,1.0128981229999994,55,485.5449842838244,baseline,,55,149.22372339089074,31.692087369,1.0,5000000,2,scan-hop-5658a9556ee1ffad,31.692087369,development,ok,1.0
ok,170.880570889236,149.22372339089074,485.5449842838244,E02,23,CH1LU RX0,1.0128981229999994,55,485.5449842838244,margin_0.05,,55,149.22372339089074,31.692087369,1.0,5000000,2,scan-hop-5658a9556ee1ffad,31.692087369,development,ok,1.0
ok,170.880570889236,149.22372339089074,485.5449842838244,E02,23,CH1LU RX0,1.0128981229999994,55,485.5449842838244,margin_0.075,,55,149.22372339089074,31.692087369,1.0,5000000,2,scan-hop-5658a9556ee1ffad,31.692087369,development,ok,1.0
ok,170.880570889236,149.22372339089074,485.5449842838244,E02,23,CH1LU RX0,1.0128981229999994,55,485.5449842838244,margin_0.1,,55,149.22372339089074,31.692087369,1.0,5000000,2,scan-hop-5658a9556ee1ffad,31.692087369,development,ok,1.0
ok,172.15130124366775,149.2629099514568,560.68018171787,E02,23,CH1LU RX0,1.0128981229999994,55,560.68018171787,margin_0.15,,54,150.53174366854944,30.686747047999994,0.9818181818181818,5000000,2,scan-hop-5658a9556ee1ffad,31.692087369,development,ok,0.96875
ok,201.5439168127189,230.7025538799404,1034.7667761568746,E02,23,CH1LU RX0,2.0173422169999995,55,1034.7667761568746,margin_0.2,,47,138.01340149893772,24.652043575,0.8545454545454545,5000000,2,scan-hop-5658a9556ee1ffad,31.692087369,development,ok,0.75
ok,186.8151776606381,154.08383512452772,630.8590018261491,E02,23,CH1LU RX0,12.069806505999999,55,630.8590018261491,top_1,,23,149.1809062708305,31.19037841,0.41818181818181815,5000000,2,scan-hop-5658a9556ee1ffad,31.692087369,development,ok,0.4375
ok,193.97468911813948,152.8232466736224,604.7053259015785,E02,23,CH1LU RX0,9.057189962999999,55,604.7053259015785,top_2,,38,141.71304312916538,31.19037841,0.6909090909090909,5000000,2,scan-hop-5658a9556ee1ffad,31.692087369,development,ok,0.625
ok,179.1092046764948,155.07245968766154,544.4896175619988,E02,23,CH1LU RX0,5.033345657000005,55,544.4896175619988,top_4,,45,149.55820875576993,31.19037841,0.8181818181818182,5000000,2,scan-hop-5658a9556ee1ffad,31.692087369,development,ok,0.78125
ok,174.1155477316037,150.25839203482397,433.7617875084649,E02,23,CH1LU RX0,1.0128981229999994,55,433.7617875084649,bounded_score_weight,,55,150.25839203482397,31.692087369,1.0,5000000,2,scan-hop-5658a9556ee1ffad,31.692087369,development,ok,1.0
ok,175.74207780529983,150.33502162811058,433.15640450206837,E02,23,CH1LU RX0,1.0128981229999994,55,433.15640450206837,production_score_weight,,55,150.33502162811058,31.692087369,1.0,5000000,2,scan-hop-5658a9556ee1ffad,31.692087369,development,ok,1.0
ok,169.47514029016148,157.24427919187568,807.3107500462028,E02,23,CH1LU RX0,1.0128981229999994,55,807.3107500462028,integer_epoch,,55,155.77667634570423,31.692087369,1.0,5000000,2,scan-hop-5658a9556ee1ffad,31.692087369,development,ok,1.0
ok,123.01031746564196,107.8302259083304,182.66403347595863,E01,54,CH1LU RX0+1,1.0160041609999997,130,182.66403347595863,baseline,,130,107.8302259083304,47.225303716,1.0,2500000,5,scan-hop-ac87110e7fe382a8,47.225303716,development,ok,1.0
ok,123.01031746564196,107.8302259083304,182.66403347595863,E01,54,CH1LU RX0+1,1.0160041609999997,130,182.66403347595863,margin_0.05,,130,107.8302259083304,47.225303716,1.0,2500000,5,scan-hop-ac87110e7fe382a8,47.225303716,development,ok,1.0
ok,123.01031746564196,107.8302259083304,182.66403347595863,E01,54,CH1LU RX0+1,1.0160041609999997,130,182.66403347595863,margin_0.075,,130,107.8302259083304,47.225303716,1.0,2500000,5,scan-hop-ac87110e7fe382a8,47.225303716,development,ok,1.0
ok,122.35218144161152,108.12526489649045,217.69201377608468,E01,54,CH1LU RX0+1,2.0040106919999996,130,217.69201377608468,margin_0.1,,129,102.55801542184602,47.225303716,0.9923076923076923,2500000,5,scan-hop-ac87110e7fe382a8,47.225303716,development,ok,0.9868421052631579
ok,122.5190120180139,108.72656580259023,213.21013750907093,E01,54,CH1LU RX0+1,2.006678607,130,213.21013750907093,margin_0.15,,127,97.28959281596725,47.225303716,0.9769230769230769,2500000,5,scan-hop-ac87110e7fe382a8,47.225303716,development,ok,0.9605263157894737
ok,126.86503976247239,110.74173947286477,176.03616746757896,E01,54,CH1LU RX0+1,7.028038486,130,176.03616746757896,margin_0.2,,119,91.91273086087482,47.225303716,0.9153846153846154,2500000,5,scan-hop-ac87110e7fe382a8,47.225303716,development,ok,0.8552631578947368
,,,,E01,54,CH1LU RX0+1,,130,,top_1,fewer than four training observations in a source segment,60,,,0.46153846153846156,2500000,5,scan-hop-ac87110e7fe382a8,47.225303716,development,insufficient_support,0.4605263157894737
ok,122.00395050806483,110.50110911904252,167.68719594101006,E01,54,CH1LU RX0+1,7.026720045999999,130,167.68719594101006,top_2,,108,80.69741370985612,47.225303716,0.8307692307692308,2500000,5,scan-hop-ac87110e7fe382a8,47.225303716,development,ok,0.8552631578947368
ok,124.43345360106325,108.26289211347414,192.04298423105732,E01,54,CH1LU RX0+1,5.021029272,130,192.04298423105732,top_4,,120,100.85965757290366,47.225303716,0.9230769230769231,2500000,5,scan-hop-ac87110e7fe382a8,47.225303716,development,ok,0.9342105263157895
ok,123.06341881887307,108.04584574282501,189.57617064979578,E01,54,CH1LU RX0+1,1.0160041609999997,130,189.57617064979578,bounded_score_weight,,130,108.04584574282501,47.225303716,1.0,2500000,5,scan-hop-ac87110e7fe382a8,47.225303716,development,ok,1.0
ok,123.80088675579255,108.7806434946325,188.86360370921946,E01,54,CH1LU RX0+1,1.0160041609999997,130,188.86360370921946,production_score_weight,,130,108.7806434946325,47.225303716,1.0,2500000,5,scan-hop-ac87110e7fe382a8,47.225303716,development,ok,1.0
ok,126.691242235725,109.65244081650967,141.12833222842656,E01,54,CH1LU RX0+1,1.0160041609999997,130,146.57573650475456,integer_epoch,,130,115.4560155540338,47.225303716,1.0,2500000,5,scan-hop-ac87110e7fe382a8,47.225303716,development,ok,1.0
ok,106.61127907084631,97.29954503787283,324.4150722841211,E02,53,CH3LU RX0+1,1.01437739,127,324.4150722841211,baseline,,127,97.29954503787283,47.227967987,1.0,2500000,4,scan-hop-ac87110e7fe382a8,47.227967987,development,ok,1.0
ok,106.61127907084631,97.29954503787283,324.4150722841211,E02,53,CH3LU RX0+1,1.01437739,127,324.4150722841211,margin_0.05,,127,97.29954503787283,47.227967987,1.0,2500000,4,scan-hop-ac87110e7fe382a8,47.227967987,development,ok,1.0
ok,106.61127907084631,97.29954503787283,324.4150722841211,E02,53,CH3LU RX0+1,1.01437739,127,324.4150722841211,margin_0.075,,127,97.29954503787283,47.227967987,1.0,2500000,4,scan-hop-ac87110e7fe382a8,47.227967987,development,ok,1.0
ok,106.61127907084631,97.29954503787283,324.4150722841211,E02,53,CH3LU RX0+1,1.01437739,127,324.4150722841211,margin_0.1,,127,97.29954503787283,47.227967987,1.0,2500000,4,scan-hop-ac87110e7fe382a8,47.227967987,development,ok,1.0
ok,106.61127907084631,97.29954503787283,324.4150722841211,E02,53,CH3LU RX0+1,1.01437739,127,324.4150722841211,margin_0.15,,127,97.29954503787283,47.227967987,1.0,2500000,4,scan-hop-ac87110e7fe382a8,47.227967987,development,ok,1.0
ok,106.61127907084631,97.29954503787283,324.4150722841211,E02,53,CH3LU RX0+1,1.01437739,127,324.4150722841211,margin_0.2,,127,97.29954503787283,47.227967987,1.0,2500000,4,scan-hop-ac87110e7fe382a8,47.227967987,development,ok,1.0
ok,105.85019411275522,98.6767211044639,243.19396673012858,E02,53,CH3LU RX0+1,12.058644238,127,243.19396673012858,top_1,,62,82.55757976681862,47.227967987,0.4881889763779528,2500000,4,scan-hop-ac87110e7fe382a8,47.227967987,development,ok,0.47297297297297297
ok,106.1958249590983,97.97909350968521,198.26977563081843,E02,53,CH3LU RX0+1,7.028013132000002,127,198.26977563081843,top_2,,111,81.6181280147093,47.227967987,0.8740157480314961,2500000,4,scan-hop-ac87110e7fe382a8,47.227967987,development,ok,0.8378378378378378
ok,107.20542038821735,97.40180888654956,264.40958327759313,E02,53,CH3LU RX0+1,3.019739631,127,264.40958327759313,top_4,,119,89.31322523918776,47.227967987,0.937007874015748,2500000,4,scan-hop-ac87110e7fe382a8,47.227967987,development,ok,0.9324324324324325
ok,106.17167669412049,97.64817121504142,268.37085569004466,E02,53,CH3LU RX0+1,1.01437739,127,268.37085569004466,bounded_score_weight,,127,97.64817121504142,47.227967987,1.0,2500000,4,scan-hop-ac87110e7fe382a8,47.227967987,development,ok,1.0
ok,106.17167669411668,97.64817121504288,268.3708556900013,E02,53,CH3LU RX0+1,1.01437739,127,268.3708556900013,production_score_weight,,127,97.64817121504288,47.227967987,1.0,2500000,4,scan-hop-ac87110e7fe382a8,47.227967987,development,ok,1.0
ok,105.08486307296937,98.26358312588829,147.63234579321363,E02,53,CH3LU RX0+1,1.01437739,127,147.03522998192975,integer_epoch,,127,102.13854810684046,47.227967987,1.0,2500000,4,scan-hop-ac87110e7fe382a8,47.227967987,development,ok,1.0
ok,63.00612579113604,60.19508668732003,131.07699109816508,E12,32,CH2LU RX0+1,1.0106667080000022,79,131.07699109816508,baseline,,79,60.19508668732003,36.170787935999996,1.0,2500000,3,scan-hop-ac87110e7fe382a8,36.170787935999996,development,ok,1.0
ok,63.00612579113604,60.19508668732003,131.07699109816508,E12,32,CH2LU RX0+1,1.0106667080000022,79,131.07699109816508,margin_0.05,,79,60.19508668732003,36.170787935999996,1.0,2500000,3,scan-hop-ac87110e7fe382a8,36.170787935999996,development,ok,1.0
ok,63.00612579113604,60.19508668732003,131.07699109816508,E12,32,CH2LU RX0+1,1.0106667080000022,79,131.07699109816508,margin_0.075,,79,60.19508668732003,36.170787935999996,1.0,2500000,3,scan-hop-ac87110e7fe382a8,36.170787935999996,development,ok,1.0
ok,63.00612579113604,60.19508668732003,131.07699109816508,E12,32,CH2LU RX0+1,1.0106667080000022,79,131.07699109816508,margin_0.1,,79,60.19508668732003,36.170787935999996,1.0,2500000,3,scan-hop-ac87110e7fe382a8,36.170787935999996,development,ok,1.0
ok,63.00612579113604,60.19508668732003,131.07699109816508,E12,32,CH2LU RX0+1,1.0106667080000022,79,131.07699109816508,margin_0.15,,79,60.19508668732003,36.170787935999996,1.0,2500000,3,scan-hop-ac87110e7fe382a8,36.170787935999996,development,ok,1.0
ok,63.01112606288068,60.26359462544136,209.2730422964526,E12,32,CH2LU RX0+1,3.017345770999995,79,209.2730422964526,margin_0.2,,77,50.83907765971351,36.170787935999996,0.9746835443037974,2500000,3,scan-hop-ac87110e7fe382a8,36.170787935999996,development,ok,0.9787234042553191
fewer than four training observations in a source segment,,64.8845755817068,87.2488846387985,E12,32,CH2LU RX0+1,4.020670315000018,79,87.2488846387985,top_1,,50,50.84717048426239,36.170787935999996,0.6329113924050633,2500000,3,scan-hop-ac87110e7fe382a8,36.170787935999996,development,ok,0.7021276595744681
fewer than four training observations in a source segment,,64.14117155825944,113.9697294599739,E12,32,CH2LU RX0+1,2.0173432850000097,79,113.9697294599739,top_2,,72,44.214898191046956,36.170787935999996,0.9113924050632911,2500000,3,scan-hop-ac87110e7fe382a8,36.170787935999996,development,ok,0.9574468085106383
ok,64.73807660083365,62.000253684249955,131.07699109816508,E12,32,CH2LU RX0+1,2.0139970120000044,79,131.07699109816508,top_4,,76,48.899678661085915,36.170787935999996,0.9620253164556962,2500000,3,scan-hop-ac87110e7fe382a8,36.170787935999996,development,ok,1.0
ok,62.92216015695272,60.23174018480886,130.71649398221524,E12,32,CH2LU RX0+1,1.0106667080000022,79,130.71649398221524,bounded_score_weight,,79,60.23174018480886,36.170787935999996,1.0,2500000,3,scan-hop-ac87110e7fe382a8,36.170787935999996,development,ok,1.0
ok,62.911790868113975,60.234820504581656,131.961643728012,E12,32,CH2LU RX0+1,1.0106667080000022,79,131.961643728012,production_score_weight,,79,60.234820504581656,36.170787935999996,1.0,2500000,3,scan-hop-ac87110e7fe382a8,36.170787935999996,development,ok,1.0
ok,66.29322654257345,62.39075842872359,180.37712123804835,E12,32,CH2LU RX0+1,1.0106667080000022,79,180.37712123804835,integer_epoch,,79,61.14435992754634,36.170787935999996,1.0,2500000,3,scan-hop-ac87110e7fe382a8,36.170787935999996,development,ok,1.0
ok,193.50844540576057,168.71429942938275,255.76453040334505,E14,28,CH4LU RX0+1,1.0146714290000034,67,255.76453040334505,baseline,,67,168.71429942938275,32.14950982300002,1.0,2500000,3,scan-hop-ac87110e7fe382a8,32.14950982300002,development,ok,1.0
ok,193.50844540576057,168.71429942938275,255.76453040334505,E14,28,CH4LU RX0+1,1.0146714290000034,67,255.76453040334505,margin_0.05,,67,168.71429942938275,32.14950982300002,1.0,2500000,3,scan-hop-ac87110e7fe382a8,32.14950982300002,development,ok,1.0
ok,193.50844540576057,168.71429942938275,255.76453040334505,E14,28,CH4LU RX0+1,1.0146714290000034,67,255.76453040334505,margin_0.075,,67,168.71429942938275,32.14950982300002,1.0,2500000,3,scan-hop-ac87110e7fe382a8,32.14950982300002,development,ok,1.0
ok,194.6535963009633,168.88341969010048,250.95501512163895,E14,28,CH4LU RX0+1,2.006072646000007,67,250.95501512163895,margin_0.1,,66,167.95754499181848,32.14950982300002,0.9850746268656716,2500000,3,scan-hop-ac87110e7fe382a8,32.14950982300002,development,ok,0.9743589743589743
ok,194.6535963009633,168.88341969010048,250.95501512163895,E14,28,CH4LU RX0+1,2.006072646000007,67,250.95501512163895,margin_0.15,,66,167.95754499181848,32.14950982300002,0.9850746268656716,2500000,3,scan-hop-ac87110e7fe382a8,32.14950982300002,development,ok,0.9743589743589743
ok,192.8750420349003,170.3998907962236,248.42007348399767,E14,28,CH4LU RX0+1,2.014676707999996,67,248.42007348399767,margin_0.2,,64,164.68947728225143,32.14950982300002,0.9552238805970149,2500000,3,scan-hop-ac87110e7fe382a8,32.14950982300002,development,ok,0.9230769230769231
,,,,E14,28,CH4LU RX0+1,,67,,top_1,fewer than four training observations in a source segment,35,,,0.5223880597014925,2500000,3,scan-hop-ac87110e7fe382a8,32.14950982300002,development,insufficient_support,0.5128205128205128
ok,192.83977801878783,173.70854733589206,195.02364351034547,E14,28,CH4LU RX0+1,6.0280440880000015,67,195.02364351034547,top_2,,50,149.82148092663,32.14950982300002,0.746268656716418,2500000,3,scan-hop-ac87110e7fe382a8,32.14950982300002,development,ok,0.717948717948718
ok,191.44599951036932,169.46709559302903,207.37567459907,E14,28,CH4LU RX0+1,4.014366203999998,67,207.37567459907,top_4,,57,161.46428326952008,32.14950982300002,0.8507462686567164,2500000,3,scan-hop-ac87110e7fe382a8,32.14950982300002,development,ok,0.8205128205128205
ok,189.34423751724037,169.50593317669797,255.9217757844863,E14,28,CH4LU RX0+1,1.0146714290000034,67,255.9217757844863,bounded_score_weight,,67,169.50593317669797,32.14950982300002,1.0,2500000,3,scan-hop-ac87110e7fe382a8,32.14950982300002,development,ok,1.0
ok,189.50843838558436,169.6500579333755,253.992006210114,E14,28,CH4LU RX0+1,1.0146714290000034,67,253.992006210114,production_score_weight,,67,169.6500579333755,32.14950982300002,1.0,2500000,3,scan-hop-ac87110e7fe382a8,32.14950982300002,development,ok,1.0
ok,198.9028832328139,170.42897434447372,182.88147411641393,E14,28,CH4LU RX0+1,1.0146714290000034,67,189.72399341443924,integer_epoch,,67,167.97213277566163,32.14950982300002,1.0,2500000,3,scan-hop-ac87110e7fe382a8,32.14950982300002,development,ok,1.0
ok,121.4799563032824,96.99323126805041,282.67501048838915,E16,33,CH1LU RX0+1,1.0146689890000005,78,282.67501048838915,baseline,,78,96.99323126805041,30.132309609999993,1.0,2500000,4,scan-hop-ac87110e7fe382a8,30.132309609999993,development,ok,1.0
ok,121.4799563032824,96.99323126805041,282.67501048838915,E16,33,CH1LU RX0+1,1.0146689890000005,78,282.67501048838915,margin_0.05,,78,96.99323126805041,30.132309609999993,1.0,2500000,4,scan-hop-ac87110e7fe382a8,30.132309609999993,development,ok,1.0
ok,121.4799563032824,96.99323126805041,282.67501048838915,E16,33,CH1LU RX0+1,1.0146689890000005,78,282.67501048838915,margin_0.075,,78,96.99323126805041,30.132309609999993,1.0,2500000,4,scan-hop-ac87110e7fe382a8,30.132309609999993,development,ok,1.0
ok,121.4799563032824,96.99323126805041,282.67501048838915,E16,33,CH1LU RX0+1,1.0146689890000005,78,282.67501048838915,margin_0.1,,78,96.99323126805041,30.132309609999993,1.0,2500000,4,scan-hop-ac87110e7fe382a8,30.132309609999993,development,ok,1.0
ok,121.4799563032824,96.99323126805041,282.67501048838915,E16,33,CH1LU RX0+1,1.0146689890000005,78,282.67501048838915,margin_0.15,,78,96.99323126805041,30.132309609999993,1.0,2500000,4,scan-hop-ac87110e7fe382a8,30.132309609999993,development,ok,1.0
,,,,E16,33,CH1LU RX0+1,,78,,margin_0.2,fewer than four training observations in a source segment,76,,,0.9743589743589743,2500000,4,scan-hop-ac87110e7fe382a8,30.132309609999993,development,insufficient_support,0.9555555555555556
,,,,E16,33,CH1LU RX0+1,,78,,top_1,fewer than four training observations in a source segment,31,,,0.3974358974358974,2500000,4,scan-hop-ac87110e7fe382a8,30.132309609999993,development,insufficient_support,0.4222222222222222
,,,,E16,33,CH1LU RX0+1,,78,,top_2,fewer than four training observations in a source segment,55,,,0.7051282051282052,2500000,4,scan-hop-ac87110e7fe382a8,30.132309609999993,development,insufficient_support,0.7777777777777778
,,,,E16,33,CH1LU RX0+1,,78,,top_4,fewer than four training observations in a source segment,70,,,0.8974358974358975,2500000,4,scan-hop-ac87110e7fe382a8,30.132309609999993,development,insufficient_support,0.8888888888888888
ok,120.70056550876787,97.41979679033861,295.87405197568586,E16,33,CH1LU RX0+1,1.0146689890000005,78,295.87405197568586,bounded_score_weight,,78,97.41979679033861,30.132309609999993,1.0,2500000,4,scan-hop-ac87110e7fe382a8,30.132309609999993,development,ok,1.0
ok,121.0074862484104,97.41027785058931,295.8280429822108,E16,33,CH1LU RX0+1,1.0146689890000005,78,295.8280429822108,production_score_weight,,78,97.41027785058931,30.132309609999993,1.0,2500000,4,scan-hop-ac87110e7fe382a8,30.132309609999993,development,ok,1.0
ok,121.62856281372059,98.50937282119652,282.67501048838915,E16,33,CH1LU RX0+1,1.0146689890000005,78,281.1402690922051,integer_epoch,,78,94.92429597043716,30.132309609999993,1.0,2500000,4,scan-hop-ac87110e7fe382a8,30.132309609999993,development,ok,1.0
ok,120.70705793855313,113.23339403180783,160.8803219616482,E18,42,CH2LU RX0+1,1.0160035950000008,102,160.8803219616482,baseline,,102,113.23339403180783,38.21285719800002,1.0,2500000,4,scan-hop-ac87110e7fe382a8,38.21285719800002,development,ok,1.0
ok,120.70705793855313,113.23339403180783,160.8803219616482,E18,42,CH2LU RX0+1,1.0160035950000008,102,160.8803219616482,margin_0.05,,102,113.23339403180783,38.21285719800002,1.0,2500000,4,scan-hop-ac87110e7fe382a8,38.21285719800002,development,ok,1.0
ok,120.70705793855313,113.23339403180783,160.8803219616482,E18,42,CH2LU RX0+1,1.0160035950000008,102,160.8803219616482,margin_0.075,,102,113.23339403180783,38.21285719800002,1.0,2500000,4,scan-hop-ac87110e7fe382a8,38.21285719800002,development,ok,1.0
ok,120.70705793855313,113.23339403180783,160.8803219616482,E18,42,CH2LU RX0+1,1.0160035950000008,102,160.8803219616482,margin_0.1,,102,113.23339403180783,38.21285719800002,1.0,2500000,4,scan-hop-ac87110e7fe382a8,38.21285719800002,development,ok,1.0
ok,120.0894790144928,113.9980669105027,157.58692681348037,E18,42,CH2LU RX0+1,2.0131391130000225,102,157.58692681348037,margin_0.15,,101,102.78503091863763,38.21285719800002,0.9901960784313726,2500000,4,scan-hop-ac87110e7fe382a8,38.21285719800002,development,ok,0.9833333333333333
ok,120.0894790144928,113.9980669105027,157.58692681348037,E18,42,CH2LU RX0+1,2.0131391130000225,102,157.58692681348037,margin_0.2,,101,102.78503091863763,38.21285719800002,0.9901960784313726,2500000,4,scan-hop-ac87110e7fe382a8,38.21285719800002,development,ok,0.9833333333333333
ok,138.73788811612667,114.32029465662916,538.519304740204,E18,42,CH2LU RX0+1,12.073466062999984,102,538.519304740204,top_1,,48,96.68591732802423,37.20857192400001,0.47058823529411764,2500000,4,scan-hop-ac87110e7fe382a8,38.21285719800002,development,ok,0.5333333333333333
ok,121.1220340054612,113.55600252529128,165.1348556697256,E18,42,CH2LU RX0+1,5.034677912999996,102,165.1348556697256,top_2,,82,109.34813001705193,37.20857192400001,0.803921568627451,2500000,4,scan-hop-ac87110e7fe382a8,38.21285719800002,development,ok,0.8833333333333333
ok,120.8355535136747,113.46250294941893,165.38227398224345,E18,42,CH2LU RX0+1,3.0213410639999836,102,165.38227398224345,top_4,,92,109.79105109430667,38.21285719800002,0.9019607843137255,2500000,4,scan-hop-ac87110e7fe382a8,38.21285719800002,development,ok,0.95
ok,120.6443405574663,113.65414780673328,165.09308978705766,E18,42,CH2LU RX0+1,1.0160035950000008,102,165.09308978705766,bounded_score_weight,,102,113.65414780673328,38.21285719800002,1.0,2500000,4,scan-hop-ac87110e7fe382a8,38.21285719800002,development,ok,1.0
ok,120.44816278981654,113.81036240762968,155.86913636816317,E18,42,CH2LU RX0+1,1.0160035950000008,102,155.86913636816317,production_score_weight,,102,113.81036240762968,38.21285719800002,1.0,2500000,4,scan-hop-ac87110e7fe382a8,38.21285719800002,development,ok,1.0
ok,796.265920104591,614.3324359710884,182.399409510516,E18,42,CH2LU RX0+1,1.0160035950000008,102,4100.857128456119,integer_epoch,,102,2550.6551427693234,38.21285719800002,1.0,2500000,4,scan-hop-ac87110e7fe382a8,38.21285719800002,development,ok,1.0
ok,93.4942439429745,87.22573015372195,508.1756140014952,E01,28,CH2LU RX1,1.0140416889999955,67,508.1756140014952,baseline,,67,87.22573015372195,33.202138861,1.0,5000000,2,scan-hop-625f46786362feac,33.202138861,development,ok,1.0
ok,93.4942439429745,87.22573015372195,508.1756140014952,E01,28,CH2LU RX1,1.0140416889999955,67,508.1756140014952,margin_0.05,,67,87.22573015372195,33.202138861,1.0,5000000,2,scan-hop-625f46786362feac,33.202138861,development,ok,1.0
ok,93.4942439429745,87.22573015372195,508.1756140014952,E01,28,CH2LU RX1,1.0140416889999955,67,508.1756140014952,margin_0.075,,67,87.22573015372195,33.202138861,1.0,5000000,2,scan-hop-625f46786362feac,33.202138861,development,ok,1.0
ok,93.4942439429745,87.22573015372195,508.1756140014952,E01,28,CH2LU RX1,1.0140416889999955,67,508.1756140014952,margin_0.1,,67,87.22573015372195,33.202138861,1.0,5000000,2,scan-hop-625f46786362feac,33.202138861,development,ok,1.0
ok,93.4942439429745,87.22573015372195,508.1756140014952,E01,28,CH2LU RX1,1.0140416889999955,67,508.1756140014952,margin_0.15,,67,87.22573015372195,33.202138861,1.0,5000000,2,scan-hop-625f46786362feac,33.202138861,development,ok,1.0
ok,93.4942439429745,87.22573015372195,508.1756140014952,E01,28,CH2LU RX1,1.0140416889999955,67,508.1756140014952,margin_0.2,,67,87.22573015372195,33.202138861,1.0,5000000,2,scan-hop-625f46786362feac,33.202138861,development,ok,1.0
ok,105.1943985616331,95.8685081431051,790.5446205560976,E01,28,CH2LU RX1,6.035884847000002,67,790.5446205560976,top_1,,27,26.498123552158013,32.692893473000005,0.40298507462686567,5000000,2,scan-hop-625f46786362feac,33.202138861,development,ok,0.38461538461538464
ok,99.69263236087936,96.29854792531067,851.3958375498175,E01,28,CH2LU RX1,5.029211570000001,67,851.3958375498175,top_2,,47,24.005769769258073,33.202138861,0.7014925373134329,5000000,2,scan-hop-625f46786362feac,33.202138861,development,ok,0.6410256410256411
ok,93.66018168036508,87.54297841275623,457.46996571574266,E01,28,CH2LU RX1,2.0122867809999967,67,457.46996571574266,top_4,,64,83.59923600106819,33.202138861,0.9552238805970149,5000000,2,scan-hop-625f46786362feac,33.202138861,development,ok,0.9743589743589743
ok,93.78909983667398,87.26251000373861,491.994534502976,E01,28,CH2LU RX1,1.0140416889999955,67,491.994534502976,bounded_score_weight,,67,87.26251000373861,33.202138861,1.0,5000000,2,scan-hop-625f46786362feac,33.202138861,development,ok,1.0
ok,93.78909983666622,87.26251000374117,491.99453450319413,E01,28,CH2LU RX1,1.0140416889999955,67,491.99453450319413,production_score_weight,,67,87.26251000374117,33.202138861,1.0,5000000,2,scan-hop-625f46786362feac,33.202138861,development,ok,1.0
ok,93.4942439429745,87.22573015372195,508.1756140014952,E01,28,CH2LU RX1,1.0140416889999955,67,508.1756140014952,integer_epoch,,67,87.22573015372195,33.202138861,1.0,5000000,2,scan-hop-625f46786362feac,33.202138861,development,ok,1.0
ok,343.84510105032723,320.5376617328964,567.4425752423566,E01,68,CH4LU RX0+1,1.0146727369999997,167,567.4425752423566,baseline,,167,320.5376617328964,51.748844661,1.0,2500000,4,scan-hop-898e3b8d246b774b,51.748844661,development,ok,1.0
ok,343.84510105032723,320.5376617328964,567.4425752423566,E01,68,CH4LU RX0+1,1.0146727369999997,167,567.4425752423566,margin_0.05,,167,320.5376617328964,51.748844661,1.0,2500000,4,scan-hop-898e3b8d246b774b,51.748844661,development,ok,1.0
ok,343.84510105032723,320.5376617328964,567.4425752423566,E01,68,CH4LU RX0+1,1.0146727369999997,167,567.4425752423566,margin_0.075,,167,320.5376617328964,51.748844661,1.0,2500000,4,scan-hop-898e3b8d246b774b,51.748844661,development,ok,1.0
ok,343.84510105032723,320.5376617328964,567.4425752423566,E01,68,CH4LU RX0+1,1.0146727369999997,167,567.4425752423566,margin_0.1,,167,320.5376617328964,51.748844661,1.0,2500000,4,scan-hop-898e3b8d246b774b,51.748844661,development,ok,1.0
ok,344.4614365588115,320.5494211513121,584.8183371490073,E01,68,CH4LU RX0+1,1.0146727369999997,167,584.8183371490073,margin_0.15,,166,321.3537458856354,51.748844661,0.9940119760479041,2500000,4,scan-hop-898e3b8d246b774b,51.748844661,development,ok,0.98989898989899
ok,344.4614365588115,320.5494211513121,584.8183371490073,E01,68,CH4LU RX0+1,1.0146727369999997,167,584.8183371490073,margin_0.2,,166,321.3537458856354,51.748844661,0.9940119760479041,2500000,4,scan-hop-898e3b8d246b774b,51.748844661,development,ok,0.98989898989899
ok,357.63447886561676,353.66356490866036,443.9450477891969,E01,68,CH4LU RX0+1,10.056902975000002,167,443.9450477891969,top_1,,76,84.75351522240037,51.748844661,0.4550898203592814,2500000,4,scan-hop-898e3b8d246b774b,51.748844661,development,ok,0.47474747474747475
ok,346.6980745883841,321.87065715375235,402.0411330484691,E01,68,CH4LU RX0+1,9.050232943000001,167,402.0411330484691,top_2,,129,340.4229007277068,51.748844661,0.7724550898203593,2500000,4,scan-hop-898e3b8d246b774b,51.748844661,development,ok,0.7878787878787878
ok,346.57318220994114,320.6970728896096,715.8735504900836,E01,68,CH4LU RX0+1,3.0250366499999997,167,715.8735504900836,top_4,,149,335.78284125018405,51.748844661,0.8922155688622755,2500000,4,scan-hop-898e3b8d246b774b,51.748844661,development,ok,0.8787878787878788
ok,345.1508731771687,321.66037301756694,693.4100166305816,E01,68,CH4LU RX0+1,1.0146727369999997,167,693.4100166305816,bounded_score_weight,,167,321.66037301756694,51.748844661,1.0,2500000,4,scan-hop-898e3b8d246b774b,51.748844661,development,ok,1.0
ok,345.55013314575797,321.7301801562591,697.4068898907082,E01,68,CH4LU RX0+1,1.0146727369999997,167,697.4068898907082,production_score_weight,,167,321.7301801562591,51.748844661,1.0,2500000,4,scan-hop-898e3b8d246b774b,51.748844661,development,ok,1.0
ok,343.0112647109314,320.58994230135,574.7831970342663,E01,68,CH4LU RX0+1,1.0146727369999997,167,578.2277919195693,integer_epoch,,167,322.0462225261234,51.748844661,1.0,2500000,4,scan-hop-898e3b8d246b774b,51.748844661,development,ok,1.0
ok,86.62521482408616,81.00910248283759,129.17922124617385,E02,52,CH1LU RX0+1,1.012710467999998,128,129.17922124617385,baseline,,128,81.00910248283759,41.691401502000005,1.0,2500000,4,scan-hop-898e3b8d246b774b,41.691401502000005,development,ok,1.0
ok,86.62521482408616,81.00910248283759,129.17922124617385,E02,52,CH1LU RX0+1,1.012710467999998,128,129.17922124617385,margin_0.05,,128,81.00910248283759,41.691401502000005,1.0,2500000,4,scan-hop-898e3b8d246b774b,41.691401502000005,development,ok,1.0
ok,86.62521482408616,81.00910248283759,129.17922124617385,E02,52,CH1LU RX0+1,1.012710467999998,128,129.17922124617385,margin_0.075,,128,81.00910248283759,41.691401502000005,1.0,2500000,4,scan-hop-898e3b8d246b774b,41.691401502000005,development,ok,1.0
ok,86.62521482408616,81.00910248283759,129.17922124617385,E02,52,CH1LU RX0+1,1.012710467999998,128,129.17922124617385,margin_0.1,,128,81.00910248283759,41.691401502000005,1.0,2500000,4,scan-hop-898e3b8d246b774b,41.691401502000005,development,ok,1.0
ok,86.62521482408616,81.00910248283759,129.17922124617385,E02,52,CH1LU RX0+1,1.012710467999998,128,129.17922124617385,margin_0.15,,128,81.00910248283759,41.691401502000005,1.0,2500000,4,scan-hop-898e3b8d246b774b,41.691401502000005,development,ok,1.0
ok,86.62521482408616,81.00910248283759,129.17922124617385,E02,52,CH1LU RX0+1,1.012710467999998,128,129.17922124617385,margin_0.2,,128,81.00910248283759,41.691401502000005,1.0,2500000,4,scan-hop-898e3b8d246b774b,41.691401502000005,development,ok,1.0
,,,,E02,52,CH1LU RX0+1,,128,,top_1,fewer than four training observations in a source segment,60,,,0.46875,2500000,4,scan-hop-898e3b8d246b774b,41.691401502000005,development,insufficient_support,0.5
ok,86.49834844329337,83.60081451915809,99.23386461458301,E02,52,CH1LU RX0+1,7.0279718110000005,128,99.23386461458301,top_2,,100,48.762860796518225,41.691401502000005,0.78125,2500000,4,scan-hop-898e3b8d246b774b,41.691401502000005,development,ok,0.8026315789473685
ok,86.73462071639307,81.30173729555321,187.93395111604264,E02,52,CH1LU RX0+1,4.027686546999998,128,187.93395111604264,top_4,,116,72.90677668203288,41.691401502000005,0.90625,2500000,4,scan-hop-898e3b8d246b774b,41.691401502000005,development,ok,0.8947368421052632
ok,87.22036535384042,81.01843722659771,141.94335536332147,E02,52,CH1LU RX0+1,1.012710467999998,128,141.94335536332147,bounded_score_weight,,128,81.01843722659771,41.691401502000005,1.0,2500000,4,scan-hop-898e3b8d246b774b,41.691401502000005,development,ok,1.0
ok,87.24413004869565,81.01833635588433,141.92619663205753,E02,52,CH1LU RX0+1,1.012710467999998,128,141.92619663205753,production_score_weight,,128,81.01833635588433,41.691401502000005,1.0,2500000,4,scan-hop-898e3b8d246b774b,41.691401502000005,development,ok,1.0
ok,88.22964097549459,81.39817750280417,111.20354509398555,E02,52,CH1LU RX0+1,1.012710467999998,128,111.20354509398555,integer_epoch,,128,85.89941054068804,41.691401502000005,1.0,2500000,4,scan-hop-898e3b8d246b774b,41.691401502000005,development,ok,1.0
ok,86.73541222977988,76.39043611139151,328.7246235190698,E11,48,CH4LU RX0+1,1.014661743000005,115,328.7246235190698,baseline,,115,76.39043611139151,37.68350431600001,1.0,2500000,4,scan-hop-898e3b8d246b774b,37.68350431600001,development,ok,1.0
ok,86.73541222977988,76.39043611139151,328.7246235190698,E11,48,CH4LU RX0+1,1.014661743000005,115,328.7246235190698,margin_0.05,,115,76.39043611139151,37.68350431600001,1.0,2500000,4,scan-hop-898e3b8d246b774b,37.68350431600001,development,ok,1.0
ok,86.73541222977988,76.39043611139151,328.7246235190698,E11,48,CH4LU RX0+1,1.014661743000005,115,328.7246235190698,margin_0.075,,115,76.39043611139151,37.68350431600001,1.0,2500000,4,scan-hop-898e3b8d246b774b,37.68350431600001,development,ok,1.0
ok,86.73541222977988,76.39043611139151,328.7246235190698,E11,48,CH4LU RX0+1,1.014661743000005,115,328.7246235190698,margin_0.1,,115,76.39043611139151,37.68350431600001,1.0,2500000,4,scan-hop-898e3b8d246b774b,37.68350431600001,development,ok,1.0
ok,86.73541222977988,76.39043611139151,328.7246235190698,E11,48,CH4LU RX0+1,1.014661743000005,115,328.7246235190698,margin_0.15,,115,76.39043611139151,37.68350431600001,1.0,2500000,4,scan-hop-898e3b8d246b774b,37.68350431600001,development,ok,1.0
ok,86.73541222977988,76.39043611139151,328.7246235190698,E11,48,CH4LU RX0+1,1.014661743000005,115,328.7246235190698,margin_0.2,,115,76.39043611139151,37.68350431600001,1.0,2500000,4,scan-hop-898e3b8d246b774b,37.68350431600001,development,ok,1.0
,,,,E11,48,CH4LU RX0+1,,115,,top_1,fewer than four training observations in a source segment,52,,,0.45217391304347826,2500000,4,scan-hop-898e3b8d246b774b,37.68350431600001,development,insufficient_support,0.34328358208955223
ok,85.99931079013375,77.68068418917659,411.93985122371214,E11,48,CH4LU RX0+1,7.02530641300001,115,411.93985122371214,top_2,,96,62.84228366217268,37.68350431600001,0.8347826086956521,2500000,4,scan-hop-898e3b8d246b774b,37.68350431600001,development,ok,0.7761194029850746
ok,85.67240865541856,77.35416307350262,364.8582484971459,E11,48,CH4LU RX0+1,3.0173096480000083,115,364.8582484971459,top_4,,106,63.34014255866663,37.68350431600001,0.9217391304347826,2500000,4,scan-hop-898e3b8d246b774b,37.68350431600001,development,ok,0.9104477611940298
ok,86.13198093616052,76.53581514297166,253.62903759353603,E11,48,CH4LU RX0+1,1.014661743000005,115,253.62903759353603,bounded_score_weight,,115,76.53581514297166,37.68350431600001,1.0,2500000,4,scan-hop-898e3b8d246b774b,37.68350431600001,development,ok,1.0
ok,86.13198093613786,76.53581514296657,253.62903759325593,E11,48,CH4LU RX0+1,1.014661743000005,115,253.62903759325593,production_score_weight,,115,76.53581514296657,37.68350431600001,1.0,2500000,4,scan-hop-898e3b8d246b774b,37.68350431600001,development,ok,1.0
ok,87.46735744935982,76.88474691524192,408.49031177866374,E11,48,CH4LU RX0+1,1.014661743000005,115,408.49031177866374,integer_epoch,,115,80.68610790062161,37.68350431600001,1.0,2500000,4,scan-hop-898e3b8d246b774b,37.68350431600001,development,ok,1.0
ok,162.04139745858905,132.80004972763044,1095.0384695950584,E02,23,CH2LU RX0,1.0128464900000012,56,1095.0384695950584,baseline,,56,132.80004972763044,33.702753042999994,1.0,5000000,2,scan-hop-2c6b07fb6b896c15,33.702753042999994,development,ok,1.0
ok,162.04139745858905,132.80004972763044,1095.0384695950584,E02,23,CH2LU RX0,1.0128464900000012,56,1095.0384695950584,margin_0.05,,56,132.80004972763044,33.702753042999994,1.0,5000000,2,scan-hop-2c6b07fb6b896c15,33.702753042999994,development,ok,1.0
ok,162.04139745858905,132.80004972763044,1095.0384695950584,E02,23,CH2LU RX0,1.0128464900000012,56,1095.0384695950584,margin_0.075,,56,132.80004972763044,33.702753042999994,1.0,5000000,2,scan-hop-2c6b07fb6b896c15,33.702753042999994,development,ok,1.0
ok,162.04139745858905,132.80004972763044,1095.0384695950584,E02,23,CH2LU RX0,1.0128464900000012,56,1095.0384695950584,margin_0.1,,56,132.80004972763044,33.702753042999994,1.0,5000000,2,scan-hop-2c6b07fb6b896c15,33.702753042999994,development,ok,1.0
ok,156.46432456985318,133.04260592802981,1432.0843762999166,E02,23,CH2LU RX0,3.022688099000007,56,1432.0843762999166,margin_0.15,,53,133.23406840933362,33.702753042999994,0.9464285714285714,5000000,2,scan-hop-2c6b07fb6b896c15,33.702753042999994,development,ok,0.9090909090909091
ok,155.8784663004222,132.97385413052433,1472.3814265102508,E02,23,CH2LU RX0,3.0240211049999957,56,1472.3814265102508,margin_0.2,,52,132.70096148463603,33.702753042999994,0.9285714285714286,5000000,2,scan-hop-2c6b07fb6b896c15,33.702753042999994,development,ok,0.8787878787878788
ok,158.292034555332,151.0007829669244,3072.6250489224417,E02,23,CH2LU RX0,8.044046717,56,3072.6250489224417,top_1,,31,69.4970305061318,33.19874933799999,0.5535714285714286,5000000,2,scan-hop-2c6b07fb6b896c15,33.702753042999994,development,ok,0.45454545454545453
ok,151.9583922486861,145.273674640145,4079.570510126051,E02,23,CH2LU RX0,8.044046717,56,4079.570510126051,top_2,,35,75.6058646213221,33.19874933799999,0.625,5000000,2,scan-hop-2c6b07fb6b896c15,33.702753042999994,development,ok,0.48484848484848486
ok,147.84845790025727,136.6666949681056,910.7192471772613,E02,23,CH2LU RX0,3.017335070999998,56,910.7192471772613,top_4,,43,94.50546264265903,33.19874933799999,0.7678571428571429,5000000,2,scan-hop-2c6b07fb6b896c15,33.702753042999994,development,ok,0.696969696969697
ok,165.94472503382391,133.04521870194392,1022.5184941940149,E02,23,CH2LU RX0,1.0128464900000012,56,1022.5184941940149,bounded_score_weight,,56,133.04521870194392,33.702753042999994,1.0,5000000,2,scan-hop-2c6b07fb6b896c15,33.702753042999994,development,ok,1.0
ok,165.46979545544437,133.04525832310168,1023.667206568463,E02,23,CH2LU RX0,1.0128464900000012,56,1023.667206568463,production_score_weight,,56,133.04525832310168,33.702753042999994,1.0,5000000,2,scan-hop-2c6b07fb6b896c15,33.702753042999994,development,ok,1.0
ok,163.71876188058255,136.5388080297298,1037.1116141488912,E02,23,CH2LU RX0,1.0128464900000012,56,1036.9750617529687,integer_epoch,,56,143.4865602530832,33.702753042999994,1.0,5000000,2,scan-hop-2c6b07fb6b896c15,33.702753042999994,development,ok,1.0
ok,105.75300232081442,96.83669409354025,642.5738275295548,E23,61,CH1LU RX0+1,1.017341674000022,147,642.5738275295548,baseline,,147,96.83669409354025,48.30806468600002,1.0,5000000,4,scan-hop-2c6b07fb6b896c15,48.30806468600002,development,ok,1.0
ok,105.75300232081442,96.83669409354025,642.5738275295548,E23,61,CH1LU RX0+1,1.017341674000022,147,642.5738275295548,margin_0.05,,147,96.83669409354025,48.30806468600002,1.0,5000000,4,scan-hop-2c6b07fb6b896c15,48.30806468600002,development,ok,1.0
ok,105.75300232081442,96.83669409354025,642.5738275295548,E23,61,CH1LU RX0+1,1.017341674000022,147,642.5738275295548,margin_0.075,,147,96.83669409354025,48.30806468600002,1.0,5000000,4,scan-hop-2c6b07fb6b896c15,48.30806468600002,development,ok,1.0
ok,105.75300232081442,96.83669409354025,642.5738275295548,E23,61,CH1LU RX0+1,1.017341674000022,147,642.5738275295548,margin_0.1,,147,96.83669409354025,48.30806468600002,1.0,5000000,4,scan-hop-2c6b07fb6b896c15,48.30806468600002,development,ok,1.0
ok,105.8570083075756,96.84367321643197,650.6250069077313,E23,61,CH1LU RX0+1,2.0106783829999983,147,650.6250069077313,margin_0.15,,146,97.02794035916827,48.30806468600002,0.9931972789115646,5000000,4,scan-hop-2c6b07fb6b896c15,48.30806468600002,development,ok,0.9883720930232558
ok,106.25076351992514,97.00786761633287,659.5650900350981,E23,61,CH1LU RX0+1,3.0160240619999854,147,659.5650900350981,margin_0.2,,144,96.61387585305874,48.30806468600002,0.9795918367346939,5000000,4,scan-hop-2c6b07fb6b896c15,48.30806468600002,development,ok,0.9651162790697675
ok,111.58633739367109,106.57044642853589,572.6392859202372,E23,61,CH1LU RX0+1,14.085201869000002,147,572.6392859202372,top_1,,48,77.68165853402577,44.778717005999994,0.32653061224489793,5000000,4,scan-hop-2c6b07fb6b896c15,48.30806468600002,development,ok,0.38372093023255816
ok,110.72571137558728,101.75051801750718,536.2678023016288,E23,61,CH1LU RX0+1,12.073200681000003,147,536.2678023016288,top_2,,100,65.02000407882048,48.30806468600002,0.6802721088435374,5000000,4,scan-hop-2c6b07fb6b896c15,48.30806468600002,development,ok,0.686046511627907
ok,106.09685291774205,97.34029372286922,631.5365186526726,E23,61,CH1LU RX0+1,5.028455356999984,147,631.5365186526726,top_4,,130,84.6704637245625,48.30806468600002,0.8843537414965986,5000000,4,scan-hop-2c6b07fb6b896c15,48.30806468600002,development,ok,0.8604651162790697
ok,105.31838527690864,97.03314810403202,594.6272074863878,E23,61,CH1LU RX0+1,1.017341674000022,147,594.6272074863878,bounded_score_weight,,147,97.03314810403202,48.30806468600002,1.0,5000000,4,scan-hop-2c6b07fb6b896c15,48.30806468600002,development,ok,1.0
ok,105.39310072073813,97.0728514359825,592.8000885024618,E23,61,CH1LU RX0+1,1.017341674000022,147,592.8000885024618,production_score_weight,,147,97.0728514359825,48.30806468600002,1.0,5000000,4,scan-hop-2c6b07fb6b896c15,48.30806468600002,development,ok,1.0
ok,105.66987023756909,97.10490932418905,664.5919967753491,E23,61,CH1LU RX0+1,1.017341674000022,147,664.5919967753491,integer_epoch,,147,95.43517639050106,48.30806468600002,1.0,5000000,4,scan-hop-2c6b07fb6b896c15,48.30806468600002,development,ok,1.0
ok,128.35455743907238,104.41161007449863,258.4468038045565,E12,50,CH4LU RX0+1,1.0133422819999964,122,258.4468038045565,baseline,,122,104.41161007449863,38.695622431000004,1.0,2500000,5,scan-hop-51923406b9267512,38.695622431000004,development,ok,1.0
ok,128.35455743907238,104.41161007449863,258.4468038045565,E12,50,CH4LU RX0+1,1.0133422819999964,122,258.4468038045565,margin_0.05,,122,104.41161007449863,38.695622431000004,1.0,2500000,5,scan-hop-51923406b9267512,38.695622431000004,development,ok,1.0
ok,129.63650060844043,104.8527223834428,281.43235219725295,E12,50,CH4LU RX0+1,1.0133422819999964,122,281.43235219725295,margin_0.075,,121,101.3778028826946,38.695622431000004,0.9918032786885246,2500000,5,scan-hop-51923406b9267512,38.695622431000004,development,ok,0.9861111111111112
ok,129.63650060844043,104.8527223834428,281.43235219725295,E12,50,CH4LU RX0+1,1.0133422819999964,122,281.43235219725295,margin_0.1,,121,101.3778028826946,38.695622431000004,0.9918032786885246,2500000,5,scan-hop-51923406b9267512,38.695622431000004,development,ok,0.9861111111111112
ok,128.15060206601348,106.42630894775355,273.688950363621,E12,50,CH4LU RX0+1,2.0105414129999986,122,273.688950363621,margin_0.15,,118,99.24654152054536,38.695622431000004,0.9672131147540983,2500000,5,scan-hop-51923406b9267512,38.695622431000004,development,ok,0.9444444444444444
ok,128.15060206601348,106.42630894775355,273.688950363621,E12,50,CH4LU RX0+1,2.0105414129999986,122,273.688950363621,margin_0.2,,118,99.24654152054536,38.695622431000004,0.9672131147540983,2500000,5,scan-hop-51923406b9267512,38.695622431000004,development,ok,0.9444444444444444
,,,,E12,50,CH4LU RX0+1,,122,,top_1,fewer than four training observations in a source segment,61,,,0.5,2500000,5,scan-hop-51923406b9267512,38.695622431000004,development,insufficient_support,0.4305555555555556
ok,131.07085208034013,108.36845744412084,202.004707760854,E12,50,CH4LU RX0+1,7.037298418999995,122,202.004707760854,top_2,,91,72.9465373785831,38.695622431000004,0.7459016393442623,2500000,5,scan-hop-51923406b9267512,38.695622431000004,development,ok,0.6666666666666666
ok,130.8684547508345,105.3138862917287,245.831716703865,E12,50,CH4LU RX0+1,3.0109205830000008,122,245.831716703865,top_4,,112,97.62090460312727,38.695622431000004,0.9180327868852459,2500000,5,scan-hop-51923406b9267512,38.695622431000004,development,ok,0.875
ok,126.29358216612319,104.87637659651753,276.85557060826585,E12,50,CH4LU RX0+1,1.0133422819999964,122,276.85557060826585,bounded_score_weight,,122,104.87637659651753,38.695622431000004,1.0,2500000,5,scan-hop-51923406b9267512,38.695622431000004,development,ok,1.0
ok,126.32805649898125,106.35345858994202,286.6816739954303,E12,50,CH4LU RX0+1,1.0133422819999964,122,286.6816739954303,production_score_weight,,122,106.35345858994202,38.695622431000004,1.0,2500000,5,scan-hop-51923406b9267512,38.695622431000004,development,ok,1.0
ok,128.23859016929606,104.69490073131041,203.92377166598774,E12,50,CH4LU RX0+1,1.0133422819999964,122,203.92377166598774,integer_epoch,,122,105.41577047496831,38.695622431000004,1.0,2500000,5,scan-hop-51923406b9267512,38.695622431000004,development,ok,1.0
ok,74.6951905614486,68.35929053269072,173.638389313601,E17,30,CH1LU RX1,1.0116495799999825,75,173.638389313601,baseline,,75,68.35929053269072,39.66558457100001,1.0,2500000,2,scan-hop-51923406b9267512,39.66558457100001,development,ok,1.0
ok,74.6951905614486,68.35929053269072,173.638389313601,E17,30,CH1LU RX1,1.0116495799999825,75,173.638389313601,margin_0.05,,75,68.35929053269072,39.66558457100001,1.0,2500000,2,scan-hop-51923406b9267512,39.66558457100001,development,ok,1.0
ok,74.6951905614486,68.35929053269072,173.638389313601,E17,30,CH1LU RX1,1.0116495799999825,75,173.638389313601,margin_0.075,,75,68.35929053269072,39.66558457100001,1.0,2500000,2,scan-hop-51923406b9267512,39.66558457100001,development,ok,1.0
ok,74.6951905614486,68.35929053269072,173.638389313601,E17,30,CH1LU RX1,1.0116495799999825,75,173.638389313601,margin_0.1,,75,68.35929053269072,39.66558457100001,1.0,2500000,2,scan-hop-51923406b9267512,39.66558457100001,development,ok,1.0
ok,74.6951905614486,68.35929053269072,173.638389313601,E17,30,CH1LU RX1,1.0116495799999825,75,173.638389313601,margin_0.15,,75,68.35929053269072,39.66558457100001,1.0,2500000,2,scan-hop-51923406b9267512,39.66558457100001,development,ok,1.0
ok,74.6951905614486,68.35929053269072,173.638389313601,E17,30,CH1LU RX1,1.0116495799999825,75,173.638389313601,margin_0.2,,75,68.35929053269072,39.66558457100001,1.0,2500000,2,scan-hop-51923406b9267512,39.66558457100001,development,ok,1.0
ok,77.60193306800991,73.89675419514919,262.83629974460547,E17,30,CH1LU RX1,8.028426346000003,75,262.83629974460547,top_1,,32,22.745158563373668,39.16425417800002,0.4266666666666667,2500000,2,scan-hop-51923406b9267512,39.66558457100001,development,ok,0.37777777777777777
ok,75.62589845858167,74.89430797896597,114.57939192343984,E17,30,CH1LU RX1,4.017455993999988,75,114.57939192343984,top_2,,59,22.62180027734742,39.66558457100001,0.7866666666666666,2500000,2,scan-hop-51923406b9267512,39.66558457100001,development,ok,0.8
ok,73.84852668158995,68.84009986407042,116.1438380865321,E17,30,CH1LU RX1,2.0129254830000036,75,116.1438380865321,top_4,,70,57.47711184409213,39.66558457100001,0.9333333333333333,2500000,2,scan-hop-51923406b9267512,39.66558457100001,development,ok,0.9777777777777777
ok,75.14669158783032,68.37988423843284,214.29759773223088,E17,30,CH1LU RX1,1.0116495799999825,75,214.29759773223088,bounded_score_weight,,75,68.37988423843284,39.66558457100001,1.0,2500000,2,scan-hop-51923406b9267512,39.66558457100001,development,ok,1.0
ok,75.14669158795519,68.37988423842013,214.29759772965653,E17,30,CH1LU RX1,1.0116495799999825,75,214.29759772965653,production_score_weight,,75,68.37988423842013,39.66558457100001,1.0,2500000,2,scan-hop-51923406b9267512,39.66558457100001,development,ok,1.0
ok,871.793702494209,458.92208531953645,8966.151153708626,E17,30,CH1LU RX1,1.0116495799999825,75,8966.151153708626,integer_epoch,,75,1759.7405013817133,39.66558457100001,1.0,2500000,2,scan-hop-51923406b9267512,39.66558457100001,development,ok,1.0
ok,123.41334536461387,117.59379223900805,817.3456280782855,E15,64,CH3LU RX0+1,1.0146683940000116,157,817.3456280782855,baseline,,157,117.59379223900805,43.26083426399998,1.0,5000000,4,scan-hop-4d2c378f1e14b7b2,43.26083426399998,development,ok,1.0
ok,123.41334536461387,117.59379223900805,817.3456280782855,E15,64,CH3LU RX0+1,1.0146683940000116,157,817.3456280782855,margin_0.05,,157,117.59379223900805,43.26083426399998,1.0,5000000,4,scan-hop-4d2c378f1e14b7b2,43.26083426399998,development,ok,1.0
ok,123.41334536461387,117.59379223900805,817.3456280782855,E15,64,CH3LU RX0+1,1.0146683940000116,157,817.3456280782855,margin_0.075,,157,117.59379223900805,43.26083426399998,1.0,5000000,4,scan-hop-4d2c378f1e14b7b2,43.26083426399998,development,ok,1.0
ok,123.41334536461387,117.59379223900805,817.3456280782855,E15,64,CH3LU RX0+1,1.0146683940000116,157,817.3456280782855,margin_0.1,,157,117.59379223900805,43.26083426399998,1.0,5000000,4,scan-hop-4d2c378f1e14b7b2,43.26083426399998,development,ok,1.0
ok,123.41334536461387,117.59379223900805,817.3456280782855,E15,64,CH3LU RX0+1,1.0146683940000116,157,817.3456280782855,margin_0.15,,157,117.59379223900805,43.26083426399998,1.0,5000000,4,scan-hop-4d2c378f1e14b7b2,43.26083426399998,development,ok,1.0
ok,123.41334536461387,117.59379223900805,817.3456280782855,E15,64,CH3LU RX0+1,1.0146683940000116,157,817.3456280782855,margin_0.2,,157,117.59379223900805,43.26083426399998,1.0,5000000,4,scan-hop-4d2c378f1e14b7b2,43.26083426399998,development,ok,1.0
,,,,E15,64,CH3LU RX0+1,,157,,top_1,fewer than four training observations in a source segment,55,,,0.3503184713375796,5000000,4,scan-hop-4d2c378f1e14b7b2,43.26083426399998,development,insufficient_support,0.27956989247311825
ok,122.83581976006995,121.17829472181474,586.5918095155212,E15,64,CH3LU RX0+1,6.040011735000007,157,586.5918095155212,top_2,,117,87.01643138945185,43.26083426399998,0.7452229299363057,5000000,4,scan-hop-4d2c378f1e14b7b2,43.26083426399998,development,ok,0.6881720430107527
ok,123.32320501455736,119.76073222385949,653.6793140519894,E15,64,CH3LU RX0+1,6.040011735000007,157,653.6793140519894,top_4,,130,93.79660277974855,43.26083426399998,0.8280254777070064,5000000,4,scan-hop-4d2c378f1e14b7b2,43.26083426399998,development,ok,0.7956989247311828
ok,123.77792076834089,117.72887061807086,816.8606882246613,E15,64,CH3LU RX0+1,1.0146683940000116,157,816.8606882246613,bounded_score_weight,,157,117.72887061807086,43.26083426399998,1.0,5000000,4,scan-hop-4d2c378f1e14b7b2,43.26083426399998,development,ok,1.0
ok,123.77926769518336,117.72178586069178,813.2721407140043,E15,64,CH3LU RX0+1,1.0146683940000116,157,813.2721407140043,production_score_weight,,157,117.72178586069178,43.26083426399998,1.0,5000000,4,scan-hop-4d2c378f1e14b7b2,43.26083426399998,development,ok,1.0
ok,123.50841583577929,117.79217521655838,817.3456280782855,E15,64,CH3LU RX0+1,1.0146683940000116,157,814.6847088967302,integer_epoch,,157,115.34773102828622,43.26083426399998,1.0,5000000,4,scan-hop-4d2c378f1e14b7b2,43.26083426399998,development,ok,1.0
ok,102.26175580744855,92.84302377322533,271.357226599902,E16,44,CH2LU RX0+1,1.0146695390000104,109,271.357226599902,baseline,,109,92.84302377322533,36.72265457400002,1.0,5000000,4,scan-hop-4d2c378f1e14b7b2,36.72265457400002,development,ok,1.0
ok,102.26175580744855,92.84302377322533,271.357226599902,E16,44,CH2LU RX0+1,1.0146695390000104,109,271.357226599902,margin_0.05,,109,92.84302377322533,36.72265457400002,1.0,5000000,4,scan-hop-4d2c378f1e14b7b2,36.72265457400002,development,ok,1.0
ok,102.26175580744855,92.84302377322533,271.357226599902,E16,44,CH2LU RX0+1,1.0146695390000104,109,271.357226599902,margin_0.075,,109,92.84302377322533,36.72265457400002,1.0,5000000,4,scan-hop-4d2c378f1e14b7b2,36.72265457400002,development,ok,1.0
ok,102.26175580744855,92.84302377322533,271.357226599902,E16,44,CH2LU RX0+1,1.0146695390000104,109,271.357226599902,margin_0.1,,109,92.84302377322533,36.72265457400002,1.0,5000000,4,scan-hop-4d2c378f1e14b7b2,36.72265457400002,development,ok,1.0
ok,102.26175580744855,92.84302377322533,271.357226599902,E16,44,CH2LU RX0+1,1.0146695390000104,109,271.357226599902,margin_0.15,,109,92.84302377322533,36.72265457400002,1.0,5000000,4,scan-hop-4d2c378f1e14b7b2,36.72265457400002,development,ok,1.0
ok,102.26175580744855,92.84302377322533,271.357226599902,E16,44,CH2LU RX0+1,1.0146695390000104,109,271.357226599902,margin_0.2,,109,92.84302377322533,36.72265457400002,1.0,5000000,4,scan-hop-4d2c378f1e14b7b2,36.72265457400002,development,ok,1.0
,,,,E16,44,CH2LU RX0+1,,109,,top_1,fewer than four training observations in a source segment,38,,,0.3486238532110092,5000000,4,scan-hop-4d2c378f1e14b7b2,36.72265457400002,development,insufficient_support,0.35384615384615387
ok,100.6248128108733,98.6439099410987,136.94986876169247,E16,44,CH2LU RX0+1,6.043749988000002,109,136.94986876169247,top_2,,80,44.79832745318773,36.72265457400002,0.7339449541284404,5000000,4,scan-hop-4d2c378f1e14b7b2,36.72265457400002,development,ok,0.6923076923076923
ok,99.9861813686315,93.93981464212372,219.14100083662845,E16,44,CH2LU RX0+1,2.014830745999973,109,219.14100083662845,top_4,,101,77.57136118413378,36.72265457400002,0.926605504587156,5000000,4,scan-hop-4d2c378f1e14b7b2,36.72265457400002,development,ok,0.9076923076923077
ok,101.09817274370896,92.94334392301458,278.2263050895581,E16,44,CH2LU RX0+1,1.0146695390000104,109,278.2263050895581,bounded_score_weight,,109,92.94334392301458,36.72265457400002,1.0,5000000,4,scan-hop-4d2c378f1e14b7b2,36.72265457400002,development,ok,1.0
ok,101.09817274366496,92.94334392300397,278.22630508973987,E16,44,CH2LU RX0+1,1.0146695390000104,109,278.22630508973987,production_score_weight,,109,92.94334392300397,36.72265457400002,1.0,5000000,4,scan-hop-4d2c378f1e14b7b2,36.72265457400002,development,ok,1.0
ok,102.10223947169561,94.21451467749944,221.50299483945582,E16,44,CH2LU RX0+1,1.0146695390000104,109,221.50299483945582,integer_epoch,,109,85.90244111072182,36.72265457400002,1.0,5000000,4,scan-hop-4d2c378f1e14b7b2,36.72265457400002,development,ok,1.0
ok,118.60752145385588,103.09500461912786,410.0622253135267,E03,24,CH4LU RX0,1.0173294700000213,59,410.0622253135267,baseline,,59,103.09500461912786,34.65822937700001,1.0,2500000,2,scan-hop-72962c8f8cd63b6b,34.65822937700001,development,ok,1.0
ok,118.60752145385588,103.09500461912786,410.0622253135267,E03,24,CH4LU RX0,1.0173294700000213,59,410.0622253135267,margin_0.05,,59,103.09500461912786,34.65822937700001,1.0,2500000,2,scan-hop-72962c8f8cd63b6b,34.65822937700001,development,ok,1.0
ok,118.60752145385588,103.09500461912786,410.0622253135267,E03,24,CH4LU RX0,1.0173294700000213,59,410.0622253135267,margin_0.075,,59,103.09500461912786,34.65822937700001,1.0,2500000,2,scan-hop-72962c8f8cd63b6b,34.65822937700001,development,ok,1.0
ok,118.60752145385588,103.09500461912786,410.0622253135267,E03,24,CH4LU RX0,1.0173294700000213,59,410.0622253135267,margin_0.1,,59,103.09500461912786,34.65822937700001,1.0,2500000,2,scan-hop-72962c8f8cd63b6b,34.65822937700001,development,ok,1.0
ok,118.60752145385588,103.09500461912786,410.0622253135267,E03,24,CH4LU RX0,1.0173294700000213,59,410.0622253135267,margin_0.15,,59,103.09500461912786,34.65822937700001,1.0,2500000,2,scan-hop-72962c8f8cd63b6b,34.65822937700001,development,ok,1.0
ok,121.10737747601866,103.32682042162767,398.861033762905,E03,24,CH4LU RX0,3.0160139360000073,59,398.861033762905,margin_0.2,,57,104.28957556597084,34.65822937700001,0.9661016949152542,2500000,2,scan-hop-72962c8f8cd63b6b,34.65822937700001,development,ok,0.9428571428571428
,,,,E03,24,CH4LU RX0,,59,,top_1,fewer than four training observations in a source segment,20,,,0.3389830508474576,2500000,2,scan-hop-72962c8f8cd63b6b,34.65822937700001,development,insufficient_support,0.22857142857142856
ok,109.9860527368172,104.0549066398254,931.4318862785907,E03,24,CH4LU RX0,6.030904168999996,59,931.4318862785907,top_2,,38,70.98524065901128,33.654224415,0.6440677966101694,2500000,2,scan-hop-72962c8f8cd63b6b,34.65822937700001,development,ok,0.5142857142857142
ok,115.74925335535879,105.06996457348649,394.3998753947937,E03,24,CH4LU RX0,5.033354695,59,394.3998753947937,top_4,,46,85.34691932582435,34.65822937700001,0.7796610169491526,2500000,2,scan-hop-72962c8f8cd63b6b,34.65822937700001,development,ok,0.6571428571428571
ok,115.79172130660834,103.19417711335583,438.2129669092729,E03,24,CH4LU RX0,1.0173294700000213,59,438.2129669092729,bounded_score_weight,,59,103.19417711335583,34.65822937700001,1.0,2500000,2,scan-hop-72962c8f8cd63b6b,34.65822937700001,development,ok,1.0
ok,115.39236794611166,103.1865504945034,443.2435424249315,E03,24,CH4LU RX0,1.0173294700000213,59,443.2435424249315,production_score_weight,,59,103.1865504945034,34.65822937700001,1.0,2500000,2,scan-hop-72962c8f8cd63b6b,34.65822937700001,development,ok,1.0
ok,116.15329639485304,106.58303195864386,619.589937655911,E03,24,CH4LU RX0,1.0173294700000213,59,634.2185740964275,integer_epoch,,59,97.5914460918707,34.65822937700001,1.0,2500000,2,scan-hop-72962c8f8cd63b6b,34.65822937700001,development,ok,1.0
ok,75.43547367347888,68.80938926318389,205.9506636852778,E13,25,CH3LU RX1,1.0133417229999964,60,205.9506636852778,baseline,,60,68.80938926318389,30.176556788000013,1.0,5000000,2,scan-hop-49489bfd1a4db3bb,30.176556788000013,development,ok,1.0
ok,75.43547367347888,68.80938926318389,205.9506636852778,E13,25,CH3LU RX1,1.0133417229999964,60,205.9506636852778,margin_0.05,,60,68.80938926318389,30.176556788000013,1.0,5000000,2,scan-hop-49489bfd1a4db3bb,30.176556788000013,development,ok,1.0
ok,75.43547367347888,68.80938926318389,205.9506636852778,E13,25,CH3LU RX1,1.0133417229999964,60,205.9506636852778,margin_0.075,,60,68.80938926318389,30.176556788000013,1.0,5000000,2,scan-hop-49489bfd1a4db3bb,30.176556788000013,development,ok,1.0
ok,75.43547367347888,68.80938926318389,205.9506636852778,E13,25,CH3LU RX1,1.0133417229999964,60,205.9506636852778,margin_0.1,,60,68.80938926318389,30.176556788000013,1.0,5000000,2,scan-hop-49489bfd1a4db3bb,30.176556788000013,development,ok,1.0
ok,75.43547367347888,68.80938926318389,205.9506636852778,E13,25,CH3LU RX1,1.0133417229999964,60,205.9506636852778,margin_0.15,,60,68.80938926318389,30.176556788000013,1.0,5000000,2,scan-hop-49489bfd1a4db3bb,30.176556788000013,development,ok,1.0
ok,75.43547367347888,68.80938926318389,205.9506636852778,E13,25,CH3LU RX1,1.0133417229999964,60,205.9506636852778,margin_0.2,,60,68.80938926318389,30.176556788000013,1.0,5000000,2,scan-hop-49489bfd1a4db3bb,30.176556788000013,development,ok,1.0
ok,81.2547296524695,71.31215899914758,444.4480688501149,E13,25,CH3LU RX1,11.06268799,60,444.4480688501149,top_1,,16,20.944880467967828,28.66183602800001,0.26666666666666666,5000000,2,scan-hop-49489bfd1a4db3bb,30.176556788000013,development,ok,0.3142857142857143
ok,73.34268643696052,69.73295864372842,205.53365423258467,E13,25,CH3LU RX1,5.025348269999995,60,205.53365423258467,top_2,,41,21.23723995611155,29.17210940400001,0.6833333333333333,5000000,2,scan-hop-49489bfd1a4db3bb,30.176556788000013,development,ok,0.7142857142857143
ok,72.42769718115069,70.19397376336588,233.58107885678936,E13,25,CH3LU RX1,3.016004774999999,60,233.58107885678936,top_4,,53,55.96104989435803,29.17210940400001,0.8833333333333333,5000000,2,scan-hop-49489bfd1a4db3bb,30.176556788000013,development,ok,0.9142857142857143
ok,74.62785835455958,68.82355095152606,137.87859014219885,E13,25,CH3LU RX1,1.0133417229999964,60,137.87859014219885,bounded_score_weight,,60,68.82355095152606,30.176556788000013,1.0,5000000,2,scan-hop-49489bfd1a4db3bb,30.176556788000013,development,ok,1.0
ok,74.62785835452091,68.82355095152212,137.8785901407179,E13,25,CH3LU RX1,1.0133417229999964,60,137.8785901407179,production_score_weight,,60,68.82355095152212,30.176556788000013,1.0,5000000,2,scan-hop-49489bfd1a4db3bb,30.176556788000013,development,ok,1.0
ok,75.43547367347888,68.80938926318389,205.9506636852778,E13,25,CH3LU RX1,1.0133417229999964,60,205.9506636852778,integer_epoch,,60,68.80938926318389,30.176556788000013,1.0,5000000,2,scan-hop-49489bfd1a4db3bb,30.176556788000013,development,ok,1.0
ok,96.35320307149885,89.89681797755313,405.43347783772225,E01,31,CH4LU RX0+1,1.0118179320000014,75,405.43347783772225,baseline,,75,89.89681797755313,33.658799954,1.0,2500000,3,scan-hop-25da5f0c2955c08a,33.658799954,development,ok,1.0
ok,96.35320307149885,89.89681797755313,405.43347783772225,E01,31,CH4LU RX0+1,1.0118179320000014,75,405.43347783772225,margin_0.05,,75,89.89681797755313,33.658799954,1.0,2500000,3,scan-hop-25da5f0c2955c08a,33.658799954,development,ok,1.0
ok,96.35320307149885,89.89681797755313,405.43347783772225,E01,31,CH4LU RX0+1,1.0118179320000014,75,405.43347783772225,margin_0.075,,75,89.89681797755313,33.658799954,1.0,2500000,3,scan-hop-25da5f0c2955c08a,33.658799954,development,ok,1.0
ok,96.35320307149885,89.89681797755313,405.43347783772225,E01,31,CH4LU RX0+1,1.0118179320000014,75,405.43347783772225,margin_0.1,,75,89.89681797755313,33.658799954,1.0,2500000,3,scan-hop-25da5f0c2955c08a,33.658799954,development,ok,1.0
ok,96.35320307149885,89.89681797755313,405.43347783772225,E01,31,CH4LU RX0+1,1.0118179320000014,75,405.43347783772225,margin_0.15,,75,89.89681797755313,33.658799954,1.0,2500000,3,scan-hop-25da5f0c2955c08a,33.658799954,development,ok,1.0
ok,96.35320307149885,89.89681797755313,405.43347783772225,E01,31,CH4LU RX0+1,1.0118179320000014,75,405.43347783772225,margin_0.2,,75,89.89681797755313,33.658799954,1.0,2500000,3,scan-hop-25da5f0c2955c08a,33.658799954,development,ok,1.0
ok,109.24629594540956,100.62943762081433,300.34995089390685,E01,31,CH4LU RX0+1,6.030623473000002,75,300.34995089390685,top_1,,30,71.22148300835313,28.634542939000003,0.4,2500000,3,scan-hop-25da5f0c2955c08a,33.658799954,development,ok,0.4318181818181818
ok,102.85382549663521,97.15256962519017,651.3165031093491,E01,31,CH4LU RX0+1,4.026651161000002,75,651.3165031093491,top_2,,56,65.90499908428437,29.642534166,0.7466666666666667,2500000,3,scan-hop-25da5f0c2955c08a,33.658799954,development,ok,0.7954545454545454
ok,97.50938479581215,90.59735272039573,236.35314444789205,E01,31,CH4LU RX0+1,4.026651161000002,75,236.35314444789205,top_4,,65,85.4723116330136,33.658799954,0.8666666666666667,2500000,3,scan-hop-25da5f0c2955c08a,33.658799954,development,ok,0.8636363636363636
ok,95.87931775820002,89.93669934565094,444.0786035605595,E01,31,CH4LU RX0+1,1.0118179320000014,75,444.0786035605595,bounded_score_weight,,75,89.93669934565094,33.658799954,1.0,2500000,3,scan-hop-25da5f0c2955c08a,33.658799954,development,ok,1.0
ok,95.86807373925028,89.93933771534716,444.32925972807317,E01,31,CH4LU RX0+1,1.0118179320000014,75,444.32925972807317,production_score_weight,,75,89.93933771534716,33.658799954,1.0,2500000,3,scan-hop-25da5f0c2955c08a,33.658799954,development,ok,1.0
ok,96.35320307149885,89.89681797755313,405.43347783772225,E01,31,CH4LU RX0+1,1.0118179320000014,75,405.43347783772225,integer_epoch,,75,89.89681797755313,33.658799954,1.0,2500000,3,scan-hop-25da5f0c2955c08a,33.658799954,development,ok,1.0
ok,115.37966945681934,110.77251785760035,132.74598114135816,E10,46,CH2LU RX0+1,1.0133290440000025,112,132.74598114135816,baseline,,112,110.77251785760035,51.259527972,1.0,2500000,3,scan-hop-25da5f0c2955c08a,51.259527972,development,ok,1.0
ok,115.37966945681934,110.77251785760035,132.74598114135816,E10,46,CH2LU RX0+1,1.0133290440000025,112,132.74598114135816,margin_0.05,,112,110.77251785760035,51.259527972,1.0,2500000,3,scan-hop-25da5f0c2955c08a,51.259527972,development,ok,1.0
ok,115.37966945681934,110.77251785760035,132.74598114135816,E10,46,CH2LU RX0+1,1.0133290440000025,112,132.74598114135816,margin_0.075,,112,110.77251785760035,51.259527972,1.0,2500000,3,scan-hop-25da5f0c2955c08a,51.259527972,development,ok,1.0
ok,115.37966945681934,110.77251785760035,132.74598114135816,E10,46,CH2LU RX0+1,1.0133290440000025,112,132.74598114135816,margin_0.1,,112,110.77251785760035,51.259527972,1.0,2500000,3,scan-hop-25da5f0c2955c08a,51.259527972,development,ok,1.0
ok,115.37966945681934,110.77251785760035,132.74598114135816,E10,46,CH2LU RX0+1,1.0133290440000025,112,132.74598114135816,margin_0.15,,112,110.77251785760035,51.259527972,1.0,2500000,3,scan-hop-25da5f0c2955c08a,51.259527972,development,ok,1.0
ok,115.37966945681934,110.77251785760035,132.74598114135816,E10,46,CH2LU RX0+1,1.0133290440000025,112,132.74598114135816,margin_0.2,,112,110.77251785760035,51.259527972,1.0,2500000,3,scan-hop-25da5f0c2955c08a,51.259527972,development,ok,1.0
,,,,E10,46,CH2LU RX0+1,,112,,top_1,fewer than four training observations in a source segment,27,,,0.24107142857142858,2500000,3,scan-hop-25da5f0c2955c08a,51.259527972,development,insufficient_support,0.18181818181818182
ok,135.37784719276235,133.78765453619118,130.69025662327016,E10,46,CH2LU RX0+1,18.076052735000005,112,130.69025662327016,top_2,,53,23.22951446945895,50.246663861,0.4732142857142857,2500000,3,scan-hop-25da5f0c2955c08a,51.259527972,development,ok,0.4090909090909091
ok,115.95849606676731,111.91430785305131,367.4918739138712,E10,46,CH2LU RX0+1,2.0160025469999994,112,367.4918739138712,top_4,,103,108.09959732349581,51.259527972,0.9196428571428571,2500000,3,scan-hop-25da5f0c2955c08a,51.259527972,development,ok,0.8636363636363636
ok,115.34584060791167,110.79976544171927,181.3376423287756,E10,46,CH2LU RX0+1,1.0133290440000025,112,181.3376423287756,bounded_score_weight,,112,110.79976544171927,51.259527972,1.0,2500000,3,scan-hop-25da5f0c2955c08a,51.259527972,development,ok,1.0
ok,115.345840607904,110.79976544172048,181.33764232904986,E10,46,CH2LU RX0+1,1.0133290440000025,112,181.33764232904986,production_score_weight,,112,110.79976544172048,51.259527972,1.0,2500000,3,scan-hop-25da5f0c2955c08a,51.259527972,development,ok,1.0
ok,114.52500069216919,111.18060079976553,119.0167949391599,E10,46,CH2LU RX0+1,1.0133290440000025,112,128.79212046571317,integer_epoch,,112,112.78336585636123,51.259527972,1.0,2500000,3,scan-hop-25da5f0c2955c08a,51.259527972,development,ok,1.0
ok,89.7661631672172,81.70357527559882,379.4952723420117,E13,30,CH1LU RX1,1.0119286760000108,73,379.4952723420117,baseline,,73,81.70357527559882,37.14010818299998,1.0,2500000,2,scan-hop-25da5f0c2955c08a,37.14010818299998,development,ok,1.0
ok,89.7661631672172,81.70357527559882,379.4952723420117,E13,30,CH1LU RX1,1.0119286760000108,73,379.4952723420117,margin_0.05,,73,81.70357527559882,37.14010818299998,1.0,2500000,2,scan-hop-25da5f0c2955c08a,37.14010818299998,development,ok,1.0
ok,89.7661631672172,81.70357527559882,379.4952723420117,E13,30,CH1LU RX1,1.0119286760000108,73,379.4952723420117,margin_0.075,,73,81.70357527559882,37.14010818299998,1.0,2500000,2,scan-hop-25da5f0c2955c08a,37.14010818299998,development,ok,1.0
ok,89.7661631672172,81.70357527559882,379.4952723420117,E13,30,CH1LU RX1,1.0119286760000108,73,379.4952723420117,margin_0.1,,73,81.70357527559882,37.14010818299998,1.0,2500000,2,scan-hop-25da5f0c2955c08a,37.14010818299998,development,ok,1.0
ok,89.7661631672172,81.70357527559882,379.4952723420117,E13,30,CH1LU RX1,1.0119286760000108,73,379.4952723420117,margin_0.15,,73,81.70357527559882,37.14010818299998,1.0,2500000,2,scan-hop-25da5f0c2955c08a,37.14010818299998,development,ok,1.0
ok,88.27412771341092,82.51773236370435,379.4952723420117,E13,30,CH1LU RX1,1.0119286760000108,73,379.4952723420117,margin_0.2,,72,79.60526276230075,36.13611117699999,0.9863013698630136,2500000,2,scan-hop-25da5f0c2955c08a,37.14010818299998,development,ok,1.0
ok,102.33915857170703,93.929386636595,181.1602174275592,E13,30,CH1LU RX1,9.030767830000016,73,181.1602174275592,top_1,,32,31.6801007015275,34.62416687799998,0.4383561643835616,2500000,2,scan-hop-25da5f0c2955c08a,37.14010818299998,development,ok,0.46511627906976744
ok,92.94412487152479,87.71999632979393,450.7795821102427,E13,30,CH1LU RX1,5.021947349000001,73,450.7795821102427,top_2,,59,33.680548428993355,37.14010818299998,0.8082191780821918,2500000,2,scan-hop-25da5f0c2955c08a,37.14010818299998,development,ok,0.813953488372093
ok,89.54430290892168,81.76287474674724,387.19084252411227,E13,30,CH1LU RX1,2.006665378000008,73,387.19084252411227,top_4,,71,81.1522499450821,37.14010818299998,0.9726027397260274,2500000,2,scan-hop-25da5f0c2955c08a,37.14010818299998,development,ok,0.9767441860465116
ok,88.39274529506346,81.80732859863983,373.5917515849862,E13,30,CH1LU RX1,1.0119286760000108,73,373.5917515849862,bounded_score_weight,,73,81.80732859863983,37.14010818299998,1.0,2500000,2,scan-hop-25da5f0c2955c08a,37.14010818299998,development,ok,1.0
ok,88.08783084614375,81.97261177234597,373.591751585022,E13,30,CH1LU RX1,1.0119286760000108,73,373.591751585022,production_score_weight,,73,81.97261177234597,37.14010818299998,1.0,2500000,2,scan-hop-25da5f0c2955c08a,37.14010818299998,development,ok,1.0
ok,90.43114862032441,85.91594162622611,379.4952723420117,E13,30,CH1LU RX1,1.0119286760000108,73,346.5733197301231,integer_epoch,,73,83.46705107531079,37.14010818299998,1.0,2500000,2,scan-hop-25da5f0c2955c08a,37.14010818299998,development,ok,1.0
ok,44.16474613117278,38.04729576518086,62.948303437206825,E14,19,CH4LU RX1,1.0096663639999974,45,62.948303437206825,baseline,,45,38.04729576518086,31.118380719,1.0,2500000,2,scan-hop-25da5f0c2955c08a,31.118380719,development,ok,1.0
ok,44.16474613117278,38.04729576518086,62.948303437206825,E14,19,CH4LU RX1,1.0096663639999974,45,62.948303437206825,margin_0.05,,45,38.04729576518086,31.118380719,1.0,2500000,2,scan-hop-25da5f0c2955c08a,31.118380719,development,ok,1.0
ok,44.16474613117278,38.04729576518086,62.948303437206825,E14,19,CH4LU RX1,1.0096663639999974,45,62.948303437206825,margin_0.075,,45,38.04729576518086,31.118380719,1.0,2500000,2,scan-hop-25da5f0c2955c08a,31.118380719,development,ok,1.0
ok,44.16474613117278,38.04729576518086,62.948303437206825,E14,19,CH4LU RX1,1.0096663639999974,45,62.948303437206825,margin_0.1,,45,38.04729576518086,31.118380719,1.0,2500000,2,scan-hop-25da5f0c2955c08a,31.118380719,development,ok,1.0
ok,44.16474613117278,38.04729576518086,62.948303437206825,E14,19,CH4LU RX1,1.0096663639999974,45,62.948303437206825,margin_0.15,,45,38.04729576518086,31.118380719,1.0,2500000,2,scan-hop-25da5f0c2955c08a,31.118380719,development,ok,1.0
ok,44.16474613117278,38.04729576518086,62.948303437206825,E14,19,CH4LU RX1,1.0096663639999974,45,62.948303437206825,margin_0.2,,45,38.04729576518086,31.118380719,1.0,2500000,2,scan-hop-25da5f0c2955c08a,31.118380719,development,ok,1.0
,,,,E14,19,CH4LU RX1,,45,,top_1,fewer than four training observations in a source segment,24,,,0.5333333333333333,2500000,2,scan-hop-25da5f0c2955c08a,31.118380719,development,insufficient_support,0.5384615384615384
ok,44.41788929463094,40.56551259537078,176.20441701084633,E14,19,CH4LU RX1,2.0068492610000135,45,176.20441701084633,top_2,,42,23.458551112984658,31.118380719,0.9333333333333333,2500000,2,scan-hop-25da5f0c2955c08a,31.118380719,development,ok,0.9615384615384616
ok,44.16474613117278,38.04729576518086,62.948303437206825,E14,19,CH4LU RX1,1.0096663639999974,45,62.948303437206825,top_4,,45,38.04729576518086,31.118380719,1.0,2500000,2,scan-hop-25da5f0c2955c08a,31.118380719,development,ok,1.0
ok,44.646202256244514,38.12734249753774,95.9323566036746,E14,19,CH4LU RX1,1.0096663639999974,45,95.9323566036746,bounded_score_weight,,45,38.12734249753774,31.118380719,1.0,2500000,2,scan-hop-25da5f0c2955c08a,31.118380719,development,ok,1.0
ok,44.6462022562491,38.12734249752645,95.9323566032684,E14,19,CH4LU RX1,1.0096663639999974,45,95.9323566032684,production_score_weight,,45,38.12734249752645,31.118380719,1.0,2500000,2,scan-hop-25da5f0c2955c08a,31.118380719,development,ok,1.0
ok,44.16474613117278,38.04729576518086,62.948303437206825,E14,19,CH4LU RX1,1.0096663639999974,45,62.948303437206825,integer_epoch,,45,38.04729576518086,31.118380719,1.0,2500000,2,scan-hop-25da5f0c2955c08a,31.118380719,development,ok,1.0
ok,155.01534441681642,125.81467394813019,3171.8944252495685,E18,14,CH2U RX0,1.0144654579999894,33,3171.8944252495685,baseline,,33,125.81467394813019,32.199915328,1.0,2500000,1,scan-hop-25da5f0c2955c08a,32.199915328,development,ok,1.0
ok,155.01534441681642,125.81467394813019,3171.8944252495685,E18,14,CH2U RX0,1.0144654579999894,33,3171.8944252495685,margin_0.05,,33,125.81467394813019,32.199915328,1.0,2500000,1,scan-hop-25da5f0c2955c08a,32.199915328,development,ok,1.0
ok,155.01534441681642,125.81467394813019,3171.8944252495685,E18,14,CH2U RX0,1.0144654579999894,33,3171.8944252495685,margin_0.075,,33,125.81467394813019,32.199915328,1.0,2500000,1,scan-hop-25da5f0c2955c08a,32.199915328,development,ok,1.0
ok,155.01534441681642,125.81467394813019,3171.8944252495685,E18,14,CH2U RX0,1.0144654579999894,33,3171.8944252495685,margin_0.1,,33,125.81467394813019,32.199915328,1.0,2500000,1,scan-hop-25da5f0c2955c08a,32.199915328,development,ok,1.0
ok,155.01534441681642,125.81467394813019,3171.8944252495685,E18,14,CH2U RX0,1.0144654579999894,33,3171.8944252495685,margin_0.15,,33,125.81467394813019,32.199915328,1.0,2500000,1,scan-hop-25da5f0c2955c08a,32.199915328,development,ok,1.0
ok,155.01534441681642,125.81467394813019,3171.8944252495685,E18,14,CH2U RX0,1.0144654579999894,33,3171.8944252495685,margin_0.2,,33,125.81467394813019,32.199915328,1.0,2500000,1,scan-hop-25da5f0c2955c08a,32.199915328,development,ok,1.0
insufficient fit rank or degrees of freedom,,165.15728737374644,11961.43114219581,E18,14,CH2U RX0,10.071966784000011,33,11961.43114219581,top_1,,6,61.39239852944386,21.133299663999992,0.18181818181818182,2500000,1,scan-hop-25da5f0c2955c08a,32.199915328,development,ok,0.2631578947368421
ok,173.91110986138366,138.57135915367795,3287.8623799328125,E18,14,CH2U RX0,8.055098708000003,33,3287.8623799328125,top_2,,19,105.54375454651213,32.199915328,0.5757575757575758,2500000,1,scan-hop-25da5f0c2955c08a,32.199915328,development,ok,0.6842105263157895
ok,160.8893429010326,128.6151933480544,5045.99117457769,E18,14,CH2U RX0,5.030649269000008,33,5045.99117457769,top_4,,26,119.72591518994311,32.199915328,0.7878787878787878,2500000,1,scan-hop-25da5f0c2955c08a,32.199915328,development,ok,0.7894736842105263
ok,154.85842130660794,126.26234341488376,2832.1450098372297,E18,14,CH2U RX0,1.0144654579999894,33,2832.1450098372297,bounded_score_weight,,33,126.26234341488376,32.199915328,1.0,2500000,1,scan-hop-25da5f0c2955c08a,32.199915328,development,ok,1.0
ok,154.7758575176964,126.26234341488714,2832.1450098365085,E18,14,CH2U RX0,1.0144654579999894,33,2832.1450098365085,production_score_weight,,33,126.26234341488714,32.199915328,1.0,2500000,1,scan-hop-25da5f0c2955c08a,32.199915328,development,ok,1.0
ok,156.16560245102303,131.7400903587178,2093.633981597872,E18,14,CH2U RX0,1.0144654579999894,33,2149.7977935731683,integer_epoch,,33,122.20515045821615,32.199915328,1.0,2500000,1,scan-hop-25da5f0c2955c08a,32.199915328,development,ok,1.0
ok,87.96462785832215,81.29460432277943,486.9882336127915,E21,65,CH4LU RX0+1,1.0173377730000084,159,486.9882336127915,baseline,,159,81.29460432277943,47.25754251800001,1.0,2500000,4,scan-hop-25da5f0c2955c08a,47.25754251800001,development,ok,1.0
ok,87.96462785832215,81.29460432277943,486.9882336127915,E21,65,CH4LU RX0+1,1.0173377730000084,159,486.9882336127915,margin_0.05,,159,81.29460432277943,47.25754251800001,1.0,2500000,4,scan-hop-25da5f0c2955c08a,47.25754251800001,development,ok,1.0
ok,87.96462785832215,81.29460432277943,486.9882336127915,E21,65,CH4LU RX0+1,1.0173377730000084,159,486.9882336127915,margin_0.075,,159,81.29460432277943,47.25754251800001,1.0,2500000,4,scan-hop-25da5f0c2955c08a,47.25754251800001,development,ok,1.0
ok,87.96462785832215,81.29460432277943,486.9882336127915,E21,65,CH4LU RX0+1,1.0173377730000084,159,486.9882336127915,margin_0.1,,159,81.29460432277943,47.25754251800001,1.0,2500000,4,scan-hop-25da5f0c2955c08a,47.25754251800001,development,ok,1.0
ok,87.96462785832215,81.29460432277943,486.9882336127915,E21,65,CH4LU RX0+1,1.0173377730000084,159,486.9882336127915,margin_0.15,,159,81.29460432277943,47.25754251800001,1.0,2500000,4,scan-hop-25da5f0c2955c08a,47.25754251800001,development,ok,1.0
ok,88.05317730865964,81.29921358984748,488.35242950765434,E21,65,CH4LU RX0+1,2.0139777579999816,159,488.35242950765434,margin_0.2,,158,81.45361133679246,47.25754251800001,0.9937106918238994,2500000,4,scan-hop-25da5f0c2955c08a,47.25754251800001,development,ok,0.9893617021276596
,,,,E21,65,CH4LU RX0+1,,159,,top_1,fewer than four training observations in a source segment,62,,,0.389937106918239,2500000,4,scan-hop-25da5f0c2955c08a,47.25754251800001,development,insufficient_support,0.3191489361702128
ok,92.1401359340662,89.64423962776888,275.37258470049187,E21,65,CH4LU RX0+1,10.061277337999996,159,275.37258470049187,top_2,,116,42.74866679937515,46.75265266299999,0.7295597484276729,2500000,4,scan-hop-25da5f0c2955c08a,47.25754251800001,development,ok,0.6702127659574468
ok,89.51634221002776,82.78184418941355,408.9631574938759,E21,65,CH4LU RX0+1,5.0346508240000105,159,408.9631574938759,top_4,,141,74.96196216211939,47.25754251800001,0.8867924528301887,2500000,4,scan-hop-25da5f0c2955c08a,47.25754251800001,development,ok,0.8723404255319149
ok,87.29778857399035,81.83006416538589,437.52513952104135,E21,65,CH4LU RX0+1,1.0173377730000084,159,437.52513952104135,bounded_score_weight,,159,81.83006416538589,47.25754251800001,1.0,2500000,4,scan-hop-25da5f0c2955c08a,47.25754251800001,development,ok,1.0
ok,87.34945669107965,81.90392781810714,438.3906814144929,E21,65,CH4LU RX0+1,1.0173377730000084,159,438.3906814144929,production_score_weight,,159,81.90392781810714,47.25754251800001,1.0,2500000,4,scan-hop-25da5f0c2955c08a,47.25754251800001,development,ok,1.0
ok,87.39021925574326,81.54283956817855,341.6968270388911,E21,65,CH4LU RX0+1,1.0173377730000084,159,341.6968270388911,integer_epoch,,159,80.43702484786482,47.25754251800001,1.0,2500000,4,scan-hop-25da5f0c2955c08a,47.25754251800001,development,ok,1.0
ok,134.53310401268064,125.75902896643457,641.8106651102785,E01,65,CH1LU RX0+1,1.0146687059999984,159,641.8106651102785,baseline,,159,125.75902896643457,49.316024337,1.0,5000000,4,scan-hop-69ecc3cce08a443f,49.316024337,development,ok,1.0
ok,134.53310401268064,125.75902896643457,641.8106651102785,E01,65,CH1LU RX0+1,1.0146687059999984,159,641.8106651102785,margin_0.05,,159,125.75902896643457,49.316024337,1.0,5000000,4,scan-hop-69ecc3cce08a443f,49.316024337,development,ok,1.0
ok,134.53310401268064,125.75902896643457,641.8106651102785,E01,65,CH1LU RX0+1,1.0146687059999984,159,641.8106651102785,margin_0.075,,159,125.75902896643457,49.316024337,1.0,5000000,4,scan-hop-69ecc3cce08a443f,49.316024337,development,ok,1.0
ok,134.53310401268064,125.75902896643457,641.8106651102785,E01,65,CH1LU RX0+1,1.0146687059999984,159,641.8106651102785,margin_0.1,,159,125.75902896643457,49.316024337,1.0,5000000,4,scan-hop-69ecc3cce08a443f,49.316024337,development,ok,1.0
ok,134.63114541607825,126.00444467237878,717.6054977953773,E01,65,CH1LU RX0+1,1.0146687059999984,159,717.6054977953773,margin_0.15,,157,125.31243453212352,49.316024337,0.9874213836477987,5000000,4,scan-hop-69ecc3cce08a443f,49.316024337,development,ok,0.9787234042553191
ok,133.61654299551083,127.09219276808153,710.6100227293888,E01,65,CH1LU RX0+1,2.013347619,159,710.6100227293888,margin_0.2,,154,120.08600204894964,48.301939662,0.9685534591194969,5000000,4,scan-hop-69ecc3cce08a443f,49.316024337,development,ok,0.9574468085106383
ok,144.34087496689958,130.87998636130436,932.2841502162352,E01,65,CH1LU RX0+1,16.094819087,159,932.2841502162352,top_1,,75,118.37547429505688,49.316024337,0.4716981132075472,5000000,4,scan-hop-69ecc3cce08a443f,49.316024337,development,ok,0.48936170212765956
ok,137.70341707383355,129.48983217090273,849.2091728199413,E01,65,CH1LU RX0+1,9.055032939,159,849.2091728199413,top_2,,120,102.77668377657355,49.316024337,0.7547169811320755,5000000,4,scan-hop-69ecc3cce08a443f,49.316024337,development,ok,0.7553191489361702
ok,135.19402992936497,125.93679329203326,924.9828444357511,E01,65,CH1LU RX0+1,3.018661169999998,159,924.9828444357511,top_4,,146,119.06130234324289,49.316024337,0.9182389937106918,5000000,4,scan-hop-69ecc3cce08a443f,49.316024337,development,ok,0.9574468085106383
ok,133.18665823760023,126.32537432282152,613.0909854779698,E01,65,CH1LU RX0+1,1.0146687059999984,159,613.0909854779698,bounded_score_weight,,159,126.32537432282152,49.316024337,1.0,5000000,4,scan-hop-69ecc3cce08a443f,49.316024337,development,ok,1.0
ok,133.13965191776882,126.77843842666587,617.443609928971,E01,65,CH1LU RX0+1,1.0146687059999984,159,617.443609928971,production_score_weight,,159,126.77843842666587,49.316024337,1.0,5000000,4,scan-hop-69ecc3cce08a443f,49.316024337,development,ok,1.0
ok,134.53310401268064,125.75902896643457,641.8106651102785,E01,65,CH1LU RX0+1,1.0146687059999984,159,641.8106651102785,integer_epoch,,159,125.75902896643457,49.316024337,1.0,5000000,4,scan-hop-69ecc3cce08a443f,49.316024337,development,ok,1.0
ok,111.35695398833516,96.56638017640992,191.16339591206844,E03,22,CH4LU RX0+1,1.0140504549999996,53,191.16339591206844,baseline,,53,96.56638017640992,32.203943873,1.0,5000000,2,scan-hop-69ecc3cce08a443f,32.203943873,development,ok,1.0
ok,111.35695398833516,96.56638017640992,191.16339591206844,E03,22,CH4LU RX0+1,1.0140504549999996,53,191.16339591206844,margin_0.05,,53,96.56638017640992,32.203943873,1.0,5000000,2,scan-hop-69ecc3cce08a443f,32.203943873,development,ok,1.0
ok,111.35695398833516,96.56638017640992,191.16339591206844,E03,22,CH4LU RX0+1,1.0140504549999996,53,191.16339591206844,margin_0.075,,53,96.56638017640992,32.203943873,1.0,5000000,2,scan-hop-69ecc3cce08a443f,32.203943873,development,ok,1.0
ok,111.35695398833516,96.56638017640992,191.16339591206844,E03,22,CH4LU RX0+1,1.0140504549999996,53,191.16339591206844,margin_0.1,,53,96.56638017640992,32.203943873,1.0,5000000,2,scan-hop-69ecc3cce08a443f,32.203943873,development,ok,1.0
ok,111.35695398833516,96.56638017640992,191.16339591206844,E03,22,CH4LU RX0+1,1.0140504549999996,53,191.16339591206844,margin_0.15,,53,96.56638017640992,32.203943873,1.0,5000000,2,scan-hop-69ecc3cce08a443f,32.203943873,development,ok,1.0
ok,111.35695398833516,96.56638017640992,191.16339591206844,E03,22,CH4LU RX0+1,1.0140504549999996,53,191.16339591206844,margin_0.2,,53,96.56638017640992,32.203943873,1.0,5000000,2,scan-hop-69ecc3cce08a443f,32.203943873,development,ok,1.0
,,,,E03,22,CH4LU RX0+1,,53,,top_1,fewer than four training observations in a source segment,15,,,0.2830188679245283,5000000,2,scan-hop-69ecc3cce08a443f,32.203943873,development,insufficient_support,0.3870967741935484
ok,106.32371579429986,99.88511663035362,233.4870779334905,E03,22,CH4LU RX0+1,11.073736761,53,233.4870779334905,top_2,,38,40.37471061918738,32.203943873,0.7169811320754716,5000000,2,scan-hop-69ecc3cce08a443f,32.203943873,development,ok,0.6451612903225806
ok,107.89673170579508,97.39420974708817,246.22687352885922,E03,22,CH4LU RX0+1,6.042642567,53,246.22687352885922,top_4,,44,56.32331749919006,32.203943873,0.8301886792452831,5000000,2,scan-hop-69ecc3cce08a443f,32.203943873,development,ok,0.7419354838709677
ok,110.68973716072786,96.61354967499454,202.4125212986922,E03,22,CH4LU RX0+1,1.0140504549999996,53,202.4125212986922,bounded_score_weight,,53,96.61354967499454,32.203943873,1.0,5000000,2,scan-hop-69ecc3cce08a443f,32.203943873,development,ok,1.0
ok,110.69931635048242,96.61327293887891,202.16601417787035,E03,22,CH4LU RX0+1,1.0140504549999996,53,202.16601417787035,production_score_weight,,53,96.61327293887891,32.203943873,1.0,5000000,2,scan-hop-69ecc3cce08a443f,32.203943873,development,ok,1.0
ok,110.43230323697094,97.76334832408698,154.41669100949105,E03,22,CH4LU RX0+1,1.0140504549999996,53,154.41669100949105,integer_epoch,,53,80.8654505261311,32.203943873,1.0,5000000,2,scan-hop-69ecc3cce08a443f,32.203943873,development,ok,1.0
ok,122.49550639801987,111.03617851225489,248.129638947765,E17,64,CH1LU RX0+1,1.0146732970000016,156,248.129638947765,baseline,,156,111.03617851225489,44.28480894200001,1.0,5000000,4,scan-hop-69ecc3cce08a443f,44.28480894200001,development,ok,1.0
ok,122.49550639801987,111.03617851225489,248.129638947765,E17,64,CH1LU RX0+1,1.0146732970000016,156,248.129638947765,margin_0.05,,156,111.03617851225489,44.28480894200001,1.0,5000000,4,scan-hop-69ecc3cce08a443f,44.28480894200001,development,ok,1.0
ok,122.49550639801987,111.03617851225489,248.129638947765,E17,64,CH1LU RX0+1,1.0146732970000016,156,248.129638947765,margin_0.075,,156,111.03617851225489,44.28480894200001,1.0,5000000,4,scan-hop-69ecc3cce08a443f,44.28480894200001,development,ok,1.0
ok,122.49550639801987,111.03617851225489,248.129638947765,E17,64,CH1LU RX0+1,1.0146732970000016,156,248.129638947765,margin_0.1,,156,111.03617851225489,44.28480894200001,1.0,5000000,4,scan-hop-69ecc3cce08a443f,44.28480894200001,development,ok,1.0
ok,122.20620663272666,111.05220678954858,243.71699158829,E17,64,CH1LU RX0+1,2.0142394640000134,156,243.71699158829,margin_0.15,,155,111.21005793651872,44.28480894200001,0.9935897435897436,5000000,4,scan-hop-69ecc3cce08a443f,44.28480894200001,development,ok,0.9891304347826086
ok,121.40540026549039,111.24500597774345,208.68708798060845,E17,64,CH1LU RX0+1,1.0146732970000016,156,208.68708798060845,margin_0.2,,154,110.79334438581176,44.28480894200001,0.9871794871794872,5000000,4,scan-hop-69ecc3cce08a443f,44.28480894200001,development,ok,0.9782608695652174
ok,114.14262776721809,112.0536079154418,320.93580201624366,E17,64,CH1LU RX0+1,8.051863800000007,156,320.93580201624366,top_1,,81,81.71720731235284,44.28480894200001,0.5192307692307693,5000000,4,scan-hop-69ecc3cce08a443f,44.28480894200001,development,ok,0.4891304347826087
ok,119.4558168337782,111.65883035734423,150.7358359154342,E17,64,CH1LU RX0+1,7.050679564000006,156,150.7358359154342,top_2,,128,100.65166204283173,44.28480894200001,0.8205128205128205,5000000,4,scan-hop-69ecc3cce08a443f,44.28480894200001,development,ok,0.8260869565217391
ok,121.17702528133472,111.11026591188433,199.16564084727463,E17,64,CH1LU RX0+1,5.032004325999992,156,199.16564084727463,top_4,,137,106.26629957862268,44.28480894200001,0.8782051282051282,5000000,4,scan-hop-69ecc3cce08a443f,44.28480894200001,development,ok,0.8913043478260869
ok,120.96918033566627,111.57793581248312,267.2171553924145,E17,64,CH1LU RX0+1,1.0146732970000016,156,267.2171553924145,bounded_score_weight,,156,111.57793581248312,44.28480894200001,1.0,5000000,4,scan-hop-69ecc3cce08a443f,44.28480894200001,development,ok,1.0
ok,120.60680672770997,111.68910202178479,259.36722894252216,E17,64,CH1LU RX0+1,1.0146732970000016,156,259.36722894252216,production_score_weight,,156,111.68910202178479,44.28480894200001,1.0,5000000,4,scan-hop-69ecc3cce08a443f,44.28480894200001,development,ok,1.0
ok,122.49550639801987,111.03617851225489,248.129638947765,E17,64,CH1LU RX0+1,1.0146732970000016,156,248.129638947765,integer_epoch,,156,111.03617851225489,44.28480894200001,1.0,5000000,4,scan-hop-69ecc3cce08a443f,44.28480894200001,development,ok,1.0
ok,124.61791085865194,102.82983537273105,78.10860569492775,E18,32,CH3LU RX0,1.0120024410000212,78,78.10860569492775,baseline,,78,102.82983537273105,39.24529552200002,1.0,5000000,2,scan-hop-69ecc3cce08a443f,39.24529552200002,development,ok,1.0
ok,124.61791085865194,102.82983537273105,78.10860569492775,E18,32,CH3LU RX0,1.0120024410000212,78,78.10860569492775,margin_0.05,,78,102.82983537273105,39.24529552200002,1.0,5000000,2,scan-hop-69ecc3cce08a443f,39.24529552200002,development,ok,1.0
ok,124.61791085865194,102.82983537273105,78.10860569492775,E18,32,CH3LU RX0,1.0120024410000212,78,78.10860569492775,margin_0.075,,78,102.82983537273105,39.24529552200002,1.0,5000000,2,scan-hop-69ecc3cce08a443f,39.24529552200002,development,ok,1.0
ok,124.61791085865194,102.82983537273105,78.10860569492775,E18,32,CH3LU RX0,1.0120024410000212,78,78.10860569492775,margin_0.1,,78,102.82983537273105,39.24529552200002,1.0,5000000,2,scan-hop-69ecc3cce08a443f,39.24529552200002,development,ok,1.0
ok,123.40317885931815,103.24738150821602,76.82308957781538,E18,32,CH3LU RX0,2.0106751550000013,78,76.82308957781538,margin_0.15,,77,99.72893180276763,39.24529552200002,0.9871794871794872,5000000,2,scan-hop-69ecc3cce08a443f,39.24529552200002,development,ok,0.9782608695652174
ok,131.64092270945798,104.5108852309996,131.6941008719321,E18,32,CH3LU RX0,2.0133394560000113,78,131.6941008719321,margin_0.2,,74,100.27189442062206,39.24529552200002,0.9487179487179487,5000000,2,scan-hop-69ecc3cce08a443f,39.24529552200002,development,ok,0.9130434782608695
ok,121.11822977332902,119.41044174157015,1677.310693220333,E18,32,CH3LU RX0,13.07729624800001,78,1677.310693220333,top_1,,30,77.9060656634629,37.737294034,0.38461538461538464,5000000,2,scan-hop-69ecc3cce08a443f,39.24529552200002,development,ok,0.391304347826087
ok,117.77424995297591,105.00264535947896,76.68258710084463,E18,32,CH3LU RX0,4.021345483000005,78,76.68258710084463,top_2,,61,86.85008396013362,38.74263221300001,0.782051282051282,5000000,2,scan-hop-69ecc3cce08a443f,39.24529552200002,development,ok,0.782608695652174
ok,122.72755919275889,103.10474323856282,166.01300416715262,E18,32,CH3LU RX0,4.021345483000005,78,166.01300416715262,top_4,,70,102.75403867111935,39.24529552200002,0.8974358974358975,5000000,2,scan-hop-69ecc3cce08a443f,39.24529552200002,development,ok,0.8695652173913043
ok,122.9952308063756,103.21019444726171,127.2793508939025,E18,32,CH3LU RX0,1.0120024410000212,78,127.2793508939025,bounded_score_weight,,78,103.21019444726171,39.24529552200002,1.0,5000000,2,scan-hop-69ecc3cce08a443f,39.24529552200002,development,ok,1.0
ok,124.05086813081617,103.39453516485861,119.6687590319945,E18,32,CH3LU RX0,1.0120024410000212,78,119.6687590319945,production_score_weight,,78,103.39453516485861,39.24529552200002,1.0,5000000,2,scan-hop-69ecc3cce08a443f,39.24529552200002,development,ok,1.0
ok,120.9649070827871,103.43386224823365,387.69250906677706,E18,32,CH3LU RX0,1.0120024410000212,78,388.3362718044878,integer_epoch,,78,130.41485222363,39.24529552200002,1.0,5000000,2,scan-hop-69ecc3cce08a443f,39.24529552200002,development,ok,1.0
ok,110.00922397872819,99.50227866359808,167.64162814006232,E05,35,CH1LU RX0+1,1.0154090070000024,86,167.64162814006232,baseline,,86,99.50227866359808,34.67124703900001,1.0,2500000,3,scan-hop-a9800f366b2320e5,34.67124703900001,development,ok,1.0
ok,110.00922397872819,99.50227866359808,167.64162814006232,E05,35,CH1LU RX0+1,1.0154090070000024,86,167.64162814006232,margin_0.05,,86,99.50227866359808,34.67124703900001,1.0,2500000,3,scan-hop-a9800f366b2320e5,34.67124703900001,development,ok,1.0
ok,110.00922397872819,99.50227866359808,167.64162814006232,E05,35,CH1LU RX0+1,1.0154090070000024,86,167.64162814006232,margin_0.075,,86,99.50227866359808,34.67124703900001,1.0,2500000,3,scan-hop-a9800f366b2320e5,34.67124703900001,development,ok,1.0
ok,110.00922397872819,99.50227866359808,167.64162814006232,E05,35,CH1LU RX0+1,1.0154090070000024,86,167.64162814006232,margin_0.1,,86,99.50227866359808,34.67124703900001,1.0,2500000,3,scan-hop-a9800f366b2320e5,34.67124703900001,development,ok,1.0
ok,113.61858809471319,100.87534571868231,286.46764925544795,E05,35,CH1LU RX0+1,1.0154090070000024,86,286.46764925544795,margin_0.15,,84,97.45431480099374,34.168578756,0.9767441860465116,2500000,3,scan-hop-a9800f366b2320e5,34.67124703900001,development,ok,0.9607843137254902
ok,113.61858809471319,100.87534571868231,286.46764925544795,E05,35,CH1LU RX0+1,1.0154090070000024,86,286.46764925544795,margin_0.2,,84,97.45431480099374,34.168578756,0.9767441860465116,2500000,3,scan-hop-a9800f366b2320e5,34.67124703900001,development,ok,0.9607843137254902
ok,120.1261698207962,109.99983452034442,355.25325167042104,E05,35,CH1LU RX0+1,8.030681717000007,86,355.25325167042104,top_1,,38,87.22419738644952,33.666588136,0.4418604651162791,2500000,3,scan-hop-a9800f366b2320e5,34.67124703900001,development,ok,0.47058823529411764
ok,116.0407890937814,108.54088157309724,189.85108697189247,E05,35,CH1LU RX0+1,8.026642785999996,86,189.85108697189247,top_2,,62,75.63532946788119,33.666588136,0.7209302325581395,2500000,3,scan-hop-a9800f366b2320e5,34.67124703900001,development,ok,0.7450980392156863
ok,109.78206647521215,100.28598692170043,501.4508311713494,E05,35,CH1LU RX0+1,4.012004813000004,86,501.4508311713494,top_4,,74,89.7151667625884,34.67124703900001,0.8604651162790697,2500000,3,scan-hop-a9800f366b2320e5,34.67124703900001,development,ok,0.8431372549019608
ok,111.26485896265687,99.82921731611563,92.55744372885589,E05,35,CH1LU RX0+1,1.0154090070000024,86,92.55744372885589,bounded_score_weight,,86,99.82921731611563,34.67124703900001,1.0,2500000,3,scan-hop-a9800f366b2320e5,34.67124703900001,development,ok,1.0
ok,113.05371031898461,100.50055132112298,131.53624466361725,E05,35,CH1LU RX0+1,1.0154090070000024,86,131.53624466361725,production_score_weight,,86,100.50055132112298,34.67124703900001,1.0,2500000,3,scan-hop-a9800f366b2320e5,34.67124703900001,development,ok,1.0
ok,110.00922397872819,99.50227866359808,167.64162814006232,E05,35,CH1LU RX0+1,1.0154090070000024,86,167.64162814006232,integer_epoch,,86,99.50227866359808,34.67124703900001,1.0,2500000,3,scan-hop-a9800f366b2320e5,34.67124703900001,development,ok,1.0
ok,85.17313988031248,79.73060176394915,549.4956106710923,E07,42,CH1LU RX0+1,1.0171375509999905,102,549.4956106710923,baseline,,102,79.73060176394915,46.246622079000005,1.0,2500000,3,scan-hop-a9800f366b2320e5,46.246622079000005,development,ok,1.0
ok,85.17313988031248,79.73060176394915,549.4956106710923,E07,42,CH1LU RX0+1,1.0171375509999905,102,549.4956106710923,margin_0.05,,102,79.73060176394915,46.246622079000005,1.0,2500000,3,scan-hop-a9800f366b2320e5,46.246622079000005,development,ok,1.0
ok,85.17313988031248,79.73060176394915,549.4956106710923,E07,42,CH1LU RX0+1,1.0171375509999905,102,549.4956106710923,margin_0.075,,102,79.73060176394915,46.246622079000005,1.0,2500000,3,scan-hop-a9800f366b2320e5,46.246622079000005,development,ok,1.0
ok,85.17313988031248,79.73060176394915,549.4956106710923,E07,42,CH1LU RX0+1,1.0171375509999905,102,549.4956106710923,margin_0.1,,102,79.73060176394915,46.246622079000005,1.0,2500000,3,scan-hop-a9800f366b2320e5,46.246622079000005,development,ok,1.0
ok,85.17313988031248,79.73060176394915,549.4956106710923,E07,42,CH1LU RX0+1,1.0171375509999905,102,549.4956106710923,margin_0.15,,102,79.73060176394915,46.246622079000005,1.0,2500000,3,scan-hop-a9800f366b2320e5,46.246622079000005,development,ok,1.0
ok,85.17313988031248,79.73060176394915,549.4956106710923,E07,42,CH1LU RX0+1,1.0171375509999905,102,549.4956106710923,margin_0.2,,102,79.73060176394915,46.246622079000005,1.0,2500000,3,scan-hop-a9800f366b2320e5,46.246622079000005,development,ok,1.0
,,,,E07,42,CH1LU RX0+1,,102,,top_1,fewer than four training observations in a source segment,40,,,0.39215686274509803,2500000,3,scan-hop-a9800f366b2320e5,46.246622079000005,development,insufficient_support,0.2833333333333333
,,,,E07,42,CH1LU RX0+1,,102,,top_2,fewer than four training observations in a source segment,79,,,0.7745098039215687,2500000,3,scan-hop-a9800f366b2320e5,46.246622079000005,development,insufficient_support,0.7
,,,,E07,42,CH1LU RX0+1,,102,,top_4,fewer than four training observations in a source segment,96,,,0.9411764705882353,2500000,3,scan-hop-a9800f366b2320e5,46.246622079000005,development,insufficient_support,0.9166666666666666
ok,85.52838158041291,79.8853030774979,550.0625828845094,E07,42,CH1LU RX0+1,1.0171375509999905,102,550.0625828845094,bounded_score_weight,,102,79.8853030774979,46.246622079000005,1.0,2500000,3,scan-hop-a9800f366b2320e5,46.246622079000005,development,ok,1.0
ok,85.52838158040569,79.88530307749888,550.0625828828274,E07,42,CH1LU RX0+1,1.0171375509999905,102,550.0625828828274,production_score_weight,,102,79.88530307749888,46.246622079000005,1.0,2500000,3,scan-hop-a9800f366b2320e5,46.246622079000005,development,ok,1.0
ok,85.17313988031248,79.73060176394915,549.4956106710923,E07,42,CH1LU RX0+1,1.0171375509999905,102,549.4956106710923,integer_epoch,,102,79.73060176394915,46.246622079000005,1.0,2500000,3,scan-hop-a9800f366b2320e5,46.246622079000005,development,ok,1.0
ok,116.57415455630604,102.4770638779628,402.8055782698497,E16,16,CH4U RX0,1.0094305890000044,38,402.8055782698497,baseline,,38,102.4770638779628,37.177294456,1.0,2500000,1,scan-hop-a9800f366b2320e5,37.177294456,development,ok,1.0
ok,116.57415455630604,102.4770638779628,402.8055782698497,E16,16,CH4U RX0,1.0094305890000044,38,402.8055782698497,margin_0.05,,38,102.4770638779628,37.177294456,1.0,2500000,1,scan-hop-a9800f366b2320e5,37.177294456,development,ok,1.0
ok,116.57415455630604,102.4770638779628,402.8055782698497,E16,16,CH4U RX0,1.0094305890000044,38,402.8055782698497,margin_0.075,,38,102.4770638779628,37.177294456,1.0,2500000,1,scan-hop-a9800f366b2320e5,37.177294456,development,ok,1.0
ok,116.57415455630604,102.4770638779628,402.8055782698497,E16,16,CH4U RX0,1.0094305890000044,38,402.8055782698497,margin_0.1,,38,102.4770638779628,37.177294456,1.0,2500000,1,scan-hop-a9800f366b2320e5,37.177294456,development,ok,1.0
ok,116.57415455630604,102.4770638779628,402.8055782698497,E16,16,CH4U RX0,1.0094305890000044,38,402.8055782698497,margin_0.15,,38,102.4770638779628,37.177294456,1.0,2500000,1,scan-hop-a9800f366b2320e5,37.177294456,development,ok,1.0
ok,116.57415455630604,102.4770638779628,402.8055782698497,E16,16,CH4U RX0,1.0094305890000044,38,402.8055782698497,margin_0.2,,38,102.4770638779628,37.177294456,1.0,2500000,1,scan-hop-a9800f366b2320e5,37.177294456,development,ok,1.0
ok,141.96575359677047,125.70199563497869,4751.02928936611,E16,16,CH4U RX0,5.037325348999985,38,4751.02928936611,top_1,,12,68.22575354052289,29.141311342000023,0.3157894736842105,2500000,1,scan-hop-a9800f366b2320e5,37.177294456,development,ok,0.36363636363636365
ok,112.16024897881722,113.99368657048693,2098.9400011652074,E16,16,CH4U RX0,3.0211898009999913,38,2098.9400011652074,top_2,,21,66.22088636711504,36.17462329600002,0.5526315789473685,2500000,1,scan-hop-a9800f366b2320e5,37.177294456,development,ok,0.5
ok,116.58413240492004,108.95936963727586,589.6273054472048,E16,16,CH4U RX0,3.0124280660000124,38,589.6273054472048,top_4,,28,97.20545615373386,36.17462329600002,0.7368421052631579,2500000,1,scan-hop-a9800f366b2320e5,37.177294456,development,ok,0.6818181818181818
ok,117.94921003394741,102.51523406906354,249.34084267644994,E16,16,CH4U RX0,1.0094305890000044,38,249.34084267644994,bounded_score_weight,,38,102.51523406906354,37.177294456,1.0,2500000,1,scan-hop-a9800f366b2320e5,37.177294456,development,ok,1.0
ok,117.94921003398434,102.51523406906783,249.34084267427923,E16,16,CH4U RX0,1.0094305890000044,38,249.34084267427923,production_score_weight,,38,102.51523406906783,37.177294456,1.0,2500000,1,scan-hop-a9800f366b2320e5,37.177294456,development,ok,1.0
ok,116.57415455630604,102.4770638779628,402.8055782698497,E16,16,CH4U RX0,1.0094305890000044,38,402.8055782698497,integer_epoch,,38,102.4770638779628,37.177294456,1.0,2500000,1,scan-hop-a9800f366b2320e5,37.177294456,development,ok,1.0
ok,85.90519956873301,78.27303874950678,205.68038892632407,E03,28,CH1LU RX0+1,1.0146647279999996,66,205.68038892632407,baseline,,66,78.27303874950678,40.776294541999995,1.0,5000000,3,scan-hop-12a4736937c06530,40.776294541999995,development,ok,1.0
ok,85.90519956873301,78.27303874950678,205.68038892632407,E03,28,CH1LU RX0+1,1.0146647279999996,66,205.68038892632407,margin_0.05,,66,78.27303874950678,40.776294541999995,1.0,5000000,3,scan-hop-12a4736937c06530,40.776294541999995,development,ok,1.0
ok,85.90519956873301,78.27303874950678,205.68038892632407,E03,28,CH1LU RX0+1,1.0146647279999996,66,205.68038892632407,margin_0.075,,66,78.27303874950678,40.776294541999995,1.0,5000000,3,scan-hop-12a4736937c06530,40.776294541999995,development,ok,1.0
ok,85.90519956873301,78.27303874950678,205.68038892632407,E03,28,CH1LU RX0+1,1.0146647279999996,66,205.68038892632407,margin_0.1,,66,78.27303874950678,40.776294541999995,1.0,5000000,3,scan-hop-12a4736937c06530,40.776294541999995,development,ok,1.0
ok,85.90519956873301,78.27303874950678,205.68038892632407,E03,28,CH1LU RX0+1,1.0146647279999996,66,205.68038892632407,margin_0.15,,66,78.27303874950678,40.776294541999995,1.0,5000000,3,scan-hop-12a4736937c06530,40.776294541999995,development,ok,1.0
ok,85.93212258084654,78.32831559809455,213.86674535210048,E03,28,CH1LU RX0+1,2.011036863000001,66,213.86674535210048,margin_0.2,,65,78.15404598396873,40.776294541999995,0.9848484848484849,5000000,3,scan-hop-12a4736937c06530,40.776294541999995,development,ok,0.9736842105263158
,,,,E03,28,CH1LU RX0+1,,66,,top_1,fewer than four training observations in a source segment,33,,,0.5,5000000,3,scan-hop-12a4736937c06530,40.776294541999995,development,insufficient_support,0.47368421052631576
ok,87.83218940332029,78.47561623843204,433.17069263873657,E03,28,CH1LU RX0+1,6.045324578000006,66,433.17069263873657,top_2,,55,55.34283535700144,40.776294541999995,0.8333333333333334,5000000,3,scan-hop-12a4736937c06530,40.776294541999995,development,ok,0.8421052631578947
ok,83.41552362342104,78.64717791145063,117.37734773964796,E03,28,CH1LU RX0+1,4.034660850999998,66,117.37734773964796,top_4,,60,55.39389895789606,40.776294541999995,0.9090909090909091,5000000,3,scan-hop-12a4736937c06530,40.776294541999995,development,ok,0.8947368421052632
ok,85.5797078505536,78.57375012301405,198.63758413383033,E03,28,CH1LU RX0+1,1.0146647279999996,66,198.63758413383033,bounded_score_weight,,66,78.57375012301405,40.776294541999995,1.0,5000000,3,scan-hop-12a4736937c06530,40.776294541999995,development,ok,1.0
ok,85.58628503675726,78.57947181364922,199.17647465612887,E03,28,CH1LU RX0+1,1.0146647279999996,66,199.17647465612887,production_score_weight,,66,78.57947181364922,40.776294541999995,1.0,5000000,3,scan-hop-12a4736937c06530,40.776294541999995,development,ok,1.0
ok,86.91409512535188,80.3719976788048,124.69803519591258,E03,28,CH1LU RX0+1,1.0146647279999996,66,124.69803519591258,integer_epoch,,66,73.32195335499092,40.776294541999995,1.0,5000000,3,scan-hop-12a4736937c06530,40.776294541999995,development,ok,1.0
ok,142.11163351541572,88.92182360061862,488.4509156667363,E05,21,CH2LU RX0+1,1.0138132419999977,52,488.4509156667363,baseline,,52,88.92182360061862,34.238625325,1.0,5000000,2,scan-hop-12a4736937c06530,34.238625325,development,ok,1.0
ok,142.11163351541572,88.92182360061862,488.4509156667363,E05,21,CH2LU RX0+1,1.0138132419999977,52,488.4509156667363,margin_0.05,,52,88.92182360061862,34.238625325,1.0,5000000,2,scan-hop-12a4736937c06530,34.238625325,development,ok,1.0
ok,142.11163351541572,88.92182360061862,488.4509156667363,E05,21,CH2LU RX0+1,1.0138132419999977,52,488.4509156667363,margin_0.075,,52,88.92182360061862,34.238625325,1.0,5000000,2,scan-hop-12a4736937c06530,34.238625325,development,ok,1.0
ok,142.11163351541572,88.92182360061862,488.4509156667363,E05,21,CH2LU RX0+1,1.0138132419999977,52,488.4509156667363,margin_0.1,,52,88.92182360061862,34.238625325,1.0,5000000,2,scan-hop-12a4736937c06530,34.238625325,development,ok,1.0
ok,142.11163351541572,88.92182360061862,488.4509156667363,E05,21,CH2LU RX0+1,1.0138132419999977,52,488.4509156667363,margin_0.15,,52,88.92182360061862,34.238625325,1.0,5000000,2,scan-hop-12a4736937c06530,34.238625325,development,ok,1.0
ok,140.08558453347175,89.87680603142717,437.9332638711609,E05,21,CH2LU RX0+1,2.010675108000001,52,437.9332638711609,margin_0.2,,51,86.58695229060305,34.238625325,0.9807692307692307,5000000,2,scan-hop-12a4736937c06530,34.238625325,development,ok,0.967741935483871
ok,131.6519872020562,105.09239603725139,128.93135548368176,E05,21,CH2LU RX0+1,5.044794910999997,52,128.93135548368176,top_1,,26,39.30942509109853,30.218609844,0.5,5000000,2,scan-hop-12a4736937c06530,34.238625325,development,ok,0.5161290322580645
ok,135.92947083735928,102.00205421250958,176.28508412040782,E05,21,CH2LU RX0+1,4.020489804999997,52,176.28508412040782,top_2,,44,51.18887888523206,32.227950217,0.8461538461538461,5000000,2,scan-hop-12a4736937c06530,34.238625325,development,ok,0.8709677419354839
ok,137.65365141406875,91.77663374331586,433.98520678471846,E05,21,CH2LU RX0+1,2.0186710540000092,52,433.98520678471846,top_4,,48,75.55917650032882,34.238625325,0.9230769230769231,5000000,2,scan-hop-12a4736937c06530,34.238625325,development,ok,0.9032258064516129
ok,142.80339220644223,89.29697213224924,445.65145433180885,E05,21,CH2LU RX0+1,1.0138132419999977,52,445.65145433180885,bounded_score_weight,,52,89.29697213224924,34.238625325,1.0,5000000,2,scan-hop-12a4736937c06530,34.238625325,development,ok,1.0
ok,142.79817691017695,89.31730033672049,444.6963417256253,E05,21,CH2LU RX0+1,1.0138132419999977,52,444.6963417256253,production_score_weight,,52,89.31730033672049,34.238625325,1.0,5000000,2,scan-hop-12a4736937c06530,34.238625325,development,ok,1.0
ok,142.11163351541572,88.92182360061862,488.4509156667363,E05,21,CH2LU RX0+1,1.0138132419999977,52,488.4509156667363,integer_epoch,,52,88.92182360061862,34.238625325,1.0,5000000,2,scan-hop-12a4736937c06530,34.238625325,development,ok,1.0
ok,122.17500323035519,97.94212371616622,276.4983411878622,E11,53,CH1LU RX0+1,1.018665439000003,126,276.4983411878622,baseline,,126,97.94212371616622,41.31113066600001,1.0,5000000,4,scan-hop-12a4736937c06530,41.31113066600001,development,ok,1.0
ok,122.17500323035519,97.94212371616622,276.4983411878622,E11,53,CH1LU RX0+1,1.018665439000003,126,276.4983411878622,margin_0.05,,126,97.94212371616622,41.31113066600001,1.0,5000000,4,scan-hop-12a4736937c06530,41.31113066600001,development,ok,1.0
ok,122.17500323035519,97.94212371616622,276.4983411878622,E11,53,CH1LU RX0+1,1.018665439000003,126,276.4983411878622,margin_0.075,,126,97.94212371616622,41.31113066600001,1.0,5000000,4,scan-hop-12a4736937c06530,41.31113066600001,development,ok,1.0
ok,122.17500323035519,97.94212371616622,276.4983411878622,E11,53,CH1LU RX0+1,1.018665439000003,126,276.4983411878622,margin_0.1,,126,97.94212371616622,41.31113066600001,1.0,5000000,4,scan-hop-12a4736937c06530,41.31113066600001,development,ok,1.0
ok,122.17500323035519,97.94212371616622,276.4983411878622,E11,53,CH1LU RX0+1,1.018665439000003,126,276.4983411878622,margin_0.15,,126,97.94212371616622,41.31113066600001,1.0,5000000,4,scan-hop-12a4736937c06530,41.31113066600001,development,ok,1.0
ok,122.17500323035519,97.94212371616622,276.4983411878622,E11,53,CH1LU RX0+1,1.018665439000003,126,276.4983411878622,margin_0.2,,126,97.94212371616622,41.31113066600001,1.0,5000000,4,scan-hop-12a4736937c06530,41.31113066600001,development,ok,1.0
,,,,E11,53,CH1LU RX0+1,,126,,top_1,fewer than four training observations in a source segment,60,,,0.47619047619047616,5000000,4,scan-hop-12a4736937c06530,41.31113066600001,development,insufficient_support,0.5068493150684932
ok,111.22318460981172,101.57279091077282,281.5210173707493,E11,53,CH1LU RX0+1,8.065291396000006,126,281.5210173707493,top_2,,96,46.44368693867359,40.808468528999995,0.7619047619047619,5000000,4,scan-hop-12a4736937c06530,41.31113066600001,development,ok,0.8082191780821918
ok,112.5632172397255,99.00832282409206,276.25252557245346,E11,53,CH1LU RX0+1,4.027874245000007,126,276.25252557245346,top_4,,113,80.36014631980443,40.808468528999995,0.8968253968253969,5000000,4,scan-hop-12a4736937c06530,41.31113066600001,development,ok,0.9178082191780822
ok,120.01529954270534,98.03626742102463,274.4374414613583,E11,53,CH1LU RX0+1,1.018665439000003,126,274.4374414613583,bounded_score_weight,,126,98.03626742102463,41.31113066600001,1.0,5000000,4,scan-hop-12a4736937c06530,41.31113066600001,development,ok,1.0
ok,120.01529954270919,98.03626742101513,274.43744146149385,E11,53,CH1LU RX0+1,1.018665439000003,126,274.43744146149385,production_score_weight,,126,98.03626742101513,41.31113066600001,1.0,5000000,4,scan-hop-12a4736937c06530,41.31113066600001,development,ok,1.0
ok,122.11541895239499,98.44264814199987,298.5183826624152,E11,53,CH1LU RX0+1,1.018665439000003,126,298.5183826624152,integer_epoch,,126,101.682206818961,41.31113066600001,1.0,5000000,4,scan-hop-12a4736937c06530,41.31113066600001,development,ok,1.0
ok,113.631332408196,108.4937317469771,720.0830564314642,E14,84,CH4LU RX0+1,1.0202179620000038,207,720.0830564314642,baseline,,207,108.4937317469771,56.365835815,1.0,5000000,4,scan-hop-12a4736937c06530,56.365835815,development,ok,1.0
ok,113.631332408196,108.4937317469771,720.0830564314642,E14,84,CH4LU RX0+1,1.0202179620000038,207,720.0830564314642,margin_0.05,,207,108.4937317469771,56.365835815,1.0,5000000,4,scan-hop-12a4736937c06530,56.365835815,development,ok,1.0
ok,113.631332408196,108.4937317469771,720.0830564314642,E14,84,CH4LU RX0+1,1.0202179620000038,207,720.0830564314642,margin_0.075,,207,108.4937317469771,56.365835815,1.0,5000000,4,scan-hop-12a4736937c06530,56.365835815,development,ok,1.0
ok,113.631332408196,108.4937317469771,720.0830564314642,E14,84,CH4LU RX0+1,1.0202179620000038,207,720.0830564314642,margin_0.1,,207,108.4937317469771,56.365835815,1.0,5000000,4,scan-hop-12a4736937c06530,56.365835815,development,ok,1.0
ok,113.631332408196,108.4937317469771,720.0830564314642,E14,84,CH4LU RX0+1,1.0202179620000038,207,720.0830564314642,margin_0.15,,207,108.4937317469771,56.365835815,1.0,5000000,4,scan-hop-12a4736937c06530,56.365835815,development,ok,1.0
ok,113.06865867290752,108.6829150952158,738.9633785757277,E14,84,CH4LU RX0+1,1.0202179620000038,207,738.9633785757277,margin_0.2,,206,105.57295003848306,56.365835815,0.9951690821256038,5000000,4,scan-hop-12a4736937c06530,56.365835815,development,ok,0.991869918699187
ok,114.80173541380253,110.78063163641988,852.9605700568889,E14,84,CH4LU RX0+1,10.064024444000012,207,852.9605700568889,top_1,,95,97.48747918679857,55.360510102000006,0.45893719806763283,5000000,4,scan-hop-12a4736937c06530,56.365835815,development,ok,0.4796747967479675
ok,113.47214772191853,110.18133577527817,662.6538662408299,E14,84,CH4LU RX0+1,10.064024444000012,207,662.6538662408299,top_2,,165,89.91974061568683,56.365835815,0.7971014492753623,5000000,4,scan-hop-12a4736937c06530,56.365835815,development,ok,0.7398373983739838
ok,112.46435251200873,108.8651403300033,738.2327243794088,E14,84,CH4LU RX0+1,6.037315102000008,207,738.2327243794088,top_4,,187,99.72379345091343,56.365835815,0.9033816425120773,5000000,4,scan-hop-12a4736937c06530,56.365835815,development,ok,0.8943089430894309
ok,113.9456114851274,108.92601477427775,665.0076744757687,E14,84,CH4LU RX0+1,1.0202179620000038,207,665.0076744757687,bounded_score_weight,,207,108.92601477427775,56.365835815,1.0,5000000,4,scan-hop-12a4736937c06530,56.365835815,development,ok,1.0
ok,113.86848199721588,108.93446136985192,668.0386423299311,E14,84,CH4LU RX0+1,1.0202179620000038,207,668.0386423299311,production_score_weight,,207,108.93446136985192,56.365835815,1.0,5000000,4,scan-hop-12a4736937c06530,56.365835815,development,ok,1.0
ok,113.03286345873053,108.76084544263888,618.4089594252957,E14,84,CH4LU RX0+1,1.0202179620000038,207,620.4768628314546,integer_epoch,,207,106.74475939708802,56.365835815,1.0,5000000,4,scan-hop-12a4736937c06530,56.365835815,development,ok,1.0
ok,96.62597983320514,91.7082413411169,140.77040058728153,E20,53,CH3LU RX0+1,1.0173284619999663,128,140.77040058728153,baseline,,128,91.7082413411169,39.75980700400001,1.0,5000000,4,scan-hop-12a4736937c06530,39.75980700400001,development,ok,1.0
ok,96.62597983320514,91.7082413411169,140.77040058728153,E20,53,CH3LU RX0+1,1.0173284619999663,128,140.77040058728153,margin_0.05,,128,91.7082413411169,39.75980700400001,1.0,5000000,4,scan-hop-12a4736937c06530,39.75980700400001,development,ok,1.0
ok,96.62597983320514,91.7082413411169,140.77040058728153,E20,53,CH3LU RX0+1,1.0173284619999663,128,140.77040058728153,margin_0.075,,128,91.7082413411169,39.75980700400001,1.0,5000000,4,scan-hop-12a4736937c06530,39.75980700400001,development,ok,1.0
ok,96.62597983320514,91.7082413411169,140.77040058728153,E20,53,CH3LU RX0+1,1.0173284619999663,128,140.77040058728153,margin_0.1,,128,91.7082413411169,39.75980700400001,1.0,5000000,4,scan-hop-12a4736937c06530,39.75980700400001,development,ok,1.0
ok,96.62597983320514,91.7082413411169,140.77040058728153,E20,53,CH3LU RX0+1,1.0173284619999663,128,140.77040058728153,margin_0.15,,128,91.7082413411169,39.75980700400001,1.0,5000000,4,scan-hop-12a4736937c06530,39.75980700400001,development,ok,1.0
ok,97.06697938177787,92.33536878048096,91.89571118763153,E20,53,CH3LU RX0+1,4.022688222999989,128,91.89571118763153,margin_0.2,,125,90.76451165167788,39.75980700400001,0.9765625,5000000,4,scan-hop-12a4736937c06530,39.75980700400001,development,ok,0.96
ok,97.53847355975378,95.5971279925616,272.37182544370967,E20,53,CH3LU RX0+1,12.073222255000019,128,272.37182544370967,top_1,,61,66.25937684005251,39.75980700400001,0.4765625,5000000,4,scan-hop-12a4736937c06530,39.75980700400001,development,ok,0.5333333333333333
ok,95.3144530554918,92.18360261828408,564.1838929748108,E20,53,CH3LU RX0+1,8.050700763000009,128,564.1838929748108,top_2,,103,68.90090207205803,39.75980700400001,0.8046875,5000000,4,scan-hop-12a4736937c06530,39.75980700400001,development,ok,0.7866666666666666
ok,96.49442314499888,91.83883263829705,402.80946262235875,E20,53,CH3LU RX0+1,6.040024635000009,128,402.80946262235875,top_4,,116,85.83012096102436,39.75980700400001,0.90625,5000000,4,scan-hop-12a4736937c06530,39.75980700400001,development,ok,0.8533333333333334
ok,97.49531572333986,92.15478095419991,97.95525808451279,E20,53,CH3LU RX0+1,1.0173284619999663,128,97.95525808451279,bounded_score_weight,,128,92.15478095419991,39.75980700400001,1.0,5000000,4,scan-hop-12a4736937c06530,39.75980700400001,development,ok,1.0
ok,97.90528280268393,92.48354759653695,90.76959445455104,E20,53,CH3LU RX0+1,1.0173284619999663,128,90.76959445455104,production_score_weight,,128,92.48354759653695,39.75980700400001,1.0,5000000,4,scan-hop-12a4736937c06530,39.75980700400001,development,ok,1.0
ok,97.8071921968467,92.2541207771796,143.7733438680859,E20,53,CH3LU RX0+1,1.0173284619999663,128,152.5262528745957,integer_epoch,,128,96.62598158305143,39.75980700400001,1.0,5000000,4,scan-hop-12a4736937c06530,39.75980700400001,development,ok,1.0
ok,122.25071054793432,97.58605555906983,729.8425450943519,E21,26,CH4LU RX0,1.0186614219999797,64,729.8425450943519,baseline,,64,97.58605555906983,31.709286225000028,1.0,5000000,2,scan-hop-12a4736937c06530,31.709286225000028,development,ok,1.0
ok,122.25071054793432,97.58605555906983,729.8425450943519,E21,26,CH4LU RX0,1.0186614219999797,64,729.8425450943519,margin_0.05,,64,97.58605555906983,31.709286225000028,1.0,5000000,2,scan-hop-12a4736937c06530,31.709286225000028,development,ok,1.0
ok,122.25071054793432,97.58605555906983,729.8425450943519,E21,26,CH4LU RX0,1.0186614219999797,64,729.8425450943519,margin_0.075,,64,97.58605555906983,31.709286225000028,1.0,5000000,2,scan-hop-12a4736937c06530,31.709286225000028,development,ok,1.0
ok,122.25071054793432,97.58605555906983,729.8425450943519,E21,26,CH4LU RX0,1.0186614219999797,64,729.8425450943519,margin_0.1,,64,97.58605555906983,31.709286225000028,1.0,5000000,2,scan-hop-12a4736937c06530,31.709286225000028,development,ok,1.0
ok,122.25071054793432,97.58605555906983,729.8425450943519,E21,26,CH4LU RX0,1.0186614219999797,64,729.8425450943519,margin_0.15,,64,97.58605555906983,31.709286225000028,1.0,5000000,2,scan-hop-12a4736937c06530,31.709286225000028,development,ok,1.0
ok,122.25071054793432,97.58605555906983,729.8425450943519,E21,26,CH4LU RX0,1.0186614219999797,64,729.8425450943519,margin_0.2,,64,97.58605555906983,31.709286225000028,1.0,5000000,2,scan-hop-12a4736937c06530,31.709286225000028,development,ok,1.0
ok,111.14468102915991,109.96890952214655,109.44974573110525,E21,26,CH4LU RX0,8.054574859000013,64,109.44974573110525,top_1,,23,39.811826973851204,28.188150020000023,0.359375,5000000,2,scan-hop-12a4736937c06530,31.709286225000028,development,ok,0.34210526315789475
ok,107.49356321639314,101.72149874889524,436.76917869900103,E21,26,CH4LU RX0,7.046616856000014,64,436.76917869900103,top_2,,39,61.2490414751545,28.188150020000023,0.609375,5000000,2,scan-hop-12a4736937c06530,31.709286225000028,development,ok,0.5263157894736842
ok,125.63348027389313,102.89961786253356,520.3866542709742,E21,26,CH4LU RX0,5.0319551019999835,64,520.3866542709742,top_4,,47,82.14436875818102,29.194899720000024,0.734375,5000000,2,scan-hop-12a4736937c06530,31.709286225000028,development,ok,0.6052631578947368
ok,119.56201973463996,98.02389522075909,536.1144854775623,E21,26,CH4LU RX0,1.0186614219999797,64,536.1144854775623,bounded_score_weight,,64,98.02389522075909,31.709286225000028,1.0,5000000,2,scan-hop-12a4736937c06530,31.709286225000028,development,ok,1.0
ok,119.2679122858296,98.02389522076857,536.1144854780752,E21,26,CH4LU RX0,1.0186614219999797,64,536.1144854780752,production_score_weight,,64,98.02389522076857,31.709286225000028,1.0,5000000,2,scan-hop-12a4736937c06530,31.709286225000028,development,ok,1.0
ok,122.25071054793432,97.58605555906983,729.8425450943519,E21,26,CH4LU RX0,1.0186614219999797,64,729.8425450943519,integer_epoch,,64,97.58605555906983,31.709286225000028,1.0,5000000,2,scan-hop-12a4736937c06530,31.709286225000028,development,ok,1.0
ok,99.86487331145936,87.70047732681813,219.6262835601399,E03,43,CH3LU RX0+1,1.0159910669999874,102,219.6262835601399,baseline,,102,87.70047732681813,44.224005562,1.0,2500000,4,scan-hop-9159b17672b4772a,44.224005562,development,ok,1.0
ok,99.86487331145936,87.70047732681813,219.6262835601399,E03,43,CH3LU RX0+1,1.0159910669999874,102,219.6262835601399,margin_0.05,,102,87.70047732681813,44.224005562,1.0,2500000,4,scan-hop-9159b17672b4772a,44.224005562,development,ok,1.0
ok,99.86487331145936,87.70047732681813,219.6262835601399,E03,43,CH3LU RX0+1,1.0159910669999874,102,219.6262835601399,margin_0.075,,102,87.70047732681813,44.224005562,1.0,2500000,4,scan-hop-9159b17672b4772a,44.224005562,development,ok,1.0
ok,99.86487331145936,87.70047732681813,219.6262835601399,E03,43,CH3LU RX0+1,1.0159910669999874,102,219.6262835601399,margin_0.1,,102,87.70047732681813,44.224005562,1.0,2500000,4,scan-hop-9159b17672b4772a,44.224005562,development,ok,1.0
ok,99.86487331145936,87.70047732681813,219.6262835601399,E03,43,CH3LU RX0+1,1.0159910669999874,102,219.6262835601399,margin_0.15,,102,87.70047732681813,44.224005562,1.0,2500000,4,scan-hop-9159b17672b4772a,44.224005562,development,ok,1.0
ok,99.86487331145936,87.70047732681813,219.6262835601399,E03,43,CH3LU RX0+1,1.0159910669999874,102,219.6262835601399,margin_0.2,,102,87.70047732681813,44.224005562,1.0,2500000,4,scan-hop-9159b17672b4772a,44.224005562,development,ok,1.0
,,,,E03,43,CH3LU RX0+1,,102,,top_1,fewer than four training observations in a source segment,45,,,0.4411764705882353,2500000,4,scan-hop-9159b17672b4772a,44.224005562,development,insufficient_support,0.4406779661016949
ok,110.09239247433328,95.65498099213481,234.01001184311264,E03,43,CH3LU RX0+1,5.01998337900001,102,234.01001184311264,top_2,,76,49.993302619165085,44.224005562,0.7450980392156863,2500000,4,scan-hop-9159b17672b4772a,44.224005562,development,ok,0.7627118644067796
ok,100.80563912389552,88.21845930065382,198.15578942444606,E03,43,CH3LU RX0+1,2.018462045000007,102,198.15578942444606,top_4,,95,82.36165288798527,44.224005562,0.9313725490196079,2500000,4,scan-hop-9159b17672b4772a,44.224005562,development,ok,0.9491525423728814
ok,101.17266170656806,87.85346012038067,228.11934310646254,E03,43,CH3LU RX0+1,1.0159910669999874,102,228.11934310646254,bounded_score_weight,,102,87.85346012038067,44.224005562,1.0,2500000,4,scan-hop-9159b17672b4772a,44.224005562,development,ok,1.0
ok,101.17266170656745,87.85346012038096,228.1193431064915,E03,43,CH3LU RX0+1,1.0159910669999874,102,228.1193431064915,production_score_weight,,102,87.85346012038096,44.224005562,1.0,2500000,4,scan-hop-9159b17672b4772a,44.224005562,development,ok,1.0
ok,99.86487331145936,87.70047732681813,219.6262835601399,E03,43,CH3LU RX0+1,1.0159910669999874,102,219.6262835601399,integer_epoch,,102,87.70047732681813,44.224005562,1.0,2500000,4,scan-hop-9159b17672b4772a,44.224005562,development,ok,1.0
ok,53.36851687693251,43.83722071106554,119.22118386134757,E07,26,CH4LU RX1,1.0146746210000117,64,119.22118386134757,baseline,,64,43.83722071106554,39.697403616,1.0,2500000,2,scan-hop-9159b17672b4772a,39.697403616,development,ok,1.0
ok,53.36851687693251,43.83722071106554,119.22118386134757,E07,26,CH4LU RX1,1.0146746210000117,64,119.22118386134757,margin_0.05,,64,43.83722071106554,39.697403616,1.0,2500000,2,scan-hop-9159b17672b4772a,39.697403616,development,ok,1.0
ok,53.36851687693251,43.83722071106554,119.22118386134757,E07,26,CH4LU RX1,1.0146746210000117,64,119.22118386134757,margin_0.075,,64,43.83722071106554,39.697403616,1.0,2500000,2,scan-hop-9159b17672b4772a,39.697403616,development,ok,1.0
ok,53.36851687693251,43.83722071106554,119.22118386134757,E07,26,CH4LU RX1,1.0146746210000117,64,119.22118386134757,margin_0.1,,64,43.83722071106554,39.697403616,1.0,2500000,2,scan-hop-9159b17672b4772a,39.697403616,development,ok,1.0
ok,53.36851687693251,43.83722071106554,119.22118386134757,E07,26,CH4LU RX1,1.0146746210000117,64,119.22118386134757,margin_0.15,,64,43.83722071106554,39.697403616,1.0,2500000,2,scan-hop-9159b17672b4772a,39.697403616,development,ok,1.0
ok,53.36851687693251,43.83722071106554,119.22118386134757,E07,26,CH4LU RX1,1.0146746210000117,64,119.22118386134757,margin_0.2,,64,43.83722071106554,39.697403616,1.0,2500000,2,scan-hop-9159b17672b4772a,39.697403616,development,ok,1.0
ok,50.30521939613583,44.58968107621964,266.22828675823035,E07,26,CH4LU RX1,4.021449160000003,64,266.22828675823035,top_1,,36,24.82638905738091,38.696074783,0.5625,2500000,2,scan-hop-9159b17672b4772a,39.697403616,development,ok,0.6052631578947368
ok,50.040175505934755,44.381168937209395,226.84587331194066,E07,26,CH4LU RX1,2.0147850759999812,64,226.84587331194066,top_2,,55,23.773997305837145,39.697403616,0.859375,2500000,2,scan-hop-9159b17672b4772a,39.697403616,development,ok,0.868421052631579
ok,53.36851687693251,43.83722071106554,119.22118386134757,E07,26,CH4LU RX1,1.0146746210000117,64,119.22118386134757,top_4,,64,43.83722071106554,39.697403616,1.0,2500000,2,scan-hop-9159b17672b4772a,39.697403616,development,ok,1.0
ok,52.399826847803006,43.8580813510298,106.92814109237182,E07,26,CH4LU RX1,1.0146746210000117,64,106.92814109237182,bounded_score_weight,,64,43.8580813510298,39.697403616,1.0,2500000,2,scan-hop-9159b17672b4772a,39.697403616,development,ok,1.0
ok,52.399826847791495,43.85808135104384,106.92814109263803,E07,26,CH4LU RX1,1.0146746210000117,64,106.92814109263803,production_score_weight,,64,43.85808135104384,39.697403616,1.0,2500000,2,scan-hop-9159b17672b4772a,39.697403616,development,ok,1.0
ok,59.060291249445235,47.83517941068535,119.22118386134757,E07,26,CH4LU RX1,1.0146746210000117,64,167.39598690840532,integer_epoch,,64,68.49397680507357,39.697403616,1.0,2500000,2,scan-hop-9159b17672b4772a,39.697403616,development,ok,1.0
ok,128.25234831034456,116.78006736410974,135.61993038697284,E10,30,CH3LU RX0+1,1.0106380740000134,71,135.61993038697284,baseline,,71,116.78006736410974,35.15440145699998,1.0,2500000,4,scan-hop-9159b17672b4772a,35.15440145699998,development,ok,1.0
ok,128.25234831034456,116.78006736410974,135.61993038697284,E10,30,CH3LU RX0+1,1.0106380740000134,71,135.61993038697284,margin_0.05,,71,116.78006736410974,35.15440145699998,1.0,2500000,4,scan-hop-9159b17672b4772a,35.15440145699998,development,ok,1.0
ok,128.25234831034456,116.78006736410974,135.61993038697284,E10,30,CH3LU RX0+1,1.0106380740000134,71,135.61993038697284,margin_0.075,,71,116.78006736410974,35.15440145699998,1.0,2500000,4,scan-hop-9159b17672b4772a,35.15440145699998,development,ok,1.0
ok,128.25234831034456,116.78006736410974,135.61993038697284,E10,30,CH3LU RX0+1,1.0106380740000134,71,135.61993038697284,margin_0.1,,71,116.78006736410974,35.15440145699998,1.0,2500000,4,scan-hop-9159b17672b4772a,35.15440145699998,development,ok,1.0
ok,128.25234831034456,116.78006736410974,135.61993038697284,E10,30,CH3LU RX0+1,1.0106380740000134,71,135.61993038697284,margin_0.15,,71,116.78006736410974,35.15440145699998,1.0,2500000,4,scan-hop-9159b17672b4772a,35.15440145699998,development,ok,1.0
ok,128.97615800365915,118.8660872283054,142.6724962547838,E10,30,CH3LU RX0+1,2.0074619119999966,71,142.6724962547838,margin_0.2,,69,109.47852108478318,34.14506187499998,0.971830985915493,2500000,4,scan-hop-9159b17672b4772a,35.15440145699998,development,ok,0.9512195121951219
,,,,E10,30,CH3LU RX0+1,,71,,top_1,fewer than four training observations in a source segment,30,,,0.4225352112676056,2500000,4,scan-hop-9159b17672b4772a,35.15440145699998,development,insufficient_support,0.4634146341463415
fewer than four training observations in a source segment,,133.4138543864935,306.8302292726061,E10,30,CH3LU RX0+1,4.017977510999998,71,306.8302292726061,top_2,,44,60.570593944903514,35.15440145699998,0.6197183098591549,2500000,4,scan-hop-9159b17672b4772a,35.15440145699998,development,ok,0.6829268292682927
ok,132.0472899778239,119.94577791572623,159.83998764569134,E10,30,CH3LU RX0+1,4.017977510999998,71,159.83998764569134,top_4,,59,89.58063172180192,35.15440145699998,0.8309859154929577,2500000,4,scan-hop-9159b17672b4772a,35.15440145699998,development,ok,0.9024390243902439
ok,128.92200248679413,117.4501064159807,136.4121922441449,E10,30,CH3LU RX0+1,1.0106380740000134,71,136.4121922441449,bounded_score_weight,,71,117.4501064159807,35.15440145699998,1.0,2500000,4,scan-hop-9159b17672b4772a,35.15440145699998,development,ok,1.0
ok,129.2875289304829,117.59887066799683,137.13325377235452,E10,30,CH3LU RX0+1,1.0106380740000134,71,137.13325377235452,production_score_weight,,71,117.59887066799683,35.15440145699998,1.0,2500000,4,scan-hop-9159b17672b4772a,35.15440145699998,development,ok,1.0
ok,128.25234831034456,116.78006736410974,135.61993038697284,E10,30,CH3LU RX0+1,1.0106380740000134,71,135.61993038697284,integer_epoch,,71,116.78006736410974,35.15440145699998,1.0,2500000,4,scan-hop-9159b17672b4772a,35.15440145699998,development,ok,1.0
ok,135.4505765913325,116.10945890404635,1228.298113325588,E14,43,CH1LU RX0+1,1.0146750389999966,103,1228.298113325588,baseline,,103,116.10945890404635,35.214801213000015,1.0,5000000,3,scan-hop-5d3cf23ccff0b9f9,35.214801213000015,development,ok,1.0
ok,135.4505765913325,116.10945890404635,1228.298113325588,E14,43,CH1LU RX0+1,1.0146750389999966,103,1228.298113325588,margin_0.05,,103,116.10945890404635,35.214801213000015,1.0,5000000,3,scan-hop-5d3cf23ccff0b9f9,35.214801213000015,development,ok,1.0
ok,135.4505765913325,116.10945890404635,1228.298113325588,E14,43,CH1LU RX0+1,1.0146750389999966,103,1228.298113325588,margin_0.075,,103,116.10945890404635,35.214801213000015,1.0,5000000,3,scan-hop-5d3cf23ccff0b9f9,35.214801213000015,development,ok,1.0
ok,135.4505765913325,116.10945890404635,1228.298113325588,E14,43,CH1LU RX0+1,1.0146750389999966,103,1228.298113325588,margin_0.1,,103,116.10945890404635,35.214801213000015,1.0,5000000,3,scan-hop-5d3cf23ccff0b9f9,35.214801213000015,development,ok,1.0
ok,135.4505765913325,116.10945890404635,1228.298113325588,E14,43,CH1LU RX0+1,1.0146750389999966,103,1228.298113325588,margin_0.15,,103,116.10945890404635,35.214801213000015,1.0,5000000,3,scan-hop-5d3cf23ccff0b9f9,35.214801213000015,development,ok,1.0
ok,130.22982951429069,119.04317844130038,336.0816220232667,E14,43,CH1LU RX0+1,2.010892864999988,103,336.0816220232667,margin_0.2,,101,104.20690764744514,34.210103876000005,0.9805825242718447,5000000,3,scan-hop-5d3cf23ccff0b9f9,35.214801213000015,development,ok,0.9666666666666667
ok,124.52482151534332,118.62517616204451,560.6322744926416,E14,43,CH1LU RX0+1,8.049357446000016,103,560.6322744926416,top_1,,42,62.335798358037415,33.20576009199999,0.4077669902912621,5000000,3,scan-hop-5d3cf23ccff0b9f9,35.214801213000015,development,ok,0.48333333333333334
ok,123.57661782727048,118.91126168949879,382.687363360331,E14,43,CH1LU RX0+1,3.0176569630000074,103,382.687363360331,top_2,,78,55.91915318341388,34.210103876000005,0.7572815533980582,5000000,3,scan-hop-5d3cf23ccff0b9f9,35.214801213000015,development,ok,0.7833333333333333
ok,138.49746880101,118.93570441179881,1607.3221940561355,E14,43,CH1LU RX0+1,3.0176569630000074,103,1607.3221940561355,top_4,,93,110.78813529795349,35.214801213000015,0.9029126213592233,5000000,3,scan-hop-5d3cf23ccff0b9f9,35.214801213000015,development,ok,0.8833333333333333
ok,131.8725057483523,116.4723454535968,867.4492632173277,E14,43,CH1LU RX0+1,1.0146750389999966,103,867.4492632173277,bounded_score_weight,,103,116.4723454535968,35.214801213000015,1.0,5000000,3,scan-hop-5d3cf23ccff0b9f9,35.214801213000015,development,ok,1.0
ok,130.27031784951853,116.74602797291321,712.3990196392543,E14,43,CH1LU RX0+1,1.0146750389999966,103,712.3990196392543,production_score_weight,,103,116.74602797291321,35.214801213000015,1.0,5000000,3,scan-hop-5d3cf23ccff0b9f9,35.214801213000015,development,ok,1.0
ok,135.4505765913325,116.10945890404635,1228.298113325588,E14,43,CH1LU RX0+1,1.0146750389999966,103,1228.298113325588,integer_epoch,,103,116.10945890404635,35.214801213000015,1.0,5000000,3,scan-hop-5d3cf23ccff0b9f9,35.214801213000015,development,ok,1.0
ok,1114.4524930512193,749.8241255609446,18222.761644340542,E15,15,CH1L RX0,1.0133416000000182,36,18222.761644340542,baseline,,36,749.8241255609446,35.21414338499997,1.0,5000000,1,scan-hop-5d3cf23ccff0b9f9,35.21414338499997,development,ok,1.0
ok,1006.0680672700989,934.2290555511483,1432.155573789642,E15,15,CH1L RX0,1.0133416000000182,36,1432.155573789642,margin_0.05,,35,137.8543577652555,34.21010390999999,0.9722222222222222,5000000,1,scan-hop-5d3cf23ccff0b9f9,35.21414338499997,development,ok,0.9523809523809523
ok,1006.0680672700989,934.2290555511483,1432.155573789642,E15,15,CH1L RX0,1.0133416000000182,36,1432.155573789642,margin_0.075,,35,137.8543577652555,34.21010390999999,0.9722222222222222,5000000,1,scan-hop-5d3cf23ccff0b9f9,35.21414338499997,development,ok,0.9523809523809523
ok,1006.0680672700989,934.2290555511483,1432.155573789642,E15,15,CH1L RX0,1.0133416000000182,36,1432.155573789642,margin_0.1,,35,137.8543577652555,34.21010390999999,0.9722222222222222,5000000,1,scan-hop-5d3cf23ccff0b9f9,35.21414338499997,development,ok,0.9523809523809523
ok,1006.0680672700989,934.2290555511483,1432.155573789642,E15,15,CH1L RX0,1.0133416000000182,36,1432.155573789642,margin_0.15,,35,137.8543577652555,34.21010390999999,0.9722222222222222,5000000,1,scan-hop-5d3cf23ccff0b9f9,35.21414338499997,development,ok,0.9523809523809523
ok,1006.0680672700989,934.2290555511483,1432.155573789642,E15,15,CH1L RX0,1.0133416000000182,36,1432.155573789642,margin_0.2,,35,137.8543577652555,34.21010390999999,0.9722222222222222,5000000,1,scan-hop-5d3cf23ccff0b9f9,35.21414338499997,development,ok,0.9523809523809523
ok,1024.1182507307497,931.1230864734082,12184.419042645712,E15,15,CH1L RX0,7.0387894200000005,36,12184.419042645712,top_1,,21,156.844148396388,31.188118003,0.5833333333333334,5000000,1,scan-hop-5d3cf23ccff0b9f9,35.21414338499997,development,ok,0.7142857142857143
ok,1014.4899633818271,933.1703598602068,10366.309463918215,E15,15,CH1L RX0,7.0387894200000005,36,10366.309463918215,top_2,,28,137.6517885782978,34.21010390999999,0.7777777777777778,5000000,1,scan-hop-5d3cf23ccff0b9f9,35.21414338499997,development,ok,0.7619047619047619
ok,1015.4644219886427,933.6007701603877,511.191744591583,E15,15,CH1L RX0,4.0233009290000155,36,511.191744591583,top_4,,30,135.98816867553995,34.21010390999999,0.8333333333333334,5000000,1,scan-hop-5d3cf23ccff0b9f9,35.21414338499997,development,ok,0.8095238095238095
ok,1060.5050103306735,778.1164472323504,13064.24669603921,E15,15,CH1L RX0,1.0133416000000182,36,13064.24669603921,bounded_score_weight,,36,778.1164472323504,35.21414338499997,1.0,5000000,1,scan-hop-5d3cf23ccff0b9f9,35.21414338499997,development,ok,1.0
ok,1010.6011623330974,896.2862408134541,4246.464483115754,E15,15,CH1L RX0,1.0133416000000182,36,4246.464483115754,production_score_weight,,36,896.2862408134541,35.21414338499997,1.0,5000000,1,scan-hop-5d3cf23ccff0b9f9,35.21414338499997,development,ok,1.0
ok,1096.1186053550396,750.1354308959719,17186.263833112687,E15,15,CH1L RX0,1.0133416000000182,36,17186.263833112687,integer_epoch,,36,744.3336647026214,35.21414338499997,1.0,5000000,1,scan-hop-5d3cf23ccff0b9f9,35.21414338499997,development,ok,1.0
ok,135.38108055677844,122.16040378210928,359.28908662333265,E16,50,CH3LU RX0+1,1.0120074010000053,120,359.28908662333265,baseline,,120,122.16040378210928,33.20215006199999,1.0,5000000,4,scan-hop-5d3cf23ccff0b9f9,33.20215006199999,development,ok,1.0
ok,135.38108055677844,122.16040378210928,359.28908662333265,E16,50,CH3LU RX0+1,1.0120074010000053,120,359.28908662333265,margin_0.05,,120,122.16040378210928,33.20215006199999,1.0,5000000,4,scan-hop-5d3cf23ccff0b9f9,33.20215006199999,development,ok,1.0
ok,135.38108055677844,122.16040378210928,359.28908662333265,E16,50,CH3LU RX0+1,1.0120074010000053,120,359.28908662333265,margin_0.075,,120,122.16040378210928,33.20215006199999,1.0,5000000,4,scan-hop-5d3cf23ccff0b9f9,33.20215006199999,development,ok,1.0
ok,135.38108055677844,122.16040378210928,359.28908662333265,E16,50,CH3LU RX0+1,1.0120074010000053,120,359.28908662333265,margin_0.1,,120,122.16040378210928,33.20215006199999,1.0,5000000,4,scan-hop-5d3cf23ccff0b9f9,33.20215006199999,development,ok,1.0
ok,135.38108055677844,122.16040378210928,359.28908662333265,E16,50,CH3LU RX0+1,1.0120074010000053,120,359.28908662333265,margin_0.15,,120,122.16040378210928,33.20215006199999,1.0,5000000,4,scan-hop-5d3cf23ccff0b9f9,33.20215006199999,development,ok,1.0
ok,135.07178408025683,122.26668644675598,263.3154323170413,E16,50,CH3LU RX0+1,1.010668557999992,120,263.3154323170413,margin_0.2,,119,122.33279416943795,32.19014266099998,0.9916666666666667,5000000,4,scan-hop-5d3cf23ccff0b9f9,33.20215006199999,development,ok,0.9857142857142858
ok,147.93915949837503,135.5633593815783,412.3394623060633,E16,50,CH3LU RX0+1,10.059906195000025,120,412.3394623060633,top_1,,46,110.63734394611545,30.173397596,0.38333333333333336,5000000,4,scan-hop-5d3cf23ccff0b9f9,33.20215006199999,development,ok,0.44285714285714284
ok,135.9553609220798,124.11608232837527,291.1777701474384,E16,50,CH3LU RX0+1,6.034615685000006,120,291.1777701474384,top_2,,95,115.51071949303335,31.686139044999976,0.7916666666666666,5000000,4,scan-hop-5d3cf23ccff0b9f9,33.20215006199999,development,ok,0.7571428571428571
ok,143.33737166531756,123.70480510434808,158.22482350264087,E16,50,CH3LU RX0+1,5.030611842000013,120,158.22482350264087,top_4,,103,119.33338003899057,31.686139044999976,0.8583333333333333,5000000,4,scan-hop-5d3cf23ccff0b9f9,33.20215006199999,development,ok,0.8428571428571429
ok,133.68617034907552,122.72784441446673,258.5969583896734,E16,50,CH3LU RX0+1,1.0120074010000053,120,258.5969583896734,bounded_score_weight,,120,122.72784441446673,33.20215006199999,1.0,5000000,4,scan-hop-5d3cf23ccff0b9f9,33.20215006199999,development,ok,1.0
ok,133.28061113662946,122.78719235387068,238.3970230782293,E16,50,CH3LU RX0+1,1.0120074010000053,120,238.3970230782293,production_score_weight,,120,122.78719235387068,33.20215006199999,1.0,5000000,4,scan-hop-5d3cf23ccff0b9f9,33.20215006199999,development,ok,1.0
ok,134.86411178879953,122.70772732107591,314.56601992534917,E16,50,CH3LU RX0+1,1.0120074010000053,120,304.5236229795082,integer_epoch,,120,115.79702938461573,33.20215006199999,1.0,5000000,4,scan-hop-5d3cf23ccff0b9f9,33.20215006199999,development,ok,1.0
ok,134.61882572021062,116.74170562760197,220.71395174021336,E06,30,CH1LU RX0+1,1.012000067999999,73,220.71395174021336,baseline,,73,116.74170562760197,30.635176028999993,1.0,2500000,3,scan-hop-28c87f4287475a97,30.635176028999993,development,ok,1.0
ok,134.61882572021062,116.74170562760197,220.71395174021336,E06,30,CH1LU RX0+1,1.012000067999999,73,220.71395174021336,margin_0.05,,73,116.74170562760197,30.635176028999993,1.0,2500000,3,scan-hop-28c87f4287475a97,30.635176028999993,development,ok,1.0
ok,134.61882572021062,116.74170562760197,220.71395174021336,E06,30,CH1LU RX0+1,1.012000067999999,73,220.71395174021336,margin_0.075,,73,116.74170562760197,30.635176028999993,1.0,2500000,3,scan-hop-28c87f4287475a97,30.635176028999993,development,ok,1.0
ok,134.61882572021062,116.74170562760197,220.71395174021336,E06,30,CH1LU RX0+1,1.012000067999999,73,220.71395174021336,margin_0.1,,73,116.74170562760197,30.635176028999993,1.0,2500000,3,scan-hop-28c87f4287475a97,30.635176028999993,development,ok,1.0
ok,134.61882572021062,116.74170562760197,220.71395174021336,E06,30,CH1LU RX0+1,1.012000067999999,73,220.71395174021336,margin_0.15,,73,116.74170562760197,30.635176028999993,1.0,2500000,3,scan-hop-28c87f4287475a97,30.635176028999993,development,ok,1.0
ok,134.61882572021062,116.74170562760197,220.71395174021336,E06,30,CH1LU RX0+1,1.012000067999999,73,220.71395174021336,margin_0.2,,73,116.74170562760197,30.635176028999993,1.0,2500000,3,scan-hop-28c87f4287475a97,30.635176028999993,development,ok,1.0
ok,145.90592388983345,121.92771527770924,109.62647515439762,E06,30,CH1LU RX0+1,7.031954123999995,73,109.62647515439762,top_1,,27,82.75226757242292,26.114576551,0.3698630136986301,2500000,3,scan-hop-28c87f4287475a97,30.635176028999993,development,ok,0.4418604651162791
ok,132.69166748971594,132.4855267071191,195.42182894592048,E06,30,CH1LU RX0+1,5.018651532,73,195.42182894592048,top_2,,54,73.72701153651381,28.119903277,0.7397260273972602,2500000,3,scan-hop-28c87f4287475a97,30.635176028999993,development,ok,0.7209302325581395
ok,132.72223962008022,127.5884658605932,150.57128647746097,E06,30,CH1LU RX0+1,4.013320503000003,73,150.57128647746097,top_4,,63,93.50654401888096,30.129585537999994,0.863013698630137,2500000,3,scan-hop-28c87f4287475a97,30.635176028999993,development,ok,0.813953488372093
ok,134.27652948963907,117.3011057032956,208.42939916527638,E06,30,CH1LU RX0+1,1.012000067999999,73,208.42939916527638,bounded_score_weight,,73,117.3011057032956,30.635176028999993,1.0,2500000,3,scan-hop-28c87f4287475a97,30.635176028999993,development,ok,1.0
ok,134.11921500282853,117.67884516267166,198.59476403480494,E06,30,CH1LU RX0+1,1.012000067999999,73,198.59476403480494,production_score_weight,,73,117.67884516267166,30.635176028999993,1.0,2500000,3,scan-hop-28c87f4287475a97,30.635176028999993,development,ok,1.0
ok,128.6408859121896,117.74773082281162,220.71395174021336,E06,30,CH1LU RX0+1,1.012000067999999,73,215.53302126089744,integer_epoch,,73,116.26265322738026,30.635176028999993,1.0,2500000,3,scan-hop-28c87f4287475a97,30.635176028999993,development,ok,1.0
ok,144.33765093641304,131.65913443783634,154.3698931313743,E05,31,CH3LU RX0+1,1.0240023909999962,73,154.3698931313743,baseline,,73,131.65913443783634,32.715485453,1.0,5000000,3,scan-hop-3bad7839c95ec4b7,32.715485453,development,ok,1.0
ok,144.33765093641304,131.65913443783634,154.3698931313743,E05,31,CH3LU RX0+1,1.0240023909999962,73,154.3698931313743,margin_0.05,,73,131.65913443783634,32.715485453,1.0,5000000,3,scan-hop-3bad7839c95ec4b7,32.715485453,development,ok,1.0
ok,144.33765093641304,131.65913443783634,154.3698931313743,E05,31,CH3LU RX0+1,1.0240023909999962,73,154.3698931313743,margin_0.075,,73,131.65913443783634,32.715485453,1.0,5000000,3,scan-hop-3bad7839c95ec4b7,32.715485453,development,ok,1.0
ok,144.33765093641304,131.65913443783634,154.3698931313743,E05,31,CH3LU RX0+1,1.0240023909999962,73,154.3698931313743,margin_0.1,,73,131.65913443783634,32.715485453,1.0,5000000,3,scan-hop-3bad7839c95ec4b7,32.715485453,development,ok,1.0
ok,144.50775269063482,131.6787006186829,154.77818995323196,E05,31,CH3LU RX0+1,2.01068107399999,73,154.77818995323196,margin_0.15,,72,132.3784279221604,32.715485453,0.9863013698630136,5000000,3,scan-hop-3bad7839c95ec4b7,32.715485453,development,ok,0.9761904761904762
ok,146.26011350964737,132.7322493875186,147.11548888403138,E05,31,CH3LU RX0+1,2.011831949000012,73,147.11548888403138,margin_0.2,,67,129.00858400895953,30.199467267999992,0.9178082191780822,5000000,3,scan-hop-3bad7839c95ec4b7,32.715485453,development,ok,0.8571428571428571
ok,177.20761721981233,137.0366412046403,186.13718823276295,E05,31,CH3LU RX0+1,14.103807043000003,73,186.13718823276295,top_1,,34,122.42144793801903,32.715485453,0.4657534246575342,5000000,3,scan-hop-3bad7839c95ec4b7,32.715485453,development,ok,0.5952380952380952
ok,147.9899242296218,134.95222540876537,196.718865167625,E05,31,CH3LU RX0+1,5.029340447999999,73,196.718865167625,top_2,,55,124.78253505737854,32.715485453,0.7534246575342466,5000000,3,scan-hop-3bad7839c95ec4b7,32.715485453,development,ok,0.7142857142857143
ok,147.0650587507227,133.63407010515442,157.72592126400838,E05,31,CH3LU RX0+1,4.044011245999997,73,157.72592126400838,top_4,,61,125.4906377945319,32.715485453,0.8356164383561644,5000000,3,scan-hop-3bad7839c95ec4b7,32.715485453,development,ok,0.7857142857142857
ok,147.17580639796688,133.06202048711182,151.7425363485358,E05,31,CH3LU RX0+1,1.0240023909999962,73,151.7425363485358,bounded_score_weight,,73,133.06202048711182,32.715485453,1.0,5000000,3,scan-hop-3bad7839c95ec4b7,32.715485453,development,ok,1.0
ok,147.55007199106248,133.07062721429025,151.74534671525367,E05,31,CH3LU RX0+1,1.0240023909999962,73,151.74534671525367,production_score_weight,,73,133.07062721429025,32.715485453,1.0,5000000,3,scan-hop-3bad7839c95ec4b7,32.715485453,development,ok,1.0
ok,144.33765093641304,131.65913443783634,154.3698931313743,E05,31,CH3LU RX0+1,1.0240023909999962,73,154.3698931313743,integer_epoch,,73,131.65913443783634,32.715485453,1.0,5000000,3,scan-hop-3bad7839c95ec4b7,32.715485453,development,ok,1.0
ok,60.878879280119236,47.467484393134136,216.5697943203358,E07,20,CH2LU RX1,1.0239639979999993,48,216.5697943203358,baseline,,48,47.467484393134136,31.71763179499999,1.0,5000000,2,scan-hop-3bad7839c95ec4b7,31.71763179499999,development,ok,1.0
ok,60.878879280119236,47.467484393134136,216.5697943203358,E07,20,CH2LU RX1,1.0239639979999993,48,216.5697943203358,margin_0.05,,48,47.467484393134136,31.71763179499999,1.0,5000000,2,scan-hop-3bad7839c95ec4b7,31.71763179499999,development,ok,1.0
ok,60.878879280119236,47.467484393134136,216.5697943203358,E07,20,CH2LU RX1,1.0239639979999993,48,216.5697943203358,margin_0.075,,48,47.467484393134136,31.71763179499999,1.0,5000000,2,scan-hop-3bad7839c95ec4b7,31.71763179499999,development,ok,1.0
ok,60.878879280119236,47.467484393134136,216.5697943203358,E07,20,CH2LU RX1,1.0239639979999993,48,216.5697943203358,margin_0.1,,48,47.467484393134136,31.71763179499999,1.0,5000000,2,scan-hop-3bad7839c95ec4b7,31.71763179499999,development,ok,1.0
ok,60.878879280119236,47.467484393134136,216.5697943203358,E07,20,CH2LU RX1,1.0239639979999993,48,216.5697943203358,margin_0.15,,48,47.467484393134136,31.71763179499999,1.0,5000000,2,scan-hop-3bad7839c95ec4b7,31.71763179499999,development,ok,1.0
ok,60.878879280119236,47.467484393134136,216.5697943203358,E07,20,CH2LU RX1,1.0239639979999993,48,216.5697943203358,margin_0.2,,48,47.467484393134136,31.71763179499999,1.0,5000000,2,scan-hop-3bad7839c95ec4b7,31.71763179499999,development,ok,1.0
ok,50.442975751659624,50.90492730736768,40.21436281004867,E07,20,CH2LU RX1,6.037648537999999,48,40.21436281004867,top_1,,28,19.378607951438152,31.71763179499999,0.5833333333333334,5000000,2,scan-hop-3bad7839c95ec4b7,31.71763179499999,development,ok,0.5714285714285714
ok,67.27511465713079,47.6488906333042,194.60751819692464,E07,20,CH2LU RX1,2.029340183000002,48,194.60751819692464,top_2,,45,42.75113946408558,31.71763179499999,0.9375,5000000,2,scan-hop-3bad7839c95ec4b7,31.71763179499999,development,ok,0.9285714285714286
ok,60.878879280119236,47.467484393134136,216.5697943203358,E07,20,CH2LU RX1,1.0239639979999993,48,216.5697943203358,top_4,,48,47.467484393134136,31.71763179499999,1.0,5000000,2,scan-hop-3bad7839c95ec4b7,31.71763179499999,development,ok,1.0
ok,59.35216765059898,47.48162330824957,222.36769033732756,E07,20,CH2LU RX1,1.0239639979999993,48,222.36769033732756,bounded_score_weight,,48,47.48162330824957,31.71763179499999,1.0,5000000,2,scan-hop-3bad7839c95ec4b7,31.71763179499999,development,ok,1.0
ok,59.36449862818051,47.48494960720213,223.39719513374817,E07,20,CH2LU RX1,1.0239639979999993,48,223.39719513374817,production_score_weight,,48,47.48494960720213,31.71763179499999,1.0,5000000,2,scan-hop-3bad7839c95ec4b7,31.71763179499999,development,ok,1.0
ok,60.878879280119236,47.467484393134136,216.5697943203358,E07,20,CH2LU RX1,1.0239639979999993,48,216.5697943203358,integer_epoch,,48,47.467484393134136,31.71763179499999,1.0,5000000,2,scan-hop-3bad7839c95ec4b7,31.71763179499999,development,ok,1.0
ok,92.49597294180765,86.9273883052196,128.42024738038032,E09,48,CH1LU RX0+1,1.0141766179999934,115,128.42024738038032,baseline,,115,86.9273883052196,49.304366386,1.0,5000000,4,scan-hop-3bad7839c95ec4b7,49.304366386,development,ok,1.0
ok,92.49597294180765,86.9273883052196,128.42024738038032,E09,48,CH1LU RX0+1,1.0141766179999934,115,128.42024738038032,margin_0.05,,115,86.9273883052196,49.304366386,1.0,5000000,4,scan-hop-3bad7839c95ec4b7,49.304366386,development,ok,1.0
ok,92.49597294180765,86.9273883052196,128.42024738038032,E09,48,CH1LU RX0+1,1.0141766179999934,115,128.42024738038032,margin_0.075,,115,86.9273883052196,49.304366386,1.0,5000000,4,scan-hop-3bad7839c95ec4b7,49.304366386,development,ok,1.0
ok,92.49597294180765,86.9273883052196,128.42024738038032,E09,48,CH1LU RX0+1,1.0141766179999934,115,128.42024738038032,margin_0.1,,115,86.9273883052196,49.304366386,1.0,5000000,4,scan-hop-3bad7839c95ec4b7,49.304366386,development,ok,1.0
ok,92.23296098665107,86.98957172021146,130.30387311237115,E09,48,CH1LU RX0+1,2.0114554250000083,115,130.30387311237115,margin_0.15,,114,86.78309277021984,49.304366386,0.991304347826087,5000000,4,scan-hop-3bad7839c95ec4b7,49.304366386,development,ok,0.9850746268656716
ok,92.38490207303256,86.98847936214469,130.30387311237115,E09,48,CH1LU RX0+1,2.0114554250000083,115,130.30387311237115,margin_0.2,,113,87.1538719435035,49.304366386,0.9826086956521739,5000000,4,scan-hop-3bad7839c95ec4b7,49.304366386,development,ok,0.9850746268656716
ok,93.33412233473715,87.82990223880483,172.9091123884019,E09,48,CH1LU RX0+1,8.050594479000011,115,172.9091123884019,top_1,,64,84.3737950484791,43.26965014300001,0.5565217391304348,5000000,4,scan-hop-3bad7839c95ec4b7,49.304366386,development,ok,0.6567164179104478
ok,91.515267918204,87.13641503856469,99.3225216507927,E09,48,CH1LU RX0+1,3.017347727999976,115,99.3225216507927,top_2,,96,71.0277857977426,43.26965014300001,0.8347826086956521,5000000,4,scan-hop-3bad7839c95ec4b7,49.304366386,development,ok,0.8208955223880597
ok,92.14926213193715,87.60538249222905,144.40127721365002,E09,48,CH1LU RX0+1,3.017347727999976,115,144.40127721365002,top_4,,107,78.18839890083167,49.304366386,0.9304347826086956,5000000,4,scan-hop-3bad7839c95ec4b7,49.304366386,development,ok,0.9253731343283582
ok,92.35021818964641,87.05421624101076,114.58140609833195,E09,48,CH1LU RX0+1,1.0141766179999934,115,114.58140609833195,bounded_score_weight,,115,87.05421624101076,49.304366386,1.0,5000000,4,scan-hop-3bad7839c95ec4b7,49.304366386,development,ok,1.0
ok,92.32336815579144,87.08572369638391,115.02714659653896,E09,48,CH1LU RX0+1,1.0141766179999934,115,115.02714659653896,production_score_weight,,115,87.08572369638391,49.304366386,1.0,5000000,4,scan-hop-3bad7839c95ec4b7,49.304366386,development,ok,1.0
ok,92.79667444324953,87.39832719737542,128.42024738038032,E09,48,CH1LU RX0+1,1.0141766179999934,115,120.69319329374503,integer_epoch,,115,85.38495613840063,49.304366386,1.0,5000000,4,scan-hop-3bad7839c95ec4b7,49.304366386,development,ok,1.0
ok,105.00948513748762,82.83764515494636,207.21438255796983,E14,44,CH4LU RX0+1,1.0175094269999931,104,207.21438255796983,baseline,,104,82.83764515494636,47.79627821600002,1.0,5000000,3,scan-hop-3bad7839c95ec4b7,47.79627821600002,development,ok,1.0
ok,105.00948513748762,82.83764515494636,207.21438255796983,E14,44,CH4LU RX0+1,1.0175094269999931,104,207.21438255796983,margin_0.05,,104,82.83764515494636,47.79627821600002,1.0,5000000,3,scan-hop-3bad7839c95ec4b7,47.79627821600002,development,ok,1.0
ok,105.00948513748762,82.83764515494636,207.21438255796983,E14,44,CH4LU RX0+1,1.0175094269999931,104,207.21438255796983,margin_0.075,,104,82.83764515494636,47.79627821600002,1.0,5000000,3,scan-hop-3bad7839c95ec4b7,47.79627821600002,development,ok,1.0
ok,105.00948513748762,82.83764515494636,207.21438255796983,E14,44,CH4LU RX0+1,1.0175094269999931,104,207.21438255796983,margin_0.1,,104,82.83764515494636,47.79627821600002,1.0,5000000,3,scan-hop-3bad7839c95ec4b7,47.79627821600002,development,ok,1.0
ok,105.00948513748762,82.83764515494636,207.21438255796983,E14,44,CH4LU RX0+1,1.0175094269999931,104,207.21438255796983,margin_0.15,,104,82.83764515494636,47.79627821600002,1.0,5000000,3,scan-hop-3bad7839c95ec4b7,47.79627821600002,development,ok,1.0
ok,105.00948513748762,82.83764515494636,207.21438255796983,E14,44,CH4LU RX0+1,1.0175094269999931,104,207.21438255796983,margin_0.2,,104,82.83764515494636,47.79627821600002,1.0,5000000,3,scan-hop-3bad7839c95ec4b7,47.79627821600002,development,ok,1.0
ok,101.4534533712988,98.28134032281224,205.44060255207626,E14,44,CH4LU RX0+1,8.04419715200001,104,205.44060255207626,top_1,,44,24.69937626378913,43.27070942199998,0.4230769230769231,5000000,3,scan-hop-3bad7839c95ec4b7,47.79627821600002,development,ok,0.43333333333333335
ok,103.73513365800716,97.32986128727656,265.8511162339499,E14,44,CH4LU RX0+1,7.0415834430000075,104,265.8511162339499,top_2,,72,41.232095842579746,47.293610892000004,0.6923076923076923,5000000,3,scan-hop-3bad7839c95ec4b7,47.79627821600002,development,ok,0.7
ok,103.04116918899605,83.1720904197042,194.423116332836,E14,44,CH4LU RX0+1,4.023980171000005,104,194.423116332836,top_4,,98,76.28110447348378,47.79627821600002,0.9423076923076923,5000000,3,scan-hop-3bad7839c95ec4b7,47.79627821600002,development,ok,0.9833333333333333
ok,105.85452686775214,83.09006213096207,175.85780607947012,E14,44,CH4LU RX0+1,1.0175094269999931,104,175.85780607947012,bounded_score_weight,,104,83.09006213096207,47.79627821600002,1.0,5000000,3,scan-hop-3bad7839c95ec4b7,47.79627821600002,development,ok,1.0
ok,105.83867034234646,83.13234298512282,173.74027979160914,E14,44,CH4LU RX0+1,1.0175094269999931,104,173.74027979160914,production_score_weight,,104,83.13234298512282,47.79627821600002,1.0,5000000,3,scan-hop-3bad7839c95ec4b7,47.79627821600002,development,ok,1.0
ok,105.00948513748762,82.83764515494636,207.21438255796983,E14,44,CH4LU RX0+1,1.0175094269999931,104,207.21438255796983,integer_epoch,,104,82.83764515494636,47.79627821600002,1.0,5000000,3,scan-hop-3bad7839c95ec4b7,47.79627821600002,development,ok,1.0
ok,103.82328766367733,91.4279329924825,110.07450052688415,E15,45,CH3LU RX0+1,1.018576158000002,111,110.07450052688415,baseline,,111,91.4279329924825,39.746578621,1.0,5000000,4,scan-hop-3bad7839c95ec4b7,39.746578621,development,ok,1.0
ok,103.82328766367733,91.4279329924825,110.07450052688415,E15,45,CH3LU RX0+1,1.018576158000002,111,110.07450052688415,margin_0.05,,111,91.4279329924825,39.746578621,1.0,5000000,4,scan-hop-3bad7839c95ec4b7,39.746578621,development,ok,1.0
ok,103.82328766367733,91.4279329924825,110.07450052688415,E15,45,CH3LU RX0+1,1.018576158000002,111,110.07450052688415,margin_0.075,,111,91.4279329924825,39.746578621,1.0,5000000,4,scan-hop-3bad7839c95ec4b7,39.746578621,development,ok,1.0
ok,103.82328766367733,91.4279329924825,110.07450052688415,E15,45,CH3LU RX0+1,1.018576158000002,111,110.07450052688415,margin_0.1,,111,91.4279329924825,39.746578621,1.0,5000000,4,scan-hop-3bad7839c95ec4b7,39.746578621,development,ok,1.0
ok,103.82328766367733,91.4279329924825,110.07450052688415,E15,45,CH3LU RX0+1,1.018576158000002,111,110.07450052688415,margin_0.15,,111,91.4279329924825,39.746578621,1.0,5000000,4,scan-hop-3bad7839c95ec4b7,39.746578621,development,ok,1.0
ok,103.82328766367733,91.4279329924825,110.07450052688415,E15,45,CH3LU RX0+1,1.018576158000002,111,110.07450052688415,margin_0.2,,111,91.4279329924825,39.746578621,1.0,5000000,4,scan-hop-3bad7839c95ec4b7,39.746578621,development,ok,1.0
,,,,E15,45,CH3LU RX0+1,,111,,top_1,fewer than four training observations in a source segment,45,,,0.40540540540540543,5000000,4,scan-hop-3bad7839c95ec4b7,39.746578621,development,insufficient_support,0.36363636363636365
,,,,E15,45,CH3LU RX0+1,,111,,top_2,fewer than four training observations in a source segment,72,,,0.6486486486486487,5000000,4,scan-hop-3bad7839c95ec4b7,39.746578621,development,insufficient_support,0.6060606060606061
ok,104.8609342191918,91.6233367579182,115.8796149670889,E15,45,CH3LU RX0+1,2.0253305960000034,111,115.8796149670889,top_4,,102,89.73169379848359,39.746578621,0.918918918918919,5000000,4,scan-hop-3bad7839c95ec4b7,39.746578621,development,ok,0.9090909090909091
ok,104.06763241956651,91.63693466717186,129.47735067813335,E15,45,CH3LU RX0+1,1.018576158000002,111,129.47735067813335,bounded_score_weight,,111,91.63693466717186,39.746578621,1.0,5000000,4,scan-hop-3bad7839c95ec4b7,39.746578621,development,ok,1.0
ok,104.01079333308935,91.67765591825709,129.07911426069094,E15,45,CH3LU RX0+1,1.018576158000002,111,129.07911426069094,production_score_weight,,111,91.67765591825709,39.746578621,1.0,5000000,4,scan-hop-3bad7839c95ec4b7,39.746578621,development,ok,1.0
ok,103.82328766367733,91.4279329924825,110.07450052688415,E15,45,CH3LU RX0+1,1.018576158000002,111,110.07450052688415,integer_epoch,,111,91.4279329924825,39.746578621,1.0,5000000,4,scan-hop-3bad7839c95ec4b7,39.746578621,development,ok,1.0
ok,134.51625192100465,130.1458188446593,79.65869640786539,E20,28,CH4LU RX0,1.0099923170000125,69,79.65869640786539,baseline,,69,130.1458188446593,39.74268302399997,1.0,5000000,2,scan-hop-3bad7839c95ec4b7,39.74268302399997,development,ok,1.0
ok,134.51625192100465,130.1458188446593,79.65869640786539,E20,28,CH4LU RX0,1.0099923170000125,69,79.65869640786539,margin_0.05,,69,130.1458188446593,39.74268302399997,1.0,5000000,2,scan-hop-3bad7839c95ec4b7,39.74268302399997,development,ok,1.0
ok,134.51625192100465,130.1458188446593,79.65869640786539,E20,28,CH4LU RX0,1.0099923170000125,69,79.65869640786539,margin_0.075,,69,130.1458188446593,39.74268302399997,1.0,5000000,2,scan-hop-3bad7839c95ec4b7,39.74268302399997,development,ok,1.0
ok,134.51625192100465,130.1458188446593,79.65869640786539,E20,28,CH4LU RX0,1.0099923170000125,69,79.65869640786539,margin_0.1,,69,130.1458188446593,39.74268302399997,1.0,5000000,2,scan-hop-3bad7839c95ec4b7,39.74268302399997,development,ok,1.0
ok,134.51625192100465,130.1458188446593,79.65869640786539,E20,28,CH4LU RX0,1.0099923170000125,69,79.65869640786539,margin_0.15,,69,130.1458188446593,39.74268302399997,1.0,5000000,2,scan-hop-3bad7839c95ec4b7,39.74268302399997,development,ok,1.0
ok,141.7297870722319,133.90713996923287,78.2856102385105,E20,28,CH4LU RX0,2.012010444999987,69,78.2856102385105,margin_0.2,,65,124.79827813372641,36.72533191599999,0.9420289855072463,5000000,2,scan-hop-3bad7839c95ec4b7,39.74268302399997,development,ok,0.9024390243902439
ok,147.99801922222878,132.19027202984628,1087.583106209237,E20,28,CH4LU RX0,10.062649920999974,69,1087.583106209237,top_1,,33,110.38160163405443,39.74268302399997,0.4782608695652174,5000000,2,scan-hop-3bad7839c95ec4b7,39.74268302399997,development,ok,0.4878048780487805
ok,146.63179999664612,132.37678057708595,675.7691616799038,E20,28,CH4LU RX0,8.048024955999978,69,675.7691616799038,top_2,,51,93.4770983469496,39.74268302399997,0.7391304347826086,5000000,2,scan-hop-3bad7839c95ec4b7,39.74268302399997,development,ok,0.6341463414634146
ok,137.53440570404385,133.06875813011004,190.71693007813838,E20,28,CH4LU RX0,4.024685626999997,69,190.71693007813838,top_4,,59,118.26496730752572,39.74268302399997,0.855072463768116,5000000,2,scan-hop-3bad7839c95ec4b7,39.74268302399997,development,ok,0.7804878048780488
ok,134.437527123712,130.2434298144577,122.46642911767555,E20,28,CH4LU RX0,1.0099923170000125,69,122.46642911767555,bounded_score_weight,,69,130.2434298144577,39.74268302399997,1.0,5000000,2,scan-hop-3bad7839c95ec4b7,39.74268302399997,development,ok,1.0
ok,134.60798734792897,130.2469484626793,120.92927296579471,E20,28,CH4LU RX0,1.0099923170000125,69,120.92927296579471,production_score_weight,,69,130.2469484626793,39.74268302399997,1.0,5000000,2,scan-hop-3bad7839c95ec4b7,39.74268302399997,development,ok,1.0
ok,138.2963017783255,131.89493502502648,116.675350933516,E20,28,CH4LU RX0,1.0099923170000125,69,116.675350933516,integer_epoch,,69,111.94982532752341,39.74268302399997,1.0,5000000,2,scan-hop-3bad7839c95ec4b7,39.74268302399997,development,ok,1.0
ok,86.29308365127274,81.42851336402974,462.18384038670666,E01,54,CH1LU RX0+1,1.010667759,130,462.18384038670666,baseline,,130,81.42851336402974,34.145754274000005,1.0,2500000,4,scan-hop-5131f4d3ac04a490,34.145754274000005,development,ok,1.0
ok,86.29308365127274,81.42851336402974,462.18384038670666,E01,54,CH1LU RX0+1,1.010667759,130,462.18384038670666,margin_0.05,,130,81.42851336402974,34.145754274000005,1.0,2500000,4,scan-hop-5131f4d3ac04a490,34.145754274000005,development,ok,1.0
ok,86.29308365127274,81.42851336402974,462.18384038670666,E01,54,CH1LU RX0+1,1.010667759,130,462.18384038670666,margin_0.075,,130,81.42851336402974,34.145754274000005,1.0,2500000,4,scan-hop-5131f4d3ac04a490,34.145754274000005,development,ok,1.0
ok,86.29308365127274,81.42851336402974,462.18384038670666,E01,54,CH1LU RX0+1,1.010667759,130,462.18384038670666,margin_0.1,,130,81.42851336402974,34.145754274000005,1.0,2500000,4,scan-hop-5131f4d3ac04a490,34.145754274000005,development,ok,1.0
ok,86.29308365127274,81.42851336402974,462.18384038670666,E01,54,CH1LU RX0+1,1.010667759,130,462.18384038670666,margin_0.15,,130,81.42851336402974,34.145754274000005,1.0,2500000,4,scan-hop-5131f4d3ac04a490,34.145754274000005,development,ok,1.0
ok,86.29308365127274,81.42851336402974,462.18384038670666,E01,54,CH1LU RX0+1,1.010667759,130,462.18384038670666,margin_0.2,,130,81.42851336402974,34.145754274000005,1.0,2500000,4,scan-hop-5131f4d3ac04a490,34.145754274000005,development,ok,1.0
ok,88.39781314463605,84.78796045278249,100.84888706308057,E01,54,CH1LU RX0+1,9.034687930999999,130,100.84888706308057,top_1,,49,50.048748049746855,31.634116662,0.3769230769230769,2500000,4,scan-hop-5131f4d3ac04a490,34.145754274000005,development,ok,0.35526315789473684
ok,84.55373159259284,83.23695458201081,129.63947143398647,E01,54,CH1LU RX0+1,7.028013057999999,130,129.63947143398647,top_2,,106,47.36945410513137,32.636433370000006,0.8153846153846154,2500000,4,scan-hop-5131f4d3ac04a490,34.145754274000005,development,ok,0.7894736842105263
ok,85.24522338285543,83.02045369386269,314.976185744968,E01,54,CH1LU RX0+1,3.0112392119999996,130,314.976185744968,top_4,,114,70.68454722293839,32.636433370000006,0.8769230769230769,2500000,4,scan-hop-5131f4d3ac04a490,34.145754274000005,development,ok,0.8552631578947368
ok,86.40455147994116,81.45178998304085,504.9303115831621,E01,54,CH1LU RX0+1,1.010667759,130,504.9303115831621,bounded_score_weight,,130,81.45178998304085,34.145754274000005,1.0,2500000,4,scan-hop-5131f4d3ac04a490,34.145754274000005,development,ok,1.0
ok,86.40455147993592,81.45178998304203,504.9303115828556,E01,54,CH1LU RX0+1,1.010667759,130,504.9303115828556,production_score_weight,,130,81.45178998304203,34.145754274000005,1.0,2500000,4,scan-hop-5131f4d3ac04a490,34.145754274000005,development,ok,1.0
ok,86.29308365127274,81.42851336402974,462.18384038670666,E01,54,CH1LU RX0+1,1.010667759,130,462.18384038670666,integer_epoch,,130,81.42851336402974,34.145754274000005,1.0,2500000,4,scan-hop-5131f4d3ac04a490,34.145754274000005,development,ok,1.0
ok,83.7992270292154,75.07367081129233,373.0839560032627,E03,48,CH3LU RX0+1,1.010662361999998,115,373.0839560032627,baseline,,115,75.07367081129233,33.645214912,1.0,2500000,4,scan-hop-5131f4d3ac04a490,33.645214912,development,ok,1.0
ok,83.7992270292154,75.07367081129233,373.0839560032627,E03,48,CH3LU RX0+1,1.010662361999998,115,373.0839560032627,margin_0.05,,115,75.07367081129233,33.645214912,1.0,2500000,4,scan-hop-5131f4d3ac04a490,33.645214912,development,ok,1.0
ok,83.7992270292154,75.07367081129233,373.0839560032627,E03,48,CH3LU RX0+1,1.010662361999998,115,373.0839560032627,margin_0.075,,115,75.07367081129233,33.645214912,1.0,2500000,4,scan-hop-5131f4d3ac04a490,33.645214912,development,ok,1.0
ok,83.7992270292154,75.07367081129233,373.0839560032627,E03,48,CH3LU RX0+1,1.010662361999998,115,373.0839560032627,margin_0.1,,115,75.07367081129233,33.645214912,1.0,2500000,4,scan-hop-5131f4d3ac04a490,33.645214912,development,ok,1.0
ok,83.7992270292154,75.07367081129233,373.0839560032627,E03,48,CH3LU RX0+1,1.010662361999998,115,373.0839560032627,margin_0.15,,115,75.07367081129233,33.645214912,1.0,2500000,4,scan-hop-5131f4d3ac04a490,33.645214912,development,ok,1.0
ok,83.7992270292154,75.07367081129233,373.0839560032627,E03,48,CH3LU RX0+1,1.010662361999998,115,373.0839560032627,margin_0.2,,115,75.07367081129233,33.645214912,1.0,2500000,4,scan-hop-5131f4d3ac04a490,33.645214912,development,ok,1.0
,,,,E03,48,CH3LU RX0+1,,115,,top_1,fewer than four training observations in a source segment,51,,,0.4434782608695652,2500000,4,scan-hop-5131f4d3ac04a490,33.645214912,development,insufficient_support,0.3880597014925373
ok,101.04618801569517,75.4217622347218,495.47505812256236,E03,48,CH3LU RX0+1,5.02229833,115,495.47505812256236,top_2,,99,67.64493203922764,33.645214912,0.8608695652173913,2500000,4,scan-hop-5131f4d3ac04a490,33.645214912,development,ok,0.835820895522388
ok,90.73047222316485,75.35907835586521,474.3189869546899,E03,48,CH3LU RX0+1,4.01591058,115,474.3189869546899,top_4,,109,73.67630795456898,33.645214912,0.9478260869565217,2500000,4,scan-hop-5131f4d3ac04a490,33.645214912,development,ok,0.9253731343283582
ok,85.61626663624034,75.28670066840597,367.4697137087916,E03,48,CH3LU RX0+1,1.010662361999998,115,367.4697137087916,bounded_score_weight,,115,75.28670066840597,33.645214912,1.0,2500000,4,scan-hop-5131f4d3ac04a490,33.645214912,development,ok,1.0
ok,85.6162666362473,75.28670066840347,367.4697137086989,E03,48,CH3LU RX0+1,1.010662361999998,115,367.4697137086989,production_score_weight,,115,75.28670066840347,33.645214912,1.0,2500000,4,scan-hop-5131f4d3ac04a490,33.645214912,development,ok,1.0
ok,83.60706940461668,76.69569044537675,373.0839560032627,E03,48,CH3LU RX0+1,1.010662361999998,115,389.3276321259122,integer_epoch,,115,67.63224018319666,33.645214912,1.0,2500000,4,scan-hop-5131f4d3ac04a490,33.645214912,development,ok,1.0
ok,110.62570607787262,105.57436395578604,488.75088240699955,E05,40,CH2LU RX0+1,1.0133450989999986,97,488.75088240699955,baseline,,97,105.57436395578604,41.18838447,1.0,2500000,3,scan-hop-5131f4d3ac04a490,41.18838447,development,ok,1.0
ok,110.62570607787262,105.57436395578604,488.75088240699955,E05,40,CH2LU RX0+1,1.0133450989999986,97,488.75088240699955,margin_0.05,,97,105.57436395578604,41.18838447,1.0,2500000,3,scan-hop-5131f4d3ac04a490,41.18838447,development,ok,1.0
ok,110.62570607787262,105.57436395578604,488.75088240699955,E05,40,CH2LU RX0+1,1.0133450989999986,97,488.75088240699955,margin_0.075,,97,105.57436395578604,41.18838447,1.0,2500000,3,scan-hop-5131f4d3ac04a490,41.18838447,development,ok,1.0
ok,110.62570607787262,105.57436395578604,488.75088240699955,E05,40,CH2LU RX0+1,1.0133450989999986,97,488.75088240699955,margin_0.1,,97,105.57436395578604,41.18838447,1.0,2500000,3,scan-hop-5131f4d3ac04a490,41.18838447,development,ok,1.0
ok,110.62570607787262,105.57436395578604,488.75088240699955,E05,40,CH2LU RX0+1,1.0133450989999986,97,488.75088240699955,margin_0.15,,97,105.57436395578604,41.18838447,1.0,2500000,3,scan-hop-5131f4d3ac04a490,41.18838447,development,ok,1.0
ok,110.62570607787262,105.57436395578604,488.75088240699955,E05,40,CH2LU RX0+1,1.0133450989999986,97,488.75088240699955,margin_0.2,,97,105.57436395578604,41.18838447,1.0,2500000,3,scan-hop-5131f4d3ac04a490,41.18838447,development,ok,1.0
ok,131.7377973578064,128.0299073023426,254.63450553454658,E05,40,CH2LU RX0+1,14.068372543999999,97,254.63450553454658,top_1,,25,23.38666686465959,41.18838447,0.25773195876288657,2500000,3,scan-hop-5131f4d3ac04a490,41.18838447,development,ok,0.3157894736842105
ok,130.42646148024218,127.38765815180976,265.50830634865844,E05,40,CH2LU RX0+1,7.034676622000006,97,265.50830634865844,top_2,,55,25.863248747016137,41.18838447,0.5670103092783505,2500000,3,scan-hop-5131f4d3ac04a490,41.18838447,development,ok,0.5964912280701754
ok,110.25810775286078,106.1486741416979,509.8116021474186,E05,40,CH2LU RX0+1,3.009863169000006,97,509.8116021474186,top_4,,89,102.15820251812939,41.18838447,0.9175257731958762,2500000,3,scan-hop-5131f4d3ac04a490,41.18838447,development,ok,0.9122807017543859
ok,111.13492185842445,105.6093346506874,521.5501495326632,E05,40,CH2LU RX0+1,1.0133450989999986,97,521.5501495326632,bounded_score_weight,,97,105.6093346506874,41.18838447,1.0,2500000,3,scan-hop-5131f4d3ac04a490,41.18838447,development,ok,1.0
ok,111.13492185842485,105.609334650688,521.5501495326263,E05,40,CH2LU RX0+1,1.0133450989999986,97,521.5501495326263,production_score_weight,,97,105.609334650688,41.18838447,1.0,2500000,3,scan-hop-5131f4d3ac04a490,41.18838447,development,ok,1.0
ok,109.91186600429414,107.24204764478957,587.8756985118771,E05,40,CH2LU RX0+1,1.0133450989999986,97,607.8308584124618,integer_epoch,,97,108.25614553668973,41.18838447,1.0,2500000,3,scan-hop-5131f4d3ac04a490,41.18838447,development,ok,1.0
ok,109.8387827282577,80.89368129059075,661.4487411572071,E09,28,CH3LU RX0+1,1.012007662000002,67,661.4487411572071,baseline,,67,80.89368129059075,32.156073412,1.0,2500000,3,scan-hop-5131f4d3ac04a490,32.156073412,development,ok,1.0
ok,109.8387827282577,80.89368129059075,661.4487411572071,E09,28,CH3LU RX0+1,1.012007662000002,67,661.4487411572071,margin_0.05,,67,80.89368129059075,32.156073412,1.0,2500000,3,scan-hop-5131f4d3ac04a490,32.156073412,development,ok,1.0
ok,109.8387827282577,80.89368129059075,661.4487411572071,E09,28,CH3LU RX0+1,1.012007662000002,67,661.4487411572071,margin_0.075,,67,80.89368129059075,32.156073412,1.0,2500000,3,scan-hop-5131f4d3ac04a490,32.156073412,development,ok,1.0
ok,109.8387827282577,80.89368129059075,661.4487411572071,E09,28,CH3LU RX0+1,1.012007662000002,67,661.4487411572071,margin_0.1,,67,80.89368129059075,32.156073412,1.0,2500000,3,scan-hop-5131f4d3ac04a490,32.156073412,development,ok,1.0
ok,109.8387827282577,80.89368129059075,661.4487411572071,E09,28,CH3LU RX0+1,1.012007662000002,67,661.4487411572071,margin_0.15,,67,80.89368129059075,32.156073412,1.0,2500000,3,scan-hop-5131f4d3ac04a490,32.156073412,development,ok,1.0
ok,113.48484850043145,80.89448829069232,661.4487411572071,E09,28,CH3LU RX0+1,2.016009552,67,661.4487411572071,margin_0.2,,66,81.49827905574875,32.156073412,0.9850746268656716,2500000,3,scan-hop-5131f4d3ac04a490,32.156073412,development,ok,1.0
,,,,E09,28,CH3LU RX0+1,,67,,top_1,fewer than four training observations in a source segment,41,,,0.6119402985074627,2500000,3,scan-hop-5131f4d3ac04a490,32.156073412,development,insufficient_support,0.6410256410256411
,,,,E09,28,CH3LU RX0+1,,67,,top_2,fewer than four training observations in a source segment,56,,,0.835820895522388,2500000,3,scan-hop-5131f4d3ac04a490,32.156073412,development,insufficient_support,0.7948717948717948
ok,107.79230565224377,81.07228530859744,661.4487411572071,E09,28,CH3LU RX0+1,2.010661681000002,67,661.4487411572071,top_4,,66,79.7676537372252,32.156073412,0.9850746268656716,2500000,3,scan-hop-5131f4d3ac04a490,32.156073412,development,ok,1.0
ok,107.80708043584393,81.18643543168724,643.8135175540989,E09,28,CH3LU RX0+1,1.012007662000002,67,643.8135175540989,bounded_score_weight,,67,81.18643543168724,32.156073412,1.0,2500000,3,scan-hop-5131f4d3ac04a490,32.156073412,development,ok,1.0
ok,108.86452958478189,81.23274074116584,643.946085366251,E09,28,CH3LU RX0+1,1.012007662000002,67,643.946085366251,production_score_weight,,67,81.23274074116584,32.156073412,1.0,2500000,3,scan-hop-5131f4d3ac04a490,32.156073412,development,ok,1.0
ok,109.8387827282577,80.89368129059075,661.4487411572071,E09,28,CH3LU RX0+1,1.012007662000002,67,661.4487411572071,integer_epoch,,67,80.89368129059075,32.156073412,1.0,2500000,3,scan-hop-5131f4d3ac04a490,32.156073412,development,ok,1.0
ok,94.67286312508955,82.22932851045721,115.53965163144832,E10,35,CH2LU RX0+1,1.013338171000001,85,115.53965163144832,baseline,,85,82.22932851045721,31.634561321000007,1.0,2500000,4,scan-hop-5131f4d3ac04a490,31.634561321000007,development,ok,1.0
ok,94.67286312508955,82.22932851045721,115.53965163144832,E10,35,CH2LU RX0+1,1.013338171000001,85,115.53965163144832,margin_0.05,,85,82.22932851045721,31.634561321000007,1.0,2500000,4,scan-hop-5131f4d3ac04a490,31.634561321000007,development,ok,1.0
ok,94.67286312508955,82.22932851045721,115.53965163144832,E10,35,CH2LU RX0+1,1.013338171000001,85,115.53965163144832,margin_0.075,,85,82.22932851045721,31.634561321000007,1.0,2500000,4,scan-hop-5131f4d3ac04a490,31.634561321000007,development,ok,1.0
ok,94.67286312508955,82.22932851045721,115.53965163144832,E10,35,CH2LU RX0+1,1.013338171000001,85,115.53965163144832,margin_0.1,,85,82.22932851045721,31.634561321000007,1.0,2500000,4,scan-hop-5131f4d3ac04a490,31.634561321000007,development,ok,1.0
ok,94.67286312508955,82.22932851045721,115.53965163144832,E10,35,CH2LU RX0+1,1.013338171000001,85,115.53965163144832,margin_0.15,,85,82.22932851045721,31.634561321000007,1.0,2500000,4,scan-hop-5131f4d3ac04a490,31.634561321000007,development,ok,1.0
ok,94.67286312508955,82.22932851045721,115.53965163144832,E10,35,CH2LU RX0+1,1.013338171000001,85,115.53965163144832,margin_0.2,,85,82.22932851045721,31.634561321000007,1.0,2500000,4,scan-hop-5131f4d3ac04a490,31.634561321000007,development,ok,1.0
fewer than four training observations in a source segment,,84.898806150367,216.8500773917289,E10,35,CH2LU RX0+1,6.023999282999995,85,216.8500773917289,top_1,,54,76.3445385978532,31.634561321000007,0.6352941176470588,2500000,4,scan-hop-5131f4d3ac04a490,31.634561321000007,development,ok,0.7
ok,100.2133449765026,83.81012565499668,220.2096288146142,E10,35,CH2LU RX0+1,3.0080039399999947,85,220.2096288146142,top_2,,76,74.87886136324492,31.634561321000007,0.8941176470588236,2500000,4,scan-hop-5131f4d3ac04a490,31.634561321000007,development,ok,0.88
ok,97.66946651700772,82.79278011942299,253.26982585114484,E10,35,CH2LU RX0+1,3.0080039399999947,85,253.26982585114484,top_4,,81,78.03770097488878,31.634561321000007,0.9529411764705882,2500000,4,scan-hop-5131f4d3ac04a490,31.634561321000007,development,ok,0.94
ok,94.58260557713311,82.69500881975559,155.54914309897026,E10,35,CH2LU RX0+1,1.013338171000001,85,155.54914309897026,bounded_score_weight,,85,82.69500881975559,31.634561321000007,1.0,2500000,4,scan-hop-5131f4d3ac04a490,31.634561321000007,development,ok,1.0
ok,94.45272450157692,82.91609028365981,166.93419478407588,E10,35,CH2LU RX0+1,1.013338171000001,85,166.93419478407588,production_score_weight,,85,82.91609028365981,31.634561321000007,1.0,2500000,4,scan-hop-5131f4d3ac04a490,31.634561321000007,development,ok,1.0
ok,94.67286312508955,82.22932851045721,115.53965163144832,E10,35,CH2LU RX0+1,1.013338171000001,85,115.53965163144832,integer_epoch,,85,82.22932851045721,31.634561321000007,1.0,2500000,4,scan-hop-5131f4d3ac04a490,31.634561321000007,development,ok,1.0
ok,61.76482326051287,54.00034355254491,253.73075710760108,E11,30,CH3LU RX1,1.0133281340000053,72,253.73075710760108,baseline,,72,54.00034355254491,42.20332438499999,1.0,2500000,2,scan-hop-5131f4d3ac04a490,42.20332438499999,development,ok,1.0
ok,61.76482326051287,54.00034355254491,253.73075710760108,E11,30,CH3LU RX1,1.0133281340000053,72,253.73075710760108,margin_0.05,,72,54.00034355254491,42.20332438499999,1.0,2500000,2,scan-hop-5131f4d3ac04a490,42.20332438499999,development,ok,1.0
ok,61.76482326051287,54.00034355254491,253.73075710760108,E11,30,CH3LU RX1,1.0133281340000053,72,253.73075710760108,margin_0.075,,72,54.00034355254491,42.20332438499999,1.0,2500000,2,scan-hop-5131f4d3ac04a490,42.20332438499999,development,ok,1.0
ok,61.76482326051287,54.00034355254491,253.73075710760108,E11,30,CH3LU RX1,1.0133281340000053,72,253.73075710760108,margin_0.1,,72,54.00034355254491,42.20332438499999,1.0,2500000,2,scan-hop-5131f4d3ac04a490,42.20332438499999,development,ok,1.0
ok,61.76482326051287,54.00034355254491,253.73075710760108,E11,30,CH3LU RX1,1.0133281340000053,72,253.73075710760108,margin_0.15,,72,54.00034355254491,42.20332438499999,1.0,2500000,2,scan-hop-5131f4d3ac04a490,42.20332438499999,development,ok,1.0
ok,61.76482326051287,54.00034355254491,253.73075710760108,E11,30,CH3LU RX1,1.0133281340000053,72,253.73075710760108,margin_0.2,,72,54.00034355254491,42.20332438499999,1.0,2500000,2,scan-hop-5131f4d3ac04a490,42.20332438499999,development,ok,1.0
ok,60.63498269482607,55.907829865833065,290.1050679863077,E11,30,CH3LU RX1,6.036176064999978,72,290.1050679863077,top_1,,35,25.082523414131654,42.20332438499999,0.4861111111111111,2500000,2,scan-hop-5131f4d3ac04a490,42.20332438499999,development,ok,0.5238095238095238
ok,61.71424642049334,56.2077899925798,269.08644019410025,E11,30,CH3LU RX1,4.025335979999994,72,269.08644019410025,top_2,,54,25.15372108339764,42.20332438499999,0.75,2500000,2,scan-hop-5131f4d3ac04a490,42.20332438499999,development,ok,0.8095238095238095
ok,61.1656466988936,54.31577036955392,271.361088465668,E11,30,CH3LU RX1,2.012002274999986,72,271.361088465668,top_4,,70,50.36500436170269,42.20332438499999,0.9722222222222222,2500000,2,scan-hop-5131f4d3ac04a490,42.20332438499999,development,ok,0.9761904761904762
ok,61.35737384855083,54.04742550695879,240.27188564128713,E11,30,CH3LU RX1,1.0133281340000053,72,240.27188564128713,bounded_score_weight,,72,54.04742550695879,42.20332438499999,1.0,2500000,2,scan-hop-5131f4d3ac04a490,42.20332438499999,development,ok,1.0
ok,61.35737384854781,54.04742550695984,240.271885641795,E11,30,CH3LU RX1,1.0133281340000053,72,240.271885641795,production_score_weight,,72,54.04742550695984,42.20332438499999,1.0,2500000,2,scan-hop-5131f4d3ac04a490,42.20332438499999,development,ok,1.0
ok,61.76482326051287,54.00034355254491,253.73075710760108,E11,30,CH3LU RX1,1.0133281340000053,72,253.73075710760108,integer_epoch,,72,54.00034355254491,42.20332438499999,1.0,2500000,2,scan-hop-5131f4d3ac04a490,42.20332438499999,development,ok,1.0
ok,102.96524686536684,100.86371730133253,177.58989322765393,E20,25,CH1LU RX0,1.0133354150000002,60,177.58989322765393,baseline,,60,100.86371730133253,30.646613596999998,1.0,2500000,2,scan-hop-5131f4d3ac04a490,30.646613596999998,development,ok,1.0
ok,102.96524686536684,100.86371730133253,177.58989322765393,E20,25,CH1LU RX0,1.0133354150000002,60,177.58989322765393,margin_0.05,,60,100.86371730133253,30.646613596999998,1.0,2500000,2,scan-hop-5131f4d3ac04a490,30.646613596999998,development,ok,1.0
ok,102.96524686536684,100.86371730133253,177.58989322765393,E20,25,CH1LU RX0,1.0133354150000002,60,177.58989322765393,margin_0.075,,60,100.86371730133253,30.646613596999998,1.0,2500000,2,scan-hop-5131f4d3ac04a490,30.646613596999998,development,ok,1.0
ok,102.96524686536684,100.86371730133253,177.58989322765393,E20,25,CH1LU RX0,1.0133354150000002,60,177.58989322765393,margin_0.1,,60,100.86371730133253,30.646613596999998,1.0,2500000,2,scan-hop-5131f4d3ac04a490,30.646613596999998,development,ok,1.0
ok,102.96524686536684,100.86371730133253,177.58989322765393,E20,25,CH1LU RX0,1.0133354150000002,60,177.58989322765393,margin_0.15,,60,100.86371730133253,30.646613596999998,1.0,2500000,2,scan-hop-5131f4d3ac04a490,30.646613596999998,development,ok,1.0
ok,102.96524686536684,100.86371730133253,177.58989322765393,E20,25,CH1LU RX0,1.0133354150000002,60,177.58989322765393,margin_0.2,,60,100.86371730133253,30.646613596999998,1.0,2500000,2,scan-hop-5131f4d3ac04a490,30.646613596999998,development,ok,1.0
,,,,E20,25,CH1LU RX0,,60,,top_1,fewer than four training observations in a source segment,25,,,0.4166666666666667,2500000,2,scan-hop-5131f4d3ac04a490,30.646613596999998,development,insufficient_support,0.4
ok,103.37328255960621,101.78376877299489,518.6545518220107,E20,25,CH1LU RX0,5.02560389300001,60,518.6545518220107,top_2,,46,84.73561207231931,29.645277616000016,0.7666666666666667,2500000,2,scan-hop-5131f4d3ac04a490,30.646613596999998,development,ok,0.7142857142857143
ok,103.79314819069245,101.24818321095081,338.76348013008356,E20,25,CH1LU RX0,5.02560389300001,60,338.76348013008356,top_4,,52,94.74277456662898,29.645277616000016,0.8666666666666667,2500000,2,scan-hop-5131f4d3ac04a490,30.646613596999998,development,ok,0.8285714285714286
ok,102.77715220232557,101.58700340422993,108.52060448249586,E20,25,CH1LU RX0,1.0133354150000002,60,108.52060448249586,bounded_score_weight,,60,101.58700340422993,30.646613596999998,1.0,2500000,2,scan-hop-5131f4d3ac04a490,30.646613596999998,development,ok,1.0
ok,102.77715220233371,101.58700340423061,108.52060448255752,E20,25,CH1LU RX0,1.0133354150000002,60,108.52060448255752,production_score_weight,,60,101.58700340423061,30.646613596999998,1.0,2500000,2,scan-hop-5131f4d3ac04a490,30.646613596999998,development,ok,1.0
ok,103.40421999132282,101.96034312669096,252.16762042432543,E20,25,CH1LU RX0,1.0133354150000002,60,252.16762042432543,integer_epoch,,60,100.28476770296234,30.646613596999998,1.0,2500000,2,scan-hop-5131f4d3ac04a490,30.646613596999998,development,ok,1.0
ok,103.45532002038789,94.3452845583372,616.961766248162,E29,44,CH4LU RX1,1.0160085450000054,107,616.961766248162,baseline,,107,94.3452845583372,54.746664985000024,1.0,2500000,2,scan-hop-5131f4d3ac04a490,54.746664985000024,development,ok,1.0
ok,103.45532002038789,94.3452845583372,616.961766248162,E29,44,CH4LU RX1,1.0160085450000054,107,616.961766248162,margin_0.05,,107,94.3452845583372,54.746664985000024,1.0,2500000,2,scan-hop-5131f4d3ac04a490,54.746664985000024,development,ok,1.0
ok,103.45532002038789,94.3452845583372,616.961766248162,E29,44,CH4LU RX1,1.0160085450000054,107,616.961766248162,margin_0.075,,107,94.3452845583372,54.746664985000024,1.0,2500000,2,scan-hop-5131f4d3ac04a490,54.746664985000024,development,ok,1.0
ok,103.45532002038789,94.3452845583372,616.961766248162,E29,44,CH4LU RX1,1.0160085450000054,107,616.961766248162,margin_0.1,,107,94.3452845583372,54.746664985000024,1.0,2500000,2,scan-hop-5131f4d3ac04a490,54.746664985000024,development,ok,1.0
ok,103.45532002038789,94.3452845583372,616.961766248162,E29,44,CH4LU RX1,1.0160085450000054,107,616.961766248162,margin_0.15,,107,94.3452845583372,54.746664985000024,1.0,2500000,2,scan-hop-5131f4d3ac04a490,54.746664985000024,development,ok,1.0
ok,103.45532002038789,94.3452845583372,616.961766248162,E29,44,CH4LU RX1,1.0160085450000054,107,616.961766248162,margin_0.2,,107,94.3452845583372,54.746664985000024,1.0,2500000,2,scan-hop-5131f4d3ac04a490,54.746664985000024,development,ok,1.0
ok,111.14761710819145,105.59656120303866,609.4083036482841,E29,44,CH4LU RX1,10.041397144000001,107,609.4083036482841,top_1,,42,24.709001982567386,49.72268046099998,0.3925233644859813,2500000,2,scan-hop-5131f4d3ac04a490,54.746664985000024,development,ok,0.36507936507936506
ok,107.13513288792396,102.51959925249314,748.0084244535515,E29,44,CH4LU RX1,4.025483308999981,107,748.0084244535515,top_2,,79,29.867300194212085,52.72666483500001,0.7383177570093458,2500000,2,scan-hop-5131f4d3ac04a490,54.746664985000024,development,ok,0.7142857142857143
ok,103.80662763852192,94.43846763551292,963.283051179381,E29,44,CH4LU RX1,2.011996317000012,107,963.283051179381,top_4,,103,92.59744200347885,54.746664985000024,0.9626168224299065,2500000,2,scan-hop-5131f4d3ac04a490,54.746664985000024,development,ok,0.9523809523809523
ok,103.61889863136925,94.60770987935437,509.5108026870561,E29,44,CH4LU RX1,1.0160085450000054,107,509.5108026870561,bounded_score_weight,,107,94.60770987935437,54.746664985000024,1.0,2500000,2,scan-hop-5131f4d3ac04a490,54.746664985000024,development,ok,1.0
ok,103.5276992638774,94.7105715561308,470.1014517218993,E29,44,CH4LU RX1,1.0160085450000054,107,470.1014517218993,production_score_weight,,107,94.7105715561308,54.746664985000024,1.0,2500000,2,scan-hop-5131f4d3ac04a490,54.746664985000024,development,ok,1.0
ok,103.45532002038789,94.3452845583372,616.961766248162,E29,44,CH4LU RX1,1.0160085450000054,107,616.961766248162,integer_epoch,,107,94.3452845583372,54.746664985000024,1.0,2500000,2,scan-hop-5131f4d3ac04a490,54.746664985000024,development,ok,1.0
ok,84.34997379420236,77.52343738346173,302.9773087267782,E02,32,CH2LU RX0+1,1.014662156,80,302.9773087267782,baseline,,80,77.52343738346173,30.693893768000002,1.0,5000000,3,scan-hop-be28eae1fa6afbd3,30.693893768000002,development,ok,1.0
ok,84.34997379420236,77.52343738346173,302.9773087267782,E02,32,CH2LU RX0+1,1.014662156,80,302.9773087267782,margin_0.05,,80,77.52343738346173,30.693893768000002,1.0,5000000,3,scan-hop-be28eae1fa6afbd3,30.693893768000002,development,ok,1.0
ok,84.34997379420236,77.52343738346173,302.9773087267782,E02,32,CH2LU RX0+1,1.014662156,80,302.9773087267782,margin_0.075,,80,77.52343738346173,30.693893768000002,1.0,5000000,3,scan-hop-be28eae1fa6afbd3,30.693893768000002,development,ok,1.0
ok,84.34997379420236,77.52343738346173,302.9773087267782,E02,32,CH2LU RX0+1,1.014662156,80,302.9773087267782,margin_0.1,,80,77.52343738346173,30.693893768000002,1.0,5000000,3,scan-hop-be28eae1fa6afbd3,30.693893768000002,development,ok,1.0
ok,84.34997379420236,77.52343738346173,302.9773087267782,E02,32,CH2LU RX0+1,1.014662156,80,302.9773087267782,margin_0.15,,80,77.52343738346173,30.693893768000002,1.0,5000000,3,scan-hop-be28eae1fa6afbd3,30.693893768000002,development,ok,1.0
ok,84.34997379420236,77.52343738346173,302.9773087267782,E02,32,CH2LU RX0+1,1.014662156,80,302.9773087267782,margin_0.2,,80,77.52343738346173,30.693893768000002,1.0,5000000,3,scan-hop-be28eae1fa6afbd3,30.693893768000002,development,ok,1.0
ok,100.8882119237134,84.51060904964238,372.28003151489384,E02,32,CH2LU RX0+1,10.059984916000001,80,372.28003151489384,top_1,,38,57.806199671569466,29.185277348,0.475,5000000,3,scan-hop-be28eae1fa6afbd3,30.693893768000002,development,ok,0.4791666666666667
ok,88.43571661135135,81.20148843386826,496.2798054662309,E02,32,CH2LU RX0+1,10.059984916000001,80,496.2798054662309,top_2,,55,52.09198008872933,30.693893768000002,0.6875,5000000,3,scan-hop-be28eae1fa6afbd3,30.693893768000002,development,ok,0.7083333333333334
ok,84.06987886084349,77.93404546604948,210.13618189043873,E02,32,CH2LU RX0+1,4.027213006,80,210.13618189043873,top_4,,72,75.44368490477389,30.693893768000002,0.9,5000000,3,scan-hop-be28eae1fa6afbd3,30.693893768000002,development,ok,0.875
ok,84.7357222865298,77.55615193538505,361.60202260018025,E02,32,CH2LU RX0+1,1.014662156,80,361.60202260018025,bounded_score_weight,,80,77.55615193538505,30.693893768000002,1.0,5000000,3,scan-hop-be28eae1fa6afbd3,30.693893768000002,development,ok,1.0
ok,84.73572228656143,77.55615193538542,361.60202260035027,E02,32,CH2LU RX0+1,1.014662156,80,361.60202260035027,production_score_weight,,80,77.55615193538542,30.693893768000002,1.0,5000000,3,scan-hop-be28eae1fa6afbd3,30.693893768000002,development,ok,1.0
ok,84.34997379420236,77.52343738346173,302.9773087267782,E02,32,CH2LU RX0+1,1.014662156,80,302.9773087267782,integer_epoch,,80,77.52343738346173,30.693893768000002,1.0,5000000,3,scan-hop-be28eae1fa6afbd3,30.693893768000002,development,ok,1.0
ok,64.17843478419248,57.72417818877668,83.8138912715447,E03,50,CH2LU RX0+1,1.0266682819999993,121,83.8138912715447,baseline,,121,57.72417818877668,51.352081133,1.0,5000000,4,scan-hop-be28eae1fa6afbd3,51.352081133,development,ok,1.0
ok,64.17843478419248,57.72417818877668,83.8138912715447,E03,50,CH2LU RX0+1,1.0266682819999993,121,83.8138912715447,margin_0.05,,121,57.72417818877668,51.352081133,1.0,5000000,4,scan-hop-be28eae1fa6afbd3,51.352081133,development,ok,1.0
ok,64.17843478419248,57.72417818877668,83.8138912715447,E03,50,CH2LU RX0+1,1.0266682819999993,121,83.8138912715447,margin_0.075,,121,57.72417818877668,51.352081133,1.0,5000000,4,scan-hop-be28eae1fa6afbd3,51.352081133,development,ok,1.0
ok,64.17843478419248,57.72417818877668,83.8138912715447,E03,50,CH2LU RX0+1,1.0266682819999993,121,83.8138912715447,margin_0.1,,121,57.72417818877668,51.352081133,1.0,5000000,4,scan-hop-be28eae1fa6afbd3,51.352081133,development,ok,1.0
ok,64.17843478419248,57.72417818877668,83.8138912715447,E03,50,CH2LU RX0+1,1.0266682819999993,121,83.8138912715447,margin_0.15,,121,57.72417818877668,51.352081133,1.0,5000000,4,scan-hop-be28eae1fa6afbd3,51.352081133,development,ok,1.0
ok,64.17843478419248,57.72417818877668,83.8138912715447,E03,50,CH2LU RX0+1,1.0266682819999993,121,83.8138912715447,margin_0.2,,121,57.72417818877668,51.352081133,1.0,5000000,4,scan-hop-be28eae1fa6afbd3,51.352081133,development,ok,1.0
ok,79.95380288876369,64.83194870247178,76.42203763976232,E03,50,CH2LU RX0+1,5.036491868000001,121,76.42203763976232,top_1,,64,35.35676880878671,46.320434436,0.5289256198347108,5000000,4,scan-hop-be28eae1fa6afbd3,51.352081133,development,ok,0.49295774647887325
ok,65.10232632613618,59.66436395828611,75.54089804907666,E03,50,CH2LU RX0+1,4.0231529519999985,121,75.54089804907666,top_2,,108,36.058598728413926,49.337328760000005,0.8925619834710744,5000000,4,scan-hop-be28eae1fa6afbd3,51.352081133,development,ok,0.8591549295774648
ok,64.8254794811898,58.399151149098536,73.81181260215054,E03,50,CH2LU RX0+1,2.012015023,121,73.81181260215054,top_4,,119,50.11852127134543,51.352081133,0.9834710743801653,5000000,4,scan-hop-be28eae1fa6afbd3,51.352081133,development,ok,0.971830985915493
ok,63.88546022032597,57.84893540444983,79.5955976426344,E03,50,CH2LU RX0+1,1.0266682819999993,121,79.5955976426344,bounded_score_weight,,121,57.84893540444983,51.352081133,1.0,5000000,4,scan-hop-be28eae1fa6afbd3,51.352081133,development,ok,1.0
ok,63.88357390719911,57.85213846582006,79.4978089482399,E03,50,CH2LU RX0+1,1.0266682819999993,121,79.4978089482399,production_score_weight,,121,57.85213846582006,51.352081133,1.0,5000000,4,scan-hop-be28eae1fa6afbd3,51.352081133,development,ok,1.0
ok,64.17843478419248,57.72417818877668,83.8138912715447,E03,50,CH2LU RX0+1,1.0266682819999993,121,83.8138912715447,integer_epoch,,121,57.72417818877668,51.352081133,1.0,5000000,4,scan-hop-be28eae1fa6afbd3,51.352081133,development,ok,1.0
ok,106.76098260802014,100.45954299744385,305.62484333382406,E11,60,CH2LU RX0+1,1.0146669280000253,146,305.62484333382406,baseline,,146,100.45954299744385,51.24820721699999,1.0,2500000,4,scan-hop-7e0dd8ba729fa3ed,51.24820721699999,development,ok,1.0
ok,106.76098260802014,100.45954299744385,305.62484333382406,E11,60,CH2LU RX0+1,1.0146669280000253,146,305.62484333382406,margin_0.05,,146,100.45954299744385,51.24820721699999,1.0,2500000,4,scan-hop-7e0dd8ba729fa3ed,51.24820721699999,development,ok,1.0
ok,106.76098260802014,100.45954299744385,305.62484333382406,E11,60,CH2LU RX0+1,1.0146669280000253,146,305.62484333382406,margin_0.075,,146,100.45954299744385,51.24820721699999,1.0,2500000,4,scan-hop-7e0dd8ba729fa3ed,51.24820721699999,development,ok,1.0
ok,106.76098260802014,100.45954299744385,305.62484333382406,E11,60,CH2LU RX0+1,1.0146669280000253,146,305.62484333382406,margin_0.1,,146,100.45954299744385,51.24820721699999,1.0,2500000,4,scan-hop-7e0dd8ba729fa3ed,51.24820721699999,development,ok,1.0
ok,106.76098260802014,100.45954299744385,305.62484333382406,E11,60,CH2LU RX0+1,1.0146669280000253,146,305.62484333382406,margin_0.15,,146,100.45954299744385,51.24820721699999,1.0,2500000,4,scan-hop-7e0dd8ba729fa3ed,51.24820721699999,development,ok,1.0
ok,106.76098260802014,100.45954299744385,305.62484333382406,E11,60,CH2LU RX0+1,1.0146669280000253,146,305.62484333382406,margin_0.2,,146,100.45954299744385,51.24820721699999,1.0,2500000,4,scan-hop-7e0dd8ba729fa3ed,51.24820721699999,development,ok,1.0
ok,111.94127592758527,111.03152512731144,83.67569443507784,E11,60,CH2LU RX0+1,9.050629837000002,146,83.67569443507784,top_1,,51,34.4728267294436,51.24820721699999,0.3493150684931507,2500000,4,scan-hop-7e0dd8ba729fa3ed,51.24820721699999,development,ok,0.27906976744186046
ok,109.22173568561429,107.40449753311785,85.29873750231354,E11,60,CH2LU RX0+1,5.022656568000002,146,85.29873750231354,top_2,,109,47.50786782824663,51.24820721699999,0.7465753424657534,2500000,4,scan-hop-7e0dd8ba729fa3ed,51.24820721699999,development,ok,0.6744186046511628
ok,107.3791154005006,102.58810455202,321.60189979022437,E11,60,CH2LU RX0+1,3.0200053810000043,146,321.60189979022437,top_4,,129,77.63813746162472,51.24820721699999,0.8835616438356164,2500000,4,scan-hop-7e0dd8ba729fa3ed,51.24820721699999,development,ok,0.8604651162790697
ok,106.51373667272424,100.93004292142484,308.6087899624828,E11,60,CH2LU RX0+1,1.0146669280000253,146,308.6087899624828,bounded_score_weight,,146,100.93004292142484,51.24820721699999,1.0,2500000,4,scan-hop-7e0dd8ba729fa3ed,51.24820721699999,development,ok,1.0
ok,106.5355926389912,100.95537503615404,309.15564392074486,E11,60,CH2LU RX0+1,1.0146669280000253,146,309.15564392074486,production_score_weight,,146,100.95537503615404,51.24820721699999,1.0,2500000,4,scan-hop-7e0dd8ba729fa3ed,51.24820721699999,development,ok,1.0
ok,107.20558227724206,103.12574122621962,121.05139406789694,E11,60,CH2LU RX0+1,1.0146669280000253,146,121.05139406789694,integer_epoch,,146,90.86145730358973,51.24820721699999,1.0,2500000,4,scan-hop-7e0dd8ba729fa3ed,51.24820721699999,development,ok,1.0
ok,139.4654319941557,129.56216397048485,939.2183792855405,E15,71,CH2LU RX0+1,1.0120030829999678,175,939.2183792855405,baseline,,175,129.56216397048485,52.74537577299998,1.0,2500000,4,scan-hop-7e0dd8ba729fa3ed,52.74537577299998,development,ok,1.0
ok,139.4654319941557,129.56216397048485,939.2183792855405,E15,71,CH2LU RX0+1,1.0120030829999678,175,939.2183792855405,margin_0.05,,175,129.56216397048485,52.74537577299998,1.0,2500000,4,scan-hop-7e0dd8ba729fa3ed,52.74537577299998,development,ok,1.0
ok,139.4654319941557,129.56216397048485,939.2183792855405,E15,71,CH2LU RX0+1,1.0120030829999678,175,939.2183792855405,margin_0.075,,175,129.56216397048485,52.74537577299998,1.0,2500000,4,scan-hop-7e0dd8ba729fa3ed,52.74537577299998,development,ok,1.0
ok,139.4654319941557,129.56216397048485,939.2183792855405,E15,71,CH2LU RX0+1,1.0120030829999678,175,939.2183792855405,margin_0.1,,175,129.56216397048485,52.74537577299998,1.0,2500000,4,scan-hop-7e0dd8ba729fa3ed,52.74537577299998,development,ok,1.0
ok,139.4654319941557,129.56216397048485,939.2183792855405,E15,71,CH2LU RX0+1,1.0120030829999678,175,939.2183792855405,margin_0.15,,175,129.56216397048485,52.74537577299998,1.0,2500000,4,scan-hop-7e0dd8ba729fa3ed,52.74537577299998,development,ok,1.0
ok,138.89797474055587,129.63092966655216,936.3220672598609,E15,71,CH2LU RX0+1,2.006679484000017,175,936.3220672598609,margin_0.2,,173,129.11708212153385,52.74537577299998,0.9885714285714285,2500000,4,scan-hop-7e0dd8ba729fa3ed,52.74537577299998,development,ok,0.9807692307692307
ok,142.45083539181778,137.50135395864183,826.0609100774949,E15,71,CH2LU RX0+1,14.066691148000018,175,826.0609100774949,top_1,,66,102.53752456586938,50.74135835399997,0.37714285714285717,2500000,4,scan-hop-7e0dd8ba729fa3ed,52.74537577299998,development,ok,0.33653846153846156
ok,143.4164368957148,137.8197619137502,811.788190358884,E15,71,CH2LU RX0+1,8.040025954999976,175,811.788190358884,top_2,,111,97.28789457971934,52.74537577299998,0.6342857142857142,2500000,4,scan-hop-7e0dd8ba729fa3ed,52.74537577299998,development,ok,0.5865384615384616
ok,140.4286867049933,130.15612698155996,1094.2736786429427,E15,71,CH2LU RX0+1,5.030685345999984,175,1094.2736786429427,top_4,,157,126.49777787413274,52.74537577299998,0.8971428571428571,2500000,4,scan-hop-7e0dd8ba729fa3ed,52.74537577299998,development,ok,0.8653846153846154
ok,138.58880108449105,129.81585165179618,1016.1604228191976,E15,71,CH2LU RX0+1,1.0120030829999678,175,1016.1604228191976,bounded_score_weight,,175,129.81585165179618,52.74537577299998,1.0,2500000,4,scan-hop-7e0dd8ba729fa3ed,52.74537577299998,development,ok,1.0
ok,138.56162489847176,129.85858544247304,1020.4192281405135,E15,71,CH2LU RX0+1,1.0120030829999678,175,1020.4192281405135,production_score_weight,,175,129.85858544247304,52.74537577299998,1.0,2500000,4,scan-hop-7e0dd8ba729fa3ed,52.74537577299998,development,ok,1.0
ok,138.8875373356682,130.3009465914758,756.1763822049815,E15,71,CH2LU RX0+1,1.0120030829999678,175,757.7514539216139,integer_epoch,,175,127.1430825302298,52.74537577299998,1.0,2500000,4,scan-hop-7e0dd8ba729fa3ed,52.74537577299998,development,ok,1.0
ok,125.2480425728005,120.39142949085615,708.2998998555365,E16,61,CH1LU RX0+1,1.0133326170000032,147,708.2998998555365,baseline,,147,120.39142949085615,50.23014172499998,1.0,2500000,4,scan-hop-7e0dd8ba729fa3ed,50.23014172499998,development,ok,1.0
ok,125.2480425728005,120.39142949085615,708.2998998555365,E16,61,CH1LU RX0+1,1.0133326170000032,147,708.2998998555365,margin_0.05,,147,120.39142949085615,50.23014172499998,1.0,2500000,4,scan-hop-7e0dd8ba729fa3ed,50.23014172499998,development,ok,1.0
ok,125.2480425728005,120.39142949085615,708.2998998555365,E16,61,CH1LU RX0+1,1.0133326170000032,147,708.2998998555365,margin_0.075,,147,120.39142949085615,50.23014172499998,1.0,2500000,4,scan-hop-7e0dd8ba729fa3ed,50.23014172499998,development,ok,1.0
ok,124.92404907866194,120.49846347612463,713.4612089136806,E16,61,CH1LU RX0+1,1.0133326170000032,147,713.4612089136806,margin_0.1,,146,119.49761582794113,50.23014172499998,0.9931972789115646,2500000,4,scan-hop-7e0dd8ba729fa3ed,50.23014172499998,development,ok,0.9883720930232558
ok,124.92404907866194,120.49846347612463,713.4612089136806,E16,61,CH1LU RX0+1,1.0133326170000032,147,713.4612089136806,margin_0.15,,146,119.49761582794113,50.23014172499998,0.9931972789115646,2500000,4,scan-hop-7e0dd8ba729fa3ed,50.23014172499998,development,ok,0.9883720930232558
ok,125.12752769990634,120.59797115092968,750.5637629721008,E16,61,CH1LU RX0+1,3.0088502220000066,147,750.5637629721008,margin_0.2,,143,117.45622592943286,50.23014172499998,0.9727891156462585,2500000,4,scan-hop-7e0dd8ba729fa3ed,50.23014172499998,development,ok,0.9534883720930233
ok,137.18680188772953,132.53660758139202,1095.2504007022494,E16,61,CH1LU RX0+1,11.049311036000006,147,1095.2504007022494,top_1,,52,92.85990756811525,46.71917575500001,0.35374149659863946,2500000,4,scan-hop-7e0dd8ba729fa3ed,50.23014172499998,development,ok,0.4186046511627907
ok,131.5609594056432,128.52128910110955,846.4073994603649,E16,61,CH1LU RX0+1,8.038675662000003,147,846.4073994603649,top_2,,95,98.02799263512217,50.23014172499998,0.6462585034013606,2500000,4,scan-hop-7e0dd8ba729fa3ed,50.23014172499998,development,ok,0.6627906976744186
ok,126.94377875098293,121.51256784506128,760.7386026654195,E16,61,CH1LU RX0+1,6.031996729000014,147,760.7386026654195,top_4,,129,112.06758597313612,50.23014172499998,0.8775510204081632,2500000,4,scan-hop-7e0dd8ba729fa3ed,50.23014172499998,development,ok,0.9069767441860465
ok,125.51009435375269,120.69932394668352,658.4871974980767,E16,61,CH1LU RX0+1,1.0133326170000032,147,658.4871974980767,bounded_score_weight,,147,120.69932394668352,50.23014172499998,1.0,2500000,4,scan-hop-7e0dd8ba729fa3ed,50.23014172499998,development,ok,1.0
ok,125.66058946501833,121.09281546572049,656.0276428015228,E16,61,CH1LU RX0+1,1.0133326170000032,147,656.0276428015228,production_score_weight,,147,121.09281546572049,50.23014172499998,1.0,2500000,4,scan-hop-7e0dd8ba729fa3ed,50.23014172499998,development,ok,1.0
ok,125.47766595929393,121.12936601909176,498.6501421035629,E16,61,CH1LU RX0+1,1.0133326170000032,147,501.78847445672506,integer_epoch,,147,122.81535408950339,50.23014172499998,1.0,2500000,4,scan-hop-7e0dd8ba729fa3ed,50.23014172499998,development,ok,1.0
ok,40.91285139179288,36.61512229563265,156.48741227043334,E17,29,CH3LU RX1,1.017327463000015,69,156.48741227043334,baseline,,69,36.61512229563265,42.20666268200003,1.0,2500000,2,scan-hop-7e0dd8ba729fa3ed,42.20666268200003,development,ok,1.0
ok,40.91285139179288,36.61512229563265,156.48741227043334,E17,29,CH3LU RX1,1.017327463000015,69,156.48741227043334,margin_0.05,,69,36.61512229563265,42.20666268200003,1.0,2500000,2,scan-hop-7e0dd8ba729fa3ed,42.20666268200003,development,ok,1.0
ok,40.91285139179288,36.61512229563265,156.48741227043334,E17,29,CH3LU RX1,1.017327463000015,69,156.48741227043334,margin_0.075,,69,36.61512229563265,42.20666268200003,1.0,2500000,2,scan-hop-7e0dd8ba729fa3ed,42.20666268200003,development,ok,1.0
ok,40.91285139179288,36.61512229563265,156.48741227043334,E17,29,CH3LU RX1,1.017327463000015,69,156.48741227043334,margin_0.1,,69,36.61512229563265,42.20666268200003,1.0,2500000,2,scan-hop-7e0dd8ba729fa3ed,42.20666268200003,development,ok,1.0
ok,40.91285139179288,36.61512229563265,156.48741227043334,E17,29,CH3LU RX1,1.017327463000015,69,156.48741227043334,margin_0.15,,69,36.61512229563265,42.20666268200003,1.0,2500000,2,scan-hop-7e0dd8ba729fa3ed,42.20666268200003,development,ok,1.0
ok,40.91285139179288,36.61512229563265,156.48741227043334,E17,29,CH3LU RX1,1.017327463000015,69,156.48741227043334,margin_0.2,,69,36.61512229563265,42.20666268200003,1.0,2500000,2,scan-hop-7e0dd8ba729fa3ed,42.20666268200003,development,ok,1.0
ok,41.022322292056074,38.19017182185426,163.25280896661408,E17,29,CH3LU RX1,5.028022593000003,69,163.25280896661408,top_1,,43,23.812966545622864,42.20666268200003,0.6231884057971014,2500000,2,scan-hop-7e0dd8ba729fa3ed,42.20666268200003,development,ok,0.575
ok,40.58155658819717,37.52032429560322,240.75150151932937,E17,29,CH3LU RX1,2.016008391000014,69,240.75150151932937,top_2,,67,24.331930356389133,42.20666268200003,0.9710144927536232,2500000,2,scan-hop-7e0dd8ba729fa3ed,42.20666268200003,development,ok,0.975
ok,40.730518038466975,36.704616779024164,156.48741227043334,E17,29,CH3LU RX1,2.016008391000014,69,156.48741227043334,top_4,,68,34.86145511610453,42.20666268200003,0.9855072463768116,2500000,2,scan-hop-7e0dd8ba729fa3ed,42.20666268200003,development,ok,1.0
ok,40.685139352972016,36.63031947432092,181.21926188800833,E17,29,CH3LU RX1,1.017327463000015,69,181.21926188800833,bounded_score_weight,,69,36.63031947432092,42.20666268200003,1.0,2500000,2,scan-hop-7e0dd8ba729fa3ed,42.20666268200003,development,ok,1.0
ok,40.685139353051895,36.63031947430306,181.21926189250016,E17,29,CH3LU RX1,1.017327463000015,69,181.21926189250016,production_score_weight,,69,36.63031947430306,42.20666268200003,1.0,2500000,2,scan-hop-7e0dd8ba729fa3ed,42.20666268200003,development,ok,1.0
ok,43.325498022899495,38.58655615088545,156.48741227043334,E17,29,CH3LU RX1,1.017327463000015,69,188.96427903253584,integer_epoch,,69,63.15900103461565,42.20666268200003,1.0,2500000,2,scan-hop-7e0dd8ba729fa3ed,42.20666268200003,development,ok,1.0
ok,87.02504333356025,76.15676977685415,456.1358124747318,E01,53,CH4LU RX0+1,1.0093967290000023,129,456.1358124747318,baseline,,129,76.15676977685415,37.22134862,1.0,5000000,4,scan-hop-2a308575b71dd241,37.22134862,development,ok,1.0
ok,87.02504333356025,76.15676977685415,456.1358124747318,E01,53,CH4LU RX0+1,1.0093967290000023,129,456.1358124747318,margin_0.05,,129,76.15676977685415,37.22134862,1.0,5000000,4,scan-hop-2a308575b71dd241,37.22134862,development,ok,1.0
ok,87.02504333356025,76.15676977685415,456.1358124747318,E01,53,CH4LU RX0+1,1.0093967290000023,129,456.1358124747318,margin_0.075,,129,76.15676977685415,37.22134862,1.0,5000000,4,scan-hop-2a308575b71dd241,37.22134862,development,ok,1.0
ok,87.02504333356025,76.15676977685415,456.1358124747318,E01,53,CH4LU RX0+1,1.0093967290000023,129,456.1358124747318,margin_0.1,,129,76.15676977685415,37.22134862,1.0,5000000,4,scan-hop-2a308575b71dd241,37.22134862,development,ok,1.0
ok,87.02504333356025,76.15676977685415,456.1358124747318,E01,53,CH4LU RX0+1,1.0093967290000023,129,456.1358124747318,margin_0.15,,129,76.15676977685415,37.22134862,1.0,5000000,4,scan-hop-2a308575b71dd241,37.22134862,development,ok,1.0
ok,87.02504333356025,76.15676977685415,456.1358124747318,E01,53,CH4LU RX0+1,1.0093967290000023,129,456.1358124747318,margin_0.2,,129,76.15676977685415,37.22134862,1.0,5000000,4,scan-hop-2a308575b71dd241,37.22134862,development,ok,1.0
ok,89.25702695337996,85.21084462229153,166.95234667164775,E01,53,CH4LU RX0+1,14.080468299,129,166.95234667164775,top_1,,50,37.74170978197506,36.214673899000005,0.3875968992248062,5000000,4,scan-hop-2a308575b71dd241,37.22134862,development,ok,0.3157894736842105
ok,87.60322691471185,84.49729579520323,173.04199399108316,E01,53,CH4LU RX0+1,5.031163700999999,129,173.04199399108316,top_2,,104,43.62244601314206,37.22134862,0.8062015503875969,5000000,4,scan-hop-2a308575b71dd241,37.22134862,development,ok,0.6973684210526315
ok,86.13877661893636,77.02746459689888,437.9532667615479,E01,53,CH4LU RX0+1,5.027991553,129,437.9532667615479,top_4,,119,69.25554661721195,37.22134862,0.9224806201550387,5000000,4,scan-hop-2a308575b71dd241,37.22134862,development,ok,0.8947368421052632
ok,87.38253204470664,76.1722736696882,432.9561783185052,E01,53,CH4LU RX0+1,1.0093967290000023,129,432.9561783185052,bounded_score_weight,,129,76.1722736696882,37.22134862,1.0,5000000,4,scan-hop-2a308575b71dd241,37.22134862,development,ok,1.0
ok,87.38253204471009,76.17227366968683,432.9561783185383,E01,53,CH4LU RX0+1,1.0093967290000023,129,432.9561783185383,production_score_weight,,129,76.17227366968683,37.22134862,1.0,5000000,4,scan-hop-2a308575b71dd241,37.22134862,development,ok,1.0
ok,85.78319001599846,76.5439719051679,354.55420814816154,E01,53,CH4LU RX0+1,1.0093967290000023,129,354.55420814816154,integer_epoch,,129,75.61931968214022,37.22134862,1.0,5000000,4,scan-hop-2a308575b71dd241,37.22134862,development,ok,1.0
ok,108.57312280650002,103.86321169025152,224.56627931085882,E11,47,CH4LU RX0+1,1.0173319839999948,112,224.56627931085882,baseline,,112,103.86321169025152,30.713300497999995,1.0,5000000,4,scan-hop-2a308575b71dd241,30.713300497999995,development,ok,1.0
ok,108.57312280650002,103.86321169025152,224.56627931085882,E11,47,CH4LU RX0+1,1.0173319839999948,112,224.56627931085882,margin_0.05,,112,103.86321169025152,30.713300497999995,1.0,5000000,4,scan-hop-2a308575b71dd241,30.713300497999995,development,ok,1.0
ok,108.57312280650002,103.86321169025152,224.56627931085882,E11,47,CH4LU RX0+1,1.0173319839999948,112,224.56627931085882,margin_0.075,,112,103.86321169025152,30.713300497999995,1.0,5000000,4,scan-hop-2a308575b71dd241,30.713300497999995,development,ok,1.0
ok,108.57312280650002,103.86321169025152,224.56627931085882,E11,47,CH4LU RX0+1,1.0173319839999948,112,224.56627931085882,margin_0.1,,112,103.86321169025152,30.713300497999995,1.0,5000000,4,scan-hop-2a308575b71dd241,30.713300497999995,development,ok,1.0
ok,108.57312280650002,103.86321169025152,224.56627931085882,E11,47,CH4LU RX0+1,1.0173319839999948,112,224.56627931085882,margin_0.15,,112,103.86321169025152,30.713300497999995,1.0,5000000,4,scan-hop-2a308575b71dd241,30.713300497999995,development,ok,1.0
ok,108.57312280650002,103.86321169025152,224.56627931085882,E11,47,CH4LU RX0+1,1.0173319839999948,112,224.56627931085882,margin_0.2,,112,103.86321169025152,30.713300497999995,1.0,5000000,4,scan-hop-2a308575b71dd241,30.713300497999995,development,ok,1.0
,,,,E11,47,CH4LU RX0+1,,112,,top_1,fewer than four training observations in a source segment,37,,,0.33035714285714285,5000000,4,scan-hop-2a308575b71dd241,30.713300497999995,development,insufficient_support,0.3076923076923077
ok,118.57320471443492,116.96978111833104,392.42658708666096,E11,47,CH4LU RX0+1,13.103971428999998,112,392.42658708666096,top_2,,73,69.851165625733,30.713300497999995,0.6517857142857143,5000000,4,scan-hop-2a308575b71dd241,30.713300497999995,development,ok,0.6461538461538462
ok,110.69490001568603,104.54362307514853,362.1681368111514,E11,47,CH4LU RX0+1,4.037907062000002,112,362.1681368111514,top_4,,101,103.21045896804296,30.713300497999995,0.9017857142857143,5000000,4,scan-hop-2a308575b71dd241,30.713300497999995,development,ok,0.9076923076923077
ok,108.2601754914651,103.94662316923537,248.4043208546503,E11,47,CH4LU RX0+1,1.0173319839999948,112,248.4043208546503,bounded_score_weight,,112,103.94662316923537,30.713300497999995,1.0,5000000,4,scan-hop-2a308575b71dd241,30.713300497999995,development,ok,1.0
ok,108.26357490105326,103.95281319869082,246.36418626622986,E11,47,CH4LU RX0+1,1.0173319839999948,112,246.36418626622986,production_score_weight,,112,103.95281319869082,30.713300497999995,1.0,5000000,4,scan-hop-2a308575b71dd241,30.713300497999995,development,ok,1.0
ok,108.55411570669445,104.2822489599755,224.56627931085882,E11,47,CH4LU RX0+1,1.0173319839999948,112,232.06196528619913,integer_epoch,,112,107.84493922368601,30.713300497999995,1.0,5000000,4,scan-hop-2a308575b71dd241,30.713300497999995,development,ok,1.0
ok,134.1973383772671,127.14422146757846,239.3021651152815,E23,52,CH2LU RX0+1,1.0106784879999964,123,239.3021651152815,baseline,,123,127.14422146757846,38.73341591100004,1.0,5000000,4,scan-hop-2a308575b71dd241,38.73341591100004,development,ok,1.0
ok,134.1973383772671,127.14422146757846,239.3021651152815,E23,52,CH2LU RX0+1,1.0106784879999964,123,239.3021651152815,margin_0.05,,123,127.14422146757846,38.73341591100004,1.0,5000000,4,scan-hop-2a308575b71dd241,38.73341591100004,development,ok,1.0
ok,134.1973383772671,127.14422146757846,239.3021651152815,E23,52,CH2LU RX0+1,1.0106784879999964,123,239.3021651152815,margin_0.075,,123,127.14422146757846,38.73341591100004,1.0,5000000,4,scan-hop-2a308575b71dd241,38.73341591100004,development,ok,1.0
ok,134.1973383772671,127.14422146757846,239.3021651152815,E23,52,CH2LU RX0+1,1.0106784879999964,123,239.3021651152815,margin_0.1,,123,127.14422146757846,38.73341591100004,1.0,5000000,4,scan-hop-2a308575b71dd241,38.73341591100004,development,ok,1.0
ok,134.38850876671015,127.1820395633065,239.3021651152815,E23,52,CH2LU RX0+1,1.0106784879999964,123,239.3021651152815,margin_0.15,,122,127.49782529895285,38.23075144700002,0.991869918699187,5000000,4,scan-hop-2a308575b71dd241,38.73341591100004,development,ok,1.0
ok,134.41294912451283,127.21514582673413,229.40746967788027,E23,52,CH2LU RX0+1,2.0133463789999837,123,229.40746967788027,margin_0.2,,120,128.05305169884525,38.23075144700002,0.975609756097561,5000000,4,scan-hop-2a308575b71dd241,38.73341591100004,development,ok,0.971830985915493
,,,,E23,52,CH2LU RX0+1,,123,,top_1,fewer than four training observations in a source segment,45,,,0.36585365853658536,5000000,4,scan-hop-2a308575b71dd241,38.73341591100004,development,insufficient_support,0.23943661971830985
ok,136.93358680160512,134.20196270127926,141.63254065789963,E23,52,CH2LU RX0+1,6.034698934000005,123,141.63254065789963,top_2,,86,81.22280557978775,37.726740827000015,0.6991869918699187,5000000,4,scan-hop-2a308575b71dd241,38.73341591100004,development,ok,0.5492957746478874
ok,132.4550084439882,128.46122206877502,288.0154881791058,E23,52,CH2LU RX0+1,4.028016610999998,123,288.0154881791058,top_4,,107,112.00101204106849,37.726740827000015,0.8699186991869918,5000000,4,scan-hop-2a308575b71dd241,38.73341591100004,development,ok,0.8169014084507042
ok,133.9021909425991,128.47656884465718,151.0078071558247,E23,52,CH2LU RX0+1,1.0106784879999964,123,151.0078071558247,bounded_score_weight,,123,128.47656884465718,38.73341591100004,1.0,5000000,4,scan-hop-2a308575b71dd241,38.73341591100004,development,ok,1.0
ok,134.33400844039207,129.23204465945923,158.32669998129077,E23,52,CH2LU RX0+1,1.0106784879999964,123,158.32669998129077,production_score_weight,,123,129.23204465945923,38.73341591100004,1.0,5000000,4,scan-hop-2a308575b71dd241,38.73341591100004,development,ok,1.0
ok,135.49273190436372,128.4689333369332,479.39350060579477,E23,52,CH2LU RX0+1,1.0106784879999964,123,479.39350060579477,integer_epoch,,123,125.29671092079441,38.73341591100004,1.0,5000000,4,scan-hop-2a308575b71dd241,38.73341591100004,development,ok,1.0
ok,67.58712754494752,62.24692357264381,501.7793525204965,E01,32,CH4LU RX1,1.014673186,78,501.7793525204965,baseline,,78,62.24692357264381,39.212048253,1.0,2500000,2,scan-hop-7d36d1700cadad56,39.212048253,development,ok,1.0
ok,67.58712754494752,62.24692357264381,501.7793525204965,E01,32,CH4LU RX1,1.014673186,78,501.7793525204965,margin_0.05,,78,62.24692357264381,39.212048253,1.0,2500000,2,scan-hop-7d36d1700cadad56,39.212048253,development,ok,1.0
ok,67.58712754494752,62.24692357264381,501.7793525204965,E01,32,CH4LU RX1,1.014673186,78,501.7793525204965,margin_0.075,,78,62.24692357264381,39.212048253,1.0,2500000,2,scan-hop-7d36d1700cadad56,39.212048253,development,ok,1.0
ok,67.58712754494752,62.24692357264381,501.7793525204965,E01,32,CH4LU RX1,1.014673186,78,501.7793525204965,margin_0.1,,78,62.24692357264381,39.212048253,1.0,2500000,2,scan-hop-7d36d1700cadad56,39.212048253,development,ok,1.0
ok,67.58712754494752,62.24692357264381,501.7793525204965,E01,32,CH4LU RX1,1.014673186,78,501.7793525204965,margin_0.15,,78,62.24692357264381,39.212048253,1.0,2500000,2,scan-hop-7d36d1700cadad56,39.212048253,development,ok,1.0
ok,67.58712754494752,62.24692357264381,501.7793525204965,E01,32,CH4LU RX1,1.014673186,78,501.7793525204965,margin_0.2,,78,62.24692357264381,39.212048253,1.0,2500000,2,scan-hop-7d36d1700cadad56,39.212048253,development,ok,1.0
ok,65.27304424823792,64.78334923752384,132.89091101409252,E01,32,CH4LU RX1,6.035988017999998,78,132.89091101409252,top_1,,34,16.396770619856923,38.712044521,0.4358974358974359,2500000,2,scan-hop-7d36d1700cadad56,39.212048253,development,ok,0.41304347826086957
ok,65.43658278124097,64.45718878676216,177.94466561632484,E01,32,CH4LU RX1,3.022664873,78,177.94466561632484,top_2,,71,20.17242540065279,39.212048253,0.9102564102564102,2500000,2,scan-hop-7d36d1700cadad56,39.212048253,development,ok,0.9130434782608695
ok,67.5926231845418,62.2472577539269,501.7793525204965,E01,32,CH4LU RX1,2.017332432,78,501.7793525204965,top_4,,77,62.64283183972311,39.212048253,0.9871794871794872,2500000,2,scan-hop-7d36d1700cadad56,39.212048253,development,ok,1.0
ok,67.28561504595866,62.322874050854736,441.5632765679048,E01,32,CH4LU RX1,1.014673186,78,441.5632765679048,bounded_score_weight,,78,62.322874050854736,39.212048253,1.0,2500000,2,scan-hop-7d36d1700cadad56,39.212048253,development,ok,1.0
ok,67.28561504598242,62.322874050855816,441.5632765672653,E01,32,CH4LU RX1,1.014673186,78,441.5632765672653,production_score_weight,,78,62.322874050855816,39.212048253,1.0,2500000,2,scan-hop-7d36d1700cadad56,39.212048253,development,ok,1.0
ok,67.58712754494752,62.24692357264381,501.7793525204965,E01,32,CH4LU RX1,1.014673186,78,501.7793525204965,integer_epoch,,78,62.24692357264381,39.212048253,1.0,2500000,2,scan-hop-7d36d1700cadad56,39.212048253,development,ok,1.0
ok,126.62771562238754,108.78226898018968,226.40936821478326,E08,45,CH3LU RX0+1,1.0146739690000004,108,226.40936821478326,baseline,,108,108.78226898018968,40.68144578799999,1.0,2500000,4,scan-hop-7d36d1700cadad56,40.68144578799999,development,ok,1.0
ok,126.62771562238754,108.78226898018968,226.40936821478326,E08,45,CH3LU RX0+1,1.0146739690000004,108,226.40936821478326,margin_0.05,,108,108.78226898018968,40.68144578799999,1.0,2500000,4,scan-hop-7d36d1700cadad56,40.68144578799999,development,ok,1.0
ok,126.62771562238754,108.78226898018968,226.40936821478326,E08,45,CH3LU RX0+1,1.0146739690000004,108,226.40936821478326,margin_0.075,,108,108.78226898018968,40.68144578799999,1.0,2500000,4,scan-hop-7d36d1700cadad56,40.68144578799999,development,ok,1.0
ok,126.62771562238754,108.78226898018968,226.40936821478326,E08,45,CH3LU RX0+1,1.0146739690000004,108,226.40936821478326,margin_0.1,,108,108.78226898018968,40.68144578799999,1.0,2500000,4,scan-hop-7d36d1700cadad56,40.68144578799999,development,ok,1.0
ok,118.64538888137794,109.82141679863096,176.25371152874925,E08,45,CH3LU RX0+1,4.030697693000008,108,176.25371152874925,margin_0.15,,104,100.93112817707105,40.68144578799999,0.9629629629629629,2500000,4,scan-hop-7d36d1700cadad56,40.68144578799999,development,ok,0.9365079365079365
ok,118.64538888137794,109.82141679863096,176.25371152874925,E08,45,CH3LU RX0+1,4.030697693000008,108,176.25371152874925,margin_0.2,,104,100.93112817707105,40.68144578799999,0.9629629629629629,2500000,4,scan-hop-7d36d1700cadad56,40.68144578799999,development,ok,0.9365079365079365
ok,137.57395765885374,113.14965047091863,400.33891713221925,E08,45,CH3LU RX0+1,15.061235555999986,108,400.33891713221925,top_1,,42,104.05978537643306,37.66544295200001,0.3888888888888889,2500000,4,scan-hop-7d36d1700cadad56,40.68144578799999,development,ok,0.36507936507936506
ok,128.897941995035,112.35179799920698,234.15330519411896,E08,45,CH3LU RX0+1,9.033360568999996,108,234.15330519411896,top_2,,86,100.6257471594893,39.680104368,0.7962962962962963,2500000,4,scan-hop-7d36d1700cadad56,40.68144578799999,development,ok,0.7619047619047619
ok,129.67174555550005,111.32710625821355,160.64395982902556,E08,45,CH3LU RX0+1,4.013348089999994,108,160.64395982902556,top_4,,96,105.86713535152877,39.680104368,0.8888888888888888,2500000,4,scan-hop-7d36d1700cadad56,40.68144578799999,development,ok,0.8571428571428571
ok,126.33840568330113,109.16654268380412,203.186443020595,E08,45,CH3LU RX0+1,1.0146739690000004,108,203.186443020595,bounded_score_weight,,108,109.16654268380412,40.68144578799999,1.0,2500000,4,scan-hop-7d36d1700cadad56,40.68144578799999,development,ok,1.0
ok,124.5248620785232,109.15170959769068,194.75280990511544,E08,45,CH3LU RX0+1,1.0146739690000004,108,194.75280990511544,production_score_weight,,108,109.15170959769068,40.68144578799999,1.0,2500000,4,scan-hop-7d36d1700cadad56,40.68144578799999,development,ok,1.0
ok,127.10666920719181,109.6920082688103,180.09000630330493,E08,45,CH3LU RX0+1,1.0146739690000004,108,180.09000630330493,integer_epoch,,108,107.5761890690643,40.68144578799999,1.0,2500000,4,scan-hop-7d36d1700cadad56,40.68144578799999,development,ok,1.0
ok,130.59591705735934,124.52321534018,149.73224071955622,E09,36,CH4LU RX0+1,1.013339400999996,89,149.73224071955622,baseline,,89,124.52321534018,37.66011032099999,1.0,2500000,4,scan-hop-7d36d1700cadad56,37.66011032099999,development,ok,1.0
ok,130.59591705735934,124.52321534018,149.73224071955622,E09,36,CH4LU RX0+1,1.013339400999996,89,149.73224071955622,margin_0.05,,89,124.52321534018,37.66011032099999,1.0,2500000,4,scan-hop-7d36d1700cadad56,37.66011032099999,development,ok,1.0
ok,130.59591705735934,124.52321534018,149.73224071955622,E09,36,CH4LU RX0+1,1.013339400999996,89,149.73224071955622,margin_0.075,,89,124.52321534018,37.66011032099999,1.0,2500000,4,scan-hop-7d36d1700cadad56,37.66011032099999,development,ok,1.0
ok,130.59591705735934,124.52321534018,149.73224071955622,E09,36,CH4LU RX0+1,1.013339400999996,89,149.73224071955622,margin_0.1,,89,124.52321534018,37.66011032099999,1.0,2500000,4,scan-hop-7d36d1700cadad56,37.66011032099999,development,ok,1.0
ok,132.18038926464624,124.74366962931279,149.28434736107377,E09,36,CH4LU RX0+1,2.0173490950000144,89,149.28434736107377,margin_0.15,,86,121.71158653922778,37.66011032099999,0.9662921348314607,2500000,4,scan-hop-7d36d1700cadad56,37.66011032099999,development,ok,0.9433962264150944
ok,132.16479674389592,126.45467410372723,142.85297066224206,E09,36,CH4LU RX0+1,4.029365769999998,89,142.85297066224206,margin_0.2,,83,116.98032229482416,37.66011032099999,0.9325842696629213,2500000,4,scan-hop-7d36d1700cadad56,37.66011032099999,development,ok,0.8867924528301887
ok,133.11578006871713,130.4580903424784,147.8715061791446,E09,36,CH4LU RX0+1,10.034694179999974,89,147.8715061791446,top_1,,48,106.28259408230278,34.63741899499999,0.5393258426966292,2500000,4,scan-hop-7d36d1700cadad56,37.66011032099999,development,ok,0.5471698113207547
ok,140.80532475005077,130.95303525988885,183.41497814220364,E09,36,CH4LU RX0+1,5.021343199,89,183.41497814220364,top_2,,64,113.42517869049287,34.63741899499999,0.7191011235955056,2500000,4,scan-hop-7d36d1700cadad56,37.66011032099999,development,ok,0.6792452830188679
ok,132.35132052713357,125.48461316899852,179.93318489484,E09,36,CH4LU RX0+1,5.021343199,89,179.93318489484,top_4,,73,119.56862237062423,37.66011032099999,0.8202247191011236,2500000,4,scan-hop-7d36d1700cadad56,37.66011032099999,development,ok,0.8113207547169812
ok,129.85548661037086,125.10792250528304,146.4320233293335,E09,36,CH4LU RX0+1,1.013339400999996,89,146.4320233293335,bounded_score_weight,,89,125.10792250528304,37.66011032099999,1.0,2500000,4,scan-hop-7d36d1700cadad56,37.66011032099999,development,ok,1.0
ok,129.81698434378575,125.14424234410734,146.25554055200553,E09,36,CH4LU RX0+1,1.013339400999996,89,146.25554055200553,production_score_weight,,89,125.14424234410734,37.66011032099999,1.0,2500000,4,scan-hop-7d36d1700cadad56,37.66011032099999,development,ok,1.0
ok,133.09432832619348,126.67045346822692,153.8947878715707,E09,36,CH4LU RX0+1,1.013339400999996,89,131.4454786541741,integer_epoch,,89,124.3662710616248,37.66011032099999,1.0,2500000,4,scan-hop-7d36d1700cadad56,37.66011032099999,development,ok,1.0
ok,113.09825372864135,95.50458696188578,777.87200102891,E11,25,CH4LU RX0,1.0107047719999969,61,777.87200102891,baseline,,61,95.50458696188578,30.150536873999982,1.0,2500000,2,scan-hop-7d36d1700cadad56,30.150536873999982,development,ok,1.0
ok,113.09825372864135,95.50458696188578,777.87200102891,E11,25,CH4LU RX0,1.0107047719999969,61,777.87200102891,margin_0.05,,61,95.50458696188578,30.150536873999982,1.0,2500000,2,scan-hop-7d36d1700cadad56,30.150536873999982,development,ok,1.0
ok,113.09825372864135,95.50458696188578,777.87200102891,E11,25,CH4LU RX0,1.0107047719999969,61,777.87200102891,margin_0.075,,61,95.50458696188578,30.150536873999982,1.0,2500000,2,scan-hop-7d36d1700cadad56,30.150536873999982,development,ok,1.0
ok,113.09825372864135,95.50458696188578,777.87200102891,E11,25,CH4LU RX0,1.0107047719999969,61,777.87200102891,margin_0.1,,61,95.50458696188578,30.150536873999982,1.0,2500000,2,scan-hop-7d36d1700cadad56,30.150536873999982,development,ok,1.0
ok,113.09825372864135,95.50458696188578,777.87200102891,E11,25,CH4LU RX0,1.0107047719999969,61,777.87200102891,margin_0.15,,61,95.50458696188578,30.150536873999982,1.0,2500000,2,scan-hop-7d36d1700cadad56,30.150536873999982,development,ok,1.0
ok,113.09825372864135,95.50458696188578,777.87200102891,E11,25,CH4LU RX0,1.0107047719999969,61,777.87200102891,margin_0.2,,61,95.50458696188578,30.150536873999982,1.0,2500000,2,scan-hop-7d36d1700cadad56,30.150536873999982,development,ok,1.0
ok,111.67531808205977,100.38933217061914,1185.4829975946184,E11,25,CH4LU RX0,5.030637648999971,61,1185.4829975946184,top_1,,28,69.64546660717848,29.648540610000026,0.45901639344262296,2500000,2,scan-hop-7d36d1700cadad56,30.150536873999982,development,ok,0.4722222222222222
ok,104.63539261669472,98.7719064317757,305.4326354983926,E11,25,CH4LU RX0,5.017321573999993,61,305.4326354983926,top_2,,42,77.937367328626,29.648540610000026,0.6885245901639344,2500000,2,scan-hop-7d36d1700cadad56,30.150536873999982,development,ok,0.7222222222222222
ok,106.71933165828834,95.90796470691754,269.9182439651833,E11,25,CH4LU RX0,3.0132358240000485,61,269.9182439651833,top_4,,53,88.33879936488972,30.150536873999982,0.8688524590163934,2500000,2,scan-hop-7d36d1700cadad56,30.150536873999982,development,ok,0.8611111111111112
ok,112.14562535384371,95.74313762024963,875.8629354836578,E11,25,CH4LU RX0,1.0107047719999969,61,875.8629354836578,bounded_score_weight,,61,95.74313762024963,30.150536873999982,1.0,2500000,2,scan-hop-7d36d1700cadad56,30.150536873999982,development,ok,1.0
ok,112.1456253538962,95.7431376202352,875.8629354822502,E11,25,CH4LU RX0,1.0107047719999969,61,875.8629354822502,production_score_weight,,61,95.7431376202352,30.150536873999982,1.0,2500000,2,scan-hop-7d36d1700cadad56,30.150536873999982,development,ok,1.0
ok,113.56778382072409,96.56711276323044,838.6711246686913,E11,25,CH4LU RX0,1.0107047719999969,61,838.6711246686913,integer_epoch,,61,94.96402548580002,30.150536873999982,1.0,2500000,2,scan-hop-7d36d1700cadad56,30.150536873999982,development,ok,1.0
ok,114.04908000791933,100.7857006227791,1117.8773000140773,E02,38,CH1LU RX0+1,1.0143030119999992,93,1117.8773000140773,baseline,,93,100.7857006227791,44.280024481000005,1.0,5000000,3,scan-hop-ce754cc737a96e13,44.280024481000005,development,ok,1.0
ok,114.04908000791933,100.7857006227791,1117.8773000140773,E02,38,CH1LU RX0+1,1.0143030119999992,93,1117.8773000140773,margin_0.05,,93,100.7857006227791,44.280024481000005,1.0,5000000,3,scan-hop-ce754cc737a96e13,44.280024481000005,development,ok,1.0
ok,114.04908000791933,100.7857006227791,1117.8773000140773,E02,38,CH1LU RX0+1,1.0143030119999992,93,1117.8773000140773,margin_0.075,,93,100.7857006227791,44.280024481000005,1.0,5000000,3,scan-hop-ce754cc737a96e13,44.280024481000005,development,ok,1.0
ok,114.04908000791933,100.7857006227791,1117.8773000140773,E02,38,CH1LU RX0+1,1.0143030119999992,93,1117.8773000140773,margin_0.1,,93,100.7857006227791,44.280024481000005,1.0,5000000,3,scan-hop-ce754cc737a96e13,44.280024481000005,development,ok,1.0
ok,114.04908000791933,100.7857006227791,1117.8773000140773,E02,38,CH1LU RX0+1,1.0143030119999992,93,1117.8773000140773,margin_0.15,,93,100.7857006227791,44.280024481000005,1.0,5000000,3,scan-hop-ce754cc737a96e13,44.280024481000005,development,ok,1.0
ok,114.04908000791933,100.7857006227791,1117.8773000140773,E02,38,CH1LU RX0+1,1.0143030119999992,93,1117.8773000140773,margin_0.2,,93,100.7857006227791,44.280024481000005,1.0,5000000,3,scan-hop-ce754cc737a96e13,44.280024481000005,development,ok,1.0
ok,141.90210717509976,127.0324916495747,1170.0725783698126,E02,38,CH1LU RX0+1,10.06100893,93,1170.0725783698126,top_1,,34,71.04852609274755,38.245449104,0.3655913978494624,5000000,3,scan-hop-ce754cc737a96e13,44.280024481000005,development,ok,0.36363636363636365
ok,129.32759275898937,120.19102775658436,1032.393393804428,E02,38,CH1LU RX0+1,10.06100893,93,1032.393393804428,top_2,,60,64.05160758181313,44.280024481000005,0.6451612903225806,5000000,3,scan-hop-ce754cc737a96e13,44.280024481000005,development,ok,0.6363636363636364
ok,113.88222464150495,101.09724058861515,1074.7747990408488,E02,38,CH1LU RX0+1,2.018708168,93,1074.7747990408488,top_4,,87,99.58062461518355,44.280024481000005,0.9354838709677419,5000000,3,scan-hop-ce754cc737a96e13,44.280024481000005,development,ok,0.9636363636363636
ok,113.80579786175765,100.79920468077147,1119.6772905077662,E02,38,CH1LU RX0+1,1.0143030119999992,93,1119.6772905077662,bounded_score_weight,,93,100.79920468077147,44.280024481000005,1.0,5000000,3,scan-hop-ce754cc737a96e13,44.280024481000005,development,ok,1.0
ok,113.79584849421711,100.79963122103166,1118.441162342133,E02,38,CH1LU RX0+1,1.0143030119999992,93,1118.441162342133,production_score_weight,,93,100.79963122103166,44.280024481000005,1.0,5000000,3,scan-hop-ce754cc737a96e13,44.280024481000005,development,ok,1.0
ok,114.04908000791933,100.7857006227791,1117.8773000140773,E02,38,CH1LU RX0+1,1.0143030119999992,93,1117.8773000140773,integer_epoch,,93,100.7857006227791,44.280024481000005,1.0,5000000,3,scan-hop-ce754cc737a96e13,44.280024481000005,development,ok,1.0
ok,126.11458956347597,113.08138077570756,693.9989226967476,E05,66,CH2LU RX0+1,1.0160054830000007,162,693.9989226967476,baseline,,162,113.08138077570756,44.291250763,1.0,5000000,4,scan-hop-ce754cc737a96e13,44.291250763,development,ok,1.0
ok,126.11458956347597,113.08138077570756,693.9989226967476,E05,66,CH2LU RX0+1,1.0160054830000007,162,693.9989226967476,margin_0.05,,162,113.08138077570756,44.291250763,1.0,5000000,4,scan-hop-ce754cc737a96e13,44.291250763,development,ok,1.0
ok,126.11458956347597,113.08138077570756,693.9989226967476,E05,66,CH2LU RX0+1,1.0160054830000007,162,693.9989226967476,margin_0.075,,162,113.08138077570756,44.291250763,1.0,5000000,4,scan-hop-ce754cc737a96e13,44.291250763,development,ok,1.0
ok,126.11458956347597,113.08138077570756,693.9989226967476,E05,66,CH2LU RX0+1,1.0160054830000007,162,693.9989226967476,margin_0.1,,162,113.08138077570756,44.291250763,1.0,5000000,4,scan-hop-ce754cc737a96e13,44.291250763,development,ok,1.0
ok,126.11458956347597,113.08138077570756,693.9989226967476,E05,66,CH2LU RX0+1,1.0160054830000007,162,693.9989226967476,margin_0.15,,162,113.08138077570756,44.291250763,1.0,5000000,4,scan-hop-ce754cc737a96e13,44.291250763,development,ok,1.0
ok,126.08473148767867,113.09864361328331,687.3056100590205,E05,66,CH2LU RX0+1,1.0160054830000007,162,687.3056100590205,margin_0.2,,161,113.21547132557593,44.291250763,0.9938271604938271,5000000,4,scan-hop-ce754cc737a96e13,44.291250763,development,ok,0.9895833333333334
,,,,E05,66,CH2LU RX0+1,,162,,top_1,fewer than four training observations in a source segment,45,,,0.2777777777777778,5000000,4,scan-hop-ce754cc737a96e13,44.291250763,development,insufficient_support,0.34375
ok,127.08228397924923,121.65950629710338,793.43587435177,E05,66,CH2LU RX0+1,23.142675929999996,162,793.43587435177,top_2,,84,81.4424078558251,44.291250763,0.5185185185185185,5000000,4,scan-hop-ce754cc737a96e13,44.291250763,development,ok,0.5520833333333334
ok,126.5899095132444,115.45437539088731,986.212101997041,E05,66,CH2LU RX0+1,4.026677531999994,162,986.212101997041,top_4,,128,104.01618430826413,44.291250763,0.7901234567901234,5000000,4,scan-hop-ce754cc737a96e13,44.291250763,development,ok,0.8020833333333334
ok,124.55686182935389,113.20626611777418,617.2325954358558,E05,66,CH2LU RX0+1,1.0160054830000007,162,617.2325954358558,bounded_score_weight,,162,113.20626611777418,44.291250763,1.0,5000000,4,scan-hop-ce754cc737a96e13,44.291250763,development,ok,1.0
ok,124.39045913329171,113.20343963443435,610.1938615979146,E05,66,CH2LU RX0+1,1.0160054830000007,162,610.1938615979146,production_score_weight,,162,113.20343963443435,44.291250763,1.0,5000000,4,scan-hop-ce754cc737a96e13,44.291250763,development,ok,1.0
ok,126.90789143758623,114.29967781336902,695.7387405875357,E05,66,CH2LU RX0+1,1.0160054830000007,162,702.9578807846777,integer_epoch,,162,113.63676690266796,44.291250763,1.0,5000000,4,scan-hop-ce754cc737a96e13,44.291250763,development,ok,1.0
ok,71.2572892444045,60.16107078628382,141.23586951727674,E06,25,CH1LU RX1,1.0173317179999941,60,141.23586951727674,baseline,,60,60.16107078628382,32.213442236999995,1.0,5000000,2,scan-hop-ce754cc737a96e13,32.213442236999995,development,ok,1.0
ok,71.2572892444045,60.16107078628382,141.23586951727674,E06,25,CH1LU RX1,1.0173317179999941,60,141.23586951727674,margin_0.05,,60,60.16107078628382,32.213442236999995,1.0,5000000,2,scan-hop-ce754cc737a96e13,32.213442236999995,development,ok,1.0
ok,71.2572892444045,60.16107078628382,141.23586951727674,E06,25,CH1LU RX1,1.0173317179999941,60,141.23586951727674,margin_0.075,,60,60.16107078628382,32.213442236999995,1.0,5000000,2,scan-hop-ce754cc737a96e13,32.213442236999995,development,ok,1.0
ok,71.2572892444045,60.16107078628382,141.23586951727674,E06,25,CH1LU RX1,1.0173317179999941,60,141.23586951727674,margin_0.1,,60,60.16107078628382,32.213442236999995,1.0,5000000,2,scan-hop-ce754cc737a96e13,32.213442236999995,development,ok,1.0
ok,71.2572892444045,60.16107078628382,141.23586951727674,E06,25,CH1LU RX1,1.0173317179999941,60,141.23586951727674,margin_0.15,,60,60.16107078628382,32.213442236999995,1.0,5000000,2,scan-hop-ce754cc737a96e13,32.213442236999995,development,ok,1.0
ok,71.2572892444045,60.16107078628382,141.23586951727674,E06,25,CH1LU RX1,1.0173317179999941,60,141.23586951727674,margin_0.2,,60,60.16107078628382,32.213442236999995,1.0,5000000,2,scan-hop-ce754cc737a96e13,32.213442236999995,development,ok,1.0
ok,65.83301129444092,63.402133753428636,462.20598674266824,E06,25,CH1LU RX1,5.032027588999995,60,462.20598674266824,top_1,,31,21.529609976910045,29.688920404,0.5166666666666667,5000000,2,scan-hop-ce754cc737a96e13,32.213442236999995,development,ok,0.5428571428571428
ok,64.9794612972026,63.309217440905364,217.73531764220053,E06,25,CH1LU RX1,3.0200846679999955,60,217.73531764220053,top_2,,50,21.251834915037694,29.688920404,0.8333333333333334,5000000,2,scan-hop-ce754cc737a96e13,32.213442236999995,development,ok,0.9142857142857143
ok,71.40759951583611,60.690425694577684,217.73531764220053,E06,25,CH1LU RX1,3.0200846679999955,60,217.73531764220053,top_4,,56,47.6206658519271,32.213442236999995,0.9333333333333333,5000000,2,scan-hop-ce754cc737a96e13,32.213442236999995,development,ok,0.9142857142857143
ok,71.44286795191645,60.2505972305472,195.0259794726849,E06,25,CH1LU RX1,1.0173317179999941,60,195.0259794726849,bounded_score_weight,,60,60.2505972305472,32.213442236999995,1.0,5000000,2,scan-hop-ce754cc737a96e13,32.213442236999995,development,ok,1.0
ok,71.44286795189879,60.25059723054755,195.02597947255325,E06,25,CH1LU RX1,1.0173317179999941,60,195.02597947255325,production_score_weight,,60,60.25059723054755,32.213442236999995,1.0,5000000,2,scan-hop-ce754cc737a96e13,32.213442236999995,development,ok,1.0
ok,71.2572892444045,60.16107078628382,141.23586951727674,E06,25,CH1LU RX1,1.0173317179999941,60,141.23586951727674,integer_epoch,,60,60.16107078628382,32.213442236999995,1.0,5000000,2,scan-hop-ce754cc737a96e13,32.213442236999995,development,ok,1.0
ok,43.0562382135799,33.51781848226414,356.5595132768099,E07,27,CH4LU RX1,1.0173316000000057,65,356.5595132768099,baseline,,65,33.51781848226414,32.216739179,1.0,5000000,2,scan-hop-ce754cc737a96e13,32.216739179,development,ok,1.0
ok,43.0562382135799,33.51781848226414,356.5595132768099,E07,27,CH4LU RX1,1.0173316000000057,65,356.5595132768099,margin_0.05,,65,33.51781848226414,32.216739179,1.0,5000000,2,scan-hop-ce754cc737a96e13,32.216739179,development,ok,1.0
ok,43.0562382135799,33.51781848226414,356.5595132768099,E07,27,CH4LU RX1,1.0173316000000057,65,356.5595132768099,margin_0.075,,65,33.51781848226414,32.216739179,1.0,5000000,2,scan-hop-ce754cc737a96e13,32.216739179,development,ok,1.0
ok,43.0562382135799,33.51781848226414,356.5595132768099,E07,27,CH4LU RX1,1.0173316000000057,65,356.5595132768099,margin_0.1,,65,33.51781848226414,32.216739179,1.0,5000000,2,scan-hop-ce754cc737a96e13,32.216739179,development,ok,1.0
ok,43.0562382135799,33.51781848226414,356.5595132768099,E07,27,CH4LU RX1,1.0173316000000057,65,356.5595132768099,margin_0.15,,65,33.51781848226414,32.216739179,1.0,5000000,2,scan-hop-ce754cc737a96e13,32.216739179,development,ok,1.0
ok,43.0562382135799,33.51781848226414,356.5595132768099,E07,27,CH4LU RX1,1.0173316000000057,65,356.5595132768099,margin_0.2,,65,33.51781848226414,32.216739179,1.0,5000000,2,scan-hop-ce754cc737a96e13,32.216739179,development,ok,1.0
ok,37.7383225919981,34.64888614954425,348.8952065986742,E07,27,CH4LU RX1,4.0280191479999985,65,348.8952065986742,top_1,,43,21.919777552538214,32.216739179,0.6615384615384615,5000000,2,scan-hop-ce754cc737a96e13,32.216739179,development,ok,0.7105263157894737
ok,37.28041367793661,34.20753742859085,356.5595132768099,E07,27,CH4LU RX1,2.0133304579999987,65,356.5595132768099,top_2,,64,22.827690454383784,32.216739179,0.9846153846153847,5000000,2,scan-hop-ce754cc737a96e13,32.216739179,development,ok,1.0
ok,43.0562382135799,33.51781848226414,356.5595132768099,E07,27,CH4LU RX1,1.0173316000000057,65,356.5595132768099,top_4,,65,33.51781848226414,32.216739179,1.0,5000000,2,scan-hop-ce754cc737a96e13,32.216739179,development,ok,1.0
ok,43.08448118209612,33.59524184776753,343.6348925871694,E07,27,CH4LU RX1,1.0173316000000057,65,343.6348925871694,bounded_score_weight,,65,33.59524184776753,32.216739179,1.0,5000000,2,scan-hop-ce754cc737a96e13,32.216739179,development,ok,1.0
ok,43.084481182080495,33.59524184777044,343.63489258694364,E07,27,CH4LU RX1,1.0173316000000057,65,343.63489258694364,production_score_weight,,65,33.59524184777044,32.216739179,1.0,5000000,2,scan-hop-ce754cc737a96e13,32.216739179,development,ok,1.0
ok,43.0562382135799,33.51781848226414,356.5595132768099,E07,27,CH4LU RX1,1.0173316000000057,65,356.5595132768099,integer_epoch,,65,33.51781848226414,32.216739179,1.0,5000000,2,scan-hop-ce754cc737a96e13,32.216739179,development,ok,1.0
ok,45.87592322305408,37.201771195520855,368.8478728639319,E08,26,CH3LU RX1,1.016513126999996,62,368.8478728639319,baseline,,62,37.201771195520855,32.718756672,1.0,5000000,2,scan-hop-ce754cc737a96e13,32.718756672,development,ok,1.0
ok,45.87592322305408,37.201771195520855,368.8478728639319,E08,26,CH3LU RX1,1.016513126999996,62,368.8478728639319,margin_0.05,,62,37.201771195520855,32.718756672,1.0,5000000,2,scan-hop-ce754cc737a96e13,32.718756672,development,ok,1.0
ok,45.87592322305408,37.201771195520855,368.8478728639319,E08,26,CH3LU RX1,1.016513126999996,62,368.8478728639319,margin_0.075,,62,37.201771195520855,32.718756672,1.0,5000000,2,scan-hop-ce754cc737a96e13,32.718756672,development,ok,1.0
ok,45.87592322305408,37.201771195520855,368.8478728639319,E08,26,CH3LU RX1,1.016513126999996,62,368.8478728639319,margin_0.1,,62,37.201771195520855,32.718756672,1.0,5000000,2,scan-hop-ce754cc737a96e13,32.718756672,development,ok,1.0
ok,45.87592322305408,37.201771195520855,368.8478728639319,E08,26,CH3LU RX1,1.016513126999996,62,368.8478728639319,margin_0.15,,62,37.201771195520855,32.718756672,1.0,5000000,2,scan-hop-ce754cc737a96e13,32.718756672,development,ok,1.0
ok,45.87592322305408,37.201771195520855,368.8478728639319,E08,26,CH3LU RX1,1.016513126999996,62,368.8478728639319,margin_0.2,,62,37.201771195520855,32.718756672,1.0,5000000,2,scan-hop-ce754cc737a96e13,32.718756672,development,ok,1.0
ok,41.59745377298893,39.1092123902611,60.03859387759948,E08,26,CH3LU RX1,4.028686590999996,62,60.03859387759948,top_1,,34,17.788349940477616,31.714496846999992,0.5483870967741935,5000000,2,scan-hop-ce754cc737a96e13,32.718756672,development,ok,0.5833333333333334
ok,42.778524260097456,37.81230985185423,231.39912701101133,E08,26,CH3LU RX1,3.0173336960000086,62,231.39912701101133,top_2,,57,22.486487054574592,32.718756672,0.9193548387096774,5000000,2,scan-hop-ce754cc737a96e13,32.718756672,development,ok,0.9444444444444444
ok,45.369519009745055,37.28881744919807,368.8478728639319,E08,26,CH3LU RX1,2.0133342200000044,62,368.8478728639319,top_4,,61,36.25223112002115,32.718756672,0.9838709677419355,5000000,2,scan-hop-ce754cc737a96e13,32.718756672,development,ok,1.0
ok,45.42055045859111,37.23443213533115,377.49117629631684,E08,26,CH3LU RX1,1.016513126999996,62,377.49117629631684,bounded_score_weight,,62,37.23443213533115,32.718756672,1.0,5000000,2,scan-hop-ce754cc737a96e13,32.718756672,development,ok,1.0
ok,45.42055045859172,37.234432135327665,377.49117629616313,E08,26,CH3LU RX1,1.016513126999996,62,377.49117629616313,production_score_weight,,62,37.234432135327665,32.718756672,1.0,5000000,2,scan-hop-ce754cc737a96e13,32.718756672,development,ok,1.0
ok,45.87592322305408,37.201771195520855,368.8478728639319,E08,26,CH3LU RX1,1.016513126999996,62,368.8478728639319,integer_epoch,,62,37.201771195520855,32.718756672,1.0,5000000,2,scan-hop-ce754cc737a96e13,32.718756672,development,ok,1.0
ok,92.35254170580731,88.7166878756187,479.1497104375294,E10,36,CH4LU RX0+1,1.018216676999998,88,479.1497104375294,baseline,,88,88.7166878756187,36.759943117000006,1.0,5000000,3,scan-hop-ce754cc737a96e13,36.759943117000006,development,ok,1.0
ok,92.35254170580731,88.7166878756187,479.1497104375294,E10,36,CH4LU RX0+1,1.018216676999998,88,479.1497104375294,margin_0.05,,88,88.7166878756187,36.759943117000006,1.0,5000000,3,scan-hop-ce754cc737a96e13,36.759943117000006,development,ok,1.0
ok,92.35254170580731,88.7166878756187,479.1497104375294,E10,36,CH4LU RX0+1,1.018216676999998,88,479.1497104375294,margin_0.075,,88,88.7166878756187,36.759943117000006,1.0,5000000,3,scan-hop-ce754cc737a96e13,36.759943117000006,development,ok,1.0
ok,92.35254170580731,88.7166878756187,479.1497104375294,E10,36,CH4LU RX0+1,1.018216676999998,88,479.1497104375294,margin_0.1,,88,88.7166878756187,36.759943117000006,1.0,5000000,3,scan-hop-ce754cc737a96e13,36.759943117000006,development,ok,1.0
ok,92.35254170580731,88.7166878756187,479.1497104375294,E10,36,CH4LU RX0+1,1.018216676999998,88,479.1497104375294,margin_0.15,,88,88.7166878756187,36.759943117000006,1.0,5000000,3,scan-hop-ce754cc737a96e13,36.759943117000006,development,ok,1.0
ok,92.35254170580731,88.7166878756187,479.1497104375294,E10,36,CH4LU RX0+1,1.018216676999998,88,479.1497104375294,margin_0.2,,88,88.7166878756187,36.759943117000006,1.0,5000000,3,scan-hop-ce754cc737a96e13,36.759943117000006,development,ok,1.0
ok,96.17682518648725,92.81902450331263,555.6349679881239,E10,36,CH4LU RX0+1,9.066268934999997,88,555.6349679881239,top_1,,45,68.55822439236307,34.742600933000006,0.5113636363636364,5000000,3,scan-hop-ce754cc737a96e13,36.759943117000006,development,ok,0.5384615384615384
ok,96.03565859274134,91.3783382304474,607.6804288569139,E10,36,CH4LU RX0+1,9.066268934999997,88,607.6804288569139,top_2,,71,61.33569749722958,36.759943117000006,0.8068181818181818,5000000,3,scan-hop-ce754cc737a96e13,36.759943117000006,development,ok,0.8269230769230769
ok,92.53180313397473,89.70812052242725,679.5249482141768,E10,36,CH4LU RX0+1,5.039997560000003,88,679.5249482141768,top_4,,78,70.00371152449999,36.759943117000006,0.8863636363636364,5000000,3,scan-hop-ce754cc737a96e13,36.759943117000006,development,ok,0.8846153846153846
ok,92.71952828467388,88.90204392429256,475.2414251031631,E10,36,CH4LU RX0+1,1.018216676999998,88,475.2414251031631,bounded_score_weight,,88,88.90204392429256,36.759943117000006,1.0,5000000,3,scan-hop-ce754cc737a96e13,36.759943117000006,development,ok,1.0
ok,92.71952828470339,88.90204392428859,475.2414251029142,E10,36,CH4LU RX0+1,1.018216676999998,88,475.2414251029142,production_score_weight,,88,88.90204392428859,36.759943117000006,1.0,5000000,3,scan-hop-ce754cc737a96e13,36.759943117000006,development,ok,1.0
ok,91.7692992857008,89.37561744084125,432.78875054632533,E10,36,CH4LU RX0+1,1.018216676999998,88,432.78875054632533,integer_epoch,,88,89.13108764753244,36.759943117000006,1.0,5000000,3,scan-hop-ce754cc737a96e13,36.759943117000006,development,ok,1.0
ok,122.42720143371237,115.89557280615954,389.3245464312241,E13,78,CH2LU RX0+1,1.016039587999984,190,389.3245464312241,baseline,,190,115.89557280615954,53.84077633499999,1.0,5000000,4,scan-hop-ce754cc737a96e13,53.84077633499999,development,ok,1.0
ok,122.42720143371237,115.89557280615954,389.3245464312241,E13,78,CH2LU RX0+1,1.016039587999984,190,389.3245464312241,margin_0.05,,190,115.89557280615954,53.84077633499999,1.0,5000000,4,scan-hop-ce754cc737a96e13,53.84077633499999,development,ok,1.0
ok,122.42720143371237,115.89557280615954,389.3245464312241,E13,78,CH2LU RX0+1,1.016039587999984,190,389.3245464312241,margin_0.075,,190,115.89557280615954,53.84077633499999,1.0,5000000,4,scan-hop-ce754cc737a96e13,53.84077633499999,development,ok,1.0
ok,122.42720143371237,115.89557280615954,389.3245464312241,E13,78,CH2LU RX0+1,1.016039587999984,190,389.3245464312241,margin_0.1,,190,115.89557280615954,53.84077633499999,1.0,5000000,4,scan-hop-ce754cc737a96e13,53.84077633499999,development,ok,1.0
ok,122.42720143371237,115.89557280615954,389.3245464312241,E13,78,CH2LU RX0+1,1.016039587999984,190,389.3245464312241,margin_0.15,,190,115.89557280615954,53.84077633499999,1.0,5000000,4,scan-hop-ce754cc737a96e13,53.84077633499999,development,ok,1.0
ok,123.28084316408861,116.08434971087325,479.52212643968494,E13,78,CH2LU RX0+1,3.0187076990000037,190,479.52212643968494,margin_0.2,,186,114.1015797957887,53.84077633499999,0.9789473684210527,5000000,4,scan-hop-ce754cc737a96e13,53.84077633499999,development,ok,0.9642857142857143
ok,132.1354334699212,127.09286446490349,412.74871809242745,E13,78,CH2LU RX0+1,14.085802196000003,190,412.74871809242745,top_1,,70,88.75059080174977,49.31422736100001,0.3684210526315789,5000000,4,scan-hop-ce754cc737a96e13,53.84077633499999,development,ok,0.3482142857142857
ok,127.279406390993,125.26788424167096,318.5158513810489,E13,78,CH2LU RX0+1,10.062694373,190,318.5158513810489,top_2,,114,81.67129786527788,52.332763884,0.6,5000000,4,scan-hop-ce754cc737a96e13,53.84077633499999,development,ok,0.5535714285714286
ok,122.62119731453473,116.32537412255493,411.43415457561287,E13,78,CH2LU RX0+1,3.018676475999996,190,411.43415457561287,top_4,,171,112.97328533083069,52.83434287199998,0.9,5000000,4,scan-hop-ce754cc737a96e13,53.84077633499999,development,ok,0.875
ok,123.79254258154977,116.75626097766484,450.4812165719064,E13,78,CH2LU RX0+1,1.016039587999984,190,450.4812165719064,bounded_score_weight,,190,116.75626097766484,53.84077633499999,1.0,5000000,4,scan-hop-ce754cc737a96e13,53.84077633499999,development,ok,1.0
ok,124.69301866491004,117.30423232448175,492.96629288144896,E13,78,CH2LU RX0+1,1.016039587999984,190,492.96629288144896,production_score_weight,,190,117.30423232448175,53.84077633499999,1.0,5000000,4,scan-hop-ce754cc737a96e13,53.84077633499999,development,ok,1.0
ok,122.79962061062146,116.07417908273013,445.7667236353445,E13,78,CH2LU RX0+1,1.016039587999984,190,445.7667236353445,integer_epoch,,190,118.61194232834136,53.84077633499999,1.0,5000000,4,scan-hop-ce754cc737a96e13,53.84077633499999,development,ok,1.0
ok,103.9911669816336,98.32895099744546,219.48078580846015,E19,63,CH4LU RX0+1,1.0194700750000152,155,219.48078580846015,baseline,,155,98.32895099744546,51.344680057000005,1.0,5000000,4,scan-hop-ce754cc737a96e13,51.344680057000005,development,ok,1.0
ok,103.9911669816336,98.32895099744546,219.48078580846015,E19,63,CH4LU RX0+1,1.0194700750000152,155,219.48078580846015,margin_0.05,,155,98.32895099744546,51.344680057000005,1.0,5000000,4,scan-hop-ce754cc737a96e13,51.344680057000005,development,ok,1.0
ok,103.9911669816336,98.32895099744546,219.48078580846015,E19,63,CH4LU RX0+1,1.0194700750000152,155,219.48078580846015,margin_0.075,,155,98.32895099744546,51.344680057000005,1.0,5000000,4,scan-hop-ce754cc737a96e13,51.344680057000005,development,ok,1.0
ok,103.9911669816336,98.32895099744546,219.48078580846015,E19,63,CH4LU RX0+1,1.0194700750000152,155,219.48078580846015,margin_0.1,,155,98.32895099744546,51.344680057000005,1.0,5000000,4,scan-hop-ce754cc737a96e13,51.344680057000005,development,ok,1.0
ok,103.9911669816336,98.32895099744546,219.48078580846015,E19,63,CH4LU RX0+1,1.0194700750000152,155,219.48078580846015,margin_0.15,,155,98.32895099744546,51.344680057000005,1.0,5000000,4,scan-hop-ce754cc737a96e13,51.344680057000005,development,ok,1.0
ok,103.9911669816336,98.32895099744546,219.48078580846015,E19,63,CH4LU RX0+1,1.0194700750000152,155,219.48078580846015,margin_0.2,,155,98.32895099744546,51.344680057000005,1.0,5000000,4,scan-hop-ce754cc737a96e13,51.344680057000005,development,ok,1.0
ok,113.96445491266539,107.798534457195,282.9681022589008,E19,63,CH4LU RX0+1,9.051979600999971,155,282.9681022589008,top_1,,60,54.63569831579512,47.32267892600001,0.3870967741935484,5000000,4,scan-hop-ce754cc737a96e13,51.344680057000005,development,ok,0.42391304347826086
ok,107.04837867263872,103.77132766434133,320.86278567483134,E19,63,CH4LU RX0+1,5.03201220699998,155,320.86278567483134,top_2,,109,47.764224406075165,50.33868776000003,0.7032258064516129,5000000,4,scan-hop-ce754cc737a96e13,51.344680057000005,development,ok,0.6847826086956522
ok,104.57469263080584,98.7662745862733,253.49016765226355,E19,63,CH4LU RX0+1,4.0246804629999815,155,253.49016765226355,top_4,,136,92.24108609090821,51.344680057000005,0.8774193548387097,5000000,4,scan-hop-ce754cc737a96e13,51.344680057000005,development,ok,0.8586956521739131
ok,103.75429462778925,98.39368302102466,246.12415574906703,E19,63,CH4LU RX0+1,1.0194700750000152,155,246.12415574906703,bounded_score_weight,,155,98.39368302102466,51.344680057000005,1.0,5000000,4,scan-hop-ce754cc737a96e13,51.344680057000005,development,ok,1.0
ok,103.75420781027813,98.3930436478144,246.12415574822305,E19,63,CH4LU RX0+1,1.0194700750000152,155,246.12415574822305,production_score_weight,,155,98.3930436478144,51.344680057000005,1.0,5000000,4,scan-hop-ce754cc737a96e13,51.344680057000005,development,ok,1.0
ok,104.19983131857876,98.50541802556558,270.32363438761473,E19,63,CH4LU RX0+1,1.0194700750000152,155,270.32363438761473,integer_epoch,,155,98.52862765563691,51.344680057000005,1.0,5000000,4,scan-hop-ce754cc737a96e13,51.344680057000005,development,ok,1.0
ok,93.70496960164964,84.67957122849215,160.81302972386737,E08,30,CH1LU RX1,1.0226712170000098,73,160.81302972386737,baseline,,73,84.67957122849215,38.701381452999996,1.0,2500000,2,scan-hop-6e51067ffe6ede65,38.701381452999996,development,ok,1.0
ok,93.70496960164964,84.67957122849215,160.81302972386737,E08,30,CH1LU RX1,1.0226712170000098,73,160.81302972386737,margin_0.05,,73,84.67957122849215,38.701381452999996,1.0,2500000,2,scan-hop-6e51067ffe6ede65,38.701381452999996,development,ok,1.0
ok,93.70496960164964,84.67957122849215,160.81302972386737,E08,30,CH1LU RX1,1.0226712170000098,73,160.81302972386737,margin_0.075,,73,84.67957122849215,38.701381452999996,1.0,2500000,2,scan-hop-6e51067ffe6ede65,38.701381452999996,development,ok,1.0
ok,93.70496960164964,84.67957122849215,160.81302972386737,E08,30,CH1LU RX1,1.0226712170000098,73,160.81302972386737,margin_0.1,,73,84.67957122849215,38.701381452999996,1.0,2500000,2,scan-hop-6e51067ffe6ede65,38.701381452999996,development,ok,1.0
ok,93.70496960164964,84.67957122849215,160.81302972386737,E08,30,CH1LU RX1,1.0226712170000098,73,160.81302972386737,margin_0.15,,73,84.67957122849215,38.701381452999996,1.0,2500000,2,scan-hop-6e51067ffe6ede65,38.701381452999996,development,ok,1.0
ok,93.70496960164964,84.67957122849215,160.81302972386737,E08,30,CH1LU RX1,1.0226712170000098,73,160.81302972386737,margin_0.2,,73,84.67957122849215,38.701381452999996,1.0,2500000,2,scan-hop-6e51067ffe6ede65,38.701381452999996,development,ok,1.0
ok,88.92862294454349,88.10499098125412,102.81923471051742,E08,30,CH1LU RX1,7.027743721999997,73,102.81923471051742,top_1,,37,22.752535125701083,38.701381452999996,0.5068493150684932,2500000,2,scan-hop-6e51067ffe6ede65,38.701381452999996,development,ok,0.4418604651162791
ok,89.76958955943864,88.66061727691115,117.86203170790226,E08,30,CH1LU RX1,4.019985337999998,73,117.86203170790226,top_2,,57,22.421999889507255,38.701381452999996,0.7808219178082192,2500000,2,scan-hop-6e51067ffe6ede65,38.701381452999996,development,ok,0.7906976744186046
ok,92.1956392442071,85.00712941226303,125.95961598643643,E08,30,CH1LU RX1,2.014090901000003,73,125.95961598643643,top_4,,69,73.7646864003957,38.701381452999996,0.9452054794520548,2500000,2,scan-hop-6e51067ffe6ede65,38.701381452999996,development,ok,0.9767441860465116
ok,93.43376350140542,84.69601424740745,159.53149964849376,E08,30,CH1LU RX1,1.0226712170000098,73,159.53149964849376,bounded_score_weight,,73,84.69601424740745,38.701381452999996,1.0,2500000,2,scan-hop-6e51067ffe6ede65,38.701381452999996,development,ok,1.0
ok,93.43376350143693,84.69601424740415,159.5314996486065,E08,30,CH1LU RX1,1.0226712170000098,73,159.5314996486065,production_score_weight,,73,84.69601424740415,38.701381452999996,1.0,2500000,2,scan-hop-6e51067ffe6ede65,38.701381452999996,development,ok,1.0
ok,93.70496960164964,84.67957122849215,160.81302972386737,E08,30,CH1LU RX1,1.0226712170000098,73,160.81302972386737,integer_epoch,,73,84.67957122849215,38.701381452999996,1.0,2500000,2,scan-hop-6e51067ffe6ede65,38.701381452999996,development,ok,1.0
ok,129.266427901092,118.750746762146,434.0281509550557,E01,31,CH2LU RX0+1,1.0146650190000024,77,434.0281509550557,baseline,,77,118.750746762146,34.227204622,1.0,5000000,3,scan-hop-0c6b5a30eb62560a,34.227204622,development,ok,1.0
ok,129.266427901092,118.750746762146,434.0281509550557,E01,31,CH2LU RX0+1,1.0146650190000024,77,434.0281509550557,margin_0.05,,77,118.750746762146,34.227204622,1.0,5000000,3,scan-hop-0c6b5a30eb62560a,34.227204622,development,ok,1.0
ok,129.266427901092,118.750746762146,434.0281509550557,E01,31,CH2LU RX0+1,1.0146650190000024,77,434.0281509550557,margin_0.075,,77,118.750746762146,34.227204622,1.0,5000000,3,scan-hop-0c6b5a30eb62560a,34.227204622,development,ok,1.0
ok,129.266427901092,118.750746762146,434.0281509550557,E01,31,CH2LU RX0+1,1.0146650190000024,77,434.0281509550557,margin_0.1,,77,118.750746762146,34.227204622,1.0,5000000,3,scan-hop-0c6b5a30eb62560a,34.227204622,development,ok,1.0
ok,129.266427901092,118.750746762146,434.0281509550557,E01,31,CH2LU RX0+1,1.0146650190000024,77,434.0281509550557,margin_0.15,,77,118.750746762146,34.227204622,1.0,5000000,3,scan-hop-0c6b5a30eb62560a,34.227204622,development,ok,1.0
ok,129.266427901092,118.750746762146,434.0281509550557,E01,31,CH2LU RX0+1,1.0146650190000024,77,434.0281509550557,margin_0.2,,77,118.750746762146,34.227204622,1.0,5000000,3,scan-hop-0c6b5a30eb62560a,34.227204622,development,ok,1.0
ok,126.79192513618996,125.17956384582118,254.82407069742487,E01,31,CH2LU RX0+1,15.098621697999999,77,254.82407069742487,top_1,,35,72.06135358474374,30.708001083000003,0.45454545454545453,5000000,3,scan-hop-0c6b5a30eb62560a,34.227204622,development,ok,0.43478260869565216
ok,119.3882562899162,120.02833832895347,510.1741055059649,E01,31,CH2LU RX0+1,6.048657030000001,77,510.1741055059649,top_2,,56,84.63689805377078,32.215913334999996,0.7272727272727273,5000000,3,scan-hop-0c6b5a30eb62560a,34.227204622,development,ok,0.6739130434782609
ok,133.82511143939894,123.1060849031609,737.7685375906126,E01,31,CH2LU RX0+1,6.048657030000001,77,737.7685375906126,top_4,,63,106.72256585679409,33.220464421,0.8181818181818182,5000000,3,scan-hop-0c6b5a30eb62560a,34.227204622,development,ok,0.8043478260869565
ok,128.13086040097897,118.89248808874957,321.46093045767356,E01,31,CH2LU RX0+1,1.0146650190000024,77,321.46093045767356,bounded_score_weight,,77,118.89248808874957,34.227204622,1.0,5000000,3,scan-hop-0c6b5a30eb62560a,34.227204622,development,ok,1.0
ok,128.1308604009989,118.8924880887477,321.46093045754526,E01,31,CH2LU RX0+1,1.0146650190000024,77,321.46093045754526,production_score_weight,,77,118.8924880887477,34.227204622,1.0,5000000,3,scan-hop-0c6b5a30eb62560a,34.227204622,development,ok,1.0
ok,130.7009446285702,119.3900494851312,434.0281509550557,E01,31,CH2LU RX0+1,1.0146650190000024,77,428.23342570712134,integer_epoch,,77,117.8644822856311,34.227204622,1.0,5000000,3,scan-hop-0c6b5a30eb62560a,34.227204622,development,ok,1.0
ok,98.84466565811901,87.51430871408598,814.2895559435606,E03,13,CH3U RX0,1.015364738999999,31,814.2895559435606,baseline,,31,87.51430871408598,30.203911287000004,1.0,5000000,1,scan-hop-0c6b5a30eb62560a,30.203911287000004,development,ok,1.0
ok,98.84466565811901,87.51430871408598,814.2895559435606,E03,13,CH3U RX0,1.015364738999999,31,814.2895559435606,margin_0.05,,31,87.51430871408598,30.203911287000004,1.0,5000000,1,scan-hop-0c6b5a30eb62560a,30.203911287000004,development,ok,1.0
ok,98.84466565811901,87.51430871408598,814.2895559435606,E03,13,CH3U RX0,1.015364738999999,31,814.2895559435606,margin_0.075,,31,87.51430871408598,30.203911287000004,1.0,5000000,1,scan-hop-0c6b5a30eb62560a,30.203911287000004,development,ok,1.0
ok,98.84466565811901,87.51430871408598,814.2895559435606,E03,13,CH3U RX0,1.015364738999999,31,814.2895559435606,margin_0.1,,31,87.51430871408598,30.203911287000004,1.0,5000000,1,scan-hop-0c6b5a30eb62560a,30.203911287000004,development,ok,1.0
ok,98.84466565811901,87.51430871408598,814.2895559435606,E03,13,CH3U RX0,1.015364738999999,31,814.2895559435606,margin_0.15,,31,87.51430871408598,30.203911287000004,1.0,5000000,1,scan-hop-0c6b5a30eb62560a,30.203911287000004,development,ok,1.0
ok,98.84466565811901,87.51430871408598,814.2895559435606,E03,13,CH3U RX0,1.015364738999999,31,814.2895559435606,margin_0.2,,31,87.51430871408598,30.203911287000004,1.0,5000000,1,scan-hop-0c6b5a30eb62560a,30.203911287000004,development,ok,1.0
ok,113.35926337132713,100.43376663670283,723.0452893603735,E03,13,CH3U RX0,11.078132673999999,31,723.0452893603735,top_1,,11,57.14653136387514,29.197244018000003,0.3548387096774194,5000000,1,scan-hop-0c6b5a30eb62560a,30.203911287000004,development,ok,0.3333333333333333
ok,108.74510153535648,90.6726571893919,401.8658229113132,E03,13,CH3U RX0,10.071465106000002,31,401.8658229113132,top_2,,19,77.40421928029407,30.203911287000004,0.6129032258064516,5000000,1,scan-hop-0c6b5a30eb62560a,30.203911287000004,development,ok,0.5
ok,98.57467392249198,87.67640370265659,931.9068281083365,E03,13,CH3U RX0,4.038378663000003,31,931.9068281083365,top_4,,26,89.61295254229407,30.203911287000004,0.8387096774193549,5000000,1,scan-hop-0c6b5a30eb62560a,30.203911287000004,development,ok,0.7222222222222222
ok,98.24408433134002,87.60077951026885,839.1183754633852,E03,13,CH3U RX0,1.015364738999999,31,839.1183754633852,bounded_score_weight,,31,87.60077951026885,30.203911287000004,1.0,5000000,1,scan-hop-0c6b5a30eb62560a,30.203911287000004,development,ok,1.0
ok,98.31954385308755,87.60077951026831,839.1183754633436,E03,13,CH3U RX0,1.015364738999999,31,839.1183754633436,production_score_weight,,31,87.60077951026831,30.203911287000004,1.0,5000000,1,scan-hop-0c6b5a30eb62560a,30.203911287000004,development,ok,1.0
ok,98.84466565811901,87.51430871408598,814.2895559435606,E03,13,CH3U RX0,1.015364738999999,31,814.2895559435606,integer_epoch,,31,87.51430871408598,30.203911287000004,1.0,5000000,1,scan-hop-0c6b5a30eb62560a,30.203911287000004,development,ok,1.0
ok,106.90909700973121,101.06452161590799,672.3014870111202,E10,37,CH4LU RX0,1.020278635000011,91,672.3014870111202,baseline,,91,101.06452161590799,45.81603351999999,1.0,5000000,2,scan-hop-0c6b5a30eb62560a,45.81603351999999,development,ok,1.0
ok,106.90909700973121,101.06452161590799,672.3014870111202,E10,37,CH4LU RX0,1.020278635000011,91,672.3014870111202,margin_0.05,,91,101.06452161590799,45.81603351999999,1.0,5000000,2,scan-hop-0c6b5a30eb62560a,45.81603351999999,development,ok,1.0
ok,106.90909700973121,101.06452161590799,672.3014870111202,E10,37,CH4LU RX0,1.020278635000011,91,672.3014870111202,margin_0.075,,91,101.06452161590799,45.81603351999999,1.0,5000000,2,scan-hop-0c6b5a30eb62560a,45.81603351999999,development,ok,1.0
ok,106.90909700973121,101.06452161590799,672.3014870111202,E10,37,CH4LU RX0,1.020278635000011,91,672.3014870111202,margin_0.1,,91,101.06452161590799,45.81603351999999,1.0,5000000,2,scan-hop-0c6b5a30eb62560a,45.81603351999999,development,ok,1.0
ok,106.40928875448206,101.4808297078023,913.4628611075236,E10,37,CH4LU RX0,1.020278635000011,91,913.4628611075236,margin_0.15,,87,98.4846740398183,44.30696506300001,0.9560439560439561,5000000,2,scan-hop-0c6b5a30eb62560a,45.81603351999999,development,ok,0.9259259259259259
ok,108.55066069649492,104.72668414125744,856.8114988154696,E10,37,CH4LU RX0,1.020278635000011,91,856.8114988154696,margin_0.2,,85,93.79601008982914,44.30696506300001,0.9340659340659341,5000000,2,scan-hop-0c6b5a30eb62560a,45.81603351999999,development,ok,0.8888888888888888
ok,162.99956825258596,107.14934080194342,530.940366628286,E10,37,CH4LU RX0,16.094715129999997,91,530.940366628286,top_1,,27,65.19098856161305,43.30091109599999,0.2967032967032967,5000000,2,scan-hop-0c6b5a30eb62560a,45.81603351999999,development,ok,0.3148148148148148
ok,105.43917533503503,104.99834888741545,427.7884443460346,E10,37,CH4LU RX0,13.077371051,91,427.7884443460346,top_2,,55,69.79489157527021,45.81603351999999,0.6043956043956044,5000000,2,scan-hop-0c6b5a30eb62560a,45.81603351999999,development,ok,0.6111111111111112
ok,106.2725822064058,102.7032948949646,234.19495533885578,E10,37,CH4LU RX0,8.048809052000024,91,234.19495533885578,top_4,,71,90.67444521937932,45.81603351999999,0.7802197802197802,5000000,2,scan-hop-0c6b5a30eb62560a,45.81603351999999,development,ok,0.7222222222222222
ok,106.3372894315517,101.53625701204116,542.910194140306,E10,37,CH4LU RX0,1.020278635000011,91,542.910194140306,bounded_score_weight,,91,101.53625701204116,45.81603351999999,1.0,5000000,2,scan-hop-0c6b5a30eb62560a,45.81603351999999,development,ok,1.0
ok,105.99867640538069,101.77864665872022,565.171336672958,E10,37,CH4LU RX0,1.020278635000011,91,565.171336672958,production_score_weight,,91,101.77864665872022,45.81603351999999,1.0,5000000,2,scan-hop-0c6b5a30eb62560a,45.81603351999999,development,ok,1.0
ok,107.11157303509299,101.73430830210025,672.3014870111202,E10,37,CH4LU RX0,1.020278635000011,91,691.0696448218005,integer_epoch,,91,106.39790336406729,45.81603351999999,1.0,5000000,2,scan-hop-0c6b5a30eb62560a,45.81603351999999,development,ok,1.0
ok,100.39406744629346,94.27793611084644,143.29158558424638,E11,35,CH1LU RX0+1,1.0144144950000111,83,143.29158558424638,baseline,,83,94.27793611084644,33.23322889800002,1.0,5000000,4,scan-hop-0c6b5a30eb62560a,33.23322889800002,development,ok,1.0
ok,100.39406744629346,94.27793611084644,143.29158558424638,E11,35,CH1LU RX0+1,1.0144144950000111,83,143.29158558424638,margin_0.05,,83,94.27793611084644,33.23322889800002,1.0,5000000,4,scan-hop-0c6b5a30eb62560a,33.23322889800002,development,ok,1.0
ok,100.39406744629346,94.27793611084644,143.29158558424638,E11,35,CH1LU RX0+1,1.0144144950000111,83,143.29158558424638,margin_0.075,,83,94.27793611084644,33.23322889800002,1.0,5000000,4,scan-hop-0c6b5a30eb62560a,33.23322889800002,development,ok,1.0
ok,100.39406744629346,94.27793611084644,143.29158558424638,E11,35,CH1LU RX0+1,1.0144144950000111,83,143.29158558424638,margin_0.1,,83,94.27793611084644,33.23322889800002,1.0,5000000,4,scan-hop-0c6b5a30eb62560a,33.23322889800002,development,ok,1.0
ok,103.37431340445411,96.97704509072605,285.34769697373207,E11,35,CH1LU RX0+1,1.0144144950000111,83,285.34769697373207,margin_0.15,,82,89.58954115172281,32.22789273400002,0.9879518072289156,5000000,4,scan-hop-0c6b5a30eb62560a,33.23322889800002,development,ok,0.9791666666666666
ok,100.19562382439717,96.69080353023183,173.30918162464954,E11,35,CH1LU RX0+1,1.0144144950000111,83,173.30918162464954,margin_0.2,,80,85.4097542113267,30.217325750000015,0.963855421686747,5000000,4,scan-hop-0c6b5a30eb62560a,33.23322889800002,development,ok,0.9375
ok,146.8045852855522,102.98664621876411,164.01918053772062,E11,35,CH1LU RX0+1,10.081057745999999,83,164.01918053772062,top_1,,43,81.62990644429469,33.23322889800002,0.5180722891566265,5000000,4,scan-hop-0c6b5a30eb62560a,33.23322889800002,development,ok,0.5833333333333334
ok,132.7347618743809,101.31454633723325,135.68165980841445,E11,35,CH1LU RX0+1,10.061388873999988,83,135.68165980841445,top_2,,70,74.83264248177366,33.23322889800002,0.8433734939759037,5000000,4,scan-hop-0c6b5a30eb62560a,33.23322889800002,development,ok,0.7708333333333334
ok,110.42261530380758,99.12501764799222,73.98288034425237,E11,35,CH1LU RX0+1,6.036522471999973,83,73.98288034425237,top_4,,73,77.16739595071024,33.23322889800002,0.8795180722891566,5000000,4,scan-hop-0c6b5a30eb62560a,33.23322889800002,development,ok,0.8125
ok,100.48508959380791,94.44057153735677,151.0502116595988,E11,35,CH1LU RX0+1,1.0144144950000111,83,151.0502116595988,bounded_score_weight,,83,94.44057153735677,33.23322889800002,1.0,5000000,4,scan-hop-0c6b5a30eb62560a,33.23322889800002,development,ok,1.0
ok,100.75411251780562,94.35621085348988,175.0074069532118,E11,35,CH1LU RX0+1,1.0144144950000111,83,175.0074069532118,production_score_weight,,83,94.35621085348988,33.23322889800002,1.0,5000000,4,scan-hop-0c6b5a30eb62560a,33.23322889800002,development,ok,1.0
ok,101.02229654642373,95.17034346305945,103.2111382851315,E11,35,CH1LU RX0+1,1.0144144950000111,83,103.2111382851315,integer_epoch,,83,92.03994426254754,33.23322889800002,1.0,5000000,4,scan-hop-0c6b5a30eb62560a,33.23322889800002,development,ok,1.0
ok,72.91465911936635,67.61807974737299,155.70566130371344,E13,57,CH3LU RX0+1,1.0210876280000036,139,155.70566130371344,baseline,,139,67.61807974737299,49.331374017,1.0,5000000,5,scan-hop-0c6b5a30eb62560a,49.331374017,development,ok,1.0
ok,72.91465911936635,67.61807974737299,155.70566130371344,E13,57,CH3LU RX0+1,1.0210876280000036,139,155.70566130371344,margin_0.05,,139,67.61807974737299,49.331374017,1.0,5000000,5,scan-hop-0c6b5a30eb62560a,49.331374017,development,ok,1.0
ok,72.91465911936635,67.61807974737299,155.70566130371344,E13,57,CH3LU RX0+1,1.0210876280000036,139,155.70566130371344,margin_0.075,,139,67.61807974737299,49.331374017,1.0,5000000,5,scan-hop-0c6b5a30eb62560a,49.331374017,development,ok,1.0
ok,72.91465911936635,67.61807974737299,155.70566130371344,E13,57,CH3LU RX0+1,1.0210876280000036,139,155.70566130371344,margin_0.1,,139,67.61807974737299,49.331374017,1.0,5000000,5,scan-hop-0c6b5a30eb62560a,49.331374017,development,ok,1.0
ok,72.91465911936635,67.61807974737299,155.70566130371344,E13,57,CH3LU RX0+1,1.0210876280000036,139,155.70566130371344,margin_0.15,,139,67.61807974737299,49.331374017,1.0,5000000,5,scan-hop-0c6b5a30eb62560a,49.331374017,development,ok,1.0
ok,73.2684400242154,67.69976687311978,170.68362443425985,E13,57,CH3LU RX0+1,2.012013634999988,139,170.68362443425985,margin_0.2,,137,67.54877150214364,48.32336558199998,0.9856115107913669,5000000,5,scan-hop-0c6b5a30eb62560a,49.331374017,development,ok,0.975609756097561
ok,73.88668923053899,69.97862147621791,157.5809563198244,E13,57,CH3LU RX0+1,4.025326038999992,139,157.5809563198244,top_1,,85,62.27410765142852,45.802604099999996,0.6115107913669064,5000000,5,scan-hop-0c6b5a30eb62560a,49.331374017,development,ok,0.6585365853658537
ok,73.98473223169128,67.92199786396958,185.47519478312333,E13,57,CH3LU RX0+1,5.037371087999986,139,185.47519478312333,top_2,,121,60.98566905762191,48.32336558199998,0.8705035971223022,5000000,5,scan-hop-0c6b5a30eb62560a,49.331374017,development,ok,0.9024390243902439
ok,73.06216424395294,67.62555227053906,173.9689076942048,E13,57,CH3LU RX0+1,3.022084922999994,139,173.9689076942048,top_4,,129,61.64581412724696,48.32336558199998,0.9280575539568345,5000000,5,scan-hop-0c6b5a30eb62560a,49.331374017,development,ok,0.9512195121951219
ok,72.8044038302917,67.68890279361729,136.84345623994705,E13,57,CH3LU RX0+1,1.0210876280000036,139,136.84345623994705,bounded_score_weight,,139,67.68890279361729,49.331374017,1.0,5000000,5,scan-hop-0c6b5a30eb62560a,49.331374017,development,ok,1.0
ok,72.83426055978262,67.6718700935575,138.0605219610537,E13,57,CH3LU RX0+1,1.0210876280000036,139,138.0605219610537,production_score_weight,,139,67.6718700935575,49.331374017,1.0,5000000,5,scan-hop-0c6b5a30eb62560a,49.331374017,development,ok,1.0
ok,72.91465911936635,67.61807974737299,155.70566130371344,E13,57,CH3LU RX0+1,1.0210876280000036,139,155.70566130371344,integer_epoch,,139,67.61807974737299,49.331374017,1.0,5000000,5,scan-hop-0c6b5a30eb62560a,49.331374017,development,ok,1.0
ok,289.25970471104023,249.70686120118432,713.496091279436,E14,46,CH4LU RX0+1,1.014604592000012,113,713.496091279436,baseline,,113,249.70686120118432,50.828035922,1.0,5000000,3,scan-hop-0c6b5a30eb62560a,50.828035922,development,ok,1.0
ok,289.25970471104023,249.70686120118432,713.496091279436,E14,46,CH4LU RX0+1,1.014604592000012,113,713.496091279436,margin_0.05,,113,249.70686120118432,50.828035922,1.0,5000000,3,scan-hop-0c6b5a30eb62560a,50.828035922,development,ok,1.0
ok,289.25970471104023,249.70686120118432,713.496091279436,E14,46,CH4LU RX0+1,1.014604592000012,113,713.496091279436,margin_0.075,,113,249.70686120118432,50.828035922,1.0,5000000,3,scan-hop-0c6b5a30eb62560a,50.828035922,development,ok,1.0
ok,289.25970471104023,249.70686120118432,713.496091279436,E14,46,CH4LU RX0+1,1.014604592000012,113,713.496091279436,margin_0.1,,113,249.70686120118432,50.828035922,1.0,5000000,3,scan-hop-0c6b5a30eb62560a,50.828035922,development,ok,1.0
ok,290.1113643664828,249.7071492483122,712.6528288332819,E14,46,CH4LU RX0+1,2.0133487440000124,113,712.6528288332819,margin_0.15,,112,250.81567266269565,50.828035922,0.9911504424778761,5000000,3,scan-hop-0c6b5a30eb62560a,50.828035922,development,ok,0.9850746268656716
ok,290.8601616723021,249.70880429434658,714.1398505904915,E14,46,CH4LU RX0+1,3.018689375000008,113,714.1398505904915,margin_0.2,,111,251.9334479307992,50.828035922,0.9823008849557522,5000000,3,scan-hop-0c6b5a30eb62560a,50.828035922,development,ok,0.9701492537313433
ok,303.8415807958435,254.49428351469612,1011.2564478297754,E14,46,CH4LU RX0+1,11.061328316000015,113,1011.2564478297754,top_1,,52,196.5956773512998,49.814709725,0.46017699115044247,5000000,3,scan-hop-0c6b5a30eb62560a,50.828035922,development,ok,0.3880597014925373
ok,296.04953388518027,253.43934666356563,677.3685953283558,E14,46,CH4LU RX0+1,4.025342690000002,113,677.3685953283558,top_2,,87,246.4629409618597,49.814709725,0.7699115044247787,5000000,3,scan-hop-0c6b5a30eb62560a,50.828035922,development,ok,0.7164179104477612
ok,284.91905874797646,251.77371973178296,575.0899748523341,E14,46,CH4LU RX0+1,6.038228875999977,113,575.0899748523341,top_4,,95,245.86235357388372,50.828035922,0.8407079646017699,5000000,3,scan-hop-0c6b5a30eb62560a,50.828035922,development,ok,0.8059701492537313
ok,297.0732380523571,250.59799696671826,705.7504018842262,E14,46,CH4LU RX0+1,1.014604592000012,113,705.7504018842262,bounded_score_weight,,113,250.59799696671826,50.828035922,1.0,5000000,3,scan-hop-0c6b5a30eb62560a,50.828035922,development,ok,1.0
ok,297.42266711049444,250.59752450782048,704.8060750879409,E14,46,CH4LU RX0+1,1.014604592000012,113,704.8060750879409,production_score_weight,,113,250.59752450782048,50.828035922,1.0,5000000,3,scan-hop-0c6b5a30eb62560a,50.828035922,development,ok,1.0
ok,290.5386283280888,250.48731038845222,773.0072763671758,E14,46,CH4LU RX0+1,1.014604592000012,113,775.7645451953523,integer_epoch,,113,249.4264381289829,50.828035922,1.0,5000000,3,scan-hop-0c6b5a30eb62560a,50.828035922,development,ok,1.0
ok,483.2458477580719,319.0169015752577,6760.753019330589,E15,14,CH4L RX1,1.0146046129999888,35,6760.753019330589,baseline,,35,319.0169015752577,34.206918433,1.0,5000000,1,scan-hop-0c6b5a30eb62560a,34.206918433,development,ok,1.0
ok,483.2458477580719,319.0169015752577,6760.753019330589,E15,14,CH4L RX1,1.0146046129999888,35,6760.753019330589,margin_0.05,,35,319.0169015752577,34.206918433,1.0,5000000,1,scan-hop-0c6b5a30eb62560a,34.206918433,development,ok,1.0
ok,483.2458477580719,319.0169015752577,6760.753019330589,E15,14,CH4L RX1,1.0146046129999888,35,6760.753019330589,margin_0.075,,35,319.0169015752577,34.206918433,1.0,5000000,1,scan-hop-0c6b5a30eb62560a,34.206918433,development,ok,1.0
ok,483.2458477580719,319.0169015752577,6760.753019330589,E15,14,CH4L RX1,1.0146046129999888,35,6760.753019330589,margin_0.1,,35,319.0169015752577,34.206918433,1.0,5000000,1,scan-hop-0c6b5a30eb62560a,34.206918433,development,ok,1.0
ok,469.1220694316429,329.4759636767038,7712.937595183482,E15,14,CH4L RX1,1.0146046129999888,35,7712.937595183482,margin_0.15,,34,304.9029534727261,33.199871145,0.9714285714285714,5000000,1,scan-hop-0c6b5a30eb62560a,34.206918433,development,ok,0.9523809523809523
ok,469.1220694316429,329.4759636767038,7712.937595183482,E15,14,CH4L RX1,1.0146046129999888,35,7712.937595183482,margin_0.2,,34,304.9029534727261,33.199871145,0.9714285714285714,5000000,1,scan-hop-0c6b5a30eb62560a,34.206918433,development,ok,0.9523809523809523
ok,6156.685292438735,448.1741109429187,9733.323453298177,E15,14,CH4L RX1,12.07730784200001,35,9733.323453298177,top_1,,10,205.42481057571555,29.17852351800002,0.2857142857142857,5000000,1,scan-hop-0c6b5a30eb62560a,34.206918433,development,ok,0.38095238095238093
ok,557.6330312891181,322.3542620675718,7098.110071421083,E15,14,CH4L RX1,4.024398936999972,35,7098.110071421083,top_2,,30,335.73278886762205,34.206918433,0.8571428571428571,5000000,1,scan-hop-0c6b5a30eb62560a,34.206918433,development,ok,0.8095238095238095
ok,484.7273785720086,319.09699864003073,6932.674146224685,E15,14,CH4L RX1,2.01150465500001,35,6932.674146224685,top_4,,33,327.3420295588389,34.206918433,0.9428571428571428,5000000,1,scan-hop-0c6b5a30eb62560a,34.206918433,development,ok,0.9523809523809523
ok,488.0774062469329,323.66871977410364,6985.334801315393,E15,14,CH4L RX1,1.0146046129999888,35,6985.334801315393,bounded_score_weight,,35,323.66871977410364,34.206918433,1.0,5000000,1,scan-hop-0c6b5a30eb62560a,34.206918433,development,ok,1.0
ok,481.4885727949797,332.5425375228885,7333.406013184926,E15,14,CH4L RX1,1.0146046129999888,35,7333.406013184926,production_score_weight,,35,332.5425375228885,34.206918433,1.0,5000000,1,scan-hop-0c6b5a30eb62560a,34.206918433,development,ok,1.0
ok,483.2458477580719,319.0169015752577,6760.753019330589,E15,14,CH4L RX1,1.0146046129999888,35,6760.753019330589,integer_epoch,,35,319.0169015752577,34.206918433,1.0,5000000,1,scan-hop-0c6b5a30eb62560a,34.206918433,development,ok,1.0
ok,180.55532570401604,166.6151409916081,441.75295937871005,E02,36,CH2LU RX0+1,1.0146157879999986,87,441.75295937871005,baseline,,87,166.6151409916081,38.196327097,1.0,2500000,3,scan-hop-24581756098baa21,38.196327097,development,ok,1.0
ok,180.55532570401604,166.6151409916081,441.75295937871005,E02,36,CH2LU RX0+1,1.0146157879999986,87,441.75295937871005,margin_0.05,,87,166.6151409916081,38.196327097,1.0,2500000,3,scan-hop-24581756098baa21,38.196327097,development,ok,1.0
ok,180.55532570401604,166.6151409916081,441.75295937871005,E02,36,CH2LU RX0+1,1.0146157879999986,87,441.75295937871005,margin_0.075,,87,166.6151409916081,38.196327097,1.0,2500000,3,scan-hop-24581756098baa21,38.196327097,development,ok,1.0
ok,180.55532570401604,166.6151409916081,441.75295937871005,E02,36,CH2LU RX0+1,1.0146157879999986,87,441.75295937871005,margin_0.1,,87,166.6151409916081,38.196327097,1.0,2500000,3,scan-hop-24581756098baa21,38.196327097,development,ok,1.0
ok,180.55532570401604,166.6151409916081,441.75295937871005,E02,36,CH2LU RX0+1,1.0146157879999986,87,441.75295937871005,margin_0.15,,87,166.6151409916081,38.196327097,1.0,2500000,3,scan-hop-24581756098baa21,38.196327097,development,ok,1.0
ok,180.55532570401604,166.6151409916081,441.75295937871005,E02,36,CH2LU RX0+1,1.0146157879999986,87,441.75295937871005,margin_0.2,,87,166.6151409916081,38.196327097,1.0,2500000,3,scan-hop-24581756098baa21,38.196327097,development,ok,1.0
ok,178.301331716148,170.80252236196625,455.03883631341574,E02,36,CH2LU RX0+1,14.085390268,87,455.03883631341574,top_1,,36,162.5977777426611,35.67723293700001,0.41379310344827586,2500000,3,scan-hop-24581756098baa21,38.196327097,development,ok,0.4117647058823529
ok,178.52856652691895,173.9493000772821,451.34042722324057,E02,36,CH2LU RX0+1,10.066749522,87,451.34042722324057,top_2,,61,136.32061157441726,35.67723293700001,0.7011494252873564,2500000,3,scan-hop-24581756098baa21,38.196327097,development,ok,0.6666666666666666
ok,180.24600294812296,167.91247256748719,428.81035152494957,E02,36,CH2LU RX0+1,5.033324101,87,428.81035152494957,top_4,,72,175.97231591886387,36.182567873,0.8275862068965517,2500000,3,scan-hop-24581756098baa21,38.196327097,development,ok,0.7843137254901961
ok,181.03313106662284,166.68328650019413,409.8219521537879,E02,36,CH2LU RX0+1,1.0146157879999986,87,409.8219521537879,bounded_score_weight,,87,166.68328650019413,38.196327097,1.0,2500000,3,scan-hop-24581756098baa21,38.196327097,development,ok,1.0
ok,181.03313106661994,166.68328650019285,409.8219521537774,E02,36,CH2LU RX0+1,1.0146157879999986,87,409.8219521537774,production_score_weight,,87,166.68328650019285,38.196327097,1.0,2500000,3,scan-hop-24581756098baa21,38.196327097,development,ok,1.0
ok,180.55532570401604,166.6151409916081,441.75295937871005,E02,36,CH2LU RX0+1,1.0146157879999986,87,441.75295937871005,integer_epoch,,87,166.6151409916081,38.196327097,1.0,2500000,3,scan-hop-24581756098baa21,38.196327097,development,ok,1.0
ok,112.39267216291522,104.64731422266631,156.13276015327645,E11,47,CH1LU RX0+1,1.0120000259999813,113,156.13276015327645,baseline,,113,104.64731422266631,34.161585022,1.0,2500000,4,scan-hop-24581756098baa21,34.161585022,development,ok,1.0
ok,112.39267216291522,104.64731422266631,156.13276015327645,E11,47,CH1LU RX0+1,1.0120000259999813,113,156.13276015327645,margin_0.05,,113,104.64731422266631,34.161585022,1.0,2500000,4,scan-hop-24581756098baa21,34.161585022,development,ok,1.0
ok,112.39267216291522,104.64731422266631,156.13276015327645,E11,47,CH1LU RX0+1,1.0120000259999813,113,156.13276015327645,margin_0.075,,113,104.64731422266631,34.161585022,1.0,2500000,4,scan-hop-24581756098baa21,34.161585022,development,ok,1.0
ok,112.39267216291522,104.64731422266631,156.13276015327645,E11,47,CH1LU RX0+1,1.0120000259999813,113,156.13276015327645,margin_0.1,,113,104.64731422266631,34.161585022,1.0,2500000,4,scan-hop-24581756098baa21,34.161585022,development,ok,1.0
ok,112.39267216291522,104.64731422266631,156.13276015327645,E11,47,CH1LU RX0+1,1.0120000259999813,113,156.13276015327645,margin_0.15,,113,104.64731422266631,34.161585022,1.0,2500000,4,scan-hop-24581756098baa21,34.161585022,development,ok,1.0
ok,112.39267216291522,104.64731422266631,156.13276015327645,E11,47,CH1LU RX0+1,1.0120000259999813,113,156.13276015327645,margin_0.2,,113,104.64731422266631,34.161585022,1.0,2500000,4,scan-hop-24581756098baa21,34.161585022,development,ok,1.0
ok,118.53161862995339,119.1154096810288,466.419266229586,E11,47,CH1LU RX0+1,13.069184153000009,113,466.419266229586,top_1,,41,66.82421908353346,33.66117536600001,0.36283185840707965,2500000,4,scan-hop-24581756098baa21,34.161585022,development,ok,0.36363636363636365
ok,114.34038108424286,113.72781889013987,497.19266748836236,E11,47,CH1LU RX0+1,6.028158988000001,113,497.19266748836236,top_2,,67,64.88332746659428,33.66117536600001,0.5929203539823009,2500000,4,scan-hop-24581756098baa21,34.161585022,development,ok,0.5606060606060606
ok,116.30646439797758,107.07766023971239,425.0999127163214,E11,47,CH1LU RX0+1,4.012007979999993,113,425.0999127163214,top_4,,91,88.92843257143227,33.66117536600001,0.8053097345132744,2500000,4,scan-hop-24581756098baa21,34.161585022,development,ok,0.7575757575757576
ok,114.45493433761307,104.92290550818109,191.51680293527065,E11,47,CH1LU RX0+1,1.0120000259999813,113,191.51680293527065,bounded_score_weight,,113,104.92290550818109,34.161585022,1.0,2500000,4,scan-hop-24581756098baa21,34.161585022,development,ok,1.0
ok,114.45830963838151,104.94990850098014,187.60003118656633,E11,47,CH1LU RX0+1,1.0120000259999813,113,187.60003118656633,production_score_weight,,113,104.94990850098014,34.161585022,1.0,2500000,4,scan-hop-24581756098baa21,34.161585022,development,ok,1.0
ok,110.93187465084205,106.61607506144408,519.6910815998885,E11,47,CH1LU RX0+1,1.0120000259999813,113,519.6910815998885,integer_epoch,,113,111.27286820802951,34.161585022,1.0,2500000,4,scan-hop-24581756098baa21,34.161585022,development,ok,1.0
ok,150.68758069887542,142.38579112024593,1476.2364841265858,E05,81,CH2LU RX0+1,1.0127686440000048,200,1476.2364841265858,baseline,,200,142.38579112024593,55.852030154999994,1.0,5000000,4,scan-hop-3eac90257e476cda,55.852030154999994,development,ok,1.0
ok,150.68758069887542,142.38579112024593,1476.2364841265858,E05,81,CH2LU RX0+1,1.0127686440000048,200,1476.2364841265858,margin_0.05,,200,142.38579112024593,55.852030154999994,1.0,5000000,4,scan-hop-3eac90257e476cda,55.852030154999994,development,ok,1.0
ok,150.68758069887542,142.38579112024593,1476.2364841265858,E05,81,CH2LU RX0+1,1.0127686440000048,200,1476.2364841265858,margin_0.075,,200,142.38579112024593,55.852030154999994,1.0,5000000,4,scan-hop-3eac90257e476cda,55.852030154999994,development,ok,1.0
ok,150.68758069887542,142.38579112024593,1476.2364841265858,E05,81,CH2LU RX0+1,1.0127686440000048,200,1476.2364841265858,margin_0.1,,200,142.38579112024593,55.852030154999994,1.0,5000000,4,scan-hop-3eac90257e476cda,55.852030154999994,development,ok,1.0
ok,150.68758069887542,142.38579112024593,1476.2364841265858,E05,81,CH2LU RX0+1,1.0127686440000048,200,1476.2364841265858,margin_0.15,,200,142.38579112024593,55.852030154999994,1.0,5000000,4,scan-hop-3eac90257e476cda,55.852030154999994,development,ok,1.0
ok,150.68758069887542,142.38579112024593,1476.2364841265858,E05,81,CH2LU RX0+1,1.0127686440000048,200,1476.2364841265858,margin_0.2,,200,142.38579112024593,55.852030154999994,1.0,5000000,4,scan-hop-3eac90257e476cda,55.852030154999994,development,ok,1.0
ok,151.70409310599786,151.20553266504825,521.596608726359,E05,81,CH2LU RX0+1,29.191955481999997,200,521.596608726359,top_1,,55,107.00728940060894,54.84668771,0.275,5000000,4,scan-hop-3eac90257e476cda,55.852030154999994,development,ok,0.2689075630252101
ok,151.6815376599452,149.77215524821193,487.10346737237364,E05,81,CH2LU RX0+1,20.12801261499999,200,487.10346737237364,top_2,,103,101.5988517723995,54.84668771,0.515,5000000,4,scan-hop-3eac90257e476cda,55.852030154999994,development,ok,0.5126050420168067
ok,150.48733988351088,144.18653716282347,1267.9904277387134,E05,81,CH2LU RX0+1,5.034684848000012,200,1267.9904277387134,top_4,,177,132.3059021728776,55.852030154999994,0.885,5000000,4,scan-hop-3eac90257e476cda,55.852030154999994,development,ok,0.8907563025210085
ok,150.12623812179805,142.908390542868,1275.3069697883873,E05,81,CH2LU RX0+1,1.0127686440000048,200,1275.3069697883873,bounded_score_weight,,200,142.908390542868,55.852030154999994,1.0,5000000,4,scan-hop-3eac90257e476cda,55.852030154999994,development,ok,1.0
ok,149.94786709952913,142.94288611628247,1240.590667496834,E05,81,CH2LU RX0+1,1.0127686440000048,200,1240.590667496834,production_score_weight,,200,142.94288611628247,55.852030154999994,1.0,5000000,4,scan-hop-3eac90257e476cda,55.852030154999994,development,ok,1.0
ok,150.22197919179112,143.12015489348724,1505.2784398274077,E05,81,CH2LU RX0+1,1.0127686440000048,200,1499.796930789507,integer_epoch,,200,134.24071246616896,55.852030154999994,1.0,5000000,4,scan-hop-3eac90257e476cda,55.852030154999994,development,ok,1.0
ok,119.482117404408,112.02063311376796,275.14326138747003,E06,38,CH3LU RX0+1,1.0129553190000138,94,275.14326138747003,baseline,,94,112.02063311376796,36.730762236000004,1.0,5000000,3,scan-hop-3eac90257e476cda,36.730762236000004,development,ok,1.0
ok,119.482117404408,112.02063311376796,275.14326138747003,E06,38,CH3LU RX0+1,1.0129553190000138,94,275.14326138747003,margin_0.05,,94,112.02063311376796,36.730762236000004,1.0,5000000,3,scan-hop-3eac90257e476cda,36.730762236000004,development,ok,1.0
ok,119.482117404408,112.02063311376796,275.14326138747003,E06,38,CH3LU RX0+1,1.0129553190000138,94,275.14326138747003,margin_0.075,,94,112.02063311376796,36.730762236000004,1.0,5000000,3,scan-hop-3eac90257e476cda,36.730762236000004,development,ok,1.0
ok,119.482117404408,112.02063311376796,275.14326138747003,E06,38,CH3LU RX0+1,1.0129553190000138,94,275.14326138747003,margin_0.1,,94,112.02063311376796,36.730762236000004,1.0,5000000,3,scan-hop-3eac90257e476cda,36.730762236000004,development,ok,1.0
ok,120.06598402006874,112.63546105563165,135.16279597600365,E06,38,CH3LU RX0+1,2.0120158000000004,94,135.16279597600365,margin_0.15,,92,111.08200880717806,35.725419904999995,0.9787234042553191,5000000,3,scan-hop-3eac90257e476cda,36.730762236000004,development,ok,0.9642857142857143
ok,120.06598402006874,112.63546105563165,135.16279597600365,E06,38,CH3LU RX0+1,2.0120158000000004,94,135.16279597600365,margin_0.2,,92,111.08200880717806,35.725419904999995,0.9787234042553191,5000000,3,scan-hop-3eac90257e476cda,36.730762236000004,development,ok,0.9642857142857143
,,,,E06,38,CH3LU RX0+1,,94,,top_1,fewer than four training observations in a source segment,27,,,0.2872340425531915,5000000,3,scan-hop-3eac90257e476cda,36.730762236000004,development,insufficient_support,0.23214285714285715
ok,118.76716588828225,116.28049916766027,411.3388074669002,E06,38,CH3LU RX0+1,11.069234185999989,94,411.3388074669002,top_2,,49,60.5441794026486,34.217407057,0.5212765957446809,5000000,3,scan-hop-3eac90257e476cda,36.730762236000004,development,ok,0.42857142857142855
ok,121.08914284255556,112.34736809515063,139.1131791603002,E06,38,CH3LU RX0+1,3.018030842999991,94,139.1131791603002,top_4,,81,100.19980570094096,35.725419904999995,0.8617021276595744,5000000,3,scan-hop-3eac90257e476cda,36.730762236000004,development,ok,0.8392857142857143
ok,119.39055124046318,112.29112288569519,350.81545657355093,E06,38,CH3LU RX0+1,1.0129553190000138,94,350.81545657355093,bounded_score_weight,,94,112.29112288569519,36.730762236000004,1.0,5000000,3,scan-hop-3eac90257e476cda,36.730762236000004,development,ok,1.0
ok,119.93251189607074,112.90481448203444,288.14822817874534,E06,38,CH3LU RX0+1,1.0129553190000138,94,288.14822817874534,production_score_weight,,94,112.90481448203444,36.730762236000004,1.0,5000000,3,scan-hop-3eac90257e476cda,36.730762236000004,development,ok,1.0
ok,119.482117404408,112.02063311376796,275.14326138747003,E06,38,CH3LU RX0+1,1.0129553190000138,94,275.14326138747003,integer_epoch,,94,112.02063311376796,36.730762236000004,1.0,5000000,3,scan-hop-3eac90257e476cda,36.730762236000004,development,ok,1.0
ok,191.1351778431202,117.039323196249,1992.17735747321,E07,13,CH3L RX0,1.012955336999994,32,1992.17735747321,baseline,,32,117.039323196249,31.20004996100002,1.0,5000000,1,scan-hop-3eac90257e476cda,31.20004996100002,development,ok,1.0
ok,191.1351778431202,117.039323196249,1992.17735747321,E07,13,CH3L RX0,1.012955336999994,32,1992.17735747321,margin_0.05,,32,117.039323196249,31.20004996100002,1.0,5000000,1,scan-hop-3eac90257e476cda,31.20004996100002,development,ok,1.0
ok,191.1351778431202,117.039323196249,1992.17735747321,E07,13,CH3L RX0,1.012955336999994,32,1992.17735747321,margin_0.075,,32,117.039323196249,31.20004996100002,1.0,5000000,1,scan-hop-3eac90257e476cda,31.20004996100002,development,ok,1.0
ok,191.1351778431202,117.039323196249,1992.17735747321,E07,13,CH3L RX0,1.012955336999994,32,1992.17735747321,margin_0.1,,32,117.039323196249,31.20004996100002,1.0,5000000,1,scan-hop-3eac90257e476cda,31.20004996100002,development,ok,1.0
ok,191.1351778431202,117.039323196249,1992.17735747321,E07,13,CH3L RX0,1.012955336999994,32,1992.17735747321,margin_0.15,,32,117.039323196249,31.20004996100002,1.0,5000000,1,scan-hop-3eac90257e476cda,31.20004996100002,development,ok,1.0
ok,191.1351778431202,117.039323196249,1992.17735747321,E07,13,CH3L RX0,1.012955336999994,32,1992.17735747321,margin_0.2,,32,117.039323196249,31.20004996100002,1.0,5000000,1,scan-hop-3eac90257e476cda,31.20004996100002,development,ok,1.0
ok,155.06817580714278,140.90542578481092,26557.652292317693,E07,13,CH3L RX0,10.062837815999984,32,26557.652292317693,top_1,,19,90.46934450417002,31.20004996100002,0.59375,5000000,1,scan-hop-3eac90257e476cda,31.20004996100002,development,ok,0.42105263157894735
ok,199.346830123011,117.24362338100234,4639.972662331702,E07,13,CH3L RX0,7.042919650999977,32,4639.972662331702,top_2,,25,123.07131269791486,31.20004996100002,0.78125,5000000,1,scan-hop-3eac90257e476cda,31.20004996100002,development,ok,0.6842105263157895
ok,185.44503954046215,117.22305455595124,1780.2360863943334,E07,13,CH3L RX0,3.0184520779999957,32,1780.2360863943334,top_4,,27,121.38365637010658,31.20004996100002,0.84375,5000000,1,scan-hop-3eac90257e476cda,31.20004996100002,development,ok,0.7894736842105263
ok,190.05759427704476,117.48799004869069,2023.9027227403128,E07,13,CH3L RX0,1.012955336999994,32,2023.9027227403128,bounded_score_weight,,32,117.48799004869069,31.20004996100002,1.0,5000000,1,scan-hop-3eac90257e476cda,31.20004996100002,development,ok,1.0
ok,190.05759427704746,117.48799004868968,2023.9027227403421,E07,13,CH3L RX0,1.012955336999994,32,2023.9027227403421,production_score_weight,,32,117.48799004868968,31.20004996100002,1.0,5000000,1,scan-hop-3eac90257e476cda,31.20004996100002,development,ok,1.0
ok,175.72061869479856,119.48452774325857,1254.0085623806228,E07,13,CH3L RX0,1.012955336999994,32,1254.0085623806228,integer_epoch,,32,117.95959308775633,31.20004996100002,1.0,5000000,1,scan-hop-3eac90257e476cda,31.20004996100002,development,ok,1.0
ok,70.22446874840841,64.05150696801022,129.79489161206402,E07,24,CH3LU RX1,1.0146706199999969,57,129.79489161206402,baseline,,57,64.05150696801022,35.196176505000004,1.0,2500000,2,scan-hop-09b5799e63dddaed,35.196176505000004,development,ok,1.0
ok,70.22446874840841,64.05150696801022,129.79489161206402,E07,24,CH3LU RX1,1.0146706199999969,57,129.79489161206402,margin_0.05,,57,64.05150696801022,35.196176505000004,1.0,2500000,2,scan-hop-09b5799e63dddaed,35.196176505000004,development,ok,1.0
ok,70.22446874840841,64.05150696801022,129.79489161206402,E07,24,CH3LU RX1,1.0146706199999969,57,129.79489161206402,margin_0.075,,57,64.05150696801022,35.196176505000004,1.0,2500000,2,scan-hop-09b5799e63dddaed,35.196176505000004,development,ok,1.0
ok,70.22446874840841,64.05150696801022,129.79489161206402,E07,24,CH3LU RX1,1.0146706199999969,57,129.79489161206402,margin_0.1,,57,64.05150696801022,35.196176505000004,1.0,2500000,2,scan-hop-09b5799e63dddaed,35.196176505000004,development,ok,1.0
ok,70.22446874840841,64.05150696801022,129.79489161206402,E07,24,CH3LU RX1,1.0146706199999969,57,129.79489161206402,margin_0.15,,57,64.05150696801022,35.196176505000004,1.0,2500000,2,scan-hop-09b5799e63dddaed,35.196176505000004,development,ok,1.0
ok,70.22446874840841,64.05150696801022,129.79489161206402,E07,24,CH3LU RX1,1.0146706199999969,57,129.79489161206402,margin_0.2,,57,64.05150696801022,35.196176505000004,1.0,2500000,2,scan-hop-09b5799e63dddaed,35.196176505000004,development,ok,1.0
ok,70.52106571277454,70.6377936752682,376.0826016205589,E07,24,CH3LU RX1,8.038720009000002,57,376.0826016205589,top_1,,28,24.22500959095049,31.180138319,0.49122807017543857,2500000,2,scan-hop-09b5799e63dddaed,35.196176505000004,development,ok,0.48484848484848486
ok,70.68100116293989,68.20018198388811,254.73447444771784,E07,24,CH3LU RX1,3.032841636999997,57,254.73447444771784,top_2,,47,24.79803597571995,35.196176505000004,0.8245614035087719,2500000,2,scan-hop-09b5799e63dddaed,35.196176505000004,development,ok,0.8484848484848485
ok,69.9759735178095,64.20305601726658,129.79489161206402,E07,24,CH3LU RX1,2.0248373669999964,57,129.79489161206402,top_4,,55,61.80680128233678,35.196176505000004,0.9649122807017544,2500000,2,scan-hop-09b5799e63dddaed,35.196176505000004,development,ok,1.0
ok,70.04413242595633,64.05988880431987,136.09404496381023,E07,24,CH3LU RX1,1.0146706199999969,57,136.09404496381023,bounded_score_weight,,57,64.05988880431987,35.196176505000004,1.0,2500000,2,scan-hop-09b5799e63dddaed,35.196176505000004,development,ok,1.0
ok,70.04413242595813,64.05988880432191,136.09404496376962,E07,24,CH3LU RX1,1.0146706199999969,57,136.09404496376962,production_score_weight,,57,64.05988880432191,35.196176505000004,1.0,2500000,2,scan-hop-09b5799e63dddaed,35.196176505000004,development,ok,1.0
ok,81.78163410133278,67.15045679746474,79.39467361753354,E07,24,CH3LU RX1,1.0146706199999969,57,124.66739261024676,integer_epoch,,57,75.91795572075358,35.196176505000004,1.0,2500000,2,scan-hop-09b5799e63dddaed,35.196176505000004,development,ok,1.0
ok,395.0736939741219,378.343015996204,1148.7842789953422,E09,52,CH3LU RX0+1,1.0137355730000053,126,1148.7842789953422,baseline,,126,378.343015996204,50.249307232999996,1.0,2500000,3,scan-hop-09b5799e63dddaed,50.249307232999996,development,ok,1.0
ok,395.0736939741219,378.343015996204,1148.7842789953422,E09,52,CH3LU RX0+1,1.0137355730000053,126,1148.7842789953422,margin_0.05,,126,378.343015996204,50.249307232999996,1.0,2500000,3,scan-hop-09b5799e63dddaed,50.249307232999996,development,ok,1.0
ok,395.0736939741219,378.343015996204,1148.7842789953422,E09,52,CH3LU RX0+1,1.0137355730000053,126,1148.7842789953422,margin_0.075,,126,378.343015996204,50.249307232999996,1.0,2500000,3,scan-hop-09b5799e63dddaed,50.249307232999996,development,ok,1.0
ok,395.0736939741219,378.343015996204,1148.7842789953422,E09,52,CH3LU RX0+1,1.0137355730000053,126,1148.7842789953422,margin_0.1,,126,378.343015996204,50.249307232999996,1.0,2500000,3,scan-hop-09b5799e63dddaed,50.249307232999996,development,ok,1.0
ok,395.0736939741219,378.343015996204,1148.7842789953422,E09,52,CH3LU RX0+1,1.0137355730000053,126,1148.7842789953422,margin_0.15,,126,378.343015996204,50.249307232999996,1.0,2500000,3,scan-hop-09b5799e63dddaed,50.249307232999996,development,ok,1.0
ok,395.4713106019411,378.37504980447875,1146.1366556798837,E09,52,CH3LU RX0+1,1.0137355730000053,126,1146.1366556798837,margin_0.2,,125,379.48638704939526,50.249307232999996,0.9920634920634921,2500000,3,scan-hop-09b5799e63dddaed,50.249307232999996,development,ok,0.9864864864864865
ok,388.1972494944205,384.9945628826651,670.0984307650438,E09,52,CH3LU RX0+1,18.090709450999995,126,670.0984307650438,top_1,,44,115.52218518391645,48.234179565999995,0.3492063492063492,2500000,3,scan-hop-09b5799e63dddaed,50.249307232999996,development,ok,0.25675675675675674
ok,385.52299469880404,382.62427985442355,691.1404268803607,E09,52,CH3LU RX0+1,8.034648945,126,691.1404268803607,top_2,,82,101.19333565668089,49.242643193999996,0.6507936507936508,2500000,3,scan-hop-09b5799e63dddaed,50.249307232999996,development,ok,0.4864864864864865
ok,401.01572342939545,379.7170833813121,822.5842216932003,E09,52,CH3LU RX0+1,5.029342860999989,126,822.5842216932003,top_4,,105,402.29224194153545,50.249307232999996,0.8333333333333334,2500000,3,scan-hop-09b5799e63dddaed,50.249307232999996,development,ok,0.7432432432432432
ok,397.2139747421501,379.35920466981395,1061.1563962100238,E09,52,CH3LU RX0+1,1.0137355730000053,126,1061.1563962100238,bounded_score_weight,,126,379.35920466981395,50.249307232999996,1.0,2500000,3,scan-hop-09b5799e63dddaed,50.249307232999996,development,ok,1.0
ok,397.7205694613843,379.6430400329602,1047.217121476772,E09,52,CH3LU RX0+1,1.0137355730000053,126,1047.217121476772,production_score_weight,,126,379.6430400329602,50.249307232999996,1.0,2500000,3,scan-hop-09b5799e63dddaed,50.249307232999996,development,ok,1.0
ok,394.79019494105086,378.58794600456207,1001.1617733018693,E09,52,CH3LU RX0+1,1.0137355730000053,126,1001.1617733018693,integer_epoch,,126,375.4198630678826,50.249307232999996,1.0,2500000,3,scan-hop-09b5799e63dddaed,50.249307232999996,development,ok,1.0
ok,43.89931866156899,38.203823244161434,81.77346078382479,E10,24,CH4LU RX1,1.0108131020000002,56,81.77346078382479,baseline,,56,38.203823244161434,30.648088506999997,1.0,2500000,3,scan-hop-09b5799e63dddaed,30.648088506999997,development,ok,1.0
ok,43.89931866156899,38.203823244161434,81.77346078382479,E10,24,CH4LU RX1,1.0108131020000002,56,81.77346078382479,margin_0.05,,56,38.203823244161434,30.648088506999997,1.0,2500000,3,scan-hop-09b5799e63dddaed,30.648088506999997,development,ok,1.0
ok,43.89931866156899,38.203823244161434,81.77346078382479,E10,24,CH4LU RX1,1.0108131020000002,56,81.77346078382479,margin_0.075,,56,38.203823244161434,30.648088506999997,1.0,2500000,3,scan-hop-09b5799e63dddaed,30.648088506999997,development,ok,1.0
ok,43.89931866156899,38.203823244161434,81.77346078382479,E10,24,CH4LU RX1,1.0108131020000002,56,81.77346078382479,margin_0.1,,56,38.203823244161434,30.648088506999997,1.0,2500000,3,scan-hop-09b5799e63dddaed,30.648088506999997,development,ok,1.0
ok,43.89931866156899,38.203823244161434,81.77346078382479,E10,24,CH4LU RX1,1.0108131020000002,56,81.77346078382479,margin_0.15,,56,38.203823244161434,30.648088506999997,1.0,2500000,3,scan-hop-09b5799e63dddaed,30.648088506999997,development,ok,1.0
ok,43.68690235064462,38.28673100002638,80.25867529202426,E10,24,CH4LU RX1,2.0040312779999994,56,80.25867529202426,margin_0.2,,55,38.21749238847939,30.648088506999997,0.9821428571428571,2500000,3,scan-hop-09b5799e63dddaed,30.648088506999997,development,ok,0.96875
ok,44.5382194751577,39.35698089913713,78.93251188420096,E10,24,CH4LU RX1,4.024748630000005,56,78.93251188420096,top_1,,36,19.58479715085021,29.64273869200001,0.6428571428571429,2500000,3,scan-hop-09b5799e63dddaed,30.648088506999997,development,ok,0.6875
ok,43.481095069037636,39.71091617855386,79.78258562214567,E10,24,CH4LU RX1,2.0129081869999936,56,79.78258562214567,top_2,,50,19.901674546779102,29.64273869200001,0.8928571428571429,2500000,3,scan-hop-09b5799e63dddaed,30.648088506999997,development,ok,0.9375
ok,43.893489355807475,38.22912297324183,81.31765608834964,E10,24,CH4LU RX1,2.012020872000008,56,81.31765608834964,top_4,,55,38.2275762981575,30.648088506999997,0.9821428571428571,2500000,3,scan-hop-09b5799e63dddaed,30.648088506999997,development,ok,0.96875
ok,44.55806972768214,38.24980010263845,81.5822591615864,E10,24,CH4LU RX1,1.0108131020000002,56,81.5822591615864,bounded_score_weight,,56,38.24980010263845,30.648088506999997,1.0,2500000,3,scan-hop-09b5799e63dddaed,30.648088506999997,development,ok,1.0
ok,44.527442088385655,38.252057955485704,81.36611809132584,E10,24,CH4LU RX1,1.0108131020000002,56,81.36611809132584,production_score_weight,,56,38.252057955485704,30.648088506999997,1.0,2500000,3,scan-hop-09b5799e63dddaed,30.648088506999997,development,ok,1.0
ok,43.89931866156899,38.203823244161434,81.77346078382479,E10,24,CH4LU RX1,1.0108131020000002,56,81.77346078382479,integer_epoch,,56,38.203823244161434,30.648088506999997,1.0,2500000,3,scan-hop-09b5799e63dddaed,30.648088506999997,development,ok,1.0
ok,102.64723577303424,97.55832555522855,153.39522152237257,E17,28,CH2LU RX0,1.016000116000015,69,153.39522152237257,baseline,,69,97.55832555522855,34.67323705000001,1.0,2500000,2,scan-hop-09b5799e63dddaed,34.67323705000001,development,ok,1.0
ok,102.64723577303424,97.55832555522855,153.39522152237257,E17,28,CH2LU RX0,1.016000116000015,69,153.39522152237257,margin_0.05,,69,97.55832555522855,34.67323705000001,1.0,2500000,2,scan-hop-09b5799e63dddaed,34.67323705000001,development,ok,1.0
ok,102.64723577303424,97.55832555522855,153.39522152237257,E17,28,CH2LU RX0,1.016000116000015,69,153.39522152237257,margin_0.075,,69,97.55832555522855,34.67323705000001,1.0,2500000,2,scan-hop-09b5799e63dddaed,34.67323705000001,development,ok,1.0
ok,102.64723577303424,97.55832555522855,153.39522152237257,E17,28,CH2LU RX0,1.016000116000015,69,153.39522152237257,margin_0.1,,69,97.55832555522855,34.67323705000001,1.0,2500000,2,scan-hop-09b5799e63dddaed,34.67323705000001,development,ok,1.0
ok,102.64723577303424,97.55832555522855,153.39522152237257,E17,28,CH2LU RX0,1.016000116000015,69,153.39522152237257,margin_0.15,,69,97.55832555522855,34.67323705000001,1.0,2500000,2,scan-hop-09b5799e63dddaed,34.67323705000001,development,ok,1.0
ok,102.64723577303424,97.55832555522855,153.39522152237257,E17,28,CH2LU RX0,1.016000116000015,69,153.39522152237257,margin_0.2,,69,97.55832555522855,34.67323705000001,1.0,2500000,2,scan-hop-09b5799e63dddaed,34.67323705000001,development,ok,1.0
ok,108.2366391144119,103.85767721665239,2628.0752465279875,E17,28,CH2LU RX0,7.039997271000004,69,2628.0752465279875,top_1,,31,71.1895533398484,32.161231835999985,0.4492753623188406,2500000,2,scan-hop-09b5799e63dddaed,34.67323705000001,development,ok,0.43902439024390244
ok,108.96115232553626,104.05652196226092,1427.9807898475706,E17,28,CH2LU RX0,4.017309447999992,69,1427.9807898475706,top_2,,50,66.59362491915864,33.165223561999994,0.7246376811594203,2500000,2,scan-hop-09b5799e63dddaed,34.67323705000001,development,ok,0.7317073170731707
ok,102.17860411349271,97.73459996931562,750.0169100348788,E17,28,CH2LU RX0,4.014657657000015,69,750.0169100348788,top_4,,59,88.59696463640772,33.66789138499999,0.855072463768116,2500000,2,scan-hop-09b5799e63dddaed,34.67323705000001,development,ok,0.8048780487804879
ok,102.69978538551936,97.64561190085784,207.4042558495955,E17,28,CH2LU RX0,1.016000116000015,69,207.4042558495955,bounded_score_weight,,69,97.64561190085784,34.67323705000001,1.0,2500000,2,scan-hop-09b5799e63dddaed,34.67323705000001,development,ok,1.0
ok,102.69978538548837,97.64561190085229,207.4042558482961,E17,28,CH2LU RX0,1.016000116000015,69,207.4042558482961,production_score_weight,,69,97.64561190085229,34.67323705000001,1.0,2500000,2,scan-hop-09b5799e63dddaed,34.67323705000001,development,ok,1.0
ok,103.80424503275688,98.40670215370457,153.39522152237257,E17,28,CH2LU RX0,1.016000116000015,69,159.68573482643697,integer_epoch,,69,92.49413919448959,34.67323705000001,1.0,2500000,2,scan-hop-09b5799e63dddaed,34.67323705000001,development,ok,1.0
ok,36.78145753698643,32.43879114815647,296.29925540628045,E18,14,CH2L RX1,1.015999757000003,35,296.29925540628045,baseline,,35,32.43879114815647,34.17210554899998,1.0,2500000,1,scan-hop-09b5799e63dddaed,34.17210554899998,development,ok,1.0
ok,36.78145753698643,32.43879114815647,296.29925540628045,E18,14,CH2L RX1,1.015999757000003,35,296.29925540628045,margin_0.05,,35,32.43879114815647,34.17210554899998,1.0,2500000,1,scan-hop-09b5799e63dddaed,34.17210554899998,development,ok,1.0
ok,36.78145753698643,32.43879114815647,296.29925540628045,E18,14,CH2L RX1,1.015999757000003,35,296.29925540628045,margin_0.075,,35,32.43879114815647,34.17210554899998,1.0,2500000,1,scan-hop-09b5799e63dddaed,34.17210554899998,development,ok,1.0
ok,36.78145753698643,32.43879114815647,296.29925540628045,E18,14,CH2L RX1,1.015999757000003,35,296.29925540628045,margin_0.1,,35,32.43879114815647,34.17210554899998,1.0,2500000,1,scan-hop-09b5799e63dddaed,34.17210554899998,development,ok,1.0
ok,36.78145753698643,32.43879114815647,296.29925540628045,E18,14,CH2L RX1,1.015999757000003,35,296.29925540628045,margin_0.15,,35,32.43879114815647,34.17210554899998,1.0,2500000,1,scan-hop-09b5799e63dddaed,34.17210554899998,development,ok,1.0
ok,36.78145753698643,32.43879114815647,296.29925540628045,E18,14,CH2L RX1,1.015999757000003,35,296.29925540628045,margin_0.2,,35,32.43879114815647,34.17210554899998,1.0,2500000,1,scan-hop-09b5799e63dddaed,34.17210554899998,development,ok,1.0
ok,40.94508373692718,34.97804357360333,686.4003500291655,E18,14,CH2L RX1,6.0186970579999866,35,686.4003500291655,top_1,,18,25.77564724895513,33.1654307,0.5142857142857142,2500000,1,scan-hop-09b5799e63dddaed,34.17210554899998,development,ok,0.42857142857142855
ok,40.92839702479625,33.73164253780155,536.8472503846461,E18,14,CH2L RX1,2.009340328999997,35,536.8472503846461,top_2,,32,25.149676026022995,34.17210554899998,0.9142857142857143,2500000,1,scan-hop-09b5799e63dddaed,34.17210554899998,development,ok,0.8571428571428571
ok,37.52541958161839,32.57841352050307,288.3004262153055,E18,14,CH2L RX1,2.0066780420000043,35,288.3004262153055,top_4,,34,31.472578480453638,34.17210554899998,0.9714285714285714,2500000,1,scan-hop-09b5799e63dddaed,34.17210554899998,development,ok,0.9523809523809523
ok,36.63993840289649,32.48712032918502,249.4418655331625,E18,14,CH2L RX1,1.015999757000003,35,249.4418655331625,bounded_score_weight,,35,32.48712032918502,34.17210554899998,1.0,2500000,1,scan-hop-09b5799e63dddaed,34.17210554899998,development,ok,1.0
ok,36.63993840282726,32.48712032919294,249.44186553397918,E18,14,CH2L RX1,1.015999757000003,35,249.44186553397918,production_score_weight,,35,32.48712032919294,34.17210554899998,1.0,2500000,1,scan-hop-09b5799e63dddaed,34.17210554899998,development,ok,1.0
ok,36.78145753698643,32.43879114815647,296.29925540628045,E18,14,CH2L RX1,1.015999757000003,35,296.29925540628045,integer_epoch,,35,32.43879114815647,34.17210554899998,1.0,2500000,1,scan-hop-09b5799e63dddaed,34.17210554899998,development,ok,1.0
ok,94.47978727700456,87.96568177047659,148.18783775823235,E22,68,CH1LU RX0+1,1.0173346660000107,166,148.18783775823235,baseline,,166,87.96568177047659,49.76936949399999,1.0,2500000,4,scan-hop-09b5799e63dddaed,49.76936949399999,development,ok,1.0
ok,94.47978727700456,87.96568177047659,148.18783775823235,E22,68,CH1LU RX0+1,1.0173346660000107,166,148.18783775823235,margin_0.05,,166,87.96568177047659,49.76936949399999,1.0,2500000,4,scan-hop-09b5799e63dddaed,49.76936949399999,development,ok,1.0
ok,94.47978727700456,87.96568177047659,148.18783775823235,E22,68,CH1LU RX0+1,1.0173346660000107,166,148.18783775823235,margin_0.075,,166,87.96568177047659,49.76936949399999,1.0,2500000,4,scan-hop-09b5799e63dddaed,49.76936949399999,development,ok,1.0
ok,94.47978727700456,87.96568177047659,148.18783775823235,E22,68,CH1LU RX0+1,1.0173346660000107,166,148.18783775823235,margin_0.1,,166,87.96568177047659,49.76936949399999,1.0,2500000,4,scan-hop-09b5799e63dddaed,49.76936949399999,development,ok,1.0
ok,94.47978727700456,87.96568177047659,148.18783775823235,E22,68,CH1LU RX0+1,1.0173346660000107,166,148.18783775823235,margin_0.15,,166,87.96568177047659,49.76936949399999,1.0,2500000,4,scan-hop-09b5799e63dddaed,49.76936949399999,development,ok,1.0
ok,94.47978727700456,87.96568177047659,148.18783775823235,E22,68,CH1LU RX0+1,1.0173346660000107,166,148.18783775823235,margin_0.2,,166,87.96568177047659,49.76936949399999,1.0,2500000,4,scan-hop-09b5799e63dddaed,49.76936949399999,development,ok,1.0
ok,102.36923077572285,99.12270391105275,624.7321664859188,E22,68,CH1LU RX0+1,20.084427800000014,166,624.7321664859188,top_1,,53,57.79785512019728,48.768027932999985,0.3192771084337349,2500000,4,scan-hop-09b5799e63dddaed,49.76936949399999,development,ok,0.2755102040816326
ok,96.002177463642,93.94441502528517,372.26492346998816,E22,68,CH1LU RX0+1,6.015798810000007,166,372.26492346998816,top_2,,129,54.95118440147382,48.768027932999985,0.7771084337349398,2500000,4,scan-hop-09b5799e63dddaed,49.76936949399999,development,ok,0.7653061224489796
ok,93.92587965230142,88.32020294112631,429.6264166518746,E22,68,CH1LU RX0+1,6.015798810000007,166,429.6264166518746,top_4,,150,77.34671031549937,49.76936949399999,0.9036144578313253,2500000,4,scan-hop-09b5799e63dddaed,49.76936949399999,development,ok,0.8775510204081632
ok,94.35998634631328,88.05382973442796,112.59749041693408,E22,68,CH1LU RX0+1,1.0173346660000107,166,112.59749041693408,bounded_score_weight,,166,88.05382973442796,49.76936949399999,1.0,2500000,4,scan-hop-09b5799e63dddaed,49.76936949399999,development,ok,1.0
ok,94.36305199552484,88.05203571516624,112.53053747716027,E22,68,CH1LU RX0+1,1.0173346660000107,166,112.53053747716027,production_score_weight,,166,88.05203571516624,49.76936949399999,1.0,2500000,4,scan-hop-09b5799e63dddaed,49.76936949399999,development,ok,1.0
ok,95.3542155278578,88.23050787287498,169.4897584714675,E22,68,CH1LU RX0+1,1.0173346660000107,166,169.4897584714675,integer_epoch,,166,88.57654706161625,49.76936949399999,1.0,2500000,4,scan-hop-09b5799e63dddaed,49.76936949399999,development,ok,1.0
ok,121.84162967189945,114.09638715702646,211.85579586375644,E04,52,CH3LU RX0+1,1.0144002309999962,126,211.85579586375644,baseline,,126,114.09638715702646,50.837317149,1.0,5000000,4,scan-hop-cabca9c4f49c5a27,50.837317149,development,ok,1.0
ok,121.84162967189945,114.09638715702646,211.85579586375644,E04,52,CH3LU RX0+1,1.0144002309999962,126,211.85579586375644,margin_0.05,,126,114.09638715702646,50.837317149,1.0,5000000,4,scan-hop-cabca9c4f49c5a27,50.837317149,development,ok,1.0
ok,121.84162967189945,114.09638715702646,211.85579586375644,E04,52,CH3LU RX0+1,1.0144002309999962,126,211.85579586375644,margin_0.075,,126,114.09638715702646,50.837317149,1.0,5000000,4,scan-hop-cabca9c4f49c5a27,50.837317149,development,ok,1.0
ok,120.7075513357771,114.62332681500995,211.85579586375644,E04,52,CH3LU RX0+1,1.0144002309999962,126,211.85579586375644,margin_0.1,,125,111.38014848081421,50.335386789,0.9920634920634921,5000000,4,scan-hop-cabca9c4f49c5a27,50.837317149,development,ok,1.0
ok,121.67313824902674,115.1442029266528,191.94441524112457,E04,52,CH3LU RX0+1,3.0306317010000043,126,191.94441524112457,margin_0.15,,122,111.22470825057837,49.834049863,0.9682539682539683,5000000,4,scan-hop-cabca9c4f49c5a27,50.837317149,development,ok,0.9594594594594594
ok,121.90068986814624,115.35052382347348,205.18354585299645,E04,52,CH3LU RX0+1,4.041304320000009,126,205.18354585299645,margin_0.2,,118,103.74637244635387,49.834049863,0.9365079365079365,5000000,4,scan-hop-cabca9c4f49c5a27,50.837317149,development,ok,0.9054054054054054
ok,127.71297997170525,125.55182243740387,361.42733868111003,E04,52,CH3LU RX0+1,7.041362000999996,126,361.42733868111003,top_1,,65,97.04953429119563,49.330661956,0.5158730158730159,5000000,4,scan-hop-cabca9c4f49c5a27,50.837317149,development,ok,0.4864864864864865
ok,124.69244392401266,121.72434337328247,248.32434551950467,E04,52,CH3LU RX0+1,7.041362000999996,126,248.32434551950467,top_2,,91,95.38161910164422,49.330661956,0.7222222222222222,5000000,4,scan-hop-cabca9c4f49c5a27,50.837317149,development,ok,0.7027027027027027
ok,124.50334607594452,114.60146744924208,184.3850805859279,E04,52,CH3LU RX0+1,4.038689400999999,126,184.3850805859279,top_4,,107,112.87395809158015,50.837317149,0.8492063492063492,5000000,4,scan-hop-cabca9c4f49c5a27,50.837317149,development,ok,0.8108108108108109
ok,122.95353856557921,117.34285425506675,211.95088607870565,E04,52,CH3LU RX0+1,1.0144002309999962,126,211.95088607870565,bounded_score_weight,,126,117.34285425506675,50.837317149,1.0,5000000,4,scan-hop-cabca9c4f49c5a27,50.837317149,development,ok,1.0
ok,123.75766685628639,118.18496276856492,212.74772305170356,E04,52,CH3LU RX0+1,1.0144002309999962,126,212.74772305170356,production_score_weight,,126,118.18496276856492,50.837317149,1.0,5000000,4,scan-hop-cabca9c4f49c5a27,50.837317149,development,ok,1.0
ok,121.9639469457435,114.34055119326644,176.0196949571929,E04,52,CH3LU RX0+1,1.0144002309999962,126,176.0196949571929,integer_epoch,,126,113.36035714044135,50.837317149,1.0,5000000,4,scan-hop-cabca9c4f49c5a27,50.837317149,development,ok,1.0
ok,83.5055282381528,70.00792575404145,336.18042329524525,E07,33,CH1LU RX1,1.0186611130000074,81,336.18042329524525,baseline,,81,70.00792575404145,41.27326225099998,1.0,5000000,2,scan-hop-cabca9c4f49c5a27,41.27326225099998,development,ok,1.0
ok,83.5055282381528,70.00792575404145,336.18042329524525,E07,33,CH1LU RX1,1.0186611130000074,81,336.18042329524525,margin_0.05,,81,70.00792575404145,41.27326225099998,1.0,5000000,2,scan-hop-cabca9c4f49c5a27,41.27326225099998,development,ok,1.0
ok,83.5055282381528,70.00792575404145,336.18042329524525,E07,33,CH1LU RX1,1.0186611130000074,81,336.18042329524525,margin_0.075,,81,70.00792575404145,41.27326225099998,1.0,5000000,2,scan-hop-cabca9c4f49c5a27,41.27326225099998,development,ok,1.0
ok,83.5055282381528,70.00792575404145,336.18042329524525,E07,33,CH1LU RX1,1.0186611130000074,81,336.18042329524525,margin_0.1,,81,70.00792575404145,41.27326225099998,1.0,5000000,2,scan-hop-cabca9c4f49c5a27,41.27326225099998,development,ok,1.0
ok,83.5055282381528,70.00792575404145,336.18042329524525,E07,33,CH1LU RX1,1.0186611130000074,81,336.18042329524525,margin_0.15,,81,70.00792575404145,41.27326225099998,1.0,5000000,2,scan-hop-cabca9c4f49c5a27,41.27326225099998,development,ok,1.0
ok,83.5055282381528,70.00792575404145,336.18042329524525,E07,33,CH1LU RX1,1.0186611130000074,81,336.18042329524525,margin_0.2,,81,70.00792575404145,41.27326225099998,1.0,5000000,2,scan-hop-cabca9c4f49c5a27,41.27326225099998,development,ok,1.0
ok,89.39696577053473,74.2840716282605,177.45095249345897,E07,33,CH1LU RX1,9.061336372999989,81,177.45095249345897,top_1,,35,35.944280183317936,40.77059985899999,0.43209876543209874,5000000,2,scan-hop-cabca9c4f49c5a27,41.27326225099998,development,ok,0.4166666666666667
ok,85.3402818283958,73.44369111380703,144.51560167407735,E07,33,CH1LU RX1,4.021349120999986,81,144.51560167407735,top_2,,67,33.355220478624275,40.77059985899999,0.8271604938271605,5000000,2,scan-hop-cabca9c4f49c5a27,41.27326225099998,development,ok,0.7916666666666666
ok,83.45063192400652,70.1969530323822,267.16086444227744,E07,33,CH1LU RX1,2.0133376259999807,81,267.16086444227744,top_4,,80,66.77170207903808,41.27326225099998,0.9876543209876543,5000000,2,scan-hop-cabca9c4f49c5a27,41.27326225099998,development,ok,0.9791666666666666
ok,82.99281157748679,70.378258641487,340.5949373214536,E07,33,CH1LU RX1,1.0186611130000074,81,340.5949373214536,bounded_score_weight,,81,70.378258641487,41.27326225099998,1.0,5000000,2,scan-hop-cabca9c4f49c5a27,41.27326225099998,development,ok,1.0
ok,82.99281157748179,70.37825864148692,340.59493732180897,E07,33,CH1LU RX1,1.0186611130000074,81,340.59493732180897,production_score_weight,,81,70.37825864148692,41.27326225099998,1.0,5000000,2,scan-hop-cabca9c4f49c5a27,41.27326225099998,development,ok,1.0
ok,75.99437975322274,71.22302553473891,336.18042329524525,E07,33,CH1LU RX1,1.0186611130000074,81,319.2945346077954,integer_epoch,,81,71.34025953238874,41.27326225099998,1.0,5000000,2,scan-hop-cabca9c4f49c5a27,41.27326225099998,development,ok,1.0
ok,138.60800172959543,123.53322053774842,208.5192962820841,E12,25,CH2LU RX0,1.0120041159999857,59,208.5192962820841,baseline,,59,123.53322053774842,33.700719225,1.0,5000000,3,scan-hop-cabca9c4f49c5a27,33.700719225,development,ok,1.0
ok,138.60800172959543,123.53322053774842,208.5192962820841,E12,25,CH2LU RX0,1.0120041159999857,59,208.5192962820841,margin_0.05,,59,123.53322053774842,33.700719225,1.0,5000000,3,scan-hop-cabca9c4f49c5a27,33.700719225,development,ok,1.0
ok,138.60800172959543,123.53322053774842,208.5192962820841,E12,25,CH2LU RX0,1.0120041159999857,59,208.5192962820841,margin_0.075,,59,123.53322053774842,33.700719225,1.0,5000000,3,scan-hop-cabca9c4f49c5a27,33.700719225,development,ok,1.0
ok,138.60800172959543,123.53322053774842,208.5192962820841,E12,25,CH2LU RX0,1.0120041159999857,59,208.5192962820841,margin_0.1,,59,123.53322053774842,33.700719225,1.0,5000000,3,scan-hop-cabca9c4f49c5a27,33.700719225,development,ok,1.0
ok,138.3586348306167,123.76219287881386,208.30241440849235,E12,25,CH2LU RX0,1.0120041159999857,59,208.30241440849235,margin_0.15,,58,124.1699133816411,32.69271367000002,0.9830508474576272,5000000,3,scan-hop-cabca9c4f49c5a27,33.700719225,development,ok,0.9705882352941176
ok,139.73784504488427,123.73582534645205,188.67753138456936,E12,25,CH2LU RX0,1.0120041159999857,59,188.67753138456936,margin_0.2,,57,124.24754988923424,31.687986865,0.9661016949152542,5000000,3,scan-hop-cabca9c4f49c5a27,33.700719225,development,ok,0.9411764705882353
,,,,E12,25,CH2LU RX0,,59,,top_1,fewer than four training observations in a source segment,23,,,0.3898305084745763,5000000,3,scan-hop-cabca9c4f49c5a27,33.700719225,development,insufficient_support,0.3235294117647059
,,,,E12,25,CH2LU RX0,,59,,top_2,fewer than four training observations in a source segment,36,,,0.6101694915254238,5000000,3,scan-hop-cabca9c4f49c5a27,33.700719225,development,insufficient_support,0.5
ok,181.79873388401668,128.75631475911746,153.2523383306549,E12,25,CH2LU RX0,5.029324882999987,59,153.2523383306549,top_4,,44,104.0406028936553,33.700719225,0.7457627118644068,5000000,3,scan-hop-cabca9c4f49c5a27,33.700719225,development,ok,0.6764705882352942
ok,138.46390272207188,123.9595365782106,165.03703681997004,E12,25,CH2LU RX0,1.0120041159999857,59,165.03703681997004,bounded_score_weight,,59,123.9595365782106,33.700719225,1.0,5000000,3,scan-hop-cabca9c4f49c5a27,33.700719225,development,ok,1.0
ok,138.43188827367055,123.96827935253779,163.29915115377537,E12,25,CH2LU RX0,1.0120041159999857,59,163.29915115377537,production_score_weight,,59,123.96827935253779,33.700719225,1.0,5000000,3,scan-hop-cabca9c4f49c5a27,33.700719225,development,ok,1.0
ok,145.1871103761005,127.53585599578993,181.41386348171508,E12,25,CH2LU RX0,1.0120041159999857,59,181.41386348171508,integer_epoch,,59,126.51384410988832,33.700719225,1.0,5000000,3,scan-hop-cabca9c4f49c5a27,33.700719225,development,ok,1.0
ok,121.89269264401862,109.31603961494778,522.9287489171119,E13,24,CH4LU RX0,1.0106707110000173,57,522.9287489171119,baseline,,57,109.31603961494778,30.682360174999985,1.0,5000000,2,scan-hop-cabca9c4f49c5a27,30.682360174999985,development,ok,1.0
ok,121.89269264401862,109.31603961494778,522.9287489171119,E13,24,CH4LU RX0,1.0106707110000173,57,522.9287489171119,margin_0.05,,57,109.31603961494778,30.682360174999985,1.0,5000000,2,scan-hop-cabca9c4f49c5a27,30.682360174999985,development,ok,1.0
ok,121.89269264401862,109.31603961494778,522.9287489171119,E13,24,CH4LU RX0,1.0106707110000173,57,522.9287489171119,margin_0.075,,57,109.31603961494778,30.682360174999985,1.0,5000000,2,scan-hop-cabca9c4f49c5a27,30.682360174999985,development,ok,1.0
ok,121.89269264401862,109.31603961494778,522.9287489171119,E13,24,CH4LU RX0,1.0106707110000173,57,522.9287489171119,margin_0.1,,57,109.31603961494778,30.682360174999985,1.0,5000000,2,scan-hop-cabca9c4f49c5a27,30.682360174999985,development,ok,1.0
ok,121.89269264401862,109.31603961494778,522.9287489171119,E13,24,CH4LU RX0,1.0106707110000173,57,522.9287489171119,margin_0.15,,57,109.31603961494778,30.682360174999985,1.0,5000000,2,scan-hop-cabca9c4f49c5a27,30.682360174999985,development,ok,1.0
ok,121.89269264401862,109.31603961494778,522.9287489171119,E13,24,CH4LU RX0,1.0106707110000173,57,522.9287489171119,margin_0.2,,57,109.31603961494778,30.682360174999985,1.0,5000000,2,scan-hop-cabca9c4f49c5a27,30.682360174999985,development,ok,1.0
ok,239.19539225579192,178.44685796314755,5009.76879336189,E13,24,CH4LU RX0,9.054656397999992,57,5009.76879336189,top_1,,20,53.87683096294842,24.140709104999985,0.3508771929824561,5000000,2,scan-hop-cabca9c4f49c5a27,30.682360174999985,development,ok,0.2727272727272727
ok,146.24795441850404,131.71018562167887,274.01042368974737,E13,24,CH4LU RX0,5.031997439000008,57,274.01042368974737,top_2,,40,82.49049334475939,24.140709104999985,0.7017543859649122,5000000,2,scan-hop-cabca9c4f49c5a27,30.682360174999985,development,ok,0.6060606060606061
ok,129.68776552697526,111.97526884692114,489.53896499977895,E13,24,CH4LU RX0,4.022658958999983,57,489.53896499977895,top_4,,46,90.48792638511578,30.682360174999985,0.8070175438596491,5000000,2,scan-hop-cabca9c4f49c5a27,30.682360174999985,development,ok,0.7575757575757576
ok,120.78230493833708,109.63954870910582,621.8518223926534,E13,24,CH4LU RX0,1.0106707110000173,57,621.8518223926534,bounded_score_weight,,57,109.63954870910582,30.682360174999985,1.0,5000000,2,scan-hop-cabca9c4f49c5a27,30.682360174999985,development,ok,1.0
ok,120.6602135454379,109.67344043089798,641.7039346266198,E13,24,CH4LU RX0,1.0106707110000173,57,641.7039346266198,production_score_weight,,57,109.67344043089798,30.682360174999985,1.0,5000000,2,scan-hop-cabca9c4f49c5a27,30.682360174999985,development,ok,1.0
ok,121.89269264401862,109.31603961494778,522.9287489171119,E13,24,CH4LU RX0,1.0106707110000173,57,522.9287489171119,integer_epoch,,57,109.31603961494778,30.682360174999985,1.0,5000000,2,scan-hop-cabca9c4f49c5a27,30.682360174999985,development,ok,1.0
ok,152.1255497299754,139.4048755775146,747.1535013375875,E15,27,CH4LU RX0,1.0133323910000058,66,747.1535013375875,baseline,,66,139.4048755775146,34.729916185000036,1.0,5000000,2,scan-hop-cabca9c4f49c5a27,34.729916185000036,development,ok,1.0
ok,152.1255497299754,139.4048755775146,747.1535013375875,E15,27,CH4LU RX0,1.0133323910000058,66,747.1535013375875,margin_0.05,,66,139.4048755775146,34.729916185000036,1.0,5000000,2,scan-hop-cabca9c4f49c5a27,34.729916185000036,development,ok,1.0
ok,152.1255497299754,139.4048755775146,747.1535013375875,E15,27,CH4LU RX0,1.0133323910000058,66,747.1535013375875,margin_0.075,,66,139.4048755775146,34.729916185000036,1.0,5000000,2,scan-hop-cabca9c4f49c5a27,34.729916185000036,development,ok,1.0
ok,152.1255497299754,139.4048755775146,747.1535013375875,E15,27,CH4LU RX0,1.0133323910000058,66,747.1535013375875,margin_0.1,,66,139.4048755775146,34.729916185000036,1.0,5000000,2,scan-hop-cabca9c4f49c5a27,34.729916185000036,development,ok,1.0
ok,152.02366613358797,139.68729952668477,787.8750947566314,E15,27,CH4LU RX0,2.0106814170000007,66,787.8750947566314,margin_0.15,,64,140.73835589449553,34.22676315000001,0.9696969696969697,5000000,2,scan-hop-cabca9c4f49c5a27,34.729916185000036,development,ok,0.9487179487179487
ok,153.8091059563599,139.894669987155,891.6594180006975,E15,27,CH4LU RX0,2.0146797799999945,66,891.6594180006975,margin_0.2,,63,141.2526104790728,34.22676315000001,0.9545454545454546,5000000,2,scan-hop-cabca9c4f49c5a27,34.729916185000036,development,ok,0.9230769230769231
ok,166.0966085365405,145.04465926923447,4291.732936586914,E15,27,CH4LU RX0,11.073877986000014,66,4291.732936586914,top_1,,32,136.69419961935102,34.22676315000001,0.48484848484848486,5000000,2,scan-hop-cabca9c4f49c5a27,34.729916185000036,development,ok,0.46153846153846156
ok,160.79603392355062,141.08160391543962,4032.5309465209816,E15,27,CH4LU RX0,10.066692544000006,66,4032.5309465209816,top_2,,44,136.42262560825765,34.22676315000001,0.6666666666666666,5000000,2,scan-hop-cabca9c4f49c5a27,34.729916185000036,development,ok,0.5897435897435898
ok,154.19546797432562,139.58292993156985,3399.7689256611907,E15,27,CH4LU RX0,8.056023151000005,66,3399.7689256611907,top_4,,52,146.7888693329627,34.22676315000001,0.7878787878787878,5000000,2,scan-hop-cabca9c4f49c5a27,34.729916185000036,development,ok,0.717948717948718
ok,153.50654114622586,139.55256601530925,1123.7018214361467,E15,27,CH4LU RX0,1.0133323910000058,66,1123.7018214361467,bounded_score_weight,,66,139.55256601530925,34.729916185000036,1.0,5000000,2,scan-hop-cabca9c4f49c5a27,34.729916185000036,development,ok,1.0
ok,153.67941488159897,139.5563017061012,1143.3093944621899,E15,27,CH4LU RX0,1.0133323910000058,66,1143.3093944621899,production_score_weight,,66,139.5563017061012,34.729916185000036,1.0,5000000,2,scan-hop-cabca9c4f49c5a27,34.729916185000036,development,ok,1.0
ok,151.32255497946255,139.78078040509527,1369.835134253669,E15,27,CH4LU RX0,1.0133323910000058,66,1369.835134253669,integer_epoch,,66,131.04027340644555,34.729916185000036,1.0,5000000,2,scan-hop-cabca9c4f49c5a27,34.729916185000036,development,ok,1.0
ok,139.95698990763495,126.80909721079014,158.51935432127362,E18,39,CH2LU RX0+1,1.014671146999973,93,158.51935432127362,baseline,,93,126.80909721079014,32.21609745000001,1.0,5000000,5,scan-hop-cabca9c4f49c5a27,32.21609745000001,development,ok,1.0
ok,139.95698990763495,126.80909721079014,158.51935432127362,E18,39,CH2LU RX0+1,1.014671146999973,93,158.51935432127362,margin_0.05,,93,126.80909721079014,32.21609745000001,1.0,5000000,5,scan-hop-cabca9c4f49c5a27,32.21609745000001,development,ok,1.0
ok,139.95698990763495,126.80909721079014,158.51935432127362,E18,39,CH2LU RX0+1,1.014671146999973,93,158.51935432127362,margin_0.075,,93,126.80909721079014,32.21609745000001,1.0,5000000,5,scan-hop-cabca9c4f49c5a27,32.21609745000001,development,ok,1.0
ok,139.95698990763495,126.80909721079014,158.51935432127362,E18,39,CH2LU RX0+1,1.014671146999973,93,158.51935432127362,margin_0.1,,93,126.80909721079014,32.21609745000001,1.0,5000000,5,scan-hop-cabca9c4f49c5a27,32.21609745000001,development,ok,1.0
ok,139.95698990763495,126.80909721079014,158.51935432127362,E18,39,CH2LU RX0+1,1.014671146999973,93,158.51935432127362,margin_0.15,,93,126.80909721079014,32.21609745000001,1.0,5000000,5,scan-hop-cabca9c4f49c5a27,32.21609745000001,development,ok,1.0
ok,139.95698990763495,126.80909721079014,158.51935432127362,E18,39,CH2LU RX0+1,1.014671146999973,93,158.51935432127362,margin_0.2,,93,126.80909721079014,32.21609745000001,1.0,5000000,5,scan-hop-cabca9c4f49c5a27,32.21609745000001,development,ok,1.0
,,,,E18,39,CH2LU RX0+1,,93,,top_1,fewer than four training observations in a source segment,50,,,0.5376344086021505,5000000,5,scan-hop-cabca9c4f49c5a27,32.21609745000001,development,insufficient_support,0.5370370370370371
ok,135.01736586829426,130.7784370406582,241.282580378577,E18,39,CH2LU RX0+1,5.029345761999991,93,241.282580378577,top_2,,72,124.29399441117005,31.713835055000004,0.7741935483870968,5000000,5,scan-hop-cabca9c4f49c5a27,32.21609745000001,development,ok,0.7407407407407407
ok,135.3241422251635,129.6311160573986,172.72134740263743,E18,39,CH2LU RX0+1,3.0186877699999854,93,172.72134740263743,top_4,,79,125.60612008349736,31.713835055000004,0.8494623655913979,5000000,5,scan-hop-cabca9c4f49c5a27,32.21609745000001,development,ok,0.7962962962962963
ok,140.17873540820673,127.01692382255425,155.47180407026372,E18,39,CH2LU RX0+1,1.014671146999973,93,155.47180407026372,bounded_score_weight,,93,127.01692382255425,32.21609745000001,1.0,5000000,5,scan-hop-cabca9c4f49c5a27,32.21609745000001,development,ok,1.0
ok,140.2110502648256,127.01748265306318,155.4916899402398,E18,39,CH2LU RX0+1,1.014671146999973,93,155.4916899402398,production_score_weight,,93,127.01748265306318,32.21609745000001,1.0,5000000,5,scan-hop-cabca9c4f49c5a27,32.21609745000001,development,ok,1.0
ok,135.5794810781964,127.32492434264977,158.51935432127362,E18,39,CH2LU RX0+1,1.014671146999973,93,171.97830351380617,integer_epoch,,93,133.08028193633626,32.21609745000001,1.0,5000000,5,scan-hop-cabca9c4f49c5a27,32.21609745000001,development,ok,1.0
ok,122.66233891926282,114.71495568747916,369.5171992370041,E03,47,CH2LU RX0+1,1.0173316389999911,113,369.5171992370041,baseline,,113,114.71495568747916,36.681336478,1.0,2500000,4,scan-hop-7e5fd590bec62185,36.681336478,development,ok,1.0
ok,122.66233891926282,114.71495568747916,369.5171992370041,E03,47,CH2LU RX0+1,1.0173316389999911,113,369.5171992370041,margin_0.05,,113,114.71495568747916,36.681336478,1.0,2500000,4,scan-hop-7e5fd590bec62185,36.681336478,development,ok,1.0
ok,122.66233891926282,114.71495568747916,369.5171992370041,E03,47,CH2LU RX0+1,1.0173316389999911,113,369.5171992370041,margin_0.075,,113,114.71495568747916,36.681336478,1.0,2500000,4,scan-hop-7e5fd590bec62185,36.681336478,development,ok,1.0
ok,122.66233891926282,114.71495568747916,369.5171992370041,E03,47,CH2LU RX0+1,1.0173316389999911,113,369.5171992370041,margin_0.1,,113,114.71495568747916,36.681336478,1.0,2500000,4,scan-hop-7e5fd590bec62185,36.681336478,development,ok,1.0
ok,122.66233891926282,114.71495568747916,369.5171992370041,E03,47,CH2LU RX0+1,1.0173316389999911,113,369.5171992370041,margin_0.15,,113,114.71495568747916,36.681336478,1.0,2500000,4,scan-hop-7e5fd590bec62185,36.681336478,development,ok,1.0
ok,122.66233891926282,114.71495568747916,369.5171992370041,E03,47,CH2LU RX0+1,1.0173316389999911,113,369.5171992370041,margin_0.2,,113,114.71495568747916,36.681336478,1.0,2500000,4,scan-hop-7e5fd590bec62185,36.681336478,development,ok,1.0
,,,,E03,47,CH2LU RX0+1,,113,,top_1,fewer than four training observations in a source segment,55,,,0.48672566371681414,2500000,4,scan-hop-7e5fd590bec62185,36.681336478,development,insufficient_support,0.4090909090909091
ok,122.94968444199225,116.50859503481053,320.14944077350765,E03,47,CH2LU RX0+1,10.045360592999998,113,320.14944077350765,top_2,,84,94.01082905020627,35.678664450999996,0.7433628318584071,2500000,4,scan-hop-7e5fd590bec62185,36.681336478,development,ok,0.7121212121212122
ok,121.03211239161588,115.23423322118202,392.34026114473005,E03,47,CH2LU RX0+1,4.017635206999998,113,392.34026114473005,top_4,,99,103.92382196152296,36.681336478,0.8761061946902655,2500000,4,scan-hop-7e5fd590bec62185,36.681336478,development,ok,0.8333333333333334
ok,123.25364465055071,115.24046005833453,363.81193322983324,E03,47,CH2LU RX0+1,1.0173316389999911,113,363.81193322983324,bounded_score_weight,,113,115.24046005833453,36.681336478,1.0,2500000,4,scan-hop-7e5fd590bec62185,36.681336478,development,ok,1.0
ok,123.24339100246556,115.23913351865478,363.6352862500643,E03,47,CH2LU RX0+1,1.0173316389999911,113,363.6352862500643,production_score_weight,,113,115.23913351865478,36.681336478,1.0,2500000,4,scan-hop-7e5fd590bec62185,36.681336478,development,ok,1.0
ok,119.74732787357975,116.24376991262295,220.7375361745958,E03,47,CH2LU RX0+1,1.0173316389999911,113,240.2339141349272,integer_epoch,,113,112.78587450354937,36.681336478,1.0,2500000,4,scan-hop-7e5fd590bec62185,36.681336478,development,ok,1.0
ok,150.97246406572646,131.21067281431536,228.1557392403108,E13,24,CH4LU RX0,1.009339041000004,58,228.1557392403108,baseline,,58,131.21067281431536,35.15746113499999,1.0,2500000,2,scan-hop-7e5fd590bec62185,35.15746113499999,development,ok,1.0
ok,150.97246406572646,131.21067281431536,228.1557392403108,E13,24,CH4LU RX0,1.009339041000004,58,228.1557392403108,margin_0.05,,58,131.21067281431536,35.15746113499999,1.0,2500000,2,scan-hop-7e5fd590bec62185,35.15746113499999,development,ok,1.0
ok,150.97246406572646,131.21067281431536,228.1557392403108,E13,24,CH4LU RX0,1.009339041000004,58,228.1557392403108,margin_0.075,,58,131.21067281431536,35.15746113499999,1.0,2500000,2,scan-hop-7e5fd590bec62185,35.15746113499999,development,ok,1.0
ok,150.97246406572646,131.21067281431536,228.1557392403108,E13,24,CH4LU RX0,1.009339041000004,58,228.1557392403108,margin_0.1,,58,131.21067281431536,35.15746113499999,1.0,2500000,2,scan-hop-7e5fd590bec62185,35.15746113499999,development,ok,1.0
ok,150.97246406572646,131.21067281431536,228.1557392403108,E13,24,CH4LU RX0,1.009339041000004,58,228.1557392403108,margin_0.15,,58,131.21067281431536,35.15746113499999,1.0,2500000,2,scan-hop-7e5fd590bec62185,35.15746113499999,development,ok,1.0
ok,150.97246406572646,131.21067281431536,228.1557392403108,E13,24,CH4LU RX0,1.009339041000004,58,228.1557392403108,margin_0.2,,58,131.21067281431536,35.15746113499999,1.0,2500000,2,scan-hop-7e5fd590bec62185,35.15746113499999,development,ok,1.0
ok,169.7473039509312,136.8648742517439,3291.1172347930997,E13,24,CH4LU RX0,8.032021068000006,58,3291.1172347930997,top_1,,32,122.53792350590199,34.15746276099999,0.5517241379310345,2500000,2,scan-hop-7e5fd590bec62185,35.15746113499999,development,ok,0.5294117647058824
ok,159.95573580791756,138.48245507694952,2964.1234484718425,E13,24,CH4LU RX0,7.0280195590000005,58,2964.1234484718425,top_2,,41,118.68689148023132,35.15746113499999,0.7068965517241379,2500000,2,scan-hop-7e5fd590bec62185,35.15746113499999,development,ok,0.6176470588235294
ok,151.39442754987186,131.99047666818333,350.4833653845073,E13,24,CH4LU RX0,3.020010256000006,58,350.4833653845073,top_4,,49,128.76883062578057,35.15746113499999,0.8448275862068966,2500000,2,scan-hop-7e5fd590bec62185,35.15746113499999,development,ok,0.8235294117647058
ok,149.71132021287045,132.07578838649926,231.35214672216975,E13,24,CH4LU RX0,1.009339041000004,58,231.35214672216975,bounded_score_weight,,58,132.07578838649926,35.15746113499999,1.0,2500000,2,scan-hop-7e5fd590bec62185,35.15746113499999,development,ok,1.0
ok,149.71132021284993,132.07578838650178,231.35214672216142,E13,24,CH4LU RX0,1.009339041000004,58,231.35214672216142,production_score_weight,,58,132.07578838650178,35.15746113499999,1.0,2500000,2,scan-hop-7e5fd590bec62185,35.15746113499999,development,ok,1.0
ok,163.9393976767894,135.34175950258253,414.31857927903513,E13,24,CH4LU RX0,1.009339041000004,58,462.8425969682327,integer_epoch,,58,137.06200335725129,35.15746113499999,1.0,2500000,2,scan-hop-7e5fd590bec62185,35.15746113499999,development,ok,1.0
ok,138.72410796797936,130.68444599887783,358.19720615398455,E19,43,CH2LU RX0+1,1.010670344999994,102,358.19720615398455,baseline,,102,130.68444599887783,36.692085022000015,1.0,2500000,4,scan-hop-7e5fd590bec62185,36.692085022000015,development,ok,1.0
ok,138.72410796797936,130.68444599887783,358.19720615398455,E19,43,CH2LU RX0+1,1.010670344999994,102,358.19720615398455,margin_0.05,,102,130.68444599887783,36.692085022000015,1.0,2500000,4,scan-hop-7e5fd590bec62185,36.692085022000015,development,ok,1.0
ok,138.72410796797936,130.68444599887783,358.19720615398455,E19,43,CH2LU RX0+1,1.010670344999994,102,358.19720615398455,margin_0.075,,102,130.68444599887783,36.692085022000015,1.0,2500000,4,scan-hop-7e5fd590bec62185,36.692085022000015,development,ok,1.0
ok,138.72410796797936,130.68444599887783,358.19720615398455,E19,43,CH2LU RX0+1,1.010670344999994,102,358.19720615398455,margin_0.1,,102,130.68444599887783,36.692085022000015,1.0,2500000,4,scan-hop-7e5fd590bec62185,36.692085022000015,development,ok,1.0
ok,138.72410796797936,130.68444599887783,358.19720615398455,E19,43,CH2LU RX0+1,1.010670344999994,102,358.19720615398455,margin_0.15,,102,130.68444599887783,36.692085022000015,1.0,2500000,4,scan-hop-7e5fd590bec62185,36.692085022000015,development,ok,1.0
ok,140.59748910908638,130.81772428242942,428.43761401994686,E19,43,CH2LU RX0+1,3.0199888120000082,102,428.43761401994686,margin_0.2,,100,129.1701026398214,36.692085022000015,0.9803921568627451,2500000,4,scan-hop-7e5fd590bec62185,36.692085022000015,development,ok,0.9661016949152542
,,,,E19,43,CH2LU RX0+1,,102,,top_1,fewer than four training observations in a source segment,34,,,0.3333333333333333,2500000,4,scan-hop-7e5fd590bec62185,36.692085022000015,development,insufficient_support,0.3898305084745763
ok,143.05068977393412,136.59551967346067,463.44574960256404,E19,43,CH2LU RX0+1,15.07877154099998,102,463.44574960256404,top_2,,58,97.9682112900403,36.692085022000015,0.5686274509803921,2500000,4,scan-hop-7e5fd590bec62185,36.692085022000015,development,ok,0.576271186440678
ok,139.03905049476916,131.2774088086898,671.3734673348108,E19,43,CH2LU RX0+1,4.017344352999999,102,671.3734673348108,top_4,,88,129.0739582924945,36.692085022000015,0.8627450980392157,2500000,4,scan-hop-7e5fd590bec62185,36.692085022000015,development,ok,0.847457627118644
ok,138.69826003717284,131.10272966946673,286.8822955650168,E19,43,CH2LU RX0+1,1.010670344999994,102,286.8822955650168,bounded_score_weight,,102,131.10272966946673,36.692085022000015,1.0,2500000,4,scan-hop-7e5fd590bec62185,36.692085022000015,development,ok,1.0
ok,138.95317683794238,131.2148451729399,284.0575022066842,E19,43,CH2LU RX0+1,1.010670344999994,102,284.0575022066842,production_score_weight,,102,131.2148451729399,36.692085022000015,1.0,2500000,4,scan-hop-7e5fd590bec62185,36.692085022000015,development,ok,1.0
ok,138.48257217515402,131.11158400179042,401.4430541909424,E19,43,CH2LU RX0+1,1.010670344999994,102,401.4430541909424,integer_epoch,,102,131.15266423651502,36.692085022000015,1.0,2500000,4,scan-hop-7e5fd590bec62185,36.692085022000015,development,ok,1.0
ok,63.13409469664262,54.202504142439416,104.11186727887063,E09,20,CH3L RX0+1,1.0186610909999985,48,104.11186727887063,baseline,,48,54.202504142439416,31.206631412999997,1.0,5000000,2,scan-hop-2c893b92f31d9b2e,31.206631412999997,development,ok,1.0
ok,63.13409469664262,54.202504142439416,104.11186727887063,E09,20,CH3L RX0+1,1.0186610909999985,48,104.11186727887063,margin_0.05,,48,54.202504142439416,31.206631412999997,1.0,5000000,2,scan-hop-2c893b92f31d9b2e,31.206631412999997,development,ok,1.0
ok,63.13409469664262,54.202504142439416,104.11186727887063,E09,20,CH3L RX0+1,1.0186610909999985,48,104.11186727887063,margin_0.075,,48,54.202504142439416,31.206631412999997,1.0,5000000,2,scan-hop-2c893b92f31d9b2e,31.206631412999997,development,ok,1.0
ok,63.13409469664262,54.202504142439416,104.11186727887063,E09,20,CH3L RX0+1,1.0186610909999985,48,104.11186727887063,margin_0.1,,48,54.202504142439416,31.206631412999997,1.0,5000000,2,scan-hop-2c893b92f31d9b2e,31.206631412999997,development,ok,1.0
ok,63.13409469664262,54.202504142439416,104.11186727887063,E09,20,CH3L RX0+1,1.0186610909999985,48,104.11186727887063,margin_0.15,,48,54.202504142439416,31.206631412999997,1.0,5000000,2,scan-hop-2c893b92f31d9b2e,31.206631412999997,development,ok,1.0
ok,63.13409469664262,54.202504142439416,104.11186727887063,E09,20,CH3L RX0+1,1.0186610909999985,48,104.11186727887063,margin_0.2,,48,54.202504142439416,31.206631412999997,1.0,5000000,2,scan-hop-2c893b92f31d9b2e,31.206631412999997,development,ok,1.0
ok,81.5230383488276,63.1077663560756,765.1109584537857,E09,20,CH3L RX0+1,7.042756155999996,48,765.1109584537857,top_1,,26,28.95714234776177,28.191954593000006,0.5416666666666666,5000000,2,scan-hop-2c893b92f31d9b2e,31.206631412999997,development,ok,0.5714285714285714
ok,74.99121499417652,62.31346477881845,134.33355742900932,E09,20,CH3L RX0+1,3.035984259000003,48,134.33355742900932,top_2,,43,28.92515222254742,31.206631412999997,0.8958333333333334,5000000,2,scan-hop-2c893b92f31d9b2e,31.206631412999997,development,ok,0.9642857142857143
ok,67.17985653238246,55.74529619718212,134.33355742900932,E09,20,CH3L RX0+1,2.0239892099999963,48,134.33355742900932,top_4,,46,48.648999430898144,31.206631412999997,0.9583333333333334,5000000,2,scan-hop-2c893b92f31d9b2e,31.206631412999997,development,ok,0.9642857142857143
ok,63.54253611505681,54.32636831362419,105.94747709122075,E09,20,CH3L RX0+1,1.0186610909999985,48,105.94747709122075,bounded_score_weight,,48,54.32636831362419,31.206631412999997,1.0,5000000,2,scan-hop-2c893b92f31d9b2e,31.206631412999997,development,ok,1.0
ok,63.54253611507323,54.326368313651116,105.94747709163983,E09,20,CH3L RX0+1,1.0186610909999985,48,105.94747709163983,production_score_weight,,48,54.326368313651116,31.206631412999997,1.0,5000000,2,scan-hop-2c893b92f31d9b2e,31.206631412999997,development,ok,1.0
ok,67.73473410587843,58.26329498997174,396.6532016708493,E09,20,CH3L RX0+1,1.0186610909999985,48,396.6532016708493,integer_epoch,,48,76.61899748822374,31.206631412999997,1.0,5000000,2,scan-hop-2c893b92f31d9b2e,31.206631412999997,development,ok,1.0
ok,131.72152598869957,117.88117310478098,1002.3072725204038,E16,32,CH4LU RX0,1.01199702400001,79,1002.3072725204038,baseline,,79,117.88117310478098,43.285357540999996,1.0,5000000,2,scan-hop-2c893b92f31d9b2e,43.285357540999996,development,ok,1.0
ok,131.72152598869957,117.88117310478098,1002.3072725204038,E16,32,CH4LU RX0,1.01199702400001,79,1002.3072725204038,margin_0.05,,79,117.88117310478098,43.285357540999996,1.0,5000000,2,scan-hop-2c893b92f31d9b2e,43.285357540999996,development,ok,1.0
ok,131.72152598869957,117.88117310478098,1002.3072725204038,E16,32,CH4LU RX0,1.01199702400001,79,1002.3072725204038,margin_0.075,,79,117.88117310478098,43.285357540999996,1.0,5000000,2,scan-hop-2c893b92f31d9b2e,43.285357540999996,development,ok,1.0
ok,131.72152598869957,117.88117310478098,1002.3072725204038,E16,32,CH4LU RX0,1.01199702400001,79,1002.3072725204038,margin_0.1,,79,117.88117310478098,43.285357540999996,1.0,5000000,2,scan-hop-2c893b92f31d9b2e,43.285357540999996,development,ok,1.0
ok,131.72152598869957,117.88117310478098,1002.3072725204038,E16,32,CH4LU RX0,1.01199702400001,79,1002.3072725204038,margin_0.15,,79,117.88117310478098,43.285357540999996,1.0,5000000,2,scan-hop-2c893b92f31d9b2e,43.285357540999996,development,ok,1.0
ok,127.60643630533335,122.5186570944382,647.3612826797115,E16,32,CH4LU RX0,4.021859487,79,647.3612826797115,margin_0.2,,73,114.40514347470139,41.268515114999985,0.9240506329113924,5000000,2,scan-hop-2c893b92f31d9b2e,43.285357540999996,development,ok,0.8723404255319149
ok,148.6555928509858,139.7059362364702,1598.2347808204795,E16,32,CH4LU RX0,18.117300905999997,79,1598.2347808204795,top_1,,28,105.85297972056108,39.261377822000014,0.35443037974683544,5000000,2,scan-hop-2c893b92f31d9b2e,43.285357540999996,development,ok,0.425531914893617
ok,133.81535022757737,123.34933074379879,553.5123534889018,E16,32,CH4LU RX0,7.052589703999985,79,553.5123534889018,top_2,,56,85.89728125124526,43.285357540999996,0.7088607594936709,5000000,2,scan-hop-2c893b92f31d9b2e,43.285357540999996,development,ok,0.6595744680851063
ok,135.58515585410328,120.83763485822763,522.317827099456,E16,32,CH4LU RX0,4.030723606000009,79,522.317827099456,top_4,,66,98.76325593088617,43.285357540999996,0.8354430379746836,5000000,2,scan-hop-2c893b92f31d9b2e,43.285357540999996,development,ok,0.7872340425531915
ok,130.2828931547519,118.03961765879222,1027.0120383022129,E16,32,CH4LU RX0,1.01199702400001,79,1027.0120383022129,bounded_score_weight,,79,118.03961765879222,43.285357540999996,1.0,5000000,2,scan-hop-2c893b92f31d9b2e,43.285357540999996,development,ok,1.0
ok,129.68057839882022,118.07682521933012,1011.6290366967488,E16,32,CH4LU RX0,1.01199702400001,79,1011.6290366967488,production_score_weight,,79,118.07682521933012,43.285357540999996,1.0,5000000,2,scan-hop-2c893b92f31d9b2e,43.285357540999996,development,ok,1.0
ok,131.72152598869957,117.88117310478098,1002.3072725204038,E16,32,CH4LU RX0,1.01199702400001,79,1002.3072725204038,integer_epoch,,79,117.88117310478098,43.285357540999996,1.0,5000000,2,scan-hop-2c893b92f31d9b2e,43.285357540999996,development,ok,1.0
ok,132.62749794292498,119.07240604280805,1102.8452207767234,E21,57,CH2LU RX0+1,1.0133389439999974,140,1102.8452207767234,baseline,,140,119.07240604280805,38.25490773999999,1.0,5000000,4,scan-hop-2c893b92f31d9b2e,38.25490773999999,development,ok,1.0
ok,132.90999630654238,119.16365269298271,1102.8452207767234,E21,57,CH2LU RX0+1,1.0133389439999974,140,1102.8452207767234,margin_0.05,,139,118.30365040460573,38.25490773999999,0.9928571428571429,5000000,4,scan-hop-2c893b92f31d9b2e,38.25490773999999,development,ok,1.0
ok,132.90999630654238,119.16365269298271,1102.8452207767234,E21,57,CH2LU RX0+1,1.0133389439999974,140,1102.8452207767234,margin_0.075,,139,118.30365040460573,38.25490773999999,0.9928571428571429,5000000,4,scan-hop-2c893b92f31d9b2e,38.25490773999999,development,ok,1.0
ok,132.90999630654238,119.16365269298271,1102.8452207767234,E21,57,CH2LU RX0+1,1.0133389439999974,140,1102.8452207767234,margin_0.1,,139,118.30365040460573,38.25490773999999,0.9928571428571429,5000000,4,scan-hop-2c893b92f31d9b2e,38.25490773999999,development,ok,1.0
ok,132.90999630654238,119.16365269298271,1102.8452207767234,E21,57,CH2LU RX0+1,1.0133389439999974,140,1102.8452207767234,margin_0.15,,139,118.30365040460573,38.25490773999999,0.9928571428571429,5000000,4,scan-hop-2c893b92f31d9b2e,38.25490773999999,development,ok,1.0
ok,131.5649978882923,119.66361623538648,1067.4946049644127,E21,57,CH2LU RX0+1,2.0120125439999867,140,1067.4946049644127,margin_0.2,,138,112.6148906795111,38.25490773999999,0.9857142857142858,5000000,4,scan-hop-2c893b92f31d9b2e,38.25490773999999,development,ok,0.9879518072289156
,,,,E21,57,CH2LU RX0+1,,140,,top_1,fewer than four training observations in a source segment,55,,,0.39285714285714285,5000000,4,scan-hop-2c893b92f31d9b2e,38.25490773999999,development,insufficient_support,0.3493975903614458
ok,135.07895486828303,121.53659407214658,969.687981630177,E21,57,CH2LU RX0+1,8.049351455000021,140,969.687981630177,top_2,,100,96.64755302569651,38.25490773999999,0.7142857142857143,5000000,4,scan-hop-2c893b92f31d9b2e,38.25490773999999,development,ok,0.6987951807228916
ok,136.4085533193097,121.29221272396087,1209.3855978479398,E21,57,CH2LU RX0+1,4.0266613209999775,140,1209.3855978479398,top_4,,123,107.98002405679593,38.25490773999999,0.8785714285714286,5000000,4,scan-hop-2c893b92f31d9b2e,38.25490773999999,development,ok,0.8674698795180723
ok,125.66538847579609,119.39780016899529,833.673112931233,E21,57,CH2LU RX0+1,1.0133389439999974,140,833.673112931233,bounded_score_weight,,140,119.39780016899529,38.25490773999999,1.0,5000000,4,scan-hop-2c893b92f31d9b2e,38.25490773999999,development,ok,1.0
ok,124.9969817248411,119.44099963658236,807.8167465689803,E21,57,CH2LU RX0+1,1.0133389439999974,140,807.8167465689803,production_score_weight,,140,119.44099963658236,38.25490773999999,1.0,5000000,4,scan-hop-2c893b92f31d9b2e,38.25490773999999,development,ok,1.0
ok,133.45585168125757,121.19381856317877,1128.381023543337,E21,57,CH2LU RX0+1,1.0133389439999974,140,1119.2397466083594,integer_epoch,,140,117.10706174208373,38.25490773999999,1.0,5000000,4,scan-hop-2c893b92f31d9b2e,38.25490773999999,development,ok,1.0
ok,179.01590154108186,161.49418508507702,531.7796401069495,E02,13,CH2U RX0,1.0143368920000029,32,531.7796401069495,baseline,,32,161.49418508507702,31.181464465000005,1.0,2500000,1,scan-hop-f1ec4c0c13ce464d,31.181464465000005,development,ok,1.0
ok,179.01590154108186,161.49418508507702,531.7796401069495,E02,13,CH2U RX0,1.0143368920000029,32,531.7796401069495,margin_0.05,,32,161.49418508507702,31.181464465000005,1.0,2500000,1,scan-hop-f1ec4c0c13ce464d,31.181464465000005,development,ok,1.0
ok,179.01590154108186,161.49418508507702,531.7796401069495,E02,13,CH2U RX0,1.0143368920000029,32,531.7796401069495,margin_0.075,,32,161.49418508507702,31.181464465000005,1.0,2500000,1,scan-hop-f1ec4c0c13ce464d,31.181464465000005,development,ok,1.0
ok,179.01590154108186,161.49418508507702,531.7796401069495,E02,13,CH2U RX0,1.0143368920000029,32,531.7796401069495,margin_0.1,,32,161.49418508507702,31.181464465000005,1.0,2500000,1,scan-hop-f1ec4c0c13ce464d,31.181464465000005,development,ok,1.0
ok,179.01590154108186,161.49418508507702,531.7796401069495,E02,13,CH2U RX0,1.0143368920000029,32,531.7796401069495,margin_0.15,,32,161.49418508507702,31.181464465000005,1.0,2500000,1,scan-hop-f1ec4c0c13ce464d,31.181464465000005,development,ok,1.0
ok,251.18878259011305,171.52375957792472,1615.7577363079963,E02,13,CH2U RX0,3.0098180799999987,32,1615.7577363079963,margin_0.2,,30,135.2071462512861,31.181464465000005,0.9375,2500000,1,scan-hop-f1ec4c0c13ce464d,31.181464465000005,development,ok,0.8947368421052632
ok,252.38030573143055,204.26744630069814,8635.667903524876,E02,13,CH2U RX0,5.026672925999996,32,8635.667903524876,top_1,,11,115.10441081986313,21.128077679999997,0.34375,2500000,1,scan-hop-f1ec4c0c13ce464d,31.181464465000005,development,ok,0.47368421052631576
ok,210.13652128138114,166.8043508750359,1709.1224976891535,E02,13,CH2U RX0,4.020235684999996,32,1709.1224976891535,top_2,,19,151.90724819943676,29.16669316,0.59375,2500000,1,scan-hop-f1ec4c0c13ce464d,31.181464465000005,development,ok,0.631578947368421
ok,200.91947898983148,171.52471039539208,1849.9359975961959,E02,13,CH2U RX0,4.018695667999999,32,1849.9359975961959,top_4,,25,159.520764271758,29.16669316,0.78125,2500000,1,scan-hop-f1ec4c0c13ce464d,31.181464465000005,development,ok,0.6842105263157895
ok,186.10717489947123,161.82524267196914,1247.5009348103208,E02,13,CH2U RX0,1.0143368920000029,32,1247.5009348103208,bounded_score_weight,,32,161.82524267196914,31.181464465000005,1.0,2500000,1,scan-hop-f1ec4c0c13ce464d,31.181464465000005,development,ok,1.0
ok,187.25565709886175,162.32989913848712,1290.2655301736447,E02,13,CH2U RX0,1.0143368920000029,32,1290.2655301736447,production_score_weight,,32,162.32989913848712,31.181464465000005,1.0,2500000,1,scan-hop-f1ec4c0c13ce464d,31.181464465000005,development,ok,1.0
ok,178.9858137931937,163.23867996366323,429.7984774805804,E02,13,CH2U RX0,1.0143368920000029,32,429.7984774805804,integer_epoch,,32,159.46523864802984,31.181464465000005,1.0,2500000,1,scan-hop-f1ec4c0c13ce464d,31.181464465000005,development,ok,1.0
ok,103.69931211856415,91.10503571810831,108.38835039036516,E04,45,CH4LU RX0+1,1.0145907100000002,108,108.38835039036516,baseline,,108,91.10503571810831,42.701229178000006,1.0,2500000,4,scan-hop-f1ec4c0c13ce464d,42.701229178000006,development,ok,1.0
ok,103.69931211856415,91.10503571810831,108.38835039036516,E04,45,CH4LU RX0+1,1.0145907100000002,108,108.38835039036516,margin_0.05,,108,91.10503571810831,42.701229178000006,1.0,2500000,4,scan-hop-f1ec4c0c13ce464d,42.701229178000006,development,ok,1.0
ok,103.69931211856415,91.10503571810831,108.38835039036516,E04,45,CH4LU RX0+1,1.0145907100000002,108,108.38835039036516,margin_0.075,,108,91.10503571810831,42.701229178000006,1.0,2500000,4,scan-hop-f1ec4c0c13ce464d,42.701229178000006,development,ok,1.0
ok,103.69931211856415,91.10503571810831,108.38835039036516,E04,45,CH4LU RX0+1,1.0145907100000002,108,108.38835039036516,margin_0.1,,108,91.10503571810831,42.701229178000006,1.0,2500000,4,scan-hop-f1ec4c0c13ce464d,42.701229178000006,development,ok,1.0
ok,103.28465360407094,91.45934173366594,98.07510997924854,E04,45,CH4LU RX0+1,2.0053417909999993,108,98.07510997924854,margin_0.15,,107,89.43398606385917,42.701229178000006,0.9907407407407407,2500000,4,scan-hop-f1ec4c0c13ce464d,42.701229178000006,development,ok,0.9841269841269841
ok,104.31255323214039,91.43610435328743,108.15326366256363,E04,45,CH4LU RX0+1,2.0053417909999993,108,108.15326366256363,margin_0.2,,106,89.85409931288747,41.691891166000005,0.9814814814814815,2500000,4,scan-hop-f1ec4c0c13ce464d,42.701229178000006,development,ok,0.9682539682539683
,,,,E04,45,CH4LU RX0+1,,108,,top_1,fewer than four training observations in a source segment,44,,,0.4074074074074074,2500000,4,scan-hop-f1ec4c0c13ce464d,42.701229178000006,development,insufficient_support,0.3968253968253968
ok,98.79872314999906,96.12184315014913,101.1927807864792,E04,45,CH4LU RX0+1,9.065358697,108,101.1927807864792,top_2,,82,48.93871682663613,41.698570914,0.7592592592592593,2500000,4,scan-hop-f1ec4c0c13ce464d,42.701229178000006,development,ok,0.7301587301587301
ok,102.11792704931531,91.93148067134427,167.90635771229813,E04,45,CH4LU RX0+1,4.033346506999997,108,167.90635771229813,top_4,,95,74.25213892652549,42.701229178000006,0.8796296296296297,2500000,4,scan-hop-f1ec4c0c13ce464d,42.701229178000006,development,ok,0.8253968253968254
ok,103.90384826909757,91.15852508619348,98.66502084809653,E04,45,CH4LU RX0+1,1.0145907100000002,108,98.66502084809653,bounded_score_weight,,108,91.15852508619348,42.701229178000006,1.0,2500000,4,scan-hop-f1ec4c0c13ce464d,42.701229178000006,development,ok,1.0
ok,103.75485336445487,91.14656969784436,95.3174148961537,E04,45,CH4LU RX0+1,1.0145907100000002,108,95.3174148961537,production_score_weight,,108,91.14656969784436,42.701229178000006,1.0,2500000,4,scan-hop-f1ec4c0c13ce464d,42.701229178000006,development,ok,1.0
ok,101.76571803578841,92.59669362742129,134.58329472438567,E04,45,CH4LU RX0+1,1.0145907100000002,108,124.35816090034346,integer_epoch,,108,94.38958751750077,42.701229178000006,1.0,2500000,4,scan-hop-f1ec4c0c13ce464d,42.701229178000006,development,ok,1.0
ok,111.94499808705501,102.88364865990579,437.2540896117354,E05,32,CH2LU RX0+1,1.0106680929999996,76,437.2540896117354,baseline,,76,102.88364865990579,35.650526537000005,1.0,2500000,3,scan-hop-f1ec4c0c13ce464d,35.650526537000005,development,ok,1.0
ok,111.94499808705501,102.88364865990579,437.2540896117354,E05,32,CH2LU RX0+1,1.0106680929999996,76,437.2540896117354,margin_0.05,,76,102.88364865990579,35.650526537000005,1.0,2500000,3,scan-hop-f1ec4c0c13ce464d,35.650526537000005,development,ok,1.0
ok,111.94499808705501,102.88364865990579,437.2540896117354,E05,32,CH2LU RX0+1,1.0106680929999996,76,437.2540896117354,margin_0.075,,76,102.88364865990579,35.650526537000005,1.0,2500000,3,scan-hop-f1ec4c0c13ce464d,35.650526537000005,development,ok,1.0
ok,111.94499808705501,102.88364865990579,437.2540896117354,E05,32,CH2LU RX0+1,1.0106680929999996,76,437.2540896117354,margin_0.1,,76,102.88364865990579,35.650526537000005,1.0,2500000,3,scan-hop-f1ec4c0c13ce464d,35.650526537000005,development,ok,1.0
ok,111.94499808705501,102.88364865990579,437.2540896117354,E05,32,CH2LU RX0+1,1.0106680929999996,76,437.2540896117354,margin_0.15,,76,102.88364865990579,35.650526537000005,1.0,2500000,3,scan-hop-f1ec4c0c13ce464d,35.650526537000005,development,ok,1.0
ok,111.94499808705501,102.88364865990579,437.2540896117354,E05,32,CH2LU RX0+1,1.0106680929999996,76,437.2540896117354,margin_0.2,,76,102.88364865990579,35.650526537000005,1.0,2500000,3,scan-hop-f1ec4c0c13ce464d,35.650526537000005,development,ok,1.0
ok,141.83493337709146,141.73070880772482,455.42721063076806,E05,32,CH2LU RX0+1,8.032775741999998,76,455.42721063076806,top_1,,28,44.819312715132774,27.613223396000002,0.3684210526315789,2500000,3,scan-hop-f1ec4c0c13ce464d,35.650526537000005,development,ok,0.45454545454545453
ok,137.37169612205486,131.99980581648677,229.50939234493916,E05,32,CH2LU RX0+1,5.022127095999991,76,229.50939234493916,top_2,,51,55.06137501939517,31.124267298,0.6710526315789473,2500000,3,scan-hop-f1ec4c0c13ce464d,35.650526537000005,development,ok,0.7727272727272727
ok,110.96327707423275,107.81624547386589,172.03401283859725,E05,32,CH2LU RX0+1,3.0146552629999945,76,172.03401283859725,top_4,,63,96.27389985948108,32.634920771000004,0.8289473684210527,2500000,3,scan-hop-f1ec4c0c13ce464d,35.650526537000005,development,ok,0.8409090909090909
ok,111.13791643457317,102.92395314056263,434.50851384972503,E05,32,CH2LU RX0+1,1.0106680929999996,76,434.50851384972503,bounded_score_weight,,76,102.92395314056263,35.650526537000005,1.0,2500000,3,scan-hop-f1ec4c0c13ce464d,35.650526537000005,development,ok,1.0
ok,111.13791643458124,102.92395314056449,434.5085138497793,E05,32,CH2LU RX0+1,1.0106680929999996,76,434.5085138497793,production_score_weight,,76,102.92395314056449,35.650526537000005,1.0,2500000,3,scan-hop-f1ec4c0c13ce464d,35.650526537000005,development,ok,1.0
ok,111.94499808705501,102.88364865990579,437.2540896117354,E05,32,CH2LU RX0+1,1.0106680929999996,76,437.2540896117354,integer_epoch,,76,102.88364865990579,35.650526537000005,1.0,2500000,3,scan-hop-f1ec4c0c13ce464d,35.650526537000005,development,ok,1.0
ok,65.02198701021544,54.825753743632234,214.14946889654362,E10,37,CH2LU RX0+1,1.0119950830000164,89,214.14946889654362,baseline,,89,54.825753743632234,35.16929968699999,1.0,2500000,3,scan-hop-f1ec4c0c13ce464d,35.16929968699999,development,ok,1.0
ok,65.02198701021544,54.825753743632234,214.14946889654362,E10,37,CH2LU RX0+1,1.0119950830000164,89,214.14946889654362,margin_0.05,,89,54.825753743632234,35.16929968699999,1.0,2500000,3,scan-hop-f1ec4c0c13ce464d,35.16929968699999,development,ok,1.0
ok,65.02198701021544,54.825753743632234,214.14946889654362,E10,37,CH2LU RX0+1,1.0119950830000164,89,214.14946889654362,margin_0.075,,89,54.825753743632234,35.16929968699999,1.0,2500000,3,scan-hop-f1ec4c0c13ce464d,35.16929968699999,development,ok,1.0
ok,65.02198701021544,54.825753743632234,214.14946889654362,E10,37,CH2LU RX0+1,1.0119950830000164,89,214.14946889654362,margin_0.1,,89,54.825753743632234,35.16929968699999,1.0,2500000,3,scan-hop-f1ec4c0c13ce464d,35.16929968699999,development,ok,1.0
ok,65.02198701021544,54.825753743632234,214.14946889654362,E10,37,CH2LU RX0+1,1.0119950830000164,89,214.14946889654362,margin_0.15,,89,54.825753743632234,35.16929968699999,1.0,2500000,3,scan-hop-f1ec4c0c13ce464d,35.16929968699999,development,ok,1.0
ok,65.02198701021544,54.825753743632234,214.14946889654362,E10,37,CH2LU RX0+1,1.0119950830000164,89,214.14946889654362,margin_0.2,,89,54.825753743632234,35.16929968699999,1.0,2500000,3,scan-hop-f1ec4c0c13ce464d,35.16929968699999,development,ok,1.0
ok,66.91536883755221,56.82373579486265,287.8238904321402,E10,37,CH2LU RX0+1,7.0305352889999995,89,287.8238904321402,top_1,,40,28.046718162882783,34.16396219699999,0.449438202247191,2500000,3,scan-hop-f1ec4c0c13ce464d,35.16929968699999,development,ok,0.38461538461538464
ok,64.86289111096843,56.895709732287386,187.4573169528056,E10,37,CH2LU RX0+1,2.0160142720000067,89,187.4573169528056,top_2,,81,26.427535853848454,35.16929968699999,0.9101123595505618,2500000,3,scan-hop-f1ec4c0c13ce464d,35.16929968699999,development,ok,0.9615384615384616
ok,64.0133591242185,55.42164947048305,214.14946889654362,E10,37,CH2LU RX0+1,2.0133284710000225,89,214.14946889654362,top_4,,87,44.51946987493773,35.16929968699999,0.9775280898876404,2500000,3,scan-hop-f1ec4c0c13ce464d,35.16929968699999,development,ok,1.0
ok,64.46495764995463,54.838109010065935,193.05653476650954,E10,37,CH2LU RX0+1,1.0119950830000164,89,193.05653476650954,bounded_score_weight,,89,54.838109010065935,35.16929968699999,1.0,2500000,3,scan-hop-f1ec4c0c13ce464d,35.16929968699999,development,ok,1.0
ok,64.464957649902,54.83810901005806,193.0565347668209,E10,37,CH2LU RX0+1,1.0119950830000164,89,193.0565347668209,production_score_weight,,89,54.83810901005806,35.16929968699999,1.0,2500000,3,scan-hop-f1ec4c0c13ce464d,35.16929968699999,development,ok,1.0
ok,72.75262060476156,56.254411041602744,359.9846437675409,E10,37,CH2LU RX0+1,1.0119950830000164,89,359.9846437675409,integer_epoch,,89,75.11759044135592,35.16929968699999,1.0,2500000,3,scan-hop-f1ec4c0c13ce464d,35.16929968699999,development,ok,1.0
ok,192.3079227132677,156.61810842048774,383.3111420643176,E12,29,CH1LU RX0,1.0120051639999872,69,383.3111420643176,baseline,,69,156.61810842048774,37.16010972000001,1.0,2500000,2,scan-hop-f1ec4c0c13ce464d,37.16010972000001,development,ok,1.0
ok,192.3079227132677,156.61810842048774,383.3111420643176,E12,29,CH1LU RX0,1.0120051639999872,69,383.3111420643176,margin_0.05,,69,156.61810842048774,37.16010972000001,1.0,2500000,2,scan-hop-f1ec4c0c13ce464d,37.16010972000001,development,ok,1.0
ok,192.3079227132677,156.61810842048774,383.3111420643176,E12,29,CH1LU RX0,1.0120051639999872,69,383.3111420643176,margin_0.075,,69,156.61810842048774,37.16010972000001,1.0,2500000,2,scan-hop-f1ec4c0c13ce464d,37.16010972000001,development,ok,1.0
ok,192.3079227132677,156.61810842048774,383.3111420643176,E12,29,CH1LU RX0,1.0120051639999872,69,383.3111420643176,margin_0.1,,69,156.61810842048774,37.16010972000001,1.0,2500000,2,scan-hop-f1ec4c0c13ce464d,37.16010972000001,development,ok,1.0
ok,182.4914812200967,157.41919742470168,219.78212831234592,E12,29,CH1LU RX0,3.006688577999995,69,219.78212831234592,margin_0.15,,65,145.24797273910383,37.16010972000001,0.9420289855072463,2500000,2,scan-hop-f1ec4c0c13ce464d,37.16010972000001,development,ok,0.9
ok,197.5178618481302,156.8080419033775,283.9988932650752,E12,29,CH1LU RX0,5.010294394999988,69,283.9988932650752,margin_0.2,,60,144.0933791258534,37.16010972000001,0.8695652173913043,2500000,2,scan-hop-f1ec4c0c13ce464d,37.16010972000001,development,ok,0.775
ok,269.7423033378948,174.26000325215026,910.653253809969,E12,29,CH1LU RX0,8.038533649000016,69,910.653253809969,top_1,,23,122.62611175202618,31.630781624000008,0.3333333333333333,2500000,2,scan-hop-f1ec4c0c13ce464d,37.16010972000001,development,ok,0.4
ok,190.45278878259046,162.09950270604492,1375.2683733385245,E12,29,CH1LU RX0,5.024020266999997,69,1375.2683733385245,top_2,,41,134.94848444706494,33.63877877600001,0.5942028985507246,2500000,2,scan-hop-f1ec4c0c13ce464d,37.16010972000001,development,ok,0.575
ok,205.93924724778338,158.01816936325883,984.9708733868173,E12,29,CH1LU RX0,3.0172264210000037,69,984.9708733868173,top_4,,50,153.5087075328872,36.65343892000001,0.7246376811594203,2500000,2,scan-hop-f1ec4c0c13ce464d,37.16010972000001,development,ok,0.675
ok,191.3476084418533,158.04083897398,308.84944604943684,E12,29,CH1LU RX0,1.0120051639999872,69,308.84944604943684,bounded_score_weight,,69,158.04083897398,37.16010972000001,1.0,2500000,2,scan-hop-f1ec4c0c13ce464d,37.16010972000001,development,ok,1.0
ok,189.62287937400936,158.30487262059833,258.1165444890135,E12,29,CH1LU RX0,1.0120051639999872,69,258.1165444890135,production_score_weight,,69,158.30487262059833,37.16010972000001,1.0,2500000,2,scan-hop-f1ec4c0c13ce464d,37.16010972000001,development,ok,1.0
ok,207.688648591517,157.93305370019328,1538.7954517124742,E12,29,CH1LU RX0,1.0120051639999872,69,1538.7954517124742,integer_epoch,,69,155.12075223944868,37.16010972000001,1.0,2500000,2,scan-hop-f1ec4c0c13ce464d,37.16010972000001,development,ok,1.0
ok,90.1895277259911,70.66215762497846,1883.1165155669623,E13,13,CH4U RX1,1.0090314130000024,32,1883.1165155669623,baseline,,32,70.66215762497846,31.128352034000017,1.0,2500000,1,scan-hop-f1ec4c0c13ce464d,31.128352034000017,development,ok,1.0
ok,90.1895277259911,70.66215762497846,1883.1165155669623,E13,13,CH4U RX1,1.0090314130000024,32,1883.1165155669623,margin_0.05,,32,70.66215762497846,31.128352034000017,1.0,2500000,1,scan-hop-f1ec4c0c13ce464d,31.128352034000017,development,ok,1.0
ok,90.1895277259911,70.66215762497846,1883.1165155669623,E13,13,CH4U RX1,1.0090314130000024,32,1883.1165155669623,margin_0.075,,32,70.66215762497846,31.128352034000017,1.0,2500000,1,scan-hop-f1ec4c0c13ce464d,31.128352034000017,development,ok,1.0
ok,90.1895277259911,70.66215762497846,1883.1165155669623,E13,13,CH4U RX1,1.0090314130000024,32,1883.1165155669623,margin_0.1,,32,70.66215762497846,31.128352034000017,1.0,2500000,1,scan-hop-f1ec4c0c13ce464d,31.128352034000017,development,ok,1.0
ok,90.1895277259911,70.66215762497846,1883.1165155669623,E13,13,CH4U RX1,1.0090314130000024,32,1883.1165155669623,margin_0.15,,32,70.66215762497846,31.128352034000017,1.0,2500000,1,scan-hop-f1ec4c0c13ce464d,31.128352034000017,development,ok,1.0
ok,86.64759330643878,79.12783341612554,1086.2080862049197,E13,13,CH4U RX1,1.0090314130000024,32,1086.2080862049197,margin_0.2,,31,56.42248520814899,30.12369833400001,0.96875,2500000,1,scan-hop-f1ec4c0c13ce464d,31.128352034000017,development,ok,0.9473684210526315
ok,83.64599787783878,81.2587510132419,294.2650378803874,E13,13,CH4U RX1,3.0133379259999913,32,294.2650378803874,top_1,,19,21.83636498041451,29.12272058900001,0.59375,2500000,1,scan-hop-f1ec4c0c13ce464d,31.128352034000017,development,ok,0.5789473684210527
ok,84.58870493346207,82.35585480436524,346.83018008252935,E13,13,CH4U RX1,2.0120100320000063,32,346.83018008252935,top_2,,27,20.5283333660196,30.12369833400001,0.84375,2500000,1,scan-hop-f1ec4c0c13ce464d,31.128352034000017,development,ok,0.7894736842105263
ok,90.1895277259911,70.66215762497846,1883.1165155669623,E13,13,CH4U RX1,1.0090314130000024,32,1883.1165155669623,top_4,,32,70.66215762497846,31.128352034000017,1.0,2500000,1,scan-hop-f1ec4c0c13ce464d,31.128352034000017,development,ok,1.0
ok,89.03062165846444,71.76770285907936,1681.1306580877322,E13,13,CH4U RX1,1.0090314130000024,32,1681.1306580877322,bounded_score_weight,,32,71.76770285907936,31.128352034000017,1.0,2500000,1,scan-hop-f1ec4c0c13ce464d,31.128352034000017,development,ok,1.0
ok,88.61104059756914,72.71333890937112,1587.748592898478,E13,13,CH4U RX1,1.0090314130000024,32,1587.748592898478,production_score_weight,,32,72.71333890937112,31.128352034000017,1.0,2500000,1,scan-hop-f1ec4c0c13ce464d,31.128352034000017,development,ok,1.0
ok,90.1895277259911,70.66215762497846,1883.1165155669623,E13,13,CH4U RX1,1.0090314130000024,32,1883.1165155669623,integer_epoch,,32,70.66215762497846,31.128352034000017,1.0,2500000,1,scan-hop-f1ec4c0c13ce464d,31.128352034000017,development,ok,1.0
ok,125.45762105225442,112.95944754380258,1289.1733804316534,E14,30,CH2LU RX1,1.0119965920000027,71,1289.1733804316534,baseline,,71,112.95944754380258,37.15478264500001,1.0,2500000,2,scan-hop-f1ec4c0c13ce464d,37.15478264500001,development,ok,1.0
ok,125.45762105225442,112.95944754380258,1289.1733804316534,E14,30,CH2LU RX1,1.0119965920000027,71,1289.1733804316534,margin_0.05,,71,112.95944754380258,37.15478264500001,1.0,2500000,2,scan-hop-f1ec4c0c13ce464d,37.15478264500001,development,ok,1.0
ok,125.45762105225442,112.95944754380258,1289.1733804316534,E14,30,CH2LU RX1,1.0119965920000027,71,1289.1733804316534,margin_0.075,,71,112.95944754380258,37.15478264500001,1.0,2500000,2,scan-hop-f1ec4c0c13ce464d,37.15478264500001,development,ok,1.0
ok,125.45762105225442,112.95944754380258,1289.1733804316534,E14,30,CH2LU RX1,1.0119965920000027,71,1289.1733804316534,margin_0.1,,71,112.95944754380258,37.15478264500001,1.0,2500000,2,scan-hop-f1ec4c0c13ce464d,37.15478264500001,development,ok,1.0
ok,125.45762105225442,112.95944754380258,1289.1733804316534,E14,30,CH2LU RX1,1.0119965920000027,71,1289.1733804316534,margin_0.15,,71,112.95944754380258,37.15478264500001,1.0,2500000,2,scan-hop-f1ec4c0c13ce464d,37.15478264500001,development,ok,1.0
ok,125.45762105225442,112.95944754380258,1289.1733804316534,E14,30,CH2LU RX1,1.0119965920000027,71,1289.1733804316534,margin_0.2,,71,112.95944754380258,37.15478264500001,1.0,2500000,2,scan-hop-f1ec4c0c13ce464d,37.15478264500001,development,ok,1.0
ok,132.47066210164041,126.52804715345978,641.0957696788162,E14,30,CH2LU RX1,11.045346583999986,71,641.0957696788162,top_1,,18,18.37747261920253,33.13506708400001,0.2535211267605634,2500000,2,scan-hop-f1ec4c0c13ce464d,37.15478264500001,development,ok,0.24390243902439024
ok,126.66682198749766,121.942906813016,539.8745043105916,E14,30,CH2LU RX1,5.024027984000014,71,539.8745043105916,top_2,,44,28.5684451071795,36.15211980800001,0.6197183098591549,2500000,2,scan-hop-f1ec4c0c13ce464d,37.15478264500001,development,ok,0.6341463414634146
ok,123.73015459056103,113.52715539752178,1289.1733804316534,E14,30,CH2LU RX1,2.009328955000001,71,1289.1733804316534,top_4,,66,107.96087742228848,36.15211980800001,0.9295774647887324,2500000,2,scan-hop-f1ec4c0c13ce464d,37.15478264500001,development,ok,1.0
ok,125.15306548942581,112.9824869549152,1237.4568093117648,E14,30,CH2LU RX1,1.0119965920000027,71,1237.4568093117648,bounded_score_weight,,71,112.9824869549152,37.15478264500001,1.0,2500000,2,scan-hop-f1ec4c0c13ce464d,37.15478264500001,development,ok,1.0
ok,125.15306548937957,112.98248695492214,1237.4568093111216,E14,30,CH2LU RX1,1.0119965920000027,71,1237.4568093111216,production_score_weight,,71,112.98248695492214,37.15478264500001,1.0,2500000,2,scan-hop-f1ec4c0c13ce464d,37.15478264500001,development,ok,1.0
ok,129.44957822469758,114.0171144247688,415.89408134837726,E14,30,CH2LU RX1,1.0119965920000027,71,417.11559593462124,integer_epoch,,71,113.36025048126618,37.15478264500001,1.0,2500000,2,scan-hop-f1ec4c0c13ce464d,37.15478264500001,development,ok,1.0
ok,136.07355617499914,124.33313355359816,263.1242387325544,E18,49,CH2LU RX0+1,1.0156951230000004,119,263.1242387325544,baseline,,119,124.33313355359816,34.665477933000005,1.0,2500000,5,scan-hop-f1ec4c0c13ce464d,34.665477933000005,development,ok,1.0
ok,136.07355617499914,124.33313355359816,263.1242387325544,E18,49,CH2LU RX0+1,1.0156951230000004,119,263.1242387325544,margin_0.05,,119,124.33313355359816,34.665477933000005,1.0,2500000,5,scan-hop-f1ec4c0c13ce464d,34.665477933000005,development,ok,1.0
ok,136.07355617499914,124.33313355359816,263.1242387325544,E18,49,CH2LU RX0+1,1.0156951230000004,119,263.1242387325544,margin_0.075,,119,124.33313355359816,34.665477933000005,1.0,2500000,5,scan-hop-f1ec4c0c13ce464d,34.665477933000005,development,ok,1.0
ok,136.07355617499914,124.33313355359816,263.1242387325544,E18,49,CH2LU RX0+1,1.0156951230000004,119,263.1242387325544,margin_0.1,,119,124.33313355359816,34.665477933000005,1.0,2500000,5,scan-hop-f1ec4c0c13ce464d,34.665477933000005,development,ok,1.0
ok,136.07355617499914,124.33313355359816,263.1242387325544,E18,49,CH2LU RX0+1,1.0156951230000004,119,263.1242387325544,margin_0.15,,119,124.33313355359816,34.665477933000005,1.0,2500000,5,scan-hop-f1ec4c0c13ce464d,34.665477933000005,development,ok,1.0
ok,136.07355617499914,124.33313355359816,263.1242387325544,E18,49,CH2LU RX0+1,1.0156951230000004,119,263.1242387325544,margin_0.2,,119,124.33313355359816,34.665477933000005,1.0,2500000,5,scan-hop-f1ec4c0c13ce464d,34.665477933000005,development,ok,1.0
,,,,E18,49,CH2LU RX0+1,,119,,top_1,fewer than four training observations in a source segment,40,,,0.33613445378151263,2500000,5,scan-hop-f1ec4c0c13ce464d,34.665477933000005,development,insufficient_support,0.37142857142857144
ok,138.2986770395677,132.20153846735937,325.30976450189854,E18,49,CH2LU RX0+1,7.024001518000006,119,325.30976450189854,top_2,,77,82.91499709470186,33.649782805,0.6470588235294118,2500000,5,scan-hop-f1ec4c0c13ce464d,34.665477933000005,development,ok,0.7285714285714285
ok,135.82171837361935,125.3827908411304,361.2185435527465,E18,49,CH2LU RX0+1,4.014682634999986,119,361.2185435527465,top_4,,101,117.34086384911687,34.665477928,0.8487394957983193,2500000,5,scan-hop-f1ec4c0c13ce464d,34.665477933000005,development,ok,0.9
ok,135.3071172522332,124.82156365875943,238.86373126131036,E18,49,CH2LU RX0+1,1.0156951230000004,119,238.86373126131036,bounded_score_weight,,119,124.82156365875943,34.665477933000005,1.0,2500000,5,scan-hop-f1ec4c0c13ce464d,34.665477933000005,development,ok,1.0
ok,135.25939362056147,124.86947864224018,236.57191545423373,E18,49,CH2LU RX0+1,1.0156951230000004,119,236.57191545423373,production_score_weight,,119,124.86947864224018,34.665477933000005,1.0,2500000,5,scan-hop-f1ec4c0c13ce464d,34.665477933000005,development,ok,1.0
ok,136.83007128464502,126.20910426689967,157.42870173784524,E18,49,CH2LU RX0+1,1.0156951230000004,119,159.27110320800114,integer_epoch,,119,121.35716540387222,34.665477933000005,1.0,2500000,5,scan-hop-f1ec4c0c13ce464d,34.665477933000005,development,ok,1.0
ok,126.31754629206704,118.75361337215917,208.28067410780469,E04,35,CH3LU RX0+1,1.0146684969999988,83,208.28067410780469,baseline,,83,118.75361337215917,44.782680365,1.0,5000000,3,scan-hop-940e490852d09ccc,44.782680365,development,ok,1.0
ok,126.31754629206704,118.75361337215917,208.28067410780469,E04,35,CH3LU RX0+1,1.0146684969999988,83,208.28067410780469,margin_0.05,,83,118.75361337215917,44.782680365,1.0,5000000,3,scan-hop-940e490852d09ccc,44.782680365,development,ok,1.0
ok,126.31754629206704,118.75361337215917,208.28067410780469,E04,35,CH3LU RX0+1,1.0146684969999988,83,208.28067410780469,margin_0.075,,83,118.75361337215917,44.782680365,1.0,5000000,3,scan-hop-940e490852d09ccc,44.782680365,development,ok,1.0
ok,126.31754629206704,118.75361337215917,208.28067410780469,E04,35,CH3LU RX0+1,1.0146684969999988,83,208.28067410780469,margin_0.1,,83,118.75361337215917,44.782680365,1.0,5000000,3,scan-hop-940e490852d09ccc,44.782680365,development,ok,1.0
ok,126.61462847154328,118.76760988519099,238.11897072971283,E04,35,CH3LU RX0+1,2.013348227,83,238.11897072971283,margin_0.15,,82,119.39540617023228,44.782680365,0.9879518072289156,5000000,3,scan-hop-940e490852d09ccc,44.782680365,development,ok,0.9791666666666666
ok,126.61462847154328,118.76760988519099,238.11897072971283,E04,35,CH3LU RX0+1,2.013348227,83,238.11897072971283,margin_0.2,,82,119.39540617023228,44.782680365,0.9879518072289156,5000000,3,scan-hop-940e490852d09ccc,44.782680365,development,ok,0.9791666666666666
,,,,E04,35,CH3LU RX0+1,,83,,top_1,fewer than four training observations in a source segment,35,,,0.42168674698795183,5000000,3,scan-hop-940e490852d09ccc,44.782680365,development,insufficient_support,0.3958333333333333
ok,135.35719119704777,120.03165125148816,270.90908807374643,E04,35,CH3LU RX0+1,10.069363378999999,83,270.90908807374643,top_2,,57,104.7048495679045,43.270669022999996,0.6867469879518072,5000000,3,scan-hop-940e490852d09ccc,44.782680365,development,ok,0.6458333333333334
ok,127.4153992806045,119.45237597199687,232.49183927083388,E04,35,CH3LU RX0+1,4.024016131,83,232.49183927083388,top_4,,72,108.87656856015545,44.782680365,0.8674698795180723,5000000,3,scan-hop-940e490852d09ccc,44.782680365,development,ok,0.8541666666666666
ok,126.11326900949716,120.25974460207838,196.7440748380889,E04,35,CH3LU RX0+1,1.0146684969999988,83,196.7440748380889,bounded_score_weight,,83,120.25974460207838,44.782680365,1.0,5000000,3,scan-hop-940e490852d09ccc,44.782680365,development,ok,1.0
ok,126.1794100488555,120.26477796215775,200.65051793454163,E04,35,CH3LU RX0+1,1.0146684969999988,83,200.65051793454163,production_score_weight,,83,120.26477796215775,44.782680365,1.0,5000000,3,scan-hop-940e490852d09ccc,44.782680365,development,ok,1.0
ok,128.95817719451932,120.89124832518223,247.0683964553093,E04,35,CH3LU RX0+1,1.0146684969999988,83,240.2274739783622,integer_epoch,,83,115.32878650364754,44.782680365,1.0,5000000,3,scan-hop-940e490852d09ccc,44.782680365,development,ok,1.0
ok,116.714950976508,108.15012049696358,578.7358632802308,E09,59,CH1LU RX0+1,1.0133291659999912,145,578.7358632802308,baseline,,145,108.15012049696358,39.250664963,1.0,5000000,4,scan-hop-940e490852d09ccc,39.250664963,development,ok,1.0
ok,116.714950976508,108.15012049696358,578.7358632802308,E09,59,CH1LU RX0+1,1.0133291659999912,145,578.7358632802308,margin_0.05,,145,108.15012049696358,39.250664963,1.0,5000000,4,scan-hop-940e490852d09ccc,39.250664963,development,ok,1.0
ok,116.714950976508,108.15012049696358,578.7358632802308,E09,59,CH1LU RX0+1,1.0133291659999912,145,578.7358632802308,margin_0.075,,145,108.15012049696358,39.250664963,1.0,5000000,4,scan-hop-940e490852d09ccc,39.250664963,development,ok,1.0
ok,116.714950976508,108.15012049696358,578.7358632802308,E09,59,CH1LU RX0+1,1.0133291659999912,145,578.7358632802308,margin_0.1,,145,108.15012049696358,39.250664963,1.0,5000000,4,scan-hop-940e490852d09ccc,39.250664963,development,ok,1.0
ok,116.714950976508,108.15012049696358,578.7358632802308,E09,59,CH1LU RX0+1,1.0133291659999912,145,578.7358632802308,margin_0.15,,145,108.15012049696358,39.250664963,1.0,5000000,4,scan-hop-940e490852d09ccc,39.250664963,development,ok,1.0
ok,116.714950976508,108.15012049696358,578.7358632802308,E09,59,CH1LU RX0+1,1.0133291659999912,145,578.7358632802308,margin_0.2,,145,108.15012049696358,39.250664963,1.0,5000000,4,scan-hop-940e490852d09ccc,39.250664963,development,ok,1.0
ok,120.85190567424164,111.69407176584701,820.7245179212258,E09,59,CH1LU RX0+1,10.066695129999992,145,820.7245179212258,top_1,,68,80.25276154237058,37.7421214,0.4689655172413793,5000000,4,scan-hop-940e490852d09ccc,39.250664963,development,ok,0.47674418604651164
ok,122.28660777829317,109.66014089171493,954.9487985290001,E09,59,CH1LU RX0+1,7.041904256000009,145,954.9487985290001,top_2,,115,93.69199330028661,39.250664904999994,0.7931034482758621,5000000,4,scan-hop-940e490852d09ccc,39.250664963,development,ok,0.7906976744186046
ok,117.3036370399229,108.38044024804634,711.6454315054224,E09,59,CH1LU RX0+1,3.018664150999996,145,711.6454315054224,top_4,,134,102.91488254313388,39.250664904999994,0.9241379310344827,5000000,4,scan-hop-940e490852d09ccc,39.250664963,development,ok,0.9069767441860465
ok,116.22327518255726,108.46594651765687,481.2989793184425,E09,59,CH1LU RX0+1,1.0133291659999912,145,481.2989793184425,bounded_score_weight,,145,108.46594651765687,39.250664963,1.0,5000000,4,scan-hop-940e490852d09ccc,39.250664963,development,ok,1.0
ok,116.21628411559666,108.49030459949091,479.56404602783635,E09,59,CH1LU RX0+1,1.0133291659999912,145,479.56404602783635,production_score_weight,,145,108.49030459949091,39.250664963,1.0,5000000,4,scan-hop-940e490852d09ccc,39.250664963,development,ok,1.0
ok,114.04150782691929,108.73958680729564,520.9409513990943,E09,59,CH1LU RX0+1,1.0133291659999912,145,520.9409513990943,integer_epoch,,145,111.08330030228275,39.250664963,1.0,5000000,4,scan-hop-940e490852d09ccc,39.250664963,development,ok,1.0
ok,124.74173355308955,115.07637723956553,660.3981343781633,E10,54,CH3LU RX0+1,1.0133367769999921,133,660.3981343781633,baseline,,133,115.07637723956553,35.214721656999984,1.0,5000000,4,scan-hop-940e490852d09ccc,35.214721656999984,development,ok,1.0
ok,124.74173355308955,115.07637723956553,660.3981343781633,E10,54,CH3LU RX0+1,1.0133367769999921,133,660.3981343781633,margin_0.05,,133,115.07637723956553,35.214721656999984,1.0,5000000,4,scan-hop-940e490852d09ccc,35.214721656999984,development,ok,1.0
ok,124.74173355308955,115.07637723956553,660.3981343781633,E10,54,CH3LU RX0+1,1.0133367769999921,133,660.3981343781633,margin_0.075,,133,115.07637723956553,35.214721656999984,1.0,5000000,4,scan-hop-940e490852d09ccc,35.214721656999984,development,ok,1.0
ok,124.74173355308955,115.07637723956553,660.3981343781633,E10,54,CH3LU RX0+1,1.0133367769999921,133,660.3981343781633,margin_0.1,,133,115.07637723956553,35.214721656999984,1.0,5000000,4,scan-hop-940e490852d09ccc,35.214721656999984,development,ok,1.0
ok,124.74173355308955,115.07637723956553,660.3981343781633,E10,54,CH3LU RX0+1,1.0133367769999921,133,660.3981343781633,margin_0.15,,133,115.07637723956553,35.214721656999984,1.0,5000000,4,scan-hop-940e490852d09ccc,35.214721656999984,development,ok,1.0
ok,125.96381111374069,115.24582760521069,689.4449826472045,E10,54,CH3LU RX0+1,1.0133367769999921,133,689.4449826472045,margin_0.2,,129,114.2688164361551,35.214721656999984,0.9699248120300752,5000000,4,scan-hop-940e490852d09ccc,35.214721656999984,development,ok,0.9493670886075949
fewer than four training observations in a source segment,,119.93193485204597,1168.1040000017133,E10,54,CH3LU RX0+1,11.064084823000002,133,1168.1040000017133,top_1,,45,111.38177320674883,34.70538493599999,0.3383458646616541,5000000,4,scan-hop-940e490852d09ccc,35.214721656999984,development,ok,0.4050632911392405
ok,132.66981942089777,120.58771178964645,914.9822766321507,E10,54,CH3LU RX0+1,9.057357578999998,133,914.9822766321507,top_2,,87,89.11657210336504,35.214721656999984,0.6541353383458647,5000000,4,scan-hop-940e490852d09ccc,35.214721656999984,development,ok,0.620253164556962
ok,127.12832466977572,116.70268058253046,497.0838526646101,E10,54,CH3LU RX0+1,6.038685985000001,133,497.0838526646101,top_4,,110,103.00661320240398,35.214721656999984,0.8270676691729323,5000000,4,scan-hop-940e490852d09ccc,35.214721656999984,development,ok,0.8227848101265823
ok,123.97221816583107,115.5207910225665,665.2010495448969,E10,54,CH3LU RX0+1,1.0133367769999921,133,665.2010495448969,bounded_score_weight,,133,115.5207910225665,35.214721656999984,1.0,5000000,4,scan-hop-940e490852d09ccc,35.214721656999984,development,ok,1.0
ok,124.23531083596195,115.70904767345876,672.1491147445154,E10,54,CH3LU RX0+1,1.0133367769999921,133,672.1491147445154,production_score_weight,,133,115.70904767345876,35.214721656999984,1.0,5000000,4,scan-hop-940e490852d09ccc,35.214721656999984,development,ok,1.0
ok,123.24118824358023,115.64619160565715,763.0221398993615,E10,54,CH3LU RX0+1,1.0133367769999921,133,763.0221398993615,integer_epoch,,133,111.11531425534022,35.214721656999984,1.0,5000000,4,scan-hop-940e490852d09ccc,35.214721656999984,development,ok,1.0
ok,108.93462542158068,104.72229249902219,665.5736290809406,E11,71,CH2LU RX0+1,1.0146680879999792,173,665.5736290809406,baseline,,173,104.72229249902219,47.806914207000005,1.0,5000000,4,scan-hop-940e490852d09ccc,47.806914207000005,development,ok,1.0
ok,108.93462542158068,104.72229249902219,665.5736290809406,E11,71,CH2LU RX0+1,1.0146680879999792,173,665.5736290809406,margin_0.05,,173,104.72229249902219,47.806914207000005,1.0,5000000,4,scan-hop-940e490852d09ccc,47.806914207000005,development,ok,1.0
ok,108.93462542158068,104.72229249902219,665.5736290809406,E11,71,CH2LU RX0+1,1.0146680879999792,173,665.5736290809406,margin_0.075,,173,104.72229249902219,47.806914207000005,1.0,5000000,4,scan-hop-940e490852d09ccc,47.806914207000005,development,ok,1.0
ok,108.93462542158068,104.72229249902219,665.5736290809406,E11,71,CH2LU RX0+1,1.0146680879999792,173,665.5736290809406,margin_0.1,,173,104.72229249902219,47.806914207000005,1.0,5000000,4,scan-hop-940e490852d09ccc,47.806914207000005,development,ok,1.0
ok,108.93462542158068,104.72229249902219,665.5736290809406,E11,71,CH2LU RX0+1,1.0146680879999792,173,665.5736290809406,margin_0.15,,173,104.72229249902219,47.806914207000005,1.0,5000000,4,scan-hop-940e490852d09ccc,47.806914207000005,development,ok,1.0
ok,108.90862241250485,104.90495070140885,696.2410836073873,E11,71,CH2LU RX0+1,3.0200135890000013,173,696.2410836073873,margin_0.2,,171,101.95227884004284,47.806914207000005,0.9884393063583815,5000000,4,scan-hop-940e490852d09ccc,47.806914207000005,development,ok,0.9803921568627451
ok,116.18647234097635,111.41635490567211,621.4238575222331,E11,71,CH2LU RX0+1,12.069324603000013,173,621.4238575222331,top_1,,64,91.70797801073485,47.806914207000005,0.3699421965317919,5000000,4,scan-hop-940e490852d09ccc,47.806914207000005,development,ok,0.3137254901960784
ok,112.94553827589124,108.87746135940228,455.71787781534476,E11,71,CH2LU RX0+1,11.073312821999991,173,455.71787781534476,top_2,,114,76.18832730221196,47.806914207000005,0.6589595375722543,5000000,4,scan-hop-940e490852d09ccc,47.806914207000005,development,ok,0.5588235294117647
ok,110.88087754003827,106.06074086049948,803.670025033742,E11,71,CH2LU RX0+1,9.06935560300002,173,803.670025033742,top_4,,143,91.94883802352653,47.806914207000005,0.8265895953757225,5000000,4,scan-hop-940e490852d09ccc,47.806914207000005,development,ok,0.7843137254901961
ok,109.19352098315689,105.17942845783777,628.1890855240079,E11,71,CH2LU RX0+1,1.0146680879999792,173,628.1890855240079,bounded_score_weight,,173,105.17942845783777,47.806914207000005,1.0,5000000,4,scan-hop-940e490852d09ccc,47.806914207000005,development,ok,1.0
ok,109.30112641728742,105.3378411937228,640.8874873251123,E11,71,CH2LU RX0+1,1.0146680879999792,173,640.8874873251123,production_score_weight,,173,105.3378411937228,47.806914207000005,1.0,5000000,4,scan-hop-940e490852d09ccc,47.806914207000005,development,ok,1.0
ok,109.46399975607565,104.98082571782909,615.984344422015,E11,71,CH2LU RX0+1,1.0146680879999792,173,615.984344422015,integer_epoch,,173,109.0754753938883,47.806914207000005,1.0,5000000,4,scan-hop-940e490852d09ccc,47.806914207000005,development,ok,1.0
ok,105.72302890900413,90.71301071731844,141.45955730093308,E12,49,CH1LU RX0+1,1.0145350660000076,121,141.45955730093308,baseline,,121,90.71301071731844,47.305927067,1.0,5000000,3,scan-hop-940e490852d09ccc,47.305927067,development,ok,1.0
ok,105.72302890900413,90.71301071731844,141.45955730093308,E12,49,CH1LU RX0+1,1.0145350660000076,121,141.45955730093308,margin_0.05,,121,90.71301071731844,47.305927067,1.0,5000000,3,scan-hop-940e490852d09ccc,47.305927067,development,ok,1.0
ok,105.72302890900413,90.71301071731844,141.45955730093308,E12,49,CH1LU RX0+1,1.0145350660000076,121,141.45955730093308,margin_0.075,,121,90.71301071731844,47.305927067,1.0,5000000,3,scan-hop-940e490852d09ccc,47.305927067,development,ok,1.0
ok,105.72302890900413,90.71301071731844,141.45955730093308,E12,49,CH1LU RX0+1,1.0145350660000076,121,141.45955730093308,margin_0.1,,121,90.71301071731844,47.305927067,1.0,5000000,3,scan-hop-940e490852d09ccc,47.305927067,development,ok,1.0
ok,105.72302890900413,90.71301071731844,141.45955730093308,E12,49,CH1LU RX0+1,1.0145350660000076,121,141.45955730093308,margin_0.15,,121,90.71301071731844,47.305927067,1.0,5000000,3,scan-hop-940e490852d09ccc,47.305927067,development,ok,1.0
ok,105.72302890900413,90.71301071731844,141.45955730093308,E12,49,CH1LU RX0+1,1.0145350660000076,121,141.45955730093308,margin_0.2,,121,90.71301071731844,47.305927067,1.0,5000000,3,scan-hop-940e490852d09ccc,47.305927067,development,ok,1.0
ok,104.09969257888888,94.85428755322636,132.43617675301064,E12,49,CH1LU RX0+1,9.062863043999982,121,132.43617675301064,top_1,,57,60.26323031044377,44.792038041,0.47107438016528924,5000000,3,scan-hop-940e490852d09ccc,47.305927067,development,ok,0.4861111111111111
ok,107.0942261678333,92.55803506530827,129.78671109370345,E12,49,CH1LU RX0+1,6.042246665999983,121,129.78671109370345,top_2,,105,71.75211804392627,47.305927067,0.8677685950413223,5000000,3,scan-hop-940e490852d09ccc,47.305927067,development,ok,0.8333333333333334
ok,106.14604181352443,90.72853270449855,138.6392197362762,E12,49,CH1LU RX0+1,4.022719823000017,121,138.6392197362762,top_4,,114,89.79678626754543,47.305927067,0.9421487603305785,5000000,3,scan-hop-940e490852d09ccc,47.305927067,development,ok,0.9166666666666666
ok,104.70801769832244,90.90891154979097,131.30215343318565,E12,49,CH1LU RX0+1,1.0145350660000076,121,131.30215343318565,bounded_score_weight,,121,90.90891154979097,47.305927067,1.0,5000000,3,scan-hop-940e490852d09ccc,47.305927067,development,ok,1.0
ok,104.70801769833992,90.90891154979029,131.30215343336408,E12,49,CH1LU RX0+1,1.0145350660000076,121,131.30215343336408,production_score_weight,,121,90.90891154979029,47.305927067,1.0,5000000,3,scan-hop-940e490852d09ccc,47.305927067,development,ok,1.0
ok,105.72302890900413,90.71301071731844,141.45955730093308,E12,49,CH1LU RX0+1,1.0145350660000076,121,141.45955730093308,integer_epoch,,121,90.71301071731844,47.305927067,1.0,5000000,3,scan-hop-940e490852d09ccc,47.305927067,development,ok,1.0
ok,122.09566290469373,87.5831791337858,1986.441366718415,E13,15,CH1L RX0,1.0145350519999852,37,1986.441366718415,baseline,,37,87.5831791337858,36.23500256099999,1.0,5000000,1,scan-hop-940e490852d09ccc,36.23500256099999,development,ok,1.0
ok,122.09566290469373,87.5831791337858,1986.441366718415,E13,15,CH1L RX0,1.0145350519999852,37,1986.441366718415,margin_0.05,,37,87.5831791337858,36.23500256099999,1.0,5000000,1,scan-hop-940e490852d09ccc,36.23500256099999,development,ok,1.0
ok,122.09566290469373,87.5831791337858,1986.441366718415,E13,15,CH1L RX0,1.0145350519999852,37,1986.441366718415,margin_0.075,,37,87.5831791337858,36.23500256099999,1.0,5000000,1,scan-hop-940e490852d09ccc,36.23500256099999,development,ok,1.0
ok,122.09566290469373,87.5831791337858,1986.441366718415,E13,15,CH1L RX0,1.0145350519999852,37,1986.441366718415,margin_0.1,,37,87.5831791337858,36.23500256099999,1.0,5000000,1,scan-hop-940e490852d09ccc,36.23500256099999,development,ok,1.0
ok,120.57326030282972,89.50636886293314,2825.5237041052096,E13,15,CH1L RX0,1.0145350519999852,37,2825.5237041052096,margin_0.15,,35,79.00253075317568,34.218646121000006,0.9459459459459459,5000000,1,scan-hop-940e490852d09ccc,36.23500256099999,development,ok,0.9090909090909091
ok,120.57326030282972,89.50636886293314,2825.5237041052096,E13,15,CH1L RX0,1.0145350519999852,37,2825.5237041052096,margin_0.2,,35,79.00253075317568,34.218646121000006,0.9459459459459459,5000000,1,scan-hop-940e490852d09ccc,36.23500256099999,development,ok,0.9090909090909091
ok,253.2247200939144,173.8711274513074,4163.555350536719,E13,15,CH1L RX0,6.044027825000001,37,4163.555350536719,top_1,,17,80.76183593494288,30.20170175199999,0.4594594594594595,5000000,1,scan-hop-940e490852d09ccc,36.23500256099999,development,ok,0.45454545454545453
ok,168.64384423694506,89.10109189982246,2245.114569971329,E13,15,CH1L RX0,3.025348790999999,37,2245.114569971329,top_2,,30,81.42225320569248,36.23500256099999,0.8108108108108109,5000000,1,scan-hop-940e490852d09ccc,36.23500256099999,development,ok,0.7727272727272727
ok,118.1179935132758,88.68430762379117,1960.9169901168752,E13,15,CH1L RX0,2.020016061000007,37,1960.9169901168752,top_4,,34,80.13932957021576,36.23500256099999,0.918918918918919,5000000,1,scan-hop-940e490852d09ccc,36.23500256099999,development,ok,0.8636363636363636
ok,131.30534456447558,88.98013030166376,2104.6839262671406,E13,15,CH1L RX0,1.0145350519999852,37,2104.6839262671406,bounded_score_weight,,37,88.98013030166376,36.23500256099999,1.0,5000000,1,scan-hop-940e490852d09ccc,36.23500256099999,development,ok,1.0
ok,130.3705272449305,90.32522842778482,2178.9445886928593,E13,15,CH1L RX0,1.0145350519999852,37,2178.9445886928593,production_score_weight,,37,90.32522842778482,36.23500256099999,1.0,5000000,1,scan-hop-940e490852d09ccc,36.23500256099999,development,ok,1.0
ok,122.09566290469373,87.5831791337858,1986.441366718415,E13,15,CH1L RX0,1.0145350519999852,37,1986.441366718415,integer_epoch,,37,87.5831791337858,36.23500256099999,1.0,5000000,1,scan-hop-940e490852d09ccc,36.23500256099999,development,ok,1.0
ok,130.7013980695333,120.3044670692324,164.9725096183921,E15,42,CH4LU RX0+1,1.0141750639999998,100,164.9725096183921,baseline,,100,120.3044670692324,37.745377228999985,1.0,5000000,4,scan-hop-940e490852d09ccc,37.745377228999985,development,ok,1.0
ok,130.7013980695333,120.3044670692324,164.9725096183921,E15,42,CH4LU RX0+1,1.0141750639999998,100,164.9725096183921,margin_0.05,,100,120.3044670692324,37.745377228999985,1.0,5000000,4,scan-hop-940e490852d09ccc,37.745377228999985,development,ok,1.0
ok,130.59540855697304,120.46988150151593,167.31875621190073,E15,42,CH4LU RX0+1,1.0141750639999998,100,167.31875621190073,margin_0.075,,99,120.36171911935705,36.737368457,0.99,5000000,4,scan-hop-940e490852d09ccc,37.745377228999985,development,ok,0.9827586206896551
ok,130.59540855697304,120.46988150151593,167.31875621190073,E15,42,CH4LU RX0+1,1.0141750639999998,100,167.31875621190073,margin_0.1,,99,120.36171911935705,36.737368457,0.99,5000000,4,scan-hop-940e490852d09ccc,37.745377228999985,development,ok,0.9827586206896551
ok,135.57348146018776,126.15016037872228,186.45287188319747,E15,42,CH4LU RX0+1,2.016453998000003,100,186.45287188319747,margin_0.15,,95,113.71861554716925,36.234697442,0.95,5000000,4,scan-hop-940e490852d09ccc,37.745377228999985,development,ok,0.9137931034482759
ok,135.57348146018776,126.15016037872228,186.45287188319747,E15,42,CH4LU RX0+1,2.016453998000003,100,186.45287188319747,margin_0.2,,95,113.71861554716925,36.234697442,0.95,5000000,4,scan-hop-940e490852d09ccc,37.745377228999985,development,ok,0.9137931034482759
ok,139.39398438261262,123.89639917341489,160.92520524239083,E15,42,CH4LU RX0+1,8.06139625999998,100,160.92520524239083,top_1,,57,111.13867061213625,37.745377228999985,0.57,5000000,4,scan-hop-940e490852d09ccc,37.745377228999985,development,ok,0.5517241379310345
ok,132.0653314887106,122.88640245562259,177.43885223474385,E15,42,CH4LU RX0+1,6.049744427000007,100,177.43885223474385,top_2,,80,114.49842490845081,37.745377228999985,0.8,5000000,4,scan-hop-940e490852d09ccc,37.745377228999985,development,ok,0.7758620689655172
ok,130.7067366010936,122.41052476302593,165.78817900529015,E15,42,CH4LU RX0+1,6.049744427000007,100,165.78817900529015,top_4,,86,116.87662896094304,37.745377228999985,0.86,5000000,4,scan-hop-940e490852d09ccc,37.745377228999985,development,ok,0.8448275862068966
ok,131.02495883720107,120.90841409019659,162.0252048459808,E15,42,CH4LU RX0+1,1.0141750639999998,100,162.0252048459808,bounded_score_weight,,100,120.90841409019659,37.745377228999985,1.0,5000000,4,scan-hop-940e490852d09ccc,37.745377228999985,development,ok,1.0
ok,131.5775234137476,121.6527588951822,169.45759298866074,E15,42,CH4LU RX0+1,1.0141750639999998,100,169.45759298866074,production_score_weight,,100,121.6527588951822,37.745377228999985,1.0,5000000,4,scan-hop-940e490852d09ccc,37.745377228999985,development,ok,1.0
ok,131.47623542899026,120.81842062176558,159.3840987625159,E15,42,CH4LU RX0+1,1.0141750639999998,100,159.3840987625159,integer_epoch,,100,121.46619456469526,37.745377228999985,1.0,5000000,4,scan-hop-940e490852d09ccc,37.745377228999985,development,ok,1.0
ok,121.65297282176957,116.01073839661508,222.33011390597218,E16,62,CH2LU RX0+1,1.0145019739999839,150,222.33011390597218,baseline,,150,116.01073839661508,40.257753302,1.0,5000000,4,scan-hop-940e490852d09ccc,40.257753302,development,ok,1.0
ok,121.65297282176957,116.01073839661508,222.33011390597218,E16,62,CH2LU RX0+1,1.0145019739999839,150,222.33011390597218,margin_0.05,,150,116.01073839661508,40.257753302,1.0,5000000,4,scan-hop-940e490852d09ccc,40.257753302,development,ok,1.0
ok,121.65297282176957,116.01073839661508,222.33011390597218,E16,62,CH2LU RX0+1,1.0145019739999839,150,222.33011390597218,margin_0.075,,150,116.01073839661508,40.257753302,1.0,5000000,4,scan-hop-940e490852d09ccc,40.257753302,development,ok,1.0
ok,121.65297282176957,116.01073839661508,222.33011390597218,E16,62,CH2LU RX0+1,1.0145019739999839,150,222.33011390597218,margin_0.1,,150,116.01073839661508,40.257753302,1.0,5000000,4,scan-hop-940e490852d09ccc,40.257753302,development,ok,1.0
ok,121.88077555183033,116.16657175969407,239.17843948705803,E16,62,CH2LU RX0+1,1.0145019739999839,150,239.17843948705803,margin_0.15,,149,114.33521934501513,40.257753302,0.9933333333333333,5000000,4,scan-hop-940e490852d09ccc,40.257753302,development,ok,0.9886363636363636
ok,121.88077555183033,116.16657175969407,239.17843948705803,E16,62,CH2LU RX0+1,1.0145019739999839,150,239.17843948705803,margin_0.2,,149,114.33521934501513,40.257753302,0.9933333333333333,5000000,4,scan-hop-940e490852d09ccc,40.257753302,development,ok,0.9886363636363636
ok,125.33746354058759,122.26501914726612,877.8171237534542,E16,62,CH2LU RX0+1,11.066797393000002,150,877.8171237534542,top_1,,62,83.15983824395259,39.754768583000015,0.41333333333333333,5000000,4,scan-hop-940e490852d09ccc,40.257753302,development,ok,0.38636363636363635
ok,122.93347722161342,121.16653971833878,342.5150826439634,E16,62,CH2LU RX0+1,6.032095536000014,150,342.5150826439634,top_2,,102,78.6627153158657,40.257753302,0.68,5000000,4,scan-hop-940e490852d09ccc,40.257753302,development,ok,0.6477272727272727
ok,119.67074449652767,116.30810820979919,170.00300855599255,E16,62,CH2LU RX0+1,4.02267611100001,150,170.00300855599255,top_4,,133,103.38964574536715,40.257753302,0.8866666666666667,5000000,4,scan-hop-940e490852d09ccc,40.257753302,development,ok,0.9090909090909091
ok,121.26614682688587,116.4067734186186,221.67816679153813,E16,62,CH2LU RX0+1,1.0145019739999839,150,221.67816679153813,bounded_score_weight,,150,116.4067734186186,40.257753302,1.0,5000000,4,scan-hop-940e490852d09ccc,40.257753302,development,ok,1.0
ok,121.35569020426979,116.5273583025488,221.69336486341902,E16,62,CH2LU RX0+1,1.0145019739999839,150,221.69336486341902,production_score_weight,,150,116.5273583025488,40.257753302,1.0,5000000,4,scan-hop-940e490852d09ccc,40.257753302,development,ok,1.0
ok,121.65297282176957,116.01073839661508,222.33011390597218,E16,62,CH2LU RX0+1,1.0145019739999839,150,222.33011390597218,integer_epoch,,150,116.01073839661508,40.257753302,1.0,5000000,4,scan-hop-940e490852d09ccc,40.257753302,development,ok,1.0
ok,151.68629884817918,142.83231893183134,198.2921870950033,E20,28,CH2LU RX0,1.0173374659999581,67,198.2921870950033,baseline,,67,142.83231893183134,33.71399744599998,1.0,5000000,2,scan-hop-940e490852d09ccc,33.71399744599998,development,ok,1.0
ok,151.68629884817918,142.83231893183134,198.2921870950033,E20,28,CH2LU RX0,1.0173374659999581,67,198.2921870950033,margin_0.05,,67,142.83231893183134,33.71399744599998,1.0,5000000,2,scan-hop-940e490852d09ccc,33.71399744599998,development,ok,1.0
ok,151.68629884817918,142.83231893183134,198.2921870950033,E20,28,CH2LU RX0,1.0173374659999581,67,198.2921870950033,margin_0.075,,67,142.83231893183134,33.71399744599998,1.0,5000000,2,scan-hop-940e490852d09ccc,33.71399744599998,development,ok,1.0
ok,151.68629884817918,142.83231893183134,198.2921870950033,E20,28,CH2LU RX0,1.0173374659999581,67,198.2921870950033,margin_0.1,,67,142.83231893183134,33.71399744599998,1.0,5000000,2,scan-hop-940e490852d09ccc,33.71399744599998,development,ok,1.0
ok,152.42370986950624,143.0582155974321,203.44418223726416,E20,28,CH2LU RX0,1.0173374659999581,67,203.44418223726416,margin_0.15,,65,144.3134856090522,33.71399744599998,0.9701492537313433,5000000,2,scan-hop-940e490852d09ccc,33.71399744599998,development,ok,0.9487179487179487
ok,152.28917889259947,143.03149085753006,210.72409344105233,E20,28,CH2LU RX0,2.0106788230000063,67,210.72409344105233,margin_0.2,,64,145.35886043764822,33.71399744599998,0.9552238805970149,5000000,2,scan-hop-940e490852d09ccc,33.71399744599998,development,ok,0.9230769230769231
ok,162.51881178649634,146.60237350015726,843.7122405999392,E20,28,CH2LU RX0,9.058426096999995,67,843.7122405999392,top_1,,31,132.11451749611334,33.21133166600001,0.4626865671641791,5000000,2,scan-hop-940e490852d09ccc,33.71399744599998,development,ok,0.48717948717948717
ok,155.2172682889878,146.0978918671468,252.6231489239844,E20,28,CH2LU RX0,7.043752648000009,67,252.6231489239844,top_2,,48,130.0975902832496,33.21133166600001,0.7164179104477612,5000000,2,scan-hop-940e490852d09ccc,33.71399744599998,development,ok,0.6666666666666666
ok,151.79617935888817,145.1836845326741,270.8476637597383,E20,28,CH2LU RX0,3.0186747080000487,67,270.8476637597383,top_4,,57,131.02916856785637,33.21133166600001,0.8507462686567164,5000000,2,scan-hop-940e490852d09ccc,33.71399744599998,development,ok,0.8461538461538461
ok,152.4796827641813,144.8917881619323,458.5109999999143,E20,28,CH2LU RX0,1.0173374659999581,67,458.5109999999143,bounded_score_weight,,67,144.8917881619323,33.71399744599998,1.0,5000000,2,scan-hop-940e490852d09ccc,33.71399744599998,development,ok,1.0
ok,153.37751275267118,144.85034494769863,476.80411583206217,E20,28,CH2LU RX0,1.0173374659999581,67,476.80411583206217,production_score_weight,,67,144.85034494769863,33.71399744599998,1.0,5000000,2,scan-hop-940e490852d09ccc,33.71399744599998,development,ok,1.0
ok,152.74333384441184,143.53389734154354,510.54182790175787,E20,28,CH2LU RX0,1.0173374659999581,67,510.54182790175787,integer_epoch,,67,138.9432931793156,33.71399744599998,1.0,5000000,2,scan-hop-940e490852d09ccc,33.71399744599998,development,ok,1.0
ok,89.18436677801185,75.84320819942586,251.03675712811207,E04,54,CH3LU RX0+1,1.0144121789999971,130,251.03675712811207,baseline,,130,75.84320819942586,48.242297941000004,1.0,2500000,4,scan-hop-a90a49111c2664e1,48.242297941000004,development,ok,1.0
ok,89.18436677801185,75.84320819942586,251.03675712811207,E04,54,CH3LU RX0+1,1.0144121789999971,130,251.03675712811207,margin_0.05,,130,75.84320819942586,48.242297941000004,1.0,2500000,4,scan-hop-a90a49111c2664e1,48.242297941000004,development,ok,1.0
ok,89.18436677801185,75.84320819942586,251.03675712811207,E04,54,CH3LU RX0+1,1.0144121789999971,130,251.03675712811207,margin_0.075,,130,75.84320819942586,48.242297941000004,1.0,2500000,4,scan-hop-a90a49111c2664e1,48.242297941000004,development,ok,1.0
ok,89.18436677801185,75.84320819942586,251.03675712811207,E04,54,CH3LU RX0+1,1.0144121789999971,130,251.03675712811207,margin_0.1,,130,75.84320819942586,48.242297941000004,1.0,2500000,4,scan-hop-a90a49111c2664e1,48.242297941000004,development,ok,1.0
ok,89.18436677801185,75.84320819942586,251.03675712811207,E04,54,CH3LU RX0+1,1.0144121789999971,130,251.03675712811207,margin_0.15,,130,75.84320819942586,48.242297941000004,1.0,2500000,4,scan-hop-a90a49111c2664e1,48.242297941000004,development,ok,1.0
ok,89.18436677801185,75.84320819942586,251.03675712811207,E04,54,CH3LU RX0+1,1.0144121789999971,130,251.03675712811207,margin_0.2,,130,75.84320819942586,48.242297941000004,1.0,2500000,4,scan-hop-a90a49111c2664e1,48.242297941000004,development,ok,1.0
ok,117.71296889760767,113.32427025876208,245.51646940363227,E04,54,CH3LU RX0+1,7.030628124000003,130,245.51646940363227,top_1,,61,50.18985269193603,39.686536037,0.46923076923076923,2500000,4,scan-hop-a90a49111c2664e1,48.242297941000004,development,ok,0.40789473684210525
ok,96.66834026815432,91.03652025767168,125.10372468966841,E04,54,CH3LU RX0+1,2.0186685089999976,130,125.10372468966841,top_2,,107,48.14479873658525,41.697725109000004,0.823076923076923,2500000,4,scan-hop-a90a49111c2664e1,48.242297941000004,development,ok,0.7368421052631579
ok,88.83848233667507,80.17079379956698,116.4068826977134,E04,54,CH3LU RX0+1,2.005578839000002,130,116.4068826977134,top_4,,123,63.90064538296024,48.242297941000004,0.9461538461538461,2500000,4,scan-hop-a90a49111c2664e1,48.242297941000004,development,ok,0.9342105263157895
ok,88.99683284752153,75.89361504754412,243.77248094458022,E04,54,CH3LU RX0+1,1.0144121789999971,130,243.77248094458022,bounded_score_weight,,130,75.89361504754412,48.242297941000004,1.0,2500000,4,scan-hop-a90a49111c2664e1,48.242297941000004,development,ok,1.0
ok,88.99683284752085,75.89361504754453,243.7724809446127,E04,54,CH3LU RX0+1,1.0144121789999971,130,243.7724809446127,production_score_weight,,130,75.89361504754453,48.242297941000004,1.0,2500000,4,scan-hop-a90a49111c2664e1,48.242297941000004,development,ok,1.0
ok,89.18436677801185,75.84320819942586,251.03675712811207,E04,54,CH3LU RX0+1,1.0144121789999971,130,251.03675712811207,integer_epoch,,130,75.84320819942586,48.242297941000004,1.0,2500000,4,scan-hop-a90a49111c2664e1,48.242297941000004,development,ok,1.0
ok,44.497406421354086,31.756889902766165,198.1414570383335,E08,14,CH4L RX1,1.0080025419999998,34,198.1414570383335,baseline,,34,31.756889902766165,33.139112241,1.0,2500000,1,scan-hop-a90a49111c2664e1,33.139112241,development,ok,1.0
ok,44.497406421354086,31.756889902766165,198.1414570383335,E08,14,CH4L RX1,1.0080025419999998,34,198.1414570383335,margin_0.05,,34,31.756889902766165,33.139112241,1.0,2500000,1,scan-hop-a90a49111c2664e1,33.139112241,development,ok,1.0
ok,44.497406421354086,31.756889902766165,198.1414570383335,E08,14,CH4L RX1,1.0080025419999998,34,198.1414570383335,margin_0.075,,34,31.756889902766165,33.139112241,1.0,2500000,1,scan-hop-a90a49111c2664e1,33.139112241,development,ok,1.0
ok,44.497406421354086,31.756889902766165,198.1414570383335,E08,14,CH4L RX1,1.0080025419999998,34,198.1414570383335,margin_0.1,,34,31.756889902766165,33.139112241,1.0,2500000,1,scan-hop-a90a49111c2664e1,33.139112241,development,ok,1.0
ok,44.497406421354086,31.756889902766165,198.1414570383335,E08,14,CH4L RX1,1.0080025419999998,34,198.1414570383335,margin_0.15,,34,31.756889902766165,33.139112241,1.0,2500000,1,scan-hop-a90a49111c2664e1,33.139112241,development,ok,1.0
ok,44.497406421354086,31.756889902766165,198.1414570383335,E08,14,CH4L RX1,1.0080025419999998,34,198.1414570383335,margin_0.2,,34,31.756889902766165,33.139112241,1.0,2500000,1,scan-hop-a90a49111c2664e1,33.139112241,development,ok,1.0
ok,49.97624804634021,32.56216564397868,175.54710266628103,E08,14,CH4L RX1,5.024518151000002,34,175.54710266628103,top_1,,22,31.076574200146652,33.139112241,0.6470588235294118,2500000,1,scan-hop-a90a49111c2664e1,33.139112241,development,ok,0.6
ok,44.497406421354086,31.756889902766165,198.1414570383335,E08,14,CH4L RX1,1.0080025419999998,34,198.1414570383335,top_2,,34,31.756889902766165,33.139112241,1.0,2500000,1,scan-hop-a90a49111c2664e1,33.139112241,development,ok,1.0
ok,44.497406421354086,31.756889902766165,198.1414570383335,E08,14,CH4L RX1,1.0080025419999998,34,198.1414570383335,top_4,,34,31.756889902766165,33.139112241,1.0,2500000,1,scan-hop-a90a49111c2664e1,33.139112241,development,ok,1.0
ok,42.02362413371999,31.924994367746972,165.10188099099437,E08,14,CH4L RX1,1.0080025419999998,34,165.10188099099437,bounded_score_weight,,34,31.924994367746972,33.139112241,1.0,2500000,1,scan-hop-a90a49111c2664e1,33.139112241,development,ok,1.0
ok,42.0236241337131,31.924994367747512,165.10188099107376,E08,14,CH4L RX1,1.0080025419999998,34,165.10188099107376,production_score_weight,,34,31.924994367747512,33.139112241,1.0,2500000,1,scan-hop-a90a49111c2664e1,33.139112241,development,ok,1.0
ok,44.497406421354086,31.756889902766165,198.1414570383335,E08,14,CH4L RX1,1.0080025419999998,34,198.1414570383335,integer_epoch,,34,31.756889902766165,33.139112241,1.0,2500000,1,scan-hop-a90a49111c2664e1,33.139112241,development,ok,1.0
ok,59.653305424446586,52.65302949932076,40.51102894844557,E25,19,CH2LU RX0+1,1.0106683399999952,45,40.51102894844557,baseline,,45,52.65302949932076,33.630226405,1.0,2500000,2,scan-hop-a90a49111c2664e1,33.630226405,development,ok,1.0
ok,59.653305424446586,52.65302949932076,40.51102894844557,E25,19,CH2LU RX0+1,1.0106683399999952,45,40.51102894844557,margin_0.05,,45,52.65302949932076,33.630226405,1.0,2500000,2,scan-hop-a90a49111c2664e1,33.630226405,development,ok,1.0
ok,59.653305424446586,52.65302949932076,40.51102894844557,E25,19,CH2LU RX0+1,1.0106683399999952,45,40.51102894844557,margin_0.075,,45,52.65302949932076,33.630226405,1.0,2500000,2,scan-hop-a90a49111c2664e1,33.630226405,development,ok,1.0
ok,59.653305424446586,52.65302949932076,40.51102894844557,E25,19,CH2LU RX0+1,1.0106683399999952,45,40.51102894844557,margin_0.1,,45,52.65302949932076,33.630226405,1.0,2500000,2,scan-hop-a90a49111c2664e1,33.630226405,development,ok,1.0
ok,59.653305424446586,52.65302949932076,40.51102894844557,E25,19,CH2LU RX0+1,1.0106683399999952,45,40.51102894844557,margin_0.15,,45,52.65302949932076,33.630226405,1.0,2500000,2,scan-hop-a90a49111c2664e1,33.630226405,development,ok,1.0
ok,59.653305424446586,52.65302949932076,40.51102894844557,E25,19,CH2LU RX0+1,1.0106683399999952,45,40.51102894844557,margin_0.2,,45,52.65302949932076,33.630226405,1.0,2500000,2,scan-hop-a90a49111c2664e1,33.630226405,development,ok,1.0
,,,,E25,19,CH2LU RX0+1,,45,,top_1,fewer than four training observations in a source segment,27,,,0.6,2500000,2,scan-hop-a90a49111c2664e1,33.630226405,development,insufficient_support,0.5384615384615384
,,,,E25,19,CH2LU RX0+1,,45,,top_2,fewer than four training observations in a source segment,40,,,0.8888888888888888,2500000,2,scan-hop-a90a49111c2664e1,33.630226405,development,insufficient_support,0.8076923076923077
ok,63.58200098698987,55.85860806120307,177.49375113006,E25,19,CH2LU RX0+1,2.008372104999978,45,177.49375113006,top_4,,43,39.97660333891409,33.630226405,0.9555555555555556,2500000,2,scan-hop-a90a49111c2664e1,33.630226405,development,ok,0.9230769230769231
ok,59.67161151700923,52.66264961496533,49.42815064355189,E25,19,CH2LU RX0+1,1.0106683399999952,45,49.42815064355189,bounded_score_weight,,45,52.66264961496533,33.630226405,1.0,2500000,2,scan-hop-a90a49111c2664e1,33.630226405,development,ok,1.0
ok,59.671611516966834,52.6626496149494,49.428150644943514,E25,19,CH2LU RX0+1,1.0106683399999952,45,49.428150644943514,production_score_weight,,45,52.6626496149494,33.630226405,1.0,2500000,2,scan-hop-a90a49111c2664e1,33.630226405,development,ok,1.0
ok,59.653305424446586,52.65302949932076,40.51102894844557,E25,19,CH2LU RX0+1,1.0106683399999952,45,40.51102894844557,integer_epoch,,45,52.65302949932076,33.630226405,1.0,2500000,2,scan-hop-a90a49111c2664e1,33.630226405,development,ok,1.0
ok,127.12418447866096,117.69681402246698,104.01074457765594,E30,72,CH3LU RX0+1,1.016007793,177,104.01074457765594,baseline,,177,117.69681402246698,50.25870044400003,1.0,2500000,4,scan-hop-a90a49111c2664e1,50.25870044400003,development,ok,1.0
ok,127.12418447866096,117.69681402246698,104.01074457765594,E30,72,CH3LU RX0+1,1.016007793,177,104.01074457765594,margin_0.05,,177,117.69681402246698,50.25870044400003,1.0,2500000,4,scan-hop-a90a49111c2664e1,50.25870044400003,development,ok,1.0
ok,127.12418447866096,117.69681402246698,104.01074457765594,E30,72,CH3LU RX0+1,1.016007793,177,104.01074457765594,margin_0.075,,177,117.69681402246698,50.25870044400003,1.0,2500000,4,scan-hop-a90a49111c2664e1,50.25870044400003,development,ok,1.0
ok,127.12418447866096,117.69681402246698,104.01074457765594,E30,72,CH3LU RX0+1,1.016007793,177,104.01074457765594,margin_0.1,,177,117.69681402246698,50.25870044400003,1.0,2500000,4,scan-hop-a90a49111c2664e1,50.25870044400003,development,ok,1.0
ok,127.12418447866096,117.69681402246698,104.01074457765594,E30,72,CH3LU RX0+1,1.016007793,177,104.01074457765594,margin_0.15,,177,117.69681402246698,50.25870044400003,1.0,2500000,4,scan-hop-a90a49111c2664e1,50.25870044400003,development,ok,1.0
ok,126.54314951585754,117.91365722806346,108.4383170948349,E30,72,CH3LU RX0+1,1.016007793,177,108.4383170948349,margin_0.2,,176,113.09918379053768,50.25870044400003,0.9943502824858758,2500000,4,scan-hop-a90a49111c2664e1,50.25870044400003,development,ok,0.9904761904761905
ok,132.38906476921616,123.44520999877808,423.70645103729805,E30,72,CH3LU RX0+1,14.06545950100002,177,423.70645103729805,top_1,,62,71.82894733246292,50.25870044400003,0.3502824858757062,2500000,4,scan-hop-a90a49111c2664e1,50.25870044400003,development,ok,0.34285714285714286
ok,129.49383080023298,122.72795522499752,614.5056577521283,E30,72,CH3LU RX0+1,8.04267349700001,177,614.5056577521283,top_2,,118,69.41725734518508,50.25870044400003,0.6666666666666666,2500000,4,scan-hop-a90a49111c2664e1,50.25870044400003,development,ok,0.6095238095238096
ok,125.94918216206338,119.13837223862971,492.79035927777664,E30,72,CH3LU RX0+1,5.026682612000002,177,492.79035927777664,top_4,,157,102.1943785978219,50.25870044400003,0.8870056497175142,2500000,4,scan-hop-a90a49111c2664e1,50.25870044400003,development,ok,0.8666666666666667
ok,126.20532278778734,118.0495885430429,97.9720130176164,E30,72,CH3LU RX0+1,1.016007793,177,97.9720130176164,bounded_score_weight,,177,118.0495885430429,50.25870044400003,1.0,2500000,4,scan-hop-a90a49111c2664e1,50.25870044400003,development,ok,1.0
ok,126.08897139401,118.208144841355,98.88981020607962,E30,72,CH3LU RX0+1,1.016007793,177,98.88981020607962,production_score_weight,,177,118.208144841355,50.25870044400003,1.0,2500000,4,scan-hop-a90a49111c2664e1,50.25870044400003,development,ok,1.0
ok,124.30641176773477,118.63728139515986,190.72083844437577,E30,72,CH3LU RX0+1,1.016007793,177,187.3433197532012,integer_epoch,,177,105.93847847281313,50.25870044400003,1.0,2500000,4,scan-hop-a90a49111c2664e1,50.25870044400003,development,ok,1.0
ok,86.39573207558031,78.82126382263701,187.75331438051325,E01,48,CH1LU RX0+1,1.0097480070000024,118,187.75331438051325,baseline,,118,78.82126382263701,34.701708855,1.0,5000000,4,scan-hop-e87704e96c1e95ec,34.701708855,development,ok,1.0
ok,86.39573207558031,78.82126382263701,187.75331438051325,E01,48,CH1LU RX0+1,1.0097480070000024,118,187.75331438051325,margin_0.05,,118,78.82126382263701,34.701708855,1.0,5000000,4,scan-hop-e87704e96c1e95ec,34.701708855,development,ok,1.0
ok,86.39573207558031,78.82126382263701,187.75331438051325,E01,48,CH1LU RX0+1,1.0097480070000024,118,187.75331438051325,margin_0.075,,118,78.82126382263701,34.701708855,1.0,5000000,4,scan-hop-e87704e96c1e95ec,34.701708855,development,ok,1.0
ok,86.39573207558031,78.82126382263701,187.75331438051325,E01,48,CH1LU RX0+1,1.0097480070000024,118,187.75331438051325,margin_0.1,,118,78.82126382263701,34.701708855,1.0,5000000,4,scan-hop-e87704e96c1e95ec,34.701708855,development,ok,1.0
ok,86.39573207558031,78.82126382263701,187.75331438051325,E01,48,CH1LU RX0+1,1.0097480070000024,118,187.75331438051325,margin_0.15,,118,78.82126382263701,34.701708855,1.0,5000000,4,scan-hop-e87704e96c1e95ec,34.701708855,development,ok,1.0
ok,86.39573207558031,78.82126382263701,187.75331438051325,E01,48,CH1LU RX0+1,1.0097480070000024,118,187.75331438051325,margin_0.2,,118,78.82126382263701,34.701708855,1.0,5000000,4,scan-hop-e87704e96c1e95ec,34.701708855,development,ok,1.0
ok,90.31100125651592,88.44881118977547,115.24789483073805,E01,48,CH1LU RX0+1,12.066645145,118,115.24789483073805,top_1,,47,61.317548127846855,32.187109500999995,0.3983050847457627,5000000,4,scan-hop-e87704e96c1e95ec,34.701708855,development,ok,0.4142857142857143
ok,97.65144846781159,92.06015148149143,105.08860745475192,E01,48,CH1LU RX0+1,3.018653063000002,118,105.08860745475192,top_2,,95,66.35160944603501,32.691106074,0.8050847457627118,5000000,4,scan-hop-e87704e96c1e95ec,34.701708855,development,ok,0.8571428571428571
ok,86.70526516327777,82.09718136370628,92.91335810508473,E01,48,CH1LU RX0+1,2.0119979610000005,118,92.91335810508473,top_4,,107,72.66043738149632,34.701708831999994,0.9067796610169492,5000000,4,scan-hop-e87704e96c1e95ec,34.701708855,development,ok,0.9142857142857143
ok,86.34019501537468,78.89543560153292,182.46505649821322,E01,48,CH1LU RX0+1,1.0097480070000024,118,182.46505649821322,bounded_score_weight,,118,78.89543560153292,34.701708855,1.0,5000000,4,scan-hop-e87704e96c1e95ec,34.701708855,development,ok,1.0
ok,86.3286965867934,78.91060090210227,182.46505649847543,E01,48,CH1LU RX0+1,1.0097480070000024,118,182.46505649847543,production_score_weight,,118,78.91060090210227,34.701708855,1.0,5000000,4,scan-hop-e87704e96c1e95ec,34.701708855,development,ok,1.0
ok,86.70436529934264,79.56709892818503,151.27197877007518,E01,48,CH1LU RX0+1,1.0097480070000024,118,151.27197877007518,integer_epoch,,118,81.7797912095088,34.701708855,1.0,5000000,4,scan-hop-e87704e96c1e95ec,34.701708855,development,ok,1.0
ok,100.39015937095922,89.940305618211,1185.689279436035,E02,55,CH3LU RX0+1,1.008150508,133,1185.689279436035,baseline,,133,89.940305618211,51.801329579,1.0,5000000,4,scan-hop-e87704e96c1e95ec,51.801329579,development,ok,1.0
ok,100.39015937095922,89.940305618211,1185.689279436035,E02,55,CH3LU RX0+1,1.008150508,133,1185.689279436035,margin_0.05,,133,89.940305618211,51.801329579,1.0,5000000,4,scan-hop-e87704e96c1e95ec,51.801329579,development,ok,1.0
ok,100.39015937095922,89.940305618211,1185.689279436035,E02,55,CH3LU RX0+1,1.008150508,133,1185.689279436035,margin_0.075,,133,89.940305618211,51.801329579,1.0,5000000,4,scan-hop-e87704e96c1e95ec,51.801329579,development,ok,1.0
ok,100.39015937095922,89.940305618211,1185.689279436035,E02,55,CH3LU RX0+1,1.008150508,133,1185.689279436035,margin_0.1,,133,89.940305618211,51.801329579,1.0,5000000,4,scan-hop-e87704e96c1e95ec,51.801329579,development,ok,1.0
ok,100.39015937095922,89.940305618211,1185.689279436035,E02,55,CH3LU RX0+1,1.008150508,133,1185.689279436035,margin_0.15,,133,89.940305618211,51.801329579,1.0,5000000,4,scan-hop-e87704e96c1e95ec,51.801329579,development,ok,1.0
ok,100.39015937095922,89.940305618211,1185.689279436035,E02,55,CH3LU RX0+1,1.008150508,133,1185.689279436035,margin_0.2,,133,89.940305618211,51.801329579,1.0,5000000,4,scan-hop-e87704e96c1e95ec,51.801329579,development,ok,1.0
,,,,E02,55,CH3LU RX0+1,,133,,top_1,fewer than four training observations in a source segment,54,,,0.40601503759398494,5000000,4,scan-hop-e87704e96c1e95ec,51.801329579,development,insufficient_support,0.38461538461538464
,,,,E02,55,CH3LU RX0+1,,133,,top_2,fewer than four training observations in a source segment,93,,,0.6992481203007519,5000000,4,scan-hop-e87704e96c1e95ec,51.801329579,development,insufficient_support,0.6666666666666666
ok,98.3537400544747,91.39465224846326,1335.2478827252182,E02,55,CH3LU RX0+1,4.021340514000002,133,1335.2478827252182,top_4,,120,80.25296352973135,51.801329579,0.9022556390977443,5000000,4,scan-hop-e87704e96c1e95ec,51.801329579,development,ok,0.8846153846153846
ok,100.536450864846,89.98531495822401,1170.1334735122039,E02,55,CH3LU RX0+1,1.008150508,133,1170.1334735122039,bounded_score_weight,,133,89.98531495822401,51.801329579,1.0,5000000,4,scan-hop-e87704e96c1e95ec,51.801329579,development,ok,1.0
ok,100.53645086486047,89.98531495822623,1170.1334735121118,E02,55,CH3LU RX0+1,1.008150508,133,1170.1334735121118,production_score_weight,,133,89.98531495822623,51.801329579,1.0,5000000,4,scan-hop-e87704e96c1e95ec,51.801329579,development,ok,1.0
ok,99.2653144802234,90.22026783779923,721.2391414343663,E02,55,CH3LU RX0+1,1.008150508,133,721.2391414343663,integer_epoch,,133,87.3393316947497,51.801329579,1.0,5000000,4,scan-hop-e87704e96c1e95ec,51.801329579,development,ok,1.0
ok,108.93520876915946,102.11460272425231,292.20020369506807,E03,65,CH4LU RX0+1,1.0106663090000012,158,292.20020369506807,baseline,,158,102.11460272425231,43.250604381,1.0,5000000,4,scan-hop-e87704e96c1e95ec,43.250604381,development,ok,1.0
ok,108.93520876915946,102.11460272425231,292.20020369506807,E03,65,CH4LU RX0+1,1.0106663090000012,158,292.20020369506807,margin_0.05,,158,102.11460272425231,43.250604381,1.0,5000000,4,scan-hop-e87704e96c1e95ec,43.250604381,development,ok,1.0
ok,108.93520876915946,102.11460272425231,292.20020369506807,E03,65,CH4LU RX0+1,1.0106663090000012,158,292.20020369506807,margin_0.075,,158,102.11460272425231,43.250604381,1.0,5000000,4,scan-hop-e87704e96c1e95ec,43.250604381,development,ok,1.0
ok,108.93520876915946,102.11460272425231,292.20020369506807,E03,65,CH4LU RX0+1,1.0106663090000012,158,292.20020369506807,margin_0.1,,158,102.11460272425231,43.250604381,1.0,5000000,4,scan-hop-e87704e96c1e95ec,43.250604381,development,ok,1.0
ok,108.93520876915946,102.11460272425231,292.20020369506807,E03,65,CH4LU RX0+1,1.0106663090000012,158,292.20020369506807,margin_0.15,,158,102.11460272425231,43.250604381,1.0,5000000,4,scan-hop-e87704e96c1e95ec,43.250604381,development,ok,1.0
ok,110.24752844200884,103.9378364811319,332.2996703661331,E03,65,CH4LU RX0+1,2.012418038,158,332.2996703661331,margin_0.2,,153,96.87313240432617,43.250604381,0.9683544303797469,5000000,4,scan-hop-e87704e96c1e95ec,43.250604381,development,ok,0.946236559139785
ok,112.01754258599989,108.49564681301996,743.4730205174233,E03,65,CH4LU RX0+1,15.086697998000002,158,743.4730205174233,top_1,,62,52.94162369793076,42.243945661,0.3924050632911392,5000000,4,scan-hop-e87704e96c1e95ec,43.250604381,development,ok,0.3548387096774194
ok,111.96080189752387,107.8138956967604,446.74896541534594,E03,65,CH4LU RX0+1,10.056625217999997,158,446.74896541534594,top_2,,116,64.9141992076454,43.250604381,0.7341772151898734,5000000,4,scan-hop-e87704e96c1e95ec,43.250604381,development,ok,0.5913978494623656
ok,109.47723320335459,102.36475489424713,611.3636118704575,E03,65,CH4LU RX0+1,4.025347622000002,158,611.3636118704575,top_4,,139,94.96976350999329,43.250604381,0.879746835443038,5000000,4,scan-hop-e87704e96c1e95ec,43.250604381,development,ok,0.8279569892473119
ok,108.89883922097528,102.53714244419629,402.69497484583843,E03,65,CH4LU RX0+1,1.0106663090000012,158,402.69497484583843,bounded_score_weight,,158,102.53714244419629,43.250604381,1.0,5000000,4,scan-hop-e87704e96c1e95ec,43.250604381,development,ok,1.0
ok,109.17710176923786,102.94302003485033,412.20202533210795,E03,65,CH4LU RX0+1,1.0106663090000012,158,412.20202533210795,production_score_weight,,158,102.94302003485033,43.250604381,1.0,5000000,4,scan-hop-e87704e96c1e95ec,43.250604381,development,ok,1.0
ok,109.98326953093154,102.78299291587176,271.01820790089744,E03,65,CH4LU RX0+1,1.0106663090000012,158,275.1295787444732,integer_epoch,,158,103.1886735963795,43.250604381,1.0,5000000,4,scan-hop-e87704e96c1e95ec,43.250604381,development,ok,1.0
ok,107.50613671609736,93.72729140131732,1680.9540064190019,E16,13,CH3L RX0,1.0133276910000006,31,1680.9540064190019,baseline,,31,93.72729140131732,30.183945766000022,1.0,5000000,1,scan-hop-e87704e96c1e95ec,30.183945766000022,development,ok,1.0
ok,107.50613671609736,93.72729140131732,1680.9540064190019,E16,13,CH3L RX0,1.0133276910000006,31,1680.9540064190019,margin_0.05,,31,93.72729140131732,30.183945766000022,1.0,5000000,1,scan-hop-e87704e96c1e95ec,30.183945766000022,development,ok,1.0
ok,107.50613671609736,93.72729140131732,1680.9540064190019,E16,13,CH3L RX0,1.0133276910000006,31,1680.9540064190019,margin_0.075,,31,93.72729140131732,30.183945766000022,1.0,5000000,1,scan-hop-e87704e96c1e95ec,30.183945766000022,development,ok,1.0
ok,107.50613671609736,93.72729140131732,1680.9540064190019,E16,13,CH3L RX0,1.0133276910000006,31,1680.9540064190019,margin_0.1,,31,93.72729140131732,30.183945766000022,1.0,5000000,1,scan-hop-e87704e96c1e95ec,30.183945766000022,development,ok,1.0
ok,107.50613671609736,93.72729140131732,1680.9540064190019,E16,13,CH3L RX0,1.0133276910000006,31,1680.9540064190019,margin_0.15,,31,93.72729140131732,30.183945766000022,1.0,5000000,1,scan-hop-e87704e96c1e95ec,30.183945766000022,development,ok,1.0
ok,107.50613671609736,93.72729140131732,1680.9540064190019,E16,13,CH3L RX0,1.0133276910000006,31,1680.9540064190019,margin_0.2,,31,93.72729140131732,30.183945766000022,1.0,5000000,1,scan-hop-e87704e96c1e95ec,30.183945766000022,development,ok,1.0
ok,106.7743453920028,101.86193141622896,181.68606507283488,E16,13,CH3L RX0,8.054625544999993,31,181.68606507283488,top_1,,15,22.482227740466655,27.167043996000018,0.4838709677419355,5000000,1,scan-hop-e87704e96c1e95ec,30.183945766000022,development,ok,0.5555555555555556
ok,111.29276713977725,99.41612409076835,1969.8561070402282,E16,13,CH3L RX0,3.02561051699999,31,1969.8561070402282,top_2,,27,72.6126032585369,30.183945766000022,0.8709677419354839,5000000,1,scan-hop-e87704e96c1e95ec,30.183945766000022,development,ok,0.9444444444444444
ok,111.49628307355191,99.71804727095187,1969.8561070402282,E16,13,CH3L RX0,2.018655721999977,31,1969.8561070402282,top_4,,28,71.8115198288451,30.183945766000022,0.9032258064516129,5000000,1,scan-hop-e87704e96c1e95ec,30.183945766000022,development,ok,0.9444444444444444
ok,105.50763996855903,96.97062251469107,967.8384470340745,E16,13,CH3L RX0,1.0133276910000006,31,967.8384470340745,bounded_score_weight,,31,96.97062251469107,30.183945766000022,1.0,5000000,1,scan-hop-e87704e96c1e95ec,30.183945766000022,development,ok,1.0
ok,105.4383754237697,96.9706225147445,967.8384470332273,E16,13,CH3L RX0,1.0133276910000006,31,967.8384470332273,production_score_weight,,31,96.9706225147445,30.183945766000022,1.0,5000000,1,scan-hop-e87704e96c1e95ec,30.183945766000022,development,ok,1.0
ok,105.97688723151802,106.67411774598014,143.71191070645892,E16,13,CH3L RX0,1.0133276910000006,31,143.71191070645892,integer_epoch,,31,52.423379897299334,30.183945766000022,1.0,5000000,1,scan-hop-e87704e96c1e95ec,30.183945766000022,development,ok,1.0
ok,139.5172461071214,131.95616288023965,361.3193985583931,E21,42,CH1LU RX0+1,1.013328429000012,102,361.3193985583931,baseline,,102,131.95616288023965,45.78402224999999,1.0,5000000,3,scan-hop-e87704e96c1e95ec,45.78402224999999,development,ok,1.0
ok,139.5172461071214,131.95616288023965,361.3193985583931,E21,42,CH1LU RX0+1,1.013328429000012,102,361.3193985583931,margin_0.05,,102,131.95616288023965,45.78402224999999,1.0,5000000,3,scan-hop-e87704e96c1e95ec,45.78402224999999,development,ok,1.0
ok,139.5172461071214,131.95616288023965,361.3193985583931,E21,42,CH1LU RX0+1,1.013328429000012,102,361.3193985583931,margin_0.075,,102,131.95616288023965,45.78402224999999,1.0,5000000,3,scan-hop-e87704e96c1e95ec,45.78402224999999,development,ok,1.0
ok,139.42608354089074,132.19890738787598,494.8943555167824,E21,42,CH1LU RX0+1,2.0115213729999937,102,494.8943555167824,margin_0.1,,101,131.14976489377028,45.78402224999999,0.9901960784313726,5000000,3,scan-hop-e87704e96c1e95ec,45.78402224999999,development,ok,0.9833333333333333
ok,139.42608354089074,132.19890738787598,494.8943555167824,E21,42,CH1LU RX0+1,2.0115213729999937,102,494.8943555167824,margin_0.15,,101,131.14976489377028,45.78402224999999,0.9901960784313726,5000000,3,scan-hop-e87704e96c1e95ec,45.78402224999999,development,ok,0.9833333333333333
ok,140.07182459771653,132.37642558206034,433.16472136126197,E21,42,CH1LU RX0+1,3.017350281000006,102,433.16472136126197,margin_0.2,,98,132.2607018362565,45.78402224999999,0.9607843137254902,5000000,3,scan-hop-e87704e96c1e95ec,45.78402224999999,development,ok,0.9333333333333333
ok,143.68311189644342,134.71835073825937,155.8204076405608,E21,42,CH1LU RX0+1,14.088028466999987,102,155.8204076405608,top_1,,42,99.80607716449296,42.26266501499998,0.4117647058823529,5000000,3,scan-hop-e87704e96c1e95ec,45.78402224999999,development,ok,0.4
ok,144.1781756787797,136.23692581541076,195.28844752942396,E21,42,CH1LU RX0+1,11.067472858999992,102,195.28844752942396,top_2,,70,102.60976644329179,44.77868207199998,0.6862745098039216,5000000,3,scan-hop-e87704e96c1e95ec,45.78402224999999,development,ok,0.6666666666666666
ok,141.03770489619936,136.75596755977855,307.47020184679803,E21,42,CH1LU RX0+1,6.04394277099999,102,307.47020184679803,top_4,,83,102.50042336310923,45.78402224999999,0.8137254901960784,5000000,3,scan-hop-e87704e96c1e95ec,45.78402224999999,development,ok,0.7666666666666667
ok,139.92315669184757,133.56906372033868,522.1574243615723,E21,42,CH1LU RX0+1,1.013328429000012,102,522.1574243615723,bounded_score_weight,,102,133.56906372033868,45.78402224999999,1.0,5000000,3,scan-hop-e87704e96c1e95ec,45.78402224999999,development,ok,1.0
ok,139.88853496365104,133.58778956794734,574.8977049900922,E21,42,CH1LU RX0+1,1.013328429000012,102,574.8977049900922,production_score_weight,,102,133.58778956794734,45.78402224999999,1.0,5000000,3,scan-hop-e87704e96c1e95ec,45.78402224999999,development,ok,1.0
ok,139.5172461071214,131.95616288023965,361.3193985583931,E21,42,CH1LU RX0+1,1.013328429000012,102,361.3193985583931,integer_epoch,,102,131.95616288023965,45.78402224999999,1.0,5000000,3,scan-hop-e87704e96c1e95ec,45.78402224999999,development,ok,1.0
ok,107.88558099082945,99.95727623245742,601.2432320606238,E11,32,CH4LU RX0+1,1.0160062409999853,77,601.2432320606238,baseline,,77,99.95727623245742,33.175631095,1.0,2500000,3,scan-hop-644ce1cd51112d13,33.175631095,development,ok,1.0
ok,107.88558099082945,99.95727623245742,601.2432320606238,E11,32,CH4LU RX0+1,1.0160062409999853,77,601.2432320606238,margin_0.05,,77,99.95727623245742,33.175631095,1.0,2500000,3,scan-hop-644ce1cd51112d13,33.175631095,development,ok,1.0
ok,107.88558099082945,99.95727623245742,601.2432320606238,E11,32,CH4LU RX0+1,1.0160062409999853,77,601.2432320606238,margin_0.075,,77,99.95727623245742,33.175631095,1.0,2500000,3,scan-hop-644ce1cd51112d13,33.175631095,development,ok,1.0
ok,107.88558099082945,99.95727623245742,601.2432320606238,E11,32,CH4LU RX0+1,1.0160062409999853,77,601.2432320606238,margin_0.1,,77,99.95727623245742,33.175631095,1.0,2500000,3,scan-hop-644ce1cd51112d13,33.175631095,development,ok,1.0
ok,107.88558099082945,99.95727623245742,601.2432320606238,E11,32,CH4LU RX0+1,1.0160062409999853,77,601.2432320606238,margin_0.15,,77,99.95727623245742,33.175631095,1.0,2500000,3,scan-hop-644ce1cd51112d13,33.175631095,development,ok,1.0
ok,107.88558099082945,99.95727623245742,601.2432320606238,E11,32,CH4LU RX0+1,1.0160062409999853,77,601.2432320606238,margin_0.2,,77,99.95727623245742,33.175631095,1.0,2500000,3,scan-hop-644ce1cd51112d13,33.175631095,development,ok,1.0
,,,,E11,32,CH4LU RX0+1,,77,,top_1,fewer than four training observations in a source segment,27,,,0.35064935064935066,2500000,3,scan-hop-644ce1cd51112d13,33.175631095,development,insufficient_support,0.28888888888888886
ok,106.24301456950876,104.96802381904469,104.22079207342342,E11,32,CH4LU RX0+1,7.038726050000008,77,104.22079207342342,top_2,,49,45.027293322018416,33.175631095,0.6363636363636364,2500000,3,scan-hop-644ce1cd51112d13,33.175631095,development,ok,0.6222222222222222
ok,105.81401359261726,101.33584040801439,266.5353350003377,E11,32,CH4LU RX0+1,4.017073227999987,77,266.5353350003377,top_4,,69,84.24543946430477,33.175631095,0.8961038961038961,2500000,3,scan-hop-644ce1cd51112d13,33.175631095,development,ok,0.8888888888888888
ok,108.71122309672128,100.01367477169828,496.1486809939198,E11,32,CH4LU RX0+1,1.0160062409999853,77,496.1486809939198,bounded_score_weight,,77,100.01367477169828,33.175631095,1.0,2500000,3,scan-hop-644ce1cd51112d13,33.175631095,development,ok,1.0
ok,108.73160607569267,100.01628898385438,495.36437692461817,E11,32,CH4LU RX0+1,1.0160062409999853,77,495.36437692461817,production_score_weight,,77,100.01628898385438,33.175631095,1.0,2500000,3,scan-hop-644ce1cd51112d13,33.175631095,development,ok,1.0
ok,108.73813517152543,101.3912152819906,626.9628029561119,E11,32,CH4LU RX0+1,1.0160062409999853,77,626.9628029561119,integer_epoch,,77,105.09149726477156,33.175631095,1.0,2500000,3,scan-hop-644ce1cd51112d13,33.175631095,development,ok,1.0
ok,118.48133785961969,108.13807066088731,614.7762738297176,E12,27,CH1LU RX0,1.0130776220000257,65,614.7762738297176,baseline,,65,108.13807066088731,35.67857658599999,1.0,2500000,2,scan-hop-644ce1cd51112d13,35.67857658599999,development,ok,1.0
ok,118.48133785961969,108.13807066088731,614.7762738297176,E12,27,CH1LU RX0,1.0130776220000257,65,614.7762738297176,margin_0.05,,65,108.13807066088731,35.67857658599999,1.0,2500000,2,scan-hop-644ce1cd51112d13,35.67857658599999,development,ok,1.0
ok,118.48133785961969,108.13807066088731,614.7762738297176,E12,27,CH1LU RX0,1.0130776220000257,65,614.7762738297176,margin_0.075,,65,108.13807066088731,35.67857658599999,1.0,2500000,2,scan-hop-644ce1cd51112d13,35.67857658599999,development,ok,1.0
ok,118.48133785961969,108.13807066088731,614.7762738297176,E12,27,CH1LU RX0,1.0130776220000257,65,614.7762738297176,margin_0.1,,65,108.13807066088731,35.67857658599999,1.0,2500000,2,scan-hop-644ce1cd51112d13,35.67857658599999,development,ok,1.0
ok,118.48133785961969,108.13807066088731,614.7762738297176,E12,27,CH1LU RX0,1.0130776220000257,65,614.7762738297176,margin_0.15,,65,108.13807066088731,35.67857658599999,1.0,2500000,2,scan-hop-644ce1cd51112d13,35.67857658599999,development,ok,1.0
ok,118.48133785961969,108.13807066088731,614.7762738297176,E12,27,CH1LU RX0,1.0130776220000257,65,614.7762738297176,margin_0.2,,65,108.13807066088731,35.67857658599999,1.0,2500000,2,scan-hop-644ce1cd51112d13,35.67857658599999,development,ok,1.0
ok,132.3191092447218,121.26134040520243,150.56760876958307,E12,27,CH1LU RX0,19.09225716399999,65,150.56760876958307,top_1,,21,68.75099854093394,34.175921394,0.3230769230769231,2500000,2,scan-hop-644ce1cd51112d13,35.67857658599999,development,ok,0.3684210526315789
ok,119.7345902840917,113.81533575302542,303.7627263521993,E12,27,CH1LU RX0,11.054969929999999,65,303.7627263521993,top_2,,46,81.97168980072529,35.67857658599999,0.7076923076923077,2500000,2,scan-hop-644ce1cd51112d13,35.67857658599999,development,ok,0.7368421052631579
ok,117.03073203944672,111.18839220465917,343.5774780824925,E12,27,CH1LU RX0,3.0160428619999777,65,343.5774780824925,top_4,,56,95.76282961886135,35.67857658599999,0.8615384615384616,2500000,2,scan-hop-644ce1cd51112d13,35.67857658599999,development,ok,0.8947368421052632
ok,117.02243630149509,108.18683744582937,660.547516169373,E12,27,CH1LU RX0,1.0130776220000257,65,660.547516169373,bounded_score_weight,,65,108.18683744582937,35.67857658599999,1.0,2500000,2,scan-hop-644ce1cd51112d13,35.67857658599999,development,ok,1.0
ok,117.02243630148271,108.18683744583701,660.54751616972,E12,27,CH1LU RX0,1.0130776220000257,65,660.54751616972,production_score_weight,,65,108.18683744583701,35.67857658599999,1.0,2500000,2,scan-hop-644ce1cd51112d13,35.67857658599999,development,ok,1.0
ok,118.44948145563811,108.14827154015939,537.0771949324945,E12,27,CH1LU RX0,1.0130776220000257,65,537.0771949324945,integer_epoch,,65,123.6965719271929,35.67857658599999,1.0,2500000,2,scan-hop-644ce1cd51112d13,35.67857658599999,development,ok,1.0
ok,131.76501023848695,123.60930551747039,120.81665407478788,E02,27,CH3LU RX0,1.0202704249999996,65,120.81665407478788,baseline,,65,123.60930551747039,32.261349436,1.0,5000000,2,scan-hop-1b3fce30254553e0,32.261349436,development,ok,1.0
ok,131.76501023848695,123.60930551747039,120.81665407478788,E02,27,CH3LU RX0,1.0202704249999996,65,120.81665407478788,margin_0.05,,65,123.60930551747039,32.261349436,1.0,5000000,2,scan-hop-1b3fce30254553e0,32.261349436,development,ok,1.0
ok,131.76501023848695,123.60930551747039,120.81665407478788,E02,27,CH3LU RX0,1.0202704249999996,65,120.81665407478788,margin_0.075,,65,123.60930551747039,32.261349436,1.0,5000000,2,scan-hop-1b3fce30254553e0,32.261349436,development,ok,1.0
ok,131.76501023848695,123.60930551747039,120.81665407478788,E02,27,CH3LU RX0,1.0202704249999996,65,120.81665407478788,margin_0.1,,65,123.60930551747039,32.261349436,1.0,5000000,2,scan-hop-1b3fce30254553e0,32.261349436,development,ok,1.0
ok,131.76501023848695,123.60930551747039,120.81665407478788,E02,27,CH3LU RX0,1.0202704249999996,65,120.81665407478788,margin_0.15,,65,123.60930551747039,32.261349436,1.0,5000000,2,scan-hop-1b3fce30254553e0,32.261349436,development,ok,1.0
ok,132.24087401561033,123.84327919447875,319.68928724483055,E02,27,CH3LU RX0,1.0202704249999996,65,319.68928724483055,margin_0.2,,63,122.74336726794266,32.261349436,0.9692307692307692,5000000,2,scan-hop-1b3fce30254553e0,32.261349436,development,ok,0.9473684210526315
,,,,E02,27,CH3LU RX0,,65,,top_1,fewer than four training observations in a source segment,21,,,0.3230769230769231,5000000,2,scan-hop-1b3fce30254553e0,32.261349436,development,insufficient_support,0.42105263157894735
ok,131.84167519658575,124.63323920665576,161.81922315067195,E02,27,CH3LU RX0,7.046644652000001,65,161.81922315067195,top_2,,47,119.59230884338575,32.261349436,0.7230769230769231,5000000,2,scan-hop-1b3fce30254553e0,32.261349436,development,ok,0.7368421052631579
ok,131.90334038680277,123.80512103457872,289.67862940794345,E02,27,CH3LU RX0,4.027986869999999,65,289.67862940794345,top_4,,56,126.29653041145572,32.261349436,0.8615384615384616,5000000,2,scan-hop-1b3fce30254553e0,32.261349436,development,ok,0.868421052631579
ok,134.06865326677152,124.4944263613659,304.9571214306121,E02,27,CH3LU RX0,1.0202704249999996,65,304.9571214306121,bounded_score_weight,,65,124.4944263613659,32.261349436,1.0,5000000,2,scan-hop-1b3fce30254553e0,32.261349436,development,ok,1.0
ok,134.66780506372734,124.53033747678084,341.669096383696,E02,27,CH3LU RX0,1.0202704249999996,65,341.669096383696,production_score_weight,,65,124.53033747678084,32.261349436,1.0,5000000,2,scan-hop-1b3fce30254553e0,32.261349436,development,ok,1.0
ok,143.24430989440688,124.47703782191378,387.5214750553838,E02,27,CH3LU RX0,1.0202704249999996,65,387.5214750553838,integer_epoch,,65,114.0587569495914,32.261349436,1.0,5000000,2,scan-hop-1b3fce30254553e0,32.261349436,development,ok,1.0
ok,64.39100240825297,52.23749371523539,1030.259503240575,E06,16,CH3U RX1,1.0087651489999985,40,1030.259503240575,baseline,,40,52.23749371523539,39.240062454,1.0,5000000,1,scan-hop-1b3fce30254553e0,39.240062454,development,ok,1.0
ok,64.39100240825297,52.23749371523539,1030.259503240575,E06,16,CH3U RX1,1.0087651489999985,40,1030.259503240575,margin_0.05,,40,52.23749371523539,39.240062454,1.0,5000000,1,scan-hop-1b3fce30254553e0,39.240062454,development,ok,1.0
ok,64.39100240825297,52.23749371523539,1030.259503240575,E06,16,CH3U RX1,1.0087651489999985,40,1030.259503240575,margin_0.075,,40,52.23749371523539,39.240062454,1.0,5000000,1,scan-hop-1b3fce30254553e0,39.240062454,development,ok,1.0
ok,64.39100240825297,52.23749371523539,1030.259503240575,E06,16,CH3U RX1,1.0087651489999985,40,1030.259503240575,margin_0.1,,40,52.23749371523539,39.240062454,1.0,5000000,1,scan-hop-1b3fce30254553e0,39.240062454,development,ok,1.0
ok,64.39100240825297,52.23749371523539,1030.259503240575,E06,16,CH3U RX1,1.0087651489999985,40,1030.259503240575,margin_0.15,,40,52.23749371523539,39.240062454,1.0,5000000,1,scan-hop-1b3fce30254553e0,39.240062454,development,ok,1.0
ok,64.39100240825297,52.23749371523539,1030.259503240575,E06,16,CH3U RX1,1.0087651489999985,40,1030.259503240575,margin_0.2,,40,52.23749371523539,39.240062454,1.0,5000000,1,scan-hop-1b3fce30254553e0,39.240062454,development,ok,1.0
ok,69.45721699258213,53.008562850443724,1479.4029554228634,E06,16,CH3U RX1,6.035088485999999,40,1479.4029554228634,top_1,,21,29.03361091253593,37.22932629,0.525,5000000,1,scan-hop-1b3fce30254553e0,39.240062454,development,ok,0.4583333333333333
ok,64.14546581830801,52.63153066273979,477.2426790160069,E06,16,CH3U RX1,4.023301582000002,40,477.2426790160069,top_2,,34,33.43204125856148,39.240062454,0.85,5000000,1,scan-hop-1b3fce30254553e0,39.240062454,development,ok,0.8333333333333334
ok,63.646618894112244,52.479118694014964,1151.6374782766109,E06,16,CH3U RX1,2.0133307190000025,40,1151.6374782766109,top_4,,39,48.74703072496351,39.240062454,0.975,5000000,1,scan-hop-1b3fce30254553e0,39.240062454,development,ok,0.9583333333333334
ok,64.30933705015444,52.317729041750475,1051.0138556996205,E06,16,CH3U RX1,1.0087651489999985,40,1051.0138556996205,bounded_score_weight,,40,52.317729041750475,39.240062454,1.0,5000000,1,scan-hop-1b3fce30254553e0,39.240062454,development,ok,1.0
ok,64.30933705016714,52.31772904174807,1051.0138556994718,E06,16,CH3U RX1,1.0087651489999985,40,1051.0138556994718,production_score_weight,,40,52.31772904174807,39.240062454,1.0,5000000,1,scan-hop-1b3fce30254553e0,39.240062454,development,ok,1.0
ok,64.39100240825297,52.23749371523539,1030.259503240575,E06,16,CH3U RX1,1.0087651489999985,40,1030.259503240575,integer_epoch,,40,52.23749371523539,39.240062454,1.0,5000000,1,scan-hop-1b3fce30254553e0,39.240062454,development,ok,1.0
ok,130.81252928242404,122.09742606007347,312.91004489152715,E08,76,CH4LU RX0+1,1.0106689179999933,188,312.91004489152715,baseline,,188,122.09742606007347,52.816026879,1.0,5000000,4,scan-hop-1b3fce30254553e0,52.816026879,development,ok,1.0
ok,130.81252928242404,122.09742606007347,312.91004489152715,E08,76,CH4LU RX0+1,1.0106689179999933,188,312.91004489152715,margin_0.05,,188,122.09742606007347,52.816026879,1.0,5000000,4,scan-hop-1b3fce30254553e0,52.816026879,development,ok,1.0
ok,130.81252928242404,122.09742606007347,312.91004489152715,E08,76,CH4LU RX0+1,1.0106689179999933,188,312.91004489152715,margin_0.075,,188,122.09742606007347,52.816026879,1.0,5000000,4,scan-hop-1b3fce30254553e0,52.816026879,development,ok,1.0
ok,130.81252928242404,122.09742606007347,312.91004489152715,E08,76,CH4LU RX0+1,1.0106689179999933,188,312.91004489152715,margin_0.1,,188,122.09742606007347,52.816026879,1.0,5000000,4,scan-hop-1b3fce30254553e0,52.816026879,development,ok,1.0
ok,130.81252928242404,122.09742606007347,312.91004489152715,E08,76,CH4LU RX0+1,1.0106689179999933,188,312.91004489152715,margin_0.15,,188,122.09742606007347,52.816026879,1.0,5000000,4,scan-hop-1b3fce30254553e0,52.816026879,development,ok,1.0
ok,130.81252928242404,122.09742606007347,312.91004489152715,E08,76,CH4LU RX0+1,1.0106689179999933,188,312.91004489152715,margin_0.2,,188,122.09742606007347,52.816026879,1.0,5000000,4,scan-hop-1b3fce30254553e0,52.816026879,development,ok,1.0
ok,134.21736465369784,130.05253261470892,293.539867412356,E08,76,CH4LU RX0+1,11.062633904999998,188,293.539867412356,top_1,,69,100.66371697726629,49.800017569,0.3670212765957447,5000000,4,scan-hop-1b3fce30254553e0,52.816026879,development,ok,0.38392857142857145
ok,132.18523819270823,126.4705062439727,491.0009065877046,E08,76,CH4LU RX0+1,9.059927541000008,188,491.0009065877046,top_2,,135,100.29863784386276,51.809351605,0.7180851063829787,5000000,4,scan-hop-1b3fce30254553e0,52.816026879,development,ok,0.6875
ok,129.84031865216306,122.47295840041703,444.01245331902186,E08,76,CH4LU RX0+1,5.0293151489999985,188,444.01245331902186,top_4,,170,121.43479609321199,52.816026879,0.9042553191489362,5000000,4,scan-hop-1b3fce30254553e0,52.816026879,development,ok,0.9017857142857143
ok,131.073710115089,123.31107674802986,309.31861816419064,E08,76,CH4LU RX0+1,1.0106689179999933,188,309.31861816419064,bounded_score_weight,,188,123.31107674802986,52.816026879,1.0,5000000,4,scan-hop-1b3fce30254553e0,52.816026879,development,ok,1.0
ok,131.2870715541953,123.57669552178297,314.4311451264164,E08,76,CH4LU RX0+1,1.0106689179999933,188,314.4311451264164,production_score_weight,,188,123.57669552178297,52.816026879,1.0,5000000,4,scan-hop-1b3fce30254553e0,52.816026879,development,ok,1.0
ok,131.01092527841752,122.63119597103022,304.44466874277936,E08,76,CH4LU RX0+1,1.0106689179999933,188,305.16120693121184,integer_epoch,,188,119.89167483095207,52.816026879,1.0,5000000,4,scan-hop-1b3fce30254553e0,52.816026879,development,ok,1.0
ok,60.082377756196315,46.76245561670601,110.7034611535031,E09,43,CH3LU RX0+1,1.010596107000012,105,110.7034611535031,baseline,,105,46.76245561670601,51.809391592000004,1.0,5000000,4,scan-hop-1b3fce30254553e0,51.809391592000004,development,ok,1.0
ok,60.082377756196315,46.76245561670601,110.7034611535031,E09,43,CH3LU RX0+1,1.010596107000012,105,110.7034611535031,margin_0.05,,105,46.76245561670601,51.809391592000004,1.0,5000000,4,scan-hop-1b3fce30254553e0,51.809391592000004,development,ok,1.0
ok,60.082377756196315,46.76245561670601,110.7034611535031,E09,43,CH3LU RX0+1,1.010596107000012,105,110.7034611535031,margin_0.075,,105,46.76245561670601,51.809391592000004,1.0,5000000,4,scan-hop-1b3fce30254553e0,51.809391592000004,development,ok,1.0
ok,60.082377756196315,46.76245561670601,110.7034611535031,E09,43,CH3LU RX0+1,1.010596107000012,105,110.7034611535031,margin_0.1,,105,46.76245561670601,51.809391592000004,1.0,5000000,4,scan-hop-1b3fce30254553e0,51.809391592000004,development,ok,1.0
ok,60.082377756196315,46.76245561670601,110.7034611535031,E09,43,CH3LU RX0+1,1.010596107000012,105,110.7034611535031,margin_0.15,,105,46.76245561670601,51.809391592000004,1.0,5000000,4,scan-hop-1b3fce30254553e0,51.809391592000004,development,ok,1.0
ok,59.628936185995016,46.794475788026794,111.11832480180557,E09,43,CH3LU RX0+1,1.010596107000012,105,111.11832480180557,margin_0.2,,104,46.69412422178627,51.809391592000004,0.9904761904761905,5000000,4,scan-hop-1b3fce30254553e0,51.809391592000004,development,ok,0.9838709677419355
ok,55.93341970016515,49.127831525345385,45.4964754905608,E09,43,CH3LU RX0+1,5.032932813000002,105,45.4964754905608,top_1,,70,36.46651242238589,49.797656509,0.6666666666666666,5000000,4,scan-hop-1b3fce30254553e0,51.809391592000004,development,ok,0.6451612903225806
ok,56.14811477964329,48.311808492115524,102.51835450124307,E09,43,CH3LU RX0+1,2.0107625020000057,105,102.51835450124307,top_2,,102,36.65498634140724,51.809391592000004,0.9714285714285714,5000000,4,scan-hop-1b3fce30254553e0,51.809391592000004,development,ok,0.967741935483871
ok,59.628936185995016,46.794475788026794,111.11832480180557,E09,43,CH3LU RX0+1,1.010596107000012,105,111.11832480180557,top_4,,104,46.69412422178627,51.809391592000004,0.9904761904761905,5000000,4,scan-hop-1b3fce30254553e0,51.809391592000004,development,ok,0.9838709677419355
ok,59.619144467026715,46.77353581523451,112.3278140821973,E09,43,CH3LU RX0+1,1.010596107000012,105,112.3278140821973,bounded_score_weight,,105,46.77353581523451,51.809391592000004,1.0,5000000,4,scan-hop-1b3fce30254553e0,51.809391592000004,development,ok,1.0
ok,59.554671944074784,46.77569310916571,112.4105691825365,E09,43,CH3LU RX0+1,1.010596107000012,105,112.4105691825365,production_score_weight,,105,46.77569310916571,51.809391592000004,1.0,5000000,4,scan-hop-1b3fce30254553e0,51.809391592000004,development,ok,1.0
ok,60.082377756196315,46.76245561670601,110.7034611535031,E09,43,CH3LU RX0+1,1.010596107000012,105,110.7034611535031,integer_epoch,,105,46.76245561670601,51.809391592000004,1.0,5000000,4,scan-hop-1b3fce30254553e0,51.809391592000004,development,ok,1.0
ok,190.38001829207525,142.74259601857887,563.2081675852836,E10,30,CH1LU RX0+1,1.0093339480000054,72,563.2081675852836,baseline,,72,142.74259601857887,32.200115370999995,1.0,5000000,3,scan-hop-1b3fce30254553e0,32.200115370999995,development,ok,1.0
ok,190.38001829207525,142.74259601857887,563.2081675852836,E10,30,CH1LU RX0+1,1.0093339480000054,72,563.2081675852836,margin_0.05,,72,142.74259601857887,32.200115370999995,1.0,5000000,3,scan-hop-1b3fce30254553e0,32.200115370999995,development,ok,1.0
ok,190.38001829207525,142.74259601857887,563.2081675852836,E10,30,CH1LU RX0+1,1.0093339480000054,72,563.2081675852836,margin_0.075,,72,142.74259601857887,32.200115370999995,1.0,5000000,3,scan-hop-1b3fce30254553e0,32.200115370999995,development,ok,1.0
ok,190.38001829207525,142.74259601857887,563.2081675852836,E10,30,CH1LU RX0+1,1.0093339480000054,72,563.2081675852836,margin_0.1,,72,142.74259601857887,32.200115370999995,1.0,5000000,3,scan-hop-1b3fce30254553e0,32.200115370999995,development,ok,1.0
ok,172.01072538971283,145.95477350678254,895.2658849399136,E10,30,CH1LU RX0+1,2.013346162000005,72,895.2658849399136,margin_0.15,,70,127.74672199537146,32.200115370999995,0.9722222222222222,5000000,3,scan-hop-1b3fce30254553e0,32.200115370999995,development,ok,0.9523809523809523
ok,168.21140957332557,144.422837726182,770.3640363507608,E10,30,CH1LU RX0+1,2.013346162000005,72,770.3640363507608,margin_0.2,,69,123.93111660189861,32.200115370999995,0.9583333333333334,5000000,3,scan-hop-1b3fce30254553e0,32.200115370999995,development,ok,0.9285714285714286
ok,200.31269950766304,159.1968409264442,161.40099921132548,E10,30,CH1LU RX0+1,14.086686767000003,72,161.40099921132548,top_1,,34,108.79194417305017,29.182767626,0.4722222222222222,5000000,3,scan-hop-1b3fce30254553e0,32.200115370999995,development,ok,0.6428571428571429
ok,188.15989311201417,157.30223183393048,669.679867919459,E10,30,CH1LU RX0+1,4.026673538000011,72,669.679867919459,top_2,,52,109.43914163137003,30.188100299999988,0.7222222222222222,5000000,3,scan-hop-1b3fce30254553e0,32.200115370999995,development,ok,0.7857142857142857
ok,195.9232349670968,150.67115306711986,734.959130252039,E10,30,CH1LU RX0+1,4.024011306999995,72,734.959130252039,top_4,,61,130.51670231453335,30.188100299999988,0.8472222222222222,5000000,3,scan-hop-1b3fce30254553e0,32.200115370999995,development,ok,0.8571428571428571
ok,182.27765551034264,143.55279063909097,663.037083669577,E10,30,CH1LU RX0+1,1.0093339480000054,72,663.037083669577,bounded_score_weight,,72,143.55279063909097,32.200115370999995,1.0,5000000,3,scan-hop-1b3fce30254553e0,32.200115370999995,development,ok,1.0
ok,176.3213951134469,143.7445603394862,700.0850654653556,E10,30,CH1LU RX0+1,1.0093339480000054,72,700.0850654653556,production_score_weight,,72,143.7445603394862,32.200115370999995,1.0,5000000,3,scan-hop-1b3fce30254553e0,32.200115370999995,development,ok,1.0
ok,182.84043114060725,143.4079363464195,563.2081675852836,E10,30,CH1LU RX0+1,1.0093339480000054,72,558.8923548725771,integer_epoch,,72,145.39477059411993,32.200115370999995,1.0,5000000,3,scan-hop-1b3fce30254553e0,32.200115370999995,development,ok,1.0
ok,66.90562153893191,60.63466992799547,150.41071581178966,E17,15,CH4L RX1,1.0119162180000103,37,150.41071581178966,baseline,,37,60.63466992799547,36.235470590999995,1.0,5000000,1,scan-hop-1b3fce30254553e0,36.235470590999995,development,ok,1.0
ok,66.90562153893191,60.63466992799547,150.41071581178966,E17,15,CH4L RX1,1.0119162180000103,37,150.41071581178966,margin_0.05,,37,60.63466992799547,36.235470590999995,1.0,5000000,1,scan-hop-1b3fce30254553e0,36.235470590999995,development,ok,1.0
ok,66.90562153893191,60.63466992799547,150.41071581178966,E17,15,CH4L RX1,1.0119162180000103,37,150.41071581178966,margin_0.075,,37,60.63466992799547,36.235470590999995,1.0,5000000,1,scan-hop-1b3fce30254553e0,36.235470590999995,development,ok,1.0
ok,66.90562153893191,60.63466992799547,150.41071581178966,E17,15,CH4L RX1,1.0119162180000103,37,150.41071581178966,margin_0.1,,37,60.63466992799547,36.235470590999995,1.0,5000000,1,scan-hop-1b3fce30254553e0,36.235470590999995,development,ok,1.0
ok,66.90562153893191,60.63466992799547,150.41071581178966,E17,15,CH4L RX1,1.0119162180000103,37,150.41071581178966,margin_0.15,,37,60.63466992799547,36.235470590999995,1.0,5000000,1,scan-hop-1b3fce30254553e0,36.235470590999995,development,ok,1.0
ok,66.90562153893191,60.63466992799547,150.41071581178966,E17,15,CH4L RX1,1.0119162180000103,37,150.41071581178966,margin_0.2,,37,60.63466992799547,36.235470590999995,1.0,5000000,1,scan-hop-1b3fce30254553e0,36.235470590999995,development,ok,1.0
ok,68.44821210784198,64.8834063893589,112.62031264783134,E17,15,CH4L RX1,4.028935103000009,37,112.62031264783134,top_1,,16,20.994560239587198,34.22346498799999,0.43243243243243246,5000000,1,scan-hop-1b3fce30254553e0,36.235470590999995,development,ok,0.5
ok,65.18093028988608,64.36140174162291,96.19127867135187,E17,15,CH4L RX1,2.0186283780000167,37,96.19127867135187,top_2,,33,22.841305116814052,34.22346498799999,0.8918918918918919,5000000,1,scan-hop-1b3fce30254553e0,36.235470590999995,development,ok,0.9090909090909091
ok,67.38068412997751,60.634940306077695,150.41071581178966,E17,15,CH4L RX1,2.012261628999994,37,150.41071581178966,top_4,,36,61.46816074324519,36.235470590999995,0.972972972972973,5000000,1,scan-hop-1b3fce30254553e0,36.235470590999995,development,ok,1.0
ok,66.96829968318727,60.65696613198454,160.49785734303427,E17,15,CH4L RX1,1.0119162180000103,37,160.49785734303427,bounded_score_weight,,37,60.65696613198454,36.235470590999995,1.0,5000000,1,scan-hop-1b3fce30254553e0,36.235470590999995,development,ok,1.0
ok,66.96829968310182,60.65696613199419,160.4978573455589,E17,15,CH4L RX1,1.0119162180000103,37,160.4978573455589,production_score_weight,,37,60.65696613199419,36.235470590999995,1.0,5000000,1,scan-hop-1b3fce30254553e0,36.235470590999995,development,ok,1.0
ok,66.90562153893191,60.63466992799547,150.41071581178966,E17,15,CH4L RX1,1.0119162180000103,37,150.41071581178966,integer_epoch,,37,60.63466992799547,36.235470590999995,1.0,5000000,1,scan-hop-1b3fce30254553e0,36.235470590999995,development,ok,1.0
ok,55.22633125214146,49.902392197578465,864.120189282479,E20,25,CH3LU RX1,1.0146625839999501,61,864.120189282479,baseline,,61,49.902392197578465,30.201327227000036,1.0,5000000,2,scan-hop-1b3fce30254553e0,30.201327227000036,development,ok,1.0
ok,55.22633125214146,49.902392197578465,864.120189282479,E20,25,CH3LU RX1,1.0146625839999501,61,864.120189282479,margin_0.05,,61,49.902392197578465,30.201327227000036,1.0,5000000,2,scan-hop-1b3fce30254553e0,30.201327227000036,development,ok,1.0
ok,55.22633125214146,49.902392197578465,864.120189282479,E20,25,CH3LU RX1,1.0146625839999501,61,864.120189282479,margin_0.075,,61,49.902392197578465,30.201327227000036,1.0,5000000,2,scan-hop-1b3fce30254553e0,30.201327227000036,development,ok,1.0
ok,55.22633125214146,49.902392197578465,864.120189282479,E20,25,CH3LU RX1,1.0146625839999501,61,864.120189282479,margin_0.1,,61,49.902392197578465,30.201327227000036,1.0,5000000,2,scan-hop-1b3fce30254553e0,30.201327227000036,development,ok,1.0
ok,55.22633125214146,49.902392197578465,864.120189282479,E20,25,CH3LU RX1,1.0146625839999501,61,864.120189282479,margin_0.15,,61,49.902392197578465,30.201327227000036,1.0,5000000,2,scan-hop-1b3fce30254553e0,30.201327227000036,development,ok,1.0
ok,55.22633125214146,49.902392197578465,864.120189282479,E20,25,CH3LU RX1,1.0146625839999501,61,864.120189282479,margin_0.2,,61,49.902392197578465,30.201327227000036,1.0,5000000,2,scan-hop-1b3fce30254553e0,30.201327227000036,development,ok,1.0
ok,54.85962423006059,52.67819087430328,174.818821114305,E20,25,CH3LU RX1,4.027992812999969,61,174.818821114305,top_1,,35,19.867530509911308,29.19598888400003,0.5737704918032787,5000000,2,scan-hop-1b3fce30254553e0,30.201327227000036,development,ok,0.5833333333333334
ok,56.288116252127075,52.75940202742841,375.2325818822789,E20,25,CH3LU RX1,4.027992812999969,61,375.2325818822789,top_2,,54,30.91888699645862,30.201327227000036,0.8852459016393442,5000000,2,scan-hop-1b3fce30254553e0,30.201327227000036,development,ok,0.9722222222222222
ok,55.75064763981088,50.23880628480246,375.2325818822789,E20,25,CH3LU RX1,2.0186577930000453,61,375.2325818822789,top_4,,59,42.88831286854025,30.201327227000036,0.9672131147540983,5000000,2,scan-hop-1b3fce30254553e0,30.201327227000036,development,ok,0.9722222222222222
ok,55.35263507641913,49.97129255407615,807.5751713522528,E20,25,CH3LU RX1,1.0146625839999501,61,807.5751713522528,bounded_score_weight,,61,49.97129255407615,30.201327227000036,1.0,5000000,2,scan-hop-1b3fce30254553e0,30.201327227000036,development,ok,1.0
ok,55.35263507625927,49.97129255406077,807.5751713514488,E20,25,CH3LU RX1,1.0146625839999501,61,807.5751713514488,production_score_weight,,61,49.97129255406077,30.201327227000036,1.0,5000000,2,scan-hop-1b3fce30254553e0,30.201327227000036,development,ok,1.0
ok,55.22633125214146,49.902392197578465,864.120189282479,E20,25,CH3LU RX1,1.0146625839999501,61,864.120189282479,integer_epoch,,61,49.902392197578465,30.201327227000036,1.0,5000000,2,scan-hop-1b3fce30254553e0,30.201327227000036,development,ok,1.0
ok,103.40180588041939,89.78090577127385,353.4597726882436,E13,52,CH3LU RX0+1,1.0133271409999907,125,353.4597726882436,baseline,,125,89.78090577127385,35.670524556000004,1.0,2500000,4,scan-hop-7aa631fec40822b9,35.670524556000004,development,ok,1.0
ok,103.40180588041939,89.78090577127385,353.4597726882436,E13,52,CH3LU RX0+1,1.0133271409999907,125,353.4597726882436,margin_0.05,,125,89.78090577127385,35.670524556000004,1.0,2500000,4,scan-hop-7aa631fec40822b9,35.670524556000004,development,ok,1.0
ok,103.40180588041939,89.78090577127385,353.4597726882436,E13,52,CH3LU RX0+1,1.0133271409999907,125,353.4597726882436,margin_0.075,,125,89.78090577127385,35.670524556000004,1.0,2500000,4,scan-hop-7aa631fec40822b9,35.670524556000004,development,ok,1.0
ok,103.40180588041939,89.78090577127385,353.4597726882436,E13,52,CH3LU RX0+1,1.0133271409999907,125,353.4597726882436,margin_0.1,,125,89.78090577127385,35.670524556000004,1.0,2500000,4,scan-hop-7aa631fec40822b9,35.670524556000004,development,ok,1.0
ok,103.40180588041939,89.78090577127385,353.4597726882436,E13,52,CH3LU RX0+1,1.0133271409999907,125,353.4597726882436,margin_0.15,,125,89.78090577127385,35.670524556000004,1.0,2500000,4,scan-hop-7aa631fec40822b9,35.670524556000004,development,ok,1.0
ok,103.40180588041939,89.78090577127385,353.4597726882436,E13,52,CH3LU RX0+1,1.0133271409999907,125,353.4597726882436,margin_0.2,,125,89.78090577127385,35.670524556000004,1.0,2500000,4,scan-hop-7aa631fec40822b9,35.670524556000004,development,ok,1.0
ok,106.9320216213401,95.73327390445499,1015.5860521309079,E13,52,CH3LU RX0+1,13.058621974000005,125,1015.5860521309079,top_1,,64,76.0806028630302,32.661237460999985,0.512,2500000,4,scan-hop-7aa631fec40822b9,35.670524556000004,development,ok,0.5068493150684932
ok,103.5704564239068,93.7342241014621,316.2868933611609,E13,52,CH3LU RX0+1,6.029100794000044,125,316.2868933611609,top_2,,104,70.40332316994284,35.17057816799999,0.832,2500000,4,scan-hop-7aa631fec40822b9,35.670524556000004,development,ok,0.821917808219178
ok,107.66829850727164,93.96730293888152,543.4842038334536,E13,52,CH3LU RX0+1,3.013110154000003,125,543.4842038334536,top_4,,116,77.57326354469107,35.17057816799999,0.928,2500000,4,scan-hop-7aa631fec40822b9,35.670524556000004,development,ok,0.9315068493150684
ok,103.2517461323765,89.97829189515703,356.82298333935535,E13,52,CH3LU RX0+1,1.0133271409999907,125,356.82298333935535,bounded_score_weight,,125,89.97829189515703,35.670524556000004,1.0,2500000,4,scan-hop-7aa631fec40822b9,35.670524556000004,development,ok,1.0
ok,103.17492107408216,89.98892078312979,355.2322268125824,E13,52,CH3LU RX0+1,1.0133271409999907,125,355.2322268125824,production_score_weight,,125,89.98892078312979,35.670524556000004,1.0,2500000,4,scan-hop-7aa631fec40822b9,35.670524556000004,development,ok,1.0
ok,100.939221357532,90.35530992418174,189.31802272421433,E13,52,CH3LU RX0+1,1.0133271409999907,125,189.31802272421433,integer_epoch,,125,91.86286063974559,35.670524556000004,1.0,2500000,4,scan-hop-7aa631fec40822b9,35.670524556000004,development,ok,1.0
ok,89.94007039169783,78.55131563161775,642.8507102097535,E01,37,CH3LU RX0+1,1.0133290969999997,90,642.8507102097535,baseline,,90,78.55131563161775,36.722046788,1.0,5000000,3,scan-hop-86a59efbe9121870,36.722046788,development,ok,1.0
ok,89.94007039169783,78.55131563161775,642.8507102097535,E01,37,CH3LU RX0+1,1.0133290969999997,90,642.8507102097535,margin_0.05,,90,78.55131563161775,36.722046788,1.0,5000000,3,scan-hop-86a59efbe9121870,36.722046788,development,ok,1.0
ok,89.94007039169783,78.55131563161775,642.8507102097535,E01,37,CH3LU RX0+1,1.0133290969999997,90,642.8507102097535,margin_0.075,,90,78.55131563161775,36.722046788,1.0,5000000,3,scan-hop-86a59efbe9121870,36.722046788,development,ok,1.0
ok,89.94007039169783,78.55131563161775,642.8507102097535,E01,37,CH3LU RX0+1,1.0133290969999997,90,642.8507102097535,margin_0.1,,90,78.55131563161775,36.722046788,1.0,5000000,3,scan-hop-86a59efbe9121870,36.722046788,development,ok,1.0
ok,89.94007039169783,78.55131563161775,642.8507102097535,E01,37,CH3LU RX0+1,1.0133290969999997,90,642.8507102097535,margin_0.15,,90,78.55131563161775,36.722046788,1.0,5000000,3,scan-hop-86a59efbe9121870,36.722046788,development,ok,1.0
ok,89.94007039169783,78.55131563161775,642.8507102097535,E01,37,CH3LU RX0+1,1.0133290969999997,90,642.8507102097535,margin_0.2,,90,78.55131563161775,36.722046788,1.0,5000000,3,scan-hop-86a59efbe9121870,36.722046788,development,ok,1.0
ok,93.91394488618386,84.99800846549981,159.91444931254438,E01,37,CH3LU RX0+1,10.067968280000002,90,159.91444931254438,top_1,,41,48.904926801442706,34.707339223,0.45555555555555555,5000000,3,scan-hop-86a59efbe9121870,36.722046788,development,ok,0.4528301886792453
ok,96.40779583392755,82.09595565165883,126.24490804461803,E01,37,CH3LU RX0+1,8.049310664,90,126.24490804461803,top_2,,70,60.937295805190644,35.71667721,0.7777777777777778,5000000,3,scan-hop-86a59efbe9121870,36.722046788,development,ok,0.8113207547169812
ok,92.74963667895072,81.28450453581779,534.581895615514,E01,37,CH3LU RX0+1,4.025013885,90,534.581895615514,top_4,,81,62.67178976381726,35.71667721,0.9,5000000,3,scan-hop-86a59efbe9121870,36.722046788,development,ok,0.8679245283018868
ok,89.96410119381184,78.90063346944048,559.5298213676691,E01,37,CH3LU RX0+1,1.0133290969999997,90,559.5298213676691,bounded_score_weight,,90,78.90063346944048,36.722046788,1.0,5000000,3,scan-hop-86a59efbe9121870,36.722046788,development,ok,1.0
ok,89.97027063125138,78.90250780439818,559.6199229416667,E01,37,CH3LU RX0+1,1.0133290969999997,90,559.6199229416667,production_score_weight,,90,78.90250780439818,36.722046788,1.0,5000000,3,scan-hop-86a59efbe9121870,36.722046788,development,ok,1.0
ok,89.94007039169783,78.55131563161775,642.8507102097535,E01,37,CH3LU RX0+1,1.0133290969999997,90,642.8507102097535,integer_epoch,,90,78.55131563161775,36.722046788,1.0,5000000,3,scan-hop-86a59efbe9121870,36.722046788,development,ok,1.0
ok,122.60946790923238,113.34412955803919,275.08622809299817,E02,56,CH4LU RX0+1,1.013137252,136,275.08622809299817,baseline,,136,113.34412955803919,34.207313877,1.0,5000000,4,scan-hop-86a59efbe9121870,34.207313877,development,ok,1.0
ok,122.60946790923238,113.34412955803919,275.08622809299817,E02,56,CH4LU RX0+1,1.013137252,136,275.08622809299817,margin_0.05,,136,113.34412955803919,34.207313877,1.0,5000000,4,scan-hop-86a59efbe9121870,34.207313877,development,ok,1.0
ok,122.60946790923238,113.34412955803919,275.08622809299817,E02,56,CH4LU RX0+1,1.013137252,136,275.08622809299817,margin_0.075,,136,113.34412955803919,34.207313877,1.0,5000000,4,scan-hop-86a59efbe9121870,34.207313877,development,ok,1.0
ok,122.60946790923238,113.34412955803919,275.08622809299817,E02,56,CH4LU RX0+1,1.013137252,136,275.08622809299817,margin_0.1,,136,113.34412955803919,34.207313877,1.0,5000000,4,scan-hop-86a59efbe9121870,34.207313877,development,ok,1.0
ok,122.60946790923238,113.34412955803919,275.08622809299817,E02,56,CH4LU RX0+1,1.013137252,136,275.08622809299817,margin_0.15,,136,113.34412955803919,34.207313877,1.0,5000000,4,scan-hop-86a59efbe9121870,34.207313877,development,ok,1.0
ok,122.60946790923238,113.34412955803919,275.08622809299817,E02,56,CH4LU RX0+1,1.013137252,136,275.08622809299817,margin_0.2,,136,113.34412955803919,34.207313877,1.0,5000000,4,scan-hop-86a59efbe9121870,34.207313877,development,ok,1.0
,,,,E02,56,CH4LU RX0+1,,136,,top_1,fewer than four training observations in a source segment,40,,,0.29411764705882354,5000000,4,scan-hop-86a59efbe9121870,34.207313877,development,insufficient_support,0.2
ok,127.65079218255829,125.93051775568793,73.09244019829943,E02,56,CH4LU RX0+1,8.046663994000001,136,73.09244019829943,top_2,,79,40.150425203117344,33.198046502,0.5808823529411765,5000000,4,scan-hop-86a59efbe9121870,34.207313877,development,ok,0.425
ok,120.85228860245103,114.2654630914519,114.65834500491961,E02,56,CH4LU RX0+1,5.025335182,136,114.65834500491961,top_4,,117,102.79590912678341,34.207313877,0.8602941176470589,5000000,4,scan-hop-86a59efbe9121870,34.207313877,development,ok,0.8
ok,122.23042068161692,113.67039590001664,299.6830421904656,E02,56,CH4LU RX0+1,1.013137252,136,299.6830421904656,bounded_score_weight,,136,113.67039590001664,34.207313877,1.0,5000000,4,scan-hop-86a59efbe9121870,34.207313877,development,ok,1.0
ok,122.21721626754118,113.67039590001359,299.68304219049185,E02,56,CH4LU RX0+1,1.013137252,136,299.68304219049185,production_score_weight,,136,113.67039590001359,34.207313877,1.0,5000000,4,scan-hop-86a59efbe9121870,34.207313877,development,ok,1.0
ok,122.60946790923238,113.34412955803919,275.08622809299817,E02,56,CH4LU RX0+1,1.013137252,136,275.08622809299817,integer_epoch,,136,113.34412955803919,34.207313877,1.0,5000000,4,scan-hop-86a59efbe9121870,34.207313877,development,ok,1.0
ok,88.05997621363743,69.0594861217569,535.5066461190323,E07,23,CH4LU RX0+1,1.0133324210000012,55,535.5066461190323,baseline,,55,69.0594861217569,43.269366317,1.0,5000000,2,scan-hop-86a59efbe9121870,43.269366317,development,ok,1.0
ok,88.05997621363743,69.0594861217569,535.5066461190323,E07,23,CH4LU RX0+1,1.0133324210000012,55,535.5066461190323,margin_0.05,,55,69.0594861217569,43.269366317,1.0,5000000,2,scan-hop-86a59efbe9121870,43.269366317,development,ok,1.0
ok,88.05997621363743,69.0594861217569,535.5066461190323,E07,23,CH4LU RX0+1,1.0133324210000012,55,535.5066461190323,margin_0.075,,55,69.0594861217569,43.269366317,1.0,5000000,2,scan-hop-86a59efbe9121870,43.269366317,development,ok,1.0
ok,88.05997621363743,69.0594861217569,535.5066461190323,E07,23,CH4LU RX0+1,1.0133324210000012,55,535.5066461190323,margin_0.1,,55,69.0594861217569,43.269366317,1.0,5000000,2,scan-hop-86a59efbe9121870,43.269366317,development,ok,1.0
ok,88.05997621363743,69.0594861217569,535.5066461190323,E07,23,CH4LU RX0+1,1.0133324210000012,55,535.5066461190323,margin_0.15,,55,69.0594861217569,43.269366317,1.0,5000000,2,scan-hop-86a59efbe9121870,43.269366317,development,ok,1.0
,,,,E07,23,CH4LU RX0+1,,55,,margin_0.2,fewer than four training observations in a source segment,52,,,0.9454545454545454,5000000,2,scan-hop-86a59efbe9121870,43.269366317,development,insufficient_support,0.90625
fewer than four training observations in a source segment,,71.6868674394986,876.6646594068625,E07,23,CH4LU RX0+1,4.030674572999999,55,876.6646594068625,top_1,,30,56.729938360487125,40.25205029400001,0.5454545454545454,5000000,2,scan-hop-86a59efbe9121870,43.269366317,development,ok,0.625
fewer than four training observations in a source segment,,71.2746579917278,917.6178399696178,E07,23,CH4LU RX0+1,3.0253382269999918,55,917.6178399696178,top_2,,43,50.42410791249491,43.269366317,0.7818181818181819,5000000,2,scan-hop-86a59efbe9121870,43.269366317,development,ok,0.875
fewer than four training observations in a source segment,,69.59592802835658,647.637380557838,E07,23,CH4LU RX0+1,3.0253382269999918,55,647.637380557838,top_4,,48,63.047687631291026,43.269366317,0.8727272727272727,5000000,2,scan-hop-86a59efbe9121870,43.269366317,development,ok,0.9375
ok,88.51301153264632,69.3543631064175,572.6239353734915,E07,23,CH4LU RX0+1,1.0133324210000012,55,572.6239353734915,bounded_score_weight,,55,69.3543631064175,43.269366317,1.0,5000000,2,scan-hop-86a59efbe9121870,43.269366317,development,ok,1.0
ok,88.39412894711123,69.58429609262583,586.7863676972725,E07,23,CH4LU RX0+1,1.0133324210000012,55,586.7863676972725,production_score_weight,,55,69.58429609262583,43.269366317,1.0,5000000,2,scan-hop-86a59efbe9121870,43.269366317,development,ok,1.0
ok,88.05997621363743,69.0594861217569,535.5066461190323,E07,23,CH4LU RX0+1,1.0133324210000012,55,535.5066461190323,integer_epoch,,55,69.0594861217569,43.269366317,1.0,5000000,2,scan-hop-86a59efbe9121870,43.269366317,development,ok,1.0
ok,103.4088623083598,95.77338437689643,262.33857658266794,E08,41,CH1LU RX0+1,1.0146663889999985,100,262.33857658266794,baseline,,100,95.77338437689643,43.26801649699999,1.0,5000000,4,scan-hop-86a59efbe9121870,43.26801649699999,development,ok,1.0
ok,103.4088623083598,95.77338437689643,262.33857658266794,E08,41,CH1LU RX0+1,1.0146663889999985,100,262.33857658266794,margin_0.05,,100,95.77338437689643,43.26801649699999,1.0,5000000,4,scan-hop-86a59efbe9121870,43.26801649699999,development,ok,1.0
ok,103.4088623083598,95.77338437689643,262.33857658266794,E08,41,CH1LU RX0+1,1.0146663889999985,100,262.33857658266794,margin_0.075,,100,95.77338437689643,43.26801649699999,1.0,5000000,4,scan-hop-86a59efbe9121870,43.26801649699999,development,ok,1.0
ok,103.4088623083598,95.77338437689643,262.33857658266794,E08,41,CH1LU RX0+1,1.0146663889999985,100,262.33857658266794,margin_0.1,,100,95.77338437689643,43.26801649699999,1.0,5000000,4,scan-hop-86a59efbe9121870,43.26801649699999,development,ok,1.0
ok,103.4088623083598,95.77338437689643,262.33857658266794,E08,41,CH1LU RX0+1,1.0146663889999985,100,262.33857658266794,margin_0.15,,100,95.77338437689643,43.26801649699999,1.0,5000000,4,scan-hop-86a59efbe9121870,43.26801649699999,development,ok,1.0
ok,103.4088623083598,95.77338437689643,262.33857658266794,E08,41,CH1LU RX0+1,1.0146663889999985,100,262.33857658266794,margin_0.2,,100,95.77338437689643,43.26801649699999,1.0,5000000,4,scan-hop-86a59efbe9121870,43.26801649699999,development,ok,1.0
,,,,E08,41,CH1LU RX0+1,,100,,top_1,fewer than four training observations in a source segment,48,,,0.48,5000000,4,scan-hop-86a59efbe9121870,43.26801649699999,development,insufficient_support,0.4745762711864407
,,,,E08,41,CH1LU RX0+1,,100,,top_2,fewer than four training observations in a source segment,80,,,0.8,5000000,4,scan-hop-86a59efbe9121870,43.26801649699999,development,insufficient_support,0.7966101694915254
,,,,E08,41,CH1LU RX0+1,,100,,top_4,fewer than four training observations in a source segment,93,,,0.93,5000000,4,scan-hop-86a59efbe9121870,43.26801649699999,development,insufficient_support,0.8983050847457628
ok,104.22029358711782,96.07395596902552,265.3766886516297,E08,41,CH1LU RX0+1,1.0146663889999985,100,265.3766886516297,bounded_score_weight,,100,96.07395596902552,43.26801649699999,1.0,5000000,4,scan-hop-86a59efbe9121870,43.26801649699999,development,ok,1.0
ok,104.30357998686128,96.0808426637072,265.25132415230604,E08,41,CH1LU RX0+1,1.0146663889999985,100,265.25132415230604,production_score_weight,,100,96.0808426637072,43.26801649699999,1.0,5000000,4,scan-hop-86a59efbe9121870,43.26801649699999,development,ok,1.0
ok,104.12973213595826,96.45863056696926,220.66616378769083,E08,41,CH1LU RX0+1,1.0146663889999985,100,220.66616378769083,integer_epoch,,100,97.75642936495609,43.26801649699999,1.0,5000000,4,scan-hop-86a59efbe9121870,43.26801649699999,development,ok,1.0
ok,93.07392268273021,81.41388200836802,523.957472380268,E09,26,CH4L RX0+1,1.012607495999987,64,523.957472380268,baseline,,64,81.41388200836802,39.234700573,1.0,5000000,2,scan-hop-86a59efbe9121870,39.234700573,development,ok,1.0
ok,93.07392268273021,81.41388200836802,523.957472380268,E09,26,CH4L RX0+1,1.012607495999987,64,523.957472380268,margin_0.05,,64,81.41388200836802,39.234700573,1.0,5000000,2,scan-hop-86a59efbe9121870,39.234700573,development,ok,1.0
ok,93.07392268273021,81.41388200836802,523.957472380268,E09,26,CH4L RX0+1,1.012607495999987,64,523.957472380268,margin_0.075,,64,81.41388200836802,39.234700573,1.0,5000000,2,scan-hop-86a59efbe9121870,39.234700573,development,ok,1.0
ok,93.07392268273021,81.41388200836802,523.957472380268,E09,26,CH4L RX0+1,1.012607495999987,64,523.957472380268,margin_0.1,,64,81.41388200836802,39.234700573,1.0,5000000,2,scan-hop-86a59efbe9121870,39.234700573,development,ok,1.0
ok,91.56624218938171,82.33501160978712,424.51171917026244,E09,26,CH4L RX0+1,2.009336781000002,64,424.51171917026244,margin_0.15,,63,70.30034899257925,39.234700573,0.984375,5000000,2,scan-hop-86a59efbe9121870,39.234700573,development,ok,0.9736842105263158
ok,91.81138120072059,83.53120897378616,377.5578760580112,E09,26,CH4L RX0+1,1.012607495999987,64,377.5578760580112,margin_0.2,,62,68.13651433627795,39.234700573,0.96875,5000000,2,scan-hop-86a59efbe9121870,39.234700573,development,ok,0.9473684210526315
ok,125.8261299589209,142.39266436212532,1021.7485571356286,E09,26,CH4L RX0+1,8.05066149000001,64,1021.7485571356286,top_1,,28,62.026922511028175,30.170828263999994,0.4375,5000000,2,scan-hop-86a59efbe9121870,39.234700573,development,ok,0.39473684210526316
ok,129.64154159644158,139.41814159042238,838.9979454600548,E09,26,CH4L RX0+1,4.024002871999997,64,838.9979454600548,top_2,,49,55.29243588506614,31.177489542999993,0.765625,5000000,2,scan-hop-86a59efbe9121870,39.234700573,development,ok,0.631578947368421
ok,94.40831928722366,83.75823940605169,744.8413419757042,E09,26,CH4L RX0+1,3.0186683069999987,64,744.8413419757042,top_4,,60,72.11335327659538,39.234700573,0.9375,5000000,2,scan-hop-86a59efbe9121870,39.234700573,development,ok,0.8947368421052632
ok,91.16855836277165,81.99728496406853,473.3843390736497,E09,26,CH4L RX0+1,1.012607495999987,64,473.3843390736497,bounded_score_weight,,64,81.99728496406853,39.234700573,1.0,5000000,2,scan-hop-86a59efbe9121870,39.234700573,development,ok,1.0
ok,90.96344865130192,82.39785611301708,442.47604047831436,E09,26,CH4L RX0+1,1.012607495999987,64,442.47604047831436,production_score_weight,,64,82.39785611301708,39.234700573,1.0,5000000,2,scan-hop-86a59efbe9121870,39.234700573,development,ok,1.0
ok,92.08232105318622,82.40220909853096,558.261598395151,E09,26,CH4L RX0+1,1.012607495999987,64,558.261598395151,integer_epoch,,64,77.52940607029684,39.234700573,1.0,5000000,2,scan-hop-86a59efbe9121870,39.234700573,development,ok,1.0
ok,135.6302292442345,114.93587618613675,591.0917381942639,E10,49,CH1LU RX0+1,1.0146662749999962,120,591.0917381942639,baseline,,120,114.93587618613675,35.73514058899998,1.0,5000000,4,scan-hop-86a59efbe9121870,35.73514058899998,development,ok,1.0
ok,135.6302292442345,114.93587618613675,591.0917381942639,E10,49,CH1LU RX0+1,1.0146662749999962,120,591.0917381942639,margin_0.05,,120,114.93587618613675,35.73514058899998,1.0,5000000,4,scan-hop-86a59efbe9121870,35.73514058899998,development,ok,1.0
ok,134.99959894911632,115.41180786177617,438.960227704135,E10,49,CH1LU RX0+1,1.0146662749999962,120,438.960227704135,margin_0.075,,119,114.1446691636237,34.730274497999986,0.9916666666666667,5000000,4,scan-hop-86a59efbe9121870,35.73514058899998,development,ok,0.9859154929577465
ok,134.99959894911632,115.41180786177617,438.960227704135,E10,49,CH1LU RX0+1,1.0146662749999962,120,438.960227704135,margin_0.1,,119,114.1446691636237,34.730274497999986,0.9916666666666667,5000000,4,scan-hop-86a59efbe9121870,35.73514058899998,development,ok,0.9859154929577465
ok,130.17791612676834,114.99505523962051,470.66107364066545,E10,49,CH1LU RX0+1,2.012747759000007,120,470.66107364066545,margin_0.15,,118,111.29756650311901,34.730274497999986,0.9833333333333333,5000000,4,scan-hop-86a59efbe9121870,35.73514058899998,development,ok,0.971830985915493
ok,130.17791612676834,114.99505523962051,470.66107364066545,E10,49,CH1LU RX0+1,2.012747759000007,120,470.66107364066545,margin_0.2,,118,111.29756650311901,34.730274497999986,0.9833333333333333,5000000,4,scan-hop-86a59efbe9121870,35.73514058899998,development,ok,0.971830985915493
ok,129.7611853463894,121.51415370437417,458.435698859631,E10,49,CH1LU RX0+1,10.075997811999997,120,458.435698859631,top_1,,55,71.2968804218515,35.73514058899998,0.4583333333333333,5000000,4,scan-hop-86a59efbe9121870,35.73514058899998,development,ok,0.4084507042253521
ok,127.72856473870762,121.34498469137174,341.6318806281622,E10,49,CH1LU RX0+1,7.052221273000001,120,341.6318806281622,top_2,,88,79.12200057508518,35.73514058899998,0.7333333333333333,5000000,4,scan-hop-86a59efbe9121870,35.73514058899998,development,ok,0.6901408450704225
ok,127.3905982466428,119.00837922007089,435.13229484395674,E10,49,CH1LU RX0+1,6.0464333750000065,120,435.13229484395674,top_4,,102,97.2597115603182,35.73514058899998,0.85,5000000,4,scan-hop-86a59efbe9121870,35.73514058899998,development,ok,0.8028169014084507
ok,130.9030831613277,115.50578637324706,444.09336862009894,E10,49,CH1LU RX0+1,1.0146662749999962,120,444.09336862009894,bounded_score_weight,,120,115.50578637324706,35.73514058899998,1.0,5000000,4,scan-hop-86a59efbe9121870,35.73514058899998,development,ok,1.0
ok,128.87525088391772,115.6735039924899,398.09226299430094,E10,49,CH1LU RX0+1,1.0146662749999962,120,398.09226299430094,production_score_weight,,120,115.6735039924899,35.73514058899998,1.0,5000000,4,scan-hop-86a59efbe9121870,35.73514058899998,development,ok,1.0
ok,136.87437067342952,115.7845346405716,591.0917381942639,E10,49,CH1LU RX0+1,1.0146662749999962,120,585.6285954518172,integer_epoch,,120,117.94210341365913,35.73514058899998,1.0,5000000,4,scan-hop-86a59efbe9121870,35.73514058899998,development,ok,1.0
ok,133.10846700080543,123.20344309996696,485.3164865168339,E15,36,CH3LU RX0+1,1.0159954860000084,87,485.3164865168339,baseline,,87,123.20344309996696,41.275381830000015,1.0,5000000,3,scan-hop-86a59efbe9121870,41.275381830000015,development,ok,1.0
ok,133.10846700080543,123.20344309996696,485.3164865168339,E15,36,CH3LU RX0+1,1.0159954860000084,87,485.3164865168339,margin_0.05,,87,123.20344309996696,41.275381830000015,1.0,5000000,3,scan-hop-86a59efbe9121870,41.275381830000015,development,ok,1.0
ok,133.10846700080543,123.20344309996696,485.3164865168339,E15,36,CH3LU RX0+1,1.0159954860000084,87,485.3164865168339,margin_0.075,,87,123.20344309996696,41.275381830000015,1.0,5000000,3,scan-hop-86a59efbe9121870,41.275381830000015,development,ok,1.0
ok,133.10846700080543,123.20344309996696,485.3164865168339,E15,36,CH3LU RX0+1,1.0159954860000084,87,485.3164865168339,margin_0.1,,87,123.20344309996696,41.275381830000015,1.0,5000000,3,scan-hop-86a59efbe9121870,41.275381830000015,development,ok,1.0
ok,132.79508871715745,123.23240841603786,488.33861905567215,E15,36,CH3LU RX0+1,1.0159954860000084,87,488.33861905567215,margin_0.15,,86,123.56714106495151,41.275381830000015,0.9885057471264368,5000000,3,scan-hop-86a59efbe9121870,41.275381830000015,development,ok,0.9803921568627451
ok,128.72399973867167,123.56333514465756,504.15643836863063,E15,36,CH3LU RX0+1,2.0180113479999875,87,504.15643836863063,margin_0.2,,83,119.61260022035984,39.264036019,0.9540229885057471,5000000,3,scan-hop-86a59efbe9121870,41.275381830000015,development,ok,0.9215686274509803
ok,138.55892286431978,131.63393540412528,177.65036027629455,E15,36,CH3LU RX0+1,10.05867510500002,87,177.65036027629455,top_1,,44,91.2690080909593,40.265354554,0.5057471264367817,5000000,3,scan-hop-86a59efbe9121870,41.275381830000015,development,ok,0.5686274509803921
ok,132.3133964422717,128.47338011325448,334.37978886877625,E15,36,CH3LU RX0+1,7.042669355000015,87,334.37978886877625,top_2,,64,99.26534924451923,41.275381830000015,0.735632183908046,5000000,3,scan-hop-86a59efbe9121870,41.275381830000015,development,ok,0.7058823529411765
ok,130.26640723616018,126.06495638066556,231.33565517127653,E15,36,CH3LU RX0+1,5.044702717999996,87,231.33565517127653,top_4,,73,108.47492243375531,41.275381830000015,0.8390804597701149,5000000,3,scan-hop-86a59efbe9121870,41.275381830000015,development,ok,0.8235294117647058
ok,133.21910676896005,123.86816483419533,382.85201572186565,E15,36,CH3LU RX0+1,1.0159954860000084,87,382.85201572186565,bounded_score_weight,,87,123.86816483419533,41.275381830000015,1.0,5000000,3,scan-hop-86a59efbe9121870,41.275381830000015,development,ok,1.0
ok,132.27580729166678,123.92849297983864,359.1012991297023,E15,36,CH3LU RX0+1,1.0159954860000084,87,359.1012991297023,production_score_weight,,87,123.92849297983864,41.275381830000015,1.0,5000000,3,scan-hop-86a59efbe9121870,41.275381830000015,development,ok,1.0
ok,132.3147702558658,125.03730174648275,334.9231055399502,E15,36,CH3LU RX0+1,1.0159954860000084,87,334.9231055399502,integer_epoch,,87,131.66062076364412,41.275381830000015,1.0,5000000,3,scan-hop-86a59efbe9121870,41.275381830000015,development,ok,1.0
ok,173.12166889710954,149.5603265100677,633.4820543007529,E16,27,CH2LU RX0,1.0173284719999742,66,633.4820543007529,baseline,,66,149.5603265100677,34.223360993,1.0,5000000,2,scan-hop-86a59efbe9121870,34.223360993,development,ok,1.0
ok,173.12166889710954,149.5603265100677,633.4820543007529,E16,27,CH2LU RX0,1.0173284719999742,66,633.4820543007529,margin_0.05,,66,149.5603265100677,34.223360993,1.0,5000000,2,scan-hop-86a59efbe9121870,34.223360993,development,ok,1.0
ok,173.12166889710954,149.5603265100677,633.4820543007529,E16,27,CH2LU RX0,1.0173284719999742,66,633.4820543007529,margin_0.075,,66,149.5603265100677,34.223360993,1.0,5000000,2,scan-hop-86a59efbe9121870,34.223360993,development,ok,1.0
ok,173.12166889710954,149.5603265100677,633.4820543007529,E16,27,CH2LU RX0,1.0173284719999742,66,633.4820543007529,margin_0.1,,66,149.5603265100677,34.223360993,1.0,5000000,2,scan-hop-86a59efbe9121870,34.223360993,development,ok,1.0
ok,184.35191177501622,149.56883076269807,902.6876730694036,E16,27,CH2LU RX0,1.0173284719999742,66,902.6876730694036,margin_0.15,,64,150.38225714452827,32.21268772600001,0.9696969696969697,5000000,2,scan-hop-86a59efbe9121870,34.223360993,development,ok,0.9487179487179487
ok,202.1986182410881,150.15481061897026,2005.2102902645288,E16,27,CH2LU RX0,3.021331435999997,66,2005.2102902645288,margin_0.2,,61,148.6613770882279,31.20601828300002,0.9242424242424242,5000000,2,scan-hop-86a59efbe9121870,34.223360993,development,ok,0.8717948717948718
ok,198.45953553684734,153.34736156319144,431.4527223988536,E16,27,CH2LU RX0,10.059746167000014,66,431.4527223988536,top_1,,36,137.40643303623162,32.209286789000004,0.5454545454545454,5000000,2,scan-hop-86a59efbe9121870,34.223360993,development,ok,0.5897435897435898
ok,182.40270032091692,154.2789598469546,375.588618154375,E16,27,CH2LU RX0,5.0359832289999815,66,375.588618154375,top_2,,46,130.2698163988272,34.223360993,0.696969696969697,5000000,2,scan-hop-86a59efbe9121870,34.223360993,development,ok,0.717948717948718
ok,169.07123297405047,153.26579257640938,376.0265249079012,E16,27,CH2LU RX0,4.024006909000008,66,376.0265249079012,top_4,,55,138.68877983282422,34.223360993,0.8333333333333334,5000000,2,scan-hop-86a59efbe9121870,34.223360993,development,ok,0.8717948717948718
ok,170.90998842295357,151.04015095951578,613.6009245061848,E16,27,CH2LU RX0,1.0173284719999742,66,613.6009245061848,bounded_score_weight,,66,151.04015095951578,34.223360993,1.0,5000000,2,scan-hop-86a59efbe9121870,34.223360993,development,ok,1.0
ok,173.51606427762607,150.97873188198542,667.3479767381142,E16,27,CH2LU RX0,1.0173284719999742,66,667.3479767381142,production_score_weight,,66,150.97873188198542,34.223360993,1.0,5000000,2,scan-hop-86a59efbe9121870,34.223360993,development,ok,1.0
ok,173.12166889710954,149.5603265100677,633.4820543007529,E16,27,CH2LU RX0,1.0173284719999742,66,633.4820543007529,integer_epoch,,66,149.5603265100677,34.223360993,1.0,5000000,2,scan-hop-86a59efbe9121870,34.223360993,development,ok,1.0
ok,137.29567528582461,114.75442373716675,694.0149292666289,E20,41,CH4LU RX0+1,1.0133407200000306,100,694.0149292666289,baseline,,100,114.75442373716675,38.74814183800004,1.0,5000000,3,scan-hop-86a59efbe9121870,38.74814183800004,development,ok,1.0
ok,137.29567528582461,114.75442373716675,694.0149292666289,E20,41,CH4LU RX0+1,1.0133407200000306,100,694.0149292666289,margin_0.05,,100,114.75442373716675,38.74814183800004,1.0,5000000,3,scan-hop-86a59efbe9121870,38.74814183800004,development,ok,1.0
ok,137.29567528582461,114.75442373716675,694.0149292666289,E20,41,CH4LU RX0+1,1.0133407200000306,100,694.0149292666289,margin_0.075,,100,114.75442373716675,38.74814183800004,1.0,5000000,3,scan-hop-86a59efbe9121870,38.74814183800004,development,ok,1.0
ok,137.29567528582461,114.75442373716675,694.0149292666289,E20,41,CH4LU RX0+1,1.0133407200000306,100,694.0149292666289,margin_0.1,,100,114.75442373716675,38.74814183800004,1.0,5000000,3,scan-hop-86a59efbe9121870,38.74814183800004,development,ok,1.0
ok,137.29567528582461,114.75442373716675,694.0149292666289,E20,41,CH4LU RX0+1,1.0133407200000306,100,694.0149292666289,margin_0.15,,100,114.75442373716675,38.74814183800004,1.0,5000000,3,scan-hop-86a59efbe9121870,38.74814183800004,development,ok,1.0
ok,137.36629695445026,114.75548557620824,694.0149292666289,E20,41,CH4LU RX0+1,2.0131102540000256,100,694.0149292666289,margin_0.2,,99,115.31307940835185,38.74814183800004,0.99,5000000,3,scan-hop-86a59efbe9121870,38.74814183800004,development,ok,1.0
,,,,E20,41,CH4LU RX0+1,,100,,top_1,fewer than four training observations in a source segment,40,,,0.4,5000000,3,scan-hop-86a59efbe9121870,38.74814183800004,development,insufficient_support,0.4406779661016949
ok,134.67304958576693,117.80123445784088,972.0210631859985,E20,41,CH4LU RX0+1,3.022685005000028,100,972.0210631859985,top_2,,75,89.51941401622778,38.74814183800004,0.75,5000000,3,scan-hop-86a59efbe9121870,38.74814183800004,development,ok,0.7966101694915254
ok,140.97431269013128,115.49194656931579,697.0711556039786,E20,41,CH4LU RX0+1,2.0160125600000356,100,697.0711556039786,top_4,,92,111.46995243819619,38.74814183800004,0.92,5000000,3,scan-hop-86a59efbe9121870,38.74814183800004,development,ok,0.9830508474576272
ok,134.4638554686211,114.84204751195998,625.8552415168846,E20,41,CH4LU RX0+1,1.0133407200000306,100,625.8552415168846,bounded_score_weight,,100,114.84204751195998,38.74814183800004,1.0,5000000,3,scan-hop-86a59efbe9121870,38.74814183800004,development,ok,1.0
ok,134.3957200259072,114.97528888660626,647.5437126293886,E20,41,CH4LU RX0+1,1.0133407200000306,100,647.5437126293886,production_score_weight,,100,114.97528888660626,38.74814183800004,1.0,5000000,3,scan-hop-86a59efbe9121870,38.74814183800004,development,ok,1.0
ok,147.32922838528546,115.45941125741908,762.5436790303814,E20,41,CH4LU RX0+1,1.0133407200000306,100,764.5762414544683,integer_epoch,,100,125.43448517039121,38.74814183800004,1.0,5000000,3,scan-hop-86a59efbe9121870,38.74814183800004,development,ok,1.0
ok,58.77248885283057,50.1357992057718,289.02682248164604,E21,38,CH1LU RX0+1,1.0145620530000201,91,289.02682248164604,baseline,,91,50.1357992057718,37.74273951799998,1.0,5000000,3,scan-hop-86a59efbe9121870,37.74273951799998,development,ok,1.0
ok,58.77248885283057,50.1357992057718,289.02682248164604,E21,38,CH1LU RX0+1,1.0145620530000201,91,289.02682248164604,margin_0.05,,91,50.1357992057718,37.74273951799998,1.0,5000000,3,scan-hop-86a59efbe9121870,37.74273951799998,development,ok,1.0
ok,58.77248885283057,50.1357992057718,289.02682248164604,E21,38,CH1LU RX0+1,1.0145620530000201,91,289.02682248164604,margin_0.075,,91,50.1357992057718,37.74273951799998,1.0,5000000,3,scan-hop-86a59efbe9121870,37.74273951799998,development,ok,1.0
ok,58.77248885283057,50.1357992057718,289.02682248164604,E21,38,CH1LU RX0+1,1.0145620530000201,91,289.02682248164604,margin_0.1,,91,50.1357992057718,37.74273951799998,1.0,5000000,3,scan-hop-86a59efbe9121870,37.74273951799998,development,ok,1.0
ok,58.77248885283057,50.1357992057718,289.02682248164604,E21,38,CH1LU RX0+1,1.0145620530000201,91,289.02682248164604,margin_0.15,,91,50.1357992057718,37.74273951799998,1.0,5000000,3,scan-hop-86a59efbe9121870,37.74273951799998,development,ok,1.0
ok,58.77248885283057,50.1357992057718,289.02682248164604,E21,38,CH1LU RX0+1,1.0145620530000201,91,289.02682248164604,margin_0.2,,91,50.1357992057718,37.74273951799998,1.0,5000000,3,scan-hop-86a59efbe9121870,37.74273951799998,development,ok,1.0
ok,57.89193849144062,52.55622143347983,561.7437314240675,E21,38,CH1LU RX0+1,6.035649077000016,91,561.7437314240675,top_1,,53,37.58539063983976,37.74273951799998,0.5824175824175825,5000000,3,scan-hop-86a59efbe9121870,37.74273951799998,development,ok,0.6226415094339622
ok,57.68089500352115,51.54186706408092,278.63900444606315,E21,38,CH1LU RX0+1,3.0173248539999804,91,278.63900444606315,top_2,,84,35.98977935582285,37.74273951799998,0.9230769230769231,5000000,3,scan-hop-86a59efbe9121870,37.74273951799998,development,ok,0.9622641509433962
ok,58.0627338983683,50.35081360382109,289.02682248164604,E21,38,CH1LU RX0+1,2.013159368999993,91,289.02682248164604,top_4,,90,46.171182902528756,37.74273951799998,0.989010989010989,5000000,3,scan-hop-86a59efbe9121870,37.74273951799998,development,ok,1.0
ok,59.20989650468209,50.27286515082803,278.7709999589524,E21,38,CH1LU RX0+1,1.0145620530000201,91,278.7709999589524,bounded_score_weight,,91,50.27286515082803,37.74273951799998,1.0,5000000,3,scan-hop-86a59efbe9121870,37.74273951799998,development,ok,1.0
ok,59.209896504778925,50.272865150823954,278.7709999579337,E21,38,CH1LU RX0+1,1.0145620530000201,91,278.7709999579337,production_score_weight,,91,50.272865150823954,37.74273951799998,1.0,5000000,3,scan-hop-86a59efbe9121870,37.74273951799998,development,ok,1.0
ok,58.77248885283057,50.1357992057718,289.02682248164604,E21,38,CH1LU RX0+1,1.0145620530000201,91,289.02682248164604,integer_epoch,,91,50.1357992057718,37.74273951799998,1.0,5000000,3,scan-hop-86a59efbe9121870,37.74273951799998,development,ok,1.0
ok,69.70906161567383,57.31063966258057,68.96009548922709,E01,30,CH3LU RX1,1.0126973280000016,72,68.96009548922709,baseline,,72,57.31063966258057,41.189106554,1.0,2500000,3,scan-hop-6d321ff9f5a4f04e,41.189106554,validation,ok,1.0
ok,69.70906161567383,57.31063966258057,68.96009548922709,E01,30,CH3LU RX1,1.0126973280000016,72,68.96009548922709,margin_0.05,,72,57.31063966258057,41.189106554,1.0,2500000,3,scan-hop-6d321ff9f5a4f04e,41.189106554,validation,ok,1.0
ok,69.70906161567383,57.31063966258057,68.96009548922709,E01,30,CH3LU RX1,1.0126973280000016,72,68.96009548922709,margin_0.075,,72,57.31063966258057,41.189106554,1.0,2500000,3,scan-hop-6d321ff9f5a4f04e,41.189106554,validation,ok,1.0
ok,69.70906161567383,57.31063966258057,68.96009548922709,E01,30,CH3LU RX1,1.0126973280000016,72,68.96009548922709,margin_0.1,,72,57.31063966258057,41.189106554,1.0,2500000,3,scan-hop-6d321ff9f5a4f04e,41.189106554,validation,ok,1.0
ok,69.70906161567383,57.31063966258057,68.96009548922709,E01,30,CH3LU RX1,1.0126973280000016,72,68.96009548922709,margin_0.15,,72,57.31063966258057,41.189106554,1.0,2500000,3,scan-hop-6d321ff9f5a4f04e,41.189106554,validation,ok,1.0
ok,69.70906161567383,57.31063966258057,68.96009548922709,E01,30,CH3LU RX1,1.0126973280000016,72,68.96009548922709,margin_0.2,,72,57.31063966258057,41.189106554,1.0,2500000,3,scan-hop-6d321ff9f5a4f04e,41.189106554,validation,ok,1.0
ok,67.55862362522926,64.01228261611799,93.44116566649912,E01,30,CH3LU RX1,7.026717027999993,72,93.44116566649912,top_1,,39,23.498656886543984,40.187961791,0.5416666666666666,2500000,3,scan-hop-6d321ff9f5a4f04e,41.189106554,validation,ok,0.6428571428571429
ok,64.20043556675434,60.32052292851038,78.37155473370335,E01,30,CH3LU RX1,3.0195413619999982,72,78.37155473370335,top_2,,67,25.999393153893855,41.189106554,0.9305555555555556,2500000,3,scan-hop-6d321ff9f5a4f04e,41.189106554,validation,ok,0.9523809523809523
ok,69.70906161567383,57.31063966258057,68.96009548922709,E01,30,CH3LU RX1,1.0126973280000016,72,68.96009548922709,top_4,,72,57.31063966258057,41.189106554,1.0,2500000,3,scan-hop-6d321ff9f5a4f04e,41.189106554,validation,ok,1.0
ok,68.68916839820862,57.32926204169002,69.45157684512517,E01,30,CH3LU RX1,1.0126973280000016,72,69.45157684512517,bounded_score_weight,,72,57.32926204169002,41.189106554,1.0,2500000,3,scan-hop-6d321ff9f5a4f04e,41.189106554,validation,ok,1.0
ok,68.6891683981966,57.32926204168826,69.45157684511899,E01,30,CH3LU RX1,1.0126973280000016,72,69.45157684511899,production_score_weight,,72,57.32926204168826,41.189106554,1.0,2500000,3,scan-hop-6d321ff9f5a4f04e,41.189106554,validation,ok,1.0
ok,69.70906161567383,57.31063966258057,68.96009548922709,E01,30,CH3LU RX1,1.0126973280000016,72,68.96009548922709,integer_epoch,,72,57.31063966258057,41.189106554,1.0,2500000,3,scan-hop-6d321ff9f5a4f04e,41.189106554,validation,ok,1.0
ok,133.36920425143012,126.0779090425927,280.8405262078924,E05,44,CH2LU RX0+1,1.0133399119999922,105,280.8405262078924,baseline,,105,126.0779090425927,37.186608006,1.0,2500000,4,scan-hop-6d321ff9f5a4f04e,37.186608006,validation,ok,1.0
ok,133.36920425143012,126.0779090425927,280.8405262078924,E05,44,CH2LU RX0+1,1.0133399119999922,105,280.8405262078924,margin_0.05,,105,126.0779090425927,37.186608006,1.0,2500000,4,scan-hop-6d321ff9f5a4f04e,37.186608006,validation,ok,1.0
ok,133.36920425143012,126.0779090425927,280.8405262078924,E05,44,CH2LU RX0+1,1.0133399119999922,105,280.8405262078924,margin_0.075,,105,126.0779090425927,37.186608006,1.0,2500000,4,scan-hop-6d321ff9f5a4f04e,37.186608006,validation,ok,1.0
ok,133.36920425143012,126.0779090425927,280.8405262078924,E05,44,CH2LU RX0+1,1.0133399119999922,105,280.8405262078924,margin_0.1,,105,126.0779090425927,37.186608006,1.0,2500000,4,scan-hop-6d321ff9f5a4f04e,37.186608006,validation,ok,1.0
ok,133.7333816593049,126.42448204229933,295.9441366960077,E05,44,CH2LU RX0+1,2.009343101000013,105,295.9441366960077,margin_0.15,,104,121.59647028060017,37.186608006,0.9904761904761905,2500000,4,scan-hop-6d321ff9f5a4f04e,37.186608006,validation,ok,0.9836065573770492
ok,133.7333816593049,126.42448204229933,295.9441366960077,E05,44,CH2LU RX0+1,2.009343101000013,105,295.9441366960077,margin_0.2,,104,121.59647028060017,37.186608006,0.9904761904761905,2500000,4,scan-hop-6d321ff9f5a4f04e,37.186608006,validation,ok,0.9836065573770492
,,,,E05,44,CH2LU RX0+1,,105,,top_1,fewer than four training observations in a source segment,35,,,0.3333333333333333,2500000,4,scan-hop-6d321ff9f5a4f04e,37.186608006,validation,insufficient_support,0.26229508196721313
,,,,E05,44,CH2LU RX0+1,,105,,top_2,fewer than four training observations in a source segment,58,,,0.5523809523809524,2500000,4,scan-hop-6d321ff9f5a4f04e,37.186608006,validation,insufficient_support,0.5081967213114754
ok,135.39699651884607,126.71596230871593,197.94322323872555,E05,44,CH2LU RX0+1,6.026560319999987,105,197.94322323872555,top_4,,89,114.4801510681804,37.186608006,0.8476190476190476,2500000,4,scan-hop-6d321ff9f5a4f04e,37.186608006,validation,ok,0.8360655737704918
ok,133.33670783503723,126.122988024682,218.79344185196547,E05,44,CH2LU RX0+1,1.0133399119999922,105,218.79344185196547,bounded_score_weight,,105,126.122988024682,37.186608006,1.0,2500000,4,scan-hop-6d321ff9f5a4f04e,37.186608006,validation,ok,1.0
ok,133.4340399835813,126.30465348374452,199.75931070424656,E05,44,CH2LU RX0+1,1.0133399119999922,105,199.75931070424656,production_score_weight,,105,126.30465348374452,37.186608006,1.0,2500000,4,scan-hop-6d321ff9f5a4f04e,37.186608006,validation,ok,1.0
ok,135.17102936541784,126.56333049170117,533.4220740875376,E05,44,CH2LU RX0+1,1.0133399119999922,105,526.460049063969,integer_epoch,,105,134.41307620854585,37.186608006,1.0,2500000,4,scan-hop-6d321ff9f5a4f04e,37.186608006,validation,ok,1.0
ok,110.50007081317065,98.73324579808089,163.46486565755274,E06,38,CH4LU RX0+1,1.011994963999996,93,163.46486565755274,baseline,,93,98.73324579808089,37.67721918500001,1.0,2500000,4,scan-hop-6d321ff9f5a4f04e,37.67721918500001,validation,ok,1.0
ok,110.50007081317065,98.73324579808089,163.46486565755274,E06,38,CH4LU RX0+1,1.011994963999996,93,163.46486565755274,margin_0.05,,93,98.73324579808089,37.67721918500001,1.0,2500000,4,scan-hop-6d321ff9f5a4f04e,37.67721918500001,validation,ok,1.0
ok,110.50007081317065,98.73324579808089,163.46486565755274,E06,38,CH4LU RX0+1,1.011994963999996,93,163.46486565755274,margin_0.075,,93,98.73324579808089,37.67721918500001,1.0,2500000,4,scan-hop-6d321ff9f5a4f04e,37.67721918500001,validation,ok,1.0
ok,108.44324462598546,99.65608490925966,163.46486565755274,E06,38,CH4LU RX0+1,1.011994963999996,93,163.46486565755274,margin_0.1,,92,96.07035457713398,36.673227088999994,0.989247311827957,2500000,4,scan-hop-6d321ff9f5a4f04e,37.67721918500001,validation,ok,1.0
ok,108.44324462598546,99.65608490925966,163.46486565755274,E06,38,CH4LU RX0+1,1.011994963999996,93,163.46486565755274,margin_0.15,,92,96.07035457713398,36.673227088999994,0.989247311827957,2500000,4,scan-hop-6d321ff9f5a4f04e,37.67721918500001,validation,ok,1.0
ok,108.44324462598546,99.65608490925966,163.46486565755274,E06,38,CH4LU RX0+1,1.011994963999996,93,163.46486565755274,margin_0.2,,92,96.07035457713398,36.673227088999994,0.989247311827957,2500000,4,scan-hop-6d321ff9f5a4f04e,37.67721918500001,validation,ok,1.0
,,,,E06,38,CH4LU RX0+1,,93,,top_1,fewer than four training observations in a source segment,41,,,0.44086021505376344,2500000,4,scan-hop-6d321ff9f5a4f04e,37.67721918500001,validation,insufficient_support,0.4727272727272727
ok,111.05899745391883,105.27213036125217,156.5299209941158,E06,38,CH4LU RX0+1,6.026641816999984,93,156.5299209941158,top_2,,72,68.14458498359728,36.17056427599999,0.7741935483870968,2500000,4,scan-hop-6d321ff9f5a4f04e,37.67721918500001,validation,ok,0.7818181818181819
ok,110.97329491237616,99.92130705574885,122.40956905559557,E06,38,CH4LU RX0+1,6.026641816999984,93,122.40956905559557,top_4,,81,82.61140719126182,37.67721918500001,0.8709677419354839,2500000,4,scan-hop-6d321ff9f5a4f04e,37.67721918500001,validation,ok,0.8545454545454545
ok,110.25051357251752,98.9324186151323,158.45906110226852,E06,38,CH4LU RX0+1,1.011994963999996,93,158.45906110226852,bounded_score_weight,,93,98.9324186151323,37.67721918500001,1.0,2500000,4,scan-hop-6d321ff9f5a4f04e,37.67721918500001,validation,ok,1.0
ok,109.5174566242679,99.14680464709912,158.4590611021292,E06,38,CH4LU RX0+1,1.011994963999996,93,158.4590611021292,production_score_weight,,93,99.14680464709912,37.67721918500001,1.0,2500000,4,scan-hop-6d321ff9f5a4f04e,37.67721918500001,validation,ok,1.0
ok,111.16580564242493,99.965254735491,465.0409794678323,E06,38,CH4LU RX0+1,1.011994963999996,93,465.0409794678323,integer_epoch,,93,108.4036806636252,37.67721918500001,1.0,2500000,4,scan-hop-6d321ff9f5a4f04e,37.67721918500001,validation,ok,1.0
ok,103.17311653437709,96.82482195927369,285.71632172205136,E01,36,CH2LU RX1,1.0136269149999997,87,285.71632172205136,baseline,,87,96.82482195927369,43.274330119,1.0,5000000,2,scan-hop-1772fdbcecffeb57,43.274330119,validation,ok,1.0
ok,103.17311653437709,96.82482195927369,285.71632172205136,E01,36,CH2LU RX1,1.0136269149999997,87,285.71632172205136,margin_0.05,,87,96.82482195927369,43.274330119,1.0,5000000,2,scan-hop-1772fdbcecffeb57,43.274330119,validation,ok,1.0
ok,103.17311653437709,96.82482195927369,285.71632172205136,E01,36,CH2LU RX1,1.0136269149999997,87,285.71632172205136,margin_0.075,,87,96.82482195927369,43.274330119,1.0,5000000,2,scan-hop-1772fdbcecffeb57,43.274330119,validation,ok,1.0
ok,103.17311653437709,96.82482195927369,285.71632172205136,E01,36,CH2LU RX1,1.0136269149999997,87,285.71632172205136,margin_0.1,,87,96.82482195927369,43.274330119,1.0,5000000,2,scan-hop-1772fdbcecffeb57,43.274330119,validation,ok,1.0
ok,103.17311653437709,96.82482195927369,285.71632172205136,E01,36,CH2LU RX1,1.0136269149999997,87,285.71632172205136,margin_0.15,,87,96.82482195927369,43.274330119,1.0,5000000,2,scan-hop-1772fdbcecffeb57,43.274330119,validation,ok,1.0
ok,103.17311653437709,96.82482195927369,285.71632172205136,E01,36,CH2LU RX1,1.0136269149999997,87,285.71632172205136,margin_0.2,,87,96.82482195927369,43.274330119,1.0,5000000,2,scan-hop-1772fdbcecffeb57,43.274330119,validation,ok,1.0
,,,,E01,36,CH2LU RX1,,87,,top_1,fewer than four training observations in a source segment,16,,,0.1839080459770115,5000000,2,scan-hop-1772fdbcecffeb57,43.274330119,validation,insufficient_support,0.19607843137254902
ok,115.48777194501015,113.65893147889963,440.4245684061953,E01,36,CH2LU RX1,9.058998410999997,87,440.4245684061953,top_2,,43,31.3232955355217,43.274330119,0.4942528735632184,5000000,2,scan-hop-1772fdbcecffeb57,43.274330119,validation,ok,0.45098039215686275
ok,103.96547912144368,96.99028905495449,160.53969632725935,E01,36,CH2LU RX1,3.0199849489999977,87,160.53969632725935,top_4,,79,89.15534258007321,43.274330119,0.9080459770114943,5000000,2,scan-hop-1772fdbcecffeb57,43.274330119,validation,ok,0.9215686274509803
ok,102.44359253777452,96.83724770582992,308.3643931831109,E01,36,CH2LU RX1,1.0136269149999997,87,308.3643931831109,bounded_score_weight,,87,96.83724770582992,43.274330119,1.0,5000000,2,scan-hop-1772fdbcecffeb57,43.274330119,validation,ok,1.0
ok,102.44359253777452,96.83724770582992,308.3643931831109,E01,36,CH2LU RX1,1.0136269149999997,87,308.3643931831109,production_score_weight,,87,96.83724770582992,43.274330119,1.0,5000000,2,scan-hop-1772fdbcecffeb57,43.274330119,validation,ok,1.0
ok,103.50089594101252,98.13809992097418,139.56752017489882,E01,36,CH2LU RX1,1.0136269149999997,87,139.56752017489882,integer_epoch,,87,90.82418463720155,43.274330119,1.0,5000000,2,scan-hop-1772fdbcecffeb57,43.274330119,validation,ok,1.0
ok,108.51968657519501,97.16756793523369,106.4958472581029,E05,48,CH1LU RX0+1,1.0186594140000054,116,106.4958472581029,baseline,,116,97.16756793523369,30.196860836,1.0,5000000,4,scan-hop-1772fdbcecffeb57,30.196860836,validation,ok,1.0
ok,108.51968657519501,97.16756793523369,106.4958472581029,E05,48,CH1LU RX0+1,1.0186594140000054,116,106.4958472581029,margin_0.05,,116,97.16756793523369,30.196860836,1.0,5000000,4,scan-hop-1772fdbcecffeb57,30.196860836,validation,ok,1.0
ok,108.51968657519501,97.16756793523369,106.4958472581029,E05,48,CH1LU RX0+1,1.0186594140000054,116,106.4958472581029,margin_0.075,,116,97.16756793523369,30.196860836,1.0,5000000,4,scan-hop-1772fdbcecffeb57,30.196860836,validation,ok,1.0
ok,108.51968657519501,97.16756793523369,106.4958472581029,E05,48,CH1LU RX0+1,1.0186594140000054,116,106.4958472581029,margin_0.1,,116,97.16756793523369,30.196860836,1.0,5000000,4,scan-hop-1772fdbcecffeb57,30.196860836,validation,ok,1.0
ok,108.51968657519501,97.16756793523369,106.4958472581029,E05,48,CH1LU RX0+1,1.0186594140000054,116,106.4958472581029,margin_0.15,,116,97.16756793523369,30.196860836,1.0,5000000,4,scan-hop-1772fdbcecffeb57,30.196860836,validation,ok,1.0
ok,108.6940868375693,97.37799419493699,136.7630031622687,E05,48,CH1LU RX0+1,1.0186594140000054,116,136.7630031622687,margin_0.2,,115,95.7004795217129,30.196860836,0.9913793103448276,5000000,4,scan-hop-1772fdbcecffeb57,30.196860836,validation,ok,0.9852941176470589
ok,110.19655978751597,100.52850987120303,248.61484252022876,E05,48,CH1LU RX0+1,13.097269587,116,248.61484252022876,top_1,,44,39.74101543788149,30.196860836,0.3793103448275862,5000000,4,scan-hop-1772fdbcecffeb57,30.196860836,validation,ok,0.38235294117647056
ok,106.71169580725788,102.64883768099402,112.40150813430134,E05,48,CH1LU RX0+1,9.072232110999998,116,112.40150813430134,top_2,,83,54.323941037446225,30.196860836,0.7155172413793104,5000000,4,scan-hop-1772fdbcecffeb57,30.196860836,validation,ok,0.6617647058823529
ok,110.36550713281189,101.51905363166983,106.5957819708307,E05,48,CH1LU RX0+1,4.030644821000003,116,106.5957819708307,top_4,,100,71.56293331689672,30.196860836,0.8620689655172413,5000000,4,scan-hop-1772fdbcecffeb57,30.196860836,validation,ok,0.8235294117647058
ok,108.44606791589001,97.44798960017526,105.33107324288353,E05,48,CH1LU RX0+1,1.0186594140000054,116,105.33107324288353,bounded_score_weight,,116,97.44798960017526,30.196860836,1.0,5000000,4,scan-hop-1772fdbcecffeb57,30.196860836,validation,ok,1.0
ok,108.47103145154688,97.44862375576979,108.44720941345624,E05,48,CH1LU RX0+1,1.0186594140000054,116,108.44720941345624,production_score_weight,,116,97.44862375576979,30.196860836,1.0,5000000,4,scan-hop-1772fdbcecffeb57,30.196860836,validation,ok,1.0
ok,114.16413445555546,99.74044522604635,199.71899208483586,E05,48,CH1LU RX0+1,1.0186594140000054,116,199.71899208483586,integer_epoch,,116,100.67992459817309,30.196860836,1.0,5000000,4,scan-hop-1772fdbcecffeb57,30.196860836,validation,ok,1.0
ok,187.77958555201397,167.61121423688303,953.258475058565,E06,27,CH2LU RX0,1.018503551000002,64,953.258475058565,baseline,,64,167.61121423688303,32.211833778999996,1.0,5000000,2,scan-hop-1772fdbcecffeb57,32.211833778999996,validation,ok,1.0
ok,187.77958555201397,167.61121423688303,953.258475058565,E06,27,CH2LU RX0,1.018503551000002,64,953.258475058565,margin_0.05,,64,167.61121423688303,32.211833778999996,1.0,5000000,2,scan-hop-1772fdbcecffeb57,32.211833778999996,validation,ok,1.0
ok,187.77958555201397,167.61121423688303,953.258475058565,E06,27,CH2LU RX0,1.018503551000002,64,953.258475058565,margin_0.075,,64,167.61121423688303,32.211833778999996,1.0,5000000,2,scan-hop-1772fdbcecffeb57,32.211833778999996,validation,ok,1.0
ok,187.77958555201397,167.61121423688303,953.258475058565,E06,27,CH2LU RX0,1.018503551000002,64,953.258475058565,margin_0.1,,64,167.61121423688303,32.211833778999996,1.0,5000000,2,scan-hop-1772fdbcecffeb57,32.211833778999996,validation,ok,1.0
ok,187.77958555201397,167.61121423688303,953.258475058565,E06,27,CH2LU RX0,1.018503551000002,64,953.258475058565,margin_0.15,,64,167.61121423688303,32.211833778999996,1.0,5000000,2,scan-hop-1772fdbcecffeb57,32.211833778999996,validation,ok,1.0
ok,187.77958555201397,167.61121423688303,953.258475058565,E06,27,CH2LU RX0,1.018503551000002,64,953.258475058565,margin_0.2,,64,167.61121423688303,32.211833778999996,1.0,5000000,2,scan-hop-1772fdbcecffeb57,32.211833778999996,validation,ok,1.0
ok,239.78055534352765,197.86622970688325,13742.061279393653,E06,27,CH2LU RX0,11.077316185999997,64,13742.061279393653,top_1,,21,130.581771081536,31.206495572999998,0.328125,5000000,2,scan-hop-1772fdbcecffeb57,32.211833778999996,validation,ok,0.2972972972972973
ok,175.94520989207348,176.5934176571459,639.641870610525,E06,27,CH2LU RX0,7.046654480000001,64,639.641870610525,top_2,,42,151.7064703321911,32.211833778999996,0.65625,5000000,2,scan-hop-1772fdbcecffeb57,32.211833778999996,validation,ok,0.6216216216216216
ok,180.82678071733895,171.2560638255992,413.2402424094204,E06,27,CH2LU RX0,3.021336386999998,64,413.2402424094204,top_4,,52,157.6612843873049,32.211833778999996,0.8125,5000000,2,scan-hop-1772fdbcecffeb57,32.211833778999996,validation,ok,0.8108108108108109
ok,186.1646335791077,168.4383865913848,905.5121402748729,E06,27,CH2LU RX0,1.018503551000002,64,905.5121402748729,bounded_score_weight,,64,168.4383865913848,32.211833778999996,1.0,5000000,2,scan-hop-1772fdbcecffeb57,32.211833778999996,validation,ok,1.0
ok,186.43454926262459,168.5698790700466,866.2690775388354,E06,27,CH2LU RX0,1.018503551000002,64,866.2690775388354,production_score_weight,,64,168.5698790700466,32.211833778999996,1.0,5000000,2,scan-hop-1772fdbcecffeb57,32.211833778999996,validation,ok,1.0
ok,186.72729661519304,168.19436047173295,953.258475058565,E06,27,CH2LU RX0,1.018503551000002,64,944.5504281064699,integer_epoch,,64,172.81934599119518,32.211833778999996,1.0,5000000,2,scan-hop-1772fdbcecffeb57,32.211833778999996,validation,ok,1.0
ok,97.02331821602397,81.83015743248785,575.8127719114801,E19,31,CH3LU RX0+1,1.0133259109999813,76,575.8127719114801,baseline,,76,81.83015743248785,32.69854102900001,1.0,5000000,3,scan-hop-1772fdbcecffeb57,32.69854102900001,validation,ok,1.0
ok,97.02331821602397,81.83015743248785,575.8127719114801,E19,31,CH3LU RX0+1,1.0133259109999813,76,575.8127719114801,margin_0.05,,76,81.83015743248785,32.69854102900001,1.0,5000000,3,scan-hop-1772fdbcecffeb57,32.69854102900001,validation,ok,1.0
ok,97.02331821602397,81.83015743248785,575.8127719114801,E19,31,CH3LU RX0+1,1.0133259109999813,76,575.8127719114801,margin_0.075,,76,81.83015743248785,32.69854102900001,1.0,5000000,3,scan-hop-1772fdbcecffeb57,32.69854102900001,validation,ok,1.0
ok,97.02331821602397,81.83015743248785,575.8127719114801,E19,31,CH3LU RX0+1,1.0133259109999813,76,575.8127719114801,margin_0.1,,76,81.83015743248785,32.69854102900001,1.0,5000000,3,scan-hop-1772fdbcecffeb57,32.69854102900001,validation,ok,1.0
ok,97.02331821602397,81.83015743248785,575.8127719114801,E19,31,CH3LU RX0+1,1.0133259109999813,76,575.8127719114801,margin_0.15,,76,81.83015743248785,32.69854102900001,1.0,5000000,3,scan-hop-1772fdbcecffeb57,32.69854102900001,validation,ok,1.0
ok,97.02331821602397,81.83015743248785,575.8127719114801,E19,31,CH3LU RX0+1,1.0133259109999813,76,575.8127719114801,margin_0.2,,76,81.83015743248785,32.69854102900001,1.0,5000000,3,scan-hop-1772fdbcecffeb57,32.69854102900001,validation,ok,1.0
,,,,E19,31,CH3LU RX0+1,,76,,top_1,fewer than four training observations in a source segment,24,,,0.3157894736842105,5000000,3,scan-hop-1772fdbcecffeb57,32.69854102900001,validation,insufficient_support,0.26666666666666666
ok,91.27955681162699,84.06215187518785,398.8921224619542,E19,31,CH3LU RX0+1,9.057292189999998,76,398.8921224619542,top_2,,54,37.586207961851734,30.688785677,0.7105263157894737,5000000,3,scan-hop-1772fdbcecffeb57,32.69854102900001,validation,ok,0.6444444444444445
ok,93.7132729708303,82.86467916360183,783.5605849849494,E19,31,CH3LU RX0+1,6.039969471999996,76,783.5605849849494,top_4,,68,64.84975375684897,32.69854102900001,0.8947368421052632,5000000,3,scan-hop-1772fdbcecffeb57,32.69854102900001,validation,ok,0.8444444444444444
ok,96.48311223859166,81.97111599150833,562.6212702643087,E19,31,CH3LU RX0+1,1.0133259109999813,76,562.6212702643087,bounded_score_weight,,76,81.97111599150833,32.69854102900001,1.0,5000000,3,scan-hop-1772fdbcecffeb57,32.69854102900001,validation,ok,1.0
ok,96.48311223863234,81.97111599148437,562.6212702643172,E19,31,CH3LU RX0+1,1.0133259109999813,76,562.6212702643172,production_score_weight,,76,81.97111599148437,32.69854102900001,1.0,5000000,3,scan-hop-1772fdbcecffeb57,32.69854102900001,validation,ok,1.0
ok,97.02331821602397,81.83015743248785,575.8127719114801,E19,31,CH3LU RX0+1,1.0133259109999813,76,575.8127719114801,integer_epoch,,76,81.83015743248785,32.69854102900001,1.0,5000000,3,scan-hop-1772fdbcecffeb57,32.69854102900001,validation,ok,1.0
ok,98.40817971641908,84.08323884755738,125.34956634685332,E20,21,CH2LU RX0+1,1.0146389050000266,49,125.34956634685332,baseline,,49,84.08323884755738,35.71498217599998,1.0,5000000,2,scan-hop-1772fdbcecffeb57,35.71498217599998,validation,ok,1.0
ok,98.40817971641908,84.08323884755738,125.34956634685332,E20,21,CH2LU RX0+1,1.0146389050000266,49,125.34956634685332,margin_0.05,,49,84.08323884755738,35.71498217599998,1.0,5000000,2,scan-hop-1772fdbcecffeb57,35.71498217599998,validation,ok,1.0
ok,98.40817971641908,84.08323884755738,125.34956634685332,E20,21,CH2LU RX0+1,1.0146389050000266,49,125.34956634685332,margin_0.075,,49,84.08323884755738,35.71498217599998,1.0,5000000,2,scan-hop-1772fdbcecffeb57,35.71498217599998,validation,ok,1.0
ok,98.40817971641908,84.08323884755738,125.34956634685332,E20,21,CH2LU RX0+1,1.0146389050000266,49,125.34956634685332,margin_0.1,,49,84.08323884755738,35.71498217599998,1.0,5000000,2,scan-hop-1772fdbcecffeb57,35.71498217599998,validation,ok,1.0
ok,98.40817971641908,84.08323884755738,125.34956634685332,E20,21,CH2LU RX0+1,1.0146389050000266,49,125.34956634685332,margin_0.15,,49,84.08323884755738,35.71498217599998,1.0,5000000,2,scan-hop-1772fdbcecffeb57,35.71498217599998,validation,ok,1.0
ok,98.40817971641908,84.08323884755738,125.34956634685332,E20,21,CH2LU RX0+1,1.0146389050000266,49,125.34956634685332,margin_0.2,,49,84.08323884755738,35.71498217599998,1.0,5000000,2,scan-hop-1772fdbcecffeb57,35.71498217599998,validation,ok,1.0
,,,,E20,21,CH2LU RX0+1,,49,,top_1,fewer than four training observations in a source segment,16,,,0.32653061224489793,5000000,2,scan-hop-1772fdbcecffeb57,35.71498217599998,validation,insufficient_support,0.2857142857142857
ok,98.46715836497536,89.46505994371827,232.73969736650213,E20,21,CH2LU RX0+1,2.012115078000022,49,232.73969736650213,top_2,,37,30.56296866716862,35.71498217599998,0.7551020408163265,5000000,2,scan-hop-1772fdbcecffeb57,35.71498217599998,validation,ok,0.6785714285714286
ok,98.66969972387497,84.22848927107998,235.89722334561196,E20,21,CH2LU RX0+1,1.0146389050000266,49,235.89722334561196,top_4,,43,68.4462892022036,35.71498217599998,0.8775510204081632,5000000,2,scan-hop-1772fdbcecffeb57,35.71498217599998,validation,ok,0.7857142857142857
ok,98.13423419752903,84.28333159100278,114.57623722260846,E20,21,CH2LU RX0+1,1.0146389050000266,49,114.57623722260846,bounded_score_weight,,49,84.28333159100278,35.71498217599998,1.0,5000000,2,scan-hop-1772fdbcecffeb57,35.71498217599998,validation,ok,1.0
ok,98.13423419752692,84.28333159101417,114.5762372227664,E20,21,CH2LU RX0+1,1.0146389050000266,49,114.5762372227664,production_score_weight,,49,84.28333159101417,35.71498217599998,1.0,5000000,2,scan-hop-1772fdbcecffeb57,35.71498217599998,validation,ok,1.0
ok,102.78647290701645,85.70601652729192,125.34956634685332,E20,21,CH2LU RX0+1,1.0146389050000266,49,99.635613007263,integer_epoch,,49,73.27228565598986,35.71498217599998,1.0,5000000,2,scan-hop-1772fdbcecffeb57,35.71498217599998,validation,ok,1.0
ok,67.94811992860603,59.8016733455543,205.41991807075144,E15,29,CH2LU RX1,1.0178718429999947,70,205.41991807075144,baseline,,70,59.8016733455543,42.23192093700001,1.0,2500000,2,scan-hop-22e58b4e4dcc3550,42.23192093700001,validation,ok,1.0
ok,67.94811992860603,59.8016733455543,205.41991807075144,E15,29,CH2LU RX1,1.0178718429999947,70,205.41991807075144,margin_0.05,,70,59.8016733455543,42.23192093700001,1.0,2500000,2,scan-hop-22e58b4e4dcc3550,42.23192093700001,validation,ok,1.0
ok,67.94811992860603,59.8016733455543,205.41991807075144,E15,29,CH2LU RX1,1.0178718429999947,70,205.41991807075144,margin_0.075,,70,59.8016733455543,42.23192093700001,1.0,2500000,2,scan-hop-22e58b4e4dcc3550,42.23192093700001,validation,ok,1.0
ok,67.94811992860603,59.8016733455543,205.41991807075144,E15,29,CH2LU RX1,1.0178718429999947,70,205.41991807075144,margin_0.1,,70,59.8016733455543,42.23192093700001,1.0,2500000,2,scan-hop-22e58b4e4dcc3550,42.23192093700001,validation,ok,1.0
ok,67.94811992860603,59.8016733455543,205.41991807075144,E15,29,CH2LU RX1,1.0178718429999947,70,205.41991807075144,margin_0.15,,70,59.8016733455543,42.23192093700001,1.0,2500000,2,scan-hop-22e58b4e4dcc3550,42.23192093700001,validation,ok,1.0
ok,67.94811992860603,59.8016733455543,205.41991807075144,E15,29,CH2LU RX1,1.0178718429999947,70,205.41991807075144,margin_0.2,,70,59.8016733455543,42.23192093700001,1.0,2500000,2,scan-hop-22e58b4e4dcc3550,42.23192093700001,validation,ok,1.0
ok,70.22040602965888,65.18292117678146,126.87446103841938,E15,29,CH2LU RX1,8.065876771000006,70,126.87446103841938,top_1,,31,20.93772292052948,38.21860718400001,0.44285714285714284,2500000,2,scan-hop-22e58b4e4dcc3550,42.23192093700001,validation,ok,0.3902439024390244
ok,67.70402706067114,62.211440238071695,202.1544309833971,E15,29,CH2LU RX1,4.028773941999987,70,202.1544309833971,top_2,,61,27.471803963133105,41.229251336999994,0.8714285714285714,2500000,2,scan-hop-22e58b4e4dcc3550,42.23192093700001,validation,ok,0.8292682926829268
ok,67.81186824013295,62.13777020055223,250.28902836386644,E15,29,CH2LU RX1,2.0210413720000133,70,250.28902836386644,top_4,,67,50.731165633945636,41.229251336999994,0.9571428571428572,2500000,2,scan-hop-22e58b4e4dcc3550,42.23192093700001,validation,ok,0.9512195121951219
ok,66.99347563140417,60.056863939361314,203.28708228048885,E15,29,CH2LU RX1,1.0178718429999947,70,203.28708228048885,bounded_score_weight,,70,60.056863939361314,42.23192093700001,1.0,2500000,2,scan-hop-22e58b4e4dcc3550,42.23192093700001,validation,ok,1.0
ok,66.43606090949606,60.798020339175956,203.28708228090608,E15,29,CH2LU RX1,1.0178718429999947,70,203.28708228090608,production_score_weight,,70,60.798020339175956,42.23192093700001,1.0,2500000,2,scan-hop-22e58b4e4dcc3550,42.23192093700001,validation,ok,1.0
ok,67.94811992860603,59.8016733455543,205.41991807075144,E15,29,CH2LU RX1,1.0178718429999947,70,205.41991807075144,integer_epoch,,70,59.8016733455543,42.23192093700001,1.0,2500000,2,scan-hop-22e58b4e4dcc3550,42.23192093700001,validation,ok,1.0
ok,125.63380543582015,117.6663048681752,612.5893556379181,E16,47,CH1LU RX0+1,1.0153358309999874,113,612.5893556379181,baseline,,113,117.6663048681752,35.17418700600001,1.0,2500000,4,scan-hop-22e58b4e4dcc3550,35.17418700600001,validation,ok,1.0
ok,125.63380543582015,117.6663048681752,612.5893556379181,E16,47,CH1LU RX0+1,1.0153358309999874,113,612.5893556379181,margin_0.05,,113,117.6663048681752,35.17418700600001,1.0,2500000,4,scan-hop-22e58b4e4dcc3550,35.17418700600001,validation,ok,1.0
ok,125.68796658641277,117.67272017403091,612.5893556379181,E16,47,CH1LU RX0+1,1.0153358309999874,113,612.5893556379181,margin_0.075,,112,118.16533417954952,34.673164498999995,0.9911504424778761,2500000,4,scan-hop-22e58b4e4dcc3550,35.17418700600001,validation,ok,1.0
ok,125.68796658641277,117.67272017403091,612.5893556379181,E16,47,CH1LU RX0+1,1.0153358309999874,113,612.5893556379181,margin_0.1,,112,118.16533417954952,34.673164498999995,0.9911504424778761,2500000,4,scan-hop-22e58b4e4dcc3550,35.17418700600001,validation,ok,1.0
ok,124.62831300248125,118.49007953112536,421.7211132143273,E16,47,CH1LU RX0+1,2.014673848000001,113,421.7211132143273,margin_0.15,,110,109.53638182128381,34.673164498999995,0.9734513274336283,2500000,4,scan-hop-22e58b4e4dcc3550,35.17418700600001,validation,ok,0.9848484848484849
ok,127.44491636083315,124.02757027074304,706.2495625616793,E16,47,CH1LU RX0+1,3.016006838999999,113,706.2495625616793,margin_0.2,,101,94.6211386681837,34.673164498999995,0.8938053097345132,2500000,4,scan-hop-22e58b4e4dcc3550,35.17418700600001,validation,ok,0.8484848484848485
ok,132.44144843496983,123.1933683697589,437.6097402086871,E16,47,CH1LU RX0+1,6.037345835999986,113,437.6097402086871,top_1,,50,108.92280578747138,33.167818763999975,0.4424778761061947,2500000,4,scan-hop-22e58b4e4dcc3550,35.17418700600001,validation,ok,0.45454545454545453
ok,129.630307954535,123.42683966190762,593.9850432438534,E16,47,CH1LU RX0+1,5.028410674000014,113,593.9850432438534,top_2,,86,92.55225781215418,35.17418700600001,0.7610619469026548,2500000,4,scan-hop-22e58b4e4dcc3550,35.17418700600001,validation,ok,0.7727272727272727
ok,128.07173020069672,120.9075966415419,716.7519462888889,E16,47,CH1LU RX0+1,5.028410674000014,113,716.7519462888889,top_4,,100,103.16725815604723,35.17418700600001,0.8849557522123894,2500000,4,scan-hop-22e58b4e4dcc3550,35.17418700600001,validation,ok,0.8939393939393939
ok,125.2458344338309,118.18866438971281,683.0924504280504,E16,47,CH1LU RX0+1,1.0153358309999874,113,683.0924504280504,bounded_score_weight,,113,118.18866438971281,35.17418700600001,1.0,2500000,4,scan-hop-22e58b4e4dcc3550,35.17418700600001,validation,ok,1.0
ok,125.21083937278867,119.52474134438035,660.0731040660227,E16,47,CH1LU RX0+1,1.0153358309999874,113,660.0731040660227,production_score_weight,,113,119.52474134438035,35.17418700600001,1.0,2500000,4,scan-hop-22e58b4e4dcc3550,35.17418700600001,validation,ok,1.0
ok,126.15267568815902,118.49261997580506,665.9318607794537,E16,47,CH1LU RX0+1,1.0153358309999874,113,666.6997834413141,integer_epoch,,113,121.53679845401538,35.17418700600001,1.0,2500000,4,scan-hop-22e58b4e4dcc3550,35.17418700600001,validation,ok,1.0
ok,109.9291972353602,98.51882341342377,568.7742825158577,E19,41,CH4LU RX0+1,1.0159388980000017,102,568.7742825158577,baseline,,102,98.51882341342377,39.226329599999985,1.0,2500000,4,scan-hop-22e58b4e4dcc3550,39.226329599999985,validation,ok,1.0
ok,109.9291972353602,98.51882341342377,568.7742825158577,E19,41,CH4LU RX0+1,1.0159388980000017,102,568.7742825158577,margin_0.05,,102,98.51882341342377,39.226329599999985,1.0,2500000,4,scan-hop-22e58b4e4dcc3550,39.226329599999985,validation,ok,1.0
ok,109.9291972353602,98.51882341342377,568.7742825158577,E19,41,CH4LU RX0+1,1.0159388980000017,102,568.7742825158577,margin_0.075,,102,98.51882341342377,39.226329599999985,1.0,2500000,4,scan-hop-22e58b4e4dcc3550,39.226329599999985,validation,ok,1.0
ok,109.32913390745487,98.64556042523837,519.1645432814656,E19,41,CH4LU RX0+1,1.0159388980000017,102,519.1645432814656,margin_0.1,,101,97.59825388391286,39.226329599999985,0.9901960784313726,2500000,4,scan-hop-22e58b4e4dcc3550,39.226329599999985,validation,ok,0.9836065573770492
ok,109.32913390745487,98.64556042523837,519.1645432814656,E19,41,CH4LU RX0+1,1.0159388980000017,102,519.1645432814656,margin_0.15,,101,97.59825388391286,39.226329599999985,0.9901960784313726,2500000,4,scan-hop-22e58b4e4dcc3550,39.226329599999985,validation,ok,0.9836065573770492
ok,109.32913390745487,98.64556042523837,519.1645432814656,E19,41,CH4LU RX0+1,1.0159388980000017,102,519.1645432814656,margin_0.2,,101,97.59825388391286,39.226329599999985,0.9901960784313726,2500000,4,scan-hop-22e58b4e4dcc3550,39.226329599999985,validation,ok,0.9836065573770492
ok,113.83680392849591,104.34907738457464,414.01986225591753,E19,41,CH4LU RX0+1,6.032069747999998,102,414.01986225591753,top_1,,57,91.12752330602967,39.226329599999985,0.5588235294117647,2500000,4,scan-hop-22e58b4e4dcc3550,39.226329599999985,validation,ok,0.5737704918032787
ok,113.69760452308292,102.16338371314973,501.28424076783466,E19,41,CH4LU RX0+1,4.021350355999999,102,501.28424076783466,top_2,,82,88.29815553982789,39.226329599999985,0.803921568627451,2500000,4,scan-hop-22e58b4e4dcc3550,39.226329599999985,validation,ok,0.7868852459016393
ok,111.76885317186655,99.25694254412885,599.400176457441,E19,41,CH4LU RX0+1,3.0240093959999967,102,599.400176457441,top_4,,92,93.9976215374997,39.226329599999985,0.9019607843137255,2500000,4,scan-hop-22e58b4e4dcc3550,39.226329599999985,validation,ok,0.8852459016393442
ok,109.59986526219188,99.22983390991851,482.9087756406717,E19,41,CH4LU RX0+1,1.0159388980000017,102,482.9087756406717,bounded_score_weight,,102,99.22983390991851,39.226329599999985,1.0,2500000,4,scan-hop-22e58b4e4dcc3550,39.226329599999985,validation,ok,1.0
ok,109.56734168004685,99.74239695538103,445.44869724030247,E19,41,CH4LU RX0+1,1.0159388980000017,102,445.44869724030247,production_score_weight,,102,99.74239695538103,39.226329599999985,1.0,2500000,4,scan-hop-22e58b4e4dcc3550,39.226329599999985,validation,ok,1.0
ok,108.33071482470886,100.01408021969544,493.2066317541086,E19,41,CH4LU RX0+1,1.0159388980000017,102,496.1945929607481,integer_epoch,,102,98.48280406514418,39.226329599999985,1.0,2500000,4,scan-hop-22e58b4e4dcc3550,39.226329599999985,validation,ok,1.0
ok,129.29651661397136,104.65486586215569,516.6940241256024,E14,16,CH1L RX1,1.0153342240000143,38,516.6940241256024,baseline,,38,104.65486586215569,37.23064094700001,1.0,5000000,1,scan-hop-8fce993bbb5c8ed0,37.23064094700001,validation,ok,1.0
ok,129.29651661397136,104.65486586215569,516.6940241256024,E14,16,CH1L RX1,1.0153342240000143,38,516.6940241256024,margin_0.05,,38,104.65486586215569,37.23064094700001,1.0,5000000,1,scan-hop-8fce993bbb5c8ed0,37.23064094700001,validation,ok,1.0
ok,129.29651661397136,104.65486586215569,516.6940241256024,E14,16,CH1L RX1,1.0153342240000143,38,516.6940241256024,margin_0.075,,38,104.65486586215569,37.23064094700001,1.0,5000000,1,scan-hop-8fce993bbb5c8ed0,37.23064094700001,validation,ok,1.0
ok,129.29651661397136,104.65486586215569,516.6940241256024,E14,16,CH1L RX1,1.0153342240000143,38,516.6940241256024,margin_0.1,,38,104.65486586215569,37.23064094700001,1.0,5000000,1,scan-hop-8fce993bbb5c8ed0,37.23064094700001,validation,ok,1.0
ok,129.29651661397136,104.65486586215569,516.6940241256024,E14,16,CH1L RX1,1.0153342240000143,38,516.6940241256024,margin_0.15,,38,104.65486586215569,37.23064094700001,1.0,5000000,1,scan-hop-8fce993bbb5c8ed0,37.23064094700001,validation,ok,1.0
ok,129.29651661397136,104.65486586215569,516.6940241256024,E14,16,CH1L RX1,1.0153342240000143,38,516.6940241256024,margin_0.2,,38,104.65486586215569,37.23064094700001,1.0,5000000,1,scan-hop-8fce993bbb5c8ed0,37.23064094700001,validation,ok,1.0
ok,146.71695999007824,120.31388899616091,686.6095585125518,E14,16,CH1L RX1,7.04401136300001,38,686.6095585125518,top_1,,16,20.89358422261564,34.20113410900001,0.42105263157894735,5000000,1,scan-hop-8fce993bbb5c8ed0,37.23064094700001,validation,ok,0.45454545454545453
ok,114.83643287612577,112.28180740118562,435.02883710481393,E14,16,CH1L RX1,3.018564079000015,38,435.02883710481393,top_2,,31,22.04183621149755,37.23064094700001,0.8157894736842105,5000000,1,scan-hop-8fce993bbb5c8ed0,37.23064094700001,validation,ok,0.9090909090909091
ok,115.58372564483794,109.5224566267992,516.6940241256024,E14,16,CH1L RX1,2.014172613999989,38,516.6940241256024,top_4,,36,69.57825410775654,37.23064094700001,0.9473684210526315,5000000,1,scan-hop-8fce993bbb5c8ed0,37.23064094700001,validation,ok,1.0
ok,121.88521494665038,105.2699027877297,525.8344044352289,E14,16,CH1L RX1,1.0153342240000143,38,525.8344044352289,bounded_score_weight,,38,105.2699027877297,37.23064094700001,1.0,5000000,1,scan-hop-8fce993bbb5c8ed0,37.23064094700001,validation,ok,1.0
ok,119.1584290449347,106.20223091971816,525.8344044337829,E14,16,CH1L RX1,1.0153342240000143,38,525.8344044337829,production_score_weight,,38,106.20223091971816,37.23064094700001,1.0,5000000,1,scan-hop-8fce993bbb5c8ed0,37.23064094700001,validation,ok,1.0
ok,129.29651661397136,104.65486586215569,516.6940241256024,E14,16,CH1L RX1,1.0153342240000143,38,516.6940241256024,integer_epoch,,38,104.65486586215569,37.23064094700001,1.0,5000000,1,scan-hop-8fce993bbb5c8ed0,37.23064094700001,validation,ok,1.0
ok,150.44389110473094,136.75646756507126,184.22010757890354,E15,40,CH3LU RX0+1,1.0159964819999914,97,184.22010757890354,baseline,,97,136.75646756507126,44.272592816000014,1.0,5000000,3,scan-hop-8fce993bbb5c8ed0,44.272592816000014,validation,ok,1.0
ok,150.44389110473094,136.75646756507126,184.22010757890354,E15,40,CH3LU RX0+1,1.0159964819999914,97,184.22010757890354,margin_0.05,,97,136.75646756507126,44.272592816000014,1.0,5000000,3,scan-hop-8fce993bbb5c8ed0,44.272592816000014,validation,ok,1.0
ok,150.44389110473094,136.75646756507126,184.22010757890354,E15,40,CH3LU RX0+1,1.0159964819999914,97,184.22010757890354,margin_0.075,,97,136.75646756507126,44.272592816000014,1.0,5000000,3,scan-hop-8fce993bbb5c8ed0,44.272592816000014,validation,ok,1.0
ok,150.42855638124013,136.82125361065903,187.63115005095946,E15,40,CH3LU RX0+1,2.010676579999995,97,187.63115005095946,margin_0.1,,96,136.90938363402122,44.272592816000014,0.9896907216494846,5000000,3,scan-hop-8fce993bbb5c8ed0,44.272592816000014,validation,ok,0.9824561403508771
ok,150.42855638124013,136.82125361065903,187.63115005095946,E15,40,CH3LU RX0+1,2.010676579999995,97,187.63115005095946,margin_0.15,,96,136.90938363402122,44.272592816000014,0.9896907216494846,5000000,3,scan-hop-8fce993bbb5c8ed0,44.272592816000014,validation,ok,0.9824561403508771
ok,151.39994395660344,137.1096428943858,176.56919749085847,E15,40,CH3LU RX0+1,2.010676579999995,97,176.56919749085847,margin_0.2,,95,132.61923247339743,44.272592816000014,0.979381443298969,5000000,3,scan-hop-8fce993bbb5c8ed0,44.272592816000014,validation,ok,0.9649122807017544
ok,214.0024179618251,161.18542352044076,537.8531964976316,E15,40,CH3LU RX0+1,16.107838807999997,97,537.8531964976316,top_1,,39,97.4980518446623,41.25722542700001,0.4020618556701031,5000000,3,scan-hop-8fce993bbb5c8ed0,44.272592816000014,validation,ok,0.43859649122807015
ok,163.51803742299245,142.97586963717572,180.60674386041538,E15,40,CH3LU RX0+1,8.046258214000005,97,180.60674386041538,top_2,,71,105.27219910586575,42.766152175,0.7319587628865979,5000000,3,scan-hop-8fce993bbb5c8ed0,44.272592816000014,validation,ok,0.7192982456140351
ok,160.9206716635521,138.11345063172323,287.83711991669736,E15,40,CH3LU RX0+1,4.026663437999986,97,287.83711991669736,top_4,,83,131.97173851170496,44.272592816000014,0.8556701030927835,5000000,3,scan-hop-8fce993bbb5c8ed0,44.272592816000014,validation,ok,0.8421052631578947
ok,149.63488788061093,138.66349324753824,173.09000663679322,E15,40,CH3LU RX0+1,1.0159964819999914,97,173.09000663679322,bounded_score_weight,,97,138.66349324753824,44.272592816000014,1.0,5000000,3,scan-hop-8fce993bbb5c8ed0,44.272592816000014,validation,ok,1.0
ok,149.73316137447995,138.82070716972703,173.69495915343342,E15,40,CH3LU RX0+1,1.0159964819999914,97,173.69495915343342,production_score_weight,,97,138.82070716972703,44.272592816000014,1.0,5000000,3,scan-hop-8fce993bbb5c8ed0,44.272592816000014,validation,ok,1.0
ok,152.14673660783785,137.1220275336892,276.27284672303495,E15,40,CH3LU RX0+1,1.0159964819999914,97,276.27284672303495,integer_epoch,,97,132.77358661318823,44.272592816000014,1.0,5000000,3,scan-hop-8fce993bbb5c8ed0,44.272592816000014,validation,ok,1.0
ok,161.6108669723417,143.1574528690906,679.0845604567963,E16,32,CH2LU RX0,1.0146640940000111,78,679.0845604567963,baseline,,78,143.1574528690906,38.74264192199999,1.0,5000000,2,scan-hop-8fce993bbb5c8ed0,38.74264192199999,validation,ok,1.0
ok,161.6108669723417,143.1574528690906,679.0845604567963,E16,32,CH2LU RX0,1.0146640940000111,78,679.0845604567963,margin_0.05,,78,143.1574528690906,38.74264192199999,1.0,5000000,2,scan-hop-8fce993bbb5c8ed0,38.74264192199999,validation,ok,1.0
ok,161.6108669723417,143.1574528690906,679.0845604567963,E16,32,CH2LU RX0,1.0146640940000111,78,679.0845604567963,margin_0.075,,78,143.1574528690906,38.74264192199999,1.0,5000000,2,scan-hop-8fce993bbb5c8ed0,38.74264192199999,validation,ok,1.0
ok,161.6108669723417,143.1574528690906,679.0845604567963,E16,32,CH2LU RX0,1.0146640940000111,78,679.0845604567963,margin_0.1,,78,143.1574528690906,38.74264192199999,1.0,5000000,2,scan-hop-8fce993bbb5c8ed0,38.74264192199999,validation,ok,1.0
ok,160.73772526198022,143.7732522397508,1019.860472203222,E16,32,CH2LU RX0,2.0106750699999907,78,1019.860472203222,margin_0.15,,75,134.66562457367033,37.734636996999996,0.9615384615384616,5000000,2,scan-hop-8fce993bbb5c8ed0,38.74264192199999,validation,ok,0.9347826086956522
ok,160.99148668617826,145.78544075046116,642.0146393770007,E16,32,CH2LU RX0,5.028018856999978,78,642.0146393770007,margin_0.2,,71,132.49088321462938,37.23196796900001,0.9102564102564102,5000000,2,scan-hop-8fce993bbb5c8ed0,38.74264192199999,validation,ok,0.8478260869565217
ok,170.45441739085223,157.51248743693003,3134.5378725607893,E16,32,CH2LU RX0,8.05882892400001,78,3134.5378725607893,top_1,,28,161.6560109603544,35.22399546499997,0.358974358974359,5000000,2,scan-hop-8fce993bbb5c8ed0,38.74264192199999,validation,ok,0.45652173913043476
ok,163.487285259237,147.07977095736229,1100.33983662382,E16,32,CH2LU RX0,9.053290857999997,78,1100.33983662382,top_2,,50,139.38224573269704,38.74264192199999,0.6410256410256411,5000000,2,scan-hop-8fce993bbb5c8ed0,38.74264192199999,validation,ok,0.6304347826086957
ok,157.4908500013711,146.3432871529938,694.4389173663128,E16,32,CH2LU RX0,8.045296696999998,78,694.4389173663128,top_4,,62,134.16503229968848,38.74264192199999,0.7948717948717948,5000000,2,scan-hop-8fce993bbb5c8ed0,38.74264192199999,validation,ok,0.8478260869565217
ok,163.18210048982309,145.5195144226411,881.3804359232491,E16,32,CH2LU RX0,1.0146640940000111,78,881.3804359232491,bounded_score_weight,,78,145.5195144226411,38.74264192199999,1.0,5000000,2,scan-hop-8fce993bbb5c8ed0,38.74264192199999,validation,ok,1.0
ok,162.8431768196012,145.95076188946115,952.4972138318716,E16,32,CH2LU RX0,1.0146640940000111,78,952.4972138318716,production_score_weight,,78,145.95076188946115,38.74264192199999,1.0,5000000,2,scan-hop-8fce993bbb5c8ed0,38.74264192199999,validation,ok,1.0
ok,159.50864580824714,143.6389823280445,894.3284201946499,E16,32,CH2LU RX0,1.0146640940000111,78,894.3284201946499,integer_epoch,,78,133.7133983041044,38.74264192199999,1.0,5000000,2,scan-hop-8fce993bbb5c8ed0,38.74264192199999,validation,ok,1.0
ok,131.25391362292885,123.90242694018117,544.1523026623861,E17,25,CH1LU RX0,1.0159973140000034,60,544.1523026623861,baseline,,60,123.90242694018117,30.193277074999997,1.0,5000000,2,scan-hop-8fce993bbb5c8ed0,30.193277074999997,validation,ok,1.0
ok,131.25391362292885,123.90242694018117,544.1523026623861,E17,25,CH1LU RX0,1.0159973140000034,60,544.1523026623861,margin_0.05,,60,123.90242694018117,30.193277074999997,1.0,5000000,2,scan-hop-8fce993bbb5c8ed0,30.193277074999997,validation,ok,1.0
ok,131.25391362292885,123.90242694018117,544.1523026623861,E17,25,CH1LU RX0,1.0159973140000034,60,544.1523026623861,margin_0.075,,60,123.90242694018117,30.193277074999997,1.0,5000000,2,scan-hop-8fce993bbb5c8ed0,30.193277074999997,validation,ok,1.0
ok,131.25391362292885,123.90242694018117,544.1523026623861,E17,25,CH1LU RX0,1.0159973140000034,60,544.1523026623861,margin_0.1,,60,123.90242694018117,30.193277074999997,1.0,5000000,2,scan-hop-8fce993bbb5c8ed0,30.193277074999997,validation,ok,1.0
ok,131.25391362292885,123.90242694018117,544.1523026623861,E17,25,CH1LU RX0,1.0159973140000034,60,544.1523026623861,margin_0.15,,60,123.90242694018117,30.193277074999997,1.0,5000000,2,scan-hop-8fce993bbb5c8ed0,30.193277074999997,validation,ok,1.0
ok,131.63188799278652,124.32124692144106,477.08418457389234,E17,25,CH1LU RX0,2.012003746000005,60,477.08418457389234,margin_0.2,,59,121.47869060541413,30.193277074999997,0.9833333333333333,5000000,2,scan-hop-8fce993bbb5c8ed0,30.193277074999997,validation,ok,0.9714285714285714
ok,166.1512810469716,149.561736833842,132.0022007283877,E17,25,CH1LU RX0,5.030757353000013,60,132.0022007283877,top_1,,20,78.63951290019094,29.690613499999984,0.3333333333333333,5000000,2,scan-hop-8fce993bbb5c8ed0,30.193277074999997,validation,ok,0.42857142857142855
ok,138.9812008415169,134.54228081856817,103.32723678522467,E17,25,CH1LU RX0,4.025337194999992,60,103.32723678522467,top_2,,39,96.07742485040754,30.193277074999997,0.65,5000000,2,scan-hop-8fce993bbb5c8ed0,30.193277074999997,validation,ok,0.6
ok,137.19071581894164,124.75380313175675,550.0916247683986,E17,25,CH1LU RX0,4.021314036000007,60,550.0916247683986,top_4,,46,110.02461237006268,30.193277074999997,0.7666666666666667,5000000,2,scan-hop-8fce993bbb5c8ed0,30.193277074999997,validation,ok,0.8
ok,132.46805532830058,124.9799512309572,503.97479081927946,E17,25,CH1LU RX0,1.0159973140000034,60,503.97479081927946,bounded_score_weight,,60,124.9799512309572,30.193277074999997,1.0,5000000,2,scan-hop-8fce993bbb5c8ed0,30.193277074999997,validation,ok,1.0
ok,132.52597709918098,124.97995123094397,503.9747908179878,E17,25,CH1LU RX0,1.0159973140000034,60,503.9747908179878,production_score_weight,,60,124.97995123094397,30.193277074999997,1.0,5000000,2,scan-hop-8fce993bbb5c8ed0,30.193277074999997,validation,ok,1.0
ok,140.31867056402507,131.60879999723653,286.69507001216766,E17,25,CH1LU RX0,1.0159973140000034,60,286.69507001216766,integer_epoch,,60,137.86697467925694,30.193277074999997,1.0,5000000,2,scan-hop-8fce993bbb5c8ed0,30.193277074999997,validation,ok,1.0
ok,96.62339441500677,85.25084291235355,479.85874244107526,E18,55,CH1LU RX0+1,1.016006721999986,134,479.85874244107526,baseline,,134,85.25084291235355,44.278673637,1.0,5000000,4,scan-hop-8fce993bbb5c8ed0,44.278673637,validation,ok,1.0
ok,96.62339441500677,85.25084291235355,479.85874244107526,E18,55,CH1LU RX0+1,1.016006721999986,134,479.85874244107526,margin_0.05,,134,85.25084291235355,44.278673637,1.0,5000000,4,scan-hop-8fce993bbb5c8ed0,44.278673637,validation,ok,1.0
ok,96.62339441500677,85.25084291235355,479.85874244107526,E18,55,CH1LU RX0+1,1.016006721999986,134,479.85874244107526,margin_0.075,,134,85.25084291235355,44.278673637,1.0,5000000,4,scan-hop-8fce993bbb5c8ed0,44.278673637,validation,ok,1.0
ok,96.62339441500677,85.25084291235355,479.85874244107526,E18,55,CH1LU RX0+1,1.016006721999986,134,479.85874244107526,margin_0.1,,134,85.25084291235355,44.278673637,1.0,5000000,4,scan-hop-8fce993bbb5c8ed0,44.278673637,validation,ok,1.0
ok,96.62339441500677,85.25084291235355,479.85874244107526,E18,55,CH1LU RX0+1,1.016006721999986,134,479.85874244107526,margin_0.15,,134,85.25084291235355,44.278673637,1.0,5000000,4,scan-hop-8fce993bbb5c8ed0,44.278673637,validation,ok,1.0
ok,96.62339441500677,85.25084291235355,479.85874244107526,E18,55,CH1LU RX0+1,1.016006721999986,134,479.85874244107526,margin_0.2,,134,85.25084291235355,44.278673637,1.0,5000000,4,scan-hop-8fce993bbb5c8ed0,44.278673637,validation,ok,1.0
ok,98.96527315725808,94.25091825222158,282.4300051887809,E18,55,CH1LU RX0+1,7.041344718000005,134,282.4300051887809,top_1,,55,49.40382158414999,41.755996650000014,0.41044776119402987,5000000,4,scan-hop-8fce993bbb5c8ed0,44.278673637,validation,ok,0.4050632911392405
ok,94.83331859478332,90.86107285352904,175.70112575826388,E18,55,CH1LU RX0+1,4.030650446999999,134,175.70112575826388,top_2,,110,46.53990465061829,42.257326645000006,0.8208955223880597,5000000,4,scan-hop-8fce993bbb5c8ed0,44.278673637,validation,ok,0.8227848101265823
ok,95.79425182914919,89.90395684397231,303.0850612611762,E18,55,CH1LU RX0+1,3.017320696000013,134,303.0850612611762,top_4,,122,64.40305192361778,44.278673637,0.9104477611940298,5000000,4,scan-hop-8fce993bbb5c8ed0,44.278673637,validation,ok,0.9113924050632911
ok,94.86615910905518,85.60547900229918,413.19195941253537,E18,55,CH1LU RX0+1,1.016006721999986,134,413.19195941253537,bounded_score_weight,,134,85.60547900229918,44.278673637,1.0,5000000,4,scan-hop-8fce993bbb5c8ed0,44.278673637,validation,ok,1.0
ok,94.81268692648888,85.63440397175795,410.7460844312191,E18,55,CH1LU RX0+1,1.016006721999986,134,410.7460844312191,production_score_weight,,134,85.63440397175795,44.278673637,1.0,5000000,4,scan-hop-8fce993bbb5c8ed0,44.278673637,validation,ok,1.0
ok,96.62339441500677,85.25084291235355,479.85874244107526,E18,55,CH1LU RX0+1,1.016006721999986,134,479.85874244107526,integer_epoch,,134,85.25084291235355,44.278673637,1.0,5000000,4,scan-hop-8fce993bbb5c8ed0,44.278673637,validation,ok,1.0
ok,179.0351213439625,119.35950878661328,949.5151755265309,E22,18,CH2LU RX0,1.0146722380000028,43,949.5151755265309,baseline,,43,119.35950878661328,31.206161535999996,1.0,5000000,2,scan-hop-8fce993bbb5c8ed0,31.206161535999996,validation,ok,1.0
ok,179.0351213439625,119.35950878661328,949.5151755265309,E22,18,CH2LU RX0,1.0146722380000028,43,949.5151755265309,margin_0.05,,43,119.35950878661328,31.206161535999996,1.0,5000000,2,scan-hop-8fce993bbb5c8ed0,31.206161535999996,validation,ok,1.0
ok,179.0351213439625,119.35950878661328,949.5151755265309,E22,18,CH2LU RX0,1.0146722380000028,43,949.5151755265309,margin_0.075,,43,119.35950878661328,31.206161535999996,1.0,5000000,2,scan-hop-8fce993bbb5c8ed0,31.206161535999996,validation,ok,1.0
ok,179.0351213439625,119.35950878661328,949.5151755265309,E22,18,CH2LU RX0,1.0146722380000028,43,949.5151755265309,margin_0.1,,43,119.35950878661328,31.206161535999996,1.0,5000000,2,scan-hop-8fce993bbb5c8ed0,31.206161535999996,validation,ok,1.0
ok,179.0351213439625,119.35950878661328,949.5151755265309,E22,18,CH2LU RX0,1.0146722380000028,43,949.5151755265309,margin_0.15,,43,119.35950878661328,31.206161535999996,1.0,5000000,2,scan-hop-8fce993bbb5c8ed0,31.206161535999996,validation,ok,1.0
ok,178.35959430234027,119.4654700553339,554.0963732270188,E22,18,CH2LU RX0,2.0120121600000402,43,554.0963732270188,margin_0.2,,41,117.71261257127044,31.206161535999996,0.9534883720930233,5000000,2,scan-hop-8fce993bbb5c8ed0,31.206161535999996,validation,ok,0.92
fewer than four training observations in a source segment,,121.80531722129066,569.6256444593364,E22,18,CH2LU RX0,5.038721796999994,43,569.6256444593364,top_1,,25,110.09224749115516,31.206161535999996,0.5813953488372093,5000000,2,scan-hop-8fce993bbb5c8ed0,31.206161535999996,validation,ok,0.72
ok,183.58024205461288,121.69759022803385,1314.600991449738,E22,18,CH2LU RX0,4.033384373999979,43,1314.600991449738,top_2,,32,118.48633971385054,31.206161535999996,0.7441860465116279,5000000,2,scan-hop-8fce993bbb5c8ed0,31.206161535999996,validation,ok,0.84
ok,180.96741810730774,121.4090338656491,1314.600991449738,E22,18,CH2LU RX0,4.033384373999979,43,1314.600991449738,top_4,,34,116.90584338012332,31.206161535999996,0.7906976744186046,5000000,2,scan-hop-8fce993bbb5c8ed0,31.206161535999996,validation,ok,0.84
ok,176.3256451600436,119.38634788605773,894.2514048269492,E22,18,CH2LU RX0,1.0146722380000028,43,894.2514048269492,bounded_score_weight,,43,119.38634788605773,31.206161535999996,1.0,5000000,2,scan-hop-8fce993bbb5c8ed0,31.206161535999996,validation,ok,1.0
ok,176.32564515990254,119.38634788604513,894.2514048278082,E22,18,CH2LU RX0,1.0146722380000028,43,894.2514048278082,production_score_weight,,43,119.38634788604513,31.206161535999996,1.0,5000000,2,scan-hop-8fce993bbb5c8ed0,31.206161535999996,validation,ok,1.0
ok,168.81531641712039,121.13238982933562,822.3658454662217,E22,18,CH2LU RX0,1.0146722380000028,43,822.3658454662217,integer_epoch,,43,122.73050194196247,31.206161535999996,1.0,5000000,2,scan-hop-8fce993bbb5c8ed0,31.206161535999996,validation,ok,1.0
ok,59.555894497742045,51.871418746625814,84.24876329109432,E10,20,CH3LU RX1,1.011818390000002,50,84.24876329109432,baseline,,50,51.871418746625814,32.64134397400001,1.0,2500000,2,scan-hop-571d32dfad9a0d4a,32.64134397400001,validation,ok,1.0
ok,59.555894497742045,51.871418746625814,84.24876329109432,E10,20,CH3LU RX1,1.011818390000002,50,84.24876329109432,margin_0.05,,50,51.871418746625814,32.64134397400001,1.0,2500000,2,scan-hop-571d32dfad9a0d4a,32.64134397400001,validation,ok,1.0
ok,59.555894497742045,51.871418746625814,84.24876329109432,E10,20,CH3LU RX1,1.011818390000002,50,84.24876329109432,margin_0.075,,50,51.871418746625814,32.64134397400001,1.0,2500000,2,scan-hop-571d32dfad9a0d4a,32.64134397400001,validation,ok,1.0
ok,59.555894497742045,51.871418746625814,84.24876329109432,E10,20,CH3LU RX1,1.011818390000002,50,84.24876329109432,margin_0.1,,50,51.871418746625814,32.64134397400001,1.0,2500000,2,scan-hop-571d32dfad9a0d4a,32.64134397400001,validation,ok,1.0
ok,59.555894497742045,51.871418746625814,84.24876329109432,E10,20,CH3LU RX1,1.011818390000002,50,84.24876329109432,margin_0.15,,50,51.871418746625814,32.64134397400001,1.0,2500000,2,scan-hop-571d32dfad9a0d4a,32.64134397400001,validation,ok,1.0
ok,59.555894497742045,51.871418746625814,84.24876329109432,E10,20,CH3LU RX1,1.011818390000002,50,84.24876329109432,margin_0.2,,50,51.871418746625814,32.64134397400001,1.0,2500000,2,scan-hop-571d32dfad9a0d4a,32.64134397400001,validation,ok,1.0
ok,59.186821411046125,55.65491130950596,86.18188381938631,E10,20,CH3LU RX1,5.022770949000005,50,86.18188381938631,top_1,,31,17.685687017013535,31.640015841000007,0.62,2500000,2,scan-hop-571d32dfad9a0d4a,32.64134397400001,validation,ok,0.7333333333333333
ok,58.87783407954239,55.96969008932256,86.37070989371671,E10,20,CH3LU RX1,3.0096190050000047,50,86.37070989371671,top_2,,47,19.043853226468652,32.64134397400001,0.94,2500000,2,scan-hop-571d32dfad9a0d4a,32.64134397400001,validation,ok,0.9666666666666667
ok,58.78461145205473,55.39761238425409,84.24876329109432,E10,20,CH3LU RX1,3.0096190050000047,50,84.24876329109432,top_4,,48,25.821980629597213,32.64134397400001,0.96,2500000,2,scan-hop-571d32dfad9a0d4a,32.64134397400001,validation,ok,1.0
ok,58.75448229669897,52.00294747935252,96.90801458804333,E10,20,CH3LU RX1,1.011818390000002,50,96.90801458804333,bounded_score_weight,,50,52.00294747935252,32.64134397400001,1.0,2500000,2,scan-hop-571d32dfad9a0d4a,32.64134397400001,validation,ok,1.0
ok,58.7544822967358,52.002947479348045,96.90801458796888,E10,20,CH3LU RX1,1.011818390000002,50,96.90801458796888,production_score_weight,,50,52.002947479348045,32.64134397400001,1.0,2500000,2,scan-hop-571d32dfad9a0d4a,32.64134397400001,validation,ok,1.0
ok,70.19334131563332,54.67124523050972,205.22763903320796,E10,20,CH3LU RX1,1.011818390000002,50,205.22763903320796,integer_epoch,,50,81.0567639894225,32.64134397400001,1.0,2500000,2,scan-hop-571d32dfad9a0d4a,32.64134397400001,validation,ok,1.0
ok,117.09717962898654,97.32773873415547,725.8743290449725,E15,41,CH4LU RX0+1,1.011991547000008,99,725.8743290449725,baseline,,99,97.32773873415547,35.67323280400001,1.0,2500000,4,scan-hop-571d32dfad9a0d4a,35.67323280400001,validation,ok,1.0
ok,117.09717962898654,97.32773873415547,725.8743290449725,E15,41,CH4LU RX0+1,1.011991547000008,99,725.8743290449725,margin_0.05,,99,97.32773873415547,35.67323280400001,1.0,2500000,4,scan-hop-571d32dfad9a0d4a,35.67323280400001,validation,ok,1.0
ok,117.09717962898654,97.32773873415547,725.8743290449725,E15,41,CH4LU RX0+1,1.011991547000008,99,725.8743290449725,margin_0.075,,99,97.32773873415547,35.67323280400001,1.0,2500000,4,scan-hop-571d32dfad9a0d4a,35.67323280400001,validation,ok,1.0
ok,117.09717962898654,97.32773873415547,725.8743290449725,E15,41,CH4LU RX0+1,1.011991547000008,99,725.8743290449725,margin_0.1,,99,97.32773873415547,35.67323280400001,1.0,2500000,4,scan-hop-571d32dfad9a0d4a,35.67323280400001,validation,ok,1.0
ok,117.09717962898654,97.32773873415547,725.8743290449725,E15,41,CH4LU RX0+1,1.011991547000008,99,725.8743290449725,margin_0.15,,99,97.32773873415547,35.67323280400001,1.0,2500000,4,scan-hop-571d32dfad9a0d4a,35.67323280400001,validation,ok,1.0
ok,117.09717962898654,97.32773873415547,725.8743290449725,E15,41,CH4LU RX0+1,1.011991547000008,99,725.8743290449725,margin_0.2,,99,97.32773873415547,35.67323280400001,1.0,2500000,4,scan-hop-571d32dfad9a0d4a,35.67323280400001,validation,ok,1.0
,,,,E15,41,CH4LU RX0+1,,99,,top_1,fewer than four training observations in a source segment,37,,,0.37373737373737376,2500000,4,scan-hop-571d32dfad9a0d4a,35.67323280400001,validation,insufficient_support,0.27586206896551724
,,,,E15,41,CH4LU RX0+1,,99,,top_2,fewer than four training observations in a source segment,60,,,0.6060606060606061,2500000,4,scan-hop-571d32dfad9a0d4a,35.67323280400001,validation,insufficient_support,0.43103448275862066
ok,117.88727744747479,97.43194093225274,494.340403025449,E15,41,CH4LU RX0+1,3.0199879510000045,99,494.340403025449,top_4,,86,93.11254816493359,35.67323280400001,0.8686868686868687,2500000,4,scan-hop-571d32dfad9a0d4a,35.67323280400001,validation,ok,0.7931034482758621
ok,118.96982675447268,97.6185699281471,709.8117557469246,E15,41,CH4LU RX0+1,1.011991547000008,99,709.8117557469246,bounded_score_weight,,99,97.6185699281471,35.67323280400001,1.0,2500000,4,scan-hop-571d32dfad9a0d4a,35.67323280400001,validation,ok,1.0
ok,118.96982675442224,97.61856992814496,709.8117557460844,E15,41,CH4LU RX0+1,1.011991547000008,99,709.8117557460844,production_score_weight,,99,97.61856992814496,35.67323280400001,1.0,2500000,4,scan-hop-571d32dfad9a0d4a,35.67323280400001,validation,ok,1.0
ok,112.4882803823657,99.2167171975401,554.705315165285,E15,41,CH4LU RX0+1,1.011991547000008,99,529.0761093111714,integer_epoch,,99,104.60447110806149,35.67323280400001,1.0,2500000,4,scan-hop-571d32dfad9a0d4a,35.67323280400001,validation,ok,1.0
ok,130.93802282024132,121.46863711712737,1712.1214459122493,E19,49,CH3LU RX0+1,1.017336819999997,117,1712.1214459122493,baseline,,117,121.46863711712737,47.250223758000004,1.0,2500000,3,scan-hop-571d32dfad9a0d4a,47.250223758000004,validation,ok,1.0
ok,130.93802282024132,121.46863711712737,1712.1214459122493,E19,49,CH3LU RX0+1,1.017336819999997,117,1712.1214459122493,margin_0.05,,117,121.46863711712737,47.250223758000004,1.0,2500000,3,scan-hop-571d32dfad9a0d4a,47.250223758000004,validation,ok,1.0
ok,130.07227419244145,121.59612792549513,1635.008505692633,E19,49,CH3LU RX0+1,1.017336819999997,117,1635.008505692633,margin_0.075,,116,120.25689932228211,47.250223758000004,0.9914529914529915,2500000,3,scan-hop-571d32dfad9a0d4a,47.250223758000004,validation,ok,0.9852941176470589
ok,130.215465983883,121.91128649532845,1558.3449352520606,E19,49,CH3LU RX0+1,1.017336819999997,117,1558.3449352520606,margin_0.1,,115,119.47320325766174,47.250223758000004,0.9829059829059829,2500000,3,scan-hop-571d32dfad9a0d4a,47.250223758000004,validation,ok,0.9705882352941176
ok,129.98417052550593,121.54785146047871,1697.7597506424918,E19,49,CH3LU RX0+1,3.013248527000002,117,1697.7597506424918,margin_0.15,,112,118.22118056302556,47.250223758000004,0.9572649572649573,2500000,3,scan-hop-571d32dfad9a0d4a,47.250223758000004,validation,ok,0.9264705882352942
ok,129.71703973364666,121.9071052322187,1759.8163931368001,E19,49,CH3LU RX0+1,3.013248527000002,117,1759.8163931368001,margin_0.2,,109,113.27456940794994,47.250223758000004,0.9316239316239316,2500000,3,scan-hop-571d32dfad9a0d4a,47.250223758000004,validation,ok,0.8823529411764706
ok,148.99405281941398,145.03679838870522,2277.9972838180124,E19,49,CH3LU RX0+1,17.090708320000005,117,2277.9972838180124,top_1,,35,77.80810735905197,47.250223758000004,0.29914529914529914,2500000,3,scan-hop-571d32dfad9a0d4a,47.250223758000004,validation,ok,0.27941176470588236
ok,142.07914031174056,138.66017070610042,1104.5432016373188,E19,49,CH3LU RX0+1,8.05562124299999,117,1104.5432016373188,top_2,,52,71.81642345621623,47.250223758000004,0.4444444444444444,2500000,3,scan-hop-571d32dfad9a0d4a,47.250223758000004,validation,ok,0.39705882352941174
ok,130.458467424207,122.13643190567205,1262.3289702635166,E19,49,CH3LU RX0+1,5.023926653000018,117,1262.3289702635166,top_4,,102,115.52138959986708,47.250223758000004,0.8717948717948718,2500000,3,scan-hop-571d32dfad9a0d4a,47.250223758000004,validation,ok,0.8529411764705882
ok,130.35389874680388,121.59099794155874,1638.1866654112291,E19,49,CH3LU RX0+1,1.017336819999997,117,1638.1866654112291,bounded_score_weight,,117,121.59099794155874,47.250223758000004,1.0,2500000,3,scan-hop-571d32dfad9a0d4a,47.250223758000004,validation,ok,1.0
ok,130.06787979209255,121.95353529591051,1613.5321541103303,E19,49,CH3LU RX0+1,1.017336819999997,117,1613.5321541103303,production_score_weight,,117,121.95353529591051,47.250223758000004,1.0,2500000,3,scan-hop-571d32dfad9a0d4a,47.250223758000004,validation,ok,1.0
ok,130.1136478066917,122.17156159460384,1036.1196649057079,E19,49,CH3LU RX0+1,1.017336819999997,117,1037.8773679939484,integer_epoch,,117,123.58688168910317,47.250223758000004,1.0,2500000,3,scan-hop-571d32dfad9a0d4a,47.250223758000004,validation,ok,1.0
ok,217.21157370760764,192.7772480626425,1766.4714583360762,E03,30,CH1LU RX1,1.0136501950000003,73,1766.4714583360762,baseline,,73,192.7772480626425,42.760726176,1.0,5000000,2,scan-hop-24351823e2483b0e,42.760726176,validation,ok,1.0
ok,217.21157370760764,192.7772480626425,1766.4714583360762,E03,30,CH1LU RX1,1.0136501950000003,73,1766.4714583360762,margin_0.05,,73,192.7772480626425,42.760726176,1.0,5000000,2,scan-hop-24351823e2483b0e,42.760726176,validation,ok,1.0
ok,217.21157370760764,192.7772480626425,1766.4714583360762,E03,30,CH1LU RX1,1.0136501950000003,73,1766.4714583360762,margin_0.075,,73,192.7772480626425,42.760726176,1.0,5000000,2,scan-hop-24351823e2483b0e,42.760726176,validation,ok,1.0
ok,217.21157370760764,192.7772480626425,1766.4714583360762,E03,30,CH1LU RX1,1.0136501950000003,73,1766.4714583360762,margin_0.1,,73,192.7772480626425,42.760726176,1.0,5000000,2,scan-hop-24351823e2483b0e,42.760726176,validation,ok,1.0
ok,217.21157370760764,192.7772480626425,1766.4714583360762,E03,30,CH1LU RX1,1.0136501950000003,73,1766.4714583360762,margin_0.15,,73,192.7772480626425,42.760726176,1.0,5000000,2,scan-hop-24351823e2483b0e,42.760726176,validation,ok,1.0
ok,217.21157370760764,192.7772480626425,1766.4714583360762,E03,30,CH1LU RX1,1.0136501950000003,73,1766.4714583360762,margin_0.2,,73,192.7772480626425,42.760726176,1.0,5000000,2,scan-hop-24351823e2483b0e,42.760726176,validation,ok,1.0
ok,213.1658267352123,196.4056196892429,1575.7944553315397,E03,30,CH1LU RX1,6.040003415999998,73,1575.7944553315397,top_1,,34,152.99846042873727,42.760726176,0.4657534246575342,5000000,2,scan-hop-24351823e2483b0e,42.760726176,validation,ok,0.46511627906976744
ok,219.10096551416186,194.55304571406074,1673.1309143977992,E03,30,CH1LU RX1,3.0226679700000005,73,1673.1309143977992,top_2,,66,186.7901088778589,42.760726176,0.9041095890410958,5000000,2,scan-hop-24351823e2483b0e,42.760726176,validation,ok,0.8604651162790697
ok,217.21157370760764,192.7772480626425,1766.4714583360762,E03,30,CH1LU RX1,1.0136501950000003,73,1766.4714583360762,top_4,,73,192.7772480626425,42.760726176,1.0,5000000,2,scan-hop-24351823e2483b0e,42.760726176,validation,ok,1.0
ok,217.64461816736213,193.57958639252118,1699.8729481802816,E03,30,CH1LU RX1,1.0136501950000003,73,1699.8729481802816,bounded_score_weight,,73,193.57958639252118,42.760726176,1.0,5000000,2,scan-hop-24351823e2483b0e,42.760726176,validation,ok,1.0
ok,217.64461816738293,193.57958639252138,1699.8729481803243,E03,30,CH1LU RX1,1.0136501950000003,73,1699.8729481803243,production_score_weight,,73,193.57958639252138,42.760726176,1.0,5000000,2,scan-hop-24351823e2483b0e,42.760726176,validation,ok,1.0
ok,217.21157370760764,192.7772480626425,1766.4714583360762,E03,30,CH1LU RX1,1.0136501950000003,73,1766.4714583360762,integer_epoch,,73,192.7772480626425,42.760726176,1.0,5000000,2,scan-hop-24351823e2483b0e,42.760726176,validation,ok,1.0
ok,155.11290563354774,136.1901112416096,979.9245476616034,E14,29,CH1LU RX0+1,1.0146708529999842,69,979.9245476616034,baseline,,69,136.1901112416096,44.776230786,1.0,5000000,3,scan-hop-24351823e2483b0e,44.776230786,validation,ok,1.0
ok,155.11290563354774,136.1901112416096,979.9245476616034,E14,29,CH1LU RX0+1,1.0146708529999842,69,979.9245476616034,margin_0.05,,69,136.1901112416096,44.776230786,1.0,5000000,3,scan-hop-24351823e2483b0e,44.776230786,validation,ok,1.0
ok,154.79697498976603,136.71163276098193,919.4390253439226,E14,29,CH1LU RX0+1,2.0109207290000057,69,919.4390253439226,margin_0.075,,68,135.18762396975782,44.776230786,0.9855072463768116,5000000,3,scan-hop-24351823e2483b0e,44.776230786,validation,ok,0.975
ok,157.77450585817513,136.4540229548796,960.5081531272893,E14,29,CH1LU RX0+1,2.0100428359999967,69,960.5081531272893,margin_0.1,,66,130.18631554647803,42.76531005699999,0.9565217391304348,5000000,3,scan-hop-24351823e2483b0e,44.776230786,validation,ok,0.925
ok,157.825488366638,137.16104405600328,970.2527980012661,E14,29,CH1LU RX0+1,4.02443869999999,69,970.2527980012661,margin_0.15,,64,129.10735752300653,42.76531005699999,0.927536231884058,5000000,3,scan-hop-24351823e2483b0e,44.776230786,validation,ok,0.875
,,,,E14,29,CH1LU RX0+1,,69,,margin_0.2,fewer than four training observations in a source segment,53,,,0.7681159420289855,5000000,3,scan-hop-24351823e2483b0e,44.776230786,validation,insufficient_support,0.6
,,,,E14,29,CH1LU RX0+1,,69,,top_1,fewer than four training observations in a source segment,24,,,0.34782608695652173,5000000,3,scan-hop-24351823e2483b0e,44.776230786,validation,insufficient_support,0.25
,,,,E14,29,CH1LU RX0+1,,69,,top_2,fewer than four training observations in a source segment,38,,,0.5507246376811594,5000000,3,scan-hop-24351823e2483b0e,44.776230786,validation,insufficient_support,0.475
ok,160.71924222660735,136.49244004623603,1017.5854821435455,E14,29,CH1LU RX0+1,6.034663042999995,69,1017.5854821435455,top_4,,57,121.45734419648157,43.770649590999994,0.8260869565217391,5000000,3,scan-hop-24351823e2483b0e,44.776230786,validation,ok,0.875
ok,153.55110933779417,136.82295913044416,709.5076536394777,E14,29,CH1LU RX0+1,1.0146708529999842,69,709.5076536394777,bounded_score_weight,,69,136.82295913044416,44.776230786,1.0,5000000,3,scan-hop-24351823e2483b0e,44.776230786,validation,ok,1.0
ok,153.39007074841535,137.00910059549568,667.7219029896465,E14,29,CH1LU RX0+1,1.0146708529999842,69,667.7219029896465,production_score_weight,,69,137.00910059549568,44.776230786,1.0,5000000,3,scan-hop-24351823e2483b0e,44.776230786,validation,ok,1.0
ok,160.1890236611808,137.1079599419046,1039.7041466392832,E14,29,CH1LU RX0+1,1.0146708529999842,69,1039.7041466392832,integer_epoch,,69,138.27319118968015,44.776230786,1.0,5000000,3,scan-hop-24351823e2483b0e,44.776230786,validation,ok,1.0
ok,82.65845908623794,77.75417277474958,101.46521091517165,E16,31,CH3LU RX0+1,1.0107649600000173,75,101.46521091517165,baseline,,75,77.75417277474958,31.69067884400002,1.0,5000000,3,scan-hop-24351823e2483b0e,31.69067884400002,validation,ok,1.0
ok,82.65845908623794,77.75417277474958,101.46521091517165,E16,31,CH3LU RX0+1,1.0107649600000173,75,101.46521091517165,margin_0.05,,75,77.75417277474958,31.69067884400002,1.0,5000000,3,scan-hop-24351823e2483b0e,31.69067884400002,validation,ok,1.0
ok,82.65845908623794,77.75417277474958,101.46521091517165,E16,31,CH3LU RX0+1,1.0107649600000173,75,101.46521091517165,margin_0.075,,75,77.75417277474958,31.69067884400002,1.0,5000000,3,scan-hop-24351823e2483b0e,31.69067884400002,validation,ok,1.0
ok,82.65845908623794,77.75417277474958,101.46521091517165,E16,31,CH3LU RX0+1,1.0107649600000173,75,101.46521091517165,margin_0.1,,75,77.75417277474958,31.69067884400002,1.0,5000000,3,scan-hop-24351823e2483b0e,31.69067884400002,validation,ok,1.0
ok,82.65845908623794,77.75417277474958,101.46521091517165,E16,31,CH3LU RX0+1,1.0107649600000173,75,101.46521091517165,margin_0.15,,75,77.75417277474958,31.69067884400002,1.0,5000000,3,scan-hop-24351823e2483b0e,31.69067884400002,validation,ok,1.0
ok,82.65845908623794,77.75417277474958,101.46521091517165,E16,31,CH3LU RX0+1,1.0107649600000173,75,101.46521091517165,margin_0.2,,75,77.75417277474958,31.69067884400002,1.0,5000000,3,scan-hop-24351823e2483b0e,31.69067884400002,validation,ok,1.0
,,,,E16,31,CH3LU RX0+1,,75,,top_1,fewer than four training observations in a source segment,28,,,0.37333333333333335,5000000,3,scan-hop-24351823e2483b0e,31.69067884400002,validation,insufficient_support,0.4318181818181818
,,,,E16,31,CH3LU RX0+1,,75,,top_2,fewer than four training observations in a source segment,54,,,0.72,5000000,3,scan-hop-24351823e2483b0e,31.69067884400002,validation,insufficient_support,0.7954545454545454
ok,84.46957168493152,79.96440855809534,238.56470215100572,E16,31,CH3LU RX0+1,2.012002487000018,75,238.56470215100572,top_4,,69,67.86189010670866,31.69067884400002,0.92,5000000,3,scan-hop-24351823e2483b0e,31.69067884400002,validation,ok,0.9318181818181818
ok,82.20506927372558,77.80085863696178,114.40400018025099,E16,31,CH3LU RX0+1,1.0107649600000173,75,114.40400018025099,bounded_score_weight,,75,77.80085863696178,31.69067884400002,1.0,5000000,3,scan-hop-24351823e2483b0e,31.69067884400002,validation,ok,1.0
ok,82.23269810848586,77.8019331215958,113.69278034530103,E16,31,CH3LU RX0+1,1.0107649600000173,75,113.69278034530103,production_score_weight,,75,77.8019331215958,31.69067884400002,1.0,5000000,3,scan-hop-24351823e2483b0e,31.69067884400002,validation,ok,1.0
ok,82.65845908623794,77.75417277474958,101.46521091517165,E16,31,CH3LU RX0+1,1.0107649600000173,75,101.46521091517165,integer_epoch,,75,77.75417277474958,31.69067884400002,1.0,5000000,3,scan-hop-24351823e2483b0e,31.69067884400002,validation,ok,1.0
ok,127.71585640750503,112.49432384900325,177.89883872629315,E26,33,CH4LU RX0+1,1.0133322390000217,80,177.89883872629315,baseline,,80,112.49432384900325,34.22542856199999,1.0,5000000,3,scan-hop-24351823e2483b0e,34.22542856199999,validation,ok,1.0
ok,127.71585640750503,112.49432384900325,177.89883872629315,E26,33,CH4LU RX0+1,1.0133322390000217,80,177.89883872629315,margin_0.05,,80,112.49432384900325,34.22542856199999,1.0,5000000,3,scan-hop-24351823e2483b0e,34.22542856199999,validation,ok,1.0
ok,127.71585640750503,112.49432384900325,177.89883872629315,E26,33,CH4LU RX0+1,1.0133322390000217,80,177.89883872629315,margin_0.075,,80,112.49432384900325,34.22542856199999,1.0,5000000,3,scan-hop-24351823e2483b0e,34.22542856199999,validation,ok,1.0
ok,127.71585640750503,112.49432384900325,177.89883872629315,E26,33,CH4LU RX0+1,1.0133322390000217,80,177.89883872629315,margin_0.1,,80,112.49432384900325,34.22542856199999,1.0,5000000,3,scan-hop-24351823e2483b0e,34.22542856199999,validation,ok,1.0
ok,127.71585640750503,112.49432384900325,177.89883872629315,E26,33,CH4LU RX0+1,1.0133322390000217,80,177.89883872629315,margin_0.15,,80,112.49432384900325,34.22542856199999,1.0,5000000,3,scan-hop-24351823e2483b0e,34.22542856199999,validation,ok,1.0
ok,126.30636605784827,113.17857577491702,246.0507956715762,E26,33,CH4LU RX0+1,2.011243934000049,80,246.0507956715762,margin_0.2,,75,106.48475585580971,34.22542856199999,0.9375,5000000,3,scan-hop-24351823e2483b0e,34.22542856199999,validation,ok,0.9574468085106383
ok,127.88134641493915,121.60770664053443,194.94594712461208,E26,33,CH4LU RX0+1,7.040035777000014,80,194.94594712461208,top_1,,31,80.55940356708932,31.71076835599999,0.3875,5000000,3,scan-hop-24351823e2483b0e,34.22542856199999,validation,ok,0.3829787234042553
ok,125.9629702200286,121.07388264601624,372.6056126417334,E26,33,CH4LU RX0+1,3.028713229999994,80,372.6056126417334,top_2,,57,67.90482922612905,32.71877700199997,0.7125,5000000,3,scan-hop-24351823e2483b0e,34.22542856199999,validation,ok,0.8085106382978723
ok,127.31485740172401,114.01753289565156,236.93749719871002,E26,33,CH4LU RX0+1,4.030638263000014,80,236.93749719871002,top_4,,71,101.98253249209405,34.22542856199999,0.8875,5000000,3,scan-hop-24351823e2483b0e,34.22542856199999,validation,ok,0.9361702127659575
ok,126.48530646791444,112.52124336861152,189.4531110521018,E26,33,CH4LU RX0+1,1.0133322390000217,80,189.4531110521018,bounded_score_weight,,80,112.52124336861152,34.22542856199999,1.0,5000000,3,scan-hop-24351823e2483b0e,34.22542856199999,validation,ok,1.0
ok,126.43429822273364,112.52578901853131,193.31222719515753,E26,33,CH4LU RX0+1,1.0133322390000217,80,193.31222719515753,production_score_weight,,80,112.52578901853131,34.22542856199999,1.0,5000000,3,scan-hop-24351823e2483b0e,34.22542856199999,validation,ok,1.0
ok,126.80685391959751,113.09926294069899,173.3583581443358,E26,33,CH4LU RX0+1,1.0133322390000217,80,173.3583581443358,integer_epoch,,80,110.21768363224619,34.22542856199999,1.0,5000000,3,scan-hop-24351823e2483b0e,34.22542856199999,validation,ok,1.0
ok,146.51674882997284,132.0229437723938,581.893705686617,E07,21,CH2LU RX0+1,1.0120001389999942,50,581.893705686617,baseline,,50,132.0229437723938,32.13597045,1.0,2500000,2,scan-hop-39983060d2817b1f,32.13597045,validation,ok,1.0
ok,146.51674882997284,132.0229437723938,581.893705686617,E07,21,CH2LU RX0+1,1.0120001389999942,50,581.893705686617,margin_0.05,,50,132.0229437723938,32.13597045,1.0,2500000,2,scan-hop-39983060d2817b1f,32.13597045,validation,ok,1.0
ok,146.51674882997284,132.0229437723938,581.893705686617,E07,21,CH2LU RX0+1,1.0120001389999942,50,581.893705686617,margin_0.075,,50,132.0229437723938,32.13597045,1.0,2500000,2,scan-hop-39983060d2817b1f,32.13597045,validation,ok,1.0
ok,146.51674882997284,132.0229437723938,581.893705686617,E07,21,CH2LU RX0+1,1.0120001389999942,50,581.893705686617,margin_0.1,,50,132.0229437723938,32.13597045,1.0,2500000,2,scan-hop-39983060d2817b1f,32.13597045,validation,ok,1.0
ok,146.51674882997284,132.0229437723938,581.893705686617,E07,21,CH2LU RX0+1,1.0120001389999942,50,581.893705686617,margin_0.15,,50,132.0229437723938,32.13597045,1.0,2500000,2,scan-hop-39983060d2817b1f,32.13597045,validation,ok,1.0
ok,182.76341707989627,133.88247480193854,1474.2121267645266,E07,21,CH2LU RX0+1,1.0120001389999942,50,1474.2121267645266,margin_0.2,,45,101.13727420095758,28.617299365000008,0.9,2500000,2,scan-hop-39983060d2817b1f,32.13597045,validation,ok,0.8275862068965517
,,,,E07,21,CH2LU RX0+1,,50,,top_1,fewer than four training observations in a source segment,17,,,0.34,2500000,2,scan-hop-39983060d2817b1f,32.13597045,validation,insufficient_support,0.3103448275862069
ok,145.3565492150356,134.81226492254285,801.2027800454891,E07,21,CH2LU RX0+1,10.042550547000005,50,801.2027800454891,top_2,,36,111.12009729556621,32.13597045,0.72,2500000,2,scan-hop-39983060d2817b1f,32.13597045,validation,ok,0.6206896551724138
ok,144.21476715161745,135.73729740029023,794.5980278275774,E07,21,CH2LU RX0+1,7.028099335999997,50,794.5980278275774,top_4,,41,104.42651074072523,32.13597045,0.82,2500000,2,scan-hop-39983060d2817b1f,32.13597045,validation,ok,0.6896551724137931
ok,144.70746790209398,132.9101888128327,514.1005118165104,E07,21,CH2LU RX0+1,1.0120001389999942,50,514.1005118165104,bounded_score_weight,,50,132.9101888128327,32.13597045,1.0,2500000,2,scan-hop-39983060d2817b1f,32.13597045,validation,ok,1.0
ok,145.2594770512095,132.98354848908008,618.4504343726817,E07,21,CH2LU RX0+1,1.0120001389999942,50,618.4504343726817,production_score_weight,,50,132.98354848908008,32.13597045,1.0,2500000,2,scan-hop-39983060d2817b1f,32.13597045,validation,ok,1.0
ok,147.599720732148,139.26087862267116,637.9632952541756,E07,21,CH2LU RX0+1,1.0120001389999942,50,650.1191006894339,integer_epoch,,50,141.0636821580183,32.13597045,1.0,2500000,2,scan-hop-39983060d2817b1f,32.13597045,validation,ok,1.0
ok,720.2199841109128,625.7154331061946,2563.6674232485598,E13,19,CH2L RX1,1.0120965640000037,46,2563.6674232485598,baseline,,46,625.7154331061946,45.188046189000005,1.0,2500000,1,scan-hop-39983060d2817b1f,45.188046189000005,validation,ok,1.0
ok,720.2199841109128,625.7154331061946,2563.6674232485598,E13,19,CH2L RX1,1.0120965640000037,46,2563.6674232485598,margin_0.05,,46,625.7154331061946,45.188046189000005,1.0,2500000,1,scan-hop-39983060d2817b1f,45.188046189000005,validation,ok,1.0
ok,720.2199841109128,625.7154331061946,2563.6674232485598,E13,19,CH2L RX1,1.0120965640000037,46,2563.6674232485598,margin_0.075,,46,625.7154331061946,45.188046189000005,1.0,2500000,1,scan-hop-39983060d2817b1f,45.188046189000005,validation,ok,1.0
ok,720.2199841109128,625.7154331061946,2563.6674232485598,E13,19,CH2L RX1,1.0120965640000037,46,2563.6674232485598,margin_0.1,,46,625.7154331061946,45.188046189000005,1.0,2500000,1,scan-hop-39983060d2817b1f,45.188046189000005,validation,ok,1.0
ok,720.2199841109128,625.7154331061946,2563.6674232485598,E13,19,CH2L RX1,1.0120965640000037,46,2563.6674232485598,margin_0.15,,46,625.7154331061946,45.188046189000005,1.0,2500000,1,scan-hop-39983060d2817b1f,45.188046189000005,validation,ok,1.0
ok,720.2199841109128,625.7154331061946,2563.6674232485598,E13,19,CH2L RX1,1.0120965640000037,46,2563.6674232485598,margin_0.2,,46,625.7154331061946,45.188046189000005,1.0,2500000,1,scan-hop-39983060d2817b1f,45.188046189000005,validation,ok,1.0
ok,785.9639012224527,633.8912564810068,7867.44082097692,E13,19,CH2L RX1,3.017335635000009,46,7867.44082097692,top_1,,26,554.8498499964207,44.182721068999996,0.5652173913043478,2500000,1,scan-hop-39983060d2817b1f,45.188046189000005,validation,ok,0.5555555555555556
ok,724.33711455553,629.4915496340134,7974.815445338513,E13,19,CH2L RX1,2.013335187999999,46,7974.815445338513,top_2,,41,596.4855328263297,45.188046189000005,0.8913043478260869,2500000,1,scan-hop-39983060d2817b1f,45.188046189000005,validation,ok,0.8518518518518519
ok,720.2199841109128,625.7154331061946,2563.6674232485598,E13,19,CH2L RX1,1.0120965640000037,46,2563.6674232485598,top_4,,46,625.7154331061946,45.188046189000005,1.0,2500000,1,scan-hop-39983060d2817b1f,45.188046189000005,validation,ok,1.0
ok,721.3103965386297,626.7234170925146,2017.249915880389,E13,19,CH2L RX1,1.0120965640000037,46,2017.249915880389,bounded_score_weight,,46,626.7234170925146,45.188046189000005,1.0,2500000,1,scan-hop-39983060d2817b1f,45.188046189000005,validation,ok,1.0
ok,721.310396538629,626.723417092516,2017.2499158793523,E13,19,CH2L RX1,1.0120965640000037,46,2017.2499158793523,production_score_weight,,46,626.723417092516,45.188046189000005,1.0,2500000,1,scan-hop-39983060d2817b1f,45.188046189000005,validation,ok,1.0
ok,720.2199841109128,625.7154331061946,2563.6674232485598,E13,19,CH2L RX1,1.0120965640000037,46,2563.6674232485598,integer_epoch,,46,625.7154331061946,45.188046189000005,1.0,2500000,1,scan-hop-39983060d2817b1f,45.188046189000005,validation,ok,1.0
ok,636.010716428386,462.10921310594506,7244.783989968412,E17,16,CH2U RX1,1.0099769180000067,39,7244.783989968412,baseline,,39,462.10921310594506,38.155453346,1.0,2500000,1,scan-hop-39983060d2817b1f,38.155453346,validation,ok,1.0
ok,636.010716428386,462.10921310594506,7244.783989968412,E17,16,CH2U RX1,1.0099769180000067,39,7244.783989968412,margin_0.05,,39,462.10921310594506,38.155453346,1.0,2500000,1,scan-hop-39983060d2817b1f,38.155453346,validation,ok,1.0
ok,636.010716428386,462.10921310594506,7244.783989968412,E17,16,CH2U RX1,1.0099769180000067,39,7244.783989968412,margin_0.075,,39,462.10921310594506,38.155453346,1.0,2500000,1,scan-hop-39983060d2817b1f,38.155453346,validation,ok,1.0
ok,636.010716428386,462.10921310594506,7244.783989968412,E17,16,CH2U RX1,1.0099769180000067,39,7244.783989968412,margin_0.1,,39,462.10921310594506,38.155453346,1.0,2500000,1,scan-hop-39983060d2817b1f,38.155453346,validation,ok,1.0
ok,636.010716428386,462.10921310594506,7244.783989968412,E17,16,CH2U RX1,1.0099769180000067,39,7244.783989968412,margin_0.15,,39,462.10921310594506,38.155453346,1.0,2500000,1,scan-hop-39983060d2817b1f,38.155453346,validation,ok,1.0
ok,636.010716428386,462.10921310594506,7244.783989968412,E17,16,CH2U RX1,1.0099769180000067,39,7244.783989968412,margin_0.2,,39,462.10921310594506,38.155453346,1.0,2500000,1,scan-hop-39983060d2817b1f,38.155453346,validation,ok,1.0
ok,516.4943104029502,502.3130237617363,9125.830711819099,E17,16,CH2U RX1,4.026550219000001,39,9125.830711819099,top_1,,18,179.24575986009242,36.148777373,0.46153846153846156,2500000,1,scan-hop-39983060d2817b1f,38.155453346,validation,ok,0.391304347826087
ok,592.2422014912407,476.4813305831833,5408.1739975751325,E17,16,CH2U RX1,2.0161016950000032,39,5408.1739975751325,top_2,,34,333.5413265279296,37.15278184100001,0.8717948717948718,2500000,1,scan-hop-39983060d2817b1f,38.155453346,validation,ok,0.8260869565217391
ok,636.010716428386,462.10921310594506,7244.783989968412,E17,16,CH2U RX1,1.0099769180000067,39,7244.783989968412,top_4,,39,462.10921310594506,38.155453346,1.0,2500000,1,scan-hop-39983060d2817b1f,38.155453346,validation,ok,1.0
ok,627.1709811833103,462.3480862080569,7165.789359358885,E17,16,CH2U RX1,1.0099769180000067,39,7165.789359358885,bounded_score_weight,,39,462.3480862080569,38.155453346,1.0,2500000,1,scan-hop-39983060d2817b1f,38.155453346,validation,ok,1.0
ok,627.1709811832545,462.34808620804546,7165.789359359384,E17,16,CH2U RX1,1.0099769180000067,39,7165.789359359384,production_score_weight,,39,462.34808620804546,38.155453346,1.0,2500000,1,scan-hop-39983060d2817b1f,38.155453346,validation,ok,1.0
ok,636.010716428386,462.10921310594506,7244.783989968412,E17,16,CH2U RX1,1.0099769180000067,39,7244.783989968412,integer_epoch,,39,462.10921310594506,38.155453346,1.0,2500000,1,scan-hop-39983060d2817b1f,38.155453346,validation,ok,1.0
ok,80.59933969466093,68.73304802793854,143.57115996738625,E29,33,CH2LU RX1,1.0146679550000215,81,143.57115996738625,baseline,,81,68.73304802793854,41.204391617,1.0,2500000,3,scan-hop-39983060d2817b1f,41.204391617,validation,ok,1.0
ok,80.59933969466093,68.73304802793854,143.57115996738625,E29,33,CH2LU RX1,1.0146679550000215,81,143.57115996738625,margin_0.05,,81,68.73304802793854,41.204391617,1.0,2500000,3,scan-hop-39983060d2817b1f,41.204391617,validation,ok,1.0
ok,80.59933969466093,68.73304802793854,143.57115996738625,E29,33,CH2LU RX1,1.0146679550000215,81,143.57115996738625,margin_0.075,,81,68.73304802793854,41.204391617,1.0,2500000,3,scan-hop-39983060d2817b1f,41.204391617,validation,ok,1.0
ok,80.59933969466093,68.73304802793854,143.57115996738625,E29,33,CH2LU RX1,1.0146679550000215,81,143.57115996738625,margin_0.1,,81,68.73304802793854,41.204391617,1.0,2500000,3,scan-hop-39983060d2817b1f,41.204391617,validation,ok,1.0
ok,80.59933969466093,68.73304802793854,143.57115996738625,E29,33,CH2LU RX1,1.0146679550000215,81,143.57115996738625,margin_0.15,,81,68.73304802793854,41.204391617,1.0,2500000,3,scan-hop-39983060d2817b1f,41.204391617,validation,ok,1.0
ok,80.59933969466093,68.73304802793854,143.57115996738625,E29,33,CH2LU RX1,1.0146679550000215,81,143.57115996738625,margin_0.2,,81,68.73304802793854,41.204391617,1.0,2500000,3,scan-hop-39983060d2817b1f,41.204391617,validation,ok,1.0
fewer than four training observations in a source segment,,72.17839151459866,72.9893054135264,E29,33,CH2LU RX1,6.029350753000017,81,72.9893054135264,top_1,,34,27.611337760620753,39.69905955399997,0.41975308641975306,2500000,3,scan-hop-39983060d2817b1f,41.204391617,validation,ok,0.4791666666666667
ok,76.45561953499616,71.1728424438732,77.71230027542866,E29,33,CH2LU RX1,3.0173530839999785,81,77.71230027542866,top_2,,68,27.752445478518652,41.204391617,0.8395061728395061,2500000,3,scan-hop-39983060d2817b1f,41.204391617,validation,ok,0.8541666666666666
ok,80.59933969466093,68.73304802793854,143.57115996738625,E29,33,CH2LU RX1,1.0146679550000215,81,143.57115996738625,top_4,,81,68.73304802793854,41.204391617,1.0,2500000,3,scan-hop-39983060d2817b1f,41.204391617,validation,ok,1.0
ok,79.4674908664222,68.81230572301948,145.78800266451535,E29,33,CH2LU RX1,1.0146679550000215,81,145.78800266451535,bounded_score_weight,,81,68.81230572301948,41.204391617,1.0,2500000,3,scan-hop-39983060d2817b1f,41.204391617,validation,ok,1.0
ok,79.46749086630118,68.81230572306637,145.7880026648264,E29,33,CH2LU RX1,1.0146679550000215,81,145.7880026648264,production_score_weight,,81,68.81230572306637,41.204391617,1.0,2500000,3,scan-hop-39983060d2817b1f,41.204391617,validation,ok,1.0
ok,80.13485628464711,74.64171309819675,117.95125916222295,E29,33,CH2LU RX1,1.0146679550000215,81,127.268355061673,integer_epoch,,81,67.19130729578305,41.204391617,1.0,2500000,3,scan-hop-39983060d2817b1f,41.204391617,validation,ok,1.0
ok,120.38785936530019,110.91299977472909,410.9297201946803,E32,28,CH3LU RX0,1.013387214999966,68,410.9297201946803,baseline,,68,110.91299977472909,34.64656782999998,1.0,2500000,2,scan-hop-39983060d2817b1f,34.64656782999998,validation,ok,1.0
ok,120.38785936530019,110.91299977472909,410.9297201946803,E32,28,CH3LU RX0,1.013387214999966,68,410.9297201946803,margin_0.05,,68,110.91299977472909,34.64656782999998,1.0,2500000,2,scan-hop-39983060d2817b1f,34.64656782999998,validation,ok,1.0
ok,120.38785936530019,110.91299977472909,410.9297201946803,E32,28,CH3LU RX0,1.013387214999966,68,410.9297201946803,margin_0.075,,68,110.91299977472909,34.64656782999998,1.0,2500000,2,scan-hop-39983060d2817b1f,34.64656782999998,validation,ok,1.0
ok,120.38785936530019,110.91299977472909,410.9297201946803,E32,28,CH3LU RX0,1.013387214999966,68,410.9297201946803,margin_0.1,,68,110.91299977472909,34.64656782999998,1.0,2500000,2,scan-hop-39983060d2817b1f,34.64656782999998,validation,ok,1.0
ok,120.38785936530019,110.91299977472909,410.9297201946803,E32,28,CH3LU RX0,1.013387214999966,68,410.9297201946803,margin_0.15,,68,110.91299977472909,34.64656782999998,1.0,2500000,2,scan-hop-39983060d2817b1f,34.64656782999998,validation,ok,1.0
ok,120.38785936530019,110.91299977472909,410.9297201946803,E32,28,CH3LU RX0,1.013387214999966,68,410.9297201946803,margin_0.2,,68,110.91299977472909,34.64656782999998,1.0,2500000,2,scan-hop-39983060d2817b1f,34.64656782999998,validation,ok,1.0
ok,130.81934779004956,123.34860016972785,529.6326501567137,E32,28,CH3LU RX0,9.042242706000025,68,529.6326501567137,top_1,,27,93.47628714107123,31.63192455999996,0.39705882352941174,2500000,2,scan-hop-39983060d2817b1f,34.64656782999998,validation,ok,0.525
ok,117.45402534187865,113.2261740187068,640.9661966466185,E32,28,CH3LU RX0,9.042242706000025,68,640.9661966466185,top_2,,44,87.26024326879977,34.64656782999998,0.6470588235294118,2500000,2,scan-hop-39983060d2817b1f,34.64656782999998,validation,ok,0.675
ok,117.81457043107537,114.417010839812,393.60574389634786,E32,28,CH3LU RX0,4.026325390000011,68,393.60574389634786,top_4,,55,98.66569904871595,34.64656782999998,0.8088235294117647,2500000,2,scan-hop-39983060d2817b1f,34.64656782999998,validation,ok,0.875
ok,120.40545668064816,111.20292360330838,362.9804684418799,E32,28,CH3LU RX0,1.013387214999966,68,362.9804684418799,bounded_score_weight,,68,111.20292360330838,34.64656782999998,1.0,2500000,2,scan-hop-39983060d2817b1f,34.64656782999998,validation,ok,1.0
ok,120.36467507769102,111.24400980575582,359.82148315465446,E32,28,CH3LU RX0,1.013387214999966,68,359.82148315465446,production_score_weight,,68,111.24400980575582,34.64656782999998,1.0,2500000,2,scan-hop-39983060d2817b1f,34.64656782999998,validation,ok,1.0
ok,124.80684712292476,112.73649573665666,592.6336532858523,E32,28,CH3LU RX0,1.013387214999966,68,592.6336532858523,integer_epoch,,68,116.13580965440832,34.64656782999998,1.0,2500000,2,scan-hop-39983060d2817b1f,34.64656782999998,validation,ok,1.0
ok,42.28089799103966,24.71827876304815,310.5230203599482,E05,17,CH4LU RX1,1.0148726529999976,41,310.5230203599482,baseline,,41,24.71827876304815,31.225271565000003,1.0,5000000,2,scan-hop-3d6d3f3c97913ce4,31.225271565000003,validation,ok,1.0
ok,42.28089799103966,24.71827876304815,310.5230203599482,E05,17,CH4LU RX1,1.0148726529999976,41,310.5230203599482,margin_0.05,,41,24.71827876304815,31.225271565000003,1.0,5000000,2,scan-hop-3d6d3f3c97913ce4,31.225271565000003,validation,ok,1.0
ok,42.28089799103966,24.71827876304815,310.5230203599482,E05,17,CH4LU RX1,1.0148726529999976,41,310.5230203599482,margin_0.075,,41,24.71827876304815,31.225271565000003,1.0,5000000,2,scan-hop-3d6d3f3c97913ce4,31.225271565000003,validation,ok,1.0
ok,42.28089799103966,24.71827876304815,310.5230203599482,E05,17,CH4LU RX1,1.0148726529999976,41,310.5230203599482,margin_0.1,,41,24.71827876304815,31.225271565000003,1.0,5000000,2,scan-hop-3d6d3f3c97913ce4,31.225271565000003,validation,ok,1.0
ok,42.28089799103966,24.71827876304815,310.5230203599482,E05,17,CH4LU RX1,1.0148726529999976,41,310.5230203599482,margin_0.15,,41,24.71827876304815,31.225271565000003,1.0,5000000,2,scan-hop-3d6d3f3c97913ce4,31.225271565000003,validation,ok,1.0
ok,42.28089799103966,24.71827876304815,310.5230203599482,E05,17,CH4LU RX1,1.0148726529999976,41,310.5230203599482,margin_0.2,,41,24.71827876304815,31.225271565000003,1.0,5000000,2,scan-hop-3d6d3f3c97913ce4,31.225271565000003,validation,ok,1.0
,,,,E05,17,CH4LU RX1,,41,,top_1,fewer than four training observations in a source segment,25,,,0.6097560975609756,5000000,2,scan-hop-3d6d3f3c97913ce4,31.225271565000003,validation,insufficient_support,0.5416666666666666
ok,42.28089799103966,24.71827876304815,310.5230203599482,E05,17,CH4LU RX1,1.0148726529999976,41,310.5230203599482,top_2,,41,24.71827876304815,31.225271565000003,1.0,5000000,2,scan-hop-3d6d3f3c97913ce4,31.225271565000003,validation,ok,1.0
ok,42.28089799103966,24.71827876304815,310.5230203599482,E05,17,CH4LU RX1,1.0148726529999976,41,310.5230203599482,top_4,,41,24.71827876304815,31.225271565000003,1.0,5000000,2,scan-hop-3d6d3f3c97913ce4,31.225271565000003,validation,ok,1.0
ok,42.73156730060021,24.775980729187403,318.09465838951394,E05,17,CH4LU RX1,1.0148726529999976,41,318.09465838951394,bounded_score_weight,,41,24.775980729187403,31.225271565000003,1.0,5000000,2,scan-hop-3d6d3f3c97913ce4,31.225271565000003,validation,ok,1.0
ok,42.731567300588516,24.7759807291838,318.0946583896833,E05,17,CH4LU RX1,1.0148726529999976,41,318.0946583896833,production_score_weight,,41,24.7759807291838,31.225271565000003,1.0,5000000,2,scan-hop-3d6d3f3c97913ce4,31.225271565000003,validation,ok,1.0
ok,42.28089799103966,24.71827876304815,310.5230203599482,E05,17,CH4LU RX1,1.0148726529999976,41,310.5230203599482,integer_epoch,,41,24.71827876304815,31.225271565000003,1.0,5000000,2,scan-hop-3d6d3f3c97913ce4,31.225271565000003,validation,ok,1.0
ok,131.56594207383026,127.50488208418881,194.51516842390578,E08,72,CH2LU RX0+1,1.0135594660000038,178,194.51516842390578,baseline,,178,127.50488208418881,44.298669016,1.0,5000000,4,scan-hop-3d6d3f3c97913ce4,44.298669016,validation,ok,1.0
ok,131.56594207383026,127.50488208418881,194.51516842390578,E08,72,CH2LU RX0+1,1.0135594660000038,178,194.51516842390578,margin_0.05,,178,127.50488208418881,44.298669016,1.0,5000000,4,scan-hop-3d6d3f3c97913ce4,44.298669016,validation,ok,1.0
ok,131.56594207383026,127.50488208418881,194.51516842390578,E08,72,CH2LU RX0+1,1.0135594660000038,178,194.51516842390578,margin_0.075,,178,127.50488208418881,44.298669016,1.0,5000000,4,scan-hop-3d6d3f3c97913ce4,44.298669016,validation,ok,1.0
ok,131.56594207383026,127.50488208418881,194.51516842390578,E08,72,CH2LU RX0+1,1.0135594660000038,178,194.51516842390578,margin_0.1,,178,127.50488208418881,44.298669016,1.0,5000000,4,scan-hop-3d6d3f3c97913ce4,44.298669016,validation,ok,1.0
ok,131.56594207383026,127.50488208418881,194.51516842390578,E08,72,CH2LU RX0+1,1.0135594660000038,178,194.51516842390578,margin_0.15,,178,127.50488208418881,44.298669016,1.0,5000000,4,scan-hop-3d6d3f3c97913ce4,44.298669016,validation,ok,1.0
ok,131.56594207383026,127.50488208418881,194.51516842390578,E08,72,CH2LU RX0+1,1.0135594660000038,178,194.51516842390578,margin_0.2,,178,127.50488208418881,44.298669016,1.0,5000000,4,scan-hop-3d6d3f3c97913ce4,44.298669016,validation,ok,1.0
ok,136.72775136808718,131.73716270154316,168.63928128436586,E08,72,CH2LU RX0+1,10.066306953000009,178,168.63928128436586,top_1,,75,111.73150195242778,44.298669013,0.42134831460674155,5000000,4,scan-hop-3d6d3f3c97913ce4,44.298669016,validation,ok,0.4339622641509434
ok,134.23370257655182,131.14232357714238,441.7769473456498,E08,72,CH2LU RX0+1,6.041315169000001,178,441.7769473456498,top_2,,121,106.92699381456302,44.298669016,0.6797752808988764,5000000,4,scan-hop-3d6d3f3c97913ce4,44.298669016,validation,ok,0.6698113207547169
ok,132.26175390296976,127.84761469319147,326.41711468256665,E08,72,CH2LU RX0+1,4.024004089999998,178,326.41711468256665,top_4,,156,125.79849042401473,44.298669016,0.8764044943820225,5000000,4,scan-hop-3d6d3f3c97913ce4,44.298669016,validation,ok,0.8773584905660378
ok,131.72252071210866,128.02261444510765,183.1850828822978,E08,72,CH2LU RX0+1,1.0135594660000038,178,183.1850828822978,bounded_score_weight,,178,128.02261444510765,44.298669016,1.0,5000000,4,scan-hop-3d6d3f3c97913ce4,44.298669016,validation,ok,1.0
ok,131.78318582355132,128.14348662079664,192.85809908342648,E08,72,CH2LU RX0+1,1.0135594660000038,178,192.85809908342648,production_score_weight,,178,128.14348662079664,44.298669016,1.0,5000000,4,scan-hop-3d6d3f3c97913ce4,44.298669016,validation,ok,1.0
ok,131.1961153587996,128.88748578635307,682.051072356889,E08,72,CH2LU RX0+1,1.0135594660000038,178,684.1752074806051,integer_epoch,,178,132.1188974503183,44.298669016,1.0,5000000,4,scan-hop-3d6d3f3c97913ce4,44.298669016,validation,ok,1.0
ok,66.07906956838302,57.00117166628312,78.37120567095997,E11,32,CH1LU RX1,1.0133331500000082,76,78.37120567095997,baseline,,76,57.00117166628312,38.237320564,1.0,5000000,3,scan-hop-3d6d3f3c97913ce4,38.237320564,validation,ok,1.0
ok,66.07906956838302,57.00117166628312,78.37120567095997,E11,32,CH1LU RX1,1.0133331500000082,76,78.37120567095997,margin_0.05,,76,57.00117166628312,38.237320564,1.0,5000000,3,scan-hop-3d6d3f3c97913ce4,38.237320564,validation,ok,1.0
ok,66.07906956838302,57.00117166628312,78.37120567095997,E11,32,CH1LU RX1,1.0133331500000082,76,78.37120567095997,margin_0.075,,76,57.00117166628312,38.237320564,1.0,5000000,3,scan-hop-3d6d3f3c97913ce4,38.237320564,validation,ok,1.0
ok,66.07906956838302,57.00117166628312,78.37120567095997,E11,32,CH1LU RX1,1.0133331500000082,76,78.37120567095997,margin_0.1,,76,57.00117166628312,38.237320564,1.0,5000000,3,scan-hop-3d6d3f3c97913ce4,38.237320564,validation,ok,1.0
ok,66.07906956838302,57.00117166628312,78.37120567095997,E11,32,CH1LU RX1,1.0133331500000082,76,78.37120567095997,margin_0.15,,76,57.00117166628312,38.237320564,1.0,5000000,3,scan-hop-3d6d3f3c97913ce4,38.237320564,validation,ok,1.0
ok,66.07906956838302,57.00117166628312,78.37120567095997,E11,32,CH1LU RX1,1.0133331500000082,76,78.37120567095997,margin_0.2,,76,57.00117166628312,38.237320564,1.0,5000000,3,scan-hop-3d6d3f3c97913ce4,38.237320564,validation,ok,1.0
fewer than four training observations in a source segment,,66.85131568040313,145.83738933204106,E11,32,CH1LU RX1,5.038666667000001,76,145.83738933204106,top_1,,39,27.728407068518415,38.237320564,0.5131578947368421,5000000,3,scan-hop-3d6d3f3c97913ce4,38.237320564,validation,ok,0.5454545454545454
ok,69.49495099641287,63.771007354236644,98.52126256157719,E11,32,CH1LU RX1,3.021236971999997,76,98.52126256157719,top_2,,68,27.577358347263083,38.237320564,0.8947368421052632,5000000,3,scan-hop-3d6d3f3c97913ce4,38.237320564,validation,ok,0.8636363636363636
ok,66.07906956838302,57.00117166628312,78.37120567095997,E11,32,CH1LU RX1,1.0133331500000082,76,78.37120567095997,top_4,,76,57.00117166628312,38.237320564,1.0,5000000,3,scan-hop-3d6d3f3c97913ce4,38.237320564,validation,ok,1.0
ok,66.13871918314257,57.053505665265384,119.2329338837544,E11,32,CH1LU RX1,1.0133331500000082,76,119.2329338837544,bounded_score_weight,,76,57.053505665265384,38.237320564,1.0,5000000,3,scan-hop-3d6d3f3c97913ce4,38.237320564,validation,ok,1.0
ok,66.12781157136256,57.055821792543874,119.46842790323193,E11,32,CH1LU RX1,1.0133331500000082,76,119.46842790323193,production_score_weight,,76,57.055821792543874,38.237320564,1.0,5000000,3,scan-hop-3d6d3f3c97913ce4,38.237320564,validation,ok,1.0
ok,69.34685374857996,58.3235159144514,78.37120567095997,E11,32,CH1LU RX1,1.0133331500000082,76,106.75198051829082,integer_epoch,,76,66.37834011907096,38.237320564,1.0,5000000,3,scan-hop-3d6d3f3c97913ce4,38.237320564,validation,ok,1.0
ok,135.06773099775765,123.87595180619186,979.3460642857666,E19,63,CH3LU RX0+1,1.0147907119999786,156,979.3460642857666,baseline,,156,123.87595180619186,44.79972870899999,1.0,5000000,4,scan-hop-3d6d3f3c97913ce4,44.79972870899999,validation,ok,1.0
ok,135.06773099775765,123.87595180619186,979.3460642857666,E19,63,CH3LU RX0+1,1.0147907119999786,156,979.3460642857666,margin_0.05,,156,123.87595180619186,44.79972870899999,1.0,5000000,4,scan-hop-3d6d3f3c97913ce4,44.79972870899999,validation,ok,1.0
ok,135.06773099775765,123.87595180619186,979.3460642857666,E19,63,CH3LU RX0+1,1.0147907119999786,156,979.3460642857666,margin_0.075,,156,123.87595180619186,44.79972870899999,1.0,5000000,4,scan-hop-3d6d3f3c97913ce4,44.79972870899999,validation,ok,1.0
ok,134.52421819936438,124.4173892697532,895.3113486336572,E19,63,CH3LU RX0+1,4.023642424000002,156,895.3113486336572,margin_0.1,,153,119.42865086244244,44.79972870899999,0.9807692307692307,5000000,4,scan-hop-3d6d3f3c97913ce4,44.79972870899999,validation,ok,0.967741935483871
ok,134.18698856779508,125.2858149554558,854.8351288097899,E19,63,CH3LU RX0+1,1.0147907119999786,156,854.8351288097899,margin_0.15,,152,117.64651084352222,44.79972870899999,0.9743589743589743,5000000,4,scan-hop-3d6d3f3c97913ce4,44.79972870899999,validation,ok,0.956989247311828
ok,136.49068186890955,127.65634056517857,803.2317019373284,E19,63,CH3LU RX0+1,2.0133442590000072,156,803.2317019373284,margin_0.2,,149,114.49650442294279,44.79972870899999,0.9551282051282052,5000000,4,scan-hop-3d6d3f3c97913ce4,44.79972870899999,validation,ok,0.9247311827956989
ok,155.10963031309055,133.4157053611061,751.1955648271688,E19,63,CH3LU RX0+1,15.103624109000009,156,751.1955648271688,top_1,,65,121.41455548283166,44.79972870899999,0.4166666666666667,5000000,4,scan-hop-3d6d3f3c97913ce4,44.79972870899999,validation,ok,0.4838709677419355
ok,137.61024281408464,127.36453569274398,1015.8784863112431,E19,63,CH3LU RX0+1,9.070232000999994,156,1015.8784863112431,top_2,,108,99.69387627862535,44.79972870899999,0.6923076923076923,5000000,4,scan-hop-3d6d3f3c97913ce4,44.79972870899999,validation,ok,0.7096774193548387
ok,135.0312276138545,124.94100430132002,878.759965202886,E19,63,CH3LU RX0+1,6.048006670000007,156,878.759965202886,top_4,,139,118.45267523110515,44.79972870899999,0.8910256410256411,5000000,4,scan-hop-3d6d3f3c97913ce4,44.79972870899999,validation,ok,0.8924731182795699
ok,134.72890011816136,125.28443748241628,845.4023770507141,E19,63,CH3LU RX0+1,1.0147907119999786,156,845.4023770507141,bounded_score_weight,,156,125.28443748241628,44.79972870899999,1.0,5000000,4,scan-hop-3d6d3f3c97913ce4,44.79972870899999,validation,ok,1.0
ok,135.83155705107268,127.29069230308062,766.0764574185893,E19,63,CH3LU RX0+1,1.0147907119999786,156,766.0764574185893,production_score_weight,,156,127.29069230308062,44.79972870899999,1.0,5000000,4,scan-hop-3d6d3f3c97913ce4,44.79972870899999,validation,ok,1.0
ok,136.31194789775267,124.08082060030533,1208.0164705638401,E19,63,CH3LU RX0+1,1.0147907119999786,156,1209.3415877972186,integer_epoch,,156,130.82673344492395,44.79972870899999,1.0,5000000,4,scan-hop-3d6d3f3c97913ce4,44.79972870899999,validation,ok,1.0
ok,160.89628002347285,147.53818768066242,1152.032967301768,E20,48,CH2LU RX0+1,1.0146614870000121,117,1152.032967301768,baseline,,117,147.53818768066242,42.27873866099998,1.0,5000000,3,scan-hop-3d6d3f3c97913ce4,42.27873866099998,validation,ok,1.0
ok,160.89628002347285,147.53818768066242,1152.032967301768,E20,48,CH2LU RX0+1,1.0146614870000121,117,1152.032967301768,margin_0.05,,117,147.53818768066242,42.27873866099998,1.0,5000000,3,scan-hop-3d6d3f3c97913ce4,42.27873866099998,validation,ok,1.0
ok,160.89628002347285,147.53818768066242,1152.032967301768,E20,48,CH2LU RX0+1,1.0146614870000121,117,1152.032967301768,margin_0.075,,117,147.53818768066242,42.27873866099998,1.0,5000000,3,scan-hop-3d6d3f3c97913ce4,42.27873866099998,validation,ok,1.0
ok,157.56505989461033,150.05423859599335,775.4896581697903,E20,48,CH2LU RX0+1,1.0146614870000121,117,775.4896581697903,margin_0.1,,114,137.03131231926614,42.27873866099998,0.9743589743589743,5000000,3,scan-hop-3d6d3f3c97913ce4,42.27873866099998,validation,ok,0.9565217391304348
ok,157.56505989461033,150.05423859599335,775.4896581697903,E20,48,CH2LU RX0+1,1.0146614870000121,117,775.4896581697903,margin_0.15,,114,137.03131231926614,42.27873866099998,0.9743589743589743,5000000,3,scan-hop-3d6d3f3c97913ce4,42.27873866099998,validation,ok,0.9565217391304348
ok,157.7509974017427,150.60500683680831,771.0894486133625,E20,48,CH2LU RX0+1,1.0146614870000121,117,771.0894486133625,margin_0.2,,113,137.19799808573123,42.27873866099998,0.9658119658119658,5000000,3,scan-hop-3d6d3f3c97913ce4,42.27873866099998,validation,ok,0.9420289855072463
ok,187.3658611978522,166.6942128539383,397.9714709850258,E20,48,CH2LU RX0+1,14.096299387999977,117,397.9714709850258,top_1,,42,121.15533923100247,38.256024177,0.358974358974359,5000000,3,scan-hop-3d6d3f3c97913ce4,42.27873866099998,validation,ok,0.37681159420289856
ok,174.6632018397145,157.45834954257856,959.1695946814151,E20,48,CH2LU RX0+1,7.046678029999981,117,959.1695946814151,top_2,,67,135.91548200898535,40.770710917,0.5726495726495726,5000000,3,scan-hop-3d6d3f3c97913ce4,42.27873866099998,validation,ok,0.6086956521739131
ok,163.05891085636375,148.02508150254315,1075.4721953148155,E20,48,CH2LU RX0+1,4.022690370000021,117,1075.4721953148155,top_4,,99,145.27005570740414,42.27873866099998,0.8461538461538461,5000000,3,scan-hop-3d6d3f3c97913ce4,42.27873866099998,validation,ok,0.8405797101449275
ok,159.5671308983938,149.02225965724412,910.303570181018,E20,48,CH2LU RX0+1,1.0146614870000121,117,910.303570181018,bounded_score_weight,,117,149.02225965724412,42.27873866099998,1.0,5000000,3,scan-hop-3d6d3f3c97913ce4,42.27873866099998,validation,ok,1.0
ok,159.2314025607282,151.2972936859977,726.186058010292,E20,48,CH2LU RX0+1,1.0146614870000121,117,726.186058010292,production_score_weight,,117,151.2972936859977,42.27873866099998,1.0,5000000,3,scan-hop-3d6d3f3c97913ce4,42.27873866099998,validation,ok,1.0
ok,158.90768061519975,148.58611066599582,1305.2995639186702,E20,48,CH2LU RX0+1,1.0146614870000121,117,1305.2995639186702,integer_epoch,,117,148.8597991444792,42.27873866099998,1.0,5000000,3,scan-hop-3d6d3f3c97913ce4,42.27873866099998,validation,ok,1.0
ok,72.82250794751403,60.07117926903886,172.94512083904263,E23,30,CH1LU RX1,1.0146622909999792,74,172.94512083904263,baseline,,74,60.07117926903886,44.77676098700002,1.0,5000000,2,scan-hop-3d6d3f3c97913ce4,44.77676098700002,validation,ok,1.0
ok,72.82250794751403,60.07117926903886,172.94512083904263,E23,30,CH1LU RX1,1.0146622909999792,74,172.94512083904263,margin_0.05,,74,60.07117926903886,44.77676098700002,1.0,5000000,2,scan-hop-3d6d3f3c97913ce4,44.77676098700002,validation,ok,1.0
ok,72.82250794751403,60.07117926903886,172.94512083904263,E23,30,CH1LU RX1,1.0146622909999792,74,172.94512083904263,margin_0.075,,74,60.07117926903886,44.77676098700002,1.0,5000000,2,scan-hop-3d6d3f3c97913ce4,44.77676098700002,validation,ok,1.0
ok,72.82250794751403,60.07117926903886,172.94512083904263,E23,30,CH1LU RX1,1.0146622909999792,74,172.94512083904263,margin_0.1,,74,60.07117926903886,44.77676098700002,1.0,5000000,2,scan-hop-3d6d3f3c97913ce4,44.77676098700002,validation,ok,1.0
ok,72.82250794751403,60.07117926903886,172.94512083904263,E23,30,CH1LU RX1,1.0146622909999792,74,172.94512083904263,margin_0.15,,74,60.07117926903886,44.77676098700002,1.0,5000000,2,scan-hop-3d6d3f3c97913ce4,44.77676098700002,validation,ok,1.0
ok,72.82250794751403,60.07117926903886,172.94512083904263,E23,30,CH1LU RX1,1.0146622909999792,74,172.94512083904263,margin_0.2,,74,60.07117926903886,44.77676098700002,1.0,5000000,2,scan-hop-3d6d3f3c97913ce4,44.77676098700002,validation,ok,1.0
,,,,E23,30,CH1LU RX1,,74,,top_1,fewer than four training observations in a source segment,30,,,0.40540540540540543,5000000,2,scan-hop-3d6d3f3c97913ce4,44.77676098700002,validation,insufficient_support,0.2727272727272727
ok,68.18464604696743,60.71240914054968,472.79815846633977,E23,30,CH1LU RX1,4.029324472999974,74,472.79815846633977,top_2,,62,28.81748348966679,44.77676098700002,0.8378378378378378,5000000,2,scan-hop-3d6d3f3c97913ce4,44.77676098700002,validation,ok,0.7727272727272727
ok,73.86517872292723,60.49885245926492,235.0415406837926,E23,30,CH1LU RX1,2.010666307000008,74,235.0415406837926,top_4,,73,50.79628691998842,44.77676098700002,0.9864864864864865,5000000,2,scan-hop-3d6d3f3c97913ce4,44.77676098700002,validation,ok,0.9772727272727273
ok,73.31990782700544,60.106669215722384,191.29046706601048,E23,30,CH1LU RX1,1.0146622909999792,74,191.29046706601048,bounded_score_weight,,74,60.106669215722384,44.77676098700002,1.0,5000000,2,scan-hop-3d6d3f3c97913ce4,44.77676098700002,validation,ok,1.0
ok,73.31990782704877,60.10666921572624,191.29046706653668,E23,30,CH1LU RX1,1.0146622909999792,74,191.29046706653668,production_score_weight,,74,60.10666921572624,44.77676098700002,1.0,5000000,2,scan-hop-3d6d3f3c97913ce4,44.77676098700002,validation,ok,1.0
ok,72.82250794751403,60.07117926903886,172.94512083904263,E23,30,CH1LU RX1,1.0146622909999792,74,172.94512083904263,integer_epoch,,74,60.07117926903886,44.77676098700002,1.0,5000000,2,scan-hop-3d6d3f3c97913ce4,44.77676098700002,validation,ok,1.0
ok,132.428743181603,123.40005154030356,145.39511777443116,E24,48,CH2LU RX0+1,1.0146658070000285,117,145.39511777443116,baseline,,117,123.40005154030356,33.20276593199998,1.0,5000000,4,scan-hop-3d6d3f3c97913ce4,33.20276593199998,validation,ok,1.0
ok,132.428743181603,123.40005154030356,145.39511777443116,E24,48,CH2LU RX0+1,1.0146658070000285,117,145.39511777443116,margin_0.05,,117,123.40005154030356,33.20276593199998,1.0,5000000,4,scan-hop-3d6d3f3c97913ce4,33.20276593199998,validation,ok,1.0
ok,132.428743181603,123.40005154030356,145.39511777443116,E24,48,CH2LU RX0+1,1.0146658070000285,117,145.39511777443116,margin_0.075,,117,123.40005154030356,33.20276593199998,1.0,5000000,4,scan-hop-3d6d3f3c97913ce4,33.20276593199998,validation,ok,1.0
ok,132.428743181603,123.40005154030356,145.39511777443116,E24,48,CH2LU RX0+1,1.0146658070000285,117,145.39511777443116,margin_0.1,,117,123.40005154030356,33.20276593199998,1.0,5000000,4,scan-hop-3d6d3f3c97913ce4,33.20276593199998,validation,ok,1.0
ok,132.428743181603,123.40005154030356,145.39511777443116,E24,48,CH2LU RX0+1,1.0146658070000285,117,145.39511777443116,margin_0.15,,117,123.40005154030356,33.20276593199998,1.0,5000000,4,scan-hop-3d6d3f3c97913ce4,33.20276593199998,validation,ok,1.0
ok,134.86766658366153,123.65054472056433,184.02213036998728,E24,48,CH2LU RX0+1,2.0186694310000064,117,184.02213036998728,margin_0.2,,113,120.74101131110667,33.20276593199998,0.9658119658119658,5000000,4,scan-hop-3d6d3f3c97913ce4,33.20276593199998,validation,ok,0.9565217391304348
fewer than four training observations in a source segment,,142.67741859954648,804.4550965788709,E24,48,CH2LU RX0+1,11.072883486000023,117,804.4550965788709,top_1,,36,111.63338025869156,29.173436810999988,0.3076923076923077,5000000,4,scan-hop-3d6d3f3c97913ce4,33.20276593199998,validation,ok,0.37681159420289856
ok,135.27146791718764,130.0644290053556,246.8180537965584,E24,48,CH2LU RX0+1,5.036014855000019,117,246.8180537965584,top_2,,62,100.68724445688126,29.67477006400003,0.5299145299145299,5000000,4,scan-hop-3d6d3f3c97913ce4,33.20276593199998,validation,ok,0.6521739130434783
ok,133.17585296640866,124.05507948662039,179.11284877177448,E24,48,CH2LU RX0+1,3.0208649930000036,117,179.11284877177448,top_4,,102,114.88099552997645,33.20276593199998,0.8717948717948718,5000000,4,scan-hop-3d6d3f3c97913ce4,33.20276593199998,validation,ok,0.8985507246376812
ok,133.41299645548767,123.55794322846876,194.75437978501535,E24,48,CH2LU RX0+1,1.0146658070000285,117,194.75437978501535,bounded_score_weight,,117,123.55794322846876,33.20276593199998,1.0,5000000,4,scan-hop-3d6d3f3c97913ce4,33.20276593199998,validation,ok,1.0
ok,133.96666571179182,123.5324939974751,219.61131733243707,E24,48,CH2LU RX0+1,1.0146658070000285,117,219.61131733243707,production_score_weight,,117,123.5324939974751,33.20276593199998,1.0,5000000,4,scan-hop-3d6d3f3c97913ce4,33.20276593199998,validation,ok,1.0
ok,134.1038747186142,123.73292456172106,145.39511777443116,E24,48,CH2LU RX0+1,1.0146658070000285,117,151.737997143302,integer_epoch,,117,127.74069292322281,33.20276593199998,1.0,5000000,4,scan-hop-3d6d3f3c97913ce4,33.20276593199998,validation,ok,1.0
ok,130.2278648521197,105.13960265675665,897.9310961426331,E01,17,CH2LU RX1,1.014667510999999,40,897.9310961426331,baseline,,40,105.13960265675665,30.134786845,1.0,2500000,2,scan-hop-28f495bb5ef5a99a,30.134786845,validation,ok,1.0
ok,130.2278648521197,105.13960265675665,897.9310961426331,E01,17,CH2LU RX1,1.014667510999999,40,897.9310961426331,margin_0.05,,40,105.13960265675665,30.134786845,1.0,2500000,2,scan-hop-28f495bb5ef5a99a,30.134786845,validation,ok,1.0
ok,130.2278648521197,105.13960265675665,897.9310961426331,E01,17,CH2LU RX1,1.014667510999999,40,897.9310961426331,margin_0.075,,40,105.13960265675665,30.134786845,1.0,2500000,2,scan-hop-28f495bb5ef5a99a,30.134786845,validation,ok,1.0
ok,130.2278648521197,105.13960265675665,897.9310961426331,E01,17,CH2LU RX1,1.014667510999999,40,897.9310961426331,margin_0.1,,40,105.13960265675665,30.134786845,1.0,2500000,2,scan-hop-28f495bb5ef5a99a,30.134786845,validation,ok,1.0
ok,130.2278648521197,105.13960265675665,897.9310961426331,E01,17,CH2LU RX1,1.014667510999999,40,897.9310961426331,margin_0.15,,40,105.13960265675665,30.134786845,1.0,2500000,2,scan-hop-28f495bb5ef5a99a,30.134786845,validation,ok,1.0
ok,130.2278648521197,105.13960265675665,897.9310961426331,E01,17,CH2LU RX1,1.014667510999999,40,897.9310961426331,margin_0.2,,40,105.13960265675665,30.134786845,1.0,2500000,2,scan-hop-28f495bb5ef5a99a,30.134786845,validation,ok,1.0
ok,121.86062964310445,105.46710464482692,1177.8560825077107,E01,17,CH2LU RX1,4.024002617000001,40,1177.8560825077107,top_1,,27,81.92411659477425,30.134786845,0.675,2500000,2,scan-hop-28f495bb5ef5a99a,30.134786845,validation,ok,0.8260869565217391
ok,122.39484422016372,106.54509917476318,897.9310961426331,E01,17,CH2LU RX1,2.017335360000004,40,897.9310961426331,top_2,,39,91.30967704324132,30.134786845,0.975,2500000,2,scan-hop-28f495bb5ef5a99a,30.134786845,validation,ok,1.0
ok,130.2278648521197,105.13960265675665,897.9310961426331,E01,17,CH2LU RX1,1.014667510999999,40,897.9310961426331,top_4,,40,105.13960265675665,30.134786845,1.0,2500000,2,scan-hop-28f495bb5ef5a99a,30.134786845,validation,ok,1.0
ok,131.97360421805402,105.2207799380892,1005.3105382564976,E01,17,CH2LU RX1,1.014667510999999,40,1005.3105382564976,bounded_score_weight,,40,105.2207799380892,30.134786845,1.0,2500000,2,scan-hop-28f495bb5ef5a99a,30.134786845,validation,ok,1.0
ok,131.97360421804964,105.22077993808914,1005.310538256396,E01,17,CH2LU RX1,1.014667510999999,40,1005.310538256396,production_score_weight,,40,105.22077993808914,30.134786845,1.0,2500000,2,scan-hop-28f495bb5ef5a99a,30.134786845,validation,ok,1.0
ok,130.2278648521197,105.13960265675665,897.9310961426331,E01,17,CH2LU RX1,1.014667510999999,40,897.9310961426331,integer_epoch,,40,105.13960265675665,30.134786845,1.0,2500000,2,scan-hop-28f495bb5ef5a99a,30.134786845,validation,ok,1.0
ok,266.9688001757516,224.4773230298553,582.6269205911453,E02,46,CH3LU RX0+1,1.0173328179999999,111,582.6269205911453,baseline,,111,224.4773230298553,31.139970665,1.0,2500000,4,scan-hop-28f495bb5ef5a99a,31.139970665,validation,ok,1.0
ok,266.9688001757516,224.4773230298553,582.6269205911453,E02,46,CH3LU RX0+1,1.0173328179999999,111,582.6269205911453,margin_0.05,,111,224.4773230298553,31.139970665,1.0,2500000,4,scan-hop-28f495bb5ef5a99a,31.139970665,validation,ok,1.0
ok,266.9688001757516,224.4773230298553,582.6269205911453,E02,46,CH3LU RX0+1,1.0173328179999999,111,582.6269205911453,margin_0.075,,111,224.4773230298553,31.139970665,1.0,2500000,4,scan-hop-28f495bb5ef5a99a,31.139970665,validation,ok,1.0
ok,266.9688001757516,224.4773230298553,582.6269205911453,E02,46,CH3LU RX0+1,1.0173328179999999,111,582.6269205911453,margin_0.1,,111,224.4773230298553,31.139970665,1.0,2500000,4,scan-hop-28f495bb5ef5a99a,31.139970665,validation,ok,1.0
ok,266.9688001757516,224.4773230298553,582.6269205911453,E02,46,CH3LU RX0+1,1.0173328179999999,111,582.6269205911453,margin_0.15,,111,224.4773230298553,31.139970665,1.0,2500000,4,scan-hop-28f495bb5ef5a99a,31.139970665,validation,ok,1.0
ok,279.44729587153415,225.10175845355263,764.6545106959525,E02,46,CH3LU RX0+1,3.012400967000005,111,764.6545106959525,margin_0.2,,108,223.79908252987943,31.139970665,0.972972972972973,2500000,4,scan-hop-28f495bb5ef5a99a,31.139970665,validation,ok,0.9538461538461539
,,,,E02,46,CH3LU RX0+1,,111,,top_1,fewer than four training observations in a source segment,50,,,0.45045045045045046,2500000,4,scan-hop-28f495bb5ef5a99a,31.139970665,validation,insufficient_support,0.4
ok,287.740004628952,231.3641771831491,605.6882246489821,E02,46,CH3LU RX0+1,7.043572013999999,111,605.6882246489821,top_2,,82,235.9507936130761,31.139970665,0.7387387387387387,2500000,4,scan-hop-28f495bb5ef5a99a,31.139970665,validation,ok,0.6923076923076923
ok,267.5842188918842,226.6020709273824,383.3305044128556,E02,46,CH3LU RX0+1,7.043572013999999,111,383.3305044128556,top_4,,95,233.05851462667724,31.139970665,0.8558558558558559,2500000,4,scan-hop-28f495bb5ef5a99a,31.139970665,validation,ok,0.8461538461538461
ok,246.39486809332973,225.6706794190441,421.9454484143299,E02,46,CH3LU RX0+1,1.0173328179999999,111,421.9454484143299,bounded_score_weight,,111,225.6706794190441,31.139970665,1.0,2500000,4,scan-hop-28f495bb5ef5a99a,31.139970665,validation,ok,1.0
ok,242.92622632995338,226.31041383884923,402.59168536954655,E02,46,CH3LU RX0+1,1.0173328179999999,111,402.59168536954655,production_score_weight,,111,226.31041383884923,31.139970665,1.0,2500000,4,scan-hop-28f495bb5ef5a99a,31.139970665,validation,ok,1.0
ok,268.4836430289922,225.42835936725928,589.503532247314,E02,46,CH3LU RX0+1,1.0173328179999999,111,589.503532247314,integer_epoch,,111,224.527305529491,31.139970665,1.0,2500000,4,scan-hop-28f495bb5ef5a99a,31.139970665,validation,ok,1.0
ok,149.14136416220003,138.6977538062737,162.96534611533426,E06,39,CH2LU RX0+1,1.0189788929999963,95,162.96534611533426,baseline,,95,138.6977538062737,34.693405135999996,1.0,2500000,4,scan-hop-28f495bb5ef5a99a,34.693405135999996,validation,ok,1.0
ok,149.14136416220003,138.6977538062737,162.96534611533426,E06,39,CH2LU RX0+1,1.0189788929999963,95,162.96534611533426,margin_0.05,,95,138.6977538062737,34.693405135999996,1.0,2500000,4,scan-hop-28f495bb5ef5a99a,34.693405135999996,validation,ok,1.0
ok,149.14136416220003,138.6977538062737,162.96534611533426,E06,39,CH2LU RX0+1,1.0189788929999963,95,162.96534611533426,margin_0.075,,95,138.6977538062737,34.693405135999996,1.0,2500000,4,scan-hop-28f495bb5ef5a99a,34.693405135999996,validation,ok,1.0
ok,150.60956013145147,140.24205604719683,133.2018767919467,E06,39,CH2LU RX0+1,1.0189788929999963,95,133.2018767919467,margin_0.1,,93,137.25646917309447,34.189401487,0.9789473684210527,2500000,4,scan-hop-28f495bb5ef5a99a,34.693405135999996,validation,ok,0.9642857142857143
ok,150.60956013145147,140.24205604719683,133.2018767919467,E06,39,CH2LU RX0+1,1.0189788929999963,95,133.2018767919467,margin_0.15,,93,137.25646917309447,34.189401487,0.9789473684210527,2500000,4,scan-hop-28f495bb5ef5a99a,34.693405135999996,validation,ok,0.9642857142857143
ok,152.20581883479585,141.1018456316137,136.64642604347776,E06,39,CH2LU RX0+1,2.016011702,95,136.64642604347776,margin_0.2,,90,136.39654150945586,34.189401487,0.9473684210526315,2500000,4,scan-hop-28f495bb5ef5a99a,34.693405135999996,validation,ok,0.9107142857142857
,,,,E06,39,CH2LU RX0+1,,95,,top_1,fewer than four training observations in a source segment,42,,,0.4421052631578947,2500000,4,scan-hop-28f495bb5ef5a99a,34.693405135999996,validation,insufficient_support,0.44642857142857145
ok,163.960468332252,142.5790873109814,133.271489262093,E06,39,CH2LU RX0+1,7.034379958000002,95,133.271489262093,top_2,,72,129.87726657690177,34.693405135999996,0.7578947368421053,2500000,4,scan-hop-28f495bb5ef5a99a,34.693405135999996,validation,ok,0.6964285714285714
ok,153.67967132431022,139.03300590473344,201.42001066932642,E06,39,CH2LU RX0+1,3.011948763999996,95,201.42001066932642,top_4,,82,139.75581777209825,34.693405135999996,0.8631578947368421,2500000,4,scan-hop-28f495bb5ef5a99a,34.693405135999996,validation,ok,0.8214285714285714
ok,151.12690710863308,140.49462800886556,150.81059042287922,E06,39,CH2LU RX0+1,1.0189788929999963,95,150.81059042287922,bounded_score_weight,,95,140.49462800886556,34.693405135999996,1.0,2500000,4,scan-hop-28f495bb5ef5a99a,34.693405135999996,validation,ok,1.0
ok,151.99325105041612,141.13912452347216,141.67629144176166,E06,39,CH2LU RX0+1,1.0189788929999963,95,141.67629144176166,production_score_weight,,95,141.13912452347216,34.693405135999996,1.0,2500000,4,scan-hop-28f495bb5ef5a99a,34.693405135999996,validation,ok,1.0
ok,146.68325242537153,141.88806359608816,136.66163326525708,E06,39,CH2LU RX0+1,1.0189788929999963,95,127.57035199096264,integer_epoch,,95,132.66871516031276,34.693405135999996,1.0,2500000,4,scan-hop-28f495bb5ef5a99a,34.693405135999996,validation,ok,1.0
ok,69.95777239178034,64.78905309818694,921.3502819968487,E13,44,CH2LU RX0+1,1.0106668090000142,107,921.3502819968487,baseline,,107,64.78905309818694,47.19589714900002,1.0,2500000,3,scan-hop-28f495bb5ef5a99a,47.19589714900002,validation,ok,1.0
ok,69.95777239178034,64.78905309818694,921.3502819968487,E13,44,CH2LU RX0+1,1.0106668090000142,107,921.3502819968487,margin_0.05,,107,64.78905309818694,47.19589714900002,1.0,2500000,3,scan-hop-28f495bb5ef5a99a,47.19589714900002,validation,ok,1.0
ok,69.95777239178034,64.78905309818694,921.3502819968487,E13,44,CH2LU RX0+1,1.0106668090000142,107,921.3502819968487,margin_0.075,,107,64.78905309818694,47.19589714900002,1.0,2500000,3,scan-hop-28f495bb5ef5a99a,47.19589714900002,validation,ok,1.0
ok,69.95777239178034,64.78905309818694,921.3502819968487,E13,44,CH2LU RX0+1,1.0106668090000142,107,921.3502819968487,margin_0.1,,107,64.78905309818694,47.19589714900002,1.0,2500000,3,scan-hop-28f495bb5ef5a99a,47.19589714900002,validation,ok,1.0
ok,69.95777239178034,64.78905309818694,921.3502819968487,E13,44,CH2LU RX0+1,1.0106668090000142,107,921.3502819968487,margin_0.15,,107,64.78905309818694,47.19589714900002,1.0,2500000,3,scan-hop-28f495bb5ef5a99a,47.19589714900002,validation,ok,1.0
ok,69.95777239178034,64.78905309818694,921.3502819968487,E13,44,CH2LU RX0+1,1.0106668090000142,107,921.3502819968487,margin_0.2,,107,64.78905309818694,47.19589714900002,1.0,2500000,3,scan-hop-28f495bb5ef5a99a,47.19589714900002,validation,ok,1.0
,,,,E13,44,CH2LU RX0+1,,107,,top_1,fewer than four training observations in a source segment,52,,,0.48598130841121495,2500000,3,scan-hop-28f495bb5ef5a99a,47.19589714900002,validation,insufficient_support,0.5555555555555556
,,,,E13,44,CH2LU RX0+1,,107,,top_2,fewer than four training observations in a source segment,92,,,0.8598130841121495,2500000,3,scan-hop-28f495bb5ef5a99a,47.19589714900002,validation,insufficient_support,0.9047619047619048
ok,72.7581611162821,66.50985916988256,1217.9487410698089,E13,44,CH2LU RX0+1,4.014419468,107,1217.9487410698089,top_4,,101,51.673558943038984,47.19589714900002,0.9439252336448598,2500000,3,scan-hop-28f495bb5ef5a99a,47.19589714900002,validation,ok,0.9523809523809523
ok,70.11392765502622,64.92499881546085,935.3417556461802,E13,44,CH2LU RX0+1,1.0106668090000142,107,935.3417556461802,bounded_score_weight,,107,64.92499881546085,47.19589714900002,1.0,2500000,3,scan-hop-28f495bb5ef5a99a,47.19589714900002,validation,ok,1.0
ok,70.13011926131247,64.96588615910642,931.4849984997129,E13,44,CH2LU RX0+1,1.0106668090000142,107,931.4849984997129,production_score_weight,,107,64.96588615910642,47.19589714900002,1.0,2500000,3,scan-hop-28f495bb5ef5a99a,47.19589714900002,validation,ok,1.0
ok,70.93388273021881,66.01715141453329,1418.3766463498996,E13,44,CH2LU RX0+1,1.0106668090000142,107,1418.3766463498996,integer_epoch,,107,71.96783832756425,47.19589714900002,1.0,2500000,3,scan-hop-28f495bb5ef5a99a,47.19589714900002,validation,ok,1.0
ok,106.25911056042568,77.787767749173,201.3043220332354,E17,26,CH4LU RX1,1.0202013550000117,61,201.3043220332354,baseline,,61,77.787767749173,32.66987182799997,1.0,2500000,2,scan-hop-28f495bb5ef5a99a,32.66987182799997,validation,ok,1.0
ok,106.25911056042568,77.787767749173,201.3043220332354,E17,26,CH4LU RX1,1.0202013550000117,61,201.3043220332354,margin_0.05,,61,77.787767749173,32.66987182799997,1.0,2500000,2,scan-hop-28f495bb5ef5a99a,32.66987182799997,validation,ok,1.0
ok,106.25911056042568,77.787767749173,201.3043220332354,E17,26,CH4LU RX1,1.0202013550000117,61,201.3043220332354,margin_0.075,,61,77.787767749173,32.66987182799997,1.0,2500000,2,scan-hop-28f495bb5ef5a99a,32.66987182799997,validation,ok,1.0
ok,106.25911056042568,77.787767749173,201.3043220332354,E17,26,CH4LU RX1,1.0202013550000117,61,201.3043220332354,margin_0.1,,61,77.787767749173,32.66987182799997,1.0,2500000,2,scan-hop-28f495bb5ef5a99a,32.66987182799997,validation,ok,1.0
ok,106.25911056042568,77.787767749173,201.3043220332354,E17,26,CH4LU RX1,1.0202013550000117,61,201.3043220332354,margin_0.15,,61,77.787767749173,32.66987182799997,1.0,2500000,2,scan-hop-28f495bb5ef5a99a,32.66987182799997,validation,ok,1.0
ok,106.25911056042568,77.787767749173,201.3043220332354,E17,26,CH4LU RX1,1.0202013550000117,61,201.3043220332354,margin_0.2,,61,77.787767749173,32.66987182799997,1.0,2500000,2,scan-hop-28f495bb5ef5a99a,32.66987182799997,validation,ok,1.0
ok,84.77994826102264,82.45735726286958,108.47542976831262,E17,26,CH4LU RX1,8.032003912999983,61,108.47542976831262,top_1,,23,17.93650193402387,29.647231042999977,0.3770491803278688,2500000,2,scan-hop-28f495bb5ef5a99a,32.66987182799997,validation,ok,0.4
ok,85.24998302223506,83.016877946146,191.151866847208,E17,26,CH4LU RX1,3.0129916349999917,61,191.151866847208,top_2,,43,18.670387809185364,32.66987182799997,0.7049180327868853,2500000,2,scan-hop-28f495bb5ef5a99a,32.66987182799997,validation,ok,0.7714285714285715
ok,90.86791152830449,78.94779716743184,141.68694979105686,E17,26,CH4LU RX1,2.010994970000013,61,141.68694979105686,top_4,,56,51.107125398445376,32.66987182799997,0.9180327868852459,2500000,2,scan-hop-28f495bb5ef5a99a,32.66987182799997,validation,ok,0.9428571428571428
ok,101.771968877476,77.80505959041012,194.29526783540064,E17,26,CH4LU RX1,1.0202013550000117,61,194.29526783540064,bounded_score_weight,,61,77.80505959041012,32.66987182799997,1.0,2500000,2,scan-hop-28f495bb5ef5a99a,32.66987182799997,validation,ok,1.0
ok,101.67140559217171,77.80579061274439,194.29526783492577,E17,26,CH4LU RX1,1.0202013550000117,61,194.29526783492577,production_score_weight,,61,77.80579061274439,32.66987182799997,1.0,2500000,2,scan-hop-28f495bb5ef5a99a,32.66987182799997,validation,ok,1.0
ok,92.9979415323936,79.00443353552701,201.3043220332354,E17,26,CH4LU RX1,1.0202013550000117,61,189.48805938842614,integer_epoch,,61,78.92307088755257,32.66987182799997,1.0,2500000,2,scan-hop-28f495bb5ef5a99a,32.66987182799997,validation,ok,1.0
ok,46.94702898038467,40.600434803275405,682.7183086601794,E04,40,CH1LU RX1,1.013338872000002,98,682.7183086601794,baseline,,98,40.600434803275405,49.308080710000006,1.0,5000000,2,scan-hop-ceed89ad2ea9031e,49.308080710000006,validation,ok,1.0
ok,46.94702898038467,40.600434803275405,682.7183086601794,E04,40,CH1LU RX1,1.013338872000002,98,682.7183086601794,margin_0.05,,98,40.600434803275405,49.308080710000006,1.0,5000000,2,scan-hop-ceed89ad2ea9031e,49.308080710000006,validation,ok,1.0
ok,46.94702898038467,40.600434803275405,682.7183086601794,E04,40,CH1LU RX1,1.013338872000002,98,682.7183086601794,margin_0.075,,98,40.600434803275405,49.308080710000006,1.0,5000000,2,scan-hop-ceed89ad2ea9031e,49.308080710000006,validation,ok,1.0
ok,46.94702898038467,40.600434803275405,682.7183086601794,E04,40,CH1LU RX1,1.013338872000002,98,682.7183086601794,margin_0.1,,98,40.600434803275405,49.308080710000006,1.0,5000000,2,scan-hop-ceed89ad2ea9031e,49.308080710000006,validation,ok,1.0
ok,46.94702898038467,40.600434803275405,682.7183086601794,E04,40,CH1LU RX1,1.013338872000002,98,682.7183086601794,margin_0.15,,98,40.600434803275405,49.308080710000006,1.0,5000000,2,scan-hop-ceed89ad2ea9031e,49.308080710000006,validation,ok,1.0
ok,46.94702898038467,40.600434803275405,682.7183086601794,E04,40,CH1LU RX1,1.013338872000002,98,682.7183086601794,margin_0.2,,98,40.600434803275405,49.308080710000006,1.0,5000000,2,scan-hop-ceed89ad2ea9031e,49.308080710000006,validation,ok,1.0
ok,46.472415108439506,41.8258729797846,728.5175469558496,E04,40,CH1LU RX1,7.052040669,98,728.5175469558496,top_1,,43,28.551879591700196,49.308080710000006,0.4387755102040816,5000000,2,scan-hop-ceed89ad2ea9031e,49.308080710000006,validation,ok,0.46551724137931033
ok,46.92933039994035,41.373569714157576,758.164099543684,E04,40,CH1LU RX1,2.016011640000002,98,758.164099543684,top_2,,92,28.98344052672507,49.308080710000006,0.9387755102040817,5000000,2,scan-hop-ceed89ad2ea9031e,49.308080710000006,validation,ok,0.9482758620689655
ok,46.94702898038467,40.600434803275405,682.7183086601794,E04,40,CH1LU RX1,1.013338872000002,98,682.7183086601794,top_4,,98,40.600434803275405,49.308080710000006,1.0,5000000,2,scan-hop-ceed89ad2ea9031e,49.308080710000006,validation,ok,1.0
ok,47.2264355335784,40.63518644763992,666.6297795193116,E04,40,CH1LU RX1,1.013338872000002,98,666.6297795193116,bounded_score_weight,,98,40.63518644763992,49.308080710000006,1.0,5000000,2,scan-hop-ceed89ad2ea9031e,49.308080710000006,validation,ok,1.0
ok,47.26980539615503,40.63905629910243,666.6297795192572,E04,40,CH1LU RX1,1.013338872000002,98,666.6297795192572,production_score_weight,,98,40.63905629910243,49.308080710000006,1.0,5000000,2,scan-hop-ceed89ad2ea9031e,49.308080710000006,validation,ok,1.0
ok,46.94702898038467,40.600434803275405,682.7183086601794,E04,40,CH1LU RX1,1.013338872000002,98,682.7183086601794,integer_epoch,,98,40.600434803275405,49.308080710000006,1.0,5000000,2,scan-hop-ceed89ad2ea9031e,49.308080710000006,validation,ok,1.0
ok,202.69569944982436,180.2560415841075,944.06093083114,E10,40,CH2LU RX1,1.0177862849999997,98,944.06093083114,baseline,,98,180.2560415841075,49.80931228199998,1.0,5000000,2,scan-hop-ceed89ad2ea9031e,49.80931228199998,validation,ok,1.0
ok,202.69569944982436,180.2560415841075,944.06093083114,E10,40,CH2LU RX1,1.0177862849999997,98,944.06093083114,margin_0.05,,98,180.2560415841075,49.80931228199998,1.0,5000000,2,scan-hop-ceed89ad2ea9031e,49.80931228199998,validation,ok,1.0
ok,202.69569944982436,180.2560415841075,944.06093083114,E10,40,CH2LU RX1,1.0177862849999997,98,944.06093083114,margin_0.075,,98,180.2560415841075,49.80931228199998,1.0,5000000,2,scan-hop-ceed89ad2ea9031e,49.80931228199998,validation,ok,1.0
ok,202.69569944982436,180.2560415841075,944.06093083114,E10,40,CH2LU RX1,1.0177862849999997,98,944.06093083114,margin_0.1,,98,180.2560415841075,49.80931228199998,1.0,5000000,2,scan-hop-ceed89ad2ea9031e,49.80931228199998,validation,ok,1.0
ok,202.69569944982436,180.2560415841075,944.06093083114,E10,40,CH2LU RX1,1.0177862849999997,98,944.06093083114,margin_0.15,,98,180.2560415841075,49.80931228199998,1.0,5000000,2,scan-hop-ceed89ad2ea9031e,49.80931228199998,validation,ok,1.0
ok,202.69569944982436,180.2560415841075,944.06093083114,E10,40,CH2LU RX1,1.0177862849999997,98,944.06093083114,margin_0.2,,98,180.2560415841075,49.80931228199998,1.0,5000000,2,scan-hop-ceed89ad2ea9031e,49.80931228199998,validation,ok,1.0
ok,205.8298398552511,180.9326433996949,1537.918823797623,E10,40,CH2LU RX1,8.04478721800001,98,1537.918823797623,top_1,,40,157.12465339497112,49.80931228199998,0.40816326530612246,5000000,2,scan-hop-ceed89ad2ea9031e,49.80931228199998,validation,ok,0.41379310344827586
ok,206.02097567073858,186.64307623094857,1385.8069520725994,E10,40,CH2LU RX1,4.024020645000007,98,1385.8069520725994,top_2,,79,132.02427791120476,49.80931228199998,0.8061224489795918,5000000,2,scan-hop-ceed89ad2ea9031e,49.80931228199998,validation,ok,0.8620689655172413
ok,202.30197833879186,180.64321701176917,1238.027400381381,E10,40,CH2LU RX1,3.0146691900000064,98,1238.027400381381,top_4,,92,172.4630776575889,49.80931228199998,0.9387755102040817,5000000,2,scan-hop-ceed89ad2ea9031e,49.80931228199998,validation,ok,0.9482758620689655
ok,202.9282116388675,180.492753405638,888.4026369180552,E10,40,CH2LU RX1,1.0177862849999997,98,888.4026369180552,bounded_score_weight,,98,180.492753405638,49.80931228199998,1.0,5000000,2,scan-hop-ceed89ad2ea9031e,49.80931228199998,validation,ok,1.0
ok,202.92821163889442,180.4927534056491,888.4026369183051,E10,40,CH2LU RX1,1.0177862849999997,98,888.4026369183051,production_score_weight,,98,180.4927534056491,49.80931228199998,1.0,5000000,2,scan-hop-ceed89ad2ea9031e,49.80931228199998,validation,ok,1.0
ok,204.18255074578659,180.45426161404717,812.6159662887459,E10,40,CH2LU RX1,1.0177862849999997,98,812.6159662887459,integer_epoch,,98,181.79272638611482,49.80931228199998,1.0,5000000,2,scan-hop-ceed89ad2ea9031e,49.80931228199998,validation,ok,1.0
ok,164.06068003847875,145.3670661999948,1031.488648848059,E11,42,CH1LU RX0+1,1.01742192399999,103,1031.488648848059,baseline,,103,145.3670661999948,46.79297646400002,1.0,5000000,3,scan-hop-ceed89ad2ea9031e,46.79297646400002,validation,ok,1.0
ok,164.06068003847875,145.3670661999948,1031.488648848059,E11,42,CH1LU RX0+1,1.01742192399999,103,1031.488648848059,margin_0.05,,103,145.3670661999948,46.79297646400002,1.0,5000000,3,scan-hop-ceed89ad2ea9031e,46.79297646400002,validation,ok,1.0
ok,164.06068003847875,145.3670661999948,1031.488648848059,E11,42,CH1LU RX0+1,1.01742192399999,103,1031.488648848059,margin_0.075,,103,145.3670661999948,46.79297646400002,1.0,5000000,3,scan-hop-ceed89ad2ea9031e,46.79297646400002,validation,ok,1.0
ok,164.06068003847875,145.3670661999948,1031.488648848059,E11,42,CH1LU RX0+1,1.01742192399999,103,1031.488648848059,margin_0.1,,103,145.3670661999948,46.79297646400002,1.0,5000000,3,scan-hop-ceed89ad2ea9031e,46.79297646400002,validation,ok,1.0
,,,,E11,42,CH1LU RX0+1,,103,,margin_0.15,fewer than four training observations in a source segment,99,,,0.9611650485436893,5000000,3,scan-hop-ceed89ad2ea9031e,46.79297646400002,validation,insufficient_support,0.9344262295081968
,,,,E11,42,CH1LU RX0+1,,103,,margin_0.2,fewer than four training observations in a source segment,94,,,0.912621359223301,5000000,3,scan-hop-ceed89ad2ea9031e,46.79297646400002,validation,insufficient_support,0.9180327868852459
,,,,E11,42,CH1LU RX0+1,,103,,top_1,fewer than four training observations in a source segment,47,,,0.4563106796116505,5000000,3,scan-hop-ceed89ad2ea9031e,46.79297646400002,validation,insufficient_support,0.45901639344262296
,,,,E11,42,CH1LU RX0+1,,103,,top_2,fewer than four training observations in a source segment,86,,,0.8349514563106796,5000000,3,scan-hop-ceed89ad2ea9031e,46.79297646400002,validation,insufficient_support,0.8524590163934426
,,,,E11,42,CH1LU RX0+1,,103,,top_4,fewer than four training observations in a source segment,97,,,0.941747572815534,5000000,3,scan-hop-ceed89ad2ea9031e,46.79297646400002,validation,insufficient_support,0.9344262295081968
ok,164.3737042746423,145.4846890796452,976.2536487139982,E11,42,CH1LU RX0+1,1.01742192399999,103,976.2536487139982,bounded_score_weight,,103,145.4846890796452,46.79297646400002,1.0,5000000,3,scan-hop-ceed89ad2ea9031e,46.79297646400002,validation,ok,1.0
ok,164.4245335503417,145.56556988579464,978.2557786364792,E11,42,CH1LU RX0+1,1.01742192399999,103,978.2557786364792,production_score_weight,,103,145.56556988579464,46.79297646400002,1.0,5000000,3,scan-hop-ceed89ad2ea9031e,46.79297646400002,validation,ok,1.0
ok,166.0261207298201,146.16691277815704,1031.488648848059,E11,42,CH1LU RX0+1,1.01742192399999,103,1032.7683981188782,integer_epoch,,103,149.33768652888787,46.79297646400002,1.0,5000000,3,scan-hop-ceed89ad2ea9031e,46.79297646400002,validation,ok,1.0
ok,95.16112112265309,86.43740786935213,114.91606116837957,E17,29,CH4LU RX0+1,1.0141194499999813,69,114.91606116837957,baseline,,69,86.43740786935213,36.23615001799999,1.0,5000000,3,scan-hop-ceed89ad2ea9031e,36.23615001799999,validation,ok,1.0
ok,95.16112112265309,86.43740786935213,114.91606116837957,E17,29,CH4LU RX0+1,1.0141194499999813,69,114.91606116837957,margin_0.05,,69,86.43740786935213,36.23615001799999,1.0,5000000,3,scan-hop-ceed89ad2ea9031e,36.23615001799999,validation,ok,1.0
ok,95.16112112265309,86.43740786935213,114.91606116837957,E17,29,CH4LU RX0+1,1.0141194499999813,69,114.91606116837957,margin_0.075,,69,86.43740786935213,36.23615001799999,1.0,5000000,3,scan-hop-ceed89ad2ea9031e,36.23615001799999,validation,ok,1.0
ok,95.16112112265309,86.43740786935213,114.91606116837957,E17,29,CH4LU RX0+1,1.0141194499999813,69,114.91606116837957,margin_0.1,,69,86.43740786935213,36.23615001799999,1.0,5000000,3,scan-hop-ceed89ad2ea9031e,36.23615001799999,validation,ok,1.0
ok,95.16112112265309,86.43740786935213,114.91606116837957,E17,29,CH4LU RX0+1,1.0141194499999813,69,114.91606116837957,margin_0.15,,69,86.43740786935213,36.23615001799999,1.0,5000000,3,scan-hop-ceed89ad2ea9031e,36.23615001799999,validation,ok,1.0
ok,99.96328267421829,89.46371843114026,106.21750507306152,E17,29,CH4LU RX0+1,3.0160045020000155,69,106.21750507306152,margin_0.2,,65,75.7677419772867,36.23615001799999,0.9420289855072463,5000000,3,scan-hop-ceed89ad2ea9031e,36.23615001799999,validation,ok,0.95
ok,99.26508765058492,87.37100460974264,133.27886064810875,E17,29,CH4LU RX0+1,10.076002927000019,69,133.27886064810875,top_1,,43,76.0286425996748,35.230670817000004,0.6231884057971014,5000000,3,scan-hop-ceed89ad2ea9031e,36.23615001799999,validation,ok,0.7
ok,96.12067353749845,87.61068136410593,111.01444758551614,E17,29,CH4LU RX0+1,4.03466783799999,69,111.01444758551614,top_2,,61,66.28359261638396,36.23615001799999,0.8840579710144928,5000000,3,scan-hop-ceed89ad2ea9031e,36.23615001799999,validation,ok,0.95
ok,97.8337715070366,88.27187406354736,111.01444758551614,E17,29,CH4LU RX0+1,4.03466783799999,69,111.01444758551614,top_4,,63,74.38215088087249,36.23615001799999,0.9130434782608695,5000000,3,scan-hop-ceed89ad2ea9031e,36.23615001799999,validation,ok,0.95
ok,97.27221085908783,87.17316485574626,121.90840088656964,E17,29,CH4LU RX0+1,1.0141194499999813,69,121.90840088656964,bounded_score_weight,,69,87.17316485574626,36.23615001799999,1.0,5000000,3,scan-hop-ceed89ad2ea9031e,36.23615001799999,validation,ok,1.0
ok,97.57840472672841,87.34948382280344,121.78421912995337,E17,29,CH4LU RX0+1,1.0141194499999813,69,121.78421912995337,production_score_weight,,69,87.34948382280344,36.23615001799999,1.0,5000000,3,scan-hop-ceed89ad2ea9031e,36.23615001799999,validation,ok,1.0
ok,89.8396918262184,87.6958507466891,129.59165214395074,E17,29,CH4LU RX0+1,1.0141194499999813,69,129.59165214395074,integer_epoch,,69,84.78335341780459,36.23615001799999,1.0,5000000,3,scan-hop-ceed89ad2ea9031e,36.23615001799999,validation,ok,1.0
ok,112.31218530756206,82.099818985259,149.97773632406683,E20,33,CH3LU RX1,1.0135674960000074,82,149.97773632406683,baseline,,82,82.099818985259,41.27056306,1.0,5000000,2,scan-hop-ceed89ad2ea9031e,41.27056306,validation,ok,1.0
ok,112.31218530756206,82.099818985259,149.97773632406683,E20,33,CH3LU RX1,1.0135674960000074,82,149.97773632406683,margin_0.05,,82,82.099818985259,41.27056306,1.0,5000000,2,scan-hop-ceed89ad2ea9031e,41.27056306,validation,ok,1.0
ok,112.31218530756206,82.099818985259,149.97773632406683,E20,33,CH3LU RX1,1.0135674960000074,82,149.97773632406683,margin_0.075,,82,82.099818985259,41.27056306,1.0,5000000,2,scan-hop-ceed89ad2ea9031e,41.27056306,validation,ok,1.0
ok,112.31218530756206,82.099818985259,149.97773632406683,E20,33,CH3LU RX1,1.0135674960000074,82,149.97773632406683,margin_0.1,,82,82.099818985259,41.27056306,1.0,5000000,2,scan-hop-ceed89ad2ea9031e,41.27056306,validation,ok,1.0
ok,112.31218530756206,82.099818985259,149.97773632406683,E20,33,CH3LU RX1,1.0135674960000074,82,149.97773632406683,margin_0.15,,82,82.099818985259,41.27056306,1.0,5000000,2,scan-hop-ceed89ad2ea9031e,41.27056306,validation,ok,1.0
ok,112.31218530756206,82.099818985259,149.97773632406683,E20,33,CH3LU RX1,1.0135674960000074,82,149.97773632406683,margin_0.2,,82,82.099818985259,41.27056306,1.0,5000000,2,scan-hop-ceed89ad2ea9031e,41.27056306,validation,ok,1.0
ok,99.03646852293274,93.98298348245035,726.3500376084525,E20,33,CH3LU RX1,10.061294187000016,82,726.3500376084525,top_1,,34,29.20893136823941,39.753902993,0.4146341463414634,5000000,2,scan-hop-ceed89ad2ea9031e,41.27056306,validation,ok,0.40816326530612246
ok,101.89085143498336,88.50947489537428,334.01524385599294,E20,33,CH3LU RX1,5.02902463800001,82,334.01524385599294,top_2,,61,47.437579259512596,40.263238374,0.7439024390243902,5000000,2,scan-hop-ceed89ad2ea9031e,41.27056306,validation,ok,0.6326530612244898
ok,108.99402582780684,82.62591192152695,443.42703343064437,E20,33,CH3LU RX1,2.0176314610000077,82,443.42703343064437,top_4,,78,74.52640362342719,41.27056306,0.9512195121951219,5000000,2,scan-hop-ceed89ad2ea9031e,41.27056306,validation,ok,0.9183673469387755
ok,110.73789873274944,82.24477217993984,182.0593632086641,E20,33,CH3LU RX1,1.0135674960000074,82,182.0593632086641,bounded_score_weight,,82,82.24477217993984,41.27056306,1.0,5000000,2,scan-hop-ceed89ad2ea9031e,41.27056306,validation,ok,1.0
ok,110.73789873268153,82.24477217993984,182.0593632086641,E20,33,CH3LU RX1,1.0135674960000074,82,182.0593632086641,production_score_weight,,82,82.24477217993984,41.27056306,1.0,5000000,2,scan-hop-ceed89ad2ea9031e,41.27056306,validation,ok,1.0
ok,112.31218530756206,82.099818985259,149.97773632406683,E20,33,CH3LU RX1,1.0135674960000074,82,149.97773632406683,integer_epoch,,82,82.099818985259,41.27056306,1.0,5000000,2,scan-hop-ceed89ad2ea9031e,41.27056306,validation,ok,1.0
ok,80.9896830949665,75.10507168073484,87.96896620677481,E10,26,CH4LU RX1,1.0120002790000058,62,87.96896620677481,baseline,,62,75.10507168073484,30.651078194000007,1.0,2500000,2,scan-hop-a40b30cc456bdf03,30.651078194000007,validation,ok,1.0
ok,80.9896830949665,75.10507168073484,87.96896620677481,E10,26,CH4LU RX1,1.0120002790000058,62,87.96896620677481,margin_0.05,,62,75.10507168073484,30.651078194000007,1.0,2500000,2,scan-hop-a40b30cc456bdf03,30.651078194000007,validation,ok,1.0
ok,80.9896830949665,75.10507168073484,87.96896620677481,E10,26,CH4LU RX1,1.0120002790000058,62,87.96896620677481,margin_0.075,,62,75.10507168073484,30.651078194000007,1.0,2500000,2,scan-hop-a40b30cc456bdf03,30.651078194000007,validation,ok,1.0
ok,80.9896830949665,75.10507168073484,87.96896620677481,E10,26,CH4LU RX1,1.0120002790000058,62,87.96896620677481,margin_0.1,,62,75.10507168073484,30.651078194000007,1.0,2500000,2,scan-hop-a40b30cc456bdf03,30.651078194000007,validation,ok,1.0
ok,80.9896830949665,75.10507168073484,87.96896620677481,E10,26,CH4LU RX1,1.0120002790000058,62,87.96896620677481,margin_0.15,,62,75.10507168073484,30.651078194000007,1.0,2500000,2,scan-hop-a40b30cc456bdf03,30.651078194000007,validation,ok,1.0
ok,80.9896830949665,75.10507168073484,87.96896620677481,E10,26,CH4LU RX1,1.0120002790000058,62,87.96896620677481,margin_0.2,,62,75.10507168073484,30.651078194000007,1.0,2500000,2,scan-hop-a40b30cc456bdf03,30.651078194000007,validation,ok,1.0
ok,86.65694650761317,84.3054078721435,641.207536821224,E10,26,CH4LU RX1,15.077569899000025,62,641.207536821224,top_1,,28,22.286581251457317,30.147075244000007,0.45161290322580644,2500000,2,scan-hop-a40b30cc456bdf03,30.651078194000007,validation,ok,0.6388888888888888
ok,80.53356983093153,79.91153569142682,120.71689922411313,E10,26,CH4LU RX1,2.0173325629999965,62,120.71689922411313,top_2,,53,22.55374821819572,30.651078194000007,0.8548387096774194,2500000,2,scan-hop-a40b30cc456bdf03,30.651078194000007,validation,ok,0.8888888888888888
ok,80.73532489262764,76.51906081994316,178.48827219618482,E10,26,CH4LU RX1,2.0083190729999956,62,178.48827219618482,top_4,,59,62.482761154055034,30.651078194000007,0.9516129032258065,2500000,2,scan-hop-a40b30cc456bdf03,30.651078194000007,validation,ok,0.9444444444444444
ok,80.69833903064372,75.2211039489009,87.8182868454075,E10,26,CH4LU RX1,1.0120002790000058,62,87.8182868454075,bounded_score_weight,,62,75.2211039489009,30.651078194000007,1.0,2500000,2,scan-hop-a40b30cc456bdf03,30.651078194000007,validation,ok,1.0
ok,80.69833903064661,75.22110394890899,87.81828684538094,E10,26,CH4LU RX1,1.0120002790000058,62,87.81828684538094,production_score_weight,,62,75.22110394890899,30.651078194000007,1.0,2500000,2,scan-hop-a40b30cc456bdf03,30.651078194000007,validation,ok,1.0
ok,80.9896830949665,75.10507168073484,87.96896620677481,E10,26,CH4LU RX1,1.0120002790000058,62,87.96896620677481,integer_epoch,,62,75.10507168073484,30.651078194000007,1.0,2500000,2,scan-hop-a40b30cc456bdf03,30.651078194000007,validation,ok,1.0
ok,115.19088570936916,107.5056393912053,179.88930046119847,E11,33,CH1LU RX0+1,1.0133306699999878,79,179.88930046119847,baseline,,79,107.5056393912053,40.18847793500001,1.0,2500000,3,scan-hop-a40b30cc456bdf03,40.18847793500001,validation,ok,1.0
ok,115.19088570936916,107.5056393912053,179.88930046119847,E11,33,CH1LU RX0+1,1.0133306699999878,79,179.88930046119847,margin_0.05,,79,107.5056393912053,40.18847793500001,1.0,2500000,3,scan-hop-a40b30cc456bdf03,40.18847793500001,validation,ok,1.0
ok,115.19088570936916,107.5056393912053,179.88930046119847,E11,33,CH1LU RX0+1,1.0133306699999878,79,179.88930046119847,margin_0.075,,79,107.5056393912053,40.18847793500001,1.0,2500000,3,scan-hop-a40b30cc456bdf03,40.18847793500001,validation,ok,1.0
ok,115.19088570936916,107.5056393912053,179.88930046119847,E11,33,CH1LU RX0+1,1.0133306699999878,79,179.88930046119847,margin_0.1,,79,107.5056393912053,40.18847793500001,1.0,2500000,3,scan-hop-a40b30cc456bdf03,40.18847793500001,validation,ok,1.0
ok,114.25983308978394,108.79710867949714,397.2487189813002,E11,33,CH1LU RX0+1,1.0133306699999878,79,397.2487189813002,margin_0.15,,77,106.34185692631623,38.17850757100001,0.9746835443037974,2500000,3,scan-hop-a40b30cc456bdf03,40.18847793500001,validation,ok,0.9565217391304348
ok,118.70257609196368,107.71276184660908,390.689883160032,E11,33,CH1LU RX0+1,1.0133306699999878,79,390.689883160032,margin_0.2,,76,106.4996993059726,37.17345572400001,0.9620253164556962,2500000,3,scan-hop-a40b30cc456bdf03,40.18847793500001,validation,ok,0.9347826086956522
,,,,E11,33,CH1LU RX0+1,,79,,top_1,fewer than four training observations in a source segment,30,,,0.379746835443038,2500000,3,scan-hop-a40b30cc456bdf03,40.18847793500001,validation,insufficient_support,0.41304347826086957
ok,117.17124164686759,108.27938391748457,133.28238344617228,E11,33,CH1LU RX0+1,16.067878409000002,79,133.28238344617228,top_2,,49,74.08675141339198,40.18847793500001,0.620253164556962,2500000,3,scan-hop-a40b30cc456bdf03,40.18847793500001,validation,ok,0.5869565217391305
ok,117.00229731473935,108.23654981109371,111.17546369853358,E11,33,CH1LU RX0+1,5.0165257840000095,79,111.17546369853358,top_4,,64,94.30378453333311,40.18847793500001,0.810126582278481,2500000,3,scan-hop-a40b30cc456bdf03,40.18847793500001,validation,ok,0.7391304347826086
ok,114.57784513953571,107.91583425381457,331.0376577236119,E11,33,CH1LU RX0+1,1.0133306699999878,79,331.0376577236119,bounded_score_weight,,79,107.91583425381457,40.18847793500001,1.0,2500000,3,scan-hop-a40b30cc456bdf03,40.18847793500001,validation,ok,1.0
ok,115.1022661558002,108.12102649516822,381.1058756244622,E11,33,CH1LU RX0+1,1.0133306699999878,79,381.1058756244622,production_score_weight,,79,108.12102649516822,40.18847793500001,1.0,2500000,3,scan-hop-a40b30cc456bdf03,40.18847793500001,validation,ok,1.0
ok,113.99435721377806,109.4822897352668,272.6963396951329,E11,33,CH1LU RX0+1,1.0133306699999878,79,272.6963396951329,integer_epoch,,79,103.10345785615345,40.18847793500001,1.0,2500000,3,scan-hop-a40b30cc456bdf03,40.18847793500001,validation,ok,1.0
ok,150.38334980645328,135.48801726497408,139.5193823201933,E16,29,CH2LU RX0+1,1.0117997090000017,71,139.5193823201933,baseline,,71,135.48801726497408,32.641712592000005,1.0,2500000,3,scan-hop-a40b30cc456bdf03,32.641712592000005,validation,ok,1.0
ok,150.38334980645328,135.48801726497408,139.5193823201933,E16,29,CH2LU RX0+1,1.0117997090000017,71,139.5193823201933,margin_0.05,,71,135.48801726497408,32.641712592000005,1.0,2500000,3,scan-hop-a40b30cc456bdf03,32.641712592000005,validation,ok,1.0
ok,149.7065619004706,136.2871816841249,143.22257510542167,E16,29,CH2LU RX0+1,2.006680244999984,71,143.22257510542167,margin_0.075,,70,131.63953906969732,32.641712592000005,0.9859154929577465,2500000,3,scan-hop-a40b30cc456bdf03,32.641712592000005,validation,ok,0.9761904761904762
ok,149.7065619004706,136.2871816841249,143.22257510542167,E16,29,CH2LU RX0+1,2.006680244999984,71,143.22257510542167,margin_0.1,,70,131.63953906969732,32.641712592000005,0.9859154929577465,2500000,3,scan-hop-a40b30cc456bdf03,32.641712592000005,validation,ok,0.9761904761904762
ok,161.98810508218148,139.09745886139322,163.73175344790644,E16,29,CH2LU RX0+1,2.010679125000024,71,163.73175344790644,margin_0.15,,66,128.108697848889,29.630732026000004,0.9295774647887324,2500000,3,scan-hop-a40b30cc456bdf03,32.641712592000005,validation,ok,0.8809523809523809
ok,168.962913306636,145.8433674704251,151.4008014284207,E16,29,CH2LU RX0+1,3.0173516700000107,71,151.4008014284207,margin_0.2,,64,124.60372086791162,29.630732026000004,0.9014084507042254,2500000,3,scan-hop-a40b30cc456bdf03,32.641712592000005,validation,ok,0.8333333333333334
,,,,E16,29,CH2LU RX0+1,,71,,top_1,fewer than four training observations in a source segment,35,,,0.49295774647887325,2500000,3,scan-hop-a40b30cc456bdf03,32.641712592000005,validation,insufficient_support,0.5476190476190477
ok,152.25423659713817,137.68804739346893,169.2524342348743,E16,29,CH2LU RX0+1,5.027997161999991,71,169.2524342348743,top_2,,49,142.13684867054727,32.641712592000005,0.6901408450704225,2500000,3,scan-hop-a40b30cc456bdf03,32.641712592000005,validation,ok,0.7619047619047619
ok,150.88772540236238,138.33050933491128,170.34600453495327,E16,29,CH2LU RX0+1,5.027997161999991,71,170.34600453495327,top_4,,53,137.5178302800727,32.641712592000005,0.7464788732394366,2500000,3,scan-hop-a40b30cc456bdf03,32.641712592000005,validation,ok,0.7857142857142857
ok,151.57397097444272,137.7677310868002,118.01618328806614,E16,29,CH2LU RX0+1,1.0117997090000017,71,118.01618328806614,bounded_score_weight,,71,137.7677310868002,32.641712592000005,1.0,2500000,3,scan-hop-a40b30cc456bdf03,32.641712592000005,validation,ok,1.0
ok,154.60474003426324,139.00497405796654,116.64735740381208,E16,29,CH2LU RX0+1,1.0117997090000017,71,116.64735740381208,production_score_weight,,71,139.00497405796654,32.641712592000005,1.0,2500000,3,scan-hop-a40b30cc456bdf03,32.641712592000005,validation,ok,1.0
ok,155.57703161073647,140.40333572234152,134.0554611374992,E16,29,CH2LU RX0+1,1.0117997090000017,71,134.0554611374992,integer_epoch,,71,141.25832816168779,32.641712592000005,1.0,2500000,3,scan-hop-a40b30cc456bdf03,32.641712592000005,validation,ok,1.0
ok,137.34890432380462,129.34442020821993,152.24228981121357,E08,46,CH1LU RX0+1,1.0133294940000042,112,152.24228981121357,baseline,,112,129.34442020821993,36.233429736,1.0,5000000,4,scan-hop-946d9ac9114a6725,36.233429736,validation,ok,1.0
ok,137.34890432380462,129.34442020821993,152.24228981121357,E08,46,CH1LU RX0+1,1.0133294940000042,112,152.24228981121357,margin_0.05,,112,129.34442020821993,36.233429736,1.0,5000000,4,scan-hop-946d9ac9114a6725,36.233429736,validation,ok,1.0
ok,137.34890432380462,129.34442020821993,152.24228981121357,E08,46,CH1LU RX0+1,1.0133294940000042,112,152.24228981121357,margin_0.075,,112,129.34442020821993,36.233429736,1.0,5000000,4,scan-hop-946d9ac9114a6725,36.233429736,validation,ok,1.0
ok,137.41912857816752,129.37999635215718,160.2644033677937,E08,46,CH1LU RX0+1,2.016121486000003,112,160.2644033677937,margin_0.1,,111,129.3778087791323,36.233429736,0.9910714285714286,5000000,4,scan-hop-946d9ac9114a6725,36.233429736,validation,ok,0.9848484848484849
ok,137.34315042807015,129.42449959365655,156.6847379341581,E08,46,CH1LU RX0+1,4.024117255,112,156.6847379341581,margin_0.15,,108,127.92912043451767,36.233429736,0.9642857142857143,5000000,4,scan-hop-946d9ac9114a6725,36.233429736,validation,ok,0.9393939393939394
ok,137.04331902100674,130.0613852536322,162.73602365056414,E08,46,CH1LU RX0+1,4.024117255,112,162.73602365056414,margin_0.2,,102,112.45516449341642,36.233429736,0.9107142857142857,5000000,4,scan-hop-946d9ac9114a6725,36.233429736,validation,ok,0.8484848484848485
ok,139.26809543265537,131.14320586458047,141.43248758779782,E08,46,CH1LU RX0+1,9.049334953999995,112,141.43248758779782,top_1,,54,116.94177866365277,35.73076511,0.48214285714285715,5000000,4,scan-hop-946d9ac9114a6725,36.233429736,validation,ok,0.5
ok,137.61404575603743,130.99307872668066,150.49181828587925,E08,46,CH1LU RX0+1,7.045794964000002,112,150.49181828587925,top_2,,85,105.25557321499868,36.233429736,0.7589285714285714,5000000,4,scan-hop-946d9ac9114a6725,36.233429736,validation,ok,0.7727272727272727
ok,136.89756243557179,129.5283778008031,204.69863310622776,E08,46,CH1LU RX0+1,4.022664000999995,112,204.69863310622776,top_4,,100,122.44338788137682,36.233429736,0.8928571428571429,5000000,4,scan-hop-946d9ac9114a6725,36.233429736,validation,ok,0.8787878787878788
ok,136.0582661914098,129.60376143679244,154.59080999146894,E08,46,CH1LU RX0+1,1.0133294940000042,112,154.59080999146894,bounded_score_weight,,112,129.60376143679244,36.233429736,1.0,5000000,4,scan-hop-946d9ac9114a6725,36.233429736,validation,ok,1.0
ok,136.00210570819704,129.93646351086818,153.82343968674274,E08,46,CH1LU RX0+1,1.0133294940000042,112,153.82343968674274,production_score_weight,,112,129.93646351086818,36.233429736,1.0,5000000,4,scan-hop-946d9ac9114a6725,36.233429736,validation,ok,1.0
ok,137.82759060208738,129.99398988065994,175.60071791239608,E08,46,CH1LU RX0+1,1.0133294940000042,112,175.60071791239608,integer_epoch,,112,129.95587534902236,36.233429736,1.0,5000000,4,scan-hop-946d9ac9114a6725,36.233429736,validation,ok,1.0
ok,38.866272926839585,23.731745674879924,401.96455061979754,E09,20,CH3LU RX1,1.019776027000006,50,401.96455061979754,baseline,,50,23.731745674879924,34.22541099499999,1.0,5000000,2,scan-hop-946d9ac9114a6725,34.22541099499999,validation,ok,1.0
ok,38.866272926839585,23.731745674879924,401.96455061979754,E09,20,CH3LU RX1,1.019776027000006,50,401.96455061979754,margin_0.05,,50,23.731745674879924,34.22541099499999,1.0,5000000,2,scan-hop-946d9ac9114a6725,34.22541099499999,validation,ok,1.0
ok,38.866272926839585,23.731745674879924,401.96455061979754,E09,20,CH3LU RX1,1.019776027000006,50,401.96455061979754,margin_0.075,,50,23.731745674879924,34.22541099499999,1.0,5000000,2,scan-hop-946d9ac9114a6725,34.22541099499999,validation,ok,1.0
ok,38.866272926839585,23.731745674879924,401.96455061979754,E09,20,CH3LU RX1,1.019776027000006,50,401.96455061979754,margin_0.1,,50,23.731745674879924,34.22541099499999,1.0,5000000,2,scan-hop-946d9ac9114a6725,34.22541099499999,validation,ok,1.0
ok,38.866272926839585,23.731745674879924,401.96455061979754,E09,20,CH3LU RX1,1.019776027000006,50,401.96455061979754,margin_0.15,,50,23.731745674879924,34.22541099499999,1.0,5000000,2,scan-hop-946d9ac9114a6725,34.22541099499999,validation,ok,1.0
ok,38.866272926839585,23.731745674879924,401.96455061979754,E09,20,CH3LU RX1,1.019776027000006,50,401.96455061979754,margin_0.2,,50,23.731745674879924,34.22541099499999,1.0,5000000,2,scan-hop-946d9ac9114a6725,34.22541099499999,validation,ok,1.0
ok,41.60704846651276,25.856631721992255,273.44270937194096,E09,20,CH3LU RX1,6.037889797999995,50,273.44270937194096,top_1,,29,21.828844121240117,33.220081199000006,0.58,5000000,2,scan-hop-946d9ac9114a6725,34.22541099499999,validation,ok,0.7
ok,38.50958041748542,23.767926280417576,390.18276010515683,E09,20,CH3LU RX1,2.0173431990000097,50,390.18276010515683,top_2,,49,23.51422147038686,34.22541099499999,0.98,5000000,2,scan-hop-946d9ac9114a6725,34.22541099499999,validation,ok,0.9666666666666667
ok,38.866272926839585,23.731745674879924,401.96455061979754,E09,20,CH3LU RX1,1.019776027000006,50,401.96455061979754,top_4,,50,23.731745674879924,34.22541099499999,1.0,5000000,2,scan-hop-946d9ac9114a6725,34.22541099499999,validation,ok,1.0
ok,39.143510792824564,23.85934529724326,401.8762540680838,E09,20,CH3LU RX1,1.019776027000006,50,401.8762540680838,bounded_score_weight,,50,23.85934529724326,34.22541099499999,1.0,5000000,2,scan-hop-946d9ac9114a6725,34.22541099499999,validation,ok,1.0
ok,39.14351079288831,23.85934529723481,401.87625406788015,E09,20,CH3LU RX1,1.019776027000006,50,401.87625406788015,production_score_weight,,50,23.85934529723481,34.22541099499999,1.0,5000000,2,scan-hop-946d9ac9114a6725,34.22541099499999,validation,ok,1.0
ok,38.866272926839585,23.731745674879924,401.96455061979754,E09,20,CH3LU RX1,1.019776027000006,50,401.96455061979754,integer_epoch,,50,23.731745674879924,34.22541099499999,1.0,5000000,2,scan-hop-946d9ac9114a6725,34.22541099499999,validation,ok,1.0
ok,60.55743726065216,51.95973943171357,565.4627850853716,E13,23,CH4LU RX1,1.0120053260000077,56,565.4627850853716,baseline,,56,51.95973943171357,35.22266029800002,1.0,5000000,2,scan-hop-946d9ac9114a6725,35.22266029800002,validation,ok,1.0
ok,60.55743726065216,51.95973943171357,565.4627850853716,E13,23,CH4LU RX1,1.0120053260000077,56,565.4627850853716,margin_0.05,,56,51.95973943171357,35.22266029800002,1.0,5000000,2,scan-hop-946d9ac9114a6725,35.22266029800002,validation,ok,1.0
ok,60.55743726065216,51.95973943171357,565.4627850853716,E13,23,CH4LU RX1,1.0120053260000077,56,565.4627850853716,margin_0.075,,56,51.95973943171357,35.22266029800002,1.0,5000000,2,scan-hop-946d9ac9114a6725,35.22266029800002,validation,ok,1.0
ok,60.55743726065216,51.95973943171357,565.4627850853716,E13,23,CH4LU RX1,1.0120053260000077,56,565.4627850853716,margin_0.1,,56,51.95973943171357,35.22266029800002,1.0,5000000,2,scan-hop-946d9ac9114a6725,35.22266029800002,validation,ok,1.0
ok,60.55743726065216,51.95973943171357,565.4627850853716,E13,23,CH4LU RX1,1.0120053260000077,56,565.4627850853716,margin_0.15,,56,51.95973943171357,35.22266029800002,1.0,5000000,2,scan-hop-946d9ac9114a6725,35.22266029800002,validation,ok,1.0
ok,60.55743726065216,51.95973943171357,565.4627850853716,E13,23,CH4LU RX1,1.0120053260000077,56,565.4627850853716,margin_0.2,,56,51.95973943171357,35.22266029800002,1.0,5000000,2,scan-hop-946d9ac9114a6725,35.22266029800002,validation,ok,1.0
ok,55.93043784683519,54.36685387713911,558.3494697140843,E13,23,CH4LU RX1,8.049353056000001,56,558.3494697140843,top_1,,29,19.36509661684854,35.22266029800002,0.5178571428571429,5000000,2,scan-hop-946d9ac9114a6725,35.22266029800002,validation,ok,0.5454545454545454
ok,55.72250612964244,55.07607255064939,109.64245703794367,E13,23,CH4LU RX1,5.033187442000013,56,109.64245703794367,top_2,,49,21.206920318784572,35.22266029800002,0.875,5000000,2,scan-hop-946d9ac9114a6725,35.22266029800002,validation,ok,0.8787878787878788
ok,56.87561870274385,52.19342145248303,447.6663795124793,E13,23,CH4LU RX1,2.014503807000011,56,447.6663795124793,top_4,,53,37.14313967844856,35.22266029800002,0.9464285714285714,5000000,2,scan-hop-946d9ac9114a6725,35.22266029800002,validation,ok,0.9696969696969697
ok,59.14026341964413,52.034764183048324,531.0931337994462,E13,23,CH4LU RX1,1.0120053260000077,56,531.0931337994462,bounded_score_weight,,56,52.034764183048324,35.22266029800002,1.0,5000000,2,scan-hop-946d9ac9114a6725,35.22266029800002,validation,ok,1.0
ok,59.145562399429664,52.03524270067095,530.3841610832854,E13,23,CH4LU RX1,1.0120053260000077,56,530.3841610832854,production_score_weight,,56,52.03524270067095,35.22266029800002,1.0,5000000,2,scan-hop-946d9ac9114a6725,35.22266029800002,validation,ok,1.0
ok,60.55743726065216,51.95973943171357,565.4627850853716,E13,23,CH4LU RX1,1.0120053260000077,56,565.4627850853716,integer_epoch,,56,51.95973943171357,35.22266029800002,1.0,5000000,2,scan-hop-946d9ac9114a6725,35.22266029800002,validation,ok,1.0
ok,123.17038251011918,107.29079055908788,317.6098235337691,E04,25,CH4LU RX0,1.0159946699999978,60,317.6098235337691,baseline,,60,107.29079055908788,33.17435974300001,1.0,2500000,2,scan-hop-ec12164d9eaf2027,33.17435974300001,validation,ok,1.0
ok,123.17038251011918,107.29079055908788,317.6098235337691,E04,25,CH4LU RX0,1.0159946699999978,60,317.6098235337691,margin_0.05,,60,107.29079055908788,33.17435974300001,1.0,2500000,2,scan-hop-ec12164d9eaf2027,33.17435974300001,validation,ok,1.0
ok,123.17038251011918,107.29079055908788,317.6098235337691,E04,25,CH4LU RX0,1.0159946699999978,60,317.6098235337691,margin_0.075,,60,107.29079055908788,33.17435974300001,1.0,2500000,2,scan-hop-ec12164d9eaf2027,33.17435974300001,validation,ok,1.0
ok,123.17038251011918,107.29079055908788,317.6098235337691,E04,25,CH4LU RX0,1.0159946699999978,60,317.6098235337691,margin_0.1,,60,107.29079055908788,33.17435974300001,1.0,2500000,2,scan-hop-ec12164d9eaf2027,33.17435974300001,validation,ok,1.0
ok,123.17038251011918,107.29079055908788,317.6098235337691,E04,25,CH4LU RX0,1.0159946699999978,60,317.6098235337691,margin_0.15,,60,107.29079055908788,33.17435974300001,1.0,2500000,2,scan-hop-ec12164d9eaf2027,33.17435974300001,validation,ok,1.0
ok,126.99810526520776,108.59391245237865,384.4503087716438,E04,25,CH4LU RX0,1.0159946699999978,60,384.4503087716438,margin_0.2,,56,106.15954457022154,29.151680543000012,0.9333333333333333,2500000,2,scan-hop-ec12164d9eaf2027,33.17435974300001,validation,ok,0.8857142857142857
,,,,E04,25,CH4LU RX0,,60,,top_1,fewer than four training observations in a source segment,22,,,0.36666666666666664,2500000,2,scan-hop-ec12164d9eaf2027,33.17435974300001,validation,insufficient_support,0.2857142857142857
ok,131.3720193580286,120.1070154985203,1477.9197322488874,E04,25,CH4LU RX0,7.038635202999984,60,1477.9197322488874,top_2,,36,87.79358460207804,32.172034615000015,0.6,2500000,2,scan-hop-ec12164d9eaf2027,33.17435974300001,validation,ok,0.5428571428571428
ok,130.48852532165049,108.14687795229497,619.4464429828365,E04,25,CH4LU RX0,4.011997828999995,60,619.4464429828365,top_4,,46,104.19150666289913,33.17435974300001,0.7666666666666667,2500000,2,scan-hop-ec12164d9eaf2027,33.17435974300001,validation,ok,0.7428571428571429
ok,123.74790488329725,107.41769090840704,600.699894415404,E04,25,CH4LU RX0,1.0159946699999978,60,600.699894415404,bounded_score_weight,,60,107.41769090840704,33.17435974300001,1.0,2500000,2,scan-hop-ec12164d9eaf2027,33.17435974300001,validation,ok,1.0
ok,122.63611976119846,107.56199355689758,628.0019905659249,E04,25,CH4LU RX0,1.0159946699999978,60,628.0019905659249,production_score_weight,,60,107.56199355689758,33.17435974300001,1.0,2500000,2,scan-hop-ec12164d9eaf2027,33.17435974300001,validation,ok,1.0
ok,128.10135681417373,110.6809131450414,682.036227250312,E04,25,CH4LU RX0,1.0159946699999978,60,682.036227250312,integer_epoch,,60,118.75538680019426,33.17435974300001,1.0,2500000,2,scan-hop-ec12164d9eaf2027,33.17435974300001,validation,ok,1.0
ok,47.279092814520695,43.163937930602025,58.36592246299229,E09,50,CH3LU RX0+1,1.014669916999992,122,58.36592246299229,baseline,,122,43.163937930602025,49.23599723999999,1.0,2500000,4,scan-hop-ec12164d9eaf2027,49.23599723999999,validation,ok,1.0
ok,47.279092814520695,43.163937930602025,58.36592246299229,E09,50,CH3LU RX0+1,1.014669916999992,122,58.36592246299229,margin_0.05,,122,43.163937930602025,49.23599723999999,1.0,2500000,4,scan-hop-ec12164d9eaf2027,49.23599723999999,validation,ok,1.0
ok,47.279092814520695,43.163937930602025,58.36592246299229,E09,50,CH3LU RX0+1,1.014669916999992,122,58.36592246299229,margin_0.075,,122,43.163937930602025,49.23599723999999,1.0,2500000,4,scan-hop-ec12164d9eaf2027,49.23599723999999,validation,ok,1.0
ok,47.279092814520695,43.163937930602025,58.36592246299229,E09,50,CH3LU RX0+1,1.014669916999992,122,58.36592246299229,margin_0.1,,122,43.163937930602025,49.23599723999999,1.0,2500000,4,scan-hop-ec12164d9eaf2027,49.23599723999999,validation,ok,1.0
ok,47.279092814520695,43.163937930602025,58.36592246299229,E09,50,CH3LU RX0+1,1.014669916999992,122,58.36592246299229,margin_0.15,,122,43.163937930602025,49.23599723999999,1.0,2500000,4,scan-hop-ec12164d9eaf2027,49.23599723999999,validation,ok,1.0
ok,47.279092814520695,43.163937930602025,58.36592246299229,E09,50,CH3LU RX0+1,1.014669916999992,122,58.36592246299229,margin_0.2,,122,43.163937930602025,49.23599723999999,1.0,2500000,4,scan-hop-ec12164d9eaf2027,49.23599723999999,validation,ok,1.0
,,,,E09,50,CH3LU RX0+1,,122,,top_1,fewer than four training observations in a source segment,65,,,0.5327868852459017,2500000,4,scan-hop-ec12164d9eaf2027,49.23599723999999,validation,insufficient_support,0.5138888888888888
,,,,E09,50,CH3LU RX0+1,,122,,top_2,fewer than four training observations in a source segment,111,,,0.9098360655737705,2500000,4,scan-hop-ec12164d9eaf2027,49.23599723999999,validation,insufficient_support,0.9027777777777778
,,,,E09,50,CH3LU RX0+1,,122,,top_4,fewer than four training observations in a source segment,118,,,0.9672131147540983,2500000,4,scan-hop-ec12164d9eaf2027,49.23599723999999,validation,insufficient_support,0.9583333333333334
ok,47.584458224086326,43.24339232455154,59.10510120313963,E09,50,CH3LU RX0+1,1.014669916999992,122,59.10510120313963,bounded_score_weight,,122,43.24339232455154,49.23599723999999,1.0,2500000,4,scan-hop-ec12164d9eaf2027,49.23599723999999,validation,ok,1.0
ok,47.65231280461874,43.240668806440226,59.591263514593464,E09,50,CH3LU RX0+1,1.014669916999992,122,59.591263514593464,production_score_weight,,122,43.240668806440226,49.23599723999999,1.0,2500000,4,scan-hop-ec12164d9eaf2027,49.23599723999999,validation,ok,1.0
ok,47.53794470669112,44.238055293119565,58.36592246299229,E09,50,CH3LU RX0+1,1.014669916999992,122,69.61350766483127,integer_epoch,,122,47.06748369646338,49.23599723999999,1.0,2500000,4,scan-hop-ec12164d9eaf2027,49.23599723999999,validation,ok,1.0
ok,106.64242566499912,97.6057268782726,1605.8401557642092,E11,14,CH3U RX0,1.0119928599999923,34,1605.8401557642092,baseline,,34,97.6057268782726,33.14524591099999,1.0,2500000,1,scan-hop-ec12164d9eaf2027,33.14524591099999,validation,ok,1.0
ok,106.64242566499912,97.6057268782726,1605.8401557642092,E11,14,CH3U RX0,1.0119928599999923,34,1605.8401557642092,margin_0.05,,34,97.6057268782726,33.14524591099999,1.0,2500000,1,scan-hop-ec12164d9eaf2027,33.14524591099999,validation,ok,1.0
ok,106.64242566499912,97.6057268782726,1605.8401557642092,E11,14,CH3U RX0,1.0119928599999923,34,1605.8401557642092,margin_0.075,,34,97.6057268782726,33.14524591099999,1.0,2500000,1,scan-hop-ec12164d9eaf2027,33.14524591099999,validation,ok,1.0
ok,106.64242566499912,97.6057268782726,1605.8401557642092,E11,14,CH3U RX0,1.0119928599999923,34,1605.8401557642092,margin_0.1,,34,97.6057268782726,33.14524591099999,1.0,2500000,1,scan-hop-ec12164d9eaf2027,33.14524591099999,validation,ok,1.0
ok,106.64242566499912,97.6057268782726,1605.8401557642092,E11,14,CH3U RX0,1.0119928599999923,34,1605.8401557642092,margin_0.15,,34,97.6057268782726,33.14524591099999,1.0,2500000,1,scan-hop-ec12164d9eaf2027,33.14524591099999,validation,ok,1.0
ok,106.64242566499912,97.6057268782726,1605.8401557642092,E11,14,CH3U RX0,1.0119928599999923,34,1605.8401557642092,margin_0.2,,34,97.6057268782726,33.14524591099999,1.0,2500000,1,scan-hop-ec12164d9eaf2027,33.14524591099999,validation,ok,1.0
ok,103.42207990368794,97.88038469135968,302.305327362939,E11,14,CH3U RX0,8.036507772999983,34,302.305327362939,top_1,,19,96.94296600547725,33.14524591099999,0.5588235294117647,2500000,1,scan-hop-ec12164d9eaf2027,33.14524591099999,validation,ok,0.55
ok,105.4981356856645,98.80346700340618,122.07458003696706,E11,14,CH3U RX0,3.0159869519999916,34,122.07458003696706,top_2,,26,99.51925444158738,33.14524591099999,0.7647058823529411,2500000,1,scan-hop-ec12164d9eaf2027,33.14524591099999,validation,ok,0.8
ok,104.93620675406238,99.22540281779108,122.07458003696706,E11,14,CH3U RX0,2.008000207000009,34,122.07458003696706,top_4,,28,97.566123779608,33.14524591099999,0.8235294117647058,2500000,1,scan-hop-ec12164d9eaf2027,33.14524591099999,validation,ok,0.8
ok,104.47325276595568,97.7997546491711,1589.5212046144372,E11,14,CH3U RX0,1.0119928599999923,34,1589.5212046144372,bounded_score_weight,,34,97.7997546491711,33.14524591099999,1.0,2500000,1,scan-hop-ec12164d9eaf2027,33.14524591099999,validation,ok,1.0
ok,104.47325276594883,97.79975464917285,1589.5212046144215,E11,14,CH3U RX0,1.0119928599999923,34,1589.5212046144215,production_score_weight,,34,97.79975464917285,33.14524591099999,1.0,2500000,1,scan-hop-ec12164d9eaf2027,33.14524591099999,validation,ok,1.0
ok,106.64242566499912,97.6057268782726,1605.8401557642092,E11,14,CH3U RX0,1.0119928599999923,34,1605.8401557642092,integer_epoch,,34,97.6057268782726,33.14524591099999,1.0,2500000,1,scan-hop-ec12164d9eaf2027,33.14524591099999,validation,ok,1.0
ok,85.1084443752896,78.26244552655903,206.1851978437692,E14,32,CH1LU RX1,1.0133400839999922,76,206.1851978437692,baseline,,76,78.26244552655903,37.672030979,1.0,2500000,2,scan-hop-ec12164d9eaf2027,37.672030979,validation,ok,1.0
ok,85.1084443752896,78.26244552655903,206.1851978437692,E14,32,CH1LU RX1,1.0133400839999922,76,206.1851978437692,margin_0.05,,76,78.26244552655903,37.672030979,1.0,2500000,2,scan-hop-ec12164d9eaf2027,37.672030979,validation,ok,1.0
ok,85.1084443752896,78.26244552655903,206.1851978437692,E14,32,CH1LU RX1,1.0133400839999922,76,206.1851978437692,margin_0.075,,76,78.26244552655903,37.672030979,1.0,2500000,2,scan-hop-ec12164d9eaf2027,37.672030979,validation,ok,1.0
ok,85.1084443752896,78.26244552655903,206.1851978437692,E14,32,CH1LU RX1,1.0133400839999922,76,206.1851978437692,margin_0.1,,76,78.26244552655903,37.672030979,1.0,2500000,2,scan-hop-ec12164d9eaf2027,37.672030979,validation,ok,1.0
ok,85.1084443752896,78.26244552655903,206.1851978437692,E14,32,CH1LU RX1,1.0133400839999922,76,206.1851978437692,margin_0.15,,76,78.26244552655903,37.672030979,1.0,2500000,2,scan-hop-ec12164d9eaf2027,37.672030979,validation,ok,1.0
ok,85.1084443752896,78.26244552655903,206.1851978437692,E14,32,CH1LU RX1,1.0133400839999922,76,206.1851978437692,margin_0.2,,76,78.26244552655903,37.672030979,1.0,2500000,2,scan-hop-ec12164d9eaf2027,37.672030979,validation,ok,1.0
ok,83.99793273182429,83.30953067168173,89.70246648376687,E14,32,CH1LU RX1,7.0333038400000305,76,89.70246648376687,top_1,,24,18.22821075210373,34.65368733600002,0.3157894736842105,2500000,2,scan-hop-ec12164d9eaf2027,37.672030979,validation,ok,0.2727272727272727
ok,87.07214289240012,83.97688819655373,350.22662731491374,E14,32,CH1LU RX1,4.022647727999981,76,350.22662731491374,top_2,,55,22.37180414842103,37.672030979,0.7236842105263158,2500000,2,scan-hop-ec12164d9eaf2027,37.672030979,validation,ok,0.75
ok,84.96671460805679,78.93781475384982,226.4190282394749,E14,32,CH1LU RX1,2.014679656999988,76,226.4190282394749,top_4,,73,71.17152091248035,37.672030979,0.9605263157894737,2500000,2,scan-hop-ec12164d9eaf2027,37.672030979,validation,ok,0.9772727272727273
ok,85.14294786712455,78.32505226560515,199.93462673607246,E14,32,CH1LU RX1,1.0133400839999922,76,199.93462673607246,bounded_score_weight,,76,78.32505226560515,37.672030979,1.0,2500000,2,scan-hop-ec12164d9eaf2027,37.672030979,validation,ok,1.0
ok,85.14294786714689,78.32505226560602,199.93462673787255,E14,32,CH1LU RX1,1.0133400839999922,76,199.93462673787255,production_score_weight,,76,78.32505226560602,37.672030979,1.0,2500000,2,scan-hop-ec12164d9eaf2027,37.672030979,validation,ok,1.0
ok,82.42495995314353,79.15723222901278,234.3631854579402,E14,32,CH1LU RX1,1.0133400839999922,76,234.3631854579402,integer_epoch,,76,77.2677250247859,37.672030979,1.0,2500000,2,scan-hop-ec12164d9eaf2027,37.672030979,validation,ok,1.0
ok,139.90247039099773,116.86776837211657,373.9366828737115,E08,46,CH4LU RX0+1,1.0153748599999943,110,373.9366828737115,baseline,,110,116.86776837211657,35.748126776999996,1.0,5000000,4,scan-hop-5c5c16278d4a13f5,35.748126776999996,validation,ok,1.0
ok,138.42668977656209,117.48806223429993,286.3020553285154,E08,46,CH4LU RX0+1,3.016020114,110,286.3020553285154,margin_0.05,,108,113.54523061635525,35.748126776999996,0.9818181818181818,5000000,4,scan-hop-5c5c16278d4a13f5,35.748126776999996,validation,ok,0.96875
ok,137.97684003233564,118.45915301223219,226.98545790572368,E08,46,CH4LU RX0+1,3.016020114,110,226.98545790572368,margin_0.075,,107,111.95871280804572,35.748126776999996,0.9727272727272728,5000000,4,scan-hop-5c5c16278d4a13f5,35.748126776999996,validation,ok,0.953125
ok,138.78268579216925,117.85229826595653,303.3646543119729,E08,46,CH4LU RX0+1,1.0153748599999943,110,303.3646543119729,margin_0.1,,106,111.88100323320538,35.748126776999996,0.9636363636363636,5000000,4,scan-hop-5c5c16278d4a13f5,35.748126776999996,validation,ok,0.9375
ok,138.91001381804057,118.61443993431452,277.70158824908924,E08,46,CH4LU RX0+1,1.0153748599999943,110,277.70158824908924,margin_0.15,,105,111.4380881804467,35.748126776999996,0.9545454545454546,5000000,4,scan-hop-5c5c16278d4a13f5,35.748126776999996,validation,ok,0.921875
ok,139.40871597674885,118.96562434296676,185.67669548127037,E08,46,CH4LU RX0+1,2.0140660259999947,110,185.67669548127037,margin_0.2,,102,111.78717162852597,35.748126776999996,0.9272727272727272,5000000,4,scan-hop-5c5c16278d4a13f5,35.748126776999996,validation,ok,0.890625
ok,149.66335554575141,119.52396389872702,2181.915483850369,E08,46,CH4LU RX0+1,7.053358321999994,110,2181.915483850369,top_1,,44,130.31621644247048,32.721445239999994,0.4,5000000,4,scan-hop-5c5c16278d4a13f5,35.748126776999996,validation,ok,0.421875
ok,137.3242678501617,119.33992351947607,483.57869747630974,E08,46,CH4LU RX0+1,7.053358321999994,110,483.57869747630974,top_2,,81,100.81335869258402,35.748126776999996,0.7363636363636363,5000000,4,scan-hop-5c5c16278d4a13f5,35.748126776999996,validation,ok,0.8125
ok,139.91490922633878,117.73745492260426,314.5643966537191,E08,46,CH4LU RX0+1,7.043809627000002,110,314.5643966537191,top_4,,95,110.3070075329544,35.748126776999996,0.8636363636363636,5000000,4,scan-hop-5c5c16278d4a13f5,35.748126776999996,validation,ok,0.953125
ok,136.17816136251042,117.40219308397911,256.692115137724,E08,46,CH4LU RX0+1,1.0153748599999943,110,256.692115137724,bounded_score_weight,,110,117.40219308397911,35.748126776999996,1.0,5000000,4,scan-hop-5c5c16278d4a13f5,35.748126776999996,validation,ok,1.0
ok,135.72510841516447,118.59219042628453,207.04288002557382,E08,46,CH4LU RX0+1,1.0153748599999943,110,207.04288002557382,production_score_weight,,110,118.59219042628453,35.748126776999996,1.0,5000000,4,scan-hop-5c5c16278d4a13f5,35.748126776999996,validation,ok,1.0
ok,140.17448320134494,117.90245889284981,503.63678892262635,E08,46,CH4LU RX0+1,1.0153748599999943,110,509.3903677319156,integer_epoch,,110,116.51926151671117,35.748126776999996,1.0,5000000,4,scan-hop-5c5c16278d4a13f5,35.748126776999996,validation,ok,1.0
ok,65.59904981667225,56.67158708264884,814.6174550433452,E09,36,CH3LU RX1,1.0135624950000022,88,814.6174550433452,baseline,,88,56.67158708264884,49.326670676999996,1.0,5000000,2,scan-hop-5c5c16278d4a13f5,49.326670676999996,validation,ok,1.0
ok,65.59904981667225,56.67158708264884,814.6174550433452,E09,36,CH3LU RX1,1.0135624950000022,88,814.6174550433452,margin_0.05,,88,56.67158708264884,49.326670676999996,1.0,5000000,2,scan-hop-5c5c16278d4a13f5,49.326670676999996,validation,ok,1.0
ok,65.59904981667225,56.67158708264884,814.6174550433452,E09,36,CH3LU RX1,1.0135624950000022,88,814.6174550433452,margin_0.075,,88,56.67158708264884,49.326670676999996,1.0,5000000,2,scan-hop-5c5c16278d4a13f5,49.326670676999996,validation,ok,1.0
ok,65.59904981667225,56.67158708264884,814.6174550433452,E09,36,CH3LU RX1,1.0135624950000022,88,814.6174550433452,margin_0.1,,88,56.67158708264884,49.326670676999996,1.0,5000000,2,scan-hop-5c5c16278d4a13f5,49.326670676999996,validation,ok,1.0
ok,65.59904981667225,56.67158708264884,814.6174550433452,E09,36,CH3LU RX1,1.0135624950000022,88,814.6174550433452,margin_0.15,,88,56.67158708264884,49.326670676999996,1.0,5000000,2,scan-hop-5c5c16278d4a13f5,49.326670676999996,validation,ok,1.0
ok,63.949313220471076,58.12808902373288,814.6174550433452,E09,36,CH3LU RX1,1.0135624950000022,88,814.6174550433452,margin_0.2,,87,52.28796083543231,48.32134592599999,0.9886363636363636,5000000,2,scan-hop-5c5c16278d4a13f5,49.326670676999996,validation,ok,1.0
ok,67.28365695237099,61.216522649870285,655.98166695422,E09,36,CH3LU RX1,9.055927654000001,88,655.98166695422,top_1,,48,29.985424348943315,47.313061058,0.5454545454545454,5000000,2,scan-hop-5c5c16278d4a13f5,49.326670676999996,validation,ok,0.5384615384615384
ok,63.91215843592971,59.93656973354,553.2149374896785,E09,36,CH3LU RX1,3.016003523000009,88,553.2149374896785,top_2,,76,31.009366540331193,48.32134592599999,0.8636363636363636,5000000,2,scan-hop-5c5c16278d4a13f5,49.326670676999996,validation,ok,0.8653846153846154
ok,64.89630925917483,56.83379324902975,537.3407954400334,E09,36,CH3LU RX1,2.011994745999999,88,537.3407954400334,top_4,,87,53.164050310631936,49.326670676999996,0.9886363636363636,5000000,2,scan-hop-5c5c16278d4a13f5,49.326670676999996,validation,ok,0.9807692307692307
ok,64.41726985623477,57.04082808129703,853.0836119376712,E09,36,CH3LU RX1,1.0135624950000022,88,853.0836119376712,bounded_score_weight,,88,57.04082808129703,49.326670676999996,1.0,5000000,2,scan-hop-5c5c16278d4a13f5,49.326670676999996,validation,ok,1.0
ok,64.2135965367913,57.20462708463018,853.0836119374413,E09,36,CH3LU RX1,1.0135624950000022,88,853.0836119374413,production_score_weight,,88,57.20462708463018,49.326670676999996,1.0,5000000,2,scan-hop-5c5c16278d4a13f5,49.326670676999996,validation,ok,1.0
ok,65.59904981667225,56.67158708264884,814.6174550433452,E09,36,CH3LU RX1,1.0135624950000022,88,814.6174550433452,integer_epoch,,88,56.67158708264884,49.326670676999996,1.0,5000000,2,scan-hop-5c5c16278d4a13f5,49.326670676999996,validation,ok,1.0
ok,197.8861475257097,181.62639806480195,287.6386070491523,E10,20,CH3LU RX0,1.0127062649999914,48,287.6386070491523,baseline,,48,181.62639806480195,36.22808143100001,1.0,5000000,2,scan-hop-5c5c16278d4a13f5,36.22808143100001,validation,ok,1.0
ok,197.8861475257097,181.62639806480195,287.6386070491523,E10,20,CH3LU RX0,1.0127062649999914,48,287.6386070491523,margin_0.05,,48,181.62639806480195,36.22808143100001,1.0,5000000,2,scan-hop-5c5c16278d4a13f5,36.22808143100001,validation,ok,1.0
ok,200.68384738743714,185.18621420900215,582.5516455314307,E10,20,CH3LU RX0,1.0127062649999914,48,582.5516455314307,margin_0.075,,46,182.844781786135,34.21606689900001,0.9583333333333334,5000000,2,scan-hop-5c5c16278d4a13f5,36.22808143100001,validation,ok,0.9285714285714286
ok,219.06218951971525,218.71367313325112,355.66352922585565,E10,20,CH3LU RX0,1.0093337679999905,48,355.66352922585565,margin_0.1,,43,168.8065208841757,31.192136433,0.8958333333333334,5000000,2,scan-hop-5c5c16278d4a13f5,36.22808143100001,validation,ok,0.8214285714285714
ok,226.28313725991666,223.72445021102527,353.83715611787045,E10,20,CH3LU RX0,2.0107679049999945,48,353.83715611787045,margin_0.15,,42,170.69458622408715,31.192136433,0.875,5000000,2,scan-hop-5c5c16278d4a13f5,36.22808143100001,validation,ok,0.7857142857142857
ok,215.91980603793485,216.39457854636277,316.35116707920093,E10,20,CH3LU RX0,2.0120100469999898,48,316.35116707920093,margin_0.2,,41,170.01177930511787,31.192136433,0.8541666666666666,5000000,2,scan-hop-5c5c16278d4a13f5,36.22808143100001,validation,ok,0.75
,,,,E10,20,CH3LU RX0,,48,,top_1,fewer than four training observations in a source segment,28,,,0.5833333333333334,5000000,2,scan-hop-5c5c16278d4a13f5,36.22808143100001,validation,insufficient_support,0.5357142857142857
,,,,E10,20,CH3LU RX0,,48,,top_2,fewer than four training observations in a source segment,30,,,0.625,5000000,2,scan-hop-5c5c16278d4a13f5,36.22808143100001,validation,insufficient_support,0.5714285714285714
,,,,E10,20,CH3LU RX0,,48,,top_4,fewer than four training observations in a source segment,35,,,0.7291666666666666,5000000,2,scan-hop-5c5c16278d4a13f5,36.22808143100001,validation,insufficient_support,0.6785714285714286
ok,197.16585292547015,182.4407452054917,320.8106470423233,E10,20,CH3LU RX0,1.0127062649999914,48,320.8106470423233,bounded_score_weight,,48,182.4407452054917,36.22808143100001,1.0,5000000,2,scan-hop-5c5c16278d4a13f5,36.22808143100001,validation,ok,1.0
ok,200.09685869470968,183.81776769873602,364.27685040045066,E10,20,CH3LU RX0,1.0127062649999914,48,364.27685040045066,production_score_weight,,48,183.81776769873602,36.22808143100001,1.0,5000000,2,scan-hop-5c5c16278d4a13f5,36.22808143100001,validation,ok,1.0
ok,205.84754936307982,183.9074975994817,662.7667182681242,E10,20,CH3LU RX0,1.0127062649999914,48,662.7667182681242,integer_epoch,,48,171.81283470476504,36.22808143100001,1.0,5000000,2,scan-hop-5c5c16278d4a13f5,36.22808143100001,validation,ok,1.0
ok,66.13175106283262,58.816878284877966,577.3747937876637,E15,43,CH4LU RX0+1,1.0186656150000033,105,577.3747937876637,baseline,,105,58.816878284877966,48.31199191600001,1.0,5000000,3,scan-hop-5c5c16278d4a13f5,48.31199191600001,validation,ok,1.0
ok,66.13175106283262,58.816878284877966,577.3747937876637,E15,43,CH4LU RX0+1,1.0186656150000033,105,577.3747937876637,margin_0.05,,105,58.816878284877966,48.31199191600001,1.0,5000000,3,scan-hop-5c5c16278d4a13f5,48.31199191600001,validation,ok,1.0
ok,66.13175106283262,58.816878284877966,577.3747937876637,E15,43,CH4LU RX0+1,1.0186656150000033,105,577.3747937876637,margin_0.075,,105,58.816878284877966,48.31199191600001,1.0,5000000,3,scan-hop-5c5c16278d4a13f5,48.31199191600001,validation,ok,1.0
ok,66.13175106283262,58.816878284877966,577.3747937876637,E15,43,CH4LU RX0+1,1.0186656150000033,105,577.3747937876637,margin_0.1,,105,58.816878284877966,48.31199191600001,1.0,5000000,3,scan-hop-5c5c16278d4a13f5,48.31199191600001,validation,ok,1.0
ok,66.13175106283262,58.816878284877966,577.3747937876637,E15,43,CH4LU RX0+1,1.0186656150000033,105,577.3747937876637,margin_0.15,,105,58.816878284877966,48.31199191600001,1.0,5000000,3,scan-hop-5c5c16278d4a13f5,48.31199191600001,validation,ok,1.0
,,,,E15,43,CH4LU RX0+1,,105,,margin_0.2,fewer than four training observations in a source segment,100,,,0.9523809523809523,5000000,3,scan-hop-5c5c16278d4a13f5,48.31199191600001,validation,insufficient_support,0.9516129032258065
fewer than four training observations in a source segment,,62.22332052663504,406.3438616259781,E15,43,CH4LU RX0+1,13.097203051999998,105,406.3438616259781,top_1,,45,47.656483366443176,47.30398451300002,0.42857142857142855,5000000,3,scan-hop-5c5c16278d4a13f5,48.31199191600001,validation,ok,0.5
fewer than four training observations in a source segment,,60.49551197093867,466.0388352242996,E15,43,CH4LU RX0+1,3.021668653000006,105,466.0388352242996,top_2,,94,39.149358260542584,48.31199191600001,0.8952380952380953,5000000,3,scan-hop-5c5c16278d4a13f5,48.31199191600001,validation,ok,0.8709677419354839
fewer than four training observations in a source segment,,59.08121670200613,407.4478515733509,E15,43,CH4LU RX0+1,3.021668653000006,105,407.4478515733509,top_4,,101,53.4020211150743,48.31199191600001,0.9619047619047619,5000000,3,scan-hop-5c5c16278d4a13f5,48.31199191600001,validation,ok,0.967741935483871
ok,65.78158385313225,58.85658301111362,500.07166964984646,E15,43,CH4LU RX0+1,1.0186656150000033,105,500.07166964984646,bounded_score_weight,,105,58.85658301111362,48.31199191600001,1.0,5000000,3,scan-hop-5c5c16278d4a13f5,48.31199191600001,validation,ok,1.0
ok,65.66578316106896,58.88699984920495,506.0045380999669,E15,43,CH4LU RX0+1,1.0186656150000033,105,506.0045380999669,production_score_weight,,105,58.88699984920495,48.31199191600001,1.0,5000000,3,scan-hop-5c5c16278d4a13f5,48.31199191600001,validation,ok,1.0
ok,66.13175106283262,58.816878284877966,577.3747937876637,E15,43,CH4LU RX0+1,1.0186656150000033,105,577.3747937876637,integer_epoch,,105,58.816878284877966,48.31199191600001,1.0,5000000,3,scan-hop-5c5c16278d4a13f5,48.31199191600001,validation,ok,1.0
ok,115.08767057538681,95.10655916673299,160.80946128890446,E03,31,CH1LU RX1,1.0119968169999964,76,160.80946128890446,baseline,,76,95.10655916673299,38.145816241000006,1.0,2500000,2,scan-hop-c4f1c9f1f232cb03,38.145816241000006,validation,ok,1.0
ok,115.08767057538681,95.10655916673299,160.80946128890446,E03,31,CH1LU RX1,1.0119968169999964,76,160.80946128890446,margin_0.05,,76,95.10655916673299,38.145816241000006,1.0,2500000,2,scan-hop-c4f1c9f1f232cb03,38.145816241000006,validation,ok,1.0
ok,115.08767057538681,95.10655916673299,160.80946128890446,E03,31,CH1LU RX1,1.0119968169999964,76,160.80946128890446,margin_0.075,,76,95.10655916673299,38.145816241000006,1.0,2500000,2,scan-hop-c4f1c9f1f232cb03,38.145816241000006,validation,ok,1.0
ok,115.08767057538681,95.10655916673299,160.80946128890446,E03,31,CH1LU RX1,1.0119968169999964,76,160.80946128890446,margin_0.1,,76,95.10655916673299,38.145816241000006,1.0,2500000,2,scan-hop-c4f1c9f1f232cb03,38.145816241000006,validation,ok,1.0
ok,115.08767057538681,95.10655916673299,160.80946128890446,E03,31,CH1LU RX1,1.0119968169999964,76,160.80946128890446,margin_0.15,,76,95.10655916673299,38.145816241000006,1.0,2500000,2,scan-hop-c4f1c9f1f232cb03,38.145816241000006,validation,ok,1.0
ok,115.08767057538681,95.10655916673299,160.80946128890446,E03,31,CH1LU RX1,1.0119968169999964,76,160.80946128890446,margin_0.2,,76,95.10655916673299,38.145816241000006,1.0,2500000,2,scan-hop-c4f1c9f1f232cb03,38.145816241000006,validation,ok,1.0
ok,123.43577016867897,116.77064387867021,349.86808455764157,E03,31,CH1LU RX1,10.037333001,76,349.86808455764157,top_1,,28,32.0899468614067,37.143068187000004,0.3684210526315789,2500000,2,scan-hop-c4f1c9f1f232cb03,38.145816241000006,validation,ok,0.37777777777777777
ok,121.65615612881292,115.04070522368444,392.09167864858006,E03,31,CH1LU RX1,7.023978788999997,76,392.09167864858006,top_2,,44,31.78457167975488,37.143068187000004,0.5789473684210527,2500000,2,scan-hop-c4f1c9f1f232cb03,38.145816241000006,validation,ok,0.5333333333333333
ok,114.6986703275248,95.33244348988086,190.56824192375177,E03,31,CH1LU RX1,3.010346221000006,76,190.56824192375177,top_4,,72,89.61845066050986,38.145816241000006,0.9473684210526315,2500000,2,scan-hop-c4f1c9f1f232cb03,38.145816241000006,validation,ok,0.9555555555555556
ok,113.99676921808484,95.1928693916084,158.28868183640057,E03,31,CH1LU RX1,1.0119968169999964,76,158.28868183640057,bounded_score_weight,,76,95.1928693916084,38.145816241000006,1.0,2500000,2,scan-hop-c4f1c9f1f232cb03,38.145816241000006,validation,ok,1.0
ok,113.99676921809265,95.19364179477473,158.3272671231728,E03,31,CH1LU RX1,1.0119968169999964,76,158.3272671231728,production_score_weight,,76,95.19364179477473,38.145816241000006,1.0,2500000,2,scan-hop-c4f1c9f1f232cb03,38.145816241000006,validation,ok,1.0
ok,115.08767057538681,95.10655916673299,160.80946128890446,E03,31,CH1LU RX1,1.0119968169999964,76,160.80946128890446,integer_epoch,,76,95.10655916673299,38.145816241000006,1.0,2500000,2,scan-hop-c4f1c9f1f232cb03,38.145816241000006,validation,ok,1.0
ok,57.34206978255937,52.19592263858272,808.7308062362927,E16,33,CH4LU RX1,1.0139584220000017,80,808.7308062362927,baseline,,80,52.19592263858272,41.21341923099999,1.0,2500000,2,scan-hop-c4f1c9f1f232cb03,41.21341923099999,validation,ok,1.0
ok,57.34206978255937,52.19592263858272,808.7308062362927,E16,33,CH4LU RX1,1.0139584220000017,80,808.7308062362927,margin_0.05,,80,52.19592263858272,41.21341923099999,1.0,2500000,2,scan-hop-c4f1c9f1f232cb03,41.21341923099999,validation,ok,1.0
ok,57.34206978255937,52.19592263858272,808.7308062362927,E16,33,CH4LU RX1,1.0139584220000017,80,808.7308062362927,margin_0.075,,80,52.19592263858272,41.21341923099999,1.0,2500000,2,scan-hop-c4f1c9f1f232cb03,41.21341923099999,validation,ok,1.0
ok,57.34206978255937,52.19592263858272,808.7308062362927,E16,33,CH4LU RX1,1.0139584220000017,80,808.7308062362927,margin_0.1,,80,52.19592263858272,41.21341923099999,1.0,2500000,2,scan-hop-c4f1c9f1f232cb03,41.21341923099999,validation,ok,1.0
ok,57.34206978255937,52.19592263858272,808.7308062362927,E16,33,CH4LU RX1,1.0139584220000017,80,808.7308062362927,margin_0.15,,80,52.19592263858272,41.21341923099999,1.0,2500000,2,scan-hop-c4f1c9f1f232cb03,41.21341923099999,validation,ok,1.0
ok,57.34206978255937,52.19592263858272,808.7308062362927,E16,33,CH4LU RX1,1.0139584220000017,80,808.7308062362927,margin_0.2,,80,52.19592263858272,41.21341923099999,1.0,2500000,2,scan-hop-c4f1c9f1f232cb03,41.21341923099999,validation,ok,1.0
ok,56.263310261795375,53.508950222038834,400.75421968361326,E16,33,CH4LU RX1,4.028018524000004,80,400.75421968361326,top_1,,48,26.330614930446675,40.710748838,0.6,2500000,2,scan-hop-c4f1c9f1f232cb03,41.21341923099999,validation,ok,0.5957446808510638
ok,57.14545488705622,54.87914204503619,358.8545941131011,E16,33,CH4LU RX1,4.01867343699999,80,358.8545941131011,top_2,,76,27.680482824749586,41.21341923099999,0.95,2500000,2,scan-hop-c4f1c9f1f232cb03,41.21341923099999,validation,ok,0.9361702127659575
ok,56.74515268986512,52.319476022795286,602.5208647450971,E16,33,CH4LU RX1,2.006669472999988,80,602.5208647450971,top_4,,79,49.816617413163826,41.21341923099999,0.9875,2500000,2,scan-hop-c4f1c9f1f232cb03,41.21341923099999,validation,ok,0.9787234042553191
ok,57.3275832938296,52.220364151201075,877.5655757561316,E16,33,CH4LU RX1,1.0139584220000017,80,877.5655757561316,bounded_score_weight,,80,52.220364151201075,41.21341923099999,1.0,2500000,2,scan-hop-c4f1c9f1f232cb03,41.21341923099999,validation,ok,1.0
ok,57.32758329393033,52.22036415120488,877.5655757586225,E16,33,CH4LU RX1,1.0139584220000017,80,877.5655757586225,production_score_weight,,80,52.22036415120488,41.21341923099999,1.0,2500000,2,scan-hop-c4f1c9f1f232cb03,41.21341923099999,validation,ok,1.0
ok,57.34206978255937,52.19592263858272,808.7308062362927,E16,33,CH4LU RX1,1.0139584220000017,80,808.7308062362927,integer_epoch,,80,52.19592263858272,41.21341923099999,1.0,2500000,2,scan-hop-c4f1c9f1f232cb03,41.21341923099999,validation,ok,1.0
ok,85.91466677426622,76.22754415532474,121.50462656257741,E10,40,CH1LU RX0+1,1.013339191,95,121.50462656257741,baseline,,95,76.22754415532474,42.786274945,1.0,5000000,4,scan-hop-9e66ff36c790bb61,42.786274945,validation,ok,1.0
ok,85.91466677426622,76.22754415532474,121.50462656257741,E10,40,CH1LU RX0+1,1.013339191,95,121.50462656257741,margin_0.05,,95,76.22754415532474,42.786274945,1.0,5000000,4,scan-hop-9e66ff36c790bb61,42.786274945,validation,ok,1.0
ok,85.91466677426622,76.22754415532474,121.50462656257741,E10,40,CH1LU RX0+1,1.013339191,95,121.50462656257741,margin_0.075,,95,76.22754415532474,42.786274945,1.0,5000000,4,scan-hop-9e66ff36c790bb61,42.786274945,validation,ok,1.0
ok,85.91466677426622,76.22754415532474,121.50462656257741,E10,40,CH1LU RX0+1,1.013339191,95,121.50462656257741,margin_0.1,,95,76.22754415532474,42.786274945,1.0,5000000,4,scan-hop-9e66ff36c790bb61,42.786274945,validation,ok,1.0
ok,85.91466677426622,76.22754415532474,121.50462656257741,E10,40,CH1LU RX0+1,1.013339191,95,121.50462656257741,margin_0.15,,95,76.22754415532474,42.786274945,1.0,5000000,4,scan-hop-9e66ff36c790bb61,42.786274945,validation,ok,1.0
ok,85.91466677426622,76.22754415532474,121.50462656257741,E10,40,CH1LU RX0+1,1.013339191,95,121.50462656257741,margin_0.2,,95,76.22754415532474,42.786274945,1.0,5000000,4,scan-hop-9e66ff36c790bb61,42.786274945,validation,ok,1.0
,,,,E10,40,CH1LU RX0+1,,95,,top_1,fewer than four training observations in a source segment,56,,,0.5894736842105263,5000000,4,scan-hop-9e66ff36c790bb61,42.786274945,validation,insufficient_support,0.6
,,,,E10,40,CH1LU RX0+1,,95,,top_2,fewer than four training observations in a source segment,85,,,0.8947368421052632,5000000,4,scan-hop-9e66ff36c790bb61,42.786274945,validation,insufficient_support,0.8909090909090909
,,,,E10,40,CH1LU RX0+1,,95,,top_4,fewer than four training observations in a source segment,87,,,0.9157894736842105,5000000,4,scan-hop-9e66ff36c790bb61,42.786274945,validation,insufficient_support,0.9090909090909091
ok,87.18534504889053,76.35779037294253,123.3762221525191,E10,40,CH1LU RX0+1,1.013339191,95,123.3762221525191,bounded_score_weight,,95,76.35779037294253,42.786274945,1.0,5000000,4,scan-hop-9e66ff36c790bb61,42.786274945,validation,ok,1.0
ok,87.18534504894917,76.35779037295832,123.37622215226529,E10,40,CH1LU RX0+1,1.013339191,95,123.37622215226529,production_score_weight,,95,76.35779037295832,42.786274945,1.0,5000000,4,scan-hop-9e66ff36c790bb61,42.786274945,validation,ok,1.0
ok,85.91466677426622,76.22754415532474,121.50462656257741,E10,40,CH1LU RX0+1,1.013339191,95,121.50462656257741,integer_epoch,,95,76.22754415532474,42.786274945,1.0,5000000,4,scan-hop-9e66ff36c790bb61,42.786274945,validation,ok,1.0
ok,137.26269729066647,110.81905897784898,298.9284821655998,E11,24,CH1L RX0+1,1.0133369739999978,59,298.9284821655998,baseline,,59,110.81905897784898,41.27056117499998,1.0,5000000,2,scan-hop-9e66ff36c790bb61,41.27056117499998,validation,ok,1.0
ok,137.26269729066647,110.81905897784898,298.9284821655998,E11,24,CH1L RX0+1,1.0133369739999978,59,298.9284821655998,margin_0.05,,59,110.81905897784898,41.27056117499998,1.0,5000000,2,scan-hop-9e66ff36c790bb61,41.27056117499998,validation,ok,1.0
ok,137.26269729066647,110.81905897784898,298.9284821655998,E11,24,CH1L RX0+1,1.0133369739999978,59,298.9284821655998,margin_0.075,,59,110.81905897784898,41.27056117499998,1.0,5000000,2,scan-hop-9e66ff36c790bb61,41.27056117499998,validation,ok,1.0
ok,137.26269729066647,110.81905897784898,298.9284821655998,E11,24,CH1L RX0+1,1.0133369739999978,59,298.9284821655998,margin_0.1,,59,110.81905897784898,41.27056117499998,1.0,5000000,2,scan-hop-9e66ff36c790bb61,41.27056117499998,validation,ok,1.0
ok,137.26269729066647,110.81905897784898,298.9284821655998,E11,24,CH1L RX0+1,1.0133369739999978,59,298.9284821655998,margin_0.15,,59,110.81905897784898,41.27056117499998,1.0,5000000,2,scan-hop-9e66ff36c790bb61,41.27056117499998,validation,ok,1.0
ok,134.9723703104544,112.70105780339436,465.46600892462493,E11,24,CH1L RX0+1,2.012005654999996,59,465.46600892462493,margin_0.2,,55,94.51989102329217,38.245216973,0.9322033898305084,5000000,2,scan-hop-9e66ff36c790bb61,41.27056117499998,validation,ok,0.8857142857142857
ok,129.43221709288022,114.09853675609614,448.6444459840057,E11,24,CH1L RX0+1,7.0506736419999925,59,448.6444459840057,top_1,,33,108.82315512993836,39.25055357099998,0.559322033898305,5000000,2,scan-hop-9e66ff36c790bb61,41.27056117499998,validation,ok,0.5714285714285714
ok,138.2640112131964,112.2225419213176,469.1702164586436,E11,24,CH1L RX0+1,7.0506736419999925,59,469.1702164586436,top_2,,50,98.57249507031136,40.26389054499998,0.847457627118644,5000000,2,scan-hop-9e66ff36c790bb61,41.27056117499998,validation,ok,0.7714285714285715
ok,142.18967861961855,110.86614829870207,312.32869783712005,E11,24,CH1L RX0+1,2.0141430299999854,59,312.32869783712005,top_4,,57,109.99178269428894,41.27056117499998,0.9661016949152542,5000000,2,scan-hop-9e66ff36c790bb61,41.27056117499998,validation,ok,0.9428571428571428
ok,136.6090563225465,111.12341827701779,294.3547704129166,E11,24,CH1L RX0+1,1.0133369739999978,59,294.3547704129166,bounded_score_weight,,59,111.12341827701779,41.27056117499998,1.0,5000000,2,scan-hop-9e66ff36c790bb61,41.27056117499998,validation,ok,1.0
ok,135.6608443794667,111.30053158453828,299.21130734908553,E11,24,CH1L RX0+1,1.0133369739999978,59,299.21130734908553,production_score_weight,,59,111.30053158453828,41.27056117499998,1.0,5000000,2,scan-hop-9e66ff36c790bb61,41.27056117499998,validation,ok,1.0
ok,137.02350791567852,111.91832828803194,406.59179528073264,E11,24,CH1L RX0+1,1.0133369739999978,59,406.59179528073264,integer_epoch,,59,103.17155936446876,41.27056117499998,1.0,5000000,2,scan-hop-9e66ff36c790bb61,41.27056117499998,validation,ok,1.0
ok,70.14153552714747,57.520167405426655,292.677593572737,E04,24,CH4LU RX1,1.011518095999996,59,292.677593572737,baseline,,59,57.520167405426655,41.187607221,1.0,2500000,2,scan-hop-ebfc15146970e524,41.187607221,validation,ok,1.0
ok,70.14153552714747,57.520167405426655,292.677593572737,E04,24,CH4LU RX1,1.011518095999996,59,292.677593572737,margin_0.05,,59,57.520167405426655,41.187607221,1.0,2500000,2,scan-hop-ebfc15146970e524,41.187607221,validation,ok,1.0
ok,70.14153552714747,57.520167405426655,292.677593572737,E04,24,CH4LU RX1,1.011518095999996,59,292.677593572737,margin_0.075,,59,57.520167405426655,41.187607221,1.0,2500000,2,scan-hop-ebfc15146970e524,41.187607221,validation,ok,1.0
ok,70.14153552714747,57.520167405426655,292.677593572737,E04,24,CH4LU RX1,1.011518095999996,59,292.677593572737,margin_0.1,,59,57.520167405426655,41.187607221,1.0,2500000,2,scan-hop-ebfc15146970e524,41.187607221,validation,ok,1.0
ok,70.14153552714747,57.520167405426655,292.677593572737,E04,24,CH4LU RX1,1.011518095999996,59,292.677593572737,margin_0.15,,59,57.520167405426655,41.187607221,1.0,2500000,2,scan-hop-ebfc15146970e524,41.187607221,validation,ok,1.0
ok,70.14153552714747,57.520167405426655,292.677593572737,E04,24,CH4LU RX1,1.011518095999996,59,292.677593572737,margin_0.2,,59,57.520167405426655,41.187607221,1.0,2500000,2,scan-hop-ebfc15146970e524,41.187607221,validation,ok,1.0
ok,64.47743763240736,60.21182926972717,174.5665873403343,E04,24,CH4LU RX1,4.026669439000003,59,174.5665873403343,top_1,,33,21.28210019816782,41.187607221,0.559322033898305,2500000,2,scan-hop-ebfc15146970e524,41.187607221,validation,ok,0.4857142857142857
ok,63.8711514271373,59.62400106990917,84.65416636159091,E04,24,CH4LU RX1,3.0173288659999997,59,84.65416636159091,top_2,,53,22.157232405030992,41.187607221,0.8983050847457628,2500000,2,scan-hop-ebfc15146970e524,41.187607221,validation,ok,0.8857142857142857
ok,66.86512028381979,59.014332487158505,108.83682215148534,E04,24,CH4LU RX1,2.0133597069999993,59,108.83682215148534,top_4,,56,38.76636255857507,41.187607221,0.9491525423728814,2500000,2,scan-hop-ebfc15146970e524,41.187607221,validation,ok,0.9428571428571428
ok,70.55224588327178,57.564009286055175,220.30537133217757,E04,24,CH4LU RX1,1.011518095999996,59,220.30537133217757,bounded_score_weight,,59,57.564009286055175,41.187607221,1.0,2500000,2,scan-hop-ebfc15146970e524,41.187607221,validation,ok,1.0
ok,70.55224588326692,57.564009286055715,220.30537133234102,E04,24,CH4LU RX1,1.011518095999996,59,220.30537133234102,production_score_weight,,59,57.564009286055715,41.187607221,1.0,2500000,2,scan-hop-ebfc15146970e524,41.187607221,validation,ok,1.0
ok,70.14153552714747,57.520167405426655,292.677593572737,E04,24,CH4LU RX1,1.011518095999996,59,292.677593572737,integer_epoch,,59,57.520167405426655,41.187607221,1.0,2500000,2,scan-hop-ebfc15146970e524,41.187607221,validation,ok,1.0
ok,68.2124812899763,54.723700998030324,83.71174141037173,E13,26,CH1LU RX0+1,1.0116357809999954,61,83.71174141037173,baseline,,61,54.723700998030324,32.147873248999986,1.0,2500000,3,scan-hop-ebfc15146970e524,32.147873248999986,validation,ok,1.0
ok,68.2124812899763,54.723700998030324,83.71174141037173,E13,26,CH1LU RX0+1,1.0116357809999954,61,83.71174141037173,margin_0.05,,61,54.723700998030324,32.147873248999986,1.0,2500000,3,scan-hop-ebfc15146970e524,32.147873248999986,validation,ok,1.0
ok,68.2124812899763,54.723700998030324,83.71174141037173,E13,26,CH1LU RX0+1,1.0116357809999954,61,83.71174141037173,margin_0.075,,61,54.723700998030324,32.147873248999986,1.0,2500000,3,scan-hop-ebfc15146970e524,32.147873248999986,validation,ok,1.0
ok,68.2124812899763,54.723700998030324,83.71174141037173,E13,26,CH1LU RX0+1,1.0116357809999954,61,83.71174141037173,margin_0.1,,61,54.723700998030324,32.147873248999986,1.0,2500000,3,scan-hop-ebfc15146970e524,32.147873248999986,validation,ok,1.0
ok,68.2124812899763,54.723700998030324,83.71174141037173,E13,26,CH1LU RX0+1,1.0116357809999954,61,83.71174141037173,margin_0.15,,61,54.723700998030324,32.147873248999986,1.0,2500000,3,scan-hop-ebfc15146970e524,32.147873248999986,validation,ok,1.0
ok,68.2124812899763,54.723700998030324,83.71174141037173,E13,26,CH1LU RX0+1,1.0116357809999954,61,83.71174141037173,margin_0.2,,61,54.723700998030324,32.147873248999986,1.0,2500000,3,scan-hop-ebfc15146970e524,32.147873248999986,validation,ok,1.0
,,,,E13,26,CH1LU RX0+1,,61,,top_1,fewer than four training observations in a source segment,27,,,0.4426229508196721,2500000,3,scan-hop-ebfc15146970e524,32.147873248999986,validation,insufficient_support,0.3142857142857143
,,,,E13,26,CH1LU RX0+1,,61,,top_2,fewer than four training observations in a source segment,52,,,0.8524590163934426,2500000,3,scan-hop-ebfc15146970e524,32.147873248999986,validation,insufficient_support,0.8
,,,,E13,26,CH1LU RX0+1,,61,,top_4,fewer than four training observations in a source segment,54,,,0.8852459016393442,2500000,3,scan-hop-ebfc15146970e524,32.147873248999986,validation,insufficient_support,0.8
ok,67.62535006139014,54.7514719589948,86.62729390608342,E13,26,CH1LU RX0+1,1.0116357809999954,61,86.62729390608342,bounded_score_weight,,61,54.7514719589948,32.147873248999986,1.0,2500000,3,scan-hop-ebfc15146970e524,32.147873248999986,validation,ok,1.0
ok,67.61872618037033,54.75371004740332,86.21930244313052,E13,26,CH1LU RX0+1,1.0116357809999954,61,86.21930244313052,production_score_weight,,61,54.75371004740332,32.147873248999986,1.0,2500000,3,scan-hop-ebfc15146970e524,32.147873248999986,validation,ok,1.0
ok,62.75975840051602,57.26471071063651,83.71174141037173,E13,26,CH1LU RX0+1,1.0116357809999954,61,92.90466214996205,integer_epoch,,61,53.924250139367246,32.147873248999986,1.0,2500000,3,scan-hop-ebfc15146970e524,32.147873248999986,validation,ok,1.0
ok,104.03868669370813,67.80390227570557,305.3519493196534,E18,19,CH4LU RX1,1.0116869860000293,45,305.3519493196534,baseline,,45,67.80390227570557,35.159778425999974,1.0,2500000,2,scan-hop-ebfc15146970e524,35.159778425999974,validation,ok,1.0
ok,104.03868669370813,67.80390227570557,305.3519493196534,E18,19,CH4LU RX1,1.0116869860000293,45,305.3519493196534,margin_0.05,,45,67.80390227570557,35.159778425999974,1.0,2500000,2,scan-hop-ebfc15146970e524,35.159778425999974,validation,ok,1.0
ok,104.03868669370813,67.80390227570557,305.3519493196534,E18,19,CH4LU RX1,1.0116869860000293,45,305.3519493196534,margin_0.075,,45,67.80390227570557,35.159778425999974,1.0,2500000,2,scan-hop-ebfc15146970e524,35.159778425999974,validation,ok,1.0
ok,104.03868669370813,67.80390227570557,305.3519493196534,E18,19,CH4LU RX1,1.0116869860000293,45,305.3519493196534,margin_0.1,,45,67.80390227570557,35.159778425999974,1.0,2500000,2,scan-hop-ebfc15146970e524,35.159778425999974,validation,ok,1.0
ok,104.03868669370813,67.80390227570557,305.3519493196534,E18,19,CH4LU RX1,1.0116869860000293,45,305.3519493196534,margin_0.15,,45,67.80390227570557,35.159778425999974,1.0,2500000,2,scan-hop-ebfc15146970e524,35.159778425999974,validation,ok,1.0
ok,104.03868669370813,67.80390227570557,305.3519493196534,E18,19,CH4LU RX1,1.0116869860000293,45,305.3519493196534,margin_0.2,,45,67.80390227570557,35.159778425999974,1.0,2500000,2,scan-hop-ebfc15146970e524,35.159778425999974,validation,ok,1.0
,,,,E18,19,CH4LU RX1,,45,,top_1,fewer than four training observations in a source segment,26,,,0.5777777777777777,2500000,2,scan-hop-ebfc15146970e524,35.159778425999974,validation,insufficient_support,0.5384615384615384
ok,102.31954514879482,68.54768134637433,240.53902832397102,E18,19,CH4LU RX1,2.005329123000024,45,240.53902832397102,top_2,,42,68.47340958269557,34.15189357999998,0.9333333333333333,2500000,2,scan-hop-ebfc15146970e524,35.159778425999974,validation,ok,0.9230769230769231
ok,104.03868669370813,67.80390227570557,305.3519493196534,E18,19,CH4LU RX1,1.0116869860000293,45,305.3519493196534,top_4,,45,67.80390227570557,35.159778425999974,1.0,2500000,2,scan-hop-ebfc15146970e524,35.159778425999974,validation,ok,1.0
ok,103.5996655091252,67.88403613782205,276.19552218336037,E18,19,CH4LU RX1,1.0116869860000293,45,276.19552218336037,bounded_score_weight,,45,67.88403613782205,35.159778425999974,1.0,2500000,2,scan-hop-ebfc15146970e524,35.159778425999974,validation,ok,1.0
ok,103.59966550890533,67.8840361377991,276.1955221881506,E18,19,CH4LU RX1,1.0116869860000293,45,276.1955221881506,production_score_weight,,45,67.8840361377991,35.159778425999974,1.0,2500000,2,scan-hop-ebfc15146970e524,35.159778425999974,validation,ok,1.0
ok,77.66374571818278,70.56555979025795,305.3519493196534,E18,19,CH4LU RX1,1.0116869860000293,45,317.47258772316263,integer_epoch,,45,27.51171559652451,35.159778425999974,1.0,2500000,2,scan-hop-ebfc15146970e524,35.159778425999974,validation,ok,1.0
ok,76.56422362918873,64.66106768257393,93.99631423594587,E01,34,CH2LU RX0+1,1.0320044339999999,80,93.99631423594587,baseline,,80,64.66106768257393,37.759277182999995,1.0,5000000,3,scan-hop-34cb7a01e47076c9,37.759277182999995,validation,ok,1.0
ok,76.56422362918873,64.66106768257393,93.99631423594587,E01,34,CH2LU RX0+1,1.0320044339999999,80,93.99631423594587,margin_0.05,,80,64.66106768257393,37.759277182999995,1.0,5000000,3,scan-hop-34cb7a01e47076c9,37.759277182999995,validation,ok,1.0
ok,76.56422362918873,64.66106768257393,93.99631423594587,E01,34,CH2LU RX0+1,1.0320044339999999,80,93.99631423594587,margin_0.075,,80,64.66106768257393,37.759277182999995,1.0,5000000,3,scan-hop-34cb7a01e47076c9,37.759277182999995,validation,ok,1.0
ok,76.56422362918873,64.66106768257393,93.99631423594587,E01,34,CH2LU RX0+1,1.0320044339999999,80,93.99631423594587,margin_0.1,,80,64.66106768257393,37.759277182999995,1.0,5000000,3,scan-hop-34cb7a01e47076c9,37.759277182999995,validation,ok,1.0
ok,76.4668270282378,64.69653605298224,93.99631423594587,E01,34,CH2LU RX0+1,3.025326892999999,80,93.99631423594587,margin_0.15,,78,61.042812619499884,37.759277182999995,0.975,5000000,3,scan-hop-34cb7a01e47076c9,37.759277182999995,validation,ok,1.0
ok,77.2162330973013,64.97738258183665,93.99631423594587,E01,34,CH2LU RX0+1,1.0320044339999999,80,93.99631423594587,margin_0.2,,77,60.47912416153619,37.759277182999995,0.9625,5000000,3,scan-hop-34cb7a01e47076c9,37.759277182999995,validation,ok,1.0
fewer than four training observations in a source segment,,71.64217492403613,841.7410974633162,E01,34,CH2LU RX0+1,6.0399617280000015,80,841.7410974633162,top_1,,37,49.65687250128101,35.217932751999996,0.4625,5000000,3,scan-hop-34cb7a01e47076c9,37.759277182999995,validation,ok,0.5434782608695652
ok,78.18406936220664,67.14481822212916,526.4671153828891,E01,34,CH2LU RX0+1,3.0150178369999985,80,526.4671153828891,top_2,,66,56.106231185037984,35.217932751999996,0.825,5000000,3,scan-hop-34cb7a01e47076c9,37.759277182999995,validation,ok,0.8260869565217391
ok,78.12152107195946,64.7578285807434,133.11558811677378,E01,34,CH2LU RX0+1,3.0150178369999985,80,133.11558811677378,top_4,,75,63.801378450079575,37.759277182999995,0.9375,5000000,3,scan-hop-34cb7a01e47076c9,37.759277182999995,validation,ok,0.9782608695652174
ok,76.2855695865462,64.73613503767932,111.08204311556632,E01,34,CH2LU RX0+1,1.0320044339999999,80,111.08204311556632,bounded_score_weight,,80,64.73613503767932,37.759277182999995,1.0,5000000,3,scan-hop-34cb7a01e47076c9,37.759277182999995,validation,ok,1.0
ok,77.25083436898731,64.8149768805634,113.21049192722403,E01,34,CH2LU RX0+1,1.0320044339999999,80,113.21049192722403,production_score_weight,,80,64.8149768805634,37.759277182999995,1.0,5000000,3,scan-hop-34cb7a01e47076c9,37.759277182999995,validation,ok,1.0
ok,74.46964620765091,66.1710118758984,192.13341675159896,E01,34,CH2LU RX0+1,1.0320044339999999,80,192.13341675159896,integer_epoch,,80,74.58927623508983,37.759277182999995,1.0,5000000,3,scan-hop-34cb7a01e47076c9,37.759277182999995,validation,ok,1.0
ok,125.66346397351049,116.81043254070912,1115.8539745228632,E07,37,CH2LU RX0+1,1.0173396579999974,89,1115.8539745228632,baseline,,89,116.81043254070912,40.256984259999996,1.0,5000000,3,scan-hop-34cb7a01e47076c9,40.256984259999996,validation,ok,1.0
ok,125.66346397351049,116.81043254070912,1115.8539745228632,E07,37,CH2LU RX0+1,1.0173396579999974,89,1115.8539745228632,margin_0.05,,89,116.81043254070912,40.256984259999996,1.0,5000000,3,scan-hop-34cb7a01e47076c9,40.256984259999996,validation,ok,1.0
ok,125.66346397351049,116.81043254070912,1115.8539745228632,E07,37,CH2LU RX0+1,1.0173396579999974,89,1115.8539745228632,margin_0.075,,89,116.81043254070912,40.256984259999996,1.0,5000000,3,scan-hop-34cb7a01e47076c9,40.256984259999996,validation,ok,1.0
ok,125.66346397351049,116.81043254070912,1115.8539745228632,E07,37,CH2LU RX0+1,1.0173396579999974,89,1115.8539745228632,margin_0.1,,89,116.81043254070912,40.256984259999996,1.0,5000000,3,scan-hop-34cb7a01e47076c9,40.256984259999996,validation,ok,1.0
ok,125.66346397351049,116.81043254070912,1115.8539745228632,E07,37,CH2LU RX0+1,1.0173396579999974,89,1115.8539745228632,margin_0.15,,89,116.81043254070912,40.256984259999996,1.0,5000000,3,scan-hop-34cb7a01e47076c9,40.256984259999996,validation,ok,1.0
ok,125.66346397351049,116.81043254070912,1115.8539745228632,E07,37,CH2LU RX0+1,1.0173396579999974,89,1115.8539745228632,margin_0.2,,89,116.81043254070912,40.256984259999996,1.0,5000000,3,scan-hop-34cb7a01e47076c9,40.256984259999996,validation,ok,1.0
fewer than four training observations in a source segment,,135.42003096289972,897.2884397477137,E07,37,CH2LU RX0+1,6.039989612999989,89,897.2884397477137,top_1,,30,57.162418445070344,29.188769232,0.33707865168539325,5000000,3,scan-hop-34cb7a01e47076c9,40.256984259999996,validation,ok,0.4807692307692308
ok,133.15813929841553,129.77782801555455,601.513239288492,E07,37,CH2LU RX0+1,12.070632058000001,89,601.513239288492,top_2,,50,46.2663379237935,40.256984259999996,0.5617977528089888,5000000,3,scan-hop-34cb7a01e47076c9,40.256984259999996,validation,ok,0.6538461538461539
ok,128.3012374545743,117.60516188265535,789.0151033133218,E07,37,CH2LU RX0+1,3.0200068499999873,89,789.0151033133218,top_4,,82,111.49466335492937,40.256984259999996,0.9213483146067416,5000000,3,scan-hop-34cb7a01e47076c9,40.256984259999996,validation,ok,0.9423076923076923
ok,125.65844994352781,116.87857782660207,1182.202137786893,E07,37,CH2LU RX0+1,1.0173396579999974,89,1182.202137786893,bounded_score_weight,,89,116.87857782660207,40.256984259999996,1.0,5000000,3,scan-hop-34cb7a01e47076c9,40.256984259999996,validation,ok,1.0
ok,125.65844994346685,116.87857782659636,1182.202137785161,E07,37,CH2LU RX0+1,1.0173396579999974,89,1182.202137785161,production_score_weight,,89,116.87857782659636,40.256984259999996,1.0,5000000,3,scan-hop-34cb7a01e47076c9,40.256984259999996,validation,ok,1.0
ok,125.66346397351049,116.81043254070912,1115.8539745228632,E07,37,CH2LU RX0+1,1.0173396579999974,89,1115.8539745228632,integer_epoch,,89,116.81043254070912,40.256984259999996,1.0,5000000,3,scan-hop-34cb7a01e47076c9,40.256984259999996,validation,ok,1.0
ok,152.7748081132853,141.45719823178914,197.14692142790528,E08,39,CH2LU RX0+1,1.0143518809999819,94,197.14692142790528,baseline,,94,141.45719823178914,44.781291208,1.0,5000000,3,scan-hop-34cb7a01e47076c9,44.781291208,validation,ok,1.0
ok,152.7748081132853,141.45719823178914,197.14692142790528,E08,39,CH2LU RX0+1,1.0143518809999819,94,197.14692142790528,margin_0.05,,94,141.45719823178914,44.781291208,1.0,5000000,3,scan-hop-34cb7a01e47076c9,44.781291208,validation,ok,1.0
ok,152.7748081132853,141.45719823178914,197.14692142790528,E08,39,CH2LU RX0+1,1.0143518809999819,94,197.14692142790528,margin_0.075,,94,141.45719823178914,44.781291208,1.0,5000000,3,scan-hop-34cb7a01e47076c9,44.781291208,validation,ok,1.0
ok,152.7748081132853,141.45719823178914,197.14692142790528,E08,39,CH2LU RX0+1,1.0143518809999819,94,197.14692142790528,margin_0.1,,94,141.45719823178914,44.781291208,1.0,5000000,3,scan-hop-34cb7a01e47076c9,44.781291208,validation,ok,1.0
ok,152.73078625349441,141.99289897414286,190.70600963709435,E08,39,CH2LU RX0+1,1.0143518809999819,94,190.70600963709435,margin_0.15,,93,137.11945888991193,44.781291208,0.9893617021276596,5000000,3,scan-hop-34cb7a01e47076c9,44.781291208,validation,ok,0.9818181818181818
ok,154.3004301923742,141.81213120671916,194.06563462558552,E08,39,CH2LU RX0+1,3.0200157289999936,94,194.06563462558552,margin_0.2,,89,138.5219663660118,44.781291208,0.9468085106382979,5000000,3,scan-hop-34cb7a01e47076c9,44.781291208,validation,ok,0.9090909090909091
ok,153.3992533984272,143.95057396607945,171.99528035077682,E08,39,CH2LU RX0+1,6.03601951600001,94,171.99528035077682,top_1,,42,112.71549624863015,43.775952042,0.44680851063829785,5000000,3,scan-hop-34cb7a01e47076c9,44.781291208,validation,ok,0.43636363636363634
ok,153.38324855398673,142.99721319315768,199.2785123592995,E08,39,CH2LU RX0+1,4.02371438900002,94,199.2785123592995,top_2,,73,128.98907259595313,44.781291208,0.776595744680851,5000000,3,scan-hop-34cb7a01e47076c9,44.781291208,validation,ok,0.8
ok,153.03738353004618,141.9088194568709,190.49581362178037,E08,39,CH2LU RX0+1,3.0200157289999936,94,190.49581362178037,top_4,,86,137.18136870794226,44.781291208,0.9148936170212766,5000000,3,scan-hop-34cb7a01e47076c9,44.781291208,validation,ok,0.8909090909090909
ok,153.18622762435655,143.30714435146248,186.31894972245365,E08,39,CH2LU RX0+1,1.0143518809999819,94,186.31894972245365,bounded_score_weight,,94,143.30714435146248,44.781291208,1.0,5000000,3,scan-hop-34cb7a01e47076c9,44.781291208,validation,ok,1.0
ok,153.22779194359438,143.4367913600564,185.2693323594983,E08,39,CH2LU RX0+1,1.0143518809999819,94,185.2693323594983,production_score_weight,,94,143.4367913600564,44.781291208,1.0,5000000,3,scan-hop-34cb7a01e47076c9,44.781291208,validation,ok,1.0
ok,154.35341016685754,141.92614567662622,202.66745075908628,E08,39,CH2LU RX0+1,1.0143518809999819,94,202.66745075908628,integer_epoch,,94,142.57202137414941,44.781291208,1.0,5000000,3,scan-hop-34cb7a01e47076c9,44.781291208,validation,ok,1.0
ok,60.89900747180266,49.186661393204695,87.87160301044433,E12,27,CH4LU RX1,1.0123009650000085,65,87.87160301044433,baseline,,65,49.186661393204695,38.240058043000005,1.0,5000000,3,scan-hop-34cb7a01e47076c9,38.240058043000005,validation,ok,1.0
ok,60.89900747180266,49.186661393204695,87.87160301044433,E12,27,CH4LU RX1,1.0123009650000085,65,87.87160301044433,margin_0.05,,65,49.186661393204695,38.240058043000005,1.0,5000000,3,scan-hop-34cb7a01e47076c9,38.240058043000005,validation,ok,1.0
ok,60.89900747180266,49.186661393204695,87.87160301044433,E12,27,CH4LU RX1,1.0123009650000085,65,87.87160301044433,margin_0.075,,65,49.186661393204695,38.240058043000005,1.0,5000000,3,scan-hop-34cb7a01e47076c9,38.240058043000005,validation,ok,1.0
ok,60.89900747180266,49.186661393204695,87.87160301044433,E12,27,CH4LU RX1,1.0123009650000085,65,87.87160301044433,margin_0.1,,65,49.186661393204695,38.240058043000005,1.0,5000000,3,scan-hop-34cb7a01e47076c9,38.240058043000005,validation,ok,1.0
ok,60.89900747180266,49.186661393204695,87.87160301044433,E12,27,CH4LU RX1,1.0123009650000085,65,87.87160301044433,margin_0.15,,65,49.186661393204695,38.240058043000005,1.0,5000000,3,scan-hop-34cb7a01e47076c9,38.240058043000005,validation,ok,1.0
ok,60.89900747180266,49.186661393204695,87.87160301044433,E12,27,CH4LU RX1,1.0123009650000085,65,87.87160301044433,margin_0.2,,65,49.186661393204695,38.240058043000005,1.0,5000000,3,scan-hop-34cb7a01e47076c9,38.240058043000005,validation,ok,1.0
ok,55.794407372497005,51.658754213946814,88.86559376856772,E12,27,CH4LU RX1,6.040386058999985,65,88.86559376856772,top_1,,41,27.389666824424108,38.240058043000005,0.6307692307692307,5000000,3,scan-hop-34cb7a01e47076c9,38.240058043000005,validation,ok,0.5263157894736842
ok,57.13867072879359,50.28077127304248,121.11300793828093,E12,27,CH4LU RX1,2.014423561000001,65,121.11300793828093,top_2,,59,34.222657632921994,38.240058043000005,0.9076923076923077,5000000,3,scan-hop-34cb7a01e47076c9,38.240058043000005,validation,ok,0.8947368421052632
ok,60.89900747180266,49.186661393204695,87.87160301044433,E12,27,CH4LU RX1,1.0123009650000085,65,87.87160301044433,top_4,,65,49.186661393204695,38.240058043000005,1.0,5000000,3,scan-hop-34cb7a01e47076c9,38.240058043000005,validation,ok,1.0
ok,61.163518620102536,49.23124162536884,100.13795194381971,E12,27,CH4LU RX1,1.0123009650000085,65,100.13795194381971,bounded_score_weight,,65,49.23124162536884,38.240058043000005,1.0,5000000,3,scan-hop-34cb7a01e47076c9,38.240058043000005,validation,ok,1.0
ok,61.16351862011569,49.231241625372945,100.13795194360317,E12,27,CH4LU RX1,1.0123009650000085,65,100.13795194360317,production_score_weight,,65,49.231241625372945,38.240058043000005,1.0,5000000,3,scan-hop-34cb7a01e47076c9,38.240058043000005,validation,ok,1.0
ok,60.89900747180266,49.186661393204695,87.87160301044433,E12,27,CH4LU RX1,1.0123009650000085,65,87.87160301044433,integer_epoch,,65,49.186661393204695,38.240058043000005,1.0,5000000,3,scan-hop-34cb7a01e47076c9,38.240058043000005,validation,ok,1.0
ok,127.54735255658518,121.58971469189227,195.40232658209231,E11,37,CH2LU RX0+1,1.017336751000002,89,195.40232658209231,baseline,,89,121.58971469189227,39.69728636900001,1.0,2500000,3,scan-hop-8a1c00acfc8fbc31,39.69728636900001,validation,ok,1.0
ok,127.54735255658518,121.58971469189227,195.40232658209231,E11,37,CH2LU RX0+1,1.017336751000002,89,195.40232658209231,margin_0.05,,89,121.58971469189227,39.69728636900001,1.0,2500000,3,scan-hop-8a1c00acfc8fbc31,39.69728636900001,validation,ok,1.0
ok,127.54735255658518,121.58971469189227,195.40232658209231,E11,37,CH2LU RX0+1,1.017336751000002,89,195.40232658209231,margin_0.075,,89,121.58971469189227,39.69728636900001,1.0,2500000,3,scan-hop-8a1c00acfc8fbc31,39.69728636900001,validation,ok,1.0
ok,127.54735255658518,121.58971469189227,195.40232658209231,E11,37,CH2LU RX0+1,1.017336751000002,89,195.40232658209231,margin_0.1,,89,121.58971469189227,39.69728636900001,1.0,2500000,3,scan-hop-8a1c00acfc8fbc31,39.69728636900001,validation,ok,1.0
ok,127.54735255658518,121.58971469189227,195.40232658209231,E11,37,CH2LU RX0+1,1.017336751000002,89,195.40232658209231,margin_0.15,,89,121.58971469189227,39.69728636900001,1.0,2500000,3,scan-hop-8a1c00acfc8fbc31,39.69728636900001,validation,ok,1.0
ok,127.54735255658518,121.58971469189227,195.40232658209231,E11,37,CH2LU RX0+1,1.017336751000002,89,195.40232658209231,margin_0.2,,89,121.58971469189227,39.69728636900001,1.0,2500000,3,scan-hop-8a1c00acfc8fbc31,39.69728636900001,validation,ok,1.0
ok,135.0002816073373,123.70501213774352,536.6844905262309,E11,37,CH2LU RX0+1,11.04667805199999,89,536.6844905262309,top_1,,38,90.68112201945475,39.69728636900001,0.42696629213483145,2500000,3,scan-hop-8a1c00acfc8fbc31,39.69728636900001,validation,ok,0.40384615384615385
ok,131.71926054112677,125.29694867347855,336.58432308650237,E11,37,CH2LU RX0+1,10.045345240000003,89,336.58432308650237,top_2,,65,89.96912093995155,39.69728636900001,0.7303370786516854,2500000,3,scan-hop-8a1c00acfc8fbc31,39.69728636900001,validation,ok,0.6730769230769231
ok,133.44546341971287,126.00197836624879,376.0177814332163,E11,37,CH2LU RX0+1,10.045345240000003,89,376.0177814332163,top_4,,69,92.3597147257547,39.69728636900001,0.7752808988764045,2500000,3,scan-hop-8a1c00acfc8fbc31,39.69728636900001,validation,ok,0.7307692307692307
ok,128.55457477108766,122.39316326210833,252.81651402279033,E11,37,CH2LU RX0+1,1.017336751000002,89,252.81651402279033,bounded_score_weight,,89,122.39316326210833,39.69728636900001,1.0,2500000,3,scan-hop-8a1c00acfc8fbc31,39.69728636900001,validation,ok,1.0
ok,128.65921550328852,122.44257272632977,253.38102387874162,E11,37,CH2LU RX0+1,1.017336751000002,89,253.38102387874162,production_score_weight,,89,122.44257272632977,39.69728636900001,1.0,2500000,3,scan-hop-8a1c00acfc8fbc31,39.69728636900001,validation,ok,1.0
ok,128.8897751839167,122.98289253343584,361.1168561751757,E11,37,CH2LU RX0+1,1.017336751000002,89,367.254261665441,integer_epoch,,89,122.65562808792838,39.69728636900001,1.0,2500000,3,scan-hop-8a1c00acfc8fbc31,39.69728636900001,validation,ok,1.0
ok,42.03656306041233,36.83974637388761,112.60310496081448,E15,21,CH2LU RX1,1.0169139310000048,51,112.60310496081448,baseline,,51,36.83974637388761,32.664006752999995,1.0,2500000,2,scan-hop-8a1c00acfc8fbc31,32.664006752999995,validation,ok,1.0
ok,42.03656306041233,36.83974637388761,112.60310496081448,E15,21,CH2LU RX1,1.0169139310000048,51,112.60310496081448,margin_0.05,,51,36.83974637388761,32.664006752999995,1.0,2500000,2,scan-hop-8a1c00acfc8fbc31,32.664006752999995,validation,ok,1.0
ok,42.03656306041233,36.83974637388761,112.60310496081448,E15,21,CH2LU RX1,1.0169139310000048,51,112.60310496081448,margin_0.075,,51,36.83974637388761,32.664006752999995,1.0,2500000,2,scan-hop-8a1c00acfc8fbc31,32.664006752999995,validation,ok,1.0
ok,42.03656306041233,36.83974637388761,112.60310496081448,E15,21,CH2LU RX1,1.0169139310000048,51,112.60310496081448,margin_0.1,,51,36.83974637388761,32.664006752999995,1.0,2500000,2,scan-hop-8a1c00acfc8fbc31,32.664006752999995,validation,ok,1.0
ok,42.03656306041233,36.83974637388761,112.60310496081448,E15,21,CH2LU RX1,1.0169139310000048,51,112.60310496081448,margin_0.15,,51,36.83974637388761,32.664006752999995,1.0,2500000,2,scan-hop-8a1c00acfc8fbc31,32.664006752999995,validation,ok,1.0
ok,42.03656306041233,36.83974637388761,112.60310496081448,E15,21,CH2LU RX1,1.0169139310000048,51,112.60310496081448,margin_0.2,,51,36.83974637388761,32.664006752999995,1.0,2500000,2,scan-hop-8a1c00acfc8fbc31,32.664006752999995,validation,ok,1.0
ok,40.38954367644045,37.32845372670891,137.5978437177899,E15,21,CH2LU RX1,5.0173238479999895,51,137.5978437177899,top_1,,28,16.290335191627484,31.653334470999994,0.5490196078431373,2500000,2,scan-hop-8a1c00acfc8fbc31,32.664006752999995,validation,ok,0.6
ok,42.02110315258605,36.84611426235148,121.72205970094993,E15,21,CH2LU RX1,2.0096063290000075,51,121.72205970094993,top_2,,50,37.097680210659874,32.664006752999995,0.9803921568627451,2500000,2,scan-hop-8a1c00acfc8fbc31,32.664006752999995,validation,ok,0.9666666666666667
ok,42.03656306041233,36.83974637388761,112.60310496081448,E15,21,CH2LU RX1,1.0169139310000048,51,112.60310496081448,top_4,,51,36.83974637388761,32.664006752999995,1.0,2500000,2,scan-hop-8a1c00acfc8fbc31,32.664006752999995,validation,ok,1.0
ok,41.509896340298226,36.86484011096651,98.19439237084816,E15,21,CH2LU RX1,1.0169139310000048,51,98.19439237084816,bounded_score_weight,,51,36.86484011096651,32.664006752999995,1.0,2500000,2,scan-hop-8a1c00acfc8fbc31,32.664006752999995,validation,ok,1.0
ok,41.511168589174446,36.86483960645958,98.19439237062693,E15,21,CH2LU RX1,1.0169139310000048,51,98.19439237062693,production_score_weight,,51,36.86483960645958,32.664006752999995,1.0,2500000,2,scan-hop-8a1c00acfc8fbc31,32.664006752999995,validation,ok,1.0
ok,42.03656306041233,36.83974637388761,112.60310496081448,E15,21,CH2LU RX1,1.0169139310000048,51,112.60310496081448,integer_epoch,,51,36.83974637388761,32.664006752999995,1.0,2500000,2,scan-hop-8a1c00acfc8fbc31,32.664006752999995,validation,ok,1.0
ok,57.74820135378287,51.79772141143393,169.01096835666158,E20,25,CH4LU RX1,1.0135955220000028,62,169.01096835666158,baseline,,62,51.79772141143393,31.638580040000022,1.0,2500000,2,scan-hop-8a1c00acfc8fbc31,31.638580040000022,validation,ok,1.0
ok,57.74820135378287,51.79772141143393,169.01096835666158,E20,25,CH4LU RX1,1.0135955220000028,62,169.01096835666158,margin_0.05,,62,51.79772141143393,31.638580040000022,1.0,2500000,2,scan-hop-8a1c00acfc8fbc31,31.638580040000022,validation,ok,1.0
ok,57.74820135378287,51.79772141143393,169.01096835666158,E20,25,CH4LU RX1,1.0135955220000028,62,169.01096835666158,margin_0.075,,62,51.79772141143393,31.638580040000022,1.0,2500000,2,scan-hop-8a1c00acfc8fbc31,31.638580040000022,validation,ok,1.0
ok,57.74820135378287,51.79772141143393,169.01096835666158,E20,25,CH4LU RX1,1.0135955220000028,62,169.01096835666158,margin_0.1,,62,51.79772141143393,31.638580040000022,1.0,2500000,2,scan-hop-8a1c00acfc8fbc31,31.638580040000022,validation,ok,1.0
ok,57.74820135378287,51.79772141143393,169.01096835666158,E20,25,CH4LU RX1,1.0135955220000028,62,169.01096835666158,margin_0.15,,62,51.79772141143393,31.638580040000022,1.0,2500000,2,scan-hop-8a1c00acfc8fbc31,31.638580040000022,validation,ok,1.0
ok,57.74820135378287,51.79772141143393,169.01096835666158,E20,25,CH4LU RX1,1.0135955220000028,62,169.01096835666158,margin_0.2,,62,51.79772141143393,31.638580040000022,1.0,2500000,2,scan-hop-8a1c00acfc8fbc31,31.638580040000022,validation,ok,1.0
ok,57.536384551614475,53.25079571284973,449.8993554619514,E20,25,CH4LU RX1,7.037323025999996,62,449.8993554619514,top_1,,31,25.39827444610288,30.13456309700001,0.5,2500000,2,scan-hop-8a1c00acfc8fbc31,31.638580040000022,validation,ok,0.5405405405405406
ok,56.34578301857909,53.28833174979705,311.81168632870157,E20,25,CH4LU RX1,2.017333684999983,62,311.81168632870157,top_2,,57,24.52516942135808,31.638580040000022,0.9193548387096774,2500000,2,scan-hop-8a1c00acfc8fbc31,31.638580040000022,validation,ok,0.8648648648648649
ok,58.3956387081229,52.92951203537792,50.860456249030435,E20,25,CH4LU RX1,2.017333684999983,62,50.860456249030435,top_4,,59,36.091808734101434,31.638580040000022,0.9516129032258065,2500000,2,scan-hop-8a1c00acfc8fbc31,31.638580040000022,validation,ok,0.918918918918919
ok,57.55198500234254,51.804022854684966,126.78028350394747,E20,25,CH4LU RX1,1.0135955220000028,62,126.78028350394747,bounded_score_weight,,62,51.804022854684966,31.638580040000022,1.0,2500000,2,scan-hop-8a1c00acfc8fbc31,31.638580040000022,validation,ok,1.0
ok,57.551985002371175,51.80402285468546,126.78028350301167,E20,25,CH4LU RX1,1.0135955220000028,62,126.78028350301167,production_score_weight,,62,51.80402285468546,31.638580040000022,1.0,2500000,2,scan-hop-8a1c00acfc8fbc31,31.638580040000022,validation,ok,1.0
ok,57.74820135378287,51.79772141143393,169.01096835666158,E20,25,CH4LU RX1,1.0135955220000028,62,169.01096835666158,integer_epoch,,62,51.79772141143393,31.638580040000022,1.0,2500000,2,scan-hop-8a1c00acfc8fbc31,31.638580040000022,validation,ok,1.0
ok,77.74456284002115,70.53820718809929,175.9859290663725,E22,35,CH3LU RX1,1.0146708030000013,85,175.9859290663725,baseline,,85,70.53820718809929,42.70675580399998,1.0,2500000,2,scan-hop-8a1c00acfc8fbc31,42.70675580399998,validation,ok,1.0
ok,77.74456284002115,70.53820718809929,175.9859290663725,E22,35,CH3LU RX1,1.0146708030000013,85,175.9859290663725,margin_0.05,,85,70.53820718809929,42.70675580399998,1.0,2500000,2,scan-hop-8a1c00acfc8fbc31,42.70675580399998,validation,ok,1.0
ok,77.74456284002115,70.53820718809929,175.9859290663725,E22,35,CH3LU RX1,1.0146708030000013,85,175.9859290663725,margin_0.075,,85,70.53820718809929,42.70675580399998,1.0,2500000,2,scan-hop-8a1c00acfc8fbc31,42.70675580399998,validation,ok,1.0
ok,77.74456284002115,70.53820718809929,175.9859290663725,E22,35,CH3LU RX1,1.0146708030000013,85,175.9859290663725,margin_0.1,,85,70.53820718809929,42.70675580399998,1.0,2500000,2,scan-hop-8a1c00acfc8fbc31,42.70675580399998,validation,ok,1.0
ok,77.74456284002115,70.53820718809929,175.9859290663725,E22,35,CH3LU RX1,1.0146708030000013,85,175.9859290663725,margin_0.15,,85,70.53820718809929,42.70675580399998,1.0,2500000,2,scan-hop-8a1c00acfc8fbc31,42.70675580399998,validation,ok,1.0
ok,77.74456284002115,70.53820718809929,175.9859290663725,E22,35,CH3LU RX1,1.0146708030000013,85,175.9859290663725,margin_0.2,,85,70.53820718809929,42.70675580399998,1.0,2500000,2,scan-hop-8a1c00acfc8fbc31,42.70675580399998,validation,ok,1.0
ok,78.97476244073539,75.26079899576189,445.57260780414265,E22,35,CH3LU RX1,8.053365968000008,85,445.57260780414265,top_1,,35,27.634594757548296,42.70675580399998,0.4117647058823529,2500000,2,scan-hop-8a1c00acfc8fbc31,42.70675580399998,validation,ok,0.44
ok,77.31661818083452,75.28209978586514,555.4747182624498,E22,35,CH3LU RX1,5.030692657000003,85,555.4747182624498,top_2,,62,26.774538705208805,42.70675580399998,0.7294117647058823,2500000,2,scan-hop-8a1c00acfc8fbc31,42.70675580399998,validation,ok,0.74
ok,76.65379981958587,71.17332975869178,233.62784583856487,E22,35,CH3LU RX1,3.0146831520000035,85,233.62784583856487,top_4,,80,62.98194136234397,42.70675580399998,0.9411764705882353,2500000,2,scan-hop-8a1c00acfc8fbc31,42.70675580399998,validation,ok,0.94
ok,77.82363043166612,70.60575719992022,254.88748617346462,E22,35,CH3LU RX1,1.0146708030000013,85,254.88748617346462,bounded_score_weight,,85,70.60575719992022,42.70675580399998,1.0,2500000,2,scan-hop-8a1c00acfc8fbc31,42.70675580399998,validation,ok,1.0
ok,77.82363043170457,70.60575719992339,254.88748617326476,E22,35,CH3LU RX1,1.0146708030000013,85,254.88748617326476,production_score_weight,,85,70.60575719992339,42.70675580399998,1.0,2500000,2,scan-hop-8a1c00acfc8fbc31,42.70675580399998,validation,ok,1.0
ok,76.9113110581397,71.28184597224734,175.9859290663725,E22,35,CH3LU RX1,1.0146708030000013,85,188.66786724102585,integer_epoch,,85,72.35731586398185,42.70675580399998,1.0,2500000,2,scan-hop-8a1c00acfc8fbc31,42.70675580399998,validation,ok,1.0
ok,97.9426272797961,78.11518498679014,1030.1182105812536,E14,14,CH4L RX1,1.0120856650000007,34,1030.1182105812536,baseline,,34,78.11518498679014,33.23074260999999,1.0,5000000,1,scan-hop-862a183b8ab422da,33.23074260999999,validation,ok,1.0
ok,97.9426272797961,78.11518498679014,1030.1182105812536,E14,14,CH4L RX1,1.0120856650000007,34,1030.1182105812536,margin_0.05,,34,78.11518498679014,33.23074260999999,1.0,5000000,1,scan-hop-862a183b8ab422da,33.23074260999999,validation,ok,1.0
ok,97.9426272797961,78.11518498679014,1030.1182105812536,E14,14,CH4L RX1,1.0120856650000007,34,1030.1182105812536,margin_0.075,,34,78.11518498679014,33.23074260999999,1.0,5000000,1,scan-hop-862a183b8ab422da,33.23074260999999,validation,ok,1.0
ok,97.9426272797961,78.11518498679014,1030.1182105812536,E14,14,CH4L RX1,1.0120856650000007,34,1030.1182105812536,margin_0.1,,34,78.11518498679014,33.23074260999999,1.0,5000000,1,scan-hop-862a183b8ab422da,33.23074260999999,validation,ok,1.0
ok,97.9426272797961,78.11518498679014,1030.1182105812536,E14,14,CH4L RX1,1.0120856650000007,34,1030.1182105812536,margin_0.15,,34,78.11518498679014,33.23074260999999,1.0,5000000,1,scan-hop-862a183b8ab422da,33.23074260999999,validation,ok,1.0
ok,97.9426272797961,78.11518498679014,1030.1182105812536,E14,14,CH4L RX1,1.0120856650000007,34,1030.1182105812536,margin_0.2,,34,78.11518498679014,33.23074260999999,1.0,5000000,1,scan-hop-862a183b8ab422da,33.23074260999999,validation,ok,1.0
ok,84.63322795733534,81.76242183577071,28.124844054279425,E14,14,CH4L RX1,6.0453542840000125,34,28.124844054279425,top_1,,21,16.63393275130031,32.22540199299999,0.6176470588235294,5000000,1,scan-hop-862a183b8ab422da,33.23074260999999,validation,ok,0.55
ok,83.97257559008159,80.71746999611334,235.291068272834,E14,14,CH4L RX1,2.0146768099999974,34,235.291068272834,top_2,,31,22.37176292668578,33.23074260999999,0.9117647058823529,5000000,1,scan-hop-862a183b8ab422da,33.23074260999999,validation,ok,0.85
ok,97.9426272797961,78.11518498679014,1030.1182105812536,E14,14,CH4L RX1,1.0120856650000007,34,1030.1182105812536,top_4,,34,78.11518498679014,33.23074260999999,1.0,5000000,1,scan-hop-862a183b8ab422da,33.23074260999999,validation,ok,1.0
ok,98.1966769788177,78.19278979729172,1107.1677113891558,E14,14,CH4L RX1,1.0120856650000007,34,1107.1677113891558,bounded_score_weight,,34,78.19278979729172,33.23074260999999,1.0,5000000,1,scan-hop-862a183b8ab422da,33.23074260999999,validation,ok,1.0
ok,98.19667697889736,78.19278979729353,1107.1677113896853,E14,14,CH4L RX1,1.0120856650000007,34,1107.1677113896853,production_score_weight,,34,78.19278979729353,33.23074260999999,1.0,5000000,1,scan-hop-862a183b8ab422da,33.23074260999999,validation,ok,1.0
ok,97.9426272797961,78.11518498679014,1030.1182105812536,E14,14,CH4L RX1,1.0120856650000007,34,1030.1182105812536,integer_epoch,,34,78.11518498679014,33.23074260999999,1.0,5000000,1,scan-hop-862a183b8ab422da,33.23074260999999,validation,ok,1.0
ok,50.34320612250128,42.124388816984094,333.3691247064524,E01,28,CH4LU RX1,1.0133257150000006,67,333.3691247064524,baseline,,67,42.124388816984094,43.221391194999995,1.0,2500000,2,scan-hop-63ffc70ef462f8a5,43.221391194999995,validation,ok,1.0
ok,50.34320612250128,42.124388816984094,333.3691247064524,E01,28,CH4LU RX1,1.0133257150000006,67,333.3691247064524,margin_0.05,,67,42.124388816984094,43.221391194999995,1.0,2500000,2,scan-hop-63ffc70ef462f8a5,43.221391194999995,validation,ok,1.0
ok,50.34320612250128,42.124388816984094,333.3691247064524,E01,28,CH4LU RX1,1.0133257150000006,67,333.3691247064524,margin_0.075,,67,42.124388816984094,43.221391194999995,1.0,2500000,2,scan-hop-63ffc70ef462f8a5,43.221391194999995,validation,ok,1.0
ok,50.34320612250128,42.124388816984094,333.3691247064524,E01,28,CH4LU RX1,1.0133257150000006,67,333.3691247064524,margin_0.1,,67,42.124388816984094,43.221391194999995,1.0,2500000,2,scan-hop-63ffc70ef462f8a5,43.221391194999995,validation,ok,1.0
ok,50.34320612250128,42.124388816984094,333.3691247064524,E01,28,CH4LU RX1,1.0133257150000006,67,333.3691247064524,margin_0.15,,67,42.124388816984094,43.221391194999995,1.0,2500000,2,scan-hop-63ffc70ef462f8a5,43.221391194999995,validation,ok,1.0
ok,50.34320612250128,42.124388816984094,333.3691247064524,E01,28,CH4LU RX1,1.0133257150000006,67,333.3691247064524,margin_0.2,,67,42.124388816984094,43.221391194999995,1.0,2500000,2,scan-hop-63ffc70ef462f8a5,43.221391194999995,validation,ok,1.0
ok,57.202209832104984,43.68050534960957,307.2142086085942,E01,28,CH4LU RX1,5.031985889999994,67,307.2142086085942,top_1,,34,34.30911197014536,43.221391194999995,0.5074626865671642,2500000,2,scan-hop-63ffc70ef462f8a5,43.221391194999995,validation,ok,0.5128205128205128
ok,51.69837692146618,42.90071160580769,339.75220800822177,E01,28,CH4LU RX1,2.0192792459999964,67,339.75220800822177,top_2,,62,32.972249051277096,43.221391194999995,0.9253731343283582,2500000,2,scan-hop-63ffc70ef462f8a5,43.221391194999995,validation,ok,0.9487179487179487
ok,50.34320612250128,42.124388816984094,333.3691247064524,E01,28,CH4LU RX1,1.0133257150000006,67,333.3691247064524,top_4,,67,42.124388816984094,43.221391194999995,1.0,2500000,2,scan-hop-63ffc70ef462f8a5,43.221391194999995,validation,ok,1.0
ok,50.11185286297114,42.196879435601915,324.2627484186189,E01,28,CH4LU RX1,1.0133257150000006,67,324.2627484186189,bounded_score_weight,,67,42.196879435601915,43.221391194999995,1.0,2500000,2,scan-hop-63ffc70ef462f8a5,43.221391194999995,validation,ok,1.0
ok,50.111852862986495,42.19687943559969,324.2627484184898,E01,28,CH4LU RX1,1.0133257150000006,67,324.2627484184898,production_score_weight,,67,42.19687943559969,43.221391194999995,1.0,2500000,2,scan-hop-63ffc70ef462f8a5,43.221391194999995,validation,ok,1.0
ok,50.34320612250128,42.124388816984094,333.3691247064524,E01,28,CH4LU RX1,1.0133257150000006,67,333.3691247064524,integer_epoch,,67,42.124388816984094,43.221391194999995,1.0,2500000,2,scan-hop-63ffc70ef462f8a5,43.221391194999995,validation,ok,1.0
ok,30.38532649849644,24.94606854586831,173.98459307364647,E10,25,CH1LU RX1,1.012285291000012,61,173.98459307364647,baseline,,61,24.94606854586831,30.142632829999997,1.0,2500000,2,scan-hop-63ffc70ef462f8a5,30.142632829999997,validation,ok,1.0
ok,30.38532649849644,24.94606854586831,173.98459307364647,E10,25,CH1LU RX1,1.012285291000012,61,173.98459307364647,margin_0.05,,61,24.94606854586831,30.142632829999997,1.0,2500000,2,scan-hop-63ffc70ef462f8a5,30.142632829999997,validation,ok,1.0
ok,30.38532649849644,24.94606854586831,173.98459307364647,E10,25,CH1LU RX1,1.012285291000012,61,173.98459307364647,margin_0.075,,61,24.94606854586831,30.142632829999997,1.0,2500000,2,scan-hop-63ffc70ef462f8a5,30.142632829999997,validation,ok,1.0
ok,30.38532649849644,24.94606854586831,173.98459307364647,E10,25,CH1LU RX1,1.012285291000012,61,173.98459307364647,margin_0.1,,61,24.94606854586831,30.142632829999997,1.0,2500000,2,scan-hop-63ffc70ef462f8a5,30.142632829999997,validation,ok,1.0
ok,30.38532649849644,24.94606854586831,173.98459307364647,E10,25,CH1LU RX1,1.012285291000012,61,173.98459307364647,margin_0.15,,61,24.94606854586831,30.142632829999997,1.0,2500000,2,scan-hop-63ffc70ef462f8a5,30.142632829999997,validation,ok,1.0
ok,30.38532649849644,24.94606854586831,173.98459307364647,E10,25,CH1LU RX1,1.012285291000012,61,173.98459307364647,margin_0.2,,61,24.94606854586831,30.142632829999997,1.0,2500000,2,scan-hop-63ffc70ef462f8a5,30.142632829999997,validation,ok,1.0
ok,30.99332707695505,25.178187684053583,137.57279469078762,E10,25,CH1LU RX1,9.035979437000009,61,137.57279469078762,top_1,,29,30.17349403087862,30.142632829999997,0.47540983606557374,2500000,2,scan-hop-63ffc70ef462f8a5,30.142632829999997,validation,ok,0.4166666666666667
ok,30.38532649849644,24.94606854586831,173.98459307364647,E10,25,CH1LU RX1,1.012285291000012,61,173.98459307364647,top_2,,61,24.94606854586831,30.142632829999997,1.0,2500000,2,scan-hop-63ffc70ef462f8a5,30.142632829999997,validation,ok,1.0
ok,30.38532649849644,24.94606854586831,173.98459307364647,E10,25,CH1LU RX1,1.012285291000012,61,173.98459307364647,top_4,,61,24.94606854586831,30.142632829999997,1.0,2500000,2,scan-hop-63ffc70ef462f8a5,30.142632829999997,validation,ok,1.0
ok,30.036720747989694,24.9777575944303,190.3842538299441,E10,25,CH1LU RX1,1.012285291000012,61,190.3842538299441,bounded_score_weight,,61,24.9777575944303,30.142632829999997,1.0,2500000,2,scan-hop-63ffc70ef462f8a5,30.142632829999997,validation,ok,1.0
ok,30.03672074799602,24.97775759442483,190.38425383071683,E10,25,CH1LU RX1,1.012285291000012,61,190.38425383071683,production_score_weight,,61,24.97775759442483,30.142632829999997,1.0,2500000,2,scan-hop-63ffc70ef462f8a5,30.142632829999997,validation,ok,1.0
ok,30.38532649849644,24.94606854586831,173.98459307364647,E10,25,CH1LU RX1,1.012285291000012,61,173.98459307364647,integer_epoch,,61,24.94606854586831,30.142632829999997,1.0,2500000,2,scan-hop-63ffc70ef462f8a5,30.142632829999997,validation,ok,1.0
ok,132.54647768250163,122.72032290608169,1041.7215375347314,E02,56,CH4LU RX0+1,1.0141826019999982,138,1041.7215375347314,baseline,,138,122.72032290608169,34.731656106,1.0,5000000,4,scan-hop-bf448a4607f4378b,34.731656106,validation,ok,1.0
ok,131.19257021225448,123.40819300921336,775.3338732770538,E02,56,CH4LU RX0+1,1.0141826019999982,138,775.3338732770538,margin_0.05,,137,117.22347420621887,34.731656106,0.9927536231884058,5000000,4,scan-hop-bf448a4607f4378b,34.731656106,validation,ok,0.9878048780487805
ok,131.19257021225448,123.40819300921336,775.3338732770538,E02,56,CH4LU RX0+1,1.0141826019999982,138,775.3338732770538,margin_0.075,,137,117.22347420621887,34.731656106,0.9927536231884058,5000000,4,scan-hop-bf448a4607f4378b,34.731656106,validation,ok,0.9878048780487805
ok,131.19257021225448,123.40819300921336,775.3338732770538,E02,56,CH4LU RX0+1,1.0141826019999982,138,775.3338732770538,margin_0.1,,137,117.22347420621887,34.731656106,0.9927536231884058,5000000,4,scan-hop-bf448a4607f4378b,34.731656106,validation,ok,0.9878048780487805
ok,131.19257021225448,123.40819300921336,775.3338732770538,E02,56,CH4LU RX0+1,1.0141826019999982,138,775.3338732770538,margin_0.15,,137,117.22347420621887,34.731656106,0.9927536231884058,5000000,4,scan-hop-bf448a4607f4378b,34.731656106,validation,ok,0.9878048780487805
ok,131.19257021225448,123.40819300921336,775.3338732770538,E02,56,CH4LU RX0+1,1.0141826019999982,138,775.3338732770538,margin_0.2,,137,117.22347420621887,34.731656106,0.9927536231884058,5000000,4,scan-hop-bf448a4607f4378b,34.731656106,validation,ok,0.9878048780487805
,,,,E02,56,CH4LU RX0+1,,138,,top_1,fewer than four training observations in a source segment,50,,,0.36231884057971014,5000000,4,scan-hop-bf448a4607f4378b,34.731656106,validation,insufficient_support,0.3048780487804878
ok,145.17072766998515,134.1001917513844,1019.7366012878065,E02,56,CH4LU RX0+1,6.037654831999994,138,1019.7366012878065,top_2,,91,88.31984948904481,34.731656106,0.6594202898550725,5000000,4,scan-hop-bf448a4607f4378b,34.731656106,validation,ok,0.6341463414634146
ok,131.2206906584179,124.6863047774187,631.4131277231489,E02,56,CH4LU RX0+1,3.015991618000001,138,631.4131277231489,top_4,,124,111.39756906749363,34.731656106,0.8985507246376812,5000000,4,scan-hop-bf448a4607f4378b,34.731656106,validation,ok,0.8780487804878049
ok,130.43250476529465,123.17998591521317,809.8931784261607,E02,56,CH4LU RX0+1,1.0141826019999982,138,809.8931784261607,bounded_score_weight,,138,123.17998591521317,34.731656106,1.0,5000000,4,scan-hop-bf448a4607f4378b,34.731656106,validation,ok,1.0
ok,129.58785021304013,123.07552136137038,693.0405368981624,E02,56,CH4LU RX0+1,1.0141826019999982,138,693.0405368981624,production_score_weight,,138,123.07552136137038,34.731656106,1.0,5000000,4,scan-hop-bf448a4607f4378b,34.731656106,validation,ok,1.0
ok,129.22633341869388,122.9956116607202,880.8528887981853,E02,56,CH4LU RX0+1,1.0141826019999982,138,880.8528887981853,integer_epoch,,138,117.6021148666348,34.731656106,1.0,5000000,4,scan-hop-bf448a4607f4378b,34.731656106,validation,ok,1.0
ok,58.459738113627864,52.485338982852646,405.42404954130325,E05,32,CH2LU RX1,1.0159968290000023,79,405.42404954130325,baseline,,79,52.485338982852646,40.76065388000001,1.0,5000000,2,scan-hop-bf448a4607f4378b,40.76065388000001,validation,ok,1.0
ok,58.459738113627864,52.485338982852646,405.42404954130325,E05,32,CH2LU RX1,1.0159968290000023,79,405.42404954130325,margin_0.05,,79,52.485338982852646,40.76065388000001,1.0,5000000,2,scan-hop-bf448a4607f4378b,40.76065388000001,validation,ok,1.0
ok,58.459738113627864,52.485338982852646,405.42404954130325,E05,32,CH2LU RX1,1.0159968290000023,79,405.42404954130325,margin_0.075,,79,52.485338982852646,40.76065388000001,1.0,5000000,2,scan-hop-bf448a4607f4378b,40.76065388000001,validation,ok,1.0
ok,58.459738113627864,52.485338982852646,405.42404954130325,E05,32,CH2LU RX1,1.0159968290000023,79,405.42404954130325,margin_0.1,,79,52.485338982852646,40.76065388000001,1.0,5000000,2,scan-hop-bf448a4607f4378b,40.76065388000001,validation,ok,1.0
ok,58.459738113627864,52.485338982852646,405.42404954130325,E05,32,CH2LU RX1,1.0159968290000023,79,405.42404954130325,margin_0.15,,79,52.485338982852646,40.76065388000001,1.0,5000000,2,scan-hop-bf448a4607f4378b,40.76065388000001,validation,ok,1.0
ok,58.459738113627864,52.485338982852646,405.42404954130325,E05,32,CH2LU RX1,1.0159968290000023,79,405.42404954130325,margin_0.2,,79,52.485338982852646,40.76065388000001,1.0,5000000,2,scan-hop-bf448a4607f4378b,40.76065388000001,validation,ok,1.0
ok,58.38970090667771,55.84056179308278,276.8061897969794,E05,32,CH2LU RX1,13.089314107000007,79,276.8061897969794,top_1,,37,31.547105780041274,40.76065388000001,0.46835443037974683,5000000,2,scan-hop-bf448a4607f4378b,40.76065388000001,validation,ok,0.425531914893617
ok,57.09828986584959,54.33847024386116,119.28311240173748,E05,32,CH2LU RX1,4.024217489999998,79,119.28311240173748,top_2,,67,29.900266539208477,40.76065388000001,0.8481012658227848,5000000,2,scan-hop-bf448a4607f4378b,40.76065388000001,validation,ok,0.7659574468085106
ok,57.59377508504847,52.746097465462455,260.8614096284164,E05,32,CH2LU RX1,2.0119274980000057,79,260.8614096284164,top_4,,78,47.086502347611095,40.76065388000001,0.9873417721518988,5000000,2,scan-hop-bf448a4607f4378b,40.76065388000001,validation,ok,0.9787234042553191
ok,58.402210134795055,52.53608529571055,392.307705868559,E05,32,CH2LU RX1,1.0159968290000023,79,392.307705868559,bounded_score_weight,,79,52.53608529571055,40.76065388000001,1.0,5000000,2,scan-hop-bf448a4607f4378b,40.76065388000001,validation,ok,1.0
ok,58.402210134776,52.536085295712475,392.3077058687375,E05,32,CH2LU RX1,1.0159968290000023,79,392.3077058687375,production_score_weight,,79,52.536085295712475,40.76065388000001,1.0,5000000,2,scan-hop-bf448a4607f4378b,40.76065388000001,validation,ok,1.0
ok,58.459738113627864,52.485338982852646,405.42404954130325,E05,32,CH2LU RX1,1.0159968290000023,79,405.42404954130325,integer_epoch,,79,52.485338982852646,40.76065388000001,1.0,5000000,2,scan-hop-bf448a4607f4378b,40.76065388000001,validation,ok,1.0
ok,104.46533659118258,89.40662244931971,1067.0480388231808,E12,31,CH2LU RX1,1.0160067700000184,75,1067.0480388231808,baseline,,75,89.40662244931971,37.236793275,1.0,5000000,2,scan-hop-bf448a4607f4378b,37.236793275,validation,ok,1.0
ok,104.46533659118258,89.40662244931971,1067.0480388231808,E12,31,CH2LU RX1,1.0160067700000184,75,1067.0480388231808,margin_0.05,,75,89.40662244931971,37.236793275,1.0,5000000,2,scan-hop-bf448a4607f4378b,37.236793275,validation,ok,1.0
ok,104.46533659118258,89.40662244931971,1067.0480388231808,E12,31,CH2LU RX1,1.0160067700000184,75,1067.0480388231808,margin_0.075,,75,89.40662244931971,37.236793275,1.0,5000000,2,scan-hop-bf448a4607f4378b,37.236793275,validation,ok,1.0
ok,104.46533659118258,89.40662244931971,1067.0480388231808,E12,31,CH2LU RX1,1.0160067700000184,75,1067.0480388231808,margin_0.1,,75,89.40662244931971,37.236793275,1.0,5000000,2,scan-hop-bf448a4607f4378b,37.236793275,validation,ok,1.0
ok,104.46533659118258,89.40662244931971,1067.0480388231808,E12,31,CH2LU RX1,1.0160067700000184,75,1067.0480388231808,margin_0.15,,75,89.40662244931971,37.236793275,1.0,5000000,2,scan-hop-bf448a4607f4378b,37.236793275,validation,ok,1.0
ok,104.46533659118258,89.40662244931971,1067.0480388231808,E12,31,CH2LU RX1,1.0160067700000184,75,1067.0480388231808,margin_0.2,,75,89.40662244931971,37.236793275,1.0,5000000,2,scan-hop-bf448a4607f4378b,37.236793275,validation,ok,1.0
,,,,E12,31,CH2LU RX1,,75,,top_1,fewer than four training observations in a source segment,25,,,0.3333333333333333,5000000,2,scan-hop-bf448a4607f4378b,37.236793275,validation,insufficient_support,0.36363636363636365
ok,101.91273091531119,96.80569989068849,597.8739932302559,E12,31,CH2LU RX1,6.045330021999973,75,597.8739932302559,top_2,,45,25.751732958702753,36.73545584299998,0.6,5000000,2,scan-hop-bf448a4607f4378b,37.236793275,validation,ok,0.6136363636363636
ok,102.18015206536606,89.5516055050232,747.930028210414,E12,31,CH2LU RX1,2.021330560000024,75,747.930028210414,top_4,,67,76.37810797272347,36.73545584299998,0.8933333333333333,5000000,2,scan-hop-bf448a4607f4378b,37.236793275,validation,ok,0.8863636363636364
ok,104.82682235814498,89.45230921605608,1041.770958924787,E12,31,CH2LU RX1,1.0160067700000184,75,1041.770958924787,bounded_score_weight,,75,89.45230921605608,37.236793275,1.0,5000000,2,scan-hop-bf448a4607f4378b,37.236793275,validation,ok,1.0
ok,104.82682235814306,89.4523092160524,1041.770958927292,E12,31,CH2LU RX1,1.0160067700000184,75,1041.770958927292,production_score_weight,,75,89.4523092160524,37.236793275,1.0,5000000,2,scan-hop-bf448a4607f4378b,37.236793275,validation,ok,1.0
ok,104.46533659118258,89.40662244931971,1067.0480388231808,E12,31,CH2LU RX1,1.0160067700000184,75,1067.0480388231808,integer_epoch,,75,89.40662244931971,37.236793275,1.0,5000000,2,scan-hop-bf448a4607f4378b,37.236793275,validation,ok,1.0
ok,120.86061530603537,115.0437715671172,421.3679872678867,E13,29,CH4LU RX0,1.0160946969999998,70,421.3679872678867,baseline,,70,115.0437715671172,36.73629881299999,1.0,5000000,2,scan-hop-bf448a4607f4378b,36.73629881299999,validation,ok,1.0
ok,120.86061530603537,115.0437715671172,421.3679872678867,E13,29,CH4LU RX0,1.0160946969999998,70,421.3679872678867,margin_0.05,,70,115.0437715671172,36.73629881299999,1.0,5000000,2,scan-hop-bf448a4607f4378b,36.73629881299999,validation,ok,1.0
ok,120.86061530603537,115.0437715671172,421.3679872678867,E13,29,CH4LU RX0,1.0160946969999998,70,421.3679872678867,margin_0.075,,70,115.0437715671172,36.73629881299999,1.0,5000000,2,scan-hop-bf448a4607f4378b,36.73629881299999,validation,ok,1.0
ok,120.86061530603537,115.0437715671172,421.3679872678867,E13,29,CH4LU RX0,1.0160946969999998,70,421.3679872678867,margin_0.1,,70,115.0437715671172,36.73629881299999,1.0,5000000,2,scan-hop-bf448a4607f4378b,36.73629881299999,validation,ok,1.0
ok,120.86061530603537,115.0437715671172,421.3679872678867,E13,29,CH4LU RX0,1.0160946969999998,70,421.3679872678867,margin_0.15,,70,115.0437715671172,36.73629881299999,1.0,5000000,2,scan-hop-bf448a4607f4378b,36.73629881299999,validation,ok,1.0
ok,120.97101964919983,115.14970598255987,417.53406085024386,E13,29,CH4LU RX0,2.020677340999981,70,417.53406085024386,margin_0.2,,67,115.489482741749,36.73629881299999,0.9571428571428572,5000000,2,scan-hop-bf448a4607f4378b,36.73629881299999,validation,ok,0.926829268292683
,,,,E13,29,CH4LU RX0,,70,,top_1,fewer than four training observations in a source segment,18,,,0.2571428571428571,5000000,2,scan-hop-bf448a4607f4378b,36.73629881299999,validation,insufficient_support,0.17073170731707318
ok,149.50929154776094,126.9941350056135,3808.307762555755,E13,29,CH4LU RX0,16.099691581000002,70,3808.307762555755,top_2,,28,74.76193414426989,35.22868630399998,0.4,5000000,2,scan-hop-bf448a4607f4378b,36.73629881299999,validation,ok,0.21951219512195122
ok,127.39096122406747,119.98049550786541,604.7173356929721,E13,29,CH4LU RX0,5.032128249999971,70,604.7173356929721,top_4,,50,93.07707272066814,36.23393796399998,0.7142857142857143,5000000,2,scan-hop-bf448a4607f4378b,36.73629881299999,validation,ok,0.6585365853658537
ok,121.3867222992876,115.85116223970432,248.44080936812773,E13,29,CH4LU RX0,1.0160946969999998,70,248.44080936812773,bounded_score_weight,,70,115.85116223970432,36.73629881299999,1.0,5000000,2,scan-hop-bf448a4607f4378b,36.73629881299999,validation,ok,1.0
ok,121.41265751874799,115.80144776905927,255.32336963357415,E13,29,CH4LU RX0,1.0160946969999998,70,255.32336963357415,production_score_weight,,70,115.80144776905927,36.73629881299999,1.0,5000000,2,scan-hop-bf448a4607f4378b,36.73629881299999,validation,ok,1.0
ok,120.86061530603537,115.0437715671172,421.3679872678867,E13,29,CH4LU RX0,1.0160946969999998,70,421.3679872678867,integer_epoch,,70,115.0437715671172,36.73629881299999,1.0,5000000,2,scan-hop-bf448a4607f4378b,36.73629881299999,validation,ok,1.0
