label,session_id,capture_local,time_block,phase,arm,accepted,error_km,best_feasible_error_km,failed_regions,frequency_rms_hz,best_available_candidate_error_km,reference_in_retained_region,latitude_deg,longitude_deg,timing_penalty,signal_windows,signal_fraction,data_nll,selection_score,rx0_slope_hz_s,rx1_slope_hz_s,rx0_combined_affine_hz_s,rx1_combined_affine_hz_s,rx0_total_drift_min_hz_s,rx0_total_drift_max_hz_s,rx1_total_drift_min_hz_s,rx1_total_drift_max_hz_s,slope_bound_active,spatial_boundary,stationarity,origin,region_east_km,region_north_km,slope_penalty,frozen_slope_penalty,unpenalized_objective
N01,scan-fw-0c4c127b1f80a01b,2026-09-30T22:26:04.234651-07:00,165817,before,zero-c,True,1.0159470777409692,1.0159470777409692,0,137.48465415907057,1.0159470777409692,True,37.85819258511957,-122.48565885203836,393.80683639658673,1699.6450488750452,0.6230370413764829,34526.820556260296,34922.26188072482,5.385606797087691,-313.7861717387595,5.48236503407352,-235.11077040074468,4.851437173935838,5.857393527454856,-235.58881071037803,-234.93681491707088,False,False,2.2340717096683282e-05,fit:association,-75.0,-75.0,,,
N01,scan-fw-0c4c127b1f80a01b,2026-09-30T22:26:04.234651-07:00,165817,before,fitted-c,True,10.37745619747607,10.37745619747607,0,131.0748691175421,3.6715364827854,True,37.78979246077102,-122.57702016163874,355.56419643072877,1303.5775276451068,0.4778509998699072,36287.281672250814,36644.143702617956,-56.601213707091254,-34.094701404977876,5.91530644207721,23.358950986129926,5.672440357092285,6.806689995439777,22.929051769550743,23.51564984178773,False,False,0.00014185123587513726,fit:association,-87.5,-87.5,,,
N01,scan-fw-0c4c127b1f80a01b,2026-09-30T22:26:04.234651-07:00,165817,after,zero-c,True,0.7946096105143294,0.7946096105143294,0,143.1619652377319,0.5052699214583533,True,37.85620137227211,-122.4859058944614,23.890979765255906,2440.318968703069,0.8945450765040576,31440.43303233645,31468.775645897695,2.6495344809151056,2.346305227613263,5.589139942651347,4.237870698147278,4.790760998737436,6.483831754566312,3.4665368591780807,4.964492228512992,False,False,0.0008179909068981583,fit:association,-87.5,-82.5,,,
N01,scan-fw-0c4c127b1f80a01b,2026-09-30T22:26:04.234651-07:00,165817,after,fitted-c,True,0.6435289036105728,0.6435289036105728,0,91.67185570673261,0.40509354425854366,True,37.8536394134357,-122.48127931886454,24.074596896949515,2606.8477970356266,0.9555893684148191,29939.486627323233,29968.012858016173,1.3844018729082594,1.2225291041026445,4.3240073346445005,3.1140945746366593,3.5256283907305903,5.218699146559466,2.3427607356674622,3.8407161050023735,False,False,0.00023276526059889968,fit:association,-87.5,-82.5,,,
N02,scan-fw-966b857db7193ae6,2026-10-01T00:12:01.101105-07:00,165818,before,zero-c,True,195.17262549742378,195.17262549742378,0,169.89997753467483,95.13713253560041,False,39.186897810844954,-123.93806953896484,550.4562082429002,598.8108641858025,0.2674456740445746,31526.535911004634,32078.176146473288,-223.89209857501803,-22.23663040799537,-219.19587364868684,-57.419592835428546,-219.49420839979004,-218.2207249332963,-57.55772536588608,-57.224351010801705,False,True,0.00045154899376613836,fit:association,-218.75,93.75,,,
N02,scan-fw-966b857db7193ae6,2026-10-01T00:12:01.101105-07:00,165818,before,fitted-c,True,213.39098136909695,213.39098136909695,0,137.27136585666452,103.73410322552122,False,39.30563426280647,-124.08417905663886,202.36080810728527,685.6119518134024,0.30621346664287735,31047.7008086892,31251.245644022238,10.190040221313643,7.360618239265664,14.88626514764482,-27.822344188167513,14.587930396541616,15.861413863035354,-27.960476718625046,-27.627102363540672,False,False,0.00017373684140795467,fit:own-continuation,-218.75,93.75,,,
N02,scan-fw-966b857db7193ae6,2026-10-01T00:12:01.101105-07:00,165818,after,zero-c,True,1.8763688201594628,1.8763688201594628,0,131.9903050120437,1.6206015447342117,True,37.83222718708132,-122.48418727076655,212.3549213297083,2030.1536840533336,0.9067233961828198,25379.869923743252,25593.035085242576,3.39241329225776,-6.67379400595635,-1.2081144505984773,-3.427085529998142,-1.4639877697095476,-0.8320123899938257,-3.8318346797191274,-3.066990688696201,False,False,4.419270278093303e-05,fit:association,-80.0,-80.0,,,
N02,scan-fw-966b857db7193ae6,2026-10-01T00:12:01.101105-07:00,165818,after,fitted-c,True,1.3759061516336741,1.3759061516336741,0,101.91198313014243,1.3759061516001054,True,37.84088047648428,-122.47399305650193,209.11937428657984,2110.867994092287,0.942772663730365,24648.332733407035,24858.26234786323,3.7460025693006744,-6.662403500149773,-0.854525173555563,-3.4156950241915647,-1.1103984926666333,-0.4784231129509114,-3.82044417391255,-3.0556001828896235,False,False,0.00015368990957829532,fit:own-continuation,-80.0,-80.0,,,
N03,scan-fw-5269796b90214e97,2026-10-01T03:08:34.234147-07:00,165819,before,zero-c,True,12.536894008656029,12.536894008656029,0,164.4959759686772,4.997701524622438,True,37.946790083801694,-122.41451800045733,152.38029465077852,653.7645958722668,0.2566802496553855,35842.75843128748,35997.0961079868,4.9469151076654825,-1.3142131764957818,8.455187681003189,0.04621327667628594,7.962377867086182,8.769592776457294,-0.6359245860012913,0.5704763412328092,False,False,6.456635733393962e-05,fit:own-continuation,-68.75,-68.75,,,
N03,scan-fw-5269796b90214e97,2026-10-01T03:08:34.234147-07:00,165819,before,fitted-c,True,6.238497064880678,6.238497064880678,0,133.62309684272336,6.238497064868168,True,37.80457124080709,-122.5290367631862,200.4556971003185,821.5914170570405,0.3225722092881981,35017.332830582636,35226.17142576238,8.156946349480116,7.996017916531418,8.219068345347434,8.005758457552757,7.3044530811470985,9.509070183108646,7.12399463239132,8.769227282649496,False,False,9.765682834197151e-05,fit:own-continuation,-93.75,-93.75,,,
N03,scan-fw-5269796b90214e97,2026-10-01T03:08:34.234147-07:00,165819,after,zero-c,True,0.793572403571653,0.793572403571653,0,156.92210784652676,0.793572403571653,True,37.849431589683775,-122.47672927568415,417.2584384699403,2016.505177397424,0.7917177767559576,30521.458641255493,30942.773614713617,4.181574964226214,3.4093044260052183,4.575525172202894,4.006608760537141,3.8268693982811652,5.574428723242324,3.597154121718979,4.345259474939858,False,False,3.9826038938299384e-05,fit:association,-82.5,-82.5,,,
N03,scan-fw-5269796b90214e97,2026-10-01T03:08:34.234147-07:00,165819,after,fitted-c,True,1.4267241362970224,1.4267241362970224,0,99.1842934716208,1.0438752125519177,True,37.846235717851805,-122.46990351726097,420.195973937316,2239.8568107297233,0.8794098196818702,28798.655967055623,29222.908475981123,3.0805303163633084,2.6269049102466937,3.474480524339988,3.224209244778616,2.72582475041826,4.4733840753794185,2.8147546059604545,3.5628599591813326,False,False,5.3666029258930305e-05,fit:association,-82.5,-82.5,,,
N04,scan-fw-b9336121cee0a279,2026-10-01T06:39:59.392389-07:00,165820,before,zero-c,True,4.515799616336055,4.515799616336055,0,145.9118968545879,2.437725374703596,True,37.86638921553005,-122.43923791955724,217.15899978072412,2765.223539323928,0.8066579752986954,40601.451673518284,40829.18321487622,-1.3447633434312392,-1.75655942992408,5.129229680570787,3.0757939042410833,4.16067770395615,6.605028421503642,1.8478603455325904,4.236432017528019,False,False,0.0001746088328827243,fit:association,-75.0,-75.0,,,
N04,scan-fw-b9336121cee0a279,2026-10-01T06:39:59.392389-07:00,165820,before,fitted-c,True,1.0457941175223398,1.0457941175223398,0,87.42535062119157,0.9738883988665972,True,37.85500799129404,-122.47653210233082,244.42223555799137,3281.728471152168,0.9573303591459066,37384.161092235074,37639.155869370275,-1.9611956665003702,-1.8951246900365313,4.512797357501656,2.9372286441286324,3.5442453808870185,5.98859609843451,1.7092950854201394,4.097866757415567,False,False,1.6348673984169893e-05,fit:association,-75.0,-75.0,,,
N04,scan-fw-b9336121cee0a279,2026-10-01T06:39:59.392389-07:00,165820,after,zero-c,True,4.1907380722258445,3.534829415565004,0,146.0658884068689,0.8399549750110876,True,37.865629550121504,-122.4428837353147,59.36071908179292,2756.7558023489255,0.8041878069862677,40698.83798098807,40771.603120289605,-2.513484498904513,-2.5450499007445657,4.984836346823842,2.898469770406358,3.431211452204348,6.538902815367067,1.8210329509375467,4.241051199478977,False,False,0.00024732697200717524,fit:association,-72.5,-72.5,,,
N04,scan-fw-b9336121cee0a279,2026-10-01T06:39:59.392389-07:00,165820,after,fitted-c,True,0.885107187118589,0.885107187118589,0,87.53061913719603,0.38243312283413516,True,37.851389997588406,-122.47611711457915,5.541667373283417,3266.3033196686847,0.9528306066711449,37352.98052079228,37374.38808422349,0.8582804079530382,1.0585446354016657,4.358189676652547,2.846837122614498,2.813695244021723,6.252631057788038,1.0700979187514579,3.83933814080037,False,False,0.00041382545081547397,fit:own-continuation,-82.5,-82.5,,,
N05,scan-fw-38fa80c19012aa0f,2026-10-01T08:10:34.589434-07:00,165821,before,zero-c,True,3.188551359127138,3.188551359127138,0,158.72032052175143,3.188551359127138,True,37.874948802511234,-122.47014645351636,5515.42950527573,2830.7672595220756,0.799200242665747,43098.9912878726,48618.38474645165,6.838080358922421,6.323082306155932,9.713323497076873,14.391940633343841,8.879385918853409,10.296500412421622,13.85425343272746,14.93872891579534,False,False,0.00020134365086163427,fit:association,-68.75,-81.25,,,
N05,scan-fw-38fa80c19012aa0f,2026-10-01T08:10:34.589434-07:00,165821,before,fitted-c,True,3.9891233657506353,3.9891233657506353,0,129.5943268679531,3.9891233657445615,True,37.874373170191774,-122.45355970829306,5524.634139689864,3037.2140529585367,0.857485616306758,41741.61023182054,47270.20832481372,7.380855450245061,5.5201836194942775,10.256098588399514,13.589041946682187,9.42216101017605,10.839275503744263,13.051354746065805,14.135830229133685,False,False,0.00011110781881257706,fit:association,-68.75,-81.25,,,
N05,scan-fw-38fa80c19012aa0f,2026-10-01T08:10:34.589434-07:00,165821,after,zero-c,True,2.94780670993254,2.94780670993254,0,151.7141065019084,2.94780670993254,True,37.82255036326759,-122.48636004356543,17.27055910261697,2985.4768447834845,0.8428788381658624,42186.965216674755,42218.80316360394,-4.563499107153019,-3.5321461893365997,3.332165269184223,3.6811042147949475,1.8182481040542333,4.477865184089064,1.9458845034219063,4.855284433970476,False,False,0.0003113599688030627,fit:association,-87.5,-82.5,,,
N05,scan-fw-38fa80c19012aa0f,2026-10-01T08:10:34.589434-07:00,165821,after,fitted-c,True,3.3878366231298025,3.3878366231298025,0,125.92827240059187,3.3878366231298025,True,37.829359094425286,-122.45632208683782,15.328615053163958,3248.6788228374944,0.9171876970179261,40652.84837567744,40682.74437855717,-2.298306612475952,-1.5109851953146414,5.59735776386129,5.702265208816906,4.0834405987313005,6.743057678766132,3.9670454974438645,6.876445427992434,False,False,2.605555048119934e-05,fit:association,-87.5,-82.5,,,
N06,scan-fw-eb09ead05b30405d,2026-10-01T15:13:15.265254-07:00,165823,before,zero-c,True,1.7741030316871982,1.7741030316871982,0,122.46062228876518,1.7741030316696313,True,37.83310205489494,-122.48557339783063,295.8005653603941,2692.0588630408097,0.9472409792543314,30913.413558054563,31223.581114078555,-4.65474589286928,-4.287783255466191,-11.29318841937312,-4.800275574114849,-12.6841624368885,-10.346609303552611,-6.915916396212301,-3.1079560355595386,False,False,0.000747676739891851,fit:association,-93.75,-81.25,,,
N06,scan-fw-eb09ead05b30405d,2026-10-01T15:13:15.265254-07:00,165823,before,fitted-c,True,1.7262795664522763,1.7262795664522763,0,122.27883720124015,0.44504079033805577,True,37.83353295381879,-122.48548560825284,294.07397446953837,2694.151019387473,0.9479771356043184,30901.851980496103,31210.29294562924,-4.734727090885866,-4.335421549277282,-11.373169617389706,-4.847913867925939,-12.764143634905086,-10.426590501569198,-6.963554690023392,-3.155594329370629,False,False,0.00012001092277718134,fit:own-continuation,-93.75,-81.25,,,
N06,scan-fw-eb09ead05b30405d,2026-10-01T15:13:15.265254-07:00,165823,after,zero-c,True,2.1921570642528105,2.1921570642528105,0,121.72328859172232,2.058385636818495,True,37.829623464412556,-122.48995986279958,6.917690895483247,2693.2053586783504,0.9476443908087088,30894.193545837268,30918.662591527584,-3.6464103080976202,-3.1921120456933245,-11.201189619566314,-4.719578183940775,-12.961031739810707,-10.087389493310353,-6.6019847520373425,-3.138746026382395,False,False,4.762160400577885e-05,fit:association,-92.5,-82.5,,,
N06,scan-fw-eb09ead05b30405d,2026-10-01T15:13:15.265254-07:00,165823,after,fitted-c,True,2.1482575071137266,2.1482575071137266,0,121.44690332241622,1.4519057346779638,True,37.83001334850024,-122.48988105434232,6.879921392221149,2694.9876298838963,0.948271509459499,30882.15717376011,30906.588449947165,-3.72726258395498,-3.237557944606998,-11.282041895423674,-4.765024082854449,-13.041884015668067,-10.168241769167713,-6.647430650951017,-3.1841919252960693,False,False,3.8247830895312096e-05,fit:association,-92.5,-82.5,,,
N07,scan-fw-438c7b27e7309b7f,2026-10-01T19:29:22.585168-07:00,165824,before,zero-c,True,2.4287749636541913,2.4287749636541913,0,149.27659112666998,0.3860830771969631,True,37.831305534883406,-122.50187202136534,212.67662711146113,2689.8715353386137,0.8161018007702104,39174.500126223174,39398.356937996046,2.573997596274609,1.8054483662285283,1.835465895783042,1.476513811635463,-0.5770725535495655,3.292241924818228,0.47216748733011227,2.2789682917329843,False,False,5.8356942674207216e-05,fit:zero-timing,-87.5,-87.5,,,
N07,scan-fw-438c7b27e7309b7f,2026-10-01T19:29:22.585168-07:00,165824,before,fitted-c,True,1.471822279540771,1.471822279540771,0,114.5292163433388,0.9508676514122769,True,37.84889852742212,-122.5025164741453,2442.3036874358368,3077.4625334878474,0.933696157004808,36934.54402883498,39388.027900932226,1.7044812520723653,0.30780815057530825,0.9659495515807983,-0.02112640401775706,-1.4465888977518093,2.422725580615984,-1.0254727283231078,0.7813280760797645,False,False,0.0003912533982192157,fit:association,-87.5,-87.5,,,
N07,scan-fw-438c7b27e7309b7f,2026-10-01T19:29:22.585168-07:00,165824,after,zero-c,True,1.9857189683770973,1.9857189683770973,0,147.85774769506025,1.6958406353572393,True,37.834332755314875,-122.49855163326092,58.54573295573209,2872.9970395669206,0.8716617231695755,38454.02042380649,38519.189626893996,3.940037443155101,2.3130272247949666,2.0356832480588745,1.4570660297215816,0.12834313722735358,2.9692588293636217,0.6284338041686447,2.1560736531282845,False,False,0.0008822431941234721,fit:association,-82.5,-87.5,,,
N07,scan-fw-438c7b27e7309b7f,2026-10-01T19:29:22.585168-07:00,165824,after,fitted-c,True,0.9429957710286959,0.9429957710286959,0,113.81384753612706,0.8475387027500474,True,37.84638760442802,-122.47556079129126,59.50905611554481,3081.6542692530056,0.9349679214966643,36901.55717470846,36967.68970095578,2.500247235134046,0.4025945026054195,0.5958930400378193,-0.45336669246796546,-1.3114470707937016,1.5294686213425666,-1.2819989180209024,0.2456409309387373,False,False,0.00027897426954038044,fit:association,-82.5,-87.5,,,
N08,scan-fw-de92cd029ec64536,2026-10-01T22:45:22.172380-07:00,165825,before,zero-c,True,0.7713853771371592,0.7713853771371592,0,153.44627536612154,0.3754499167153451,True,37.85401577251319,-122.47961178398633,144.53457297851128,2635.1896895839336,0.858647666856935,35549.76842678335,35720.819932432896,2.911596758113448,3.3938403288964025,5.199646354249409,3.4662705369378095,3.4303334991850747,7.341017684289078,1.721181155979179,5.23731518515007,False,False,0.00016827183118027522,fit:association,-81.25,-81.25,,,
N08,scan-fw-de92cd029ec64536,2026-10-01T22:45:22.172380-07:00,165825,before,fitted-c,True,0.8971411952472843,0.8971411952472843,0,85.51412112097034,0.5468730669788626,True,37.8409887503861,-122.48562591315778,145.63709971486242,2918.843098871949,0.9510730201602963,33137.01545747358,33309.16948985948,1.0958805600720485,1.432016901189172,3.3839301562080095,1.5044471092305791,1.6146173011436753,5.5253014862476775,-0.24064227172805142,3.2754917574428393,False,False,7.924847442173678e-05,fit:own-continuation,-81.25,-81.25,,,
N08,scan-fw-de92cd029ec64536,2026-10-01T22:45:22.172380-07:00,165825,after,zero-c,True,0.5287364802265787,0.5287364802265787,0,154.07508622643627,0.260276619330646,True,37.85253422591515,-122.48164835895655,3.3057178723756806,2637.7829657399584,0.8594926574584419,35550.63596419641,35571.935691363185,3.8884015253864734,3.914599279330927,5.318809253133205,3.5265757436976726,3.7126883471062504,7.163912629724796,2.061194741757698,5.18773047816447,False,False,0.0007657163850679776,fit:association,-85.0,-85.0,,,
N08,scan-fw-de92cd029ec64536,2026-10-01T22:45:22.172380-07:00,165825,after,fitted-c,True,1.2942926295678616,1.2942926295678616,0,85.86121272122395,1.219392332451845,True,37.83766083802937,-122.48875948664153,3.472181603188801,2918.9356571365943,0.9511031792559773,33141.1042048913,33162.57039578889,1.9272134365586309,1.7793920971261967,3.357621164305362,1.3913685614929423,1.7515002582784074,5.202724540896953,-0.07401244044703237,3.0525232959597393,False,False,4.555825585083814e-05,fit:association,-85.0,-85.0,,,
N09,scan-fw-6be5713100436c09,2026-10-02T00:45:55.237279-07:00,165826,before,zero-c,True,21.89403952138713,21.89403952138713,0,166.41833342583774,21.89403952138713,False,37.65633470579807,-122.43473850204582,603.7288468993138,1220.552957804803,0.35730473003653485,46752.758446229054,47363.06245463623,-0.3178233388283484,-82.38580322233805,0.4149040945165419,-81.54378654579051,-1.4478776497862555,1.0378586600234385,-82.53632506457342,-80.54976029197616,False,False,0.0001575956586580829,fit:association,-62.5,-112.5,,,
N09,scan-fw-6be5713100436c09,2026-10-02T00:45:55.237279-07:00,165826,before,fitted-c,True,41.862499497010525,41.862499497010525,0,148.30607390411413,37.50385576002596,False,37.76898782955318,-122.9513730065369,600.7939049107299,1361.2183300057138,0.3984831176831715,46323.76286497883,46934.74711398017,193.17486316597765,-18.93116109651211,207.03664058789144,-32.72042802475388,205.92518046413392,208.1234133174414,-34.773695210389874,-31.921727974369404,False,True,0.00020616701237835457,fit:own-continuation,-137.5,-112.5,,,
N09,scan-fw-6be5713100436c09,2026-10-02T00:45:55.237279-07:00,165826,after,zero-c,True,1.156174047290215,1.156174047290215,0,158.58142128869954,1.156174047290215,True,37.853974317846486,-122.47415278102723,164.77249906477664,3039.907565918952,0.8899026832315433,39596.92258201223,39774.63829442551,1.408972796812338,1.766534361538134,-0.9387817953144395,0.7417714284576542,-2.671112197030258,0.9028113135128124,-0.16195629541537737,1.6937128659801395,False,False,0.0003897050769071028,fit:association,-87.5,-82.5,,,
N09,scan-fw-6be5713100436c09,2026-10-02T00:45:55.237279-07:00,165826,after,fitted-c,True,1.940910482205339,1.940910482205339,0,85.25124794891401,1.0061168329327503,True,37.83916335916502,-122.46754405127446,159.49914013627858,3305.4813194007947,0.9676467562648696,36974.312156705026,37146.75451018981,-1.1763285073551997,-0.6160864955564371,-3.5240830994819774,-1.6408494286369169,-5.2564135011977955,-1.6824899906547255,-2.5445771525099485,-0.6889079911144316,False,False,0.00011768820269363045,fit:association,-87.5,-82.5,,,
N10,scan-fw-c267954dd8848b49,2026-10-02T11:53:08.055303-07:00,165830,before,zero-c,True,228.5592936651102,228.5592936651102,0,179.27633383981146,173.4534314302077,False,38.359659851323215,-119.95536821273005,436.294755822164,634.1451577584718,0.2082578514806147,43540.85017991393,43978.76352883074,-49.46631602080864,6.2372074016510055,-43.04306929207127,12.67126802237226,-43.432291563814935,-42.70468127051122,12.280005454651391,13.45808066880035,False,False,6.367083031258783e-05,fit:association,143.75,-18.75,,,
N10,scan-fw-c267954dd8848b49,2026-10-02T11:53:08.055303-07:00,165830,before,fitted-c,True,178.05514532434586,178.05514532434586,0,158.176962826325,163.42673008147173,False,38.20447101193475,-120.5036097142718,105.13277844231197,814.840802980756,0.2675996068902319,42751.41345274601,42860.082255185065,16.177793170523508,13.013985125064405,-4.048382518094844,-9.255208846629909,-4.714519049026868,-3.312717891771751,-9.702784568089577,-8.417679104229691,False,False,6.872212391616228e-05,fit:own-continuation,87.5,-37.5,,,
N10,scan-fw-c267954dd8848b49,2026-10-02T11:53:08.055303-07:00,165830,after,zero-c,True,2.217897266081281,2.217897266081281,0,139.07163683650555,2.0938108736664316,True,37.86572467614497,-122.47187999810161,7.659975320719241,2857.7264825205957,0.9384980238162876,34471.36358149172,34489.61177110231,0.14806043620825188,0.4366911795980963,4.288668901776476,3.8532717743633578,2.575927196431867,5.5344444069824315,3.106688476195898,4.782603648741409,False,False,0.00023540779144499806,fit:association,-82.5,-82.5,,,
N10,scan-fw-c267954dd8848b49,2026-10-02T11:53:08.055303-07:00,165830,after,fitted-c,True,1.6630700901205928,1.6630700901205928,0,122.55403214630103,1.4129430058519274,True,37.86368507210439,-122.48969752856472,7.20602511143079,2872.686716823258,0.9434110728483606,34065.04732078321,34082.84156018451,0.4073091336906321,0.27687293954832004,4.547917599258857,3.6934535343135817,2.8351758939142475,5.793693104464812,2.946870236146122,4.622785408691632,False,False,9.102707853440319e-05,fit:own-continuation,-82.5,-82.5,,,
N11,scan-fw-ea83fb423745d951,2026-10-02T14:57:39.103891-07:00,165831,before,zero-c,True,1.1415059997136672,1.1415059997136672,0,104.93997490854991,1.1415059997136672,True,37.84435878863174,-122.4741954377598,1226.979855299549,2886.7013943666802,0.9536509396652396,33250.11213814586,34479.53650464006,2.9419746386390018,4.230121071078233,-10.527897863843862,-5.524024921608874,-11.238115031477843,-9.730684699988167,-5.855070302987084,-4.748293132303473,False,False,0.0002104442161196447,fit:association,-81.25,-81.25,,,
N11,scan-fw-ea83fb423745d951,2026-10-02T14:57:39.103891-07:00,165831,before,fitted-c,True,1.186630579886288,1.186630579886288,0,104.50638571483054,1.1866305798852927,True,37.84447066388015,-122.47355190228554,1227.331559808532,2888.44041908337,0.9542254440315066,33236.36751649318,34466.143587496364,3.061698225697023,4.30821853836438,-10.40817427678584,-5.445927454322727,-11.11839144441982,-9.610961112930145,-5.776972835700937,-4.670195665017326,False,False,7.095366855295254e-05,fit:own-continuation,-81.25,-81.25,,,
N11,scan-fw-ea83fb423745d951,2026-10-02T14:57:39.103891-07:00,165831,after,zero-c,True,0.7660180028318592,0.7660180028318592,0,104.97777212951428,0.40029689915554906,True,37.8468090623809,-122.47750796852608,27.92421932509751,2887.5678570882365,0.9539371843700815,33247.42054320357,33279.206432198356,-1.6346240867422293,2.05976680662204,-10.51027211624262,-5.326639412404064,-11.564321680789543,-10.03812877264343,-6.0669400115463,-4.346187743037059,False,False,0.0004289950643296931,fit:association,-80.0,-80.0,,,
N11,scan-fw-ea83fb423745d951,2026-10-02T14:57:39.103891-07:00,165831,after,fitted-c,True,0.8075940049646029,0.8075940049646029,0,104.65182635591046,0.5188907234118697,True,37.846925038772405,-122.47696214717749,27.92950340396783,2889.002642218932,0.9544111801185768,33236.40221805526,33268.193391128916,-1.5280429580916728,2.128762240927066,-10.403690987592062,-5.257643978099038,-11.457740552138986,-9.931547643992873,-5.997944577241274,-4.277192308732033,False,False,2.894157056150537e-05,fit:association,-80.0,-80.0,,,
N12,scan-fw-094ad16b6a88aa22,2026-10-02T19:01:47.809044-07:00,165832,before,zero-c,True,225.37962658222506,225.37962658222506,0,151.90952705519504,112.77461742931898,False,39.27342394105226,-120.64142687030967,250.77654979418003,1060.0210527173874,0.3458469992552651,42293.20701037465,42546.249407207375,6.082805807109421,1.65108301880336,-6.0906513869682355,-26.343531061201727,-6.758295132526917,-5.180415741579248,-26.559376427087468,-26.020540842466936,False,False,0.00029941461458084847,fit:zero-timing,75.0,75.0,,,
N12,scan-fw-094ad16b6a88aa22,2026-10-02T19:01:47.809044-07:00,165832,before,fitted-c,True,155.90818963686903,155.90818963686903,0,156.2128513277175,112.62689466778497,False,39.218508142614134,-122.87041339557369,281.23591764550656,1000.2232734034731,0.3263371201968917,42481.08146160533,42765.849986599686,-10.474855610760116,2.2726999492426168,-28.35245588131466,-66.42998748783596,-28.876461139286196,-27.56675124858494,-67.3471728678681,-66.06877326176236,False,False,9.645669445781935e-05,fit:own-continuation,-118.75,68.75,,,
N12,scan-fw-094ad16b6a88aa22,2026-10-02T19:01:47.809044-07:00,165832,after,zero-c,True,2.5067467842731754,2.5067467842731754,0,123.15643126069831,0.7834082187518489,True,37.85837874550669,-122.45975902490153,276.2101091147051,2868.570974578234,0.9359122266160633,34165.51570108393,34455.35684594089,-0.14602849413494012,-0.5766588041574389,-7.011234287460078,-5.337462785157796,-8.22403156427197,-4.90888331939131,-6.711644112826223,-3.946406019265826,False,False,0.00024412118224179102,fit:association,-87.5,-82.5,,,
N12,scan-fw-094ad16b6a88aa22,2026-10-02T19:01:47.809044-07:00,165832,after,fitted-c,True,2.6693227544464935,2.6693227544464935,0,72.89475941232523,2.0007981601051354,True,37.85443354460561,-122.45612504912233,276.70692888960184,2913.12330243672,0.950448059522584,33156.98482023763,33447.32278486949,0.1934255122387456,0.10650775984446934,-6.6717802810863915,-4.654296221155888,-7.884577557898283,-4.569429313017624,-6.0284775488243145,-3.2632394552639177,False,False,4.087263790919504e-06,fit:association,-87.5,-82.5,,,
N13,scan-fw-6d7ec2a86f60d797,2026-10-02T20:53:24.790166-07:00,165833,before,zero-c,True,0.6737595011702218,0.6737595011702218,0,126.30767564407131,0.6737595010716407,True,37.85307680150137,-122.49149598466342,95.84486121278314,1896.4971855132944,0.719460237296394,32059.863835138378,32159.112044463818,-4.946328632781995,-3.75912424032034,-3.255276717568483,-1.9448479772079048,-3.832590897436551,-2.570696474620126,-2.7630235942547707,-1.3915709601924766,False,False,0.00014642512795379897,fit:zero-timing,-93.75,-81.25,,,
N13,scan-fw-6d7ec2a86f60d797,2026-10-02T20:53:24.790166-07:00,165833,before,fitted-c,True,0.2687421108961515,0.2687421108961515,0,100.70959521530929,0.2687421108961515,True,37.85121201144899,-122.48713873520906,152.9410080995258,2129.2736845037143,0.8077669516326685,30718.879963478637,30877.55409046727,1.0082172568291803,0.1798671808435259,-3.0957362071122,-1.5386493204250773,-4.507938743683322,-2.124681105777741,-2.028332936874078,-0.7339262116929122,False,False,4.36842444761984e-05,fit:own-continuation,-81.25,-81.25,,,
N13,scan-fw-6d7ec2a86f60d797,2026-10-02T20:53:24.790166-07:00,165833,after,zero-c,True,1.233570046975624,1.233570046975624,0,126.06821466431927,0.5333386406589766,True,37.854052661316956,-122.49829906854801,15.799854624656291,2291.646057797673,0.8693649688155057,30509.52461978703,30534.80148072714,-3.4577631451366684,-4.042350213224477,-1.9966200516977493,-1.0643648184925567,-3.2233357104691427,0.1392138470437576,-1.3874280148624485,-0.9265179798707852,False,False,7.589100150688242e-05,fit:association,-92.5,-77.5,,,
N13,scan-fw-6d7ec2a86f60d797,2026-10-02T20:53:24.790166-07:00,165833,after,fitted-c,True,3.957526262989955,3.957526262989955,0,116.17862729511936,0.2062544750742723,True,37.84145605440403,-122.52978575801971,17.45955111791409,2377.1269161136315,0.9017932155211045,30028.587422029006,30055.523979462374,-1.3603181057081393,-1.808913313065713,0.10082498773077986,1.1690720816662075,-1.1258906710406134,2.236658886472287,0.8460088852963157,1.306918920287979,False,False,1.4042042515659096e-05,fit:association,-92.5,-77.5,,,
N14,scan-fw-c5df3f8a313ac058,2026-10-03T01:32:42.506740-07:00,165834,before,zero-c,True,1.0827746017403865,1.0827746017403865,0,128.08844441817803,1.0827746017403865,True,37.84294152395612,-122.49535179745669,3444.853320285074,2414.0668729703902,0.8868724735379832,31319.98869925273,34767.35727011117,-0.17120326559382776,4.352073789635889,0.8747862013589582,1.3244298972571826,0.2938473634413926,1.6953573642394635,0.7317513507335364,1.7635194156495873,False,False,0.0003150790247872003,fit:own-continuation,-93.75,-81.25,,,
N14,scan-fw-c5df3f8a313ac058,2026-10-03T01:32:42.506740-07:00,165834,before,fitted-c,True,0.07951400586860971,0.07951400586860971,0,100.48145825375546,0.07951400584353771,True,37.84942459135341,-122.48497865884916,3341.4360655506607,2597.870951636067,0.9543978514460202,30157.666000875368,33501.61731699939,0.8748513210890766,5.747196385307576,1.9208407880418625,2.7195524929288695,1.3399019501242968,2.741411950922368,2.1268739464052233,3.158642011321274,False,False,0.0002541409228454805,fit:association,-93.75,-81.25,,,
N14,scan-fw-c5df3f8a313ac058,2026-10-03T01:32:42.506740-07:00,165834,after,zero-c,True,1.0411428648160845,1.0411428648160845,0,127.0718586958652,0.7991135177954439,True,37.84043460775728,-122.49037946468427,215.9844210902702,2409.486321706507,0.8851896846827727,31319.467749009396,31539.158228362256,-1.80374918593119,0.3557849793117352,0.3607831222191067,0.8099188291041028,-0.1614101966278958,1.0563735405234107,0.24115972492047444,1.5779668615187017,False,False,0.00011945099424554018,fit:association,-92.5,-77.5,,,
N14,scan-fw-c5df3f8a313ac058,2026-10-03T01:32:42.506740-07:00,165834,after,fitted-c,True,0.6589793297267899,0.6589793297267899,0,101.45118249111553,0.35717611213898376,True,37.84892661158247,-122.47825149479324,211.1809451867921,2586.5901440670636,0.9502535430077383,30216.23738709595,30431.12439054533,-0.6214820054573744,1.978025607158291,1.5430503026929223,2.4321594569506586,1.0208569838459198,2.238640720997226,1.8634003527670302,3.2002074893652575,False,False,0.0002957486250592116,fit:association,-92.5,-77.5,,,
N15,scan-fw-3aaaa0b02af4b82d,2026-10-03T03:33:53.782456-07:00,165835,before,zero-c,True,2.426790215656316,2.426790215656316,0,157.00655223050953,2.426790215619804,True,37.854779197703095,-122.45908198071825,568.0418000166828,1809.2171925159823,0.8603029921616654,24220.71324876968,24796.58972382739,2.1377524916535764,0.08670172859641058,-0.21963588220268893,0.02292205135033236,-1.4818722550580994,0.6618738669790848,-1.293103539004623,0.903825274149746,False,False,0.00014957501904253045,fit:association,-75.0,-75.0,,,
N15,scan-fw-3aaaa0b02af4b82d,2026-10-03T03:33:53.782456-07:00,165835,before,fitted-c,True,2.0235387243258294,2.0235387243258294,0,109.00151284515185,2.0235387243258294,True,37.84623534095866,-122.46298754737559,2910.7041573814713,1928.2071122995012,0.9168840286730866,23059.86625882479,25978.40509124729,1.1135817404099788,-0.4392768019841494,-1.2438066334462865,-0.5030564792302277,-2.506043006301697,-0.3622968842645128,-1.819082069585183,0.377846743569186,False,False,5.3597465327890215e-05,fit:association,-75.0,-75.0,,,
N15,scan-fw-3aaaa0b02af4b82d,2026-10-03T03:33:53.782456-07:00,165835,after,zero-c,True,2.4335371441019173,2.4335371441019173,0,152.16023358353237,2.4335371440887243,True,37.852927836843584,-122.45847541605652,16.568945996488765,1883.5619328811108,0.895654746971522,23834.015814434046,23859.04688813992,0.8043525145395458,0.33859505417742036,-0.27021845019476687,0.2508563469529196,-1.4074907830612964,1.3100309554546195,-0.5155784029690503,1.2933162091494514,False,False,0.00021218318125056763,fit:association,-87.5,-82.5,,,
N15,scan-fw-3aaaa0b02af4b82d,2026-10-03T03:33:53.782456-07:00,165835,after,fitted-c,True,1.4743782705425894,1.4743782705425894,0,100.33398193903547,1.4743782705425894,True,37.84820880412056,-122.46899743147365,17.32678815150939,1973.137852145995,0.938249097549213,22764.950135769694,22790.73905163059,-0.1590076623505417,-0.017100215455633963,-1.2335786270848543,-0.10483892268013477,-2.370850959951384,0.346670778564532,-0.8712736726021046,0.937620939516397,False,False,8.175974476411023e-05,fit:association,-87.5,-82.5,,,
N16,scan-fw-cd484fb9877f7535,2026-10-03T06:03:46.789140-07:00,165836,before,zero-c,True,5.161083128734057,5.161083128734057,0,157.71786853865294,4.153973791315168,True,37.85103791289219,-122.54448237314173,643.385723560008,2716.7128715973004,0.884922759477948,35787.83576391288,36447.60355246268,-9.640934703296075,-9.462029345285105,3.3720109990963003,1.7292405180763808,1.5510307118892095,4.3680497978626756,-1.1949546560050868,2.994061786637655,False,False,3.678006691951348e-05,fit:association,-106.25,-81.25,,,
N16,scan-fw-cd484fb9877f7535,2026-10-03T06:03:46.789140-07:00,165836,before,fitted-c,True,3.1620782893564363,3.1620782893564363,0,92.94331309106728,2.3985164199013806,True,37.84716707423918,-122.52168821889663,608.7396836091793,2886.8788258463665,0.9403514090704777,33908.096386145,34533.21813474397,-9.587134174574366,-9.83993973765013,3.4258115278180092,1.351330125711355,1.6048312406109184,4.4218503265843845,-1.5728650483701125,2.616151394272629,False,False,7.509435894130804e-05,fit:association,-106.25,-81.25,,,
N16,scan-fw-cd484fb9877f7535,2026-10-03T06:03:46.789140-07:00,165836,after,zero-c,True,3.3860687618977425,3.3860687618977425,0,157.00656871828244,1.373153125202126,True,37.85122928166531,-122.52422155213061,4.107614791530068,2762.4769831953463,0.8998296362199825,35346.154482168975,35354.29216548309,1.4519315571159144,1.8178148068887146,2.802009193687773,1.333150614790898,2.1611418200224266,4.557559126858646,0.963887122899918,2.2904556148335304,False,False,0.00014280146555637266,fit:association,-87.5,-82.5,,,
N16,scan-fw-cd484fb9877f7535,2026-10-03T06:03:46.789140-07:00,165836,after,fitted-c,True,1.7737822295416235,1.7737822295416235,0,90.41280923337901,1.7196032007747246,True,37.84679372765659,-122.50575220405834,4.475804698216962,2955.7961211732045,0.9628000394700992,33299.00157799726,33307.507451218065,1.3901981760118733,1.2596108447970993,2.740275812583732,0.7749466526992829,2.0994084389183856,4.495825745754605,0.40568316080830286,1.732251652741915,False,False,9.36589084313785e-05,fit:association,-87.5,-82.5,,,
N17,scan-fw-9d97ea200c12ab01,2026-09-30T18:52:09.906526-07:00,165816,before,zero-c,True,1.7066467419806293,1.7066467419806293,0,168.4698218491167,0.7647339434647089,True,37.83423776190187,-122.48069300330265,198.3554494081618,3024.0970806819487,0.9070477146616522,38097.92167884243,38309.18101133863,-1.9750688472249662,-1.34413583239681,6.774213411645073,4.957020836622901,5.792605067352691,8.022491240522436,3.4782888367671094,5.896483677495103,False,False,0.0005439171819214619,fit:association,-93.75,-81.25,,,
N17,scan-fw-9d97ea200c12ab01,2026-09-30T18:52:09.906526-07:00,165816,before,fitted-c,True,1.7252647694501295,1.7252647694501295,0,89.0332348315273,1.3560663460119242,True,37.83360882799834,-122.48759507474907,186.659971161047,3227.107070660256,0.9679385334913785,35456.12047569973,35655.68432994882,-2.225048665752037,-1.8162818548897552,6.5242335931180016,4.484874814129955,5.54262524882562,7.772511421995365,3.0061428142741637,5.424337655002157,False,False,3.4994601545851323e-06,fit:association,-93.75,-81.25,,,
N17,scan-fw-9d97ea200c12ab01,2026-09-30T18:52:09.906526-07:00,165816,after,zero-c,True,3.0074330195843983,3.0074330195843983,0,168.44997685979092,2.0335736278412093,True,37.82801213605592,-122.46424175503022,5.374844517304155,3029.2873117637973,0.9086044726346123,38080.65627213669,38096.15913145542,1.3074380348064412,1.3194662801316033,6.313174578529576,4.894461799216029,4.452341178411088,7.606313411919395,4.310781441365324,5.301591218199061,False,False,0.00010680122097612987,fit:association,-85.0,-85.0,,,
N17,scan-fw-9d97ea200c12ab01,2026-09-30T18:52:09.906526-07:00,165816,after,fitted-c,True,2.453487958582512,2.453487958582512,0,88.52652948439055,1.907801260132384,True,37.82832145768504,-122.47620181882581,4.858196259054239,3227.9354483832303,0.968186997115546,35446.07057952461,35461.056790585084,1.1428335552149678,0.8645771427192948,6.1485700989381025,4.43957266180372,4.287736698819614,7.44170893232792,3.8558923039530155,4.846702080786752,False,False,0.00011724403424247243,fit:association,-85.0,-85.0,,,
N18,scan-fw-4d1d8afef3519e78,2026-09-30T21:50:42.672397-07:00,165817,before,zero-c,True,0.46366627689015183,0.46366627689015183,0,142.9095584752015,0.46366627689015183,True,37.847400576228345,-122.48090832430614,715.4194867469778,2772.5406543712547,0.892352962462586,36478.07672047462,37198.03928935051,-2.602744048755214,-1.5594536491836255,-4.12283265928413,-1.3308436343809784,-4.722544249947311,-3.2098776425966244,-2.1270776585675595,-0.5518389936626695,False,False,0.00020947558994180893,fit:association,-87.5,-87.5,,,
N18,scan-fw-4d1d8afef3519e78,2026-09-30T21:50:42.672397-07:00,165817,before,fitted-c,True,1.096403343033589,1.096403343033589,0,109.36048113842723,0.8316475219356313,True,37.8406748027689,-122.47917795633111,1606.0451435522555,2922.2567963965275,0.9405396834234077,35270.672977270224,36881.26120295139,-1.5948662067027477,-1.754169247827445,-3.114954817231664,-1.525559233024798,-3.7146664078948444,-2.201999800544159,-2.3217932572113793,-0.7465545923064891,False,False,0.0003860234389804103,fit:association,-87.5,-87.5,,,
N18,scan-fw-4d1d8afef3519e78,2026-09-30T21:50:42.672397-07:00,165817,after,zero-c,True,0.6861394525949251,0.6861394525949251,0,143.61009442061612,0.46411062610955706,True,37.847661482191796,-122.4781426882015,16.541817779077974,2788.1777860658335,0.8973858339445876,36374.72135457689,36396.715886906866,-1.002987738800235,-1.5825669422432163,-4.057581680834625,-1.3920136585714276,-5.110271450519737,-2.985275863060587,-1.6493056748632504,-1.1633982746059695,False,False,0.00021829137336129047,fit:association,-85.0,-85.0,,,
N18,scan-fw-4d1d8afef3519e78,2026-09-30T21:50:42.672397-07:00,165817,after,fitted-c,True,0.8212780179115384,0.8212780179115384,0,108.58576213273464,0.3363390768810661,True,37.84508872204695,-122.47786560235886,16.866325272138056,2923.339334238569,0.9408881024263176,35190.451786570615,35212.77082639365,0.3626446869683117,-1.220910299683506,-2.6919492550660786,-1.0303570160117173,-3.7446390247511907,-1.619643437292041,-1.28764903230354,-0.801741632046259,False,False,5.584589850647463e-05,fit:association,-85.0,-85.0,,,
N19,scan-fw-1b05963d1655905e,2026-09-30T22:54:20.257098-07:00,165817,before,zero-c,True,4.086504566775083,4.086504566775083,0,147.17557095408205,4.086504565099585,True,37.88561451293868,-122.48099586800116,227.50021621770065,834.6757817855781,0.38535354653073783,29333.334338432094,29561.419641154975,12.603082006311999,-12.706021928039341,-16.033549425774254,-17.77137631119364,-16.13764320658012,-15.665020780093318,-18.09176674155833,-17.45410374329899,False,False,0.00034918733687666625,fit:association,-93.75,-93.75,,,
N19,scan-fw-1b05963d1655905e,2026-09-30T22:54:20.257098-07:00,165817,before,fitted-c,True,11.841068928306111,11.841068928306111,0,141.50254017180796,10.64257729815295,True,37.74824481966627,-122.4423373004907,252.77984272516187,793.1782094825892,0.3661949258922388,29448.822299086645,29702.187228316987,2.9269350950077433,8.731388640688248,-25.709696337078512,3.6660342575339495,-25.813790117884377,-25.341167691397576,3.3456438271692606,3.983306825428599,False,False,0.0002626889968813731,fit:association,-93.75,-93.75,,,
N19,scan-fw-1b05963d1655905e,2026-09-30T22:54:20.257098-07:00,165817,after,zero-c,True,2.3271819474424444,2.3271819474424444,0,137.12478063200604,1.1344789778082116,True,37.83192472003954,-122.50097780797702,11.43653380001706,1914.7732235826913,0.8840134919587679,24660.06634912587,24683.645150325836,3.7083863690732968,3.5460372813563246,-2.0365717193180584,-0.7924838569924488,-3.860080173417117,-1.114505762071106,-1.8025010456077242,0.7431604786433683,False,False,0.0005279207952232148,fit:association,-85.0,-85.0,,,
N19,scan-fw-1b05963d1655905e,2026-09-30T22:54:20.257098-07:00,165817,after,fitted-c,True,1.6764418211169498,1.6764418211169498,0,88.6456661558261,0.8317790716681935,True,37.83399070270739,-122.48502560041484,10.550676900758845,2007.3888580788434,0.9267723259828455,23670.03370127562,23692.726645576327,3.4498006057694734,3.1863120142416435,-2.2951574826218817,-1.15220912410713,-4.118665936720941,-1.3730915253749294,-2.1622263127224053,0.3834352115286872,False,False,2.9891065637235246e-05,fit:own-continuation,-85.0,-85.0,,,
N20,scan-fw-7832972d0a1e9449,2026-09-30T23:22:34.885556-07:00,165818,before,zero-c,True,1.4884229363344856,1.4884229363344856,0,129.85338948237626,1.3001639926365167,True,37.857745107102524,-122.47285899926908,221.78204618360178,1736.1746884933914,0.7186153511975958,29500.352130069303,29723.30887127309,-26.236006289418995,-11.64327993220842,0.5481050489764314,0.7390224136688399,0.21241107822447064,0.8638066209696151,0.3609299796465434,1.5393822148848897,False,False,0.00022491605151366348,fit:association,-93.75,-68.75,,,
N20,scan-fw-7832972d0a1e9449,2026-09-30T23:22:34.885556-07:00,165818,before,fitted-c,True,0.7234935883336003,0.7234935883336003,0,112.62076260209392,0.7234935883336003,True,37.84284630710026,-122.48329570855317,243.66195751032137,2010.6531576252237,0.832223989083288,28235.460654213046,28480.297306743552,-27.07700761318917,-12.759812196205063,-0.292896274793744,-0.3775098503278027,-0.6285902455457049,0.022805297199439634,-0.7556022843500992,0.42284995088824695,False,False,0.0001238427117718412,fit:own-continuation,-93.75,-68.75,,,
N20,scan-fw-7832972d0a1e9449,2026-09-30T23:22:34.885556-07:00,165818,after,zero-c,True,1.359357473878187,1.359357473878187,0,136.66006377455506,1.0466015677614684,True,37.85668304704274,-122.47365469289107,25.02497012297681,2074.5927658486653,0.8586890587121959,27886.662201724008,27917.83367257729,0.9349645078385727,-0.46891278136134606,1.2020101935126108,0.8446149402644081,-0.42949223049295493,2.2391854300350853,-0.09702562440609064,1.3385062128500187,False,False,0.0002681226114742835,fit:association,-85.0,-85.0,,,
N20,scan-fw-7832972d0a1e9449,2026-09-30T23:22:34.885556-07:00,165818,after,fitted-c,True,1.1352525956553519,1.1352525956553519,0,104.83752824424081,1.0125676028166914,True,37.838846727853586,-122.4857424491322,27.7291742880916,2283.6440167890646,0.9452168943663347,26563.155961782246,26597.031636800642,-1.01735973766171,-1.8869987273976867,-0.7503140519876719,-0.5734710057719326,-2.3818164759932374,0.2868611845348026,-1.5151115704424312,-0.07957973318632183,False,False,0.0001413987052251084,fit:association,-85.0,-85.0,,,
N21,scan-fw-10d60d847a5e2c2c,2026-10-01T00:54:23.203345-07:00,165818,before,zero-c,True,10.408367430988864,10.408367430988864,0,150.55821730503334,4.618182258238571,True,37.87955038181337,-122.37365621378136,306.73864154114926,1243.1388720376106,0.521450869143293,31134.58127480767,31443.160215405864,-4.089814570755131,-21.226314748924594,-12.941510703539718,-22.910459023697587,-13.847609846705737,-12.538310104116032,-22.981558477176037,-22.873571897939478,False,False,0.00012049518271378505,fit:zero-timing,-93.75,-68.75,,,
N21,scan-fw-10d60d847a5e2c2c,2026-10-01T00:54:23.203345-07:00,165818,before,fitted-c,True,6.789183318512736,6.789183318512736,0,104.23962015494294,4.051396620778136,True,37.85254798535226,-122.40855667407222,303.109438852287,1497.5429542968136,0.6281639908963145,29383.204307078366,29692.511537935396,-2.2334133325674816,-117.44118095390778,-8.988917251473634,-48.912248023498535,-10.343571238330034,-7.830721670706703,-49.10962443239447,-48.693723420018465,False,False,0.00016596947489111447,fit:association,-87.5,-87.5,,,
N21,scan-fw-10d60d847a5e2c2c,2026-10-01T00:54:23.203345-07:00,165818,after,zero-c,True,2.2864091470962515,2.2864091470962515,0,155.42117790619915,1.2974099429724866,True,37.85652876387907,-122.46149382659651,8.358096420197398,2132.2523240088285,0.8944011426211529,26872.909105553066,26893.364192567202,-1.0324753207403718,-1.3661707400964513,-6.475052436205666,-4.924520015637781,-7.878087308077559,-4.536241424485437,-6.16896571190567,-4.010324793933048,False,False,0.00012979395387377468,fit:association,-87.5,-82.5,,,
N21,scan-fw-10d60d847a5e2c2c,2026-10-01T00:54:23.203345-07:00,165818,after,fitted-c,True,4.188211958632553,4.188211958632553,0,86.20409429629808,3.9250108807390265,True,37.84318967903814,-122.43863880162746,9.051052383587376,2239.6423927318765,0.9394473123875321,25349.044291292917,25370.192334270443,-0.05370172546273662,-0.5829248391271608,-5.4962788409280305,-4.14127411466849,-6.899313712799923,-3.5574678292078024,-5.385719810936378,-3.227078892963757,False,False,0.000264293243933456,fit:association,-87.5,-82.5,,,
N22,scan-fw-770344cb3e2c1d47,2026-10-01T01:36:44.995353-07:00,165818,before,zero-c,True,196.69439375528853,196.69439375528853,0,169.9400826568234,196.69439375528853,False,37.93055602935916,-120.24666220730923,269.0065983560635,1073.0611121149714,0.38949586646641426,37553.45096201083,37833.37407143205,14.638345084414462,1.8351534168018158,11.753372736902811,-0.2544404126577362,8.67830629641304,12.675066484654891,-1.229324320519078,0.25232506565066304,False,False,0.00025550327656823166,fit:own-continuation,131.25,-68.75,,,
N22,scan-fw-770344cb3e2c1d47,2026-10-01T01:36:44.995353-07:00,165818,before,fitted-c,True,213.91392375229253,213.91392375229253,0,175.93094594311748,213.91392375229253,False,37.93543404838325,-120.05042008839315,71.12655034384807,787.3470412459934,0.2857883997263134,38633.203507609294,38715.2465690183,-2.890630335961887,4.012205985087266,-5.775602683473537,1.9226121556277138,-8.850669123963307,-4.853908935721456,0.947728247766372,2.429377633936113,False,False,0.00019089083635586562,fit:own-continuation,131.25,-68.75,,,
N22,scan-fw-770344cb3e2c1d47,2026-10-01T01:36:44.995353-07:00,165818,after,zero-c,True,3.063569198594659,3.063569198594659,0,149.83442189848984,1.6772908248073517,True,37.860960345640116,-122.45428586992846,105.41223932791036,2448.31116384038,0.8886791883268166,31464.25426481155,31586.834677959578,-2.608908424157598,-4.460105424730044,-1.010702998107756,1.0230018708877697,-3.6391632077545637,-0.17671836322105283,-0.12921499217684418,2.961724433492533,False,False,2.2461923398289785e-05,fit:association,-75.0,-75.0,,,
N22,scan-fw-770344cb3e2c1d47,2026-10-01T01:36:44.995353-07:00,165818,after,fitted-c,True,3.285273743199017,3.285273743199017,0,105.21038513193936,1.452035882106843,True,37.86585787223648,-122.4549740525967,103.8436989080983,2587.5813260191253,0.9392309713318059,30081.714554730424,30202.72642745864,-1.9637834882008534,-4.303832515682464,-0.3655780621510114,1.1792747799353496,-2.9940382717978187,0.46840657273569175,0.027057916870735665,3.1179973425401126,False,False,0.0003619625367189557,fit:association,-75.0,-75.0,,,
N23,scan-fw-ec5a7efcbb4bc8f8,2026-10-01T02:19:08.201061-07:00,165819,before,zero-c,True,5.432581382597088,5.432581382597088,0,128.65513869661862,5.432581382555502,True,37.83555979050395,-122.42629561518471,647.5411103685838,1357.7794856828134,0.4759128936848277,37646.513292997646,38294.93725725554,2.1116831107575345,-20.85494600535166,-1.146673431171823,-0.7888425700080752,-1.4109816894812122,-0.8805374240826361,-1.2384966746718733,-0.4216744381000585,False,False,0.0002935882693717064,fit:zero-timing,-81.25,-81.25,,,
N23,scan-fw-ec5a7efcbb4bc8f8,2026-10-01T02:19:08.201061-07:00,165819,before,fitted-c,True,0.553810305282991,0.553810305282991,0,89.33832238202847,0.553810305282991,True,37.849090719772676,-122.49206216927561,2806.1727247092385,2482.554070882805,0.8701556505022099,32761.937186023406,35568.99276462195,2.49212742968654,-20.445901980270442,-0.7662291122428173,-0.3797985449268566,-1.0305373705522065,-0.5000931051536305,-0.8294526495906547,-0.012630413018839881,False,False,0.00020563840574621805,fit:association,-81.25,-81.25,,,
N23,scan-fw-ec5a7efcbb4bc8f8,2026-10-01T02:19:08.201061-07:00,165819,after,zero-c,True,1.840944150751289,1.840944150751289,0,129.07912143949534,1.31054940111131,True,37.83738459208353,-122.50062385719069,86.34322557618725,2579.5544427145965,0.9041550798158418,32574.60389271777,32663.426631508097,2.6311492599792508,2.380247783366339,1.425759070654946,1.663311678723864,0.976935269764275,2.189662429584287,1.2634561827040565,2.434169724439134,False,False,0.0002654473499433818,fit:association,-87.5,-82.5,,,
N23,scan-fw-ec5a7efcbb4bc8f8,2026-10-01T02:19:08.201061-07:00,165819,after,fitted-c,True,0.9912623817127512,0.9912623817127512,0,83.99106722311832,0.8059223599220552,True,37.84134722469671,-122.48008580946515,86.62731152366905,2727.684582331356,0.9560759138911168,31302.323953197083,31391.430777934893,0.0955973219796104,-0.01802413610401299,-1.1097928673446944,-0.7349602407464882,-1.5586166682353653,-0.34588950841535326,-1.1348157367662959,0.0358978049687817,False,False,3.509452077427033e-05,fit:association,-87.5,-82.5,,,
N24,scan-fw-f5f562354631463b,2026-10-01T03:58:01.021533-07:00,165819,before,zero-c,True,51.78294573680983,51.78294573680983,0,173.373279843384,32.54592015328928,False,38.23773586462397,-122.8114710712759,140.7043666208192,673.9318087207054,0.25297740567594046,37767.5186488957,37909.167405845736,1.4269066078245694,-0.333878834382201,44.21840123528868,-68.93869983158334,43.51439794316659,44.68953137728551,-69.28919868405575,-68.8030144539972,False,False,7.009823771852997e-05,fit:zero-timing,-112.5,-37.5,,,
N24,scan-fw-f5f562354631463b,2026-10-01T03:58:01.021533-07:00,165819,before,fitted-c,True,28.044659281425133,28.044659281425133,0,166.77265514103556,28.044659281400403,False,37.89715582658818,-122.79939956689867,395.40319958364125,896.754822233783,0.3366196780156843,36827.32689069213,37223.09874895649,56.954067602747415,-14.581169972995648,68.43795081336705,-46.247876774656035,67.95875889272712,68.66859485298315,-46.34949338132286,-46.095331485601456,False,False,0.00022646162485015497,fit:association,-112.5,-62.5,,,
N24,scan-fw-f5f562354631463b,2026-10-01T03:58:01.021533-07:00,165819,after,zero-c,True,1.4714795283029578,1.4714795283029578,0,141.22113673309894,1.4714795283029578,True,37.83583038726368,-122.48631603468279,136.95869213693732,2381.853014905872,0.8940889695592612,30353.792554105232,30495.044213985693,0.6471226404489869,0.34989284434990736,-3.481407750959968,-1.2017967073609255,-5.447835948794992,-2.8762218657146423,-1.7663289375323994,-0.803455512913532,False,False,2.2024943572479527e-05,fit:association,-85.0,-85.0,,,
N24,scan-fw-f5f562354631463b,2026-10-01T03:58:01.021533-07:00,165819,after,fitted-c,True,1.0459876785849607,1.0459876785849607,0,90.10991732514051,0.8374205865673338,True,37.841052528644454,-122.47949608383007,134.50166439849636,2528.161233648501,0.9490094720902781,29012.117338477154,29150.911970619174,0.15857697850703295,0.012975383864571803,-3.969953412901922,-1.538714167846261,-5.936381610736946,-3.3647675276565963,-2.1032463980177347,-1.1403729733988675,False,False,0.0003185516203185468,fit:association,-85.0,-85.0,,,
N25,scan-fw-0ceb1f5dcf51e9b7,2026-10-01T04:54:31.951764-07:00,165819,before,zero-c,True,1.828874569563311,1.828874569563311,0,142.24295023098406,1.828874569563311,True,37.84448436719797,-122.50576268513665,217.37543147168253,2091.0628080748847,0.9252490301216304,25451.531251071043,25674.2037673842,-4.120746801131599,-6.080608267208392,2.437282497593646,-0.7072832702404348,1.4249987647085385,3.349646502446211,-1.2568249301825065,0.08709698305202618,False,False,0.00028361065896638114,fit:association,-68.75,-81.25,,,
N25,scan-fw-0ceb1f5dcf51e9b7,2026-10-01T04:54:31.951764-07:00,165819,before,fitted-c,True,2.750369458209452,2.750369458209452,0,93.07455976525955,1.182077825610485,True,37.84219047384122,-122.51584687524526,336.63402682686865,2161.622473654243,0.9564701210859483,24365.22983523535,24714.401464587834,0.9656574335384348,2.261149104005287,3.2235135094662777,-0.36739702862111434,2.072747953496645,5.856203193399518,-1.0626048808476867,0.21615499585022424,False,False,6.746736295605918e-05,fit:association,-93.75,-81.25,,,
N25,scan-fw-0ceb1f5dcf51e9b7,2026-10-01T04:54:31.951764-07:00,165819,after,zero-c,True,0.658614042220206,0.658614042220206,0,145.42008561917373,0.6257763328166209,True,37.84853596408529,-122.49322691773806,15.099178735508758,2077.1279485330338,0.9190831630677141,25581.4694350059,25603.234132737332,-5.515880620094611,-5.52497885257498,2.753363717883955,-1.3206416659569609,2.015550625089802,4.924293006078746,-2.27367415135127,-0.7552013363267512,False,False,5.460061450196854e-05,fit:association,-102.5,-72.5,,,
N25,scan-fw-0ceb1f5dcf51e9b7,2026-10-01T04:54:31.951764-07:00,165819,after,fitted-c,True,0.4704220731717799,0.4704220731717799,0,101.22314678071113,0.4704220731717799,True,37.84945558282506,-122.48042109900807,14.661704902937345,2158.112480675175,0.9549170268474225,24625.20169793284,24646.5289218317,-4.9145856968358546,-4.8377128412581225,3.354658641142712,-0.633375654640103,2.6168455483485586,5.525587929337503,-1.5864081400344123,-0.06793532500989341,False,False,0.00011863950306886806,fit:association,-102.5,-72.5,,,
N26,scan-fw-c73658cb354ade8c,2026-10-01T05:39:43.069996-07:00,165820,before,zero-c,True,2.6342445452030416,2.6342445452030416,0,160.60027356313813,2.248920835493103,True,37.84560339069007,-122.45607420116885,511.80471749832213,2978.7494974580304,0.8852153038508263,38599.95999131487,39117.67770238584,0.12352685744781856,0.9337887940710501,0.6796520876460835,1.640067230678929,-0.10921678445852168,1.4771302601317453,0.8914221070877546,2.2845957806204833,False,False,0.0001810764374509642,fit:association,-81.25,-81.25,,,
N26,scan-fw-c73658cb354ade8c,2026-10-01T05:39:43.069996-07:00,165820,before,fitted-c,True,1.205193661678401,1.205193661678401,0,90.80542057610504,1.1065175457316467,True,37.853189775090186,-122.47306580944364,162.8083609887617,3217.089157798819,0.9560443262403623,36101.278069680244,36269.99942424165,-1.6717772098896395,-1.7551903744257105,-1.1156519796913744,-1.0489119378178318,-1.9045208517959797,-0.31817380720571253,-1.7975570614090062,-0.40438338787627737,False,False,0.0002133015025966474,fit:own-continuation,-81.25,-81.25,,,
N26,scan-fw-c73658cb354ade8c,2026-10-01T05:39:43.069996-07:00,165820,after,zero-c,True,3.0132321603066496,3.0132321603066496,0,159.99508551168896,1.6595125496667797,True,37.83994602603447,-122.45343628156803,11.999748935792013,2984.173802719767,0.8868272816403469,38568.46031177882,38590.80673931522,0.4378805027547199,1.4110285419442612,0.48918021139455314,1.3606867482359735,-0.3613943319332692,1.6958119945347385,0.6472732464063582,2.330763169888952,False,False,0.0005008336380911554,fit:association,-82.5,-82.5,,,
N26,scan-fw-c73658cb354ade8c,2026-10-01T05:39:43.069996-07:00,165820,after,fitted-c,True,1.4790469516489337,1.4790469516489337,0,92.53014405084612,0.9160839579618533,True,37.84698599681018,-122.4691153509985,11.264768375491258,3234.1169493331968,0.9611045911837137,36074.87497017782,36096.48641715392,-0.674570742249681,-0.6000915940337257,-0.6232710336098478,-0.6504333877420134,-1.4738455769376702,0.5833607495303376,-1.3638468895716287,0.31964303391096505,False,False,0.0004020323255062505,fit:own-continuation,-82.5,-82.5,,,
N27,scan-fw-31c314f278dc5030,2026-10-01T07:25:12.402158-07:00,165820,before,zero-c,True,1.1852798118216072,1.1852798118216072,0,161.4419352836863,1.1852798118216072,True,37.847234895483716,-122.49905551975263,418.01017192370637,2815.96555296099,0.8753389968793877,37438.43868576059,37868.99175425743,3.0235595102673467,0.007220511902292918,-1.6780915629404283,-1.1613476216275638,-3.181440059522606,-0.726156873976064,-2.66351781358459,1.2436485091751144,False,False,0.00020710172232953723,fit:association,-81.25,-81.25,,,
N27,scan-fw-31c314f278dc5030,2026-10-01T07:25:12.402158-07:00,165820,before,fitted-c,True,0.17381427443108102,0.17381427443108102,0,85.41610334676682,0.03864752478342254,True,37.84858046925714,-122.4838692476086,391.1362194526082,3072.5334426842637,0.9550927704955746,34869.575028824256,35273.25414485,0.41511902604609374,-1.23889585766032,-4.286532047161681,-2.407463991190177,-5.789880543743859,-3.3345973581973167,-3.9096341831472032,-0.002467860387498799,False,False,9.619160633062701e-05,fit:association,-81.25,-81.25,,,
N27,scan-fw-31c314f278dc5030,2026-10-01T07:25:12.402158-07:00,165820,after,zero-c,True,1.5676532424511775,1.5676532424511775,0,162.23936366230106,1.0570660581713138,True,37.84596763314162,-122.50317501298923,9.618351971737866,2814.802243203607,0.8749773836504839,37461.47700681892,37474.97871462423,3.4391595813348803,2.1202699592155803,-1.3471359664513467,-0.936630414183703,-1.7402845115898706,-0.5677417775659676,-1.4732713619511735,-0.22855283544092198,False,False,3.0068874574365467e-05,fit:association,-87.5,-77.5,,,
N27,scan-fw-31c314f278dc5030,2026-10-01T07:25:12.402158-07:00,165820,after,fitted-c,True,0.39211749968204573,0.39211749968204573,0,85.677884141422,0.39211749968204573,True,37.845719725177226,-122.48720037737809,9.013777958636638,3072.4286644841304,0.9550602003370005,34874.57286680599,34887.4700005982,0.8107948542565659,0.8142207457344566,-3.975500693529661,-2.2426796276648266,-4.368649238668185,-3.196106504644282,-2.779320575432297,-1.5346020489220455,False,False,0.0001462901988001867,fit:own-continuation,-87.5,-77.5,,,
N28,scan-fw-e783b43f7118a8cf,2026-10-01T08:40:43.586548-07:00,165821,before,zero-c,True,49.06984796851297,49.06984796851297,0,168.82921485817243,40.18451871091933,False,37.40941018446785,-122.43762902320431,358.2987060667656,720.1885002273075,0.26236375235967485,38807.98538308249,39167.14480277349,-107.4987411200133,40.64177905080353,-19.075921886386084,57.200864560544744,-19.391955281951375,-18.879941336355987,56.83324596644419,57.59219645446619,False,False,0.0002090290111960713,fit:own-continuation,-93.75,-131.25,,,
N28,scan-fw-e783b43f7118a8cf,2026-10-01T08:40:43.586548-07:00,165821,before,fitted-c,True,39.432736693746364,39.432736693746364,0,166.09359452560273,26.54005861272405,False,37.576867786261836,-122.19840444390168,158.96075467201445,540.7997718734024,0.19701266734914477,39444.243602583316,39604.411936927565,1.7287537360483967,-2.460054820086997,-201.88421708591127,55.046268904079135,-202.38573138838117,-201.26230265672478,54.79233805890003,55.426825038473034,False,False,7.889864077820073e-05,fit:zero-timing,-62.5,-112.5,,,
N28,scan-fw-e783b43f7118a8cf,2026-10-01T08:40:43.586548-07:00,165821,after,zero-c,True,2.80774160092436,2.80774160092436,0,151.50833295596132,2.80774160092436,True,37.83121199498858,-122.46313255839024,100.64339621161707,2243.279150386108,0.8172237342025894,32509.744522293393,32620.158692641497,-3.334597605314233,2.5376855942479044,-1.4945079242286572,3.3397115353354225,-2.724031699211438,-0.3714812853903253,2.546435109870502,4.973149619062582,False,False,0.00031398185117502246,fit:association,-87.5,-82.5,,,
N28,scan-fw-e783b43f7118a8cf,2026-10-01T08:40:43.586548-07:00,165821,after,fitted-c,True,1.9061459454270695,1.9061459454270695,0,118.08154824288042,0.9809458642423082,True,37.83826735550252,-122.4688857043642,101.19453534856802,2330.0997958925277,0.8488523846603016,31604.710646094798,31715.675955579853,0.055937993733156874,1.5305061346704856,1.8960276748187326,2.332532075758004,0.6665038998359516,3.0190543136570644,1.539255650293083,3.9659701594851633,False,False,3.180304019222377e-05,fit:own-continuation,-87.5,-82.5,,,
N29,scan-fw-3bf35cdd73bf9970,2026-10-01T09:10:51.574146-07:00,165821,before,zero-c,True,315.03466541970516,315.03466541970516,0,177.7196633806749,80.06132967907155,False,40.426008971034896,-120.96742311013027,201.31883526677848,836.5520577295827,0.23102790879027413,51643.08080102532,51845.17586616303,-15.616849843708916,6.4680025806923185,-127.74743650641331,-88.5405869370953,-128.14422444929545,-127.41545299608192,-88.91274713624696,-88.25560419866088,False,False,5.224324740663727e-05,fit:own-continuation,43.75,206.25,,,
N29,scan-fw-3bf35cdd73bf9970,2026-10-01T09:10:51.574146-07:00,165821,before,fitted-c,True,316.0709200412685,316.0709200412685,0,179.37303093183408,57.41057440300138,False,40.437573032977504,-120.97104645457955,126.60743893496692,812.3667645548237,0.2243487336522573,51735.93483294126,51863.31850174716,1.183830594161152,0.35115585739448935,-110.94675606854324,-94.65743366039312,-111.34354401142538,-110.61477255821185,-95.02959385954479,-94.3724509219587,False,False,6.979169929225874e-05,fit:own-continuation,43.75,206.25,,,
N29,scan-fw-3bf35cdd73bf9970,2026-10-01T09:10:51.574146-07:00,165821,after,zero-c,True,5.114549590952773,5.114549590952773,0,148.25050225781774,5.114549590951071,True,37.822108303279656,-122.43855735328307,268.62267423236335,2956.975878833357,0.8166185801804355,42893.3346723126,43169.42497908595,2.2312852635425138,2.8413513396312116,-6.5032895729740385,-4.501733890519609,-6.923336046932199,-3.980963035100187,-5.479632860763659,-3.695223023746687,False,False,0.0002853764228104988,fit:association,-80.0,-80.0,,,
N29,scan-fw-3bf35cdd73bf9970,2026-10-01T09:10:51.574146-07:00,165821,after,fitted-c,True,4.9597540826474384,4.9597540826474384,0,128.43320532351683,3.995116419981938,True,37.82205907439617,-122.44079778321746,266.22680210175895,3116.1537659859187,0.8605782286622256,41834.62586536497,42108.32030000771,1.1880378285113895,2.0789482079075676,-7.546537008005163,-5.264137022243252,-7.966583481963323,-5.024210470131311,-6.242035992487303,-4.45762615547033,False,False,0.000260029085740264,fit:association,-80.0,-80.0,,,
N30,scan-fw-2e7b33a6720d4772,2026-10-01T09:56:08.634041-07:00,165821,before,zero-c,True,52.008389764895846,52.008389764895846,0,176.65665497268844,41.30151752104015,False,38.28061841314567,-122.7147981119689,147.82420699797512,780.0023603881839,0.22388127450866357,49770.112083761676,49919.25234232093,1.7589861599754963,0.9584438086246336,-9.993823975937678,-48.64487985505071,-10.569356007627082,-9.567348200091457,-48.89410326230701,-48.307586782774194,False,False,5.0966650058398765e-05,fit:own-continuation,-106.25,-31.25,,,
N30,scan-fw-2e7b33a6720d4772,2026-10-01T09:56:08.634041-07:00,165821,before,fitted-c,True,44.35452152344111,44.35452152344111,0,166.9653995962372,33.90103309782853,False,38.14924286074032,-122.81909766570573,206.56659163313452,885.6787838749509,0.25421319858638086,49397.429486086185,49606.83771164677,10.05179013740409,1.5486315361671021,84.30211427278613,-2.873633586717503,84.07525725390319,84.62032754336542,-3.1416893311945056,-1.219776225235745,False,False,0.0002572384851151355,fit:own-continuation,-118.75,-43.75,,,
N30,scan-fw-2e7b33a6720d4772,2026-10-01T09:56:08.634041-07:00,165821,after,zero-c,True,2.486134871079945,2.486134871079945,0,139.43584867343694,0.9839057837143996,True,37.83145896819138,-122.46829012767932,340.41789329655876,2968.17721783432,0.8519452404805741,41211.71207213089,41560.84094172553,-8.209564056601277,-10.201790248991227,-15.526023559851286,-16.45082840148236,-16.99904021607945,-13.659659159531476,-16.74684908089354,-15.913481613330651,False,False,0.00017640002487537276,fit:association,-85.0,-85.0,,,
N30,scan-fw-2e7b33a6720d4772,2026-10-01T09:56:08.634041-07:00,165821,after,fitted-c,True,1.403829909444716,1.403829909444716,0,134.93135571244028,0.5428555264134857,True,37.83738927317613,-122.47964635141223,339.4230068084071,2983.6886695815983,0.8563974367340983,41042.39609047497,41390.53007358146,-7.474438416469035,-9.221922280929892,-14.790897919719043,-15.470960433421027,-16.263914575947208,-12.924533519399233,-15.766981112832203,-14.933613645269316,False,False,0.00024044245280480103,fit:association,-85.0,-85.0,,,
N31,scan-fw-d5bc436bb78f9698,2026-10-01T10:41:20.782652-07:00,165821,before,zero-c,True,94.85860896392713,94.85860896392713,0,165.01572369795696,45.53614749072504,False,37.21104922467275,-123.19986158950798,119.43109933091182,665.9966544375798,0.22409039516742252,42394.66552777808,42514.266345676246,-4.970000703791083,4.14605320651149,-0.8535214411977652,35.41058683590996,-0.9944994594618438,-0.6987981668186448,35.285503027908064,35.53258510150908,False,False,0.0002683066472262824,fit:zero-timing,-150.0,-150.0,,,
N31,scan-fw-d5bc436bb78f9698,2026-10-01T10:41:20.782652-07:00,165821,before,fitted-c,True,199.22050428952463,199.22050428952463,0,171.26136779550606,60.90595619436112,False,38.71076105476905,-120.48462958821572,355.2200252781331,767.0411657999214,0.25808922133240964,42117.96933287986,42473.479530803765,8.483900873881032,-24.728428109407545,-27.70336253399355,-113.44648365451803,-27.96358473214385,-27.461805893947172,-113.57077804792179,-113.2655272129119,False,False,5.669460690808925e-05,fit:association,81.25,31.25,,,
N31,scan-fw-d5bc436bb78f9698,2026-10-01T10:41:20.782652-07:00,165821,after,zero-c,True,1.6456712608479163,1.6456712608479163,0,122.9139650694839,0.45704172558306766,True,37.854094983035324,-122.46813120572642,365.5711221556121,2543.9191331535085,0.8559620232683407,34580.86484588509,34953.81872432969,8.014316723152172,8.057253338721061,-3.0993269207611593,-4.221428125294597,-5.084387046574379,-1.7476723686706594,-4.982635830750516,-3.5299795292903933,False,False,8.1013885430678e-05,fit:association,-80.0,-80.0,,,
N31,scan-fw-d5bc436bb78f9698,2026-10-01T10:41:20.782652-07:00,165821,after,fitted-c,True,1.6198899470969395,1.6198899470969395,0,121.92410031345474,0.16920653607622219,True,37.85470751080954,-122.4687497997974,365.52122090150806,2553.2746881597072,0.8591099219918261,34534.48003916794,34907.38401635844,7.588004409155807,7.888175417605591,-3.5256392347575245,-4.390506046410067,-5.510699360570744,-2.1739846826670246,-5.1517137518659855,-3.699057450405863,False,False,0.00025974794318936326,fit:association,-80.0,-80.0,,,
N32,scan-fw-2e91ef74160c0f50,2026-10-01T11:26:33.539443-07:00,165822,before,zero-c,True,1.4501837464138816,1.4501837464138816,0,129.76769078402052,1.4501837464138816,True,37.836393689416994,-122.48180140857053,313.344035353628,2389.591584436197,0.7148045421585992,41246.635062772635,41563.593012094534,2.336879142905867,0.6943018983026209,-1.1913742527209004,-5.629863176569502,-2.1886036732827483,-0.5521773397630143,-6.240910019580406,-4.836925756412557,False,False,5.779650982190159e-05,fit:association,-75.0,-75.0,,,
N32,scan-fw-2e91ef74160c0f50,2026-10-01T11:26:33.539443-07:00,165822,before,fitted-c,True,1.4929881665597247,1.4929881665597247,0,137.09722877210658,1.4929881664732678,True,37.84649139942669,-122.50244532145229,246.7405139128532,2018.3175053283576,0.6037443928592156,42749.413393535106,43001.544444827225,2.6049659081452026,13.499997184795514,2.766093008382583,-43.849115284233264,1.9166747664082542,4.659536806141227,-43.9213843667562,-43.775806687256875,False,False,2.915005118760467e-05,fit:own-continuation,-87.5,-87.5,,,
N32,scan-fw-2e91ef74160c0f50,2026-10-01T11:26:33.539443-07:00,165822,after,zero-c,True,2.5606653664928576,2.5606653664928576,0,122.57854396290307,2.350075583223863,True,37.82602886070005,-122.48546160879016,161.6294696411278,3018.8607794256613,0.9030394195111162,38273.246368230975,38441.02579567832,4.694666766764058,4.269332852533183,-2.098388500873135,-2.1211345199703198,-3.192037912415683,-0.9685282476197874,-2.7939445803611087,-1.5507969399007626,False,False,0.00018371418177133298,fit:association,-87.5,-92.5,,,
N32,scan-fw-2e91ef74160c0f50,2026-10-01T11:26:33.539443-07:00,165822,after,fitted-c,True,2.529039719459211,2.529039719459211,0,122.6459749548242,2.0167231992491907,True,37.82631474646087,-122.48531654993835,161.5196455375335,3020.5328368931523,0.9035395862677692,38269.09798299112,38436.76758633487,4.706618386198472,4.291872243249985,-2.086436881438721,-2.0985951292535177,-3.180086292981269,-0.9565766281853736,-2.7714051896443066,-1.5282575491839605,False,False,5.442317807821196e-05,fit:association,-87.5,-92.5,,,
N33,scan-fw-ab44ec90d868d8c7,2026-10-01T11:56:42.309042-07:00,165822,before,zero-c,True,40.61319807752611,40.61319807752611,0,182.91597211965623,20.405495445541803,False,37.4919305989744,-122.389014185746,86.94769756344613,523.5737665738045,0.17622812742302407,42905.192906345386,42996.05111805633,-4.001909146555142,0.3122503280988492,39.43390744731071,41.32519116388222,38.70073081583602,40.60423874689567,41.00868566345581,41.53876208578244,False,False,4.8664641298053256e-05,fit:own-continuation,-81.25,-118.75,,,
N33,scan-fw-ab44ec90d868d8c7,2026-10-01T11:56:42.309042-07:00,165822,before,fitted-c,True,29.40580248385313,29.40580248385313,0,164.76881141748407,29.40580248385313,False,37.848712666296805,-122.15084907171925,395.9026373159504,999.1488364520884,0.33630051714981096,41157.60007883679,41555.12348446603,-7.988819913454295,18.31139619414156,64.22355746465662,68.93747283680966,63.85466446282366,64.64661650625604,68.35997903245529,69.18451966687152,False,True,0.0002563814740070558,fit:association,-56.25,-106.25,,,
N33,scan-fw-ab44ec90d868d8c7,2026-10-01T11:56:42.309042-07:00,165822,after,zero-c,True,2.421757529280334,2.421757529280334,0,113.09825874938772,1.8024188032384998,True,37.85450487548603,-122.51246054906386,46.721706052434456,2833.7883694628117,0.9538163478501555,32756.95474996283,32818.67180222076,0.15090283376638278,-0.8482717480606161,3.438217517322123,2.0928900563400625,2.2663860277615004,4.392812675330224,1.008900878129347,4.158737136613455,False,False,0.00017385758441518153,fit:association,-87.5,-77.5,,,
N33,scan-fw-ab44ec90d868d8c7,2026-10-01T11:56:42.309042-07:00,165822,after,fitted-c,True,2.500658491285142,2.500658491285142,0,111.81607579084987,1.244444343315758,True,37.85437772264138,-122.51342742656742,46.69610347591879,2834.6683465766473,0.9541125367137824,32731.462324474156,32793.153774155566,0.14111737784871928,-0.7867860971818649,3.4284320614044597,2.1543757072188137,2.256600571843837,4.38302721941256,1.070386529008098,4.220222787492206,False,False,1.75124962278441e-05,fit:association,-87.5,-77.5,,,
N34,scan-fw-a1c15665e0e23e22,2026-10-01T12:41:57.290684-07:00,165822,before,zero-c,True,1.9418083355363862,1.9418083455333928,0,105.96799376861618,1.9418083355363862,True,37.85846835747022,-122.46712525404502,261.68876877897856,2913.0096032284355,0.9442494662004653,34094.80390608978,34369.011573007716,-3.421554941465145,-4.359939028371833,-8.017128302147437,-8.210580390014384,-9.533016786915969,-6.07863668000449,-9.527550658322696,-7.141619721693597,False,True,0.0009109794369971252,fit:own-continuation,-106.25,-93.75,,,
N34,scan-fw-a1c15665e0e23e22,2026-10-01T12:41:57.290684-07:00,165822,before,fitted-c,True,1.6822860965372186,1.6822860965372186,0,101.29671837158747,1.6822860965372186,True,37.85599434321756,-122.46872778366674,199.1695531854275,2845.6249742955843,0.9224067987992169,34314.45267011908,34526.14112144346,-3.60847501325851,-4.445027320520055,-8.204048373940804,-8.295668682162606,-9.719936858709335,-6.265556751797857,-9.612638950470917,-7.22670801384182,False,False,0.00034285722209671105,fit:association,-106.25,-93.75,,,
N34,scan-fw-a1c15665e0e23e22,2026-10-01T12:41:57.290684-07:00,165822,after,zero-c,True,3.1736289594358458,3.1736289594358458,0,104.20316765971565,2.510391579104408,True,37.864133700392,-122.45506199343511,30.388987347236252,2940.613232446318,0.9531971580052894,33951.31640992469,34006.005637639435,-2.9850202546686853,-3.858762583470166,-8.41108248282715,-8.710749523232934,-10.50030808029003,-6.5787296564758,-10.788615031074855,-6.955014751179089,False,False,0.0003961460947695318,fit:own-continuation,-95.0,-85.0,,,
N34,scan-fw-a1c15665e0e23e22,2026-10-01T12:41:57.290684-07:00,165822,after,fitted-c,True,3.161018591371988,3.161018591371988,0,103.9005381157439,3.125354411701377,True,37.864150206064686,-122.45524437683804,30.4218724622624,2941.744431289744,0.953563835102024,33940.30259871358,33995.024711543345,-2.918911840976865,-3.7917317865468525,-8.34497406913533,-8.643718726309622,-10.43419966659821,-6.51262124278398,-10.721584234151543,-6.887983954255777,False,False,0.00013997455400270852,fit:association,-95.0,-85.0,,,
N35,scan-fw-b1f8d57dd67c27bb,2026-10-01T13:27:12.061503-07:00,165822,before,zero-c,True,1.5049575338575587,1.5049575338575587,0,103.05799505528445,1.5049575338013261,True,37.844711535434655,-122.5019874262895,790.4696113359678,2405.176089201789,0.954434956032456,27735.820986945142,28534.989935335663,-3.5091836844743107,-2.5234025022321527,5.242790495999682,-0.06889122878353993,4.012995292999087,6.616000979163031,-1.146451964253996,0.5104120384868772,False,False,0.0004499188262018297,fit:association,-93.75,-81.25,,,
N35,scan-fw-b1f8d57dd67c27bb,2026-10-01T13:27:12.061503-07:00,165822,before,fitted-c,True,1.510019342597299,1.510019342597299,0,103.05704727813611,1.5100193425920527,True,37.84471917149503,-122.50205154723153,790.4453389443042,2405.1872612570187,0.9544393893877058,27735.779631689587,28534.924307688445,-3.515929966430827,-2.5319243832264307,5.236044214043165,-0.0774131097778179,4.006249011042571,6.609254697206515,-1.154973845248274,0.5018901574925992,False,False,0.0001317672216723817,fit:association,-93.75,-81.25,,,
N35,scan-fw-b1f8d57dd67c27bb,2026-10-01T13:27:12.061503-07:00,165822,after,zero-c,True,1.4102581558525542,1.4102581558525542,0,102.97439127084598,0.5831345883784428,True,37.84424342368938,-122.5006146191142,18.049730184564396,2407.9383837439227,0.9555311046602868,27723.695998708314,27751.856099327248,-1.2635566113528978,-0.5974536030150388,5.598465921962793,0.11442088169158926,4.310428503652434,7.00218533418691,-1.0436959342409289,0.7150997153023884,False,False,0.0002753377556389443,fit:association,-92.5,-82.5,,,
N35,scan-fw-b1f8d57dd67c27bb,2026-10-01T13:27:12.061503-07:00,165822,after,fitted-c,True,1.4159556554520014,1.4159556554520014,0,102.97209128252553,1.0155146904345063,True,37.8442523244261,-122.5006893263224,18.04872461924606,2407.9553448018305,0.9555378352388216,27723.59630437901,27751.755399432626,-1.2726370980333308,-0.6084876494253931,5.5893854352823595,0.10338683528123493,4.301348016972001,6.993104847506476,-1.0547299806512833,0.704065668892034,False,False,0.00014956796728029967,fit:association,-92.5,-82.5,,,
N36,scan-fw-39bd7649435b1ecc,2026-10-01T13:57:38.898009-07:00,165822,before,zero-c,True,5.857176618318066,5.857176618318066,0,105.67158784505173,0.5245094145651327,True,37.8422866174322,-122.41960294639448,673.8098417866786,1356.6983417658084,0.7901562852450835,19544.38755640115,20222.983473767526,9.44313586246355,11.400071053317273,4.3070684578341645,3.686116175732711,3.8706880758710427,4.774100543683625,2.9793901976877524,5.417341314596044,False,True,0.00010778402367970022,fit:association,-56.25,-81.25,,,
N36,scan-fw-39bd7649435b1ecc,2026-10-01T13:57:38.898009-07:00,165822,before,fitted-c,True,5.851404317652823,5.851404317652823,0,105.42398255298596,5.851404317652823,True,37.84261763675242,-122.41961605913461,668.8527086049762,1389.6691355639525,0.8093588442422553,19375.837877418544,20049.476661603218,9.239900036669402,11.216156005265084,4.103832632040017,3.5022011276805225,3.6674522500768956,4.570864717889478,2.7954751496355636,5.233426266543855,False,True,0.0006178866735863338,fit:association,-56.25,-81.25,,,
N36,scan-fw-39bd7649435b1ecc,2026-10-01T13:57:38.898009-07:00,165822,after,zero-c,True,2.8058450931310004,2.8058450931310004,0,103.44711221186435,2.210796471188555,True,37.834059295698815,-122.46005763300444,15.61342582619909,1548.1462439279758,0.9016576842911915,18626.753493709497,18645.703787297047,-0.003567115498231979,0.24242856139086916,3.335374335476119,3.2099642460349402,2.587150832278584,4.079898093804065,2.742305225207148,3.877417340809468,False,False,5.992181854710217e-05,fit:association,-80.0,-80.0,,,
N36,scan-fw-39bd7649435b1ecc,2026-10-01T13:57:38.898009-07:00,165822,after,fitted-c,True,2.6099054086575775,2.6099054086575775,0,96.91114268936256,2.609905408558812,True,37.83424987698157,-122.4626932239656,15.516916027383559,1548.8523725729397,0.902068941510157,18559.92077406933,18578.774557858065,-0.15202876765399465,0.1374756645236455,3.1869126833203567,3.1050113491677167,2.4386891801228217,3.9314364416483025,2.6373523283399245,3.7724644439422446,False,False,8.264578920045163e-05,fit:own-continuation,-80.0,-80.0,,,
N37,scan-fw-f22f374a0068275c,2026-10-01T14:42:56.975869-07:00,165823,before,zero-c,True,0.5729104624963762,0.5729104624963762,0,111.83902073887302,0.4541375769043605,True,37.84497756940896,-122.48176824776957,3566.2377839986984,2750.2092295140437,0.945413966831916,32738.045582795374,36310.87194967324,0.16762932091060143,-0.04416115078018037,-3.5800652469848466,-3.5285998781051284,-4.237557785423424,-1.2312653494597985,-4.276375057815129,-2.7299142353807158,False,False,0.0003145006035320517,fit:own-continuation,-81.25,-81.25,,,
N37,scan-fw-f22f374a0068275c,2026-10-01T14:42:56.975869-07:00,165823,before,fitted-c,True,2.270327407747193,2.270327407747193,0,115.02543246644849,0.484769069788178,True,37.85557927717836,-122.46125183806159,180.8550970316428,2084.7264609790172,0.716647116183918,35478.72535822894,35668.223436328255,-2.5739701817892424,-1.6080313522117498,-2.9903397736758004,-2.7466710734819317,-4.197153777074161,-1.9641184787472006,-3.600124443165492,-1.1408525052738578,False,False,0.0002771893360526828,fit:own-continuation,-93.75,-81.25,,,
N37,scan-fw-f22f374a0068275c,2026-10-01T14:42:56.975869-07:00,165823,after,zero-c,True,0.43528541800843185,0.43528541800843185,0,108.29152645283735,0.43528541800843185,True,37.847872535083624,-122.49048029170987,139.68649331553024,2760.8844879954295,0.9490837016141044,32632.17337118156,32775.48460135203,0.48144925458557136,-0.2770641500906176,-5.127621504590115,-4.428276535216591,-6.050144136735636,-4.312241547775918,-4.715847918939217,-3.8445551126206277,False,False,4.180196857175855e-06,fit:association,-87.5,-82.5,,,
N37,scan-fw-f22f374a0068275c,2026-10-01T14:42:56.975869-07:00,165823,after,fitted-c,True,0.534511320993459,0.534511320993459,0,108.25143355262226,0.534511320993459,True,37.84758469846856,-122.49155018334876,139.72360767552163,2761.5766221340277,0.9493216301595145,32629.605817137206,32772.954161667665,0.4873614900351188,-0.2907781188656201,-5.121709269140568,-4.441990503991594,-6.044231901286088,-4.306329312326371,-4.72956188771422,-3.85826908139563,False,False,3.2770913357411946e-05,fit:association,-87.5,-82.5,,,
N38,scan-fw-abbc223e91b1b189,2026-10-01T15:58:29.900026-07:00,165823,before,zero-c,True,1.4256529137847418,1.4256529139265761,0,115.7938530232885,1.4256529137847418,True,37.842150340482036,-122.47207526570797,281.50516837320174,3004.5716347224798,0.9104762529462059,37427.32372745198,37761.664094716776,-2.3447533583206948,-0.07752158871874341,-28.617574327706514,-12.958544668506686,-31.048614273481313,-22.861679160709915,-15.103514901226145,-11.569337377272067,False,False,0.0007799892508406521,fit:own-continuation,-106.25,-81.25,,,
N38,scan-fw-abbc223e91b1b189,2026-10-01T15:58:29.900026-07:00,165823,before,fitted-c,True,1.1837103788581818,1.1837103788581818,0,98.02476194259778,1.1837103788581818,True,37.8405290458729,-122.47768503343544,287.14064530476753,3057.4680915845574,0.9265054822983507,36895.403226050694,37235.37907024706,-2.9081324817826695,-0.5958609036826475,-29.180953451168488,-13.47688398347059,-31.611993396943287,-23.42505828417189,-15.621854216190048,-12.08767669223597,False,False,0.0001323203046304025,fit:association,-106.25,-81.25,,,
N38,scan-fw-abbc223e91b1b189,2026-10-01T15:58:29.900026-07:00,165823,after,zero-c,True,2.464674886035808,2.464674886035808,0,125.01820824358269,0.8953951106612342,True,37.85756988364954,-122.45983607703388,162.0130807939131,3127.1937230324447,0.9476344615249832,37025.19727604329,37193.414971685816,0.950030596504166,-0.06901657483321728,-28.681947845186695,-12.180782138424622,-29.630130102729336,-27.291940323543276,-13.078314618405985,-11.013334991372036,False,False,0.00015892569208209376,fit:association,-82.5,-77.5,,,
N38,scan-fw-abbc223e91b1b189,2026-10-01T15:58:29.900026-07:00,165823,after,fitted-c,True,2.1543113008594412,2.1543113008594412,0,111.58595793376078,0.9329808570266916,True,37.854594895081085,-122.46224222998615,162.4756337341896,3145.9558705332256,0.9533199607676441,36676.81547635913,36845.49572494193,0.3603291630981443,-0.5654822359935795,-29.27164927859272,-12.677247799584984,-30.21983153613536,-27.8816417569493,-13.574780279566347,-11.509800652532398,False,False,0.00012269819389829247,fit:association,-82.5,-77.5,,,
N39,scan-fw-1832a131fb4b2d0a,2026-10-01T16:43:41.207582-07:00,165823,before,zero-c,True,5.853594313961616,5.853594313961616,0,138.8626010299557,5.853594313961616,True,37.87916522648165,-122.43105726211056,996.1482609972372,2283.26986968399,0.7520651744677174,36554.11119973325,37552.492911477006,1.9069399787666672,2.875775355666266,2.31694125876904,2.3059925598873305,2.0162863198103658,2.851855398366188,1.5185068377556163,2.7789967836435827,False,False,5.138915146590036e-05,fit:association,-75.0,-75.0,,,
N39,scan-fw-1832a131fb4b2d0a,2026-10-01T16:43:41.207582-07:00,165823,before,fitted-c,True,5.119978759178968,5.119978759178968,0,93.28628176663707,5.119978759178968,True,37.877342517923715,-122.43973433331199,1276.5549325200554,2714.5760584616937,0.8941291365157094,34003.083730573184,35281.87211383976,0.08616531874341259,1.6936216140733558,0.4961665987457852,1.12383881829442,0.19551165978711132,1.0310807383429335,0.3363530961627058,1.596843042050672,False,False,0.0002466970006336777,fit:association,-75.0,-75.0,,,
N39,scan-fw-1832a131fb4b2d0a,2026-10-01T16:43:41.207582-07:00,165823,after,zero-c,True,2.302941122362363,2.302941122362363,0,129.52446407691113,2.3029411222907,True,37.849521948786055,-122.45953293336672,39.720765787562414,2799.4929514388014,0.9220991276148884,34298.23380514846,34342.85056686482,3.106264312806456,2.4126826189915374,1.0086427559525597,1.48923753766235,0.05932264933543785,1.797104962044736,0.48973379584976073,2.235859742542967,False,False,0.00060628754060571,fit:association,-87.5,-87.5,,,
N39,scan-fw-1832a131fb4b2d0a,2026-10-01T16:43:41.207582-07:00,165823,after,fitted-c,True,1.5474848514395436,1.5474848514395436,0,83.04711731767824,0.7568859074395233,True,37.84409638355308,-122.46928824280548,41.49869043568469,2912.334978843058,0.9592671208310467,33069.94957124159,33116.34425760607,2.1330812950417033,1.679970116587615,0.03545973818780679,0.7565250352584276,-0.9138603684293151,0.8239219442799829,-0.24297870655416154,1.5031472401390449,False,False,1.32649299774165e-05,fit:association,-87.5,-87.5,,,
N40,scan-fw-330423355878608e,2026-10-01T17:28:51.960552-07:00,165824,before,zero-c,True,12.777761617658156,12.777761617658156,0,149.54904700436003,12.777761617642193,True,37.74476995181468,-122.42467641777775,176.67639095831692,969.1171261187894,0.37345553993016933,35411.966503892865,35592.432270839156,8.980427933685196,20.0965389874359,-10.01508743541379,18.43425769333926,-10.87987448743991,-9.213954871843042,18.2013389165507,19.28815987899588,False,False,0.00029139959451929265,fit:zero-timing,-68.75,-93.75,,,
N40,scan-fw-330423355878608e,2026-10-01T17:28:51.960552-07:00,165824,before,fitted-c,True,1.1350223318025185,1.1350223318025185,0,109.6278626839211,0.7985225869595474,True,37.855273054933214,-122.47550161628884,1460.9054682978312,2234.0775593683015,0.8609162078490564,29858.40019053318,31320.781463666528,-21.252883042137757,-7.719632129298707,2.15741201257088,1.6714707511795686,1.690015620080597,2.5602060570958556,1.3029070779940177,2.141537319495114,False,False,0.00016906121894731587,fit:association,-81.25,-93.75,,,
N40,scan-fw-330423355878608e,2026-10-01T17:28:51.960552-07:00,165824,after,zero-c,True,0.3484427642772759,0.3484427642772759,0,139.7237855175691,0.3484427642772759,True,37.85155957428914,-122.4833677126152,69.59738470022057,2357.497481596815,0.9084768715209306,29554.16586118129,29632.329431978877,0.5329036613378048,0.5433107924616027,1.329271384282953,0.7004332476938131,-0.04828393355541216,3.399547413364634,-0.019140738343624064,1.2900787960230278,False,False,5.1480766212211315e-05,fit:association,-85.0,-85.0,,,
N40,scan-fw-330423355878608e,2026-10-01T17:28:51.960552-07:00,165824,after,fitted-c,True,1.2702189385486342,1.2702189385486342,0,101.4681592679387,0.886781160843171,True,37.84874754179191,-122.47129351479914,70.61727308693298,2443.490757734835,0.941614935543289,28588.81854220291,28668.00200138721,1.0012222989406951,0.961986728364179,1.7975900218858434,1.1191091835963893,0.4200347040474781,3.8678660509675247,0.39953519755895217,1.708754731925604,False,False,0.00023176852909000123,fit:association,-85.0,-85.0,,,
N41,scan-fw-a3da1e4687bc8bb6,2026-10-01T17:58:59.142813-07:00,165824,before,zero-c,True,13.198563752177524,13.198563752177524,0,161.82608627323975,13.198563752177524,False,37.94605174921208,-122.57245691817187,333.35656992773875,703.5324042321547,0.3005264434994253,32693.23209667988,33027.35936853095,81.14831383979512,-25.514866856862053,109.6384667793998,-114.7147012717164,109.30572246883426,110.03220294524195,-114.90322451838479,-114.49888125848439,False,True,0.000809531848932836,fit:association,-112.5,-87.5,,,
N41,scan-fw-a3da1e4687bc8bb6,2026-10-01T17:58:59.142813-07:00,165824,before,fitted-c,True,29.50898109713977,29.50898109713977,0,166.07896443364098,25.267524968215437,False,37.65082456150087,-122.70890136710024,405.48237663433247,692.8672954875501,0.29597065163927816,32749.59152943315,33155.84460799082,8.55069043329337,-19.704858997092348,37.040843372898046,-108.90469341194668,36.7080990623325,37.434579538740195,-109.09321665861508,-108.68887339871468,False,False,4.6130310903134963e-05,fit:association,-112.5,-87.5,,,
N41,scan-fw-a3da1e4687bc8bb6,2026-10-01T17:58:59.142813-07:00,165824,after,zero-c,True,3.096686804693718,3.096686804693718,0,140.50148454532746,3.096686804693718,True,37.82832957337918,-122.46220225937763,255.41269983594248,2142.2427724990853,0.9150972970948676,26613.543719860078,26874.73332529071,1.3771789261741532,1.5129693098844015,0.8543589269947598,1.6488179600711128,0.19110182196747516,1.546776928377082,0.9392085177103858,2.72803682424083,False,False,0.00013788846397414954,fit:own-continuation,-92.5,-82.5,,,
N41,scan-fw-a3da1e4687bc8bb6,2026-10-01T17:58:59.142813-07:00,165824,after,fitted-c,True,1.101343268917267,1.101343268917267,0,96.3022613773899,0.6108385919165783,True,37.83969554365674,-122.48165584404424,249.44165687384157,2200.832933441345,0.9401251317562346,25742.698067830715,25997.916630299245,0.7287421238146069,0.4318372459577752,0.20592212463521353,0.5676858961444864,-0.4573349803920711,0.8983401260175358,-0.1419235462162406,1.6469047603142037,False,False,5.401255506155313e-05,fit:association,-92.5,-82.5,,,
N42,scan-fw-2b63f0bafc9bfbb5,2026-10-01T18:29:06.720701-07:00,165824,before,zero-c,True,2.945184018048125,2.945184018048125,0,147.69357792645846,1.994249780644777,True,37.836074169769155,-122.45651979852761,510.54650491711436,2281.354286958246,0.9063783420573087,28312.537866785664,28843.38067331603,1.304958573613691,2.028616589630927,1.1316002944690895,1.8810029593911497,-1.5521959466650361,3.391273984045821,0.3009048442145732,2.711255212345226,False,False,0.00010146690487405907,fit:association,-93.75,-93.75,,,
N42,scan-fw-2b63f0bafc9bfbb5,2026-10-01T18:29:06.720701-07:00,165824,before,fitted-c,True,1.9794055610268566,1.9794055610268566,0,107.10419113888625,1.358341175518138,True,37.840324351829665,-122.46611084821753,522.0263956167473,2424.3926951972353,0.9632072686520601,27028.047483189315,27570.370180419315,0.452907892838625,1.1734440073819696,0.27954961369402337,1.0258303771421922,-2.404246627440102,2.5392233032707545,-0.5542677380343843,1.8560826300962683,False,False,7.682816589894273e-05,fit:association,-93.75,-93.75,,,
N42,scan-fw-2b63f0bafc9bfbb5,2026-10-01T18:29:06.720701-07:00,165824,after,zero-c,True,2.1317245334890043,2.1317245334890043,0,143.80815118369026,1.3816803075209356,True,37.843460070899916,-122.46253470437725,146.745475941545,2355.703800136212,0.9359172825332587,27761.781614481824,27915.367317789875,-1.466919193615681,-1.7296908126908819,0.8804711086034842,1.2103282171939949,0.1837745558434919,2.308310438310509,0.08436933220427467,1.800195528708603,False,False,3.084041830847539e-05,fit:association,-87.5,-77.5,,,
N42,scan-fw-2b63f0bafc9bfbb5,2026-10-01T18:29:06.720701-07:00,165824,after,fitted-c,True,1.7913837118865872,1.7913837118865872,0,101.34774651279379,0.7644503480425429,True,37.84648031538252,-122.465615432878,147.36892692518813,2462.045517598808,0.9781666736586445,26589.69880075053,26743.907955042225,-2.368316629193822,-2.6787239930650197,-0.020926326974656906,0.261295036819857,-0.7176228797346492,1.4069130027323677,-0.8646638481698632,0.8511623483344651,False,False,0.00012324105090213977,fit:association,-87.5,-77.5,,,
N43,scan-fw-7ef64c17333c25ed,2026-10-01T18:59:13.961670-07:00,165824,before,zero-c,True,1.4268666538635733,1.4268666538635733,0,149.5246813015124,1.3458456461750083,True,37.855703913205645,-122.4996556631012,291.1159896586032,2285.3030960468964,0.8265110654780818,32805.412147502575,33100.819813951326,17.230910111106436,15.281474609206803,4.731808361412057,4.694593827239922,3.8647365178268087,5.18182153756894,3.935528917772636,5.599098016077083,False,False,0.00039756167749416607,fit:association,-81.25,-68.75,,,
N43,scan-fw-7ef64c17333c25ed,2026-10-01T18:59:13.961670-07:00,165824,before,fitted-c,True,0.7625587279119941,0.7625587279119941,0,87.10739608367375,0.5675694059853317,True,37.84956056268415,-122.49441630035581,251.01891416987928,2515.356635417278,0.9097130688670083,30924.92438377323,31180.234974733256,14.622728989209559,12.474565250556921,2.12362723951518,1.8876844685900398,1.256555395929932,2.5736404156720627,1.1286195591227535,2.792188657427201,False,False,0.00012158687240418483,fit:own-continuation,-81.25,-68.75,,,
N43,scan-fw-7ef64c17333c25ed,2026-10-01T18:59:13.961670-07:00,165824,after,zero-c,True,1.1616989995722564,1.1616989995722564,0,149.6299122447883,1.1616989995722564,True,37.848036993421495,-122.49892243485057,21.537321388688724,2475.2999458162685,0.8952260201867156,31753.411510368926,31780.03865027459,5.359356021304223,5.597242212113586,4.657209834635278,4.919289526544535,3.818849615657014,5.44102389027939,4.108081767935875,5.823272020612052,False,False,4.540952131577901e-05,fit:own-continuation,-85.0,-85.0,,,
N43,scan-fw-7ef64c17333c25ed,2026-10-01T18:59:13.961670-07:00,165824,after,fitted-c,True,0.8876271081590565,0.8876271081590565,0,85.75698862325248,0.45013049381625375,True,37.84510740638443,-122.49454038343637,20.4191240024702,2650.964147046877,0.9587573768704799,29965.10489321842,29990.613835737866,3.1141325905493042,3.0890060839050233,2.411986403880359,2.411053398335972,1.573626184902095,3.1958004595244716,1.5998456397273118,3.315035892403489,False,False,0.00043658781798809956,fit:association,-85.0,-85.0,,,
N44,scan-fw-60676bee416548c0,2026-10-01T19:59:31.287207-07:00,165824,before,zero-c,True,1.442636659808249,1.442636659808249,0,136.5420773580769,0.3610426469021618,True,37.84511178978425,-122.50140707929907,349.9523274516323,3045.948357931843,0.9174543246782659,37853.08816378732,38216.13648983376,-1.4555574355683245,-0.9940289130982123,3.2739069705459594,3.969908976242303,2.0146587957300373,4.716978814481456,2.517729093817155,5.110468816300271,False,False,0.000381301930033804,fit:association,-93.75,-81.25,,,
N44,scan-fw-60676bee416548c0,2026-10-01T19:59:31.287207-07:00,165824,before,fitted-c,True,0.15133271836503742,0.15133271836503742,0,88.59684421321913,0.15133271836503742,True,37.84772515200342,-122.48539597886595,354.0997002476506,3184.077141268434,0.9590593799001307,36380.54816927797,36747.74386812044,-2.6312058178880555,-2.421965424997793,2.098258588226228,2.5419724643427224,0.8390104134103062,3.5413304321617245,1.0897925819175744,3.6825323044006897,False,False,6.324458692836925e-05,fit:association,-93.75,-81.25,,,
N44,scan-fw-60676bee416548c0,2026-10-01T19:59:31.287207-07:00,165824,after,zero-c,True,1.130523893228116,1.130523893228116,1,139.44918208174678,1.1305238932173653,True,37.83946409475055,-122.49002274146335,352.9247239186225,3007.347613388716,0.9058275943941916,38208.355952964936,38567.735102994215,3.0261629298517945,1.8690688259537254,2.781878661533652,3.824243033437491,1.5320756312357948,3.5426578524660006,3.106531078903445,4.908984869722123,False,False,0.00010301099242127618,fit:own-continuation,-82.5,-87.5,,,
N44,scan-fw-60676bee416548c0,2026-10-01T19:59:31.287207-07:00,165824,after,fitted-c,True,1.0234482533975162,1.0234482533975162,1,96.97270129186839,1.0234482533975162,True,37.84425290932845,-122.47581222760878,358.27156742052466,3153.663387212296,0.9498986106061132,36808.00087624253,37172.72686977371,1.0866469261664442,0.14729371778844486,0.8423626578483021,2.1024679252722107,-0.4074403724495552,1.6031418487806506,1.3847559707381647,3.1872097615568427,False,False,8.308578963631174e-05,fit:association,-82.5,-87.5,,,
N45,scan-fw-b62728ad807bfe6e,2026-10-01T20:44:43.787270-07:00,165825,before,zero-c,True,1.8953587611767537,1.8953587611767537,0,133.57027881431998,1.351896078723493,True,37.83511665001212,-122.49817690617743,538.3301414172602,3049.837489509841,0.8999225404278078,39193.94707024783,39741.40731648298,-3.3064649902434105,-1.6726467078669915,3.0634019230384326,2.4332056211232644,1.6674172180996196,3.7770961188584327,1.3569914721761043,4.020484891929834,False,False,0.0001923777499962774,fit:association,-87.5,-87.5,,,
N45,scan-fw-b62728ad807bfe6e,2026-10-01T20:44:43.787270-07:00,165825,before,fitted-c,True,1.597059896406283,1.597059896406283,0,92.79696627546925,1.4892874489755226,True,37.8515169105748,-122.50367540843328,535.0438595888845,3222.3563636349772,0.9508280801519555,37715.57820571281,38259.75217011959,-4.591447403795309,-2.8931303024798454,1.7784195094865343,1.2127220265104106,0.3824348045477213,2.492113705306534,0.13650787756325045,2.80000129731698,False,False,0.0004504489138484613,fit:association,-87.5,-87.5,,,
N45,scan-fw-b62728ad807bfe6e,2026-10-01T20:44:43.787270-07:00,165825,after,zero-c,True,1.6930957631971681,1.6930957631971681,1,132.56494788671512,1.0423240576737285,True,37.854148826081314,-122.5039279486745,173.31975926696032,3071.855155818842,0.9064193437057663,39069.473535945624,39252.38490645202,4.0459431300669015,3.364578529291882,2.464710462947956,2.8489082745731658,1.748406448327256,3.807226137290299,1.6336291115016268,4.339494597043374,False,False,0.00016584194932466392,fit:association,-85.0,-75.0,,,
N45,scan-fw-b62728ad807bfe6e,2026-10-01T20:44:43.787270-07:00,165825,after,fitted-c,True,2.5446915854048187,2.5446915854048187,1,94.48417302651131,2.0002730782635982,True,37.86366363464297,-122.50806707406281,173.16312850813847,3235.9651602405165,0.9548436589673994,37673.83113688928,37856.585876636855,2.6218335082564193,1.596052106106697,1.0406008411374739,1.0803818513879806,0.3242968265167735,2.3831165154798173,-0.13489731168355834,2.570968173858189,False,False,0.0003467257409205948,fit:association,-85.0,-75.0,,,
N46,scan-fw-d2f2ff1f2038b3df,2026-10-01T22:00:08.122659-07:00,165825,before,zero-c,True,0.6738631454258889,0.6738631454258889,0,153.55752918414944,0.6738631454258889,True,37.84433374359126,-122.48094541639828,763.0781321094983,2939.2413748952863,0.8571715878959715,40493.045282419116,41265.229738769536,-4.055372347223356,8.422249238267039,2.0959684225597686,3.7180386052585783,0.9484313188784768,4.03917029972033,2.461019249716866,4.053584712483931,False,False,0.0001129922730385628,fit:association,-93.75,-81.25,,,
N46,scan-fw-d2f2ff1f2038b3df,2026-10-01T22:00:08.122659-07:00,165825,before,fitted-c,True,0.637256079260959,0.637256079260959,0,108.77044833078409,0.6372560792602783,True,37.84629893372274,-122.47939247672589,329.7343987438435,3262.1045737258337,0.9513282513052883,38320.17825171762,38659.01897470238,-4.461083470290657,7.720064627418783,1.6902572994924672,3.015853994410323,0.5427201958111754,3.6334591766530284,1.7588346388686107,3.3514001016356763,False,False,0.00013918168064074637,fit:association,-93.75,-81.25,,,
N46,scan-fw-d2f2ff1f2038b3df,2026-10-01T22:00:08.122659-07:00,165825,after,zero-c,True,1.094936545761139,1.094936545761139,0,154.6168214237437,1.094936545761139,True,37.84413477505978,-122.47495413685617,14.80019176832866,2934.0872818124535,0.8556684986329698,40484.3972697556,40506.41158630065,1.5478089485864681,2.0758061558247274,1.6492980684528142,3.539401098895155,0.7707572304460295,2.5924064579570607,1.6911866711814316,4.179503653742305,False,False,0.000209999159609271,fit:association,-92.5,-82.5,,,
N46,scan-fw-d2f2ff1f2038b3df,2026-10-01T22:00:08.122659-07:00,165825,after,fitted-c,True,0.7338771878324437,0.7338771878324437,0,109.15931534750634,0.7338771878324437,True,37.84312857932058,-122.48208000995172,15.246037262339087,3264.7503541125943,0.9520998408027397,38222.766695203245,38245.226857242305,1.582745135701716,1.5228350983234915,1.684234255568062,2.986430041393919,0.8056934175612773,2.6273426450723085,1.1382156136801955,3.626532596241069,False,False,0.00011360656075977859,fit:association,-92.5,-82.5,,,
N47,scan-fw-4236f7680dc6e278,2026-10-02T00:00:42.245850-07:00,165826,before,zero-c,True,166.4250799432545,166.4250799432545,0,171.68277863067496,166.4250799432545,False,39.20230210922067,-123.30310404383509,366.20140497541433,905.8469696864745,0.243638238215835,52908.75144211715,53276.20756549204,-88.69019537839368,109.17422755659508,-153.06190927739868,156.0182973864698,-154.1569730072189,-152.85734231216088,155.58068538437686,156.22565920864363,False,False,7.894700025576351e-05,fit:association,-156.25,81.25,,,
N47,scan-fw-4236f7680dc6e278,2026-10-02T00:00:42.245850-07:00,165826,before,fitted-c,True,189.72964854578453,189.72964854578453,0,171.5335047998877,170.05821984120863,False,37.80709391088388,-120.32611765673799,389.7492941305027,791.3933221086245,0.2128545782971018,53174.79084127107,53565.78787819806,60.49767100701736,-44.351954423576466,30.919403239126748,24.054110023122682,30.297895840705667,31.54634998641261,23.82039220496578,24.29742864885763,False,True,0.00015525996386040722,fit:own-continuation,112.5,-62.5,,,
N47,scan-fw-4236f7680dc6e278,2026-10-02T00:00:42.245850-07:00,165826,after,zero-c,True,2.0188338527567184,2.0188338527567184,0,162.38621787848396,0.11826054395873653,True,37.83744903363412,-122.46807609163592,150.06167993946292,3146.605375823229,0.8463166691294323,44178.08273576289,44341.157478675974,-1.898017136878677,-2.5331530199362184,-1.3951708114059436,-2.490325520167466,-4.214579802063811,-0.6219576918509678,-4.027279350251012,-1.282937484606292,False,False,0.0001647370390019387,fit:association,-85.0,-85.0,,,
N47,scan-fw-4236f7680dc6e278,2026-10-02T00:00:42.245850-07:00,165826,after,fitted-c,True,1.9612382507607384,1.9612382507607384,0,83.59417251056776,1.5968585081623379,True,37.835648547159195,-122.47124344318111,148.5303008507617,3569.97500679425,0.960186930283553,40763.81761865501,40925.3609824794,1.0736994598703191,0.13290401372492222,1.5765457853430525,0.17573151349367472,-1.2428632053148159,2.349758904898028,-1.3612223165898714,1.3831195490548487,False,False,0.00011093341729855044,fit:association,-85.0,-85.0,,,
N48,scan-fw-a1571307d7a8bb83,2026-10-02T02:01:16.202448-07:00,165827,before,zero-c,True,1.3384481187192372,1.33844811879921,0,153.89588231429283,1.3384481187192372,True,37.846186776166896,-122.50055888656296,583.0277342471381,3351.4547118271676,0.8999609859901094,42991.3711433563,43599.00287534525,1.6896262013420789,2.094457525689083,2.5446579871839887,2.2332173961002297,0.9369562593773424,5.001633779732482,0.9262469726361124,3.883107226082565,False,False,0.0002143785695273208,fit:own-continuation,-87.5,-87.5,,,
N48,scan-fw-a1571307d7a8bb83,2026-10-02T02:01:16.202448-07:00,165827,before,fitted-c,True,0.6535465415841119,0.6535465415841119,0,104.05233163466437,0.6535465415841119,True,37.84319000203068,-122.48621413555254,595.7409655375377,3614.499666118787,0.9705960435335088,40735.305129449305,41355.650092728654,1.6762008083119193,2.4227436594708123,2.531232594153829,2.561503529881959,0.9235308663471826,4.988208386702322,1.2545331064178415,4.211393359864294,False,False,0.000320233987529589,fit:association,-87.5,-87.5,,,
N48,scan-fw-a1571307d7a8bb83,2026-10-02T02:01:16.202448-07:00,165827,after,zero-c,True,1.968728473694584,1.968728473694584,0,152.09311464935925,1.968728473694584,True,37.843365224308414,-122.50698629397026,190.90101339281682,3346.7423086168983,0.8986955715942262,43054.634352171975,43252.054949453595,0.06637611174237436,-0.026802299209483196,2.739848091865522,2.336314979497418,1.7024101403469232,3.686010008170581,1.32136150330737,2.9673031313273452,False,False,0.0002877417158614476,fit:association,-95.0,-85.0,,,
N48,scan-fw-a1571307d7a8bb83,2026-10-02T02:01:16.202448-07:00,165827,after,fitted-c,True,1.0872377192739628,1.0872377192739628,0,103.19435632917579,1.0525976612518795,True,37.84006372490036,-122.49061644021593,177.52552445927722,3611.5061513071923,0.9697921995991386,40795.878753452416,40979.9238618005,-0.008606289071639234,0.3457846438375178,2.6648656910515083,2.708901922544419,1.6274277395329093,3.6110276073565672,1.693948446354371,3.3398900743743463,False,False,6.292247210529375e-05,fit:association,-95.0,-85.0,,,
N49,scan-fw-ff33384282156c54,2026-10-02T03:16:34.731707-07:00,165827,before,zero-c,True,0.810267273873652,0.810267273873652,0,149.99666200717672,0.810267273787643,True,37.8435708015719,-122.47968049545464,449.9104444791883,2543.42290713041,0.7852494310374838,39015.23650553022,39472.51261896449,9.982629985337663,-1.7097893810789833,-1.6181498770782223,-0.8520942716288249,-2.7008888914197877,-0.6469074202588546,-1.8816224897324894,0.5786517280166821,False,False,0.0007254687047064876,fit:zero-timing,-81.25,-93.75,,,
N49,scan-fw-ff33384282156c54,2026-10-02T03:16:34.731707-07:00,165827,before,fitted-c,True,2.625790611502231,2.625790611502231,0,120.05996643336685,2.625790611502231,True,37.8356679297461,-122.4611226308888,242.80242243802786,2510.8200584801084,0.7751837167274185,38382.347443076826,38639.44348365507,-0.3390158742110737,-5.340479813187394,-4.827262002483837,-5.083420054992938,-6.555727490901735,-4.048460667167014,-6.334507816919254,-3.5624938329786175,False,False,0.00045187813007089,fit:zero-timing,-68.75,-81.25,,,
N49,scan-fw-ff33384282156c54,2026-10-02T03:16:34.731707-07:00,165827,after,zero-c,True,0.49878945442273664,0.49878945442273664,0,151.71180725712688,0.49878945442273664,True,37.8502300170485,-122.48027199135423,25.400735052098753,2850.705500048273,0.8801190182304023,37474.50898394722,37507.817826785205,0.653193444577326,1.2467098770707494,-0.7835176814498628,-0.08657586349833113,-2.3380756056341823,0.5846904927396377,-1.629622335030433,0.8218939516239928,False,False,0.000132060887648007,fit:association,-87.5,-82.5,,,
N49,scan-fw-ff33384282156c54,2026-10-02T03:16:34.731707-07:00,165827,after,fitted-c,True,1.301558995676176,1.301558995676176,0,90.69457032144552,1.301558995676176,True,37.8403329261468,-122.47587139587792,25.88315284698183,3131.1519374425743,0.9667032841749226,35154.58983881706,35188.38109944993,-1.4812440182723998,-1.542915516596745,-2.9179551442995884,-2.8762012571658255,-4.472513068483908,-1.5497469701100879,-4.419247728697927,-1.9677314420435015,False,False,0.0002986570446340264,fit:association,-87.5,-82.5,,,
N50,scan-fw-13bf031ee61be179,2026-10-02T04:51:12.924024-07:00,165827,before,zero-c,True,2.951044057586861,2.951044057586861,0,168.65910633553784,1.4345439291348603,True,37.84935178890212,-122.45214706860995,372.9511875045937,2703.7235555328793,0.8982470284162389,34355.505585013816,34733.60215704393,-0.04764834374544856,-0.9001343601918509,-2.185602779259409,-2.0380339319835423,-4.146055431057553,-1.503144788267504,-2.7753345336477357,-1.3462534535761186,False,False,4.832061392703174e-05,fit:association,-81.25,-81.25,,,
N50,scan-fw-13bf031ee61be179,2026-10-02T04:51:12.924024-07:00,165827,before,fitted-c,True,0.6995512086954407,0.6995512086954407,0,87.27772653091408,0.6995512086954407,True,37.847164216857756,-122.4781565650025,342.97758666212394,2946.8048639790422,0.9790049381990173,31693.762053472572,32058.90495346306,0.07098515543814918,-0.007059431627353096,-0.6743027951436532,-0.6859241067744646,-2.541606029825848,0.61200508972961,-2.4331267038420004,0.7795996833154433,False,False,3.979374293024048e-05,fit:association,-93.75,-81.25,,,
N50,scan-fw-13bf031ee61be179,2026-10-02T04:51:12.924024-07:00,165827,after,zero-c,True,3.457276224278298,3.457276224278298,1,167.79247379885564,0.6746409989260337,True,37.849803191291535,-122.44639066858741,8.59520199225517,2694.60739288033,0.8952184029502757,34369.542079823266,34384.78716804008,-1.1937152316865818,-1.9656375412847256,-2.5941906097204708,-2.4229865003373603,-4.096560449292594,-1.641164979368596,-3.290021103575576,-1.67702898003478,False,False,0.0004969980835625165,fit:association,-87.5,-77.5,,,
N50,scan-fw-13bf031ee61be179,2026-10-02T04:51:12.924024-07:00,165827,after,fitted-c,True,1.778861785266137,1.778861785266137,1,92.90779482779273,1.1914969300630365,True,37.85060554776295,-122.46559021288387,7.880857447038579,2944.2951643547476,0.9781711509484211,31792.83754945326,31807.368293124855,0.24456294181180108,-0.4856812817749501,-1.1559124362220878,-0.9430302408275848,-2.6582822757942113,-0.20288680587021313,-1.8100648440658005,-0.19707272052500457,False,False,0.000214166079306951,fit:association,-87.5,-77.5,,,
N51,scan-fw-1539afafac190b22,2026-10-02T05:21:20.276544-07:00,165828,before,zero-c,True,4.038457374490925,4.038457374490925,0,167.51533822697866,2.2619140841449865,True,37.85305437005557,-122.44003865302524,363.3613931128566,2792.05819575718,0.8727909333407877,37199.34673468323,37576.08650749341,2.2231907840860083,1.6281164317159018,6.740455844823043,7.01596001399136,4.726976133470861,8.565067154899365,6.109055487973362,8.170900214754434,False,False,3.703127666379591e-05,fit:association,-75.0,-75.0,,,
N51,scan-fw-1539afafac190b22,2026-10-02T05:21:20.276544-07:00,165828,before,fitted-c,True,2.05476688348284,2.05476688348284,0,108.7763230425439,0.38171381276667254,True,37.84691339278382,-122.46251109683949,304.3139351015561,3093.6791609595593,0.9670769493465331,34704.97653424723,35021.490647621154,-5.010979485994883,-4.5524221217315,6.294248579471074,6.416567084706386,4.499995913419625,7.894269650106217,5.500353678499245,7.375290827691997,False,False,0.0003085035622154375,fit:own-continuation,-87.5,-87.5,,,
N51,scan-fw-1539afafac190b22,2026-10-02T05:21:20.276544-07:00,165828,after,zero-c,True,3.719103115884315,3.719103115884315,0,164.7564220002915,1.6109612330926653,True,37.86088633595078,-122.44613235772641,8.969710204051808,2797.711795056542,0.8745582354037331,37010.4421207022,37028.5176756668,0.17133679931506532,0.0830214393040814,6.648029971454093,6.7309146626965,3.977528702797455,7.6712931172272745,6.460267532107548,7.5224157111129735,False,False,5.682255676267567e-05,fit:association,-82.5,-82.5,,,
N51,scan-fw-1539afafac190b22,2026-10-02T05:21:20.276544-07:00,165828,after,fitted-c,True,2.5274768266345853,2.5274768266345853,0,101.49260998442125,2.5274768266345853,True,37.854496606326315,-122.45780475277822,7.651068981096614,3103.7655451972278,0.9702299297271734,34411.26394461502,34428.020858356664,-0.14518086003065322,-0.2752733356807957,6.331512312108375,6.372619887711623,3.6610110434517362,7.354775457881556,6.101972757122671,7.164120936128096,False,False,2.386927932115923e-05,fit:association,-82.5,-82.5,,,
N52,scan-fw-1f4c41c62e2d00ff,2026-10-02T06:06:31.724274-07:00,165828,before,zero-c,True,55.96706395599262,55.96706395599262,0,170.40820213068602,51.66213772304297,False,37.345739535297845,-122.48897281777928,469.5128883794896,909.9838130657351,0.26851101005185457,47746.10109072512,48217.34176103795,48.48289351734995,-29.833336878280136,21.834808169502356,-55.371459879966615,21.127333047247653,22.09983003533574,-55.614706780795025,-54.62562292460989,False,False,0.00019133312608873854,fit:own-continuation,-93.75,-131.25,,,
N52,scan-fw-1f4c41c62e2d00ff,2026-10-02T06:06:31.724274-07:00,165828,before,fitted-c,True,243.27727675333404,141.73616812026702,0,179.6698823286788,48.011721934422354,False,39.53106891684255,-120.69305577967522,84.31446032533859,675.5982378688661,0.1993503209999605,48702.6642185943,48787.850877775716,-1.9121559555190275,-2.479030730270433,36.14359616262294,-1.116368711240738,36.00218163737183,36.442019955530405,-1.5694967711285837,-0.7911608265756522,False,False,3.316809104949686e-05,fit:zero-timing,68.75,106.25,,,
N52,scan-fw-1f4c41c62e2d00ff,2026-10-02T06:06:31.724274-07:00,165828,after,zero-c,True,1.0520679265721404,1.0520679265721404,1,146.78666327136816,1.0520679265437938,True,37.83960349214858,-122.48524202199367,108.22658281802433,2937.6965589798156,0.8668328589494882,39402.0541782106,39518.43488719939,-0.31272722276602405,-0.16790097523021152,0.8473116223276012,1.1622925092963183,-0.5931198842215237,1.6218121403114418,0.2849570991778628,2.449821750047869,False,False,0.0004790492397136817,fit:association,-82.5,-82.5,,,
N52,scan-fw-1f4c41c62e2d00ff,2026-10-02T06:06:31.724274-07:00,165828,after,fitted-c,True,1.0843913233469995,1.0843913233469995,1,92.81977556592854,1.0843913233469995,True,37.84091558958345,-122.47895500625503,106.63761367033294,3126.8409425488826,0.9226441258627568,37550.913591615754,37665.705331456855,0.5547170121484678,0.6617807707964339,1.7147558572420931,1.991974255322964,0.27432435069296823,2.489256375225934,1.1146388452045084,3.279503496074515,False,False,9.05511744462861e-05,fit:association,-82.5,-82.5,,,
N53,scan-fw-d978013ef35e92ed,2026-10-02T07:06:47.194029-07:00,165828,before,zero-c,True,5.7558788670786525,5.7558788670786525,0,155.42296066150755,5.755878867064511,True,37.896140843491764,-122.51299990730485,138.9075629371655,1931.5942130752455,0.549998352242382,45249.523766510996,45397.49509856308,8.658793294378897,3.7272132604117156,4.48764891649045,0.547612690247838,3.768826567832022,6.4014481081298245,-0.07375565267945017,2.099062300723432,False,False,0.0004452785877394729,fit:zero-timing,-87.5,-62.5,,,
N53,scan-fw-d978013ef35e92ed,2026-10-02T07:06:47.194029-07:00,165828,before,fitted-c,True,2.7686526794089117,2.7686526794089117,0,94.77181948575024,1.9696461377313121,True,37.873938206178515,-122.48458516558925,147.37995887310535,2644.127262425837,0.7528836168638489,41302.79074703202,41459.23447502004,6.791712862503108,3.572632358441005,2.62056848461466,0.39303178827712726,1.9017461359562322,4.534367676254035,-0.2283365546501609,1.944481398752721,False,False,0.0001796664905842209,fit:own-continuation,-87.5,-62.5,,,
N53,scan-fw-d978013ef35e92ed,2026-10-02T07:06:47.194029-07:00,165828,after,zero-c,True,1.438535926553799,1.438535926553799,0,163.31956404710857,1.4275601615091462,True,37.84218866920368,-122.47187091770876,6.7704672604304506,3253.7805441482706,0.9264750979921044,39962.41558054287,39978.26530449653,1.3449204556041083,1.595409234513847,3.79409882134361,1.6794759384495768,2.433633965615778,4.875177060300266,0.6348045092595007,2.40654554460792,False,False,0.0004785770088515731,fit:association,-92.5,-77.5,,,
N53,scan-fw-d978013ef35e92ed,2026-10-02T07:06:47.194029-07:00,165828,after,fitted-c,True,1.0871267623750043,1.0871267623750043,0,85.30098674269148,1.0647455711009186,True,37.84950910352272,-122.47338671119054,6.11749726349808,3402.3957896808593,0.9687915118681262,37545.01716029984,37560.213914256565,0.6428931933184019,0.7173311046220854,3.0920715590579038,0.8013978085578151,1.731606703330072,4.17314979801456,-0.243273620632261,1.5284674147161583,False,False,6.077684942001958e-05,fit:association,-92.5,-77.5,,,
N54,scan-fw-66329fd881ebee63,2026-10-02T08:07:01.501145-07:00,165829,before,zero-c,True,3.434977879512297,3.434977879512297,0,140.60271039677852,3.434977879512297,True,37.82082692799295,-122.46987031250211,283.0345869617522,1409.0905511387655,0.41237651481965626,46258.915203406024,46547.91531354691,12.203765907830983,63.593081166052706,-1.7334903821076413,51.3362117845131,-2.658429966957884,-0.739076966366438,50.38029742023928,52.24376382092407,False,False,0.0004784219969295213,fit:association,-68.75,-68.75,,,
N54,scan-fw-66329fd881ebee63,2026-10-02T08:07:01.501145-07:00,165829,before,fitted-c,True,15.160496935156946,15.160496935156946,0,156.50299995260974,15.160496935131084,True,37.95183453629612,-122.37222277343851,365.2579903264632,1148.4175085586833,0.3360894084163545,47341.323217736965,47712.54673124256,17.61922656123188,-26.92359697035604,3.681970271293256,-39.180466351895646,2.7570306864430134,4.676383687034459,-40.13638071616946,-38.27291431548467,False,False,0.0002787623162768399,fit:association,-68.75,-68.75,,,
N54,scan-fw-66329fd881ebee63,2026-10-02T08:07:01.501145-07:00,165829,after,zero-c,True,2.0599365218916885,2.0599365218916885,0,138.3077916364238,1.0229334191846005,True,37.83601430494108,-122.50241526068567,106.06044920130807,3016.31314348837,0.882737238363585,39867.55441902425,39984.57740304098,-0.9388876956112422,-0.9214917966597753,1.146204405263175,-0.8776006850936147,0.23801860392633656,2.464235543352158,-2.9570786736516306,0.3497622086098773,False,False,0.00021573451757136985,fit:own-continuation,-95.0,-85.0,,,
N54,scan-fw-66329fd881ebee63,2026-10-02T08:07:01.501145-07:00,165829,after,fitted-c,True,0.6119345828320492,0.6119345828320492,0,110.14432380839811,0.6119345828320492,True,37.84355975210967,-122.48541050688935,77.05518976938038,3217.714506598235,0.9416782284454888,38506.117099583586,38591.589166023536,1.8448938513842421,0.9470736558096651,-0.0010705605057625966,-1.0346239807967175,-1.9068296596847671,1.2072869071634849,-1.5659929291531167,-0.36578659786569756,False,False,4.993765225879906e-05,fit:association,-82.5,-77.5,,,
N55,scan-fw-24e4cce6dec7f82e,2026-10-02T09:52:29.290029-07:00,165829,before,zero-c,True,1.7362945212579202,1.7362945212592118,0,154.90543363565334,1.6611242631007053,True,37.851801178375624,-122.46628757133699,2600.5010435420336,2614.1059556468217,0.7443354087832635,42877.02883238977,45483.17301187317,-0.7719087653136253,-0.08578470225841833,15.169345529797235,10.93914731869448,14.548349961933832,16.878645983923995,10.269631973438152,11.566844006653245,False,False,0.0004116873186557498,fit:own-continuation,-93.75,-81.25,,,
N55,scan-fw-24e4cce6dec7f82e,2026-10-02T09:52:29.290029-07:00,165829,before,fitted-c,True,1.3771155795344991,1.9679081710663378,0,131.50028132711165,0.45522466666115896,True,37.86056189310373,-122.49155896404243,285.8955281661183,2211.959597980414,0.6298290427051293,44025.25775435642,44316.796418463906,-3.5047669216402912,-0.5096282359735074,12.43648737347057,10.515303784979393,11.815491805607166,14.145787827597328,9.845788439723064,11.143000472938157,False,False,0.0007782364541835118,fit:zero-timing,-93.75,-81.25,,,
N55,scan-fw-24e4cce6dec7f82e,2026-10-02T09:52:29.290029-07:00,165829,after,zero-c,True,0.6899221905415088,0.6899221905415088,0,156.01485512102022,0.6899221905415088,True,37.84667774186434,-122.47849769409693,463.8376901686788,2924.4624129970666,0.8327056984615794,41654.06127061357,42126.59684621067,3.6799844164181903,-0.648334434176056,16.51993672079945,11.982596078932877,15.465004266037223,18.50531527712736,11.134312604977177,12.717614262683515,False,False,0.0002693330333115862,fit:association,-87.5,-77.5,,,
N55,scan-fw-24e4cce6dec7f82e,2026-10-02T09:52:29.290029-07:00,165829,after,fitted-c,True,0.9816457221549347,0.9816457221549347,0,134.34906947263894,0.8876070262989425,True,37.847624423639864,-122.49678685362693,463.8166780111351,3075.067669078611,0.8755887440428847,40583.258893569364,41055.773457008916,4.156486452220062,0.5166389757533281,16.99643875660132,13.14756948886226,15.941506301839095,18.98181731292923,12.29928601490656,13.882587672612898,False,False,0.000335256858617794,fit:own-continuation,-87.5,-77.5,,,
N56,scan-fw-79c83446be2feec3,2026-10-02T10:22:37.285513-07:00,165829,before,zero-c,True,2.868732979539735,2.868732979539735,0,124.33834189698413,2.868732979539735,True,37.87187421454045,-122.50100353081149,714.5608377469252,2907.6355890263567,0.8027707313711642,43017.49809531038,43738.732937577384,-13.274041392227678,1.3355965018805638,-16.717852821861023,-10.547150957381481,-17.9237173598394,-14.924047712815518,-10.977735452505081,-10.058387609624916,False,False,0.00019660206124207102,fit:association,-93.75,-81.25,,,
N56,scan-fw-79c83446be2feec3,2026-10-02T10:22:37.285513-07:00,165829,before,fitted-c,True,3.4510516336253496,3.4510516336253496,0,123.4399757987184,1.0526753883174282,True,37.87692748472796,-122.5030497275023,884.364403252177,2951.7404634009918,0.8149476707346747,42845.25158051848,43736.28998829074,-14.637481707918045,0.06414590905313605,-18.08129313755139,-11.818601550208909,-19.28715767552977,-16.287488028505887,-12.24918604533251,-11.329838202452343,False,False,0.0005258882783250735,fit:association,-93.75,-81.25,,,
N56,scan-fw-79c83446be2feec3,2026-10-02T10:22:37.285513-07:00,165829,after,zero-c,True,2.6062827967769846,2.6062827967769846,0,128.2808033733033,2.6062827967769846,True,37.86115105340066,-122.51118311304815,131.90144734142086,3108.0629407993238,0.8581068307010833,42051.40737274915,42204.66258983676,-7.638106838068807,-5.289490344000165,-17.163619204071754,-11.220071231377915,-19.80526664543057,-14.272879117581038,-12.63734697223381,-10.432701814910567,False,False,0.00023227863401710513,fit:association,-92.5,-87.5,,,
N56,scan-fw-79c83446be2feec3,2026-10-02T10:22:37.285513-07:00,165829,after,fitted-c,True,4.472732868979644,4.472732868979644,0,140.09224636411514,2.8092891983025097,True,37.80891698924803,-122.48906206683417,141.79585521417175,3147.9211526709514,0.8691113066457624,42169.68860841212,42332.83823337248,-1.037068185322585,0.09738971901153344,-10.562580551325533,-5.833191168366216,-13.204227992684348,-7.671840464834817,-7.250466909222111,-5.045821751898868,False,False,7.95852186227658e-05,fit:association,-92.5,-87.5,,,
N57,scan-fw-0413ae862099569c,2026-10-02T12:40:27.122749-07:00,165830,before,zero-c,True,17.70314487297769,17.703144865658263,0,130.65929119772562,6.076760852264535,False,37.81190024130488,-122.28974842182711,545.8854730380772,1770.1772023129229,0.6351550779737792,34652.94469254972,35209.88729279889,-2.9156831393240252,-2.916430069437111,-4.279845851604792,-2.7711762548229166,-5.8457217796440935,-3.1602417959927616,-3.940956692438478,-1.8593953081079673,False,True,0.0009880385360585527,initial:own-continuation,-56.25,-106.25,,,
N57,scan-fw-0413ae862099569c,2026-10-02T12:40:27.122749-07:00,165830,before,fitted-c,True,16.891145236380126,16.891145236911296,0,113.65471749124086,16.891145236380126,False,37.80537684628542,-122.30155831741264,595.5348803453635,2377.0060582373744,0.8528905842258251,31943.548182745923,32550.140190302383,-3.005369626855268,-2.113162930300053,-4.369532339136034,-1.9679091156858588,-5.935408267175336,-3.249928283524004,-3.13768955330142,-1.0561281689709094,False,True,0.0005977797579839184,fit:association,-56.25,-106.25,,,
N57,scan-fw-0413ae862099569c,2026-10-02T12:40:27.122749-07:00,165830,after,zero-c,True,6.160711556333547,6.160711556333547,0,127.88051434917911,3.1631657414198826,True,37.83323483400414,-122.41851858930893,243.89453964723361,2605.27990811351,0.9347972400837854,31299.13780473121,31549.785973703787,-3.010721396712991,-2.7361380777686026,-5.854232735492778,-3.234688880663213,-6.593637531198481,-4.759726634123872,-4.3846855778030145,-2.2042669405814266,False,False,0.00025051468847826167,fit:association,-82.5,-87.5,,,
N57,scan-fw-0413ae862099569c,2026-10-02T12:40:27.122749-07:00,165830,after,fitted-c,True,4.853062950841959,4.853062950841959,0,100.53948982134666,4.853062950841959,True,37.839383926260886,-122.43186063521485,244.32474341279885,2631.531156188171,0.944216417720908,30727.83742375388,30978.915796492023,-2.130473324256109,-1.7146609895474145,-4.973984663035896,-2.2132117924420247,-5.713389458741599,-3.87947856166699,-3.363208489581827,-1.1827898523602387,False,False,4.440497993771214e-05,fit:association,-82.5,-87.5,,,
N58,scan-fw-141df6e440c30776,2026-10-02T13:28:52.105047-07:00,165830,before,zero-c,True,4.7602862143342595,4.7602862143342595,0,130.3865442522873,3.861170489546374,True,37.817834275555605,-122.52284031873432,328.1366971856769,1914.8569497570707,0.7139660513635611,32866.33934882394,33197.78668294779,31.44660308903463,12.13192721631513,1.4837577201039345,0.7490845826391848,0.39984289910879367,2.4289218605251226,-0.24488993061093633,1.1075811305780396,False,False,0.0001037533778325691,fit:zero-timing,-81.25,-68.75,,,
N58,scan-fw-141df6e440c30776,2026-10-02T13:28:52.105047-07:00,165830,before,fitted-c,True,2.969599463308317,2.969599463308317,0,136.5371897081936,2.969599463308317,True,37.82791274005746,-122.50641325099727,336.31591686546017,2307.9814097153458,0.8605448954941632,31434.675266484137,31774.301820287776,28.804490176321607,10.619748225696183,-1.1583551926090898,-0.7630944079797626,-2.2422700136042306,-0.2131910521879017,-1.7570689212298838,-0.40459786004090764,False,False,0.00013843503561292853,fit:own-continuation,-81.25,-68.75,,,
N58,scan-fw-141df6e440c30776,2026-10-02T13:28:52.105047-07:00,165830,after,zero-c,True,2.6213021354505224,2.6213021354505224,0,134.01342814338636,0.6686822960516273,True,37.825493587080096,-122.48667532685751,21.894306490095914,2428.7717472945915,0.9055823069703921,30385.83677803168,30418.764909174843,0.9401296406275808,1.357979473266151,-0.5765756097307164,-0.20633507033628562,-2.3184547502181365,0.5888325748612537,-1.8130467417638156,1.056642602523401,False,False,0.00025929623116836137,fit:association,-82.5,-87.5,,,
N58,scan-fw-141df6e440c30776,2026-10-02T13:28:52.105047-07:00,165830,after,fitted-c,True,2.7199573474585166,2.7199573474585166,0,134.281949954385,1.441820027551264,True,37.8246102459098,-122.4846669397625,24.437719681693125,2469.4849600642738,0.9207624757883198,30223.258513584184,30258.730057918943,-1.4988404243006819,-1.3929561890343856,-3.015545674658979,-2.957270732636822,-4.757424815146399,-1.8501374900670087,-4.563982404064352,-1.6942930597771355,False,False,0.00014264491216583325,fit:association,-82.5,-87.5,,,
N59,scan-fw-f07a95cc25e3b0a3,2026-10-02T14:09:14.073237-07:00,165831,before,zero-c,True,2.7106646952168862,2.7106646952168862,0,114.46231695923431,1.6670024812536486,True,37.83440567354439,-122.46108253582698,292.7386788215881,2567.267487468389,0.7779598446873905,39438.10416294905,39740.499621808056,7.282673248915699,4.734733402684357,18.96308466136868,6.908315524634821,17.33026231590504,19.81725587284027,6.2065926165905605,7.66332528331017,False,False,1.8724104063450042e-05,fit:own-continuation,-81.25,-93.75,,,
N59,scan-fw-f07a95cc25e3b0a3,2026-10-02T14:09:14.073237-07:00,165831,before,fitted-c,True,1.6798992875897476,1.6798992875897476,0,106.17948720451626,1.6798992875897476,True,37.84413578438259,-122.4676661059102,426.44202676808345,2765.457191255654,0.8380173306835315,38523.55371510342,38959.65252190892,8.431425955025114,5.145423519663648,20.111837367478095,7.319005641614112,18.479015022014455,20.966008578949687,6.617282733569851,8.074015400289461,False,False,0.0008326448418664589,fit:association,-81.25,-93.75,,,
N59,scan-fw-f07a95cc25e3b0a3,2026-10-02T14:09:14.073237-07:00,165831,after,zero-c,True,2.272315981754389,2.272315981754389,0,110.60718251459517,1.8412052702069999,True,37.84454681917485,-122.4605139191987,39.948193517098844,3085.540198563248,0.9350121813828024,37084.087132430584,37133.20495567485,-0.600249949039295,-0.9618698728349022,19.68047577304301,7.515220907575405,18.518973456243973,21.05844710315655,6.487644293262183,8.651426382676643,False,False,6.513101599170672e-05,fit:association,-82.5,-82.5,,,
N59,scan-fw-f07a95cc25e3b0a3,2026-10-02T14:09:14.073237-07:00,165831,after,fitted-c,True,2.3000684030245107,2.3000684030245107,0,101.77432042666149,1.8184944299562602,True,37.846188968454015,-122.45981250411987,40.04355977260275,3080.5119489188673,0.9334884693693537,36941.77015823744,36990.983347737216,-0.5664276859061679,-1.3605783289955842,19.71429803617614,7.1165124514147236,18.5527957193771,21.092269366289678,6.088935837101501,8.252717926515961,False,False,4.119075772769307e-05,fit:association,-82.5,-82.5,,,
N60,scan-fw-014c849a5aa7a409,2026-10-02T15:29:53.742131-07:00,165831,before,zero-c,True,2.7245757542878652,2.7245757542878652,0,117.81718224020928,2.7245757542878652,True,37.854505829005205,-122.51600939187165,435.8327251613082,2442.5849772044594,0.7564524550029295,38717.47482390015,39158.38607830347,-6.71230883312269,-6.16857769298463,18.65758326023215,8.793453707006595,18.18923698947416,19.094370832233256,7.870306783182578,10.215700939585787,False,False,0.0001455725685520355,fit:association,-87.5,-62.5,,,
N60,scan-fw-014c849a5aa7a409,2026-10-02T15:29:53.742131-07:00,165831,before,fitted-c,True,22.39002425432523,22.39002425432523,0,147.85024179402328,22.39002425432523,True,38.049620952182316,-122.4631095168702,150.50121390382992,948.6055010178229,0.29377686621796933,44946.047940663164,45101.627683809005,-1.331251605601688,-1.0079367847600305,24.038640487753153,13.954094615231195,23.570294216995162,24.475428059754258,13.030947691407178,15.376341847810387,False,False,0.0005253750325062631,fit:own-continuation,-87.5,-62.5,,,
N60,scan-fw-014c849a5aa7a409,2026-10-02T15:29:53.742131-07:00,165831,after,zero-c,True,3.219453998331447,3.219453998331447,0,111.75011975545767,3.219453998331447,True,37.83017921004586,-122.45795653354634,129.98764124193258,3020.5898276358566,0.9354567443901692,35737.81493724013,35878.56941746239,-0.8943593062148821,0.27476973703073526,18.471355309295305,9.250689194348352,17.26461681023528,20.114331109709408,8.656890631273315,10.115743432324054,False,False,4.3101604063058505e-06,fit:association,-87.5,-77.5,,,
N60,scan-fw-014c849a5aa7a409,2026-10-02T15:29:53.742131-07:00,165831,after,fitted-c,True,3.3135405401861715,3.3135405401861715,0,110.80151406666285,1.6398345582980232,True,37.82940023756124,-122.45739432490785,130.00619646259292,3021.4893600229807,0.9357353236367236,35716.36220980909,35857.135245252015,-0.9848318865799428,0.1309469380407242,18.380882728930242,9.10686639535834,17.17414422987022,20.023858529344345,8.513067832283303,9.971920633334042,False,False,0.00013303292624564783,fit:association,-87.5,-77.5,,,
N61,scan-fw-899ed3021076a871,2026-10-02T16:02:08.586744-07:00,165831,before,zero-c,True,324.95025116964604,324.95025116964604,0,161.30551302255031,228.24165999049117,False,40.70331378451874,-121.67534724569684,133.74030873527954,567.4653210924544,0.18388377222697808,44364.90358971432,44500.169812772234,-10.507861334478536,-3.668076740432083,0.11884148614095658,-10.059723529953315,-0.8269467862213293,0.42459618608114585,-10.478483188864503,-9.673523561242165,False,False,0.0003146221979443975,fit:own-continuation,-18.75,231.25,,,
N61,scan-fw-899ed3021076a871,2026-10-02T16:02:08.586744-07:00,165831,before,fitted-c,True,241.7695653964893,241.7695653964893,0,167.09891639854175,211.10954199383085,False,38.293405257124206,-119.7820416160208,126.82664115991793,759.6738385679505,0.2461678025171583,43717.352326018685,43844.73578755304,1.0026480819743675,0.9830453475255627,-9.828703133362568,12.00789533802165,-9.985064463952487,-9.326609281633324,11.719720209129884,12.444628755697682,False,False,2.526702706333577e-05,fit:zero-timing,143.75,-31.25,,,
N61,scan-fw-899ed3021076a871,2026-10-02T16:02:08.586744-07:00,165831,after,zero-c,True,2.11017996033495,2.11017996033495,0,78.40846401406431,0.6476099470641644,True,37.836282893475456,-122.50352734551214,26.5288197593909,2970.1437956816926,0.9624574840186949,33661.27121372946,33700.572201483876,4.387877169505257,3.3100642997486944,-7.66597989301555,-3.237510234035953,-9.177492528389486,-6.333132482146366,-4.38332764943985,-2.2420733340783503,False,False,0.00019435922464116837,fit:association,-92.5,-87.5,,,
N61,scan-fw-899ed3021076a871,2026-10-02T16:02:08.586744-07:00,165831,after,fitted-c,True,2.103731381483098,2.103731381483098,0,78.13795309943175,0.6809717308365716,True,37.8361383743732,-122.50325865199541,26.527757937707065,2970.6842792683224,0.9626326245198712,33654.85666110212,33694.15658703486,4.326861541984607,3.264591392685858,-7.7269955205362,-3.2829831410987897,-9.238508155910136,-6.394148109667018,-4.4288005565026864,-2.287546241141187,False,False,0.00010842489713677652,fit:own-continuation,-92.5,-87.5,,,
N62,scan-fw-7d0cf5aee5c7927b,2026-10-02T16:58:36.104199-07:00,165831,before,zero-c,True,4.223025225896432,4.223025225896432,0,118.57224546687956,3.034982936779836,True,37.82642775612349,-122.44713371637575,183.88506726729247,2151.2097359406926,0.7441057543897241,34782.661001293935,34969.782336892895,1.6504480515934825,0.36242921702171993,-8.859387509555878,-4.4878019572652335,-9.57588279586537,-7.837769308731081,-4.967298640175268,-4.226272509654596,False,False,0.000583068337710442,fit:own-continuation,-87.5,-87.5,,,
N62,scan-fw-7d0cf5aee5c7927b,2026-10-02T16:58:36.104199-07:00,165831,before,fitted-c,True,4.884966635537317,4.884966635537317,0,104.11141006285624,3.1064753555636724,True,37.81618334793258,-122.44885525227754,177.70496713720058,1993.0196702274416,0.6893876410333593,35252.61248105232,35433.553716521186,0.9991491270544866,1.3302578877457536,-9.510686434094874,-3.5199732865412,-10.227181720404365,-8.489068233270077,-3.9994699694512343,-3.2584438389305626,False,False,0.00030394768139391454,fit:own-continuation,-87.5,-87.5,,,
N62,scan-fw-7d0cf5aee5c7927b,2026-10-02T16:58:36.104199-07:00,165831,after,zero-c,True,3.4208123284374907,3.4208123284374907,0,116.53289772054578,3.119330192047705,True,37.83309868483286,-122.45244952977065,12.981511415957357,2675.196191203043,0.9253532311321491,32668.482974817463,32687.723984177537,2.0031720275208538,0.28939693781802384,-8.012864052648952,-3.797645880409894,-9.303680149366157,-6.983740382143806,-4.456029131700016,-3.2305796450231714,False,False,0.0006177724639083657,fit:association,-85.0,-85.0,,,
N62,scan-fw-7d0cf5aee5c7927b,2026-10-02T16:58:36.104199-07:00,165831,after,fitted-c,True,3.3431627770569885,3.3431627770569885,0,97.44308122286408,1.6047981569739553,True,37.8333112117544,-122.45332125186496,13.371317908720812,2735.7547448988917,0.946300499792076,32135.169044372575,32154.799860225412,1.3877536634105594,0.16069561613719016,-8.628282416759248,-3.9263472020907275,-9.919098513476452,-7.599158746254102,-4.58473045338085,-3.359280966704005,False,False,2.9551132130012608e-05,fit:association,-85.0,-85.0,,,
N63,scan-fw-53a2d7317ffe4200,2026-10-02T17:58:25.734637-07:00,165832,before,zero-c,True,1.7477159813248306,1.7477159813248306,0,133.92939642625785,1.7477159813248306,True,37.83846367084862,-122.50045946035618,351.85695662392754,2579.274626102514,0.9528166332111245,30194.625060919076,30558.588743876386,-1.8790316097289037,-1.781613432051832,-3.7358797863378213,-1.120741342938641,-5.117112836704497,-1.8360863473102216,-2.025904323794448,0.5773263588031599,False,False,6.78540613092693e-05,fit:association,-106.25,-81.25,,,
N63,scan-fw-53a2d7317ffe4200,2026-10-02T17:58:25.734637-07:00,165832,before,fitted-c,True,0.6247274830912983,0.6247274830912983,0,83.03672455292592,0.6247274830912983,True,37.84352635993022,-122.48701191426605,308.6626704562368,2609.3174599369804,0.9639148355880977,29249.25656001927,29570.025956808888,-3.3593956163526664,-2.5854645929652893,-5.216243792961584,-1.9245925038520983,-6.59747684332826,-3.316450353933984,-2.829755484707905,-0.22652480211029746,False,False,7.197862951149165e-05,fit:association,-106.25,-81.25,,,
N63,scan-fw-53a2d7317ffe4200,2026-10-02T17:58:25.734637-07:00,165832,after,zero-c,True,2.0329715242775155,2.0329715242775155,0,131.59763545988804,1.3856749097387966,True,37.83475957589085,-122.50018562095477,8.171145705098752,2587.811908669924,0.9559704132508031,29940.526689769933,29951.672070960605,2.3036165836053333,2.8079081643240675,-3.025178132207477,-0.5770670047335864,-3.833607755693941,-2.3851825450097115,-1.0108137832275539,0.06626948793301701,False,False,0.00010176495873932725,fit:own-continuation,-85.0,-85.0,,,
N63,scan-fw-53a2d7317ffe4200,2026-10-02T17:58:25.734637-07:00,165832,after,fitted-c,True,0.8678624768496558,0.8678624768496558,0,81.63931701908098,0.6928336082448731,True,37.84127594042849,-122.48497200656494,7.672911078410834,2627.0796368138563,0.9704764081321966,28969.80122617257,28980.448372736555,0.4405357325137141,1.670777876797375,-4.888258983299096,-1.7141972922602788,-5.69668860678556,-4.248263396101331,-2.1479440707542463,-1.0708607995936754,False,False,4.84725484858322e-05,fit:association,-85.0,-85.0,,,
N64,scan-fw-cf8c0236d99c3e68,2026-10-02T19:35:07.757535-07:00,165832,before,zero-c,True,1.2205404778614266,1.2205404778614266,0,123.35795186746739,0.426071254930857,True,37.85920380767588,-122.48045480193382,259.5208170089136,2138.5897811502155,0.9042662922411059,27134.892829675147,27406.60134027781,-7.2867635105431665,-5.685512328504584,0.21093059576378792,0.6312295148573064,-1.1136232066078593,2.2169999900063635,-0.6970178187558036,1.5016478084920024,False,False,0.0002718719447285835,fit:association,-93.75,-93.75,,,
N64,scan-fw-cf8c0236d99c3e68,2026-10-02T19:35:07.757535-07:00,165832,before,fitted-c,True,1.1160121457359151,1.1160121457359151,0,84.38926754644132,1.019764477962561,True,37.845648557947605,-122.49770996676432,274.9750776089786,2275.03497047497,0.9619598183826512,25907.222765405655,26183.54621076775,-0.7489051221819324,-2.8409800654631407,1.2793631488278545,1.0985567012347293,1.0513072868591093,1.6533908865576443,0.7213242180813892,1.9247366806772326,False,False,1.8798095489714028e-05,fit:association,-75.0,-75.0,,,
N64,scan-fw-cf8c0236d99c3e68,2026-10-02T19:35:07.757535-07:00,165832,after,zero-c,True,23.955235776216295,6.355064221844127,0,140.25285294489257,23.955235776216295,False,37.906350588710744,-122.22264836520856,798.3511264856497,1966.5976275255682,0.8315423372201134,27874.815565387325,28675.03347949118,0.7037053439726197,2.9751130048319725,0.21876914175713974,1.9808503986345962,-0.3786731061457233,0.9651869727674225,1.382169845199216,2.2446585224165854,False,False,0.0004346773761977965,fit:association,-62.5,-57.5,,,
N64,scan-fw-cf8c0236d99c3e68,2026-10-02T19:35:07.757535-07:00,165832,after,fitted-c,True,26.56428902427975,6.277086251555732,0,130.72755280522853,17.466886963051692,False,37.91631086049336,-122.19531419739556,811.3870351025071,2028.0403926798163,0.8575223647694783,27486.23160790502,28299.485430625733,0.18330342929051618,2.4133500757810546,-0.3016327729249638,1.4190874695836784,-0.8990750208278269,0.444785058085319,0.8204069161482981,1.6828955933656675,False,False,5.4232139615623294e-05,fit:association,-62.5,-57.5,,,
N01,scan-fw-0c4c127b1f80a01b,2026-09-30T22:26:04.234651-07:00,165817,sigma2_60,zero-c,True,0.8050270897044135,0.8050270897044135,0,143.14023923681998,0.751072620150784,True,37.85629605052919,-122.48576312622667,5.982270915545087,2440.418355102915,0.8945815084688105,31439.708870343464,31450.15326327632,2.6901189697671444,2.384446632973618,5.586141041341872,4.239843157585169,4.762570118429013,6.497355038558824,3.470863243566451,4.9472528053885245,False,False,0.0002362660458446672,fit:association,-87.5,-82.5,,,
N01,scan-fw-0c4c127b1f80a01b,2026-09-30T22:26:04.234651-07:00,165817,sigma2_60,fitted-c,True,0.6560605904668295,0.6560605904668295,0,91.60532596640769,0.3052529996326219,True,37.853720273872256,-122.48117841675636,6.029690942774323,2606.840193699025,0.955586581267971,29938.561892369064,29949.05370532915,1.4272709696413306,1.2610054314878072,4.323293041216059,3.1164019560993586,3.4997221183031995,5.234507038433011,2.34742204208064,3.823811603902714,False,False,0.0006514091622950025,fit:association,-87.5,-82.5,,,
N01,scan-fw-0c4c127b1f80a01b,2026-09-30T22:26:04.234651-07:00,165817,sigma1_30,zero-c,True,0.7903818623943974,0.7903818623943974,0,143.1459318394449,0.5495839145426396,True,37.85616101719434,-122.48603036895317,23.88400196622024,2440.452801741876,0.8945941355358783,31439.46394930833,31467.977115213085,2.741219980819507,2.4175410602394622,5.597778241401969,4.2509829568673885,4.805615122791311,6.512535306672271,3.4359515743938283,5.029584929109032,False,False,0.0006597926697540155,fit:association,-87.5,-82.5,,,
N01,scan-fw-0c4c127b1f80a01b,2026-09-30T22:26:04.234651-07:00,165817,sigma1_30,fitted-c,True,0.6351707488843829,0.6351707488843829,0,91.6136879262207,0.3285730999484451,True,37.85358344127811,-122.48134329210126,24.067817362396454,2606.8461057548434,0.9555887484438575,29938.689134566208,29967.38611586714,1.465577532849344,1.2803993803615399,4.322135793431805,3.1138412769894663,3.5299726748211473,5.236892858702108,2.298809894515906,3.8924432492311096,False,False,3.9048726319282356e-05,fit:association,-87.5,-82.5,,,
N02,scan-fw-966b857db7193ae6,2026-10-01T00:12:01.101105-07:00,165818,sigma2_60,zero-c,True,1.8876389524964323,1.8876389524964323,0,131.92582439458374,0.32160541311236873,True,37.832123589104654,-122.48422178948375,53.38797184278519,2030.4208295127278,0.9068427108140812,25377.73475202541,25431.913233962223,3.4360894362423786,-6.248734708900202,-1.2060774411204256,-3.401578732554671,-1.4407402149852655,-0.9195596359113762,-3.8345080644700196,-3.044804210762793,False,False,6.264420994211983e-05,fit:association,-80.0,-80.0,,,
N02,scan-fw-966b857db7193ae6,2026-10-01T00:12:01.101105-07:00,165818,sigma2_60,fitted-c,True,1.3758988192227684,1.3758988192227684,0,101.49207082852908,1.3758988192168284,True,37.840781043190006,-122.474105223128,52.35992250738491,2111.450276714624,0.9430327274294882,24640.917740047054,24694.068172648465,3.7927734278155456,-6.225950607147906,-0.8493934495472586,-3.378794630802375,-1.0840562234120985,-0.5628756443382092,-3.8117239627177235,-3.022020109010497,False,False,0.00011210613250103906,fit:own-continuation,-80.0,-80.0,,,
N02,scan-fw-966b857db7193ae6,2026-10-01T00:12:01.101105-07:00,165818,sigma1_30,zero-c,True,1.9144573214917253,1.9144573214917253,0,131.87177075694981,1.3445313989134677,True,37.83196708783127,-122.48310232166364,329.09998213853396,2033.7289538505856,0.9083202116349199,25416.981016413403,25748.011147605113,-6.138548960393789,-6.429611612160051,-1.1975628052046154,-3.627186464934382,-1.5029364230082034,-0.9785967067844704,-4.103391835484743,-2.8887028532449404,False,False,0.0001044211177202714,fit:association,-97.5,-87.5,,,
N02,scan-fw-966b857db7193ae6,2026-10-01T00:12:01.101105-07:00,165818,sigma1_30,fitted-c,True,1.4518318307160987,1.4518318307160987,0,100.06571505771247,1.4518318307160987,True,37.8407120158554,-122.47303783957885,334.7470618712832,2107.276721842781,0.9411687011356772,24708.451616788152,25045.12882771261,-5.705759951320419,-6.3921290744553305,-0.7647737961312462,-3.5897039272296616,-1.0701474139348341,-0.5458076977111012,-4.065909297780022,-2.85122031554022,False,False,0.00014991444971091533,fit:association,-97.5,-87.5,,,
N03,scan-fw-5269796b90214e97,2026-10-01T03:08:34.234147-07:00,165819,sigma2_60,zero-c,True,0.5699963306489416,0.5699963306489416,0,152.82818279995703,0.5699963306489416,True,37.84810774538949,-122.47937527918943,78.56507675011017,1996.7820487838676,0.7839741063148282,30519.28923817195,30602.972491079137,-0.7398663475766942,-0.5222583144353385,4.647219340173541,3.840057801998436,3.5680710664576303,5.7494643867517965,2.9434128363670924,4.232984307306997,False,False,0.000288947527578326,fit:association,-82.5,-77.5,,,
N03,scan-fw-5269796b90214e97,2026-10-01T03:08:34.234147-07:00,165819,sigma2_60,fitted-c,True,1.4792618995171054,1.4792618995171054,0,99.29818476908804,1.4792618995171054,True,37.84677765864377,-122.46915661056838,78.53671739901984,2234.0180823663095,0.8771174253499449,28819.235735131006,28902.890628687102,-2.470372498758643,-1.7711289184761714,2.9167131889915914,2.591187197957603,1.8375649152756812,4.018958235569847,1.6945422323262593,2.984113703266164,False,False,0.0004125638288224468,fit:association,-82.5,-77.5,,,
N03,scan-fw-5269796b90214e97,2026-10-01T03:08:34.234147-07:00,165819,sigma1_30,zero-c,True,0.6392882255503244,0.6392882255503244,0,154.33146837195667,0.5915175639928651,True,37.84990802092164,-122.47855425830734,435.451136568292,2015.5812762625274,0.791355035831381,30534.483936412093,30972.380427117132,0.4571855332266846,0.23134749129790338,4.649295441882825,3.828698845109521,4.157109280372461,5.339165054358426,3.1831514430788634,4.231831962789635,False,False,2.2653295297402065e-05,fit:association,-87.5,-82.5,,,
N03,scan-fw-5269796b90214e97,2026-10-01T03:08:34.234147-07:00,165819,sigma1_30,fitted-c,True,1.2518638532683122,1.2518638532683122,0,98.64707941055941,1.2518638532683122,True,37.84761883022511,-122.47161407844364,438.7861658113907,2241.9465249339987,0.8802302806965052,28844.78808268795,29286.019602636086,-0.885802137438243,-0.7394128148280664,3.306307771217897,2.8579385389835514,2.8141216097075334,3.996177383693498,2.2123911369528937,3.2610716566636655,False,False,4.943575935625888e-05,fit:association,-87.5,-82.5,,,
N04,scan-fw-b9336121cee0a279,2026-10-01T06:39:59.392389-07:00,165820,sigma2_60,zero-c,True,2.9668244513657474,2.9668244513657474,1,150.5741928390546,2.9668244513657474,True,37.85815673530642,-122.45398958829121,17.7369545246911,2790.1729135064516,0.8139360891209019,40625.50812325302,40646.70704280747,0.941475321072332,0.4643840352468449,4.767098509533511,2.700011915229175,4.250519695995098,5.46076002999127,2.0422267684899738,3.454631035291264,False,False,5.925586743153895e-06,fit:association,-87.5,-82.5,,,
N04,scan-fw-b9336121cee0a279,2026-10-01T06:39:59.392389-07:00,165820,sigma2_60,fitted-c,True,0.694166611937041,0.694166611937041,1,86.43318070800328,0.694166611937041,True,37.8535331795417,-122.48024477216119,17.90017025223642,3287.861623228956,0.9591194933573384,37347.03813475642,37368.400270038415,0.6893611339403585,0.687925475065065,4.514984322401538,2.923553355047395,3.9984055088631236,5.208645842859297,2.265768208308194,3.678172475109484,False,False,0.0005041190347621488,fit:association,-87.5,-82.5,,,
N04,scan-fw-b9336121cee0a279,2026-10-01T06:39:59.392389-07:00,165820,sigma1_30,zero-c,True,2.935738249222482,2.935738249222482,0,150.5990363934417,2.935738249222482,True,37.8580242998299,-122.45430545100714,70.93422222944355,2789.812924396241,0.8138310747947028,40627.518353169144,40701.60269446537,1.0714238688804054,0.6007897656194084,4.74741903940799,2.6870866453249422,4.215799965612629,5.383186120706598,2.098927505034559,3.432350371237136,False,False,0.00015883489782026643,fit:association,-87.5,-82.5,,,
N04,scan-fw-b9336121cee0a279,2026-10-01T06:39:59.392389-07:00,165820,sigma1_30,fitted-c,True,0.6647933110196979,0.6647933110196979,0,86.44411249606274,0.45262811861256863,True,37.85344371333267,-122.48061141847859,71.5602023288593,3287.6727455577347,0.9590643948534815,37348.12686422094,37422.83718561658,0.8269275649596927,0.8285501897144562,4.502922735487277,2.9148470694199897,3.971303661691916,5.138689816785885,2.3266879291296063,3.6601107953321836,False,False,0.0006106642514331351,fit:association,-87.5,-82.5,,,
N05,scan-fw-38fa80c19012aa0f,2026-10-01T08:10:34.589434-07:00,165821,sigma2_60,zero-c,True,2.185810207285951,2.185810207285951,0,157.0188533367282,2.185810207285951,True,37.831020859861546,-122.49565592513622,87.97059981163329,2903.28746876383,0.819674610040607,42553.53544313506,42655.43966168582,-2.930774022235947,-2.354983107199825,3.6253046722160827,3.428389462173059,2.025947219534869,4.903252149190306,1.828337902752714,4.487012969754578,False,False,4.6257137181260344e-05,fit:association,-87.5,-82.5,,,
N05,scan-fw-38fa80c19012aa0f,2026-10-01T08:10:34.589434-07:00,165821,sigma2_60,fitted-c,True,2.6188421732625167,2.6188421732625167,0,132.8675580968992,2.6188421732625167,True,37.87227001052446,-122.48071874401754,89.69687375794456,3198.997393603406,0.9031613194814812,40928.790451772846,41032.42094426992,4.894625395130312,4.9013320900572825,11.450704089582342,10.684704659430167,9.851346636901127,12.728651566556564,9.084653100009822,11.743328167011686,False,False,0.00029060597357105015,fit:association,-87.5,-82.5,,,
N05,scan-fw-38fa80c19012aa0f,2026-10-01T08:10:34.589434-07:00,165821,sigma1_30,zero-c,True,8.953580397043435,8.953580397043435,0,159.43851686924717,3.7606178926670872,True,37.775059860123775,-122.4455631787485,661.2969821477818,2972.363403485341,0.8391765678953532,42433.305553849255,43106.555345617184,2.9216154494928235,2.752538017265394,-0.6361348671056373,0.6081540496684004,-2.3065464567431158,0.44303231993106595,-0.7983898021237041,2.037791299303642,False,False,0.0006309237235424224,fit:association,-77.5,-92.5,,,
N05,scan-fw-38fa80c19012aa0f,2026-10-01T08:10:34.589434-07:00,165821,sigma1_30,fitted-c,True,3.0411457069367747,3.0411457069367747,0,134.2805919965552,2.678042588908636,True,37.87601622539975,-122.47992772007636,284.71449127386586,3185.6505329044726,0.8993931487590267,41150.34092108232,41441.065152628944,-1.0843301497334858,2.4831131495046463,11.976098600110468,11.174017086902534,11.07372937660741,12.763943890971326,10.153819036465284,11.744084000482509,False,False,0.0002662256681052865,fit:association,-87.5,-77.5,,,
N06,scan-fw-eb09ead05b30405d,2026-10-01T15:13:15.265254-07:00,165823,sigma2_60,zero-c,True,2.602469944133266,2.602469944133266,0,121.84897414014122,0.6416427083995935,True,37.82571468597403,-122.48792694265647,1.772042826130928,2688.8652532606557,0.9461172601198647,30917.53852752244,30930.687886415453,-1.1590750617528827,-0.35222257601404877,-11.841090226995464,-4.592281159333448,-14.12994158841061,-11.003705001404073,-5.3378758883040165,-3.897290626631735,False,False,0.000233996821538228,fit:association,-92.5,-87.5,,,
N06,scan-fw-eb09ead05b30405d,2026-10-01T15:13:15.265254-07:00,165823,sigma2_60,fitted-c,True,2.5518999382622574,2.5518999382622574,0,121.62188740717868,2.079617893430762,True,37.826178407917844,-122.48805308394905,1.762586056607688,2690.987565268775,0.9468640271881686,30904.607869479856,30917.747771603346,-1.2034778842479894,-0.3780049402663299,-11.88549304949057,-4.618063523585729,-14.174344410905716,-11.04810782389918,-5.363658252556298,-3.923072990884016,False,False,0.0002607573724824466,fit:association,-92.5,-87.5,,,
N06,scan-fw-eb09ead05b30405d,2026-10-01T15:13:15.265254-07:00,165823,sigma1_30,zero-c,True,5.028054692060736,5.028054692060736,0,133.14801996257225,1.2459275423310212,True,37.876001353416854,-122.43975868098312,14.09434643755958,2669.2866762436706,0.9392282463911579,31110.578338394003,31132.669233436736,0.516618370743235,0.7512401135124464,-6.931639929240896,-1.9251407855003841,-8.601837390207324,-5.892406352267203,-2.6524028806318225,-1.3292716717808388,False,False,0.00023448010448539475,fit:association,-77.5,-77.5,,,
N06,scan-fw-eb09ead05b30405d,2026-10-01T15:13:15.265254-07:00,165823,sigma1_30,fitted-c,True,5.159257164135582,5.159257164135582,0,132.99062139412297,2.44581848634383,True,37.87691097135657,-122.4387533843512,14.08750830205463,2670.533477775821,0.9396669520674952,31101.942747565416,31124.026804472644,0.4610581874606712,0.7042662353685144,-6.9872001125234595,-1.9721146636443159,-8.657397573489886,-5.947966535549766,-2.6993767587757542,-1.3762455499247706,False,False,0.00036024611087761204,fit:association,-77.5,-77.5,,,
N07,scan-fw-438c7b27e7309b7f,2026-10-01T19:29:22.585168-07:00,165824,sigma2_60,zero-c,True,1.960878451507402,1.960878451507402,0,148.24026654026503,1.6636225333990977,True,37.83404606641669,-122.49747553518884,14.405048564418394,2873.620257996132,0.8718508064308652,38459.07486336405,38482.814449856014,1.8114719491153894,2.2922847377935023,2.017694551514623,1.6545128111631877,-0.5816235991023624,3.0066905424572,0.9544719631363983,2.1771230317794514,False,False,6.792199894389839e-05,fit:association,-87.5,-82.5,,,
N07,scan-fw-438c7b27e7309b7f,2026-10-01T19:29:22.585168-07:00,165824,sigma2_60,fitted-c,True,0.9722799756472539,0.9722799756472539,0,112.36102954207774,0.6842955044730131,True,37.84629466097053,-122.47524846171632,14.634832027499215,3082.948970307547,0.9353607312826295,36871.90454845728,36895.873918412326,0.35657055887750966,0.3491990030619525,0.5627931612767432,-0.28857292356836217,-2.036524989340242,1.5517891522193201,-0.9886137715951516,0.23403729704790166,False,False,6.7379719474292e-05,fit:association,-87.5,-82.5,,,
N07,scan-fw-438c7b27e7309b7f,2026-10-01T19:29:22.585168-07:00,165824,sigma1_30,zero-c,True,1.6913050185029603,1.6913050185029603,0,148.97068968833003,1.6913050185008829,True,37.83585529013615,-122.49532244532955,57.700756655598525,2864.498619318582,0.8690833189680164,38505.28388709316,38568.025318081265,1.5856178671205627,2.0681232004824053,1.9378065374882456,1.4215776166907168,-0.10283604863331508,2.4960240229714525,1.0940379401016453,2.0021685075043694,False,False,3.521352175860082e-05,fit:association,-82.5,-77.5,,,
N07,scan-fw-438c7b27e7309b7f,2026-10-01T19:29:22.585168-07:00,165824,sigma1_30,fitted-c,True,1.190119502772219,1.190119502772219,0,113.7249792814039,1.0026660061494572,True,37.848140848444295,-122.47225021672224,58.79348472716811,3081.4023567019567,0.9348914917178267,36903.32677180495,36967.16093086462,0.25418648084633555,0.3090266492777695,0.6063751512140185,-0.33751893451391884,-1.4342674349075422,1.1645926366972255,-0.6650586111029902,0.24307195629973383,False,False,4.057238220199575e-05,fit:association,-82.5,-77.5,,,
N08,scan-fw-de92cd029ec64536,2026-10-01T22:45:22.172380-07:00,165825,sigma2_60,zero-c,True,0.5540998445887068,0.5540998445887068,0,156.2031673280532,0.2790435805348998,True,37.85177569658751,-122.48046663864892,0.8388666476166691,2653.8166170530653,0.8647170469381119,35530.73136209767,35540.79387478694,2.507082535285251,2.689887399611402,5.443788529956428,3.679251237783275,2.992760624153435,6.818104788675719,2.9350690379825184,4.3090933916524845,False,False,2.8330438867603196e-05,fit:association,-87.5,-82.5,,,
N08,scan-fw-de92cd029ec64536,2026-10-01T22:45:22.172380-07:00,165825,sigma2_60,fitted-c,True,1.2645434421123596,1.2645434421123596,0,84.47458992064068,0.5785467909493609,True,37.838727911035875,-122.49178212408157,0.86324348749622,2920.113989581923,0.9514871259634808,33116.54765977617,33126.63454930532,0.6889680246958779,0.5646883856852241,3.6256740193670547,1.5540522238570973,1.1746461135640618,4.999990278086346,0.8098700240563407,2.1838943777263067,False,False,0.00012923410351556655,fit:association,-87.5,-82.5,,,
N08,scan-fw-de92cd029ec64536,2026-10-01T22:45:22.172380-07:00,165825,sigma1_30,zero-c,True,0.5260185679103212,0.5260185679103212,0,154.06953547778883,0.2048205301181394,True,37.852509712699785,-122.48166047427125,3.306028607446933,2637.829762918853,0.8595079058060778,35550.258543991324,35571.51537233365,3.8831974732353007,3.918045803154346,5.317815294822568,3.5270674868258243,3.7133042985658338,7.163555033895372,2.0670054987031055,5.181723327757428,False,False,6.104743072927815e-05,fit:association,-85.0,-85.0,,,
N08,scan-fw-de92cd029ec64536,2026-10-01T22:45:22.172380-07:00,165825,sigma1_30,fitted-c,True,1.2961565303898446,1.2961565303898446,0,85.84291759477064,0.6889842554337731,True,37.83764726700737,-122.48878103089551,3.472989639696607,2918.937400912572,0.9511037474462599,33140.822651621085,33162.24644099566,1.922866216920652,1.7829132723075531,3.3574840385079185,1.3919349559790317,1.7529730422511847,5.203223777580724,-0.06812703214368687,3.0465907969106363,False,False,0.0001087427986281378,fit:own-continuation,-85.0,-85.0,,,
N09,scan-fw-6be5713100436c09,2026-10-02T00:45:55.237279-07:00,165826,sigma2_60,zero-c,True,1.2301366197305508,1.2301366197305508,0,158.49335334862906,1.2301366196750785,True,37.85455204554982,-122.47359529111796,41.27336160727282,3039.973884708329,0.8899220973970519,39594.45245664577,39648.710447263875,1.295883982542837,1.577326650898019,-0.9146094073845366,0.7812705149346677,-2.706045254680549,0.9337540540616955,-0.13550449348547977,1.69104523787627,False,False,0.0004014737930210094,fit:association,-87.5,-82.5,,,
N09,scan-fw-6be5713100436c09,2026-10-02T00:45:55.237279-07:00,165826,sigma2_60,fitted-c,True,1.936291318324539,1.936291318324539,0,85.16703812796439,1.1799384728323803,True,37.83948461168351,-122.46733368723056,39.9229964207625,3305.5233714135393,0.9676590665730501,36972.77968071071,37025.6873061423,-1.3027900697636503,-0.81748629324241,-3.513283459691024,-1.6135424292057614,-5.304719306987036,-1.6649199982447918,-2.530317437625909,-0.7037677062641592,False,False,2.5073300310818336e-05,fit:association,-87.5,-82.5,,,
N09,scan-fw-6be5713100436c09,2026-10-02T00:45:55.237279-07:00,165826,sigma1_30,zero-c,True,2.73233467520839,2.73233467520839,0,159.27057502683468,2.73233467520839,True,37.83768493138737,-122.51333905870328,159.55300950748642,3030.8136339701614,0.8872405251669091,39646.68290171046,39817.44656488167,0.2734260217938005,0.023010538151625473,-0.6495053013668601,0.01107723399360524,-1.7972371547672297,1.154999213288027,-0.8381854999212359,0.6458851263845918,False,False,0.00023166754837454116,fit:association,-87.5,-82.5,,,
N09,scan-fw-6be5713100436c09,2026-10-02T00:45:55.237279-07:00,165826,sigma1_30,fitted-c,True,1.9603935190345965,1.9603935190345965,0,87.57694490359391,1.639062242126155,True,37.83975769680335,-122.46678685028728,159.55447507263307,3303.978352788473,0.967206777748382,37018.106485841265,37188.87161457762,-2.6791643257273807,-1.815813582893781,-3.6020956488880413,-1.8277468870518012,-4.749827502288411,-1.7975911342331543,-2.6770096209666425,-1.1929389946608147,False,False,0.00011556684112309229,fit:association,-87.5,-82.5,,,
N10,scan-fw-c267954dd8848b49,2026-10-02T11:53:08.055303-07:00,165830,sigma2_60,zero-c,True,2.473288023140481,2.473288023140481,0,138.90667761507646,1.8074261777017686,True,37.87021313624743,-122.47705964511943,2.5690833288317663,2861.9539959511967,0.939886369770508,34531.8402869262,34548.965859809694,3.9071001711404985,3.380318901531613,4.506780088615545,4.12869538767194,3.029176056342039,7.1405526390066,2.9565501046996694,5.252577224932463,False,False,0.00014477253079856985,fit:own-continuation,-87.5,-72.5,,,
N10,scan-fw-c267954dd8848b49,2026-10-02T11:53:08.055303-07:00,165830,sigma2_60,fitted-c,True,2.3395110053714134,2.3395110053714134,0,122.66035878771605,1.856995176454918,True,37.868897193378714,-122.49462164646994,2.4112892956109135,2875.97485635509,0.9444909216272874,34130.025523402364,34146.99330225264,4.1551819043594165,3.235566352964366,4.754861821834464,3.9839428391046936,3.2772577895609576,7.388634372225519,2.8117975561324227,5.107824676365216,False,False,0.00020247614175721018,fit:association,-87.5,-72.5,,,
N10,scan-fw-c267954dd8848b49,2026-10-02T11:53:08.055303-07:00,165830,sigma1_30,zero-c,True,2.221540755499411,2.221540755499411,0,139.02720645979036,1.7286387567861612,True,37.86575301799233,-122.47185905156823,7.661494410756859,2857.9500535816296,0.9385714461680229,34469.52437254756,34488.02796814502,0.1553090899639985,0.44263334108692226,4.289729627967223,3.854533767027306,2.5542840546412284,5.5166017836511845,3.080369149331052,4.801741991397906,False,False,0.0006850831691317533,fit:association,-82.5,-82.5,,,
N10,scan-fw-c267954dd8848b49,2026-10-02T11:53:08.055303-07:00,165830,sigma1_30,fitted-c,True,1.6670394764346135,1.6670394764346135,0,122.52584995062217,1.6670394764346135,True,37.863722224351285,-122.48969360461288,7.206757621730503,2872.977732634554,0.9435066445433674,34063.38868593011,34081.43754473855,0.4127374932081075,0.2812124850229861,4.547158031211331,3.6931129109633702,2.8117124578853367,5.774030186895293,2.9189482932671162,4.64032113533397,False,False,3.793756529549947e-05,fit:own-continuation,-82.5,-82.5,,,
N11,scan-fw-ea83fb423745d951,2026-10-02T14:57:39.103891-07:00,165831,sigma2_60,zero-c,True,0.9793493034216731,0.9793493034216731,0,103.98924312602949,0.9793493034216731,True,37.84746559167048,-122.47478449398136,6.9943088531072135,2887.3470643445485,0.9538642432588531,33232.17407734783,33244.008713224786,-0.8020439653335126,0.660470082519185,-10.33114536352391,-5.335585138752826,-11.280087557116707,-9.371191710649768,-5.905359534349098,-4.954544209555662,False,False,0.0006006451938665794,fit:association,-80.0,-80.0,,,
N11,scan-fw-ea83fb423745d951,2026-10-02T14:57:39.103891-07:00,165831,sigma2_60,fitted-c,True,1.0263909671699334,1.0263909671699334,0,103.59813942008078,1.0263909671699334,True,37.847553868525594,-122.47422119198838,6.995356270170305,2889.0103862919896,0.9544137384512684,33219.20965093773,33231.04533423175,-0.6808224963105644,0.7397043829468384,-10.209923894500964,-5.256350838325173,-11.15886608809376,-9.249970241626821,-5.826125233921445,-4.875309909128009,False,False,0.0005251805458245818,fit:association,-80.0,-80.0,,,
N11,scan-fw-ea83fb423745d951,2026-10-02T14:57:39.103891-07:00,165831,sigma1_30,zero-c,True,0.8791539040837786,0.8791539040837786,0,104.02523138737477,0.6529100250456051,True,37.848835975903235,-122.47574599580363,28.09376256853284,2887.50518780808,0.953916480940892,33232.27009644252,33269.69837382832,-1.4915512735988208,-0.12539462790768624,-10.222643864737673,-5.2168000269262045,-11.586296418989985,-9.054937310848114,-6.342848117444076,-4.638477685770223,False,False,2.508911938706171e-05,fit:association,-82.5,-77.5,,,
N11,scan-fw-ea83fb423745d951,2026-10-02T14:57:39.103891-07:00,165831,sigma1_30,fitted-c,True,0.9333946002389258,0.9333946002389258,0,103.59383562245824,0.5653867307655757,True,37.84890895805464,-122.47512598633662,28.097855409294425,2889.253560206548,0.9544940734081758,33218.39599835769,33255.82836858426,-1.3723026849147428,-0.04879929796502136,-10.103395276053595,-5.14020469698354,-11.467047830305907,-8.935688722164036,-6.266252787501411,-4.561882355827558,False,False,0.0002589907832157924,fit:association,-82.5,-77.5,,,
N12,scan-fw-094ad16b6a88aa22,2026-10-02T19:01:47.809044-07:00,165832,sigma2_60,zero-c,True,3.354133041950528,3.354133041950528,0,126.77419977850913,0.7009058827280384,True,37.86484173744423,-122.45319908897568,68.05457470740657,2863.5202738215767,0.9342643634001881,34259.39838531942,34332.80688078222,-1.1373556769961801,-1.8521980729539709,-6.66394059554034,-5.104930775288443,-7.581776163500942,-5.579187365360997,-6.010161150080444,-4.344499813030172,False,False,8.695513521450593e-07,fit:association,-82.5,-77.5,,,
N12,scan-fw-094ad16b6a88aa22,2026-10-02T19:01:47.809044-07:00,165832,sigma2_60,fitted-c,True,3.615493626672286,3.615493626672286,0,80.66539457222369,1.2212323735342798,True,37.8613739006458,-122.44764346868418,68.06206276402372,2910.2909023698685,0.9495239485709196,33272.83357815887,33346.24956167828,-0.8721353320891886,-1.2309856077842274,-6.398720250633348,-4.483718310118699,-7.31655581859395,-5.313967020454005,-5.388948684910701,-3.7232873478604285,False,False,0.00023657954124289837,fit:association,-82.5,-77.5,,,
N12,scan-fw-094ad16b6a88aa22,2026-10-02T19:01:47.809044-07:00,165832,sigma1_30,zero-c,True,2.847445175651493,2.847445175651493,1,123.40274271845077,0.7340519483980465,True,37.858362106705734,-122.45554018058486,384.6759438691224,2841.5587887571037,0.9270991154183046,34285.41338134822,34686.788131265304,1.7962819116230957,1.025368281461582,-7.0529374115534385,-5.393606347615798,-8.444232178483324,-5.334744580996634,-7.135884841047712,-4.064310002468616,False,False,0.000297205026363323,fit:association,-82.5,-82.5,,,
N12,scan-fw-094ad16b6a88aa22,2026-10-02T19:01:47.809044-07:00,165832,sigma1_30,fitted-c,True,2.8817903970840155,2.8817903970840155,1,73.92034620276186,2.8817903970840155,True,37.85394536025708,-122.45352202830955,385.03411863875226,2884.6558312501406,0.9411601407015141,33296.31976628526,33698.05269097198,2.0195735933333667,1.7458308308517407,-6.829645729843167,-4.673143798225639,-8.220940496773053,-5.111452899286363,-6.415422291657554,-3.3438474530784577,False,False,2.2546678168922085e-07,fit:association,-82.5,-82.5,,,
N13,scan-fw-6d7ec2a86f60d797,2026-10-02T20:53:24.790166-07:00,165833,sigma2_60,zero-c,True,1.355162402699424,1.355162402699424,0,122.97550631655723,0.19737065935630968,True,37.85913754138595,-122.49442810853752,19.418365144239942,2399.9884872638886,0.9104660422093659,30044.51061560477,30069.728351419737,0.2877272902264766,-1.421226382454721,-2.5638828685565778,-1.4389159378646346,-3.5062112766896645,-1.1921800855925164,-1.9730207422915766,-0.6598055329019449,False,False,0.0006203361999544375,fit:association,-90.0,-70.0,,,
N13,scan-fw-6d7ec2a86f60d797,2026-10-02T20:53:24.790166-07:00,165833,sigma2_60,fitted-c,True,0.7300094011397865,0.7300094011397865,0,98.98257028000963,0.28201523811806484,True,37.85087544905627,-122.49374360864482,18.827147649149993,2437.3612411628037,0.9246438699403656,29543.973927826402,29568.60044614628,0.10148602018317422,-1.3431862199007898,-2.75012413859988,-1.3608757753107033,-3.6924525467329667,-1.3784213556358187,-1.8949805797376453,-0.5817653703480136,False,False,0.0005706110393812608,fit:association,-90.0,-70.0,,,
N13,scan-fw-6d7ec2a86f60d797,2026-10-02T20:53:24.790166-07:00,165833,sigma1_30,zero-c,True,1.2318100136116292,1.2318100136116292,0,122.88843965798955,0.5347292917366779,True,37.85805717325356,-122.49393375860267,77.3794904706192,2399.5789558523156,0.9103106812793307,30044.25006517508,30127.797121057516,1.1550795116689094,-0.6448698862351514,-2.5462588921946754,-1.4254358692608535,-3.552779370102508,-1.164043568212851,-2.003396270804942,-0.6383237236018423,False,False,0.0002943776169848679,fit:association,-90.0,-70.0,,,
N13,scan-fw-6d7ec2a86f60d797,2026-10-02T20:53:24.790166-07:00,165833,sigma1_30,fitted-c,True,0.6836248946725922,0.6836248946725922,0,99.0142217923293,0.18074108921483895,True,37.850178706982994,-122.49340999670335,75.13781118499173,2437.6279210673238,0.9247450383411698,29543.56657599841,29624.87195259522,0.9478293967021603,-0.5790144378150948,-2.7535090071614245,-1.3595804208407969,-3.760029485069257,-1.3712936831796,-1.9375408223848853,-0.5724682751817857,False,False,0.0004422259731282144,fit:association,-90.0,-70.0,,,
N14,scan-fw-c5df3f8a313ac058,2026-10-03T01:32:42.506740-07:00,165834,sigma2_60,zero-c,True,0.7732882452603697,0.7732882452603697,0,126.5226950993168,0.7732882452603697,True,37.842319012516136,-122.48357174538076,53.833553127053165,2402.2602183286645,0.8825349810171434,31496.04015366361,31556.058563344282,-4.0764313857153365,-1.5946120584396546,0.38671113473808916,0.7141711653872731,-0.9972943239109069,1.4635091132001419,-0.041193355796004805,1.5304740740657357,False,False,0.00021069142836992096,fit:association,-77.5,-72.5,,,
N14,scan-fw-c5df3f8a313ac058,2026-10-03T01:32:42.506740-07:00,165834,sigma2_60,fitted-c,True,0.7756720816324826,0.7756720816324826,0,99.39782168944328,0.45736884739119515,True,37.84876011507669,-122.47692864507071,53.92180692021793,2592.5493769813356,0.9524428276933635,30341.873003037115,30401.979666510953,-2.9219769001333176,-0.12534098118411088,1.541165620320108,2.183442242642817,0.15716016167111202,2.617963598782161,1.4280777214595388,2.9997451513212794,False,False,0.00037588806190108626,fit:association,-77.5,-72.5,,,
N14,scan-fw-c5df3f8a313ac058,2026-10-03T01:32:42.506740-07:00,165834,sigma1_30,zero-c,True,0.9359421477355522,0.9359421477355522,0,125.58823523789499,0.935942147730631,True,37.84133332012116,-122.48151616970624,183.9131732185051,2413.653939969005,0.8867207714801635,31323.975995028828,31513.515393227466,-4.470309480477536,-5.423649625726408,0.4368433259227684,0.9363572032196794,-0.7365030765479297,1.0974584031981425,0.17808653670761132,1.679287744014919,False,False,0.00012983871494240407,fit:association,-77.5,-77.5,,,
N14,scan-fw-c5df3f8a313ac058,2026-10-03T01:32:42.506740-07:00,165834,sigma1_30,fitted-c,True,1.110373542160273,1.110373542160273,0,99.21215100544812,0.6589780366973024,True,37.849020159876744,-122.47310878680909,176.2314206408082,2596.1829224111334,0.9537777084537595,30213.299064674437,30395.156710295378,-3.419375344380745,-4.037363506620593,1.4877774620195598,2.3226433223254945,0.31443105954886175,2.148392539294934,1.5643726558134263,3.065573863120734,False,False,6.663251785435365e-05,fit:association,-77.5,-77.5,,,
N15,scan-fw-3aaaa0b02af4b82d,2026-10-03T03:33:53.782456-07:00,165835,sigma2_60,zero-c,True,4.1253415183561,4.1253415183561,0,153.17896145084848,3.4068617153863108,True,37.84678064059607,-122.43886000963946,28.66379609030264,1862.8475199762559,0.8858048121617954,23867.11106711154,23900.76489079987,1.712228155878013,1.6724026006471078,-0.2822323269095859,0.6547614460762476,-1.346746240114517,1.0648019480215696,0.4031106752737543,0.9618757071461205,False,False,0.00030261686751464206,fit:association,-82.5,-82.5,,,
N15,scan-fw-3aaaa0b02af4b82d,2026-10-03T03:33:53.782456-07:00,165835,sigma2_60,fitted-c,True,2.8165036059916764,2.8165036059916764,0,103.7768180236557,2.417806849994985,True,37.84641413685826,-122.45385291665534,28.787083778883243,1947.0276281343818,0.9258333942626636,22839.400020181878,22873.17713155879,0.6412220099204533,1.0483650687474328,-1.3532384728671456,0.03072391417657272,-2.4177523860720767,-0.006204197935990141,-0.2209268566259206,0.33783817524644555,False,False,5.972721572800044e-05,fit:association,-82.5,-82.5,,,
N15,scan-fw-3aaaa0b02af4b82d,2026-10-03T03:33:53.782456-07:00,165835,sigma1_30,zero-c,True,2.454716614872631,2.454716614872631,0,152.17231131768423,2.1841095624912814,True,37.852822313310426,-122.45820691049693,16.54605593546148,1884.0550681056234,0.8958892382813235,23832.2922738551,23857.524069729596,0.8730784133289543,0.3877320530505547,-0.287226958497394,0.22636549365874986,-1.4575250048857948,1.380273392985742,-0.45828123238203916,1.2333338382400807,False,False,0.0002460462112476719,fit:association,-87.5,-82.5,,,
N15,scan-fw-3aaaa0b02af4b82d,2026-10-03T03:33:53.782456-07:00,165835,sigma1_30,fitted-c,True,1.4947663919868646,1.4947663919868646,0,100.24875886579332,1.4947663919868646,True,37.848118113443405,-122.46877241588261,17.302161462055665,1973.1893844485876,0.9382736017349441,22763.81686355827,22789.80476495936,-0.09302323078878229,0.032978507708393535,-1.2533286026151307,-0.1283880516834113,-2.4236266490035314,0.41417174886800523,-0.8130347777242003,0.8785802928979196,False,False,3.1268165653814545e-05,fit:association,-87.5,-82.5,,,
N16,scan-fw-cd484fb9877f7535,2026-10-03T06:03:46.789140-07:00,165836,sigma2_60,zero-c,True,3.392715352364522,3.392715352364522,0,157.03114529458077,3.3076023819818334,True,37.85120031757773,-122.52430003921516,1.029093129262037,2762.5887296772426,0.8998660357254862,35346.27537800594,35351.21135975637,1.4199500638188316,1.7911556157040225,2.8076462833699454,1.3357314537893341,2.188751231755652,4.529409461278868,0.9606700071342948,2.2863343748714744,False,False,0.00012613201603671811,fit:association,-87.5,-82.5,,,
N16,scan-fw-cd484fb9877f7535,2026-10-03T06:03:46.789140-07:00,165836,sigma2_60,fitted-c,True,1.7822015235969377,1.7822015235969377,0,90.40122782192563,1.093706125410481,True,37.84677053236009,-122.50584485201021,1.1192110185293132,2955.7953539878768,0.9627997895725983,33298.80840897995,33303.83450861965,1.3593389562676044,1.2345428250469388,2.747035175818718,0.7791186631322504,2.1281401242044247,4.468798353727641,0.4040572164772111,1.7297215842143905,False,False,2.268370701259334e-05,fit:association,-87.5,-82.5,,,
N16,scan-fw-cd484fb9877f7535,2026-10-03T06:03:46.789140-07:00,165836,sigma1_30,zero-c,True,3.875238378788679,3.875238378788679,0,157.8932237434724,2.5771489461347574,True,37.850921627177804,-122.52982781035463,4.057424055652518,2765.3843298427055,0.900776654671891,35355.335859084975,35364.09148407373,-0.4904869861787899,-0.37682264253877323,3.1109332469132265,1.5454904766894753,2.491594772120504,3.7079045507866475,0.8999109290574491,2.2860246724180175,False,False,8.345822211084167e-05,fit:association,-92.5,-82.5,,,
N16,scan-fw-cd484fb9877f7535,2026-10-03T06:03:46.789140-07:00,165836,sigma1_30,fitted-c,True,1.591539006781022,1.591539006781022,0,90.42089476859518,0.8258130227139361,True,37.8472893554824,-122.50374228878736,4.484174882854859,2955.6444574896404,0.9627506376187754,33300.305617758975,33314.13331600108,3.566379905798572,4.148109110222757,2.684823912290928,0.7640610455752301,1.6843104914498481,4.094742833697323,0.014604505262288514,1.9908097437278358,False,False,0.00023997801384963087,fit:association,-80.0,-80.0,,,
N17,scan-fw-9d97ea200c12ab01,2026-09-30T18:52:09.906526-07:00,165816,sigma2_60,zero-c,True,3.293145394056946,3.293145394056946,0,168.58435004418808,3.293145394056946,True,37.827384677855704,-122.46019571510111,1.3990313157482888,3033.3828483833513,0.9098328879374179,38066.041362539196,38083.05311768635,2.5371889164064947,3.7453984426443294,6.330592992024393,4.948890733842637,3.784506366949039,8.293705640238104,3.910165896698819,6.159145415950914,False,False,0.0004921107026749985,fit:association,-90.0,-90.0,,,
N17,scan-fw-9d97ea200c12ab01,2026-09-30T18:52:09.906526-07:00,165816,sigma2_60,fitted-c,True,2.629923380995463,2.629923380995463,0,89.61878797270965,2.629923380995463,True,37.8274856438017,-122.47347193192557,1.2522106070828158,3227.2227637001806,0.9679732344631615,35468.389175217126,35485.254109655616,2.305032006409585,3.250920089419529,6.098436082027483,4.454412380617837,3.5523494569521294,8.061548730241194,3.4156875434740193,5.664667062726115,False,False,0.0002697345134097687,fit:association,-90.0,-90.0,,,
N17,scan-fw-9d97ea200c12ab01,2026-09-30T18:52:09.906526-07:00,165816,sigma1_30,zero-c,True,2.8509934747590115,2.8509934747590115,1,167.40214943865817,2.8509934747590115,True,37.82883610322113,-122.46579272712823,5.23929078772926,3015.852692204935,0.9045748926829439,38106.32794269147,38130.61742255298,-1.1428333809411364,-1.8770702790610658,6.121602643553256,4.698883471008696,4.247401987847763,7.286676749974629,3.4845099472985996,5.709773048970039,False,False,7.199565045822726e-05,fit:association,-97.5,-82.5,,,
N17,scan-fw-9d97ea200c12ab01,2026-09-30T18:52:09.906526-07:00,165816,sigma1_30,fitted-c,True,2.174202458877169,2.174202458877169,1,89.08336838104024,2.174202458877169,True,37.830167452727494,-122.47935639779858,4.630875679067685,3227.4715579199637,0.9680478578044283,35457.3966787196,35481.07774347245,-1.1266321841472278,-2.183946249466431,6.137803840347165,4.392007500603331,4.263603184641671,7.302877946768538,3.177633976893234,5.402897078564674,False,False,0.0001269898193399996,fit:association,-97.5,-82.5,,,
N18,scan-fw-4d1d8afef3519e78,2026-09-30T21:50:42.672397-07:00,165817,sigma2_60,zero-c,True,0.3937460173456956,0.3937460173456956,0,142.6662916589357,0.023358812935981355,True,37.84800313818813,-122.4814734225024,4.117474235368718,2790.7473326609293,0.8982128524817925,36348.07745785833,36354.95690199967,-2.282275073592132,-2.034530932092236,-3.7683604740199055,-1.3630099403953886,-4.36875183802036,-3.050971272553218,-2.3206501682586076,-0.9949028239445877,False,False,0.0001872570319409097,fit:association,-87.5,-82.5,,,
N18,scan-fw-4d1d8afef3519e78,2026-09-30T21:50:42.672397-07:00,165817,sigma2_60,fitted-c,True,0.6098381109987555,0.6098381109987555,0,107.32247142575623,0.6098381109987555,True,37.84516234286186,-122.48086399214769,4.19878099764901,2926.001184623501,0.9417448292962669,35158.72606487773,35165.68681578135,-1.077548195525272,-1.7266378788903831,-2.5636335959530454,-1.0551168871935357,-3.1640249599535,-1.8462443944863576,-2.012757115056755,-0.6870097707427348,False,False,0.00022822608373685924,fit:association,-87.5,-82.5,,,
N18,scan-fw-4d1d8afef3519e78,2026-09-30T21:50:42.672397-07:00,165817,sigma1_30,zero-c,True,0.7538301961874674,0.7538301961874674,0,143.67613324080085,0.6418883947865865,True,37.84756471128791,-122.47737988416004,16.56886976394162,2788.2578105296125,0.8974115901286168,36375.65364407416,36399.90979168799,-0.9576860074919467,-1.6726131288061297,-4.071333536160089,-1.3766914645022919,-5.4885185284776785,-2.7819891156546515,-1.6502680039334676,-1.1190810366219985,False,False,0.00013980381068728204,fit:association,-85.0,-85.0,,,
N18,scan-fw-4d1d8afef3519e78,2026-09-30T21:50:42.672397-07:00,165817,sigma1_30,fitted-c,True,0.8807865758817055,0.8807865758817055,0,108.68923401578628,0.38005555410813135,True,37.84511250867786,-122.47705545340376,16.88593595835846,2923.3616167976024,0.9408952741543619,35192.14491973182,35216.71813354007,0.40794673078159444,-1.3185649515633642,-2.705700797886548,-1.0226432872595264,-4.122885790204138,-1.4163563773811108,-1.2962198266907021,-0.765032859379233,False,False,0.0001152473759211407,fit:association,-85.0,-85.0,,,
N19,scan-fw-1b05963d1655905e,2026-09-30T22:54:20.257098-07:00,165817,sigma2_60,zero-c,True,2.430874174280152,2.430874174280152,1,137.03087464812398,2.4180544322922772,True,37.83535597198093,-122.50732735953731,2.852780228928168,1915.2993731803283,0.8842564049770676,24655.36720444398,24660.22773118643,0.5811596529710884,0.6303020050328352,-1.1844526281578776,-0.0898162965741407,-1.5985620916662924,-0.835504353292714,-0.5775294548324855,0.6107896563772158,False,False,0.00019291125968488984,fit:association,-87.5,-82.5,,,
N19,scan-fw-1b05963d1655905e,2026-09-30T22:54:20.257098-07:00,165817,sigma2_60,fitted-c,True,1.4052274149895512,1.4052274149895512,1,88.7510741016866,1.4052274149895512,True,37.83675692164946,-122.48943201379535,2.621820147964172,2008.6829579078797,0.927369786661071,23665.216398918354,23669.84596557984,0.04009981364983042,0.07906182591348933,-1.7255124674791353,-0.6410564756934866,-2.13962193098755,-1.3765641926139718,-1.1287696339518314,0.059549477257869965,False,False,1.6657844218638139e-06,fit:association,-87.5,-82.5,,,
N19,scan-fw-1b05963d1655905e,2026-09-30T22:54:20.257098-07:00,165817,sigma1_30,zero-c,True,2.330325613207123,2.330325613207123,0,137.18312828875946,2.0099748225569285,True,37.83204529850544,-122.50125448706964,11.422289266007283,1914.6813500740354,0.8839710757497855,24660.847590841484,24684.521121079615,3.6699684686656178,3.495216648108504,-1.9472695909521511,-0.7152945814316016,-3.7448447965625213,-0.9526798161985065,-1.7924321362651903,0.7380865725959151,False,False,0.0004790740197019097,fit:association,-85.0,-85.0,,,
N19,scan-fw-1b05963d1655905e,2026-09-30T22:54:20.257098-07:00,165817,sigma1_30,fitted-c,True,1.675725412482261,1.675725412482261,0,88.73848648618026,0.8217175567452626,True,37.83400178076176,-122.48488572109474,10.542699637175247,2007.4134544510312,0.9267836816486755,23670.765285736845,23693.559226346144,3.3340085438192575,3.081499492448266,-2.2832295157985114,-1.1290117370918393,-4.080804721408882,-1.2886397410448667,-2.2061492919254277,0.32436941693567745,False,False,0.00044651349610737995,fit:association,-85.0,-85.0,,,
N20,scan-fw-7832972d0a1e9449,2026-09-30T23:22:34.885556-07:00,165818,sigma2_60,zero-c,True,1.3381407037414819,1.3381407037414819,0,135.72994885135648,0.7327544812325615,True,37.85726357428739,-122.47460826004108,6.2465775901509915,2075.9889652152165,0.8592669558010002,27866.9535229637,27882.027470858808,2.519233091642665,1.8990185450047383,1.2029120745815312,0.8233697953451817,-1.1808037928295216,2.3813688033987095,0.15603177191338635,1.6305948258733207,False,False,8.362562951927388e-05,fit:association,-87.5,-82.5,,,
N20,scan-fw-7832972d0a1e9449,2026-09-30T23:22:34.885556-07:00,165818,sigma2_60,fitted-c,True,1.097021861429515,1.097021861429515,0,103.59468316821211,1.097021861429515,True,37.83920170227911,-122.48634902894788,6.924875237298693,2284.330168437578,0.9455008975321101,26544.366160831945,26560.1184063742,0.5451506717632597,0.4626917148807333,-0.771170345297874,-0.6129570347788234,-3.1548862127089268,0.4072863835193046,-1.2802950582106187,0.19426799574931564,False,False,4.045845723870886e-05,fit:association,-87.5,-82.5,,,
N20,scan-fw-7832972d0a1e9449,2026-09-30T23:22:34.885556-07:00,165818,sigma1_30,zero-c,True,1.336118875736008,1.336118875736008,0,136.5080836086713,1.139467135403424,True,37.85659246519877,-122.47390196917574,25.049784638151323,2074.515644787839,0.8586571377433109,27884.35636497481,27916.706873880554,0.8047830640727285,-0.014684308036661488,1.1826938124838775,0.8287140642726031,-0.5521609314245293,2.163616127565917,-0.016410231572247302,1.237825349988733,False,False,0.0002949845378315413,fit:association,-85.0,-85.0,,,
N20,scan-fw-7832972d0a1e9449,2026-09-30T23:22:34.885556-07:00,165818,sigma1_30,fitted-c,True,1.158219604531026,1.158219604531026,0,104.87641210185889,0.6080170307080093,True,37.8386444787226,-122.48613397950318,27.78215556185023,2283.764022360379,0.9452665655465144,26563.2629628916,26598.345842721043,-1.1468056987484863,-1.4250249475308308,-0.7688949503373372,-0.5816265752215661,-2.503749694245744,0.21202736474470218,-1.4267508710664165,-0.1725152895054362,False,False,1.8383548551934226e-05,fit:own-continuation,-85.0,-85.0,,,
N21,scan-fw-10d60d847a5e2c2c,2026-10-01T00:54:23.203345-07:00,165818,sigma2_60,zero-c,True,2.313612552844363,2.313612552844363,1,155.16769072590733,2.313612552844363,True,37.84850446771183,-122.45941421402834,65.23654167854329,2117.8256945629373,0.8883497040951919,27350.548037353838,27421.900740982546,1.1585180989208954,6.6043629987739285,-7.782802755133753,-6.44786360409216,-8.673553013673319,-6.986504282545056,-7.218055706162623,-4.9680269609617795,False,False,0.00026223072885394726,fit:association,-90.0,-90.0,,,
N21,scan-fw-10d60d847a5e2c2c,2026-10-01T00:54:23.203345-07:00,165818,sigma2_60,fitted-c,True,5.118807602272067,5.118807602272067,1,87.43281315822252,5.118807602272067,True,37.84295709832245,-122.42797244048907,65.09853482338804,2137.385831482659,0.8965544595145382,26162.02619268091,26233.240889454464,3.5933699096731853,8.981076242209916,-5.347950944381463,-4.071150360656173,-6.238701202921029,-4.5516524717927656,-4.841342462726637,-2.5913137175257925,False,False,0.0004413957537488562,fit:association,-90.0,-90.0,,,
N21,scan-fw-10d60d847a5e2c2c,2026-10-01T00:54:23.203345-07:00,165818,sigma1_30,zero-c,True,3.1980184439819874,3.1980184439819874,0,145.04848921349938,2.601136508037463,True,37.872215307318164,-122.46415467801539,9.539302151275479,2046.206262507751,0.858307996018352,26997.73692510155,27018.180153179972,-0.035958911203468995,-0.5779151191493376,-2.2521258501126313,-1.222050849004519,-3.5554034579565186,0.013633390462183481,-2.4931016481305908,-0.5725954005722914,False,False,0.00015167037648972093,fit:association,-87.5,-82.5,,,
N21,scan-fw-10d60d847a5e2c2c,2026-10-01T00:54:23.203345-07:00,165818,sigma1_30,fitted-c,True,4.396864858593624,4.396864858593624,0,87.32189408825043,4.172771598381813,True,37.842630626329786,-122.43634616323665,8.990195704380312,2239.028782729946,0.939189925641756,25367.063847361696,25386.95796899322,-3.4934530202921437,-3.6997893321573,-5.709619959201306,-4.343925062012481,-7.012897567045194,-3.443860718626491,-5.614975861138553,-3.6944696135802535,False,False,0.0002671601161207404,fit:association,-87.5,-82.5,,,
N22,scan-fw-770344cb3e2c1d47,2026-10-01T01:36:44.995353-07:00,165818,sigma2_60,zero-c,True,3.3515845023519746,3.3515845023519746,0,160.5432503102475,2.349220163504301,True,37.820279977940714,-122.49711048651152,30.402679822658683,2420.8651849880725,0.8787169455492096,31940.785434687637,31980.396771934087,6.2433292784537135,3.3532890748530884,-3.222912618304485,-3.373016310192283,-6.227506690025402,-2.478400292237614,-4.128906691349445,-2.6256547152042677,False,False,0.0003460465628178644,fit:association,-90.0,-90.0,,,
N22,scan-fw-770344cb3e2c1d47,2026-10-01T01:36:44.995353-07:00,165818,sigma2_60,fitted-c,True,1.4243639051601313,1.4243639051601313,0,113.05532909942706,0.3414129493131525,True,37.83715138502165,-122.49174272312817,31.17589049684102,2590.2641048201062,0.9402047567405104,30378.312301576407,30418.69684949704,7.547185213892974,4.618685745280017,-1.9190566828652242,-2.107619639765354,-4.923650754586141,-1.1745443567983531,-2.863510020922516,-1.3602580447773387,False,False,0.0009741161557954431,fit:association,-90.0,-90.0,,,
N22,scan-fw-770344cb3e2c1d47,2026-10-01T01:36:44.995353-07:00,165818,sigma1_30,zero-c,True,3.0630603483866508,3.0630603483866508,0,149.8661370840011,2.13196871303513,True,37.8610179130311,-122.45432732661072,105.40615636101211,2448.306846204246,0.8886776211267681,31465.047057787862,31587.07188616047,-2.6888610237173536,-4.47364274203565,-1.0247274968542208,1.0130068012767008,-3.5314125525631237,-0.17254105595675728,-0.09908370618069129,2.9598656677508126,False,False,0.0001385976452213753,fit:association,-75.0,-75.0,,,
N22,scan-fw-770344cb3e2c1d47,2026-10-01T01:36:44.995353-07:00,165818,sigma1_30,fitted-c,True,3.2882692604026387,3.2882692604026387,0,105.29159931423577,1.5916304315858594,True,37.86594591721437,-122.45500985271417,103.8356028138951,2587.461561750976,0.939187499728122,30083.420421525123,30203.874696350613,-2.0383928616147626,-4.311729998259682,-0.37425933475162987,1.1749195450526688,-2.8809443904605327,0.47792710614583367,0.0628290375952767,3.1217784115267806,False,False,0.00023856819867876244,fit:association,-75.0,-75.0,,,
N23,scan-fw-ec5a7efcbb4bc8f8,2026-10-01T02:19:08.201061-07:00,165819,sigma2_60,zero-c,True,1.6895356949844358,1.689535694860336,0,127.8857357080173,1.4716751538270063,True,37.83861166209914,-122.49972918890023,30.8146571883226,2570.9696477049565,0.9011460384524909,32575.99267379944,32618.759496864557,5.791919981209703,5.895148390102199,1.2050522399968528,1.3830879058045475,0.0800203251310152,2.7351801731095007,0.19982199590789285,2.5748588927210374,False,False,0.0003868825318545377,fit:own-continuation,-97.5,-82.5,,,
N23,scan-fw-ec5a7efcbb4bc8f8,2026-10-01T02:19:08.201061-07:00,165819,sigma2_60,fitted-c,True,1.5013718429940182,1.5013718429940182,0,92.31392783278123,0.7834486099564244,True,37.84964626115617,-122.50283796349888,30.06796867603407,2719.41701027235,0.9531780617849107,31456.62065767616,31498.64079222899,5.0472128489379156,5.25048314800123,0.46034510772506554,0.7384226637035782,-0.6646868071407721,1.9904730408377131,-0.44484324619307647,1.9301936506200679,False,False,0.0004245196806595686,fit:association,-97.5,-82.5,,,
N23,scan-fw-ec5a7efcbb4bc8f8,2026-10-01T02:19:08.201061-07:00,165819,sigma1_30,zero-c,True,1.8882495453803076,1.8882495453803076,0,129.51488997792177,1.569734352054972,True,37.836479998153195,-122.5002044365506,215.7673880459697,2555.851014799454,0.8958468330877861,32857.0481384096,33083.13845769729,7.292275806869381,7.326931467147406,1.8420500724918192,2.074654466566141,0.8537916506004675,3.2269711188387973,0.7250479899922142,3.0567966616323288,False,False,0.00034624125547202955,fit:association,-105.0,-75.0,,,
N23,scan-fw-ec5a7efcbb4bc8f8,2026-10-01T02:19:08.201061-07:00,165819,sigma1_30,fitted-c,True,1.4076862281089453,1.4076862281089453,0,91.8428304950876,0.9509296694551574,True,37.84949902484199,-122.50177746883223,101.96657078047792,2670.7474410830364,0.9361189768955613,31713.16892610582,31823.84741924548,0.2321731698500139,0.2119802112901693,0.1137966446530997,0.3776735668160831,-1.2617699164419043,2.0099257461492486,-0.2577158854823801,1.0766684592717266,False,False,0.00011129541995016923,fit:association,-95.0,-85.0,,,
N24,scan-fw-f5f562354631463b,2026-10-01T03:58:01.021533-07:00,165819,sigma2_60,zero-c,True,1.5103942842210938,1.5103942842210938,0,141.17047603391194,1.5103942842210938,True,37.83547311624979,-122.48582681345711,34.358747970833065,2381.7251262831933,0.894040963319517,30353.65162549856,30392.298644184866,0.6585128408641242,0.36113668834502943,-3.483832384637835,-1.2012240865432307,-5.4409677636391525,-2.8624857812805327,-1.7644823362701043,-0.7980975319914818,False,False,6.165988747021487e-05,fit:association,-85.0,-85.0,,,
N24,scan-fw-f5f562354631463b,2026-10-01T03:58:01.021533-07:00,165819,sigma2_60,fitted-c,True,1.0675013522118144,1.0675013522118144,0,90.14701770310624,1.0675013522118144,True,37.840915370198275,-122.47931138434208,33.717858495252585,2528.217907282885,0.9490307459770589,29012.47850801267,29050.484637223395,0.16793169278224715,0.02360997610230438,-3.974413532719712,-1.5387507987859557,-5.93154891172103,-3.35306692936241,-2.1020090485128295,-1.1356242442342068,False,False,0.00011627416229709198,fit:association,-85.0,-85.0,,,
N24,scan-fw-f5f562354631463b,2026-10-01T03:58:01.021533-07:00,165819,sigma1_30,zero-c,True,1.403793664589304,1.403793664589304,0,142.81757775794048,1.403793664589304,True,37.83652599434177,-122.48770538295092,136.72507454508377,2385.4499251488464,0.8954391610919094,30367.78359153744,30510.097168413384,2.142660512253578,0.6145339547746429,-3.4181773382745297,-1.2891719990299928,-4.9775537955247655,-2.719932109099883,-2.1346924350636187,-0.34896948952206897,False,False,0.00023239072790876003,fit:association,-82.5,-82.5,,,
N24,scan-fw-f5f562354631463b,2026-10-01T03:58:01.021533-07:00,165819,sigma1_30,fitted-c,True,1.0571295322708527,1.0571295322708527,0,89.98676349724394,0.4087698691390265,True,37.8409736891828,-122.47941627886945,134.56578904502385,2529.753405177962,0.9496071340758117,29004.045538792998,29144.19983016888,1.747654816649868,0.4382416741163896,-3.8131830338782398,-1.4654642796882462,-5.3725594911284755,-3.114937804703593,-2.310984715721872,-0.5252617701803224,False,False,0.00018459398677292405,fit:association,-82.5,-82.5,,,
N25,scan-fw-0ceb1f5dcf51e9b7,2026-10-01T04:54:31.951764-07:00,165819,sigma2_60,zero-c,True,4.599302611977562,4.599302611977562,0,142.75071662841657,0.8593494283528561,True,37.8366832224183,-122.53573421938658,61.311442247748346,2082.5500285509024,0.9214823135180984,25508.087833455298,25571.288284183553,-5.310539814949344,-3.210570035871554,1.877130767783905,-1.5471286050156863,1.480642183560948,3.236881313411798,-1.777122687779336,-1.2499972273977948,False,False,6.523571271720369e-05,fit:association,-107.5,-77.5,,,
N25,scan-fw-0ceb1f5dcf51e9b7,2026-10-01T04:54:31.951764-07:00,165819,sigma2_60,fitted-c,True,3.938927024931032,3.938927024931032,0,99.65711609720078,0.3556044731943312,True,37.83261540095698,-122.52548702214199,62.026194532511,2148.508631593712,0.9506675361034124,24637.097971440104,24701.01317445312,-4.598654804612234,-2.634491852922281,2.5890157781210146,-0.9710504220664133,2.1925271938980573,3.9487663237489077,-1.201044504830063,-0.6739190444485218,False,False,0.00016788167669632044,fit:association,-107.5,-77.5,,,
N25,scan-fw-0ceb1f5dcf51e9b7,2026-10-01T04:54:31.951764-07:00,165819,sigma1_30,zero-c,True,4.598048943703297,4.598048943703297,0,141.81953963051575,2.3255634470273705,True,37.83725709498818,-122.53594155704786,186.72478286743717,2092.780072073063,0.9260088814482579,25506.841812314895,25695.623173866894,-4.736942718752574,-2.3878764211009247,1.8653022450327246,-1.617831292680717,1.4337101275112811,3.2215926049535266,-1.8972333950381242,-1.341338272001108,False,False,0.0002036847767330624,fit:association,-107.5,-77.5,,,
N25,scan-fw-0ceb1f5dcf51e9b7,2026-10-01T04:54:31.951764-07:00,165819,sigma1_30,fitted-c,True,4.000086709255464,4.000086709255464,0,99.40865334182753,4.000086709255464,True,37.83325802260372,-122.52667974896914,186.54613923903162,2156.5064290480304,0.9542063845345268,24656.233420690973,24844.836138614566,-3.9512658002302077,-1.7428258650806365,2.650979163555091,-0.9727807366604289,2.2193870460336473,4.007269523475893,-1.252182839017836,-0.6962877159808198,False,False,0.0002588905903730815,fit:association,-107.5,-77.5,,,
N26,scan-fw-c73658cb354ade8c,2026-10-01T05:39:43.069996-07:00,165820,sigma2_60,zero-c,True,3.01547428292143,3.01547428292143,0,160.00806294083398,2.8420933056651547,True,37.839898471972205,-122.45343072247411,3.005552110807912,2984.1027921807317,0.886806178954155,38569.068940705845,38582.33907218503,0.4068106315574197,1.3751414680439586,0.4923043061138603,1.3624204277944045,-0.35440156470700485,1.680286373575311,0.609653981369634,2.3352927572602464,False,False,0.0002827360392419467,fit:association,-82.5,-82.5,,,
N26,scan-fw-c73658cb354ade8c,2026-10-01T05:39:43.069996-07:00,165820,sigma2_60,fitted-c,True,1.4787755020223858,1.4787755020223858,0,92.53784166947857,1.03454068448889,True,37.84696349258966,-122.46912299956901,2.8165016890197876,3234.1343211648823,0.9611097536894152,36074.94231540958,36088.023396466975,-0.704674249600783,-0.6350571755339428,-0.6191805750443424,-0.6477782157834969,-1.4658864458652077,0.5688014924171083,-1.4005446622082673,0.3250941136823451,False,False,3.4372683562974306e-06,fit:association,-82.5,-82.5,,,
N26,scan-fw-c73658cb354ade8c,2026-10-01T05:39:43.069996-07:00,165820,sigma1_30,zero-c,True,3.051323396236624,3.051323396236624,0,160.22061590820795,1.9003911186731093,True,37.83972595006581,-122.45307550842588,12.033088755058998,2984.2744445785893,0.8868571900679314,38573.642705227656,38596.99193207639,0.09975443078424896,1.071870810409921,0.5106392392676322,1.3992756076531148,-0.3942886483714739,1.7168985653158524,0.7138200703852691,2.378295839161906,False,False,4.3095724588347595e-05,fit:association,-82.5,-82.5,,,
N26,scan-fw-c73658cb354ade8c,2026-10-01T05:39:43.069996-07:00,165820,sigma1_30,fitted-c,True,1.5400197333397703,1.5400197333397703,0,93.04339813060243,0.9388645526808921,True,37.846768340956096,-122.46845665433491,11.296017601322092,3234.11649404767,0.9611044558834086,36083.979521753725,36106.59167744872,-1.045011753352273,-0.9647252633294897,-0.6341269448688898,-0.6373204660862959,-1.539054832507996,0.5721323811793304,-1.3227760033541416,0.341699765422495,False,False,0.0001706949397186821,fit:association,-82.5,-82.5,,,
N27,scan-fw-31c314f278dc5030,2026-10-01T07:25:12.402158-07:00,165820,sigma2_60,zero-c,True,2.053415386030384,2.053415386030384,0,161.84160553954564,1.3721409478933537,True,37.835673574640616,-122.50186855931202,2.594443315414537,2815.1931645932823,0.8750989010237122,37453.21206543771,37470.81785651548,2.0340222431367385,0.6573364132106443,-1.2407378536434552,-0.8138640407942002,-3.016440455608201,0.7672035405031381,-2.105751184650809,0.45977880909572555,False,False,9.084263210834553e-06,fit:association,-87.5,-87.5,,,
N27,scan-fw-31c314f278dc5030,2026-10-01T07:25:12.402158-07:00,165820,sigma2_60,fitted-c,True,1.201117247657638,1.201117247657638,0,83.5653912386537,0.48450054451754054,True,37.83829226708059,-122.4868994165674,2.4106902189087123,3072.877777095848,0.955199806371106,34839.567597184505,34856.98963516577,-0.7475097567969865,-0.7779393966442489,-4.02226985357718,-2.2491398506490934,-5.797972455541926,-2.014328459430587,-3.5410269945057022,-0.9754970007591677,False,False,9.392040125992773e-05,fit:association,-87.5,-87.5,,,
N27,scan-fw-31c314f278dc5030,2026-10-01T07:25:12.402158-07:00,165820,sigma1_30,zero-c,True,1.5905061617566452,1.5905061617566452,0,162.2489177757543,1.5905061617566452,True,37.84570425931379,-122.50336456094782,9.651558267963992,2813.8123841947463,0.8746696873468282,37466.144906160705,37478.36923386286,3.473203800960418,2.1898482882619406,-1.3352741448309082,-0.9205180440059517,-1.6958705941862413,-0.5581314911290548,-1.4301334165158321,-0.46347255110653796,False,False,0.00036298554505029626,fit:association,-87.5,-77.5,,,
N27,scan-fw-31c314f278dc5030,2026-10-01T07:25:12.402158-07:00,165820,sigma1_30,fitted-c,True,0.43309625040421834,0.43309625040421834,0,85.71379216926495,0.14544868829595015,True,37.84532455840988,-122.48716773609068,9.054582148040936,3072.6506593388385,0.9551292071305062,34874.80100517141,34886.42835675364,0.8335526075926327,0.8809444982472575,-3.9749253381986933,-2.2294218340206347,-4.335521787554026,-3.1977826844968398,-2.739037206530515,-1.772376341121221,False,False,9.610099050723526e-05,fit:association,-87.5,-77.5,,,
N28,scan-fw-e783b43f7118a8cf,2026-10-01T08:40:43.586548-07:00,165821,sigma2_60,zero-c,True,2.797440581412876,2.797440581412876,0,152.13641048442514,2.797440581412876,True,37.8316573634843,-122.46274504306662,25.187683938645932,2260.637485235546,0.8235473534555724,32517.22597052037,32554.423758556408,-3.420742179231804,2.0721590936513623,-1.6520329197566186,2.999267330781009,-3.230485980401311,-0.37698471788399357,2.2656149459269224,4.6341216587147676,False,False,5.88161049873297e-05,fit:association,-87.5,-82.5,,,
N28,scan-fw-e783b43f7118a8cf,2026-10-01T08:40:43.586548-07:00,165821,sigma2_60,fitted-c,True,1.9282303138223607,1.9282303138223607,0,119.29429449545326,0.8457179642898017,True,37.83842532785552,-122.46840615605308,25.286696289436804,2349.3741148301915,0.8558739944736581,31613.700209430943,31650.997009817773,-0.28187654136431367,1.2084750755325389,1.4868327181108716,2.1355833126621855,-0.09162034253382068,2.7618809199834966,1.401930927808099,3.770437640595944,False,False,9.59840223403325e-06,fit:association,-87.5,-82.5,,,
N28,scan-fw-e783b43f7118a8cf,2026-10-01T08:40:43.586548-07:00,165821,sigma1_30,zero-c,True,2.807386284146395,2.807386284146395,0,152.26108564771764,0.48944253054100384,True,37.83205027323582,-122.46212524274485,100.55066043543411,2262.774523859667,0.8243258739015181,32510.678757032576,32622.052866243655,-3.638580844104917,1.4577633070250273,-2.321111861067413,2.7892898524746075,-3.674820112414797,-1.2159939566569002,1.906982703132483,4.411762813489574,False,False,0.00026983350516103163,fit:association,-85.0,-85.0,,,
N28,scan-fw-e783b43f7118a8cf,2026-10-01T08:40:43.586548-07:00,165821,sigma1_30,fitted-c,True,2.022222892451169,2.022222892451169,0,121.21587053071717,1.1625690731444582,True,37.83791545594334,-122.46755235596929,100.95265273399127,2354.953732613827,0.8579066421179697,31620.27417812407,31732.050279633706,-0.3291117417930254,0.83981983112425,0.9883572412444785,2.1713463765738306,-0.3653510101029056,2.0934751456549914,1.2890392272317062,3.793819337588797,False,False,6.624301492848522e-05,fit:association,-85.0,-85.0,,,
N29,scan-fw-3bf35cdd73bf9970,2026-10-01T09:10:51.574146-07:00,165821,sigma2_60,zero-c,True,5.403427587471735,5.403427587471735,0,146.66483503930914,2.9653996243594363,True,37.8119464270707,-122.44603397146997,82.52543478419102,2941.733565814573,0.8124091592970376,42984.31458396089,43074.46827969482,-2.6444807131423858,-3.631257905422763,-4.7996001073972145,-2.4457573450983174,-5.689941026115061,-3.7595153251095494,-3.3956626460920623,-1.7264928119771734,False,False,3.042877993932264e-05,fit:association,-87.5,-92.5,,,
N29,scan-fw-3bf35cdd73bf9970,2026-10-01T09:10:51.574146-07:00,165821,sigma2_60,fitted-c,True,5.621252347831085,5.621252347831085,0,126.28353619669272,3.8000685805140653,True,37.82889528797816,-122.4270532766022,103.13497357248707,3108.4755292540863,0.8584577545578808,41932.68517364112,42043.69106209801,-1.8613876147186048,-1.5643605342762157,-8.087536440270698,-5.818222113061994,-9.141142771138265,-6.059667936968971,-6.203872297833391,-5.408558078819046,False,False,0.00011822294194752201,fit:association,-77.5,-72.5,,,
N29,scan-fw-3bf35cdd73bf9970,2026-10-01T09:10:51.574146-07:00,165821,sigma1_30,zero-c,True,5.074118036067711,5.074118036067711,0,148.35411441555107,4.908236031326511,True,37.82206034186203,-122.43917116468502,268.47110379263177,2957.866761204737,0.8168646123183477,42892.83131963671,43168.70266462911,2.191932232538491,2.76888096998489,-6.419136071262635,-4.414420165522432,-6.877867529926028,-4.0831629078062335,-5.471749948746489,-3.52031547555243,False,False,0.00030134268770149234,fit:association,-80.0,-80.0,,,
N29,scan-fw-3bf35cdd73bf9970,2026-10-01T09:10:51.574146-07:00,165821,sigma1_30,fitted-c,True,4.920880961065776,4.920880961065776,0,128.0694978250794,2.7684074631692286,True,37.82154070349682,-122.4418684324234,264.05151435710286,3114.4662633485304,0.8601121964508507,41832.35391035915,42103.80566591602,1.2274317833894686,2.0859529335925604,-7.383636520411658,-5.097348201914762,-7.842367979075051,-5.0476633569552565,-6.154677985138819,-4.203243511944759,False,False,0.00029432182496137715,fit:association,-80.0,-80.0,,,
N30,scan-fw-2e7b33a6720d4772,2026-10-01T09:56:08.634041-07:00,165821,sigma2_60,zero-c,True,2.9981349467438703,2.9981349467438703,1,129.92205342317163,2.9981349467438703,True,37.84236638676574,-122.45267796204905,315.91658161298983,3016.159454901207,0.8657174095583258,41196.22198074203,41519.37396087662,1.1866138723853945,0.2063902010366745,-18.544197690717862,-17.236999252826816,-20.090984612593363,-17.697232850756983,-18.75801445515131,-16.544517438974914,False,False,0.00036322609214012314,fit:association,-75.0,-75.0,,,
N30,scan-fw-2e7b33a6720d4772,2026-10-01T09:56:08.634041-07:00,165821,sigma2_60,fitted-c,True,1.7814003899620017,1.7814003899620017,1,128.345566140106,1.7814003899620017,True,37.847236105332456,-122.4655979058876,316.43487772144726,3025.7587585308256,0.8684726631833598,41115.14626946734,41438.81654571038,2.505108632855327,1.137954915565704,-17.225702930247927,-16.30543453829779,-18.772489852123428,-16.378738090287047,-17.826449740622284,-15.612952724445888,False,False,0.0003673159228225753,fit:association,-75.0,-75.0,,,
N30,scan-fw-2e7b33a6720d4772,2026-10-01T09:56:08.634041-07:00,165821,sigma1_30,zero-c,True,4.3899541627065215,4.3899541627065215,0,140.06924144857365,0.46866449350973044,True,37.81784939700317,-122.4551365867061,512.5277111509495,2916.5684483616315,0.8371321608385853,41375.82207831833,41899.43509198991,-2.025166717961825,-2.630794227819213,-9.793222418193649,-9.423233843295748,-11.122736746295857,-8.221344834624672,-10.39766982769438,-8.729389974416117,False,False,0.0001342573855836332,fit:association,-85.0,-85.0,,,
N30,scan-fw-2e7b33a6720d4772,2026-10-01T09:56:08.634041-07:00,165821,sigma1_30,fitted-c,True,3.8663334054663743,3.8663334054663743,0,134.6953539809102,0.1070222843091717,True,37.82733474097454,-122.45137547303777,509.84878790159564,2952.1884534583223,0.8473560428984852,41120.039792907904,41640.97388333013,-0.742552826915791,-0.8897300577922704,-8.510608527147616,-7.682169673268806,-9.840122855249824,-6.938730943578639,-8.656605657667438,-6.9883258043891745,False,False,7.195155188965811e-05,fit:association,-85.0,-85.0,,,
N31,scan-fw-d5bc436bb78f9698,2026-10-01T10:41:20.782652-07:00,165821,sigma2_60,zero-c,True,0.5467863914774833,0.5467863914774833,0,122.33739377742553,0.5467863914774833,True,37.84941602503447,-122.47954414424878,73.46135507847066,2566.8668568206344,0.8636833300204019,34415.69471092196,34496.42714168042,1.9475572836130413,2.0857973984721068,-1.9975667715167957,-2.87026711446784,-4.030061899350754,-1.0383052763279912,-3.551284622255,-1.9364753555032062,False,False,0.0002609293556940116,fit:association,-87.5,-82.5,,,
N31,scan-fw-d5bc436bb78f9698,2026-10-01T10:41:20.782652-07:00,165821,sigma2_60,fitted-c,True,0.4906147750028727,0.4906147750028727,0,121.50664037847126,0.4862462463495358,True,37.84979539085241,-122.48024614745204,73.47416353875451,2575.7366987378723,0.8666677990369691,34371.11659138227,34451.86183060101,1.6542748998934262,2.0193085397932173,-2.290849155236411,-2.9367559731467296,-4.323344283070369,-1.3315876600476064,-3.6177734809338893,-2.0029642141820956,False,False,0.0002834923961595459,fit:association,-87.5,-82.5,,,
N31,scan-fw-d5bc436bb78f9698,2026-10-01T10:41:20.782652-07:00,165821,sigma1_30,zero-c,True,0.5831550964935429,0.5831550964935429,0,122.26303730013572,0.39857164702100933,True,37.84951155961383,-122.4791383175663,293.75022837674624,2568.5106619128183,0.8642364272923345,34407.92325640261,34710.246141802345,2.0051605381436466,2.0299542172603005,-2.0559030603337187,-2.976153586767368,-4.213670199846417,-1.1186327489931314,-3.540904034300573,-1.9405358031087871,False,False,5.0792493951076463e-05,fit:association,-87.5,-82.5,,,
N31,scan-fw-d5bc436bb78f9698,2026-10-01T10:41:20.782652-07:00,165821,sigma1_30,fitted-c,True,0.5324520239973847,0.5324520239973847,0,121.36576507504819,0.1447409789480016,True,37.85000881219893,-122.47981188117286,293.7736904152116,2578.364281258114,0.8675519115942509,34360.37758720897,34662.72393464717,1.6108966468316908,1.8705848573228363,-2.4501669516456746,-3.1355229467048322,-4.6079340911583735,-1.5128966403050872,-3.700273394238037,-2.0999051630462513,False,False,0.00012485202304579157,fit:association,-87.5,-82.5,,,
N32,scan-fw-2e91ef74160c0f50,2026-10-01T11:26:33.539443-07:00,165822,sigma2_60,zero-c,True,1.2401998310608933,1.2401998310608933,0,122.25555164736745,0.24990472836133074,True,37.838313017927405,-122.48196015893136,31.795004460436758,3033.423784217935,0.907395687770845,38054.61834526283,38102.7019935057,3.025469984456668,2.398153569769112,-1.7521699799608093,-2.047202839318485,-3.1943737560194876,-0.3187286427927438,-3.639809926023383,-0.39376167038697796,False,False,2.4731610331008014e-05,fit:association,-85.0,-85.0,,,
N32,scan-fw-2e91ef74160c0f50,2026-10-01T11:26:33.539443-07:00,165822,sigma2_60,fitted-c,True,1.1854809141436136,1.1854809141436136,0,122.40498910444639,1.1854809141409022,True,37.83890407827185,-122.48163290705405,31.777627003648377,3036.461367116844,0.9083043275850565,38045.49338227474,38093.55965306082,3.043385620037092,2.4241704325053655,-1.734254344380385,-2.0211859765822315,-3.1764581204390634,-0.3008130072123196,-3.6137930632871296,-0.3677448076507246,False,False,5.815029456086862e-05,fit:association,-85.0,-85.0,,,
N32,scan-fw-2e91ef74160c0f50,2026-10-01T11:26:33.539443-07:00,165822,sigma1_30,zero-c,True,1.1297379111184083,1.1297379111184083,0,122.85753186053762,1.129737911115253,True,37.83903165979558,-122.4836618787903,126.9728628054072,3029.5940786658803,0.9062500983146516,38085.601702251675,38224.238752294026,0.03011720413529403,0.1464075768430135,-1.4704670574211665,-1.978714906876524,-3.186718895644771,-0.19093340762379718,-2.890325191805883,-0.5875704777697919,False,False,3.30392878255826e-05,fit:association,-87.5,-82.5,,,
N32,scan-fw-2e91ef74160c0f50,2026-10-01T11:26:33.539443-07:00,165822,sigma1_30,fitted-c,True,1.103026120189031,1.103026120189031,0,123.03738553633819,1.1030261201563922,True,37.83931722426064,-122.48336827621708,126.93254091073322,3032.3774517728643,0.9070826957142879,38079.89215758312,38218.488885730796,0.017997709313733727,0.15471965813746627,-1.4825865522427266,-1.9704028255820711,-3.1988383904663316,-0.20305290244535734,-2.88201311051143,-0.579258396475339,False,False,0.00032931338056544615,fit:association,-87.5,-82.5,,,
N33,scan-fw-ab44ec90d868d8c7,2026-10-01T11:56:42.309042-07:00,165822,sigma2_60,zero-c,True,2.4074334922194165,2.4074334922194165,0,113.0377500699475,0.6431246124177059,True,37.85455487103566,-122.51227547682657,11.684791121140734,2833.8596138442713,0.9538403277833293,32755.539158217958,32781.99453577974,0.22111591207556655,-0.777594492232818,3.4386118137416064,2.0954486033079336,2.2875233338355043,4.390669586613125,1.0276865332388885,4.156531766928671,False,False,1.528616536975553e-05,fit:association,-87.5,-77.5,,,
N33,scan-fw-ab44ec90d868d8c7,2026-10-01T11:56:42.309042-07:00,165822,sigma2_60,fitted-c,True,2.487035906339283,2.487035906339283,0,111.75383871635054,2.487035906339283,True,37.85442574791962,-122.51325274946186,11.67856561834924,2834.740032084062,0.9541366651242215,32730.03107200453,32756.480224063525,0.21188082455552718,-0.7155870580195948,3.4293767262215673,2.157456037521157,2.278288246315465,4.381434499093086,1.089693967452112,4.218539201141894,False,False,4.06858942284073e-05,fit:association,-87.5,-77.5,,,
N33,scan-fw-ab44ec90d868d8c7,2026-10-01T11:56:42.309042-07:00,165822,sigma1_30,zero-c,True,2.5176407936880727,2.5176407936880727,0,112.06897422053018,2.033315243179899,True,37.85326172212912,-122.51393050713095,46.500034876182326,2834.01657741893,0.9538931596832481,32734.67009070763,32786.63363039386,-0.19265871146625532,-1.1534816405269483,3.3023503705692625,2.0428878451138877,2.075521275926688,4.0554038232117335,1.7401486439923075,2.878145979486927,False,False,0.00011486480308477154,fit:association,-87.5,-77.5,,,
N33,scan-fw-ab44ec90d868d8c7,2026-10-01T11:56:42.309042-07:00,165822,sigma1_30,fitted-c,True,2.6022898720688796,2.6022898720688796,0,110.98915138964557,2.6022898720512817,True,37.85313907024002,-122.51493904176152,46.478669395382894,2835.68631435319,0.9544551714416661,32709.72683819744,32761.66901240287,-0.1925752133815114,-1.08583728302034,3.3024338686540067,2.1105322026204956,2.075604774011432,4.055487321296478,1.8077930014989154,2.945790336993535,False,False,0.00013218024514906465,fit:association,-87.5,-77.5,,,
N34,scan-fw-a1c15665e0e23e22,2026-10-01T12:41:57.290684-07:00,165822,sigma2_60,zero-c,True,5.335021724123001,5.335021724123001,0,106.28197528495099,1.0254110411250281,True,37.8665016430634,-122.4291458110563,37.2597320114146,2923.1091978134455,0.9475232407823162,33886.245454207776,33948.23069190669,0.6298353552270892,0.8973060319735519,-9.185406005130591,-9.377168829125408,-11.328793372324947,-6.960654688752701,-10.399384148326378,-7.887627305274449,False,False,0.0001630887747688188,fit:association,-80.0,-80.0,,,
N34,scan-fw-a1c15665e0e23e22,2026-10-01T12:41:57.290684-07:00,165822,sigma2_60,fitted-c,True,5.297618244531799,5.297618244531799,0,105.48937539824452,1.1325661146520531,True,37.86661018890769,-122.42965765699688,37.27190793317277,2923.6049458643984,0.9476839370711178,33870.16396189798,33932.161375518655,0.6803129257578295,0.9400351772220104,-9.13492843459985,-9.334439683876948,-11.278315801794205,-6.910177118221959,-10.356655003077918,-7.8448981600259895,False,False,0.00026612403974622667,fit:association,-80.0,-80.0,,,
N34,scan-fw-a1c15665e0e23e22,2026-10-01T12:41:57.290684-07:00,165822,sigma1_30,zero-c,True,4.1169542159061345,4.1169542159061345,0,104.27734991273852,1.6831205981272208,True,37.86421512156018,-122.44297204003625,6.0724240511481185,2941.5172572073357,0.9534901968257166,33867.444089406206,33887.97537247945,4.537482663691758,3.4206343926446108,-8.519513385177348,-8.710568604465362,-9.741834156210782,-6.616508741683857,-9.643474931181037,-7.5259710056284215,False,False,0.0003021495487970287,fit:association,-82.5,-82.5,,,
N34,scan-fw-a1c15665e0e23e22,2026-10-01T12:41:57.290684-07:00,165822,sigma1_30,fitted-c,True,4.060253836861645,4.060253836861645,0,103.95038618031965,1.9613686149080365,True,37.8640098531471,-122.44356331447273,6.037511024536798,2942.2057719800114,0.9537133782755304,33858.30573325975,33878.802103306385,4.610734530939963,3.4983484223205297,-8.446261517929143,-8.632854574789441,-9.668582288962577,-6.543256874435652,-9.565760901505117,-7.448256975952501,False,False,0.00021679669915897898,fit:association,-82.5,-82.5,,,
N35,scan-fw-b1f8d57dd67c27bb,2026-10-01T13:27:12.061503-07:00,165822,sigma2_60,zero-c,True,1.585798081312356,1.585798081312356,0,103.59499959595217,1.0061634414315355,True,37.84640143231182,-122.50349974818857,4.512985785582714,2406.2652653117034,0.9548671687744855,27738.100825606853,27753.90928032295,-6.901582276383034,-4.231750417216768,5.744913253528128,0.2497863946558363,4.405861283422864,6.644509827261421,-1.0932643199632184,1.359760682992407,False,False,0.00014531569200612647,fit:association,-97.5,-77.5,,,
N35,scan-fw-b1f8d57dd67c27bb,2026-10-01T13:27:12.061503-07:00,165822,sigma2_60,fitted-c,True,1.584241223904826,1.584241223904826,0,103.59483378817922,1.005884750469426,True,37.84639629839969,-122.50348046653683,4.513017509972997,2406.265346540986,0.9548672010083277,27738.096981640338,27753.905468080826,-6.900287339528518,-4.229826195194733,5.746208190382644,0.25171061667787065,4.40715622027738,6.645804764115938,-1.091340097941184,1.3616849050144413,False,False,0.00017318611266829622,fit:association,-97.5,-77.5,,,
N35,scan-fw-b1f8d57dd67c27bb,2026-10-01T13:27:12.061503-07:00,165822,sigma1_30,zero-c,True,1.3928972635672725,1.3928972635672725,0,103.0240762485976,0.3994971696944438,True,37.84419639418508,-122.50037575855143,18.046055344508204,2407.871851447374,0.9555047029553071,27724.67950975489,27752.41111485721,-1.4028992414873518,-0.7337669962821517,5.5789562943230155,0.11829762858307091,4.352480421339,7.03312791141018,-0.9988297019081652,0.6839413043136574,False,False,6.803480783030072e-05,fit:association,-92.5,-82.5,,,
N35,scan-fw-b1f8d57dd67c27bb,2026-10-01T13:27:12.061503-07:00,165822,sigma1_30,fitted-c,True,1.3984906898972764,1.3984906898972764,0,103.021179015334,0.8966032391440686,True,37.84420422350587,-122.500449000561,18.045003157898464,2407.887500392081,0.9555109128540005,27724.577042700483,27752.307595616192,-1.4124259183084742,-0.7451576414484011,5.569429617501893,0.10690698341682148,4.342953744517877,7.023601234589057,-1.0102203470744147,0.672550659147408,False,False,8.252455062252246e-06,fit:association,-92.5,-82.5,,,
N36,scan-fw-39bd7649435b1ecc,2026-10-01T13:57:38.898009-07:00,165822,sigma2_60,zero-c,True,2.811166780972337,2.811166780972337,0,104.84354122510642,2.811166780972337,True,37.83389090672705,-122.46014083158575,3.915744313664618,1547.2823489428902,0.9011545421915493,18644.262599388017,18651.30068437177,0.5841678720994005,0.7677744626664316,3.3114880988509414,3.205997662501279,2.625244293726673,3.8176273048006686,2.7442816267748436,3.844579546404576,False,False,4.272538356455552e-05,fit:association,-80.0,-80.0,,,
N36,scan-fw-39bd7649435b1ecc,2026-10-01T13:57:38.898009-07:00,165822,sigma2_60,fitted-c,True,2.609282588511499,2.609282588511499,0,98.4932632508486,0.6177883924567625,True,37.83410063803345,-122.46285738619531,3.892354208146571,1548.0846800652387,0.9016218288091081,18577.788587482053,18584.803282360288,0.4367862840566118,0.6646711866935031,3.1641065108081525,3.1028943865283507,2.4778627056838842,3.6702457167578797,2.641178350801915,3.7414762704316473,False,False,0.00013597788906285157,fit:association,-80.0,-80.0,,,
N36,scan-fw-39bd7649435b1ecc,2026-10-01T13:57:38.898009-07:00,165822,sigma1_30,zero-c,True,2.8075181291097686,2.8075181291097686,0,103.54876918289844,2.717809900363949,True,37.83420483823443,-122.45989886284718,15.601148088058835,1548.009832657167,0.9015782368416814,18628.13720817026,18647.67293216815,0.36834503481832626,0.48869029786582235,3.332752855672306,3.1996840401953577,2.4808708987507493,4.17764007760629,2.719181915455763,3.9229104007124738,False,False,8.996968400368927e-05,fit:association,-80.0,-80.0,,,
N36,scan-fw-39bd7649435b1ecc,2026-10-01T13:57:38.898009-07:00,165822,sigma1_30,fitted-c,True,2.6095021240722804,2.6095021240722804,0,97.00295822787233,2.609502124018581,True,37.83440101002986,-122.4625447994129,15.504155426278885,1548.7291233753895,0.901997159799295,18561.10496690492,18580.54369824103,0.22000728017725912,0.3839044887464708,3.184415101031239,3.094898231076006,2.332533144109682,4.029302322965222,2.6143961063364114,3.818124591593122,False,False,0.00026615197918318165,fit:association,-80.0,-80.0,,,
N37,scan-fw-f22f374a0068275c,2026-10-01T14:42:56.975869-07:00,165823,sigma2_60,zero-c,True,0.49257745697452415,0.49257745697452415,0,108.19608179501965,0.49257745697452415,True,37.84772587155469,-122.49110589883016,34.93272960793183,2761.456819506704,0.9492804467193895,32628.296924053055,32666.90446216895,0.21514462503213308,0.3986529697741302,-5.087849603925442,-4.395194946790275,-5.712347426449399,-4.4840386785156685,-4.948010395777752,-3.6491986881713903,False,False,6.701471467455283e-05,fit:association,-87.5,-82.5,,,
N37,scan-fw-f22f374a0068275c,2026-10-01T14:42:56.975869-07:00,165823,sigma2_60,fitted-c,True,0.5943622298680937,0.5943622298680937,0,108.14362835231009,0.5943622298680937,True,37.847424257827136,-122.49220085635281,34.94233981506477,2762.1488318952765,0.9495183334119205,32625.55771728811,32664.174865611138,0.22252065104791238,0.38531084632638146,-5.080473577909663,-4.408537070238024,-5.704971400433619,-4.476662652499889,-4.9613525192255015,-3.66254081161914,False,False,2.0410976580197138e-05,fit:association,-87.5,-82.5,,,
N37,scan-fw-f22f374a0068275c,2026-10-01T14:42:56.975869-07:00,165823,sigma1_30,zero-c,True,1.248975950198993,1.248975950198993,0,111.05157722567387,0.6100861890274605,True,37.84035672963241,-122.47675743228902,81.05256973503128,2750.2078212988986,0.9454134827428321,32720.798588501406,32810.50762036942,-0.20738046391616108,-0.6756806076243798,-4.051052307364965,-3.930078415251927,-5.010311879211159,-2.163706390857174,-4.594214288930663,-3.11197939568378,False,False,0.00013069814691839396,fit:association,-80.0,-80.0,,,
N37,scan-fw-f22f374a0068275c,2026-10-01T14:42:56.975869-07:00,165823,sigma1_30,fitted-c,True,1.2277700765594124,1.2277700765594124,0,110.93136368611046,1.1045486079543128,True,37.840636836343705,-122.47670877195826,80.9982235926509,2750.118934688068,0.9453829270154925,32719.444804806553,32809.099490532186,-0.21052200405114718,-0.6614698362965754,-4.054193847499951,-3.915867643924123,-5.013453419346145,-2.16684793099216,-4.580003517602859,-3.0977686243559757,False,False,0.00023412475236005148,fit:own-continuation,-80.0,-80.0,,,
N38,scan-fw-abbc223e91b1b189,2026-10-01T15:58:29.900026-07:00,165823,sigma2_60,zero-c,True,0.9202129676780855,0.9202129676780855,0,116.2714362053045,0.9202129676673345,True,37.841989542537036,-122.48030106486931,50.14032919288002,3144.1997696657045,0.9527878089896075,36868.074788231854,36946.17593620892,-2.0487317077625447,-0.9311763508195311,-28.231927087434894,-12.533262695875544,-30.01404110919457,-24.548200777450734,-14.179106333082759,-11.636108023061562,False,False,0.0002163098776679362,fit:association,-102.5,-77.5,,,
N38,scan-fw-abbc223e91b1b189,2026-10-01T15:58:29.900026-07:00,165823,sigma2_60,fitted-c,True,1.1555690691772593,1.1555690691772593,0,101.47818495318137,1.1555690691752825,True,37.83971892977494,-122.47997769790015,49.65222680446459,3162.2888677843257,0.9582693538740381,36512.90081936089,36590.51386494954,-2.734775142770145,-1.5356051723129798,-28.917970522442495,-13.137691517368994,-30.70008454420217,-25.234244212458336,-14.783535154576208,-12.240536844555011,False,False,0.00021216924138138527,fit:own-continuation,-102.5,-77.5,,,
N38,scan-fw-abbc223e91b1b189,2026-10-01T15:58:29.900026-07:00,165823,sigma1_30,zero-c,True,0.7012297091300908,0.7012297091300908,0,115.62116707207484,0.7012297091211298,True,37.843731734313124,-122.48147564429951,9.804979551074211,3148.2234336900683,0.9540071011182025,36664.41647459878,36709.88211714941,0.14291415307752162,0.9100138816825399,-28.48670307438798,-12.793198017215728,-30.739612713431384,-24.6321205613698,-14.259078375434177,-11.92283636438793,False,False,9.22846403775653e-05,fit:association,-92.5,-82.5,,,
N38,scan-fw-abbc223e91b1b189,2026-10-01T15:58:29.900026-07:00,165823,sigma1_30,fitted-c,True,0.6398248258254402,0.6398248258254402,0,99.22268761412579,0.6398248258254402,True,37.8433107360712,-122.48615152122707,9.75325419157889,3163.8913223700047,0.9587549461727287,36290.61243785165,36336.026355042784,-0.43517302030003074,0.4153512388899734,-29.064790247765533,-13.287860660008294,-31.31769988680894,-25.210207734747353,-14.753741018226743,-12.417499007180496,False,False,7.70047719861576e-05,fit:association,-92.5,-82.5,,,
N39,scan-fw-1832a131fb4b2d0a,2026-10-01T16:43:41.207582-07:00,165823,sigma2_60,zero-c,True,2.177658676266899,2.177658676266899,1,129.5819634863337,1.4376293159938673,True,37.8488914307357,-122.46095415084872,12.400635031357524,2800.1326119628657,0.9223098194871099,34369.3893217219,34390.43748273719,3.756206748282652,2.637436173589758,1.0702829505253062,1.5697637076963638,-0.22159618281089277,2.1246894695271132,0.6437417301303017,2.3500955134923016,False,False,9.037761106745227e-05,fit:association,-90.0,-90.0,,,
N39,scan-fw-1832a131fb4b2d0a,2026-10-01T16:43:41.207582-07:00,165823,sigma2_60,fitted-c,True,1.5019050115073103,1.5019050115073103,1,84.0609321189923,1.140125767016116,True,37.842808449738364,-122.47059013710911,13.135697987614549,2910.471308679306,0.9586532637283616,33166.04549690854,33187.82872088008,2.770479856723336,1.8635900270698462,0.08455605896599039,0.7959175611764522,-1.2073230743702086,1.1389625779677977,-0.1301044163896099,1.5762493669723898,False,False,2.7880113223605063e-05,fit:association,-90.0,-90.0,,,
N39,scan-fw-1832a131fb4b2d0a,2026-10-01T16:43:41.207582-07:00,165823,sigma1_30,zero-c,True,1.1581377185543802,1.1581377185543802,0,133.95628678714883,1.1581377185543802,True,37.841379370804354,-122.4768412904269,53.38280956532253,2757.263457833828,0.9081895447410501,34596.064522832145,34657.22327430625,4.277287722402411,3.287307375204836,0.32444670057956904,0.9067623587291744,-0.9412730726783027,1.2236031876872995,0.008947725854580368,2.015594025154935,False,False,6.700274495428579e-05,fit:association,-92.5,-92.5,,,
N39,scan-fw-1832a131fb4b2d0a,2026-10-01T16:43:41.207582-07:00,165823,sigma1_30,fitted-c,True,1.3388759185025936,1.3388759185025936,0,87.53764331866576,0.9943265117585681,True,37.84042353443278,-122.47512545545337,54.320984829668305,2873.4049161477296,0.9464443070315315,33310.59533793946,33372.69226467791,3.849688322945252,3.067664236127387,-0.10315269887759015,0.6871192196517257,-1.368872472135462,0.7960037882301403,-0.21069541322286833,1.7959508860774864,False,False,0.00042130317855682,fit:own-continuation,-92.5,-92.5,,,
N40,scan-fw-330423355878608e,2026-10-01T17:28:51.960552-07:00,165824,sigma2_60,zero-c,True,0.5095520536463606,0.5095520536463606,0,138.80488351180065,0.5095520536068379,True,37.852924339315194,-122.48264306900433,15.940677678008797,2358.054457902193,0.9086915059353345,29537.382241440562,29559.437562678875,1.2515486960016722,1.0326624545990781,1.4943707636303454,0.9981564136229023,0.7423560093460811,3.1139070581738943,0.4937103603924733,1.9075646568130122,False,False,0.00046543079481908833,fit:association,-82.5,-82.5,,,
N40,scan-fw-330423355878608e,2026-10-01T17:28:51.960552-07:00,165824,sigma2_60,fitted-c,True,1.3413773518443954,1.3413773518443954,0,100.31969271242883,1.0055503238769763,True,37.84991382830986,-122.47051632812813,15.784432620443113,2444.3165084127604,0.9419331438970175,28570.200649664883,28592.09972584563,1.5733772861682607,1.222366673821997,1.8161993537969339,1.187860632845821,1.0641845995126697,3.435735648340483,0.683414579615392,2.097268876035931,False,False,0.0002967795486241605,fit:association,-82.5,-82.5,,,
N40,scan-fw-330423355878608e,2026-10-01T17:28:51.960552-07:00,165824,sigma1_30,zero-c,True,0.533247133337652,0.533247133337652,0,138.82864030413648,0.533247133337652,True,37.85297232275067,-122.48224923380751,63.3372403114663,2358.0850210149165,0.9087032836280988,29537.740458104665,29607.26501557813,1.304970533954807,1.104987299668228,1.4884681981676438,0.9981461006928339,0.7047995701660492,3.04304897221163,0.4234566150611109,1.9471209991413034,False,False,0.0005308816761116775,fit:association,-82.5,-82.5,,,
N40,scan-fw-330423355878608e,2026-10-01T17:28:51.960552-07:00,165824,sigma1_30,fitted-c,True,1.3728093578456062,1.3728093578456062,0,100.37227917299684,0.8611211388945618,True,37.84996966966822,-122.47016253477416,62.7863079716044,2444.2936299767025,0.9419243275440087,28570.970060626954,28639.943685760558,1.6231036817774223,1.2875640945487647,1.806601345990259,1.1807228955733708,1.0229327179886645,3.3611821200342455,0.6060334099416478,2.1296977940218405,False,False,0.0001681101608760338,fit:association,-82.5,-82.5,,,
N41,scan-fw-a3da1e4687bc8bb6,2026-10-01T17:58:59.142813-07:00,165824,sigma2_60,zero-c,True,3.2764197935433823,3.2764197935433823,0,140.44614771541472,3.2764197934859967,True,37.82842830716835,-122.45911258650376,63.533615908989304,2137.9861284549033,0.9132789954954734,26632.206893266615,26701.36078216469,1.5014996092282664,1.6882572547188832,0.7622856392626188,1.644672254536712,0.1920254070196562,1.3905212465692096,0.9790076409545916,2.7000431572898567,False,False,0.00034546449240048516,fit:association,-92.5,-82.5,,,
N41,scan-fw-a3da1e4687bc8bb6,2026-10-01T17:58:59.142813-07:00,165824,sigma2_60,fitted-c,True,1.1784402305212136,1.1784402305212136,0,96.48852947010253,1.1784402305212136,True,37.83939723329704,-122.48023226116541,62.562483518871886,2200.295482150337,0.9398955498292769,25746.983682503065,25815.166439011024,0.8163805678789104,0.49333798753716285,0.07716659791326286,0.44975298735499164,-0.49309363432969977,0.7054022052198536,-0.21591162622712884,1.5051238901081363,False,False,8.221669897218176e-05,fit:association,-92.5,-82.5,,,
N41,scan-fw-a3da1e4687bc8bb6,2026-10-01T17:58:59.142813-07:00,165824,sigma1_30,zero-c,True,3.223433015060716,3.223433015060716,0,140.3111085956691,3.1178852863961093,True,37.827026543683594,-122.4618956010771,255.93215170382973,2141.583047318797,0.9148154836902166,26614.446054925786,26876.78693063852,0.12510171869714468,0.598111247488174,0.7399315912471577,1.5640852847698175,-0.343388595048426,1.6355604542448074,0.9651182955267794,2.8808795118163806,False,False,0.00010710654538582942,fit:association,-87.5,-82.5,,,
N41,scan-fw-a3da1e4687bc8bb6,2026-10-01T17:58:59.142813-07:00,165824,sigma1_30,fitted-c,True,1.2052796992429526,1.2052796992429526,0,96.2919125904872,0.6763415399324405,True,37.8386839785353,-122.48176921955726,249.81280426333615,2200.66955536959,0.9400553418921785,25742.9199426989,25999.14147097114,-0.6307574784705743,-0.5929148993078921,-0.015927605920561305,0.37305913797375134,-1.099247792216145,0.8797012570770886,-0.2259078512692867,1.6898533650203142,False,False,0.00020030772962500998,fit:association,-87.5,-82.5,,,
N42,scan-fw-2b63f0bafc9bfbb5,2026-10-01T18:29:06.720701-07:00,165824,sigma2_60,zero-c,True,1.9302758754921696,1.9302758754921696,0,142.62240054562398,1.912600615571363,True,37.83753317665264,-122.46931394697641,22.97868573464075,2366.593216562977,0.9402436299415879,27691.07317086842,27723.221677634923,0.9230100259500942,1.2268451611830533,1.1901130979648142,1.70244059225791,0.28724696241560976,2.545647183809926,0.8628239427957514,2.5722622047661874,False,False,3.8377133785095444e-05,fit:association,-87.5,-82.5,,,
N42,scan-fw-2b63f0bafc9bfbb5,2026-10-01T18:29:06.720701-07:00,165824,sigma2_60,fitted-c,True,1.4533200630570233,1.4533200630570233,0,95.2395403237211,1.3942232269800936,True,37.84161991227517,-122.47214379669764,23.16560852562543,2464.159695765555,0.979006633200459,26492.011940600227,26524.347370157713,0.07121090707992364,0.34406932943664714,0.33831397909464367,0.8196647605115038,-0.5645521564545608,1.6938480649397554,-0.019951888950654806,1.6894863730197809,False,False,9.129624401633778e-06,fit:association,-87.5,-82.5,,,
N42,scan-fw-2b63f0bafc9bfbb5,2026-10-01T18:29:06.720701-07:00,165824,sigma1_30,zero-c,True,1.988687635634185,1.988687635634185,0,142.7326645339298,1.8673352548179403,True,37.8372697295141,-122.4687212578192,91.66461306658675,2366.372162311921,0.9401558054477238,27694.126321223823,27795.251583600264,0.6512586074201488,0.9587601191973203,1.19596094667197,1.7086344156920195,0.2817306970611123,2.459227898192619,0.8886897397874075,2.5889977543991494,False,False,1.991985639711747e-05,fit:association,-87.5,-82.5,,,
N42,scan-fw-2b63f0bafc9bfbb5,2026-10-01T18:29:06.720701-07:00,165824,sigma1_30,fitted-c,True,1.5059054222381145,1.5059054222381145,0,95.23368475807294,1.486749516204321,True,37.84142125290916,-122.47159005182492,92.41883361511645,2464.1119827613556,0.9789876769016113,26492.22682763813,26594.1063105631,-0.20721021611269405,0.07148645004324714,0.33749212313912724,0.8213607465379464,-0.5767381264717305,1.6007590746597762,0.0014160706333344875,1.7017240852450761,False,False,1.4651083879687124e-06,fit:association,-87.5,-82.5,,,
N43,scan-fw-7ef64c17333c25ed,2026-10-01T18:59:13.961670-07:00,165824,sigma2_60,zero-c,True,1.0302272614117731,1.0302272614117731,0,148.6622572473672,1.0302272614117731,True,37.849612178115144,-122.49746720191716,5.276317192347051,2484.6998786004324,0.8986256342135379,31696.577537849327,31717.003347777358,4.712477295452455,4.505068014619831,4.42038306400678,4.359936875678107,2.7780313615374075,6.5701272879818395,4.096454475981992,4.61947391659168,False,False,0.00011410076476963717,fit:association,-82.5,-77.5,,,
N43,scan-fw-7ef64c17333c25ed,2026-10-01T18:59:13.961670-07:00,165824,sigma2_60,fitted-c,True,0.7173268971710485,0.7173268971710485,0,86.34438415413426,0.6022520189830967,True,37.84737672978686,-122.49364279724793,4.976530083702528,2649.4360903130987,0.9582047342904516,29976.43898173113,29996.565004550517,2.61024814238966,2.0326105533913372,2.3181539109439844,1.887479414449613,0.6758022084746125,4.467898134919045,1.6239970147534977,2.147016455363186,False,False,0.00034545071015092306,fit:association,-82.5,-77.5,,,
N43,scan-fw-7ef64c17333c25ed,2026-10-01T18:59:13.961670-07:00,165824,sigma1_30,zero-c,True,1.5370074968337037,1.5370074968337037,0,151.142528041849,0.32426465621882433,True,37.84921789773789,-122.50325890859303,132.78955339438107,2475.073720370445,0.895144202665622,31854.266050013524,31999.738185625607,-4.26239135589016,-3.172189698860331,4.627414268424542,4.760134876533377,3.388498592372285,6.865944073085677,4.24237835305794,5.138964914395693,False,False,0.000550556775656158,fit:association,-97.5,-77.5,,,
N43,scan-fw-7ef64c17333c25ed,2026-10-01T18:59:13.961670-07:00,165824,sigma1_30,fitted-c,True,1.231220454172026,1.231220454172026,0,87.02800987085736,0.6036456075712849,True,37.84589000654185,-122.49919160690133,130.04464351000934,2648.84090612206,0.95798947780183,30073.90890453676,30216.63613026447,-6.36725104435818,-5.5864426654809645,2.5225545799565223,2.3458819099127437,1.283638903904265,4.761084384617657,1.8281253864373062,2.7247119477750594,False,False,0.0003528584911179776,fit:association,-97.5,-77.5,,,
N44,scan-fw-60676bee416548c0,2026-10-01T19:59:31.287207-07:00,165824,sigma2_60,zero-c,True,1.0755068062398796,1.0755068062398796,1,139.54988128720697,1.0755068062398796,True,37.84316104009639,-122.49546541702814,2.0117338927884703,3060.4490981995214,0.9218220175299763,37865.05167544421,37872.73384524492,3.2483342515780587,1.268367488719579,2.204258274993877,2.905314745334732,0.9724198170152365,3.101729386771665,2.3875356451393985,3.7911860946276175,False,False,9.44314303974557e-05,fit:association,-82.5,-77.5,,,
N44,scan-fw-60676bee416548c0,2026-10-01T19:59:31.287207-07:00,165824,sigma2_60,fitted-c,True,0.4583817016600662,0.4583817016600662,1,89.77202760040477,0.4583817016600662,True,37.84676292757319,-122.48141685628634,2.029751382448012,3181.2676492329138,0.9582131473593114,36412.06562079757,36419.76580808794,2.7953031525976506,0.7480776811300709,1.7512271760134688,2.3850249377452237,0.5193887180348284,2.648698287791257,1.8672458375498904,3.2708962870381093,False,False,0.00024885505064216014,fit:association,-82.5,-77.5,,,
N44,scan-fw-60676bee416548c0,2026-10-01T19:59:31.287207-07:00,165824,sigma1_30,zero-c,True,1.097515364877606,1.097515364877606,0,138.8176866298162,1.097515364877606,True,37.84042552694488,-122.49181887990389,8.233365328378568,3049.038347510314,0.9183850444308175,37892.16691621704,37907.64304767843,3.186789910035793,2.657930775822558,1.7805425673667064,2.580449463079273,0.16870225954989992,2.7825792798054616,2.188910428665877,3.2558500453034034,False,False,8.51074056856531e-05,fit:association,-85.0,-85.0,,,
N44,scan-fw-60676bee416548c0,2026-10-01T19:59:31.287207-07:00,165824,sigma1_30,fitted-c,True,0.6972246457545459,0.6972246457545459,0,93.5372449733351,0.6972246457545459,True,37.84463181711444,-122.48012833377625,8.258027845462493,3177.2008940217293,0.9569882210908823,36491.038937775025,36506.5397317535,3.0218739283156517,2.3577139185696443,1.615626585646565,2.280232605826359,0.0037862778297585997,2.6176632980853203,1.8886935714129631,2.9556331880504896,False,False,0.000142564375091393,fit:association,-85.0,-85.0,,,
N45,scan-fw-b62728ad807bfe6e,2026-10-01T20:44:43.787270-07:00,165825,sigma2_60,zero-c,True,1.4903619836398094,1.4903619836398094,0,139.14932707959954,0.23025581928997413,True,37.83718081322201,-122.49362411224475,5.95191073895694,3087.3594528668173,0.9109942321825958,39072.38050332109,39086.14126482128,1.3714554037446007,2.89544347663689,2.4979096244028147,1.7703311118514666,1.6873255458271377,3.504291541110527,0.2637837312060096,2.756360557971916,False,False,0.0005354213901787273,fit:association,-82.5,-87.5,,,
N45,scan-fw-b62728ad807bfe6e,2026-10-01T20:44:43.787270-07:00,165825,sigma2_60,fitted-c,True,2.042137545148565,2.042137545148565,0,93.84537601761555,1.3339089698338453,True,37.858091590796924,-122.50600492104066,15.615734034894558,3243.157896062839,0.9569660360173617,37558.24549823492,37576.18696864323,0.9570145054051625,-0.18567771164673288,0.8612852050731563,0.5082858409492752,0.2935999220615555,1.6558128210178258,0.1349606735893018,1.0713064700863302,False,False,5.3716532773003e-05,fit:association,-92.5,-77.5,,,
N45,scan-fw-b62728ad807bfe6e,2026-10-01T20:44:43.787270-07:00,165825,sigma1_30,zero-c,True,1.4057531048686807,1.4057531048686807,0,133.5640170174814,0.38081463473816685,True,37.85743744055328,-122.49774192247443,63.52420403778524,3049.0461749196,0.8996890454174093,39092.110891519034,39162.106264267066,1.4559102070208711,-0.4251758828027786,0.8550374608229523,0.8891692527655358,0.03701779054758925,1.9053377255151762,0.32474135270044047,1.696543820002062,False,False,8.742297245014317e-05,fit:own-continuation,-95.0,-75.0,,,
N45,scan-fw-b62728ad807bfe6e,2026-10-01T20:44:43.787270-07:00,165825,sigma1_30,fitted-c,True,2.086668616121833,2.086668616121833,0,94.24364993423828,1.3044888975733884,True,37.85854741227037,-122.50625788498876,62.56819195938442,3243.162339570583,0.9569673471733794,37564.25834136092,37633.29770203055,1.4343414981995064,-0.8568961038559457,0.8334687520015875,0.4574490317123687,0.0154490817262245,1.8837690166938115,-0.10697886835272663,1.264823598948895,False,False,0.0004982859782435194,fit:association,-95.0,-75.0,,,
N46,scan-fw-d2f2ff1f2038b3df,2026-10-01T22:00:08.122659-07:00,165825,sigma2_60,zero-c,True,1.3924114679105002,1.3924114679105002,1,157.60036855302474,0.7638406865754561,True,37.84470994630348,-122.47088285180857,1.905095395821263,2939.7346631134337,0.857315445644046,40463.63788032245,40474.13758297014,3.8332094490800492,3.1205237829372003,1.3366944726353713,3.5598908983916813,0.1737115502024147,2.2932621755991365,3.06365760927683,4.955628299879378,False,False,0.0004005069287105704,fit:association,-82.5,-82.5,,,
N46,scan-fw-d2f2ff1f2038b3df,2026-10-01T22:00:08.122659-07:00,165825,sigma2_60,fitted-c,True,0.9869628748651118,0.9869628748651118,1,111.09236118485595,0.6812664789989789,True,37.8428484678677,-122.47772115685176,1.8922051345507498,3264.804154701458,0.9521155306799236,38185.191678178366,38195.67849056479,3.6861031223755316,2.4171224749137585,1.1895881459308537,2.8564895903682395,0.026605223497897068,2.146155848894619,2.360256301253388,4.252226991855936,False,False,0.00010279915593148538,fit:association,-82.5,-82.5,,,
N46,scan-fw-d2f2ff1f2038b3df,2026-10-01T22:00:08.122659-07:00,165825,sigma1_30,zero-c,True,1.1940829661532475,1.1940829661532475,0,156.86746125732233,0.5996392349768866,True,37.844699563492654,-122.47332519859367,7.587252153381996,2944.7879830347492,0.8587891464085008,40426.75029373793,40439.61790217162,2.5679998493600973,2.4126999691337523,1.6651436082497395,3.658324957770895,0.5549430559737429,2.527126812396736,2.813731362872941,4.289128888347592,False,False,0.0004401365294792337,fit:association,-87.5,-82.5,,,
N46,scan-fw-d2f2ff1f2038b3df,2026-10-01T22:00:08.122659-07:00,165825,sigma1_30,fitted-c,True,0.8131798530031236,0.8131798530031236,0,109.0852146176996,0.7606090590540336,True,37.84322822934094,-122.48016060762069,7.555929821821337,3266.679382301085,0.9526624037040201,38137.381946201596,38150.21823230373,2.448659162128075,1.741423141749029,1.5458029210177173,2.987048130386172,0.43560236874172076,2.407786125164714,2.1424545354882176,3.6178520609628686,False,False,0.00020789166281229808,fit:association,-87.5,-82.5,,,
N47,scan-fw-4236f7680dc6e278,2026-10-02T00:00:42.245850-07:00,165826,sigma2_60,zero-c,True,1.7917251838955794,1.7917251838955794,0,160.76718437976464,0.7294312511795683,True,37.83978707779218,-122.46906412688722,37.67662068421487,3140.926687048205,0.8447893187327071,44146.51573470808,44186.546301774884,-4.178008869700615,-4.036930175472439,-1.3032686477099658,-2.538046951170884,-1.8552228555868926,-0.7027296397476513,-2.9303486756494226,-2.1831892468849454,False,False,9.793013646078449e-05,fit:association,-87.5,-82.5,,,
N47,scan-fw-4236f7680dc6e278,2026-10-02T00:00:42.245850-07:00,165826,sigma2_60,fitted-c,True,1.8176721833101837,1.8176721833101837,0,81.0612549838829,1.0178826138803863,True,37.83775554053434,-122.470797974081,37.29154304225813,3571.640184707534,0.9606347995447913,40712.832329568104,40752.47781899295,-1.2585684966166855,-1.3530594991236033,1.6161717253739636,0.14582372517795172,1.0642175174970367,2.216710733336278,-0.24647799930058695,0.5006814294638902,False,False,3.2774654220801835e-05,fit:association,-87.5,-82.5,,,
N47,scan-fw-4236f7680dc6e278,2026-10-02T00:00:42.245850-07:00,165826,sigma1_30,zero-c,True,2.9583120169370276,2.9583120169370276,0,161.7459175265953,0.174922989628335,True,37.83864410424408,-122.45475195397584,236.8874443277382,3127.8906270341386,0.8412831164696446,44301.1846729689,44551.691297777164,3.958596693696143,2.9854747453712602,-2.2093009809904265,-3.5694583942762903,-3.72151832795491,0.3509599342799734,-4.620960649973114,-2.7675644244581377,False,False,0.0004335619903119703,fit:association,-72.5,-82.5,,,
N47,scan-fw-4236f7680dc6e278,2026-10-02T00:00:42.245850-07:00,165826,sigma1_30,fitted-c,True,2.0988228801089317,2.0988228801089317,0,83.86255176814582,1.7798824901161459,True,37.8379276304699,-122.46644925721058,241.7767604091714,3551.9872218122878,0.9553489031232619,40936.087076853764,41191.48301774346,7.679196465302431,6.5440364697488596,1.5112987906158617,-0.01089666989869098,-0.0009185563486218129,4.071559705886262,-1.0623989255955149,0.7909972999194617,False,False,0.00022953135052310863,fit:association,-72.5,-82.5,,,
N48,scan-fw-a1571307d7a8bb83,2026-10-02T02:01:16.202448-07:00,165827,sigma2_60,zero-c,True,1.9238453583754767,1.9238453583754767,1,151.89421206745635,0.36025671489721817,True,37.843784710906,-122.50662327266991,3.343305794071057,3350.7531494296527,0.8997725965170925,42942.282913907155,42951.53649910162,-0.04426569516098538,-0.3725271633773876,2.960441685763431,2.4887395066037206,1.9827257661898754,4.13858859516651,1.8316064899431423,3.0145594655533463,False,False,0.0003567410784397554,fit:association,-92.5,-82.5,,,
N48,scan-fw-a1571307d7a8bb83,2026-10-02T02:01:16.202448-07:00,165827,sigma2_60,fitted-c,True,0.9236765289242741,0.9236765289242741,1,101.13015042619554,0.8381312413593544,True,37.84134533508263,-122.48966716505964,3.391254942944215,3616.445979737752,0.9711186841401053,40664.41737364512,40673.718907988456,-0.1364602861595484,0.02510124647567236,2.8682470947648677,2.8863679164567806,1.8905311751913123,4.046394004167947,2.2292348997962024,3.4121878754064063,False,False,0.00010708506421019948,fit:own-continuation,-92.5,-82.5,,,
N48,scan-fw-a1571307d7a8bb83,2026-10-02T02:01:16.202448-07:00,165827,sigma1_30,zero-c,True,1.9214244847268638,1.9214244847268638,0,151.902302501745,1.1003147130823987,True,37.84383624430888,-122.50661512419255,13.333845385735913,3350.8169667616103,0.8997897332872208,42942.28657581862,42961.53009114067,-0.045238510065539916,-0.37304528114831137,2.9596086238582724,2.4884656678370147,1.982140079755522,4.137507422397373,1.831184678053069,3.0143344725213903,False,False,0.00019607975154856583,fit:association,-92.5,-82.5,,,
N48,scan-fw-a1571307d7a8bb83,2026-10-02T02:01:16.202448-07:00,165827,sigma1_30,fitted-c,True,0.9184784230658042,0.9184784230658042,0,101.12950409541018,0.9184784230658042,True,37.84140356254389,-122.48969170932548,13.545790087599016,3616.44379751449,0.9711180981510447,40664.41275801843,40683.868218042335,-0.13573913463276313,0.026031579345819993,2.869107999291049,2.8875425283311458,1.8916394551882987,4.04700679783015,2.2302615385472,3.4134113330155214,False,False,0.00019386419148663403,fit:association,-92.5,-82.5,,,
N49,scan-fw-ff33384282156c54,2026-10-02T03:16:34.731707-07:00,165827,sigma2_60,zero-c,True,0.3131638853285823,0.3131638853285823,0,156.4273817323822,0.3131638853285823,True,37.850112363499846,-122.48906133337151,88.74192733992822,2824.4639340884214,0.8720172689374565,37917.14361854358,38018.37670127898,0.02940308276511158,-5.843633586844848,-0.8838714972906802,-0.32989568693312954,-1.8653378440954222,1.8811736517598163,-1.2113131399099548,0.7620449927699411,False,False,0.0002325689384545821,fit:own-continuation,-102.5,-92.5,,,
N49,scan-fw-ff33384282156c54,2026-10-02T03:16:34.731707-07:00,165827,sigma2_60,fitted-c,True,2.6895307871006326,2.6895307871006326,0,101.12613448500024,1.8525437627971792,True,37.834919090645094,-122.51060703529497,91.6881247915444,3086.5547649254668,0.952934475123639,35782.99680776493,35887.17608795195,-0.3694535357572688,-7.0164578681371115,-1.2827281158130606,-1.502719968225393,-2.2641944626178026,1.482317033237436,-2.3841374212022184,-0.4107792885223225,False,False,0.0007449151858151815,fit:association,-102.5,-92.5,,,
N49,scan-fw-ff33384282156c54,2026-10-02T03:16:34.731707-07:00,165827,sigma1_30,zero-c,True,0.6170864449072154,0.6170864449072154,0,152.40478918904788,0.338697589766288,True,37.84987321718832,-122.47880334247547,25.39565905174095,2849.6526564378873,0.879793966174093,37496.245338542154,37533.47905685089,4.45312433397517,5.3621659125877885,-0.9394606249107067,-0.22012963973798438,-3.170115166779694,0.10251203788046959,-1.592174004469113,0.7785165628730951,False,False,0.0003458123577306793,fit:association,-77.5,-82.5,,,
N49,scan-fw-ff33384282156c54,2026-10-02T03:16:34.731707-07:00,165827,sigma1_30,fitted-c,True,1.4626599575339452,1.4626599575339452,0,91.76605996177477,1.4626599575339452,True,37.83982419046338,-122.47388937000909,25.97085173659434,3130.5536436468838,0.9665185685850213,35176.6443687111,35214.45327970469,2.1209313960968585,2.344360788740035,-3.271653562789018,-3.237934763585738,-5.502308104658006,-2.2296808999978417,-4.6099791283168665,-2.2392885609746584,False,False,5.3125677993473e-05,fit:association,-77.5,-82.5,,,
N50,scan-fw-13bf031ee61be179,2026-10-02T04:51:12.924024-07:00,165827,sigma2_60,zero-c,True,3.483894499693648,3.483894499693648,0,167.87273096032015,2.0707680157886843,True,37.849864266909435,-122.44608932446428,2.1589175331173465,2694.588127260649,0.8952120024121757,34371.82044952603,34380.99437684965,-1.1426890689819176,-1.9740547111606075,-2.6026181563587016,-2.43996802888726,-4.1578299820935145,-1.6252359133922436,-3.3268255949100753,-1.6457422505429355,False,False,0.00018276403266644786,fit:association,-87.5,-77.5,,,
N50,scan-fw-13bf031ee61be179,2026-10-02T04:51:12.924024-07:00,165827,sigma2_60,fitted-c,True,1.8095365113820576,1.8095365113820576,0,93.15314736958813,1.0874877128368923,True,37.8507085808184,-122.46525211249723,1.9723616640367254,2944.1569784464627,0.9781252420087916,31797.35632976781,31806.343701222348,0.29533260185356314,-0.4914827971100498,-1.1645964855232207,-0.9573961148367024,-2.719808311258033,-0.18721424255676256,-1.8442536808595178,-0.1631703364923779,False,False,0.00012631958158132103,fit:association,-87.5,-77.5,,,
N50,scan-fw-13bf031ee61be179,2026-10-02T04:51:12.924024-07:00,165827,sigma1_30,zero-c,True,2.489315346622833,2.489315346622833,0,166.20009037198957,0.4258058894454237,True,37.8459241061348,-122.4576831994455,8.500961736543104,2689.613660652063,0.8935593556983599,34335.1989422436,34360.817552407694,-2.316224299443319,-1.6936326337501122,-2.2277179759616064,-2.114832674122686,-4.285625307338926,-0.662139976193544,-3.4283051511038054,-0.9890742342789343,False,False,0.0003983104206142715,fit:association,-87.5,-82.5,,,
N50,scan-fw-13bf031ee61be179,2026-10-02T04:51:12.924024-07:00,165827,sigma1_30,fitted-c,True,1.0370510140465232,1.0370510140465232,0,87.18047739525097,0.6953144000109609,True,37.846562883778155,-122.47437389772854,7.837515941446327,2946.5904326113982,0.9789336985419927,31694.487249914688,31719.44241428368,-0.9455416468435317,-0.40947153331595076,-0.8570353233618189,-0.8306715736885246,-2.914942654739139,0.7085426764062435,-2.1441440506696443,0.29508686615522706,False,False,7.5436401831795175e-06,fit:association,-87.5,-82.5,,,
N51,scan-fw-1539afafac190b22,2026-10-02T05:21:20.276544-07:00,165828,sigma2_60,zero-c,True,3.8349822832163887,3.8349822832163887,0,170.24151643501713,2.5615559913885777,True,37.865797693191155,-122.44756437357167,22.838160083716502,2843.477488029509,0.8888644851608343,37078.01128237126,37107.10918865148,-1.1223731823357812,-1.2651729668211462,7.230368291948553,7.203542930832302,5.48462352999187,8.178885003653068,6.773806151918162,7.74567442723642,False,False,3.088736286024907e-05,fit:own-continuation,-85.0,-85.0,,,
N51,scan-fw-1539afafac190b22,2026-10-02T05:21:20.276544-07:00,165828,sigma2_60,fitted-c,True,2.980667035088967,2.980667035088967,0,109.30272056862336,1.322284216550042,True,37.85886586691869,-122.4541603478255,2.052827269792033,3094.346559590071,0.9672855766145892,34592.645296896124,34602.95112047502,5.061415735038926,5.074231754020733,6.412518662031923,6.401342697883359,5.058025725394322,7.3922629040049905,5.784461878757814,6.934555026793338,False,False,0.0007283957117623363,fit:association,-70.0,-90.0,,,
N51,scan-fw-1539afafac190b22,2026-10-02T05:21:20.276544-07:00,165828,sigma1_30,zero-c,True,4.502862366024246,4.502862366024246,1,166.59329444391992,2.714245449376105,True,37.86601793632229,-122.43918123295006,9.745147007946798,2789.08280716627,0.8718608337500062,37092.305356559315,37110.948671420716,5.345455620996999,5.731243393999703,6.454634992505113,6.563592727393771,5.01978531903651,7.4535668543180105,6.122730925434343,7.155383305804635,False,False,0.0003084179610827603,fit:association,-70.0,-90.0,,,
N51,scan-fw-1539afafac190b22,2026-10-02T05:21:20.276544-07:00,165828,sigma1_30,fitted-c,True,3.0459311427462117,3.0459311427462117,1,108.91453791356994,2.2704947705861716,True,37.858631853040706,-122.45325083534576,8.187795392273983,3095.470667170888,0.9676369700440414,34579.758234005494,34596.84419725122,5.25553618201237,5.539317869857278,6.364715553520484,6.371667203251346,4.929865880051881,7.363647415333381,5.930805401291918,6.9634577816622105,False,False,0.0005340533136925438,fit:association,-70.0,-90.0,,,
N52,scan-fw-1f4c41c62e2d00ff,2026-10-02T06:06:31.724274-07:00,165828,sigma2_60,zero-c,True,1.0787352143537048,1.0787352143537048,0,146.76224967673448,1.0787352143537048,True,37.8393889082824,-122.48472858435156,27.10641375947307,2937.5993346467963,0.8668041707426368,39401.845307591844,39437.17898209901,-0.2860914476553394,-0.12928725327244803,0.8012326320515635,1.1210972088985784,-0.6315790002336155,1.5654004074454981,0.19784482873484877,2.426273269439198,False,False,0.0002746443651261282,fit:association,-82.5,-82.5,,,
N52,scan-fw-1f4c41c62e2d00ff,2026-10-02T06:06:31.724274-07:00,165828,sigma2_60,fitted-c,True,1.1173077432797895,1.1173077432797895,0,92.81140466457224,0.7792036985006424,True,37.8407586262703,-122.47857853488934,26.7008469010907,3126.8201638584633,0.9226379946469352,37550.897317737705,37585.82542538649,0.5833921452829097,0.7034009242312053,1.6707162249898126,1.9537853864022319,0.2379045927046337,2.434884000383747,1.0305330062385023,3.258961446942852,False,False,0.00014225430584935417,fit:association,-82.5,-82.5,,,
N52,scan-fw-1f4c41c62e2d00ff,2026-10-02T06:06:31.724274-07:00,165828,sigma1_30,zero-c,True,1.056110174571732,1.056110174571732,0,146.77389473284074,1.056110174571732,True,37.839573236442625,-122.48508441388921,108.25703471888846,2937.3517213666473,0.8667311069243574,39403.15384497776,39519.473340843746,-0.14841245275758244,0.01638747826883169,0.82362917548401,1.1399553874363049,-0.5513903608529472,1.5795364676058583,0.19162076274753115,2.447628185634435,False,False,0.00014689089879499437,fit:association,-82.5,-82.5,,,
N52,scan-fw-1f4c41c62e2d00ff,2026-10-02T06:06:31.724274-07:00,165828,sigma1_30,fitted-c,True,1.0975457744089168,1.0975457744089168,0,92.94663657603931,0.8692102669595024,True,37.84087358456601,-122.47876479311465,106.67071004422905,3126.7612122067076,0.9226205996478924,37553.55467820371,37668.28784939504,0.7216850278276041,0.8476414186850566,1.6937266560691966,1.97120932785253,0.3187071197322393,2.4496339481910447,1.0228747031637564,3.27888212605066,False,False,5.2755043078042685e-05,fit:association,-82.5,-82.5,,,
N53,scan-fw-d978013ef35e92ed,2026-10-02T07:06:47.194029-07:00,165828,sigma2_60,zero-c,True,1.4955509296305847,1.4955509296305847,0,163.6627392879478,1.429709156934086,True,37.84163511469065,-122.47155010173248,1.7201340615938534,3259.2849776729768,0.9280424196107565,39954.11339201947,39965.18866812714,1.1857518476737368,1.4225733566037861,3.8374330977065787,1.7331550962230124,2.882795148567681,4.823376513845347,0.7189880366204111,2.7620241524591282,False,False,0.0001769989065691695,fit:association,-92.5,-77.5,,,
N53,scan-fw-d978013ef35e92ed,2026-10-02T07:06:47.194029-07:00,165828,sigma2_60,fitted-c,True,1.110704126796261,1.110704126796261,0,85.17050040760475,0.9494831140308848,True,37.84856172243865,-122.4731204926838,1.5605028186400887,3403.1056787972802,0.9689936443044648,37539.556726956274,37550.47237182099,0.3495451301707658,0.3873430770466937,3.0012263802036077,0.69792481666592,2.04658843106471,3.9871697963423767,-0.31624224293668135,1.7267938729020356,False,False,3.3052747535729926e-05,fit:association,-92.5,-77.5,,,
N53,scan-fw-d978013ef35e92ed,2026-10-02T07:06:47.194029-07:00,165828,sigma1_30,zero-c,True,1.4372052390927745,1.4372052390927745,0,163.2934907290997,1.2342844820686043,True,37.84222288925589,-122.47186171453453,6.76779091948265,3253.6340512910974,0.9264333859029321,39962.156313037776,39977.7423327861,1.2949350428715656,1.5437729347244817,3.7969546345068754,1.6784404725495408,2.5051979655153023,4.869009253297069,0.6296616652127414,2.405866508073433,False,False,0.0008171090830037912,fit:association,-92.5,-77.5,,,
N53,scan-fw-d978013ef35e92ed,2026-10-02T07:06:47.194029-07:00,165828,sigma1_30,fitted-c,True,1.087288446114545,1.087288446114545,0,85.36945308155006,0.890488114089832,True,37.849516762521716,-122.47338532059787,6.116971032264701,3402.402826311291,0.9687935154644906,37546.17116860412,37561.10636846523,0.5990825034545757,0.6704740772779055,3.1011020950898853,0.8051416151029646,1.809345426098312,4.173156713880078,-0.24363719223383484,1.532567650626857,False,False,9.401776619041152e-05,fit:association,-92.5,-77.5,,,
N54,scan-fw-66329fd881ebee63,2026-10-02T08:07:01.501145-07:00,165829,sigma2_60,zero-c,True,1.2381195048887756,1.2381195048887756,0,140.40467613306754,1.012023733314679,True,37.839365872395284,-122.49269974319729,6.647261778372922,3011.947782808105,0.881459696461254,39850.38886519992,39860.21048282492,2.90245693744689,2.1562882364800493,0.6910930737684606,-0.8406913913129461,0.0439396799651649,1.5346442153335758,-1.3726537999452548,0.0034407580453416076,False,False,0.0007718744453136736,fit:association,-85.0,-85.0,,,
N54,scan-fw-66329fd881ebee63,2026-10-02T08:07:01.501145-07:00,165829,sigma2_60,fitted-c,True,1.8181578647424965,1.8181578647424965,0,112.4279763616123,0.9293326749609965,True,37.833964815299844,-122.49372395043808,6.980121215819963,3247.1133006408436,0.9502819141471593,38380.06208617073,38390.216563233174,2.645578267771858,2.0758127938165694,0.4342144040934288,-0.9211668339764261,-0.2129389897098669,1.277765545658544,-1.4531292426087348,-0.07703468461813834,False,False,0.0001221879114855079,fit:association,-85.0,-85.0,,,
N54,scan-fw-66329fd881ebee63,2026-10-02T08:07:01.501145-07:00,165829,sigma1_30,zero-c,True,1.1753010713709762,1.1753010713709762,0,140.55016959481836,0.5966485745818688,True,37.83994192838484,-122.49253277385058,26.52470902355708,3013.9049694893747,0.8820324757065773,39846.7927416484,39876.625366141096,2.7860260633048473,2.09633152055344,0.7115721309506071,-0.8726690949766001,0.16429889690602317,1.4975468984062856,-1.5123802545685292,-0.01666871165715389,False,False,0.00012377094367151803,fit:association,-85.0,-85.0,,,
N54,scan-fw-66329fd881ebee63,2026-10-02T08:07:01.501145-07:00,165829,sigma1_30,fitted-c,True,1.8138914125822427,1.8138914125822427,0,112.35254472253668,0.6591692521011769,True,37.83424192511516,-122.4944027204683,27.842390969206463,3247.2737029186565,0.9503288565755507,38378.282297776335,38409.43260421468,2.5220979891833184,2.0154640248404223,0.44764405682907826,-0.9535365906896178,-0.09962917721550568,1.2336188242847568,-1.593247750281547,-0.09753620737017166,False,False,1.754401426299116e-05,fit:association,-85.0,-85.0,,,
N55,scan-fw-24e4cce6dec7f82e,2026-10-02T09:52:29.290029-07:00,165829,sigma2_60,zero-c,True,0.8548278597117932,0.8548278597117932,0,153.72489715783456,0.8548278597117932,True,37.8484183121041,-122.47605276934051,116.06345968544338,2925.2675420288133,0.8329349493248329,41597.346632511675,41722.13780807694,1.6278795060472693,1.89270763301771,16.3984627830464,11.636704180236105,15.278542899361097,17.813452341594925,10.581385656273417,12.737483291022553,False,False,5.189856227892642e-05,fit:own-continuation,-87.5,-77.5,,,
N55,scan-fw-24e4cce6dec7f82e,2026-10-02T09:52:29.290029-07:00,165829,sigma2_60,fitted-c,True,0.8158318893966994,0.8158318893966994,0,131.7160817935425,0.5019319111769402,True,37.84806052649282,-122.49496048559824,115.8666367669648,3085.926172912252,0.8786805731526913,40481.23682511319,40605.83117775998,2.2064258589640264,3.420265697133713,16.977009135963158,13.16426224435211,15.857089252277854,18.39199869451168,12.108943720389421,14.265041355138557,False,False,5.8275885450762184e-05,fit:association,-87.5,-77.5,,,
N55,scan-fw-24e4cce6dec7f82e,2026-10-02T09:52:29.290029-07:00,165829,sigma1_30,zero-c,True,0.8066363275283339,0.8066363275283339,0,155.95387769574614,0.8066363263519031,True,37.845994705689144,-122.47742643994057,478.75867133900465,2954.140468543913,0.8411561698587451,41624.13982005042,42119.61136938066,0.8092518029842667,1.5931534091979254,16.652168393980986,12.143059059563381,14.554382579473778,19.002149255252924,11.104466871649977,13.053797528071945,False,False,0.0003109070650842982,fit:association,-87.5,-82.5,,,
N55,scan-fw-24e4cce6dec7f82e,2026-10-02T09:52:29.290029-07:00,165829,sigma1_30,fitted-c,True,0.8926269736514884,0.8926269736514884,0,129.66386464156824,0.6328967081259335,True,37.84752241841899,-122.49573373715302,478.14451739250217,3099.674299510122,0.8825951877876203,40464.41292207346,40959.2703174572,1.1166869501331802,2.5070658435616555,16.959603541129898,13.05697149392711,14.86181772662269,19.309584402401835,12.018379306013706,13.967709962435674,False,False,0.0006774955251646619,fit:association,-87.5,-82.5,,,
N56,scan-fw-79c83446be2feec3,2026-10-02T10:22:37.285513-07:00,165829,sigma2_60,zero-c,True,3.17728676797689,3.17728676797689,0,128.17012112442083,2.5603981420615183,True,37.877216121416325,-122.49189474116967,85.21630533451389,3168.834499286442,0.8748852841762679,41986.54563922437,42085.41964514079,-1.9537894179450663,-1.4492802484126612,-18.64190932349083,-12.111676507984779,-20.1721329015706,-17.24765365260338,-12.742618345178549,-11.067104738231603,False,False,0.0001304224552675327,fit:association,-87.5,-77.5,,,
N56,scan-fw-79c83446be2feec3,2026-10-02T10:22:37.285513-07:00,165829,sigma2_60,fitted-c,True,3.3809653357187552,3.3809653357187552,0,119.43697306204645,3.3809653356984977,True,37.878672746745906,-122.49447306305596,85.01649532182637,3190.4264994520136,0.8808466315439022,41718.88177326182,41817.55596916555,-1.389733325357381,-1.1907528876701592,-18.07785323090314,-11.853149147242277,-19.60807680898291,-16.68359756001569,-12.484090984436047,-10.808577377489101,False,False,5.464914584468001e-05,fit:association,-87.5,-77.5,,,
N56,scan-fw-79c83446be2feec3,2026-10-02T10:22:37.285513-07:00,165829,sigma1_30,zero-c,True,2.6488311632896293,2.6488311632896293,0,128.38758309606,2.648831163274097,True,37.86391559914641,-122.50933654780877,234.73111339194293,3123.4399477474035,0.8623522771251805,42208.913269715755,42472.05310066395,-7.708887524978455,-5.877140399113894,-16.39897637914374,-10.790043529073799,-18.9242551615623,-11.741364461651102,-12.749159069415668,-9.819368257347795,False,False,0.0002874328051969719,fit:association,-90.0,-90.0,,,
N56,scan-fw-79c83446be2feec3,2026-10-02T10:22:37.285513-07:00,165829,sigma1_30,fitted-c,True,9.576820998472327,9.576820998472327,0,124.85354927743101,3.8867937814423534,True,37.821198254055034,-122.38256598147542,262.6544986177396,3066.041950914129,0.8465052321684509,42139.559669203096,42436.800297720234,4.420516974426193,2.4243393504793387,-17.302350173371494,-9.116753737909804,-20.89720704413262,-14.881101762004914,-10.981933298675713,-7.592711640241072,False,False,0.0002171379084301133,fit:association,-72.5,-82.5,,,
N57,scan-fw-0413ae862099569c,2026-10-02T12:40:27.122749-07:00,165830,sigma2_60,zero-c,True,3.23549138833713,3.23549138833713,0,123.19194472974927,3.23549138833713,True,37.84408909832193,-122.44944755829277,40.735377319982945,2589.162850084557,0.9290142985592238,31229.051480475435,31282.40821562197,-0.26031398511605935,-0.14116158123687408,-5.670198175476373,-3.186444969423277,-6.930654280215563,-4.571077090034885,-4.387695444908748,-1.628750613432392,False,False,0.00027197660032784315,fit:association,-92.5,-77.5,,,
N57,scan-fw-0413ae862099569c,2026-10-02T12:40:27.122749-07:00,165830,sigma2_60,fitted-c,True,2.7554835434030576,2.7554835434030576,0,94.88771059581012,2.7554835434030576,True,37.84784627170177,-122.45441000944017,42.54675820263947,2617.073302528961,0.9390288132504345,30650.23873346301,30705.406849492203,0.7013163764565485,0.9243973243370318,-4.708567813903765,-2.120886063849371,-5.9690239186429555,-3.6094467284622773,-3.322136539334842,-0.563191707858486,False,False,4.2640416912698414e-05,fit:association,-92.5,-77.5,,,
N57,scan-fw-0413ae862099569c,2026-10-02T12:40:27.122749-07:00,165830,sigma1_30,zero-c,True,6.158881754620055,6.158881754620055,0,127.97003902412594,4.557333492806064,True,37.83323296791305,-122.41854103782349,243.88857688446296,2605.0718393630477,0.9347225831944914,31301.57530366298,31552.112266276985,-3.2123235406835917,-2.9418142687659374,-5.853874536143789,-3.2383072195562987,-6.613491765534547,-4.774864208793889,-4.385973760380034,-2.2581269290880543,False,False,0.0005934985211554361,fit:association,-82.5,-87.5,,,
N57,scan-fw-0413ae862099569c,2026-10-02T12:40:27.122749-07:00,165830,sigma1_30,fitted-c,True,4.861116604265361,4.861116604265361,0,100.68997126293951,4.861116604265361,True,37.83932479073219,-122.43178364787339,244.32433409349687,2631.4906383245107,0.9442018795566957,30730.37984890405,30981.35256872709,-2.3291165973972263,-1.9161807245457563,-4.970667592857424,-2.212673675336118,-5.730284822248182,-3.891657265507524,-3.360340216159854,-1.2324933848678734,False,False,0.0005265675062324088,fit:association,-82.5,-87.5,,,
N58,scan-fw-141df6e440c30776,2026-10-02T13:28:52.105047-07:00,165830,sigma2_60,zero-c,True,2.6625745689696765,2.6625745689696765,0,130.06949398312898,2.2074007993930747,True,37.825410789309736,-122.48097381391139,2.51994108289,2441.0568196134527,0.9101628708476707,30198.067600380396,30222.238307411368,-1.479632643116701,-0.9837988222065599,-0.8047756405572996,-0.4020404784468127,-2.8079331465244253,0.9318325094658441,-2.2604779265400725,1.1954081719746288,False,False,2.5153090549751055e-05,fit:association,-85.0,-85.0,,,
N58,scan-fw-141df6e440c30776,2026-10-02T13:28:52.105047-07:00,165830,sigma2_60,fitted-c,True,2.8776210874839316,2.8776210874839316,0,132.7734651736712,2.8776210874839316,True,37.823244995933806,-122.48338542544597,2.5496529959236796,2489.527773066161,0.9282355604273531,30030.08312236885,30054.283541312856,-1.6729389412102216,-1.2805235554278926,-0.9980819386508201,-0.6987652116681454,-3.001239444617946,0.7385262113723235,-2.5572026597614053,0.8986834387532961,False,False,0.0002575425513181868,fit:association,-85.0,-85.0,,,
N58,scan-fw-141df6e440c30776,2026-10-02T13:28:52.105047-07:00,165830,sigma1_30,zero-c,True,2.7995924481745975,2.7995924481745975,0,133.81982714622515,2.130152435950863,True,37.82411689985703,-122.48138256434488,15.552007793419762,2434.429764184928,0.9076919329548576,30353.032730324216,30382.03881211642,0.800502638978048,1.3388575004550152,-0.6753488728263884,-0.28820300298105583,-2.4097686453960976,1.009865990470297,-1.8722468829161178,0.9974577566432261,False,False,0.0005241421153175021,fit:association,-82.5,-87.5,,,
N58,scan-fw-141df6e440c30776,2026-10-02T13:28:52.105047-07:00,165830,sigma1_30,fitted-c,True,5.089624116424736,5.089624116424736,0,132.49965385923554,2.4284059989527305,True,37.81058978432958,-122.45434660032674,15.6027988363021,2465.6588714441223,0.9193358953930358,30208.685543071446,30237.742415906534,0.3746449646205943,0.6488747306340887,-1.1012065471838421,-0.9781857728019823,-2.835626319753551,0.5840083161128431,-2.5622296527370443,0.3074749868222997,False,False,0.00013723762957982134,fit:association,-82.5,-87.5,,,
N59,scan-fw-f07a95cc25e3b0a3,2026-10-02T14:09:14.073237-07:00,165831,sigma2_60,zero-c,True,3.8848660837837214,3.8848660837837214,0,108.72777453105503,1.1088011724929432,True,37.83828656645744,-122.44366731315695,23.896695211689803,3078.7773861843066,0.9329628442982747,37075.973401933996,37129.48518940731,5.83880862961512,5.107324398262791,19.256364456140847,7.7963218842146995,16.600089475300155,21.375618645871054,5.676871976161953,9.676419549498327,False,False,2.1272850463922833e-05,fit:association,-70.0,-90.0,,,
N59,scan-fw-f07a95cc25e3b0a3,2026-10-02T14:09:14.073237-07:00,165831,sigma2_60,fitted-c,True,3.944088262970251,3.944088262970251,0,102.38817980519657,0.24013179647210092,True,37.838875361744705,-122.44272824585117,23.936030148732243,3084.3093704858684,0.9346392031775359,36937.68772495538,36991.238847365734,6.05200445883997,5.26616655698098,19.469560285365695,7.955164042932888,16.813285304525003,21.5888144750959,5.835714134880142,9.835261708216517,False,False,1.890654167184758e-05,fit:association,-70.0,-90.0,,,
N59,scan-fw-f07a95cc25e3b0a3,2026-10-02T14:09:14.073237-07:00,165831,sigma1_30,zero-c,True,1.7499261578999505,1.7499261578999505,0,113.00304432228025,0.47690297128262843,True,37.846178697352606,-122.46616113507348,207.47817366474192,3091.087981873,0.936693327840303,37176.5814732273,37386.74408325857,0.7307652312147581,-1.7684105219106176,19.27320507489194,6.893088571433282,18.73229339091279,19.952905335313964,6.372528339581219,7.59254149498503,False,False,0.0001055886516339226,fit:association,-82.5,-82.5,,,
N59,scan-fw-f07a95cc25e3b0a3,2026-10-02T14:09:14.073237-07:00,165831,sigma1_30,fitted-c,True,1.8429593077473851,1.8429593077473851,0,105.18543657729214,1.3972474054562742,True,37.846813125991275,-122.46495862219021,207.5784040001381,3091.611303932571,0.9368519102825973,37025.85541761017,37236.118257976836,0.7638437697623475,-1.831936146362583,19.30628361343953,6.829562946981316,18.76537192946038,19.985983873861553,6.309002715129253,7.529015870533064,False,False,0.00016045149855657692,fit:association,-82.5,-82.5,,,
N60,scan-fw-014c849a5aa7a409,2026-10-02T15:29:53.742131-07:00,165831,sigma2_60,zero-c,True,3.265834867783628,3.265834867783628,0,111.7567275500024,3.265834867783628,True,37.82991844448262,-122.45754393477257,32.50871745531913,3020.591777565176,0.9354573482704168,35737.96752788744,35781.32877922369,-0.6012374091051752,0.5339802093692897,18.45112913676463,9.257600759667046,17.29438875520585,20.13426953724295,8.670241643894544,10.133149536423804,False,False,0.0001756057017455613,fit:association,-87.5,-77.5,,,
N60,scan-fw-014c849a5aa7a409,2026-10-02T15:29:53.742131-07:00,165831,sigma2_60,fitted-c,True,3.36279693899437,3.36279693899437,0,110.80658077873963,3.36279693899437,True,37.82910342535182,-122.45697793430924,32.51418665277015,3021.4360760521968,0.9357188219424579,35716.69600123202,35760.06272176572,-0.6924361692414206,0.39021056541906496,18.359930376628384,9.11383111571682,17.203189995069604,20.043070777106703,8.526471999944318,9.989379892473579,False,False,0.0006753609629735619,fit:association,-87.5,-77.5,,,
N60,scan-fw-014c849a5aa7a409,2026-10-02T15:29:53.742131-07:00,165831,sigma1_30,zero-c,True,3.189514033693352,3.189514033693352,0,111.78551075385599,3.189514033693352,True,37.83049148180521,-122.45806706842835,129.92178956288262,3020.5438201258976,0.9354424961678222,35738.500377254444,35879.55556463218,-0.7350901887908001,0.3936516673776781,18.42887382276758,9.220748044015757,17.246015966546352,20.13540575936137,8.665042804567983,10.056187017418036,False,False,0.0003371528955780675,fit:association,-87.5,-77.5,,,
N60,scan-fw-014c849a5aa7a409,2026-10-02T15:29:53.742131-07:00,165831,sigma1_30,fitted-c,True,3.278738121434009,3.278738121434009,0,110.85156532386918,3.278738121434009,True,37.82973513601432,-122.45755022343091,129.93748656975367,3021.498387083707,0.9357381192578837,35717.13617352753,35858.207057912135,-0.8244533663064555,0.250396399045087,18.339510645251927,9.077492775683165,17.156652789030698,20.046042581845715,8.521787536235392,9.912931749085445,False,False,0.0006621306760154011,fit:association,-87.5,-77.5,,,
N61,scan-fw-899ed3021076a871,2026-10-02T16:02:08.586744-07:00,165831,sigma2_60,zero-c,True,2.061259323230249,2.061259323230249,0,79.6821193318392,0.659011939380986,True,37.835445004240036,-122.5016904333316,6.626392702826706,2969.8817739603974,0.9623725774336997,33680.267026942216,33701.7308317215,5.047364732810995,2.985516706544716,-7.78682353482719,-3.354098320983146,-9.010423474225641,-6.244658996550353,-4.852588572707,-0.8260940049063641,False,False,0.0002195751674047492,fit:association,-92.5,-87.5,,,
N61,scan-fw-899ed3021076a871,2026-10-02T16:02:08.586744-07:00,165831,sigma2_60,fitted-c,True,2.0579098153720694,2.0579098153720694,0,79.4167716745522,0.6917648184393005,True,37.83531387871246,-122.50145203420007,6.626250963083294,2970.3906366364795,0.9625374713663252,33674.05608161608,33695.51974465562,4.988337015121015,2.9423623275952573,-7.8458512525171695,-3.3972526999326047,-9.06945119191562,-6.3036867142403326,-4.895742951656459,-0.8692483838558229,False,False,0.0005164366425737185,fit:association,-92.5,-87.5,,,
N61,scan-fw-899ed3021076a871,2026-10-02T16:02:08.586744-07:00,165831,sigma1_30,zero-c,True,2.1392221883772993,2.1392221883772993,0,77.5680602465485,0.6410007941830623,True,37.836185953282616,-122.50386231476531,26.535935977437475,2970.437638351108,0.9625527019932301,33648.367654642876,33691.10637854563,2.096811927676049,0.961180114606715,-7.638439271810459,-3.1947722505373104,-9.205239879814737,-5.864195515432396,-4.401208864098039,-2.034440185952443,False,False,0.0005789511492674676,fit:association,-92.5,-87.5,,,
N61,scan-fw-899ed3021076a871,2026-10-02T16:02:08.586744-07:00,165831,sigma1_30,fitted-c,True,2.1323206337552567,2.1323206337552567,0,77.31281264282751,0.6731373534813642,True,37.83604283309339,-122.50359065903982,26.534695183698204,2970.97268829969,0.9627260817562184,33642.271558177636,33685.00904128665,2.0377611087561203,0.9168777409535732,-7.697490090730387,-3.2390746241904522,-9.264290698734666,-5.923246334352324,-4.445511237751181,-2.078742559605585,False,False,0.00012056867687211884,fit:association,-92.5,-87.5,,,
N62,scan-fw-7d0cf5aee5c7927b,2026-10-02T16:58:36.104199-07:00,165831,sigma2_60,zero-c,True,3.581685375631605,3.581685375631605,0,115.5989115253408,3.2725294950713955,True,37.836167890325655,-122.44837364301472,35.07069286307524,2661.208869630107,0.920515001601559,32709.050953061793,32749.639004877135,1.0873349680829076,-0.6247946732651537,-8.791352701520568,-4.240013151490197,-10.395418515586272,-7.956463755413307,-4.821598433775322,-3.9977142432380144,False,False,2.6738706560456953e-05,fit:association,-70.0,-90.0,,,
N62,scan-fw-7d0cf5aee5c7927b,2026-10-02T16:58:36.104199-07:00,165831,sigma2_60,fitted-c,True,2.6811631074248172,2.6811631074248172,0,97.92753127407504,2.6811631074248172,True,37.838432504298595,-122.45834442739806,35.39918923571895,2725.264839557511,0.942672030286237,32180.277583332805,32221.19413152079,0.6522091398142195,-0.4527404134590841,-9.226478529789256,-4.067958891684127,-10.83054434385496,-8.391589583681995,-4.649544173969253,-3.825659983431945,False,False,0.00012191526643023909,fit:association,-70.0,-90.0,,,
N62,scan-fw-7d0cf5aee5c7927b,2026-10-02T16:58:36.104199-07:00,165831,sigma1_30,zero-c,True,3.619229829129648,3.619229829129648,0,115.42584804333815,0.96287105645453,True,37.835919922577176,-122.44804458646199,140.27752290763965,2662.769639247257,0.921054873485734,32700.006688847785,32846.59305201155,-0.31202776055712445,-1.4616900579323655,-8.793204191107176,-4.251439433852977,-10.17113035963887,-7.718431048856917,-4.666014853230957,-3.941731673632816,False,False,0.00028979134470317786,fit:association,-77.5,-87.5,,,
N62,scan-fw-7d0cf5aee5c7927b,2026-10-02T16:58:36.104199-07:00,165831,sigma1_30,fitted-c,True,2.1120186668487033,2.1120186668487033,0,95.40730680895325,0.46659736146897707,True,37.84236644099561,-122.46324322309816,142.0780815395956,2727.8401292305316,0.9435628257456007,32132.885443479834,32287.3812178438,1.2471778810217071,0.6833915484066765,-8.947348901684096,-3.977590960659931,-10.586491798703378,-6.999778996663179,-4.39896023329519,-2.891883227425723,False,False,0.00015658694681207363,fit:association,-87.5,-77.5,,,
N63,scan-fw-53a2d7317ffe4200,2026-10-02T17:58:25.734637-07:00,165832,sigma2_60,zero-c,True,2.0406725498687033,2.0406725498687033,0,131.57386377472295,1.9296671007960569,True,37.83471902136214,-122.50026186385544,2.0461243968529743,2587.848377877404,0.9559838854367949,29939.9292823609,29945.097916176906,2.2907253005692625,2.79784818727045,-3.0097353610106556,-0.5679696310703983,-3.870726240832618,-2.365411211997089,-1.0031323248546375,0.07454860721876044,False,False,0.0001858312733096397,fit:association,-85.0,-85.0,,,
N63,scan-fw-53a2d7317ffe4200,2026-10-02T17:58:25.734637-07:00,165832,sigma2_60,fitted-c,True,0.871806392827254,0.871806392827254,0,81.6422748545018,0.5672014611702246,True,37.841236325116334,-122.48503954558629,1.9194841939206526,2627.0981723315463,0.9704832553866074,28969.75276245403,28974.794756067105,0.4243654860400914,1.6574658552662411,-4.8760951755398265,-1.7083519630746071,-5.737086055361789,-4.23177102652626,-2.143514656858846,-1.0658337247854484,False,False,0.00016637453202576318,fit:association,-85.0,-85.0,,,
N63,scan-fw-53a2d7317ffe4200,2026-10-02T17:58:25.734637-07:00,165832,sigma1_30,zero-c,True,2.0335920741420184,2.0335920741420184,0,131.58278543578058,0.8707878026083427,True,37.83475020277403,-122.50018206375192,8.172490190088865,2587.857294266043,0.9559871792634071,29940.075027130268,29951.34996065699,2.2947621100755375,2.8016541988434023,-3.0185448206775787,-0.5733729109306815,-3.8867794041387467,-2.375999444741232,-1.0091426307851319,0.07018252145924242,False,False,3.2956605164540876e-06,fit:association,-85.0,-85.0,,,
N63,scan-fw-53a2d7317ffe4200,2026-10-02T17:58:25.734637-07:00,165832,sigma1_30,fitted-c,True,0.86996728492656,0.86996728492656,0,81.63792697075927,0.6347494281478369,True,37.84125702652879,-122.4849708159925,7.6740979033311305,2627.0951528801234,0.9704821399631043,28969.71220628827,28980.488747528234,0.4306506985306316,1.6630392719866443,-4.882656232222485,-1.7119878377874396,-5.750890815683652,-4.240110856286138,-2.14775755764189,-1.0684324053975156,False,False,0.00017541432692557985,fit:association,-85.0,-85.0,,,
N64,scan-fw-cf8c0236d99c3e68,2026-10-02T19:35:07.757535-07:00,165832,sigma2_60,zero-c,True,0.9522501752199461,0.9522501752199461,0,126.32229213753814,0.9522501751955753,True,37.85724035294197,-122.48256111911367,24.65685877390206,2112.9226467662593,0.8934133812965156,27106.4126254901,27132.90779374158,-8.674400749132646,0.5146056907930227,1.0827133997539082,1.3528858421083543,0.3746589692119021,1.4945471377974664,0.681195643367423,1.6446410595023777,False,False,0.0005040735796299975,fit:association,-102.5,-77.5,,,
N64,scan-fw-cf8c0236d99c3e68,2026-10-02T19:35:07.757535-07:00,165832,sigma2_60,fitted-c,True,1.4302394044352442,1.4302394044352442,0,87.71874204556129,1.1415674097192978,True,37.845482549078845,-122.50140234984619,27.768876372450904,2238.2839457482573,0.9464202730436606,26078.183634251953,26107.79082010198,-8.027888158782941,0.5688921589347523,1.7292259901036129,1.407172310250084,1.0211715595616067,2.1410597281471713,0.7354821115091527,1.6989275276441074,False,False,0.00029165969931782657,fit:association,-102.5,-77.5,,,
N64,scan-fw-cf8c0236d99c3e68,2026-10-02T19:35:07.757535-07:00,165832,sigma1_30,zero-c,True,0.9954799496938805,0.9954799496938805,0,125.0793258069103,0.4334187895781061,True,37.85637626856872,-122.4922826101,12.339403369078354,2164.222227932357,0.9151045361236181,26775.96166816389,26790.34534977611,-5.07744655398092,0.9528685170133915,1.0572394242112022,1.3522344820864705,0.27376529984599485,1.406889188614873,0.7890567871115085,1.667564911962545,False,True,0.0008187019684834044,fit:association,-112.5,-82.5,,,
N64,scan-fw-cf8c0236d99c3e68,2026-10-02T19:35:07.757535-07:00,165832,sigma1_30,fitted-c,True,1.2467848498113978,1.2467848498113978,0,85.58230124171669,1.063982899019245,True,37.844185047465125,-122.49854422676327,11.854270437688683,2273.6996309491633,0.9613951927903439,25802.131321520275,25816.029870201106,-4.658302689711654,0.9088907950654161,1.4763832884804682,1.3082567601384951,0.6929091641152608,1.826033052884139,0.7450790651635332,1.62358719001457,False,False,8.970874317282875e-05,fit:association,-112.5,-82.5,,,
N01,scan-fw-0c4c127b1f80a01b,2026-09-30T22:26:04.234651-07:00,165817,hard30,zero-c,True,0.8020189474520165,0.8020189474520165,0,143.14841859377282,0.584770508897893,True,37.856268650637524,-122.485844882875,5.981473269133858,2440.502070212607,0.8946121958257357,31439.377748270024,31450.066009401104,2.689004588382007,2.3555680836108666,5.599124597120307,4.254323525480146,4.7913807041247605,6.520575513610479,3.4354844216630913,5.051038124478124,False,False,9.815704087462831e-05,fit:association,-87.5,-82.5,0.0,0.0,31445.359221539158
N01,scan-fw-0c4c127b1f80a01b,2026-09-30T22:26:04.234651-07:00,165817,hard30,fitted-c,True,0.6531394174958571,0.6531394174958571,0,91.59671848551723,0.3458143925708144,True,37.85367418646047,-122.4811577050851,6.029581286318717,2606.860404656262,0.9555939899766356,29938.39600977162,29949.132378919883,1.4114761006454928,1.2164406194107225,4.321596109383792,3.1151960612800016,3.5138522163882455,5.243047025873964,2.296356957462947,3.91191066027798,False,False,8.996544069667816e-05,fit:association,-87.5,-82.5,0.0,0.0,29944.425591057938
N01,scan-fw-0c4c127b1f80a01b,2026-09-30T22:26:04.234651-07:00,165817,gaussian60,zero-c,True,0.4513508100616015,0.4513508100616015,0,143.72424584333572,0.4182756914778849,True,37.845035846880826,-122.486462621985,15.430847504119086,2435.141599973701,0.892647214066606,31468.895516465058,31495.527291365157,5.393515566649445,5.013029494761488,4.5505597613461415,3.855629911230151,3.0823670474783214,5.849989173105904,2.9152615801646276,5.163578375702863,False,False,0.0009118323396451189,fit:association,-85.0,-85.0,0.06777559360379813,0.002562685357066318,31484.326363969176
N01,scan-fw-0c4c127b1f80a01b,2026-09-30T22:26:04.234651-07:00,165817,gaussian60,fitted-c,True,0.5971687360510038,0.5971687360510038,0,96.18876755643927,0.5298591703360453,True,37.8505659188099,-122.47922783071,15.420788909982454,2585.637326395132,0.9478142692064266,30090.785195224846,30117.390515629402,4.862076801862108,4.178990659368023,4.019120996558804,3.0215910758366857,2.5509282826909843,5.318550408318567,2.0812227447711624,4.329539540309398,False,False,0.00011652736954772397,fit:association,-85.0,-85.0,0.05137969219786357,0.002562685357066318,30106.205984134827
N01,scan-fw-0c4c127b1f80a01b,2026-09-30T22:26:04.234651-07:00,165817,smooth60,zero-c,True,0.8050036185624353,0.8050036185624353,0,143.14134121000743,0.4964194469492583,True,37.85629583857535,-122.4857642775702,5.982302466258261,2440.4202658198446,0.8945822088782421,31439.722677108286,31450.169799733772,2.684069667588722,2.3780385905703554,5.586911245942229,4.240315748119475,4.762321913861195,6.498871005309004,3.4719964019579517,4.948194979939183,False,False,5.098637245238343e-05,fit:association,-87.5,-82.5,0.0,0.0,31445.704979574544
N01,scan-fw-0c4c127b1f80a01b,2026-09-30T22:26:04.234651-07:00,165817,smooth60,fitted-c,True,0.6560616461579785,0.6560616461579785,0,91.60566424502721,0.4371532581856223,True,37.85371952400296,-122.48117717169353,6.029738229692157,2606.8431891648784,0.9555876793126387,29938.557747040682,29949.052305429603,1.4209047966787067,1.254332549200892,4.323746375032214,3.116609706750011,3.49915704295118,5.23570613439899,2.348290360588488,3.8244889385697194,False,False,0.00015202429862905958,fit:association,-87.5,-82.5,0.0,0.0,29944.587485270375
N01,scan-fw-0c4c127b1f80a01b,2026-09-30T22:26:04.234651-07:00,165817,gaussian30,zero-c,True,0.8049987613809803,0.8049987613809803,0,143.12966268118512,0.3841779257933557,True,37.85629576588228,-122.48578249700093,5.981926959965231,2440.4199855277493,0.894582106131873,31439.45389162006,31450.02674297003,2.7771604497332443,2.47242615752678,5.581318217583307,4.238037411396014,4.7757989947135275,6.481823943686335,3.4596763014819008,4.955605649010991,False,False,0.00015103471352904876,fit:association,-87.5,-82.5,0.06912755633992596,0.054903419433917695,31445.435818580027
N01,scan-fw-0c4c127b1f80a01b,2026-09-30T22:26:04.234651-07:00,165817,gaussian30,fitted-c,True,0.6563388915490992,0.6563388915490992,0,91.59974268094346,0.35992498321913247,True,37.85373547288741,-122.48119816700476,6.029593538972404,2606.8087359914575,0.955575049850241,29938.59994966698,29949.171936382598,1.5161102701602254,1.3493251074356947,4.320268038010289,3.1149363613049292,3.514748815140509,5.220773764113316,2.3365752513908156,3.832504598919906,False,False,0.00025360032429915663,fit:association,-87.5,-82.5,0.020596342984208302,0.054903419433917695,29944.629543205952
N01,scan-fw-0c4c127b1f80a01b,2026-09-30T22:26:04.234651-07:00,165817,smooth30,zero-c,True,0.8041968317837861,0.8041968317837861,0,143.15743086408904,0.4806747887061297,True,37.85628804347949,-122.48586716562424,5.981716033649718,2440.498236135318,0.894610790372184,31439.567186334374,31450.194010209107,2.73369449022002,2.394029357197447,5.602795958963023,4.255208273109082,4.811421690063378,6.516256935977865,3.4412636224513222,5.0431327216207595,False,False,0.00012005032683497013,fit:association,-87.5,-82.5,0.0,0.0,31445.548902368024
N01,scan-fw-0c4c127b1f80a01b,2026-09-30T22:26:04.234651-07:00,165817,smooth30,fitted-c,True,0.6537585438015059,0.6537585438015059,0,91.61973840795868,0.24716881870715432,True,37.8536911268532,-122.48117365977441,6.029790763244819,2606.8658585159283,0.9555959891920558,29938.71733542284,29949.392234027167,1.4546049670151213,1.2542397446882294,4.323706435758124,3.1154186605998637,3.532332166858479,5.237167412772966,2.3014740099421043,3.9033431091115416,False,False,2.2560440038358427e-05,fit:association,-87.5,-82.5,0.0,0.0,29944.747126186085
N02,scan-fw-966b857db7193ae6,2026-10-01T00:12:01.101105-07:00,165818,hard30,zero-c,True,13.223882163288971,13.223882163288971,0,146.9591765015415,1.7050155830655693,True,37.902775630938265,-122.35133800699028,159.90256538304675,1974.2801987804696,0.8817687354981999,25840.030633743452,26008.249317171994,-5.905854785176154,-3.379392806249734,-3.219454003548218,-7.933808929490228,-3.9203759499905653,-1.704003908693146,-8.622382957864147,-7.466373514181273,False,False,0.0001989316330485197,fit:association,-67.5,-72.5,0.0,0.0,25999.9331991265
N02,scan-fw-966b857db7193ae6,2026-10-01T00:12:01.101105-07:00,165818,hard30,fitted-c,True,13.178383030424374,13.178383030424374,0,126.24594147070124,1.8334262611736283,True,37.906158610771904,-122.35418346337735,160.6620961611079,2003.6983121455632,0.8949076874254414,25419.667187825034,25588.645402031638,-4.588497355856788,-2.4537831781425163,-1.9020965742288518,-7.00819930138301,-2.603018520671199,-0.38664647937377983,-7.6967733297569305,-6.540763886074055,False,False,2.1627407111979302e-05,fit:association,-67.5,-72.5,0.0,0.0,25580.329283986142
N02,scan-fw-966b857db7193ae6,2026-10-01T00:12:01.101105-07:00,165818,gaussian60,zero-c,True,1.6340407131863788,1.6340407131863788,0,130.35727596701483,1.6340407131863788,True,37.834362347852874,-122.48550474720129,65.75087684442946,2038.3079180323407,0.9103653050613402,25335.505274720163,25407.519280232867,-3.6095976720614944,1.2794682250276213,-1.146587329390091,-2.8689979222173845,-2.554586033709617,0.46302605301215727,-3.3119795306471387,-2.5205142438063666,False,False,0.0006705124120945372,fit:association,-92.5,-82.5,0.01833279286625886,0.029095239153680154,25401.25615156459
N02,scan-fw-966b857db7193ae6,2026-10-01T00:12:01.101105-07:00,165818,gaussian60,fitted-c,True,1.029455055441054,1.029455055441054,0,95.03652752963917,0.29866828397686407,True,37.8441122190561,-122.47584244798594,71.39816367612276,2129.0986644034556,0.9509149908010074,24504.69147044325,24582.35046278074,-3.3048373858529434,1.3799560215093447,-0.84182704318154,-2.768510125735661,-2.249825747501066,0.7677863392207083,-3.2114917341654152,-2.420026447324643,False,False,0.0003483716448240415,fit:association,-92.5,-82.5,0.01603278596028902,0.029095239153680154,24576.089634119373
N02,scan-fw-966b857db7193ae6,2026-10-01T00:12:01.101105-07:00,165818,smooth60,zero-c,True,1.558518777638559,1.558518777638559,0,139.78450460248396,1.558518777638559,True,37.83506117804982,-122.48672549754963,146.314261028896,2006.2605435097598,0.8960520515898883,25533.136943662226,25680.371727647907,3.8310269715836758,-6.489745513083361,-0.5228625852593898,-2.6900182634032244,-0.7489985802073081,-0.2994215710029997,-3.155058036658812,-2.4145433084450407,False,False,0.00010005688211241009,fit:association,-80.0,-80.0,0.0,0.0,25679.451204691122
N02,scan-fw-966b857db7193ae6,2026-10-01T00:12:01.101105-07:00,165818,smooth60,fitted-c,True,1.4571205208966342,1.4571205208966342,0,109.46687234336353,1.4571205208846356,True,37.84238565710601,-122.4714712717762,145.71051275765785,2083.206924291299,0.9304184565838762,24797.26098748238,24943.892023196822,3.2709045853798,-7.665016067834783,-1.0829849714632656,-3.8652888181546463,-1.309120966411184,-0.8595439572068755,-4.330328591410233,-3.5898138631964627,False,False,9.674996435551377e-05,fit:association,-80.0,-80.0,0.0,0.0,24942.971500240037
N02,scan-fw-966b857db7193ae6,2026-10-01T00:12:01.101105-07:00,165818,gaussian30,zero-c,True,13.347594574217862,13.347594574217862,0,145.4689209121349,1.874553592504024,True,37.897743980890695,-122.34675744066003,187.72833834359764,1979.3484546382501,0.8840323602671952,25810.86904080605,26004.283813334092,1.864566798507967,1.8155167070960856,-4.509993344544224,-9.659756354678978,-5.208513418308289,-3.8381471514263588,-10.458429874217765,-8.952406415001544,False,False,0.0004948438611322159,fit:association,-72.5,-77.5,0.03386355129921632,0.86158454429845,25998.597379149647
N02,scan-fw-966b857db7193ae6,2026-10-01T00:12:01.101105-07:00,165818,gaussian30,fitted-c,True,13.096482428658069,13.096482428658069,0,128.68087512698432,1.9671820770511703,True,37.894817068938565,-122.34827297149712,187.353984689489,2016.963988311697,0.9008325092950857,25419.92056521893,25612.953542490253,1.5495881631059893,1.6979888876499145,-4.824971979946202,-9.777284174125148,-5.523492053710267,-4.153125786828337,-10.575957693663936,-9.069934234447715,False,False,8.729818694888647e-05,fit:association,-72.5,-77.5,0.02642194868910394,0.86158454429845,25607.27454990842
N02,scan-fw-966b857db7193ae6,2026-10-01T00:12:01.101105-07:00,165818,smooth30,zero-c,True,13.648018998057259,13.648018998057259,1,150.12024056484574,2.029541855280038,True,37.89567151255292,-122.34191688338444,190.2294998528123,1930.7111258427772,0.8623095693804275,26099.48176826105,26294.367714247706,0.8251354703125365,-6.421997473783231,-5.933899771490254,-12.187767028335816,-6.648034460013606,-4.883663105269671,-12.750374090538052,-11.708468202448255,False,False,0.0005698394914704363,fit:association,-72.5,-77.5,0.0,0.0,26289.71126811386
N02,scan-fw-966b857db7193ae6,2026-10-01T00:12:01.101105-07:00,165818,smooth30,fitted-c,True,13.160715193186228,13.160715193186228,1,133.8461470249361,1.6449478333243785,True,37.89265313052945,-122.34636362490293,190.65128105737676,1956.8256393524362,0.8739730412471801,25764.471188626412,25959.778915817635,1.0258350992585588,-6.039524460652627,-5.7332001425442325,-11.805294015205213,-6.447334831067584,-4.68296347632365,-12.36790107740745,-11.325995189317652,False,False,0.0002101323347689088,fit:association,-72.5,-77.5,0.0,0.0,25955.12246968379
N03,scan-fw-5269796b90214e97,2026-10-01T03:08:34.234147-07:00,165819,hard30,zero-c,True,0.7746035432912162,0.7746035432912162,0,156.60521318318936,0.7746035432912162,True,37.848752993573136,-122.47694121460108,105.58853380841538,2021.907519111525,0.7938388374996173,30553.117938124284,30662.808205545887,4.085864850531999,3.397044408275284,4.7422372815912865,4.130607818531783,3.9720729735675406,5.739839378854759,3.6479755318731786,4.454660470501053,False,False,0.00010223572646846004,fit:association,-82.5,-82.5,0.0,0.0,30658.7064719327
N03,scan-fw-5269796b90214e97,2026-10-01T03:08:34.234147-07:00,165819,hard30,fitted-c,True,1.44178177481239,1.44178177481239,0,99.55410844056672,1.44178177481239,True,37.845822585617235,-122.46985345182344,106.18219881181722,2245.9336210721412,0.8817956894668791,28844.221788645642,28954.505721070647,2.8250190106274053,2.488260403267085,3.4813914416866925,3.221823813523584,2.7112271336629465,4.478993538950165,2.7391915268649796,3.5458764654928543,False,False,5.4054249049528824e-05,fit:own-continuation,-82.5,-82.5,0.0,0.0,28950.40398745746
N03,scan-fw-5269796b90214e97,2026-10-01T03:08:34.234147-07:00,165819,gaussian60,zero-c,True,0.6044475165478651,0.6044475165478651,0,154.12196960610595,0.6044475165478651,True,37.84999340725855,-122.47897378882891,161.9923468253738,2010.1927747168108,0.7892394089975701,30547.916468357245,30713.056280845085,0.0450497925540489,-0.042076038248946825,4.588256046575981,3.8613303605690534,3.9738198576443096,5.394434414973513,3.151507585982911,4.192190432320125,False,False,0.00014782136129731782,fit:association,-87.5,-82.5,4.749846004862095e-06,0.04484663072614663,30709.908815182618
N03,scan-fw-5269796b90214e97,2026-10-01T03:08:34.234147-07:00,165819,gaussian60,fitted-c,True,1.2094235594067115,1.2094235594067115,0,98.6650414369785,1.2094235594067115,True,37.8475465269867,-122.47211409030102,164.031512454938,2243.362344853239,0.880786158167742,28838.9717982847,29006.153781613863,-1.195647917565355,-0.9891386865664412,3.347558336456577,2.9142677122515592,2.733122147524906,4.153736704854109,2.204444937665417,3.24512778400263,False,False,5.882964346554109e-05,fit:association,-87.5,-82.5,0.0030099616050509427,0.04484663072614663,29003.003310739638
N03,scan-fw-5269796b90214e97,2026-10-01T03:08:34.234147-07:00,165819,smooth60,zero-c,True,0.45525302820340047,0.45525302820340047,0,154.68263159220686,0.45525302820340047,True,37.849569420759764,-122.48061082549934,109.00976228967193,2015.2645575778351,0.7912306861318552,30540.99263783593,30653.37811368961,0.767549549925599,0.3174972665783278,4.693193026777103,3.8603676372194196,3.9620603547391826,5.466632507006663,3.3356277252991235,4.624480402149327,False,False,0.0001492636496089033,fit:association,-87.5,-82.5,0.0,0.0,30650.002400125602
N03,scan-fw-5269796b90214e97,2026-10-01T03:08:34.234147-07:00,165819,smooth60,fitted-c,True,1.0991851294159833,1.0991851294159833,0,98.86566609422734,1.0991851294159833,True,37.846892575044194,-122.47353987410493,109.84724994559656,2242.968886122272,0.8806316788858548,28843.06258967876,28956.285553188365,-0.5976066376510899,-0.6963708454349443,3.328036839200414,2.8464995252061476,2.5969041671624935,4.101476319429974,2.3217596132858516,3.610612290136055,False,False,0.00016633504947355382,fit:association,-87.5,-82.5,0.0,0.0,28952.909839624357
N03,scan-fw-5269796b90214e97,2026-10-01T03:08:34.234147-07:00,165819,gaussian30,zero-c,True,0.7549894323431801,0.7549894323431801,0,155.20959139478586,0.7549894323431801,True,37.8476657778882,-122.47733854624813,106.82849785029839,2012.6756613574594,0.7902142368894619,30558.465335132933,30669.99263950851,3.210506552837174,2.611484186092248,4.562118099951056,3.9925747312545115,3.4734995643190762,5.534431600613026,3.2873951353511304,4.642994107141471,False,False,0.00028161429903883484,fit:association,-80.0,-80.0,0.08563600990010165,0.01867132434114091,30665.293832983232
N03,scan-fw-5269796b90214e97,2026-10-01T03:08:34.234147-07:00,165819,gaussian30,fitted-c,True,1.7691758297436433,1.7691758297436433,0,99.6471336346202,0.7679051501504975,True,37.84496449330658,-122.46628377594656,107.7952760012805,2240.922902178173,0.8798283871920585,28863.746930720354,28976.177038352787,1.5967825718982689,1.3351062029003238,2.9483941190121516,2.716196748062587,1.859775583380172,3.920707619674121,2.011017152159206,3.3666161239495467,False,False,0.00012818460314619699,fit:association,-80.0,-80.0,0.021661115774704857,0.01867132434114091,28971.542206721635
N03,scan-fw-5269796b90214e97,2026-10-01T03:08:34.234147-07:00,165819,smooth30,zero-c,True,0.7109704862105409,0.7109704862105409,0,153.89760820385953,0.6795513048699209,True,37.850209117340185,-122.47779020038111,107.12949607794144,2005.5231261608596,0.7874060173383822,30565.00814809207,30674.598643741218,0.7615294214086222,0.4719434395298078,4.671464583719988,3.843652038393586,4.207004572183804,5.444179448267931,3.198169628261943,4.224901546822922,False,False,0.0006095724742552766,fit:association,-87.5,-82.5,0.0,0.0,30672.137644170012
N03,scan-fw-5269796b90214e97,2026-10-01T03:08:34.234147-07:00,165819,smooth30,fitted-c,True,1.2883532797604698,1.2883532797604698,0,98.5661987119078,1.2883532797604698,True,37.84805869006484,-122.471136253294,109.91169952341806,2241.7722205708815,0.8801618455323446,28844.593787196813,28956.966486291436,-0.5928757713591977,-0.4988140685821277,3.317059390952168,2.8728945302816506,2.852599379415983,4.089774255500111,2.2274121201500074,3.254144038710986,False,False,0.00010563490144005483,fit:association,-87.5,-82.5,0.0,0.0,28954.50548672023
N04,scan-fw-b9336121cee0a279,2026-10-01T06:39:59.392389-07:00,165820,hard30,zero-c,True,3.0904092665692513,3.090409266891626,0,150.27750687378636,3.0904092665692513,True,37.858278869976594,-122.45255008577593,17.71718203090859,2804.4379296588895,0.818097412385907,40561.29615682045,40582.20091250784,1.0122777295197085,0.5515329761905441,4.711285746689176,2.654156176107535,4.176224244026908,5.373810952013766,2.055293915997304,3.394481275414785,False,False,0.00034502002530853275,fit:own-continuation,-87.5,-82.5,0.0,0.0,40579.01333885136
N04,scan-fw-b9336121cee0a279,2026-10-01T06:39:59.392389-07:00,165820,hard30,fitted-c,True,0.6742360798879438,0.6742360798879438,0,86.45213412534112,0.6742360798879438,True,37.85354062314958,-122.48058608375939,17.904704260377912,3287.7028359577353,0.95907317268312,37348.09222880205,37369.18450671891,0.8120244055029361,0.8154980596466541,4.511032422672404,2.918121259563645,3.9759709200101354,5.173557627996994,2.319258999453414,3.6584463588708944,False,False,2.3492105649304366e-05,fit:association,-87.5,-82.5,0.0,0.0,37365.99693306243
N04,scan-fw-b9336121cee0a279,2026-10-01T06:39:59.392389-07:00,165820,gaussian60,zero-c,True,3.4050067197233385,3.4050067197233385,0,151.66257242440085,0.83494046091677,True,37.856315728119604,-122.44807844704332,1.2558160803811658,2790.0868105984487,0.8139109715864786,40568.083200412206,40582.35943324761,0.20139499437629638,0.08844745018677386,4.371289609351888,2.370128649650877,2.948259586515445,6.231839150327566,0.9648929038982075,3.268443181028378,False,False,2.9615209354710847e-06,fit:association,-80.0,-80.0,6.0478619005462874e-05,0.02824261274498798,40569.33901649259
N04,scan-fw-b9336121cee0a279,2026-10-01T06:39:59.392389-07:00,165820,gaussian60,fitted-c,True,0.8078055802122955,0.8078055802122955,0,87.256716763755,0.2219390584279859,True,37.85174140149467,-122.47720602405215,1.38288647328682,3265.8659126907532,0.9527030083695313,37349.86285809461,37364.266543963415,0.2031302472605673,0.5596725751905053,4.373024862236159,2.8413537746546083,2.9499948393997157,6.233574403211837,1.4361180289019388,3.7396683060321094,False,False,0.0003130492968008115,fit:association,-80.0,-80.0,0.00044311911096563876,0.02824261274498798,37351.245744567896
N04,scan-fw-b9336121cee0a279,2026-10-01T06:39:59.392389-07:00,165820,smooth60,zero-c,True,4.470243207357192,4.470243207357192,1,145.1996148044996,1.12853111860904,True,37.866766368349936,-122.44004357540192,26.752993315574713,2751.0794211198345,0.8025319198132539,40770.82071190505,40813.776991671184,-2.38525325621463,-2.4844785052159493,5.077636688670504,3.011542973522408,3.3517211659673896,6.740990356410985,1.8739386980405341,4.471612825081781,False,False,0.000320629658717389,fit:association,-72.5,-72.5,0.0,0.0,40797.573705220624
N04,scan-fw-b9336121cee0a279,2026-10-01T06:39:59.392389-07:00,165820,smooth60,fitted-c,True,0.747926251320397,0.747926251320397,1,87.22615312773542,0.5268207825654156,True,37.853889702708244,-122.47983083815124,27.55869165121112,3261.617265807242,0.9514636131293004,37646.8571448104,37690.61912291217,-3.0405833856369138,-2.716719152819259,4.42230655924822,2.7793023259190983,2.696391036545106,6.0856602269887015,1.6416980504372245,4.239372177478472,False,False,0.0004314518526253074,fit:association,-72.5,-72.5,0.0,0.0,37674.41583646161
N04,scan-fw-b9336121cee0a279,2026-10-01T06:39:59.392389-07:00,165820,gaussian30,zero-c,True,3.2623578256283983,3.2623578256283983,0,149.76313618340302,2.8060274518290065,True,37.85605998891442,-122.44967193097663,17.639846556590264,2801.485555565093,0.8172361597331076,40559.42775313873,40590.99724112467,1.345082499844269,1.0510505090512634,4.62233174801752,2.6354436127721366,3.123948012236066,6.4883743670746385,1.0844397159962926,3.5184348562779055,False,False,0.0007505842095835193,fit:association,-82.5,-82.5,0.014569770519821137,0.066253320708852,40577.067599695314
N04,scan-fw-b9336121cee0a279,2026-10-01T06:39:59.392389-07:00,165820,gaussian30,fitted-c,True,0.8694670897959978,0.8694670897959978,0,86.9740478501083,0.5629489921566717,True,37.85204414564831,-122.47660368135377,17.837932253273856,3285.9896638644145,0.9585734141961536,37362.15032794692,37393.919410225295,1.1644703014805913,1.3637016429007982,4.4417195496538415,2.9480947466216714,2.9433358138723875,6.30776216871096,1.3970908498458274,3.8310859901274403,False,False,4.8839067560213023e-05,fit:association,-82.5,-82.5,0.016078366269403177,0.066253320708852,37379.98826020019
N04,scan-fw-b9336121cee0a279,2026-10-01T06:39:59.392389-07:00,165820,smooth30,zero-c,True,2.966116317802701,2.966116317802701,0,150.58421166072895,1.2256911716454963,True,37.85813267420801,-122.45398713034118,17.735750129199005,2790.314893991857,0.8139775069987915,40625.17980556496,40646.31316894508,0.9092249407615839,0.41496432678304396,4.755934436641004,2.694786784694216,4.244893930145644,5.443774956112584,2.0351179512126443,3.426993510565774,False,False,0.000191322947440862,fit:association,-87.5,-82.5,0.0,0.0,40642.91555569416
N04,scan-fw-b9336121cee0a279,2026-10-01T06:39:59.392389-07:00,165820,smooth30,fitted-c,True,0.6919621014663974,0.6919621014663974,0,86.41612289466276,0.5659098192095248,True,37.85351412815431,-122.48025597957032,17.899247970191936,3287.8356729137295,0.9591119232537134,37346.89466214042,37368.19152336153,0.6615967924163033,0.642208896096019,4.508306288295723,2.922031354007191,3.9972657818003636,5.196146807767303,2.2623625205256195,3.6542380798787493,False,False,1.913580276714788e-05,fit:association,-87.5,-82.5,0.0,0.0,37364.79391011061
N05,scan-fw-38fa80c19012aa0f,2026-10-01T08:10:34.589434-07:00,165821,hard30,zero-c,True,3.34597587277879,3.34597587277879,1,149.632809151828,3.229102636164884,True,37.81906848080737,-122.48260150691785,7.4681831286798115,2906.3585221139283,0.8205416493828143,42417.826041555956,42438.623894970464,-1.7310806569177815,-3.0552485000423175,1.9355391949086793,3.8241998855196844,-0.6928545761570466,3.031302723339791,3.466232388799213,4.049911868740091,False,False,0.0002624988281198595,fit:own-continuation,-82.5,-82.5,0.0,0.0,42425.294224684636
N05,scan-fw-38fa80c19012aa0f,2026-10-01T08:10:34.589434-07:00,165821,hard30,fitted-c,True,3.1923785401704508,3.1923785401704508,1,128.27018610242743,3.192378540158483,True,37.836121494910714,-122.45329846712539,5.870993086675298,3142.6387875109913,0.887249798845565,41097.62078542363,41116.82144879613,1.4665446499370398,0.6830572259620501,5.133164501763501,7.562505611524052,2.504770730697775,6.228928030194613,7.20453811480358,7.7882175947444585,False,False,9.269311720782811e-05,fit:association,-82.5,-82.5,0.0,0.0,41103.4917785103
N05,scan-fw-38fa80c19012aa0f,2026-10-01T08:10:34.589434-07:00,165821,gaussian60,zero-c,True,14.671933520396431,14.671933520396431,0,154.30438035512893,3.7716686196490663,True,37.72060608283666,-122.44756964801483,296.5030396204968,2905.0726551672146,0.8201786152363678,42867.180161602955,43174.79095188426,3.29543461058428,2.8239319876826485,-2.1012396163219567,-0.01429496831081023,-3.0008502864597912,-0.82668614780002,-0.9893194826763541,1.591647384247979,False,False,0.00017974203369527974,fit:association,-82.5,-102.5,0.02354310142961755,0.04647453120635241,43163.68320122345
N05,scan-fw-38fa80c19012aa0f,2026-10-01T08:10:34.589434-07:00,165821,gaussian60,fitted-c,True,3.1989205555170708,3.1989205555170708,0,136.29476850214513,1.0544165203380529,True,37.82139244668754,-122.49575220865752,240.05785531896518,3002.6768139289175,0.8477348430064702,41814.54411048756,42060.55965586579,-12.851752983333874,-12.533600421245602,2.8136813278432644,4.972805534930661,1.894418897622586,3.6983931991574615,4.272287996654349,5.588806438869648,False,False,0.0001169382309432654,fit:association,-102.5,-77.5,0.40282336783009887,0.689850102075312,42054.60196580652
N05,scan-fw-38fa80c19012aa0f,2026-10-01T08:10:34.589434-07:00,165821,smooth60,zero-c,True,3.4360931443964438,3.4360931443964438,0,152.64969965376534,0.759966122148113,True,37.818225380911535,-122.48311188275169,22.98123214551015,2974.639456127587,0.8398191575741353,42177.29981307706,42221.126429835844,1.527324815375939,1.535080539265865,2.5214741659215383,3.0674777375111724,-0.6738813630098872,3.5548905535466404,1.5017250638813073,4.051780784273023,False,False,8.047628302652876e-05,fit:association,-82.5,-87.5,0.0,0.0,42200.28104522257
N05,scan-fw-38fa80c19012aa0f,2026-10-01T08:10:34.589434-07:00,165821,smooth60,fitted-c,True,3.862410697172876,3.862410697172876,0,126.93336325126253,2.7716318838218563,True,37.826518578750964,-122.45228723970784,22.4524752691068,3239.0980142069975,0.9144827821024838,40627.86400432658,40671.16186420896,3.843930145234099,3.610158132506924,4.838079495779699,5.142555330752231,1.6427239668482732,5.871495883404801,3.5768026571223657,6.126858377514082,False,False,0.0005264296522327766,fit:association,-82.5,-87.5,0.0,0.0,40650.31647959568
N05,scan-fw-38fa80c19012aa0f,2026-10-01T08:10:34.589434-07:00,165821,gaussian30,zero-c,True,3.0770580056761605,3.0770580056761605,0,149.46981266105792,3.0770580056761605,True,37.82141911602246,-122.48398205681009,17.86408553805379,2957.964753038127,0.8351114491920179,42396.529354800885,42423.62353070716,-9.439657038838877,-11.39006612012009,2.5882021015773375,4.605862294661627,1.0084918213193654,3.3131797781010266,3.9180971097764132,5.512168763185793,False,False,0.0002097541124136456,fit:association,-87.5,-77.5,1.0942036561580395,2.002695606762575,42414.393440338936
N05,scan-fw-38fa80c19012aa0f,2026-10-01T08:10:34.589434-07:00,165821,gaussian30,fitted-c,True,3.0387729691801866,3.0387729691801866,0,125.19219820659211,2.609635407459531,True,37.836042601705365,-122.45532456612548,17.19493293644535,3210.4871942958634,0.9064051931947666,40973.274100730996,40999.15926634008,-6.745036084914194,-8.08539920647175,5.282823055502021,7.910529208309967,3.7031127752440494,6.007800732025711,7.222764023424753,8.816835676834133,False,False,0.00043796091694695005,fit:association,-87.5,-77.5,0.5543459605740431,2.002695606762575,40990.46903366744
N05,scan-fw-38fa80c19012aa0f,2026-10-01T08:10:34.589434-07:00,165821,smooth30,zero-c,True,3.473016041444365,3.473016041444365,0,151.7539458364845,3.003528351395695,True,37.817839982084266,-122.48444106463553,4.0968120925317635,2982.328138616026,0.8419898753856652,42134.19973337582,42158.780887777204,2.4541095649240035,2.5355973963022445,2.5205674885692195,3.042297279853734,-0.5262928002927376,3.5817329885121865,1.4200941681726658,4.171871722192423,False,False,0.0004732078955794498,fit:association,-82.5,-87.5,0.0,0.0,42138.29654546835
N05,scan-fw-38fa80c19012aa0f,2026-10-01T08:10:34.589434-07:00,165821,smooth30,fitted-c,True,3.7044932564652724,3.7044932564652724,0,126.4369960549881,2.8537008705358247,True,37.825898093769496,-122.45542892744346,3.407666017206793,3243.004490659029,0.915585683415875,40603.78500720349,40627.67701552955,4.824276233239294,4.6889122454309025,4.89073415688451,5.1956121289823916,1.8438738680225528,5.951899656827477,3.5734090173013233,6.32518657132108,False,False,3.326240026015406e-05,fit:association,-82.5,-87.5,0.0,0.0,40607.1926732207
N06,scan-fw-eb09ead05b30405d,2026-10-01T15:13:15.265254-07:00,165823,hard30,zero-c,True,1.8807442184430379,1.8807442184430379,0,129.917229971467,1.8807442184430379,True,37.86418769849776,-122.47618256208331,1.5891503303064383,2682.241231182238,0.9437864993603935,31098.02912796953,31109.598182979495,-0.4061742430068368,-0.738932805180421,-6.825852804116406,-2.2772901927060705,-8.344314051835848,-5.908524498356185,-4.2088676075660025,-1.1632988499973123,False,False,0.0001435932855868169,fit:association,-87.5,-77.5,0.0,0.0,31099.618278299837
N06,scan-fw-eb09ead05b30405d,2026-10-01T15:13:15.265254-07:00,165823,hard30,fitted-c,True,1.9272167037684764,1.9272167037684764,0,129.68156899038692,1.8559921031933504,True,37.8646928109468,-122.47628604389243,1.5819656365965784,2683.0026517954666,0.9440544165360544,31090.16607861918,31101.727948935433,-0.4789312818825177,-0.8157164223730214,-6.898609842992086,-2.354073809898671,-8.41707109071153,-5.981281537231865,-4.2856512247586025,-1.2400824671899127,False,False,3.1689510364657654e-05,fit:association,-87.5,-77.5,0.0,0.0,31091.748044255775
N06,scan-fw-eb09ead05b30405d,2026-10-01T15:13:15.265254-07:00,165823,gaussian60,zero-c,True,2.5814281471765,2.5814281471765,0,121.5824956857874,2.5814281471765,True,37.82589457995622,-122.48775142168603,1.768899599343602,2689.113257958197,0.9462045242639681,30911.469563909533,30926.180353684038,-0.7690763591498431,-0.10061535376107726,-11.84142445042885,-4.6072200000594306,-14.264128347900417,-10.853393430032886,-5.260862045475099,-3.96097696678027,False,False,4.120882615741361e-05,fit:association,-92.5,-87.5,0.0007520023695195564,0.17863297211560972,30913.23846350888
N06,scan-fw-eb09ead05b30405d,2026-10-01T15:13:15.265254-07:00,165823,gaussian60,fitted-c,True,2.5315463898502304,2.5315463898502304,0,121.35582945960142,1.452247939307278,True,37.82635258404065,-122.48789826721229,1.7596046497319977,2691.216253796361,0.9469444946503733,30898.646653844196,30913.348241583415,-0.8123214262306898,-0.12675668307295643,-11.884669517509698,-4.63336132937131,-14.307373414981265,-10.896638497113734,-5.287003374786978,-3.987118296092149,False,False,1.5752865959135092e-05,fit:association,-92.5,-87.5,0.0008449166952713998,0.17863297211560972,30900.406258493927
N06,scan-fw-eb09ead05b30405d,2026-10-01T15:13:15.265254-07:00,165823,smooth60,zero-c,True,2.596948759065694,2.596948759065694,0,121.91330731660861,2.596948759065694,True,37.82577309848892,-122.48807046640307,1.7720775256711931,2688.8132790981804,0.9460989722372204,30918.89514563218,30932.000256427014,-1.1138108324217468,-0.33502240065038996,-11.817457628842332,-4.592960428041753,-14.028976508271672,-10.958312085098704,-5.320336014947406,-3.9418525708236647,False,False,2.525837055795405e-05,fit:association,-92.5,-87.5,0.0,0.0,30920.667223157852
N06,scan-fw-eb09ead05b30405d,2026-10-01T15:13:15.265254-07:00,165823,smooth60,fitted-c,True,2.5466475626380713,2.5466475626380713,0,121.68259129386345,2.5466475626185265,True,37.82623479930025,-122.48819229881936,1.7626438586739823,2690.948802400353,0.9468503878959722,30905.886202733614,30918.98187986145,-1.158431307272822,-0.36022634601602227,-11.862078103693408,-4.618164373407385,-14.073596983122748,-11.00293255994978,-5.3455399603130385,-3.967056516189297,False,False,0.000193157780753692,fit:association,-92.5,-87.5,0.0,0.0,30907.64884659229
N06,scan-fw-eb09ead05b30405d,2026-10-01T15:13:15.265254-07:00,165823,gaussian30,zero-c,True,5.0097794082976925,5.0097794082976925,0,133.24652015384794,1.9313480281610085,True,37.87589009440711,-122.43991337946774,3.532645944622749,2668.772552308773,0.9390473442325028,31114.729149273746,31126.3333564153,0.6144494805257856,0.7702556994866964,-6.9135080655556145,-1.8937947298915696,-8.577248795126124,-5.837110915278721,-2.5971820372119874,-1.2860905171739825,False,False,4.617140184966489e-05,fit:association,-77.5,-77.5,0.004854210033550738,0.3188365475293721,31118.26179521837
N06,scan-fw-eb09ead05b30405d,2026-10-01T15:13:15.265254-07:00,165823,gaussian30,fitted-c,True,5.143048653642039,5.143048653642039,0,133.09136034388928,0.9727514896421544,True,37.87680824315053,-122.4388866142951,3.531358712718092,2670.043133684857,0.9394944172008645,31106.042503293233,31117.644759225575,0.55917364335674,0.7248250699068444,-6.9687839027246605,-1.9392253594714215,-8.632524632295171,-5.892386752447767,-2.6426126667918393,-1.3315211467538344,False,False,0.00013220490891032582,fit:association,-77.5,-77.5,0.004190232726951563,0.3188365475293721,31109.57386200595
N06,scan-fw-eb09ead05b30405d,2026-10-01T15:13:15.265254-07:00,165823,smooth30,zero-c,True,2.7296155431744054,2.7296155431744054,0,123.7892248436957,2.7296155431744054,True,37.83231305879595,-122.46302299135024,3.318786599258601,2644.480314082802,0.9304997586498248,31145.510529282532,31162.067034955588,-2.27827230940143,-2.4850194210128014,-11.547355201322715,-4.183500321139855,-13.265003755934682,-10.29392717664101,-4.817975523923446,-3.343924617196448,False,False,2.8807183178193585e-05,fit:association,-80.0,-80.0,0.0,0.0,31148.82931588179
N06,scan-fw-eb09ead05b30405d,2026-10-01T15:13:15.265254-07:00,165823,smooth30,fitted-c,True,2.71719853506974,2.71719853506974,0,123.35985053303199,2.717198535047767,True,37.83258439127089,-122.4628983578655,3.312480107688316,2644.991382814342,0.9306795857897052,31136.28414638059,31152.834345562074,-2.312340694789911,-2.5092515321912074,-11.581423586711196,-4.207732432318261,-13.299072141323165,-10.327995562029493,-4.842207635101852,-3.3681567283748546,False,False,7.463004250015553e-05,fit:association,-80.0,-80.0,0.0,0.0,31139.596626488277
N07,scan-fw-438c7b27e7309b7f,2026-10-01T19:29:22.585168-07:00,165824,hard30,zero-c,True,1.7723125642739375,1.7723125642739375,0,149.06036620648993,1.7723125642739375,True,37.83497761326512,-122.49521704857993,14.471891062014038,2866.53545461874,0.8697012908430644,38498.54699502287,38521.073940629096,0.5819559482858524,1.5130717860982623,1.873339482033367,1.4731627600861232,-0.6758755871600068,2.7098750675315966,0.9253049612441576,2.225804399493399,False,False,5.992785246568266e-05,fit:association,-87.5,-77.5,0.0,0.0,38513.01888608489
N07,scan-fw-438c7b27e7309b7f,2026-10-01T19:29:22.585168-07:00,165824,hard30,fitted-c,True,1.1781924861761965,1.1781924861761965,0,112.51377236567433,0.6020677422688666,True,37.84729787328472,-122.47252252953581,14.717018094255764,3083.152110719513,0.9354223636891726,36873.698547568754,36896.47062020722,-0.7540471344762466,-0.2792935279449709,0.5373363992712682,-0.31920255395711,-2.0118786699221056,1.3738719847694973,-0.8670603527990757,0.4334390854501657,False,False,0.00015901065029189088,fit:association,-87.5,-77.5,0.0,0.0,36888.41556566301
N07,scan-fw-438c7b27e7309b7f,2026-10-01T19:29:22.585168-07:00,165824,gaussian60,zero-c,True,1.9638283297815184,1.9638283297815184,0,148.2518749642511,0.8808791520450734,True,37.83394269533878,-122.49732561290102,14.416296797842469,2873.8190769165885,0.8719111277052757,38459.481717160415,38481.357726485556,2.7838426436226973,2.086760370664863,1.994190446456993,1.5531369243755293,-0.31491734412990025,2.8921270152138456,0.7423021153830308,2.1787494450824516,False,False,0.0007288920852888819,fit:association,-85.0,-85.0,0.015130435886286955,0.0011353807186479123,38473.898013958256
N07,scan-fw-438c7b27e7309b7f,2026-10-01T19:29:22.585168-07:00,165824,gaussian60,fitted-c,True,0.9873088527964148,0.9873088527964148,0,112.85378913820809,0.2705090095506143,True,37.846230827411055,-122.4750950160911,14.64529854771378,3082.8872783961388,0.9353420140764984,36881.14106696291,36903.233208967846,1.3348441554182433,0.16517786778083168,0.5451919582525391,-0.36844557850850235,-1.7639158323343542,1.4431285270093919,-1.179280387501001,0.2571669421984202,False,False,0.0001236108833017821,fit:association,-85.0,-85.0,0.0022613658090735816,0.0011353807186479123,36895.78636551063
N07,scan-fw-438c7b27e7309b7f,2026-10-01T19:29:22.585168-07:00,165824,smooth60,zero-c,True,1.7282373500966195,1.7282373500966195,0,149.38877112037403,1.6907291599109102,True,37.83557887494992,-122.49555751972032,14.48996237393294,2868.796163689026,0.8703871855852627,38504.99692167406,38524.21507935743,-1.4534382793398393,1.0284656337938407,1.977510496954699,1.258170923287657,1.5576224654647377,2.526398004867567,0.29892502551331557,1.99355698010853,False,False,8.091006359988101e-05,fit:association,-95.0,-75.0,0.0,0.0,38519.48688404799
N07,scan-fw-438c7b27e7309b7f,2026-10-01T19:29:22.585168-07:00,165824,smooth60,fitted-c,True,1.2442326370211458,1.2442326370211458,0,113.95671729365591,0.6432574438737868,True,37.848008178968094,-122.47164656242202,14.730216826632386,3081.1737063350224,0.9348221196404801,36908.60054407166,36928.372162818516,0.4437175805829533,0.5462564582882603,0.564109852372297,-0.38482444431900353,-1.4219050583324297,1.091642885034779,-0.9733425847425455,0.1306325386048135,False,False,0.00011026609070151155,fit:own-continuation,-82.5,-77.5,0.0,0.0,36923.330760898294
N07,scan-fw-438c7b27e7309b7f,2026-10-01T19:29:22.585168-07:00,165824,gaussian30,zero-c,True,2.4304277775061722,2.4304277775061722,0,147.91004611334034,0.6710430068288474,True,37.83026567662385,-122.49989256972982,44.857849129732266,2872.5608185557694,0.8715293745618232,38458.7586018971,38513.57732948435,1.6794674361918565,1.7066090180472762,1.858754126757602,1.3311723475925785,-0.42971413442014006,2.507155543013494,0.015581020249012312,2.286780495637427,False,False,0.00020304797113525255,fit:association,-95.0,-85.0,0.02866562604854568,0.000865482054680633,38503.61645102683
N07,scan-fw-438c7b27e7309b7f,2026-10-01T19:29:22.585168-07:00,165824,gaussian30,fitted-c,True,1.2338104954546638,1.2338104954546638,0,113.79743763994247,0.8000288706563677,True,37.84807780953941,-122.47175769622666,14.726714614279544,3081.2636142031006,0.9348493975130766,36905.22417382048,36924.825310838896,0.2998523299545232,0.3195972365465156,0.5871506382683386,-0.3567991461739868,-1.4212860620107026,1.135078555750106,-0.683411452099878,0.2234978267626151,False,False,5.1518788899345335e-05,fit:association,-82.5,-77.5,0.0009602690669366287,0.0027002619225868028,36919.95088843476
N07,scan-fw-438c7b27e7309b7f,2026-10-01T19:29:22.585168-07:00,165824,smooth30,zero-c,True,1.7150809231024864,1.7150809231024864,0,148.95564184329317,1.7150809231024864,True,37.83554896228967,-122.49518473862297,14.483184852040722,2870.8911756886973,0.8710228081579786,38484.764114017016,38503.90902401201,1.7339128046407284,2.2393182177844375,2.0137541859601464,1.514305470235427,0.03395730259652008,2.559742445606181,1.1975737736562708,2.0498185837989045,False,False,2.8334436018999203e-05,fit:association,-82.5,-77.5,0.0,0.0,38499.24729886906
N07,scan-fw-438c7b27e7309b7f,2026-10-01T19:29:22.585168-07:00,165824,smooth30,fitted-c,True,1.2315238046508652,1.2315238046508652,0,113.84166254302673,0.7955657594710318,True,37.84806788127372,-122.47178496334114,14.726471904512437,3081.2008699572107,0.9348303610307072,36906.25741033067,36925.64560737814,0.30974893292325706,0.3597018444483326,0.589590314242675,-0.3653109031006779,-1.3902065691209513,1.1355785738887094,-0.682042599679834,0.17020221046279932,False,False,1.861598081180616e-05,fit:association,-82.5,-77.5,0.0,0.0,36920.98388223518
N08,scan-fw-de92cd029ec64536,2026-10-01T22:45:22.172380-07:00,165825,hard30,zero-c,True,0.5407264632373517,0.5407264632373517,0,156.15278578270812,0.2589773491262114,True,37.85313632042046,-122.48240401141919,0.883086050649581,2647.6786219000037,0.8627170485174336,35623.288832014,35630.285950462654,-1.5238377208698943,-0.49899475636809326,5.683074773490361,3.7361774469731586,5.170349837355649,6.282617373886852,1.5991208936565324,4.683319206076628,False,False,0.00015871218567085465,fit:association,-87.5,-77.5,0.0,0.0,35624.17191806465
N08,scan-fw-de92cd029ec64536,2026-10-01T22:45:22.172380-07:00,165825,hard30,fitted-c,True,1.2392871132502303,1.2392871132502303,0,86.44857091608507,0.6499554022109667,True,37.84064378750302,-122.49501260430515,0.9218469096740591,2917.9658414228916,0.9507871754391957,33241.47899981862,33248.5148791263,-3.164732707421624,-2.458736175499448,4.0421797869386324,1.7764360278418039,3.5294548508039196,4.641722387335124,-0.36062052547482226,2.7235777869452735,False,False,0.0006217402730271139,fit:association,-87.5,-77.5,0.0,0.0,33242.40084672829
N08,scan-fw-de92cd029ec64536,2026-10-01T22:45:22.172380-07:00,165825,gaussian60,zero-c,True,0.463336151038837,0.463336151038837,0,156.0439463633812,0.05216411219370855,True,37.85140986187619,-122.4814002134657,0.839415396202505,2652.412791484595,0.8642596257688481,35531.68882906537,35541.43796955091,2.384295347916523,2.585732708077926,5.419879870882079,3.638628671984743,3.092503269048341,6.727151272568723,2.8972094331801217,4.292161134764621,False,False,0.0002869380136419598,fit:association,-87.5,-82.5,0.015463597429650474,0.012904204133599108,35532.52824446157
N08,scan-fw-de92cd029ec64536,2026-10-01T22:45:22.172380-07:00,165825,gaussian60,fitted-c,True,1.316823194854258,1.316823194854258,0,84.72681548076794,0.5961508945976389,True,37.83847146790479,-122.49248021295709,0.8680098974020088,2920.0382281497377,0.9514624399314884,33120.39147192826,33130.15445208874,0.5845092235915408,0.47472718776401457,3.620093746557097,1.5276231516708316,1.2927171447233587,4.927365148243741,0.7862039128662102,2.1811556144507094,False,False,0.00013215991401002367,fit:association,-87.5,-82.5,0.0007087711690823946,0.012904204133599108,33121.25948182566
N08,scan-fw-de92cd029ec64536,2026-10-01T22:45:22.172380-07:00,165825,smooth60,zero-c,True,0.3875955327103678,0.3875955327103678,0,154.37720408881228,0.10333872740279978,True,37.851384640427796,-122.48246971626843,0.8283171585644595,2639.191193945029,0.8599515131785693,35548.42608654944,35568.52012249738,5.800355160424206,5.515139625145257,5.290796199600459,3.5245793554981235,3.7172882200821844,7.346903308142412,2.2654998561454978,5.061044174230819,False,False,0.0005484804651800655,fit:association,-80.0,-80.0,0.0,0.0,35549.25440370801
N08,scan-fw-de92cd029ec64536,2026-10-01T22:45:22.172380-07:00,165825,smooth60,fitted-c,True,1.3619220727503074,1.3619220727503074,0,86.32359361310019,1.3619220727503074,True,37.837185249353894,-122.48957344964316,0.8741518071692553,2918.6949683636813,0.9510247534583517,33149.69088441643,33169.83075501297,3.872400069634654,3.369920773051409,3.3628411088109065,1.379360503404276,1.7893331292926316,5.41894821735286,0.12028100405165021,2.915825322136972,False,False,2.8765666597602027e-06,fit:association,-80.0,-80.0,0.0,0.0,33150.5650362236
N08,scan-fw-de92cd029ec64536,2026-10-01T22:45:22.172380-07:00,165825,gaussian30,zero-c,True,0.5630194859885586,0.5630194859885586,0,155.75458606336738,0.5630194859794007,True,37.85217099421701,-122.48069925799899,0.8395776312457067,2652.3114856059915,0.8642266163590718,35527.21582961675,35538.58917445837,2.374646785765231,2.557305578887499,5.464672960908058,3.646155382672846,3.0113359149373395,6.8470888229500595,2.7477539741110393,4.297506842090553,False,False,5.432191960645861e-05,fit:own-continuation,-87.5,-82.5,0.06089379590477135,0.053669278291355996,35528.05540724799
N08,scan-fw-de92cd029ec64536,2026-10-01T22:45:22.172380-07:00,165825,gaussian30,fitted-c,True,1.2499231531047406,1.2499231531047406,0,84.1202581456258,0.5349896100027772,True,37.83884030504922,-122.49169311605029,0.8632479262500196,2920.161083083298,0.951502470864548,33110.745960836204,33122.084577554335,0.5398686887560422,0.4556503926064225,3.6298948638988695,1.5445001963917693,1.1765578179281508,5.01231072594087,0.6460987878299626,2.1958516558094763,False,False,2.8526947877838033e-05,fit:association,-87.5,-82.5,0.0024953774069077766,0.053669278291355996,33111.60920876246
N08,scan-fw-de92cd029ec64536,2026-10-01T22:45:22.172380-07:00,165825,smooth30,zero-c,True,0.8357701556880196,0.8357701556880196,0,153.80472183124562,0.26008806235497417,True,37.85429036767678,-122.47892323927891,0.8289036908463459,2639.793244824017,0.8601476848563105,35540.11213949958,35565.89010619879,3.701316260644631,3.6436261544610344,5.446763220602393,3.6160886543894173,3.708602555873754,7.51774511328704,1.8500986864499558,5.269247398214798,False,False,0.0002490298102820099,fit:association,-82.5,-82.5,0.0,0.0,35540.941043190425
N08,scan-fw-de92cd029ec64536,2026-10-01T22:45:22.172380-07:00,165825,smooth30,fitted-c,True,1.1685587270563256,1.1685587270563256,0,84.43967332256302,1.1685587270563256,True,37.83857015286613,-122.48663407774517,0.8570963256715913,2919.1589647640885,0.9511759415979435,33119.38337129628,33145.18953063032,1.6592416056558401,1.4726006537629133,3.4046885656136023,1.4450631536912963,1.6665279008849636,5.47567045829825,-0.32092681424816516,3.0982218975166766,False,False,0.00031025646029882517,fit:association,-82.5,-82.5,0.0,0.0,33120.24046762195
N09,scan-fw-6be5713100436c09,2026-10-02T00:45:55.237279-07:00,165826,hard30,zero-c,True,2.5009175983684337,2.5009175983684337,0,156.781248194731,2.5009175983684337,True,37.848148565703134,-122.45729498593423,41.14023223564436,3054.911520235534,0.8942949415209409,39493.24835882392,39553.79133436191,0.33847112983640687,1.3217762616422932,-1.4664853677913172,0.3120343055842254,-3.142869871849988,0.7840939033881129,-0.9335293571226633,1.7799313748133194,False,False,0.00039677253029731657,fit:association,-92.5,-82.5,0.0,0.0,39534.38859105956
N09,scan-fw-6be5713100436c09,2026-10-02T00:45:55.237279-07:00,165826,hard30,fitted-c,True,2.1851902165732078,2.1851902165732078,0,82.92720745455517,0.31136773995757244,True,37.83485658274883,-122.46855173418261,39.89964873966528,3301.2125933977677,0.9663971292148031,36950.685230883595,37009.987622925604,-1.9917911988548307,-0.8840432864396559,-3.796747696482555,-1.8937852424977237,-5.473132200541226,-1.546168425303125,-3.1393489052046126,-0.4258881732686297,False,False,6.480804829812892e-05,fit:own-continuation,-92.5,-82.5,0.0,0.0,36990.58487962326
N09,scan-fw-6be5713100436c09,2026-10-02T00:45:55.237279-07:00,165826,gaussian60,zero-c,True,1.2314268085666196,1.2314268085666196,0,158.56249727213495,1.2314268085666196,True,37.85455225505131,-122.47357851395007,41.27080859587387,3039.784596659816,0.8898666852048642,39596.93090183866,39651.08050762287,1.3893790469185185,1.7357505712065306,-0.9229728798035655,0.7506928631261723,-2.6608924859581045,0.9124589436457031,-0.14481133807785251,1.6894975451513121,False,False,0.00024926570514055167,fit:association,-87.5,-82.5,0.0061790052268250115,0.007896637651579828,39638.201710434536
N09,scan-fw-6be5713100436c09,2026-10-02T00:45:55.237279-07:00,165826,gaussian60,fitted-c,True,1.9380547933541852,1.9380547933541852,0,85.27239147310551,1.9380547933541852,True,37.83947700966495,-122.46731598180288,39.92156604747411,3305.47754454236,0.9676456512126347,36974.684746016355,37027.481288940064,-1.2070380258032232,-0.6557543025027063,-3.519389952525307,-1.6408120105830646,-5.257309558679846,-1.6839581290760384,-2.5363162117870894,-0.7020073285579248,False,False,3.12997257195715e-06,fit:association,-87.5,-82.5,0.0023586931262321916,0.007896637651579828,37014.60631206383
N09,scan-fw-6be5713100436c09,2026-10-02T00:45:55.237279-07:00,165826,smooth60,zero-c,True,1.3301369084676484,1.3301369084676484,0,158.59058121091596,1.3301369084329568,True,37.8553992327644,-122.47291030150862,41.340623711948865,3039.360387416995,0.8897425021712514,39599.197745397716,39655.213099143235,1.3643047967525106,2.0092723010604026,-0.9201868685402823,0.7767944615906983,-3.039071999551327,1.0554802214285275,-0.042592203483272195,1.420889886276444,False,False,0.00020648426627675742,fit:association,-87.5,-82.5,0.0,0.0,39640.538369109665
N09,scan-fw-6be5713100436c09,2026-10-02T00:45:55.237279-07:00,165826,smooth60,fitted-c,True,1.9235611492817517,1.9235611492817517,0,85.113773785147,1.133633851014654,True,37.84005937250723,-122.46704432992726,39.963365695628454,3305.656855499037,0.9676981427104909,36971.23270301641,37025.87079874561,-1.2208889872087438,-0.36787950134469555,-3.505380652501537,-1.6003573408143998,-5.624265783512582,-1.5297135625327272,-2.4197440058883704,-0.9562619161286542,False,False,5.02055621485753e-05,fit:association,-87.5,-82.5,0.0,0.0,37011.19606871204
N09,scan-fw-6be5713100436c09,2026-10-02T00:45:55.237279-07:00,165826,gaussian30,zero-c,True,4.492135402124858,4.492135402124858,0,157.56439343652008,2.858527522375153,True,37.8439897028751,-122.43499904435944,59.63722469386128,3030.2183197376526,0.8870662528506009,39606.789676192624,39674.94432247348,0.05931683031449778,-0.9426221594354898,-1.5730246934839094,0.1666122442159268,-2.4193650395246884,-0.4611947705507977,-0.8886679149173868,1.4836650501449564,False,False,0.0008879018854267796,fit:association,-77.5,-87.5,0.004460275109086923,0.019474699062802095,39666.42690088649
N09,scan-fw-6be5713100436c09,2026-10-02T00:45:55.237279-07:00,165826,gaussian30,fitted-c,True,2.2426249883490468,2.2426249883490468,0,89.09451143008465,1.1940363250721027,True,37.837439524735814,-122.46487739128686,42.75626347680778,3300.826208508879,0.9662840188843322,37147.17514796126,37203.40342680545,-2.7036696191224006,-2.315942403594808,-3.506173293552972,-1.7256018504766395,-4.428541769924244,-2.7793713357490115,-3.6430004165156755,-0.17541925268963632,False,False,0.00021082976384520502,fit:association,-90.0,-90.0,0.06336709313066982,0.00496257058065217,37189.93141143807
N09,scan-fw-6be5713100436c09,2026-10-02T00:45:55.237279-07:00,165826,smooth30,zero-c,True,3.1814241094483724,3.1814241094483724,0,156.77456475650314,3.1814241094483724,True,37.84626340633079,-122.44969494730789,41.05169549656421,3044.893491212065,0.891362263235382,39533.73301114427,39586.31598885035,-0.48979782071409456,-0.8488446777260699,-1.460456951215962,0.26881331413204457,-2.841276012524044,-0.3874452076470152,-1.3633830067304358,1.7245957423568579,False,False,0.00013281558153411806,fit:association,-82.5,-92.5,0.0,0.0,39574.784706640836
N09,scan-fw-6be5713100436c09,2026-10-02T00:45:55.237279-07:00,165826,smooth30,fitted-c,True,2.877983360945676,2.877983360945676,0,87.60207830317688,1.4612840106909213,True,37.832085774884064,-122.46100927719243,39.75749461432133,3297.7426866624464,0.9653813485545804,37041.62677831466,37092.9155551385,-2.8037429212509153,-3.0571206181557224,-3.7744020517527828,-1.939462626297608,-5.155221113060865,-2.7013903081838357,-3.5716589471600884,-0.4836801980727947,False,False,9.709016193426567e-05,fit:association,-82.5,-92.5,0.0,0.0,37081.38427292898
N10,scan-fw-c267954dd8848b49,2026-10-02T11:53:08.055303-07:00,165830,hard30,zero-c,True,2.1355531143652047,2.1355531143652047,0,139.84918786009288,2.1355531143652047,True,37.86499878669792,-122.47219116443429,1.9075978032997227,2854.8030138175727,0.9375379355722735,34500.06611563957,34511.85519516252,-2.3020387828868527,-1.0677509791793736,4.247021950633309,3.850688762385989,2.9362603123786313,5.632054122171829,3.0153579244072444,4.531423108578263,False,False,0.0004346279961657262,fit:association,-87.5,-82.5,0.0,0.0,34501.97371344287
N10,scan-fw-c267954dd8848b49,2026-10-02T11:53:08.055303-07:00,165830,hard30,fitted-c,True,1.582307268306961,1.582307268306961,0,122.99133353885209,1.582307268306961,True,37.86286507159029,-122.49010752655037,1.8002389568209765,2869.5601217265967,0.9423842764290958,34085.85656031662,34097.53828099309,-2.041667575973802,-1.2401952003466432,4.50739315754636,3.678244541218719,3.1966315192916825,5.8924253290848805,2.8429137032399745,4.358978887410993,False,False,0.0002597390187591155,fit:association,-87.5,-82.5,0.0,0.0,34087.65679927344
N10,scan-fw-c267954dd8848b49,2026-10-02T11:53:08.055303-07:00,165830,gaussian60,zero-c,True,2.2229394761200694,2.2229394761200694,0,139.04046629233667,2.2229394761200694,True,37.865685013847504,-122.47170013347026,1.9176691952565659,2857.7619901279195,0.9385096847710738,34470.56837490661,34483.35920679439,0.13760088578941326,0.43373177940948576,4.286870959501659,3.850516083278726,2.5716074288679556,5.541698772008161,3.0536605167619895,4.787155196627229,False,False,3.321528429785919e-05,fit:association,-82.5,-82.5,0.00025882157529968745,0.036113571404714044,34472.48604410187
N10,scan-fw-c267954dd8848b49,2026-10-02T11:53:08.055303-07:00,165830,gaussian60,fitted-c,True,1.655831007760603,1.655831007760603,0,122.52969110326877,1.655831007760603,True,37.86363804669414,-122.48957991495996,1.807682474752473,2872.734965986304,0.9434269182221031,34064.412075603555,34077.09295500213,0.39858795364477756,0.2748998773862247,4.547858027357023,3.691684181255465,2.8325944967233196,5.802685839863525,2.8948286147387283,4.628323294603968,False,False,8.99365529280884e-06,fit:association,-82.5,-82.5,0.0002930528742221159,0.036113571404714044,34066.21975807831
N10,scan-fw-c267954dd8848b49,2026-10-02T11:53:08.055303-07:00,165830,smooth60,zero-c,True,2.2256246141216187,2.2256246141216187,0,139.04555739775603,2.2256246141216187,True,37.86572680396008,-122.47172443289061,1.917998685668863,2857.8057087417883,0.9385240422797334,34470.52175657482,34483.1810651623,0.1490296721620801,0.4357490751467097,4.282001509386897,3.8506262373834366,2.5646591241577745,5.54386365180446,3.082306967740578,4.787653129309446,False,False,4.292607570010503e-06,fit:association,-82.5,-82.5,0.0,0.0,34472.439755260486
N10,scan-fw-c267954dd8848b49,2026-10-02T11:53:08.055303-07:00,165830,smooth60,fitted-c,True,1.660775352519066,1.660775352519066,0,122.5345942473058,1.660775352519066,True,37.863680006800095,-122.48960099527422,1.8079089592793025,2872.8227347013,0.9434557421022332,34064.17112257705,34076.720341438144,0.40973805264448815,0.27642198001067875,4.542709889869305,3.6912991422474057,2.825367504640182,5.804572032286868,2.922979872604547,4.628326034173416,False,False,0.00031782342319885656,fit:association,-82.5,-82.5,0.0,0.0,34065.97903153633
N10,scan-fw-c267954dd8848b49,2026-10-02T11:53:08.055303-07:00,165830,gaussian30,zero-c,True,2.5132193944964567,2.5132193944964567,0,139.06912848366719,2.493850631012457,True,37.86855003148021,-122.4712670819114,1.959823460372106,2857.179668228471,0.9383184460520431,34473.76361930763,34490.632315664036,2.986631786759084,2.2345133510631108,4.092526185018752,3.8427928396864095,2.38541469648365,5.259279726661636,2.337186858291753,5.467557243083011,False,False,0.00011429910684387923,fit:association,-77.5,-82.5,0.06956509672879527,0.01904782666814266,34475.723442768
N10,scan-fw-c267954dd8848b49,2026-10-02T11:53:08.055303-07:00,165830,gaussian30,fitted-c,True,1.984501161281951,1.984501161281951,0,123.01742360814745,1.9845011612645391,True,37.86669122739877,-122.4892292868841,1.8394714686118416,2871.5047649944063,0.9430229113282123,34077.72846310625,34094.48417785979,3.291294438510727,2.1341223124170923,4.397188836770395,3.742401801040391,2.690077348235293,5.563942378413279,2.236795819645735,5.367166204436992,False,False,0.00020562049983321312,fit:association,-77.5,-82.5,0.07693548562664058,0.01904782666814266,34079.567934574865
N10,scan-fw-c267954dd8848b49,2026-10-02T11:53:08.055303-07:00,165830,smooth30,zero-c,True,2.114783478087728,2.114783478087728,0,140.21852720669148,2.114783478087728,True,37.86478755735178,-122.47221777798823,1.9056172570344643,2853.388117557168,0.9370732734177891,34513.492904938925,34524.80355244801,-2.2710922886223206,-0.9240822933067852,4.273565755491134,3.8587101197105476,3.0369327923157683,5.625722003564549,3.063828151473473,4.463386370289067,False,False,0.0007861753282240314,fit:association,-87.5,-82.5,0.0,0.0,34515.39852219596
N10,scan-fw-c267954dd8848b49,2026-10-02T11:53:08.055303-07:00,165830,smooth30,fitted-c,True,1.5609481985444302,1.5609481985444302,0,123.29763634821579,1.397803402011467,True,37.862656381308064,-122.49016064906812,1.7990913945541251,2867.8927094207393,0.9418366861808668,34098.422622413666,34109.62674406027,-2.0105731788896684,-1.0979655489609033,4.534084865223787,3.6848268640564297,3.297451902048421,5.886241113297203,2.8899448958193545,4.2895031146349485,False,False,6.704146948825762e-05,fit:association,-87.5,-82.5,0.0,0.0,34100.22171380822
N11,scan-fw-ea83fb423745d951,2026-10-02T14:57:39.103891-07:00,165831,hard30,zero-c,True,0.9792483194496461,0.9792483194496461,0,103.94912762378296,0.7505328635680744,True,37.847517279621165,-122.4747738401135,6.994447374607262,2887.4734211421846,0.9539059865022084,33231.01841839829,33242.8837734511,-0.5227884718799862,0.9413921513993252,-10.331773408707734,-5.329092711520582,-11.235379690156298,-9.445903985126629,-5.937855056743594,-4.868558275721957,False,False,0.00020640980227300092,fit:association,-80.0,-80.0,0.0,0.0,33238.0128657729
N11,scan-fw-ea83fb423745d951,2026-10-02T14:57:39.103891-07:00,165831,hard30,fitted-c,True,1.0267197354193207,1.0267197354193207,0,103.55486433288526,0.995880871486719,True,37.84760509757461,-122.47420688136782,6.995475102754426,2889.1223915693936,0.9544507405250722,33218.05107207631,33229.91745485727,-0.4019841438082748,1.0203081298357284,-10.210969080636023,-5.25017673308418,-11.114575362084587,-9.325099657054917,-5.858939078307191,-4.789642297285555,False,False,1.9123881637383988e-05,fit:association,-80.0,-80.0,0.0,0.0,33225.04654717907
N11,scan-fw-ea83fb423745d951,2026-10-02T14:57:39.103891-07:00,165831,gaussian60,zero-c,True,1.064599445886806,1.064599445886806,0,105.03526132165518,1.025429906957374,True,37.84870528097319,-122.4736382081691,49.95479528735459,2884.756739135708,0.9530085031832534,33339.805818459805,33399.10705461707,-0.39290993246094474,1.3696548188260425,-10.411965153159937,-5.3938014065037185,-11.622689465474718,-8.856288273720894,-6.4472394481686095,-4.713994966875872,False,False,0.00016075839653173474,fit:association,-77.5,-77.5,0.002537915672199829,0.18265725953420953,33389.76061374716
N11,scan-fw-ea83fb423745d951,2026-10-02T14:57:39.103891-07:00,165831,gaussian60,fitted-c,True,1.1099970643389236,1.1099970643389236,0,104.61876797719374,1.0047549122896224,True,37.84879762652768,-122.47311725536292,49.955338016883665,2886.580330132162,0.9536109448735256,33325.563939319385,33384.86591546824,-0.26035759583464513,1.4561442615674824,-10.279412816533636,-5.307311963762278,-11.490137128848417,-8.723735937094593,-6.360750005427169,-4.627505524134432,False,False,3.782100838024133e-05,fit:association,-77.5,-77.5,0.0027351777352558814,0.18265725953420953,33375.51927733627
N11,scan-fw-ea83fb423745d951,2026-10-02T14:57:39.103891-07:00,165831,smooth60,zero-c,True,0.9730113895561265,0.9730113895561265,0,103.95020743542713,0.2143878708941858,True,37.84748638705715,-122.47485305442231,6.993536858775769,2887.4412046965745,0.9538953434742565,33231.17044093877,33242.97396034379,-0.674604743861476,0.7848923581349138,-10.328775377312212,-5.324812548347992,-11.251602743890457,-9.399656647625955,-5.834142962017791,-4.9780506269302425,False,False,7.678603457532927e-05,fit:association,-80.0,-80.0,0.0,0.0,33238.16397779754
N11,scan-fw-ea83fb423745d951,2026-10-02T14:57:39.103891-07:00,165831,smooth60,fitted-c,True,1.0201282950411688,1.0201282950411688,0,103.55710747548167,1.0155120349441549,True,37.847574593713496,-122.4742891599257,6.994585251872195,2889.1006360099036,0.9544435533564267,33218.18471237924,33229.98928017736,-0.5536444444021954,0.8639615899961137,-10.207815077852931,-5.2457433164867915,-11.130642444431176,-9.278696348166674,-5.755073730156591,-4.898981395069042,False,False,0.00010715124884332387,fit:own-continuation,-80.0,-80.0,0.0,0.0,33225.17929763111
N11,scan-fw-ea83fb423745d951,2026-10-02T14:57:39.103891-07:00,165831,gaussian30,zero-c,True,0.8971337078748425,0.8971337078748425,0,104.01526425231721,0.8971337078748425,True,37.848913686161715,-122.47553892445454,7.028551668908047,2887.8629136939417,0.9540346592976352,33230.28928208602,33248.11048225922,-1.7129877681609147,-0.40101805881633784,-10.303307615383098,-5.242232152247781,-11.667535303976129,-9.078923069652204,-6.369360795232468,-4.684132896554561,False,False,4.279596039814804e-05,fit:association,-82.5,-77.5,0.015475712886828676,0.4861547448800929,33237.31783375493
N11,scan-fw-ea83fb423745d951,2026-10-02T14:57:39.103891-07:00,165831,gaussian30,fitted-c,True,0.9502680421301634,0.9502680421301634,0,103.58831319152512,0.47191634024581797,True,37.84901293780384,-122.47493230681101,7.029792620850884,2889.5109122670274,0.954579092258681,33216.875563501,33234.69558103736,-1.5845276060053934,-0.3157484560813317,-10.174847453227576,-5.156962549512775,-11.539075141820607,-8.950462907496682,-6.284091192497462,-4.598863293819555,False,False,6.371623687448564e-05,fit:association,-82.5,-77.5,0.01305212410855464,0.4861547448800929,33223.90535612185
N11,scan-fw-ea83fb423745d951,2026-10-02T14:57:39.103891-07:00,165831,smooth30,zero-c,True,0.9834836012497378,0.9834836012497378,0,104.32530868714274,0.6951025186424846,True,37.848802927922236,-122.47455848339403,7.020998976033297,2887.399829282359,0.953881674688589,33237.681994612794,33254.69397452624,-1.3178304286656508,0.03902322550144929,-10.337518832205717,-5.289321792681515,-11.597890328473209,-9.014947568381046,-6.3925701610964785,-4.6551371267822805,False,False,0.00015286639997915547,fit:association,-82.5,-77.5,0.0,0.0,33244.70299358883
N11,scan-fw-ea83fb423745d951,2026-10-02T14:57:39.103891-07:00,165831,smooth30,fitted-c,True,1.0355964414326764,1.0355964414326764,0,103.89338759725509,0.552309688286104,True,37.84889453756193,-122.47396213934721,7.022093011823017,2889.100654683846,0.954443559525552,33223.89330608319,33240.90638003243,-1.1866886723388357,0.12631514968110955,-10.206377075878901,-5.202029868501855,-11.466748572146393,-8.88380581205423,-6.305278236916818,-4.567845202602621,False,False,0.00012071849726859763,fit:association,-82.5,-77.5,0.0,0.0,33230.915399095014
N12,scan-fw-094ad16b6a88aa22,2026-10-02T19:01:47.809044-07:00,165832,hard30,zero-c,True,2.3031311505503207,2.3031311505503207,0,122.7965679674118,2.3031311505288534,True,37.85703808486202,-122.46154881568735,69.34967237740057,2868.3757393362694,0.9358485283315724,34158.99215930666,34243.60823775961,-0.12784322904139314,-0.8297687049821283,-7.005449558335325,-5.353265234472318,-8.325105370554057,-4.993045046743896,-6.672809321764711,-3.937412089880719,False,False,0.00018810021213191974,fit:association,-87.5,-82.5,0.0,0.0,34228.34183168406
N12,scan-fw-094ad16b6a88aa22,2026-10-02T19:01:47.809044-07:00,165832,hard30,fitted-c,True,2.475262281267085,2.475262281267085,0,72.89120099479462,1.9287165556032257,True,37.853035415014055,-122.45801709330601,69.48926602677238,2912.9228101464823,0.9503826460510546,33158.16135737744,33242.91702947976,0.2029493168710849,-0.1523319654175831,-6.674657012422847,-4.6758284949077735,-7.994312824641579,-4.662252500831418,-5.995372582200166,-3.259975350316174,False,False,0.00026069698252748075,fit:association,-87.5,-82.5,0.0,0.0,33227.65062340421
N12,scan-fw-094ad16b6a88aa22,2026-10-02T19:01:47.809044-07:00,165832,gaussian60,zero-c,True,3.1996436134958373,3.1996436134958373,0,125.68991589650298,0.995237282574099,True,37.864834668654694,-122.45527739888631,74.8767933363052,2890.095152459487,0.9429347968872714,34198.8293552334,34281.03494813435,-3.179714153716584,-3.6609982033269737,-6.493447576569668,-4.719496570048466,-7.663256891352346,-5.509147127069632,-5.609187979904549,-3.901335650950915,False,False,0.00026353510176396755,fit:association,-87.5,-77.5,0.02939186243013613,0.015126559987607107,34273.706148569705
N12,scan-fw-094ad16b6a88aa22,2026-10-02T19:01:47.809044-07:00,165832,gaussian60,fitted-c,True,3.213111994360084,3.213111994360084,0,78.31791170704889,0.9379006545693498,True,37.86115444245735,-122.45251935010334,74.74424420234837,2924.5993003735193,0.9541922676585708,33248.51564428651,33330.58118487881,-2.888918433840067,-3.0273916937683993,-6.2026518566931514,-4.085890060489891,-7.3724611714758295,-5.218351407193115,-4.975581470345975,-3.2677291413923406,False,False,4.880823015307456e-05,fit:association,-87.5,-77.5,0.021888687731098554,0.015126559987607107,33323.25988848886
N12,scan-fw-094ad16b6a88aa22,2026-10-02T19:01:47.809044-07:00,165832,smooth60,zero-c,True,3.153623008031162,3.153623008031162,0,125.79971796811391,1.6929748146108674,True,37.86468887709005,-122.45578343276915,74.91940157432691,2890.1849233910975,0.9429640859351053,34200.96868137901,34282.71132531317,-3.2928493614062693,-3.7331589736614603,-6.488420068289836,-4.733557262553153,-7.560273135324717,-5.552398007444571,-5.429169900182822,-3.9046412567565225,False,False,7.311187310921584e-05,fit:association,-87.5,-77.5,0.0,0.0,34275.88808295334
N12,scan-fw-094ad16b6a88aa22,2026-10-02T19:01:47.809044-07:00,165832,smooth60,fitted-c,True,3.1630406062258394,3.1630406062258394,0,78.37307334453571,3.163040606182515,True,37.86097742797462,-122.45304404262589,74.78854328017042,2924.721247572291,0.9542320546728519,33248.891323740885,33330.50310938089,-2.998241229778763,-3.097147393015337,-6.193811936662329,-4.097545681907029,-7.265665003697211,-5.257789875817064,-4.7931583195366985,-3.2686296761103986,False,False,0.00039539972265398293,fit:association,-87.5,-77.5,0.0,0.0,33323.679867021056
N12,scan-fw-094ad16b6a88aa22,2026-10-02T19:01:47.809044-07:00,165832,gaussian30,zero-c,True,2.757719496123905,2.757719496123905,0,123.48684564204109,0.9442119808639676,True,37.857643064367934,-122.45628774658665,96.4742000112344,2841.3384338318165,0.9270272214785699,34287.7694876635,34401.43701235745,1.7801756741255719,1.1871797875689556,-7.088456238348582,-5.448043111937842,-8.674524548791204,-5.521594707077687,-7.129263633564302,-4.245713017582581,False,False,0.00030476711105301146,fit:association,-82.5,-82.5,0.022892106393803527,0.6133940746254718,34384.24368767473
N12,scan-fw-094ad16b6a88aa22,2026-10-02T19:01:47.809044-07:00,165832,gaussian30,fitted-c,True,2.803614202652462,2.803614202652462,0,74.19155898235354,1.9414687244804327,True,37.853274305643396,-122.45427324083235,96.56484001253502,2884.711848126948,0.9411784170071609,33299.48656414205,33413.26025254229,2.0078013014117775,1.9109935143378425,-6.860830611062376,-4.724229385168956,-8.446898921505,-5.293969079791482,-6.405449906795416,-3.5218992908136943,False,False,2.7461154111396713e-05,fit:association,-82.5,-82.5,0.03841581138896062,0.6133940746254718,33396.05140415458
N12,scan-fw-094ad16b6a88aa22,2026-10-02T19:01:47.809044-07:00,165832,smooth30,zero-c,True,2.8463226058367317,2.8463226058367317,1,123.46703549399663,2.74854857434382,True,37.85831684310997,-122.4555316058545,96.3273279730638,2841.3385822284545,0.9270272698950912,34287.58656077323,34398.01224162705,1.783538436873899,0.8842324542350691,-7.051612643467735,-5.459308795015586,-8.644979345579754,-5.571734405517513,-6.897111313042708,-4.207333724247608,False,False,0.0001238962817314438,fit:association,-82.5,-82.5,0.0,0.0,34383.91388874629
N12,scan-fw-094ad16b6a88aa22,2026-10-02T19:01:47.809044-07:00,165832,smooth30,fitted-c,True,2.9163194325315467,2.9163194325315467,1,74.51977637735463,2.455784532347188,True,37.85407400640502,-122.45315296312619,96.38898267253535,2884.477894292775,0.9411020862292904,33305.034236994674,33415.52157254797,2.0002462821687117,1.5957523222149528,-6.834904798172921,-4.747788927035702,-8.428271500284941,-5.3550265602227,-6.185591445062824,-3.4958138562677243,False,False,6.402701516736164e-05,fit:association,-82.5,-82.5,0.0,0.0,33401.42321966721
N13,scan-fw-6d7ec2a86f60d797,2026-10-02T20:53:24.790166-07:00,165833,hard30,zero-c,True,0.10594608427148264,0.10594608427148264,1,129.68823663556313,0.10594608427148264,True,37.84917082526079,-122.4869527813189,95.14868094617486,2368.894511311117,0.8986701484488305,30263.737968938603,30368.0235114764,1.2276815265302483,1.962760539324985,-2.099584037688914,-1.2451644984114183,-3.4992880509135036,-1.06363634553058,-2.8311455403501435,-0.6834260599439245,False,False,0.00015085829060518122,fit:association,-82.5,-97.5,0.0,0.0,30358.88664988478
N13,scan-fw-6d7ec2a86f60d797,2026-10-02T20:53:24.790166-07:00,165833,hard30,fitted-c,True,1.3734622131503242,1.3734622131503242,1,104.46655489104616,0.7776760999058182,True,37.83676802068637,-122.48733968420188,93.13579503999063,2415.2092236117323,0.9162402214005054,29699.227294254815,29801.499950886428,1.995457196443801,3.1552517039169126,-1.3318083677753612,-0.052673333819490686,-2.7315123809999506,-0.2958606756170272,-1.6386543757582162,0.5090651046480031,False,False,0.00017456263551137666,fit:own-continuation,-82.5,-97.5,0.0,0.0,29792.363089294806
N13,scan-fw-6d7ec2a86f60d797,2026-10-02T20:53:24.790166-07:00,165833,gaussian60,zero-c,True,0.4826556239468405,0.4826556239468405,0,126.20745149601932,0.4826556239468405,True,37.853340052274966,-122.48664167416739,77.79213523223417,2388.7494924434823,0.9062023871181647,30125.944630452082,30206.97205072964,-3.638798125639749,-3.4289721416827996,-2.477090986304231,-1.4665652665217843,-2.963290402469274,-2.052511794855955,-2.5935373994315665,-0.7381649215889869,False,False,8.028437244394365e-05,fit:association,-87.5,-87.5,0.031248377184495094,0.0065007552765779155,30203.736765684316
N13,scan-fw-6d7ec2a86f60d797,2026-10-02T20:53:24.790166-07:00,165833,gaussian60,fitted-c,True,0.5188937630223771,0.5188937630223771,0,100.72463056637037,0.5188937630223771,True,37.84608414178128,-122.49031087180886,77.11051456082204,2431.993147760739,0.9226074156907204,29584.466014766276,29664.79977128144,-3.0259387091715952,-2.491570566881482,-1.8642315698360776,-0.5291636917204667,-2.3504309860011205,-1.4396523783878012,-1.6561358246302487,0.19923665321233064,False,False,0.00025166193818200607,fit:association,-87.5,-87.5,0.01920528620176646,0.0065007552765779155,29661.5765293271
N13,scan-fw-6d7ec2a86f60d797,2026-10-02T20:53:24.790166-07:00,165833,smooth60,zero-c,True,0.8777182101723866,0.8777182101723866,0,125.14604063934038,0.3793588551731378,True,37.85694468734426,-122.48539586791459,76.19416797187296,2391.6407493443985,0.9072992220578143,30043.864783139292,30122.01755324751,-1.553740408954646,-2.931868580530473,-2.8402829295913894,-1.7733339735889235,-3.358016651916883,-2.4046130025175176,-2.31533823904429,-1.095521859914896,False,False,0.00019479466190104957,fit:association,-87.5,-77.5,0.0,0.0,30120.058951111165
N13,scan-fw-6d7ec2a86f60d797,2026-10-02T20:53:24.790166-07:00,165833,smooth60,fitted-c,True,0.4285620772706358,0.4285620772706358,0,102.26352380782754,0.4285620772706358,True,37.85260543029533,-122.48765793276478,75.55636483434137,2427.3722053199126,0.9208544026251565,29561.09205337779,29638.607020348478,-1.7426822660429746,-2.8691541837136185,-3.029224786679718,-1.7106195767720689,-3.5469585090052114,-2.593554859605846,-2.252623842227435,-1.0328074630980413,False,False,9.45093953367861e-05,fit:association,-87.5,-77.5,0.0,0.0,29636.64841821213
N13,scan-fw-6d7ec2a86f60d797,2026-10-02T20:53:24.790166-07:00,165833,gaussian30,zero-c,True,1.229291334880713,1.229291334880713,0,123.35906841794913,0.23586590009827246,True,37.858297290860236,-122.49344020457839,19.32972091562306,2399.8898961493605,0.9104286404208499,30051.67339436725,30075.109862547048,0.14294708320115576,-1.3994628337440804,-2.545081066481443,-1.4286354891026023,-3.3473422096086094,-1.3001645423695005,-1.9375548430604668,-0.7868594676242529,False,False,0.00021174982232001482,fit:association,-90.0,-70.0,0.009894650458133649,0.03613173188653361,30071.003115282874
N13,scan-fw-6d7ec2a86f60d797,2026-10-02T20:53:24.790166-07:00,165833,gaussian30,fitted-c,True,0.632747001906988,0.632747001906988,0,99.18300157660896,0.2330773433648962,True,37.85009493289291,-122.49284032806024,18.754780749357415,2436.8969928659676,0.9244677514666038,29548.211359327208,29571.071257280742,-0.002602687515412247,-1.2856559876053002,-2.690630837198011,-1.314828642963822,-3.4928919803251772,-1.4457143130860683,-1.8237479969216865,-0.6730526214854726,False,False,3.342479951406194e-05,fit:own-continuation,-90.0,-70.0,0.008264590462238314,0.03613173188653361,29566.966140076565
N13,scan-fw-6d7ec2a86f60d797,2026-10-02T20:53:24.790166-07:00,165833,smooth30,zero-c,True,0.6627890945618871,0.6627890945618871,0,125.68127883663045,0.10074192388165974,True,37.85501578627164,-122.4858993842852,76.01905729008286,2391.1119182770753,0.9070986032917585,30055.43232319689,30132.777884318286,-1.8576261156419154,-2.431439230014233,-2.715238847049995,-1.7031036582974424,-3.0857824782735386,-2.4209192913777047,-2.283888290663417,-1.4095419714775632,False,False,8.590259460200186e-05,fit:association,-87.5,-82.5,0.0,0.0,30131.45138048697
N13,scan-fw-6d7ec2a86f60d797,2026-10-02T20:53:24.790166-07:00,165833,smooth30,fitted-c,True,0.2327324537870746,0.2327324537870746,0,102.54172148378755,0.2327324537870746,True,37.85012642138581,-122.4880328760279,75.33425719897059,2426.884143767629,0.9206692502912098,29565.699654142503,29642.36041517279,-2.0028266468818363,-2.329727099368326,-2.8604393782899153,-1.6013915276515354,-3.230983009513459,-2.566119822617625,-2.18217616001751,-1.3078298408316562,False,False,8.23671314580761e-05,fit:association,-87.5,-82.5,0.0,0.0,29641.033911341474
N14,scan-fw-c5df3f8a313ac058,2026-10-03T01:32:42.506740-07:00,165834,hard30,zero-c,True,1.1940221159888582,1.1940221159888582,0,127.56549377356701,0.869660446543355,True,37.83883705253856,-122.48993067497304,54.10067532898756,2405.1984519596017,0.8836144202643651,31342.564237833976,31399.56515839771,-1.2034317413340307,-2.5658447449104016,0.382954677891326,0.5240090010746585,-0.24841236154883684,0.645128547239796,-0.42783727093495105,1.0648063504787424,False,False,9.469708304979266e-05,fit:association,-85.0,-85.0,0.0,0.0,31396.664913162964
N14,scan-fw-c5df3f8a313ac058,2026-10-03T01:32:42.506740-07:00,165834,hard30,fitted-c,True,0.7420940903351704,0.7420940903351704,0,101.61890227762707,0.7420940903351704,True,37.847405299783425,-122.47756587744286,52.873009059821925,2586.99255821824,0.9504013806826745,30217.34628111932,30273.119535413887,0.06890773952418497,-0.8519670356590169,1.6552941587495418,2.2378867103260434,1.0239271193093789,1.9174680280980119,1.2860404383164337,2.778684059730127,False,False,0.00019296621131763758,fit:association,-85.0,-85.0,0.0,0.0,30270.219290179142
N14,scan-fw-c5df3f8a313ac058,2026-10-03T01:32:42.506740-07:00,165834,gaussian60,zero-c,True,1.195303180516033,1.195303180516033,0,127.32192410685272,1.195303180516033,True,37.83872688780929,-122.48952371453788,54.11155511823698,2405.410612240884,0.8836923630569008,31337.214837825064,31394.907920648388,-0.7674236650164142,-2.14423947047311,0.36979959070935486,0.5328769209460877,-0.3507285520028669,0.6935554470281187,-0.40957606066476804,1.1876198323617886,False,False,0.0006772006950889059,fit:association,-85.0,-85.0,0.006483377485452536,0.01057528613321108,31391.3263929433
N14,scan-fw-c5df3f8a313ac058,2026-10-03T01:32:42.506740-07:00,165834,gaussian60,fitted-c,True,0.7826313325509752,0.7826313325509752,0,101.62433974864815,0.7826313325509752,True,37.847290393257474,-122.47712660870842,52.88825674062148,2587.078501879779,0.9504329544010945,30216.889851641114,30273.353703943885,0.4963276155810247,-0.44118764400582633,1.6335508713067939,2.2359287474133716,0.9130227285945721,1.9573067276255576,1.2934757658025158,2.8906716588290724,False,False,6.704518166278242e-05,fit:association,-85.0,-85.0,0.0005512345490146964,0.01057528613321108,30269.778108381735
N14,scan-fw-c5df3f8a313ac058,2026-10-03T01:32:42.506740-07:00,165834,smooth60,zero-c,True,1.0156287953709162,1.0156287953709162,0,126.51022673753063,0.9335182578811297,True,37.84059359114547,-122.49010647586024,54.02631071576616,2409.8325980896916,0.8853168986369183,31309.084630556783,31367.121749124177,-1.0221211090843574,1.3317910671883153,0.3353980581416143,0.7188614591502905,-0.3999299078112444,1.1101770558173572,0.3662375172406645,1.5017871670957792,False,False,0.0005656133229139937,fit:association,-92.5,-77.5,0.0,0.0,31363.11094127255
N14,scan-fw-c5df3f8a313ac058,2026-10-03T01:32:42.506740-07:00,165834,smooth60,fitted-c,True,1.1588017857778035,1.1588017857778035,0,99.40277406515794,0.4246134787444955,True,37.84902737284579,-122.472557198445,45.776240005288855,2596.2640034304627,0.9538074957496189,30204.7520410165,30256.680616526963,-3.2650700280412077,-3.846251939241366,1.521342423763039,2.3484106003468224,0.2884174911126762,2.170832014355251,1.4526819392352597,3.1010050666558273,False,False,6.252095322270036e-06,fit:own-continuation,-77.5,-77.5,0.0,0.0,30250.52828102179
N14,scan-fw-c5df3f8a313ac058,2026-10-03T01:32:42.506740-07:00,165834,gaussian30,zero-c,True,1.2326981364320602,1.2326981364320602,0,127.9691251232527,0.7766404511879579,True,37.838537278560736,-122.4901866549307,54.10043414909946,2405.54215622677,0.8837406892824284,31348.61112801054,31405.81062684544,-0.8354791530106978,-2.3988296996556056,0.4494896353850535,0.637057637128156,-0.09714708680411643,0.8173255002015538,-0.36802362378732334,1.1122015619937005,False,False,4.630978004343438e-05,fit:association,-85.0,-85.0,0.03226204671532638,0.05433878354397622,31402.71156215964
N14,scan-fw-c5df3f8a313ac058,2026-10-03T01:32:42.506740-07:00,165834,gaussian30,fitted-c,True,0.7237604469162001,0.7237604469162001,0,101.71186128395883,0.4663005597987101,True,37.847173574661646,-122.47786434998042,52.87912729331946,2587.2343387017795,0.9504902052541438,30217.91570122027,30273.865108571732,0.39995381383866185,-0.7317928383289231,1.684922602234413,2.3040944984548384,1.1382858800452431,2.0527584670509134,1.299013237539359,2.7792384233203826,False,False,0.00019533345688359238,fit:association,-85.0,-85.0,0.0034774190571679616,0.05433878354397622,30270.79482851359
N14,scan-fw-c5df3f8a313ac058,2026-10-03T01:32:42.506740-07:00,165834,smooth30,zero-c,True,1.2476796785854074,1.2476796785854074,0,128.2340589317052,0.8954339504955359,True,37.83843565857323,-122.49033911293432,54.0999626811863,2405.3880029749143,0.883684056934208,31354.05190451526,31411.559401979666,-0.8469224971821787,-2.595201581937055,0.4705777359764771,0.7094800784462882,-0.044702744832661234,0.9540020909316991,-0.379104706573139,1.1506244605083975,False,False,0.0002270026814021886,fit:association,-85.0,-85.0,0.0,0.0,31408.151867196448
N14,scan-fw-c5df3f8a313ac058,2026-10-03T01:32:42.506740-07:00,165834,smooth30,fitted-c,True,0.7082562948973187,0.7082562948973187,0,101.73540650389067,0.7082562948616589,True,37.84709894165123,-122.47807888153648,52.88017530084471,2587.289024978197,0.9505102957304178,30218.085877145168,30274.37358722923,0.37139696212598355,-0.9538471396255928,1.6888971952846394,2.3508345207577506,1.173616714475501,2.1723215502398614,1.2622497357383233,2.79197890281986,False,False,0.000380307996161941,fit:association,-85.0,-85.0,0.0,0.0,30270.966052446012
N15,scan-fw-3aaaa0b02af4b82d,2026-10-03T03:33:53.782456-07:00,165835,hard30,zero-c,True,3.813405181387638,3.813405181387638,0,152.7787851354479,1.9804823404533585,True,37.84801593234683,-122.44234379789562,14.63922307170651,1883.947145819759,0.8958379200284161,23845.676471924526,23862.85428183548,1.312815251203974,0.4031480346014299,-0.2007063056431313,0.5445076704897032,-0.8521624785543439,0.30933036706779693,0.2660456403363456,0.8864258865257657,False,False,0.00025448951019815596,fit:association,-92.5,-77.5,0.0,0.0,23860.315694996232
N15,scan-fw-3aaaa0b02af4b82d,2026-10-03T03:33:53.782456-07:00,165835,hard30,fitted-c,True,2.608834799253889,2.608834799253889,0,102.45068752509499,2.0881591599011364,True,37.847131640587186,-122.45614304915594,15.063896895502694,1964.5961725637128,0.9341874334587317,22827.85436570434,22845.45684943909,0.2934994756436159,-0.13821398205222155,-1.2200220812034894,0.003145653836051754,-1.871478254114702,-0.7099854084925612,-0.2753163763173058,0.34506386987211435,False,False,0.00012371228594892925,fit:association,-92.5,-77.5,0.0,0.0,22842.918262599844
N15,scan-fw-3aaaa0b02af4b82d,2026-10-03T03:33:53.782456-07:00,165835,gaussian60,zero-c,True,2.4632861590448862,2.4632861590448862,0,152.1667824111595,1.3816799754251796,True,37.852791581013356,-122.45810118102497,4.144122312515967,1884.1506412651584,0.8959346843866659,23831.78904464197,23844.74113207329,0.8769223878739661,0.39701802248903945,-0.2859531000408785,0.2335024695557403,-1.4436307430990398,1.3902639198679054,-0.47201768802343036,1.2594819585964232,False,False,0.00013331964525011009,fit:association,-87.5,-82.5,0.0011582702306696076,0.0017237709205553382,23835.933166954484
N15,scan-fw-3aaaa0b02af4b82d,2026-10-03T03:33:53.782456-07:00,165835,gaussian60,fitted-c,True,1.501029608836147,1.501029608836147,0,100.22210932474994,0.40851598979210313,True,37.84809846325948,-122.46870266427457,4.3306425049828725,1973.16508851386,0.9382620487464859,22763.619161925868,22776.756623755184,-0.09087597823311297,0.04149896348784219,-1.2537514661479576,-0.12201658944545696,-2.411429109206119,0.4224655537608262,-0.8275367470246275,0.9039628995952258,False,False,0.00024004058652934632,fit:association,-87.5,-82.5,1.24757592379881e-05,0.0017237709205553382,22767.94980443085
N15,scan-fw-3aaaa0b02af4b82d,2026-10-03T03:33:53.782456-07:00,165835,smooth60,zero-c,True,3.744418263196601,3.744418263196601,0,152.56062059815645,3.2548337351257195,True,37.847873915008954,-122.44313584222067,40.92551265190923,1881.0065433287564,0.8944396306841448,23921.615316636824,23965.558426210857,1.6265298522519984,0.5973609534984429,-0.17012873390390726,0.5962830667585477,-1.1585384876307634,0.39893401552933705,0.11326164349790191,1.036875077468134,False,False,9.66203071485483e-05,fit:association,-97.5,-77.5,0.0,0.0,23962.540829288733
N15,scan-fw-3aaaa0b02af4b82d,2026-10-03T03:33:53.782456-07:00,165835,smooth60,fitted-c,True,2.558621803849318,2.558621803849318,0,107.29467382301327,1.9177193035550408,True,37.852367168910504,-122.45691699147068,17.817420933381072,1947.835456567728,0.9262175257098089,22882.27268212907,22908.117958741695,0.7634136602335673,1.0955810526041878,-1.6009942575580447,-0.7022841129724573,-2.535272772741781,0.6311447517780473,-1.4440390501991436,0.19157760957086278,False,False,0.00017239595944254504,fit:own-continuation,-77.5,-77.5,0.0,0.0,22900.09010306245
N15,scan-fw-3aaaa0b02af4b82d,2026-10-03T03:33:53.782456-07:00,165835,gaussian30,zero-c,True,3.3722694011237486,3.3722694011237486,0,156.2893520791061,3.1414463076748227,True,37.85351612083923,-122.44776406694025,17.12680198249818,1860.0267819796109,0.8844635197240185,23927.174012842985,23949.905661753946,2.7831666847928496,2.8570419631449147,-0.5793647854514581,-0.22963155431435034,-1.8847723098018043,0.345936876531139,-0.6794200425711844,0.38814928960547534,False,False,0.00019031031386235187,fit:association,-77.5,-82.5,0.07954352787255883,0.1041708564588385,23944.30081482548
N15,scan-fw-3aaaa0b02af4b82d,2026-10-03T03:33:53.782456-07:00,165835,gaussian30,fitted-c,True,2.5473936141811646,2.5473936141811646,0,106.55442612371681,2.440597913447883,True,37.85030640368046,-122.45678526498868,17.14416591152048,1949.5174722392671,0.9270173429573311,22861.496335961594,22884.21213613481,1.7486302824607483,2.4916790235399,-1.6139011877835594,-0.5949944939193652,-2.9193087121339056,-0.6885995258009623,-1.0447829821761991,0.022786350000460476,False,False,0.00015156014505122994,fit:association,-77.5,-82.5,0.04633086110543752,0.1041708564588385,22878.640501873113
N15,scan-fw-3aaaa0b02af4b82d,2026-10-03T03:33:53.782456-07:00,165835,smooth30,zero-c,True,2.4556731399280456,2.4556731399280456,0,152.1755768712467,1.7892444165721053,True,37.85283257371588,-122.45819810429678,4.143954665145429,1884.0644345626692,0.8958936921363144,23832.261348164542,23845.133875561045,0.8765743408301441,0.38971695999271055,-0.2776761546090505,0.23724772483033954,-1.4472267087228294,1.3971001582166112,-0.4482045161824332,1.2456208243525195,False,False,1.450612698706416e-05,fit:association,-87.5,-82.5,0.0,0.0,23836.405302829688
N15,scan-fw-3aaaa0b02af4b82d,2026-10-03T03:33:53.782456-07:00,165835,smooth30,fitted-c,True,1.4904610023159246,1.4904610023159246,0,100.23141368107308,1.2964467224544878,True,37.84811275938387,-122.4688220481604,4.330549644375424,1973.180309991478,0.938269286729186,22763.687420666472,22776.746543042205,-0.09195377182883613,0.03301619861229804,-1.2462042672680307,-0.11945303655007297,-2.4157548213818094,0.42857204555763095,-0.8049052775628457,0.888920062972107,False,False,3.658396569971786e-05,fit:association,-87.5,-82.5,0.0,0.0,22768.017970310848
N16,scan-fw-cd484fb9877f7535,2026-10-03T06:03:46.789140-07:00,165836,hard30,zero-c,True,3.3927153696754897,3.3927153696754897,0,157.03114540163125,1.2147431276373835,True,37.851200317622876,-122.5243000394088,1.0290931282870588,2762.588730450282,0.8998660359772906,35346.27537800172,35351.21135998154,1.419950060458434,1.7911556070287142,2.807646284742881,1.3357314536893052,2.188751181072387,4.529409468932033,0.9606699697412546,2.2863343393856104,False,False,0.00016189068419742922,fit:association,-87.5,-82.5,0.0,0.0,35347.30447113001
N16,scan-fw-cd484fb9877f7535,2026-10-03T06:03:46.789140-07:00,165836,hard30,fitted-c,True,1.7822015152496726,1.7822015152496726,0,90.40122784697863,0.6264392382341808,True,37.846770532288446,-122.50584485190107,1.1192110203846823,2955.7953539584682,0.9627997895630189,33298.80840950641,33303.83450937833,1.3593389379224985,1.2345428078414131,2.747035162206945,0.7791186545020041,2.1281400585364514,4.468798346396097,0.40405717055395346,1.7297215401983093,False,False,1.2141040949291434e-05,fit:association,-87.5,-82.5,0.0,0.0,33299.927620526796
N16,scan-fw-cd484fb9877f7535,2026-10-03T06:03:46.789140-07:00,165836,gaussian60,zero-c,True,3.393903452904447,3.393903452904447,0,157.030306790213,1.319979889862081,True,37.851189151711445,-122.52431459463716,1.0289824856687901,2762.6031971896878,0.8998707482702566,35346.279268327264,35351.265935223826,1.3248619207018906,1.6673564723594079,2.809354854550711,1.3332705538347573,2.220947109206567,4.552958362901057,0.9601010033860576,2.2681563035890306,False,False,0.00024357633336615989,fit:association,-87.5,-82.5,0.005669170893555888,0.0028941658395044215,35347.30825081293
N16,scan-fw-cd484fb9877f7535,2026-10-03T06:03:46.789140-07:00,165836,gaussian60,fitted-c,True,1.782540185012744,1.782540185012744,0,90.41596427725445,1.338165557554518,True,37.84675431352571,-122.50584577705004,1.119282132028833,2955.7900694066057,0.9627980682106207,33299.02221173251,33304.09705686975,1.2654542949886354,1.1121320055407562,2.7499472288374553,0.7780460870161057,2.1615394834933115,4.493550737187801,0.40487653656740596,1.712931836770379,False,False,1.7819870754657072e-05,fit:association,-87.5,-82.5,0.0035477652130666113,0.0028941658395044215,33300.14149386454
N16,scan-fw-cd484fb9877f7535,2026-10-03T06:03:46.789140-07:00,165836,smooth60,zero-c,True,3.376385782116558,3.376385782116558,0,156.961392490274,1.0603135325735649,True,37.851107660882505,-122.52412169557685,1.030526413320331,2762.4335912346696,0.899815502030837,35345.24872673439,35351.051635932,1.3965859531080334,1.7719297183020961,2.788852722895827,1.3139111607904983,2.1599203154947975,4.7380319269940685,0.9342768824284982,2.2618152120283916,False,False,0.00011027182368349988,fit:association,-87.5,-82.5,0.0,0.0,35346.27925314771
N16,scan-fw-cd484fb9877f7535,2026-10-03T06:03:46.789140-07:00,165836,smooth60,fitted-c,True,1.7697281484004161,1.7697281484004161,0,90.33209980359403,1.7697281484004161,True,37.84665908682554,-122.50568030861027,1.1213022053343593,2955.8047505077443,0.9628028503282555,33297.67528009409,33303.568965083716,1.344128571524984,1.2198891676498131,2.736395341312778,0.7618706101382153,2.1074629339117483,4.685574545411019,0.38223633177621524,1.7097746613761085,False,False,0.00012140006118261347,fit:association,-87.5,-82.5,0.0,0.0,33298.79658229942
N16,scan-fw-cd484fb9877f7535,2026-10-03T06:03:46.789140-07:00,165836,gaussian30,zero-c,True,3.3875517138763307,3.387551714063272,0,157.02307835899526,1.974584067170142,True,37.85117672638404,-122.52424317306469,1.0297571868348663,2762.550519498832,0.8998535894133003,35346.18902108725,35351.344535449665,1.4648185461764396,1.840827639630533,2.7989655670000557,1.331072924287334,2.1565904435028544,4.545884971040989,0.9469469289279565,2.2987648852173925,False,False,0.0003545916174397534,fit:own-continuation,-87.5,-82.5,0.027671698860250886,0.010198990714935784,35347.21877827409
N16,scan-fw-cd484fb9877f7535,2026-10-03T06:03:46.789140-07:00,165836,gaussian30,fitted-c,True,1.7787781267055118,1.7787781267055118,0,90.35652694507954,0.7180477272434993,True,37.84674997584018,-122.50580168131138,1.1198712212693134,2955.8049167882687,0.9628029044912927,33298.12431801569,33303.360409278386,1.4057292047227166,1.284849541727229,2.739876225546333,0.77509482638403,2.097501102049132,4.486795629587267,0.3909688310246525,1.7427867873140883,False,False,0.00010276532682485483,fit:own-continuation,-87.5,-82.5,0.01813456470943516,0.010198990714935784,33299.24418923696
N16,scan-fw-cd484fb9877f7535,2026-10-03T06:03:46.789140-07:00,165836,smooth30,zero-c,True,3.3878363371499343,3.3878363371499343,0,157.0231752325418,3.3878363371499343,True,37.85117816543318,-122.52424629579119,1.0297369495820021,2762.550499465384,0.8998535828877472,35346.18904315884,35351.30642815934,1.465572325177979,1.841683969615538,2.7999288254003067,1.332095759713726,2.1576141187237186,4.546806303793689,0.94796268165051,2.299737281680609,False,False,0.0003730566228115316,fit:association,-87.5,-82.5,0.0,0.0,35347.21878010842
N16,scan-fw-cd484fb9877f7535,2026-10-03T06:03:46.789140-07:00,165836,smooth30,fitted-c,True,1.7789045216550219,1.7789045216550219,0,90.3566345480654,1.7789045216550219,True,37.846751344086464,-122.50580338855623,1.1198478897567838,2955.8048928893604,0.9628028967066321,33298.12509537507,33303.332591315746,1.4061847609495475,1.2854172843930243,2.7405412611718756,0.7758290744912123,2.0982265544952874,4.487418739565258,0.3916959964279964,1.7434705964580952,False,False,4.996777528103874e-05,fit:association,-87.5,-82.5,0.0,0.0,33299.24494326483
N17,scan-fw-9d97ea200c12ab01,2026-09-30T18:52:09.906526-07:00,165816,hard30,zero-c,True,3.0404695127726993,3.0404695127726993,0,168.43066256770746,2.1997155394201497,True,37.82787997499377,-122.46385107951703,1.3581471172947204,3029.1553502052566,0.9085648920831604,38080.67059754582,38092.158640733054,1.296662911616491,1.3136690255965713,6.300256298024483,4.885891865853353,4.438119474744094,7.5932772306457395,4.302610225573186,5.292690366517832,False,False,9.642003855426986e-05,fit:association,-85.0,-85.0,0.0,0.0,38082.02874466311
N17,scan-fw-9d97ea200c12ab01,2026-09-30T18:52:09.906526-07:00,165816,hard30,fitted-c,True,2.46606300889576,2.46606300889576,0,88.52594370015886,2.2043230426035407,True,37.82824702624117,-122.47604276295706,1.2202598949806998,3227.9392546159015,0.968188138757019,35446.07316728996,35457.42332325488,1.1395518598809582,0.8642575730140905,6.143145246288951,4.436480413270872,4.281008423008561,7.436166178910208,3.853198772990705,4.843278913935351,False,False,1.5291262314619204e-05,fit:association,-85.0,-85.0,0.0,0.0,35447.29342718494
N17,scan-fw-9d97ea200c12ab01,2026-09-30T18:52:09.906526-07:00,165816,gaussian60,zero-c,True,3.0517317751334727,3.0517317751334727,0,168.44445850947747,2.6141269797686775,True,37.82786349392164,-122.46367425428119,1.3605198912803484,3029.2440373228555,0.908591492898277,38080.62515038038,38092.128375469394,1.2713819138776967,1.264878880529556,6.299271774380452,4.903988570699334,4.441383708218323,7.598562778131431,4.311361136442672,5.306138152055298,False,False,0.00033219135701506564,fit:association,-85.0,-85.0,0.004020413191681272,0.04815349473304249,38081.98567027166
N17,scan-fw-9d97ea200c12ab01,2026-09-30T18:52:09.906526-07:00,165816,gaussian60,fitted-c,True,2.4728281062570847,2.4728281062570847,0,88.50800249960616,2.128259788060488,True,37.828229441540635,-122.47588148051994,1.2222158522949893,3227.9584270713544,0.9681938893435377,35445.74130840726,35457.104585388544,1.1126678713713274,0.8142762212381837,6.1405577318740825,4.4533859114079615,4.282669665711953,7.439848735625061,3.8607584771513,4.855535492763925,False,False,0.0005084751386961842,fit:association,-85.0,-85.0,0.0023763444455699202,0.04815349473304249,35446.963524259554
N17,scan-fw-9d97ea200c12ab01,2026-09-30T18:52:09.906526-07:00,165816,smooth60,zero-c,True,3.047587047885051,3.047587047885051,0,168.42932448986582,1.967883556055813,True,37.82785004549752,-122.46376939552208,1.359508516943606,3029.1342611506734,0.9085585666318756,38080.59908988958,38092.12370611202,1.294779140059692,1.311415661415591,6.2969313065397445,4.882340652469647,4.433926607090037,7.59513582130548,4.2939722358613555,5.3034211149932915,False,False,0.00018662681798781427,fit:association,-85.0,-85.0,0.0,0.0,38081.95859840653
N17,scan-fw-9d97ea200c12ab01,2026-09-30T18:52:09.906526-07:00,165816,smooth60,fitted-c,True,2.469135814943024,2.469135814943024,0,88.52763119192065,1.8215683280224364,True,37.82822760295143,-122.47600834186221,1.2209917216969188,3227.9427140228163,0.9681891763715705,35446.107016068694,35457.49311549588,1.1386443456551463,0.863475617170679,6.140796512135199,4.434400608224736,4.277791812685492,7.439001026900934,3.8460321916164437,4.85548107074838,False,False,1.249564573868817e-06,fit:association,-85.0,-85.0,0.0,0.0,35447.32800779039
N17,scan-fw-9d97ea200c12ab01,2026-09-30T18:52:09.906526-07:00,165816,gaussian30,zero-c,True,3.055873992064503,3.055873992064503,1,168.48315596444996,2.0869398348365493,True,37.827841646873864,-122.46363364413759,1.3619492989344304,3029.3905761112237,0.9086354457442183,38081.130545911044,38092.962770972976,1.2481787028164453,1.2127352108771658,6.294296126439692,4.925530528996722,4.3933344895423705,7.5849434140638206,4.313752079789747,5.27821866921755,False,False,0.00022857013511834575,fit:association,-85.0,-85.0,0.015143383829329138,0.19624075063622304,38082.492495209975
N17,scan-fw-9d97ea200c12ab01,2026-09-30T18:52:09.906526-07:00,165816,gaussian30,fitted-c,True,2.4830992623227672,2.4830992623227672,1,88.47545487126389,2.4830992623227672,True,37.82817559433792,-122.4757307108057,1.2248836989123628,3228.003804924308,0.9682074999772969,35445.02970552619,35456.718499726376,1.0855418146420905,0.7597521896518975,6.131659238265337,4.472547507771454,4.230697601368016,7.422306525889466,3.860769058564479,4.825235647992281,False,False,5.0841531395569295e-05,fit:association,-85.0,-85.0,0.008778122105086479,0.19624075063622304,35446.2545892251
N17,scan-fw-9d97ea200c12ab01,2026-09-30T18:52:09.906526-07:00,165816,smooth30,zero-c,True,3.0552380696587744,3.0552380696587744,0,168.48416935987237,2.7984166805773483,True,37.82784531330508,-122.46363939764788,1.3618488935171627,3029.399692587647,0.9086381801402661,38081.11797018847,38092.73729268414,1.2476518586786651,1.2119583973700403,6.2954524475128695,4.926766743114626,4.3953798220159666,7.5861261872984,4.314979750636922,5.279561618774832,False,False,1.1680719615854126e-05,fit:association,-85.0,-85.0,0.0,0.0,38082.479819081986
N17,scan-fw-9d97ea200c12ab01,2026-09-30T18:52:09.906526-07:00,165816,smooth30,fitted-c,True,2.4829698328148297,2.4829698328148297,0,88.47532617201979,2.1244454395045556,True,37.82817672627719,-122.47573108778036,1.2248665666993475,3228.004234656905,0.9682076288712972,35445.025772986206,35456.50811315506,1.0844147794435415,0.7583637926390301,6.132215368277746,4.473172138383616,4.232142742780843,7.422889108063276,3.8613851459059116,4.8259670140438224,False,False,6.160276092417177e-05,fit:association,-85.0,-85.0,0.0,0.0,35446.250639552905
N18,scan-fw-4d1d8afef3519e78,2026-09-30T21:50:42.672397-07:00,165817,hard30,zero-c,True,0.9707091185202686,0.9707091185202686,0,138.8847796799984,0.32661895332814767,True,37.850786755607636,-122.49659117992894,40.40461901621893,2780.6731275737275,0.8949704305032917,36419.56182445619,36467.46794863856,-1.7871865093803136,-1.7301284098931444,-0.4954391801921296,1.076797469696583,-1.161090791702117,0.472766611137839,-0.7734890764845741,2.1563656690515076,False,False,0.00018656730236125485,fit:association,-87.5,-77.5,0.0,0.0,36459.96644347241
N18,scan-fw-4d1d8afef3519e78,2026-09-30T21:50:42.672397-07:00,165817,hard30,fitted-c,True,0.26555415125161075,0.26555415125161075,0,106.58814593948037,0.26555415125161075,True,37.851364468422354,-122.48497865754325,40.31462547603587,2934.720363757859,0.9445511309165945,35225.48345033078,35273.29958097296,-2.0166049773715233,-2.759158076664433,-0.7248576481833393,0.04776780292529459,-1.3905092596933266,0.24334814314662934,-1.8025187432558625,1.1273360022802195,False,False,9.753272723119193e-06,fit:association,-87.5,-77.5,0.0,0.0,35265.798075806815
N18,scan-fw-4d1d8afef3519e78,2026-09-30T21:50:42.672397-07:00,165817,gaussian60,zero-c,True,0.5074652836605792,0.5074652836605792,0,143.52414341146064,0.5074652836605792,True,37.84730800829087,-122.48041626180597,4.124862886427526,2788.7874858203795,0.8975820681752107,36370.943949234956,36378.7889949209,-2.2496105672033235,-1.5534069382618108,-3.982486291588736,-1.4272468654668302,-4.456620033405609,-3.1068668155386656,-2.1372927826173234,-0.6331273361655041,False,False,0.00011362328258463991,fit:own-continuation,-87.5,-87.5,0.009342276024890989,0.003773468300164879,36375.06881212138
N18,scan-fw-4d1d8afef3519e78,2026-09-30T21:50:42.672397-07:00,165817,gaussian60,fitted-c,True,0.6902801448048933,0.6902801448048933,0,108.27993057055143,0.6902801448048933,True,37.844464311883215,-122.48046469002207,4.210741213722283,2922.77578030058,0.9407067204057227,35187.46710796385,35195.39141193544,-0.8961045843282636,-1.1725118651245452,-2.6289803087136763,-1.0463517923295647,-3.1031140505305492,-1.7533608326636059,-1.756397709480058,-0.25223226302823853,False,False,4.087177460091948e-05,fit:association,-87.5,-87.5,0.002722234374889962,0.003773468300164879,35191.67784917757
N18,scan-fw-4d1d8afef3519e78,2026-09-30T21:50:42.672397-07:00,165817,smooth60,zero-c,True,0.6577988250008182,0.6577988250008182,0,142.46778199785234,0.2728327338468561,True,37.85222114203316,-122.47942529298987,47.025944468943635,2762.2760552437885,0.8890492614238135,36569.69351854171,36621.467382603274,-2.7023116630626673,-4.181498791346448,-2.7096334054821463,-0.705901145494594,-3.3102986007695128,-1.8839241909385125,-2.2639949005551374,0.14631469691222188,False,False,4.846135826655604e-05,fit:own-continuation,-85.0,-75.0,0.0,0.0,36616.71946301065
N18,scan-fw-4d1d8afef3519e78,2026-09-30T21:50:42.672397-07:00,165817,smooth60,fitted-c,True,1.1009969183029886,1.1009969183029886,0,109.20407365232244,0.9374906997397431,True,37.851589351629556,-122.47363256423735,47.07902729808848,2932.8029902648977,0.94393401682166,35324.46882114494,35376.29576803565,-2.2762687270120217,-4.570564681511914,-2.2835904694315006,-1.0949670356600594,-2.884255664718867,-1.4578812548878668,-2.6530607907206027,-0.24275119325324346,False,False,0.00016561465432632372,fit:association,-85.0,-75.0,0.0,0.0,35371.54784844303
N18,scan-fw-4d1d8afef3519e78,2026-09-30T21:50:42.672397-07:00,165817,gaussian30,zero-c,True,1.0009807682718537,1.0009807682718537,0,138.87964972136842,0.17675692431557286,True,37.85078854554355,-122.4969422706022,40.428765935402204,2780.9573571977035,0.8950619109101073,36418.77274686727,36467.624138038336,-1.623796087087769,-1.6190786931685888,-0.45876999577021604,1.1046710306508687,-1.401318147509758,0.7106630609403846,-0.8997394211045591,2.205704298820726,False,False,0.0004127988809850408,fit:association,-87.5,-77.5,0.026290647735570275,0.04388049175728613,36459.20151280267
N18,scan-fw-4d1d8afef3519e78,2026-09-30T21:50:42.672397-07:00,165817,gaussian30,fitted-c,True,0.2572597139710693,0.2572597139710693,0,106.53338361756173,0.2572597139710693,True,37.851369869763396,-122.48575586304109,40.34298516572455,2934.7044127334166,0.9445459970175142,35225.33893632708,35274.129144966,-1.820934028152106,-2.6195374242375657,-0.6559079368345531,0.10421229958189171,-1.598456088574095,0.5135251198760475,-1.900198152173536,1.2052455677517488,False,False,8.391895764899016e-05,fit:association,-87.5,-77.5,0.050888885259317174,0.04388049175728613,35265.68192149281
N18,scan-fw-4d1d8afef3519e78,2026-09-30T21:50:42.672397-07:00,165817,smooth30,zero-c,True,0.394804514669621,0.394804514669621,0,141.7084360369717,0.24286941042960017,True,37.85188803628915,-122.48846745131003,7.182910054070817,2772.5775595108457,0.8923648405248941,36399.89347536636,36419.20571131969,-3.581025112104044,-3.1467521364839115,-1.6459824864818045,0.21986654707318287,-2.8159769595695723,-0.19992835757229677,-2.0323605651322203,1.3120153661112866,False,False,7.911667177808504e-05,fit:association,-92.5,-82.5,0.0,0.0,36407.076385420434
N18,scan-fw-4d1d8afef3519e78,2026-09-30T21:50:42.672397-07:00,165817,smooth30,fitted-c,True,0.23929693104192518,0.23929693104192518,0,106.85996735548612,0.23929693103680347,True,37.847647343762105,-122.48781497410077,7.2517593148804735,2933.7898109076696,0.9442516288727614,35121.06785798693,35140.44894320107,-2.9389411411208424,-3.504216991872685,-1.0038985154986027,-0.1375983083155905,-2.1738929885863705,0.44215561341090504,-2.3898254205209937,0.9545505107225132,False,False,6.959426009006664e-05,fit:own-continuation,-92.5,-82.5,0.0,0.0,35128.31961730181
N19,scan-fw-1b05963d1655905e,2026-09-30T22:54:20.257098-07:00,165817,hard30,zero-c,True,2.3435473712496475,2.3435473712496475,0,137.21246382881202,1.0331315844901205,True,37.83169327119461,-122.50088260707297,2.8645415430037247,1914.7379543452973,0.8839972088390108,24661.50654165251,24676.999976121482,3.6685927112901835,3.4955555480367586,-2.0405606313443654,-0.8070308782097753,-3.8520937509945488,-1.0669389356710435,-1.8120989178655653,0.7433885054206464,False,False,7.733222474027787e-05,fit:association,-85.0,-85.0,0.0,0.0,24664.371083195514
N19,scan-fw-1b05963d1655905e,2026-09-30T22:54:20.257098-07:00,165817,hard30,fitted-c,True,1.6990938138011138,1.6990938138011138,0,88.67466515000963,1.2339638383721576,True,37.83379161238171,-122.48488000390394,2.6407889728216105,2007.251668380713,0.9267089881720744,23670.855404525515,23686.125086424305,3.404351077307099,3.131546270903684,-2.30480226532745,-1.1710401553428498,-4.116335384977633,-1.331180569654128,-2.1761081949986396,0.37937922828757187,False,False,9.338790403208244e-05,fit:association,-85.0,-85.0,0.0,0.0,23673.496193498337
N19,scan-fw-1b05963d1655905e,2026-09-30T22:54:20.257098-07:00,165817,gaussian60,zero-c,True,2.5311351406172493,2.5311351406172493,0,137.87143395068426,2.125700512866129,True,37.83662105483876,-122.50989860103523,2.831452179624424,1918.2248319840364,0.8856070323102662,24656.905507663978,24660.938893724528,1.2399432031320199,1.1675000038404773,-0.7051637209743569,0.24739653011675766,-1.0145347869108317,-0.24037707070089903,-0.09982190358288484,0.5954266934446995,False,False,0.0001231154823703902,fit:association,-87.5,-82.5,0.00362564425745101,0.0057875391857062815,24659.7369598436
N19,scan-fw-1b05963d1655905e,2026-09-30T22:54:20.257098-07:00,165817,gaussian60,fitted-c,True,1.3626889592332128,1.3626889592332128,0,89.0787873158463,1.28227743842522,True,37.83720808919047,-122.48971987474248,2.6174622997808856,2008.7295813713652,0.927391311805801,23668.48386471423,23672.299857794056,0.2615377176501223,0.33110832525533385,-1.6835692064562544,-0.5889951484683857,-1.9929402723927292,-1.2187825561827965,-0.9362135821680282,-0.2409649851404439,False,False,0.00014100656477004144,fit:association,-87.5,-82.5,0.00022254337600878383,0.0057875391857062815,23671.101327014014
N19,scan-fw-1b05963d1655905e,2026-09-30T22:54:20.257098-07:00,165817,smooth60,zero-c,True,2.4322133115948827,2.4322133115948827,0,137.0297436632774,1.7384728666917224,True,37.835375307190084,-122.50736657839776,2.852615002055245,1915.3002156010552,0.8842567939063044,24655.322758054932,24660.161263837217,0.5502176877030291,0.5979428019712594,-1.1740186498784637,-0.07697468560270093,-1.5922450326781346,-0.8264293271718568,-0.5674091391497689,0.604844398584204,False,False,1.526226222352267e-05,fit:association,-87.5,-82.5,0.0,0.0,24658.175373056987
N19,scan-fw-1b05963d1655905e,2026-09-30T22:54:20.257098-07:00,165817,smooth60,fitted-c,True,1.4041348446047353,1.4041348446047353,0,88.74851562109171,1.3365563158675342,True,37.8367702884097,-122.48944949853052,2.6216262590569386,2008.6681131428318,0.9273629331222677,23665.225331375113,23669.8328484144,0.006882683882889158,0.04507786972063351,-1.7173536536986036,-0.6298396178533268,-2.135580036498274,-1.3697643309919967,-1.1202740714003947,0.051979466333578195,False,False,3.016744334484022e-05,fit:association,-87.5,-82.5,0.0,0.0,23667.84695763417
N19,scan-fw-1b05963d1655905e,2026-09-30T22:54:20.257098-07:00,165817,gaussian30,zero-c,True,2.4319961375061188,2.4319961375061188,0,137.02905360855465,2.4319961375061188,True,37.83537363298161,-122.50736170845504,2.8526138634863547,1915.2974351661608,0.8842555102336845,24655.322471378517,24660.18174625168,0.5482019779015186,0.5961892785229101,-1.1750101492141587,-0.07779565920559195,-1.5934059646542171,-0.8272458220653768,-0.5683020961249248,0.6039261507628085,False,False,0.0001486694979424899,fit:association,-87.5,-82.5,0.0032798353220040263,0.01711857865661715,24658.175085242005
N19,scan-fw-1b05963d1655905e,2026-09-30T22:54:20.257098-07:00,165817,gaussian30,fitted-c,True,1.4041320392938796,1.4041320392938796,0,88.74837857422702,1.020817462597225,True,37.83677026765893,-122.48944924959899,2.621624551885157,2008.6680793094124,0.9273629175020371,23665.223946306334,23669.848961965134,0.00589503840725453,0.04417872972789971,-1.7173170887084228,-0.6298062080006024,-2.1357129041484813,-1.3695527615596408,-1.1203126449199352,0.0519156019677981,False,False,1.7294929658672256e-05,fit:association,-87.5,-82.5,9.93255819096908e-06,0.01711857865661715,23667.84557085822
N19,scan-fw-1b05963d1655905e,2026-09-30T22:54:20.257098-07:00,165817,smooth30,zero-c,True,2.346690047021893,2.346690047021893,1,137.1878430529288,1.9894458659037777,True,37.831899966938686,-122.5013176818119,2.8605310688762984,1914.6646661857112,0.8839633731235971,24660.924226135263,24676.144607607886,3.5834685616845534,3.4191124334594365,-1.9350297819859477,-0.7104698372712575,-3.7325927869309727,-0.9369071780336755,-1.794801539764561,0.7464621270419649,False,False,2.248412030251266e-05,fit:own-continuation,-85.0,-85.0,0.0,0.0,24663.78475720414
N19,scan-fw-1b05963d1655905e,2026-09-30T22:54:20.257098-07:00,165817,smooth30,fitted-c,True,1.6880106170391647,1.6880106170391647,1,88.72508148191302,1.6880106170391647,True,37.83389075638288,-122.48489775392093,2.6378093644998444,2007.3725198550023,0.9267647829432144,23670.75645752676,23685.754117295008,3.2398292176123267,3.0004524069816925,-2.2786691260581744,-1.1291298637490015,-4.0762321310031995,-1.2805465221059023,-2.213461566242305,0.3278021005642209,False,False,2.7987622888917706e-05,fit:association,-85.0,-85.0,0.0,0.0,23673.39426689126
N20,scan-fw-7832972d0a1e9449,2026-09-30T23:22:34.885556-07:00,165818,hard30,zero-c,True,0.68593916936513,0.68593916936513,0,129.37286873313522,0.68593916896967,True,37.85442296127159,-122.48190253699725,42.13866017967666,2093.6906857102977,0.866593826866845,27804.451058046245,27852.38476423745,2.5348731950396046,4.650863081804542,-0.801261575286726,-0.5170865806312204,-2.040072869422118,0.440955849370144,-1.000280703602939,-0.16468860385189976,False,False,0.00024781785050517757,fit:own-continuation,-87.5,-87.5,0.0,0.0,27846.58971822592
N20,scan-fw-7832972d0a1e9449,2026-09-30T23:22:34.885556-07:00,165818,hard30,fitted-c,True,1.0672356913139822,1.0672356913139822,0,107.8364279256639,1.0672356913139822,True,37.83955897819419,-122.48400007125352,12.2682398104007,2278.4452587298456,0.9430650905338764,26695.1504396484,26711.439552014454,-4.102205085608443,-5.84511180034445,-0.595069747898394,-0.4446868948566234,-1.4592612961235376,0.4589916455791654,-1.2034294456346895,-0.03276392355668156,False,False,4.6275716818704356e-05,fit:association,-77.5,-77.5,0.0,0.0,26707.418679458802
N20,scan-fw-7832972d0a1e9449,2026-09-30T23:22:34.885556-07:00,165818,gaussian60,zero-c,True,1.4236494915041735,1.4236494915041735,0,137.00960142243918,1.0710235008743403,True,37.855681988813345,-122.4718801591607,6.308428622814591,2073.2091310027017,0.8581163621699924,27897.24163819674,27910.13753836308,1.9613761473799103,1.3026027587880995,1.0853595807627405,0.8031005037837227,-0.8687166682523526,1.9498478425404053,0.315107507632681,1.0418599992039175,False,False,0.00019490868502565332,fit:association,-85.0,-85.0,0.006929712923391533,0.0012711344096777396,27903.550066819556
N20,scan-fw-7832972d0a1e9449,2026-09-30T23:22:34.885556-07:00,165818,gaussian60,fitted-c,True,1.2465286050312452,1.2465286050312452,0,105.97749269102114,0.8462000075320697,True,37.837878060611615,-122.48468196152524,6.989653121057284,2283.525401500161,0.9451677986341727,26579.399445707742,26592.96965607903,-0.016805259230270247,-0.10978745816940035,-0.89282182584744,-0.6092897131737771,-2.846898074862533,-0.028333564069775163,-1.0972827093248188,-0.3705302177535824,False,False,0.00012139609857406836,fit:association,-85.0,-85.0,1.5419628386368018e-05,0.0012711344096777396,26586.3890988288
N20,scan-fw-7832972d0a1e9449,2026-09-30T23:22:34.885556-07:00,165818,smooth60,zero-c,True,1.352368561500639,1.352368561500639,0,135.72775901224372,0.6984467228090933,True,37.857344864972475,-122.47448268609875,6.243559872564219,2076.0424223726686,0.8592890821078927,27866.93611940848,27881.704329294284,2.561828608139567,1.9391375148589562,1.2233145095563605,0.8399525613748711,-1.1857831009943052,2.366761922536462,0.16265428706834795,1.6910491836519808,False,False,0.00013475571154743303,fit:association,-87.5,-82.5,0.0,0.0,27873.179679281046
N20,scan-fw-7832972d0a1e9449,2026-09-30T23:22:34.885556-07:00,165818,smooth60,fitted-c,True,1.082301717819179,1.082301717819179,0,103.68904648474779,1.082301717819179,True,37.839330831647224,-122.48625172722653,6.91908532031448,2284.2055765373857,0.9454493280369974,26546.225499650744,26561.669234984296,0.574186219935357,0.49011471844744425,-0.7643278786478495,-0.6090702350366409,-3.173425489198515,0.3791195343322521,-1.286368509343164,0.24202638724046888,False,False,2.3915282028689686e-05,fit:association,-87.5,-82.5,0.0,0.0,26553.144584971058
N20,scan-fw-7832972d0a1e9449,2026-09-30T23:22:34.885556-07:00,165818,gaussian30,zero-c,True,3.440047881803821,3.440047881803821,0,141.6085722264872,1.3801014682681347,True,37.86526089230568,-122.45237662106673,10.127475750491072,2081.7070055932236,0.8616336943680561,28001.075252272807,28018.776500515265,-3.417547244668945,-4.94849383580395,4.092315281046766,4.858369212299213,3.2652535568650602,5.231042886704094,4.403809520549046,5.4383471739169735,False,False,0.0006376693586179483,fit:association,-77.5,-77.5,0.18083610206266992,0.7628629899970021,28011.202728023298
N20,scan-fw-7832972d0a1e9449,2026-09-30T23:22:34.885556-07:00,165818,gaussian30,fitted-c,True,1.1015022416332405,1.1015022416332405,0,110.95731714447173,1.1015022416332405,True,37.83955171541842,-122.48221986315738,10.818058400894596,2274.2712312993463,0.9413374301735705,26736.625597305414,26755.684932002692,-8.048503670938139,-10.24156091398101,-0.5386411452224289,-0.43469786587784753,-1.3657028694041344,0.600086460434899,-0.8892575576280135,0.14528009573991318,False,False,7.990696522233004e-05,fit:association,-77.5,-77.5,0.8483399064794411,0.7628629899970021,26747.44365570631
N20,scan-fw-7832972d0a1e9449,2026-09-30T23:22:34.885556-07:00,165818,smooth30,zero-c,True,0.9453017714976902,0.9453017714976902,0,135.7326321181624,0.9453017714976902,True,37.85709995300414,-122.48227003904277,28.804413179390394,2070.532660141494,0.8570085513830688,27916.38156788049,27949.629511687534,5.61401246308216,3.699377385853217,-0.0754381580393515,0.08703733648858547,-1.2343162558300684,0.7109850909288076,-0.8607776149531012,0.6698541301897095,False,False,9.720830047424411e-06,fit:association,-87.5,-87.5,0.0,0.0,27945.18598105988
N20,scan-fw-7832972d0a1e9449,2026-09-30T23:22:34.885556-07:00,165818,smooth30,fitted-c,True,1.5741700098377034,1.5741700098377034,0,106.62480670828384,0.704861232159983,True,37.834900195924206,-122.48557080366325,29.27473580577862,2281.504981265235,0.9443315319806437,26623.764209091205,26657.482475524637,4.5811860459472245,2.692005859421534,-1.108264575174287,-0.9203341899430977,-2.267142672965004,-0.32184132620612793,-1.8681491413847844,-0.33751739624197363,False,False,6.501859970687023e-05,fit:association,-87.5,-87.5,0.0,0.0,26653.038944896984
N21,scan-fw-10d60d847a5e2c2c,2026-10-01T00:54:23.203345-07:00,165818,hard30,zero-c,True,2.234567774037051,2.234567774037051,0,155.2490638079186,2.234567774037051,True,37.85650070524209,-122.46211454157641,2.111617303224193,2132.8586366768996,0.8946554684047398,26867.363610478686,26883.277083996738,-1.0568267074932474,-1.3775082987701501,-6.402744906178269,-4.866473854483626,-7.847272174229619,-3.9698422041920733,-6.136327541660638,-3.932443845507703,False,False,6.785170602711813e-05,fit:association,-87.5,-82.5,0.0,0.0,26869.47522778191
N21,scan-fw-10d60d847a5e2c2c,2026-10-01T00:54:23.203345-07:00,165818,hard30,fitted-c,True,4.114395934822119,4.114395934822119,0,86.01685357596254,3.8791350310511743,True,37.84314851243821,-122.43949845994086,2.29427502022736,2239.628105863687,0.9394413195736941,25347.75651460366,25363.852645838717,-0.09023426992394593,-0.5955350052728631,-5.4361524686089675,-4.084500560986339,-6.880679736660318,-3.003249766622772,-5.354354248163351,-3.1504705520104164,False,False,4.1318437129692076e-05,fit:association,-87.5,-82.5,0.0,0.0,25350.05078962389
N21,scan-fw-10d60d847a5e2c2c,2026-10-01T00:54:23.203345-07:00,165818,gaussian60,zero-c,True,3.3738481544069314,3.3738481544069314,0,158.23948104253282,2.0669306946096855,True,37.85167374135892,-122.44747224323464,6.083853894228817,2130.3308497994913,0.8935951551172363,26942.06617525286,26958.925384166778,-0.35406535288960705,-0.5394665403126548,-8.387089279962485,-6.699541929602082,-9.553124436550867,-6.896614060748512,-7.595535171908403,-5.714747841772092,False,False,0.0005368847534346008,fit:association,-72.5,-87.5,0.0005204830277921841,0.1280950027683183,26948.15002914709
N21,scan-fw-10d60d847a5e2c2c,2026-10-01T00:54:23.203345-07:00,165818,gaussian60,fitted-c,True,5.382048776279359,5.382048776279359,0,92.05679311020266,4.829370304040158,True,37.842253270219814,-122.42506928714064,6.04714966257845,2238.1146235275764,0.9388064696004935,25452.078315175062,25468.903779707947,1.4083766325983496,0.8948419850738134,-6.624647294474528,-5.265233404215614,-7.79068245106291,-5.134172075260555,-6.161226646521935,-4.280439316385624,False,False,0.0001757443728401982,fit:association,-72.5,-87.5,0.003480333646874887,0.1280950027683183,25458.12546483764
N21,scan-fw-10d60d847a5e2c2c,2026-10-01T00:54:23.203345-07:00,165818,smooth60,zero-c,True,3.2868410669564385,3.2868410669564385,2,154.59670972593378,3.2098426663219346,True,37.851231776369474,-122.4484215851704,77.40564402551536,2124.4152205097607,0.8911137669923493,27232.501398336273,27315.927988979023,1.3813847357250022,7.324224948776029,-8.186228903671362,-6.605822226065293,-9.086429149093686,-7.380627143760853,-7.297550259350554,-5.160239576290689,False,False,0.0005581000971856976,fit:association,-90.0,-90.0,0.0,0.0,27309.90704236179
N21,scan-fw-10d60d847a5e2c2c,2026-10-01T00:54:23.203345-07:00,165818,smooth60,fitted-c,True,5.139931257224643,5.139931257224643,2,88.32509174472716,5.139931257224643,True,37.84332048961876,-122.42767019582782,73.73852735275432,2145.6370496400086,0.9000155409563795,26145.5078398847,26225.26731385469,4.131075999747993,9.71788495092246,-5.43653763964837,-4.212162223918861,-6.336737885070694,-4.630935879737861,-4.9038902572041225,-2.7665795741442576,False,False,4.954922694128073e-06,fit:association,-90.0,-90.0,0.0,0.0,26219.246367237454
N21,scan-fw-10d60d847a5e2c2c,2026-10-01T00:54:23.203345-07:00,165818,gaussian30,zero-c,True,3.2646222666649933,3.2646222666649933,0,156.7087161204522,1.4899297697517442,True,37.871115909123155,-122.46121581133323,2.3067886417117394,2117.2641577482373,0.8881141601292941,27019.433615695303,27030.060524146586,-2.253947694553255,-2.0040770671470742,-2.951451415244571,-1.8190215238726763,-3.8804562437827768,-1.5256110598022197,-3.4524105832022487,-1.027471781645605,False,False,0.00015235148623309047,fit:association,-82.5,-77.5,0.04548302550423376,0.0026037849723740602,27021.740404337015
N21,scan-fw-10d60d847a5e2c2c,2026-10-01T00:54:23.203345-07:00,165818,gaussian30,fitted-c,True,4.840840490110154,4.840840490110154,0,89.91009330950895,4.094784190943003,True,37.841055628104456,-122.43156386454447,5.058192917945159,2236.595619906117,0.9381693036518948,25503.445073220868,25527.283267107407,0.7422490725019163,-0.7262084778727362,-6.04498404956001,-4.6909481977099485,-7.69291861342387,-4.066599767266595,-6.1310182888771125,-2.9312021503558396,False,False,0.00011547350490007102,fit:own-continuation,-90.0,-90.0,0.005391562194820957,0.3089284724963467,25508.503266138814
N21,scan-fw-10d60d847a5e2c2c,2026-10-01T00:54:23.203345-07:00,165818,smooth30,zero-c,True,3.4216560030302063,3.4216560030302063,1,156.90637074329996,3.369580664341403,True,37.85130060774936,-122.44688838476512,6.096292587248172,2132.48420633489,0.8944984086975211,26909.098811408632,26928.961494842642,1.3019735531456615,1.1159999552452733,-7.808410203201976,-6.175395612138427,-9.529166752989667,-6.823035685621298,-7.451622059371829,-3.874800113233786,False,False,0.0002813889458198257,fit:association,-77.5,-87.5,0.0,0.0,26915.19510399588
N21,scan-fw-10d60d847a5e2c2c,2026-10-01T00:54:23.203345-07:00,165818,smooth30,fitted-c,True,5.573056999383948,5.573056999383948,1,91.99333959071711,5.371327175037992,True,37.84060039045203,-122.42319604777325,6.05455885236006,2237.58727651761,0.9385852669956418,25453.883791127468,25473.70474082659,2.747664088061709,2.3011726681467173,-6.362719668285928,-4.990222899236983,-8.083476218073619,-5.37734515070525,-6.2664493464703845,-2.6896274003323417,False,False,3.476744008715574e-05,fit:association,-77.5,-87.5,0.0,0.0,25459.938349979828
N22,scan-fw-770344cb3e2c1d47,2026-10-01T01:36:44.995353-07:00,165818,hard30,zero-c,True,5.0809635677047496,5.0809635677047496,0,151.70323471585033,1.9018678089739538,True,37.8274240939972,-122.53671972987372,0.8738053559063701,2358.8124305645915,0.856193259733064,31944.912994018952,31952.80925533423,-0.996939181528243,-0.2882086338705067,-4.440082032248833,-5.272795649351214,-5.3497163034004025,-2.584958645630362,-5.410660932840372,-4.948525027231672,False,False,8.862881632416266e-05,fit:association,-92.5,-82.5,0.0,0.0,31945.78679937486
N22,scan-fw-770344cb3e2c1d47,2026-10-01T01:36:44.995353-07:00,165818,hard30,fitted-c,True,1.6868127059089937,1.6868127059089937,0,111.21026513387226,1.6868127059089937,True,37.83770763879384,-122.4985021831021,0.721052907203557,2589.040836940221,0.9397607393612418,30279.11789609889,30286.861404965464,1.6148404452622056,2.6732480645345564,-1.8283024054583847,-2.3113389509461513,-2.7379366766099538,0.026820981160086355,-2.4492042344353093,-1.987068328826609,False,False,4.17694746638643e-05,fit:association,-92.5,-82.5,0.0,0.0,30279.838949006094
N22,scan-fw-770344cb3e2c1d47,2026-10-01T01:36:44.995353-07:00,165818,gaussian60,zero-c,True,3.7506896231301847,3.7506896231301847,0,148.18462567315538,3.267169531846875,True,37.86614336800864,-122.4489200673961,5.315731863460468,2472.0408589056174,0.8972925077697341,31336.751790209168,31355.24381467791,-2.916576170124327,-5.075057745178932,-0.33146478846341143,0.9637719974087684,-3.388607723534925,0.34548551321642385,-0.3109783210452355,2.306640909365062,False,False,6.161436310506141e-06,fit:association,-77.5,-72.5,0.04282828459129719,0.053937831894443296,31342.06752207263
N22,scan-fw-770344cb3e2c1d47,2026-10-01T01:36:44.995353-07:00,165818,gaussian60,fitted-c,True,4.0779088461113515,4.0779088461113515,0,103.39034309571993,1.4995609668654775,True,37.87046979895221,-122.44804499685468,5.307048255122519,2612.7612548201796,0.9483706914047839,29938.03068100661,29956.50963124049,-2.5341733359937186,-4.932351564541978,0.05093804566719706,1.1064781780457222,-3.0062048894043163,0.7278883473470323,-0.16827214040828165,2.449347090002016,False,False,0.00019395001739502902,fit:association,-77.5,-72.5,0.038437658066376536,0.053937831894443296,29943.337729261733
N22,scan-fw-770344cb3e2c1d47,2026-10-01T01:36:44.995353-07:00,165818,smooth60,zero-c,True,0.21280241162562885,0.21280241162562885,0,148.66431413019856,0.21280241162562885,True,37.85026232229835,-122.48763672346735,24.27496107976185,2371.7593895928853,0.8608927003966916,31736.932961191804,31766.07541666544,0.3692820916881359,1.2842643725287526,-1.4953918367467391,-1.1053825311424657,-2.243722841102107,-0.08800983908930671,-1.7936788590582304,-0.300468843333053,False,False,0.00016156398358981163,fit:association,-92.5,-77.5,0.0,0.0,31761.207922271566
N22,scan-fw-770344cb3e2c1d47,2026-10-01T01:36:44.995353-07:00,165818,smooth60,fitted-c,True,2.088445649072578,2.088445649072578,0,108.79261874683841,1.3746407765316975,True,37.863811826877516,-122.47103733749005,24.342939759149886,2609.74473110935,0.9472757644680037,30133.313242874814,30162.52367702784,1.6428482313558628,2.822658676140128,-0.22182569707901223,0.43301177246890976,-0.9701567014343799,1.1855563005784202,-0.255284555446855,1.2379254602783223,False,False,7.262945057511037e-05,fit:association,-92.5,-77.5,0.0,0.0,30157.656182633964
N22,scan-fw-770344cb3e2c1d47,2026-10-01T01:36:44.995353-07:00,165818,gaussian30,zero-c,True,3.941554706957509,3.941554706957509,0,157.40184857317936,2.3280350159340877,True,37.828048133895635,-122.52190724541086,1.0881101260656156,2398.6574665013404,0.8706560676955863,31896.2737233417,31917.487294027655,-1.8750297369513185,-5.399326531058227,-3.3235348227014327,-3.878098517723771,-6.505390489783178,-1.091282569811658,-5.495411851974383,-2.800461840542553,False,False,0.00042915649620166264,fit:association,-77.5,-82.5,0.16334231751720502,0.022061508259987213,31897.361833467763
N22,scan-fw-770344cb3e2c1d47,2026-10-01T01:36:44.995353-07:00,165818,gaussian30,fitted-c,True,1.617672956226501,1.617672956226501,0,110.66488576199764,1.5166938065885873,True,37.83625165735891,-122.49449953897468,1.026302434485304,2578.090400254834,0.9357859892032065,30293.603595626344,30314.659944542615,-0.3600791330626016,-3.6682408454828255,-1.8085842188127161,-2.1470128321483695,-4.990439885894462,0.42366803407705866,-3.7643261663989813,-1.0693761549671519,False,False,0.0002484717261583265,fit:association,-77.5,-82.5,0.06792823941267834,0.022061508259987213,30294.62989806083
N22,scan-fw-770344cb3e2c1d47,2026-10-01T01:36:44.995353-07:00,165818,smooth30,zero-c,True,3.7482433370116968,3.7482433370116968,0,148.19048229862184,1.214155422116085,True,37.86613908720692,-122.44894920208704,5.315999718364765,2472.004867957543,0.8972794439047342,31336.967624438133,31355.424377945736,-2.9135926041558786,-5.074432244088078,-0.3250141850781856,0.9721871234629464,-3.396055647668758,0.3524990665449952,-0.32364461158100144,2.2982287944644293,False,False,0.0003691097400470439,fit:association,-77.5,-72.5,0.0,0.0,31342.2836241565
N22,scan-fw-770344cb3e2c1d47,2026-10-01T01:36:44.995353-07:00,165818,smooth30,fitted-c,True,4.0755128590976435,4.0755128590976435,0,103.38270046021971,1.5276213007327641,True,37.870459638763656,-122.44806936204971,5.307390264842979,2612.7966002332987,0.9483835209558253,29937.79849318198,29956.24663723606,-2.5327977398663384,-4.932638812797205,0.055780679211354656,1.1139805547538186,-3.0152607833792175,0.7332939308345354,-0.18185118029012926,2.4400222257553015,False,False,7.409106604538973e-05,fit:association,-77.5,-72.5,0.0,0.0,29943.105883446824
N23,scan-fw-ec5a7efcbb4bc8f8,2026-10-01T02:19:08.201061-07:00,165819,hard30,zero-c,True,2.2091410491926546,2.2091410491926546,0,129.11961188492603,1.4926247468436542,True,37.8375124540491,-122.50623041864249,21.619639724296576,2578.08633364633,0.9036404954946827,32576.330660625164,32615.16009126105,5.846278868548855,6.466158800760414,1.468134480641277,1.6871390022929376,-0.09689218259472687,3.3615320618005162,-0.16911624650875634,3.029213094540479,False,False,0.00030671787943070683,fit:association,-92.5,-82.5,0.0,0.0,32597.95030034946
N23,scan-fw-ec5a7efcbb4bc8f8,2026-10-01T02:19:08.201061-07:00,165819,hard30,fitted-c,True,0.7989061405132708,0.7989061405132708,0,85.17750651536235,0.6939916589437765,True,37.84197686976073,-122.48730700659492,21.605298331967788,2725.0097207282324,0.9551383528665378,31327.731427081297,31366.546516324852,3.347086631416808,4.114252287661691,-1.0310577564907697,-0.6647675108057847,-2.5960844197267736,0.8623398246684697,-2.5210227596074786,0.6773065814417565,False,False,0.00037713151754961705,fit:association,-92.5,-82.5,0.0,0.0,31349.336725413265
N23,scan-fw-ec5a7efcbb4bc8f8,2026-10-01T02:19:08.201061-07:00,165819,gaussian60,zero-c,True,1.7616271337690306,1.7616271337690306,0,130.54856538316963,1.0102275434392278,True,37.833323603321084,-122.48811477000457,149.3891765952142,2556.928032547664,0.8962243366798681,32796.729317877216,32953.32828429851,10.721441240536421,8.104727010340618,0.969351329645832,1.3479975525084669,-0.06310854417365275,2.3880287621753125,0.06998050762910091,2.2671740372363693,False,False,0.0001325690298397894,fit:own-continuation,-102.5,-87.5,0.22579487773302492,0.17594581324553848,32946.11849447243
N23,scan-fw-ec5a7efcbb4bc8f8,2026-10-01T02:19:08.201061-07:00,165819,gaussian60,fitted-c,True,0.7702804661694659,0.7702804661694659,0,95.7784102044194,0.5332451747514463,True,37.847253266367844,-122.49422525870658,153.67484535898691,2682.153998595133,0.9401170692587217,31774.731309494444,31935.5911032257,10.143258133080623,7.607696995620193,0.3911682221900339,0.8509675377880423,-0.6412916516294509,1.8098456547195143,-0.4270495070913236,1.7701440225159448,False,False,0.0005283201079107069,fit:own-continuation,-102.5,-87.5,0.2009534239143434,0.17594581324553848,31928.40615485343
N23,scan-fw-ec5a7efcbb4bc8f8,2026-10-01T02:19:08.201061-07:00,165819,smooth60,zero-c,True,1.6895356738022724,1.6895356738022724,1,127.88573606198507,1.46731725362479,True,37.83861166262919,-122.49972918920342,30.814657128081308,2570.9696483698817,0.9011460386855527,32575.992675450776,32618.759499383043,5.791919973938345,5.89514844851253,1.2050522488133515,1.3830879644688068,0.08002029740077643,2.735180212163816,0.19982195921772639,2.574859053570875,False,False,0.0003425960057877042,fit:association,-97.5,-82.5,0.0,0.0,32606.807332578857
N23,scan-fw-ec5a7efcbb4bc8f8,2026-10-01T02:19:08.201061-07:00,165819,smooth60,fitted-c,True,1.5013718273830103,1.5013718273830103,1,92.31392769030799,0.8023651622511461,True,37.849646261319435,-122.50283796331189,30.067968567651405,2719.417009691499,0.9531780615813176,31456.620658388532,31498.64079376037,5.047212574012575,5.250482857472336,0.46034484888758165,0.7384223734286124,-0.6646871025249934,1.9904728122380464,-0.444843631822468,1.9301934625306805,False,False,0.00045502272211137007,fit:association,-97.5,-82.5,0.0,0.0,31486.688626956184
N23,scan-fw-ec5a7efcbb4bc8f8,2026-10-01T02:19:08.201061-07:00,165819,gaussian30,zero-c,True,2.848567107632672,2.848567107632672,0,128.89861331185162,1.6209749033537961,True,37.82889158548141,-122.46574770386636,51.62224275923183,2499.4315220506032,0.8760713361551361,32962.149476072125,33021.35079368381,-7.413350390588516,-8.009463600658497,0.45737898548208555,0.6664559823411214,-0.6167181266714465,1.5897475387770035,-0.0262501638096454,1.493715496127987,False,False,9.640164046828027e-05,fit:association,-77.5,-87.5,0.5955463559195614,0.6860998076100849,33013.771718831355
N23,scan-fw-ec5a7efcbb4bc8f8,2026-10-01T02:19:08.201061-07:00,165819,gaussian30,fitted-c,True,1.583376814452583,1.583376814452583,0,87.97809868358567,0.803792041198411,True,37.83968673713483,-122.4721762182044,50.42186330713929,2658.442318817609,0.9318059301849312,31710.901852094823,31769.177026947647,-9.06351134399343,-9.581720719593617,-1.1927819679228282,-0.9058011365939986,-2.26687908007636,-0.06041341462791028,-1.5985072827447655,-0.07854162280713295,False,False,0.0002501550967941666,fit:association,-77.5,-87.5,0.869783049154936,0.6860998076100849,31761.323715401963
N23,scan-fw-ec5a7efcbb4bc8f8,2026-10-01T02:19:08.201061-07:00,165819,smooth30,zero-c,True,1.6687522127087653,1.6687522127087653,0,127.74216949497799,1.6293569156124972,True,37.83864802458442,-122.49944593846213,30.819186976172205,2570.8195741299014,0.9010934364282865,32573.179364805826,32616.130890554403,5.659160527019053,5.771968068164682,1.193105549679184,1.3882332802536537,0.10294932248870992,2.7806380897389715,0.19832007098452276,2.597504891379491,False,False,0.00011971721332257323,fit:association,-97.5,-82.5,0.0,0.0,32603.998551782
N23,scan-fw-ec5a7efcbb4bc8f8,2026-10-01T02:19:08.201061-07:00,165819,smooth30,fitted-c,True,1.4911694878383492,1.4911694878383492,0,92.0941679658767,0.6884587290170744,True,37.849664032128544,-122.50272065118283,29.66167493064131,2719.6073800673457,0.9532447879661219,31452.754911079675,31494.54892478272,4.914148584986452,5.1315702046284,0.4480936076465829,0.747835416717372,-0.6420626195438912,2.0356261477063704,-0.44207779255175894,1.9571070278432094,False,False,0.00010029727233536179,fit:association,-97.5,-82.5,0.0,0.0,31482.416586010317
N24,scan-fw-f5f562354631463b,2026-10-01T03:58:01.021533-07:00,165819,hard30,zero-c,True,2.021855209770072,2.021855209770072,0,137.89091791662136,1.3735333171017472,True,37.84520912018385,-122.46324962133414,35.85606003462817,2354.678321300566,0.8838882587464587,30415.66944824728,30454.01896081043,1.1370135883132964,0.4021350988585203,-5.336110316996293,-2.5712528153138683,-6.089296169483776,-4.745881333594376,-2.836706664347807,-2.051282079281079,False,False,0.000351807075689603,fit:association,-80.0,-80.0,0.0,0.0,30451.52550828191
N24,scan-fw-f5f562354631463b,2026-10-01T03:58:01.021533-07:00,165819,hard30,fitted-c,True,1.4423799386573997,1.4423799386573997,0,92.3384989701888,1.1238285644167576,True,37.8444622253881,-122.47039267509241,35.334917487180064,2476.511588048692,0.9296214669852447,29262.026708127953,29299.855078143653,1.8818018561854704,1.0473658439789448,-4.591322049124119,-1.9260220701934438,-5.344507901611602,-4.001093065722202,-2.1914759192273823,-1.4060513341606549,False,False,5.8061190103487516e-05,fit:association,-80.0,-80.0,0.0,0.0,29297.361625615133
N24,scan-fw-f5f562354631463b,2026-10-01T03:58:01.021533-07:00,165819,gaussian60,zero-c,True,1.4594516615476087,1.4594516615476087,0,141.37329711786913,1.4594516615476087,True,37.83602856216996,-122.48777623047671,34.28796735023815,2384.9823544428045,0.8952636465626144,30342.822479617058,30383.57373068373,1.719135420989273,0.4313297121153673,-3.483681861406297,-1.2850685260402241,-5.903869438201023,-2.744259775900864,-1.9472753908039775,-0.6346481856335094,False,False,0.0003202343407783248,fit:association,-82.5,-82.5,0.003926839895316864,0.03751916323242207,30377.110446967297
N24,scan-fw-f5f562354631463b,2026-10-01T03:58:01.021533-07:00,165819,gaussian60,fitted-c,True,1.0616621873146075,1.0616621873146075,0,89.19106907465837,1.0616621873146075,True,37.84108671482146,-122.47909657751387,33.71236209547937,2529.0136889478977,0.9493294628182799,28995.55631654877,29035.73029716314,1.3295852978512614,0.20375676318462957,-3.873231984544309,-1.5126414749709618,-6.293419561339035,-3.1338098990388756,-2.174848339734715,-0.8622211345642471,False,False,9.126774942436189e-05,fit:association,-82.5,-82.5,0.002261642353507131,0.03751916323242207,29029.26867864425
N24,scan-fw-f5f562354631463b,2026-10-01T03:58:01.021533-07:00,165819,smooth60,zero-c,True,1.50932033604605,1.50932033604605,0,144.2707872908803,0.5757751978142958,True,37.835482883858894,-122.485854543537,34.36218267295408,2382.3372836076933,0.89427075210499,30407.500998200438,30445.56101895031,-1.5855513792906168,-0.23407222617069587,-3.4496928181148894,-1.1844623721981975,-4.378757653944573,-2.490069106411849,-1.6867165318048802,-0.44057891358165757,False,False,0.0002350872545289484,fit:association,-92.5,-82.5,0.0,0.0,30441.86318087339
N24,scan-fw-f5f562354631463b,2026-10-01T03:58:01.021533-07:00,165819,smooth60,fitted-c,True,1.076719300428053,1.076719300428053,0,93.07510985252426,0.7357316635511724,True,37.84075228175206,-122.4794476480002,33.727756870892335,2529.1004280722414,0.9493620225496402,29048.989922174984,29086.415517122794,-2.0953516392219806,-0.5070349059375729,-3.959493078046253,-1.4574250519650747,-4.888557913875937,-2.999869366343213,-1.9596792115717574,-0.7135415933485347,False,False,0.00012233500339547346,fit:own-continuation,-92.5,-82.5,0.0,0.0,29082.717679045876
N24,scan-fw-f5f562354631463b,2026-10-01T03:58:01.021533-07:00,165819,gaussian30,zero-c,True,1.4395580521088758,1.4395580521088758,0,145.03899522410705,1.4395580521088758,True,37.836115294850124,-122.48622184784121,34.325140397409,2383.133376074349,0.8945695856134944,30420.450492936,30463.33943862906,2.980271909336651,4.512302417486589,-3.3264977530343045,-1.1752328310229494,-4.0752150919866645,-2.8694939923627105,-2.329487320571414,0.299893980046817,False,False,0.00015987428618988164,fit:association,-82.5,-82.5,0.14621446880218225,0.3606170038862056,30454.77563333341
N24,scan-fw-f5f562354631463b,2026-10-01T03:58:01.021533-07:00,165819,gaussian30,fitted-c,True,1.1504241523696093,1.1504241523696093,0,93.46460005632221,1.1504241523696093,True,37.84034569900633,-122.47868541758719,33.78127949691431,2528.45185054492,0.9491185625168619,29056.351989696726,29098.675112118683,2.4963348418930242,4.314942872846228,-3.8104348204779313,-1.3725923756633112,-4.559152159430291,-3.3534310598063373,-2.526846865211776,0.10253443540645524,False,False,0.00016982582974950367,fit:association,-82.5,-82.5,0.12425209819387763,0.3606170038862056,29090.13326919364
N24,scan-fw-f5f562354631463b,2026-10-01T03:58:01.021533-07:00,165819,smooth30,zero-c,True,1.446537831906613,1.446537831906613,1,144.75428659212793,1.446537831906613,True,37.83604822361178,-122.48595418831229,34.32962978737487,2383.411183422454,0.8946738676510714,30413.641680616725,30457.28498691088,2.217837986961204,4.0483706264633526,-3.367665266178903,-1.1643303444147106,-4.333715559703475,-2.6334386336714726,-2.303217534227214,0.16441124017821163,False,False,0.0004746683645244776,fit:association,-82.5,-82.5,0.0,0.0,30447.9713104041
N24,scan-fw-f5f562354631463b,2026-10-01T03:58:01.021533-07:00,165819,smooth30,fitted-c,True,1.1662969082549999,1.1662969082549999,1,93.10231179641771,1.166296908223364,True,37.84031020790218,-122.47842323277827,33.78755232469484,2528.317945442067,0.9490682978386137,29051.898942635467,29095.00017146694,1.747668828082855,3.851908839155182,-3.8378344250572525,-1.360792131722881,-4.803884718581825,-3.103607792549822,-2.4996793215353845,-0.032050547129958806,False,False,0.000391926482569002,fit:association,-82.5,-82.5,0.0,0.0,29085.686494960162
N25,scan-fw-0ceb1f5dcf51e9b7,2026-10-01T04:54:31.951764-07:00,165819,hard30,zero-c,True,4.741975418099056,4.741975418099056,0,144.41305412969908,3.253134585007293,True,37.829954361683896,-122.5340348078808,26.783992616135947,2102.1706138513864,0.930163988429817,25353.378474846144,25384.350705711993,-4.518070392166538,-2.842425943610219,1.6947059920694612,-1.3962813719659743,0.5766301971349799,2.2185552459132403,-1.8574965011769038,-0.9746887900874193,False,False,7.722443465006581e-05,fit:own-continuation,-102.5,-82.5,0.0,0.0,25380.16246746228
N25,scan-fw-0ceb1f5dcf51e9b7,2026-10-01T04:54:31.951764-07:00,165819,hard30,fitted-c,True,4.455049272573382,4.455049272573382,0,97.30727096143303,2.026534151089125,True,37.831241960517005,-122.53119711564187,26.812707463384868,2159.351080066351,0.9554650796753766,24430.287220713733,24461.28816642683,-3.714729571494974,-2.1987721060521883,2.498046812741025,-0.7526275344079438,1.3799710178065439,3.0218960665848043,-1.2138426636188733,-0.3310349525293887,False,False,0.00020184817342523004,fit:association,-102.5,-82.5,0.0,0.0,24457.09992817712
N25,scan-fw-0ceb1f5dcf51e9b7,2026-10-01T04:54:31.951764-07:00,165819,gaussian60,zero-c,True,4.625625746120638,4.625625746120638,0,143.24247113380818,0.8776028779101673,True,37.8370152553556,-122.53617746656812,61.07036466142365,2083.655159684047,0.921971309594711,25511.822387169064,25575.60605577029,-4.297690854533497,-1.560283064379129,2.0206774675117707,-1.50309036782228,1.409220996533922,3.415377354353896,-1.8634952224075998,-1.1576660790452113,False,False,4.902061530411006e-05,fit:association,-107.5,-77.5,0.02613078740266148,0.04990631157195571,25572.892751830488
N25,scan-fw-0ceb1f5dcf51e9b7,2026-10-01T04:54:31.951764-07:00,165819,gaussian60,fitted-c,True,3.932285134124896,3.932285134124896,0,99.66032181071034,0.5271688842490935,True,37.8329858170943,-122.52564449303563,62.496021546305144,2148.3808108849835,0.9506109782676918,24635.60480536334,24700.805556529383,-3.606961748611966,-1.0173498982014273,2.7114065734333015,-0.9601572016445783,2.0999501024554528,4.106106460275427,-1.320562056229898,-0.6147329128675096,False,False,0.0001835428270798023,fit:association,-107.5,-77.5,0.017556467339150433,0.04990631157195571,24698.100826909642
N25,scan-fw-0ceb1f5dcf51e9b7,2026-10-01T04:54:31.951764-07:00,165819,smooth60,zero-c,True,4.618807525488874,4.618807525488874,0,143.01496656432528,0.8915308945886383,True,37.836877377712135,-122.53604308062394,61.09645238871235,2083.7797424359796,0.9220264347061857,25507.361921782634,25570.511721147326,-5.239212710330934,-3.3146077132457332,1.93164307890547,-1.4938794377508842,1.484096795865332,3.264224228102115,-1.7354255752233854,-1.2024899032772591,False,False,8.31767754904452e-05,fit:association,-107.5,-77.5,0.0,0.0,25568.458374171347
N25,scan-fw-0ceb1f5dcf51e9b7,2026-10-01T04:54:31.951764-07:00,165819,smooth60,fitted-c,True,3.959774512073058,3.959774512073058,0,99.4192451966041,0.4732289457347093,True,37.83272706486367,-122.52582815925595,62.01931948733545,2148.506749612846,0.9506667033685159,24634.098316727912,24698.170983191227,-4.558220182914908,-2.7891403536299006,2.612635606321496,-0.9684120781350516,2.165089323281358,3.945216755518141,-1.2099582156075528,-0.6770225436614266,False,False,0.00011061177836377278,fit:association,-107.5,-77.5,0.0,0.0,24696.117636215247
N25,scan-fw-0ceb1f5dcf51e9b7,2026-10-01T04:54:31.951764-07:00,165819,gaussian30,zero-c,True,84.19341820108723,19.917574209140607,0,167.66093357334816,46.119321990334335,False,38.213590212836195,-123.32829417912762,218.23881701859273,1724.7654090572883,0.763170534981101,27480.765202700448,27703.644475289253,0.5805239726067022,2.1564017849628687,4.09020880442766,5.138226054740036,3.214068781381129,4.724247857260071,4.25614278602071,5.6471509358284315,False,False,0.000296081772134027,fit:association,-160.0,-40.0,0.024935383704810563,0.10604581797273123,27699.00401971904
N25,scan-fw-0ceb1f5dcf51e9b7,2026-10-01T04:54:31.951764-07:00,165819,gaussian30,fitted-c,True,83.7910283176932,83.7910283176932,0,133.17769203651974,33.382729105381294,False,38.20390242832383,-123.32967388266371,222.1423742974278,1843.9722796948893,0.8159169379180926,26533.076118188783,26759.92663050219,-2.4114729479803825,-3.5648792567445753,1.0982118838405754,-0.5830549869674075,0.22207186079404417,1.7322509366729868,-1.4651382556867332,-0.07413010587901248,False,False,9.532014502433572e-05,fit:association,-160.0,-40.0,0.09261782947004477,0.10604581797273123,26755.218492486212
N25,scan-fw-0ceb1f5dcf51e9b7,2026-10-01T04:54:31.951764-07:00,165819,smooth30,zero-c,True,81.39943732082473,81.39943732082473,0,165.1502356205809,70.8084697582642,False,38.20694214897661,-123.296458716369,225.2903842069427,1770.030827683523,0.7831994812758951,27288.792225715657,27518.099760677054,-3.8329284879716075,-4.888182417724724,-0.7333013147054062,-3.253110537201539,-1.8414037063616158,-0.1956629083128204,-3.759442765633519,-2.446481615246597,False,False,0.00018168307865271127,fit:own-continuation,-162.5,-42.5,0.0,0.0,27514.0826099226
N25,scan-fw-0ceb1f5dcf51e9b7,2026-10-01T04:54:31.951764-07:00,165819,smooth30,fitted-c,True,83.18941348610335,83.18941348610335,0,135.59898751471027,70.46927989359136,False,38.1996075897085,-123.32476998024572,224.7004399150792,1862.295340094786,0.8240244867676044,26505.40754719978,26734.125137869312,-2.1312128065649305,-2.8738605080091406,0.9684143667012708,-1.238788627485956,-0.13968802495493882,1.5060527730938564,-1.745120855917936,-0.43215970553101424,False,False,4.30954794910024e-06,fit:association,-162.5,-42.5,0.0,0.0,26730.107987114858
N26,scan-fw-c73658cb354ade8c,2026-10-01T05:39:43.069996-07:00,165820,hard30,zero-c,True,2.8482385414564937,2.8482385414564937,0,160.27233812935324,2.180519468023205,True,37.8406583973816,-122.45511060548647,2.997468946094159,2984.4129259499937,0.8868983435215434,38576.13465323722,38586.16582545007,0.8383508756288696,2.229567570240034,0.37831901645384053,1.2375839883327315,-0.1961649818974998,1.2789492751619191,0.7071224154587396,2.239570454385502,False,False,9.091758449117295e-05,fit:association,-87.5,-82.5,0.0,0.0,38579.13212218331
N26,scan-fw-c73658cb354ade8c,2026-10-01T05:39:43.069996-07:00,165820,hard30,fitted-c,True,1.289649773617197,1.289649773617197,0,92.56725222740309,0.7910021711523283,True,37.847932067682,-122.4711361750646,2.808118237517192,3233.9232949808784,0.9610470415990723,36076.49001998369,36086.33184148797,-0.22419771402548486,0.2537087551637985,-0.6842295732005139,-0.7382748267435042,-1.2587135715518543,0.21640068550756464,-1.268736399617496,0.26371163930926644,False,False,2.2729464416355584e-05,fit:association,-87.5,-82.5,0.0,0.0,36079.29813822121
N26,scan-fw-c73658cb354ade8c,2026-10-01T05:39:43.069996-07:00,165820,gaussian60,zero-c,True,2.80060385768541,2.80060385768541,0,160.00158778448483,2.7618080350338934,True,37.84096208782955,-122.45555210001001,2.990907297186617,2984.241181063841,0.8868473049223896,38569.99263929385,38579.647608314466,1.2176260989244614,2.579381350095772,0.3253716604987029,1.1920947656066556,-0.2503557148693537,1.2371217547613353,0.6525380748118094,2.151203257667905,False,False,0.00023424747478370533,fit:association,-87.5,-82.5,0.010169776832504862,0.00340085256299243,38572.98354659104
N26,scan-fw-c73658cb354ade8c,2026-10-01T05:39:43.069996-07:00,165820,gaussian60,fitted-c,True,1.222497102510399,1.222497102510399,0,91.98391551889085,1.030669551001522,True,37.8482782140592,-122.4718666947119,2.802218040419626,3233.7853284415187,0.9610060411416103,36066.78326805237,36076.23990446879,0.18015917502881654,0.6234470265258705,-0.712095263396942,-0.763839557963246,-1.2878226387649985,0.19965483086569047,-1.3033962487580921,0.1952689340980034,False,False,5.497959118830505e-06,fit:association,-87.5,-82.5,0.0005264294040387666,0.00340085256299243,36069.585486092794
N26,scan-fw-c73658cb354ade8c,2026-10-01T05:39:43.069996-07:00,165820,smooth60,zero-c,True,3.147695896270877,3.147695896270877,1,160.22626490335153,1.50078327326305,True,37.83870170296784,-122.45239208718743,3.0344403976923786,2983.315968656756,0.8865723532412351,38575.360771870575,38598.16060932336,0.5470264095240582,1.890471403941418,0.4342567832017661,1.2909337524514224,-0.601031534538699,1.9353174281329637,0.14901362161515874,2.8795295721262897,False,False,8.970735316483208e-05,fit:association,-85.0,-85.0,0.0,0.0,38578.39521226827
N26,scan-fw-c73658cb354ade8c,2026-10-01T05:39:43.069996-07:00,165820,smooth60,fitted-c,True,1.6405296224619859,1.6405296224619859,1,92.93899093671021,0.7277419250175269,True,37.845432861398294,-122.46764337771302,2.845379076759855,3234.4229837513594,0.9611955375189776,36080.225167317294,36102.83594344914,-0.5471722527701565,-0.09805842767907533,-0.6599418790924486,-0.6975960791690712,-1.6952301968329135,0.841118765838749,-1.8395162100053348,0.8909997405057961,False,False,3.410623347198209e-05,fit:association,-85.0,-85.0,0.0,0.0,36083.070546394054
N26,scan-fw-c73658cb354ade8c,2026-10-01T05:39:43.069996-07:00,165820,gaussian30,zero-c,True,2.7363736196731328,2.7363736196731328,0,157.85824354007838,2.5331206705757277,True,37.84177107556241,-122.45598839544483,1.2924333149639569,2996.720860094993,0.8905559762540841,38464.20337204186,38477.655695278394,4.382976838569172,5.682730842196192,0.09107626178180528,0.8989848588302509,-0.9785532617319266,1.7471750681919656,0.10394619698230811,1.7933247238569385,False,False,0.00030822440878573026,fit:own-continuation,-92.5,-82.5,0.25751957896140826,0.20652318097198752,38465.495805356826
N26,scan-fw-c73658cb354ade8c,2026-10-01T05:39:43.069996-07:00,165820,gaussian30,fitted-c,True,1.1173938749007606,1.1173938749007606,0,89.76192618595876,0.7092657556102137,True,37.84897829349222,-122.47302913542586,1.0965890364667898,3245.7783689884054,0.96457009479596,35973.097914836704,35986.24218360722,3.634756846551162,3.9812587148292704,-0.6571437302362044,-0.8024872685366709,-1.7267732537499363,0.9989550761739558,-1.5975259303846137,0.09185259649001676,False,False,2.928058445150067e-05,fit:association,-92.5,-82.5,0.1453093914397728,0.20652318097198752,35974.19450387317
N26,scan-fw-c73658cb354ade8c,2026-10-01T05:39:43.069996-07:00,165820,smooth30,zero-c,True,2.849425334131619,2.849425334131619,0,160.28244989265085,1.6155703964043828,True,37.84065108366632,-122.45509951503618,2.9975651605127496,2984.422831800631,0.8869012873107373,38576.350450746104,38586.34690156038,0.8147411389257703,2.2081324295710263,0.38181986256443745,1.2410027074641095,-0.1973270266562206,1.276774861377068,0.7088607870952092,2.241339375755715,False,False,0.00011726572388674056,fit:association,-87.5,-82.5,0.0,0.0,38579.34801590662
N26,scan-fw-c73658cb354ade8c,2026-10-01T05:39:43.069996-07:00,165820,smooth30,fitted-c,True,1.2918197744254007,1.2918197744254007,0,92.59278592544504,0.9918560277499934,True,37.84792508673016,-122.47111220700835,2.8082003651215928,3233.924620031541,0.9610474353734149,36076.94887563455,36086.755961653434,-0.24957125265461758,0.2309012921820918,-0.6824925290159504,-0.736228429924825,-1.2616394182366084,0.21246246979668015,-1.2683703502937251,0.26410823836678055,False,False,0.0001973953915486498,fit:association,-87.5,-82.5,0.0,0.0,36079.757075999674
N27,scan-fw-31c314f278dc5030,2026-10-01T07:25:12.402158-07:00,165820,hard30,zero-c,True,1.744709634026052,1.744709634026052,0,162.00340640323313,1.413783926738243,True,37.84391841391132,-122.50452947520272,2.4446432515469496,2814.081333357578,0.8747532898220634,37459.7120301421,37464.7734681547,2.993947937950949,1.8161852384091879,-1.3687829274306833,-0.9602173407947223,-2.2146044580714572,-0.6747144937439881,-1.5861162864276706,-0.38266157858508076,False,False,0.00039414720433912295,fit:association,-87.5,-82.5,0.0,0.0,37462.15667339365
N27,scan-fw-31c314f278dc5030,2026-10-01T07:25:12.402158-07:00,165820,hard30,fitted-c,True,0.744748122095097,0.744748122095097,0,84.89577285319338,0.5502892729759867,True,37.84246937918707,-122.4872910750989,2.3153036991352565,3072.631500660725,0.9551232516819165,34862.01297045486,34866.94506891505,0.3532837580481372,0.5159641411637645,-4.009447107333495,-2.2604384380401457,-4.855268637974269,-3.3153786736467996,-2.886337383673094,-1.6828826758305042,False,False,0.00046306421005717045,fit:association,-87.5,-82.5,0.0,0.0,34864.328274153995
N27,scan-fw-31c314f278dc5030,2026-10-01T07:25:12.402158-07:00,165820,gaussian60,zero-c,True,2.1935531397236927,2.1935531397236927,0,163.86183822005637,2.1361592118697645,True,37.84369401561311,-122.50979603613328,2.4794208055288705,2811.7659621122093,0.8740335598732388,37513.83265117387,37530.524928540595,2.004145818246252,1.732026128808929,-1.1945953748985496,-0.9674393517125675,-2.837117652796869,0.21801586837889886,-2.3650844024817346,0.40933173237001075,False,False,0.0008426176384045796,fit:association,-92.5,-82.5,0.008770643714588479,0.02189882387656073,37516.3120719794
N27,scan-fw-31c314f278dc5030,2026-10-01T07:25:12.402158-07:00,165820,gaussian60,fitted-c,True,1.0257076950870327,1.0257076950870327,0,84.99339957824651,1.0257076950870327,True,37.84135442719898,-122.49218353712581,2.3400408279502445,3071.765536772939,0.9548540680052654,34867.585003459535,34884.12984455853,-0.6632718513933812,0.36270277026813924,-3.8620130445381826,-2.3367627102533572,-5.504535322436502,-2.449401801260734,-3.734407761022524,-0.959991626170779,False,False,0.0007322587055155205,fit:association,-92.5,-82.5,0.0007143535605137327,0.02189882387656073,34869.92504428748
N27,scan-fw-31c314f278dc5030,2026-10-01T07:25:12.402158-07:00,165820,smooth60,zero-c,True,1.7499994753112995,1.7499994753112995,0,162.0121202115193,1.4817873103542583,True,37.843881418638546,-122.5045769723095,2.4457296098553343,2813.8300370555817,0.8746751747142001,37460.90611174,37466.07817240427,2.9657967113577435,1.7693137903171283,-1.3651907448621712,-0.960874774453077,-2.2338050547937205,-0.666079572989912,-1.5992835021661782,-0.3650669155009032,False,False,0.0003159362545986752,fit:association,-87.5,-82.5,0.0,0.0,37463.35184134985
N27,scan-fw-31c314f278dc5030,2026-10-01T07:25:12.402158-07:00,165820,smooth60,fitted-c,True,0.752552804942946,0.752552804942946,0,84.89076766429102,0.18895161404684593,True,37.84240411220157,-122.48733281752405,2.3167442438716535,3072.6322373985095,0.9551234806958375,34861.89730830792,34866.940383606205,0.3243978603010791,0.46859491327428887,-4.006589595918836,-2.2615936514959163,-4.875203905850385,-3.307478424046577,-2.9000023792090177,-1.6657857925437425,False,False,0.0003146430644628296,fit:own-continuation,-87.5,-82.5,0.0,0.0,34864.21405255179
N27,scan-fw-31c314f278dc5030,2026-10-01T07:25:12.402158-07:00,165820,gaussian30,zero-c,True,1.7512043305811589,1.7512043305811589,0,162.01079568020342,1.6529247958980522,True,37.8438762578387,-122.50458922575459,2.4458260740638877,2813.8491772318403,0.8746811244115139,37460.80345646774,37466.18501198684,2.968888148167203,1.7774018432116285,-1.3662357138452532,-0.9617789381770121,-2.2340328118764186,-0.653399131062358,-1.5971316242652873,-0.367082820885129,False,False,3.76137076806216e-05,fit:association,-87.5,-82.5,0.059867270742898895,0.1314820512605934,37463.2492825418
N27,scan-fw-31c314f278dc5030,2026-10-01T07:25:12.402158-07:00,165820,gaussian30,fitted-c,True,0.7535686791221862,0.7535686791221862,0,84.89099757065202,0.7535686791221862,True,37.84239594238534,-122.48734041368272,2.316914108729404,3072.631186515357,0.9551231540302633,34861.90757331737,34867.10202875869,0.32822027847039914,0.477601410921508,-4.006903583542057,-2.2615793704671328,-4.874700681573222,-3.2940670007591617,-2.896932056555408,-1.6668832531752495,False,False,1.139414880454645e-05,fit:association,-87.5,-82.5,0.0016791582945670075,0.1314820512605934,34864.224487426094
N27,scan-fw-31c314f278dc5030,2026-10-01T07:25:12.402158-07:00,165820,smooth30,zero-c,True,1.5891388670197437,1.5891388670197437,0,161.1033655422989,1.5237900346051074,True,37.84246731393335,-122.50181476331333,2.452476800783188,2814.5094024317696,0.874886354501638,37434.535814640396,37445.60849827972,2.876362538239894,1.1794876484361834,-1.5119740555545595,-0.9681962449606929,-2.850411644303771,-0.6168813979482828,-2.0838951622480364,1.2530235339640905,False,False,0.00044679630468117846,fit:association,-85.0,-85.0,0.0,0.0,37436.98829144118
N27,scan-fw-31c314f278dc5030,2026-10-01T07:25:12.402158-07:00,165820,smooth30,fitted-c,True,0.8939475532887692,0.8939475532887692,0,84.7232844333299,0.5159550192721033,True,37.84114326132041,-122.48395645297194,2.3431929954022053,3071.9797664990883,0.9549206610193001,34861.816124595585,34872.77952442953,0.23687586180171313,-0.07149008056580718,-4.15146073199274,-2.2191739739626835,-5.489898320741952,-3.2563680743864634,-3.3348728912500274,0.0020458049620999397,False,False,0.0006825749519173835,fit:association,-85.0,-85.0,0.0,0.0,34864.15931759099
N28,scan-fw-e783b43f7118a8cf,2026-10-01T08:40:43.586548-07:00,165821,hard30,zero-c,True,2.8034753189044155,2.8034753189044155,0,152.1062743121828,2.8034753189044155,True,37.83158986600882,-122.46273180517737,25.1892816121981,2259.667171635211,0.8231938694481643,32520.093377680125,32556.55069791018,-3.3405006506241963,2.3418572299919287,-1.6344025247515785,3.043096888905228,-3.216119161881237,-0.37777711504732703,2.331827534087906,4.6013111680293655,False,False,0.0006354419065630716,fit:association,-87.5,-82.5,0.0,0.0,32545.282659292323
N28,scan-fw-e783b43f7118a8cf,2026-10-01T08:40:43.586548-07:00,165821,hard30,fitted-c,True,1.920153748424428,1.920153748424428,0,119.18099421946482,1.920153748424428,True,37.83843313267323,-122.46851500873889,25.29170747385797,2347.913776925809,0.8553419952370889,31617.94826209669,31654.508008188404,-0.13792983018942948,1.4589896870181631,1.5681682956831884,2.1602293459314623,-0.01354834144646988,2.8247937053874397,1.4489599911141404,3.7184436250555994,False,False,0.00038254973535493313,fit:association,-87.5,-82.5,0.0,0.0,31643.239969570546
N28,scan-fw-e783b43f7118a8cf,2026-10-01T08:40:43.586548-07:00,165821,gaussian60,zero-c,True,2.793325169619148,2.793325169619148,0,152.10465306138022,2.066862443120028,True,37.831725833578936,-122.46272702374422,25.179917521267992,2261.35991829683,0.8238105348986631,32513.843063972927,32550.933635043923,-3.5661582813670276,1.9121624989236752,-1.731542529717166,2.9607996372659002,-3.2806961106559864,-0.41351348132735755,2.2408648239312434,4.590655349599067,False,False,0.0003059597576417113,fit:association,-87.5,-82.5,0.020467312887565835,0.0055818185051404465,32539.022981494196
N28,scan-fw-e783b43f7118a8cf,2026-10-01T08:40:43.586548-07:00,165821,gaussian60,fitted-c,True,1.937387375422239,1.937387375422239,0,119.48397131850135,1.572043138262883,True,37.83838267849896,-122.46831607696029,25.27842157604763,2350.7183656144607,0.8563637033203864,31611.119670341723,31648.289942313237,-0.4239206016590073,1.0731347652583567,1.4106951499908542,2.1217719036005818,-0.13845843094796595,2.7287241983806627,1.401837090265925,3.7516276159337485,False,False,5.4416349823588346e-05,fit:association,-87.5,-82.5,0.0016641586261463039,0.0055818185051404465,31636.39809191777
N28,scan-fw-e783b43f7118a8cf,2026-10-01T08:40:43.586548-07:00,165821,smooth60,zero-c,True,2.502220072688923,2.502220072688923,0,152.45897014946394,2.502220072688923,True,37.83015117603639,-122.4702992929082,25.234305394798866,2281.7633255598166,0.8312434701492957,32452.861429330114,32491.721319128137,0.9541888724697454,1.396766763618376,1.8530098850246624,1.667411653568583,0.27203302950939534,3.2563914835346877,0.901069810015522,3.347909715857524,False,False,6.080954889219883e-06,fit:own-continuation,-87.5,-82.5,0.0,0.0,32478.095734724913
N28,scan-fw-e783b43f7118a8cf,2026-10-01T08:40:43.586548-07:00,165821,smooth60,fitted-c,True,1.4202594289921253,1.4202594289921253,0,116.08574410650537,1.4202594289921253,True,37.84012998848074,-122.47418588295717,25.239031205397623,2360.250290503467,0.8598361714038132,31532.70803437062,31571.57264997924,1.8281263253110294,1.7931315027052879,2.7269473378659463,2.0637763926554946,1.1459704823506793,4.130328936375972,1.2974345491024337,3.744274454944436,False,False,1.1144426910105669e-05,fit:association,-87.5,-82.5,0.0,0.0,31557.947065576016
N28,scan-fw-e783b43f7118a8cf,2026-10-01T08:40:43.586548-07:00,165821,gaussian30,zero-c,True,2.8059080814325577,2.8059080814325577,0,152.1452151700979,2.575554099797008,True,37.83160787995015,-122.46267154704351,25.18883284171887,2260.1888974100457,0.8233839334827124,32519.035813134033,32555.678608579907,-3.4164838276353393,2.1731723164456547,-1.649603899519541,3.0334446987696917,-3.2203399997733007,-0.3804605235936045,2.302707197708849,4.582411794939286,False,False,0.0001408557426412528,fit:own-continuation,-87.5,-82.5,0.08197519830729795,0.01930966626083981,32544.22464597575
N28,scan-fw-e783b43f7118a8cf,2026-10-01T08:40:43.586548-07:00,165821,gaussian30,fitted-c,True,1.923465602710352,1.923465602710352,0,119.22477373735302,1.923465602710352,True,37.8384271512645,-122.46847309107501,25.288360963140388,2348.5024578382418,0.8555564509428931,31616.216305622354,31652.885520869855,-0.23637813615734282,1.310534653958583,1.5305017919584554,2.17080703628262,-0.0402343082953045,2.7996451678843917,1.4400695352217772,3.7197741324522147,False,False,0.00012748325471788097,fit:association,-87.5,-82.5,0.008866878512397812,0.01930966626083981,31641.504666585493
N28,scan-fw-e783b43f7118a8cf,2026-10-01T08:40:43.586548-07:00,165821,smooth30,zero-c,True,2.801359902225686,2.801359902225686,0,152.18656461341516,2.801359902225686,True,37.83162782442181,-122.46271907099289,25.189161444945057,2260.4480432682367,0.8234783399884287,32519.0530717074,32556.240822316915,-3.61487818738963,1.7194204565466944,-1.6320546284845232,3.0182602696400207,-3.1793301395513796,-0.3661249136892719,2.252832357802508,4.684499938299484,False,False,0.0002082424178702428,fit:association,-87.5,-82.5,0.0,0.0,32544.242233152345
N28,scan-fw-e783b43f7118a8cf,2026-10-01T08:40:43.586548-07:00,165821,smooth30,fitted-c,True,1.9284737748256706,1.9284737748256706,0,119.29959641532137,1.5005074388383102,True,37.83841717918519,-122.46841065819848,25.28756311730831,2348.9609363293976,0.8557234740726403,31615.39846156664,31652.68461384852,-0.4835514434276678,0.8482996214861379,1.499272115477439,2.147139434579464,-0.04800339558941724,2.7652018302726904,1.3817115227419512,3.813379103238927,False,False,6.871886023096372e-06,fit:association,-87.5,-82.5,0.0,0.0,31640.68602468395
N29,scan-fw-3bf35cdd73bf9970,2026-10-01T09:10:51.574146-07:00,165821,hard30,zero-c,True,5.085618553957182,5.085618553957182,0,147.59998791822062,5.085618553957182,True,37.822114361234455,-122.438958878389,64.61410425882787,2953.19751035109,0.8155751202295195,42892.18867874103,42970.365366544414,-3.135974088380183,-2.6066137646975496,-6.65594541686153,-4.6080699883107314,-7.545526599987715,-4.044872071823633,-6.44593952394387,-3.450299134928623,False,False,0.0002965872886367127,fit:association,-87.5,-87.5,0.0,0.0,42956.80278299986
N29,scan-fw-3bf35cdd73bf9970,2026-10-01T09:10:51.574146-07:00,165821,hard30,fitted-c,True,4.905222927618353,4.905222927618353,0,127.56988697164603,3.4057953330492636,True,37.821928744428156,-122.4417085996837,65.31230347448582,3114.57460353794,0.860142116414786,41822.83162227198,41901.70650929102,-4.075197982676146,-3.2755599548756273,-7.595169311157493,-5.277016178488809,-8.484750494283677,-4.984095966119596,-7.1148857141219475,-4.119245325106701,False,False,0.00010658573684590306,fit:association,-87.5,-87.5,0.0,0.0,41888.143925746466
N29,scan-fw-3bf35cdd73bf9970,2026-10-01T09:10:51.574146-07:00,165821,gaussian60,zero-c,True,5.383990075328587,5.383990075328587,0,146.68619582328483,4.943215613046492,True,37.81207485953485,-122.44618440439622,82.50659846470401,2942.509147325848,0.8126233491648296,42981.87265226628,43072.05605084026,-2.381577754226935,-3.328655689992104,-4.807069874116609,-2.4602260061085413,-5.766231414019793,-3.7540392233419984,-3.304116370434503,-1.745745415264501,False,False,9.106408306822078e-05,fit:association,-87.5,-92.5,0.020939826627431775,0.008296477674371259,43064.37925073098
N29,scan-fw-3bf35cdd73bf9970,2026-10-01T09:10:51.574146-07:00,165821,gaussian60,fitted-c,True,5.018539902150404,5.018539902150404,0,127.91198930117578,4.9941068131240485,True,37.82245791139084,-122.43958690927741,79.56838390537274,3113.2527097623633,0.859777053234566,41915.769623277214,42006.31888125356,-6.735449328183666,-6.899538344821139,-7.581272589829245,-5.301145816387096,-9.048809476543633,-5.336058040963945,-6.328056939782936,-4.541917822956554,False,False,0.00034287896686722996,fit:association,-85.0,-75.0,0.11621238378023377,0.004087844581118176,41995.33800718259
N29,scan-fw-3bf35cdd73bf9970,2026-10-01T09:10:51.574146-07:00,165821,smooth60,zero-c,True,5.198871609956446,5.198871609956446,1,148.00795440175673,4.812164751100153,True,37.82188355112432,-122.43757956215738,67.29476633227023,2956.620259119758,0.8165203698204248,42888.617713879496,42962.03045882606,1.4530813488406464,2.051759138585572,-6.525991877349698,-4.499235164117104,-7.005500168005602,-4.35789980313059,-5.18480187937933,-3.910799721143614,False,False,8.178803953907965e-05,fit:association,-80.0,-80.0,0.0,0.0,42955.912480211766
N29,scan-fw-3bf35cdd73bf9970,2026-10-01T09:10:51.574146-07:00,165821,smooth60,fitted-c,True,5.047661459971069,5.047661459971069,1,128.71459831218573,5.047661459971069,True,37.82171897361135,-122.4398683445772,66.69341089991212,3113.4623523401906,0.859834949555424,41850.764624666874,41923.57601418108,0.4522994367352603,1.3356043010757508,-7.526773789455084,-5.215390001626925,-8.006282080110989,-5.358681715235976,-5.900956716889151,-4.626954558653435,False,False,4.7730300798563526e-05,fit:own-continuation,-80.0,-80.0,0.0,0.0,41917.458035566786
N29,scan-fw-3bf35cdd73bf9970,2026-10-01T09:10:51.574146-07:00,165821,gaussian30,zero-c,True,5.406579519430846,5.406579519430846,0,146.34675968703993,3.7737235533880207,True,37.811438126507646,-122.4467514367046,82.90699858195303,2941.983455970549,0.812478170662952,42978.77947002734,43069.40535195387,-2.5664063045851604,-3.518910079982961,-4.7136315364824934,-2.338412314345473,-5.641529105645376,-3.6494817994387905,-3.2444725530275447,-1.6563215208964626,False,False,0.0008766857409497897,fit:association,-87.5,-92.5,0.09484584735610074,0.030020755855858294,43061.68646860929
N29,scan-fw-3bf35cdd73bf9970,2026-10-01T09:10:51.574146-07:00,165821,gaussian30,fitted-c,True,5.620147103821601,5.620147103821601,0,126.48594489452093,2.511647177444858,True,37.82874275193606,-122.42715145823072,103.12383510630848,3107.8617296998164,0.858288243496221,41939.636247494185,42050.13725299239,-2.0003171477810797,-1.6238986900466998,-8.079936390670866,-5.795054146747173,-9.232830360384282,-6.277730877985325,-6.113698828101913,-5.448243233848698,False,False,0.00020098922967562525,fit:association,-77.5,-72.5,0.033191578236212105,0.2718015399123895,42042.76008260049
N29,scan-fw-3bf35cdd73bf9970,2026-10-01T09:10:51.574146-07:00,165821,smooth30,zero-c,True,4.891146496499959,4.891146496499959,0,147.9975840776475,4.891146496499959,True,37.815630249215374,-122.4495523865943,78.33988637533184,2947.3999657978798,0.8139740308748632,42918.809617464336,43002.275779789896,-2.2376296811187077,-2.4442496311872484,-5.012960323395632,-2.842578746574917,-5.716734247699641,-3.705383482882742,-3.6566335915154657,-2.117310071618322,False,False,9.592807814291782e-05,fit:association,-90.0,-90.0,0.0,0.0,42997.14950383967
N29,scan-fw-3bf35cdd73bf9970,2026-10-01T09:10:51.574146-07:00,165821,smooth30,fitted-c,True,4.959065341936868,4.959065341936868,0,129.3315633764068,1.8890149931428315,True,37.81773167265975,-122.44556115208209,77.28364850176877,3104.9594382378846,0.8574867269367259,41899.02806698141,41981.437991433406,-4.0493843198332895,-3.963800991398436,-6.824714962110214,-4.362130106786105,-7.528488886414223,-5.517138121597324,-5.176184951726654,-3.63686143182951,False,False,0.00019645981623792508,fit:association,-90.0,-90.0,0.0,0.0,41976.31171548318
N30,scan-fw-2e7b33a6720d4772,2026-10-01T09:56:08.634041-07:00,165821,hard30,zero-c,True,3.85389502806125,3.85389502806125,0,133.66459381865448,3.240292274420442,True,37.82275718775566,-122.51433812816026,133.78049774670944,2886.9273857439166,0.8286243931526741,41520.40904953283,41657.11084275612,0.17049661413972225,-0.5428295319308012,-17.781737267307395,-16.922708579825226,-18.691664604436088,-17.233586476113146,-17.64993260603672,-16.35988704395655,False,False,0.00033032376031121025,fit:association,-97.5,-87.5,0.0,0.0,41654.18954727954
N30,scan-fw-2e7b33a6720d4772,2026-10-01T09:56:08.634041-07:00,165821,hard30,fitted-c,True,5.185671295780293,5.185671295780293,0,125.27508715719283,0.29152025346517507,True,37.837145783728324,-122.54285199556462,131.67464401780308,2894.7996735322995,0.8308839476269516,41299.727240813554,41434.32318030794,0.31599007141221097,1.2236303815876581,-17.636243810034905,-15.156248666306766,-18.546171147163598,-17.088093018840656,-15.883472692518259,-14.59342713043809,False,False,0.00019184711164285662,fit:association,-97.5,-87.5,0.0,0.0,41431.40188483136
N30,scan-fw-2e7b33a6720d4772,2026-10-01T09:56:08.634041-07:00,165821,gaussian60,zero-c,True,2.384915990006203,2.384915990006203,0,140.33827647063558,2.384915990006203,True,37.83871455637953,-122.46196051331069,115.71720445198572,3006.088416538437,0.8628267556080473,41078.469125939155,41206.71526248584,-6.668851682759754,-8.256893103435166,-15.70263728993028,-16.569908945835998,-17.03468008955665,-13.72903320109602,-18.350061846922433,-15.915659641779238,False,False,0.00039091049387962606,fit:association,-82.5,-82.5,0.14081233311025348,0.1883943934904107,41194.18633039114
N30,scan-fw-2e7b33a6720d4772,2026-10-01T09:56:08.634041-07:00,165821,gaussian60,fitted-c,True,1.2180285194418339,1.2180285194418339,0,135.32697767898344,1.2180285194409863,True,37.841874857972044,-122.47528031649782,115.46166063458197,3022.217430333263,0.8674562084768264,40897.914238685225,41025.86925082213,-5.732310498807859,-7.164217258603511,-14.766096105978386,-15.477233101004341,-16.09813890560476,-12.792492017144125,-17.257386002090776,-14.82298379694758,False,False,0.00032755324533682146,fit:association,-82.5,-82.5,0.10523174072901902,0.1883943934904107,41013.375899319806
N30,scan-fw-2e7b33a6720d4772,2026-10-01T09:56:08.634041-07:00,165821,smooth60,zero-c,True,2.403293358348117,2.403293358348117,0,139.80371716556024,2.403293358348117,True,37.83154441781891,-122.46971427137102,54.654047305026324,2962.7972411278097,0.8504010450998306,41232.94405682645,41299.276653535024,-6.5917838135656615,-8.278526753135374,-15.7140820599578,-16.621197365577835,-16.975739248583977,-13.661094693887303,-17.938333967087704,-16.046749978347766,False,False,0.00013138733322968794,fit:association,-82.5,-82.5,0.0,0.0,41287.59810413147
N30,scan-fw-2e7b33a6720d4772,2026-10-01T09:56:08.634041-07:00,165821,smooth60,fitted-c,True,1.710860608485471,1.710860608485471,0,136.34205424217484,0.8468584416609007,True,37.83536015703227,-122.47687735846948,54.65356629017333,2984.6194489034565,0.8566645949780299,41060.23674360805,41126.56885930178,-5.427538024728056,-6.894527548624687,-14.549836271120196,-15.237198161067148,-15.811493459746371,-12.4968489050497,-16.554334762577017,-14.66275077383708,False,False,0.0007069116226827155,fit:association,-82.5,-82.5,0.0,0.0,41114.89030989823
N30,scan-fw-2e7b33a6720d4772,2026-10-01T09:56:08.634041-07:00,165821,gaussian30,zero-c,True,2.7818683914921065,2.7818683914921065,0,132.8235440551623,2.3213262950146145,True,37.840247646173516,-122.45610241561465,283.8555116340495,3004.973672605719,0.8625067946629503,41216.3350814125,41512.24904065197,1.502339779807439,0.5448159250533068,-18.58183305902602,-17.285370759668425,-20.553184427130454,-17.649868011540065,-19.01986739288603,-16.625079978375187,False,False,0.00021327338188368216,fit:association,-77.5,-77.5,0.012769246030917772,3.6064477791608187,41500.19059304655
N30,scan-fw-2e7b33a6720d4772,2026-10-01T09:56:08.634041-07:00,165821,gaussian30,fitted-c,True,1.0589379895683768,1.0589379895683768,0,128.6222910460605,1.0589379895683768,True,37.8421432641245,-122.47746027155029,283.7628147030544,3006.070792353387,0.8628216970015462,41121.159909099704,41417.00519611934,2.40428145848747,1.2562731017472817,-17.67989138034599,-16.57391358297445,-19.65124274845042,-16.747926332860033,-18.308410216192055,-15.91362280168121,False,False,0.00019730748121476321,fit:association,-77.5,-77.5,0.03679395718900186,3.6064477791608187,41404.92272380276
N30,scan-fw-2e7b33a6720d4772,2026-10-01T09:56:08.634041-07:00,165821,smooth30,zero-c,True,2.2983972242394435,2.2983972242394435,0,139.95706378525202,0.91772345753157,True,37.83916888022211,-122.46276876165231,109.92312470053002,3001.908838762242,0.8616271064185539,41088.499679513,41210.82560674019,-6.454787778025525,-8.029949250326208,-15.799182380627553,-16.636682418227856,-17.047920949175122,-13.73752070699215,-18.309398997901436,-15.999518220755578,False,False,0.00020324094332249687,fit:association,-82.5,-82.5,0.0,0.0,41198.42280421353
N30,scan-fw-2e7b33a6720d4772,2026-10-01T09:56:08.634041-07:00,165821,smooth30,fitted-c,True,1.765501244131527,1.765501244131527,0,135.7737437123041,0.8255273954425477,True,37.84009422293088,-122.4691577903836,109.8915489029605,3025.5581908778513,0.8684150949706806,40900.91581788775,41023.21016931737,-5.318588468659261,-6.745528439637314,-14.662983071261289,-15.352261607538964,-15.91172163980886,-12.601321397625886,-17.024978187212543,-14.715097410066685,False,False,0.0005414663897729682,fit:association,-82.5,-82.5,0.0,0.0,41010.80736679071
N31,scan-fw-d5bc436bb78f9698,2026-10-01T10:41:20.782652-07:00,165821,hard30,zero-c,True,0.2532223019401305,0.2532223019401305,0,118.88717310225886,0.2532223019401305,True,37.84957927509173,-122.48294798829127,75.04554854393791,2574.0926257340593,0.8661146116198046,34401.12887219697,34488.08896842268,-2.434297720338495,-4.601681225468205,-0.05498677824092102,-2.2379406072897123,-1.2069150692792625,1.2278154472144265,-3.722239349277025,-0.970332981509086,False,False,2.7232198112833728e-05,fit:association,-92.5,-82.5,0.0,0.0,34476.17442074091
N31,scan-fw-d5bc436bb78f9698,2026-10-01T10:41:20.782652-07:00,165821,hard30,fitted-c,True,0.21458611557034074,0.21458611557034074,0,117.33269663664265,0.21458611551698423,True,37.85004459631816,-122.4836557533472,74.9994100149197,2576.2232183805945,0.8668315001280601,34368.49182050854,34455.40577820523,-2.5444119097499622,-4.43623951537016,-0.16510096765238824,-2.0724988971916676,-1.3170292586907297,1.1177012578029593,-3.5567976391789804,-0.8048912714110412,False,False,0.00022574687663357018,fit:association,-92.5,-82.5,0.0,0.0,34443.49123052346
N31,scan-fw-d5bc436bb78f9698,2026-10-01T10:41:20.782652-07:00,165821,gaussian60,zero-c,True,0.5425234142581183,0.5425234142581183,0,122.30943989575029,0.08351900092533755,True,37.849373672321654,-122.47958909826218,73.46690650333954,2567.1580582923443,0.8637813116730634,34414.2845966325,34495.72883782486,2.119893947991473,2.3163912039649426,-2.009169196811701,-2.8706380010648256,-4.117399308464819,-1.0255358015623397,-3.6131022049448047,-1.8748760148314643,False,False,9.647195707039591e-05,fit:association,-87.5,-82.5,0.012324523200671289,0.05494304303450454,34487.751503135834
N31,scan-fw-d5bc436bb78f9698,2026-10-01T10:41:20.782652-07:00,165821,gaussian60,fitted-c,True,0.4859171592211956,0.4859171592211956,0,121.4663568160707,0.4085804246739057,True,37.84975957771622,-122.48029283594629,73.4784923585614,2575.921154480847,0.8667298635534477,34369.845085249864,34451.29913755809,1.833368055838559,2.253572417690363,-2.2956950889646155,-2.9334567873394053,-4.403925200617733,-1.312061693715254,-3.6759209912193844,-1.937694801106044,False,False,0.00016430108814334543,fit:association,-87.5,-82.5,0.010549783837430056,0.05494304303450454,34443.323577608426
N31,scan-fw-d5bc436bb78f9698,2026-10-01T10:41:20.782652-07:00,165821,smooth60,zero-c,True,0.4868526981586017,0.4868526981586017,0,122.35227180261784,0.29389239025243497,True,37.84966413258261,-122.48026373804235,73.40666345001227,2564.973609878244,0.8630463021124644,34421.609866235565,34499.77098077671,2.4897653615607886,2.6809811151497924,-1.7878142218373068,-2.7812280814891506,-3.3927891232514167,-0.9251176194903185,-3.205298212805616,-2.1696619217164663,False,False,0.0006160802056059678,fit:association,-87.5,-82.5,0.0,0.0,34495.01652968558
N31,scan-fw-d5bc436bb78f9698,2026-10-01T10:41:20.782652-07:00,165821,smooth60,fitted-c,True,0.44058300458588207,0.44058300458588207,0,121.58640206593351,0.4405830045681316,True,37.8499648686167,-122.48087071675793,73.42475463738083,2573.7314800851627,0.8659930955872015,34378.06197962779,34456.2411853563,2.1860809124219487,2.6457394256061235,-2.0914986709761467,-2.8164697710328195,-3.696473572390256,-1.2288020686291583,-3.240539902349285,-2.2049036112601352,False,False,0.0002912070445711609,fit:association,-87.5,-82.5,0.0,0.0,34451.48673426517
N31,scan-fw-d5bc436bb78f9698,2026-10-01T10:41:20.782652-07:00,165821,gaussian30,zero-c,True,0.4253745037773463,0.4253745037773463,0,128.05013644931688,0.42537450357011175,True,37.84610094922935,-122.48267876472691,90.66330415991253,2524.0982662362567,0.849292821748404,34750.87506324974,34850.51647951619,-2.0305801330391184,-0.3562064249845025,-3.1941586669798157,-4.764463749627762,-4.898219102505081,-1.7522061132819957,-5.663020837602099,-4.210258203216172,False,False,0.0007233142475303184,fit:association,-95.0,-85.0,0.02125069346946702,0.10393323822459262,34841.53836740965
N31,scan-fw-d5bc436bb78f9698,2026-10-01T10:41:20.782652-07:00,165821,gaussian30,fitted-c,True,0.4625068632768895,0.4625068632768895,0,123.86778437048353,0.4625068632768895,True,37.84606206479083,-122.48941111123254,90.8679155107619,2523.9733389513126,0.849250786995731,34684.67332379396,34784.5160157799,-1.8856054068952346,0.16584531952068263,-3.049183940835932,-4.242412005122576,-4.753244376361198,-1.607231387138112,-5.140969093096913,-3.688206458710987,False,False,0.00019716000857453284,fit:association,-95.0,-85.0,0.0179150621025973,0.10393323822459262,34775.54123930472
N31,scan-fw-d5bc436bb78f9698,2026-10-01T10:41:20.782652-07:00,165821,smooth30,zero-c,True,1.511526944024094,1.511526944024094,0,135.20031368260402,0.33672613401575546,True,37.84650569805477,-122.46884595410036,154.03623028123548,2447.9720887409,0.8236783609491588,35209.538105881584,35370.86480472181,5.259209490962722,2.8021872666076764,-3.997823926145114,-5.133393297598772,-6.3292763457230805,-2.86583125463328,-5.386457104571903,-4.705102440703099,False,False,0.00021347290012101172,fit:association,-97.5,-92.5,0.0,0.0,35363.57433616282
N31,scan-fw-d5bc436bb78f9698,2026-10-01T10:41:20.782652-07:00,165821,smooth30,fitted-c,True,1.0443613163605376,1.0443613163605376,0,132.2140106883916,1.0443613163605376,True,37.847535140426544,-122.47401767922867,155.98210299241327,2446.1852335009085,0.8230771310568332,35169.81337410483,35333.08594565623,6.1080548115193185,3.9673568201744764,-3.1489786055885176,-3.968223744031972,-5.480431025166484,-2.0169859340766836,-4.221287551005103,-3.539932887136299,False,False,0.00012352655320931483,fit:own-continuation,-97.5,-92.5,0.0,0.0,35325.79547709724
N32,scan-fw-2e91ef74160c0f50,2026-10-01T11:26:33.539443-07:00,165822,hard30,zero-c,True,0.7908592122350486,0.7908592122350486,0,119.63732965010432,0.7908592122350486,True,37.841969840582706,-122.48498668895584,29.51156018711481,3043.777337221765,0.9104927721273601,38052.3948593465,38099.977880383216,-1.8415609606438914,-2.550153148635966,-0.5791245670033225,-2.229472168421435,-2.4204463365084097,2.2240375185160977,-3.5101428724419677,-0.7813516994918006,False,False,3.2562985699195746e-05,fit:association,-87.5,-77.5,0.0,0.0,38081.90641953362
N32,scan-fw-2e91ef74160c0f50,2026-10-01T11:26:33.539443-07:00,165822,hard30,fitted-c,True,0.7823048906788455,0.7823048906788455,0,120.30056594064246,0.7823048906788455,True,37.842090660364484,-122.48450295419617,29.510507937935472,3048.4449879899894,0.911889018244089,38048.57584859354,38096.15781738107,-1.881447058754355,-2.523302475363103,-0.6190106651137861,-2.2026214951485716,-2.460332434618873,2.1841514204056343,-3.483292199169105,-0.7545010262189373,False,False,8.997151775458909e-06,fit:association,-87.5,-77.5,0.0,0.0,38078.08635653147
N32,scan-fw-2e91ef74160c0f50,2026-10-01T11:26:33.539443-07:00,165822,gaussian60,zero-c,True,2.599260641011564,2.599260641011564,0,123.05185457106171,0.48325339198043793,True,37.8256845324975,-122.4852120405658,32.28801343654659,3005.3487557608146,0.8989975338799924,38258.16790593564,38296.15883618635,5.2604760860217175,4.364971043881517,-2.1789808694990107,-2.151313816816029,-3.2477683140411644,-1.1050182833166022,-2.7534390605875387,-1.6037735567413711,False,False,0.0004817092063383946,fit:association,-87.5,-92.5,0.05840697608191307,0.1222593602235022,38290.45591937219
N32,scan-fw-2e91ef74160c0f50,2026-10-01T11:26:33.539443-07:00,165822,gaussian60,fitted-c,True,2.5644988106660866,2.5644988106660866,0,123.15882207236085,0.5109862101703595,True,37.82600001833058,-122.48504593422182,32.27175584008347,3007.184669356907,0.8995467153326075,38254.04059221309,38292.01561941968,5.271137316157238,4.384556321831552,-2.1683196393634905,-2.1317285388659934,-3.237107083905644,-1.094357053181082,-2.733853782637503,-1.5841882787913355,False,False,0.00024426221650853026,fit:association,-87.5,-92.5,0.058761528431372945,0.1222593602235022,38286.31234805317
N32,scan-fw-2e91ef74160c0f50,2026-10-01T11:26:33.539443-07:00,165822,smooth60,zero-c,True,2.401490010422259,2.401490010422259,0,122.2133652160964,1.6533109388172653,True,37.82748062816843,-122.48453677950855,40.295603917467815,3018.209493673139,0.9028445987655217,38194.89151690634,38240.35306464702,2.5995496079852574,1.7086984271164034,-1.8947476277025874,-1.9131885166549532,-2.5635872650005616,-0.7880682372415364,-2.534379878034351,-1.0685679520435918,False,False,0.0002683850013367392,fit:association,-87.5,-87.5,0.0,0.0,38235.18712082381
N32,scan-fw-2e91ef74160c0f50,2026-10-01T11:26:33.539443-07:00,165822,smooth60,fitted-c,True,2.3663094278310117,2.3663094278310117,0,122.36085155598806,1.5953397922026196,True,37.827804152167154,-122.48435897839666,40.26770259679324,3020.3157896281327,0.9034746603733571,38190.43713893683,38235.870785356834,2.611256683006765,1.734494727925053,-1.8830405526810798,-1.8873922158463035,-2.551880189979054,-0.7763611622200288,-2.5085835772257012,-1.042771651234942,False,False,7.50278212838084e-05,fit:association,-87.5,-87.5,0.0,0.0,38230.704841533625
N32,scan-fw-2e91ef74160c0f50,2026-10-01T11:26:33.539443-07:00,165822,gaussian30,zero-c,True,5.777037466495768,5.777037466495768,0,119.88044611924408,2.226895353528829,True,37.890898213403375,-122.44674152997108,108.98936334776384,2991.458596390508,0.8948425355640167,38341.913775939494,38467.26468754886,-5.476927405214527,-8.881914332184845,-4.266907627930411,2.814950818789695,-5.384455780866832,-1.5879673446241651,1.7515439643202488,4.476161539554104,False,False,0.0003282867726618747,fit:association,-85.0,-65.0,0.5444256800313024,0.6914040111075068,38450.90313928726
N32,scan-fw-2e91ef74160c0f50,2026-10-01T11:26:33.539443-07:00,165822,gaussian30,fitted-c,True,5.907824078717585,5.907824078717585,0,119.95972070609946,3.5589996380762834,True,37.892418193121344,-122.44686284262964,108.95307604422452,2996.178164578375,0.8962543118690921,38328.20824574325,38453.47208508576,-5.026227836052456,-8.571182945466203,-3.81620805876834,3.125682205508337,-4.933756211704761,-1.1372677754620946,2.0622753510388905,4.7868929262727455,False,False,5.763381461497408e-05,fit:association,-85.0,-65.0,0.4936407167227963,0.6914040111075068,38437.16132178747
N32,scan-fw-2e91ef74160c0f50,2026-10-01T11:26:33.539443-07:00,165822,smooth30,zero-c,True,1.122995368184203,1.122995368184203,0,118.08759740149205,1.122995368184203,True,37.83898675523016,-122.48673664092462,30.137721465100185,3050.6995005456192,0.9125634162565418,38072.214179533716,38120.54132371707,-1.0047674794282662,-2.394430273684352,-0.4706702670548174,-2.323210144074198,-2.060186724248279,2.7934566046317246,-2.943544882066094,-0.826154249293144,False,False,8.269949776530628e-06,fit:association,-87.5,-77.5,0.0,0.0,38102.351900998816
N32,scan-fw-2e91ef74160c0f50,2026-10-01T11:26:33.539443-07:00,165822,smooth30,fitted-c,True,1.1104585434934064,1.1104585434934064,0,118.84139999889769,1.1104585434934064,True,37.8390791478605,-122.48630482992972,29.79069445979985,3054.7833058988485,0.9137850152255006,38070.15632833949,38118.13644551755,-1.035403392915121,-2.3582943984164713,-0.5013061805416722,-2.2870742688063173,-2.0908226377351338,2.76282069114487,-2.907409006798213,-0.7900183740252633,False,False,0.00030206302416809633,fit:association,-87.5,-77.5,0.0,0.0,38099.94702279929
N33,scan-fw-ab44ec90d868d8c7,2026-10-01T11:56:42.309042-07:00,165822,hard30,zero-c,True,1.982376126489966,1.982376126489966,0,112.0202486790522,1.982376126489966,True,37.853075999643494,-122.5077516630256,11.683393485462148,2833.802069599262,0.9538209591380888,32734.394711924266,32761.825772463006,1.6114511031916852,1.627768150279262,3.212588449113091,1.9286212702677263,1.3300815072766787,5.629187464067184,1.1060060624593524,3.6448916510482823,False,False,4.1105076470390614e-05,fit:association,-80.0,-80.0,0.0,0.0,32746.078105409728
N33,scan-fw-ab44ec90d868d8c7,2026-10-01T11:56:42.309042-07:00,165822,hard30,fitted-c,True,2.101754340233756,2.101754340233756,0,110.80432445315473,1.3108567934356077,True,37.85288964710005,-122.5091952274225,11.673004789427068,2834.65240797765,0.9541071719884382,32710.787180988238,32738.207852830943,1.6235158920677812,1.710213489989863,3.2246532379891866,2.011066609978327,1.3421462961527744,5.641252252943279,1.188451402169953,3.727336990758883,False,False,6.542739936232084e-05,fit:own-continuation,-80.0,-80.0,0.0,0.0,32722.460185777665
N33,scan-fw-ab44ec90d868d8c7,2026-10-01T11:56:42.309042-07:00,165822,gaussian60,zero-c,True,2.41264975616768,2.41264975616768,0,113.05150131574473,0.8157667934748435,True,37.85447696409731,-122.51236253554084,11.683058167743756,2833.7664803608473,0.953808980262823,32756.083869677124,32782.26021375723,0.1567515323182509,-0.880602460717009,3.439911204555531,2.1019211790877823,2.273811843689055,4.300629379188592,1.061901343007615,4.129911669942354,False,False,4.2705155343047974e-05,fit:association,-87.5,-77.5,0.0010000396708812137,0.024593230869249534,32767.766927844867
N33,scan-fw-ab44ec90d868d8c7,2026-10-01T11:56:42.309042-07:00,165822,gaussian60,fitted-c,True,2.492510365473841,2.492510365473841,0,111.75964512987717,1.7593498003173962,True,37.85434662197504,-122.51334149144851,11.676749706665541,2834.66892293341,0.9541127307079805,32730.398812214084,32756.56871325547,0.14658666587150018,-0.8190738500458089,3.4297463381087803,2.1634497897589826,2.2636469772423045,4.290464512741842,1.1234299536788153,4.191440280613554,False,False,4.591621981899174e-05,fit:association,-87.5,-77.5,0.0008654620280502339,0.024593230869249534,32742.07556192075
N33,scan-fw-ab44ec90d868d8c7,2026-10-01T11:56:42.309042-07:00,165822,smooth60,zero-c,True,2.4081470378694014,2.4081470378694014,1,113.04751350457391,1.6891753043250306,True,37.854423828542444,-122.51232686565528,11.681160916687077,2833.704194998162,0.9537880158189708,32755.825302037738,32780.64640487106,0.22989342855863729,-0.7042550320639069,3.42401509418894,2.0994204245038923,2.25153636634162,4.351691846397123,1.193615094536226,3.91593237944355,False,False,3.386658697741851e-05,fit:association,-87.5,-77.5,0.0,0.0,32767.506462954425
N33,scan-fw-ab44ec90d868d8c7,2026-10-01T11:56:42.309042-07:00,165822,smooth60,fitted-c,True,2.4893289282534248,2.4893289282534248,1,111.77340449603916,2.4893289282534248,True,37.85429516065062,-122.51331996062387,11.674960647567787,2834.647852631245,0.9541056387180225,32730.311080326657,32755.12598289086,0.2219772578375659,-0.64101865616019,3.4160989234678687,2.162656800407609,2.243620195620548,4.343775675676052,1.256851470439943,3.979168755347267,False,False,0.00017401959905054276,fit:association,-87.5,-77.5,0.0,0.0,32741.986040974225
N33,scan-fw-ab44ec90d868d8c7,2026-10-01T11:56:42.309042-07:00,165822,gaussian30,zero-c,True,2.4113373235661055,2.4113373235661055,0,112.9808717054761,2.0889308980335177,True,37.8544943196346,-122.51234141671038,11.681690076730188,2833.459961584116,0.9537058100249466,32755.563622886682,32780.2340837138,0.38337921564770516,-0.667991495633931,3.440879976118078,2.078827080205753,2.4305230392395876,4.388460404544037,0.8657529117714293,3.84561830270745,False,False,8.794217138959753e-05,fit:association,-87.5,-77.5,0.0029659613061495285,0.08446661594427429,32767.245312963412
N33,scan-fw-ab44ec90d868d8c7,2026-10-01T11:56:42.309042-07:00,165822,gaussian30,fitted-c,True,2.4912008903792593,2.4912008903792593,0,111.73952185263343,2.4912008902902922,True,37.85436789382795,-122.5133195867355,11.67575210735012,2834.5080981773413,0.9540585991845646,32730.30230265136,32754.96639126486,0.37719130961912073,-0.6033822422458532,3.434692070089494,2.143436333593831,2.4243351332110032,4.382272498515452,0.9303621651595073,3.910227556095528,False,False,3.08025870216969e-05,fit:association,-87.5,-77.5,0.0025317170715491045,0.08446661594427429,32741.978054758707
N33,scan-fw-ab44ec90d868d8c7,2026-10-01T11:56:42.309042-07:00,165822,smooth30,zero-c,True,2.5021993614519515,2.5021993614519515,1,112.18398227909341,2.5021993614489415,True,37.853395648628414,-122.51371872933328,11.634199739106407,2834.289669651486,0.9539850789806414,32736.340202726744,32753.322529790305,-0.09855349480639572,-1.6105198721159277,3.325601272722221,2.0468400657967765,2.129926626309172,4.1028324288187825,1.5988833330171983,2.8105399403392997,False,False,0.00011611919518203669,fit:association,-87.5,-77.5,0.0,0.0,32747.97440246585
N33,scan-fw-ab44ec90d868d8c7,2026-10-01T11:56:42.309042-07:00,165822,smooth30,fitted-c,True,2.5849860455249214,2.5849860455249214,1,111.06525876813159,2.5849860455249214,True,37.85327223780927,-122.51470830294485,11.629084004740434,2835.777347533466,0.9544858120274204,32711.34921972954,32728.326431058736,-0.1003756799469411,-1.5445353122538579,3.3237790875816757,2.1128246256588463,2.1281044411686265,4.101010243678237,1.6648678928792682,2.8765245002013695,False,False,0.00010970951080195492,fit:association,-87.5,-77.5,0.0,0.0,32722.978303734282
N34,scan-fw-a1c15665e0e23e22,2026-10-01T12:41:57.290684-07:00,165822,hard30,zero-c,True,4.798113378995049,4.798113378995049,0,103.2711773868053,1.8357719701721094,True,37.872240360975994,-122.43965886794787,28.052819760268903,2948.177952870007,0.9556492553873606,33757.24252930225,33798.53739742576,-6.5469197695867285,-5.621519452363989,-8.241269602979793,-8.710907076080476,-10.21123260936672,-6.896415788537822,-10.534803904805576,-7.864523843490641,False,False,0.00012351358572030245,fit:association,-97.5,-72.5,0.0,0.0,33785.29534906252
N34,scan-fw-a1c15665e0e23e22,2026-10-01T12:41:57.290684-07:00,165822,hard30,fitted-c,True,4.7796192744124255,4.7796192744124255,0,102.72198370510588,1.9048491672228751,True,37.87222234562112,-122.43989424277088,28.05518695073988,2948.8088339639735,0.955853754931596,33744.81899703866,33786.11623235264,-6.4979690444724385,-5.5716769640004715,-8.192318877865503,-8.661064587716957,-10.16228188425243,-6.847465063423532,-10.484961416442058,-7.814681355127123,False,False,7.208990157243325e-05,fit:association,-97.5,-72.5,0.0,0.0,33772.8741839894
N34,scan-fw-a1c15665e0e23e22,2026-10-01T12:41:57.290684-07:00,165822,gaussian60,zero-c,True,4.295327283575781,4.295327283575781,0,104.26590851905557,1.9963161511039995,True,37.86574460272145,-122.44163060740841,1.7303167513080966,2941.5327083257725,0.9534952052919846,33868.085225473995,33880.59962479853,-0.41081786165349743,-1.7500045670823192,-8.71502256338502,-8.949446357363271,-10.918682488125896,-7.1752703690178015,-9.694777625540276,-7.944082947219581,False,False,6.611094130462417e-05,fit:association,-87.5,-82.5,0.004039109125328159,0.1509897222748797,33869.815542225304
N34,scan-fw-a1c15665e0e23e22,2026-10-01T12:41:57.290684-07:00,165822,gaussian60,fitted-c,True,4.255267237417695,4.255267237417695,0,103.89977653975531,3.8113953745781712,True,37.86556999427321,-122.44203068215197,1.723205431162117,2942.240689061604,0.9537246966164032,33858.521681591614,33871.02869980939,-0.361894115501685,-1.6983788316060546,-8.666098817233207,-8.897820621887007,-10.869758741974083,-7.126346622865989,-9.643151890064011,-7.8924572117433165,False,False,1.590929374039457e-05,fit:association,-87.5,-82.5,0.003769322508102868,0.1509897222748797,33860.244887022774
N34,scan-fw-a1c15665e0e23e22,2026-10-01T12:41:57.290684-07:00,165822,smooth60,zero-c,True,5.335021721102698,5.335021721102698,0,106.28197542477425,1.452408364260552,True,37.86650164305988,-122.42914581109149,37.25973200808221,2923.1091977650276,0.9475232407666216,33886.245456978766,33948.23069436502,0.6298353430780531,0.8973060221870626,-9.185406001544877,-9.377168838308974,-11.328793253417246,-6.960654681918871,-10.3993841826338,-7.887627230428973,False,False,0.00011426763378260705,fit:association,-80.0,-80.0,0.0,0.0,33923.50518898685
N34,scan-fw-a1c15665e0e23e22,2026-10-01T12:41:57.290684-07:00,165822,smooth60,fitted-c,True,5.297618315983956,5.297618315983956,0,105.48937591694333,1.0171072235023084,True,37.8666101884926,-122.4296576559132,37.271907995673246,2923.6049473349585,0.9476839375477986,33870.16396459237,33932.161377966215,0.6803128023359163,0.9400349849046593,-9.134928542287014,-9.334439875591377,-11.278315794159383,-6.910177222661008,-10.356655219916203,-7.844898267711376,False,False,0.00027193726669704626,fit:association,-80.0,-80.0,0.0,0.0,33907.435872588045
N34,scan-fw-a1c15665e0e23e22,2026-10-01T12:41:57.290684-07:00,165822,gaussian30,zero-c,True,4.016270880949913,4.016270880949913,0,103.62214638077167,1.2734464305277209,True,37.86506057274302,-122.44474407848777,1.530476953832311,2941.9649559436584,0.9536353179720125,33854.67729975766,33870.633268824444,-0.5748205187840765,-1.268779519188526,-8.531042927255566,-8.786301565372264,-10.391109937872542,-6.958196402505241,-10.241405897507253,-7.32788235310129,False,False,7.588175236822444e-06,fit:association,-87.5,-82.5,0.009701100485637309,0.5990730636396121,33856.2077767115
N34,scan-fw-a1c15665e0e23e22,2026-10-01T12:41:57.290684-07:00,165822,gaussian30,fitted-c,True,3.959063743039931,3.959063743039931,0,103.17996240012786,3.3021862290147097,True,37.86485276389304,-122.44534091381625,1.5204188945488943,2942.952057232902,0.9539552859750088,33842.43470338762,33858.37917882174,-0.4969646539038752,-1.1858041807722262,-8.453187062375363,-8.703326226955966,-10.31325407299234,-6.880340537625038,-10.158430559090954,-7.244907014684991,False,False,7.85568535910941e-05,fit:association,-87.5,-82.5,0.008265527111833443,0.5990730636396121,33843.95512228217
N34,scan-fw-a1c15665e0e23e22,2026-10-01T12:41:57.290684-07:00,165822,smooth30,zero-c,True,5.022173407449843,5.022173407449843,0,105.96022840570252,3.410963803699117,True,37.87291864126127,-122.43718359560322,23.984532832393597,2936.9534989563417,0.9520108586568369,33685.323263998114,33723.9326996522,-5.222509046572298,-5.796960724315597,-8.352220808307084,-8.880266085024555,-10.391758225714641,-7.236895757031492,-10.913999439461897,-8.23922424230843,False,False,8.958675405614717e-05,fit:own-continuation,-97.5,-82.5,0.0,0.0,33709.30779683051
N34,scan-fw-a1c15665e0e23e22,2026-10-01T12:41:57.290684-07:00,165822,smooth30,fitted-c,True,5.030979745238988,5.030979745238988,0,105.50662295952111,2.4821071671023347,True,37.872966058349014,-122.4371028051389,23.982045785611263,2937.1304382823973,0.9520682133816523,33676.20236964023,33714.809318247535,-5.176281403810044,-5.753840703417655,-8.30599316554483,-8.837146064126614,-10.345530582952387,-7.190668114269238,-10.870879418563955,-8.196104221410488,False,False,0.00010554793190135198,fit:association,-97.5,-82.5,0.0,0.0,33700.18441542584
N35,scan-fw-b1f8d57dd67c27bb,2026-10-01T13:27:12.061503-07:00,165822,hard30,zero-c,True,1.0355162917385974,1.0355162917385974,0,103.28631054123038,1.0355162917385974,True,37.84396777636338,-122.49563193591185,4.491529422339227,2405.7539462033956,0.9546642643664268,27737.80202356865,27750.25820877876,1.9152677889663492,0.8393664013602284,5.1984645873092035,0.09146107285959892,4.421194181843502,6.99583070622118,-0.21650239029314117,0.47870839711913915,False,False,0.0005418562795473265,fit:association,-80.0,-80.0,0.0,0.0,27742.29355299099
N35,scan-fw-b1f8d57dd67c27bb,2026-10-01T13:27:12.061503-07:00,165822,hard30,fitted-c,True,1.03728119275022,1.03728119275022,0,103.28582384360693,1.03728119275022,True,37.843969738218945,-122.49565754337677,4.491444360057358,2405.7615171896196,0.9546672687260395,27737.779331991365,27750.235432139194,1.9104848905232634,0.8338830653570914,5.193681688866118,0.08597773685646193,4.416411283400416,6.991047807778094,-0.22198572629627816,0.47322506111600215,False,False,4.788957957570922e-05,fit:association,-80.0,-80.0,0.0,0.0,27742.270776351423
N35,scan-fw-b1f8d57dd67c27bb,2026-10-01T13:27:12.061503-07:00,165822,gaussian60,zero-c,True,1.5861038820527387,1.5861038820527387,0,103.64820573654912,1.000888282226293,True,37.84644802875814,-122.50351437510594,4.512123453004246,2406.1903578636684,0.9548374435966938,27739.103778974335,27755.209387846586,-6.624515717098575,-3.9295140946096,5.738694054121611,0.24604615015705322,4.4151826604874165,6.601464992924251,-1.1051183815135703,1.3169322593011812,False,False,0.00031185055814045347,fit:association,-97.5,-77.5,0.07415661188227693,0.21285532400608753,27743.61590242734
N35,scan-fw-b1f8d57dd67c27bb,2026-10-01T13:27:12.061503-07:00,165822,gaussian60,fitted-c,True,1.5838811898791472,1.5838811898791472,0,103.64786094312878,0.35682774457870975,True,37.846440687579744,-122.50348689124759,4.51216885946569,2406.190720456721,0.9548375874828258,27739.096173332222,27755.20177055861,-6.622686023379282,-3.926789717224721,5.7405237478409035,0.2487705275419323,4.417012354206709,6.603294686643544,-1.1023940041286913,1.3196566366860603,False,False,0.0002617250042675621,fit:association,-97.5,-77.5,0.07409955955945638,0.21285532400608753,27743.60834219169
N35,scan-fw-b1f8d57dd67c27bb,2026-10-01T13:27:12.061503-07:00,165822,smooth60,zero-c,True,1.218485050630575,1.218485050630575,0,103.03905277440934,0.954312292169345,True,37.844260740185106,-122.4982325389559,4.502962464845041,2407.0491017757267,0.9551782149903677,27728.132733813487,27739.997535151717,1.0548362589426574,0.8114900927715328,5.410041558457071,0.1055529088990873,4.3165769363143465,6.9032772899966215,-0.7031869515015338,0.5411067756249386,False,False,0.0003858395777307476,fit:association,-87.5,-82.5,0.0,0.0,27732.635696278332
N35,scan-fw-b1f8d57dd67c27bb,2026-10-01T13:27:12.061503-07:00,165822,smooth60,fitted-c,True,1.22090384450347,1.22090384450347,0,103.03676903778992,0.9530772203400548,True,37.84426312021495,-122.49826463142571,4.502816479674948,2407.05056782625,0.9551787967564483,27728.10473612434,27739.9693914774,1.0491513190795467,0.8050973166091819,5.404356618593961,0.0991601327367364,4.310891996451236,6.897592350133511,-0.7095797276638847,0.5347139994625876,False,False,7.153988730904809e-05,fit:association,-87.5,-82.5,0.0,0.0,27732.607552604015
N35,scan-fw-b1f8d57dd67c27bb,2026-10-01T13:27:12.061503-07:00,165822,gaussian30,zero-c,True,1.3993829258678692,1.3993829258678692,0,103.0084202144733,0.6187655609839305,True,37.844207367501376,-122.50046167739006,4.513737706607215,2407.905756961813,0.955518157524529,27724.29555388669,27738.86168054243,-1.2983119653334985,-0.6323787168631635,5.586082791602072,0.11801203508289582,4.326322132629128,7.011125566787092,-1.0265017173119309,0.7737112233104008,False,False,1.0334186827960085e-05,fit:association,-92.5,-82.5,0.010427584004348161,0.2397898872496407,27728.809291593298
N35,scan-fw-b1f8d57dd67c27bb,2026-10-01T13:27:12.061503-07:00,165822,gaussian30,fitted-c,True,1.4049268743916992,1.4049268743916992,0,103.00562231868727,1.017291803526188,True,37.84421536932201,-122.50053428326773,4.513508054512074,2407.9208048303144,0.9555241289009184,27724.197054735545,27738.763141653544,-1.3074856663267105,-0.6434134783334108,5.57690909060886,0.10697727361264853,4.317148431635916,7.001951865793879,-1.0375364787821781,0.7626764618401535,False,False,4.379289500354433e-05,fit:association,-92.5,-82.5,0.010617498358754501,0.2397898872496407,27728.710562790056
N35,scan-fw-b1f8d57dd67c27bb,2026-10-01T13:27:12.061503-07:00,165822,smooth30,zero-c,True,1.3683885193782919,1.3683885193782919,0,103.09113962400694,1.0172307302622463,True,37.844162056195465,-122.50005365790496,4.510948112209007,2407.761956072298,0.9554610936794833,27726.04611958406,27739.768341660656,-1.2954631269364134,-0.7321233407826996,5.543284604179378,0.12767099621729106,4.348381737023928,7.073561409170994,-0.8771679546586517,0.6332796619585201,False,False,2.532249627134242e-05,fit:association,-92.5,-82.5,0.0,0.0,27730.55706769627
N35,scan-fw-b1f8d57dd67c27bb,2026-10-01T13:27:12.061503-07:00,165822,smooth30,fitted-c,True,1.3736367477249578,1.3736367477249578,0,103.0875001333692,1.0190750594433542,True,37.8441688538254,-122.50012249090354,4.510704663905926,2407.773633212377,0.9554657274652288,27725.950187782157,27739.672166410448,-1.304956933527561,-0.7432916279822672,5.533790797588231,0.11650270901772342,4.33888793043278,7.064067602579846,-0.8883362418582194,0.6221113747589525,False,False,3.765890638555286e-06,fit:own-continuation,-92.5,-82.5,0.0,0.0,27730.460892446063
N36,scan-fw-39bd7649435b1ecc,2026-10-01T13:57:38.898009-07:00,165822,hard30,zero-c,True,2.8190196883547007,2.8190196883547007,0,103.12343446066019,2.8190196883547007,True,37.83393883560112,-122.45998394545657,3.9139899161455105,1548.3952777042057,0.9018027243472369,18622.571096446874,18630.453125927008,0.38598654718961334,0.5643144398148627,3.3364432612982977,3.195941633749695,2.3520818845203046,4.203690300196492,2.6989789055676674,3.8694044597038153,False,False,3.7588810830600002e-06,fit:association,-80.0,-80.0,0.0,0.0,18626.48508636302
N36,scan-fw-39bd7649435b1ecc,2026-10-01T13:57:38.898009-07:00,165822,hard30,fitted-c,True,2.6227647424409573,2.6227647424409573,0,96.54104179422635,2.004807154917304,True,37.83413252099024,-122.46262544074652,3.891136572616233,1549.1016302075973,0.9022141119438539,18555.525241443458,18563.384417580062,0.2384088050881862,0.46010911549285494,3.1888655191968707,3.091736309427687,2.2045041424188776,4.056112558095065,2.5947735812456596,3.7651991353818075,False,False,0.0002611214102148651,fit:association,-80.0,-80.0,0.0,0.0,18559.416378016074
N36,scan-fw-39bd7649435b1ecc,2026-10-01T13:57:38.898009-07:00,165822,gaussian60,zero-c,True,2.8169172759336063,2.8169172759336063,0,98.93815444741361,1.5303513764280068,True,37.831698669693786,-122.4623896179864,3.960458960604421,1550.6441024471294,0.9031124650245367,18575.066949661414,18582.701584147148,-0.3995024934710409,-0.796268864679332,3.44043379402635,3.3538860863969537,1.8748488565982808,4.101318747417229,2.560247655269462,3.81433852776533,False,False,0.0002390098519950059,fit:association,-87.5,-82.5,0.0009920579339341143,0.03996112101247781,18579.02740862202
N36,scan-fw-39bd7649435b1ecc,2026-10-01T13:57:38.898009-07:00,165822,gaussian60,fitted-c,True,2.646464641334396,2.646464641334396,0,92.2766731173688,2.646464641334396,True,37.83185190767516,-122.46493031364203,3.9381547369109913,1551.163113561307,0.9034147429011689,18510.940820762902,18518.553532820595,-0.5422980353752904,-0.8972155315403814,3.2976382521221006,3.2529394195359043,1.7320533146940313,3.9585232055129786,2.4593009884084127,3.7133918609042804,False,False,1.1086626833772817e-05,fit:association,-87.5,-82.5,0.001373853586511486,0.03996112101247781,18514.878975499814
N36,scan-fw-39bd7649435b1ecc,2026-10-01T13:57:38.898009-07:00,165822,smooth60,zero-c,True,2.0240281596504763,2.0240281596504763,0,99.56514396703379,0.9474112718219404,True,37.83723746992797,-122.46822448349091,25.290182587323216,1534.8714202843898,0.893926278558177,18572.52246997498,18605.830048908087,-3.0126634445600904,-4.143154490007407,4.9860508878675525,4.754193179941066,4.3834942359635285,6.520642225270107,3.524143176521081,5.574712485376978,False,False,0.00014932176544208212,fit:association,-97.5,-82.5,0.0,0.0,18597.812652562305
N36,scan-fw-39bd7649435b1ecc,2026-10-01T13:57:38.898009-07:00,165822,smooth60,fitted-c,True,1.788399016801237,1.788399016801237,0,92.45417591804586,1.788399016801237,True,37.83745998981496,-122.4716422586279,25.258613331334345,1534.9338464945868,0.8939626362810639,18507.3817883265,18540.657798003616,-3.088079410192888,-4.167909357082002,4.910634922234755,4.729438312866471,4.308078270330731,6.445226259637311,3.499388309446486,5.549957618302383,False,False,0.00014813935937439682,fit:association,-97.5,-82.5,0.0,0.0,18532.640401657834
N36,scan-fw-39bd7649435b1ecc,2026-10-01T13:57:38.898009-07:00,165822,gaussian30,zero-c,True,2.818957252177826,2.818957252177826,0,103.20798409415859,2.818957252177826,True,37.833775599836194,-122.46013970091653,3.916725068007836,1548.2767845483731,0.9017337126082546,18624.017074116007,18631.236842488823,-0.19449803114573616,0.06936228400294499,3.338530981525966,3.2168887312364363,2.5642281072793147,4.136401529726911,2.8244998662391767,3.796743884004354,False,False,0.0004859443279194922,fit:association,-80.0,-80.0,0.00021320305280836478,0.11194608370207132,18627.933799184015
N36,scan-fw-39bd7649435b1ecc,2026-10-01T13:57:38.898009-07:00,165822,gaussian30,fitted-c,True,2.6227532218360747,2.6227532218360747,0,96.64964631345325,2.6227532218360747,True,37.83397143184943,-122.46279381222531,3.893758662392256,1548.9991301037676,0.9021544147371972,18557.096780285752,18564.293960081603,-0.3420614291514791,-0.03464562529155839,3.190967583520223,3.112880821941933,2.416664709273572,3.988838131721168,2.7204919569446733,3.6927359747098505,False,False,0.0001675777660807569,fit:association,-80.0,-80.0,0.0005910317033249771,0.11194608370207132,18560.990538948143
N36,scan-fw-39bd7649435b1ecc,2026-10-01T13:57:38.898009-07:00,165822,smooth30,zero-c,True,2.5784235302371226,2.5784235302371226,0,100.5434156096373,1.0662651719019272,True,37.83689321735747,-122.46075505316097,13.859937139892281,1535.0881588510297,0.8940525095230225,18654.384236108242,18671.51220799216,1.5455457187369144,2.8491845941939946,3.255590326677087,3.276804668539741,2.30726005194143,3.806958830177948,2.8121555254894446,4.2973871121246825,False,False,8.737902827719857e-05,fit:association,-82.5,-77.5,0.0,0.0,18668.244173248135
N36,scan-fw-39bd7649435b1ecc,2026-10-01T13:57:38.898009-07:00,165822,smooth30,fitted-c,True,2.43272079022979,2.43272079022979,0,94.61782188204877,1.5596536521012145,True,37.83646621903919,-122.46309770848545,13.926262111923279,1535.5485017646597,0.8943206183836108,18594.461117531904,18611.655414387853,1.3712527460456165,2.7133540032429444,3.0812973539857893,3.140974077588691,2.1329670792501325,3.6326658574866504,2.6763249345383944,4.161556521173632,False,False,9.505573956171236e-05,fit:association,-82.5,-77.5,0.0,0.0,18608.387379643827
N37,scan-fw-f22f374a0068275c,2026-10-01T14:42:56.975869-07:00,165823,hard30,zero-c,True,0.44683084853939226,0.44683084853939226,0,108.02075877681523,0.44683084853939226,True,37.84797522784934,-122.49065626598848,34.91581958865936,2760.797269486601,0.9490537193147477,32627.227163132997,32665.769044158835,0.36348823316355156,0.05595771632708854,-5.1553161318713325,-4.408644840829658,-6.081643514829791,-4.292811334467241,-4.751700979621436,-3.8934094047078727,False,False,0.00026544861715768753,fit:association,-87.5,-82.5,0.0,0.0,32662.142982721656
N37,scan-fw-f22f374a0068275c,2026-10-01T14:42:56.975869-07:00,165823,hard30,fitted-c,True,0.5525500142301618,0.5525500142301618,0,107.98114880946123,0.5525500141425224,True,37.84767374900799,-122.49179944055781,34.92534587364207,2761.557083258795,0.9493149134612565,32624.401044591228,32662.95245190205,0.36817539950991895,0.04037225332896975,-5.150628965524965,-4.424230303827777,-6.0769563484834235,-4.2881241681208735,-4.767286442619555,-3.9089948677059914,False,False,9.984484602414449e-05,fit:association,-87.5,-82.5,0.0,0.0,32659.32639046487
N37,scan-fw-f22f374a0068275c,2026-10-01T14:42:56.975869-07:00,165823,gaussian60,zero-c,True,1.257795272547084,1.257795272547084,0,109.96905730637377,1.0207156587801942,True,37.83976022304189,-122.47759357851457,20.280628617810383,2751.2311202961073,0.9457652527659358,32698.25644215043,32729.717367561923,1.2165985946829894,0.8879052539795027,-4.0710312923527034,-3.898144980896648,-5.289455418832162,-1.5082558260620371,-4.939001907334243,-3.17522486041324,False,False,2.0276439585943662e-05,fit:association,-82.5,-82.5,0.002835609850786287,0.06358163334128894,32718.537070768238
N37,scan-fw-f22f374a0068275c,2026-10-01T14:42:56.975869-07:00,165823,gaussian60,fitted-c,True,1.236893387444001,1.236893387444001,0,109.85864305403742,0.6065981684269495,True,37.84001123663836,-122.47755567094273,20.268120703049885,2751.1385311704016,0.9457334242593337,32697.057426038755,32728.50583166886,1.2072653835053373,0.8952680439227478,-4.0803645035303555,-3.890782190953403,-5.298788630009814,-1.5175890372396892,-4.931639117390997,-3.1678620704699947,False,False,0.00024192813532487693,fit:association,-82.5,-82.5,0.0028237432208494404,0.06358163334128894,32717.325546741806
N37,scan-fw-f22f374a0068275c,2026-10-01T14:42:56.975869-07:00,165823,smooth60,zero-c,True,0.4814957915873889,0.4814957915873889,0,108.21772472178654,0.4814957915873889,True,37.84775159298421,-122.49098383524431,34.93171503268968,2761.4512944059784,0.9492785474066615,32628.693375550745,32667.415701884212,0.09090295496299168,0.2651922276350615,-5.091157312798811,-4.392315571389289,-5.712722609169094,-4.493071958082887,-4.932239176526085,-3.513724039458079,False,False,0.00010707738701510455,fit:association,-87.5,-82.5,0.0,0.0,32663.625090583435
N37,scan-fw-f22f374a0068275c,2026-10-01T14:42:56.975869-07:00,165823,smooth60,fitted-c,True,0.5836756511648584,0.5836756511648584,0,108.1642318933605,0.5836756511648584,True,37.847448477457185,-122.49208287535552,34.94137145829518,2762.1445213300794,0.9495168516088276,32625.940784934457,32664.67276769353,0.09781353997880086,0.2513803623162209,-5.084246727783002,-4.40612743670813,-5.7058120241532855,-4.486161373067079,-4.946051041844926,-3.52753590477692,False,False,3.599351155013429e-05,fit:association,-87.5,-82.5,0.0,0.0,32660.882156392752
N37,scan-fw-f22f374a0068275c,2026-10-01T14:42:56.975869-07:00,165823,gaussian30,zero-c,True,0.5284168053998215,0.5284168053998215,0,106.91306468676164,0.5284168053863971,True,37.84763186331597,-122.49149633927149,34.930116383225105,2762.67026169458,0.9496975805069027,32601.60145252568,32643.152275696833,0.466588057716465,0.6265942432959231,-5.115683447091391,-4.377544120564255,-5.9581777181114735,-3.4180246712038636,-5.056835210308658,-3.4433026333937233,False,False,8.618883738537725e-05,fit:association,-87.5,-82.5,0.0030516238066760682,0.28101577959023494,32636.531568908904
N37,scan-fw-f22f374a0068275c,2026-10-01T14:42:56.975869-07:00,165823,gaussian30,fitted-c,True,0.6368788766054306,0.6368788766054306,0,106.84813385184239,0.6368788766054306,True,37.84729775802088,-122.49265797706033,34.941005150664736,2763.402183834004,0.9499491866050203,32598.512746686778,32640.074357345075,0.46946194704016175,0.6080083735046893,-5.112809557767695,-4.3961299903554885,-5.955303828787777,-3.415150781880167,-5.075421080099892,-3.461888503184957,False,False,7.265565906726867e-07,fit:association,-87.5,-82.5,0.002950343509852787,0.28101577959023494,32633.45375183744
N37,scan-fw-f22f374a0068275c,2026-10-01T14:42:56.975869-07:00,165823,smooth30,zero-c,True,0.4904328686345282,0.4904328686345282,0,108.50464454446576,0.4904328685946113,True,37.84764842317378,-122.49104825337888,34.93501709642442,2761.0062811943408,0.9491255693345964,32635.198171528224,32674.075618897095,0.5769350912626284,0.2883494198449469,-5.146920135354082,-4.416838211620533,-6.038645188009455,-4.512489039436532,-4.928702804254754,-3.8153501978708535,False,False,0.00030656481742682984,fit:association,-87.5,-82.5,0.0,0.0,32670.133188624648
N37,scan-fw-f22f374a0068275c,2026-10-01T14:42:56.975869-07:00,165823,smooth30,fitted-c,True,0.5905476424459997,0.5905476424459997,0,108.45589760486902,0.5905476424412324,True,37.847358218655685,-122.49212760287267,34.94420687189995,2761.6789315035885,0.9493568001043619,32632.554308289586,32671.440945433933,0.5836068621041711,0.2749589829659987,-5.14024836451254,-4.43022864849948,-6.0319734171679125,-4.505817268594989,-4.942093241133701,-3.828740634749801,False,False,0.00024019529419979507,fit:association,-87.5,-82.5,0.0,0.0,32667.498515161486
N38,scan-fw-abbc223e91b1b189,2026-10-01T15:58:29.900026-07:00,165823,hard30,zero-c,True,1.0289161081042675,1.0289161081042675,0,114.75267824406473,0.9698524716870439,True,37.84359225565406,-122.47629798552752,2.0360219851791044,3149.185969149951,0.9542987785302881,36642.441545418944,36670.25228956677,0.41438834024760324,0.6229781801354514,-28.71509939792142,-12.906660297639217,-30.620987441289696,-25.440986992553004,-14.186673932789585,-11.80668705155433,False,False,0.000139688838338127,fit:association,-87.5,-82.5,0.0,0.0,36644.47756740412
N38,scan-fw-abbc223e91b1b189,2026-10-01T15:58:29.900026-07:00,165823,hard30,fitted-c,True,1.188591714897815,1.188591714897815,0,97.335634377729,1.0310582022903423,True,37.841605189518766,-122.47604921606406,2.07511224992777,3165.9769600562886,0.9593869575928147,36249.393903974735,36277.24373838731,-0.27759863782243116,0.03638189237939897,-29.407086375991458,-13.493256585395269,-31.312974419359733,-26.13297397062304,-14.773270220545637,-12.393283339310383,False,False,6.920406402790256e-05,fit:association,-87.5,-82.5,0.0,0.0,36251.46901622466
N38,scan-fw-abbc223e91b1b189,2026-10-01T15:58:29.900026-07:00,165823,gaussian60,zero-c,True,2.3392238475610445,2.3392238475610445,0,124.80149100386313,1.3580366443173602,True,37.85711460657494,-122.46114387145116,40.54335555358469,3129.8267469520215,0.9484323475612186,37011.44401072389,37060.95362857017,0.8720997624975007,-0.13282586091782667,-28.71286730768359,-12.236818988665286,-29.79817038428866,-27.193784599837336,-13.095488051410285,-11.072255964877677,False,False,7.053660006098696e-05,fit:association,-82.5,-77.5,0.0009727508813459486,1.2772211577253216,37051.98736627748
N38,scan-fw-abbc223e91b1b189,2026-10-01T15:58:29.900026-07:00,165823,gaussian60,fitted-c,True,2.1039262345988794,2.1039262345988794,0,110.96690924188809,1.2875532492233537,True,37.85451731125776,-122.46281188844135,40.64524217772264,3147.32254074967,0.9537341032574759,36659.086940798894,36708.698045167366,0.282704264083175,-0.6149776010705289,-29.302262806097918,-12.718970728817988,-30.387565882702987,-27.783180098251663,-13.577639791562987,-11.554407705030378,False,False,7.404976047033912e-06,fit:association,-82.5,-77.5,0.0005726489384365902,1.2772211577253216,36699.732182976615
N38,scan-fw-abbc223e91b1b189,2026-10-01T15:58:29.900026-07:00,165823,smooth60,zero-c,True,1.0341256714810911,1.0341256714810911,0,114.92542630578525,0.9254181803780301,True,37.84366822566148,-122.47615544953842,2.035141372209182,3148.9500587537905,0.9542272905314516,36646.98030047811,36673.9568001137,0.3280022138289384,0.4938426345929577,-28.708326759840705,-12.893081762445755,-30.599506955514986,-25.51299620519315,-14.110980653076052,-11.833983463031341,False,False,5.8542773242728496e-05,fit:association,-87.5,-82.5,0.0,0.0,36649.01544185032
N38,scan-fw-abbc223e91b1b189,2026-10-01T15:58:29.900026-07:00,165823,smooth60,fitted-c,True,1.1899180389588975,1.1899180389588975,0,97.56947196262989,1.1891055337787895,True,37.84169315112818,-122.47592132175164,2.0738301400924684,3165.6889904067034,0.9592996940626374,36254.771047212496,36281.78623561597,-0.3644627342310735,-0.09330549671737803,-29.400791707900716,-13.480229893756091,-31.291971903574996,-26.20546115325316,-14.698128784386387,-12.421131594341677,False,False,0.00038221308447037444,fit:association,-87.5,-82.5,0.0,0.0,36256.84487735259
N38,scan-fw-abbc223e91b1b189,2026-10-01T15:58:29.900026-07:00,165823,gaussian30,zero-c,True,1.025630991588951,1.025630991588951,0,114.994403297985,1.025630991588951,True,37.8436349238348,-122.47630488875487,2.0353078291107023,3148.990396766649,0.9542395141717118,36648.17515473641,36680.445890915245,0.255169093598506,0.3623520917406134,-28.689035997066473,-12.853574079013734,-30.575691790156444,-25.526991686748993,-14.127145008619063,-11.765355109477765,False,False,3.952320247264902e-05,fit:association,-87.5,-82.5,0.0009820515235834052,5.062138564406531,36650.21046256552
N38,scan-fw-abbc223e91b1b189,2026-10-01T15:58:29.900026-07:00,165823,gaussian30,fitted-c,True,1.1806897263235385,1.1806897263235385,0,97.70103611291702,1.1806897263225453,True,37.841658251103055,-122.47610939978883,2.073745662361978,3165.7671950008425,0.9593233924244977,36256.715820061756,36289.025227644066,-0.4379602426447986,-0.22652853125653744,-29.38216533330978,-13.442454702010885,-31.26882112639975,-26.220121022992295,-14.716025631616214,-12.354235732474915,False,False,0.00010021176752501133,fit:own-continuation,-87.5,-82.5,0.0012156217480536746,5.062138564406531,36258.78956572412
N38,scan-fw-abbc223e91b1b189,2026-10-01T15:58:29.900026-07:00,165823,smooth30,zero-c,True,1.0205523073959377,1.0205523073959377,1,114.72638202067529,1.0205523073959377,True,37.84361954212543,-122.47639076685961,2.035714592966542,3149.2373851800703,0.9543143591454758,36641.69570586803,36673.523598271866,0.29990347535731565,0.516405689993373,-28.70098003666337,-12.90326107156322,-30.608630838530612,-25.48041165764976,-14.128448451189286,-11.82725029404295,False,False,0.00014105362945267383,fit:association,-87.5,-82.5,0.0,3.9204947823434537,36643.731420460994
N38,scan-fw-abbc223e91b1b189,2026-10-01T15:58:29.900026-07:00,165823,smooth30,fitted-c,True,1.1783483984359178,1.1783483984359178,1,97.33686634012616,1.1783483984359178,True,37.841638784408005,-122.4761707059258,2.074507742137939,3165.99951618021,0.9593937927818817,36249.2904637491,36281.15714930211,-0.39250680647485225,-0.07158013317454177,-29.393390318495538,-13.491246894731136,-31.30104112036278,-26.172821939481928,-14.716434274357201,-12.415236117210865,False,False,0.00073324718772254,fit:association,-87.5,-82.5,0.0,3.9204947823434537,36251.36497149124
N39,scan-fw-1832a131fb4b2d0a,2026-10-01T16:43:41.207582-07:00,165823,hard30,zero-c,True,2.4044254536100125,2.4044254536100125,0,129.87410251400857,1.31362412998209,True,37.849322364158496,-122.45837259050221,9.985786499986716,2801.0625017991315,0.9226161073119669,34297.610708548775,34314.55680350041,2.5804590240779746,1.8300528996766308,0.9669441289244409,1.4584479355727256,-0.23484752406620246,1.7619095655722683,0.4590638939592636,2.2724822914158147,False,False,0.00024453597840151664,fit:association,-85.0,-85.0,0.0,0.0,34307.59649504876
N39,scan-fw-1832a131fb4b2d0a,2026-10-01T16:43:41.207582-07:00,165823,hard30,fitted-c,True,1.6492531085049464,1.6492531085049464,0,82.90577958850464,1.132419899509161,True,37.843865268177,-122.46815991349634,10.448499834528775,2912.56915653176,0.9593442544571015,33067.18030914235,33084.58911742853,1.583530591725264,1.0860723058851591,-0.029984303428269632,0.714467341781254,-1.231775956418913,0.7649811332195579,-0.2849166998322079,1.528501697624343,False,False,0.00011236182377516446,fit:association,-85.0,-85.0,0.0,0.0,33077.62880897688
N39,scan-fw-1832a131fb4b2d0a,2026-10-01T16:43:41.207582-07:00,165823,gaussian60,zero-c,True,1.2739607519711804,1.2739607519711804,2,130.6871887780555,0.42191563663826664,True,37.84847516705573,-122.47126431669689,21.013211629520267,2790.694421875649,0.9192010612238632,34440.8443334428,34468.63489210569,-4.6124787485798935,-2.1503132341474402,0.19032344515877764,0.8305995802677173,-0.9071041569899696,1.0992602151293025,-0.9495816243352182,1.8407915818658707,False,False,0.00029172334978759453,fit:association,-82.5,-72.5,0.03237350901381345,0.03994093764915686,34461.85754507232
N39,scan-fw-1832a131fb4b2d0a,2026-10-01T16:43:41.207582-07:00,165823,gaussian60,fitted-c,True,1.0944488523319271,1.0944488523319271,2,85.8594811967015,0.6668227937407207,True,37.84744895141799,-122.47345753245263,21.514787059961424,2906.5054263805964,0.9573469783862307,33223.66334695174,33251.9538524521,-4.568237500518239,-1.930579956903139,0.23456469322043194,1.0503328575120185,-0.8628629089283153,1.1435014631909568,-0.729848347090917,2.060524859110172,False,False,8.805123712080868e-05,fit:association,-82.5,-72.5,0.030744916038921564,0.03994093764915686,33245.1781340117
N39,scan-fw-1832a131fb4b2d0a,2026-10-01T16:43:41.207582-07:00,165823,smooth60,zero-c,True,27.37912326252618,22.295076700778516,2,159.39388664324264,27.37912326252618,True,38.02657965897256,-122.26941236085878,12.180049288268492,1297.3085562253113,0.42730848360517504,40739.15684166878,40764.16439177566,8.312943487622363,7.985119084168772,6.708456392995659,6.055941621879423,4.919283198881703,8.060053314857019,4.850334576855001,6.864769396006737,False,False,0.00017346534700579674,fit:zero-timing,-57.5,-62.5,0.0,0.0,40751.33689095705
N39,scan-fw-1832a131fb4b2d0a,2026-10-01T16:43:41.207582-07:00,165823,smooth60,fitted-c,True,22.323180293653074,22.626954702549863,2,121.75639745801503,22.323180293653074,True,37.92989350110816,-122.25290723987608,17.83374208992609,1707.7439254955307,0.5624979991750759,38607.41892183327,38638.080164741805,1.78743135053238,3.887607548170849,0.18294425590567687,1.958430085881501,-1.6062289382082793,1.534541177767037,0.7528230408570789,2.7672578600088142,False,False,0.0004283033917163732,fit:zero-timing,-57.5,-62.5,0.0,0.0,38625.252663923195
N39,scan-fw-1832a131fb4b2d0a,2026-10-01T16:43:41.207582-07:00,165823,gaussian30,zero-c,True,2.184351771702424,2.184351771702424,1,129.64953221572998,2.184351771702424,True,37.84932210412243,-122.46087924882633,10.001115392968133,2800.4389818447185,0.9224107318329112,34296.37296246005,34312.62263124731,2.9021848098016734,2.3924304188516463,0.9329999929448693,1.4477742953070623,-0.17595771987601694,2.0159138790323565,0.4107634209552309,2.3289356897843057,False,False,0.00034199595911002523,fit:association,-82.5,-82.5,0.0707319998964512,0.023850320173448226,34306.37407785302
N39,scan-fw-1832a131fb4b2d0a,2026-10-01T16:43:41.207582-07:00,165823,gaussian30,fitted-c,True,1.5167496111144632,1.5167496111144632,1,82.45288689161568,1.5167496111144632,True,37.84386264216147,-122.46978215989236,10.46189445072254,2912.818190031632,0.9594262813015916,33060.61876715581,33077.291560593374,1.9553371652804348,1.6709802694092852,-0.013847651576369246,0.7263241458647012,-1.1228053643972555,1.0690662345111177,-0.3106867284871302,1.6074855403419446,False,False,0.00013755863495903183,fit:association,-82.5,-82.5,0.033077592453410264,0.023850320173448226,33071.08066160653
N39,scan-fw-1832a131fb4b2d0a,2026-10-01T16:43:41.207582-07:00,165823,smooth30,zero-c,True,2.0262152977140633,2.0262152977140633,1,131.44421462270643,1.3069635429500073,True,37.851062834140144,-122.46281807811904,19.22281531093904,2796.454935100105,0.9210984634717079,34427.278762758935,34455.073084359494,-1.289739568835358,-1.8921287762608068,0.7965171088420324,1.2825369333286685,-0.9930281391577518,1.8000910533548715,-0.35978055641132567,1.9460635164125772,False,False,0.00013312619220380724,fit:association,-92.5,-82.5,0.0,0.0,34446.501578069874
N39,scan-fw-1832a131fb4b2d0a,2026-10-01T16:43:41.207582-07:00,165823,smooth30,fitted-c,True,1.1025709740459453,1.1025709740459453,1,82.43370403948931,0.5526396963937653,True,37.847257022913105,-122.47340618069663,19.738916429407254,2907.2698509351285,0.9575987651301477,33168.6226132098,33196.93303592883,-1.8098194632789475,-2.0828980571310067,0.2764372143984428,1.0917676524584685,-1.5131080336013414,1.280011158911282,-0.5505498372815256,1.7552942355423773,False,False,0.00011276420289321092,fit:association,-92.5,-82.5,0.0,0.0,33188.36152963921
N40,scan-fw-330423355878608e,2026-10-01T17:28:51.960552-07:00,165824,hard30,zero-c,True,0.24826147892915496,0.24826147899215079,0,138.56044125274295,0.24826147892915496,True,37.85125334772817,-122.48525198551893,17.313163746672217,2350.5230840121576,0.905789242393895,29629.233865306393,29661.161939312493,-0.8529483698476688,-0.6816938564907088,1.5549453230087342,0.9535276640751885,-0.07343223216464678,3.87830905307536,0.14855730564102276,1.7022449478731339,False,False,0.00046244217086263695,fit:own-continuation,-82.5,-87.5,0.0,0.0,29646.547029053065
N40,scan-fw-330423355878608e,2026-10-01T17:28:51.960552-07:00,165824,hard30,fitted-c,True,1.0782814603954185,1.0782814605943747,0,100.15453085199982,0.462690935822231,True,37.84841942988869,-122.47350076713435,16.89616836647474,2438.8783865698215,0.9398375285432838,28666.073107212243,28697.584185838146,-0.47702613923128495,-0.4128136861367972,1.930867553625118,1.2224078344291,0.3024899984517371,4.254231283691744,0.4174374759949343,1.9711251182270453,False,False,0.0007861889642989672,fit:own-continuation,-82.5,-87.5,0.0,0.0,28682.96927557872
N40,scan-fw-330423355878608e,2026-10-01T17:28:51.960552-07:00,165824,gaussian60,zero-c,True,0.5221269883859905,0.5221269883859905,0,138.7317795503908,0.5221269883859905,True,37.85277501938512,-122.48212401286033,15.934244876637983,2358.0668500202028,0.9086962813179972,29535.931135460272,29558.762031623355,1.1100692594553274,0.9811872651323161,1.4612753197123651,0.9765899797325845,0.6210052344588739,3.287608703034305,0.5314643663233347,1.8418263076543762,False,False,4.327429800488492e-05,fit:association,-82.5,-82.5,0.0027437277625569165,0.0001542085397428956,29551.86538033691
N40,scan-fw-330423355878608e,2026-10-01T17:28:51.960552-07:00,165824,gaussian60,fitted-c,True,1.3872104870622486,1.3872104870622486,0,99.99614075157227,1.2220221287814077,True,37.849770223597595,-122.46998158315196,15.778391538895557,2444.4610624779,0.9419888487390752,28565.168064728707,28587.84470541228,1.4420055038603998,1.1806307313661866,1.7932115641174375,1.176033445966455,0.9529414788639463,3.619544947439378,0.7309078325572052,2.0412697738882466,False,False,0.00017157360465963611,fit:own-continuation,-82.5,-82.5,0.004341585996262428,0.0001542085397428956,28580.946456267604
N40,scan-fw-330423355878608e,2026-10-01T17:28:51.960552-07:00,165824,smooth60,zero-c,True,0.4996352357767576,0.4996352357767576,0,138.83939630784266,0.4996352357767576,True,37.85287384317663,-122.48275361253435,15.94241165053245,2358.068729125317,0.9086970054432821,29537.9266362917,29559.951472122946,1.3126850702324875,1.1415761420881996,1.4881680563903812,0.9842849934529009,0.7140803923046284,3.1341852930445357,0.4895046918165657,1.8807956967202006,False,False,8.970224041413531e-06,fit:association,-82.5,-82.5,0.0,0.0,29553.869047942233
N40,scan-fw-330423355878608e,2026-10-01T17:28:51.960552-07:00,165824,smooth60,fitted-c,True,1.3304386912707657,1.3304386912707657,0,100.35210916278722,1.032397612630365,True,37.84987720300116,-122.4706379716868,15.78636490702047,2444.3246602771405,0.9419362852705744,28570.58488814166,28592.453677229394,1.639210915076658,1.3378145383367432,1.8146939012345518,1.1805233897014444,1.040606237148799,3.4607111378887065,0.6857430880651092,2.077034092968744,False,False,0.00033060564850220797,fit:association,-82.5,-82.5,0.0,0.0,28586.37125304868
N40,scan-fw-330423355878608e,2026-10-01T17:28:51.960552-07:00,165824,gaussian30,zero-c,True,0.5472464597921037,0.5472464597921037,0,138.72649205386614,0.5472464597884772,True,37.85291716978178,-122.48188969776615,15.931251523863128,2358.080504408141,0.9087015431245246,29535.90984465724,29558.643071739967,0.9454563098793132,0.7295042267099571,1.4883612513876687,1.0188813453797738,0.5778818164238134,3.0414056943005416,0.4683179734659282,1.9414593350958036,False,False,0.00015519956904755383,fit:association,-82.5,-82.5,0.0071303202533915,0.0018924244616191806,29551.841096181102
N40,scan-fw-330423355878608e,2026-10-01T17:28:51.960552-07:00,165824,gaussian30,fitted-c,True,1.406713401878488,1.406713401878488,0,100.12646686711315,0.7148895728674404,True,37.84989443668803,-122.46976875574215,15.775190989038942,2444.3895777219154,0.9419613016269424,28567.28741239705,28589.869503568232,1.26112285806515,0.905846478749884,1.8040277995735055,1.1952235974197007,0.8935483646096501,3.3570722424863786,0.6446602255058551,2.1178015871357303,False,False,0.00039091428853662733,fit:association,-82.5,-82.5,0.012054943530989883,0.0018924244616191806,28583.06260338609
N40,scan-fw-330423355878608e,2026-10-01T17:28:51.960552-07:00,165824,smooth30,zero-c,True,0.5093739313820255,0.5093739313820255,0,138.83696021281037,0.5093739313820255,True,37.85293324297622,-122.48266469822119,15.94110218703645,2357.9840763435213,0.9086643839474071,29538.226954415528,29560.00885451666,1.4205659817525047,1.220966049848732,1.4888517787827844,0.9915579859092278,0.7499935267817744,3.0518433168642547,0.47436774202963183,1.880220350088443,False,False,5.344935963138859e-05,fit:association,-82.5,-82.5,0.0,0.0,29554.168056602564
N40,scan-fw-330423355878608e,2026-10-01T17:28:51.960552-07:00,165824,smooth30,fitted-c,True,1.338162589046104,1.338162589046104,0,100.41916986280238,0.7418608485198135,True,37.849928679247775,-122.47055438857596,15.784874732435128,2444.2578770678992,0.9419105499298263,28571.80912075511,28593.434793401644,1.743093885523101,1.4116579778524199,1.8113796825533808,1.1822499139129157,1.0725214305523707,3.374371220634851,0.6650596700333197,2.0709122780921305,False,False,4.899002932290397e-05,fit:association,-82.5,-82.5,0.0,0.0,28587.593995487547
N41,scan-fw-a3da1e4687bc8bb6,2026-10-01T17:58:59.142813-07:00,165824,hard30,zero-c,True,3.2092735557275485,3.2092735557275485,0,140.69686846628048,1.2408079942711359,True,37.82793849460347,-122.46084403497912,64.0396352236312,2141.90677820324,0.9149537711248354,26618.57942347071,26690.150787810482,1.7779990316333836,1.9079895052922273,0.7709028229442711,1.5676179605871046,0.10704306087619153,1.8094370536810873,0.8229668333568222,2.854931028706427,False,False,0.0002620547880830132,fit:association,-92.5,-82.5,0.0,0.0,26682.61905869434
N41,scan-fw-a3da1e4687bc8bb6,2026-10-01T17:58:59.142813-07:00,165824,hard30,fitted-c,True,1.1564622258552824,1.1564622258552824,0,96.17377656685645,1.1564622258552824,True,37.83943645483234,-122.48074924411027,62.53892920216822,2200.4598758785314,0.9399657735491377,25742.41648805213,25812.48714637044,1.06804210107296,0.7649729235121221,0.06094589238384751,0.4246013788069993,-0.6029138696842321,1.0994801231206637,-0.3200497484232831,1.7119144469263219,False,False,7.668691056976311e-05,fit:association,-92.5,-82.5,0.0,0.0,25804.9554172543
N41,scan-fw-a3da1e4687bc8bb6,2026-10-01T17:58:59.142813-07:00,165824,gaussian60,zero-c,True,3.205486058771868,3.205486058771868,0,140.68309804768117,3.205486058771868,True,37.82794298331761,-122.46090123641372,64.0293404116507,2142.046894087162,0.915013624129501,26617.881129446752,26689.068788113324,1.6826775360759478,1.766509038886264,0.7872199216617374,1.5827844238180657,0.12491481715279507,1.8150310571636235,0.9074108771328028,2.785240194315943,False,False,1.3807395398703591e-05,fit:association,-92.5,-82.5,0.00743994734360187,0.001044498841742933,26681.9104698584
N41,scan-fw-a3da1e4687bc8bb6,2026-10-01T17:58:59.142813-07:00,165824,gaussian60,fitted-c,True,1.1538380393142127,1.1538380393142127,0,96.17868427830425,0.6783104916734741,True,37.83944828477987,-122.48079152852002,62.52446634637364,2200.4918907114725,0.9399794492573569,25742.40439037771,25812.081487317417,0.9925076955332276,0.6455672543520405,0.09705008111901714,0.4618426392838423,-0.5652550233899252,1.1248612166209033,-0.21353090740142067,1.6642984097817193,False,False,0.00013360734972631128,fit:association,-92.5,-82.5,0.0017522857569803878,0.001044498841742933,25804.928856724084
N41,scan-fw-a3da1e4687bc8bb6,2026-10-01T17:58:59.142813-07:00,165824,smooth60,zero-c,True,3.205617802301586,3.205617802301586,0,140.5984904729696,2.0199653505937705,True,37.82772943711399,-122.46119311427596,64.02702756841609,2142.4417598346445,0.9151822980925436,26615.33445275791,26686.916236285724,1.4901821921211924,1.555860207707961,0.795898713586273,1.5896630794105895,0.06425623910392952,1.8929728688871077,0.873799329472406,2.696284936343874,False,False,0.0002239280791922183,fit:association,-92.5,-82.5,0.0,0.0,26679.361480326326
N41,scan-fw-a3da1e4687bc8bb6,2026-10-01T17:58:59.142813-07:00,165824,smooth60,fitted-c,True,1.1608779825579698,1.1608779825579698,0,96.03734541898187,1.1608779825579698,True,37.839293585241705,-122.48107055908156,62.51799530349672,2200.682818926921,0.9400610076578048,25739.94275460933,25810.015505872223,0.7931659055009777,0.43102505248532413,0.0988824269660582,0.4648279241879526,-0.6327600475162852,1.195956582266893,-0.25103582575023087,1.5714497811212373,False,False,1.916595477072236e-05,fit:association,-92.5,-82.5,0.0,0.0,25802.460749912825
N41,scan-fw-a3da1e4687bc8bb6,2026-10-01T17:58:59.142813-07:00,165824,gaussian30,zero-c,True,3.4882547639890187,3.4882547639890187,0,140.68726033832044,0.6111063077477029,True,37.829538893678375,-122.45465605133248,62.08778967337643,2123.1203388708045,0.9069288077192672,26697.161940217593,26766.14660999876,-1.630299462867614,-1.374031667619133,0.7495252994648816,1.5826139809621018,-0.422724501703275,1.720310127014883,1.0853615902723017,1.9919547911847162,False,False,0.0004614039419524041,fit:association,-75.0,-75.0,0.022729196811233233,0.07202659695342635,26759.24972989097
N41,scan-fw-a3da1e4687bc8bb6,2026-10-01T17:58:59.142813-07:00,165824,gaussian30,fitted-c,True,1.2238369747035274,1.2238369747035274,0,99.60291395448198,1.2238369747035274,True,37.84079687963106,-122.4765428080424,61.37484387611176,2193.989424828561,0.937201804711047,25816.16619334291,25884.466696030642,-2.184293343692729,-2.351689332618464,0.1955314186397663,0.6049563159627711,-0.9767183825283903,1.1663162461897678,0.10770392527297101,1.0142971261853855,False,False,8.18144075031002e-05,fit:association,-75.0,-75.0,0.0515079006422592,0.07202659695342635,25877.54103721902
N41,scan-fw-a3da1e4687bc8bb6,2026-10-01T17:58:59.142813-07:00,165824,smooth30,zero-c,True,3.449258020510066,3.449258020510066,0,140.96686550642582,3.1667535893598036,True,37.829515095416546,-122.45524974428542,63.200318470495404,2134.2890049158596,0.9116997030823834,26656.424829218344,26726.426223513823,-1.6400341835971637,-1.3668352402446484,0.7421530675313415,1.5921685662408909,-0.4300577684911626,1.7130055484803366,1.0951971455821674,2.0013676505319014,False,False,0.0001444911082017909,fit:own-continuation,-75.0,-75.0,0.0,0.0,26719.62514768884
N41,scan-fw-a3da1e4687bc8bb6,2026-10-01T17:58:59.142813-07:00,165824,smooth30,fitted-c,True,1.3048694305273827,1.3048694305273827,0,98.85090870140417,0.7578554017444207,True,37.840140253360076,-122.47609299645802,61.95301004403518,2197.7797264167175,0.9388208997935572,25791.063878422283,25859.817964291302,-1.9964341587759997,-2.2267296686315525,0.38575309235250543,0.7322741378539868,-0.7864577436699987,1.3566055733015006,0.23530271719526336,1.1414732221449972,False,False,9.732501108719593e-05,fit:own-continuation,-75.0,-75.0,0.0,0.0,25853.016888466318
N42,scan-fw-2b63f0bafc9bfbb5,2026-10-01T18:29:06.720701-07:00,165824,hard30,zero-c,True,1.9296109541041095,1.9296109541041095,0,142.66834710438854,1.8431922485373062,True,37.83752485040342,-122.46933344353563,22.974686689081864,2366.068842885555,0.9400352971337128,27694.241238827668,27726.602583971773,0.6179920426220643,0.9283630175870375,1.1938787682783039,1.7089415485681902,0.2903399275541433,2.448076625919165,0.8853257250421716,2.5833783703880098,False,False,5.8178140613807366e-05,fit:own-continuation,-87.5,-82.5,0.0,0.0,27717.21592551675
N42,scan-fw-2b63f0bafc9bfbb5,2026-10-01T18:29:06.720701-07:00,165824,hard30,fitted-c,True,1.4526985672695905,1.4526985672695905,0,95.2505037590373,1.0373952518953422,True,37.841615910149194,-122.47215591485828,23.161421119475563,2464.1084997511134,0.9789862931073157,26492.50039106965,26525.04847064415,-0.2349301633103587,0.046749390266218445,0.34095656234588084,0.8273279212473712,-0.5625822783782797,1.5951544199867418,0.003712097721352503,1.7017647430671907,False,False,7.390855904175139e-06,fit:association,-87.5,-82.5,0.0,0.0,26515.661812189126
N42,scan-fw-2b63f0bafc9bfbb5,2026-10-01T18:29:06.720701-07:00,165824,gaussian60,zero-c,True,1.9198125219853104,1.9198125219853104,0,142.65321057874587,1.9198125219853104,True,37.83758218248295,-122.46941820231578,22.98014385837617,2366.0034670131536,0.9400093234061,27694.244792652502,27726.648179655127,0.6101176117760854,0.9272042108295533,1.1979800527556073,1.7103619835986548,0.2744164318583753,2.458149597475405,0.8882898869787966,2.592238480069171,False,False,0.0006621009607997025,fit:association,-87.5,-82.5,0.001539938935974261,0.001198647933203827,27717.224936510876
N42,scan-fw-2b63f0bafc9bfbb5,2026-10-01T18:29:06.720701-07:00,165824,gaussian60,fitted-c,True,1.445396075226192,1.445396075226192,0,95.21645678174248,1.1646138898793312,True,37.841665547362226,-122.47221354789671,23.165520121132225,2464.1343012623975,0.9789965440057201,26491.90319259582,26524.49049063257,-0.23981017357534334,0.0475323473180177,0.34805226740417855,0.8306901200871193,-0.5755113534930534,1.6082218121239764,0.008618023467261149,1.7125666165576354,False,False,0.00022692317208847235,fit:association,-87.5,-82.5,7.471030423974621e-05,0.001198647933203827,26515.06871271695
N42,scan-fw-2b63f0bafc9bfbb5,2026-10-01T18:29:06.720701-07:00,165824,smooth60,zero-c,True,1.925156430323066,1.925156430323066,0,142.60704976261707,1.281170655409142,True,37.83757400335975,-122.46934601885867,22.98207946657567,2366.574171954979,0.9402360635498527,27690.87905325189,27722.997494485127,0.9665926277337766,1.2887352167919122,1.1902144652621285,1.7024596870365805,0.26342351305520784,2.5434511432245888,0.8781813963136056,2.5714924254173566,False,False,3.705102158669746e-05,fit:association,-87.5,-82.5,0.0,0.0,27713.861132718466
N42,scan-fw-2b63f0bafc9bfbb5,2026-10-01T18:29:06.720701-07:00,165824,smooth60,fitted-c,True,1.450518833983388,1.450518833983388,0,95.22296676461626,0.6035831012328232,True,37.84165311760616,-122.47215352505262,23.16798994024066,2464.1700831774983,0.9790107601023037,26491.7240763253,26524.0284280322,0.11592034482473158,0.4064542913109413,0.3395421823530834,0.8201787615556096,-0.5872487698538372,1.6927788603155438,-0.0040995291673652234,1.6892114999363859,False,False,2.296073560446605e-05,fit:association,-87.5,-82.5,0.0,0.0,26514.89206626554
N42,scan-fw-2b63f0bafc9bfbb5,2026-10-01T18:29:06.720701-07:00,165824,gaussian30,zero-c,True,2.4537799707109995,1.9190673147614625,0,143.95843375455442,2.0308601672382944,True,37.839060465509576,-122.46084159952082,22.893884837568834,2359.2364329066145,0.9373207917785517,27748.45771426602,27779.46109800459,2.8425637403467237,2.84012420871773,1.0062281967671705,1.5970904417464449,0.010394098057933232,1.8739556931395438,0.6166685729583669,2.1463220637455764,False,False,3.234624266939667e-05,fit:association,-72.5,-82.5,0.08073237069439235,0.02458630587222218,27771.35159910359
N42,scan-fw-2b63f0bafc9bfbb5,2026-10-01T18:29:06.720701-07:00,165824,gaussian30,fitted-c,True,1.444257166877751,1.444257166877751,0,95.2086690707281,1.3843758784201958,True,37.8416665653966,-122.4722284258854,23.16575648519876,2464.136959603821,0.9789976001604375,26491.791857395736,26524.42260039463,-0.23684787189382775,0.04031477273608739,0.3475380254432425,0.8304945952234735,-0.5779877121294805,1.61658419308124,0.007212969200212749,1.7105519237396694,False,False,4.996230072038758e-05,fit:association,-87.5,-82.5,0.0002886109766069871,0.004829455144363249,26514.957613880935
N42,scan-fw-2b63f0bafc9bfbb5,2026-10-01T18:29:06.720701-07:00,165824,smooth30,zero-c,True,1.9233531014307002,1.9233531014307002,0,142.6822158505556,1.9233531014307002,True,37.8375593234072,-122.46938998904481,22.97786755540801,2365.9824141919053,0.9400009591545114,27694.891581991622,27727.273437082622,0.537059736421081,0.8389043766190682,1.1996246665649657,1.7122275282491173,0.28699177827651534,2.4644000703505586,0.9027584461497252,2.5876060026302783,False,False,0.0002943386500610765,fit:association,-87.5,-82.5,0.0,0.0,27717.86944954703
N42,scan-fw-2b63f0bafc9bfbb5,2026-10-01T18:29:06.720701-07:00,165824,smooth30,fitted-c,True,1.4464796181396395,1.4464796181396395,0,95.2375438090163,1.4464796181396395,True,37.841648998611944,-122.4722130437859,23.164194585286168,2464.1135888513345,0.9789883149985437,26492.285832099493,26524.85401422037,-0.3131356704371312,-0.04081896568904728,0.34942925970675354,0.8325041859410018,-0.5632036285816968,1.6142046634923468,0.023035103841609783,1.7078826603221626,False,False,4.509827816467915e-07,fit:association,-87.5,-82.5,0.0,0.0,26515.45002668478
N43,scan-fw-7ef64c17333c25ed,2026-10-01T18:59:13.961670-07:00,165824,hard30,zero-c,True,1.2561251329162166,1.2561251329162166,0,149.38462133196052,1.1340207278243095,True,37.848387233773,-122.50003590078573,5.3772210480237845,2479.6554799742826,0.8968012585802106,31731.875037682294,31738.758999657428,2.5155581160621514,2.8158318912198026,4.686866866882413,4.816263859302875,4.325919188222272,4.980125924732277,4.42915626532018,5.312180640980807,False,False,6.611583495365336e-05,fit:association,-87.5,-82.5,0.0,0.0,31737.252258730317
N43,scan-fw-7ef64c17333c25ed,2026-10-01T18:59:13.961670-07:00,165824,hard30,fitted-c,True,0.9565341663794246,0.9565341663794246,0,85.67569073727157,0.7860225470903679,True,37.84561821585578,-122.49574084929625,5.092825054965942,2650.6148165049344,0.9586310367106453,29964.7216469875,29971.321212969575,0.33030597035589565,0.3371814824073317,2.5016147211761575,2.337613450490404,2.140667042516017,2.7948737790260214,1.9505058565077085,2.8335302321683358,False,False,0.00028586667984611925,fit:association,-87.5,-82.5,0.0,0.0,29969.814472042464
N43,scan-fw-7ef64c17333c25ed,2026-10-01T18:59:13.961670-07:00,165824,gaussian60,zero-c,True,1.2402795243346012,1.2402795243346012,0,149.28778009683043,1.2402795243346012,True,37.84837123115839,-122.49985387845655,5.382471201679429,2479.947547657781,0.8969068888454904,31728.44083752558,31735.427556027127,2.3881698174975754,2.528101816579095,4.706118035300313,4.831426360708244,4.2446005331052055,5.1972107326805,4.429071094778126,5.306461857294227,False,False,0.00027570909231594207,fit:association,-87.5,-82.5,0.015118317340246152,0.013347734870003299,31733.82330872726
N43,scan-fw-7ef64c17333c25ed,2026-10-01T18:59:13.961670-07:00,165824,gaussian60,fitted-c,True,0.942334428776478,0.942334428776478,0,85.74217052788147,0.8646109467820637,True,37.84555496541325,-122.49552822406135,5.099836524600055,2650.5294335335125,0.9586001567933138,29965.9265029303,29972.615521935095,0.2021230761804337,0.04409532338960469,2.5200712939831713,2.3474198675187536,2.058553791788064,3.0111639913633588,1.9450646015886357,2.8224553641047363,False,False,1.0022888516831446e-05,fit:association,-87.5,-82.5,5.349766933684404e-05,0.013347734870003299,29971.0263394549
N43,scan-fw-7ef64c17333c25ed,2026-10-01T18:59:13.961670-07:00,165824,smooth60,zero-c,True,1.1106549833935728,1.1106549833935728,0,148.80812459769908,1.110654983338326,True,37.84861745239528,-122.49839204740988,5.340747825441213,2481.7449050038426,0.8975569276686591,31712.73377669249,31723.32893348262,8.05553566896467,7.929004873962724,4.5967233854749034,4.615677430144767,3.489783935057311,5.412684544059046,4.026236103548047,5.0909959740817134,False,False,0.00048091840038325465,fit:association,-82.5,-82.5,0.0,0.0,31718.07452451793
N43,scan-fw-7ef64c17333c25ed,2026-10-01T18:59:13.961670-07:00,165824,smooth60,fitted-c,True,0.8250123409542487,0.8250123409542487,0,85.98019813745847,0.8250123409542487,True,37.84606574591282,-122.49435384034437,5.0509296481614,2649.976227785942,0.9584000823818958,29970.474157632838,29980.779496245686,5.915321121792979,5.467559592683355,2.456508838303213,2.1542321488653977,1.3495693878856208,3.272469996887356,1.564790822268678,2.6295506928023444,False,False,0.00011317431915484964,fit:own-continuation,-82.5,-82.5,0.0,0.0,29975.525087281
N43,scan-fw-7ef64c17333c25ed,2026-10-01T18:59:13.961670-07:00,165824,gaussian30,zero-c,True,1.2233250584489375,1.2233250584489375,0,149.43393113017015,1.2233250584489375,True,37.84823671229679,-122.49964872286203,5.386497681951726,2479.4979015770746,0.8967442682014736,31732.985834573876,31740.20804596292,2.2701231038807546,2.33265270811302,4.708343277602479,4.827806710394176,4.209252161791304,5.224983544228872,4.4419892580269265,5.261948504993073,False,False,0.00027801797664707417,fit:own-continuation,-87.5,-82.5,0.05297363781720099,0.06085355555321631,31738.37233225583
N43,scan-fw-7ef64c17333c25ed,2026-10-01T18:59:13.961670-07:00,165824,gaussian30,fitted-c,True,0.928567779035491,0.928567779035491,0,85.71648489320006,0.7327965289066664,True,37.845422483975035,-122.49527650798896,5.103214687004733,2650.549005706569,0.9586072353369146,29965.68343889962,29972.569548762138,0.0776283719421701,-0.1580983329773167,2.515848545663894,2.337055669303839,2.0167574298527193,3.0324888122902864,1.9512382169365887,2.7711974639027357,False,False,0.0005435888122605863,fit:association,-87.5,-82.5,0.00015510623510299205,0.06085355555321631,29970.786653586627
N43,scan-fw-7ef64c17333c25ed,2026-10-01T18:59:13.961670-07:00,165824,smooth30,zero-c,True,1.2536357223991075,1.2536357223991075,0,149.37347959606535,1.1406479419843067,True,37.84841371571151,-122.50000945539678,5.377593687087938,2479.851661291913,0.8968722102321566,31730.835159456787,31737.628918219303,2.54654782760519,2.82909343986261,4.694974581951776,4.8212516592293735,4.330839214561526,5.003873967719515,4.4638614350301555,5.324320264182422,False,False,0.0007897352343386108,fit:association,-87.5,-82.5,0.0,0.0,31736.212753143875
N43,scan-fw-7ef64c17333c25ed,2026-10-01T18:59:13.961670-07:00,165824,smooth30,fitted-c,True,0.9528229708902347,0.9528229708902347,0,85.67418771087772,0.527637981023465,True,37.84563473925696,-122.49570386378086,5.093511019153084,2650.5815012125895,0.9586189877803217,29964.789918786108,29971.29959488069,0.36323101391667095,0.3503291808195072,2.511657768263257,2.34248740018627,2.147522400873007,2.8205571540309955,1.9850971759870517,2.845556005139318,False,False,6.487168495715543e-06,fit:association,-87.5,-82.5,0.0,0.0,29969.88342980526
N44,scan-fw-60676bee416548c0,2026-10-01T19:59:31.287207-07:00,165824,hard30,zero-c,True,1.4001745742487786,1.4001745742487786,0,136.551948676372,1.395816724229127,True,37.84373564058788,-122.50020765240897,1.9894154081994202,3045.0312760179286,0.917178095186123,37857.25631908003,37871.050557935116,-1.3033759740548523,-0.34477570152735737,3.261933625316996,4.007015194972085,2.1195858459237717,4.901681772254736,2.9401385980617585,5.029455732240546,False,False,0.00032347430781471884,fit:association,-92.5,-82.5,0.0,0.0,37859.24573448823
N44,scan-fw-60676bee416548c0,2026-10-01T19:59:31.287207-07:00,165824,hard30,fitted-c,True,0.35272604563923443,0.35272604563923443,0,88.87562054252304,0.35272604563923443,True,37.846774024964894,-122.48296486703742,2.0182265560069936,3183.3463923769013,0.9588392748123197,36389.10130093065,36402.92435093354,-2.644267789361298,-1.9004661373689957,1.9210418100105504,2.451324759130446,0.778694030617326,3.56078995694829,1.38444816222012,3.4737652963989074,False,False,7.947155298113247e-06,fit:association,-92.5,-82.5,0.0,0.0,36391.119527486655
N44,scan-fw-60676bee416548c0,2026-10-01T19:59:31.287207-07:00,165824,gaussian60,zero-c,True,1.0775550840833124,1.0775550840833124,0,139.5743531238742,0.9564617610062827,True,37.8431752605729,-122.4955086025317,2.0110855178298714,3060.1689422042577,0.9217376331940536,37866.54953391875,37874.207748997724,3.164819217734124,1.1211314748946992,2.211288654187781,2.915294674097593,1.0164283221439216,3.1187721378979703,2.370125241345124,3.803584242245935,False,False,0.00025247748000779965,fit:association,-82.5,-77.5,0.014091270581173494,0.005160302651238712,37868.560619436576
N44,scan-fw-60676bee416548c0,2026-10-01T19:59:31.287207-07:00,165824,gaussian60,fitted-c,True,0.4532214439409431,0.4532214439409431,0,89.80772482085914,0.4532214439409431,True,37.846787221862925,-122.48146698343973,2.028959511166279,3181.2223914548226,0.9581995154984405,36412.851113635465,36420.522743429356,2.7104920580279637,0.5990213109152426,1.7569614944816205,2.3931845101181364,0.5621011624377612,2.66444497819181,1.8480150773656674,3.2814740782664784,False,False,1.0546479397143487e-05,fit:association,-82.5,-77.5,0.0096319921594541,0.005160302651238712,36414.88007314663
N44,scan-fw-60676bee416548c0,2026-10-01T19:59:31.287207-07:00,165824,smooth60,zero-c,True,1.0883806444795043,1.0883806444795043,0,138.8744383186548,0.6821809987897434,True,37.84067632590932,-122.4921598772865,2.05535160315776,3049.6833348519026,0.9185793177264767,37891.47097381529,37898.804485631445,2.9745058758837937,2.4964774603873567,1.7923850472636558,2.616658159958777,0.7750519489118886,2.692120414087673,2.256002286651135,3.2940201341061335,False,False,0.000423321541462178,fit:association,-85.0,-85.0,0.0,0.0,37893.52632541845
N44,scan-fw-60676bee416548c0,2026-10-01T19:59:31.287207-07:00,165824,smooth60,fitted-c,True,0.6656676564023298,0.6656676564023298,0,93.26749945680044,0.6458615539528391,True,37.844880590928334,-122.48032249348796,2.061774739253451,3177.247000215696,0.9570021084987036,36486.24814217299,36493.58807712524,2.7943100307627224,2.1908713215949276,1.6121892021425845,2.311052021166348,0.5948561037908173,2.511924568966602,1.9503961478587057,2.9884139953137043,False,False,0.000420858943128592,fit:association,-85.0,-85.0,0.0,0.0,36488.30991691224
N44,scan-fw-60676bee416548c0,2026-10-01T19:59:31.287207-07:00,165824,gaussian30,zero-c,True,1.078247687925977,1.078247687925977,0,139.4375393975562,0.1759811694099484,True,37.84074073359979,-122.49207160412394,2.05633581027771,3048.6339050833435,0.9182632244226938,37906.737928930204,37915.01289388755,3.929887836799915,2.603607427062687,1.795867266004072,2.6276774423484723,0.1306438602132174,2.6906064518303467,2.1294573235204166,3.274091224697531,False,False,0.00018692177268171684,fit:association,-82.5,-82.5,0.11111395022041952,0.02277311581107837,37908.794264740485
N44,scan-fw-60676bee416548c0,2026-10-01T19:59:31.287207-07:00,165824,gaussian30,fitted-c,True,0.6828836986528531,0.6828836986528531,0,93.3295577213673,0.6828836986528531,True,37.844767101333176,-122.4801887821203,2.0649203435170707,3177.322097142249,0.9570247280548942,36488.249004295096,36496.51585071082,3.7019971710851225,2.2753883223415694,1.5679766002892794,2.2994583376273545,-0.09724680550157516,2.462715786115554,1.8012382187992988,2.9458721199764133,False,False,6.815303817410741e-05,fit:own-continuation,-82.5,-82.5,0.09441087536085316,0.02277311581107837,36490.31392463861
N44,scan-fw-60676bee416548c0,2026-10-01T19:59:31.287207-07:00,165824,smooth30,zero-c,True,1.134450992222897,1.134450992222897,0,139.4821298871336,0.4877625636626518,True,37.84364559386546,-122.49670825331772,2.000633846517303,3062.1633496675186,0.9223383583335899,37857.11613910308,37870.457000633,1.8151611607689009,-0.5209659810404822,2.3595692737655227,2.981105829358291,1.0572447675645384,3.401081637087204,1.800090027937603,4.477437016321749,False,False,0.0001081549603727522,fit:association,-85.0,-75.0,0.0,0.0,37859.116772949594
N44,scan-fw-60676bee416548c0,2026-10-01T19:59:31.287207-07:00,165824,smooth30,fitted-c,True,0.35645731807325703,0.35645731807325703,0,89.08581065730012,0.35645731807325703,True,37.84717604862597,-122.48246684036903,2.0162320576273487,3182.805193747458,0.9586762631769451,36394.24111305795,36407.597572798986,1.3823075771039135,-1.0575184905760469,1.9267156901005351,2.444553319822726,0.6243911838995508,2.968228053422216,1.2635375184020383,3.940884506786184,False,False,0.00023069871167309686,fit:association,-85.0,-75.0,0.0,0.0,36396.25734511558
N45,scan-fw-b62728ad807bfe6e,2026-10-01T20:44:43.787270-07:00,165825,hard30,zero-c,True,2.0228392158210586,2.0228392158210586,1,132.5000623688006,1.7063710981400106,True,37.83344068315476,-122.4975724271465,3.476545590747264,3104.6546567326823,0.9160975676402131,38887.43132756899,38900.19813045845,-2.5438904426798774,-0.7165743872832073,3.584678156359987,2.9051214029280965,2.5855321437274936,4.708088083537399,1.4939781391586686,4.4184690030932625,False,False,2.2555309509741245e-05,fit:association,-87.5,-87.5,0.0,0.0,38890.90787315974
N45,scan-fw-b62728ad807bfe6e,2026-10-01T20:44:43.787270-07:00,165825,hard30,fitted-c,True,1.535745122688977,1.535745122688977,1,91.47311010791154,1.535745122688977,True,37.85154812937587,-122.50295896472508,3.3493612531456165,3236.189003348828,0.9549097088665766,37557.1840895348,37569.82370808665,-4.201202983701893,-2.2086860744925643,1.9273656153379717,1.4130097157187396,0.9282196027054782,3.050775542515384,0.001866451949311676,2.926357315883906,False,False,6.520691375403766e-05,fit:association,-87.5,-87.5,0.0,0.0,37560.533450787945
N45,scan-fw-b62728ad807bfe6e,2026-10-01T20:44:43.787270-07:00,165825,gaussian60,zero-c,True,1.3394363080031904,1.3394363080031904,0,136.70659982636548,1.2838770594355464,True,37.838274021438565,-122.49255597878076,5.865656629976874,3096.4552212150375,0.9136781414030798,38983.647106959295,38994.82825097728,0.8818916208171395,1.8297419307552747,2.2674355108790714,1.7155335510177872,1.4575040981852947,2.990102300406494,0.8487572457396504,2.921709090874149,False,False,9.281258031263069e-05,fit:association,-85.0,-85.0,0.005157110455039403,0.002415969281612766,38989.51276358927
N45,scan-fw-b62728ad807bfe6e,2026-10-01T20:44:43.787270-07:00,165825,gaussian60,fitted-c,True,1.3577479224127804,1.3577479224127804,0,91.42219946444705,1.3577479224127804,True,37.85249501909845,-122.50059294158753,5.843968401684907,3242.595604599005,0.9568001193859561,37520.02736664933,37531.18281088492,-0.18446724228339473,0.9393704898080715,1.201076647778537,0.8251621100705839,0.3911452350847604,1.9237434373059599,-0.04161419520755283,2.0313376499269458,False,False,0.00017555829278703694,fit:association,-85.0,-85.0,0.001145556350747371,0.002415969281612766,37525.871335051015
N45,scan-fw-b62728ad807bfe6e,2026-10-01T20:44:43.787270-07:00,165825,smooth60,zero-c,True,1.4821025921365734,1.4821025921365734,0,139.21534771694098,1.4821025921365734,True,37.83727097629296,-122.49363915348827,5.952128011682362,3087.195925757812,0.9109459798636211,39074.707787510415,39087.63573396608,1.2937376541622974,2.827637519801666,2.503396752537933,1.7738172843351008,1.7303613260037247,3.473600518674722,0.2846377979915067,2.6835382761759554,False,False,2.822936253914167e-05,fit:association,-82.5,-87.5,0.0,0.0,39080.6599155221
N45,scan-fw-b62728ad807bfe6e,2026-10-01T20:44:43.787270-07:00,165825,smooth60,fitted-c,True,1.532209685295043,1.532209685295043,0,94.39753104677602,1.532209685295043,True,37.852540556392015,-122.50263875022587,5.928188298232271,3225.044341254262,0.9516212278708356,37640.01042173283,37652.91442847505,0.043948395551042164,1.8236859943317445,1.253607493926678,0.7698657588651794,0.48057206739246994,2.223811260063467,-0.7193137274784147,1.6795867507060342,False,False,3.083409915718982e-05,fit:association,-82.5,-87.5,0.0,0.0,37645.938610031066
N45,scan-fw-b62728ad807bfe6e,2026-10-01T20:44:43.787270-07:00,165825,gaussian30,zero-c,True,1.303379279550674,1.303379279550674,0,133.4167844322571,0.36136869254495485,True,37.85570804135056,-122.49797809775777,15.794178244643803,3055.485445134298,0.9015890956430505,39066.257709578356,39085.77953772391,0.7722419781802913,-0.21435351705835806,1.0301472414816197,1.018365752522668,0.4548249254179585,1.9465660262238051,0.5398494196429147,1.6624392853013588,False,False,0.00044561951465571514,fit:association,-92.5,-77.5,0.003211525515695486,0.00793055961217453,39082.051887823
N45,scan-fw-b62728ad807bfe6e,2026-10-01T20:44:43.787270-07:00,165825,gaussian30,fitted-c,True,2.051824618428081,2.051824618428081,0,93.87781021693432,1.1062970127934655,True,37.857955252533564,-122.50622755028817,15.631877249485658,3243.2522332010653,0.956993872293026,37558.36156863662,37577.72249198279,0.6538674662932095,-0.7028524709260133,0.9117727295945379,0.5298667986550127,0.3364504135308767,1.8281915143367233,0.051350465775259424,1.1739403314337036,False,False,9.637720206489371e-05,fit:association,-92.5,-77.5,0.00460772129681752,0.00793055961217453,37573.9934458861
N45,scan-fw-b62728ad807bfe6e,2026-10-01T20:44:43.787270-07:00,165825,smooth30,zero-c,True,1.7308129860054602,1.7308129860054602,1,132.6097610146713,1.721022027150254,True,37.8542852173324,-122.50432247020935,43.35646570593235,3071.8344170560545,0.9064132242714826,39070.29572719075,39122.479603346066,3.9470503754225317,3.2291008342739183,2.4718890524124877,2.852188475703426,1.7270946275917556,3.76057039246543,1.6486592746275976,4.226181122905474,False,False,0.0002689550894084264,fit:association,-85.0,-75.0,0.0,0.0,39113.65219289668
N45,scan-fw-b62728ad807bfe6e,2026-10-01T20:44:43.787270-07:00,165825,smooth30,fitted-c,True,2.22750205355419,2.22750205355419,1,95.94030748635458,1.7204599834075867,True,37.856898888914536,-122.5091004740578,15.63977899409656,3225.9286475215604,0.9518821621485867,37663.53130042432,37685.73973721796,-0.04848973181823847,-1.4268184918704194,0.950368328515562,0.4730380778518548,0.15176390240760618,1.8676071383343145,-0.5025602783445811,1.9265053499238305,False,False,0.000714700512212072,fit:association,-97.5,-77.5,0.0,0.0,37679.17107941842
N46,scan-fw-d2f2ff1f2038b3df,2026-10-01T22:00:08.122659-07:00,165825,hard30,zero-c,True,1.3866684087300332,1.3866684087300332,0,157.58605432748521,1.3866684085734124,True,37.844761663153854,-122.47092842027655,1.9049931804038351,2939.1198325411033,0.8571361424733459,40465.39849212968,40475.69237394477,3.9059021761858794,3.1970675852381616,1.3420433773172125,3.5683948146195905,0.12370918579645052,2.2962270499683206,3.0945631279553694,4.928046947553011,False,False,0.00014590167719405386,fit:association,-82.5,-82.5,0.0,0.0,40467.30348531008
N46,scan-fw-d2f2ff1f2038b3df,2026-10-01T22:00:08.122659-07:00,165825,hard30,fitted-c,True,0.9848849511588236,0.9848849511588236,0,111.24006029836117,0.7482340750601689,True,37.842927834773484,-122.47765676378025,1.8918101385716,3264.643887912609,0.9520687920421723,38188.83821640897,38199.118915182225,3.766712741873744,2.5021990621122856,1.2028539430050769,2.8735262914937145,-0.01548024851568508,2.157037615656185,2.3996946048294934,4.233178424427135,False,False,0.0002232822324766821,fit:association,-82.5,-82.5,0.0,0.0,38190.73002654754
N46,scan-fw-d2f2ff1f2038b3df,2026-10-01T22:00:08.122659-07:00,165825,gaussian60,zero-c,True,1.4007387214649418,1.4007387214649418,0,157.2396516355711,1.4007387214204121,True,37.84492121916027,-122.47068609159611,1.905567733460718,2941.665172677728,0.8578784405592674,40448.396791774285,40459.43383643111,3.152215297350653,2.3254437291098458,1.3996109108492305,3.613520130865503,0.0616987728366154,2.2807750362555703,3.1836117662084416,4.911887783938692,False,False,0.0005178158842416361,fit:association,-82.5,-82.5,0.019180187272634715,0.005913453690429785,40450.30235950775
N46,scan-fw-d2f2ff1f2038b3df,2026-10-01T22:00:08.122659-07:00,165825,gaussian60,fitted-c,True,0.9488726282688111,0.9488726282688111,0,110.41061584391855,0.6559801371198748,True,37.84333479091475,-122.47773732978092,1.8883271335714347,3265.4960942775188,0.9523173211657973,38168.81964606387,38179.8352369381,3.0486159662252788,1.6369313801345238,1.2960115797238563,2.925007781890181,-0.04190055828875883,2.177175705130196,2.49509941723312,4.223375434963369,False,False,0.00020083419215103038,fit:association,-82.5,-82.5,0.014967004565991008,0.005913453690429785,38170.707973197445
N46,scan-fw-d2f2ff1f2038b3df,2026-10-01T22:00:08.122659-07:00,165825,smooth60,zero-c,True,1.453620399523045,1.453620399523045,0,157.90586398799465,1.1334967210679066,True,37.84570192252664,-122.46975406249078,1.904343041111133,2941.4518867265338,0.8578162399319141,40464.82569103141,40473.028312993454,0.15702907892807985,-0.16170806508649635,1.3244992904046229,3.6113084577353947,-0.08624572001503017,2.297042918176534,3.0796135997249823,5.295168520301186,False,False,0.00019312523409223403,fit:association,-82.5,-77.5,0.0,0.0,40466.73003407252
N46,scan-fw-d2f2ff1f2038b3df,2026-10-01T22:00:08.122659-07:00,165825,smooth60,fitted-c,True,0.8944492805163512,0.8944492805163512,0,111.05014233121571,0.7494429283460587,True,37.84386233818693,-122.47797641527399,1.8806526253029006,3264.408312453863,0.9520000911209866,38185.4927742422,38193.67170578844,0.0287204375608409,-0.8670692081590486,1.196190649037384,2.9059473146628423,-0.21455436138226913,2.168734276809295,2.37425245665243,4.589807377228634,False,False,0.00037199817078494707,fit:association,-82.5,-77.5,0.0,0.0,38187.3734268675
N46,scan-fw-d2f2ff1f2038b3df,2026-10-01T22:00:08.122659-07:00,165825,gaussian30,zero-c,True,1.2045120799668168,1.2045120799668168,1,156.90708034067546,1.0647372841707752,True,37.84465629293268,-122.47321957713142,1.8974681506929865,2944.564708599918,0.8587240328375381,40428.47804149088,40435.70559105602,2.4841583667084,2.3452603365856284,1.6527165681111362,3.647890786097734,0.561015191236476,2.5162123734981003,2.8118485760671446,4.290210616741869,False,False,9.804203258921389e-05,fit:association,-87.5,-82.5,0.0583564441862454,0.011940707762253809,40430.37550964158
N46,scan-fw-d2f2ff1f2038b3df,2026-10-01T22:00:08.122659-07:00,165825,gaussian30,fitted-c,True,0.8216702752238079,0.8216702752238079,1,109.13986301817977,0.8216702752238079,True,37.84315449562027,-122.48012378861725,1.8898020212861173,3266.6295179469907,0.95264786175182,38138.633609445984,38145.83711007779,2.3634619600376587,1.6759402180903151,1.532020161440395,2.9785706676024204,0.4403187845657348,2.395515966827359,2.142528457571831,3.6208904982465553,False,False,3.3091297849802695e-05,fit:association,-87.5,-82.5,0.04197364025578833,0.011940707762253809,38140.52341146727
N46,scan-fw-d2f2ff1f2038b3df,2026-10-01T22:00:08.122659-07:00,165825,smooth30,zero-c,True,1.2012527848780383,1.2012527848780383,0,156.92145765203833,1.1804646858212915,True,37.84467121687428,-122.47325179707562,1.8972326031216653,2944.694675569347,0.8587619351325013,40428.30591598428,40435.353683863665,2.567760366803817,2.4048193678713288,1.6543333490957406,3.650251125257738,0.5658431722052395,2.5080116889616595,2.8490591372672034,4.256225714395869,False,False,9.891637299071394e-05,fit:own-continuation,-87.5,-82.5,0.0,0.0,40430.2031485874
N46,scan-fw-d2f2ff1f2038b3df,2026-10-01T22:00:08.122659-07:00,165825,smooth30,fitted-c,True,0.8220635702160075,0.8220635702160075,0,109.13305875832222,0.8220635702160075,True,37.84316379996979,-122.4801007640741,1.8895804742642213,3266.7282116719075,0.9526766438238283,38138.11744543304,38145.157561183565,2.440856546678674,1.7311037318999163,1.5274295289705977,2.9765354892863254,0.4389393520800966,2.3811078688365166,2.1753435012957913,3.5825100784244563,False,False,0.0001904652469451572,fit:association,-87.5,-82.5,0.0,0.0,38140.0070259073
N47,scan-fw-4236f7680dc6e278,2026-10-02T00:00:42.245850-07:00,165826,hard30,zero-c,True,1.792802043064628,1.792802043064628,0,160.78434098026136,0.4287225624790119,True,37.839768773613926,-122.4690654488686,37.67516311733925,3141.039289786951,0.8448196045688411,44146.45417514857,44186.312588644985,-4.325318505880211,-4.187678514920262,-1.305332712773002,-2.5344507887074013,-1.8077624601951667,-0.7218821740294568,-2.9001002129305777,-2.1809192684449683,False,False,0.0003989744932736128,fit:association,-87.5,-82.5,0.0,0.0,44184.129338265906
N47,scan-fw-4236f7680dc6e278,2026-10-02T00:00:42.245850-07:00,165826,hard30,fitted-c,True,1.8110720769669761,1.8110720769669761,0,81.09540170395448,1.2683121702980693,True,37.837768032799964,-122.47088694700889,37.29145179810439,3571.611170010893,0.9606269956995409,40713.489740089266,40752.96444226645,-1.4072704455887093,-1.506919409907894,1.6127153475184997,0.146308316304967,1.1102856000963346,2.196165886262045,-0.21934110791820943,0.4998398365674001,False,False,0.00011856930790211939,fit:association,-87.5,-82.5,0.0,0.0,40750.78119188737
N47,scan-fw-4236f7680dc6e278,2026-10-02T00:00:42.245850-07:00,165826,gaussian60,zero-c,True,1.8022030154368698,1.8022030154368698,0,160.76113982702023,0.6225233111015466,True,37.83971087287284,-122.46898615611725,37.6673018462464,3141.7537539556615,0.8450117681429966,44143.40285238691,44183.31454533584,-4.084923448260727,-3.8952753209525546,-1.2992118295763015,-2.5094298084314843,-1.89802789308381,-0.6817289858791257,-2.8463561995627615,-2.2312606074473313,False,False,1.466990219963285e-05,fit:association,-87.5,-82.5,0.039824711755215424,0.012100946258810235,44181.07015423316
N47,scan-fw-4236f7680dc6e278,2026-10-02T00:00:42.245850-07:00,165826,gaussian60,fitted-c,True,1.8181520843315764,1.8181520843315764,0,81.05471687985302,0.9884304510134583,True,37.837716171536265,-122.47083824911697,37.286747351857606,3571.5771348683875,0.9606178415460966,40713.09070104678,40752.58561348792,-1.1711277248347836,-1.2277697431689918,1.614583893849642,0.15807576935207823,1.0157678303421336,2.232066737546818,-0.17885062177919886,0.43624497033623116,False,False,9.094302390864895e-05,fit:association,-87.5,-82.5,0.003598698362647436,0.012100946258810235,40750.377448398634
N47,scan-fw-4236f7680dc6e278,2026-10-02T00:00:42.245850-07:00,165826,smooth60,zero-c,True,4.194656165005138,4.194656165005138,0,162.99830352605014,0.29735645225745927,True,37.83049976814427,-122.44416630579248,56.521115373732755,3095.4519762628347,0.83255835832782,44408.423849838844,44486.626141202585,-1.7833462143232568,-1.5972803154841333,-2.7139773634556486,-2.842214217855795,-6.769579011749788,-1.5682354913305174,-4.243360765452514,-1.4895703573571881,False,False,0.00019411075951089596,fit:association,-82.5,-87.5,0.0,0.0,44464.94496521258
N47,scan-fw-4236f7680dc6e278,2026-10-02T00:00:42.245850-07:00,165826,smooth60,fitted-c,True,4.650722015414437,4.650722015414437,0,93.26898817474202,1.2849892217952372,True,37.824472012401166,-122.44291045796591,55.84924864324421,3527.741706515174,0.9488277855070398,41161.08348579555,41238.6139104288,1.1649433845489479,1.081331567167726,0.23431223541655632,-0.16360233520393597,-3.821289412877583,1.3800541075416874,-1.564748882800655,1.1890415252946709,False,False,0.000127971471513888,fit:association,-82.5,-87.5,0.0,0.0,41216.93273443879
N47,scan-fw-4236f7680dc6e278,2026-10-02T00:00:42.245850-07:00,165826,gaussian30,zero-c,True,1.787217191714701,1.787217191714701,0,160.84371955736512,1.5510770897337973,True,37.83970975757202,-122.46919649025521,37.66884875730541,3141.0459066585136,0.844821384254576,44147.97843435449,44188.00427051215,-4.049010608161725,-3.8630916657889953,-1.3079883323962713,-2.535623945648921,-1.8511684142848939,-0.7717488922849467,-2.870655832729629,-2.2260486015725034,False,False,6.700130256773185e-05,fit:association,-87.5,-82.5,0.15658982061647292,0.04637686832128157,44185.64728311179
N47,scan-fw-4236f7680dc6e278,2026-10-02T00:00:42.245850-07:00,165826,gaussian30,fitted-c,True,1.7953652408912586,1.7953652408912586,0,81.1485028996878,1.7953652408912586,True,37.83774861468984,-122.47116018030445,37.28695008402442,3571.568676262197,0.9606155665040874,40714.51101228656,40754.01176267432,-1.1317060448049423,-1.1831256179226761,1.6093162309605118,0.14434210221739785,1.0661361490718892,2.145555671071836,-0.19068978486331012,0.4539174462938158,False,False,8.237517011971777e-06,fit:association,-87.5,-82.5,0.013402723998164803,0.04637686832128157,40751.79796237058
N47,scan-fw-4236f7680dc6e278,2026-10-02T00:00:42.245850-07:00,165826,smooth30,zero-c,True,1.79666527313487,1.79666527313487,0,160.82086424879978,1.116688944685785,True,37.83972629198467,-122.46904957717831,37.6728587975158,3140.813246668269,0.8447588076030847,44148.20132616344,44188.05811936119,-4.114444172728521,-3.9773896435559646,-1.3154854978955997,-2.551311054967659,-1.8585639766685667,-0.742379115648304,-2.9109513232427404,-2.2078532109736977,False,False,0.0007826636953814775,fit:association,-87.5,-82.5,0.0,0.0,44185.87418496096
N47,scan-fw-4236f7680dc6e278,2026-10-02T00:00:42.245850-07:00,165826,smooth30,fitted-c,True,1.8167286743736675,1.8167286743736675,0,81.13183833904337,1.8167286743736675,True,37.8377252700933,-122.47084965744234,37.28858826697979,3571.594930700163,0.9606226279451756,40714.11767600832,40753.59019867553,-1.1928416247842193,-1.2883299808258502,1.606117050048702,0.13774860776245523,1.0630385712757353,2.1792234322959976,-0.22189166051262615,0.4812064517564167,False,False,3.190322202011042e-05,fit:own-continuation,-87.5,-82.5,0.0,0.0,40751.4062642753
N48,scan-fw-a1571307d7a8bb83,2026-10-02T02:01:16.202448-07:00,165827,hard30,zero-c,True,1.9238453076845161,1.9238453076845161,0,151.89421195292394,1.8755601981197498,True,37.843784711657655,-122.5066232723684,3.343305787551799,3350.7531489764865,0.8997725963954045,42942.28291393608,42951.53649913888,-0.044265519509313817,-0.3725269967086533,2.9604416640871665,2.488739454432076,1.9827257408683763,4.138588574470997,1.8316064381738664,3.0145594141895247,False,False,9.914687808006833e-05,fit:own-continuation,-92.5,-82.5,0.0,0.0,42945.62621972363
N48,scan-fw-a1571307d7a8bb83,2026-10-02T02:01:16.202448-07:00,165827,hard30,fitted-c,True,0.9236765143962083,0.9236765143962083,0,101.13015045446494,0.9236765143962083,True,37.84134533470011,-122.4896671634057,3.3912549504238996,3616.4459797832415,0.9711186841523205,40664.41737364798,40673.71890801365,-0.13646012870885033,0.025101423175815325,2.86824705488763,2.8863678743165444,1.89053113166884,4.046393965271461,2.229234858058335,3.4121878340739933,False,False,7.889537715449594e-05,fit:own-continuation,-92.5,-82.5,0.0,0.0,40667.8086285984
N48,scan-fw-a1571307d7a8bb83,2026-10-02T02:01:16.202448-07:00,165827,gaussian60,zero-c,True,1.9238361088250626,1.9238361088250626,1,151.89433503265286,1.7081369102568074,True,37.84378484043153,-122.50662321456049,3.3433043560968185,3350.7536014688203,0.8997727179024759,42942.284721875105,42951.56001778698,-0.04396426567081574,-0.37219192825641967,2.960442559741832,2.4887486218005543,1.98270362491699,4.138567877826404,1.831596765609642,3.014592926194021,False,False,8.848195688267863e-05,fit:association,-92.5,-82.5,0.0001755746101440074,0.021514301504433005,42945.6280262312
N48,scan-fw-a1571307d7a8bb83,2026-10-02T02:01:16.202448-07:00,165827,gaussian60,fitted-c,True,0.9236694115893441,0.9236694115893441,1,101.13033839755785,0.47111346717268265,True,37.84134538688435,-122.48966711084779,3.3912544060820333,3616.445830440056,0.9711186440494243,40664.42201532975,40673.74510970286,-0.13617235777182407,0.02541217441002917,2.868234467640824,2.8863527244670033,1.890495532815982,4.046359785725396,2.2292008682760907,3.41219702886047,False,False,0.00021039877438192923,fit:own-continuation,-92.5,-82.5,2.3985862036729246e-05,0.021514301504433005,40667.81326973583
N48,scan-fw-a1571307d7a8bb83,2026-10-02T02:01:16.202448-07:00,165827,smooth60,zero-c,True,1.921914030041416,1.921914030041416,0,148.92521513024465,0.9320425748069356,True,37.84311270264284,-122.5063081296127,3.3616071175492834,3327.6492736085174,0.8935685482299993,42948.7623312068,42957.67643535999,-0.5048269001291148,-1.1654902783470473,2.9895660776076833,2.3288468969405898,1.6743842912594806,3.8272741474792493,1.5562046835640397,2.78411523236832,False,False,0.0001387501111614587,fit:association,-87.5,-77.5,0.0,0.0,42952.12393832435
N48,scan-fw-a1571307d7a8bb83,2026-10-02T02:01:16.202448-07:00,165827,smooth60,fitted-c,True,0.9026371611525612,0.9026371611525612,0,101.14656246674369,0.857759170585702,True,37.84183540661788,-122.49045141495358,3.3864065199159086,3616.9798815413706,0.971262051971367,40661.97602627857,40670.91492983412,-0.510678338339275,-0.5400422052936463,2.9837146393975233,2.954294969993991,1.6685328530493206,3.8214227092690893,2.181652756617441,3.409563305421721,False,False,5.882858115667522e-06,fit:association,-87.5,-77.5,0.0,0.0,40665.36243279849
N48,scan-fw-a1571307d7a8bb83,2026-10-02T02:01:16.202448-07:00,165827,gaussian30,zero-c,True,1.9220524778597485,1.9220524778597485,0,148.92670782669865,1.3254522504148363,True,37.84311392498449,-122.50631037566437,3.361598198161139,3327.656579510277,0.893570510072577,42948.77058967322,42957.813818027345,-0.5028340065783432,-1.163202512044847,2.9899376222525422,2.3292971646035805,1.6756044453433971,3.8275062870362144,1.5566211740861051,2.7845867552164596,False,False,0.00036950770918581927,fit:association,-87.5,-77.5,0.00802941061099536,0.12198503821277662,42952.132187871386
N48,scan-fw-a1571307d7a8bb83,2026-10-02T02:01:16.202448-07:00,165827,gaussian30,fitted-c,True,0.9026091520892338,0.9026091520892338,0,101.14734773074335,0.9026091520892338,True,37.84183600425003,-122.4904521901931,3.3864009885387136,3616.979514947512,0.9712619535304813,40661.99534777508,40671.05809229513,-0.5089352301141148,-0.5380912213363004,2.983836398716771,2.954408455312127,1.6695032218076258,3.821405063500443,2.181732464794652,3.409698045925006,False,False,0.0004183826561242679,fit:association,-87.5,-77.5,0.002742786154652492,0.12198503821277662,40665.38174876362
N48,scan-fw-a1571307d7a8bb83,2026-10-02T02:01:16.202448-07:00,165827,smooth30,zero-c,True,1.9238453106763636,1.9238453106763636,0,151.89421207811785,1.1888906075157497,True,37.84378471156473,-122.50662327236651,3.3433057878064574,3350.7531500843766,0.8997725966929045,42942.282914228344,42951.53649946429,-0.04426550997612695,-0.3725269634779732,2.960441677926864,2.4887395014910156,1.9827257207229572,4.138588563107941,1.8316064503195184,3.0145594572996557,False,False,4.4831266737427886e-05,fit:association,-92.5,-82.5,0.0,0.0,42945.62622001615
N48,scan-fw-a1571307d7a8bb83,2026-10-02T02:01:16.202448-07:00,165827,smooth30,fitted-c,True,0.9236765241492393,0.9236765241492393,0,101.13015039057227,0.5364752885297674,True,37.841345334834735,-122.48966716412987,3.3912549469896476,3616.445979716418,0.9711186841343765,40664.41737276906,40673.718907164184,-0.1364601476906803,0.025101415749812624,2.8682470402123106,2.8863678807188013,1.890531083008404,4.046393925393389,2.229234829547304,3.4121878365274414,False,False,7.742759315885756e-05,fit:association,-92.5,-82.5,0.0,0.0,40667.80862771605
N49,scan-fw-ff33384282156c54,2026-10-02T03:16:34.731707-07:00,165827,hard30,zero-c,True,92.71746939517512,92.71746939517512,2,175.63861223640114,92.71746939517512,False,38.17521228575321,-121.51175162567925,389.61710311164643,2146.686168230749,0.6627620155081041,40976.66241886129,41375.11265986338,1.6212606338106745,1.437750247766335,15.516641471383798,13.810404826223753,14.644497435157962,17.023495368643523,12.680617011908216,15.088990101592058,False,False,6.425622075934001e-05,fit:association,5.0,-35.0,0.0,0.0,41366.27952197294
N49,scan-fw-ff33384282156c54,2026-10-02T03:16:34.731707-07:00,165827,hard30,fitted-c,True,99.9494191688453,99.9494191688453,2,154.2123800828263,99.94941916883575,False,38.23718622647875,-121.45628291038757,387.6194569465006,2330.5880156193625,0.7195393688235142,39875.206999141665,40271.659593978606,0.9062069050991436,-0.2722019569494213,14.801587742672266,12.100452621507996,13.929443706446431,16.308441639931992,10.97066480719246,13.379037896876302,False,False,6.989092954090559e-05,fit:association,5.0,-35.0,0.0,0.0,40262.826456088165
N49,scan-fw-ff33384282156c54,2026-10-02T03:16:34.731707-07:00,165827,gaussian60,zero-c,True,7.721563914489926,7.721563914489926,0,150.89046355053037,7.721563914489926,False,37.86621457548064,-122.4005298755365,178.330425581552,2680.3857227080707,0.8275349560691789,38386.86278069,38572.08952801556,4.597767094364534,0.48475917284147946,-2.2430863700272337,-0.0008787941823901191,-3.3090146268709164,-1.566571030636049,-0.8368582933360591,1.270024210469265,False,False,0.0006137516331472526,fit:association,-57.5,-77.5,0.02671806713709406,0.0587914004453699,38565.19320627155
N49,scan-fw-ff33384282156c54,2026-10-02T03:16:34.731707-07:00,165827,gaussian60,fitted-c,True,48.03884479221187,4.759765640192303,0,145.89635799228313,29.038710217517433,False,37.89033797930016,-121.94098408764972,331.1380048085099,2492.8455219648304,0.7696343074914573,39362.10347344537,39697.35373907026,-2.9776519020348906,-3.451129389110716,-3.753452214139201,-5.34707202864044,-4.105391424176302,-3.3680366332138325,-6.066326010638598,-3.9822769800030464,False,False,4.5360174555596905e-05,fit:association,-30.0,-70.0,0.02597088113759463,0.005245580770810105,39693.24147825388
N49,scan-fw-ff33384282156c54,2026-10-02T03:16:34.731707-07:00,165827,smooth60,zero-c,True,0.4832550105055829,0.4832550105055829,0,151.57923372882388,0.4832550105055829,True,37.85019281212911,-122.48044253090025,6.360655759533984,2851.9367555109193,0.8804991526739485,37467.03369897494,37482.01027190505,0.030586799188154188,0.6828375505184218,-0.789745510627427,-0.09689713274067235,-2.4049781416850284,0.5820947247328719,-1.6016511986710515,0.8868091686738669,False,False,0.0003400680596814809,fit:association,-87.5,-82.5,0.0,0.0,37473.394354734475
N49,scan-fw-ff33384282156c54,2026-10-02T03:16:34.731707-07:00,165827,smooth60,fitted-c,True,1.3024101161373873,1.3024101161373873,0,90.43010718419784,1.3024101161373873,True,37.840293839883415,-122.47591238773342,6.483962215243082,3131.285293879515,0.9667444562764789,35149.76197160875,35164.861850994566,-2.1178083444440907,-2.122031859450901,-2.938140654259672,-2.901766542709995,-4.5533732853172735,-1.566300418899373,-4.406520608640374,-1.9180602412954557,False,False,0.00019441448377233292,fit:own-continuation,-87.5,-82.5,0.0,0.0,35156.24593382399
N49,scan-fw-ff33384282156c54,2026-10-02T03:16:34.731707-07:00,165827,gaussian30,zero-c,True,0.5548794058520243,0.5548794058520243,0,151.632942779861,0.3908792579827578,True,37.850680597338155,-122.47977939708338,6.349447489749217,2854.447956597137,0.8812744540281373,37458.88314197223,37482.65674608546,1.0338684720688194,1.257085992111621,-0.7656710773399742,0.07341558014553384,-3.278151800095698,0.9009618491212454,-2.4206076580195344,1.2373949079873479,False,False,0.00010420212710103181,fit:association,-80.0,-80.0,0.013245746045505869,0.02319709117025185,37465.23258946198
N49,scan-fw-ff33384282156c54,2026-10-02T03:16:34.731707-07:00,165827,gaussian30,fitted-c,True,1.3488510314418634,1.3488510314418634,0,88.74170522905163,0.8777670355236594,True,37.8408716560302,-122.47441698278304,6.453541411097637,3132.2239766606035,0.9670342626306279,35117.528853048905,35141.40783161725,-0.9874088192081701,-1.389345092704212,-2.786948368616964,-2.573015504670299,-5.299429091372687,-1.1203154421557442,-5.067038742835367,-1.4090361768284851,False,False,3.7255084960981536e-05,fit:own-continuation,-80.0,-80.0,0.014526279814356741,0.02319709117025185,35123.98239446
N49,scan-fw-ff33384282156c54,2026-10-02T03:16:34.731707-07:00,165827,smooth30,zero-c,True,0.33034588305550233,0.33034588305550233,0,155.3340082413282,0.33034588305550233,True,37.84953435197888,-122.48946823087886,101.99983933210751,2812.3065819059902,0.8682638412800217,37994.55935053029,38101.96607248558,-4.607965747541599,-6.466941546028754,-0.6345461338115261,-0.12302998442777735,-1.61105088204962,1.475317060290188,-0.6226180670311279,0.3144008678263103,False,False,0.00011364042493850618,fit:association,-102.5,-87.5,0.0,0.0,38096.5591898624
N49,scan-fw-ff33384282156c54,2026-10-02T03:16:34.731707-07:00,165827,smooth30,fitted-c,True,2.5223989084521654,2.5223989084521654,0,99.45945405475422,2.373103602591235,True,37.83648368838337,-122.50966479362351,105.43752528756158,3106.1299063184388,0.9589780507312253,35747.281918135675,35858.12632604642,-4.596377681276057,-7.218397997990899,-0.622958067545984,-0.8744864363899225,-1.599462815784078,1.48690512655573,-1.374074518993273,-0.43705558413583484,False,False,0.000310500411273831,fit:association,-102.5,-87.5,0.0,0.0,35852.71944342324
N50,scan-fw-13bf031ee61be179,2026-10-02T04:51:12.924024-07:00,165827,hard30,zero-c,True,3.4885992262423384,3.4885992262423384,0,167.7957388346003,1.9977834797646807,True,37.849873862858416,-122.44603603594388,2.1656981533087674,2694.950511911038,0.8953323959837336,34368.74009656729,34377.69609944987,-1.7208382245685399,-2.438988498380558,-2.617699541829658,-2.4864253491758648,-3.476380358963908,-1.6656673204039723,-3.687328622151437,-1.7963960461886548,False,False,3.708627826841935e-05,fit:association,-80.0,-80.0,0.0,0.0,34370.9057947206
N50,scan-fw-13bf031ee61be179,2026-10-02T04:51:12.924024-07:00,165827,hard30,fitted-c,True,0.5657745429583033,0.5657745429583033,0,88.82405926464897,0.5657745429583033,True,37.84494126726726,-122.48196511992994,1.9561801108247892,2945.101813433367,0.9784391406755373,31726.413633784243,31767.770399490026,-2.1758395370628656,-1.1274958286667445,-0.6808310634333801,-0.8263794137662179,-3.2284163288456895,2.002189752112403,-3.2491810402071546,1.2501876319733558,False,False,7.590313305655534e-05,fit:association,-92.5,-82.5,0.0,0.0,31728.369813895068
N50,scan-fw-13bf031ee61be179,2026-10-02T04:51:12.924024-07:00,165827,gaussian60,zero-c,True,2.5235188159407063,2.5235188159407063,0,166.0161019755212,2.5235188159407063,True,37.84607977006153,-122.45726303867451,2.1301895088503318,2689.8327189918837,0.893632132555443,34330.62400083228,34349.719220687446,-2.910005816323034,-2.40177436081522,-2.202379158039013,-2.071761934576976,-4.216172702564659,-0.6327244258073943,-3.4078331211164823,-0.9770085814909046,False,False,0.0006589082407321353,fit:association,-87.5,-82.5,0.01779581741412906,0.0007620546112323286,34332.754190341126
N50,scan-fw-13bf031ee61be179,2026-10-02T04:51:12.924024-07:00,165827,gaussian60,fitted-c,True,1.0638541700029425,1.0638541700029425,0,87.07157515505592,1.0638541700029425,True,37.8466643495035,-122.47402347422569,1.9597748966619672,2946.6726831019823,0.9789610242863729,31692.413395912503,31711.325016292354,-1.5580813916263123,-1.1230074812749145,-0.8504547333422914,-0.7929950550366707,-2.864248277867937,0.7191999988893274,-2.1290662415761767,0.3017582980494009,False,False,0.0003809353281547488,fit:association,-87.5,-82.5,0.004610954282414517,0.0007620546112323286,31694.373170809165
N50,scan-fw-13bf031ee61be179,2026-10-02T04:51:12.924024-07:00,165827,smooth60,zero-c,True,3.4878751544802826,3.4878751544802826,0,167.87484664334067,0.650195547149154,True,37.849881947308624,-122.44604455143981,2.1590947147415136,2694.5951485407795,0.8952143350633819,34371.92527292884,34381.1535758477,-1.1376635944519797,-1.9670155392365052,-2.6040724414068617,-2.439927113894163,-4.169213790982961,-1.6139310600464731,-3.3215903695312994,-1.637488917710751,False,False,9.038887301368852e-05,fit:own-continuation,-87.5,-77.5,0.0,0.0,34374.08436764358
N50,scan-fw-13bf031ee61be179,2026-10-02T04:51:12.924024-07:00,165827,smooth60,fitted-c,True,1.8148253375330186,1.8148253375330186,0,93.20160967891006,1.2259405094313318,True,37.85072375465319,-122.46519352710719,1.9725635060640343,2944.119890683076,0.9781129204927163,31798.325399090594,31807.367170800775,0.29983786276396324,-0.4841163152688212,-1.1665709841909189,-0.9570278899264788,-2.7317123337670184,-0.17642960283053022,-1.8386911455636155,-0.15458969374306686,False,False,0.0003122987437164139,fit:association,-87.5,-77.5,0.0,0.0,31800.297962596658
N50,scan-fw-13bf031ee61be179,2026-10-02T04:51:12.924024-07:00,165827,gaussian30,zero-c,True,3.484198187415922,3.484198187415922,0,167.58311453111457,0.6588569904861408,True,37.84979849835688,-122.44608382127667,2.165100319202676,2695.1728610281903,0.8954062661223223,34362.244931732756,34371.651818274055,-1.5374008148043052,-2.203755514978888,-2.6061404527318754,-2.4476556347414395,-4.1363488175719505,-1.6624315581797482,-3.6518747287258164,-1.7542195327335115,False,False,0.0001286960273188169,fit:association,-80.0,-80.0,0.03610069817580403,0.006008458410488704,34364.41003205196
N50,scan-fw-13bf031ee61be179,2026-10-02T04:51:12.924024-07:00,165827,gaussian30,fitted-c,True,1.8240188268540405,1.8240188268540405,0,92.5976421366706,0.8978739006584635,True,37.850375025142824,-122.4650479518761,1.9788591950648335,2944.71346759448,0.9783101221244119,31787.338050820872,31796.525284513787,-0.09090074812910888,-0.7276893847693112,-1.159640386056679,-0.9715895045318629,-2.689848750896754,-0.21593149150455182,-2.1758085985162396,-0.27815340252393483,False,False,3.4614545635524045e-05,fit:association,-80.0,-80.0,0.0026889739335818523,0.006008458410488704,31789.316910015936
N50,scan-fw-13bf031ee61be179,2026-10-02T04:51:12.924024-07:00,165827,smooth30,zero-c,True,3.4940962545213003,3.4940962545213003,0,167.82836386324766,0.3280376799658339,True,37.849893856761796,-122.44597406965323,2.1663926204491872,2694.64542662043,0.895231038744329,34370.7873891621,34379.752428210006,-1.6126182405678018,-2.332698442349002,-2.628702894727441,-2.496852687043132,-3.4723851014436895,-1.6415172139826595,-3.7129175212497154,-1.7917032529201542,False,False,0.00010374443187538638,fit:association,-80.0,-80.0,0.0,0.0,34372.95378178255
N50,scan-fw-13bf031ee61be179,2026-10-02T04:51:12.924024-07:00,165827,smooth30,fitted-c,True,1.8319747280385477,1.8319747280385477,0,93.03860572391268,1.3518740371213536,True,37.85049420869205,-122.4649697024844,1.9790958611483802,2944.4911648102043,0.9782362673788054,31795.532193618223,31804.309935906826,-0.14988471209877335,-0.8334820865152316,-1.165969366258413,-0.9976363312093615,-2.0096515729746613,-0.17878368551363144,-2.2137011654159453,-0.29248689708638387,False,False,4.174777260574497e-05,fit:association,-80.0,-80.0,0.0,0.0,31797.51128947937
N51,scan-fw-1539afafac190b22,2026-10-02T05:21:20.276544-07:00,165828,hard30,zero-c,True,4.195307493945817,4.195307493945817,0,165.77879858245765,2.496482918156379,True,37.86414582747318,-122.44195727661993,2.3869307420027326,2795.7315827701636,0.8739392256236835,37045.510263121716,37059.55891685562,-0.08739320389564788,0.36224618810003095,6.459807868935997,6.582659538527944,4.627684929590422,7.967250177887423,6.096173778182238,7.075053042087921,False,False,0.000260145629816827,fit:association,-80.0,-80.0,0.0,0.0,37047.89719386372
N51,scan-fw-1539afafac190b22,2026-10-02T05:21:20.276544-07:00,165828,hard30,fitted-c,True,2.92410022314505,2.92410022314505,0,104.15994626312877,2.783783478092548,True,37.85787455619145,-122.45437830277893,2.0330212242988637,3100.811336128675,0.9693064508060879,34470.66783976568,34484.36258398188,-0.1798389551740796,0.18754440650093634,6.3673621176575645,6.407957756928849,4.53523917831199,7.874804426608991,5.9214719965831435,6.900351260488827,False,False,0.00032390184264863287,fit:association,-80.0,-80.0,0.0,0.0,34472.70086098998
N51,scan-fw-1539afafac190b22,2026-10-02T05:21:20.276544-07:00,165828,gaussian60,zero-c,True,3.803480605255508,3.803480605255508,1,171.1696541430865,3.803480605255508,True,37.86418684317349,-122.44690101874741,2.3864479494083617,2845.8364732092723,0.8896018984711699,37005.65590571104,37017.11253556523,0.2712084001488875,-0.30284493650606037,7.095229216730537,7.05369647422933,5.22786483680126,8.206690414498754,6.51562862053075,8.654298708261559,False,False,0.00015971248043006314,fit:own-continuation,-82.5,-87.5,0.0002065863148483485,0.12585745204125545,37008.04235366045
N51,scan-fw-1539afafac190b22,2026-10-02T05:21:20.276544-07:00,165828,gaussian60,fitted-c,True,2.4268721561195887,2.4268721561195887,1,105.00924010774864,2.4268721561063913,True,37.85340092597736,-122.45866729352308,1.8830862516393028,3101.6102812797326,0.9695561992121703,34487.52218128357,34498.47707551292,-0.5940017356759755,-1.055125267910691,6.230019080905675,6.301416142824699,4.362654700976398,7.341480278673891,5.763348289126119,7.902018376856928,False,False,0.000152774968562415,fit:own-continuation,-82.5,-87.5,0.0018326592412120988,0.12585745204125545,34489.405267535214
N51,scan-fw-1539afafac190b22,2026-10-02T05:21:20.276544-07:00,165828,smooth60,zero-c,True,4.50686601950343,4.50686601950343,0,166.4964866240651,2.634104558758708,True,37.86613294463849,-122.43919837494394,2.4691230419193744,2787.807577820114,0.8714622000062876,37095.01929202692,37106.14008423322,4.894235448768271,5.074747959960682,6.479409628730814,6.571367513043217,5.0650797095071685,7.428522158066858,6.002299260622209,7.099355174494475,False,False,7.593904252804805e-05,fit:association,-70.0,-90.0,0.0,0.0,37097.48841506884
N51,scan-fw-1539afafac190b22,2026-10-02T05:21:20.276544-07:00,165828,smooth60,fitted-c,True,3.036456008569764,3.036456008569764,0,109.03305847678648,1.3302141411208828,True,37.858507741804935,-122.45330765360303,2.056472703930922,3095.45973748965,0.967633553450969,34582.36740168895,34593.075543557265,4.78681495175592,4.869491163801195,6.371989131718463,6.36611071688373,4.957659212494818,7.321101661054508,5.797042464462722,6.894098378334988,False,False,0.00014518237204699152,fit:association,-70.0,-90.0,0.0,0.0,34584.42387439288
N51,scan-fw-1539afafac190b22,2026-10-02T05:21:20.276544-07:00,165828,gaussian30,zero-c,True,4.1953916762927,4.1953916762927,1,165.7782972778515,4.1953916762927,True,37.86414802465765,-122.44195744419115,2.386961023594147,2795.716648092381,0.873934557077956,37045.560580681464,37060.005781880864,-0.08385816859778106,0.36637508551710496,6.45955507420744,6.582362021815514,4.629378034744329,7.966281106329234,6.095181494460497,7.075527529114814,False,False,0.0007027349368497471,fit:association,-80.0,-80.0,0.0007063144786411993,0.4072737522917561,37047.947541705056
N51,scan-fw-1539afafac190b22,2026-10-02T05:21:20.276544-07:00,165828,gaussian30,fitted-c,True,2.923912407866357,2.923912407866357,1,104.16428469258857,2.9239124077654948,True,37.85787523148762,-122.45438087775614,2.0329890043697754,3100.807875060431,0.969305368884161,34470.765069277375,34484.85593134166,-0.17625452387725035,0.1917656407365491,6.367158718927971,6.407752577034958,4.53698167946486,7.873884751049765,5.920572049679941,6.900918084334259,False,False,0.0004385097613025177,fit:association,-80.0,-80.0,0.0003391985907714772,0.4072737522917561,34472.79805828175
N51,scan-fw-1539afafac190b22,2026-10-02T05:21:20.276544-07:00,165828,smooth30,zero-c,True,3.782236196970063,3.782236196970063,0,171.09042329070726,3.430709985540443,True,37.86474324256994,-122.4475289767378,2.4079640191266662,2855.7136195523667,0.8926894715699802,36965.28011746069,36981.190909713114,0.9872435654688215,0.6828901731827072,7.2715175892054615,7.228301271209379,3.5526050703429477,8.336718283463927,6.956792175909591,8.056377343863186,False,False,0.0001531213363065581,fit:association,-82.5,-82.5,0.0,0.0,36967.68808147981
N51,scan-fw-1539afafac190b22,2026-10-02T05:21:20.276544-07:00,165828,smooth30,fitted-c,True,2.5431827979084165,2.5431827979084165,0,100.33432324061556,1.7141449703186276,True,37.85414350919357,-122.45751485530295,1.9219505760338507,3104.4843952370366,0.9704546405867572,34386.92274222446,34402.34752103379,0.07554836123823973,-0.13112634639714613,6.35982238497488,6.414284751629526,2.640909866112366,7.4250230792333465,6.142775656329738,7.242360824283335,False,False,0.00021388494277415487,fit:association,-82.5,-82.5,0.0,0.0,34388.84469280049
N52,scan-fw-1f4c41c62e2d00ff,2026-10-02T06:06:31.724274-07:00,165828,hard30,zero-c,True,1.0809296575421354,1.0809296575421354,0,146.76831038224745,1.080929657332782,True,37.839369360283804,-122.4847247145089,27.108432336273836,2937.60134265111,0.8668047632490734,39401.938633611615,39437.35680437683,-0.3426185387182819,-0.19302432790254004,0.8021714810875029,1.1224933537819424,-0.6411386290929675,1.5877157155678598,0.1986986420817891,2.4304391501295903,False,False,0.00028827225168212957,fit:own-continuation,-82.5,-82.5,0.0,0.0,39429.04706594789
N52,scan-fw-1f4c41c62e2d00ff,2026-10-02T06:06:31.724274-07:00,165828,hard30,fitted-c,True,1.118699605848044,1.118699605848044,0,92.81126287353167,1.118699605848044,True,37.84074480249323,-122.47857606587624,26.70271020085056,3126.8260778542085,0.9226397397032188,37550.818312278716,37585.83076090851,0.5258919713201596,0.6389289428056338,1.6706819911259445,1.9544466244901164,0.22737188094547411,2.4562262256063017,1.0306519127899632,3.2623924208377644,False,False,8.714413599407228e-05,fit:association,-82.5,-82.5,0.0,0.0,37577.52102247957
N52,scan-fw-1f4c41c62e2d00ff,2026-10-02T06:06:31.724274-07:00,165828,gaussian60,zero-c,True,1.0816832986525233,1.0816832986525233,0,146.75462951949095,1.0816832986525233,True,37.83936318020638,-122.48471538039651,27.10901155042858,2937.540747524522,0.866786883306144,39401.84240414374,39437.32112408554,-0.32124875553216214,-0.15998372205797357,0.7955780462978652,1.1168852329816632,-0.6369923330767904,1.5671444704845185,0.16624096247434128,2.430917624133858,False,False,0.0007410063774888759,fit:association,-82.5,-82.5,0.00016099444281810724,0.003597120542037376,39428.951415694166
N52,scan-fw-1f4c41c62e2d00ff,2026-10-02T06:06:31.724274-07:00,165828,gaussian60,fitted-c,True,1.1186805274068732,1.1186805274068732,0,92.80111641080742,0.5875166445677147,True,37.84074603467609,-122.4785741641095,26.7023220995759,3126.809295068107,0.9226347875680457,37550.76446038997,37585.837273469,0.5489881517866146,0.6734077745541345,1.665814953616642,1.9502767295937713,0.2332445742419864,2.4373813778032956,0.9996324590864494,3.264309120745966,False,False,4.5946752041757695e-05,fit:association,-82.5,-82.5,0.0009435825270400439,0.003597120542037376,37577.466782489544
N52,scan-fw-1f4c41c62e2d00ff,2026-10-02T06:06:31.724274-07:00,165828,smooth60,zero-c,True,1.0816874877572045,1.0816874877572045,0,146.7546043683159,1.0816874877572045,True,37.83936314470213,-122.48471534594438,27.109020396594133,2937.540552882886,0.8667868258727902,39401.842338400456,39437.317393983314,-0.32150314318290085,-0.16023210749355685,0.7955442489376411,1.1168510427395906,-0.6370482781619554,1.5671289718343355,0.16622869923316552,2.430863899802927,False,False,0.000122288665324162,fit:association,-82.5,-82.5,0.0,0.0,39428.95135879705
N52,scan-fw-1f4c41c62e2d00ff,2026-10-02T06:06:31.724274-07:00,165828,smooth60,fitted-c,True,1.1186703917738916,1.1186703917738916,0,92.80110118477825,0.8639693434896608,True,37.84074615779345,-122.47857414040948,26.70228825482627,3126.8092639176684,0.9226347783764144,37550.763732819905,37585.832056260995,0.5489117489138918,0.673337891276054,1.6659591410344339,1.9504210415092014,0.23336661393483737,2.437543863931128,0.9997986980027763,3.2644338985725376,False,False,5.301639764723428e-05,fit:association,-82.5,-82.5,0.0,0.0,37577.46602107473
N52,scan-fw-1f4c41c62e2d00ff,2026-10-02T06:06:31.724274-07:00,165828,gaussian30,zero-c,True,1.0774369886623174,1.0774369886623174,0,146.769609074288,0.872840403760798,True,37.839410214158335,-122.48459294201457,27.112403593657607,2937.3925521399055,0.8667431549542359,39402.92014801594,39437.80070049853,-0.1635374375420302,0.0048388398080646666,0.7845273278488285,1.1087267671058552,-0.5729340836689649,1.529288044045644,0.1892100594521191,2.404052842564105,False,False,0.0007140915749457022,fit:association,-82.5,-82.5,0.0001338395392425077,0.010586976777047178,39430.0325516096
N52,scan-fw-1f4c41c62e2d00ff,2026-10-02T06:06:31.724274-07:00,165828,gaussian30,fitted-c,True,1.127750017670483,1.127750017670483,0,92.99160294892732,0.8837834830298001,True,37.84073624764583,-122.47841021387926,26.7102837924301,3126.747751473362,0.9226166277584426,37554.37430163396,37588.85854261747,0.7026143433139299,0.8335234985349059,1.6506791087047885,1.9374114258326962,0.2932176971869951,2.395439824901604,1.0178947181789602,3.232737501290946,False,False,0.00010438313756165607,fit:association,-82.5,-82.5,0.005942141690201672,0.010586976777047178,37581.08458542639
N52,scan-fw-1f4c41c62e2d00ff,2026-10-02T06:06:31.724274-07:00,165828,smooth30,zero-c,True,1.5142501830532893,1.5142501830532893,1,150.46946387657442,1.5142501830532893,True,37.835460624671754,-122.48674145193591,66.43173131113144,2859.519889416546,0.8437650898248882,40084.79662065624,40162.127848384036,-2.86705847204157,-2.5851319863068314,0.00035481787854196867,0.4623640228001662,-1.7103855986465066,1.542777812038933,-0.5466947107367839,1.9897894853410123,False,False,0.00012541279401505226,fit:association,-67.5,-72.5,0.0,0.0,40151.22835196737
N52,scan-fw-1f4c41c62e2d00ff,2026-10-02T06:06:31.724274-07:00,165828,smooth30,fitted-c,True,1.6148679953197898,1.6148679953197898,1,104.07241403259283,1.6148679952877012,True,37.83782391009061,-122.47409742104666,66.88122218868375,3111.849888048576,0.9182206810411849,38151.391297017486,38229.17201562283,-1.96252207165364,-1.74061336892096,0.9048912182664719,1.3068826401860376,-0.8058491982585767,2.447314212426863,0.29782390664908753,2.834308102726884,False,False,0.0007251009184862517,fit:association,-67.5,-72.5,0.0,0.0,38218.27251920617
N53,scan-fw-d978013ef35e92ed,2026-10-02T07:06:47.194029-07:00,165828,hard30,zero-c,True,1.4487404104086863,1.4487404104086863,0,163.3191117738958,1.3549659169222805,True,37.84208889946138,-122.47181314506442,1.6989893010249943,3253.770562563706,0.9264722558552694,39962.4469180956,39973.23524572293,1.3382531992778248,1.5873442888006297,3.7935781964660613,1.6780597140675588,2.4346154289989963,4.874610587936035,0.6339077956462418,2.410340708443532,False,False,0.00036615733880974804,fit:association,-92.5,-77.5,0.0,0.0,39964.145907396625
N53,scan-fw-d978013ef35e92ed,2026-10-02T07:06:47.194029-07:00,165828,hard30,fitted-c,True,1.0900625839618017,1.0900625839618017,0,85.30648428301251,1.0300184842200322,True,37.84944521543712,-122.47334976726894,1.5330436005315278,3402.3992654505773,0.9687925015519867,37545.089377923025,37555.71175984986,0.6360676366147905,0.7092120716864163,3.091392633803027,0.7999274969533454,1.732429866335962,4.172425025273,-0.24422442146797163,1.5322084913293188,False,False,5.903042543857235e-05,fit:association,-92.5,-77.5,0.0,0.0,37546.622421523556
N53,scan-fw-d978013ef35e92ed,2026-10-02T07:06:47.194029-07:00,165828,gaussian60,zero-c,True,1.495553477427217,1.495553477427217,0,163.66266399855118,1.495553477427217,True,37.84163495729085,-122.47155019882952,1.7201391020327077,3259.2845468011783,0.9280422969251647,39954.11304663514,39965.201622541914,1.1857997590193015,1.4226036969911433,3.8372992974903193,1.733011467249127,2.8826354053651437,4.823284630056638,0.7188504319987121,2.761859316775772,False,False,0.00044747052908520116,fit:association,-92.5,-77.5,0.004287402933978878,0.008908503482935691,39955.833185737174
N53,scan-fw-d978013ef35e92ed,2026-10-02T07:06:47.194029-07:00,165828,gaussian60,fitted-c,True,1.110712715801379,1.110712715801379,0,85.17042986933308,0.9129282317346512,True,37.84856165560801,-122.47312039894419,1.560505627943532,3403.1057926118447,0.9689936767118009,37539.55511768778,37550.48011325664,0.3496937767024032,0.3874861968482905,3.001193315173421,0.6978939671062743,2.0465294230482454,3.98717864773974,-0.31626706814414063,1.7267418166329196,False,False,7.89564266636747e-05,fit:association,-92.5,-77.5,0.00034053911276542796,0.008908503482935691,37541.11562331572
N53,scan-fw-d978013ef35e92ed,2026-10-02T07:06:47.194029-07:00,165828,smooth60,zero-c,True,1.4955508209835937,1.4955508209835937,0,163.6627393944829,0.8549172703355667,True,37.84163511520234,-122.47155010278735,1.7201340370229445,3259.284978569496,0.9280424198660296,39954.11339144533,39965.18866775332,1.185751920379409,1.4225734588605623,3.837433156605558,1.7331552221526574,2.882795172203184,4.823376587801613,0.718988039632726,2.7620242816408744,False,False,0.00033516392213070933,fit:association,-92.5,-77.5,0.0,0.0,39955.833525482354
N53,scan-fw-d978013ef35e92ed,2026-10-02T07:06:47.194029-07:00,165828,smooth60,fitted-c,True,1.1107042922316928,1.1107042922316928,0,85.1705002936782,0.3598513596230693,True,37.848561722454875,-122.47312049079632,1.5605028332356596,3403.1056786592862,0.9689936442651726,37539.5567252697,37550.4723703739,0.3495451432161602,0.38734308896484637,3.0012263794423095,0.6979248522569415,2.0465883950399353,3.987169810638364,-0.31624233026299,1.7267939117451583,False,False,0.0001992037363581382,fit:own-continuation,-92.5,-77.5,0.0,0.0,37541.117228102936
N53,scan-fw-d978013ef35e92ed,2026-10-02T07:06:47.194029-07:00,165828,gaussian30,zero-c,True,1.4487069735394777,1.4487069735394777,0,163.31785890257407,1.2783458031194508,True,37.84208808057714,-122.4718142521451,1.699007984592024,3253.7614991735663,0.9264696751633161,39962.445765104145,39973.285635614615,1.3382946099458435,1.587257898360754,3.792881501812452,1.6773066816713795,2.4337783340121044,4.873971101810758,0.6331879858936289,2.4094739596625905,False,False,6.883154528525563e-05,fit:association,-92.5,-77.5,0.02155210049459347,0.03016552796549551,39964.14477308874
N53,scan-fw-d978013ef35e92ed,2026-10-02T07:06:47.194029-07:00,165828,gaussian30,fitted-c,True,1.090092474190877,1.090092474190877,0,85.30621686330154,0.9955107617080101,True,37.84944489947626,-122.4733494107216,1.5330565148773068,3402.3998611398556,0.9687926711673849,37545.08292400549,37555.73983552775,0.6366121468215167,0.7096769505940574,3.091199038688125,0.7997257339046829,1.7320958708877776,4.172288638686432,-0.2443929618730677,1.531893011895894,False,False,5.981371598949223e-05,fit:association,-92.5,-77.5,0.0045445819984259025,0.03016552796549551,37546.615980520364
N53,scan-fw-d978013ef35e92ed,2026-10-02T07:06:47.194029-07:00,165828,smooth30,zero-c,True,1.448740411411399,1.448740411411399,0,163.31911147477817,1.287334887292928,True,37.842088897158455,-122.47181314689675,1.6989893476784346,3253.770560824003,0.9264722553599097,39962.44691734986,39973.23524489005,1.3382531074392168,1.5873441967941977,3.793578151163179,1.6780595994679757,2.4346154451671413,4.874610478904954,0.6339076160097492,2.4103407044882945,False,False,3.1646094176218664e-05,fit:association,-92.5,-77.5,0.0,0.0,39964.14590669754
N53,scan-fw-d978013ef35e92ed,2026-10-02T07:06:47.194029-07:00,165828,smooth30,fitted-c,True,1.0900625544686862,1.0900625544686862,0,85.30648432038102,1.0900625544686862,True,37.84944521540276,-122.4733497676034,1.533043598792574,3402.3992653066107,0.9687925015109939,37545.08937918799,37555.7117609793,0.6360676169768059,0.7092120877484013,3.091392660700768,0.7999274904221791,1.7324299547047302,4.172424988442542,-0.24422449303604732,1.532208595442498,False,False,4.833040926492671e-05,fit:association,-92.5,-77.5,0.0,0.0,37546.622422786786
N54,scan-fw-66329fd881ebee63,2026-10-02T08:07:01.501145-07:00,165829,hard30,zero-c,True,1.1488129113181285,1.1488129113181285,0,140.48066500632174,1.0613520304901396,True,37.8400694241277,-122.49220906140481,6.635731338363257,3014.54218280525,0.882218958971393,39842.68523686724,39852.70716439847,2.9654728862238744,2.211074611091721,0.6771312423753892,-0.8930110909341256,0.14990475126051184,1.5037090627948335,-1.3605702685845007,-0.01820922362534405,False,False,0.00018006388286900387,fit:own-continuation,-85.0,-85.0,0.0,0.0,39849.320968205604
N54,scan-fw-66329fd881ebee63,2026-10-02T08:07:01.501145-07:00,165829,hard30,fitted-c,True,1.7967927871855303,1.7967927871855303,0,112.16522688740292,0.8628442285779282,True,37.83431393217988,-122.49413290772557,6.9658911129736225,3248.077350274392,0.9505640474903108,38371.189571953095,38381.54165925893,2.701423142870124,2.12703798009475,0.4130814990216387,-0.9770477219310969,-0.1141449920932387,1.239659319441083,-1.444606899581472,-0.10224585462231539,False,False,7.560436992427389e-05,fit:association,-85.0,-85.0,0.0,0.0,38378.15546306607
N54,scan-fw-66329fd881ebee63,2026-10-02T08:07:01.501145-07:00,165829,gaussian60,zero-c,True,1.6051238495364608,1.6051238495364608,0,141.28866333876897,1.5576204526365516,True,37.86001818276613,-122.47385968527433,18.992623721054898,2991.59583998572,0.8755036113508107,40001.68926024651,40029.31429679486,1.612836538787926,0.8303228163737177,-0.1223690905961563,-1.0027776925906005,-2.0547317860543766,1.069773377359377,-1.5691576107663536,-0.2802257514437765,False,False,5.1696161907129415e-05,fit:association,-82.5,-77.5,0.00411334710030025,0.007963995065264315,40020.68188396756
N54,scan-fw-66329fd881ebee63,2026-10-02T08:07:01.501145-07:00,165829,gaussian60,fitted-c,True,0.6197959697943848,0.6197959697943848,0,110.07674962435644,0.5490327869137606,True,37.84349354253319,-122.48530739092506,19.272335483186854,3217.7134879355103,0.9416779303293855,38504.35902652508,38532.26409171985,1.7135114269734464,0.7797843929324237,-0.02169420241063591,-1.0533161160318945,-1.9540568978688562,1.1704482655448973,-1.6196960342076476,-0.3307641748850705,False,False,0.0001940982986128742,fit:association,-82.5,-77.5,0.004430231387286957,0.007963995065264315,38523.631362008266
N54,scan-fw-66329fd881ebee63,2026-10-02T08:07:01.501145-07:00,165829,smooth60,zero-c,True,1.0022227090832918,1.0022227090832918,0,140.76362228794412,0.8125008763487851,True,37.84096214738754,-122.49077618849003,6.623832539451541,3013.236504063042,0.8818368463749026,39851.4537732227,39862.26919907437,2.5436447647654714,1.2383823667959597,0.4541254803816832,-1.0417862677081497,-0.34259833581377575,1.5199185933229928,-1.5660069844287157,-0.21809216677920373,False,False,0.0001055199986803822,fit:association,-85.0,-85.0,0.0,0.0,39858.077605762155
N54,scan-fw-66329fd881ebee63,2026-10-02T08:07:01.501145-07:00,165829,smooth60,fitted-c,True,1.714989387534318,1.714989387534318,0,111.83341061699551,0.7299818643153151,True,37.83484134868187,-122.49333282867165,6.954994345316663,3249.466090715413,0.950970468456369,38357.901017533695,38369.04760519123,2.3844500779502353,1.2524467133141262,0.29493079356644714,-1.0277219211899833,-0.5017930226290118,1.3607239065077568,-1.5519426379105492,-0.20402782026103727,False,False,0.00010490232548819589,fit:association,-85.0,-85.0,0.0,0.0,38364.85601187901
N54,scan-fw-66329fd881ebee63,2026-10-02T08:07:01.501145-07:00,165829,gaussian30,zero-c,True,1.9831792113220446,1.9831792113220446,0,138.0613841208433,1.3433990376562865,True,37.836522496596785,-122.50182236332068,26.515964673998948,3016.7485646334317,0.8828646662667344,39860.47932649993,39894.98897455174,-0.4142019573241772,-0.3397896242497319,1.0839755298396763,-0.9040373539149266,0.23661880848122852,2.3653973901754215,-2.7085313463758447,-0.07239378306267918,False,False,0.00039778080265077953,fit:association,-95.0,-85.0,0.0014351012509947673,0.012814556417384628,39886.99529117393
N54,scan-fw-66329fd881ebee63,2026-10-02T08:07:01.501145-07:00,165829,gaussian30,fitted-c,True,2.0980665193743318,2.0980665193743318,0,112.17324197424885,0.6228276678571001,True,37.83354872670626,-122.49936552341521,27.013202600750848,3241.807180671797,0.9487290549229725,38467.336020009185,38502.3451426966,-0.7483207407972751,-0.4175860260928423,0.7498567463665785,-0.981833755758037,-0.09749997499186924,2.031278606702324,-2.7863277482189552,-0.15019018490578961,False,False,0.0004341851872009389,fit:association,-95.0,-85.0,0.003671810101476972,0.012814556417384628,38494.34922260993
N54,scan-fw-66329fd881ebee63,2026-10-02T08:07:01.501145-07:00,165829,smooth30,zero-c,True,1.9084281837082693,1.9084281837082693,1,138.11307402349425,0.1930168215676433,True,37.83714880623495,-122.50140689430285,26.496256989477843,3016.929003860574,0.8829174725960123,39860.30111829928,39897.05821963197,-2.5539734293588987,-2.8419384277612405,1.0051162040014145,-0.9743402510654988,-0.39511585690345785,2.370494864494767,-2.446041657227142,-0.17038233480794163,False,False,0.0004000243989190355,fit:association,-97.5,-82.5,0.0,0.0,39886.797375288756
N54,scan-fw-66329fd881ebee63,2026-10-02T08:07:01.501145-07:00,165829,smooth30,fitted-c,True,2.075637990157229,2.075637990157229,1,111.79499182784595,0.5070997644505711,True,37.83386146273891,-122.49948465431517,27.01074229428923,3244.178722245403,0.9494230969404165,38449.43110446896,38486.70269110646,-2.85950837798812,-2.876562833173403,0.6995812553721934,-1.0089646564776613,-0.700650805532679,2.064959915865546,-2.4806660626393047,-0.20500674022010412,False,False,5.691820594658746e-05,fit:association,-97.5,-82.5,0.0,0.0,38476.44184676325
N55,scan-fw-24e4cce6dec7f82e,2026-10-02T09:52:29.290029-07:00,165829,hard30,zero-c,True,0.8214185053091068,0.8214185053091068,0,153.67373192028853,0.8214185052938687,True,37.84760146256021,-122.47658295390242,125.53655550143594,2937.53960199917,0.8364292716398548,41595.93000513776,41734.5378892563,4.9367123888166455,5.277075632526026,16.347532917971293,11.638557210091617,14.948020268223562,18.294896899001184,10.448065039461186,12.884119969360658,False,False,0.0002506560025861415,fit:association,-85.0,-85.0,0.0,0.0,41721.46656063919
N55,scan-fw-24e4cce6dec7f82e,2026-10-02T09:52:29.290029-07:00,165829,hard30,fitted-c,True,0.9048904034726806,0.9048904034726806,0,130.31682697877702,0.9048904034726806,True,37.845005938748585,-122.49469339164078,125.38379648488626,3081.725139622496,0.8774843791635809,40511.43535450577,40649.89047960776,5.473891790720961,6.690538856609263,16.884712319875607,13.052020434174853,15.485199670127876,18.8320763009055,11.861528263544422,14.297583193443893,False,False,0.00013961717475227675,fit:association,-85.0,-85.0,0.0,0.0,40636.819150990654
N55,scan-fw-24e4cce6dec7f82e,2026-10-02T09:52:29.290029-07:00,165829,gaussian60,zero-c,True,0.8925626551118235,0.8925626551118235,0,153.95000709953845,0.8925626551118235,True,37.84767209040326,-122.47574175552239,115.69108875996258,2931.926954394683,0.834831137356117,41581.37457984884,41708.091788831116,1.1738466484335783,0.6140875824529453,16.454708139829766,11.657949244193704,14.911464935466814,18.103981378695646,10.252738999270214,12.463640054594714,False,False,7.014281411366063e-06,fit:association,-87.5,-77.5,0.0021937743912020594,0.4443395104036278,41697.065668608804
N55,scan-fw-24e4cce6dec7f82e,2026-10-02T09:52:29.290029-07:00,165829,gaussian60,fitted-c,True,0.8382584106733189,0.8382584106733189,0,131.11466706918338,0.35875263606490715,True,37.84867657531268,-122.49528979465063,115.94098642015572,3088.0386234980133,0.8792820681941951,40459.6184162805,40586.59366090287,1.8071314281424309,2.235996295855897,17.087992919538618,13.279857957596654,15.544749715175666,18.7372661584045,11.874647712673164,14.085548767997665,False,False,0.0004524050103206223,fit:association,-87.5,-77.5,0.010331754292076743,0.4443395104036278,40575.55940270066
N55,scan-fw-24e4cce6dec7f82e,2026-10-02T09:52:29.290029-07:00,165829,smooth60,zero-c,True,1.1331025894113935,1.1331025894113935,0,156.0945728326054,1.034641956057173,True,37.84348386169227,-122.47495070800834,144.36084671220306,2967.284459111102,0.8448987639837989,41616.50586942643,41768.69238018947,3.879899554941429,3.0364208712924583,16.461605904255205,12.180625753706066,15.162902680085216,17.50473149149617,11.470572942030296,13.096783569121994,False,False,0.00021822597718595786,fit:own-continuation,-85.0,-85.0,0.0,0.0,41760.86671613863
N55,scan-fw-24e4cce6dec7f82e,2026-10-02T09:52:29.290029-07:00,165829,smooth60,fitted-c,True,0.8232749784770766,0.8232749784770766,0,132.64420369466228,0.7765956974576886,True,37.84438676371095,-122.49303111019802,144.37510629014287,3109.092980588806,0.8852770445867898,40539.377159769785,40691.57793011077,4.265956614931476,3.9852585383850627,16.847662964245252,13.12946342079867,15.548959740075263,17.890788551486217,12.4194106091229,14.045621236214599,False,False,0.00035886427471676363,fit:association,-85.0,-85.0,0.0,0.0,40683.75226605993
N55,scan-fw-24e4cce6dec7f82e,2026-10-02T09:52:29.290029-07:00,165829,gaussian30,zero-c,True,0.9027779792155824,0.9027779792155824,0,156.25712313994708,0.9027779792155824,True,37.846050204927515,-122.47620397296882,143.6410236560017,2977.333991252674,0.8477602480787796,41587.02649719204,41741.998038052865,1.6565012507433772,1.2069022108355358,16.857569120825477,12.57019616544286,15.386969943410516,17.810861984060853,11.646217488178115,13.780230740905273,False,False,0.00038643827373444073,fit:association,-85.0,-85.0,0.021003046701170383,1.8009845694482889,41730.667520848045
N55,scan-fw-24e4cce6dec7f82e,2026-10-02T09:52:29.290029-07:00,165829,gaussian30,fitted-c,True,0.7361865001922344,0.7361865001922344,0,131.34530563779745,0.6339925992798202,True,37.846324480865654,-122.49339226347689,143.2038660615814,3116.361080672881,0.8873465491665379,40485.991333130725,40640.53894874369,1.8152251881222148,1.8846846338422576,17.016293058204315,13.247978588449582,15.545693880789354,17.96958592143969,12.323999911184837,14.458013163911994,False,False,0.00020272850981492563,fit:association,-85.0,-85.0,0.03423539326317228,1.8009845694482889,40629.195199192305
N55,scan-fw-24e4cce6dec7f82e,2026-10-02T09:52:29.290029-07:00,165829,smooth30,zero-c,True,0.9134998390640273,0.9134998390640273,0,155.9794456197491,0.9134998390526968,True,37.84556290475702,-122.47633862851283,142.44196530753834,2978.0875247429676,0.8479748077286354,41577.0616456919,41726.705322615,2.037261816786746,2.1422112817044545,16.846412733212873,12.497246137536074,15.532892943410909,17.485785247312243,11.578997289020396,13.387303229857347,False,False,0.0009510527547352543,fit:association,-85.0,-85.0,0.0,0.0,41719.50361099944
N55,scan-fw-24e4cce6dec7f82e,2026-10-02T09:52:29.290029-07:00,165829,smooth30,fitted-c,True,0.7577017044635185,0.7577017044635185,0,132.2039943872434,0.6618344679057807,True,37.845375727525706,-122.49301718728687,142.7356240708832,3118.0202268508992,0.8878189711990032,40502.62689389224,40652.56422957868,2.2315517522562023,2.871099116033174,17.040702668682332,13.226133971864792,15.727182878880368,17.680075182781703,12.307885123349115,14.116191064186065,False,False,0.0001598516231633932,fit:own-continuation,-85.0,-85.0,0.0,0.0,40645.36251796312
N56,scan-fw-79c83446be2feec3,2026-10-02T10:22:37.285513-07:00,165829,hard30,zero-c,True,2.7286647123939334,2.7286647123939334,0,126.4132464225697,2.7286647123939334,True,37.86219533054798,-122.51200443298269,32.925581308947585,3118.767738440015,0.8610623242517987,42053.635650521566,42103.55347971545,-4.308750744241659,-2.5411804911306026,-17.606295803391824,-11.49071178668039,-19.890156763254893,-15.647655321920023,-12.443241475278521,-10.573666279659633,False,False,0.00011547957088576296,fit:association,-92.5,-82.5,0.0,0.0,42086.561231830514
N56,scan-fw-79c83446be2feec3,2026-10-02T10:22:37.285513-07:00,165829,hard30,fitted-c,True,4.608421122437767,4.608421122437767,0,125.89614896790948,2.9386949031109544,True,37.88834410437015,-122.5024698533258,14.80630120652495,3150.7581725879295,0.8698945810568552,41839.00605344625,41876.798417199585,7.230869318015073,4.471514693711322,-18.643608708813378,-12.098585964617579,-20.160467440668487,-15.131531709678525,-13.664159229455201,-10.72822836902487,False,False,6.56045050225028e-05,fit:own-continuation,-77.5,-77.5,0.0,0.0,41853.81235465277
N56,scan-fw-79c83446be2feec3,2026-10-02T10:22:37.285513-07:00,165829,gaussian60,zero-c,True,2.437015237497038,2.437015237497038,0,144.63842272426555,2.437015237483327,True,37.82776767626022,-122.49235044614281,104.0710460875137,3167.8359342540975,0.8746095897995851,42354.0517039047,42485.453223158234,-2.721177640073263,-1.664335201824052,-12.450808776770215,-7.021530003398968,-14.467079487137916,-7.634724128074616,-9.232494266395955,-6.071739401767083,False,False,0.00024463010121670084,fit:association,-87.5,-87.5,0.01271852426608175,0.15420657274775518,42458.12274999221
N56,scan-fw-79c83446be2feec3,2026-10-02T10:22:37.285513-07:00,165829,gaussian60,fitted-c,True,5.062833506472057,5.062833506472057,0,138.60860788620366,5.062833506472057,True,37.807411458665534,-122.46245153509221,104.18206645991604,3215.5517999086787,0.8877834897594364,42032.42913319464,42163.93027665771,-0.8939099956642887,-0.5087376915732957,-10.623541132361241,-5.865932493148211,-12.639811842728943,-5.807456483665643,-8.0768967561452,-4.916141891516326,False,False,5.713871976383532e-05,fit:association,-87.5,-87.5,0.001322361398969818,0.15420657274775518,42136.61119965455
N56,scan-fw-79c83446be2feec3,2026-10-02T10:22:37.285513-07:00,165829,smooth60,zero-c,True,9.11774499035419,9.11774499035419,0,131.89194689205493,2.4432509650996943,True,37.81953487252479,-122.38889456796151,27.253346182551468,3109.173181302808,0.8584133576208747,42056.60549460474,42107.64611295371,0.28827150352499165,0.7188351959271762,-16.93110907384264,-9.553745326892184,-20.11282482719405,-14.95409551519148,-11.47258405401653,-8.358096123151572,False,False,0.00015902686039794608,fit:association,-77.5,-82.5,0.0,0.0,42083.85884078729
N56,scan-fw-79c83446be2feec3,2026-10-02T10:22:37.285513-07:00,165829,smooth60,fitted-c,True,9.34609344292214,9.34609344292214,0,116.77097783759604,4.023923932366439,True,37.81599414223363,-122.38791375467808,27.244719860995247,3138.2555199694248,0.8664427167226463,41616.89554709208,41667.9275391195,-0.08846815219442881,0.0852541520270825,-17.307848729562064,-10.187326370792276,-20.489564482913472,-15.330835170910902,-12.106165097916621,-8.991677167051664,False,False,2.180444754281384e-05,fit:association,-77.5,-82.5,0.0,0.0,41644.14026695307
N56,scan-fw-79c83446be2feec3,2026-10-02T10:22:37.285513-07:00,165829,gaussian30,zero-c,True,9.288469707232075,9.288469707232075,0,134.7436137104303,2.6339141425862507,True,37.8165340764355,-122.38833567893833,59.31845077220047,3107.4672309409125,0.8579423608340454,42212.252831736376,42282.96559307439,-4.596801451994732,-2.8986381569486657,-16.83199557763779,-9.306868629466933,-17.8599195094402,-16.184963449144888,-11.025239281755272,-8.095767135839896,False,False,0.00035627800368440155,fit:association,-77.5,-82.5,0.14766343376989816,0.9538269654054107,42271.57128250858
N56,scan-fw-79c83446be2feec3,2026-10-02T10:22:37.285513-07:00,165829,gaussian30,fitted-c,True,9.580121502539475,9.580121502539475,0,119.43771336555108,2.787347380187513,True,37.81241622808028,-122.38702851911393,59.408984211579096,3137.3459873486677,0.8661916033541325,41761.51481544817,41832.37323942285,-5.156706673944538,-3.7372319288273017,-17.3919007995876,-10.145462401345569,-18.41982473139001,-16.744868671094697,-11.863833053633908,-8.934360907718531,False,False,9.003851289949541e-05,fit:association,-77.5,-82.5,0.20279263105475184,0.9538269654054107,41820.92379965975
N56,scan-fw-79c83446be2feec3,2026-10-02T10:22:37.285513-07:00,165829,smooth30,zero-c,True,2.970541628919811,2.970541628919811,0,139.73026241139402,2.885526367259628,True,37.85315298969422,-122.45232223128282,34.402701120008714,3173.0654907064063,0.8760534209570421,41956.57503439674,42016.45501496272,-1.086716792403568,-0.5387943822834019,-15.990565140255034,-8.49236057576505,-17.94681227577269,-11.902381332196828,-9.66671871642131,-6.659605054283067,False,False,0.0009295502341686648,fit:association,-82.5,-82.5,0.0,0.0,41990.977735516746
N56,scan-fw-79c83446be2feec3,2026-10-02T10:22:37.285513-07:00,165829,smooth30,fitted-c,True,6.818220937523096,6.818220937523096,0,127.11557203673776,2.0974207828260973,True,37.82588470935209,-122.41387064229565,35.65145811419643,3205.2065268736624,0.8849272575576097,41555.73402912202,41616.862766682185,-1.3089430687772203,-1.1306462362728755,-16.212791416628686,-9.084212429754523,-18.16903855214634,-12.124607608570479,-10.258570570410782,-7.25145690827254,False,False,5.432509149969934e-05,fit:association,-82.5,-82.5,0.0,0.0,41591.38548723621
N57,scan-fw-0413ae862099569c,2026-10-02T12:40:27.122749-07:00,165830,hard30,zero-c,True,6.189435659545318,6.189435659545318,0,127.90257137474747,6.189435659545318,True,37.833175420071,-122.41819971663585,61.02189775649822,2605.1027877745355,0.9347336877554846,31299.998156806083,31367.78865223596,-3.1364044311007464,-2.8761177938886218,-5.829350934719036,-3.211221603311809,-6.594579354865623,-4.737877924736464,-4.360963883568351,-2.1946381803428308,False,False,0.0001807631808377222,fit:association,-82.5,-87.5,0.0,0.0,31361.02005456258
N57,scan-fw-0413ae862099569c,2026-10-02T12:40:27.122749-07:00,165830,hard30,fitted-c,True,4.864328297029575,4.864328297029575,0,100.55301839577324,4.864328297001435,True,37.83937830519995,-122.43173069373408,61.12431660380753,2631.443617284109,0.9441850079957335,30728.59458421109,30796.487498488274,-2.275660666158521,-1.8722266395386498,-4.96860716977681,-2.2073304489618373,-5.733835589923396,-3.877134159794238,-3.3570727292183795,-1.1907470259928592,False,False,0.000257793697609518,fit:association,-82.5,-87.5,0.0,0.0,30789.718900814896
N57,scan-fw-0413ae862099569c,2026-10-02T12:40:27.122749-07:00,165830,gaussian60,zero-c,True,6.215260303000065,6.215260303000065,0,127.8741347290694,4.012662548340466,True,37.83317934289103,-122.41789145745595,21.792887367763324,2598.13730292177,0.9322344108079547,31249.203057105762,31277.75188140808,-3.260839996874163,-2.99271006406881,-5.804888824368401,-3.1953524885330014,-6.57758842905983,-4.692968742921135,-4.336790146004223,-2.203178550559847,False,False,0.00010024768073530615,fit:association,-82.5,-87.5,0.02448673876599129,0.008141560486084417,31270.995944473525
N57,scan-fw-0413ae862099569c,2026-10-02T12:40:27.122749-07:00,165830,gaussian60,fitted-c,True,4.834644751563024,4.834644751563024,0,100.68565319400594,4.834644751563024,True,37.8393207406654,-122.43209410199402,22.191381328254522,2624.4910810461533,0.9416903771245616,30678.572604527733,30707.508156842778,-2.458062427683154,-2.0333622163835616,-5.002111255177392,-2.236004640847753,-5.774810859868821,-3.8901911737301265,-3.3774422983189742,-1.2438307028745985,False,False,3.066561862265921e-05,fit:association,-82.5,-87.5,0.01272079100175484,0.008141560486084417,30700.76398585599
N57,scan-fw-0413ae862099569c,2026-10-02T12:40:27.122749-07:00,165830,smooth60,zero-c,True,6.189414644887481,6.189414644887481,0,127.97138669090529,2.3844887896906397,True,37.833224198689365,-122.41818158793355,21.792785744797584,2597.9847577091864,0.9321796762501566,31251.699470601998,31279.61931091794,-3.2622548172953363,-3.006092715734062,-5.797965620189919,-3.1878088131887488,-6.685734833505972,-4.695039824897524,-4.153053908244636,-2.2343861264879594,False,False,8.34716917007955e-06,fit:association,-82.5,-87.5,0.0,0.0,31273.492256346795
N57,scan-fw-0413ae862099569c,2026-10-02T12:40:27.122749-07:00,165830,smooth60,fitted-c,True,4.82094966842558,4.82094966842558,0,100.70958846017596,1.586720448605111,True,37.83931683170165,-122.4322552844893,22.195644176594215,2624.1228286474043,0.9415582449398652,30680.61563247459,30708.93833122233,-2.439103670313786,-2.027111824973138,-4.974814473208368,-2.2088279224278247,-5.862583686524421,-3.871888677915973,-3.1740730174837113,-1.2554052357270353,False,False,0.00018586579295389039,fit:association,-82.5,-87.5,0.0,0.0,30702.811276651184
N57,scan-fw-0413ae862099569c,2026-10-02T12:40:27.122749-07:00,165830,gaussian30,zero-c,True,6.195626375460624,6.195626375460624,0,127.88931912442416,5.748689261097765,True,37.83316150426257,-122.41813141195794,61.02402798148211,2605.1803691294886,0.9347615246248614,31299.46305437925,31367.410023757737,-3.172606919930944,-2.915213706173487,-5.816071878492503,-3.1993304548968897,-6.59100359008447,-4.716582795495123,-4.3533330843217355,-2.1816998484701826,False,False,3.2334750506347355e-06,fit:association,-82.5,-87.5,0.09281952810527733,0.035343146570240104,31360.48708236073
N57,scan-fw-0413ae862099569c,2026-10-02T12:40:27.122749-07:00,165830,gaussian30,fitted-c,True,4.859956912913161,4.859956912913161,0,100.51168583791753,4.838085555424304,True,37.83940807261251,-122.43177318638554,61.125182024931924,2631.437157931818,0.9441826903235803,30728.02466876261,30796.02512567679,-2.315651435410644,-1.9152969742202555,-4.959116393972202,-2.1994137229436586,-5.734048105564169,-3.8596273109748225,-3.3534163523685043,-1.1817831165169514,False,False,9.937129149276071e-05,fit:association,-82.5,-87.5,0.0451530203488832,0.035343146570240104,30789.14985078754
N57,scan-fw-0413ae862099569c,2026-10-02T12:40:27.122749-07:00,165830,smooth30,zero-c,True,6.481973885324822,6.481973885324822,0,126.36041459621893,3.3543518630189464,True,37.82823144193638,-122.41681199617057,61.958000955331954,2600.634640496439,0.9331304773937706,31294.267670983885,31362.81240002716,-2.3832426767587047,-2.1754726650814487,-5.20837250190481,-2.6563896170551007,-5.937441727385274,-4.117283334113345,-3.789361498922882,-1.6497233738651498,False,False,6.763901982313704e-05,fit:association,-82.5,-87.5,0.0,0.0,31356.225671939217
N57,scan-fw-0413ae862099569c,2026-10-02T12:40:27.122749-07:00,165830,smooth30,fitted-c,True,4.870436658585744,4.870436658585744,0,100.56753050845387,3.288314991310821,True,37.839419376482226,-122.4316475922986,61.12558536700453,2631.386859756514,0.9441646428979239,30729.00694654363,30796.71925999858,-2.1378465379966687,-1.7255130289465284,-4.962976363142774,-2.20642998092018,-5.692045588623238,-3.8718871953513085,-3.3394018627879616,-1.1997637377302293,False,False,0.00042627795325402007,fit:association,-82.5,-87.5,0.0,0.0,30790.132531910636
N58,scan-fw-141df6e440c30776,2026-10-02T13:28:52.105047-07:00,165830,hard30,zero-c,True,7.670713610374134,3.4097697721731732,0,135.19665085801984,0.03253062427604989,True,37.81335188499594,-122.41102194495406,78.68137171041599,2370.697617584965,0.8839290147594948,30796.203616182574,30890.045032214595,-1.2096643818860715,0.7662353893292229,-2.838502839349565,-2.659443433716538,-4.846845162057319,-1.0093725615345472,-3.7730326897385194,-1.744575299012541,False,False,0.0006155106709260227,fit:association,-65.0,-85.0,0.0,0.0,30874.88498789299
N58,scan-fw-141df6e440c30776,2026-10-02T13:28:52.105047-07:00,165830,hard30,fitted-c,True,2.831346677879243,2.831346677879243,0,136.1794454406335,0.8955141097025325,True,37.823608210726086,-122.48465553279247,6.117795187965385,2462.6786759990737,0.9182247114090506,30285.030429953506,30300.181014562677,1.2570282767769243,2.1518370706910392,-3.2350018416701705,-3.091748866928591,-4.692617716071727,-2.04006188242528,-4.528853873780496,-2.5213171141273216,False,False,0.00014460677992212106,fit:association,-82.5,-87.5,0.0,0.0,30291.14822514147
N58,scan-fw-141df6e440c30776,2026-10-02T13:28:52.105047-07:00,165830,gaussian60,zero-c,True,2.806928320345796,2.806928320345796,0,134.0153868100878,1.8424551437264565,True,37.824028024893174,-122.48159190883777,3.88869770585444,2433.903051560284,0.9074955449516346,30358.53949374658,30375.40354330404,0.8043801355197209,1.3467687330705187,-0.66755215890214,-0.282644671094306,-2.385303645466394,0.9873130623426236,-1.8260341348135114,0.987797496604438,False,False,0.00022377844972761235,fit:association,-82.5,-87.5,0.003076016778493868,0.006026965901292508,30362.428191452433
N58,scan-fw-141df6e440c30776,2026-10-02T13:28:52.105047-07:00,165830,gaussian60,fitted-c,True,5.106081742976347,5.106081742976347,0,132.69445465355074,2.3464781454600283,True,37.81044174233334,-122.4542915652718,3.906256496681818,2465.0382318646098,0.9191044861538441,30214.729635558568,30231.608858431366,0.36634607098735955,0.6467020844858237,-1.1055862234345013,-0.982711319679001,-2.8233377099987553,0.5492789978102623,-2.5261007833982063,0.287730848019743,False,False,2.35843550198977e-05,fit:association,-82.5,-87.5,0.0006905412872577313,0.006026965901292508,30218.63589205525
N58,scan-fw-141df6e440c30776,2026-10-02T13:28:52.105047-07:00,165830,smooth60,zero-c,True,3.5648451088957596,3.5648451088957596,0,129.18420667224737,2.204920214793097,True,37.81943641513633,-122.50128628322085,2.540524804360757,2402.9379717341803,0.8959500267465251,30341.981171488,30354.548758219902,-0.5704816950410989,-0.12067932240105429,0.09504678019809609,-0.041557379555020924,-1.4781833887202018,1.6214682551307713,-1.2568478068445441,1.0864524194776837,False,False,6.36882411840918e-05,fit:association,-87.5,-87.5,0.0,0.0,30344.521696292362
N58,scan-fw-141df6e440c30776,2026-10-02T13:28:52.105047-07:00,165830,smooth60,fitted-c,True,2.768206514854666,2.768206514854666,0,136.89450421464701,2.6015650448799925,True,37.825562073926825,-122.49617988653725,2.5868113282595004,2461.9685669398004,0.9179599429305744,30215.07425228463,30227.68812554043,-2.2569040372790887,-1.341438425408883,-1.5913755620398937,-1.2623164825628495,-3.1646057309581916,-0.0649540871072185,-2.4776069098523728,-0.13430668353014497,False,False,0.0003705221860029681,fit:association,-87.5,-87.5,0.0,0.0,30217.66106361289
N58,scan-fw-141df6e440c30776,2026-10-02T13:28:52.105047-07:00,165830,gaussian30,zero-c,True,3.4201322212706766,3.4201322212706766,0,129.28789493980696,2.194617427546308,True,37.819136063207516,-122.49478215817682,6.029149577588934,2396.6221996768327,0.893595152750497,30440.28049776738,30455.588313220236,4.241276913589664,4.769657174834947,-0.1971154561711641,-0.3800611375322882,-1.605669516973056,0.9377224304038683,-1.8230269281695797,0.17093984957352315,False,False,0.000576550432648891,fit:association,-82.5,-87.5,0.20369029711601577,0.23109462762340793,30446.30964734497
N58,scan-fw-141df6e440c30776,2026-10-02T13:28:52.105047-07:00,165830,gaussian30,fitted-c,True,2.9130265667523627,2.9130265667523627,0,136.04755768815195,1.8519158047853421,True,37.82293538232594,-122.48322106461771,5.926271938686192,2456.7572346290285,0.9160168660063492,30302.60649603291,30317.632284238483,1.0984412397558498,1.9239450590374625,-3.3399511300049785,-3.2257732533297725,-4.7485051908068705,-2.2051132434299463,-4.668739043967064,-2.674772266223961,False,False,0.00013578638668962362,fit:association,-82.5,-87.5,0.02454068873695517,0.23109462762340793,30308.532767971596
N58,scan-fw-141df6e440c30776,2026-10-02T13:28:52.105047-07:00,165830,smooth30,zero-c,True,4.215619322456913,4.215619322456913,0,129.42313757530496,0.05533959073226879,True,37.81486207750687,-122.50648493693208,19.78513692100023,2396.1984931100633,0.8934371711819774,30444.121774722436,30479.993752713137,-1.5808836186012427,-1.0242567362262844,0.8415041621128379,0.48588387112619746,-1.5710479790745149,2.7613447932010726,-0.4093658424713974,1.6272477308038231,False,False,0.00017480519536942907,fit:association,-90.0,-90.0,0.0,0.0,30463.906911643437
N58,scan-fw-141df6e440c30776,2026-10-02T13:28:52.105047-07:00,165830,smooth30,fitted-c,True,3.2130580710621754,3.2130580710621754,0,129.68886665071574,0.8677359588989705,True,37.83039369354147,-122.45782058085216,62.611104477859044,2452.9520733600207,0.9145980885011262,30219.43828349944,30301.805869594587,0.4579432428540086,0.8490572911740671,-3.626769215292495,0.14569102580980775,-5.278792683294708,-1.0688241986863032,-0.7154558605665009,1.1535998365935654,False,False,8.88527197042549e-06,fit:association,-77.5,-82.5,0.0,0.0,30282.0493879773
N59,scan-fw-f07a95cc25e3b0a3,2026-10-02T14:09:14.073237-07:00,165831,hard30,zero-c,True,2.104964770411785,2.104964770411785,0,110.47920398163802,1.3817269295373655,True,37.84478432480958,-122.46240025470837,9.999056626569654,3084.8105320256113,0.9347910703107913,37085.41530735904,37105.59740459808,2.7344128359247453,2.0073935527102336,19.612948450824497,7.520896681654565,18.61213584461054,20.73178522697868,6.639860336336335,8.986236384289072,False,False,7.913104434688345e-06,fit:association,-85.0,-85.0,0.0,0.0,37095.41436398561
N59,scan-fw-f07a95cc25e3b0a3,2026-10-02T14:09:14.073237-07:00,165831,hard30,fitted-c,True,2.139894987972531,2.139894987972531,0,101.54710271289488,1.7646215069307352,True,37.846548266146975,-122.4615916038549,10.024598636802693,3079.8466875499607,0.9332868750151396,36940.782109992,36960.989749241264,2.7782659480509264,1.601640348933876,19.65680156295068,7.115143477878208,18.65598895673672,20.775638339104862,6.234107132559978,8.580483180512715,False,False,0.0002955146418060217,fit:association,-85.0,-85.0,0.0,0.0,36950.8067086288
N59,scan-fw-f07a95cc25e3b0a3,2026-10-02T14:09:14.073237-07:00,165831,gaussian60,zero-c,True,1.700167838581331,1.700167838581331,0,112.88898115967476,1.700167838581331,True,37.84626601052537,-122.46671697127546,51.875150516169285,3090.863926447514,0.9366254322568225,37175.18979941275,37231.0095356684,1.1001977220306058,-1.3829399177475763,19.28499592910491,6.897407472284604,18.769142651083534,20.141759084157172,6.360359185336942,7.664405946826032,False,False,2.991007556361891e-05,fit:association,-82.5,-82.5,0.0039036973045762594,0.49906379841453186,37227.06494992892
N59,scan-fw-f07a95cc25e3b0a3,2026-10-02T14:09:14.073237-07:00,165831,gaussian60,fitted-c,True,1.7932556740253032,1.7932556740253032,0,105.00430138451014,1.7932556740152268,True,37.84692147990499,-122.46551128555473,51.90014944918835,3091.087353536571,0.9366931374353245,37024.69538351135,37080.54042528741,1.136326775335888,-1.4411763282115482,19.32112498241019,6.839171061820632,18.805271704388815,20.177888137462453,6.30212277487297,7.60616953636206,False,False,8.248761967994778e-05,fit:association,-82.5,-82.5,0.004210284686678222,0.49906379841453186,37076.59553296054
N59,scan-fw-f07a95cc25e3b0a3,2026-10-02T14:09:14.073237-07:00,165831,smooth60,zero-c,True,1.7648747034914463,1.7648747034914463,0,112.12707257859464,1.693196152430852,True,37.84744643421573,-122.46575837526466,33.70332158483507,3073.843276002802,0.9314676593947886,37243.51555126229,37292.75904805102,-4.6226044823714245,-5.526245870895996,19.553425159212868,7.10860228469691,17.831596955122613,21.03504500184941,6.17458558685161,8.187455374990213,False,False,0.0002464219910232228,fit:association,-85.0,-75.0,0.0,0.0,37277.21887284712
N59,scan-fw-f07a95cc25e3b0a3,2026-10-02T14:09:14.073237-07:00,165831,smooth60,fitted-c,True,1.8455244148633265,1.8455244148633265,0,105.065369521879,1.4343642842395734,True,37.84817080775219,-122.46476602758483,34.77762217273266,3075.424042964246,0.9319466796861351,37094.978403661444,37145.29620103807,-4.565152677043351,-5.60151022559304,19.610876964540942,7.033337929999866,17.889048760450688,21.092496807177486,6.0993212321545665,8.112191020293169,False,False,1.282055760029599e-05,fit:association,-85.0,-75.0,0.0,0.0,37129.75602583418
N59,scan-fw-f07a95cc25e3b0a3,2026-10-02T14:09:14.073237-07:00,165831,gaussian30,zero-c,True,1.7570654004361794,1.7570654004361794,0,112.93688461104648,0.9901990221299317,True,37.846094133366776,-122.46609858500435,51.88019675319902,3091.150369050537,0.9367122330456172,37175.00367304333,37231.574332046766,0.79274708304218,-1.6714752924172784,19.27084345284272,6.891951708798205,18.73946611517456,19.938770889513048,6.387817784202642,7.5989275319837,False,False,0.00023413897377774773,fit:association,-82.5,-82.5,0.017111387954166557,2.0738616372839114,37226.883869796526
N59,scan-fw-f07a95cc25e3b0a3,2026-10-02T14:09:14.073237-07:00,165831,gaussian30,fitted-c,True,1.8489426709009211,1.8489426709009211,0,105.11549212630834,1.7380747039437703,True,37.84673133063433,-122.46490422367245,51.9060385604218,3091.6259257437932,0.9368563411344828,37024.45708078937,37081.05490895344,0.8277826543408623,-1.7327793136712935,19.3058790241414,6.83064768754419,18.774501686473243,19.97380646081173,6.326513762948627,7.537623510729686,False,False,0.0007057341031479758,fit:association,-82.5,-82.5,0.01843874136357381,2.0738616372839114,37076.36311934979
N59,scan-fw-f07a95cc25e3b0a3,2026-10-02T14:09:14.073237-07:00,165831,smooth30,zero-c,True,2.335323050339689,2.335323050339689,0,109.4545724471772,0.9989498674662844,True,37.844662307432635,-122.45974697445013,64.84221235130099,3095.2693028115914,0.9379603947913914,37146.36000641248,37221.63185623682,5.056458400064247,3.250650063652375,19.369419425537647,6.959488132439626,18.327066026415167,20.128186915616144,6.031498022763601,8.465651699583333,False,False,5.407506169168217e-05,fit:association,-82.5,-87.5,0.0,0.0,37211.20221876378
N59,scan-fw-f07a95cc25e3b0a3,2026-10-02T14:09:14.073237-07:00,165831,smooth30,fitted-c,True,1.9681304904784407,1.9681304904784407,0,99.78199408563398,1.7443375733733022,True,37.84284149776412,-122.4647676604258,65.17718654939381,3098.422127127225,0.9389157960991591,36978.85426006977,37054.4610840922,5.017288277693948,2.9164469393280523,19.330249303167346,6.625285008115303,18.287895904044866,20.089016793245843,5.697294898439278,8.131448575259009,False,False,0.00015088337524614588,fit:association,-82.5,-87.5,0.0,0.0,37044.03144661916
N60,scan-fw-014c849a5aa7a409,2026-10-02T15:29:53.742131-07:00,165831,hard30,zero-c,True,3.4145365762041537,3.4145365762041537,0,113.21359091776796,3.256763850284909,True,37.82935471307849,-122.45592930457163,55.32296501698147,3012.8771015184966,0.9330681639883854,35897.65692921671,35962.2122447489,-2.0869046040070374,-0.6001641538805761,18.333951737864282,9.094589140771546,17.51610359433278,19.50654592588251,8.314596854956202,10.05118347335982,False,False,0.00031751486234161963,fit:association,-90.0,-70.0,0.0,0.0,35952.97989423369
N60,scan-fw-014c849a5aa7a409,2026-10-02T15:29:53.742131-07:00,165831,hard30,fitted-c,True,3.490478004782246,3.490478004782246,0,112.28458507001669,2.532941117146598,True,37.82889545614643,-122.45528840770524,53.199090092435654,3012.724768076917,0.9330209873263912,35875.838480880244,35938.26992148789,-2.135599177469145,-0.7060953996418177,18.285257164402175,8.988657895010304,17.467409020870672,19.457851352420402,8.20866560919496,9.945252227598578,False,False,5.68158867614299e-05,fit:association,-90.0,-70.0,0.0,0.0,35929.03757097268
N60,scan-fw-014c849a5aa7a409,2026-10-02T15:29:53.742131-07:00,165831,gaussian60,zero-c,True,4.08003121705996,4.08003121705996,0,108.13849252701971,1.696240021382519,True,37.81756663911693,-122.46190742653943,23.46710440320704,3028.5353046231044,0.9379174062010234,35643.165448777094,35678.91321344425,0.13360370085449602,0.6566816574733068,18.6610395364323,9.342943900459712,17.15852487577287,20.513532956582367,8.059342385386843,10.065337957457619,False,False,0.00013014912371002722,fit:association,-85.0,-85.0,0.0005613509351798837,0.5233962879942297,35666.6325531803
N60,scan-fw-014c849a5aa7a409,2026-10-02T15:29:53.742131-07:00,165831,gaussian60,fitted-c,True,4.148960063793238,4.148960063793238,0,107.02887041390132,2.5708315940165747,True,37.817412731283,-122.46072158135055,23.4575144535199,3027.991764304786,0.9377490753498873,35624.11514738439,35659.85311731109,0.05421127351536309,0.5313278363966896,18.581647109093165,9.217590079383095,17.079132448433736,20.434140529243233,7.933988564310226,9.939984136381002,False,False,3.398441008639521e-05,fit:association,-85.0,-85.0,0.00035656016488268104,0.5233962879942297,35647.57266183791
N60,scan-fw-014c849a5aa7a409,2026-10-02T15:29:53.742131-07:00,165831,smooth60,zero-c,True,3.4206098241207257,3.4206098241207257,0,110.20320924919353,1.1120223550896782,True,37.821510742224795,-122.46841430345586,23.446163050291943,3023.899957910461,0.9364818699010409,35699.16488586737,35731.06468315432,-1.0189577122464757,0.31954476822366196,18.55806089744873,9.277656594805096,17.28380213303738,20.05302155118077,8.486837675710815,10.173034436885652,False,False,0.00018779143467918986,fit:association,-97.5,-77.5,0.0,0.0,35722.611048917664
N60,scan-fw-014c849a5aa7a409,2026-10-02T15:29:53.742131-07:00,165831,smooth60,fitted-c,True,3.4649778288067576,3.4649778288067576,0,109.14346069947965,3.3328631204127555,True,37.82145044298946,-122.46745253040945,23.434492819600564,3023.920062609465,0.9364880961937023,35678.97098577532,35710.859112831575,-1.1095054978547363,0.1767687000562742,18.467513111840468,9.134880526637708,17.193254347429118,19.962473765572508,8.344061607543427,10.030258368718265,False,False,8.397923784957129e-05,fit:association,-97.5,-77.5,0.0,0.0,35702.40547859492
N60,scan-fw-014c849a5aa7a409,2026-10-02T15:29:53.742131-07:00,165831,gaussian30,zero-c,True,3.2865119819077755,3.2865119819077755,0,110.7573548180279,3.2865119819077755,True,37.82242379317229,-122.46952576380717,23.44157440637412,3022.2833175127244,0.9359812070339809,35716.198744674286,35749.765210499536,-1.0301561497506158,0.1519305593812718,18.4784328424579,9.232192368965418,17.143307494108203,19.650819716939836,8.431946705461018,10.0960023949432,False,False,0.00023539269014151605,fit:association,-97.5,-77.5,0.005421522938714596,2.315180994987558,35739.64031908066
N60,scan-fw-014c849a5aa7a409,2026-10-02T15:29:53.742131-07:00,165831,gaussian30,fitted-c,True,3.3295966874946865,3.3295966874946865,0,109.7036412230771,3.3295966874946865,True,37.822368977373856,-122.4685601228063,23.429960203706788,3022.4022175487153,0.9360180295908068,35695.746039146245,35729.30167791134,-1.114214863905783,0.016072556995754383,18.394374128302733,9.0963343665799,17.059248779953037,19.56676100278467,8.2960887030755,9.960144392557682,False,False,1.5524793686024288e-05,fit:association,-97.5,-77.5,0.00620866545018482,2.315180994987558,35719.17599934995
N60,scan-fw-014c849a5aa7a409,2026-10-02T15:29:53.742131-07:00,165831,smooth30,zero-c,True,4.270508786746363,4.270508786746363,0,107.45321483360763,3.8719530136980747,True,37.81724547238766,-122.45850900893736,23.461211056477623,3029.7285056877645,0.9382869326998342,35626.21693174995,35663.67863607147,0.9044118394203645,0.995365124232238,18.561787780230624,9.340910846410349,17.215518788211472,20.872997253082758,7.849692370086309,10.250493471298663,False,False,0.00011610170256433827,fit:association,-82.5,-87.5,0.0,0.1412329378159441,35649.67814280643
N60,scan-fw-014c849a5aa7a409,2026-10-02T15:29:53.742131-07:00,165831,smooth30,fitted-c,True,4.3547161708348785,4.3547161708348785,0,106.36671788411749,3.595915627415979,True,37.817029075835606,-122.45721789381673,23.453132125789125,3029.0543674500022,0.9380781565345315,35608.02048572869,35645.47411111952,0.828587556530131,0.8786845856826632,18.48596349734039,9.224230307860774,17.139694505321238,20.797172970192527,7.733011831536734,10.133812932749088,False,False,8.49506200956589e-06,fit:association,-82.5,-87.5,0.0,0.1412329378159441,35631.47361785448
N61,scan-fw-899ed3021076a871,2026-10-02T16:02:08.586744-07:00,165831,hard30,zero-c,True,1.9368779730814731,1.9368779730814731,0,80.53731182947362,1.2140682410958634,True,37.83780619519157,-122.50259494593463,4.066214916550962,2969.295650273307,0.9621826475286153,33695.7071248657,33704.53550748156,1.8931782461705335,1.3930576326986015,-7.745382437232005,-3.415795394639728,-8.596392877033804,-7.007847138108806,-3.9538675154418383,-2.0884085567959536,False,False,6.0108083841659e-05,fit:own-continuation,-85.0,-85.0,0.0,0.0,33699.77333978225
N61,scan-fw-899ed3021076a871,2026-10-02T16:02:08.586744-07:00,165831,hard30,fitted-c,True,1.9305743647333702,1.9305743647333702,0,80.25544032878742,1.710296986947948,True,37.83767728454711,-122.50236053444382,4.067089630574628,2969.8411410250583,0.9623594105719566,33688.99885752029,33697.82811485017,1.8371115206445743,1.3551352708281086,-7.801449162757963,-3.4537177565102213,-8.652459602559762,-7.063913863634765,-3.991789877312332,-2.1263309186664467,False,False,8.442204370140861e-05,fit:association,-85.0,-85.0,0.0,0.0,33693.06594715086
N61,scan-fw-899ed3021076a871,2026-10-02T16:02:08.586744-07:00,165831,gaussian60,zero-c,True,1.9318742103334117,1.9318742103334117,0,80.54434965654785,0.5814734824427482,True,37.83794205336325,-122.5026649346703,4.061998040063074,2969.4285896568495,0.9622257257475209,33695.40890767677,33703.493067016025,1.9393675287356786,1.4018923765130273,-7.726724891809539,-3.3614037288699388,-8.456932072529353,-7.072366971537909,-3.8555589079051504,-2.065183327428799,False,False,0.00010987954650480236,fit:association,-85.0,-85.0,0.007158060808549596,0.14515291558759777,33699.47090571684
N61,scan-fw-899ed3021076a871,2026-10-02T16:02:08.586744-07:00,165831,gaussian60,fitted-c,True,1.9245092882655106,1.9245092882655106,0,80.24119880497321,0.5444072900567978,True,37.83780760494969,-122.50241154603957,4.062935047280134,2969.9731178631046,0.9624021768837021,33688.34125872824,33696.42593196007,1.8805310180676227,1.3607204066206748,-7.785561402477595,-3.4025756987622913,-8.51576858319741,-7.131203482205965,-3.896730877797503,-2.1063552973211515,False,False,0.0001182872113155535,fit:association,-85.0,-85.0,0.00673494616863548,0.14515291558759777,33692.40419377552
N61,scan-fw-899ed3021076a871,2026-10-02T16:02:08.586744-07:00,165831,smooth60,zero-c,True,2.0550275580173376,2.0550275580173376,0,80.17724144508722,0.8667839234019641,True,37.835422187409755,-122.50155419056306,6.624861626238271,2969.6834834463807,0.9623083225684966,33688.073595662616,33709.422015428405,5.181578661715392,3.1048677129111737,-7.801254317348258,-3.3702289855041303,-9.030827409097258,-6.25465565255133,-4.873950981073746,-0.8720516102412597,False,False,0.0007178425794799048,fit:association,-92.5,-87.5,0.0,0.0,33694.698457288854
N61,scan-fw-899ed3021076a871,2026-10-02T16:02:08.586744-07:00,165831,smooth60,fitted-c,True,2.05208109128437,2.05208109128437,0,79.90402938183333,0.8994565879496662,True,37.83529117427408,-122.50132062115385,6.624692326840886,2970.1882846863828,0.9624719004168447,33681.747315310495,33703.095565776886,5.122624942996457,3.062259500699618,-7.860208036067193,-3.412837197715686,-9.089781127816192,-6.313609371270264,-4.916559193285302,-0.9146598224528155,False,False,0.0002987107597597939,fit:association,-92.5,-87.5,0.0,0.0,33688.372007637336
N61,scan-fw-899ed3021076a871,2026-10-02T16:02:08.586744-07:00,165831,gaussian30,zero-c,True,1.946616591331798,1.946616591331798,0,80.33412438568823,1.3727812695867,True,37.83782163244938,-122.50275633428284,4.063218877162348,2969.494285938678,0.962247014238068,33692.1117441817,33700.73224677069,1.5984944489664312,1.0841229749768158,-7.715623067587611,-3.3512625577836177,-8.501735706531095,-7.0502532129501265,-3.909758007659665,-2.0851573716193883,False,False,8.70771217002797e-06,fit:association,-85.0,-85.0,0.01865253564124538,0.5321271496819968,33696.17496305886
N61,scan-fw-899ed3021076a871,2026-10-02T16:02:08.586744-07:00,165831,gaussian30,fitted-c,True,1.9391276737239498,1.9391276737239498,0,80.0319381219016,0.6280223769182971,True,37.83768502125764,-122.50249772020598,4.064210060412217,2970.043582029774,0.9624250103790583,33685.04073071487,33693.66083879254,1.5387671333760409,1.0419039888561963,-7.775350383178001,-3.3934815439042367,-8.561463022121485,-7.109980528540516,-3.951976993780284,-2.1273763577400073,False,False,0.00015313848949392167,fit:association,-85.0,-85.0,0.017266841063763853,0.5321271496819968,33689.10494077528
N61,scan-fw-899ed3021076a871,2026-10-02T16:02:08.586744-07:00,165831,smooth30,zero-c,True,1.9508258993697338,1.9508258993697338,0,80.65691909478525,1.615241304581989,True,37.83782390777099,-122.50282119508715,4.06534407746949,2969.3239381357243,0.9621918140426845,33697.289161693014,33705.53566300489,1.9355755602002127,1.4911752946159127,-7.724850774412627,-3.377428372953729,-8.495013033043904,-7.064410763121513,-3.912196913496796,-1.9779214106507128,False,False,0.00019855272839252604,fit:association,-85.0,-85.0,0.0,0.0,33701.35450577048
N61,scan-fw-899ed3021076a871,2026-10-02T16:02:08.586744-07:00,165831,smooth30,fitted-c,True,1.9437215166765207,1.9437215166765207,0,80.35402853111026,0.9944106705891866,True,37.837689332146816,-122.5025713377526,4.066286854606005,2969.876323534062,0.9623708112553668,33690.18893210034,33698.436376189355,1.876852722471281,1.4504969497897222,-7.783573612141559,-3.4181067177799194,-8.553735870772835,-7.123133600850446,-3.9528752583229867,-2.0185997554769033,False,False,5.3665362236857746e-05,fit:association,-85.0,-85.0,0.0,0.0,33694.255218954946
N62,scan-fw-7d0cf5aee5c7927b,2026-10-02T16:58:36.104199-07:00,165831,hard30,zero-c,True,3.483212647013744,3.483212647013744,0,116.4866687245541,2.8530082105371695,True,37.833075543135784,-122.45163845297944,3.2576245088057476,2674.981015393105,0.9252788015887599,32668.388742424082,32675.703463159476,1.1880674139008576,-0.09266079937029435,-8.08831618574236,-3.8646904023866915,-9.06503299007881,-7.272117966584765,-4.4036557810525325,-3.3350186532639534,False,False,0.0004072855922928123,fit:own-continuation,-85.0,-85.0,0.0,0.0,32671.646366932888
N62,scan-fw-7d0cf5aee5c7927b,2026-10-02T16:58:36.104199-07:00,165831,hard30,fitted-c,True,3.369136248878911,3.369136248878911,0,97.45946821120572,0.691737702908428,True,37.83331782807394,-122.4529694596131,3.3497829153238854,2735.790736983545,0.9463129494927516,32134.78700536833,32142.19388451024,0.6105726545016396,-0.18373673926989686,-8.665810945141578,-3.955766342286294,-9.642527749478027,-7.849612725983982,-4.494731720952135,-3.426094593163556,False,False,0.00020753121921428946,fit:association,-85.0,-85.0,0.0,0.0,32138.136788283653
N62,scan-fw-7d0cf5aee5c7927b,2026-10-02T16:58:36.104199-07:00,165831,gaussian60,zero-c,True,2.849362913478073,2.849362913478073,0,117.45088757588556,1.9583460764370326,True,37.83519733936309,-122.45846141443697,5.596556246638318,2675.0442534006993,0.9253006756833965,32683.96751001068,32697.711453989687,-1.2350181634599284,-1.8591105568874087,-7.719715472711464,-3.573874085142321,-8.789036995640375,-6.492808894075389,-4.527366098991758,-2.4221211652474652,False,False,0.00024256220532256623,fit:association,-97.5,-82.5,0.006226952408507681,0.056239641438059165,32689.564066257317
N62,scan-fw-7d0cf5aee5c7927b,2026-10-02T16:58:36.104199-07:00,165831,gaussian60,fitted-c,True,2.94275717044418,2.94275717044418,0,97.84666171718449,2.9427571703665656,True,37.83506395927208,-122.45730967128706,5.756115393525589,2733.0799473797324,0.9453752844620312,32152.098496362323,32166.00657726252,-2.028911088643163,-2.1277455589299294,-8.513608397894698,-3.842509087184842,-9.58292992082361,-7.2867018192586235,-4.796001101034279,-2.6907561672899867,False,False,0.0002909610483232544,fit:association,-97.5,-82.5,0.010804726711456528,0.056239641438059165,32157.854611755847
N62,scan-fw-7d0cf5aee5c7927b,2026-10-02T16:58:36.104199-07:00,165831,smooth60,zero-c,True,4.0545963594678485,4.0545963594678485,0,114.79123829044552,3.1121657968906136,True,37.83513529017979,-122.44307834788029,83.8133823866956,2649.024461696359,0.9163004018320163,32744.71930777149,32831.94242584879,1.5773639682623146,-0.272368993730486,-8.79795086064063,-4.348915706933694,-10.012939133931265,-8.012171636518918,-4.776557948593454,-4.106794015719735,False,False,0.0006909426792696127,fit:association,-72.5,-87.5,0.0,0.0,32828.53269015819
N62,scan-fw-7d0cf5aee5c7927b,2026-10-02T16:58:36.104199-07:00,165831,smooth60,fitted-c,True,2.9097843338443985,2.9097843338443985,0,96.87935216736128,2.909784333831676,True,37.838074992620044,-122.45567634856693,80.88191917023869,2710.8716400668886,0.937693407148699,32223.67624340194,32307.967898262785,1.2840763260699433,0.035653090640419514,-9.091238502833,-4.0408936225627885,-10.306226776123637,-8.30545927871129,-4.468535864222549,-3.798771931348829,False,False,2.64058134377132e-05,fit:association,-72.5,-87.5,0.0,0.0,32304.55816257218
N62,scan-fw-7d0cf5aee5c7927b,2026-10-02T16:58:36.104199-07:00,165831,gaussian30,zero-c,True,3.2752460193539368,3.2752460193539368,1,120.98877754930345,2.2737124818760055,True,37.83063201757112,-122.45665462673595,107.10443432733655,2636.049632241709,0.9118123944108297,33031.43162228975,33147.975511404235,3.3352380923807807,2.30032517150468,-8.70739285708183,-4.234482905289504,-9.7390318238539,-7.023207773720435,-5.200085565749988,-3.136929790963632,False,False,0.00046252577566943676,fit:association,-97.5,-92.5,0.08207654513762912,0.9386433839274463,33138.536056617086
N62,scan-fw-7d0cf5aee5c7927b,2026-10-02T16:58:36.104199-07:00,165831,gaussian30,fitted-c,True,3.2059721027850583,3.2059721027850583,1,107.42275479747975,2.2311228711757414,True,37.833173932161195,-122.45528428013516,107.675930103538,2698.633229244259,0.9334601277219851,32578.979963968282,32696.09180990077,3.0914525341582144,2.4800077853209683,-8.951178415304396,-4.0548002914732155,-9.982817382076465,-7.2669933319430005,-5.0204029519337,-2.9572471771473436,False,False,0.00012027330401132713,fit:association,-97.5,-92.5,0.0785375869310293,0.9386433839274463,32686.65589407182
N62,scan-fw-7d0cf5aee5c7927b,2026-10-02T16:58:36.104199-07:00,165831,smooth30,zero-c,True,3.449111834077468,3.449111834077468,0,116.3378906864514,2.8234164121195406,True,37.83311086501662,-122.45206389817142,3.2555763901909813,2675.9600522616392,0.9256174514914006,32662.306824573952,32671.0998509502,1.8142504812353277,0.8920389624688022,-8.03633972090358,-3.8381966091079582,-9.258560772164365,-7.233737119084628,-4.4216230808613695,-3.3114738354205215,False,False,3.602728001510821e-05,fit:association,-85.0,-85.0,0.0,0.0,32665.562400964143
N62,scan-fw-7d0cf5aee5c7927b,2026-10-02T16:58:36.104199-07:00,165831,smooth30,fitted-c,True,3.3738119991640687,3.3738119991640687,0,96.982193313152,2.8154003516816113,True,37.83325377865663,-122.45295652167349,3.3494129358659848,2736.491599932576,0.946555378738352,32125.20272241369,32134.089585335612,1.2434400800390473,0.804416942616991,-8.607150122099862,-3.9258186289597696,-9.829371173360649,-7.804547520280909,-4.509245100713181,-3.399095855272333,False,False,0.00022238059222733086,fit:association,-85.0,-85.0,0.0,0.0,32128.552135349557
N63,scan-fw-53a2d7317ffe4200,2026-10-02T17:58:25.734637-07:00,165832,hard30,zero-c,True,1.98218247122352,1.98218247122352,0,131.65849061921136,1.5811924870500857,True,37.835130184196345,-122.4998464603666,2.0391076340383734,2587.9547729042174,0.9560231891038853,29941.36674439226,29945.885667110677,2.405606965910066,2.9046414768987114,-3.084099476515197,-0.6200048810307552,-3.938368918513654,-2.6222732353408036,-0.982840092724226,-0.043499642015302986,False,False,5.6639501881238646e-05,fit:association,-85.0,-85.0,0.0,0.0,29943.4058520263
N63,scan-fw-53a2d7317ffe4200,2026-10-02T17:58:25.734637-07:00,165832,hard30,fitted-c,True,0.6541333581421248,0.6541333581421248,0,81.82106122695775,0.5166883287294881,True,37.84320533352935,-122.48652853725446,1.9057498172951455,2626.155920151391,0.9701351755269269,28976.218132112186,28982.11329753749,-0.5876476953596105,-0.0727846842369214,-4.9345357665395415,-1.768709821806929,-5.392908072173761,-3.8404864994079646,-2.2887845063323025,-0.6331888976843087,False,False,6.688588485407866e-05,fit:association,-97.5,-82.5,0.0,0.0,28978.12388192948
N63,scan-fw-53a2d7317ffe4200,2026-10-02T17:58:25.734637-07:00,165832,gaussian60,zero-c,True,2.139198783530109,2.139198783530109,0,131.2263179057454,1.7964197118480387,True,37.83355124756926,-122.50017630904338,2.065937967753898,2587.8369398954583,0.9559796601017577,29933.03409516991,29943.161421872985,2.0056233300943305,3.669025993017644,-2.882599805459609,-0.47655499590325645,-4.6610409507983785,-1.8286285429426865,-1.4092073782436478,0.4648042074611056,False,False,0.0005070986550430069,fit:association,-82.5,-87.5,0.021855345849572223,0.051350708948333976,29935.100033137664
N63,scan-fw-53a2d7317ffe4200,2026-10-02T17:58:25.734637-07:00,165832,gaussian60,fitted-c,True,0.6104342414472164,0.6104342414472164,0,81.9257138744457,0.6104342414472164,True,37.84357529623583,-122.48614781029373,1.9016342645709488,2626.0285056510565,0.9700881070007598,28978.160584225137,28983.868070921315,-0.47579145066333584,-0.025563394233323846,-5.018277320885268,-1.8110357757791369,-5.4567144665417615,-3.912329129137102,-2.2763988706205502,-0.6035855427946502,False,False,7.434440952467877e-05,fit:association,-97.5,-82.5,0.0002837887395613123,0.029777611883035973,28980.062218489707
N63,scan-fw-53a2d7317ffe4200,2026-10-02T17:58:25.734637-07:00,165832,smooth60,zero-c,True,2.0408103206840957,2.0408103206840957,0,131.57579107493504,0.923397266688509,True,37.83471680004956,-122.50026085655188,2.046132564482832,2587.8426656694733,0.9559817752750178,29939.98913694767,29945.144133231577,2.2847900672388652,2.791171097506496,-3.0110215103803206,-0.5687055551194398,-3.8646495965842673,-2.361731568774564,-1.0051775856317247,0.07373485285575232,False,False,5.770873980647309e-05,fit:association,-85.0,-85.0,0.0,0.0,29942.035269512155
N63,scan-fw-53a2d7317ffe4200,2026-10-02T17:58:25.734637-07:00,165832,smooth60,fitted-c,True,0.8719630680906322,0.8719630680906322,0,81.64133244065434,0.5813996322427321,True,37.841235018967474,-122.48503768010916,1.919491466745967,2627.0967599987084,0.9704827336530139,28969.749737452046,28974.778092638215,0.4187442797173001,1.6510977860586413,-4.877067297901886,-1.7087788665672945,-5.730695384105832,-4.227777356296129,-2.1452508970795794,-1.0663384585921025,False,False,5.529008137433565e-05,fit:association,-85.0,-85.0,0.0,0.0,28971.669228918792
N63,scan-fw-53a2d7317ffe4200,2026-10-02T17:58:25.734637-07:00,165832,gaussian30,zero-c,True,2.1322269176867854,2.1322269176867854,0,131.18351465096313,1.4093052451311237,True,37.83363002718298,-122.50017788618536,2.063835672068311,2588.0262531716858,0.9560495948177635,29931.640140171756,29941.518271648467,2.2027172782025213,3.8666859197035466,-2.8564824597980403,-0.5097601858408369,-4.729923027962247,-1.8545297472471696,-1.3666619400300664,0.1809743447397567,False,False,5.7663855802206235e-05,fit:association,-82.5,-87.5,0.09901611704662791,0.22374391251859777,29933.703975843826
N63,scan-fw-53a2d7317ffe4200,2026-10-02T17:58:25.734637-07:00,165832,gaussian30,fitted-c,True,0.6795475385602605,0.6795475385602605,0,81.69255903092123,0.6275279684757172,True,37.84295688687825,-122.486237936804,1.9052559201234125,2626.3603764331788,0.9702107042605019,28973.502687319422,28978.162766756952,-0.7976844895410385,0.12844432667240777,-4.807438469244382,-1.7213863900988546,-5.181202894088274,-3.6419949167616408,-2.1740399987752173,-0.94436290789481,False,False,0.00014632390097707053,fit:association,-97.5,-82.5,0.0032639924495433776,0.09750000329228646,28975.407943239545
N63,scan-fw-53a2d7317ffe4200,2026-10-02T17:58:25.734637-07:00,165832,smooth30,zero-c,True,2.037095786299434,2.037095786299434,0,131.6063466580781,1.8071626294977476,True,37.83480021562659,-122.50032484922664,2.044164568607812,2587.9193158442667,0.9560100908179782,29940.402434287607,29945.16636383582,2.3343967186087466,2.8834323756180753,-3.001747599369531,-0.5967577757536984,-3.8431168583877398,-2.3772266688105175,-0.9914739781193418,-0.12623658382960717,False,False,2.3105355636890423e-05,fit:association,-85.0,-85.0,0.0,0.0,29942.446598856215
N63,scan-fw-53a2d7317ffe4200,2026-10-02T17:58:25.734637-07:00,165832,smooth30,fitted-c,True,0.8639418992889961,0.8639418992889961,0,81.64663409369167,0.5849461089838569,True,37.841304504987235,-122.48508872177779,1.9180101064557675,2627.1303065537345,0.9704951261742647,28969.69177456425,28974.32954965031,0.4705356083772767,1.7464822254017662,-4.865608709601001,-1.7337079259700074,-5.70697796861921,-4.241087779041988,-2.128424128335651,-1.2631867340459162,False,False,2.6481786018540097e-05,fit:association,-85.0,-85.0,0.0,0.0,28971.609784670705
N64,scan-fw-cf8c0236d99c3e68,2026-10-02T19:35:07.757535-07:00,165832,hard30,zero-c,True,1.3341878964743064,1.3341878964743064,0,120.62715439421953,0.40843149494031294,True,37.86083943741571,-122.48288792442726,10.740627922175918,2154.6024581162783,0.9110369801760162,26791.569480061335,26803.5209512179,-1.0348825453920072,-0.8775362993003171,1.0841539642310858,1.962343683365515,0.5408400138132992,1.5193158472931068,1.5272998658889314,2.2320645937015584,False,False,2.2618072711868067e-05,fit:association,-105.0,-85.0,0.0,0.0,26802.31010798351
N64,scan-fw-cf8c0236d99c3e68,2026-10-02T19:35:07.757535-07:00,165832,hard30,fitted-c,True,1.3866720421380445,1.3866720421380445,0,84.93341448546498,1.3866720421180698,True,37.84520943679089,-122.50077733026295,10.416595513110224,2267.8665122310813,0.9589287578144107,25859.02923600802,25870.65667475552,-0.49637863887510025,-1.2254500840418954,1.6226578707479926,1.6144298986239367,1.079343920330206,2.0578197538100134,1.1793860811473533,1.88415080895998,False,False,0.00012384727702285966,fit:association,-105.0,-85.0,0.0,0.0,25869.44583152113
N64,scan-fw-cf8c0236d99c3e68,2026-10-02T19:35:07.757535-07:00,165832,gaussian60,zero-c,True,1.2510322971548868,1.2510322971548868,0,123.32110133405041,0.49467821246162463,True,37.859497407548226,-122.48044717921876,1.6133317428581466,2170.420758300097,0.9177254791966584,26718.323228426925,26722.458436504825,-2.4656934697213164,-1.115732413692626,1.0211372252594377,1.320517883953847,0.23911427627462334,1.864925023218274,0.9048276345196893,1.4685753368174135,False,False,9.78057533672854e-06,fit:association,-87.5,-77.5,0.009155628881988398,0.022616629760303122,26719.936560169783
N64,scan-fw-cf8c0236d99c3e68,2026-10-02T19:35:07.757535-07:00,165832,gaussian60,fitted-c,True,1.0644598015395665,1.0644598015395665,0,84.57180595720891,0.9523085551784438,True,37.845998776913774,-122.49724295472907,1.5596573328682426,2276.854845030861,0.9627293213661146,25770.699641905703,25774.777958512008,-1.909143366878906,-1.051677434487129,1.5776873281018482,1.3845728631593441,0.7956643791170338,2.4214751260606846,0.9688826137251865,1.5326303160229107,False,False,0.0006264006484008759,fit:association,-87.5,-77.5,0.005938567276883943,0.022616629760303122,25772.259299238573
N64,scan-fw-cf8c0236d99c3e68,2026-10-02T19:35:07.757535-07:00,165832,smooth60,zero-c,True,24.454948883120036,24.454948883120036,0,141.75761790767314,24.45494888311303,False,37.9007558660648,-122.21494394975446,129.89289082885807,1974.735967460477,0.8349834957549586,27901.778327027816,28036.098175111743,-4.34042038287918,-2.1646550251975007,0.29223514479870083,0.8342385054269457,-0.990054728773808,1.3884515942049467,0.06654905538523603,1.2131743590719615,False,False,3.82603055762154e-05,fit:association,-50.0,-70.0,0.0,0.0,28031.671217856674
N64,scan-fw-cf8c0236d99c3e68,2026-10-02T19:35:07.757535-07:00,165832,smooth60,fitted-c,True,26.790829756458383,26.790829756458383,0,129.58376119278066,26.790829756458383,False,37.912446245328276,-122.19125359276896,130.8329227277718,2064.667637814887,0.8730095720147513,27374.06500487357,27509.32488485641,-6.087240882413587,-2.746979682437575,-1.4545853547357064,0.25191384818687146,-2.7368752283082154,-0.35836890532946053,-0.5157756018548382,0.6308497018318874,False,False,9.80019540401389e-05,fit:association,-50.0,-70.0,0.0,0.0,27504.89792760134
N64,scan-fw-cf8c0236d99c3e68,2026-10-02T19:35:07.757535-07:00,165832,gaussian30,zero-c,True,107.22498068075866,107.22498068075866,0,160.91851874108653,31.700380539705478,False,38.58928793273987,-121.69912694520539,625.0768850639932,1829.9589592044879,0.7737670017777961,28715.039924729113,29344.924130452615,2.593467664521565,3.46022928021025,-12.930063959340217,-12.46851720845409,-13.42708072169922,-11.631204514465228,-12.603480559147545,-12.251554786054893,False,False,0.00015651217398184383,fit:association,-17.5,-2.5,0.09349630599271644,2.4735249938858668,29340.116809793108
N64,scan-fw-cf8c0236d99c3e68,2026-10-02T19:35:07.757535-07:00,165832,gaussian30,fitted-c,True,108.45848690096494,108.45848690096494,0,146.86904719435407,20.321884730045955,False,38.602659067521394,-121.69746650297095,630.1816555279856,1868.8785623579142,0.7902234935974267,28346.199895576872,28981.18343185264,2.976004824774401,2.958829859350668,-12.54752679908738,-12.969916629313671,-13.044543561446384,-11.248667354212392,-13.104879980007127,-12.752954206914474,False,False,0.0004954977082305134,fit:association,-17.5,-2.5,0.08805639426832804,2.4735249938858668,28976.381551104856
N64,scan-fw-cf8c0236d99c3e68,2026-10-02T19:35:07.757535-07:00,165832,smooth30,zero-c,True,0.742706781453028,0.742706781453028,0,136.78123651255507,0.742706781453028,True,37.85233231660439,-122.4931265176965,100.51752910059739,2126.5492638290366,0.8991751644097407,27303.458736743458,27408.04148541269,-17.304245391096025,3.8900025133953653,1.9303791637767382,2.301977941322665,1.1931237203791811,2.5388999113580955,1.0032042862705963,2.7499541864103505,False,False,0.0002531032933604238,fit:association,-102.5,-67.5,0.10619093644774544,0.3586409024146269,27403.976265844056
N64,scan-fw-cf8c0236d99c3e68,2026-10-02T19:35:07.757535-07:00,165832,smooth30,fitted-c,True,1.4514223538505218,1.4514223538505218,0,90.82874683568629,1.114876517381519,True,37.848128925048805,-122.50224346990082,101.11426825366394,2193.920477753686,0.9276619356252372,26404.41383167288,26509.590170503598,-17.269823174476763,3.3593296774512553,1.9648013803960005,1.7713051053785551,1.2275459369984434,2.5733221279773577,0.47253145032648636,2.2192813504662405,False,False,6.922044193492793e-05,fit:association,-102.5,-67.5,0.10304194486783534,0.3586409024146269,26505.52809992654
